[2025-09-19T11:35:37.269+0000] {manager.py:470} INFO - Processing files using up to 2 processes at a time 
[2025-09-19T11:35:37.270+0000] {manager.py:471} INFO - Process each file at most once every 30 seconds
[2025-09-19T11:35:37.271+0000] {manager.py:472} INFO - Checking for new files in /opt/airflow/dags every 300 seconds
[2025-09-19T11:35:37.272+0000] {manager.py:737} INFO - Searching for files in /opt/airflow/dags
[2025-09-19T11:35:37.298+0000] {manager.py:740} INFO - There are 2 files in /opt/airflow/dags
[2025-09-19T11:35:37.401+0000] {manager.py:878} INFO - 
================================================================================
DAG File Processing Stats

File Path                                           PID  Runtime      # DAGs    # Errors  Last Runtime    Last Run
------------------------------------------------  -----  ---------  --------  ----------  --------------  ----------
/opt/airflow/dags/etl_timeseries_csv_pipeline.py    178  0.05s             0           0
/opt/airflow/dags/timeseries_pipeline.py            181  0.04s             0           0
================================================================================
[2025-09-19T11:36:07.764+0000] {manager.py:878} INFO - 
================================================================================
DAG File Processing Stats

File Path                                           PID  Runtime      # DAGs    # Errors  Last Runtime    Last Run
------------------------------------------------  -----  ---------  --------  ----------  --------------  -------------------
/opt/airflow/dags/etl_timeseries_csv_pipeline.py    188  0.02s             1           0  0.15s           2025-09-19T11:35:37
/opt/airflow/dags/timeseries_pipeline.py            191  0.01s             0           1  0.08s           2025-09-19T11:35:37
================================================================================
[2025-09-19T11:36:38.289+0000] {manager.py:878} INFO - 
================================================================================
DAG File Processing Stats

File Path                                           PID  Runtime      # DAGs    # Errors  Last Runtime    Last Run
------------------------------------------------  -----  ---------  --------  ----------  --------------  -------------------
/opt/airflow/dags/etl_timeseries_csv_pipeline.py    198  0.03s             1           0  0.18s           2025-09-19T11:36:07
/opt/airflow/dags/timeseries_pipeline.py            201  0.01s             0           1  0.08s           2025-09-19T11:36:07
================================================================================
[2025-09-19T11:37:08.733+0000] {manager.py:878} INFO - 
================================================================================
DAG File Processing Stats

File Path                                           PID  Runtime      # DAGs    # Errors  Last Runtime    Last Run
------------------------------------------------  -----  ---------  --------  ----------  --------------  -------------------
/opt/airflow/dags/etl_timeseries_csv_pipeline.py    208  0.03s             1           0  0.38s           2025-09-19T11:36:38
/opt/airflow/dags/timeseries_pipeline.py            211  0.00s             0           1  0.09s           2025-09-19T11:36:38
================================================================================
[2025-09-19T11:37:39.227+0000] {manager.py:878} INFO - 
================================================================================
DAG File Processing Stats

File Path                                           PID  Runtime      # DAGs    # Errors  Last Runtime    Last Run
------------------------------------------------  -----  ---------  --------  ----------  --------------  -------------------
/opt/airflow/dags/etl_timeseries_csv_pipeline.py    218  0.02s             1           0  0.14s           2025-09-19T11:37:08
/opt/airflow/dags/timeseries_pipeline.py            221  0.01s             0           1  0.08s           2025-09-19T11:37:08
================================================================================
[2025-09-19T11:38:09.670+0000] {manager.py:878} INFO - 
================================================================================
DAG File Processing Stats

File Path                                           PID  Runtime      # DAGs    # Errors  Last Runtime    Last Run
------------------------------------------------  -----  ---------  --------  ----------  --------------  -------------------
/opt/airflow/dags/etl_timeseries_csv_pipeline.py    228  0.02s             1           0  0.14s           2025-09-19T11:37:39
/opt/airflow/dags/timeseries_pipeline.py            231  0.00s             0           1  0.07s           2025-09-19T11:37:39
================================================================================
[2025-09-19T11:38:40.193+0000] {manager.py:878} INFO - 
================================================================================
DAG File Processing Stats

File Path                                           PID  Runtime      # DAGs    # Errors  Last Runtime    Last Run
------------------------------------------------  -----  ---------  --------  ----------  --------------  -------------------
/opt/airflow/dags/timeseries_pipeline.py                                   0           1  1.38s           2025-09-19T11:38:11
/opt/airflow/dags/etl_timeseries_csv_pipeline.py    239  0.01s             1           0  0.17s           2025-09-19T11:38:09
================================================================================
[2025-09-19T11:39:10.689+0000] {manager.py:878} INFO - 
================================================================================
DAG File Processing Stats

File Path                                           PID  Runtime      # DAGs    # Errors  Last Runtime    Last Run
------------------------------------------------  -----  ---------  --------  ----------  --------------  -------------------
/opt/airflow/dags/timeseries_pipeline.py                                   0           1  0.44s           2025-09-19T11:38:41
/opt/airflow/dags/etl_timeseries_csv_pipeline.py    250  0.01s             1           0  0.15s           2025-09-19T11:38:40
================================================================================
[2025-09-19T11:39:41.280+0000] {manager.py:878} INFO - 
================================================================================
DAG File Processing Stats

File Path                                           PID  Runtime      # DAGs    # Errors  Last Runtime    Last Run
------------------------------------------------  -----  ---------  --------  ----------  --------------  -------------------
/opt/airflow/dags/timeseries_pipeline.py                                   0           1  0.52s           2025-09-19T11:39:12
/opt/airflow/dags/etl_timeseries_csv_pipeline.py    261  0.01s             1           0  0.21s           2025-09-19T11:39:10
================================================================================
[2025-09-19T11:40:11.893+0000] {manager.py:878} INFO - 
================================================================================
DAG File Processing Stats

File Path                                           PID  Runtime      # DAGs    # Errors  Last Runtime    Last Run
------------------------------------------------  -----  ---------  --------  ----------  --------------  -------------------
/opt/airflow/dags/timeseries_pipeline.py                                   0           1  0.64s           2025-09-19T11:39:42
/opt/airflow/dags/etl_timeseries_csv_pipeline.py    272  0.01s             1           0  0.17s           2025-09-19T11:39:41
================================================================================
[2025-09-19T11:40:37.414+0000] {manager.py:737} INFO - Searching for files in /opt/airflow/dags
[2025-09-19T11:40:37.606+0000] {manager.py:740} INFO - There are 2 files in /opt/airflow/dags
[2025-09-19T11:40:41.997+0000] {manager.py:878} INFO - 
================================================================================
DAG File Processing Stats

File Path                                         PID    Runtime      # DAGs    # Errors  Last Runtime    Last Run
------------------------------------------------  -----  ---------  --------  ----------  --------------  -------------------
/opt/airflow/dags/timeseries_pipeline.py                                   0           1  0.57s           2025-09-19T11:40:13
/opt/airflow/dags/etl_timeseries_csv_pipeline.py                           1           0  0.24s           2025-09-19T11:40:12
================================================================================
[2025-09-19T11:41:12.221+0000] {manager.py:878} INFO - 
================================================================================
DAG File Processing Stats

File Path                                         PID    Runtime      # DAGs    # Errors  Last Runtime    Last Run
------------------------------------------------  -----  ---------  --------  ----------  --------------  -------------------
/opt/airflow/dags/timeseries_pipeline.py                                   0           1  0.70s           2025-09-19T11:40:44
/opt/airflow/dags/etl_timeseries_csv_pipeline.py                           1           0  0.17s           2025-09-19T11:40:42
================================================================================
[2025-09-19T11:41:42.421+0000] {manager.py:878} INFO - 
================================================================================
DAG File Processing Stats

File Path                                         PID    Runtime      # DAGs    # Errors  Last Runtime    Last Run
------------------------------------------------  -----  ---------  --------  ----------  --------------  -------------------
/opt/airflow/dags/timeseries_pipeline.py                                   0           1  0.50s           2025-09-19T11:41:15
/opt/airflow/dags/etl_timeseries_csv_pipeline.py                           1           0  0.16s           2025-09-19T11:41:13
================================================================================
[2025-09-19T11:42:13.007+0000] {manager.py:878} INFO - 
================================================================================
DAG File Processing Stats

File Path                                         PID    Runtime      # DAGs    # Errors  Last Runtime    Last Run
------------------------------------------------  -----  ---------  --------  ----------  --------------  -------------------
/opt/airflow/dags/timeseries_pipeline.py                                   0           1  0.59s           2025-09-19T11:41:46
/opt/airflow/dags/etl_timeseries_csv_pipeline.py                           1           0  0.21s           2025-09-19T11:41:43
================================================================================
[2025-09-19T11:42:43.515+0000] {manager.py:878} INFO - 
================================================================================
DAG File Processing Stats

File Path                                         PID    Runtime      # DAGs    # Errors  Last Runtime    Last Run
------------------------------------------------  -----  ---------  --------  ----------  --------------  -------------------
/opt/airflow/dags/timeseries_pipeline.py                                   0           1  0.50s           2025-09-19T11:42:16
/opt/airflow/dags/etl_timeseries_csv_pipeline.py                           1           0  0.13s           2025-09-19T11:42:14
================================================================================
[2025-09-19T11:43:14.086+0000] {manager.py:878} INFO - 
================================================================================
DAG File Processing Stats

File Path                                         PID    Runtime      # DAGs    # Errors  Last Runtime    Last Run
------------------------------------------------  -----  ---------  --------  ----------  --------------  -------------------
/opt/airflow/dags/timeseries_pipeline.py                                   0           1  0.45s           2025-09-19T11:42:47
/opt/airflow/dags/etl_timeseries_csv_pipeline.py                           1           0  0.15s           2025-09-19T11:42:44
================================================================================
[2025-09-19T11:43:44.557+0000] {manager.py:878} INFO - 
================================================================================
DAG File Processing Stats

File Path                                         PID    Runtime      # DAGs    # Errors  Last Runtime    Last Run
------------------------------------------------  -----  ---------  --------  ----------  --------------  -------------------
/opt/airflow/dags/timeseries_pipeline.py                                   0           1  0.47s           2025-09-19T11:43:17
/opt/airflow/dags/etl_timeseries_csv_pipeline.py                           1           0  0.14s           2025-09-19T11:43:15
================================================================================
[2025-09-19T11:44:15.112+0000] {manager.py:878} INFO - 
================================================================================
DAG File Processing Stats

File Path                                         PID    Runtime      # DAGs    # Errors  Last Runtime    Last Run
------------------------------------------------  -----  ---------  --------  ----------  --------------  -------------------
/opt/airflow/dags/timeseries_pipeline.py                                   0           1  0.45s           2025-09-19T11:43:48
/opt/airflow/dags/etl_timeseries_csv_pipeline.py                           1           0  0.17s           2025-09-19T11:43:45
================================================================================
[2025-09-19T11:44:45.196+0000] {manager.py:878} INFO - 
================================================================================
DAG File Processing Stats

File Path                                         PID    Runtime      # DAGs    # Errors  Last Runtime    Last Run
------------------------------------------------  -----  ---------  --------  ----------  --------------  -------------------
/opt/airflow/dags/timeseries_pipeline.py                                   0           1  0.46s           2025-09-19T11:44:18
/opt/airflow/dags/etl_timeseries_csv_pipeline.py                           1           0  0.20s           2025-09-19T11:44:16
================================================================================
[2025-09-19T11:45:15.401+0000] {manager.py:878} INFO - 
================================================================================
DAG File Processing Stats

File Path                                         PID    Runtime      # DAGs    # Errors  Last Runtime    Last Run
------------------------------------------------  -----  ---------  --------  ----------  --------------  -------------------
/opt/airflow/dags/timeseries_pipeline.py                                   0           1  0.53s           2025-09-19T11:44:49
/opt/airflow/dags/etl_timeseries_csv_pipeline.py                           1           0  0.22s           2025-09-19T11:44:46
================================================================================
[2025-09-19T11:45:37.807+0000] {manager.py:737} INFO - Searching for files in /opt/airflow/dags
[2025-09-19T11:45:37.990+0000] {manager.py:740} INFO - There are 2 files in /opt/airflow/dags
[2025-09-19T11:45:46.146+0000] {manager.py:878} INFO - 
================================================================================
DAG File Processing Stats

File Path                                         PID    Runtime      # DAGs    # Errors  Last Runtime    Last Run
------------------------------------------------  -----  ---------  --------  ----------  --------------  -------------------
/opt/airflow/dags/timeseries_pipeline.py                                   0           1  0.41s           2025-09-19T11:45:20
/opt/airflow/dags/etl_timeseries_csv_pipeline.py                           1           0  0.16s           2025-09-19T11:45:17
================================================================================
[2025-09-19T11:46:14.213+0000] {manager.py:452} INFO - Exiting gracefully upon receiving signal 15
[2025-09-19T11:46:35.192+0000] {manager.py:470} INFO - Processing files using up to 2 processes at a time 
[2025-09-19T11:46:35.194+0000] {manager.py:471} INFO - Process each file at most once every 30 seconds
[2025-09-19T11:46:35.194+0000] {manager.py:472} INFO - Checking for new files in /opt/airflow/dags every 300 seconds
[2025-09-19T11:46:35.195+0000] {manager.py:737} INFO - Searching for files in /opt/airflow/dags
[2025-09-19T11:46:35.310+0000] {manager.py:740} INFO - There are 2 files in /opt/airflow/dags
[2025-09-19T11:46:35.415+0000] {manager.py:878} INFO - 
================================================================================
DAG File Processing Stats

File Path                                           PID  Runtime      # DAGs    # Errors  Last Runtime    Last Run
------------------------------------------------  -----  ---------  --------  ----------  --------------  ----------
/opt/airflow/dags/etl_timeseries_csv_pipeline.py    178  0.05s             0           0
/opt/airflow/dags/timeseries_pipeline.py            181  0.03s             0           0
================================================================================
[2025-09-19T11:47:05.745+0000] {manager.py:878} INFO - 
================================================================================
DAG File Processing Stats

File Path                                           PID  Runtime      # DAGs    # Errors  Last Runtime    Last Run
------------------------------------------------  -----  ---------  --------  ----------  --------------  -------------------
/opt/airflow/dags/timeseries_pipeline.py                                   0           1  1.11s           2025-09-19T11:46:36
/opt/airflow/dags/etl_timeseries_csv_pipeline.py    189  0.01s             1           0  0.14s           2025-09-19T11:46:35
================================================================================
[2025-09-19T11:47:36.566+0000] {manager.py:878} INFO - 
================================================================================
DAG File Processing Stats

File Path                                           PID  Runtime      # DAGs    # Errors  Last Runtime    Last Run
------------------------------------------------  -----  ---------  --------  ----------  --------------  -------------------
/opt/airflow/dags/timeseries_pipeline.py                                   0           1  0.54s           2025-09-19T11:47:07
/opt/airflow/dags/etl_timeseries_csv_pipeline.py    200  0.01s             1           0  0.40s           2025-09-19T11:47:06
================================================================================
[2025-09-19T11:48:07.184+0000] {manager.py:878} INFO - 
================================================================================
DAG File Processing Stats

File Path                                           PID  Runtime      # DAGs    # Errors  Last Runtime    Last Run
------------------------------------------------  -----  ---------  --------  ----------  --------------  -------------------
/opt/airflow/dags/timeseries_pipeline.py                                   0           1  0.49s           2025-09-19T11:47:38
/opt/airflow/dags/etl_timeseries_csv_pipeline.py    211  0.01s             1           0  0.19s           2025-09-19T11:47:36
================================================================================
[2025-09-19T11:48:37.312+0000] {manager.py:878} INFO - 
================================================================================
DAG File Processing Stats

File Path                                         PID    Runtime      # DAGs    # Errors  Last Runtime    Last Run
------------------------------------------------  -----  ---------  --------  ----------  --------------  -------------------
/opt/airflow/dags/timeseries_pipeline.py                                   0           1  0.56s           2025-09-19T11:48:08
/opt/airflow/dags/etl_timeseries_csv_pipeline.py                           1           0  0.21s           2025-09-19T11:48:07
================================================================================
[2025-09-19T11:49:07.851+0000] {manager.py:878} INFO - 
================================================================================
DAG File Processing Stats

File Path                                         PID    Runtime      # DAGs    # Errors  Last Runtime    Last Run
------------------------------------------------  -----  ---------  --------  ----------  --------------  -------------------
/opt/airflow/dags/timeseries_pipeline.py                                   0           1  0.48s           2025-09-19T11:48:39
/opt/airflow/dags/etl_timeseries_csv_pipeline.py                           1           0  0.13s           2025-09-19T11:48:37
================================================================================
[2025-09-19T11:49:38.044+0000] {manager.py:878} INFO - 
================================================================================
DAG File Processing Stats

File Path                                         PID    Runtime      # DAGs    # Errors  Last Runtime    Last Run
------------------------------------------------  -----  ---------  --------  ----------  --------------  -------------------
/opt/airflow/dags/timeseries_pipeline.py                                   0           1  0.60s           2025-09-19T11:49:10
/opt/airflow/dags/etl_timeseries_csv_pipeline.py                           1           0  0.21s           2025-09-19T11:49:08
================================================================================
[2025-09-19T11:50:08.200+0000] {manager.py:878} INFO - 
================================================================================
DAG File Processing Stats

File Path                                         PID    Runtime      # DAGs    # Errors  Last Runtime    Last Run
------------------------------------------------  -----  ---------  --------  ----------  --------------  -------------------
/opt/airflow/dags/timeseries_pipeline.py                                   0           1  0.52s           2025-09-19T11:49:41
/opt/airflow/dags/etl_timeseries_csv_pipeline.py                           1           0  0.16s           2025-09-19T11:49:38
================================================================================
[2025-09-19T11:50:38.860+0000] {manager.py:878} INFO - 
================================================================================
DAG File Processing Stats

File Path                                         PID    Runtime      # DAGs    # Errors  Last Runtime    Last Run
------------------------------------------------  -----  ---------  --------  ----------  --------------  -------------------
/opt/airflow/dags/timeseries_pipeline.py                                   0           1  0.48s           2025-09-19T11:50:11
/opt/airflow/dags/etl_timeseries_csv_pipeline.py                           1           0  0.20s           2025-09-19T11:50:09
================================================================================
[2025-09-19T11:50:54.312+0000] {manager.py:452} INFO - Exiting gracefully upon receiving signal 15
[2025-09-19T11:59:35.232+0000] {manager.py:470} INFO - Processing files using up to 2 processes at a time 
[2025-09-19T11:59:35.233+0000] {manager.py:471} INFO - Process each file at most once every 30 seconds
[2025-09-19T11:59:35.234+0000] {manager.py:472} INFO - Checking for new files in /opt/airflow/dags every 300 seconds
[2025-09-19T11:59:35.235+0000] {manager.py:737} INFO - Searching for files in /opt/airflow/dags
[2025-09-19T11:59:35.390+0000] {manager.py:740} INFO - There are 2 files in /opt/airflow/dags
[2025-09-19T11:59:35.516+0000] {manager.py:878} INFO - 
================================================================================
DAG File Processing Stats

File Path                                           PID  Runtime      # DAGs    # Errors  Last Runtime    Last Run
------------------------------------------------  -----  ---------  --------  ----------  --------------  ----------
/opt/airflow/dags/etl_timeseries_csv_pipeline.py    178  0.06s             0           0
/opt/airflow/dags/timeseries_pipeline.py            181  0.04s             0           0
================================================================================
[2025-09-19T12:00:06.026+0000] {manager.py:878} INFO - 
================================================================================
DAG File Processing Stats

File Path                                           PID  Runtime      # DAGs    # Errors  Last Runtime    Last Run
------------------------------------------------  -----  ---------  --------  ----------  --------------  -------------------
/opt/airflow/dags/timeseries_pipeline.py                                   1           0  2.69s           2025-09-19T11:59:38
/opt/airflow/dags/etl_timeseries_csv_pipeline.py    192  0.02s             1           0  0.16s           2025-09-19T11:59:35
================================================================================
[2025-09-19T12:00:36.621+0000] {manager.py:878} INFO - 
================================================================================
DAG File Processing Stats

File Path                                           PID  Runtime      # DAGs    # Errors  Last Runtime    Last Run
------------------------------------------------  -----  ---------  --------  ----------  --------------  -------------------
/opt/airflow/dags/timeseries_pipeline.py                                   1           0  1.66s           2025-09-19T12:00:10
/opt/airflow/dags/etl_timeseries_csv_pipeline.py    204  0.01s             1           0  0.57s           2025-09-19T12:00:06
================================================================================
[2025-09-19T12:01:07.096+0000] {manager.py:878} INFO - 
================================================================================
DAG File Processing Stats

File Path                                           PID  Runtime      # DAGs    # Errors  Last Runtime    Last Run
------------------------------------------------  -----  ---------  --------  ----------  --------------  -------------------
/opt/airflow/dags/timeseries_pipeline.py                                   1           0  1.11s           2025-09-19T12:00:41
/opt/airflow/dags/etl_timeseries_csv_pipeline.py    216  0.01s             1           0  0.25s           2025-09-19T12:00:36
================================================================================
[2025-09-19T12:01:37.705+0000] {manager.py:878} INFO - 
================================================================================
DAG File Processing Stats

File Path                                           PID  Runtime      # DAGs    # Errors  Last Runtime    Last Run
------------------------------------------------  -----  ---------  --------  ----------  --------------  -------------------
/opt/airflow/dags/timeseries_pipeline.py                                   1           0  1.18s           2025-09-19T12:01:13
/opt/airflow/dags/etl_timeseries_csv_pipeline.py    228  0.01s             1           0  0.21s           2025-09-19T12:01:07
================================================================================
[2025-09-19T12:02:08.428+0000] {manager.py:878} INFO - 
================================================================================
DAG File Processing Stats

File Path                                           PID  Runtime      # DAGs    # Errors  Last Runtime    Last Run
------------------------------------------------  -----  ---------  --------  ----------  --------------  -------------------
/opt/airflow/dags/timeseries_pipeline.py                                   1           0  1.30s           2025-09-19T12:01:45
/opt/airflow/dags/etl_timeseries_csv_pipeline.py    240  0.01s             1           0  0.18s           2025-09-19T12:01:37
================================================================================
[2025-09-19T12:02:39.119+0000] {manager.py:878} INFO - 
================================================================================
DAG File Processing Stats

File Path                                           PID  Runtime      # DAGs    # Errors  Last Runtime    Last Run
------------------------------------------------  -----  ---------  --------  ----------  --------------  -------------------
/opt/airflow/dags/timeseries_pipeline.py                                   1           0  1.24s           2025-09-19T12:02:16
/opt/airflow/dags/etl_timeseries_csv_pipeline.py    252  0.01s             1           0  0.22s           2025-09-19T12:02:08
================================================================================
[2025-09-19T12:03:09.747+0000] {manager.py:878} INFO - 
================================================================================
DAG File Processing Stats

File Path                                           PID  Runtime      # DAGs    # Errors  Last Runtime    Last Run
------------------------------------------------  -----  ---------  --------  ----------  --------------  -------------------
/opt/airflow/dags/timeseries_pipeline.py                                   1           0  1.42s           2025-09-19T12:02:48
/opt/airflow/dags/etl_timeseries_csv_pipeline.py    264  0.01s             1           0  0.17s           2025-09-19T12:02:39
================================================================================
[2025-09-19T12:03:40.138+0000] {manager.py:878} INFO - 
================================================================================
DAG File Processing Stats

File Path                                           PID  Runtime      # DAGs    # Errors  Last Runtime    Last Run
------------------------------------------------  -----  ---------  --------  ----------  --------------  -------------------
/opt/airflow/dags/timeseries_pipeline.py                                   1           0  1.14s           2025-09-19T12:03:20
/opt/airflow/dags/etl_timeseries_csv_pipeline.py    276  0.01s             1           0  0.17s           2025-09-19T12:03:09
================================================================================
[2025-09-19T12:04:10.827+0000] {manager.py:878} INFO - 
================================================================================
DAG File Processing Stats

File Path                                           PID  Runtime      # DAGs    # Errors  Last Runtime    Last Run
------------------------------------------------  -----  ---------  --------  ----------  --------------  -------------------
/opt/airflow/dags/timeseries_pipeline.py                                   1           0  1.42s           2025-09-19T12:03:51
/opt/airflow/dags/etl_timeseries_csv_pipeline.py    288  0.01s             1           0  0.21s           2025-09-19T12:03:40
================================================================================
[2025-09-19T12:04:21.897+0000] {manager.py:452} INFO - Exiting gracefully upon receiving signal 15
[2025-09-19T12:04:42.128+0000] {manager.py:470} INFO - Processing files using up to 2 processes at a time 
[2025-09-19T12:04:42.129+0000] {manager.py:471} INFO - Process each file at most once every 30 seconds
[2025-09-19T12:04:42.130+0000] {manager.py:472} INFO - Checking for new files in /opt/airflow/dags every 300 seconds
[2025-09-19T12:04:42.131+0000] {manager.py:737} INFO - Searching for files in /opt/airflow/dags
[2025-09-19T12:04:42.325+0000] {manager.py:740} INFO - There are 2 files in /opt/airflow/dags
[2025-09-19T12:04:42.432+0000] {manager.py:878} INFO - 
================================================================================
DAG File Processing Stats

File Path                                           PID  Runtime      # DAGs    # Errors  Last Runtime    Last Run
------------------------------------------------  -----  ---------  --------  ----------  --------------  ----------
/opt/airflow/dags/etl_timeseries_csv_pipeline.py    178  0.05s             0           0
/opt/airflow/dags/timeseries_pipeline.py            181  0.03s             0           0
================================================================================
[2025-09-19T12:05:12.827+0000] {manager.py:878} INFO - 
================================================================================
DAG File Processing Stats

File Path                                           PID  Runtime      # DAGs    # Errors  Last Runtime    Last Run
------------------------------------------------  -----  ---------  --------  ----------  --------------  -------------------
/opt/airflow/dags/timeseries_pipeline.py                                   1           0  2.04s           2025-09-19T12:04:44
/opt/airflow/dags/etl_timeseries_csv_pipeline.py    192  0.01s             1           0  0.13s           2025-09-19T12:04:42
================================================================================
[2025-09-19T12:05:43.294+0000] {manager.py:878} INFO - 
================================================================================
DAG File Processing Stats

File Path                                         PID    Runtime      # DAGs    # Errors  Last Runtime    Last Run
------------------------------------------------  -----  ---------  --------  ----------  --------------  -------------------
/opt/airflow/dags/timeseries_pipeline.py                                   1           0  2.62s           2025-09-19T12:05:17
/opt/airflow/dags/etl_timeseries_csv_pipeline.py                           1           0  0.62s           2025-09-19T12:05:13
================================================================================
[2025-09-19T12:06:13.454+0000] {manager.py:878} INFO - 
================================================================================
DAG File Processing Stats

File Path                                         PID    Runtime      # DAGs    # Errors  Last Runtime    Last Run
------------------------------------------------  -----  ---------  --------  ----------  --------------  -------------------
/opt/airflow/dags/timeseries_pipeline.py                                   1           0  1.62s           2025-09-19T12:05:49
/opt/airflow/dags/etl_timeseries_csv_pipeline.py                           1           0  0.19s           2025-09-19T12:05:44
================================================================================
[2025-09-19T12:06:43.531+0000] {manager.py:878} INFO - 
================================================================================
DAG File Processing Stats

File Path                                         PID    Runtime      # DAGs    # Errors  Last Runtime    Last Run
------------------------------------------------  -----  ---------  --------  ----------  --------------  -------------------
/opt/airflow/dags/timeseries_pipeline.py                                   1           0  2.90s           2025-09-19T12:06:22
/opt/airflow/dags/etl_timeseries_csv_pipeline.py                           1           0  0.28s           2025-09-19T12:06:15
================================================================================
[2025-09-19T12:07:13.866+0000] {manager.py:878} INFO - 
================================================================================
DAG File Processing Stats

File Path                                         PID    Runtime      # DAGs    # Errors  Last Runtime    Last Run
------------------------------------------------  -----  ---------  --------  ----------  --------------  -------------------
/opt/airflow/dags/timeseries_pipeline.py                                   1           0  1.85s           2025-09-19T12:06:54
/opt/airflow/dags/etl_timeseries_csv_pipeline.py                           1           0  0.24s           2025-09-19T12:06:45
================================================================================
[2025-09-19T12:07:44.386+0000] {manager.py:878} INFO - 
================================================================================
DAG File Processing Stats

File Path                                         PID    Runtime      # DAGs    # Errors  Last Runtime    Last Run
------------------------------------------------  -----  ---------  --------  ----------  --------------  -------------------
/opt/airflow/dags/timeseries_pipeline.py                                   1           0  1.95s           2025-09-19T12:07:27
/opt/airflow/dags/etl_timeseries_csv_pipeline.py                           1           0  0.33s           2025-09-19T12:07:16
================================================================================
[2025-09-19T12:08:14.754+0000] {manager.py:878} INFO - 
================================================================================
DAG File Processing Stats

File Path                                         PID    Runtime      # DAGs    # Errors  Last Runtime    Last Run
------------------------------------------------  -----  ---------  --------  ----------  --------------  -------------------
/opt/airflow/dags/timeseries_pipeline.py                                   1           0  1.88s           2025-09-19T12:07:59
/opt/airflow/dags/etl_timeseries_csv_pipeline.py                           1           0  0.21s           2025-09-19T12:07:46
================================================================================
[2025-09-19T12:08:44.871+0000] {manager.py:878} INFO - 
================================================================================
DAG File Processing Stats

File Path                                         PID    Runtime      # DAGs    # Errors  Last Runtime    Last Run
------------------------------------------------  -----  ---------  --------  ----------  --------------  -------------------
/opt/airflow/dags/timeseries_pipeline.py                                   1           0  1.60s           2025-09-19T12:08:31
/opt/airflow/dags/etl_timeseries_csv_pipeline.py                           1           0  0.25s           2025-09-19T12:08:17
================================================================================
[2025-09-19T12:09:15.319+0000] {manager.py:878} INFO - 
================================================================================
DAG File Processing Stats

File Path                                         PID    Runtime      # DAGs    # Errors  Last Runtime    Last Run
------------------------------------------------  -----  ---------  --------  ----------  --------------  -------------------
/opt/airflow/dags/timeseries_pipeline.py                                   1           0  1.73s           2025-09-19T12:09:03
/opt/airflow/dags/etl_timeseries_csv_pipeline.py                           1           0  0.22s           2025-09-19T12:08:47
================================================================================
[2025-09-19T12:09:42.973+0000] {manager.py:737} INFO - Searching for files in /opt/airflow/dags
[2025-09-19T12:09:43.264+0000] {manager.py:740} INFO - There are 2 files in /opt/airflow/dags
[2025-09-19T12:09:46.330+0000] {manager.py:878} INFO - 
================================================================================
DAG File Processing Stats

File Path                                         PID    Runtime      # DAGs    # Errors  Last Runtime    Last Run
------------------------------------------------  -----  ---------  --------  ----------  --------------  -------------------
/opt/airflow/dags/timeseries_pipeline.py                                   1           0  1.31s           2025-09-19T12:09:35
/opt/airflow/dags/etl_timeseries_csv_pipeline.py                           1           0  0.26s           2025-09-19T12:09:18
================================================================================
[2025-09-19T12:10:16.626+0000] {manager.py:878} INFO - 
================================================================================
DAG File Processing Stats

File Path                                         PID    Runtime      # DAGs    # Errors  Last Runtime    Last Run
------------------------------------------------  -----  ---------  --------  ----------  --------------  -------------------
/opt/airflow/dags/timeseries_pipeline.py                                   1           0  1.76s           2025-09-19T12:10:07
/opt/airflow/dags/etl_timeseries_csv_pipeline.py                           1           0  0.29s           2025-09-19T12:09:49
================================================================================
[2025-09-19T12:10:46.753+0000] {manager.py:878} INFO - 
================================================================================
DAG File Processing Stats

File Path                                         PID    Runtime      # DAGs    # Errors  Last Runtime    Last Run
------------------------------------------------  -----  ---------  --------  ----------  --------------  -------------------
/opt/airflow/dags/timeseries_pipeline.py                                   1           0  1.39s           2025-09-19T12:10:38
/opt/airflow/dags/etl_timeseries_csv_pipeline.py                           1           0  0.17s           2025-09-19T12:10:20
================================================================================
[2025-09-19T12:11:17.109+0000] {manager.py:878} INFO - 
================================================================================
DAG File Processing Stats

File Path                                         PID    Runtime      # DAGs    # Errors  Last Runtime    Last Run
------------------------------------------------  -----  ---------  --------  ----------  --------------  -------------------
/opt/airflow/dags/timeseries_pipeline.py                                   1           0  1.97s           2025-09-19T12:11:11
/opt/airflow/dags/etl_timeseries_csv_pipeline.py                           1           0  0.20s           2025-09-19T12:10:51
================================================================================
[2025-09-19T12:11:47.531+0000] {manager.py:878} INFO - 
================================================================================
DAG File Processing Stats

File Path                                         PID    Runtime      # DAGs    # Errors  Last Runtime    Last Run
------------------------------------------------  -----  ---------  --------  ----------  --------------  -------------------
/opt/airflow/dags/timeseries_pipeline.py                                   1           0  1.67s           2025-09-19T12:11:43
/opt/airflow/dags/etl_timeseries_csv_pipeline.py                           1           0  0.29s           2025-09-19T12:11:21
================================================================================
[2025-09-19T12:12:18.149+0000] {manager.py:878} INFO - 
================================================================================
DAG File Processing Stats

File Path                                         PID    Runtime      # DAGs    # Errors  Last Runtime    Last Run
------------------------------------------------  -----  ---------  --------  ----------  --------------  -------------------
/opt/airflow/dags/timeseries_pipeline.py                                   1           0  2.20s           2025-09-19T12:12:16
/opt/airflow/dags/etl_timeseries_csv_pipeline.py                           1           0  0.18s           2025-09-19T12:11:51
================================================================================
[2025-09-19T12:12:48.742+0000] {manager.py:878} INFO - 
================================================================================
DAG File Processing Stats

File Path                                         PID    Runtime      # DAGs    # Errors  Last Runtime    Last Run
------------------------------------------------  -----  ---------  --------  ----------  --------------  -------------------
/opt/airflow/dags/timeseries_pipeline.py                                   1           0  1.54s           2025-09-19T12:12:48
/opt/airflow/dags/etl_timeseries_csv_pipeline.py                           1           0  0.21s           2025-09-19T12:12:22
================================================================================
[2025-09-19T12:13:19.636+0000] {manager.py:878} INFO - 
================================================================================
DAG File Processing Stats

File Path                                           PID  Runtime      # DAGs    # Errors  Last Runtime    Last Run
------------------------------------------------  -----  ---------  --------  ----------  --------------  -------------------
/opt/airflow/dags/timeseries_pipeline.py            393  1.02s             1           0  1.54s           2025-09-19T12:12:48
/opt/airflow/dags/etl_timeseries_csv_pipeline.py                           1           0  0.39s           2025-09-19T12:12:53
================================================================================
[2025-09-19T12:13:50.071+0000] {manager.py:878} INFO - 
================================================================================
DAG File Processing Stats

File Path                                         PID    Runtime      # DAGs    # Errors  Last Runtime    Last Run
------------------------------------------------  -----  ---------  --------  ----------  --------------  -------------------
/opt/airflow/dags/timeseries_pipeline.py                                   1           0  1.99s           2025-09-19T12:13:20
/opt/airflow/dags/etl_timeseries_csv_pipeline.py                           1           0  0.33s           2025-09-19T12:13:24
================================================================================
[2025-09-19T12:14:20.451+0000] {manager.py:878} INFO - 
================================================================================
DAG File Processing Stats

File Path                                         PID    Runtime      # DAGs    # Errors  Last Runtime    Last Run
------------------------------------------------  -----  ---------  --------  ----------  --------------  -------------------
/opt/airflow/dags/timeseries_pipeline.py                                   1           0  1.86s           2025-09-19T12:13:52
/opt/airflow/dags/etl_timeseries_csv_pipeline.py                           1           0  0.21s           2025-09-19T12:13:54
================================================================================
[2025-09-19T12:14:42.996+0000] {manager.py:737} INFO - Searching for files in /opt/airflow/dags
[2025-09-19T12:14:43.142+0000] {manager.py:740} INFO - There are 2 files in /opt/airflow/dags
[2025-09-19T12:14:50.588+0000] {manager.py:878} INFO - 
================================================================================
DAG File Processing Stats

File Path                                         PID    Runtime      # DAGs    # Errors  Last Runtime    Last Run
------------------------------------------------  -----  ---------  --------  ----------  --------------  -------------------
/opt/airflow/dags/timeseries_pipeline.py                                   1           0  1.72s           2025-09-19T12:14:25
/opt/airflow/dags/etl_timeseries_csv_pipeline.py                           1           0  0.25s           2025-09-19T12:14:24
================================================================================
[2025-09-19T12:15:21.029+0000] {manager.py:878} INFO - 
================================================================================
DAG File Processing Stats

File Path                                         PID    Runtime      # DAGs    # Errors  Last Runtime    Last Run
------------------------------------------------  -----  ---------  --------  ----------  --------------  -------------------
/opt/airflow/dags/timeseries_pipeline.py                                   1           0  1.69s           2025-09-19T12:14:57
/opt/airflow/dags/etl_timeseries_csv_pipeline.py                           1           0  0.22s           2025-09-19T12:14:55
================================================================================
[2025-09-19T12:15:51.473+0000] {manager.py:878} INFO - 
================================================================================
DAG File Processing Stats

File Path                                         PID    Runtime      # DAGs    # Errors  Last Runtime    Last Run
------------------------------------------------  -----  ---------  --------  ----------  --------------  -------------------
/opt/airflow/dags/timeseries_pipeline.py                                   1           0  1.77s           2025-09-19T12:15:29
/opt/airflow/dags/etl_timeseries_csv_pipeline.py                           1           0  0.26s           2025-09-19T12:15:26
================================================================================
[2025-09-19T12:16:21.765+0000] {manager.py:878} INFO - 
================================================================================
DAG File Processing Stats

File Path                                         PID    Runtime      # DAGs    # Errors  Last Runtime    Last Run
------------------------------------------------  -----  ---------  --------  ----------  --------------  -------------------
/opt/airflow/dags/timeseries_pipeline.py                                   1           0  1.74s           2025-09-19T12:16:01
/opt/airflow/dags/etl_timeseries_csv_pipeline.py                           1           0  0.25s           2025-09-19T12:15:56
================================================================================
[2025-09-19T12:16:52.136+0000] {manager.py:878} INFO - 
================================================================================
DAG File Processing Stats

File Path                                         PID    Runtime      # DAGs    # Errors  Last Runtime    Last Run
------------------------------------------------  -----  ---------  --------  ----------  --------------  -------------------
/opt/airflow/dags/timeseries_pipeline.py                                   1           0  1.88s           2025-09-19T12:16:33
/opt/airflow/dags/etl_timeseries_csv_pipeline.py                           1           0  0.20s           2025-09-19T12:16:27
================================================================================
[2025-09-19T12:17:22.908+0000] {manager.py:878} INFO - 
================================================================================
DAG File Processing Stats

File Path                                         PID    Runtime      # DAGs    # Errors  Last Runtime    Last Run
------------------------------------------------  -----  ---------  --------  ----------  --------------  -------------------
/opt/airflow/dags/timeseries_pipeline.py                                   1           0  1.49s           2025-09-19T12:17:05
/opt/airflow/dags/etl_timeseries_csv_pipeline.py                           1           0  0.25s           2025-09-19T12:16:57
================================================================================
[2025-09-19T12:17:53.344+0000] {manager.py:878} INFO - 
================================================================================
DAG File Processing Stats

File Path                                         PID    Runtime      # DAGs    # Errors  Last Runtime    Last Run
------------------------------------------------  -----  ---------  --------  ----------  --------------  -------------------
/opt/airflow/dags/timeseries_pipeline.py                                   1           0  1.88s           2025-09-19T12:17:37
/opt/airflow/dags/etl_timeseries_csv_pipeline.py                           1           0  0.23s           2025-09-19T12:17:28
================================================================================
[2025-09-19T12:18:23.575+0000] {manager.py:878} INFO - 
================================================================================
DAG File Processing Stats

File Path                                         PID    Runtime      # DAGs    # Errors  Last Runtime    Last Run
------------------------------------------------  -----  ---------  --------  ----------  --------------  -------------------
/opt/airflow/dags/timeseries_pipeline.py                                   1           0  1.72s           2025-09-19T12:18:10
/opt/airflow/dags/etl_timeseries_csv_pipeline.py                           1           0  0.28s           2025-09-19T12:17:58
================================================================================
[2025-09-19T12:18:42.910+0000] {manager.py:452} INFO - Exiting gracefully upon receiving signal 15
[2025-09-19T12:19:07.337+0000] {manager.py:470} INFO - Processing files using up to 2 processes at a time 
[2025-09-19T12:19:07.339+0000] {manager.py:471} INFO - Process each file at most once every 30 seconds
[2025-09-19T12:19:07.341+0000] {manager.py:472} INFO - Checking for new files in /opt/airflow/dags every 300 seconds
[2025-09-19T12:19:07.342+0000] {manager.py:737} INFO - Searching for files in /opt/airflow/dags
[2025-09-19T12:19:07.462+0000] {manager.py:740} INFO - There are 2 files in /opt/airflow/dags
[2025-09-19T12:19:07.608+0000] {manager.py:878} INFO - 
================================================================================
DAG File Processing Stats

File Path                                           PID  Runtime      # DAGs    # Errors  Last Runtime    Last Run
------------------------------------------------  -----  ---------  --------  ----------  --------------  ----------
/opt/airflow/dags/etl_timeseries_csv_pipeline.py    178  0.07s             0           0
/opt/airflow/dags/timeseries_pipeline.py            181  0.04s             0           0
================================================================================
[2025-09-19T12:19:38.100+0000] {manager.py:878} INFO - 
================================================================================
DAG File Processing Stats

File Path                                           PID  Runtime      # DAGs    # Errors  Last Runtime    Last Run
------------------------------------------------  -----  ---------  --------  ----------  --------------  -------------------
/opt/airflow/dags/timeseries_pipeline.py                                   1           0  2.13s           2025-09-19T12:19:09
/opt/airflow/dags/etl_timeseries_csv_pipeline.py    192  0.02s             1           0  0.21s           2025-09-19T12:19:07
================================================================================
[2025-09-19T12:20:09.105+0000] {manager.py:878} INFO - 
================================================================================
DAG File Processing Stats

File Path                                           PID  Runtime      # DAGs    # Errors  Last Runtime    Last Run
------------------------------------------------  -----  ---------  --------  ----------  --------------  -------------------
/opt/airflow/dags/timeseries_pipeline.py                                   1           0  1.62s           2025-09-19T12:19:41
/opt/airflow/dags/etl_timeseries_csv_pipeline.py    208  0.02s             1           0  0.54s           2025-09-19T12:19:38
================================================================================
[2025-09-19T12:20:39.948+0000] {manager.py:878} INFO - 
================================================================================
DAG File Processing Stats

File Path                                           PID  Runtime      # DAGs    # Errors  Last Runtime    Last Run
------------------------------------------------  -----  ---------  --------  ----------  --------------  -------------------
/opt/airflow/dags/timeseries_pipeline.py                                   1           0  1.53s           2025-09-19T12:20:13
/opt/airflow/dags/etl_timeseries_csv_pipeline.py    220  0.01s             1           0  0.36s           2025-09-19T12:20:09
================================================================================
[2025-09-19T12:21:10.545+0000] {manager.py:878} INFO - 
================================================================================
DAG File Processing Stats

File Path                                           PID  Runtime      # DAGs    # Errors  Last Runtime    Last Run
------------------------------------------------  -----  ---------  --------  ----------  --------------  -------------------
/opt/airflow/dags/timeseries_pipeline.py                                   1           0  1.84s           2025-09-19T12:20:46
/opt/airflow/dags/etl_timeseries_csv_pipeline.py    232  0.01s             1           0  0.23s           2025-09-19T12:20:40
================================================================================
[2025-09-19T12:21:41.087+0000] {manager.py:878} INFO - 
================================================================================
DAG File Processing Stats

File Path                                           PID  Runtime      # DAGs    # Errors  Last Runtime    Last Run
------------------------------------------------  -----  ---------  --------  ----------  --------------  -------------------
/opt/airflow/dags/timeseries_pipeline.py                                   1           0  1.83s           2025-09-19T12:21:18
/opt/airflow/dags/etl_timeseries_csv_pipeline.py    244  0.01s             1           0  0.27s           2025-09-19T12:21:10
================================================================================
[2025-09-19T12:22:11.342+0000] {manager.py:878} INFO - 
================================================================================
DAG File Processing Stats

File Path                                         PID    Runtime      # DAGs    # Errors  Last Runtime    Last Run
------------------------------------------------  -----  ---------  --------  ----------  --------------  -------------------
/opt/airflow/dags/timeseries_pipeline.py                                   1           0  1.71s           2025-09-19T12:21:51
/opt/airflow/dags/etl_timeseries_csv_pipeline.py                           1           0  0.32s           2025-09-19T12:21:41
================================================================================
[2025-09-19T12:22:41.730+0000] {manager.py:878} INFO - 
================================================================================
DAG File Processing Stats

File Path                                         PID    Runtime      # DAGs    # Errors  Last Runtime    Last Run
------------------------------------------------  -----  ---------  --------  ----------  --------------  -------------------
/opt/airflow/dags/timeseries_pipeline.py                                   1           0  1.90s           2025-09-19T12:22:23
/opt/airflow/dags/etl_timeseries_csv_pipeline.py                           1           0  0.28s           2025-09-19T12:22:12
================================================================================
[2025-09-19T12:23:12.066+0000] {manager.py:878} INFO - 
================================================================================
DAG File Processing Stats

File Path                                         PID    Runtime      # DAGs    # Errors  Last Runtime    Last Run
------------------------------------------------  -----  ---------  --------  ----------  --------------  -------------------
/opt/airflow/dags/timeseries_pipeline.py                                   1           0  1.79s           2025-09-19T12:22:55
/opt/airflow/dags/etl_timeseries_csv_pipeline.py                           1           0  0.33s           2025-09-19T12:22:42
================================================================================
[2025-09-19T12:23:42.385+0000] {manager.py:878} INFO - 
================================================================================
DAG File Processing Stats

File Path                                         PID    Runtime      # DAGs    # Errors  Last Runtime    Last Run
------------------------------------------------  -----  ---------  --------  ----------  --------------  -------------------
/opt/airflow/dags/timeseries_pipeline.py                                   1           0  1.87s           2025-09-19T12:23:27
/opt/airflow/dags/etl_timeseries_csv_pipeline.py                           1           0  0.29s           2025-09-19T12:23:13
================================================================================
[2025-09-19T12:24:07.706+0000] {manager.py:737} INFO - Searching for files in /opt/airflow/dags
[2025-09-19T12:24:08.060+0000] {manager.py:740} INFO - There are 2 files in /opt/airflow/dags
[2025-09-19T12:24:13.166+0000] {manager.py:878} INFO - 
================================================================================
DAG File Processing Stats

File Path                                         PID    Runtime      # DAGs    # Errors  Last Runtime    Last Run
------------------------------------------------  -----  ---------  --------  ----------  --------------  -------------------
/opt/airflow/dags/timeseries_pipeline.py                                   1           0  1.87s           2025-09-19T12:23:59
/opt/airflow/dags/etl_timeseries_csv_pipeline.py                           1           0  0.17s           2025-09-19T12:23:43
================================================================================
[2025-09-19T12:24:43.265+0000] {manager.py:878} INFO - 
================================================================================
DAG File Processing Stats

File Path                                         PID    Runtime      # DAGs    # Errors  Last Runtime    Last Run
------------------------------------------------  -----  ---------  --------  ----------  --------------  -------------------
/opt/airflow/dags/timeseries_pipeline.py                                   1           0  2.25s           2025-09-19T12:24:32
/opt/airflow/dags/etl_timeseries_csv_pipeline.py                           1           0  0.32s           2025-09-19T12:24:14
================================================================================
[2025-09-19T12:25:13.776+0000] {manager.py:878} INFO - 
================================================================================
DAG File Processing Stats

File Path                                         PID    Runtime      # DAGs    # Errors  Last Runtime    Last Run
------------------------------------------------  -----  ---------  --------  ----------  --------------  -------------------
/opt/airflow/dags/timeseries_pipeline.py                                   1           0  2.07s           2025-09-19T12:25:04
/opt/airflow/dags/etl_timeseries_csv_pipeline.py                           1           0  0.24s           2025-09-19T12:24:45
================================================================================
[2025-09-19T12:25:44.258+0000] {manager.py:878} INFO - 
================================================================================
DAG File Processing Stats

File Path                                         PID    Runtime      # DAGs    # Errors  Last Runtime    Last Run
------------------------------------------------  -----  ---------  --------  ----------  --------------  -------------------
/opt/airflow/dags/timeseries_pipeline.py                                   1           0  1.97s           2025-09-19T12:25:37
/opt/airflow/dags/etl_timeseries_csv_pipeline.py                           1           0  0.27s           2025-09-19T12:25:16
================================================================================
[2025-09-19T12:26:14.514+0000] {manager.py:878} INFO - 
================================================================================
DAG File Processing Stats

File Path                                         PID    Runtime      # DAGs    # Errors  Last Runtime    Last Run
------------------------------------------------  -----  ---------  --------  ----------  --------------  -------------------
/opt/airflow/dags/timeseries_pipeline.py                                   1           0  1.57s           2025-09-19T12:26:09
/opt/airflow/dags/etl_timeseries_csv_pipeline.py                           1           0  0.25s           2025-09-19T12:25:46
================================================================================
[2025-09-19T12:26:23.375+0000] {manager.py:452} INFO - Exiting gracefully upon receiving signal 15
[2025-09-19T12:26:48.287+0000] {manager.py:470} INFO - Processing files using up to 2 processes at a time 
[2025-09-19T12:26:48.289+0000] {manager.py:471} INFO - Process each file at most once every 30 seconds
[2025-09-19T12:26:48.290+0000] {manager.py:472} INFO - Checking for new files in /opt/airflow/dags every 300 seconds
[2025-09-19T12:26:48.292+0000] {manager.py:737} INFO - Searching for files in /opt/airflow/dags
[2025-09-19T12:26:48.453+0000] {manager.py:740} INFO - There are 2 files in /opt/airflow/dags
[2025-09-19T12:26:48.576+0000] {manager.py:878} INFO - 
================================================================================
DAG File Processing Stats

File Path                                           PID  Runtime      # DAGs    # Errors  Last Runtime    Last Run
------------------------------------------------  -----  ---------  --------  ----------  --------------  ----------
/opt/airflow/dags/etl_timeseries_csv_pipeline.py    178  0.05s             0           0
/opt/airflow/dags/timeseries_pipeline.py            181  0.04s             0           0
================================================================================
[2025-09-19T12:27:19.124+0000] {manager.py:878} INFO - 
================================================================================
DAG File Processing Stats

File Path                                           PID  Runtime      # DAGs    # Errors  Last Runtime    Last Run
------------------------------------------------  -----  ---------  --------  ----------  --------------  -------------------
/opt/airflow/dags/timeseries_pipeline.py                                   1           0  2.28s           2025-09-19T12:26:50
/opt/airflow/dags/etl_timeseries_csv_pipeline.py    192  0.01s             1           0  0.16s           2025-09-19T12:26:48
================================================================================
[2025-09-19T12:27:49.545+0000] {manager.py:878} INFO - 
================================================================================
DAG File Processing Stats

File Path                                         PID    Runtime      # DAGs    # Errors  Last Runtime    Last Run
------------------------------------------------  -----  ---------  --------  ----------  --------------  -------------------
/opt/airflow/dags/timeseries_pipeline.py                                   1           0  1.86s           2025-09-19T12:27:22
/opt/airflow/dags/etl_timeseries_csv_pipeline.py                           1           0  0.67s           2025-09-19T12:27:19
================================================================================
[2025-09-19T12:28:19.681+0000] {manager.py:878} INFO - 
================================================================================
DAG File Processing Stats

File Path                                         PID    Runtime      # DAGs    # Errors  Last Runtime    Last Run
------------------------------------------------  -----  ---------  --------  ----------  --------------  -------------------
/opt/airflow/dags/timeseries_pipeline.py                                   1           0  2.15s           2025-09-19T12:27:55
/opt/airflow/dags/etl_timeseries_csv_pipeline.py                           1           0  0.37s           2025-09-19T12:27:50
================================================================================
[2025-09-19T12:28:49.862+0000] {manager.py:878} INFO - 
================================================================================
DAG File Processing Stats

File Path                                         PID    Runtime      # DAGs    # Errors  Last Runtime    Last Run
------------------------------------------------  -----  ---------  --------  ----------  --------------  -------------------
/opt/airflow/dags/timeseries_pipeline.py                                   1           0  1.65s           2025-09-19T12:28:27
/opt/airflow/dags/etl_timeseries_csv_pipeline.py                           1           0  0.20s           2025-09-19T12:28:20
================================================================================
[2025-09-19T12:29:20.228+0000] {manager.py:878} INFO - 
================================================================================
DAG File Processing Stats

File Path                                         PID    Runtime      # DAGs    # Errors  Last Runtime    Last Run
------------------------------------------------  -----  ---------  --------  ----------  --------------  -------------------
/opt/airflow/dags/timeseries_pipeline.py                                   1           0  1.67s           2025-09-19T12:28:59
/opt/airflow/dags/etl_timeseries_csv_pipeline.py                           1           0  0.25s           2025-09-19T12:28:51
================================================================================
[2025-09-19T12:29:50.746+0000] {manager.py:878} INFO - 
================================================================================
DAG File Processing Stats

File Path                                         PID    Runtime      # DAGs    # Errors  Last Runtime    Last Run
------------------------------------------------  -----  ---------  --------  ----------  --------------  -------------------
/opt/airflow/dags/timeseries_pipeline.py                                   1           0  2.01s           2025-09-19T12:29:31
/opt/airflow/dags/etl_timeseries_csv_pipeline.py                           1           0  0.21s           2025-09-19T12:29:22
================================================================================
[2025-09-19T12:30:00.270+0000] {manager.py:452} INFO - Exiting gracefully upon receiving signal 15
[2025-09-19T12:30:24.748+0000] {manager.py:470} INFO - Processing files using up to 2 processes at a time 
[2025-09-19T12:30:24.750+0000] {manager.py:471} INFO - Process each file at most once every 30 seconds
[2025-09-19T12:30:24.751+0000] {manager.py:472} INFO - Checking for new files in /opt/airflow/dags every 300 seconds
[2025-09-19T12:30:24.751+0000] {manager.py:737} INFO - Searching for files in /opt/airflow/dags
[2025-09-19T12:30:24.941+0000] {manager.py:740} INFO - There are 2 files in /opt/airflow/dags
[2025-09-19T12:30:25.101+0000] {manager.py:878} INFO - 
================================================================================
DAG File Processing Stats

File Path                                           PID  Runtime      # DAGs    # Errors  Last Runtime    Last Run
------------------------------------------------  -----  ---------  --------  ----------  --------------  ----------
/opt/airflow/dags/etl_timeseries_csv_pipeline.py    178  0.08s             0           0
/opt/airflow/dags/timeseries_pipeline.py            181  0.06s             0           0
================================================================================
[2025-09-19T12:30:55.650+0000] {manager.py:878} INFO - 
================================================================================
DAG File Processing Stats

File Path                                           PID  Runtime      # DAGs    # Errors  Last Runtime    Last Run
------------------------------------------------  -----  ---------  --------  ----------  --------------  -------------------
/opt/airflow/dags/timeseries_pipeline.py                                   1           0  2.58s           2025-09-19T12:30:27
/opt/airflow/dags/etl_timeseries_csv_pipeline.py    192  0.01s             1           0  0.19s           2025-09-19T12:30:25
================================================================================
[2025-09-19T12:31:26.387+0000] {manager.py:878} INFO - 
================================================================================
DAG File Processing Stats

File Path                                           PID  Runtime      # DAGs    # Errors  Last Runtime    Last Run
------------------------------------------------  -----  ---------  --------  ----------  --------------  -------------------
/opt/airflow/dags/timeseries_pipeline.py                                   1           0  1.72s           2025-09-19T12:30:59
/opt/airflow/dags/etl_timeseries_csv_pipeline.py    204  0.01s             1           0  0.50s           2025-09-19T12:30:56
================================================================================
[2025-09-19T12:31:57.059+0000] {manager.py:878} INFO - 
================================================================================
DAG File Processing Stats

File Path                                           PID  Runtime      # DAGs    # Errors  Last Runtime    Last Run
------------------------------------------------  -----  ---------  --------  ----------  --------------  -------------------
/opt/airflow/dags/timeseries_pipeline.py                                   1           0  1.92s           2025-09-19T12:31:32
/opt/airflow/dags/etl_timeseries_csv_pipeline.py    216  0.01s             1           0  0.30s           2025-09-19T12:31:26
================================================================================
[2025-09-19T12:32:27.702+0000] {manager.py:878} INFO - 
================================================================================
DAG File Processing Stats

File Path                                           PID  Runtime      # DAGs    # Errors  Last Runtime    Last Run
------------------------------------------------  -----  ---------  --------  ----------  --------------  -------------------
/opt/airflow/dags/timeseries_pipeline.py                                   1           0  2.02s           2025-09-19T12:32:05
/opt/airflow/dags/etl_timeseries_csv_pipeline.py    228  0.01s             1           0  0.24s           2025-09-19T12:31:57
================================================================================
[2025-09-19T12:32:58.258+0000] {manager.py:878} INFO - 
================================================================================
DAG File Processing Stats

File Path                                           PID  Runtime      # DAGs    # Errors  Last Runtime    Last Run
------------------------------------------------  -----  ---------  --------  ----------  --------------  -------------------
/opt/airflow/dags/timeseries_pipeline.py                                   1           0  1.94s           2025-09-19T12:32:37
/opt/airflow/dags/etl_timeseries_csv_pipeline.py    240  0.01s             1           0  0.22s           2025-09-19T12:32:27
================================================================================
[2025-09-19T12:33:03.265+0000] {manager.py:452} INFO - Exiting gracefully upon receiving signal 15
[2025-09-19T12:33:29.408+0000] {manager.py:470} INFO - Processing files using up to 2 processes at a time 
[2025-09-19T12:33:29.409+0000] {manager.py:471} INFO - Process each file at most once every 30 seconds
[2025-09-19T12:33:29.410+0000] {manager.py:472} INFO - Checking for new files in /opt/airflow/dags every 300 seconds
[2025-09-19T12:33:29.411+0000] {manager.py:737} INFO - Searching for files in /opt/airflow/dags
[2025-09-19T12:33:29.555+0000] {manager.py:740} INFO - There are 2 files in /opt/airflow/dags
[2025-09-19T12:33:29.707+0000] {manager.py:878} INFO - 
================================================================================
DAG File Processing Stats

File Path                                           PID  Runtime      # DAGs    # Errors  Last Runtime    Last Run
------------------------------------------------  -----  ---------  --------  ----------  --------------  ----------
/opt/airflow/dags/etl_timeseries_csv_pipeline.py    178  0.07s             0           0
/opt/airflow/dags/timeseries_pipeline.py            181  0.05s             0           0
================================================================================
[2025-09-19T12:34:00.295+0000] {manager.py:878} INFO - 
================================================================================
DAG File Processing Stats

File Path                                           PID  Runtime      # DAGs    # Errors  Last Runtime    Last Run
------------------------------------------------  -----  ---------  --------  ----------  --------------  -------------------
/opt/airflow/dags/timeseries_pipeline.py                                   1           0  2.35s           2025-09-19T12:33:32
/opt/airflow/dags/etl_timeseries_csv_pipeline.py    192  0.01s             1           0  0.20s           2025-09-19T12:33:29
================================================================================
[2025-09-19T12:34:30.633+0000] {manager.py:878} INFO - 
================================================================================
DAG File Processing Stats

File Path                                         PID    Runtime      # DAGs    # Errors  Last Runtime    Last Run
------------------------------------------------  -----  ---------  --------  ----------  --------------  -------------------
/opt/airflow/dags/timeseries_pipeline.py                                   1           0  1.82s           2025-09-19T12:34:04
/opt/airflow/dags/etl_timeseries_csv_pipeline.py                           1           0  0.53s           2025-09-19T12:34:00
================================================================================
[2025-09-19T12:35:01.206+0000] {manager.py:878} INFO - 
================================================================================
DAG File Processing Stats

File Path                                         PID    Runtime      # DAGs    # Errors  Last Runtime    Last Run
------------------------------------------------  -----  ---------  --------  ----------  --------------  -------------------
/opt/airflow/dags/timeseries_pipeline.py                                   1           0  2.24s           2025-09-19T12:34:36
/opt/airflow/dags/etl_timeseries_csv_pipeline.py                           1           0  0.31s           2025-09-19T12:34:31
================================================================================
[2025-09-19T12:35:31.765+0000] {manager.py:878} INFO - 
================================================================================
DAG File Processing Stats

File Path                                         PID    Runtime      # DAGs    # Errors  Last Runtime    Last Run
------------------------------------------------  -----  ---------  --------  ----------  --------------  -------------------
/opt/airflow/dags/timeseries_pipeline.py                                   1           0  1.89s           2025-09-19T12:35:09
/opt/airflow/dags/etl_timeseries_csv_pipeline.py                           1           0  0.26s           2025-09-19T12:35:02
================================================================================
[2025-09-19T12:36:02.487+0000] {manager.py:878} INFO - 
================================================================================
DAG File Processing Stats

File Path                                         PID    Runtime      # DAGs    # Errors  Last Runtime    Last Run
------------------------------------------------  -----  ---------  --------  ----------  --------------  -------------------
/opt/airflow/dags/timeseries_pipeline.py                                   1           0  1.23s           2025-09-19T12:35:41
/opt/airflow/dags/etl_timeseries_csv_pipeline.py                           1           0  0.25s           2025-09-19T12:35:33
================================================================================
[2025-09-19T12:36:32.730+0000] {manager.py:878} INFO - 
================================================================================
DAG File Processing Stats

File Path                                         PID    Runtime      # DAGs    # Errors  Last Runtime    Last Run
------------------------------------------------  -----  ---------  --------  ----------  --------------  -------------------
/opt/airflow/dags/timeseries_pipeline.py                                   1           0  1.60s           2025-09-19T12:36:13
/opt/airflow/dags/etl_timeseries_csv_pipeline.py                           1           0  0.18s           2025-09-19T12:36:03
================================================================================
[2025-09-19T12:37:03.184+0000] {manager.py:878} INFO - 
================================================================================
DAG File Processing Stats

File Path                                         PID    Runtime      # DAGs    # Errors  Last Runtime    Last Run
------------------------------------------------  -----  ---------  --------  ----------  --------------  -------------------
/opt/airflow/dags/timeseries_pipeline.py                                   1           0  1.16s           2025-09-19T12:36:45
/opt/airflow/dags/etl_timeseries_csv_pipeline.py                           1           0  0.31s           2025-09-19T12:36:34
================================================================================
[2025-09-19T12:37:33.516+0000] {manager.py:878} INFO - 
================================================================================
DAG File Processing Stats

File Path                                         PID    Runtime      # DAGs    # Errors  Last Runtime    Last Run
------------------------------------------------  -----  ---------  --------  ----------  --------------  -------------------
/opt/airflow/dags/timeseries_pipeline.py                                   1           0  1.79s           2025-09-19T12:37:17
/opt/airflow/dags/etl_timeseries_csv_pipeline.py                           1           0  0.22s           2025-09-19T12:37:04
================================================================================
[2025-09-19T12:38:03.866+0000] {manager.py:878} INFO - 
================================================================================
DAG File Processing Stats

File Path                                         PID    Runtime      # DAGs    # Errors  Last Runtime    Last Run
------------------------------------------------  -----  ---------  --------  ----------  --------------  -------------------
/opt/airflow/dags/timeseries_pipeline.py                                   1           0  1.54s           2025-09-19T12:37:49
/opt/airflow/dags/etl_timeseries_csv_pipeline.py                           1           0  0.46s           2025-09-19T12:37:34
================================================================================
[2025-09-19T12:38:29.969+0000] {manager.py:737} INFO - Searching for files in /opt/airflow/dags
[2025-09-19T12:38:30.156+0000] {manager.py:740} INFO - There are 2 files in /opt/airflow/dags
[2025-09-19T12:38:34.219+0000] {manager.py:878} INFO - 
================================================================================
DAG File Processing Stats

File Path                                         PID    Runtime      # DAGs    # Errors  Last Runtime    Last Run
------------------------------------------------  -----  ---------  --------  ----------  --------------  -------------------
/opt/airflow/dags/timeseries_pipeline.py                                   1           0  1.19s           2025-09-19T12:38:20
/opt/airflow/dags/etl_timeseries_csv_pipeline.py                           1           0  0.26s           2025-09-19T12:38:05
================================================================================
[2025-09-19T12:39:04.957+0000] {manager.py:878} INFO - 
================================================================================
DAG File Processing Stats

File Path                                         PID    Runtime      # DAGs    # Errors  Last Runtime    Last Run
------------------------------------------------  -----  ---------  --------  ----------  --------------  -------------------
/opt/airflow/dags/timeseries_pipeline.py                                   1           0  1.41s           2025-09-19T12:38:52
/opt/airflow/dags/etl_timeseries_csv_pipeline.py                           1           0  0.28s           2025-09-19T12:38:36
================================================================================
[2025-09-19T12:39:35.513+0000] {manager.py:878} INFO - 
================================================================================
DAG File Processing Stats

File Path                                         PID    Runtime      # DAGs    # Errors  Last Runtime    Last Run
------------------------------------------------  -----  ---------  --------  ----------  --------------  -------------------
/opt/airflow/dags/timeseries_pipeline.py                                   1           0  2.06s           2025-09-19T12:39:25
/opt/airflow/dags/etl_timeseries_csv_pipeline.py                           1           0  0.46s           2025-09-19T12:39:07
================================================================================
[2025-09-19T12:40:06.010+0000] {manager.py:878} INFO - 
================================================================================
DAG File Processing Stats

File Path                                         PID    Runtime      # DAGs    # Errors  Last Runtime    Last Run
------------------------------------------------  -----  ---------  --------  ----------  --------------  -------------------
/opt/airflow/dags/timeseries_pipeline.py                                   1           0  2.01s           2025-09-19T12:39:57
/opt/airflow/dags/etl_timeseries_csv_pipeline.py                           1           0  0.29s           2025-09-19T12:39:37
================================================================================
[2025-09-19T12:40:36.551+0000] {manager.py:878} INFO - 
================================================================================
DAG File Processing Stats

File Path                                         PID    Runtime      # DAGs    # Errors  Last Runtime    Last Run
------------------------------------------------  -----  ---------  --------  ----------  --------------  -------------------
/opt/airflow/dags/timeseries_pipeline.py                                   1           0  1.71s           2025-09-19T12:40:30
/opt/airflow/dags/etl_timeseries_csv_pipeline.py                           1           0  0.34s           2025-09-19T12:40:08
================================================================================
[2025-09-19T12:41:06.949+0000] {manager.py:878} INFO - 
================================================================================
DAG File Processing Stats

File Path                                         PID    Runtime      # DAGs    # Errors  Last Runtime    Last Run
------------------------------------------------  -----  ---------  --------  ----------  --------------  -------------------
/opt/airflow/dags/timeseries_pipeline.py                                   1           0  1.90s           2025-09-19T12:41:02
/opt/airflow/dags/etl_timeseries_csv_pipeline.py                           1           0  0.24s           2025-09-19T12:40:38
================================================================================
[2025-09-19T12:41:37.468+0000] {manager.py:878} INFO - 
================================================================================
DAG File Processing Stats

File Path                                         PID    Runtime      # DAGs    # Errors  Last Runtime    Last Run
------------------------------------------------  -----  ---------  --------  ----------  --------------  -------------------
/opt/airflow/dags/timeseries_pipeline.py                                   1           0  2.12s           2025-09-19T12:41:35
/opt/airflow/dags/etl_timeseries_csv_pipeline.py                           1           0  0.24s           2025-09-19T12:41:09
================================================================================
[2025-09-19T12:42:08.036+0000] {manager.py:878} INFO - 
================================================================================
DAG File Processing Stats

File Path                                         PID    Runtime      # DAGs    # Errors  Last Runtime    Last Run
------------------------------------------------  -----  ---------  --------  ----------  --------------  -------------------
/opt/airflow/dags/timeseries_pipeline.py                                   1           0  1.94s           2025-09-19T12:42:08
/opt/airflow/dags/etl_timeseries_csv_pipeline.py                           1           0  0.26s           2025-09-19T12:41:39
================================================================================
[2025-09-19T12:42:38.817+0000] {manager.py:878} INFO - 
================================================================================
DAG File Processing Stats

File Path                                           PID  Runtime      # DAGs    # Errors  Last Runtime    Last Run
------------------------------------------------  -----  ---------  --------  ----------  --------------  -------------------
/opt/airflow/dags/timeseries_pipeline.py            433  0.01s             1           0  1.94s           2025-09-19T12:42:08
/opt/airflow/dags/etl_timeseries_csv_pipeline.py                           1           0  0.28s           2025-09-19T12:42:10
================================================================================
[2025-09-19T12:43:09.434+0000] {manager.py:878} INFO - 
================================================================================
DAG File Processing Stats

File Path                                         PID    Runtime      # DAGs    # Errors  Last Runtime    Last Run
------------------------------------------------  -----  ---------  --------  ----------  --------------  -------------------
/opt/airflow/dags/timeseries_pipeline.py                                   1           0  1.40s           2025-09-19T12:42:40
/opt/airflow/dags/etl_timeseries_csv_pipeline.py                           1           0  0.21s           2025-09-19T12:42:41
================================================================================
[2025-09-19T12:43:29.988+0000] {manager.py:737} INFO - Searching for files in /opt/airflow/dags
[2025-09-19T12:43:30.195+0000] {manager.py:740} INFO - There are 2 files in /opt/airflow/dags
[2025-09-19T12:43:40.343+0000] {manager.py:878} INFO - 
================================================================================
DAG File Processing Stats

File Path                                         PID    Runtime      # DAGs    # Errors  Last Runtime    Last Run
------------------------------------------------  -----  ---------  --------  ----------  --------------  -------------------
/opt/airflow/dags/timeseries_pipeline.py                                   1           0  1.34s           2025-09-19T12:43:11
/opt/airflow/dags/etl_timeseries_csv_pipeline.py                           1           0  0.16s           2025-09-19T12:43:11
================================================================================
[2025-09-19T12:44:11.046+0000] {manager.py:878} INFO - 
================================================================================
DAG File Processing Stats

File Path                                         PID    Runtime      # DAGs    # Errors  Last Runtime    Last Run
------------------------------------------------  -----  ---------  --------  ----------  --------------  -------------------
/opt/airflow/dags/timeseries_pipeline.py                                   1           0  1.24s           2025-09-19T12:43:43
/opt/airflow/dags/etl_timeseries_csv_pipeline.py                           1           0  0.20s           2025-09-19T12:43:42
================================================================================
[2025-09-19T12:44:41.639+0000] {manager.py:878} INFO - 
================================================================================
DAG File Processing Stats

File Path                                         PID    Runtime      # DAGs    # Errors  Last Runtime    Last Run
------------------------------------------------  -----  ---------  --------  ----------  --------------  -------------------
/opt/airflow/dags/timeseries_pipeline.py                                   1           0  1.52s           2025-09-19T12:44:15
/opt/airflow/dags/etl_timeseries_csv_pipeline.py                           1           0  0.16s           2025-09-19T12:44:13
================================================================================
[2025-09-19T12:45:11.988+0000] {manager.py:878} INFO - 
================================================================================
DAG File Processing Stats

File Path                                         PID    Runtime      # DAGs    # Errors  Last Runtime    Last Run
------------------------------------------------  -----  ---------  --------  ----------  --------------  -------------------
/opt/airflow/dags/timeseries_pipeline.py                                   1           0  1.69s           2025-09-19T12:44:47
/opt/airflow/dags/etl_timeseries_csv_pipeline.py                           1           0  0.25s           2025-09-19T12:44:43
================================================================================
[2025-09-19T12:45:42.574+0000] {manager.py:878} INFO - 
================================================================================
DAG File Processing Stats

File Path                                         PID    Runtime      # DAGs    # Errors  Last Runtime    Last Run
------------------------------------------------  -----  ---------  --------  ----------  --------------  -------------------
/opt/airflow/dags/timeseries_pipeline.py                                   1           0  3.78s           2025-09-19T12:45:22
/opt/airflow/dags/etl_timeseries_csv_pipeline.py                           1           0  0.49s           2025-09-19T12:45:14
================================================================================
[2025-09-19T12:46:12.863+0000] {manager.py:878} INFO - 
================================================================================
DAG File Processing Stats

File Path                                         PID    Runtime      # DAGs    # Errors  Last Runtime    Last Run
------------------------------------------------  -----  ---------  --------  ----------  --------------  -------------------
/opt/airflow/dags/timeseries_pipeline.py                                   1           0  1.79s           2025-09-19T12:45:54
/opt/airflow/dags/etl_timeseries_csv_pipeline.py                           1           0  0.31s           2025-09-19T12:45:44
================================================================================
[2025-09-19T12:46:43.269+0000] {manager.py:878} INFO - 
================================================================================
DAG File Processing Stats

File Path                                         PID    Runtime      # DAGs    # Errors  Last Runtime    Last Run
------------------------------------------------  -----  ---------  --------  ----------  --------------  -------------------
/opt/airflow/dags/timeseries_pipeline.py                                   1           0  2.55s           2025-09-19T12:46:27
/opt/airflow/dags/etl_timeseries_csv_pipeline.py                           1           0  0.44s           2025-09-19T12:46:15
================================================================================
[2025-09-19T12:47:13.804+0000] {manager.py:878} INFO - 
================================================================================
DAG File Processing Stats

File Path                                         PID    Runtime      # DAGs    # Errors  Last Runtime    Last Run
------------------------------------------------  -----  ---------  --------  ----------  --------------  -------------------
/opt/airflow/dags/timeseries_pipeline.py                                   1           0  1.95s           2025-09-19T12:46:59
/opt/airflow/dags/etl_timeseries_csv_pipeline.py                           1           0  0.29s           2025-09-19T12:46:46
================================================================================
[2025-09-19T12:47:44.498+0000] {manager.py:878} INFO - 
================================================================================
DAG File Processing Stats

File Path                                         PID    Runtime      # DAGs    # Errors  Last Runtime    Last Run
------------------------------------------------  -----  ---------  --------  ----------  --------------  -------------------
/opt/airflow/dags/timeseries_pipeline.py                                   1           0  2.11s           2025-09-19T12:47:32
/opt/airflow/dags/etl_timeseries_csv_pipeline.py                           1           0  0.32s           2025-09-19T12:47:17
================================================================================
[2025-09-19T12:48:14.824+0000] {manager.py:878} INFO - 
================================================================================
DAG File Processing Stats

File Path                                         PID    Runtime      # DAGs    # Errors  Last Runtime    Last Run
------------------------------------------------  -----  ---------  --------  ----------  --------------  -------------------
/opt/airflow/dags/timeseries_pipeline.py                                   1           0  1.72s           2025-09-19T12:48:04
/opt/airflow/dags/etl_timeseries_csv_pipeline.py                           1           0  0.31s           2025-09-19T12:47:47
================================================================================
[2025-09-19T12:48:30.663+0000] {manager.py:737} INFO - Searching for files in /opt/airflow/dags
[2025-09-19T12:48:30.824+0000] {manager.py:740} INFO - There are 2 files in /opt/airflow/dags
[2025-09-19T12:48:45.088+0000] {manager.py:878} INFO - 
================================================================================
DAG File Processing Stats

File Path                                         PID    Runtime      # DAGs    # Errors  Last Runtime    Last Run
------------------------------------------------  -----  ---------  --------  ----------  --------------  -------------------
/opt/airflow/dags/timeseries_pipeline.py                                   1           0  1.41s           2025-09-19T12:48:36
/opt/airflow/dags/etl_timeseries_csv_pipeline.py                           1           0  0.24s           2025-09-19T12:48:18
================================================================================
[2025-09-19T12:49:15.645+0000] {manager.py:878} INFO - 
================================================================================
DAG File Processing Stats

File Path                                         PID    Runtime      # DAGs    # Errors  Last Runtime    Last Run
------------------------------------------------  -----  ---------  --------  ----------  --------------  -------------------
/opt/airflow/dags/timeseries_pipeline.py                                   1           0  2.01s           2025-09-19T12:49:08
/opt/airflow/dags/etl_timeseries_csv_pipeline.py                           1           0  0.22s           2025-09-19T12:48:49
================================================================================
[2025-09-19T12:49:46.378+0000] {manager.py:878} INFO - 
================================================================================
DAG File Processing Stats

File Path                                         PID    Runtime      # DAGs    # Errors  Last Runtime    Last Run
------------------------------------------------  -----  ---------  --------  ----------  --------------  -------------------
/opt/airflow/dags/timeseries_pipeline.py                                   1           0  1.44s           2025-09-19T12:49:40
/opt/airflow/dags/etl_timeseries_csv_pipeline.py                           1           0  0.33s           2025-09-19T12:49:20
================================================================================
[2025-09-19T12:50:17.142+0000] {manager.py:878} INFO - 
================================================================================
DAG File Processing Stats

File Path                                         PID    Runtime      # DAGs    # Errors  Last Runtime    Last Run
------------------------------------------------  -----  ---------  --------  ----------  --------------  -------------------
/opt/airflow/dags/timeseries_pipeline.py                                   1           0  2.46s           2025-09-19T12:50:13
/opt/airflow/dags/etl_timeseries_csv_pipeline.py                           1           0  0.25s           2025-09-19T12:49:50
================================================================================
[2025-09-19T12:50:47.865+0000] {manager.py:878} INFO - 
================================================================================
DAG File Processing Stats

File Path                                         PID    Runtime      # DAGs    # Errors  Last Runtime    Last Run
------------------------------------------------  -----  ---------  --------  ----------  --------------  -------------------
/opt/airflow/dags/timeseries_pipeline.py                                   1           0  1.31s           2025-09-19T12:50:44
/opt/airflow/dags/etl_timeseries_csv_pipeline.py                           1           0  0.27s           2025-09-19T12:50:21
================================================================================
[2025-09-19T12:51:18.088+0000] {manager.py:878} INFO - 
================================================================================
DAG File Processing Stats

File Path                                         PID    Runtime      # DAGs    # Errors  Last Runtime    Last Run
------------------------------------------------  -----  ---------  --------  ----------  --------------  -------------------
/opt/airflow/dags/timeseries_pipeline.py                                   1           0  1.58s           2025-09-19T12:51:17
/opt/airflow/dags/etl_timeseries_csv_pipeline.py                           1           0  0.18s           2025-09-19T12:50:52
================================================================================
[2025-09-19T12:51:48.354+0000] {manager.py:878} INFO - 
================================================================================
DAG File Processing Stats

File Path                                           PID  Runtime      # DAGs    # Errors  Last Runtime    Last Run
------------------------------------------------  -----  ---------  --------  ----------  --------------  -------------------
/opt/airflow/dags/timeseries_pipeline.py            722  1.21s             1           0  1.58s           2025-09-19T12:51:17
/opt/airflow/dags/etl_timeseries_csv_pipeline.py                           1           0  0.29s           2025-09-19T12:51:22
================================================================================
[2025-09-19T12:52:18.818+0000] {manager.py:878} INFO - 
================================================================================
DAG File Processing Stats

File Path                                         PID    Runtime      # DAGs    # Errors  Last Runtime    Last Run
------------------------------------------------  -----  ---------  --------  ----------  --------------  -------------------
/opt/airflow/dags/timeseries_pipeline.py                                   1           0  2.13s           2025-09-19T12:51:49
/opt/airflow/dags/etl_timeseries_csv_pipeline.py                           1           0  0.19s           2025-09-19T12:51:53
================================================================================
[2025-09-19T12:52:49.536+0000] {manager.py:878} INFO - 
================================================================================
DAG File Processing Stats

File Path                                         PID    Runtime      # DAGs    # Errors  Last Runtime    Last Run
------------------------------------------------  -----  ---------  --------  ----------  --------------  -------------------
/opt/airflow/dags/timeseries_pipeline.py                                   1           0  1.42s           2025-09-19T12:52:21
/opt/airflow/dags/etl_timeseries_csv_pipeline.py                           1           0  0.15s           2025-09-19T12:52:24
================================================================================
[2025-09-19T12:53:19.865+0000] {manager.py:878} INFO - 
================================================================================
DAG File Processing Stats

File Path                                         PID    Runtime      # DAGs    # Errors  Last Runtime    Last Run
------------------------------------------------  -----  ---------  --------  ----------  --------------  -------------------
/opt/airflow/dags/timeseries_pipeline.py                                   1           0  1.63s           2025-09-19T12:52:53
/opt/airflow/dags/etl_timeseries_csv_pipeline.py                           1           0  0.26s           2025-09-19T12:52:54
================================================================================
[2025-09-19T12:53:31.076+0000] {manager.py:737} INFO - Searching for files in /opt/airflow/dags
[2025-09-19T12:53:31.425+0000] {manager.py:740} INFO - There are 2 files in /opt/airflow/dags
[2025-09-19T12:53:50.643+0000] {manager.py:878} INFO - 
================================================================================
DAG File Processing Stats

File Path                                         PID    Runtime      # DAGs    # Errors  Last Runtime    Last Run
------------------------------------------------  -----  ---------  --------  ----------  --------------  -------------------
/opt/airflow/dags/timeseries_pipeline.py                                   1           0  1.43s           2025-09-19T12:53:25
/opt/airflow/dags/etl_timeseries_csv_pipeline.py                           1           0  0.18s           2025-09-19T12:53:24
================================================================================
[2025-09-19T12:54:20.787+0000] {manager.py:878} INFO - 
================================================================================
DAG File Processing Stats

File Path                                         PID    Runtime      # DAGs    # Errors  Last Runtime    Last Run
------------------------------------------------  -----  ---------  --------  ----------  --------------  -------------------
/opt/airflow/dags/timeseries_pipeline.py                                   1           0  1.81s           2025-09-19T12:53:57
/opt/airflow/dags/etl_timeseries_csv_pipeline.py                           1           0  0.29s           2025-09-19T12:53:56
================================================================================
[2025-09-19T12:54:51.233+0000] {manager.py:878} INFO - 
================================================================================
DAG File Processing Stats

File Path                                         PID    Runtime      # DAGs    # Errors  Last Runtime    Last Run
------------------------------------------------  -----  ---------  --------  ----------  --------------  -------------------
/opt/airflow/dags/timeseries_pipeline.py                                   1           0  2.04s           2025-09-19T12:54:30
/opt/airflow/dags/etl_timeseries_csv_pipeline.py                           1           0  0.54s           2025-09-19T12:54:27
================================================================================
[2025-09-19T12:55:21.974+0000] {manager.py:878} INFO - 
================================================================================
DAG File Processing Stats

File Path                                         PID    Runtime      # DAGs    # Errors  Last Runtime    Last Run
------------------------------------------------  -----  ---------  --------  ----------  --------------  -------------------
/opt/airflow/dags/timeseries_pipeline.py                                   1           0  1.56s           2025-09-19T12:55:02
/opt/airflow/dags/etl_timeseries_csv_pipeline.py                           1           0  0.23s           2025-09-19T12:54:57
================================================================================
[2025-09-19T12:55:52.323+0000] {manager.py:878} INFO - 
================================================================================
DAG File Processing Stats

File Path                                         PID    Runtime      # DAGs    # Errors  Last Runtime    Last Run
------------------------------------------------  -----  ---------  --------  ----------  --------------  -------------------
/opt/airflow/dags/timeseries_pipeline.py                                   1           0  1.57s           2025-09-19T12:55:34
/opt/airflow/dags/etl_timeseries_csv_pipeline.py                           1           0  0.29s           2025-09-19T12:55:28
================================================================================
[2025-09-19T12:56:22.828+0000] {manager.py:878} INFO - 
================================================================================
DAG File Processing Stats

File Path                                         PID    Runtime      # DAGs    # Errors  Last Runtime    Last Run
------------------------------------------------  -----  ---------  --------  ----------  --------------  -------------------
/opt/airflow/dags/timeseries_pipeline.py                                   1           0  1.86s           2025-09-19T12:56:06
/opt/airflow/dags/etl_timeseries_csv_pipeline.py                           1           0  0.21s           2025-09-19T12:55:58
================================================================================
[2025-09-19T12:56:53.061+0000] {manager.py:878} INFO - 
================================================================================
DAG File Processing Stats

File Path                                         PID    Runtime      # DAGs    # Errors  Last Runtime    Last Run
------------------------------------------------  -----  ---------  --------  ----------  --------------  -------------------
/opt/airflow/dags/timeseries_pipeline.py                                   1           0  1.69s           2025-09-19T12:56:38
/opt/airflow/dags/etl_timeseries_csv_pipeline.py                           1           0  0.26s           2025-09-19T12:56:29
================================================================================
[2025-09-19T12:57:23.274+0000] {manager.py:878} INFO - 
================================================================================
DAG File Processing Stats

File Path                                         PID    Runtime      # DAGs    # Errors  Last Runtime    Last Run
------------------------------------------------  -----  ---------  --------  ----------  --------------  -------------------
/opt/airflow/dags/timeseries_pipeline.py                                   1           0  1.56s           2025-09-19T12:57:10
/opt/airflow/dags/etl_timeseries_csv_pipeline.py                           1           0  0.22s           2025-09-19T12:57:00
================================================================================
[2025-09-19T12:57:53.909+0000] {manager.py:878} INFO - 
================================================================================
DAG File Processing Stats

File Path                                         PID    Runtime      # DAGs    # Errors  Last Runtime    Last Run
------------------------------------------------  -----  ---------  --------  ----------  --------------  -------------------
/opt/airflow/dags/timeseries_pipeline.py                                   1           0  2.11s           2025-09-19T12:57:42
/opt/airflow/dags/etl_timeseries_csv_pipeline.py                           1           0  0.21s           2025-09-19T12:57:30
================================================================================
[2025-09-19T12:58:24.078+0000] {manager.py:878} INFO - 
================================================================================
DAG File Processing Stats

File Path                                         PID    Runtime      # DAGs    # Errors  Last Runtime    Last Run
------------------------------------------------  -----  ---------  --------  ----------  --------------  -------------------
/opt/airflow/dags/timeseries_pipeline.py                                   1           0  1.53s           2025-09-19T12:58:14
/opt/airflow/dags/etl_timeseries_csv_pipeline.py                           1           0  0.22s           2025-09-19T12:58:01
================================================================================
[2025-09-19T12:58:31.299+0000] {manager.py:737} INFO - Searching for files in /opt/airflow/dags
[2025-09-19T12:58:31.483+0000] {manager.py:740} INFO - There are 2 files in /opt/airflow/dags
[2025-09-19T12:58:54.593+0000] {manager.py:878} INFO - 
================================================================================
DAG File Processing Stats

File Path                                         PID    Runtime      # DAGs    # Errors  Last Runtime    Last Run
------------------------------------------------  -----  ---------  --------  ----------  --------------  -------------------
/opt/airflow/dags/timeseries_pipeline.py                                   1           0  1.76s           2025-09-19T12:58:47
/opt/airflow/dags/etl_timeseries_csv_pipeline.py                           1           0  0.24s           2025-09-19T12:58:31
================================================================================
[2025-09-19T12:59:25.337+0000] {manager.py:878} INFO - 
================================================================================
DAG File Processing Stats

File Path                                         PID    Runtime      # DAGs    # Errors  Last Runtime    Last Run
------------------------------------------------  -----  ---------  --------  ----------  --------------  -------------------
/opt/airflow/dags/timeseries_pipeline.py                                   1           0  1.54s           2025-09-19T12:59:19
/opt/airflow/dags/etl_timeseries_csv_pipeline.py                           1           0  0.23s           2025-09-19T12:59:02
================================================================================
[2025-09-19T12:59:55.531+0000] {manager.py:878} INFO - 
================================================================================
DAG File Processing Stats

File Path                                         PID    Runtime      # DAGs    # Errors  Last Runtime    Last Run
------------------------------------------------  -----  ---------  --------  ----------  --------------  -------------------
/opt/airflow/dags/timeseries_pipeline.py                                   1           0  1.68s           2025-09-19T12:59:51
/opt/airflow/dags/etl_timeseries_csv_pipeline.py                           1           0  0.22s           2025-09-19T12:59:32
================================================================================
[2025-09-19T13:00:26.226+0000] {manager.py:878} INFO - 
================================================================================
DAG File Processing Stats

File Path                                         PID    Runtime      # DAGs    # Errors  Last Runtime    Last Run
------------------------------------------------  -----  ---------  --------  ----------  --------------  -------------------
/opt/airflow/dags/timeseries_pipeline.py                                   1           0  1.34s           2025-09-19T13:00:23
/opt/airflow/dags/etl_timeseries_csv_pipeline.py                           1           0  0.17s           2025-09-19T13:00:02
================================================================================
[2025-09-19T13:00:57.033+0000] {manager.py:878} INFO - 
================================================================================
DAG File Processing Stats

File Path                                         PID    Runtime      # DAGs    # Errors  Last Runtime    Last Run
------------------------------------------------  -----  ---------  --------  ----------  --------------  -------------------
/opt/airflow/dags/timeseries_pipeline.py                                   1           0  1.33s           2025-09-19T13:00:55
/opt/airflow/dags/etl_timeseries_csv_pipeline.py                           1           0  0.25s           2025-09-19T13:00:33
================================================================================
[2025-09-19T13:01:27.451+0000] {manager.py:878} INFO - 
================================================================================
DAG File Processing Stats

File Path                                         PID    Runtime      # DAGs    # Errors  Last Runtime    Last Run
------------------------------------------------  -----  ---------  --------  ----------  --------------  -------------------
/opt/airflow/dags/timeseries_pipeline.py                                   1           0  1.87s           2025-09-19T13:01:27
/opt/airflow/dags/etl_timeseries_csv_pipeline.py                           1           0  0.22s           2025-09-19T13:01:04
================================================================================
[2025-09-19T13:01:58.083+0000] {manager.py:878} INFO - 
================================================================================
DAG File Processing Stats

File Path                                           PID  Runtime      # DAGs    # Errors  Last Runtime    Last Run
------------------------------------------------  -----  ---------  --------  ----------  --------------  -------------------
/opt/airflow/dags/timeseries_pipeline.py            997  0.01s             1           0  1.87s           2025-09-19T13:01:27
/opt/airflow/dags/etl_timeseries_csv_pipeline.py                           1           0  0.29s           2025-09-19T13:01:34
================================================================================
[2025-09-19T13:02:28.849+0000] {manager.py:878} INFO - 
================================================================================
DAG File Processing Stats

File Path                                         PID    Runtime      # DAGs    # Errors  Last Runtime    Last Run
------------------------------------------------  -----  ---------  --------  ----------  --------------  -------------------
/opt/airflow/dags/timeseries_pipeline.py                                   1           0  2.12s           2025-09-19T13:02:00
/opt/airflow/dags/etl_timeseries_csv_pipeline.py                           1           0  0.29s           2025-09-19T13:02:05
================================================================================
[2025-09-19T13:02:59.088+0000] {manager.py:878} INFO - 
================================================================================
DAG File Processing Stats

File Path                                         PID    Runtime      # DAGs    # Errors  Last Runtime    Last Run
------------------------------------------------  -----  ---------  --------  ----------  --------------  -------------------
/opt/airflow/dags/timeseries_pipeline.py                                   1           0  1.71s           2025-09-19T13:02:32
/opt/airflow/dags/etl_timeseries_csv_pipeline.py                           1           0  0.24s           2025-09-19T13:02:36
================================================================================
[2025-09-19T13:03:30.101+0000] {manager.py:878} INFO - 
================================================================================
DAG File Processing Stats

File Path                                         PID    Runtime      # DAGs    # Errors  Last Runtime    Last Run
------------------------------------------------  -----  ---------  --------  ----------  --------------  -------------------
/opt/airflow/dags/timeseries_pipeline.py                                   1           0  1.27s           2025-09-19T13:03:04
/opt/airflow/dags/etl_timeseries_csv_pipeline.py                           1           0  0.25s           2025-09-19T13:03:06
================================================================================
[2025-09-19T13:03:32.121+0000] {manager.py:737} INFO - Searching for files in /opt/airflow/dags
[2025-09-19T13:03:32.317+0000] {manager.py:740} INFO - There are 2 files in /opt/airflow/dags
[2025-09-19T13:04:00.445+0000] {manager.py:878} INFO - 
================================================================================
DAG File Processing Stats

File Path                                         PID    Runtime      # DAGs    # Errors  Last Runtime    Last Run
------------------------------------------------  -----  ---------  --------  ----------  --------------  -------------------
/opt/airflow/dags/timeseries_pipeline.py                                   1           0  1.62s           2025-09-19T13:03:37
/opt/airflow/dags/etl_timeseries_csv_pipeline.py                           1           0  0.20s           2025-09-19T13:03:37
================================================================================
[2025-09-19T13:04:31.228+0000] {manager.py:878} INFO - 
================================================================================
DAG File Processing Stats

File Path                                         PID    Runtime      # DAGs    # Errors  Last Runtime    Last Run
------------------------------------------------  -----  ---------  --------  ----------  --------------  -------------------
/opt/airflow/dags/timeseries_pipeline.py                                   1           0  1.46s           2025-09-19T13:04:09
/opt/airflow/dags/etl_timeseries_csv_pipeline.py                           1           0  0.19s           2025-09-19T13:04:07
================================================================================
[2025-09-19T13:05:01.977+0000] {manager.py:878} INFO - 
================================================================================
DAG File Processing Stats

File Path                                         PID    Runtime      # DAGs    # Errors  Last Runtime    Last Run
------------------------------------------------  -----  ---------  --------  ----------  --------------  -------------------
/opt/airflow/dags/timeseries_pipeline.py                                   1           0  1.37s           2025-09-19T13:04:40
/opt/airflow/dags/etl_timeseries_csv_pipeline.py                           1           0  0.20s           2025-09-19T13:04:38
================================================================================
[2025-09-19T13:05:33.069+0000] {manager.py:878} INFO - 
================================================================================
DAG File Processing Stats

File Path                                         PID    Runtime      # DAGs    # Errors  Last Runtime    Last Run
------------------------------------------------  -----  ---------  --------  ----------  --------------  -------------------
/opt/airflow/dags/timeseries_pipeline.py                                   1           0  2.02s           2025-09-19T13:05:13
/opt/airflow/dags/etl_timeseries_csv_pipeline.py                           1           0  0.31s           2025-09-19T13:05:09
================================================================================
[2025-09-19T13:06:03.778+0000] {manager.py:878} INFO - 
================================================================================
DAG File Processing Stats

File Path                                         PID    Runtime      # DAGs    # Errors  Last Runtime    Last Run
------------------------------------------------  -----  ---------  --------  ----------  --------------  -------------------
/opt/airflow/dags/timeseries_pipeline.py                                   1           0  1.32s           2025-09-19T13:05:44
/opt/airflow/dags/etl_timeseries_csv_pipeline.py                           1           0  0.18s           2025-09-19T13:05:40
================================================================================
[2025-09-19T13:06:34.153+0000] {manager.py:878} INFO - 
================================================================================
DAG File Processing Stats

File Path                                         PID    Runtime      # DAGs    # Errors  Last Runtime    Last Run
------------------------------------------------  -----  ---------  --------  ----------  --------------  -------------------
/opt/airflow/dags/timeseries_pipeline.py                                   1           0  1.83s           2025-09-19T13:06:16
/opt/airflow/dags/etl_timeseries_csv_pipeline.py                           1           0  0.15s           2025-09-19T13:06:11
================================================================================
[2025-09-19T13:07:04.851+0000] {manager.py:878} INFO - 
================================================================================
DAG File Processing Stats

File Path                                         PID    Runtime      # DAGs    # Errors  Last Runtime    Last Run
------------------------------------------------  -----  ---------  --------  ----------  --------------  -------------------
/opt/airflow/dags/timeseries_pipeline.py                                   1           0  1.52s           2025-09-19T13:06:48
/opt/airflow/dags/etl_timeseries_csv_pipeline.py                           1           0  0.16s           2025-09-19T13:06:41
================================================================================
[2025-09-19T13:07:35.230+0000] {manager.py:878} INFO - 
================================================================================
DAG File Processing Stats

File Path                                         PID    Runtime      # DAGs    # Errors  Last Runtime    Last Run
------------------------------------------------  -----  ---------  --------  ----------  --------------  -------------------
/opt/airflow/dags/timeseries_pipeline.py                                   1           0  1.83s           2025-09-19T13:07:20
/opt/airflow/dags/etl_timeseries_csv_pipeline.py                           1           0  0.26s           2025-09-19T13:07:12
================================================================================
[2025-09-19T13:08:05.993+0000] {manager.py:878} INFO - 
================================================================================
DAG File Processing Stats

File Path                                         PID    Runtime      # DAGs    # Errors  Last Runtime    Last Run
------------------------------------------------  -----  ---------  --------  ----------  --------------  -------------------
/opt/airflow/dags/timeseries_pipeline.py                                   1           0  1.49s           2025-09-19T13:07:52
/opt/airflow/dags/etl_timeseries_csv_pipeline.py                           1           0  0.23s           2025-09-19T13:07:42
================================================================================
[2025-09-19T13:08:32.764+0000] {manager.py:737} INFO - Searching for files in /opt/airflow/dags
[2025-09-19T13:08:32.939+0000] {manager.py:740} INFO - There are 2 files in /opt/airflow/dags
[2025-09-19T13:08:37.044+0000] {manager.py:878} INFO - 
================================================================================
DAG File Processing Stats

File Path                                         PID    Runtime      # DAGs    # Errors  Last Runtime    Last Run
------------------------------------------------  -----  ---------  --------  ----------  --------------  -------------------
/opt/airflow/dags/timeseries_pipeline.py                                   1           0  1.50s           2025-09-19T13:08:24
/opt/airflow/dags/etl_timeseries_csv_pipeline.py                           1           0  0.27s           2025-09-19T13:08:13
================================================================================
[2025-09-19T13:09:07.372+0000] {manager.py:878} INFO - 
================================================================================
DAG File Processing Stats

File Path                                         PID    Runtime      # DAGs    # Errors  Last Runtime    Last Run
------------------------------------------------  -----  ---------  --------  ----------  --------------  -------------------
/opt/airflow/dags/timeseries_pipeline.py                                   1           0  1.69s           2025-09-19T13:08:57
/opt/airflow/dags/etl_timeseries_csv_pipeline.py                           1           0  0.24s           2025-09-19T13:08:44
================================================================================
[2025-09-19T13:09:37.830+0000] {manager.py:878} INFO - 
================================================================================
DAG File Processing Stats

File Path                                         PID    Runtime      # DAGs    # Errors  Last Runtime    Last Run
------------------------------------------------  -----  ---------  --------  ----------  --------------  -------------------
/opt/airflow/dags/timeseries_pipeline.py                                   1           0  1.82s           2025-09-19T13:09:29
/opt/airflow/dags/etl_timeseries_csv_pipeline.py                           1           0  0.22s           2025-09-19T13:09:14
================================================================================
[2025-09-19T13:10:08.602+0000] {manager.py:878} INFO - 
================================================================================
DAG File Processing Stats

File Path                                         PID    Runtime      # DAGs    # Errors  Last Runtime    Last Run
------------------------------------------------  -----  ---------  --------  ----------  --------------  -------------------
/opt/airflow/dags/timeseries_pipeline.py                                   1           0  1.84s           2025-09-19T13:10:01
/opt/airflow/dags/etl_timeseries_csv_pipeline.py                           1           0  0.25s           2025-09-19T13:09:45
================================================================================
[2025-09-19T13:10:38.929+0000] {manager.py:878} INFO - 
================================================================================
DAG File Processing Stats

File Path                                         PID    Runtime      # DAGs    # Errors  Last Runtime    Last Run
------------------------------------------------  -----  ---------  --------  ----------  --------------  -------------------
/opt/airflow/dags/timeseries_pipeline.py                                   1           0  1.74s           2025-09-19T13:10:33
/opt/airflow/dags/etl_timeseries_csv_pipeline.py                           1           0  0.23s           2025-09-19T13:10:16
================================================================================
[2025-09-19T13:11:09.575+0000] {manager.py:878} INFO - 
================================================================================
DAG File Processing Stats

File Path                                         PID    Runtime      # DAGs    # Errors  Last Runtime    Last Run
------------------------------------------------  -----  ---------  --------  ----------  --------------  -------------------
/opt/airflow/dags/timeseries_pipeline.py                                   1           0  1.49s           2025-09-19T13:11:05
/opt/airflow/dags/etl_timeseries_csv_pipeline.py                           1           0  0.17s           2025-09-19T13:10:46
================================================================================
[2025-09-19T13:11:40.884+0000] {manager.py:878} INFO - 
================================================================================
DAG File Processing Stats

File Path                                         PID    Runtime      # DAGs    # Errors  Last Runtime    Last Run
------------------------------------------------  -----  ---------  --------  ----------  --------------  -------------------
/opt/airflow/dags/timeseries_pipeline.py                                   1           0  1.68s           2025-09-19T13:11:38
/opt/airflow/dags/etl_timeseries_csv_pipeline.py                           1           0  0.28s           2025-09-19T13:11:17
================================================================================
[2025-09-19T13:12:11.976+0000] {manager.py:878} INFO - 
================================================================================
DAG File Processing Stats

File Path                                         PID    Runtime      # DAGs    # Errors  Last Runtime    Last Run
------------------------------------------------  -----  ---------  --------  ----------  --------------  -------------------
/opt/airflow/dags/timeseries_pipeline.py                                   1           0  2.04s           2025-09-19T13:12:10
/opt/airflow/dags/etl_timeseries_csv_pipeline.py                           1           0  0.22s           2025-09-19T13:11:48
================================================================================
[2025-09-19T13:12:42.916+0000] {manager.py:878} INFO - 
================================================================================
DAG File Processing Stats

File Path                                         PID    Runtime      # DAGs    # Errors  Last Runtime    Last Run
------------------------------------------------  -----  ---------  --------  ----------  --------------  -------------------
/opt/airflow/dags/timeseries_pipeline.py                                   1           0  1.69s           2025-09-19T13:12:42
/opt/airflow/dags/etl_timeseries_csv_pipeline.py                           1           0  0.28s           2025-09-19T13:12:19
================================================================================
[2025-09-19T13:13:13.739+0000] {manager.py:878} INFO - 
================================================================================
DAG File Processing Stats

File Path                                           PID  Runtime      # DAGs    # Errors  Last Runtime    Last Run
------------------------------------------------  -----  ---------  --------  ----------  --------------  -------------------
/opt/airflow/dags/timeseries_pipeline.py           1266  0.01s             1           0  1.69s           2025-09-19T13:12:42
/opt/airflow/dags/etl_timeseries_csv_pipeline.py                           1           0  0.31s           2025-09-19T13:12:50
================================================================================
[2025-09-19T13:13:32.968+0000] {manager.py:737} INFO - Searching for files in /opt/airflow/dags
[2025-09-19T13:13:33.189+0000] {manager.py:740} INFO - There are 2 files in /opt/airflow/dags
[2025-09-19T13:13:44.907+0000] {manager.py:878} INFO - 
================================================================================
DAG File Processing Stats

File Path                                         PID    Runtime      # DAGs    # Errors  Last Runtime    Last Run
------------------------------------------------  -----  ---------  --------  ----------  --------------  -------------------
/opt/airflow/dags/timeseries_pipeline.py                                   1           0  1.46s           2025-09-19T13:13:15
/opt/airflow/dags/etl_timeseries_csv_pipeline.py                           1           0  0.25s           2025-09-19T13:13:21
================================================================================
[2025-09-19T13:14:15.115+0000] {manager.py:878} INFO - 
================================================================================
DAG File Processing Stats

File Path                                         PID    Runtime      # DAGs    # Errors  Last Runtime    Last Run
------------------------------------------------  -----  ---------  --------  ----------  --------------  -------------------
/opt/airflow/dags/timeseries_pipeline.py                                   1           0  1.51s           2025-09-19T13:13:47
/opt/airflow/dags/etl_timeseries_csv_pipeline.py                           1           0  0.27s           2025-09-19T13:13:51
================================================================================
[2025-09-19T13:14:45.329+0000] {manager.py:878} INFO - 
================================================================================
DAG File Processing Stats

File Path                                         PID    Runtime      # DAGs    # Errors  Last Runtime    Last Run
------------------------------------------------  -----  ---------  --------  ----------  --------------  -------------------
/opt/airflow/dags/timeseries_pipeline.py                                   1           0  1.69s           2025-09-19T13:14:19
/opt/airflow/dags/etl_timeseries_csv_pipeline.py                           1           0  0.26s           2025-09-19T13:14:22
================================================================================
[2025-09-19T13:15:16.186+0000] {manager.py:878} INFO - 
================================================================================
DAG File Processing Stats

File Path                                         PID    Runtime      # DAGs    # Errors  Last Runtime    Last Run
------------------------------------------------  -----  ---------  --------  ----------  --------------  -------------------
/opt/airflow/dags/timeseries_pipeline.py                                   1           0  1.58s           2025-09-19T13:14:52
/opt/airflow/dags/etl_timeseries_csv_pipeline.py                           1           0  0.24s           2025-09-19T13:14:52
================================================================================
[2025-09-19T13:15:47.037+0000] {manager.py:878} INFO - 
================================================================================
DAG File Processing Stats

File Path                                         PID    Runtime      # DAGs    # Errors  Last Runtime    Last Run
------------------------------------------------  -----  ---------  --------  ----------  --------------  -------------------
/opt/airflow/dags/timeseries_pipeline.py                                   1           0  1.48s           2025-09-19T13:15:23
/opt/airflow/dags/etl_timeseries_csv_pipeline.py                           1           0  0.22s           2025-09-19T13:15:23
================================================================================
[2025-09-19T13:16:17.825+0000] {manager.py:878} INFO - 
================================================================================
DAG File Processing Stats

File Path                                         PID    Runtime      # DAGs    # Errors  Last Runtime    Last Run
------------------------------------------------  -----  ---------  --------  ----------  --------------  -------------------
/opt/airflow/dags/timeseries_pipeline.py                                   1           0  1.43s           2025-09-19T13:15:55
/opt/airflow/dags/etl_timeseries_csv_pipeline.py                           1           0  0.22s           2025-09-19T13:15:54
================================================================================
[2025-09-19T13:16:48.480+0000] {manager.py:878} INFO - 
================================================================================
DAG File Processing Stats

File Path                                         PID    Runtime      # DAGs    # Errors  Last Runtime    Last Run
------------------------------------------------  -----  ---------  --------  ----------  --------------  -------------------
/opt/airflow/dags/timeseries_pipeline.py                                   1           0  1.94s           2025-09-19T13:16:28
/opt/airflow/dags/etl_timeseries_csv_pipeline.py                           1           0  0.23s           2025-09-19T13:16:25
================================================================================
[2025-09-19T13:17:19.423+0000] {manager.py:878} INFO - 
================================================================================
DAG File Processing Stats

File Path                                         PID    Runtime      # DAGs    # Errors  Last Runtime    Last Run
------------------------------------------------  -----  ---------  --------  ----------  --------------  -------------------
/opt/airflow/dags/timeseries_pipeline.py                                   1           0  1.56s           2025-09-19T13:17:00
/opt/airflow/dags/etl_timeseries_csv_pipeline.py                           1           0  0.32s           2025-09-19T13:16:55
================================================================================
[2025-09-19T13:17:49.609+0000] {manager.py:878} INFO - 
================================================================================
DAG File Processing Stats

File Path                                         PID    Runtime      # DAGs    # Errors  Last Runtime    Last Run
------------------------------------------------  -----  ---------  --------  ----------  --------------  -------------------
/opt/airflow/dags/timeseries_pipeline.py                                   1           0  1.46s           2025-09-19T13:17:32
/opt/airflow/dags/etl_timeseries_csv_pipeline.py                           1           0  0.25s           2025-09-19T13:17:26
================================================================================
[2025-09-19T13:18:20.124+0000] {manager.py:878} INFO - 
================================================================================
DAG File Processing Stats

File Path                                         PID    Runtime      # DAGs    # Errors  Last Runtime    Last Run
------------------------------------------------  -----  ---------  --------  ----------  --------------  -------------------
/opt/airflow/dags/timeseries_pipeline.py                                   1           0  1.51s           2025-09-19T13:18:03
/opt/airflow/dags/etl_timeseries_csv_pipeline.py                           1           0  0.28s           2025-09-19T13:17:57
================================================================================
[2025-09-19T13:18:33.449+0000] {manager.py:737} INFO - Searching for files in /opt/airflow/dags
[2025-09-19T13:18:33.725+0000] {manager.py:740} INFO - There are 2 files in /opt/airflow/dags
[2025-09-19T13:18:50.708+0000] {manager.py:878} INFO - 
================================================================================
DAG File Processing Stats

File Path                                         PID    Runtime      # DAGs    # Errors  Last Runtime    Last Run
------------------------------------------------  -----  ---------  --------  ----------  --------------  -------------------
/opt/airflow/dags/timeseries_pipeline.py                                   1           0  1.56s           2025-09-19T13:18:36
/opt/airflow/dags/etl_timeseries_csv_pipeline.py                           1           0  0.29s           2025-09-19T13:18:28
================================================================================
[2025-09-19T13:19:20.937+0000] {manager.py:878} INFO - 
================================================================================
DAG File Processing Stats

File Path                                         PID    Runtime      # DAGs    # Errors  Last Runtime    Last Run
------------------------------------------------  -----  ---------  --------  ----------  --------------  -------------------
/opt/airflow/dags/timeseries_pipeline.py                                   1           0  1.86s           2025-09-19T13:19:08
/opt/airflow/dags/etl_timeseries_csv_pipeline.py                           1           0  0.29s           2025-09-19T13:18:59
================================================================================
[2025-09-19T13:19:51.741+0000] {manager.py:878} INFO - 
================================================================================
DAG File Processing Stats

File Path                                         PID    Runtime      # DAGs    # Errors  Last Runtime    Last Run
------------------------------------------------  -----  ---------  --------  ----------  --------------  -------------------
/opt/airflow/dags/timeseries_pipeline.py                                   1           0  1.63s           2025-09-19T13:19:41
/opt/airflow/dags/etl_timeseries_csv_pipeline.py                           1           0  0.24s           2025-09-19T13:19:29
================================================================================
[2025-09-19T13:20:22.319+0000] {manager.py:878} INFO - 
================================================================================
DAG File Processing Stats

File Path                                         PID    Runtime      # DAGs    # Errors  Last Runtime    Last Run
------------------------------------------------  -----  ---------  --------  ----------  --------------  -------------------
/opt/airflow/dags/timeseries_pipeline.py                                   1           0  1.63s           2025-09-19T13:20:12
/opt/airflow/dags/etl_timeseries_csv_pipeline.py                           1           0  0.30s           2025-09-19T13:20:00
================================================================================
[2025-09-19T13:20:52.752+0000] {manager.py:878} INFO - 
================================================================================
DAG File Processing Stats

File Path                                         PID    Runtime      # DAGs    # Errors  Last Runtime    Last Run
------------------------------------------------  -----  ---------  --------  ----------  --------------  -------------------
/opt/airflow/dags/timeseries_pipeline.py                                   1           0  1.62s           2025-09-19T13:20:45
/opt/airflow/dags/etl_timeseries_csv_pipeline.py                           1           0  0.32s           2025-09-19T13:20:31
================================================================================
[2025-09-19T13:21:23.703+0000] {manager.py:878} INFO - 
================================================================================
DAG File Processing Stats

File Path                                         PID    Runtime      # DAGs    # Errors  Last Runtime    Last Run
------------------------------------------------  -----  ---------  --------  ----------  --------------  -------------------
/opt/airflow/dags/timeseries_pipeline.py                                   1           0  1.96s           2025-09-19T13:21:17
/opt/airflow/dags/etl_timeseries_csv_pipeline.py                           1           0  0.20s           2025-09-19T13:21:02
================================================================================
[2025-09-19T13:21:54.874+0000] {manager.py:878} INFO - 
================================================================================
DAG File Processing Stats

File Path                                         PID    Runtime      # DAGs    # Errors  Last Runtime    Last Run
------------------------------------------------  -----  ---------  --------  ----------  --------------  -------------------
/opt/airflow/dags/timeseries_pipeline.py                                   1           0  2.29s           2025-09-19T13:21:50
/opt/airflow/dags/etl_timeseries_csv_pipeline.py                           1           0  0.28s           2025-09-19T13:21:33
================================================================================
[2025-09-19T13:22:26.010+0000] {manager.py:878} INFO - 
================================================================================
DAG File Processing Stats

File Path                                         PID    Runtime      # DAGs    # Errors  Last Runtime    Last Run
------------------------------------------------  -----  ---------  --------  ----------  --------------  -------------------
/opt/airflow/dags/timeseries_pipeline.py                                   1           0  1.67s           2025-09-19T13:22:21
/opt/airflow/dags/etl_timeseries_csv_pipeline.py                           1           0  0.32s           2025-09-19T13:22:03
================================================================================
[2025-09-19T13:22:57.132+0000] {manager.py:878} INFO - 
================================================================================
DAG File Processing Stats

File Path                                         PID    Runtime      # DAGs    # Errors  Last Runtime    Last Run
------------------------------------------------  -----  ---------  --------  ----------  --------------  -------------------
/opt/airflow/dags/timeseries_pipeline.py                                   1           0  1.39s           2025-09-19T13:22:53
/opt/airflow/dags/etl_timeseries_csv_pipeline.py                           1           0  0.22s           2025-09-19T13:22:34
================================================================================
[2025-09-19T13:23:28.106+0000] {manager.py:878} INFO - 
================================================================================
DAG File Processing Stats

File Path                                         PID    Runtime      # DAGs    # Errors  Last Runtime    Last Run
------------------------------------------------  -----  ---------  --------  ----------  --------------  -------------------
/opt/airflow/dags/timeseries_pipeline.py                                   1           0  1.55s           2025-09-19T13:23:25
/opt/airflow/dags/etl_timeseries_csv_pipeline.py                           1           0  0.25s           2025-09-19T13:23:04
================================================================================
[2025-09-19T13:23:33.821+0000] {manager.py:737} INFO - Searching for files in /opt/airflow/dags
[2025-09-19T13:23:34.066+0000] {manager.py:740} INFO - There are 2 files in /opt/airflow/dags
[2025-09-19T13:23:58.881+0000] {manager.py:878} INFO - 
================================================================================
DAG File Processing Stats

File Path                                         PID    Runtime      # DAGs    # Errors  Last Runtime    Last Run
------------------------------------------------  -----  ---------  --------  ----------  --------------  -------------------
/opt/airflow/dags/timeseries_pipeline.py                                   1           0  1.73s           2025-09-19T13:23:56
/opt/airflow/dags/etl_timeseries_csv_pipeline.py                           1           0  0.20s           2025-09-19T13:23:35
================================================================================
[2025-09-19T13:24:29.777+0000] {manager.py:878} INFO - 
================================================================================
DAG File Processing Stats

File Path                                         PID    Runtime      # DAGs    # Errors  Last Runtime    Last Run
------------------------------------------------  -----  ---------  --------  ----------  --------------  -------------------
/opt/airflow/dags/timeseries_pipeline.py                                   1           0  1.68s           2025-09-19T13:24:28
/opt/airflow/dags/etl_timeseries_csv_pipeline.py                           1           0  0.27s           2025-09-19T13:24:06
================================================================================
[2025-09-19T13:25:00.603+0000] {manager.py:878} INFO - 
================================================================================
DAG File Processing Stats

File Path                                         PID    Runtime      # DAGs    # Errors  Last Runtime    Last Run
------------------------------------------------  -----  ---------  --------  ----------  --------------  -------------------
/opt/airflow/dags/timeseries_pipeline.py                                   1           0  1.62s           2025-09-19T13:25:00
/opt/airflow/dags/etl_timeseries_csv_pipeline.py                           1           0  0.22s           2025-09-19T13:24:37
================================================================================
[2025-09-19T13:25:31.563+0000] {manager.py:878} INFO - 
================================================================================
DAG File Processing Stats

File Path                                           PID  Runtime      # DAGs    # Errors  Last Runtime    Last Run
------------------------------------------------  -----  ---------  --------  ----------  --------------  -------------------
/opt/airflow/dags/timeseries_pipeline.py           1547  0.69s             1           0  1.62s           2025-09-19T13:25:00
/opt/airflow/dags/etl_timeseries_csv_pipeline.py                           1           0  0.27s           2025-09-19T13:25:07
================================================================================
[2025-09-19T13:26:02.543+0000] {manager.py:878} INFO - 
================================================================================
DAG File Processing Stats

File Path                                           PID  Runtime      # DAGs    # Errors  Last Runtime    Last Run
------------------------------------------------  -----  ---------  --------  ----------  --------------  -------------------
/opt/airflow/dags/timeseries_pipeline.py           1559  0.01s             1           0  1.53s           2025-09-19T13:25:32
/opt/airflow/dags/etl_timeseries_csv_pipeline.py                           1           0  0.26s           2025-09-19T13:25:38
================================================================================
[2025-09-19T13:26:33.817+0000] {manager.py:878} INFO - 
================================================================================
DAG File Processing Stats

File Path                                         PID    Runtime      # DAGs    # Errors  Last Runtime    Last Run
------------------------------------------------  -----  ---------  --------  ----------  --------------  -------------------
/opt/airflow/dags/timeseries_pipeline.py                                   1           0  2.00s           2025-09-19T13:26:04
/opt/airflow/dags/etl_timeseries_csv_pipeline.py                           1           0  0.24s           2025-09-19T13:26:09
================================================================================
[2025-09-19T13:27:04.653+0000] {manager.py:878} INFO - 
================================================================================
DAG File Processing Stats

File Path                                         PID    Runtime      # DAGs    # Errors  Last Runtime    Last Run
------------------------------------------------  -----  ---------  --------  ----------  --------------  -------------------
/opt/airflow/dags/timeseries_pipeline.py                                   1           0  1.87s           2025-09-19T13:26:36
/opt/airflow/dags/etl_timeseries_csv_pipeline.py                           1           0  0.29s           2025-09-19T13:26:40
================================================================================
[2025-09-19T13:27:35.791+0000] {manager.py:878} INFO - 
================================================================================
DAG File Processing Stats

File Path                                         PID    Runtime      # DAGs    # Errors  Last Runtime    Last Run
------------------------------------------------  -----  ---------  --------  ----------  --------------  -------------------
/opt/airflow/dags/timeseries_pipeline.py                                   1           0  1.83s           2025-09-19T13:27:08
/opt/airflow/dags/etl_timeseries_csv_pipeline.py                           1           0  0.25s           2025-09-19T13:27:10
================================================================================
[2025-09-19T13:28:06.986+0000] {manager.py:878} INFO - 
================================================================================
DAG File Processing Stats

File Path                                         PID    Runtime      # DAGs    # Errors  Last Runtime    Last Run
------------------------------------------------  -----  ---------  --------  ----------  --------------  -------------------
/opt/airflow/dags/timeseries_pipeline.py                                   1           0  1.91s           2025-09-19T13:27:40
/opt/airflow/dags/etl_timeseries_csv_pipeline.py                           1           0  0.23s           2025-09-19T13:27:41
================================================================================
[2025-09-19T13:28:34.145+0000] {manager.py:737} INFO - Searching for files in /opt/airflow/dags
[2025-09-19T13:28:34.390+0000] {manager.py:740} INFO - There are 2 files in /opt/airflow/dags
[2025-09-19T13:28:38.459+0000] {manager.py:878} INFO - 
================================================================================
DAG File Processing Stats

File Path                                         PID    Runtime      # DAGs    # Errors  Last Runtime    Last Run
------------------------------------------------  -----  ---------  --------  ----------  --------------  -------------------
/opt/airflow/dags/timeseries_pipeline.py                                   1           0  1.43s           2025-09-19T13:28:12
/opt/airflow/dags/etl_timeseries_csv_pipeline.py                           1           0  0.18s           2025-09-19T13:28:12
================================================================================
[2025-09-19T13:29:09.308+0000] {manager.py:878} INFO - 
================================================================================
DAG File Processing Stats

File Path                                         PID    Runtime      # DAGs    # Errors  Last Runtime    Last Run
------------------------------------------------  -----  ---------  --------  ----------  --------------  -------------------
/opt/airflow/dags/timeseries_pipeline.py                                   1           0  1.79s           2025-09-19T13:28:44
/opt/airflow/dags/etl_timeseries_csv_pipeline.py                           1           0  0.25s           2025-09-19T13:28:42
================================================================================
[2025-09-19T13:29:40.563+0000] {manager.py:878} INFO - 
================================================================================
DAG File Processing Stats

File Path                                         PID    Runtime      # DAGs    # Errors  Last Runtime    Last Run
------------------------------------------------  -----  ---------  --------  ----------  --------------  -------------------
/opt/airflow/dags/timeseries_pipeline.py                                   1           0  1.43s           2025-09-19T13:29:15
/opt/airflow/dags/etl_timeseries_csv_pipeline.py                           1           0  0.27s           2025-09-19T13:29:13
================================================================================
[2025-09-19T13:30:11.508+0000] {manager.py:878} INFO - 
================================================================================
DAG File Processing Stats

File Path                                         PID    Runtime      # DAGs    # Errors  Last Runtime    Last Run
------------------------------------------------  -----  ---------  --------  ----------  --------------  -------------------
/opt/airflow/dags/timeseries_pipeline.py                                   1           0  1.53s           2025-09-19T13:29:47
/opt/airflow/dags/etl_timeseries_csv_pipeline.py                           1           0  0.19s           2025-09-19T13:29:43
================================================================================
[2025-09-19T13:30:42.246+0000] {manager.py:878} INFO - 
================================================================================
DAG File Processing Stats

File Path                                         PID    Runtime      # DAGs    # Errors  Last Runtime    Last Run
------------------------------------------------  -----  ---------  --------  ----------  --------------  -------------------
/opt/airflow/dags/timeseries_pipeline.py                                   1           0  2.63s           2025-09-19T13:30:20
/opt/airflow/dags/etl_timeseries_csv_pipeline.py                           1           0  0.23s           2025-09-19T13:30:14
================================================================================
[2025-09-19T13:31:13.493+0000] {manager.py:878} INFO - 
================================================================================
DAG File Processing Stats

File Path                                         PID    Runtime      # DAGs    # Errors  Last Runtime    Last Run
------------------------------------------------  -----  ---------  --------  ----------  --------------  -------------------
/opt/airflow/dags/timeseries_pipeline.py                                   1           0  1.39s           2025-09-19T13:30:52
/opt/airflow/dags/etl_timeseries_csv_pipeline.py                           1           0  0.17s           2025-09-19T13:30:44
================================================================================
[2025-09-19T13:31:44.320+0000] {manager.py:878} INFO - 
================================================================================
DAG File Processing Stats

File Path                                         PID    Runtime      # DAGs    # Errors  Last Runtime    Last Run
------------------------------------------------  -----  ---------  --------  ----------  --------------  -------------------
/opt/airflow/dags/timeseries_pipeline.py                                   1           0  1.77s           2025-09-19T13:31:25
/opt/airflow/dags/etl_timeseries_csv_pipeline.py                           1           0  0.24s           2025-09-19T13:31:14
================================================================================
[2025-09-19T13:32:14.990+0000] {manager.py:878} INFO - 
================================================================================
DAG File Processing Stats

File Path                                         PID    Runtime      # DAGs    # Errors  Last Runtime    Last Run
------------------------------------------------  -----  ---------  --------  ----------  --------------  -------------------
/opt/airflow/dags/timeseries_pipeline.py                                   1           0  1.66s           2025-09-19T13:31:57
/opt/airflow/dags/etl_timeseries_csv_pipeline.py                           1           0  0.21s           2025-09-19T13:31:45
================================================================================
[2025-09-19T13:32:45.694+0000] {manager.py:878} INFO - 
================================================================================
DAG File Processing Stats

File Path                                         PID    Runtime      # DAGs    # Errors  Last Runtime    Last Run
------------------------------------------------  -----  ---------  --------  ----------  --------------  -------------------
/opt/airflow/dags/timeseries_pipeline.py                                   1           0  1.49s           2025-09-19T13:32:28
/opt/airflow/dags/etl_timeseries_csv_pipeline.py                           1           0  0.24s           2025-09-19T13:32:15
================================================================================
[2025-09-19T13:33:01.494+0000] {manager.py:452} INFO - Exiting gracefully upon receiving signal 15
[2025-10-09T11:35:15.532+0000] {manager.py:470} INFO - Processing files using up to 2 processes at a time 
[2025-10-09T11:35:15.533+0000] {manager.py:471} INFO - Process each file at most once every 30 seconds
[2025-10-09T11:35:15.534+0000] {manager.py:472} INFO - Checking for new files in /opt/airflow/dags every 300 seconds
[2025-10-09T11:35:15.535+0000] {manager.py:737} INFO - Searching for files in /opt/airflow/dags
[2025-10-09T11:35:15.724+0000] {manager.py:740} INFO - There are 2 files in /opt/airflow/dags
[2025-10-09T11:35:15.827+0000] {manager.py:878} INFO - 
================================================================================
DAG File Processing Stats

File Path                                           PID  Runtime      # DAGs    # Errors  Last Runtime    Last Run
------------------------------------------------  -----  ---------  --------  ----------  --------------  ----------
/opt/airflow/dags/etl_timeseries_csv_pipeline.py    175  0.04s             0           0
/opt/airflow/dags/timeseries_pipeline.py            172  0.05s             0           0
================================================================================
[2025-10-09T11:35:49.204+0000] {manager.py:878} INFO - 
================================================================================
DAG File Processing Stats

File Path                                           PID  Runtime      # DAGs    # Errors  Last Runtime    Last Run
------------------------------------------------  -----  ---------  --------  ----------  --------------  -------------------
/opt/airflow/dags/timeseries_pipeline.py            191  0.00s             1           0  2.58s           2025-10-09T11:35:18
/opt/airflow/dags/etl_timeseries_csv_pipeline.py                           1           0  0.12s           2025-10-09T11:35:46
================================================================================
[2025-10-09T11:36:22.183+0000] {manager.py:878} INFO - 
================================================================================
DAG File Processing Stats

File Path                                         PID    Runtime      # DAGs    # Errors  Last Runtime    Last Run
------------------------------------------------  -----  ---------  --------  ----------  --------------  -------------------
/opt/airflow/dags/timeseries_pipeline.py                                   1           0  0.74s           2025-10-09T11:36:21
/opt/airflow/dags/etl_timeseries_csv_pipeline.py                           1           0  0.12s           2025-10-09T11:36:16
================================================================================
[2025-10-09T11:36:55.355+0000] {manager.py:878} INFO - 
================================================================================
DAG File Processing Stats

File Path                                         PID    Runtime      # DAGs    # Errors  Last Runtime    Last Run
------------------------------------------------  -----  ---------  --------  ----------  --------------  -------------------
/opt/airflow/dags/timeseries_pipeline.py                                   1           0  0.74s           2025-10-09T11:36:52
/opt/airflow/dags/etl_timeseries_csv_pipeline.py                           1           0  0.12s           2025-10-09T11:36:46
================================================================================
[2025-10-09T11:37:26.832+0000] {manager.py:878} INFO - 
================================================================================
DAG File Processing Stats

File Path                                         PID    Runtime      # DAGs    # Errors  Last Runtime    Last Run
------------------------------------------------  -----  ---------  --------  ----------  --------------  -------------------
/opt/airflow/dags/timeseries_pipeline.py                                   1           0  0.78s           2025-10-09T11:37:23
/opt/airflow/dags/etl_timeseries_csv_pipeline.py                           1           0  0.12s           2025-10-09T11:37:17
================================================================================
[2025-10-09T11:37:58.103+0000] {manager.py:878} INFO - 
================================================================================
DAG File Processing Stats

File Path                                         PID    Runtime      # DAGs    # Errors  Last Runtime    Last Run
------------------------------------------------  -----  ---------  --------  ----------  --------------  -------------------
/opt/airflow/dags/timeseries_pipeline.py                                   1           0  0.76s           2025-10-09T11:37:55
/opt/airflow/dags/etl_timeseries_csv_pipeline.py                           1           0  0.11s           2025-10-09T11:37:47
================================================================================
[2025-10-09T11:38:29.027+0000] {manager.py:878} INFO - 
================================================================================
DAG File Processing Stats

File Path                                         PID    Runtime      # DAGs    # Errors  Last Runtime    Last Run
------------------------------------------------  -----  ---------  --------  ----------  --------------  -------------------
/opt/airflow/dags/timeseries_pipeline.py                                   1           0  0.83s           2025-10-09T11:38:26
/opt/airflow/dags/etl_timeseries_csv_pipeline.py                           1           0  0.12s           2025-10-09T11:38:18
================================================================================
[2025-10-09T11:38:38.196+0000] {manager.py:452} INFO - Exiting gracefully upon receiving signal 15
[2025-10-09T11:39:27.525+0000] {manager.py:470} INFO - Processing files using up to 2 processes at a time 
[2025-10-09T11:39:27.526+0000] {manager.py:471} INFO - Process each file at most once every 30 seconds
[2025-10-09T11:39:27.527+0000] {manager.py:472} INFO - Checking for new files in /opt/airflow/dags every 300 seconds
[2025-10-09T11:39:27.528+0000] {manager.py:737} INFO - Searching for files in /opt/airflow/dags
[2025-10-09T11:39:27.612+0000] {manager.py:740} INFO - There are 2 files in /opt/airflow/dags
[2025-10-09T11:39:27.687+0000] {manager.py:878} INFO - 
================================================================================
DAG File Processing Stats

File Path                                           PID  Runtime      # DAGs    # Errors  Last Runtime    Last Run
------------------------------------------------  -----  ---------  --------  ----------  --------------  ----------
/opt/airflow/dags/etl_timeseries_csv_pipeline.py    175  0.03s             0           0
/opt/airflow/dags/timeseries_pipeline.py            172  0.04s             0           0
================================================================================
[2025-10-09T11:39:58.896+0000] {manager.py:878} INFO - 
================================================================================
DAG File Processing Stats

File Path                                         PID    Runtime      # DAGs    # Errors  Last Runtime    Last Run
------------------------------------------------  -----  ---------  --------  ----------  --------------  -------------------
/opt/airflow/dags/timeseries_pipeline.py                                   1           0  1.68s           2025-10-09T11:39:29
/opt/airflow/dags/etl_timeseries_csv_pipeline.py                           1           0  0.28s           2025-10-09T11:39:58
================================================================================
[2025-10-09T11:40:29.756+0000] {manager.py:878} INFO - 
================================================================================
DAG File Processing Stats

File Path                                         PID    Runtime      # DAGs    # Errors  Last Runtime    Last Run
------------------------------------------------  -----  ---------  --------  ----------  --------------  -------------------
/opt/airflow/dags/timeseries_pipeline.py                                   1           0  0.86s           2025-10-09T11:40:00
/opt/airflow/dags/etl_timeseries_csv_pipeline.py                           1           0  0.13s           2025-10-09T11:40:28
================================================================================
[2025-10-09T11:41:00.558+0000] {manager.py:878} INFO - 
================================================================================
DAG File Processing Stats

File Path                                         PID    Runtime      # DAGs    # Errors  Last Runtime    Last Run
------------------------------------------------  -----  ---------  --------  ----------  --------------  -------------------
/opt/airflow/dags/timeseries_pipeline.py                                   1           0  0.81s           2025-10-09T11:40:31
/opt/airflow/dags/etl_timeseries_csv_pipeline.py                           1           0  0.10s           2025-10-09T11:40:59
================================================================================
[2025-10-09T11:41:32.020+0000] {manager.py:878} INFO - 
================================================================================
DAG File Processing Stats

File Path                                         PID    Runtime      # DAGs    # Errors  Last Runtime    Last Run
------------------------------------------------  -----  ---------  --------  ----------  --------------  -------------------
/opt/airflow/dags/timeseries_pipeline.py                                   1           0  0.74s           2025-10-09T11:41:03
/opt/airflow/dags/etl_timeseries_csv_pipeline.py                           1           0  0.10s           2025-10-09T11:41:30
================================================================================
[2025-10-09T11:42:04.872+0000] {manager.py:878} INFO - 
================================================================================
DAG File Processing Stats

File Path                                           PID  Runtime      # DAGs    # Errors  Last Runtime    Last Run
------------------------------------------------  -----  ---------  --------  ----------  --------------  -------------------
/opt/airflow/dags/timeseries_pipeline.py            239  0.00s             1           0  0.80s           2025-10-09T11:41:34
/opt/airflow/dags/etl_timeseries_csv_pipeline.py                           1           0  0.11s           2025-10-09T11:42:00
================================================================================
[2025-10-09T11:42:37.841+0000] {manager.py:878} INFO - 
================================================================================
DAG File Processing Stats

File Path                                         PID    Runtime      # DAGs    # Errors  Last Runtime    Last Run
------------------------------------------------  -----  ---------  --------  ----------  --------------  -------------------
/opt/airflow/dags/timeseries_pipeline.py                                   1           0  0.81s           2025-10-09T11:42:36
/opt/airflow/dags/etl_timeseries_csv_pipeline.py                           1           0  0.12s           2025-10-09T11:42:31
================================================================================
[2025-10-09T11:43:08.442+0000] {manager.py:878} INFO - 
================================================================================
DAG File Processing Stats

File Path                                         PID    Runtime      # DAGs    # Errors  Last Runtime    Last Run
------------------------------------------------  -----  ---------  --------  ----------  --------------  -------------------
/opt/airflow/dags/timeseries_pipeline.py                                   1           0  0.77s           2025-10-09T11:43:08
/opt/airflow/dags/etl_timeseries_csv_pipeline.py                           1           0  0.12s           2025-10-09T11:43:01
================================================================================
[2025-10-09T11:43:39.648+0000] {manager.py:878} INFO - 
================================================================================
DAG File Processing Stats

File Path                                         PID    Runtime      # DAGs    # Errors  Last Runtime    Last Run
------------------------------------------------  -----  ---------  --------  ----------  --------------  -------------------
/opt/airflow/dags/timeseries_pipeline.py                                   1           0  0.76s           2025-10-09T11:43:39
/opt/airflow/dags/etl_timeseries_csv_pipeline.py                           1           0  0.12s           2025-10-09T11:43:31
================================================================================
[2025-10-09T11:44:10.973+0000] {manager.py:878} INFO - 
================================================================================
DAG File Processing Stats

File Path                                         PID    Runtime      # DAGs    # Errors  Last Runtime    Last Run
------------------------------------------------  -----  ---------  --------  ----------  --------------  -------------------
/opt/airflow/dags/timeseries_pipeline.py                                   1           0  0.78s           2025-10-09T11:44:10
/opt/airflow/dags/etl_timeseries_csv_pipeline.py                           1           0  0.10s           2025-10-09T11:44:02
================================================================================
[2025-10-09T11:44:27.848+0000] {manager.py:737} INFO - Searching for files in /opt/airflow/dags
[2025-10-09T11:44:27.941+0000] {manager.py:740} INFO - There are 2 files in /opt/airflow/dags
[2025-10-09T11:44:40.228+0000] {manager.py:452} INFO - Exiting gracefully upon receiving signal 15
[2025-10-09T11:44:56.112+0000] {manager.py:470} INFO - Processing files using up to 2 processes at a time 
[2025-10-09T11:44:56.114+0000] {manager.py:471} INFO - Process each file at most once every 30 seconds
[2025-10-09T11:44:56.115+0000] {manager.py:472} INFO - Checking for new files in /opt/airflow/dags every 300 seconds
[2025-10-09T11:44:56.116+0000] {manager.py:737} INFO - Searching for files in /opt/airflow/dags
[2025-10-09T11:44:56.192+0000] {manager.py:740} INFO - There are 2 files in /opt/airflow/dags
[2025-10-09T11:44:56.268+0000] {manager.py:878} INFO - 
================================================================================
DAG File Processing Stats

File Path                                           PID  Runtime      # DAGs    # Errors  Last Runtime    Last Run
------------------------------------------------  -----  ---------  --------  ----------  --------------  ----------
/opt/airflow/dags/etl_timeseries_csv_pipeline.py    175  0.03s             0           0
/opt/airflow/dags/timeseries_pipeline.py            172  0.04s             0           0
================================================================================
[2025-10-09T11:45:29.700+0000] {manager.py:878} INFO - 
================================================================================
DAG File Processing Stats

File Path                                         PID    Runtime      # DAGs    # Errors  Last Runtime    Last Run
------------------------------------------------  -----  ---------  --------  ----------  --------------  -------------------
/opt/airflow/dags/timeseries_pipeline.py                                   1           0  0.94s           2025-10-09T11:45:28
/opt/airflow/dags/etl_timeseries_csv_pipeline.py                           1           0  0.30s           2025-10-09T11:45:26
================================================================================
[2025-10-09T11:46:00.923+0000] {manager.py:878} INFO - 
================================================================================
DAG File Processing Stats

File Path                                         PID    Runtime      # DAGs    # Errors  Last Runtime    Last Run
------------------------------------------------  -----  ---------  --------  ----------  --------------  -------------------
/opt/airflow/dags/timeseries_pipeline.py                                   1           0  0.82s           2025-10-09T11:45:59
/opt/airflow/dags/etl_timeseries_csv_pipeline.py                           1           0  0.12s           2025-10-09T11:45:57
================================================================================
[2025-10-09T11:46:31.876+0000] {manager.py:878} INFO - 
================================================================================
DAG File Processing Stats

File Path                                         PID    Runtime      # DAGs    # Errors  Last Runtime    Last Run
------------------------------------------------  -----  ---------  --------  ----------  --------------  -------------------
/opt/airflow/dags/timeseries_pipeline.py                                   1           0  0.83s           2025-10-09T11:46:30
/opt/airflow/dags/etl_timeseries_csv_pipeline.py                           1           0  0.10s           2025-10-09T11:46:27
================================================================================
[2025-10-09T11:47:03.275+0000] {manager.py:878} INFO - 
================================================================================
DAG File Processing Stats

File Path                                         PID    Runtime      # DAGs    # Errors  Last Runtime    Last Run
------------------------------------------------  -----  ---------  --------  ----------  --------------  -------------------
/opt/airflow/dags/timeseries_pipeline.py                                   1           0  0.81s           2025-10-09T11:47:02
/opt/airflow/dags/etl_timeseries_csv_pipeline.py                           1           0  0.11s           2025-10-09T11:46:58
================================================================================
[2025-10-09T11:47:34.446+0000] {manager.py:878} INFO - 
================================================================================
DAG File Processing Stats

File Path                                         PID    Runtime      # DAGs    # Errors  Last Runtime    Last Run
------------------------------------------------  -----  ---------  --------  ----------  --------------  -------------------
/opt/airflow/dags/timeseries_pipeline.py                                   1           0  0.75s           2025-10-09T11:47:33
/opt/airflow/dags/etl_timeseries_csv_pipeline.py                           1           0  0.11s           2025-10-09T11:47:29
================================================================================
[2025-10-09T11:48:07.408+0000] {manager.py:878} INFO - 
================================================================================
DAG File Processing Stats

File Path                                         PID    Runtime      # DAGs    # Errors  Last Runtime    Last Run
------------------------------------------------  -----  ---------  --------  ----------  --------------  -------------------
/opt/airflow/dags/timeseries_pipeline.py                                   1           0  0.82s           2025-10-09T11:48:04
/opt/airflow/dags/etl_timeseries_csv_pipeline.py                           1           0  0.13s           2025-10-09T11:48:02
================================================================================
[2025-10-09T11:48:38.579+0000] {manager.py:878} INFO - 
================================================================================
DAG File Processing Stats

File Path                                         PID    Runtime      # DAGs    # Errors  Last Runtime    Last Run
------------------------------------------------  -----  ---------  --------  ----------  --------------  -------------------
/opt/airflow/dags/timeseries_pipeline.py                                   1           0  0.82s           2025-10-09T11:48:35
/opt/airflow/dags/etl_timeseries_csv_pipeline.py                           1           0  0.15s           2025-10-09T11:48:32
================================================================================
[2025-10-09T11:49:10.009+0000] {manager.py:878} INFO - 
================================================================================
DAG File Processing Stats

File Path                                         PID    Runtime      # DAGs    # Errors  Last Runtime    Last Run
------------------------------------------------  -----  ---------  --------  ----------  --------------  -------------------
/opt/airflow/dags/timeseries_pipeline.py                                   1           0  0.82s           2025-10-09T11:49:06
/opt/airflow/dags/etl_timeseries_csv_pipeline.py                           1           0  0.13s           2025-10-09T11:49:04
================================================================================
[2025-10-09T11:49:41.146+0000] {manager.py:878} INFO - 
================================================================================
DAG File Processing Stats

File Path                                         PID    Runtime      # DAGs    # Errors  Last Runtime    Last Run
------------------------------------------------  -----  ---------  --------  ----------  --------------  -------------------
/opt/airflow/dags/timeseries_pipeline.py                                   1           0  0.82s           2025-10-09T11:49:38
/opt/airflow/dags/etl_timeseries_csv_pipeline.py                           1           0  0.13s           2025-10-09T11:49:35
================================================================================
[2025-10-09T11:49:56.290+0000] {manager.py:737} INFO - Searching for files in /opt/airflow/dags
[2025-10-09T11:49:56.380+0000] {manager.py:740} INFO - There are 2 files in /opt/airflow/dags
[2025-10-09T11:49:25.013+0000] {manager.py:878} INFO - 
================================================================================
DAG File Processing Stats

File Path                                         PID    Runtime      # DAGs    # Errors  Last Runtime    Last Run
------------------------------------------------  -----  ---------  --------  ----------  --------------  -------------------
/opt/airflow/dags/timeseries_pipeline.py                                   1           0  0.82s           2025-10-09T11:49:38
/opt/airflow/dags/etl_timeseries_csv_pipeline.py                           1           0  0.13s           2025-10-09T11:49:35
================================================================================
[2025-10-09T11:50:42.604+0000] {manager.py:878} INFO - 
================================================================================
DAG File Processing Stats

File Path                                         PID    Runtime      # DAGs    # Errors  Last Runtime    Last Run
------------------------------------------------  -----  ---------  --------  ----------  --------------  -------------------
/opt/airflow/dags/timeseries_pipeline.py                                   1           0  0.77s           2025-10-09T11:50:22
/opt/airflow/dags/etl_timeseries_csv_pipeline.py                           1           0  0.10s           2025-10-09T11:50:21
================================================================================
[2025-10-09T11:51:13.981+0000] {manager.py:878} INFO - 
================================================================================
DAG File Processing Stats

File Path                                         PID    Runtime      # DAGs    # Errors  Last Runtime    Last Run
------------------------------------------------  -----  ---------  --------  ----------  --------------  -------------------
/opt/airflow/dags/timeseries_pipeline.py                                   1           0  0.79s           2025-10-09T11:50:53
/opt/airflow/dags/etl_timeseries_csv_pipeline.py                           1           0  0.13s           2025-10-09T11:50:51
================================================================================
[2025-10-09T11:51:45.164+0000] {manager.py:878} INFO - 
================================================================================
DAG File Processing Stats

File Path                                         PID    Runtime      # DAGs    # Errors  Last Runtime    Last Run
------------------------------------------------  -----  ---------  --------  ----------  --------------  -------------------
/opt/airflow/dags/timeseries_pipeline.py                                   1           0  0.80s           2025-10-09T11:51:24
/opt/airflow/dags/etl_timeseries_csv_pipeline.py                           1           0  0.11s           2025-10-09T11:51:22
================================================================================
[2025-10-09T11:52:16.193+0000] {manager.py:878} INFO - 
================================================================================
DAG File Processing Stats

File Path                                         PID    Runtime      # DAGs    # Errors  Last Runtime    Last Run
------------------------------------------------  -----  ---------  --------  ----------  --------------  -------------------
/opt/airflow/dags/timeseries_pipeline.py                                   1           0  0.84s           2025-10-09T11:51:56
/opt/airflow/dags/etl_timeseries_csv_pipeline.py                           1           0  0.13s           2025-10-09T11:51:52
================================================================================
[2025-10-09T11:52:49.261+0000] {manager.py:878} INFO - 
================================================================================
DAG File Processing Stats

File Path                                         PID    Runtime      # DAGs    # Errors  Last Runtime    Last Run
------------------------------------------------  -----  ---------  --------  ----------  --------------  -------------------
/opt/airflow/dags/timeseries_pipeline.py                                   1           0  0.75s           2025-10-09T11:52:27
/opt/airflow/dags/etl_timeseries_csv_pipeline.py                           1           0  0.11s           2025-10-09T11:52:22
================================================================================
[2025-10-09T11:53:22.418+0000] {manager.py:878} INFO - 
================================================================================
DAG File Processing Stats

File Path                                         PID    Runtime      # DAGs    # Errors  Last Runtime    Last Run
------------------------------------------------  -----  ---------  --------  ----------  --------------  -------------------
/opt/airflow/dags/timeseries_pipeline.py                                   1           0  0.79s           2025-10-09T11:52:58
/opt/airflow/dags/etl_timeseries_csv_pipeline.py                           1           0  0.11s           2025-10-09T11:52:52
================================================================================
[2025-10-09T11:53:06.195+0000] {manager.py:878} INFO - 
================================================================================
DAG File Processing Stats

File Path                                         PID    Runtime      # DAGs    # Errors  Last Runtime    Last Run
------------------------------------------------  -----  ---------  --------  ----------  --------------  -------------------
/opt/airflow/dags/timeseries_pipeline.py                                   1           0  0.83s           2025-10-09T11:53:29
/opt/airflow/dags/etl_timeseries_csv_pipeline.py                           1           0  0.12s           2025-10-09T11:53:23
================================================================================
[2025-10-09T11:54:23.727+0000] {manager.py:878} INFO - 
================================================================================
DAG File Processing Stats

File Path                                         PID    Runtime      # DAGs    # Errors  Last Runtime    Last Run
------------------------------------------------  -----  ---------  --------  ----------  --------------  -------------------
/opt/airflow/dags/timeseries_pipeline.py                                   1           0  0.79s           2025-10-09T11:54:01
/opt/airflow/dags/etl_timeseries_csv_pipeline.py                           1           0  0.11s           2025-10-09T11:54:00
================================================================================
[2025-10-09T11:54:54.528+0000] {manager.py:878} INFO - 
================================================================================
DAG File Processing Stats

File Path                                         PID    Runtime      # DAGs    # Errors  Last Runtime    Last Run
------------------------------------------------  -----  ---------  --------  ----------  --------------  -------------------
/opt/airflow/dags/timeseries_pipeline.py                                   1           0  0.82s           2025-10-09T11:54:32
/opt/airflow/dags/etl_timeseries_csv_pipeline.py                           1           0  0.11s           2025-10-09T11:54:30
================================================================================
[2025-10-09T11:54:56.554+0000] {manager.py:737} INFO - Searching for files in /opt/airflow/dags
[2025-10-09T11:54:56.648+0000] {manager.py:740} INFO - There are 2 files in /opt/airflow/dags
[2025-10-09T11:55:25.990+0000] {manager.py:878} INFO - 
================================================================================
DAG File Processing Stats

File Path                                         PID    Runtime      # DAGs    # Errors  Last Runtime    Last Run
------------------------------------------------  -----  ---------  --------  ----------  --------------  -------------------
/opt/airflow/dags/timeseries_pipeline.py                                   1           0  0.80s           2025-10-09T11:55:03
/opt/airflow/dags/etl_timeseries_csv_pipeline.py                           1           0  0.15s           2025-10-09T11:55:01
================================================================================
[2025-10-09T11:55:58.888+0000] {manager.py:878} INFO - 
================================================================================
DAG File Processing Stats

File Path                                         PID    Runtime      # DAGs    # Errors  Last Runtime    Last Run
------------------------------------------------  -----  ---------  --------  ----------  --------------  -------------------
/opt/airflow/dags/timeseries_pipeline.py                                   1           0  0.73s           2025-10-09T11:55:34
/opt/airflow/dags/etl_timeseries_csv_pipeline.py                           1           0  0.11s           2025-10-09T11:55:32
================================================================================
[2025-10-09T11:56:30.202+0000] {manager.py:878} INFO - 
================================================================================
DAG File Processing Stats

File Path                                         PID    Runtime      # DAGs    # Errors  Last Runtime    Last Run
------------------------------------------------  -----  ---------  --------  ----------  --------------  -------------------
/opt/airflow/dags/timeseries_pipeline.py                                   1           0  0.83s           2025-10-09T11:56:06
/opt/airflow/dags/etl_timeseries_csv_pipeline.py                           1           0  0.13s           2025-10-09T11:56:02
================================================================================
[2025-10-09T11:56:49.565+0000] {manager.py:452} INFO - Exiting gracefully upon receiving signal 15
[2025-10-09T12:00:55.838+0000] {manager.py:470} INFO - Processing files using up to 2 processes at a time 
[2025-10-09T12:00:55.839+0000] {manager.py:471} INFO - Process each file at most once every 30 seconds
[2025-10-09T12:00:55.839+0000] {manager.py:472} INFO - Checking for new files in /opt/airflow/dags every 300 seconds
[2025-10-09T12:00:55.840+0000] {manager.py:737} INFO - Searching for files in /opt/airflow/dags
[2025-10-09T12:00:55.914+0000] {manager.py:740} INFO - There are 2 files in /opt/airflow/dags
[2025-10-09T12:00:56.010+0000] {manager.py:878} INFO - 
================================================================================
DAG File Processing Stats

File Path                                           PID  Runtime      # DAGs    # Errors  Last Runtime    Last Run
------------------------------------------------  -----  ---------  --------  ----------  --------------  ----------
/opt/airflow/dags/etl_timeseries_csv_pipeline.py    175  0.04s             0           0
/opt/airflow/dags/timeseries_pipeline.py            172  0.05s             0           0
================================================================================
[2025-10-09T12:01:16.982+0000] {manager.py:452} INFO - Exiting gracefully upon receiving signal 15
[2025-10-09T12:01:55.317+0000] {manager.py:470} INFO - Processing files using up to 2 processes at a time 
[2025-10-09T12:01:55.318+0000] {manager.py:471} INFO - Process each file at most once every 30 seconds
[2025-10-09T12:01:55.319+0000] {manager.py:472} INFO - Checking for new files in /opt/airflow/dags every 300 seconds
[2025-10-09T12:01:55.320+0000] {manager.py:737} INFO - Searching for files in /opt/airflow/dags
[2025-10-09T12:01:55.399+0000] {manager.py:740} INFO - There are 2 files in /opt/airflow/dags
[2025-10-09T12:01:55.494+0000] {manager.py:878} INFO - 
================================================================================
DAG File Processing Stats

File Path                                           PID  Runtime      # DAGs    # Errors  Last Runtime    Last Run
------------------------------------------------  -----  ---------  --------  ----------  --------------  ----------
/opt/airflow/dags/etl_timeseries_csv_pipeline.py    175  0.03s             0           0
/opt/airflow/dags/timeseries_pipeline.py            172  0.05s             0           0
================================================================================
[2025-10-09T12:02:26.995+0000] {manager.py:878} INFO - 
================================================================================
DAG File Processing Stats

File Path                                         PID    Runtime      # DAGs    # Errors  Last Runtime    Last Run
------------------------------------------------  -----  ---------  --------  ----------  --------------  -------------------
/opt/airflow/dags/timeseries_pipeline.py                                   1           0  1.72s           2025-10-09T12:01:57
/opt/airflow/dags/etl_timeseries_csv_pipeline.py                           1           0  0.13s           2025-10-09T12:02:26
================================================================================
[2025-10-09T12:02:57.879+0000] {manager.py:878} INFO - 
================================================================================
DAG File Processing Stats

File Path                                         PID    Runtime      # DAGs    # Errors  Last Runtime    Last Run
------------------------------------------------  -----  ---------  --------  ----------  --------------  -------------------
/opt/airflow/dags/timeseries_pipeline.py                                   1           0  0.82s           2025-10-09T12:02:28
/opt/airflow/dags/etl_timeseries_csv_pipeline.py                           1           0  0.12s           2025-10-09T12:02:56
================================================================================
[2025-10-09T12:03:28.573+0000] {manager.py:878} INFO - 
================================================================================
DAG File Processing Stats

File Path                                         PID    Runtime      # DAGs    # Errors  Last Runtime    Last Run
------------------------------------------------  -----  ---------  --------  ----------  --------------  -------------------
/opt/airflow/dags/timeseries_pipeline.py                                   1           0  0.84s           2025-10-09T12:02:59
/opt/airflow/dags/etl_timeseries_csv_pipeline.py                           1           0  0.09s           2025-10-09T12:03:27
================================================================================
[2025-10-09T12:03:49.399+0000] {manager.py:452} INFO - Exiting gracefully upon receiving signal 15
[2025-10-09T12:04:08.492+0000] {manager.py:470} INFO - Processing files using up to 2 processes at a time 
[2025-10-09T12:04:08.493+0000] {manager.py:471} INFO - Process each file at most once every 30 seconds
[2025-10-09T12:04:08.493+0000] {manager.py:472} INFO - Checking for new files in /opt/airflow/dags every 300 seconds
[2025-10-09T12:04:08.494+0000] {manager.py:737} INFO - Searching for files in /opt/airflow/dags
[2025-10-09T12:04:08.566+0000] {manager.py:740} INFO - There are 2 files in /opt/airflow/dags
[2025-10-09T12:04:08.661+0000] {manager.py:878} INFO - 
================================================================================
DAG File Processing Stats

File Path                                           PID  Runtime      # DAGs    # Errors  Last Runtime    Last Run
------------------------------------------------  -----  ---------  --------  ----------  --------------  ----------
/opt/airflow/dags/etl_timeseries_csv_pipeline.py    175  0.04s             0           0
/opt/airflow/dags/timeseries_pipeline.py            172  0.05s             0           0
================================================================================
[2025-10-09T12:04:41.441+0000] {manager.py:878} INFO - 
================================================================================
DAG File Processing Stats

File Path                                         PID    Runtime      # DAGs    # Errors  Last Runtime    Last Run
------------------------------------------------  -----  ---------  --------  ----------  --------------  -------------------
/opt/airflow/dags/timeseries_pipeline.py                                   1           0  4.54s           2025-10-09T12:04:13
/opt/airflow/dags/etl_timeseries_csv_pipeline.py                           1           0  0.11s           2025-10-09T12:04:39
================================================================================
[2025-10-09T12:05:14.358+0000] {manager.py:878} INFO - 
================================================================================
DAG File Processing Stats

File Path                                         PID    Runtime      # DAGs    # Errors  Last Runtime    Last Run
------------------------------------------------  -----  ---------  --------  ----------  --------------  -------------------
/opt/airflow/dags/timeseries_pipeline.py                                   1           0  0.81s           2025-10-09T12:04:45
/opt/airflow/dags/etl_timeseries_csv_pipeline.py                           1           0  0.11s           2025-10-09T12:05:10
================================================================================
[2025-10-09T12:04:58.742+0000] {manager.py:878} INFO - 
================================================================================
DAG File Processing Stats

File Path                                         PID    Runtime      # DAGs    # Errors  Last Runtime    Last Run
------------------------------------------------  -----  ---------  --------  ----------  --------------  -------------------
/opt/airflow/dags/timeseries_pipeline.py                                   1           0  0.87s           2025-10-09T12:05:17
/opt/airflow/dags/etl_timeseries_csv_pipeline.py                           1           0  0.11s           2025-10-09T12:05:41
================================================================================
[2025-10-09T12:06:07.800+0000] {manager.py:452} INFO - Exiting gracefully upon receiving signal 15
[2025-10-09T12:06:44.358+0000] {manager.py:470} INFO - Processing files using up to 2 processes at a time 
[2025-10-09T12:06:44.359+0000] {manager.py:471} INFO - Process each file at most once every 30 seconds
[2025-10-09T12:06:44.360+0000] {manager.py:472} INFO - Checking for new files in /opt/airflow/dags every 300 seconds
[2025-10-09T12:06:44.361+0000] {manager.py:737} INFO - Searching for files in /opt/airflow/dags
[2025-10-09T12:06:44.431+0000] {manager.py:740} INFO - There are 2 files in /opt/airflow/dags
[2025-10-09T12:06:44.515+0000] {manager.py:878} INFO - 
================================================================================
DAG File Processing Stats

File Path                                           PID  Runtime      # DAGs    # Errors  Last Runtime    Last Run
------------------------------------------------  -----  ---------  --------  ----------  --------------  ----------
/opt/airflow/dags/etl_timeseries_csv_pipeline.py    175  0.03s             0           0
/opt/airflow/dags/timeseries_pipeline.py            172  0.04s             0           0
================================================================================
[2025-10-09T12:07:16.043+0000] {manager.py:878} INFO - 
================================================================================
DAG File Processing Stats

File Path                                         PID    Runtime      # DAGs    # Errors  Last Runtime    Last Run
------------------------------------------------  -----  ---------  --------  ----------  --------------  -------------------
/opt/airflow/dags/timeseries_pipeline.py                                   1           0  1.63s           2025-10-09T12:06:46
/opt/airflow/dags/etl_timeseries_csv_pipeline.py                           1           0  0.11s           2025-10-09T12:07:15
================================================================================
[2025-10-09T12:07:48.940+0000] {manager.py:878} INFO - 
================================================================================
DAG File Processing Stats

File Path                                         PID    Runtime      # DAGs    # Errors  Last Runtime    Last Run
------------------------------------------------  -----  ---------  --------  ----------  --------------  -------------------
/opt/airflow/dags/timeseries_pipeline.py                                   1           0  0.73s           2025-10-09T12:07:47
/opt/airflow/dags/etl_timeseries_csv_pipeline.py                           1           0  0.10s           2025-10-09T12:07:45
================================================================================
[2025-10-09T12:08:10.387+0000] {manager.py:452} INFO - Exiting gracefully upon receiving signal 15
[2025-10-09T12:08:27.177+0000] {manager.py:470} INFO - Processing files using up to 2 processes at a time 
[2025-10-09T12:08:27.178+0000] {manager.py:471} INFO - Process each file at most once every 30 seconds
[2025-10-09T12:08:27.179+0000] {manager.py:472} INFO - Checking for new files in /opt/airflow/dags every 300 seconds
[2025-10-09T12:08:27.180+0000] {manager.py:737} INFO - Searching for files in /opt/airflow/dags
[2025-10-09T12:08:27.267+0000] {manager.py:740} INFO - There are 2 files in /opt/airflow/dags
[2025-10-09T12:08:27.362+0000] {manager.py:878} INFO - 
================================================================================
DAG File Processing Stats

File Path                                           PID  Runtime      # DAGs    # Errors  Last Runtime    Last Run
------------------------------------------------  -----  ---------  --------  ----------  --------------  ----------
/opt/airflow/dags/etl_timeseries_csv_pipeline.py    175  0.04s             0           0
/opt/airflow/dags/timeseries_pipeline.py            172  0.05s             0           0
================================================================================
[2025-10-09T12:08:58.279+0000] {manager.py:878} INFO - 
================================================================================
DAG File Processing Stats

File Path                                           PID  Runtime      # DAGs    # Errors  Last Runtime    Last Run
------------------------------------------------  -----  ---------  --------  ----------  --------------  -------------------
/opt/airflow/dags/timeseries_pipeline.py                                   1           0  2.00s           2025-10-09T12:08:29
/opt/airflow/dags/etl_timeseries_csv_pipeline.py    186  0.00s             1           0  0.33s           2025-10-09T12:08:27
================================================================================
[2025-10-09T12:09:29.796+0000] {manager.py:878} INFO - 
================================================================================
DAG File Processing Stats

File Path                                         PID    Runtime      # DAGs    # Errors  Last Runtime    Last Run
------------------------------------------------  -----  ---------  --------  ----------  --------------  -------------------
/opt/airflow/dags/timeseries_pipeline.py                                   1           0  0.87s           2025-10-09T12:09:00
/opt/airflow/dags/etl_timeseries_csv_pipeline.py                           1           0  0.10s           2025-10-09T12:09:28
================================================================================
[2025-10-09T12:10:00.049+0000] {manager.py:452} INFO - Exiting gracefully upon receiving signal 15
[2025-10-09T12:10:21.030+0000] {manager.py:470} INFO - Processing files using up to 2 processes at a time 
[2025-10-09T12:10:21.031+0000] {manager.py:471} INFO - Process each file at most once every 30 seconds
[2025-10-09T12:10:21.031+0000] {manager.py:472} INFO - Checking for new files in /opt/airflow/dags every 300 seconds
[2025-10-09T12:10:21.032+0000] {manager.py:737} INFO - Searching for files in /opt/airflow/dags
[2025-10-09T12:10:21.088+0000] {manager.py:740} INFO - There are 2 files in /opt/airflow/dags
[2025-10-09T12:10:21.174+0000] {manager.py:878} INFO - 
================================================================================
DAG File Processing Stats

File Path                                           PID  Runtime      # DAGs    # Errors  Last Runtime    Last Run
------------------------------------------------  -----  ---------  --------  ----------  --------------  ----------
/opt/airflow/dags/etl_timeseries_csv_pipeline.py    175  0.04s             0           0
/opt/airflow/dags/timeseries_pipeline.py            172  0.05s             0           0
================================================================================
[2025-10-09T12:10:54.315+0000] {manager.py:878} INFO - 
================================================================================
DAG File Processing Stats

File Path                                         PID    Runtime      # DAGs    # Errors  Last Runtime    Last Run
------------------------------------------------  -----  ---------  --------  ----------  --------------  -------------------
/opt/airflow/dags/timeseries_pipeline.py                                   1           0  0.74s           2025-10-09T12:10:54
/opt/airflow/dags/etl_timeseries_csv_pipeline.py                           1           0  0.13s           2025-10-09T12:10:51
================================================================================
[2025-10-09T12:11:25.075+0000] {manager.py:878} INFO - 
================================================================================
DAG File Processing Stats

File Path                                         PID    Runtime      # DAGs    # Errors  Last Runtime    Last Run
------------------------------------------------  -----  ---------  --------  ----------  --------------  -------------------
/opt/airflow/dags/timeseries_pipeline.py                                   1           0  0.71s           2025-10-09T12:11:25
/opt/airflow/dags/etl_timeseries_csv_pipeline.py                           1           0  0.11s           2025-10-09T12:11:22
================================================================================
[2025-10-09T12:11:56.419+0000] {manager.py:878} INFO - 
================================================================================
DAG File Processing Stats

File Path                                         PID    Runtime      # DAGs    # Errors  Last Runtime    Last Run
------------------------------------------------  -----  ---------  --------  ----------  --------------  -------------------
/opt/airflow/dags/timeseries_pipeline.py                                   1           0  0.72s           2025-10-09T12:11:56
/opt/airflow/dags/etl_timeseries_csv_pipeline.py                           1           0  0.12s           2025-10-09T12:11:52
================================================================================
[2025-10-09T12:12:27.932+0000] {manager.py:878} INFO - 
================================================================================
DAG File Processing Stats

File Path                                         PID    Runtime      # DAGs    # Errors  Last Runtime    Last Run
------------------------------------------------  -----  ---------  --------  ----------  --------------  -------------------
/opt/airflow/dags/timeseries_pipeline.py                                   1           0  0.76s           2025-10-09T12:12:27
/opt/airflow/dags/etl_timeseries_csv_pipeline.py                           1           0  0.12s           2025-10-09T12:12:23
================================================================================
[2025-10-09T12:13:01.179+0000] {manager.py:878} INFO - 
================================================================================
DAG File Processing Stats

File Path                                         PID    Runtime      # DAGs    # Errors  Last Runtime    Last Run
------------------------------------------------  -----  ---------  --------  ----------  --------------  -------------------
/opt/airflow/dags/timeseries_pipeline.py                                   1           0  0.75s           2025-10-09T12:12:59
/opt/airflow/dags/etl_timeseries_csv_pipeline.py                           1           0  0.11s           2025-10-09T12:12:53
================================================================================
[2025-10-09T12:13:34.401+0000] {manager.py:878} INFO - 
================================================================================
DAG File Processing Stats

File Path                                         PID    Runtime      # DAGs    # Errors  Last Runtime    Last Run
------------------------------------------------  -----  ---------  --------  ----------  --------------  -------------------
/opt/airflow/dags/timeseries_pipeline.py                                   1           0  0.75s           2025-10-09T12:13:30
/opt/airflow/dags/etl_timeseries_csv_pipeline.py                           1           0  0.12s           2025-10-09T12:13:23
================================================================================
[2025-10-09T12:14:05.774+0000] {manager.py:878} INFO - 
================================================================================
DAG File Processing Stats

File Path                                         PID    Runtime      # DAGs    # Errors  Last Runtime    Last Run
------------------------------------------------  -----  ---------  --------  ----------  --------------  -------------------
/opt/airflow/dags/timeseries_pipeline.py                                   1           0  0.75s           2025-10-09T12:14:01
/opt/airflow/dags/etl_timeseries_csv_pipeline.py                           1           0  0.11s           2025-10-09T12:13:53
================================================================================
[2025-10-09T12:14:36.881+0000] {manager.py:878} INFO - 
================================================================================
DAG File Processing Stats

File Path                                         PID    Runtime      # DAGs    # Errors  Last Runtime    Last Run
------------------------------------------------  -----  ---------  --------  ----------  --------------  -------------------
/opt/airflow/dags/timeseries_pipeline.py                                   1           0  0.75s           2025-10-09T12:14:32
/opt/airflow/dags/etl_timeseries_csv_pipeline.py                           1           0  0.13s           2025-10-09T12:14:24
================================================================================
[2025-10-09T12:15:08.185+0000] {manager.py:878} INFO - 
================================================================================
DAG File Processing Stats

File Path                                         PID    Runtime      # DAGs    # Errors  Last Runtime    Last Run
------------------------------------------------  -----  ---------  --------  ----------  --------------  -------------------
/opt/airflow/dags/timeseries_pipeline.py                                   1           0  0.85s           2025-10-09T12:15:04
/opt/airflow/dags/etl_timeseries_csv_pipeline.py                           1           0  0.12s           2025-10-09T12:14:54
================================================================================
[2025-10-09T12:14:51.590+0000] {manager.py:878} INFO - 
================================================================================
DAG File Processing Stats

File Path                                         PID    Runtime      # DAGs    # Errors  Last Runtime    Last Run
------------------------------------------------  -----  ---------  --------  ----------  --------------  -------------------
/opt/airflow/dags/timeseries_pipeline.py                                   1           0  0.85s           2025-10-09T12:15:04
/opt/airflow/dags/etl_timeseries_csv_pipeline.py                           1           0  0.12s           2025-10-09T12:14:54
================================================================================
[2025-10-09T12:15:41.954+0000] {manager.py:737} INFO - Searching for files in /opt/airflow/dags
[2025-10-09T12:15:42.029+0000] {manager.py:740} INFO - There are 2 files in /opt/airflow/dags
[2025-10-09T12:16:08.982+0000] {manager.py:878} INFO - 
================================================================================
DAG File Processing Stats

File Path                                         PID    Runtime      # DAGs    # Errors  Last Runtime    Last Run
------------------------------------------------  -----  ---------  --------  ----------  --------------  -------------------
/opt/airflow/dags/timeseries_pipeline.py                                   1           0  0.80s           2025-10-09T12:15:42
/opt/airflow/dags/etl_timeseries_csv_pipeline.py                           1           0  0.10s           2025-10-09T12:15:42
================================================================================
[2025-10-09T12:16:39.954+0000] {manager.py:878} INFO - 
================================================================================
DAG File Processing Stats

File Path                                         PID    Runtime      # DAGs    # Errors  Last Runtime    Last Run
------------------------------------------------  -----  ---------  --------  ----------  --------------  -------------------
/opt/airflow/dags/timeseries_pipeline.py                                   1           0  0.88s           2025-10-09T12:16:28
/opt/airflow/dags/etl_timeseries_csv_pipeline.py                           1           0  0.11s           2025-10-09T12:16:28
================================================================================
[2025-10-09T12:17:10.231+0000] {manager.py:878} INFO - 
================================================================================
DAG File Processing Stats

File Path                                         PID    Runtime      # DAGs    # Errors  Last Runtime    Last Run
------------------------------------------------  -----  ---------  --------  ----------  --------------  -------------------
/opt/airflow/dags/timeseries_pipeline.py                                   1           0  0.90s           2025-10-09T12:17:00
/opt/airflow/dags/etl_timeseries_csv_pipeline.py                           1           0  0.10s           2025-10-09T12:16:58
================================================================================
[2025-10-09T12:17:41.116+0000] {manager.py:878} INFO - 
================================================================================
DAG File Processing Stats

File Path                                         PID    Runtime      # DAGs    # Errors  Last Runtime    Last Run
------------------------------------------------  -----  ---------  --------  ----------  --------------  -------------------
/opt/airflow/dags/timeseries_pipeline.py                                   1           0  0.70s           2025-10-09T12:17:31
/opt/airflow/dags/etl_timeseries_csv_pipeline.py                           1           0  0.11s           2025-10-09T12:17:29
================================================================================
[2025-10-09T12:18:12.331+0000] {manager.py:878} INFO - 
================================================================================
DAG File Processing Stats

File Path                                         PID    Runtime      # DAGs    # Errors  Last Runtime    Last Run
------------------------------------------------  -----  ---------  --------  ----------  --------------  -------------------
/opt/airflow/dags/timeseries_pipeline.py                                   1           0  0.80s           2025-10-09T12:18:03
/opt/airflow/dags/etl_timeseries_csv_pipeline.py                           1           0  0.12s           2025-10-09T12:17:59
================================================================================
[2025-10-09T12:18:43.703+0000] {manager.py:878} INFO - 
================================================================================
DAG File Processing Stats

File Path                                         PID    Runtime      # DAGs    # Errors  Last Runtime    Last Run
------------------------------------------------  -----  ---------  --------  ----------  --------------  -------------------
/opt/airflow/dags/timeseries_pipeline.py                                   1           0  0.84s           2025-10-09T12:18:34
/opt/airflow/dags/etl_timeseries_csv_pipeline.py                           1           0  0.12s           2025-10-09T12:18:29
================================================================================
[2025-10-09T12:19:14.843+0000] {manager.py:878} INFO - 
================================================================================
DAG File Processing Stats

File Path                                         PID    Runtime      # DAGs    # Errors  Last Runtime    Last Run
------------------------------------------------  -----  ---------  --------  ----------  --------------  -------------------
/opt/airflow/dags/timeseries_pipeline.py                                   1           0  0.74s           2025-10-09T12:19:05
/opt/airflow/dags/etl_timeseries_csv_pipeline.py                           1           0  0.10s           2025-10-09T12:18:59
================================================================================
[2025-10-09T12:19:48.004+0000] {manager.py:878} INFO - 
================================================================================
DAG File Processing Stats

File Path                                         PID    Runtime      # DAGs    # Errors  Last Runtime    Last Run
------------------------------------------------  -----  ---------  --------  ----------  --------------  -------------------
/opt/airflow/dags/timeseries_pipeline.py                                   1           0  0.74s           2025-10-09T12:19:36
/opt/airflow/dags/etl_timeseries_csv_pipeline.py                           1           0  0.12s           2025-10-09T12:19:30
================================================================================
[2025-10-09T12:19:31.771+0000] {manager.py:878} INFO - 
================================================================================
DAG File Processing Stats

File Path                                         PID    Runtime      # DAGs    # Errors  Last Runtime    Last Run
------------------------------------------------  -----  ---------  --------  ----------  --------------  -------------------
/opt/airflow/dags/timeseries_pipeline.py                                   1           0  0.84s           2025-10-09T12:20:07
/opt/airflow/dags/etl_timeseries_csv_pipeline.py                           1           0  0.15s           2025-10-09T12:20:04
================================================================================
[2025-10-09T12:20:42.133+0000] {manager.py:737} INFO - Searching for files in /opt/airflow/dags
[2025-10-09T12:20:42.216+0000] {manager.py:740} INFO - There are 2 files in /opt/airflow/dags
[2025-10-09T12:20:50.043+0000] {manager.py:878} INFO - 
================================================================================
DAG File Processing Stats

File Path                                         PID    Runtime      # DAGs    # Errors  Last Runtime    Last Run
------------------------------------------------  -----  ---------  --------  ----------  --------------  -------------------
/opt/airflow/dags/timeseries_pipeline.py                                   1           0  0.83s           2025-10-09T12:20:39
/opt/airflow/dags/etl_timeseries_csv_pipeline.py                           1           0  0.12s           2025-10-09T12:20:35
================================================================================
[2025-10-09T12:21:23.066+0000] {manager.py:878} INFO - 
================================================================================
DAG File Processing Stats

File Path                                         PID    Runtime      # DAGs    # Errors  Last Runtime    Last Run
------------------------------------------------  -----  ---------  --------  ----------  --------------  -------------------
/opt/airflow/dags/timeseries_pipeline.py                                   1           0  0.73s           2025-10-09T12:21:10
/opt/airflow/dags/etl_timeseries_csv_pipeline.py                           1           0  0.12s           2025-10-09T12:21:05
================================================================================
[2025-10-09T12:21:56.285+0000] {manager.py:878} INFO - 
================================================================================
DAG File Processing Stats

File Path                                         PID    Runtime      # DAGs    # Errors  Last Runtime    Last Run
------------------------------------------------  -----  ---------  --------  ----------  --------------  -------------------
/opt/airflow/dags/timeseries_pipeline.py                                   1           0  0.75s           2025-10-09T12:21:41
/opt/airflow/dags/etl_timeseries_csv_pipeline.py                           1           0  0.11s           2025-10-09T12:21:35
================================================================================
[2025-10-09T12:22:27.895+0000] {manager.py:878} INFO - 
================================================================================
DAG File Processing Stats

File Path                                         PID    Runtime      # DAGs    # Errors  Last Runtime    Last Run
------------------------------------------------  -----  ---------  --------  ----------  --------------  -------------------
/opt/airflow/dags/timeseries_pipeline.py                                   1           0  0.86s           2025-10-09T12:22:12
/opt/airflow/dags/etl_timeseries_csv_pipeline.py                           1           0  0.13s           2025-10-09T12:22:05
================================================================================
[2025-10-09T12:22:58.889+0000] {manager.py:878} INFO - 
================================================================================
DAG File Processing Stats

File Path                                         PID    Runtime      # DAGs    # Errors  Last Runtime    Last Run
------------------------------------------------  -----  ---------  --------  ----------  --------------  -------------------
/opt/airflow/dags/timeseries_pipeline.py                                   1           0  0.81s           2025-10-09T12:22:43
/opt/airflow/dags/etl_timeseries_csv_pipeline.py                           1           0  0.11s           2025-10-09T12:22:36
================================================================================
[2025-10-09T12:23:29.883+0000] {manager.py:878} INFO - 
================================================================================
DAG File Processing Stats

File Path                                         PID    Runtime      # DAGs    # Errors  Last Runtime    Last Run
------------------------------------------------  -----  ---------  --------  ----------  --------------  -------------------
/opt/airflow/dags/timeseries_pipeline.py                                   1           0  0.81s           2025-10-09T12:23:15
/opt/airflow/dags/etl_timeseries_csv_pipeline.py                           1           0  0.12s           2025-10-09T12:23:06
================================================================================
[2025-10-09T12:24:03.156+0000] {manager.py:878} INFO - 
================================================================================
DAG File Processing Stats

File Path                                         PID    Runtime      # DAGs    # Errors  Last Runtime    Last Run
------------------------------------------------  -----  ---------  --------  ----------  --------------  -------------------
/opt/airflow/dags/timeseries_pipeline.py                                   1           0  1.27s           2025-10-09T12:23:46
/opt/airflow/dags/etl_timeseries_csv_pipeline.py                           1           0  0.12s           2025-10-09T12:23:37
================================================================================
[2025-10-09T12:24:36.058+0000] {manager.py:878} INFO - 
================================================================================
DAG File Processing Stats

File Path                                         PID    Runtime      # DAGs    # Errors  Last Runtime    Last Run
------------------------------------------------  -----  ---------  --------  ----------  --------------  -------------------
/opt/airflow/dags/timeseries_pipeline.py                                   1           0  0.74s           2025-10-09T12:24:18
/opt/airflow/dags/etl_timeseries_csv_pipeline.py                           1           0  0.11s           2025-10-09T12:24:07
================================================================================
[2025-10-09T12:25:06.880+0000] {manager.py:878} INFO - 
================================================================================
DAG File Processing Stats

File Path                                         PID    Runtime      # DAGs    # Errors  Last Runtime    Last Run
------------------------------------------------  -----  ---------  --------  ----------  --------------  -------------------
/opt/airflow/dags/timeseries_pipeline.py                                   1           0  1.34s           2025-10-09T12:24:49
/opt/airflow/dags/etl_timeseries_csv_pipeline.py                           1           0  0.12s           2025-10-09T12:24:37
================================================================================
[2025-10-09T12:25:37.654+0000] {manager.py:878} INFO - 
================================================================================
DAG File Processing Stats

File Path                                         PID    Runtime      # DAGs    # Errors  Last Runtime    Last Run
------------------------------------------------  -----  ---------  --------  ----------  --------------  -------------------
/opt/airflow/dags/timeseries_pipeline.py                                   1           0  0.78s           2025-10-09T12:25:21
/opt/airflow/dags/etl_timeseries_csv_pipeline.py                           1           0  0.13s           2025-10-09T12:25:07
================================================================================
[2025-10-09T12:25:42.373+0000] {manager.py:737} INFO - Searching for files in /opt/airflow/dags
[2025-10-09T12:25:42.448+0000] {manager.py:740} INFO - There are 2 files in /opt/airflow/dags
[2025-10-09T12:26:08.930+0000] {manager.py:878} INFO - 
================================================================================
DAG File Processing Stats

File Path                                           PID  Runtime      # DAGs    # Errors  Last Runtime    Last Run
------------------------------------------------  -----  ---------  --------  ----------  --------------  -------------------
/opt/airflow/dags/timeseries_pipeline.py                                   1           0  1.28s           2025-10-09T12:25:52
/opt/airflow/dags/etl_timeseries_csv_pipeline.py    534  0.00s             1           0  0.13s           2025-10-09T12:25:38
================================================================================
[2025-10-09T12:26:40.304+0000] {manager.py:878} INFO - 
================================================================================
DAG File Processing Stats

File Path                                         PID    Runtime      # DAGs    # Errors  Last Runtime    Last Run
------------------------------------------------  -----  ---------  --------  ----------  --------------  -------------------
/opt/airflow/dags/timeseries_pipeline.py                                   1           0  0.80s           2025-10-09T12:26:23
/opt/airflow/dags/etl_timeseries_csv_pipeline.py                           1           0  0.12s           2025-10-09T12:26:39
================================================================================
[2025-10-09T12:27:13.567+0000] {manager.py:878} INFO - 
================================================================================
DAG File Processing Stats

File Path                                         PID    Runtime      # DAGs    # Errors  Last Runtime    Last Run
------------------------------------------------  -----  ---------  --------  ----------  --------------  -------------------
/opt/airflow/dags/timeseries_pipeline.py                                   1           0  1.26s           2025-10-09T12:26:55
/opt/airflow/dags/etl_timeseries_csv_pipeline.py                           1           0  0.13s           2025-10-09T12:27:09
================================================================================
[2025-10-09T12:27:44.384+0000] {manager.py:878} INFO - 
================================================================================
DAG File Processing Stats

File Path                                         PID    Runtime      # DAGs    # Errors  Last Runtime    Last Run
------------------------------------------------  -----  ---------  --------  ----------  --------------  -------------------
/opt/airflow/dags/timeseries_pipeline.py                                   1           0  0.79s           2025-10-09T12:27:26
/opt/airflow/dags/etl_timeseries_csv_pipeline.py                           1           0  0.11s           2025-10-09T12:27:40
================================================================================
[2025-10-09T12:28:15.824+0000] {manager.py:878} INFO - 
================================================================================
DAG File Processing Stats

File Path                                         PID    Runtime      # DAGs    # Errors  Last Runtime    Last Run
------------------------------------------------  -----  ---------  --------  ----------  --------------  -------------------
/opt/airflow/dags/timeseries_pipeline.py                                   1           0  0.83s           2025-10-09T12:27:57
/opt/airflow/dags/etl_timeseries_csv_pipeline.py                           1           0  0.12s           2025-10-09T12:28:10
================================================================================
[2025-10-09T12:28:46.898+0000] {manager.py:878} INFO - 
================================================================================
DAG File Processing Stats

File Path                                         PID    Runtime      # DAGs    # Errors  Last Runtime    Last Run
------------------------------------------------  -----  ---------  --------  ----------  --------------  -------------------
/opt/airflow/dags/timeseries_pipeline.py                                   1           0  0.82s           2025-10-09T12:28:28
/opt/airflow/dags/etl_timeseries_csv_pipeline.py                           1           0  0.13s           2025-10-09T12:28:41
================================================================================
[2025-10-09T12:29:18.140+0000] {manager.py:878} INFO - 
================================================================================
DAG File Processing Stats

File Path                                         PID    Runtime      # DAGs    # Errors  Last Runtime    Last Run
------------------------------------------------  -----  ---------  --------  ----------  --------------  -------------------
/opt/airflow/dags/timeseries_pipeline.py                                   1           0  1.31s           2025-10-09T12:29:00
/opt/airflow/dags/etl_timeseries_csv_pipeline.py                           1           0  0.11s           2025-10-09T12:29:12
================================================================================
[2025-10-09T12:29:51.154+0000] {manager.py:878} INFO - 
================================================================================
DAG File Processing Stats

File Path                                         PID    Runtime      # DAGs    # Errors  Last Runtime    Last Run
------------------------------------------------  -----  ---------  --------  ----------  --------------  -------------------
/opt/airflow/dags/timeseries_pipeline.py                                   1           0  0.88s           2025-10-09T12:29:32
/opt/airflow/dags/etl_timeseries_csv_pipeline.py                           1           0  0.10s           2025-10-09T12:29:45
================================================================================
[2025-10-09T12:30:24.337+0000] {manager.py:878} INFO - 
================================================================================
DAG File Processing Stats

File Path                                         PID    Runtime      # DAGs    # Errors  Last Runtime    Last Run
------------------------------------------------  -----  ---------  --------  ----------  --------------  -------------------
/opt/airflow/dags/timeseries_pipeline.py                                   1           0  1.06s           2025-10-09T12:30:03
/opt/airflow/dags/etl_timeseries_csv_pipeline.py                           1           0  0.13s           2025-10-09T12:30:18
================================================================================
[2025-10-09T12:30:42.423+0000] {manager.py:737} INFO - Searching for files in /opt/airflow/dags
[2025-10-09T12:30:42.533+0000] {manager.py:740} INFO - There are 2 files in /opt/airflow/dags
[2025-10-09T12:30:55.533+0000] {manager.py:878} INFO - 
================================================================================
DAG File Processing Stats

File Path                                         PID    Runtime      # DAGs    # Errors  Last Runtime    Last Run
------------------------------------------------  -----  ---------  --------  ----------  --------------  -------------------
/opt/airflow/dags/timeseries_pipeline.py                                   1           0  0.82s           2025-10-09T12:30:34
/opt/airflow/dags/etl_timeseries_csv_pipeline.py                           1           0  0.15s           2025-10-09T12:30:48
================================================================================
[2025-10-09T12:31:26.507+0000] {manager.py:878} INFO - 
================================================================================
DAG File Processing Stats

File Path                                         PID    Runtime      # DAGs    # Errors  Last Runtime    Last Run
------------------------------------------------  -----  ---------  --------  ----------  --------------  -------------------
/opt/airflow/dags/timeseries_pipeline.py                                   1           0  0.84s           2025-10-09T12:31:05
/opt/airflow/dags/etl_timeseries_csv_pipeline.py                           1           0  0.13s           2025-10-09T12:31:19
================================================================================
[2025-10-09T12:31:58.289+0000] {manager.py:878} INFO - 
================================================================================
DAG File Processing Stats

File Path                                         PID    Runtime      # DAGs    # Errors  Last Runtime    Last Run
------------------------------------------------  -----  ---------  --------  ----------  --------------  -------------------
/opt/airflow/dags/timeseries_pipeline.py                                   1           0  1.18s           2025-10-09T12:31:36
/opt/airflow/dags/etl_timeseries_csv_pipeline.py                           1           0  0.12s           2025-10-09T12:31:50
================================================================================
[2025-10-09T12:32:29.603+0000] {manager.py:878} INFO - 
================================================================================
DAG File Processing Stats

File Path                                         PID    Runtime      # DAGs    # Errors  Last Runtime    Last Run
------------------------------------------------  -----  ---------  --------  ----------  --------------  -------------------
/opt/airflow/dags/timeseries_pipeline.py                                   1           0  0.84s           2025-10-09T12:32:08
/opt/airflow/dags/etl_timeseries_csv_pipeline.py                           1           0  0.13s           2025-10-09T12:32:21
================================================================================
[2025-10-09T12:32:15.160+0000] {manager.py:878} INFO - 
================================================================================
DAG File Processing Stats

File Path                                         PID    Runtime      # DAGs    # Errors  Last Runtime    Last Run
------------------------------------------------  -----  ---------  --------  ----------  --------------  -------------------
/opt/airflow/dags/timeseries_pipeline.py                                   1           0  0.78s           2025-10-09T12:32:39
/opt/airflow/dags/etl_timeseries_csv_pipeline.py                           1           0  0.13s           2025-10-09T12:32:21
================================================================================
[2025-10-09T12:33:33.161+0000] {manager.py:878} INFO - 
================================================================================
DAG File Processing Stats

File Path                                         PID    Runtime      # DAGs    # Errors  Last Runtime    Last Run
------------------------------------------------  -----  ---------  --------  ----------  --------------  -------------------
/opt/airflow/dags/timeseries_pipeline.py                                   1           0  0.84s           2025-10-09T12:33:10
/opt/airflow/dags/etl_timeseries_csv_pipeline.py                           1           0  0.14s           2025-10-09T12:33:09
================================================================================
[2025-10-09T12:34:04.897+0000] {manager.py:878} INFO - 
================================================================================
DAG File Processing Stats

File Path                                         PID    Runtime      # DAGs    # Errors  Last Runtime    Last Run
------------------------------------------------  -----  ---------  --------  ----------  --------------  -------------------
/opt/airflow/dags/timeseries_pipeline.py                                   1           0  1.23s           2025-10-09T12:33:42
/opt/airflow/dags/etl_timeseries_csv_pipeline.py                           1           0  0.15s           2025-10-09T12:33:39
================================================================================
[2025-10-09T12:34:36.119+0000] {manager.py:878} INFO - 
================================================================================
DAG File Processing Stats

File Path                                         PID    Runtime      # DAGs    # Errors  Last Runtime    Last Run
------------------------------------------------  -----  ---------  --------  ----------  --------------  -------------------
/opt/airflow/dags/timeseries_pipeline.py                                   1           0  0.80s           2025-10-09T12:34:13
/opt/airflow/dags/etl_timeseries_csv_pipeline.py                           1           0  0.12s           2025-10-09T12:34:10
================================================================================
[2025-10-09T12:35:09.398+0000] {manager.py:878} INFO - 
================================================================================
DAG File Processing Stats

File Path                                         PID    Runtime      # DAGs    # Errors  Last Runtime    Last Run
------------------------------------------------  -----  ---------  --------  ----------  --------------  -------------------
/opt/airflow/dags/timeseries_pipeline.py                                   1           0  1.16s           2025-10-09T12:34:45
/opt/airflow/dags/etl_timeseries_csv_pipeline.py                           1           0  0.13s           2025-10-09T12:34:40
================================================================================
[2025-10-09T12:35:42.683+0000] {manager.py:737} INFO - Searching for files in /opt/airflow/dags
[2025-10-09T12:35:42.785+0000] {manager.py:740} INFO - There are 2 files in /opt/airflow/dags
[2025-10-09T12:35:42.794+0000] {manager.py:878} INFO - 
================================================================================
DAG File Processing Stats

File Path                                         PID    Runtime      # DAGs    # Errors  Last Runtime    Last Run
------------------------------------------------  -----  ---------  --------  ----------  --------------  -------------------
/opt/airflow/dags/timeseries_pipeline.py                                   1           0  0.78s           2025-10-09T12:35:16
/opt/airflow/dags/etl_timeseries_csv_pipeline.py                           1           0  0.13s           2025-10-09T12:35:40
================================================================================
[2025-10-09T12:35:26.788+0000] {manager.py:878} INFO - 
================================================================================
DAG File Processing Stats

File Path                                         PID    Runtime      # DAGs    # Errors  Last Runtime    Last Run
------------------------------------------------  -----  ---------  --------  ----------  --------------  -------------------
/opt/airflow/dags/timeseries_pipeline.py                                   1           0  0.80s           2025-10-09T12:35:47
/opt/airflow/dags/etl_timeseries_csv_pipeline.py                           1           0  0.13s           2025-10-09T12:35:40
================================================================================
[2025-10-09T12:36:44.604+0000] {manager.py:878} INFO - 
================================================================================
DAG File Processing Stats

File Path                                         PID    Runtime      # DAGs    # Errors  Last Runtime    Last Run
------------------------------------------------  -----  ---------  --------  ----------  --------------  -------------------
/opt/airflow/dags/timeseries_pipeline.py                                   1           0  0.85s           2025-10-09T12:36:43
/opt/airflow/dags/etl_timeseries_csv_pipeline.py                           1           0  0.10s           2025-10-09T12:36:42
================================================================================
[2025-10-09T12:37:14.924+0000] {manager.py:878} INFO - 
================================================================================
DAG File Processing Stats

File Path                                         PID    Runtime      # DAGs    # Errors  Last Runtime    Last Run
------------------------------------------------  -----  ---------  --------  ----------  --------------  -------------------
/opt/airflow/dags/timeseries_pipeline.py                                   1           0  0.80s           2025-10-09T12:37:14
/opt/airflow/dags/etl_timeseries_csv_pipeline.py                           1           0  0.11s           2025-10-09T12:37:13
================================================================================
[2025-10-09T12:37:45.666+0000] {manager.py:878} INFO - 
================================================================================
DAG File Processing Stats

File Path                                         PID    Runtime      # DAGs    # Errors  Last Runtime    Last Run
------------------------------------------------  -----  ---------  --------  ----------  --------------  -------------------
/opt/airflow/dags/timeseries_pipeline.py                                   1           0  0.74s           2025-10-09T12:37:45
/opt/airflow/dags/etl_timeseries_csv_pipeline.py                           1           0  0.11s           2025-10-09T12:37:44
================================================================================
[2025-10-09T12:38:18.593+0000] {manager.py:878} INFO - 
================================================================================
DAG File Processing Stats

File Path                                         PID    Runtime      # DAGs    # Errors  Last Runtime    Last Run
------------------------------------------------  -----  ---------  --------  ----------  --------------  -------------------
/opt/airflow/dags/timeseries_pipeline.py                                   1           0  1.46s           2025-10-09T12:38:17
/opt/airflow/dags/etl_timeseries_csv_pipeline.py                           1           0  0.14s           2025-10-09T12:38:14
================================================================================
[2025-10-09T12:38:49.803+0000] {manager.py:878} INFO - 
================================================================================
DAG File Processing Stats

File Path                                         PID    Runtime      # DAGs    # Errors  Last Runtime    Last Run
------------------------------------------------  -----  ---------  --------  ----------  --------------  -------------------
/opt/airflow/dags/timeseries_pipeline.py                                   1           0  0.85s           2025-10-09T12:38:48
/opt/airflow/dags/etl_timeseries_csv_pipeline.py                           1           0  0.13s           2025-10-09T12:38:44
================================================================================
[2025-10-09T12:39:21.105+0000] {manager.py:878} INFO - 
================================================================================
DAG File Processing Stats

File Path                                         PID    Runtime      # DAGs    # Errors  Last Runtime    Last Run
------------------------------------------------  -----  ---------  --------  ----------  --------------  -------------------
/opt/airflow/dags/timeseries_pipeline.py                                   1           0  1.37s           2025-10-09T12:39:20
/opt/airflow/dags/etl_timeseries_csv_pipeline.py                           1           0  0.14s           2025-10-09T12:39:15
================================================================================
[2025-10-09T12:39:52.277+0000] {manager.py:878} INFO - 
================================================================================
DAG File Processing Stats

File Path                                         PID    Runtime      # DAGs    # Errors  Last Runtime    Last Run
------------------------------------------------  -----  ---------  --------  ----------  --------------  -------------------
/opt/airflow/dags/timeseries_pipeline.py                                   1           0  0.79s           2025-10-09T12:39:51
/opt/airflow/dags/etl_timeseries_csv_pipeline.py                           1           0  0.13s           2025-10-09T12:39:45
================================================================================
[2025-10-09T12:40:23.901+0000] {manager.py:878} INFO - 
================================================================================
DAG File Processing Stats

File Path                                         PID    Runtime      # DAGs    # Errors  Last Runtime    Last Run
------------------------------------------------  -----  ---------  --------  ----------  --------------  -------------------
/opt/airflow/dags/timeseries_pipeline.py                                   1           0  1.20s           2025-10-09T12:40:22
/opt/airflow/dags/etl_timeseries_csv_pipeline.py                           1           0  0.12s           2025-10-09T12:40:15
================================================================================
[2025-10-09T12:40:42.832+0000] {manager.py:737} INFO - Searching for files in /opt/airflow/dags
[2025-10-09T12:40:42.941+0000] {manager.py:740} INFO - There are 2 files in /opt/airflow/dags
[2025-10-09T12:40:57.004+0000] {manager.py:878} INFO - 
================================================================================
DAG File Processing Stats

File Path                                         PID    Runtime      # DAGs    # Errors  Last Runtime    Last Run
------------------------------------------------  -----  ---------  --------  ----------  --------------  -------------------
/opt/airflow/dags/timeseries_pipeline.py                                   1           0  0.81s           2025-10-09T12:40:53
/opt/airflow/dags/etl_timeseries_csv_pipeline.py                           1           0  0.12s           2025-10-09T12:40:46
================================================================================
[2025-10-09T12:41:28.245+0000] {manager.py:878} INFO - 
================================================================================
DAG File Processing Stats

File Path                                         PID    Runtime      # DAGs    # Errors  Last Runtime    Last Run
------------------------------------------------  -----  ---------  --------  ----------  --------------  -------------------
/opt/airflow/dags/timeseries_pipeline.py                                   1           0  0.80s           2025-10-09T12:41:25
/opt/airflow/dags/etl_timeseries_csv_pipeline.py                           1           0  0.14s           2025-10-09T12:41:16
================================================================================
[2025-10-09T12:41:59.081+0000] {manager.py:878} INFO - 
================================================================================
DAG File Processing Stats

File Path                                         PID    Runtime      # DAGs    # Errors  Last Runtime    Last Run
------------------------------------------------  -----  ---------  --------  ----------  --------------  -------------------
/opt/airflow/dags/timeseries_pipeline.py                                   1           0  0.81s           2025-10-09T12:41:56
/opt/airflow/dags/etl_timeseries_csv_pipeline.py                           1           0  0.11s           2025-10-09T12:41:47
================================================================================
[2025-10-09T12:42:30.685+0000] {manager.py:878} INFO - 
================================================================================
DAG File Processing Stats

File Path                                         PID    Runtime      # DAGs    # Errors  Last Runtime    Last Run
------------------------------------------------  -----  ---------  --------  ----------  --------------  -------------------
/opt/airflow/dags/timeseries_pipeline.py                                   1           0  1.40s           2025-10-09T12:42:27
/opt/airflow/dags/etl_timeseries_csv_pipeline.py                           1           0  0.12s           2025-10-09T12:42:17
================================================================================
[2025-10-09T12:43:01.823+0000] {manager.py:878} INFO - 
================================================================================
DAG File Processing Stats

File Path                                         PID    Runtime      # DAGs    # Errors  Last Runtime    Last Run
------------------------------------------------  -----  ---------  --------  ----------  --------------  -------------------
/opt/airflow/dags/timeseries_pipeline.py                                   1           0  0.77s           2025-10-09T12:42:58
/opt/airflow/dags/etl_timeseries_csv_pipeline.py                           1           0  0.12s           2025-10-09T12:42:47
================================================================================
[2025-10-09T12:43:35.059+0000] {manager.py:878} INFO - 
================================================================================
DAG File Processing Stats

File Path                                         PID    Runtime      # DAGs    # Errors  Last Runtime    Last Run
------------------------------------------------  -----  ---------  --------  ----------  --------------  -------------------
/opt/airflow/dags/timeseries_pipeline.py                                   1           0  1.37s           2025-10-09T12:43:30
/opt/airflow/dags/etl_timeseries_csv_pipeline.py                           1           0  0.11s           2025-10-09T12:43:18
================================================================================
[2025-10-09T12:44:06.215+0000] {manager.py:878} INFO - 
================================================================================
DAG File Processing Stats

File Path                                         PID    Runtime      # DAGs    # Errors  Last Runtime    Last Run
------------------------------------------------  -----  ---------  --------  ----------  --------------  -------------------
/opt/airflow/dags/timeseries_pipeline.py                                   1           0  0.80s           2025-10-09T12:44:01
/opt/airflow/dags/etl_timeseries_csv_pipeline.py                           1           0  0.12s           2025-10-09T12:43:49
================================================================================
[2025-10-09T12:44:37.844+0000] {manager.py:878} INFO - 
================================================================================
DAG File Processing Stats

File Path                                         PID    Runtime      # DAGs    # Errors  Last Runtime    Last Run
------------------------------------------------  -----  ---------  --------  ----------  --------------  -------------------
/opt/airflow/dags/timeseries_pipeline.py                                   1           0  1.48s           2025-10-09T12:44:33
/opt/airflow/dags/etl_timeseries_csv_pipeline.py                           1           0  0.14s           2025-10-09T12:44:20
================================================================================
[2025-10-09T12:45:09.122+0000] {manager.py:878} INFO - 
================================================================================
DAG File Processing Stats

File Path                                         PID    Runtime      # DAGs    # Errors  Last Runtime    Last Run
------------------------------------------------  -----  ---------  --------  ----------  --------------  -------------------
/opt/airflow/dags/timeseries_pipeline.py                                   1           0  0.82s           2025-10-09T12:45:04
/opt/airflow/dags/etl_timeseries_csv_pipeline.py                           1           0  0.13s           2025-10-09T12:44:51
================================================================================
[2025-10-09T12:45:40.168+0000] {manager.py:878} INFO - 
================================================================================
DAG File Processing Stats

File Path                                         PID    Runtime      # DAGs    # Errors  Last Runtime    Last Run
------------------------------------------------  -----  ---------  --------  ----------  --------------  -------------------
/opt/airflow/dags/timeseries_pipeline.py                                   1           0  0.87s           2025-10-09T12:45:35
/opt/airflow/dags/etl_timeseries_csv_pipeline.py                           1           0  0.12s           2025-10-09T12:45:22
================================================================================
[2025-10-09T12:45:43.211+0000] {manager.py:737} INFO - Searching for files in /opt/airflow/dags
[2025-10-09T12:45:43.303+0000] {manager.py:740} INFO - There are 2 files in /opt/airflow/dags
[2025-10-09T12:46:11.133+0000] {manager.py:878} INFO - 
================================================================================
DAG File Processing Stats

File Path                                         PID    Runtime      # DAGs    # Errors  Last Runtime    Last Run
------------------------------------------------  -----  ---------  --------  ----------  --------------  -------------------
/opt/airflow/dags/timeseries_pipeline.py                                   1           0  0.86s           2025-10-09T12:46:06
/opt/airflow/dags/etl_timeseries_csv_pipeline.py                           1           0  0.14s           2025-10-09T12:45:53
================================================================================
[2025-10-09T12:46:42.748+0000] {manager.py:878} INFO - 
================================================================================
DAG File Processing Stats

File Path                                         PID    Runtime      # DAGs    # Errors  Last Runtime    Last Run
------------------------------------------------  -----  ---------  --------  ----------  --------------  -------------------
/opt/airflow/dags/timeseries_pipeline.py                                   1           0  1.36s           2025-10-09T12:46:37
/opt/airflow/dags/etl_timeseries_csv_pipeline.py                           1           0  0.14s           2025-10-09T12:46:23
================================================================================
[2025-10-09T12:47:13.866+0000] {manager.py:878} INFO - 
================================================================================
DAG File Processing Stats

File Path                                         PID    Runtime      # DAGs    # Errors  Last Runtime    Last Run
------------------------------------------------  -----  ---------  --------  ----------  --------------  -------------------
/opt/airflow/dags/timeseries_pipeline.py                                   1           0  0.82s           2025-10-09T12:47:08
/opt/airflow/dags/etl_timeseries_csv_pipeline.py                           1           0  0.12s           2025-10-09T12:46:53
================================================================================
[2025-10-09T12:47:45.112+0000] {manager.py:878} INFO - 
================================================================================
DAG File Processing Stats

File Path                                         PID    Runtime      # DAGs    # Errors  Last Runtime    Last Run
------------------------------------------------  -----  ---------  --------  ----------  --------------  -------------------
/opt/airflow/dags/timeseries_pipeline.py                                   1           0  1.40s           2025-10-09T12:47:40
/opt/airflow/dags/etl_timeseries_csv_pipeline.py                           1           0  0.13s           2025-10-09T12:47:24
================================================================================
[2025-10-09T12:48:16.286+0000] {manager.py:878} INFO - 
================================================================================
DAG File Processing Stats

File Path                                         PID    Runtime      # DAGs    # Errors  Last Runtime    Last Run
------------------------------------------------  -----  ---------  --------  ----------  --------------  -------------------
/opt/airflow/dags/timeseries_pipeline.py                                   1           0  0.83s           2025-10-09T12:48:11
/opt/airflow/dags/etl_timeseries_csv_pipeline.py                           1           0  0.15s           2025-10-09T12:47:55
================================================================================
[2025-10-09T12:48:47.660+0000] {manager.py:878} INFO - 
================================================================================
DAG File Processing Stats

File Path                                         PID    Runtime      # DAGs    # Errors  Last Runtime    Last Run
------------------------------------------------  -----  ---------  --------  ----------  --------------  -------------------
/opt/airflow/dags/timeseries_pipeline.py                                   1           0  0.88s           2025-10-09T12:48:42
/opt/airflow/dags/etl_timeseries_csv_pipeline.py                           1           0  0.13s           2025-10-09T12:48:26
================================================================================
[2025-10-09T12:49:18.991+0000] {manager.py:878} INFO - 
================================================================================
DAG File Processing Stats

File Path                                         PID    Runtime      # DAGs    # Errors  Last Runtime    Last Run
------------------------------------------------  -----  ---------  --------  ----------  --------------  -------------------
/opt/airflow/dags/timeseries_pipeline.py                                   1           0  0.83s           2025-10-09T12:49:13
/opt/airflow/dags/etl_timeseries_csv_pipeline.py                           1           0  0.15s           2025-10-09T12:48:56
================================================================================
[2025-10-09T12:49:50.214+0000] {manager.py:878} INFO - 
================================================================================
DAG File Processing Stats

File Path                                         PID    Runtime      # DAGs    # Errors  Last Runtime    Last Run
------------------------------------------------  -----  ---------  --------  ----------  --------------  -------------------
/opt/airflow/dags/timeseries_pipeline.py                                   1           0  1.52s           2025-10-09T12:49:45
/opt/airflow/dags/etl_timeseries_csv_pipeline.py                           1           0  0.12s           2025-10-09T12:49:27
================================================================================
[2025-10-09T12:50:21.280+0000] {manager.py:878} INFO - 
================================================================================
DAG File Processing Stats

File Path                                         PID    Runtime      # DAGs    # Errors  Last Runtime    Last Run
------------------------------------------------  -----  ---------  --------  ----------  --------------  -------------------
/opt/airflow/dags/timeseries_pipeline.py                                   1           0  0.72s           2025-10-09T12:50:17
/opt/airflow/dags/etl_timeseries_csv_pipeline.py                           1           0  0.10s           2025-10-09T12:49:58
================================================================================
[2025-10-09T12:50:43.293+0000] {manager.py:737} INFO - Searching for files in /opt/airflow/dags
[2025-10-09T12:50:43.390+0000] {manager.py:740} INFO - There are 2 files in /opt/airflow/dags
[2025-10-09T12:50:54.041+0000] {manager.py:878} INFO - 
================================================================================
DAG File Processing Stats

File Path                                         PID    Runtime      # DAGs    # Errors  Last Runtime    Last Run
------------------------------------------------  -----  ---------  --------  ----------  --------------  -------------------
/opt/airflow/dags/timeseries_pipeline.py                                   1           0  1.49s           2025-10-09T12:50:48
/opt/airflow/dags/etl_timeseries_csv_pipeline.py                           1           0  0.14s           2025-10-09T12:50:31
================================================================================
[2025-10-09T12:51:24.889+0000] {manager.py:878} INFO - 
================================================================================
DAG File Processing Stats

File Path                                         PID    Runtime      # DAGs    # Errors  Last Runtime    Last Run
------------------------------------------------  -----  ---------  --------  ----------  --------------  -------------------
/opt/airflow/dags/timeseries_pipeline.py                                   1           0  0.84s           2025-10-09T12:51:20
/opt/airflow/dags/etl_timeseries_csv_pipeline.py                           1           0  0.13s           2025-10-09T12:51:01
================================================================================
[2025-10-09T12:51:55.855+0000] {manager.py:878} INFO - 
================================================================================
DAG File Processing Stats

File Path                                         PID    Runtime      # DAGs    # Errors  Last Runtime    Last Run
------------------------------------------------  -----  ---------  --------  ----------  --------------  -------------------
/opt/airflow/dags/timeseries_pipeline.py                                   1           0  1.22s           2025-10-09T12:51:51
/opt/airflow/dags/etl_timeseries_csv_pipeline.py                           1           0  0.12s           2025-10-09T12:51:32
================================================================================
[2025-10-09T12:52:27.317+0000] {manager.py:878} INFO - 
================================================================================
DAG File Processing Stats

File Path                                         PID    Runtime      # DAGs    # Errors  Last Runtime    Last Run
------------------------------------------------  -----  ---------  --------  ----------  --------------  -------------------
/opt/airflow/dags/timeseries_pipeline.py                                   1           0  0.79s           2025-10-09T12:52:23
/opt/airflow/dags/etl_timeseries_csv_pipeline.py                           1           0  0.13s           2025-10-09T12:52:04
================================================================================
[2025-10-09T12:52:58.793+0000] {manager.py:878} INFO - 
================================================================================
DAG File Processing Stats

File Path                                         PID    Runtime      # DAGs    # Errors  Last Runtime    Last Run
------------------------------------------------  -----  ---------  --------  ----------  --------------  -------------------
/opt/airflow/dags/timeseries_pipeline.py                                   1           0  1.23s           2025-10-09T12:52:54
/opt/airflow/dags/etl_timeseries_csv_pipeline.py                           1           0  0.11s           2025-10-09T12:52:34
================================================================================
[2025-10-09T12:53:31.846+0000] {manager.py:878} INFO - 
================================================================================
DAG File Processing Stats

File Path                                         PID    Runtime      # DAGs    # Errors  Last Runtime    Last Run
------------------------------------------------  -----  ---------  --------  ----------  --------------  -------------------
/opt/airflow/dags/timeseries_pipeline.py                                   1           0  0.80s           2025-10-09T12:53:25
/opt/airflow/dags/etl_timeseries_csv_pipeline.py                           1           0  0.12s           2025-10-09T12:53:07
================================================================================
[2025-10-09T12:54:02.682+0000] {manager.py:878} INFO - 
================================================================================
DAG File Processing Stats

File Path                                         PID    Runtime      # DAGs    # Errors  Last Runtime    Last Run
------------------------------------------------  -----  ---------  --------  ----------  --------------  -------------------
/opt/airflow/dags/timeseries_pipeline.py                                   1           0  0.74s           2025-10-09T12:53:56
/opt/airflow/dags/etl_timeseries_csv_pipeline.py                           1           0  0.13s           2025-10-09T12:53:38
================================================================================
[2025-10-09T12:54:34.110+0000] {manager.py:878} INFO - 
================================================================================
DAG File Processing Stats

File Path                                         PID    Runtime      # DAGs    # Errors  Last Runtime    Last Run
------------------------------------------------  -----  ---------  --------  ----------  --------------  -------------------
/opt/airflow/dags/timeseries_pipeline.py                                   1           0  0.85s           2025-10-09T12:54:28
/opt/airflow/dags/etl_timeseries_csv_pipeline.py                           1           0  0.14s           2025-10-09T12:54:24
================================================================================
[2025-10-09T12:55:04.383+0000] {manager.py:878} INFO - 
================================================================================
DAG File Processing Stats

File Path                                         PID    Runtime      # DAGs    # Errors  Last Runtime    Last Run
------------------------------------------------  -----  ---------  --------  ----------  --------------  -------------------
/opt/airflow/dags/timeseries_pipeline.py                                   1           0  0.83s           2025-10-09T12:54:59
/opt/airflow/dags/etl_timeseries_csv_pipeline.py                           1           0  0.12s           2025-10-09T12:54:54
================================================================================
[2025-10-09T12:55:35.608+0000] {manager.py:878} INFO - 
================================================================================
DAG File Processing Stats

File Path                                         PID    Runtime      # DAGs    # Errors  Last Runtime    Last Run
------------------------------------------------  -----  ---------  --------  ----------  --------------  -------------------
/opt/airflow/dags/timeseries_pipeline.py                                   1           0  0.82s           2025-10-09T12:55:30
/opt/airflow/dags/etl_timeseries_csv_pipeline.py                           1           0  0.10s           2025-10-09T12:55:24
================================================================================
[2025-10-09T12:55:43.313+0000] {manager.py:737} INFO - Searching for files in /opt/airflow/dags
[2025-10-09T12:55:43.400+0000] {manager.py:740} INFO - There are 2 files in /opt/airflow/dags
[2025-10-09T12:56:06.562+0000] {manager.py:878} INFO - 
================================================================================
DAG File Processing Stats

File Path                                         PID    Runtime      # DAGs    # Errors  Last Runtime    Last Run
------------------------------------------------  -----  ---------  --------  ----------  --------------  -------------------
/opt/airflow/dags/timeseries_pipeline.py                                   1           0  0.77s           2025-10-09T12:56:01
/opt/airflow/dags/etl_timeseries_csv_pipeline.py                           1           0  0.14s           2025-10-09T12:55:55
================================================================================
[2025-10-09T12:56:37.871+0000] {manager.py:878} INFO - 
================================================================================
DAG File Processing Stats

File Path                                         PID    Runtime      # DAGs    # Errors  Last Runtime    Last Run
------------------------------------------------  -----  ---------  --------  ----------  --------------  -------------------
/opt/airflow/dags/timeseries_pipeline.py                                   1           0  0.73s           2025-10-09T12:56:32
/opt/airflow/dags/etl_timeseries_csv_pipeline.py                           1           0  0.13s           2025-10-09T12:56:26
================================================================================
[2025-10-09T12:57:09.506+0000] {manager.py:878} INFO - 
================================================================================
DAG File Processing Stats

File Path                                         PID    Runtime      # DAGs    # Errors  Last Runtime    Last Run
------------------------------------------------  -----  ---------  --------  ----------  --------------  -------------------
/opt/airflow/dags/timeseries_pipeline.py                                   1           0  0.81s           2025-10-09T12:57:04
/opt/airflow/dags/etl_timeseries_csv_pipeline.py                           1           0  0.13s           2025-10-09T12:56:56
================================================================================
[2025-10-09T12:57:40.555+0000] {manager.py:878} INFO - 
================================================================================
DAG File Processing Stats

File Path                                         PID    Runtime      # DAGs    # Errors  Last Runtime    Last Run
------------------------------------------------  -----  ---------  --------  ----------  --------------  -------------------
/opt/airflow/dags/timeseries_pipeline.py                                   1           0  1.55s           2025-10-09T12:57:36
/opt/airflow/dags/etl_timeseries_csv_pipeline.py                           1           0  0.14s           2025-10-09T12:57:26
================================================================================
[2025-10-09T12:58:11.424+0000] {manager.py:878} INFO - 
================================================================================
DAG File Processing Stats

File Path                                         PID    Runtime      # DAGs    # Errors  Last Runtime    Last Run
------------------------------------------------  -----  ---------  --------  ----------  --------------  -------------------
/opt/airflow/dags/timeseries_pipeline.py                                   1           0  0.74s           2025-10-09T12:58:07
/opt/airflow/dags/etl_timeseries_csv_pipeline.py                           1           0  0.13s           2025-10-09T12:57:57
================================================================================
[2025-10-09T12:58:42.723+0000] {manager.py:878} INFO - 
================================================================================
DAG File Processing Stats

File Path                                         PID    Runtime      # DAGs    # Errors  Last Runtime    Last Run
------------------------------------------------  -----  ---------  --------  ----------  --------------  -------------------
/opt/airflow/dags/timeseries_pipeline.py                                   1           0  0.76s           2025-10-09T12:58:38
/opt/airflow/dags/etl_timeseries_csv_pipeline.py                           1           0  0.11s           2025-10-09T12:58:27
================================================================================
[2025-10-09T12:59:14.509+0000] {manager.py:878} INFO - 
================================================================================
DAG File Processing Stats

File Path                                         PID    Runtime      # DAGs    # Errors  Last Runtime    Last Run
------------------------------------------------  -----  ---------  --------  ----------  --------------  -------------------
/opt/airflow/dags/timeseries_pipeline.py                                   1           0  1.20s           2025-10-09T12:59:10
/opt/airflow/dags/etl_timeseries_csv_pipeline.py                           1           0  0.12s           2025-10-09T12:58:58
================================================================================
[2025-10-09T12:59:45.543+0000] {manager.py:878} INFO - 
================================================================================
DAG File Processing Stats

File Path                                         PID    Runtime      # DAGs    # Errors  Last Runtime    Last Run
------------------------------------------------  -----  ---------  --------  ----------  --------------  -------------------
/opt/airflow/dags/timeseries_pipeline.py                                   1           0  0.75s           2025-10-09T12:59:41
/opt/airflow/dags/etl_timeseries_csv_pipeline.py                           1           0  0.13s           2025-10-09T12:59:28
================================================================================
[2025-10-09T13:00:16.319+0000] {manager.py:878} INFO - 
================================================================================
DAG File Processing Stats

File Path                                         PID    Runtime      # DAGs    # Errors  Last Runtime    Last Run
------------------------------------------------  -----  ---------  --------  ----------  --------------  -------------------
/opt/airflow/dags/timeseries_pipeline.py                                   1           0  0.76s           2025-10-09T13:00:12
/opt/airflow/dags/etl_timeseries_csv_pipeline.py                           1           0  0.13s           2025-10-09T12:59:59
================================================================================
[2025-10-09T13:00:43.840+0000] {manager.py:737} INFO - Searching for files in /opt/airflow/dags
[2025-10-09T13:00:43.919+0000] {manager.py:740} INFO - There are 2 files in /opt/airflow/dags
[2025-10-09T13:00:01.533+0000] {manager.py:878} INFO - 
================================================================================
DAG File Processing Stats

File Path                                         PID    Runtime      # DAGs    # Errors  Last Runtime    Last Run
------------------------------------------------  -----  ---------  --------  ----------  --------------  -------------------
/opt/airflow/dags/timeseries_pipeline.py                                   1           0  1.16s           2025-10-09T13:00:43
/opt/airflow/dags/etl_timeseries_csv_pipeline.py                           1           0  0.15s           2025-10-09T13:00:29
================================================================================
[2025-10-09T13:01:19.858+0000] {manager.py:878} INFO - 
================================================================================
DAG File Processing Stats

File Path                                         PID    Runtime      # DAGs    # Errors  Last Runtime    Last Run
------------------------------------------------  -----  ---------  --------  ----------  --------------  -------------------
/opt/airflow/dags/timeseries_pipeline.py                                   1           0  0.74s           2025-10-09T13:01:15
/opt/airflow/dags/etl_timeseries_csv_pipeline.py                           1           0  0.13s           2025-10-09T13:01:00
================================================================================
[2025-10-09T13:01:50.936+0000] {manager.py:878} INFO - 
================================================================================
DAG File Processing Stats

File Path                                         PID    Runtime      # DAGs    # Errors  Last Runtime    Last Run
------------------------------------------------  -----  ---------  --------  ----------  --------------  -------------------
/opt/airflow/dags/timeseries_pipeline.py                                   1           0  0.77s           2025-10-09T13:01:46
/opt/airflow/dags/etl_timeseries_csv_pipeline.py                           1           0  0.12s           2025-10-09T13:01:30
================================================================================
[2025-10-09T13:02:22.599+0000] {manager.py:878} INFO - 
================================================================================
DAG File Processing Stats

File Path                                         PID    Runtime      # DAGs    # Errors  Last Runtime    Last Run
------------------------------------------------  -----  ---------  --------  ----------  --------------  -------------------
/opt/airflow/dags/timeseries_pipeline.py                                   1           0  1.28s           2025-10-09T13:02:17
/opt/airflow/dags/etl_timeseries_csv_pipeline.py                           1           0  0.12s           2025-10-09T13:02:01
================================================================================
[2025-10-09T13:02:53.737+0000] {manager.py:878} INFO - 
================================================================================
DAG File Processing Stats

File Path                                         PID    Runtime      # DAGs    # Errors  Last Runtime    Last Run
------------------------------------------------  -----  ---------  --------  ----------  --------------  -------------------
/opt/airflow/dags/timeseries_pipeline.py                                   1           0  0.77s           2025-10-09T13:02:48
/opt/airflow/dags/etl_timeseries_csv_pipeline.py                           1           0  0.11s           2025-10-09T13:02:31
================================================================================
[2025-10-09T13:03:25.275+0000] {manager.py:878} INFO - 
================================================================================
DAG File Processing Stats

File Path                                         PID    Runtime      # DAGs    # Errors  Last Runtime    Last Run
------------------------------------------------  -----  ---------  --------  ----------  --------------  -------------------
/opt/airflow/dags/timeseries_pipeline.py                                   1           0  1.17s           2025-10-09T13:03:20
/opt/airflow/dags/etl_timeseries_csv_pipeline.py                           1           0  0.13s           2025-10-09T13:03:02
================================================================================
[2025-10-09T13:03:56.011+0000] {manager.py:878} INFO - 
================================================================================
DAG File Processing Stats

File Path                                         PID    Runtime      # DAGs    # Errors  Last Runtime    Last Run
------------------------------------------------  -----  ---------  --------  ----------  --------------  -------------------
/opt/airflow/dags/timeseries_pipeline.py                                   1           0  0.75s           2025-10-09T13:03:51
/opt/airflow/dags/etl_timeseries_csv_pipeline.py                           1           0  0.12s           2025-10-09T13:03:32
================================================================================
[2025-10-09T13:04:27.685+0000] {manager.py:878} INFO - 
================================================================================
DAG File Processing Stats

File Path                                         PID    Runtime      # DAGs    # Errors  Last Runtime    Last Run
------------------------------------------------  -----  ---------  --------  ----------  --------------  -------------------
/opt/airflow/dags/timeseries_pipeline.py                                   1           0  1.33s           2025-10-09T13:04:22
/opt/airflow/dags/etl_timeseries_csv_pipeline.py                           1           0  0.15s           2025-10-09T13:04:03
================================================================================
[2025-10-09T13:04:58.797+0000] {manager.py:878} INFO - 
================================================================================
DAG File Processing Stats

File Path                                         PID    Runtime      # DAGs    # Errors  Last Runtime    Last Run
------------------------------------------------  -----  ---------  --------  ----------  --------------  -------------------
/opt/airflow/dags/timeseries_pipeline.py                                   1           0  0.78s           2025-10-09T13:04:53
/opt/airflow/dags/etl_timeseries_csv_pipeline.py                           1           0  0.16s           2025-10-09T13:04:33
================================================================================
[2025-10-09T13:05:30.036+0000] {manager.py:878} INFO - 
================================================================================
DAG File Processing Stats

File Path                                         PID    Runtime      # DAGs    # Errors  Last Runtime    Last Run
------------------------------------------------  -----  ---------  --------  ----------  --------------  -------------------
/opt/airflow/dags/timeseries_pipeline.py                                   1           0  0.77s           2025-10-09T13:05:27
/opt/airflow/dags/etl_timeseries_csv_pipeline.py                           1           0  0.11s           2025-10-09T13:05:04
================================================================================
[2025-10-09T13:05:44.318+0000] {manager.py:737} INFO - Searching for files in /opt/airflow/dags
[2025-10-09T13:05:44.435+0000] {manager.py:740} INFO - There are 2 files in /opt/airflow/dags
[2025-10-09T13:05:13.797+0000] {manager.py:878} INFO - 
================================================================================
DAG File Processing Stats

File Path                                         PID    Runtime      # DAGs    # Errors  Last Runtime    Last Run
------------------------------------------------  -----  ---------  --------  ----------  --------------  -------------------
/opt/airflow/dags/timeseries_pipeline.py                                   1           0  0.77s           2025-10-09T13:05:27
/opt/airflow/dags/etl_timeseries_csv_pipeline.py                           1           0  0.12s           2025-10-09T13:05:35
================================================================================
[2025-10-09T13:06:31.443+0000] {manager.py:878} INFO - 
================================================================================
DAG File Processing Stats

File Path                                         PID    Runtime      # DAGs    # Errors  Last Runtime    Last Run
------------------------------------------------  -----  ---------  --------  ----------  --------------  -------------------
/opt/airflow/dags/timeseries_pipeline.py                                   1           0  0.83s           2025-10-09T13:06:13
/opt/airflow/dags/etl_timeseries_csv_pipeline.py                           1           0  0.10s           2025-10-09T13:06:12
================================================================================
[2025-10-09T13:07:02.847+0000] {manager.py:878} INFO - 
================================================================================
DAG File Processing Stats

File Path                                         PID    Runtime      # DAGs    # Errors  Last Runtime    Last Run
------------------------------------------------  -----  ---------  --------  ----------  --------------  -------------------
/opt/airflow/dags/timeseries_pipeline.py                                   1           0  1.40s           2025-10-09T13:06:45
/opt/airflow/dags/etl_timeseries_csv_pipeline.py                           1           0  0.14s           2025-10-09T13:06:42
================================================================================
[2025-10-09T13:07:35.762+0000] {manager.py:878} INFO - 
================================================================================
DAG File Processing Stats

File Path                                         PID    Runtime      # DAGs    # Errors  Last Runtime    Last Run
------------------------------------------------  -----  ---------  --------  ----------  --------------  -------------------
/opt/airflow/dags/timeseries_pipeline.py                                   1           0  0.77s           2025-10-09T13:07:15
/opt/airflow/dags/etl_timeseries_csv_pipeline.py                           1           0  0.12s           2025-10-09T13:07:13
================================================================================
[2025-10-09T13:08:06.413+0000] {manager.py:878} INFO - 
================================================================================
DAG File Processing Stats

File Path                                         PID    Runtime      # DAGs    # Errors  Last Runtime    Last Run
------------------------------------------------  -----  ---------  --------  ----------  --------------  -------------------
/opt/airflow/dags/timeseries_pipeline.py                                   1           0  1.38s           2025-10-09T13:07:47
/opt/airflow/dags/etl_timeseries_csv_pipeline.py                           1           0  0.14s           2025-10-09T13:07:43
================================================================================
[2025-10-09T13:08:37.636+0000] {manager.py:878} INFO - 
================================================================================
DAG File Processing Stats

File Path                                         PID    Runtime      # DAGs    # Errors  Last Runtime    Last Run
------------------------------------------------  -----  ---------  --------  ----------  --------------  -------------------
/opt/airflow/dags/timeseries_pipeline.py                                   1           0  0.81s           2025-10-09T13:08:19
/opt/airflow/dags/etl_timeseries_csv_pipeline.py                           1           0  0.11s           2025-10-09T13:08:13
================================================================================
[2025-10-09T13:09:09.067+0000] {manager.py:878} INFO - 
================================================================================
DAG File Processing Stats

File Path                                         PID    Runtime      # DAGs    # Errors  Last Runtime    Last Run
------------------------------------------------  -----  ---------  --------  ----------  --------------  -------------------
/opt/airflow/dags/timeseries_pipeline.py                                   1           0  1.51s           2025-10-09T13:08:51
/opt/airflow/dags/etl_timeseries_csv_pipeline.py                           1           0  0.15s           2025-10-09T13:08:43
================================================================================
[2025-10-09T13:09:40.181+0000] {manager.py:878} INFO - 
================================================================================
DAG File Processing Stats

File Path                                         PID    Runtime      # DAGs    # Errors  Last Runtime    Last Run
------------------------------------------------  -----  ---------  --------  ----------  --------------  -------------------
/opt/airflow/dags/timeseries_pipeline.py                                   1           0  0.85s           2025-10-09T13:09:22
/opt/airflow/dags/etl_timeseries_csv_pipeline.py                           1           0  0.14s           2025-10-09T13:09:14
================================================================================
[2025-10-09T13:10:12.012+0000] {manager.py:878} INFO - 
================================================================================
DAG File Processing Stats

File Path                                         PID    Runtime      # DAGs    # Errors  Last Runtime    Last Run
------------------------------------------------  -----  ---------  --------  ----------  --------------  -------------------
/opt/airflow/dags/timeseries_pipeline.py                                   1           0  1.38s           2025-10-09T13:09:53
/opt/airflow/dags/etl_timeseries_csv_pipeline.py                           1           0  0.13s           2025-10-09T13:09:44
================================================================================
[2025-10-09T13:10:43.285+0000] {manager.py:878} INFO - 
================================================================================
DAG File Processing Stats

File Path                                         PID    Runtime      # DAGs    # Errors  Last Runtime    Last Run
------------------------------------------------  -----  ---------  --------  ----------  --------------  -------------------
/opt/airflow/dags/timeseries_pipeline.py                                   1           0  0.75s           2025-10-09T13:10:25
/opt/airflow/dags/etl_timeseries_csv_pipeline.py                           1           0  0.14s           2025-10-09T13:10:15
================================================================================
[2025-10-09T13:10:44.623+0000] {manager.py:737} INFO - Searching for files in /opt/airflow/dags
[2025-10-09T13:10:44.724+0000] {manager.py:740} INFO - There are 2 files in /opt/airflow/dags
[2025-10-09T13:11:14.740+0000] {manager.py:878} INFO - 
================================================================================
DAG File Processing Stats

File Path                                         PID    Runtime      # DAGs    # Errors  Last Runtime    Last Run
------------------------------------------------  -----  ---------  --------  ----------  --------------  -------------------
/opt/airflow/dags/timeseries_pipeline.py                                   1           0  1.40s           2025-10-09T13:10:56
/opt/airflow/dags/etl_timeseries_csv_pipeline.py                           1           0  0.17s           2025-10-09T13:10:45
================================================================================
[2025-10-09T13:11:45.638+0000] {manager.py:878} INFO - 
================================================================================
DAG File Processing Stats

File Path                                         PID    Runtime      # DAGs    # Errors  Last Runtime    Last Run
------------------------------------------------  -----  ---------  --------  ----------  --------------  -------------------
/opt/airflow/dags/timeseries_pipeline.py                                   1           0  0.83s           2025-10-09T13:11:27
/opt/airflow/dags/etl_timeseries_csv_pipeline.py                           1           0  0.13s           2025-10-09T13:11:15
================================================================================
[2025-10-09T13:12:16.811+0000] {manager.py:878} INFO - 
================================================================================
DAG File Processing Stats

File Path                                         PID    Runtime      # DAGs    # Errors  Last Runtime    Last Run
------------------------------------------------  -----  ---------  --------  ----------  --------------  -------------------
/opt/airflow/dags/timeseries_pipeline.py                                   1           0  1.27s           2025-10-09T13:11:59
/opt/airflow/dags/etl_timeseries_csv_pipeline.py                           1           0  0.13s           2025-10-09T13:12:16
================================================================================
[2025-10-09T13:12:47.919+0000] {manager.py:878} INFO - 
================================================================================
DAG File Processing Stats

File Path                                         PID    Runtime      # DAGs    # Errors  Last Runtime    Last Run
------------------------------------------------  -----  ---------  --------  ----------  --------------  -------------------
/opt/airflow/dags/timeseries_pipeline.py                                   1           0  0.74s           2025-10-09T13:12:30
/opt/airflow/dags/etl_timeseries_csv_pipeline.py                           1           0  0.13s           2025-10-09T13:12:47
================================================================================
[2025-10-09T13:12:31.511+0000] {manager.py:878} INFO - 
================================================================================
DAG File Processing Stats

File Path                                         PID    Runtime      # DAGs    # Errors  Last Runtime    Last Run
------------------------------------------------  -----  ---------  --------  ----------  --------------  -------------------
/opt/airflow/dags/timeseries_pipeline.py                                   1           0  0.74s           2025-10-09T13:13:01
/opt/airflow/dags/etl_timeseries_csv_pipeline.py                           1           0  0.13s           2025-10-09T13:12:47
================================================================================
[2025-10-09T13:13:49.096+0000] {manager.py:878} INFO - 
================================================================================
DAG File Processing Stats

File Path                                         PID    Runtime      # DAGs    # Errors  Last Runtime    Last Run
------------------------------------------------  -----  ---------  --------  ----------  --------------  -------------------
/opt/airflow/dags/timeseries_pipeline.py                                   1           0  1.40s           2025-10-09T13:13:33
/opt/airflow/dags/etl_timeseries_csv_pipeline.py                           1           0  0.12s           2025-10-09T13:13:25
================================================================================
[2025-10-09T13:14:20.514+0000] {manager.py:878} INFO - 
================================================================================
DAG File Processing Stats

File Path                                         PID    Runtime      # DAGs    # Errors  Last Runtime    Last Run
------------------------------------------------  -----  ---------  --------  ----------  --------------  -------------------
/opt/airflow/dags/timeseries_pipeline.py                                   1           0  0.75s           2025-10-09T13:14:04
/opt/airflow/dags/etl_timeseries_csv_pipeline.py                           1           0  0.12s           2025-10-09T13:13:56
================================================================================
[2025-10-09T13:14:53.424+0000] {manager.py:878} INFO - 
================================================================================
DAG File Processing Stats

File Path                                         PID    Runtime      # DAGs    # Errors  Last Runtime    Last Run
------------------------------------------------  -----  ---------  --------  ----------  --------------  -------------------
/opt/airflow/dags/timeseries_pipeline.py                                   1           0  0.77s           2025-10-09T13:14:36
/opt/airflow/dags/etl_timeseries_csv_pipeline.py                           1           0  0.12s           2025-10-09T13:14:26
================================================================================
[2025-10-09T13:15:24.456+0000] {manager.py:878} INFO - 
================================================================================
DAG File Processing Stats

File Path                                         PID    Runtime      # DAGs    # Errors  Last Runtime    Last Run
------------------------------------------------  -----  ---------  --------  ----------  --------------  -------------------
/opt/airflow/dags/timeseries_pipeline.py                                   1           0  0.76s           2025-10-09T13:15:07
/opt/airflow/dags/etl_timeseries_csv_pipeline.py                           1           0  0.11s           2025-10-09T13:14:56
================================================================================
[2025-10-09T13:15:45.372+0000] {manager.py:737} INFO - Searching for files in /opt/airflow/dags
[2025-10-09T13:15:45.456+0000] {manager.py:740} INFO - There are 2 files in /opt/airflow/dags
[2025-10-09T13:15:55.609+0000] {manager.py:878} INFO - 
================================================================================
DAG File Processing Stats

File Path                                         PID    Runtime      # DAGs    # Errors  Last Runtime    Last Run
------------------------------------------------  -----  ---------  --------  ----------  --------------  -------------------
/opt/airflow/dags/timeseries_pipeline.py                                   1           0  0.79s           2025-10-09T13:15:38
/opt/airflow/dags/etl_timeseries_csv_pipeline.py                           1           0  0.13s           2025-10-09T13:15:26
================================================================================
[2025-10-09T13:16:26.964+0000] {manager.py:878} INFO - 
================================================================================
DAG File Processing Stats

File Path                                         PID    Runtime      # DAGs    # Errors  Last Runtime    Last Run
------------------------------------------------  -----  ---------  --------  ----------  --------------  -------------------
/opt/airflow/dags/timeseries_pipeline.py                                   1           0  0.78s           2025-10-09T13:16:09
/opt/airflow/dags/etl_timeseries_csv_pipeline.py                           1           0  0.13s           2025-10-09T13:15:57
================================================================================
[2025-10-09T13:16:58.101+0000] {manager.py:878} INFO - 
================================================================================
DAG File Processing Stats

File Path                                         PID    Runtime      # DAGs    # Errors  Last Runtime    Last Run
------------------------------------------------  -----  ---------  --------  ----------  --------------  -------------------
/opt/airflow/dags/timeseries_pipeline.py                                   1           0  0.75s           2025-10-09T13:16:40
/opt/airflow/dags/etl_timeseries_csv_pipeline.py                           1           0  0.15s           2025-10-09T13:16:28
================================================================================
[2025-10-09T13:17:28.915+0000] {manager.py:878} INFO - 
================================================================================
DAG File Processing Stats

File Path                                         PID    Runtime      # DAGs    # Errors  Last Runtime    Last Run
------------------------------------------------  -----  ---------  --------  ----------  --------------  -------------------
/opt/airflow/dags/timeseries_pipeline.py                                   1           0  0.77s           2025-10-09T13:17:12
/opt/airflow/dags/etl_timeseries_csv_pipeline.py                           1           0  0.13s           2025-10-09T13:17:28
================================================================================
[2025-10-09T13:17:59.557+0000] {manager.py:878} INFO - 
================================================================================
DAG File Processing Stats

File Path                                           PID  Runtime      # DAGs    # Errors  Last Runtime    Last Run
------------------------------------------------  -----  ---------  --------  ----------  --------------  -------------------
/opt/airflow/dags/timeseries_pipeline.py                                   1           0  0.78s           2025-10-09T13:17:43
/opt/airflow/dags/etl_timeseries_csv_pipeline.py   1722  0.00s             1           0  0.13s           2025-10-09T13:17:28
================================================================================
[2025-10-09T13:18:31.138+0000] {manager.py:878} INFO - 
================================================================================
DAG File Processing Stats

File Path                                         PID    Runtime      # DAGs    # Errors  Last Runtime    Last Run
------------------------------------------------  -----  ---------  --------  ----------  --------------  -------------------
/opt/airflow/dags/timeseries_pipeline.py                                   1           0  0.81s           2025-10-09T13:18:14
/opt/airflow/dags/etl_timeseries_csv_pipeline.py                           1           0  0.13s           2025-10-09T13:18:30
================================================================================
[2025-10-09T13:19:02.619+0000] {manager.py:878} INFO - 
================================================================================
DAG File Processing Stats

File Path                                         PID    Runtime      # DAGs    # Errors  Last Runtime    Last Run
------------------------------------------------  -----  ---------  --------  ----------  --------------  -------------------
/opt/airflow/dags/timeseries_pipeline.py                                   1           0  1.38s           2025-10-09T13:18:46
/opt/airflow/dags/etl_timeseries_csv_pipeline.py                           1           0  0.13s           2025-10-09T13:19:00
================================================================================
[2025-10-09T13:19:33.908+0000] {manager.py:878} INFO - 
================================================================================
DAG File Processing Stats

File Path                                         PID    Runtime      # DAGs    # Errors  Last Runtime    Last Run
------------------------------------------------  -----  ---------  --------  ----------  --------------  -------------------
/opt/airflow/dags/timeseries_pipeline.py                                   1           0  0.74s           2025-10-09T13:19:17
/opt/airflow/dags/etl_timeseries_csv_pipeline.py                           1           0  0.12s           2025-10-09T13:19:30
================================================================================
[2025-10-09T13:20:05.320+0000] {manager.py:878} INFO - 
================================================================================
DAG File Processing Stats

File Path                                         PID    Runtime      # DAGs    # Errors  Last Runtime    Last Run
------------------------------------------------  -----  ---------  --------  ----------  --------------  -------------------
/opt/airflow/dags/timeseries_pipeline.py                                   1           0  1.38s           2025-10-09T13:19:49
/opt/airflow/dags/etl_timeseries_csv_pipeline.py                           1           0  0.16s           2025-10-09T13:20:01
================================================================================
[2025-10-09T13:20:36.617+0000] {manager.py:878} INFO - 
================================================================================
DAG File Processing Stats

File Path                                         PID    Runtime      # DAGs    # Errors  Last Runtime    Last Run
------------------------------------------------  -----  ---------  --------  ----------  --------------  -------------------
/opt/airflow/dags/timeseries_pipeline.py                                   1           0  0.72s           2025-10-09T13:20:20
/opt/airflow/dags/etl_timeseries_csv_pipeline.py                           1           0  0.14s           2025-10-09T13:20:31
================================================================================
[2025-10-09T13:20:45.730+0000] {manager.py:737} INFO - Searching for files in /opt/airflow/dags
[2025-10-09T13:20:45.824+0000] {manager.py:740} INFO - There are 2 files in /opt/airflow/dags
[2025-10-09T13:21:07.842+0000] {manager.py:878} INFO - 
================================================================================
DAG File Processing Stats

File Path                                         PID    Runtime      # DAGs    # Errors  Last Runtime    Last Run
------------------------------------------------  -----  ---------  --------  ----------  --------------  -------------------
/opt/airflow/dags/timeseries_pipeline.py                                   1           0  0.75s           2025-10-09T13:20:51
/opt/airflow/dags/etl_timeseries_csv_pipeline.py                           1           0  0.13s           2025-10-09T13:21:01
================================================================================
[2025-10-09T13:21:39.157+0000] {manager.py:878} INFO - 
================================================================================
DAG File Processing Stats

File Path                                         PID    Runtime      # DAGs    # Errors  Last Runtime    Last Run
------------------------------------------------  -----  ---------  --------  ----------  --------------  -------------------
/opt/airflow/dags/timeseries_pipeline.py                                   1           0  0.76s           2025-10-09T13:21:22
/opt/airflow/dags/etl_timeseries_csv_pipeline.py                           1           0  0.13s           2025-10-09T13:21:32
================================================================================
[2025-10-09T13:22:10.356+0000] {manager.py:878} INFO - 
================================================================================
DAG File Processing Stats

File Path                                         PID    Runtime      # DAGs    # Errors  Last Runtime    Last Run
------------------------------------------------  -----  ---------  --------  ----------  --------------  -------------------
/opt/airflow/dags/timeseries_pipeline.py                                   1           0  0.80s           2025-10-09T13:21:56
/opt/airflow/dags/etl_timeseries_csv_pipeline.py                           1           0  0.12s           2025-10-09T13:22:02
================================================================================
[2025-10-09T13:22:41.689+0000] {manager.py:878} INFO - 
================================================================================
DAG File Processing Stats

File Path                                         PID    Runtime      # DAGs    # Errors  Last Runtime    Last Run
------------------------------------------------  -----  ---------  --------  ----------  --------------  -------------------
/opt/airflow/dags/timeseries_pipeline.py                                   1           0  0.79s           2025-10-09T13:22:28
/opt/airflow/dags/etl_timeseries_csv_pipeline.py                           1           0  0.12s           2025-10-09T13:22:32
================================================================================
[2025-10-09T13:23:13.085+0000] {manager.py:878} INFO - 
================================================================================
DAG File Processing Stats

File Path                                         PID    Runtime      # DAGs    # Errors  Last Runtime    Last Run
------------------------------------------------  -----  ---------  --------  ----------  --------------  -------------------
/opt/airflow/dags/timeseries_pipeline.py                                   1           0  0.81s           2025-10-09T13:22:59
/opt/airflow/dags/etl_timeseries_csv_pipeline.py                           1           0  0.13s           2025-10-09T13:23:03
================================================================================
[2025-10-09T13:23:44.369+0000] {manager.py:878} INFO - 
================================================================================
DAG File Processing Stats

File Path                                         PID    Runtime      # DAGs    # Errors  Last Runtime    Last Run
------------------------------------------------  -----  ---------  --------  ----------  --------------  -------------------
/opt/airflow/dags/timeseries_pipeline.py                                   1           0  1.49s           2025-10-09T13:23:31
/opt/airflow/dags/etl_timeseries_csv_pipeline.py                           1           0  0.11s           2025-10-09T13:23:33
================================================================================
[2025-10-09T13:24:15.122+0000] {manager.py:878} INFO - 
================================================================================
DAG File Processing Stats

File Path                                         PID    Runtime      # DAGs    # Errors  Last Runtime    Last Run
------------------------------------------------  -----  ---------  --------  ----------  --------------  -------------------
/opt/airflow/dags/timeseries_pipeline.py                                   1           0  0.80s           2025-10-09T13:24:02
/opt/airflow/dags/etl_timeseries_csv_pipeline.py                           1           0  0.12s           2025-10-09T13:24:04
================================================================================
[2025-10-09T13:24:46.796+0000] {manager.py:878} INFO - 
================================================================================
DAG File Processing Stats

File Path                                         PID    Runtime      # DAGs    # Errors  Last Runtime    Last Run
------------------------------------------------  -----  ---------  --------  ----------  --------------  -------------------
/opt/airflow/dags/timeseries_pipeline.py                                   1           0  1.24s           2025-10-09T13:24:34
/opt/airflow/dags/etl_timeseries_csv_pipeline.py                           1           0  0.14s           2025-10-09T13:24:34
================================================================================
[2025-10-09T13:25:17.986+0000] {manager.py:878} INFO - 
================================================================================
DAG File Processing Stats

File Path                                         PID    Runtime      # DAGs    # Errors  Last Runtime    Last Run
------------------------------------------------  -----  ---------  --------  ----------  --------------  -------------------
/opt/airflow/dags/timeseries_pipeline.py                                   1           0  0.85s           2025-10-09T13:25:05
/opt/airflow/dags/etl_timeseries_csv_pipeline.py                           1           0  0.10s           2025-10-09T13:25:05
================================================================================
[2025-10-09T13:25:46.448+0000] {manager.py:737} INFO - Searching for files in /opt/airflow/dags
[2025-10-09T13:25:46.539+0000] {manager.py:740} INFO - There are 2 files in /opt/airflow/dags
[2025-10-09T13:25:48.689+0000] {manager.py:878} INFO - 
================================================================================
DAG File Processing Stats

File Path                                         PID    Runtime      # DAGs    # Errors  Last Runtime    Last Run
------------------------------------------------  -----  ---------  --------  ----------  --------------  -------------------
/opt/airflow/dags/timeseries_pipeline.py                                   1           0  1.33s           2025-10-09T13:25:37
/opt/airflow/dags/etl_timeseries_csv_pipeline.py                           1           0  0.15s           2025-10-09T13:25:35
================================================================================
[2025-10-09T13:26:19.600+0000] {manager.py:878} INFO - 
================================================================================
DAG File Processing Stats

File Path                                         PID    Runtime      # DAGs    # Errors  Last Runtime    Last Run
------------------------------------------------  -----  ---------  --------  ----------  --------------  -------------------
/opt/airflow/dags/timeseries_pipeline.py                                   1           0  0.85s           2025-10-09T13:26:08
/opt/airflow/dags/etl_timeseries_csv_pipeline.py                           1           0  0.12s           2025-10-09T13:26:05
================================================================================
[2025-10-09T13:26:50.876+0000] {manager.py:878} INFO - 
================================================================================
DAG File Processing Stats

File Path                                         PID    Runtime      # DAGs    # Errors  Last Runtime    Last Run
------------------------------------------------  -----  ---------  --------  ----------  --------------  -------------------
/opt/airflow/dags/timeseries_pipeline.py                                   1           0  0.77s           2025-10-09T13:26:39
/opt/airflow/dags/etl_timeseries_csv_pipeline.py                           1           0  0.10s           2025-10-09T13:26:35
================================================================================
[2025-10-09T13:27:24.122+0000] {manager.py:878} INFO - 
================================================================================
DAG File Processing Stats

File Path                                         PID    Runtime      # DAGs    # Errors  Last Runtime    Last Run
------------------------------------------------  -----  ---------  --------  ----------  --------------  -------------------
/opt/airflow/dags/timeseries_pipeline.py                                   1           0  0.80s           2025-10-09T13:27:10
/opt/airflow/dags/etl_timeseries_csv_pipeline.py                           1           0  0.14s           2025-10-09T13:27:06
================================================================================
[2025-10-09T13:27:55.411+0000] {manager.py:878} INFO - 
================================================================================
DAG File Processing Stats

File Path                                         PID    Runtime      # DAGs    # Errors  Last Runtime    Last Run
------------------------------------------------  -----  ---------  --------  ----------  --------------  -------------------
/opt/airflow/dags/timeseries_pipeline.py                                   1           0  0.83s           2025-10-09T13:27:42
/opt/airflow/dags/etl_timeseries_csv_pipeline.py                           1           0  0.11s           2025-10-09T13:27:36
================================================================================
[2025-10-09T13:28:26.339+0000] {manager.py:878} INFO - 
================================================================================
DAG File Processing Stats

File Path                                         PID    Runtime      # DAGs    # Errors  Last Runtime    Last Run
------------------------------------------------  -----  ---------  --------  ----------  --------------  -------------------
/opt/airflow/dags/timeseries_pipeline.py                                   1           0  0.88s           2025-10-09T13:28:13
/opt/airflow/dags/etl_timeseries_csv_pipeline.py                           1           0  0.11s           2025-10-09T13:28:07
================================================================================
[2025-10-09T13:28:57.753+0000] {manager.py:878} INFO - 
================================================================================
DAG File Processing Stats

File Path                                         PID    Runtime      # DAGs    # Errors  Last Runtime    Last Run
------------------------------------------------  -----  ---------  --------  ----------  --------------  -------------------
/opt/airflow/dags/timeseries_pipeline.py                                   1           0  0.87s           2025-10-09T13:28:44
/opt/airflow/dags/etl_timeseries_csv_pipeline.py                           1           0  0.14s           2025-10-09T13:28:37
================================================================================
[2025-10-09T13:29:28.872+0000] {manager.py:878} INFO - 
================================================================================
DAG File Processing Stats

File Path                                         PID    Runtime      # DAGs    # Errors  Last Runtime    Last Run
------------------------------------------------  -----  ---------  --------  ----------  --------------  -------------------
/opt/airflow/dags/timeseries_pipeline.py                                   1           0  0.82s           2025-10-09T13:29:15
/opt/airflow/dags/etl_timeseries_csv_pipeline.py                           1           0  0.11s           2025-10-09T13:29:08
================================================================================
[2025-10-09T13:29:59.739+0000] {manager.py:878} INFO - 
================================================================================
DAG File Processing Stats

File Path                                         PID    Runtime      # DAGs    # Errors  Last Runtime    Last Run
------------------------------------------------  -----  ---------  --------  ----------  --------------  -------------------
/opt/airflow/dags/timeseries_pipeline.py                                   1           0  0.80s           2025-10-09T13:29:46
/opt/airflow/dags/etl_timeseries_csv_pipeline.py                           1           0  0.12s           2025-10-09T13:29:39
================================================================================
[2025-10-09T13:30:31.693+0000] {manager.py:878} INFO - 
================================================================================
DAG File Processing Stats

File Path                                         PID    Runtime      # DAGs    # Errors  Last Runtime    Last Run
------------------------------------------------  -----  ---------  --------  ----------  --------------  -------------------
/opt/airflow/dags/timeseries_pipeline.py                                   1           0  0.86s           2025-10-09T13:30:17
/opt/airflow/dags/etl_timeseries_csv_pipeline.py                           1           0  0.13s           2025-10-09T13:30:10
================================================================================
[2025-10-09T13:30:46.978+0000] {manager.py:737} INFO - Searching for files in /opt/airflow/dags
[2025-10-09T13:30:47.081+0000] {manager.py:740} INFO - There are 2 files in /opt/airflow/dags
[2025-10-09T13:31:03.013+0000] {manager.py:878} INFO - 
================================================================================
DAG File Processing Stats

File Path                                         PID    Runtime      # DAGs    # Errors  Last Runtime    Last Run
------------------------------------------------  -----  ---------  --------  ----------  --------------  -------------------
/opt/airflow/dags/timeseries_pipeline.py                                   1           0  1.69s           2025-10-09T13:30:49
/opt/airflow/dags/etl_timeseries_csv_pipeline.py                           1           0  0.16s           2025-10-09T13:30:41
================================================================================
[2025-10-09T13:31:34.387+0000] {manager.py:878} INFO - 
================================================================================
DAG File Processing Stats

File Path                                         PID    Runtime      # DAGs    # Errors  Last Runtime    Last Run
------------------------------------------------  -----  ---------  --------  ----------  --------------  -------------------
/opt/airflow/dags/timeseries_pipeline.py                                   1           0  0.79s           2025-10-09T13:31:21
/opt/airflow/dags/etl_timeseries_csv_pipeline.py                           1           0  0.13s           2025-10-09T13:31:12
================================================================================
[2025-10-09T13:32:05.309+0000] {manager.py:878} INFO - 
================================================================================
DAG File Processing Stats

File Path                                         PID    Runtime      # DAGs    # Errors  Last Runtime    Last Run
------------------------------------------------  -----  ---------  --------  ----------  --------------  -------------------
/opt/airflow/dags/timeseries_pipeline.py                                   1           0  0.81s           2025-10-09T13:31:52
/opt/airflow/dags/etl_timeseries_csv_pipeline.py                           1           0  0.12s           2025-10-09T13:31:43
================================================================================
[2025-10-09T13:32:37.007+0000] {manager.py:878} INFO - 
================================================================================
DAG File Processing Stats

File Path                                         PID    Runtime      # DAGs    # Errors  Last Runtime    Last Run
------------------------------------------------  -----  ---------  --------  ----------  --------------  -------------------
/opt/airflow/dags/timeseries_pipeline.py                                   1           0  0.80s           2025-10-09T13:32:23
/opt/airflow/dags/etl_timeseries_csv_pipeline.py                           1           0  0.12s           2025-10-09T13:32:13
================================================================================
[2025-10-09T13:33:08.307+0000] {manager.py:878} INFO - 
================================================================================
DAG File Processing Stats

File Path                                         PID    Runtime      # DAGs    # Errors  Last Runtime    Last Run
------------------------------------------------  -----  ---------  --------  ----------  --------------  -------------------
/opt/airflow/dags/timeseries_pipeline.py                                   1           0  0.85s           2025-10-09T13:32:55
/opt/airflow/dags/etl_timeseries_csv_pipeline.py                           1           0  0.12s           2025-10-09T13:32:45
================================================================================
[2025-10-09T13:33:39.432+0000] {manager.py:878} INFO - 
================================================================================
DAG File Processing Stats

File Path                                         PID    Runtime      # DAGs    # Errors  Last Runtime    Last Run
------------------------------------------------  -----  ---------  --------  ----------  --------------  -------------------
/opt/airflow/dags/timeseries_pipeline.py                                   1           0  0.86s           2025-10-09T13:33:26
/opt/airflow/dags/etl_timeseries_csv_pipeline.py                           1           0  0.13s           2025-10-09T13:33:16
================================================================================
[2025-10-09T13:34:10.589+0000] {manager.py:878} INFO - 
================================================================================
DAG File Processing Stats

File Path                                         PID    Runtime      # DAGs    # Errors  Last Runtime    Last Run
------------------------------------------------  -----  ---------  --------  ----------  --------------  -------------------
/opt/airflow/dags/timeseries_pipeline.py                                   1           0  1.49s           2025-10-09T13:33:57
/opt/airflow/dags/etl_timeseries_csv_pipeline.py                           1           0  0.14s           2025-10-09T13:33:47
================================================================================
[2025-10-09T13:34:42.080+0000] {manager.py:878} INFO - 
================================================================================
DAG File Processing Stats

File Path                                         PID    Runtime      # DAGs    # Errors  Last Runtime    Last Run
------------------------------------------------  -----  ---------  --------  ----------  --------------  -------------------
/opt/airflow/dags/timeseries_pipeline.py                                   1           0  0.86s           2025-10-09T13:34:28
/opt/airflow/dags/etl_timeseries_csv_pipeline.py                           1           0  0.13s           2025-10-09T13:34:17
================================================================================
[2025-10-09T13:35:13.527+0000] {manager.py:878} INFO - 
================================================================================
DAG File Processing Stats

File Path                                         PID    Runtime      # DAGs    # Errors  Last Runtime    Last Run
------------------------------------------------  -----  ---------  --------  ----------  --------------  -------------------
/opt/airflow/dags/timeseries_pipeline.py                                   1           0  0.81s           2025-10-09T13:35:00
/opt/airflow/dags/etl_timeseries_csv_pipeline.py                           1           0  0.13s           2025-10-09T13:34:48
================================================================================
[2025-10-09T13:35:44.600+0000] {manager.py:878} INFO - 
================================================================================
DAG File Processing Stats

File Path                                         PID    Runtime      # DAGs    # Errors  Last Runtime    Last Run
------------------------------------------------  -----  ---------  --------  ----------  --------------  -------------------
/opt/airflow/dags/timeseries_pipeline.py                                   1           0  0.84s           2025-10-09T13:35:31
/opt/airflow/dags/etl_timeseries_csv_pipeline.py                           1           0  0.14s           2025-10-09T13:35:19
================================================================================
[2025-10-09T13:35:47.637+0000] {manager.py:737} INFO - Searching for files in /opt/airflow/dags
[2025-10-09T13:35:47.732+0000] {manager.py:740} INFO - There are 2 files in /opt/airflow/dags
[2025-10-09T13:36:15.536+0000] {manager.py:878} INFO - 
================================================================================
DAG File Processing Stats

File Path                                         PID    Runtime      # DAGs    # Errors  Last Runtime    Last Run
------------------------------------------------  -----  ---------  --------  ----------  --------------  -------------------
/opt/airflow/dags/timeseries_pipeline.py                                   1           0  0.80s           2025-10-09T13:36:02
/opt/airflow/dags/etl_timeseries_csv_pipeline.py                           1           0  0.13s           2025-10-09T13:35:50
================================================================================
[2025-10-09T13:36:47.178+0000] {manager.py:878} INFO - 
================================================================================
DAG File Processing Stats

File Path                                         PID    Runtime      # DAGs    # Errors  Last Runtime    Last Run
------------------------------------------------  -----  ---------  --------  ----------  --------------  -------------------
/opt/airflow/dags/timeseries_pipeline.py                                   1           0  0.83s           2025-10-09T13:36:34
/opt/airflow/dags/etl_timeseries_csv_pipeline.py                           1           0  0.14s           2025-10-09T13:36:21
================================================================================
[2025-10-09T13:37:18.389+0000] {manager.py:878} INFO - 
================================================================================
DAG File Processing Stats

File Path                                         PID    Runtime      # DAGs    # Errors  Last Runtime    Last Run
------------------------------------------------  -----  ---------  --------  ----------  --------------  -------------------
/opt/airflow/dags/timeseries_pipeline.py                                   1           0  0.84s           2025-10-09T13:37:05
/opt/airflow/dags/etl_timeseries_csv_pipeline.py                           1           0  0.11s           2025-10-09T13:36:52
================================================================================
[2025-10-09T13:37:49.367+0000] {manager.py:878} INFO - 
================================================================================
DAG File Processing Stats

File Path                                         PID    Runtime      # DAGs    # Errors  Last Runtime    Last Run
------------------------------------------------  -----  ---------  --------  ----------  --------------  -------------------
/opt/airflow/dags/timeseries_pipeline.py                                   1           0  0.82s           2025-10-09T13:37:36
/opt/airflow/dags/etl_timeseries_csv_pipeline.py                           1           0  0.14s           2025-10-09T13:37:23
================================================================================
[2025-10-09T13:38:20.278+0000] {manager.py:878} INFO - 
================================================================================
DAG File Processing Stats

File Path                                         PID    Runtime      # DAGs    # Errors  Last Runtime    Last Run
------------------------------------------------  -----  ---------  --------  ----------  --------------  -------------------
/opt/airflow/dags/timeseries_pipeline.py                                   1           0  0.87s           2025-10-09T13:38:07
/opt/airflow/dags/etl_timeseries_csv_pipeline.py                           1           0  0.12s           2025-10-09T13:37:54
================================================================================
[2025-10-09T13:38:51.717+0000] {manager.py:878} INFO - 
================================================================================
DAG File Processing Stats

File Path                                         PID    Runtime      # DAGs    # Errors  Last Runtime    Last Run
------------------------------------------------  -----  ---------  --------  ----------  --------------  -------------------
/opt/airflow/dags/timeseries_pipeline.py                                   1           0  0.83s           2025-10-09T13:38:38
/opt/airflow/dags/etl_timeseries_csv_pipeline.py                           1           0  0.14s           2025-10-09T13:38:24
================================================================================
[2025-10-09T13:39:22.964+0000] {manager.py:878} INFO - 
================================================================================
DAG File Processing Stats

File Path                                         PID    Runtime      # DAGs    # Errors  Last Runtime    Last Run
------------------------------------------------  -----  ---------  --------  ----------  --------------  -------------------
/opt/airflow/dags/timeseries_pipeline.py                                   1           0  0.86s           2025-10-09T13:39:09
/opt/airflow/dags/etl_timeseries_csv_pipeline.py                           1           0  0.16s           2025-10-09T13:38:55
================================================================================
[2025-10-09T13:39:53.799+0000] {manager.py:878} INFO - 
================================================================================
DAG File Processing Stats

File Path                                         PID    Runtime      # DAGs    # Errors  Last Runtime    Last Run
------------------------------------------------  -----  ---------  --------  ----------  --------------  -------------------
/opt/airflow/dags/timeseries_pipeline.py                                   1           0  1.43s           2025-10-09T13:39:41
/opt/airflow/dags/etl_timeseries_csv_pipeline.py                           1           0  0.13s           2025-10-09T13:39:26
================================================================================
[2025-10-09T13:40:24.499+0000] {manager.py:878} INFO - 
================================================================================
DAG File Processing Stats

File Path                                         PID    Runtime      # DAGs    # Errors  Last Runtime    Last Run
------------------------------------------------  -----  ---------  --------  ----------  --------------  -------------------
/opt/airflow/dags/timeseries_pipeline.py                                   1           0  0.84s           2025-10-09T13:40:13
/opt/airflow/dags/etl_timeseries_csv_pipeline.py                           1           0  0.12s           2025-10-09T13:39:57
================================================================================
[2025-10-09T13:40:48.085+0000] {manager.py:737} INFO - Searching for files in /opt/airflow/dags
[2025-10-09T13:40:48.178+0000] {manager.py:740} INFO - There are 2 files in /opt/airflow/dags
[2025-10-09T13:40:56.306+0000] {manager.py:878} INFO - 
================================================================================
DAG File Processing Stats

File Path                                         PID    Runtime      # DAGs    # Errors  Last Runtime    Last Run
------------------------------------------------  -----  ---------  --------  ----------  --------------  -------------------
/opt/airflow/dags/timeseries_pipeline.py                                   1           0  1.50s           2025-10-09T13:40:45
/opt/airflow/dags/etl_timeseries_csv_pipeline.py                           1           0  0.14s           2025-10-09T13:40:27
================================================================================
[2025-10-09T13:41:27.813+0000] {manager.py:878} INFO - 
================================================================================
DAG File Processing Stats

File Path                                         PID    Runtime      # DAGs    # Errors  Last Runtime    Last Run
------------------------------------------------  -----  ---------  --------  ----------  --------------  -------------------
/opt/airflow/dags/timeseries_pipeline.py                                   1           0  0.83s           2025-10-09T13:41:16
/opt/airflow/dags/etl_timeseries_csv_pipeline.py                           1           0  0.15s           2025-10-09T13:40:58
================================================================================
[2025-10-09T13:41:12.192+0000] {manager.py:878} INFO - 
================================================================================
DAG File Processing Stats

File Path                                         PID    Runtime      # DAGs    # Errors  Last Runtime    Last Run
------------------------------------------------  -----  ---------  --------  ----------  --------------  -------------------
/opt/airflow/dags/timeseries_pipeline.py                                   1           0  1.39s           2025-10-09T13:41:48
/opt/airflow/dags/etl_timeseries_csv_pipeline.py                           1           0  0.14s           2025-10-09T13:41:29
================================================================================
[2025-10-09T13:42:31.329+0000] {manager.py:878} INFO - 
================================================================================
DAG File Processing Stats

File Path                                           PID  Runtime      # DAGs    # Errors  Last Runtime    Last Run
------------------------------------------------  -----  ---------  --------  ----------  --------------  -------------------
/opt/airflow/dags/timeseries_pipeline.py                                   1           0  0.77s           2025-10-09T13:42:19
/opt/airflow/dags/etl_timeseries_csv_pipeline.py   2298  0.01s             1           0  0.13s           2025-10-09T13:42:00
================================================================================
[2025-10-09T13:43:02.754+0000] {manager.py:878} INFO - 
================================================================================
DAG File Processing Stats

File Path                                         PID    Runtime      # DAGs    # Errors  Last Runtime    Last Run
------------------------------------------------  -----  ---------  --------  ----------  --------------  -------------------
/opt/airflow/dags/timeseries_pipeline.py                                   1           0  0.86s           2025-10-09T13:42:50
/opt/airflow/dags/etl_timeseries_csv_pipeline.py                           1           0  0.17s           2025-10-09T13:43:01
================================================================================
[2025-10-09T13:43:33.715+0000] {manager.py:878} INFO - 
================================================================================
DAG File Processing Stats

File Path                                         PID    Runtime      # DAGs    # Errors  Last Runtime    Last Run
------------------------------------------------  -----  ---------  --------  ----------  --------------  -------------------
/opt/airflow/dags/timeseries_pipeline.py                                   1           0  0.82s           2025-10-09T13:43:21
/opt/airflow/dags/etl_timeseries_csv_pipeline.py                           1           0  0.11s           2025-10-09T13:43:32
================================================================================
[2025-10-09T13:44:07.086+0000] {manager.py:878} INFO - 
================================================================================
DAG File Processing Stats

File Path                                         PID    Runtime      # DAGs    # Errors  Last Runtime    Last Run
------------------------------------------------  -----  ---------  --------  ----------  --------------  -------------------
/opt/airflow/dags/timeseries_pipeline.py                                   1           0  1.22s           2025-10-09T13:43:53
/opt/airflow/dags/etl_timeseries_csv_pipeline.py                           1           0  0.13s           2025-10-09T13:44:05
================================================================================
[2025-10-09T13:44:38.339+0000] {manager.py:878} INFO - 
================================================================================
DAG File Processing Stats

File Path                                         PID    Runtime      # DAGs    # Errors  Last Runtime    Last Run
------------------------------------------------  -----  ---------  --------  ----------  --------------  -------------------
/opt/airflow/dags/timeseries_pipeline.py                                   1           0  0.74s           2025-10-09T13:44:24
/opt/airflow/dags/etl_timeseries_csv_pipeline.py                           1           0  0.13s           2025-10-09T13:44:36
================================================================================
[2025-10-09T13:45:10.066+0000] {manager.py:878} INFO - 
================================================================================
DAG File Processing Stats

File Path                                         PID    Runtime      # DAGs    # Errors  Last Runtime    Last Run
------------------------------------------------  -----  ---------  --------  ----------  --------------  -------------------
/opt/airflow/dags/timeseries_pipeline.py                                   1           0  1.42s           2025-10-09T13:44:56
/opt/airflow/dags/etl_timeseries_csv_pipeline.py                           1           0  0.13s           2025-10-09T13:45:07
================================================================================
[2025-10-09T13:45:41.076+0000] {manager.py:878} INFO - 
================================================================================
DAG File Processing Stats

File Path                                         PID    Runtime      # DAGs    # Errors  Last Runtime    Last Run
------------------------------------------------  -----  ---------  --------  ----------  --------------  -------------------
/opt/airflow/dags/timeseries_pipeline.py                                   1           0  0.84s           2025-10-09T13:45:27
/opt/airflow/dags/etl_timeseries_csv_pipeline.py                           1           0  0.13s           2025-10-09T13:45:38
================================================================================
[2025-10-09T13:45:48.194+0000] {manager.py:737} INFO - Searching for files in /opt/airflow/dags
[2025-10-09T13:45:48.289+0000] {manager.py:740} INFO - There are 2 files in /opt/airflow/dags
[2025-10-09T13:46:11.600+0000] {manager.py:878} INFO - 
================================================================================
DAG File Processing Stats

File Path                                         PID    Runtime      # DAGs    # Errors  Last Runtime    Last Run
------------------------------------------------  -----  ---------  --------  ----------  --------------  -------------------
/opt/airflow/dags/timeseries_pipeline.py                                   1           0  1.41s           2025-10-09T13:45:58
/opt/airflow/dags/etl_timeseries_csv_pipeline.py                           1           0  0.12s           2025-10-09T13:46:08
================================================================================
[2025-10-09T13:46:42.911+0000] {manager.py:878} INFO - 
================================================================================
DAG File Processing Stats

File Path                                         PID    Runtime      # DAGs    # Errors  Last Runtime    Last Run
------------------------------------------------  -----  ---------  --------  ----------  --------------  -------------------
/opt/airflow/dags/timeseries_pipeline.py                                   1           0  0.77s           2025-10-09T13:46:29
/opt/airflow/dags/etl_timeseries_csv_pipeline.py                           1           0  0.13s           2025-10-09T13:46:39
================================================================================
[2025-10-09T13:47:14.316+0000] {manager.py:878} INFO - 
================================================================================
DAG File Processing Stats

File Path                                         PID    Runtime      # DAGs    # Errors  Last Runtime    Last Run
------------------------------------------------  -----  ---------  --------  ----------  --------------  -------------------
/opt/airflow/dags/timeseries_pipeline.py                                   1           0  0.74s           2025-10-09T13:47:00
/opt/airflow/dags/etl_timeseries_csv_pipeline.py                           1           0  0.15s           2025-10-09T13:47:10
================================================================================
[2025-10-09T13:47:45.284+0000] {manager.py:878} INFO - 
================================================================================
DAG File Processing Stats

File Path                                         PID    Runtime      # DAGs    # Errors  Last Runtime    Last Run
------------------------------------------------  -----  ---------  --------  ----------  --------------  -------------------
/opt/airflow/dags/timeseries_pipeline.py                                   1           0  0.84s           2025-10-09T13:47:32
/opt/airflow/dags/etl_timeseries_csv_pipeline.py                           1           0  0.11s           2025-10-09T13:47:41
================================================================================
[2025-10-09T13:48:16.020+0000] {manager.py:878} INFO - 
================================================================================
DAG File Processing Stats

File Path                                         PID    Runtime      # DAGs    # Errors  Last Runtime    Last Run
------------------------------------------------  -----  ---------  --------  ----------  --------------  -------------------
/opt/airflow/dags/timeseries_pipeline.py                                   1           0  0.82s           2025-10-09T13:48:03
/opt/airflow/dags/etl_timeseries_csv_pipeline.py                           1           0  0.12s           2025-10-09T13:48:12
================================================================================
[2025-10-09T13:48:47.540+0000] {manager.py:878} INFO - 
================================================================================
DAG File Processing Stats

File Path                                         PID    Runtime      # DAGs    # Errors  Last Runtime    Last Run
------------------------------------------------  -----  ---------  --------  ----------  --------------  -------------------
/opt/airflow/dags/timeseries_pipeline.py                                   1           0  1.19s           2025-10-09T13:48:35
/opt/airflow/dags/etl_timeseries_csv_pipeline.py                           1           0  0.12s           2025-10-09T13:48:42
================================================================================
[2025-10-09T13:48:31.180+0000] {manager.py:878} INFO - 
================================================================================
DAG File Processing Stats

File Path                                         PID    Runtime      # DAGs    # Errors  Last Runtime    Last Run
------------------------------------------------  -----  ---------  --------  ----------  --------------  -------------------
/opt/airflow/dags/timeseries_pipeline.py                                   1           0  0.81s           2025-10-09T13:49:06
/opt/airflow/dags/etl_timeseries_csv_pipeline.py                           1           0  0.12s           2025-10-09T13:48:42
================================================================================
[2025-10-09T13:49:49.171+0000] {manager.py:878} INFO - 
================================================================================
DAG File Processing Stats

File Path                                         PID    Runtime      # DAGs    # Errors  Last Runtime    Last Run
------------------------------------------------  -----  ---------  --------  ----------  --------------  -------------------
/opt/airflow/dags/timeseries_pipeline.py                                   1           0  1.39s           2025-10-09T13:49:38
/opt/airflow/dags/etl_timeseries_csv_pipeline.py                           1           0  0.12s           2025-10-09T13:49:28
================================================================================
[2025-10-09T13:50:20.547+0000] {manager.py:878} INFO - 
================================================================================
DAG File Processing Stats

File Path                                         PID    Runtime      # DAGs    # Errors  Last Runtime    Last Run
------------------------------------------------  -----  ---------  --------  ----------  --------------  -------------------
/opt/airflow/dags/timeseries_pipeline.py                                   1           0  0.74s           2025-10-09T13:50:09
/opt/airflow/dags/etl_timeseries_csv_pipeline.py                           1           0  0.12s           2025-10-09T13:49:59
================================================================================
[2025-10-09T13:50:49.068+0000] {manager.py:737} INFO - Searching for files in /opt/airflow/dags
[2025-10-09T13:50:49.147+0000] {manager.py:740} INFO - There are 2 files in /opt/airflow/dags
[2025-10-09T13:50:52.201+0000] {manager.py:878} INFO - 
================================================================================
DAG File Processing Stats

File Path                                         PID    Runtime      # DAGs    # Errors  Last Runtime    Last Run
------------------------------------------------  -----  ---------  --------  ----------  --------------  -------------------
/opt/airflow/dags/timeseries_pipeline.py                                   1           0  1.21s           2025-10-09T13:50:41
/opt/airflow/dags/etl_timeseries_csv_pipeline.py                           1           0  0.13s           2025-10-09T13:50:29
================================================================================
[2025-10-09T13:51:25.046+0000] {manager.py:878} INFO - 
================================================================================
DAG File Processing Stats

File Path                                         PID    Runtime      # DAGs    # Errors  Last Runtime    Last Run
------------------------------------------------  -----  ---------  --------  ----------  --------------  -------------------
/opt/airflow/dags/timeseries_pipeline.py                                   1           0  0.73s           2025-10-09T13:51:12
/opt/airflow/dags/etl_timeseries_csv_pipeline.py                           1           0  0.13s           2025-10-09T13:51:00
================================================================================
[2025-10-09T13:51:55.806+0000] {manager.py:878} INFO - 
================================================================================
DAG File Processing Stats

File Path                                         PID    Runtime      # DAGs    # Errors  Last Runtime    Last Run
------------------------------------------------  -----  ---------  --------  ----------  --------------  -------------------
/opt/airflow/dags/timeseries_pipeline.py                                   1           0  1.32s           2025-10-09T13:51:44
/opt/airflow/dags/etl_timeseries_csv_pipeline.py                           1           0  0.12s           2025-10-09T13:51:30
================================================================================
[2025-10-09T13:52:27.276+0000] {manager.py:878} INFO - 
================================================================================
DAG File Processing Stats

File Path                                         PID    Runtime      # DAGs    # Errors  Last Runtime    Last Run
------------------------------------------------  -----  ---------  --------  ----------  --------------  -------------------
/opt/airflow/dags/timeseries_pipeline.py                                   1           0  0.78s           2025-10-09T13:52:15
/opt/airflow/dags/etl_timeseries_csv_pipeline.py                           1           0  0.13s           2025-10-09T13:52:00
================================================================================
[2025-10-09T13:52:58.462+0000] {manager.py:878} INFO - 
================================================================================
DAG File Processing Stats

File Path                                         PID    Runtime      # DAGs    # Errors  Last Runtime    Last Run
------------------------------------------------  -----  ---------  --------  ----------  --------------  -------------------
/opt/airflow/dags/timeseries_pipeline.py                                   1           0  0.75s           2025-10-09T13:52:47
/opt/airflow/dags/etl_timeseries_csv_pipeline.py                           1           0  0.13s           2025-10-09T13:52:31
================================================================================
[2025-10-09T13:53:29.467+0000] {manager.py:878} INFO - 
================================================================================
DAG File Processing Stats

File Path                                         PID    Runtime      # DAGs    # Errors  Last Runtime    Last Run
------------------------------------------------  -----  ---------  --------  ----------  --------------  -------------------
/opt/airflow/dags/timeseries_pipeline.py                                   1           0  0.79s           2025-10-09T13:53:18
/opt/airflow/dags/etl_timeseries_csv_pipeline.py                           1           0  0.12s           2025-10-09T13:53:01
================================================================================
[2025-10-09T13:54:00.308+0000] {manager.py:878} INFO - 
================================================================================
DAG File Processing Stats

File Path                                         PID    Runtime      # DAGs    # Errors  Last Runtime    Last Run
------------------------------------------------  -----  ---------  --------  ----------  --------------  -------------------
/opt/airflow/dags/timeseries_pipeline.py                                   1           0  0.78s           2025-10-09T13:53:49
/opt/airflow/dags/etl_timeseries_csv_pipeline.py                           1           0  0.13s           2025-10-09T13:53:31
================================================================================
[2025-10-09T13:54:32.000+0000] {manager.py:878} INFO - 
================================================================================
DAG File Processing Stats

File Path                                           PID  Runtime      # DAGs    # Errors  Last Runtime    Last Run
------------------------------------------------  -----  ---------  --------  ----------  --------------  -------------------
/opt/airflow/dags/timeseries_pipeline.py                                   1           0  0.74s           2025-10-09T13:54:20
/opt/airflow/dags/etl_timeseries_csv_pipeline.py   2574  0.00s             1           0  0.14s           2025-10-09T13:54:01
================================================================================
[2025-10-09T13:55:03.206+0000] {manager.py:878} INFO - 
================================================================================
DAG File Processing Stats

File Path                                         PID    Runtime      # DAGs    # Errors  Last Runtime    Last Run
------------------------------------------------  -----  ---------  --------  ----------  --------------  -------------------
/opt/airflow/dags/timeseries_pipeline.py                                   1           0  0.78s           2025-10-09T13:54:52
/opt/airflow/dags/etl_timeseries_csv_pipeline.py                           1           0  0.13s           2025-10-09T13:55:02
================================================================================
[2025-10-09T13:55:34.559+0000] {manager.py:878} INFO - 
================================================================================
DAG File Processing Stats

File Path                                         PID    Runtime      # DAGs    # Errors  Last Runtime    Last Run
------------------------------------------------  -----  ---------  --------  ----------  --------------  -------------------
/opt/airflow/dags/timeseries_pipeline.py                                   1           0  1.37s           2025-10-09T13:55:23
/opt/airflow/dags/etl_timeseries_csv_pipeline.py                           1           0  0.12s           2025-10-09T13:55:32
================================================================================
[2025-10-09T13:55:49.794+0000] {manager.py:737} INFO - Searching for files in /opt/airflow/dags
[2025-10-09T13:55:49.884+0000] {manager.py:740} INFO - There are 2 files in /opt/airflow/dags
[2025-10-09T13:56:05.258+0000] {manager.py:878} INFO - 
================================================================================
DAG File Processing Stats

File Path                                         PID    Runtime      # DAGs    # Errors  Last Runtime    Last Run
------------------------------------------------  -----  ---------  --------  ----------  --------------  -------------------
/opt/airflow/dags/timeseries_pipeline.py                                   1           0  0.83s           2025-10-09T13:55:57
/opt/airflow/dags/etl_timeseries_csv_pipeline.py                           1           0  0.14s           2025-10-09T13:56:03
================================================================================
[2025-10-09T13:56:36.689+0000] {manager.py:878} INFO - 
================================================================================
DAG File Processing Stats

File Path                                         PID    Runtime      # DAGs    # Errors  Last Runtime    Last Run
------------------------------------------------  -----  ---------  --------  ----------  --------------  -------------------
/opt/airflow/dags/timeseries_pipeline.py                                   1           0  0.82s           2025-10-09T13:56:28
/opt/airflow/dags/etl_timeseries_csv_pipeline.py                           1           0  0.12s           2025-10-09T13:56:33
================================================================================
[2025-10-09T13:57:08.156+0000] {manager.py:878} INFO - 
================================================================================
DAG File Processing Stats

File Path                                         PID    Runtime      # DAGs    # Errors  Last Runtime    Last Run
------------------------------------------------  -----  ---------  --------  ----------  --------------  -------------------
/opt/airflow/dags/timeseries_pipeline.py                                   1           0  1.37s           2025-10-09T13:57:00
/opt/airflow/dags/etl_timeseries_csv_pipeline.py                           1           0  0.12s           2025-10-09T13:57:04
================================================================================
[2025-10-09T13:57:39.457+0000] {manager.py:878} INFO - 
================================================================================
DAG File Processing Stats

File Path                                         PID    Runtime      # DAGs    # Errors  Last Runtime    Last Run
------------------------------------------------  -----  ---------  --------  ----------  --------------  -------------------
/opt/airflow/dags/timeseries_pipeline.py                                   1           0  0.82s           2025-10-09T13:57:32
/opt/airflow/dags/etl_timeseries_csv_pipeline.py                           1           0  0.13s           2025-10-09T13:57:34
================================================================================
[2025-10-09T13:58:10.335+0000] {manager.py:878} INFO - 
================================================================================
DAG File Processing Stats

File Path                                         PID    Runtime      # DAGs    # Errors  Last Runtime    Last Run
------------------------------------------------  -----  ---------  --------  ----------  --------------  -------------------
/opt/airflow/dags/timeseries_pipeline.py                                   1           0  0.84s           2025-10-09T13:58:03
/opt/airflow/dags/etl_timeseries_csv_pipeline.py                           1           0  0.12s           2025-10-09T13:58:05
================================================================================
[2025-10-09T13:58:41.744+0000] {manager.py:878} INFO - 
================================================================================
DAG File Processing Stats

File Path                                         PID    Runtime      # DAGs    # Errors  Last Runtime    Last Run
------------------------------------------------  -----  ---------  --------  ----------  --------------  -------------------
/opt/airflow/dags/timeseries_pipeline.py                                   1           0  0.85s           2025-10-09T13:58:34
/opt/airflow/dags/etl_timeseries_csv_pipeline.py                           1           0  0.15s           2025-10-09T13:58:35
================================================================================
[2025-10-09T13:59:13.001+0000] {manager.py:878} INFO - 
================================================================================
DAG File Processing Stats

File Path                                         PID    Runtime      # DAGs    # Errors  Last Runtime    Last Run
------------------------------------------------  -----  ---------  --------  ----------  --------------  -------------------
/opt/airflow/dags/timeseries_pipeline.py                                   1           0  0.86s           2025-10-09T13:59:05
/opt/airflow/dags/etl_timeseries_csv_pipeline.py                           1           0  0.13s           2025-10-09T13:59:06
================================================================================
[2025-10-09T13:59:43.996+0000] {manager.py:878} INFO - 
================================================================================
DAG File Processing Stats

File Path                                         PID    Runtime      # DAGs    # Errors  Last Runtime    Last Run
------------------------------------------------  -----  ---------  --------  ----------  --------------  -------------------
/opt/airflow/dags/timeseries_pipeline.py                                   1           0  0.81s           2025-10-09T13:59:36
/opt/airflow/dags/etl_timeseries_csv_pipeline.py                           1           0  0.10s           2025-10-09T13:59:36
================================================================================
[2025-10-09T14:00:14.535+0000] {manager.py:878} INFO - 
================================================================================
DAG File Processing Stats

File Path                                         PID    Runtime      # DAGs    # Errors  Last Runtime    Last Run
------------------------------------------------  -----  ---------  --------  ----------  --------------  -------------------
/opt/airflow/dags/timeseries_pipeline.py                                   1           0  1.43s           2025-10-09T14:00:08
/opt/airflow/dags/etl_timeseries_csv_pipeline.py                           1           0  0.14s           2025-10-09T14:00:07
================================================================================
[2025-10-09T14:00:45.782+0000] {manager.py:878} INFO - 
================================================================================
DAG File Processing Stats

File Path                                         PID    Runtime      # DAGs    # Errors  Last Runtime    Last Run
------------------------------------------------  -----  ---------  --------  ----------  --------------  -------------------
/opt/airflow/dags/timeseries_pipeline.py                                   1           0  0.76s           2025-10-09T14:00:39
/opt/airflow/dags/etl_timeseries_csv_pipeline.py                           1           0  0.13s           2025-10-09T14:00:37
================================================================================
[2025-10-09T14:00:49.833+0000] {manager.py:737} INFO - Searching for files in /opt/airflow/dags
[2025-10-09T14:00:49.931+0000] {manager.py:740} INFO - There are 2 files in /opt/airflow/dags
[2025-10-09T14:01:18.814+0000] {manager.py:878} INFO - 
================================================================================
DAG File Processing Stats

File Path                                         PID    Runtime      # DAGs    # Errors  Last Runtime    Last Run
------------------------------------------------  -----  ---------  --------  ----------  --------------  -------------------
/opt/airflow/dags/timeseries_pipeline.py                                   1           0  0.79s           2025-10-09T14:01:10
/opt/airflow/dags/etl_timeseries_csv_pipeline.py                           1           0  0.12s           2025-10-09T14:01:07
================================================================================
[2025-10-09T14:01:50.135+0000] {manager.py:878} INFO - 
================================================================================
DAG File Processing Stats

File Path                                         PID    Runtime      # DAGs    # Errors  Last Runtime    Last Run
------------------------------------------------  -----  ---------  --------  ----------  --------------  -------------------
/opt/airflow/dags/timeseries_pipeline.py                                   1           0  0.82s           2025-10-09T14:01:41
/opt/airflow/dags/etl_timeseries_csv_pipeline.py                           1           0  0.13s           2025-10-09T14:01:38
================================================================================
[2025-10-09T14:02:21.094+0000] {manager.py:878} INFO - 
================================================================================
DAG File Processing Stats

File Path                                         PID    Runtime      # DAGs    # Errors  Last Runtime    Last Run
------------------------------------------------  -----  ---------  --------  ----------  --------------  -------------------
/opt/airflow/dags/timeseries_pipeline.py                                   1           0  0.81s           2025-10-09T14:02:12
/opt/airflow/dags/etl_timeseries_csv_pipeline.py                           1           0  0.13s           2025-10-09T14:02:09
================================================================================
[2025-10-09T14:02:52.690+0000] {manager.py:878} INFO - 
================================================================================
DAG File Processing Stats

File Path                                         PID    Runtime      # DAGs    # Errors  Last Runtime    Last Run
------------------------------------------------  -----  ---------  --------  ----------  --------------  -------------------
/opt/airflow/dags/timeseries_pipeline.py                                   1           0  1.39s           2025-10-09T14:02:44
/opt/airflow/dags/etl_timeseries_csv_pipeline.py                           1           0  0.15s           2025-10-09T14:02:39
================================================================================
[2025-10-09T14:03:23.914+0000] {manager.py:878} INFO - 
================================================================================
DAG File Processing Stats

File Path                                         PID    Runtime      # DAGs    # Errors  Last Runtime    Last Run
------------------------------------------------  -----  ---------  --------  ----------  --------------  -------------------
/opt/airflow/dags/timeseries_pipeline.py                                   1           0  0.84s           2025-10-09T14:03:15
/opt/airflow/dags/etl_timeseries_csv_pipeline.py                           1           0  0.14s           2025-10-09T14:03:09
================================================================================
[2025-10-09T14:03:55.152+0000] {manager.py:878} INFO - 
================================================================================
DAG File Processing Stats

File Path                                         PID    Runtime      # DAGs    # Errors  Last Runtime    Last Run
------------------------------------------------  -----  ---------  --------  ----------  --------------  -------------------
/opt/airflow/dags/timeseries_pipeline.py                                   1           0  0.86s           2025-10-09T14:03:47
/opt/airflow/dags/etl_timeseries_csv_pipeline.py                           1           0  0.12s           2025-10-09T14:03:40
================================================================================
[2025-10-09T14:04:26.291+0000] {manager.py:878} INFO - 
================================================================================
DAG File Processing Stats

File Path                                         PID    Runtime      # DAGs    # Errors  Last Runtime    Last Run
------------------------------------------------  -----  ---------  --------  ----------  --------------  -------------------
/opt/airflow/dags/timeseries_pipeline.py                                   1           0  1.37s           2025-10-09T14:04:18
/opt/airflow/dags/etl_timeseries_csv_pipeline.py                           1           0  0.14s           2025-10-09T14:04:11
================================================================================
[2025-10-09T14:04:57.685+0000] {manager.py:878} INFO - 
================================================================================
DAG File Processing Stats

File Path                                         PID    Runtime      # DAGs    # Errors  Last Runtime    Last Run
------------------------------------------------  -----  ---------  --------  ----------  --------------  -------------------
/opt/airflow/dags/timeseries_pipeline.py                                   1           0  0.86s           2025-10-09T14:04:49
/opt/airflow/dags/etl_timeseries_csv_pipeline.py                           1           0  0.13s           2025-10-09T14:04:41
================================================================================
[2025-10-09T14:05:28.856+0000] {manager.py:878} INFO - 
================================================================================
DAG File Processing Stats

File Path                                         PID    Runtime      # DAGs    # Errors  Last Runtime    Last Run
------------------------------------------------  -----  ---------  --------  ----------  --------------  -------------------
/opt/airflow/dags/timeseries_pipeline.py                                   1           0  0.82s           2025-10-09T14:05:20
/opt/airflow/dags/etl_timeseries_csv_pipeline.py                           1           0  0.12s           2025-10-09T14:05:12
================================================================================
[2025-10-09T14:05:49.850+0000] {manager.py:737} INFO - Searching for files in /opt/airflow/dags
[2025-10-09T14:05:49.942+0000] {manager.py:740} INFO - There are 2 files in /opt/airflow/dags
[2025-10-09T14:06:00.097+0000] {manager.py:878} INFO - 
================================================================================
DAG File Processing Stats

File Path                                         PID    Runtime      # DAGs    # Errors  Last Runtime    Last Run
------------------------------------------------  -----  ---------  --------  ----------  --------------  -------------------
/opt/airflow/dags/timeseries_pipeline.py                                   1           0  1.29s           2025-10-09T14:05:52
/opt/airflow/dags/etl_timeseries_csv_pipeline.py                           1           0  0.12s           2025-10-09T14:05:43
================================================================================
[2025-10-09T14:06:33.089+0000] {manager.py:878} INFO - 
================================================================================
DAG File Processing Stats

File Path                                         PID    Runtime      # DAGs    # Errors  Last Runtime    Last Run
------------------------------------------------  -----  ---------  --------  ----------  --------------  -------------------
/opt/airflow/dags/timeseries_pipeline.py                                   1           0  0.80s           2025-10-09T14:06:23
/opt/airflow/dags/etl_timeseries_csv_pipeline.py                           1           0  0.14s           2025-10-09T14:06:16
================================================================================
[2025-10-09T14:07:04.380+0000] {manager.py:878} INFO - 
================================================================================
DAG File Processing Stats

File Path                                         PID    Runtime      # DAGs    # Errors  Last Runtime    Last Run
------------------------------------------------  -----  ---------  --------  ----------  --------------  -------------------
/opt/airflow/dags/timeseries_pipeline.py                                   1           0  0.82s           2025-10-09T14:06:55
/opt/airflow/dags/etl_timeseries_csv_pipeline.py                           1           0  0.12s           2025-10-09T14:06:47
================================================================================
[2025-10-09T14:07:35.467+0000] {manager.py:878} INFO - 
================================================================================
DAG File Processing Stats

File Path                                         PID    Runtime      # DAGs    # Errors  Last Runtime    Last Run
------------------------------------------------  -----  ---------  --------  ----------  --------------  -------------------
/opt/airflow/dags/timeseries_pipeline.py                                   1           0  0.82s           2025-10-09T14:07:26
/opt/airflow/dags/etl_timeseries_csv_pipeline.py                           1           0  0.12s           2025-10-09T14:07:18
================================================================================
[2025-10-09T14:08:06.475+0000] {manager.py:878} INFO - 
================================================================================
DAG File Processing Stats

File Path                                         PID    Runtime      # DAGs    # Errors  Last Runtime    Last Run
------------------------------------------------  -----  ---------  --------  ----------  --------------  -------------------
/opt/airflow/dags/timeseries_pipeline.py                                   1           0  1.60s           2025-10-09T14:07:58
/opt/airflow/dags/etl_timeseries_csv_pipeline.py                           1           0  0.12s           2025-10-09T14:07:48
================================================================================
[2025-10-09T14:08:37.344+0000] {manager.py:878} INFO - 
================================================================================
DAG File Processing Stats

File Path                                         PID    Runtime      # DAGs    # Errors  Last Runtime    Last Run
------------------------------------------------  -----  ---------  --------  ----------  --------------  -------------------
/opt/airflow/dags/timeseries_pipeline.py                                   1           0  0.81s           2025-10-09T14:08:29
/opt/airflow/dags/etl_timeseries_csv_pipeline.py                           1           0  0.14s           2025-10-09T14:08:19
================================================================================
[2025-10-09T14:09:10.582+0000] {manager.py:878} INFO - 
================================================================================
DAG File Processing Stats

File Path                                         PID    Runtime      # DAGs    # Errors  Last Runtime    Last Run
------------------------------------------------  -----  ---------  --------  ----------  --------------  -------------------
/opt/airflow/dags/timeseries_pipeline.py                                   1           0  1.47s           2025-10-09T14:09:00
/opt/airflow/dags/etl_timeseries_csv_pipeline.py                           1           0  0.15s           2025-10-09T14:08:52
================================================================================
[2025-10-09T14:09:41.860+0000] {manager.py:878} INFO - 
================================================================================
DAG File Processing Stats

File Path                                         PID    Runtime      # DAGs    # Errors  Last Runtime    Last Run
------------------------------------------------  -----  ---------  --------  ----------  --------------  -------------------
/opt/airflow/dags/timeseries_pipeline.py                                   1           0  0.82s           2025-10-09T14:09:31
/opt/airflow/dags/etl_timeseries_csv_pipeline.py                           1           0  0.13s           2025-10-09T14:09:22
================================================================================
[2025-10-09T14:10:12.901+0000] {manager.py:878} INFO - 
================================================================================
DAG File Processing Stats

File Path                                         PID    Runtime      # DAGs    # Errors  Last Runtime    Last Run
------------------------------------------------  -----  ---------  --------  ----------  --------------  -------------------
/opt/airflow/dags/timeseries_pipeline.py                                   1           0  0.81s           2025-10-09T14:10:02
/opt/airflow/dags/etl_timeseries_csv_pipeline.py                           1           0  0.15s           2025-10-09T14:09:53
================================================================================
[2025-10-09T14:10:44.103+0000] {manager.py:878} INFO - 
================================================================================
DAG File Processing Stats

File Path                                         PID    Runtime      # DAGs    # Errors  Last Runtime    Last Run
------------------------------------------------  -----  ---------  --------  ----------  --------------  -------------------
/opt/airflow/dags/timeseries_pipeline.py                                   1           0  1.44s           2025-10-09T14:10:34
/opt/airflow/dags/etl_timeseries_csv_pipeline.py                           1           0  0.15s           2025-10-09T14:10:24
================================================================================
[2025-10-09T14:10:50.176+0000] {manager.py:737} INFO - Searching for files in /opt/airflow/dags
[2025-10-09T14:10:50.263+0000] {manager.py:740} INFO - There are 2 files in /opt/airflow/dags
[2025-10-09T14:11:15.340+0000] {manager.py:878} INFO - 
================================================================================
DAG File Processing Stats

File Path                                         PID    Runtime      # DAGs    # Errors  Last Runtime    Last Run
------------------------------------------------  -----  ---------  --------  ----------  --------------  -------------------
/opt/airflow/dags/timeseries_pipeline.py                                   1           0  0.75s           2025-10-09T14:11:06
/opt/airflow/dags/etl_timeseries_csv_pipeline.py                           1           0  0.11s           2025-10-09T14:10:55
================================================================================
[2025-10-09T14:11:48.445+0000] {manager.py:878} INFO - 
================================================================================
DAG File Processing Stats

File Path                                         PID    Runtime      # DAGs    # Errors  Last Runtime    Last Run
------------------------------------------------  -----  ---------  --------  ----------  --------------  -------------------
/opt/airflow/dags/timeseries_pipeline.py                                   1           0  1.29s           2025-10-09T14:11:37
/opt/airflow/dags/etl_timeseries_csv_pipeline.py                           1           0  0.12s           2025-10-09T14:11:28
================================================================================
[2025-10-09T14:12:19.161+0000] {manager.py:878} INFO - 
================================================================================
DAG File Processing Stats

File Path                                         PID    Runtime      # DAGs    # Errors  Last Runtime    Last Run
------------------------------------------------  -----  ---------  --------  ----------  --------------  -------------------
/opt/airflow/dags/timeseries_pipeline.py                                   1           0  0.81s           2025-10-09T14:12:09
/opt/airflow/dags/etl_timeseries_csv_pipeline.py                           1           0  0.13s           2025-10-09T14:11:59
================================================================================
[2025-10-09T14:12:50.336+0000] {manager.py:878} INFO - 
================================================================================
DAG File Processing Stats

File Path                                         PID    Runtime      # DAGs    # Errors  Last Runtime    Last Run
------------------------------------------------  -----  ---------  --------  ----------  --------------  -------------------
/opt/airflow/dags/timeseries_pipeline.py                                   1           0  1.50s           2025-10-09T14:12:41
/opt/airflow/dags/etl_timeseries_csv_pipeline.py                           1           0  0.13s           2025-10-09T14:12:29
================================================================================
[2025-10-09T14:13:21.992+0000] {manager.py:878} INFO - 
================================================================================
DAG File Processing Stats

File Path                                         PID    Runtime      # DAGs    # Errors  Last Runtime    Last Run
------------------------------------------------  -----  ---------  --------  ----------  --------------  -------------------
/opt/airflow/dags/timeseries_pipeline.py                                   1           0  0.82s           2025-10-09T14:13:12
/opt/airflow/dags/etl_timeseries_csv_pipeline.py                           1           0  0.11s           2025-10-09T14:13:01
================================================================================
[2025-10-09T14:13:52.937+0000] {manager.py:878} INFO - 
================================================================================
DAG File Processing Stats

File Path                                         PID    Runtime      # DAGs    # Errors  Last Runtime    Last Run
------------------------------------------------  -----  ---------  --------  ----------  --------------  -------------------
/opt/airflow/dags/timeseries_pipeline.py                                   1           0  0.85s           2025-10-09T14:13:43
/opt/airflow/dags/etl_timeseries_csv_pipeline.py                           1           0  0.19s           2025-10-09T14:13:32
================================================================================
[2025-10-09T14:14:23.879+0000] {manager.py:878} INFO - 
================================================================================
DAG File Processing Stats

File Path                                         PID    Runtime      # DAGs    # Errors  Last Runtime    Last Run
------------------------------------------------  -----  ---------  --------  ----------  --------------  -------------------
/opt/airflow/dags/timeseries_pipeline.py                                   1           0  0.85s           2025-10-09T14:14:14
/opt/airflow/dags/etl_timeseries_csv_pipeline.py                           1           0  0.13s           2025-10-09T14:14:02
================================================================================
[2025-10-09T14:14:55.433+0000] {manager.py:878} INFO - 
================================================================================
DAG File Processing Stats

File Path                                         PID    Runtime      # DAGs    # Errors  Last Runtime    Last Run
------------------------------------------------  -----  ---------  --------  ----------  --------------  -------------------
/opt/airflow/dags/timeseries_pipeline.py                                   1           0  0.81s           2025-10-09T14:14:46
/opt/airflow/dags/etl_timeseries_csv_pipeline.py                           1           0  0.13s           2025-10-09T14:14:33
================================================================================
[2025-10-09T14:15:26.580+0000] {manager.py:878} INFO - 
================================================================================
DAG File Processing Stats

File Path                                         PID    Runtime      # DAGs    # Errors  Last Runtime    Last Run
------------------------------------------------  -----  ---------  --------  ----------  --------------  -------------------
/opt/airflow/dags/timeseries_pipeline.py                                   1           0  0.83s           2025-10-09T14:15:17
/opt/airflow/dags/etl_timeseries_csv_pipeline.py                           1           0  0.13s           2025-10-09T14:15:04
================================================================================
[2025-10-09T14:15:50.645+0000] {manager.py:737} INFO - Searching for files in /opt/airflow/dags
[2025-10-09T14:15:50.736+0000] {manager.py:740} INFO - There are 2 files in /opt/airflow/dags
[2025-10-09T14:15:57.798+0000] {manager.py:878} INFO - 
================================================================================
DAG File Processing Stats

File Path                                         PID    Runtime      # DAGs    # Errors  Last Runtime    Last Run
------------------------------------------------  -----  ---------  --------  ----------  --------------  -------------------
/opt/airflow/dags/timeseries_pipeline.py                                   1           0  1.33s           2025-10-09T14:15:48
/opt/airflow/dags/etl_timeseries_csv_pipeline.py                           1           0  0.13s           2025-10-09T14:15:35
================================================================================
[2025-10-09T14:16:28.581+0000] {manager.py:878} INFO - 
================================================================================
DAG File Processing Stats

File Path                                         PID    Runtime      # DAGs    # Errors  Last Runtime    Last Run
------------------------------------------------  -----  ---------  --------  ----------  --------------  -------------------
/opt/airflow/dags/timeseries_pipeline.py                                   1           0  0.85s           2025-10-09T14:16:20
/opt/airflow/dags/etl_timeseries_csv_pipeline.py                           1           0  0.13s           2025-10-09T14:16:06
================================================================================
[2025-10-09T14:16:59.827+0000] {manager.py:878} INFO - 
================================================================================
DAG File Processing Stats

File Path                                         PID    Runtime      # DAGs    # Errors  Last Runtime    Last Run
------------------------------------------------  -----  ---------  --------  ----------  --------------  -------------------
/opt/airflow/dags/timeseries_pipeline.py                                   1           0  0.76s           2025-10-09T14:16:51
/opt/airflow/dags/etl_timeseries_csv_pipeline.py                           1           0  0.13s           2025-10-09T14:16:36
================================================================================
[2025-10-09T14:17:32.821+0000] {manager.py:878} INFO - 
================================================================================
DAG File Processing Stats

File Path                                         PID    Runtime      # DAGs    # Errors  Last Runtime    Last Run
------------------------------------------------  -----  ---------  --------  ----------  --------------  -------------------
/opt/airflow/dags/timeseries_pipeline.py                                   1           0  0.84s           2025-10-09T14:17:22
/opt/airflow/dags/etl_timeseries_csv_pipeline.py                           1           0  0.12s           2025-10-09T14:17:09
================================================================================
[2025-10-09T14:18:03.882+0000] {manager.py:878} INFO - 
================================================================================
DAG File Processing Stats

File Path                                         PID    Runtime      # DAGs    # Errors  Last Runtime    Last Run
------------------------------------------------  -----  ---------  --------  ----------  --------------  -------------------
/opt/airflow/dags/timeseries_pipeline.py                                   1           0  0.84s           2025-10-09T14:17:53
/opt/airflow/dags/etl_timeseries_csv_pipeline.py                           1           0  0.13s           2025-10-09T14:17:40
================================================================================
[2025-10-09T14:18:34.864+0000] {manager.py:878} INFO - 
================================================================================
DAG File Processing Stats

File Path                                         PID    Runtime      # DAGs    # Errors  Last Runtime    Last Run
------------------------------------------------  -----  ---------  --------  ----------  --------------  -------------------
/opt/airflow/dags/timeseries_pipeline.py                                   1           0  0.87s           2025-10-09T14:18:24
/opt/airflow/dags/etl_timeseries_csv_pipeline.py                           1           0  0.14s           2025-10-09T14:18:11
================================================================================
[2025-10-09T14:19:06.228+0000] {manager.py:878} INFO - 
================================================================================
DAG File Processing Stats

File Path                                         PID    Runtime      # DAGs    # Errors  Last Runtime    Last Run
------------------------------------------------  -----  ---------  --------  ----------  --------------  -------------------
/opt/airflow/dags/timeseries_pipeline.py                                   1           0  0.81s           2025-10-09T14:18:56
/opt/airflow/dags/etl_timeseries_csv_pipeline.py                           1           0  0.11s           2025-10-09T14:18:42
================================================================================
[2025-10-09T14:19:37.367+0000] {manager.py:878} INFO - 
================================================================================
DAG File Processing Stats

File Path                                         PID    Runtime      # DAGs    # Errors  Last Runtime    Last Run
------------------------------------------------  -----  ---------  --------  ----------  --------------  -------------------
/opt/airflow/dags/timeseries_pipeline.py                                   1           0  0.74s           2025-10-09T14:19:27
/opt/airflow/dags/etl_timeseries_csv_pipeline.py                           1           0  0.10s           2025-10-09T14:19:13
================================================================================
[2025-10-09T14:20:10.354+0000] {manager.py:878} INFO - 
================================================================================
DAG File Processing Stats

File Path                                         PID    Runtime      # DAGs    # Errors  Last Runtime    Last Run
------------------------------------------------  -----  ---------  --------  ----------  --------------  -------------------
/opt/airflow/dags/timeseries_pipeline.py                                   1           0  0.81s           2025-10-09T14:19:58
/opt/airflow/dags/etl_timeseries_csv_pipeline.py                           1           0  0.12s           2025-10-09T14:19:46
================================================================================
[2025-10-09T14:20:41.305+0000] {manager.py:878} INFO - 
================================================================================
DAG File Processing Stats

File Path                                         PID    Runtime      # DAGs    # Errors  Last Runtime    Last Run
------------------------------------------------  -----  ---------  --------  ----------  --------------  -------------------
/opt/airflow/dags/timeseries_pipeline.py                                   1           0  0.81s           2025-10-09T14:20:29
/opt/airflow/dags/etl_timeseries_csv_pipeline.py                           1           0  0.14s           2025-10-09T14:20:17
================================================================================
[2025-10-09T14:20:51.509+0000] {manager.py:737} INFO - Searching for files in /opt/airflow/dags
[2025-10-09T14:20:51.609+0000] {manager.py:740} INFO - There are 2 files in /opt/airflow/dags
[2025-10-09T14:21:12.750+0000] {manager.py:878} INFO - 
================================================================================
DAG File Processing Stats

File Path                                         PID    Runtime      # DAGs    # Errors  Last Runtime    Last Run
------------------------------------------------  -----  ---------  --------  ----------  --------------  -------------------
/opt/airflow/dags/timeseries_pipeline.py                                   1           0  0.81s           2025-10-09T14:21:00
/opt/airflow/dags/etl_timeseries_csv_pipeline.py                           1           0  0.14s           2025-10-09T14:20:47
================================================================================
[2025-10-09T14:21:43.872+0000] {manager.py:878} INFO - 
================================================================================
DAG File Processing Stats

File Path                                         PID    Runtime      # DAGs    # Errors  Last Runtime    Last Run
------------------------------------------------  -----  ---------  --------  ----------  --------------  -------------------
/opt/airflow/dags/timeseries_pipeline.py                                   1           0  0.82s           2025-10-09T14:21:31
/opt/airflow/dags/etl_timeseries_csv_pipeline.py                           1           0  0.12s           2025-10-09T14:21:18
================================================================================
[2025-10-09T14:22:14.693+0000] {manager.py:878} INFO - 
================================================================================
DAG File Processing Stats

File Path                                         PID    Runtime      # DAGs    # Errors  Last Runtime    Last Run
------------------------------------------------  -----  ---------  --------  ----------  --------------  -------------------
/opt/airflow/dags/timeseries_pipeline.py                                   1           0  0.80s           2025-10-09T14:22:02
/opt/airflow/dags/etl_timeseries_csv_pipeline.py                           1           0  0.12s           2025-10-09T14:21:49
================================================================================
[2025-10-09T14:22:45.373+0000] {manager.py:878} INFO - 
================================================================================
DAG File Processing Stats

File Path                                         PID    Runtime      # DAGs    # Errors  Last Runtime    Last Run
------------------------------------------------  -----  ---------  --------  ----------  --------------  -------------------
/opt/airflow/dags/timeseries_pipeline.py                                   1           0  0.85s           2025-10-09T14:22:34
/opt/airflow/dags/etl_timeseries_csv_pipeline.py                           1           0  0.11s           2025-10-09T14:22:20
================================================================================
[2025-10-09T14:23:16.604+0000] {manager.py:878} INFO - 
================================================================================
DAG File Processing Stats

File Path                                         PID    Runtime      # DAGs    # Errors  Last Runtime    Last Run
------------------------------------------------  -----  ---------  --------  ----------  --------------  -------------------
/opt/airflow/dags/timeseries_pipeline.py                                   1           0  0.88s           2025-10-09T14:23:05
/opt/airflow/dags/etl_timeseries_csv_pipeline.py                           1           0  0.12s           2025-10-09T14:22:50
================================================================================
[2025-10-09T14:23:47.690+0000] {manager.py:878} INFO - 
================================================================================
DAG File Processing Stats

File Path                                         PID    Runtime      # DAGs    # Errors  Last Runtime    Last Run
------------------------------------------------  -----  ---------  --------  ----------  --------------  -------------------
/opt/airflow/dags/timeseries_pipeline.py                                   1           0  0.92s           2025-10-09T14:23:36
/opt/airflow/dags/etl_timeseries_csv_pipeline.py                           1           0  0.11s           2025-10-09T14:23:21
================================================================================
[2025-10-09T14:24:18.617+0000] {manager.py:878} INFO - 
================================================================================
DAG File Processing Stats

File Path                                         PID    Runtime      # DAGs    # Errors  Last Runtime    Last Run
------------------------------------------------  -----  ---------  --------  ----------  --------------  -------------------
/opt/airflow/dags/timeseries_pipeline.py                                   1           0  0.82s           2025-10-09T14:24:07
/opt/airflow/dags/etl_timeseries_csv_pipeline.py                           1           0  0.13s           2025-10-09T14:23:52
================================================================================
[2025-10-09T14:24:49.445+0000] {manager.py:878} INFO - 
================================================================================
DAG File Processing Stats

File Path                                         PID    Runtime      # DAGs    # Errors  Last Runtime    Last Run
------------------------------------------------  -----  ---------  --------  ----------  --------------  -------------------
/opt/airflow/dags/timeseries_pipeline.py                                   1           0  0.80s           2025-10-09T14:24:38
/opt/airflow/dags/etl_timeseries_csv_pipeline.py                           1           0  0.12s           2025-10-09T14:24:23
================================================================================
[2025-10-09T14:25:21.026+0000] {manager.py:878} INFO - 
================================================================================
DAG File Processing Stats

File Path                                         PID    Runtime      # DAGs    # Errors  Last Runtime    Last Run
------------------------------------------------  -----  ---------  --------  ----------  --------------  -------------------
/opt/airflow/dags/timeseries_pipeline.py                                   1           0  0.84s           2025-10-09T14:25:09
/opt/airflow/dags/etl_timeseries_csv_pipeline.py                           1           0  0.12s           2025-10-09T14:24:53
================================================================================
[2025-10-09T14:25:52.145+0000] {manager.py:737} INFO - Searching for files in /opt/airflow/dags
[2025-10-09T14:25:52.245+0000] {manager.py:740} INFO - There are 2 files in /opt/airflow/dags
[2025-10-09T14:25:52.253+0000] {manager.py:878} INFO - 
================================================================================
DAG File Processing Stats

File Path                                         PID    Runtime      # DAGs    # Errors  Last Runtime    Last Run
------------------------------------------------  -----  ---------  --------  ----------  --------------  -------------------
/opt/airflow/dags/timeseries_pipeline.py                                   1           0  0.80s           2025-10-09T14:25:40
/opt/airflow/dags/etl_timeseries_csv_pipeline.py                           1           0  0.13s           2025-10-09T14:25:25
================================================================================
[2025-10-09T14:26:23.215+0000] {manager.py:878} INFO - 
================================================================================
DAG File Processing Stats

File Path                                         PID    Runtime      # DAGs    # Errors  Last Runtime    Last Run
------------------------------------------------  -----  ---------  --------  ----------  --------------  -------------------
/opt/airflow/dags/timeseries_pipeline.py                                   1           0  0.84s           2025-10-09T14:26:12
/opt/airflow/dags/etl_timeseries_csv_pipeline.py                           1           0  0.12s           2025-10-09T14:25:56
================================================================================
[2025-10-09T14:26:54.327+0000] {manager.py:878} INFO - 
================================================================================
DAG File Processing Stats

File Path                                         PID    Runtime      # DAGs    # Errors  Last Runtime    Last Run
------------------------------------------------  -----  ---------  --------  ----------  --------------  -------------------
/opt/airflow/dags/timeseries_pipeline.py                                   1           0  1.43s           2025-10-09T14:26:43
/opt/airflow/dags/etl_timeseries_csv_pipeline.py                           1           0  0.15s           2025-10-09T14:26:26
================================================================================
[2025-10-09T14:27:25.591+0000] {manager.py:878} INFO - 
================================================================================
DAG File Processing Stats

File Path                                         PID    Runtime      # DAGs    # Errors  Last Runtime    Last Run
------------------------------------------------  -----  ---------  --------  ----------  --------------  -------------------
/opt/airflow/dags/timeseries_pipeline.py                                   1           0  0.78s           2025-10-09T14:27:14
/opt/airflow/dags/etl_timeseries_csv_pipeline.py                           1           0  0.12s           2025-10-09T14:26:57
================================================================================
[2025-10-09T14:27:56.955+0000] {manager.py:878} INFO - 
================================================================================
DAG File Processing Stats

File Path                                         PID    Runtime      # DAGs    # Errors  Last Runtime    Last Run
------------------------------------------------  -----  ---------  --------  ----------  --------------  -------------------
/opt/airflow/dags/timeseries_pipeline.py                                   1           0  0.76s           2025-10-09T14:27:45
/opt/airflow/dags/etl_timeseries_csv_pipeline.py                           1           0  0.14s           2025-10-09T14:27:27
================================================================================
[2025-10-09T14:28:27.938+0000] {manager.py:878} INFO - 
================================================================================
DAG File Processing Stats

File Path                                         PID    Runtime      # DAGs    # Errors  Last Runtime    Last Run
------------------------------------------------  -----  ---------  --------  ----------  --------------  -------------------
/opt/airflow/dags/timeseries_pipeline.py                                   1           0  0.78s           2025-10-09T14:28:16
/opt/airflow/dags/etl_timeseries_csv_pipeline.py                           1           0  0.11s           2025-10-09T14:28:14
================================================================================
[2025-10-09T14:28:59.535+0000] {manager.py:878} INFO - 
================================================================================
DAG File Processing Stats

File Path                                         PID    Runtime      # DAGs    # Errors  Last Runtime    Last Run
------------------------------------------------  -----  ---------  --------  ----------  --------------  -------------------
/opt/airflow/dags/timeseries_pipeline.py                                   1           0  1.25s           2025-10-09T14:28:48
/opt/airflow/dags/etl_timeseries_csv_pipeline.py                           1           0  0.15s           2025-10-09T14:28:44
================================================================================
[2025-10-09T14:29:30.754+0000] {manager.py:878} INFO - 
================================================================================
DAG File Processing Stats

File Path                                         PID    Runtime      # DAGs    # Errors  Last Runtime    Last Run
------------------------------------------------  -----  ---------  --------  ----------  --------------  -------------------
/opt/airflow/dags/timeseries_pipeline.py                                   1           0  0.84s           2025-10-09T14:29:19
/opt/airflow/dags/etl_timeseries_csv_pipeline.py                           1           0  0.12s           2025-10-09T14:29:14
================================================================================
[2025-10-09T14:30:01.671+0000] {manager.py:878} INFO - 
================================================================================
DAG File Processing Stats

File Path                                         PID    Runtime      # DAGs    # Errors  Last Runtime    Last Run
------------------------------------------------  -----  ---------  --------  ----------  --------------  -------------------
/opt/airflow/dags/timeseries_pipeline.py                                   1           0  0.78s           2025-10-09T14:29:50
/opt/airflow/dags/etl_timeseries_csv_pipeline.py                           1           0  0.13s           2025-10-09T14:29:45
================================================================================
[2025-10-09T14:30:33.348+0000] {manager.py:878} INFO - 
================================================================================
DAG File Processing Stats

File Path                                         PID    Runtime      # DAGs    # Errors  Last Runtime    Last Run
------------------------------------------------  -----  ---------  --------  ----------  --------------  -------------------
/opt/airflow/dags/timeseries_pipeline.py                                   1           0  0.74s           2025-10-09T14:30:22
/opt/airflow/dags/etl_timeseries_csv_pipeline.py                           1           0  0.13s           2025-10-09T14:30:15
================================================================================
[2025-10-09T14:30:52.633+0000] {manager.py:737} INFO - Searching for files in /opt/airflow/dags
[2025-10-09T14:30:52.738+0000] {manager.py:740} INFO - There are 2 files in /opt/airflow/dags
[2025-10-09T14:31:04.605+0000] {manager.py:878} INFO - 
================================================================================
DAG File Processing Stats

File Path                                         PID    Runtime      # DAGs    # Errors  Last Runtime    Last Run
------------------------------------------------  -----  ---------  --------  ----------  --------------  -------------------
/opt/airflow/dags/timeseries_pipeline.py                                   1           0  0.73s           2025-10-09T14:30:53
/opt/airflow/dags/etl_timeseries_csv_pipeline.py                           1           0  0.13s           2025-10-09T14:30:45
================================================================================
[2025-10-09T14:31:35.452+0000] {manager.py:878} INFO - 
================================================================================
DAG File Processing Stats

File Path                                         PID    Runtime      # DAGs    # Errors  Last Runtime    Last Run
------------------------------------------------  -----  ---------  --------  ----------  --------------  -------------------
/opt/airflow/dags/timeseries_pipeline.py                                   1           0  0.73s           2025-10-09T14:31:24
/opt/airflow/dags/etl_timeseries_csv_pipeline.py                           1           0  0.11s           2025-10-09T14:31:15
================================================================================
[2025-10-09T14:32:06.730+0000] {manager.py:878} INFO - 
================================================================================
DAG File Processing Stats

File Path                                         PID    Runtime      # DAGs    # Errors  Last Runtime    Last Run
------------------------------------------------  -----  ---------  --------  ----------  --------------  -------------------
/opt/airflow/dags/timeseries_pipeline.py                                   1           0  0.79s           2025-10-09T14:31:55
/opt/airflow/dags/etl_timeseries_csv_pipeline.py                           1           0  0.14s           2025-10-09T14:31:46
================================================================================
[2025-10-09T14:32:39.897+0000] {manager.py:878} INFO - 
================================================================================
DAG File Processing Stats

File Path                                         PID    Runtime      # DAGs    # Errors  Last Runtime    Last Run
------------------------------------------------  -----  ---------  --------  ----------  --------------  -------------------
/opt/airflow/dags/timeseries_pipeline.py                                   1           0  0.76s           2025-10-09T14:32:27
/opt/airflow/dags/etl_timeseries_csv_pipeline.py                           1           0  0.12s           2025-10-09T14:32:16
================================================================================
[2025-10-09T14:33:11.388+0000] {manager.py:878} INFO - 
================================================================================
DAG File Processing Stats

File Path                                         PID    Runtime      # DAGs    # Errors  Last Runtime    Last Run
------------------------------------------------  -----  ---------  --------  ----------  --------------  -------------------
/opt/airflow/dags/timeseries_pipeline.py                                   1           0  0.77s           2025-10-09T14:32:58
/opt/airflow/dags/etl_timeseries_csv_pipeline.py                           1           0  0.10s           2025-10-09T14:32:46
================================================================================
[2025-10-09T14:33:42.808+0000] {manager.py:878} INFO - 
================================================================================
DAG File Processing Stats

File Path                                         PID    Runtime      # DAGs    # Errors  Last Runtime    Last Run
------------------------------------------------  -----  ---------  --------  ----------  --------------  -------------------
/opt/airflow/dags/timeseries_pipeline.py                                   1           0  1.04s           2025-10-09T14:33:29
/opt/airflow/dags/etl_timeseries_csv_pipeline.py                           1           0  0.13s           2025-10-09T14:33:16
================================================================================
[2025-10-09T14:34:13.664+0000] {manager.py:878} INFO - 
================================================================================
DAG File Processing Stats

File Path                                         PID    Runtime      # DAGs    # Errors  Last Runtime    Last Run
------------------------------------------------  -----  ---------  --------  ----------  --------------  -------------------
/opt/airflow/dags/timeseries_pipeline.py                                   1           0  0.90s           2025-10-09T14:34:00
/opt/airflow/dags/etl_timeseries_csv_pipeline.py                           1           0  0.12s           2025-10-09T14:33:47
================================================================================
[2025-10-09T14:34:44.999+0000] {manager.py:878} INFO - 
================================================================================
DAG File Processing Stats

File Path                                         PID    Runtime      # DAGs    # Errors  Last Runtime    Last Run
------------------------------------------------  -----  ---------  --------  ----------  --------------  -------------------
/opt/airflow/dags/timeseries_pipeline.py                                   1           0  0.71s           2025-10-09T14:34:31
/opt/airflow/dags/etl_timeseries_csv_pipeline.py                           1           0  0.10s           2025-10-09T14:34:18
================================================================================
[2025-10-09T14:35:17.773+0000] {manager.py:878} INFO - 
================================================================================
DAG File Processing Stats

File Path                                         PID    Runtime      # DAGs    # Errors  Last Runtime    Last Run
------------------------------------------------  -----  ---------  --------  ----------  --------------  -------------------
/opt/airflow/dags/timeseries_pipeline.py                                   1           0  0.76s           2025-10-09T14:35:02
/opt/airflow/dags/etl_timeseries_csv_pipeline.py                           1           0  0.11s           2025-10-09T14:34:49
================================================================================
[2025-10-09T14:35:48.633+0000] {manager.py:878} INFO - 
================================================================================
DAG File Processing Stats

File Path                                         PID    Runtime      # DAGs    # Errors  Last Runtime    Last Run
------------------------------------------------  -----  ---------  --------  ----------  --------------  -------------------
/opt/airflow/dags/timeseries_pipeline.py                                   1           0  0.78s           2025-10-09T14:35:33
/opt/airflow/dags/etl_timeseries_csv_pipeline.py                           1           0  0.12s           2025-10-09T14:35:19
================================================================================
[2025-10-09T14:35:52.993+0000] {manager.py:737} INFO - Searching for files in /opt/airflow/dags
[2025-10-09T14:35:53.079+0000] {manager.py:740} INFO - There are 2 files in /opt/airflow/dags
[2025-10-09T14:36:19.780+0000] {manager.py:878} INFO - 
================================================================================
DAG File Processing Stats

File Path                                         PID    Runtime      # DAGs    # Errors  Last Runtime    Last Run
------------------------------------------------  -----  ---------  --------  ----------  --------------  -------------------
/opt/airflow/dags/timeseries_pipeline.py                                   1           0  0.81s           2025-10-09T14:36:05
/opt/airflow/dags/etl_timeseries_csv_pipeline.py                           1           0  0.12s           2025-10-09T14:35:50
================================================================================
[2025-10-09T14:36:51.420+0000] {manager.py:878} INFO - 
================================================================================
DAG File Processing Stats

File Path                                           PID  Runtime      # DAGs    # Errors  Last Runtime    Last Run
------------------------------------------------  -----  ---------  --------  ----------  --------------  -------------------
/opt/airflow/dags/timeseries_pipeline.py                                   1           0  1.17s           2025-10-09T14:36:36
/opt/airflow/dags/etl_timeseries_csv_pipeline.py   3558  0.00s             1           0  0.14s           2025-10-09T14:36:20
================================================================================
[2025-10-09T14:37:09.329+0000] {manager.py:452} INFO - Exiting gracefully upon receiving signal 15
[2025-10-09T15:04:33.765+0000] {manager.py:470} INFO - Processing files using up to 2 processes at a time 
[2025-10-09T15:04:33.767+0000] {manager.py:471} INFO - Process each file at most once every 30 seconds
[2025-10-09T15:04:33.768+0000] {manager.py:472} INFO - Checking for new files in /opt/airflow/dags every 300 seconds
[2025-10-09T15:04:33.770+0000] {manager.py:737} INFO - Searching for files in /opt/airflow/dags
[2025-10-09T15:04:34.062+0000] {manager.py:740} INFO - There are 2 files in /opt/airflow/dags
[2025-10-09T15:04:34.225+0000] {manager.py:878} INFO - 
================================================================================
DAG File Processing Stats

File Path                                           PID  Runtime      # DAGs    # Errors  Last Runtime    Last Run
------------------------------------------------  -----  ---------  --------  ----------  --------------  ----------
/opt/airflow/dags/etl_timeseries_csv_pipeline.py    175  0.07s             0           0
/opt/airflow/dags/timeseries_pipeline.py            172  0.08s             0           0
================================================================================
[2025-10-09T15:05:06.822+0000] {manager.py:878} INFO - 
================================================================================
DAG File Processing Stats

File Path                                           PID  Runtime      # DAGs    # Errors  Last Runtime    Last Run
------------------------------------------------  -----  ---------  --------  ----------  --------------  -------------------
/opt/airflow/dags/timeseries_pipeline.py            191  0.00s             1           0  2.23s           2025-10-09T15:04:36
/opt/airflow/dags/etl_timeseries_csv_pipeline.py                           1           0  0.12s           2025-10-09T15:05:04
================================================================================
[2025-10-09T15:05:39.152+0000] {manager.py:878} INFO - 
================================================================================
DAG File Processing Stats

File Path                                         PID    Runtime      # DAGs    # Errors  Last Runtime    Last Run
------------------------------------------------  -----  ---------  --------  ----------  --------------  -------------------
/opt/airflow/dags/timeseries_pipeline.py                                   1           0  0.86s           2025-10-09T15:05:38
/opt/airflow/dags/etl_timeseries_csv_pipeline.py                           1           0  0.11s           2025-10-09T15:05:35
================================================================================
[2025-10-09T15:05:52.322+0000] {manager.py:452} INFO - Exiting gracefully upon receiving signal 15
