[2025-10-09T11:35:15.809+0000] {processor.py:161} INFO - Started process (PID=175) to work on /opt/airflow/dags/etl_timeseries_csv_pipeline.py
[2025-10-09T11:35:15.810+0000] {processor.py:830} INFO - Processing file /opt/airflow/dags/etl_timeseries_csv_pipeline.py for tasks to queue
[2025-10-09T11:35:15.811+0000] {logging_mixin.py:188} INFO - [2025-10-09T11:35:15.811+0000] {dagbag.py:545} INFO - Filling up the DagBag from /opt/airflow/dags/etl_timeseries_csv_pipeline.py
[2025-10-09T11:35:15.847+0000] {processor.py:840} INFO - DAG(s) 'etl_pipeline' retrieved from /opt/airflow/dags/etl_timeseries_csv_pipeline.py
[2025-10-09T11:35:16.044+0000] {logging_mixin.py:188} INFO - [2025-10-09T11:35:16.044+0000] {override.py:1829} INFO - Created Permission View: can read on DAG:etl_pipeline
[2025-10-09T11:35:16.055+0000] {logging_mixin.py:188} INFO - [2025-10-09T11:35:16.054+0000] {override.py:1829} INFO - Created Permission View: can delete on DAG:etl_pipeline
[2025-10-09T11:35:16.063+0000] {logging_mixin.py:188} INFO - [2025-10-09T11:35:16.063+0000] {override.py:1829} INFO - Created Permission View: can edit on DAG:etl_pipeline
[2025-10-09T11:35:16.064+0000] {logging_mixin.py:188} INFO - [2025-10-09T11:35:16.063+0000] {dag.py:3096} INFO - Sync 1 DAGs
[2025-10-09T11:35:16.073+0000] {logging_mixin.py:188} INFO - [2025-10-09T11:35:16.073+0000] {dag.py:3118} INFO - Creating ORM DAG for etl_pipeline
[2025-10-09T11:35:16.082+0000] {logging_mixin.py:188} INFO - [2025-10-09T11:35:16.082+0000] {dag.py:3954} INFO - Setting next_dagrun for etl_pipeline to 2025-10-08 00:00:00+00:00, run_after=2025-10-09 00:00:00+00:00
[2025-10-09T11:35:16.103+0000] {processor.py:183} INFO - Processing /opt/airflow/dags/etl_timeseries_csv_pipeline.py took 0.299 seconds
[2025-10-09T11:35:46.165+0000] {processor.py:161} INFO - Started process (PID=186) to work on /opt/airflow/dags/etl_timeseries_csv_pipeline.py
[2025-10-09T11:35:46.166+0000] {processor.py:830} INFO - Processing file /opt/airflow/dags/etl_timeseries_csv_pipeline.py for tasks to queue
[2025-10-09T11:35:46.166+0000] {logging_mixin.py:188} INFO - [2025-10-09T11:35:46.166+0000] {dagbag.py:545} INFO - Filling up the DagBag from /opt/airflow/dags/etl_timeseries_csv_pipeline.py
[2025-10-09T11:35:46.180+0000] {processor.py:840} INFO - DAG(s) 'etl_pipeline' retrieved from /opt/airflow/dags/etl_timeseries_csv_pipeline.py
[2025-10-09T11:35:46.201+0000] {logging_mixin.py:188} INFO - [2025-10-09T11:35:46.200+0000] {dag.py:3096} INFO - Sync 1 DAGs
[2025-10-09T11:35:46.227+0000] {logging_mixin.py:188} INFO - [2025-10-09T11:35:46.226+0000] {dag.py:3954} INFO - Setting next_dagrun for etl_pipeline to 2025-10-08 00:00:00+00:00, run_after=2025-10-09 00:00:00+00:00
[2025-10-09T11:35:46.257+0000] {processor.py:183} INFO - Processing /opt/airflow/dags/etl_timeseries_csv_pipeline.py took 0.096 seconds
[2025-10-09T11:36:16.368+0000] {processor.py:161} INFO - Started process (PID=198) to work on /opt/airflow/dags/etl_timeseries_csv_pipeline.py
[2025-10-09T11:36:16.369+0000] {processor.py:830} INFO - Processing file /opt/airflow/dags/etl_timeseries_csv_pipeline.py for tasks to queue
[2025-10-09T11:36:16.369+0000] {logging_mixin.py:188} INFO - [2025-10-09T11:36:16.369+0000] {dagbag.py:545} INFO - Filling up the DagBag from /opt/airflow/dags/etl_timeseries_csv_pipeline.py
[2025-10-09T11:36:16.384+0000] {processor.py:840} INFO - DAG(s) 'etl_pipeline' retrieved from /opt/airflow/dags/etl_timeseries_csv_pipeline.py
[2025-10-09T11:36:16.408+0000] {logging_mixin.py:188} INFO - [2025-10-09T11:36:16.407+0000] {dag.py:3096} INFO - Sync 1 DAGs
[2025-10-09T11:36:16.437+0000] {logging_mixin.py:188} INFO - [2025-10-09T11:36:16.437+0000] {dag.py:3954} INFO - Setting next_dagrun for etl_pipeline to 2025-10-08 00:00:00+00:00, run_after=2025-10-09 00:00:00+00:00
[2025-10-09T11:36:16.463+0000] {processor.py:183} INFO - Processing /opt/airflow/dags/etl_timeseries_csv_pipeline.py took 0.099 seconds
[2025-10-09T11:36:46.549+0000] {processor.py:161} INFO - Started process (PID=210) to work on /opt/airflow/dags/etl_timeseries_csv_pipeline.py
[2025-10-09T11:36:46.550+0000] {processor.py:830} INFO - Processing file /opt/airflow/dags/etl_timeseries_csv_pipeline.py for tasks to queue
[2025-10-09T11:36:46.551+0000] {logging_mixin.py:188} INFO - [2025-10-09T11:36:46.551+0000] {dagbag.py:545} INFO - Filling up the DagBag from /opt/airflow/dags/etl_timeseries_csv_pipeline.py
[2025-10-09T11:36:46.570+0000] {processor.py:840} INFO - DAG(s) 'etl_pipeline' retrieved from /opt/airflow/dags/etl_timeseries_csv_pipeline.py
[2025-10-09T11:36:46.595+0000] {logging_mixin.py:188} INFO - [2025-10-09T11:36:46.595+0000] {dag.py:3096} INFO - Sync 1 DAGs
[2025-10-09T11:36:46.618+0000] {logging_mixin.py:188} INFO - [2025-10-09T11:36:46.618+0000] {dag.py:3954} INFO - Setting next_dagrun for etl_pipeline to 2025-10-08 00:00:00+00:00, run_after=2025-10-09 00:00:00+00:00
[2025-10-09T11:36:46.639+0000] {processor.py:183} INFO - Processing /opt/airflow/dags/etl_timeseries_csv_pipeline.py took 0.095 seconds
[2025-10-09T11:37:16.984+0000] {processor.py:161} INFO - Started process (PID=222) to work on /opt/airflow/dags/etl_timeseries_csv_pipeline.py
[2025-10-09T11:37:16.985+0000] {processor.py:830} INFO - Processing file /opt/airflow/dags/etl_timeseries_csv_pipeline.py for tasks to queue
[2025-10-09T11:37:16.985+0000] {logging_mixin.py:188} INFO - [2025-10-09T11:37:16.985+0000] {dagbag.py:545} INFO - Filling up the DagBag from /opt/airflow/dags/etl_timeseries_csv_pipeline.py
[2025-10-09T11:37:17.003+0000] {processor.py:840} INFO - DAG(s) 'etl_pipeline' retrieved from /opt/airflow/dags/etl_timeseries_csv_pipeline.py
[2025-10-09T11:37:17.030+0000] {logging_mixin.py:188} INFO - [2025-10-09T11:37:17.029+0000] {dag.py:3096} INFO - Sync 1 DAGs
[2025-10-09T11:37:17.052+0000] {logging_mixin.py:188} INFO - [2025-10-09T11:37:17.052+0000] {dag.py:3954} INFO - Setting next_dagrun for etl_pipeline to 2025-10-08 00:00:00+00:00, run_after=2025-10-09 00:00:00+00:00
[2025-10-09T11:37:17.076+0000] {processor.py:183} INFO - Processing /opt/airflow/dags/etl_timeseries_csv_pipeline.py took 0.096 seconds
[2025-10-09T11:37:47.241+0000] {processor.py:161} INFO - Started process (PID=234) to work on /opt/airflow/dags/etl_timeseries_csv_pipeline.py
[2025-10-09T11:37:47.242+0000] {processor.py:830} INFO - Processing file /opt/airflow/dags/etl_timeseries_csv_pipeline.py for tasks to queue
[2025-10-09T11:37:47.243+0000] {logging_mixin.py:188} INFO - [2025-10-09T11:37:47.243+0000] {dagbag.py:545} INFO - Filling up the DagBag from /opt/airflow/dags/etl_timeseries_csv_pipeline.py
[2025-10-09T11:37:47.259+0000] {processor.py:840} INFO - DAG(s) 'etl_pipeline' retrieved from /opt/airflow/dags/etl_timeseries_csv_pipeline.py
[2025-10-09T11:37:47.284+0000] {logging_mixin.py:188} INFO - [2025-10-09T11:37:47.283+0000] {dag.py:3096} INFO - Sync 1 DAGs
[2025-10-09T11:37:47.302+0000] {logging_mixin.py:188} INFO - [2025-10-09T11:37:47.302+0000] {dag.py:3954} INFO - Setting next_dagrun for etl_pipeline to 2025-10-08 00:00:00+00:00, run_after=2025-10-09 00:00:00+00:00
[2025-10-09T11:37:47.324+0000] {processor.py:183} INFO - Processing /opt/airflow/dags/etl_timeseries_csv_pipeline.py took 0.087 seconds
[2025-10-09T11:38:17.983+0000] {processor.py:161} INFO - Started process (PID=246) to work on /opt/airflow/dags/etl_timeseries_csv_pipeline.py
[2025-10-09T11:38:17.983+0000] {processor.py:830} INFO - Processing file /opt/airflow/dags/etl_timeseries_csv_pipeline.py for tasks to queue
[2025-10-09T11:38:17.984+0000] {logging_mixin.py:188} INFO - [2025-10-09T11:38:17.984+0000] {dagbag.py:545} INFO - Filling up the DagBag from /opt/airflow/dags/etl_timeseries_csv_pipeline.py
[2025-10-09T11:38:18.003+0000] {processor.py:840} INFO - DAG(s) 'etl_pipeline' retrieved from /opt/airflow/dags/etl_timeseries_csv_pipeline.py
[2025-10-09T11:38:18.028+0000] {logging_mixin.py:188} INFO - [2025-10-09T11:38:18.028+0000] {dag.py:3096} INFO - Sync 1 DAGs
[2025-10-09T11:38:18.052+0000] {logging_mixin.py:188} INFO - [2025-10-09T11:38:18.052+0000] {dag.py:3954} INFO - Setting next_dagrun for etl_pipeline to 2025-10-08 00:00:00+00:00, run_after=2025-10-09 00:00:00+00:00
[2025-10-09T11:38:18.078+0000] {processor.py:183} INFO - Processing /opt/airflow/dags/etl_timeseries_csv_pipeline.py took 0.100 seconds
[2025-10-09T11:39:27.672+0000] {processor.py:161} INFO - Started process (PID=175) to work on /opt/airflow/dags/etl_timeseries_csv_pipeline.py
[2025-10-09T11:39:27.672+0000] {processor.py:830} INFO - Processing file /opt/airflow/dags/etl_timeseries_csv_pipeline.py for tasks to queue
[2025-10-09T11:39:27.673+0000] {logging_mixin.py:188} INFO - [2025-10-09T11:39:27.673+0000] {dagbag.py:545} INFO - Filling up the DagBag from /opt/airflow/dags/etl_timeseries_csv_pipeline.py
[2025-10-09T11:39:27.707+0000] {processor.py:840} INFO - DAG(s) 'etl_pipeline' retrieved from /opt/airflow/dags/etl_timeseries_csv_pipeline.py
[2025-10-09T11:39:27.729+0000] {logging_mixin.py:188} INFO - [2025-10-09T11:39:27.729+0000] {dag.py:3096} INFO - Sync 1 DAGs
[2025-10-09T11:39:27.747+0000] {logging_mixin.py:188} INFO - [2025-10-09T11:39:27.747+0000] {dag.py:3954} INFO - Setting next_dagrun for etl_pipeline to 2025-10-08 00:00:00+00:00, run_after=2025-10-09 00:00:00+00:00
[2025-10-09T11:39:27.767+0000] {processor.py:183} INFO - Processing /opt/airflow/dags/etl_timeseries_csv_pipeline.py took 0.099 seconds
[2025-10-09T11:39:57.899+0000] {processor.py:161} INFO - Started process (PID=186) to work on /opt/airflow/dags/etl_timeseries_csv_pipeline.py
[2025-10-09T11:39:57.900+0000] {processor.py:830} INFO - Processing file /opt/airflow/dags/etl_timeseries_csv_pipeline.py for tasks to queue
[2025-10-09T11:39:57.901+0000] {logging_mixin.py:188} INFO - [2025-10-09T11:39:57.900+0000] {dagbag.py:545} INFO - Filling up the DagBag from /opt/airflow/dags/etl_timeseries_csv_pipeline.py
[2025-10-09T11:39:57.920+0000] {processor.py:840} INFO - DAG(s) 'etl_pipeline' retrieved from /opt/airflow/dags/etl_timeseries_csv_pipeline.py
[2025-10-09T11:39:58.098+0000] {logging_mixin.py:188} INFO - [2025-10-09T11:39:58.098+0000] {dag.py:3096} INFO - Sync 1 DAGs
[2025-10-09T11:39:58.120+0000] {logging_mixin.py:188} INFO - [2025-10-09T11:39:58.120+0000] {dag.py:3954} INFO - Setting next_dagrun for etl_pipeline to 2025-10-08 00:00:00+00:00, run_after=2025-10-09 00:00:00+00:00
[2025-10-09T11:39:58.147+0000] {processor.py:183} INFO - Processing /opt/airflow/dags/etl_timeseries_csv_pipeline.py took 0.253 seconds
[2025-10-09T11:40:28.756+0000] {processor.py:161} INFO - Started process (PID=198) to work on /opt/airflow/dags/etl_timeseries_csv_pipeline.py
[2025-10-09T11:40:28.757+0000] {processor.py:830} INFO - Processing file /opt/airflow/dags/etl_timeseries_csv_pipeline.py for tasks to queue
[2025-10-09T11:40:28.758+0000] {logging_mixin.py:188} INFO - [2025-10-09T11:40:28.757+0000] {dagbag.py:545} INFO - Filling up the DagBag from /opt/airflow/dags/etl_timeseries_csv_pipeline.py
[2025-10-09T11:40:28.775+0000] {processor.py:840} INFO - DAG(s) 'etl_pipeline' retrieved from /opt/airflow/dags/etl_timeseries_csv_pipeline.py
[2025-10-09T11:40:28.809+0000] {logging_mixin.py:188} INFO - [2025-10-09T11:40:28.809+0000] {dag.py:3096} INFO - Sync 1 DAGs
[2025-10-09T11:40:28.833+0000] {logging_mixin.py:188} INFO - [2025-10-09T11:40:28.832+0000] {dag.py:3954} INFO - Setting next_dagrun for etl_pipeline to 2025-10-08 00:00:00+00:00, run_after=2025-10-09 00:00:00+00:00
[2025-10-09T11:40:28.855+0000] {processor.py:183} INFO - Processing /opt/airflow/dags/etl_timeseries_csv_pipeline.py took 0.103 seconds
[2025-10-09T11:40:59.559+0000] {processor.py:161} INFO - Started process (PID=210) to work on /opt/airflow/dags/etl_timeseries_csv_pipeline.py
[2025-10-09T11:40:59.559+0000] {processor.py:830} INFO - Processing file /opt/airflow/dags/etl_timeseries_csv_pipeline.py for tasks to queue
[2025-10-09T11:40:59.560+0000] {logging_mixin.py:188} INFO - [2025-10-09T11:40:59.560+0000] {dagbag.py:545} INFO - Filling up the DagBag from /opt/airflow/dags/etl_timeseries_csv_pipeline.py
[2025-10-09T11:40:59.574+0000] {processor.py:840} INFO - DAG(s) 'etl_pipeline' retrieved from /opt/airflow/dags/etl_timeseries_csv_pipeline.py
[2025-10-09T11:40:59.600+0000] {logging_mixin.py:188} INFO - [2025-10-09T11:40:59.599+0000] {dag.py:3096} INFO - Sync 1 DAGs
[2025-10-09T11:40:59.621+0000] {logging_mixin.py:188} INFO - [2025-10-09T11:40:59.621+0000] {dag.py:3954} INFO - Setting next_dagrun for etl_pipeline to 2025-10-08 00:00:00+00:00, run_after=2025-10-09 00:00:00+00:00
[2025-10-09T11:40:59.639+0000] {processor.py:183} INFO - Processing /opt/airflow/dags/etl_timeseries_csv_pipeline.py took 0.084 seconds
[2025-10-09T11:41:30.015+0000] {processor.py:161} INFO - Started process (PID=222) to work on /opt/airflow/dags/etl_timeseries_csv_pipeline.py
[2025-10-09T11:41:30.016+0000] {processor.py:830} INFO - Processing file /opt/airflow/dags/etl_timeseries_csv_pipeline.py for tasks to queue
[2025-10-09T11:41:30.016+0000] {logging_mixin.py:188} INFO - [2025-10-09T11:41:30.016+0000] {dagbag.py:545} INFO - Filling up the DagBag from /opt/airflow/dags/etl_timeseries_csv_pipeline.py
[2025-10-09T11:41:30.033+0000] {processor.py:840} INFO - DAG(s) 'etl_pipeline' retrieved from /opt/airflow/dags/etl_timeseries_csv_pipeline.py
[2025-10-09T11:41:30.053+0000] {logging_mixin.py:188} INFO - [2025-10-09T11:41:30.052+0000] {dag.py:3096} INFO - Sync 1 DAGs
[2025-10-09T11:41:30.070+0000] {logging_mixin.py:188} INFO - [2025-10-09T11:41:30.070+0000] {dag.py:3954} INFO - Setting next_dagrun for etl_pipeline to 2025-10-08 00:00:00+00:00, run_after=2025-10-09 00:00:00+00:00
[2025-10-09T11:41:30.091+0000] {processor.py:183} INFO - Processing /opt/airflow/dags/etl_timeseries_csv_pipeline.py took 0.080 seconds
[2025-10-09T11:42:00.831+0000] {processor.py:161} INFO - Started process (PID=234) to work on /opt/airflow/dags/etl_timeseries_csv_pipeline.py
[2025-10-09T11:42:00.832+0000] {processor.py:830} INFO - Processing file /opt/airflow/dags/etl_timeseries_csv_pipeline.py for tasks to queue
[2025-10-09T11:42:00.833+0000] {logging_mixin.py:188} INFO - [2025-10-09T11:42:00.832+0000] {dagbag.py:545} INFO - Filling up the DagBag from /opt/airflow/dags/etl_timeseries_csv_pipeline.py
[2025-10-09T11:42:00.851+0000] {processor.py:840} INFO - DAG(s) 'etl_pipeline' retrieved from /opt/airflow/dags/etl_timeseries_csv_pipeline.py
[2025-10-09T11:42:00.873+0000] {logging_mixin.py:188} INFO - [2025-10-09T11:42:00.873+0000] {dag.py:3096} INFO - Sync 1 DAGs
[2025-10-09T11:42:00.891+0000] {logging_mixin.py:188} INFO - [2025-10-09T11:42:00.891+0000] {dag.py:3954} INFO - Setting next_dagrun for etl_pipeline to 2025-10-08 00:00:00+00:00, run_after=2025-10-09 00:00:00+00:00
[2025-10-09T11:42:00.912+0000] {processor.py:183} INFO - Processing /opt/airflow/dags/etl_timeseries_csv_pipeline.py took 0.085 seconds
[2025-10-09T11:42:30.957+0000] {processor.py:161} INFO - Started process (PID=246) to work on /opt/airflow/dags/etl_timeseries_csv_pipeline.py
[2025-10-09T11:42:30.958+0000] {processor.py:830} INFO - Processing file /opt/airflow/dags/etl_timeseries_csv_pipeline.py for tasks to queue
[2025-10-09T11:42:30.959+0000] {logging_mixin.py:188} INFO - [2025-10-09T11:42:30.959+0000] {dagbag.py:545} INFO - Filling up the DagBag from /opt/airflow/dags/etl_timeseries_csv_pipeline.py
[2025-10-09T11:42:30.975+0000] {processor.py:840} INFO - DAG(s) 'etl_pipeline' retrieved from /opt/airflow/dags/etl_timeseries_csv_pipeline.py
[2025-10-09T11:42:30.998+0000] {logging_mixin.py:188} INFO - [2025-10-09T11:42:30.998+0000] {dag.py:3096} INFO - Sync 1 DAGs
[2025-10-09T11:42:31.021+0000] {logging_mixin.py:188} INFO - [2025-10-09T11:42:31.021+0000] {dag.py:3954} INFO - Setting next_dagrun for etl_pipeline to 2025-10-08 00:00:00+00:00, run_after=2025-10-09 00:00:00+00:00
[2025-10-09T11:42:31.046+0000] {processor.py:183} INFO - Processing /opt/airflow/dags/etl_timeseries_csv_pipeline.py took 0.093 seconds
[2025-10-09T11:43:01.597+0000] {processor.py:161} INFO - Started process (PID=258) to work on /opt/airflow/dags/etl_timeseries_csv_pipeline.py
[2025-10-09T11:43:01.597+0000] {processor.py:830} INFO - Processing file /opt/airflow/dags/etl_timeseries_csv_pipeline.py for tasks to queue
[2025-10-09T11:43:01.598+0000] {logging_mixin.py:188} INFO - [2025-10-09T11:43:01.598+0000] {dagbag.py:545} INFO - Filling up the DagBag from /opt/airflow/dags/etl_timeseries_csv_pipeline.py
[2025-10-09T11:43:01.613+0000] {processor.py:840} INFO - DAG(s) 'etl_pipeline' retrieved from /opt/airflow/dags/etl_timeseries_csv_pipeline.py
[2025-10-09T11:43:01.636+0000] {logging_mixin.py:188} INFO - [2025-10-09T11:43:01.636+0000] {dag.py:3096} INFO - Sync 1 DAGs
[2025-10-09T11:43:01.661+0000] {logging_mixin.py:188} INFO - [2025-10-09T11:43:01.661+0000] {dag.py:3954} INFO - Setting next_dagrun for etl_pipeline to 2025-10-08 00:00:00+00:00, run_after=2025-10-09 00:00:00+00:00
[2025-10-09T11:43:01.692+0000] {processor.py:183} INFO - Processing /opt/airflow/dags/etl_timeseries_csv_pipeline.py took 0.100 seconds
[2025-10-09T11:43:31.782+0000] {processor.py:161} INFO - Started process (PID=270) to work on /opt/airflow/dags/etl_timeseries_csv_pipeline.py
[2025-10-09T11:43:31.783+0000] {processor.py:830} INFO - Processing file /opt/airflow/dags/etl_timeseries_csv_pipeline.py for tasks to queue
[2025-10-09T11:43:31.784+0000] {logging_mixin.py:188} INFO - [2025-10-09T11:43:31.783+0000] {dagbag.py:545} INFO - Filling up the DagBag from /opt/airflow/dags/etl_timeseries_csv_pipeline.py
[2025-10-09T11:43:31.799+0000] {processor.py:840} INFO - DAG(s) 'etl_pipeline' retrieved from /opt/airflow/dags/etl_timeseries_csv_pipeline.py
[2025-10-09T11:43:31.823+0000] {logging_mixin.py:188} INFO - [2025-10-09T11:43:31.823+0000] {dag.py:3096} INFO - Sync 1 DAGs
[2025-10-09T11:43:31.849+0000] {logging_mixin.py:188} INFO - [2025-10-09T11:43:31.849+0000] {dag.py:3954} INFO - Setting next_dagrun for etl_pipeline to 2025-10-08 00:00:00+00:00, run_after=2025-10-09 00:00:00+00:00
[2025-10-09T11:43:31.876+0000] {processor.py:183} INFO - Processing /opt/airflow/dags/etl_timeseries_csv_pipeline.py took 0.098 seconds
[2025-10-09T11:44:02.103+0000] {processor.py:161} INFO - Started process (PID=282) to work on /opt/airflow/dags/etl_timeseries_csv_pipeline.py
[2025-10-09T11:44:02.103+0000] {processor.py:830} INFO - Processing file /opt/airflow/dags/etl_timeseries_csv_pipeline.py for tasks to queue
[2025-10-09T11:44:02.104+0000] {logging_mixin.py:188} INFO - [2025-10-09T11:44:02.104+0000] {dagbag.py:545} INFO - Filling up the DagBag from /opt/airflow/dags/etl_timeseries_csv_pipeline.py
[2025-10-09T11:44:02.121+0000] {processor.py:840} INFO - DAG(s) 'etl_pipeline' retrieved from /opt/airflow/dags/etl_timeseries_csv_pipeline.py
[2025-10-09T11:44:02.141+0000] {logging_mixin.py:188} INFO - [2025-10-09T11:44:02.141+0000] {dag.py:3096} INFO - Sync 1 DAGs
[2025-10-09T11:44:02.158+0000] {logging_mixin.py:188} INFO - [2025-10-09T11:44:02.158+0000] {dag.py:3954} INFO - Setting next_dagrun for etl_pipeline to 2025-10-08 00:00:00+00:00, run_after=2025-10-09 00:00:00+00:00
[2025-10-09T11:44:02.181+0000] {processor.py:183} INFO - Processing /opt/airflow/dags/etl_timeseries_csv_pipeline.py took 0.083 seconds
[2025-10-09T11:44:32.251+0000] {processor.py:161} INFO - Started process (PID=294) to work on /opt/airflow/dags/etl_timeseries_csv_pipeline.py
[2025-10-09T11:44:32.251+0000] {processor.py:830} INFO - Processing file /opt/airflow/dags/etl_timeseries_csv_pipeline.py for tasks to queue
[2025-10-09T11:44:32.252+0000] {logging_mixin.py:188} INFO - [2025-10-09T11:44:32.252+0000] {dagbag.py:545} INFO - Filling up the DagBag from /opt/airflow/dags/etl_timeseries_csv_pipeline.py
[2025-10-09T11:44:32.267+0000] {processor.py:840} INFO - DAG(s) 'etl_pipeline' retrieved from /opt/airflow/dags/etl_timeseries_csv_pipeline.py
[2025-10-09T11:44:32.288+0000] {logging_mixin.py:188} INFO - [2025-10-09T11:44:32.288+0000] {dag.py:3096} INFO - Sync 1 DAGs
[2025-10-09T11:44:32.308+0000] {logging_mixin.py:188} INFO - [2025-10-09T11:44:32.308+0000] {dag.py:3954} INFO - Setting next_dagrun for etl_pipeline to 2025-10-08 00:00:00+00:00, run_after=2025-10-09 00:00:00+00:00
[2025-10-09T11:44:32.334+0000] {processor.py:183} INFO - Processing /opt/airflow/dags/etl_timeseries_csv_pipeline.py took 0.087 seconds
[2025-10-09T11:44:56.253+0000] {processor.py:161} INFO - Started process (PID=175) to work on /opt/airflow/dags/etl_timeseries_csv_pipeline.py
[2025-10-09T11:44:56.253+0000] {processor.py:830} INFO - Processing file /opt/airflow/dags/etl_timeseries_csv_pipeline.py for tasks to queue
[2025-10-09T11:44:56.254+0000] {logging_mixin.py:188} INFO - [2025-10-09T11:44:56.254+0000] {dagbag.py:545} INFO - Filling up the DagBag from /opt/airflow/dags/etl_timeseries_csv_pipeline.py
[2025-10-09T11:44:56.278+0000] {processor.py:840} INFO - DAG(s) 'etl_pipeline' retrieved from /opt/airflow/dags/etl_timeseries_csv_pipeline.py
[2025-10-09T11:44:56.302+0000] {logging_mixin.py:188} INFO - [2025-10-09T11:44:56.301+0000] {dag.py:3096} INFO - Sync 1 DAGs
[2025-10-09T11:44:56.319+0000] {logging_mixin.py:188} INFO - [2025-10-09T11:44:56.319+0000] {dag.py:3954} INFO - Setting next_dagrun for etl_pipeline to 2025-10-08 00:00:00+00:00, run_after=2025-10-09 00:00:00+00:00
[2025-10-09T11:44:56.337+0000] {processor.py:183} INFO - Processing /opt/airflow/dags/etl_timeseries_csv_pipeline.py took 0.088 seconds
[2025-10-09T11:45:26.697+0000] {processor.py:161} INFO - Started process (PID=186) to work on /opt/airflow/dags/etl_timeseries_csv_pipeline.py
[2025-10-09T11:45:26.697+0000] {processor.py:830} INFO - Processing file /opt/airflow/dags/etl_timeseries_csv_pipeline.py for tasks to queue
[2025-10-09T11:45:26.698+0000] {logging_mixin.py:188} INFO - [2025-10-09T11:45:26.698+0000] {dagbag.py:545} INFO - Filling up the DagBag from /opt/airflow/dags/etl_timeseries_csv_pipeline.py
[2025-10-09T11:45:26.718+0000] {processor.py:840} INFO - DAG(s) 'etl_pipeline' retrieved from /opt/airflow/dags/etl_timeseries_csv_pipeline.py
[2025-10-09T11:45:26.909+0000] {logging_mixin.py:188} INFO - [2025-10-09T11:45:26.909+0000] {dag.py:3096} INFO - Sync 1 DAGs
[2025-10-09T11:45:26.930+0000] {logging_mixin.py:188} INFO - [2025-10-09T11:45:26.929+0000] {dag.py:3954} INFO - Setting next_dagrun for etl_pipeline to 2025-10-08 00:00:00+00:00, run_after=2025-10-09 00:00:00+00:00
[2025-10-09T11:45:26.958+0000] {processor.py:183} INFO - Processing /opt/airflow/dags/etl_timeseries_csv_pipeline.py took 0.267 seconds
[2025-10-09T11:45:57.089+0000] {processor.py:161} INFO - Started process (PID=198) to work on /opt/airflow/dags/etl_timeseries_csv_pipeline.py
[2025-10-09T11:45:57.089+0000] {processor.py:830} INFO - Processing file /opt/airflow/dags/etl_timeseries_csv_pipeline.py for tasks to queue
[2025-10-09T11:45:57.090+0000] {logging_mixin.py:188} INFO - [2025-10-09T11:45:57.090+0000] {dagbag.py:545} INFO - Filling up the DagBag from /opt/airflow/dags/etl_timeseries_csv_pipeline.py
[2025-10-09T11:45:57.107+0000] {processor.py:840} INFO - DAG(s) 'etl_pipeline' retrieved from /opt/airflow/dags/etl_timeseries_csv_pipeline.py
[2025-10-09T11:45:57.134+0000] {logging_mixin.py:188} INFO - [2025-10-09T11:45:57.134+0000] {dag.py:3096} INFO - Sync 1 DAGs
[2025-10-09T11:45:57.155+0000] {logging_mixin.py:188} INFO - [2025-10-09T11:45:57.155+0000] {dag.py:3954} INFO - Setting next_dagrun for etl_pipeline to 2025-10-08 00:00:00+00:00, run_after=2025-10-09 00:00:00+00:00
[2025-10-09T11:45:57.176+0000] {processor.py:183} INFO - Processing /opt/airflow/dags/etl_timeseries_csv_pipeline.py took 0.092 seconds
[2025-10-09T11:46:27.903+0000] {processor.py:161} INFO - Started process (PID=210) to work on /opt/airflow/dags/etl_timeseries_csv_pipeline.py
[2025-10-09T11:46:27.904+0000] {processor.py:830} INFO - Processing file /opt/airflow/dags/etl_timeseries_csv_pipeline.py for tasks to queue
[2025-10-09T11:46:27.905+0000] {logging_mixin.py:188} INFO - [2025-10-09T11:46:27.905+0000] {dagbag.py:545} INFO - Filling up the DagBag from /opt/airflow/dags/etl_timeseries_csv_pipeline.py
[2025-10-09T11:46:27.922+0000] {processor.py:840} INFO - DAG(s) 'etl_pipeline' retrieved from /opt/airflow/dags/etl_timeseries_csv_pipeline.py
[2025-10-09T11:46:27.946+0000] {logging_mixin.py:188} INFO - [2025-10-09T11:46:27.946+0000] {dag.py:3096} INFO - Sync 1 DAGs
[2025-10-09T11:46:27.965+0000] {logging_mixin.py:188} INFO - [2025-10-09T11:46:27.965+0000] {dag.py:3954} INFO - Setting next_dagrun for etl_pipeline to 2025-10-08 00:00:00+00:00, run_after=2025-10-09 00:00:00+00:00
[2025-10-09T11:46:27.981+0000] {processor.py:183} INFO - Processing /opt/airflow/dags/etl_timeseries_csv_pipeline.py took 0.082 seconds
[2025-10-09T11:46:58.413+0000] {processor.py:161} INFO - Started process (PID=222) to work on /opt/airflow/dags/etl_timeseries_csv_pipeline.py
[2025-10-09T11:46:58.414+0000] {processor.py:830} INFO - Processing file /opt/airflow/dags/etl_timeseries_csv_pipeline.py for tasks to queue
[2025-10-09T11:46:58.415+0000] {logging_mixin.py:188} INFO - [2025-10-09T11:46:58.414+0000] {dagbag.py:545} INFO - Filling up the DagBag from /opt/airflow/dags/etl_timeseries_csv_pipeline.py
[2025-10-09T11:46:58.431+0000] {processor.py:840} INFO - DAG(s) 'etl_pipeline' retrieved from /opt/airflow/dags/etl_timeseries_csv_pipeline.py
[2025-10-09T11:46:58.455+0000] {logging_mixin.py:188} INFO - [2025-10-09T11:46:58.454+0000] {dag.py:3096} INFO - Sync 1 DAGs
[2025-10-09T11:46:58.475+0000] {logging_mixin.py:188} INFO - [2025-10-09T11:46:58.475+0000] {dag.py:3954} INFO - Setting next_dagrun for etl_pipeline to 2025-10-08 00:00:00+00:00, run_after=2025-10-09 00:00:00+00:00
[2025-10-09T11:46:58.498+0000] {processor.py:183} INFO - Processing /opt/airflow/dags/etl_timeseries_csv_pipeline.py took 0.089 seconds
[2025-10-09T11:47:29.644+0000] {processor.py:161} INFO - Started process (PID=234) to work on /opt/airflow/dags/etl_timeseries_csv_pipeline.py
[2025-10-09T11:47:29.645+0000] {processor.py:830} INFO - Processing file /opt/airflow/dags/etl_timeseries_csv_pipeline.py for tasks to queue
[2025-10-09T11:47:29.645+0000] {logging_mixin.py:188} INFO - [2025-10-09T11:47:29.645+0000] {dagbag.py:545} INFO - Filling up the DagBag from /opt/airflow/dags/etl_timeseries_csv_pipeline.py
[2025-10-09T11:47:29.662+0000] {processor.py:840} INFO - DAG(s) 'etl_pipeline' retrieved from /opt/airflow/dags/etl_timeseries_csv_pipeline.py
[2025-10-09T11:47:29.683+0000] {logging_mixin.py:188} INFO - [2025-10-09T11:47:29.683+0000] {dag.py:3096} INFO - Sync 1 DAGs
[2025-10-09T11:47:29.701+0000] {logging_mixin.py:188} INFO - [2025-10-09T11:47:29.701+0000] {dag.py:3954} INFO - Setting next_dagrun for etl_pipeline to 2025-10-08 00:00:00+00:00, run_after=2025-10-09 00:00:00+00:00
[2025-10-09T11:47:29.727+0000] {processor.py:183} INFO - Processing /opt/airflow/dags/etl_timeseries_csv_pipeline.py took 0.086 seconds
[2025-10-09T11:48:02.523+0000] {processor.py:161} INFO - Started process (PID=246) to work on /opt/airflow/dags/etl_timeseries_csv_pipeline.py
[2025-10-09T11:48:02.524+0000] {processor.py:830} INFO - Processing file /opt/airflow/dags/etl_timeseries_csv_pipeline.py for tasks to queue
[2025-10-09T11:48:02.525+0000] {logging_mixin.py:188} INFO - [2025-10-09T11:48:02.525+0000] {dagbag.py:545} INFO - Filling up the DagBag from /opt/airflow/dags/etl_timeseries_csv_pipeline.py
[2025-10-09T11:48:02.541+0000] {processor.py:840} INFO - DAG(s) 'etl_pipeline' retrieved from /opt/airflow/dags/etl_timeseries_csv_pipeline.py
[2025-10-09T11:48:02.567+0000] {logging_mixin.py:188} INFO - [2025-10-09T11:48:02.567+0000] {dag.py:3096} INFO - Sync 1 DAGs
[2025-10-09T11:48:02.589+0000] {logging_mixin.py:188} INFO - [2025-10-09T11:48:02.589+0000] {dag.py:3954} INFO - Setting next_dagrun for etl_pipeline to 2025-10-08 00:00:00+00:00, run_after=2025-10-09 00:00:00+00:00
[2025-10-09T11:48:02.611+0000] {processor.py:183} INFO - Processing /opt/airflow/dags/etl_timeseries_csv_pipeline.py took 0.092 seconds
[2025-10-09T11:48:32.691+0000] {processor.py:161} INFO - Started process (PID=258) to work on /opt/airflow/dags/etl_timeseries_csv_pipeline.py
[2025-10-09T11:48:32.692+0000] {processor.py:830} INFO - Processing file /opt/airflow/dags/etl_timeseries_csv_pipeline.py for tasks to queue
[2025-10-09T11:48:32.693+0000] {logging_mixin.py:188} INFO - [2025-10-09T11:48:32.692+0000] {dagbag.py:545} INFO - Filling up the DagBag from /opt/airflow/dags/etl_timeseries_csv_pipeline.py
[2025-10-09T11:48:32.714+0000] {processor.py:840} INFO - DAG(s) 'etl_pipeline' retrieved from /opt/airflow/dags/etl_timeseries_csv_pipeline.py
[2025-10-09T11:48:32.739+0000] {logging_mixin.py:188} INFO - [2025-10-09T11:48:32.739+0000] {dag.py:3096} INFO - Sync 1 DAGs
[2025-10-09T11:48:32.763+0000] {logging_mixin.py:188} INFO - [2025-10-09T11:48:32.763+0000] {dag.py:3954} INFO - Setting next_dagrun for etl_pipeline to 2025-10-08 00:00:00+00:00, run_after=2025-10-09 00:00:00+00:00
[2025-10-09T11:48:32.797+0000] {processor.py:183} INFO - Processing /opt/airflow/dags/etl_timeseries_csv_pipeline.py took 0.111 seconds
[2025-10-09T11:49:04.108+0000] {processor.py:161} INFO - Started process (PID=270) to work on /opt/airflow/dags/etl_timeseries_csv_pipeline.py
[2025-10-09T11:49:04.109+0000] {processor.py:830} INFO - Processing file /opt/airflow/dags/etl_timeseries_csv_pipeline.py for tasks to queue
[2025-10-09T11:49:04.110+0000] {logging_mixin.py:188} INFO - [2025-10-09T11:49:04.109+0000] {dagbag.py:545} INFO - Filling up the DagBag from /opt/airflow/dags/etl_timeseries_csv_pipeline.py
[2025-10-09T11:49:04.126+0000] {processor.py:840} INFO - DAG(s) 'etl_pipeline' retrieved from /opt/airflow/dags/etl_timeseries_csv_pipeline.py
[2025-10-09T11:49:04.148+0000] {logging_mixin.py:188} INFO - [2025-10-09T11:49:04.147+0000] {dag.py:3096} INFO - Sync 1 DAGs
[2025-10-09T11:49:04.173+0000] {logging_mixin.py:188} INFO - [2025-10-09T11:49:04.173+0000] {dag.py:3954} INFO - Setting next_dagrun for etl_pipeline to 2025-10-08 00:00:00+00:00, run_after=2025-10-09 00:00:00+00:00
[2025-10-09T11:49:04.208+0000] {processor.py:183} INFO - Processing /opt/airflow/dags/etl_timeseries_csv_pipeline.py took 0.104 seconds
[2025-10-09T11:49:35.290+0000] {processor.py:161} INFO - Started process (PID=282) to work on /opt/airflow/dags/etl_timeseries_csv_pipeline.py
[2025-10-09T11:49:35.291+0000] {processor.py:830} INFO - Processing file /opt/airflow/dags/etl_timeseries_csv_pipeline.py for tasks to queue
[2025-10-09T11:49:35.292+0000] {logging_mixin.py:188} INFO - [2025-10-09T11:49:35.292+0000] {dagbag.py:545} INFO - Filling up the DagBag from /opt/airflow/dags/etl_timeseries_csv_pipeline.py
[2025-10-09T11:49:35.308+0000] {processor.py:840} INFO - DAG(s) 'etl_pipeline' retrieved from /opt/airflow/dags/etl_timeseries_csv_pipeline.py
[2025-10-09T11:49:35.332+0000] {logging_mixin.py:188} INFO - [2025-10-09T11:49:35.332+0000] {dag.py:3096} INFO - Sync 1 DAGs
[2025-10-09T11:49:35.353+0000] {logging_mixin.py:188} INFO - [2025-10-09T11:49:35.353+0000] {dag.py:3954} INFO - Setting next_dagrun for etl_pipeline to 2025-10-08 00:00:00+00:00, run_after=2025-10-09 00:00:00+00:00
[2025-10-09T11:49:35.380+0000] {processor.py:183} INFO - Processing /opt/airflow/dags/etl_timeseries_csv_pipeline.py took 0.095 seconds
[2025-10-09T11:50:21.554+0000] {processor.py:161} INFO - Started process (PID=297) to work on /opt/airflow/dags/etl_timeseries_csv_pipeline.py
[2025-10-09T11:50:21.555+0000] {processor.py:830} INFO - Processing file /opt/airflow/dags/etl_timeseries_csv_pipeline.py for tasks to queue
[2025-10-09T11:50:21.555+0000] {logging_mixin.py:188} INFO - [2025-10-09T11:50:21.555+0000] {dagbag.py:545} INFO - Filling up the DagBag from /opt/airflow/dags/etl_timeseries_csv_pipeline.py
[2025-10-09T11:50:21.571+0000] {processor.py:840} INFO - DAG(s) 'etl_pipeline' retrieved from /opt/airflow/dags/etl_timeseries_csv_pipeline.py
[2025-10-09T11:50:21.597+0000] {logging_mixin.py:188} INFO - [2025-10-09T11:50:21.597+0000] {dag.py:3096} INFO - Sync 1 DAGs
[2025-10-09T11:50:21.616+0000] {logging_mixin.py:188} INFO - [2025-10-09T11:50:21.616+0000] {dag.py:3954} INFO - Setting next_dagrun for etl_pipeline to 2025-10-08 00:00:00+00:00, run_after=2025-10-09 00:00:00+00:00
[2025-10-09T11:50:21.635+0000] {processor.py:183} INFO - Processing /opt/airflow/dags/etl_timeseries_csv_pipeline.py took 0.085 seconds
[2025-10-09T11:50:51.767+0000] {processor.py:161} INFO - Started process (PID=306) to work on /opt/airflow/dags/etl_timeseries_csv_pipeline.py
[2025-10-09T11:50:51.767+0000] {processor.py:830} INFO - Processing file /opt/airflow/dags/etl_timeseries_csv_pipeline.py for tasks to queue
[2025-10-09T11:50:51.768+0000] {logging_mixin.py:188} INFO - [2025-10-09T11:50:51.768+0000] {dagbag.py:545} INFO - Filling up the DagBag from /opt/airflow/dags/etl_timeseries_csv_pipeline.py
[2025-10-09T11:50:51.785+0000] {processor.py:840} INFO - DAG(s) 'etl_pipeline' retrieved from /opt/airflow/dags/etl_timeseries_csv_pipeline.py
[2025-10-09T11:50:51.807+0000] {logging_mixin.py:188} INFO - [2025-10-09T11:50:51.806+0000] {dag.py:3096} INFO - Sync 1 DAGs
[2025-10-09T11:50:51.835+0000] {logging_mixin.py:188} INFO - [2025-10-09T11:50:51.835+0000] {dag.py:3954} INFO - Setting next_dagrun for etl_pipeline to 2025-10-08 00:00:00+00:00, run_after=2025-10-09 00:00:00+00:00
[2025-10-09T11:50:51.866+0000] {processor.py:183} INFO - Processing /opt/airflow/dags/etl_timeseries_csv_pipeline.py took 0.104 seconds
[2025-10-09T11:51:22.149+0000] {processor.py:161} INFO - Started process (PID=318) to work on /opt/airflow/dags/etl_timeseries_csv_pipeline.py
[2025-10-09T11:51:22.149+0000] {processor.py:830} INFO - Processing file /opt/airflow/dags/etl_timeseries_csv_pipeline.py for tasks to queue
[2025-10-09T11:51:22.150+0000] {logging_mixin.py:188} INFO - [2025-10-09T11:51:22.150+0000] {dagbag.py:545} INFO - Filling up the DagBag from /opt/airflow/dags/etl_timeseries_csv_pipeline.py
[2025-10-09T11:51:22.166+0000] {processor.py:840} INFO - DAG(s) 'etl_pipeline' retrieved from /opt/airflow/dags/etl_timeseries_csv_pipeline.py
[2025-10-09T11:51:22.187+0000] {logging_mixin.py:188} INFO - [2025-10-09T11:51:22.187+0000] {dag.py:3096} INFO - Sync 1 DAGs
[2025-10-09T11:51:22.205+0000] {logging_mixin.py:188} INFO - [2025-10-09T11:51:22.205+0000] {dag.py:3954} INFO - Setting next_dagrun for etl_pipeline to 2025-10-08 00:00:00+00:00, run_after=2025-10-09 00:00:00+00:00
[2025-10-09T11:51:22.228+0000] {processor.py:183} INFO - Processing /opt/airflow/dags/etl_timeseries_csv_pipeline.py took 0.084 seconds
[2025-10-09T11:51:52.299+0000] {processor.py:161} INFO - Started process (PID=330) to work on /opt/airflow/dags/etl_timeseries_csv_pipeline.py
[2025-10-09T11:51:52.299+0000] {processor.py:830} INFO - Processing file /opt/airflow/dags/etl_timeseries_csv_pipeline.py for tasks to queue
[2025-10-09T11:51:52.300+0000] {logging_mixin.py:188} INFO - [2025-10-09T11:51:52.300+0000] {dagbag.py:545} INFO - Filling up the DagBag from /opt/airflow/dags/etl_timeseries_csv_pipeline.py
[2025-10-09T11:51:52.316+0000] {processor.py:840} INFO - DAG(s) 'etl_pipeline' retrieved from /opt/airflow/dags/etl_timeseries_csv_pipeline.py
[2025-10-09T11:51:52.342+0000] {logging_mixin.py:188} INFO - [2025-10-09T11:51:52.342+0000] {dag.py:3096} INFO - Sync 1 DAGs
[2025-10-09T11:51:52.367+0000] {logging_mixin.py:188} INFO - [2025-10-09T11:51:52.367+0000] {dag.py:3954} INFO - Setting next_dagrun for etl_pipeline to 2025-10-08 00:00:00+00:00, run_after=2025-10-09 00:00:00+00:00
[2025-10-09T11:51:52.396+0000] {processor.py:183} INFO - Processing /opt/airflow/dags/etl_timeseries_csv_pipeline.py took 0.101 seconds
[2025-10-09T11:52:22.513+0000] {processor.py:161} INFO - Started process (PID=342) to work on /opt/airflow/dags/etl_timeseries_csv_pipeline.py
[2025-10-09T11:52:22.514+0000] {processor.py:830} INFO - Processing file /opt/airflow/dags/etl_timeseries_csv_pipeline.py for tasks to queue
[2025-10-09T11:52:22.515+0000] {logging_mixin.py:188} INFO - [2025-10-09T11:52:22.515+0000] {dagbag.py:545} INFO - Filling up the DagBag from /opt/airflow/dags/etl_timeseries_csv_pipeline.py
[2025-10-09T11:52:22.532+0000] {processor.py:840} INFO - DAG(s) 'etl_pipeline' retrieved from /opt/airflow/dags/etl_timeseries_csv_pipeline.py
[2025-10-09T11:52:22.554+0000] {logging_mixin.py:188} INFO - [2025-10-09T11:52:22.554+0000] {dag.py:3096} INFO - Sync 1 DAGs
[2025-10-09T11:52:22.575+0000] {logging_mixin.py:188} INFO - [2025-10-09T11:52:22.575+0000] {dag.py:3954} INFO - Setting next_dagrun for etl_pipeline to 2025-10-08 00:00:00+00:00, run_after=2025-10-09 00:00:00+00:00
[2025-10-09T11:52:22.594+0000] {processor.py:183} INFO - Processing /opt/airflow/dags/etl_timeseries_csv_pipeline.py took 0.085 seconds
[2025-10-09T11:52:52.669+0000] {processor.py:161} INFO - Started process (PID=354) to work on /opt/airflow/dags/etl_timeseries_csv_pipeline.py
[2025-10-09T11:52:52.670+0000] {processor.py:830} INFO - Processing file /opt/airflow/dags/etl_timeseries_csv_pipeline.py for tasks to queue
[2025-10-09T11:52:52.671+0000] {logging_mixin.py:188} INFO - [2025-10-09T11:52:52.671+0000] {dagbag.py:545} INFO - Filling up the DagBag from /opt/airflow/dags/etl_timeseries_csv_pipeline.py
[2025-10-09T11:52:52.686+0000] {processor.py:840} INFO - DAG(s) 'etl_pipeline' retrieved from /opt/airflow/dags/etl_timeseries_csv_pipeline.py
[2025-10-09T11:52:52.710+0000] {logging_mixin.py:188} INFO - [2025-10-09T11:52:52.710+0000] {dag.py:3096} INFO - Sync 1 DAGs
[2025-10-09T11:52:52.729+0000] {logging_mixin.py:188} INFO - [2025-10-09T11:52:52.728+0000] {dag.py:3954} INFO - Setting next_dagrun for etl_pipeline to 2025-10-08 00:00:00+00:00, run_after=2025-10-09 00:00:00+00:00
[2025-10-09T11:52:52.751+0000] {processor.py:183} INFO - Processing /opt/airflow/dags/etl_timeseries_csv_pipeline.py took 0.086 seconds
[2025-10-09T11:53:23.457+0000] {processor.py:161} INFO - Started process (PID=366) to work on /opt/airflow/dags/etl_timeseries_csv_pipeline.py
[2025-10-09T11:53:23.458+0000] {processor.py:830} INFO - Processing file /opt/airflow/dags/etl_timeseries_csv_pipeline.py for tasks to queue
[2025-10-09T11:53:23.459+0000] {logging_mixin.py:188} INFO - [2025-10-09T11:53:23.459+0000] {dagbag.py:545} INFO - Filling up the DagBag from /opt/airflow/dags/etl_timeseries_csv_pipeline.py
[2025-10-09T11:53:23.476+0000] {processor.py:840} INFO - DAG(s) 'etl_pipeline' retrieved from /opt/airflow/dags/etl_timeseries_csv_pipeline.py
[2025-10-09T11:53:23.499+0000] {logging_mixin.py:188} INFO - [2025-10-09T11:53:23.498+0000] {dag.py:3096} INFO - Sync 1 DAGs
[2025-10-09T11:53:23.522+0000] {logging_mixin.py:188} INFO - [2025-10-09T11:53:23.522+0000] {dag.py:3954} INFO - Setting next_dagrun for etl_pipeline to 2025-10-08 00:00:00+00:00, run_after=2025-10-09 00:00:00+00:00
[2025-10-09T11:53:23.547+0000] {processor.py:183} INFO - Processing /opt/airflow/dags/etl_timeseries_csv_pipeline.py took 0.094 seconds
[2025-10-09T11:54:00.683+0000] {processor.py:161} INFO - Started process (PID=381) to work on /opt/airflow/dags/etl_timeseries_csv_pipeline.py
[2025-10-09T11:54:00.683+0000] {processor.py:830} INFO - Processing file /opt/airflow/dags/etl_timeseries_csv_pipeline.py for tasks to queue
[2025-10-09T11:54:00.684+0000] {logging_mixin.py:188} INFO - [2025-10-09T11:54:00.684+0000] {dagbag.py:545} INFO - Filling up the DagBag from /opt/airflow/dags/etl_timeseries_csv_pipeline.py
[2025-10-09T11:54:00.702+0000] {processor.py:840} INFO - DAG(s) 'etl_pipeline' retrieved from /opt/airflow/dags/etl_timeseries_csv_pipeline.py
[2025-10-09T11:54:00.725+0000] {logging_mixin.py:188} INFO - [2025-10-09T11:54:00.725+0000] {dag.py:3096} INFO - Sync 1 DAGs
[2025-10-09T11:54:00.744+0000] {logging_mixin.py:188} INFO - [2025-10-09T11:54:00.743+0000] {dag.py:3954} INFO - Setting next_dagrun for etl_pipeline to 2025-10-08 00:00:00+00:00, run_after=2025-10-09 00:00:00+00:00
[2025-10-09T11:54:00.766+0000] {processor.py:183} INFO - Processing /opt/airflow/dags/etl_timeseries_csv_pipeline.py took 0.089 seconds
[2025-10-09T11:54:30.857+0000] {processor.py:161} INFO - Started process (PID=390) to work on /opt/airflow/dags/etl_timeseries_csv_pipeline.py
[2025-10-09T11:54:30.858+0000] {processor.py:830} INFO - Processing file /opt/airflow/dags/etl_timeseries_csv_pipeline.py for tasks to queue
[2025-10-09T11:54:30.859+0000] {logging_mixin.py:188} INFO - [2025-10-09T11:54:30.859+0000] {dagbag.py:545} INFO - Filling up the DagBag from /opt/airflow/dags/etl_timeseries_csv_pipeline.py
[2025-10-09T11:54:30.877+0000] {processor.py:840} INFO - DAG(s) 'etl_pipeline' retrieved from /opt/airflow/dags/etl_timeseries_csv_pipeline.py
[2025-10-09T11:54:30.899+0000] {logging_mixin.py:188} INFO - [2025-10-09T11:54:30.898+0000] {dag.py:3096} INFO - Sync 1 DAGs
[2025-10-09T11:54:30.916+0000] {logging_mixin.py:188} INFO - [2025-10-09T11:54:30.916+0000] {dag.py:3954} INFO - Setting next_dagrun for etl_pipeline to 2025-10-08 00:00:00+00:00, run_after=2025-10-09 00:00:00+00:00
[2025-10-09T11:54:30.938+0000] {processor.py:183} INFO - Processing /opt/airflow/dags/etl_timeseries_csv_pipeline.py took 0.085 seconds
[2025-10-09T11:55:01.772+0000] {processor.py:161} INFO - Started process (PID=402) to work on /opt/airflow/dags/etl_timeseries_csv_pipeline.py
[2025-10-09T11:55:01.772+0000] {processor.py:830} INFO - Processing file /opt/airflow/dags/etl_timeseries_csv_pipeline.py for tasks to queue
[2025-10-09T11:55:01.773+0000] {logging_mixin.py:188} INFO - [2025-10-09T11:55:01.773+0000] {dagbag.py:545} INFO - Filling up the DagBag from /opt/airflow/dags/etl_timeseries_csv_pipeline.py
[2025-10-09T11:55:01.791+0000] {processor.py:840} INFO - DAG(s) 'etl_pipeline' retrieved from /opt/airflow/dags/etl_timeseries_csv_pipeline.py
[2025-10-09T11:55:01.815+0000] {logging_mixin.py:188} INFO - [2025-10-09T11:55:01.814+0000] {dag.py:3096} INFO - Sync 1 DAGs
[2025-10-09T11:55:01.845+0000] {logging_mixin.py:188} INFO - [2025-10-09T11:55:01.845+0000] {dag.py:3954} INFO - Setting next_dagrun for etl_pipeline to 2025-10-08 00:00:00+00:00, run_after=2025-10-09 00:00:00+00:00
[2025-10-09T11:55:01.884+0000] {processor.py:183} INFO - Processing /opt/airflow/dags/etl_timeseries_csv_pipeline.py took 0.116 seconds
[2025-10-09T11:55:32.103+0000] {processor.py:161} INFO - Started process (PID=414) to work on /opt/airflow/dags/etl_timeseries_csv_pipeline.py
[2025-10-09T11:55:32.104+0000] {processor.py:830} INFO - Processing file /opt/airflow/dags/etl_timeseries_csv_pipeline.py for tasks to queue
[2025-10-09T11:55:32.104+0000] {logging_mixin.py:188} INFO - [2025-10-09T11:55:32.104+0000] {dagbag.py:545} INFO - Filling up the DagBag from /opt/airflow/dags/etl_timeseries_csv_pipeline.py
[2025-10-09T11:55:32.119+0000] {processor.py:840} INFO - DAG(s) 'etl_pipeline' retrieved from /opt/airflow/dags/etl_timeseries_csv_pipeline.py
[2025-10-09T11:55:32.143+0000] {logging_mixin.py:188} INFO - [2025-10-09T11:55:32.142+0000] {dag.py:3096} INFO - Sync 1 DAGs
[2025-10-09T11:55:32.164+0000] {logging_mixin.py:188} INFO - [2025-10-09T11:55:32.164+0000] {dag.py:3954} INFO - Setting next_dagrun for etl_pipeline to 2025-10-08 00:00:00+00:00, run_after=2025-10-09 00:00:00+00:00
[2025-10-09T11:55:32.189+0000] {processor.py:183} INFO - Processing /opt/airflow/dags/etl_timeseries_csv_pipeline.py took 0.090 seconds
[2025-10-09T11:56:02.272+0000] {processor.py:161} INFO - Started process (PID=426) to work on /opt/airflow/dags/etl_timeseries_csv_pipeline.py
[2025-10-09T11:56:02.273+0000] {processor.py:830} INFO - Processing file /opt/airflow/dags/etl_timeseries_csv_pipeline.py for tasks to queue
[2025-10-09T11:56:02.274+0000] {logging_mixin.py:188} INFO - [2025-10-09T11:56:02.274+0000] {dagbag.py:545} INFO - Filling up the DagBag from /opt/airflow/dags/etl_timeseries_csv_pipeline.py
[2025-10-09T11:56:02.292+0000] {processor.py:840} INFO - DAG(s) 'etl_pipeline' retrieved from /opt/airflow/dags/etl_timeseries_csv_pipeline.py
[2025-10-09T11:56:02.318+0000] {logging_mixin.py:188} INFO - [2025-10-09T11:56:02.318+0000] {dag.py:3096} INFO - Sync 1 DAGs
[2025-10-09T11:56:02.343+0000] {logging_mixin.py:188} INFO - [2025-10-09T11:56:02.343+0000] {dag.py:3954} INFO - Setting next_dagrun for etl_pipeline to 2025-10-08 00:00:00+00:00, run_after=2025-10-09 00:00:00+00:00
[2025-10-09T11:56:02.372+0000] {processor.py:183} INFO - Processing /opt/airflow/dags/etl_timeseries_csv_pipeline.py took 0.105 seconds
[2025-10-09T11:56:32.473+0000] {processor.py:161} INFO - Started process (PID=438) to work on /opt/airflow/dags/etl_timeseries_csv_pipeline.py
[2025-10-09T11:56:32.473+0000] {processor.py:830} INFO - Processing file /opt/airflow/dags/etl_timeseries_csv_pipeline.py for tasks to queue
[2025-10-09T11:56:32.474+0000] {logging_mixin.py:188} INFO - [2025-10-09T11:56:32.474+0000] {dagbag.py:545} INFO - Filling up the DagBag from /opt/airflow/dags/etl_timeseries_csv_pipeline.py
[2025-10-09T11:56:32.490+0000] {processor.py:840} INFO - DAG(s) 'etl_pipeline' retrieved from /opt/airflow/dags/etl_timeseries_csv_pipeline.py
[2025-10-09T11:56:32.514+0000] {logging_mixin.py:188} INFO - [2025-10-09T11:56:32.514+0000] {dag.py:3096} INFO - Sync 1 DAGs
[2025-10-09T11:56:32.537+0000] {logging_mixin.py:188} INFO - [2025-10-09T11:56:32.537+0000] {dag.py:3954} INFO - Setting next_dagrun for etl_pipeline to 2025-10-08 00:00:00+00:00, run_after=2025-10-09 00:00:00+00:00
[2025-10-09T11:56:32.557+0000] {processor.py:183} INFO - Processing /opt/airflow/dags/etl_timeseries_csv_pipeline.py took 0.088 seconds
[2025-10-09T12:00:55.990+0000] {processor.py:161} INFO - Started process (PID=175) to work on /opt/airflow/dags/etl_timeseries_csv_pipeline.py
[2025-10-09T12:00:55.991+0000] {processor.py:830} INFO - Processing file /opt/airflow/dags/etl_timeseries_csv_pipeline.py for tasks to queue
[2025-10-09T12:00:55.992+0000] {logging_mixin.py:188} INFO - [2025-10-09T12:00:55.991+0000] {dagbag.py:545} INFO - Filling up the DagBag from /opt/airflow/dags/etl_timeseries_csv_pipeline.py
[2025-10-09T12:00:56.023+0000] {processor.py:840} INFO - DAG(s) 'etl_pipeline' retrieved from /opt/airflow/dags/etl_timeseries_csv_pipeline.py
[2025-10-09T12:00:56.074+0000] {logging_mixin.py:188} INFO - [2025-10-09T12:00:56.074+0000] {dag.py:3096} INFO - Sync 1 DAGs
[2025-10-09T12:00:56.094+0000] {logging_mixin.py:188} INFO - [2025-10-09T12:00:56.094+0000] {dag.py:3954} INFO - Setting next_dagrun for etl_pipeline to 2025-10-08 00:00:00+00:00, run_after=2025-10-09 00:00:00+00:00
[2025-10-09T12:00:56.118+0000] {processor.py:183} INFO - Processing /opt/airflow/dags/etl_timeseries_csv_pipeline.py took 0.134 seconds
[2025-10-09T12:01:55.475+0000] {processor.py:161} INFO - Started process (PID=175) to work on /opt/airflow/dags/etl_timeseries_csv_pipeline.py
[2025-10-09T12:01:55.476+0000] {processor.py:830} INFO - Processing file /opt/airflow/dags/etl_timeseries_csv_pipeline.py for tasks to queue
[2025-10-09T12:01:55.477+0000] {logging_mixin.py:188} INFO - [2025-10-09T12:01:55.477+0000] {dagbag.py:545} INFO - Filling up the DagBag from /opt/airflow/dags/etl_timeseries_csv_pipeline.py
[2025-10-09T12:01:55.504+0000] {processor.py:840} INFO - DAG(s) 'etl_pipeline' retrieved from /opt/airflow/dags/etl_timeseries_csv_pipeline.py
[2025-10-09T12:01:55.697+0000] {logging_mixin.py:188} INFO - [2025-10-09T12:01:55.696+0000] {override.py:1829} INFO - Created Permission View: can read on DAG:etl_pipeline
[2025-10-09T12:01:55.709+0000] {logging_mixin.py:188} INFO - [2025-10-09T12:01:55.708+0000] {override.py:1829} INFO - Created Permission View: can edit on DAG:etl_pipeline
[2025-10-09T12:01:55.720+0000] {logging_mixin.py:188} INFO - [2025-10-09T12:01:55.720+0000] {override.py:1829} INFO - Created Permission View: can delete on DAG:etl_pipeline
[2025-10-09T12:01:55.721+0000] {logging_mixin.py:188} INFO - [2025-10-09T12:01:55.720+0000] {dag.py:3096} INFO - Sync 1 DAGs
[2025-10-09T12:01:55.732+0000] {logging_mixin.py:188} INFO - [2025-10-09T12:01:55.731+0000] {dag.py:3118} INFO - Creating ORM DAG for etl_pipeline
[2025-10-09T12:01:55.742+0000] {logging_mixin.py:188} INFO - [2025-10-09T12:01:55.742+0000] {dag.py:3954} INFO - Setting next_dagrun for etl_pipeline to 2025-10-08 00:00:00+00:00, run_after=2025-10-09 00:00:00+00:00
[2025-10-09T12:01:55.770+0000] {processor.py:183} INFO - Processing /opt/airflow/dags/etl_timeseries_csv_pipeline.py took 0.300 seconds
[2025-10-09T12:02:26.006+0000] {processor.py:161} INFO - Started process (PID=186) to work on /opt/airflow/dags/etl_timeseries_csv_pipeline.py
[2025-10-09T12:02:26.006+0000] {processor.py:830} INFO - Processing file /opt/airflow/dags/etl_timeseries_csv_pipeline.py for tasks to queue
[2025-10-09T12:02:26.007+0000] {logging_mixin.py:188} INFO - [2025-10-09T12:02:26.007+0000] {dagbag.py:545} INFO - Filling up the DagBag from /opt/airflow/dags/etl_timeseries_csv_pipeline.py
[2025-10-09T12:02:26.028+0000] {processor.py:840} INFO - DAG(s) 'etl_pipeline' retrieved from /opt/airflow/dags/etl_timeseries_csv_pipeline.py
[2025-10-09T12:02:26.055+0000] {logging_mixin.py:188} INFO - [2025-10-09T12:02:26.055+0000] {dag.py:3096} INFO - Sync 1 DAGs
[2025-10-09T12:02:26.077+0000] {logging_mixin.py:188} INFO - [2025-10-09T12:02:26.077+0000] {dag.py:3954} INFO - Setting next_dagrun for etl_pipeline to 2025-10-08 00:00:00+00:00, run_after=2025-10-09 00:00:00+00:00
[2025-10-09T12:02:26.108+0000] {processor.py:183} INFO - Processing /opt/airflow/dags/etl_timeseries_csv_pipeline.py took 0.107 seconds
[2025-10-09T12:02:56.883+0000] {processor.py:161} INFO - Started process (PID=198) to work on /opt/airflow/dags/etl_timeseries_csv_pipeline.py
[2025-10-09T12:02:56.884+0000] {processor.py:830} INFO - Processing file /opt/airflow/dags/etl_timeseries_csv_pipeline.py for tasks to queue
[2025-10-09T12:02:56.885+0000] {logging_mixin.py:188} INFO - [2025-10-09T12:02:56.884+0000] {dagbag.py:545} INFO - Filling up the DagBag from /opt/airflow/dags/etl_timeseries_csv_pipeline.py
[2025-10-09T12:02:56.903+0000] {processor.py:840} INFO - DAG(s) 'etl_pipeline' retrieved from /opt/airflow/dags/etl_timeseries_csv_pipeline.py
[2025-10-09T12:02:56.927+0000] {logging_mixin.py:188} INFO - [2025-10-09T12:02:56.926+0000] {dag.py:3096} INFO - Sync 1 DAGs
[2025-10-09T12:02:56.948+0000] {logging_mixin.py:188} INFO - [2025-10-09T12:02:56.948+0000] {dag.py:3954} INFO - Setting next_dagrun for etl_pipeline to 2025-10-08 00:00:00+00:00, run_after=2025-10-09 00:00:00+00:00
[2025-10-09T12:02:56.976+0000] {processor.py:183} INFO - Processing /opt/airflow/dags/etl_timeseries_csv_pipeline.py took 0.097 seconds
[2025-10-09T12:03:27.572+0000] {processor.py:161} INFO - Started process (PID=210) to work on /opt/airflow/dags/etl_timeseries_csv_pipeline.py
[2025-10-09T12:03:27.573+0000] {processor.py:830} INFO - Processing file /opt/airflow/dags/etl_timeseries_csv_pipeline.py for tasks to queue
[2025-10-09T12:03:27.574+0000] {logging_mixin.py:188} INFO - [2025-10-09T12:03:27.574+0000] {dagbag.py:545} INFO - Filling up the DagBag from /opt/airflow/dags/etl_timeseries_csv_pipeline.py
[2025-10-09T12:03:27.589+0000] {processor.py:840} INFO - DAG(s) 'etl_pipeline' retrieved from /opt/airflow/dags/etl_timeseries_csv_pipeline.py
[2025-10-09T12:03:27.610+0000] {logging_mixin.py:188} INFO - [2025-10-09T12:03:27.610+0000] {dag.py:3096} INFO - Sync 1 DAGs
[2025-10-09T12:03:27.628+0000] {logging_mixin.py:188} INFO - [2025-10-09T12:03:27.628+0000] {dag.py:3954} INFO - Setting next_dagrun for etl_pipeline to 2025-10-08 00:00:00+00:00, run_after=2025-10-09 00:00:00+00:00
[2025-10-09T12:03:27.642+0000] {processor.py:183} INFO - Processing /opt/airflow/dags/etl_timeseries_csv_pipeline.py took 0.073 seconds
[2025-10-09T12:04:08.638+0000] {processor.py:161} INFO - Started process (PID=175) to work on /opt/airflow/dags/etl_timeseries_csv_pipeline.py
[2025-10-09T12:04:08.639+0000] {processor.py:830} INFO - Processing file /opt/airflow/dags/etl_timeseries_csv_pipeline.py for tasks to queue
[2025-10-09T12:04:08.640+0000] {logging_mixin.py:188} INFO - [2025-10-09T12:04:08.639+0000] {dagbag.py:545} INFO - Filling up the DagBag from /opt/airflow/dags/etl_timeseries_csv_pipeline.py
[2025-10-09T12:04:08.671+0000] {processor.py:840} INFO - DAG(s) 'etl_pipeline' retrieved from /opt/airflow/dags/etl_timeseries_csv_pipeline.py
[2025-10-09T12:04:08.899+0000] {logging_mixin.py:188} INFO - [2025-10-09T12:04:08.898+0000] {override.py:1829} INFO - Created Permission View: can edit on DAG:etl_pipeline
[2025-10-09T12:04:08.910+0000] {logging_mixin.py:188} INFO - [2025-10-09T12:04:08.910+0000] {override.py:1829} INFO - Created Permission View: can delete on DAG:etl_pipeline
[2025-10-09T12:04:08.917+0000] {logging_mixin.py:188} INFO - [2025-10-09T12:04:08.917+0000] {override.py:1829} INFO - Created Permission View: can read on DAG:etl_pipeline
[2025-10-09T12:04:08.918+0000] {logging_mixin.py:188} INFO - [2025-10-09T12:04:08.918+0000] {dag.py:3096} INFO - Sync 1 DAGs
[2025-10-09T12:04:08.928+0000] {logging_mixin.py:188} INFO - [2025-10-09T12:04:08.928+0000] {dag.py:3118} INFO - Creating ORM DAG for etl_pipeline
[2025-10-09T12:04:08.939+0000] {logging_mixin.py:188} INFO - [2025-10-09T12:04:08.939+0000] {dag.py:3954} INFO - Setting next_dagrun for etl_pipeline to 2025-10-08 00:00:00+00:00, run_after=2025-10-09 00:00:00+00:00
[2025-10-09T12:04:08.963+0000] {processor.py:183} INFO - Processing /opt/airflow/dags/etl_timeseries_csv_pipeline.py took 0.330 seconds
[2025-10-09T12:04:39.439+0000] {processor.py:161} INFO - Started process (PID=186) to work on /opt/airflow/dags/etl_timeseries_csv_pipeline.py
[2025-10-09T12:04:39.440+0000] {processor.py:830} INFO - Processing file /opt/airflow/dags/etl_timeseries_csv_pipeline.py for tasks to queue
[2025-10-09T12:04:39.441+0000] {logging_mixin.py:188} INFO - [2025-10-09T12:04:39.441+0000] {dagbag.py:545} INFO - Filling up the DagBag from /opt/airflow/dags/etl_timeseries_csv_pipeline.py
[2025-10-09T12:04:39.457+0000] {processor.py:840} INFO - DAG(s) 'etl_pipeline' retrieved from /opt/airflow/dags/etl_timeseries_csv_pipeline.py
[2025-10-09T12:04:39.480+0000] {logging_mixin.py:188} INFO - [2025-10-09T12:04:39.480+0000] {dag.py:3096} INFO - Sync 1 DAGs
[2025-10-09T12:04:39.500+0000] {logging_mixin.py:188} INFO - [2025-10-09T12:04:39.499+0000] {dag.py:3954} INFO - Setting next_dagrun for etl_pipeline to 2025-10-08 00:00:00+00:00, run_after=2025-10-09 00:00:00+00:00
[2025-10-09T12:04:39.520+0000] {processor.py:183} INFO - Processing /opt/airflow/dags/etl_timeseries_csv_pipeline.py took 0.084 seconds
[2025-10-09T12:05:10.335+0000] {processor.py:161} INFO - Started process (PID=198) to work on /opt/airflow/dags/etl_timeseries_csv_pipeline.py
[2025-10-09T12:05:10.336+0000] {processor.py:830} INFO - Processing file /opt/airflow/dags/etl_timeseries_csv_pipeline.py for tasks to queue
[2025-10-09T12:05:10.337+0000] {logging_mixin.py:188} INFO - [2025-10-09T12:05:10.337+0000] {dagbag.py:545} INFO - Filling up the DagBag from /opt/airflow/dags/etl_timeseries_csv_pipeline.py
[2025-10-09T12:05:10.353+0000] {processor.py:840} INFO - DAG(s) 'etl_pipeline' retrieved from /opt/airflow/dags/etl_timeseries_csv_pipeline.py
[2025-10-09T12:05:10.376+0000] {logging_mixin.py:188} INFO - [2025-10-09T12:05:10.376+0000] {dag.py:3096} INFO - Sync 1 DAGs
[2025-10-09T12:05:10.397+0000] {logging_mixin.py:188} INFO - [2025-10-09T12:05:10.396+0000] {dag.py:3954} INFO - Setting next_dagrun for etl_pipeline to 2025-10-08 00:00:00+00:00, run_after=2025-10-09 00:00:00+00:00
[2025-10-09T12:05:10.417+0000] {processor.py:183} INFO - Processing /opt/airflow/dags/etl_timeseries_csv_pipeline.py took 0.085 seconds
[2025-10-09T12:05:41.040+0000] {processor.py:161} INFO - Started process (PID=210) to work on /opt/airflow/dags/etl_timeseries_csv_pipeline.py
[2025-10-09T12:05:41.040+0000] {processor.py:830} INFO - Processing file /opt/airflow/dags/etl_timeseries_csv_pipeline.py for tasks to queue
[2025-10-09T12:05:41.041+0000] {logging_mixin.py:188} INFO - [2025-10-09T12:05:41.041+0000] {dagbag.py:545} INFO - Filling up the DagBag from /opt/airflow/dags/etl_timeseries_csv_pipeline.py
[2025-10-09T12:05:41.055+0000] {processor.py:840} INFO - DAG(s) 'etl_pipeline' retrieved from /opt/airflow/dags/etl_timeseries_csv_pipeline.py
[2025-10-09T12:05:41.079+0000] {logging_mixin.py:188} INFO - [2025-10-09T12:05:41.079+0000] {dag.py:3096} INFO - Sync 1 DAGs
[2025-10-09T12:05:41.101+0000] {logging_mixin.py:188} INFO - [2025-10-09T12:05:41.100+0000] {dag.py:3954} INFO - Setting next_dagrun for etl_pipeline to 2025-10-08 00:00:00+00:00, run_after=2025-10-09 00:00:00+00:00
[2025-10-09T12:05:41.121+0000] {processor.py:183} INFO - Processing /opt/airflow/dags/etl_timeseries_csv_pipeline.py took 0.085 seconds
[2025-10-09T12:06:44.496+0000] {processor.py:161} INFO - Started process (PID=175) to work on /opt/airflow/dags/etl_timeseries_csv_pipeline.py
[2025-10-09T12:06:44.496+0000] {processor.py:830} INFO - Processing file /opt/airflow/dags/etl_timeseries_csv_pipeline.py for tasks to queue
[2025-10-09T12:06:44.497+0000] {logging_mixin.py:188} INFO - [2025-10-09T12:06:44.497+0000] {dagbag.py:545} INFO - Filling up the DagBag from /opt/airflow/dags/etl_timeseries_csv_pipeline.py
[2025-10-09T12:06:44.523+0000] {processor.py:840} INFO - DAG(s) 'etl_pipeline' retrieved from /opt/airflow/dags/etl_timeseries_csv_pipeline.py
[2025-10-09T12:06:44.715+0000] {logging_mixin.py:188} INFO - [2025-10-09T12:06:44.714+0000] {override.py:1829} INFO - Created Permission View: can delete on DAG:etl_pipeline
[2025-10-09T12:06:44.723+0000] {logging_mixin.py:188} INFO - [2025-10-09T12:06:44.723+0000] {override.py:1829} INFO - Created Permission View: can read on DAG:etl_pipeline
[2025-10-09T12:06:44.731+0000] {logging_mixin.py:188} INFO - [2025-10-09T12:06:44.731+0000] {override.py:1829} INFO - Created Permission View: can edit on DAG:etl_pipeline
[2025-10-09T12:06:44.732+0000] {logging_mixin.py:188} INFO - [2025-10-09T12:06:44.732+0000] {dag.py:3096} INFO - Sync 1 DAGs
[2025-10-09T12:06:44.741+0000] {logging_mixin.py:188} INFO - [2025-10-09T12:06:44.741+0000] {dag.py:3118} INFO - Creating ORM DAG for etl_pipeline
[2025-10-09T12:06:44.750+0000] {logging_mixin.py:188} INFO - [2025-10-09T12:06:44.750+0000] {dag.py:3954} INFO - Setting next_dagrun for etl_pipeline to 2025-10-08 00:00:00+00:00, run_after=2025-10-09 00:00:00+00:00
[2025-10-09T12:06:44.765+0000] {processor.py:183} INFO - Processing /opt/airflow/dags/etl_timeseries_csv_pipeline.py took 0.274 seconds
[2025-10-09T12:07:15.046+0000] {processor.py:161} INFO - Started process (PID=186) to work on /opt/airflow/dags/etl_timeseries_csv_pipeline.py
[2025-10-09T12:07:15.047+0000] {processor.py:830} INFO - Processing file /opt/airflow/dags/etl_timeseries_csv_pipeline.py for tasks to queue
[2025-10-09T12:07:15.048+0000] {logging_mixin.py:188} INFO - [2025-10-09T12:07:15.047+0000] {dagbag.py:545} INFO - Filling up the DagBag from /opt/airflow/dags/etl_timeseries_csv_pipeline.py
[2025-10-09T12:07:15.066+0000] {processor.py:840} INFO - DAG(s) 'etl_pipeline' retrieved from /opt/airflow/dags/etl_timeseries_csv_pipeline.py
[2025-10-09T12:07:15.089+0000] {logging_mixin.py:188} INFO - [2025-10-09T12:07:15.088+0000] {dag.py:3096} INFO - Sync 1 DAGs
[2025-10-09T12:07:15.108+0000] {logging_mixin.py:188} INFO - [2025-10-09T12:07:15.108+0000] {dag.py:3954} INFO - Setting next_dagrun for etl_pipeline to 2025-10-08 00:00:00+00:00, run_after=2025-10-09 00:00:00+00:00
[2025-10-09T12:07:15.128+0000] {processor.py:183} INFO - Processing /opt/airflow/dags/etl_timeseries_csv_pipeline.py took 0.086 seconds
[2025-10-09T12:07:45.184+0000] {processor.py:161} INFO - Started process (PID=198) to work on /opt/airflow/dags/etl_timeseries_csv_pipeline.py
[2025-10-09T12:07:45.185+0000] {processor.py:830} INFO - Processing file /opt/airflow/dags/etl_timeseries_csv_pipeline.py for tasks to queue
[2025-10-09T12:07:45.186+0000] {logging_mixin.py:188} INFO - [2025-10-09T12:07:45.185+0000] {dagbag.py:545} INFO - Filling up the DagBag from /opt/airflow/dags/etl_timeseries_csv_pipeline.py
[2025-10-09T12:07:45.202+0000] {processor.py:840} INFO - DAG(s) 'etl_pipeline' retrieved from /opt/airflow/dags/etl_timeseries_csv_pipeline.py
[2025-10-09T12:07:45.226+0000] {logging_mixin.py:188} INFO - [2025-10-09T12:07:45.226+0000] {dag.py:3096} INFO - Sync 1 DAGs
[2025-10-09T12:07:45.244+0000] {logging_mixin.py:188} INFO - [2025-10-09T12:07:45.243+0000] {dag.py:3954} INFO - Setting next_dagrun for etl_pipeline to 2025-10-08 00:00:00+00:00, run_after=2025-10-09 00:00:00+00:00
[2025-10-09T12:07:45.263+0000] {processor.py:183} INFO - Processing /opt/airflow/dags/etl_timeseries_csv_pipeline.py took 0.083 seconds
[2025-10-09T12:08:27.341+0000] {processor.py:161} INFO - Started process (PID=175) to work on /opt/airflow/dags/etl_timeseries_csv_pipeline.py
[2025-10-09T12:08:27.342+0000] {processor.py:830} INFO - Processing file /opt/airflow/dags/etl_timeseries_csv_pipeline.py for tasks to queue
[2025-10-09T12:08:27.343+0000] {logging_mixin.py:188} INFO - [2025-10-09T12:08:27.343+0000] {dagbag.py:545} INFO - Filling up the DagBag from /opt/airflow/dags/etl_timeseries_csv_pipeline.py
[2025-10-09T12:08:27.372+0000] {processor.py:840} INFO - DAG(s) 'etl_pipeline' retrieved from /opt/airflow/dags/etl_timeseries_csv_pipeline.py
[2025-10-09T12:08:27.578+0000] {logging_mixin.py:188} INFO - [2025-10-09T12:08:27.578+0000] {override.py:1829} INFO - Created Permission View: can delete on DAG:etl_pipeline
[2025-10-09T12:08:27.587+0000] {logging_mixin.py:188} INFO - [2025-10-09T12:08:27.587+0000] {override.py:1829} INFO - Created Permission View: can read on DAG:etl_pipeline
[2025-10-09T12:08:27.598+0000] {logging_mixin.py:188} INFO - [2025-10-09T12:08:27.597+0000] {override.py:1829} INFO - Created Permission View: can edit on DAG:etl_pipeline
[2025-10-09T12:08:27.598+0000] {logging_mixin.py:188} INFO - [2025-10-09T12:08:27.598+0000] {dag.py:3096} INFO - Sync 1 DAGs
[2025-10-09T12:08:27.610+0000] {logging_mixin.py:188} INFO - [2025-10-09T12:08:27.610+0000] {dag.py:3118} INFO - Creating ORM DAG for etl_pipeline
[2025-10-09T12:08:27.621+0000] {logging_mixin.py:188} INFO - [2025-10-09T12:08:27.620+0000] {dag.py:3954} INFO - Setting next_dagrun for etl_pipeline to 2025-10-08 00:00:00+00:00, run_after=2025-10-09 00:00:00+00:00
[2025-10-09T12:08:27.644+0000] {processor.py:183} INFO - Processing /opt/airflow/dags/etl_timeseries_csv_pipeline.py took 0.308 seconds
[2025-10-09T12:08:58.292+0000] {processor.py:161} INFO - Started process (PID=186) to work on /opt/airflow/dags/etl_timeseries_csv_pipeline.py
[2025-10-09T12:08:58.293+0000] {processor.py:830} INFO - Processing file /opt/airflow/dags/etl_timeseries_csv_pipeline.py for tasks to queue
[2025-10-09T12:08:58.293+0000] {logging_mixin.py:188} INFO - [2025-10-09T12:08:58.293+0000] {dagbag.py:545} INFO - Filling up the DagBag from /opt/airflow/dags/etl_timeseries_csv_pipeline.py
[2025-10-09T12:08:58.309+0000] {processor.py:840} INFO - DAG(s) 'etl_pipeline' retrieved from /opt/airflow/dags/etl_timeseries_csv_pipeline.py
[2025-10-09T12:08:58.337+0000] {logging_mixin.py:188} INFO - [2025-10-09T12:08:58.336+0000] {dag.py:3096} INFO - Sync 1 DAGs
[2025-10-09T12:08:58.361+0000] {logging_mixin.py:188} INFO - [2025-10-09T12:08:58.360+0000] {dag.py:3954} INFO - Setting next_dagrun for etl_pipeline to 2025-10-08 00:00:00+00:00, run_after=2025-10-09 00:00:00+00:00
[2025-10-09T12:08:58.385+0000] {processor.py:183} INFO - Processing /opt/airflow/dags/etl_timeseries_csv_pipeline.py took 0.097 seconds
[2025-10-09T12:09:28.793+0000] {processor.py:161} INFO - Started process (PID=198) to work on /opt/airflow/dags/etl_timeseries_csv_pipeline.py
[2025-10-09T12:09:28.793+0000] {processor.py:830} INFO - Processing file /opt/airflow/dags/etl_timeseries_csv_pipeline.py for tasks to queue
[2025-10-09T12:09:28.794+0000] {logging_mixin.py:188} INFO - [2025-10-09T12:09:28.794+0000] {dagbag.py:545} INFO - Filling up the DagBag from /opt/airflow/dags/etl_timeseries_csv_pipeline.py
[2025-10-09T12:09:28.809+0000] {processor.py:840} INFO - DAG(s) 'etl_pipeline' retrieved from /opt/airflow/dags/etl_timeseries_csv_pipeline.py
[2025-10-09T12:09:28.831+0000] {logging_mixin.py:188} INFO - [2025-10-09T12:09:28.831+0000] {dag.py:3096} INFO - Sync 1 DAGs
[2025-10-09T12:09:28.850+0000] {logging_mixin.py:188} INFO - [2025-10-09T12:09:28.850+0000] {dag.py:3954} INFO - Setting next_dagrun for etl_pipeline to 2025-10-08 00:00:00+00:00, run_after=2025-10-09 00:00:00+00:00
[2025-10-09T12:09:28.871+0000] {processor.py:183} INFO - Processing /opt/airflow/dags/etl_timeseries_csv_pipeline.py took 0.081 seconds
[2025-10-09T12:09:59.556+0000] {processor.py:161} INFO - Started process (PID=274) to work on /opt/airflow/dags/etl_timeseries_csv_pipeline.py
[2025-10-09T12:09:59.556+0000] {processor.py:830} INFO - Processing file /opt/airflow/dags/etl_timeseries_csv_pipeline.py for tasks to queue
[2025-10-09T12:09:59.557+0000] {logging_mixin.py:188} INFO - [2025-10-09T12:09:59.557+0000] {dagbag.py:545} INFO - Filling up the DagBag from /opt/airflow/dags/etl_timeseries_csv_pipeline.py
[2025-10-09T12:09:59.572+0000] {processor.py:840} INFO - DAG(s) 'etl_pipeline' retrieved from /opt/airflow/dags/etl_timeseries_csv_pipeline.py
[2025-10-09T12:09:59.595+0000] {logging_mixin.py:188} INFO - [2025-10-09T12:09:59.595+0000] {dag.py:3096} INFO - Sync 1 DAGs
[2025-10-09T12:09:59.614+0000] {logging_mixin.py:188} INFO - [2025-10-09T12:09:59.614+0000] {dag.py:3954} INFO - Setting next_dagrun for etl_pipeline to 2025-10-08 00:00:00+00:00, run_after=2025-10-09 00:00:00+00:00
[2025-10-09T12:09:59.635+0000] {processor.py:183} INFO - Processing /opt/airflow/dags/etl_timeseries_csv_pipeline.py took 0.083 seconds
[2025-10-09T12:10:21.151+0000] {processor.py:161} INFO - Started process (PID=175) to work on /opt/airflow/dags/etl_timeseries_csv_pipeline.py
[2025-10-09T12:10:21.152+0000] {processor.py:830} INFO - Processing file /opt/airflow/dags/etl_timeseries_csv_pipeline.py for tasks to queue
[2025-10-09T12:10:21.152+0000] {logging_mixin.py:188} INFO - [2025-10-09T12:10:21.152+0000] {dagbag.py:545} INFO - Filling up the DagBag from /opt/airflow/dags/etl_timeseries_csv_pipeline.py
[2025-10-09T12:10:21.180+0000] {processor.py:840} INFO - DAG(s) 'etl_pipeline' retrieved from /opt/airflow/dags/etl_timeseries_csv_pipeline.py
[2025-10-09T12:10:21.354+0000] {logging_mixin.py:188} INFO - [2025-10-09T12:10:21.354+0000] {override.py:1829} INFO - Created Permission View: can edit on DAG:etl_pipeline
[2025-10-09T12:10:21.364+0000] {logging_mixin.py:188} INFO - [2025-10-09T12:10:21.364+0000] {override.py:1829} INFO - Created Permission View: can read on DAG:etl_pipeline
[2025-10-09T12:10:21.372+0000] {logging_mixin.py:188} INFO - [2025-10-09T12:10:21.371+0000] {override.py:1829} INFO - Created Permission View: can delete on DAG:etl_pipeline
[2025-10-09T12:10:21.373+0000] {logging_mixin.py:188} INFO - [2025-10-09T12:10:21.373+0000] {dag.py:3096} INFO - Sync 1 DAGs
[2025-10-09T12:10:21.382+0000] {logging_mixin.py:188} INFO - [2025-10-09T12:10:21.382+0000] {dag.py:3118} INFO - Creating ORM DAG for etl_pipeline
[2025-10-09T12:10:21.391+0000] {logging_mixin.py:188} INFO - [2025-10-09T12:10:21.391+0000] {dag.py:3954} INFO - Setting next_dagrun for etl_pipeline to 2025-10-08 00:00:00+00:00, run_after=2025-10-09 00:00:00+00:00
[2025-10-09T12:10:21.411+0000] {processor.py:183} INFO - Processing /opt/airflow/dags/etl_timeseries_csv_pipeline.py took 0.264 seconds
[2025-10-09T12:10:51.544+0000] {processor.py:161} INFO - Started process (PID=186) to work on /opt/airflow/dags/etl_timeseries_csv_pipeline.py
[2025-10-09T12:10:51.544+0000] {processor.py:830} INFO - Processing file /opt/airflow/dags/etl_timeseries_csv_pipeline.py for tasks to queue
[2025-10-09T12:10:51.545+0000] {logging_mixin.py:188} INFO - [2025-10-09T12:10:51.545+0000] {dagbag.py:545} INFO - Filling up the DagBag from /opt/airflow/dags/etl_timeseries_csv_pipeline.py
[2025-10-09T12:10:51.563+0000] {processor.py:840} INFO - DAG(s) 'etl_pipeline' retrieved from /opt/airflow/dags/etl_timeseries_csv_pipeline.py
[2025-10-09T12:10:51.587+0000] {logging_mixin.py:188} INFO - [2025-10-09T12:10:51.586+0000] {dag.py:3096} INFO - Sync 1 DAGs
[2025-10-09T12:10:51.607+0000] {logging_mixin.py:188} INFO - [2025-10-09T12:10:51.607+0000] {dag.py:3954} INFO - Setting next_dagrun for etl_pipeline to 2025-10-08 00:00:00+00:00, run_after=2025-10-09 00:00:00+00:00
[2025-10-09T12:10:51.639+0000] {processor.py:183} INFO - Processing /opt/airflow/dags/etl_timeseries_csv_pipeline.py took 0.099 seconds
[2025-10-09T12:11:22.337+0000] {processor.py:161} INFO - Started process (PID=198) to work on /opt/airflow/dags/etl_timeseries_csv_pipeline.py
[2025-10-09T12:11:22.337+0000] {processor.py:830} INFO - Processing file /opt/airflow/dags/etl_timeseries_csv_pipeline.py for tasks to queue
[2025-10-09T12:11:22.338+0000] {logging_mixin.py:188} INFO - [2025-10-09T12:11:22.338+0000] {dagbag.py:545} INFO - Filling up the DagBag from /opt/airflow/dags/etl_timeseries_csv_pipeline.py
[2025-10-09T12:11:22.351+0000] {processor.py:840} INFO - DAG(s) 'etl_pipeline' retrieved from /opt/airflow/dags/etl_timeseries_csv_pipeline.py
[2025-10-09T12:11:22.375+0000] {logging_mixin.py:188} INFO - [2025-10-09T12:11:22.375+0000] {dag.py:3096} INFO - Sync 1 DAGs
[2025-10-09T12:11:22.401+0000] {logging_mixin.py:188} INFO - [2025-10-09T12:11:22.401+0000] {dag.py:3954} INFO - Setting next_dagrun for etl_pipeline to 2025-10-08 00:00:00+00:00, run_after=2025-10-09 00:00:00+00:00
[2025-10-09T12:11:22.423+0000] {processor.py:183} INFO - Processing /opt/airflow/dags/etl_timeseries_csv_pipeline.py took 0.090 seconds
[2025-10-09T12:11:52.650+0000] {processor.py:161} INFO - Started process (PID=210) to work on /opt/airflow/dags/etl_timeseries_csv_pipeline.py
[2025-10-09T12:11:52.651+0000] {processor.py:830} INFO - Processing file /opt/airflow/dags/etl_timeseries_csv_pipeline.py for tasks to queue
[2025-10-09T12:11:52.652+0000] {logging_mixin.py:188} INFO - [2025-10-09T12:11:52.652+0000] {dagbag.py:545} INFO - Filling up the DagBag from /opt/airflow/dags/etl_timeseries_csv_pipeline.py
[2025-10-09T12:11:52.667+0000] {processor.py:840} INFO - DAG(s) 'etl_pipeline' retrieved from /opt/airflow/dags/etl_timeseries_csv_pipeline.py
[2025-10-09T12:11:52.689+0000] {logging_mixin.py:188} INFO - [2025-10-09T12:11:52.688+0000] {dag.py:3096} INFO - Sync 1 DAGs
[2025-10-09T12:11:52.716+0000] {logging_mixin.py:188} INFO - [2025-10-09T12:11:52.715+0000] {dag.py:3954} INFO - Setting next_dagrun for etl_pipeline to 2025-10-08 00:00:00+00:00, run_after=2025-10-09 00:00:00+00:00
[2025-10-09T12:11:52.739+0000] {processor.py:183} INFO - Processing /opt/airflow/dags/etl_timeseries_csv_pipeline.py took 0.093 seconds
[2025-10-09T12:12:23.120+0000] {processor.py:161} INFO - Started process (PID=222) to work on /opt/airflow/dags/etl_timeseries_csv_pipeline.py
[2025-10-09T12:12:23.121+0000] {processor.py:830} INFO - Processing file /opt/airflow/dags/etl_timeseries_csv_pipeline.py for tasks to queue
[2025-10-09T12:12:23.122+0000] {logging_mixin.py:188} INFO - [2025-10-09T12:12:23.122+0000] {dagbag.py:545} INFO - Filling up the DagBag from /opt/airflow/dags/etl_timeseries_csv_pipeline.py
[2025-10-09T12:12:23.138+0000] {processor.py:840} INFO - DAG(s) 'etl_pipeline' retrieved from /opt/airflow/dags/etl_timeseries_csv_pipeline.py
[2025-10-09T12:12:23.164+0000] {logging_mixin.py:188} INFO - [2025-10-09T12:12:23.164+0000] {dag.py:3096} INFO - Sync 1 DAGs
[2025-10-09T12:12:23.185+0000] {logging_mixin.py:188} INFO - [2025-10-09T12:12:23.185+0000] {dag.py:3954} INFO - Setting next_dagrun for etl_pipeline to 2025-10-08 00:00:00+00:00, run_after=2025-10-09 00:00:00+00:00
[2025-10-09T12:12:23.208+0000] {processor.py:183} INFO - Processing /opt/airflow/dags/etl_timeseries_csv_pipeline.py took 0.092 seconds
[2025-10-09T12:12:53.324+0000] {processor.py:161} INFO - Started process (PID=234) to work on /opt/airflow/dags/etl_timeseries_csv_pipeline.py
[2025-10-09T12:12:53.325+0000] {processor.py:830} INFO - Processing file /opt/airflow/dags/etl_timeseries_csv_pipeline.py for tasks to queue
[2025-10-09T12:12:53.325+0000] {logging_mixin.py:188} INFO - [2025-10-09T12:12:53.325+0000] {dagbag.py:545} INFO - Filling up the DagBag from /opt/airflow/dags/etl_timeseries_csv_pipeline.py
[2025-10-09T12:12:53.340+0000] {processor.py:840} INFO - DAG(s) 'etl_pipeline' retrieved from /opt/airflow/dags/etl_timeseries_csv_pipeline.py
[2025-10-09T12:12:53.362+0000] {logging_mixin.py:188} INFO - [2025-10-09T12:12:53.361+0000] {dag.py:3096} INFO - Sync 1 DAGs
[2025-10-09T12:12:53.381+0000] {logging_mixin.py:188} INFO - [2025-10-09T12:12:53.381+0000] {dag.py:3954} INFO - Setting next_dagrun for etl_pipeline to 2025-10-08 00:00:00+00:00, run_after=2025-10-09 00:00:00+00:00
[2025-10-09T12:12:53.405+0000] {processor.py:183} INFO - Processing /opt/airflow/dags/etl_timeseries_csv_pipeline.py took 0.085 seconds
[2025-10-09T12:13:23.508+0000] {processor.py:161} INFO - Started process (PID=246) to work on /opt/airflow/dags/etl_timeseries_csv_pipeline.py
[2025-10-09T12:13:23.509+0000] {processor.py:830} INFO - Processing file /opt/airflow/dags/etl_timeseries_csv_pipeline.py for tasks to queue
[2025-10-09T12:13:23.510+0000] {logging_mixin.py:188} INFO - [2025-10-09T12:13:23.510+0000] {dagbag.py:545} INFO - Filling up the DagBag from /opt/airflow/dags/etl_timeseries_csv_pipeline.py
[2025-10-09T12:13:23.527+0000] {processor.py:840} INFO - DAG(s) 'etl_pipeline' retrieved from /opt/airflow/dags/etl_timeseries_csv_pipeline.py
[2025-10-09T12:13:23.554+0000] {logging_mixin.py:188} INFO - [2025-10-09T12:13:23.553+0000] {dag.py:3096} INFO - Sync 1 DAGs
[2025-10-09T12:13:23.575+0000] {logging_mixin.py:188} INFO - [2025-10-09T12:13:23.575+0000] {dag.py:3954} INFO - Setting next_dagrun for etl_pipeline to 2025-10-08 00:00:00+00:00, run_after=2025-10-09 00:00:00+00:00
[2025-10-09T12:13:23.601+0000] {processor.py:183} INFO - Processing /opt/airflow/dags/etl_timeseries_csv_pipeline.py took 0.098 seconds
[2025-10-09T12:13:53.856+0000] {processor.py:161} INFO - Started process (PID=258) to work on /opt/airflow/dags/etl_timeseries_csv_pipeline.py
[2025-10-09T12:13:53.856+0000] {processor.py:830} INFO - Processing file /opt/airflow/dags/etl_timeseries_csv_pipeline.py for tasks to queue
[2025-10-09T12:13:53.857+0000] {logging_mixin.py:188} INFO - [2025-10-09T12:13:53.857+0000] {dagbag.py:545} INFO - Filling up the DagBag from /opt/airflow/dags/etl_timeseries_csv_pipeline.py
[2025-10-09T12:13:53.872+0000] {processor.py:840} INFO - DAG(s) 'etl_pipeline' retrieved from /opt/airflow/dags/etl_timeseries_csv_pipeline.py
[2025-10-09T12:13:53.894+0000] {logging_mixin.py:188} INFO - [2025-10-09T12:13:53.893+0000] {dag.py:3096} INFO - Sync 1 DAGs
[2025-10-09T12:13:53.912+0000] {logging_mixin.py:188} INFO - [2025-10-09T12:13:53.911+0000] {dag.py:3954} INFO - Setting next_dagrun for etl_pipeline to 2025-10-08 00:00:00+00:00, run_after=2025-10-09 00:00:00+00:00
[2025-10-09T12:13:53.934+0000] {processor.py:183} INFO - Processing /opt/airflow/dags/etl_timeseries_csv_pipeline.py took 0.082 seconds
[2025-10-09T12:14:24.002+0000] {processor.py:161} INFO - Started process (PID=270) to work on /opt/airflow/dags/etl_timeseries_csv_pipeline.py
[2025-10-09T12:14:24.003+0000] {processor.py:830} INFO - Processing file /opt/airflow/dags/etl_timeseries_csv_pipeline.py for tasks to queue
[2025-10-09T12:14:24.003+0000] {logging_mixin.py:188} INFO - [2025-10-09T12:14:24.003+0000] {dagbag.py:545} INFO - Filling up the DagBag from /opt/airflow/dags/etl_timeseries_csv_pipeline.py
[2025-10-09T12:14:24.020+0000] {processor.py:840} INFO - DAG(s) 'etl_pipeline' retrieved from /opt/airflow/dags/etl_timeseries_csv_pipeline.py
[2025-10-09T12:14:24.048+0000] {logging_mixin.py:188} INFO - [2025-10-09T12:14:24.048+0000] {dag.py:3096} INFO - Sync 1 DAGs
[2025-10-09T12:14:24.079+0000] {logging_mixin.py:188} INFO - [2025-10-09T12:14:24.079+0000] {dag.py:3954} INFO - Setting next_dagrun for etl_pipeline to 2025-10-08 00:00:00+00:00, run_after=2025-10-09 00:00:00+00:00
[2025-10-09T12:14:24.108+0000] {processor.py:183} INFO - Processing /opt/airflow/dags/etl_timeseries_csv_pipeline.py took 0.110 seconds
[2025-10-09T12:14:54.230+0000] {processor.py:161} INFO - Started process (PID=282) to work on /opt/airflow/dags/etl_timeseries_csv_pipeline.py
[2025-10-09T12:14:54.231+0000] {processor.py:830} INFO - Processing file /opt/airflow/dags/etl_timeseries_csv_pipeline.py for tasks to queue
[2025-10-09T12:14:54.233+0000] {logging_mixin.py:188} INFO - [2025-10-09T12:14:54.232+0000] {dagbag.py:545} INFO - Filling up the DagBag from /opt/airflow/dags/etl_timeseries_csv_pipeline.py
[2025-10-09T12:14:54.250+0000] {processor.py:840} INFO - DAG(s) 'etl_pipeline' retrieved from /opt/airflow/dags/etl_timeseries_csv_pipeline.py
[2025-10-09T12:14:54.273+0000] {logging_mixin.py:188} INFO - [2025-10-09T12:14:54.273+0000] {dag.py:3096} INFO - Sync 1 DAGs
[2025-10-09T12:14:54.295+0000] {logging_mixin.py:188} INFO - [2025-10-09T12:14:54.295+0000] {dag.py:3954} INFO - Setting next_dagrun for etl_pipeline to 2025-10-08 00:00:00+00:00, run_after=2025-10-09 00:00:00+00:00
[2025-10-09T12:14:54.320+0000] {processor.py:183} INFO - Processing /opt/airflow/dags/etl_timeseries_csv_pipeline.py took 0.094 seconds
[2025-10-09T12:15:42.064+0000] {processor.py:161} INFO - Started process (PID=297) to work on /opt/airflow/dags/etl_timeseries_csv_pipeline.py
[2025-10-09T12:15:42.065+0000] {processor.py:830} INFO - Processing file /opt/airflow/dags/etl_timeseries_csv_pipeline.py for tasks to queue
[2025-10-09T12:15:42.066+0000] {logging_mixin.py:188} INFO - [2025-10-09T12:15:42.065+0000] {dagbag.py:545} INFO - Filling up the DagBag from /opt/airflow/dags/etl_timeseries_csv_pipeline.py
[2025-10-09T12:15:42.082+0000] {processor.py:840} INFO - DAG(s) 'etl_pipeline' retrieved from /opt/airflow/dags/etl_timeseries_csv_pipeline.py
[2025-10-09T12:15:42.105+0000] {logging_mixin.py:188} INFO - [2025-10-09T12:15:42.105+0000] {dag.py:3096} INFO - Sync 1 DAGs
[2025-10-09T12:15:42.123+0000] {logging_mixin.py:188} INFO - [2025-10-09T12:15:42.123+0000] {dag.py:3954} INFO - Setting next_dagrun for etl_pipeline to 2025-10-08 00:00:00+00:00, run_after=2025-10-09 00:00:00+00:00
[2025-10-09T12:15:42.138+0000] {processor.py:183} INFO - Processing /opt/airflow/dags/etl_timeseries_csv_pipeline.py took 0.078 seconds
[2025-10-09T12:16:28.035+0000] {processor.py:161} INFO - Started process (PID=309) to work on /opt/airflow/dags/etl_timeseries_csv_pipeline.py
[2025-10-09T12:16:28.036+0000] {processor.py:830} INFO - Processing file /opt/airflow/dags/etl_timeseries_csv_pipeline.py for tasks to queue
[2025-10-09T12:16:28.037+0000] {logging_mixin.py:188} INFO - [2025-10-09T12:16:28.037+0000] {dagbag.py:545} INFO - Filling up the DagBag from /opt/airflow/dags/etl_timeseries_csv_pipeline.py
[2025-10-09T12:16:28.053+0000] {processor.py:840} INFO - DAG(s) 'etl_pipeline' retrieved from /opt/airflow/dags/etl_timeseries_csv_pipeline.py
[2025-10-09T12:16:28.079+0000] {logging_mixin.py:188} INFO - [2025-10-09T12:16:28.079+0000] {dag.py:3096} INFO - Sync 1 DAGs
[2025-10-09T12:16:28.099+0000] {logging_mixin.py:188} INFO - [2025-10-09T12:16:28.098+0000] {dag.py:3954} INFO - Setting next_dagrun for etl_pipeline to 2025-10-08 00:00:00+00:00, run_after=2025-10-09 00:00:00+00:00
[2025-10-09T12:16:28.116+0000] {processor.py:183} INFO - Processing /opt/airflow/dags/etl_timeseries_csv_pipeline.py took 0.086 seconds
[2025-10-09T12:16:58.275+0000] {processor.py:161} INFO - Started process (PID=318) to work on /opt/airflow/dags/etl_timeseries_csv_pipeline.py
[2025-10-09T12:16:58.275+0000] {processor.py:830} INFO - Processing file /opt/airflow/dags/etl_timeseries_csv_pipeline.py for tasks to queue
[2025-10-09T12:16:58.276+0000] {logging_mixin.py:188} INFO - [2025-10-09T12:16:58.276+0000] {dagbag.py:545} INFO - Filling up the DagBag from /opt/airflow/dags/etl_timeseries_csv_pipeline.py
[2025-10-09T12:16:58.292+0000] {processor.py:840} INFO - DAG(s) 'etl_pipeline' retrieved from /opt/airflow/dags/etl_timeseries_csv_pipeline.py
[2025-10-09T12:16:58.313+0000] {logging_mixin.py:188} INFO - [2025-10-09T12:16:58.313+0000] {dag.py:3096} INFO - Sync 1 DAGs
[2025-10-09T12:16:58.329+0000] {logging_mixin.py:188} INFO - [2025-10-09T12:16:58.329+0000] {dag.py:3954} INFO - Setting next_dagrun for etl_pipeline to 2025-10-08 00:00:00+00:00, run_after=2025-10-09 00:00:00+00:00
[2025-10-09T12:16:58.347+0000] {processor.py:183} INFO - Processing /opt/airflow/dags/etl_timeseries_csv_pipeline.py took 0.076 seconds
[2025-10-09T12:17:28.922+0000] {processor.py:161} INFO - Started process (PID=330) to work on /opt/airflow/dags/etl_timeseries_csv_pipeline.py
[2025-10-09T12:17:28.923+0000] {processor.py:830} INFO - Processing file /opt/airflow/dags/etl_timeseries_csv_pipeline.py for tasks to queue
[2025-10-09T12:17:28.924+0000] {logging_mixin.py:188} INFO - [2025-10-09T12:17:28.924+0000] {dagbag.py:545} INFO - Filling up the DagBag from /opt/airflow/dags/etl_timeseries_csv_pipeline.py
[2025-10-09T12:17:28.941+0000] {processor.py:840} INFO - DAG(s) 'etl_pipeline' retrieved from /opt/airflow/dags/etl_timeseries_csv_pipeline.py
[2025-10-09T12:17:28.966+0000] {logging_mixin.py:188} INFO - [2025-10-09T12:17:28.966+0000] {dag.py:3096} INFO - Sync 1 DAGs
[2025-10-09T12:17:28.987+0000] {logging_mixin.py:188} INFO - [2025-10-09T12:17:28.987+0000] {dag.py:3954} INFO - Setting next_dagrun for etl_pipeline to 2025-10-08 00:00:00+00:00, run_after=2025-10-09 00:00:00+00:00
[2025-10-09T12:17:29.004+0000] {processor.py:183} INFO - Processing /opt/airflow/dags/etl_timeseries_csv_pipeline.py took 0.087 seconds
[2025-10-09T12:17:59.416+0000] {processor.py:161} INFO - Started process (PID=342) to work on /opt/airflow/dags/etl_timeseries_csv_pipeline.py
[2025-10-09T12:17:59.417+0000] {processor.py:830} INFO - Processing file /opt/airflow/dags/etl_timeseries_csv_pipeline.py for tasks to queue
[2025-10-09T12:17:59.418+0000] {logging_mixin.py:188} INFO - [2025-10-09T12:17:59.418+0000] {dagbag.py:545} INFO - Filling up the DagBag from /opt/airflow/dags/etl_timeseries_csv_pipeline.py
[2025-10-09T12:17:59.433+0000] {processor.py:840} INFO - DAG(s) 'etl_pipeline' retrieved from /opt/airflow/dags/etl_timeseries_csv_pipeline.py
[2025-10-09T12:17:59.460+0000] {logging_mixin.py:188} INFO - [2025-10-09T12:17:59.459+0000] {dag.py:3096} INFO - Sync 1 DAGs
[2025-10-09T12:17:59.482+0000] {logging_mixin.py:188} INFO - [2025-10-09T12:17:59.481+0000] {dag.py:3954} INFO - Setting next_dagrun for etl_pipeline to 2025-10-08 00:00:00+00:00, run_after=2025-10-09 00:00:00+00:00
[2025-10-09T12:17:59.507+0000] {processor.py:183} INFO - Processing /opt/airflow/dags/etl_timeseries_csv_pipeline.py took 0.095 seconds
[2025-10-09T12:18:29.739+0000] {processor.py:161} INFO - Started process (PID=354) to work on /opt/airflow/dags/etl_timeseries_csv_pipeline.py
[2025-10-09T12:18:29.740+0000] {processor.py:830} INFO - Processing file /opt/airflow/dags/etl_timeseries_csv_pipeline.py for tasks to queue
[2025-10-09T12:18:29.741+0000] {logging_mixin.py:188} INFO - [2025-10-09T12:18:29.741+0000] {dagbag.py:545} INFO - Filling up the DagBag from /opt/airflow/dags/etl_timeseries_csv_pipeline.py
[2025-10-09T12:18:29.759+0000] {processor.py:840} INFO - DAG(s) 'etl_pipeline' retrieved from /opt/airflow/dags/etl_timeseries_csv_pipeline.py
[2025-10-09T12:18:29.784+0000] {logging_mixin.py:188} INFO - [2025-10-09T12:18:29.783+0000] {dag.py:3096} INFO - Sync 1 DAGs
[2025-10-09T12:18:29.803+0000] {logging_mixin.py:188} INFO - [2025-10-09T12:18:29.803+0000] {dag.py:3954} INFO - Setting next_dagrun for etl_pipeline to 2025-10-08 00:00:00+00:00, run_after=2025-10-09 00:00:00+00:00
[2025-10-09T12:18:29.826+0000] {processor.py:183} INFO - Processing /opt/airflow/dags/etl_timeseries_csv_pipeline.py took 0.092 seconds
[2025-10-09T12:18:59.907+0000] {processor.py:161} INFO - Started process (PID=366) to work on /opt/airflow/dags/etl_timeseries_csv_pipeline.py
[2025-10-09T12:18:59.908+0000] {processor.py:830} INFO - Processing file /opt/airflow/dags/etl_timeseries_csv_pipeline.py for tasks to queue
[2025-10-09T12:18:59.909+0000] {logging_mixin.py:188} INFO - [2025-10-09T12:18:59.909+0000] {dagbag.py:545} INFO - Filling up the DagBag from /opt/airflow/dags/etl_timeseries_csv_pipeline.py
[2025-10-09T12:18:59.924+0000] {processor.py:840} INFO - DAG(s) 'etl_pipeline' retrieved from /opt/airflow/dags/etl_timeseries_csv_pipeline.py
[2025-10-09T12:18:59.945+0000] {logging_mixin.py:188} INFO - [2025-10-09T12:18:59.945+0000] {dag.py:3096} INFO - Sync 1 DAGs
[2025-10-09T12:18:59.962+0000] {logging_mixin.py:188} INFO - [2025-10-09T12:18:59.962+0000] {dag.py:3954} INFO - Setting next_dagrun for etl_pipeline to 2025-10-08 00:00:00+00:00, run_after=2025-10-09 00:00:00+00:00
[2025-10-09T12:18:59.986+0000] {processor.py:183} INFO - Processing /opt/airflow/dags/etl_timeseries_csv_pipeline.py took 0.083 seconds
[2025-10-09T12:19:30.059+0000] {processor.py:161} INFO - Started process (PID=378) to work on /opt/airflow/dags/etl_timeseries_csv_pipeline.py
[2025-10-09T12:19:30.060+0000] {processor.py:830} INFO - Processing file /opt/airflow/dags/etl_timeseries_csv_pipeline.py for tasks to queue
[2025-10-09T12:19:30.061+0000] {logging_mixin.py:188} INFO - [2025-10-09T12:19:30.060+0000] {dagbag.py:545} INFO - Filling up the DagBag from /opt/airflow/dags/etl_timeseries_csv_pipeline.py
[2025-10-09T12:19:30.079+0000] {processor.py:840} INFO - DAG(s) 'etl_pipeline' retrieved from /opt/airflow/dags/etl_timeseries_csv_pipeline.py
[2025-10-09T12:19:30.102+0000] {logging_mixin.py:188} INFO - [2025-10-09T12:19:30.102+0000] {dag.py:3096} INFO - Sync 1 DAGs
[2025-10-09T12:19:30.120+0000] {logging_mixin.py:188} INFO - [2025-10-09T12:19:30.120+0000] {dag.py:3954} INFO - Setting next_dagrun for etl_pipeline to 2025-10-08 00:00:00+00:00, run_after=2025-10-09 00:00:00+00:00
[2025-10-09T12:19:30.145+0000] {processor.py:183} INFO - Processing /opt/airflow/dags/etl_timeseries_csv_pipeline.py took 0.090 seconds
[2025-10-09T12:20:04.780+0000] {processor.py:161} INFO - Started process (PID=390) to work on /opt/airflow/dags/etl_timeseries_csv_pipeline.py
[2025-10-09T12:20:04.781+0000] {processor.py:830} INFO - Processing file /opt/airflow/dags/etl_timeseries_csv_pipeline.py for tasks to queue
[2025-10-09T12:20:04.782+0000] {logging_mixin.py:188} INFO - [2025-10-09T12:20:04.782+0000] {dagbag.py:545} INFO - Filling up the DagBag from /opt/airflow/dags/etl_timeseries_csv_pipeline.py
[2025-10-09T12:20:04.798+0000] {processor.py:840} INFO - DAG(s) 'etl_pipeline' retrieved from /opt/airflow/dags/etl_timeseries_csv_pipeline.py
[2025-10-09T12:20:04.821+0000] {logging_mixin.py:188} INFO - [2025-10-09T12:20:04.821+0000] {dag.py:3096} INFO - Sync 1 DAGs
[2025-10-09T12:20:04.851+0000] {logging_mixin.py:188} INFO - [2025-10-09T12:20:04.850+0000] {dag.py:3954} INFO - Setting next_dagrun for etl_pipeline to 2025-10-08 00:00:00+00:00, run_after=2025-10-09 00:00:00+00:00
[2025-10-09T12:20:04.884+0000] {processor.py:183} INFO - Processing /opt/airflow/dags/etl_timeseries_csv_pipeline.py took 0.108 seconds
[2025-10-09T12:20:35.210+0000] {processor.py:161} INFO - Started process (PID=402) to work on /opt/airflow/dags/etl_timeseries_csv_pipeline.py
[2025-10-09T12:20:35.211+0000] {processor.py:830} INFO - Processing file /opt/airflow/dags/etl_timeseries_csv_pipeline.py for tasks to queue
[2025-10-09T12:20:35.212+0000] {logging_mixin.py:188} INFO - [2025-10-09T12:20:35.212+0000] {dagbag.py:545} INFO - Filling up the DagBag from /opt/airflow/dags/etl_timeseries_csv_pipeline.py
[2025-10-09T12:20:35.227+0000] {processor.py:840} INFO - DAG(s) 'etl_pipeline' retrieved from /opt/airflow/dags/etl_timeseries_csv_pipeline.py
[2025-10-09T12:20:35.253+0000] {logging_mixin.py:188} INFO - [2025-10-09T12:20:35.253+0000] {dag.py:3096} INFO - Sync 1 DAGs
[2025-10-09T12:20:35.277+0000] {logging_mixin.py:188} INFO - [2025-10-09T12:20:35.277+0000] {dag.py:3954} INFO - Setting next_dagrun for etl_pipeline to 2025-10-08 00:00:00+00:00, run_after=2025-10-09 00:00:00+00:00
[2025-10-09T12:20:35.304+0000] {processor.py:183} INFO - Processing /opt/airflow/dags/etl_timeseries_csv_pipeline.py took 0.098 seconds
[2025-10-09T12:21:05.432+0000] {processor.py:161} INFO - Started process (PID=414) to work on /opt/airflow/dags/etl_timeseries_csv_pipeline.py
[2025-10-09T12:21:05.433+0000] {processor.py:830} INFO - Processing file /opt/airflow/dags/etl_timeseries_csv_pipeline.py for tasks to queue
[2025-10-09T12:21:05.433+0000] {logging_mixin.py:188} INFO - [2025-10-09T12:21:05.433+0000] {dagbag.py:545} INFO - Filling up the DagBag from /opt/airflow/dags/etl_timeseries_csv_pipeline.py
[2025-10-09T12:21:05.451+0000] {processor.py:840} INFO - DAG(s) 'etl_pipeline' retrieved from /opt/airflow/dags/etl_timeseries_csv_pipeline.py
[2025-10-09T12:21:05.478+0000] {logging_mixin.py:188} INFO - [2025-10-09T12:21:05.478+0000] {dag.py:3096} INFO - Sync 1 DAGs
[2025-10-09T12:21:05.498+0000] {logging_mixin.py:188} INFO - [2025-10-09T12:21:05.498+0000] {dag.py:3954} INFO - Setting next_dagrun for etl_pipeline to 2025-10-08 00:00:00+00:00, run_after=2025-10-09 00:00:00+00:00
[2025-10-09T12:21:05.517+0000] {processor.py:183} INFO - Processing /opt/airflow/dags/etl_timeseries_csv_pipeline.py took 0.089 seconds
[2025-10-09T12:21:35.618+0000] {processor.py:161} INFO - Started process (PID=426) to work on /opt/airflow/dags/etl_timeseries_csv_pipeline.py
[2025-10-09T12:21:35.618+0000] {processor.py:830} INFO - Processing file /opt/airflow/dags/etl_timeseries_csv_pipeline.py for tasks to queue
[2025-10-09T12:21:35.619+0000] {logging_mixin.py:188} INFO - [2025-10-09T12:21:35.619+0000] {dagbag.py:545} INFO - Filling up the DagBag from /opt/airflow/dags/etl_timeseries_csv_pipeline.py
[2025-10-09T12:21:35.635+0000] {processor.py:840} INFO - DAG(s) 'etl_pipeline' retrieved from /opt/airflow/dags/etl_timeseries_csv_pipeline.py
[2025-10-09T12:21:35.654+0000] {logging_mixin.py:188} INFO - [2025-10-09T12:21:35.654+0000] {dag.py:3096} INFO - Sync 1 DAGs
[2025-10-09T12:21:35.676+0000] {logging_mixin.py:188} INFO - [2025-10-09T12:21:35.676+0000] {dag.py:3954} INFO - Setting next_dagrun for etl_pipeline to 2025-10-08 00:00:00+00:00, run_after=2025-10-09 00:00:00+00:00
[2025-10-09T12:21:35.700+0000] {processor.py:183} INFO - Processing /opt/airflow/dags/etl_timeseries_csv_pipeline.py took 0.086 seconds
[2025-10-09T12:22:05.840+0000] {processor.py:161} INFO - Started process (PID=438) to work on /opt/airflow/dags/etl_timeseries_csv_pipeline.py
[2025-10-09T12:22:05.841+0000] {processor.py:830} INFO - Processing file /opt/airflow/dags/etl_timeseries_csv_pipeline.py for tasks to queue
[2025-10-09T12:22:05.842+0000] {logging_mixin.py:188} INFO - [2025-10-09T12:22:05.841+0000] {dagbag.py:545} INFO - Filling up the DagBag from /opt/airflow/dags/etl_timeseries_csv_pipeline.py
[2025-10-09T12:22:05.858+0000] {processor.py:840} INFO - DAG(s) 'etl_pipeline' retrieved from /opt/airflow/dags/etl_timeseries_csv_pipeline.py
[2025-10-09T12:22:05.880+0000] {logging_mixin.py:188} INFO - [2025-10-09T12:22:05.879+0000] {dag.py:3096} INFO - Sync 1 DAGs
[2025-10-09T12:22:05.905+0000] {logging_mixin.py:188} INFO - [2025-10-09T12:22:05.905+0000] {dag.py:3954} INFO - Setting next_dagrun for etl_pipeline to 2025-10-08 00:00:00+00:00, run_after=2025-10-09 00:00:00+00:00
[2025-10-09T12:22:05.934+0000] {processor.py:183} INFO - Processing /opt/airflow/dags/etl_timeseries_csv_pipeline.py took 0.098 seconds
[2025-10-09T12:22:36.051+0000] {processor.py:161} INFO - Started process (PID=450) to work on /opt/airflow/dags/etl_timeseries_csv_pipeline.py
[2025-10-09T12:22:36.051+0000] {processor.py:830} INFO - Processing file /opt/airflow/dags/etl_timeseries_csv_pipeline.py for tasks to queue
[2025-10-09T12:22:36.052+0000] {logging_mixin.py:188} INFO - [2025-10-09T12:22:36.052+0000] {dagbag.py:545} INFO - Filling up the DagBag from /opt/airflow/dags/etl_timeseries_csv_pipeline.py
[2025-10-09T12:22:36.067+0000] {processor.py:840} INFO - DAG(s) 'etl_pipeline' retrieved from /opt/airflow/dags/etl_timeseries_csv_pipeline.py
[2025-10-09T12:22:36.092+0000] {logging_mixin.py:188} INFO - [2025-10-09T12:22:36.092+0000] {dag.py:3096} INFO - Sync 1 DAGs
[2025-10-09T12:22:36.114+0000] {logging_mixin.py:188} INFO - [2025-10-09T12:22:36.114+0000] {dag.py:3954} INFO - Setting next_dagrun for etl_pipeline to 2025-10-08 00:00:00+00:00, run_after=2025-10-09 00:00:00+00:00
[2025-10-09T12:22:36.138+0000] {processor.py:183} INFO - Processing /opt/airflow/dags/etl_timeseries_csv_pipeline.py took 0.092 seconds
[2025-10-09T12:23:06.270+0000] {processor.py:161} INFO - Started process (PID=462) to work on /opt/airflow/dags/etl_timeseries_csv_pipeline.py
[2025-10-09T12:23:06.271+0000] {processor.py:830} INFO - Processing file /opt/airflow/dags/etl_timeseries_csv_pipeline.py for tasks to queue
[2025-10-09T12:23:06.272+0000] {logging_mixin.py:188} INFO - [2025-10-09T12:23:06.271+0000] {dagbag.py:545} INFO - Filling up the DagBag from /opt/airflow/dags/etl_timeseries_csv_pipeline.py
[2025-10-09T12:23:06.287+0000] {processor.py:840} INFO - DAG(s) 'etl_pipeline' retrieved from /opt/airflow/dags/etl_timeseries_csv_pipeline.py
[2025-10-09T12:23:06.310+0000] {logging_mixin.py:188} INFO - [2025-10-09T12:23:06.309+0000] {dag.py:3096} INFO - Sync 1 DAGs
[2025-10-09T12:23:06.336+0000] {logging_mixin.py:188} INFO - [2025-10-09T12:23:06.336+0000] {dag.py:3954} INFO - Setting next_dagrun for etl_pipeline to 2025-10-08 00:00:00+00:00, run_after=2025-10-09 00:00:00+00:00
[2025-10-09T12:23:06.358+0000] {processor.py:183} INFO - Processing /opt/airflow/dags/etl_timeseries_csv_pipeline.py took 0.092 seconds
[2025-10-09T12:23:37.004+0000] {processor.py:161} INFO - Started process (PID=474) to work on /opt/airflow/dags/etl_timeseries_csv_pipeline.py
[2025-10-09T12:23:37.005+0000] {processor.py:830} INFO - Processing file /opt/airflow/dags/etl_timeseries_csv_pipeline.py for tasks to queue
[2025-10-09T12:23:37.005+0000] {logging_mixin.py:188} INFO - [2025-10-09T12:23:37.005+0000] {dagbag.py:545} INFO - Filling up the DagBag from /opt/airflow/dags/etl_timeseries_csv_pipeline.py
[2025-10-09T12:23:37.023+0000] {processor.py:840} INFO - DAG(s) 'etl_pipeline' retrieved from /opt/airflow/dags/etl_timeseries_csv_pipeline.py
[2025-10-09T12:23:37.052+0000] {logging_mixin.py:188} INFO - [2025-10-09T12:23:37.052+0000] {dag.py:3096} INFO - Sync 1 DAGs
[2025-10-09T12:23:37.069+0000] {logging_mixin.py:188} INFO - [2025-10-09T12:23:37.069+0000] {dag.py:3954} INFO - Setting next_dagrun for etl_pipeline to 2025-10-08 00:00:00+00:00, run_after=2025-10-09 00:00:00+00:00
[2025-10-09T12:23:37.093+0000] {processor.py:183} INFO - Processing /opt/airflow/dags/etl_timeseries_csv_pipeline.py took 0.094 seconds
[2025-10-09T12:24:07.261+0000] {processor.py:161} INFO - Started process (PID=486) to work on /opt/airflow/dags/etl_timeseries_csv_pipeline.py
[2025-10-09T12:24:07.262+0000] {processor.py:830} INFO - Processing file /opt/airflow/dags/etl_timeseries_csv_pipeline.py for tasks to queue
[2025-10-09T12:24:07.263+0000] {logging_mixin.py:188} INFO - [2025-10-09T12:24:07.262+0000] {dagbag.py:545} INFO - Filling up the DagBag from /opt/airflow/dags/etl_timeseries_csv_pipeline.py
[2025-10-09T12:24:07.278+0000] {processor.py:840} INFO - DAG(s) 'etl_pipeline' retrieved from /opt/airflow/dags/etl_timeseries_csv_pipeline.py
[2025-10-09T12:24:07.303+0000] {logging_mixin.py:188} INFO - [2025-10-09T12:24:07.303+0000] {dag.py:3096} INFO - Sync 1 DAGs
[2025-10-09T12:24:07.324+0000] {logging_mixin.py:188} INFO - [2025-10-09T12:24:07.324+0000] {dag.py:3954} INFO - Setting next_dagrun for etl_pipeline to 2025-10-08 00:00:00+00:00, run_after=2025-10-09 00:00:00+00:00
[2025-10-09T12:24:07.345+0000] {processor.py:183} INFO - Processing /opt/airflow/dags/etl_timeseries_csv_pipeline.py took 0.088 seconds
[2025-10-09T12:24:37.464+0000] {processor.py:161} INFO - Started process (PID=498) to work on /opt/airflow/dags/etl_timeseries_csv_pipeline.py
[2025-10-09T12:24:37.465+0000] {processor.py:830} INFO - Processing file /opt/airflow/dags/etl_timeseries_csv_pipeline.py for tasks to queue
[2025-10-09T12:24:37.466+0000] {logging_mixin.py:188} INFO - [2025-10-09T12:24:37.465+0000] {dagbag.py:545} INFO - Filling up the DagBag from /opt/airflow/dags/etl_timeseries_csv_pipeline.py
[2025-10-09T12:24:37.487+0000] {processor.py:840} INFO - DAG(s) 'etl_pipeline' retrieved from /opt/airflow/dags/etl_timeseries_csv_pipeline.py
[2025-10-09T12:24:37.519+0000] {logging_mixin.py:188} INFO - [2025-10-09T12:24:37.519+0000] {dag.py:3096} INFO - Sync 1 DAGs
[2025-10-09T12:24:37.537+0000] {logging_mixin.py:188} INFO - [2025-10-09T12:24:37.537+0000] {dag.py:3954} INFO - Setting next_dagrun for etl_pipeline to 2025-10-08 00:00:00+00:00, run_after=2025-10-09 00:00:00+00:00
[2025-10-09T12:24:37.560+0000] {processor.py:183} INFO - Processing /opt/airflow/dags/etl_timeseries_csv_pipeline.py took 0.101 seconds
[2025-10-09T12:25:07.650+0000] {processor.py:161} INFO - Started process (PID=510) to work on /opt/airflow/dags/etl_timeseries_csv_pipeline.py
[2025-10-09T12:25:07.650+0000] {processor.py:830} INFO - Processing file /opt/airflow/dags/etl_timeseries_csv_pipeline.py for tasks to queue
[2025-10-09T12:25:07.651+0000] {logging_mixin.py:188} INFO - [2025-10-09T12:25:07.651+0000] {dagbag.py:545} INFO - Filling up the DagBag from /opt/airflow/dags/etl_timeseries_csv_pipeline.py
[2025-10-09T12:25:07.670+0000] {processor.py:840} INFO - DAG(s) 'etl_pipeline' retrieved from /opt/airflow/dags/etl_timeseries_csv_pipeline.py
[2025-10-09T12:25:07.697+0000] {logging_mixin.py:188} INFO - [2025-10-09T12:25:07.697+0000] {dag.py:3096} INFO - Sync 1 DAGs
[2025-10-09T12:25:07.718+0000] {logging_mixin.py:188} INFO - [2025-10-09T12:25:07.718+0000] {dag.py:3954} INFO - Setting next_dagrun for etl_pipeline to 2025-10-08 00:00:00+00:00, run_after=2025-10-09 00:00:00+00:00
[2025-10-09T12:25:07.742+0000] {processor.py:183} INFO - Processing /opt/airflow/dags/etl_timeseries_csv_pipeline.py took 0.097 seconds
[2025-10-09T12:25:38.341+0000] {processor.py:161} INFO - Started process (PID=522) to work on /opt/airflow/dags/etl_timeseries_csv_pipeline.py
[2025-10-09T12:25:38.342+0000] {processor.py:830} INFO - Processing file /opt/airflow/dags/etl_timeseries_csv_pipeline.py for tasks to queue
[2025-10-09T12:25:38.343+0000] {logging_mixin.py:188} INFO - [2025-10-09T12:25:38.343+0000] {dagbag.py:545} INFO - Filling up the DagBag from /opt/airflow/dags/etl_timeseries_csv_pipeline.py
[2025-10-09T12:25:38.365+0000] {processor.py:840} INFO - DAG(s) 'etl_pipeline' retrieved from /opt/airflow/dags/etl_timeseries_csv_pipeline.py
[2025-10-09T12:25:38.397+0000] {logging_mixin.py:188} INFO - [2025-10-09T12:25:38.397+0000] {dag.py:3096} INFO - Sync 1 DAGs
[2025-10-09T12:25:38.416+0000] {logging_mixin.py:188} INFO - [2025-10-09T12:25:38.416+0000] {dag.py:3954} INFO - Setting next_dagrun for etl_pipeline to 2025-10-08 00:00:00+00:00, run_after=2025-10-09 00:00:00+00:00
[2025-10-09T12:25:38.437+0000] {processor.py:183} INFO - Processing /opt/airflow/dags/etl_timeseries_csv_pipeline.py took 0.103 seconds
[2025-10-09T12:26:08.945+0000] {processor.py:161} INFO - Started process (PID=534) to work on /opt/airflow/dags/etl_timeseries_csv_pipeline.py
[2025-10-09T12:26:08.946+0000] {processor.py:830} INFO - Processing file /opt/airflow/dags/etl_timeseries_csv_pipeline.py for tasks to queue
[2025-10-09T12:26:08.947+0000] {logging_mixin.py:188} INFO - [2025-10-09T12:26:08.946+0000] {dagbag.py:545} INFO - Filling up the DagBag from /opt/airflow/dags/etl_timeseries_csv_pipeline.py
[2025-10-09T12:26:08.963+0000] {processor.py:840} INFO - DAG(s) 'etl_pipeline' retrieved from /opt/airflow/dags/etl_timeseries_csv_pipeline.py
[2025-10-09T12:26:08.986+0000] {logging_mixin.py:188} INFO - [2025-10-09T12:26:08.986+0000] {dag.py:3096} INFO - Sync 1 DAGs
[2025-10-09T12:26:09.010+0000] {logging_mixin.py:188} INFO - [2025-10-09T12:26:09.010+0000] {dag.py:3954} INFO - Setting next_dagrun for etl_pipeline to 2025-10-08 00:00:00+00:00, run_after=2025-10-09 00:00:00+00:00
[2025-10-09T12:26:09.033+0000] {processor.py:183} INFO - Processing /opt/airflow/dags/etl_timeseries_csv_pipeline.py took 0.092 seconds
[2025-10-09T12:26:39.307+0000] {processor.py:161} INFO - Started process (PID=546) to work on /opt/airflow/dags/etl_timeseries_csv_pipeline.py
[2025-10-09T12:26:39.308+0000] {processor.py:830} INFO - Processing file /opt/airflow/dags/etl_timeseries_csv_pipeline.py for tasks to queue
[2025-10-09T12:26:39.309+0000] {logging_mixin.py:188} INFO - [2025-10-09T12:26:39.308+0000] {dagbag.py:545} INFO - Filling up the DagBag from /opt/airflow/dags/etl_timeseries_csv_pipeline.py
[2025-10-09T12:26:39.329+0000] {processor.py:840} INFO - DAG(s) 'etl_pipeline' retrieved from /opt/airflow/dags/etl_timeseries_csv_pipeline.py
[2025-10-09T12:26:39.361+0000] {logging_mixin.py:188} INFO - [2025-10-09T12:26:39.361+0000] {dag.py:3096} INFO - Sync 1 DAGs
[2025-10-09T12:26:39.379+0000] {logging_mixin.py:188} INFO - [2025-10-09T12:26:39.379+0000] {dag.py:3954} INFO - Setting next_dagrun for etl_pipeline to 2025-10-08 00:00:00+00:00, run_after=2025-10-09 00:00:00+00:00
[2025-10-09T12:26:39.399+0000] {processor.py:183} INFO - Processing /opt/airflow/dags/etl_timeseries_csv_pipeline.py took 0.098 seconds
[2025-10-09T12:27:09.526+0000] {processor.py:161} INFO - Started process (PID=558) to work on /opt/airflow/dags/etl_timeseries_csv_pipeline.py
[2025-10-09T12:27:09.526+0000] {processor.py:830} INFO - Processing file /opt/airflow/dags/etl_timeseries_csv_pipeline.py for tasks to queue
[2025-10-09T12:27:09.527+0000] {logging_mixin.py:188} INFO - [2025-10-09T12:27:09.527+0000] {dagbag.py:545} INFO - Filling up the DagBag from /opt/airflow/dags/etl_timeseries_csv_pipeline.py
[2025-10-09T12:27:09.543+0000] {processor.py:840} INFO - DAG(s) 'etl_pipeline' retrieved from /opt/airflow/dags/etl_timeseries_csv_pipeline.py
[2025-10-09T12:27:09.565+0000] {logging_mixin.py:188} INFO - [2025-10-09T12:27:09.565+0000] {dag.py:3096} INFO - Sync 1 DAGs
[2025-10-09T12:27:09.594+0000] {logging_mixin.py:188} INFO - [2025-10-09T12:27:09.594+0000] {dag.py:3954} INFO - Setting next_dagrun for etl_pipeline to 2025-10-08 00:00:00+00:00, run_after=2025-10-09 00:00:00+00:00
[2025-10-09T12:27:09.619+0000] {processor.py:183} INFO - Processing /opt/airflow/dags/etl_timeseries_csv_pipeline.py took 0.098 seconds
[2025-10-09T12:27:40.341+0000] {processor.py:161} INFO - Started process (PID=570) to work on /opt/airflow/dags/etl_timeseries_csv_pipeline.py
[2025-10-09T12:27:40.342+0000] {processor.py:830} INFO - Processing file /opt/airflow/dags/etl_timeseries_csv_pipeline.py for tasks to queue
[2025-10-09T12:27:40.343+0000] {logging_mixin.py:188} INFO - [2025-10-09T12:27:40.343+0000] {dagbag.py:545} INFO - Filling up the DagBag from /opt/airflow/dags/etl_timeseries_csv_pipeline.py
[2025-10-09T12:27:40.362+0000] {processor.py:840} INFO - DAG(s) 'etl_pipeline' retrieved from /opt/airflow/dags/etl_timeseries_csv_pipeline.py
[2025-10-09T12:27:40.386+0000] {logging_mixin.py:188} INFO - [2025-10-09T12:27:40.386+0000] {dag.py:3096} INFO - Sync 1 DAGs
[2025-10-09T12:27:40.406+0000] {logging_mixin.py:188} INFO - [2025-10-09T12:27:40.406+0000] {dag.py:3954} INFO - Setting next_dagrun for etl_pipeline to 2025-10-08 00:00:00+00:00, run_after=2025-10-09 00:00:00+00:00
[2025-10-09T12:27:40.426+0000] {processor.py:183} INFO - Processing /opt/airflow/dags/etl_timeseries_csv_pipeline.py took 0.090 seconds
[2025-10-09T12:28:10.771+0000] {processor.py:161} INFO - Started process (PID=582) to work on /opt/airflow/dags/etl_timeseries_csv_pipeline.py
[2025-10-09T12:28:10.772+0000] {processor.py:830} INFO - Processing file /opt/airflow/dags/etl_timeseries_csv_pipeline.py for tasks to queue
[2025-10-09T12:28:10.773+0000] {logging_mixin.py:188} INFO - [2025-10-09T12:28:10.773+0000] {dagbag.py:545} INFO - Filling up the DagBag from /opt/airflow/dags/etl_timeseries_csv_pipeline.py
[2025-10-09T12:28:10.788+0000] {processor.py:840} INFO - DAG(s) 'etl_pipeline' retrieved from /opt/airflow/dags/etl_timeseries_csv_pipeline.py
[2025-10-09T12:28:10.809+0000] {logging_mixin.py:188} INFO - [2025-10-09T12:28:10.809+0000] {dag.py:3096} INFO - Sync 1 DAGs
[2025-10-09T12:28:10.830+0000] {logging_mixin.py:188} INFO - [2025-10-09T12:28:10.830+0000] {dag.py:3954} INFO - Setting next_dagrun for etl_pipeline to 2025-10-08 00:00:00+00:00, run_after=2025-10-09 00:00:00+00:00
[2025-10-09T12:28:10.858+0000] {processor.py:183} INFO - Processing /opt/airflow/dags/etl_timeseries_csv_pipeline.py took 0.091 seconds
[2025-10-09T12:28:41.863+0000] {processor.py:161} INFO - Started process (PID=594) to work on /opt/airflow/dags/etl_timeseries_csv_pipeline.py
[2025-10-09T12:28:41.864+0000] {processor.py:830} INFO - Processing file /opt/airflow/dags/etl_timeseries_csv_pipeline.py for tasks to queue
[2025-10-09T12:28:41.865+0000] {logging_mixin.py:188} INFO - [2025-10-09T12:28:41.864+0000] {dagbag.py:545} INFO - Filling up the DagBag from /opt/airflow/dags/etl_timeseries_csv_pipeline.py
[2025-10-09T12:28:41.886+0000] {processor.py:840} INFO - DAG(s) 'etl_pipeline' retrieved from /opt/airflow/dags/etl_timeseries_csv_pipeline.py
[2025-10-09T12:28:41.920+0000] {logging_mixin.py:188} INFO - [2025-10-09T12:28:41.920+0000] {dag.py:3096} INFO - Sync 1 DAGs
[2025-10-09T12:28:41.938+0000] {logging_mixin.py:188} INFO - [2025-10-09T12:28:41.938+0000] {dag.py:3954} INFO - Setting next_dagrun for etl_pipeline to 2025-10-08 00:00:00+00:00, run_after=2025-10-09 00:00:00+00:00
[2025-10-09T12:28:41.960+0000] {processor.py:183} INFO - Processing /opt/airflow/dags/etl_timeseries_csv_pipeline.py took 0.103 seconds
[2025-10-09T12:29:12.076+0000] {processor.py:161} INFO - Started process (PID=606) to work on /opt/airflow/dags/etl_timeseries_csv_pipeline.py
[2025-10-09T12:29:12.076+0000] {processor.py:830} INFO - Processing file /opt/airflow/dags/etl_timeseries_csv_pipeline.py for tasks to queue
[2025-10-09T12:29:12.077+0000] {logging_mixin.py:188} INFO - [2025-10-09T12:29:12.076+0000] {dagbag.py:545} INFO - Filling up the DagBag from /opt/airflow/dags/etl_timeseries_csv_pipeline.py
[2025-10-09T12:29:12.091+0000] {processor.py:840} INFO - DAG(s) 'etl_pipeline' retrieved from /opt/airflow/dags/etl_timeseries_csv_pipeline.py
[2025-10-09T12:29:12.113+0000] {logging_mixin.py:188} INFO - [2025-10-09T12:29:12.113+0000] {dag.py:3096} INFO - Sync 1 DAGs
[2025-10-09T12:29:12.133+0000] {logging_mixin.py:188} INFO - [2025-10-09T12:29:12.133+0000] {dag.py:3954} INFO - Setting next_dagrun for etl_pipeline to 2025-10-08 00:00:00+00:00, run_after=2025-10-09 00:00:00+00:00
[2025-10-09T12:29:12.155+0000] {processor.py:183} INFO - Processing /opt/airflow/dags/etl_timeseries_csv_pipeline.py took 0.083 seconds
[2025-10-09T12:29:45.077+0000] {processor.py:161} INFO - Started process (PID=618) to work on /opt/airflow/dags/etl_timeseries_csv_pipeline.py
[2025-10-09T12:29:45.077+0000] {processor.py:830} INFO - Processing file /opt/airflow/dags/etl_timeseries_csv_pipeline.py for tasks to queue
[2025-10-09T12:29:45.078+0000] {logging_mixin.py:188} INFO - [2025-10-09T12:29:45.078+0000] {dagbag.py:545} INFO - Filling up the DagBag from /opt/airflow/dags/etl_timeseries_csv_pipeline.py
[2025-10-09T12:29:45.092+0000] {processor.py:840} INFO - DAG(s) 'etl_pipeline' retrieved from /opt/airflow/dags/etl_timeseries_csv_pipeline.py
[2025-10-09T12:29:45.113+0000] {logging_mixin.py:188} INFO - [2025-10-09T12:29:45.112+0000] {dag.py:3096} INFO - Sync 1 DAGs
[2025-10-09T12:29:45.130+0000] {logging_mixin.py:188} INFO - [2025-10-09T12:29:45.129+0000] {dag.py:3954} INFO - Setting next_dagrun for etl_pipeline to 2025-10-08 00:00:00+00:00, run_after=2025-10-09 00:00:00+00:00
[2025-10-09T12:29:45.148+0000] {processor.py:183} INFO - Processing /opt/airflow/dags/etl_timeseries_csv_pipeline.py took 0.077 seconds
[2025-10-09T12:30:18.257+0000] {processor.py:161} INFO - Started process (PID=630) to work on /opt/airflow/dags/etl_timeseries_csv_pipeline.py
[2025-10-09T12:30:18.258+0000] {processor.py:830} INFO - Processing file /opt/airflow/dags/etl_timeseries_csv_pipeline.py for tasks to queue
[2025-10-09T12:30:18.258+0000] {logging_mixin.py:188} INFO - [2025-10-09T12:30:18.258+0000] {dagbag.py:545} INFO - Filling up the DagBag from /opt/airflow/dags/etl_timeseries_csv_pipeline.py
[2025-10-09T12:30:18.273+0000] {processor.py:840} INFO - DAG(s) 'etl_pipeline' retrieved from /opt/airflow/dags/etl_timeseries_csv_pipeline.py
[2025-10-09T12:30:18.298+0000] {logging_mixin.py:188} INFO - [2025-10-09T12:30:18.297+0000] {dag.py:3096} INFO - Sync 1 DAGs
[2025-10-09T12:30:18.327+0000] {logging_mixin.py:188} INFO - [2025-10-09T12:30:18.327+0000] {dag.py:3954} INFO - Setting next_dagrun for etl_pipeline to 2025-10-08 00:00:00+00:00, run_after=2025-10-09 00:00:00+00:00
[2025-10-09T12:30:18.354+0000] {processor.py:183} INFO - Processing /opt/airflow/dags/etl_timeseries_csv_pipeline.py took 0.101 seconds
[2025-10-09T12:30:48.449+0000] {processor.py:161} INFO - Started process (PID=642) to work on /opt/airflow/dags/etl_timeseries_csv_pipeline.py
[2025-10-09T12:30:48.449+0000] {processor.py:830} INFO - Processing file /opt/airflow/dags/etl_timeseries_csv_pipeline.py for tasks to queue
[2025-10-09T12:30:48.450+0000] {logging_mixin.py:188} INFO - [2025-10-09T12:30:48.450+0000] {dagbag.py:545} INFO - Filling up the DagBag from /opt/airflow/dags/etl_timeseries_csv_pipeline.py
[2025-10-09T12:30:48.467+0000] {processor.py:840} INFO - DAG(s) 'etl_pipeline' retrieved from /opt/airflow/dags/etl_timeseries_csv_pipeline.py
[2025-10-09T12:30:48.496+0000] {logging_mixin.py:188} INFO - [2025-10-09T12:30:48.495+0000] {dag.py:3096} INFO - Sync 1 DAGs
[2025-10-09T12:30:48.524+0000] {logging_mixin.py:188} INFO - [2025-10-09T12:30:48.524+0000] {dag.py:3954} INFO - Setting next_dagrun for etl_pipeline to 2025-10-08 00:00:00+00:00, run_after=2025-10-09 00:00:00+00:00
[2025-10-09T12:30:48.561+0000] {processor.py:183} INFO - Processing /opt/airflow/dags/etl_timeseries_csv_pipeline.py took 0.118 seconds
[2025-10-09T12:31:19.421+0000] {processor.py:161} INFO - Started process (PID=654) to work on /opt/airflow/dags/etl_timeseries_csv_pipeline.py
[2025-10-09T12:31:19.422+0000] {processor.py:830} INFO - Processing file /opt/airflow/dags/etl_timeseries_csv_pipeline.py for tasks to queue
[2025-10-09T12:31:19.422+0000] {logging_mixin.py:188} INFO - [2025-10-09T12:31:19.422+0000] {dagbag.py:545} INFO - Filling up the DagBag from /opt/airflow/dags/etl_timeseries_csv_pipeline.py
[2025-10-09T12:31:19.443+0000] {processor.py:840} INFO - DAG(s) 'etl_pipeline' retrieved from /opt/airflow/dags/etl_timeseries_csv_pipeline.py
[2025-10-09T12:31:19.472+0000] {logging_mixin.py:188} INFO - [2025-10-09T12:31:19.471+0000] {dag.py:3096} INFO - Sync 1 DAGs
[2025-10-09T12:31:19.490+0000] {logging_mixin.py:188} INFO - [2025-10-09T12:31:19.490+0000] {dag.py:3954} INFO - Setting next_dagrun for etl_pipeline to 2025-10-08 00:00:00+00:00, run_after=2025-10-09 00:00:00+00:00
[2025-10-09T12:31:19.514+0000] {processor.py:183} INFO - Processing /opt/airflow/dags/etl_timeseries_csv_pipeline.py took 0.099 seconds
[2025-10-09T12:31:50.117+0000] {processor.py:161} INFO - Started process (PID=666) to work on /opt/airflow/dags/etl_timeseries_csv_pipeline.py
[2025-10-09T12:31:50.118+0000] {processor.py:830} INFO - Processing file /opt/airflow/dags/etl_timeseries_csv_pipeline.py for tasks to queue
[2025-10-09T12:31:50.119+0000] {logging_mixin.py:188} INFO - [2025-10-09T12:31:50.119+0000] {dagbag.py:545} INFO - Filling up the DagBag from /opt/airflow/dags/etl_timeseries_csv_pipeline.py
[2025-10-09T12:31:50.134+0000] {processor.py:840} INFO - DAG(s) 'etl_pipeline' retrieved from /opt/airflow/dags/etl_timeseries_csv_pipeline.py
[2025-10-09T12:31:50.157+0000] {logging_mixin.py:188} INFO - [2025-10-09T12:31:50.157+0000] {dag.py:3096} INFO - Sync 1 DAGs
[2025-10-09T12:31:50.180+0000] {logging_mixin.py:188} INFO - [2025-10-09T12:31:50.180+0000] {dag.py:3954} INFO - Setting next_dagrun for etl_pipeline to 2025-10-08 00:00:00+00:00, run_after=2025-10-09 00:00:00+00:00
[2025-10-09T12:31:50.203+0000] {processor.py:183} INFO - Processing /opt/airflow/dags/etl_timeseries_csv_pipeline.py took 0.090 seconds
[2025-10-09T12:32:21.515+0000] {processor.py:161} INFO - Started process (PID=678) to work on /opt/airflow/dags/etl_timeseries_csv_pipeline.py
[2025-10-09T12:32:21.516+0000] {processor.py:830} INFO - Processing file /opt/airflow/dags/etl_timeseries_csv_pipeline.py for tasks to queue
[2025-10-09T12:32:21.517+0000] {logging_mixin.py:188} INFO - [2025-10-09T12:32:21.517+0000] {dagbag.py:545} INFO - Filling up the DagBag from /opt/airflow/dags/etl_timeseries_csv_pipeline.py
[2025-10-09T12:32:21.541+0000] {processor.py:840} INFO - DAG(s) 'etl_pipeline' retrieved from /opt/airflow/dags/etl_timeseries_csv_pipeline.py
[2025-10-09T12:32:21.575+0000] {logging_mixin.py:188} INFO - [2025-10-09T12:32:21.575+0000] {dag.py:3096} INFO - Sync 1 DAGs
[2025-10-09T12:32:21.596+0000] {logging_mixin.py:188} INFO - [2025-10-09T12:32:21.595+0000] {dag.py:3954} INFO - Setting next_dagrun for etl_pipeline to 2025-10-08 00:00:00+00:00, run_after=2025-10-09 00:00:00+00:00
[2025-10-09T12:32:21.611+0000] {processor.py:183} INFO - Processing /opt/airflow/dags/etl_timeseries_csv_pipeline.py took 0.103 seconds
[2025-10-09T12:33:08.966+0000] {processor.py:161} INFO - Started process (PID=690) to work on /opt/airflow/dags/etl_timeseries_csv_pipeline.py
[2025-10-09T12:33:08.966+0000] {processor.py:830} INFO - Processing file /opt/airflow/dags/etl_timeseries_csv_pipeline.py for tasks to queue
[2025-10-09T12:33:08.968+0000] {logging_mixin.py:188} INFO - [2025-10-09T12:33:08.967+0000] {dagbag.py:545} INFO - Filling up the DagBag from /opt/airflow/dags/etl_timeseries_csv_pipeline.py
[2025-10-09T12:33:08.986+0000] {processor.py:840} INFO - DAG(s) 'etl_pipeline' retrieved from /opt/airflow/dags/etl_timeseries_csv_pipeline.py
[2025-10-09T12:33:09.014+0000] {logging_mixin.py:188} INFO - [2025-10-09T12:33:09.013+0000] {dag.py:3096} INFO - Sync 1 DAGs
[2025-10-09T12:33:09.042+0000] {logging_mixin.py:188} INFO - [2025-10-09T12:33:09.042+0000] {dag.py:3954} INFO - Setting next_dagrun for etl_pipeline to 2025-10-08 00:00:00+00:00, run_after=2025-10-09 00:00:00+00:00
[2025-10-09T12:33:09.070+0000] {processor.py:183} INFO - Processing /opt/airflow/dags/etl_timeseries_csv_pipeline.py took 0.110 seconds
[2025-10-09T12:33:39.314+0000] {processor.py:161} INFO - Started process (PID=702) to work on /opt/airflow/dags/etl_timeseries_csv_pipeline.py
[2025-10-09T12:33:39.315+0000] {processor.py:830} INFO - Processing file /opt/airflow/dags/etl_timeseries_csv_pipeline.py for tasks to queue
[2025-10-09T12:33:39.316+0000] {logging_mixin.py:188} INFO - [2025-10-09T12:33:39.316+0000] {dagbag.py:545} INFO - Filling up the DagBag from /opt/airflow/dags/etl_timeseries_csv_pipeline.py
[2025-10-09T12:33:39.335+0000] {processor.py:840} INFO - DAG(s) 'etl_pipeline' retrieved from /opt/airflow/dags/etl_timeseries_csv_pipeline.py
[2025-10-09T12:33:39.371+0000] {logging_mixin.py:188} INFO - [2025-10-09T12:33:39.371+0000] {dag.py:3096} INFO - Sync 1 DAGs
[2025-10-09T12:33:39.397+0000] {logging_mixin.py:188} INFO - [2025-10-09T12:33:39.397+0000] {dag.py:3954} INFO - Setting next_dagrun for etl_pipeline to 2025-10-08 00:00:00+00:00, run_after=2025-10-09 00:00:00+00:00
[2025-10-09T12:33:39.423+0000] {processor.py:183} INFO - Processing /opt/airflow/dags/etl_timeseries_csv_pipeline.py took 0.116 seconds
[2025-10-09T12:34:10.017+0000] {processor.py:161} INFO - Started process (PID=714) to work on /opt/airflow/dags/etl_timeseries_csv_pipeline.py
[2025-10-09T12:34:10.018+0000] {processor.py:830} INFO - Processing file /opt/airflow/dags/etl_timeseries_csv_pipeline.py for tasks to queue
[2025-10-09T12:34:10.019+0000] {logging_mixin.py:188} INFO - [2025-10-09T12:34:10.018+0000] {dagbag.py:545} INFO - Filling up the DagBag from /opt/airflow/dags/etl_timeseries_csv_pipeline.py
[2025-10-09T12:34:10.035+0000] {processor.py:840} INFO - DAG(s) 'etl_pipeline' retrieved from /opt/airflow/dags/etl_timeseries_csv_pipeline.py
[2025-10-09T12:34:10.056+0000] {logging_mixin.py:188} INFO - [2025-10-09T12:34:10.056+0000] {dag.py:3096} INFO - Sync 1 DAGs
[2025-10-09T12:34:10.080+0000] {logging_mixin.py:188} INFO - [2025-10-09T12:34:10.080+0000] {dag.py:3954} INFO - Setting next_dagrun for etl_pipeline to 2025-10-08 00:00:00+00:00, run_after=2025-10-09 00:00:00+00:00
[2025-10-09T12:34:10.101+0000] {processor.py:183} INFO - Processing /opt/airflow/dags/etl_timeseries_csv_pipeline.py took 0.088 seconds
[2025-10-09T12:34:40.221+0000] {processor.py:161} INFO - Started process (PID=726) to work on /opt/airflow/dags/etl_timeseries_csv_pipeline.py
[2025-10-09T12:34:40.222+0000] {processor.py:830} INFO - Processing file /opt/airflow/dags/etl_timeseries_csv_pipeline.py for tasks to queue
[2025-10-09T12:34:40.222+0000] {logging_mixin.py:188} INFO - [2025-10-09T12:34:40.222+0000] {dagbag.py:545} INFO - Filling up the DagBag from /opt/airflow/dags/etl_timeseries_csv_pipeline.py
[2025-10-09T12:34:40.240+0000] {processor.py:840} INFO - DAG(s) 'etl_pipeline' retrieved from /opt/airflow/dags/etl_timeseries_csv_pipeline.py
[2025-10-09T12:34:40.268+0000] {logging_mixin.py:188} INFO - [2025-10-09T12:34:40.268+0000] {dag.py:3096} INFO - Sync 1 DAGs
[2025-10-09T12:34:40.284+0000] {logging_mixin.py:188} INFO - [2025-10-09T12:34:40.284+0000] {dag.py:3954} INFO - Setting next_dagrun for etl_pipeline to 2025-10-08 00:00:00+00:00, run_after=2025-10-09 00:00:00+00:00
[2025-10-09T12:34:40.313+0000] {processor.py:183} INFO - Processing /opt/airflow/dags/etl_timeseries_csv_pipeline.py took 0.096 seconds
[2025-10-09T12:35:10.453+0000] {processor.py:161} INFO - Started process (PID=738) to work on /opt/airflow/dags/etl_timeseries_csv_pipeline.py
[2025-10-09T12:35:10.453+0000] {processor.py:830} INFO - Processing file /opt/airflow/dags/etl_timeseries_csv_pipeline.py for tasks to queue
[2025-10-09T12:35:10.454+0000] {logging_mixin.py:188} INFO - [2025-10-09T12:35:10.454+0000] {dagbag.py:545} INFO - Filling up the DagBag from /opt/airflow/dags/etl_timeseries_csv_pipeline.py
[2025-10-09T12:35:10.468+0000] {processor.py:840} INFO - DAG(s) 'etl_pipeline' retrieved from /opt/airflow/dags/etl_timeseries_csv_pipeline.py
[2025-10-09T12:35:10.488+0000] {logging_mixin.py:188} INFO - [2025-10-09T12:35:10.488+0000] {dag.py:3096} INFO - Sync 1 DAGs
[2025-10-09T12:35:10.505+0000] {logging_mixin.py:188} INFO - [2025-10-09T12:35:10.505+0000] {dag.py:3954} INFO - Setting next_dagrun for etl_pipeline to 2025-10-08 00:00:00+00:00, run_after=2025-10-09 00:00:00+00:00
[2025-10-09T12:35:10.529+0000] {processor.py:183} INFO - Processing /opt/airflow/dags/etl_timeseries_csv_pipeline.py took 0.080 seconds
[2025-10-09T12:35:40.694+0000] {processor.py:161} INFO - Started process (PID=750) to work on /opt/airflow/dags/etl_timeseries_csv_pipeline.py
[2025-10-09T12:35:40.695+0000] {processor.py:830} INFO - Processing file /opt/airflow/dags/etl_timeseries_csv_pipeline.py for tasks to queue
[2025-10-09T12:35:40.696+0000] {logging_mixin.py:188} INFO - [2025-10-09T12:35:40.696+0000] {dagbag.py:545} INFO - Filling up the DagBag from /opt/airflow/dags/etl_timeseries_csv_pipeline.py
[2025-10-09T12:35:40.716+0000] {processor.py:840} INFO - DAG(s) 'etl_pipeline' retrieved from /opt/airflow/dags/etl_timeseries_csv_pipeline.py
[2025-10-09T12:35:40.738+0000] {logging_mixin.py:188} INFO - [2025-10-09T12:35:40.737+0000] {dag.py:3096} INFO - Sync 1 DAGs
[2025-10-09T12:35:40.759+0000] {logging_mixin.py:188} INFO - [2025-10-09T12:35:40.759+0000] {dag.py:3954} INFO - Setting next_dagrun for etl_pipeline to 2025-10-08 00:00:00+00:00, run_after=2025-10-09 00:00:00+00:00
[2025-10-09T12:35:40.784+0000] {processor.py:183} INFO - Processing /opt/airflow/dags/etl_timeseries_csv_pipeline.py took 0.096 seconds
[2025-10-09T12:36:42.753+0000] {processor.py:161} INFO - Started process (PID=765) to work on /opt/airflow/dags/etl_timeseries_csv_pipeline.py
[2025-10-09T12:36:42.754+0000] {processor.py:830} INFO - Processing file /opt/airflow/dags/etl_timeseries_csv_pipeline.py for tasks to queue
[2025-10-09T12:36:42.755+0000] {logging_mixin.py:188} INFO - [2025-10-09T12:36:42.754+0000] {dagbag.py:545} INFO - Filling up the DagBag from /opt/airflow/dags/etl_timeseries_csv_pipeline.py
[2025-10-09T12:36:42.770+0000] {processor.py:840} INFO - DAG(s) 'etl_pipeline' retrieved from /opt/airflow/dags/etl_timeseries_csv_pipeline.py
[2025-10-09T12:36:42.792+0000] {logging_mixin.py:188} INFO - [2025-10-09T12:36:42.792+0000] {dag.py:3096} INFO - Sync 1 DAGs
[2025-10-09T12:36:42.811+0000] {logging_mixin.py:188} INFO - [2025-10-09T12:36:42.811+0000] {dag.py:3954} INFO - Setting next_dagrun for etl_pipeline to 2025-10-08 00:00:00+00:00, run_after=2025-10-09 00:00:00+00:00
[2025-10-09T12:36:42.833+0000] {processor.py:183} INFO - Processing /opt/airflow/dags/etl_timeseries_csv_pipeline.py took 0.083 seconds
[2025-10-09T12:37:13.097+0000] {processor.py:161} INFO - Started process (PID=774) to work on /opt/airflow/dags/etl_timeseries_csv_pipeline.py
[2025-10-09T12:37:13.098+0000] {processor.py:830} INFO - Processing file /opt/airflow/dags/etl_timeseries_csv_pipeline.py for tasks to queue
[2025-10-09T12:37:13.098+0000] {logging_mixin.py:188} INFO - [2025-10-09T12:37:13.098+0000] {dagbag.py:545} INFO - Filling up the DagBag from /opt/airflow/dags/etl_timeseries_csv_pipeline.py
[2025-10-09T12:37:13.113+0000] {processor.py:840} INFO - DAG(s) 'etl_pipeline' retrieved from /opt/airflow/dags/etl_timeseries_csv_pipeline.py
[2025-10-09T12:37:13.136+0000] {logging_mixin.py:188} INFO - [2025-10-09T12:37:13.136+0000] {dag.py:3096} INFO - Sync 1 DAGs
[2025-10-09T12:37:13.159+0000] {logging_mixin.py:188} INFO - [2025-10-09T12:37:13.159+0000] {dag.py:3954} INFO - Setting next_dagrun for etl_pipeline to 2025-10-08 00:00:00+00:00, run_after=2025-10-09 00:00:00+00:00
[2025-10-09T12:37:13.180+0000] {processor.py:183} INFO - Processing /opt/airflow/dags/etl_timeseries_csv_pipeline.py took 0.087 seconds
[2025-10-09T12:37:43.931+0000] {processor.py:161} INFO - Started process (PID=786) to work on /opt/airflow/dags/etl_timeseries_csv_pipeline.py
[2025-10-09T12:37:43.932+0000] {processor.py:830} INFO - Processing file /opt/airflow/dags/etl_timeseries_csv_pipeline.py for tasks to queue
[2025-10-09T12:37:43.933+0000] {logging_mixin.py:188} INFO - [2025-10-09T12:37:43.933+0000] {dagbag.py:545} INFO - Filling up the DagBag from /opt/airflow/dags/etl_timeseries_csv_pipeline.py
[2025-10-09T12:37:43.948+0000] {processor.py:840} INFO - DAG(s) 'etl_pipeline' retrieved from /opt/airflow/dags/etl_timeseries_csv_pipeline.py
[2025-10-09T12:37:43.971+0000] {logging_mixin.py:188} INFO - [2025-10-09T12:37:43.970+0000] {dag.py:3096} INFO - Sync 1 DAGs
[2025-10-09T12:37:43.995+0000] {logging_mixin.py:188} INFO - [2025-10-09T12:37:43.995+0000] {dag.py:3954} INFO - Setting next_dagrun for etl_pipeline to 2025-10-08 00:00:00+00:00, run_after=2025-10-09 00:00:00+00:00
[2025-10-09T12:37:44.015+0000] {processor.py:183} INFO - Processing /opt/airflow/dags/etl_timeseries_csv_pipeline.py took 0.087 seconds
[2025-10-09T12:38:14.091+0000] {processor.py:161} INFO - Started process (PID=798) to work on /opt/airflow/dags/etl_timeseries_csv_pipeline.py
[2025-10-09T12:38:14.092+0000] {processor.py:830} INFO - Processing file /opt/airflow/dags/etl_timeseries_csv_pipeline.py for tasks to queue
[2025-10-09T12:38:14.093+0000] {logging_mixin.py:188} INFO - [2025-10-09T12:38:14.093+0000] {dagbag.py:545} INFO - Filling up the DagBag from /opt/airflow/dags/etl_timeseries_csv_pipeline.py
[2025-10-09T12:38:14.118+0000] {processor.py:840} INFO - DAG(s) 'etl_pipeline' retrieved from /opt/airflow/dags/etl_timeseries_csv_pipeline.py
[2025-10-09T12:38:14.160+0000] {logging_mixin.py:188} INFO - [2025-10-09T12:38:14.159+0000] {dag.py:3096} INFO - Sync 1 DAGs
[2025-10-09T12:38:14.176+0000] {logging_mixin.py:188} INFO - [2025-10-09T12:38:14.176+0000] {dag.py:3954} INFO - Setting next_dagrun for etl_pipeline to 2025-10-08 00:00:00+00:00, run_after=2025-10-09 00:00:00+00:00
[2025-10-09T12:38:14.197+0000] {processor.py:183} INFO - Processing /opt/airflow/dags/etl_timeseries_csv_pipeline.py took 0.111 seconds
[2025-10-09T12:38:44.626+0000] {processor.py:161} INFO - Started process (PID=810) to work on /opt/airflow/dags/etl_timeseries_csv_pipeline.py
[2025-10-09T12:38:44.626+0000] {processor.py:830} INFO - Processing file /opt/airflow/dags/etl_timeseries_csv_pipeline.py for tasks to queue
[2025-10-09T12:38:44.627+0000] {logging_mixin.py:188} INFO - [2025-10-09T12:38:44.627+0000] {dagbag.py:545} INFO - Filling up the DagBag from /opt/airflow/dags/etl_timeseries_csv_pipeline.py
[2025-10-09T12:38:44.644+0000] {processor.py:840} INFO - DAG(s) 'etl_pipeline' retrieved from /opt/airflow/dags/etl_timeseries_csv_pipeline.py
[2025-10-09T12:38:44.668+0000] {logging_mixin.py:188} INFO - [2025-10-09T12:38:44.667+0000] {dag.py:3096} INFO - Sync 1 DAGs
[2025-10-09T12:38:44.690+0000] {logging_mixin.py:188} INFO - [2025-10-09T12:38:44.690+0000] {dag.py:3954} INFO - Setting next_dagrun for etl_pipeline to 2025-10-08 00:00:00+00:00, run_after=2025-10-09 00:00:00+00:00
[2025-10-09T12:38:44.719+0000] {processor.py:183} INFO - Processing /opt/airflow/dags/etl_timeseries_csv_pipeline.py took 0.098 seconds
[2025-10-09T12:39:14.918+0000] {processor.py:161} INFO - Started process (PID=822) to work on /opt/airflow/dags/etl_timeseries_csv_pipeline.py
[2025-10-09T12:39:14.919+0000] {processor.py:830} INFO - Processing file /opt/airflow/dags/etl_timeseries_csv_pipeline.py for tasks to queue
[2025-10-09T12:39:14.919+0000] {logging_mixin.py:188} INFO - [2025-10-09T12:39:14.919+0000] {dagbag.py:545} INFO - Filling up the DagBag from /opt/airflow/dags/etl_timeseries_csv_pipeline.py
[2025-10-09T12:39:14.938+0000] {processor.py:840} INFO - DAG(s) 'etl_pipeline' retrieved from /opt/airflow/dags/etl_timeseries_csv_pipeline.py
[2025-10-09T12:39:14.973+0000] {logging_mixin.py:188} INFO - [2025-10-09T12:39:14.973+0000] {dag.py:3096} INFO - Sync 1 DAGs
[2025-10-09T12:39:14.993+0000] {logging_mixin.py:188} INFO - [2025-10-09T12:39:14.993+0000] {dag.py:3954} INFO - Setting next_dagrun for etl_pipeline to 2025-10-08 00:00:00+00:00, run_after=2025-10-09 00:00:00+00:00
[2025-10-09T12:39:15.023+0000] {processor.py:183} INFO - Processing /opt/airflow/dags/etl_timeseries_csv_pipeline.py took 0.110 seconds
[2025-10-09T12:39:45.265+0000] {processor.py:161} INFO - Started process (PID=834) to work on /opt/airflow/dags/etl_timeseries_csv_pipeline.py
[2025-10-09T12:39:45.266+0000] {processor.py:830} INFO - Processing file /opt/airflow/dags/etl_timeseries_csv_pipeline.py for tasks to queue
[2025-10-09T12:39:45.267+0000] {logging_mixin.py:188} INFO - [2025-10-09T12:39:45.267+0000] {dagbag.py:545} INFO - Filling up the DagBag from /opt/airflow/dags/etl_timeseries_csv_pipeline.py
[2025-10-09T12:39:45.283+0000] {processor.py:840} INFO - DAG(s) 'etl_pipeline' retrieved from /opt/airflow/dags/etl_timeseries_csv_pipeline.py
[2025-10-09T12:39:45.306+0000] {logging_mixin.py:188} INFO - [2025-10-09T12:39:45.306+0000] {dag.py:3096} INFO - Sync 1 DAGs
[2025-10-09T12:39:45.339+0000] {logging_mixin.py:188} INFO - [2025-10-09T12:39:45.339+0000] {dag.py:3954} INFO - Setting next_dagrun for etl_pipeline to 2025-10-08 00:00:00+00:00, run_after=2025-10-09 00:00:00+00:00
[2025-10-09T12:39:45.367+0000] {processor.py:183} INFO - Processing /opt/airflow/dags/etl_timeseries_csv_pipeline.py took 0.106 seconds
[2025-10-09T12:40:15.694+0000] {processor.py:161} INFO - Started process (PID=846) to work on /opt/airflow/dags/etl_timeseries_csv_pipeline.py
[2025-10-09T12:40:15.695+0000] {processor.py:830} INFO - Processing file /opt/airflow/dags/etl_timeseries_csv_pipeline.py for tasks to queue
[2025-10-09T12:40:15.696+0000] {logging_mixin.py:188} INFO - [2025-10-09T12:40:15.695+0000] {dagbag.py:545} INFO - Filling up the DagBag from /opt/airflow/dags/etl_timeseries_csv_pipeline.py
[2025-10-09T12:40:15.714+0000] {processor.py:840} INFO - DAG(s) 'etl_pipeline' retrieved from /opt/airflow/dags/etl_timeseries_csv_pipeline.py
[2025-10-09T12:40:15.749+0000] {logging_mixin.py:188} INFO - [2025-10-09T12:40:15.749+0000] {dag.py:3096} INFO - Sync 1 DAGs
[2025-10-09T12:40:15.767+0000] {logging_mixin.py:188} INFO - [2025-10-09T12:40:15.766+0000] {dag.py:3954} INFO - Setting next_dagrun for etl_pipeline to 2025-10-08 00:00:00+00:00, run_after=2025-10-09 00:00:00+00:00
[2025-10-09T12:40:15.792+0000] {processor.py:183} INFO - Processing /opt/airflow/dags/etl_timeseries_csv_pipeline.py took 0.102 seconds
[2025-10-09T12:40:46.017+0000] {processor.py:161} INFO - Started process (PID=858) to work on /opt/airflow/dags/etl_timeseries_csv_pipeline.py
[2025-10-09T12:40:46.018+0000] {processor.py:830} INFO - Processing file /opt/airflow/dags/etl_timeseries_csv_pipeline.py for tasks to queue
[2025-10-09T12:40:46.019+0000] {logging_mixin.py:188} INFO - [2025-10-09T12:40:46.019+0000] {dagbag.py:545} INFO - Filling up the DagBag from /opt/airflow/dags/etl_timeseries_csv_pipeline.py
[2025-10-09T12:40:46.038+0000] {processor.py:840} INFO - DAG(s) 'etl_pipeline' retrieved from /opt/airflow/dags/etl_timeseries_csv_pipeline.py
[2025-10-09T12:40:46.061+0000] {logging_mixin.py:188} INFO - [2025-10-09T12:40:46.061+0000] {dag.py:3096} INFO - Sync 1 DAGs
[2025-10-09T12:40:46.081+0000] {logging_mixin.py:188} INFO - [2025-10-09T12:40:46.081+0000] {dag.py:3954} INFO - Setting next_dagrun for etl_pipeline to 2025-10-08 00:00:00+00:00, run_after=2025-10-09 00:00:00+00:00
[2025-10-09T12:40:46.111+0000] {processor.py:183} INFO - Processing /opt/airflow/dags/etl_timeseries_csv_pipeline.py took 0.098 seconds
[2025-10-09T12:41:16.285+0000] {processor.py:161} INFO - Started process (PID=870) to work on /opt/airflow/dags/etl_timeseries_csv_pipeline.py
[2025-10-09T12:41:16.286+0000] {processor.py:830} INFO - Processing file /opt/airflow/dags/etl_timeseries_csv_pipeline.py for tasks to queue
[2025-10-09T12:41:16.286+0000] {logging_mixin.py:188} INFO - [2025-10-09T12:41:16.286+0000] {dagbag.py:545} INFO - Filling up the DagBag from /opt/airflow/dags/etl_timeseries_csv_pipeline.py
[2025-10-09T12:41:16.303+0000] {processor.py:840} INFO - DAG(s) 'etl_pipeline' retrieved from /opt/airflow/dags/etl_timeseries_csv_pipeline.py
[2025-10-09T12:41:16.328+0000] {logging_mixin.py:188} INFO - [2025-10-09T12:41:16.327+0000] {dag.py:3096} INFO - Sync 1 DAGs
[2025-10-09T12:41:16.364+0000] {logging_mixin.py:188} INFO - [2025-10-09T12:41:16.364+0000] {dag.py:3954} INFO - Setting next_dagrun for etl_pipeline to 2025-10-08 00:00:00+00:00, run_after=2025-10-09 00:00:00+00:00
[2025-10-09T12:41:16.395+0000] {processor.py:183} INFO - Processing /opt/airflow/dags/etl_timeseries_csv_pipeline.py took 0.114 seconds
[2025-10-09T12:41:47.093+0000] {processor.py:161} INFO - Started process (PID=882) to work on /opt/airflow/dags/etl_timeseries_csv_pipeline.py
[2025-10-09T12:41:47.094+0000] {processor.py:830} INFO - Processing file /opt/airflow/dags/etl_timeseries_csv_pipeline.py for tasks to queue
[2025-10-09T12:41:47.095+0000] {logging_mixin.py:188} INFO - [2025-10-09T12:41:47.095+0000] {dagbag.py:545} INFO - Filling up the DagBag from /opt/airflow/dags/etl_timeseries_csv_pipeline.py
[2025-10-09T12:41:47.111+0000] {processor.py:840} INFO - DAG(s) 'etl_pipeline' retrieved from /opt/airflow/dags/etl_timeseries_csv_pipeline.py
[2025-10-09T12:41:47.136+0000] {logging_mixin.py:188} INFO - [2025-10-09T12:41:47.136+0000] {dag.py:3096} INFO - Sync 1 DAGs
[2025-10-09T12:41:47.154+0000] {logging_mixin.py:188} INFO - [2025-10-09T12:41:47.153+0000] {dag.py:3954} INFO - Setting next_dagrun for etl_pipeline to 2025-10-08 00:00:00+00:00, run_after=2025-10-09 00:00:00+00:00
[2025-10-09T12:41:47.174+0000] {processor.py:183} INFO - Processing /opt/airflow/dags/etl_timeseries_csv_pipeline.py took 0.086 seconds
[2025-10-09T12:42:17.421+0000] {processor.py:161} INFO - Started process (PID=894) to work on /opt/airflow/dags/etl_timeseries_csv_pipeline.py
[2025-10-09T12:42:17.421+0000] {processor.py:830} INFO - Processing file /opt/airflow/dags/etl_timeseries_csv_pipeline.py for tasks to queue
[2025-10-09T12:42:17.422+0000] {logging_mixin.py:188} INFO - [2025-10-09T12:42:17.422+0000] {dagbag.py:545} INFO - Filling up the DagBag from /opt/airflow/dags/etl_timeseries_csv_pipeline.py
[2025-10-09T12:42:17.441+0000] {processor.py:840} INFO - DAG(s) 'etl_pipeline' retrieved from /opt/airflow/dags/etl_timeseries_csv_pipeline.py
[2025-10-09T12:42:17.464+0000] {logging_mixin.py:188} INFO - [2025-10-09T12:42:17.464+0000] {dag.py:3096} INFO - Sync 1 DAGs
[2025-10-09T12:42:17.485+0000] {logging_mixin.py:188} INFO - [2025-10-09T12:42:17.485+0000] {dag.py:3954} INFO - Setting next_dagrun for etl_pipeline to 2025-10-08 00:00:00+00:00, run_after=2025-10-09 00:00:00+00:00
[2025-10-09T12:42:17.507+0000] {processor.py:183} INFO - Processing /opt/airflow/dags/etl_timeseries_csv_pipeline.py took 0.091 seconds
[2025-10-09T12:42:47.871+0000] {processor.py:161} INFO - Started process (PID=906) to work on /opt/airflow/dags/etl_timeseries_csv_pipeline.py
[2025-10-09T12:42:47.871+0000] {processor.py:830} INFO - Processing file /opt/airflow/dags/etl_timeseries_csv_pipeline.py for tasks to queue
[2025-10-09T12:42:47.872+0000] {logging_mixin.py:188} INFO - [2025-10-09T12:42:47.872+0000] {dagbag.py:545} INFO - Filling up the DagBag from /opt/airflow/dags/etl_timeseries_csv_pipeline.py
[2025-10-09T12:42:47.887+0000] {processor.py:840} INFO - DAG(s) 'etl_pipeline' retrieved from /opt/airflow/dags/etl_timeseries_csv_pipeline.py
[2025-10-09T12:42:47.909+0000] {logging_mixin.py:188} INFO - [2025-10-09T12:42:47.908+0000] {dag.py:3096} INFO - Sync 1 DAGs
[2025-10-09T12:42:47.933+0000] {logging_mixin.py:188} INFO - [2025-10-09T12:42:47.932+0000] {dag.py:3954} INFO - Setting next_dagrun for etl_pipeline to 2025-10-08 00:00:00+00:00, run_after=2025-10-09 00:00:00+00:00
[2025-10-09T12:42:47.962+0000] {processor.py:183} INFO - Processing /opt/airflow/dags/etl_timeseries_csv_pipeline.py took 0.095 seconds
[2025-10-09T12:43:18.762+0000] {processor.py:161} INFO - Started process (PID=918) to work on /opt/airflow/dags/etl_timeseries_csv_pipeline.py
[2025-10-09T12:43:18.763+0000] {processor.py:830} INFO - Processing file /opt/airflow/dags/etl_timeseries_csv_pipeline.py for tasks to queue
[2025-10-09T12:43:18.764+0000] {logging_mixin.py:188} INFO - [2025-10-09T12:43:18.763+0000] {dagbag.py:545} INFO - Filling up the DagBag from /opt/airflow/dags/etl_timeseries_csv_pipeline.py
[2025-10-09T12:43:18.779+0000] {processor.py:840} INFO - DAG(s) 'etl_pipeline' retrieved from /opt/airflow/dags/etl_timeseries_csv_pipeline.py
[2025-10-09T12:43:18.801+0000] {logging_mixin.py:188} INFO - [2025-10-09T12:43:18.800+0000] {dag.py:3096} INFO - Sync 1 DAGs
[2025-10-09T12:43:18.820+0000] {logging_mixin.py:188} INFO - [2025-10-09T12:43:18.820+0000] {dag.py:3954} INFO - Setting next_dagrun for etl_pipeline to 2025-10-08 00:00:00+00:00, run_after=2025-10-09 00:00:00+00:00
[2025-10-09T12:43:18.841+0000] {processor.py:183} INFO - Processing /opt/airflow/dags/etl_timeseries_csv_pipeline.py took 0.083 seconds
[2025-10-09T12:43:49.053+0000] {processor.py:161} INFO - Started process (PID=930) to work on /opt/airflow/dags/etl_timeseries_csv_pipeline.py
[2025-10-09T12:43:49.054+0000] {processor.py:830} INFO - Processing file /opt/airflow/dags/etl_timeseries_csv_pipeline.py for tasks to queue
[2025-10-09T12:43:49.054+0000] {logging_mixin.py:188} INFO - [2025-10-09T12:43:49.054+0000] {dagbag.py:545} INFO - Filling up the DagBag from /opt/airflow/dags/etl_timeseries_csv_pipeline.py
[2025-10-09T12:43:49.069+0000] {processor.py:840} INFO - DAG(s) 'etl_pipeline' retrieved from /opt/airflow/dags/etl_timeseries_csv_pipeline.py
[2025-10-09T12:43:49.089+0000] {logging_mixin.py:188} INFO - [2025-10-09T12:43:49.089+0000] {dag.py:3096} INFO - Sync 1 DAGs
[2025-10-09T12:43:49.119+0000] {logging_mixin.py:188} INFO - [2025-10-09T12:43:49.119+0000] {dag.py:3954} INFO - Setting next_dagrun for etl_pipeline to 2025-10-08 00:00:00+00:00, run_after=2025-10-09 00:00:00+00:00
[2025-10-09T12:43:49.146+0000] {processor.py:183} INFO - Processing /opt/airflow/dags/etl_timeseries_csv_pipeline.py took 0.097 seconds
[2025-10-09T12:44:20.492+0000] {processor.py:161} INFO - Started process (PID=942) to work on /opt/airflow/dags/etl_timeseries_csv_pipeline.py
[2025-10-09T12:44:20.492+0000] {processor.py:830} INFO - Processing file /opt/airflow/dags/etl_timeseries_csv_pipeline.py for tasks to queue
[2025-10-09T12:44:20.493+0000] {logging_mixin.py:188} INFO - [2025-10-09T12:44:20.493+0000] {dagbag.py:545} INFO - Filling up the DagBag from /opt/airflow/dags/etl_timeseries_csv_pipeline.py
[2025-10-09T12:44:20.511+0000] {processor.py:840} INFO - DAG(s) 'etl_pipeline' retrieved from /opt/airflow/dags/etl_timeseries_csv_pipeline.py
[2025-10-09T12:44:20.537+0000] {logging_mixin.py:188} INFO - [2025-10-09T12:44:20.537+0000] {dag.py:3096} INFO - Sync 1 DAGs
[2025-10-09T12:44:20.559+0000] {logging_mixin.py:188} INFO - [2025-10-09T12:44:20.559+0000] {dag.py:3954} INFO - Setting next_dagrun for etl_pipeline to 2025-10-08 00:00:00+00:00, run_after=2025-10-09 00:00:00+00:00
[2025-10-09T12:44:20.592+0000] {processor.py:183} INFO - Processing /opt/airflow/dags/etl_timeseries_csv_pipeline.py took 0.104 seconds
[2025-10-09T12:44:50.952+0000] {processor.py:161} INFO - Started process (PID=954) to work on /opt/airflow/dags/etl_timeseries_csv_pipeline.py
[2025-10-09T12:44:50.953+0000] {processor.py:830} INFO - Processing file /opt/airflow/dags/etl_timeseries_csv_pipeline.py for tasks to queue
[2025-10-09T12:44:50.954+0000] {logging_mixin.py:188} INFO - [2025-10-09T12:44:50.953+0000] {dagbag.py:545} INFO - Filling up the DagBag from /opt/airflow/dags/etl_timeseries_csv_pipeline.py
[2025-10-09T12:44:50.971+0000] {processor.py:840} INFO - DAG(s) 'etl_pipeline' retrieved from /opt/airflow/dags/etl_timeseries_csv_pipeline.py
[2025-10-09T12:44:50.995+0000] {logging_mixin.py:188} INFO - [2025-10-09T12:44:50.995+0000] {dag.py:3096} INFO - Sync 1 DAGs
[2025-10-09T12:44:51.014+0000] {logging_mixin.py:188} INFO - [2025-10-09T12:44:51.014+0000] {dag.py:3954} INFO - Setting next_dagrun for etl_pipeline to 2025-10-08 00:00:00+00:00, run_after=2025-10-09 00:00:00+00:00
[2025-10-09T12:44:51.041+0000] {processor.py:183} INFO - Processing /opt/airflow/dags/etl_timeseries_csv_pipeline.py took 0.093 seconds
[2025-10-09T12:45:22.028+0000] {processor.py:161} INFO - Started process (PID=966) to work on /opt/airflow/dags/etl_timeseries_csv_pipeline.py
[2025-10-09T12:45:22.028+0000] {processor.py:830} INFO - Processing file /opt/airflow/dags/etl_timeseries_csv_pipeline.py for tasks to queue
[2025-10-09T12:45:22.029+0000] {logging_mixin.py:188} INFO - [2025-10-09T12:45:22.029+0000] {dagbag.py:545} INFO - Filling up the DagBag from /opt/airflow/dags/etl_timeseries_csv_pipeline.py
[2025-10-09T12:45:22.047+0000] {processor.py:840} INFO - DAG(s) 'etl_pipeline' retrieved from /opt/airflow/dags/etl_timeseries_csv_pipeline.py
[2025-10-09T12:45:22.069+0000] {logging_mixin.py:188} INFO - [2025-10-09T12:45:22.068+0000] {dag.py:3096} INFO - Sync 1 DAGs
[2025-10-09T12:45:22.090+0000] {logging_mixin.py:188} INFO - [2025-10-09T12:45:22.090+0000] {dag.py:3954} INFO - Setting next_dagrun for etl_pipeline to 2025-10-08 00:00:00+00:00, run_after=2025-10-09 00:00:00+00:00
[2025-10-09T12:45:22.112+0000] {processor.py:183} INFO - Processing /opt/airflow/dags/etl_timeseries_csv_pipeline.py took 0.088 seconds
[2025-10-09T12:45:52.999+0000] {processor.py:161} INFO - Started process (PID=978) to work on /opt/airflow/dags/etl_timeseries_csv_pipeline.py
[2025-10-09T12:45:53.000+0000] {processor.py:830} INFO - Processing file /opt/airflow/dags/etl_timeseries_csv_pipeline.py for tasks to queue
[2025-10-09T12:45:53.001+0000] {logging_mixin.py:188} INFO - [2025-10-09T12:45:53.001+0000] {dagbag.py:545} INFO - Filling up the DagBag from /opt/airflow/dags/etl_timeseries_csv_pipeline.py
[2025-10-09T12:45:53.021+0000] {processor.py:840} INFO - DAG(s) 'etl_pipeline' retrieved from /opt/airflow/dags/etl_timeseries_csv_pipeline.py
[2025-10-09T12:45:53.044+0000] {logging_mixin.py:188} INFO - [2025-10-09T12:45:53.043+0000] {dag.py:3096} INFO - Sync 1 DAGs
[2025-10-09T12:45:53.071+0000] {logging_mixin.py:188} INFO - [2025-10-09T12:45:53.071+0000] {dag.py:3954} INFO - Setting next_dagrun for etl_pipeline to 2025-10-08 00:00:00+00:00, run_after=2025-10-09 00:00:00+00:00
[2025-10-09T12:45:53.102+0000] {processor.py:183} INFO - Processing /opt/airflow/dags/etl_timeseries_csv_pipeline.py took 0.107 seconds
[2025-10-09T12:46:23.382+0000] {processor.py:161} INFO - Started process (PID=990) to work on /opt/airflow/dags/etl_timeseries_csv_pipeline.py
[2025-10-09T12:46:23.382+0000] {processor.py:830} INFO - Processing file /opt/airflow/dags/etl_timeseries_csv_pipeline.py for tasks to queue
[2025-10-09T12:46:23.383+0000] {logging_mixin.py:188} INFO - [2025-10-09T12:46:23.383+0000] {dagbag.py:545} INFO - Filling up the DagBag from /opt/airflow/dags/etl_timeseries_csv_pipeline.py
[2025-10-09T12:46:23.399+0000] {processor.py:840} INFO - DAG(s) 'etl_pipeline' retrieved from /opt/airflow/dags/etl_timeseries_csv_pipeline.py
[2025-10-09T12:46:23.424+0000] {logging_mixin.py:188} INFO - [2025-10-09T12:46:23.423+0000] {dag.py:3096} INFO - Sync 1 DAGs
[2025-10-09T12:46:23.451+0000] {logging_mixin.py:188} INFO - [2025-10-09T12:46:23.451+0000] {dag.py:3954} INFO - Setting next_dagrun for etl_pipeline to 2025-10-08 00:00:00+00:00, run_after=2025-10-09 00:00:00+00:00
[2025-10-09T12:46:23.479+0000] {processor.py:183} INFO - Processing /opt/airflow/dags/etl_timeseries_csv_pipeline.py took 0.102 seconds
[2025-10-09T12:46:53.769+0000] {processor.py:161} INFO - Started process (PID=1002) to work on /opt/airflow/dags/etl_timeseries_csv_pipeline.py
[2025-10-09T12:46:53.769+0000] {processor.py:830} INFO - Processing file /opt/airflow/dags/etl_timeseries_csv_pipeline.py for tasks to queue
[2025-10-09T12:46:53.770+0000] {logging_mixin.py:188} INFO - [2025-10-09T12:46:53.770+0000] {dagbag.py:545} INFO - Filling up the DagBag from /opt/airflow/dags/etl_timeseries_csv_pipeline.py
[2025-10-09T12:46:53.786+0000] {processor.py:840} INFO - DAG(s) 'etl_pipeline' retrieved from /opt/airflow/dags/etl_timeseries_csv_pipeline.py
[2025-10-09T12:46:53.808+0000] {logging_mixin.py:188} INFO - [2025-10-09T12:46:53.808+0000] {dag.py:3096} INFO - Sync 1 DAGs
[2025-10-09T12:46:53.831+0000] {logging_mixin.py:188} INFO - [2025-10-09T12:46:53.831+0000] {dag.py:3954} INFO - Setting next_dagrun for etl_pipeline to 2025-10-08 00:00:00+00:00, run_after=2025-10-09 00:00:00+00:00
[2025-10-09T12:46:53.857+0000] {processor.py:183} INFO - Processing /opt/airflow/dags/etl_timeseries_csv_pipeline.py took 0.093 seconds
[2025-10-09T12:47:24.722+0000] {processor.py:161} INFO - Started process (PID=1014) to work on /opt/airflow/dags/etl_timeseries_csv_pipeline.py
[2025-10-09T12:47:24.723+0000] {processor.py:830} INFO - Processing file /opt/airflow/dags/etl_timeseries_csv_pipeline.py for tasks to queue
[2025-10-09T12:47:24.724+0000] {logging_mixin.py:188} INFO - [2025-10-09T12:47:24.724+0000] {dagbag.py:545} INFO - Filling up the DagBag from /opt/airflow/dags/etl_timeseries_csv_pipeline.py
[2025-10-09T12:47:24.739+0000] {processor.py:840} INFO - DAG(s) 'etl_pipeline' retrieved from /opt/airflow/dags/etl_timeseries_csv_pipeline.py
[2025-10-09T12:47:24.761+0000] {logging_mixin.py:188} INFO - [2025-10-09T12:47:24.761+0000] {dag.py:3096} INFO - Sync 1 DAGs
[2025-10-09T12:47:24.781+0000] {logging_mixin.py:188} INFO - [2025-10-09T12:47:24.780+0000] {dag.py:3954} INFO - Setting next_dagrun for etl_pipeline to 2025-10-08 00:00:00+00:00, run_after=2025-10-09 00:00:00+00:00
[2025-10-09T12:47:24.805+0000] {processor.py:183} INFO - Processing /opt/airflow/dags/etl_timeseries_csv_pipeline.py took 0.087 seconds
[2025-10-09T12:47:55.055+0000] {processor.py:161} INFO - Started process (PID=1026) to work on /opt/airflow/dags/etl_timeseries_csv_pipeline.py
[2025-10-09T12:47:55.056+0000] {processor.py:830} INFO - Processing file /opt/airflow/dags/etl_timeseries_csv_pipeline.py for tasks to queue
[2025-10-09T12:47:55.057+0000] {logging_mixin.py:188} INFO - [2025-10-09T12:47:55.057+0000] {dagbag.py:545} INFO - Filling up the DagBag from /opt/airflow/dags/etl_timeseries_csv_pipeline.py
[2025-10-09T12:47:55.078+0000] {processor.py:840} INFO - DAG(s) 'etl_pipeline' retrieved from /opt/airflow/dags/etl_timeseries_csv_pipeline.py
[2025-10-09T12:47:55.103+0000] {logging_mixin.py:188} INFO - [2025-10-09T12:47:55.103+0000] {dag.py:3096} INFO - Sync 1 DAGs
[2025-10-09T12:47:55.129+0000] {logging_mixin.py:188} INFO - [2025-10-09T12:47:55.128+0000] {dag.py:3954} INFO - Setting next_dagrun for etl_pipeline to 2025-10-08 00:00:00+00:00, run_after=2025-10-09 00:00:00+00:00
[2025-10-09T12:47:55.153+0000] {processor.py:183} INFO - Processing /opt/airflow/dags/etl_timeseries_csv_pipeline.py took 0.103 seconds
[2025-10-09T12:48:26.466+0000] {processor.py:161} INFO - Started process (PID=1038) to work on /opt/airflow/dags/etl_timeseries_csv_pipeline.py
[2025-10-09T12:48:26.467+0000] {processor.py:830} INFO - Processing file /opt/airflow/dags/etl_timeseries_csv_pipeline.py for tasks to queue
[2025-10-09T12:48:26.469+0000] {logging_mixin.py:188} INFO - [2025-10-09T12:48:26.469+0000] {dagbag.py:545} INFO - Filling up the DagBag from /opt/airflow/dags/etl_timeseries_csv_pipeline.py
[2025-10-09T12:48:26.488+0000] {processor.py:840} INFO - DAG(s) 'etl_pipeline' retrieved from /opt/airflow/dags/etl_timeseries_csv_pipeline.py
[2025-10-09T12:48:26.512+0000] {logging_mixin.py:188} INFO - [2025-10-09T12:48:26.512+0000] {dag.py:3096} INFO - Sync 1 DAGs
[2025-10-09T12:48:26.540+0000] {logging_mixin.py:188} INFO - [2025-10-09T12:48:26.540+0000] {dag.py:3954} INFO - Setting next_dagrun for etl_pipeline to 2025-10-08 00:00:00+00:00, run_after=2025-10-09 00:00:00+00:00
[2025-10-09T12:48:26.565+0000] {processor.py:183} INFO - Processing /opt/airflow/dags/etl_timeseries_csv_pipeline.py took 0.104 seconds
[2025-10-09T12:48:56.848+0000] {processor.py:161} INFO - Started process (PID=1050) to work on /opt/airflow/dags/etl_timeseries_csv_pipeline.py
[2025-10-09T12:48:56.849+0000] {processor.py:830} INFO - Processing file /opt/airflow/dags/etl_timeseries_csv_pipeline.py for tasks to queue
[2025-10-09T12:48:56.850+0000] {logging_mixin.py:188} INFO - [2025-10-09T12:48:56.850+0000] {dagbag.py:545} INFO - Filling up the DagBag from /opt/airflow/dags/etl_timeseries_csv_pipeline.py
[2025-10-09T12:48:56.873+0000] {processor.py:840} INFO - DAG(s) 'etl_pipeline' retrieved from /opt/airflow/dags/etl_timeseries_csv_pipeline.py
[2025-10-09T12:48:56.903+0000] {logging_mixin.py:188} INFO - [2025-10-09T12:48:56.902+0000] {dag.py:3096} INFO - Sync 1 DAGs
[2025-10-09T12:48:56.923+0000] {logging_mixin.py:188} INFO - [2025-10-09T12:48:56.923+0000] {dag.py:3954} INFO - Setting next_dagrun for etl_pipeline to 2025-10-08 00:00:00+00:00, run_after=2025-10-09 00:00:00+00:00
[2025-10-09T12:48:56.947+0000] {processor.py:183} INFO - Processing /opt/airflow/dags/etl_timeseries_csv_pipeline.py took 0.103 seconds
[2025-10-09T12:49:27.811+0000] {processor.py:161} INFO - Started process (PID=1062) to work on /opt/airflow/dags/etl_timeseries_csv_pipeline.py
[2025-10-09T12:49:27.812+0000] {processor.py:830} INFO - Processing file /opt/airflow/dags/etl_timeseries_csv_pipeline.py for tasks to queue
[2025-10-09T12:49:27.813+0000] {logging_mixin.py:188} INFO - [2025-10-09T12:49:27.813+0000] {dagbag.py:545} INFO - Filling up the DagBag from /opt/airflow/dags/etl_timeseries_csv_pipeline.py
[2025-10-09T12:49:27.832+0000] {processor.py:840} INFO - DAG(s) 'etl_pipeline' retrieved from /opt/airflow/dags/etl_timeseries_csv_pipeline.py
[2025-10-09T12:49:27.855+0000] {logging_mixin.py:188} INFO - [2025-10-09T12:49:27.855+0000] {dag.py:3096} INFO - Sync 1 DAGs
[2025-10-09T12:49:27.877+0000] {logging_mixin.py:188} INFO - [2025-10-09T12:49:27.877+0000] {dag.py:3954} INFO - Setting next_dagrun for etl_pipeline to 2025-10-08 00:00:00+00:00, run_after=2025-10-09 00:00:00+00:00
[2025-10-09T12:49:27.901+0000] {processor.py:183} INFO - Processing /opt/airflow/dags/etl_timeseries_csv_pipeline.py took 0.094 seconds
[2025-10-09T12:49:58.269+0000] {processor.py:161} INFO - Started process (PID=1074) to work on /opt/airflow/dags/etl_timeseries_csv_pipeline.py
[2025-10-09T12:49:58.270+0000] {processor.py:830} INFO - Processing file /opt/airflow/dags/etl_timeseries_csv_pipeline.py for tasks to queue
[2025-10-09T12:49:58.270+0000] {logging_mixin.py:188} INFO - [2025-10-09T12:49:58.270+0000] {dagbag.py:545} INFO - Filling up the DagBag from /opt/airflow/dags/etl_timeseries_csv_pipeline.py
[2025-10-09T12:49:58.285+0000] {processor.py:840} INFO - DAG(s) 'etl_pipeline' retrieved from /opt/airflow/dags/etl_timeseries_csv_pipeline.py
[2025-10-09T12:49:58.306+0000] {logging_mixin.py:188} INFO - [2025-10-09T12:49:58.306+0000] {dag.py:3096} INFO - Sync 1 DAGs
[2025-10-09T12:49:58.324+0000] {logging_mixin.py:188} INFO - [2025-10-09T12:49:58.324+0000] {dag.py:3954} INFO - Setting next_dagrun for etl_pipeline to 2025-10-08 00:00:00+00:00, run_after=2025-10-09 00:00:00+00:00
[2025-10-09T12:49:58.347+0000] {processor.py:183} INFO - Processing /opt/airflow/dags/etl_timeseries_csv_pipeline.py took 0.082 seconds
[2025-10-09T12:50:31.148+0000] {processor.py:161} INFO - Started process (PID=1086) to work on /opt/airflow/dags/etl_timeseries_csv_pipeline.py
[2025-10-09T12:50:31.149+0000] {processor.py:830} INFO - Processing file /opt/airflow/dags/etl_timeseries_csv_pipeline.py for tasks to queue
[2025-10-09T12:50:31.150+0000] {logging_mixin.py:188} INFO - [2025-10-09T12:50:31.150+0000] {dagbag.py:545} INFO - Filling up the DagBag from /opt/airflow/dags/etl_timeseries_csv_pipeline.py
[2025-10-09T12:50:31.175+0000] {processor.py:840} INFO - DAG(s) 'etl_pipeline' retrieved from /opt/airflow/dags/etl_timeseries_csv_pipeline.py
[2025-10-09T12:50:31.204+0000] {logging_mixin.py:188} INFO - [2025-10-09T12:50:31.204+0000] {dag.py:3096} INFO - Sync 1 DAGs
[2025-10-09T12:50:31.226+0000] {logging_mixin.py:188} INFO - [2025-10-09T12:50:31.225+0000] {dag.py:3954} INFO - Setting next_dagrun for etl_pipeline to 2025-10-08 00:00:00+00:00, run_after=2025-10-09 00:00:00+00:00
[2025-10-09T12:50:31.247+0000] {processor.py:183} INFO - Processing /opt/airflow/dags/etl_timeseries_csv_pipeline.py took 0.103 seconds
[2025-10-09T12:51:01.510+0000] {processor.py:161} INFO - Started process (PID=1098) to work on /opt/airflow/dags/etl_timeseries_csv_pipeline.py
[2025-10-09T12:51:01.511+0000] {processor.py:830} INFO - Processing file /opt/airflow/dags/etl_timeseries_csv_pipeline.py for tasks to queue
[2025-10-09T12:51:01.512+0000] {logging_mixin.py:188} INFO - [2025-10-09T12:51:01.511+0000] {dagbag.py:545} INFO - Filling up the DagBag from /opt/airflow/dags/etl_timeseries_csv_pipeline.py
[2025-10-09T12:51:01.527+0000] {processor.py:840} INFO - DAG(s) 'etl_pipeline' retrieved from /opt/airflow/dags/etl_timeseries_csv_pipeline.py
[2025-10-09T12:51:01.556+0000] {logging_mixin.py:188} INFO - [2025-10-09T12:51:01.556+0000] {dag.py:3096} INFO - Sync 1 DAGs
[2025-10-09T12:51:01.584+0000] {logging_mixin.py:188} INFO - [2025-10-09T12:51:01.584+0000] {dag.py:3954} INFO - Setting next_dagrun for etl_pipeline to 2025-10-08 00:00:00+00:00, run_after=2025-10-09 00:00:00+00:00
[2025-10-09T12:51:01.609+0000] {processor.py:183} INFO - Processing /opt/airflow/dags/etl_timeseries_csv_pipeline.py took 0.104 seconds
[2025-10-09T12:51:32.460+0000] {processor.py:161} INFO - Started process (PID=1110) to work on /opt/airflow/dags/etl_timeseries_csv_pipeline.py
[2025-10-09T12:51:32.461+0000] {processor.py:830} INFO - Processing file /opt/airflow/dags/etl_timeseries_csv_pipeline.py for tasks to queue
[2025-10-09T12:51:32.462+0000] {logging_mixin.py:188} INFO - [2025-10-09T12:51:32.462+0000] {dagbag.py:545} INFO - Filling up the DagBag from /opt/airflow/dags/etl_timeseries_csv_pipeline.py
[2025-10-09T12:51:32.479+0000] {processor.py:840} INFO - DAG(s) 'etl_pipeline' retrieved from /opt/airflow/dags/etl_timeseries_csv_pipeline.py
[2025-10-09T12:51:32.504+0000] {logging_mixin.py:188} INFO - [2025-10-09T12:51:32.503+0000] {dag.py:3096} INFO - Sync 1 DAGs
[2025-10-09T12:51:32.525+0000] {logging_mixin.py:188} INFO - [2025-10-09T12:51:32.524+0000] {dag.py:3954} INFO - Setting next_dagrun for etl_pipeline to 2025-10-08 00:00:00+00:00, run_after=2025-10-09 00:00:00+00:00
[2025-10-09T12:51:32.552+0000] {processor.py:183} INFO - Processing /opt/airflow/dags/etl_timeseries_csv_pipeline.py took 0.096 seconds
[2025-10-09T12:52:04.172+0000] {processor.py:161} INFO - Started process (PID=1122) to work on /opt/airflow/dags/etl_timeseries_csv_pipeline.py
[2025-10-09T12:52:04.173+0000] {processor.py:830} INFO - Processing file /opt/airflow/dags/etl_timeseries_csv_pipeline.py for tasks to queue
[2025-10-09T12:52:04.174+0000] {logging_mixin.py:188} INFO - [2025-10-09T12:52:04.174+0000] {dagbag.py:545} INFO - Filling up the DagBag from /opt/airflow/dags/etl_timeseries_csv_pipeline.py
[2025-10-09T12:52:04.191+0000] {processor.py:840} INFO - DAG(s) 'etl_pipeline' retrieved from /opt/airflow/dags/etl_timeseries_csv_pipeline.py
[2025-10-09T12:52:04.214+0000] {logging_mixin.py:188} INFO - [2025-10-09T12:52:04.213+0000] {dag.py:3096} INFO - Sync 1 DAGs
[2025-10-09T12:52:04.239+0000] {logging_mixin.py:188} INFO - [2025-10-09T12:52:04.239+0000] {dag.py:3954} INFO - Setting next_dagrun for etl_pipeline to 2025-10-08 00:00:00+00:00, run_after=2025-10-09 00:00:00+00:00
[2025-10-09T12:52:04.271+0000] {processor.py:183} INFO - Processing /opt/airflow/dags/etl_timeseries_csv_pipeline.py took 0.103 seconds
[2025-10-09T12:52:34.426+0000] {processor.py:161} INFO - Started process (PID=1134) to work on /opt/airflow/dags/etl_timeseries_csv_pipeline.py
[2025-10-09T12:52:34.426+0000] {processor.py:830} INFO - Processing file /opt/airflow/dags/etl_timeseries_csv_pipeline.py for tasks to queue
[2025-10-09T12:52:34.427+0000] {logging_mixin.py:188} INFO - [2025-10-09T12:52:34.427+0000] {dagbag.py:545} INFO - Filling up the DagBag from /opt/airflow/dags/etl_timeseries_csv_pipeline.py
[2025-10-09T12:52:34.442+0000] {processor.py:840} INFO - DAG(s) 'etl_pipeline' retrieved from /opt/airflow/dags/etl_timeseries_csv_pipeline.py
[2025-10-09T12:52:34.466+0000] {logging_mixin.py:188} INFO - [2025-10-09T12:52:34.465+0000] {dag.py:3096} INFO - Sync 1 DAGs
[2025-10-09T12:52:34.487+0000] {logging_mixin.py:188} INFO - [2025-10-09T12:52:34.487+0000] {dag.py:3954} INFO - Setting next_dagrun for etl_pipeline to 2025-10-08 00:00:00+00:00, run_after=2025-10-09 00:00:00+00:00
[2025-10-09T12:52:34.509+0000] {processor.py:183} INFO - Processing /opt/airflow/dags/etl_timeseries_csv_pipeline.py took 0.087 seconds
[2025-10-09T12:53:07.632+0000] {processor.py:161} INFO - Started process (PID=1146) to work on /opt/airflow/dags/etl_timeseries_csv_pipeline.py
[2025-10-09T12:53:07.633+0000] {processor.py:830} INFO - Processing file /opt/airflow/dags/etl_timeseries_csv_pipeline.py for tasks to queue
[2025-10-09T12:53:07.634+0000] {logging_mixin.py:188} INFO - [2025-10-09T12:53:07.633+0000] {dagbag.py:545} INFO - Filling up the DagBag from /opt/airflow/dags/etl_timeseries_csv_pipeline.py
[2025-10-09T12:53:07.651+0000] {processor.py:840} INFO - DAG(s) 'etl_pipeline' retrieved from /opt/airflow/dags/etl_timeseries_csv_pipeline.py
[2025-10-09T12:53:07.673+0000] {logging_mixin.py:188} INFO - [2025-10-09T12:53:07.672+0000] {dag.py:3096} INFO - Sync 1 DAGs
[2025-10-09T12:53:07.697+0000] {logging_mixin.py:188} INFO - [2025-10-09T12:53:07.697+0000] {dag.py:3954} INFO - Setting next_dagrun for etl_pipeline to 2025-10-08 00:00:00+00:00, run_after=2025-10-09 00:00:00+00:00
[2025-10-09T12:53:07.723+0000] {processor.py:183} INFO - Processing /opt/airflow/dags/etl_timeseries_csv_pipeline.py took 0.096 seconds
[2025-10-09T12:53:38.599+0000] {processor.py:161} INFO - Started process (PID=1158) to work on /opt/airflow/dags/etl_timeseries_csv_pipeline.py
[2025-10-09T12:53:38.600+0000] {processor.py:830} INFO - Processing file /opt/airflow/dags/etl_timeseries_csv_pipeline.py for tasks to queue
[2025-10-09T12:53:38.600+0000] {logging_mixin.py:188} INFO - [2025-10-09T12:53:38.600+0000] {dagbag.py:545} INFO - Filling up the DagBag from /opt/airflow/dags/etl_timeseries_csv_pipeline.py
[2025-10-09T12:53:38.616+0000] {processor.py:840} INFO - DAG(s) 'etl_pipeline' retrieved from /opt/airflow/dags/etl_timeseries_csv_pipeline.py
[2025-10-09T12:53:38.644+0000] {logging_mixin.py:188} INFO - [2025-10-09T12:53:38.643+0000] {dag.py:3096} INFO - Sync 1 DAGs
[2025-10-09T12:53:38.673+0000] {logging_mixin.py:188} INFO - [2025-10-09T12:53:38.672+0000] {dag.py:3954} INFO - Setting next_dagrun for etl_pipeline to 2025-10-08 00:00:00+00:00, run_after=2025-10-09 00:00:00+00:00
[2025-10-09T12:53:38.698+0000] {processor.py:183} INFO - Processing /opt/airflow/dags/etl_timeseries_csv_pipeline.py took 0.104 seconds
[2025-10-09T12:54:24.145+0000] {processor.py:161} INFO - Started process (PID=1170) to work on /opt/airflow/dags/etl_timeseries_csv_pipeline.py
[2025-10-09T12:54:24.146+0000] {processor.py:830} INFO - Processing file /opt/airflow/dags/etl_timeseries_csv_pipeline.py for tasks to queue
[2025-10-09T12:54:24.146+0000] {logging_mixin.py:188} INFO - [2025-10-09T12:54:24.146+0000] {dagbag.py:545} INFO - Filling up the DagBag from /opt/airflow/dags/etl_timeseries_csv_pipeline.py
[2025-10-09T12:54:24.166+0000] {processor.py:840} INFO - DAG(s) 'etl_pipeline' retrieved from /opt/airflow/dags/etl_timeseries_csv_pipeline.py
[2025-10-09T12:54:24.190+0000] {logging_mixin.py:188} INFO - [2025-10-09T12:54:24.189+0000] {dag.py:3096} INFO - Sync 1 DAGs
[2025-10-09T12:54:24.210+0000] {logging_mixin.py:188} INFO - [2025-10-09T12:54:24.210+0000] {dag.py:3954} INFO - Setting next_dagrun for etl_pipeline to 2025-10-08 00:00:00+00:00, run_after=2025-10-09 00:00:00+00:00
[2025-10-09T12:54:24.237+0000] {processor.py:183} INFO - Processing /opt/airflow/dags/etl_timeseries_csv_pipeline.py took 0.097 seconds
[2025-10-09T12:54:54.414+0000] {processor.py:161} INFO - Started process (PID=1182) to work on /opt/airflow/dags/etl_timeseries_csv_pipeline.py
[2025-10-09T12:54:54.415+0000] {processor.py:830} INFO - Processing file /opt/airflow/dags/etl_timeseries_csv_pipeline.py for tasks to queue
[2025-10-09T12:54:54.416+0000] {logging_mixin.py:188} INFO - [2025-10-09T12:54:54.416+0000] {dagbag.py:545} INFO - Filling up the DagBag from /opt/airflow/dags/etl_timeseries_csv_pipeline.py
[2025-10-09T12:54:54.432+0000] {processor.py:840} INFO - DAG(s) 'etl_pipeline' retrieved from /opt/airflow/dags/etl_timeseries_csv_pipeline.py
[2025-10-09T12:54:54.457+0000] {logging_mixin.py:188} INFO - [2025-10-09T12:54:54.457+0000] {dag.py:3096} INFO - Sync 1 DAGs
[2025-10-09T12:54:54.480+0000] {logging_mixin.py:188} INFO - [2025-10-09T12:54:54.480+0000] {dag.py:3954} INFO - Setting next_dagrun for etl_pipeline to 2025-10-08 00:00:00+00:00, run_after=2025-10-09 00:00:00+00:00
[2025-10-09T12:54:54.505+0000] {processor.py:183} INFO - Processing /opt/airflow/dags/etl_timeseries_csv_pipeline.py took 0.096 seconds
[2025-10-09T12:55:24.653+0000] {processor.py:161} INFO - Started process (PID=1194) to work on /opt/airflow/dags/etl_timeseries_csv_pipeline.py
[2025-10-09T12:55:24.653+0000] {processor.py:830} INFO - Processing file /opt/airflow/dags/etl_timeseries_csv_pipeline.py for tasks to queue
[2025-10-09T12:55:24.654+0000] {logging_mixin.py:188} INFO - [2025-10-09T12:55:24.654+0000] {dagbag.py:545} INFO - Filling up the DagBag from /opt/airflow/dags/etl_timeseries_csv_pipeline.py
[2025-10-09T12:55:24.670+0000] {processor.py:840} INFO - DAG(s) 'etl_pipeline' retrieved from /opt/airflow/dags/etl_timeseries_csv_pipeline.py
[2025-10-09T12:55:24.691+0000] {logging_mixin.py:188} INFO - [2025-10-09T12:55:24.691+0000] {dag.py:3096} INFO - Sync 1 DAGs
[2025-10-09T12:55:24.707+0000] {logging_mixin.py:188} INFO - [2025-10-09T12:55:24.707+0000] {dag.py:3954} INFO - Setting next_dagrun for etl_pipeline to 2025-10-08 00:00:00+00:00, run_after=2025-10-09 00:00:00+00:00
[2025-10-09T12:55:24.726+0000] {processor.py:183} INFO - Processing /opt/airflow/dags/etl_timeseries_csv_pipeline.py took 0.078 seconds
[2025-10-09T12:55:55.621+0000] {processor.py:161} INFO - Started process (PID=1206) to work on /opt/airflow/dags/etl_timeseries_csv_pipeline.py
[2025-10-09T12:55:55.621+0000] {processor.py:830} INFO - Processing file /opt/airflow/dags/etl_timeseries_csv_pipeline.py for tasks to queue
[2025-10-09T12:55:55.622+0000] {logging_mixin.py:188} INFO - [2025-10-09T12:55:55.622+0000] {dagbag.py:545} INFO - Filling up the DagBag from /opt/airflow/dags/etl_timeseries_csv_pipeline.py
[2025-10-09T12:55:55.639+0000] {processor.py:840} INFO - DAG(s) 'etl_pipeline' retrieved from /opt/airflow/dags/etl_timeseries_csv_pipeline.py
[2025-10-09T12:55:55.662+0000] {logging_mixin.py:188} INFO - [2025-10-09T12:55:55.662+0000] {dag.py:3096} INFO - Sync 1 DAGs
[2025-10-09T12:55:55.696+0000] {logging_mixin.py:188} INFO - [2025-10-09T12:55:55.695+0000] {dag.py:3954} INFO - Setting next_dagrun for etl_pipeline to 2025-10-08 00:00:00+00:00, run_after=2025-10-09 00:00:00+00:00
[2025-10-09T12:55:55.728+0000] {processor.py:183} INFO - Processing /opt/airflow/dags/etl_timeseries_csv_pipeline.py took 0.112 seconds
[2025-10-09T12:56:26.012+0000] {processor.py:161} INFO - Started process (PID=1218) to work on /opt/airflow/dags/etl_timeseries_csv_pipeline.py
[2025-10-09T12:56:26.012+0000] {processor.py:830} INFO - Processing file /opt/airflow/dags/etl_timeseries_csv_pipeline.py for tasks to queue
[2025-10-09T12:56:26.014+0000] {logging_mixin.py:188} INFO - [2025-10-09T12:56:26.013+0000] {dagbag.py:545} INFO - Filling up the DagBag from /opt/airflow/dags/etl_timeseries_csv_pipeline.py
[2025-10-09T12:56:26.033+0000] {processor.py:840} INFO - DAG(s) 'etl_pipeline' retrieved from /opt/airflow/dags/etl_timeseries_csv_pipeline.py
[2025-10-09T12:56:26.057+0000] {logging_mixin.py:188} INFO - [2025-10-09T12:56:26.057+0000] {dag.py:3096} INFO - Sync 1 DAGs
[2025-10-09T12:56:26.077+0000] {logging_mixin.py:188} INFO - [2025-10-09T12:56:26.077+0000] {dag.py:3954} INFO - Setting next_dagrun for etl_pipeline to 2025-10-08 00:00:00+00:00, run_after=2025-10-09 00:00:00+00:00
[2025-10-09T12:56:26.098+0000] {processor.py:183} INFO - Processing /opt/airflow/dags/etl_timeseries_csv_pipeline.py took 0.091 seconds
[2025-10-09T12:56:56.510+0000] {processor.py:161} INFO - Started process (PID=1230) to work on /opt/airflow/dags/etl_timeseries_csv_pipeline.py
[2025-10-09T12:56:56.510+0000] {processor.py:830} INFO - Processing file /opt/airflow/dags/etl_timeseries_csv_pipeline.py for tasks to queue
[2025-10-09T12:56:56.511+0000] {logging_mixin.py:188} INFO - [2025-10-09T12:56:56.511+0000] {dagbag.py:545} INFO - Filling up the DagBag from /opt/airflow/dags/etl_timeseries_csv_pipeline.py
[2025-10-09T12:56:56.529+0000] {processor.py:840} INFO - DAG(s) 'etl_pipeline' retrieved from /opt/airflow/dags/etl_timeseries_csv_pipeline.py
[2025-10-09T12:56:56.552+0000] {logging_mixin.py:188} INFO - [2025-10-09T12:56:56.552+0000] {dag.py:3096} INFO - Sync 1 DAGs
[2025-10-09T12:56:56.574+0000] {logging_mixin.py:188} INFO - [2025-10-09T12:56:56.574+0000] {dag.py:3954} INFO - Setting next_dagrun for etl_pipeline to 2025-10-08 00:00:00+00:00, run_after=2025-10-09 00:00:00+00:00
[2025-10-09T12:56:56.600+0000] {processor.py:183} INFO - Processing /opt/airflow/dags/etl_timeseries_csv_pipeline.py took 0.095 seconds
[2025-10-09T12:57:26.822+0000] {processor.py:161} INFO - Started process (PID=1242) to work on /opt/airflow/dags/etl_timeseries_csv_pipeline.py
[2025-10-09T12:57:26.823+0000] {processor.py:830} INFO - Processing file /opt/airflow/dags/etl_timeseries_csv_pipeline.py for tasks to queue
[2025-10-09T12:57:26.824+0000] {logging_mixin.py:188} INFO - [2025-10-09T12:57:26.823+0000] {dagbag.py:545} INFO - Filling up the DagBag from /opt/airflow/dags/etl_timeseries_csv_pipeline.py
[2025-10-09T12:57:26.846+0000] {processor.py:840} INFO - DAG(s) 'etl_pipeline' retrieved from /opt/airflow/dags/etl_timeseries_csv_pipeline.py
[2025-10-09T12:57:26.874+0000] {logging_mixin.py:188} INFO - [2025-10-09T12:57:26.874+0000] {dag.py:3096} INFO - Sync 1 DAGs
[2025-10-09T12:57:26.901+0000] {logging_mixin.py:188} INFO - [2025-10-09T12:57:26.901+0000] {dag.py:3954} INFO - Setting next_dagrun for etl_pipeline to 2025-10-08 00:00:00+00:00, run_after=2025-10-09 00:00:00+00:00
[2025-10-09T12:57:26.930+0000] {processor.py:183} INFO - Processing /opt/airflow/dags/etl_timeseries_csv_pipeline.py took 0.112 seconds
[2025-10-09T12:57:57.383+0000] {processor.py:161} INFO - Started process (PID=1254) to work on /opt/airflow/dags/etl_timeseries_csv_pipeline.py
[2025-10-09T12:57:57.384+0000] {processor.py:830} INFO - Processing file /opt/airflow/dags/etl_timeseries_csv_pipeline.py for tasks to queue
[2025-10-09T12:57:57.385+0000] {logging_mixin.py:188} INFO - [2025-10-09T12:57:57.384+0000] {dagbag.py:545} INFO - Filling up the DagBag from /opt/airflow/dags/etl_timeseries_csv_pipeline.py
[2025-10-09T12:57:57.402+0000] {processor.py:840} INFO - DAG(s) 'etl_pipeline' retrieved from /opt/airflow/dags/etl_timeseries_csv_pipeline.py
[2025-10-09T12:57:57.426+0000] {logging_mixin.py:188} INFO - [2025-10-09T12:57:57.426+0000] {dag.py:3096} INFO - Sync 1 DAGs
[2025-10-09T12:57:57.452+0000] {logging_mixin.py:188} INFO - [2025-10-09T12:57:57.452+0000] {dag.py:3954} INFO - Setting next_dagrun for etl_pipeline to 2025-10-08 00:00:00+00:00, run_after=2025-10-09 00:00:00+00:00
[2025-10-09T12:57:57.484+0000] {processor.py:183} INFO - Processing /opt/airflow/dags/etl_timeseries_csv_pipeline.py took 0.106 seconds
[2025-10-09T12:58:27.771+0000] {processor.py:161} INFO - Started process (PID=1266) to work on /opt/airflow/dags/etl_timeseries_csv_pipeline.py
[2025-10-09T12:58:27.771+0000] {processor.py:830} INFO - Processing file /opt/airflow/dags/etl_timeseries_csv_pipeline.py for tasks to queue
[2025-10-09T12:58:27.772+0000] {logging_mixin.py:188} INFO - [2025-10-09T12:58:27.772+0000] {dagbag.py:545} INFO - Filling up the DagBag from /opt/airflow/dags/etl_timeseries_csv_pipeline.py
[2025-10-09T12:58:27.787+0000] {processor.py:840} INFO - DAG(s) 'etl_pipeline' retrieved from /opt/airflow/dags/etl_timeseries_csv_pipeline.py
[2025-10-09T12:58:27.811+0000] {logging_mixin.py:188} INFO - [2025-10-09T12:58:27.810+0000] {dag.py:3096} INFO - Sync 1 DAGs
[2025-10-09T12:58:27.839+0000] {logging_mixin.py:188} INFO - [2025-10-09T12:58:27.839+0000] {dag.py:3954} INFO - Setting next_dagrun for etl_pipeline to 2025-10-08 00:00:00+00:00, run_after=2025-10-09 00:00:00+00:00
[2025-10-09T12:58:27.858+0000] {processor.py:183} INFO - Processing /opt/airflow/dags/etl_timeseries_csv_pipeline.py took 0.091 seconds
[2025-10-09T12:58:58.209+0000] {processor.py:161} INFO - Started process (PID=1278) to work on /opt/airflow/dags/etl_timeseries_csv_pipeline.py
[2025-10-09T12:58:58.210+0000] {processor.py:830} INFO - Processing file /opt/airflow/dags/etl_timeseries_csv_pipeline.py for tasks to queue
[2025-10-09T12:58:58.211+0000] {logging_mixin.py:188} INFO - [2025-10-09T12:58:58.211+0000] {dagbag.py:545} INFO - Filling up the DagBag from /opt/airflow/dags/etl_timeseries_csv_pipeline.py
[2025-10-09T12:58:58.228+0000] {processor.py:840} INFO - DAG(s) 'etl_pipeline' retrieved from /opt/airflow/dags/etl_timeseries_csv_pipeline.py
[2025-10-09T12:58:58.251+0000] {logging_mixin.py:188} INFO - [2025-10-09T12:58:58.250+0000] {dag.py:3096} INFO - Sync 1 DAGs
[2025-10-09T12:58:58.273+0000] {logging_mixin.py:188} INFO - [2025-10-09T12:58:58.273+0000] {dag.py:3954} INFO - Setting next_dagrun for etl_pipeline to 2025-10-08 00:00:00+00:00, run_after=2025-10-09 00:00:00+00:00
[2025-10-09T12:58:58.299+0000] {processor.py:183} INFO - Processing /opt/airflow/dags/etl_timeseries_csv_pipeline.py took 0.094 seconds
[2025-10-09T12:59:28.508+0000] {processor.py:161} INFO - Started process (PID=1290) to work on /opt/airflow/dags/etl_timeseries_csv_pipeline.py
[2025-10-09T12:59:28.509+0000] {processor.py:830} INFO - Processing file /opt/airflow/dags/etl_timeseries_csv_pipeline.py for tasks to queue
[2025-10-09T12:59:28.510+0000] {logging_mixin.py:188} INFO - [2025-10-09T12:59:28.510+0000] {dagbag.py:545} INFO - Filling up the DagBag from /opt/airflow/dags/etl_timeseries_csv_pipeline.py
[2025-10-09T12:59:28.528+0000] {processor.py:840} INFO - DAG(s) 'etl_pipeline' retrieved from /opt/airflow/dags/etl_timeseries_csv_pipeline.py
[2025-10-09T12:59:28.551+0000] {logging_mixin.py:188} INFO - [2025-10-09T12:59:28.551+0000] {dag.py:3096} INFO - Sync 1 DAGs
[2025-10-09T12:59:28.571+0000] {logging_mixin.py:188} INFO - [2025-10-09T12:59:28.571+0000] {dag.py:3954} INFO - Setting next_dagrun for etl_pipeline to 2025-10-08 00:00:00+00:00, run_after=2025-10-09 00:00:00+00:00
[2025-10-09T12:59:28.596+0000] {processor.py:183} INFO - Processing /opt/airflow/dags/etl_timeseries_csv_pipeline.py took 0.092 seconds
[2025-10-09T12:59:59.340+0000] {processor.py:161} INFO - Started process (PID=1302) to work on /opt/airflow/dags/etl_timeseries_csv_pipeline.py
[2025-10-09T12:59:59.341+0000] {processor.py:830} INFO - Processing file /opt/airflow/dags/etl_timeseries_csv_pipeline.py for tasks to queue
[2025-10-09T12:59:59.341+0000] {logging_mixin.py:188} INFO - [2025-10-09T12:59:59.341+0000] {dagbag.py:545} INFO - Filling up the DagBag from /opt/airflow/dags/etl_timeseries_csv_pipeline.py
[2025-10-09T12:59:59.361+0000] {processor.py:840} INFO - DAG(s) 'etl_pipeline' retrieved from /opt/airflow/dags/etl_timeseries_csv_pipeline.py
[2025-10-09T12:59:59.384+0000] {logging_mixin.py:188} INFO - [2025-10-09T12:59:59.384+0000] {dag.py:3096} INFO - Sync 1 DAGs
[2025-10-09T12:59:59.409+0000] {logging_mixin.py:188} INFO - [2025-10-09T12:59:59.409+0000] {dag.py:3954} INFO - Setting next_dagrun for etl_pipeline to 2025-10-08 00:00:00+00:00, run_after=2025-10-09 00:00:00+00:00
[2025-10-09T12:59:59.432+0000] {processor.py:183} INFO - Processing /opt/airflow/dags/etl_timeseries_csv_pipeline.py took 0.097 seconds
[2025-10-09T13:00:29.647+0000] {processor.py:161} INFO - Started process (PID=1314) to work on /opt/airflow/dags/etl_timeseries_csv_pipeline.py
[2025-10-09T13:00:29.648+0000] {processor.py:830} INFO - Processing file /opt/airflow/dags/etl_timeseries_csv_pipeline.py for tasks to queue
[2025-10-09T13:00:29.649+0000] {logging_mixin.py:188} INFO - [2025-10-09T13:00:29.649+0000] {dagbag.py:545} INFO - Filling up the DagBag from /opt/airflow/dags/etl_timeseries_csv_pipeline.py
[2025-10-09T13:00:29.668+0000] {processor.py:840} INFO - DAG(s) 'etl_pipeline' retrieved from /opt/airflow/dags/etl_timeseries_csv_pipeline.py
[2025-10-09T13:00:29.699+0000] {logging_mixin.py:188} INFO - [2025-10-09T13:00:29.698+0000] {dag.py:3096} INFO - Sync 1 DAGs
[2025-10-09T13:00:29.725+0000] {logging_mixin.py:188} INFO - [2025-10-09T13:00:29.725+0000] {dag.py:3954} INFO - Setting next_dagrun for etl_pipeline to 2025-10-08 00:00:00+00:00, run_after=2025-10-09 00:00:00+00:00
[2025-10-09T13:00:29.755+0000] {processor.py:183} INFO - Processing /opt/airflow/dags/etl_timeseries_csv_pipeline.py took 0.112 seconds
[2025-10-09T13:01:00.131+0000] {processor.py:161} INFO - Started process (PID=1326) to work on /opt/airflow/dags/etl_timeseries_csv_pipeline.py
[2025-10-09T13:01:00.131+0000] {processor.py:830} INFO - Processing file /opt/airflow/dags/etl_timeseries_csv_pipeline.py for tasks to queue
[2025-10-09T13:01:00.132+0000] {logging_mixin.py:188} INFO - [2025-10-09T13:01:00.132+0000] {dagbag.py:545} INFO - Filling up the DagBag from /opt/airflow/dags/etl_timeseries_csv_pipeline.py
[2025-10-09T13:01:00.148+0000] {processor.py:840} INFO - DAG(s) 'etl_pipeline' retrieved from /opt/airflow/dags/etl_timeseries_csv_pipeline.py
[2025-10-09T13:01:00.171+0000] {logging_mixin.py:188} INFO - [2025-10-09T13:01:00.170+0000] {dag.py:3096} INFO - Sync 1 DAGs
[2025-10-09T13:01:00.203+0000] {logging_mixin.py:188} INFO - [2025-10-09T13:01:00.203+0000] {dag.py:3954} INFO - Setting next_dagrun for etl_pipeline to 2025-10-08 00:00:00+00:00, run_after=2025-10-09 00:00:00+00:00
[2025-10-09T13:01:00.225+0000] {processor.py:183} INFO - Processing /opt/airflow/dags/etl_timeseries_csv_pipeline.py took 0.099 seconds
[2025-10-09T13:01:30.371+0000] {processor.py:161} INFO - Started process (PID=1338) to work on /opt/airflow/dags/etl_timeseries_csv_pipeline.py
[2025-10-09T13:01:30.372+0000] {processor.py:830} INFO - Processing file /opt/airflow/dags/etl_timeseries_csv_pipeline.py for tasks to queue
[2025-10-09T13:01:30.372+0000] {logging_mixin.py:188} INFO - [2025-10-09T13:01:30.372+0000] {dagbag.py:545} INFO - Filling up the DagBag from /opt/airflow/dags/etl_timeseries_csv_pipeline.py
[2025-10-09T13:01:30.391+0000] {processor.py:840} INFO - DAG(s) 'etl_pipeline' retrieved from /opt/airflow/dags/etl_timeseries_csv_pipeline.py
[2025-10-09T13:01:30.416+0000] {logging_mixin.py:188} INFO - [2025-10-09T13:01:30.415+0000] {dag.py:3096} INFO - Sync 1 DAGs
[2025-10-09T13:01:30.442+0000] {logging_mixin.py:188} INFO - [2025-10-09T13:01:30.441+0000] {dag.py:3954} INFO - Setting next_dagrun for etl_pipeline to 2025-10-08 00:00:00+00:00, run_after=2025-10-09 00:00:00+00:00
[2025-10-09T13:01:30.465+0000] {processor.py:183} INFO - Processing /opt/airflow/dags/etl_timeseries_csv_pipeline.py took 0.098 seconds
[2025-10-09T13:02:01.150+0000] {processor.py:161} INFO - Started process (PID=1350) to work on /opt/airflow/dags/etl_timeseries_csv_pipeline.py
[2025-10-09T13:02:01.151+0000] {processor.py:830} INFO - Processing file /opt/airflow/dags/etl_timeseries_csv_pipeline.py for tasks to queue
[2025-10-09T13:02:01.152+0000] {logging_mixin.py:188} INFO - [2025-10-09T13:02:01.152+0000] {dagbag.py:545} INFO - Filling up the DagBag from /opt/airflow/dags/etl_timeseries_csv_pipeline.py
[2025-10-09T13:02:01.168+0000] {processor.py:840} INFO - DAG(s) 'etl_pipeline' retrieved from /opt/airflow/dags/etl_timeseries_csv_pipeline.py
[2025-10-09T13:02:01.194+0000] {logging_mixin.py:188} INFO - [2025-10-09T13:02:01.194+0000] {dag.py:3096} INFO - Sync 1 DAGs
[2025-10-09T13:02:01.214+0000] {logging_mixin.py:188} INFO - [2025-10-09T13:02:01.214+0000] {dag.py:3954} INFO - Setting next_dagrun for etl_pipeline to 2025-10-08 00:00:00+00:00, run_after=2025-10-09 00:00:00+00:00
[2025-10-09T13:02:01.239+0000] {processor.py:183} INFO - Processing /opt/airflow/dags/etl_timeseries_csv_pipeline.py took 0.093 seconds
[2025-10-09T13:02:31.779+0000] {processor.py:161} INFO - Started process (PID=1362) to work on /opt/airflow/dags/etl_timeseries_csv_pipeline.py
[2025-10-09T13:02:31.779+0000] {processor.py:830} INFO - Processing file /opt/airflow/dags/etl_timeseries_csv_pipeline.py for tasks to queue
[2025-10-09T13:02:31.780+0000] {logging_mixin.py:188} INFO - [2025-10-09T13:02:31.780+0000] {dagbag.py:545} INFO - Filling up the DagBag from /opt/airflow/dags/etl_timeseries_csv_pipeline.py
[2025-10-09T13:02:31.796+0000] {processor.py:840} INFO - DAG(s) 'etl_pipeline' retrieved from /opt/airflow/dags/etl_timeseries_csv_pipeline.py
[2025-10-09T13:02:31.819+0000] {logging_mixin.py:188} INFO - [2025-10-09T13:02:31.818+0000] {dag.py:3096} INFO - Sync 1 DAGs
[2025-10-09T13:02:31.842+0000] {logging_mixin.py:188} INFO - [2025-10-09T13:02:31.842+0000] {dag.py:3954} INFO - Setting next_dagrun for etl_pipeline to 2025-10-08 00:00:00+00:00, run_after=2025-10-09 00:00:00+00:00
[2025-10-09T13:02:31.863+0000] {processor.py:183} INFO - Processing /opt/airflow/dags/etl_timeseries_csv_pipeline.py took 0.089 seconds
[2025-10-09T13:03:02.167+0000] {processor.py:161} INFO - Started process (PID=1374) to work on /opt/airflow/dags/etl_timeseries_csv_pipeline.py
[2025-10-09T13:03:02.168+0000] {processor.py:830} INFO - Processing file /opt/airflow/dags/etl_timeseries_csv_pipeline.py for tasks to queue
[2025-10-09T13:03:02.169+0000] {logging_mixin.py:188} INFO - [2025-10-09T13:03:02.169+0000] {dagbag.py:545} INFO - Filling up the DagBag from /opt/airflow/dags/etl_timeseries_csv_pipeline.py
[2025-10-09T13:03:02.188+0000] {processor.py:840} INFO - DAG(s) 'etl_pipeline' retrieved from /opt/airflow/dags/etl_timeseries_csv_pipeline.py
[2025-10-09T13:03:02.224+0000] {logging_mixin.py:188} INFO - [2025-10-09T13:03:02.224+0000] {dag.py:3096} INFO - Sync 1 DAGs
[2025-10-09T13:03:02.248+0000] {logging_mixin.py:188} INFO - [2025-10-09T13:03:02.248+0000] {dag.py:3954} INFO - Setting next_dagrun for etl_pipeline to 2025-10-08 00:00:00+00:00, run_after=2025-10-09 00:00:00+00:00
[2025-10-09T13:03:02.272+0000] {processor.py:183} INFO - Processing /opt/airflow/dags/etl_timeseries_csv_pipeline.py took 0.109 seconds
[2025-10-09T13:03:32.423+0000] {processor.py:161} INFO - Started process (PID=1386) to work on /opt/airflow/dags/etl_timeseries_csv_pipeline.py
[2025-10-09T13:03:32.423+0000] {processor.py:830} INFO - Processing file /opt/airflow/dags/etl_timeseries_csv_pipeline.py for tasks to queue
[2025-10-09T13:03:32.424+0000] {logging_mixin.py:188} INFO - [2025-10-09T13:03:32.424+0000] {dagbag.py:545} INFO - Filling up the DagBag from /opt/airflow/dags/etl_timeseries_csv_pipeline.py
[2025-10-09T13:03:32.440+0000] {processor.py:840} INFO - DAG(s) 'etl_pipeline' retrieved from /opt/airflow/dags/etl_timeseries_csv_pipeline.py
[2025-10-09T13:03:32.465+0000] {logging_mixin.py:188} INFO - [2025-10-09T13:03:32.465+0000] {dag.py:3096} INFO - Sync 1 DAGs
[2025-10-09T13:03:32.486+0000] {logging_mixin.py:188} INFO - [2025-10-09T13:03:32.486+0000] {dag.py:3954} INFO - Setting next_dagrun for etl_pipeline to 2025-10-08 00:00:00+00:00, run_after=2025-10-09 00:00:00+00:00
[2025-10-09T13:03:32.511+0000] {processor.py:183} INFO - Processing /opt/airflow/dags/etl_timeseries_csv_pipeline.py took 0.092 seconds
[2025-10-09T13:04:03.174+0000] {processor.py:161} INFO - Started process (PID=1398) to work on /opt/airflow/dags/etl_timeseries_csv_pipeline.py
[2025-10-09T13:04:03.175+0000] {processor.py:830} INFO - Processing file /opt/airflow/dags/etl_timeseries_csv_pipeline.py for tasks to queue
[2025-10-09T13:04:03.175+0000] {logging_mixin.py:188} INFO - [2025-10-09T13:04:03.175+0000] {dagbag.py:545} INFO - Filling up the DagBag from /opt/airflow/dags/etl_timeseries_csv_pipeline.py
[2025-10-09T13:04:03.194+0000] {processor.py:840} INFO - DAG(s) 'etl_pipeline' retrieved from /opt/airflow/dags/etl_timeseries_csv_pipeline.py
[2025-10-09T13:04:03.218+0000] {logging_mixin.py:188} INFO - [2025-10-09T13:04:03.217+0000] {dag.py:3096} INFO - Sync 1 DAGs
[2025-10-09T13:04:03.249+0000] {logging_mixin.py:188} INFO - [2025-10-09T13:04:03.248+0000] {dag.py:3954} INFO - Setting next_dagrun for etl_pipeline to 2025-10-08 00:00:00+00:00, run_after=2025-10-09 00:00:00+00:00
[2025-10-09T13:04:03.277+0000] {processor.py:183} INFO - Processing /opt/airflow/dags/etl_timeseries_csv_pipeline.py took 0.107 seconds
[2025-10-09T13:04:33.822+0000] {processor.py:161} INFO - Started process (PID=1410) to work on /opt/airflow/dags/etl_timeseries_csv_pipeline.py
[2025-10-09T13:04:33.823+0000] {processor.py:830} INFO - Processing file /opt/airflow/dags/etl_timeseries_csv_pipeline.py for tasks to queue
[2025-10-09T13:04:33.823+0000] {logging_mixin.py:188} INFO - [2025-10-09T13:04:33.823+0000] {dagbag.py:545} INFO - Filling up the DagBag from /opt/airflow/dags/etl_timeseries_csv_pipeline.py
[2025-10-09T13:04:33.844+0000] {processor.py:840} INFO - DAG(s) 'etl_pipeline' retrieved from /opt/airflow/dags/etl_timeseries_csv_pipeline.py
[2025-10-09T13:04:33.883+0000] {logging_mixin.py:188} INFO - [2025-10-09T13:04:33.883+0000] {dag.py:3096} INFO - Sync 1 DAGs
[2025-10-09T13:04:33.909+0000] {logging_mixin.py:188} INFO - [2025-10-09T13:04:33.909+0000] {dag.py:3954} INFO - Setting next_dagrun for etl_pipeline to 2025-10-08 00:00:00+00:00, run_after=2025-10-09 00:00:00+00:00
[2025-10-09T13:04:33.942+0000] {processor.py:183} INFO - Processing /opt/airflow/dags/etl_timeseries_csv_pipeline.py took 0.124 seconds
[2025-10-09T13:05:04.255+0000] {processor.py:161} INFO - Started process (PID=1422) to work on /opt/airflow/dags/etl_timeseries_csv_pipeline.py
[2025-10-09T13:05:04.255+0000] {processor.py:830} INFO - Processing file /opt/airflow/dags/etl_timeseries_csv_pipeline.py for tasks to queue
[2025-10-09T13:05:04.256+0000] {logging_mixin.py:188} INFO - [2025-10-09T13:05:04.256+0000] {dagbag.py:545} INFO - Filling up the DagBag from /opt/airflow/dags/etl_timeseries_csv_pipeline.py
[2025-10-09T13:05:04.274+0000] {processor.py:840} INFO - DAG(s) 'etl_pipeline' retrieved from /opt/airflow/dags/etl_timeseries_csv_pipeline.py
[2025-10-09T13:05:04.298+0000] {logging_mixin.py:188} INFO - [2025-10-09T13:05:04.298+0000] {dag.py:3096} INFO - Sync 1 DAGs
[2025-10-09T13:05:04.316+0000] {logging_mixin.py:188} INFO - [2025-10-09T13:05:04.316+0000] {dag.py:3954} INFO - Setting next_dagrun for etl_pipeline to 2025-10-08 00:00:00+00:00, run_after=2025-10-09 00:00:00+00:00
[2025-10-09T13:05:04.334+0000] {processor.py:183} INFO - Processing /opt/airflow/dags/etl_timeseries_csv_pipeline.py took 0.083 seconds
[2025-10-09T13:05:35.155+0000] {processor.py:161} INFO - Started process (PID=1441) to work on /opt/airflow/dags/etl_timeseries_csv_pipeline.py
[2025-10-09T13:05:35.156+0000] {processor.py:830} INFO - Processing file /opt/airflow/dags/etl_timeseries_csv_pipeline.py for tasks to queue
[2025-10-09T13:05:35.157+0000] {logging_mixin.py:188} INFO - [2025-10-09T13:05:35.157+0000] {dagbag.py:545} INFO - Filling up the DagBag from /opt/airflow/dags/etl_timeseries_csv_pipeline.py
[2025-10-09T13:05:35.176+0000] {processor.py:840} INFO - DAG(s) 'etl_pipeline' retrieved from /opt/airflow/dags/etl_timeseries_csv_pipeline.py
[2025-10-09T13:05:35.197+0000] {logging_mixin.py:188} INFO - [2025-10-09T13:05:35.197+0000] {dag.py:3096} INFO - Sync 1 DAGs
[2025-10-09T13:05:35.216+0000] {logging_mixin.py:188} INFO - [2025-10-09T13:05:35.216+0000] {dag.py:3954} INFO - Setting next_dagrun for etl_pipeline to 2025-10-08 00:00:00+00:00, run_after=2025-10-09 00:00:00+00:00
[2025-10-09T13:05:35.240+0000] {processor.py:183} INFO - Processing /opt/airflow/dags/etl_timeseries_csv_pipeline.py took 0.089 seconds
[2025-10-09T13:06:12.404+0000] {processor.py:161} INFO - Started process (PID=1449) to work on /opt/airflow/dags/etl_timeseries_csv_pipeline.py
[2025-10-09T13:06:12.405+0000] {processor.py:830} INFO - Processing file /opt/airflow/dags/etl_timeseries_csv_pipeline.py for tasks to queue
[2025-10-09T13:06:12.405+0000] {logging_mixin.py:188} INFO - [2025-10-09T13:06:12.405+0000] {dagbag.py:545} INFO - Filling up the DagBag from /opt/airflow/dags/etl_timeseries_csv_pipeline.py
[2025-10-09T13:06:12.420+0000] {processor.py:840} INFO - DAG(s) 'etl_pipeline' retrieved from /opt/airflow/dags/etl_timeseries_csv_pipeline.py
[2025-10-09T13:06:12.442+0000] {logging_mixin.py:188} INFO - [2025-10-09T13:06:12.442+0000] {dag.py:3096} INFO - Sync 1 DAGs
[2025-10-09T13:06:12.460+0000] {logging_mixin.py:188} INFO - [2025-10-09T13:06:12.460+0000] {dag.py:3954} INFO - Setting next_dagrun for etl_pipeline to 2025-10-08 00:00:00+00:00, run_after=2025-10-09 00:00:00+00:00
[2025-10-09T13:06:12.479+0000] {processor.py:183} INFO - Processing /opt/airflow/dags/etl_timeseries_csv_pipeline.py took 0.079 seconds
[2025-10-09T13:06:42.624+0000] {processor.py:161} INFO - Started process (PID=1458) to work on /opt/airflow/dags/etl_timeseries_csv_pipeline.py
[2025-10-09T13:06:42.625+0000] {processor.py:830} INFO - Processing file /opt/airflow/dags/etl_timeseries_csv_pipeline.py for tasks to queue
[2025-10-09T13:06:42.627+0000] {logging_mixin.py:188} INFO - [2025-10-09T13:06:42.627+0000] {dagbag.py:545} INFO - Filling up the DagBag from /opt/airflow/dags/etl_timeseries_csv_pipeline.py
[2025-10-09T13:06:42.649+0000] {processor.py:840} INFO - DAG(s) 'etl_pipeline' retrieved from /opt/airflow/dags/etl_timeseries_csv_pipeline.py
[2025-10-09T13:06:42.686+0000] {logging_mixin.py:188} INFO - [2025-10-09T13:06:42.686+0000] {dag.py:3096} INFO - Sync 1 DAGs
[2025-10-09T13:06:42.705+0000] {logging_mixin.py:188} INFO - [2025-10-09T13:06:42.705+0000] {dag.py:3954} INFO - Setting next_dagrun for etl_pipeline to 2025-10-08 00:00:00+00:00, run_after=2025-10-09 00:00:00+00:00
[2025-10-09T13:06:42.732+0000] {processor.py:183} INFO - Processing /opt/airflow/dags/etl_timeseries_csv_pipeline.py took 0.114 seconds
[2025-10-09T13:07:13.039+0000] {processor.py:161} INFO - Started process (PID=1470) to work on /opt/airflow/dags/etl_timeseries_csv_pipeline.py
[2025-10-09T13:07:13.040+0000] {processor.py:830} INFO - Processing file /opt/airflow/dags/etl_timeseries_csv_pipeline.py for tasks to queue
[2025-10-09T13:07:13.041+0000] {logging_mixin.py:188} INFO - [2025-10-09T13:07:13.040+0000] {dagbag.py:545} INFO - Filling up the DagBag from /opt/airflow/dags/etl_timeseries_csv_pipeline.py
[2025-10-09T13:07:13.057+0000] {processor.py:840} INFO - DAG(s) 'etl_pipeline' retrieved from /opt/airflow/dags/etl_timeseries_csv_pipeline.py
[2025-10-09T13:07:13.082+0000] {logging_mixin.py:188} INFO - [2025-10-09T13:07:13.082+0000] {dag.py:3096} INFO - Sync 1 DAGs
[2025-10-09T13:07:13.103+0000] {logging_mixin.py:188} INFO - [2025-10-09T13:07:13.103+0000] {dag.py:3954} INFO - Setting next_dagrun for etl_pipeline to 2025-10-08 00:00:00+00:00, run_after=2025-10-09 00:00:00+00:00
[2025-10-09T13:07:13.124+0000] {processor.py:183} INFO - Processing /opt/airflow/dags/etl_timeseries_csv_pipeline.py took 0.089 seconds
[2025-10-09T13:07:43.254+0000] {processor.py:161} INFO - Started process (PID=1482) to work on /opt/airflow/dags/etl_timeseries_csv_pipeline.py
[2025-10-09T13:07:43.255+0000] {processor.py:830} INFO - Processing file /opt/airflow/dags/etl_timeseries_csv_pipeline.py for tasks to queue
[2025-10-09T13:07:43.256+0000] {logging_mixin.py:188} INFO - [2025-10-09T13:07:43.256+0000] {dagbag.py:545} INFO - Filling up the DagBag from /opt/airflow/dags/etl_timeseries_csv_pipeline.py
[2025-10-09T13:07:43.280+0000] {processor.py:840} INFO - DAG(s) 'etl_pipeline' retrieved from /opt/airflow/dags/etl_timeseries_csv_pipeline.py
[2025-10-09T13:07:43.318+0000] {logging_mixin.py:188} INFO - [2025-10-09T13:07:43.318+0000] {dag.py:3096} INFO - Sync 1 DAGs
[2025-10-09T13:07:43.338+0000] {logging_mixin.py:188} INFO - [2025-10-09T13:07:43.338+0000] {dag.py:3954} INFO - Setting next_dagrun for etl_pipeline to 2025-10-08 00:00:00+00:00, run_after=2025-10-09 00:00:00+00:00
[2025-10-09T13:07:43.362+0000] {processor.py:183} INFO - Processing /opt/airflow/dags/etl_timeseries_csv_pipeline.py took 0.117 seconds
[2025-10-09T13:08:13.548+0000] {processor.py:161} INFO - Started process (PID=1494) to work on /opt/airflow/dags/etl_timeseries_csv_pipeline.py
[2025-10-09T13:08:13.549+0000] {processor.py:830} INFO - Processing file /opt/airflow/dags/etl_timeseries_csv_pipeline.py for tasks to queue
[2025-10-09T13:08:13.550+0000] {logging_mixin.py:188} INFO - [2025-10-09T13:08:13.549+0000] {dagbag.py:545} INFO - Filling up the DagBag from /opt/airflow/dags/etl_timeseries_csv_pipeline.py
[2025-10-09T13:08:13.566+0000] {processor.py:840} INFO - DAG(s) 'etl_pipeline' retrieved from /opt/airflow/dags/etl_timeseries_csv_pipeline.py
[2025-10-09T13:08:13.588+0000] {logging_mixin.py:188} INFO - [2025-10-09T13:08:13.588+0000] {dag.py:3096} INFO - Sync 1 DAGs
[2025-10-09T13:08:13.605+0000] {logging_mixin.py:188} INFO - [2025-10-09T13:08:13.605+0000] {dag.py:3954} INFO - Setting next_dagrun for etl_pipeline to 2025-10-08 00:00:00+00:00, run_after=2025-10-09 00:00:00+00:00
[2025-10-09T13:08:13.634+0000] {processor.py:183} INFO - Processing /opt/airflow/dags/etl_timeseries_csv_pipeline.py took 0.090 seconds
[2025-10-09T13:08:43.782+0000] {processor.py:161} INFO - Started process (PID=1506) to work on /opt/airflow/dags/etl_timeseries_csv_pipeline.py
[2025-10-09T13:08:43.783+0000] {processor.py:830} INFO - Processing file /opt/airflow/dags/etl_timeseries_csv_pipeline.py for tasks to queue
[2025-10-09T13:08:43.784+0000] {logging_mixin.py:188} INFO - [2025-10-09T13:08:43.784+0000] {dagbag.py:545} INFO - Filling up the DagBag from /opt/airflow/dags/etl_timeseries_csv_pipeline.py
[2025-10-09T13:08:43.807+0000] {processor.py:840} INFO - DAG(s) 'etl_pipeline' retrieved from /opt/airflow/dags/etl_timeseries_csv_pipeline.py
[2025-10-09T13:08:43.843+0000] {logging_mixin.py:188} INFO - [2025-10-09T13:08:43.843+0000] {dag.py:3096} INFO - Sync 1 DAGs
[2025-10-09T13:08:43.863+0000] {logging_mixin.py:188} INFO - [2025-10-09T13:08:43.863+0000] {dag.py:3954} INFO - Setting next_dagrun for etl_pipeline to 2025-10-08 00:00:00+00:00, run_after=2025-10-09 00:00:00+00:00
[2025-10-09T13:08:43.893+0000] {processor.py:183} INFO - Processing /opt/airflow/dags/etl_timeseries_csv_pipeline.py took 0.116 seconds
[2025-10-09T13:09:14.203+0000] {processor.py:161} INFO - Started process (PID=1518) to work on /opt/airflow/dags/etl_timeseries_csv_pipeline.py
[2025-10-09T13:09:14.205+0000] {processor.py:830} INFO - Processing file /opt/airflow/dags/etl_timeseries_csv_pipeline.py for tasks to queue
[2025-10-09T13:09:14.207+0000] {logging_mixin.py:188} INFO - [2025-10-09T13:09:14.206+0000] {dagbag.py:545} INFO - Filling up the DagBag from /opt/airflow/dags/etl_timeseries_csv_pipeline.py
[2025-10-09T13:09:14.230+0000] {processor.py:840} INFO - DAG(s) 'etl_pipeline' retrieved from /opt/airflow/dags/etl_timeseries_csv_pipeline.py
[2025-10-09T13:09:14.257+0000] {logging_mixin.py:188} INFO - [2025-10-09T13:09:14.256+0000] {dag.py:3096} INFO - Sync 1 DAGs
[2025-10-09T13:09:14.280+0000] {logging_mixin.py:188} INFO - [2025-10-09T13:09:14.280+0000] {dag.py:3954} INFO - Setting next_dagrun for etl_pipeline to 2025-10-08 00:00:00+00:00, run_after=2025-10-09 00:00:00+00:00
[2025-10-09T13:09:14.303+0000] {processor.py:183} INFO - Processing /opt/airflow/dags/etl_timeseries_csv_pipeline.py took 0.104 seconds
[2025-10-09T13:09:44.405+0000] {processor.py:161} INFO - Started process (PID=1530) to work on /opt/airflow/dags/etl_timeseries_csv_pipeline.py
[2025-10-09T13:09:44.405+0000] {processor.py:830} INFO - Processing file /opt/airflow/dags/etl_timeseries_csv_pipeline.py for tasks to queue
[2025-10-09T13:09:44.406+0000] {logging_mixin.py:188} INFO - [2025-10-09T13:09:44.406+0000] {dagbag.py:545} INFO - Filling up the DagBag from /opt/airflow/dags/etl_timeseries_csv_pipeline.py
[2025-10-09T13:09:44.429+0000] {processor.py:840} INFO - DAG(s) 'etl_pipeline' retrieved from /opt/airflow/dags/etl_timeseries_csv_pipeline.py
[2025-10-09T13:09:44.458+0000] {logging_mixin.py:188} INFO - [2025-10-09T13:09:44.458+0000] {dag.py:3096} INFO - Sync 1 DAGs
[2025-10-09T13:09:44.476+0000] {logging_mixin.py:188} INFO - [2025-10-09T13:09:44.476+0000] {dag.py:3954} INFO - Setting next_dagrun for etl_pipeline to 2025-10-08 00:00:00+00:00, run_after=2025-10-09 00:00:00+00:00
[2025-10-09T13:09:44.502+0000] {processor.py:183} INFO - Processing /opt/airflow/dags/etl_timeseries_csv_pipeline.py took 0.102 seconds
[2025-10-09T13:10:15.119+0000] {processor.py:161} INFO - Started process (PID=1542) to work on /opt/airflow/dags/etl_timeseries_csv_pipeline.py
[2025-10-09T13:10:15.120+0000] {processor.py:830} INFO - Processing file /opt/airflow/dags/etl_timeseries_csv_pipeline.py for tasks to queue
[2025-10-09T13:10:15.121+0000] {logging_mixin.py:188} INFO - [2025-10-09T13:10:15.121+0000] {dagbag.py:545} INFO - Filling up the DagBag from /opt/airflow/dags/etl_timeseries_csv_pipeline.py
[2025-10-09T13:10:15.140+0000] {processor.py:840} INFO - DAG(s) 'etl_pipeline' retrieved from /opt/airflow/dags/etl_timeseries_csv_pipeline.py
[2025-10-09T13:10:15.164+0000] {logging_mixin.py:188} INFO - [2025-10-09T13:10:15.163+0000] {dag.py:3096} INFO - Sync 1 DAGs
[2025-10-09T13:10:15.195+0000] {logging_mixin.py:188} INFO - [2025-10-09T13:10:15.195+0000] {dag.py:3954} INFO - Setting next_dagrun for etl_pipeline to 2025-10-08 00:00:00+00:00, run_after=2025-10-09 00:00:00+00:00
[2025-10-09T13:10:15.224+0000] {processor.py:183} INFO - Processing /opt/airflow/dags/etl_timeseries_csv_pipeline.py took 0.109 seconds
[2025-10-09T13:10:45.381+0000] {processor.py:161} INFO - Started process (PID=1554) to work on /opt/airflow/dags/etl_timeseries_csv_pipeline.py
[2025-10-09T13:10:45.383+0000] {processor.py:830} INFO - Processing file /opt/airflow/dags/etl_timeseries_csv_pipeline.py for tasks to queue
[2025-10-09T13:10:45.385+0000] {logging_mixin.py:188} INFO - [2025-10-09T13:10:45.384+0000] {dagbag.py:545} INFO - Filling up the DagBag from /opt/airflow/dags/etl_timeseries_csv_pipeline.py
[2025-10-09T13:10:45.414+0000] {processor.py:840} INFO - DAG(s) 'etl_pipeline' retrieved from /opt/airflow/dags/etl_timeseries_csv_pipeline.py
[2025-10-09T13:10:45.450+0000] {logging_mixin.py:188} INFO - [2025-10-09T13:10:45.450+0000] {dag.py:3096} INFO - Sync 1 DAGs
[2025-10-09T13:10:45.475+0000] {logging_mixin.py:188} INFO - [2025-10-09T13:10:45.474+0000] {dag.py:3954} INFO - Setting next_dagrun for etl_pipeline to 2025-10-08 00:00:00+00:00, run_after=2025-10-09 00:00:00+00:00
[2025-10-09T13:10:45.502+0000] {processor.py:183} INFO - Processing /opt/airflow/dags/etl_timeseries_csv_pipeline.py took 0.129 seconds
[2025-10-09T13:11:15.804+0000] {processor.py:161} INFO - Started process (PID=1566) to work on /opt/airflow/dags/etl_timeseries_csv_pipeline.py
[2025-10-09T13:11:15.805+0000] {processor.py:830} INFO - Processing file /opt/airflow/dags/etl_timeseries_csv_pipeline.py for tasks to queue
[2025-10-09T13:11:15.806+0000] {logging_mixin.py:188} INFO - [2025-10-09T13:11:15.806+0000] {dagbag.py:545} INFO - Filling up the DagBag from /opt/airflow/dags/etl_timeseries_csv_pipeline.py
[2025-10-09T13:11:15.824+0000] {processor.py:840} INFO - DAG(s) 'etl_pipeline' retrieved from /opt/airflow/dags/etl_timeseries_csv_pipeline.py
[2025-10-09T13:11:15.851+0000] {logging_mixin.py:188} INFO - [2025-10-09T13:11:15.851+0000] {dag.py:3096} INFO - Sync 1 DAGs
[2025-10-09T13:11:15.874+0000] {logging_mixin.py:188} INFO - [2025-10-09T13:11:15.874+0000] {dag.py:3954} INFO - Setting next_dagrun for etl_pipeline to 2025-10-08 00:00:00+00:00, run_after=2025-10-09 00:00:00+00:00
[2025-10-09T13:11:15.903+0000] {processor.py:183} INFO - Processing /opt/airflow/dags/etl_timeseries_csv_pipeline.py took 0.103 seconds
[2025-10-09T13:11:45.965+0000] {processor.py:161} INFO - Started process (PID=1578) to work on /opt/airflow/dags/etl_timeseries_csv_pipeline.py
[2025-10-09T13:11:45.965+0000] {processor.py:830} INFO - Processing file /opt/airflow/dags/etl_timeseries_csv_pipeline.py for tasks to queue
[2025-10-09T13:11:45.966+0000] {logging_mixin.py:188} INFO - [2025-10-09T13:11:45.966+0000] {dagbag.py:545} INFO - Filling up the DagBag from /opt/airflow/dags/etl_timeseries_csv_pipeline.py
[2025-10-09T13:11:45.985+0000] {processor.py:840} INFO - DAG(s) 'etl_pipeline' retrieved from /opt/airflow/dags/etl_timeseries_csv_pipeline.py
[2025-10-09T13:11:46.016+0000] {logging_mixin.py:188} INFO - [2025-10-09T13:11:46.016+0000] {dag.py:3096} INFO - Sync 1 DAGs
[2025-10-09T13:11:46.042+0000] {logging_mixin.py:188} INFO - [2025-10-09T13:11:46.042+0000] {dag.py:3954} INFO - Setting next_dagrun for etl_pipeline to 2025-10-08 00:00:00+00:00, run_after=2025-10-09 00:00:00+00:00
[2025-10-09T13:11:46.068+0000] {processor.py:183} INFO - Processing /opt/airflow/dags/etl_timeseries_csv_pipeline.py took 0.108 seconds
[2025-10-09T13:12:16.698+0000] {processor.py:161} INFO - Started process (PID=1590) to work on /opt/airflow/dags/etl_timeseries_csv_pipeline.py
[2025-10-09T13:12:16.699+0000] {processor.py:830} INFO - Processing file /opt/airflow/dags/etl_timeseries_csv_pipeline.py for tasks to queue
[2025-10-09T13:12:16.700+0000] {logging_mixin.py:188} INFO - [2025-10-09T13:12:16.699+0000] {dagbag.py:545} INFO - Filling up the DagBag from /opt/airflow/dags/etl_timeseries_csv_pipeline.py
[2025-10-09T13:12:16.717+0000] {processor.py:840} INFO - DAG(s) 'etl_pipeline' retrieved from /opt/airflow/dags/etl_timeseries_csv_pipeline.py
[2025-10-09T13:12:16.742+0000] {logging_mixin.py:188} INFO - [2025-10-09T13:12:16.741+0000] {dag.py:3096} INFO - Sync 1 DAGs
[2025-10-09T13:12:16.766+0000] {logging_mixin.py:188} INFO - [2025-10-09T13:12:16.766+0000] {dag.py:3954} INFO - Setting next_dagrun for etl_pipeline to 2025-10-08 00:00:00+00:00, run_after=2025-10-09 00:00:00+00:00
[2025-10-09T13:12:16.794+0000] {processor.py:183} INFO - Processing /opt/airflow/dags/etl_timeseries_csv_pipeline.py took 0.100 seconds
[2025-10-09T13:12:46.925+0000] {processor.py:161} INFO - Started process (PID=1602) to work on /opt/airflow/dags/etl_timeseries_csv_pipeline.py
[2025-10-09T13:12:46.926+0000] {processor.py:830} INFO - Processing file /opt/airflow/dags/etl_timeseries_csv_pipeline.py for tasks to queue
[2025-10-09T13:12:46.927+0000] {logging_mixin.py:188} INFO - [2025-10-09T13:12:46.926+0000] {dagbag.py:545} INFO - Filling up the DagBag from /opt/airflow/dags/etl_timeseries_csv_pipeline.py
[2025-10-09T13:12:46.943+0000] {processor.py:840} INFO - DAG(s) 'etl_pipeline' retrieved from /opt/airflow/dags/etl_timeseries_csv_pipeline.py
[2025-10-09T13:12:46.965+0000] {logging_mixin.py:188} INFO - [2025-10-09T13:12:46.965+0000] {dag.py:3096} INFO - Sync 1 DAGs
[2025-10-09T13:12:46.996+0000] {logging_mixin.py:188} INFO - [2025-10-09T13:12:46.995+0000] {dag.py:3954} INFO - Setting next_dagrun for etl_pipeline to 2025-10-08 00:00:00+00:00, run_after=2025-10-09 00:00:00+00:00
[2025-10-09T13:12:47.023+0000] {processor.py:183} INFO - Processing /opt/airflow/dags/etl_timeseries_csv_pipeline.py took 0.104 seconds
[2025-10-09T13:13:25.402+0000] {processor.py:161} INFO - Started process (PID=1614) to work on /opt/airflow/dags/etl_timeseries_csv_pipeline.py
[2025-10-09T13:13:25.402+0000] {processor.py:830} INFO - Processing file /opt/airflow/dags/etl_timeseries_csv_pipeline.py for tasks to queue
[2025-10-09T13:13:25.403+0000] {logging_mixin.py:188} INFO - [2025-10-09T13:13:25.403+0000] {dagbag.py:545} INFO - Filling up the DagBag from /opt/airflow/dags/etl_timeseries_csv_pipeline.py
[2025-10-09T13:13:25.421+0000] {processor.py:840} INFO - DAG(s) 'etl_pipeline' retrieved from /opt/airflow/dags/etl_timeseries_csv_pipeline.py
[2025-10-09T13:13:25.444+0000] {logging_mixin.py:188} INFO - [2025-10-09T13:13:25.444+0000] {dag.py:3096} INFO - Sync 1 DAGs
[2025-10-09T13:13:25.467+0000] {logging_mixin.py:188} INFO - [2025-10-09T13:13:25.467+0000] {dag.py:3954} INFO - Setting next_dagrun for etl_pipeline to 2025-10-08 00:00:00+00:00, run_after=2025-10-09 00:00:00+00:00
[2025-10-09T13:13:25.494+0000] {processor.py:183} INFO - Processing /opt/airflow/dags/etl_timeseries_csv_pipeline.py took 0.097 seconds
[2025-10-09T13:13:55.971+0000] {processor.py:161} INFO - Started process (PID=1626) to work on /opt/airflow/dags/etl_timeseries_csv_pipeline.py
[2025-10-09T13:13:55.972+0000] {processor.py:830} INFO - Processing file /opt/airflow/dags/etl_timeseries_csv_pipeline.py for tasks to queue
[2025-10-09T13:13:55.973+0000] {logging_mixin.py:188} INFO - [2025-10-09T13:13:55.973+0000] {dagbag.py:545} INFO - Filling up the DagBag from /opt/airflow/dags/etl_timeseries_csv_pipeline.py
[2025-10-09T13:13:55.988+0000] {processor.py:840} INFO - DAG(s) 'etl_pipeline' retrieved from /opt/airflow/dags/etl_timeseries_csv_pipeline.py
[2025-10-09T13:13:56.013+0000] {logging_mixin.py:188} INFO - [2025-10-09T13:13:56.013+0000] {dag.py:3096} INFO - Sync 1 DAGs
[2025-10-09T13:13:56.032+0000] {logging_mixin.py:188} INFO - [2025-10-09T13:13:56.032+0000] {dag.py:3954} INFO - Setting next_dagrun for etl_pipeline to 2025-10-08 00:00:00+00:00, run_after=2025-10-09 00:00:00+00:00
[2025-10-09T13:13:56.057+0000] {processor.py:183} INFO - Processing /opt/airflow/dags/etl_timeseries_csv_pipeline.py took 0.090 seconds
[2025-10-09T13:14:26.301+0000] {processor.py:161} INFO - Started process (PID=1638) to work on /opt/airflow/dags/etl_timeseries_csv_pipeline.py
[2025-10-09T13:14:26.302+0000] {processor.py:830} INFO - Processing file /opt/airflow/dags/etl_timeseries_csv_pipeline.py for tasks to queue
[2025-10-09T13:14:26.303+0000] {logging_mixin.py:188} INFO - [2025-10-09T13:14:26.303+0000] {dagbag.py:545} INFO - Filling up the DagBag from /opt/airflow/dags/etl_timeseries_csv_pipeline.py
[2025-10-09T13:14:26.319+0000] {processor.py:840} INFO - DAG(s) 'etl_pipeline' retrieved from /opt/airflow/dags/etl_timeseries_csv_pipeline.py
[2025-10-09T13:14:26.342+0000] {logging_mixin.py:188} INFO - [2025-10-09T13:14:26.342+0000] {dag.py:3096} INFO - Sync 1 DAGs
[2025-10-09T13:14:26.359+0000] {logging_mixin.py:188} INFO - [2025-10-09T13:14:26.359+0000] {dag.py:3954} INFO - Setting next_dagrun for etl_pipeline to 2025-10-08 00:00:00+00:00, run_after=2025-10-09 00:00:00+00:00
[2025-10-09T13:14:26.380+0000] {processor.py:183} INFO - Processing /opt/airflow/dags/etl_timeseries_csv_pipeline.py took 0.084 seconds
[2025-10-09T13:14:56.509+0000] {processor.py:161} INFO - Started process (PID=1650) to work on /opt/airflow/dags/etl_timeseries_csv_pipeline.py
[2025-10-09T13:14:56.510+0000] {processor.py:830} INFO - Processing file /opt/airflow/dags/etl_timeseries_csv_pipeline.py for tasks to queue
[2025-10-09T13:14:56.511+0000] {logging_mixin.py:188} INFO - [2025-10-09T13:14:56.511+0000] {dagbag.py:545} INFO - Filling up the DagBag from /opt/airflow/dags/etl_timeseries_csv_pipeline.py
[2025-10-09T13:14:56.527+0000] {processor.py:840} INFO - DAG(s) 'etl_pipeline' retrieved from /opt/airflow/dags/etl_timeseries_csv_pipeline.py
[2025-10-09T13:14:56.552+0000] {logging_mixin.py:188} INFO - [2025-10-09T13:14:56.551+0000] {dag.py:3096} INFO - Sync 1 DAGs
[2025-10-09T13:14:56.569+0000] {logging_mixin.py:188} INFO - [2025-10-09T13:14:56.569+0000] {dag.py:3954} INFO - Setting next_dagrun for etl_pipeline to 2025-10-08 00:00:00+00:00, run_after=2025-10-09 00:00:00+00:00
[2025-10-09T13:14:56.590+0000] {processor.py:183} INFO - Processing /opt/airflow/dags/etl_timeseries_csv_pipeline.py took 0.085 seconds
[2025-10-09T13:15:26.806+0000] {processor.py:161} INFO - Started process (PID=1662) to work on /opt/airflow/dags/etl_timeseries_csv_pipeline.py
[2025-10-09T13:15:26.807+0000] {processor.py:830} INFO - Processing file /opt/airflow/dags/etl_timeseries_csv_pipeline.py for tasks to queue
[2025-10-09T13:15:26.807+0000] {logging_mixin.py:188} INFO - [2025-10-09T13:15:26.807+0000] {dagbag.py:545} INFO - Filling up the DagBag from /opt/airflow/dags/etl_timeseries_csv_pipeline.py
[2025-10-09T13:15:26.824+0000] {processor.py:840} INFO - DAG(s) 'etl_pipeline' retrieved from /opt/airflow/dags/etl_timeseries_csv_pipeline.py
[2025-10-09T13:15:26.852+0000] {logging_mixin.py:188} INFO - [2025-10-09T13:15:26.852+0000] {dag.py:3096} INFO - Sync 1 DAGs
[2025-10-09T13:15:26.880+0000] {logging_mixin.py:188} INFO - [2025-10-09T13:15:26.880+0000] {dag.py:3954} INFO - Setting next_dagrun for etl_pipeline to 2025-10-08 00:00:00+00:00, run_after=2025-10-09 00:00:00+00:00
[2025-10-09T13:15:26.909+0000] {processor.py:183} INFO - Processing /opt/airflow/dags/etl_timeseries_csv_pipeline.py took 0.108 seconds
[2025-10-09T13:15:57.673+0000] {processor.py:161} INFO - Started process (PID=1674) to work on /opt/airflow/dags/etl_timeseries_csv_pipeline.py
[2025-10-09T13:15:57.674+0000] {processor.py:830} INFO - Processing file /opt/airflow/dags/etl_timeseries_csv_pipeline.py for tasks to queue
[2025-10-09T13:15:57.674+0000] {logging_mixin.py:188} INFO - [2025-10-09T13:15:57.674+0000] {dagbag.py:545} INFO - Filling up the DagBag from /opt/airflow/dags/etl_timeseries_csv_pipeline.py
[2025-10-09T13:15:57.698+0000] {processor.py:840} INFO - DAG(s) 'etl_pipeline' retrieved from /opt/airflow/dags/etl_timeseries_csv_pipeline.py
[2025-10-09T13:15:57.720+0000] {logging_mixin.py:188} INFO - [2025-10-09T13:15:57.720+0000] {dag.py:3096} INFO - Sync 1 DAGs
[2025-10-09T13:15:57.738+0000] {logging_mixin.py:188} INFO - [2025-10-09T13:15:57.738+0000] {dag.py:3954} INFO - Setting next_dagrun for etl_pipeline to 2025-10-08 00:00:00+00:00, run_after=2025-10-09 00:00:00+00:00
[2025-10-09T13:15:57.765+0000] {processor.py:183} INFO - Processing /opt/airflow/dags/etl_timeseries_csv_pipeline.py took 0.097 seconds
[2025-10-09T13:16:28.023+0000] {processor.py:161} INFO - Started process (PID=1686) to work on /opt/airflow/dags/etl_timeseries_csv_pipeline.py
[2025-10-09T13:16:28.024+0000] {processor.py:830} INFO - Processing file /opt/airflow/dags/etl_timeseries_csv_pipeline.py for tasks to queue
[2025-10-09T13:16:28.024+0000] {logging_mixin.py:188} INFO - [2025-10-09T13:16:28.024+0000] {dagbag.py:545} INFO - Filling up the DagBag from /opt/airflow/dags/etl_timeseries_csv_pipeline.py
[2025-10-09T13:16:28.042+0000] {processor.py:840} INFO - DAG(s) 'etl_pipeline' retrieved from /opt/airflow/dags/etl_timeseries_csv_pipeline.py
[2025-10-09T13:16:28.069+0000] {logging_mixin.py:188} INFO - [2025-10-09T13:16:28.069+0000] {dag.py:3096} INFO - Sync 1 DAGs
[2025-10-09T13:16:28.108+0000] {logging_mixin.py:188} INFO - [2025-10-09T13:16:28.107+0000] {dag.py:3954} INFO - Setting next_dagrun for etl_pipeline to 2025-10-08 00:00:00+00:00, run_after=2025-10-09 00:00:00+00:00
[2025-10-09T13:16:28.137+0000] {processor.py:183} INFO - Processing /opt/airflow/dags/etl_timeseries_csv_pipeline.py took 0.118 seconds
[2025-10-09T13:16:58.519+0000] {processor.py:161} INFO - Started process (PID=1698) to work on /opt/airflow/dags/etl_timeseries_csv_pipeline.py
[2025-10-09T13:16:58.520+0000] {processor.py:830} INFO - Processing file /opt/airflow/dags/etl_timeseries_csv_pipeline.py for tasks to queue
[2025-10-09T13:16:58.521+0000] {logging_mixin.py:188} INFO - [2025-10-09T13:16:58.521+0000] {dagbag.py:545} INFO - Filling up the DagBag from /opt/airflow/dags/etl_timeseries_csv_pipeline.py
[2025-10-09T13:16:58.543+0000] {processor.py:840} INFO - DAG(s) 'etl_pipeline' retrieved from /opt/airflow/dags/etl_timeseries_csv_pipeline.py
[2025-10-09T13:16:58.570+0000] {logging_mixin.py:188} INFO - [2025-10-09T13:16:58.569+0000] {dag.py:3096} INFO - Sync 1 DAGs
[2025-10-09T13:16:58.596+0000] {logging_mixin.py:188} INFO - [2025-10-09T13:16:58.596+0000] {dag.py:3954} INFO - Setting next_dagrun for etl_pipeline to 2025-10-08 00:00:00+00:00, run_after=2025-10-09 00:00:00+00:00
[2025-10-09T13:16:58.619+0000] {processor.py:183} INFO - Processing /opt/airflow/dags/etl_timeseries_csv_pipeline.py took 0.105 seconds
[2025-10-09T13:17:28.807+0000] {processor.py:161} INFO - Started process (PID=1710) to work on /opt/airflow/dags/etl_timeseries_csv_pipeline.py
[2025-10-09T13:17:28.808+0000] {processor.py:830} INFO - Processing file /opt/airflow/dags/etl_timeseries_csv_pipeline.py for tasks to queue
[2025-10-09T13:17:28.809+0000] {logging_mixin.py:188} INFO - [2025-10-09T13:17:28.808+0000] {dagbag.py:545} INFO - Filling up the DagBag from /opt/airflow/dags/etl_timeseries_csv_pipeline.py
[2025-10-09T13:17:28.825+0000] {processor.py:840} INFO - DAG(s) 'etl_pipeline' retrieved from /opt/airflow/dags/etl_timeseries_csv_pipeline.py
[2025-10-09T13:17:28.850+0000] {logging_mixin.py:188} INFO - [2025-10-09T13:17:28.850+0000] {dag.py:3096} INFO - Sync 1 DAGs
[2025-10-09T13:17:28.874+0000] {logging_mixin.py:188} INFO - [2025-10-09T13:17:28.873+0000] {dag.py:3954} INFO - Setting next_dagrun for etl_pipeline to 2025-10-08 00:00:00+00:00, run_after=2025-10-09 00:00:00+00:00
[2025-10-09T13:17:28.900+0000] {processor.py:183} INFO - Processing /opt/airflow/dags/etl_timeseries_csv_pipeline.py took 0.098 seconds
[2025-10-09T13:17:59.575+0000] {processor.py:161} INFO - Started process (PID=1722) to work on /opt/airflow/dags/etl_timeseries_csv_pipeline.py
[2025-10-09T13:17:59.575+0000] {processor.py:830} INFO - Processing file /opt/airflow/dags/etl_timeseries_csv_pipeline.py for tasks to queue
[2025-10-09T13:17:59.576+0000] {logging_mixin.py:188} INFO - [2025-10-09T13:17:59.576+0000] {dagbag.py:545} INFO - Filling up the DagBag from /opt/airflow/dags/etl_timeseries_csv_pipeline.py
[2025-10-09T13:17:59.595+0000] {processor.py:840} INFO - DAG(s) 'etl_pipeline' retrieved from /opt/airflow/dags/etl_timeseries_csv_pipeline.py
[2025-10-09T13:17:59.626+0000] {logging_mixin.py:188} INFO - [2025-10-09T13:17:59.626+0000] {dag.py:3096} INFO - Sync 1 DAGs
[2025-10-09T13:17:59.653+0000] {logging_mixin.py:188} INFO - [2025-10-09T13:17:59.653+0000] {dag.py:3954} INFO - Setting next_dagrun for etl_pipeline to 2025-10-08 00:00:00+00:00, run_after=2025-10-09 00:00:00+00:00
[2025-10-09T13:17:59.682+0000] {processor.py:183} INFO - Processing /opt/airflow/dags/etl_timeseries_csv_pipeline.py took 0.113 seconds
[2025-10-09T13:18:30.135+0000] {processor.py:161} INFO - Started process (PID=1734) to work on /opt/airflow/dags/etl_timeseries_csv_pipeline.py
[2025-10-09T13:18:30.136+0000] {processor.py:830} INFO - Processing file /opt/airflow/dags/etl_timeseries_csv_pipeline.py for tasks to queue
[2025-10-09T13:18:30.137+0000] {logging_mixin.py:188} INFO - [2025-10-09T13:18:30.136+0000] {dagbag.py:545} INFO - Filling up the DagBag from /opt/airflow/dags/etl_timeseries_csv_pipeline.py
[2025-10-09T13:18:30.156+0000] {processor.py:840} INFO - DAG(s) 'etl_pipeline' retrieved from /opt/airflow/dags/etl_timeseries_csv_pipeline.py
[2025-10-09T13:18:30.185+0000] {logging_mixin.py:188} INFO - [2025-10-09T13:18:30.185+0000] {dag.py:3096} INFO - Sync 1 DAGs
[2025-10-09T13:18:30.209+0000] {logging_mixin.py:188} INFO - [2025-10-09T13:18:30.209+0000] {dag.py:3954} INFO - Setting next_dagrun for etl_pipeline to 2025-10-08 00:00:00+00:00, run_after=2025-10-09 00:00:00+00:00
[2025-10-09T13:18:30.232+0000] {processor.py:183} INFO - Processing /opt/airflow/dags/etl_timeseries_csv_pipeline.py took 0.101 seconds
[2025-10-09T13:19:00.613+0000] {processor.py:161} INFO - Started process (PID=1746) to work on /opt/airflow/dags/etl_timeseries_csv_pipeline.py
[2025-10-09T13:19:00.614+0000] {processor.py:830} INFO - Processing file /opt/airflow/dags/etl_timeseries_csv_pipeline.py for tasks to queue
[2025-10-09T13:19:00.615+0000] {logging_mixin.py:188} INFO - [2025-10-09T13:19:00.615+0000] {dagbag.py:545} INFO - Filling up the DagBag from /opt/airflow/dags/etl_timeseries_csv_pipeline.py
[2025-10-09T13:19:00.632+0000] {processor.py:840} INFO - DAG(s) 'etl_pipeline' retrieved from /opt/airflow/dags/etl_timeseries_csv_pipeline.py
[2025-10-09T13:19:00.654+0000] {logging_mixin.py:188} INFO - [2025-10-09T13:19:00.654+0000] {dag.py:3096} INFO - Sync 1 DAGs
[2025-10-09T13:19:00.675+0000] {logging_mixin.py:188} INFO - [2025-10-09T13:19:00.674+0000] {dag.py:3954} INFO - Setting next_dagrun for etl_pipeline to 2025-10-08 00:00:00+00:00, run_after=2025-10-09 00:00:00+00:00
[2025-10-09T13:19:00.703+0000] {processor.py:183} INFO - Processing /opt/airflow/dags/etl_timeseries_csv_pipeline.py took 0.094 seconds
[2025-10-09T13:19:30.876+0000] {processor.py:161} INFO - Started process (PID=1758) to work on /opt/airflow/dags/etl_timeseries_csv_pipeline.py
[2025-10-09T13:19:30.876+0000] {processor.py:830} INFO - Processing file /opt/airflow/dags/etl_timeseries_csv_pipeline.py for tasks to queue
[2025-10-09T13:19:30.877+0000] {logging_mixin.py:188} INFO - [2025-10-09T13:19:30.877+0000] {dagbag.py:545} INFO - Filling up the DagBag from /opt/airflow/dags/etl_timeseries_csv_pipeline.py
[2025-10-09T13:19:30.894+0000] {processor.py:840} INFO - DAG(s) 'etl_pipeline' retrieved from /opt/airflow/dags/etl_timeseries_csv_pipeline.py
[2025-10-09T13:19:30.918+0000] {logging_mixin.py:188} INFO - [2025-10-09T13:19:30.917+0000] {dag.py:3096} INFO - Sync 1 DAGs
[2025-10-09T13:19:30.940+0000] {logging_mixin.py:188} INFO - [2025-10-09T13:19:30.939+0000] {dag.py:3954} INFO - Setting next_dagrun for etl_pipeline to 2025-10-08 00:00:00+00:00, run_after=2025-10-09 00:00:00+00:00
[2025-10-09T13:19:30.966+0000] {processor.py:183} INFO - Processing /opt/airflow/dags/etl_timeseries_csv_pipeline.py took 0.095 seconds
[2025-10-09T13:20:01.290+0000] {processor.py:161} INFO - Started process (PID=1770) to work on /opt/airflow/dags/etl_timeseries_csv_pipeline.py
[2025-10-09T13:20:01.291+0000] {processor.py:830} INFO - Processing file /opt/airflow/dags/etl_timeseries_csv_pipeline.py for tasks to queue
[2025-10-09T13:20:01.292+0000] {logging_mixin.py:188} INFO - [2025-10-09T13:20:01.292+0000] {dagbag.py:545} INFO - Filling up the DagBag from /opt/airflow/dags/etl_timeseries_csv_pipeline.py
[2025-10-09T13:20:01.314+0000] {processor.py:840} INFO - DAG(s) 'etl_pipeline' retrieved from /opt/airflow/dags/etl_timeseries_csv_pipeline.py
[2025-10-09T13:20:01.346+0000] {logging_mixin.py:188} INFO - [2025-10-09T13:20:01.345+0000] {dag.py:3096} INFO - Sync 1 DAGs
[2025-10-09T13:20:01.380+0000] {logging_mixin.py:188} INFO - [2025-10-09T13:20:01.379+0000] {dag.py:3954} INFO - Setting next_dagrun for etl_pipeline to 2025-10-08 00:00:00+00:00, run_after=2025-10-09 00:00:00+00:00
[2025-10-09T13:20:01.411+0000] {processor.py:183} INFO - Processing /opt/airflow/dags/etl_timeseries_csv_pipeline.py took 0.125 seconds
[2025-10-09T13:20:31.557+0000] {processor.py:161} INFO - Started process (PID=1782) to work on /opt/airflow/dags/etl_timeseries_csv_pipeline.py
[2025-10-09T13:20:31.558+0000] {processor.py:830} INFO - Processing file /opt/airflow/dags/etl_timeseries_csv_pipeline.py for tasks to queue
[2025-10-09T13:20:31.559+0000] {logging_mixin.py:188} INFO - [2025-10-09T13:20:31.559+0000] {dagbag.py:545} INFO - Filling up the DagBag from /opt/airflow/dags/etl_timeseries_csv_pipeline.py
[2025-10-09T13:20:31.578+0000] {processor.py:840} INFO - DAG(s) 'etl_pipeline' retrieved from /opt/airflow/dags/etl_timeseries_csv_pipeline.py
[2025-10-09T13:20:31.606+0000] {logging_mixin.py:188} INFO - [2025-10-09T13:20:31.605+0000] {dag.py:3096} INFO - Sync 1 DAGs
[2025-10-09T13:20:31.634+0000] {logging_mixin.py:188} INFO - [2025-10-09T13:20:31.634+0000] {dag.py:3954} INFO - Setting next_dagrun for etl_pipeline to 2025-10-08 00:00:00+00:00, run_after=2025-10-09 00:00:00+00:00
[2025-10-09T13:20:31.662+0000] {processor.py:183} INFO - Processing /opt/airflow/dags/etl_timeseries_csv_pipeline.py took 0.109 seconds
[2025-10-09T13:21:01.777+0000] {processor.py:161} INFO - Started process (PID=1794) to work on /opt/airflow/dags/etl_timeseries_csv_pipeline.py
[2025-10-09T13:21:01.777+0000] {processor.py:830} INFO - Processing file /opt/airflow/dags/etl_timeseries_csv_pipeline.py for tasks to queue
[2025-10-09T13:21:01.779+0000] {logging_mixin.py:188} INFO - [2025-10-09T13:21:01.779+0000] {dagbag.py:545} INFO - Filling up the DagBag from /opt/airflow/dags/etl_timeseries_csv_pipeline.py
[2025-10-09T13:21:01.801+0000] {processor.py:840} INFO - DAG(s) 'etl_pipeline' retrieved from /opt/airflow/dags/etl_timeseries_csv_pipeline.py
[2025-10-09T13:21:01.831+0000] {logging_mixin.py:188} INFO - [2025-10-09T13:21:01.830+0000] {dag.py:3096} INFO - Sync 1 DAGs
[2025-10-09T13:21:01.849+0000] {logging_mixin.py:188} INFO - [2025-10-09T13:21:01.849+0000] {dag.py:3954} INFO - Setting next_dagrun for etl_pipeline to 2025-10-08 00:00:00+00:00, run_after=2025-10-09 00:00:00+00:00
[2025-10-09T13:21:01.870+0000] {processor.py:183} INFO - Processing /opt/airflow/dags/etl_timeseries_csv_pipeline.py took 0.098 seconds
[2025-10-09T13:21:32.065+0000] {processor.py:161} INFO - Started process (PID=1806) to work on /opt/airflow/dags/etl_timeseries_csv_pipeline.py
[2025-10-09T13:21:32.066+0000] {processor.py:830} INFO - Processing file /opt/airflow/dags/etl_timeseries_csv_pipeline.py for tasks to queue
[2025-10-09T13:21:32.066+0000] {logging_mixin.py:188} INFO - [2025-10-09T13:21:32.066+0000] {dagbag.py:545} INFO - Filling up the DagBag from /opt/airflow/dags/etl_timeseries_csv_pipeline.py
[2025-10-09T13:21:32.087+0000] {processor.py:840} INFO - DAG(s) 'etl_pipeline' retrieved from /opt/airflow/dags/etl_timeseries_csv_pipeline.py
[2025-10-09T13:21:32.111+0000] {logging_mixin.py:188} INFO - [2025-10-09T13:21:32.111+0000] {dag.py:3096} INFO - Sync 1 DAGs
[2025-10-09T13:21:32.135+0000] {logging_mixin.py:188} INFO - [2025-10-09T13:21:32.135+0000] {dag.py:3954} INFO - Setting next_dagrun for etl_pipeline to 2025-10-08 00:00:00+00:00, run_after=2025-10-09 00:00:00+00:00
[2025-10-09T13:21:32.163+0000] {processor.py:183} INFO - Processing /opt/airflow/dags/etl_timeseries_csv_pipeline.py took 0.102 seconds
[2025-10-09T13:22:02.254+0000] {processor.py:161} INFO - Started process (PID=1825) to work on /opt/airflow/dags/etl_timeseries_csv_pipeline.py
[2025-10-09T13:22:02.255+0000] {processor.py:830} INFO - Processing file /opt/airflow/dags/etl_timeseries_csv_pipeline.py for tasks to queue
[2025-10-09T13:22:02.256+0000] {logging_mixin.py:188} INFO - [2025-10-09T13:22:02.255+0000] {dagbag.py:545} INFO - Filling up the DagBag from /opt/airflow/dags/etl_timeseries_csv_pipeline.py
[2025-10-09T13:22:02.271+0000] {processor.py:840} INFO - DAG(s) 'etl_pipeline' retrieved from /opt/airflow/dags/etl_timeseries_csv_pipeline.py
[2025-10-09T13:22:02.294+0000] {logging_mixin.py:188} INFO - [2025-10-09T13:22:02.294+0000] {dag.py:3096} INFO - Sync 1 DAGs
[2025-10-09T13:22:02.318+0000] {logging_mixin.py:188} INFO - [2025-10-09T13:22:02.318+0000] {dag.py:3954} INFO - Setting next_dagrun for etl_pipeline to 2025-10-08 00:00:00+00:00, run_after=2025-10-09 00:00:00+00:00
[2025-10-09T13:22:02.341+0000] {processor.py:183} INFO - Processing /opt/airflow/dags/etl_timeseries_csv_pipeline.py took 0.091 seconds
[2025-10-09T13:22:32.572+0000] {processor.py:161} INFO - Started process (PID=1837) to work on /opt/airflow/dags/etl_timeseries_csv_pipeline.py
[2025-10-09T13:22:32.572+0000] {processor.py:830} INFO - Processing file /opt/airflow/dags/etl_timeseries_csv_pipeline.py for tasks to queue
[2025-10-09T13:22:32.573+0000] {logging_mixin.py:188} INFO - [2025-10-09T13:22:32.573+0000] {dagbag.py:545} INFO - Filling up the DagBag from /opt/airflow/dags/etl_timeseries_csv_pipeline.py
[2025-10-09T13:22:32.590+0000] {processor.py:840} INFO - DAG(s) 'etl_pipeline' retrieved from /opt/airflow/dags/etl_timeseries_csv_pipeline.py
[2025-10-09T13:22:32.614+0000] {logging_mixin.py:188} INFO - [2025-10-09T13:22:32.613+0000] {dag.py:3096} INFO - Sync 1 DAGs
[2025-10-09T13:22:32.642+0000] {logging_mixin.py:188} INFO - [2025-10-09T13:22:32.641+0000] {dag.py:3954} INFO - Setting next_dagrun for etl_pipeline to 2025-10-08 00:00:00+00:00, run_after=2025-10-09 00:00:00+00:00
[2025-10-09T13:22:32.668+0000] {processor.py:183} INFO - Processing /opt/airflow/dags/etl_timeseries_csv_pipeline.py took 0.100 seconds
[2025-10-09T13:23:02.964+0000] {processor.py:161} INFO - Started process (PID=1849) to work on /opt/airflow/dags/etl_timeseries_csv_pipeline.py
[2025-10-09T13:23:02.965+0000] {processor.py:830} INFO - Processing file /opt/airflow/dags/etl_timeseries_csv_pipeline.py for tasks to queue
[2025-10-09T13:23:02.967+0000] {logging_mixin.py:188} INFO - [2025-10-09T13:23:02.966+0000] {dagbag.py:545} INFO - Filling up the DagBag from /opt/airflow/dags/etl_timeseries_csv_pipeline.py
[2025-10-09T13:23:02.989+0000] {processor.py:840} INFO - DAG(s) 'etl_pipeline' retrieved from /opt/airflow/dags/etl_timeseries_csv_pipeline.py
[2025-10-09T13:23:03.013+0000] {logging_mixin.py:188} INFO - [2025-10-09T13:23:03.012+0000] {dag.py:3096} INFO - Sync 1 DAGs
[2025-10-09T13:23:03.032+0000] {logging_mixin.py:188} INFO - [2025-10-09T13:23:03.032+0000] {dag.py:3954} INFO - Setting next_dagrun for etl_pipeline to 2025-10-08 00:00:00+00:00, run_after=2025-10-09 00:00:00+00:00
[2025-10-09T13:23:03.057+0000] {processor.py:183} INFO - Processing /opt/airflow/dags/etl_timeseries_csv_pipeline.py took 0.097 seconds
[2025-10-09T13:23:33.232+0000] {processor.py:161} INFO - Started process (PID=1861) to work on /opt/airflow/dags/etl_timeseries_csv_pipeline.py
[2025-10-09T13:23:33.233+0000] {processor.py:830} INFO - Processing file /opt/airflow/dags/etl_timeseries_csv_pipeline.py for tasks to queue
[2025-10-09T13:23:33.233+0000] {logging_mixin.py:188} INFO - [2025-10-09T13:23:33.233+0000] {dagbag.py:545} INFO - Filling up the DagBag from /opt/airflow/dags/etl_timeseries_csv_pipeline.py
[2025-10-09T13:23:33.250+0000] {processor.py:840} INFO - DAG(s) 'etl_pipeline' retrieved from /opt/airflow/dags/etl_timeseries_csv_pipeline.py
[2025-10-09T13:23:33.273+0000] {logging_mixin.py:188} INFO - [2025-10-09T13:23:33.273+0000] {dag.py:3096} INFO - Sync 1 DAGs
[2025-10-09T13:23:33.292+0000] {logging_mixin.py:188} INFO - [2025-10-09T13:23:33.292+0000] {dag.py:3954} INFO - Setting next_dagrun for etl_pipeline to 2025-10-08 00:00:00+00:00, run_after=2025-10-09 00:00:00+00:00
[2025-10-09T13:23:33.314+0000] {processor.py:183} INFO - Processing /opt/airflow/dags/etl_timeseries_csv_pipeline.py took 0.086 seconds
[2025-10-09T13:24:03.996+0000] {processor.py:161} INFO - Started process (PID=1873) to work on /opt/airflow/dags/etl_timeseries_csv_pipeline.py
[2025-10-09T13:24:03.997+0000] {processor.py:830} INFO - Processing file /opt/airflow/dags/etl_timeseries_csv_pipeline.py for tasks to queue
[2025-10-09T13:24:03.998+0000] {logging_mixin.py:188} INFO - [2025-10-09T13:24:03.997+0000] {dagbag.py:545} INFO - Filling up the DagBag from /opt/airflow/dags/etl_timeseries_csv_pipeline.py
[2025-10-09T13:24:04.014+0000] {processor.py:840} INFO - DAG(s) 'etl_pipeline' retrieved from /opt/airflow/dags/etl_timeseries_csv_pipeline.py
[2025-10-09T13:24:04.036+0000] {logging_mixin.py:188} INFO - [2025-10-09T13:24:04.035+0000] {dag.py:3096} INFO - Sync 1 DAGs
[2025-10-09T13:24:04.053+0000] {logging_mixin.py:188} INFO - [2025-10-09T13:24:04.053+0000] {dag.py:3954} INFO - Setting next_dagrun for etl_pipeline to 2025-10-08 00:00:00+00:00, run_after=2025-10-09 00:00:00+00:00
[2025-10-09T13:24:04.081+0000] {processor.py:183} INFO - Processing /opt/airflow/dags/etl_timeseries_csv_pipeline.py took 0.091 seconds
[2025-10-09T13:24:34.506+0000] {processor.py:161} INFO - Started process (PID=1883) to work on /opt/airflow/dags/etl_timeseries_csv_pipeline.py
[2025-10-09T13:24:34.507+0000] {processor.py:830} INFO - Processing file /opt/airflow/dags/etl_timeseries_csv_pipeline.py for tasks to queue
[2025-10-09T13:24:34.508+0000] {logging_mixin.py:188} INFO - [2025-10-09T13:24:34.508+0000] {dagbag.py:545} INFO - Filling up the DagBag from /opt/airflow/dags/etl_timeseries_csv_pipeline.py
[2025-10-09T13:24:34.535+0000] {processor.py:840} INFO - DAG(s) 'etl_pipeline' retrieved from /opt/airflow/dags/etl_timeseries_csv_pipeline.py
[2025-10-09T13:24:34.577+0000] {logging_mixin.py:188} INFO - [2025-10-09T13:24:34.576+0000] {dag.py:3096} INFO - Sync 1 DAGs
[2025-10-09T13:24:34.598+0000] {logging_mixin.py:188} INFO - [2025-10-09T13:24:34.598+0000] {dag.py:3954} INFO - Setting next_dagrun for etl_pipeline to 2025-10-08 00:00:00+00:00, run_after=2025-10-09 00:00:00+00:00
[2025-10-09T13:24:34.619+0000] {processor.py:183} INFO - Processing /opt/airflow/dags/etl_timeseries_csv_pipeline.py took 0.118 seconds
[2025-10-09T13:25:04.966+0000] {processor.py:161} INFO - Started process (PID=1893) to work on /opt/airflow/dags/etl_timeseries_csv_pipeline.py
[2025-10-09T13:25:04.966+0000] {processor.py:830} INFO - Processing file /opt/airflow/dags/etl_timeseries_csv_pipeline.py for tasks to queue
[2025-10-09T13:25:04.967+0000] {logging_mixin.py:188} INFO - [2025-10-09T13:25:04.967+0000] {dagbag.py:545} INFO - Filling up the DagBag from /opt/airflow/dags/etl_timeseries_csv_pipeline.py
[2025-10-09T13:25:04.982+0000] {processor.py:840} INFO - DAG(s) 'etl_pipeline' retrieved from /opt/airflow/dags/etl_timeseries_csv_pipeline.py
[2025-10-09T13:25:05.005+0000] {logging_mixin.py:188} INFO - [2025-10-09T13:25:05.005+0000] {dag.py:3096} INFO - Sync 1 DAGs
[2025-10-09T13:25:05.022+0000] {logging_mixin.py:188} INFO - [2025-10-09T13:25:05.022+0000] {dag.py:3954} INFO - Setting next_dagrun for etl_pipeline to 2025-10-08 00:00:00+00:00, run_after=2025-10-09 00:00:00+00:00
[2025-10-09T13:25:05.043+0000] {processor.py:183} INFO - Processing /opt/airflow/dags/etl_timeseries_csv_pipeline.py took 0.082 seconds
[2025-10-09T13:25:35.196+0000] {processor.py:161} INFO - Started process (PID=1902) to work on /opt/airflow/dags/etl_timeseries_csv_pipeline.py
[2025-10-09T13:25:35.197+0000] {processor.py:830} INFO - Processing file /opt/airflow/dags/etl_timeseries_csv_pipeline.py for tasks to queue
[2025-10-09T13:25:35.198+0000] {logging_mixin.py:188} INFO - [2025-10-09T13:25:35.198+0000] {dagbag.py:545} INFO - Filling up the DagBag from /opt/airflow/dags/etl_timeseries_csv_pipeline.py
[2025-10-09T13:25:35.219+0000] {processor.py:840} INFO - DAG(s) 'etl_pipeline' retrieved from /opt/airflow/dags/etl_timeseries_csv_pipeline.py
[2025-10-09T13:25:35.252+0000] {logging_mixin.py:188} INFO - [2025-10-09T13:25:35.252+0000] {dag.py:3096} INFO - Sync 1 DAGs
[2025-10-09T13:25:35.273+0000] {logging_mixin.py:188} INFO - [2025-10-09T13:25:35.272+0000] {dag.py:3954} INFO - Setting next_dagrun for etl_pipeline to 2025-10-08 00:00:00+00:00, run_after=2025-10-09 00:00:00+00:00
[2025-10-09T13:25:35.303+0000] {processor.py:183} INFO - Processing /opt/airflow/dags/etl_timeseries_csv_pipeline.py took 0.112 seconds
[2025-10-09T13:26:05.466+0000] {processor.py:161} INFO - Started process (PID=1914) to work on /opt/airflow/dags/etl_timeseries_csv_pipeline.py
[2025-10-09T13:26:05.467+0000] {processor.py:830} INFO - Processing file /opt/airflow/dags/etl_timeseries_csv_pipeline.py for tasks to queue
[2025-10-09T13:26:05.468+0000] {logging_mixin.py:188} INFO - [2025-10-09T13:26:05.468+0000] {dagbag.py:545} INFO - Filling up the DagBag from /opt/airflow/dags/etl_timeseries_csv_pipeline.py
[2025-10-09T13:26:05.487+0000] {processor.py:840} INFO - DAG(s) 'etl_pipeline' retrieved from /opt/airflow/dags/etl_timeseries_csv_pipeline.py
[2025-10-09T13:26:05.514+0000] {logging_mixin.py:188} INFO - [2025-10-09T13:26:05.514+0000] {dag.py:3096} INFO - Sync 1 DAGs
[2025-10-09T13:26:05.535+0000] {logging_mixin.py:188} INFO - [2025-10-09T13:26:05.535+0000] {dag.py:3954} INFO - Setting next_dagrun for etl_pipeline to 2025-10-08 00:00:00+00:00, run_after=2025-10-09 00:00:00+00:00
[2025-10-09T13:26:05.555+0000] {processor.py:183} INFO - Processing /opt/airflow/dags/etl_timeseries_csv_pipeline.py took 0.095 seconds
[2025-10-09T13:26:35.907+0000] {processor.py:161} INFO - Started process (PID=1926) to work on /opt/airflow/dags/etl_timeseries_csv_pipeline.py
[2025-10-09T13:26:35.907+0000] {processor.py:830} INFO - Processing file /opt/airflow/dags/etl_timeseries_csv_pipeline.py for tasks to queue
[2025-10-09T13:26:35.908+0000] {logging_mixin.py:188} INFO - [2025-10-09T13:26:35.908+0000] {dagbag.py:545} INFO - Filling up the DagBag from /opt/airflow/dags/etl_timeseries_csv_pipeline.py
[2025-10-09T13:26:35.924+0000] {processor.py:840} INFO - DAG(s) 'etl_pipeline' retrieved from /opt/airflow/dags/etl_timeseries_csv_pipeline.py
[2025-10-09T13:26:35.943+0000] {logging_mixin.py:188} INFO - [2025-10-09T13:26:35.943+0000] {dag.py:3096} INFO - Sync 1 DAGs
[2025-10-09T13:26:35.960+0000] {logging_mixin.py:188} INFO - [2025-10-09T13:26:35.960+0000] {dag.py:3954} INFO - Setting next_dagrun for etl_pipeline to 2025-10-08 00:00:00+00:00, run_after=2025-10-09 00:00:00+00:00
[2025-10-09T13:26:35.981+0000] {processor.py:183} INFO - Processing /opt/airflow/dags/etl_timeseries_csv_pipeline.py took 0.078 seconds
[2025-10-09T13:27:06.065+0000] {processor.py:161} INFO - Started process (PID=1938) to work on /opt/airflow/dags/etl_timeseries_csv_pipeline.py
[2025-10-09T13:27:06.065+0000] {processor.py:830} INFO - Processing file /opt/airflow/dags/etl_timeseries_csv_pipeline.py for tasks to queue
[2025-10-09T13:27:06.066+0000] {logging_mixin.py:188} INFO - [2025-10-09T13:27:06.066+0000] {dagbag.py:545} INFO - Filling up the DagBag from /opt/airflow/dags/etl_timeseries_csv_pipeline.py
[2025-10-09T13:27:06.084+0000] {processor.py:840} INFO - DAG(s) 'etl_pipeline' retrieved from /opt/airflow/dags/etl_timeseries_csv_pipeline.py
[2025-10-09T13:27:06.116+0000] {logging_mixin.py:188} INFO - [2025-10-09T13:27:06.115+0000] {dag.py:3096} INFO - Sync 1 DAGs
[2025-10-09T13:27:06.140+0000] {logging_mixin.py:188} INFO - [2025-10-09T13:27:06.140+0000] {dag.py:3954} INFO - Setting next_dagrun for etl_pipeline to 2025-10-08 00:00:00+00:00, run_after=2025-10-09 00:00:00+00:00
[2025-10-09T13:27:06.168+0000] {processor.py:183} INFO - Processing /opt/airflow/dags/etl_timeseries_csv_pipeline.py took 0.107 seconds
[2025-10-09T13:27:36.304+0000] {processor.py:161} INFO - Started process (PID=1950) to work on /opt/airflow/dags/etl_timeseries_csv_pipeline.py
[2025-10-09T13:27:36.305+0000] {processor.py:830} INFO - Processing file /opt/airflow/dags/etl_timeseries_csv_pipeline.py for tasks to queue
[2025-10-09T13:27:36.305+0000] {logging_mixin.py:188} INFO - [2025-10-09T13:27:36.305+0000] {dagbag.py:545} INFO - Filling up the DagBag from /opt/airflow/dags/etl_timeseries_csv_pipeline.py
[2025-10-09T13:27:36.321+0000] {processor.py:840} INFO - DAG(s) 'etl_pipeline' retrieved from /opt/airflow/dags/etl_timeseries_csv_pipeline.py
[2025-10-09T13:27:36.344+0000] {logging_mixin.py:188} INFO - [2025-10-09T13:27:36.344+0000] {dag.py:3096} INFO - Sync 1 DAGs
[2025-10-09T13:27:36.364+0000] {logging_mixin.py:188} INFO - [2025-10-09T13:27:36.364+0000] {dag.py:3954} INFO - Setting next_dagrun for etl_pipeline to 2025-10-08 00:00:00+00:00, run_after=2025-10-09 00:00:00+00:00
[2025-10-09T13:27:36.385+0000] {processor.py:183} INFO - Processing /opt/airflow/dags/etl_timeseries_csv_pipeline.py took 0.086 seconds
[2025-10-09T13:28:07.085+0000] {processor.py:161} INFO - Started process (PID=1962) to work on /opt/airflow/dags/etl_timeseries_csv_pipeline.py
[2025-10-09T13:28:07.086+0000] {processor.py:830} INFO - Processing file /opt/airflow/dags/etl_timeseries_csv_pipeline.py for tasks to queue
[2025-10-09T13:28:07.086+0000] {logging_mixin.py:188} INFO - [2025-10-09T13:28:07.086+0000] {dagbag.py:545} INFO - Filling up the DagBag from /opt/airflow/dags/etl_timeseries_csv_pipeline.py
[2025-10-09T13:28:07.102+0000] {processor.py:840} INFO - DAG(s) 'etl_pipeline' retrieved from /opt/airflow/dags/etl_timeseries_csv_pipeline.py
[2025-10-09T13:28:07.123+0000] {logging_mixin.py:188} INFO - [2025-10-09T13:28:07.123+0000] {dag.py:3096} INFO - Sync 1 DAGs
[2025-10-09T13:28:07.143+0000] {logging_mixin.py:188} INFO - [2025-10-09T13:28:07.143+0000] {dag.py:3954} INFO - Setting next_dagrun for etl_pipeline to 2025-10-08 00:00:00+00:00, run_after=2025-10-09 00:00:00+00:00
[2025-10-09T13:28:07.168+0000] {processor.py:183} INFO - Processing /opt/airflow/dags/etl_timeseries_csv_pipeline.py took 0.087 seconds
[2025-10-09T13:28:37.557+0000] {processor.py:161} INFO - Started process (PID=1974) to work on /opt/airflow/dags/etl_timeseries_csv_pipeline.py
[2025-10-09T13:28:37.558+0000] {processor.py:830} INFO - Processing file /opt/airflow/dags/etl_timeseries_csv_pipeline.py for tasks to queue
[2025-10-09T13:28:37.559+0000] {logging_mixin.py:188} INFO - [2025-10-09T13:28:37.559+0000] {dagbag.py:545} INFO - Filling up the DagBag from /opt/airflow/dags/etl_timeseries_csv_pipeline.py
[2025-10-09T13:28:37.578+0000] {processor.py:840} INFO - DAG(s) 'etl_pipeline' retrieved from /opt/airflow/dags/etl_timeseries_csv_pipeline.py
[2025-10-09T13:28:37.609+0000] {logging_mixin.py:188} INFO - [2025-10-09T13:28:37.609+0000] {dag.py:3096} INFO - Sync 1 DAGs
[2025-10-09T13:28:37.642+0000] {logging_mixin.py:188} INFO - [2025-10-09T13:28:37.641+0000] {dag.py:3954} INFO - Setting next_dagrun for etl_pipeline to 2025-10-08 00:00:00+00:00, run_after=2025-10-09 00:00:00+00:00
[2025-10-09T13:28:37.665+0000] {processor.py:183} INFO - Processing /opt/airflow/dags/etl_timeseries_csv_pipeline.py took 0.112 seconds
[2025-10-09T13:29:08.762+0000] {processor.py:161} INFO - Started process (PID=1986) to work on /opt/airflow/dags/etl_timeseries_csv_pipeline.py
[2025-10-09T13:29:08.762+0000] {processor.py:830} INFO - Processing file /opt/airflow/dags/etl_timeseries_csv_pipeline.py for tasks to queue
[2025-10-09T13:29:08.763+0000] {logging_mixin.py:188} INFO - [2025-10-09T13:29:08.763+0000] {dagbag.py:545} INFO - Filling up the DagBag from /opt/airflow/dags/etl_timeseries_csv_pipeline.py
[2025-10-09T13:29:08.780+0000] {processor.py:840} INFO - DAG(s) 'etl_pipeline' retrieved from /opt/airflow/dags/etl_timeseries_csv_pipeline.py
[2025-10-09T13:29:08.803+0000] {logging_mixin.py:188} INFO - [2025-10-09T13:29:08.802+0000] {dag.py:3096} INFO - Sync 1 DAGs
[2025-10-09T13:29:08.823+0000] {logging_mixin.py:188} INFO - [2025-10-09T13:29:08.823+0000] {dag.py:3954} INFO - Setting next_dagrun for etl_pipeline to 2025-10-08 00:00:00+00:00, run_after=2025-10-09 00:00:00+00:00
[2025-10-09T13:29:08.847+0000] {processor.py:183} INFO - Processing /opt/airflow/dags/etl_timeseries_csv_pipeline.py took 0.089 seconds
[2025-10-09T13:29:39.703+0000] {processor.py:161} INFO - Started process (PID=1998) to work on /opt/airflow/dags/etl_timeseries_csv_pipeline.py
[2025-10-09T13:29:39.704+0000] {processor.py:830} INFO - Processing file /opt/airflow/dags/etl_timeseries_csv_pipeline.py for tasks to queue
[2025-10-09T13:29:39.705+0000] {logging_mixin.py:188} INFO - [2025-10-09T13:29:39.705+0000] {dagbag.py:545} INFO - Filling up the DagBag from /opt/airflow/dags/etl_timeseries_csv_pipeline.py
[2025-10-09T13:29:39.720+0000] {processor.py:840} INFO - DAG(s) 'etl_pipeline' retrieved from /opt/airflow/dags/etl_timeseries_csv_pipeline.py
[2025-10-09T13:29:39.749+0000] {logging_mixin.py:188} INFO - [2025-10-09T13:29:39.749+0000] {dag.py:3096} INFO - Sync 1 DAGs
[2025-10-09T13:29:39.768+0000] {logging_mixin.py:188} INFO - [2025-10-09T13:29:39.768+0000] {dag.py:3954} INFO - Setting next_dagrun for etl_pipeline to 2025-10-08 00:00:00+00:00, run_after=2025-10-09 00:00:00+00:00
[2025-10-09T13:29:39.794+0000] {processor.py:183} INFO - Processing /opt/airflow/dags/etl_timeseries_csv_pipeline.py took 0.096 seconds
[2025-10-09T13:30:10.392+0000] {processor.py:161} INFO - Started process (PID=2010) to work on /opt/airflow/dags/etl_timeseries_csv_pipeline.py
[2025-10-09T13:30:10.392+0000] {processor.py:830} INFO - Processing file /opt/airflow/dags/etl_timeseries_csv_pipeline.py for tasks to queue
[2025-10-09T13:30:10.393+0000] {logging_mixin.py:188} INFO - [2025-10-09T13:30:10.393+0000] {dagbag.py:545} INFO - Filling up the DagBag from /opt/airflow/dags/etl_timeseries_csv_pipeline.py
[2025-10-09T13:30:10.411+0000] {processor.py:840} INFO - DAG(s) 'etl_pipeline' retrieved from /opt/airflow/dags/etl_timeseries_csv_pipeline.py
[2025-10-09T13:30:10.434+0000] {logging_mixin.py:188} INFO - [2025-10-09T13:30:10.434+0000] {dag.py:3096} INFO - Sync 1 DAGs
[2025-10-09T13:30:10.456+0000] {logging_mixin.py:188} INFO - [2025-10-09T13:30:10.456+0000] {dag.py:3954} INFO - Setting next_dagrun for etl_pipeline to 2025-10-08 00:00:00+00:00, run_after=2025-10-09 00:00:00+00:00
[2025-10-09T13:30:10.486+0000] {processor.py:183} INFO - Processing /opt/airflow/dags/etl_timeseries_csv_pipeline.py took 0.099 seconds
[2025-10-09T13:30:41.832+0000] {processor.py:161} INFO - Started process (PID=2022) to work on /opt/airflow/dags/etl_timeseries_csv_pipeline.py
[2025-10-09T13:30:41.833+0000] {processor.py:830} INFO - Processing file /opt/airflow/dags/etl_timeseries_csv_pipeline.py for tasks to queue
[2025-10-09T13:30:41.833+0000] {logging_mixin.py:188} INFO - [2025-10-09T13:30:41.833+0000] {dagbag.py:545} INFO - Filling up the DagBag from /opt/airflow/dags/etl_timeseries_csv_pipeline.py
[2025-10-09T13:30:41.857+0000] {processor.py:840} INFO - DAG(s) 'etl_pipeline' retrieved from /opt/airflow/dags/etl_timeseries_csv_pipeline.py
[2025-10-09T13:30:41.903+0000] {logging_mixin.py:188} INFO - [2025-10-09T13:30:41.903+0000] {dag.py:3096} INFO - Sync 1 DAGs
[2025-10-09T13:30:41.931+0000] {logging_mixin.py:188} INFO - [2025-10-09T13:30:41.930+0000] {dag.py:3954} INFO - Setting next_dagrun for etl_pipeline to 2025-10-08 00:00:00+00:00, run_after=2025-10-09 00:00:00+00:00
[2025-10-09T13:30:41.957+0000] {processor.py:183} INFO - Processing /opt/airflow/dags/etl_timeseries_csv_pipeline.py took 0.130 seconds
[2025-10-09T13:31:12.286+0000] {processor.py:161} INFO - Started process (PID=2034) to work on /opt/airflow/dags/etl_timeseries_csv_pipeline.py
[2025-10-09T13:31:12.287+0000] {processor.py:830} INFO - Processing file /opt/airflow/dags/etl_timeseries_csv_pipeline.py for tasks to queue
[2025-10-09T13:31:12.287+0000] {logging_mixin.py:188} INFO - [2025-10-09T13:31:12.287+0000] {dagbag.py:545} INFO - Filling up the DagBag from /opt/airflow/dags/etl_timeseries_csv_pipeline.py
[2025-10-09T13:31:12.306+0000] {processor.py:840} INFO - DAG(s) 'etl_pipeline' retrieved from /opt/airflow/dags/etl_timeseries_csv_pipeline.py
[2025-10-09T13:31:12.333+0000] {logging_mixin.py:188} INFO - [2025-10-09T13:31:12.333+0000] {dag.py:3096} INFO - Sync 1 DAGs
[2025-10-09T13:31:12.353+0000] {logging_mixin.py:188} INFO - [2025-10-09T13:31:12.353+0000] {dag.py:3954} INFO - Setting next_dagrun for etl_pipeline to 2025-10-08 00:00:00+00:00, run_after=2025-10-09 00:00:00+00:00
[2025-10-09T13:31:12.387+0000] {processor.py:183} INFO - Processing /opt/airflow/dags/etl_timeseries_csv_pipeline.py took 0.105 seconds
[2025-10-09T13:31:43.207+0000] {processor.py:161} INFO - Started process (PID=2046) to work on /opt/airflow/dags/etl_timeseries_csv_pipeline.py
[2025-10-09T13:31:43.208+0000] {processor.py:830} INFO - Processing file /opt/airflow/dags/etl_timeseries_csv_pipeline.py for tasks to queue
[2025-10-09T13:31:43.209+0000] {logging_mixin.py:188} INFO - [2025-10-09T13:31:43.209+0000] {dagbag.py:545} INFO - Filling up the DagBag from /opt/airflow/dags/etl_timeseries_csv_pipeline.py
[2025-10-09T13:31:43.224+0000] {processor.py:840} INFO - DAG(s) 'etl_pipeline' retrieved from /opt/airflow/dags/etl_timeseries_csv_pipeline.py
[2025-10-09T13:31:43.247+0000] {logging_mixin.py:188} INFO - [2025-10-09T13:31:43.246+0000] {dag.py:3096} INFO - Sync 1 DAGs
[2025-10-09T13:31:43.270+0000] {logging_mixin.py:188} INFO - [2025-10-09T13:31:43.270+0000] {dag.py:3954} INFO - Setting next_dagrun for etl_pipeline to 2025-10-08 00:00:00+00:00, run_after=2025-10-09 00:00:00+00:00
[2025-10-09T13:31:43.293+0000] {processor.py:183} INFO - Processing /opt/airflow/dags/etl_timeseries_csv_pipeline.py took 0.090 seconds
[2025-10-09T13:32:13.878+0000] {processor.py:161} INFO - Started process (PID=2058) to work on /opt/airflow/dags/etl_timeseries_csv_pipeline.py
[2025-10-09T13:32:13.878+0000] {processor.py:830} INFO - Processing file /opt/airflow/dags/etl_timeseries_csv_pipeline.py for tasks to queue
[2025-10-09T13:32:13.879+0000] {logging_mixin.py:188} INFO - [2025-10-09T13:32:13.879+0000] {dagbag.py:545} INFO - Filling up the DagBag from /opt/airflow/dags/etl_timeseries_csv_pipeline.py
[2025-10-09T13:32:13.895+0000] {processor.py:840} INFO - DAG(s) 'etl_pipeline' retrieved from /opt/airflow/dags/etl_timeseries_csv_pipeline.py
[2025-10-09T13:32:13.918+0000] {logging_mixin.py:188} INFO - [2025-10-09T13:32:13.917+0000] {dag.py:3096} INFO - Sync 1 DAGs
[2025-10-09T13:32:13.940+0000] {logging_mixin.py:188} INFO - [2025-10-09T13:32:13.940+0000] {dag.py:3954} INFO - Setting next_dagrun for etl_pipeline to 2025-10-08 00:00:00+00:00, run_after=2025-10-09 00:00:00+00:00
[2025-10-09T13:32:13.966+0000] {processor.py:183} INFO - Processing /opt/airflow/dags/etl_timeseries_csv_pipeline.py took 0.094 seconds
[2025-10-09T13:32:45.129+0000] {processor.py:161} INFO - Started process (PID=2070) to work on /opt/airflow/dags/etl_timeseries_csv_pipeline.py
[2025-10-09T13:32:45.130+0000] {processor.py:830} INFO - Processing file /opt/airflow/dags/etl_timeseries_csv_pipeline.py for tasks to queue
[2025-10-09T13:32:45.130+0000] {logging_mixin.py:188} INFO - [2025-10-09T13:32:45.130+0000] {dagbag.py:545} INFO - Filling up the DagBag from /opt/airflow/dags/etl_timeseries_csv_pipeline.py
[2025-10-09T13:32:45.147+0000] {processor.py:840} INFO - DAG(s) 'etl_pipeline' retrieved from /opt/airflow/dags/etl_timeseries_csv_pipeline.py
[2025-10-09T13:32:45.172+0000] {logging_mixin.py:188} INFO - [2025-10-09T13:32:45.171+0000] {dag.py:3096} INFO - Sync 1 DAGs
[2025-10-09T13:32:45.195+0000] {logging_mixin.py:188} INFO - [2025-10-09T13:32:45.195+0000] {dag.py:3954} INFO - Setting next_dagrun for etl_pipeline to 2025-10-08 00:00:00+00:00, run_after=2025-10-09 00:00:00+00:00
[2025-10-09T13:32:45.216+0000] {processor.py:183} INFO - Processing /opt/airflow/dags/etl_timeseries_csv_pipeline.py took 0.091 seconds
[2025-10-09T13:33:16.241+0000] {processor.py:161} INFO - Started process (PID=2082) to work on /opt/airflow/dags/etl_timeseries_csv_pipeline.py
[2025-10-09T13:33:16.241+0000] {processor.py:830} INFO - Processing file /opt/airflow/dags/etl_timeseries_csv_pipeline.py for tasks to queue
[2025-10-09T13:33:16.242+0000] {logging_mixin.py:188} INFO - [2025-10-09T13:33:16.242+0000] {dagbag.py:545} INFO - Filling up the DagBag from /opt/airflow/dags/etl_timeseries_csv_pipeline.py
[2025-10-09T13:33:16.258+0000] {processor.py:840} INFO - DAG(s) 'etl_pipeline' retrieved from /opt/airflow/dags/etl_timeseries_csv_pipeline.py
[2025-10-09T13:33:16.284+0000] {logging_mixin.py:188} INFO - [2025-10-09T13:33:16.284+0000] {dag.py:3096} INFO - Sync 1 DAGs
[2025-10-09T13:33:16.313+0000] {logging_mixin.py:188} INFO - [2025-10-09T13:33:16.313+0000] {dag.py:3954} INFO - Setting next_dagrun for etl_pipeline to 2025-10-08 00:00:00+00:00, run_after=2025-10-09 00:00:00+00:00
[2025-10-09T13:33:16.342+0000] {processor.py:183} INFO - Processing /opt/airflow/dags/etl_timeseries_csv_pipeline.py took 0.106 seconds
[2025-10-09T13:33:47.167+0000] {processor.py:161} INFO - Started process (PID=2094) to work on /opt/airflow/dags/etl_timeseries_csv_pipeline.py
[2025-10-09T13:33:47.168+0000] {processor.py:830} INFO - Processing file /opt/airflow/dags/etl_timeseries_csv_pipeline.py for tasks to queue
[2025-10-09T13:33:47.169+0000] {logging_mixin.py:188} INFO - [2025-10-09T13:33:47.169+0000] {dagbag.py:545} INFO - Filling up the DagBag from /opt/airflow/dags/etl_timeseries_csv_pipeline.py
[2025-10-09T13:33:47.191+0000] {processor.py:840} INFO - DAG(s) 'etl_pipeline' retrieved from /opt/airflow/dags/etl_timeseries_csv_pipeline.py
[2025-10-09T13:33:47.226+0000] {logging_mixin.py:188} INFO - [2025-10-09T13:33:47.226+0000] {dag.py:3096} INFO - Sync 1 DAGs
[2025-10-09T13:33:47.245+0000] {logging_mixin.py:188} INFO - [2025-10-09T13:33:47.245+0000] {dag.py:3954} INFO - Setting next_dagrun for etl_pipeline to 2025-10-08 00:00:00+00:00, run_after=2025-10-09 00:00:00+00:00
[2025-10-09T13:33:47.271+0000] {processor.py:183} INFO - Processing /opt/airflow/dags/etl_timeseries_csv_pipeline.py took 0.110 seconds
[2025-10-09T13:34:17.893+0000] {processor.py:161} INFO - Started process (PID=2106) to work on /opt/airflow/dags/etl_timeseries_csv_pipeline.py
[2025-10-09T13:34:17.894+0000] {processor.py:830} INFO - Processing file /opt/airflow/dags/etl_timeseries_csv_pipeline.py for tasks to queue
[2025-10-09T13:34:17.895+0000] {logging_mixin.py:188} INFO - [2025-10-09T13:34:17.895+0000] {dagbag.py:545} INFO - Filling up the DagBag from /opt/airflow/dags/etl_timeseries_csv_pipeline.py
[2025-10-09T13:34:17.911+0000] {processor.py:840} INFO - DAG(s) 'etl_pipeline' retrieved from /opt/airflow/dags/etl_timeseries_csv_pipeline.py
[2025-10-09T13:34:17.934+0000] {logging_mixin.py:188} INFO - [2025-10-09T13:34:17.933+0000] {dag.py:3096} INFO - Sync 1 DAGs
[2025-10-09T13:34:17.961+0000] {logging_mixin.py:188} INFO - [2025-10-09T13:34:17.961+0000] {dag.py:3954} INFO - Setting next_dagrun for etl_pipeline to 2025-10-08 00:00:00+00:00, run_after=2025-10-09 00:00:00+00:00
[2025-10-09T13:34:17.987+0000] {processor.py:183} INFO - Processing /opt/airflow/dags/etl_timeseries_csv_pipeline.py took 0.098 seconds
[2025-10-09T13:34:48.395+0000] {processor.py:161} INFO - Started process (PID=2118) to work on /opt/airflow/dags/etl_timeseries_csv_pipeline.py
[2025-10-09T13:34:48.396+0000] {processor.py:830} INFO - Processing file /opt/airflow/dags/etl_timeseries_csv_pipeline.py for tasks to queue
[2025-10-09T13:34:48.397+0000] {logging_mixin.py:188} INFO - [2025-10-09T13:34:48.396+0000] {dagbag.py:545} INFO - Filling up the DagBag from /opt/airflow/dags/etl_timeseries_csv_pipeline.py
[2025-10-09T13:34:48.415+0000] {processor.py:840} INFO - DAG(s) 'etl_pipeline' retrieved from /opt/airflow/dags/etl_timeseries_csv_pipeline.py
[2025-10-09T13:34:48.441+0000] {logging_mixin.py:188} INFO - [2025-10-09T13:34:48.440+0000] {dag.py:3096} INFO - Sync 1 DAGs
[2025-10-09T13:34:48.470+0000] {logging_mixin.py:188} INFO - [2025-10-09T13:34:48.469+0000] {dag.py:3954} INFO - Setting next_dagrun for etl_pipeline to 2025-10-08 00:00:00+00:00, run_after=2025-10-09 00:00:00+00:00
[2025-10-09T13:34:48.492+0000] {processor.py:183} INFO - Processing /opt/airflow/dags/etl_timeseries_csv_pipeline.py took 0.101 seconds
[2025-10-09T13:35:19.413+0000] {processor.py:161} INFO - Started process (PID=2130) to work on /opt/airflow/dags/etl_timeseries_csv_pipeline.py
[2025-10-09T13:35:19.414+0000] {processor.py:830} INFO - Processing file /opt/airflow/dags/etl_timeseries_csv_pipeline.py for tasks to queue
[2025-10-09T13:35:19.414+0000] {logging_mixin.py:188} INFO - [2025-10-09T13:35:19.414+0000] {dagbag.py:545} INFO - Filling up the DagBag from /opt/airflow/dags/etl_timeseries_csv_pipeline.py
[2025-10-09T13:35:19.430+0000] {processor.py:840} INFO - DAG(s) 'etl_pipeline' retrieved from /opt/airflow/dags/etl_timeseries_csv_pipeline.py
[2025-10-09T13:35:19.452+0000] {logging_mixin.py:188} INFO - [2025-10-09T13:35:19.451+0000] {dag.py:3096} INFO - Sync 1 DAGs
[2025-10-09T13:35:19.482+0000] {logging_mixin.py:188} INFO - [2025-10-09T13:35:19.482+0000] {dag.py:3954} INFO - Setting next_dagrun for etl_pipeline to 2025-10-08 00:00:00+00:00, run_after=2025-10-09 00:00:00+00:00
[2025-10-09T13:35:19.518+0000] {processor.py:183} INFO - Processing /opt/airflow/dags/etl_timeseries_csv_pipeline.py took 0.109 seconds
[2025-10-09T13:35:50.403+0000] {processor.py:161} INFO - Started process (PID=2142) to work on /opt/airflow/dags/etl_timeseries_csv_pipeline.py
[2025-10-09T13:35:50.404+0000] {processor.py:830} INFO - Processing file /opt/airflow/dags/etl_timeseries_csv_pipeline.py for tasks to queue
[2025-10-09T13:35:50.405+0000] {logging_mixin.py:188} INFO - [2025-10-09T13:35:50.405+0000] {dagbag.py:545} INFO - Filling up the DagBag from /opt/airflow/dags/etl_timeseries_csv_pipeline.py
[2025-10-09T13:35:50.425+0000] {processor.py:840} INFO - DAG(s) 'etl_pipeline' retrieved from /opt/airflow/dags/etl_timeseries_csv_pipeline.py
[2025-10-09T13:35:50.451+0000] {logging_mixin.py:188} INFO - [2025-10-09T13:35:50.451+0000] {dag.py:3096} INFO - Sync 1 DAGs
[2025-10-09T13:35:50.471+0000] {logging_mixin.py:188} INFO - [2025-10-09T13:35:50.471+0000] {dag.py:3954} INFO - Setting next_dagrun for etl_pipeline to 2025-10-08 00:00:00+00:00, run_after=2025-10-09 00:00:00+00:00
[2025-10-09T13:35:50.501+0000] {processor.py:183} INFO - Processing /opt/airflow/dags/etl_timeseries_csv_pipeline.py took 0.102 seconds
[2025-10-09T13:36:21.052+0000] {processor.py:161} INFO - Started process (PID=2154) to work on /opt/airflow/dags/etl_timeseries_csv_pipeline.py
[2025-10-09T13:36:21.052+0000] {processor.py:830} INFO - Processing file /opt/airflow/dags/etl_timeseries_csv_pipeline.py for tasks to queue
[2025-10-09T13:36:21.053+0000] {logging_mixin.py:188} INFO - [2025-10-09T13:36:21.053+0000] {dagbag.py:545} INFO - Filling up the DagBag from /opt/airflow/dags/etl_timeseries_csv_pipeline.py
[2025-10-09T13:36:21.072+0000] {processor.py:840} INFO - DAG(s) 'etl_pipeline' retrieved from /opt/airflow/dags/etl_timeseries_csv_pipeline.py
[2025-10-09T13:36:21.098+0000] {logging_mixin.py:188} INFO - [2025-10-09T13:36:21.098+0000] {dag.py:3096} INFO - Sync 1 DAGs
[2025-10-09T13:36:21.124+0000] {logging_mixin.py:188} INFO - [2025-10-09T13:36:21.124+0000] {dag.py:3954} INFO - Setting next_dagrun for etl_pipeline to 2025-10-08 00:00:00+00:00, run_after=2025-10-09 00:00:00+00:00
[2025-10-09T13:36:21.152+0000] {processor.py:183} INFO - Processing /opt/airflow/dags/etl_timeseries_csv_pipeline.py took 0.105 seconds
[2025-10-09T13:36:52.204+0000] {processor.py:161} INFO - Started process (PID=2166) to work on /opt/airflow/dags/etl_timeseries_csv_pipeline.py
[2025-10-09T13:36:52.204+0000] {processor.py:830} INFO - Processing file /opt/airflow/dags/etl_timeseries_csv_pipeline.py for tasks to queue
[2025-10-09T13:36:52.205+0000] {logging_mixin.py:188} INFO - [2025-10-09T13:36:52.205+0000] {dagbag.py:545} INFO - Filling up the DagBag from /opt/airflow/dags/etl_timeseries_csv_pipeline.py
[2025-10-09T13:36:52.223+0000] {processor.py:840} INFO - DAG(s) 'etl_pipeline' retrieved from /opt/airflow/dags/etl_timeseries_csv_pipeline.py
[2025-10-09T13:36:52.246+0000] {logging_mixin.py:188} INFO - [2025-10-09T13:36:52.245+0000] {dag.py:3096} INFO - Sync 1 DAGs
[2025-10-09T13:36:52.265+0000] {logging_mixin.py:188} INFO - [2025-10-09T13:36:52.265+0000] {dag.py:3954} INFO - Setting next_dagrun for etl_pipeline to 2025-10-08 00:00:00+00:00, run_after=2025-10-09 00:00:00+00:00
[2025-10-09T13:36:52.288+0000] {processor.py:183} INFO - Processing /opt/airflow/dags/etl_timeseries_csv_pipeline.py took 0.089 seconds
[2025-10-09T13:37:23.215+0000] {processor.py:161} INFO - Started process (PID=2178) to work on /opt/airflow/dags/etl_timeseries_csv_pipeline.py
[2025-10-09T13:37:23.216+0000] {processor.py:830} INFO - Processing file /opt/airflow/dags/etl_timeseries_csv_pipeline.py for tasks to queue
[2025-10-09T13:37:23.218+0000] {logging_mixin.py:188} INFO - [2025-10-09T13:37:23.217+0000] {dagbag.py:545} INFO - Filling up the DagBag from /opt/airflow/dags/etl_timeseries_csv_pipeline.py
[2025-10-09T13:37:23.236+0000] {processor.py:840} INFO - DAG(s) 'etl_pipeline' retrieved from /opt/airflow/dags/etl_timeseries_csv_pipeline.py
[2025-10-09T13:37:23.258+0000] {logging_mixin.py:188} INFO - [2025-10-09T13:37:23.257+0000] {dag.py:3096} INFO - Sync 1 DAGs
[2025-10-09T13:37:23.275+0000] {logging_mixin.py:188} INFO - [2025-10-09T13:37:23.275+0000] {dag.py:3954} INFO - Setting next_dagrun for etl_pipeline to 2025-10-08 00:00:00+00:00, run_after=2025-10-09 00:00:00+00:00
[2025-10-09T13:37:23.304+0000] {processor.py:183} INFO - Processing /opt/airflow/dags/etl_timeseries_csv_pipeline.py took 0.093 seconds
[2025-10-09T13:37:54.073+0000] {processor.py:161} INFO - Started process (PID=2190) to work on /opt/airflow/dags/etl_timeseries_csv_pipeline.py
[2025-10-09T13:37:54.074+0000] {processor.py:830} INFO - Processing file /opt/airflow/dags/etl_timeseries_csv_pipeline.py for tasks to queue
[2025-10-09T13:37:54.074+0000] {logging_mixin.py:188} INFO - [2025-10-09T13:37:54.074+0000] {dagbag.py:545} INFO - Filling up the DagBag from /opt/airflow/dags/etl_timeseries_csv_pipeline.py
[2025-10-09T13:37:54.090+0000] {processor.py:840} INFO - DAG(s) 'etl_pipeline' retrieved from /opt/airflow/dags/etl_timeseries_csv_pipeline.py
[2025-10-09T13:37:54.113+0000] {logging_mixin.py:188} INFO - [2025-10-09T13:37:54.112+0000] {dag.py:3096} INFO - Sync 1 DAGs
[2025-10-09T13:37:54.136+0000] {logging_mixin.py:188} INFO - [2025-10-09T13:37:54.136+0000] {dag.py:3954} INFO - Setting next_dagrun for etl_pipeline to 2025-10-08 00:00:00+00:00, run_after=2025-10-09 00:00:00+00:00
[2025-10-09T13:37:54.158+0000] {processor.py:183} INFO - Processing /opt/airflow/dags/etl_timeseries_csv_pipeline.py took 0.089 seconds
[2025-10-09T13:38:24.486+0000] {processor.py:161} INFO - Started process (PID=2202) to work on /opt/airflow/dags/etl_timeseries_csv_pipeline.py
[2025-10-09T13:38:24.487+0000] {processor.py:830} INFO - Processing file /opt/airflow/dags/etl_timeseries_csv_pipeline.py for tasks to queue
[2025-10-09T13:38:24.488+0000] {logging_mixin.py:188} INFO - [2025-10-09T13:38:24.488+0000] {dagbag.py:545} INFO - Filling up the DagBag from /opt/airflow/dags/etl_timeseries_csv_pipeline.py
[2025-10-09T13:38:24.511+0000] {processor.py:840} INFO - DAG(s) 'etl_pipeline' retrieved from /opt/airflow/dags/etl_timeseries_csv_pipeline.py
[2025-10-09T13:38:24.534+0000] {logging_mixin.py:188} INFO - [2025-10-09T13:38:24.534+0000] {dag.py:3096} INFO - Sync 1 DAGs
[2025-10-09T13:38:24.565+0000] {logging_mixin.py:188} INFO - [2025-10-09T13:38:24.565+0000] {dag.py:3954} INFO - Setting next_dagrun for etl_pipeline to 2025-10-08 00:00:00+00:00, run_after=2025-10-09 00:00:00+00:00
[2025-10-09T13:38:24.592+0000] {processor.py:183} INFO - Processing /opt/airflow/dags/etl_timeseries_csv_pipeline.py took 0.110 seconds
[2025-10-09T13:38:55.737+0000] {processor.py:161} INFO - Started process (PID=2214) to work on /opt/airflow/dags/etl_timeseries_csv_pipeline.py
[2025-10-09T13:38:55.738+0000] {processor.py:830} INFO - Processing file /opt/airflow/dags/etl_timeseries_csv_pipeline.py for tasks to queue
[2025-10-09T13:38:55.739+0000] {logging_mixin.py:188} INFO - [2025-10-09T13:38:55.739+0000] {dagbag.py:545} INFO - Filling up the DagBag from /opt/airflow/dags/etl_timeseries_csv_pipeline.py
[2025-10-09T13:38:55.761+0000] {processor.py:840} INFO - DAG(s) 'etl_pipeline' retrieved from /opt/airflow/dags/etl_timeseries_csv_pipeline.py
[2025-10-09T13:38:55.786+0000] {logging_mixin.py:188} INFO - [2025-10-09T13:38:55.785+0000] {dag.py:3096} INFO - Sync 1 DAGs
[2025-10-09T13:38:55.819+0000] {logging_mixin.py:188} INFO - [2025-10-09T13:38:55.819+0000] {dag.py:3954} INFO - Setting next_dagrun for etl_pipeline to 2025-10-08 00:00:00+00:00, run_after=2025-10-09 00:00:00+00:00
[2025-10-09T13:38:55.855+0000] {processor.py:183} INFO - Processing /opt/airflow/dags/etl_timeseries_csv_pipeline.py took 0.122 seconds
[2025-10-09T13:39:26.003+0000] {processor.py:161} INFO - Started process (PID=2226) to work on /opt/airflow/dags/etl_timeseries_csv_pipeline.py
[2025-10-09T13:39:26.004+0000] {processor.py:830} INFO - Processing file /opt/airflow/dags/etl_timeseries_csv_pipeline.py for tasks to queue
[2025-10-09T13:39:26.004+0000] {logging_mixin.py:188} INFO - [2025-10-09T13:39:26.004+0000] {dagbag.py:545} INFO - Filling up the DagBag from /opt/airflow/dags/etl_timeseries_csv_pipeline.py
[2025-10-09T13:39:26.025+0000] {processor.py:840} INFO - DAG(s) 'etl_pipeline' retrieved from /opt/airflow/dags/etl_timeseries_csv_pipeline.py
[2025-10-09T13:39:26.058+0000] {logging_mixin.py:188} INFO - [2025-10-09T13:39:26.057+0000] {dag.py:3096} INFO - Sync 1 DAGs
[2025-10-09T13:39:26.077+0000] {logging_mixin.py:188} INFO - [2025-10-09T13:39:26.077+0000] {dag.py:3954} INFO - Setting next_dagrun for etl_pipeline to 2025-10-08 00:00:00+00:00, run_after=2025-10-09 00:00:00+00:00
[2025-10-09T13:39:26.099+0000] {processor.py:183} INFO - Processing /opt/airflow/dags/etl_timeseries_csv_pipeline.py took 0.100 seconds
[2025-10-09T13:39:57.073+0000] {processor.py:161} INFO - Started process (PID=2238) to work on /opt/airflow/dags/etl_timeseries_csv_pipeline.py
[2025-10-09T13:39:57.074+0000] {processor.py:830} INFO - Processing file /opt/airflow/dags/etl_timeseries_csv_pipeline.py for tasks to queue
[2025-10-09T13:39:57.075+0000] {logging_mixin.py:188} INFO - [2025-10-09T13:39:57.074+0000] {dagbag.py:545} INFO - Filling up the DagBag from /opt/airflow/dags/etl_timeseries_csv_pipeline.py
[2025-10-09T13:39:57.091+0000] {processor.py:840} INFO - DAG(s) 'etl_pipeline' retrieved from /opt/airflow/dags/etl_timeseries_csv_pipeline.py
[2025-10-09T13:39:57.113+0000] {logging_mixin.py:188} INFO - [2025-10-09T13:39:57.113+0000] {dag.py:3096} INFO - Sync 1 DAGs
[2025-10-09T13:39:57.132+0000] {logging_mixin.py:188} INFO - [2025-10-09T13:39:57.132+0000] {dag.py:3954} INFO - Setting next_dagrun for etl_pipeline to 2025-10-08 00:00:00+00:00, run_after=2025-10-09 00:00:00+00:00
[2025-10-09T13:39:57.159+0000] {processor.py:183} INFO - Processing /opt/airflow/dags/etl_timeseries_csv_pipeline.py took 0.090 seconds
[2025-10-09T13:40:27.704+0000] {processor.py:161} INFO - Started process (PID=2250) to work on /opt/airflow/dags/etl_timeseries_csv_pipeline.py
[2025-10-09T13:40:27.705+0000] {processor.py:830} INFO - Processing file /opt/airflow/dags/etl_timeseries_csv_pipeline.py for tasks to queue
[2025-10-09T13:40:27.705+0000] {logging_mixin.py:188} INFO - [2025-10-09T13:40:27.705+0000] {dagbag.py:545} INFO - Filling up the DagBag from /opt/airflow/dags/etl_timeseries_csv_pipeline.py
[2025-10-09T13:40:27.732+0000] {processor.py:840} INFO - DAG(s) 'etl_pipeline' retrieved from /opt/airflow/dags/etl_timeseries_csv_pipeline.py
[2025-10-09T13:40:27.763+0000] {logging_mixin.py:188} INFO - [2025-10-09T13:40:27.763+0000] {dag.py:3096} INFO - Sync 1 DAGs
[2025-10-09T13:40:27.782+0000] {logging_mixin.py:188} INFO - [2025-10-09T13:40:27.782+0000] {dag.py:3954} INFO - Setting next_dagrun for etl_pipeline to 2025-10-08 00:00:00+00:00, run_after=2025-10-09 00:00:00+00:00
[2025-10-09T13:40:27.805+0000] {processor.py:183} INFO - Processing /opt/airflow/dags/etl_timeseries_csv_pipeline.py took 0.111 seconds
[2025-10-09T13:40:58.584+0000] {processor.py:161} INFO - Started process (PID=2262) to work on /opt/airflow/dags/etl_timeseries_csv_pipeline.py
[2025-10-09T13:40:58.585+0000] {processor.py:830} INFO - Processing file /opt/airflow/dags/etl_timeseries_csv_pipeline.py for tasks to queue
[2025-10-09T13:40:58.586+0000] {logging_mixin.py:188} INFO - [2025-10-09T13:40:58.586+0000] {dagbag.py:545} INFO - Filling up the DagBag from /opt/airflow/dags/etl_timeseries_csv_pipeline.py
[2025-10-09T13:40:58.607+0000] {processor.py:840} INFO - DAG(s) 'etl_pipeline' retrieved from /opt/airflow/dags/etl_timeseries_csv_pipeline.py
[2025-10-09T13:40:58.640+0000] {logging_mixin.py:188} INFO - [2025-10-09T13:40:58.640+0000] {dag.py:3096} INFO - Sync 1 DAGs
[2025-10-09T13:40:58.661+0000] {logging_mixin.py:188} INFO - [2025-10-09T13:40:58.661+0000] {dag.py:3954} INFO - Setting next_dagrun for etl_pipeline to 2025-10-08 00:00:00+00:00, run_after=2025-10-09 00:00:00+00:00
[2025-10-09T13:40:58.694+0000] {processor.py:183} INFO - Processing /opt/airflow/dags/etl_timeseries_csv_pipeline.py took 0.114 seconds
[2025-10-09T13:41:29.583+0000] {processor.py:161} INFO - Started process (PID=2274) to work on /opt/airflow/dags/etl_timeseries_csv_pipeline.py
[2025-10-09T13:41:29.584+0000] {processor.py:830} INFO - Processing file /opt/airflow/dags/etl_timeseries_csv_pipeline.py for tasks to queue
[2025-10-09T13:41:29.585+0000] {logging_mixin.py:188} INFO - [2025-10-09T13:41:29.585+0000] {dagbag.py:545} INFO - Filling up the DagBag from /opt/airflow/dags/etl_timeseries_csv_pipeline.py
[2025-10-09T13:41:29.605+0000] {processor.py:840} INFO - DAG(s) 'etl_pipeline' retrieved from /opt/airflow/dags/etl_timeseries_csv_pipeline.py
[2025-10-09T13:41:29.651+0000] {logging_mixin.py:188} INFO - [2025-10-09T13:41:29.651+0000] {dag.py:3096} INFO - Sync 1 DAGs
[2025-10-09T13:41:29.670+0000] {logging_mixin.py:188} INFO - [2025-10-09T13:41:29.670+0000] {dag.py:3954} INFO - Setting next_dagrun for etl_pipeline to 2025-10-08 00:00:00+00:00, run_after=2025-10-09 00:00:00+00:00
[2025-10-09T13:41:29.696+0000] {processor.py:183} INFO - Processing /opt/airflow/dags/etl_timeseries_csv_pipeline.py took 0.118 seconds
[2025-10-09T13:41:59.977+0000] {processor.py:161} INFO - Started process (PID=2286) to work on /opt/airflow/dags/etl_timeseries_csv_pipeline.py
[2025-10-09T13:41:59.978+0000] {processor.py:830} INFO - Processing file /opt/airflow/dags/etl_timeseries_csv_pipeline.py for tasks to queue
[2025-10-09T13:41:59.978+0000] {logging_mixin.py:188} INFO - [2025-10-09T13:41:59.978+0000] {dagbag.py:545} INFO - Filling up the DagBag from /opt/airflow/dags/etl_timeseries_csv_pipeline.py
[2025-10-09T13:41:59.996+0000] {processor.py:840} INFO - DAG(s) 'etl_pipeline' retrieved from /opt/airflow/dags/etl_timeseries_csv_pipeline.py
[2025-10-09T13:42:00.018+0000] {logging_mixin.py:188} INFO - [2025-10-09T13:42:00.018+0000] {dag.py:3096} INFO - Sync 1 DAGs
[2025-10-09T13:42:00.040+0000] {logging_mixin.py:188} INFO - [2025-10-09T13:42:00.040+0000] {dag.py:3954} INFO - Setting next_dagrun for etl_pipeline to 2025-10-08 00:00:00+00:00, run_after=2025-10-09 00:00:00+00:00
[2025-10-09T13:42:00.069+0000] {processor.py:183} INFO - Processing /opt/airflow/dags/etl_timeseries_csv_pipeline.py took 0.096 seconds
[2025-10-09T13:42:31.346+0000] {processor.py:161} INFO - Started process (PID=2298) to work on /opt/airflow/dags/etl_timeseries_csv_pipeline.py
[2025-10-09T13:42:31.347+0000] {processor.py:830} INFO - Processing file /opt/airflow/dags/etl_timeseries_csv_pipeline.py for tasks to queue
[2025-10-09T13:42:31.348+0000] {logging_mixin.py:188} INFO - [2025-10-09T13:42:31.347+0000] {dagbag.py:545} INFO - Filling up the DagBag from /opt/airflow/dags/etl_timeseries_csv_pipeline.py
[2025-10-09T13:42:31.370+0000] {processor.py:840} INFO - DAG(s) 'etl_pipeline' retrieved from /opt/airflow/dags/etl_timeseries_csv_pipeline.py
[2025-10-09T13:42:31.393+0000] {logging_mixin.py:188} INFO - [2025-10-09T13:42:31.392+0000] {dag.py:3096} INFO - Sync 1 DAGs
[2025-10-09T13:42:31.416+0000] {logging_mixin.py:188} INFO - [2025-10-09T13:42:31.416+0000] {dag.py:3954} INFO - Setting next_dagrun for etl_pipeline to 2025-10-08 00:00:00+00:00, run_after=2025-10-09 00:00:00+00:00
[2025-10-09T13:42:31.441+0000] {processor.py:183} INFO - Processing /opt/airflow/dags/etl_timeseries_csv_pipeline.py took 0.099 seconds
[2025-10-09T13:43:01.750+0000] {processor.py:161} INFO - Started process (PID=2310) to work on /opt/airflow/dags/etl_timeseries_csv_pipeline.py
[2025-10-09T13:43:01.751+0000] {processor.py:830} INFO - Processing file /opt/airflow/dags/etl_timeseries_csv_pipeline.py for tasks to queue
[2025-10-09T13:43:01.753+0000] {logging_mixin.py:188} INFO - [2025-10-09T13:43:01.753+0000] {dagbag.py:545} INFO - Filling up the DagBag from /opt/airflow/dags/etl_timeseries_csv_pipeline.py
[2025-10-09T13:43:01.769+0000] {processor.py:840} INFO - DAG(s) 'etl_pipeline' retrieved from /opt/airflow/dags/etl_timeseries_csv_pipeline.py
[2025-10-09T13:43:01.794+0000] {logging_mixin.py:188} INFO - [2025-10-09T13:43:01.793+0000] {dag.py:3096} INFO - Sync 1 DAGs
[2025-10-09T13:43:01.818+0000] {logging_mixin.py:188} INFO - [2025-10-09T13:43:01.818+0000] {dag.py:3954} INFO - Setting next_dagrun for etl_pipeline to 2025-10-08 00:00:00+00:00, run_after=2025-10-09 00:00:00+00:00
[2025-10-09T13:43:01.893+0000] {processor.py:183} INFO - Processing /opt/airflow/dags/etl_timeseries_csv_pipeline.py took 0.148 seconds
[2025-10-09T13:43:32.720+0000] {processor.py:161} INFO - Started process (PID=2322) to work on /opt/airflow/dags/etl_timeseries_csv_pipeline.py
[2025-10-09T13:43:32.720+0000] {processor.py:830} INFO - Processing file /opt/airflow/dags/etl_timeseries_csv_pipeline.py for tasks to queue
[2025-10-09T13:43:32.721+0000] {logging_mixin.py:188} INFO - [2025-10-09T13:43:32.721+0000] {dagbag.py:545} INFO - Filling up the DagBag from /opt/airflow/dags/etl_timeseries_csv_pipeline.py
[2025-10-09T13:43:32.737+0000] {processor.py:840} INFO - DAG(s) 'etl_pipeline' retrieved from /opt/airflow/dags/etl_timeseries_csv_pipeline.py
[2025-10-09T13:43:32.765+0000] {logging_mixin.py:188} INFO - [2025-10-09T13:43:32.765+0000] {dag.py:3096} INFO - Sync 1 DAGs
[2025-10-09T13:43:32.783+0000] {logging_mixin.py:188} INFO - [2025-10-09T13:43:32.783+0000] {dag.py:3954} INFO - Setting next_dagrun for etl_pipeline to 2025-10-08 00:00:00+00:00, run_after=2025-10-09 00:00:00+00:00
[2025-10-09T13:43:32.805+0000] {processor.py:183} INFO - Processing /opt/airflow/dags/etl_timeseries_csv_pipeline.py took 0.090 seconds
[2025-10-09T13:44:05.077+0000] {processor.py:161} INFO - Started process (PID=2334) to work on /opt/airflow/dags/etl_timeseries_csv_pipeline.py
[2025-10-09T13:44:05.078+0000] {processor.py:830} INFO - Processing file /opt/airflow/dags/etl_timeseries_csv_pipeline.py for tasks to queue
[2025-10-09T13:44:05.079+0000] {logging_mixin.py:188} INFO - [2025-10-09T13:44:05.079+0000] {dagbag.py:545} INFO - Filling up the DagBag from /opt/airflow/dags/etl_timeseries_csv_pipeline.py
[2025-10-09T13:44:05.094+0000] {processor.py:840} INFO - DAG(s) 'etl_pipeline' retrieved from /opt/airflow/dags/etl_timeseries_csv_pipeline.py
[2025-10-09T13:44:05.117+0000] {logging_mixin.py:188} INFO - [2025-10-09T13:44:05.116+0000] {dag.py:3096} INFO - Sync 1 DAGs
[2025-10-09T13:44:05.148+0000] {logging_mixin.py:188} INFO - [2025-10-09T13:44:05.148+0000] {dag.py:3954} INFO - Setting next_dagrun for etl_pipeline to 2025-10-08 00:00:00+00:00, run_after=2025-10-09 00:00:00+00:00
[2025-10-09T13:44:05.176+0000] {processor.py:183} INFO - Processing /opt/airflow/dags/etl_timeseries_csv_pipeline.py took 0.103 seconds
[2025-10-09T13:44:36.325+0000] {processor.py:161} INFO - Started process (PID=2346) to work on /opt/airflow/dags/etl_timeseries_csv_pipeline.py
[2025-10-09T13:44:36.326+0000] {processor.py:830} INFO - Processing file /opt/airflow/dags/etl_timeseries_csv_pipeline.py for tasks to queue
[2025-10-09T13:44:36.327+0000] {logging_mixin.py:188} INFO - [2025-10-09T13:44:36.326+0000] {dagbag.py:545} INFO - Filling up the DagBag from /opt/airflow/dags/etl_timeseries_csv_pipeline.py
[2025-10-09T13:44:36.347+0000] {processor.py:840} INFO - DAG(s) 'etl_pipeline' retrieved from /opt/airflow/dags/etl_timeseries_csv_pipeline.py
[2025-10-09T13:44:36.382+0000] {logging_mixin.py:188} INFO - [2025-10-09T13:44:36.382+0000] {dag.py:3096} INFO - Sync 1 DAGs
[2025-10-09T13:44:36.406+0000] {logging_mixin.py:188} INFO - [2025-10-09T13:44:36.406+0000] {dag.py:3954} INFO - Setting next_dagrun for etl_pipeline to 2025-10-08 00:00:00+00:00, run_after=2025-10-09 00:00:00+00:00
[2025-10-09T13:44:36.424+0000] {processor.py:183} INFO - Processing /opt/airflow/dags/etl_timeseries_csv_pipeline.py took 0.105 seconds
[2025-10-09T13:45:07.042+0000] {processor.py:161} INFO - Started process (PID=2358) to work on /opt/airflow/dags/etl_timeseries_csv_pipeline.py
[2025-10-09T13:45:07.042+0000] {processor.py:830} INFO - Processing file /opt/airflow/dags/etl_timeseries_csv_pipeline.py for tasks to queue
[2025-10-09T13:45:07.043+0000] {logging_mixin.py:188} INFO - [2025-10-09T13:45:07.043+0000] {dagbag.py:545} INFO - Filling up the DagBag from /opt/airflow/dags/etl_timeseries_csv_pipeline.py
[2025-10-09T13:45:07.060+0000] {processor.py:840} INFO - DAG(s) 'etl_pipeline' retrieved from /opt/airflow/dags/etl_timeseries_csv_pipeline.py
[2025-10-09T13:45:07.082+0000] {logging_mixin.py:188} INFO - [2025-10-09T13:45:07.082+0000] {dag.py:3096} INFO - Sync 1 DAGs
[2025-10-09T13:45:07.113+0000] {logging_mixin.py:188} INFO - [2025-10-09T13:45:07.113+0000] {dag.py:3954} INFO - Setting next_dagrun for etl_pipeline to 2025-10-08 00:00:00+00:00, run_after=2025-10-09 00:00:00+00:00
[2025-10-09T13:45:07.140+0000] {processor.py:183} INFO - Processing /opt/airflow/dags/etl_timeseries_csv_pipeline.py took 0.102 seconds
[2025-10-09T13:45:38.042+0000] {processor.py:161} INFO - Started process (PID=2370) to work on /opt/airflow/dags/etl_timeseries_csv_pipeline.py
[2025-10-09T13:45:38.043+0000] {processor.py:830} INFO - Processing file /opt/airflow/dags/etl_timeseries_csv_pipeline.py for tasks to queue
[2025-10-09T13:45:38.043+0000] {logging_mixin.py:188} INFO - [2025-10-09T13:45:38.043+0000] {dagbag.py:545} INFO - Filling up the DagBag from /opt/airflow/dags/etl_timeseries_csv_pipeline.py
[2025-10-09T13:45:38.062+0000] {processor.py:840} INFO - DAG(s) 'etl_pipeline' retrieved from /opt/airflow/dags/etl_timeseries_csv_pipeline.py
[2025-10-09T13:45:38.092+0000] {logging_mixin.py:188} INFO - [2025-10-09T13:45:38.092+0000] {dag.py:3096} INFO - Sync 1 DAGs
[2025-10-09T13:45:38.113+0000] {logging_mixin.py:188} INFO - [2025-10-09T13:45:38.113+0000] {dag.py:3954} INFO - Setting next_dagrun for etl_pipeline to 2025-10-08 00:00:00+00:00, run_after=2025-10-09 00:00:00+00:00
[2025-10-09T13:45:38.138+0000] {processor.py:183} INFO - Processing /opt/airflow/dags/etl_timeseries_csv_pipeline.py took 0.102 seconds
[2025-10-09T13:46:08.458+0000] {processor.py:161} INFO - Started process (PID=2382) to work on /opt/airflow/dags/etl_timeseries_csv_pipeline.py
[2025-10-09T13:46:08.459+0000] {processor.py:830} INFO - Processing file /opt/airflow/dags/etl_timeseries_csv_pipeline.py for tasks to queue
[2025-10-09T13:46:08.459+0000] {logging_mixin.py:188} INFO - [2025-10-09T13:46:08.459+0000] {dagbag.py:545} INFO - Filling up the DagBag from /opt/airflow/dags/etl_timeseries_csv_pipeline.py
[2025-10-09T13:46:08.474+0000] {processor.py:840} INFO - DAG(s) 'etl_pipeline' retrieved from /opt/airflow/dags/etl_timeseries_csv_pipeline.py
[2025-10-09T13:46:08.496+0000] {logging_mixin.py:188} INFO - [2025-10-09T13:46:08.496+0000] {dag.py:3096} INFO - Sync 1 DAGs
[2025-10-09T13:46:08.519+0000] {logging_mixin.py:188} INFO - [2025-10-09T13:46:08.519+0000] {dag.py:3954} INFO - Setting next_dagrun for etl_pipeline to 2025-10-08 00:00:00+00:00, run_after=2025-10-09 00:00:00+00:00
[2025-10-09T13:46:08.549+0000] {processor.py:183} INFO - Processing /opt/airflow/dags/etl_timeseries_csv_pipeline.py took 0.096 seconds
[2025-10-09T13:46:39.887+0000] {processor.py:161} INFO - Started process (PID=2394) to work on /opt/airflow/dags/etl_timeseries_csv_pipeline.py
[2025-10-09T13:46:39.888+0000] {processor.py:830} INFO - Processing file /opt/airflow/dags/etl_timeseries_csv_pipeline.py for tasks to queue
[2025-10-09T13:46:39.888+0000] {logging_mixin.py:188} INFO - [2025-10-09T13:46:39.888+0000] {dagbag.py:545} INFO - Filling up the DagBag from /opt/airflow/dags/etl_timeseries_csv_pipeline.py
[2025-10-09T13:46:39.904+0000] {processor.py:840} INFO - DAG(s) 'etl_pipeline' retrieved from /opt/airflow/dags/etl_timeseries_csv_pipeline.py
[2025-10-09T13:46:39.928+0000] {logging_mixin.py:188} INFO - [2025-10-09T13:46:39.928+0000] {dag.py:3096} INFO - Sync 1 DAGs
[2025-10-09T13:46:39.957+0000] {logging_mixin.py:188} INFO - [2025-10-09T13:46:39.957+0000] {dag.py:3954} INFO - Setting next_dagrun for etl_pipeline to 2025-10-08 00:00:00+00:00, run_after=2025-10-09 00:00:00+00:00
[2025-10-09T13:46:39.985+0000] {processor.py:183} INFO - Processing /opt/airflow/dags/etl_timeseries_csv_pipeline.py took 0.102 seconds
[2025-10-09T13:47:10.287+0000] {processor.py:161} INFO - Started process (PID=2406) to work on /opt/airflow/dags/etl_timeseries_csv_pipeline.py
[2025-10-09T13:47:10.288+0000] {processor.py:830} INFO - Processing file /opt/airflow/dags/etl_timeseries_csv_pipeline.py for tasks to queue
[2025-10-09T13:47:10.290+0000] {logging_mixin.py:188} INFO - [2025-10-09T13:47:10.290+0000] {dagbag.py:545} INFO - Filling up the DagBag from /opt/airflow/dags/etl_timeseries_csv_pipeline.py
[2025-10-09T13:47:10.314+0000] {processor.py:840} INFO - DAG(s) 'etl_pipeline' retrieved from /opt/airflow/dags/etl_timeseries_csv_pipeline.py
[2025-10-09T13:47:10.342+0000] {logging_mixin.py:188} INFO - [2025-10-09T13:47:10.342+0000] {dag.py:3096} INFO - Sync 1 DAGs
[2025-10-09T13:47:10.366+0000] {logging_mixin.py:188} INFO - [2025-10-09T13:47:10.366+0000] {dag.py:3954} INFO - Setting next_dagrun for etl_pipeline to 2025-10-08 00:00:00+00:00, run_after=2025-10-09 00:00:00+00:00
[2025-10-09T13:47:10.393+0000] {processor.py:183} INFO - Processing /opt/airflow/dags/etl_timeseries_csv_pipeline.py took 0.110 seconds
[2025-10-09T13:47:41.232+0000] {processor.py:161} INFO - Started process (PID=2418) to work on /opt/airflow/dags/etl_timeseries_csv_pipeline.py
[2025-10-09T13:47:41.232+0000] {processor.py:830} INFO - Processing file /opt/airflow/dags/etl_timeseries_csv_pipeline.py for tasks to queue
[2025-10-09T13:47:41.233+0000] {logging_mixin.py:188} INFO - [2025-10-09T13:47:41.233+0000] {dagbag.py:545} INFO - Filling up the DagBag from /opt/airflow/dags/etl_timeseries_csv_pipeline.py
[2025-10-09T13:47:41.249+0000] {processor.py:840} INFO - DAG(s) 'etl_pipeline' retrieved from /opt/airflow/dags/etl_timeseries_csv_pipeline.py
[2025-10-09T13:47:41.271+0000] {logging_mixin.py:188} INFO - [2025-10-09T13:47:41.271+0000] {dag.py:3096} INFO - Sync 1 DAGs
[2025-10-09T13:47:41.289+0000] {logging_mixin.py:188} INFO - [2025-10-09T13:47:41.289+0000] {dag.py:3954} INFO - Setting next_dagrun for etl_pipeline to 2025-10-08 00:00:00+00:00, run_after=2025-10-09 00:00:00+00:00
[2025-10-09T13:47:41.312+0000] {processor.py:183} INFO - Processing /opt/airflow/dags/etl_timeseries_csv_pipeline.py took 0.085 seconds
[2025-10-09T13:48:11.974+0000] {processor.py:161} INFO - Started process (PID=2430) to work on /opt/airflow/dags/etl_timeseries_csv_pipeline.py
[2025-10-09T13:48:11.975+0000] {processor.py:830} INFO - Processing file /opt/airflow/dags/etl_timeseries_csv_pipeline.py for tasks to queue
[2025-10-09T13:48:11.976+0000] {logging_mixin.py:188} INFO - [2025-10-09T13:48:11.976+0000] {dagbag.py:545} INFO - Filling up the DagBag from /opt/airflow/dags/etl_timeseries_csv_pipeline.py
[2025-10-09T13:48:11.994+0000] {processor.py:840} INFO - DAG(s) 'etl_pipeline' retrieved from /opt/airflow/dags/etl_timeseries_csv_pipeline.py
[2025-10-09T13:48:12.021+0000] {logging_mixin.py:188} INFO - [2025-10-09T13:48:12.021+0000] {dag.py:3096} INFO - Sync 1 DAGs
[2025-10-09T13:48:12.043+0000] {logging_mixin.py:188} INFO - [2025-10-09T13:48:12.043+0000] {dag.py:3954} INFO - Setting next_dagrun for etl_pipeline to 2025-10-08 00:00:00+00:00, run_after=2025-10-09 00:00:00+00:00
[2025-10-09T13:48:12.065+0000] {processor.py:183} INFO - Processing /opt/airflow/dags/etl_timeseries_csv_pipeline.py took 0.096 seconds
[2025-10-09T13:48:42.477+0000] {processor.py:161} INFO - Started process (PID=2442) to work on /opt/airflow/dags/etl_timeseries_csv_pipeline.py
[2025-10-09T13:48:42.478+0000] {processor.py:830} INFO - Processing file /opt/airflow/dags/etl_timeseries_csv_pipeline.py for tasks to queue
[2025-10-09T13:48:42.479+0000] {logging_mixin.py:188} INFO - [2025-10-09T13:48:42.478+0000] {dagbag.py:545} INFO - Filling up the DagBag from /opt/airflow/dags/etl_timeseries_csv_pipeline.py
[2025-10-09T13:48:42.495+0000] {processor.py:840} INFO - DAG(s) 'etl_pipeline' retrieved from /opt/airflow/dags/etl_timeseries_csv_pipeline.py
[2025-10-09T13:48:42.517+0000] {logging_mixin.py:188} INFO - [2025-10-09T13:48:42.517+0000] {dag.py:3096} INFO - Sync 1 DAGs
[2025-10-09T13:48:42.538+0000] {logging_mixin.py:188} INFO - [2025-10-09T13:48:42.538+0000] {dag.py:3954} INFO - Setting next_dagrun for etl_pipeline to 2025-10-08 00:00:00+00:00, run_after=2025-10-09 00:00:00+00:00
[2025-10-09T13:48:42.561+0000] {processor.py:183} INFO - Processing /opt/airflow/dags/etl_timeseries_csv_pipeline.py took 0.088 seconds
[2025-10-09T13:49:28.724+0000] {processor.py:161} INFO - Started process (PID=2454) to work on /opt/airflow/dags/etl_timeseries_csv_pipeline.py
[2025-10-09T13:49:28.724+0000] {processor.py:830} INFO - Processing file /opt/airflow/dags/etl_timeseries_csv_pipeline.py for tasks to queue
[2025-10-09T13:49:28.727+0000] {logging_mixin.py:188} INFO - [2025-10-09T13:49:28.726+0000] {dagbag.py:545} INFO - Filling up the DagBag from /opt/airflow/dags/etl_timeseries_csv_pipeline.py
[2025-10-09T13:49:28.748+0000] {processor.py:840} INFO - DAG(s) 'etl_pipeline' retrieved from /opt/airflow/dags/etl_timeseries_csv_pipeline.py
[2025-10-09T13:49:28.772+0000] {logging_mixin.py:188} INFO - [2025-10-09T13:49:28.772+0000] {dag.py:3096} INFO - Sync 1 DAGs
[2025-10-09T13:49:28.791+0000] {logging_mixin.py:188} INFO - [2025-10-09T13:49:28.791+0000] {dag.py:3954} INFO - Setting next_dagrun for etl_pipeline to 2025-10-08 00:00:00+00:00, run_after=2025-10-09 00:00:00+00:00
[2025-10-09T13:49:28.814+0000] {processor.py:183} INFO - Processing /opt/airflow/dags/etl_timeseries_csv_pipeline.py took 0.095 seconds
[2025-10-09T13:49:59.363+0000] {processor.py:161} INFO - Started process (PID=2466) to work on /opt/airflow/dags/etl_timeseries_csv_pipeline.py
[2025-10-09T13:49:59.364+0000] {processor.py:830} INFO - Processing file /opt/airflow/dags/etl_timeseries_csv_pipeline.py for tasks to queue
[2025-10-09T13:49:59.364+0000] {logging_mixin.py:188} INFO - [2025-10-09T13:49:59.364+0000] {dagbag.py:545} INFO - Filling up the DagBag from /opt/airflow/dags/etl_timeseries_csv_pipeline.py
[2025-10-09T13:49:59.380+0000] {processor.py:840} INFO - DAG(s) 'etl_pipeline' retrieved from /opt/airflow/dags/etl_timeseries_csv_pipeline.py
[2025-10-09T13:49:59.403+0000] {logging_mixin.py:188} INFO - [2025-10-09T13:49:59.403+0000] {dag.py:3096} INFO - Sync 1 DAGs
[2025-10-09T13:49:59.426+0000] {logging_mixin.py:188} INFO - [2025-10-09T13:49:59.425+0000] {dag.py:3954} INFO - Setting next_dagrun for etl_pipeline to 2025-10-08 00:00:00+00:00, run_after=2025-10-09 00:00:00+00:00
[2025-10-09T13:49:59.456+0000] {processor.py:183} INFO - Processing /opt/airflow/dags/etl_timeseries_csv_pipeline.py took 0.097 seconds
[2025-10-09T13:50:29.723+0000] {processor.py:161} INFO - Started process (PID=2478) to work on /opt/airflow/dags/etl_timeseries_csv_pipeline.py
[2025-10-09T13:50:29.723+0000] {processor.py:830} INFO - Processing file /opt/airflow/dags/etl_timeseries_csv_pipeline.py for tasks to queue
[2025-10-09T13:50:29.724+0000] {logging_mixin.py:188} INFO - [2025-10-09T13:50:29.724+0000] {dagbag.py:545} INFO - Filling up the DagBag from /opt/airflow/dags/etl_timeseries_csv_pipeline.py
[2025-10-09T13:50:29.741+0000] {processor.py:840} INFO - DAG(s) 'etl_pipeline' retrieved from /opt/airflow/dags/etl_timeseries_csv_pipeline.py
[2025-10-09T13:50:29.765+0000] {logging_mixin.py:188} INFO - [2025-10-09T13:50:29.765+0000] {dag.py:3096} INFO - Sync 1 DAGs
[2025-10-09T13:50:29.797+0000] {logging_mixin.py:188} INFO - [2025-10-09T13:50:29.796+0000] {dag.py:3954} INFO - Setting next_dagrun for etl_pipeline to 2025-10-08 00:00:00+00:00, run_after=2025-10-09 00:00:00+00:00
[2025-10-09T13:50:29.821+0000] {processor.py:183} INFO - Processing /opt/airflow/dags/etl_timeseries_csv_pipeline.py took 0.103 seconds
[2025-10-09T13:51:00.326+0000] {processor.py:161} INFO - Started process (PID=2490) to work on /opt/airflow/dags/etl_timeseries_csv_pipeline.py
[2025-10-09T13:51:00.326+0000] {processor.py:830} INFO - Processing file /opt/airflow/dags/etl_timeseries_csv_pipeline.py for tasks to queue
[2025-10-09T13:51:00.327+0000] {logging_mixin.py:188} INFO - [2025-10-09T13:51:00.327+0000] {dagbag.py:545} INFO - Filling up the DagBag from /opt/airflow/dags/etl_timeseries_csv_pipeline.py
[2025-10-09T13:51:00.343+0000] {processor.py:840} INFO - DAG(s) 'etl_pipeline' retrieved from /opt/airflow/dags/etl_timeseries_csv_pipeline.py
[2025-10-09T13:51:00.370+0000] {logging_mixin.py:188} INFO - [2025-10-09T13:51:00.370+0000] {dag.py:3096} INFO - Sync 1 DAGs
[2025-10-09T13:51:00.392+0000] {logging_mixin.py:188} INFO - [2025-10-09T13:51:00.392+0000] {dag.py:3954} INFO - Setting next_dagrun for etl_pipeline to 2025-10-08 00:00:00+00:00, run_after=2025-10-09 00:00:00+00:00
[2025-10-09T13:51:00.424+0000] {processor.py:183} INFO - Processing /opt/airflow/dags/etl_timeseries_csv_pipeline.py took 0.102 seconds
[2025-10-09T13:51:30.511+0000] {processor.py:161} INFO - Started process (PID=2502) to work on /opt/airflow/dags/etl_timeseries_csv_pipeline.py
[2025-10-09T13:51:30.512+0000] {processor.py:830} INFO - Processing file /opt/airflow/dags/etl_timeseries_csv_pipeline.py for tasks to queue
[2025-10-09T13:51:30.512+0000] {logging_mixin.py:188} INFO - [2025-10-09T13:51:30.512+0000] {dagbag.py:545} INFO - Filling up the DagBag from /opt/airflow/dags/etl_timeseries_csv_pipeline.py
[2025-10-09T13:51:30.527+0000] {processor.py:840} INFO - DAG(s) 'etl_pipeline' retrieved from /opt/airflow/dags/etl_timeseries_csv_pipeline.py
[2025-10-09T13:51:30.549+0000] {logging_mixin.py:188} INFO - [2025-10-09T13:51:30.549+0000] {dag.py:3096} INFO - Sync 1 DAGs
[2025-10-09T13:51:30.569+0000] {logging_mixin.py:188} INFO - [2025-10-09T13:51:30.569+0000] {dag.py:3954} INFO - Setting next_dagrun for etl_pipeline to 2025-10-08 00:00:00+00:00, run_after=2025-10-09 00:00:00+00:00
[2025-10-09T13:51:30.599+0000] {processor.py:183} INFO - Processing /opt/airflow/dags/etl_timeseries_csv_pipeline.py took 0.092 seconds
[2025-10-09T13:52:00.660+0000] {processor.py:161} INFO - Started process (PID=2514) to work on /opt/airflow/dags/etl_timeseries_csv_pipeline.py
[2025-10-09T13:52:00.662+0000] {processor.py:830} INFO - Processing file /opt/airflow/dags/etl_timeseries_csv_pipeline.py for tasks to queue
[2025-10-09T13:52:00.663+0000] {logging_mixin.py:188} INFO - [2025-10-09T13:52:00.662+0000] {dagbag.py:545} INFO - Filling up the DagBag from /opt/airflow/dags/etl_timeseries_csv_pipeline.py
[2025-10-09T13:52:00.684+0000] {processor.py:840} INFO - DAG(s) 'etl_pipeline' retrieved from /opt/airflow/dags/etl_timeseries_csv_pipeline.py
[2025-10-09T13:52:00.710+0000] {logging_mixin.py:188} INFO - [2025-10-09T13:52:00.710+0000] {dag.py:3096} INFO - Sync 1 DAGs
[2025-10-09T13:52:00.731+0000] {logging_mixin.py:188} INFO - [2025-10-09T13:52:00.731+0000] {dag.py:3954} INFO - Setting next_dagrun for etl_pipeline to 2025-10-08 00:00:00+00:00, run_after=2025-10-09 00:00:00+00:00
[2025-10-09T13:52:00.752+0000] {processor.py:183} INFO - Processing /opt/airflow/dags/etl_timeseries_csv_pipeline.py took 0.096 seconds
[2025-10-09T13:52:31.036+0000] {processor.py:161} INFO - Started process (PID=2526) to work on /opt/airflow/dags/etl_timeseries_csv_pipeline.py
[2025-10-09T13:52:31.037+0000] {processor.py:830} INFO - Processing file /opt/airflow/dags/etl_timeseries_csv_pipeline.py for tasks to queue
[2025-10-09T13:52:31.038+0000] {logging_mixin.py:188} INFO - [2025-10-09T13:52:31.038+0000] {dagbag.py:545} INFO - Filling up the DagBag from /opt/airflow/dags/etl_timeseries_csv_pipeline.py
[2025-10-09T13:52:31.056+0000] {processor.py:840} INFO - DAG(s) 'etl_pipeline' retrieved from /opt/airflow/dags/etl_timeseries_csv_pipeline.py
[2025-10-09T13:52:31.081+0000] {logging_mixin.py:188} INFO - [2025-10-09T13:52:31.080+0000] {dag.py:3096} INFO - Sync 1 DAGs
[2025-10-09T13:52:31.106+0000] {logging_mixin.py:188} INFO - [2025-10-09T13:52:31.105+0000] {dag.py:3954} INFO - Setting next_dagrun for etl_pipeline to 2025-10-08 00:00:00+00:00, run_after=2025-10-09 00:00:00+00:00
[2025-10-09T13:52:31.134+0000] {processor.py:183} INFO - Processing /opt/airflow/dags/etl_timeseries_csv_pipeline.py took 0.101 seconds
[2025-10-09T13:53:01.230+0000] {processor.py:161} INFO - Started process (PID=2538) to work on /opt/airflow/dags/etl_timeseries_csv_pipeline.py
[2025-10-09T13:53:01.231+0000] {processor.py:830} INFO - Processing file /opt/airflow/dags/etl_timeseries_csv_pipeline.py for tasks to queue
[2025-10-09T13:53:01.232+0000] {logging_mixin.py:188} INFO - [2025-10-09T13:53:01.232+0000] {dagbag.py:545} INFO - Filling up the DagBag from /opt/airflow/dags/etl_timeseries_csv_pipeline.py
[2025-10-09T13:53:01.249+0000] {processor.py:840} INFO - DAG(s) 'etl_pipeline' retrieved from /opt/airflow/dags/etl_timeseries_csv_pipeline.py
[2025-10-09T13:53:01.275+0000] {logging_mixin.py:188} INFO - [2025-10-09T13:53:01.275+0000] {dag.py:3096} INFO - Sync 1 DAGs
[2025-10-09T13:53:01.301+0000] {logging_mixin.py:188} INFO - [2025-10-09T13:53:01.301+0000] {dag.py:3954} INFO - Setting next_dagrun for etl_pipeline to 2025-10-08 00:00:00+00:00, run_after=2025-10-09 00:00:00+00:00
[2025-10-09T13:53:01.325+0000] {processor.py:183} INFO - Processing /opt/airflow/dags/etl_timeseries_csv_pipeline.py took 0.099 seconds
[2025-10-09T13:53:31.535+0000] {processor.py:161} INFO - Started process (PID=2550) to work on /opt/airflow/dags/etl_timeseries_csv_pipeline.py
[2025-10-09T13:53:31.535+0000] {processor.py:830} INFO - Processing file /opt/airflow/dags/etl_timeseries_csv_pipeline.py for tasks to queue
[2025-10-09T13:53:31.536+0000] {logging_mixin.py:188} INFO - [2025-10-09T13:53:31.536+0000] {dagbag.py:545} INFO - Filling up the DagBag from /opt/airflow/dags/etl_timeseries_csv_pipeline.py
[2025-10-09T13:53:31.552+0000] {processor.py:840} INFO - DAG(s) 'etl_pipeline' retrieved from /opt/airflow/dags/etl_timeseries_csv_pipeline.py
[2025-10-09T13:53:31.578+0000] {logging_mixin.py:188} INFO - [2025-10-09T13:53:31.578+0000] {dag.py:3096} INFO - Sync 1 DAGs
[2025-10-09T13:53:31.603+0000] {logging_mixin.py:188} INFO - [2025-10-09T13:53:31.602+0000] {dag.py:3954} INFO - Setting next_dagrun for etl_pipeline to 2025-10-08 00:00:00+00:00, run_after=2025-10-09 00:00:00+00:00
[2025-10-09T13:53:31.629+0000] {processor.py:183} INFO - Processing /opt/airflow/dags/etl_timeseries_csv_pipeline.py took 0.099 seconds
[2025-10-09T13:54:01.724+0000] {processor.py:161} INFO - Started process (PID=2562) to work on /opt/airflow/dags/etl_timeseries_csv_pipeline.py
[2025-10-09T13:54:01.725+0000] {processor.py:830} INFO - Processing file /opt/airflow/dags/etl_timeseries_csv_pipeline.py for tasks to queue
[2025-10-09T13:54:01.726+0000] {logging_mixin.py:188} INFO - [2025-10-09T13:54:01.726+0000] {dagbag.py:545} INFO - Filling up the DagBag from /opt/airflow/dags/etl_timeseries_csv_pipeline.py
[2025-10-09T13:54:01.742+0000] {processor.py:840} INFO - DAG(s) 'etl_pipeline' retrieved from /opt/airflow/dags/etl_timeseries_csv_pipeline.py
[2025-10-09T13:54:01.768+0000] {logging_mixin.py:188} INFO - [2025-10-09T13:54:01.768+0000] {dag.py:3096} INFO - Sync 1 DAGs
[2025-10-09T13:54:01.801+0000] {logging_mixin.py:188} INFO - [2025-10-09T13:54:01.800+0000] {dag.py:3954} INFO - Setting next_dagrun for etl_pipeline to 2025-10-08 00:00:00+00:00, run_after=2025-10-09 00:00:00+00:00
[2025-10-09T13:54:01.825+0000] {processor.py:183} INFO - Processing /opt/airflow/dags/etl_timeseries_csv_pipeline.py took 0.106 seconds
[2025-10-09T13:54:32.014+0000] {processor.py:161} INFO - Started process (PID=2574) to work on /opt/airflow/dags/etl_timeseries_csv_pipeline.py
[2025-10-09T13:54:32.015+0000] {processor.py:830} INFO - Processing file /opt/airflow/dags/etl_timeseries_csv_pipeline.py for tasks to queue
[2025-10-09T13:54:32.016+0000] {logging_mixin.py:188} INFO - [2025-10-09T13:54:32.015+0000] {dagbag.py:545} INFO - Filling up the DagBag from /opt/airflow/dags/etl_timeseries_csv_pipeline.py
[2025-10-09T13:54:32.031+0000] {processor.py:840} INFO - DAG(s) 'etl_pipeline' retrieved from /opt/airflow/dags/etl_timeseries_csv_pipeline.py
[2025-10-09T13:54:32.055+0000] {logging_mixin.py:188} INFO - [2025-10-09T13:54:32.055+0000] {dag.py:3096} INFO - Sync 1 DAGs
[2025-10-09T13:54:32.082+0000] {logging_mixin.py:188} INFO - [2025-10-09T13:54:32.082+0000] {dag.py:3954} INFO - Setting next_dagrun for etl_pipeline to 2025-10-08 00:00:00+00:00, run_after=2025-10-09 00:00:00+00:00
[2025-10-09T13:54:32.104+0000] {processor.py:183} INFO - Processing /opt/airflow/dags/etl_timeseries_csv_pipeline.py took 0.094 seconds
[2025-10-09T13:55:02.217+0000] {processor.py:161} INFO - Started process (PID=2586) to work on /opt/airflow/dags/etl_timeseries_csv_pipeline.py
[2025-10-09T13:55:02.218+0000] {processor.py:830} INFO - Processing file /opt/airflow/dags/etl_timeseries_csv_pipeline.py for tasks to queue
[2025-10-09T13:55:02.219+0000] {logging_mixin.py:188} INFO - [2025-10-09T13:55:02.219+0000] {dagbag.py:545} INFO - Filling up the DagBag from /opt/airflow/dags/etl_timeseries_csv_pipeline.py
[2025-10-09T13:55:02.238+0000] {processor.py:840} INFO - DAG(s) 'etl_pipeline' retrieved from /opt/airflow/dags/etl_timeseries_csv_pipeline.py
[2025-10-09T13:55:02.261+0000] {logging_mixin.py:188} INFO - [2025-10-09T13:55:02.261+0000] {dag.py:3096} INFO - Sync 1 DAGs
[2025-10-09T13:55:02.281+0000] {logging_mixin.py:188} INFO - [2025-10-09T13:55:02.280+0000] {dag.py:3954} INFO - Setting next_dagrun for etl_pipeline to 2025-10-08 00:00:00+00:00, run_after=2025-10-09 00:00:00+00:00
[2025-10-09T13:55:02.305+0000] {processor.py:183} INFO - Processing /opt/airflow/dags/etl_timeseries_csv_pipeline.py took 0.092 seconds
[2025-10-09T13:55:32.546+0000] {processor.py:161} INFO - Started process (PID=2598) to work on /opt/airflow/dags/etl_timeseries_csv_pipeline.py
[2025-10-09T13:55:32.546+0000] {processor.py:830} INFO - Processing file /opt/airflow/dags/etl_timeseries_csv_pipeline.py for tasks to queue
[2025-10-09T13:55:32.547+0000] {logging_mixin.py:188} INFO - [2025-10-09T13:55:32.547+0000] {dagbag.py:545} INFO - Filling up the DagBag from /opt/airflow/dags/etl_timeseries_csv_pipeline.py
[2025-10-09T13:55:32.564+0000] {processor.py:840} INFO - DAG(s) 'etl_pipeline' retrieved from /opt/airflow/dags/etl_timeseries_csv_pipeline.py
[2025-10-09T13:55:32.587+0000] {logging_mixin.py:188} INFO - [2025-10-09T13:55:32.587+0000] {dag.py:3096} INFO - Sync 1 DAGs
[2025-10-09T13:55:32.608+0000] {logging_mixin.py:188} INFO - [2025-10-09T13:55:32.607+0000] {dag.py:3954} INFO - Setting next_dagrun for etl_pipeline to 2025-10-08 00:00:00+00:00, run_after=2025-10-09 00:00:00+00:00
[2025-10-09T13:55:32.632+0000] {processor.py:183} INFO - Processing /opt/airflow/dags/etl_timeseries_csv_pipeline.py took 0.091 seconds
[2025-10-09T13:56:03.262+0000] {processor.py:161} INFO - Started process (PID=2617) to work on /opt/airflow/dags/etl_timeseries_csv_pipeline.py
[2025-10-09T13:56:03.263+0000] {processor.py:830} INFO - Processing file /opt/airflow/dags/etl_timeseries_csv_pipeline.py for tasks to queue
[2025-10-09T13:56:03.264+0000] {logging_mixin.py:188} INFO - [2025-10-09T13:56:03.264+0000] {dagbag.py:545} INFO - Filling up the DagBag from /opt/airflow/dags/etl_timeseries_csv_pipeline.py
[2025-10-09T13:56:03.284+0000] {processor.py:840} INFO - DAG(s) 'etl_pipeline' retrieved from /opt/airflow/dags/etl_timeseries_csv_pipeline.py
[2025-10-09T13:56:03.308+0000] {logging_mixin.py:188} INFO - [2025-10-09T13:56:03.307+0000] {dag.py:3096} INFO - Sync 1 DAGs
[2025-10-09T13:56:03.329+0000] {logging_mixin.py:188} INFO - [2025-10-09T13:56:03.329+0000] {dag.py:3954} INFO - Setting next_dagrun for etl_pipeline to 2025-10-08 00:00:00+00:00, run_after=2025-10-09 00:00:00+00:00
[2025-10-09T13:56:03.355+0000] {processor.py:183} INFO - Processing /opt/airflow/dags/etl_timeseries_csv_pipeline.py took 0.097 seconds
[2025-10-09T13:56:33.664+0000] {processor.py:161} INFO - Started process (PID=2629) to work on /opt/airflow/dags/etl_timeseries_csv_pipeline.py
[2025-10-09T13:56:33.665+0000] {processor.py:830} INFO - Processing file /opt/airflow/dags/etl_timeseries_csv_pipeline.py for tasks to queue
[2025-10-09T13:56:33.666+0000] {logging_mixin.py:188} INFO - [2025-10-09T13:56:33.665+0000] {dagbag.py:545} INFO - Filling up the DagBag from /opt/airflow/dags/etl_timeseries_csv_pipeline.py
[2025-10-09T13:56:33.684+0000] {processor.py:840} INFO - DAG(s) 'etl_pipeline' retrieved from /opt/airflow/dags/etl_timeseries_csv_pipeline.py
[2025-10-09T13:56:33.708+0000] {logging_mixin.py:188} INFO - [2025-10-09T13:56:33.707+0000] {dag.py:3096} INFO - Sync 1 DAGs
[2025-10-09T13:56:33.727+0000] {logging_mixin.py:188} INFO - [2025-10-09T13:56:33.727+0000] {dag.py:3954} INFO - Setting next_dagrun for etl_pipeline to 2025-10-08 00:00:00+00:00, run_after=2025-10-09 00:00:00+00:00
[2025-10-09T13:56:33.753+0000] {processor.py:183} INFO - Processing /opt/airflow/dags/etl_timeseries_csv_pipeline.py took 0.093 seconds
[2025-10-09T13:57:04.120+0000] {processor.py:161} INFO - Started process (PID=2641) to work on /opt/airflow/dags/etl_timeseries_csv_pipeline.py
[2025-10-09T13:57:04.121+0000] {processor.py:830} INFO - Processing file /opt/airflow/dags/etl_timeseries_csv_pipeline.py for tasks to queue
[2025-10-09T13:57:04.122+0000] {logging_mixin.py:188} INFO - [2025-10-09T13:57:04.122+0000] {dagbag.py:545} INFO - Filling up the DagBag from /opt/airflow/dags/etl_timeseries_csv_pipeline.py
[2025-10-09T13:57:04.140+0000] {processor.py:840} INFO - DAG(s) 'etl_pipeline' retrieved from /opt/airflow/dags/etl_timeseries_csv_pipeline.py
[2025-10-09T13:57:04.163+0000] {logging_mixin.py:188} INFO - [2025-10-09T13:57:04.162+0000] {dag.py:3096} INFO - Sync 1 DAGs
[2025-10-09T13:57:04.181+0000] {logging_mixin.py:188} INFO - [2025-10-09T13:57:04.181+0000] {dag.py:3954} INFO - Setting next_dagrun for etl_pipeline to 2025-10-08 00:00:00+00:00, run_after=2025-10-09 00:00:00+00:00
[2025-10-09T13:57:04.202+0000] {processor.py:183} INFO - Processing /opt/airflow/dags/etl_timeseries_csv_pipeline.py took 0.086 seconds
[2025-10-09T13:57:34.392+0000] {processor.py:161} INFO - Started process (PID=2653) to work on /opt/airflow/dags/etl_timeseries_csv_pipeline.py
[2025-10-09T13:57:34.393+0000] {processor.py:830} INFO - Processing file /opt/airflow/dags/etl_timeseries_csv_pipeline.py for tasks to queue
[2025-10-09T13:57:34.394+0000] {logging_mixin.py:188} INFO - [2025-10-09T13:57:34.394+0000] {dagbag.py:545} INFO - Filling up the DagBag from /opt/airflow/dags/etl_timeseries_csv_pipeline.py
[2025-10-09T13:57:34.410+0000] {processor.py:840} INFO - DAG(s) 'etl_pipeline' retrieved from /opt/airflow/dags/etl_timeseries_csv_pipeline.py
[2025-10-09T13:57:34.433+0000] {logging_mixin.py:188} INFO - [2025-10-09T13:57:34.432+0000] {dag.py:3096} INFO - Sync 1 DAGs
[2025-10-09T13:57:34.461+0000] {logging_mixin.py:188} INFO - [2025-10-09T13:57:34.461+0000] {dag.py:3954} INFO - Setting next_dagrun for etl_pipeline to 2025-10-08 00:00:00+00:00, run_after=2025-10-09 00:00:00+00:00
[2025-10-09T13:57:34.490+0000] {processor.py:183} INFO - Processing /opt/airflow/dags/etl_timeseries_csv_pipeline.py took 0.102 seconds
[2025-10-09T13:58:05.270+0000] {processor.py:161} INFO - Started process (PID=2665) to work on /opt/airflow/dags/etl_timeseries_csv_pipeline.py
[2025-10-09T13:58:05.270+0000] {processor.py:830} INFO - Processing file /opt/airflow/dags/etl_timeseries_csv_pipeline.py for tasks to queue
[2025-10-09T13:58:05.271+0000] {logging_mixin.py:188} INFO - [2025-10-09T13:58:05.271+0000] {dagbag.py:545} INFO - Filling up the DagBag from /opt/airflow/dags/etl_timeseries_csv_pipeline.py
[2025-10-09T13:58:05.288+0000] {processor.py:840} INFO - DAG(s) 'etl_pipeline' retrieved from /opt/airflow/dags/etl_timeseries_csv_pipeline.py
[2025-10-09T13:58:05.312+0000] {logging_mixin.py:188} INFO - [2025-10-09T13:58:05.311+0000] {dag.py:3096} INFO - Sync 1 DAGs
[2025-10-09T13:58:05.336+0000] {logging_mixin.py:188} INFO - [2025-10-09T13:58:05.335+0000] {dag.py:3954} INFO - Setting next_dagrun for etl_pipeline to 2025-10-08 00:00:00+00:00, run_after=2025-10-09 00:00:00+00:00
[2025-10-09T13:58:05.362+0000] {processor.py:183} INFO - Processing /opt/airflow/dags/etl_timeseries_csv_pipeline.py took 0.097 seconds
[2025-10-09T13:58:35.684+0000] {processor.py:161} INFO - Started process (PID=2677) to work on /opt/airflow/dags/etl_timeseries_csv_pipeline.py
[2025-10-09T13:58:35.685+0000] {processor.py:830} INFO - Processing file /opt/airflow/dags/etl_timeseries_csv_pipeline.py for tasks to queue
[2025-10-09T13:58:35.686+0000] {logging_mixin.py:188} INFO - [2025-10-09T13:58:35.686+0000] {dagbag.py:545} INFO - Filling up the DagBag from /opt/airflow/dags/etl_timeseries_csv_pipeline.py
[2025-10-09T13:58:35.710+0000] {processor.py:840} INFO - DAG(s) 'etl_pipeline' retrieved from /opt/airflow/dags/etl_timeseries_csv_pipeline.py
[2025-10-09T13:58:35.743+0000] {logging_mixin.py:188} INFO - [2025-10-09T13:58:35.742+0000] {dag.py:3096} INFO - Sync 1 DAGs
[2025-10-09T13:58:35.768+0000] {logging_mixin.py:188} INFO - [2025-10-09T13:58:35.768+0000] {dag.py:3954} INFO - Setting next_dagrun for etl_pipeline to 2025-10-08 00:00:00+00:00, run_after=2025-10-09 00:00:00+00:00
[2025-10-09T13:58:35.792+0000] {processor.py:183} INFO - Processing /opt/airflow/dags/etl_timeseries_csv_pipeline.py took 0.112 seconds
[2025-10-09T13:59:05.903+0000] {processor.py:161} INFO - Started process (PID=2689) to work on /opt/airflow/dags/etl_timeseries_csv_pipeline.py
[2025-10-09T13:59:05.904+0000] {processor.py:830} INFO - Processing file /opt/airflow/dags/etl_timeseries_csv_pipeline.py for tasks to queue
[2025-10-09T13:59:05.904+0000] {logging_mixin.py:188} INFO - [2025-10-09T13:59:05.904+0000] {dagbag.py:545} INFO - Filling up the DagBag from /opt/airflow/dags/etl_timeseries_csv_pipeline.py
[2025-10-09T13:59:05.921+0000] {processor.py:840} INFO - DAG(s) 'etl_pipeline' retrieved from /opt/airflow/dags/etl_timeseries_csv_pipeline.py
[2025-10-09T13:59:05.945+0000] {logging_mixin.py:188} INFO - [2025-10-09T13:59:05.945+0000] {dag.py:3096} INFO - Sync 1 DAGs
[2025-10-09T13:59:05.975+0000] {logging_mixin.py:188} INFO - [2025-10-09T13:59:05.975+0000] {dag.py:3954} INFO - Setting next_dagrun for etl_pipeline to 2025-10-08 00:00:00+00:00, run_after=2025-10-09 00:00:00+00:00
[2025-10-09T13:59:06.003+0000] {processor.py:183} INFO - Processing /opt/airflow/dags/etl_timeseries_csv_pipeline.py took 0.104 seconds
[2025-10-09T13:59:36.100+0000] {processor.py:161} INFO - Started process (PID=2697) to work on /opt/airflow/dags/etl_timeseries_csv_pipeline.py
[2025-10-09T13:59:36.100+0000] {processor.py:830} INFO - Processing file /opt/airflow/dags/etl_timeseries_csv_pipeline.py for tasks to queue
[2025-10-09T13:59:36.101+0000] {logging_mixin.py:188} INFO - [2025-10-09T13:59:36.101+0000] {dagbag.py:545} INFO - Filling up the DagBag from /opt/airflow/dags/etl_timeseries_csv_pipeline.py
[2025-10-09T13:59:36.117+0000] {processor.py:840} INFO - DAG(s) 'etl_pipeline' retrieved from /opt/airflow/dags/etl_timeseries_csv_pipeline.py
[2025-10-09T13:59:36.140+0000] {logging_mixin.py:188} INFO - [2025-10-09T13:59:36.139+0000] {dag.py:3096} INFO - Sync 1 DAGs
[2025-10-09T13:59:36.159+0000] {logging_mixin.py:188} INFO - [2025-10-09T13:59:36.158+0000] {dag.py:3954} INFO - Setting next_dagrun for etl_pipeline to 2025-10-08 00:00:00+00:00, run_after=2025-10-09 00:00:00+00:00
[2025-10-09T13:59:36.179+0000] {processor.py:183} INFO - Processing /opt/airflow/dags/etl_timeseries_csv_pipeline.py took 0.083 seconds
[2025-10-09T14:00:06.887+0000] {processor.py:161} INFO - Started process (PID=2706) to work on /opt/airflow/dags/etl_timeseries_csv_pipeline.py
[2025-10-09T14:00:06.887+0000] {processor.py:830} INFO - Processing file /opt/airflow/dags/etl_timeseries_csv_pipeline.py for tasks to queue
[2025-10-09T14:00:06.888+0000] {logging_mixin.py:188} INFO - [2025-10-09T14:00:06.888+0000] {dagbag.py:545} INFO - Filling up the DagBag from /opt/airflow/dags/etl_timeseries_csv_pipeline.py
[2025-10-09T14:00:06.910+0000] {processor.py:840} INFO - DAG(s) 'etl_pipeline' retrieved from /opt/airflow/dags/etl_timeseries_csv_pipeline.py
[2025-10-09T14:00:06.951+0000] {logging_mixin.py:188} INFO - [2025-10-09T14:00:06.951+0000] {dag.py:3096} INFO - Sync 1 DAGs
[2025-10-09T14:00:06.970+0000] {logging_mixin.py:188} INFO - [2025-10-09T14:00:06.969+0000] {dag.py:3954} INFO - Setting next_dagrun for etl_pipeline to 2025-10-08 00:00:00+00:00, run_after=2025-10-09 00:00:00+00:00
[2025-10-09T14:00:06.992+0000] {processor.py:183} INFO - Processing /opt/airflow/dags/etl_timeseries_csv_pipeline.py took 0.110 seconds
[2025-10-09T14:00:37.577+0000] {processor.py:161} INFO - Started process (PID=2718) to work on /opt/airflow/dags/etl_timeseries_csv_pipeline.py
[2025-10-09T14:00:37.578+0000] {processor.py:830} INFO - Processing file /opt/airflow/dags/etl_timeseries_csv_pipeline.py for tasks to queue
[2025-10-09T14:00:37.579+0000] {logging_mixin.py:188} INFO - [2025-10-09T14:00:37.578+0000] {dagbag.py:545} INFO - Filling up the DagBag from /opt/airflow/dags/etl_timeseries_csv_pipeline.py
[2025-10-09T14:00:37.594+0000] {processor.py:840} INFO - DAG(s) 'etl_pipeline' retrieved from /opt/airflow/dags/etl_timeseries_csv_pipeline.py
[2025-10-09T14:00:37.618+0000] {logging_mixin.py:188} INFO - [2025-10-09T14:00:37.617+0000] {dag.py:3096} INFO - Sync 1 DAGs
[2025-10-09T14:00:37.639+0000] {logging_mixin.py:188} INFO - [2025-10-09T14:00:37.638+0000] {dag.py:3954} INFO - Setting next_dagrun for etl_pipeline to 2025-10-08 00:00:00+00:00, run_after=2025-10-09 00:00:00+00:00
[2025-10-09T14:00:37.663+0000] {processor.py:183} INFO - Processing /opt/airflow/dags/etl_timeseries_csv_pipeline.py took 0.090 seconds
[2025-10-09T14:01:07.866+0000] {processor.py:161} INFO - Started process (PID=2730) to work on /opt/airflow/dags/etl_timeseries_csv_pipeline.py
[2025-10-09T14:01:07.867+0000] {processor.py:830} INFO - Processing file /opt/airflow/dags/etl_timeseries_csv_pipeline.py for tasks to queue
[2025-10-09T14:01:07.868+0000] {logging_mixin.py:188} INFO - [2025-10-09T14:01:07.867+0000] {dagbag.py:545} INFO - Filling up the DagBag from /opt/airflow/dags/etl_timeseries_csv_pipeline.py
[2025-10-09T14:01:07.883+0000] {processor.py:840} INFO - DAG(s) 'etl_pipeline' retrieved from /opt/airflow/dags/etl_timeseries_csv_pipeline.py
[2025-10-09T14:01:07.906+0000] {logging_mixin.py:188} INFO - [2025-10-09T14:01:07.905+0000] {dag.py:3096} INFO - Sync 1 DAGs
[2025-10-09T14:01:07.925+0000] {logging_mixin.py:188} INFO - [2025-10-09T14:01:07.925+0000] {dag.py:3954} INFO - Setting next_dagrun for etl_pipeline to 2025-10-08 00:00:00+00:00, run_after=2025-10-09 00:00:00+00:00
[2025-10-09T14:01:07.952+0000] {processor.py:183} INFO - Processing /opt/airflow/dags/etl_timeseries_csv_pipeline.py took 0.090 seconds
[2025-10-09T14:01:38.123+0000] {processor.py:161} INFO - Started process (PID=2742) to work on /opt/airflow/dags/etl_timeseries_csv_pipeline.py
[2025-10-09T14:01:38.123+0000] {processor.py:830} INFO - Processing file /opt/airflow/dags/etl_timeseries_csv_pipeline.py for tasks to queue
[2025-10-09T14:01:38.124+0000] {logging_mixin.py:188} INFO - [2025-10-09T14:01:38.124+0000] {dagbag.py:545} INFO - Filling up the DagBag from /opt/airflow/dags/etl_timeseries_csv_pipeline.py
[2025-10-09T14:01:38.141+0000] {processor.py:840} INFO - DAG(s) 'etl_pipeline' retrieved from /opt/airflow/dags/etl_timeseries_csv_pipeline.py
[2025-10-09T14:01:38.167+0000] {logging_mixin.py:188} INFO - [2025-10-09T14:01:38.167+0000] {dag.py:3096} INFO - Sync 1 DAGs
[2025-10-09T14:01:38.191+0000] {logging_mixin.py:188} INFO - [2025-10-09T14:01:38.191+0000] {dag.py:3954} INFO - Setting next_dagrun for etl_pipeline to 2025-10-08 00:00:00+00:00, run_after=2025-10-09 00:00:00+00:00
[2025-10-09T14:01:38.220+0000] {processor.py:183} INFO - Processing /opt/airflow/dags/etl_timeseries_csv_pipeline.py took 0.102 seconds
[2025-10-09T14:02:08.981+0000] {processor.py:161} INFO - Started process (PID=2754) to work on /opt/airflow/dags/etl_timeseries_csv_pipeline.py
[2025-10-09T14:02:08.982+0000] {processor.py:830} INFO - Processing file /opt/airflow/dags/etl_timeseries_csv_pipeline.py for tasks to queue
[2025-10-09T14:02:08.983+0000] {logging_mixin.py:188} INFO - [2025-10-09T14:02:08.983+0000] {dagbag.py:545} INFO - Filling up the DagBag from /opt/airflow/dags/etl_timeseries_csv_pipeline.py
[2025-10-09T14:02:09.000+0000] {processor.py:840} INFO - DAG(s) 'etl_pipeline' retrieved from /opt/airflow/dags/etl_timeseries_csv_pipeline.py
[2025-10-09T14:02:09.024+0000] {logging_mixin.py:188} INFO - [2025-10-09T14:02:09.023+0000] {dag.py:3096} INFO - Sync 1 DAGs
[2025-10-09T14:02:09.049+0000] {logging_mixin.py:188} INFO - [2025-10-09T14:02:09.048+0000] {dag.py:3954} INFO - Setting next_dagrun for etl_pipeline to 2025-10-08 00:00:00+00:00, run_after=2025-10-09 00:00:00+00:00
[2025-10-09T14:02:09.073+0000] {processor.py:183} INFO - Processing /opt/airflow/dags/etl_timeseries_csv_pipeline.py took 0.097 seconds
[2025-10-09T14:02:39.403+0000] {processor.py:161} INFO - Started process (PID=2766) to work on /opt/airflow/dags/etl_timeseries_csv_pipeline.py
[2025-10-09T14:02:39.404+0000] {processor.py:830} INFO - Processing file /opt/airflow/dags/etl_timeseries_csv_pipeline.py for tasks to queue
[2025-10-09T14:02:39.404+0000] {logging_mixin.py:188} INFO - [2025-10-09T14:02:39.404+0000] {dagbag.py:545} INFO - Filling up the DagBag from /opt/airflow/dags/etl_timeseries_csv_pipeline.py
[2025-10-09T14:02:39.428+0000] {processor.py:840} INFO - DAG(s) 'etl_pipeline' retrieved from /opt/airflow/dags/etl_timeseries_csv_pipeline.py
[2025-10-09T14:02:39.472+0000] {logging_mixin.py:188} INFO - [2025-10-09T14:02:39.471+0000] {dag.py:3096} INFO - Sync 1 DAGs
[2025-10-09T14:02:39.492+0000] {logging_mixin.py:188} INFO - [2025-10-09T14:02:39.492+0000] {dag.py:3954} INFO - Setting next_dagrun for etl_pipeline to 2025-10-08 00:00:00+00:00, run_after=2025-10-09 00:00:00+00:00
[2025-10-09T14:02:39.523+0000] {processor.py:183} INFO - Processing /opt/airflow/dags/etl_timeseries_csv_pipeline.py took 0.124 seconds
[2025-10-09T14:03:09.858+0000] {processor.py:161} INFO - Started process (PID=2778) to work on /opt/airflow/dags/etl_timeseries_csv_pipeline.py
[2025-10-09T14:03:09.859+0000] {processor.py:830} INFO - Processing file /opt/airflow/dags/etl_timeseries_csv_pipeline.py for tasks to queue
[2025-10-09T14:03:09.860+0000] {logging_mixin.py:188} INFO - [2025-10-09T14:03:09.859+0000] {dagbag.py:545} INFO - Filling up the DagBag from /opt/airflow/dags/etl_timeseries_csv_pipeline.py
[2025-10-09T14:03:09.875+0000] {processor.py:840} INFO - DAG(s) 'etl_pipeline' retrieved from /opt/airflow/dags/etl_timeseries_csv_pipeline.py
[2025-10-09T14:03:09.907+0000] {logging_mixin.py:188} INFO - [2025-10-09T14:03:09.907+0000] {dag.py:3096} INFO - Sync 1 DAGs
[2025-10-09T14:03:09.934+0000] {logging_mixin.py:188} INFO - [2025-10-09T14:03:09.934+0000] {dag.py:3954} INFO - Setting next_dagrun for etl_pipeline to 2025-10-08 00:00:00+00:00, run_after=2025-10-09 00:00:00+00:00
[2025-10-09T14:03:09.970+0000] {processor.py:183} INFO - Processing /opt/airflow/dags/etl_timeseries_csv_pipeline.py took 0.116 seconds
[2025-10-09T14:03:40.072+0000] {processor.py:161} INFO - Started process (PID=2790) to work on /opt/airflow/dags/etl_timeseries_csv_pipeline.py
[2025-10-09T14:03:40.072+0000] {processor.py:830} INFO - Processing file /opt/airflow/dags/etl_timeseries_csv_pipeline.py for tasks to queue
[2025-10-09T14:03:40.073+0000] {logging_mixin.py:188} INFO - [2025-10-09T14:03:40.073+0000] {dagbag.py:545} INFO - Filling up the DagBag from /opt/airflow/dags/etl_timeseries_csv_pipeline.py
[2025-10-09T14:03:40.091+0000] {processor.py:840} INFO - DAG(s) 'etl_pipeline' retrieved from /opt/airflow/dags/etl_timeseries_csv_pipeline.py
[2025-10-09T14:03:40.117+0000] {logging_mixin.py:188} INFO - [2025-10-09T14:03:40.117+0000] {dag.py:3096} INFO - Sync 1 DAGs
[2025-10-09T14:03:40.139+0000] {logging_mixin.py:188} INFO - [2025-10-09T14:03:40.139+0000] {dag.py:3954} INFO - Setting next_dagrun for etl_pipeline to 2025-10-08 00:00:00+00:00, run_after=2025-10-09 00:00:00+00:00
[2025-10-09T14:03:40.159+0000] {processor.py:183} INFO - Processing /opt/airflow/dags/etl_timeseries_csv_pipeline.py took 0.093 seconds
[2025-10-09T14:04:10.913+0000] {processor.py:161} INFO - Started process (PID=2802) to work on /opt/airflow/dags/etl_timeseries_csv_pipeline.py
[2025-10-09T14:04:10.914+0000] {processor.py:830} INFO - Processing file /opt/airflow/dags/etl_timeseries_csv_pipeline.py for tasks to queue
[2025-10-09T14:04:10.915+0000] {logging_mixin.py:188} INFO - [2025-10-09T14:04:10.914+0000] {dagbag.py:545} INFO - Filling up the DagBag from /opt/airflow/dags/etl_timeseries_csv_pipeline.py
[2025-10-09T14:04:10.938+0000] {processor.py:840} INFO - DAG(s) 'etl_pipeline' retrieved from /opt/airflow/dags/etl_timeseries_csv_pipeline.py
[2025-10-09T14:04:10.970+0000] {logging_mixin.py:188} INFO - [2025-10-09T14:04:10.970+0000] {dag.py:3096} INFO - Sync 1 DAGs
[2025-10-09T14:04:10.991+0000] {logging_mixin.py:188} INFO - [2025-10-09T14:04:10.991+0000] {dag.py:3954} INFO - Setting next_dagrun for etl_pipeline to 2025-10-08 00:00:00+00:00, run_after=2025-10-09 00:00:00+00:00
[2025-10-09T14:04:11.019+0000] {processor.py:183} INFO - Processing /opt/airflow/dags/etl_timeseries_csv_pipeline.py took 0.110 seconds
[2025-10-09T14:04:41.570+0000] {processor.py:161} INFO - Started process (PID=2814) to work on /opt/airflow/dags/etl_timeseries_csv_pipeline.py
[2025-10-09T14:04:41.571+0000] {processor.py:830} INFO - Processing file /opt/airflow/dags/etl_timeseries_csv_pipeline.py for tasks to queue
[2025-10-09T14:04:41.572+0000] {logging_mixin.py:188} INFO - [2025-10-09T14:04:41.571+0000] {dagbag.py:545} INFO - Filling up the DagBag from /opt/airflow/dags/etl_timeseries_csv_pipeline.py
[2025-10-09T14:04:41.591+0000] {processor.py:840} INFO - DAG(s) 'etl_pipeline' retrieved from /opt/airflow/dags/etl_timeseries_csv_pipeline.py
[2025-10-09T14:04:41.616+0000] {logging_mixin.py:188} INFO - [2025-10-09T14:04:41.616+0000] {dag.py:3096} INFO - Sync 1 DAGs
[2025-10-09T14:04:41.645+0000] {logging_mixin.py:188} INFO - [2025-10-09T14:04:41.645+0000] {dag.py:3954} INFO - Setting next_dagrun for etl_pipeline to 2025-10-08 00:00:00+00:00, run_after=2025-10-09 00:00:00+00:00
[2025-10-09T14:04:41.672+0000] {processor.py:183} INFO - Processing /opt/airflow/dags/etl_timeseries_csv_pipeline.py took 0.106 seconds
[2025-10-09T14:05:12.786+0000] {processor.py:161} INFO - Started process (PID=2826) to work on /opt/airflow/dags/etl_timeseries_csv_pipeline.py
[2025-10-09T14:05:12.786+0000] {processor.py:830} INFO - Processing file /opt/airflow/dags/etl_timeseries_csv_pipeline.py for tasks to queue
[2025-10-09T14:05:12.787+0000] {logging_mixin.py:188} INFO - [2025-10-09T14:05:12.787+0000] {dagbag.py:545} INFO - Filling up the DagBag from /opt/airflow/dags/etl_timeseries_csv_pipeline.py
[2025-10-09T14:05:12.804+0000] {processor.py:840} INFO - DAG(s) 'etl_pipeline' retrieved from /opt/airflow/dags/etl_timeseries_csv_pipeline.py
[2025-10-09T14:05:12.828+0000] {logging_mixin.py:188} INFO - [2025-10-09T14:05:12.827+0000] {dag.py:3096} INFO - Sync 1 DAGs
[2025-10-09T14:05:12.846+0000] {logging_mixin.py:188} INFO - [2025-10-09T14:05:12.846+0000] {dag.py:3954} INFO - Setting next_dagrun for etl_pipeline to 2025-10-08 00:00:00+00:00, run_after=2025-10-09 00:00:00+00:00
[2025-10-09T14:05:12.871+0000] {processor.py:183} INFO - Processing /opt/airflow/dags/etl_timeseries_csv_pipeline.py took 0.090 seconds
[2025-10-09T14:05:43.787+0000] {processor.py:161} INFO - Started process (PID=2838) to work on /opt/airflow/dags/etl_timeseries_csv_pipeline.py
[2025-10-09T14:05:43.787+0000] {processor.py:830} INFO - Processing file /opt/airflow/dags/etl_timeseries_csv_pipeline.py for tasks to queue
[2025-10-09T14:05:43.788+0000] {logging_mixin.py:188} INFO - [2025-10-09T14:05:43.788+0000] {dagbag.py:545} INFO - Filling up the DagBag from /opt/airflow/dags/etl_timeseries_csv_pipeline.py
[2025-10-09T14:05:43.808+0000] {processor.py:840} INFO - DAG(s) 'etl_pipeline' retrieved from /opt/airflow/dags/etl_timeseries_csv_pipeline.py
[2025-10-09T14:05:43.838+0000] {logging_mixin.py:188} INFO - [2025-10-09T14:05:43.838+0000] {dag.py:3096} INFO - Sync 1 DAGs
[2025-10-09T14:05:43.858+0000] {logging_mixin.py:188} INFO - [2025-10-09T14:05:43.858+0000] {dag.py:3954} INFO - Setting next_dagrun for etl_pipeline to 2025-10-08 00:00:00+00:00, run_after=2025-10-09 00:00:00+00:00
[2025-10-09T14:05:43.880+0000] {processor.py:183} INFO - Processing /opt/airflow/dags/etl_timeseries_csv_pipeline.py took 0.098 seconds
[2025-10-09T14:06:16.065+0000] {processor.py:161} INFO - Started process (PID=2850) to work on /opt/airflow/dags/etl_timeseries_csv_pipeline.py
[2025-10-09T14:06:16.066+0000] {processor.py:830} INFO - Processing file /opt/airflow/dags/etl_timeseries_csv_pipeline.py for tasks to queue
[2025-10-09T14:06:16.068+0000] {logging_mixin.py:188} INFO - [2025-10-09T14:06:16.068+0000] {dagbag.py:545} INFO - Filling up the DagBag from /opt/airflow/dags/etl_timeseries_csv_pipeline.py
[2025-10-09T14:06:16.090+0000] {processor.py:840} INFO - DAG(s) 'etl_pipeline' retrieved from /opt/airflow/dags/etl_timeseries_csv_pipeline.py
[2025-10-09T14:06:16.114+0000] {logging_mixin.py:188} INFO - [2025-10-09T14:06:16.113+0000] {dag.py:3096} INFO - Sync 1 DAGs
[2025-10-09T14:06:16.135+0000] {logging_mixin.py:188} INFO - [2025-10-09T14:06:16.134+0000] {dag.py:3954} INFO - Setting next_dagrun for etl_pipeline to 2025-10-08 00:00:00+00:00, run_after=2025-10-09 00:00:00+00:00
[2025-10-09T14:06:16.161+0000] {processor.py:183} INFO - Processing /opt/airflow/dags/etl_timeseries_csv_pipeline.py took 0.102 seconds
[2025-10-09T14:06:47.302+0000] {processor.py:161} INFO - Started process (PID=2862) to work on /opt/airflow/dags/etl_timeseries_csv_pipeline.py
[2025-10-09T14:06:47.303+0000] {processor.py:830} INFO - Processing file /opt/airflow/dags/etl_timeseries_csv_pipeline.py for tasks to queue
[2025-10-09T14:06:47.303+0000] {logging_mixin.py:188} INFO - [2025-10-09T14:06:47.303+0000] {dagbag.py:545} INFO - Filling up the DagBag from /opt/airflow/dags/etl_timeseries_csv_pipeline.py
[2025-10-09T14:06:47.319+0000] {processor.py:840} INFO - DAG(s) 'etl_pipeline' retrieved from /opt/airflow/dags/etl_timeseries_csv_pipeline.py
[2025-10-09T14:06:47.341+0000] {logging_mixin.py:188} INFO - [2025-10-09T14:06:47.341+0000] {dag.py:3096} INFO - Sync 1 DAGs
[2025-10-09T14:06:47.364+0000] {logging_mixin.py:188} INFO - [2025-10-09T14:06:47.364+0000] {dag.py:3954} INFO - Setting next_dagrun for etl_pipeline to 2025-10-08 00:00:00+00:00, run_after=2025-10-09 00:00:00+00:00
[2025-10-09T14:06:47.391+0000] {processor.py:183} INFO - Processing /opt/airflow/dags/etl_timeseries_csv_pipeline.py took 0.094 seconds
[2025-10-09T14:07:18.399+0000] {processor.py:161} INFO - Started process (PID=2874) to work on /opt/airflow/dags/etl_timeseries_csv_pipeline.py
[2025-10-09T14:07:18.400+0000] {processor.py:830} INFO - Processing file /opt/airflow/dags/etl_timeseries_csv_pipeline.py for tasks to queue
[2025-10-09T14:07:18.401+0000] {logging_mixin.py:188} INFO - [2025-10-09T14:07:18.401+0000] {dagbag.py:545} INFO - Filling up the DagBag from /opt/airflow/dags/etl_timeseries_csv_pipeline.py
[2025-10-09T14:07:18.418+0000] {processor.py:840} INFO - DAG(s) 'etl_pipeline' retrieved from /opt/airflow/dags/etl_timeseries_csv_pipeline.py
[2025-10-09T14:07:18.443+0000] {logging_mixin.py:188} INFO - [2025-10-09T14:07:18.443+0000] {dag.py:3096} INFO - Sync 1 DAGs
[2025-10-09T14:07:18.471+0000] {logging_mixin.py:188} INFO - [2025-10-09T14:07:18.471+0000] {dag.py:3954} INFO - Setting next_dagrun for etl_pipeline to 2025-10-08 00:00:00+00:00, run_after=2025-10-09 00:00:00+00:00
[2025-10-09T14:07:18.495+0000] {processor.py:183} INFO - Processing /opt/airflow/dags/etl_timeseries_csv_pipeline.py took 0.100 seconds
[2025-10-09T14:07:48.615+0000] {processor.py:161} INFO - Started process (PID=2886) to work on /opt/airflow/dags/etl_timeseries_csv_pipeline.py
[2025-10-09T14:07:48.616+0000] {processor.py:830} INFO - Processing file /opt/airflow/dags/etl_timeseries_csv_pipeline.py for tasks to queue
[2025-10-09T14:07:48.617+0000] {logging_mixin.py:188} INFO - [2025-10-09T14:07:48.616+0000] {dagbag.py:545} INFO - Filling up the DagBag from /opt/airflow/dags/etl_timeseries_csv_pipeline.py
[2025-10-09T14:07:48.637+0000] {processor.py:840} INFO - DAG(s) 'etl_pipeline' retrieved from /opt/airflow/dags/etl_timeseries_csv_pipeline.py
[2025-10-09T14:07:48.667+0000] {logging_mixin.py:188} INFO - [2025-10-09T14:07:48.667+0000] {dag.py:3096} INFO - Sync 1 DAGs
[2025-10-09T14:07:48.685+0000] {logging_mixin.py:188} INFO - [2025-10-09T14:07:48.685+0000] {dag.py:3954} INFO - Setting next_dagrun for etl_pipeline to 2025-10-08 00:00:00+00:00, run_after=2025-10-09 00:00:00+00:00
[2025-10-09T14:07:48.706+0000] {processor.py:183} INFO - Processing /opt/airflow/dags/etl_timeseries_csv_pipeline.py took 0.096 seconds
[2025-10-09T14:08:19.175+0000] {processor.py:161} INFO - Started process (PID=2898) to work on /opt/airflow/dags/etl_timeseries_csv_pipeline.py
[2025-10-09T14:08:19.175+0000] {processor.py:830} INFO - Processing file /opt/airflow/dags/etl_timeseries_csv_pipeline.py for tasks to queue
[2025-10-09T14:08:19.176+0000] {logging_mixin.py:188} INFO - [2025-10-09T14:08:19.176+0000] {dagbag.py:545} INFO - Filling up the DagBag from /opt/airflow/dags/etl_timeseries_csv_pipeline.py
[2025-10-09T14:08:19.191+0000] {processor.py:840} INFO - DAG(s) 'etl_pipeline' retrieved from /opt/airflow/dags/etl_timeseries_csv_pipeline.py
[2025-10-09T14:08:19.211+0000] {logging_mixin.py:188} INFO - [2025-10-09T14:08:19.210+0000] {dag.py:3096} INFO - Sync 1 DAGs
[2025-10-09T14:08:19.238+0000] {logging_mixin.py:188} INFO - [2025-10-09T14:08:19.238+0000] {dag.py:3954} INFO - Setting next_dagrun for etl_pipeline to 2025-10-08 00:00:00+00:00, run_after=2025-10-09 00:00:00+00:00
[2025-10-09T14:08:19.266+0000] {processor.py:183} INFO - Processing /opt/airflow/dags/etl_timeseries_csv_pipeline.py took 0.095 seconds
[2025-10-09T14:08:52.232+0000] {processor.py:161} INFO - Started process (PID=2910) to work on /opt/airflow/dags/etl_timeseries_csv_pipeline.py
[2025-10-09T14:08:52.233+0000] {processor.py:830} INFO - Processing file /opt/airflow/dags/etl_timeseries_csv_pipeline.py for tasks to queue
[2025-10-09T14:08:52.233+0000] {logging_mixin.py:188} INFO - [2025-10-09T14:08:52.233+0000] {dagbag.py:545} INFO - Filling up the DagBag from /opt/airflow/dags/etl_timeseries_csv_pipeline.py
[2025-10-09T14:08:52.255+0000] {processor.py:840} INFO - DAG(s) 'etl_pipeline' retrieved from /opt/airflow/dags/etl_timeseries_csv_pipeline.py
[2025-10-09T14:08:52.296+0000] {logging_mixin.py:188} INFO - [2025-10-09T14:08:52.296+0000] {dag.py:3096} INFO - Sync 1 DAGs
[2025-10-09T14:08:52.316+0000] {logging_mixin.py:188} INFO - [2025-10-09T14:08:52.316+0000] {dag.py:3954} INFO - Setting next_dagrun for etl_pipeline to 2025-10-08 00:00:00+00:00, run_after=2025-10-09 00:00:00+00:00
[2025-10-09T14:08:52.344+0000] {processor.py:183} INFO - Processing /opt/airflow/dags/etl_timeseries_csv_pipeline.py took 0.118 seconds
[2025-10-09T14:09:22.637+0000] {processor.py:161} INFO - Started process (PID=2922) to work on /opt/airflow/dags/etl_timeseries_csv_pipeline.py
[2025-10-09T14:09:22.638+0000] {processor.py:830} INFO - Processing file /opt/airflow/dags/etl_timeseries_csv_pipeline.py for tasks to queue
[2025-10-09T14:09:22.638+0000] {logging_mixin.py:188} INFO - [2025-10-09T14:09:22.638+0000] {dagbag.py:545} INFO - Filling up the DagBag from /opt/airflow/dags/etl_timeseries_csv_pipeline.py
[2025-10-09T14:09:22.659+0000] {processor.py:840} INFO - DAG(s) 'etl_pipeline' retrieved from /opt/airflow/dags/etl_timeseries_csv_pipeline.py
[2025-10-09T14:09:22.686+0000] {logging_mixin.py:188} INFO - [2025-10-09T14:09:22.686+0000] {dag.py:3096} INFO - Sync 1 DAGs
[2025-10-09T14:09:22.706+0000] {logging_mixin.py:188} INFO - [2025-10-09T14:09:22.705+0000] {dag.py:3954} INFO - Setting next_dagrun for etl_pipeline to 2025-10-08 00:00:00+00:00, run_after=2025-10-09 00:00:00+00:00
[2025-10-09T14:09:22.736+0000] {processor.py:183} INFO - Processing /opt/airflow/dags/etl_timeseries_csv_pipeline.py took 0.104 seconds
[2025-10-09T14:09:53.700+0000] {processor.py:161} INFO - Started process (PID=2934) to work on /opt/airflow/dags/etl_timeseries_csv_pipeline.py
[2025-10-09T14:09:53.701+0000] {processor.py:830} INFO - Processing file /opt/airflow/dags/etl_timeseries_csv_pipeline.py for tasks to queue
[2025-10-09T14:09:53.702+0000] {logging_mixin.py:188} INFO - [2025-10-09T14:09:53.702+0000] {dagbag.py:545} INFO - Filling up the DagBag from /opt/airflow/dags/etl_timeseries_csv_pipeline.py
[2025-10-09T14:09:53.722+0000] {processor.py:840} INFO - DAG(s) 'etl_pipeline' retrieved from /opt/airflow/dags/etl_timeseries_csv_pipeline.py
[2025-10-09T14:09:53.753+0000] {logging_mixin.py:188} INFO - [2025-10-09T14:09:53.753+0000] {dag.py:3096} INFO - Sync 1 DAGs
[2025-10-09T14:09:53.783+0000] {logging_mixin.py:188} INFO - [2025-10-09T14:09:53.783+0000] {dag.py:3954} INFO - Setting next_dagrun for etl_pipeline to 2025-10-08 00:00:00+00:00, run_after=2025-10-09 00:00:00+00:00
[2025-10-09T14:09:53.819+0000] {processor.py:183} INFO - Processing /opt/airflow/dags/etl_timeseries_csv_pipeline.py took 0.124 seconds
[2025-10-09T14:10:24.278+0000] {processor.py:161} INFO - Started process (PID=2946) to work on /opt/airflow/dags/etl_timeseries_csv_pipeline.py
[2025-10-09T14:10:24.279+0000] {processor.py:830} INFO - Processing file /opt/airflow/dags/etl_timeseries_csv_pipeline.py for tasks to queue
[2025-10-09T14:10:24.280+0000] {logging_mixin.py:188} INFO - [2025-10-09T14:10:24.280+0000] {dagbag.py:545} INFO - Filling up the DagBag from /opt/airflow/dags/etl_timeseries_csv_pipeline.py
[2025-10-09T14:10:24.303+0000] {processor.py:840} INFO - DAG(s) 'etl_pipeline' retrieved from /opt/airflow/dags/etl_timeseries_csv_pipeline.py
[2025-10-09T14:10:24.334+0000] {logging_mixin.py:188} INFO - [2025-10-09T14:10:24.334+0000] {dag.py:3096} INFO - Sync 1 DAGs
[2025-10-09T14:10:24.363+0000] {logging_mixin.py:188} INFO - [2025-10-09T14:10:24.362+0000] {dag.py:3954} INFO - Setting next_dagrun for etl_pipeline to 2025-10-08 00:00:00+00:00, run_after=2025-10-09 00:00:00+00:00
[2025-10-09T14:10:24.388+0000] {processor.py:183} INFO - Processing /opt/airflow/dags/etl_timeseries_csv_pipeline.py took 0.115 seconds
[2025-10-09T14:10:55.361+0000] {processor.py:161} INFO - Started process (PID=2958) to work on /opt/airflow/dags/etl_timeseries_csv_pipeline.py
[2025-10-09T14:10:55.362+0000] {processor.py:830} INFO - Processing file /opt/airflow/dags/etl_timeseries_csv_pipeline.py for tasks to queue
[2025-10-09T14:10:55.362+0000] {logging_mixin.py:188} INFO - [2025-10-09T14:10:55.362+0000] {dagbag.py:545} INFO - Filling up the DagBag from /opt/airflow/dags/etl_timeseries_csv_pipeline.py
[2025-10-09T14:10:55.378+0000] {processor.py:840} INFO - DAG(s) 'etl_pipeline' retrieved from /opt/airflow/dags/etl_timeseries_csv_pipeline.py
[2025-10-09T14:10:55.402+0000] {logging_mixin.py:188} INFO - [2025-10-09T14:10:55.401+0000] {dag.py:3096} INFO - Sync 1 DAGs
[2025-10-09T14:10:55.426+0000] {logging_mixin.py:188} INFO - [2025-10-09T14:10:55.425+0000] {dag.py:3954} INFO - Setting next_dagrun for etl_pipeline to 2025-10-08 00:00:00+00:00, run_after=2025-10-09 00:00:00+00:00
[2025-10-09T14:10:55.450+0000] {processor.py:183} INFO - Processing /opt/airflow/dags/etl_timeseries_csv_pipeline.py took 0.093 seconds
[2025-10-09T14:11:28.142+0000] {processor.py:161} INFO - Started process (PID=2970) to work on /opt/airflow/dags/etl_timeseries_csv_pipeline.py
[2025-10-09T14:11:28.143+0000] {processor.py:830} INFO - Processing file /opt/airflow/dags/etl_timeseries_csv_pipeline.py for tasks to queue
[2025-10-09T14:11:28.143+0000] {logging_mixin.py:188} INFO - [2025-10-09T14:11:28.143+0000] {dagbag.py:545} INFO - Filling up the DagBag from /opt/airflow/dags/etl_timeseries_csv_pipeline.py
[2025-10-09T14:11:28.163+0000] {processor.py:840} INFO - DAG(s) 'etl_pipeline' retrieved from /opt/airflow/dags/etl_timeseries_csv_pipeline.py
[2025-10-09T14:11:28.192+0000] {logging_mixin.py:188} INFO - [2025-10-09T14:11:28.192+0000] {dag.py:3096} INFO - Sync 1 DAGs
[2025-10-09T14:11:28.211+0000] {logging_mixin.py:188} INFO - [2025-10-09T14:11:28.211+0000] {dag.py:3954} INFO - Setting next_dagrun for etl_pipeline to 2025-10-08 00:00:00+00:00, run_after=2025-10-09 00:00:00+00:00
[2025-10-09T14:11:28.235+0000] {processor.py:183} INFO - Processing /opt/airflow/dags/etl_timeseries_csv_pipeline.py took 0.099 seconds
[2025-10-09T14:11:59.217+0000] {processor.py:161} INFO - Started process (PID=2982) to work on /opt/airflow/dags/etl_timeseries_csv_pipeline.py
[2025-10-09T14:11:59.218+0000] {processor.py:830} INFO - Processing file /opt/airflow/dags/etl_timeseries_csv_pipeline.py for tasks to queue
[2025-10-09T14:11:59.218+0000] {logging_mixin.py:188} INFO - [2025-10-09T14:11:59.218+0000] {dagbag.py:545} INFO - Filling up the DagBag from /opt/airflow/dags/etl_timeseries_csv_pipeline.py
[2025-10-09T14:11:59.237+0000] {processor.py:840} INFO - DAG(s) 'etl_pipeline' retrieved from /opt/airflow/dags/etl_timeseries_csv_pipeline.py
[2025-10-09T14:11:59.260+0000] {logging_mixin.py:188} INFO - [2025-10-09T14:11:59.260+0000] {dag.py:3096} INFO - Sync 1 DAGs
[2025-10-09T14:11:59.291+0000] {logging_mixin.py:188} INFO - [2025-10-09T14:11:59.291+0000] {dag.py:3954} INFO - Setting next_dagrun for etl_pipeline to 2025-10-08 00:00:00+00:00, run_after=2025-10-09 00:00:00+00:00
[2025-10-09T14:11:59.317+0000] {processor.py:183} INFO - Processing /opt/airflow/dags/etl_timeseries_csv_pipeline.py took 0.104 seconds
[2025-10-09T14:12:29.691+0000] {processor.py:161} INFO - Started process (PID=2994) to work on /opt/airflow/dags/etl_timeseries_csv_pipeline.py
[2025-10-09T14:12:29.691+0000] {processor.py:830} INFO - Processing file /opt/airflow/dags/etl_timeseries_csv_pipeline.py for tasks to queue
[2025-10-09T14:12:29.692+0000] {logging_mixin.py:188} INFO - [2025-10-09T14:12:29.692+0000] {dagbag.py:545} INFO - Filling up the DagBag from /opt/airflow/dags/etl_timeseries_csv_pipeline.py
[2025-10-09T14:12:29.713+0000] {processor.py:840} INFO - DAG(s) 'etl_pipeline' retrieved from /opt/airflow/dags/etl_timeseries_csv_pipeline.py
[2025-10-09T14:12:29.747+0000] {logging_mixin.py:188} INFO - [2025-10-09T14:12:29.747+0000] {dag.py:3096} INFO - Sync 1 DAGs
[2025-10-09T14:12:29.766+0000] {logging_mixin.py:188} INFO - [2025-10-09T14:12:29.766+0000] {dag.py:3954} INFO - Setting next_dagrun for etl_pipeline to 2025-10-08 00:00:00+00:00, run_after=2025-10-09 00:00:00+00:00
[2025-10-09T14:12:29.793+0000] {processor.py:183} INFO - Processing /opt/airflow/dags/etl_timeseries_csv_pipeline.py took 0.107 seconds
[2025-10-09T14:13:01.035+0000] {processor.py:161} INFO - Started process (PID=3006) to work on /opt/airflow/dags/etl_timeseries_csv_pipeline.py
[2025-10-09T14:13:01.036+0000] {processor.py:830} INFO - Processing file /opt/airflow/dags/etl_timeseries_csv_pipeline.py for tasks to queue
[2025-10-09T14:13:01.037+0000] {logging_mixin.py:188} INFO - [2025-10-09T14:13:01.037+0000] {dagbag.py:545} INFO - Filling up the DagBag from /opt/airflow/dags/etl_timeseries_csv_pipeline.py
[2025-10-09T14:13:01.055+0000] {processor.py:840} INFO - DAG(s) 'etl_pipeline' retrieved from /opt/airflow/dags/etl_timeseries_csv_pipeline.py
[2025-10-09T14:13:01.080+0000] {logging_mixin.py:188} INFO - [2025-10-09T14:13:01.080+0000] {dag.py:3096} INFO - Sync 1 DAGs
[2025-10-09T14:13:01.099+0000] {logging_mixin.py:188} INFO - [2025-10-09T14:13:01.098+0000] {dag.py:3954} INFO - Setting next_dagrun for etl_pipeline to 2025-10-08 00:00:00+00:00, run_after=2025-10-09 00:00:00+00:00
[2025-10-09T14:13:01.118+0000] {processor.py:183} INFO - Processing /opt/airflow/dags/etl_timeseries_csv_pipeline.py took 0.087 seconds
[2025-10-09T14:13:31.883+0000] {processor.py:161} INFO - Started process (PID=3018) to work on /opt/airflow/dags/etl_timeseries_csv_pipeline.py
[2025-10-09T14:13:31.884+0000] {processor.py:830} INFO - Processing file /opt/airflow/dags/etl_timeseries_csv_pipeline.py for tasks to queue
[2025-10-09T14:13:31.885+0000] {logging_mixin.py:188} INFO - [2025-10-09T14:13:31.885+0000] {dagbag.py:545} INFO - Filling up the DagBag from /opt/airflow/dags/etl_timeseries_csv_pipeline.py
[2025-10-09T14:13:31.904+0000] {processor.py:840} INFO - DAG(s) 'etl_pipeline' retrieved from /opt/airflow/dags/etl_timeseries_csv_pipeline.py
[2025-10-09T14:13:31.934+0000] {logging_mixin.py:188} INFO - [2025-10-09T14:13:31.933+0000] {dag.py:3096} INFO - Sync 1 DAGs
[2025-10-09T14:13:31.958+0000] {logging_mixin.py:188} INFO - [2025-10-09T14:13:31.958+0000] {dag.py:3954} INFO - Setting next_dagrun for etl_pipeline to 2025-10-08 00:00:00+00:00, run_after=2025-10-09 00:00:00+00:00
[2025-10-09T14:13:32.045+0000] {processor.py:183} INFO - Processing /opt/airflow/dags/etl_timeseries_csv_pipeline.py took 0.166 seconds
[2025-10-09T14:14:02.668+0000] {processor.py:161} INFO - Started process (PID=3030) to work on /opt/airflow/dags/etl_timeseries_csv_pipeline.py
[2025-10-09T14:14:02.669+0000] {processor.py:830} INFO - Processing file /opt/airflow/dags/etl_timeseries_csv_pipeline.py for tasks to queue
[2025-10-09T14:14:02.670+0000] {logging_mixin.py:188} INFO - [2025-10-09T14:14:02.670+0000] {dagbag.py:545} INFO - Filling up the DagBag from /opt/airflow/dags/etl_timeseries_csv_pipeline.py
[2025-10-09T14:14:02.687+0000] {processor.py:840} INFO - DAG(s) 'etl_pipeline' retrieved from /opt/airflow/dags/etl_timeseries_csv_pipeline.py
[2025-10-09T14:14:02.719+0000] {logging_mixin.py:188} INFO - [2025-10-09T14:14:02.719+0000] {dag.py:3096} INFO - Sync 1 DAGs
[2025-10-09T14:14:02.743+0000] {logging_mixin.py:188} INFO - [2025-10-09T14:14:02.742+0000] {dag.py:3954} INFO - Setting next_dagrun for etl_pipeline to 2025-10-08 00:00:00+00:00, run_after=2025-10-09 00:00:00+00:00
[2025-10-09T14:14:02.765+0000] {processor.py:183} INFO - Processing /opt/airflow/dags/etl_timeseries_csv_pipeline.py took 0.101 seconds
[2025-10-09T14:14:33.362+0000] {processor.py:161} INFO - Started process (PID=3042) to work on /opt/airflow/dags/etl_timeseries_csv_pipeline.py
[2025-10-09T14:14:33.363+0000] {processor.py:830} INFO - Processing file /opt/airflow/dags/etl_timeseries_csv_pipeline.py for tasks to queue
[2025-10-09T14:14:33.364+0000] {logging_mixin.py:188} INFO - [2025-10-09T14:14:33.363+0000] {dagbag.py:545} INFO - Filling up the DagBag from /opt/airflow/dags/etl_timeseries_csv_pipeline.py
[2025-10-09T14:14:33.380+0000] {processor.py:840} INFO - DAG(s) 'etl_pipeline' retrieved from /opt/airflow/dags/etl_timeseries_csv_pipeline.py
[2025-10-09T14:14:33.402+0000] {logging_mixin.py:188} INFO - [2025-10-09T14:14:33.402+0000] {dag.py:3096} INFO - Sync 1 DAGs
[2025-10-09T14:14:33.425+0000] {logging_mixin.py:188} INFO - [2025-10-09T14:14:33.425+0000] {dag.py:3954} INFO - Setting next_dagrun for etl_pipeline to 2025-10-08 00:00:00+00:00, run_after=2025-10-09 00:00:00+00:00
[2025-10-09T14:14:33.455+0000] {processor.py:183} INFO - Processing /opt/airflow/dags/etl_timeseries_csv_pipeline.py took 0.098 seconds
[2025-10-09T14:15:04.513+0000] {processor.py:161} INFO - Started process (PID=3054) to work on /opt/airflow/dags/etl_timeseries_csv_pipeline.py
[2025-10-09T14:15:04.514+0000] {processor.py:830} INFO - Processing file /opt/airflow/dags/etl_timeseries_csv_pipeline.py for tasks to queue
[2025-10-09T14:15:04.514+0000] {logging_mixin.py:188} INFO - [2025-10-09T14:15:04.514+0000] {dagbag.py:545} INFO - Filling up the DagBag from /opt/airflow/dags/etl_timeseries_csv_pipeline.py
[2025-10-09T14:15:04.535+0000] {processor.py:840} INFO - DAG(s) 'etl_pipeline' retrieved from /opt/airflow/dags/etl_timeseries_csv_pipeline.py
[2025-10-09T14:15:04.562+0000] {logging_mixin.py:188} INFO - [2025-10-09T14:15:04.561+0000] {dag.py:3096} INFO - Sync 1 DAGs
[2025-10-09T14:15:04.582+0000] {logging_mixin.py:188} INFO - [2025-10-09T14:15:04.582+0000] {dag.py:3954} INFO - Setting next_dagrun for etl_pipeline to 2025-10-08 00:00:00+00:00, run_after=2025-10-09 00:00:00+00:00
[2025-10-09T14:15:04.604+0000] {processor.py:183} INFO - Processing /opt/airflow/dags/etl_timeseries_csv_pipeline.py took 0.096 seconds
[2025-10-09T14:15:35.447+0000] {processor.py:161} INFO - Started process (PID=3066) to work on /opt/airflow/dags/etl_timeseries_csv_pipeline.py
[2025-10-09T14:15:35.447+0000] {processor.py:830} INFO - Processing file /opt/airflow/dags/etl_timeseries_csv_pipeline.py for tasks to queue
[2025-10-09T14:15:35.448+0000] {logging_mixin.py:188} INFO - [2025-10-09T14:15:35.448+0000] {dagbag.py:545} INFO - Filling up the DagBag from /opt/airflow/dags/etl_timeseries_csv_pipeline.py
[2025-10-09T14:15:35.467+0000] {processor.py:840} INFO - DAG(s) 'etl_pipeline' retrieved from /opt/airflow/dags/etl_timeseries_csv_pipeline.py
[2025-10-09T14:15:35.506+0000] {logging_mixin.py:188} INFO - [2025-10-09T14:15:35.505+0000] {dag.py:3096} INFO - Sync 1 DAGs
[2025-10-09T14:15:35.527+0000] {logging_mixin.py:188} INFO - [2025-10-09T14:15:35.527+0000] {dag.py:3954} INFO - Setting next_dagrun for etl_pipeline to 2025-10-08 00:00:00+00:00, run_after=2025-10-09 00:00:00+00:00
[2025-10-09T14:15:35.547+0000] {processor.py:183} INFO - Processing /opt/airflow/dags/etl_timeseries_csv_pipeline.py took 0.106 seconds
[2025-10-09T14:16:06.474+0000] {processor.py:161} INFO - Started process (PID=3078) to work on /opt/airflow/dags/etl_timeseries_csv_pipeline.py
[2025-10-09T14:16:06.475+0000] {processor.py:830} INFO - Processing file /opt/airflow/dags/etl_timeseries_csv_pipeline.py for tasks to queue
[2025-10-09T14:16:06.476+0000] {logging_mixin.py:188} INFO - [2025-10-09T14:16:06.476+0000] {dagbag.py:545} INFO - Filling up the DagBag from /opt/airflow/dags/etl_timeseries_csv_pipeline.py
[2025-10-09T14:16:06.496+0000] {processor.py:840} INFO - DAG(s) 'etl_pipeline' retrieved from /opt/airflow/dags/etl_timeseries_csv_pipeline.py
[2025-10-09T14:16:06.528+0000] {logging_mixin.py:188} INFO - [2025-10-09T14:16:06.528+0000] {dag.py:3096} INFO - Sync 1 DAGs
[2025-10-09T14:16:06.549+0000] {logging_mixin.py:188} INFO - [2025-10-09T14:16:06.549+0000] {dag.py:3954} INFO - Setting next_dagrun for etl_pipeline to 2025-10-08 00:00:00+00:00, run_after=2025-10-09 00:00:00+00:00
[2025-10-09T14:16:06.568+0000] {processor.py:183} INFO - Processing /opt/airflow/dags/etl_timeseries_csv_pipeline.py took 0.101 seconds
[2025-10-09T14:16:36.836+0000] {processor.py:161} INFO - Started process (PID=3090) to work on /opt/airflow/dags/etl_timeseries_csv_pipeline.py
[2025-10-09T14:16:36.837+0000] {processor.py:830} INFO - Processing file /opt/airflow/dags/etl_timeseries_csv_pipeline.py for tasks to queue
[2025-10-09T14:16:36.839+0000] {logging_mixin.py:188} INFO - [2025-10-09T14:16:36.838+0000] {dagbag.py:545} INFO - Filling up the DagBag from /opt/airflow/dags/etl_timeseries_csv_pipeline.py
[2025-10-09T14:16:36.861+0000] {processor.py:840} INFO - DAG(s) 'etl_pipeline' retrieved from /opt/airflow/dags/etl_timeseries_csv_pipeline.py
[2025-10-09T14:16:36.886+0000] {logging_mixin.py:188} INFO - [2025-10-09T14:16:36.885+0000] {dag.py:3096} INFO - Sync 1 DAGs
[2025-10-09T14:16:36.904+0000] {logging_mixin.py:188} INFO - [2025-10-09T14:16:36.904+0000] {dag.py:3954} INFO - Setting next_dagrun for etl_pipeline to 2025-10-08 00:00:00+00:00, run_after=2025-10-09 00:00:00+00:00
[2025-10-09T14:16:36.932+0000] {processor.py:183} INFO - Processing /opt/airflow/dags/etl_timeseries_csv_pipeline.py took 0.102 seconds
[2025-10-09T14:17:09.659+0000] {processor.py:161} INFO - Started process (PID=3102) to work on /opt/airflow/dags/etl_timeseries_csv_pipeline.py
[2025-10-09T14:17:09.660+0000] {processor.py:830} INFO - Processing file /opt/airflow/dags/etl_timeseries_csv_pipeline.py for tasks to queue
[2025-10-09T14:17:09.661+0000] {logging_mixin.py:188} INFO - [2025-10-09T14:17:09.660+0000] {dagbag.py:545} INFO - Filling up the DagBag from /opt/airflow/dags/etl_timeseries_csv_pipeline.py
[2025-10-09T14:17:09.678+0000] {processor.py:840} INFO - DAG(s) 'etl_pipeline' retrieved from /opt/airflow/dags/etl_timeseries_csv_pipeline.py
[2025-10-09T14:17:09.706+0000] {logging_mixin.py:188} INFO - [2025-10-09T14:17:09.705+0000] {dag.py:3096} INFO - Sync 1 DAGs
[2025-10-09T14:17:09.731+0000] {logging_mixin.py:188} INFO - [2025-10-09T14:17:09.731+0000] {dag.py:3954} INFO - Setting next_dagrun for etl_pipeline to 2025-10-08 00:00:00+00:00, run_after=2025-10-09 00:00:00+00:00
[2025-10-09T14:17:09.756+0000] {processor.py:183} INFO - Processing /opt/airflow/dags/etl_timeseries_csv_pipeline.py took 0.101 seconds
[2025-10-09T14:17:40.712+0000] {processor.py:161} INFO - Started process (PID=3114) to work on /opt/airflow/dags/etl_timeseries_csv_pipeline.py
[2025-10-09T14:17:40.713+0000] {processor.py:830} INFO - Processing file /opt/airflow/dags/etl_timeseries_csv_pipeline.py for tasks to queue
[2025-10-09T14:17:40.714+0000] {logging_mixin.py:188} INFO - [2025-10-09T14:17:40.713+0000] {dagbag.py:545} INFO - Filling up the DagBag from /opt/airflow/dags/etl_timeseries_csv_pipeline.py
[2025-10-09T14:17:40.730+0000] {processor.py:840} INFO - DAG(s) 'etl_pipeline' retrieved from /opt/airflow/dags/etl_timeseries_csv_pipeline.py
[2025-10-09T14:17:40.757+0000] {logging_mixin.py:188} INFO - [2025-10-09T14:17:40.757+0000] {dag.py:3096} INFO - Sync 1 DAGs
[2025-10-09T14:17:40.783+0000] {logging_mixin.py:188} INFO - [2025-10-09T14:17:40.783+0000] {dag.py:3954} INFO - Setting next_dagrun for etl_pipeline to 2025-10-08 00:00:00+00:00, run_after=2025-10-09 00:00:00+00:00
[2025-10-09T14:17:40.808+0000] {processor.py:183} INFO - Processing /opt/airflow/dags/etl_timeseries_csv_pipeline.py took 0.100 seconds
[2025-10-09T14:18:11.565+0000] {processor.py:161} INFO - Started process (PID=3126) to work on /opt/airflow/dags/etl_timeseries_csv_pipeline.py
[2025-10-09T14:18:11.566+0000] {processor.py:830} INFO - Processing file /opt/airflow/dags/etl_timeseries_csv_pipeline.py for tasks to queue
[2025-10-09T14:18:11.567+0000] {logging_mixin.py:188} INFO - [2025-10-09T14:18:11.566+0000] {dagbag.py:545} INFO - Filling up the DagBag from /opt/airflow/dags/etl_timeseries_csv_pipeline.py
[2025-10-09T14:18:11.584+0000] {processor.py:840} INFO - DAG(s) 'etl_pipeline' retrieved from /opt/airflow/dags/etl_timeseries_csv_pipeline.py
[2025-10-09T14:18:11.611+0000] {logging_mixin.py:188} INFO - [2025-10-09T14:18:11.611+0000] {dag.py:3096} INFO - Sync 1 DAGs
[2025-10-09T14:18:11.636+0000] {logging_mixin.py:188} INFO - [2025-10-09T14:18:11.636+0000] {dag.py:3954} INFO - Setting next_dagrun for etl_pipeline to 2025-10-08 00:00:00+00:00, run_after=2025-10-09 00:00:00+00:00
[2025-10-09T14:18:11.665+0000] {processor.py:183} INFO - Processing /opt/airflow/dags/etl_timeseries_csv_pipeline.py took 0.105 seconds
[2025-10-09T14:18:42.087+0000] {processor.py:161} INFO - Started process (PID=3138) to work on /opt/airflow/dags/etl_timeseries_csv_pipeline.py
[2025-10-09T14:18:42.087+0000] {processor.py:830} INFO - Processing file /opt/airflow/dags/etl_timeseries_csv_pipeline.py for tasks to queue
[2025-10-09T14:18:42.088+0000] {logging_mixin.py:188} INFO - [2025-10-09T14:18:42.088+0000] {dagbag.py:545} INFO - Filling up the DagBag from /opt/airflow/dags/etl_timeseries_csv_pipeline.py
[2025-10-09T14:18:42.102+0000] {processor.py:840} INFO - DAG(s) 'etl_pipeline' retrieved from /opt/airflow/dags/etl_timeseries_csv_pipeline.py
[2025-10-09T14:18:42.127+0000] {logging_mixin.py:188} INFO - [2025-10-09T14:18:42.126+0000] {dag.py:3096} INFO - Sync 1 DAGs
[2025-10-09T14:18:42.146+0000] {logging_mixin.py:188} INFO - [2025-10-09T14:18:42.145+0000] {dag.py:3954} INFO - Setting next_dagrun for etl_pipeline to 2025-10-08 00:00:00+00:00, run_after=2025-10-09 00:00:00+00:00
[2025-10-09T14:18:42.168+0000] {processor.py:183} INFO - Processing /opt/airflow/dags/etl_timeseries_csv_pipeline.py took 0.086 seconds
[2025-10-09T14:19:13.305+0000] {processor.py:161} INFO - Started process (PID=3150) to work on /opt/airflow/dags/etl_timeseries_csv_pipeline.py
[2025-10-09T14:19:13.305+0000] {processor.py:830} INFO - Processing file /opt/airflow/dags/etl_timeseries_csv_pipeline.py for tasks to queue
[2025-10-09T14:19:13.306+0000] {logging_mixin.py:188} INFO - [2025-10-09T14:19:13.306+0000] {dagbag.py:545} INFO - Filling up the DagBag from /opt/airflow/dags/etl_timeseries_csv_pipeline.py
[2025-10-09T14:19:13.321+0000] {processor.py:840} INFO - DAG(s) 'etl_pipeline' retrieved from /opt/airflow/dags/etl_timeseries_csv_pipeline.py
[2025-10-09T14:19:13.342+0000] {logging_mixin.py:188} INFO - [2025-10-09T14:19:13.341+0000] {dag.py:3096} INFO - Sync 1 DAGs
[2025-10-09T14:19:13.360+0000] {logging_mixin.py:188} INFO - [2025-10-09T14:19:13.360+0000] {dag.py:3954} INFO - Setting next_dagrun for etl_pipeline to 2025-10-08 00:00:00+00:00, run_after=2025-10-09 00:00:00+00:00
[2025-10-09T14:19:13.382+0000] {processor.py:183} INFO - Processing /opt/airflow/dags/etl_timeseries_csv_pipeline.py took 0.082 seconds
[2025-10-09T14:19:46.207+0000] {processor.py:161} INFO - Started process (PID=3162) to work on /opt/airflow/dags/etl_timeseries_csv_pipeline.py
[2025-10-09T14:19:46.208+0000] {processor.py:830} INFO - Processing file /opt/airflow/dags/etl_timeseries_csv_pipeline.py for tasks to queue
[2025-10-09T14:19:46.209+0000] {logging_mixin.py:188} INFO - [2025-10-09T14:19:46.208+0000] {dagbag.py:545} INFO - Filling up the DagBag from /opt/airflow/dags/etl_timeseries_csv_pipeline.py
[2025-10-09T14:19:46.228+0000] {processor.py:840} INFO - DAG(s) 'etl_pipeline' retrieved from /opt/airflow/dags/etl_timeseries_csv_pipeline.py
[2025-10-09T14:19:46.251+0000] {logging_mixin.py:188} INFO - [2025-10-09T14:19:46.251+0000] {dag.py:3096} INFO - Sync 1 DAGs
[2025-10-09T14:19:46.282+0000] {logging_mixin.py:188} INFO - [2025-10-09T14:19:46.281+0000] {dag.py:3954} INFO - Setting next_dagrun for etl_pipeline to 2025-10-08 00:00:00+00:00, run_after=2025-10-09 00:00:00+00:00
[2025-10-09T14:19:46.305+0000] {processor.py:183} INFO - Processing /opt/airflow/dags/etl_timeseries_csv_pipeline.py took 0.103 seconds
[2025-10-09T14:20:17.040+0000] {processor.py:161} INFO - Started process (PID=3174) to work on /opt/airflow/dags/etl_timeseries_csv_pipeline.py
[2025-10-09T14:20:17.041+0000] {processor.py:830} INFO - Processing file /opt/airflow/dags/etl_timeseries_csv_pipeline.py for tasks to queue
[2025-10-09T14:20:17.042+0000] {logging_mixin.py:188} INFO - [2025-10-09T14:20:17.042+0000] {dagbag.py:545} INFO - Filling up the DagBag from /opt/airflow/dags/etl_timeseries_csv_pipeline.py
[2025-10-09T14:20:17.064+0000] {processor.py:840} INFO - DAG(s) 'etl_pipeline' retrieved from /opt/airflow/dags/etl_timeseries_csv_pipeline.py
[2025-10-09T14:20:17.087+0000] {logging_mixin.py:188} INFO - [2025-10-09T14:20:17.087+0000] {dag.py:3096} INFO - Sync 1 DAGs
[2025-10-09T14:20:17.112+0000] {logging_mixin.py:188} INFO - [2025-10-09T14:20:17.112+0000] {dag.py:3954} INFO - Setting next_dagrun for etl_pipeline to 2025-10-08 00:00:00+00:00, run_after=2025-10-09 00:00:00+00:00
[2025-10-09T14:20:17.141+0000] {processor.py:183} INFO - Processing /opt/airflow/dags/etl_timeseries_csv_pipeline.py took 0.105 seconds
[2025-10-09T14:20:47.472+0000] {processor.py:161} INFO - Started process (PID=3186) to work on /opt/airflow/dags/etl_timeseries_csv_pipeline.py
[2025-10-09T14:20:47.473+0000] {processor.py:830} INFO - Processing file /opt/airflow/dags/etl_timeseries_csv_pipeline.py for tasks to queue
[2025-10-09T14:20:47.474+0000] {logging_mixin.py:188} INFO - [2025-10-09T14:20:47.474+0000] {dagbag.py:545} INFO - Filling up the DagBag from /opt/airflow/dags/etl_timeseries_csv_pipeline.py
[2025-10-09T14:20:47.495+0000] {processor.py:840} INFO - DAG(s) 'etl_pipeline' retrieved from /opt/airflow/dags/etl_timeseries_csv_pipeline.py
[2025-10-09T14:20:47.527+0000] {logging_mixin.py:188} INFO - [2025-10-09T14:20:47.527+0000] {dag.py:3096} INFO - Sync 1 DAGs
[2025-10-09T14:20:47.553+0000] {logging_mixin.py:188} INFO - [2025-10-09T14:20:47.553+0000] {dag.py:3954} INFO - Setting next_dagrun for etl_pipeline to 2025-10-08 00:00:00+00:00, run_after=2025-10-09 00:00:00+00:00
[2025-10-09T14:20:47.577+0000] {processor.py:183} INFO - Processing /opt/airflow/dags/etl_timeseries_csv_pipeline.py took 0.109 seconds
[2025-10-09T14:21:18.804+0000] {processor.py:161} INFO - Started process (PID=3198) to work on /opt/airflow/dags/etl_timeseries_csv_pipeline.py
[2025-10-09T14:21:18.805+0000] {processor.py:830} INFO - Processing file /opt/airflow/dags/etl_timeseries_csv_pipeline.py for tasks to queue
[2025-10-09T14:21:18.805+0000] {logging_mixin.py:188} INFO - [2025-10-09T14:21:18.805+0000] {dagbag.py:545} INFO - Filling up the DagBag from /opt/airflow/dags/etl_timeseries_csv_pipeline.py
[2025-10-09T14:21:18.821+0000] {processor.py:840} INFO - DAG(s) 'etl_pipeline' retrieved from /opt/airflow/dags/etl_timeseries_csv_pipeline.py
[2025-10-09T14:21:18.845+0000] {logging_mixin.py:188} INFO - [2025-10-09T14:21:18.844+0000] {dag.py:3096} INFO - Sync 1 DAGs
[2025-10-09T14:21:18.866+0000] {logging_mixin.py:188} INFO - [2025-10-09T14:21:18.866+0000] {dag.py:3954} INFO - Setting next_dagrun for etl_pipeline to 2025-10-08 00:00:00+00:00, run_after=2025-10-09 00:00:00+00:00
[2025-10-09T14:21:18.892+0000] {processor.py:183} INFO - Processing /opt/airflow/dags/etl_timeseries_csv_pipeline.py took 0.093 seconds
[2025-10-09T14:21:49.619+0000] {processor.py:161} INFO - Started process (PID=3210) to work on /opt/airflow/dags/etl_timeseries_csv_pipeline.py
[2025-10-09T14:21:49.620+0000] {processor.py:830} INFO - Processing file /opt/airflow/dags/etl_timeseries_csv_pipeline.py for tasks to queue
[2025-10-09T14:21:49.620+0000] {logging_mixin.py:188} INFO - [2025-10-09T14:21:49.620+0000] {dagbag.py:545} INFO - Filling up the DagBag from /opt/airflow/dags/etl_timeseries_csv_pipeline.py
[2025-10-09T14:21:49.638+0000] {processor.py:840} INFO - DAG(s) 'etl_pipeline' retrieved from /opt/airflow/dags/etl_timeseries_csv_pipeline.py
[2025-10-09T14:21:49.667+0000] {logging_mixin.py:188} INFO - [2025-10-09T14:21:49.667+0000] {dag.py:3096} INFO - Sync 1 DAGs
[2025-10-09T14:21:49.688+0000] {logging_mixin.py:188} INFO - [2025-10-09T14:21:49.687+0000] {dag.py:3954} INFO - Setting next_dagrun for etl_pipeline to 2025-10-08 00:00:00+00:00, run_after=2025-10-09 00:00:00+00:00
[2025-10-09T14:21:49.707+0000] {processor.py:183} INFO - Processing /opt/airflow/dags/etl_timeseries_csv_pipeline.py took 0.093 seconds
[2025-10-09T14:22:20.357+0000] {processor.py:161} INFO - Started process (PID=3222) to work on /opt/airflow/dags/etl_timeseries_csv_pipeline.py
[2025-10-09T14:22:20.357+0000] {processor.py:830} INFO - Processing file /opt/airflow/dags/etl_timeseries_csv_pipeline.py for tasks to queue
[2025-10-09T14:22:20.358+0000] {logging_mixin.py:188} INFO - [2025-10-09T14:22:20.358+0000] {dagbag.py:545} INFO - Filling up the DagBag from /opt/airflow/dags/etl_timeseries_csv_pipeline.py
[2025-10-09T14:22:20.374+0000] {processor.py:840} INFO - DAG(s) 'etl_pipeline' retrieved from /opt/airflow/dags/etl_timeseries_csv_pipeline.py
[2025-10-09T14:22:20.398+0000] {logging_mixin.py:188} INFO - [2025-10-09T14:22:20.398+0000] {dag.py:3096} INFO - Sync 1 DAGs
[2025-10-09T14:22:20.425+0000] {logging_mixin.py:188} INFO - [2025-10-09T14:22:20.424+0000] {dag.py:3954} INFO - Setting next_dagrun for etl_pipeline to 2025-10-08 00:00:00+00:00, run_after=2025-10-09 00:00:00+00:00
[2025-10-09T14:22:20.442+0000] {processor.py:183} INFO - Processing /opt/airflow/dags/etl_timeseries_csv_pipeline.py took 0.090 seconds
[2025-10-09T14:22:50.495+0000] {processor.py:161} INFO - Started process (PID=3234) to work on /opt/airflow/dags/etl_timeseries_csv_pipeline.py
[2025-10-09T14:22:50.496+0000] {processor.py:830} INFO - Processing file /opt/airflow/dags/etl_timeseries_csv_pipeline.py for tasks to queue
[2025-10-09T14:22:50.497+0000] {logging_mixin.py:188} INFO - [2025-10-09T14:22:50.496+0000] {dagbag.py:545} INFO - Filling up the DagBag from /opt/airflow/dags/etl_timeseries_csv_pipeline.py
[2025-10-09T14:22:50.513+0000] {processor.py:840} INFO - DAG(s) 'etl_pipeline' retrieved from /opt/airflow/dags/etl_timeseries_csv_pipeline.py
[2025-10-09T14:22:50.540+0000] {logging_mixin.py:188} INFO - [2025-10-09T14:22:50.540+0000] {dag.py:3096} INFO - Sync 1 DAGs
[2025-10-09T14:22:50.564+0000] {logging_mixin.py:188} INFO - [2025-10-09T14:22:50.563+0000] {dag.py:3954} INFO - Setting next_dagrun for etl_pipeline to 2025-10-08 00:00:00+00:00, run_after=2025-10-09 00:00:00+00:00
[2025-10-09T14:22:50.586+0000] {processor.py:183} INFO - Processing /opt/airflow/dags/etl_timeseries_csv_pipeline.py took 0.096 seconds
[2025-10-09T14:23:21.556+0000] {processor.py:161} INFO - Started process (PID=3246) to work on /opt/airflow/dags/etl_timeseries_csv_pipeline.py
[2025-10-09T14:23:21.557+0000] {processor.py:830} INFO - Processing file /opt/airflow/dags/etl_timeseries_csv_pipeline.py for tasks to queue
[2025-10-09T14:23:21.558+0000] {logging_mixin.py:188} INFO - [2025-10-09T14:23:21.557+0000] {dagbag.py:545} INFO - Filling up the DagBag from /opt/airflow/dags/etl_timeseries_csv_pipeline.py
[2025-10-09T14:23:21.573+0000] {processor.py:840} INFO - DAG(s) 'etl_pipeline' retrieved from /opt/airflow/dags/etl_timeseries_csv_pipeline.py
[2025-10-09T14:23:21.596+0000] {logging_mixin.py:188} INFO - [2025-10-09T14:23:21.595+0000] {dag.py:3096} INFO - Sync 1 DAGs
[2025-10-09T14:23:21.614+0000] {logging_mixin.py:188} INFO - [2025-10-09T14:23:21.613+0000] {dag.py:3954} INFO - Setting next_dagrun for etl_pipeline to 2025-10-08 00:00:00+00:00, run_after=2025-10-09 00:00:00+00:00
[2025-10-09T14:23:21.633+0000] {processor.py:183} INFO - Processing /opt/airflow/dags/etl_timeseries_csv_pipeline.py took 0.082 seconds
[2025-10-09T14:23:52.422+0000] {processor.py:161} INFO - Started process (PID=3258) to work on /opt/airflow/dags/etl_timeseries_csv_pipeline.py
[2025-10-09T14:23:52.423+0000] {processor.py:830} INFO - Processing file /opt/airflow/dags/etl_timeseries_csv_pipeline.py for tasks to queue
[2025-10-09T14:23:52.424+0000] {logging_mixin.py:188} INFO - [2025-10-09T14:23:52.424+0000] {dagbag.py:545} INFO - Filling up the DagBag from /opt/airflow/dags/etl_timeseries_csv_pipeline.py
[2025-10-09T14:23:52.448+0000] {processor.py:840} INFO - DAG(s) 'etl_pipeline' retrieved from /opt/airflow/dags/etl_timeseries_csv_pipeline.py
[2025-10-09T14:23:52.475+0000] {logging_mixin.py:188} INFO - [2025-10-09T14:23:52.474+0000] {dag.py:3096} INFO - Sync 1 DAGs
[2025-10-09T14:23:52.496+0000] {logging_mixin.py:188} INFO - [2025-10-09T14:23:52.496+0000] {dag.py:3954} INFO - Setting next_dagrun for etl_pipeline to 2025-10-08 00:00:00+00:00, run_after=2025-10-09 00:00:00+00:00
[2025-10-09T14:23:52.520+0000] {processor.py:183} INFO - Processing /opt/airflow/dags/etl_timeseries_csv_pipeline.py took 0.105 seconds
[2025-10-09T14:24:23.231+0000] {processor.py:161} INFO - Started process (PID=3270) to work on /opt/airflow/dags/etl_timeseries_csv_pipeline.py
[2025-10-09T14:24:23.232+0000] {processor.py:830} INFO - Processing file /opt/airflow/dags/etl_timeseries_csv_pipeline.py for tasks to queue
[2025-10-09T14:24:23.233+0000] {logging_mixin.py:188} INFO - [2025-10-09T14:24:23.233+0000] {dagbag.py:545} INFO - Filling up the DagBag from /opt/airflow/dags/etl_timeseries_csv_pipeline.py
[2025-10-09T14:24:23.251+0000] {processor.py:840} INFO - DAG(s) 'etl_pipeline' retrieved from /opt/airflow/dags/etl_timeseries_csv_pipeline.py
[2025-10-09T14:24:23.275+0000] {logging_mixin.py:188} INFO - [2025-10-09T14:24:23.275+0000] {dag.py:3096} INFO - Sync 1 DAGs
[2025-10-09T14:24:23.298+0000] {logging_mixin.py:188} INFO - [2025-10-09T14:24:23.298+0000] {dag.py:3954} INFO - Setting next_dagrun for etl_pipeline to 2025-10-08 00:00:00+00:00, run_after=2025-10-09 00:00:00+00:00
[2025-10-09T14:24:23.320+0000] {processor.py:183} INFO - Processing /opt/airflow/dags/etl_timeseries_csv_pipeline.py took 0.093 seconds
[2025-10-09T14:24:53.838+0000] {processor.py:161} INFO - Started process (PID=3282) to work on /opt/airflow/dags/etl_timeseries_csv_pipeline.py
[2025-10-09T14:24:53.838+0000] {processor.py:830} INFO - Processing file /opt/airflow/dags/etl_timeseries_csv_pipeline.py for tasks to queue
[2025-10-09T14:24:53.839+0000] {logging_mixin.py:188} INFO - [2025-10-09T14:24:53.839+0000] {dagbag.py:545} INFO - Filling up the DagBag from /opt/airflow/dags/etl_timeseries_csv_pipeline.py
[2025-10-09T14:24:53.856+0000] {processor.py:840} INFO - DAG(s) 'etl_pipeline' retrieved from /opt/airflow/dags/etl_timeseries_csv_pipeline.py
[2025-10-09T14:24:53.885+0000] {logging_mixin.py:188} INFO - [2025-10-09T14:24:53.884+0000] {dag.py:3096} INFO - Sync 1 DAGs
[2025-10-09T14:24:53.903+0000] {logging_mixin.py:188} INFO - [2025-10-09T14:24:53.903+0000] {dag.py:3954} INFO - Setting next_dagrun for etl_pipeline to 2025-10-08 00:00:00+00:00, run_after=2025-10-09 00:00:00+00:00
[2025-10-09T14:24:53.926+0000] {processor.py:183} INFO - Processing /opt/airflow/dags/etl_timeseries_csv_pipeline.py took 0.093 seconds
[2025-10-09T14:25:24.974+0000] {processor.py:161} INFO - Started process (PID=3294) to work on /opt/airflow/dags/etl_timeseries_csv_pipeline.py
[2025-10-09T14:25:24.975+0000] {processor.py:830} INFO - Processing file /opt/airflow/dags/etl_timeseries_csv_pipeline.py for tasks to queue
[2025-10-09T14:25:24.975+0000] {logging_mixin.py:188} INFO - [2025-10-09T14:25:24.975+0000] {dagbag.py:545} INFO - Filling up the DagBag from /opt/airflow/dags/etl_timeseries_csv_pipeline.py
[2025-10-09T14:25:24.991+0000] {processor.py:840} INFO - DAG(s) 'etl_pipeline' retrieved from /opt/airflow/dags/etl_timeseries_csv_pipeline.py
[2025-10-09T14:25:25.017+0000] {logging_mixin.py:188} INFO - [2025-10-09T14:25:25.017+0000] {dag.py:3096} INFO - Sync 1 DAGs
[2025-10-09T14:25:25.042+0000] {logging_mixin.py:188} INFO - [2025-10-09T14:25:25.041+0000] {dag.py:3954} INFO - Setting next_dagrun for etl_pipeline to 2025-10-08 00:00:00+00:00, run_after=2025-10-09 00:00:00+00:00
[2025-10-09T14:25:25.068+0000] {processor.py:183} INFO - Processing /opt/airflow/dags/etl_timeseries_csv_pipeline.py took 0.098 seconds
[2025-10-09T14:25:55.982+0000] {processor.py:161} INFO - Started process (PID=3306) to work on /opt/airflow/dags/etl_timeseries_csv_pipeline.py
[2025-10-09T14:25:55.982+0000] {processor.py:830} INFO - Processing file /opt/airflow/dags/etl_timeseries_csv_pipeline.py for tasks to queue
[2025-10-09T14:25:55.983+0000] {logging_mixin.py:188} INFO - [2025-10-09T14:25:55.983+0000] {dagbag.py:545} INFO - Filling up the DagBag from /opt/airflow/dags/etl_timeseries_csv_pipeline.py
[2025-10-09T14:25:55.998+0000] {processor.py:840} INFO - DAG(s) 'etl_pipeline' retrieved from /opt/airflow/dags/etl_timeseries_csv_pipeline.py
[2025-10-09T14:25:56.020+0000] {logging_mixin.py:188} INFO - [2025-10-09T14:25:56.020+0000] {dag.py:3096} INFO - Sync 1 DAGs
[2025-10-09T14:25:56.045+0000] {logging_mixin.py:188} INFO - [2025-10-09T14:25:56.044+0000] {dag.py:3954} INFO - Setting next_dagrun for etl_pipeline to 2025-10-08 00:00:00+00:00, run_after=2025-10-09 00:00:00+00:00
[2025-10-09T14:25:56.074+0000] {processor.py:183} INFO - Processing /opt/airflow/dags/etl_timeseries_csv_pipeline.py took 0.096 seconds
[2025-10-09T14:26:26.840+0000] {processor.py:161} INFO - Started process (PID=3318) to work on /opt/airflow/dags/etl_timeseries_csv_pipeline.py
[2025-10-09T14:26:26.841+0000] {processor.py:830} INFO - Processing file /opt/airflow/dags/etl_timeseries_csv_pipeline.py for tasks to queue
[2025-10-09T14:26:26.842+0000] {logging_mixin.py:188} INFO - [2025-10-09T14:26:26.842+0000] {dagbag.py:545} INFO - Filling up the DagBag from /opt/airflow/dags/etl_timeseries_csv_pipeline.py
[2025-10-09T14:26:26.863+0000] {processor.py:840} INFO - DAG(s) 'etl_pipeline' retrieved from /opt/airflow/dags/etl_timeseries_csv_pipeline.py
[2025-10-09T14:26:26.903+0000] {logging_mixin.py:188} INFO - [2025-10-09T14:26:26.902+0000] {dag.py:3096} INFO - Sync 1 DAGs
[2025-10-09T14:26:26.928+0000] {logging_mixin.py:188} INFO - [2025-10-09T14:26:26.928+0000] {dag.py:3954} INFO - Setting next_dagrun for etl_pipeline to 2025-10-08 00:00:00+00:00, run_after=2025-10-09 00:00:00+00:00
[2025-10-09T14:26:26.949+0000] {processor.py:183} INFO - Processing /opt/airflow/dags/etl_timeseries_csv_pipeline.py took 0.115 seconds
[2025-10-09T14:26:57.435+0000] {processor.py:161} INFO - Started process (PID=3330) to work on /opt/airflow/dags/etl_timeseries_csv_pipeline.py
[2025-10-09T14:26:57.436+0000] {processor.py:830} INFO - Processing file /opt/airflow/dags/etl_timeseries_csv_pipeline.py for tasks to queue
[2025-10-09T14:26:57.437+0000] {logging_mixin.py:188} INFO - [2025-10-09T14:26:57.437+0000] {dagbag.py:545} INFO - Filling up the DagBag from /opt/airflow/dags/etl_timeseries_csv_pipeline.py
[2025-10-09T14:26:57.452+0000] {processor.py:840} INFO - DAG(s) 'etl_pipeline' retrieved from /opt/airflow/dags/etl_timeseries_csv_pipeline.py
[2025-10-09T14:26:57.475+0000] {logging_mixin.py:188} INFO - [2025-10-09T14:26:57.475+0000] {dag.py:3096} INFO - Sync 1 DAGs
[2025-10-09T14:26:57.495+0000] {logging_mixin.py:188} INFO - [2025-10-09T14:26:57.495+0000] {dag.py:3954} INFO - Setting next_dagrun for etl_pipeline to 2025-10-08 00:00:00+00:00, run_after=2025-10-09 00:00:00+00:00
[2025-10-09T14:26:57.524+0000] {processor.py:183} INFO - Processing /opt/airflow/dags/etl_timeseries_csv_pipeline.py took 0.093 seconds
[2025-10-09T14:27:27.774+0000] {processor.py:161} INFO - Started process (PID=3342) to work on /opt/airflow/dags/etl_timeseries_csv_pipeline.py
[2025-10-09T14:27:27.775+0000] {processor.py:830} INFO - Processing file /opt/airflow/dags/etl_timeseries_csv_pipeline.py for tasks to queue
[2025-10-09T14:27:27.776+0000] {logging_mixin.py:188} INFO - [2025-10-09T14:27:27.775+0000] {dagbag.py:545} INFO - Filling up the DagBag from /opt/airflow/dags/etl_timeseries_csv_pipeline.py
[2025-10-09T14:27:27.797+0000] {processor.py:840} INFO - DAG(s) 'etl_pipeline' retrieved from /opt/airflow/dags/etl_timeseries_csv_pipeline.py
[2025-10-09T14:27:27.832+0000] {logging_mixin.py:188} INFO - [2025-10-09T14:27:27.831+0000] {dag.py:3096} INFO - Sync 1 DAGs
[2025-10-09T14:27:27.859+0000] {logging_mixin.py:188} INFO - [2025-10-09T14:27:27.858+0000] {dag.py:3954} INFO - Setting next_dagrun for etl_pipeline to 2025-10-08 00:00:00+00:00, run_after=2025-10-09 00:00:00+00:00
[2025-10-09T14:27:27.888+0000] {processor.py:183} INFO - Processing /opt/airflow/dags/etl_timeseries_csv_pipeline.py took 0.118 seconds
[2025-10-09T14:28:13.945+0000] {processor.py:161} INFO - Started process (PID=3354) to work on /opt/airflow/dags/etl_timeseries_csv_pipeline.py
[2025-10-09T14:28:13.945+0000] {processor.py:830} INFO - Processing file /opt/airflow/dags/etl_timeseries_csv_pipeline.py for tasks to queue
[2025-10-09T14:28:13.947+0000] {logging_mixin.py:188} INFO - [2025-10-09T14:28:13.946+0000] {dagbag.py:545} INFO - Filling up the DagBag from /opt/airflow/dags/etl_timeseries_csv_pipeline.py
[2025-10-09T14:28:13.962+0000] {processor.py:840} INFO - DAG(s) 'etl_pipeline' retrieved from /opt/airflow/dags/etl_timeseries_csv_pipeline.py
[2025-10-09T14:28:13.992+0000] {logging_mixin.py:188} INFO - [2025-10-09T14:28:13.992+0000] {dag.py:3096} INFO - Sync 1 DAGs
[2025-10-09T14:28:14.011+0000] {logging_mixin.py:188} INFO - [2025-10-09T14:28:14.011+0000] {dag.py:3954} INFO - Setting next_dagrun for etl_pipeline to 2025-10-08 00:00:00+00:00, run_after=2025-10-09 00:00:00+00:00
[2025-10-09T14:28:14.031+0000] {processor.py:183} INFO - Processing /opt/airflow/dags/etl_timeseries_csv_pipeline.py took 0.091 seconds
[2025-10-09T14:28:44.211+0000] {processor.py:161} INFO - Started process (PID=3366) to work on /opt/airflow/dags/etl_timeseries_csv_pipeline.py
[2025-10-09T14:28:44.212+0000] {processor.py:830} INFO - Processing file /opt/airflow/dags/etl_timeseries_csv_pipeline.py for tasks to queue
[2025-10-09T14:28:44.214+0000] {logging_mixin.py:188} INFO - [2025-10-09T14:28:44.213+0000] {dagbag.py:545} INFO - Filling up the DagBag from /opt/airflow/dags/etl_timeseries_csv_pipeline.py
[2025-10-09T14:28:44.239+0000] {processor.py:840} INFO - DAG(s) 'etl_pipeline' retrieved from /opt/airflow/dags/etl_timeseries_csv_pipeline.py
[2025-10-09T14:28:44.289+0000] {logging_mixin.py:188} INFO - [2025-10-09T14:28:44.288+0000] {dag.py:3096} INFO - Sync 1 DAGs
[2025-10-09T14:28:44.308+0000] {logging_mixin.py:188} INFO - [2025-10-09T14:28:44.308+0000] {dag.py:3954} INFO - Setting next_dagrun for etl_pipeline to 2025-10-08 00:00:00+00:00, run_after=2025-10-09 00:00:00+00:00
[2025-10-09T14:28:44.328+0000] {processor.py:183} INFO - Processing /opt/airflow/dags/etl_timeseries_csv_pipeline.py took 0.123 seconds
[2025-10-09T14:29:14.785+0000] {processor.py:161} INFO - Started process (PID=3378) to work on /opt/airflow/dags/etl_timeseries_csv_pipeline.py
[2025-10-09T14:29:14.786+0000] {processor.py:830} INFO - Processing file /opt/airflow/dags/etl_timeseries_csv_pipeline.py for tasks to queue
[2025-10-09T14:29:14.786+0000] {logging_mixin.py:188} INFO - [2025-10-09T14:29:14.786+0000] {dagbag.py:545} INFO - Filling up the DagBag from /opt/airflow/dags/etl_timeseries_csv_pipeline.py
[2025-10-09T14:29:14.802+0000] {processor.py:840} INFO - DAG(s) 'etl_pipeline' retrieved from /opt/airflow/dags/etl_timeseries_csv_pipeline.py
[2025-10-09T14:29:14.825+0000] {logging_mixin.py:188} INFO - [2025-10-09T14:29:14.825+0000] {dag.py:3096} INFO - Sync 1 DAGs
[2025-10-09T14:29:14.846+0000] {logging_mixin.py:188} INFO - [2025-10-09T14:29:14.845+0000] {dag.py:3954} INFO - Setting next_dagrun for etl_pipeline to 2025-10-08 00:00:00+00:00, run_after=2025-10-09 00:00:00+00:00
[2025-10-09T14:29:14.877+0000] {processor.py:183} INFO - Processing /opt/airflow/dags/etl_timeseries_csv_pipeline.py took 0.096 seconds
[2025-10-09T14:29:45.021+0000] {processor.py:161} INFO - Started process (PID=3390) to work on /opt/airflow/dags/etl_timeseries_csv_pipeline.py
[2025-10-09T14:29:45.022+0000] {processor.py:830} INFO - Processing file /opt/airflow/dags/etl_timeseries_csv_pipeline.py for tasks to queue
[2025-10-09T14:29:45.023+0000] {logging_mixin.py:188} INFO - [2025-10-09T14:29:45.022+0000] {dagbag.py:545} INFO - Filling up the DagBag from /opt/airflow/dags/etl_timeseries_csv_pipeline.py
[2025-10-09T14:29:45.039+0000] {processor.py:840} INFO - DAG(s) 'etl_pipeline' retrieved from /opt/airflow/dags/etl_timeseries_csv_pipeline.py
[2025-10-09T14:29:45.062+0000] {logging_mixin.py:188} INFO - [2025-10-09T14:29:45.061+0000] {dag.py:3096} INFO - Sync 1 DAGs
[2025-10-09T14:29:45.088+0000] {logging_mixin.py:188} INFO - [2025-10-09T14:29:45.088+0000] {dag.py:3954} INFO - Setting next_dagrun for etl_pipeline to 2025-10-08 00:00:00+00:00, run_after=2025-10-09 00:00:00+00:00
[2025-10-09T14:29:45.112+0000] {processor.py:183} INFO - Processing /opt/airflow/dags/etl_timeseries_csv_pipeline.py took 0.095 seconds
[2025-10-09T14:30:15.194+0000] {processor.py:161} INFO - Started process (PID=3402) to work on /opt/airflow/dags/etl_timeseries_csv_pipeline.py
[2025-10-09T14:30:15.195+0000] {processor.py:830} INFO - Processing file /opt/airflow/dags/etl_timeseries_csv_pipeline.py for tasks to queue
[2025-10-09T14:30:15.196+0000] {logging_mixin.py:188} INFO - [2025-10-09T14:30:15.195+0000] {dagbag.py:545} INFO - Filling up the DagBag from /opt/airflow/dags/etl_timeseries_csv_pipeline.py
[2025-10-09T14:30:15.211+0000] {processor.py:840} INFO - DAG(s) 'etl_pipeline' retrieved from /opt/airflow/dags/etl_timeseries_csv_pipeline.py
[2025-10-09T14:30:15.241+0000] {logging_mixin.py:188} INFO - [2025-10-09T14:30:15.241+0000] {dag.py:3096} INFO - Sync 1 DAGs
[2025-10-09T14:30:15.271+0000] {logging_mixin.py:188} INFO - [2025-10-09T14:30:15.270+0000] {dag.py:3954} INFO - Setting next_dagrun for etl_pipeline to 2025-10-08 00:00:00+00:00, run_after=2025-10-09 00:00:00+00:00
[2025-10-09T14:30:15.296+0000] {processor.py:183} INFO - Processing /opt/airflow/dags/etl_timeseries_csv_pipeline.py took 0.107 seconds
[2025-10-09T14:30:45.559+0000] {processor.py:161} INFO - Started process (PID=3414) to work on /opt/airflow/dags/etl_timeseries_csv_pipeline.py
[2025-10-09T14:30:45.559+0000] {processor.py:830} INFO - Processing file /opt/airflow/dags/etl_timeseries_csv_pipeline.py for tasks to queue
[2025-10-09T14:30:45.560+0000] {logging_mixin.py:188} INFO - [2025-10-09T14:30:45.560+0000] {dagbag.py:545} INFO - Filling up the DagBag from /opt/airflow/dags/etl_timeseries_csv_pipeline.py
[2025-10-09T14:30:45.576+0000] {processor.py:840} INFO - DAG(s) 'etl_pipeline' retrieved from /opt/airflow/dags/etl_timeseries_csv_pipeline.py
[2025-10-09T14:30:45.602+0000] {logging_mixin.py:188} INFO - [2025-10-09T14:30:45.602+0000] {dag.py:3096} INFO - Sync 1 DAGs
[2025-10-09T14:30:45.633+0000] {logging_mixin.py:188} INFO - [2025-10-09T14:30:45.633+0000] {dag.py:3954} INFO - Setting next_dagrun for etl_pipeline to 2025-10-08 00:00:00+00:00, run_after=2025-10-09 00:00:00+00:00
[2025-10-09T14:30:45.655+0000] {processor.py:183} INFO - Processing /opt/airflow/dags/etl_timeseries_csv_pipeline.py took 0.101 seconds
[2025-10-09T14:31:15.714+0000] {processor.py:161} INFO - Started process (PID=3426) to work on /opt/airflow/dags/etl_timeseries_csv_pipeline.py
[2025-10-09T14:31:15.715+0000] {processor.py:830} INFO - Processing file /opt/airflow/dags/etl_timeseries_csv_pipeline.py for tasks to queue
[2025-10-09T14:31:15.716+0000] {logging_mixin.py:188} INFO - [2025-10-09T14:31:15.715+0000] {dagbag.py:545} INFO - Filling up the DagBag from /opt/airflow/dags/etl_timeseries_csv_pipeline.py
[2025-10-09T14:31:15.733+0000] {processor.py:840} INFO - DAG(s) 'etl_pipeline' retrieved from /opt/airflow/dags/etl_timeseries_csv_pipeline.py
[2025-10-09T14:31:15.760+0000] {logging_mixin.py:188} INFO - [2025-10-09T14:31:15.760+0000] {dag.py:3096} INFO - Sync 1 DAGs
[2025-10-09T14:31:15.781+0000] {logging_mixin.py:188} INFO - [2025-10-09T14:31:15.781+0000] {dag.py:3954} INFO - Setting next_dagrun for etl_pipeline to 2025-10-08 00:00:00+00:00, run_after=2025-10-09 00:00:00+00:00
[2025-10-09T14:31:15.802+0000] {processor.py:183} INFO - Processing /opt/airflow/dags/etl_timeseries_csv_pipeline.py took 0.092 seconds
[2025-10-09T14:31:46.031+0000] {processor.py:161} INFO - Started process (PID=3438) to work on /opt/airflow/dags/etl_timeseries_csv_pipeline.py
[2025-10-09T14:31:46.032+0000] {processor.py:830} INFO - Processing file /opt/airflow/dags/etl_timeseries_csv_pipeline.py for tasks to queue
[2025-10-09T14:31:46.033+0000] {logging_mixin.py:188} INFO - [2025-10-09T14:31:46.032+0000] {dagbag.py:545} INFO - Filling up the DagBag from /opt/airflow/dags/etl_timeseries_csv_pipeline.py
[2025-10-09T14:31:46.050+0000] {processor.py:840} INFO - DAG(s) 'etl_pipeline' retrieved from /opt/airflow/dags/etl_timeseries_csv_pipeline.py
[2025-10-09T14:31:46.073+0000] {logging_mixin.py:188} INFO - [2025-10-09T14:31:46.073+0000] {dag.py:3096} INFO - Sync 1 DAGs
[2025-10-09T14:31:46.107+0000] {logging_mixin.py:188} INFO - [2025-10-09T14:31:46.106+0000] {dag.py:3954} INFO - Setting next_dagrun for etl_pipeline to 2025-10-08 00:00:00+00:00, run_after=2025-10-09 00:00:00+00:00
[2025-10-09T14:31:46.138+0000] {processor.py:183} INFO - Processing /opt/airflow/dags/etl_timeseries_csv_pipeline.py took 0.112 seconds
[2025-10-09T14:32:16.208+0000] {processor.py:161} INFO - Started process (PID=3450) to work on /opt/airflow/dags/etl_timeseries_csv_pipeline.py
[2025-10-09T14:32:16.209+0000] {processor.py:830} INFO - Processing file /opt/airflow/dags/etl_timeseries_csv_pipeline.py for tasks to queue
[2025-10-09T14:32:16.210+0000] {logging_mixin.py:188} INFO - [2025-10-09T14:32:16.210+0000] {dagbag.py:545} INFO - Filling up the DagBag from /opt/airflow/dags/etl_timeseries_csv_pipeline.py
[2025-10-09T14:32:16.235+0000] {processor.py:840} INFO - DAG(s) 'etl_pipeline' retrieved from /opt/airflow/dags/etl_timeseries_csv_pipeline.py
[2025-10-09T14:32:16.259+0000] {logging_mixin.py:188} INFO - [2025-10-09T14:32:16.259+0000] {dag.py:3096} INFO - Sync 1 DAGs
[2025-10-09T14:32:16.275+0000] {logging_mixin.py:188} INFO - [2025-10-09T14:32:16.274+0000] {dag.py:3954} INFO - Setting next_dagrun for etl_pipeline to 2025-10-08 00:00:00+00:00, run_after=2025-10-09 00:00:00+00:00
[2025-10-09T14:32:16.297+0000] {processor.py:183} INFO - Processing /opt/airflow/dags/etl_timeseries_csv_pipeline.py took 0.094 seconds
[2025-10-09T14:32:46.369+0000] {processor.py:161} INFO - Started process (PID=3462) to work on /opt/airflow/dags/etl_timeseries_csv_pipeline.py
[2025-10-09T14:32:46.370+0000] {processor.py:830} INFO - Processing file /opt/airflow/dags/etl_timeseries_csv_pipeline.py for tasks to queue
[2025-10-09T14:32:46.370+0000] {logging_mixin.py:188} INFO - [2025-10-09T14:32:46.370+0000] {dagbag.py:545} INFO - Filling up the DagBag from /opt/airflow/dags/etl_timeseries_csv_pipeline.py
[2025-10-09T14:32:46.387+0000] {processor.py:840} INFO - DAG(s) 'etl_pipeline' retrieved from /opt/airflow/dags/etl_timeseries_csv_pipeline.py
[2025-10-09T14:32:46.411+0000] {logging_mixin.py:188} INFO - [2025-10-09T14:32:46.411+0000] {dag.py:3096} INFO - Sync 1 DAGs
[2025-10-09T14:32:46.429+0000] {logging_mixin.py:188} INFO - [2025-10-09T14:32:46.429+0000] {dag.py:3954} INFO - Setting next_dagrun for etl_pipeline to 2025-10-08 00:00:00+00:00, run_after=2025-10-09 00:00:00+00:00
[2025-10-09T14:32:46.444+0000] {processor.py:183} INFO - Processing /opt/airflow/dags/etl_timeseries_csv_pipeline.py took 0.079 seconds
[2025-10-09T14:33:16.786+0000] {processor.py:161} INFO - Started process (PID=3474) to work on /opt/airflow/dags/etl_timeseries_csv_pipeline.py
[2025-10-09T14:33:16.787+0000] {processor.py:830} INFO - Processing file /opt/airflow/dags/etl_timeseries_csv_pipeline.py for tasks to queue
[2025-10-09T14:33:16.787+0000] {logging_mixin.py:188} INFO - [2025-10-09T14:33:16.787+0000] {dagbag.py:545} INFO - Filling up the DagBag from /opt/airflow/dags/etl_timeseries_csv_pipeline.py
[2025-10-09T14:33:16.809+0000] {processor.py:840} INFO - DAG(s) 'etl_pipeline' retrieved from /opt/airflow/dags/etl_timeseries_csv_pipeline.py
[2025-10-09T14:33:16.837+0000] {logging_mixin.py:188} INFO - [2025-10-09T14:33:16.837+0000] {dag.py:3096} INFO - Sync 1 DAGs
[2025-10-09T14:33:16.862+0000] {logging_mixin.py:188} INFO - [2025-10-09T14:33:16.862+0000] {dag.py:3954} INFO - Setting next_dagrun for etl_pipeline to 2025-10-08 00:00:00+00:00, run_after=2025-10-09 00:00:00+00:00
[2025-10-09T14:33:16.892+0000] {processor.py:183} INFO - Processing /opt/airflow/dags/etl_timeseries_csv_pipeline.py took 0.110 seconds
[2025-10-09T14:33:47.896+0000] {processor.py:161} INFO - Started process (PID=3486) to work on /opt/airflow/dags/etl_timeseries_csv_pipeline.py
[2025-10-09T14:33:47.897+0000] {processor.py:830} INFO - Processing file /opt/airflow/dags/etl_timeseries_csv_pipeline.py for tasks to queue
[2025-10-09T14:33:47.898+0000] {logging_mixin.py:188} INFO - [2025-10-09T14:33:47.897+0000] {dagbag.py:545} INFO - Filling up the DagBag from /opt/airflow/dags/etl_timeseries_csv_pipeline.py
[2025-10-09T14:33:47.915+0000] {processor.py:840} INFO - DAG(s) 'etl_pipeline' retrieved from /opt/airflow/dags/etl_timeseries_csv_pipeline.py
[2025-10-09T14:33:47.940+0000] {logging_mixin.py:188} INFO - [2025-10-09T14:33:47.939+0000] {dag.py:3096} INFO - Sync 1 DAGs
[2025-10-09T14:33:47.964+0000] {logging_mixin.py:188} INFO - [2025-10-09T14:33:47.964+0000] {dag.py:3954} INFO - Setting next_dagrun for etl_pipeline to 2025-10-08 00:00:00+00:00, run_after=2025-10-09 00:00:00+00:00
[2025-10-09T14:33:47.985+0000] {processor.py:183} INFO - Processing /opt/airflow/dags/etl_timeseries_csv_pipeline.py took 0.094 seconds
[2025-10-09T14:34:18.787+0000] {processor.py:161} INFO - Started process (PID=3498) to work on /opt/airflow/dags/etl_timeseries_csv_pipeline.py
[2025-10-09T14:34:18.788+0000] {processor.py:830} INFO - Processing file /opt/airflow/dags/etl_timeseries_csv_pipeline.py for tasks to queue
[2025-10-09T14:34:18.789+0000] {logging_mixin.py:188} INFO - [2025-10-09T14:34:18.789+0000] {dagbag.py:545} INFO - Filling up the DagBag from /opt/airflow/dags/etl_timeseries_csv_pipeline.py
[2025-10-09T14:34:18.807+0000] {processor.py:840} INFO - DAG(s) 'etl_pipeline' retrieved from /opt/airflow/dags/etl_timeseries_csv_pipeline.py
[2025-10-09T14:34:18.831+0000] {logging_mixin.py:188} INFO - [2025-10-09T14:34:18.831+0000] {dag.py:3096} INFO - Sync 1 DAGs
[2025-10-09T14:34:18.851+0000] {logging_mixin.py:188} INFO - [2025-10-09T14:34:18.851+0000] {dag.py:3954} INFO - Setting next_dagrun for etl_pipeline to 2025-10-08 00:00:00+00:00, run_after=2025-10-09 00:00:00+00:00
[2025-10-09T14:34:18.865+0000] {processor.py:183} INFO - Processing /opt/airflow/dags/etl_timeseries_csv_pipeline.py took 0.082 seconds
[2025-10-09T14:34:49.050+0000] {processor.py:161} INFO - Started process (PID=3510) to work on /opt/airflow/dags/etl_timeseries_csv_pipeline.py
[2025-10-09T14:34:49.051+0000] {processor.py:830} INFO - Processing file /opt/airflow/dags/etl_timeseries_csv_pipeline.py for tasks to queue
[2025-10-09T14:34:49.051+0000] {logging_mixin.py:188} INFO - [2025-10-09T14:34:49.051+0000] {dagbag.py:545} INFO - Filling up the DagBag from /opt/airflow/dags/etl_timeseries_csv_pipeline.py
[2025-10-09T14:34:49.067+0000] {processor.py:840} INFO - DAG(s) 'etl_pipeline' retrieved from /opt/airflow/dags/etl_timeseries_csv_pipeline.py
[2025-10-09T14:34:49.090+0000] {logging_mixin.py:188} INFO - [2025-10-09T14:34:49.089+0000] {dag.py:3096} INFO - Sync 1 DAGs
[2025-10-09T14:34:49.112+0000] {logging_mixin.py:188} INFO - [2025-10-09T14:34:49.111+0000] {dag.py:3954} INFO - Setting next_dagrun for etl_pipeline to 2025-10-08 00:00:00+00:00, run_after=2025-10-09 00:00:00+00:00
[2025-10-09T14:34:49.134+0000] {processor.py:183} INFO - Processing /opt/airflow/dags/etl_timeseries_csv_pipeline.py took 0.088 seconds
[2025-10-09T14:35:19.819+0000] {processor.py:161} INFO - Started process (PID=3522) to work on /opt/airflow/dags/etl_timeseries_csv_pipeline.py
[2025-10-09T14:35:19.820+0000] {processor.py:830} INFO - Processing file /opt/airflow/dags/etl_timeseries_csv_pipeline.py for tasks to queue
[2025-10-09T14:35:19.820+0000] {logging_mixin.py:188} INFO - [2025-10-09T14:35:19.820+0000] {dagbag.py:545} INFO - Filling up the DagBag from /opt/airflow/dags/etl_timeseries_csv_pipeline.py
[2025-10-09T14:35:19.837+0000] {processor.py:840} INFO - DAG(s) 'etl_pipeline' retrieved from /opt/airflow/dags/etl_timeseries_csv_pipeline.py
[2025-10-09T14:35:19.860+0000] {logging_mixin.py:188} INFO - [2025-10-09T14:35:19.860+0000] {dag.py:3096} INFO - Sync 1 DAGs
[2025-10-09T14:35:19.888+0000] {logging_mixin.py:188} INFO - [2025-10-09T14:35:19.887+0000] {dag.py:3954} INFO - Setting next_dagrun for etl_pipeline to 2025-10-08 00:00:00+00:00, run_after=2025-10-09 00:00:00+00:00
[2025-10-09T14:35:19.914+0000] {processor.py:183} INFO - Processing /opt/airflow/dags/etl_timeseries_csv_pipeline.py took 0.100 seconds
[2025-10-09T14:35:49.987+0000] {processor.py:161} INFO - Started process (PID=3534) to work on /opt/airflow/dags/etl_timeseries_csv_pipeline.py
[2025-10-09T14:35:49.988+0000] {processor.py:830} INFO - Processing file /opt/airflow/dags/etl_timeseries_csv_pipeline.py for tasks to queue
[2025-10-09T14:35:49.989+0000] {logging_mixin.py:188} INFO - [2025-10-09T14:35:49.989+0000] {dagbag.py:545} INFO - Filling up the DagBag from /opt/airflow/dags/etl_timeseries_csv_pipeline.py
[2025-10-09T14:35:50.007+0000] {processor.py:840} INFO - DAG(s) 'etl_pipeline' retrieved from /opt/airflow/dags/etl_timeseries_csv_pipeline.py
[2025-10-09T14:35:50.031+0000] {logging_mixin.py:188} INFO - [2025-10-09T14:35:50.031+0000] {dag.py:3096} INFO - Sync 1 DAGs
[2025-10-09T14:35:50.055+0000] {logging_mixin.py:188} INFO - [2025-10-09T14:35:50.055+0000] {dag.py:3954} INFO - Setting next_dagrun for etl_pipeline to 2025-10-08 00:00:00+00:00, run_after=2025-10-09 00:00:00+00:00
[2025-10-09T14:35:50.082+0000] {processor.py:183} INFO - Processing /opt/airflow/dags/etl_timeseries_csv_pipeline.py took 0.099 seconds
[2025-10-09T14:36:20.833+0000] {processor.py:161} INFO - Started process (PID=3546) to work on /opt/airflow/dags/etl_timeseries_csv_pipeline.py
[2025-10-09T14:36:20.834+0000] {processor.py:830} INFO - Processing file /opt/airflow/dags/etl_timeseries_csv_pipeline.py for tasks to queue
[2025-10-09T14:36:20.835+0000] {logging_mixin.py:188} INFO - [2025-10-09T14:36:20.834+0000] {dagbag.py:545} INFO - Filling up the DagBag from /opt/airflow/dags/etl_timeseries_csv_pipeline.py
[2025-10-09T14:36:20.855+0000] {processor.py:840} INFO - DAG(s) 'etl_pipeline' retrieved from /opt/airflow/dags/etl_timeseries_csv_pipeline.py
[2025-10-09T14:36:20.888+0000] {logging_mixin.py:188} INFO - [2025-10-09T14:36:20.887+0000] {dag.py:3096} INFO - Sync 1 DAGs
[2025-10-09T14:36:20.913+0000] {logging_mixin.py:188} INFO - [2025-10-09T14:36:20.913+0000] {dag.py:3954} INFO - Setting next_dagrun for etl_pipeline to 2025-10-08 00:00:00+00:00, run_after=2025-10-09 00:00:00+00:00
[2025-10-09T14:36:20.940+0000] {processor.py:183} INFO - Processing /opt/airflow/dags/etl_timeseries_csv_pipeline.py took 0.113 seconds
[2025-10-09T14:36:51.434+0000] {processor.py:161} INFO - Started process (PID=3558) to work on /opt/airflow/dags/etl_timeseries_csv_pipeline.py
[2025-10-09T14:36:51.435+0000] {processor.py:830} INFO - Processing file /opt/airflow/dags/etl_timeseries_csv_pipeline.py for tasks to queue
[2025-10-09T14:36:51.436+0000] {logging_mixin.py:188} INFO - [2025-10-09T14:36:51.435+0000] {dagbag.py:545} INFO - Filling up the DagBag from /opt/airflow/dags/etl_timeseries_csv_pipeline.py
[2025-10-09T14:36:51.452+0000] {processor.py:840} INFO - DAG(s) 'etl_pipeline' retrieved from /opt/airflow/dags/etl_timeseries_csv_pipeline.py
[2025-10-09T14:36:51.477+0000] {logging_mixin.py:188} INFO - [2025-10-09T14:36:51.477+0000] {dag.py:3096} INFO - Sync 1 DAGs
[2025-10-09T14:36:51.501+0000] {logging_mixin.py:188} INFO - [2025-10-09T14:36:51.501+0000] {dag.py:3954} INFO - Setting next_dagrun for etl_pipeline to 2025-10-08 00:00:00+00:00, run_after=2025-10-09 00:00:00+00:00
[2025-10-09T14:36:51.522+0000] {processor.py:183} INFO - Processing /opt/airflow/dags/etl_timeseries_csv_pipeline.py took 0.093 seconds
[2025-10-09T15:04:34.199+0000] {processor.py:161} INFO - Started process (PID=175) to work on /opt/airflow/dags/etl_timeseries_csv_pipeline.py
[2025-10-09T15:04:34.200+0000] {processor.py:830} INFO - Processing file /opt/airflow/dags/etl_timeseries_csv_pipeline.py for tasks to queue
[2025-10-09T15:04:34.201+0000] {logging_mixin.py:188} INFO - [2025-10-09T15:04:34.201+0000] {dagbag.py:545} INFO - Filling up the DagBag from /opt/airflow/dags/etl_timeseries_csv_pipeline.py
[2025-10-09T15:04:34.271+0000] {processor.py:840} INFO - DAG(s) 'etl_pipeline' retrieved from /opt/airflow/dags/etl_timeseries_csv_pipeline.py
[2025-10-09T15:04:34.598+0000] {logging_mixin.py:188} INFO - [2025-10-09T15:04:34.597+0000] {override.py:1829} INFO - Created Permission View: can delete on DAG:etl_pipeline
[2025-10-09T15:04:34.611+0000] {logging_mixin.py:188} INFO - [2025-10-09T15:04:34.611+0000] {override.py:1829} INFO - Created Permission View: can read on DAG:etl_pipeline
[2025-10-09T15:04:34.620+0000] {logging_mixin.py:188} INFO - [2025-10-09T15:04:34.620+0000] {override.py:1829} INFO - Created Permission View: can edit on DAG:etl_pipeline
[2025-10-09T15:04:34.621+0000] {logging_mixin.py:188} INFO - [2025-10-09T15:04:34.621+0000] {dag.py:3096} INFO - Sync 1 DAGs
[2025-10-09T15:04:34.640+0000] {logging_mixin.py:188} INFO - [2025-10-09T15:04:34.640+0000] {dag.py:3118} INFO - Creating ORM DAG for etl_pipeline
[2025-10-09T15:04:34.657+0000] {logging_mixin.py:188} INFO - [2025-10-09T15:04:34.656+0000] {dag.py:3954} INFO - Setting next_dagrun for etl_pipeline to 2025-10-08 00:00:00+00:00, run_after=2025-10-09 00:00:00+00:00
[2025-10-09T15:04:34.680+0000] {processor.py:183} INFO - Processing /opt/airflow/dags/etl_timeseries_csv_pipeline.py took 0.491 seconds
[2025-10-09T15:05:04.819+0000] {processor.py:161} INFO - Started process (PID=186) to work on /opt/airflow/dags/etl_timeseries_csv_pipeline.py
[2025-10-09T15:05:04.820+0000] {processor.py:830} INFO - Processing file /opt/airflow/dags/etl_timeseries_csv_pipeline.py for tasks to queue
[2025-10-09T15:05:04.821+0000] {logging_mixin.py:188} INFO - [2025-10-09T15:05:04.821+0000] {dagbag.py:545} INFO - Filling up the DagBag from /opt/airflow/dags/etl_timeseries_csv_pipeline.py
[2025-10-09T15:05:04.843+0000] {processor.py:840} INFO - DAG(s) 'etl_pipeline' retrieved from /opt/airflow/dags/etl_timeseries_csv_pipeline.py
[2025-10-09T15:05:04.868+0000] {logging_mixin.py:188} INFO - [2025-10-09T15:05:04.868+0000] {dag.py:3096} INFO - Sync 1 DAGs
[2025-10-09T15:05:04.891+0000] {logging_mixin.py:188} INFO - [2025-10-09T15:05:04.890+0000] {dag.py:3954} INFO - Setting next_dagrun for etl_pipeline to 2025-10-08 00:00:00+00:00, run_after=2025-10-09 00:00:00+00:00
[2025-10-09T15:05:04.910+0000] {processor.py:183} INFO - Processing /opt/airflow/dags/etl_timeseries_csv_pipeline.py took 0.095 seconds
[2025-10-09T15:05:35.028+0000] {processor.py:161} INFO - Started process (PID=198) to work on /opt/airflow/dags/etl_timeseries_csv_pipeline.py
[2025-10-09T15:05:35.029+0000] {processor.py:830} INFO - Processing file /opt/airflow/dags/etl_timeseries_csv_pipeline.py for tasks to queue
[2025-10-09T15:05:35.030+0000] {logging_mixin.py:188} INFO - [2025-10-09T15:05:35.030+0000] {dagbag.py:545} INFO - Filling up the DagBag from /opt/airflow/dags/etl_timeseries_csv_pipeline.py
[2025-10-09T15:05:35.051+0000] {processor.py:840} INFO - DAG(s) 'etl_pipeline' retrieved from /opt/airflow/dags/etl_timeseries_csv_pipeline.py
[2025-10-09T15:05:35.077+0000] {logging_mixin.py:188} INFO - [2025-10-09T15:05:35.076+0000] {dag.py:3096} INFO - Sync 1 DAGs
[2025-10-09T15:05:35.095+0000] {logging_mixin.py:188} INFO - [2025-10-09T15:05:35.095+0000] {dag.py:3954} INFO - Setting next_dagrun for etl_pipeline to 2025-10-08 00:00:00+00:00, run_after=2025-10-09 00:00:00+00:00
[2025-10-09T15:05:35.115+0000] {processor.py:183} INFO - Processing /opt/airflow/dags/etl_timeseries_csv_pipeline.py took 0.091 seconds
[2025-10-09T15:06:38.995+0000] {processor.py:161} INFO - Started process (PID=175) to work on /opt/airflow/dags/etl_timeseries_csv_pipeline.py
[2025-10-09T15:06:38.997+0000] {processor.py:830} INFO - Processing file /opt/airflow/dags/etl_timeseries_csv_pipeline.py for tasks to queue
[2025-10-09T15:06:38.999+0000] {logging_mixin.py:188} INFO - [2025-10-09T15:06:38.998+0000] {dagbag.py:545} INFO - Filling up the DagBag from /opt/airflow/dags/etl_timeseries_csv_pipeline.py
[2025-10-09T15:06:39.051+0000] {processor.py:840} INFO - DAG(s) 'etl_pipeline' retrieved from /opt/airflow/dags/etl_timeseries_csv_pipeline.py
[2025-10-09T15:06:39.091+0000] {logging_mixin.py:188} INFO - [2025-10-09T15:06:39.091+0000] {dag.py:3096} INFO - Sync 1 DAGs
[2025-10-09T15:06:39.114+0000] {logging_mixin.py:188} INFO - [2025-10-09T15:06:39.114+0000] {dag.py:3954} INFO - Setting next_dagrun for etl_pipeline to 2025-10-08 00:00:00+00:00, run_after=2025-10-09 00:00:00+00:00
[2025-10-09T15:06:39.132+0000] {processor.py:183} INFO - Processing /opt/airflow/dags/etl_timeseries_csv_pipeline.py took 0.151 seconds
[2025-10-09T15:07:09.564+0000] {processor.py:161} INFO - Started process (PID=186) to work on /opt/airflow/dags/etl_timeseries_csv_pipeline.py
[2025-10-09T15:07:09.565+0000] {processor.py:830} INFO - Processing file /opt/airflow/dags/etl_timeseries_csv_pipeline.py for tasks to queue
[2025-10-09T15:07:09.566+0000] {logging_mixin.py:188} INFO - [2025-10-09T15:07:09.566+0000] {dagbag.py:545} INFO - Filling up the DagBag from /opt/airflow/dags/etl_timeseries_csv_pipeline.py
[2025-10-09T15:07:09.587+0000] {processor.py:840} INFO - DAG(s) 'etl_pipeline' retrieved from /opt/airflow/dags/etl_timeseries_csv_pipeline.py
[2025-10-09T15:07:09.786+0000] {logging_mixin.py:188} INFO - [2025-10-09T15:07:09.786+0000] {dag.py:3096} INFO - Sync 1 DAGs
[2025-10-09T15:07:09.808+0000] {logging_mixin.py:188} INFO - [2025-10-09T15:07:09.808+0000] {dag.py:3954} INFO - Setting next_dagrun for etl_pipeline to 2025-10-08 00:00:00+00:00, run_after=2025-10-09 00:00:00+00:00
[2025-10-09T15:07:09.828+0000] {processor.py:183} INFO - Processing /opt/airflow/dags/etl_timeseries_csv_pipeline.py took 0.270 seconds
[2025-10-09T15:07:40.008+0000] {processor.py:161} INFO - Started process (PID=198) to work on /opt/airflow/dags/etl_timeseries_csv_pipeline.py
[2025-10-09T15:07:40.009+0000] {processor.py:830} INFO - Processing file /opt/airflow/dags/etl_timeseries_csv_pipeline.py for tasks to queue
[2025-10-09T15:07:40.010+0000] {logging_mixin.py:188} INFO - [2025-10-09T15:07:40.010+0000] {dagbag.py:545} INFO - Filling up the DagBag from /opt/airflow/dags/etl_timeseries_csv_pipeline.py
[2025-10-09T15:07:40.039+0000] {processor.py:840} INFO - DAG(s) 'etl_pipeline' retrieved from /opt/airflow/dags/etl_timeseries_csv_pipeline.py
[2025-10-09T15:07:40.072+0000] {logging_mixin.py:188} INFO - [2025-10-09T15:07:40.072+0000] {dag.py:3096} INFO - Sync 1 DAGs
[2025-10-09T15:07:40.092+0000] {logging_mixin.py:188} INFO - [2025-10-09T15:07:40.092+0000] {dag.py:3954} INFO - Setting next_dagrun for etl_pipeline to 2025-10-08 00:00:00+00:00, run_after=2025-10-09 00:00:00+00:00
[2025-10-09T15:07:40.114+0000] {processor.py:183} INFO - Processing /opt/airflow/dags/etl_timeseries_csv_pipeline.py took 0.114 seconds
[2025-10-09T15:08:10.315+0000] {processor.py:161} INFO - Started process (PID=210) to work on /opt/airflow/dags/etl_timeseries_csv_pipeline.py
[2025-10-09T15:08:10.316+0000] {processor.py:830} INFO - Processing file /opt/airflow/dags/etl_timeseries_csv_pipeline.py for tasks to queue
[2025-10-09T15:08:10.318+0000] {logging_mixin.py:188} INFO - [2025-10-09T15:08:10.317+0000] {dagbag.py:545} INFO - Filling up the DagBag from /opt/airflow/dags/etl_timeseries_csv_pipeline.py
[2025-10-09T15:08:10.358+0000] {processor.py:840} INFO - DAG(s) 'etl_pipeline' retrieved from /opt/airflow/dags/etl_timeseries_csv_pipeline.py
[2025-10-09T15:08:10.400+0000] {logging_mixin.py:188} INFO - [2025-10-09T15:08:10.400+0000] {dag.py:3096} INFO - Sync 1 DAGs
[2025-10-09T15:08:10.428+0000] {logging_mixin.py:188} INFO - [2025-10-09T15:08:10.428+0000] {dag.py:3954} INFO - Setting next_dagrun for etl_pipeline to 2025-10-08 00:00:00+00:00, run_after=2025-10-09 00:00:00+00:00
[2025-10-09T15:08:10.452+0000] {processor.py:183} INFO - Processing /opt/airflow/dags/etl_timeseries_csv_pipeline.py took 0.149 seconds
[2025-10-09T15:08:41.448+0000] {processor.py:161} INFO - Started process (PID=222) to work on /opt/airflow/dags/etl_timeseries_csv_pipeline.py
[2025-10-09T15:08:41.449+0000] {processor.py:830} INFO - Processing file /opt/airflow/dags/etl_timeseries_csv_pipeline.py for tasks to queue
[2025-10-09T15:08:41.450+0000] {logging_mixin.py:188} INFO - [2025-10-09T15:08:41.449+0000] {dagbag.py:545} INFO - Filling up the DagBag from /opt/airflow/dags/etl_timeseries_csv_pipeline.py
[2025-10-09T15:08:41.470+0000] {processor.py:840} INFO - DAG(s) 'etl_pipeline' retrieved from /opt/airflow/dags/etl_timeseries_csv_pipeline.py
[2025-10-09T15:08:41.495+0000] {logging_mixin.py:188} INFO - [2025-10-09T15:08:41.495+0000] {dag.py:3096} INFO - Sync 1 DAGs
[2025-10-09T15:08:41.512+0000] {logging_mixin.py:188} INFO - [2025-10-09T15:08:41.512+0000] {dag.py:3954} INFO - Setting next_dagrun for etl_pipeline to 2025-10-08 00:00:00+00:00, run_after=2025-10-09 00:00:00+00:00
[2025-10-09T15:08:41.532+0000] {processor.py:183} INFO - Processing /opt/airflow/dags/etl_timeseries_csv_pipeline.py took 0.089 seconds
