[2025-10-09T11:35:15.803+0000] {processor.py:161} INFO - Started process (PID=172) to work on /opt/airflow/dags/timeseries_pipeline.py
[2025-10-09T11:35:15.803+0000] {processor.py:830} INFO - Processing file /opt/airflow/dags/timeseries_pipeline.py for tasks to queue
[2025-10-09T11:35:15.804+0000] {logging_mixin.py:188} INFO - [2025-10-09T11:35:15.804+0000] {dagbag.py:545} INFO - Filling up the DagBag from /opt/airflow/dags/timeseries_pipeline.py
[2025-10-09T11:35:17.810+0000] {logging_mixin.py:188} INFO - [2025-10-09T11:35:17.810+0000] {font_manager.py:1639} INFO - generated new fontManager
[2025-10-09T11:35:18.197+0000] {processor.py:840} INFO - DAG(s) 'timeseries_pipeline' retrieved from /opt/airflow/dags/timeseries_pipeline.py
[2025-10-09T11:35:18.281+0000] {logging_mixin.py:188} INFO - [2025-10-09T11:35:18.281+0000] {override.py:1829} INFO - Created Permission View: can read on DAG:timeseries_pipeline
[2025-10-09T11:35:18.291+0000] {logging_mixin.py:188} INFO - [2025-10-09T11:35:18.291+0000] {override.py:1829} INFO - Created Permission View: can delete on DAG:timeseries_pipeline
[2025-10-09T11:35:18.300+0000] {logging_mixin.py:188} INFO - [2025-10-09T11:35:18.300+0000] {override.py:1829} INFO - Created Permission View: can edit on DAG:timeseries_pipeline
[2025-10-09T11:35:18.302+0000] {logging_mixin.py:188} INFO - [2025-10-09T11:35:18.301+0000] {dag.py:3096} INFO - Sync 1 DAGs
[2025-10-09T11:35:18.309+0000] {logging_mixin.py:188} INFO - [2025-10-09T11:35:18.309+0000] {dag.py:3118} INFO - Creating ORM DAG for timeseries_pipeline
[2025-10-09T11:35:18.323+0000] {logging_mixin.py:188} INFO - [2025-10-09T11:35:18.323+0000] {dag.py:3954} INFO - Setting next_dagrun for timeseries_pipeline to 2025-10-08 00:00:00+00:00, run_after=2025-10-09 00:00:00+00:00
[2025-10-09T11:35:18.349+0000] {processor.py:183} INFO - Processing /opt/airflow/dags/timeseries_pipeline.py took 2.553 seconds
[2025-10-09T11:35:49.218+0000] {processor.py:161} INFO - Started process (PID=191) to work on /opt/airflow/dags/timeseries_pipeline.py
[2025-10-09T11:35:49.218+0000] {processor.py:830} INFO - Processing file /opt/airflow/dags/timeseries_pipeline.py for tasks to queue
[2025-10-09T11:35:49.219+0000] {logging_mixin.py:188} INFO - [2025-10-09T11:35:49.218+0000] {dagbag.py:545} INFO - Filling up the DagBag from /opt/airflow/dags/timeseries_pipeline.py
[2025-10-09T11:35:49.866+0000] {processor.py:840} INFO - DAG(s) 'timeseries_pipeline' retrieved from /opt/airflow/dags/timeseries_pipeline.py
[2025-10-09T11:35:49.888+0000] {logging_mixin.py:188} INFO - [2025-10-09T11:35:49.888+0000] {dag.py:3096} INFO - Sync 1 DAGs
[2025-10-09T11:35:49.906+0000] {logging_mixin.py:188} INFO - [2025-10-09T11:35:49.906+0000] {dag.py:3954} INFO - Setting next_dagrun for timeseries_pipeline to 2025-10-08 00:00:00+00:00, run_after=2025-10-09 00:00:00+00:00
[2025-10-09T11:35:49.930+0000] {processor.py:183} INFO - Processing /opt/airflow/dags/timeseries_pipeline.py took 0.716 seconds
[2025-10-09T11:36:20.449+0000] {processor.py:161} INFO - Started process (PID=203) to work on /opt/airflow/dags/timeseries_pipeline.py
[2025-10-09T11:36:20.450+0000] {processor.py:830} INFO - Processing file /opt/airflow/dags/timeseries_pipeline.py for tasks to queue
[2025-10-09T11:36:20.450+0000] {logging_mixin.py:188} INFO - [2025-10-09T11:36:20.450+0000] {dagbag.py:545} INFO - Filling up the DagBag from /opt/airflow/dags/timeseries_pipeline.py
[2025-10-09T11:36:21.090+0000] {processor.py:840} INFO - DAG(s) 'timeseries_pipeline' retrieved from /opt/airflow/dags/timeseries_pipeline.py
[2025-10-09T11:36:21.114+0000] {logging_mixin.py:188} INFO - [2025-10-09T11:36:21.114+0000] {dag.py:3096} INFO - Sync 1 DAGs
[2025-10-09T11:36:21.134+0000] {logging_mixin.py:188} INFO - [2025-10-09T11:36:21.134+0000] {dag.py:3954} INFO - Setting next_dagrun for timeseries_pipeline to 2025-10-08 00:00:00+00:00, run_after=2025-10-09 00:00:00+00:00
[2025-10-09T11:36:21.158+0000] {processor.py:183} INFO - Processing /opt/airflow/dags/timeseries_pipeline.py took 0.713 seconds
[2025-10-09T11:36:51.602+0000] {processor.py:161} INFO - Started process (PID=215) to work on /opt/airflow/dags/timeseries_pipeline.py
[2025-10-09T11:36:51.603+0000] {processor.py:830} INFO - Processing file /opt/airflow/dags/timeseries_pipeline.py for tasks to queue
[2025-10-09T11:36:51.603+0000] {logging_mixin.py:188} INFO - [2025-10-09T11:36:51.603+0000] {dagbag.py:545} INFO - Filling up the DagBag from /opt/airflow/dags/timeseries_pipeline.py
[2025-10-09T11:36:52.251+0000] {processor.py:840} INFO - DAG(s) 'timeseries_pipeline' retrieved from /opt/airflow/dags/timeseries_pipeline.py
[2025-10-09T11:36:52.272+0000] {logging_mixin.py:188} INFO - [2025-10-09T11:36:52.272+0000] {dag.py:3096} INFO - Sync 1 DAGs
[2025-10-09T11:36:52.291+0000] {logging_mixin.py:188} INFO - [2025-10-09T11:36:52.291+0000] {dag.py:3954} INFO - Setting next_dagrun for timeseries_pipeline to 2025-10-08 00:00:00+00:00, run_after=2025-10-09 00:00:00+00:00
[2025-10-09T11:36:52.312+0000] {processor.py:183} INFO - Processing /opt/airflow/dags/timeseries_pipeline.py took 0.714 seconds
[2025-10-09T11:37:23.044+0000] {processor.py:161} INFO - Started process (PID=227) to work on /opt/airflow/dags/timeseries_pipeline.py
[2025-10-09T11:37:23.045+0000] {processor.py:830} INFO - Processing file /opt/airflow/dags/timeseries_pipeline.py for tasks to queue
[2025-10-09T11:37:23.046+0000] {logging_mixin.py:188} INFO - [2025-10-09T11:37:23.045+0000] {dagbag.py:545} INFO - Filling up the DagBag from /opt/airflow/dags/timeseries_pipeline.py
[2025-10-09T11:37:23.739+0000] {processor.py:840} INFO - DAG(s) 'timeseries_pipeline' retrieved from /opt/airflow/dags/timeseries_pipeline.py
[2025-10-09T11:37:23.760+0000] {logging_mixin.py:188} INFO - [2025-10-09T11:37:23.760+0000] {dag.py:3096} INFO - Sync 1 DAGs
[2025-10-09T11:37:23.777+0000] {logging_mixin.py:188} INFO - [2025-10-09T11:37:23.777+0000] {dag.py:3954} INFO - Setting next_dagrun for timeseries_pipeline to 2025-10-08 00:00:00+00:00, run_after=2025-10-09 00:00:00+00:00
[2025-10-09T11:37:23.793+0000] {processor.py:183} INFO - Processing /opt/airflow/dags/timeseries_pipeline.py took 0.752 seconds
[2025-10-09T11:37:54.337+0000] {processor.py:161} INFO - Started process (PID=239) to work on /opt/airflow/dags/timeseries_pipeline.py
[2025-10-09T11:37:54.338+0000] {processor.py:830} INFO - Processing file /opt/airflow/dags/timeseries_pipeline.py for tasks to queue
[2025-10-09T11:37:54.339+0000] {logging_mixin.py:188} INFO - [2025-10-09T11:37:54.338+0000] {dagbag.py:545} INFO - Filling up the DagBag from /opt/airflow/dags/timeseries_pipeline.py
[2025-10-09T11:37:55.011+0000] {processor.py:840} INFO - DAG(s) 'timeseries_pipeline' retrieved from /opt/airflow/dags/timeseries_pipeline.py
[2025-10-09T11:37:55.030+0000] {logging_mixin.py:188} INFO - [2025-10-09T11:37:55.030+0000] {dag.py:3096} INFO - Sync 1 DAGs
[2025-10-09T11:37:55.045+0000] {logging_mixin.py:188} INFO - [2025-10-09T11:37:55.045+0000] {dag.py:3954} INFO - Setting next_dagrun for timeseries_pipeline to 2025-10-08 00:00:00+00:00, run_after=2025-10-09 00:00:00+00:00
[2025-10-09T11:37:55.062+0000] {processor.py:183} INFO - Processing /opt/airflow/dags/timeseries_pipeline.py took 0.730 seconds
[2025-10-09T11:38:25.188+0000] {processor.py:161} INFO - Started process (PID=251) to work on /opt/airflow/dags/timeseries_pipeline.py
[2025-10-09T11:38:25.189+0000] {processor.py:830} INFO - Processing file /opt/airflow/dags/timeseries_pipeline.py for tasks to queue
[2025-10-09T11:38:25.190+0000] {logging_mixin.py:188} INFO - [2025-10-09T11:38:25.189+0000] {dagbag.py:545} INFO - Filling up the DagBag from /opt/airflow/dags/timeseries_pipeline.py
[2025-10-09T11:38:25.927+0000] {processor.py:840} INFO - DAG(s) 'timeseries_pipeline' retrieved from /opt/airflow/dags/timeseries_pipeline.py
[2025-10-09T11:38:25.953+0000] {logging_mixin.py:188} INFO - [2025-10-09T11:38:25.953+0000] {dag.py:3096} INFO - Sync 1 DAGs
[2025-10-09T11:38:25.972+0000] {logging_mixin.py:188} INFO - [2025-10-09T11:38:25.972+0000] {dag.py:3954} INFO - Setting next_dagrun for timeseries_pipeline to 2025-10-08 00:00:00+00:00, run_after=2025-10-09 00:00:00+00:00
[2025-10-09T11:38:25.989+0000] {processor.py:183} INFO - Processing /opt/airflow/dags/timeseries_pipeline.py took 0.805 seconds
[2025-10-09T11:39:27.666+0000] {processor.py:161} INFO - Started process (PID=172) to work on /opt/airflow/dags/timeseries_pipeline.py
[2025-10-09T11:39:27.667+0000] {processor.py:830} INFO - Processing file /opt/airflow/dags/timeseries_pipeline.py for tasks to queue
[2025-10-09T11:39:27.668+0000] {logging_mixin.py:188} INFO - [2025-10-09T11:39:27.668+0000] {dagbag.py:545} INFO - Filling up the DagBag from /opt/airflow/dags/timeseries_pipeline.py
[2025-10-09T11:39:28.937+0000] {logging_mixin.py:188} INFO - [2025-10-09T11:39:28.936+0000] {font_manager.py:1639} INFO - generated new fontManager
[2025-10-09T11:39:29.242+0000] {processor.py:840} INFO - DAG(s) 'timeseries_pipeline' retrieved from /opt/airflow/dags/timeseries_pipeline.py
[2025-10-09T11:39:29.265+0000] {logging_mixin.py:188} INFO - [2025-10-09T11:39:29.264+0000] {dag.py:3096} INFO - Sync 1 DAGs
[2025-10-09T11:39:29.287+0000] {logging_mixin.py:188} INFO - [2025-10-09T11:39:29.287+0000] {dag.py:3954} INFO - Setting next_dagrun for timeseries_pipeline to 2025-10-08 00:00:00+00:00, run_after=2025-10-09 00:00:00+00:00
[2025-10-09T11:39:29.314+0000] {processor.py:183} INFO - Processing /opt/airflow/dags/timeseries_pipeline.py took 1.652 seconds
[2025-10-09T11:39:59.929+0000] {processor.py:161} INFO - Started process (PID=191) to work on /opt/airflow/dags/timeseries_pipeline.py
[2025-10-09T11:39:59.930+0000] {processor.py:830} INFO - Processing file /opt/airflow/dags/timeseries_pipeline.py for tasks to queue
[2025-10-09T11:39:59.932+0000] {logging_mixin.py:188} INFO - [2025-10-09T11:39:59.931+0000] {dagbag.py:545} INFO - Filling up the DagBag from /opt/airflow/dags/timeseries_pipeline.py
[2025-10-09T11:40:00.625+0000] {processor.py:840} INFO - DAG(s) 'timeseries_pipeline' retrieved from /opt/airflow/dags/timeseries_pipeline.py
[2025-10-09T11:40:00.707+0000] {logging_mixin.py:188} INFO - [2025-10-09T11:40:00.707+0000] {dag.py:3096} INFO - Sync 1 DAGs
[2025-10-09T11:40:00.727+0000] {logging_mixin.py:188} INFO - [2025-10-09T11:40:00.726+0000] {dag.py:3954} INFO - Setting next_dagrun for timeseries_pipeline to 2025-10-08 00:00:00+00:00, run_after=2025-10-09 00:00:00+00:00
[2025-10-09T11:40:00.758+0000] {processor.py:183} INFO - Processing /opt/airflow/dags/timeseries_pipeline.py took 0.834 seconds
[2025-10-09T11:40:30.922+0000] {processor.py:161} INFO - Started process (PID=203) to work on /opt/airflow/dags/timeseries_pipeline.py
[2025-10-09T11:40:30.923+0000] {processor.py:830} INFO - Processing file /opt/airflow/dags/timeseries_pipeline.py for tasks to queue
[2025-10-09T11:40:30.924+0000] {logging_mixin.py:188} INFO - [2025-10-09T11:40:30.924+0000] {dagbag.py:545} INFO - Filling up the DagBag from /opt/airflow/dags/timeseries_pipeline.py
[2025-10-09T11:40:31.640+0000] {processor.py:840} INFO - DAG(s) 'timeseries_pipeline' retrieved from /opt/airflow/dags/timeseries_pipeline.py
[2025-10-09T11:40:31.668+0000] {logging_mixin.py:188} INFO - [2025-10-09T11:40:31.668+0000] {dag.py:3096} INFO - Sync 1 DAGs
[2025-10-09T11:40:31.687+0000] {logging_mixin.py:188} INFO - [2025-10-09T11:40:31.686+0000] {dag.py:3954} INFO - Setting next_dagrun for timeseries_pipeline to 2025-10-08 00:00:00+00:00, run_after=2025-10-09 00:00:00+00:00
[2025-10-09T11:40:31.707+0000] {processor.py:183} INFO - Processing /opt/airflow/dags/timeseries_pipeline.py took 0.789 seconds
[2025-10-09T11:41:02.611+0000] {processor.py:161} INFO - Started process (PID=215) to work on /opt/airflow/dags/timeseries_pipeline.py
[2025-10-09T11:41:02.611+0000] {processor.py:830} INFO - Processing file /opt/airflow/dags/timeseries_pipeline.py for tasks to queue
[2025-10-09T11:41:02.612+0000] {logging_mixin.py:188} INFO - [2025-10-09T11:41:02.612+0000] {dagbag.py:545} INFO - Filling up the DagBag from /opt/airflow/dags/timeseries_pipeline.py
[2025-10-09T11:41:03.259+0000] {processor.py:840} INFO - DAG(s) 'timeseries_pipeline' retrieved from /opt/airflow/dags/timeseries_pipeline.py
[2025-10-09T11:41:03.281+0000] {logging_mixin.py:188} INFO - [2025-10-09T11:41:03.280+0000] {dag.py:3096} INFO - Sync 1 DAGs
[2025-10-09T11:41:03.296+0000] {logging_mixin.py:188} INFO - [2025-10-09T11:41:03.296+0000] {dag.py:3954} INFO - Setting next_dagrun for timeseries_pipeline to 2025-10-08 00:00:00+00:00, run_after=2025-10-09 00:00:00+00:00
[2025-10-09T11:41:03.318+0000] {processor.py:183} INFO - Processing /opt/airflow/dags/timeseries_pipeline.py took 0.711 seconds
[2025-10-09T11:41:34.082+0000] {processor.py:161} INFO - Started process (PID=227) to work on /opt/airflow/dags/timeseries_pipeline.py
[2025-10-09T11:41:34.083+0000] {processor.py:830} INFO - Processing file /opt/airflow/dags/timeseries_pipeline.py for tasks to queue
[2025-10-09T11:41:34.084+0000] {logging_mixin.py:188} INFO - [2025-10-09T11:41:34.083+0000] {dagbag.py:545} INFO - Filling up the DagBag from /opt/airflow/dags/timeseries_pipeline.py
[2025-10-09T11:41:34.780+0000] {processor.py:840} INFO - DAG(s) 'timeseries_pipeline' retrieved from /opt/airflow/dags/timeseries_pipeline.py
[2025-10-09T11:41:34.800+0000] {logging_mixin.py:188} INFO - [2025-10-09T11:41:34.799+0000] {dag.py:3096} INFO - Sync 1 DAGs
[2025-10-09T11:41:34.819+0000] {logging_mixin.py:188} INFO - [2025-10-09T11:41:34.819+0000] {dag.py:3954} INFO - Setting next_dagrun for timeseries_pipeline to 2025-10-08 00:00:00+00:00, run_after=2025-10-09 00:00:00+00:00
[2025-10-09T11:41:34.841+0000] {processor.py:183} INFO - Processing /opt/airflow/dags/timeseries_pipeline.py took 0.763 seconds
[2025-10-09T11:42:04.883+0000] {processor.py:161} INFO - Started process (PID=239) to work on /opt/airflow/dags/timeseries_pipeline.py
[2025-10-09T11:42:04.884+0000] {processor.py:830} INFO - Processing file /opt/airflow/dags/timeseries_pipeline.py for tasks to queue
[2025-10-09T11:42:04.885+0000] {logging_mixin.py:188} INFO - [2025-10-09T11:42:04.884+0000] {dagbag.py:545} INFO - Filling up the DagBag from /opt/airflow/dags/timeseries_pipeline.py
[2025-10-09T11:42:05.550+0000] {processor.py:840} INFO - DAG(s) 'timeseries_pipeline' retrieved from /opt/airflow/dags/timeseries_pipeline.py
[2025-10-09T11:42:05.572+0000] {logging_mixin.py:188} INFO - [2025-10-09T11:42:05.571+0000] {dag.py:3096} INFO - Sync 1 DAGs
[2025-10-09T11:42:05.586+0000] {logging_mixin.py:188} INFO - [2025-10-09T11:42:05.586+0000] {dag.py:3954} INFO - Setting next_dagrun for timeseries_pipeline to 2025-10-08 00:00:00+00:00, run_after=2025-10-09 00:00:00+00:00
[2025-10-09T11:42:05.601+0000] {processor.py:183} INFO - Processing /opt/airflow/dags/timeseries_pipeline.py took 0.722 seconds
[2025-10-09T11:42:36.037+0000] {processor.py:161} INFO - Started process (PID=251) to work on /opt/airflow/dags/timeseries_pipeline.py
[2025-10-09T11:42:36.038+0000] {processor.py:830} INFO - Processing file /opt/airflow/dags/timeseries_pipeline.py for tasks to queue
[2025-10-09T11:42:36.039+0000] {logging_mixin.py:188} INFO - [2025-10-09T11:42:36.038+0000] {dagbag.py:545} INFO - Filling up the DagBag from /opt/airflow/dags/timeseries_pipeline.py
[2025-10-09T11:42:36.748+0000] {processor.py:840} INFO - DAG(s) 'timeseries_pipeline' retrieved from /opt/airflow/dags/timeseries_pipeline.py
[2025-10-09T11:42:36.771+0000] {logging_mixin.py:188} INFO - [2025-10-09T11:42:36.770+0000] {dag.py:3096} INFO - Sync 1 DAGs
[2025-10-09T11:42:36.790+0000] {logging_mixin.py:188} INFO - [2025-10-09T11:42:36.789+0000] {dag.py:3954} INFO - Setting next_dagrun for timeseries_pipeline to 2025-10-08 00:00:00+00:00, run_after=2025-10-09 00:00:00+00:00
[2025-10-09T11:42:36.812+0000] {processor.py:183} INFO - Processing /opt/airflow/dags/timeseries_pipeline.py took 0.779 seconds
[2025-10-09T11:43:07.679+0000] {processor.py:161} INFO - Started process (PID=263) to work on /opt/airflow/dags/timeseries_pipeline.py
[2025-10-09T11:43:07.679+0000] {processor.py:830} INFO - Processing file /opt/airflow/dags/timeseries_pipeline.py for tasks to queue
[2025-10-09T11:43:07.680+0000] {logging_mixin.py:188} INFO - [2025-10-09T11:43:07.680+0000] {dagbag.py:545} INFO - Filling up the DagBag from /opt/airflow/dags/timeseries_pipeline.py
[2025-10-09T11:43:08.363+0000] {processor.py:840} INFO - DAG(s) 'timeseries_pipeline' retrieved from /opt/airflow/dags/timeseries_pipeline.py
[2025-10-09T11:43:08.387+0000] {logging_mixin.py:188} INFO - [2025-10-09T11:43:08.386+0000] {dag.py:3096} INFO - Sync 1 DAGs
[2025-10-09T11:43:08.408+0000] {logging_mixin.py:188} INFO - [2025-10-09T11:43:08.408+0000] {dag.py:3954} INFO - Setting next_dagrun for timeseries_pipeline to 2025-10-08 00:00:00+00:00, run_after=2025-10-09 00:00:00+00:00
[2025-10-09T11:43:08.425+0000] {processor.py:183} INFO - Processing /opt/airflow/dags/timeseries_pipeline.py took 0.751 seconds
[2025-10-09T11:43:38.898+0000] {processor.py:161} INFO - Started process (PID=275) to work on /opt/airflow/dags/timeseries_pipeline.py
[2025-10-09T11:43:38.899+0000] {processor.py:830} INFO - Processing file /opt/airflow/dags/timeseries_pipeline.py for tasks to queue
[2025-10-09T11:43:38.899+0000] {logging_mixin.py:188} INFO - [2025-10-09T11:43:38.899+0000] {dagbag.py:545} INFO - Filling up the DagBag from /opt/airflow/dags/timeseries_pipeline.py
[2025-10-09T11:43:39.556+0000] {processor.py:840} INFO - DAG(s) 'timeseries_pipeline' retrieved from /opt/airflow/dags/timeseries_pipeline.py
[2025-10-09T11:43:39.579+0000] {logging_mixin.py:188} INFO - [2025-10-09T11:43:39.579+0000] {dag.py:3096} INFO - Sync 1 DAGs
[2025-10-09T11:43:39.601+0000] {logging_mixin.py:188} INFO - [2025-10-09T11:43:39.601+0000] {dag.py:3954} INFO - Setting next_dagrun for timeseries_pipeline to 2025-10-08 00:00:00+00:00, run_after=2025-10-09 00:00:00+00:00
[2025-10-09T11:43:39.629+0000] {processor.py:183} INFO - Processing /opt/airflow/dags/timeseries_pipeline.py took 0.735 seconds
[2025-10-09T11:44:10.206+0000] {processor.py:161} INFO - Started process (PID=287) to work on /opt/airflow/dags/timeseries_pipeline.py
[2025-10-09T11:44:10.207+0000] {processor.py:830} INFO - Processing file /opt/airflow/dags/timeseries_pipeline.py for tasks to queue
[2025-10-09T11:44:10.208+0000] {logging_mixin.py:188} INFO - [2025-10-09T11:44:10.207+0000] {dagbag.py:545} INFO - Filling up the DagBag from /opt/airflow/dags/timeseries_pipeline.py
[2025-10-09T11:44:10.899+0000] {processor.py:840} INFO - DAG(s) 'timeseries_pipeline' retrieved from /opt/airflow/dags/timeseries_pipeline.py
[2025-10-09T11:44:10.916+0000] {logging_mixin.py:188} INFO - [2025-10-09T11:44:10.916+0000] {dag.py:3096} INFO - Sync 1 DAGs
[2025-10-09T11:44:10.935+0000] {logging_mixin.py:188} INFO - [2025-10-09T11:44:10.935+0000] {dag.py:3954} INFO - Setting next_dagrun for timeseries_pipeline to 2025-10-08 00:00:00+00:00, run_after=2025-10-09 00:00:00+00:00
[2025-10-09T11:44:10.957+0000] {processor.py:183} INFO - Processing /opt/airflow/dags/timeseries_pipeline.py took 0.754 seconds
[2025-10-09T11:44:56.247+0000] {processor.py:161} INFO - Started process (PID=172) to work on /opt/airflow/dags/timeseries_pipeline.py
[2025-10-09T11:44:56.247+0000] {processor.py:830} INFO - Processing file /opt/airflow/dags/timeseries_pipeline.py for tasks to queue
[2025-10-09T11:44:56.248+0000] {logging_mixin.py:188} INFO - [2025-10-09T11:44:56.248+0000] {dagbag.py:545} INFO - Filling up the DagBag from /opt/airflow/dags/timeseries_pipeline.py
[2025-10-09T11:44:57.430+0000] {logging_mixin.py:188} INFO - [2025-10-09T11:44:57.430+0000] {font_manager.py:1639} INFO - generated new fontManager
[2025-10-09T11:44:57.684+0000] {processor.py:840} INFO - DAG(s) 'timeseries_pipeline' retrieved from /opt/airflow/dags/timeseries_pipeline.py
[2025-10-09T11:44:57.702+0000] {logging_mixin.py:188} INFO - [2025-10-09T11:44:57.701+0000] {dag.py:3096} INFO - Sync 1 DAGs
[2025-10-09T11:44:57.717+0000] {logging_mixin.py:188} INFO - [2025-10-09T11:44:57.717+0000] {dag.py:3954} INFO - Setting next_dagrun for timeseries_pipeline to 2025-10-08 00:00:00+00:00, run_after=2025-10-09 00:00:00+00:00
[2025-10-09T11:44:57.735+0000] {processor.py:183} INFO - Processing /opt/airflow/dags/timeseries_pipeline.py took 1.492 seconds
[2025-10-09T11:45:28.033+0000] {processor.py:161} INFO - Started process (PID=191) to work on /opt/airflow/dags/timeseries_pipeline.py
[2025-10-09T11:45:28.034+0000] {processor.py:830} INFO - Processing file /opt/airflow/dags/timeseries_pipeline.py for tasks to queue
[2025-10-09T11:45:28.034+0000] {logging_mixin.py:188} INFO - [2025-10-09T11:45:28.034+0000] {dagbag.py:545} INFO - Filling up the DagBag from /opt/airflow/dags/timeseries_pipeline.py
[2025-10-09T11:45:28.807+0000] {processor.py:840} INFO - DAG(s) 'timeseries_pipeline' retrieved from /opt/airflow/dags/timeseries_pipeline.py
[2025-10-09T11:45:28.889+0000] {logging_mixin.py:188} INFO - [2025-10-09T11:45:28.888+0000] {dag.py:3096} INFO - Sync 1 DAGs
[2025-10-09T11:45:28.905+0000] {logging_mixin.py:188} INFO - [2025-10-09T11:45:28.904+0000] {dag.py:3954} INFO - Setting next_dagrun for timeseries_pipeline to 2025-10-08 00:00:00+00:00, run_after=2025-10-09 00:00:00+00:00
[2025-10-09T11:45:28.927+0000] {processor.py:183} INFO - Processing /opt/airflow/dags/timeseries_pipeline.py took 0.899 seconds
[2025-10-09T11:45:59.113+0000] {processor.py:161} INFO - Started process (PID=203) to work on /opt/airflow/dags/timeseries_pipeline.py
[2025-10-09T11:45:59.113+0000] {processor.py:830} INFO - Processing file /opt/airflow/dags/timeseries_pipeline.py for tasks to queue
[2025-10-09T11:45:59.114+0000] {logging_mixin.py:188} INFO - [2025-10-09T11:45:59.114+0000] {dagbag.py:545} INFO - Filling up the DagBag from /opt/airflow/dags/timeseries_pipeline.py
[2025-10-09T11:45:59.840+0000] {processor.py:840} INFO - DAG(s) 'timeseries_pipeline' retrieved from /opt/airflow/dags/timeseries_pipeline.py
[2025-10-09T11:45:59.862+0000] {logging_mixin.py:188} INFO - [2025-10-09T11:45:59.861+0000] {dag.py:3096} INFO - Sync 1 DAGs
[2025-10-09T11:45:59.879+0000] {logging_mixin.py:188} INFO - [2025-10-09T11:45:59.879+0000] {dag.py:3954} INFO - Setting next_dagrun for timeseries_pipeline to 2025-10-08 00:00:00+00:00, run_after=2025-10-09 00:00:00+00:00
[2025-10-09T11:45:59.899+0000] {processor.py:183} INFO - Processing /opt/airflow/dags/timeseries_pipeline.py took 0.791 seconds
[2025-10-09T11:46:30.061+0000] {processor.py:161} INFO - Started process (PID=215) to work on /opt/airflow/dags/timeseries_pipeline.py
[2025-10-09T11:46:30.062+0000] {processor.py:830} INFO - Processing file /opt/airflow/dags/timeseries_pipeline.py for tasks to queue
[2025-10-09T11:46:30.062+0000] {logging_mixin.py:188} INFO - [2025-10-09T11:46:30.062+0000] {dagbag.py:545} INFO - Filling up the DagBag from /opt/airflow/dags/timeseries_pipeline.py
[2025-10-09T11:46:30.778+0000] {processor.py:840} INFO - DAG(s) 'timeseries_pipeline' retrieved from /opt/airflow/dags/timeseries_pipeline.py
[2025-10-09T11:46:30.803+0000] {logging_mixin.py:188} INFO - [2025-10-09T11:46:30.803+0000] {dag.py:3096} INFO - Sync 1 DAGs
[2025-10-09T11:46:30.822+0000] {logging_mixin.py:188} INFO - [2025-10-09T11:46:30.822+0000] {dag.py:3954} INFO - Setting next_dagrun for timeseries_pipeline to 2025-10-08 00:00:00+00:00, run_after=2025-10-09 00:00:00+00:00
[2025-10-09T11:46:30.849+0000] {processor.py:183} INFO - Processing /opt/airflow/dags/timeseries_pipeline.py took 0.792 seconds
[2025-10-09T11:47:01.463+0000] {processor.py:161} INFO - Started process (PID=227) to work on /opt/airflow/dags/timeseries_pipeline.py
[2025-10-09T11:47:01.464+0000] {processor.py:830} INFO - Processing file /opt/airflow/dags/timeseries_pipeline.py for tasks to queue
[2025-10-09T11:47:01.465+0000] {logging_mixin.py:188} INFO - [2025-10-09T11:47:01.465+0000] {dagbag.py:545} INFO - Filling up the DagBag from /opt/airflow/dags/timeseries_pipeline.py
[2025-10-09T11:47:02.162+0000] {processor.py:840} INFO - DAG(s) 'timeseries_pipeline' retrieved from /opt/airflow/dags/timeseries_pipeline.py
[2025-10-09T11:47:02.200+0000] {logging_mixin.py:188} INFO - [2025-10-09T11:47:02.199+0000] {dag.py:3096} INFO - Sync 1 DAGs
[2025-10-09T11:47:02.218+0000] {logging_mixin.py:188} INFO - [2025-10-09T11:47:02.217+0000] {dag.py:3954} INFO - Setting next_dagrun for timeseries_pipeline to 2025-10-08 00:00:00+00:00, run_after=2025-10-09 00:00:00+00:00
[2025-10-09T11:47:02.239+0000] {processor.py:183} INFO - Processing /opt/airflow/dags/timeseries_pipeline.py took 0.780 seconds
[2025-10-09T11:47:32.697+0000] {processor.py:161} INFO - Started process (PID=239) to work on /opt/airflow/dags/timeseries_pipeline.py
[2025-10-09T11:47:32.697+0000] {processor.py:830} INFO - Processing file /opt/airflow/dags/timeseries_pipeline.py for tasks to queue
[2025-10-09T11:47:32.698+0000] {logging_mixin.py:188} INFO - [2025-10-09T11:47:32.698+0000] {dagbag.py:545} INFO - Filling up the DagBag from /opt/airflow/dags/timeseries_pipeline.py
[2025-10-09T11:47:33.343+0000] {processor.py:840} INFO - DAG(s) 'timeseries_pipeline' retrieved from /opt/airflow/dags/timeseries_pipeline.py
[2025-10-09T11:47:33.366+0000] {logging_mixin.py:188} INFO - [2025-10-09T11:47:33.365+0000] {dag.py:3096} INFO - Sync 1 DAGs
[2025-10-09T11:47:33.388+0000] {logging_mixin.py:188} INFO - [2025-10-09T11:47:33.388+0000] {dag.py:3954} INFO - Setting next_dagrun for timeseries_pipeline to 2025-10-08 00:00:00+00:00, run_after=2025-10-09 00:00:00+00:00
[2025-10-09T11:47:33.412+0000] {processor.py:183} INFO - Processing /opt/airflow/dags/timeseries_pipeline.py took 0.718 seconds
[2025-10-09T11:48:03.555+0000] {processor.py:161} INFO - Started process (PID=251) to work on /opt/airflow/dags/timeseries_pipeline.py
[2025-10-09T11:48:03.555+0000] {processor.py:830} INFO - Processing file /opt/airflow/dags/timeseries_pipeline.py for tasks to queue
[2025-10-09T11:48:03.556+0000] {logging_mixin.py:188} INFO - [2025-10-09T11:48:03.556+0000] {dagbag.py:545} INFO - Filling up the DagBag from /opt/airflow/dags/timeseries_pipeline.py
[2025-10-09T11:48:04.279+0000] {processor.py:840} INFO - DAG(s) 'timeseries_pipeline' retrieved from /opt/airflow/dags/timeseries_pipeline.py
[2025-10-09T11:48:04.299+0000] {logging_mixin.py:188} INFO - [2025-10-09T11:48:04.299+0000] {dag.py:3096} INFO - Sync 1 DAGs
[2025-10-09T11:48:04.318+0000] {logging_mixin.py:188} INFO - [2025-10-09T11:48:04.317+0000] {dag.py:3954} INFO - Setting next_dagrun for timeseries_pipeline to 2025-10-08 00:00:00+00:00, run_after=2025-10-09 00:00:00+00:00
[2025-10-09T11:48:04.342+0000] {processor.py:183} INFO - Processing /opt/airflow/dags/timeseries_pipeline.py took 0.792 seconds
[2025-10-09T11:48:34.738+0000] {processor.py:161} INFO - Started process (PID=263) to work on /opt/airflow/dags/timeseries_pipeline.py
[2025-10-09T11:48:34.739+0000] {processor.py:830} INFO - Processing file /opt/airflow/dags/timeseries_pipeline.py for tasks to queue
[2025-10-09T11:48:34.740+0000] {logging_mixin.py:188} INFO - [2025-10-09T11:48:34.740+0000] {dagbag.py:545} INFO - Filling up the DagBag from /opt/airflow/dags/timeseries_pipeline.py
[2025-10-09T11:48:35.466+0000] {processor.py:840} INFO - DAG(s) 'timeseries_pipeline' retrieved from /opt/airflow/dags/timeseries_pipeline.py
[2025-10-09T11:48:35.490+0000] {logging_mixin.py:188} INFO - [2025-10-09T11:48:35.489+0000] {dag.py:3096} INFO - Sync 1 DAGs
[2025-10-09T11:48:35.506+0000] {logging_mixin.py:188} INFO - [2025-10-09T11:48:35.506+0000] {dag.py:3954} INFO - Setting next_dagrun for timeseries_pipeline to 2025-10-08 00:00:00+00:00, run_after=2025-10-09 00:00:00+00:00
[2025-10-09T11:48:35.520+0000] {processor.py:183} INFO - Processing /opt/airflow/dags/timeseries_pipeline.py took 0.786 seconds
[2025-10-09T11:49:06.179+0000] {processor.py:161} INFO - Started process (PID=275) to work on /opt/airflow/dags/timeseries_pipeline.py
[2025-10-09T11:49:06.180+0000] {processor.py:830} INFO - Processing file /opt/airflow/dags/timeseries_pipeline.py for tasks to queue
[2025-10-09T11:49:06.182+0000] {logging_mixin.py:188} INFO - [2025-10-09T11:49:06.181+0000] {dagbag.py:545} INFO - Filling up the DagBag from /opt/airflow/dags/timeseries_pipeline.py
[2025-10-09T11:49:06.867+0000] {processor.py:840} INFO - DAG(s) 'timeseries_pipeline' retrieved from /opt/airflow/dags/timeseries_pipeline.py
[2025-10-09T11:49:06.889+0000] {logging_mixin.py:188} INFO - [2025-10-09T11:49:06.888+0000] {dag.py:3096} INFO - Sync 1 DAGs
[2025-10-09T11:49:06.921+0000] {logging_mixin.py:188} INFO - [2025-10-09T11:49:06.920+0000] {dag.py:3954} INFO - Setting next_dagrun for timeseries_pipeline to 2025-10-08 00:00:00+00:00, run_after=2025-10-09 00:00:00+00:00
[2025-10-09T11:49:06.948+0000] {processor.py:183} INFO - Processing /opt/airflow/dags/timeseries_pipeline.py took 0.773 seconds
[2025-10-09T11:49:37.318+0000] {processor.py:161} INFO - Started process (PID=287) to work on /opt/airflow/dags/timeseries_pipeline.py
[2025-10-09T11:49:37.318+0000] {processor.py:830} INFO - Processing file /opt/airflow/dags/timeseries_pipeline.py for tasks to queue
[2025-10-09T11:49:37.319+0000] {logging_mixin.py:188} INFO - [2025-10-09T11:49:37.319+0000] {dagbag.py:545} INFO - Filling up the DagBag from /opt/airflow/dags/timeseries_pipeline.py
[2025-10-09T11:49:38.053+0000] {processor.py:840} INFO - DAG(s) 'timeseries_pipeline' retrieved from /opt/airflow/dags/timeseries_pipeline.py
[2025-10-09T11:49:38.074+0000] {logging_mixin.py:188} INFO - [2025-10-09T11:49:38.074+0000] {dag.py:3096} INFO - Sync 1 DAGs
[2025-10-09T11:49:38.092+0000] {logging_mixin.py:188} INFO - [2025-10-09T11:49:38.092+0000] {dag.py:3954} INFO - Setting next_dagrun for timeseries_pipeline to 2025-10-08 00:00:00+00:00, run_after=2025-10-09 00:00:00+00:00
[2025-10-09T11:49:38.107+0000] {processor.py:183} INFO - Processing /opt/airflow/dags/timeseries_pipeline.py took 0.793 seconds
[2025-10-09T11:50:21.548+0000] {processor.py:161} INFO - Started process (PID=294) to work on /opt/airflow/dags/timeseries_pipeline.py
[2025-10-09T11:50:21.549+0000] {processor.py:830} INFO - Processing file /opt/airflow/dags/timeseries_pipeline.py for tasks to queue
[2025-10-09T11:50:21.550+0000] {logging_mixin.py:188} INFO - [2025-10-09T11:50:21.549+0000] {dagbag.py:545} INFO - Filling up the DagBag from /opt/airflow/dags/timeseries_pipeline.py
[2025-10-09T11:50:22.227+0000] {processor.py:840} INFO - DAG(s) 'timeseries_pipeline' retrieved from /opt/airflow/dags/timeseries_pipeline.py
[2025-10-09T11:50:22.247+0000] {logging_mixin.py:188} INFO - [2025-10-09T11:50:22.247+0000] {dag.py:3096} INFO - Sync 1 DAGs
[2025-10-09T11:50:22.263+0000] {logging_mixin.py:188} INFO - [2025-10-09T11:50:22.263+0000] {dag.py:3954} INFO - Setting next_dagrun for timeseries_pipeline to 2025-10-08 00:00:00+00:00, run_after=2025-10-09 00:00:00+00:00
[2025-10-09T11:50:22.283+0000] {processor.py:183} INFO - Processing /opt/airflow/dags/timeseries_pipeline.py took 0.739 seconds
[2025-10-09T11:50:52.809+0000] {processor.py:161} INFO - Started process (PID=311) to work on /opt/airflow/dags/timeseries_pipeline.py
[2025-10-09T11:50:52.809+0000] {processor.py:830} INFO - Processing file /opt/airflow/dags/timeseries_pipeline.py for tasks to queue
[2025-10-09T11:50:52.810+0000] {logging_mixin.py:188} INFO - [2025-10-09T11:50:52.810+0000] {dagbag.py:545} INFO - Filling up the DagBag from /opt/airflow/dags/timeseries_pipeline.py
[2025-10-09T11:50:53.495+0000] {processor.py:840} INFO - DAG(s) 'timeseries_pipeline' retrieved from /opt/airflow/dags/timeseries_pipeline.py
[2025-10-09T11:50:53.525+0000] {logging_mixin.py:188} INFO - [2025-10-09T11:50:53.524+0000] {dag.py:3096} INFO - Sync 1 DAGs
[2025-10-09T11:50:53.541+0000] {logging_mixin.py:188} INFO - [2025-10-09T11:50:53.541+0000] {dag.py:3954} INFO - Setting next_dagrun for timeseries_pipeline to 2025-10-08 00:00:00+00:00, run_after=2025-10-09 00:00:00+00:00
[2025-10-09T11:50:53.565+0000] {processor.py:183} INFO - Processing /opt/airflow/dags/timeseries_pipeline.py took 0.760 seconds
[2025-10-09T11:51:24.179+0000] {processor.py:161} INFO - Started process (PID=323) to work on /opt/airflow/dags/timeseries_pipeline.py
[2025-10-09T11:51:24.180+0000] {processor.py:830} INFO - Processing file /opt/airflow/dags/timeseries_pipeline.py for tasks to queue
[2025-10-09T11:51:24.181+0000] {logging_mixin.py:188} INFO - [2025-10-09T11:51:24.180+0000] {dagbag.py:545} INFO - Filling up the DagBag from /opt/airflow/dags/timeseries_pipeline.py
[2025-10-09T11:51:24.883+0000] {processor.py:840} INFO - DAG(s) 'timeseries_pipeline' retrieved from /opt/airflow/dags/timeseries_pipeline.py
[2025-10-09T11:51:24.909+0000] {logging_mixin.py:188} INFO - [2025-10-09T11:51:24.908+0000] {dag.py:3096} INFO - Sync 1 DAGs
[2025-10-09T11:51:24.925+0000] {logging_mixin.py:188} INFO - [2025-10-09T11:51:24.925+0000] {dag.py:3954} INFO - Setting next_dagrun for timeseries_pipeline to 2025-10-08 00:00:00+00:00, run_after=2025-10-09 00:00:00+00:00
[2025-10-09T11:51:24.948+0000] {processor.py:183} INFO - Processing /opt/airflow/dags/timeseries_pipeline.py took 0.775 seconds
[2025-10-09T11:51:55.371+0000] {processor.py:161} INFO - Started process (PID=335) to work on /opt/airflow/dags/timeseries_pipeline.py
[2025-10-09T11:51:55.372+0000] {processor.py:830} INFO - Processing file /opt/airflow/dags/timeseries_pipeline.py for tasks to queue
[2025-10-09T11:51:55.373+0000] {logging_mixin.py:188} INFO - [2025-10-09T11:51:55.373+0000] {dagbag.py:545} INFO - Filling up the DagBag from /opt/airflow/dags/timeseries_pipeline.py
[2025-10-09T11:51:56.085+0000] {processor.py:840} INFO - DAG(s) 'timeseries_pipeline' retrieved from /opt/airflow/dags/timeseries_pipeline.py
[2025-10-09T11:51:56.120+0000] {logging_mixin.py:188} INFO - [2025-10-09T11:51:56.120+0000] {dag.py:3096} INFO - Sync 1 DAGs
[2025-10-09T11:51:56.143+0000] {logging_mixin.py:188} INFO - [2025-10-09T11:51:56.142+0000] {dag.py:3954} INFO - Setting next_dagrun for timeseries_pipeline to 2025-10-08 00:00:00+00:00, run_after=2025-10-09 00:00:00+00:00
[2025-10-09T11:51:56.175+0000] {processor.py:183} INFO - Processing /opt/airflow/dags/timeseries_pipeline.py took 0.807 seconds
[2025-10-09T11:52:26.557+0000] {processor.py:161} INFO - Started process (PID=347) to work on /opt/airflow/dags/timeseries_pipeline.py
[2025-10-09T11:52:26.558+0000] {processor.py:830} INFO - Processing file /opt/airflow/dags/timeseries_pipeline.py for tasks to queue
[2025-10-09T11:52:26.558+0000] {logging_mixin.py:188} INFO - [2025-10-09T11:52:26.558+0000] {dagbag.py:545} INFO - Filling up the DagBag from /opt/airflow/dags/timeseries_pipeline.py
[2025-10-09T11:52:27.202+0000] {processor.py:840} INFO - DAG(s) 'timeseries_pipeline' retrieved from /opt/airflow/dags/timeseries_pipeline.py
[2025-10-09T11:52:27.229+0000] {logging_mixin.py:188} INFO - [2025-10-09T11:52:27.229+0000] {dag.py:3096} INFO - Sync 1 DAGs
[2025-10-09T11:52:27.252+0000] {logging_mixin.py:188} INFO - [2025-10-09T11:52:27.252+0000] {dag.py:3954} INFO - Setting next_dagrun for timeseries_pipeline to 2025-10-08 00:00:00+00:00, run_after=2025-10-09 00:00:00+00:00
[2025-10-09T11:52:27.279+0000] {processor.py:183} INFO - Processing /opt/airflow/dags/timeseries_pipeline.py took 0.726 seconds
[2025-10-09T11:52:57.738+0000] {processor.py:161} INFO - Started process (PID=359) to work on /opt/airflow/dags/timeseries_pipeline.py
[2025-10-09T11:52:57.739+0000] {processor.py:830} INFO - Processing file /opt/airflow/dags/timeseries_pipeline.py for tasks to queue
[2025-10-09T11:52:57.740+0000] {logging_mixin.py:188} INFO - [2025-10-09T11:52:57.740+0000] {dagbag.py:545} INFO - Filling up the DagBag from /opt/airflow/dags/timeseries_pipeline.py
[2025-10-09T11:52:58.434+0000] {processor.py:840} INFO - DAG(s) 'timeseries_pipeline' retrieved from /opt/airflow/dags/timeseries_pipeline.py
[2025-10-09T11:52:58.451+0000] {logging_mixin.py:188} INFO - [2025-10-09T11:52:58.451+0000] {dag.py:3096} INFO - Sync 1 DAGs
[2025-10-09T11:52:58.467+0000] {logging_mixin.py:188} INFO - [2025-10-09T11:52:58.467+0000] {dag.py:3954} INFO - Setting next_dagrun for timeseries_pipeline to 2025-10-08 00:00:00+00:00, run_after=2025-10-09 00:00:00+00:00
[2025-10-09T11:52:58.488+0000] {processor.py:183} INFO - Processing /opt/airflow/dags/timeseries_pipeline.py took 0.754 seconds
[2025-10-09T11:53:28.555+0000] {processor.py:161} INFO - Started process (PID=371) to work on /opt/airflow/dags/timeseries_pipeline.py
[2025-10-09T11:53:28.556+0000] {processor.py:830} INFO - Processing file /opt/airflow/dags/timeseries_pipeline.py for tasks to queue
[2025-10-09T11:53:28.557+0000] {logging_mixin.py:188} INFO - [2025-10-09T11:53:28.557+0000] {dagbag.py:545} INFO - Filling up the DagBag from /opt/airflow/dags/timeseries_pipeline.py
[2025-10-09T11:53:29.296+0000] {processor.py:840} INFO - DAG(s) 'timeseries_pipeline' retrieved from /opt/airflow/dags/timeseries_pipeline.py
[2025-10-09T11:53:29.318+0000] {logging_mixin.py:188} INFO - [2025-10-09T11:53:29.318+0000] {dag.py:3096} INFO - Sync 1 DAGs
[2025-10-09T11:53:29.334+0000] {logging_mixin.py:188} INFO - [2025-10-09T11:53:29.334+0000] {dag.py:3954} INFO - Setting next_dagrun for timeseries_pipeline to 2025-10-08 00:00:00+00:00, run_after=2025-10-09 00:00:00+00:00
[2025-10-09T11:53:29.353+0000] {processor.py:183} INFO - Processing /opt/airflow/dags/timeseries_pipeline.py took 0.802 seconds
[2025-10-09T11:54:00.678+0000] {processor.py:161} INFO - Started process (PID=378) to work on /opt/airflow/dags/timeseries_pipeline.py
[2025-10-09T11:54:00.678+0000] {processor.py:830} INFO - Processing file /opt/airflow/dags/timeseries_pipeline.py for tasks to queue
[2025-10-09T11:54:00.679+0000] {logging_mixin.py:188} INFO - [2025-10-09T11:54:00.679+0000] {dagbag.py:545} INFO - Filling up the DagBag from /opt/airflow/dags/timeseries_pipeline.py
[2025-10-09T11:54:01.367+0000] {processor.py:840} INFO - DAG(s) 'timeseries_pipeline' retrieved from /opt/airflow/dags/timeseries_pipeline.py
[2025-10-09T11:54:01.393+0000] {logging_mixin.py:188} INFO - [2025-10-09T11:54:01.393+0000] {dag.py:3096} INFO - Sync 1 DAGs
[2025-10-09T11:54:01.409+0000] {logging_mixin.py:188} INFO - [2025-10-09T11:54:01.409+0000] {dag.py:3954} INFO - Setting next_dagrun for timeseries_pipeline to 2025-10-08 00:00:00+00:00, run_after=2025-10-09 00:00:00+00:00
[2025-10-09T11:54:01.429+0000] {processor.py:183} INFO - Processing /opt/airflow/dags/timeseries_pipeline.py took 0.756 seconds
[2025-10-09T11:54:31.875+0000] {processor.py:161} INFO - Started process (PID=395) to work on /opt/airflow/dags/timeseries_pipeline.py
[2025-10-09T11:54:31.876+0000] {processor.py:830} INFO - Processing file /opt/airflow/dags/timeseries_pipeline.py for tasks to queue
[2025-10-09T11:54:31.876+0000] {logging_mixin.py:188} INFO - [2025-10-09T11:54:31.876+0000] {dagbag.py:545} INFO - Filling up the DagBag from /opt/airflow/dags/timeseries_pipeline.py
[2025-10-09T11:54:32.607+0000] {processor.py:840} INFO - DAG(s) 'timeseries_pipeline' retrieved from /opt/airflow/dags/timeseries_pipeline.py
[2025-10-09T11:54:32.631+0000] {logging_mixin.py:188} INFO - [2025-10-09T11:54:32.630+0000] {dag.py:3096} INFO - Sync 1 DAGs
[2025-10-09T11:54:32.647+0000] {logging_mixin.py:188} INFO - [2025-10-09T11:54:32.647+0000] {dag.py:3954} INFO - Setting next_dagrun for timeseries_pipeline to 2025-10-08 00:00:00+00:00, run_after=2025-10-09 00:00:00+00:00
[2025-10-09T11:54:32.667+0000] {processor.py:183} INFO - Processing /opt/airflow/dags/timeseries_pipeline.py took 0.796 seconds
[2025-10-09T11:55:02.808+0000] {processor.py:161} INFO - Started process (PID=407) to work on /opt/airflow/dags/timeseries_pipeline.py
[2025-10-09T11:55:02.809+0000] {processor.py:830} INFO - Processing file /opt/airflow/dags/timeseries_pipeline.py for tasks to queue
[2025-10-09T11:55:02.810+0000] {logging_mixin.py:188} INFO - [2025-10-09T11:55:02.810+0000] {dagbag.py:545} INFO - Filling up the DagBag from /opt/airflow/dags/timeseries_pipeline.py
[2025-10-09T11:55:03.507+0000] {processor.py:840} INFO - DAG(s) 'timeseries_pipeline' retrieved from /opt/airflow/dags/timeseries_pipeline.py
[2025-10-09T11:55:03.538+0000] {logging_mixin.py:188} INFO - [2025-10-09T11:55:03.537+0000] {dag.py:3096} INFO - Sync 1 DAGs
[2025-10-09T11:55:03.559+0000] {logging_mixin.py:188} INFO - [2025-10-09T11:55:03.559+0000] {dag.py:3954} INFO - Setting next_dagrun for timeseries_pipeline to 2025-10-08 00:00:00+00:00, run_after=2025-10-09 00:00:00+00:00
[2025-10-09T11:55:03.581+0000] {processor.py:183} INFO - Processing /opt/airflow/dags/timeseries_pipeline.py took 0.777 seconds
[2025-10-09T11:55:34.150+0000] {processor.py:161} INFO - Started process (PID=419) to work on /opt/airflow/dags/timeseries_pipeline.py
[2025-10-09T11:55:34.151+0000] {processor.py:830} INFO - Processing file /opt/airflow/dags/timeseries_pipeline.py for tasks to queue
[2025-10-09T11:55:34.152+0000] {logging_mixin.py:188} INFO - [2025-10-09T11:55:34.151+0000] {dagbag.py:545} INFO - Filling up the DagBag from /opt/airflow/dags/timeseries_pipeline.py
[2025-10-09T11:55:34.789+0000] {processor.py:840} INFO - DAG(s) 'timeseries_pipeline' retrieved from /opt/airflow/dags/timeseries_pipeline.py
[2025-10-09T11:55:34.810+0000] {logging_mixin.py:188} INFO - [2025-10-09T11:55:34.810+0000] {dag.py:3096} INFO - Sync 1 DAGs
[2025-10-09T11:55:34.830+0000] {logging_mixin.py:188} INFO - [2025-10-09T11:55:34.830+0000] {dag.py:3954} INFO - Setting next_dagrun for timeseries_pipeline to 2025-10-08 00:00:00+00:00, run_after=2025-10-09 00:00:00+00:00
[2025-10-09T11:55:34.853+0000] {processor.py:183} INFO - Processing /opt/airflow/dags/timeseries_pipeline.py took 0.706 seconds
[2025-10-09T11:56:05.350+0000] {processor.py:161} INFO - Started process (PID=431) to work on /opt/airflow/dags/timeseries_pipeline.py
[2025-10-09T11:56:05.351+0000] {processor.py:830} INFO - Processing file /opt/airflow/dags/timeseries_pipeline.py for tasks to queue
[2025-10-09T11:56:05.352+0000] {logging_mixin.py:188} INFO - [2025-10-09T11:56:05.352+0000] {dagbag.py:545} INFO - Filling up the DagBag from /opt/airflow/dags/timeseries_pipeline.py
[2025-10-09T11:56:06.074+0000] {processor.py:840} INFO - DAG(s) 'timeseries_pipeline' retrieved from /opt/airflow/dags/timeseries_pipeline.py
[2025-10-09T11:56:06.100+0000] {logging_mixin.py:188} INFO - [2025-10-09T11:56:06.100+0000] {dag.py:3096} INFO - Sync 1 DAGs
[2025-10-09T11:56:06.123+0000] {logging_mixin.py:188} INFO - [2025-10-09T11:56:06.122+0000] {dag.py:3954} INFO - Setting next_dagrun for timeseries_pipeline to 2025-10-08 00:00:00+00:00, run_after=2025-10-09 00:00:00+00:00
[2025-10-09T11:56:06.144+0000] {processor.py:183} INFO - Processing /opt/airflow/dags/timeseries_pipeline.py took 0.798 seconds
[2025-10-09T11:56:36.531+0000] {processor.py:161} INFO - Started process (PID=443) to work on /opt/airflow/dags/timeseries_pipeline.py
[2025-10-09T11:56:36.532+0000] {processor.py:830} INFO - Processing file /opt/airflow/dags/timeseries_pipeline.py for tasks to queue
[2025-10-09T11:56:36.533+0000] {logging_mixin.py:188} INFO - [2025-10-09T11:56:36.532+0000] {dagbag.py:545} INFO - Filling up the DagBag from /opt/airflow/dags/timeseries_pipeline.py
[2025-10-09T11:56:37.319+0000] {processor.py:840} INFO - DAG(s) 'timeseries_pipeline' retrieved from /opt/airflow/dags/timeseries_pipeline.py
[2025-10-09T11:56:37.347+0000] {logging_mixin.py:188} INFO - [2025-10-09T11:56:37.347+0000] {dag.py:3096} INFO - Sync 1 DAGs
[2025-10-09T11:56:37.365+0000] {logging_mixin.py:188} INFO - [2025-10-09T11:56:37.365+0000] {dag.py:3954} INFO - Setting next_dagrun for timeseries_pipeline to 2025-10-08 00:00:00+00:00, run_after=2025-10-09 00:00:00+00:00
[2025-10-09T11:56:37.390+0000] {processor.py:183} INFO - Processing /opt/airflow/dags/timeseries_pipeline.py took 0.863 seconds
[2025-10-09T12:00:55.982+0000] {processor.py:161} INFO - Started process (PID=172) to work on /opt/airflow/dags/timeseries_pipeline.py
[2025-10-09T12:00:55.983+0000] {processor.py:830} INFO - Processing file /opt/airflow/dags/timeseries_pipeline.py for tasks to queue
[2025-10-09T12:00:55.984+0000] {logging_mixin.py:188} INFO - [2025-10-09T12:00:55.983+0000] {dagbag.py:545} INFO - Filling up the DagBag from /opt/airflow/dags/timeseries_pipeline.py
[2025-10-09T12:00:57.320+0000] {logging_mixin.py:188} INFO - [2025-10-09T12:00:57.320+0000] {font_manager.py:1639} INFO - generated new fontManager
[2025-10-09T12:00:57.571+0000] {processor.py:840} INFO - DAG(s) 'timeseries_pipeline' retrieved from /opt/airflow/dags/timeseries_pipeline.py
[2025-10-09T12:00:57.590+0000] {logging_mixin.py:188} INFO - [2025-10-09T12:00:57.589+0000] {dag.py:3096} INFO - Sync 1 DAGs
[2025-10-09T12:00:57.603+0000] {logging_mixin.py:188} INFO - [2025-10-09T12:00:57.603+0000] {dag.py:3954} INFO - Setting next_dagrun for timeseries_pipeline to 2025-10-08 00:00:00+00:00, run_after=2025-10-09 00:00:00+00:00
[2025-10-09T12:00:57.619+0000] {processor.py:183} INFO - Processing /opt/airflow/dags/timeseries_pipeline.py took 1.643 seconds
[2025-10-09T12:01:55.468+0000] {processor.py:161} INFO - Started process (PID=172) to work on /opt/airflow/dags/timeseries_pipeline.py
[2025-10-09T12:01:55.468+0000] {processor.py:830} INFO - Processing file /opt/airflow/dags/timeseries_pipeline.py for tasks to queue
[2025-10-09T12:01:55.469+0000] {logging_mixin.py:188} INFO - [2025-10-09T12:01:55.469+0000] {dagbag.py:545} INFO - Filling up the DagBag from /opt/airflow/dags/timeseries_pipeline.py
[2025-10-09T12:01:56.736+0000] {logging_mixin.py:188} INFO - [2025-10-09T12:01:56.736+0000] {font_manager.py:1639} INFO - generated new fontManager
[2025-10-09T12:01:57.010+0000] {processor.py:840} INFO - DAG(s) 'timeseries_pipeline' retrieved from /opt/airflow/dags/timeseries_pipeline.py
[2025-10-09T12:01:57.100+0000] {logging_mixin.py:188} INFO - [2025-10-09T12:01:57.100+0000] {override.py:1829} INFO - Created Permission View: can read on DAG:timeseries_pipeline
[2025-10-09T12:01:57.109+0000] {logging_mixin.py:188} INFO - [2025-10-09T12:01:57.109+0000] {override.py:1829} INFO - Created Permission View: can edit on DAG:timeseries_pipeline
[2025-10-09T12:01:57.116+0000] {logging_mixin.py:188} INFO - [2025-10-09T12:01:57.116+0000] {override.py:1829} INFO - Created Permission View: can delete on DAG:timeseries_pipeline
[2025-10-09T12:01:57.117+0000] {logging_mixin.py:188} INFO - [2025-10-09T12:01:57.116+0000] {dag.py:3096} INFO - Sync 1 DAGs
[2025-10-09T12:01:57.123+0000] {logging_mixin.py:188} INFO - [2025-10-09T12:01:57.123+0000] {dag.py:3118} INFO - Creating ORM DAG for timeseries_pipeline
[2025-10-09T12:01:57.131+0000] {logging_mixin.py:188} INFO - [2025-10-09T12:01:57.131+0000] {dag.py:3954} INFO - Setting next_dagrun for timeseries_pipeline to 2025-10-08 00:00:00+00:00, run_after=2025-10-09 00:00:00+00:00
[2025-10-09T12:01:57.149+0000] {processor.py:183} INFO - Processing /opt/airflow/dags/timeseries_pipeline.py took 1.687 seconds
[2025-10-09T12:02:28.042+0000] {processor.py:161} INFO - Started process (PID=191) to work on /opt/airflow/dags/timeseries_pipeline.py
[2025-10-09T12:02:28.044+0000] {processor.py:830} INFO - Processing file /opt/airflow/dags/timeseries_pipeline.py for tasks to queue
[2025-10-09T12:02:28.044+0000] {logging_mixin.py:188} INFO - [2025-10-09T12:02:28.044+0000] {dagbag.py:545} INFO - Filling up the DagBag from /opt/airflow/dags/timeseries_pipeline.py
[2025-10-09T12:02:28.747+0000] {processor.py:840} INFO - DAG(s) 'timeseries_pipeline' retrieved from /opt/airflow/dags/timeseries_pipeline.py
[2025-10-09T12:02:28.775+0000] {logging_mixin.py:188} INFO - [2025-10-09T12:02:28.775+0000] {dag.py:3096} INFO - Sync 1 DAGs
[2025-10-09T12:02:28.796+0000] {logging_mixin.py:188} INFO - [2025-10-09T12:02:28.795+0000] {dag.py:3954} INFO - Setting next_dagrun for timeseries_pipeline to 2025-10-08 00:00:00+00:00, run_after=2025-10-09 00:00:00+00:00
[2025-10-09T12:02:28.825+0000] {processor.py:183} INFO - Processing /opt/airflow/dags/timeseries_pipeline.py took 0.787 seconds
[2025-10-09T12:02:58.934+0000] {processor.py:161} INFO - Started process (PID=203) to work on /opt/airflow/dags/timeseries_pipeline.py
[2025-10-09T12:02:58.935+0000] {processor.py:830} INFO - Processing file /opt/airflow/dags/timeseries_pipeline.py for tasks to queue
[2025-10-09T12:02:58.936+0000] {logging_mixin.py:188} INFO - [2025-10-09T12:02:58.936+0000] {dagbag.py:545} INFO - Filling up the DagBag from /opt/airflow/dags/timeseries_pipeline.py
[2025-10-09T12:02:59.658+0000] {processor.py:840} INFO - DAG(s) 'timeseries_pipeline' retrieved from /opt/airflow/dags/timeseries_pipeline.py
[2025-10-09T12:02:59.682+0000] {logging_mixin.py:188} INFO - [2025-10-09T12:02:59.682+0000] {dag.py:3096} INFO - Sync 1 DAGs
[2025-10-09T12:02:59.708+0000] {logging_mixin.py:188} INFO - [2025-10-09T12:02:59.708+0000] {dag.py:3954} INFO - Setting next_dagrun for timeseries_pipeline to 2025-10-08 00:00:00+00:00, run_after=2025-10-09 00:00:00+00:00
[2025-10-09T12:02:59.735+0000] {processor.py:183} INFO - Processing /opt/airflow/dags/timeseries_pipeline.py took 0.805 seconds
[2025-10-09T12:03:30.633+0000] {processor.py:161} INFO - Started process (PID=215) to work on /opt/airflow/dags/timeseries_pipeline.py
[2025-10-09T12:03:30.634+0000] {processor.py:830} INFO - Processing file /opt/airflow/dags/timeseries_pipeline.py for tasks to queue
[2025-10-09T12:03:30.635+0000] {logging_mixin.py:188} INFO - [2025-10-09T12:03:30.634+0000] {dagbag.py:545} INFO - Filling up the DagBag from /opt/airflow/dags/timeseries_pipeline.py
[2025-10-09T12:03:31.333+0000] {processor.py:840} INFO - DAG(s) 'timeseries_pipeline' retrieved from /opt/airflow/dags/timeseries_pipeline.py
[2025-10-09T12:03:31.352+0000] {logging_mixin.py:188} INFO - [2025-10-09T12:03:31.351+0000] {dag.py:3096} INFO - Sync 1 DAGs
[2025-10-09T12:03:31.370+0000] {logging_mixin.py:188} INFO - [2025-10-09T12:03:31.370+0000] {dag.py:3954} INFO - Setting next_dagrun for timeseries_pipeline to 2025-10-08 00:00:00+00:00, run_after=2025-10-09 00:00:00+00:00
[2025-10-09T12:03:31.388+0000] {processor.py:183} INFO - Processing /opt/airflow/dags/timeseries_pipeline.py took 0.759 seconds
[2025-10-09T12:04:08.630+0000] {processor.py:161} INFO - Started process (PID=172) to work on /opt/airflow/dags/timeseries_pipeline.py
[2025-10-09T12:04:08.630+0000] {processor.py:830} INFO - Processing file /opt/airflow/dags/timeseries_pipeline.py for tasks to queue
[2025-10-09T12:04:08.631+0000] {logging_mixin.py:188} INFO - [2025-10-09T12:04:08.631+0000] {dagbag.py:545} INFO - Filling up the DagBag from /opt/airflow/dags/timeseries_pipeline.py
[2025-10-09T12:04:12.744+0000] {logging_mixin.py:188} INFO - [2025-10-09T12:04:12.744+0000] {font_manager.py:1639} INFO - generated new fontManager
[2025-10-09T12:04:12.993+0000] {processor.py:840} INFO - DAG(s) 'timeseries_pipeline' retrieved from /opt/airflow/dags/timeseries_pipeline.py
[2025-10-09T12:04:13.078+0000] {logging_mixin.py:188} INFO - [2025-10-09T12:04:13.078+0000] {override.py:1829} INFO - Created Permission View: can edit on DAG:timeseries_pipeline
[2025-10-09T12:04:13.087+0000] {logging_mixin.py:188} INFO - [2025-10-09T12:04:13.087+0000] {override.py:1829} INFO - Created Permission View: can delete on DAG:timeseries_pipeline
[2025-10-09T12:04:13.095+0000] {logging_mixin.py:188} INFO - [2025-10-09T12:04:13.095+0000] {override.py:1829} INFO - Created Permission View: can read on DAG:timeseries_pipeline
[2025-10-09T12:04:13.096+0000] {logging_mixin.py:188} INFO - [2025-10-09T12:04:13.096+0000] {dag.py:3096} INFO - Sync 1 DAGs
[2025-10-09T12:04:13.103+0000] {logging_mixin.py:188} INFO - [2025-10-09T12:04:13.103+0000] {dag.py:3118} INFO - Creating ORM DAG for timeseries_pipeline
[2025-10-09T12:04:13.112+0000] {logging_mixin.py:188} INFO - [2025-10-09T12:04:13.112+0000] {dag.py:3954} INFO - Setting next_dagrun for timeseries_pipeline to 2025-10-08 00:00:00+00:00, run_after=2025-10-09 00:00:00+00:00
[2025-10-09T12:04:13.137+0000] {processor.py:183} INFO - Processing /opt/airflow/dags/timeseries_pipeline.py took 1.785 seconds
[2025-10-09T12:04:45.204+0000] {processor.py:161} INFO - Started process (PID=191) to work on /opt/airflow/dags/timeseries_pipeline.py
[2025-10-09T12:04:45.205+0000] {processor.py:830} INFO - Processing file /opt/airflow/dags/timeseries_pipeline.py for tasks to queue
[2025-10-09T12:04:45.206+0000] {logging_mixin.py:188} INFO - [2025-10-09T12:04:45.206+0000] {dagbag.py:545} INFO - Filling up the DagBag from /opt/airflow/dags/timeseries_pipeline.py
[2025-10-09T12:04:45.915+0000] {processor.py:840} INFO - DAG(s) 'timeseries_pipeline' retrieved from /opt/airflow/dags/timeseries_pipeline.py
[2025-10-09T12:04:45.939+0000] {logging_mixin.py:188} INFO - [2025-10-09T12:04:45.939+0000] {dag.py:3096} INFO - Sync 1 DAGs
[2025-10-09T12:04:45.956+0000] {logging_mixin.py:188} INFO - [2025-10-09T12:04:45.956+0000] {dag.py:3954} INFO - Setting next_dagrun for timeseries_pipeline to 2025-10-08 00:00:00+00:00, run_after=2025-10-09 00:00:00+00:00
[2025-10-09T12:04:45.980+0000] {processor.py:183} INFO - Processing /opt/airflow/dags/timeseries_pipeline.py took 0.781 seconds
[2025-10-09T12:05:16.891+0000] {processor.py:161} INFO - Started process (PID=203) to work on /opt/airflow/dags/timeseries_pipeline.py
[2025-10-09T12:05:16.892+0000] {processor.py:830} INFO - Processing file /opt/airflow/dags/timeseries_pipeline.py for tasks to queue
[2025-10-09T12:05:16.893+0000] {logging_mixin.py:188} INFO - [2025-10-09T12:05:16.893+0000] {dagbag.py:545} INFO - Filling up the DagBag from /opt/airflow/dags/timeseries_pipeline.py
[2025-10-09T12:05:17.665+0000] {processor.py:840} INFO - DAG(s) 'timeseries_pipeline' retrieved from /opt/airflow/dags/timeseries_pipeline.py
[2025-10-09T12:05:17.685+0000] {logging_mixin.py:188} INFO - [2025-10-09T12:05:17.684+0000] {dag.py:3096} INFO - Sync 1 DAGs
[2025-10-09T12:05:17.703+0000] {logging_mixin.py:188} INFO - [2025-10-09T12:05:17.702+0000] {dag.py:3954} INFO - Setting next_dagrun for timeseries_pipeline to 2025-10-08 00:00:00+00:00, run_after=2025-10-09 00:00:00+00:00
[2025-10-09T12:05:17.722+0000] {processor.py:183} INFO - Processing /opt/airflow/dags/timeseries_pipeline.py took 0.835 seconds
[2025-10-09T12:05:48.152+0000] {processor.py:161} INFO - Started process (PID=215) to work on /opt/airflow/dags/timeseries_pipeline.py
[2025-10-09T12:05:48.153+0000] {processor.py:830} INFO - Processing file /opt/airflow/dags/timeseries_pipeline.py for tasks to queue
[2025-10-09T12:05:48.154+0000] {logging_mixin.py:188} INFO - [2025-10-09T12:05:48.154+0000] {dagbag.py:545} INFO - Filling up the DagBag from /opt/airflow/dags/timeseries_pipeline.py
[2025-10-09T12:05:48.921+0000] {processor.py:840} INFO - DAG(s) 'timeseries_pipeline' retrieved from /opt/airflow/dags/timeseries_pipeline.py
[2025-10-09T12:05:48.942+0000] {logging_mixin.py:188} INFO - [2025-10-09T12:05:48.942+0000] {dag.py:3096} INFO - Sync 1 DAGs
[2025-10-09T12:05:48.959+0000] {logging_mixin.py:188} INFO - [2025-10-09T12:05:48.959+0000] {dag.py:3954} INFO - Setting next_dagrun for timeseries_pipeline to 2025-10-08 00:00:00+00:00, run_after=2025-10-09 00:00:00+00:00
[2025-10-09T12:05:48.979+0000] {processor.py:183} INFO - Processing /opt/airflow/dags/timeseries_pipeline.py took 0.831 seconds
[2025-10-09T12:06:44.491+0000] {processor.py:161} INFO - Started process (PID=172) to work on /opt/airflow/dags/timeseries_pipeline.py
[2025-10-09T12:06:44.491+0000] {processor.py:830} INFO - Processing file /opt/airflow/dags/timeseries_pipeline.py for tasks to queue
[2025-10-09T12:06:44.492+0000] {logging_mixin.py:188} INFO - [2025-10-09T12:06:44.492+0000] {dagbag.py:545} INFO - Filling up the DagBag from /opt/airflow/dags/timeseries_pipeline.py
[2025-10-09T12:06:45.704+0000] {logging_mixin.py:188} INFO - [2025-10-09T12:06:45.704+0000] {font_manager.py:1639} INFO - generated new fontManager
[2025-10-09T12:06:45.955+0000] {processor.py:840} INFO - DAG(s) 'timeseries_pipeline' retrieved from /opt/airflow/dags/timeseries_pipeline.py
[2025-10-09T12:06:46.041+0000] {logging_mixin.py:188} INFO - [2025-10-09T12:06:46.040+0000] {override.py:1829} INFO - Created Permission View: can delete on DAG:timeseries_pipeline
[2025-10-09T12:06:46.050+0000] {logging_mixin.py:188} INFO - [2025-10-09T12:06:46.050+0000] {override.py:1829} INFO - Created Permission View: can read on DAG:timeseries_pipeline
[2025-10-09T12:06:46.058+0000] {logging_mixin.py:188} INFO - [2025-10-09T12:06:46.057+0000] {override.py:1829} INFO - Created Permission View: can edit on DAG:timeseries_pipeline
[2025-10-09T12:06:46.059+0000] {logging_mixin.py:188} INFO - [2025-10-09T12:06:46.058+0000] {dag.py:3096} INFO - Sync 1 DAGs
[2025-10-09T12:06:46.066+0000] {logging_mixin.py:188} INFO - [2025-10-09T12:06:46.065+0000] {dag.py:3118} INFO - Creating ORM DAG for timeseries_pipeline
[2025-10-09T12:06:46.073+0000] {logging_mixin.py:188} INFO - [2025-10-09T12:06:46.073+0000] {dag.py:3954} INFO - Setting next_dagrun for timeseries_pipeline to 2025-10-08 00:00:00+00:00, run_after=2025-10-09 00:00:00+00:00
[2025-10-09T12:06:46.093+0000] {processor.py:183} INFO - Processing /opt/airflow/dags/timeseries_pipeline.py took 1.607 seconds
[2025-10-09T12:07:16.189+0000] {processor.py:161} INFO - Started process (PID=191) to work on /opt/airflow/dags/timeseries_pipeline.py
[2025-10-09T12:07:16.190+0000] {processor.py:830} INFO - Processing file /opt/airflow/dags/timeseries_pipeline.py for tasks to queue
[2025-10-09T12:07:16.191+0000] {logging_mixin.py:188} INFO - [2025-10-09T12:07:16.191+0000] {dagbag.py:545} INFO - Filling up the DagBag from /opt/airflow/dags/timeseries_pipeline.py
[2025-10-09T12:07:16.848+0000] {processor.py:840} INFO - DAG(s) 'timeseries_pipeline' retrieved from /opt/airflow/dags/timeseries_pipeline.py
[2025-10-09T12:07:16.871+0000] {logging_mixin.py:188} INFO - [2025-10-09T12:07:16.871+0000] {dag.py:3096} INFO - Sync 1 DAGs
[2025-10-09T12:07:16.888+0000] {logging_mixin.py:188} INFO - [2025-10-09T12:07:16.888+0000] {dag.py:3954} INFO - Setting next_dagrun for timeseries_pipeline to 2025-10-08 00:00:00+00:00, run_after=2025-10-09 00:00:00+00:00
[2025-10-09T12:07:16.909+0000] {processor.py:183} INFO - Processing /opt/airflow/dags/timeseries_pipeline.py took 0.723 seconds
[2025-10-09T12:07:47.209+0000] {processor.py:161} INFO - Started process (PID=203) to work on /opt/airflow/dags/timeseries_pipeline.py
[2025-10-09T12:07:47.210+0000] {processor.py:830} INFO - Processing file /opt/airflow/dags/timeseries_pipeline.py for tasks to queue
[2025-10-09T12:07:47.211+0000] {logging_mixin.py:188} INFO - [2025-10-09T12:07:47.211+0000] {dagbag.py:545} INFO - Filling up the DagBag from /opt/airflow/dags/timeseries_pipeline.py
[2025-10-09T12:07:47.861+0000] {processor.py:840} INFO - DAG(s) 'timeseries_pipeline' retrieved from /opt/airflow/dags/timeseries_pipeline.py
[2025-10-09T12:07:47.879+0000] {logging_mixin.py:188} INFO - [2025-10-09T12:07:47.878+0000] {dag.py:3096} INFO - Sync 1 DAGs
[2025-10-09T12:07:47.894+0000] {logging_mixin.py:188} INFO - [2025-10-09T12:07:47.894+0000] {dag.py:3954} INFO - Setting next_dagrun for timeseries_pipeline to 2025-10-08 00:00:00+00:00, run_after=2025-10-09 00:00:00+00:00
[2025-10-09T12:07:47.911+0000] {processor.py:183} INFO - Processing /opt/airflow/dags/timeseries_pipeline.py took 0.707 seconds
[2025-10-09T12:08:27.334+0000] {processor.py:161} INFO - Started process (PID=172) to work on /opt/airflow/dags/timeseries_pipeline.py
[2025-10-09T12:08:27.335+0000] {processor.py:830} INFO - Processing file /opt/airflow/dags/timeseries_pipeline.py for tasks to queue
[2025-10-09T12:08:27.336+0000] {logging_mixin.py:188} INFO - [2025-10-09T12:08:27.336+0000] {dagbag.py:545} INFO - Filling up the DagBag from /opt/airflow/dags/timeseries_pipeline.py
[2025-10-09T12:08:28.708+0000] {logging_mixin.py:188} INFO - [2025-10-09T12:08:28.708+0000] {font_manager.py:1639} INFO - generated new fontManager
[2025-10-09T12:08:28.970+0000] {processor.py:840} INFO - DAG(s) 'timeseries_pipeline' retrieved from /opt/airflow/dags/timeseries_pipeline.py
[2025-10-09T12:08:29.140+0000] {logging_mixin.py:188} INFO - [2025-10-09T12:08:29.139+0000] {override.py:1829} INFO - Created Permission View: can delete on DAG:timeseries_pipeline
[2025-10-09T12:08:29.181+0000] {logging_mixin.py:188} INFO - [2025-10-09T12:08:29.180+0000] {override.py:1829} INFO - Created Permission View: can read on DAG:timeseries_pipeline
[2025-10-09T12:08:29.222+0000] {logging_mixin.py:188} INFO - [2025-10-09T12:08:29.221+0000] {override.py:1829} INFO - Created Permission View: can edit on DAG:timeseries_pipeline
[2025-10-09T12:08:29.224+0000] {logging_mixin.py:188} INFO - [2025-10-09T12:08:29.223+0000] {dag.py:3096} INFO - Sync 1 DAGs
[2025-10-09T12:08:29.232+0000] {logging_mixin.py:188} INFO - [2025-10-09T12:08:29.232+0000] {dag.py:3118} INFO - Creating ORM DAG for timeseries_pipeline
[2025-10-09T12:08:29.241+0000] {logging_mixin.py:188} INFO - [2025-10-09T12:08:29.241+0000] {dag.py:3954} INFO - Setting next_dagrun for timeseries_pipeline to 2025-10-08 00:00:00+00:00, run_after=2025-10-09 00:00:00+00:00
[2025-10-09T12:08:29.298+0000] {processor.py:183} INFO - Processing /opt/airflow/dags/timeseries_pipeline.py took 1.970 seconds
[2025-10-09T12:08:59.451+0000] {processor.py:161} INFO - Started process (PID=191) to work on /opt/airflow/dags/timeseries_pipeline.py
[2025-10-09T12:08:59.451+0000] {processor.py:830} INFO - Processing file /opt/airflow/dags/timeseries_pipeline.py for tasks to queue
[2025-10-09T12:08:59.452+0000] {logging_mixin.py:188} INFO - [2025-10-09T12:08:59.452+0000] {dagbag.py:545} INFO - Filling up the DagBag from /opt/airflow/dags/timeseries_pipeline.py
[2025-10-09T12:09:00.194+0000] {processor.py:840} INFO - DAG(s) 'timeseries_pipeline' retrieved from /opt/airflow/dags/timeseries_pipeline.py
[2025-10-09T12:09:00.221+0000] {logging_mixin.py:188} INFO - [2025-10-09T12:09:00.220+0000] {dag.py:3096} INFO - Sync 1 DAGs
[2025-10-09T12:09:00.256+0000] {logging_mixin.py:188} INFO - [2025-10-09T12:09:00.256+0000] {dag.py:3954} INFO - Setting next_dagrun for timeseries_pipeline to 2025-10-08 00:00:00+00:00, run_after=2025-10-09 00:00:00+00:00
[2025-10-09T12:09:00.287+0000] {processor.py:183} INFO - Processing /opt/airflow/dags/timeseries_pipeline.py took 0.841 seconds
[2025-10-09T12:09:30.830+0000] {processor.py:161} INFO - Started process (PID=203) to work on /opt/airflow/dags/timeseries_pipeline.py
[2025-10-09T12:09:30.830+0000] {processor.py:830} INFO - Processing file /opt/airflow/dags/timeseries_pipeline.py for tasks to queue
[2025-10-09T12:09:30.831+0000] {logging_mixin.py:188} INFO - [2025-10-09T12:09:30.831+0000] {dagbag.py:545} INFO - Filling up the DagBag from /opt/airflow/dags/timeseries_pipeline.py
[2025-10-09T12:09:31.474+0000] {processor.py:840} INFO - DAG(s) 'timeseries_pipeline' retrieved from /opt/airflow/dags/timeseries_pipeline.py
[2025-10-09T12:09:31.493+0000] {logging_mixin.py:188} INFO - [2025-10-09T12:09:31.493+0000] {dag.py:3096} INFO - Sync 1 DAGs
[2025-10-09T12:09:31.509+0000] {logging_mixin.py:188} INFO - [2025-10-09T12:09:31.509+0000] {dag.py:3954} INFO - Setting next_dagrun for timeseries_pipeline to 2025-10-08 00:00:00+00:00, run_after=2025-10-09 00:00:00+00:00
[2025-10-09T12:09:31.525+0000] {processor.py:183} INFO - Processing /opt/airflow/dags/timeseries_pipeline.py took 0.700 seconds
[2025-10-09T12:10:21.144+0000] {processor.py:161} INFO - Started process (PID=172) to work on /opt/airflow/dags/timeseries_pipeline.py
[2025-10-09T12:10:21.145+0000] {processor.py:830} INFO - Processing file /opt/airflow/dags/timeseries_pipeline.py for tasks to queue
[2025-10-09T12:10:21.146+0000] {logging_mixin.py:188} INFO - [2025-10-09T12:10:21.146+0000] {dagbag.py:545} INFO - Filling up the DagBag from /opt/airflow/dags/timeseries_pipeline.py
[2025-10-09T12:10:22.320+0000] {logging_mixin.py:188} INFO - [2025-10-09T12:10:22.320+0000] {font_manager.py:1639} INFO - generated new fontManager
[2025-10-09T12:10:22.562+0000] {processor.py:840} INFO - DAG(s) 'timeseries_pipeline' retrieved from /opt/airflow/dags/timeseries_pipeline.py
[2025-10-09T12:10:22.642+0000] {logging_mixin.py:188} INFO - [2025-10-09T12:10:22.641+0000] {override.py:1829} INFO - Created Permission View: can edit on DAG:timeseries_pipeline
[2025-10-09T12:10:22.651+0000] {logging_mixin.py:188} INFO - [2025-10-09T12:10:22.651+0000] {override.py:1829} INFO - Created Permission View: can read on DAG:timeseries_pipeline
[2025-10-09T12:10:22.658+0000] {logging_mixin.py:188} INFO - [2025-10-09T12:10:22.657+0000] {override.py:1829} INFO - Created Permission View: can delete on DAG:timeseries_pipeline
[2025-10-09T12:10:22.658+0000] {logging_mixin.py:188} INFO - [2025-10-09T12:10:22.658+0000] {dag.py:3096} INFO - Sync 1 DAGs
[2025-10-09T12:10:22.665+0000] {logging_mixin.py:188} INFO - [2025-10-09T12:10:22.665+0000] {dag.py:3118} INFO - Creating ORM DAG for timeseries_pipeline
[2025-10-09T12:10:22.673+0000] {logging_mixin.py:188} INFO - [2025-10-09T12:10:22.673+0000] {dag.py:3954} INFO - Setting next_dagrun for timeseries_pipeline to 2025-10-08 00:00:00+00:00, run_after=2025-10-09 00:00:00+00:00
[2025-10-09T12:10:22.688+0000] {processor.py:183} INFO - Processing /opt/airflow/dags/timeseries_pipeline.py took 1.549 seconds
[2025-10-09T12:10:53.592+0000] {processor.py:161} INFO - Started process (PID=191) to work on /opt/airflow/dags/timeseries_pipeline.py
[2025-10-09T12:10:53.592+0000] {processor.py:830} INFO - Processing file /opt/airflow/dags/timeseries_pipeline.py for tasks to queue
[2025-10-09T12:10:53.593+0000] {logging_mixin.py:188} INFO - [2025-10-09T12:10:53.593+0000] {dagbag.py:545} INFO - Filling up the DagBag from /opt/airflow/dags/timeseries_pipeline.py
[2025-10-09T12:10:54.235+0000] {processor.py:840} INFO - DAG(s) 'timeseries_pipeline' retrieved from /opt/airflow/dags/timeseries_pipeline.py
[2025-10-09T12:10:54.252+0000] {logging_mixin.py:188} INFO - [2025-10-09T12:10:54.252+0000] {dag.py:3096} INFO - Sync 1 DAGs
[2025-10-09T12:10:54.270+0000] {logging_mixin.py:188} INFO - [2025-10-09T12:10:54.270+0000] {dag.py:3954} INFO - Setting next_dagrun for timeseries_pipeline to 2025-10-08 00:00:00+00:00, run_after=2025-10-09 00:00:00+00:00
[2025-10-09T12:10:54.294+0000] {processor.py:183} INFO - Processing /opt/airflow/dags/timeseries_pipeline.py took 0.707 seconds
[2025-10-09T12:11:24.381+0000] {processor.py:161} INFO - Started process (PID=203) to work on /opt/airflow/dags/timeseries_pipeline.py
[2025-10-09T12:11:24.382+0000] {processor.py:830} INFO - Processing file /opt/airflow/dags/timeseries_pipeline.py for tasks to queue
[2025-10-09T12:11:24.383+0000] {logging_mixin.py:188} INFO - [2025-10-09T12:11:24.382+0000] {dagbag.py:545} INFO - Filling up the DagBag from /opt/airflow/dags/timeseries_pipeline.py
[2025-10-09T12:11:25.002+0000] {processor.py:840} INFO - DAG(s) 'timeseries_pipeline' retrieved from /opt/airflow/dags/timeseries_pipeline.py
[2025-10-09T12:11:25.022+0000] {logging_mixin.py:188} INFO - [2025-10-09T12:11:25.022+0000] {dag.py:3096} INFO - Sync 1 DAGs
[2025-10-09T12:11:25.037+0000] {logging_mixin.py:188} INFO - [2025-10-09T12:11:25.037+0000] {dag.py:3954} INFO - Setting next_dagrun for timeseries_pipeline to 2025-10-08 00:00:00+00:00, run_after=2025-10-09 00:00:00+00:00
[2025-10-09T12:11:25.056+0000] {processor.py:183} INFO - Processing /opt/airflow/dags/timeseries_pipeline.py took 0.679 seconds
[2025-10-09T12:11:55.718+0000] {processor.py:161} INFO - Started process (PID=215) to work on /opt/airflow/dags/timeseries_pipeline.py
[2025-10-09T12:11:55.719+0000] {processor.py:830} INFO - Processing file /opt/airflow/dags/timeseries_pipeline.py for tasks to queue
[2025-10-09T12:11:55.720+0000] {logging_mixin.py:188} INFO - [2025-10-09T12:11:55.720+0000] {dagbag.py:545} INFO - Filling up the DagBag from /opt/airflow/dags/timeseries_pipeline.py
[2025-10-09T12:11:56.339+0000] {processor.py:840} INFO - DAG(s) 'timeseries_pipeline' retrieved from /opt/airflow/dags/timeseries_pipeline.py
[2025-10-09T12:11:56.363+0000] {logging_mixin.py:188} INFO - [2025-10-09T12:11:56.363+0000] {dag.py:3096} INFO - Sync 1 DAGs
[2025-10-09T12:11:56.380+0000] {logging_mixin.py:188} INFO - [2025-10-09T12:11:56.380+0000] {dag.py:3954} INFO - Setting next_dagrun for timeseries_pipeline to 2025-10-08 00:00:00+00:00, run_after=2025-10-09 00:00:00+00:00
[2025-10-09T12:11:56.399+0000] {processor.py:183} INFO - Processing /opt/airflow/dags/timeseries_pipeline.py took 0.684 seconds
[2025-10-09T12:12:27.187+0000] {processor.py:161} INFO - Started process (PID=227) to work on /opt/airflow/dags/timeseries_pipeline.py
[2025-10-09T12:12:27.188+0000] {processor.py:830} INFO - Processing file /opt/airflow/dags/timeseries_pipeline.py for tasks to queue
[2025-10-09T12:12:27.188+0000] {logging_mixin.py:188} INFO - [2025-10-09T12:12:27.188+0000] {dagbag.py:545} INFO - Filling up the DagBag from /opt/airflow/dags/timeseries_pipeline.py
[2025-10-09T12:12:27.841+0000] {processor.py:840} INFO - DAG(s) 'timeseries_pipeline' retrieved from /opt/airflow/dags/timeseries_pipeline.py
[2025-10-09T12:12:27.871+0000] {logging_mixin.py:188} INFO - [2025-10-09T12:12:27.870+0000] {dag.py:3096} INFO - Sync 1 DAGs
[2025-10-09T12:12:27.887+0000] {logging_mixin.py:188} INFO - [2025-10-09T12:12:27.887+0000] {dag.py:3954} INFO - Setting next_dagrun for timeseries_pipeline to 2025-10-08 00:00:00+00:00, run_after=2025-10-09 00:00:00+00:00
[2025-10-09T12:12:27.912+0000] {processor.py:183} INFO - Processing /opt/airflow/dags/timeseries_pipeline.py took 0.728 seconds
[2025-10-09T12:12:58.421+0000] {processor.py:161} INFO - Started process (PID=239) to work on /opt/airflow/dags/timeseries_pipeline.py
[2025-10-09T12:12:58.422+0000] {processor.py:830} INFO - Processing file /opt/airflow/dags/timeseries_pipeline.py for tasks to queue
[2025-10-09T12:12:58.423+0000] {logging_mixin.py:188} INFO - [2025-10-09T12:12:58.422+0000] {dagbag.py:545} INFO - Filling up the DagBag from /opt/airflow/dags/timeseries_pipeline.py
[2025-10-09T12:12:59.070+0000] {processor.py:840} INFO - DAG(s) 'timeseries_pipeline' retrieved from /opt/airflow/dags/timeseries_pipeline.py
[2025-10-09T12:12:59.092+0000] {logging_mixin.py:188} INFO - [2025-10-09T12:12:59.092+0000] {dag.py:3096} INFO - Sync 1 DAGs
[2025-10-09T12:12:59.112+0000] {logging_mixin.py:188} INFO - [2025-10-09T12:12:59.112+0000] {dag.py:3954} INFO - Setting next_dagrun for timeseries_pipeline to 2025-10-08 00:00:00+00:00, run_after=2025-10-09 00:00:00+00:00
[2025-10-09T12:12:59.131+0000] {processor.py:183} INFO - Processing /opt/airflow/dags/timeseries_pipeline.py took 0.714 seconds
[2025-10-09T12:13:29.613+0000] {processor.py:161} INFO - Started process (PID=251) to work on /opt/airflow/dags/timeseries_pipeline.py
[2025-10-09T12:13:29.613+0000] {processor.py:830} INFO - Processing file /opt/airflow/dags/timeseries_pipeline.py for tasks to queue
[2025-10-09T12:13:29.614+0000] {logging_mixin.py:188} INFO - [2025-10-09T12:13:29.614+0000] {dagbag.py:545} INFO - Filling up the DagBag from /opt/airflow/dags/timeseries_pipeline.py
[2025-10-09T12:13:30.263+0000] {processor.py:840} INFO - DAG(s) 'timeseries_pipeline' retrieved from /opt/airflow/dags/timeseries_pipeline.py
[2025-10-09T12:13:30.287+0000] {logging_mixin.py:188} INFO - [2025-10-09T12:13:30.287+0000] {dag.py:3096} INFO - Sync 1 DAGs
[2025-10-09T12:13:30.303+0000] {logging_mixin.py:188} INFO - [2025-10-09T12:13:30.303+0000] {dag.py:3954} INFO - Setting next_dagrun for timeseries_pipeline to 2025-10-08 00:00:00+00:00, run_after=2025-10-09 00:00:00+00:00
[2025-10-09T12:13:30.325+0000] {processor.py:183} INFO - Processing /opt/airflow/dags/timeseries_pipeline.py took 0.716 seconds
[2025-10-09T12:14:00.978+0000] {processor.py:161} INFO - Started process (PID=263) to work on /opt/airflow/dags/timeseries_pipeline.py
[2025-10-09T12:14:00.979+0000] {processor.py:830} INFO - Processing file /opt/airflow/dags/timeseries_pipeline.py for tasks to queue
[2025-10-09T12:14:00.979+0000] {logging_mixin.py:188} INFO - [2025-10-09T12:14:00.979+0000] {dagbag.py:545} INFO - Filling up the DagBag from /opt/airflow/dags/timeseries_pipeline.py
[2025-10-09T12:14:01.624+0000] {processor.py:840} INFO - DAG(s) 'timeseries_pipeline' retrieved from /opt/airflow/dags/timeseries_pipeline.py
[2025-10-09T12:14:01.657+0000] {logging_mixin.py:188} INFO - [2025-10-09T12:14:01.657+0000] {dag.py:3096} INFO - Sync 1 DAGs
[2025-10-09T12:14:01.679+0000] {logging_mixin.py:188} INFO - [2025-10-09T12:14:01.678+0000] {dag.py:3954} INFO - Setting next_dagrun for timeseries_pipeline to 2025-10-08 00:00:00+00:00, run_after=2025-10-09 00:00:00+00:00
[2025-10-09T12:14:01.701+0000] {processor.py:183} INFO - Processing /opt/airflow/dags/timeseries_pipeline.py took 0.726 seconds
[2025-10-09T12:14:32.116+0000] {processor.py:161} INFO - Started process (PID=275) to work on /opt/airflow/dags/timeseries_pipeline.py
[2025-10-09T12:14:32.117+0000] {processor.py:830} INFO - Processing file /opt/airflow/dags/timeseries_pipeline.py for tasks to queue
[2025-10-09T12:14:32.118+0000] {logging_mixin.py:188} INFO - [2025-10-09T12:14:32.117+0000] {dagbag.py:545} INFO - Filling up the DagBag from /opt/airflow/dags/timeseries_pipeline.py
[2025-10-09T12:14:32.771+0000] {processor.py:840} INFO - DAG(s) 'timeseries_pipeline' retrieved from /opt/airflow/dags/timeseries_pipeline.py
[2025-10-09T12:14:32.790+0000] {logging_mixin.py:188} INFO - [2025-10-09T12:14:32.790+0000] {dag.py:3096} INFO - Sync 1 DAGs
[2025-10-09T12:14:32.804+0000] {logging_mixin.py:188} INFO - [2025-10-09T12:14:32.804+0000] {dag.py:3954} INFO - Setting next_dagrun for timeseries_pipeline to 2025-10-08 00:00:00+00:00, run_after=2025-10-09 00:00:00+00:00
[2025-10-09T12:14:32.822+0000] {processor.py:183} INFO - Processing /opt/airflow/dags/timeseries_pipeline.py took 0.712 seconds
[2025-10-09T12:15:03.326+0000] {processor.py:161} INFO - Started process (PID=287) to work on /opt/airflow/dags/timeseries_pipeline.py
[2025-10-09T12:15:03.327+0000] {processor.py:830} INFO - Processing file /opt/airflow/dags/timeseries_pipeline.py for tasks to queue
[2025-10-09T12:15:03.327+0000] {logging_mixin.py:188} INFO - [2025-10-09T12:15:03.327+0000] {dagbag.py:545} INFO - Filling up the DagBag from /opt/airflow/dags/timeseries_pipeline.py
[2025-10-09T12:15:04.080+0000] {processor.py:840} INFO - DAG(s) 'timeseries_pipeline' retrieved from /opt/airflow/dags/timeseries_pipeline.py
[2025-10-09T12:15:04.099+0000] {logging_mixin.py:188} INFO - [2025-10-09T12:15:04.099+0000] {dag.py:3096} INFO - Sync 1 DAGs
[2025-10-09T12:15:04.123+0000] {logging_mixin.py:188} INFO - [2025-10-09T12:15:04.123+0000] {dag.py:3954} INFO - Setting next_dagrun for timeseries_pipeline to 2025-10-08 00:00:00+00:00, run_after=2025-10-09 00:00:00+00:00
[2025-10-09T12:15:04.148+0000] {processor.py:183} INFO - Processing /opt/airflow/dags/timeseries_pipeline.py took 0.826 seconds
[2025-10-09T12:15:42.058+0000] {processor.py:161} INFO - Started process (PID=294) to work on /opt/airflow/dags/timeseries_pipeline.py
[2025-10-09T12:15:42.059+0000] {processor.py:830} INFO - Processing file /opt/airflow/dags/timeseries_pipeline.py for tasks to queue
[2025-10-09T12:15:42.060+0000] {logging_mixin.py:188} INFO - [2025-10-09T12:15:42.059+0000] {dagbag.py:545} INFO - Filling up the DagBag from /opt/airflow/dags/timeseries_pipeline.py
[2025-10-09T12:15:42.780+0000] {processor.py:840} INFO - DAG(s) 'timeseries_pipeline' retrieved from /opt/airflow/dags/timeseries_pipeline.py
[2025-10-09T12:15:42.801+0000] {logging_mixin.py:188} INFO - [2025-10-09T12:15:42.800+0000] {dag.py:3096} INFO - Sync 1 DAGs
[2025-10-09T12:15:42.815+0000] {logging_mixin.py:188} INFO - [2025-10-09T12:15:42.815+0000] {dag.py:3954} INFO - Setting next_dagrun for timeseries_pipeline to 2025-10-08 00:00:00+00:00, run_after=2025-10-09 00:00:00+00:00
[2025-10-09T12:15:42.828+0000] {processor.py:183} INFO - Processing /opt/airflow/dags/timeseries_pipeline.py took 0.774 seconds
[2025-10-09T12:16:28.028+0000] {processor.py:161} INFO - Started process (PID=306) to work on /opt/airflow/dags/timeseries_pipeline.py
[2025-10-09T12:16:28.029+0000] {processor.py:830} INFO - Processing file /opt/airflow/dags/timeseries_pipeline.py for tasks to queue
[2025-10-09T12:16:28.029+0000] {logging_mixin.py:188} INFO - [2025-10-09T12:16:28.029+0000] {dagbag.py:545} INFO - Filling up the DagBag from /opt/airflow/dags/timeseries_pipeline.py
[2025-10-09T12:16:28.828+0000] {processor.py:840} INFO - DAG(s) 'timeseries_pipeline' retrieved from /opt/airflow/dags/timeseries_pipeline.py
[2025-10-09T12:16:28.846+0000] {logging_mixin.py:188} INFO - [2025-10-09T12:16:28.846+0000] {dag.py:3096} INFO - Sync 1 DAGs
[2025-10-09T12:16:28.861+0000] {logging_mixin.py:188} INFO - [2025-10-09T12:16:28.861+0000] {dag.py:3954} INFO - Setting next_dagrun for timeseries_pipeline to 2025-10-08 00:00:00+00:00, run_after=2025-10-09 00:00:00+00:00
[2025-10-09T12:16:28.874+0000] {processor.py:183} INFO - Processing /opt/airflow/dags/timeseries_pipeline.py took 0.851 seconds
[2025-10-09T12:16:59.290+0000] {processor.py:161} INFO - Started process (PID=323) to work on /opt/airflow/dags/timeseries_pipeline.py
[2025-10-09T12:16:59.291+0000] {processor.py:830} INFO - Processing file /opt/airflow/dags/timeseries_pipeline.py for tasks to queue
[2025-10-09T12:16:59.292+0000] {logging_mixin.py:188} INFO - [2025-10-09T12:16:59.291+0000] {dagbag.py:545} INFO - Filling up the DagBag from /opt/airflow/dags/timeseries_pipeline.py
[2025-10-09T12:17:00.116+0000] {processor.py:840} INFO - DAG(s) 'timeseries_pipeline' retrieved from /opt/airflow/dags/timeseries_pipeline.py
[2025-10-09T12:17:00.137+0000] {logging_mixin.py:188} INFO - [2025-10-09T12:17:00.136+0000] {dag.py:3096} INFO - Sync 1 DAGs
[2025-10-09T12:17:00.151+0000] {logging_mixin.py:188} INFO - [2025-10-09T12:17:00.151+0000] {dag.py:3954} INFO - Setting next_dagrun for timeseries_pipeline to 2025-10-08 00:00:00+00:00, run_after=2025-10-09 00:00:00+00:00
[2025-10-09T12:17:00.164+0000] {processor.py:183} INFO - Processing /opt/airflow/dags/timeseries_pipeline.py took 0.878 seconds
[2025-10-09T12:17:30.936+0000] {processor.py:161} INFO - Started process (PID=335) to work on /opt/airflow/dags/timeseries_pipeline.py
[2025-10-09T12:17:30.936+0000] {processor.py:830} INFO - Processing file /opt/airflow/dags/timeseries_pipeline.py for tasks to queue
[2025-10-09T12:17:30.937+0000] {logging_mixin.py:188} INFO - [2025-10-09T12:17:30.937+0000] {dagbag.py:545} INFO - Filling up the DagBag from /opt/airflow/dags/timeseries_pipeline.py
[2025-10-09T12:17:31.569+0000] {processor.py:840} INFO - DAG(s) 'timeseries_pipeline' retrieved from /opt/airflow/dags/timeseries_pipeline.py
[2025-10-09T12:17:31.589+0000] {logging_mixin.py:188} INFO - [2025-10-09T12:17:31.588+0000] {dag.py:3096} INFO - Sync 1 DAGs
[2025-10-09T12:17:31.602+0000] {logging_mixin.py:188} INFO - [2025-10-09T12:17:31.602+0000] {dag.py:3954} INFO - Setting next_dagrun for timeseries_pipeline to 2025-10-08 00:00:00+00:00, run_after=2025-10-09 00:00:00+00:00
[2025-10-09T12:17:31.615+0000] {processor.py:183} INFO - Processing /opt/airflow/dags/timeseries_pipeline.py took 0.683 seconds
[2025-10-09T12:18:02.458+0000] {processor.py:161} INFO - Started process (PID=347) to work on /opt/airflow/dags/timeseries_pipeline.py
[2025-10-09T12:18:02.458+0000] {processor.py:830} INFO - Processing file /opt/airflow/dags/timeseries_pipeline.py for tasks to queue
[2025-10-09T12:18:02.459+0000] {logging_mixin.py:188} INFO - [2025-10-09T12:18:02.459+0000] {dagbag.py:545} INFO - Filling up the DagBag from /opt/airflow/dags/timeseries_pipeline.py
[2025-10-09T12:18:03.175+0000] {processor.py:840} INFO - DAG(s) 'timeseries_pipeline' retrieved from /opt/airflow/dags/timeseries_pipeline.py
[2025-10-09T12:18:03.195+0000] {logging_mixin.py:188} INFO - [2025-10-09T12:18:03.194+0000] {dag.py:3096} INFO - Sync 1 DAGs
[2025-10-09T12:18:03.211+0000] {logging_mixin.py:188} INFO - [2025-10-09T12:18:03.211+0000] {dag.py:3954} INFO - Setting next_dagrun for timeseries_pipeline to 2025-10-08 00:00:00+00:00, run_after=2025-10-09 00:00:00+00:00
[2025-10-09T12:18:03.227+0000] {processor.py:183} INFO - Processing /opt/airflow/dags/timeseries_pipeline.py took 0.773 seconds
[2025-10-09T12:18:33.794+0000] {processor.py:161} INFO - Started process (PID=359) to work on /opt/airflow/dags/timeseries_pipeline.py
[2025-10-09T12:18:33.795+0000] {processor.py:830} INFO - Processing file /opt/airflow/dags/timeseries_pipeline.py for tasks to queue
[2025-10-09T12:18:33.796+0000] {logging_mixin.py:188} INFO - [2025-10-09T12:18:33.795+0000] {dagbag.py:545} INFO - Filling up the DagBag from /opt/airflow/dags/timeseries_pipeline.py
[2025-10-09T12:18:34.530+0000] {processor.py:840} INFO - DAG(s) 'timeseries_pipeline' retrieved from /opt/airflow/dags/timeseries_pipeline.py
[2025-10-09T12:18:34.556+0000] {logging_mixin.py:188} INFO - [2025-10-09T12:18:34.555+0000] {dag.py:3096} INFO - Sync 1 DAGs
[2025-10-09T12:18:34.576+0000] {logging_mixin.py:188} INFO - [2025-10-09T12:18:34.575+0000] {dag.py:3954} INFO - Setting next_dagrun for timeseries_pipeline to 2025-10-08 00:00:00+00:00, run_after=2025-10-09 00:00:00+00:00
[2025-10-09T12:18:34.597+0000] {processor.py:183} INFO - Processing /opt/airflow/dags/timeseries_pipeline.py took 0.807 seconds
[2025-10-09T12:19:04.985+0000] {processor.py:161} INFO - Started process (PID=371) to work on /opt/airflow/dags/timeseries_pipeline.py
[2025-10-09T12:19:04.986+0000] {processor.py:830} INFO - Processing file /opt/airflow/dags/timeseries_pipeline.py for tasks to queue
[2025-10-09T12:19:04.987+0000] {logging_mixin.py:188} INFO - [2025-10-09T12:19:04.986+0000] {dagbag.py:545} INFO - Filling up the DagBag from /opt/airflow/dags/timeseries_pipeline.py
[2025-10-09T12:19:05.645+0000] {processor.py:840} INFO - DAG(s) 'timeseries_pipeline' retrieved from /opt/airflow/dags/timeseries_pipeline.py
[2025-10-09T12:19:05.665+0000] {logging_mixin.py:188} INFO - [2025-10-09T12:19:05.665+0000] {dag.py:3096} INFO - Sync 1 DAGs
[2025-10-09T12:19:05.679+0000] {logging_mixin.py:188} INFO - [2025-10-09T12:19:05.679+0000] {dag.py:3954} INFO - Setting next_dagrun for timeseries_pipeline to 2025-10-08 00:00:00+00:00, run_after=2025-10-09 00:00:00+00:00
[2025-10-09T12:19:05.700+0000] {processor.py:183} INFO - Processing /opt/airflow/dags/timeseries_pipeline.py took 0.719 seconds
[2025-10-09T12:19:36.146+0000] {processor.py:161} INFO - Started process (PID=383) to work on /opt/airflow/dags/timeseries_pipeline.py
[2025-10-09T12:19:36.146+0000] {processor.py:830} INFO - Processing file /opt/airflow/dags/timeseries_pipeline.py for tasks to queue
[2025-10-09T12:19:36.147+0000] {logging_mixin.py:188} INFO - [2025-10-09T12:19:36.147+0000] {dagbag.py:545} INFO - Filling up the DagBag from /opt/airflow/dags/timeseries_pipeline.py
[2025-10-09T12:19:36.794+0000] {processor.py:840} INFO - DAG(s) 'timeseries_pipeline' retrieved from /opt/airflow/dags/timeseries_pipeline.py
[2025-10-09T12:19:36.816+0000] {logging_mixin.py:188} INFO - [2025-10-09T12:19:36.816+0000] {dag.py:3096} INFO - Sync 1 DAGs
[2025-10-09T12:19:36.832+0000] {logging_mixin.py:188} INFO - [2025-10-09T12:19:36.832+0000] {dag.py:3954} INFO - Setting next_dagrun for timeseries_pipeline to 2025-10-08 00:00:00+00:00, run_after=2025-10-09 00:00:00+00:00
[2025-10-09T12:19:36.855+0000] {processor.py:183} INFO - Processing /opt/airflow/dags/timeseries_pipeline.py took 0.713 seconds
[2025-10-09T12:20:06.971+0000] {processor.py:161} INFO - Started process (PID=395) to work on /opt/airflow/dags/timeseries_pipeline.py
[2025-10-09T12:20:06.971+0000] {processor.py:830} INFO - Processing file /opt/airflow/dags/timeseries_pipeline.py for tasks to queue
[2025-10-09T12:20:06.972+0000] {logging_mixin.py:188} INFO - [2025-10-09T12:20:06.972+0000] {dagbag.py:545} INFO - Filling up the DagBag from /opt/airflow/dags/timeseries_pipeline.py
[2025-10-09T12:20:07.713+0000] {processor.py:840} INFO - DAG(s) 'timeseries_pipeline' retrieved from /opt/airflow/dags/timeseries_pipeline.py
[2025-10-09T12:20:07.740+0000] {logging_mixin.py:188} INFO - [2025-10-09T12:20:07.739+0000] {dag.py:3096} INFO - Sync 1 DAGs
[2025-10-09T12:20:07.758+0000] {logging_mixin.py:188} INFO - [2025-10-09T12:20:07.758+0000] {dag.py:3954} INFO - Setting next_dagrun for timeseries_pipeline to 2025-10-08 00:00:00+00:00, run_after=2025-10-09 00:00:00+00:00
[2025-10-09T12:20:07.777+0000] {processor.py:183} INFO - Processing /opt/airflow/dags/timeseries_pipeline.py took 0.810 seconds
[2025-10-09T12:20:38.279+0000] {processor.py:161} INFO - Started process (PID=407) to work on /opt/airflow/dags/timeseries_pipeline.py
[2025-10-09T12:20:38.280+0000] {processor.py:830} INFO - Processing file /opt/airflow/dags/timeseries_pipeline.py for tasks to queue
[2025-10-09T12:20:38.281+0000] {logging_mixin.py:188} INFO - [2025-10-09T12:20:38.280+0000] {dagbag.py:545} INFO - Filling up the DagBag from /opt/airflow/dags/timeseries_pipeline.py
[2025-10-09T12:20:38.994+0000] {processor.py:840} INFO - DAG(s) 'timeseries_pipeline' retrieved from /opt/airflow/dags/timeseries_pipeline.py
[2025-10-09T12:20:39.026+0000] {logging_mixin.py:188} INFO - [2025-10-09T12:20:39.026+0000] {dag.py:3096} INFO - Sync 1 DAGs
[2025-10-09T12:20:39.051+0000] {logging_mixin.py:188} INFO - [2025-10-09T12:20:39.051+0000] {dag.py:3954} INFO - Setting next_dagrun for timeseries_pipeline to 2025-10-08 00:00:00+00:00, run_after=2025-10-09 00:00:00+00:00
[2025-10-09T12:20:39.077+0000] {processor.py:183} INFO - Processing /opt/airflow/dags/timeseries_pipeline.py took 0.802 seconds
[2025-10-09T12:21:09.487+0000] {processor.py:161} INFO - Started process (PID=419) to work on /opt/airflow/dags/timeseries_pipeline.py
[2025-10-09T12:21:09.488+0000] {processor.py:830} INFO - Processing file /opt/airflow/dags/timeseries_pipeline.py for tasks to queue
[2025-10-09T12:21:09.489+0000] {logging_mixin.py:188} INFO - [2025-10-09T12:21:09.488+0000] {dagbag.py:545} INFO - Filling up the DagBag from /opt/airflow/dags/timeseries_pipeline.py
[2025-10-09T12:21:10.129+0000] {processor.py:840} INFO - DAG(s) 'timeseries_pipeline' retrieved from /opt/airflow/dags/timeseries_pipeline.py
[2025-10-09T12:21:10.149+0000] {logging_mixin.py:188} INFO - [2025-10-09T12:21:10.149+0000] {dag.py:3096} INFO - Sync 1 DAGs
[2025-10-09T12:21:10.169+0000] {logging_mixin.py:188} INFO - [2025-10-09T12:21:10.168+0000] {dag.py:3954} INFO - Setting next_dagrun for timeseries_pipeline to 2025-10-08 00:00:00+00:00, run_after=2025-10-09 00:00:00+00:00
[2025-10-09T12:21:10.189+0000] {processor.py:183} INFO - Processing /opt/airflow/dags/timeseries_pipeline.py took 0.705 seconds
[2025-10-09T12:21:40.680+0000] {processor.py:161} INFO - Started process (PID=431) to work on /opt/airflow/dags/timeseries_pipeline.py
[2025-10-09T12:21:40.681+0000] {processor.py:830} INFO - Processing file /opt/airflow/dags/timeseries_pipeline.py for tasks to queue
[2025-10-09T12:21:40.682+0000] {logging_mixin.py:188} INFO - [2025-10-09T12:21:40.681+0000] {dagbag.py:545} INFO - Filling up the DagBag from /opt/airflow/dags/timeseries_pipeline.py
[2025-10-09T12:21:41.328+0000] {processor.py:840} INFO - DAG(s) 'timeseries_pipeline' retrieved from /opt/airflow/dags/timeseries_pipeline.py
[2025-10-09T12:21:41.358+0000] {logging_mixin.py:188} INFO - [2025-10-09T12:21:41.358+0000] {dag.py:3096} INFO - Sync 1 DAGs
[2025-10-09T12:21:41.376+0000] {logging_mixin.py:188} INFO - [2025-10-09T12:21:41.376+0000] {dag.py:3954} INFO - Setting next_dagrun for timeseries_pipeline to 2025-10-08 00:00:00+00:00, run_after=2025-10-09 00:00:00+00:00
[2025-10-09T12:21:41.397+0000] {processor.py:183} INFO - Processing /opt/airflow/dags/timeseries_pipeline.py took 0.721 seconds
[2025-10-09T12:22:11.962+0000] {processor.py:161} INFO - Started process (PID=443) to work on /opt/airflow/dags/timeseries_pipeline.py
[2025-10-09T12:22:11.963+0000] {processor.py:830} INFO - Processing file /opt/airflow/dags/timeseries_pipeline.py for tasks to queue
[2025-10-09T12:22:11.963+0000] {logging_mixin.py:188} INFO - [2025-10-09T12:22:11.963+0000] {dagbag.py:545} INFO - Filling up the DagBag from /opt/airflow/dags/timeseries_pipeline.py
[2025-10-09T12:22:12.705+0000] {processor.py:840} INFO - DAG(s) 'timeseries_pipeline' retrieved from /opt/airflow/dags/timeseries_pipeline.py
[2025-10-09T12:22:12.737+0000] {logging_mixin.py:188} INFO - [2025-10-09T12:22:12.736+0000] {dag.py:3096} INFO - Sync 1 DAGs
[2025-10-09T12:22:12.759+0000] {logging_mixin.py:188} INFO - [2025-10-09T12:22:12.759+0000] {dag.py:3954} INFO - Setting next_dagrun for timeseries_pipeline to 2025-10-08 00:00:00+00:00, run_after=2025-10-09 00:00:00+00:00
[2025-10-09T12:22:12.785+0000] {processor.py:183} INFO - Processing /opt/airflow/dags/timeseries_pipeline.py took 0.828 seconds
[2025-10-09T12:22:43.188+0000] {processor.py:161} INFO - Started process (PID=455) to work on /opt/airflow/dags/timeseries_pipeline.py
[2025-10-09T12:22:43.188+0000] {processor.py:830} INFO - Processing file /opt/airflow/dags/timeseries_pipeline.py for tasks to queue
[2025-10-09T12:22:43.189+0000] {logging_mixin.py:188} INFO - [2025-10-09T12:22:43.189+0000] {dagbag.py:545} INFO - Filling up the DagBag from /opt/airflow/dags/timeseries_pipeline.py
[2025-10-09T12:22:43.879+0000] {processor.py:840} INFO - DAG(s) 'timeseries_pipeline' retrieved from /opt/airflow/dags/timeseries_pipeline.py
[2025-10-09T12:22:43.902+0000] {logging_mixin.py:188} INFO - [2025-10-09T12:22:43.902+0000] {dag.py:3096} INFO - Sync 1 DAGs
[2025-10-09T12:22:43.927+0000] {logging_mixin.py:188} INFO - [2025-10-09T12:22:43.927+0000] {dag.py:3954} INFO - Setting next_dagrun for timeseries_pipeline to 2025-10-08 00:00:00+00:00, run_after=2025-10-09 00:00:00+00:00
[2025-10-09T12:22:43.958+0000] {processor.py:183} INFO - Processing /opt/airflow/dags/timeseries_pipeline.py took 0.774 seconds
[2025-10-09T12:23:14.399+0000] {processor.py:161} INFO - Started process (PID=467) to work on /opt/airflow/dags/timeseries_pipeline.py
[2025-10-09T12:23:14.400+0000] {processor.py:830} INFO - Processing file /opt/airflow/dags/timeseries_pipeline.py for tasks to queue
[2025-10-09T12:23:14.401+0000] {logging_mixin.py:188} INFO - [2025-10-09T12:23:14.400+0000] {dagbag.py:545} INFO - Filling up the DagBag from /opt/airflow/dags/timeseries_pipeline.py
[2025-10-09T12:23:15.115+0000] {processor.py:840} INFO - DAG(s) 'timeseries_pipeline' retrieved from /opt/airflow/dags/timeseries_pipeline.py
[2025-10-09T12:23:15.136+0000] {logging_mixin.py:188} INFO - [2025-10-09T12:23:15.136+0000] {dag.py:3096} INFO - Sync 1 DAGs
[2025-10-09T12:23:15.152+0000] {logging_mixin.py:188} INFO - [2025-10-09T12:23:15.152+0000] {dag.py:3954} INFO - Setting next_dagrun for timeseries_pipeline to 2025-10-08 00:00:00+00:00, run_after=2025-10-09 00:00:00+00:00
[2025-10-09T12:23:15.172+0000] {processor.py:183} INFO - Processing /opt/airflow/dags/timeseries_pipeline.py took 0.777 seconds
[2025-10-09T12:23:45.245+0000] {processor.py:161} INFO - Started process (PID=479) to work on /opt/airflow/dags/timeseries_pipeline.py
[2025-10-09T12:23:45.245+0000] {processor.py:830} INFO - Processing file /opt/airflow/dags/timeseries_pipeline.py for tasks to queue
[2025-10-09T12:23:45.246+0000] {logging_mixin.py:188} INFO - [2025-10-09T12:23:45.246+0000] {dagbag.py:545} INFO - Filling up the DagBag from /opt/airflow/dags/timeseries_pipeline.py
[2025-10-09T12:23:46.415+0000] {processor.py:840} INFO - DAG(s) 'timeseries_pipeline' retrieved from /opt/airflow/dags/timeseries_pipeline.py
[2025-10-09T12:23:46.436+0000] {logging_mixin.py:188} INFO - [2025-10-09T12:23:46.436+0000] {dag.py:3096} INFO - Sync 1 DAGs
[2025-10-09T12:23:46.451+0000] {logging_mixin.py:188} INFO - [2025-10-09T12:23:46.451+0000] {dag.py:3954} INFO - Setting next_dagrun for timeseries_pipeline to 2025-10-08 00:00:00+00:00, run_after=2025-10-09 00:00:00+00:00
[2025-10-09T12:23:46.476+0000] {processor.py:183} INFO - Processing /opt/airflow/dags/timeseries_pipeline.py took 1.235 seconds
[2025-10-09T12:24:17.414+0000] {processor.py:161} INFO - Started process (PID=491) to work on /opt/airflow/dags/timeseries_pipeline.py
[2025-10-09T12:24:17.415+0000] {processor.py:830} INFO - Processing file /opt/airflow/dags/timeseries_pipeline.py for tasks to queue
[2025-10-09T12:24:17.416+0000] {logging_mixin.py:188} INFO - [2025-10-09T12:24:17.416+0000] {dagbag.py:545} INFO - Filling up the DagBag from /opt/airflow/dags/timeseries_pipeline.py
[2025-10-09T12:24:18.059+0000] {processor.py:840} INFO - DAG(s) 'timeseries_pipeline' retrieved from /opt/airflow/dags/timeseries_pipeline.py
[2025-10-09T12:24:18.080+0000] {logging_mixin.py:188} INFO - [2025-10-09T12:24:18.080+0000] {dag.py:3096} INFO - Sync 1 DAGs
[2025-10-09T12:24:18.096+0000] {logging_mixin.py:188} INFO - [2025-10-09T12:24:18.096+0000] {dag.py:3954} INFO - Setting next_dagrun for timeseries_pipeline to 2025-10-08 00:00:00+00:00, run_after=2025-10-09 00:00:00+00:00
[2025-10-09T12:24:18.118+0000] {processor.py:183} INFO - Processing /opt/airflow/dags/timeseries_pipeline.py took 0.709 seconds
[2025-10-09T12:24:48.647+0000] {processor.py:161} INFO - Started process (PID=503) to work on /opt/airflow/dags/timeseries_pipeline.py
[2025-10-09T12:24:48.648+0000] {processor.py:830} INFO - Processing file /opt/airflow/dags/timeseries_pipeline.py for tasks to queue
[2025-10-09T12:24:48.650+0000] {logging_mixin.py:188} INFO - [2025-10-09T12:24:48.650+0000] {dagbag.py:545} INFO - Filling up the DagBag from /opt/airflow/dags/timeseries_pipeline.py
[2025-10-09T12:24:49.889+0000] {processor.py:840} INFO - DAG(s) 'timeseries_pipeline' retrieved from /opt/airflow/dags/timeseries_pipeline.py
[2025-10-09T12:24:49.916+0000] {logging_mixin.py:188} INFO - [2025-10-09T12:24:49.915+0000] {dag.py:3096} INFO - Sync 1 DAGs
[2025-10-09T12:24:49.940+0000] {logging_mixin.py:188} INFO - [2025-10-09T12:24:49.939+0000] {dag.py:3954} INFO - Setting next_dagrun for timeseries_pipeline to 2025-10-08 00:00:00+00:00, run_after=2025-10-09 00:00:00+00:00
[2025-10-09T12:24:49.961+0000] {processor.py:183} INFO - Processing /opt/airflow/dags/timeseries_pipeline.py took 1.318 seconds
[2025-10-09T12:25:20.835+0000] {processor.py:161} INFO - Started process (PID=515) to work on /opt/airflow/dags/timeseries_pipeline.py
[2025-10-09T12:25:20.835+0000] {processor.py:830} INFO - Processing file /opt/airflow/dags/timeseries_pipeline.py for tasks to queue
[2025-10-09T12:25:20.836+0000] {logging_mixin.py:188} INFO - [2025-10-09T12:25:20.836+0000] {dagbag.py:545} INFO - Filling up the DagBag from /opt/airflow/dags/timeseries_pipeline.py
[2025-10-09T12:25:21.515+0000] {processor.py:840} INFO - DAG(s) 'timeseries_pipeline' retrieved from /opt/airflow/dags/timeseries_pipeline.py
[2025-10-09T12:25:21.537+0000] {logging_mixin.py:188} INFO - [2025-10-09T12:25:21.537+0000] {dag.py:3096} INFO - Sync 1 DAGs
[2025-10-09T12:25:21.558+0000] {logging_mixin.py:188} INFO - [2025-10-09T12:25:21.558+0000] {dag.py:3954} INFO - Setting next_dagrun for timeseries_pipeline to 2025-10-08 00:00:00+00:00, run_after=2025-10-09 00:00:00+00:00
[2025-10-09T12:25:21.582+0000] {processor.py:183} INFO - Processing /opt/airflow/dags/timeseries_pipeline.py took 0.752 seconds
[2025-10-09T12:25:51.653+0000] {processor.py:161} INFO - Started process (PID=527) to work on /opt/airflow/dags/timeseries_pipeline.py
[2025-10-09T12:25:51.653+0000] {processor.py:830} INFO - Processing file /opt/airflow/dags/timeseries_pipeline.py for tasks to queue
[2025-10-09T12:25:51.654+0000] {logging_mixin.py:188} INFO - [2025-10-09T12:25:51.654+0000] {dagbag.py:545} INFO - Filling up the DagBag from /opt/airflow/dags/timeseries_pipeline.py
[2025-10-09T12:25:52.852+0000] {processor.py:840} INFO - DAG(s) 'timeseries_pipeline' retrieved from /opt/airflow/dags/timeseries_pipeline.py
[2025-10-09T12:25:52.869+0000] {logging_mixin.py:188} INFO - [2025-10-09T12:25:52.869+0000] {dag.py:3096} INFO - Sync 1 DAGs
[2025-10-09T12:25:52.883+0000] {logging_mixin.py:188} INFO - [2025-10-09T12:25:52.883+0000] {dag.py:3954} INFO - Setting next_dagrun for timeseries_pipeline to 2025-10-08 00:00:00+00:00, run_after=2025-10-09 00:00:00+00:00
[2025-10-09T12:25:52.901+0000] {processor.py:183} INFO - Processing /opt/airflow/dags/timeseries_pipeline.py took 1.253 seconds
[2025-10-09T12:26:23.158+0000] {processor.py:161} INFO - Started process (PID=539) to work on /opt/airflow/dags/timeseries_pipeline.py
[2025-10-09T12:26:23.159+0000] {processor.py:830} INFO - Processing file /opt/airflow/dags/timeseries_pipeline.py for tasks to queue
[2025-10-09T12:26:23.160+0000] {logging_mixin.py:188} INFO - [2025-10-09T12:26:23.159+0000] {dagbag.py:545} INFO - Filling up the DagBag from /opt/airflow/dags/timeseries_pipeline.py
[2025-10-09T12:26:23.844+0000] {processor.py:840} INFO - DAG(s) 'timeseries_pipeline' retrieved from /opt/airflow/dags/timeseries_pipeline.py
[2025-10-09T12:26:23.867+0000] {logging_mixin.py:188} INFO - [2025-10-09T12:26:23.867+0000] {dag.py:3096} INFO - Sync 1 DAGs
[2025-10-09T12:26:23.895+0000] {logging_mixin.py:188} INFO - [2025-10-09T12:26:23.894+0000] {dag.py:3954} INFO - Setting next_dagrun for timeseries_pipeline to 2025-10-08 00:00:00+00:00, run_after=2025-10-09 00:00:00+00:00
[2025-10-09T12:26:23.920+0000] {processor.py:183} INFO - Processing /opt/airflow/dags/timeseries_pipeline.py took 0.766 seconds
[2025-10-09T12:26:54.539+0000] {processor.py:161} INFO - Started process (PID=551) to work on /opt/airflow/dags/timeseries_pipeline.py
[2025-10-09T12:26:54.540+0000] {processor.py:830} INFO - Processing file /opt/airflow/dags/timeseries_pipeline.py for tasks to queue
[2025-10-09T12:26:54.540+0000] {logging_mixin.py:188} INFO - [2025-10-09T12:26:54.540+0000] {dagbag.py:545} INFO - Filling up the DagBag from /opt/airflow/dags/timeseries_pipeline.py
[2025-10-09T12:26:55.717+0000] {processor.py:840} INFO - DAG(s) 'timeseries_pipeline' retrieved from /opt/airflow/dags/timeseries_pipeline.py
[2025-10-09T12:26:55.736+0000] {logging_mixin.py:188} INFO - [2025-10-09T12:26:55.736+0000] {dag.py:3096} INFO - Sync 1 DAGs
[2025-10-09T12:26:55.751+0000] {logging_mixin.py:188} INFO - [2025-10-09T12:26:55.750+0000] {dag.py:3954} INFO - Setting next_dagrun for timeseries_pipeline to 2025-10-08 00:00:00+00:00, run_after=2025-10-09 00:00:00+00:00
[2025-10-09T12:26:55.770+0000] {processor.py:183} INFO - Processing /opt/airflow/dags/timeseries_pipeline.py took 1.237 seconds
[2025-10-09T12:27:25.888+0000] {processor.py:161} INFO - Started process (PID=563) to work on /opt/airflow/dags/timeseries_pipeline.py
[2025-10-09T12:27:25.888+0000] {processor.py:830} INFO - Processing file /opt/airflow/dags/timeseries_pipeline.py for tasks to queue
[2025-10-09T12:27:25.889+0000] {logging_mixin.py:188} INFO - [2025-10-09T12:27:25.889+0000] {dagbag.py:545} INFO - Filling up the DagBag from /opt/airflow/dags/timeseries_pipeline.py
[2025-10-09T12:27:26.584+0000] {processor.py:840} INFO - DAG(s) 'timeseries_pipeline' retrieved from /opt/airflow/dags/timeseries_pipeline.py
[2025-10-09T12:27:26.606+0000] {logging_mixin.py:188} INFO - [2025-10-09T12:27:26.606+0000] {dag.py:3096} INFO - Sync 1 DAGs
[2025-10-09T12:27:26.623+0000] {logging_mixin.py:188} INFO - [2025-10-09T12:27:26.623+0000] {dag.py:3954} INFO - Setting next_dagrun for timeseries_pipeline to 2025-10-08 00:00:00+00:00, run_after=2025-10-09 00:00:00+00:00
[2025-10-09T12:27:26.646+0000] {processor.py:183} INFO - Processing /opt/airflow/dags/timeseries_pipeline.py took 0.762 seconds
[2025-10-09T12:27:56.721+0000] {processor.py:161} INFO - Started process (PID=575) to work on /opt/airflow/dags/timeseries_pipeline.py
[2025-10-09T12:27:56.722+0000] {processor.py:830} INFO - Processing file /opt/airflow/dags/timeseries_pipeline.py for tasks to queue
[2025-10-09T12:27:56.722+0000] {logging_mixin.py:188} INFO - [2025-10-09T12:27:56.722+0000] {dagbag.py:545} INFO - Filling up the DagBag from /opt/airflow/dags/timeseries_pipeline.py
[2025-10-09T12:27:57.454+0000] {processor.py:840} INFO - DAG(s) 'timeseries_pipeline' retrieved from /opt/airflow/dags/timeseries_pipeline.py
[2025-10-09T12:27:57.474+0000] {logging_mixin.py:188} INFO - [2025-10-09T12:27:57.474+0000] {dag.py:3096} INFO - Sync 1 DAGs
[2025-10-09T12:27:57.493+0000] {logging_mixin.py:188} INFO - [2025-10-09T12:27:57.493+0000] {dag.py:3954} INFO - Setting next_dagrun for timeseries_pipeline to 2025-10-08 00:00:00+00:00, run_after=2025-10-09 00:00:00+00:00
[2025-10-09T12:27:57.517+0000] {processor.py:183} INFO - Processing /opt/airflow/dags/timeseries_pipeline.py took 0.800 seconds
[2025-10-09T12:28:28.051+0000] {processor.py:161} INFO - Started process (PID=587) to work on /opt/airflow/dags/timeseries_pipeline.py
[2025-10-09T12:28:28.052+0000] {processor.py:830} INFO - Processing file /opt/airflow/dags/timeseries_pipeline.py for tasks to queue
[2025-10-09T12:28:28.053+0000] {logging_mixin.py:188} INFO - [2025-10-09T12:28:28.053+0000] {dagbag.py:545} INFO - Filling up the DagBag from /opt/airflow/dags/timeseries_pipeline.py
[2025-10-09T12:28:28.757+0000] {processor.py:840} INFO - DAG(s) 'timeseries_pipeline' retrieved from /opt/airflow/dags/timeseries_pipeline.py
[2025-10-09T12:28:28.787+0000] {logging_mixin.py:188} INFO - [2025-10-09T12:28:28.787+0000] {dag.py:3096} INFO - Sync 1 DAGs
[2025-10-09T12:28:28.805+0000] {logging_mixin.py:188} INFO - [2025-10-09T12:28:28.805+0000] {dag.py:3954} INFO - Setting next_dagrun for timeseries_pipeline to 2025-10-08 00:00:00+00:00, run_after=2025-10-09 00:00:00+00:00
[2025-10-09T12:28:28.828+0000] {processor.py:183} INFO - Processing /opt/airflow/dags/timeseries_pipeline.py took 0.782 seconds
[2025-10-09T12:28:59.133+0000] {processor.py:161} INFO - Started process (PID=599) to work on /opt/airflow/dags/timeseries_pipeline.py
[2025-10-09T12:28:59.133+0000] {processor.py:830} INFO - Processing file /opt/airflow/dags/timeseries_pipeline.py for tasks to queue
[2025-10-09T12:28:59.134+0000] {logging_mixin.py:188} INFO - [2025-10-09T12:28:59.134+0000] {dagbag.py:545} INFO - Filling up the DagBag from /opt/airflow/dags/timeseries_pipeline.py
[2025-10-09T12:29:00.360+0000] {processor.py:840} INFO - DAG(s) 'timeseries_pipeline' retrieved from /opt/airflow/dags/timeseries_pipeline.py
[2025-10-09T12:29:00.379+0000] {logging_mixin.py:188} INFO - [2025-10-09T12:29:00.379+0000] {dag.py:3096} INFO - Sync 1 DAGs
[2025-10-09T12:29:00.393+0000] {logging_mixin.py:188} INFO - [2025-10-09T12:29:00.393+0000] {dag.py:3954} INFO - Setting next_dagrun for timeseries_pipeline to 2025-10-08 00:00:00+00:00, run_after=2025-10-09 00:00:00+00:00
[2025-10-09T12:29:00.413+0000] {processor.py:183} INFO - Processing /opt/airflow/dags/timeseries_pipeline.py took 1.284 seconds
[2025-10-09T12:29:31.333+0000] {processor.py:161} INFO - Started process (PID=611) to work on /opt/airflow/dags/timeseries_pipeline.py
[2025-10-09T12:29:31.334+0000] {processor.py:830} INFO - Processing file /opt/airflow/dags/timeseries_pipeline.py for tasks to queue
[2025-10-09T12:29:31.334+0000] {logging_mixin.py:188} INFO - [2025-10-09T12:29:31.334+0000] {dagbag.py:545} INFO - Filling up the DagBag from /opt/airflow/dags/timeseries_pipeline.py
[2025-10-09T12:29:32.127+0000] {processor.py:840} INFO - DAG(s) 'timeseries_pipeline' retrieved from /opt/airflow/dags/timeseries_pipeline.py
[2025-10-09T12:29:32.153+0000] {logging_mixin.py:188} INFO - [2025-10-09T12:29:32.153+0000] {dag.py:3096} INFO - Sync 1 DAGs
[2025-10-09T12:29:32.167+0000] {logging_mixin.py:188} INFO - [2025-10-09T12:29:32.166+0000] {dag.py:3954} INFO - Setting next_dagrun for timeseries_pipeline to 2025-10-08 00:00:00+00:00, run_after=2025-10-09 00:00:00+00:00
[2025-10-09T12:29:32.180+0000] {processor.py:183} INFO - Processing /opt/airflow/dags/timeseries_pipeline.py took 0.851 seconds
[2025-10-09T12:30:02.342+0000] {processor.py:161} INFO - Started process (PID=623) to work on /opt/airflow/dags/timeseries_pipeline.py
[2025-10-09T12:30:02.343+0000] {processor.py:830} INFO - Processing file /opt/airflow/dags/timeseries_pipeline.py for tasks to queue
[2025-10-09T12:30:02.344+0000] {logging_mixin.py:188} INFO - [2025-10-09T12:30:02.343+0000] {dagbag.py:545} INFO - Filling up the DagBag from /opt/airflow/dags/timeseries_pipeline.py
[2025-10-09T12:30:03.292+0000] {processor.py:840} INFO - DAG(s) 'timeseries_pipeline' retrieved from /opt/airflow/dags/timeseries_pipeline.py
[2025-10-09T12:30:03.321+0000] {logging_mixin.py:188} INFO - [2025-10-09T12:30:03.321+0000] {dag.py:3096} INFO - Sync 1 DAGs
[2025-10-09T12:30:03.341+0000] {logging_mixin.py:188} INFO - [2025-10-09T12:30:03.341+0000] {dag.py:3954} INFO - Setting next_dagrun for timeseries_pipeline to 2025-10-08 00:00:00+00:00, run_after=2025-10-09 00:00:00+00:00
[2025-10-09T12:30:03.364+0000] {processor.py:183} INFO - Processing /opt/airflow/dags/timeseries_pipeline.py took 1.026 seconds
[2025-10-09T12:30:33.522+0000] {processor.py:161} INFO - Started process (PID=635) to work on /opt/airflow/dags/timeseries_pipeline.py
[2025-10-09T12:30:33.523+0000] {processor.py:830} INFO - Processing file /opt/airflow/dags/timeseries_pipeline.py for tasks to queue
[2025-10-09T12:30:33.524+0000] {logging_mixin.py:188} INFO - [2025-10-09T12:30:33.523+0000] {dagbag.py:545} INFO - Filling up the DagBag from /opt/airflow/dags/timeseries_pipeline.py
[2025-10-09T12:30:34.218+0000] {processor.py:840} INFO - DAG(s) 'timeseries_pipeline' retrieved from /opt/airflow/dags/timeseries_pipeline.py
[2025-10-09T12:30:34.245+0000] {logging_mixin.py:188} INFO - [2025-10-09T12:30:34.245+0000] {dag.py:3096} INFO - Sync 1 DAGs
[2025-10-09T12:30:34.266+0000] {logging_mixin.py:188} INFO - [2025-10-09T12:30:34.265+0000] {dag.py:3954} INFO - Setting next_dagrun for timeseries_pipeline to 2025-10-08 00:00:00+00:00, run_after=2025-10-09 00:00:00+00:00
[2025-10-09T12:30:34.291+0000] {processor.py:183} INFO - Processing /opt/airflow/dags/timeseries_pipeline.py took 0.773 seconds
[2025-10-09T12:31:04.729+0000] {processor.py:161} INFO - Started process (PID=647) to work on /opt/airflow/dags/timeseries_pipeline.py
[2025-10-09T12:31:04.729+0000] {processor.py:830} INFO - Processing file /opt/airflow/dags/timeseries_pipeline.py for tasks to queue
[2025-10-09T12:31:04.730+0000] {logging_mixin.py:188} INFO - [2025-10-09T12:31:04.730+0000] {dagbag.py:545} INFO - Filling up the DagBag from /opt/airflow/dags/timeseries_pipeline.py
[2025-10-09T12:31:05.468+0000] {processor.py:840} INFO - DAG(s) 'timeseries_pipeline' retrieved from /opt/airflow/dags/timeseries_pipeline.py
[2025-10-09T12:31:05.491+0000] {logging_mixin.py:188} INFO - [2025-10-09T12:31:05.490+0000] {dag.py:3096} INFO - Sync 1 DAGs
[2025-10-09T12:31:05.508+0000] {logging_mixin.py:188} INFO - [2025-10-09T12:31:05.508+0000] {dag.py:3954} INFO - Setting next_dagrun for timeseries_pipeline to 2025-10-08 00:00:00+00:00, run_after=2025-10-09 00:00:00+00:00
[2025-10-09T12:31:05.527+0000] {processor.py:183} INFO - Processing /opt/airflow/dags/timeseries_pipeline.py took 0.803 seconds
[2025-10-09T12:31:35.693+0000] {processor.py:161} INFO - Started process (PID=659) to work on /opt/airflow/dags/timeseries_pipeline.py
[2025-10-09T12:31:35.694+0000] {processor.py:830} INFO - Processing file /opt/airflow/dags/timeseries_pipeline.py for tasks to queue
[2025-10-09T12:31:35.695+0000] {logging_mixin.py:188} INFO - [2025-10-09T12:31:35.695+0000] {dagbag.py:545} INFO - Filling up the DagBag from /opt/airflow/dags/timeseries_pipeline.py
[2025-10-09T12:31:36.779+0000] {processor.py:840} INFO - DAG(s) 'timeseries_pipeline' retrieved from /opt/airflow/dags/timeseries_pipeline.py
[2025-10-09T12:31:36.797+0000] {logging_mixin.py:188} INFO - [2025-10-09T12:31:36.797+0000] {dag.py:3096} INFO - Sync 1 DAGs
[2025-10-09T12:31:36.814+0000] {logging_mixin.py:188} INFO - [2025-10-09T12:31:36.814+0000] {dag.py:3954} INFO - Setting next_dagrun for timeseries_pipeline to 2025-10-08 00:00:00+00:00, run_after=2025-10-09 00:00:00+00:00
[2025-10-09T12:31:36.837+0000] {processor.py:183} INFO - Processing /opt/airflow/dags/timeseries_pipeline.py took 1.147 seconds
[2025-10-09T12:32:07.467+0000] {processor.py:161} INFO - Started process (PID=671) to work on /opt/airflow/dags/timeseries_pipeline.py
[2025-10-09T12:32:07.468+0000] {processor.py:830} INFO - Processing file /opt/airflow/dags/timeseries_pipeline.py for tasks to queue
[2025-10-09T12:32:07.469+0000] {logging_mixin.py:188} INFO - [2025-10-09T12:32:07.468+0000] {dagbag.py:545} INFO - Filling up the DagBag from /opt/airflow/dags/timeseries_pipeline.py
[2025-10-09T12:32:08.186+0000] {processor.py:840} INFO - DAG(s) 'timeseries_pipeline' retrieved from /opt/airflow/dags/timeseries_pipeline.py
[2025-10-09T12:32:08.218+0000] {logging_mixin.py:188} INFO - [2025-10-09T12:32:08.218+0000] {dag.py:3096} INFO - Sync 1 DAGs
[2025-10-09T12:32:08.244+0000] {logging_mixin.py:188} INFO - [2025-10-09T12:32:08.244+0000] {dag.py:3954} INFO - Setting next_dagrun for timeseries_pipeline to 2025-10-08 00:00:00+00:00, run_after=2025-10-09 00:00:00+00:00
[2025-10-09T12:32:08.271+0000] {processor.py:183} INFO - Processing /opt/airflow/dags/timeseries_pipeline.py took 0.808 seconds
[2025-10-09T12:32:38.785+0000] {processor.py:161} INFO - Started process (PID=683) to work on /opt/airflow/dags/timeseries_pipeline.py
[2025-10-09T12:32:38.786+0000] {processor.py:830} INFO - Processing file /opt/airflow/dags/timeseries_pipeline.py for tasks to queue
[2025-10-09T12:32:38.786+0000] {logging_mixin.py:188} INFO - [2025-10-09T12:32:38.786+0000] {dagbag.py:545} INFO - Filling up the DagBag from /opt/airflow/dags/timeseries_pipeline.py
[2025-10-09T12:32:39.454+0000] {processor.py:840} INFO - DAG(s) 'timeseries_pipeline' retrieved from /opt/airflow/dags/timeseries_pipeline.py
[2025-10-09T12:32:39.478+0000] {logging_mixin.py:188} INFO - [2025-10-09T12:32:39.477+0000] {dag.py:3096} INFO - Sync 1 DAGs
[2025-10-09T12:32:39.499+0000] {logging_mixin.py:188} INFO - [2025-10-09T12:32:39.499+0000] {dag.py:3954} INFO - Setting next_dagrun for timeseries_pipeline to 2025-10-08 00:00:00+00:00, run_after=2025-10-09 00:00:00+00:00
[2025-10-09T12:32:39.516+0000] {processor.py:183} INFO - Processing /opt/airflow/dags/timeseries_pipeline.py took 0.735 seconds
[2025-10-09T12:33:10.004+0000] {processor.py:161} INFO - Started process (PID=695) to work on /opt/airflow/dags/timeseries_pipeline.py
[2025-10-09T12:33:10.005+0000] {processor.py:830} INFO - Processing file /opt/airflow/dags/timeseries_pipeline.py for tasks to queue
[2025-10-09T12:33:10.006+0000] {logging_mixin.py:188} INFO - [2025-10-09T12:33:10.006+0000] {dagbag.py:545} INFO - Filling up the DagBag from /opt/airflow/dags/timeseries_pipeline.py
[2025-10-09T12:33:10.726+0000] {processor.py:840} INFO - DAG(s) 'timeseries_pipeline' retrieved from /opt/airflow/dags/timeseries_pipeline.py
[2025-10-09T12:33:10.757+0000] {logging_mixin.py:188} INFO - [2025-10-09T12:33:10.757+0000] {dag.py:3096} INFO - Sync 1 DAGs
[2025-10-09T12:33:10.778+0000] {logging_mixin.py:188} INFO - [2025-10-09T12:33:10.778+0000] {dag.py:3954} INFO - Setting next_dagrun for timeseries_pipeline to 2025-10-08 00:00:00+00:00, run_after=2025-10-09 00:00:00+00:00
[2025-10-09T12:33:10.804+0000] {processor.py:183} INFO - Processing /opt/airflow/dags/timeseries_pipeline.py took 0.804 seconds
[2025-10-09T12:33:41.345+0000] {processor.py:161} INFO - Started process (PID=707) to work on /opt/airflow/dags/timeseries_pipeline.py
[2025-10-09T12:33:41.346+0000] {processor.py:830} INFO - Processing file /opt/airflow/dags/timeseries_pipeline.py for tasks to queue
[2025-10-09T12:33:41.346+0000] {logging_mixin.py:188} INFO - [2025-10-09T12:33:41.346+0000] {dagbag.py:545} INFO - Filling up the DagBag from /opt/airflow/dags/timeseries_pipeline.py
[2025-10-09T12:33:42.492+0000] {processor.py:840} INFO - DAG(s) 'timeseries_pipeline' retrieved from /opt/airflow/dags/timeseries_pipeline.py
[2025-10-09T12:33:42.508+0000] {logging_mixin.py:188} INFO - [2025-10-09T12:33:42.508+0000] {dag.py:3096} INFO - Sync 1 DAGs
[2025-10-09T12:33:42.525+0000] {logging_mixin.py:188} INFO - [2025-10-09T12:33:42.525+0000] {dag.py:3954} INFO - Setting next_dagrun for timeseries_pipeline to 2025-10-08 00:00:00+00:00, run_after=2025-10-09 00:00:00+00:00
[2025-10-09T12:33:42.542+0000] {processor.py:183} INFO - Processing /opt/airflow/dags/timeseries_pipeline.py took 1.201 seconds
[2025-10-09T12:34:13.092+0000] {processor.py:161} INFO - Started process (PID=719) to work on /opt/airflow/dags/timeseries_pipeline.py
[2025-10-09T12:34:13.092+0000] {processor.py:830} INFO - Processing file /opt/airflow/dags/timeseries_pipeline.py for tasks to queue
[2025-10-09T12:34:13.093+0000] {logging_mixin.py:188} INFO - [2025-10-09T12:34:13.093+0000] {dagbag.py:545} INFO - Filling up the DagBag from /opt/airflow/dags/timeseries_pipeline.py
[2025-10-09T12:34:13.783+0000] {processor.py:840} INFO - DAG(s) 'timeseries_pipeline' retrieved from /opt/airflow/dags/timeseries_pipeline.py
[2025-10-09T12:34:13.814+0000] {logging_mixin.py:188} INFO - [2025-10-09T12:34:13.814+0000] {dag.py:3096} INFO - Sync 1 DAGs
[2025-10-09T12:34:13.833+0000] {logging_mixin.py:188} INFO - [2025-10-09T12:34:13.833+0000] {dag.py:3954} INFO - Setting next_dagrun for timeseries_pipeline to 2025-10-08 00:00:00+00:00, run_after=2025-10-09 00:00:00+00:00
[2025-10-09T12:34:13.855+0000] {processor.py:183} INFO - Processing /opt/airflow/dags/timeseries_pipeline.py took 0.768 seconds
[2025-10-09T12:34:44.280+0000] {processor.py:161} INFO - Started process (PID=731) to work on /opt/airflow/dags/timeseries_pipeline.py
[2025-10-09T12:34:44.281+0000] {processor.py:830} INFO - Processing file /opt/airflow/dags/timeseries_pipeline.py for tasks to queue
[2025-10-09T12:34:44.282+0000] {logging_mixin.py:188} INFO - [2025-10-09T12:34:44.281+0000] {dagbag.py:545} INFO - Filling up the DagBag from /opt/airflow/dags/timeseries_pipeline.py
[2025-10-09T12:34:45.356+0000] {processor.py:840} INFO - DAG(s) 'timeseries_pipeline' retrieved from /opt/airflow/dags/timeseries_pipeline.py
[2025-10-09T12:34:45.377+0000] {logging_mixin.py:188} INFO - [2025-10-09T12:34:45.376+0000] {dag.py:3096} INFO - Sync 1 DAGs
[2025-10-09T12:34:45.394+0000] {logging_mixin.py:188} INFO - [2025-10-09T12:34:45.393+0000] {dag.py:3954} INFO - Setting next_dagrun for timeseries_pipeline to 2025-10-08 00:00:00+00:00, run_after=2025-10-09 00:00:00+00:00
[2025-10-09T12:34:45.417+0000] {processor.py:183} INFO - Processing /opt/airflow/dags/timeseries_pipeline.py took 1.141 seconds
[2025-10-09T12:35:15.543+0000] {processor.py:161} INFO - Started process (PID=743) to work on /opt/airflow/dags/timeseries_pipeline.py
[2025-10-09T12:35:15.544+0000] {processor.py:830} INFO - Processing file /opt/airflow/dags/timeseries_pipeline.py for tasks to queue
[2025-10-09T12:35:15.544+0000] {logging_mixin.py:188} INFO - [2025-10-09T12:35:15.544+0000] {dagbag.py:545} INFO - Filling up the DagBag from /opt/airflow/dags/timeseries_pipeline.py
[2025-10-09T12:35:16.210+0000] {processor.py:840} INFO - DAG(s) 'timeseries_pipeline' retrieved from /opt/airflow/dags/timeseries_pipeline.py
[2025-10-09T12:35:16.244+0000] {logging_mixin.py:188} INFO - [2025-10-09T12:35:16.243+0000] {dag.py:3096} INFO - Sync 1 DAGs
[2025-10-09T12:35:16.266+0000] {logging_mixin.py:188} INFO - [2025-10-09T12:35:16.266+0000] {dag.py:3954} INFO - Setting next_dagrun for timeseries_pipeline to 2025-10-08 00:00:00+00:00, run_after=2025-10-09 00:00:00+00:00
[2025-10-09T12:35:16.289+0000] {processor.py:183} INFO - Processing /opt/airflow/dags/timeseries_pipeline.py took 0.750 seconds
[2025-10-09T12:35:46.894+0000] {processor.py:161} INFO - Started process (PID=755) to work on /opt/airflow/dags/timeseries_pipeline.py
[2025-10-09T12:35:46.895+0000] {processor.py:830} INFO - Processing file /opt/airflow/dags/timeseries_pipeline.py for tasks to queue
[2025-10-09T12:35:46.895+0000] {logging_mixin.py:188} INFO - [2025-10-09T12:35:46.895+0000] {dagbag.py:545} INFO - Filling up the DagBag from /opt/airflow/dags/timeseries_pipeline.py
[2025-10-09T12:35:47.614+0000] {processor.py:840} INFO - DAG(s) 'timeseries_pipeline' retrieved from /opt/airflow/dags/timeseries_pipeline.py
[2025-10-09T12:35:47.631+0000] {logging_mixin.py:188} INFO - [2025-10-09T12:35:47.631+0000] {dag.py:3096} INFO - Sync 1 DAGs
[2025-10-09T12:35:47.645+0000] {logging_mixin.py:188} INFO - [2025-10-09T12:35:47.645+0000] {dag.py:3954} INFO - Setting next_dagrun for timeseries_pipeline to 2025-10-08 00:00:00+00:00, run_after=2025-10-09 00:00:00+00:00
[2025-10-09T12:35:47.662+0000] {processor.py:183} INFO - Processing /opt/airflow/dags/timeseries_pipeline.py took 0.772 seconds
[2025-10-09T12:36:42.746+0000] {processor.py:161} INFO - Started process (PID=762) to work on /opt/airflow/dags/timeseries_pipeline.py
[2025-10-09T12:36:42.747+0000] {processor.py:830} INFO - Processing file /opt/airflow/dags/timeseries_pipeline.py for tasks to queue
[2025-10-09T12:36:42.748+0000] {logging_mixin.py:188} INFO - [2025-10-09T12:36:42.747+0000] {dagbag.py:545} INFO - Filling up the DagBag from /opt/airflow/dags/timeseries_pipeline.py
[2025-10-09T12:36:43.484+0000] {processor.py:840} INFO - DAG(s) 'timeseries_pipeline' retrieved from /opt/airflow/dags/timeseries_pipeline.py
[2025-10-09T12:36:43.517+0000] {logging_mixin.py:188} INFO - [2025-10-09T12:36:43.517+0000] {dag.py:3096} INFO - Sync 1 DAGs
[2025-10-09T12:36:43.542+0000] {logging_mixin.py:188} INFO - [2025-10-09T12:36:43.541+0000] {dag.py:3954} INFO - Setting next_dagrun for timeseries_pipeline to 2025-10-08 00:00:00+00:00, run_after=2025-10-09 00:00:00+00:00
[2025-10-09T12:36:43.565+0000] {processor.py:183} INFO - Processing /opt/airflow/dags/timeseries_pipeline.py took 0.823 seconds
[2025-10-09T12:37:14.137+0000] {processor.py:161} INFO - Started process (PID=779) to work on /opt/airflow/dags/timeseries_pipeline.py
[2025-10-09T12:37:14.138+0000] {processor.py:830} INFO - Processing file /opt/airflow/dags/timeseries_pipeline.py for tasks to queue
[2025-10-09T12:37:14.139+0000] {logging_mixin.py:188} INFO - [2025-10-09T12:37:14.138+0000] {dagbag.py:545} INFO - Filling up the DagBag from /opt/airflow/dags/timeseries_pipeline.py
[2025-10-09T12:37:14.828+0000] {processor.py:840} INFO - DAG(s) 'timeseries_pipeline' retrieved from /opt/airflow/dags/timeseries_pipeline.py
[2025-10-09T12:37:14.856+0000] {logging_mixin.py:188} INFO - [2025-10-09T12:37:14.855+0000] {dag.py:3096} INFO - Sync 1 DAGs
[2025-10-09T12:37:14.873+0000] {logging_mixin.py:188} INFO - [2025-10-09T12:37:14.872+0000] {dag.py:3954} INFO - Setting next_dagrun for timeseries_pipeline to 2025-10-08 00:00:00+00:00, run_after=2025-10-09 00:00:00+00:00
[2025-10-09T12:37:14.898+0000] {processor.py:183} INFO - Processing /opt/airflow/dags/timeseries_pipeline.py took 0.765 seconds
[2025-10-09T12:37:44.941+0000] {processor.py:161} INFO - Started process (PID=791) to work on /opt/airflow/dags/timeseries_pipeline.py
[2025-10-09T12:37:44.941+0000] {processor.py:830} INFO - Processing file /opt/airflow/dags/timeseries_pipeline.py for tasks to queue
[2025-10-09T12:37:44.942+0000] {logging_mixin.py:188} INFO - [2025-10-09T12:37:44.942+0000] {dagbag.py:545} INFO - Filling up the DagBag from /opt/airflow/dags/timeseries_pipeline.py
[2025-10-09T12:37:45.580+0000] {processor.py:840} INFO - DAG(s) 'timeseries_pipeline' retrieved from /opt/airflow/dags/timeseries_pipeline.py
[2025-10-09T12:37:45.607+0000] {logging_mixin.py:188} INFO - [2025-10-09T12:37:45.606+0000] {dag.py:3096} INFO - Sync 1 DAGs
[2025-10-09T12:37:45.625+0000] {logging_mixin.py:188} INFO - [2025-10-09T12:37:45.625+0000] {dag.py:3954} INFO - Setting next_dagrun for timeseries_pipeline to 2025-10-08 00:00:00+00:00, run_after=2025-10-09 00:00:00+00:00
[2025-10-09T12:37:45.646+0000] {processor.py:183} INFO - Processing /opt/airflow/dags/timeseries_pipeline.py took 0.709 seconds
[2025-10-09T12:38:16.148+0000] {processor.py:161} INFO - Started process (PID=803) to work on /opt/airflow/dags/timeseries_pipeline.py
[2025-10-09T12:38:16.149+0000] {processor.py:830} INFO - Processing file /opt/airflow/dags/timeseries_pipeline.py for tasks to queue
[2025-10-09T12:38:16.150+0000] {logging_mixin.py:188} INFO - [2025-10-09T12:38:16.150+0000] {dagbag.py:545} INFO - Filling up the DagBag from /opt/airflow/dags/timeseries_pipeline.py
[2025-10-09T12:38:17.479+0000] {processor.py:840} INFO - DAG(s) 'timeseries_pipeline' retrieved from /opt/airflow/dags/timeseries_pipeline.py
[2025-10-09T12:38:17.500+0000] {logging_mixin.py:188} INFO - [2025-10-09T12:38:17.499+0000] {dag.py:3096} INFO - Sync 1 DAGs
[2025-10-09T12:38:17.531+0000] {logging_mixin.py:188} INFO - [2025-10-09T12:38:17.531+0000] {dag.py:3954} INFO - Setting next_dagrun for timeseries_pipeline to 2025-10-08 00:00:00+00:00, run_after=2025-10-09 00:00:00+00:00
[2025-10-09T12:38:17.556+0000] {processor.py:183} INFO - Processing /opt/airflow/dags/timeseries_pipeline.py took 1.412 seconds
[2025-10-09T12:38:47.703+0000] {processor.py:161} INFO - Started process (PID=815) to work on /opt/airflow/dags/timeseries_pipeline.py
[2025-10-09T12:38:47.703+0000] {processor.py:830} INFO - Processing file /opt/airflow/dags/timeseries_pipeline.py for tasks to queue
[2025-10-09T12:38:47.705+0000] {logging_mixin.py:188} INFO - [2025-10-09T12:38:47.704+0000] {dagbag.py:545} INFO - Filling up the DagBag from /opt/airflow/dags/timeseries_pipeline.py
[2025-10-09T12:38:48.417+0000] {processor.py:840} INFO - DAG(s) 'timeseries_pipeline' retrieved from /opt/airflow/dags/timeseries_pipeline.py
[2025-10-09T12:38:48.453+0000] {logging_mixin.py:188} INFO - [2025-10-09T12:38:48.453+0000] {dag.py:3096} INFO - Sync 1 DAGs
[2025-10-09T12:38:48.486+0000] {logging_mixin.py:188} INFO - [2025-10-09T12:38:48.486+0000] {dag.py:3954} INFO - Setting next_dagrun for timeseries_pipeline to 2025-10-08 00:00:00+00:00, run_after=2025-10-09 00:00:00+00:00
[2025-10-09T12:38:48.511+0000] {processor.py:183} INFO - Processing /opt/airflow/dags/timeseries_pipeline.py took 0.812 seconds
[2025-10-09T12:39:18.991+0000] {processor.py:161} INFO - Started process (PID=827) to work on /opt/airflow/dags/timeseries_pipeline.py
[2025-10-09T12:39:18.992+0000] {processor.py:830} INFO - Processing file /opt/airflow/dags/timeseries_pipeline.py for tasks to queue
[2025-10-09T12:39:18.993+0000] {logging_mixin.py:188} INFO - [2025-10-09T12:39:18.993+0000] {dagbag.py:545} INFO - Filling up the DagBag from /opt/airflow/dags/timeseries_pipeline.py
[2025-10-09T12:39:20.269+0000] {processor.py:840} INFO - DAG(s) 'timeseries_pipeline' retrieved from /opt/airflow/dags/timeseries_pipeline.py
[2025-10-09T12:39:20.290+0000] {logging_mixin.py:188} INFO - [2025-10-09T12:39:20.290+0000] {dag.py:3096} INFO - Sync 1 DAGs
[2025-10-09T12:39:20.307+0000] {logging_mixin.py:188} INFO - [2025-10-09T12:39:20.306+0000] {dag.py:3954} INFO - Setting next_dagrun for timeseries_pipeline to 2025-10-08 00:00:00+00:00, run_after=2025-10-09 00:00:00+00:00
[2025-10-09T12:39:20.329+0000] {processor.py:183} INFO - Processing /opt/airflow/dags/timeseries_pipeline.py took 1.342 seconds
[2025-10-09T12:39:50.492+0000] {processor.py:161} INFO - Started process (PID=839) to work on /opt/airflow/dags/timeseries_pipeline.py
[2025-10-09T12:39:50.493+0000] {processor.py:830} INFO - Processing file /opt/airflow/dags/timeseries_pipeline.py for tasks to queue
[2025-10-09T12:39:50.494+0000] {logging_mixin.py:188} INFO - [2025-10-09T12:39:50.493+0000] {dagbag.py:545} INFO - Filling up the DagBag from /opt/airflow/dags/timeseries_pipeline.py
[2025-10-09T12:39:51.181+0000] {processor.py:840} INFO - DAG(s) 'timeseries_pipeline' retrieved from /opt/airflow/dags/timeseries_pipeline.py
[2025-10-09T12:39:51.207+0000] {logging_mixin.py:188} INFO - [2025-10-09T12:39:51.207+0000] {dag.py:3096} INFO - Sync 1 DAGs
[2025-10-09T12:39:51.223+0000] {logging_mixin.py:188} INFO - [2025-10-09T12:39:51.223+0000] {dag.py:3954} INFO - Setting next_dagrun for timeseries_pipeline to 2025-10-08 00:00:00+00:00, run_after=2025-10-09 00:00:00+00:00
[2025-10-09T12:39:51.242+0000] {processor.py:183} INFO - Processing /opt/airflow/dags/timeseries_pipeline.py took 0.754 seconds
[2025-10-09T12:40:21.803+0000] {processor.py:161} INFO - Started process (PID=851) to work on /opt/airflow/dags/timeseries_pipeline.py
[2025-10-09T12:40:21.804+0000] {processor.py:830} INFO - Processing file /opt/airflow/dags/timeseries_pipeline.py for tasks to queue
[2025-10-09T12:40:21.804+0000] {logging_mixin.py:188} INFO - [2025-10-09T12:40:21.804+0000] {dagbag.py:545} INFO - Filling up the DagBag from /opt/airflow/dags/timeseries_pipeline.py
[2025-10-09T12:40:22.891+0000] {processor.py:840} INFO - DAG(s) 'timeseries_pipeline' retrieved from /opt/airflow/dags/timeseries_pipeline.py
[2025-10-09T12:40:22.912+0000] {logging_mixin.py:188} INFO - [2025-10-09T12:40:22.911+0000] {dag.py:3096} INFO - Sync 1 DAGs
[2025-10-09T12:40:22.936+0000] {logging_mixin.py:188} INFO - [2025-10-09T12:40:22.936+0000] {dag.py:3954} INFO - Setting next_dagrun for timeseries_pipeline to 2025-10-08 00:00:00+00:00, run_after=2025-10-09 00:00:00+00:00
[2025-10-09T12:40:22.964+0000] {processor.py:183} INFO - Processing /opt/airflow/dags/timeseries_pipeline.py took 1.166 seconds
[2025-10-09T12:40:53.157+0000] {processor.py:161} INFO - Started process (PID=863) to work on /opt/airflow/dags/timeseries_pipeline.py
[2025-10-09T12:40:53.158+0000] {processor.py:830} INFO - Processing file /opt/airflow/dags/timeseries_pipeline.py for tasks to queue
[2025-10-09T12:40:53.159+0000] {logging_mixin.py:188} INFO - [2025-10-09T12:40:53.159+0000] {dagbag.py:545} INFO - Filling up the DagBag from /opt/airflow/dags/timeseries_pipeline.py
[2025-10-09T12:40:53.877+0000] {processor.py:840} INFO - DAG(s) 'timeseries_pipeline' retrieved from /opt/airflow/dags/timeseries_pipeline.py
[2025-10-09T12:40:53.898+0000] {logging_mixin.py:188} INFO - [2025-10-09T12:40:53.898+0000] {dag.py:3096} INFO - Sync 1 DAGs
[2025-10-09T12:40:53.914+0000] {logging_mixin.py:188} INFO - [2025-10-09T12:40:53.914+0000] {dag.py:3954} INFO - Setting next_dagrun for timeseries_pipeline to 2025-10-08 00:00:00+00:00, run_after=2025-10-09 00:00:00+00:00
[2025-10-09T12:40:53.934+0000] {processor.py:183} INFO - Processing /opt/airflow/dags/timeseries_pipeline.py took 0.781 seconds
[2025-10-09T12:41:24.417+0000] {processor.py:161} INFO - Started process (PID=875) to work on /opt/airflow/dags/timeseries_pipeline.py
[2025-10-09T12:41:24.418+0000] {processor.py:830} INFO - Processing file /opt/airflow/dags/timeseries_pipeline.py for tasks to queue
[2025-10-09T12:41:24.419+0000] {logging_mixin.py:188} INFO - [2025-10-09T12:41:24.418+0000] {dagbag.py:545} INFO - Filling up the DagBag from /opt/airflow/dags/timeseries_pipeline.py
[2025-10-09T12:41:25.123+0000] {processor.py:840} INFO - DAG(s) 'timeseries_pipeline' retrieved from /opt/airflow/dags/timeseries_pipeline.py
[2025-10-09T12:41:25.142+0000] {logging_mixin.py:188} INFO - [2025-10-09T12:41:25.142+0000] {dag.py:3096} INFO - Sync 1 DAGs
[2025-10-09T12:41:25.161+0000] {logging_mixin.py:188} INFO - [2025-10-09T12:41:25.161+0000] {dag.py:3954} INFO - Setting next_dagrun for timeseries_pipeline to 2025-10-08 00:00:00+00:00, run_after=2025-10-09 00:00:00+00:00
[2025-10-09T12:41:25.185+0000] {processor.py:183} INFO - Processing /opt/airflow/dags/timeseries_pipeline.py took 0.772 seconds
[2025-10-09T12:41:55.245+0000] {processor.py:161} INFO - Started process (PID=887) to work on /opt/airflow/dags/timeseries_pipeline.py
[2025-10-09T12:41:55.246+0000] {processor.py:830} INFO - Processing file /opt/airflow/dags/timeseries_pipeline.py for tasks to queue
[2025-10-09T12:41:55.246+0000] {logging_mixin.py:188} INFO - [2025-10-09T12:41:55.246+0000] {dagbag.py:545} INFO - Filling up the DagBag from /opt/airflow/dags/timeseries_pipeline.py
[2025-10-09T12:41:55.969+0000] {processor.py:840} INFO - DAG(s) 'timeseries_pipeline' retrieved from /opt/airflow/dags/timeseries_pipeline.py
[2025-10-09T12:41:55.989+0000] {logging_mixin.py:188} INFO - [2025-10-09T12:41:55.989+0000] {dag.py:3096} INFO - Sync 1 DAGs
[2025-10-09T12:41:56.005+0000] {logging_mixin.py:188} INFO - [2025-10-09T12:41:56.005+0000] {dag.py:3954} INFO - Setting next_dagrun for timeseries_pipeline to 2025-10-08 00:00:00+00:00, run_after=2025-10-09 00:00:00+00:00
[2025-10-09T12:41:56.025+0000] {processor.py:183} INFO - Processing /opt/airflow/dags/timeseries_pipeline.py took 0.785 seconds
[2025-10-09T12:42:26.564+0000] {processor.py:161} INFO - Started process (PID=899) to work on /opt/airflow/dags/timeseries_pipeline.py
[2025-10-09T12:42:26.564+0000] {processor.py:830} INFO - Processing file /opt/airflow/dags/timeseries_pipeline.py for tasks to queue
[2025-10-09T12:42:26.565+0000] {logging_mixin.py:188} INFO - [2025-10-09T12:42:26.565+0000] {dagbag.py:545} INFO - Filling up the DagBag from /opt/airflow/dags/timeseries_pipeline.py
[2025-10-09T12:42:27.854+0000] {processor.py:840} INFO - DAG(s) 'timeseries_pipeline' retrieved from /opt/airflow/dags/timeseries_pipeline.py
[2025-10-09T12:42:27.884+0000] {logging_mixin.py:188} INFO - [2025-10-09T12:42:27.883+0000] {dag.py:3096} INFO - Sync 1 DAGs
[2025-10-09T12:42:27.902+0000] {logging_mixin.py:188} INFO - [2025-10-09T12:42:27.902+0000] {dag.py:3954} INFO - Setting next_dagrun for timeseries_pipeline to 2025-10-08 00:00:00+00:00, run_after=2025-10-09 00:00:00+00:00
[2025-10-09T12:42:27.929+0000] {processor.py:183} INFO - Processing /opt/airflow/dags/timeseries_pipeline.py took 1.370 seconds
[2025-10-09T12:42:58.040+0000] {processor.py:161} INFO - Started process (PID=911) to work on /opt/airflow/dags/timeseries_pipeline.py
[2025-10-09T12:42:58.041+0000] {processor.py:830} INFO - Processing file /opt/airflow/dags/timeseries_pipeline.py for tasks to queue
[2025-10-09T12:42:58.042+0000] {logging_mixin.py:188} INFO - [2025-10-09T12:42:58.042+0000] {dagbag.py:545} INFO - Filling up the DagBag from /opt/airflow/dags/timeseries_pipeline.py
[2025-10-09T12:42:58.704+0000] {processor.py:840} INFO - DAG(s) 'timeseries_pipeline' retrieved from /opt/airflow/dags/timeseries_pipeline.py
[2025-10-09T12:42:58.728+0000] {logging_mixin.py:188} INFO - [2025-10-09T12:42:58.727+0000] {dag.py:3096} INFO - Sync 1 DAGs
[2025-10-09T12:42:58.743+0000] {logging_mixin.py:188} INFO - [2025-10-09T12:42:58.743+0000] {dag.py:3954} INFO - Setting next_dagrun for timeseries_pipeline to 2025-10-08 00:00:00+00:00, run_after=2025-10-09 00:00:00+00:00
[2025-10-09T12:42:58.764+0000] {processor.py:183} INFO - Processing /opt/airflow/dags/timeseries_pipeline.py took 0.727 seconds
[2025-10-09T12:43:28.945+0000] {processor.py:161} INFO - Started process (PID=923) to work on /opt/airflow/dags/timeseries_pipeline.py
[2025-10-09T12:43:28.945+0000] {processor.py:830} INFO - Processing file /opt/airflow/dags/timeseries_pipeline.py for tasks to queue
[2025-10-09T12:43:28.946+0000] {logging_mixin.py:188} INFO - [2025-10-09T12:43:28.946+0000] {dagbag.py:545} INFO - Filling up the DagBag from /opt/airflow/dags/timeseries_pipeline.py
[2025-10-09T12:43:30.187+0000] {processor.py:840} INFO - DAG(s) 'timeseries_pipeline' retrieved from /opt/airflow/dags/timeseries_pipeline.py
[2025-10-09T12:43:30.227+0000] {logging_mixin.py:188} INFO - [2025-10-09T12:43:30.227+0000] {dag.py:3096} INFO - Sync 1 DAGs
[2025-10-09T12:43:30.243+0000] {logging_mixin.py:188} INFO - [2025-10-09T12:43:30.243+0000] {dag.py:3954} INFO - Setting next_dagrun for timeseries_pipeline to 2025-10-08 00:00:00+00:00, run_after=2025-10-09 00:00:00+00:00
[2025-10-09T12:43:30.267+0000] {processor.py:183} INFO - Processing /opt/airflow/dags/timeseries_pipeline.py took 1.330 seconds
[2025-10-09T12:44:00.352+0000] {processor.py:161} INFO - Started process (PID=935) to work on /opt/airflow/dags/timeseries_pipeline.py
[2025-10-09T12:44:00.353+0000] {processor.py:830} INFO - Processing file /opt/airflow/dags/timeseries_pipeline.py for tasks to queue
[2025-10-09T12:44:00.354+0000] {logging_mixin.py:188} INFO - [2025-10-09T12:44:00.354+0000] {dagbag.py:545} INFO - Filling up the DagBag from /opt/airflow/dags/timeseries_pipeline.py
[2025-10-09T12:44:01.059+0000] {processor.py:840} INFO - DAG(s) 'timeseries_pipeline' retrieved from /opt/airflow/dags/timeseries_pipeline.py
[2025-10-09T12:44:01.081+0000] {logging_mixin.py:188} INFO - [2025-10-09T12:44:01.081+0000] {dag.py:3096} INFO - Sync 1 DAGs
[2025-10-09T12:44:01.101+0000] {logging_mixin.py:188} INFO - [2025-10-09T12:44:01.101+0000] {dag.py:3954} INFO - Setting next_dagrun for timeseries_pipeline to 2025-10-08 00:00:00+00:00, run_after=2025-10-09 00:00:00+00:00
[2025-10-09T12:44:01.121+0000] {processor.py:183} INFO - Processing /opt/airflow/dags/timeseries_pipeline.py took 0.773 seconds
[2025-10-09T12:44:31.662+0000] {processor.py:161} INFO - Started process (PID=947) to work on /opt/airflow/dags/timeseries_pipeline.py
[2025-10-09T12:44:31.663+0000] {processor.py:830} INFO - Processing file /opt/airflow/dags/timeseries_pipeline.py for tasks to queue
[2025-10-09T12:44:31.664+0000] {logging_mixin.py:188} INFO - [2025-10-09T12:44:31.663+0000] {dagbag.py:545} INFO - Filling up the DagBag from /opt/airflow/dags/timeseries_pipeline.py
[2025-10-09T12:44:33.027+0000] {processor.py:840} INFO - DAG(s) 'timeseries_pipeline' retrieved from /opt/airflow/dags/timeseries_pipeline.py
[2025-10-09T12:44:33.064+0000] {logging_mixin.py:188} INFO - [2025-10-09T12:44:33.064+0000] {dag.py:3096} INFO - Sync 1 DAGs
[2025-10-09T12:44:33.080+0000] {logging_mixin.py:188} INFO - [2025-10-09T12:44:33.080+0000] {dag.py:3954} INFO - Setting next_dagrun for timeseries_pipeline to 2025-10-08 00:00:00+00:00, run_after=2025-10-09 00:00:00+00:00
[2025-10-09T12:44:33.103+0000] {processor.py:183} INFO - Processing /opt/airflow/dags/timeseries_pipeline.py took 1.446 seconds
[2025-10-09T12:45:03.240+0000] {processor.py:161} INFO - Started process (PID=959) to work on /opt/airflow/dags/timeseries_pipeline.py
[2025-10-09T12:45:03.240+0000] {processor.py:830} INFO - Processing file /opt/airflow/dags/timeseries_pipeline.py for tasks to queue
[2025-10-09T12:45:03.241+0000] {logging_mixin.py:188} INFO - [2025-10-09T12:45:03.241+0000] {dagbag.py:545} INFO - Filling up the DagBag from /opt/airflow/dags/timeseries_pipeline.py
[2025-10-09T12:45:03.935+0000] {processor.py:840} INFO - DAG(s) 'timeseries_pipeline' retrieved from /opt/airflow/dags/timeseries_pipeline.py
[2025-10-09T12:45:03.966+0000] {logging_mixin.py:188} INFO - [2025-10-09T12:45:03.966+0000] {dag.py:3096} INFO - Sync 1 DAGs
[2025-10-09T12:45:03.983+0000] {logging_mixin.py:188} INFO - [2025-10-09T12:45:03.983+0000] {dag.py:3954} INFO - Setting next_dagrun for timeseries_pipeline to 2025-10-08 00:00:00+00:00, run_after=2025-10-09 00:00:00+00:00
[2025-10-09T12:45:04.012+0000] {processor.py:183} INFO - Processing /opt/airflow/dags/timeseries_pipeline.py took 0.776 seconds
[2025-10-09T12:45:34.245+0000] {processor.py:161} INFO - Started process (PID=971) to work on /opt/airflow/dags/timeseries_pipeline.py
[2025-10-09T12:45:34.247+0000] {processor.py:830} INFO - Processing file /opt/airflow/dags/timeseries_pipeline.py for tasks to queue
[2025-10-09T12:45:34.248+0000] {logging_mixin.py:188} INFO - [2025-10-09T12:45:34.248+0000] {dagbag.py:545} INFO - Filling up the DagBag from /opt/airflow/dags/timeseries_pipeline.py
[2025-10-09T12:45:34.979+0000] {processor.py:840} INFO - DAG(s) 'timeseries_pipeline' retrieved from /opt/airflow/dags/timeseries_pipeline.py
[2025-10-09T12:45:35.006+0000] {logging_mixin.py:188} INFO - [2025-10-09T12:45:35.004+0000] {dag.py:3096} INFO - Sync 1 DAGs
[2025-10-09T12:45:35.035+0000] {logging_mixin.py:188} INFO - [2025-10-09T12:45:35.035+0000] {dag.py:3954} INFO - Setting next_dagrun for timeseries_pipeline to 2025-10-08 00:00:00+00:00, run_after=2025-10-09 00:00:00+00:00
[2025-10-09T12:45:35.067+0000] {processor.py:183} INFO - Processing /opt/airflow/dags/timeseries_pipeline.py took 0.826 seconds
[2025-10-09T12:46:05.218+0000] {processor.py:161} INFO - Started process (PID=983) to work on /opt/airflow/dags/timeseries_pipeline.py
[2025-10-09T12:46:05.218+0000] {processor.py:830} INFO - Processing file /opt/airflow/dags/timeseries_pipeline.py for tasks to queue
[2025-10-09T12:46:05.219+0000] {logging_mixin.py:188} INFO - [2025-10-09T12:46:05.219+0000] {dagbag.py:545} INFO - Filling up the DagBag from /opt/airflow/dags/timeseries_pipeline.py
[2025-10-09T12:46:05.955+0000] {processor.py:840} INFO - DAG(s) 'timeseries_pipeline' retrieved from /opt/airflow/dags/timeseries_pipeline.py
[2025-10-09T12:46:05.987+0000] {logging_mixin.py:188} INFO - [2025-10-09T12:46:05.986+0000] {dag.py:3096} INFO - Sync 1 DAGs
[2025-10-09T12:46:06.016+0000] {logging_mixin.py:188} INFO - [2025-10-09T12:46:06.016+0000] {dag.py:3954} INFO - Setting next_dagrun for timeseries_pipeline to 2025-10-08 00:00:00+00:00, run_after=2025-10-09 00:00:00+00:00
[2025-10-09T12:46:06.041+0000] {processor.py:183} INFO - Processing /opt/airflow/dags/timeseries_pipeline.py took 0.827 seconds
[2025-10-09T12:46:36.604+0000] {processor.py:161} INFO - Started process (PID=995) to work on /opt/airflow/dags/timeseries_pipeline.py
[2025-10-09T12:46:36.605+0000] {processor.py:830} INFO - Processing file /opt/airflow/dags/timeseries_pipeline.py for tasks to queue
[2025-10-09T12:46:36.606+0000] {logging_mixin.py:188} INFO - [2025-10-09T12:46:36.606+0000] {dagbag.py:545} INFO - Filling up the DagBag from /opt/airflow/dags/timeseries_pipeline.py
[2025-10-09T12:46:37.860+0000] {processor.py:840} INFO - DAG(s) 'timeseries_pipeline' retrieved from /opt/airflow/dags/timeseries_pipeline.py
[2025-10-09T12:46:37.886+0000] {logging_mixin.py:188} INFO - [2025-10-09T12:46:37.886+0000] {dag.py:3096} INFO - Sync 1 DAGs
[2025-10-09T12:46:37.904+0000] {logging_mixin.py:188} INFO - [2025-10-09T12:46:37.904+0000] {dag.py:3954} INFO - Setting next_dagrun for timeseries_pipeline to 2025-10-08 00:00:00+00:00, run_after=2025-10-09 00:00:00+00:00
[2025-10-09T12:46:37.930+0000] {processor.py:183} INFO - Processing /opt/airflow/dags/timeseries_pipeline.py took 1.332 seconds
[2025-10-09T12:47:07.994+0000] {processor.py:161} INFO - Started process (PID=1007) to work on /opt/airflow/dags/timeseries_pipeline.py
[2025-10-09T12:47:07.995+0000] {processor.py:830} INFO - Processing file /opt/airflow/dags/timeseries_pipeline.py for tasks to queue
[2025-10-09T12:47:07.996+0000] {logging_mixin.py:188} INFO - [2025-10-09T12:47:07.996+0000] {dagbag.py:545} INFO - Filling up the DagBag from /opt/airflow/dags/timeseries_pipeline.py
[2025-10-09T12:47:08.711+0000] {processor.py:840} INFO - DAG(s) 'timeseries_pipeline' retrieved from /opt/airflow/dags/timeseries_pipeline.py
[2025-10-09T12:47:08.731+0000] {logging_mixin.py:188} INFO - [2025-10-09T12:47:08.730+0000] {dag.py:3096} INFO - Sync 1 DAGs
[2025-10-09T12:47:08.748+0000] {logging_mixin.py:188} INFO - [2025-10-09T12:47:08.747+0000] {dag.py:3954} INFO - Setting next_dagrun for timeseries_pipeline to 2025-10-08 00:00:00+00:00, run_after=2025-10-09 00:00:00+00:00
[2025-10-09T12:47:08.770+0000] {processor.py:183} INFO - Processing /opt/airflow/dags/timeseries_pipeline.py took 0.780 seconds
[2025-10-09T12:47:38.943+0000] {processor.py:161} INFO - Started process (PID=1019) to work on /opt/airflow/dags/timeseries_pipeline.py
[2025-10-09T12:47:38.944+0000] {processor.py:830} INFO - Processing file /opt/airflow/dags/timeseries_pipeline.py for tasks to queue
[2025-10-09T12:47:38.947+0000] {logging_mixin.py:188} INFO - [2025-10-09T12:47:38.946+0000] {dagbag.py:545} INFO - Filling up the DagBag from /opt/airflow/dags/timeseries_pipeline.py
[2025-10-09T12:47:40.231+0000] {processor.py:840} INFO - DAG(s) 'timeseries_pipeline' retrieved from /opt/airflow/dags/timeseries_pipeline.py
[2025-10-09T12:47:40.264+0000] {logging_mixin.py:188} INFO - [2025-10-09T12:47:40.264+0000] {dag.py:3096} INFO - Sync 1 DAGs
[2025-10-09T12:47:40.283+0000] {logging_mixin.py:188} INFO - [2025-10-09T12:47:40.282+0000] {dag.py:3954} INFO - Setting next_dagrun for timeseries_pipeline to 2025-10-08 00:00:00+00:00, run_after=2025-10-09 00:00:00+00:00
[2025-10-09T12:47:40.304+0000] {processor.py:183} INFO - Processing /opt/airflow/dags/timeseries_pipeline.py took 1.366 seconds
[2025-10-09T12:48:10.406+0000] {processor.py:161} INFO - Started process (PID=1031) to work on /opt/airflow/dags/timeseries_pipeline.py
[2025-10-09T12:48:10.407+0000] {processor.py:830} INFO - Processing file /opt/airflow/dags/timeseries_pipeline.py for tasks to queue
[2025-10-09T12:48:10.408+0000] {logging_mixin.py:188} INFO - [2025-10-09T12:48:10.407+0000] {dagbag.py:545} INFO - Filling up the DagBag from /opt/airflow/dags/timeseries_pipeline.py
[2025-10-09T12:48:11.135+0000] {processor.py:840} INFO - DAG(s) 'timeseries_pipeline' retrieved from /opt/airflow/dags/timeseries_pipeline.py
[2025-10-09T12:48:11.159+0000] {logging_mixin.py:188} INFO - [2025-10-09T12:48:11.159+0000] {dag.py:3096} INFO - Sync 1 DAGs
[2025-10-09T12:48:11.175+0000] {logging_mixin.py:188} INFO - [2025-10-09T12:48:11.175+0000] {dag.py:3954} INFO - Setting next_dagrun for timeseries_pipeline to 2025-10-08 00:00:00+00:00, run_after=2025-10-09 00:00:00+00:00
[2025-10-09T12:48:11.197+0000] {processor.py:183} INFO - Processing /opt/airflow/dags/timeseries_pipeline.py took 0.795 seconds
[2025-10-09T12:48:41.726+0000] {processor.py:161} INFO - Started process (PID=1043) to work on /opt/airflow/dags/timeseries_pipeline.py
[2025-10-09T12:48:41.727+0000] {processor.py:830} INFO - Processing file /opt/airflow/dags/timeseries_pipeline.py for tasks to queue
[2025-10-09T12:48:41.728+0000] {logging_mixin.py:188} INFO - [2025-10-09T12:48:41.728+0000] {dagbag.py:545} INFO - Filling up the DagBag from /opt/airflow/dags/timeseries_pipeline.py
[2025-10-09T12:48:42.500+0000] {processor.py:840} INFO - DAG(s) 'timeseries_pipeline' retrieved from /opt/airflow/dags/timeseries_pipeline.py
[2025-10-09T12:48:42.527+0000] {logging_mixin.py:188} INFO - [2025-10-09T12:48:42.527+0000] {dag.py:3096} INFO - Sync 1 DAGs
[2025-10-09T12:48:42.543+0000] {logging_mixin.py:188} INFO - [2025-10-09T12:48:42.543+0000] {dag.py:3954} INFO - Setting next_dagrun for timeseries_pipeline to 2025-10-08 00:00:00+00:00, run_after=2025-10-09 00:00:00+00:00
[2025-10-09T12:48:42.565+0000] {processor.py:183} INFO - Processing /opt/airflow/dags/timeseries_pipeline.py took 0.843 seconds
[2025-10-09T12:49:13.096+0000] {processor.py:161} INFO - Started process (PID=1055) to work on /opt/airflow/dags/timeseries_pipeline.py
[2025-10-09T12:49:13.098+0000] {processor.py:830} INFO - Processing file /opt/airflow/dags/timeseries_pipeline.py for tasks to queue
[2025-10-09T12:49:13.099+0000] {logging_mixin.py:188} INFO - [2025-10-09T12:49:13.099+0000] {dagbag.py:545} INFO - Filling up the DagBag from /opt/airflow/dags/timeseries_pipeline.py
[2025-10-09T12:49:13.814+0000] {processor.py:840} INFO - DAG(s) 'timeseries_pipeline' retrieved from /opt/airflow/dags/timeseries_pipeline.py
[2025-10-09T12:49:13.838+0000] {logging_mixin.py:188} INFO - [2025-10-09T12:49:13.838+0000] {dag.py:3096} INFO - Sync 1 DAGs
[2025-10-09T12:49:13.864+0000] {logging_mixin.py:188} INFO - [2025-10-09T12:49:13.864+0000] {dag.py:3954} INFO - Setting next_dagrun for timeseries_pipeline to 2025-10-08 00:00:00+00:00, run_after=2025-10-09 00:00:00+00:00
[2025-10-09T12:49:13.891+0000] {processor.py:183} INFO - Processing /opt/airflow/dags/timeseries_pipeline.py took 0.799 seconds
[2025-10-09T12:49:44.089+0000] {processor.py:161} INFO - Started process (PID=1067) to work on /opt/airflow/dags/timeseries_pipeline.py
[2025-10-09T12:49:44.091+0000] {processor.py:830} INFO - Processing file /opt/airflow/dags/timeseries_pipeline.py for tasks to queue
[2025-10-09T12:49:44.092+0000] {logging_mixin.py:188} INFO - [2025-10-09T12:49:44.091+0000] {dagbag.py:545} INFO - Filling up the DagBag from /opt/airflow/dags/timeseries_pipeline.py
[2025-10-09T12:49:45.501+0000] {processor.py:840} INFO - DAG(s) 'timeseries_pipeline' retrieved from /opt/airflow/dags/timeseries_pipeline.py
[2025-10-09T12:49:45.530+0000] {logging_mixin.py:188} INFO - [2025-10-09T12:49:45.529+0000] {dag.py:3096} INFO - Sync 1 DAGs
[2025-10-09T12:49:45.549+0000] {logging_mixin.py:188} INFO - [2025-10-09T12:49:45.549+0000] {dag.py:3954} INFO - Setting next_dagrun for timeseries_pipeline to 2025-10-08 00:00:00+00:00, run_after=2025-10-09 00:00:00+00:00
[2025-10-09T12:49:45.569+0000] {processor.py:183} INFO - Processing /opt/airflow/dags/timeseries_pipeline.py took 1.488 seconds
[2025-10-09T12:50:16.523+0000] {processor.py:161} INFO - Started process (PID=1079) to work on /opt/airflow/dags/timeseries_pipeline.py
[2025-10-09T12:50:16.523+0000] {processor.py:830} INFO - Processing file /opt/airflow/dags/timeseries_pipeline.py for tasks to queue
[2025-10-09T12:50:16.524+0000] {logging_mixin.py:188} INFO - [2025-10-09T12:50:16.524+0000] {dagbag.py:545} INFO - Filling up the DagBag from /opt/airflow/dags/timeseries_pipeline.py
[2025-10-09T12:50:17.157+0000] {processor.py:840} INFO - DAG(s) 'timeseries_pipeline' retrieved from /opt/airflow/dags/timeseries_pipeline.py
[2025-10-09T12:50:17.177+0000] {logging_mixin.py:188} INFO - [2025-10-09T12:50:17.177+0000] {dag.py:3096} INFO - Sync 1 DAGs
[2025-10-09T12:50:17.193+0000] {logging_mixin.py:188} INFO - [2025-10-09T12:50:17.193+0000] {dag.py:3954} INFO - Setting next_dagrun for timeseries_pipeline to 2025-10-08 00:00:00+00:00, run_after=2025-10-09 00:00:00+00:00
[2025-10-09T12:50:17.212+0000] {processor.py:183} INFO - Processing /opt/airflow/dags/timeseries_pipeline.py took 0.693 seconds
[2025-10-09T12:50:47.494+0000] {processor.py:161} INFO - Started process (PID=1091) to work on /opt/airflow/dags/timeseries_pipeline.py
[2025-10-09T12:50:47.495+0000] {processor.py:830} INFO - Processing file /opt/airflow/dags/timeseries_pipeline.py for tasks to queue
[2025-10-09T12:50:47.495+0000] {logging_mixin.py:188} INFO - [2025-10-09T12:50:47.495+0000] {dagbag.py:545} INFO - Filling up the DagBag from /opt/airflow/dags/timeseries_pipeline.py
[2025-10-09T12:50:48.866+0000] {processor.py:840} INFO - DAG(s) 'timeseries_pipeline' retrieved from /opt/airflow/dags/timeseries_pipeline.py
[2025-10-09T12:50:48.898+0000] {logging_mixin.py:188} INFO - [2025-10-09T12:50:48.898+0000] {dag.py:3096} INFO - Sync 1 DAGs
[2025-10-09T12:50:48.924+0000] {logging_mixin.py:188} INFO - [2025-10-09T12:50:48.924+0000] {dag.py:3954} INFO - Setting next_dagrun for timeseries_pipeline to 2025-10-08 00:00:00+00:00, run_after=2025-10-09 00:00:00+00:00
[2025-10-09T12:50:48.953+0000] {processor.py:183} INFO - Processing /opt/airflow/dags/timeseries_pipeline.py took 1.464 seconds
[2025-10-09T12:51:19.799+0000] {processor.py:161} INFO - Started process (PID=1103) to work on /opt/airflow/dags/timeseries_pipeline.py
[2025-10-09T12:51:19.800+0000] {processor.py:830} INFO - Processing file /opt/airflow/dags/timeseries_pipeline.py for tasks to queue
[2025-10-09T12:51:19.801+0000] {logging_mixin.py:188} INFO - [2025-10-09T12:51:19.801+0000] {dagbag.py:545} INFO - Filling up the DagBag from /opt/airflow/dags/timeseries_pipeline.py
[2025-10-09T12:51:20.528+0000] {processor.py:840} INFO - DAG(s) 'timeseries_pipeline' retrieved from /opt/airflow/dags/timeseries_pipeline.py
[2025-10-09T12:51:20.560+0000] {logging_mixin.py:188} INFO - [2025-10-09T12:51:20.559+0000] {dag.py:3096} INFO - Sync 1 DAGs
[2025-10-09T12:51:20.582+0000] {logging_mixin.py:188} INFO - [2025-10-09T12:51:20.582+0000] {dag.py:3954} INFO - Setting next_dagrun for timeseries_pipeline to 2025-10-08 00:00:00+00:00, run_after=2025-10-09 00:00:00+00:00
[2025-10-09T12:51:20.608+0000] {processor.py:183} INFO - Processing /opt/airflow/dags/timeseries_pipeline.py took 0.813 seconds
[2025-10-09T12:51:50.723+0000] {processor.py:161} INFO - Started process (PID=1115) to work on /opt/airflow/dags/timeseries_pipeline.py
[2025-10-09T12:51:50.724+0000] {processor.py:830} INFO - Processing file /opt/airflow/dags/timeseries_pipeline.py for tasks to queue
[2025-10-09T12:51:50.725+0000] {logging_mixin.py:188} INFO - [2025-10-09T12:51:50.725+0000] {dagbag.py:545} INFO - Filling up the DagBag from /opt/airflow/dags/timeseries_pipeline.py
[2025-10-09T12:51:51.850+0000] {processor.py:840} INFO - DAG(s) 'timeseries_pipeline' retrieved from /opt/airflow/dags/timeseries_pipeline.py
[2025-10-09T12:51:51.872+0000] {logging_mixin.py:188} INFO - [2025-10-09T12:51:51.872+0000] {dag.py:3096} INFO - Sync 1 DAGs
[2025-10-09T12:51:51.886+0000] {logging_mixin.py:188} INFO - [2025-10-09T12:51:51.886+0000] {dag.py:3954} INFO - Setting next_dagrun for timeseries_pipeline to 2025-10-08 00:00:00+00:00, run_after=2025-10-09 00:00:00+00:00
[2025-10-09T12:51:51.905+0000] {processor.py:183} INFO - Processing /opt/airflow/dags/timeseries_pipeline.py took 1.190 seconds
[2025-10-09T12:52:22.498+0000] {processor.py:161} INFO - Started process (PID=1127) to work on /opt/airflow/dags/timeseries_pipeline.py
[2025-10-09T12:52:22.499+0000] {processor.py:830} INFO - Processing file /opt/airflow/dags/timeseries_pipeline.py for tasks to queue
[2025-10-09T12:52:22.500+0000] {logging_mixin.py:188} INFO - [2025-10-09T12:52:22.499+0000] {dagbag.py:545} INFO - Filling up the DagBag from /opt/airflow/dags/timeseries_pipeline.py
[2025-10-09T12:52:23.155+0000] {processor.py:840} INFO - DAG(s) 'timeseries_pipeline' retrieved from /opt/airflow/dags/timeseries_pipeline.py
[2025-10-09T12:52:23.192+0000] {logging_mixin.py:188} INFO - [2025-10-09T12:52:23.191+0000] {dag.py:3096} INFO - Sync 1 DAGs
[2025-10-09T12:52:23.221+0000] {logging_mixin.py:188} INFO - [2025-10-09T12:52:23.220+0000] {dag.py:3954} INFO - Setting next_dagrun for timeseries_pipeline to 2025-10-08 00:00:00+00:00, run_after=2025-10-09 00:00:00+00:00
[2025-10-09T12:52:23.252+0000] {processor.py:183} INFO - Processing /opt/airflow/dags/timeseries_pipeline.py took 0.758 seconds
[2025-10-09T12:52:53.673+0000] {processor.py:161} INFO - Started process (PID=1139) to work on /opt/airflow/dags/timeseries_pipeline.py
[2025-10-09T12:52:53.673+0000] {processor.py:830} INFO - Processing file /opt/airflow/dags/timeseries_pipeline.py for tasks to queue
[2025-10-09T12:52:53.674+0000] {logging_mixin.py:188} INFO - [2025-10-09T12:52:53.674+0000] {dagbag.py:545} INFO - Filling up the DagBag from /opt/airflow/dags/timeseries_pipeline.py
[2025-10-09T12:52:54.813+0000] {processor.py:840} INFO - DAG(s) 'timeseries_pipeline' retrieved from /opt/airflow/dags/timeseries_pipeline.py
[2025-10-09T12:52:54.843+0000] {logging_mixin.py:188} INFO - [2025-10-09T12:52:54.842+0000] {dag.py:3096} INFO - Sync 1 DAGs
[2025-10-09T12:52:54.857+0000] {logging_mixin.py:188} INFO - [2025-10-09T12:52:54.857+0000] {dag.py:3954} INFO - Setting next_dagrun for timeseries_pipeline to 2025-10-08 00:00:00+00:00, run_after=2025-10-09 00:00:00+00:00
[2025-10-09T12:52:54.875+0000] {processor.py:183} INFO - Processing /opt/airflow/dags/timeseries_pipeline.py took 1.207 seconds
[2025-10-09T12:53:24.966+0000] {processor.py:161} INFO - Started process (PID=1151) to work on /opt/airflow/dags/timeseries_pipeline.py
[2025-10-09T12:53:24.966+0000] {processor.py:830} INFO - Processing file /opt/airflow/dags/timeseries_pipeline.py for tasks to queue
[2025-10-09T12:53:24.967+0000] {logging_mixin.py:188} INFO - [2025-10-09T12:53:24.967+0000] {dagbag.py:545} INFO - Filling up the DagBag from /opt/airflow/dags/timeseries_pipeline.py
[2025-10-09T12:53:25.653+0000] {processor.py:840} INFO - DAG(s) 'timeseries_pipeline' retrieved from /opt/airflow/dags/timeseries_pipeline.py
[2025-10-09T12:53:25.687+0000] {logging_mixin.py:188} INFO - [2025-10-09T12:53:25.687+0000] {dag.py:3096} INFO - Sync 1 DAGs
[2025-10-09T12:53:25.716+0000] {logging_mixin.py:188} INFO - [2025-10-09T12:53:25.716+0000] {dag.py:3954} INFO - Setting next_dagrun for timeseries_pipeline to 2025-10-08 00:00:00+00:00, run_after=2025-10-09 00:00:00+00:00
[2025-10-09T12:53:25.740+0000] {processor.py:183} INFO - Processing /opt/airflow/dags/timeseries_pipeline.py took 0.779 seconds
[2025-10-09T12:53:55.879+0000] {processor.py:161} INFO - Started process (PID=1163) to work on /opt/airflow/dags/timeseries_pipeline.py
[2025-10-09T12:53:55.880+0000] {processor.py:830} INFO - Processing file /opt/airflow/dags/timeseries_pipeline.py for tasks to queue
[2025-10-09T12:53:55.881+0000] {logging_mixin.py:188} INFO - [2025-10-09T12:53:55.880+0000] {dagbag.py:545} INFO - Filling up the DagBag from /opt/airflow/dags/timeseries_pipeline.py
[2025-10-09T12:53:56.530+0000] {processor.py:840} INFO - DAG(s) 'timeseries_pipeline' retrieved from /opt/airflow/dags/timeseries_pipeline.py
[2025-10-09T12:53:56.549+0000] {logging_mixin.py:188} INFO - [2025-10-09T12:53:56.549+0000] {dag.py:3096} INFO - Sync 1 DAGs
[2025-10-09T12:53:56.564+0000] {logging_mixin.py:188} INFO - [2025-10-09T12:53:56.564+0000] {dag.py:3954} INFO - Setting next_dagrun for timeseries_pipeline to 2025-10-08 00:00:00+00:00, run_after=2025-10-09 00:00:00+00:00
[2025-10-09T12:53:56.583+0000] {processor.py:183} INFO - Processing /opt/airflow/dags/timeseries_pipeline.py took 0.708 seconds
[2025-10-09T12:54:27.188+0000] {processor.py:161} INFO - Started process (PID=1175) to work on /opt/airflow/dags/timeseries_pipeline.py
[2025-10-09T12:54:27.189+0000] {processor.py:830} INFO - Processing file /opt/airflow/dags/timeseries_pipeline.py for tasks to queue
[2025-10-09T12:54:27.190+0000] {logging_mixin.py:188} INFO - [2025-10-09T12:54:27.190+0000] {dagbag.py:545} INFO - Filling up the DagBag from /opt/airflow/dags/timeseries_pipeline.py
[2025-10-09T12:54:27.933+0000] {processor.py:840} INFO - DAG(s) 'timeseries_pipeline' retrieved from /opt/airflow/dags/timeseries_pipeline.py
[2025-10-09T12:54:27.961+0000] {logging_mixin.py:188} INFO - [2025-10-09T12:54:27.960+0000] {dag.py:3096} INFO - Sync 1 DAGs
[2025-10-09T12:54:27.982+0000] {logging_mixin.py:188} INFO - [2025-10-09T12:54:27.982+0000] {dag.py:3954} INFO - Setting next_dagrun for timeseries_pipeline to 2025-10-08 00:00:00+00:00, run_after=2025-10-09 00:00:00+00:00
[2025-10-09T12:54:28.007+0000] {processor.py:183} INFO - Processing /opt/airflow/dags/timeseries_pipeline.py took 0.823 seconds
[2025-10-09T12:54:58.492+0000] {processor.py:161} INFO - Started process (PID=1187) to work on /opt/airflow/dags/timeseries_pipeline.py
[2025-10-09T12:54:58.493+0000] {processor.py:830} INFO - Processing file /opt/airflow/dags/timeseries_pipeline.py for tasks to queue
[2025-10-09T12:54:58.494+0000] {logging_mixin.py:188} INFO - [2025-10-09T12:54:58.494+0000] {dagbag.py:545} INFO - Filling up the DagBag from /opt/airflow/dags/timeseries_pipeline.py
[2025-10-09T12:54:59.217+0000] {processor.py:840} INFO - DAG(s) 'timeseries_pipeline' retrieved from /opt/airflow/dags/timeseries_pipeline.py
[2025-10-09T12:54:59.243+0000] {logging_mixin.py:188} INFO - [2025-10-09T12:54:59.243+0000] {dag.py:3096} INFO - Sync 1 DAGs
[2025-10-09T12:54:59.265+0000] {logging_mixin.py:188} INFO - [2025-10-09T12:54:59.265+0000] {dag.py:3954} INFO - Setting next_dagrun for timeseries_pipeline to 2025-10-08 00:00:00+00:00, run_after=2025-10-09 00:00:00+00:00
[2025-10-09T12:54:59.292+0000] {processor.py:183} INFO - Processing /opt/airflow/dags/timeseries_pipeline.py took 0.804 seconds
[2025-10-09T12:55:29.751+0000] {processor.py:161} INFO - Started process (PID=1199) to work on /opt/airflow/dags/timeseries_pipeline.py
[2025-10-09T12:55:29.751+0000] {processor.py:830} INFO - Processing file /opt/airflow/dags/timeseries_pipeline.py for tasks to queue
[2025-10-09T12:55:29.752+0000] {logging_mixin.py:188} INFO - [2025-10-09T12:55:29.752+0000] {dagbag.py:545} INFO - Filling up the DagBag from /opt/airflow/dags/timeseries_pipeline.py
[2025-10-09T12:55:30.450+0000] {processor.py:840} INFO - DAG(s) 'timeseries_pipeline' retrieved from /opt/airflow/dags/timeseries_pipeline.py
[2025-10-09T12:55:30.480+0000] {logging_mixin.py:188} INFO - [2025-10-09T12:55:30.480+0000] {dag.py:3096} INFO - Sync 1 DAGs
[2025-10-09T12:55:30.500+0000] {logging_mixin.py:188} INFO - [2025-10-09T12:55:30.499+0000] {dag.py:3954} INFO - Setting next_dagrun for timeseries_pipeline to 2025-10-08 00:00:00+00:00, run_after=2025-10-09 00:00:00+00:00
[2025-10-09T12:55:30.523+0000] {processor.py:183} INFO - Processing /opt/airflow/dags/timeseries_pipeline.py took 0.777 seconds
[2025-10-09T12:56:00.767+0000] {processor.py:161} INFO - Started process (PID=1211) to work on /opt/airflow/dags/timeseries_pipeline.py
[2025-10-09T12:56:00.768+0000] {processor.py:830} INFO - Processing file /opt/airflow/dags/timeseries_pipeline.py for tasks to queue
[2025-10-09T12:56:00.769+0000] {logging_mixin.py:188} INFO - [2025-10-09T12:56:00.768+0000] {dagbag.py:545} INFO - Filling up the DagBag from /opt/airflow/dags/timeseries_pipeline.py
[2025-10-09T12:56:01.430+0000] {processor.py:840} INFO - DAG(s) 'timeseries_pipeline' retrieved from /opt/airflow/dags/timeseries_pipeline.py
[2025-10-09T12:56:01.465+0000] {logging_mixin.py:188} INFO - [2025-10-09T12:56:01.464+0000] {dag.py:3096} INFO - Sync 1 DAGs
[2025-10-09T12:56:01.486+0000] {logging_mixin.py:188} INFO - [2025-10-09T12:56:01.485+0000] {dag.py:3954} INFO - Setting next_dagrun for timeseries_pipeline to 2025-10-08 00:00:00+00:00, run_after=2025-10-09 00:00:00+00:00
[2025-10-09T12:56:01.507+0000] {processor.py:183} INFO - Processing /opt/airflow/dags/timeseries_pipeline.py took 0.744 seconds
[2025-10-09T12:56:32.110+0000] {processor.py:161} INFO - Started process (PID=1223) to work on /opt/airflow/dags/timeseries_pipeline.py
[2025-10-09T12:56:32.110+0000] {processor.py:830} INFO - Processing file /opt/airflow/dags/timeseries_pipeline.py for tasks to queue
[2025-10-09T12:56:32.111+0000] {logging_mixin.py:188} INFO - [2025-10-09T12:56:32.111+0000] {dagbag.py:545} INFO - Filling up the DagBag from /opt/airflow/dags/timeseries_pipeline.py
[2025-10-09T12:56:32.748+0000] {processor.py:840} INFO - DAG(s) 'timeseries_pipeline' retrieved from /opt/airflow/dags/timeseries_pipeline.py
[2025-10-09T12:56:32.769+0000] {logging_mixin.py:188} INFO - [2025-10-09T12:56:32.769+0000] {dag.py:3096} INFO - Sync 1 DAGs
[2025-10-09T12:56:32.784+0000] {logging_mixin.py:188} INFO - [2025-10-09T12:56:32.784+0000] {dag.py:3954} INFO - Setting next_dagrun for timeseries_pipeline to 2025-10-08 00:00:00+00:00, run_after=2025-10-09 00:00:00+00:00
[2025-10-09T12:56:32.806+0000] {processor.py:183} INFO - Processing /opt/airflow/dags/timeseries_pipeline.py took 0.701 seconds
[2025-10-09T12:57:03.652+0000] {processor.py:161} INFO - Started process (PID=1235) to work on /opt/airflow/dags/timeseries_pipeline.py
[2025-10-09T12:57:03.653+0000] {processor.py:830} INFO - Processing file /opt/airflow/dags/timeseries_pipeline.py for tasks to queue
[2025-10-09T12:57:03.654+0000] {logging_mixin.py:188} INFO - [2025-10-09T12:57:03.653+0000] {dagbag.py:545} INFO - Filling up the DagBag from /opt/airflow/dags/timeseries_pipeline.py
[2025-10-09T12:57:04.364+0000] {processor.py:840} INFO - DAG(s) 'timeseries_pipeline' retrieved from /opt/airflow/dags/timeseries_pipeline.py
[2025-10-09T12:57:04.387+0000] {logging_mixin.py:188} INFO - [2025-10-09T12:57:04.386+0000] {dag.py:3096} INFO - Sync 1 DAGs
[2025-10-09T12:57:04.403+0000] {logging_mixin.py:188} INFO - [2025-10-09T12:57:04.403+0000] {dag.py:3954} INFO - Setting next_dagrun for timeseries_pipeline to 2025-10-08 00:00:00+00:00, run_after=2025-10-09 00:00:00+00:00
[2025-10-09T12:57:04.420+0000] {processor.py:183} INFO - Processing /opt/airflow/dags/timeseries_pipeline.py took 0.774 seconds
[2025-10-09T12:57:34.961+0000] {processor.py:161} INFO - Started process (PID=1247) to work on /opt/airflow/dags/timeseries_pipeline.py
[2025-10-09T12:57:34.962+0000] {processor.py:830} INFO - Processing file /opt/airflow/dags/timeseries_pipeline.py for tasks to queue
[2025-10-09T12:57:34.962+0000] {logging_mixin.py:188} INFO - [2025-10-09T12:57:34.962+0000] {dagbag.py:545} INFO - Filling up the DagBag from /opt/airflow/dags/timeseries_pipeline.py
[2025-10-09T12:57:36.407+0000] {processor.py:840} INFO - DAG(s) 'timeseries_pipeline' retrieved from /opt/airflow/dags/timeseries_pipeline.py
[2025-10-09T12:57:36.442+0000] {logging_mixin.py:188} INFO - [2025-10-09T12:57:36.442+0000] {dag.py:3096} INFO - Sync 1 DAGs
[2025-10-09T12:57:36.462+0000] {logging_mixin.py:188} INFO - [2025-10-09T12:57:36.462+0000] {dag.py:3954} INFO - Setting next_dagrun for timeseries_pipeline to 2025-10-08 00:00:00+00:00, run_after=2025-10-09 00:00:00+00:00
[2025-10-09T12:57:36.483+0000] {processor.py:183} INFO - Processing /opt/airflow/dags/timeseries_pipeline.py took 1.527 seconds
[2025-10-09T12:58:06.660+0000] {processor.py:161} INFO - Started process (PID=1259) to work on /opt/airflow/dags/timeseries_pipeline.py
[2025-10-09T12:58:06.660+0000] {processor.py:830} INFO - Processing file /opt/airflow/dags/timeseries_pipeline.py for tasks to queue
[2025-10-09T12:58:06.661+0000] {logging_mixin.py:188} INFO - [2025-10-09T12:58:06.661+0000] {dagbag.py:545} INFO - Filling up the DagBag from /opt/airflow/dags/timeseries_pipeline.py
[2025-10-09T12:58:07.292+0000] {processor.py:840} INFO - DAG(s) 'timeseries_pipeline' retrieved from /opt/airflow/dags/timeseries_pipeline.py
[2025-10-09T12:58:07.318+0000] {logging_mixin.py:188} INFO - [2025-10-09T12:58:07.318+0000] {dag.py:3096} INFO - Sync 1 DAGs
[2025-10-09T12:58:07.339+0000] {logging_mixin.py:188} INFO - [2025-10-09T12:58:07.339+0000] {dag.py:3954} INFO - Setting next_dagrun for timeseries_pipeline to 2025-10-08 00:00:00+00:00, run_after=2025-10-09 00:00:00+00:00
[2025-10-09T12:58:07.364+0000] {processor.py:183} INFO - Processing /opt/airflow/dags/timeseries_pipeline.py took 0.708 seconds
[2025-10-09T12:58:37.928+0000] {processor.py:161} INFO - Started process (PID=1271) to work on /opt/airflow/dags/timeseries_pipeline.py
[2025-10-09T12:58:37.928+0000] {processor.py:830} INFO - Processing file /opt/airflow/dags/timeseries_pipeline.py for tasks to queue
[2025-10-09T12:58:37.929+0000] {logging_mixin.py:188} INFO - [2025-10-09T12:58:37.929+0000] {dagbag.py:545} INFO - Filling up the DagBag from /opt/airflow/dags/timeseries_pipeline.py
[2025-10-09T12:58:38.582+0000] {processor.py:840} INFO - DAG(s) 'timeseries_pipeline' retrieved from /opt/airflow/dags/timeseries_pipeline.py
[2025-10-09T12:58:38.608+0000] {logging_mixin.py:188} INFO - [2025-10-09T12:58:38.608+0000] {dag.py:3096} INFO - Sync 1 DAGs
[2025-10-09T12:58:38.627+0000] {logging_mixin.py:188} INFO - [2025-10-09T12:58:38.627+0000] {dag.py:3954} INFO - Setting next_dagrun for timeseries_pipeline to 2025-10-08 00:00:00+00:00, run_after=2025-10-09 00:00:00+00:00
[2025-10-09T12:58:38.653+0000] {processor.py:183} INFO - Processing /opt/airflow/dags/timeseries_pipeline.py took 0.729 seconds
[2025-10-09T12:59:09.410+0000] {processor.py:161} INFO - Started process (PID=1283) to work on /opt/airflow/dags/timeseries_pipeline.py
[2025-10-09T12:59:09.410+0000] {processor.py:830} INFO - Processing file /opt/airflow/dags/timeseries_pipeline.py for tasks to queue
[2025-10-09T12:59:09.411+0000] {logging_mixin.py:188} INFO - [2025-10-09T12:59:09.411+0000] {dagbag.py:545} INFO - Filling up the DagBag from /opt/airflow/dags/timeseries_pipeline.py
[2025-10-09T12:59:10.505+0000] {processor.py:840} INFO - DAG(s) 'timeseries_pipeline' retrieved from /opt/airflow/dags/timeseries_pipeline.py
[2025-10-09T12:59:10.528+0000] {logging_mixin.py:188} INFO - [2025-10-09T12:59:10.527+0000] {dag.py:3096} INFO - Sync 1 DAGs
[2025-10-09T12:59:10.544+0000] {logging_mixin.py:188} INFO - [2025-10-09T12:59:10.544+0000] {dag.py:3954} INFO - Setting next_dagrun for timeseries_pipeline to 2025-10-08 00:00:00+00:00, run_after=2025-10-09 00:00:00+00:00
[2025-10-09T12:59:10.567+0000] {processor.py:183} INFO - Processing /opt/airflow/dags/timeseries_pipeline.py took 1.163 seconds
[2025-10-09T12:59:40.757+0000] {processor.py:161} INFO - Started process (PID=1295) to work on /opt/airflow/dags/timeseries_pipeline.py
[2025-10-09T12:59:40.757+0000] {processor.py:830} INFO - Processing file /opt/airflow/dags/timeseries_pipeline.py for tasks to queue
[2025-10-09T12:59:40.759+0000] {logging_mixin.py:188} INFO - [2025-10-09T12:59:40.758+0000] {dagbag.py:545} INFO - Filling up the DagBag from /opt/airflow/dags/timeseries_pipeline.py
[2025-10-09T12:59:41.397+0000] {processor.py:840} INFO - DAG(s) 'timeseries_pipeline' retrieved from /opt/airflow/dags/timeseries_pipeline.py
[2025-10-09T12:59:41.415+0000] {logging_mixin.py:188} INFO - [2025-10-09T12:59:41.414+0000] {dag.py:3096} INFO - Sync 1 DAGs
[2025-10-09T12:59:41.445+0000] {logging_mixin.py:188} INFO - [2025-10-09T12:59:41.444+0000] {dag.py:3954} INFO - Setting next_dagrun for timeseries_pipeline to 2025-10-08 00:00:00+00:00, run_after=2025-10-09 00:00:00+00:00
[2025-10-09T12:59:41.469+0000] {processor.py:183} INFO - Processing /opt/airflow/dags/timeseries_pipeline.py took 0.717 seconds
[2025-10-09T13:00:11.530+0000] {processor.py:161} INFO - Started process (PID=1307) to work on /opt/airflow/dags/timeseries_pipeline.py
[2025-10-09T13:00:11.531+0000] {processor.py:830} INFO - Processing file /opt/airflow/dags/timeseries_pipeline.py for tasks to queue
[2025-10-09T13:00:11.532+0000] {logging_mixin.py:188} INFO - [2025-10-09T13:00:11.532+0000] {dagbag.py:545} INFO - Filling up the DagBag from /opt/airflow/dags/timeseries_pipeline.py
[2025-10-09T13:00:12.188+0000] {processor.py:840} INFO - DAG(s) 'timeseries_pipeline' retrieved from /opt/airflow/dags/timeseries_pipeline.py
[2025-10-09T13:00:12.217+0000] {logging_mixin.py:188} INFO - [2025-10-09T13:00:12.217+0000] {dag.py:3096} INFO - Sync 1 DAGs
[2025-10-09T13:00:12.233+0000] {logging_mixin.py:188} INFO - [2025-10-09T13:00:12.233+0000] {dag.py:3954} INFO - Setting next_dagrun for timeseries_pipeline to 2025-10-08 00:00:00+00:00, run_after=2025-10-09 00:00:00+00:00
[2025-10-09T13:00:12.253+0000] {processor.py:183} INFO - Processing /opt/airflow/dags/timeseries_pipeline.py took 0.728 seconds
[2025-10-09T13:00:42.855+0000] {processor.py:161} INFO - Started process (PID=1319) to work on /opt/airflow/dags/timeseries_pipeline.py
[2025-10-09T13:00:42.855+0000] {processor.py:830} INFO - Processing file /opt/airflow/dags/timeseries_pipeline.py for tasks to queue
[2025-10-09T13:00:42.856+0000] {logging_mixin.py:188} INFO - [2025-10-09T13:00:42.856+0000] {dagbag.py:545} INFO - Filling up the DagBag from /opt/airflow/dags/timeseries_pipeline.py
[2025-10-09T13:00:43.924+0000] {processor.py:840} INFO - DAG(s) 'timeseries_pipeline' retrieved from /opt/airflow/dags/timeseries_pipeline.py
[2025-10-09T13:00:43.946+0000] {logging_mixin.py:188} INFO - [2025-10-09T13:00:43.946+0000] {dag.py:3096} INFO - Sync 1 DAGs
[2025-10-09T13:00:43.961+0000] {logging_mixin.py:188} INFO - [2025-10-09T13:00:43.961+0000] {dag.py:3954} INFO - Setting next_dagrun for timeseries_pipeline to 2025-10-08 00:00:00+00:00, run_after=2025-10-09 00:00:00+00:00
[2025-10-09T13:00:43.978+0000] {processor.py:183} INFO - Processing /opt/airflow/dags/timeseries_pipeline.py took 1.128 seconds
[2025-10-09T13:01:14.365+0000] {processor.py:161} INFO - Started process (PID=1331) to work on /opt/airflow/dags/timeseries_pipeline.py
[2025-10-09T13:01:14.366+0000] {processor.py:830} INFO - Processing file /opt/airflow/dags/timeseries_pipeline.py for tasks to queue
[2025-10-09T13:01:14.367+0000] {logging_mixin.py:188} INFO - [2025-10-09T13:01:14.367+0000] {dagbag.py:545} INFO - Filling up the DagBag from /opt/airflow/dags/timeseries_pipeline.py
[2025-10-09T13:01:15.012+0000] {processor.py:840} INFO - DAG(s) 'timeseries_pipeline' retrieved from /opt/airflow/dags/timeseries_pipeline.py
[2025-10-09T13:01:15.033+0000] {logging_mixin.py:188} INFO - [2025-10-09T13:01:15.033+0000] {dag.py:3096} INFO - Sync 1 DAGs
[2025-10-09T13:01:15.046+0000] {logging_mixin.py:188} INFO - [2025-10-09T13:01:15.046+0000] {dag.py:3954} INFO - Setting next_dagrun for timeseries_pipeline to 2025-10-08 00:00:00+00:00, run_after=2025-10-09 00:00:00+00:00
[2025-10-09T13:01:15.066+0000] {processor.py:183} INFO - Processing /opt/airflow/dags/timeseries_pipeline.py took 0.704 seconds
[2025-10-09T13:01:45.586+0000] {processor.py:161} INFO - Started process (PID=1343) to work on /opt/airflow/dags/timeseries_pipeline.py
[2025-10-09T13:01:45.587+0000] {processor.py:830} INFO - Processing file /opt/airflow/dags/timeseries_pipeline.py for tasks to queue
[2025-10-09T13:01:45.589+0000] {logging_mixin.py:188} INFO - [2025-10-09T13:01:45.588+0000] {dagbag.py:545} INFO - Filling up the DagBag from /opt/airflow/dags/timeseries_pipeline.py
[2025-10-09T13:01:46.277+0000] {processor.py:840} INFO - DAG(s) 'timeseries_pipeline' retrieved from /opt/airflow/dags/timeseries_pipeline.py
[2025-10-09T13:01:46.298+0000] {logging_mixin.py:188} INFO - [2025-10-09T13:01:46.297+0000] {dag.py:3096} INFO - Sync 1 DAGs
[2025-10-09T13:01:46.313+0000] {logging_mixin.py:188} INFO - [2025-10-09T13:01:46.313+0000] {dag.py:3954} INFO - Setting next_dagrun for timeseries_pipeline to 2025-10-08 00:00:00+00:00, run_after=2025-10-09 00:00:00+00:00
[2025-10-09T13:01:46.331+0000] {processor.py:183} INFO - Processing /opt/airflow/dags/timeseries_pipeline.py took 0.749 seconds
[2025-10-09T13:02:16.503+0000] {processor.py:161} INFO - Started process (PID=1355) to work on /opt/airflow/dags/timeseries_pipeline.py
[2025-10-09T13:02:16.505+0000] {processor.py:830} INFO - Processing file /opt/airflow/dags/timeseries_pipeline.py for tasks to queue
[2025-10-09T13:02:16.506+0000] {logging_mixin.py:188} INFO - [2025-10-09T13:02:16.506+0000] {dagbag.py:545} INFO - Filling up the DagBag from /opt/airflow/dags/timeseries_pipeline.py
[2025-10-09T13:02:17.660+0000] {processor.py:840} INFO - DAG(s) 'timeseries_pipeline' retrieved from /opt/airflow/dags/timeseries_pipeline.py
[2025-10-09T13:02:17.688+0000] {logging_mixin.py:188} INFO - [2025-10-09T13:02:17.687+0000] {dag.py:3096} INFO - Sync 1 DAGs
[2025-10-09T13:02:17.706+0000] {logging_mixin.py:188} INFO - [2025-10-09T13:02:17.705+0000] {dag.py:3954} INFO - Setting next_dagrun for timeseries_pipeline to 2025-10-08 00:00:00+00:00, run_after=2025-10-09 00:00:00+00:00
[2025-10-09T13:02:17.734+0000] {processor.py:183} INFO - Processing /opt/airflow/dags/timeseries_pipeline.py took 1.240 seconds
[2025-10-09T13:02:48.019+0000] {processor.py:161} INFO - Started process (PID=1367) to work on /opt/airflow/dags/timeseries_pipeline.py
[2025-10-09T13:02:48.020+0000] {processor.py:830} INFO - Processing file /opt/airflow/dags/timeseries_pipeline.py for tasks to queue
[2025-10-09T13:02:48.021+0000] {logging_mixin.py:188} INFO - [2025-10-09T13:02:48.021+0000] {dagbag.py:545} INFO - Filling up the DagBag from /opt/airflow/dags/timeseries_pipeline.py
[2025-10-09T13:02:48.696+0000] {processor.py:840} INFO - DAG(s) 'timeseries_pipeline' retrieved from /opt/airflow/dags/timeseries_pipeline.py
[2025-10-09T13:02:48.723+0000] {logging_mixin.py:188} INFO - [2025-10-09T13:02:48.722+0000] {dag.py:3096} INFO - Sync 1 DAGs
[2025-10-09T13:02:48.739+0000] {logging_mixin.py:188} INFO - [2025-10-09T13:02:48.739+0000] {dag.py:3954} INFO - Setting next_dagrun for timeseries_pipeline to 2025-10-08 00:00:00+00:00, run_after=2025-10-09 00:00:00+00:00
[2025-10-09T13:02:48.757+0000] {processor.py:183} INFO - Processing /opt/airflow/dags/timeseries_pipeline.py took 0.742 seconds
[2025-10-09T13:03:19.424+0000] {processor.py:161} INFO - Started process (PID=1379) to work on /opt/airflow/dags/timeseries_pipeline.py
[2025-10-09T13:03:19.425+0000] {processor.py:830} INFO - Processing file /opt/airflow/dags/timeseries_pipeline.py for tasks to queue
[2025-10-09T13:03:19.425+0000] {logging_mixin.py:188} INFO - [2025-10-09T13:03:19.425+0000] {dagbag.py:545} INFO - Filling up the DagBag from /opt/airflow/dags/timeseries_pipeline.py
[2025-10-09T13:03:20.498+0000] {processor.py:840} INFO - DAG(s) 'timeseries_pipeline' retrieved from /opt/airflow/dags/timeseries_pipeline.py
[2025-10-09T13:03:20.528+0000] {logging_mixin.py:188} INFO - [2025-10-09T13:03:20.528+0000] {dag.py:3096} INFO - Sync 1 DAGs
[2025-10-09T13:03:20.544+0000] {logging_mixin.py:188} INFO - [2025-10-09T13:03:20.544+0000] {dag.py:3954} INFO - Setting next_dagrun for timeseries_pipeline to 2025-10-08 00:00:00+00:00, run_after=2025-10-09 00:00:00+00:00
[2025-10-09T13:03:20.564+0000] {processor.py:183} INFO - Processing /opt/airflow/dags/timeseries_pipeline.py took 1.144 seconds
[2025-10-09T13:03:50.682+0000] {processor.py:161} INFO - Started process (PID=1391) to work on /opt/airflow/dags/timeseries_pipeline.py
[2025-10-09T13:03:50.683+0000] {processor.py:830} INFO - Processing file /opt/airflow/dags/timeseries_pipeline.py for tasks to queue
[2025-10-09T13:03:50.683+0000] {logging_mixin.py:188} INFO - [2025-10-09T13:03:50.683+0000] {dagbag.py:545} INFO - Filling up the DagBag from /opt/airflow/dags/timeseries_pipeline.py
[2025-10-09T13:03:51.340+0000] {processor.py:840} INFO - DAG(s) 'timeseries_pipeline' retrieved from /opt/airflow/dags/timeseries_pipeline.py
[2025-10-09T13:03:51.363+0000] {logging_mixin.py:188} INFO - [2025-10-09T13:03:51.363+0000] {dag.py:3096} INFO - Sync 1 DAGs
[2025-10-09T13:03:51.383+0000] {logging_mixin.py:188} INFO - [2025-10-09T13:03:51.383+0000] {dag.py:3954} INFO - Setting next_dagrun for timeseries_pipeline to 2025-10-08 00:00:00+00:00, run_after=2025-10-09 00:00:00+00:00
[2025-10-09T13:03:51.403+0000] {processor.py:183} INFO - Processing /opt/airflow/dags/timeseries_pipeline.py took 0.726 seconds
[2025-10-09T13:04:21.565+0000] {processor.py:161} INFO - Started process (PID=1403) to work on /opt/airflow/dags/timeseries_pipeline.py
[2025-10-09T13:04:21.567+0000] {processor.py:830} INFO - Processing file /opt/airflow/dags/timeseries_pipeline.py for tasks to queue
[2025-10-09T13:04:21.568+0000] {logging_mixin.py:188} INFO - [2025-10-09T13:04:21.567+0000] {dagbag.py:545} INFO - Filling up the DagBag from /opt/airflow/dags/timeseries_pipeline.py
[2025-10-09T13:04:22.797+0000] {processor.py:840} INFO - DAG(s) 'timeseries_pipeline' retrieved from /opt/airflow/dags/timeseries_pipeline.py
[2025-10-09T13:04:22.823+0000] {logging_mixin.py:188} INFO - [2025-10-09T13:04:22.823+0000] {dag.py:3096} INFO - Sync 1 DAGs
[2025-10-09T13:04:22.839+0000] {logging_mixin.py:188} INFO - [2025-10-09T13:04:22.839+0000] {dag.py:3954} INFO - Setting next_dagrun for timeseries_pipeline to 2025-10-08 00:00:00+00:00, run_after=2025-10-09 00:00:00+00:00
[2025-10-09T13:04:22.858+0000] {processor.py:183} INFO - Processing /opt/airflow/dags/timeseries_pipeline.py took 1.299 seconds
[2025-10-09T13:04:53.110+0000] {processor.py:161} INFO - Started process (PID=1415) to work on /opt/airflow/dags/timeseries_pipeline.py
[2025-10-09T13:04:53.111+0000] {processor.py:830} INFO - Processing file /opt/airflow/dags/timeseries_pipeline.py for tasks to queue
[2025-10-09T13:04:53.111+0000] {logging_mixin.py:188} INFO - [2025-10-09T13:04:53.111+0000] {dagbag.py:545} INFO - Filling up the DagBag from /opt/airflow/dags/timeseries_pipeline.py
[2025-10-09T13:04:53.786+0000] {processor.py:840} INFO - DAG(s) 'timeseries_pipeline' retrieved from /opt/airflow/dags/timeseries_pipeline.py
[2025-10-09T13:04:53.809+0000] {logging_mixin.py:188} INFO - [2025-10-09T13:04:53.808+0000] {dag.py:3096} INFO - Sync 1 DAGs
[2025-10-09T13:04:53.832+0000] {logging_mixin.py:188} INFO - [2025-10-09T13:04:53.832+0000] {dag.py:3954} INFO - Setting next_dagrun for timeseries_pipeline to 2025-10-08 00:00:00+00:00, run_after=2025-10-09 00:00:00+00:00
[2025-10-09T13:04:53.851+0000] {processor.py:183} INFO - Processing /opt/airflow/dags/timeseries_pipeline.py took 0.745 seconds
[2025-10-09T13:05:24.576+0000] {processor.py:161} INFO - Started process (PID=1427) to work on /opt/airflow/dags/timeseries_pipeline.py
[2025-10-09T13:05:24.576+0000] {processor.py:830} INFO - Processing file /opt/airflow/dags/timeseries_pipeline.py for tasks to queue
[2025-10-09T13:05:24.577+0000] {logging_mixin.py:188} INFO - [2025-10-09T13:05:24.577+0000] {dagbag.py:545} INFO - Filling up the DagBag from /opt/airflow/dags/timeseries_pipeline.py
[2025-10-09T13:04:38.534+0000] {processor.py:840} INFO - DAG(s) 'timeseries_pipeline' retrieved from /opt/airflow/dags/timeseries_pipeline.py
[2025-10-09T13:04:38.550+0000] {logging_mixin.py:188} INFO - [2025-10-09T13:04:38.550+0000] {dag.py:3096} INFO - Sync 1 DAGs
[2025-10-09T13:04:38.565+0000] {logging_mixin.py:188} INFO - [2025-10-09T13:04:38.565+0000] {dag.py:3954} INFO - Setting next_dagrun for timeseries_pipeline to 2025-10-08 00:00:00+00:00, run_after=2025-10-09 00:00:00+00:00
[2025-10-09T13:04:38.582+0000] {processor.py:183} INFO - Processing /opt/airflow/dags/timeseries_pipeline.py took 0.702 seconds
[2025-10-09T13:05:26.339+0000] {processor.py:161} INFO - Started process (PID=1434) to work on /opt/airflow/dags/timeseries_pipeline.py
[2025-10-09T13:05:26.340+0000] {processor.py:830} INFO - Processing file /opt/airflow/dags/timeseries_pipeline.py for tasks to queue
[2025-10-09T13:05:26.341+0000] {logging_mixin.py:188} INFO - [2025-10-09T13:05:26.341+0000] {dagbag.py:545} INFO - Filling up the DagBag from /opt/airflow/dags/timeseries_pipeline.py
[2025-10-09T13:05:27.010+0000] {processor.py:840} INFO - DAG(s) 'timeseries_pipeline' retrieved from /opt/airflow/dags/timeseries_pipeline.py
[2025-10-09T13:05:27.032+0000] {logging_mixin.py:188} INFO - [2025-10-09T13:05:27.031+0000] {dag.py:3096} INFO - Sync 1 DAGs
[2025-10-09T13:05:27.049+0000] {logging_mixin.py:188} INFO - [2025-10-09T13:05:27.049+0000] {dag.py:3954} INFO - Setting next_dagrun for timeseries_pipeline to 2025-10-08 00:00:00+00:00, run_after=2025-10-09 00:00:00+00:00
[2025-10-09T13:05:27.071+0000] {processor.py:183} INFO - Processing /opt/airflow/dags/timeseries_pipeline.py took 0.736 seconds
[2025-10-09T13:06:12.398+0000] {processor.py:161} INFO - Started process (PID=1446) to work on /opt/airflow/dags/timeseries_pipeline.py
[2025-10-09T13:06:12.398+0000] {processor.py:830} INFO - Processing file /opt/airflow/dags/timeseries_pipeline.py for tasks to queue
[2025-10-09T13:06:12.399+0000] {logging_mixin.py:188} INFO - [2025-10-09T13:06:12.399+0000] {dagbag.py:545} INFO - Filling up the DagBag from /opt/airflow/dags/timeseries_pipeline.py
[2025-10-09T13:06:13.128+0000] {processor.py:840} INFO - DAG(s) 'timeseries_pipeline' retrieved from /opt/airflow/dags/timeseries_pipeline.py
[2025-10-09T13:06:13.150+0000] {logging_mixin.py:188} INFO - [2025-10-09T13:06:13.150+0000] {dag.py:3096} INFO - Sync 1 DAGs
[2025-10-09T13:06:13.167+0000] {logging_mixin.py:188} INFO - [2025-10-09T13:06:13.167+0000] {dag.py:3954} INFO - Setting next_dagrun for timeseries_pipeline to 2025-10-08 00:00:00+00:00, run_after=2025-10-09 00:00:00+00:00
[2025-10-09T13:06:13.190+0000] {processor.py:183} INFO - Processing /opt/airflow/dags/timeseries_pipeline.py took 0.796 seconds
[2025-10-09T13:06:43.655+0000] {processor.py:161} INFO - Started process (PID=1463) to work on /opt/airflow/dags/timeseries_pipeline.py
[2025-10-09T13:06:43.655+0000] {processor.py:830} INFO - Processing file /opt/airflow/dags/timeseries_pipeline.py for tasks to queue
[2025-10-09T13:06:43.656+0000] {logging_mixin.py:188} INFO - [2025-10-09T13:06:43.656+0000] {dagbag.py:545} INFO - Filling up the DagBag from /opt/airflow/dags/timeseries_pipeline.py
[2025-10-09T13:06:44.940+0000] {processor.py:840} INFO - DAG(s) 'timeseries_pipeline' retrieved from /opt/airflow/dags/timeseries_pipeline.py
[2025-10-09T13:06:44.964+0000] {logging_mixin.py:188} INFO - [2025-10-09T13:06:44.963+0000] {dag.py:3096} INFO - Sync 1 DAGs
[2025-10-09T13:06:44.992+0000] {logging_mixin.py:188} INFO - [2025-10-09T13:06:44.991+0000] {dag.py:3954} INFO - Setting next_dagrun for timeseries_pipeline to 2025-10-08 00:00:00+00:00, run_after=2025-10-09 00:00:00+00:00
[2025-10-09T13:06:45.017+0000] {processor.py:183} INFO - Processing /opt/airflow/dags/timeseries_pipeline.py took 1.366 seconds
[2025-10-09T13:07:15.080+0000] {processor.py:161} INFO - Started process (PID=1475) to work on /opt/airflow/dags/timeseries_pipeline.py
[2025-10-09T13:07:15.081+0000] {processor.py:830} INFO - Processing file /opt/airflow/dags/timeseries_pipeline.py for tasks to queue
[2025-10-09T13:07:15.082+0000] {logging_mixin.py:188} INFO - [2025-10-09T13:07:15.081+0000] {dagbag.py:545} INFO - Filling up the DagBag from /opt/airflow/dags/timeseries_pipeline.py
[2025-10-09T13:07:15.756+0000] {processor.py:840} INFO - DAG(s) 'timeseries_pipeline' retrieved from /opt/airflow/dags/timeseries_pipeline.py
[2025-10-09T13:07:15.777+0000] {logging_mixin.py:188} INFO - [2025-10-09T13:07:15.777+0000] {dag.py:3096} INFO - Sync 1 DAGs
[2025-10-09T13:07:15.797+0000] {logging_mixin.py:188} INFO - [2025-10-09T13:07:15.797+0000] {dag.py:3954} INFO - Setting next_dagrun for timeseries_pipeline to 2025-10-08 00:00:00+00:00, run_after=2025-10-09 00:00:00+00:00
[2025-10-09T13:07:15.813+0000] {processor.py:183} INFO - Processing /opt/airflow/dags/timeseries_pipeline.py took 0.738 seconds
[2025-10-09T13:07:46.315+0000] {processor.py:161} INFO - Started process (PID=1487) to work on /opt/airflow/dags/timeseries_pipeline.py
[2025-10-09T13:07:46.316+0000] {processor.py:830} INFO - Processing file /opt/airflow/dags/timeseries_pipeline.py for tasks to queue
[2025-10-09T13:07:46.317+0000] {logging_mixin.py:188} INFO - [2025-10-09T13:07:46.317+0000] {dagbag.py:545} INFO - Filling up the DagBag from /opt/airflow/dags/timeseries_pipeline.py
[2025-10-09T13:07:47.598+0000] {processor.py:840} INFO - DAG(s) 'timeseries_pipeline' retrieved from /opt/airflow/dags/timeseries_pipeline.py
[2025-10-09T13:07:47.618+0000] {logging_mixin.py:188} INFO - [2025-10-09T13:07:47.617+0000] {dag.py:3096} INFO - Sync 1 DAGs
[2025-10-09T13:07:47.636+0000] {logging_mixin.py:188} INFO - [2025-10-09T13:07:47.636+0000] {dag.py:3954} INFO - Setting next_dagrun for timeseries_pipeline to 2025-10-08 00:00:00+00:00, run_after=2025-10-09 00:00:00+00:00
[2025-10-09T13:07:47.661+0000] {processor.py:183} INFO - Processing /opt/airflow/dags/timeseries_pipeline.py took 1.350 seconds
[2025-10-09T13:08:18.632+0000] {processor.py:161} INFO - Started process (PID=1499) to work on /opt/airflow/dags/timeseries_pipeline.py
[2025-10-09T13:08:18.633+0000] {processor.py:830} INFO - Processing file /opt/airflow/dags/timeseries_pipeline.py for tasks to queue
[2025-10-09T13:08:18.634+0000] {logging_mixin.py:188} INFO - [2025-10-09T13:08:18.633+0000] {dagbag.py:545} INFO - Filling up the DagBag from /opt/airflow/dags/timeseries_pipeline.py
[2025-10-09T13:08:19.346+0000] {processor.py:840} INFO - DAG(s) 'timeseries_pipeline' retrieved from /opt/airflow/dags/timeseries_pipeline.py
[2025-10-09T13:08:19.375+0000] {logging_mixin.py:188} INFO - [2025-10-09T13:08:19.375+0000] {dag.py:3096} INFO - Sync 1 DAGs
[2025-10-09T13:08:19.391+0000] {logging_mixin.py:188} INFO - [2025-10-09T13:08:19.390+0000] {dag.py:3954} INFO - Setting next_dagrun for timeseries_pipeline to 2025-10-08 00:00:00+00:00, run_after=2025-10-09 00:00:00+00:00
[2025-10-09T13:08:19.409+0000] {processor.py:183} INFO - Processing /opt/airflow/dags/timeseries_pipeline.py took 0.781 seconds
[2025-10-09T13:08:49.883+0000] {processor.py:161} INFO - Started process (PID=1511) to work on /opt/airflow/dags/timeseries_pipeline.py
[2025-10-09T13:08:49.884+0000] {processor.py:830} INFO - Processing file /opt/airflow/dags/timeseries_pipeline.py for tasks to queue
[2025-10-09T13:08:49.884+0000] {logging_mixin.py:188} INFO - [2025-10-09T13:08:49.884+0000] {dagbag.py:545} INFO - Filling up the DagBag from /opt/airflow/dags/timeseries_pipeline.py
[2025-10-09T13:08:51.300+0000] {processor.py:840} INFO - DAG(s) 'timeseries_pipeline' retrieved from /opt/airflow/dags/timeseries_pipeline.py
[2025-10-09T13:08:51.318+0000] {logging_mixin.py:188} INFO - [2025-10-09T13:08:51.318+0000] {dag.py:3096} INFO - Sync 1 DAGs
[2025-10-09T13:08:51.336+0000] {logging_mixin.py:188} INFO - [2025-10-09T13:08:51.336+0000] {dag.py:3954} INFO - Setting next_dagrun for timeseries_pipeline to 2025-10-08 00:00:00+00:00, run_after=2025-10-09 00:00:00+00:00
[2025-10-09T13:08:51.358+0000] {processor.py:183} INFO - Processing /opt/airflow/dags/timeseries_pipeline.py took 1.480 seconds
[2025-10-09T13:09:21.438+0000] {processor.py:161} INFO - Started process (PID=1523) to work on /opt/airflow/dags/timeseries_pipeline.py
[2025-10-09T13:09:21.438+0000] {processor.py:830} INFO - Processing file /opt/airflow/dags/timeseries_pipeline.py for tasks to queue
[2025-10-09T13:09:21.439+0000] {logging_mixin.py:188} INFO - [2025-10-09T13:09:21.439+0000] {dagbag.py:545} INFO - Filling up the DagBag from /opt/airflow/dags/timeseries_pipeline.py
[2025-10-09T13:09:22.177+0000] {processor.py:840} INFO - DAG(s) 'timeseries_pipeline' retrieved from /opt/airflow/dags/timeseries_pipeline.py
[2025-10-09T13:09:22.206+0000] {logging_mixin.py:188} INFO - [2025-10-09T13:09:22.205+0000] {dag.py:3096} INFO - Sync 1 DAGs
[2025-10-09T13:09:22.223+0000] {logging_mixin.py:188} INFO - [2025-10-09T13:09:22.223+0000] {dag.py:3954} INFO - Setting next_dagrun for timeseries_pipeline to 2025-10-08 00:00:00+00:00, run_after=2025-10-09 00:00:00+00:00
[2025-10-09T13:09:22.248+0000] {processor.py:183} INFO - Processing /opt/airflow/dags/timeseries_pipeline.py took 0.815 seconds
[2025-10-09T13:09:52.536+0000] {processor.py:161} INFO - Started process (PID=1535) to work on /opt/airflow/dags/timeseries_pipeline.py
[2025-10-09T13:09:52.537+0000] {processor.py:830} INFO - Processing file /opt/airflow/dags/timeseries_pipeline.py for tasks to queue
[2025-10-09T13:09:52.539+0000] {logging_mixin.py:188} INFO - [2025-10-09T13:09:52.538+0000] {dagbag.py:545} INFO - Filling up the DagBag from /opt/airflow/dags/timeseries_pipeline.py
[2025-10-09T13:09:53.830+0000] {processor.py:840} INFO - DAG(s) 'timeseries_pipeline' retrieved from /opt/airflow/dags/timeseries_pipeline.py
[2025-10-09T13:09:53.848+0000] {logging_mixin.py:188} INFO - [2025-10-09T13:09:53.848+0000] {dag.py:3096} INFO - Sync 1 DAGs
[2025-10-09T13:09:53.863+0000] {logging_mixin.py:188} INFO - [2025-10-09T13:09:53.863+0000] {dag.py:3954} INFO - Setting next_dagrun for timeseries_pipeline to 2025-10-08 00:00:00+00:00, run_after=2025-10-09 00:00:00+00:00
[2025-10-09T13:09:53.884+0000] {processor.py:183} INFO - Processing /opt/airflow/dags/timeseries_pipeline.py took 1.352 seconds
[2025-10-09T13:10:24.279+0000] {processor.py:161} INFO - Started process (PID=1547) to work on /opt/airflow/dags/timeseries_pipeline.py
[2025-10-09T13:10:24.279+0000] {processor.py:830} INFO - Processing file /opt/airflow/dags/timeseries_pipeline.py for tasks to queue
[2025-10-09T13:10:24.280+0000] {logging_mixin.py:188} INFO - [2025-10-09T13:10:24.280+0000] {dagbag.py:545} INFO - Filling up the DagBag from /opt/airflow/dags/timeseries_pipeline.py
[2025-10-09T13:10:24.942+0000] {processor.py:840} INFO - DAG(s) 'timeseries_pipeline' retrieved from /opt/airflow/dags/timeseries_pipeline.py
[2025-10-09T13:10:24.961+0000] {logging_mixin.py:188} INFO - [2025-10-09T13:10:24.961+0000] {dag.py:3096} INFO - Sync 1 DAGs
[2025-10-09T13:10:24.974+0000] {logging_mixin.py:188} INFO - [2025-10-09T13:10:24.974+0000] {dag.py:3954} INFO - Setting next_dagrun for timeseries_pipeline to 2025-10-08 00:00:00+00:00, run_after=2025-10-09 00:00:00+00:00
[2025-10-09T13:10:24.991+0000] {processor.py:183} INFO - Processing /opt/airflow/dags/timeseries_pipeline.py took 0.717 seconds
[2025-10-09T13:10:55.521+0000] {processor.py:161} INFO - Started process (PID=1559) to work on /opt/airflow/dags/timeseries_pipeline.py
[2025-10-09T13:10:55.522+0000] {processor.py:830} INFO - Processing file /opt/airflow/dags/timeseries_pipeline.py for tasks to queue
[2025-10-09T13:10:55.523+0000] {logging_mixin.py:188} INFO - [2025-10-09T13:10:55.523+0000] {dagbag.py:545} INFO - Filling up the DagBag from /opt/airflow/dags/timeseries_pipeline.py
[2025-10-09T13:10:56.829+0000] {processor.py:840} INFO - DAG(s) 'timeseries_pipeline' retrieved from /opt/airflow/dags/timeseries_pipeline.py
[2025-10-09T13:10:56.848+0000] {logging_mixin.py:188} INFO - [2025-10-09T13:10:56.847+0000] {dag.py:3096} INFO - Sync 1 DAGs
[2025-10-09T13:10:56.864+0000] {logging_mixin.py:188} INFO - [2025-10-09T13:10:56.864+0000] {dag.py:3954} INFO - Setting next_dagrun for timeseries_pipeline to 2025-10-08 00:00:00+00:00, run_after=2025-10-09 00:00:00+00:00
[2025-10-09T13:10:56.881+0000] {processor.py:183} INFO - Processing /opt/airflow/dags/timeseries_pipeline.py took 1.365 seconds
[2025-10-09T13:11:26.968+0000] {processor.py:161} INFO - Started process (PID=1571) to work on /opt/airflow/dags/timeseries_pipeline.py
[2025-10-09T13:11:26.968+0000] {processor.py:830} INFO - Processing file /opt/airflow/dags/timeseries_pipeline.py for tasks to queue
[2025-10-09T13:11:26.969+0000] {logging_mixin.py:188} INFO - [2025-10-09T13:11:26.969+0000] {dagbag.py:545} INFO - Filling up the DagBag from /opt/airflow/dags/timeseries_pipeline.py
[2025-10-09T13:11:27.683+0000] {processor.py:840} INFO - DAG(s) 'timeseries_pipeline' retrieved from /opt/airflow/dags/timeseries_pipeline.py
[2025-10-09T13:11:27.717+0000] {logging_mixin.py:188} INFO - [2025-10-09T13:11:27.716+0000] {dag.py:3096} INFO - Sync 1 DAGs
[2025-10-09T13:11:27.734+0000] {logging_mixin.py:188} INFO - [2025-10-09T13:11:27.734+0000] {dag.py:3954} INFO - Setting next_dagrun for timeseries_pipeline to 2025-10-08 00:00:00+00:00, run_after=2025-10-09 00:00:00+00:00
[2025-10-09T13:11:27.761+0000] {processor.py:183} INFO - Processing /opt/airflow/dags/timeseries_pipeline.py took 0.798 seconds
[2025-10-09T13:11:58.145+0000] {processor.py:161} INFO - Started process (PID=1583) to work on /opt/airflow/dags/timeseries_pipeline.py
[2025-10-09T13:11:58.146+0000] {processor.py:830} INFO - Processing file /opt/airflow/dags/timeseries_pipeline.py for tasks to queue
[2025-10-09T13:11:58.147+0000] {logging_mixin.py:188} INFO - [2025-10-09T13:11:58.147+0000] {dagbag.py:545} INFO - Filling up the DagBag from /opt/airflow/dags/timeseries_pipeline.py
[2025-10-09T13:11:59.318+0000] {processor.py:840} INFO - DAG(s) 'timeseries_pipeline' retrieved from /opt/airflow/dags/timeseries_pipeline.py
[2025-10-09T13:11:59.339+0000] {logging_mixin.py:188} INFO - [2025-10-09T13:11:59.339+0000] {dag.py:3096} INFO - Sync 1 DAGs
[2025-10-09T13:11:59.355+0000] {logging_mixin.py:188} INFO - [2025-10-09T13:11:59.355+0000] {dag.py:3954} INFO - Setting next_dagrun for timeseries_pipeline to 2025-10-08 00:00:00+00:00, run_after=2025-10-09 00:00:00+00:00
[2025-10-09T13:11:59.379+0000] {processor.py:183} INFO - Processing /opt/airflow/dags/timeseries_pipeline.py took 1.237 seconds
[2025-10-09T13:12:29.971+0000] {processor.py:161} INFO - Started process (PID=1595) to work on /opt/airflow/dags/timeseries_pipeline.py
[2025-10-09T13:12:29.971+0000] {processor.py:830} INFO - Processing file /opt/airflow/dags/timeseries_pipeline.py for tasks to queue
[2025-10-09T13:12:29.972+0000] {logging_mixin.py:188} INFO - [2025-10-09T13:12:29.972+0000] {dagbag.py:545} INFO - Filling up the DagBag from /opt/airflow/dags/timeseries_pipeline.py
[2025-10-09T13:12:30.612+0000] {processor.py:840} INFO - DAG(s) 'timeseries_pipeline' retrieved from /opt/airflow/dags/timeseries_pipeline.py
[2025-10-09T13:12:30.633+0000] {logging_mixin.py:188} INFO - [2025-10-09T13:12:30.633+0000] {dag.py:3096} INFO - Sync 1 DAGs
[2025-10-09T13:12:30.655+0000] {logging_mixin.py:188} INFO - [2025-10-09T13:12:30.655+0000] {dag.py:3954} INFO - Setting next_dagrun for timeseries_pipeline to 2025-10-08 00:00:00+00:00, run_after=2025-10-09 00:00:00+00:00
[2025-10-09T13:12:30.677+0000] {processor.py:183} INFO - Processing /opt/airflow/dags/timeseries_pipeline.py took 0.710 seconds
[2025-10-09T13:13:01.154+0000] {processor.py:161} INFO - Started process (PID=1607) to work on /opt/airflow/dags/timeseries_pipeline.py
[2025-10-09T13:13:01.155+0000] {processor.py:830} INFO - Processing file /opt/airflow/dags/timeseries_pipeline.py for tasks to queue
[2025-10-09T13:13:01.156+0000] {logging_mixin.py:188} INFO - [2025-10-09T13:13:01.156+0000] {dagbag.py:545} INFO - Filling up the DagBag from /opt/airflow/dags/timeseries_pipeline.py
[2025-10-09T13:13:01.810+0000] {processor.py:840} INFO - DAG(s) 'timeseries_pipeline' retrieved from /opt/airflow/dags/timeseries_pipeline.py
[2025-10-09T13:13:01.834+0000] {logging_mixin.py:188} INFO - [2025-10-09T13:13:01.833+0000] {dag.py:3096} INFO - Sync 1 DAGs
[2025-10-09T13:13:01.857+0000] {logging_mixin.py:188} INFO - [2025-10-09T13:13:01.857+0000] {dag.py:3954} INFO - Setting next_dagrun for timeseries_pipeline to 2025-10-08 00:00:00+00:00, run_after=2025-10-09 00:00:00+00:00
[2025-10-09T13:13:01.873+0000] {processor.py:183} INFO - Processing /opt/airflow/dags/timeseries_pipeline.py took 0.723 seconds
[2025-10-09T13:13:32.510+0000] {processor.py:161} INFO - Started process (PID=1619) to work on /opt/airflow/dags/timeseries_pipeline.py
[2025-10-09T13:13:32.510+0000] {processor.py:830} INFO - Processing file /opt/airflow/dags/timeseries_pipeline.py for tasks to queue
[2025-10-09T13:13:32.511+0000] {logging_mixin.py:188} INFO - [2025-10-09T13:13:32.511+0000] {dagbag.py:545} INFO - Filling up the DagBag from /opt/airflow/dags/timeseries_pipeline.py
[2025-10-09T13:13:33.770+0000] {processor.py:840} INFO - DAG(s) 'timeseries_pipeline' retrieved from /opt/airflow/dags/timeseries_pipeline.py
[2025-10-09T13:13:33.824+0000] {logging_mixin.py:188} INFO - [2025-10-09T13:13:33.823+0000] {dag.py:3096} INFO - Sync 1 DAGs
[2025-10-09T13:13:33.848+0000] {logging_mixin.py:188} INFO - [2025-10-09T13:13:33.848+0000] {dag.py:3954} INFO - Setting next_dagrun for timeseries_pipeline to 2025-10-08 00:00:00+00:00, run_after=2025-10-09 00:00:00+00:00
[2025-10-09T13:13:33.873+0000] {processor.py:183} INFO - Processing /opt/airflow/dags/timeseries_pipeline.py took 1.369 seconds
[2025-10-09T13:14:04.105+0000] {processor.py:161} INFO - Started process (PID=1631) to work on /opt/airflow/dags/timeseries_pipeline.py
[2025-10-09T13:14:04.106+0000] {processor.py:830} INFO - Processing file /opt/airflow/dags/timeseries_pipeline.py for tasks to queue
[2025-10-09T13:14:04.107+0000] {logging_mixin.py:188} INFO - [2025-10-09T13:14:04.107+0000] {dagbag.py:545} INFO - Filling up the DagBag from /opt/airflow/dags/timeseries_pipeline.py
[2025-10-09T13:14:04.746+0000] {processor.py:840} INFO - DAG(s) 'timeseries_pipeline' retrieved from /opt/airflow/dags/timeseries_pipeline.py
[2025-10-09T13:14:04.773+0000] {logging_mixin.py:188} INFO - [2025-10-09T13:14:04.772+0000] {dag.py:3096} INFO - Sync 1 DAGs
[2025-10-09T13:14:04.793+0000] {logging_mixin.py:188} INFO - [2025-10-09T13:14:04.793+0000] {dag.py:3954} INFO - Setting next_dagrun for timeseries_pipeline to 2025-10-08 00:00:00+00:00, run_after=2025-10-09 00:00:00+00:00
[2025-10-09T13:14:04.819+0000] {processor.py:183} INFO - Processing /opt/airflow/dags/timeseries_pipeline.py took 0.718 seconds
[2025-10-09T13:14:35.425+0000] {processor.py:161} INFO - Started process (PID=1643) to work on /opt/airflow/dags/timeseries_pipeline.py
[2025-10-09T13:14:35.426+0000] {processor.py:830} INFO - Processing file /opt/airflow/dags/timeseries_pipeline.py for tasks to queue
[2025-10-09T13:14:35.427+0000] {logging_mixin.py:188} INFO - [2025-10-09T13:14:35.427+0000] {dagbag.py:545} INFO - Filling up the DagBag from /opt/airflow/dags/timeseries_pipeline.py
[2025-10-09T13:14:36.088+0000] {processor.py:840} INFO - DAG(s) 'timeseries_pipeline' retrieved from /opt/airflow/dags/timeseries_pipeline.py
[2025-10-09T13:14:36.115+0000] {logging_mixin.py:188} INFO - [2025-10-09T13:14:36.115+0000] {dag.py:3096} INFO - Sync 1 DAGs
[2025-10-09T13:14:36.137+0000] {logging_mixin.py:188} INFO - [2025-10-09T13:14:36.137+0000] {dag.py:3954} INFO - Setting next_dagrun for timeseries_pipeline to 2025-10-08 00:00:00+00:00, run_after=2025-10-09 00:00:00+00:00
[2025-10-09T13:14:36.158+0000] {processor.py:183} INFO - Processing /opt/airflow/dags/timeseries_pipeline.py took 0.737 seconds
[2025-10-09T13:15:06.677+0000] {processor.py:161} INFO - Started process (PID=1655) to work on /opt/airflow/dags/timeseries_pipeline.py
[2025-10-09T13:15:06.678+0000] {processor.py:830} INFO - Processing file /opt/airflow/dags/timeseries_pipeline.py for tasks to queue
[2025-10-09T13:15:06.678+0000] {logging_mixin.py:188} INFO - [2025-10-09T13:15:06.678+0000] {dagbag.py:545} INFO - Filling up the DagBag from /opt/airflow/dags/timeseries_pipeline.py
[2025-10-09T13:15:07.341+0000] {processor.py:840} INFO - DAG(s) 'timeseries_pipeline' retrieved from /opt/airflow/dags/timeseries_pipeline.py
[2025-10-09T13:15:07.364+0000] {logging_mixin.py:188} INFO - [2025-10-09T13:15:07.363+0000] {dag.py:3096} INFO - Sync 1 DAGs
[2025-10-09T13:15:07.384+0000] {logging_mixin.py:188} INFO - [2025-10-09T13:15:07.384+0000] {dag.py:3954} INFO - Setting next_dagrun for timeseries_pipeline to 2025-10-08 00:00:00+00:00, run_after=2025-10-09 00:00:00+00:00
[2025-10-09T13:15:07.405+0000] {processor.py:183} INFO - Processing /opt/airflow/dags/timeseries_pipeline.py took 0.732 seconds
[2025-10-09T13:15:37.967+0000] {processor.py:161} INFO - Started process (PID=1667) to work on /opt/airflow/dags/timeseries_pipeline.py
[2025-10-09T13:15:37.968+0000] {processor.py:830} INFO - Processing file /opt/airflow/dags/timeseries_pipeline.py for tasks to queue
[2025-10-09T13:15:37.968+0000] {logging_mixin.py:188} INFO - [2025-10-09T13:15:37.968+0000] {dagbag.py:545} INFO - Filling up the DagBag from /opt/airflow/dags/timeseries_pipeline.py
[2025-10-09T13:15:38.659+0000] {processor.py:840} INFO - DAG(s) 'timeseries_pipeline' retrieved from /opt/airflow/dags/timeseries_pipeline.py
[2025-10-09T13:15:38.688+0000] {logging_mixin.py:188} INFO - [2025-10-09T13:15:38.688+0000] {dag.py:3096} INFO - Sync 1 DAGs
[2025-10-09T13:15:38.704+0000] {logging_mixin.py:188} INFO - [2025-10-09T13:15:38.704+0000] {dag.py:3954} INFO - Setting next_dagrun for timeseries_pipeline to 2025-10-08 00:00:00+00:00, run_after=2025-10-09 00:00:00+00:00
[2025-10-09T13:15:38.729+0000] {processor.py:183} INFO - Processing /opt/airflow/dags/timeseries_pipeline.py took 0.766 seconds
[2025-10-09T13:16:08.830+0000] {processor.py:161} INFO - Started process (PID=1679) to work on /opt/airflow/dags/timeseries_pipeline.py
[2025-10-09T13:16:08.831+0000] {processor.py:830} INFO - Processing file /opt/airflow/dags/timeseries_pipeline.py for tasks to queue
[2025-10-09T13:16:08.832+0000] {logging_mixin.py:188} INFO - [2025-10-09T13:16:08.832+0000] {dagbag.py:545} INFO - Filling up the DagBag from /opt/airflow/dags/timeseries_pipeline.py
[2025-10-09T13:16:09.513+0000] {processor.py:840} INFO - DAG(s) 'timeseries_pipeline' retrieved from /opt/airflow/dags/timeseries_pipeline.py
[2025-10-09T13:16:09.543+0000] {logging_mixin.py:188} INFO - [2025-10-09T13:16:09.543+0000] {dag.py:3096} INFO - Sync 1 DAGs
[2025-10-09T13:16:09.560+0000] {logging_mixin.py:188} INFO - [2025-10-09T13:16:09.560+0000] {dag.py:3954} INFO - Setting next_dagrun for timeseries_pipeline to 2025-10-08 00:00:00+00:00, run_after=2025-10-09 00:00:00+00:00
[2025-10-09T13:16:09.579+0000] {processor.py:183} INFO - Processing /opt/airflow/dags/timeseries_pipeline.py took 0.753 seconds
[2025-10-09T13:16:40.173+0000] {processor.py:161} INFO - Started process (PID=1691) to work on /opt/airflow/dags/timeseries_pipeline.py
[2025-10-09T13:16:40.174+0000] {processor.py:830} INFO - Processing file /opt/airflow/dags/timeseries_pipeline.py for tasks to queue
[2025-10-09T13:16:40.175+0000] {logging_mixin.py:188} INFO - [2025-10-09T13:16:40.174+0000] {dagbag.py:545} INFO - Filling up the DagBag from /opt/airflow/dags/timeseries_pipeline.py
[2025-10-09T13:16:40.828+0000] {processor.py:840} INFO - DAG(s) 'timeseries_pipeline' retrieved from /opt/airflow/dags/timeseries_pipeline.py
[2025-10-09T13:16:40.845+0000] {logging_mixin.py:188} INFO - [2025-10-09T13:16:40.845+0000] {dag.py:3096} INFO - Sync 1 DAGs
[2025-10-09T13:16:40.867+0000] {logging_mixin.py:188} INFO - [2025-10-09T13:16:40.867+0000] {dag.py:3954} INFO - Setting next_dagrun for timeseries_pipeline to 2025-10-08 00:00:00+00:00, run_after=2025-10-09 00:00:00+00:00
[2025-10-09T13:16:40.895+0000] {processor.py:183} INFO - Processing /opt/airflow/dags/timeseries_pipeline.py took 0.725 seconds
[2025-10-09T13:17:11.715+0000] {processor.py:161} INFO - Started process (PID=1703) to work on /opt/airflow/dags/timeseries_pipeline.py
[2025-10-09T13:17:11.715+0000] {processor.py:830} INFO - Processing file /opt/airflow/dags/timeseries_pipeline.py for tasks to queue
[2025-10-09T13:17:11.716+0000] {logging_mixin.py:188} INFO - [2025-10-09T13:17:11.716+0000] {dagbag.py:545} INFO - Filling up the DagBag from /opt/airflow/dags/timeseries_pipeline.py
[2025-10-09T13:17:12.388+0000] {processor.py:840} INFO - DAG(s) 'timeseries_pipeline' retrieved from /opt/airflow/dags/timeseries_pipeline.py
[2025-10-09T13:17:12.411+0000] {logging_mixin.py:188} INFO - [2025-10-09T13:17:12.410+0000] {dag.py:3096} INFO - Sync 1 DAGs
[2025-10-09T13:17:12.427+0000] {logging_mixin.py:188} INFO - [2025-10-09T13:17:12.427+0000] {dag.py:3954} INFO - Setting next_dagrun for timeseries_pipeline to 2025-10-08 00:00:00+00:00, run_after=2025-10-09 00:00:00+00:00
[2025-10-09T13:17:12.448+0000] {processor.py:183} INFO - Processing /opt/airflow/dags/timeseries_pipeline.py took 0.738 seconds
[2025-10-09T13:17:43.020+0000] {processor.py:161} INFO - Started process (PID=1715) to work on /opt/airflow/dags/timeseries_pipeline.py
[2025-10-09T13:17:43.021+0000] {processor.py:830} INFO - Processing file /opt/airflow/dags/timeseries_pipeline.py for tasks to queue
[2025-10-09T13:17:43.021+0000] {logging_mixin.py:188} INFO - [2025-10-09T13:17:43.021+0000] {dagbag.py:545} INFO - Filling up the DagBag from /opt/airflow/dags/timeseries_pipeline.py
[2025-10-09T13:17:43.697+0000] {processor.py:840} INFO - DAG(s) 'timeseries_pipeline' retrieved from /opt/airflow/dags/timeseries_pipeline.py
[2025-10-09T13:17:43.723+0000] {logging_mixin.py:188} INFO - [2025-10-09T13:17:43.722+0000] {dag.py:3096} INFO - Sync 1 DAGs
[2025-10-09T13:17:43.738+0000] {logging_mixin.py:188} INFO - [2025-10-09T13:17:43.737+0000] {dag.py:3954} INFO - Setting next_dagrun for timeseries_pipeline to 2025-10-08 00:00:00+00:00, run_after=2025-10-09 00:00:00+00:00
[2025-10-09T13:17:43.762+0000] {processor.py:183} INFO - Processing /opt/airflow/dags/timeseries_pipeline.py took 0.746 seconds
[2025-10-09T13:18:13.945+0000] {processor.py:161} INFO - Started process (PID=1727) to work on /opt/airflow/dags/timeseries_pipeline.py
[2025-10-09T13:18:13.945+0000] {processor.py:830} INFO - Processing file /opt/airflow/dags/timeseries_pipeline.py for tasks to queue
[2025-10-09T13:18:13.946+0000] {logging_mixin.py:188} INFO - [2025-10-09T13:18:13.946+0000] {dagbag.py:545} INFO - Filling up the DagBag from /opt/airflow/dags/timeseries_pipeline.py
[2025-10-09T13:18:14.647+0000] {processor.py:840} INFO - DAG(s) 'timeseries_pipeline' retrieved from /opt/airflow/dags/timeseries_pipeline.py
[2025-10-09T13:18:14.667+0000] {logging_mixin.py:188} INFO - [2025-10-09T13:18:14.667+0000] {dag.py:3096} INFO - Sync 1 DAGs
[2025-10-09T13:18:14.687+0000] {logging_mixin.py:188} INFO - [2025-10-09T13:18:14.687+0000] {dag.py:3954} INFO - Setting next_dagrun for timeseries_pipeline to 2025-10-08 00:00:00+00:00, run_after=2025-10-09 00:00:00+00:00
[2025-10-09T13:18:14.713+0000] {processor.py:183} INFO - Processing /opt/airflow/dags/timeseries_pipeline.py took 0.772 seconds
[2025-10-09T13:18:45.361+0000] {processor.py:161} INFO - Started process (PID=1739) to work on /opt/airflow/dags/timeseries_pipeline.py
[2025-10-09T13:18:45.362+0000] {processor.py:830} INFO - Processing file /opt/airflow/dags/timeseries_pipeline.py for tasks to queue
[2025-10-09T13:18:45.363+0000] {logging_mixin.py:188} INFO - [2025-10-09T13:18:45.363+0000] {dagbag.py:545} INFO - Filling up the DagBag from /opt/airflow/dags/timeseries_pipeline.py
[2025-10-09T13:18:46.636+0000] {processor.py:840} INFO - DAG(s) 'timeseries_pipeline' retrieved from /opt/airflow/dags/timeseries_pipeline.py
[2025-10-09T13:18:46.665+0000] {logging_mixin.py:188} INFO - [2025-10-09T13:18:46.665+0000] {dag.py:3096} INFO - Sync 1 DAGs
[2025-10-09T13:18:46.682+0000] {logging_mixin.py:188} INFO - [2025-10-09T13:18:46.682+0000] {dag.py:3954} INFO - Setting next_dagrun for timeseries_pipeline to 2025-10-08 00:00:00+00:00, run_after=2025-10-09 00:00:00+00:00
[2025-10-09T13:18:46.705+0000] {processor.py:183} INFO - Processing /opt/airflow/dags/timeseries_pipeline.py took 1.350 seconds
[2025-10-09T13:19:16.873+0000] {processor.py:161} INFO - Started process (PID=1751) to work on /opt/airflow/dags/timeseries_pipeline.py
[2025-10-09T13:19:16.874+0000] {processor.py:830} INFO - Processing file /opt/airflow/dags/timeseries_pipeline.py for tasks to queue
[2025-10-09T13:19:16.875+0000] {logging_mixin.py:188} INFO - [2025-10-09T13:19:16.874+0000] {dagbag.py:545} INFO - Filling up the DagBag from /opt/airflow/dags/timeseries_pipeline.py
[2025-10-09T13:19:17.535+0000] {processor.py:840} INFO - DAG(s) 'timeseries_pipeline' retrieved from /opt/airflow/dags/timeseries_pipeline.py
[2025-10-09T13:19:17.553+0000] {logging_mixin.py:188} INFO - [2025-10-09T13:19:17.553+0000] {dag.py:3096} INFO - Sync 1 DAGs
[2025-10-09T13:19:17.568+0000] {logging_mixin.py:188} INFO - [2025-10-09T13:19:17.567+0000] {dag.py:3954} INFO - Setting next_dagrun for timeseries_pipeline to 2025-10-08 00:00:00+00:00, run_after=2025-10-09 00:00:00+00:00
[2025-10-09T13:19:17.585+0000] {processor.py:183} INFO - Processing /opt/airflow/dags/timeseries_pipeline.py took 0.716 seconds
[2025-10-09T13:19:48.154+0000] {processor.py:161} INFO - Started process (PID=1763) to work on /opt/airflow/dags/timeseries_pipeline.py
[2025-10-09T13:19:48.154+0000] {processor.py:830} INFO - Processing file /opt/airflow/dags/timeseries_pipeline.py for tasks to queue
[2025-10-09T13:19:48.156+0000] {logging_mixin.py:188} INFO - [2025-10-09T13:19:48.156+0000] {dagbag.py:545} INFO - Filling up the DagBag from /opt/airflow/dags/timeseries_pipeline.py
[2025-10-09T13:19:49.423+0000] {processor.py:840} INFO - DAG(s) 'timeseries_pipeline' retrieved from /opt/airflow/dags/timeseries_pipeline.py
[2025-10-09T13:19:49.447+0000] {logging_mixin.py:188} INFO - [2025-10-09T13:19:49.446+0000] {dag.py:3096} INFO - Sync 1 DAGs
[2025-10-09T13:19:49.460+0000] {logging_mixin.py:188} INFO - [2025-10-09T13:19:49.460+0000] {dag.py:3954} INFO - Setting next_dagrun for timeseries_pipeline to 2025-10-08 00:00:00+00:00, run_after=2025-10-09 00:00:00+00:00
[2025-10-09T13:19:49.486+0000] {processor.py:183} INFO - Processing /opt/airflow/dags/timeseries_pipeline.py took 1.339 seconds
[2025-10-09T13:20:19.555+0000] {processor.py:161} INFO - Started process (PID=1775) to work on /opt/airflow/dags/timeseries_pipeline.py
[2025-10-09T13:20:19.556+0000] {processor.py:830} INFO - Processing file /opt/airflow/dags/timeseries_pipeline.py for tasks to queue
[2025-10-09T13:20:19.557+0000] {logging_mixin.py:188} INFO - [2025-10-09T13:20:19.557+0000] {dagbag.py:545} INFO - Filling up the DagBag from /opt/airflow/dags/timeseries_pipeline.py
[2025-10-09T13:20:20.189+0000] {processor.py:840} INFO - DAG(s) 'timeseries_pipeline' retrieved from /opt/airflow/dags/timeseries_pipeline.py
[2025-10-09T13:20:20.207+0000] {logging_mixin.py:188} INFO - [2025-10-09T13:20:20.207+0000] {dag.py:3096} INFO - Sync 1 DAGs
[2025-10-09T13:20:20.226+0000] {logging_mixin.py:188} INFO - [2025-10-09T13:20:20.225+0000] {dag.py:3954} INFO - Setting next_dagrun for timeseries_pipeline to 2025-10-08 00:00:00+00:00, run_after=2025-10-09 00:00:00+00:00
[2025-10-09T13:20:20.247+0000] {processor.py:183} INFO - Processing /opt/airflow/dags/timeseries_pipeline.py took 0.696 seconds
[2025-10-09T13:20:50.947+0000] {processor.py:161} INFO - Started process (PID=1787) to work on /opt/airflow/dags/timeseries_pipeline.py
[2025-10-09T13:20:50.948+0000] {processor.py:830} INFO - Processing file /opt/airflow/dags/timeseries_pipeline.py for tasks to queue
[2025-10-09T13:20:50.949+0000] {logging_mixin.py:188} INFO - [2025-10-09T13:20:50.948+0000] {dagbag.py:545} INFO - Filling up the DagBag from /opt/airflow/dags/timeseries_pipeline.py
[2025-10-09T13:20:51.599+0000] {processor.py:840} INFO - DAG(s) 'timeseries_pipeline' retrieved from /opt/airflow/dags/timeseries_pipeline.py
[2025-10-09T13:20:51.618+0000] {logging_mixin.py:188} INFO - [2025-10-09T13:20:51.618+0000] {dag.py:3096} INFO - Sync 1 DAGs
[2025-10-09T13:20:51.638+0000] {logging_mixin.py:188} INFO - [2025-10-09T13:20:51.638+0000] {dag.py:3954} INFO - Setting next_dagrun for timeseries_pipeline to 2025-10-08 00:00:00+00:00, run_after=2025-10-09 00:00:00+00:00
[2025-10-09T13:20:51.658+0000] {processor.py:183} INFO - Processing /opt/airflow/dags/timeseries_pipeline.py took 0.715 seconds
[2025-10-09T13:21:22.097+0000] {processor.py:161} INFO - Started process (PID=1799) to work on /opt/airflow/dags/timeseries_pipeline.py
[2025-10-09T13:21:22.098+0000] {processor.py:830} INFO - Processing file /opt/airflow/dags/timeseries_pipeline.py for tasks to queue
[2025-10-09T13:21:22.099+0000] {logging_mixin.py:188} INFO - [2025-10-09T13:21:22.098+0000] {dagbag.py:545} INFO - Filling up the DagBag from /opt/airflow/dags/timeseries_pipeline.py
[2025-10-09T13:21:22.759+0000] {processor.py:840} INFO - DAG(s) 'timeseries_pipeline' retrieved from /opt/airflow/dags/timeseries_pipeline.py
[2025-10-09T13:21:22.778+0000] {logging_mixin.py:188} INFO - [2025-10-09T13:21:22.778+0000] {dag.py:3096} INFO - Sync 1 DAGs
[2025-10-09T13:21:22.795+0000] {logging_mixin.py:188} INFO - [2025-10-09T13:21:22.795+0000] {dag.py:3954} INFO - Setting next_dagrun for timeseries_pipeline to 2025-10-08 00:00:00+00:00, run_after=2025-10-09 00:00:00+00:00
[2025-10-09T13:21:22.820+0000] {processor.py:183} INFO - Processing /opt/airflow/dags/timeseries_pipeline.py took 0.727 seconds
[2025-10-09T13:21:53.402+0000] {processor.py:161} INFO - Started process (PID=1811) to work on /opt/airflow/dags/timeseries_pipeline.py
[2025-10-09T13:21:53.403+0000] {processor.py:830} INFO - Processing file /opt/airflow/dags/timeseries_pipeline.py for tasks to queue
[2025-10-09T13:21:53.403+0000] {logging_mixin.py:188} INFO - [2025-10-09T13:21:53.403+0000] {dagbag.py:545} INFO - Filling up the DagBag from /opt/airflow/dags/timeseries_pipeline.py
[2025-10-09T13:21:07.647+0000] {processor.py:840} INFO - DAG(s) 'timeseries_pipeline' retrieved from /opt/airflow/dags/timeseries_pipeline.py
[2025-10-09T13:21:07.674+0000] {logging_mixin.py:188} INFO - [2025-10-09T13:21:07.674+0000] {dag.py:3096} INFO - Sync 1 DAGs
[2025-10-09T13:21:07.694+0000] {logging_mixin.py:188} INFO - [2025-10-09T13:21:07.694+0000] {dag.py:3954} INFO - Setting next_dagrun for timeseries_pipeline to 2025-10-08 00:00:00+00:00, run_after=2025-10-09 00:00:00+00:00
[2025-10-09T13:21:07.719+0000] {processor.py:183} INFO - Processing /opt/airflow/dags/timeseries_pipeline.py took 1.180 seconds
[2025-10-09T13:21:56.027+0000] {processor.py:161} INFO - Started process (PID=1818) to work on /opt/airflow/dags/timeseries_pipeline.py
[2025-10-09T13:21:56.027+0000] {processor.py:830} INFO - Processing file /opt/airflow/dags/timeseries_pipeline.py for tasks to queue
[2025-10-09T13:21:56.028+0000] {logging_mixin.py:188} INFO - [2025-10-09T13:21:56.028+0000] {dagbag.py:545} INFO - Filling up the DagBag from /opt/airflow/dags/timeseries_pipeline.py
[2025-10-09T13:21:56.723+0000] {processor.py:840} INFO - DAG(s) 'timeseries_pipeline' retrieved from /opt/airflow/dags/timeseries_pipeline.py
[2025-10-09T13:21:56.748+0000] {logging_mixin.py:188} INFO - [2025-10-09T13:21:56.748+0000] {dag.py:3096} INFO - Sync 1 DAGs
[2025-10-09T13:21:56.767+0000] {logging_mixin.py:188} INFO - [2025-10-09T13:21:56.766+0000] {dag.py:3954} INFO - Setting next_dagrun for timeseries_pipeline to 2025-10-08 00:00:00+00:00, run_after=2025-10-09 00:00:00+00:00
[2025-10-09T13:21:56.792+0000] {processor.py:183} INFO - Processing /opt/airflow/dags/timeseries_pipeline.py took 0.769 seconds
[2025-10-09T13:22:27.698+0000] {processor.py:161} INFO - Started process (PID=1830) to work on /opt/airflow/dags/timeseries_pipeline.py
[2025-10-09T13:22:27.698+0000] {processor.py:830} INFO - Processing file /opt/airflow/dags/timeseries_pipeline.py for tasks to queue
[2025-10-09T13:22:27.699+0000] {logging_mixin.py:188} INFO - [2025-10-09T13:22:27.699+0000] {dagbag.py:545} INFO - Filling up the DagBag from /opt/airflow/dags/timeseries_pipeline.py
[2025-10-09T13:22:28.383+0000] {processor.py:840} INFO - DAG(s) 'timeseries_pipeline' retrieved from /opt/airflow/dags/timeseries_pipeline.py
[2025-10-09T13:22:28.406+0000] {logging_mixin.py:188} INFO - [2025-10-09T13:22:28.406+0000] {dag.py:3096} INFO - Sync 1 DAGs
[2025-10-09T13:22:28.425+0000] {logging_mixin.py:188} INFO - [2025-10-09T13:22:28.425+0000] {dag.py:3954} INFO - Setting next_dagrun for timeseries_pipeline to 2025-10-08 00:00:00+00:00, run_after=2025-10-09 00:00:00+00:00
[2025-10-09T13:22:28.451+0000] {processor.py:183} INFO - Processing /opt/airflow/dags/timeseries_pipeline.py took 0.757 seconds
[2025-10-09T13:22:58.829+0000] {processor.py:161} INFO - Started process (PID=1842) to work on /opt/airflow/dags/timeseries_pipeline.py
[2025-10-09T13:22:58.830+0000] {processor.py:830} INFO - Processing file /opt/airflow/dags/timeseries_pipeline.py for tasks to queue
[2025-10-09T13:22:58.832+0000] {logging_mixin.py:188} INFO - [2025-10-09T13:22:58.832+0000] {dagbag.py:545} INFO - Filling up the DagBag from /opt/airflow/dags/timeseries_pipeline.py
[2025-10-09T13:22:59.526+0000] {processor.py:840} INFO - DAG(s) 'timeseries_pipeline' retrieved from /opt/airflow/dags/timeseries_pipeline.py
[2025-10-09T13:22:59.551+0000] {logging_mixin.py:188} INFO - [2025-10-09T13:22:59.550+0000] {dag.py:3096} INFO - Sync 1 DAGs
[2025-10-09T13:22:59.572+0000] {logging_mixin.py:188} INFO - [2025-10-09T13:22:59.572+0000] {dag.py:3954} INFO - Setting next_dagrun for timeseries_pipeline to 2025-10-08 00:00:00+00:00, run_after=2025-10-09 00:00:00+00:00
[2025-10-09T13:22:59.597+0000] {processor.py:183} INFO - Processing /opt/airflow/dags/timeseries_pipeline.py took 0.772 seconds
[2025-10-09T13:23:30.095+0000] {processor.py:161} INFO - Started process (PID=1854) to work on /opt/airflow/dags/timeseries_pipeline.py
[2025-10-09T13:23:30.096+0000] {processor.py:830} INFO - Processing file /opt/airflow/dags/timeseries_pipeline.py for tasks to queue
[2025-10-09T13:23:30.097+0000] {logging_mixin.py:188} INFO - [2025-10-09T13:23:30.097+0000] {dagbag.py:545} INFO - Filling up the DagBag from /opt/airflow/dags/timeseries_pipeline.py
[2025-10-09T13:23:31.452+0000] {processor.py:840} INFO - DAG(s) 'timeseries_pipeline' retrieved from /opt/airflow/dags/timeseries_pipeline.py
[2025-10-09T13:23:31.492+0000] {logging_mixin.py:188} INFO - [2025-10-09T13:23:31.492+0000] {dag.py:3096} INFO - Sync 1 DAGs
[2025-10-09T13:23:31.513+0000] {logging_mixin.py:188} INFO - [2025-10-09T13:23:31.512+0000] {dag.py:3954} INFO - Setting next_dagrun for timeseries_pipeline to 2025-10-08 00:00:00+00:00, run_after=2025-10-09 00:00:00+00:00
[2025-10-09T13:23:31.539+0000] {processor.py:183} INFO - Processing /opt/airflow/dags/timeseries_pipeline.py took 1.453 seconds
[2025-10-09T13:24:02.158+0000] {processor.py:161} INFO - Started process (PID=1866) to work on /opt/airflow/dags/timeseries_pipeline.py
[2025-10-09T13:24:02.159+0000] {processor.py:830} INFO - Processing file /opt/airflow/dags/timeseries_pipeline.py for tasks to queue
[2025-10-09T13:24:02.160+0000] {logging_mixin.py:188} INFO - [2025-10-09T13:24:02.160+0000] {dagbag.py:545} INFO - Filling up the DagBag from /opt/airflow/dags/timeseries_pipeline.py
[2025-10-09T13:24:02.835+0000] {processor.py:840} INFO - DAG(s) 'timeseries_pipeline' retrieved from /opt/airflow/dags/timeseries_pipeline.py
[2025-10-09T13:24:02.861+0000] {logging_mixin.py:188} INFO - [2025-10-09T13:24:02.861+0000] {dag.py:3096} INFO - Sync 1 DAGs
[2025-10-09T13:24:02.879+0000] {logging_mixin.py:188} INFO - [2025-10-09T13:24:02.879+0000] {dag.py:3954} INFO - Setting next_dagrun for timeseries_pipeline to 2025-10-08 00:00:00+00:00, run_after=2025-10-09 00:00:00+00:00
[2025-10-09T13:24:02.903+0000] {processor.py:183} INFO - Processing /opt/airflow/dags/timeseries_pipeline.py took 0.749 seconds
[2025-10-09T13:24:33.490+0000] {processor.py:161} INFO - Started process (PID=1878) to work on /opt/airflow/dags/timeseries_pipeline.py
[2025-10-09T13:24:33.490+0000] {processor.py:830} INFO - Processing file /opt/airflow/dags/timeseries_pipeline.py for tasks to queue
[2025-10-09T13:24:33.491+0000] {logging_mixin.py:188} INFO - [2025-10-09T13:24:33.491+0000] {dagbag.py:545} INFO - Filling up the DagBag from /opt/airflow/dags/timeseries_pipeline.py
[2025-10-09T13:24:34.638+0000] {processor.py:840} INFO - DAG(s) 'timeseries_pipeline' retrieved from /opt/airflow/dags/timeseries_pipeline.py
[2025-10-09T13:24:34.661+0000] {logging_mixin.py:188} INFO - [2025-10-09T13:24:34.660+0000] {dag.py:3096} INFO - Sync 1 DAGs
[2025-10-09T13:24:34.677+0000] {logging_mixin.py:188} INFO - [2025-10-09T13:24:34.677+0000] {dag.py:3954} INFO - Setting next_dagrun for timeseries_pipeline to 2025-10-08 00:00:00+00:00, run_after=2025-10-09 00:00:00+00:00
[2025-10-09T13:24:34.698+0000] {processor.py:183} INFO - Processing /opt/airflow/dags/timeseries_pipeline.py took 1.213 seconds
[2025-10-09T13:25:04.959+0000] {processor.py:161} INFO - Started process (PID=1890) to work on /opt/airflow/dags/timeseries_pipeline.py
[2025-10-09T13:25:04.960+0000] {processor.py:830} INFO - Processing file /opt/airflow/dags/timeseries_pipeline.py for tasks to queue
[2025-10-09T13:25:04.960+0000] {logging_mixin.py:188} INFO - [2025-10-09T13:25:04.960+0000] {dagbag.py:545} INFO - Filling up the DagBag from /opt/airflow/dags/timeseries_pipeline.py
[2025-10-09T13:25:05.687+0000] {processor.py:840} INFO - DAG(s) 'timeseries_pipeline' retrieved from /opt/airflow/dags/timeseries_pipeline.py
[2025-10-09T13:25:05.721+0000] {logging_mixin.py:188} INFO - [2025-10-09T13:25:05.720+0000] {dag.py:3096} INFO - Sync 1 DAGs
[2025-10-09T13:25:05.749+0000] {logging_mixin.py:188} INFO - [2025-10-09T13:25:05.749+0000] {dag.py:3954} INFO - Setting next_dagrun for timeseries_pipeline to 2025-10-08 00:00:00+00:00, run_after=2025-10-09 00:00:00+00:00
[2025-10-09T13:25:05.774+0000] {processor.py:183} INFO - Processing /opt/airflow/dags/timeseries_pipeline.py took 0.819 seconds
[2025-10-09T13:25:36.226+0000] {processor.py:161} INFO - Started process (PID=1907) to work on /opt/airflow/dags/timeseries_pipeline.py
[2025-10-09T13:25:36.226+0000] {processor.py:830} INFO - Processing file /opt/airflow/dags/timeseries_pipeline.py for tasks to queue
[2025-10-09T13:25:36.227+0000] {logging_mixin.py:188} INFO - [2025-10-09T13:25:36.227+0000] {dagbag.py:545} INFO - Filling up the DagBag from /opt/airflow/dags/timeseries_pipeline.py
[2025-10-09T13:25:37.450+0000] {processor.py:840} INFO - DAG(s) 'timeseries_pipeline' retrieved from /opt/airflow/dags/timeseries_pipeline.py
[2025-10-09T13:25:37.469+0000] {logging_mixin.py:188} INFO - [2025-10-09T13:25:37.469+0000] {dag.py:3096} INFO - Sync 1 DAGs
[2025-10-09T13:25:37.489+0000] {logging_mixin.py:188} INFO - [2025-10-09T13:25:37.488+0000] {dag.py:3954} INFO - Setting next_dagrun for timeseries_pipeline to 2025-10-08 00:00:00+00:00, run_after=2025-10-09 00:00:00+00:00
[2025-10-09T13:25:37.515+0000] {processor.py:183} INFO - Processing /opt/airflow/dags/timeseries_pipeline.py took 1.293 seconds
[2025-10-09T13:26:07.595+0000] {processor.py:161} INFO - Started process (PID=1919) to work on /opt/airflow/dags/timeseries_pipeline.py
[2025-10-09T13:26:07.596+0000] {processor.py:830} INFO - Processing file /opt/airflow/dags/timeseries_pipeline.py for tasks to queue
[2025-10-09T13:26:07.597+0000] {logging_mixin.py:188} INFO - [2025-10-09T13:26:07.596+0000] {dagbag.py:545} INFO - Filling up the DagBag from /opt/airflow/dags/timeseries_pipeline.py
[2025-10-09T13:26:08.352+0000] {processor.py:840} INFO - DAG(s) 'timeseries_pipeline' retrieved from /opt/airflow/dags/timeseries_pipeline.py
[2025-10-09T13:26:08.379+0000] {logging_mixin.py:188} INFO - [2025-10-09T13:26:08.379+0000] {dag.py:3096} INFO - Sync 1 DAGs
[2025-10-09T13:26:08.395+0000] {logging_mixin.py:188} INFO - [2025-10-09T13:26:08.395+0000] {dag.py:3954} INFO - Setting next_dagrun for timeseries_pipeline to 2025-10-08 00:00:00+00:00, run_after=2025-10-09 00:00:00+00:00
[2025-10-09T13:26:08.417+0000] {processor.py:183} INFO - Processing /opt/airflow/dags/timeseries_pipeline.py took 0.826 seconds
[2025-10-09T13:26:38.964+0000] {processor.py:161} INFO - Started process (PID=1931) to work on /opt/airflow/dags/timeseries_pipeline.py
[2025-10-09T13:26:38.965+0000] {processor.py:830} INFO - Processing file /opt/airflow/dags/timeseries_pipeline.py for tasks to queue
[2025-10-09T13:26:38.966+0000] {logging_mixin.py:188} INFO - [2025-10-09T13:26:38.966+0000] {dagbag.py:545} INFO - Filling up the DagBag from /opt/airflow/dags/timeseries_pipeline.py
[2025-10-09T13:26:39.637+0000] {processor.py:840} INFO - DAG(s) 'timeseries_pipeline' retrieved from /opt/airflow/dags/timeseries_pipeline.py
[2025-10-09T13:26:39.662+0000] {logging_mixin.py:188} INFO - [2025-10-09T13:26:39.662+0000] {dag.py:3096} INFO - Sync 1 DAGs
[2025-10-09T13:26:39.680+0000] {logging_mixin.py:188} INFO - [2025-10-09T13:26:39.680+0000] {dag.py:3954} INFO - Setting next_dagrun for timeseries_pipeline to 2025-10-08 00:00:00+00:00, run_after=2025-10-09 00:00:00+00:00
[2025-10-09T13:26:39.706+0000] {processor.py:183} INFO - Processing /opt/airflow/dags/timeseries_pipeline.py took 0.746 seconds
[2025-10-09T13:27:10.131+0000] {processor.py:161} INFO - Started process (PID=1943) to work on /opt/airflow/dags/timeseries_pipeline.py
[2025-10-09T13:27:10.131+0000] {processor.py:830} INFO - Processing file /opt/airflow/dags/timeseries_pipeline.py for tasks to queue
[2025-10-09T13:27:10.132+0000] {logging_mixin.py:188} INFO - [2025-10-09T13:27:10.132+0000] {dagbag.py:545} INFO - Filling up the DagBag from /opt/airflow/dags/timeseries_pipeline.py
[2025-10-09T13:27:10.835+0000] {processor.py:840} INFO - DAG(s) 'timeseries_pipeline' retrieved from /opt/airflow/dags/timeseries_pipeline.py
[2025-10-09T13:27:10.861+0000] {logging_mixin.py:188} INFO - [2025-10-09T13:27:10.861+0000] {dag.py:3096} INFO - Sync 1 DAGs
[2025-10-09T13:27:10.880+0000] {logging_mixin.py:188} INFO - [2025-10-09T13:27:10.880+0000] {dag.py:3954} INFO - Setting next_dagrun for timeseries_pipeline to 2025-10-08 00:00:00+00:00, run_after=2025-10-09 00:00:00+00:00
[2025-10-09T13:27:10.905+0000] {processor.py:183} INFO - Processing /opt/airflow/dags/timeseries_pipeline.py took 0.778 seconds
[2025-10-09T13:27:41.411+0000] {processor.py:161} INFO - Started process (PID=1955) to work on /opt/airflow/dags/timeseries_pipeline.py
[2025-10-09T13:27:41.412+0000] {processor.py:830} INFO - Processing file /opt/airflow/dags/timeseries_pipeline.py for tasks to queue
[2025-10-09T13:27:41.413+0000] {logging_mixin.py:188} INFO - [2025-10-09T13:27:41.413+0000] {dagbag.py:545} INFO - Filling up the DagBag from /opt/airflow/dags/timeseries_pipeline.py
[2025-10-09T13:27:42.115+0000] {processor.py:840} INFO - DAG(s) 'timeseries_pipeline' retrieved from /opt/airflow/dags/timeseries_pipeline.py
[2025-10-09T13:27:42.140+0000] {logging_mixin.py:188} INFO - [2025-10-09T13:27:42.140+0000] {dag.py:3096} INFO - Sync 1 DAGs
[2025-10-09T13:27:42.160+0000] {logging_mixin.py:188} INFO - [2025-10-09T13:27:42.160+0000] {dag.py:3954} INFO - Setting next_dagrun for timeseries_pipeline to 2025-10-08 00:00:00+00:00, run_after=2025-10-09 00:00:00+00:00
[2025-10-09T13:27:42.191+0000] {processor.py:183} INFO - Processing /opt/airflow/dags/timeseries_pipeline.py took 0.784 seconds
[2025-10-09T13:28:12.285+0000] {processor.py:161} INFO - Started process (PID=1967) to work on /opt/airflow/dags/timeseries_pipeline.py
[2025-10-09T13:28:12.286+0000] {processor.py:830} INFO - Processing file /opt/airflow/dags/timeseries_pipeline.py for tasks to queue
[2025-10-09T13:28:12.287+0000] {logging_mixin.py:188} INFO - [2025-10-09T13:28:12.287+0000] {dagbag.py:545} INFO - Filling up the DagBag from /opt/airflow/dags/timeseries_pipeline.py
[2025-10-09T13:28:13.048+0000] {processor.py:840} INFO - DAG(s) 'timeseries_pipeline' retrieved from /opt/airflow/dags/timeseries_pipeline.py
[2025-10-09T13:28:13.078+0000] {logging_mixin.py:188} INFO - [2025-10-09T13:28:13.077+0000] {dag.py:3096} INFO - Sync 1 DAGs
[2025-10-09T13:28:13.099+0000] {logging_mixin.py:188} INFO - [2025-10-09T13:28:13.099+0000] {dag.py:3954} INFO - Setting next_dagrun for timeseries_pipeline to 2025-10-08 00:00:00+00:00, run_after=2025-10-09 00:00:00+00:00
[2025-10-09T13:28:13.124+0000] {processor.py:183} INFO - Processing /opt/airflow/dags/timeseries_pipeline.py took 0.843 seconds
[2025-10-09T13:28:43.747+0000] {processor.py:161} INFO - Started process (PID=1979) to work on /opt/airflow/dags/timeseries_pipeline.py
[2025-10-09T13:28:43.748+0000] {processor.py:830} INFO - Processing file /opt/airflow/dags/timeseries_pipeline.py for tasks to queue
[2025-10-09T13:28:43.749+0000] {logging_mixin.py:188} INFO - [2025-10-09T13:28:43.748+0000] {dagbag.py:545} INFO - Filling up the DagBag from /opt/airflow/dags/timeseries_pipeline.py
[2025-10-09T13:28:44.512+0000] {processor.py:840} INFO - DAG(s) 'timeseries_pipeline' retrieved from /opt/airflow/dags/timeseries_pipeline.py
[2025-10-09T13:28:44.535+0000] {logging_mixin.py:188} INFO - [2025-10-09T13:28:44.535+0000] {dag.py:3096} INFO - Sync 1 DAGs
[2025-10-09T13:28:44.554+0000] {logging_mixin.py:188} INFO - [2025-10-09T13:28:44.553+0000] {dag.py:3954} INFO - Setting next_dagrun for timeseries_pipeline to 2025-10-08 00:00:00+00:00, run_after=2025-10-09 00:00:00+00:00
[2025-10-09T13:28:44.574+0000] {processor.py:183} INFO - Processing /opt/airflow/dags/timeseries_pipeline.py took 0.831 seconds
[2025-10-09T13:29:14.878+0000] {processor.py:161} INFO - Started process (PID=1991) to work on /opt/airflow/dags/timeseries_pipeline.py
[2025-10-09T13:29:14.879+0000] {processor.py:830} INFO - Processing file /opt/airflow/dags/timeseries_pipeline.py for tasks to queue
[2025-10-09T13:29:14.879+0000] {logging_mixin.py:188} INFO - [2025-10-09T13:29:14.879+0000] {dagbag.py:545} INFO - Filling up the DagBag from /opt/airflow/dags/timeseries_pipeline.py
[2025-10-09T13:29:15.586+0000] {processor.py:840} INFO - DAG(s) 'timeseries_pipeline' retrieved from /opt/airflow/dags/timeseries_pipeline.py
[2025-10-09T13:29:15.618+0000] {logging_mixin.py:188} INFO - [2025-10-09T13:29:15.617+0000] {dag.py:3096} INFO - Sync 1 DAGs
[2025-10-09T13:29:15.638+0000] {logging_mixin.py:188} INFO - [2025-10-09T13:29:15.638+0000] {dag.py:3954} INFO - Setting next_dagrun for timeseries_pipeline to 2025-10-08 00:00:00+00:00, run_after=2025-10-09 00:00:00+00:00
[2025-10-09T13:29:15.662+0000] {processor.py:183} INFO - Processing /opt/airflow/dags/timeseries_pipeline.py took 0.788 seconds
[2025-10-09T13:29:45.775+0000] {processor.py:161} INFO - Started process (PID=2003) to work on /opt/airflow/dags/timeseries_pipeline.py
[2025-10-09T13:29:45.776+0000] {processor.py:830} INFO - Processing file /opt/airflow/dags/timeseries_pipeline.py for tasks to queue
[2025-10-09T13:29:45.776+0000] {logging_mixin.py:188} INFO - [2025-10-09T13:29:45.776+0000] {dagbag.py:545} INFO - Filling up the DagBag from /opt/airflow/dags/timeseries_pipeline.py
[2025-10-09T13:29:46.465+0000] {processor.py:840} INFO - DAG(s) 'timeseries_pipeline' retrieved from /opt/airflow/dags/timeseries_pipeline.py
[2025-10-09T13:29:46.489+0000] {logging_mixin.py:188} INFO - [2025-10-09T13:29:46.489+0000] {dag.py:3096} INFO - Sync 1 DAGs
[2025-10-09T13:29:46.514+0000] {logging_mixin.py:188} INFO - [2025-10-09T13:29:46.514+0000] {dag.py:3954} INFO - Setting next_dagrun for timeseries_pipeline to 2025-10-08 00:00:00+00:00, run_after=2025-10-09 00:00:00+00:00
[2025-10-09T13:29:46.539+0000] {processor.py:183} INFO - Processing /opt/airflow/dags/timeseries_pipeline.py took 0.768 seconds
[2025-10-09T13:30:16.650+0000] {processor.py:161} INFO - Started process (PID=2015) to work on /opt/airflow/dags/timeseries_pipeline.py
[2025-10-09T13:30:16.652+0000] {processor.py:830} INFO - Processing file /opt/airflow/dags/timeseries_pipeline.py for tasks to queue
[2025-10-09T13:30:16.652+0000] {logging_mixin.py:188} INFO - [2025-10-09T13:30:16.652+0000] {dagbag.py:545} INFO - Filling up the DagBag from /opt/airflow/dags/timeseries_pipeline.py
[2025-10-09T13:30:17.394+0000] {processor.py:840} INFO - DAG(s) 'timeseries_pipeline' retrieved from /opt/airflow/dags/timeseries_pipeline.py
[2025-10-09T13:30:17.418+0000] {logging_mixin.py:188} INFO - [2025-10-09T13:30:17.417+0000] {dag.py:3096} INFO - Sync 1 DAGs
[2025-10-09T13:30:17.440+0000] {logging_mixin.py:188} INFO - [2025-10-09T13:30:17.440+0000] {dag.py:3954} INFO - Setting next_dagrun for timeseries_pipeline to 2025-10-08 00:00:00+00:00, run_after=2025-10-09 00:00:00+00:00
[2025-10-09T13:30:17.461+0000] {processor.py:183} INFO - Processing /opt/airflow/dags/timeseries_pipeline.py took 0.814 seconds
[2025-10-09T13:30:48.148+0000] {processor.py:161} INFO - Started process (PID=2027) to work on /opt/airflow/dags/timeseries_pipeline.py
[2025-10-09T13:30:48.148+0000] {processor.py:830} INFO - Processing file /opt/airflow/dags/timeseries_pipeline.py for tasks to queue
[2025-10-09T13:30:48.149+0000] {logging_mixin.py:188} INFO - [2025-10-09T13:30:48.149+0000] {dagbag.py:545} INFO - Filling up the DagBag from /opt/airflow/dags/timeseries_pipeline.py
[2025-10-09T13:30:49.714+0000] {processor.py:840} INFO - DAG(s) 'timeseries_pipeline' retrieved from /opt/airflow/dags/timeseries_pipeline.py
[2025-10-09T13:30:49.743+0000] {logging_mixin.py:188} INFO - [2025-10-09T13:30:49.742+0000] {dag.py:3096} INFO - Sync 1 DAGs
[2025-10-09T13:30:49.769+0000] {logging_mixin.py:188} INFO - [2025-10-09T13:30:49.769+0000] {dag.py:3954} INFO - Setting next_dagrun for timeseries_pipeline to 2025-10-08 00:00:00+00:00, run_after=2025-10-09 00:00:00+00:00
[2025-10-09T13:30:49.797+0000] {processor.py:183} INFO - Processing /opt/airflow/dags/timeseries_pipeline.py took 1.653 seconds
[2025-10-09T13:31:20.419+0000] {processor.py:161} INFO - Started process (PID=2039) to work on /opt/airflow/dags/timeseries_pipeline.py
[2025-10-09T13:31:20.420+0000] {processor.py:830} INFO - Processing file /opt/airflow/dags/timeseries_pipeline.py for tasks to queue
[2025-10-09T13:31:20.420+0000] {logging_mixin.py:188} INFO - [2025-10-09T13:31:20.420+0000] {dagbag.py:545} INFO - Filling up the DagBag from /opt/airflow/dags/timeseries_pipeline.py
[2025-10-09T13:31:21.106+0000] {processor.py:840} INFO - DAG(s) 'timeseries_pipeline' retrieved from /opt/airflow/dags/timeseries_pipeline.py
[2025-10-09T13:31:21.130+0000] {logging_mixin.py:188} INFO - [2025-10-09T13:31:21.130+0000] {dag.py:3096} INFO - Sync 1 DAGs
[2025-10-09T13:31:21.155+0000] {logging_mixin.py:188} INFO - [2025-10-09T13:31:21.155+0000] {dag.py:3954} INFO - Setting next_dagrun for timeseries_pipeline to 2025-10-08 00:00:00+00:00, run_after=2025-10-09 00:00:00+00:00
[2025-10-09T13:31:21.178+0000] {processor.py:183} INFO - Processing /opt/airflow/dags/timeseries_pipeline.py took 0.764 seconds
[2025-10-09T13:31:51.358+0000] {processor.py:161} INFO - Started process (PID=2051) to work on /opt/airflow/dags/timeseries_pipeline.py
[2025-10-09T13:31:51.359+0000] {processor.py:830} INFO - Processing file /opt/airflow/dags/timeseries_pipeline.py for tasks to queue
[2025-10-09T13:31:51.359+0000] {logging_mixin.py:188} INFO - [2025-10-09T13:31:51.359+0000] {dagbag.py:545} INFO - Filling up the DagBag from /opt/airflow/dags/timeseries_pipeline.py
[2025-10-09T13:31:52.059+0000] {processor.py:840} INFO - DAG(s) 'timeseries_pipeline' retrieved from /opt/airflow/dags/timeseries_pipeline.py
[2025-10-09T13:31:52.083+0000] {logging_mixin.py:188} INFO - [2025-10-09T13:31:52.083+0000] {dag.py:3096} INFO - Sync 1 DAGs
[2025-10-09T13:31:52.103+0000] {logging_mixin.py:188} INFO - [2025-10-09T13:31:52.103+0000] {dag.py:3954} INFO - Setting next_dagrun for timeseries_pipeline to 2025-10-08 00:00:00+00:00, run_after=2025-10-09 00:00:00+00:00
[2025-10-09T13:31:52.126+0000] {processor.py:183} INFO - Processing /opt/airflow/dags/timeseries_pipeline.py took 0.772 seconds
[2025-10-09T13:32:23.035+0000] {processor.py:161} INFO - Started process (PID=2063) to work on /opt/airflow/dags/timeseries_pipeline.py
[2025-10-09T13:32:23.036+0000] {processor.py:830} INFO - Processing file /opt/airflow/dags/timeseries_pipeline.py for tasks to queue
[2025-10-09T13:32:23.037+0000] {logging_mixin.py:188} INFO - [2025-10-09T13:32:23.036+0000] {dagbag.py:545} INFO - Filling up the DagBag from /opt/airflow/dags/timeseries_pipeline.py
[2025-10-09T13:32:23.730+0000] {processor.py:840} INFO - DAG(s) 'timeseries_pipeline' retrieved from /opt/airflow/dags/timeseries_pipeline.py
[2025-10-09T13:32:23.751+0000] {logging_mixin.py:188} INFO - [2025-10-09T13:32:23.750+0000] {dag.py:3096} INFO - Sync 1 DAGs
[2025-10-09T13:32:23.768+0000] {logging_mixin.py:188} INFO - [2025-10-09T13:32:23.768+0000] {dag.py:3954} INFO - Setting next_dagrun for timeseries_pipeline to 2025-10-08 00:00:00+00:00, run_after=2025-10-09 00:00:00+00:00
[2025-10-09T13:32:23.791+0000] {processor.py:183} INFO - Processing /opt/airflow/dags/timeseries_pipeline.py took 0.761 seconds
[2025-10-09T13:32:54.280+0000] {processor.py:161} INFO - Started process (PID=2075) to work on /opt/airflow/dags/timeseries_pipeline.py
[2025-10-09T13:32:54.280+0000] {processor.py:830} INFO - Processing file /opt/airflow/dags/timeseries_pipeline.py for tasks to queue
[2025-10-09T13:32:54.282+0000] {logging_mixin.py:188} INFO - [2025-10-09T13:32:54.281+0000] {dagbag.py:545} INFO - Filling up the DagBag from /opt/airflow/dags/timeseries_pipeline.py
[2025-10-09T13:32:55.030+0000] {processor.py:840} INFO - DAG(s) 'timeseries_pipeline' retrieved from /opt/airflow/dags/timeseries_pipeline.py
[2025-10-09T13:32:55.050+0000] {logging_mixin.py:188} INFO - [2025-10-09T13:32:55.050+0000] {dag.py:3096} INFO - Sync 1 DAGs
[2025-10-09T13:32:55.069+0000] {logging_mixin.py:188} INFO - [2025-10-09T13:32:55.069+0000] {dag.py:3954} INFO - Setting next_dagrun for timeseries_pipeline to 2025-10-08 00:00:00+00:00, run_after=2025-10-09 00:00:00+00:00
[2025-10-09T13:32:55.091+0000] {processor.py:183} INFO - Processing /opt/airflow/dags/timeseries_pipeline.py took 0.817 seconds
[2025-10-09T13:33:25.396+0000] {processor.py:161} INFO - Started process (PID=2087) to work on /opt/airflow/dags/timeseries_pipeline.py
[2025-10-09T13:33:25.396+0000] {processor.py:830} INFO - Processing file /opt/airflow/dags/timeseries_pipeline.py for tasks to queue
[2025-10-09T13:33:25.397+0000] {logging_mixin.py:188} INFO - [2025-10-09T13:33:25.397+0000] {dagbag.py:545} INFO - Filling up the DagBag from /opt/airflow/dags/timeseries_pipeline.py
[2025-10-09T13:33:26.156+0000] {processor.py:840} INFO - DAG(s) 'timeseries_pipeline' retrieved from /opt/airflow/dags/timeseries_pipeline.py
[2025-10-09T13:33:26.176+0000] {logging_mixin.py:188} INFO - [2025-10-09T13:33:26.176+0000] {dag.py:3096} INFO - Sync 1 DAGs
[2025-10-09T13:33:26.193+0000] {logging_mixin.py:188} INFO - [2025-10-09T13:33:26.193+0000] {dag.py:3954} INFO - Setting next_dagrun for timeseries_pipeline to 2025-10-08 00:00:00+00:00, run_after=2025-10-09 00:00:00+00:00
[2025-10-09T13:33:26.215+0000] {processor.py:183} INFO - Processing /opt/airflow/dags/timeseries_pipeline.py took 0.825 seconds
[2025-10-09T13:33:56.295+0000] {processor.py:161} INFO - Started process (PID=2099) to work on /opt/airflow/dags/timeseries_pipeline.py
[2025-10-09T13:33:56.296+0000] {processor.py:830} INFO - Processing file /opt/airflow/dags/timeseries_pipeline.py for tasks to queue
[2025-10-09T13:33:56.297+0000] {logging_mixin.py:188} INFO - [2025-10-09T13:33:56.297+0000] {dagbag.py:545} INFO - Filling up the DagBag from /opt/airflow/dags/timeseries_pipeline.py
[2025-10-09T13:33:57.669+0000] {processor.py:840} INFO - DAG(s) 'timeseries_pipeline' retrieved from /opt/airflow/dags/timeseries_pipeline.py
[2025-10-09T13:33:57.696+0000] {logging_mixin.py:188} INFO - [2025-10-09T13:33:57.695+0000] {dag.py:3096} INFO - Sync 1 DAGs
[2025-10-09T13:33:57.726+0000] {logging_mixin.py:188} INFO - [2025-10-09T13:33:57.726+0000] {dag.py:3954} INFO - Setting next_dagrun for timeseries_pipeline to 2025-10-08 00:00:00+00:00, run_after=2025-10-09 00:00:00+00:00
[2025-10-09T13:33:57.751+0000] {processor.py:183} INFO - Processing /opt/airflow/dags/timeseries_pipeline.py took 1.460 seconds
[2025-10-09T13:34:28.044+0000] {processor.py:161} INFO - Started process (PID=2111) to work on /opt/airflow/dags/timeseries_pipeline.py
[2025-10-09T13:34:28.045+0000] {processor.py:830} INFO - Processing file /opt/airflow/dags/timeseries_pipeline.py for tasks to queue
[2025-10-09T13:34:28.046+0000] {logging_mixin.py:188} INFO - [2025-10-09T13:34:28.045+0000] {dagbag.py:545} INFO - Filling up the DagBag from /opt/airflow/dags/timeseries_pipeline.py
[2025-10-09T13:34:28.793+0000] {processor.py:840} INFO - DAG(s) 'timeseries_pipeline' retrieved from /opt/airflow/dags/timeseries_pipeline.py
[2025-10-09T13:34:28.819+0000] {logging_mixin.py:188} INFO - [2025-10-09T13:34:28.818+0000] {dag.py:3096} INFO - Sync 1 DAGs
[2025-10-09T13:34:28.844+0000] {logging_mixin.py:188} INFO - [2025-10-09T13:34:28.844+0000] {dag.py:3954} INFO - Setting next_dagrun for timeseries_pipeline to 2025-10-08 00:00:00+00:00, run_after=2025-10-09 00:00:00+00:00
[2025-10-09T13:34:28.869+0000] {processor.py:183} INFO - Processing /opt/airflow/dags/timeseries_pipeline.py took 0.829 seconds
[2025-10-09T13:34:59.558+0000] {processor.py:161} INFO - Started process (PID=2123) to work on /opt/airflow/dags/timeseries_pipeline.py
[2025-10-09T13:34:59.559+0000] {processor.py:830} INFO - Processing file /opt/airflow/dags/timeseries_pipeline.py for tasks to queue
[2025-10-09T13:34:59.560+0000] {logging_mixin.py:188} INFO - [2025-10-09T13:34:59.560+0000] {dagbag.py:545} INFO - Filling up the DagBag from /opt/airflow/dags/timeseries_pipeline.py
[2025-10-09T13:35:00.266+0000] {processor.py:840} INFO - DAG(s) 'timeseries_pipeline' retrieved from /opt/airflow/dags/timeseries_pipeline.py
[2025-10-09T13:35:00.291+0000] {logging_mixin.py:188} INFO - [2025-10-09T13:35:00.291+0000] {dag.py:3096} INFO - Sync 1 DAGs
[2025-10-09T13:35:00.309+0000] {logging_mixin.py:188} INFO - [2025-10-09T13:35:00.309+0000] {dag.py:3954} INFO - Setting next_dagrun for timeseries_pipeline to 2025-10-08 00:00:00+00:00, run_after=2025-10-09 00:00:00+00:00
[2025-10-09T13:35:00.333+0000] {processor.py:183} INFO - Processing /opt/airflow/dags/timeseries_pipeline.py took 0.779 seconds
[2025-10-09T13:35:30.602+0000] {processor.py:161} INFO - Started process (PID=2135) to work on /opt/airflow/dags/timeseries_pipeline.py
[2025-10-09T13:35:30.602+0000] {processor.py:830} INFO - Processing file /opt/airflow/dags/timeseries_pipeline.py for tasks to queue
[2025-10-09T13:35:30.603+0000] {logging_mixin.py:188} INFO - [2025-10-09T13:35:30.603+0000] {dagbag.py:545} INFO - Filling up the DagBag from /opt/airflow/dags/timeseries_pipeline.py
[2025-10-09T13:35:31.326+0000] {processor.py:840} INFO - DAG(s) 'timeseries_pipeline' retrieved from /opt/airflow/dags/timeseries_pipeline.py
[2025-10-09T13:35:31.353+0000] {logging_mixin.py:188} INFO - [2025-10-09T13:35:31.353+0000] {dag.py:3096} INFO - Sync 1 DAGs
[2025-10-09T13:35:31.371+0000] {logging_mixin.py:188} INFO - [2025-10-09T13:35:31.371+0000] {dag.py:3954} INFO - Setting next_dagrun for timeseries_pipeline to 2025-10-08 00:00:00+00:00, run_after=2025-10-09 00:00:00+00:00
[2025-10-09T13:35:31.392+0000] {processor.py:183} INFO - Processing /opt/airflow/dags/timeseries_pipeline.py took 0.795 seconds
[2025-10-09T13:36:01.582+0000] {processor.py:161} INFO - Started process (PID=2147) to work on /opt/airflow/dags/timeseries_pipeline.py
[2025-10-09T13:36:01.583+0000] {processor.py:830} INFO - Processing file /opt/airflow/dags/timeseries_pipeline.py for tasks to queue
[2025-10-09T13:36:01.584+0000] {logging_mixin.py:188} INFO - [2025-10-09T13:36:01.583+0000] {dagbag.py:545} INFO - Filling up the DagBag from /opt/airflow/dags/timeseries_pipeline.py
[2025-10-09T13:36:02.281+0000] {processor.py:840} INFO - DAG(s) 'timeseries_pipeline' retrieved from /opt/airflow/dags/timeseries_pipeline.py
[2025-10-09T13:36:02.309+0000] {logging_mixin.py:188} INFO - [2025-10-09T13:36:02.309+0000] {dag.py:3096} INFO - Sync 1 DAGs
[2025-10-09T13:36:02.333+0000] {logging_mixin.py:188} INFO - [2025-10-09T13:36:02.333+0000] {dag.py:3954} INFO - Setting next_dagrun for timeseries_pipeline to 2025-10-08 00:00:00+00:00, run_after=2025-10-09 00:00:00+00:00
[2025-10-09T13:36:02.353+0000] {processor.py:183} INFO - Processing /opt/airflow/dags/timeseries_pipeline.py took 0.775 seconds
[2025-10-09T13:36:33.219+0000] {processor.py:161} INFO - Started process (PID=2159) to work on /opt/airflow/dags/timeseries_pipeline.py
[2025-10-09T13:36:33.219+0000] {processor.py:830} INFO - Processing file /opt/airflow/dags/timeseries_pipeline.py for tasks to queue
[2025-10-09T13:36:33.220+0000] {logging_mixin.py:188} INFO - [2025-10-09T13:36:33.220+0000] {dagbag.py:545} INFO - Filling up the DagBag from /opt/airflow/dags/timeseries_pipeline.py
[2025-10-09T13:36:33.939+0000] {processor.py:840} INFO - DAG(s) 'timeseries_pipeline' retrieved from /opt/airflow/dags/timeseries_pipeline.py
[2025-10-09T13:36:33.963+0000] {logging_mixin.py:188} INFO - [2025-10-09T13:36:33.963+0000] {dag.py:3096} INFO - Sync 1 DAGs
[2025-10-09T13:36:33.982+0000] {logging_mixin.py:188} INFO - [2025-10-09T13:36:33.981+0000] {dag.py:3954} INFO - Setting next_dagrun for timeseries_pipeline to 2025-10-08 00:00:00+00:00, run_after=2025-10-09 00:00:00+00:00
[2025-10-09T13:36:34.013+0000] {processor.py:183} INFO - Processing /opt/airflow/dags/timeseries_pipeline.py took 0.799 seconds
[2025-10-09T13:37:04.407+0000] {processor.py:161} INFO - Started process (PID=2171) to work on /opt/airflow/dags/timeseries_pipeline.py
[2025-10-09T13:37:04.408+0000] {processor.py:830} INFO - Processing file /opt/airflow/dags/timeseries_pipeline.py for tasks to queue
[2025-10-09T13:37:04.409+0000] {logging_mixin.py:188} INFO - [2025-10-09T13:37:04.409+0000] {dagbag.py:545} INFO - Filling up the DagBag from /opt/airflow/dags/timeseries_pipeline.py
[2025-10-09T13:37:05.133+0000] {processor.py:840} INFO - DAG(s) 'timeseries_pipeline' retrieved from /opt/airflow/dags/timeseries_pipeline.py
[2025-10-09T13:37:05.160+0000] {logging_mixin.py:188} INFO - [2025-10-09T13:37:05.160+0000] {dag.py:3096} INFO - Sync 1 DAGs
[2025-10-09T13:37:05.177+0000] {logging_mixin.py:188} INFO - [2025-10-09T13:37:05.177+0000] {dag.py:3954} INFO - Setting next_dagrun for timeseries_pipeline to 2025-10-08 00:00:00+00:00, run_after=2025-10-09 00:00:00+00:00
[2025-10-09T13:37:05.203+0000] {processor.py:183} INFO - Processing /opt/airflow/dags/timeseries_pipeline.py took 0.800 seconds
[2025-10-09T13:37:35.388+0000] {processor.py:161} INFO - Started process (PID=2183) to work on /opt/airflow/dags/timeseries_pipeline.py
[2025-10-09T13:37:35.389+0000] {processor.py:830} INFO - Processing file /opt/airflow/dags/timeseries_pipeline.py for tasks to queue
[2025-10-09T13:37:35.389+0000] {logging_mixin.py:188} INFO - [2025-10-09T13:37:35.389+0000] {dagbag.py:545} INFO - Filling up the DagBag from /opt/airflow/dags/timeseries_pipeline.py
[2025-10-09T13:37:36.113+0000] {processor.py:840} INFO - DAG(s) 'timeseries_pipeline' retrieved from /opt/airflow/dags/timeseries_pipeline.py
[2025-10-09T13:37:36.133+0000] {logging_mixin.py:188} INFO - [2025-10-09T13:37:36.133+0000] {dag.py:3096} INFO - Sync 1 DAGs
[2025-10-09T13:37:36.149+0000] {logging_mixin.py:188} INFO - [2025-10-09T13:37:36.149+0000] {dag.py:3954} INFO - Setting next_dagrun for timeseries_pipeline to 2025-10-08 00:00:00+00:00, run_after=2025-10-09 00:00:00+00:00
[2025-10-09T13:37:36.169+0000] {processor.py:183} INFO - Processing /opt/airflow/dags/timeseries_pipeline.py took 0.785 seconds
[2025-10-09T13:38:06.244+0000] {processor.py:161} INFO - Started process (PID=2195) to work on /opt/airflow/dags/timeseries_pipeline.py
[2025-10-09T13:38:06.245+0000] {processor.py:830} INFO - Processing file /opt/airflow/dags/timeseries_pipeline.py for tasks to queue
[2025-10-09T13:38:06.246+0000] {logging_mixin.py:188} INFO - [2025-10-09T13:38:06.245+0000] {dagbag.py:545} INFO - Filling up the DagBag from /opt/airflow/dags/timeseries_pipeline.py
[2025-10-09T13:38:07.008+0000] {processor.py:840} INFO - DAG(s) 'timeseries_pipeline' retrieved from /opt/airflow/dags/timeseries_pipeline.py
[2025-10-09T13:38:07.043+0000] {logging_mixin.py:188} INFO - [2025-10-09T13:38:07.042+0000] {dag.py:3096} INFO - Sync 1 DAGs
[2025-10-09T13:38:07.065+0000] {logging_mixin.py:188} INFO - [2025-10-09T13:38:07.065+0000] {dag.py:3954} INFO - Setting next_dagrun for timeseries_pipeline to 2025-10-08 00:00:00+00:00, run_after=2025-10-09 00:00:00+00:00
[2025-10-09T13:38:07.085+0000] {processor.py:183} INFO - Processing /opt/airflow/dags/timeseries_pipeline.py took 0.845 seconds
[2025-10-09T13:38:37.730+0000] {processor.py:161} INFO - Started process (PID=2207) to work on /opt/airflow/dags/timeseries_pipeline.py
[2025-10-09T13:38:37.731+0000] {processor.py:830} INFO - Processing file /opt/airflow/dags/timeseries_pipeline.py for tasks to queue
[2025-10-09T13:38:37.732+0000] {logging_mixin.py:188} INFO - [2025-10-09T13:38:37.732+0000] {dagbag.py:545} INFO - Filling up the DagBag from /opt/airflow/dags/timeseries_pipeline.py
[2025-10-09T13:38:38.435+0000] {processor.py:840} INFO - DAG(s) 'timeseries_pipeline' retrieved from /opt/airflow/dags/timeseries_pipeline.py
[2025-10-09T13:38:38.463+0000] {logging_mixin.py:188} INFO - [2025-10-09T13:38:38.463+0000] {dag.py:3096} INFO - Sync 1 DAGs
[2025-10-09T13:38:38.482+0000] {logging_mixin.py:188} INFO - [2025-10-09T13:38:38.482+0000] {dag.py:3954} INFO - Setting next_dagrun for timeseries_pipeline to 2025-10-08 00:00:00+00:00, run_after=2025-10-09 00:00:00+00:00
[2025-10-09T13:38:38.509+0000] {processor.py:183} INFO - Processing /opt/airflow/dags/timeseries_pipeline.py took 0.782 seconds
[2025-10-09T13:39:08.946+0000] {processor.py:161} INFO - Started process (PID=2219) to work on /opt/airflow/dags/timeseries_pipeline.py
[2025-10-09T13:39:08.947+0000] {processor.py:830} INFO - Processing file /opt/airflow/dags/timeseries_pipeline.py for tasks to queue
[2025-10-09T13:39:08.948+0000] {logging_mixin.py:188} INFO - [2025-10-09T13:39:08.947+0000] {dagbag.py:545} INFO - Filling up the DagBag from /opt/airflow/dags/timeseries_pipeline.py
[2025-10-09T13:39:09.701+0000] {processor.py:840} INFO - DAG(s) 'timeseries_pipeline' retrieved from /opt/airflow/dags/timeseries_pipeline.py
[2025-10-09T13:39:09.726+0000] {logging_mixin.py:188} INFO - [2025-10-09T13:39:09.725+0000] {dag.py:3096} INFO - Sync 1 DAGs
[2025-10-09T13:39:09.745+0000] {logging_mixin.py:188} INFO - [2025-10-09T13:39:09.745+0000] {dag.py:3954} INFO - Setting next_dagrun for timeseries_pipeline to 2025-10-08 00:00:00+00:00, run_after=2025-10-09 00:00:00+00:00
[2025-10-09T13:39:09.765+0000] {processor.py:183} INFO - Processing /opt/airflow/dags/timeseries_pipeline.py took 0.823 seconds
[2025-10-09T13:39:40.241+0000] {processor.py:161} INFO - Started process (PID=2231) to work on /opt/airflow/dags/timeseries_pipeline.py
[2025-10-09T13:39:40.242+0000] {processor.py:830} INFO - Processing file /opt/airflow/dags/timeseries_pipeline.py for tasks to queue
[2025-10-09T13:39:40.243+0000] {logging_mixin.py:188} INFO - [2025-10-09T13:39:40.243+0000] {dagbag.py:545} INFO - Filling up the DagBag from /opt/airflow/dags/timeseries_pipeline.py
[2025-10-09T13:39:41.561+0000] {processor.py:840} INFO - DAG(s) 'timeseries_pipeline' retrieved from /opt/airflow/dags/timeseries_pipeline.py
[2025-10-09T13:39:41.582+0000] {logging_mixin.py:188} INFO - [2025-10-09T13:39:41.581+0000] {dag.py:3096} INFO - Sync 1 DAGs
[2025-10-09T13:39:41.608+0000] {logging_mixin.py:188} INFO - [2025-10-09T13:39:41.607+0000] {dag.py:3954} INFO - Setting next_dagrun for timeseries_pipeline to 2025-10-08 00:00:00+00:00, run_after=2025-10-09 00:00:00+00:00
[2025-10-09T13:39:41.631+0000] {processor.py:183} INFO - Processing /opt/airflow/dags/timeseries_pipeline.py took 1.393 seconds
[2025-10-09T13:40:12.257+0000] {processor.py:161} INFO - Started process (PID=2243) to work on /opt/airflow/dags/timeseries_pipeline.py
[2025-10-09T13:40:12.258+0000] {processor.py:830} INFO - Processing file /opt/airflow/dags/timeseries_pipeline.py for tasks to queue
[2025-10-09T13:40:12.259+0000] {logging_mixin.py:188} INFO - [2025-10-09T13:40:12.259+0000] {dagbag.py:545} INFO - Filling up the DagBag from /opt/airflow/dags/timeseries_pipeline.py
[2025-10-09T13:40:12.983+0000] {processor.py:840} INFO - DAG(s) 'timeseries_pipeline' retrieved from /opt/airflow/dags/timeseries_pipeline.py
[2025-10-09T13:40:13.011+0000] {logging_mixin.py:188} INFO - [2025-10-09T13:40:13.010+0000] {dag.py:3096} INFO - Sync 1 DAGs
[2025-10-09T13:40:13.033+0000] {logging_mixin.py:188} INFO - [2025-10-09T13:40:13.032+0000] {dag.py:3954} INFO - Setting next_dagrun for timeseries_pipeline to 2025-10-08 00:00:00+00:00, run_after=2025-10-09 00:00:00+00:00
[2025-10-09T13:40:13.059+0000] {processor.py:183} INFO - Processing /opt/airflow/dags/timeseries_pipeline.py took 0.806 seconds
[2025-10-09T13:40:43.981+0000] {processor.py:161} INFO - Started process (PID=2255) to work on /opt/airflow/dags/timeseries_pipeline.py
[2025-10-09T13:40:43.982+0000] {processor.py:830} INFO - Processing file /opt/airflow/dags/timeseries_pipeline.py for tasks to queue
[2025-10-09T13:40:43.983+0000] {logging_mixin.py:188} INFO - [2025-10-09T13:40:43.982+0000] {dagbag.py:545} INFO - Filling up the DagBag from /opt/airflow/dags/timeseries_pipeline.py
[2025-10-09T13:40:45.381+0000] {processor.py:840} INFO - DAG(s) 'timeseries_pipeline' retrieved from /opt/airflow/dags/timeseries_pipeline.py
[2025-10-09T13:40:45.400+0000] {logging_mixin.py:188} INFO - [2025-10-09T13:40:45.399+0000] {dag.py:3096} INFO - Sync 1 DAGs
[2025-10-09T13:40:45.417+0000] {logging_mixin.py:188} INFO - [2025-10-09T13:40:45.417+0000] {dag.py:3954} INFO - Setting next_dagrun for timeseries_pipeline to 2025-10-08 00:00:00+00:00, run_after=2025-10-09 00:00:00+00:00
[2025-10-09T13:40:45.440+0000] {processor.py:183} INFO - Processing /opt/airflow/dags/timeseries_pipeline.py took 1.464 seconds
[2025-10-09T13:41:15.854+0000] {processor.py:161} INFO - Started process (PID=2267) to work on /opt/airflow/dags/timeseries_pipeline.py
[2025-10-09T13:41:15.855+0000] {processor.py:830} INFO - Processing file /opt/airflow/dags/timeseries_pipeline.py for tasks to queue
[2025-10-09T13:41:15.856+0000] {logging_mixin.py:188} INFO - [2025-10-09T13:41:15.855+0000] {dagbag.py:545} INFO - Filling up the DagBag from /opt/airflow/dags/timeseries_pipeline.py
[2025-10-09T13:41:16.589+0000] {processor.py:840} INFO - DAG(s) 'timeseries_pipeline' retrieved from /opt/airflow/dags/timeseries_pipeline.py
[2025-10-09T13:41:16.611+0000] {logging_mixin.py:188} INFO - [2025-10-09T13:41:16.610+0000] {dag.py:3096} INFO - Sync 1 DAGs
[2025-10-09T13:41:16.627+0000] {logging_mixin.py:188} INFO - [2025-10-09T13:41:16.627+0000] {dag.py:3954} INFO - Setting next_dagrun for timeseries_pipeline to 2025-10-08 00:00:00+00:00, run_after=2025-10-09 00:00:00+00:00
[2025-10-09T13:41:16.647+0000] {processor.py:183} INFO - Processing /opt/airflow/dags/timeseries_pipeline.py took 0.797 seconds
[2025-10-09T13:41:46.879+0000] {processor.py:161} INFO - Started process (PID=2279) to work on /opt/airflow/dags/timeseries_pipeline.py
[2025-10-09T13:41:46.879+0000] {processor.py:830} INFO - Processing file /opt/airflow/dags/timeseries_pipeline.py for tasks to queue
[2025-10-09T13:41:46.880+0000] {logging_mixin.py:188} INFO - [2025-10-09T13:41:46.880+0000] {dagbag.py:545} INFO - Filling up the DagBag from /opt/airflow/dags/timeseries_pipeline.py
[2025-10-09T13:41:48.171+0000] {processor.py:840} INFO - DAG(s) 'timeseries_pipeline' retrieved from /opt/airflow/dags/timeseries_pipeline.py
[2025-10-09T13:41:48.190+0000] {logging_mixin.py:188} INFO - [2025-10-09T13:41:48.190+0000] {dag.py:3096} INFO - Sync 1 DAGs
[2025-10-09T13:41:48.210+0000] {logging_mixin.py:188} INFO - [2025-10-09T13:41:48.210+0000] {dag.py:3954} INFO - Setting next_dagrun for timeseries_pipeline to 2025-10-08 00:00:00+00:00, run_after=2025-10-09 00:00:00+00:00
[2025-10-09T13:41:48.229+0000] {processor.py:183} INFO - Processing /opt/airflow/dags/timeseries_pipeline.py took 1.354 seconds
[2025-10-09T13:42:18.329+0000] {processor.py:161} INFO - Started process (PID=2291) to work on /opt/airflow/dags/timeseries_pipeline.py
[2025-10-09T13:42:18.330+0000] {processor.py:830} INFO - Processing file /opt/airflow/dags/timeseries_pipeline.py for tasks to queue
[2025-10-09T13:42:18.331+0000] {logging_mixin.py:188} INFO - [2025-10-09T13:42:18.330+0000] {dagbag.py:545} INFO - Filling up the DagBag from /opt/airflow/dags/timeseries_pipeline.py
[2025-10-09T13:42:19.001+0000] {processor.py:840} INFO - DAG(s) 'timeseries_pipeline' retrieved from /opt/airflow/dags/timeseries_pipeline.py
[2025-10-09T13:42:19.025+0000] {logging_mixin.py:188} INFO - [2025-10-09T13:42:19.025+0000] {dag.py:3096} INFO - Sync 1 DAGs
[2025-10-09T13:42:19.041+0000] {logging_mixin.py:188} INFO - [2025-10-09T13:42:19.041+0000] {dag.py:3954} INFO - Setting next_dagrun for timeseries_pipeline to 2025-10-08 00:00:00+00:00, run_after=2025-10-09 00:00:00+00:00
[2025-10-09T13:42:19.064+0000] {processor.py:183} INFO - Processing /opt/airflow/dags/timeseries_pipeline.py took 0.740 seconds
[2025-10-09T13:42:49.638+0000] {processor.py:161} INFO - Started process (PID=2303) to work on /opt/airflow/dags/timeseries_pipeline.py
[2025-10-09T13:42:49.639+0000] {processor.py:830} INFO - Processing file /opt/airflow/dags/timeseries_pipeline.py for tasks to queue
[2025-10-09T13:42:49.640+0000] {logging_mixin.py:188} INFO - [2025-10-09T13:42:49.640+0000] {dagbag.py:545} INFO - Filling up the DagBag from /opt/airflow/dags/timeseries_pipeline.py
[2025-10-09T13:42:50.399+0000] {processor.py:840} INFO - DAG(s) 'timeseries_pipeline' retrieved from /opt/airflow/dags/timeseries_pipeline.py
[2025-10-09T13:42:50.422+0000] {logging_mixin.py:188} INFO - [2025-10-09T13:42:50.422+0000] {dag.py:3096} INFO - Sync 1 DAGs
[2025-10-09T13:42:50.442+0000] {logging_mixin.py:188} INFO - [2025-10-09T13:42:50.442+0000] {dag.py:3954} INFO - Setting next_dagrun for timeseries_pipeline to 2025-10-08 00:00:00+00:00, run_after=2025-10-09 00:00:00+00:00
[2025-10-09T13:42:50.463+0000] {processor.py:183} INFO - Processing /opt/airflow/dags/timeseries_pipeline.py took 0.829 seconds
[2025-10-09T13:43:21.058+0000] {processor.py:161} INFO - Started process (PID=2315) to work on /opt/airflow/dags/timeseries_pipeline.py
[2025-10-09T13:43:21.059+0000] {processor.py:830} INFO - Processing file /opt/airflow/dags/timeseries_pipeline.py for tasks to queue
[2025-10-09T13:43:21.060+0000] {logging_mixin.py:188} INFO - [2025-10-09T13:43:21.059+0000] {dagbag.py:545} INFO - Filling up the DagBag from /opt/airflow/dags/timeseries_pipeline.py
[2025-10-09T13:43:21.777+0000] {processor.py:840} INFO - DAG(s) 'timeseries_pipeline' retrieved from /opt/airflow/dags/timeseries_pipeline.py
[2025-10-09T13:43:21.798+0000] {logging_mixin.py:188} INFO - [2025-10-09T13:43:21.797+0000] {dag.py:3096} INFO - Sync 1 DAGs
[2025-10-09T13:43:21.815+0000] {logging_mixin.py:188} INFO - [2025-10-09T13:43:21.815+0000] {dag.py:3954} INFO - Setting next_dagrun for timeseries_pipeline to 2025-10-08 00:00:00+00:00, run_after=2025-10-09 00:00:00+00:00
[2025-10-09T13:43:21.838+0000] {processor.py:183} INFO - Processing /opt/airflow/dags/timeseries_pipeline.py took 0.784 seconds
[2025-10-09T13:43:52.006+0000] {processor.py:161} INFO - Started process (PID=2327) to work on /opt/airflow/dags/timeseries_pipeline.py
[2025-10-09T13:43:52.007+0000] {processor.py:830} INFO - Processing file /opt/airflow/dags/timeseries_pipeline.py for tasks to queue
[2025-10-09T13:43:52.007+0000] {logging_mixin.py:188} INFO - [2025-10-09T13:43:52.007+0000] {dagbag.py:545} INFO - Filling up the DagBag from /opt/airflow/dags/timeseries_pipeline.py
[2025-10-09T13:43:53.136+0000] {processor.py:840} INFO - DAG(s) 'timeseries_pipeline' retrieved from /opt/airflow/dags/timeseries_pipeline.py
[2025-10-09T13:43:53.154+0000] {logging_mixin.py:188} INFO - [2025-10-09T13:43:53.154+0000] {dag.py:3096} INFO - Sync 1 DAGs
[2025-10-09T13:43:53.170+0000] {logging_mixin.py:188} INFO - [2025-10-09T13:43:53.170+0000] {dag.py:3954} INFO - Setting next_dagrun for timeseries_pipeline to 2025-10-08 00:00:00+00:00, run_after=2025-10-09 00:00:00+00:00
[2025-10-09T13:43:53.193+0000] {processor.py:183} INFO - Processing /opt/airflow/dags/timeseries_pipeline.py took 1.191 seconds
[2025-10-09T13:44:23.365+0000] {processor.py:161} INFO - Started process (PID=2339) to work on /opt/airflow/dags/timeseries_pipeline.py
[2025-10-09T13:44:23.365+0000] {processor.py:830} INFO - Processing file /opt/airflow/dags/timeseries_pipeline.py for tasks to queue
[2025-10-09T13:44:23.366+0000] {logging_mixin.py:188} INFO - [2025-10-09T13:44:23.366+0000] {dagbag.py:545} INFO - Filling up the DagBag from /opt/airflow/dags/timeseries_pipeline.py
[2025-10-09T13:44:24.011+0000] {processor.py:840} INFO - DAG(s) 'timeseries_pipeline' retrieved from /opt/airflow/dags/timeseries_pipeline.py
[2025-10-09T13:44:24.033+0000] {logging_mixin.py:188} INFO - [2025-10-09T13:44:24.033+0000] {dag.py:3096} INFO - Sync 1 DAGs
[2025-10-09T13:44:24.054+0000] {logging_mixin.py:188} INFO - [2025-10-09T13:44:24.053+0000] {dag.py:3954} INFO - Setting next_dagrun for timeseries_pipeline to 2025-10-08 00:00:00+00:00, run_after=2025-10-09 00:00:00+00:00
[2025-10-09T13:44:24.074+0000] {processor.py:183} INFO - Processing /opt/airflow/dags/timeseries_pipeline.py took 0.713 seconds
[2025-10-09T13:44:54.611+0000] {processor.py:161} INFO - Started process (PID=2351) to work on /opt/airflow/dags/timeseries_pipeline.py
[2025-10-09T13:44:54.612+0000] {processor.py:830} INFO - Processing file /opt/airflow/dags/timeseries_pipeline.py for tasks to queue
[2025-10-09T13:44:54.614+0000] {logging_mixin.py:188} INFO - [2025-10-09T13:44:54.613+0000] {dagbag.py:545} INFO - Filling up the DagBag from /opt/airflow/dags/timeseries_pipeline.py
[2025-10-09T13:44:55.936+0000] {processor.py:840} INFO - DAG(s) 'timeseries_pipeline' retrieved from /opt/airflow/dags/timeseries_pipeline.py
[2025-10-09T13:44:55.956+0000] {logging_mixin.py:188} INFO - [2025-10-09T13:44:55.955+0000] {dag.py:3096} INFO - Sync 1 DAGs
[2025-10-09T13:44:55.972+0000] {logging_mixin.py:188} INFO - [2025-10-09T13:44:55.972+0000] {dag.py:3954} INFO - Setting next_dagrun for timeseries_pipeline to 2025-10-08 00:00:00+00:00, run_after=2025-10-09 00:00:00+00:00
[2025-10-09T13:44:55.990+0000] {processor.py:183} INFO - Processing /opt/airflow/dags/timeseries_pipeline.py took 1.383 seconds
[2025-10-09T13:45:26.352+0000] {processor.py:161} INFO - Started process (PID=2363) to work on /opt/airflow/dags/timeseries_pipeline.py
[2025-10-09T13:45:26.353+0000] {processor.py:830} INFO - Processing file /opt/airflow/dags/timeseries_pipeline.py for tasks to queue
[2025-10-09T13:45:26.354+0000] {logging_mixin.py:188} INFO - [2025-10-09T13:45:26.354+0000] {dagbag.py:545} INFO - Filling up the DagBag from /opt/airflow/dags/timeseries_pipeline.py
[2025-10-09T13:45:27.070+0000] {processor.py:840} INFO - DAG(s) 'timeseries_pipeline' retrieved from /opt/airflow/dags/timeseries_pipeline.py
[2025-10-09T13:45:27.104+0000] {logging_mixin.py:188} INFO - [2025-10-09T13:45:27.103+0000] {dag.py:3096} INFO - Sync 1 DAGs
[2025-10-09T13:45:27.126+0000] {logging_mixin.py:188} INFO - [2025-10-09T13:45:27.126+0000] {dag.py:3954} INFO - Setting next_dagrun for timeseries_pipeline to 2025-10-08 00:00:00+00:00, run_after=2025-10-09 00:00:00+00:00
[2025-10-09T13:45:27.151+0000] {processor.py:183} INFO - Processing /opt/airflow/dags/timeseries_pipeline.py took 0.804 seconds
[2025-10-09T13:45:57.447+0000] {processor.py:161} INFO - Started process (PID=2375) to work on /opt/airflow/dags/timeseries_pipeline.py
[2025-10-09T13:45:57.448+0000] {processor.py:830} INFO - Processing file /opt/airflow/dags/timeseries_pipeline.py for tasks to queue
[2025-10-09T13:45:57.449+0000] {logging_mixin.py:188} INFO - [2025-10-09T13:45:57.448+0000] {dagbag.py:545} INFO - Filling up the DagBag from /opt/airflow/dags/timeseries_pipeline.py
[2025-10-09T13:45:58.765+0000] {processor.py:840} INFO - DAG(s) 'timeseries_pipeline' retrieved from /opt/airflow/dags/timeseries_pipeline.py
[2025-10-09T13:45:58.787+0000] {logging_mixin.py:188} INFO - [2025-10-09T13:45:58.786+0000] {dag.py:3096} INFO - Sync 1 DAGs
[2025-10-09T13:45:58.805+0000] {logging_mixin.py:188} INFO - [2025-10-09T13:45:58.805+0000] {dag.py:3954} INFO - Setting next_dagrun for timeseries_pipeline to 2025-10-08 00:00:00+00:00, run_after=2025-10-09 00:00:00+00:00
[2025-10-09T13:45:58.829+0000] {processor.py:183} INFO - Processing /opt/airflow/dags/timeseries_pipeline.py took 1.387 seconds
[2025-10-09T13:46:28.907+0000] {processor.py:161} INFO - Started process (PID=2387) to work on /opt/airflow/dags/timeseries_pipeline.py
[2025-10-09T13:46:28.907+0000] {processor.py:830} INFO - Processing file /opt/airflow/dags/timeseries_pipeline.py for tasks to queue
[2025-10-09T13:46:28.908+0000] {logging_mixin.py:188} INFO - [2025-10-09T13:46:28.908+0000] {dagbag.py:545} INFO - Filling up the DagBag from /opt/airflow/dags/timeseries_pipeline.py
[2025-10-09T13:46:29.553+0000] {processor.py:840} INFO - DAG(s) 'timeseries_pipeline' retrieved from /opt/airflow/dags/timeseries_pipeline.py
[2025-10-09T13:46:29.585+0000] {logging_mixin.py:188} INFO - [2025-10-09T13:46:29.585+0000] {dag.py:3096} INFO - Sync 1 DAGs
[2025-10-09T13:46:29.608+0000] {logging_mixin.py:188} INFO - [2025-10-09T13:46:29.608+0000] {dag.py:3954} INFO - Setting next_dagrun for timeseries_pipeline to 2025-10-08 00:00:00+00:00, run_after=2025-10-09 00:00:00+00:00
[2025-10-09T13:46:29.633+0000] {processor.py:183} INFO - Processing /opt/airflow/dags/timeseries_pipeline.py took 0.731 seconds
[2025-10-09T13:47:00.228+0000] {processor.py:161} INFO - Started process (PID=2399) to work on /opt/airflow/dags/timeseries_pipeline.py
[2025-10-09T13:47:00.229+0000] {processor.py:830} INFO - Processing file /opt/airflow/dags/timeseries_pipeline.py for tasks to queue
[2025-10-09T13:47:00.230+0000] {logging_mixin.py:188} INFO - [2025-10-09T13:47:00.229+0000] {dagbag.py:545} INFO - Filling up the DagBag from /opt/airflow/dags/timeseries_pipeline.py
[2025-10-09T13:47:00.871+0000] {processor.py:840} INFO - DAG(s) 'timeseries_pipeline' retrieved from /opt/airflow/dags/timeseries_pipeline.py
[2025-10-09T13:47:00.895+0000] {logging_mixin.py:188} INFO - [2025-10-09T13:47:00.895+0000] {dag.py:3096} INFO - Sync 1 DAGs
[2025-10-09T13:47:00.914+0000] {logging_mixin.py:188} INFO - [2025-10-09T13:47:00.913+0000] {dag.py:3954} INFO - Setting next_dagrun for timeseries_pipeline to 2025-10-08 00:00:00+00:00, run_after=2025-10-09 00:00:00+00:00
[2025-10-09T13:47:00.937+0000] {processor.py:183} INFO - Processing /opt/airflow/dags/timeseries_pipeline.py took 0.713 seconds
[2025-10-09T13:47:31.601+0000] {processor.py:161} INFO - Started process (PID=2411) to work on /opt/airflow/dags/timeseries_pipeline.py
[2025-10-09T13:47:31.602+0000] {processor.py:830} INFO - Processing file /opt/airflow/dags/timeseries_pipeline.py for tasks to queue
[2025-10-09T13:47:31.603+0000] {logging_mixin.py:188} INFO - [2025-10-09T13:47:31.602+0000] {dagbag.py:545} INFO - Filling up the DagBag from /opt/airflow/dags/timeseries_pipeline.py
[2025-10-09T13:47:32.329+0000] {processor.py:840} INFO - DAG(s) 'timeseries_pipeline' retrieved from /opt/airflow/dags/timeseries_pipeline.py
[2025-10-09T13:47:32.349+0000] {logging_mixin.py:188} INFO - [2025-10-09T13:47:32.348+0000] {dag.py:3096} INFO - Sync 1 DAGs
[2025-10-09T13:47:32.374+0000] {logging_mixin.py:188} INFO - [2025-10-09T13:47:32.374+0000] {dag.py:3954} INFO - Setting next_dagrun for timeseries_pipeline to 2025-10-08 00:00:00+00:00, run_after=2025-10-09 00:00:00+00:00
[2025-10-09T13:47:32.397+0000] {processor.py:183} INFO - Processing /opt/airflow/dags/timeseries_pipeline.py took 0.800 seconds
[2025-10-09T13:48:02.571+0000] {processor.py:161} INFO - Started process (PID=2423) to work on /opt/airflow/dags/timeseries_pipeline.py
[2025-10-09T13:48:02.571+0000] {processor.py:830} INFO - Processing file /opt/airflow/dags/timeseries_pipeline.py for tasks to queue
[2025-10-09T13:48:02.572+0000] {logging_mixin.py:188} INFO - [2025-10-09T13:48:02.572+0000] {dagbag.py:545} INFO - Filling up the DagBag from /opt/airflow/dags/timeseries_pipeline.py
[2025-10-09T13:48:03.292+0000] {processor.py:840} INFO - DAG(s) 'timeseries_pipeline' retrieved from /opt/airflow/dags/timeseries_pipeline.py
[2025-10-09T13:48:03.314+0000] {logging_mixin.py:188} INFO - [2025-10-09T13:48:03.314+0000] {dag.py:3096} INFO - Sync 1 DAGs
[2025-10-09T13:48:03.334+0000] {logging_mixin.py:188} INFO - [2025-10-09T13:48:03.333+0000] {dag.py:3954} INFO - Setting next_dagrun for timeseries_pipeline to 2025-10-08 00:00:00+00:00, run_after=2025-10-09 00:00:00+00:00
[2025-10-09T13:48:03.358+0000] {processor.py:183} INFO - Processing /opt/airflow/dags/timeseries_pipeline.py took 0.792 seconds
[2025-10-09T13:48:34.337+0000] {processor.py:161} INFO - Started process (PID=2435) to work on /opt/airflow/dags/timeseries_pipeline.py
[2025-10-09T13:48:34.338+0000] {processor.py:830} INFO - Processing file /opt/airflow/dags/timeseries_pipeline.py for tasks to queue
[2025-10-09T13:48:34.339+0000] {logging_mixin.py:188} INFO - [2025-10-09T13:48:34.339+0000] {dagbag.py:545} INFO - Filling up the DagBag from /opt/airflow/dags/timeseries_pipeline.py
[2025-10-09T13:48:35.426+0000] {processor.py:840} INFO - DAG(s) 'timeseries_pipeline' retrieved from /opt/airflow/dags/timeseries_pipeline.py
[2025-10-09T13:48:35.450+0000] {logging_mixin.py:188} INFO - [2025-10-09T13:48:35.450+0000] {dag.py:3096} INFO - Sync 1 DAGs
[2025-10-09T13:48:35.466+0000] {logging_mixin.py:188} INFO - [2025-10-09T13:48:35.465+0000] {dag.py:3954} INFO - Setting next_dagrun for timeseries_pipeline to 2025-10-08 00:00:00+00:00, run_after=2025-10-09 00:00:00+00:00
[2025-10-09T13:48:35.487+0000] {processor.py:183} INFO - Processing /opt/airflow/dags/timeseries_pipeline.py took 1.154 seconds
[2025-10-09T13:49:05.831+0000] {processor.py:161} INFO - Started process (PID=2447) to work on /opt/airflow/dags/timeseries_pipeline.py
[2025-10-09T13:49:05.831+0000] {processor.py:830} INFO - Processing file /opt/airflow/dags/timeseries_pipeline.py for tasks to queue
[2025-10-09T13:49:05.833+0000] {logging_mixin.py:188} INFO - [2025-10-09T13:49:05.832+0000] {dagbag.py:545} INFO - Filling up the DagBag from /opt/airflow/dags/timeseries_pipeline.py
[2025-10-09T13:49:06.517+0000] {processor.py:840} INFO - DAG(s) 'timeseries_pipeline' retrieved from /opt/airflow/dags/timeseries_pipeline.py
[2025-10-09T13:49:06.550+0000] {logging_mixin.py:188} INFO - [2025-10-09T13:49:06.550+0000] {dag.py:3096} INFO - Sync 1 DAGs
[2025-10-09T13:49:06.573+0000] {logging_mixin.py:188} INFO - [2025-10-09T13:49:06.573+0000] {dag.py:3954} INFO - Setting next_dagrun for timeseries_pipeline to 2025-10-08 00:00:00+00:00, run_after=2025-10-09 00:00:00+00:00
[2025-10-09T13:49:06.604+0000] {processor.py:183} INFO - Processing /opt/airflow/dags/timeseries_pipeline.py took 0.778 seconds
[2025-10-09T13:49:36.843+0000] {processor.py:161} INFO - Started process (PID=2459) to work on /opt/airflow/dags/timeseries_pipeline.py
[2025-10-09T13:49:36.843+0000] {processor.py:830} INFO - Processing file /opt/airflow/dags/timeseries_pipeline.py for tasks to queue
[2025-10-09T13:49:36.844+0000] {logging_mixin.py:188} INFO - [2025-10-09T13:49:36.844+0000] {dagbag.py:545} INFO - Filling up the DagBag from /opt/airflow/dags/timeseries_pipeline.py
[2025-10-09T13:49:38.125+0000] {processor.py:840} INFO - DAG(s) 'timeseries_pipeline' retrieved from /opt/airflow/dags/timeseries_pipeline.py
[2025-10-09T13:49:38.157+0000] {logging_mixin.py:188} INFO - [2025-10-09T13:49:38.157+0000] {dag.py:3096} INFO - Sync 1 DAGs
[2025-10-09T13:49:38.173+0000] {logging_mixin.py:188} INFO - [2025-10-09T13:49:38.173+0000] {dag.py:3954} INFO - Setting next_dagrun for timeseries_pipeline to 2025-10-08 00:00:00+00:00, run_after=2025-10-09 00:00:00+00:00
[2025-10-09T13:49:38.194+0000] {processor.py:183} INFO - Processing /opt/airflow/dags/timeseries_pipeline.py took 1.356 seconds
[2025-10-09T13:50:08.497+0000] {processor.py:161} INFO - Started process (PID=2471) to work on /opt/airflow/dags/timeseries_pipeline.py
[2025-10-09T13:50:08.497+0000] {processor.py:830} INFO - Processing file /opt/airflow/dags/timeseries_pipeline.py for tasks to queue
[2025-10-09T13:50:08.498+0000] {logging_mixin.py:188} INFO - [2025-10-09T13:50:08.498+0000] {dagbag.py:545} INFO - Filling up the DagBag from /opt/airflow/dags/timeseries_pipeline.py
[2025-10-09T13:50:09.143+0000] {processor.py:840} INFO - DAG(s) 'timeseries_pipeline' retrieved from /opt/airflow/dags/timeseries_pipeline.py
[2025-10-09T13:50:09.166+0000] {logging_mixin.py:188} INFO - [2025-10-09T13:50:09.166+0000] {dag.py:3096} INFO - Sync 1 DAGs
[2025-10-09T13:50:09.186+0000] {logging_mixin.py:188} INFO - [2025-10-09T13:50:09.186+0000] {dag.py:3954} INFO - Setting next_dagrun for timeseries_pipeline to 2025-10-08 00:00:00+00:00, run_after=2025-10-09 00:00:00+00:00
[2025-10-09T13:50:09.209+0000] {processor.py:183} INFO - Processing /opt/airflow/dags/timeseries_pipeline.py took 0.717 seconds
[2025-10-09T13:50:39.881+0000] {processor.py:161} INFO - Started process (PID=2483) to work on /opt/airflow/dags/timeseries_pipeline.py
[2025-10-09T13:50:39.882+0000] {processor.py:830} INFO - Processing file /opt/airflow/dags/timeseries_pipeline.py for tasks to queue
[2025-10-09T13:50:39.883+0000] {logging_mixin.py:188} INFO - [2025-10-09T13:50:39.882+0000] {dagbag.py:545} INFO - Filling up the DagBag from /opt/airflow/dags/timeseries_pipeline.py
[2025-10-09T13:50:40.998+0000] {processor.py:840} INFO - DAG(s) 'timeseries_pipeline' retrieved from /opt/airflow/dags/timeseries_pipeline.py
[2025-10-09T13:50:41.024+0000] {logging_mixin.py:188} INFO - [2025-10-09T13:50:41.024+0000] {dag.py:3096} INFO - Sync 1 DAGs
[2025-10-09T13:50:41.039+0000] {logging_mixin.py:188} INFO - [2025-10-09T13:50:41.039+0000] {dag.py:3954} INFO - Setting next_dagrun for timeseries_pipeline to 2025-10-08 00:00:00+00:00, run_after=2025-10-09 00:00:00+00:00
[2025-10-09T13:50:41.061+0000] {processor.py:183} INFO - Processing /opt/airflow/dags/timeseries_pipeline.py took 1.184 seconds
[2025-10-09T13:51:11.503+0000] {processor.py:161} INFO - Started process (PID=2495) to work on /opt/airflow/dags/timeseries_pipeline.py
[2025-10-09T13:51:11.504+0000] {processor.py:830} INFO - Processing file /opt/airflow/dags/timeseries_pipeline.py for tasks to queue
[2025-10-09T13:51:11.504+0000] {logging_mixin.py:188} INFO - [2025-10-09T13:51:11.504+0000] {dagbag.py:545} INFO - Filling up the DagBag from /opt/airflow/dags/timeseries_pipeline.py
[2025-10-09T13:51:12.144+0000] {processor.py:840} INFO - DAG(s) 'timeseries_pipeline' retrieved from /opt/airflow/dags/timeseries_pipeline.py
[2025-10-09T13:51:12.166+0000] {logging_mixin.py:188} INFO - [2025-10-09T13:51:12.166+0000] {dag.py:3096} INFO - Sync 1 DAGs
[2025-10-09T13:51:12.185+0000] {logging_mixin.py:188} INFO - [2025-10-09T13:51:12.185+0000] {dag.py:3954} INFO - Setting next_dagrun for timeseries_pipeline to 2025-10-08 00:00:00+00:00, run_after=2025-10-09 00:00:00+00:00
[2025-10-09T13:51:12.205+0000] {processor.py:183} INFO - Processing /opt/airflow/dags/timeseries_pipeline.py took 0.706 seconds
[2025-10-09T13:51:42.720+0000] {processor.py:161} INFO - Started process (PID=2507) to work on /opt/airflow/dags/timeseries_pipeline.py
[2025-10-09T13:51:42.721+0000] {processor.py:830} INFO - Processing file /opt/airflow/dags/timeseries_pipeline.py for tasks to queue
[2025-10-09T13:51:42.722+0000] {logging_mixin.py:188} INFO - [2025-10-09T13:51:42.721+0000] {dagbag.py:545} INFO - Filling up the DagBag from /opt/airflow/dags/timeseries_pipeline.py
[2025-10-09T13:51:43.932+0000] {processor.py:840} INFO - DAG(s) 'timeseries_pipeline' retrieved from /opt/airflow/dags/timeseries_pipeline.py
[2025-10-09T13:51:43.967+0000] {logging_mixin.py:188} INFO - [2025-10-09T13:51:43.966+0000] {dag.py:3096} INFO - Sync 1 DAGs
[2025-10-09T13:51:43.988+0000] {logging_mixin.py:188} INFO - [2025-10-09T13:51:43.987+0000] {dag.py:3954} INFO - Setting next_dagrun for timeseries_pipeline to 2025-10-08 00:00:00+00:00, run_after=2025-10-09 00:00:00+00:00
[2025-10-09T13:51:44.008+0000] {processor.py:183} INFO - Processing /opt/airflow/dags/timeseries_pipeline.py took 1.292 seconds
[2025-10-09T13:52:14.846+0000] {processor.py:161} INFO - Started process (PID=2519) to work on /opt/airflow/dags/timeseries_pipeline.py
[2025-10-09T13:52:14.846+0000] {processor.py:830} INFO - Processing file /opt/airflow/dags/timeseries_pipeline.py for tasks to queue
[2025-10-09T13:52:14.847+0000] {logging_mixin.py:188} INFO - [2025-10-09T13:52:14.847+0000] {dagbag.py:545} INFO - Filling up the DagBag from /opt/airflow/dags/timeseries_pipeline.py
[2025-10-09T13:52:15.526+0000] {processor.py:840} INFO - DAG(s) 'timeseries_pipeline' retrieved from /opt/airflow/dags/timeseries_pipeline.py
[2025-10-09T13:52:15.548+0000] {logging_mixin.py:188} INFO - [2025-10-09T13:52:15.548+0000] {dag.py:3096} INFO - Sync 1 DAGs
[2025-10-09T13:52:15.564+0000] {logging_mixin.py:188} INFO - [2025-10-09T13:52:15.564+0000] {dag.py:3954} INFO - Setting next_dagrun for timeseries_pipeline to 2025-10-08 00:00:00+00:00, run_after=2025-10-09 00:00:00+00:00
[2025-10-09T13:52:15.584+0000] {processor.py:183} INFO - Processing /opt/airflow/dags/timeseries_pipeline.py took 0.742 seconds
[2025-10-09T13:52:46.268+0000] {processor.py:161} INFO - Started process (PID=2531) to work on /opt/airflow/dags/timeseries_pipeline.py
[2025-10-09T13:52:46.269+0000] {processor.py:830} INFO - Processing file /opt/airflow/dags/timeseries_pipeline.py for tasks to queue
[2025-10-09T13:52:46.269+0000] {logging_mixin.py:188} INFO - [2025-10-09T13:52:46.269+0000] {dagbag.py:545} INFO - Filling up the DagBag from /opt/airflow/dags/timeseries_pipeline.py
[2025-10-09T13:52:46.932+0000] {processor.py:840} INFO - DAG(s) 'timeseries_pipeline' retrieved from /opt/airflow/dags/timeseries_pipeline.py
[2025-10-09T13:52:46.954+0000] {logging_mixin.py:188} INFO - [2025-10-09T13:52:46.953+0000] {dag.py:3096} INFO - Sync 1 DAGs
[2025-10-09T13:52:46.969+0000] {logging_mixin.py:188} INFO - [2025-10-09T13:52:46.969+0000] {dag.py:3954} INFO - Setting next_dagrun for timeseries_pipeline to 2025-10-08 00:00:00+00:00, run_after=2025-10-09 00:00:00+00:00
[2025-10-09T13:52:46.990+0000] {processor.py:183} INFO - Processing /opt/airflow/dags/timeseries_pipeline.py took 0.726 seconds
[2025-10-09T13:53:17.456+0000] {processor.py:161} INFO - Started process (PID=2543) to work on /opt/airflow/dags/timeseries_pipeline.py
[2025-10-09T13:53:17.457+0000] {processor.py:830} INFO - Processing file /opt/airflow/dags/timeseries_pipeline.py for tasks to queue
[2025-10-09T13:53:17.458+0000] {logging_mixin.py:188} INFO - [2025-10-09T13:53:17.458+0000] {dagbag.py:545} INFO - Filling up the DagBag from /opt/airflow/dags/timeseries_pipeline.py
[2025-10-09T13:53:18.137+0000] {processor.py:840} INFO - DAG(s) 'timeseries_pipeline' retrieved from /opt/airflow/dags/timeseries_pipeline.py
[2025-10-09T13:53:18.161+0000] {logging_mixin.py:188} INFO - [2025-10-09T13:53:18.161+0000] {dag.py:3096} INFO - Sync 1 DAGs
[2025-10-09T13:53:18.190+0000] {logging_mixin.py:188} INFO - [2025-10-09T13:53:18.189+0000] {dag.py:3954} INFO - Setting next_dagrun for timeseries_pipeline to 2025-10-08 00:00:00+00:00, run_after=2025-10-09 00:00:00+00:00
[2025-10-09T13:53:18.217+0000] {processor.py:183} INFO - Processing /opt/airflow/dags/timeseries_pipeline.py took 0.765 seconds
[2025-10-09T13:53:48.800+0000] {processor.py:161} INFO - Started process (PID=2555) to work on /opt/airflow/dags/timeseries_pipeline.py
[2025-10-09T13:53:48.801+0000] {processor.py:830} INFO - Processing file /opt/airflow/dags/timeseries_pipeline.py for tasks to queue
[2025-10-09T13:53:48.802+0000] {logging_mixin.py:188} INFO - [2025-10-09T13:53:48.801+0000] {dagbag.py:545} INFO - Filling up the DagBag from /opt/airflow/dags/timeseries_pipeline.py
[2025-10-09T13:53:49.475+0000] {processor.py:840} INFO - DAG(s) 'timeseries_pipeline' retrieved from /opt/airflow/dags/timeseries_pipeline.py
[2025-10-09T13:53:49.495+0000] {logging_mixin.py:188} INFO - [2025-10-09T13:53:49.494+0000] {dag.py:3096} INFO - Sync 1 DAGs
[2025-10-09T13:53:49.517+0000] {logging_mixin.py:188} INFO - [2025-10-09T13:53:49.517+0000] {dag.py:3954} INFO - Setting next_dagrun for timeseries_pipeline to 2025-10-08 00:00:00+00:00, run_after=2025-10-09 00:00:00+00:00
[2025-10-09T13:53:49.540+0000] {processor.py:183} INFO - Processing /opt/airflow/dags/timeseries_pipeline.py took 0.744 seconds
[2025-10-09T13:54:20.005+0000] {processor.py:161} INFO - Started process (PID=2567) to work on /opt/airflow/dags/timeseries_pipeline.py
[2025-10-09T13:54:20.006+0000] {processor.py:830} INFO - Processing file /opt/airflow/dags/timeseries_pipeline.py for tasks to queue
[2025-10-09T13:54:20.006+0000] {logging_mixin.py:188} INFO - [2025-10-09T13:54:20.006+0000] {dagbag.py:545} INFO - Filling up the DagBag from /opt/airflow/dags/timeseries_pipeline.py
[2025-10-09T13:54:20.651+0000] {processor.py:840} INFO - DAG(s) 'timeseries_pipeline' retrieved from /opt/airflow/dags/timeseries_pipeline.py
[2025-10-09T13:54:20.669+0000] {logging_mixin.py:188} INFO - [2025-10-09T13:54:20.668+0000] {dag.py:3096} INFO - Sync 1 DAGs
[2025-10-09T13:54:20.690+0000] {logging_mixin.py:188} INFO - [2025-10-09T13:54:20.689+0000] {dag.py:3954} INFO - Setting next_dagrun for timeseries_pipeline to 2025-10-08 00:00:00+00:00, run_after=2025-10-09 00:00:00+00:00
[2025-10-09T13:54:20.713+0000] {processor.py:183} INFO - Processing /opt/airflow/dags/timeseries_pipeline.py took 0.712 seconds
[2025-10-09T13:54:51.313+0000] {processor.py:161} INFO - Started process (PID=2579) to work on /opt/airflow/dags/timeseries_pipeline.py
[2025-10-09T13:54:51.313+0000] {processor.py:830} INFO - Processing file /opt/airflow/dags/timeseries_pipeline.py for tasks to queue
[2025-10-09T13:54:51.314+0000] {logging_mixin.py:188} INFO - [2025-10-09T13:54:51.314+0000] {dagbag.py:545} INFO - Filling up the DagBag from /opt/airflow/dags/timeseries_pipeline.py
[2025-10-09T13:54:51.990+0000] {processor.py:840} INFO - DAG(s) 'timeseries_pipeline' retrieved from /opt/airflow/dags/timeseries_pipeline.py
[2025-10-09T13:54:52.015+0000] {logging_mixin.py:188} INFO - [2025-10-09T13:54:52.014+0000] {dag.py:3096} INFO - Sync 1 DAGs
[2025-10-09T13:54:52.034+0000] {logging_mixin.py:188} INFO - [2025-10-09T13:54:52.034+0000] {dag.py:3954} INFO - Setting next_dagrun for timeseries_pipeline to 2025-10-08 00:00:00+00:00, run_after=2025-10-09 00:00:00+00:00
[2025-10-09T13:54:52.059+0000] {processor.py:183} INFO - Processing /opt/airflow/dags/timeseries_pipeline.py took 0.751 seconds
[2025-10-09T13:55:22.496+0000] {processor.py:161} INFO - Started process (PID=2591) to work on /opt/airflow/dags/timeseries_pipeline.py
[2025-10-09T13:55:22.497+0000] {processor.py:830} INFO - Processing file /opt/airflow/dags/timeseries_pipeline.py for tasks to queue
[2025-10-09T13:55:22.498+0000] {logging_mixin.py:188} INFO - [2025-10-09T13:55:22.497+0000] {dagbag.py:545} INFO - Filling up the DagBag from /opt/airflow/dags/timeseries_pipeline.py
[2025-10-09T13:55:23.769+0000] {processor.py:840} INFO - DAG(s) 'timeseries_pipeline' retrieved from /opt/airflow/dags/timeseries_pipeline.py
[2025-10-09T13:55:23.796+0000] {logging_mixin.py:188} INFO - [2025-10-09T13:55:23.796+0000] {dag.py:3096} INFO - Sync 1 DAGs
[2025-10-09T13:55:23.810+0000] {logging_mixin.py:188} INFO - [2025-10-09T13:55:23.810+0000] {dag.py:3954} INFO - Setting next_dagrun for timeseries_pipeline to 2025-10-08 00:00:00+00:00, run_after=2025-10-09 00:00:00+00:00
[2025-10-09T13:55:23.831+0000] {processor.py:183} INFO - Processing /opt/airflow/dags/timeseries_pipeline.py took 1.339 seconds
[2025-10-09T13:55:53.985+0000] {processor.py:161} INFO - Started process (PID=2603) to work on /opt/airflow/dags/timeseries_pipeline.py
[2025-10-09T13:55:53.986+0000] {processor.py:830} INFO - Processing file /opt/airflow/dags/timeseries_pipeline.py for tasks to queue
[2025-10-09T13:55:53.987+0000] {logging_mixin.py:188} INFO - [2025-10-09T13:55:53.986+0000] {dagbag.py:545} INFO - Filling up the DagBag from /opt/airflow/dags/timeseries_pipeline.py
[2025-10-09T13:55:54.628+0000] {processor.py:840} INFO - DAG(s) 'timeseries_pipeline' retrieved from /opt/airflow/dags/timeseries_pipeline.py
[2025-10-09T13:55:54.648+0000] {logging_mixin.py:188} INFO - [2025-10-09T13:55:54.647+0000] {dag.py:3096} INFO - Sync 1 DAGs
[2025-10-09T13:55:54.668+0000] {logging_mixin.py:188} INFO - [2025-10-09T13:55:54.668+0000] {dag.py:3954} INFO - Setting next_dagrun for timeseries_pipeline to 2025-10-08 00:00:00+00:00, run_after=2025-10-09 00:00:00+00:00
[2025-10-09T13:55:54.689+0000] {processor.py:183} INFO - Processing /opt/airflow/dags/timeseries_pipeline.py took 0.707 seconds
[2025-10-09T13:55:56.315+0000] {processor.py:161} INFO - Started process (PID=2610) to work on /opt/airflow/dags/timeseries_pipeline.py
[2025-10-09T13:55:56.316+0000] {processor.py:830} INFO - Processing file /opt/airflow/dags/timeseries_pipeline.py for tasks to queue
[2025-10-09T13:55:56.316+0000] {logging_mixin.py:188} INFO - [2025-10-09T13:55:56.316+0000] {dagbag.py:545} INFO - Filling up the DagBag from /opt/airflow/dags/timeseries_pipeline.py
[2025-10-09T13:55:57.041+0000] {processor.py:840} INFO - DAG(s) 'timeseries_pipeline' retrieved from /opt/airflow/dags/timeseries_pipeline.py
[2025-10-09T13:55:57.059+0000] {logging_mixin.py:188} INFO - [2025-10-09T13:55:57.059+0000] {dag.py:3096} INFO - Sync 1 DAGs
[2025-10-09T13:55:57.076+0000] {logging_mixin.py:188} INFO - [2025-10-09T13:55:57.076+0000] {dag.py:3954} INFO - Setting next_dagrun for timeseries_pipeline to 2025-10-08 00:00:00+00:00, run_after=2025-10-09 00:00:00+00:00
[2025-10-09T13:55:57.099+0000] {processor.py:183} INFO - Processing /opt/airflow/dags/timeseries_pipeline.py took 0.788 seconds
[2025-10-09T13:56:27.761+0000] {processor.py:161} INFO - Started process (PID=2622) to work on /opt/airflow/dags/timeseries_pipeline.py
[2025-10-09T13:56:27.762+0000] {processor.py:830} INFO - Processing file /opt/airflow/dags/timeseries_pipeline.py for tasks to queue
[2025-10-09T13:56:27.763+0000] {logging_mixin.py:188} INFO - [2025-10-09T13:56:27.763+0000] {dagbag.py:545} INFO - Filling up the DagBag from /opt/airflow/dags/timeseries_pipeline.py
[2025-10-09T13:56:28.447+0000] {processor.py:840} INFO - DAG(s) 'timeseries_pipeline' retrieved from /opt/airflow/dags/timeseries_pipeline.py
[2025-10-09T13:56:28.476+0000] {logging_mixin.py:188} INFO - [2025-10-09T13:56:28.476+0000] {dag.py:3096} INFO - Sync 1 DAGs
[2025-10-09T13:56:28.501+0000] {logging_mixin.py:188} INFO - [2025-10-09T13:56:28.501+0000] {dag.py:3954} INFO - Setting next_dagrun for timeseries_pipeline to 2025-10-08 00:00:00+00:00, run_after=2025-10-09 00:00:00+00:00
[2025-10-09T13:56:28.528+0000] {processor.py:183} INFO - Processing /opt/airflow/dags/timeseries_pipeline.py took 0.772 seconds
[2025-10-09T13:56:58.995+0000] {processor.py:161} INFO - Started process (PID=2634) to work on /opt/airflow/dags/timeseries_pipeline.py
[2025-10-09T13:56:58.996+0000] {processor.py:830} INFO - Processing file /opt/airflow/dags/timeseries_pipeline.py for tasks to queue
[2025-10-09T13:56:58.997+0000] {logging_mixin.py:188} INFO - [2025-10-09T13:56:58.997+0000] {dagbag.py:545} INFO - Filling up the DagBag from /opt/airflow/dags/timeseries_pipeline.py
[2025-10-09T13:57:00.249+0000] {processor.py:840} INFO - DAG(s) 'timeseries_pipeline' retrieved from /opt/airflow/dags/timeseries_pipeline.py
[2025-10-09T13:57:00.277+0000] {logging_mixin.py:188} INFO - [2025-10-09T13:57:00.277+0000] {dag.py:3096} INFO - Sync 1 DAGs
[2025-10-09T13:57:00.293+0000] {logging_mixin.py:188} INFO - [2025-10-09T13:57:00.293+0000] {dag.py:3954} INFO - Setting next_dagrun for timeseries_pipeline to 2025-10-08 00:00:00+00:00, run_after=2025-10-09 00:00:00+00:00
[2025-10-09T13:57:00.321+0000] {processor.py:183} INFO - Processing /opt/airflow/dags/timeseries_pipeline.py took 1.334 seconds
[2025-10-09T13:57:31.239+0000] {processor.py:161} INFO - Started process (PID=2646) to work on /opt/airflow/dags/timeseries_pipeline.py
[2025-10-09T13:57:31.239+0000] {processor.py:830} INFO - Processing file /opt/airflow/dags/timeseries_pipeline.py for tasks to queue
[2025-10-09T13:57:31.240+0000] {logging_mixin.py:188} INFO - [2025-10-09T13:57:31.240+0000] {dagbag.py:545} INFO - Filling up the DagBag from /opt/airflow/dags/timeseries_pipeline.py
[2025-10-09T13:57:31.943+0000] {processor.py:840} INFO - DAG(s) 'timeseries_pipeline' retrieved from /opt/airflow/dags/timeseries_pipeline.py
[2025-10-09T13:57:31.970+0000] {logging_mixin.py:188} INFO - [2025-10-09T13:57:31.970+0000] {dag.py:3096} INFO - Sync 1 DAGs
[2025-10-09T13:57:31.994+0000] {logging_mixin.py:188} INFO - [2025-10-09T13:57:31.994+0000] {dag.py:3954} INFO - Setting next_dagrun for timeseries_pipeline to 2025-10-08 00:00:00+00:00, run_after=2025-10-09 00:00:00+00:00
[2025-10-09T13:57:32.021+0000] {processor.py:183} INFO - Processing /opt/airflow/dags/timeseries_pipeline.py took 0.787 seconds
[2025-10-09T13:58:02.383+0000] {processor.py:161} INFO - Started process (PID=2658) to work on /opt/airflow/dags/timeseries_pipeline.py
[2025-10-09T13:58:02.384+0000] {processor.py:830} INFO - Processing file /opt/airflow/dags/timeseries_pipeline.py for tasks to queue
[2025-10-09T13:58:02.385+0000] {logging_mixin.py:188} INFO - [2025-10-09T13:58:02.385+0000] {dagbag.py:545} INFO - Filling up the DagBag from /opt/airflow/dags/timeseries_pipeline.py
[2025-10-09T13:58:03.109+0000] {processor.py:840} INFO - DAG(s) 'timeseries_pipeline' retrieved from /opt/airflow/dags/timeseries_pipeline.py
[2025-10-09T13:58:03.140+0000] {logging_mixin.py:188} INFO - [2025-10-09T13:58:03.139+0000] {dag.py:3096} INFO - Sync 1 DAGs
[2025-10-09T13:58:03.162+0000] {logging_mixin.py:188} INFO - [2025-10-09T13:58:03.161+0000] {dag.py:3954} INFO - Setting next_dagrun for timeseries_pipeline to 2025-10-08 00:00:00+00:00, run_after=2025-10-09 00:00:00+00:00
[2025-10-09T13:58:03.184+0000] {processor.py:183} INFO - Processing /opt/airflow/dags/timeseries_pipeline.py took 0.805 seconds
[2025-10-09T13:58:33.801+0000] {processor.py:161} INFO - Started process (PID=2670) to work on /opt/airflow/dags/timeseries_pipeline.py
[2025-10-09T13:58:33.802+0000] {processor.py:830} INFO - Processing file /opt/airflow/dags/timeseries_pipeline.py for tasks to queue
[2025-10-09T13:58:33.802+0000] {logging_mixin.py:188} INFO - [2025-10-09T13:58:33.802+0000] {dagbag.py:545} INFO - Filling up the DagBag from /opt/airflow/dags/timeseries_pipeline.py
[2025-10-09T13:58:34.541+0000] {processor.py:840} INFO - DAG(s) 'timeseries_pipeline' retrieved from /opt/airflow/dags/timeseries_pipeline.py
[2025-10-09T13:58:34.564+0000] {logging_mixin.py:188} INFO - [2025-10-09T13:58:34.564+0000] {dag.py:3096} INFO - Sync 1 DAGs
[2025-10-09T13:58:34.580+0000] {logging_mixin.py:188} INFO - [2025-10-09T13:58:34.580+0000] {dag.py:3954} INFO - Setting next_dagrun for timeseries_pipeline to 2025-10-08 00:00:00+00:00, run_after=2025-10-09 00:00:00+00:00
[2025-10-09T13:58:34.600+0000] {processor.py:183} INFO - Processing /opt/airflow/dags/timeseries_pipeline.py took 0.803 seconds
[2025-10-09T13:59:05.030+0000] {processor.py:161} INFO - Started process (PID=2682) to work on /opt/airflow/dags/timeseries_pipeline.py
[2025-10-09T13:59:05.030+0000] {processor.py:830} INFO - Processing file /opt/airflow/dags/timeseries_pipeline.py for tasks to queue
[2025-10-09T13:59:05.031+0000] {logging_mixin.py:188} INFO - [2025-10-09T13:59:05.031+0000] {dagbag.py:545} INFO - Filling up the DagBag from /opt/airflow/dags/timeseries_pipeline.py
[2025-10-09T13:59:05.763+0000] {processor.py:840} INFO - DAG(s) 'timeseries_pipeline' retrieved from /opt/airflow/dags/timeseries_pipeline.py
[2025-10-09T13:59:05.795+0000] {logging_mixin.py:188} INFO - [2025-10-09T13:59:05.795+0000] {dag.py:3096} INFO - Sync 1 DAGs
[2025-10-09T13:59:05.823+0000] {logging_mixin.py:188} INFO - [2025-10-09T13:59:05.822+0000] {dag.py:3954} INFO - Setting next_dagrun for timeseries_pipeline to 2025-10-08 00:00:00+00:00, run_after=2025-10-09 00:00:00+00:00
[2025-10-09T13:59:05.860+0000] {processor.py:183} INFO - Processing /opt/airflow/dags/timeseries_pipeline.py took 0.834 seconds
[2025-10-09T13:59:36.095+0000] {processor.py:161} INFO - Started process (PID=2694) to work on /opt/airflow/dags/timeseries_pipeline.py
[2025-10-09T13:59:36.096+0000] {processor.py:830} INFO - Processing file /opt/airflow/dags/timeseries_pipeline.py for tasks to queue
[2025-10-09T13:59:36.096+0000] {logging_mixin.py:188} INFO - [2025-10-09T13:59:36.096+0000] {dagbag.py:545} INFO - Filling up the DagBag from /opt/airflow/dags/timeseries_pipeline.py
[2025-10-09T13:59:36.793+0000] {processor.py:840} INFO - DAG(s) 'timeseries_pipeline' retrieved from /opt/airflow/dags/timeseries_pipeline.py
[2025-10-09T13:59:36.821+0000] {logging_mixin.py:188} INFO - [2025-10-09T13:59:36.820+0000] {dag.py:3096} INFO - Sync 1 DAGs
[2025-10-09T13:59:36.842+0000] {logging_mixin.py:188} INFO - [2025-10-09T13:59:36.842+0000] {dag.py:3954} INFO - Setting next_dagrun for timeseries_pipeline to 2025-10-08 00:00:00+00:00, run_after=2025-10-09 00:00:00+00:00
[2025-10-09T13:59:36.874+0000] {processor.py:183} INFO - Processing /opt/airflow/dags/timeseries_pipeline.py took 0.784 seconds
[2025-10-09T14:00:07.029+0000] {processor.py:161} INFO - Started process (PID=2711) to work on /opt/airflow/dags/timeseries_pipeline.py
[2025-10-09T14:00:07.030+0000] {processor.py:830} INFO - Processing file /opt/airflow/dags/timeseries_pipeline.py for tasks to queue
[2025-10-09T14:00:07.030+0000] {logging_mixin.py:188} INFO - [2025-10-09T14:00:07.030+0000] {dagbag.py:545} INFO - Filling up the DagBag from /opt/airflow/dags/timeseries_pipeline.py
[2025-10-09T14:00:08.371+0000] {processor.py:840} INFO - DAG(s) 'timeseries_pipeline' retrieved from /opt/airflow/dags/timeseries_pipeline.py
[2025-10-09T14:00:08.392+0000] {logging_mixin.py:188} INFO - [2025-10-09T14:00:08.392+0000] {dag.py:3096} INFO - Sync 1 DAGs
[2025-10-09T14:00:08.409+0000] {logging_mixin.py:188} INFO - [2025-10-09T14:00:08.409+0000] {dag.py:3954} INFO - Setting next_dagrun for timeseries_pipeline to 2025-10-08 00:00:00+00:00, run_after=2025-10-09 00:00:00+00:00
[2025-10-09T14:00:08.431+0000] {processor.py:183} INFO - Processing /opt/airflow/dags/timeseries_pipeline.py took 1.406 seconds
[2025-10-09T14:00:38.606+0000] {processor.py:161} INFO - Started process (PID=2723) to work on /opt/airflow/dags/timeseries_pipeline.py
[2025-10-09T14:00:38.607+0000] {processor.py:830} INFO - Processing file /opt/airflow/dags/timeseries_pipeline.py for tasks to queue
[2025-10-09T14:00:38.607+0000] {logging_mixin.py:188} INFO - [2025-10-09T14:00:38.607+0000] {dagbag.py:545} INFO - Filling up the DagBag from /opt/airflow/dags/timeseries_pipeline.py
[2025-10-09T14:00:39.253+0000] {processor.py:840} INFO - DAG(s) 'timeseries_pipeline' retrieved from /opt/airflow/dags/timeseries_pipeline.py
[2025-10-09T14:00:39.274+0000] {logging_mixin.py:188} INFO - [2025-10-09T14:00:39.274+0000] {dag.py:3096} INFO - Sync 1 DAGs
[2025-10-09T14:00:39.298+0000] {logging_mixin.py:188} INFO - [2025-10-09T14:00:39.297+0000] {dag.py:3954} INFO - Setting next_dagrun for timeseries_pipeline to 2025-10-08 00:00:00+00:00, run_after=2025-10-09 00:00:00+00:00
[2025-10-09T14:00:39.321+0000] {processor.py:183} INFO - Processing /opt/airflow/dags/timeseries_pipeline.py took 0.719 seconds
[2025-10-09T14:01:09.904+0000] {processor.py:161} INFO - Started process (PID=2735) to work on /opt/airflow/dags/timeseries_pipeline.py
[2025-10-09T14:01:09.904+0000] {processor.py:830} INFO - Processing file /opt/airflow/dags/timeseries_pipeline.py for tasks to queue
[2025-10-09T14:01:09.905+0000] {logging_mixin.py:188} INFO - [2025-10-09T14:01:09.905+0000] {dagbag.py:545} INFO - Filling up the DagBag from /opt/airflow/dags/timeseries_pipeline.py
[2025-10-09T14:01:10.599+0000] {processor.py:840} INFO - DAG(s) 'timeseries_pipeline' retrieved from /opt/airflow/dags/timeseries_pipeline.py
[2025-10-09T14:01:10.621+0000] {logging_mixin.py:188} INFO - [2025-10-09T14:01:10.620+0000] {dag.py:3096} INFO - Sync 1 DAGs
[2025-10-09T14:01:10.644+0000] {logging_mixin.py:188} INFO - [2025-10-09T14:01:10.644+0000] {dag.py:3954} INFO - Setting next_dagrun for timeseries_pipeline to 2025-10-08 00:00:00+00:00, run_after=2025-10-09 00:00:00+00:00
[2025-10-09T14:01:10.667+0000] {processor.py:183} INFO - Processing /opt/airflow/dags/timeseries_pipeline.py took 0.767 seconds
[2025-10-09T14:01:41.206+0000] {processor.py:161} INFO - Started process (PID=2747) to work on /opt/airflow/dags/timeseries_pipeline.py
[2025-10-09T14:01:41.207+0000] {processor.py:830} INFO - Processing file /opt/airflow/dags/timeseries_pipeline.py for tasks to queue
[2025-10-09T14:01:41.208+0000] {logging_mixin.py:188} INFO - [2025-10-09T14:01:41.207+0000] {dagbag.py:545} INFO - Filling up the DagBag from /opt/airflow/dags/timeseries_pipeline.py
[2025-10-09T14:01:41.936+0000] {processor.py:840} INFO - DAG(s) 'timeseries_pipeline' retrieved from /opt/airflow/dags/timeseries_pipeline.py
[2025-10-09T14:01:41.956+0000] {logging_mixin.py:188} INFO - [2025-10-09T14:01:41.956+0000] {dag.py:3096} INFO - Sync 1 DAGs
[2025-10-09T14:01:41.970+0000] {logging_mixin.py:188} INFO - [2025-10-09T14:01:41.970+0000] {dag.py:3954} INFO - Setting next_dagrun for timeseries_pipeline to 2025-10-08 00:00:00+00:00, run_after=2025-10-09 00:00:00+00:00
[2025-10-09T14:01:41.985+0000] {processor.py:183} INFO - Processing /opt/airflow/dags/timeseries_pipeline.py took 0.783 seconds
[2025-10-09T14:02:12.176+0000] {processor.py:161} INFO - Started process (PID=2759) to work on /opt/airflow/dags/timeseries_pipeline.py
[2025-10-09T14:02:12.177+0000] {processor.py:830} INFO - Processing file /opt/airflow/dags/timeseries_pipeline.py for tasks to queue
[2025-10-09T14:02:12.178+0000] {logging_mixin.py:188} INFO - [2025-10-09T14:02:12.177+0000] {dagbag.py:545} INFO - Filling up the DagBag from /opt/airflow/dags/timeseries_pipeline.py
[2025-10-09T14:02:12.883+0000] {processor.py:840} INFO - DAG(s) 'timeseries_pipeline' retrieved from /opt/airflow/dags/timeseries_pipeline.py
[2025-10-09T14:02:12.907+0000] {logging_mixin.py:188} INFO - [2025-10-09T14:02:12.906+0000] {dag.py:3096} INFO - Sync 1 DAGs
[2025-10-09T14:02:12.926+0000] {logging_mixin.py:188} INFO - [2025-10-09T14:02:12.925+0000] {dag.py:3954} INFO - Setting next_dagrun for timeseries_pipeline to 2025-10-08 00:00:00+00:00, run_after=2025-10-09 00:00:00+00:00
[2025-10-09T14:02:12.948+0000] {processor.py:183} INFO - Processing /opt/airflow/dags/timeseries_pipeline.py took 0.776 seconds
[2025-10-09T14:02:43.497+0000] {processor.py:161} INFO - Started process (PID=2771) to work on /opt/airflow/dags/timeseries_pipeline.py
[2025-10-09T14:02:43.497+0000] {processor.py:830} INFO - Processing file /opt/airflow/dags/timeseries_pipeline.py for tasks to queue
[2025-10-09T14:02:43.498+0000] {logging_mixin.py:188} INFO - [2025-10-09T14:02:43.498+0000] {dagbag.py:545} INFO - Filling up the DagBag from /opt/airflow/dags/timeseries_pipeline.py
[2025-10-09T14:02:44.791+0000] {processor.py:840} INFO - DAG(s) 'timeseries_pipeline' retrieved from /opt/airflow/dags/timeseries_pipeline.py
[2025-10-09T14:02:44.810+0000] {logging_mixin.py:188} INFO - [2025-10-09T14:02:44.810+0000] {dag.py:3096} INFO - Sync 1 DAGs
[2025-10-09T14:02:44.831+0000] {logging_mixin.py:188} INFO - [2025-10-09T14:02:44.831+0000] {dag.py:3954} INFO - Setting next_dagrun for timeseries_pipeline to 2025-10-08 00:00:00+00:00, run_after=2025-10-09 00:00:00+00:00
[2025-10-09T14:02:44.854+0000] {processor.py:183} INFO - Processing /opt/airflow/dags/timeseries_pipeline.py took 1.362 seconds
[2025-10-09T14:03:14.958+0000] {processor.py:161} INFO - Started process (PID=2783) to work on /opt/airflow/dags/timeseries_pipeline.py
[2025-10-09T14:03:14.959+0000] {processor.py:830} INFO - Processing file /opt/airflow/dags/timeseries_pipeline.py for tasks to queue
[2025-10-09T14:03:14.959+0000] {logging_mixin.py:188} INFO - [2025-10-09T14:03:14.959+0000] {dagbag.py:545} INFO - Filling up the DagBag from /opt/airflow/dags/timeseries_pipeline.py
[2025-10-09T14:03:15.679+0000] {processor.py:840} INFO - DAG(s) 'timeseries_pipeline' retrieved from /opt/airflow/dags/timeseries_pipeline.py
[2025-10-09T14:03:15.707+0000] {logging_mixin.py:188} INFO - [2025-10-09T14:03:15.706+0000] {dag.py:3096} INFO - Sync 1 DAGs
[2025-10-09T14:03:15.724+0000] {logging_mixin.py:188} INFO - [2025-10-09T14:03:15.724+0000] {dag.py:3954} INFO - Setting next_dagrun for timeseries_pipeline to 2025-10-08 00:00:00+00:00, run_after=2025-10-09 00:00:00+00:00
[2025-10-09T14:03:15.754+0000] {processor.py:183} INFO - Processing /opt/airflow/dags/timeseries_pipeline.py took 0.800 seconds
[2025-10-09T14:03:46.185+0000] {processor.py:161} INFO - Started process (PID=2795) to work on /opt/airflow/dags/timeseries_pipeline.py
[2025-10-09T14:03:46.186+0000] {processor.py:830} INFO - Processing file /opt/airflow/dags/timeseries_pipeline.py for tasks to queue
[2025-10-09T14:03:46.187+0000] {logging_mixin.py:188} INFO - [2025-10-09T14:03:46.187+0000] {dagbag.py:545} INFO - Filling up the DagBag from /opt/airflow/dags/timeseries_pipeline.py
[2025-10-09T14:03:46.926+0000] {processor.py:840} INFO - DAG(s) 'timeseries_pipeline' retrieved from /opt/airflow/dags/timeseries_pipeline.py
[2025-10-09T14:03:46.956+0000] {logging_mixin.py:188} INFO - [2025-10-09T14:03:46.955+0000] {dag.py:3096} INFO - Sync 1 DAGs
[2025-10-09T14:03:46.982+0000] {logging_mixin.py:188} INFO - [2025-10-09T14:03:46.981+0000] {dag.py:3954} INFO - Setting next_dagrun for timeseries_pipeline to 2025-10-08 00:00:00+00:00, run_after=2025-10-09 00:00:00+00:00
[2025-10-09T14:03:47.003+0000] {processor.py:183} INFO - Processing /opt/airflow/dags/timeseries_pipeline.py took 0.822 seconds
[2025-10-09T14:04:17.172+0000] {processor.py:161} INFO - Started process (PID=2807) to work on /opt/airflow/dags/timeseries_pipeline.py
[2025-10-09T14:04:17.173+0000] {processor.py:830} INFO - Processing file /opt/airflow/dags/timeseries_pipeline.py for tasks to queue
[2025-10-09T14:04:17.173+0000] {logging_mixin.py:188} INFO - [2025-10-09T14:04:17.173+0000] {dagbag.py:545} INFO - Filling up the DagBag from /opt/airflow/dags/timeseries_pipeline.py
[2025-10-09T14:04:18.432+0000] {processor.py:840} INFO - DAG(s) 'timeseries_pipeline' retrieved from /opt/airflow/dags/timeseries_pipeline.py
[2025-10-09T14:04:18.450+0000] {logging_mixin.py:188} INFO - [2025-10-09T14:04:18.450+0000] {dag.py:3096} INFO - Sync 1 DAGs
[2025-10-09T14:04:18.480+0000] {logging_mixin.py:188} INFO - [2025-10-09T14:04:18.480+0000] {dag.py:3954} INFO - Setting next_dagrun for timeseries_pipeline to 2025-10-08 00:00:00+00:00, run_after=2025-10-09 00:00:00+00:00
[2025-10-09T14:04:18.504+0000] {processor.py:183} INFO - Processing /opt/airflow/dags/timeseries_pipeline.py took 1.336 seconds
[2025-10-09T14:04:48.711+0000] {processor.py:161} INFO - Started process (PID=2819) to work on /opt/airflow/dags/timeseries_pipeline.py
[2025-10-09T14:04:48.711+0000] {processor.py:830} INFO - Processing file /opt/airflow/dags/timeseries_pipeline.py for tasks to queue
[2025-10-09T14:04:48.712+0000] {logging_mixin.py:188} INFO - [2025-10-09T14:04:48.712+0000] {dagbag.py:545} INFO - Filling up the DagBag from /opt/airflow/dags/timeseries_pipeline.py
[2025-10-09T14:04:49.450+0000] {processor.py:840} INFO - DAG(s) 'timeseries_pipeline' retrieved from /opt/airflow/dags/timeseries_pipeline.py
[2025-10-09T14:04:49.479+0000] {logging_mixin.py:188} INFO - [2025-10-09T14:04:49.479+0000] {dag.py:3096} INFO - Sync 1 DAGs
[2025-10-09T14:04:49.503+0000] {logging_mixin.py:188} INFO - [2025-10-09T14:04:49.503+0000] {dag.py:3954} INFO - Setting next_dagrun for timeseries_pipeline to 2025-10-08 00:00:00+00:00, run_after=2025-10-09 00:00:00+00:00
[2025-10-09T14:04:49.528+0000] {processor.py:183} INFO - Processing /opt/airflow/dags/timeseries_pipeline.py took 0.821 seconds
[2025-10-09T14:05:19.932+0000] {processor.py:161} INFO - Started process (PID=2831) to work on /opt/airflow/dags/timeseries_pipeline.py
[2025-10-09T14:05:19.933+0000] {processor.py:830} INFO - Processing file /opt/airflow/dags/timeseries_pipeline.py for tasks to queue
[2025-10-09T14:05:19.934+0000] {logging_mixin.py:188} INFO - [2025-10-09T14:05:19.933+0000] {dagbag.py:545} INFO - Filling up the DagBag from /opt/airflow/dags/timeseries_pipeline.py
[2025-10-09T14:05:20.652+0000] {processor.py:840} INFO - DAG(s) 'timeseries_pipeline' retrieved from /opt/airflow/dags/timeseries_pipeline.py
[2025-10-09T14:05:20.676+0000] {logging_mixin.py:188} INFO - [2025-10-09T14:05:20.676+0000] {dag.py:3096} INFO - Sync 1 DAGs
[2025-10-09T14:05:20.693+0000] {logging_mixin.py:188} INFO - [2025-10-09T14:05:20.693+0000] {dag.py:3954} INFO - Setting next_dagrun for timeseries_pipeline to 2025-10-08 00:00:00+00:00, run_after=2025-10-09 00:00:00+00:00
[2025-10-09T14:05:20.717+0000] {processor.py:183} INFO - Processing /opt/airflow/dags/timeseries_pipeline.py took 0.791 seconds
[2025-10-09T14:05:50.997+0000] {processor.py:161} INFO - Started process (PID=2843) to work on /opt/airflow/dags/timeseries_pipeline.py
[2025-10-09T14:05:50.998+0000] {processor.py:830} INFO - Processing file /opt/airflow/dags/timeseries_pipeline.py for tasks to queue
[2025-10-09T14:05:50.998+0000] {logging_mixin.py:188} INFO - [2025-10-09T14:05:50.998+0000] {dagbag.py:545} INFO - Filling up the DagBag from /opt/airflow/dags/timeseries_pipeline.py
[2025-10-09T14:05:52.204+0000] {processor.py:840} INFO - DAG(s) 'timeseries_pipeline' retrieved from /opt/airflow/dags/timeseries_pipeline.py
[2025-10-09T14:05:52.221+0000] {logging_mixin.py:188} INFO - [2025-10-09T14:05:52.220+0000] {dag.py:3096} INFO - Sync 1 DAGs
[2025-10-09T14:05:52.234+0000] {logging_mixin.py:188} INFO - [2025-10-09T14:05:52.234+0000] {dag.py:3954} INFO - Setting next_dagrun for timeseries_pipeline to 2025-10-08 00:00:00+00:00, run_after=2025-10-09 00:00:00+00:00
[2025-10-09T14:05:52.255+0000] {processor.py:183} INFO - Processing /opt/airflow/dags/timeseries_pipeline.py took 1.261 seconds
[2025-10-09T14:06:23.178+0000] {processor.py:161} INFO - Started process (PID=2855) to work on /opt/airflow/dags/timeseries_pipeline.py
[2025-10-09T14:06:23.179+0000] {processor.py:830} INFO - Processing file /opt/airflow/dags/timeseries_pipeline.py for tasks to queue
[2025-10-09T14:06:23.179+0000] {logging_mixin.py:188} INFO - [2025-10-09T14:06:23.179+0000] {dagbag.py:545} INFO - Filling up the DagBag from /opt/airflow/dags/timeseries_pipeline.py
[2025-10-09T14:06:23.875+0000] {processor.py:840} INFO - DAG(s) 'timeseries_pipeline' retrieved from /opt/airflow/dags/timeseries_pipeline.py
[2025-10-09T14:06:23.894+0000] {logging_mixin.py:188} INFO - [2025-10-09T14:06:23.894+0000] {dag.py:3096} INFO - Sync 1 DAGs
[2025-10-09T14:06:23.913+0000] {logging_mixin.py:188} INFO - [2025-10-09T14:06:23.913+0000] {dag.py:3954} INFO - Setting next_dagrun for timeseries_pipeline to 2025-10-08 00:00:00+00:00, run_after=2025-10-09 00:00:00+00:00
[2025-10-09T14:06:23.936+0000] {processor.py:183} INFO - Processing /opt/airflow/dags/timeseries_pipeline.py took 0.762 seconds
[2025-10-09T14:06:54.442+0000] {processor.py:161} INFO - Started process (PID=2867) to work on /opt/airflow/dags/timeseries_pipeline.py
[2025-10-09T14:06:54.443+0000] {processor.py:830} INFO - Processing file /opt/airflow/dags/timeseries_pipeline.py for tasks to queue
[2025-10-09T14:06:54.443+0000] {logging_mixin.py:188} INFO - [2025-10-09T14:06:54.443+0000] {dagbag.py:545} INFO - Filling up the DagBag from /opt/airflow/dags/timeseries_pipeline.py
[2025-10-09T14:06:55.159+0000] {processor.py:840} INFO - DAG(s) 'timeseries_pipeline' retrieved from /opt/airflow/dags/timeseries_pipeline.py
[2025-10-09T14:06:55.182+0000] {logging_mixin.py:188} INFO - [2025-10-09T14:06:55.182+0000] {dag.py:3096} INFO - Sync 1 DAGs
[2025-10-09T14:06:55.203+0000] {logging_mixin.py:188} INFO - [2025-10-09T14:06:55.203+0000] {dag.py:3954} INFO - Setting next_dagrun for timeseries_pipeline to 2025-10-08 00:00:00+00:00, run_after=2025-10-09 00:00:00+00:00
[2025-10-09T14:06:55.223+0000] {processor.py:183} INFO - Processing /opt/airflow/dags/timeseries_pipeline.py took 0.785 seconds
[2025-10-09T14:07:25.530+0000] {processor.py:161} INFO - Started process (PID=2879) to work on /opt/airflow/dags/timeseries_pipeline.py
[2025-10-09T14:07:25.531+0000] {processor.py:830} INFO - Processing file /opt/airflow/dags/timeseries_pipeline.py for tasks to queue
[2025-10-09T14:07:25.532+0000] {logging_mixin.py:188} INFO - [2025-10-09T14:07:25.532+0000] {dagbag.py:545} INFO - Filling up the DagBag from /opt/airflow/dags/timeseries_pipeline.py
[2025-10-09T14:07:26.244+0000] {processor.py:840} INFO - DAG(s) 'timeseries_pipeline' retrieved from /opt/airflow/dags/timeseries_pipeline.py
[2025-10-09T14:07:26.267+0000] {logging_mixin.py:188} INFO - [2025-10-09T14:07:26.266+0000] {dag.py:3096} INFO - Sync 1 DAGs
[2025-10-09T14:07:26.295+0000] {logging_mixin.py:188} INFO - [2025-10-09T14:07:26.295+0000] {dag.py:3954} INFO - Setting next_dagrun for timeseries_pipeline to 2025-10-08 00:00:00+00:00, run_after=2025-10-09 00:00:00+00:00
[2025-10-09T14:07:26.316+0000] {processor.py:183} INFO - Processing /opt/airflow/dags/timeseries_pipeline.py took 0.790 seconds
[2025-10-09T14:07:56.775+0000] {processor.py:161} INFO - Started process (PID=2891) to work on /opt/airflow/dags/timeseries_pipeline.py
[2025-10-09T14:07:56.776+0000] {processor.py:830} INFO - Processing file /opt/airflow/dags/timeseries_pipeline.py for tasks to queue
[2025-10-09T14:07:56.777+0000] {logging_mixin.py:188} INFO - [2025-10-09T14:07:56.777+0000] {dagbag.py:545} INFO - Filling up the DagBag from /opt/airflow/dags/timeseries_pipeline.py
[2025-10-09T14:07:58.254+0000] {processor.py:840} INFO - DAG(s) 'timeseries_pipeline' retrieved from /opt/airflow/dags/timeseries_pipeline.py
[2025-10-09T14:07:58.274+0000] {logging_mixin.py:188} INFO - [2025-10-09T14:07:58.273+0000] {dag.py:3096} INFO - Sync 1 DAGs
[2025-10-09T14:07:58.302+0000] {logging_mixin.py:188} INFO - [2025-10-09T14:07:58.302+0000] {dag.py:3954} INFO - Setting next_dagrun for timeseries_pipeline to 2025-10-08 00:00:00+00:00, run_after=2025-10-09 00:00:00+00:00
[2025-10-09T14:07:58.333+0000] {processor.py:183} INFO - Processing /opt/airflow/dags/timeseries_pipeline.py took 1.562 seconds
[2025-10-09T14:08:28.453+0000] {processor.py:161} INFO - Started process (PID=2903) to work on /opt/airflow/dags/timeseries_pipeline.py
[2025-10-09T14:08:28.454+0000] {processor.py:830} INFO - Processing file /opt/airflow/dags/timeseries_pipeline.py for tasks to queue
[2025-10-09T14:08:28.454+0000] {logging_mixin.py:188} INFO - [2025-10-09T14:08:28.454+0000] {dagbag.py:545} INFO - Filling up the DagBag from /opt/airflow/dags/timeseries_pipeline.py
[2025-10-09T14:08:29.129+0000] {processor.py:840} INFO - DAG(s) 'timeseries_pipeline' retrieved from /opt/airflow/dags/timeseries_pipeline.py
[2025-10-09T14:08:29.170+0000] {logging_mixin.py:188} INFO - [2025-10-09T14:08:29.169+0000] {dag.py:3096} INFO - Sync 1 DAGs
[2025-10-09T14:08:29.194+0000] {logging_mixin.py:188} INFO - [2025-10-09T14:08:29.193+0000] {dag.py:3954} INFO - Setting next_dagrun for timeseries_pipeline to 2025-10-08 00:00:00+00:00, run_after=2025-10-09 00:00:00+00:00
[2025-10-09T14:08:29.220+0000] {processor.py:183} INFO - Processing /opt/airflow/dags/timeseries_pipeline.py took 0.771 seconds
[2025-10-09T14:08:59.388+0000] {processor.py:161} INFO - Started process (PID=2915) to work on /opt/airflow/dags/timeseries_pipeline.py
[2025-10-09T14:08:59.389+0000] {processor.py:830} INFO - Processing file /opt/airflow/dags/timeseries_pipeline.py for tasks to queue
[2025-10-09T14:08:59.390+0000] {logging_mixin.py:188} INFO - [2025-10-09T14:08:59.389+0000] {dagbag.py:545} INFO - Filling up the DagBag from /opt/airflow/dags/timeseries_pipeline.py
[2025-10-09T14:09:00.723+0000] {processor.py:840} INFO - DAG(s) 'timeseries_pipeline' retrieved from /opt/airflow/dags/timeseries_pipeline.py
[2025-10-09T14:09:00.742+0000] {logging_mixin.py:188} INFO - [2025-10-09T14:09:00.742+0000] {dag.py:3096} INFO - Sync 1 DAGs
[2025-10-09T14:09:00.773+0000] {logging_mixin.py:188} INFO - [2025-10-09T14:09:00.773+0000] {dag.py:3954} INFO - Setting next_dagrun for timeseries_pipeline to 2025-10-08 00:00:00+00:00, run_after=2025-10-09 00:00:00+00:00
[2025-10-09T14:09:00.811+0000] {processor.py:183} INFO - Processing /opt/airflow/dags/timeseries_pipeline.py took 1.427 seconds
[2025-10-09T14:09:30.905+0000] {processor.py:161} INFO - Started process (PID=2927) to work on /opt/airflow/dags/timeseries_pipeline.py
[2025-10-09T14:09:30.906+0000] {processor.py:830} INFO - Processing file /opt/airflow/dags/timeseries_pipeline.py for tasks to queue
[2025-10-09T14:09:30.907+0000] {logging_mixin.py:188} INFO - [2025-10-09T14:09:30.907+0000] {dagbag.py:545} INFO - Filling up the DagBag from /opt/airflow/dags/timeseries_pipeline.py
[2025-10-09T14:09:31.626+0000] {processor.py:840} INFO - DAG(s) 'timeseries_pipeline' retrieved from /opt/airflow/dags/timeseries_pipeline.py
[2025-10-09T14:09:31.649+0000] {logging_mixin.py:188} INFO - [2025-10-09T14:09:31.649+0000] {dag.py:3096} INFO - Sync 1 DAGs
[2025-10-09T14:09:31.665+0000] {logging_mixin.py:188} INFO - [2025-10-09T14:09:31.665+0000] {dag.py:3954} INFO - Setting next_dagrun for timeseries_pipeline to 2025-10-08 00:00:00+00:00, run_after=2025-10-09 00:00:00+00:00
[2025-10-09T14:09:31.687+0000] {processor.py:183} INFO - Processing /opt/airflow/dags/timeseries_pipeline.py took 0.786 seconds
[2025-10-09T14:10:01.949+0000] {processor.py:161} INFO - Started process (PID=2939) to work on /opt/airflow/dags/timeseries_pipeline.py
[2025-10-09T14:10:01.950+0000] {processor.py:830} INFO - Processing file /opt/airflow/dags/timeseries_pipeline.py for tasks to queue
[2025-10-09T14:10:01.950+0000] {logging_mixin.py:188} INFO - [2025-10-09T14:10:01.950+0000] {dagbag.py:545} INFO - Filling up the DagBag from /opt/airflow/dags/timeseries_pipeline.py
[2025-10-09T14:10:02.653+0000] {processor.py:840} INFO - DAG(s) 'timeseries_pipeline' retrieved from /opt/airflow/dags/timeseries_pipeline.py
[2025-10-09T14:10:02.677+0000] {logging_mixin.py:188} INFO - [2025-10-09T14:10:02.676+0000] {dag.py:3096} INFO - Sync 1 DAGs
[2025-10-09T14:10:02.700+0000] {logging_mixin.py:188} INFO - [2025-10-09T14:10:02.700+0000] {dag.py:3954} INFO - Setting next_dagrun for timeseries_pipeline to 2025-10-08 00:00:00+00:00, run_after=2025-10-09 00:00:00+00:00
[2025-10-09T14:10:02.726+0000] {processor.py:183} INFO - Processing /opt/airflow/dags/timeseries_pipeline.py took 0.781 seconds
[2025-10-09T14:10:33.566+0000] {processor.py:161} INFO - Started process (PID=2951) to work on /opt/airflow/dags/timeseries_pipeline.py
[2025-10-09T14:10:33.566+0000] {processor.py:830} INFO - Processing file /opt/airflow/dags/timeseries_pipeline.py for tasks to queue
[2025-10-09T14:10:33.567+0000] {logging_mixin.py:188} INFO - [2025-10-09T14:10:33.567+0000] {dagbag.py:545} INFO - Filling up the DagBag from /opt/airflow/dags/timeseries_pipeline.py
[2025-10-09T14:10:34.905+0000] {processor.py:840} INFO - DAG(s) 'timeseries_pipeline' retrieved from /opt/airflow/dags/timeseries_pipeline.py
[2025-10-09T14:10:34.926+0000] {logging_mixin.py:188} INFO - [2025-10-09T14:10:34.925+0000] {dag.py:3096} INFO - Sync 1 DAGs
[2025-10-09T14:10:34.945+0000] {logging_mixin.py:188} INFO - [2025-10-09T14:10:34.945+0000] {dag.py:3954} INFO - Setting next_dagrun for timeseries_pipeline to 2025-10-08 00:00:00+00:00, run_after=2025-10-09 00:00:00+00:00
[2025-10-09T14:10:34.966+0000] {processor.py:183} INFO - Processing /opt/airflow/dags/timeseries_pipeline.py took 1.405 seconds
[2025-10-09T14:11:05.515+0000] {processor.py:161} INFO - Started process (PID=2963) to work on /opt/airflow/dags/timeseries_pipeline.py
[2025-10-09T14:11:05.516+0000] {processor.py:830} INFO - Processing file /opt/airflow/dags/timeseries_pipeline.py for tasks to queue
[2025-10-09T14:11:05.517+0000] {logging_mixin.py:188} INFO - [2025-10-09T14:11:05.516+0000] {dagbag.py:545} INFO - Filling up the DagBag from /opt/airflow/dags/timeseries_pipeline.py
[2025-10-09T14:11:06.172+0000] {processor.py:840} INFO - DAG(s) 'timeseries_pipeline' retrieved from /opt/airflow/dags/timeseries_pipeline.py
[2025-10-09T14:11:06.195+0000] {logging_mixin.py:188} INFO - [2025-10-09T14:11:06.194+0000] {dag.py:3096} INFO - Sync 1 DAGs
[2025-10-09T14:11:06.215+0000] {logging_mixin.py:188} INFO - [2025-10-09T14:11:06.214+0000] {dag.py:3954} INFO - Setting next_dagrun for timeseries_pipeline to 2025-10-08 00:00:00+00:00, run_after=2025-10-09 00:00:00+00:00
[2025-10-09T14:11:06.238+0000] {processor.py:183} INFO - Processing /opt/airflow/dags/timeseries_pipeline.py took 0.726 seconds
[2025-10-09T14:11:36.355+0000] {processor.py:161} INFO - Started process (PID=2975) to work on /opt/airflow/dags/timeseries_pipeline.py
[2025-10-09T14:11:36.355+0000] {processor.py:830} INFO - Processing file /opt/airflow/dags/timeseries_pipeline.py for tasks to queue
[2025-10-09T14:11:36.356+0000] {logging_mixin.py:188} INFO - [2025-10-09T14:11:36.356+0000] {dagbag.py:545} INFO - Filling up the DagBag from /opt/airflow/dags/timeseries_pipeline.py
[2025-10-09T14:11:37.552+0000] {processor.py:840} INFO - DAG(s) 'timeseries_pipeline' retrieved from /opt/airflow/dags/timeseries_pipeline.py
[2025-10-09T14:11:37.571+0000] {logging_mixin.py:188} INFO - [2025-10-09T14:11:37.571+0000] {dag.py:3096} INFO - Sync 1 DAGs
[2025-10-09T14:11:37.588+0000] {logging_mixin.py:188} INFO - [2025-10-09T14:11:37.587+0000] {dag.py:3954} INFO - Setting next_dagrun for timeseries_pipeline to 2025-10-08 00:00:00+00:00, run_after=2025-10-09 00:00:00+00:00
[2025-10-09T14:11:37.610+0000] {processor.py:183} INFO - Processing /opt/airflow/dags/timeseries_pipeline.py took 1.260 seconds
[2025-10-09T14:12:08.317+0000] {processor.py:161} INFO - Started process (PID=2987) to work on /opt/airflow/dags/timeseries_pipeline.py
[2025-10-09T14:12:08.318+0000] {processor.py:830} INFO - Processing file /opt/airflow/dags/timeseries_pipeline.py for tasks to queue
[2025-10-09T14:12:08.319+0000] {logging_mixin.py:188} INFO - [2025-10-09T14:12:08.318+0000] {dagbag.py:545} INFO - Filling up the DagBag from /opt/airflow/dags/timeseries_pipeline.py
[2025-10-09T14:12:09.039+0000] {processor.py:840} INFO - DAG(s) 'timeseries_pipeline' retrieved from /opt/airflow/dags/timeseries_pipeline.py
[2025-10-09T14:12:09.059+0000] {logging_mixin.py:188} INFO - [2025-10-09T14:12:09.059+0000] {dag.py:3096} INFO - Sync 1 DAGs
[2025-10-09T14:12:09.075+0000] {logging_mixin.py:188} INFO - [2025-10-09T14:12:09.075+0000] {dag.py:3954} INFO - Setting next_dagrun for timeseries_pipeline to 2025-10-08 00:00:00+00:00, run_after=2025-10-09 00:00:00+00:00
[2025-10-09T14:12:09.096+0000] {processor.py:183} INFO - Processing /opt/airflow/dags/timeseries_pipeline.py took 0.783 seconds
[2025-10-09T14:12:39.761+0000] {processor.py:161} INFO - Started process (PID=2999) to work on /opt/airflow/dags/timeseries_pipeline.py
[2025-10-09T14:12:39.761+0000] {processor.py:830} INFO - Processing file /opt/airflow/dags/timeseries_pipeline.py for tasks to queue
[2025-10-09T14:12:39.762+0000] {logging_mixin.py:188} INFO - [2025-10-09T14:12:39.762+0000] {dagbag.py:545} INFO - Filling up the DagBag from /opt/airflow/dags/timeseries_pipeline.py
[2025-10-09T14:12:41.156+0000] {processor.py:840} INFO - DAG(s) 'timeseries_pipeline' retrieved from /opt/airflow/dags/timeseries_pipeline.py
[2025-10-09T14:12:41.180+0000] {logging_mixin.py:188} INFO - [2025-10-09T14:12:41.180+0000] {dag.py:3096} INFO - Sync 1 DAGs
[2025-10-09T14:12:41.200+0000] {logging_mixin.py:188} INFO - [2025-10-09T14:12:41.200+0000] {dag.py:3954} INFO - Setting next_dagrun for timeseries_pipeline to 2025-10-08 00:00:00+00:00, run_after=2025-10-09 00:00:00+00:00
[2025-10-09T14:12:41.221+0000] {processor.py:183} INFO - Processing /opt/airflow/dags/timeseries_pipeline.py took 1.465 seconds
[2025-10-09T14:13:12.130+0000] {processor.py:161} INFO - Started process (PID=3011) to work on /opt/airflow/dags/timeseries_pipeline.py
[2025-10-09T14:13:12.131+0000] {processor.py:830} INFO - Processing file /opt/airflow/dags/timeseries_pipeline.py for tasks to queue
[2025-10-09T14:13:12.132+0000] {logging_mixin.py:188} INFO - [2025-10-09T14:13:12.131+0000] {dagbag.py:545} INFO - Filling up the DagBag from /opt/airflow/dags/timeseries_pipeline.py
[2025-10-09T14:13:12.857+0000] {processor.py:840} INFO - DAG(s) 'timeseries_pipeline' retrieved from /opt/airflow/dags/timeseries_pipeline.py
[2025-10-09T14:13:12.879+0000] {logging_mixin.py:188} INFO - [2025-10-09T14:13:12.879+0000] {dag.py:3096} INFO - Sync 1 DAGs
[2025-10-09T14:13:12.896+0000] {logging_mixin.py:188} INFO - [2025-10-09T14:13:12.896+0000] {dag.py:3954} INFO - Setting next_dagrun for timeseries_pipeline to 2025-10-08 00:00:00+00:00, run_after=2025-10-09 00:00:00+00:00
[2025-10-09T14:13:12.914+0000] {processor.py:183} INFO - Processing /opt/airflow/dags/timeseries_pipeline.py took 0.789 seconds
[2025-10-09T14:13:42.997+0000] {processor.py:161} INFO - Started process (PID=3023) to work on /opt/airflow/dags/timeseries_pipeline.py
[2025-10-09T14:13:42.998+0000] {processor.py:830} INFO - Processing file /opt/airflow/dags/timeseries_pipeline.py for tasks to queue
[2025-10-09T14:13:42.999+0000] {logging_mixin.py:188} INFO - [2025-10-09T14:13:42.999+0000] {dagbag.py:545} INFO - Filling up the DagBag from /opt/airflow/dags/timeseries_pipeline.py
[2025-10-09T14:13:43.721+0000] {processor.py:840} INFO - DAG(s) 'timeseries_pipeline' retrieved from /opt/airflow/dags/timeseries_pipeline.py
[2025-10-09T14:13:43.743+0000] {logging_mixin.py:188} INFO - [2025-10-09T14:13:43.743+0000] {dag.py:3096} INFO - Sync 1 DAGs
[2025-10-09T14:13:43.767+0000] {logging_mixin.py:188} INFO - [2025-10-09T14:13:43.767+0000] {dag.py:3954} INFO - Setting next_dagrun for timeseries_pipeline to 2025-10-08 00:00:00+00:00, run_after=2025-10-09 00:00:00+00:00
[2025-10-09T14:13:43.791+0000] {processor.py:183} INFO - Processing /opt/airflow/dags/timeseries_pipeline.py took 0.799 seconds
[2025-10-09T14:14:13.953+0000] {processor.py:161} INFO - Started process (PID=3035) to work on /opt/airflow/dags/timeseries_pipeline.py
[2025-10-09T14:14:13.954+0000] {processor.py:830} INFO - Processing file /opt/airflow/dags/timeseries_pipeline.py for tasks to queue
[2025-10-09T14:14:13.955+0000] {logging_mixin.py:188} INFO - [2025-10-09T14:14:13.955+0000] {dagbag.py:545} INFO - Filling up the DagBag from /opt/airflow/dags/timeseries_pipeline.py
[2025-10-09T14:14:14.679+0000] {processor.py:840} INFO - DAG(s) 'timeseries_pipeline' retrieved from /opt/airflow/dags/timeseries_pipeline.py
[2025-10-09T14:14:14.708+0000] {logging_mixin.py:188} INFO - [2025-10-09T14:14:14.708+0000] {dag.py:3096} INFO - Sync 1 DAGs
[2025-10-09T14:14:14.733+0000] {logging_mixin.py:188} INFO - [2025-10-09T14:14:14.733+0000] {dag.py:3954} INFO - Setting next_dagrun for timeseries_pipeline to 2025-10-08 00:00:00+00:00, run_after=2025-10-09 00:00:00+00:00
[2025-10-09T14:14:14.760+0000] {processor.py:183} INFO - Processing /opt/airflow/dags/timeseries_pipeline.py took 0.812 seconds
[2025-10-09T14:14:45.509+0000] {processor.py:161} INFO - Started process (PID=3047) to work on /opt/airflow/dags/timeseries_pipeline.py
[2025-10-09T14:14:45.510+0000] {processor.py:830} INFO - Processing file /opt/airflow/dags/timeseries_pipeline.py for tasks to queue
[2025-10-09T14:14:45.510+0000] {logging_mixin.py:188} INFO - [2025-10-09T14:14:45.510+0000] {dagbag.py:545} INFO - Filling up the DagBag from /opt/airflow/dags/timeseries_pipeline.py
[2025-10-09T14:14:46.224+0000] {processor.py:840} INFO - DAG(s) 'timeseries_pipeline' retrieved from /opt/airflow/dags/timeseries_pipeline.py
[2025-10-09T14:14:46.247+0000] {logging_mixin.py:188} INFO - [2025-10-09T14:14:46.247+0000] {dag.py:3096} INFO - Sync 1 DAGs
[2025-10-09T14:14:46.265+0000] {logging_mixin.py:188} INFO - [2025-10-09T14:14:46.265+0000] {dag.py:3954} INFO - Setting next_dagrun for timeseries_pipeline to 2025-10-08 00:00:00+00:00, run_after=2025-10-09 00:00:00+00:00
[2025-10-09T14:14:46.289+0000] {processor.py:183} INFO - Processing /opt/airflow/dags/timeseries_pipeline.py took 0.784 seconds
[2025-10-09T14:15:16.653+0000] {processor.py:161} INFO - Started process (PID=3059) to work on /opt/airflow/dags/timeseries_pipeline.py
[2025-10-09T14:15:16.654+0000] {processor.py:830} INFO - Processing file /opt/airflow/dags/timeseries_pipeline.py for tasks to queue
[2025-10-09T14:15:16.655+0000] {logging_mixin.py:188} INFO - [2025-10-09T14:15:16.655+0000] {dagbag.py:545} INFO - Filling up the DagBag from /opt/airflow/dags/timeseries_pipeline.py
[2025-10-09T14:15:17.397+0000] {processor.py:840} INFO - DAG(s) 'timeseries_pipeline' retrieved from /opt/airflow/dags/timeseries_pipeline.py
[2025-10-09T14:15:17.416+0000] {logging_mixin.py:188} INFO - [2025-10-09T14:15:17.415+0000] {dag.py:3096} INFO - Sync 1 DAGs
[2025-10-09T14:15:17.434+0000] {logging_mixin.py:188} INFO - [2025-10-09T14:15:17.434+0000] {dag.py:3954} INFO - Setting next_dagrun for timeseries_pipeline to 2025-10-08 00:00:00+00:00, run_after=2025-10-09 00:00:00+00:00
[2025-10-09T14:15:17.452+0000] {processor.py:183} INFO - Processing /opt/airflow/dags/timeseries_pipeline.py took 0.803 seconds
[2025-10-09T14:15:47.542+0000] {processor.py:161} INFO - Started process (PID=3071) to work on /opt/airflow/dags/timeseries_pipeline.py
[2025-10-09T14:15:47.543+0000] {processor.py:830} INFO - Processing file /opt/airflow/dags/timeseries_pipeline.py for tasks to queue
[2025-10-09T14:15:47.543+0000] {logging_mixin.py:188} INFO - [2025-10-09T14:15:47.543+0000] {dagbag.py:545} INFO - Filling up the DagBag from /opt/airflow/dags/timeseries_pipeline.py
[2025-10-09T14:15:48.779+0000] {processor.py:840} INFO - DAG(s) 'timeseries_pipeline' retrieved from /opt/airflow/dags/timeseries_pipeline.py
[2025-10-09T14:15:48.801+0000] {logging_mixin.py:188} INFO - [2025-10-09T14:15:48.801+0000] {dag.py:3096} INFO - Sync 1 DAGs
[2025-10-09T14:15:48.816+0000] {logging_mixin.py:188} INFO - [2025-10-09T14:15:48.816+0000] {dag.py:3954} INFO - Setting next_dagrun for timeseries_pipeline to 2025-10-08 00:00:00+00:00, run_after=2025-10-09 00:00:00+00:00
[2025-10-09T14:15:48.834+0000] {processor.py:183} INFO - Processing /opt/airflow/dags/timeseries_pipeline.py took 1.298 seconds
[2025-10-09T14:16:19.677+0000] {processor.py:161} INFO - Started process (PID=3083) to work on /opt/airflow/dags/timeseries_pipeline.py
[2025-10-09T14:16:19.677+0000] {processor.py:830} INFO - Processing file /opt/airflow/dags/timeseries_pipeline.py for tasks to queue
[2025-10-09T14:16:19.678+0000] {logging_mixin.py:188} INFO - [2025-10-09T14:16:19.678+0000] {dagbag.py:545} INFO - Filling up the DagBag from /opt/airflow/dags/timeseries_pipeline.py
[2025-10-09T14:16:20.434+0000] {processor.py:840} INFO - DAG(s) 'timeseries_pipeline' retrieved from /opt/airflow/dags/timeseries_pipeline.py
[2025-10-09T14:16:20.456+0000] {logging_mixin.py:188} INFO - [2025-10-09T14:16:20.455+0000] {dag.py:3096} INFO - Sync 1 DAGs
[2025-10-09T14:16:20.475+0000] {logging_mixin.py:188} INFO - [2025-10-09T14:16:20.475+0000] {dag.py:3954} INFO - Setting next_dagrun for timeseries_pipeline to 2025-10-08 00:00:00+00:00, run_after=2025-10-09 00:00:00+00:00
[2025-10-09T14:16:20.491+0000] {processor.py:183} INFO - Processing /opt/airflow/dags/timeseries_pipeline.py took 0.819 seconds
[2025-10-09T14:16:50.986+0000] {processor.py:161} INFO - Started process (PID=3095) to work on /opt/airflow/dags/timeseries_pipeline.py
[2025-10-09T14:16:50.986+0000] {processor.py:830} INFO - Processing file /opt/airflow/dags/timeseries_pipeline.py for tasks to queue
[2025-10-09T14:16:50.987+0000] {logging_mixin.py:188} INFO - [2025-10-09T14:16:50.987+0000] {dagbag.py:545} INFO - Filling up the DagBag from /opt/airflow/dags/timeseries_pipeline.py
[2025-10-09T14:16:51.663+0000] {processor.py:840} INFO - DAG(s) 'timeseries_pipeline' retrieved from /opt/airflow/dags/timeseries_pipeline.py
[2025-10-09T14:16:51.682+0000] {logging_mixin.py:188} INFO - [2025-10-09T14:16:51.681+0000] {dag.py:3096} INFO - Sync 1 DAGs
[2025-10-09T14:16:51.700+0000] {logging_mixin.py:188} INFO - [2025-10-09T14:16:51.700+0000] {dag.py:3954} INFO - Setting next_dagrun for timeseries_pipeline to 2025-10-08 00:00:00+00:00, run_after=2025-10-09 00:00:00+00:00
[2025-10-09T14:16:51.719+0000] {processor.py:183} INFO - Processing /opt/airflow/dags/timeseries_pipeline.py took 0.737 seconds
[2025-10-09T14:17:21.853+0000] {processor.py:161} INFO - Started process (PID=3107) to work on /opt/airflow/dags/timeseries_pipeline.py
[2025-10-09T14:17:21.853+0000] {processor.py:830} INFO - Processing file /opt/airflow/dags/timeseries_pipeline.py for tasks to queue
[2025-10-09T14:17:21.854+0000] {logging_mixin.py:188} INFO - [2025-10-09T14:17:21.854+0000] {dagbag.py:545} INFO - Filling up the DagBag from /opt/airflow/dags/timeseries_pipeline.py
[2025-10-09T14:17:22.573+0000] {processor.py:840} INFO - DAG(s) 'timeseries_pipeline' retrieved from /opt/airflow/dags/timeseries_pipeline.py
[2025-10-09T14:17:22.599+0000] {logging_mixin.py:188} INFO - [2025-10-09T14:17:22.599+0000] {dag.py:3096} INFO - Sync 1 DAGs
[2025-10-09T14:17:22.620+0000] {logging_mixin.py:188} INFO - [2025-10-09T14:17:22.620+0000] {dag.py:3954} INFO - Setting next_dagrun for timeseries_pipeline to 2025-10-08 00:00:00+00:00, run_after=2025-10-09 00:00:00+00:00
[2025-10-09T14:17:22.649+0000] {processor.py:183} INFO - Processing /opt/airflow/dags/timeseries_pipeline.py took 0.800 seconds
[2025-10-09T14:17:52.899+0000] {processor.py:161} INFO - Started process (PID=3119) to work on /opt/airflow/dags/timeseries_pipeline.py
[2025-10-09T14:17:52.900+0000] {processor.py:830} INFO - Processing file /opt/airflow/dags/timeseries_pipeline.py for tasks to queue
[2025-10-09T14:17:52.901+0000] {logging_mixin.py:188} INFO - [2025-10-09T14:17:52.900+0000] {dagbag.py:545} INFO - Filling up the DagBag from /opt/airflow/dags/timeseries_pipeline.py
[2025-10-09T14:17:53.628+0000] {processor.py:840} INFO - DAG(s) 'timeseries_pipeline' retrieved from /opt/airflow/dags/timeseries_pipeline.py
[2025-10-09T14:17:53.656+0000] {logging_mixin.py:188} INFO - [2025-10-09T14:17:53.656+0000] {dag.py:3096} INFO - Sync 1 DAGs
[2025-10-09T14:17:53.682+0000] {logging_mixin.py:188} INFO - [2025-10-09T14:17:53.681+0000] {dag.py:3954} INFO - Setting next_dagrun for timeseries_pipeline to 2025-10-08 00:00:00+00:00, run_after=2025-10-09 00:00:00+00:00
[2025-10-09T14:17:53.705+0000] {processor.py:183} INFO - Processing /opt/airflow/dags/timeseries_pipeline.py took 0.812 seconds
[2025-10-09T14:18:23.890+0000] {processor.py:161} INFO - Started process (PID=3131) to work on /opt/airflow/dags/timeseries_pipeline.py
[2025-10-09T14:18:23.890+0000] {processor.py:830} INFO - Processing file /opt/airflow/dags/timeseries_pipeline.py for tasks to queue
[2025-10-09T14:18:23.891+0000] {logging_mixin.py:188} INFO - [2025-10-09T14:18:23.891+0000] {dagbag.py:545} INFO - Filling up the DagBag from /opt/airflow/dags/timeseries_pipeline.py
[2025-10-09T14:18:24.651+0000] {processor.py:840} INFO - DAG(s) 'timeseries_pipeline' retrieved from /opt/airflow/dags/timeseries_pipeline.py
[2025-10-09T14:18:24.684+0000] {logging_mixin.py:188} INFO - [2025-10-09T14:18:24.684+0000] {dag.py:3096} INFO - Sync 1 DAGs
[2025-10-09T14:18:24.706+0000] {logging_mixin.py:188} INFO - [2025-10-09T14:18:24.706+0000] {dag.py:3954} INFO - Setting next_dagrun for timeseries_pipeline to 2025-10-08 00:00:00+00:00, run_after=2025-10-09 00:00:00+00:00
[2025-10-09T14:18:24.730+0000] {processor.py:183} INFO - Processing /opt/airflow/dags/timeseries_pipeline.py took 0.844 seconds
[2025-10-09T14:18:55.297+0000] {processor.py:161} INFO - Started process (PID=3143) to work on /opt/airflow/dags/timeseries_pipeline.py
[2025-10-09T14:18:55.298+0000] {processor.py:830} INFO - Processing file /opt/airflow/dags/timeseries_pipeline.py for tasks to queue
[2025-10-09T14:18:55.299+0000] {logging_mixin.py:188} INFO - [2025-10-09T14:18:55.298+0000] {dagbag.py:545} INFO - Filling up the DagBag from /opt/airflow/dags/timeseries_pipeline.py
[2025-10-09T14:18:55.997+0000] {processor.py:840} INFO - DAG(s) 'timeseries_pipeline' retrieved from /opt/airflow/dags/timeseries_pipeline.py
[2025-10-09T14:18:56.022+0000] {logging_mixin.py:188} INFO - [2025-10-09T14:18:56.021+0000] {dag.py:3096} INFO - Sync 1 DAGs
[2025-10-09T14:18:56.045+0000] {logging_mixin.py:188} INFO - [2025-10-09T14:18:56.044+0000] {dag.py:3954} INFO - Setting next_dagrun for timeseries_pipeline to 2025-10-08 00:00:00+00:00, run_after=2025-10-09 00:00:00+00:00
[2025-10-09T14:18:56.071+0000] {processor.py:183} INFO - Processing /opt/airflow/dags/timeseries_pipeline.py took 0.778 seconds
[2025-10-09T14:19:26.504+0000] {processor.py:161} INFO - Started process (PID=3155) to work on /opt/airflow/dags/timeseries_pipeline.py
[2025-10-09T14:19:26.504+0000] {processor.py:830} INFO - Processing file /opt/airflow/dags/timeseries_pipeline.py for tasks to queue
[2025-10-09T14:19:26.505+0000] {logging_mixin.py:188} INFO - [2025-10-09T14:19:26.505+0000] {dagbag.py:545} INFO - Filling up the DagBag from /opt/airflow/dags/timeseries_pipeline.py
[2025-10-09T14:19:27.153+0000] {processor.py:840} INFO - DAG(s) 'timeseries_pipeline' retrieved from /opt/airflow/dags/timeseries_pipeline.py
[2025-10-09T14:19:27.177+0000] {logging_mixin.py:188} INFO - [2025-10-09T14:19:27.177+0000] {dag.py:3096} INFO - Sync 1 DAGs
[2025-10-09T14:19:27.196+0000] {logging_mixin.py:188} INFO - [2025-10-09T14:19:27.196+0000] {dag.py:3954} INFO - Setting next_dagrun for timeseries_pipeline to 2025-10-08 00:00:00+00:00, run_after=2025-10-09 00:00:00+00:00
[2025-10-09T14:19:27.217+0000] {processor.py:183} INFO - Processing /opt/airflow/dags/timeseries_pipeline.py took 0.718 seconds
[2025-10-09T14:19:57.385+0000] {processor.py:161} INFO - Started process (PID=3167) to work on /opt/airflow/dags/timeseries_pipeline.py
[2025-10-09T14:19:57.386+0000] {processor.py:830} INFO - Processing file /opt/airflow/dags/timeseries_pipeline.py for tasks to queue
[2025-10-09T14:19:57.387+0000] {logging_mixin.py:188} INFO - [2025-10-09T14:19:57.387+0000] {dagbag.py:545} INFO - Filling up the DagBag from /opt/airflow/dags/timeseries_pipeline.py
[2025-10-09T14:19:58.116+0000] {processor.py:840} INFO - DAG(s) 'timeseries_pipeline' retrieved from /opt/airflow/dags/timeseries_pipeline.py
[2025-10-09T14:19:58.134+0000] {logging_mixin.py:188} INFO - [2025-10-09T14:19:58.134+0000] {dag.py:3096} INFO - Sync 1 DAGs
[2025-10-09T14:19:58.149+0000] {logging_mixin.py:188} INFO - [2025-10-09T14:19:58.149+0000] {dag.py:3954} INFO - Setting next_dagrun for timeseries_pipeline to 2025-10-08 00:00:00+00:00, run_after=2025-10-09 00:00:00+00:00
[2025-10-09T14:19:58.162+0000] {processor.py:183} INFO - Processing /opt/airflow/dags/timeseries_pipeline.py took 0.781 seconds
[2025-10-09T14:20:28.332+0000] {processor.py:161} INFO - Started process (PID=3179) to work on /opt/airflow/dags/timeseries_pipeline.py
[2025-10-09T14:20:28.333+0000] {processor.py:830} INFO - Processing file /opt/airflow/dags/timeseries_pipeline.py for tasks to queue
[2025-10-09T14:20:28.334+0000] {logging_mixin.py:188} INFO - [2025-10-09T14:20:28.333+0000] {dagbag.py:545} INFO - Filling up the DagBag from /opt/airflow/dags/timeseries_pipeline.py
[2025-10-09T14:20:29.041+0000] {processor.py:840} INFO - DAG(s) 'timeseries_pipeline' retrieved from /opt/airflow/dags/timeseries_pipeline.py
[2025-10-09T14:20:29.067+0000] {logging_mixin.py:188} INFO - [2025-10-09T14:20:29.067+0000] {dag.py:3096} INFO - Sync 1 DAGs
[2025-10-09T14:20:29.084+0000] {logging_mixin.py:188} INFO - [2025-10-09T14:20:29.083+0000] {dag.py:3954} INFO - Setting next_dagrun for timeseries_pipeline to 2025-10-08 00:00:00+00:00, run_after=2025-10-09 00:00:00+00:00
[2025-10-09T14:20:29.112+0000] {processor.py:183} INFO - Processing /opt/airflow/dags/timeseries_pipeline.py took 0.784 seconds
[2025-10-09T14:20:59.780+0000] {processor.py:161} INFO - Started process (PID=3191) to work on /opt/airflow/dags/timeseries_pipeline.py
[2025-10-09T14:20:59.781+0000] {processor.py:830} INFO - Processing file /opt/airflow/dags/timeseries_pipeline.py for tasks to queue
[2025-10-09T14:20:59.782+0000] {logging_mixin.py:188} INFO - [2025-10-09T14:20:59.781+0000] {dagbag.py:545} INFO - Filling up the DagBag from /opt/airflow/dags/timeseries_pipeline.py
[2025-10-09T14:21:00.497+0000] {processor.py:840} INFO - DAG(s) 'timeseries_pipeline' retrieved from /opt/airflow/dags/timeseries_pipeline.py
[2025-10-09T14:21:00.519+0000] {logging_mixin.py:188} INFO - [2025-10-09T14:21:00.519+0000] {dag.py:3096} INFO - Sync 1 DAGs
[2025-10-09T14:21:00.535+0000] {logging_mixin.py:188} INFO - [2025-10-09T14:21:00.535+0000] {dag.py:3954} INFO - Setting next_dagrun for timeseries_pipeline to 2025-10-08 00:00:00+00:00, run_after=2025-10-09 00:00:00+00:00
[2025-10-09T14:21:00.556+0000] {processor.py:183} INFO - Processing /opt/airflow/dags/timeseries_pipeline.py took 0.780 seconds
[2025-10-09T14:21:30.981+0000] {processor.py:161} INFO - Started process (PID=3203) to work on /opt/airflow/dags/timeseries_pipeline.py
[2025-10-09T14:21:30.982+0000] {processor.py:830} INFO - Processing file /opt/airflow/dags/timeseries_pipeline.py for tasks to queue
[2025-10-09T14:21:30.983+0000] {logging_mixin.py:188} INFO - [2025-10-09T14:21:30.983+0000] {dagbag.py:545} INFO - Filling up the DagBag from /opt/airflow/dags/timeseries_pipeline.py
[2025-10-09T14:21:31.709+0000] {processor.py:840} INFO - DAG(s) 'timeseries_pipeline' retrieved from /opt/airflow/dags/timeseries_pipeline.py
[2025-10-09T14:21:31.732+0000] {logging_mixin.py:188} INFO - [2025-10-09T14:21:31.731+0000] {dag.py:3096} INFO - Sync 1 DAGs
[2025-10-09T14:21:31.747+0000] {logging_mixin.py:188} INFO - [2025-10-09T14:21:31.747+0000] {dag.py:3954} INFO - Setting next_dagrun for timeseries_pipeline to 2025-10-08 00:00:00+00:00, run_after=2025-10-09 00:00:00+00:00
[2025-10-09T14:21:31.771+0000] {processor.py:183} INFO - Processing /opt/airflow/dags/timeseries_pipeline.py took 0.794 seconds
[2025-10-09T14:22:01.818+0000] {processor.py:161} INFO - Started process (PID=3215) to work on /opt/airflow/dags/timeseries_pipeline.py
[2025-10-09T14:22:01.819+0000] {processor.py:830} INFO - Processing file /opt/airflow/dags/timeseries_pipeline.py for tasks to queue
[2025-10-09T14:22:01.820+0000] {logging_mixin.py:188} INFO - [2025-10-09T14:22:01.820+0000] {dagbag.py:545} INFO - Filling up the DagBag from /opt/airflow/dags/timeseries_pipeline.py
[2025-10-09T14:22:02.532+0000] {processor.py:840} INFO - DAG(s) 'timeseries_pipeline' retrieved from /opt/airflow/dags/timeseries_pipeline.py
[2025-10-09T14:22:02.552+0000] {logging_mixin.py:188} INFO - [2025-10-09T14:22:02.552+0000] {dag.py:3096} INFO - Sync 1 DAGs
[2025-10-09T14:22:02.568+0000] {logging_mixin.py:188} INFO - [2025-10-09T14:22:02.567+0000] {dag.py:3954} INFO - Setting next_dagrun for timeseries_pipeline to 2025-10-08 00:00:00+00:00, run_after=2025-10-09 00:00:00+00:00
[2025-10-09T14:22:02.587+0000] {processor.py:183} INFO - Processing /opt/airflow/dags/timeseries_pipeline.py took 0.775 seconds
[2025-10-09T14:22:33.457+0000] {processor.py:161} INFO - Started process (PID=3227) to work on /opt/airflow/dags/timeseries_pipeline.py
[2025-10-09T14:22:33.458+0000] {processor.py:830} INFO - Processing file /opt/airflow/dags/timeseries_pipeline.py for tasks to queue
[2025-10-09T14:22:33.459+0000] {logging_mixin.py:188} INFO - [2025-10-09T14:22:33.459+0000] {dagbag.py:545} INFO - Filling up the DagBag from /opt/airflow/dags/timeseries_pipeline.py
[2025-10-09T14:22:34.226+0000] {processor.py:840} INFO - DAG(s) 'timeseries_pipeline' retrieved from /opt/airflow/dags/timeseries_pipeline.py
[2025-10-09T14:22:34.248+0000] {logging_mixin.py:188} INFO - [2025-10-09T14:22:34.247+0000] {dag.py:3096} INFO - Sync 1 DAGs
[2025-10-09T14:22:34.266+0000] {logging_mixin.py:188} INFO - [2025-10-09T14:22:34.266+0000] {dag.py:3954} INFO - Setting next_dagrun for timeseries_pipeline to 2025-10-08 00:00:00+00:00, run_after=2025-10-09 00:00:00+00:00
[2025-10-09T14:22:34.281+0000] {processor.py:183} INFO - Processing /opt/airflow/dags/timeseries_pipeline.py took 0.828 seconds
[2025-10-09T14:23:04.630+0000] {processor.py:161} INFO - Started process (PID=3239) to work on /opt/airflow/dags/timeseries_pipeline.py
[2025-10-09T14:23:04.631+0000] {processor.py:830} INFO - Processing file /opt/airflow/dags/timeseries_pipeline.py for tasks to queue
[2025-10-09T14:23:04.632+0000] {logging_mixin.py:188} INFO - [2025-10-09T14:23:04.632+0000] {dagbag.py:545} INFO - Filling up the DagBag from /opt/airflow/dags/timeseries_pipeline.py
[2025-10-09T14:23:05.409+0000] {processor.py:840} INFO - DAG(s) 'timeseries_pipeline' retrieved from /opt/airflow/dags/timeseries_pipeline.py
[2025-10-09T14:23:05.432+0000] {logging_mixin.py:188} INFO - [2025-10-09T14:23:05.432+0000] {dag.py:3096} INFO - Sync 1 DAGs
[2025-10-09T14:23:05.455+0000] {logging_mixin.py:188} INFO - [2025-10-09T14:23:05.454+0000] {dag.py:3954} INFO - Setting next_dagrun for timeseries_pipeline to 2025-10-08 00:00:00+00:00, run_after=2025-10-09 00:00:00+00:00
[2025-10-09T14:23:05.480+0000] {processor.py:183} INFO - Processing /opt/airflow/dags/timeseries_pipeline.py took 0.855 seconds
[2025-10-09T14:23:35.676+0000] {processor.py:161} INFO - Started process (PID=3251) to work on /opt/airflow/dags/timeseries_pipeline.py
[2025-10-09T14:23:35.677+0000] {processor.py:830} INFO - Processing file /opt/airflow/dags/timeseries_pipeline.py for tasks to queue
[2025-10-09T14:23:35.678+0000] {logging_mixin.py:188} INFO - [2025-10-09T14:23:35.677+0000] {dagbag.py:545} INFO - Filling up the DagBag from /opt/airflow/dags/timeseries_pipeline.py
[2025-10-09T14:23:36.478+0000] {processor.py:840} INFO - DAG(s) 'timeseries_pipeline' retrieved from /opt/airflow/dags/timeseries_pipeline.py
[2025-10-09T14:23:36.511+0000] {logging_mixin.py:188} INFO - [2025-10-09T14:23:36.511+0000] {dag.py:3096} INFO - Sync 1 DAGs
[2025-10-09T14:23:36.528+0000] {logging_mixin.py:188} INFO - [2025-10-09T14:23:36.528+0000] {dag.py:3954} INFO - Setting next_dagrun for timeseries_pipeline to 2025-10-08 00:00:00+00:00, run_after=2025-10-09 00:00:00+00:00
[2025-10-09T14:23:36.561+0000] {processor.py:183} INFO - Processing /opt/airflow/dags/timeseries_pipeline.py took 0.891 seconds
[2025-10-09T14:24:06.676+0000] {processor.py:161} INFO - Started process (PID=3263) to work on /opt/airflow/dags/timeseries_pipeline.py
[2025-10-09T14:24:06.677+0000] {processor.py:830} INFO - Processing file /opt/airflow/dags/timeseries_pipeline.py for tasks to queue
[2025-10-09T14:24:06.678+0000] {logging_mixin.py:188} INFO - [2025-10-09T14:24:06.678+0000] {dagbag.py:545} INFO - Filling up the DagBag from /opt/airflow/dags/timeseries_pipeline.py
[2025-10-09T14:24:07.403+0000] {processor.py:840} INFO - DAG(s) 'timeseries_pipeline' retrieved from /opt/airflow/dags/timeseries_pipeline.py
[2025-10-09T14:24:07.424+0000] {logging_mixin.py:188} INFO - [2025-10-09T14:24:07.423+0000] {dag.py:3096} INFO - Sync 1 DAGs
[2025-10-09T14:24:07.440+0000] {logging_mixin.py:188} INFO - [2025-10-09T14:24:07.439+0000] {dag.py:3954} INFO - Setting next_dagrun for timeseries_pipeline to 2025-10-08 00:00:00+00:00, run_after=2025-10-09 00:00:00+00:00
[2025-10-09T14:24:07.454+0000] {processor.py:183} INFO - Processing /opt/airflow/dags/timeseries_pipeline.py took 0.783 seconds
[2025-10-09T14:24:37.529+0000] {processor.py:161} INFO - Started process (PID=3275) to work on /opt/airflow/dags/timeseries_pipeline.py
[2025-10-09T14:24:37.529+0000] {processor.py:830} INFO - Processing file /opt/airflow/dags/timeseries_pipeline.py for tasks to queue
[2025-10-09T14:24:37.530+0000] {logging_mixin.py:188} INFO - [2025-10-09T14:24:37.530+0000] {dagbag.py:545} INFO - Filling up the DagBag from /opt/airflow/dags/timeseries_pipeline.py
[2025-10-09T14:24:38.239+0000] {processor.py:840} INFO - DAG(s) 'timeseries_pipeline' retrieved from /opt/airflow/dags/timeseries_pipeline.py
[2025-10-09T14:24:38.261+0000] {logging_mixin.py:188} INFO - [2025-10-09T14:24:38.260+0000] {dag.py:3096} INFO - Sync 1 DAGs
[2025-10-09T14:24:38.278+0000] {logging_mixin.py:188} INFO - [2025-10-09T14:24:38.278+0000] {dag.py:3954} INFO - Setting next_dagrun for timeseries_pipeline to 2025-10-08 00:00:00+00:00, run_after=2025-10-09 00:00:00+00:00
[2025-10-09T14:24:38.293+0000] {processor.py:183} INFO - Processing /opt/airflow/dags/timeseries_pipeline.py took 0.771 seconds
[2025-10-09T14:25:09.056+0000] {processor.py:161} INFO - Started process (PID=3287) to work on /opt/airflow/dags/timeseries_pipeline.py
[2025-10-09T14:25:09.056+0000] {processor.py:830} INFO - Processing file /opt/airflow/dags/timeseries_pipeline.py for tasks to queue
[2025-10-09T14:25:09.057+0000] {logging_mixin.py:188} INFO - [2025-10-09T14:25:09.057+0000] {dagbag.py:545} INFO - Filling up the DagBag from /opt/airflow/dags/timeseries_pipeline.py
[2025-10-09T14:25:09.787+0000] {processor.py:840} INFO - DAG(s) 'timeseries_pipeline' retrieved from /opt/airflow/dags/timeseries_pipeline.py
[2025-10-09T14:25:09.812+0000] {logging_mixin.py:188} INFO - [2025-10-09T14:25:09.811+0000] {dag.py:3096} INFO - Sync 1 DAGs
[2025-10-09T14:25:09.836+0000] {logging_mixin.py:188} INFO - [2025-10-09T14:25:09.836+0000] {dag.py:3954} INFO - Setting next_dagrun for timeseries_pipeline to 2025-10-08 00:00:00+00:00, run_after=2025-10-09 00:00:00+00:00
[2025-10-09T14:25:09.859+0000] {processor.py:183} INFO - Processing /opt/airflow/dags/timeseries_pipeline.py took 0.808 seconds
[2025-10-09T14:25:40.213+0000] {processor.py:161} INFO - Started process (PID=3299) to work on /opt/airflow/dags/timeseries_pipeline.py
[2025-10-09T14:25:40.214+0000] {processor.py:830} INFO - Processing file /opt/airflow/dags/timeseries_pipeline.py for tasks to queue
[2025-10-09T14:25:40.215+0000] {logging_mixin.py:188} INFO - [2025-10-09T14:25:40.215+0000] {dagbag.py:545} INFO - Filling up the DagBag from /opt/airflow/dags/timeseries_pipeline.py
[2025-10-09T14:25:40.923+0000] {processor.py:840} INFO - DAG(s) 'timeseries_pipeline' retrieved from /opt/airflow/dags/timeseries_pipeline.py
[2025-10-09T14:25:40.947+0000] {logging_mixin.py:188} INFO - [2025-10-09T14:25:40.947+0000] {dag.py:3096} INFO - Sync 1 DAGs
[2025-10-09T14:25:40.963+0000] {logging_mixin.py:188} INFO - [2025-10-09T14:25:40.963+0000] {dag.py:3954} INFO - Setting next_dagrun for timeseries_pipeline to 2025-10-08 00:00:00+00:00, run_after=2025-10-09 00:00:00+00:00
[2025-10-09T14:25:40.984+0000] {processor.py:183} INFO - Processing /opt/airflow/dags/timeseries_pipeline.py took 0.775 seconds
[2025-10-09T14:26:11.225+0000] {processor.py:161} INFO - Started process (PID=3311) to work on /opt/airflow/dags/timeseries_pipeline.py
[2025-10-09T14:26:11.226+0000] {processor.py:830} INFO - Processing file /opt/airflow/dags/timeseries_pipeline.py for tasks to queue
[2025-10-09T14:26:11.226+0000] {logging_mixin.py:188} INFO - [2025-10-09T14:26:11.226+0000] {dagbag.py:545} INFO - Filling up the DagBag from /opt/airflow/dags/timeseries_pipeline.py
[2025-10-09T14:26:11.955+0000] {processor.py:840} INFO - DAG(s) 'timeseries_pipeline' retrieved from /opt/airflow/dags/timeseries_pipeline.py
[2025-10-09T14:26:11.982+0000] {logging_mixin.py:188} INFO - [2025-10-09T14:26:11.982+0000] {dag.py:3096} INFO - Sync 1 DAGs
[2025-10-09T14:26:12.006+0000] {logging_mixin.py:188} INFO - [2025-10-09T14:26:12.006+0000] {dag.py:3954} INFO - Setting next_dagrun for timeseries_pipeline to 2025-10-08 00:00:00+00:00, run_after=2025-10-09 00:00:00+00:00
[2025-10-09T14:26:12.030+0000] {processor.py:183} INFO - Processing /opt/airflow/dags/timeseries_pipeline.py took 0.809 seconds
[2025-10-09T14:26:42.183+0000] {processor.py:161} INFO - Started process (PID=3323) to work on /opt/airflow/dags/timeseries_pipeline.py
[2025-10-09T14:26:42.184+0000] {processor.py:830} INFO - Processing file /opt/airflow/dags/timeseries_pipeline.py for tasks to queue
[2025-10-09T14:26:42.185+0000] {logging_mixin.py:188} INFO - [2025-10-09T14:26:42.185+0000] {dagbag.py:545} INFO - Filling up the DagBag from /opt/airflow/dags/timeseries_pipeline.py
[2025-10-09T14:26:43.528+0000] {processor.py:840} INFO - DAG(s) 'timeseries_pipeline' retrieved from /opt/airflow/dags/timeseries_pipeline.py
[2025-10-09T14:26:43.549+0000] {logging_mixin.py:188} INFO - [2025-10-09T14:26:43.548+0000] {dag.py:3096} INFO - Sync 1 DAGs
[2025-10-09T14:26:43.565+0000] {logging_mixin.py:188} INFO - [2025-10-09T14:26:43.565+0000] {dag.py:3954} INFO - Setting next_dagrun for timeseries_pipeline to 2025-10-08 00:00:00+00:00, run_after=2025-10-09 00:00:00+00:00
[2025-10-09T14:26:43.584+0000] {processor.py:183} INFO - Processing /opt/airflow/dags/timeseries_pipeline.py took 1.405 seconds
[2025-10-09T14:27:13.666+0000] {processor.py:161} INFO - Started process (PID=3335) to work on /opt/airflow/dags/timeseries_pipeline.py
[2025-10-09T14:27:13.666+0000] {processor.py:830} INFO - Processing file /opt/airflow/dags/timeseries_pipeline.py for tasks to queue
[2025-10-09T14:27:13.667+0000] {logging_mixin.py:188} INFO - [2025-10-09T14:27:13.667+0000] {dagbag.py:545} INFO - Filling up the DagBag from /opt/airflow/dags/timeseries_pipeline.py
[2025-10-09T14:27:14.345+0000] {processor.py:840} INFO - DAG(s) 'timeseries_pipeline' retrieved from /opt/airflow/dags/timeseries_pipeline.py
[2025-10-09T14:27:14.378+0000] {logging_mixin.py:188} INFO - [2025-10-09T14:27:14.378+0000] {dag.py:3096} INFO - Sync 1 DAGs
[2025-10-09T14:27:14.394+0000] {logging_mixin.py:188} INFO - [2025-10-09T14:27:14.394+0000] {dag.py:3954} INFO - Setting next_dagrun for timeseries_pipeline to 2025-10-08 00:00:00+00:00, run_after=2025-10-09 00:00:00+00:00
[2025-10-09T14:27:14.419+0000] {processor.py:183} INFO - Processing /opt/airflow/dags/timeseries_pipeline.py took 0.758 seconds
[2025-10-09T14:27:45.052+0000] {processor.py:161} INFO - Started process (PID=3347) to work on /opt/airflow/dags/timeseries_pipeline.py
[2025-10-09T14:27:45.052+0000] {processor.py:830} INFO - Processing file /opt/airflow/dags/timeseries_pipeline.py for tasks to queue
[2025-10-09T14:27:45.053+0000] {logging_mixin.py:188} INFO - [2025-10-09T14:27:45.053+0000] {dagbag.py:545} INFO - Filling up the DagBag from /opt/airflow/dags/timeseries_pipeline.py
[2025-10-09T14:27:45.712+0000] {processor.py:840} INFO - DAG(s) 'timeseries_pipeline' retrieved from /opt/airflow/dags/timeseries_pipeline.py
[2025-10-09T14:27:45.737+0000] {logging_mixin.py:188} INFO - [2025-10-09T14:27:45.736+0000] {dag.py:3096} INFO - Sync 1 DAGs
[2025-10-09T14:27:45.755+0000] {logging_mixin.py:188} INFO - [2025-10-09T14:27:45.755+0000] {dag.py:3954} INFO - Setting next_dagrun for timeseries_pipeline to 2025-10-08 00:00:00+00:00, run_after=2025-10-09 00:00:00+00:00
[2025-10-09T14:27:45.775+0000] {processor.py:183} INFO - Processing /opt/airflow/dags/timeseries_pipeline.py took 0.728 seconds
[2025-10-09T14:28:16.005+0000] {processor.py:161} INFO - Started process (PID=3359) to work on /opt/airflow/dags/timeseries_pipeline.py
[2025-10-09T14:28:16.006+0000] {processor.py:830} INFO - Processing file /opt/airflow/dags/timeseries_pipeline.py for tasks to queue
[2025-10-09T14:28:16.007+0000] {logging_mixin.py:188} INFO - [2025-10-09T14:28:16.007+0000] {dagbag.py:545} INFO - Filling up the DagBag from /opt/airflow/dags/timeseries_pipeline.py
[2025-10-09T14:28:16.685+0000] {processor.py:840} INFO - DAG(s) 'timeseries_pipeline' retrieved from /opt/airflow/dags/timeseries_pipeline.py
[2025-10-09T14:28:16.707+0000] {logging_mixin.py:188} INFO - [2025-10-09T14:28:16.706+0000] {dag.py:3096} INFO - Sync 1 DAGs
[2025-10-09T14:28:16.725+0000] {logging_mixin.py:188} INFO - [2025-10-09T14:28:16.725+0000] {dag.py:3954} INFO - Setting next_dagrun for timeseries_pipeline to 2025-10-08 00:00:00+00:00, run_after=2025-10-09 00:00:00+00:00
[2025-10-09T14:28:16.748+0000] {processor.py:183} INFO - Processing /opt/airflow/dags/timeseries_pipeline.py took 0.746 seconds
[2025-10-09T14:28:47.263+0000] {processor.py:161} INFO - Started process (PID=3371) to work on /opt/airflow/dags/timeseries_pipeline.py
[2025-10-09T14:28:47.263+0000] {processor.py:830} INFO - Processing file /opt/airflow/dags/timeseries_pipeline.py for tasks to queue
[2025-10-09T14:28:47.264+0000] {logging_mixin.py:188} INFO - [2025-10-09T14:28:47.264+0000] {dagbag.py:545} INFO - Filling up the DagBag from /opt/airflow/dags/timeseries_pipeline.py
[2025-10-09T14:28:48.439+0000] {processor.py:840} INFO - DAG(s) 'timeseries_pipeline' retrieved from /opt/airflow/dags/timeseries_pipeline.py
[2025-10-09T14:28:48.457+0000] {logging_mixin.py:188} INFO - [2025-10-09T14:28:48.457+0000] {dag.py:3096} INFO - Sync 1 DAGs
[2025-10-09T14:28:48.472+0000] {logging_mixin.py:188} INFO - [2025-10-09T14:28:48.472+0000] {dag.py:3954} INFO - Setting next_dagrun for timeseries_pipeline to 2025-10-08 00:00:00+00:00, run_after=2025-10-09 00:00:00+00:00
[2025-10-09T14:28:48.484+0000] {processor.py:183} INFO - Processing /opt/airflow/dags/timeseries_pipeline.py took 1.226 seconds
[2025-10-09T14:29:18.949+0000] {processor.py:161} INFO - Started process (PID=3383) to work on /opt/airflow/dags/timeseries_pipeline.py
[2025-10-09T14:29:18.950+0000] {processor.py:830} INFO - Processing file /opt/airflow/dags/timeseries_pipeline.py for tasks to queue
[2025-10-09T14:29:18.951+0000] {logging_mixin.py:188} INFO - [2025-10-09T14:29:18.951+0000] {dagbag.py:545} INFO - Filling up the DagBag from /opt/airflow/dags/timeseries_pipeline.py
[2025-10-09T14:29:19.690+0000] {processor.py:840} INFO - DAG(s) 'timeseries_pipeline' retrieved from /opt/airflow/dags/timeseries_pipeline.py
[2025-10-09T14:29:19.717+0000] {logging_mixin.py:188} INFO - [2025-10-09T14:29:19.716+0000] {dag.py:3096} INFO - Sync 1 DAGs
[2025-10-09T14:29:19.734+0000] {logging_mixin.py:188} INFO - [2025-10-09T14:29:19.734+0000] {dag.py:3954} INFO - Setting next_dagrun for timeseries_pipeline to 2025-10-08 00:00:00+00:00, run_after=2025-10-09 00:00:00+00:00
[2025-10-09T14:29:19.758+0000] {processor.py:183} INFO - Processing /opt/airflow/dags/timeseries_pipeline.py took 0.813 seconds
[2025-10-09T14:29:50.120+0000] {processor.py:161} INFO - Started process (PID=3395) to work on /opt/airflow/dags/timeseries_pipeline.py
[2025-10-09T14:29:50.121+0000] {processor.py:830} INFO - Processing file /opt/airflow/dags/timeseries_pipeline.py for tasks to queue
[2025-10-09T14:29:50.122+0000] {logging_mixin.py:188} INFO - [2025-10-09T14:29:50.121+0000] {dagbag.py:545} INFO - Filling up the DagBag from /opt/airflow/dags/timeseries_pipeline.py
[2025-10-09T14:29:50.814+0000] {processor.py:840} INFO - DAG(s) 'timeseries_pipeline' retrieved from /opt/airflow/dags/timeseries_pipeline.py
[2025-10-09T14:29:50.833+0000] {logging_mixin.py:188} INFO - [2025-10-09T14:29:50.833+0000] {dag.py:3096} INFO - Sync 1 DAGs
[2025-10-09T14:29:50.851+0000] {logging_mixin.py:188} INFO - [2025-10-09T14:29:50.851+0000] {dag.py:3954} INFO - Setting next_dagrun for timeseries_pipeline to 2025-10-08 00:00:00+00:00, run_after=2025-10-09 00:00:00+00:00
[2025-10-09T14:29:50.872+0000] {processor.py:183} INFO - Processing /opt/airflow/dags/timeseries_pipeline.py took 0.756 seconds
[2025-10-09T14:30:21.304+0000] {processor.py:161} INFO - Started process (PID=3407) to work on /opt/airflow/dags/timeseries_pipeline.py
[2025-10-09T14:30:21.305+0000] {processor.py:830} INFO - Processing file /opt/airflow/dags/timeseries_pipeline.py for tasks to queue
[2025-10-09T14:30:21.305+0000] {logging_mixin.py:188} INFO - [2025-10-09T14:30:21.305+0000] {dagbag.py:545} INFO - Filling up the DagBag from /opt/airflow/dags/timeseries_pipeline.py
[2025-10-09T14:30:21.938+0000] {processor.py:840} INFO - DAG(s) 'timeseries_pipeline' retrieved from /opt/airflow/dags/timeseries_pipeline.py
[2025-10-09T14:30:21.965+0000] {logging_mixin.py:188} INFO - [2025-10-09T14:30:21.965+0000] {dag.py:3096} INFO - Sync 1 DAGs
[2025-10-09T14:30:21.983+0000] {logging_mixin.py:188} INFO - [2025-10-09T14:30:21.983+0000] {dag.py:3954} INFO - Setting next_dagrun for timeseries_pipeline to 2025-10-08 00:00:00+00:00, run_after=2025-10-09 00:00:00+00:00
[2025-10-09T14:30:22.011+0000] {processor.py:183} INFO - Processing /opt/airflow/dags/timeseries_pipeline.py took 0.711 seconds
[2025-10-09T14:30:52.766+0000] {processor.py:161} INFO - Started process (PID=3419) to work on /opt/airflow/dags/timeseries_pipeline.py
[2025-10-09T14:30:52.766+0000] {processor.py:830} INFO - Processing file /opt/airflow/dags/timeseries_pipeline.py for tasks to queue
[2025-10-09T14:30:52.767+0000] {logging_mixin.py:188} INFO - [2025-10-09T14:30:52.767+0000] {dagbag.py:545} INFO - Filling up the DagBag from /opt/airflow/dags/timeseries_pipeline.py
[2025-10-09T14:30:53.411+0000] {processor.py:840} INFO - DAG(s) 'timeseries_pipeline' retrieved from /opt/airflow/dags/timeseries_pipeline.py
[2025-10-09T14:30:53.432+0000] {logging_mixin.py:188} INFO - [2025-10-09T14:30:53.432+0000] {dag.py:3096} INFO - Sync 1 DAGs
[2025-10-09T14:30:53.453+0000] {logging_mixin.py:188} INFO - [2025-10-09T14:30:53.453+0000] {dag.py:3954} INFO - Setting next_dagrun for timeseries_pipeline to 2025-10-08 00:00:00+00:00, run_after=2025-10-09 00:00:00+00:00
[2025-10-09T14:30:53.472+0000] {processor.py:183} INFO - Processing /opt/airflow/dags/timeseries_pipeline.py took 0.710 seconds
[2025-10-09T14:31:23.806+0000] {processor.py:161} INFO - Started process (PID=3431) to work on /opt/airflow/dags/timeseries_pipeline.py
[2025-10-09T14:31:23.807+0000] {processor.py:830} INFO - Processing file /opt/airflow/dags/timeseries_pipeline.py for tasks to queue
[2025-10-09T14:31:23.807+0000] {logging_mixin.py:188} INFO - [2025-10-09T14:31:23.807+0000] {dagbag.py:545} INFO - Filling up the DagBag from /opt/airflow/dags/timeseries_pipeline.py
[2025-10-09T14:31:24.457+0000] {processor.py:840} INFO - DAG(s) 'timeseries_pipeline' retrieved from /opt/airflow/dags/timeseries_pipeline.py
[2025-10-09T14:31:24.476+0000] {logging_mixin.py:188} INFO - [2025-10-09T14:31:24.476+0000] {dag.py:3096} INFO - Sync 1 DAGs
[2025-10-09T14:31:24.492+0000] {logging_mixin.py:188} INFO - [2025-10-09T14:31:24.492+0000] {dag.py:3954} INFO - Setting next_dagrun for timeseries_pipeline to 2025-10-08 00:00:00+00:00, run_after=2025-10-09 00:00:00+00:00
[2025-10-09T14:31:24.508+0000] {processor.py:183} INFO - Processing /opt/airflow/dags/timeseries_pipeline.py took 0.707 seconds
[2025-10-09T14:31:55.183+0000] {processor.py:161} INFO - Started process (PID=3443) to work on /opt/airflow/dags/timeseries_pipeline.py
[2025-10-09T14:31:55.184+0000] {processor.py:830} INFO - Processing file /opt/airflow/dags/timeseries_pipeline.py for tasks to queue
[2025-10-09T14:31:55.184+0000] {logging_mixin.py:188} INFO - [2025-10-09T14:31:55.184+0000] {dagbag.py:545} INFO - Filling up the DagBag from /opt/airflow/dags/timeseries_pipeline.py
[2025-10-09T14:31:55.872+0000] {processor.py:840} INFO - DAG(s) 'timeseries_pipeline' retrieved from /opt/airflow/dags/timeseries_pipeline.py
[2025-10-09T14:31:55.893+0000] {logging_mixin.py:188} INFO - [2025-10-09T14:31:55.893+0000] {dag.py:3096} INFO - Sync 1 DAGs
[2025-10-09T14:31:55.914+0000] {logging_mixin.py:188} INFO - [2025-10-09T14:31:55.914+0000] {dag.py:3954} INFO - Setting next_dagrun for timeseries_pipeline to 2025-10-08 00:00:00+00:00, run_after=2025-10-09 00:00:00+00:00
[2025-10-09T14:31:55.939+0000] {processor.py:183} INFO - Processing /opt/airflow/dags/timeseries_pipeline.py took 0.761 seconds
[2025-10-09T14:32:26.325+0000] {processor.py:161} INFO - Started process (PID=3455) to work on /opt/airflow/dags/timeseries_pipeline.py
[2025-10-09T14:32:26.325+0000] {processor.py:830} INFO - Processing file /opt/airflow/dags/timeseries_pipeline.py for tasks to queue
[2025-10-09T14:32:26.326+0000] {logging_mixin.py:188} INFO - [2025-10-09T14:32:26.326+0000] {dagbag.py:545} INFO - Filling up the DagBag from /opt/airflow/dags/timeseries_pipeline.py
[2025-10-09T14:32:27.007+0000] {processor.py:840} INFO - DAG(s) 'timeseries_pipeline' retrieved from /opt/airflow/dags/timeseries_pipeline.py
[2025-10-09T14:32:27.026+0000] {logging_mixin.py:188} INFO - [2025-10-09T14:32:27.025+0000] {dag.py:3096} INFO - Sync 1 DAGs
[2025-10-09T14:32:27.040+0000] {logging_mixin.py:188} INFO - [2025-10-09T14:32:27.040+0000] {dag.py:3954} INFO - Setting next_dagrun for timeseries_pipeline to 2025-10-08 00:00:00+00:00, run_after=2025-10-09 00:00:00+00:00
[2025-10-09T14:32:27.058+0000] {processor.py:183} INFO - Processing /opt/airflow/dags/timeseries_pipeline.py took 0.738 seconds
[2025-10-09T14:32:57.525+0000] {processor.py:161} INFO - Started process (PID=3467) to work on /opt/airflow/dags/timeseries_pipeline.py
[2025-10-09T14:32:57.525+0000] {processor.py:830} INFO - Processing file /opt/airflow/dags/timeseries_pipeline.py for tasks to queue
[2025-10-09T14:32:57.526+0000] {logging_mixin.py:188} INFO - [2025-10-09T14:32:57.526+0000] {dagbag.py:545} INFO - Filling up the DagBag from /opt/airflow/dags/timeseries_pipeline.py
[2025-10-09T14:32:58.210+0000] {processor.py:840} INFO - DAG(s) 'timeseries_pipeline' retrieved from /opt/airflow/dags/timeseries_pipeline.py
[2025-10-09T14:32:58.230+0000] {logging_mixin.py:188} INFO - [2025-10-09T14:32:58.229+0000] {dag.py:3096} INFO - Sync 1 DAGs
[2025-10-09T14:32:58.244+0000] {logging_mixin.py:188} INFO - [2025-10-09T14:32:58.244+0000] {dag.py:3954} INFO - Setting next_dagrun for timeseries_pipeline to 2025-10-08 00:00:00+00:00, run_after=2025-10-09 00:00:00+00:00
[2025-10-09T14:32:58.260+0000] {processor.py:183} INFO - Processing /opt/airflow/dags/timeseries_pipeline.py took 0.740 seconds
[2025-10-09T14:33:28.931+0000] {processor.py:161} INFO - Started process (PID=3479) to work on /opt/airflow/dags/timeseries_pipeline.py
[2025-10-09T14:33:28.932+0000] {processor.py:830} INFO - Processing file /opt/airflow/dags/timeseries_pipeline.py for tasks to queue
[2025-10-09T14:33:28.933+0000] {logging_mixin.py:188} INFO - [2025-10-09T14:33:28.932+0000] {dagbag.py:545} INFO - Filling up the DagBag from /opt/airflow/dags/timeseries_pipeline.py
[2025-10-09T14:33:29.885+0000] {processor.py:840} INFO - DAG(s) 'timeseries_pipeline' retrieved from /opt/airflow/dags/timeseries_pipeline.py
[2025-10-09T14:33:29.911+0000] {logging_mixin.py:188} INFO - [2025-10-09T14:33:29.910+0000] {dag.py:3096} INFO - Sync 1 DAGs
[2025-10-09T14:33:29.924+0000] {logging_mixin.py:188} INFO - [2025-10-09T14:33:29.924+0000] {dag.py:3954} INFO - Setting next_dagrun for timeseries_pipeline to 2025-10-08 00:00:00+00:00, run_after=2025-10-09 00:00:00+00:00
[2025-10-09T14:33:29.942+0000] {processor.py:183} INFO - Processing /opt/airflow/dags/timeseries_pipeline.py took 1.015 seconds
[2025-10-09T14:34:00.028+0000] {processor.py:161} INFO - Started process (PID=3491) to work on /opt/airflow/dags/timeseries_pipeline.py
[2025-10-09T14:34:00.029+0000] {processor.py:830} INFO - Processing file /opt/airflow/dags/timeseries_pipeline.py for tasks to queue
[2025-10-09T14:34:00.030+0000] {logging_mixin.py:188} INFO - [2025-10-09T14:34:00.029+0000] {dagbag.py:545} INFO - Filling up the DagBag from /opt/airflow/dags/timeseries_pipeline.py
[2025-10-09T14:34:00.843+0000] {processor.py:840} INFO - DAG(s) 'timeseries_pipeline' retrieved from /opt/airflow/dags/timeseries_pipeline.py
[2025-10-09T14:34:00.861+0000] {logging_mixin.py:188} INFO - [2025-10-09T14:34:00.861+0000] {dag.py:3096} INFO - Sync 1 DAGs
[2025-10-09T14:34:00.877+0000] {logging_mixin.py:188} INFO - [2025-10-09T14:34:00.877+0000] {dag.py:3954} INFO - Setting next_dagrun for timeseries_pipeline to 2025-10-08 00:00:00+00:00, run_after=2025-10-09 00:00:00+00:00
[2025-10-09T14:34:00.898+0000] {processor.py:183} INFO - Processing /opt/airflow/dags/timeseries_pipeline.py took 0.875 seconds
[2025-10-09T14:34:31.018+0000] {processor.py:161} INFO - Started process (PID=3503) to work on /opt/airflow/dags/timeseries_pipeline.py
[2025-10-09T14:34:31.018+0000] {processor.py:830} INFO - Processing file /opt/airflow/dags/timeseries_pipeline.py for tasks to queue
[2025-10-09T14:34:31.019+0000] {logging_mixin.py:188} INFO - [2025-10-09T14:34:31.019+0000] {dagbag.py:545} INFO - Filling up the DagBag from /opt/airflow/dags/timeseries_pipeline.py
[2025-10-09T14:34:31.652+0000] {processor.py:840} INFO - DAG(s) 'timeseries_pipeline' retrieved from /opt/airflow/dags/timeseries_pipeline.py
[2025-10-09T14:34:31.670+0000] {logging_mixin.py:188} INFO - [2025-10-09T14:34:31.669+0000] {dag.py:3096} INFO - Sync 1 DAGs
[2025-10-09T14:34:31.686+0000] {logging_mixin.py:188} INFO - [2025-10-09T14:34:31.685+0000] {dag.py:3954} INFO - Setting next_dagrun for timeseries_pipeline to 2025-10-08 00:00:00+00:00, run_after=2025-10-09 00:00:00+00:00
[2025-10-09T14:34:31.701+0000] {processor.py:183} INFO - Processing /opt/airflow/dags/timeseries_pipeline.py took 0.687 seconds
[2025-10-09T14:35:02.187+0000] {processor.py:161} INFO - Started process (PID=3515) to work on /opt/airflow/dags/timeseries_pipeline.py
[2025-10-09T14:35:02.188+0000] {processor.py:830} INFO - Processing file /opt/airflow/dags/timeseries_pipeline.py for tasks to queue
[2025-10-09T14:35:02.189+0000] {logging_mixin.py:188} INFO - [2025-10-09T14:35:02.188+0000] {dagbag.py:545} INFO - Filling up the DagBag from /opt/airflow/dags/timeseries_pipeline.py
[2025-10-09T14:35:02.866+0000] {processor.py:840} INFO - DAG(s) 'timeseries_pipeline' retrieved from /opt/airflow/dags/timeseries_pipeline.py
[2025-10-09T14:35:02.884+0000] {logging_mixin.py:188} INFO - [2025-10-09T14:35:02.883+0000] {dag.py:3096} INFO - Sync 1 DAGs
[2025-10-09T14:35:02.899+0000] {logging_mixin.py:188} INFO - [2025-10-09T14:35:02.899+0000] {dag.py:3954} INFO - Setting next_dagrun for timeseries_pipeline to 2025-10-08 00:00:00+00:00, run_after=2025-10-09 00:00:00+00:00
[2025-10-09T14:35:02.917+0000] {processor.py:183} INFO - Processing /opt/airflow/dags/timeseries_pipeline.py took 0.734 seconds
[2025-10-09T14:35:32.971+0000] {processor.py:161} INFO - Started process (PID=3527) to work on /opt/airflow/dags/timeseries_pipeline.py
[2025-10-09T14:35:32.972+0000] {processor.py:830} INFO - Processing file /opt/airflow/dags/timeseries_pipeline.py for tasks to queue
[2025-10-09T14:35:32.973+0000] {logging_mixin.py:188} INFO - [2025-10-09T14:35:32.972+0000] {dagbag.py:545} INFO - Filling up the DagBag from /opt/airflow/dags/timeseries_pipeline.py
[2025-10-09T14:35:33.663+0000] {processor.py:840} INFO - DAG(s) 'timeseries_pipeline' retrieved from /opt/airflow/dags/timeseries_pipeline.py
[2025-10-09T14:35:33.682+0000] {logging_mixin.py:188} INFO - [2025-10-09T14:35:33.681+0000] {dag.py:3096} INFO - Sync 1 DAGs
[2025-10-09T14:35:33.697+0000] {logging_mixin.py:188} INFO - [2025-10-09T14:35:33.697+0000] {dag.py:3954} INFO - Setting next_dagrun for timeseries_pipeline to 2025-10-08 00:00:00+00:00, run_after=2025-10-09 00:00:00+00:00
[2025-10-09T14:35:33.716+0000] {processor.py:183} INFO - Processing /opt/airflow/dags/timeseries_pipeline.py took 0.749 seconds
[2025-10-09T14:36:04.233+0000] {processor.py:161} INFO - Started process (PID=3539) to work on /opt/airflow/dags/timeseries_pipeline.py
[2025-10-09T14:36:04.233+0000] {processor.py:830} INFO - Processing file /opt/airflow/dags/timeseries_pipeline.py for tasks to queue
[2025-10-09T14:36:04.234+0000] {logging_mixin.py:188} INFO - [2025-10-09T14:36:04.234+0000] {dagbag.py:545} INFO - Filling up the DagBag from /opt/airflow/dags/timeseries_pipeline.py
[2025-10-09T14:36:04.951+0000] {processor.py:840} INFO - DAG(s) 'timeseries_pipeline' retrieved from /opt/airflow/dags/timeseries_pipeline.py
[2025-10-09T14:36:04.974+0000] {logging_mixin.py:188} INFO - [2025-10-09T14:36:04.974+0000] {dag.py:3096} INFO - Sync 1 DAGs
[2025-10-09T14:36:04.995+0000] {logging_mixin.py:188} INFO - [2025-10-09T14:36:04.995+0000] {dag.py:3954} INFO - Setting next_dagrun for timeseries_pipeline to 2025-10-08 00:00:00+00:00, run_after=2025-10-09 00:00:00+00:00
[2025-10-09T14:36:05.014+0000] {processor.py:183} INFO - Processing /opt/airflow/dags/timeseries_pipeline.py took 0.786 seconds
[2025-10-09T14:36:35.140+0000] {processor.py:161} INFO - Started process (PID=3551) to work on /opt/airflow/dags/timeseries_pipeline.py
[2025-10-09T14:36:35.141+0000] {processor.py:830} INFO - Processing file /opt/airflow/dags/timeseries_pipeline.py for tasks to queue
[2025-10-09T14:36:35.142+0000] {logging_mixin.py:188} INFO - [2025-10-09T14:36:35.141+0000] {dagbag.py:545} INFO - Filling up the DagBag from /opt/airflow/dags/timeseries_pipeline.py
[2025-10-09T14:36:36.228+0000] {processor.py:840} INFO - DAG(s) 'timeseries_pipeline' retrieved from /opt/airflow/dags/timeseries_pipeline.py
[2025-10-09T14:36:36.248+0000] {logging_mixin.py:188} INFO - [2025-10-09T14:36:36.247+0000] {dag.py:3096} INFO - Sync 1 DAGs
[2025-10-09T14:36:36.264+0000] {logging_mixin.py:188} INFO - [2025-10-09T14:36:36.263+0000] {dag.py:3954} INFO - Setting next_dagrun for timeseries_pipeline to 2025-10-08 00:00:00+00:00, run_after=2025-10-09 00:00:00+00:00
[2025-10-09T14:36:36.280+0000] {processor.py:183} INFO - Processing /opt/airflow/dags/timeseries_pipeline.py took 1.144 seconds
[2025-10-09T14:37:06.584+0000] {processor.py:161} INFO - Started process (PID=3563) to work on /opt/airflow/dags/timeseries_pipeline.py
[2025-10-09T14:37:06.585+0000] {processor.py:830} INFO - Processing file /opt/airflow/dags/timeseries_pipeline.py for tasks to queue
[2025-10-09T14:37:06.585+0000] {logging_mixin.py:188} INFO - [2025-10-09T14:37:06.585+0000] {dagbag.py:545} INFO - Filling up the DagBag from /opt/airflow/dags/timeseries_pipeline.py
[2025-10-09T14:37:07.251+0000] {processor.py:840} INFO - DAG(s) 'timeseries_pipeline' retrieved from /opt/airflow/dags/timeseries_pipeline.py
[2025-10-09T14:37:07.270+0000] {logging_mixin.py:188} INFO - [2025-10-09T14:37:07.270+0000] {dag.py:3096} INFO - Sync 1 DAGs
[2025-10-09T14:37:07.284+0000] {logging_mixin.py:188} INFO - [2025-10-09T14:37:07.284+0000] {dag.py:3954} INFO - Setting next_dagrun for timeseries_pipeline to 2025-10-08 00:00:00+00:00, run_after=2025-10-09 00:00:00+00:00
[2025-10-09T14:37:07.300+0000] {processor.py:183} INFO - Processing /opt/airflow/dags/timeseries_pipeline.py took 0.720 seconds
[2025-10-09T15:04:34.182+0000] {processor.py:161} INFO - Started process (PID=172) to work on /opt/airflow/dags/timeseries_pipeline.py
[2025-10-09T15:04:34.183+0000] {processor.py:830} INFO - Processing file /opt/airflow/dags/timeseries_pipeline.py for tasks to queue
[2025-10-09T15:04:34.185+0000] {logging_mixin.py:188} INFO - [2025-10-09T15:04:34.184+0000] {dagbag.py:545} INFO - Filling up the DagBag from /opt/airflow/dags/timeseries_pipeline.py
[2025-10-09T15:04:35.918+0000] {logging_mixin.py:188} INFO - [2025-10-09T15:04:35.917+0000] {font_manager.py:1639} INFO - generated new fontManager
[2025-10-09T15:04:36.192+0000] {processor.py:840} INFO - DAG(s) 'timeseries_pipeline' retrieved from /opt/airflow/dags/timeseries_pipeline.py
[2025-10-09T15:04:36.306+0000] {logging_mixin.py:188} INFO - [2025-10-09T15:04:36.305+0000] {override.py:1829} INFO - Created Permission View: can delete on DAG:timeseries_pipeline
[2025-10-09T15:04:36.314+0000] {logging_mixin.py:188} INFO - [2025-10-09T15:04:36.314+0000] {override.py:1829} INFO - Created Permission View: can read on DAG:timeseries_pipeline
[2025-10-09T15:04:36.321+0000] {logging_mixin.py:188} INFO - [2025-10-09T15:04:36.321+0000] {override.py:1829} INFO - Created Permission View: can edit on DAG:timeseries_pipeline
[2025-10-09T15:04:36.322+0000] {logging_mixin.py:188} INFO - [2025-10-09T15:04:36.321+0000] {dag.py:3096} INFO - Sync 1 DAGs
[2025-10-09T15:04:36.329+0000] {logging_mixin.py:188} INFO - [2025-10-09T15:04:36.329+0000] {dag.py:3118} INFO - Creating ORM DAG for timeseries_pipeline
[2025-10-09T15:04:36.337+0000] {logging_mixin.py:188} INFO - [2025-10-09T15:04:36.337+0000] {dag.py:3954} INFO - Setting next_dagrun for timeseries_pipeline to 2025-10-08 00:00:00+00:00, run_after=2025-10-09 00:00:00+00:00
[2025-10-09T15:04:36.354+0000] {processor.py:183} INFO - Processing /opt/airflow/dags/timeseries_pipeline.py took 2.183 seconds
[2025-10-09T15:05:06.837+0000] {processor.py:161} INFO - Started process (PID=191) to work on /opt/airflow/dags/timeseries_pipeline.py
[2025-10-09T15:05:06.838+0000] {processor.py:830} INFO - Processing file /opt/airflow/dags/timeseries_pipeline.py for tasks to queue
[2025-10-09T15:05:06.839+0000] {logging_mixin.py:188} INFO - [2025-10-09T15:05:06.838+0000] {dagbag.py:545} INFO - Filling up the DagBag from /opt/airflow/dags/timeseries_pipeline.py
[2025-10-09T15:05:07.606+0000] {processor.py:840} INFO - DAG(s) 'timeseries_pipeline' retrieved from /opt/airflow/dags/timeseries_pipeline.py
[2025-10-09T15:05:07.624+0000] {logging_mixin.py:188} INFO - [2025-10-09T15:05:07.624+0000] {dag.py:3096} INFO - Sync 1 DAGs
[2025-10-09T15:05:07.639+0000] {logging_mixin.py:188} INFO - [2025-10-09T15:05:07.639+0000] {dag.py:3954} INFO - Setting next_dagrun for timeseries_pipeline to 2025-10-08 00:00:00+00:00, run_after=2025-10-09 00:00:00+00:00
[2025-10-09T15:05:07.659+0000] {processor.py:183} INFO - Processing /opt/airflow/dags/timeseries_pipeline.py took 0.828 seconds
[2025-10-09T15:05:38.058+0000] {processor.py:161} INFO - Started process (PID=203) to work on /opt/airflow/dags/timeseries_pipeline.py
[2025-10-09T15:05:38.059+0000] {processor.py:830} INFO - Processing file /opt/airflow/dags/timeseries_pipeline.py for tasks to queue
[2025-10-09T15:05:38.060+0000] {logging_mixin.py:188} INFO - [2025-10-09T15:05:38.060+0000] {dagbag.py:545} INFO - Filling up the DagBag from /opt/airflow/dags/timeseries_pipeline.py
[2025-10-09T15:05:38.838+0000] {processor.py:840} INFO - DAG(s) 'timeseries_pipeline' retrieved from /opt/airflow/dags/timeseries_pipeline.py
[2025-10-09T15:05:38.857+0000] {logging_mixin.py:188} INFO - [2025-10-09T15:05:38.856+0000] {dag.py:3096} INFO - Sync 1 DAGs
[2025-10-09T15:05:38.873+0000] {logging_mixin.py:188} INFO - [2025-10-09T15:05:38.872+0000] {dag.py:3954} INFO - Setting next_dagrun for timeseries_pipeline to 2025-10-08 00:00:00+00:00, run_after=2025-10-09 00:00:00+00:00
[2025-10-09T15:05:38.888+0000] {processor.py:183} INFO - Processing /opt/airflow/dags/timeseries_pipeline.py took 0.834 seconds
[2025-10-09T15:06:38.978+0000] {processor.py:161} INFO - Started process (PID=172) to work on /opt/airflow/dags/timeseries_pipeline.py
[2025-10-09T15:06:38.979+0000] {processor.py:830} INFO - Processing file /opt/airflow/dags/timeseries_pipeline.py for tasks to queue
[2025-10-09T15:06:38.981+0000] {logging_mixin.py:188} INFO - [2025-10-09T15:06:38.981+0000] {dagbag.py:545} INFO - Filling up the DagBag from /opt/airflow/dags/timeseries_pipeline.py
[2025-10-09T15:06:40.761+0000] {logging_mixin.py:188} INFO - [2025-10-09T15:06:40.760+0000] {font_manager.py:1639} INFO - generated new fontManager
[2025-10-09T15:06:41.131+0000] {processor.py:840} INFO - DAG(s) 'timeseries_pipeline' retrieved from /opt/airflow/dags/timeseries_pipeline.py
[2025-10-09T15:06:41.168+0000] {logging_mixin.py:188} INFO - [2025-10-09T15:06:41.168+0000] {dag.py:3096} INFO - Sync 1 DAGs
[2025-10-09T15:06:41.190+0000] {logging_mixin.py:188} INFO - [2025-10-09T15:06:41.190+0000] {dag.py:3954} INFO - Setting next_dagrun for timeseries_pipeline to 2025-10-08 00:00:00+00:00, run_after=2025-10-09 00:00:00+00:00
[2025-10-09T15:06:41.215+0000] {processor.py:183} INFO - Processing /opt/airflow/dags/timeseries_pipeline.py took 2.254 seconds
[2025-10-09T15:07:11.665+0000] {processor.py:161} INFO - Started process (PID=191) to work on /opt/airflow/dags/timeseries_pipeline.py
[2025-10-09T15:07:11.666+0000] {processor.py:830} INFO - Processing file /opt/airflow/dags/timeseries_pipeline.py for tasks to queue
[2025-10-09T15:07:11.667+0000] {logging_mixin.py:188} INFO - [2025-10-09T15:07:11.667+0000] {dagbag.py:545} INFO - Filling up the DagBag from /opt/airflow/dags/timeseries_pipeline.py
[2025-10-09T15:07:12.615+0000] {processor.py:840} INFO - DAG(s) 'timeseries_pipeline' retrieved from /opt/airflow/dags/timeseries_pipeline.py
[2025-10-09T15:07:12.690+0000] {logging_mixin.py:188} INFO - [2025-10-09T15:07:12.690+0000] {dag.py:3096} INFO - Sync 1 DAGs
[2025-10-09T15:07:12.707+0000] {logging_mixin.py:188} INFO - [2025-10-09T15:07:12.706+0000] {dag.py:3954} INFO - Setting next_dagrun for timeseries_pipeline to 2025-10-08 00:00:00+00:00, run_after=2025-10-09 00:00:00+00:00
[2025-10-09T15:07:12.729+0000] {processor.py:183} INFO - Processing /opt/airflow/dags/timeseries_pipeline.py took 1.074 seconds
[2025-10-09T15:07:43.114+0000] {processor.py:161} INFO - Started process (PID=203) to work on /opt/airflow/dags/timeseries_pipeline.py
[2025-10-09T15:07:43.114+0000] {processor.py:830} INFO - Processing file /opt/airflow/dags/timeseries_pipeline.py for tasks to queue
[2025-10-09T15:07:43.115+0000] {logging_mixin.py:188} INFO - [2025-10-09T15:07:43.115+0000] {dagbag.py:545} INFO - Filling up the DagBag from /opt/airflow/dags/timeseries_pipeline.py
[2025-10-09T15:07:43.814+0000] {processor.py:840} INFO - DAG(s) 'timeseries_pipeline' retrieved from /opt/airflow/dags/timeseries_pipeline.py
[2025-10-09T15:07:43.836+0000] {logging_mixin.py:188} INFO - [2025-10-09T15:07:43.835+0000] {dag.py:3096} INFO - Sync 1 DAGs
[2025-10-09T15:07:43.855+0000] {logging_mixin.py:188} INFO - [2025-10-09T15:07:43.855+0000] {dag.py:3954} INFO - Setting next_dagrun for timeseries_pipeline to 2025-10-08 00:00:00+00:00, run_after=2025-10-09 00:00:00+00:00
[2025-10-09T15:07:43.874+0000] {processor.py:183} INFO - Processing /opt/airflow/dags/timeseries_pipeline.py took 0.765 seconds
[2025-10-09T15:08:14.350+0000] {processor.py:161} INFO - Started process (PID=215) to work on /opt/airflow/dags/timeseries_pipeline.py
[2025-10-09T15:08:14.352+0000] {processor.py:830} INFO - Processing file /opt/airflow/dags/timeseries_pipeline.py for tasks to queue
[2025-10-09T15:08:14.353+0000] {logging_mixin.py:188} INFO - [2025-10-09T15:08:14.352+0000] {dagbag.py:545} INFO - Filling up the DagBag from /opt/airflow/dags/timeseries_pipeline.py
[2025-10-09T15:08:15.153+0000] {processor.py:840} INFO - DAG(s) 'timeseries_pipeline' retrieved from /opt/airflow/dags/timeseries_pipeline.py
[2025-10-09T15:08:15.174+0000] {logging_mixin.py:188} INFO - [2025-10-09T15:08:15.173+0000] {dag.py:3096} INFO - Sync 1 DAGs
[2025-10-09T15:08:15.189+0000] {logging_mixin.py:188} INFO - [2025-10-09T15:08:15.189+0000] {dag.py:3954} INFO - Setting next_dagrun for timeseries_pipeline to 2025-10-08 00:00:00+00:00, run_after=2025-10-09 00:00:00+00:00
[2025-10-09T15:08:15.209+0000] {processor.py:183} INFO - Processing /opt/airflow/dags/timeseries_pipeline.py took 0.864 seconds
[2025-10-09T15:08:45.481+0000] {processor.py:161} INFO - Started process (PID=227) to work on /opt/airflow/dags/timeseries_pipeline.py
[2025-10-09T15:08:45.482+0000] {processor.py:830} INFO - Processing file /opt/airflow/dags/timeseries_pipeline.py for tasks to queue
[2025-10-09T15:08:45.483+0000] {logging_mixin.py:188} INFO - [2025-10-09T15:08:45.483+0000] {dagbag.py:545} INFO - Filling up the DagBag from /opt/airflow/dags/timeseries_pipeline.py
[2025-10-09T15:08:46.173+0000] {processor.py:840} INFO - DAG(s) 'timeseries_pipeline' retrieved from /opt/airflow/dags/timeseries_pipeline.py
[2025-10-09T15:08:46.196+0000] {logging_mixin.py:188} INFO - [2025-10-09T15:08:46.196+0000] {dag.py:3096} INFO - Sync 1 DAGs
[2025-10-09T15:08:46.209+0000] {logging_mixin.py:188} INFO - [2025-10-09T15:08:46.209+0000] {dag.py:3954} INFO - Setting next_dagrun for timeseries_pipeline to 2025-10-08 00:00:00+00:00, run_after=2025-10-09 00:00:00+00:00
[2025-10-09T15:08:46.223+0000] {processor.py:183} INFO - Processing /opt/airflow/dags/timeseries_pipeline.py took 0.745 seconds
[2025-10-09T15:09:16.856+0000] {processor.py:161} INFO - Started process (PID=239) to work on /opt/airflow/dags/timeseries_pipeline.py
[2025-10-09T15:09:16.857+0000] {processor.py:830} INFO - Processing file /opt/airflow/dags/timeseries_pipeline.py for tasks to queue
[2025-10-09T15:09:16.858+0000] {logging_mixin.py:188} INFO - [2025-10-09T15:09:16.858+0000] {dagbag.py:545} INFO - Filling up the DagBag from /opt/airflow/dags/timeseries_pipeline.py
[2025-10-09T15:09:17.550+0000] {processor.py:840} INFO - DAG(s) 'timeseries_pipeline' retrieved from /opt/airflow/dags/timeseries_pipeline.py
[2025-10-09T15:09:17.570+0000] {logging_mixin.py:188} INFO - [2025-10-09T15:09:17.569+0000] {dag.py:3096} INFO - Sync 1 DAGs
[2025-10-09T15:09:17.584+0000] {logging_mixin.py:188} INFO - [2025-10-09T15:09:17.584+0000] {dag.py:3954} INFO - Setting next_dagrun for timeseries_pipeline to 2025-10-08 00:00:00+00:00, run_after=2025-10-09 00:00:00+00:00
[2025-10-09T15:09:17.602+0000] {processor.py:183} INFO - Processing /opt/airflow/dags/timeseries_pipeline.py took 0.750 seconds
[2025-10-09T15:09:47.665+0000] {processor.py:161} INFO - Started process (PID=251) to work on /opt/airflow/dags/timeseries_pipeline.py
[2025-10-09T15:09:47.666+0000] {processor.py:830} INFO - Processing file /opt/airflow/dags/timeseries_pipeline.py for tasks to queue
[2025-10-09T15:09:47.668+0000] {logging_mixin.py:188} INFO - [2025-10-09T15:09:47.667+0000] {dagbag.py:545} INFO - Filling up the DagBag from /opt/airflow/dags/timeseries_pipeline.py
[2025-10-09T15:09:48.522+0000] {processor.py:840} INFO - DAG(s) 'timeseries_pipeline' retrieved from /opt/airflow/dags/timeseries_pipeline.py
[2025-10-09T15:09:48.543+0000] {logging_mixin.py:188} INFO - [2025-10-09T15:09:48.543+0000] {dag.py:3096} INFO - Sync 1 DAGs
[2025-10-09T15:09:48.560+0000] {logging_mixin.py:188} INFO - [2025-10-09T15:09:48.559+0000] {dag.py:3954} INFO - Setting next_dagrun for timeseries_pipeline to 2025-10-08 00:00:00+00:00, run_after=2025-10-09 00:00:00+00:00
[2025-10-09T15:09:48.576+0000] {processor.py:183} INFO - Processing /opt/airflow/dags/timeseries_pipeline.py took 0.916 seconds
[2025-10-09T15:10:18.862+0000] {processor.py:161} INFO - Started process (PID=263) to work on /opt/airflow/dags/timeseries_pipeline.py
[2025-10-09T15:10:18.863+0000] {processor.py:830} INFO - Processing file /opt/airflow/dags/timeseries_pipeline.py for tasks to queue
[2025-10-09T15:10:18.864+0000] {logging_mixin.py:188} INFO - [2025-10-09T15:10:18.863+0000] {dagbag.py:545} INFO - Filling up the DagBag from /opt/airflow/dags/timeseries_pipeline.py
[2025-10-09T15:10:19.522+0000] {processor.py:840} INFO - DAG(s) 'timeseries_pipeline' retrieved from /opt/airflow/dags/timeseries_pipeline.py
[2025-10-09T15:10:19.540+0000] {logging_mixin.py:188} INFO - [2025-10-09T15:10:19.540+0000] {dag.py:3096} INFO - Sync 1 DAGs
[2025-10-09T15:10:19.552+0000] {logging_mixin.py:188} INFO - [2025-10-09T15:10:19.552+0000] {dag.py:3954} INFO - Setting next_dagrun for timeseries_pipeline to 2025-10-08 00:00:00+00:00, run_after=2025-10-09 00:00:00+00:00
[2025-10-09T15:10:19.575+0000] {processor.py:183} INFO - Processing /opt/airflow/dags/timeseries_pipeline.py took 0.717 seconds
[2025-10-09T15:10:49.835+0000] {processor.py:161} INFO - Started process (PID=270) to work on /opt/airflow/dags/timeseries_pipeline.py
[2025-10-09T15:10:49.836+0000] {processor.py:830} INFO - Processing file /opt/airflow/dags/timeseries_pipeline.py for tasks to queue
[2025-10-09T15:10:49.837+0000] {logging_mixin.py:188} INFO - [2025-10-09T15:10:49.837+0000] {dagbag.py:545} INFO - Filling up the DagBag from /opt/airflow/dags/timeseries_pipeline.py
[2025-10-09T15:10:50.553+0000] {processor.py:840} INFO - DAG(s) 'timeseries_pipeline' retrieved from /opt/airflow/dags/timeseries_pipeline.py
[2025-10-09T15:10:50.572+0000] {logging_mixin.py:188} INFO - [2025-10-09T15:10:50.572+0000] {dag.py:3096} INFO - Sync 1 DAGs
[2025-10-09T15:10:50.589+0000] {logging_mixin.py:188} INFO - [2025-10-09T15:10:50.589+0000] {dag.py:3954} INFO - Setting next_dagrun for timeseries_pipeline to 2025-10-08 00:00:00+00:00, run_after=2025-10-09 00:00:00+00:00
[2025-10-09T15:10:50.607+0000] {processor.py:183} INFO - Processing /opt/airflow/dags/timeseries_pipeline.py took 0.777 seconds
[2025-10-09T15:11:21.873+0000] {processor.py:161} INFO - Started process (PID=282) to work on /opt/airflow/dags/timeseries_pipeline.py
[2025-10-09T15:11:21.874+0000] {processor.py:830} INFO - Processing file /opt/airflow/dags/timeseries_pipeline.py for tasks to queue
[2025-10-09T15:11:21.875+0000] {logging_mixin.py:188} INFO - [2025-10-09T15:11:21.875+0000] {dagbag.py:545} INFO - Filling up the DagBag from /opt/airflow/dags/timeseries_pipeline.py
[2025-10-09T15:11:22.616+0000] {processor.py:840} INFO - DAG(s) 'timeseries_pipeline' retrieved from /opt/airflow/dags/timeseries_pipeline.py
[2025-10-09T15:11:22.638+0000] {logging_mixin.py:188} INFO - [2025-10-09T15:11:22.637+0000] {dag.py:3096} INFO - Sync 1 DAGs
[2025-10-09T15:11:22.655+0000] {logging_mixin.py:188} INFO - [2025-10-09T15:11:22.655+0000] {dag.py:3954} INFO - Setting next_dagrun for timeseries_pipeline to 2025-10-08 00:00:00+00:00, run_after=2025-10-09 00:00:00+00:00
[2025-10-09T15:11:22.674+0000] {processor.py:183} INFO - Processing /opt/airflow/dags/timeseries_pipeline.py took 0.807 seconds
[2025-10-09T15:11:53.992+0000] {processor.py:161} INFO - Started process (PID=294) to work on /opt/airflow/dags/timeseries_pipeline.py
[2025-10-09T15:11:53.992+0000] {processor.py:830} INFO - Processing file /opt/airflow/dags/timeseries_pipeline.py for tasks to queue
[2025-10-09T15:11:53.993+0000] {logging_mixin.py:188} INFO - [2025-10-09T15:11:53.993+0000] {dagbag.py:545} INFO - Filling up the DagBag from /opt/airflow/dags/timeseries_pipeline.py
[2025-10-09T15:11:54.654+0000] {processor.py:840} INFO - DAG(s) 'timeseries_pipeline' retrieved from /opt/airflow/dags/timeseries_pipeline.py
[2025-10-09T15:11:54.674+0000] {logging_mixin.py:188} INFO - [2025-10-09T15:11:54.673+0000] {dag.py:3096} INFO - Sync 1 DAGs
[2025-10-09T15:11:54.686+0000] {logging_mixin.py:188} INFO - [2025-10-09T15:11:54.686+0000] {dag.py:3954} INFO - Setting next_dagrun for timeseries_pipeline to 2025-10-08 00:00:00+00:00, run_after=2025-10-09 00:00:00+00:00
[2025-10-09T15:11:54.706+0000] {processor.py:183} INFO - Processing /opt/airflow/dags/timeseries_pipeline.py took 0.719 seconds
[2025-10-09T15:12:25.335+0000] {processor.py:161} INFO - Started process (PID=306) to work on /opt/airflow/dags/timeseries_pipeline.py
[2025-10-09T15:12:25.337+0000] {processor.py:830} INFO - Processing file /opt/airflow/dags/timeseries_pipeline.py for tasks to queue
[2025-10-09T15:12:25.338+0000] {logging_mixin.py:188} INFO - [2025-10-09T15:12:25.338+0000] {dagbag.py:545} INFO - Filling up the DagBag from /opt/airflow/dags/timeseries_pipeline.py
[2025-10-09T15:12:26.022+0000] {processor.py:840} INFO - DAG(s) 'timeseries_pipeline' retrieved from /opt/airflow/dags/timeseries_pipeline.py
[2025-10-09T15:12:26.039+0000] {logging_mixin.py:188} INFO - [2025-10-09T15:12:26.039+0000] {dag.py:3096} INFO - Sync 1 DAGs
[2025-10-09T15:12:26.052+0000] {logging_mixin.py:188} INFO - [2025-10-09T15:12:26.052+0000] {dag.py:3954} INFO - Setting next_dagrun for timeseries_pipeline to 2025-10-08 00:00:00+00:00, run_after=2025-10-09 00:00:00+00:00
[2025-10-09T15:12:26.068+0000] {processor.py:183} INFO - Processing /opt/airflow/dags/timeseries_pipeline.py took 0.739 seconds
[2025-10-09T15:12:57.515+0000] {processor.py:161} INFO - Started process (PID=318) to work on /opt/airflow/dags/timeseries_pipeline.py
[2025-10-09T15:12:57.516+0000] {processor.py:830} INFO - Processing file /opt/airflow/dags/timeseries_pipeline.py for tasks to queue
[2025-10-09T15:12:57.517+0000] {logging_mixin.py:188} INFO - [2025-10-09T15:12:57.517+0000] {dagbag.py:545} INFO - Filling up the DagBag from /opt/airflow/dags/timeseries_pipeline.py
[2025-10-09T15:12:58.261+0000] {processor.py:840} INFO - DAG(s) 'timeseries_pipeline' retrieved from /opt/airflow/dags/timeseries_pipeline.py
[2025-10-09T15:12:58.279+0000] {logging_mixin.py:188} INFO - [2025-10-09T15:12:58.279+0000] {dag.py:3096} INFO - Sync 1 DAGs
[2025-10-09T15:12:58.292+0000] {logging_mixin.py:188} INFO - [2025-10-09T15:12:58.292+0000] {dag.py:3954} INFO - Setting next_dagrun for timeseries_pipeline to 2025-10-08 00:00:00+00:00, run_after=2025-10-09 00:00:00+00:00
[2025-10-09T15:12:58.307+0000] {processor.py:183} INFO - Processing /opt/airflow/dags/timeseries_pipeline.py took 0.799 seconds
[2025-10-09T15:13:29.835+0000] {processor.py:161} INFO - Started process (PID=330) to work on /opt/airflow/dags/timeseries_pipeline.py
[2025-10-09T15:13:29.835+0000] {processor.py:830} INFO - Processing file /opt/airflow/dags/timeseries_pipeline.py for tasks to queue
[2025-10-09T15:13:29.836+0000] {logging_mixin.py:188} INFO - [2025-10-09T15:13:29.836+0000] {dagbag.py:545} INFO - Filling up the DagBag from /opt/airflow/dags/timeseries_pipeline.py
[2025-10-09T15:13:30.567+0000] {processor.py:840} INFO - DAG(s) 'timeseries_pipeline' retrieved from /opt/airflow/dags/timeseries_pipeline.py
[2025-10-09T15:13:30.586+0000] {logging_mixin.py:188} INFO - [2025-10-09T15:13:30.586+0000] {dag.py:3096} INFO - Sync 1 DAGs
[2025-10-09T15:13:30.599+0000] {logging_mixin.py:188} INFO - [2025-10-09T15:13:30.599+0000] {dag.py:3954} INFO - Setting next_dagrun for timeseries_pipeline to 2025-10-08 00:00:00+00:00, run_after=2025-10-09 00:00:00+00:00
[2025-10-09T15:13:30.617+0000] {processor.py:183} INFO - Processing /opt/airflow/dags/timeseries_pipeline.py took 0.787 seconds
[2025-10-09T15:14:01.996+0000] {processor.py:161} INFO - Started process (PID=342) to work on /opt/airflow/dags/timeseries_pipeline.py
[2025-10-09T15:14:01.997+0000] {processor.py:830} INFO - Processing file /opt/airflow/dags/timeseries_pipeline.py for tasks to queue
[2025-10-09T15:14:01.998+0000] {logging_mixin.py:188} INFO - [2025-10-09T15:14:01.997+0000] {dagbag.py:545} INFO - Filling up the DagBag from /opt/airflow/dags/timeseries_pipeline.py
[2025-10-09T15:14:02.700+0000] {processor.py:840} INFO - DAG(s) 'timeseries_pipeline' retrieved from /opt/airflow/dags/timeseries_pipeline.py
[2025-10-09T15:14:02.721+0000] {logging_mixin.py:188} INFO - [2025-10-09T15:14:02.720+0000] {dag.py:3096} INFO - Sync 1 DAGs
[2025-10-09T15:14:02.736+0000] {logging_mixin.py:188} INFO - [2025-10-09T15:14:02.736+0000] {dag.py:3954} INFO - Setting next_dagrun for timeseries_pipeline to 2025-10-08 00:00:00+00:00, run_after=2025-10-09 00:00:00+00:00
[2025-10-09T15:14:02.751+0000] {processor.py:183} INFO - Processing /opt/airflow/dags/timeseries_pipeline.py took 0.760 seconds
[2025-10-09T15:14:34.173+0000] {processor.py:161} INFO - Started process (PID=354) to work on /opt/airflow/dags/timeseries_pipeline.py
[2025-10-09T15:14:34.174+0000] {processor.py:830} INFO - Processing file /opt/airflow/dags/timeseries_pipeline.py for tasks to queue
[2025-10-09T15:14:34.175+0000] {logging_mixin.py:188} INFO - [2025-10-09T15:14:34.175+0000] {dagbag.py:545} INFO - Filling up the DagBag from /opt/airflow/dags/timeseries_pipeline.py
[2025-10-09T15:14:34.785+0000] {processor.py:840} INFO - DAG(s) 'timeseries_pipeline' retrieved from /opt/airflow/dags/timeseries_pipeline.py
[2025-10-09T15:14:34.803+0000] {logging_mixin.py:188} INFO - [2025-10-09T15:14:34.802+0000] {dag.py:3096} INFO - Sync 1 DAGs
[2025-10-09T15:14:34.817+0000] {logging_mixin.py:188} INFO - [2025-10-09T15:14:34.817+0000] {dag.py:3954} INFO - Setting next_dagrun for timeseries_pipeline to 2025-10-08 00:00:00+00:00, run_after=2025-10-09 00:00:00+00:00
[2025-10-09T15:14:34.833+0000] {processor.py:183} INFO - Processing /opt/airflow/dags/timeseries_pipeline.py took 0.664 seconds
[2025-10-09T15:15:06.215+0000] {processor.py:161} INFO - Started process (PID=366) to work on /opt/airflow/dags/timeseries_pipeline.py
[2025-10-09T15:15:06.216+0000] {processor.py:830} INFO - Processing file /opt/airflow/dags/timeseries_pipeline.py for tasks to queue
[2025-10-09T15:15:06.217+0000] {logging_mixin.py:188} INFO - [2025-10-09T15:15:06.217+0000] {dagbag.py:545} INFO - Filling up the DagBag from /opt/airflow/dags/timeseries_pipeline.py
[2025-10-09T15:15:06.863+0000] {processor.py:840} INFO - DAG(s) 'timeseries_pipeline' retrieved from /opt/airflow/dags/timeseries_pipeline.py
[2025-10-09T15:15:06.881+0000] {logging_mixin.py:188} INFO - [2025-10-09T15:15:06.881+0000] {dag.py:3096} INFO - Sync 1 DAGs
[2025-10-09T15:15:06.894+0000] {logging_mixin.py:188} INFO - [2025-10-09T15:15:06.894+0000] {dag.py:3954} INFO - Setting next_dagrun for timeseries_pipeline to 2025-10-08 00:00:00+00:00, run_after=2025-10-09 00:00:00+00:00
[2025-10-09T15:15:06.911+0000] {processor.py:183} INFO - Processing /opt/airflow/dags/timeseries_pipeline.py took 0.701 seconds
[2025-10-09T15:15:38.915+0000] {processor.py:161} INFO - Started process (PID=378) to work on /opt/airflow/dags/timeseries_pipeline.py
[2025-10-09T15:15:38.916+0000] {processor.py:830} INFO - Processing file /opt/airflow/dags/timeseries_pipeline.py for tasks to queue
[2025-10-09T15:15:38.917+0000] {logging_mixin.py:188} INFO - [2025-10-09T15:15:38.917+0000] {dagbag.py:545} INFO - Filling up the DagBag from /opt/airflow/dags/timeseries_pipeline.py
[2025-10-09T15:15:39.552+0000] {processor.py:840} INFO - DAG(s) 'timeseries_pipeline' retrieved from /opt/airflow/dags/timeseries_pipeline.py
[2025-10-09T15:15:39.570+0000] {logging_mixin.py:188} INFO - [2025-10-09T15:15:39.570+0000] {dag.py:3096} INFO - Sync 1 DAGs
[2025-10-09T15:15:39.583+0000] {logging_mixin.py:188} INFO - [2025-10-09T15:15:39.583+0000] {dag.py:3954} INFO - Setting next_dagrun for timeseries_pipeline to 2025-10-08 00:00:00+00:00, run_after=2025-10-09 00:00:00+00:00
[2025-10-09T15:15:39.597+0000] {processor.py:183} INFO - Processing /opt/airflow/dags/timeseries_pipeline.py took 0.687 seconds
[2025-10-09T15:16:11.058+0000] {processor.py:161} INFO - Started process (PID=390) to work on /opt/airflow/dags/timeseries_pipeline.py
[2025-10-09T15:16:11.059+0000] {processor.py:830} INFO - Processing file /opt/airflow/dags/timeseries_pipeline.py for tasks to queue
[2025-10-09T15:16:11.060+0000] {logging_mixin.py:188} INFO - [2025-10-09T15:16:11.060+0000] {dagbag.py:545} INFO - Filling up the DagBag from /opt/airflow/dags/timeseries_pipeline.py
[2025-10-09T15:16:11.657+0000] {processor.py:840} INFO - DAG(s) 'timeseries_pipeline' retrieved from /opt/airflow/dags/timeseries_pipeline.py
[2025-10-09T15:16:11.674+0000] {logging_mixin.py:188} INFO - [2025-10-09T15:16:11.674+0000] {dag.py:3096} INFO - Sync 1 DAGs
[2025-10-09T15:16:11.687+0000] {logging_mixin.py:188} INFO - [2025-10-09T15:16:11.687+0000] {dag.py:3954} INFO - Setting next_dagrun for timeseries_pipeline to 2025-10-08 00:00:00+00:00, run_after=2025-10-09 00:00:00+00:00
[2025-10-09T15:16:11.703+0000] {processor.py:183} INFO - Processing /opt/airflow/dags/timeseries_pipeline.py took 0.650 seconds
[2025-10-09T15:16:43.193+0000] {processor.py:161} INFO - Started process (PID=402) to work on /opt/airflow/dags/timeseries_pipeline.py
[2025-10-09T15:16:43.194+0000] {processor.py:830} INFO - Processing file /opt/airflow/dags/timeseries_pipeline.py for tasks to queue
[2025-10-09T15:16:43.195+0000] {logging_mixin.py:188} INFO - [2025-10-09T15:16:43.195+0000] {dagbag.py:545} INFO - Filling up the DagBag from /opt/airflow/dags/timeseries_pipeline.py
[2025-10-09T15:16:43.871+0000] {processor.py:840} INFO - DAG(s) 'timeseries_pipeline' retrieved from /opt/airflow/dags/timeseries_pipeline.py
[2025-10-09T15:16:43.891+0000] {logging_mixin.py:188} INFO - [2025-10-09T15:16:43.891+0000] {dag.py:3096} INFO - Sync 1 DAGs
[2025-10-09T15:16:43.905+0000] {logging_mixin.py:188} INFO - [2025-10-09T15:16:43.905+0000] {dag.py:3954} INFO - Setting next_dagrun for timeseries_pipeline to 2025-10-08 00:00:00+00:00, run_after=2025-10-09 00:00:00+00:00
[2025-10-09T15:16:43.924+0000] {processor.py:183} INFO - Processing /opt/airflow/dags/timeseries_pipeline.py took 0.736 seconds
[2025-10-09T15:17:15.285+0000] {processor.py:161} INFO - Started process (PID=414) to work on /opt/airflow/dags/timeseries_pipeline.py
[2025-10-09T15:17:15.287+0000] {processor.py:830} INFO - Processing file /opt/airflow/dags/timeseries_pipeline.py for tasks to queue
[2025-10-09T15:17:15.288+0000] {logging_mixin.py:188} INFO - [2025-10-09T15:17:15.288+0000] {dagbag.py:545} INFO - Filling up the DagBag from /opt/airflow/dags/timeseries_pipeline.py
[2025-10-09T15:17:15.975+0000] {processor.py:840} INFO - DAG(s) 'timeseries_pipeline' retrieved from /opt/airflow/dags/timeseries_pipeline.py
[2025-10-09T15:17:15.990+0000] {logging_mixin.py:188} INFO - [2025-10-09T15:17:15.990+0000] {dag.py:3096} INFO - Sync 1 DAGs
[2025-10-09T15:17:16.004+0000] {logging_mixin.py:188} INFO - [2025-10-09T15:17:16.004+0000] {dag.py:3954} INFO - Setting next_dagrun for timeseries_pipeline to 2025-10-08 00:00:00+00:00, run_after=2025-10-09 00:00:00+00:00
[2025-10-09T15:17:16.021+0000] {processor.py:183} INFO - Processing /opt/airflow/dags/timeseries_pipeline.py took 0.742 seconds
[2025-10-09T15:17:47.454+0000] {processor.py:161} INFO - Started process (PID=426) to work on /opt/airflow/dags/timeseries_pipeline.py
[2025-10-09T15:17:47.455+0000] {processor.py:830} INFO - Processing file /opt/airflow/dags/timeseries_pipeline.py for tasks to queue
[2025-10-09T15:17:47.456+0000] {logging_mixin.py:188} INFO - [2025-10-09T15:17:47.456+0000] {dagbag.py:545} INFO - Filling up the DagBag from /opt/airflow/dags/timeseries_pipeline.py
[2025-10-09T15:17:48.132+0000] {processor.py:840} INFO - DAG(s) 'timeseries_pipeline' retrieved from /opt/airflow/dags/timeseries_pipeline.py
[2025-10-09T15:17:48.152+0000] {logging_mixin.py:188} INFO - [2025-10-09T15:17:48.152+0000] {dag.py:3096} INFO - Sync 1 DAGs
[2025-10-09T15:17:48.166+0000] {logging_mixin.py:188} INFO - [2025-10-09T15:17:48.166+0000] {dag.py:3954} INFO - Setting next_dagrun for timeseries_pipeline to 2025-10-08 00:00:00+00:00, run_after=2025-10-09 00:00:00+00:00
[2025-10-09T15:17:48.183+0000] {processor.py:183} INFO - Processing /opt/airflow/dags/timeseries_pipeline.py took 0.735 seconds
[2025-10-09T15:18:19.592+0000] {processor.py:161} INFO - Started process (PID=438) to work on /opt/airflow/dags/timeseries_pipeline.py
[2025-10-09T15:18:19.593+0000] {processor.py:830} INFO - Processing file /opt/airflow/dags/timeseries_pipeline.py for tasks to queue
[2025-10-09T15:18:19.594+0000] {logging_mixin.py:188} INFO - [2025-10-09T15:18:19.593+0000] {dagbag.py:545} INFO - Filling up the DagBag from /opt/airflow/dags/timeseries_pipeline.py
[2025-10-09T15:18:20.245+0000] {processor.py:840} INFO - DAG(s) 'timeseries_pipeline' retrieved from /opt/airflow/dags/timeseries_pipeline.py
[2025-10-09T15:18:20.263+0000] {logging_mixin.py:188} INFO - [2025-10-09T15:18:20.263+0000] {dag.py:3096} INFO - Sync 1 DAGs
[2025-10-09T15:18:20.275+0000] {logging_mixin.py:188} INFO - [2025-10-09T15:18:20.275+0000] {dag.py:3954} INFO - Setting next_dagrun for timeseries_pipeline to 2025-10-08 00:00:00+00:00, run_after=2025-10-09 00:00:00+00:00
[2025-10-09T15:18:20.291+0000] {processor.py:183} INFO - Processing /opt/airflow/dags/timeseries_pipeline.py took 0.703 seconds
