{
"type": "FeatureCollection",
"name": "songkhla",
"crs": { "type": "name", "properties": { "name": "urn:ogc:def:crs:OGC:1.3:CRS84" } },
"features": [
{ "type": "Feature", "properties": { "bbox_west": 100.0545568, "bbox_south": 6.2901172, "bbox_east": 101.3257855, "bbox_north": 8.1638725, "place_id": 236932084, "osm_type": "relation", "osm_id": 1908822, "lat": 6.8790221, "lon": 100.5498542, "class": "boundary", "type": "administrative", "place_rank": 8, "importance": 0.51528460919923946, "addresstype": "province", "name": "Songkhla Province", "display_name": "Songkhla Province, Thailand" }, "geometry": { "type": "Polygon", "coordinates": [ [ [ 100.0545568, 7.0951429 ], [ 100.0545922, 7.095036 ], [ 100.0546395, 7.0949351 ], [ 100.0547402, 7.0948221 ], [ 100.0549309, 7.0946483 ], [ 100.0552559, 7.0943522 ], [ 100.055896, 7.0937456 ], [ 100.0560678, 7.0935435 ], [ 100.0561566, 7.0934246 ], [ 100.0562038, 7.0932999 ], [ 100.0562391, 7.0931515 ], [ 100.0562426, 7.0930336 ], [ 100.0562502, 7.0927777 ], [ 100.0562853, 7.0925402 ], [ 100.0563442, 7.0923384 ], [ 100.0564387, 7.0921186 ], [ 100.0566537, 7.0917294 ], [ 100.0569535, 7.0910721 ], [ 100.0572781, 7.0905873 ], [ 100.0575002, 7.0903309 ], [ 100.0576725, 7.090197 ], [ 100.0578839, 7.0900909 ], [ 100.0581676, 7.0899845 ], [ 100.05893, 7.0897992 ], [ 100.0594421, 7.0896813 ], [ 100.0597036, 7.0895861 ], [ 100.0598815, 7.0894633 ], [ 100.0600036, 7.0892962 ], [ 100.06007, 7.0891014 ], [ 100.0600918, 7.0889177 ], [ 100.0600745, 7.0886508 ], [ 100.0599897, 7.0881114 ], [ 100.0599051, 7.0876277 ], [ 100.0597985, 7.0872775 ], [ 100.0596416, 7.0868384 ], [ 100.0594903, 7.0864383 ], [ 100.0594006, 7.0861548 ], [ 100.0593778, 7.0859379 ], [ 100.0594052, 7.0857487 ], [ 100.0594772, 7.085565 ], [ 100.0596048, 7.0853534 ], [ 100.0600375, 7.084646 ], [ 100.0606366, 7.0836656 ], [ 100.0610473, 7.0830472 ], [ 100.0611747, 7.0827744 ], [ 100.0612243, 7.0825462 ], [ 100.0612182, 7.0823237 ], [ 100.0611786, 7.0820624 ], [ 100.0611163, 7.08174 ], [ 100.0610699, 7.0814999 ], [ 100.0610383, 7.0813087 ], [ 100.0610379, 7.0811396 ], [ 100.0610642, 7.0809793 ], [ 100.0611263, 7.0808279 ], [ 100.0612327, 7.0806318 ], [ 100.0614428, 7.0801486 ], [ 100.0614942, 7.0800305 ], [ 100.061844, 7.0791397 ], [ 100.062185, 7.0782401 ], [ 100.0624375, 7.0776298 ], [ 100.0626148, 7.0772379 ], [ 100.0629472, 7.076534 ], [ 100.0630004, 7.076387 ], [ 100.0630267, 7.0762312 ], [ 100.0630041, 7.07608 ], [ 100.0629637, 7.0759332 ], [ 100.0628832, 7.0758133 ], [ 100.0627627, 7.0756889 ], [ 100.0626066, 7.0756137 ], [ 100.0624194, 7.0755829 ], [ 100.0621656, 7.0756191 ], [ 100.0618495, 7.0756866 ], [ 100.0616669, 7.0757048 ], [ 100.0615075, 7.0756836 ], [ 100.061395, 7.0756298 ], [ 100.061279, 7.0755366 ], [ 100.0612118, 7.0753854 ], [ 100.0611801, 7.0751363 ], [ 100.0611162, 7.0744601 ], [ 100.0610527, 7.0739841 ], [ 100.0609759, 7.0735037 ], [ 100.0608861, 7.0731746 ], [ 100.0607289, 7.072632 ], [ 100.0605629, 7.0721207 ], [ 100.0604777, 7.0718405 ], [ 100.0604504, 7.0716137 ], [ 100.0604722, 7.0713911 ], [ 100.0605012, 7.0712793 ], [ 100.0605207, 7.0712041 ], [ 100.0606272, 7.0710214 ], [ 100.0607427, 7.070861 ], [ 100.0609248, 7.0706247 ], [ 100.0612357, 7.0702502 ], [ 100.0615957, 7.0698622 ], [ 100.0620669, 7.0694473 ], [ 100.0624671, 7.0691705 ], [ 100.0631832, 7.0686838 ], [ 100.0634227, 7.0684714 ], [ 100.0635836, 7.0682374 ], [ 100.0636611, 7.0680258 ], [ 100.0637273, 7.0677476 ], [ 100.0638153, 7.0672968 ], [ 100.0639358, 7.066401 ], [ 100.0640062, 7.0655387 ], [ 100.0640549, 7.06491 ], [ 100.0640591, 7.0643371 ], [ 100.0640356, 7.0637976 ], [ 100.063984, 7.0631413 ], [ 100.0639308, 7.0625962 ], [ 100.0639042, 7.0623238 ], [ 100.0638705, 7.061974 ], [ 100.0638745, 7.0617738 ], [ 100.0638869, 7.0616945 ], [ 100.0639009, 7.0616046 ], [ 100.0639851, 7.061422 ], [ 100.0640781, 7.0611993 ], [ 100.0641311, 7.0610123 ], [ 100.0641308, 7.060861 ], [ 100.0641037, 7.0607097 ], [ 100.0640499, 7.0605363 ], [ 100.0639694, 7.0603985 ], [ 100.0639112, 7.0602563 ], [ 100.0638886, 7.0601273 ], [ 100.0639061, 7.059976 ], [ 100.0639637, 7.0598468 ], [ 100.0640569, 7.0596953 ], [ 100.0641501, 7.0595482 ], [ 100.0642121, 7.0594012 ], [ 100.064243, 7.0592543 ], [ 100.0642381, 7.0590897 ], [ 100.0642066, 7.0589295 ], [ 100.0641349, 7.0587562 ], [ 100.0640455, 7.0586362 ], [ 100.0638624, 7.0584319 ], [ 100.0637329, 7.0582676 ], [ 100.0636613, 7.0581209 ], [ 100.063612, 7.0579697 ], [ 100.0635937, 7.057774 ], [ 100.063602, 7.0575025 ], [ 100.0636283, 7.0573244 ], [ 100.0636858, 7.057133 ], [ 100.0637477, 7.0569637 ], [ 100.0638409, 7.0568122 ], [ 100.0639698, 7.0566829 ], [ 100.0641387, 7.0565267 ], [ 100.0642721, 7.0564196 ], [ 100.0644189, 7.0563214 ], [ 100.0646547, 7.0561963 ], [ 100.0649171, 7.0560488 ], [ 100.0652374, 7.0558745 ], [ 100.0655756, 7.0557314 ], [ 100.0660028, 7.0555524 ], [ 100.0664542, 7.0553764 ], [ 100.0669434, 7.0551606 ], [ 100.0676293, 7.0548253 ], [ 100.0684264, 7.0544156 ], [ 100.0689732, 7.0540899 ], [ 100.069418, 7.05382 ], [ 100.0698071, 7.0535502 ], [ 100.0705574, 7.0529274 ], [ 100.0712056, 7.0523697 ], [ 100.0719807, 7.0517869 ], [ 100.0727495, 7.0511826 ], [ 100.0732495, 7.0506994 ], [ 100.0736106, 7.0503277 ], [ 100.0738695, 7.0499192 ], [ 100.0740541, 7.0494923 ], [ 100.0741087, 7.0490472 ], [ 100.074052, 7.0485838 ], [ 100.0739674, 7.0481019 ], [ 100.0738366, 7.0477407 ], [ 100.0736224, 7.0473982 ], [ 100.0733806, 7.047167 ], [ 100.0729903, 7.0469454 ], [ 100.0723308, 7.0466688 ], [ 100.0714453, 7.0462907 ], [ 100.0710086, 7.0460228 ], [ 100.0707947, 7.0458194 ], [ 100.0706919, 7.045523 ], [ 100.0706262, 7.0451708 ], [ 100.0706811, 7.0448369 ], [ 100.0707917, 7.0445308 ], [ 100.0709672, 7.0441781 ], [ 100.0712541, 7.0438437 ], [ 100.0715876, 7.0436019 ], [ 100.0720419, 7.043434 ], [ 100.0724965, 7.043368 ], [ 100.0730906, 7.0434594 ], [ 100.075133, 7.0438811 ], [ 100.0759315, 7.044074 ], [ 100.0764236, 7.0441934 ], [ 100.0768506, 7.0442573 ], [ 100.0772589, 7.0442471 ], [ 100.0775371, 7.0441723 ], [ 100.0777966, 7.0440326 ], [ 100.0780929, 7.0437353 ], [ 100.0787033, 7.0428717 ], [ 100.078925, 7.0424169 ], [ 100.0790354, 7.0419995 ], [ 100.0791418, 7.0413654 ], [ 100.0791476, 7.0408856 ], [ 100.0790842, 7.040559 ], [ 100.0789933, 7.0403575 ], [ 100.0788745, 7.0401701 ], [ 100.0786443, 7.0399412 ], [ 100.0784628, 7.0396982 ], [ 100.078358, 7.0394968 ], [ 100.0783159, 7.039337 ], [ 100.0783086, 7.0391841 ], [ 100.078329, 7.0390171 ], [ 100.0783839, 7.0386555 ], [ 100.0784387, 7.0382938 ], [ 100.0784242, 7.0380366 ], [ 100.078382, 7.0378211 ], [ 100.0783118, 7.037564 ], [ 100.0781718, 7.0372306 ], [ 100.078011, 7.036925 ], [ 100.0777807, 7.0366335 ], [ 100.0775226, 7.036356 ], [ 100.0772088, 7.0360995 ], [ 100.0765882, 7.0355725 ], [ 100.0761419, 7.035205 ], [ 100.0758699, 7.0349553 ], [ 100.0756056, 7.034698 ], [ 100.0754771, 7.0345203 ], [ 100.0753988, 7.034348 ], [ 100.0753482, 7.0341646 ], [ 100.0752863, 7.0338866 ], [ 100.0752076, 7.0335475 ], [ 100.0751292, 7.0333641 ], [ 100.0750399, 7.0332586 ], [ 100.0749117, 7.033181 ], [ 100.0746889, 7.0331371 ], [ 100.0746332, 7.0331354 ], [ 100.0745116, 7.0331317 ], [ 100.0741766, 7.0331215 ], [ 100.0741069, 7.03312 ], [ 100.0738427, 7.033114 ], [ 100.0732802, 7.0331013 ], [ 100.0729015, 7.0330688 ], [ 100.0726453, 7.0330138 ], [ 100.0724391, 7.0329197 ], [ 100.0722273, 7.0328034 ], [ 100.0720152, 7.0326148 ], [ 100.0717753, 7.0323761 ], [ 100.0713291, 7.0320378 ], [ 100.0710448, 7.0318827 ], [ 100.0708108, 7.0318165 ], [ 100.0705435, 7.0317949 ], [ 100.0703042, 7.0318399 ], [ 100.070065, 7.0319239 ], [ 100.0697468, 7.0321104 ], [ 100.0696647, 7.0321585 ], [ 100.0690921, 7.0325436 ], [ 100.0685243, 7.0329685 ], [ 100.0681906, 7.0331547 ], [ 100.0679458, 7.0332294 ], [ 100.0677083, 7.0332522 ], [ 100.0676159, 7.0332311 ], [ 100.0675152, 7.0332082 ], [ 100.0673294, 7.033127 ], [ 100.0671732, 7.0329716 ], [ 100.0669499, 7.0326903 ], [ 100.0666522, 7.0323646 ], [ 100.0663769, 7.0320834 ], [ 100.0660942, 7.0318245 ], [ 100.0658324, 7.031579 ], [ 100.0657252, 7.0314427 ], [ 100.0656537, 7.031342 ], [ 100.0656178, 7.0312413 ], [ 100.0656057, 7.0311167 ], [ 100.0656291, 7.0309861 ], [ 100.0657001, 7.0308495 ], [ 100.0658896, 7.0306117 ], [ 100.0661028, 7.0303502 ], [ 100.0661856, 7.0301957 ], [ 100.0662327, 7.0300413 ], [ 100.0662562, 7.0299048 ], [ 100.0662913, 7.0296912 ], [ 100.066294, 7.029668 ], [ 100.0663146, 7.0294894 ], [ 100.0663319, 7.0292757 ], [ 100.0663967, 7.0290383 ], [ 100.0665031, 7.0288185 ], [ 100.066787, 7.0283076 ], [ 100.0669347, 7.0279809 ], [ 100.0669818, 7.0277672 ], [ 100.0670051, 7.0275714 ], [ 100.066969, 7.0273697 ], [ 100.0668973, 7.02718 ], [ 100.0667542, 7.0269371 ], [ 100.0666707, 7.0268008 ], [ 100.0666348, 7.0266466 ], [ 100.0666521, 7.0264567 ], [ 100.0667109, 7.0261659 ], [ 100.0667867, 7.0258757 ], [ 100.0668159, 7.0256977 ], [ 100.0668229, 7.0255048 ], [ 100.0667928, 7.025312 ], [ 100.0666512, 7.025075 ], [ 100.0663908, 7.024816 ], [ 100.0655729, 7.0242172 ], [ 100.0651268, 7.0239215 ], [ 100.0650374, 7.023766 ], [ 100.0650073, 7.0235881 ], [ 100.0650142, 7.0233581 ], [ 100.0650433, 7.0230985 ], [ 100.0651534, 7.0225717 ], [ 100.065234, 7.0221117 ], [ 100.0652484, 7.0219114 ], [ 100.0652331, 7.0217037 ], [ 100.0651881, 7.0215036 ], [ 100.0650913, 7.0213555 ], [ 100.0649351, 7.0212223 ], [ 100.0645486, 7.0210156 ], [ 100.0641623, 7.0208681 ], [ 100.063724, 7.0207356 ], [ 100.0635754, 7.0206692 ], [ 100.063486, 7.0205507 ], [ 100.0634412, 7.0204173 ], [ 100.0634259, 7.0202245 ], [ 100.0634551, 7.020002 ], [ 100.0634991, 7.019772 ], [ 100.0634912, 7.0195792 ], [ 100.0634537, 7.0193716 ], [ 100.0633789, 7.0191418 ], [ 100.0632892, 7.0188899 ], [ 100.0632294, 7.0186824 ], [ 100.0632065, 7.018408 ], [ 100.0632251, 7.0180364 ], [ 100.063232, 7.017923 ], [ 100.0633209, 7.0174841 ], [ 100.0634797, 7.0171149 ], [ 100.0636287, 7.0168454 ], [ 100.0638276, 7.0165459 ], [ 100.0641162, 7.0161863 ], [ 100.0643449, 7.0158668 ], [ 100.0647332, 7.0154771 ], [ 100.0651513, 7.0150375 ], [ 100.0654696, 7.0145982 ], [ 100.0656882, 7.0141789 ], [ 100.0658071, 7.0138397 ], [ 100.0658961, 7.0134906 ], [ 100.066035, 7.0131214 ], [ 100.0662537, 7.012782 ], [ 100.0665823, 7.0124722 ], [ 100.0669209, 7.0121823 ], [ 100.0673195, 7.0119521 ], [ 100.0678179, 7.0117017 ], [ 100.0681766, 7.0114816 ], [ 100.068645, 7.0112313 ], [ 100.069223, 7.0109209 ], [ 100.0697114, 7.0106905 ], [ 100.0700502, 7.0105103 ], [ 100.070369, 7.0102903 ], [ 100.0709965, 7.0097704 ], [ 100.0715541, 7.0092807 ], [ 100.0728024, 7.0084117 ], [ 100.0739487, 7.0076378 ], [ 100.0749666, 7.0069828 ], [ 100.0752594, 7.0068167 ], [ 100.0764197, 7.0061587 ], [ 100.0771314, 7.0057813 ], [ 100.077843, 7.0053446 ], [ 100.0782478, 7.0049085 ], [ 100.0785537, 7.0045321 ], [ 100.0788893, 7.0041259 ], [ 100.0793431, 7.0034524 ], [ 100.0799052, 7.0026007 ], [ 100.0801369, 7.0022077 ], [ 100.080342, 7.0019313 ], [ 100.0807418, 7.0014854 ], [ 100.0810528, 7.0011732 ], [ 100.0815193, 7.0006492 ], [ 100.0819191, 7.00022 ], [ 100.08218, 6.9999079 ], [ 100.0824352, 6.9995068 ], [ 100.0826236, 6.9991003 ], [ 100.0827603, 6.9987808 ], [ 100.0828284, 6.9986215 ], [ 100.0830108, 6.9980259 ], [ 100.0831818, 6.9973692 ], [ 100.0833252, 6.9967514 ], [ 100.0834132, 6.9962895 ], [ 100.0834567, 6.9958611 ], [ 100.0834433, 6.9955473 ], [ 100.0833981, 6.9952656 ], [ 100.0833381, 6.9949913 ], [ 100.0832932, 6.9948134 ], [ 100.0832112, 6.9946579 ], [ 100.0830771, 6.9944653 ], [ 100.0828092, 6.9941545 ], [ 100.0824519, 6.99374 ], [ 100.082087, 6.9932365 ], [ 100.0817743, 6.9927996 ], [ 100.0815508, 6.9924516 ], [ 100.081312, 6.9918885 ], [ 100.0810434, 6.9913106 ], [ 100.0807748, 6.9906808 ], [ 100.0804322, 6.9901995 ], [ 100.0801713, 6.9897106 ], [ 100.079955, 6.9892439 ], [ 100.0798504, 6.9889475 ], [ 100.0797754, 6.9886139 ], [ 100.0797524, 6.9883173 ], [ 100.0797145, 6.9879762 ], [ 100.0796862, 6.9876997 ], [ 100.0796538, 6.987383 ], [ 100.0795778, 6.9866267 ], [ 100.079554, 6.9859667 ], [ 100.0795754, 6.985581 ], [ 100.0796266, 6.9852471 ], [ 100.0797371, 6.9848761 ], [ 100.0800026, 6.984119 ], [ 100.0805118, 6.9828199 ], [ 100.0807034, 6.9822484 ], [ 100.0808139, 6.9818477 ], [ 100.0809093, 6.9813951 ], [ 100.080975, 6.9809202 ], [ 100.0809957, 6.9805143 ], [ 100.0810176, 6.9800821 ], [ 100.080971, 6.9791551 ], [ 100.0808418, 6.9778724 ], [ 100.0807456, 6.9771126 ], [ 100.0806434, 6.9763699 ], [ 100.0805062, 6.9756774 ], [ 100.080283, 6.9747692 ], [ 100.0800651, 6.9739263 ], [ 100.0798821, 6.9730181 ], [ 100.079818, 6.9726782 ], [ 100.0797041, 6.9720747 ], [ 100.079526, 6.9711112 ], [ 100.0793281, 6.9702532 ], [ 100.0791204, 6.9695107 ], [ 100.079045, 6.969105 ], [ 100.0790306, 6.9686566 ], [ 100.0790156, 6.967994 ], [ 100.0789119, 6.9665551 ], [ 100.078837, 6.9660331 ], [ 100.0787214, 6.9652904 ], [ 100.0786001, 6.9646004 ], [ 100.0785793, 6.9642791 ], [ 100.0786189, 6.9640381 ], [ 100.0787188, 6.9637868 ], [ 100.0788339, 6.9635908 ], [ 100.0790306, 6.9632498 ], [ 100.0793053, 6.9631881 ], [ 100.0795715, 6.9631523 ], [ 100.0798578, 6.9631366 ], [ 100.0802265, 6.9631402 ], [ 100.0803495, 6.9631498 ], [ 100.0807866, 6.9631711 ], [ 100.0812194, 6.9632102 ], [ 100.0815808, 6.9632762 ], [ 100.0819825, 6.9633689 ], [ 100.0821489, 6.9634171 ], [ 100.0823275, 6.9634737 ], [ 100.0827239, 6.9636297 ], [ 100.0830025, 6.9637289 ], [ 100.0832018, 6.9637837 ], [ 100.0833208, 6.9638072 ], [ 100.0834255, 6.9638022 ], [ 100.0835587, 6.9637829 ], [ 100.0837347, 6.963773 ], [ 100.0839107, 6.9637726 ], [ 100.0840583, 6.963796 ], [ 100.0843249, 6.9639095 ], [ 100.0847154, 6.9640607 ], [ 100.0849439, 6.964122 ], [ 100.0851819, 6.9641547 ], [ 100.0853865, 6.9641495 ], [ 100.0857766, 6.9641486 ], [ 100.0863666, 6.9641568 ], [ 100.0869661, 6.9641791 ], [ 100.0875514, 6.9642301 ], [ 100.0881224, 6.9642763 ], [ 100.0886459, 6.9643322 ], [ 100.0897691, 6.964496 ], [ 100.090959, 6.9646976 ], [ 100.0921585, 6.9649326 ], [ 100.0929296, 6.9650972 ], [ 100.0936864, 6.9652428 ], [ 100.0940624, 6.9652895 ], [ 100.0943479, 6.9652983 ], [ 100.0945381, 6.9652694 ], [ 100.0946902, 6.9652024 ], [ 100.0948184, 6.965088 ], [ 100.0949085, 6.9649547 ], [ 100.0949842, 6.9647787 ], [ 100.0950663, 6.964547 ], [ 100.0953277, 6.9630644 ], [ 100.0954505, 6.9626865 ], [ 100.0955278, 6.9625358 ], [ 100.0955467, 6.9625087 ], [ 100.0957635, 6.9621868 ], [ 100.095965, 6.9619286 ], [ 100.0963682, 6.9614751 ], [ 100.096966, 6.96084 ], [ 100.0973692, 6.9603794 ], [ 100.0978347, 6.9597795 ], [ 100.0982029, 6.9592494 ], [ 100.0985155, 6.9588308 ], [ 100.0988141, 6.9583705 ], [ 100.0990849, 6.9579242 ], [ 100.0993069, 6.9575058 ], [ 100.0995288, 6.9570248 ], [ 100.0998487, 6.9560398 ], [ 100.100695, 6.9525845 ], [ 100.1008038, 6.9520088 ], [ 100.1010538, 6.9508592 ], [ 100.1012383, 6.9500218 ], [ 100.1013305, 6.9496396 ], [ 100.101418, 6.9493358 ], [ 100.1015789, 6.9489731 ], [ 100.1016765, 6.9488015 ], [ 100.1017644, 6.9486985 ], [ 100.1018867, 6.9486101 ], [ 100.1020336, 6.9485461 ], [ 100.1022148, 6.9485016 ], [ 100.1024352, 6.9484864 ], [ 100.1025854, 6.9484985 ], [ 100.1027881, 6.948515 ], [ 100.1036556, 6.948606 ], [ 100.1048614, 6.9487501 ], [ 100.1054849, 6.9488145 ], [ 100.1056172, 6.9488142 ], [ 100.10572, 6.9487956 ], [ 100.1058192, 6.9487513 ], [ 100.1058852, 6.948685 ], [ 100.1059254, 6.9485931 ], [ 100.1059477, 6.9485244 ], [ 100.1059947, 6.94838 ], [ 100.1060422, 6.948244 ], [ 100.1061153, 6.9481079 ], [ 100.1062106, 6.9479645 ], [ 100.1063059, 6.9478688 ], [ 100.1063828, 6.9477731 ], [ 100.1064744, 6.9476187 ], [ 100.1066024, 6.947354 ], [ 100.1068768, 6.9468245 ], [ 100.1070962, 6.9463723 ], [ 100.1073304, 6.9459274 ], [ 100.1075097, 6.9456296 ], [ 100.1076563, 6.9454199 ], [ 100.1078469, 6.9452101 ], [ 100.108001, 6.9450996 ], [ 100.1081882, 6.945011 ], [ 100.1084746, 6.9449039 ], [ 100.1092163, 6.9446304 ], [ 100.109914, 6.9443974 ], [ 100.110575, 6.9441645 ], [ 100.1109898, 6.9439946 ], [ 100.1113748, 6.9437768 ], [ 100.111776, 6.9435115 ], [ 100.1123239, 6.9431381 ], [ 100.1127934, 6.9427403 ], [ 100.1132854, 6.9423236 ], [ 100.1133641, 6.9422571 ], [ 100.1139566, 6.9417565 ], [ 100.1145619, 6.941296 ], [ 100.1151747, 6.9408686 ], [ 100.1159303, 6.9402976 ], [ 100.1163375, 6.9399882 ], [ 100.1166896, 6.9396752 ], [ 100.1171661, 6.9391233 ], [ 100.117569, 6.9385678 ], [ 100.1179421, 6.9380245 ], [ 100.1181619, 6.9377118 ], [ 100.1182563, 6.9375783 ], [ 100.1182855, 6.9375371 ], [ 100.1184183, 6.9373853 ], [ 100.1187942, 6.9370539 ], [ 100.1190465, 6.9368743 ], [ 100.1193262, 6.9366671 ], [ 100.1195737, 6.9364507 ], [ 100.1197846, 6.9362391 ], [ 100.1199403, 6.9360413 ], [ 100.1200546, 6.9358345 ], [ 100.1201505, 6.9356048 ], [ 100.1202189, 6.9353705 ], [ 100.1202827, 6.9351454 ], [ 100.120351, 6.9348928 ], [ 100.1204284, 6.9346034 ], [ 100.1205059, 6.934337 ], [ 100.1205833, 6.934043 ], [ 100.1206379, 6.9338271 ], [ 100.1206513, 6.9336664 ], [ 100.1206372, 6.9335242 ], [ 100.1206093, 6.9333865 ], [ 100.1205399, 6.9331985 ], [ 100.1204338, 6.9329922 ], [ 100.1203922, 6.9328821 ], [ 100.1203781, 6.9327674 ], [ 100.1203732, 6.9326389 ], [ 100.1203865, 6.9324277 ], [ 100.120418, 6.932166 ], [ 100.1204773, 6.9319501 ], [ 100.1205685, 6.9317066 ], [ 100.1207695, 6.9312149 ], [ 100.1209248, 6.9308336 ], [ 100.1210206, 6.9305579 ], [ 100.1210616, 6.9303971 ], [ 100.1210934, 6.9302502 ], [ 100.1210931, 6.9301354 ], [ 100.1210745, 6.9300345 ], [ 100.1210376, 6.9299519 ], [ 100.1209638, 6.9298511 ], [ 100.1208689, 6.9297865 ], [ 100.1206827, 6.9297009 ], [ 100.1205722, 6.9296254 ], [ 100.1204997, 6.9295429 ], [ 100.1204409, 6.9294536 ], [ 100.1204131, 6.9293435 ], [ 100.1204128, 6.929223 ], [ 100.1204332, 6.9291024 ], [ 100.1204673, 6.9289646 ], [ 100.1205765, 6.9286182 ], [ 100.1206486, 6.9283893 ], [ 100.1206967, 6.9282874 ], [ 100.1208748, 6.9279102 ], [ 100.1212213, 6.9272656 ], [ 100.1213348, 6.9269549 ], [ 100.1214076, 6.9266655 ], [ 100.1214483, 6.9263854 ], [ 100.1214614, 6.9261008 ], [ 100.1214653, 6.925807 ], [ 100.1214593, 6.9252103 ], [ 100.1214668, 6.9245079 ], [ 100.1214847, 6.9242875 ], [ 100.1215119, 6.9241452 ], [ 100.1215621, 6.9240257 ], [ 100.1216309, 6.9239475 ], [ 100.1217455, 6.9238646 ], [ 100.1218786, 6.9238092 ], [ 100.1221127, 6.9237398 ], [ 100.1227003, 6.9235915 ], [ 100.1236737, 6.9233964 ], [ 100.1246563, 6.9232151 ], [ 100.1254323, 6.9230801 ], [ 100.1262451, 6.9229864 ], [ 100.1272325, 6.9228968 ], [ 100.1278479, 6.9228357 ], [ 100.1295427, 6.9227399 ], [ 100.1305486, 6.9227053 ], [ 100.1307921, 6.9227094 ], [ 100.1309024, 6.9227366 ], [ 100.1310174, 6.9228052 ], [ 100.1311647, 6.9229426 ], [ 100.1313027, 6.9230249 ], [ 100.1314131, 6.9230751 ], [ 100.1315372, 6.9230932 ], [ 100.1316841, 6.9230882 ], [ 100.1325335, 6.9229072 ], [ 100.1330064, 6.9227913 ], [ 100.1336537, 6.9226429 ], [ 100.1337163, 6.9226235 ], [ 100.1341173, 6.9224995 ], [ 100.1343606, 6.9224438 ], [ 100.1345673, 6.9224158 ], [ 100.1348199, 6.9223968 ], [ 100.1353619, 6.9224047 ], [ 100.1360142, 6.9223894 ], [ 100.1363999, 6.9223471 ], [ 100.1368728, 6.9222496 ], [ 100.1376258, 6.9221009 ], [ 100.1378095, 6.9220821 ], [ 100.1379106, 6.9221002 ], [ 100.1379888, 6.9221505 ], [ 100.138047, 6.9222233 ], [ 100.138092, 6.9223127 ], [ 100.1381336, 6.9224296 ], [ 100.1381683, 6.9225397 ], [ 100.1382065, 6.9226395 ], [ 100.138248, 6.9227117 ], [ 100.1382895, 6.9227701 ], [ 100.1383619, 6.9228284 ], [ 100.138531, 6.9229176 ], [ 100.1386586, 6.9229861 ], [ 100.1390827, 6.923156 ], [ 100.1392665, 6.923208 ], [ 100.139551, 6.9232821 ], [ 100.1397982, 6.9233937 ], [ 100.1399355, 6.9234897 ], [ 100.1400006, 6.9235352 ], [ 100.140203, 6.9237292 ], [ 100.1403231, 6.9238934 ], [ 100.1404808, 6.9240949 ], [ 100.1405859, 6.924274 ], [ 100.1407136, 6.9244831 ], [ 100.1408487, 6.9246398 ], [ 100.1410884, 6.9247513 ], [ 100.1412981, 6.9248331 ], [ 100.1414555, 6.9249449 ], [ 100.1416054, 6.9250567 ], [ 100.14183, 6.9251234 ], [ 100.1421443, 6.9251526 ], [ 100.1427581, 6.9252558 ], [ 100.1430276, 6.9253374 ], [ 100.1431923, 6.9253743 ], [ 100.1433981, 6.9253801 ], [ 100.1434951, 6.9253544 ], [ 100.1436111, 6.9252986 ], [ 100.1439025, 6.9251109 ], [ 100.1441791, 6.9250131 ], [ 100.1443362, 6.9249903 ], [ 100.1445382, 6.9250047 ], [ 100.1447478, 6.9250416 ], [ 100.1449423, 6.9250412 ], [ 100.1452267, 6.9250853 ], [ 100.1455561, 6.9251593 ], [ 100.145893, 6.9252183 ], [ 100.1461697, 6.9251803 ], [ 100.1463192, 6.9251276 ], [ 100.14679, 6.9248946 ], [ 100.1469328, 6.9247909 ], [ 100.1477259, 6.9242901 ], [ 100.148043, 6.9240957 ], [ 100.148371, 6.9239389 ], [ 100.1491399, 6.9235713 ], [ 100.1494625, 6.9234037 ], [ 100.1497689, 6.9232362 ], [ 100.1500922, 6.9230051 ], [ 100.1511167, 6.922228 ], [ 100.1518475, 6.9217026 ], [ 100.1524065, 6.9213426 ], [ 100.152901, 6.9210474 ], [ 100.1534531, 6.920795 ], [ 100.1538045, 6.9207081 ], [ 100.1545434, 6.920527 ], [ 100.1553896, 6.9202595 ], [ 100.1560351, 6.9200356 ], [ 100.1567449, 6.9197255 ], [ 100.1573255, 6.9194157 ], [ 100.1578199, 6.9190845 ], [ 100.158615, 6.9184586 ], [ 100.1590876, 6.9179913 ], [ 100.1596562, 6.9173286 ], [ 100.1596673, 6.9173156 ], [ 100.1600181, 6.916949 ], [ 100.1601116, 6.9168573 ], [ 100.1603188, 6.9166542 ], [ 100.1606054, 6.9164312 ], [ 100.1606352, 6.9164156 ], [ 100.1607743, 6.9163432 ], [ 100.1610068, 6.9162222 ], [ 100.1614227, 6.9160562 ], [ 100.1617023, 6.9159336 ], [ 100.1618886, 6.9158327 ], [ 100.1620962, 6.9155884 ], [ 100.1630191, 6.9143668 ], [ 100.1633338, 6.9139429 ], [ 100.163477, 6.9137991 ], [ 100.1636419, 6.9137126 ], [ 100.163814, 6.9136763 ], [ 100.164015, 6.913683 ], [ 100.1642305, 6.9137542 ], [ 100.1648055, 6.9140684 ], [ 100.1650957, 6.9142461 ], [ 100.1652444, 6.9143257 ], [ 100.1653059, 6.9143585 ], [ 100.1654837, 6.9144334 ], [ 100.1656399, 6.9144599 ], [ 100.1657959, 6.9144434 ], [ 100.1659626, 6.9143731 ], [ 100.1660969, 6.9142329 ], [ 100.1666168, 6.913344 ], [ 100.1671798, 6.9124497 ], [ 100.1673676, 6.9121718 ], [ 100.1674748, 6.9120133 ], [ 100.1676467, 6.9118515 ], [ 100.1677972, 6.9117704 ], [ 100.1679114, 6.9117401 ], [ 100.1680016, 6.9117161 ], [ 100.1681742, 6.9117157 ], [ 100.1682115, 6.9117156 ], [ 100.1684161, 6.911742 ], [ 100.1686747, 6.911822 ], [ 100.1692891, 6.9121003 ], [ 100.1703023, 6.9126249 ], [ 100.1706635, 6.9128177 ], [ 100.1708914, 6.9129229 ], [ 100.171116, 6.9129941 ], [ 100.1712399, 6.9130153 ], [ 100.1713529, 6.9129935 ], [ 100.1714389, 6.9129395 ], [ 100.1714538, 6.9129216 ], [ 100.1717126, 6.9126107 ], [ 100.1718146, 6.9124975 ], [ 100.1719436, 6.9124434 ], [ 100.1720997, 6.9124269 ], [ 100.1722828, 6.9124479 ], [ 100.1724337, 6.9125121 ], [ 100.1730486, 6.9130539 ], [ 100.1733399, 6.913306 ], [ 100.1734801, 6.9133863 ], [ 100.1736201, 6.9134129 ], [ 100.1737708, 6.913391 ], [ 100.1739375, 6.9133314 ], [ 100.1752365, 6.9127174 ], [ 100.1754591, 6.9126122 ], [ 100.1760718, 6.9122342 ], [ 100.1763298, 6.9120775 ], [ 100.1765878, 6.9119478 ], [ 100.1767414, 6.9118913 ], [ 100.1768675, 6.9118449 ], [ 100.1771418, 6.9117743 ], [ 100.1773948, 6.9117522 ], [ 100.1776047, 6.9117624 ], [ 100.1776843, 6.9117789 ], [ 100.1778094, 6.9118049 ], [ 100.1779442, 6.9118907 ], [ 100.1781007, 6.9120516 ], [ 100.1785703, 6.912583 ], [ 100.1788779, 6.9128943 ], [ 100.1791475, 6.913098 ], [ 100.1793955, 6.9132211 ], [ 100.1796163, 6.9132959 ], [ 100.1798964, 6.9133436 ], [ 100.1805478, 6.9133904 ], [ 100.1811022, 6.9133783 ], [ 100.181565, 6.9133341 ], [ 100.1821731, 6.9132465 ], [ 100.1827058, 6.9131591 ], [ 100.183303, 6.9130393 ], [ 100.1841961, 6.9128542 ], [ 100.1852451, 6.9125934 ], [ 100.1858422, 6.9124412 ], [ 100.1863424, 6.9122733 ], [ 100.1868639, 6.9120353 ], [ 100.1872455, 6.9117869 ], [ 100.1877451, 6.9113768 ], [ 100.1882875, 6.9108698 ], [ 100.1886635, 6.910573 ], [ 100.188943, 6.9104163 ], [ 100.1891366, 6.910319 ], [ 100.1893786, 6.9102431 ], [ 100.1896315, 6.9102156 ], [ 100.1898792, 6.9102418 ], [ 100.1901054, 6.9103005 ], [ 100.1904502, 6.9104179 ], [ 100.1907303, 6.9104925 ], [ 100.1909727, 6.9105403 ], [ 100.1912311, 6.9105505 ], [ 100.1914625, 6.9105337 ], [ 100.1917422, 6.9104631 ], [ 100.1921133, 6.9103331 ], [ 100.192764, 6.9101109 ], [ 100.1931673, 6.9099163 ], [ 100.1935596, 6.9096624 ], [ 100.1940272, 6.9093869 ], [ 100.1942099, 6.909252 ], [ 100.1944623, 6.9090147 ], [ 100.1950046, 6.9084754 ], [ 100.1956806, 6.9078158 ], [ 100.1958783, 6.907669 ], [ 100.1960375, 6.9075912 ], [ 100.1961967, 6.9075563 ], [ 100.1964421, 6.9075385 ], [ 100.1967092, 6.9075766 ], [ 100.1971875, 6.9076873 ], [ 100.1974589, 6.9077253 ], [ 100.197713, 6.9077462 ], [ 100.1979498, 6.9077327 ], [ 100.1981521, 6.9076977 ], [ 100.1983629, 6.9076111 ], [ 100.1985994, 6.9074987 ], [ 100.1987628, 6.9073821 ], [ 100.198956, 6.9071535 ], [ 100.1990137, 6.9070514 ], [ 100.1990643, 6.9069619 ], [ 100.1990803, 6.9069337 ], [ 100.1991828, 6.9066021 ], [ 100.1993018, 6.9059778 ], [ 100.1996955, 6.9040119 ], [ 100.1997103, 6.9039478 ], [ 100.1998363, 6.9032264 ], [ 100.1998816, 6.9029853 ], [ 100.1999442, 6.9027843 ], [ 100.2000005, 6.902684 ], [ 100.2002472, 6.9022442 ], [ 100.2004878, 6.9017666 ], [ 100.2005949, 6.9015125 ], [ 100.2006844, 6.9011766 ], [ 100.2007268, 6.9008838 ], [ 100.200739, 6.9006127 ], [ 100.2007078, 6.9001997 ], [ 100.2007328, 6.8998639 ], [ 100.2007881, 6.8995798 ], [ 100.2008336, 6.8993956 ], [ 100.2008748, 6.8993023 ], [ 100.2009636, 6.8991834 ], [ 100.2011655, 6.8989634 ], [ 100.2013195, 6.8988242 ], [ 100.2014366, 6.8987444 ], [ 100.2016138, 6.8986663 ], [ 100.201877, 6.8985913 ], [ 100.2021376, 6.898535 ], [ 100.2028219, 6.8983998 ], [ 100.2033383, 6.8982651 ], [ 100.2040698, 6.8980481 ], [ 100.2045904, 6.8978704 ], [ 100.2047826, 6.8977658 ], [ 100.2049559, 6.8976715 ], [ 100.2052237, 6.8974456 ], [ 100.2054945, 6.8972255 ], [ 100.2058423, 6.8968674 ], [ 100.2060785, 6.8966129 ], [ 100.2062933, 6.8963886 ], [ 100.2065254, 6.8962036 ], [ 100.2066672, 6.8960907 ], [ 100.2071612, 6.8957555 ], [ 100.2074067, 6.8954742 ], [ 100.2076469, 6.8950528 ], [ 100.2077629, 6.8948274 ], [ 100.207854, 6.8946504 ], [ 100.2080139, 6.8942671 ], [ 100.2081923, 6.893756 ], [ 100.2083518, 6.893193 ], [ 100.2084922, 6.8925875 ], [ 100.2085618, 6.8920484 ], [ 100.2086304, 6.8911168 ], [ 100.2086092, 6.8902422 ], [ 100.2085888, 6.8896466 ], [ 100.208588, 6.8893298 ], [ 100.2085914, 6.8892852 ], [ 100.2086154, 6.8889657 ], [ 100.2086575, 6.8887434 ], [ 100.2087091, 6.8885825 ], [ 100.2087939, 6.8884357 ], [ 100.2088883, 6.8883504 ], [ 100.2090159, 6.8882934 ], [ 100.2091908, 6.8882504 ], [ 100.2110868, 6.8878626 ], [ 100.2113185, 6.8878147 ], [ 100.2114509, 6.8877719 ], [ 100.2115548, 6.8877101 ], [ 100.2116066, 6.8876296 ], [ 100.2116442, 6.8875161 ], [ 100.2116436, 6.8872986 ], [ 100.2116228, 6.8865564 ], [ 100.2116147, 6.8861711 ], [ 100.2116328, 6.885837 ], [ 100.2116509, 6.8854902 ], [ 100.211688, 6.8852317 ], [ 100.2117568, 6.8849793 ], [ 100.2118884, 6.8846638 ], [ 100.2120077, 6.884424 ], [ 100.2121352, 6.8842242 ], [ 100.2122213, 6.8840893 ], [ 100.2125295, 6.8837355 ], [ 100.212932, 6.883268 ], [ 100.2132717, 6.8829079 ], [ 100.2135485, 6.8826235 ], [ 100.213705, 6.8824689 ], [ 100.213926, 6.8822506 ], [ 100.2144359, 6.8818522 ], [ 100.2148704, 6.8815611 ], [ 100.2155632, 6.8811622 ], [ 100.2162183, 6.8808454 ], [ 100.2169241, 6.8805851 ], [ 100.2176489, 6.8803501 ], [ 100.2180332, 6.8801789 ], [ 100.2184299, 6.8799257 ], [ 100.2185801, 6.8797433 ], [ 100.2187026, 6.8795444 ], [ 100.2187541, 6.8793457 ], [ 100.2187677, 6.8791141 ], [ 100.2187712, 6.8788811 ], [ 100.2187838, 6.8780266 ], [ 100.2188278, 6.876698 ], [ 100.2188944, 6.8750195 ], [ 100.2188973, 6.8742914 ], [ 100.2188629, 6.8737951 ], [ 100.2188241, 6.8734169 ], [ 100.2187567, 6.8729585 ], [ 100.2187232, 6.8727929 ], [ 100.2186466, 6.8724151 ], [ 100.2185932, 6.8721404 ], [ 100.2185823, 6.8720164 ], [ 100.2185998, 6.8719206 ], [ 100.2186528, 6.8718424 ], [ 100.2187307, 6.8717784 ], [ 100.2188405, 6.8717285 ], [ 100.2191904, 6.8715804 ], [ 100.2203822, 6.8710757 ], [ 100.2204991, 6.8709974 ], [ 100.2205804, 6.8709014 ], [ 100.2206192, 6.8707843 ], [ 100.2206118, 6.8706815 ], [ 100.2205832, 6.8705823 ], [ 100.220519, 6.8704655 ], [ 100.2203554, 6.8702886 ], [ 100.2201107, 6.8701101 ], [ 100.2196322, 6.8698277 ], [ 100.2187463, 6.8693335 ], [ 100.21823, 6.8690512 ], [ 100.2178129, 6.8687591 ], [ 100.2176706, 6.8685987 ], [ 100.2175993, 6.8684523 ], [ 100.2175468, 6.8682728 ], [ 100.2175226, 6.8680554 ], [ 100.217517, 6.8677008 ], [ 100.21753, 6.8672328 ], [ 100.2174811, 6.8666372 ], [ 100.217433, 6.8663111 ], [ 100.2173566, 6.8660371 ], [ 100.2172616, 6.8658718 ], [ 100.2171477, 6.8657303 ], [ 100.2168632, 6.8654804 ], [ 100.2165599, 6.8652401 ], [ 100.2163702, 6.865042 ], [ 100.2161661, 6.864773 ], [ 100.2157671, 6.8641358 ], [ 100.2155081, 6.8636054 ], [ 100.2153257, 6.8631961 ], [ 100.2151828, 6.862834 ], [ 100.2150954, 6.8625427 ], [ 100.2150396, 6.8622985 ], [ 100.2149837, 6.8620387 ], [ 100.2149122, 6.8618182 ], [ 100.2148172, 6.861653 ], [ 100.2146513, 6.8615352 ], [ 100.2143751, 6.8614335 ], [ 100.213949, 6.8613006 ], [ 100.2135782, 6.8611676 ], [ 100.2133728, 6.8610263 ], [ 100.213191, 6.8608534 ], [ 100.2129933, 6.860586 ], [ 100.212803, 6.8601925 ], [ 100.2126998, 6.8599012 ], [ 100.2126125, 6.8596729 ], [ 100.2124622, 6.8594763 ], [ 100.2117819, 6.858564 ], [ 100.2112912, 6.8578324 ], [ 100.2110774, 6.8574389 ], [ 100.2109742, 6.8571871 ], [ 100.2109106, 6.8569508 ], [ 100.2108626, 6.8566988 ], [ 100.2108221, 6.8562734 ], [ 100.2108291, 6.8558952 ], [ 100.2108756, 6.8555877 ], [ 100.2109458, 6.8553039 ], [ 100.211087, 6.855012 ], [ 100.211346, 6.8545622 ], [ 100.2116834, 6.853931 ], [ 100.211746, 6.8537102 ], [ 100.2117613, 6.8535526 ], [ 100.2117215, 6.8533793 ], [ 100.211555, 6.8530094 ], [ 100.2113726, 6.8525843 ], [ 100.2107697, 6.851136 ], [ 100.2105792, 6.8505928 ], [ 100.2104836, 6.8502227 ], [ 100.2104274, 6.8498131 ], [ 100.2104187, 6.8494743 ], [ 100.210409, 6.8487573 ], [ 100.2104463, 6.8479219 ], [ 100.210531, 6.8471259 ], [ 100.2105928, 6.8466293 ], [ 100.2107078, 6.8461486 ], [ 100.210935, 6.8447237 ], [ 100.2109387, 6.8444581 ], [ 100.21094, 6.8443603 ], [ 100.2108979, 6.8441527 ], [ 100.2107956, 6.8438721 ], [ 100.2106347, 6.8436298 ], [ 100.2105012, 6.8434639 ], [ 100.2102762, 6.8432733 ], [ 100.2099181, 6.843054 ], [ 100.2094561, 6.8428349 ], [ 100.208528, 6.8424508 ], [ 100.2079095, 6.8422231 ], [ 100.2077207, 6.8421536 ], [ 100.2073671, 6.8420465 ], [ 100.2071299, 6.8419889 ], [ 100.2069095, 6.8419521 ], [ 100.2064937, 6.8419157 ], [ 100.206136, 6.8418709 ], [ 100.2058995, 6.8418226 ], [ 100.2053984, 6.8417128 ], [ 100.2047119, 6.8415137 ], [ 100.2039211, 6.8411901 ], [ 100.2032689, 6.8408386 ], [ 100.2025471, 6.8403487 ], [ 100.2020749, 6.8399551 ], [ 100.2013315, 6.8391397 ], [ 100.2004837, 6.8381861 ], [ 100.1996775, 6.8372047 ], [ 100.199309, 6.8367001 ], [ 100.1990029, 6.8361953 ], [ 100.198752, 6.8356349 ], [ 100.1985635, 6.8350398 ], [ 100.1982901, 6.833787 ], [ 100.1980372, 6.8324163 ], [ 100.1977929, 6.8310818 ], [ 100.1977099, 6.8307244 ], [ 100.1976051, 6.8303676 ], [ 100.1974808, 6.8300238 ], [ 100.1973502, 6.8297254 ], [ 100.1971871, 6.8294661 ], [ 100.1970112, 6.8292458 ], [ 100.1968874, 6.8290838 ], [ 100.1967189, 6.8289309 ], [ 100.1965188, 6.8287609 ], [ 100.1962893, 6.8285764 ], [ 100.1960403, 6.8283677 ], [ 100.1958059, 6.828154 ], [ 100.1956007, 6.8279159 ], [ 100.1954785, 6.8277409 ], [ 100.1953952, 6.8275707 ], [ 100.1953169, 6.8273956 ], [ 100.1952726, 6.8272204 ], [ 100.195243, 6.827089 ], [ 100.1952181, 6.8268602 ], [ 100.1952224, 6.8266362 ], [ 100.1952558, 6.8263342 ], [ 100.1953331, 6.8258549 ], [ 100.1953897, 6.8254523 ], [ 100.1954456, 6.8245642 ], [ 100.1954927, 6.8238885 ], [ 100.1956238, 6.8227316 ], [ 100.195696, 6.8223663 ], [ 100.1957866, 6.8220678 ], [ 100.195859, 6.821818 ], [ 100.1959254, 6.8215622 ], [ 100.1959793, 6.8211908 ], [ 100.1960627, 6.8204723 ], [ 100.1961519, 6.8196017 ], [ 100.1962037, 6.8183842 ], [ 100.1963084, 6.8163752 ], [ 100.1963369, 6.8156021 ], [ 100.1963172, 6.8150422 ], [ 100.196286, 6.8147318 ], [ 100.1961939, 6.8144034 ], [ 100.1960769, 6.8141144 ], [ 100.19584, 6.8137298 ], [ 100.1955875, 6.8133924 ], [ 100.1953273, 6.8131258 ], [ 100.1934284, 6.8117233 ], [ 100.1918054, 6.8105403 ], [ 100.1913956, 6.810219 ], [ 100.1912851, 6.8100542 ], [ 100.1912375, 6.809897 ], [ 100.1912292, 6.8097241 ], [ 100.1912602, 6.8095354 ], [ 100.1913854, 6.8092835 ], [ 100.1916211, 6.8089399 ], [ 100.1912929, 6.8070766 ], [ 100.1909779, 6.8030216 ], [ 100.1910026, 6.8023069 ], [ 100.1910842, 6.801443 ], [ 100.1912287, 6.8004884 ], [ 100.1914106, 6.7997905 ], [ 100.1916563, 6.7993736 ], [ 100.1919229, 6.7990552 ], [ 100.1931689, 6.7980662 ], [ 100.1949612, 6.7967127 ], [ 100.1953268, 6.7963915 ], [ 100.1955737, 6.7959986 ], [ 100.1956552, 6.7955648 ], [ 100.1956336, 6.7951726 ], [ 100.1954512, 6.7945885 ], [ 100.1943317, 6.7931042 ], [ 100.1930176, 6.7911015 ], [ 100.1928233, 6.7904688 ], [ 100.1927118, 6.7899185 ], [ 100.1926829, 6.7893956 ], [ 100.1928458, 6.7884317 ], [ 100.1930922, 6.787853 ], [ 100.1934047, 6.7875391 ], [ 100.1937948, 6.7871677 ], [ 100.1978984, 6.7843497 ], [ 100.1984768, 6.7839135 ], [ 100.1989475, 6.7833897 ], [ 100.1991433, 6.7829519 ], [ 100.199333, 6.7821703 ], [ 100.1993288, 6.7812161 ], [ 100.1987828, 6.7784662 ], [ 100.1987653, 6.7781044 ], [ 100.1987647, 6.7778567 ], [ 100.1988872, 6.7772576 ], [ 100.199095, 6.7766985 ], [ 100.199506, 6.7761607 ], [ 100.2004505, 6.7754473 ], [ 100.2023935, 6.7742312 ], [ 100.2060608, 6.7724236 ], [ 100.2108649, 6.7700259 ], [ 100.2124125, 6.7690614 ], [ 100.2125934, 6.7689175 ], [ 100.2127585, 6.7687516 ], [ 100.2128449, 6.7684639 ], [ 100.2129511, 6.7673414 ], [ 100.2130029, 6.7658972 ], [ 100.213064, 6.765546 ], [ 100.213357, 6.7649344 ], [ 100.2151812, 6.7606074 ], [ 100.2153319, 6.7602499 ], [ 100.2155892, 6.7594905 ], [ 100.2158383, 6.7583209 ], [ 100.2158605, 6.7579027 ], [ 100.2157646, 6.7567416 ], [ 100.2156498, 6.7559929 ], [ 100.2154628, 6.7555185 ], [ 100.2153383, 6.7552917 ], [ 100.2151309, 6.7549619 ], [ 100.2139085, 6.7533958 ], [ 100.2135357, 6.7529632 ], [ 100.2129769, 6.7524897 ], [ 100.2119009, 6.7516666 ], [ 100.2116624, 6.7515375 ], [ 100.211384, 6.7514614 ], [ 100.2101029, 6.7512168 ], [ 100.2097042, 6.7510965 ], [ 100.2091727, 6.7508682 ], [ 100.2082832, 6.7502923 ], [ 100.2080141, 6.7500245 ], [ 100.2077237, 6.7495298 ], [ 100.2073497, 6.7486223 ], [ 100.2072447, 6.7479206 ], [ 100.2072012, 6.7470535 ], [ 100.2073373, 6.743626 ], [ 100.2072312, 6.7424701 ], [ 100.2070631, 6.7413143 ], [ 100.2067516, 6.7406131 ], [ 100.2061702, 6.7393551 ], [ 100.2060244, 6.73886 ], [ 100.2059612, 6.7383647 ], [ 100.2059394, 6.7378899 ], [ 100.2060814, 6.7368366 ], [ 100.2061218, 6.7364855 ], [ 100.2062244, 6.7361962 ], [ 100.20643, 6.735824 ], [ 100.2067384, 6.7352865 ], [ 100.2069433, 6.7346047 ], [ 100.2070447, 6.7338818 ], [ 100.207043, 6.7331592 ], [ 100.2069571, 6.7318381 ], [ 100.2068081, 6.7300629 ], [ 100.2067249, 6.7298153 ], [ 100.2059083, 6.7278439 ], [ 100.205056, 6.726082 ], [ 100.204976, 6.725736 ], [ 100.204869, 6.725342 ], [ 100.204735, 6.724712 ], [ 100.204522, 6.724194 ], [ 100.204388, 6.723873 ], [ 100.204335, 6.723553 ], [ 100.204602, 6.723281 ], [ 100.204896, 6.723108 ], [ 100.205029, 6.722837 ], [ 100.205136, 6.722541 ], [ 100.205056, 6.722294 ], [ 100.205083, 6.721998 ], [ 100.205216, 6.721801 ], [ 100.20543, 6.721357 ], [ 100.205591, 6.720962 ], [ 100.206072, 6.720641 ], [ 100.206446, 6.720518 ], [ 100.206873, 6.720246 ], [ 100.207221, 6.719925 ], [ 100.207702, 6.719679 ], [ 100.208103, 6.719555 ], [ 100.208584, 6.719629 ], [ 100.209091, 6.719802 ], [ 100.209572, 6.719777 ], [ 100.210027, 6.719753 ], [ 100.210428, 6.719999 ], [ 100.210775, 6.720197 ], [ 100.211363, 6.720394 ], [ 100.211871, 6.720493 ], [ 100.212298, 6.720394 ], [ 100.212833, 6.719999 ], [ 100.213367, 6.719605 ], [ 100.214409, 6.719037 ], [ 100.21473, 6.71884 ], [ 100.214704, 6.718494 ], [ 100.21441, 6.717803 ], [ 100.214223, 6.717261 ], [ 100.214276, 6.71694 ], [ 100.214383, 6.716644 ], [ 100.214757, 6.716323 ], [ 100.215131, 6.715731 ], [ 100.215559, 6.715163 ], [ 100.215853, 6.714695 ], [ 100.215933, 6.714349 ], [ 100.215933, 6.71388 ], [ 100.215746, 6.713313 ], [ 100.215666, 6.712943 ], [ 100.215773, 6.712721 ], [ 100.2162, 6.712449 ], [ 100.216419, 6.71206 ], [ 100.216788, 6.711635 ], [ 100.217456, 6.711166 ], [ 100.21767, 6.710846 ], [ 100.217857, 6.710451 ], [ 100.218258, 6.709809 ], [ 100.218632, 6.70934 ], [ 100.218819, 6.708872 ], [ 100.2189, 6.708378 ], [ 100.2189, 6.707687 ], [ 100.218873, 6.706972 ], [ 100.218846, 6.706528 ], [ 100.218526, 6.706084 ], [ 100.218392, 6.705615 ], [ 100.218472, 6.705196 ], [ 100.218552, 6.704751 ], [ 100.218445, 6.704184 ], [ 100.218285, 6.703567 ], [ 100.218365, 6.702851 ], [ 100.218579, 6.702358 ], [ 100.218873, 6.702087 ], [ 100.219407, 6.70179 ], [ 100.219675, 6.701568 ], [ 100.220022, 6.700952 ], [ 100.22045, 6.700483 ], [ 100.220931, 6.699965 ], [ 100.221545, 6.699471 ], [ 100.222133, 6.69915 ], [ 100.222534, 6.69883 ], [ 100.223095, 6.698731 ], [ 100.223461, 6.698595 ], [ 100.22371, 6.698237 ], [ 100.223897, 6.697843 ], [ 100.223924, 6.697596 ], [ 100.223897, 6.697275 ], [ 100.224057, 6.697102 ], [ 100.224458, 6.697028 ], [ 100.225073, 6.697053 ], [ 100.225634, 6.69693 ], [ 100.226169, 6.696634 ], [ 100.226596, 6.696362 ], [ 100.22697, 6.696115 ], [ 100.227077, 6.695819 ], [ 100.227211, 6.695301 ], [ 100.227478, 6.694808 ], [ 100.227906, 6.694388 ], [ 100.22852, 6.693673 ], [ 100.228761, 6.693401 ], [ 100.229242, 6.693525 ], [ 100.230311, 6.694043 ], [ 100.230765, 6.694215 ], [ 100.231059, 6.694635 ], [ 100.2313, 6.694832 ], [ 100.2317, 6.694906 ], [ 100.231994, 6.694758 ], [ 100.232422, 6.694586 ], [ 100.232823, 6.694487 ], [ 100.233063, 6.69424 ], [ 100.233117, 6.69387 ], [ 100.23325, 6.693574 ], [ 100.233544, 6.693352 ], [ 100.233838, 6.693105 ], [ 100.234079, 6.693278 ], [ 100.23464, 6.693623 ], [ 100.235308, 6.693821 ], [ 100.235629, 6.693796 ], [ 100.235923, 6.693648 ], [ 100.236404, 6.693451 ], [ 100.236752, 6.693278 ], [ 100.237046, 6.692908 ], [ 100.2373184, 6.6923756 ], [ 100.237946, 6.6921428 ], [ 100.2384782, 6.6923386 ], [ 100.2394409, 6.692465 ], [ 100.2398864, 6.6924866 ], [ 100.2400897, 6.692513 ], [ 100.2402222, 6.692232 ], [ 100.2403814, 6.6921355 ], [ 100.24062, 6.6921091 ], [ 100.240841, 6.6922276 ], [ 100.2410399, 6.6922584 ], [ 100.2412034, 6.692254 ], [ 100.2414465, 6.6925217 ], [ 100.2416388, 6.6927542 ], [ 100.2419263, 6.6927728 ], [ 100.2422076, 6.6926859 ], [ 100.2425201, 6.6927107 ], [ 100.2437451, 6.6934432 ], [ 100.2436389, 6.6936915 ], [ 100.2435013, 6.6941943 ], [ 100.2434638, 6.6944426 ], [ 100.2436326, 6.6951751 ], [ 100.2437951, 6.695889 ], [ 100.2439362, 6.6959882 ], [ 100.2441889, 6.6960132 ], [ 100.2445201, 6.6959697 ], [ 100.2448264, 6.6960194 ], [ 100.2450389, 6.696069 ], [ 100.2452889, 6.6959511 ], [ 100.2455014, 6.6957587 ], [ 100.2457452, 6.6955973 ], [ 100.2462264, 6.6956283 ], [ 100.2468014, 6.695591 ], [ 100.2469827, 6.6962366 ], [ 100.2473202, 6.696578 ], [ 100.2476157, 6.6968871 ], [ 100.247847, 6.6970175 ], [ 100.2481095, 6.6971603 ], [ 100.2485533, 6.697303 ], [ 100.2488845, 6.6973341 ], [ 100.2491158, 6.6974644 ], [ 100.2493095, 6.6979921 ], [ 100.2494408, 6.6979983 ], [ 100.249572, 6.6980728 ], [ 100.2496345, 6.6981907 ], [ 100.2496095, 6.6983707 ], [ 100.2497158, 6.6988115 ], [ 100.2498596, 6.6994322 ], [ 100.2499908, 6.6997985 ], [ 100.2502096, 6.7003199 ], [ 100.2503721, 6.7009593 ], [ 100.2503908, 6.7013255 ], [ 100.2505096, 6.7021759 ], [ 100.2508158, 6.7027408 ], [ 100.2513783, 6.7034112 ], [ 100.2517346, 6.7037588 ], [ 100.2520659, 6.7039202 ], [ 100.2532909, 6.7037712 ], [ 100.2531971, 6.7043423 ], [ 100.2532846, 6.7047582 ], [ 100.2533159, 6.7050934 ], [ 100.2532409, 6.7055155 ], [ 100.2532159, 6.7058756 ], [ 100.2532159, 6.7060432 ], [ 100.2533728, 6.7061809 ], [ 100.2533784, 6.7064218 ], [ 100.2529916, 6.7070437 ], [ 100.2526103, 6.7074472 ], [ 100.2524665, 6.7076458 ], [ 100.2528103, 6.708577 ], [ 100.253789, 6.7088026 ], [ 100.253895, 6.708965 ], [ 100.2541646, 6.7091362 ], [ 100.2547657, 6.7093294 ], [ 100.254969, 6.7090484 ], [ 100.2552872, 6.7088992 ], [ 100.2555922, 6.7086227 ], [ 100.2558485, 6.7082628 ], [ 100.2561579, 6.7081618 ], [ 100.2564363, 6.7081574 ], [ 100.2566352, 6.7082101 ], [ 100.2567854, 6.7085481 ], [ 100.2569092, 6.7088685 ], [ 100.2568959, 6.709224 ], [ 100.2571522, 6.7095357 ], [ 100.2572451, 6.7097024 ], [ 100.2574761, 6.7110132 ], [ 100.2574953, 6.7113679 ], [ 100.2579203, 6.7109396 ], [ 100.2583235, 6.7103375 ], [ 100.2588575, 6.7099257 ], [ 100.2593135, 6.7094464 ], [ 100.2596363, 6.7089803 ], [ 100.2596796, 6.708544 ], [ 100.2598294, 6.7083589 ], [ 100.2603419, 6.7081341 ], [ 100.2611507, 6.7075689 ], [ 100.2615268, 6.7072516 ], [ 100.2615967, 6.7065773 ], [ 100.261783, 6.7059393 ], [ 100.2614203, 6.705384 ], [ 100.261397, 6.705222 ], [ 100.2616133, 6.7052154 ], [ 100.261793, 6.7052914 ], [ 100.2622923, 6.705113 ], [ 100.2626084, 6.7045312 ], [ 100.262675, 6.7040453 ], [ 100.2628248, 6.7037213 ], [ 100.2629346, 6.7033941 ], [ 100.2630777, 6.7026933 ], [ 100.2629912, 6.7024785 ], [ 100.2632907, 6.7012455 ], [ 100.2638432, 6.7006737 ], [ 100.2638565, 6.6992159 ], [ 100.2639997, 6.6991069 ], [ 100.2642393, 6.6990639 ], [ 100.2646853, 6.6990738 ], [ 100.2649948, 6.6989218 ], [ 100.2656548, 6.6988986 ], [ 100.2667515, 6.6990318 ], [ 100.2670998, 6.6993521 ], [ 100.2720503, 6.7037408 ], [ 100.2720669, 6.7038499 ], [ 100.2722101, 6.7039292 ], [ 100.2725462, 6.7039788 ], [ 100.2732052, 6.7039722 ], [ 100.2741038, 6.7038168 ], [ 100.2747961, 6.7038201 ], [ 100.2749625, 6.7039722 ], [ 100.2753453, 6.7045275 ], [ 100.2756215, 6.7045804 ], [ 100.2768596, 6.7042961 ], [ 100.2776085, 6.7041473 ], [ 100.2779712, 6.7043688 ], [ 100.2782974, 6.7049374 ], [ 100.27876, 6.7056084 ], [ 100.2788732, 6.706481 ], [ 100.2793059, 6.7068413 ], [ 100.2796753, 6.7067785 ], [ 100.2802677, 6.7068215 ], [ 100.2806671, 6.7069107 ], [ 100.2812962, 6.7073074 ], [ 100.2814692, 6.7072776 ], [ 100.2818387, 6.7071785 ], [ 100.2821082, 6.7073107 ], [ 100.2824211, 6.7074925 ], [ 100.2826807, 6.7077767 ], [ 100.2829703, 6.7081337 ], [ 100.2833863, 6.7082461 ], [ 100.2838423, 6.7083321 ], [ 100.284255, 6.7086758 ], [ 100.2847143, 6.7085073 ], [ 100.2862219, 6.7075454 ], [ 100.2865747, 6.7075123 ], [ 100.2869608, 6.707585 ], [ 100.2872803, 6.7076809 ], [ 100.2876597, 6.7080676 ], [ 100.2882322, 6.7086824 ], [ 100.2888113, 6.709056 ], [ 100.2890975, 6.7091155 ], [ 100.2893904, 6.7092609 ], [ 100.2895768, 6.7095518 ], [ 100.2898331, 6.7098394 ], [ 100.290126, 6.7098856 ], [ 100.2902658, 6.7098691 ], [ 100.2907417, 6.7097237 ], [ 100.2913574, 6.7093435 ], [ 100.2920131, 6.7086229 ], [ 100.2923393, 6.7080809 ], [ 100.2930349, 6.7078481 ], [ 100.2934542, 6.7073919 ], [ 100.2940799, 6.7065391 ], [ 100.2942131, 6.706083 ], [ 100.2951017, 6.7043608 ], [ 100.295115, 6.7038088 ], [ 100.2948254, 6.7033692 ], [ 100.2945958, 6.7031147 ], [ 100.2944826, 6.7027147 ], [ 100.2941565, 6.7023544 ], [ 100.2934309, 6.7019049 ], [ 100.2931913, 6.701495 ], [ 100.2927919, 6.7011578 ], [ 100.2925423, 6.700348 ], [ 100.2921928, 6.7000637 ], [ 100.2916636, 6.6997331 ], [ 100.2914007, 6.6990952 ], [ 100.2915738, 6.6987283 ], [ 100.2916403, 6.6984308 ], [ 100.2915671, 6.6980407 ], [ 100.2915671, 6.6976903 ], [ 100.2915405, 6.697135 ], [ 100.2918034, 6.69654 ], [ 100.2917901, 6.6959748 ], [ 100.2912509, 6.6956409 ], [ 100.2907883, 6.6951748 ], [ 100.2908715, 6.6949533 ], [ 100.2909614, 6.6944344 ], [ 100.2910479, 6.6936344 ], [ 100.2909847, 6.6932477 ], [ 100.2908715, 6.6926626 ], [ 100.2904655, 6.6922395 ], [ 100.2903723, 6.6920279 ], [ 100.2902358, 6.6919122 ], [ 100.2901027, 6.6917271 ], [ 100.2899695, 6.6908214 ], [ 100.2899862, 6.6906131 ], [ 100.2904022, 6.6903851 ], [ 100.2905886, 6.6895487 ], [ 100.2904788, 6.6891884 ], [ 100.2901726, 6.6888909 ], [ 100.2901759, 6.6887554 ], [ 100.2902524, 6.6886496 ], [ 100.2905054, 6.6884116 ], [ 100.2906219, 6.688048 ], [ 100.2908915, 6.6876348 ], [ 100.2909248, 6.6872448 ], [ 100.2912709, 6.6864514 ], [ 100.2914673, 6.6861043 ], [ 100.2918334, 6.6858465 ], [ 100.2919632, 6.6855225 ], [ 100.2921961, 6.6849639 ], [ 100.2923126, 6.6846366 ], [ 100.2922793, 6.6841044 ], [ 100.2925023, 6.6837276 ], [ 100.2930815, 6.6831359 ], [ 100.2934109, 6.68265 ], [ 100.2934642, 6.6820682 ], [ 100.2937471, 6.6811558 ], [ 100.2941132, 6.6801575 ], [ 100.2942563, 6.6797509 ], [ 100.2947722, 6.6792088 ], [ 100.2954545, 6.6790898 ], [ 100.2958539, 6.6787691 ], [ 100.2965428, 6.6783625 ], [ 100.2969222, 6.6781146 ], [ 100.297285, 6.677913 ], [ 100.2979141, 6.6779923 ], [ 100.2982901, 6.6780948 ], [ 100.2985597, 6.6782072 ], [ 100.2987028, 6.6784452 ], [ 100.2990623, 6.6791427 ], [ 100.2992986, 6.6793013 ], [ 100.2997646, 6.6796187 ], [ 100.3002904, 6.6800054 ], [ 100.3003603, 6.6801145 ], [ 100.3004934, 6.6803327 ], [ 100.3007164, 6.680293 ], [ 100.3013122, 6.6800451 ], [ 100.3018468, 6.6798681 ], [ 100.3022396, 6.6795177 ], [ 100.3025857, 6.6791144 ], [ 100.3028187, 6.6786252 ], [ 100.3029052, 6.677693 ], [ 100.3031049, 6.6766418 ], [ 100.3033845, 6.6760666 ], [ 100.3034178, 6.6755377 ], [ 100.3038371, 6.6747575 ], [ 100.3041332, 6.674216 ], [ 100.3042603, 6.674015 ], [ 100.3044297, 6.6733932 ], [ 100.3043748, 6.6729955 ], [ 100.3044203, 6.6727574 ], [ 100.3046027, 6.6725505 ], [ 100.3046934, 6.6721365 ], [ 100.3046445, 6.6715742 ], [ 100.305642, 6.6708035 ], [ 100.3063933, 6.6699555 ], [ 100.3059185, 6.6691859 ], [ 100.3058805, 6.6684524 ], [ 100.3071433, 6.6676879 ], [ 100.3075748, 6.6675602 ], [ 100.3082169, 6.6671932 ], [ 100.3085686, 6.6668468 ], [ 100.3089227, 6.6666342 ], [ 100.3094519, 6.6665929 ], [ 100.3099235, 6.6666746 ], [ 100.3103948, 6.6666299 ], [ 100.3106708, 6.6667157 ], [ 100.3109424, 6.6669149 ], [ 100.3111728, 6.666961 ], [ 100.3116757, 6.6666421 ], [ 100.312061, 6.6665519 ], [ 100.3124467, 6.6663182 ], [ 100.3128863, 6.6662233 ], [ 100.3138409, 6.6667116 ], [ 100.3144516, 6.6671707 ], [ 100.314949, 6.6672192 ], [ 100.3157501, 6.6677738 ], [ 100.3160458, 6.6677167 ], [ 100.3164629, 6.667491 ], [ 100.3169541, 6.666593 ], [ 100.3170511, 6.6662343 ], [ 100.3179156, 6.6654988 ], [ 100.3184177, 6.6651736 ], [ 100.3185529, 6.6647011 ], [ 100.3188558, 6.6643663 ], [ 100.3193273, 6.6643023 ], [ 100.3198097, 6.6646496 ], [ 100.3202111, 6.664585 ], [ 100.321042, 6.6654033 ], [ 100.3214694, 6.66535 ], [ 100.3216625, 6.6656432 ], [ 100.3222358, 6.6652749 ], [ 100.3224736, 6.6652526 ], [ 100.3224773, 6.6652522 ], [ 100.3228125, 6.6652208 ], [ 100.3241549, 6.6653114 ], [ 100.3245617, 6.6653181 ], [ 100.3250945, 6.6654683 ], [ 100.3259076, 6.6653383 ], [ 100.3262382, 6.6651929 ], [ 100.3267742, 6.6648994 ], [ 100.3269204, 6.6646865 ], [ 100.327316, 6.6643591 ], [ 100.3273958, 6.6642891 ], [ 100.327457, 6.6642169 ], [ 100.3275211, 6.6640954 ], [ 100.3276121, 6.6638558 ], [ 100.3275048, 6.6636667 ], [ 100.3273686, 6.6635623 ], [ 100.3272328, 6.6634988 ], [ 100.3271459, 6.6633372 ], [ 100.3266711, 6.6629902 ], [ 100.3264516, 6.6625678 ], [ 100.3266771, 6.6614498 ], [ 100.326247, 6.6603571 ], [ 100.3260476, 6.6597018 ], [ 100.3258603, 6.6595098 ], [ 100.3252701, 6.6591855 ], [ 100.3250119, 6.6590823 ], [ 100.3247046, 6.6587681 ], [ 100.3244863, 6.6585448 ], [ 100.3243959, 6.658091 ], [ 100.324182, 6.6574404 ], [ 100.3237293, 6.6568323 ], [ 100.3232194, 6.6563456 ], [ 100.3224414, 6.6555968 ], [ 100.3221227, 6.6554952 ], [ 100.3216391, 6.6553337 ], [ 100.3209957, 6.6550367 ], [ 100.3205669, 6.6549568 ], [ 100.3201635, 6.6549508 ], [ 100.3200424, 6.6548926 ], [ 100.3199597, 6.6547994 ], [ 100.3198409, 6.6545117 ], [ 100.3196349, 6.6542851 ], [ 100.3194744, 6.6539878 ], [ 100.3195984, 6.6537704 ], [ 100.3196236, 6.6534563 ], [ 100.3196886, 6.6532998 ], [ 100.3198476, 6.6531444 ], [ 100.3198634, 6.6530639 ], [ 100.3198313, 6.6527997 ], [ 100.3199798, 6.6525538 ], [ 100.3202018, 6.6523989 ], [ 100.3203324, 6.6523808 ], [ 100.320455, 6.652223 ], [ 100.3204474, 6.6520106 ], [ 100.3205003, 6.65163 ], [ 100.3207237, 6.6511029 ], [ 100.3210082, 6.6507297 ], [ 100.3212737, 6.6505637 ], [ 100.3215446, 6.6503194 ], [ 100.3218277, 6.6498736 ], [ 100.3221718, 6.6496775 ], [ 100.3221783, 6.6494594 ], [ 100.3223039, 6.6490695 ], [ 100.3219929, 6.6484167 ], [ 100.3218241, 6.6477714 ], [ 100.3217203, 6.6470549 ], [ 100.3223281, 6.6467857 ], [ 100.3222117, 6.6459295 ], [ 100.3218922, 6.6457397 ], [ 100.3219434, 6.6455906 ], [ 100.322181, 6.6453353 ], [ 100.3220738, 6.6447571 ], [ 100.3220529, 6.6441438 ], [ 100.3218454, 6.6420542 ], [ 100.3212411, 6.642185 ], [ 100.3209526, 6.6420742 ], [ 100.3204016, 6.6416061 ], [ 100.3198907, 6.6410921 ], [ 100.319202, 6.6408283 ], [ 100.3182395, 6.6404704 ], [ 100.3171739, 6.6398457 ], [ 100.3173075, 6.639267 ], [ 100.3168482, 6.6385728 ], [ 100.3171166, 6.638043 ], [ 100.3167085, 6.637138 ], [ 100.3161734, 6.6365988 ], [ 100.3169057, 6.6358863 ], [ 100.3165487, 6.6348173 ], [ 100.3177283, 6.6351707 ], [ 100.3182794, 6.6349561 ], [ 100.3190854, 6.6349624 ], [ 100.3195042, 6.6353991 ], [ 100.3196639, 6.635571 ], [ 100.3200101, 6.6356371 ], [ 100.3202161, 6.6360205 ], [ 100.3208198, 6.6360097 ], [ 100.3212662, 6.6356787 ], [ 100.3213007, 6.6345646 ], [ 100.3216748, 6.6342452 ], [ 100.3216098, 6.6317736 ], [ 100.3218355, 6.631029 ], [ 100.3223875, 6.6304466 ], [ 100.3221488, 6.630072 ], [ 100.3227603, 6.6296713 ], [ 100.3231738, 6.6290662 ], [ 100.3239512, 6.6279215 ], [ 100.3241257, 6.6275488 ], [ 100.3239973, 6.6270317 ], [ 100.3236181, 6.6267658 ], [ 100.3236057, 6.6264987 ], [ 100.3232378, 6.62595 ], [ 100.3235122, 6.6251233 ], [ 100.3237995, 6.6245435 ], [ 100.3244662, 6.6241702 ], [ 100.3254223, 6.6235641 ], [ 100.3254802, 6.6234567 ], [ 100.3260926, 6.622322 ], [ 100.3260294, 6.621392 ], [ 100.3257392, 6.6213681 ], [ 100.3253728, 6.6211224 ], [ 100.3250718, 6.621073 ], [ 100.3246647, 6.6206749 ], [ 100.3243628, 6.6205261 ], [ 100.3239947, 6.620095 ], [ 100.3237938, 6.619491 ], [ 100.3232742, 6.6193123 ], [ 100.3228262, 6.6189453 ], [ 100.3208613, 6.6171102 ], [ 100.3199269, 6.6165013 ], [ 100.3192358, 6.615815 ], [ 100.3187969, 6.61596 ], [ 100.3184794, 6.615516 ], [ 100.3183438, 6.6153264 ], [ 100.3178693, 6.6153399 ], [ 100.3178764, 6.6150085 ], [ 100.3175415, 6.6148101 ], [ 100.3172205, 6.6147897 ], [ 100.3165691, 6.6143242 ], [ 100.3166272, 6.6138563 ], [ 100.3165816, 6.6136528 ], [ 100.3161066, 6.6133188 ], [ 100.315244, 6.6131488 ], [ 100.313808, 6.6133396 ], [ 100.3129756, 6.6130337 ], [ 100.3122879, 6.6130263 ], [ 100.3119478, 6.6127454 ], [ 100.3115084, 6.6127819 ], [ 100.310748, 6.6121534 ], [ 100.310616, 6.6118405 ], [ 100.3104618, 6.6114721 ], [ 100.3104667, 6.6111855 ], [ 100.3102202, 6.6110458 ], [ 100.3099246, 6.6108505 ], [ 100.3096196, 6.6108108 ], [ 100.3091207, 6.6109345 ], [ 100.3084985, 6.6106846 ], [ 100.3077268, 6.6108074 ], [ 100.3073247, 6.610652 ], [ 100.3069994, 6.610914 ], [ 100.3058558, 6.6111053 ], [ 100.3056866, 6.6107512 ], [ 100.305376, 6.6101009 ], [ 100.3055429, 6.609592 ], [ 100.3053906, 6.6089359 ], [ 100.3055861, 6.6085872 ], [ 100.3056691, 6.6081295 ], [ 100.3058196, 6.6079301 ], [ 100.3058639, 6.6073828 ], [ 100.3054114, 6.6060732 ], [ 100.305056, 6.6056225 ], [ 100.3051792, 6.6054608 ], [ 100.3051751, 6.6052288 ], [ 100.3055841, 6.6049994 ], [ 100.3063598, 6.6056494 ], [ 100.3066833, 6.6055932 ], [ 100.3068736, 6.6058327 ], [ 100.3071413, 6.6057901 ], [ 100.3073186, 6.6054542 ], [ 100.308134, 6.60512 ], [ 100.3087044, 6.6047629 ], [ 100.308875, 6.6045698 ], [ 100.3091683, 6.6044888 ], [ 100.3091575, 6.6041091 ], [ 100.3094434, 6.6039953 ], [ 100.309994, 6.6039997 ], [ 100.3103606, 6.6037703 ], [ 100.3107067, 6.6038588 ], [ 100.3113914, 6.6036728 ], [ 100.3116654, 6.6034397 ], [ 100.311984, 6.6033704 ], [ 100.3123472, 6.6031691 ], [ 100.3134942, 6.6036023 ], [ 100.3158202, 6.6041633 ], [ 100.3167074, 6.6032638 ], [ 100.3173568, 6.6013922 ], [ 100.3177135, 6.5999475 ], [ 100.3175123, 6.5986029 ], [ 100.3177409, 6.5975489 ], [ 100.3183171, 6.5958317 ], [ 100.3195885, 6.5943598 ], [ 100.3196811, 6.5939299 ], [ 100.3195696, 6.5931724 ], [ 100.3202063, 6.5917101 ], [ 100.320838, 6.5909345 ], [ 100.3212438, 6.5908862 ], [ 100.322079, 6.5910552 ], [ 100.3226849, 6.5908103 ], [ 100.323039, 6.5905156 ], [ 100.3231074, 6.5897736 ], [ 100.3232906, 6.589254 ], [ 100.3237385, 6.5890827 ], [ 100.3240834, 6.5893094 ], [ 100.3243592, 6.5892886 ], [ 100.3246741, 6.5890144 ], [ 100.3251569, 6.5888202 ], [ 100.3252239, 6.5884376 ], [ 100.3255412, 6.5876225 ], [ 100.3255412, 6.5873577 ], [ 100.3252711, 6.5869479 ], [ 100.3249173, 6.5863142 ], [ 100.3252336, 6.585796 ], [ 100.3257252, 6.5854896 ], [ 100.3260575, 6.5855229 ], [ 100.3278503, 6.5847723 ], [ 100.3284385, 6.5842423 ], [ 100.3287588, 6.584331 ], [ 100.3310487, 6.5844017 ], [ 100.3334999, 6.5845199 ], [ 100.3348079, 6.5849923 ], [ 100.3366198, 6.5836135 ], [ 100.3363568, 6.5829253 ], [ 100.3358766, 6.5823529 ], [ 100.3381037, 6.5813716 ], [ 100.339805, 6.5814942 ], [ 100.3408293, 6.5806629 ], [ 100.3415793, 6.5802222 ], [ 100.3421235, 6.5789501 ], [ 100.3421418, 6.5778098 ], [ 100.3419635, 6.5766786 ], [ 100.3411495, 6.5761562 ], [ 100.3415336, 6.5751476 ], [ 100.3432394, 6.5739074 ], [ 100.3443781, 6.5725217 ], [ 100.3451921, 6.5711906 ], [ 100.3455305, 6.5711225 ], [ 100.346436, 6.5720538 ], [ 100.3474924, 6.5723082 ], [ 100.3483339, 6.5730033 ], [ 100.3495686, 6.5728307 ], [ 100.3515122, 6.5729442 ], [ 100.3525914, 6.5715631 ], [ 100.3531494, 6.5704274 ], [ 100.3532728, 6.5695869 ], [ 100.3537805, 6.5686737 ], [ 100.353934, 6.5677823 ], [ 100.3539919, 6.5669864 ], [ 100.3542835, 6.5653163 ], [ 100.3538856, 6.5639034 ], [ 100.3539437, 6.5636657 ], [ 100.3535386, 6.5628958 ], [ 100.3535036, 6.5617041 ], [ 100.3534724, 6.5614797 ], [ 100.3535114, 6.5613869 ], [ 100.3536827, 6.5614565 ], [ 100.353893, 6.5616384 ], [ 100.3544298, 6.5618408 ], [ 100.3548589, 6.5616035 ], [ 100.3555274, 6.5616318 ], [ 100.3565518, 6.5602144 ], [ 100.3562492, 6.5591777 ], [ 100.3564673, 6.5588372 ], [ 100.3570476, 6.5583613 ], [ 100.3575383, 6.5580595 ], [ 100.3577018, 6.5580363 ], [ 100.3578187, 6.5579744 ], [ 100.3578771, 6.5578506 ], [ 100.3579861, 6.5576069 ], [ 100.3585275, 6.5573747 ], [ 100.3589894, 6.5572965 ], [ 100.3594513, 6.5570075 ], [ 100.3597608, 6.5571818 ], [ 100.3601627, 6.556957 ], [ 100.3595345, 6.5562515 ], [ 100.3590402, 6.5561185 ], [ 100.3588462, 6.5557605 ], [ 100.3588, 6.5550768 ], [ 100.3585229, 6.5548657 ], [ 100.3583104, 6.5543013 ], [ 100.3582042, 6.5538149 ], [ 100.3589987, 6.5531174 ], [ 100.3590324, 6.5526824 ], [ 100.359194, 6.5525034 ], [ 100.3591894, 6.5523244 ], [ 100.3591478, 6.5520032 ], [ 100.3591063, 6.5517921 ], [ 100.3590185, 6.5515856 ], [ 100.3590277, 6.5513011 ], [ 100.3593003, 6.5503053 ], [ 100.3597021, 6.5490617 ], [ 100.3596282, 6.5485386 ], [ 100.3596421, 6.5480568 ], [ 100.360104, 6.5476208 ], [ 100.3606444, 6.5469876 ], [ 100.3609446, 6.5465792 ], [ 100.3611802, 6.5461753 ], [ 100.3611756, 6.5457899 ], [ 100.3613696, 6.5454273 ], [ 100.3616329, 6.5451887 ], [ 100.36191, 6.5451428 ], [ 100.3622195, 6.5450832 ], [ 100.3624689, 6.544918 ], [ 100.3626696, 6.5448214 ], [ 100.3627863, 6.5448596 ], [ 100.3630417, 6.5449508 ], [ 100.3631803, 6.5450518 ], [ 100.3636098, 6.5450518 ], [ 100.3647784, 6.5436843 ], [ 100.3647415, 6.5430464 ], [ 100.3653327, 6.5427756 ], [ 100.3656283, 6.5420277 ], [ 100.3657484, 6.5415091 ], [ 100.3655822, 6.5407657 ], [ 100.3659471, 6.5400544 ], [ 100.3664829, 6.5396689 ], [ 100.366784, 6.5395792 ], [ 100.3672207, 6.539449 ], [ 100.3677825, 6.5392316 ], [ 100.3681515, 6.5390564 ], [ 100.3684128, 6.5390434 ], [ 100.3689452, 6.5391018 ], [ 100.3691314, 6.5394847 ], [ 100.3691673, 6.539806 ], [ 100.3693959, 6.5401694 ], [ 100.3696768, 6.540575 ], [ 100.3697519, 6.5410552 ], [ 100.3702974, 6.5415485 ], [ 100.3702419, 6.5418697 ], [ 100.3708526, 6.5422623 ], [ 100.3712095, 6.5433072 ], [ 100.3719162, 6.5435137 ], [ 100.3724474, 6.5442984 ], [ 100.3728538, 6.5445187 ], [ 100.3727062, 6.5448178 ], [ 100.3728355, 6.5450426 ], [ 100.3732974, 6.5451115 ], [ 100.3735607, 6.5448774 ], [ 100.3742212, 6.544648 ], [ 100.3744198, 6.5444002 ], [ 100.3747431, 6.5435834 ], [ 100.3754591, 6.5435008 ], [ 100.3761612, 6.5433264 ], [ 100.3767478, 6.5428262 ], [ 100.3774591, 6.5428491 ], [ 100.378045, 6.5424559 ], [ 100.378567, 6.5423641 ], [ 100.3788996, 6.5421301 ], [ 100.3794908, 6.5421485 ], [ 100.380179, 6.5419695 ], [ 100.3806409, 6.5420337 ], [ 100.3811583, 6.5418043 ], [ 100.3816192, 6.5418556 ], [ 100.3821514, 6.5416161 ], [ 100.3831814, 6.5406249 ], [ 100.3835232, 6.5404781 ], [ 100.3832507, 6.5398081 ], [ 100.383611, 6.5392712 ], [ 100.3839666, 6.5387021 ], [ 100.3842293, 6.5384668 ], [ 100.384724, 6.5385625 ], [ 100.3851489, 6.5385808 ], [ 100.3853749, 6.5388239 ], [ 100.3860478, 6.5390211 ], [ 100.386485, 6.5387716 ], [ 100.3870648, 6.5389533 ], [ 100.387316, 6.53875 ], [ 100.387471, 6.538214 ], [ 100.387623, 6.5367476 ], [ 100.3878431, 6.535768 ], [ 100.3878679, 6.5353737 ], [ 100.3881997, 6.5349547 ], [ 100.3891734, 6.5348561 ], [ 100.3895268, 6.535044 ], [ 100.390333, 6.5350317 ], [ 100.3912416, 6.5349547 ], [ 100.3915827, 6.5345943 ], [ 100.3925532, 6.5345696 ], [ 100.393164, 6.5345511 ], [ 100.3935578, 6.5346651 ], [ 100.3945563, 6.5339658 ], [ 100.3952354, 6.5340521 ], [ 100.3958834, 6.5337687 ], [ 100.3966524, 6.5339874 ], [ 100.3973842, 6.533898 ], [ 100.3979888, 6.5343601 ], [ 100.3985222, 6.5341322 ], [ 100.3989408, 6.5344803 ], [ 100.3993749, 6.5346682 ], [ 100.4000601, 6.5347575 ], [ 100.4011671, 6.5353336 ], [ 100.401288, 6.5355862 ], [ 100.401657, 6.5360144 ], [ 100.4019733, 6.5360637 ], [ 100.402119, 6.5363502 ], [ 100.4025563, 6.5357926 ], [ 100.4027795, 6.5351734 ], [ 100.402826, 6.5346374 ], [ 100.4031857, 6.5341106 ], [ 100.4026958, 6.5334144 ], [ 100.4019671, 6.5324964 ], [ 100.4018214, 6.5319665 ], [ 100.4022834, 6.5312672 ], [ 100.4023516, 6.530688 ], [ 100.4028353, 6.530457 ], [ 100.403009, 6.5298717 ], [ 100.4036322, 6.5294003 ], [ 100.4045469, 6.5292863 ], [ 100.4050152, 6.5294866 ], [ 100.4056756, 6.5294927 ], [ 100.4064942, 6.5290738 ], [ 100.4069252, 6.528701 ], [ 100.4073097, 6.5287749 ], [ 100.4078121, 6.5286147 ], [ 100.4081469, 6.5287657 ], [ 100.4084043, 6.528242 ], [ 100.4083547, 6.5275642 ], [ 100.4083637, 6.5272197 ], [ 100.4084181, 6.5269529 ], [ 100.4084835, 6.5266212 ], [ 100.408625, 6.5263003 ], [ 100.408948, 6.5258424 ], [ 100.4092238, 6.5255575 ], [ 100.4095505, 6.5252438 ], [ 100.4101965, 6.5247823 ], [ 100.410367, 6.5246272 ], [ 100.410563, 6.5243352 ], [ 100.4105993, 6.5237835 ], [ 100.4106138, 6.5233688 ], [ 100.4107481, 6.5231381 ], [ 100.4110523, 6.5228508 ], [ 100.4112163, 6.5226874 ], [ 100.4115756, 6.5225395 ], [ 100.411757, 6.5225395 ], [ 100.4121417, 6.5227811 ], [ 100.4130091, 6.5228676 ], [ 100.4134461, 6.5231404 ], [ 100.4147981, 6.5235409 ], [ 100.4160849, 6.5233252 ], [ 100.4163418, 6.5231622 ], [ 100.4163498, 6.5224724 ], [ 100.4162058, 6.5215543 ], [ 100.4161862, 6.5213804 ], [ 100.417221, 6.5202352 ], [ 100.417313, 6.519569 ], [ 100.417394, 6.51939 ], [ 100.4175518, 6.5190699 ], [ 100.4182323, 6.5187127 ], [ 100.418942, 6.5189798 ], [ 100.4190283, 6.5190012 ], [ 100.4191155, 6.5190178 ], [ 100.4192089, 6.5190357 ], [ 100.4192195, 6.5190377 ], [ 100.4193127, 6.5190555 ], [ 100.4195529, 6.5191175 ], [ 100.4198735, 6.5186993 ], [ 100.419927, 6.5181637 ], [ 100.4204953, 6.5181625 ], [ 100.4207255, 6.5179853 ], [ 100.4213894, 6.5180759 ], [ 100.4222352, 6.5178092 ], [ 100.4226723, 6.5179358 ], [ 100.4232953, 6.5175554 ], [ 100.4236097, 6.5175991 ], [ 100.4239321, 6.5181085 ], [ 100.4246945, 6.5184625 ], [ 100.4252695, 6.5190015 ], [ 100.4252478, 6.5197305 ], [ 100.4253678, 6.5200291 ], [ 100.4256255, 6.5202282 ], [ 100.4259382, 6.5203359 ], [ 100.4263666, 6.520271 ], [ 100.4266431, 6.5203559 ], [ 100.4270245, 6.5206085 ], [ 100.4274083, 6.521071 ], [ 100.4277604, 6.521898 ], [ 100.4278591, 6.522496 ], [ 100.4281521, 6.5228062 ], [ 100.4298154, 6.5234553 ], [ 100.4301338, 6.5237534 ], [ 100.4305078, 6.5238644 ], [ 100.4307458, 6.523901 ], [ 100.4307977, 6.5235846 ], [ 100.4308839, 6.5229093 ], [ 100.431193, 6.5226065 ], [ 100.4317609, 6.522478 ], [ 100.4320823, 6.5224312 ], [ 100.4324291, 6.5224451 ], [ 100.4326307, 6.522515 ], [ 100.4327643, 6.5226966 ], [ 100.4329183, 6.5228831 ], [ 100.4332323, 6.5230664 ], [ 100.4339041, 6.5230674 ], [ 100.4340665, 6.5230659 ], [ 100.4343595, 6.52318 ], [ 100.4345681, 6.523409 ], [ 100.4350242, 6.5239187 ], [ 100.4352665, 6.5241178 ], [ 100.4357024, 6.524325 ], [ 100.4360446, 6.5243856 ], [ 100.4364946, 6.5244042 ], [ 100.4370918, 6.5244807 ], [ 100.4373374, 6.5247813 ], [ 100.4377276, 6.524899 ], [ 100.4379184, 6.5250667 ], [ 100.4380675, 6.5254392 ], [ 100.4381452, 6.5256606 ], [ 100.4384709, 6.5256559 ], [ 100.438899, 6.5259346 ], [ 100.4390569, 6.5262017 ], [ 100.4392259, 6.5265178 ], [ 100.4395143, 6.5270611 ], [ 100.43983, 6.5271122 ], [ 100.4408006, 6.5271092 ], [ 100.4407975, 6.5268781 ], [ 100.4410455, 6.5264283 ], [ 100.4417804, 6.5260895 ], [ 100.4427448, 6.5263482 ], [ 100.4428378, 6.5265639 ], [ 100.4429525, 6.5272231 ], [ 100.4432998, 6.5274511 ], [ 100.4435662, 6.5273731 ], [ 100.4439879, 6.5270773 ], [ 100.4442235, 6.5271081 ], [ 100.4446483, 6.5274039 ], [ 100.4448406, 6.5274254 ], [ 100.4450607, 6.5273022 ], [ 100.4452902, 6.526988 ], [ 100.445408, 6.5266091 ], [ 100.4455941, 6.5262763 ], [ 100.4459073, 6.5261316 ], [ 100.4464189, 6.5260607 ], [ 100.4467042, 6.5260915 ], [ 100.44707, 6.5262887 ], [ 100.4473026, 6.5263718 ], [ 100.447777, 6.526187 ], [ 100.4479724, 6.5261131 ], [ 100.4480654, 6.5261508 ], [ 100.448585, 6.5266191 ], [ 100.44896, 6.5266562 ], [ 100.4492428, 6.5265886 ], [ 100.4494336, 6.5264863 ], [ 100.4496835, 6.5262074 ], [ 100.4500694, 6.5262553 ], [ 100.4502931, 6.5262575 ], [ 100.4508938, 6.5262445 ], [ 100.4513411, 6.5267433 ], [ 100.4514113, 6.5267716 ], [ 100.4520362, 6.526813 ], [ 100.4526129, 6.5267021 ], [ 100.4532206, 6.5268531 ], [ 100.4536827, 6.526773 ], [ 100.4538532, 6.5269208 ], [ 100.4542532, 6.5275246 ], [ 100.4542005, 6.5277834 ], [ 100.4538935, 6.5283564 ], [ 100.4538721, 6.5284927 ], [ 100.4538904, 6.5286306 ], [ 100.4541561, 6.5288691 ], [ 100.4553354, 6.5290218 ], [ 100.4556382, 6.5290443 ], [ 100.4556982, 6.5291451 ], [ 100.4557106, 6.5294285 ], [ 100.4558396, 6.5297119 ], [ 100.455914, 6.5300693 ], [ 100.4559574, 6.5302633 ], [ 100.4561186, 6.530556 ], [ 100.4562365, 6.5309349 ], [ 100.4562768, 6.5313785 ], [ 100.4564568, 6.5316972 ], [ 100.4566185, 6.5317974 ], [ 100.4567545, 6.5318369 ], [ 100.4569637, 6.5317676 ], [ 100.4571613, 6.5316899 ], [ 100.4576841, 6.5313607 ], [ 100.457824, 6.531422 ], [ 100.4580196, 6.5315815 ], [ 100.4581822, 6.5316081 ], [ 100.458353, 6.5315406 ], [ 100.4585568, 6.5313811 ], [ 100.4587132, 6.5313034 ], [ 100.458954, 6.5312993 ], [ 100.4591536, 6.5313218 ], [ 100.4593265, 6.531375 ], [ 100.4594912, 6.5313546 ], [ 100.4602444, 6.5311491 ], [ 100.460145, 6.5306811 ], [ 100.4603487, 6.5299061 ], [ 100.4604477, 6.5296169 ], [ 100.4607126, 6.5290646 ], [ 100.4608028, 6.5286077 ], [ 100.4606893, 6.5283214 ], [ 100.4608743, 6.5282686 ], [ 100.4610636, 6.5280314 ], [ 100.4614588, 6.5273709 ], [ 100.461729, 6.5268209 ], [ 100.4620142, 6.5259152 ], [ 100.4620568, 6.5256196 ], [ 100.4623599, 6.5252017 ], [ 100.462544, 6.5250841 ], [ 100.4635307, 6.5253324 ], [ 100.4639955, 6.5250318 ], [ 100.4655435, 6.5247879 ], [ 100.4663723, 6.5247922 ], [ 100.4669555, 6.5248445 ], [ 100.4673589, 6.5246104 ], [ 100.4675607, 6.5241094 ], [ 100.4678698, 6.5237304 ], [ 100.4678413, 6.5232882 ], [ 100.4675387, 6.5225628 ], [ 100.4673414, 6.5216326 ], [ 100.4674379, 6.521515 ], [ 100.4678216, 6.5214474 ], [ 100.4682535, 6.520966 ], [ 100.4689244, 6.5207743 ], [ 100.4697291, 6.5207046 ], [ 100.4704711, 6.5204181 ], [ 100.4710385, 6.5205198 ], [ 100.4715776, 6.5205367 ], [ 100.4718241, 6.5206221 ], [ 100.4719609, 6.5207234 ], [ 100.4720494, 6.5208063 ], [ 100.4723812, 6.5216812 ], [ 100.473144, 6.5226516 ], [ 100.4742726, 6.5227902 ], [ 100.4746292, 6.5231753 ], [ 100.4754385, 6.5232185 ], [ 100.4756618, 6.5234772 ], [ 100.4767036, 6.5236621 ], [ 100.4770137, 6.5239578 ], [ 100.4778075, 6.5237483 ], [ 100.4787253, 6.5236374 ], [ 100.478961, 6.5236313 ], [ 100.4792959, 6.5232801 ], [ 100.4802509, 6.5228549 ], [ 100.4809207, 6.5230151 ], [ 100.4814788, 6.5238531 ], [ 100.482068, 6.5240872 ], [ 100.4825393, 6.5238962 ], [ 100.4830168, 6.5228919 ], [ 100.4835315, 6.5229597 ], [ 100.483978, 6.5227502 ], [ 100.484561, 6.5229474 ], [ 100.485547, 6.522627 ], [ 100.4867185, 6.5224058 ], [ 100.4873675, 6.5226498 ], [ 100.4879551, 6.523312 ], [ 100.4884462, 6.5234514 ], [ 100.4887356, 6.5239132 ], [ 100.4886743, 6.5242182 ], [ 100.4891917, 6.5252987 ], [ 100.4894285, 6.5252899 ], [ 100.4898232, 6.5255252 ], [ 100.4902091, 6.5254729 ], [ 100.4903641, 6.5249662 ], [ 100.490606, 6.5247444 ], [ 100.4917036, 6.5243994 ], [ 100.4917904, 6.524079 ], [ 100.4927145, 6.5237709 ], [ 100.4934587, 6.5235491 ], [ 100.4937625, 6.5237832 ], [ 100.4943269, 6.5230069 ], [ 100.4948912, 6.5221443 ], [ 100.4958835, 6.521904 ], [ 100.4961997, 6.5212817 ], [ 100.4958586, 6.5202281 ], [ 100.4957718, 6.518429 ], [ 100.4957656, 6.5181086 ], [ 100.4953625, 6.5179853 ], [ 100.4943393, 6.5174123 ], [ 100.493693, 6.5171429 ], [ 100.4932545, 6.5169164 ], [ 100.4929168, 6.5169512 ], [ 100.4927326, 6.5166375 ], [ 100.4928335, 6.5159971 ], [ 100.4927239, 6.515483 ], [ 100.4927107, 6.5130344 ], [ 100.4928423, 6.5126685 ], [ 100.4927853, 6.5116228 ], [ 100.4932106, 6.5106992 ], [ 100.4935877, 6.5098539 ], [ 100.493443, 6.5092047 ], [ 100.4938158, 6.5086384 ], [ 100.4945876, 6.5078236 ], [ 100.4952194, 6.507332 ], [ 100.4955474, 6.506737 ], [ 100.4964069, 6.5058657 ], [ 100.4973453, 6.5052862 ], [ 100.4981741, 6.5059092 ], [ 100.498595, 6.5059746 ], [ 100.4991914, 6.5066935 ], [ 100.4996694, 6.5067719 ], [ 100.4999457, 6.5062621 ], [ 100.5000991, 6.5053951 ], [ 100.4999752, 6.5045045 ], [ 100.5003543, 6.5028847 ], [ 100.5006701, 6.5021091 ], [ 100.5005297, 6.5016124 ], [ 100.5010647, 6.5008718 ], [ 100.5013191, 6.5001659 ], [ 100.5018979, 6.4995385 ], [ 100.5024241, 6.4995734 ], [ 100.5030476, 6.4991182 ], [ 100.5035862, 6.4988153 ], [ 100.5040071, 6.4991333 ], [ 100.5042133, 6.4991813 ], [ 100.5044588, 6.4990201 ], [ 100.5049149, 6.498702 ], [ 100.5055726, 6.4986584 ], [ 100.506419, 6.4988937 ], [ 100.5068882, 6.499325 ], [ 100.5071513, 6.499813 ], [ 100.5079538, 6.5005493 ], [ 100.5080853, 6.5002749 ], [ 100.5086028, 6.4998304 ], [ 100.5091334, 6.4993381 ], [ 100.5093176, 6.4989808 ], [ 100.5092693, 6.4984972 ], [ 100.5092737, 6.4981138 ], [ 100.5096552, 6.4975997 ], [ 100.509436, 6.4971335 ], [ 100.5093746, 6.4962795 ], [ 100.509892, 6.4955345 ], [ 100.5102165, 6.4946761 ], [ 100.5111242, 6.4946631 ], [ 100.5114926, 6.4942099 ], [ 100.5117689, 6.4933516 ], [ 100.511839, 6.49299 ], [ 100.5116066, 6.4922667 ], [ 100.5122512, 6.4925848 ], [ 100.5130669, 6.4928506 ], [ 100.5137948, 6.4929421 ], [ 100.514663, 6.4930989 ], [ 100.5151849, 6.4932427 ], [ 100.5157933, 6.4927046 ], [ 100.5157809, 6.4923164 ], [ 100.5162522, 6.4918543 ], [ 100.5166026, 6.4912781 ], [ 100.5168196, 6.4907451 ], [ 100.5170743, 6.4905088 ], [ 100.5176097, 6.4900654 ], [ 100.5179436, 6.4897553 ], [ 100.5186195, 6.4890364 ], [ 100.5187478, 6.4888528 ], [ 100.5187222, 6.4887508 ], [ 100.5188248, 6.4885621 ], [ 100.5190455, 6.4885366 ], [ 100.5192065, 6.4886735 ], [ 100.5193662, 6.4888574 ], [ 100.5196312, 6.4889512 ], [ 100.5199832, 6.4890053 ], [ 100.5202481, 6.4889981 ], [ 100.5203824, 6.4888863 ], [ 100.5205748, 6.4888178 ], [ 100.5207998, 6.4888466 ], [ 100.5211228, 6.4889872 ], [ 100.5211881, 6.4891495 ], [ 100.5212679, 6.4893298 ], [ 100.5213877, 6.4894777 ], [ 100.52162, 6.4895822 ], [ 100.5219285, 6.4896688 ], [ 100.522364, 6.4898202 ], [ 100.5224555, 6.489997 ], [ 100.5227224, 6.4901601 ], [ 100.5232716, 6.4903131 ], [ 100.5236719, 6.4903998 ], [ 100.5239799, 6.4903998 ], [ 100.5242622, 6.4902009 ], [ 100.524565, 6.4898236 ], [ 100.5247035, 6.4894615 ], [ 100.5249499, 6.4891912 ], [ 100.5247651, 6.4888444 ], [ 100.5246368, 6.4885895 ], [ 100.5246112, 6.4883651 ], [ 100.524606, 6.4881254 ], [ 100.5247189, 6.4879571 ], [ 100.5250064, 6.487748 ], [ 100.5251552, 6.4877174 ], [ 100.5255042, 6.4873277 ], [ 100.5257814, 6.487595 ], [ 100.5261663, 6.4879316 ], [ 100.5264281, 6.4881611 ], [ 100.5270696, 6.488411 ], [ 100.5274494, 6.4885232 ], [ 100.5279268, 6.488666 ], [ 100.5282296, 6.4886762 ], [ 100.5286504, 6.4884977 ], [ 100.5289892, 6.4883753 ], [ 100.5293793, 6.4886048 ], [ 100.5295794, 6.4887985 ], [ 100.5298361, 6.4889158 ], [ 100.5301389, 6.488926 ], [ 100.5303134, 6.4889311 ], [ 100.5305722, 6.48906 ], [ 100.5309363, 6.4892259 ], [ 100.5313305, 6.4894489 ], [ 100.5315741, 6.4896693 ], [ 100.5319957, 6.4898325 ], [ 100.5324455, 6.4896441 ], [ 100.5328156, 6.4893051 ], [ 100.5329898, 6.4892402 ], [ 100.5333237, 6.4892907 ], [ 100.5336286, 6.48937 ], [ 100.5338536, 6.4893917 ], [ 100.5339843, 6.4890022 ], [ 100.5340955, 6.488662 ], [ 100.5346898, 6.4881744 ], [ 100.5357429, 6.48719 ], [ 100.536241, 6.486945 ], [ 100.536503, 6.486876 ], [ 100.536897, 6.486841 ], [ 100.537272, 6.487014 ], [ 100.537534, 6.487291 ], [ 100.537928, 6.48807 ], [ 100.538115, 6.48826 ], [ 100.538434, 6.488416 ], [ 100.538752, 6.488468 ], [ 100.539671, 6.488398 ], [ 100.539895, 6.488502 ], [ 100.540139, 6.488727 ], [ 100.541001, 6.489938 ], [ 100.541263, 6.490163 ], [ 100.541451, 6.490769 ], [ 100.541545, 6.490942 ], [ 100.541732, 6.49108 ], [ 100.542107, 6.491184 ], [ 100.542594, 6.490838 ], [ 100.542875, 6.490526 ], [ 100.543381, 6.489782 ], [ 100.544449, 6.488502 ], [ 100.545068, 6.487845 ], [ 100.545311, 6.487533 ], [ 100.545649, 6.486841 ], [ 100.546642, 6.485734 ], [ 100.547054, 6.485076 ], [ 100.54741, 6.484748 ], [ 100.547785, 6.484557 ], [ 100.548122, 6.484471 ], [ 100.548347, 6.484471 ], [ 100.548891, 6.484748 ], [ 100.549359, 6.485267 ], [ 100.550334, 6.486045 ], [ 100.550484, 6.486357 ], [ 100.550465, 6.48653 ], [ 100.550221, 6.487291 ], [ 100.550203, 6.487551 ], [ 100.55024, 6.487776 ], [ 100.550353, 6.487966 ], [ 100.551796, 6.489281 ], [ 100.552414, 6.489973 ], [ 100.552527, 6.49025 ], [ 100.552583, 6.490544 ], [ 100.552639, 6.491271 ], [ 100.552808, 6.491444 ], [ 100.55322, 6.491651 ], [ 100.554551, 6.492015 ], [ 100.555263, 6.492257 ], [ 100.555825, 6.492568 ], [ 100.556987, 6.492776 ], [ 100.557774, 6.492672 ], [ 100.557999, 6.492689 ], [ 100.558336, 6.492897 ], [ 100.558805, 6.493312 ], [ 100.559161, 6.493503 ], [ 100.559648, 6.49371 ], [ 100.56021, 6.493831 ], [ 100.560285, 6.493901 ], [ 100.560435, 6.495025 ], [ 100.560548, 6.495302 ], [ 100.560791, 6.495613 ], [ 100.561185, 6.495821 ], [ 100.561616, 6.495925 ], [ 100.562122, 6.495976 ], [ 100.562516, 6.495959 ], [ 100.562965, 6.495803 ], [ 100.563471, 6.495475 ], [ 100.563809, 6.495094 ], [ 100.563921, 6.4948 ], [ 100.564015, 6.494264 ], [ 100.564184, 6.49371 ], [ 100.564502, 6.493156 ], [ 100.565064, 6.49198 ], [ 100.565383, 6.491582 ], [ 100.565552, 6.491288 ], [ 100.565739, 6.490752 ], [ 100.565908, 6.490631 ], [ 100.566564, 6.490406 ], [ 100.567013, 6.490163 ], [ 100.567238, 6.489921 ], [ 100.567501, 6.489541 ], [ 100.567782, 6.489039 ], [ 100.568625, 6.488139 ], [ 100.568962, 6.487949 ], [ 100.569768, 6.487707 ], [ 100.570087, 6.487551 ], [ 100.570406, 6.487309 ], [ 100.571061, 6.486461 ], [ 100.571118, 6.485457 ], [ 100.571736, 6.485059 ], [ 100.57183, 6.484869 ], [ 100.571905, 6.484471 ], [ 100.572055, 6.484229 ], [ 100.572561, 6.48371 ], [ 100.57301, 6.482706 ], [ 100.57316, 6.482603 ], [ 100.573479, 6.482533 ], [ 100.573835, 6.482585 ], [ 100.574397, 6.482776 ], [ 100.574547, 6.482758 ], [ 100.574791, 6.482135 ], [ 100.574978, 6.48198 ], [ 100.575672, 6.481824 ], [ 100.576721, 6.48172 ], [ 100.577227, 6.481495 ], [ 100.579064, 6.480405 ], [ 100.579569, 6.48018 ], [ 100.5815, 6.479713 ], [ 100.581912, 6.479557 ], [ 100.582306, 6.47928 ], [ 100.582755, 6.47871 ], [ 100.583111, 6.478623 ], [ 100.583336, 6.47864 ], [ 100.583692, 6.478485 ], [ 100.584067, 6.47826 ], [ 100.584536, 6.477862 ], [ 100.584948, 6.477706 ], [ 100.585285, 6.477706 ], [ 100.586278, 6.478087 ], [ 100.58729, 6.478381 ], [ 100.588134, 6.478485 ], [ 100.58834, 6.478606 ], [ 100.588865, 6.479107 ], [ 100.589164, 6.479177 ], [ 100.589483, 6.479159 ], [ 100.590101, 6.4789 ], [ 100.590289, 6.478675 ], [ 100.59042, 6.478433 ], [ 100.590589, 6.478329 ], [ 100.590907, 6.478312 ], [ 100.591432, 6.47838 ], [ 100.592144, 6.478311 ], [ 100.59295, 6.477965 ], [ 100.594431, 6.477619 ], [ 100.595199, 6.477377 ], [ 100.595649, 6.477117 ], [ 100.595855, 6.476944 ], [ 100.596155, 6.476097 ], [ 100.596361, 6.475716 ], [ 100.596567, 6.475509 ], [ 100.596829, 6.475439 ], [ 100.59726, 6.475405 ], [ 100.597617, 6.475284 ], [ 100.598347, 6.474938 ], [ 100.598497, 6.474782 ], [ 100.599078, 6.473432 ], [ 100.599322, 6.473034 ], [ 100.599847, 6.472342 ], [ 100.600109, 6.472083 ], [ 100.600521, 6.471443 ], [ 100.601309, 6.47063 ], [ 100.601346, 6.470457 ], [ 100.601327, 6.469955 ], [ 100.601384, 6.469695 ], [ 100.601552, 6.469505 ], [ 100.602039, 6.469194 ], [ 100.602096, 6.469003 ], [ 100.602077, 6.468519 ], [ 100.602114, 6.468415 ], [ 100.6022248, 6.4683766 ], [ 100.602264, 6.468363 ], [ 100.602658, 6.468519 ], [ 100.60337, 6.468709 ], [ 100.60397, 6.469211 ], [ 100.604045, 6.469384 ], [ 100.604063, 6.469834 ], [ 100.604157, 6.470059 ], [ 100.604326, 6.470214 ], [ 100.604382, 6.47037 ], [ 100.604363, 6.470509 ], [ 100.604251, 6.470664 ], [ 100.603989, 6.470889 ], [ 100.603989, 6.471045 ], [ 100.604157, 6.471426 ], [ 100.604551, 6.471772 ], [ 100.604813, 6.471823 ], [ 100.605132, 6.471806 ], [ 100.605507, 6.471702 ], [ 100.6059, 6.47165 ], [ 100.606294, 6.471668 ], [ 100.606668, 6.471754 ], [ 100.607381, 6.472014 ], [ 100.60783, 6.4721 ], [ 100.608093, 6.472083 ], [ 100.608261, 6.471893 ], [ 100.608636, 6.471062 ], [ 100.608842, 6.470716 ], [ 100.608974, 6.46973 ], [ 100.609049, 6.469488 ], [ 100.609199, 6.469211 ], [ 100.609761, 6.468986 ], [ 100.610098, 6.468796 ], [ 100.610735, 6.468138 ], [ 100.610941, 6.467792 ], [ 100.611709, 6.466944 ], [ 100.612084, 6.466685 ], [ 100.612646, 6.466546 ], [ 100.61364, 6.466079 ], [ 100.613827, 6.465837 ], [ 100.613902, 6.464972 ], [ 100.613808, 6.463864 ], [ 100.613808, 6.462774 ], [ 100.613846, 6.462394 ], [ 100.614014, 6.462134 ], [ 100.614352, 6.461823 ], [ 100.614727, 6.461563 ], [ 100.615514, 6.461131 ], [ 100.616732, 6.460577 ], [ 100.617444, 6.460318 ], [ 100.617838, 6.459833 ], [ 100.6181, 6.459729 ], [ 100.618363, 6.459712 ], [ 100.619056, 6.459816 ], [ 100.620105, 6.459764 ], [ 100.620574, 6.459608 ], [ 100.621698, 6.459055 ], [ 100.621942, 6.459003 ], [ 100.622579, 6.459072 ], [ 100.622991, 6.459072 ], [ 100.623385, 6.458985 ], [ 100.62584, 6.457896 ], [ 100.626252, 6.457774 ], [ 100.627133, 6.457896 ], [ 100.627676, 6.458017 ], [ 100.628201, 6.458034 ], [ 100.629494, 6.457999 ], [ 100.629794, 6.457947 ], [ 100.63015, 6.457809 ], [ 100.630338, 6.457792 ], [ 100.630544, 6.457844 ], [ 100.630956, 6.458138 ], [ 100.631668, 6.458484 ], [ 100.631856, 6.458484 ], [ 100.632118, 6.458363 ], [ 100.634292, 6.45812 ], [ 100.635154, 6.457965 ], [ 100.635754, 6.457965 ], [ 100.636391, 6.458103 ], [ 100.637178, 6.458172 ], [ 100.638752, 6.458207 ], [ 100.638996, 6.458086 ], [ 100.639108, 6.457965 ], [ 100.639389, 6.457913 ], [ 100.639652, 6.457965 ], [ 100.63997, 6.457947 ], [ 100.640326, 6.457878 ], [ 100.640645, 6.457878 ], [ 100.641001, 6.457965 ], [ 100.642482, 6.458536 ], [ 100.642838, 6.45857 ], [ 100.643587, 6.458536 ], [ 100.645049, 6.458657 ], [ 100.645705, 6.458657 ], [ 100.646042, 6.458553 ], [ 100.646324, 6.458397 ], [ 100.646511, 6.458172 ], [ 100.646586, 6.456979 ], [ 100.646792, 6.456252 ], [ 100.646736, 6.456027 ], [ 100.64653, 6.455612 ], [ 100.646024, 6.455006 ], [ 100.645986, 6.454851 ], [ 100.646005, 6.454574 ], [ 100.646099, 6.45421 ], [ 100.646099, 6.453709 ], [ 100.645986, 6.453311 ], [ 100.644431, 6.451304 ], [ 100.644056, 6.450958 ], [ 100.642688, 6.450438 ], [ 100.642575, 6.450231 ], [ 100.642557, 6.450006 ], [ 100.642688, 6.449764 ], [ 100.643363, 6.448916 ], [ 100.643606, 6.448899 ], [ 100.644524, 6.449002 ], [ 100.645105, 6.448899 ], [ 100.645649, 6.448639 ], [ 100.645818, 6.448449 ], [ 100.646061, 6.448051 ], [ 100.64608, 6.44786 ], [ 100.645893, 6.446995 ], [ 100.645968, 6.446788 ], [ 100.646249, 6.446494 ], [ 100.646567, 6.446321 ], [ 100.646923, 6.446286 ], [ 100.647561, 6.446321 ], [ 100.649022, 6.446528 ], [ 100.649341, 6.446424 ], [ 100.649903, 6.446096 ], [ 100.65039, 6.44575 ], [ 100.650859, 6.445161 ], [ 100.651102, 6.444763 ], [ 100.65129, 6.44421 ], [ 100.651309, 6.443846 ], [ 100.651271, 6.443431 ], [ 100.651365, 6.44312 ], [ 100.651533, 6.442843 ], [ 100.651796, 6.442635 ], [ 100.652058, 6.442584 ], [ 100.652583, 6.442584 ], [ 100.652939, 6.442757 ], [ 100.653688, 6.443276 ], [ 100.654326, 6.443847 ], [ 100.656462, 6.445179 ], [ 100.656668, 6.445438 ], [ 100.656818, 6.445698 ], [ 100.656931, 6.446027 ], [ 100.65723, 6.446477 ], [ 100.65753, 6.446892 ], [ 100.658167, 6.447618 ], [ 100.658448, 6.447895 ], [ 100.659161, 6.448293 ], [ 100.65976, 6.448899 ], [ 100.660547, 6.449401 ], [ 100.660998, 6.449764 ], [ 100.661204, 6.449972 ], [ 100.661372, 6.450283 ], [ 100.661803, 6.45075 ], [ 100.662141, 6.450992 ], [ 100.662366, 6.451027 ], [ 100.663659, 6.450698 ], [ 100.664165, 6.450508 ], [ 100.664446, 6.450491 ], [ 100.664633, 6.450612 ], [ 100.665102, 6.451079 ], [ 100.665514, 6.451338 ], [ 100.665851, 6.451477 ], [ 100.666189, 6.451425 ], [ 100.666451, 6.451183 ], [ 100.666901, 6.451131 ], [ 100.667332, 6.451165 ], [ 100.668756, 6.45146 ], [ 100.669056, 6.451684 ], [ 100.669449, 6.451857 ], [ 100.669787, 6.451875 ], [ 100.670162, 6.451736 ], [ 100.670667, 6.451633 ], [ 100.671117, 6.451667 ], [ 100.672466, 6.451892 ], [ 100.67286, 6.452031 ], [ 100.67316, 6.452221 ], [ 100.673703, 6.452688 ], [ 100.674434, 6.452792 ], [ 100.674903, 6.452982 ], [ 100.675652, 6.453069 ], [ 100.676008, 6.453224 ], [ 100.676383, 6.453259 ], [ 100.677152, 6.45319 ], [ 100.677601, 6.453259 ], [ 100.677958, 6.45338 ], [ 100.678164, 6.453657 ], [ 100.678576, 6.453968 ], [ 100.679101, 6.454072 ], [ 100.679326, 6.454038 ], [ 100.680132, 6.453536 ], [ 100.6806, 6.45338 ], [ 100.682268, 6.453224 ], [ 100.68283, 6.453207 ], [ 100.68343, 6.453259 ], [ 100.684404, 6.453501 ], [ 100.684742, 6.453657 ], [ 100.684892, 6.453847 ], [ 100.684967, 6.454141 ], [ 100.684967, 6.454384 ], [ 100.684648, 6.455266 ], [ 100.683898, 6.456511 ], [ 100.683917, 6.456702 ], [ 100.684086, 6.456979 ], [ 100.684461, 6.457446 ], [ 100.684517, 6.457861 ], [ 100.684461, 6.458276 ], [ 100.684554, 6.458795 ], [ 100.684686, 6.459107 ], [ 100.684761, 6.459609 ], [ 100.684761, 6.459972 ], [ 100.684854, 6.460266 ], [ 100.685042, 6.460456 ], [ 100.685342, 6.460664 ], [ 100.68551, 6.460872 ], [ 100.685641, 6.461148 ], [ 100.685848, 6.461373 ], [ 100.686503, 6.461668 ], [ 100.686578, 6.461892 ], [ 100.686691, 6.462533 ], [ 100.686578, 6.46274 ], [ 100.686279, 6.463086 ], [ 100.68611, 6.463207 ], [ 100.685923, 6.463259 ], [ 100.685735, 6.463536 ], [ 100.685716, 6.463761 ], [ 100.685829, 6.463969 ], [ 100.686391, 6.464712 ], [ 100.686466, 6.464903 ], [ 100.686672, 6.465145 ], [ 100.686935, 6.465231 ], [ 100.687459, 6.465283 ], [ 100.68834, 6.465093 ], [ 100.688471, 6.464989 ], [ 100.688696, 6.464903 ], [ 100.688996, 6.464868 ], [ 100.68984, 6.465151 ], [ 100.6902763, 6.4650778 ], [ 100.6904177, 6.4650738 ], [ 100.6904466, 6.4650501 ], [ 100.6904832, 6.4650466 ], [ 100.69051, 6.4650662 ], [ 100.6905093, 6.4650928 ], [ 100.6905253, 6.4651134 ], [ 100.6906608, 6.465155 ], [ 100.6907584, 6.4651431 ], [ 100.690874, 6.4651589 ], [ 100.6911116, 6.4652203 ], [ 100.6912969, 6.4652164 ], [ 100.6914822, 6.4652382 ], [ 100.6917292, 6.4652599 ], [ 100.692028, 6.4653371 ], [ 100.6920878, 6.4653648 ], [ 100.6921994, 6.465347 ], [ 100.6924684, 6.465353 ], [ 100.6925998, 6.4653827 ], [ 100.6927672, 6.4652263 ], [ 100.692988, 6.465076 ], [ 100.693663, 6.464453 ], [ 100.6937514, 6.4642998 ], [ 100.694118, 6.464672 ], [ 100.694379, 6.4647551 ], [ 100.694636, 6.4648719 ], [ 100.6949149, 6.4649412 ], [ 100.6951161, 6.464963 ], [ 100.695312, 6.465093 ], [ 100.6955027, 6.4653173 ], [ 100.6955066, 6.4653827 ], [ 100.695443, 6.465612 ], [ 100.6955943, 6.4657093 ], [ 100.6958971, 6.4658261 ], [ 100.6962079, 6.4658598 ], [ 100.6967319, 6.4658499 ], [ 100.6968495, 6.4658677 ], [ 100.6970746, 6.465931 ], [ 100.6975548, 6.4660538 ], [ 100.6976344, 6.4661013 ], [ 100.6975886, 6.4666873 ], [ 100.6976344, 6.466814 ], [ 100.6976663, 6.4669703 ], [ 100.6975966, 6.4670852 ], [ 100.6975129, 6.4672138 ], [ 100.6974651, 6.4673465 ], [ 100.6973874, 6.4676771 ], [ 100.6973276, 6.4680492 ], [ 100.6973276, 6.4683759 ], [ 100.6973834, 6.4685719 ], [ 100.6974711, 6.4687679 ], [ 100.697499, 6.4688411 ], [ 100.6974751, 6.4689599 ], [ 100.6974073, 6.4690608 ], [ 100.6973495, 6.4691895 ], [ 100.6971463, 6.46973 ], [ 100.6972997, 6.4702704 ], [ 100.6974213, 6.4705416 ], [ 100.6976603, 6.4707772 ], [ 100.6978357, 6.4709197 ], [ 100.6981345, 6.4711216 ], [ 100.6985828, 6.4714136 ], [ 100.6986177, 6.4714255 ], [ 100.6986794, 6.47138 ], [ 100.6986565, 6.4713295 ], [ 100.6986475, 6.4712879 ], [ 100.6986605, 6.4712662 ], [ 100.6987003, 6.4712959 ], [ 100.6987521, 6.4713255 ], [ 100.6989155, 6.4712345 ], [ 100.6989265, 6.4711761 ], [ 100.6989803, 6.4711771 ], [ 100.6991456, 6.4710108 ], [ 100.6992104, 6.4709623 ], [ 100.6992642, 6.4708772 ], [ 100.699313, 6.4708108 ], [ 100.6994584, 6.4706802 ], [ 100.6996059, 6.4706359 ], [ 100.6998961, 6.4705841 ], [ 100.7000961, 6.4705547 ], [ 100.7002427, 6.4705029 ], [ 100.7003807, 6.4705435 ], [ 100.7007462, 6.4705633 ], [ 100.7010331, 6.4705415 ], [ 100.7012244, 6.4705277 ], [ 100.7013678, 6.4704703 ], [ 100.7017344, 6.4702386 ], [ 100.7028296, 6.469897 ], [ 100.7028946, 6.4698352 ], [ 100.7029721, 6.4698301 ], [ 100.7030698, 6.4698404 ], [ 100.7032688, 6.4698432 ], [ 100.7034165, 6.4697675 ], [ 100.7035242, 6.4697738 ], [ 100.7035924, 6.4698418 ], [ 100.7036914, 6.4699209 ], [ 100.7038997, 6.4700614 ], [ 100.7043706, 6.4703911 ], [ 100.7051553, 6.4708047 ], [ 100.7055895, 6.4709973 ], [ 100.705675, 6.470958 ], [ 100.705919, 6.470785 ], [ 100.706612, 6.470526 ], [ 100.707174, 6.470387 ], [ 100.707699, 6.470353 ], [ 100.7083973, 6.4704332 ], [ 100.708842, 6.470595 ], [ 100.709385, 6.470872 ], [ 100.709573, 6.471149 ], [ 100.709704, 6.471495 ], [ 100.70976, 6.471823 ], [ 100.709873, 6.472844 ], [ 100.709835, 6.473104 ], [ 100.709554, 6.473744 ], [ 100.709535, 6.474038 ], [ 100.709592, 6.47428 ], [ 100.70994, 6.4747238 ], [ 100.7100843, 6.4749206 ], [ 100.7101202, 6.4750698 ], [ 100.7100828, 6.475361 ], [ 100.7100502, 6.4755146 ], [ 100.7100459, 6.4759684 ], [ 100.7101823, 6.4762948 ], [ 100.7102807, 6.4764332 ], [ 100.7102816, 6.4765137 ], [ 100.7102827, 6.4766119 ], [ 100.7104646, 6.4767959 ], [ 100.710679, 6.477447 ], [ 100.71096, 6.477948 ], [ 100.711054, 6.47826 ], [ 100.711129, 6.479419 ], [ 100.71126, 6.479696 ], [ 100.711766, 6.480249 ], [ 100.711897, 6.480595 ], [ 100.712216, 6.481772 ], [ 100.712384, 6.481927 ], [ 100.712703, 6.482066 ], [ 100.714221, 6.482291 ], [ 100.714408, 6.482447 ], [ 100.714615, 6.483069 ], [ 100.714839, 6.483312 ], [ 100.715158, 6.483554 ], [ 100.715776, 6.483848 ], [ 100.716189, 6.483865 ], [ 100.71647, 6.484055 ], [ 100.717875, 6.485232 ], [ 100.718269, 6.485405 ], [ 100.718606, 6.48544 ], [ 100.718887, 6.485544 ], [ 100.719524, 6.486357 ], [ 100.719674, 6.486616 ], [ 100.71958, 6.487187 ], [ 100.719599, 6.48743 ], [ 100.719955, 6.487481 ], [ 100.720068, 6.487689 ], [ 100.720049, 6.488208 ], [ 100.72018, 6.488952 ], [ 100.720161, 6.490319 ], [ 100.720236, 6.490838 ], [ 100.720461, 6.491271 ], [ 100.721548, 6.492118 ], [ 100.721605, 6.492361 ], [ 100.721923, 6.492984 ], [ 100.722841, 6.494437 ], [ 100.723441, 6.495216 ], [ 100.723704, 6.495354 ], [ 100.72391, 6.495337 ], [ 100.72421, 6.495267 ], [ 100.724697, 6.49506 ], [ 100.725109, 6.494973 ], [ 100.72554, 6.494973 ], [ 100.725952, 6.495112 ], [ 100.726533, 6.495181 ], [ 100.726946, 6.495077 ], [ 100.727208, 6.494921 ], [ 100.727714, 6.494766 ], [ 100.729195, 6.495025 ], [ 100.729326, 6.495146 ], [ 100.729382, 6.495319 ], [ 100.72942, 6.495769 ], [ 100.729963, 6.496496 ], [ 100.730038, 6.496703 ], [ 100.730169, 6.496824 ], [ 100.73075, 6.497118 ], [ 100.730825, 6.49724 ], [ 100.730844, 6.497378 ], [ 100.73075, 6.497482 ], [ 100.7306, 6.497862 ], [ 100.730694, 6.498641 ], [ 100.730656, 6.49897 ], [ 100.730263, 6.499818 ], [ 100.729888, 6.500319 ], [ 100.729569, 6.500492 ], [ 100.7294, 6.500631 ], [ 100.729325, 6.500769 ], [ 100.7294, 6.500873 ], [ 100.729625, 6.501029 ], [ 100.729906, 6.501132 ], [ 100.730431, 6.501219 ], [ 100.731087, 6.501479 ], [ 100.731312, 6.501669 ], [ 100.731387, 6.50179 ], [ 100.731387, 6.501946 ], [ 100.731593, 6.502344 ], [ 100.731612, 6.502551 ], [ 100.731537, 6.502811 ], [ 100.73105, 6.503278 ], [ 100.7309, 6.503485 ], [ 100.730431, 6.504783 ], [ 100.730337, 6.505129 ], [ 100.730356, 6.505354 ], [ 100.730562, 6.505458 ], [ 100.731181, 6.505458 ], [ 100.731762, 6.505613 ], [ 100.732511, 6.505458 ], [ 100.732811, 6.50544 ], [ 100.73298, 6.505475 ], [ 100.733167, 6.505579 ], [ 100.73328, 6.505769 ], [ 100.733392, 6.506703 ], [ 100.733655, 6.507361 ], [ 100.733692, 6.507655 ], [ 100.733673, 6.507914 ], [ 100.733748, 6.508105 ], [ 100.733992, 6.508312 ], [ 100.734086, 6.508606 ], [ 100.734217, 6.509177 ], [ 100.734311, 6.510094 ], [ 100.734385, 6.510302 ], [ 100.73461, 6.510406 ], [ 100.734966, 6.510423 ], [ 100.735491, 6.510112 ], [ 100.735941, 6.509904 ], [ 100.736297, 6.509904 ], [ 100.736972, 6.509991 ], [ 100.738302, 6.510388 ], [ 100.73849, 6.510423 ], [ 100.73864, 6.510354 ], [ 100.738827, 6.509523 ], [ 100.738771, 6.508918 ], [ 100.738808, 6.508728 ], [ 100.739015, 6.508468 ], [ 100.739595, 6.507914 ], [ 100.739727, 6.507672 ], [ 100.739877, 6.507534 ], [ 100.740495, 6.507465 ], [ 100.741039, 6.507049 ], [ 100.741114, 6.506911 ], [ 100.741076, 6.506409 ], [ 100.74117, 6.506132 ], [ 100.741245, 6.505492 ], [ 100.740907, 6.503797 ], [ 100.740907, 6.503451 ], [ 100.741001, 6.503312 ], [ 100.741301, 6.503036 ], [ 100.741395, 6.502863 ], [ 100.741545, 6.502344 ], [ 100.741582, 6.501998 ], [ 100.741882, 6.501271 ], [ 100.742051, 6.501132 ], [ 100.743138, 6.50089 ], [ 100.7434, 6.500786 ], [ 100.743569, 6.500613 ], [ 100.743625, 6.500371 ], [ 100.743587, 6.50006 ], [ 100.743625, 6.499575 ], [ 100.74355, 6.499125 ], [ 100.743587, 6.498329 ], [ 100.743513, 6.498105 ], [ 100.743363, 6.497914 ], [ 100.742332, 6.497395 ], [ 100.742051, 6.497188 ], [ 100.741976, 6.496928 ], [ 100.741845, 6.496236 ], [ 100.742201, 6.495648 ], [ 100.742238, 6.49544 ], [ 100.742201, 6.495163 ], [ 100.741845, 6.494835 ], [ 100.741507, 6.494385 ], [ 100.740945, 6.493866 ], [ 100.740364, 6.492949 ], [ 100.740083, 6.492637 ], [ 100.739371, 6.492066 ], [ 100.739183, 6.491824 ], [ 100.73909, 6.491599 ], [ 100.739071, 6.49134 ], [ 100.739221, 6.490942 ], [ 100.739127, 6.490751 ], [ 100.739127, 6.490492 ], [ 100.739258, 6.489713 ], [ 100.739183, 6.489108 ], [ 100.73924, 6.488866 ], [ 100.739821, 6.488433 ], [ 100.740045, 6.488173 ], [ 100.740102, 6.487862 ], [ 100.73997, 6.486911 ], [ 100.739952, 6.486651 ], [ 100.739989, 6.486478 ], [ 100.740158, 6.486322 ], [ 100.740402, 6.485994 ], [ 100.741001, 6.485423 ], [ 100.741039, 6.485198 ], [ 100.741151, 6.485007 ], [ 100.742201, 6.484402 ], [ 100.742519, 6.484194 ], [ 100.742688, 6.484004 ], [ 100.742744, 6.483727 ], [ 100.742763, 6.483277 ], [ 100.74265, 6.482568 ], [ 100.742669, 6.48236 ], [ 100.742725, 6.482152 ], [ 100.743025, 6.481841 ], [ 100.743081, 6.48172 ], [ 100.743194, 6.481045 ], [ 100.743494, 6.480215 ], [ 100.743662, 6.479903 ], [ 100.743737, 6.479592 ], [ 100.743681, 6.479246 ], [ 100.743306, 6.478588 ], [ 100.743213, 6.478191 ], [ 100.743213, 6.477637 ], [ 100.743306, 6.477187 ], [ 100.743513, 6.476997 ], [ 100.743962, 6.476443 ], [ 100.744037, 6.476183 ], [ 100.743962, 6.475854 ], [ 100.743625, 6.47492 ], [ 100.743644, 6.474591 ], [ 100.743587, 6.47428 ], [ 100.743306, 6.473709 ], [ 100.743213, 6.47338 ], [ 100.743231, 6.473138 ], [ 100.743306, 6.472913 ], [ 100.743681, 6.472463 ], [ 100.743887, 6.472152 ], [ 100.743944, 6.471961 ], [ 100.743925, 6.471667 ], [ 100.7437, 6.471114 ], [ 100.7437, 6.470871 ], [ 100.743925, 6.47037 ], [ 100.74445, 6.469833 ], [ 100.744693, 6.469505 ], [ 100.745049, 6.468831 ], [ 100.745612, 6.468363 ], [ 100.746043, 6.468225 ], [ 100.746192, 6.468069 ], [ 100.746586, 6.46736 ], [ 100.746773, 6.46646 ], [ 100.746867, 6.466356 ], [ 100.747036, 6.466304 ], [ 100.747223, 6.466183 ], [ 100.747261, 6.466097 ], [ 100.747298, 6.465785 ], [ 100.747261, 6.464816 ], [ 100.747317, 6.464574 ], [ 100.747617, 6.464194 ], [ 100.747823, 6.464021 ], [ 100.748123, 6.463553 ], [ 100.748685, 6.462931 ], [ 100.749566, 6.462187 ], [ 100.749959, 6.462048 ], [ 100.750174, 6.461804 ], [ 100.75035, 6.461587 ], [ 100.750409, 6.461262 ], [ 100.750526, 6.460992 ], [ 100.750995, 6.460369 ], [ 100.751376, 6.460018 ], [ 100.751699, 6.459801 ], [ 100.752109, 6.459287 ], [ 100.752373, 6.459043 ], [ 100.752754, 6.458367 ], [ 100.753164, 6.457799 ], [ 100.753545, 6.457474 ], [ 100.754366, 6.457122 ], [ 100.754806, 6.457095 ], [ 100.755275, 6.457149 ], [ 100.755832, 6.457474 ], [ 100.756154, 6.457474 ], [ 100.756359, 6.457203 ], [ 100.756975, 6.456608 ], [ 100.757356, 6.456175 ], [ 100.75759, 6.455823 ], [ 100.757737, 6.455742 ], [ 100.757854, 6.455742 ], [ 100.758001, 6.455877 ], [ 100.758206, 6.456229 ], [ 100.758734, 6.456689 ], [ 100.758851, 6.456824 ], [ 100.759027, 6.457203 ], [ 100.759437, 6.45723 ], [ 100.759818, 6.457122 ], [ 100.760229, 6.45677 ], [ 100.761782, 6.456094 ], [ 100.762134, 6.456013 ], [ 100.762749, 6.456121 ], [ 100.763072, 6.456121 ], [ 100.763512, 6.455986 ], [ 100.763893, 6.455796 ], [ 100.764215, 6.455769 ], [ 100.764625, 6.455769 ], [ 100.765358, 6.45585 ], [ 100.765446, 6.455769 ], [ 100.765534, 6.455525 ], [ 100.765974, 6.455174 ], [ 100.767029, 6.455038 ], [ 100.767293, 6.455038 ], [ 100.76785, 6.455255 ], [ 100.768964, 6.455309 ], [ 100.769433, 6.455525 ], [ 100.769697, 6.455715 ], [ 100.770078, 6.456229 ], [ 100.770195, 6.456473 ], [ 100.770341, 6.456527 ], [ 100.770752, 6.456527 ], [ 100.770986, 6.456581 ], [ 100.771631, 6.456824 ], [ 100.772042, 6.457176 ], [ 100.772276, 6.457528 ], [ 100.772599, 6.45769 ], [ 100.772804, 6.457907 ], [ 100.773595, 6.459043 ], [ 100.774181, 6.45972 ], [ 100.774914, 6.460207 ], [ 100.776263, 6.462318 ], [ 100.776292, 6.46267 ], [ 100.77638, 6.462913 ], [ 100.776497, 6.463048 ], [ 100.776614, 6.462994 ], [ 100.776702, 6.462751 ], [ 100.777259, 6.461993 ], [ 100.77808, 6.461506 ], [ 100.778315, 6.461317 ], [ 100.778989, 6.45972 ], [ 100.779223, 6.459422 ], [ 100.78022, 6.458421 ], [ 100.780542, 6.45769 ], [ 100.780777, 6.457014 ], [ 100.781246, 6.457068 ], [ 100.78148, 6.457041 ], [ 100.782389, 6.456418 ], [ 100.78236, 6.456283 ], [ 100.782096, 6.455877 ], [ 100.781949, 6.455498 ], [ 100.781715, 6.455147 ], [ 100.781715, 6.454849 ], [ 100.781773, 6.454524 ], [ 100.78192, 6.454416 ], [ 100.782184, 6.454335 ], [ 100.782535, 6.454281 ], [ 100.784206, 6.453848 ], [ 100.785174, 6.453875 ], [ 100.785672, 6.454281 ], [ 100.786082, 6.454497 ], [ 100.78705, 6.454632 ], [ 100.787284, 6.454497 ], [ 100.787519, 6.454308 ], [ 100.787694, 6.454064 ], [ 100.787694, 6.453821 ], [ 100.787812, 6.453577 ], [ 100.788457, 6.453117 ], [ 100.788603, 6.452955 ], [ 100.788955, 6.452846 ], [ 100.789043, 6.452711 ], [ 100.789131, 6.452008 ], [ 100.789219, 6.451872 ], [ 100.789277, 6.451629 ], [ 100.789248, 6.450303 ], [ 100.789805, 6.44968 ], [ 100.790303, 6.449383 ], [ 100.791036, 6.449166 ], [ 100.791476, 6.448679 ], [ 100.791534, 6.448327 ], [ 100.79174, 6.448219 ], [ 100.792062, 6.448192 ], [ 100.792502, 6.448057 ], [ 100.792648, 6.447894 ], [ 100.792854, 6.447813 ], [ 100.793147, 6.447813 ], [ 100.79385, 6.448003 ], [ 100.794114, 6.447975 ], [ 100.794436, 6.44784 ], [ 100.7947, 6.447488 ], [ 100.794935, 6.447407 ], [ 100.795316, 6.447542 ], [ 100.795873, 6.447624 ], [ 100.796693, 6.447434 ], [ 100.797309, 6.447083 ], [ 100.797572, 6.447029 ], [ 100.798452, 6.447029 ], [ 100.798774, 6.446948 ], [ 100.799067, 6.446623 ], [ 100.799302, 6.446623 ], [ 100.800621, 6.446352 ], [ 100.801383, 6.446352 ], [ 100.801588, 6.446271 ], [ 100.801911, 6.445838 ], [ 100.802087, 6.445757 ], [ 100.802262, 6.445757 ], [ 100.802643, 6.445973 ], [ 100.802966, 6.446055 ], [ 100.80323, 6.446082 ], [ 100.803523, 6.446001 ], [ 100.80493, 6.445162 ], [ 100.80578, 6.445053 ], [ 100.806219, 6.444891 ], [ 100.806923, 6.444485 ], [ 100.807245, 6.444215 ], [ 100.807451, 6.443917 ], [ 100.807714, 6.443809 ], [ 100.808535, 6.443998 ], [ 100.809942, 6.444485 ], [ 100.810235, 6.444539 ], [ 100.810528, 6.444512 ], [ 100.810792, 6.44435 ], [ 100.811642, 6.443646 ], [ 100.81258, 6.442185 ], [ 100.812785, 6.441319 ], [ 100.812785, 6.441102 ], [ 100.812668, 6.44094 ], [ 100.812375, 6.440697 ], [ 100.812316, 6.440534 ], [ 100.812316, 6.440237 ], [ 100.812404, 6.439993 ], [ 100.813342, 6.438748 ], [ 100.813401, 6.438451 ], [ 100.813372, 6.437774 ], [ 100.813254, 6.437152 ], [ 100.812961, 6.436556 ], [ 100.812991, 6.436313 ], [ 100.813078, 6.436096 ], [ 100.813372, 6.435799 ], [ 100.813723, 6.435609 ], [ 100.814134, 6.435474 ], [ 100.814456, 6.435311 ], [ 100.814749, 6.435041 ], [ 100.815042, 6.434391 ], [ 100.815423, 6.432957 ], [ 100.815306, 6.432714 ], [ 100.814984, 6.432308 ], [ 100.814603, 6.432064 ], [ 100.814397, 6.431848 ], [ 100.814251, 6.431388 ], [ 100.814104, 6.430684 ], [ 100.81428, 6.43044 ], [ 100.814603, 6.430197 ], [ 100.814691, 6.430007 ], [ 100.81472, 6.428817 ], [ 100.814837, 6.428411 ], [ 100.815892, 6.427355 ], [ 100.816215, 6.427166 ], [ 100.816742, 6.427058 ], [ 100.816772, 6.426841 ], [ 100.816742, 6.426544 ], [ 100.816537, 6.425732 ], [ 100.816449, 6.424676 ], [ 100.816332, 6.424271 ], [ 100.816098, 6.423865 ], [ 100.81601, 6.423621 ], [ 100.81601, 6.423323 ], [ 100.816098, 6.423134 ], [ 100.816479, 6.422701 ], [ 100.817592, 6.422079 ], [ 100.81812, 6.421646 ], [ 100.818589, 6.421402 ], [ 100.818765, 6.421213 ], [ 100.818911, 6.420834 ], [ 100.819, 6.420347 ], [ 100.819176, 6.419968 ], [ 100.819469, 6.419589 ], [ 100.819703, 6.4194 ], [ 100.81982, 6.419075 ], [ 100.819938, 6.418453 ], [ 100.820612, 6.417587 ], [ 100.820876, 6.416829 ], [ 100.821198, 6.416288 ], [ 100.821374, 6.415422 ], [ 100.821814, 6.414718 ], [ 100.821872, 6.414096 ], [ 100.821784, 6.412526 ], [ 100.821843, 6.411417 ], [ 100.822019, 6.409982 ], [ 100.822195, 6.409712 ], [ 100.823221, 6.408602 ], [ 100.823367, 6.408196 ], [ 100.82366, 6.407655 ], [ 100.823836, 6.407006 ], [ 100.823924, 6.40687 ], [ 100.823865, 6.406654 ], [ 100.823895, 6.406113 ], [ 100.8241, 6.405003 ], [ 100.823983, 6.404056 ], [ 100.823865, 6.403758 ], [ 100.823103, 6.403271 ], [ 100.822605, 6.402892 ], [ 100.822371, 6.402649 ], [ 100.821696, 6.402162 ], [ 100.82152, 6.401918 ], [ 100.821433, 6.401702 ], [ 100.821403, 6.401404 ], [ 100.82155, 6.400836 ], [ 100.821491, 6.399753 ], [ 100.821257, 6.399158 ], [ 100.821462, 6.398562 ], [ 100.821491, 6.398211 ], [ 100.821374, 6.397967 ], [ 100.821374, 6.397696 ], [ 100.82155, 6.397426 ], [ 100.821902, 6.395965 ], [ 100.822019, 6.395288 ], [ 100.822253, 6.395017 ], [ 100.822195, 6.393719 ], [ 100.822019, 6.39269 ], [ 100.821814, 6.392176 ], [ 100.821784, 6.391635 ], [ 100.821814, 6.391418 ], [ 100.822077, 6.391175 ], [ 100.822283, 6.390904 ], [ 100.822634, 6.38993 ], [ 100.822693, 6.387359 ], [ 100.822576, 6.386628 ], [ 100.822546, 6.386141 ], [ 100.822605, 6.385817 ], [ 100.82281, 6.385546 ], [ 100.823103, 6.38533 ], [ 100.823572, 6.385113 ], [ 100.823983, 6.38487 ], [ 100.824217, 6.38468 ], [ 100.824276, 6.384409 ], [ 100.824246, 6.382136 ], [ 100.824071, 6.380378 ], [ 100.823572, 6.379809 ], [ 100.823221, 6.379187 ], [ 100.823015, 6.378727 ], [ 100.822957, 6.378375 ], [ 100.822927, 6.377509 ], [ 100.82284, 6.377185 ], [ 100.822605, 6.376752 ], [ 100.822224, 6.376508 ], [ 100.822077, 6.376319 ], [ 100.821755, 6.375155 ], [ 100.821169, 6.374343 ], [ 100.821139, 6.37391 ], [ 100.821257, 6.372584 ], [ 100.821462, 6.372151 ], [ 100.822136, 6.370988 ], [ 100.822165, 6.370717 ], [ 100.822077, 6.370446 ], [ 100.821784, 6.370149 ], [ 100.821345, 6.369878 ], [ 100.820905, 6.369743 ], [ 100.820758, 6.369445 ], [ 100.8207, 6.368876 ], [ 100.820729, 6.368362 ], [ 100.821491, 6.366928 ], [ 100.82196, 6.366468 ], [ 100.822107, 6.366008 ], [ 100.822253, 6.365304 ], [ 100.822224, 6.36479 ], [ 100.822136, 6.364249 ], [ 100.822195, 6.363897 ], [ 100.822341, 6.363247 ], [ 100.822605, 6.362869 ], [ 100.822664, 6.362571 ], [ 100.822488, 6.362003 ], [ 100.822429, 6.361624 ], [ 100.822517, 6.361326 ], [ 100.822546, 6.360623 ], [ 100.822341, 6.360271 ], [ 100.821931, 6.359324 ], [ 100.821784, 6.358864 ], [ 100.821814, 6.357971 ], [ 100.821755, 6.357456 ], [ 100.821755, 6.356834 ], [ 100.821814, 6.356482 ], [ 100.822547, 6.35521 ], [ 100.822781, 6.35521 ], [ 100.823045, 6.355345 ], [ 100.823397, 6.355372 ], [ 100.824012, 6.355291 ], [ 100.824276, 6.3554 ], [ 100.824657, 6.355481 ], [ 100.824862, 6.355372 ], [ 100.824979, 6.354967 ], [ 100.825126, 6.354804 ], [ 100.825536, 6.354479 ], [ 100.826093, 6.354128 ], [ 100.826298, 6.353857 ], [ 100.826592, 6.353316 ], [ 100.827178, 6.352423 ], [ 100.827764, 6.352288 ], [ 100.827911, 6.352098 ], [ 100.828086, 6.351395 ], [ 100.828262, 6.350962 ], [ 100.828497, 6.350637 ], [ 100.828526, 6.35042 ], [ 100.828292, 6.349825 ], [ 100.828233, 6.3495 ], [ 100.828526, 6.34812 ], [ 100.828731, 6.347444 ], [ 100.829142, 6.347065 ], [ 100.829581, 6.346524 ], [ 100.829669, 6.346469 ], [ 100.829992, 6.346442 ], [ 100.83005, 6.346605 ], [ 100.830256, 6.346659 ], [ 100.830519, 6.346605 ], [ 100.830783, 6.346388 ], [ 100.831428, 6.345549 ], [ 100.831868, 6.344386 ], [ 100.832484, 6.343168 ], [ 100.833011, 6.342437 ], [ 100.833685, 6.342032 ], [ 100.83433, 6.341003 ], [ 100.835034, 6.339569 ], [ 100.835591, 6.338947 ], [ 100.835766, 6.338622 ], [ 100.835972, 6.33781 ], [ 100.836001, 6.337323 ], [ 100.836235, 6.336484 ], [ 100.836235, 6.336213 ], [ 100.836382, 6.335916 ], [ 100.836734, 6.335429 ], [ 100.837115, 6.335131 ], [ 100.837467, 6.334752 ], [ 100.837936, 6.333832 ], [ 100.838141, 6.332641 ], [ 100.838434, 6.332019 ], [ 100.838463, 6.331559 ], [ 100.838434, 6.331072 ], [ 100.838551, 6.330774 ], [ 100.838991, 6.330368 ], [ 100.839255, 6.329962 ], [ 100.839284, 6.328962 ], [ 100.839372, 6.328583 ], [ 100.84028, 6.327934 ], [ 100.840456, 6.327717 ], [ 100.840691, 6.32723 ], [ 100.840456, 6.326418 ], [ 100.840368, 6.325904 ], [ 100.840193, 6.325525 ], [ 100.840163, 6.325282 ], [ 100.840603, 6.323928 ], [ 100.840456, 6.32355 ], [ 100.840134, 6.323225 ], [ 100.840193, 6.322981 ], [ 100.840398, 6.322602 ], [ 100.84072, 6.322197 ], [ 100.841482, 6.32198 ], [ 100.841951, 6.321791 ], [ 100.842215, 6.321574 ], [ 100.842625, 6.320952 ], [ 100.8433, 6.320411 ], [ 100.843827, 6.319842 ], [ 100.844267, 6.319626 ], [ 100.845058, 6.318489 ], [ 100.845527, 6.317894 ], [ 100.845674, 6.317515 ], [ 100.846407, 6.316893 ], [ 100.846758, 6.316162 ], [ 100.847579, 6.315594 ], [ 100.848077, 6.315404 ], [ 100.848341, 6.315458 ], [ 100.848634, 6.315431 ], [ 100.848869, 6.31535 ], [ 100.849133, 6.314646 ], [ 100.849133, 6.314295 ], [ 100.848927, 6.313997 ], [ 100.848869, 6.313699 ], [ 100.848898, 6.31332 ], [ 100.849162, 6.312752 ], [ 100.848986, 6.3124 ], [ 100.849309, 6.310208 ], [ 100.849484, 6.309802 ], [ 100.849865, 6.309315 ], [ 100.849983, 6.308991 ], [ 100.849924, 6.30872 ], [ 100.849719, 6.308558 ], [ 100.849309, 6.308666 ], [ 100.848781, 6.308936 ], [ 100.848341, 6.309261 ], [ 100.848019, 6.309424 ], [ 100.847521, 6.309559 ], [ 100.847052, 6.309505 ], [ 100.846641, 6.309369 ], [ 100.845117, 6.309234 ], [ 100.844677, 6.309045 ], [ 100.843065, 6.308152 ], [ 100.842772, 6.307935 ], [ 100.842391, 6.307096 ], [ 100.842127, 6.306799 ], [ 100.841922, 6.306636 ], [ 100.841834, 6.306339 ], [ 100.841775, 6.30577 ], [ 100.841775, 6.304147 ], [ 100.841951, 6.303687 ], [ 100.842039, 6.302631 ], [ 100.84201, 6.302361 ], [ 100.841687, 6.301846 ], [ 100.8414997, 6.3014153 ], [ 100.841512, 6.30117 ], [ 100.841541, 6.300764 ], [ 100.841306, 6.300412 ], [ 100.8411217, 6.3002416 ], [ 100.8415813, 6.2995114 ], [ 100.8419199, 6.298904 ], [ 100.8421833, 6.2984257 ], [ 100.8423866, 6.2981144 ], [ 100.8425827, 6.2978788 ], [ 100.8433377, 6.2972548 ], [ 100.8437227, 6.2969125 ], [ 100.8439188, 6.2966921 ], [ 100.8440315, 6.2964265 ], [ 100.8440828, 6.2959338 ], [ 100.8441877, 6.2956379 ], [ 100.8443228, 6.2952965 ], [ 100.8446393, 6.2948635 ], [ 100.8450693, 6.2943771 ], [ 100.845438, 6.294038 ], [ 100.8459297, 6.293586 ], [ 100.8466846, 6.2929166 ], [ 100.8476741, 6.2917256 ], [ 100.8483409, 6.2907973 ], [ 100.8492043, 6.2902291 ], [ 100.8493941, 6.2901553 ], [ 100.8495548, 6.2901255 ], [ 100.8498179, 6.2901172 ], [ 100.8499934, 6.2901312 ], [ 100.850014, 6.2901311 ], [ 100.8500866, 6.2901309 ], [ 100.8503005, 6.2901733 ], [ 100.8505159, 6.2902489 ], [ 100.8508138, 6.2903919 ], [ 100.851141, 6.2906001 ], [ 100.851368, 6.2907163 ], [ 100.8515145, 6.2908255 ], [ 100.8516247, 6.2909641 ], [ 100.8516998, 6.2911802 ], [ 100.8517065, 6.2913807 ], [ 100.8517074, 6.2916293 ], [ 100.8517358, 6.2917686 ], [ 100.8518366, 6.2918917 ], [ 100.8518828, 6.291915 ], [ 100.8520081, 6.2919208 ], [ 100.8521396, 6.2918911 ], [ 100.8523292, 6.2917661 ], [ 100.8526597, 6.2914764 ], [ 100.8527956, 6.2913768 ], [ 100.852949, 6.291347 ], [ 100.8530486, 6.291339 ], [ 100.8531202, 6.291342 ], [ 100.8532326, 6.2913626 ], [ 100.8533146, 6.2913896 ], [ 100.8535561, 6.2914546 ], [ 100.8537243, 6.2914978 ], [ 100.8540461, 6.2915333 ], [ 100.854653, 6.2916189 ], [ 100.8547653, 6.2916361 ], [ 100.8550467, 6.2917091 ], [ 100.8552336, 6.2917879 ], [ 100.8552823, 6.2918141 ], [ 100.8555388, 6.2919814 ], [ 100.8557147, 6.2921344 ], [ 100.8558981, 6.2923239 ], [ 100.8559479, 6.2923902 ], [ 100.8561772, 6.2926959 ], [ 100.8564491, 6.2930972 ], [ 100.8565884, 6.2932283 ], [ 100.856779, 6.2933812 ], [ 100.8570279, 6.2934974 ], [ 100.8573059, 6.2935549 ], [ 100.8574432, 6.2935557 ], [ 100.8580734, 6.2935595 ], [ 100.8583512, 6.2935731 ], [ 100.8584736, 6.2936044 ], [ 100.8585487, 6.2936236 ], [ 100.8589075, 6.2938052 ], [ 100.8593689, 6.2940595 ], [ 100.859586, 6.2941408 ], [ 100.8599105, 6.2942624 ], [ 100.8600787, 6.2942837 ], [ 100.8602833, 6.2942537 ], [ 100.8604949, 6.2941579 ], [ 100.8606863, 6.2939617 ], [ 100.8608953, 6.2937103 ], [ 100.8610482, 6.2935342 ], [ 100.861194, 6.293424 ], [ 100.8612453, 6.2933958 ], [ 100.8613626, 6.2933312 ], [ 100.8614903, 6.2932932 ], [ 100.8616467, 6.2932981 ], [ 100.8620052, 6.2933919 ], [ 100.8621956, 6.2935009 ], [ 100.8623717, 6.2936831 ], [ 100.862504, 6.2938801 ], [ 100.8626294, 6.2942015 ], [ 100.8627068, 6.294633 ], [ 100.8627455, 6.2948486 ], [ 100.8627711, 6.2949908 ], [ 100.8628238, 6.2954221 ], [ 100.8628349, 6.2955499 ], [ 100.862881, 6.2956602 ], [ 100.8629566, 6.2957727 ], [ 100.8631474, 6.2959768 ], [ 100.8635948, 6.2964214 ], [ 100.864123, 6.296968 ], [ 100.8642197, 6.2970538 ], [ 100.8643283, 6.2971501 ], [ 100.8645555, 6.2973029 ], [ 100.8647325, 6.2973686 ], [ 100.8649946, 6.2974549 ], [ 100.8651424, 6.2974479 ], [ 100.8651968, 6.2974235 ], [ 100.8653231, 6.2973367 ], [ 100.865476, 6.2971679 ], [ 100.8656213, 6.2969261 ], [ 100.86574, 6.2966439 ], [ 100.8657466, 6.296621 ], [ 100.8657806, 6.2964224 ], [ 100.865803, 6.2959864 ], [ 100.8658145, 6.2957625 ], [ 100.8658647, 6.2954771 ], [ 100.8659737, 6.2952814 ], [ 100.8660381, 6.2952114 ], [ 100.8660575, 6.2951921 ], [ 100.8662578, 6.2950296 ], [ 100.8665036, 6.2948493 ], [ 100.8666148, 6.2947795 ], [ 100.8668018, 6.2947027 ], [ 100.866823, 6.2946984 ], [ 100.8670167, 6.2946977 ], [ 100.8672508, 6.2947554 ], [ 100.8674045, 6.2948134 ], [ 100.8677171, 6.2949007 ], [ 100.8677923, 6.2949217 ], [ 100.8681288, 6.2949863 ], [ 100.8683244, 6.2949987 ], [ 100.8683481, 6.2950002 ], [ 100.8684869, 6.294985 ], [ 100.8686474, 6.2948967 ], [ 100.8687716, 6.2948597 ], [ 100.8689104, 6.2948446 ], [ 100.8690783, 6.2948001 ], [ 100.8693134, 6.2946227 ], [ 100.8695087, 6.2943711 ], [ 100.8695517, 6.2943157 ], [ 100.8697424, 6.2940611 ], [ 100.869897, 6.2939098 ], [ 100.8700616, 6.2938092 ], [ 100.8703755, 6.293713 ], [ 100.8705915, 6.2936942 ], [ 100.8707405, 6.2937121 ], [ 100.8709385, 6.2937549 ], [ 100.8715556, 6.2939348 ], [ 100.8717067, 6.2939789 ], [ 100.8720874, 6.2940817 ], [ 100.8724633, 6.2942209 ], [ 100.8726753, 6.294314 ], [ 100.8730434, 6.2945048 ], [ 100.8730613, 6.2945163 ], [ 100.8731048, 6.2945443 ], [ 100.8733639, 6.2946584 ], [ 100.8734854, 6.2946892 ], [ 100.8736902, 6.294725 ], [ 100.8743482, 6.2947739 ], [ 100.874417, 6.2947797 ], [ 100.8750625, 6.2948343 ], [ 100.875094, 6.294837 ], [ 100.8752841, 6.2948583 ], [ 100.8754603, 6.2949142 ], [ 100.8755654, 6.2949714 ], [ 100.8757088, 6.2950615 ], [ 100.8758892, 6.2951658 ], [ 100.8763753, 6.2954467 ], [ 100.8770247, 6.2957209 ], [ 100.8772684, 6.2958238 ], [ 100.8775686, 6.2959544 ], [ 100.8778176, 6.2960998 ], [ 100.8780594, 6.2962525 ], [ 100.8781299, 6.2962992 ], [ 100.8782456, 6.2963573 ], [ 100.8783668, 6.2963684 ], [ 100.8784835, 6.2963168 ], [ 100.8785854, 6.2961775 ], [ 100.8786433, 6.2960237 ], [ 100.8787581, 6.2957264 ], [ 100.8788243, 6.295555 ], [ 100.8789839, 6.2952106 ], [ 100.8790203, 6.2951483 ], [ 100.8791292, 6.2949615 ], [ 100.8792822, 6.294822 ], [ 100.8793989, 6.2947557 ], [ 100.8795231, 6.2947406 ], [ 100.8796292, 6.2947514 ], [ 100.8797136, 6.2947859 ], [ 100.8798305, 6.2948565 ], [ 100.8800577, 6.2950166 ], [ 100.8800694, 6.2950276 ], [ 100.8805417, 6.2954683 ], [ 100.8807901, 6.2956871 ], [ 100.8808589, 6.2957477 ], [ 100.8809832, 6.2958335 ], [ 100.8810987, 6.2958832 ], [ 100.8815643, 6.2960195 ], [ 100.8817076, 6.29604 ], [ 100.8818668, 6.2960486 ], [ 100.8821812, 6.2960768 ], [ 100.8825103, 6.2961341 ], [ 100.8828009, 6.2962022 ], [ 100.8828175, 6.2962061 ], [ 100.883222, 6.2963372 ], [ 100.8832639, 6.2963508 ], [ 100.8836225, 6.2964665 ], [ 100.8839443, 6.2965238 ], [ 100.884244, 6.2965374 ], [ 100.884646, 6.2965286 ], [ 100.8850407, 6.2965126 ], [ 100.8856106, 6.296452 ], [ 100.8860706, 6.2963406 ], [ 100.8864431, 6.2962588 ], [ 100.8867277, 6.2961188 ], [ 100.886961, 6.2959644 ], [ 100.8872162, 6.2957953 ], [ 100.887323, 6.2957457 ], [ 100.8874862, 6.29567 ], [ 100.8877637, 6.2955958 ], [ 100.8881803, 6.2955797 ], [ 100.8884435, 6.2956007 ], [ 100.8887946, 6.2956799 ], [ 100.8888164, 6.295691 ], [ 100.8890216, 6.2957961 ], [ 100.8892635, 6.2959927 ], [ 100.8894397, 6.2961895 ], [ 100.8896747, 6.2964958 ], [ 100.889835, 6.2968325 ], [ 100.8901194, 6.2982056 ], [ 100.8901653, 6.2987539 ], [ 100.8902391, 6.2989511 ], [ 100.8904081, 6.2992211 ], [ 100.8905125, 6.2993593 ], [ 100.8907112, 6.2995259 ], [ 100.8909068, 6.2996581 ], [ 100.8913467, 6.3000087 ], [ 100.8915005, 6.3001313 ], [ 100.8918158, 6.3004081 ], [ 100.8921309, 6.3006264 ], [ 100.8930319, 6.3011643 ], [ 100.8937573, 6.3016517 ], [ 100.8939554, 6.301863 ], [ 100.894168, 6.3020378 ], [ 100.8944316, 6.3021612 ], [ 100.8947389, 6.3022551 ], [ 100.8948684, 6.3022896 ], [ 100.8951999, 6.3023778 ], [ 100.8957049, 6.3025807 ], [ 100.8960124, 6.3026966 ], [ 100.8963785, 6.3028927 ], [ 100.8965383, 6.3029953 ], [ 100.8972284, 6.3034382 ], [ 100.8975141, 6.3036053 ], [ 100.8976751, 6.3036706 ], [ 100.8978506, 6.3036846 ], [ 100.8980625, 6.3036765 ], [ 100.8983329, 6.3036462 ], [ 100.8995235, 6.3034444 ], [ 100.9001809, 6.3033104 ], [ 100.9005687, 6.3032822 ], [ 100.9008166, 6.3032642 ], [ 100.9020885, 6.3032669 ], [ 100.9025343, 6.3032726 ], [ 100.9027026, 6.3033012 ], [ 100.9029076, 6.3034102 ], [ 100.9031272, 6.3034971 ], [ 100.9033319, 6.303511 ], [ 100.9035512, 6.3035102 ], [ 100.9037996, 6.3034873 ], [ 100.9041503, 6.3034349 ], [ 100.9050638, 6.3033877 ], [ 100.9057508, 6.3033632 ], [ 100.9062622, 6.3032955 ], [ 100.9066639, 6.3032209 ], [ 100.906861, 6.3031397 ], [ 100.9070728, 6.303117 ], [ 100.907263, 6.3031456 ], [ 100.9074899, 6.3032471 ], [ 100.9075697, 6.3032956 ], [ 100.9078489, 6.3034652 ], [ 100.9079953, 6.3035378 ], [ 100.9082074, 6.303559 ], [ 100.908316, 6.3035586 ], [ 100.9084512, 6.3035434 ], [ 100.9086822, 6.3034695 ], [ 100.9088787, 6.3033532 ], [ 100.9088937, 6.3033444 ], [ 100.9091274, 6.3032997 ], [ 100.9098291, 6.3033044 ], [ 100.9102092, 6.3033103 ], [ 100.9114739, 6.3033715 ], [ 100.9121466, 6.3034202 ], [ 100.9122489, 6.3034403 ], [ 100.9123621, 6.3034985 ], [ 100.9124543, 6.3036179 ], [ 100.9125022, 6.3037096 ], [ 100.912518, 6.3038524 ], [ 100.912504, 6.303916 ], [ 100.9124558, 6.3040188 ], [ 100.9122663, 6.3041877 ], [ 100.9120914, 6.3043122 ], [ 100.9119219, 6.3044327 ], [ 100.9114843, 6.304744 ], [ 100.9113915, 6.3047979 ], [ 100.9110926, 6.305033 ], [ 100.910885, 6.3051537 ], [ 100.9108171, 6.3052257 ], [ 100.910765, 6.3053273 ], [ 100.9107446, 6.3054123 ], [ 100.910715, 6.3057073 ], [ 100.9107176, 6.3057779 ], [ 100.9107404, 6.3059367 ], [ 100.9107753, 6.3060003 ], [ 100.9108553, 6.3060797 ], [ 100.9110017, 6.3061523 ], [ 100.9111772, 6.3061663 ], [ 100.9114549, 6.3061653 ], [ 100.911545, 6.306171 ], [ 100.9116743, 6.3061791 ], [ 100.9118864, 6.3062295 ], [ 100.9120622, 6.3063167 ], [ 100.9122743, 6.3063744 ], [ 100.9124937, 6.3064028 ], [ 100.9126102, 6.3063858 ], [ 100.9126983, 6.3063728 ], [ 100.9128515, 6.3062918 ], [ 100.9129461, 6.3061891 ], [ 100.9130148, 6.306069 ], [ 100.9130799, 6.3059826 ], [ 100.9132155, 6.3058956 ], [ 100.9133195, 6.3058829 ], [ 100.9133529, 6.3058854 ], [ 100.9135154, 6.3059457 ], [ 100.9136254, 6.3060623 ], [ 100.913765, 6.3062446 ], [ 100.9138608, 6.3064636 ], [ 100.9138731, 6.306608 ], [ 100.9138909, 6.3066902 ], [ 100.9139081, 6.3075343 ], [ 100.9138665, 6.3076556 ], [ 100.9138331, 6.3077308 ], [ 100.9137817, 6.307797 ], [ 100.9135739, 6.3079493 ], [ 100.9133913, 6.3079939 ], [ 100.9131721, 6.3080093 ], [ 100.9130442, 6.3080169 ], [ 100.912979, 6.3080207 ], [ 100.912909, 6.3080249 ], [ 100.9127557, 6.3080913 ], [ 100.9126322, 6.3082746 ], [ 100.9125746, 6.3085308 ], [ 100.9125826, 6.3087062 ], [ 100.9125906, 6.3087211 ], [ 100.9126247, 6.3087839 ], [ 100.9126341, 6.3088011 ], [ 100.9126856, 6.3088814 ], [ 100.9128616, 6.3090416 ], [ 100.9130375, 6.3091873 ], [ 100.9130486, 6.3092074 ], [ 100.9131258, 6.3093478 ], [ 100.9132144, 6.3095815 ], [ 100.9132004, 6.3097425 ], [ 100.9131739, 6.3098049 ], [ 100.9131524, 6.3098421 ], [ 100.9130494, 6.310021 ], [ 100.9129023, 6.3101897 ], [ 100.9126987, 6.310461 ], [ 100.9125169, 6.3107177 ], [ 100.9124299, 6.3109301 ], [ 100.9124013, 6.3110984 ], [ 100.9124017, 6.3111926 ], [ 100.9124335, 6.3112582 ], [ 100.912513, 6.3113289 ], [ 100.9125953, 6.3113678 ], [ 100.9127094, 6.3113971 ], [ 100.9128331, 6.3113967 ], [ 100.9129632, 6.3113728 ], [ 100.9131104, 6.3113285 ], [ 100.9131896, 6.3112889 ], [ 100.9133882, 6.3111387 ], [ 100.9136148, 6.3109464 ], [ 100.9136651, 6.3109036 ], [ 100.91376, 6.3108541 ], [ 100.9138767, 6.3107931 ], [ 100.9139477, 6.3107665 ], [ 100.9141222, 6.3107191 ], [ 100.914293, 6.3107185 ], [ 100.9143604, 6.3107305 ], [ 100.9144657, 6.3107547 ], [ 100.9146444, 6.3108708 ], [ 100.9149156, 6.3110526 ], [ 100.915055, 6.311213 ], [ 100.9151125, 6.3113128 ], [ 100.9151842, 6.3114771 ], [ 100.9152174, 6.3116512 ], [ 100.9151894, 6.3119804 ], [ 100.9151543, 6.3123754 ], [ 100.9151163, 6.3126403 ], [ 100.9150902, 6.3128218 ], [ 100.9150986, 6.3131289 ], [ 100.9151361, 6.3133848 ], [ 100.9151883, 6.3136552 ], [ 100.9152622, 6.3138816 ], [ 100.9153021, 6.3139578 ], [ 100.9153579, 6.3140641 ], [ 100.9154977, 6.3143269 ], [ 100.9156008, 6.3145166 ], [ 100.9157406, 6.3147721 ], [ 100.9157779, 6.3149767 ], [ 100.9158082, 6.3152765 ], [ 100.9158091, 6.3155257 ], [ 100.9158092, 6.3155397 ], [ 100.9158028, 6.3157884 ], [ 100.9158255, 6.3160151 ], [ 100.9158995, 6.3162488 ], [ 100.9159582, 6.3163217 ], [ 100.916105, 6.3164675 ], [ 100.9161685, 6.3165306 ], [ 100.9162367, 6.3165838 ], [ 100.9163475, 6.3166702 ], [ 100.9164348, 6.3167222 ], [ 100.9165414, 6.3168028 ], [ 100.9166104, 6.3168791 ], [ 100.9167139, 6.3170722 ], [ 100.9168026, 6.3173425 ], [ 100.9169057, 6.3175615 ], [ 100.9170601, 6.3177913 ], [ 100.9170674, 6.3178023 ], [ 100.917229, 6.3180138 ], [ 100.9174416, 6.3181739 ], [ 100.9174607, 6.3181846 ], [ 100.91761, 6.3182683 ], [ 100.9178443, 6.3183625 ], [ 100.9185181, 6.3187403 ], [ 100.9186852, 6.3188363 ], [ 100.9188081, 6.3189135 ], [ 100.9189947, 6.3191262 ], [ 100.919171, 6.3193669 ], [ 100.9193476, 6.319688 ], [ 100.9195295, 6.3198759 ], [ 100.9197436, 6.3200376 ], [ 100.9199621, 6.3201303 ], [ 100.9201301, 6.3201659 ], [ 100.920358, 6.3201597 ], [ 100.9206429, 6.3201147 ], [ 100.9208546, 6.3200408 ], [ 100.9210151, 6.3199378 ], [ 100.9211472, 6.3198583 ], [ 100.921438, 6.3196584 ], [ 100.9215622, 6.319636 ], [ 100.9216783, 6.3196355 ], [ 100.9217191, 6.3196474 ], [ 100.921811, 6.3197082 ], [ 100.9219722, 6.3198392 ], [ 100.9221113, 6.3198826 ], [ 100.9221982, 6.3198874 ], [ 100.9222725, 6.3199102 ], [ 100.922337, 6.3199465 ], [ 100.9224188, 6.3200277 ], [ 100.922769, 6.3204428 ], [ 100.922874, 6.3205672 ], [ 100.9228833, 6.3205798 ], [ 100.9230208, 6.3207203 ], [ 100.9230941, 6.3207584 ], [ 100.9231745, 6.3208002 ], [ 100.9232697, 6.3208217 ], [ 100.9234085, 6.3208066 ], [ 100.9235132, 6.3207568 ], [ 100.9235325, 6.3207476 ], [ 100.9236564, 6.3206448 ], [ 100.9237583, 6.3205347 ], [ 100.923809, 6.3204029 ], [ 100.9238158, 6.3202566 ], [ 100.9237787, 6.3201031 ], [ 100.9236439, 6.3199069 ], [ 100.9235582, 6.3197822 ], [ 100.9234259, 6.3195925 ], [ 100.9233959, 6.3195152 ], [ 100.923389, 6.3194976 ], [ 100.9233889, 6.319461 ], [ 100.9233886, 6.3193959 ], [ 100.9234109, 6.3192424 ], [ 100.9234739, 6.3191257 ], [ 100.9236865, 6.3189114 ], [ 100.9239199, 6.3187716 ], [ 100.9241318, 6.3187342 ], [ 100.9242926, 6.318741 ], [ 100.9244975, 6.3187987 ], [ 100.9247463, 6.3188782 ], [ 100.9249218, 6.3188922 ], [ 100.9251555, 6.3188621 ], [ 100.9253181, 6.3188478 ], [ 100.9254716, 6.3188472 ], [ 100.9256635, 6.318841 ], [ 100.9259429, 6.3188126 ], [ 100.9261677, 6.3187953 ], [ 100.9263924, 6.318789 ], [ 100.9265733, 6.3187992 ], [ 100.9267434, 6.318826 ], [ 100.9270915, 6.3190031 ], [ 100.9276862, 6.3196065 ], [ 100.9280028, 6.3199082 ], [ 100.9282743, 6.3201713 ], [ 100.9285131, 6.3203251 ], [ 100.9287389, 6.3204402 ], [ 100.9289646, 6.320536 ], [ 100.9291323, 6.3205998 ], [ 100.929442, 6.3207469 ], [ 100.9296355, 6.3208493 ], [ 100.9297455, 6.3209074 ], [ 100.9298569, 6.3209894 ], [ 100.9299273, 6.3210851 ], [ 100.9299522, 6.3211621 ], [ 100.9299526, 6.3212604 ], [ 100.9299021, 6.3214279 ], [ 100.9298561, 6.3215313 ], [ 100.9298442, 6.3215529 ], [ 100.9297097, 6.3217639 ], [ 100.9296586, 6.3218672 ], [ 100.9296207, 6.3220542 ], [ 100.9295967, 6.3222571 ], [ 100.9295574, 6.3223555 ], [ 100.9294612, 6.3224671 ], [ 100.9293547, 6.322523 ], [ 100.9291519, 6.3225558 ], [ 100.9290494, 6.3225588 ], [ 100.9288046, 6.3225404 ], [ 100.928534, 6.3224834 ], [ 100.9284478, 6.3224581 ], [ 100.928285, 6.3224104 ], [ 100.9280569, 6.3223435 ], [ 100.9279894, 6.3223254 ], [ 100.9276741, 6.3222139 ], [ 100.9275668, 6.3221649 ], [ 100.9272831, 6.3220564 ], [ 100.9271835, 6.3220236 ], [ 100.9269433, 6.3219937 ], [ 100.9269287, 6.3219933 ], [ 100.9268128, 6.3219937 ], [ 100.9266261, 6.3220073 ], [ 100.9264653, 6.3220659 ], [ 100.9263047, 6.3221631 ], [ 100.9259966, 6.3224413 ], [ 100.9259324, 6.3225113 ], [ 100.9256823, 6.3227839 ], [ 100.9254324, 6.323107 ], [ 100.9254062, 6.3231418 ], [ 100.9251697, 6.3234559 ], [ 100.9251053, 6.323533 ], [ 100.9249324, 6.3237403 ], [ 100.924864, 6.3238357 ], [ 100.9247146, 6.3240439 ], [ 100.9245678, 6.3243988 ], [ 100.9245385, 6.3245168 ], [ 100.9245208, 6.3245878 ], [ 100.9244346, 6.3249341 ], [ 100.9243403, 6.325553 ], [ 100.9243413, 6.3258365 ], [ 100.9243552, 6.3261135 ], [ 100.924414, 6.3263323 ], [ 100.9244855, 6.3265253 ], [ 100.9245633, 6.3266475 ], [ 100.9246731, 6.3267437 ], [ 100.9248343, 6.326814 ], [ 100.9250469, 6.3268261 ], [ 100.9251885, 6.3268062 ], [ 100.9260117, 6.3265261 ], [ 100.9286538, 6.3252857 ], [ 100.9288533, 6.3252463 ], [ 100.928945, 6.3252653 ], [ 100.9289994, 6.3253044 ], [ 100.9291052, 6.3254515 ], [ 100.9291511, 6.3256704 ], [ 100.9290916, 6.3269786 ], [ 100.9291118, 6.3272233 ], [ 100.9291767, 6.3273713 ], [ 100.9292351, 6.3274935 ], [ 100.9292892, 6.3276007 ], [ 100.9293162, 6.3276647 ], [ 100.9293514, 6.327882 ], [ 100.9293337, 6.3280343 ], [ 100.929315, 6.3281955 ], [ 100.9292433, 6.3283348 ], [ 100.9292088, 6.3283741 ], [ 100.9290842, 6.328467 ], [ 100.9288914, 6.3285643 ], [ 100.9285376, 6.3286623 ], [ 100.9283445, 6.3286952 ], [ 100.9281449, 6.3287024 ], [ 100.9281174, 6.3286981 ], [ 100.9279838, 6.3286772 ], [ 100.9278456, 6.3286259 ], [ 100.927829, 6.3286198 ], [ 100.9276935, 6.3285494 ], [ 100.927545, 6.328434 ], [ 100.9273445, 6.3281899 ], [ 100.9272153, 6.3280809 ], [ 100.9271333, 6.3280096 ], [ 100.9270933, 6.3279903 ], [ 100.9269702, 6.3279851 ], [ 100.9268672, 6.3279984 ], [ 100.9267193, 6.3280441 ], [ 100.9265072, 6.3281673 ], [ 100.9262375, 6.3283615 ], [ 100.9261089, 6.32842 ], [ 100.9259996, 6.3284655 ], [ 100.9258259, 6.3285048 ], [ 100.9257037, 6.3285568 ], [ 100.9255559, 6.3286411 ], [ 100.9254788, 6.3286865 ], [ 100.9254174, 6.3287572 ], [ 100.9253957, 6.3288443 ], [ 100.9253959, 6.328893 ], [ 100.925436, 6.3289844 ], [ 100.9254524, 6.3290219 ], [ 100.9254608, 6.3290409 ], [ 100.9254672, 6.3290491 ], [ 100.9256238, 6.3292485 ], [ 100.9260749, 6.3296701 ], [ 100.9262685, 6.3297789 ], [ 100.9266702, 6.3299401 ], [ 100.9268508, 6.3300125 ], [ 100.9270215, 6.3301315 ], [ 100.9272032, 6.3302794 ], [ 100.9273267, 6.3303732 ], [ 100.9274719, 6.3304669 ], [ 100.9276351, 6.3305242 ], [ 100.9280776, 6.3306784 ], [ 100.9284403, 6.3307894 ], [ 100.928774, 6.3309187 ], [ 100.9288938, 6.3309798 ], [ 100.9289955, 6.3310664 ], [ 100.9290463, 6.3311749 ], [ 100.9290695, 6.3313117 ], [ 100.9290727, 6.3313778 ], [ 100.929052, 6.331657 ], [ 100.9290023, 6.3319145 ], [ 100.9289063, 6.3321753 ], [ 100.9288534, 6.3322396 ], [ 100.9287932, 6.332293 ], [ 100.9287348, 6.3323353 ], [ 100.9286471, 6.3323869 ], [ 100.9284844, 6.3324461 ], [ 100.9282961, 6.332511 ], [ 100.9281762, 6.332539 ], [ 100.928137, 6.3325482 ], [ 100.928032, 6.3325632 ], [ 100.9279924, 6.3325689 ], [ 100.9278295, 6.3325878 ], [ 100.9276686, 6.332636 ], [ 100.9275765, 6.3326585 ], [ 100.9275241, 6.3326713 ], [ 100.9273358, 6.3327307 ], [ 100.9271913, 6.3327752 ], [ 100.9270999, 6.3328195 ], [ 100.9270141, 6.3328674 ], [ 100.9269557, 6.3329171 ], [ 100.9269156, 6.3329722 ], [ 100.9268992, 6.3330119 ], [ 100.9268884, 6.3330382 ], [ 100.9268759, 6.3331188 ], [ 100.9268542, 6.3331995 ], [ 100.9268267, 6.3332925 ], [ 100.9267836, 6.333376 ], [ 100.926744, 6.3334378 ], [ 100.926702, 6.3335018 ], [ 100.9266087, 6.3336492 ], [ 100.9265705, 6.333727 ], [ 100.9265518, 6.3338249 ], [ 100.926544, 6.3339174 ], [ 100.9265418, 6.3340669 ], [ 100.9265367, 6.3341294 ], [ 100.9265153, 6.3342246 ], [ 100.9264937, 6.3342791 ], [ 100.9261724, 6.3347994 ], [ 100.9261264, 6.3348648 ], [ 100.9258809, 6.3353251 ], [ 100.9258431, 6.3353932 ], [ 100.9254041, 6.3360295 ], [ 100.9253486, 6.3361099 ], [ 100.9252306, 6.3365235 ], [ 100.9252083, 6.3366259 ], [ 100.9252039, 6.3366459 ], [ 100.925204, 6.3366835 ], [ 100.9252042, 6.3367302 ], [ 100.9252262, 6.3367954 ], [ 100.9252537, 6.3368795 ], [ 100.9252947, 6.3369663 ], [ 100.9253549, 6.3370803 ], [ 100.9253877, 6.3371236 ], [ 100.9256793, 6.3373645 ], [ 100.9257147, 6.3374024 ], [ 100.9257912, 6.3375 ], [ 100.9258267, 6.3375678 ], [ 100.9260603, 6.3382791 ], [ 100.9260958, 6.338336 ], [ 100.9261586, 6.3384173 ], [ 100.926235, 6.3384986 ], [ 100.9264258, 6.3386583 ], [ 100.9264667, 6.3387016 ], [ 100.9264968, 6.338764 ], [ 100.9265215, 6.3388319 ], [ 100.9265769, 6.3391171 ], [ 100.9267118, 6.3396086 ], [ 100.9267148, 6.3396711 ], [ 100.9267123, 6.3397336 ], [ 100.9267105, 6.3397461 ], [ 100.9267017, 6.339807 ], [ 100.926662, 6.3399418 ], [ 100.9266559, 6.3399627 ], [ 100.9265783, 6.3402261 ], [ 100.926329, 6.3407142 ], [ 100.926278, 6.3407968 ], [ 100.9262288, 6.3408592 ], [ 100.9261796, 6.340907 ], [ 100.9261377, 6.3409512 ], [ 100.9260847, 6.3409953 ], [ 100.9260299, 6.3410193 ], [ 100.9259403, 6.34106 ], [ 100.9258398, 6.3411006 ], [ 100.9257685, 6.3411247 ], [ 100.9256879, 6.34114 ], [ 100.9244086, 6.3412344 ], [ 100.9243515, 6.3412319 ], [ 100.9239656, 6.3412034 ], [ 100.9239004, 6.3411901 ], [ 100.9238188, 6.3411741 ], [ 100.9237698, 6.3411471 ], [ 100.9237371, 6.3411173 ], [ 100.9237071, 6.3410712 ], [ 100.9236797, 6.3410251 ], [ 100.9236454, 6.3409316 ], [ 100.9235283, 6.3406122 ], [ 100.923385, 6.3402668 ], [ 100.9233715, 6.3402455 ], [ 100.9233487, 6.340219 ], [ 100.9232852, 6.3401752 ], [ 100.9232317, 6.3401513 ], [ 100.9231398, 6.3401243 ], [ 100.9230878, 6.3401143 ], [ 100.9229592, 6.3400972 ], [ 100.9228589, 6.3400958 ], [ 100.9227339, 6.3401068 ], [ 100.922639, 6.340123 ], [ 100.9225405, 6.3401515 ], [ 100.9224825, 6.3401817 ], [ 100.9223895, 6.3402454 ], [ 100.9223315, 6.3402914 ], [ 100.9223, 6.3403303 ], [ 100.9222804, 6.3403735 ], [ 100.9222587, 6.3404558 ], [ 100.9222513, 6.3404908 ], [ 100.9222409, 6.3405582 ], [ 100.9222377, 6.3406106 ], [ 100.9222397, 6.3406792 ], [ 100.9222541, 6.3407567 ], [ 100.9222875, 6.3408814 ], [ 100.9223237, 6.3410501 ], [ 100.9223427, 6.341137 ], [ 100.9223438, 6.3411576 ], [ 100.9223367, 6.3411984 ], [ 100.922328, 6.341246 ], [ 100.9223071, 6.3413024 ], [ 100.9222308, 6.3414352 ], [ 100.9220497, 6.3417503 ], [ 100.9219409, 6.3419396 ], [ 100.9218741, 6.3420187 ], [ 100.9217909, 6.3420841 ], [ 100.9217036, 6.3421527 ], [ 100.9214778, 6.3423071 ], [ 100.9213197, 6.3424083 ], [ 100.921177, 6.3425724 ], [ 100.9211506, 6.3426072 ], [ 100.9210643, 6.3427213 ], [ 100.9209617, 6.3428475 ], [ 100.9207293, 6.3432686 ], [ 100.9204746, 6.3437602 ], [ 100.9203848, 6.3439518 ], [ 100.9203233, 6.3440856 ], [ 100.9202875, 6.3441635 ], [ 100.9202128, 6.3443878 ], [ 100.9202075, 6.3444139 ], [ 100.9201461, 6.3447177 ], [ 100.9201199, 6.3451028 ], [ 100.9201183, 6.3453494 ], [ 100.9201335, 6.3455218 ], [ 100.920138, 6.345573 ], [ 100.9201544, 6.3457602 ], [ 100.9201603, 6.3458274 ], [ 100.9201716, 6.3461645 ], [ 100.9201723, 6.3463548 ], [ 100.9201728, 6.3464765 ], [ 100.9201764, 6.3467709 ], [ 100.9201783, 6.3467921 ], [ 100.9201921, 6.346947 ], [ 100.9201946, 6.3470462 ], [ 100.9201981, 6.3471886 ], [ 100.9202041, 6.3474553 ], [ 100.9202121, 6.3475937 ], [ 100.9202648, 6.3478865 ], [ 100.9202763, 6.3479508 ], [ 100.9203099, 6.3481721 ], [ 100.9203358, 6.3483808 ], [ 100.9203638, 6.3484764 ], [ 100.920403, 6.3485424 ], [ 100.9204189, 6.3485652 ], [ 100.9205072, 6.3486494 ], [ 100.9205372, 6.3486757 ], [ 100.9207296, 6.3488053 ], [ 100.920763, 6.348814 ], [ 100.9211734, 6.3488741 ], [ 100.9212174, 6.3488757 ], [ 100.9216428, 6.3488573 ], [ 100.922152, 6.3488353 ], [ 100.9225011, 6.3489872 ], [ 100.9225487, 6.3490187 ], [ 100.9226035, 6.3490626 ], [ 100.9226494, 6.3491099 ], [ 100.9226777, 6.3491574 ], [ 100.9227008, 6.3492137 ], [ 100.9227112, 6.3492581 ], [ 100.9227169, 6.3492823 ], [ 100.9227211, 6.3493054 ], [ 100.9227254, 6.3493378 ], [ 100.9227208, 6.3493897 ], [ 100.9226982, 6.3494549 ], [ 100.9225723, 6.3496914 ], [ 100.9224969, 6.3497625 ], [ 100.9214409, 6.3507576 ], [ 100.9213918, 6.3507912 ], [ 100.9206735, 6.3512429 ], [ 100.9205383, 6.3513456 ], [ 100.9205085, 6.3513756 ], [ 100.9203074, 6.3520487 ], [ 100.9202946, 6.3520914 ], [ 100.9202666, 6.3523163 ], [ 100.9202553, 6.3524068 ], [ 100.9202118, 6.3526986 ], [ 100.9200595, 6.3537196 ], [ 100.9200459, 6.3540632 ], [ 100.9200408, 6.3541915 ], [ 100.9200322, 6.3544101 ], [ 100.9200326, 6.3545296 ], [ 100.9200329, 6.354595 ], [ 100.9200436, 6.3546548 ], [ 100.9200632, 6.3547005 ], [ 100.920095, 6.3547444 ], [ 100.9201427, 6.3547936 ], [ 100.9201851, 6.3548251 ], [ 100.9202398, 6.3548513 ], [ 100.9203121, 6.3548863 ], [ 100.9203931, 6.3549177 ], [ 100.9204601, 6.3549333 ], [ 100.9208493, 6.3549917 ], [ 100.9216009, 6.3549748 ], [ 100.922412, 6.3548538 ], [ 100.9224757, 6.3548414 ], [ 100.9228746, 6.354764 ], [ 100.9236009, 6.3546204 ], [ 100.9242536, 6.3544912 ], [ 100.9244093, 6.3544613 ], [ 100.9256081, 6.3542308 ], [ 100.9256626, 6.3542271 ], [ 100.9259865, 6.3542171 ], [ 100.9260463, 6.3542204 ], [ 100.9260833, 6.3542238 ], [ 100.9262014, 6.354248 ], [ 100.9262507, 6.3542687 ], [ 100.926267, 6.3542796 ], [ 100.9263161, 6.3543268 ], [ 100.9263409, 6.3543643 ], [ 100.9263704, 6.3544205 ], [ 100.9263905, 6.3544745 ], [ 100.9264153, 6.3545425 ], [ 100.9264226, 6.3545624 ], [ 100.9264369, 6.3546346 ], [ 100.9264497, 6.3547543 ], [ 100.9264464, 6.3548265 ], [ 100.9264358, 6.3549386 ], [ 100.9264227, 6.3550767 ], [ 100.9263981, 6.3551627 ], [ 100.9263689, 6.3552646 ], [ 100.9263602, 6.3552953 ], [ 100.9263441, 6.3553339 ], [ 100.926308, 6.3553863 ], [ 100.9262679, 6.3554444 ], [ 100.9261328, 6.3556406 ], [ 100.92604, 6.3557783 ], [ 100.9260215, 6.3558179 ], [ 100.9260064, 6.3558503 ], [ 100.9259819, 6.355903 ], [ 100.9259334, 6.3560241 ], [ 100.9259202, 6.3560571 ], [ 100.9258969, 6.3561537 ], [ 100.9258445, 6.3563706 ], [ 100.9258091, 6.3565393 ], [ 100.9257833, 6.3566621 ], [ 100.9257766, 6.3567233 ], [ 100.9257514, 6.3569553 ], [ 100.9257517, 6.3569832 ], [ 100.9257542, 6.3572025 ], [ 100.9257454, 6.3573302 ], [ 100.9257438, 6.3573546 ], [ 100.9257405, 6.357373 ], [ 100.9257146, 6.3575206 ], [ 100.9257115, 6.3575379 ], [ 100.9257022, 6.3575724 ], [ 100.9256564, 6.3577424 ], [ 100.9256483, 6.3577726 ], [ 100.925598, 6.3580237 ], [ 100.9255875, 6.3580828 ], [ 100.9255806, 6.3581217 ], [ 100.9255675, 6.358196 ], [ 100.9255023, 6.3584032 ], [ 100.925494, 6.3584263 ], [ 100.9254389, 6.3585775 ], [ 100.9253845, 6.3587205 ], [ 100.9253161, 6.3590239 ], [ 100.9253084, 6.3596626 ], [ 100.9253067, 6.3598076 ], [ 100.9253086, 6.3598534 ], [ 100.9253158, 6.3598833 ], [ 100.9256003, 6.3611327 ], [ 100.9256128, 6.3611678 ], [ 100.925929, 6.3619451 ], [ 100.9261894, 6.3623826 ], [ 100.9263957, 6.3627711 ], [ 100.9264199, 6.3628326 ], [ 100.9264271, 6.3628625 ], [ 100.926436, 6.3628995 ], [ 100.926445, 6.3629417 ], [ 100.9264521, 6.3629804 ], [ 100.9264523, 6.3630209 ], [ 100.9264489, 6.3630667 ], [ 100.9264287, 6.3632895 ], [ 100.9263881, 6.3637362 ], [ 100.9263812, 6.3645488 ], [ 100.9263807, 6.3646009 ], [ 100.9263827, 6.3646643 ], [ 100.9263917, 6.36471 ], [ 100.9264078, 6.3647681 ], [ 100.9264362, 6.3648384 ], [ 100.9264575, 6.3648912 ], [ 100.9264788, 6.3649246 ], [ 100.9267014, 6.3651456 ], [ 100.9269596, 6.3654846 ], [ 100.9272726, 6.3658462 ], [ 100.9273026, 6.3658831 ], [ 100.9274513, 6.3661508 ], [ 100.9274613, 6.3661735 ], [ 100.927526, 6.3664183 ], [ 100.9275352, 6.3664531 ], [ 100.9275537, 6.3665229 ], [ 100.9275587, 6.3665496 ], [ 100.9275569, 6.3666726 ], [ 100.9275536, 6.3668896 ], [ 100.9275524, 6.3669736 ], [ 100.9275496, 6.3669922 ], [ 100.9275461, 6.3670157 ], [ 100.9275181, 6.367202 ], [ 100.9275089, 6.3672631 ], [ 100.9274409, 6.3674625 ], [ 100.9273464, 6.3677398 ], [ 100.9272807, 6.3679326 ], [ 100.927265, 6.3679653 ], [ 100.9270613, 6.3682716 ], [ 100.9270192, 6.3683241 ], [ 100.92673, 6.3686845 ], [ 100.9267024, 6.3687233 ], [ 100.9265686, 6.3689546 ], [ 100.9264909, 6.3690866 ], [ 100.926455, 6.3691443 ], [ 100.9264397, 6.3691691 ], [ 100.9264023, 6.3692276 ], [ 100.9263451, 6.3693071 ], [ 100.9262386, 6.3694244 ], [ 100.9261745, 6.3694841 ], [ 100.9261528, 6.369502 ], [ 100.9256678, 6.3697837 ], [ 100.9253333, 6.3700323 ], [ 100.925066, 6.3704143 ], [ 100.92504, 6.3704573 ], [ 100.9249922, 6.3705807 ], [ 100.9249864, 6.3705957 ], [ 100.9249716, 6.3706425 ], [ 100.9249662, 6.3706836 ], [ 100.9249663, 6.3707303 ], [ 100.924974, 6.3707695 ], [ 100.9249909, 6.3708067 ], [ 100.9250172, 6.3708496 ], [ 100.925064, 6.3708905 ], [ 100.9252792, 6.3710211 ], [ 100.9254418, 6.3710833 ], [ 100.9254978, 6.3710962 ], [ 100.9255669, 6.3711053 ], [ 100.9256323, 6.3711125 ], [ 100.9256603, 6.3711124 ], [ 100.925707, 6.3711085 ], [ 100.9257703, 6.3710877 ], [ 100.9258691, 6.3710313 ], [ 100.9260424, 6.3709343 ], [ 100.9263301, 6.3708209 ], [ 100.926525, 6.3707908 ], [ 100.9266613, 6.3707868 ], [ 100.9267138, 6.3707893 ], [ 100.9267286, 6.37079 ], [ 100.9267839, 6.3708123 ], [ 100.9268169, 6.3708467 ], [ 100.9268447, 6.3708966 ], [ 100.9268605, 6.3709656 ], [ 100.9268611, 6.3711366 ], [ 100.9268597, 6.3712332 ], [ 100.9268496, 6.3712868 ], [ 100.9268205, 6.371356 ], [ 100.9267554, 6.3714771 ], [ 100.9266218, 6.3717434 ], [ 100.9265224, 6.3719303 ], [ 100.9264744, 6.3720237 ], [ 100.9264418, 6.3720773 ], [ 100.9264143, 6.3721102 ], [ 100.9263645, 6.3721691 ], [ 100.9263462, 6.3721857 ], [ 100.9262957, 6.3722315 ], [ 100.9262027, 6.372294 ], [ 100.9261236, 6.3723461 ], [ 100.9260237, 6.3724155 ], [ 100.9259445, 6.3724659 ], [ 100.9258188, 6.372525 ], [ 100.9256327, 6.3725931 ], [ 100.9252604, 6.3727205 ], [ 100.925157, 6.3727571 ], [ 100.9250742, 6.3727747 ], [ 100.9249794, 6.3727871 ], [ 100.9248517, 6.3728032 ], [ 100.9247241, 6.3728209 ], [ 100.9246465, 6.3728367 ], [ 100.9245431, 6.3728627 ], [ 100.9240122, 6.3730298 ], [ 100.9237208, 6.3731216 ], [ 100.9236575, 6.3731461 ], [ 100.9236332, 6.3731624 ], [ 100.9236016, 6.3731837 ], [ 100.9235439, 6.3732324 ], [ 100.9234398, 6.3733449 ], [ 100.9233533, 6.373456 ], [ 100.9232912, 6.3735359 ], [ 100.9229216, 6.3740565 ], [ 100.9227649, 6.3742528 ], [ 100.9226764, 6.3743636 ], [ 100.9226578, 6.3743842 ], [ 100.9225013, 6.3745001 ], [ 100.9222371, 6.3746958 ], [ 100.9220984, 6.375053 ], [ 100.9220666, 6.3751542 ], [ 100.9220342, 6.3752572 ], [ 100.9220191, 6.3753054 ], [ 100.9220063, 6.3753708 ], [ 100.9220027, 6.3754213 ], [ 100.9220029, 6.3754661 ], [ 100.9220146, 6.3756136 ], [ 100.9220172, 6.375661 ], [ 100.9220186, 6.3756864 ], [ 100.9220207, 6.3757331 ], [ 100.9220134, 6.3757966 ], [ 100.9219917, 6.3759168 ], [ 100.9219785, 6.3759898 ], [ 100.9219695, 6.3760396 ], [ 100.9219475, 6.3761405 ], [ 100.9219254, 6.3762171 ], [ 100.9219088, 6.3762564 ], [ 100.9217584, 6.3766624 ], [ 100.9216574, 6.3769353 ], [ 100.9213841, 6.3776722 ], [ 100.9213709, 6.3777076 ], [ 100.9213667, 6.3777359 ], [ 100.921359, 6.3777865 ], [ 100.9213545, 6.377816 ], [ 100.9213448, 6.3779248 ], [ 100.9213387, 6.3779925 ], [ 100.9212972, 6.3784549 ], [ 100.9212974, 6.3785016 ], [ 100.921332, 6.3787741 ], [ 100.9213472, 6.3788431 ], [ 100.9213707, 6.3789136 ], [ 100.9214246, 6.3790744 ], [ 100.9214768, 6.3792363 ], [ 100.9215268, 6.3793556 ], [ 100.921564, 6.3794232 ], [ 100.9216156, 6.3795031 ], [ 100.9217433, 6.3796442 ], [ 100.9218071, 6.3796932 ], [ 100.9218659, 6.3797295 ], [ 100.921916, 6.3797605 ], [ 100.9219737, 6.3798116 ], [ 100.9220356, 6.3799202 ], [ 100.9220522, 6.3799558 ], [ 100.9220977, 6.3800533 ], [ 100.922164, 6.3802501 ], [ 100.9221949, 6.3803627 ], [ 100.9222327, 6.3805002 ], [ 100.9222803, 6.380617 ], [ 100.922332, 6.3807338 ], [ 100.9224146, 6.380871 ], [ 100.922489, 6.3810205 ], [ 100.9226047, 6.3812479 ], [ 100.9226526, 6.3814406 ], [ 100.9226819, 6.3816026 ], [ 100.9226964, 6.3817223 ], [ 100.922701, 6.3817606 ], [ 100.9227044, 6.3818333 ], [ 100.9227077, 6.3819022 ], [ 100.9227123, 6.3820581 ], [ 100.9227253, 6.3822223 ], [ 100.9227347, 6.3822704 ], [ 100.9227441, 6.3823187 ], [ 100.9227362, 6.3824008 ], [ 100.9227098, 6.3824871 ], [ 100.9226632, 6.3826186 ], [ 100.9226556, 6.3826369 ], [ 100.9226184, 6.3827275 ], [ 100.9226002, 6.3827652 ], [ 100.9225757, 6.3828159 ], [ 100.922492, 6.3829271 ], [ 100.9224185, 6.38303 ], [ 100.9223389, 6.3831247 ], [ 100.9222653, 6.3832091 ], [ 100.9221835, 6.3832709 ], [ 100.922072, 6.3833192 ], [ 100.9219787, 6.3833475 ], [ 100.9218985, 6.3833684 ], [ 100.9217791, 6.3833893 ], [ 100.9216989, 6.3833934 ], [ 100.9215832, 6.3833919 ], [ 100.9214935, 6.3833885 ], [ 100.9214039, 6.3833777 ], [ 100.9212563, 6.3833446 ], [ 100.921118, 6.3833078 ], [ 100.921004, 6.3832653 ], [ 100.9208861, 6.3832022 ], [ 100.9207252, 6.3830851 ], [ 100.9205141, 6.3829315 ], [ 100.9202984, 6.3827842 ], [ 100.9202311, 6.3827527 ], [ 100.9201564, 6.3827324 ], [ 100.9200891, 6.3827252 ], [ 100.920007, 6.3827237 ], [ 100.9199648, 6.382725 ], [ 100.9199105, 6.3827333 ], [ 100.9198708, 6.3827428 ], [ 100.9198163, 6.3827632 ], [ 100.9197791, 6.382783 ], [ 100.9197311, 6.3828189 ], [ 100.9196902, 6.3828574 ], [ 100.9196538, 6.3829017 ], [ 100.9196334, 6.3829266 ], [ 100.9196259, 6.3829357 ], [ 100.9195895, 6.3829947 ], [ 100.9195732, 6.3830259 ], [ 100.9195473, 6.3830877 ], [ 100.919514, 6.3831849 ], [ 100.9195012, 6.3832578 ], [ 100.9194994, 6.3832722 ], [ 100.9194925, 6.3833335 ], [ 100.9195099, 6.3836057 ], [ 100.9195184, 6.3837389 ], [ 100.9195298, 6.3839188 ], [ 100.9195357, 6.3839916 ], [ 100.9195547, 6.3840718 ], [ 100.9195736, 6.3841352 ], [ 100.919603, 6.3842079 ], [ 100.9196113, 6.3842285 ], [ 100.9196734, 6.3843646 ], [ 100.9198125, 6.3846423 ], [ 100.9198602, 6.3847367 ], [ 100.9198743, 6.3847706 ], [ 100.9198932, 6.3848235 ], [ 100.9199105, 6.3848716 ], [ 100.9199181, 6.3849202 ], [ 100.9199286, 6.3853512 ], [ 100.9199335, 6.3855532 ], [ 100.9199263, 6.3856186 ], [ 100.9199044, 6.3857419 ], [ 100.9198695, 6.3858989 ], [ 100.9198365, 6.386069 ], [ 100.9198111, 6.3862484 ], [ 100.919802, 6.386325 ], [ 100.9197961, 6.3866369 ], [ 100.9197964, 6.386818 ], [ 100.9197951, 6.3869637 ], [ 100.9197994, 6.3871373 ], [ 100.9198075, 6.3872979 ], [ 100.9198172, 6.3874043 ], [ 100.9198247, 6.3874565 ], [ 100.919845, 6.3875986 ], [ 100.9198549, 6.3876464 ], [ 100.9199421, 6.3880638 ], [ 100.9200022, 6.3882319 ], [ 100.9200104, 6.3882554 ], [ 100.9200374, 6.3883323 ], [ 100.9200603, 6.3884061 ], [ 100.920073, 6.3885169 ], [ 100.9200862, 6.3886191 ], [ 100.9201089, 6.3887959 ], [ 100.9201463, 6.3889148 ], [ 100.9202, 6.3890131 ], [ 100.9202223, 6.3890531 ], [ 100.9202537, 6.3891093 ], [ 100.9203175, 6.3891748 ], [ 100.9204101, 6.3892319 ], [ 100.9205211, 6.3892889 ], [ 100.9209768, 6.3894209 ], [ 100.921234, 6.3895145 ], [ 100.9217107, 6.3897282 ], [ 100.9218197, 6.3897996 ], [ 100.9220028, 6.3899426 ], [ 100.9224289, 6.3903309 ], [ 100.922467, 6.3903705 ], [ 100.9224763, 6.39038 ], [ 100.922495, 6.3904415 ], [ 100.9225034, 6.3905072 ], [ 100.9224996, 6.390577 ], [ 100.9224875, 6.390655 ], [ 100.9224654, 6.3907638 ], [ 100.9223845, 6.3910843 ], [ 100.9223751, 6.3911216 ], [ 100.9223455, 6.3912383 ], [ 100.9222814, 6.3913847 ], [ 100.922276, 6.3913969 ], [ 100.9221647, 6.3915343 ], [ 100.9220124, 6.3916947 ], [ 100.9218623, 6.3918277 ], [ 100.9216894, 6.3919745 ], [ 100.9216006, 6.3920342 ], [ 100.9214844, 6.3920894 ], [ 100.9213864, 6.3921172 ], [ 100.9212952, 6.3921358 ], [ 100.9210578, 6.3921412 ], [ 100.9208342, 6.3921329 ], [ 100.9205831, 6.3921247 ], [ 100.9203891, 6.3921277 ], [ 100.9201542, 6.3921674 ], [ 100.9199627, 6.3922138 ], [ 100.9198145, 6.3922577 ], [ 100.9196549, 6.3923063 ], [ 100.9194931, 6.3923685 ], [ 100.9193541, 6.3924238 ], [ 100.9192448, 6.3924813 ], [ 100.9191264, 6.3925525 ], [ 100.9190012, 6.3926398 ], [ 100.9188919, 6.3927132 ], [ 100.9187782, 6.3928324 ], [ 100.9186557, 6.3929656 ], [ 100.9185374, 6.3931164 ], [ 100.9185169, 6.3931526 ], [ 100.9185092, 6.393166 ], [ 100.9184739, 6.3932285 ], [ 100.9184594, 6.3932727 ], [ 100.9184315, 6.3933576 ], [ 100.9184095, 6.3934617 ], [ 100.9184013, 6.3935318 ], [ 100.9183994, 6.3935531 ], [ 100.9183907, 6.3936489 ], [ 100.9183836, 6.3937268 ], [ 100.9183803, 6.3939608 ], [ 100.9183917, 6.3942481 ], [ 100.9184117, 6.3944608 ], [ 100.9184151, 6.3944975 ], [ 100.9184662, 6.3946767 ], [ 100.9184856, 6.3947449 ], [ 100.9184914, 6.3947878 ], [ 100.918496, 6.3950088 ], [ 100.9185015, 6.3952713 ], [ 100.9185107, 6.395712 ], [ 100.9185276, 6.396127 ], [ 100.9185246, 6.3961806 ], [ 100.9185221, 6.3961977 ], [ 100.91852, 6.3962115 ], [ 100.9185128, 6.3962411 ], [ 100.9184904, 6.3962994 ], [ 100.9184675, 6.3963584 ], [ 100.9184456, 6.3963998 ], [ 100.9184321, 6.3964171 ], [ 100.9183798, 6.3964742 ], [ 100.9183086, 6.3965333 ], [ 100.9181187, 6.3966532 ], [ 100.9180796, 6.3966779 ], [ 100.9180174, 6.3967172 ], [ 100.9179514, 6.3967742 ], [ 100.917929, 6.3967968 ], [ 100.9179169, 6.3968141 ], [ 100.9179075, 6.3968332 ], [ 100.9178883, 6.396889 ], [ 100.917827, 6.3970674 ], [ 100.9177299, 6.3973496 ], [ 100.9177184, 6.3973749 ], [ 100.9174102, 6.3979368 ], [ 100.917327, 6.3982192 ], [ 100.9172677, 6.3984207 ], [ 100.9172469, 6.3984912 ], [ 100.9171925, 6.3988296 ], [ 100.9171919, 6.3988615 ], [ 100.9171907, 6.3989219 ], [ 100.9171971, 6.3990073 ], [ 100.9172097, 6.399111 ], [ 100.9172264, 6.3992391 ], [ 100.917245, 6.3993133 ], [ 100.9172576, 6.3993636 ], [ 100.9172677, 6.3994037 ], [ 100.9173396, 6.3996149 ], [ 100.9173806, 6.3997084 ], [ 100.9174277, 6.3997753 ], [ 100.9175196, 6.3999031 ], [ 100.9177196, 6.4000956 ], [ 100.9180763, 6.4004262 ], [ 100.9182979, 6.4007122 ], [ 100.9183264, 6.4007467 ], [ 100.9183454, 6.4007803 ], [ 100.9184448, 6.4009448 ], [ 100.9184658, 6.4009636 ], [ 100.9184879, 6.4009762 ], [ 100.9188917, 6.4011259 ], [ 100.9189264, 6.4011373 ], [ 100.9189622, 6.4011519 ], [ 100.9190221, 6.4011832 ], [ 100.9190737, 6.401204 ], [ 100.9191136, 6.4012144 ], [ 100.9191577, 6.4012216 ], [ 100.9191966, 6.4012225 ], [ 100.9192344, 6.4012223 ], [ 100.9192816, 6.4012159 ], [ 100.9193194, 6.401201 ], [ 100.9193508, 6.401183 ], [ 100.9193728, 6.4011653 ], [ 100.9194258, 6.401116 ], [ 100.9194712, 6.4010654 ], [ 100.9195098, 6.4010186 ], [ 100.9195913, 6.4009101 ], [ 100.9196571, 6.4008121 ], [ 100.9196907, 6.4007558 ], [ 100.9197229, 6.4007095 ], [ 100.9197542, 6.4006689 ], [ 100.9197978, 6.4006212 ], [ 100.9198108, 6.4006082 ], [ 100.9198262, 6.4005943 ], [ 100.9198693, 6.4005634 ], [ 100.9199155, 6.4005412 ], [ 100.9199424, 6.4005304 ], [ 100.9199795, 6.400521 ], [ 100.9200288, 6.4005176 ], [ 100.9200876, 6.4005216 ], [ 100.9201414, 6.4005347 ], [ 100.9201713, 6.4005466 ], [ 100.9201868, 6.4005551 ], [ 100.9202123, 6.4005757 ], [ 100.9202374, 6.400601 ], [ 100.9202459, 6.4006126 ], [ 100.9202655, 6.4006645 ], [ 100.92027, 6.4006917 ], [ 100.9202715, 6.4007128 ], [ 100.9202693, 6.400742 ], [ 100.9202551, 6.4007866 ], [ 100.9202444, 6.4008055 ], [ 100.9202088, 6.400851 ], [ 100.9201817, 6.4008755 ], [ 100.9201405, 6.4009028 ], [ 100.9200629, 6.4009409 ], [ 100.9200026, 6.4009687 ], [ 100.9199684, 6.4009844 ], [ 100.9199402, 6.4010007 ], [ 100.9198994, 6.4010287 ], [ 100.9198623, 6.4010519 ], [ 100.9198037, 6.4010958 ], [ 100.9197832, 6.4011142 ], [ 100.9197434, 6.4011542 ], [ 100.9197167, 6.401192 ], [ 100.9196729, 6.4012818 ], [ 100.9195451, 6.4015694 ], [ 100.9195132, 6.4016368 ], [ 100.9194784, 6.4017041 ], [ 100.919445, 6.4017505 ], [ 100.9194281, 6.4017759 ], [ 100.9191777, 6.4021548 ], [ 100.9191554, 6.4021913 ], [ 100.9190123, 6.4024958 ], [ 100.9189984, 6.4025253 ], [ 100.9189309, 6.40275 ], [ 100.9188864, 6.4028983 ], [ 100.9188782, 6.4029319 ], [ 100.9188319, 6.4032808 ], [ 100.9188306, 6.4033173 ], [ 100.9188705, 6.4041205 ], [ 100.9188612, 6.4041533 ], [ 100.9188353, 6.404195 ], [ 100.9188118, 6.4042261 ], [ 100.9188058, 6.4042341 ], [ 100.9183966, 6.4047749 ], [ 100.9183685, 6.4048121 ], [ 100.9183518, 6.4048303 ], [ 100.9183154, 6.404906 ], [ 100.9182101, 6.405125 ], [ 100.9181948, 6.4051643 ], [ 100.9181281, 6.4054895 ], [ 100.9181192, 6.4055329 ], [ 100.9181152, 6.4055513 ], [ 100.9181054, 6.405596 ], [ 100.9180953, 6.4057861 ], [ 100.9180942, 6.4058072 ], [ 100.918061, 6.4064281 ], [ 100.9180612, 6.40688 ], [ 100.9180612, 6.4069979 ], [ 100.9180613, 6.4070788 ], [ 100.9180613, 6.4071724 ], [ 100.9180834, 6.4074577 ], [ 100.918094, 6.4075937 ], [ 100.9181479, 6.4081098 ], [ 100.9181539, 6.4083982 ], [ 100.9181581, 6.4085245 ], [ 100.9181682, 6.4085889 ], [ 100.918182, 6.4086408 ], [ 100.9182107, 6.4087001 ], [ 100.9182468, 6.4087545 ], [ 100.918367, 6.4088879 ], [ 100.9183951, 6.4089242 ], [ 100.9185625, 6.4091435 ], [ 100.9186925, 6.4092437 ], [ 100.9189087, 6.4094104 ], [ 100.9189697, 6.4094327 ], [ 100.91907, 6.4094546 ], [ 100.9194119, 6.4095276 ], [ 100.9195122, 6.4095595 ], [ 100.9195717, 6.4095852 ], [ 100.9196052, 6.4096012 ], [ 100.9197747, 6.4097717 ], [ 100.9198401, 6.4098406 ], [ 100.919881, 6.4099014 ], [ 100.9198865, 6.4099173 ], [ 100.9198994, 6.4099543 ], [ 100.9199079, 6.4100315 ], [ 100.9199082, 6.4101169 ], [ 100.9199127, 6.4102451 ], [ 100.9199171, 6.4103345 ], [ 100.919942, 6.4104646 ], [ 100.9199442, 6.4104983 ], [ 100.9199548, 6.4106654 ], [ 100.9199632, 6.4108353 ], [ 100.919937, 6.4108882 ], [ 100.9199025, 6.410923 ], [ 100.9198366, 6.4109678 ], [ 100.9197692, 6.4110275 ], [ 100.9197133, 6.4110871 ], [ 100.9196739, 6.4111418 ], [ 100.919646, 6.4111963 ], [ 100.9196232, 6.4112707 ], [ 100.9196037, 6.4113566 ], [ 100.9195975, 6.4114557 ], [ 100.9195961, 6.41153 ], [ 100.9196148, 6.4116636 ], [ 100.9196355, 6.4119145 ], [ 100.9196699, 6.4122891 ], [ 100.9196817, 6.4123931 ], [ 100.919697, 6.412459 ], [ 100.9197066, 6.4124865 ], [ 100.919712, 6.4125018 ], [ 100.9197233, 6.4125341 ], [ 100.9197719, 6.4126288 ], [ 100.9198326, 6.4127437 ], [ 100.9200137, 6.4130046 ], [ 100.920047, 6.4130625 ], [ 100.9200533, 6.4130734 ], [ 100.9200589, 6.4130858 ], [ 100.9200772, 6.413128 ], [ 100.9200834, 6.4131627 ], [ 100.9200835, 6.4131975 ], [ 100.9200804, 6.4132346 ], [ 100.9200742, 6.4132677 ], [ 100.9200097, 6.4135152 ], [ 100.9199794, 6.4136314 ], [ 100.919969, 6.4136828 ], [ 100.9199664, 6.4137183 ], [ 100.9199438, 6.4140247 ], [ 100.9199115, 6.414461 ], [ 100.9199088, 6.4145411 ], [ 100.919909, 6.4145925 ], [ 100.9199536, 6.4152026 ], [ 100.9199553, 6.4152479 ], [ 100.9199512, 6.4154698 ], [ 100.919949, 6.4155894 ], [ 100.9199416, 6.4156317 ], [ 100.9199221, 6.4156695 ], [ 100.9198801, 6.4157455 ], [ 100.9198126, 6.4158678 ], [ 100.9197826, 6.4159299 ], [ 100.919749, 6.4160276 ], [ 100.9197378, 6.41606 ], [ 100.9197259, 6.4161114 ], [ 100.9197216, 6.4161582 ], [ 100.9197238, 6.4162836 ], [ 100.9197254, 6.4163788 ], [ 100.9197465, 6.4171642 ], [ 100.9197542, 6.417211 ], [ 100.9197697, 6.4173046 ], [ 100.9198533, 6.4178648 ], [ 100.9198596, 6.4179282 ], [ 100.9198643, 6.4179901 ], [ 100.9198692, 6.4180792 ], [ 100.9198741, 6.4181608 ], [ 100.9198804, 6.4182348 ], [ 100.9198911, 6.4182907 ], [ 100.9201697, 6.4192685 ], [ 100.9203976, 6.4198445 ], [ 100.920409, 6.4198734 ], [ 100.9204457, 6.4199805 ], [ 100.9204901, 6.4201184 ], [ 100.9205007, 6.420151 ], [ 100.9205344, 6.4202748 ], [ 100.9205589, 6.4203653 ], [ 100.9206192, 6.4205446 ], [ 100.9206641, 6.4206435 ], [ 100.9207024, 6.4207259 ], [ 100.920743, 6.4208306 ], [ 100.920749, 6.4208462 ], [ 100.9207873, 6.4209336 ], [ 100.9208273, 6.4210391 ], [ 100.9208722, 6.4211165 ], [ 100.9209302, 6.4211856 ], [ 100.9210146, 6.4212579 ], [ 100.921104, 6.4213286 ], [ 100.9211918, 6.4214157 ], [ 100.9213044, 6.4215308 ], [ 100.9214502, 6.4216657 ], [ 100.9215726, 6.4217477 ], [ 100.9216784, 6.4217969 ], [ 100.9217825, 6.4218411 ], [ 100.9218652, 6.4218804 ], [ 100.9218816, 6.4218899 ], [ 100.9219175, 6.4219107 ], [ 100.9219399, 6.4219357 ], [ 100.9219546, 6.4219642 ], [ 100.9219625, 6.4220115 ], [ 100.921975, 6.4221383 ], [ 100.9219769, 6.4221577 ], [ 100.9219855, 6.4222141 ], [ 100.9220024, 6.4222663 ], [ 100.9220326, 6.422336 ], [ 100.9220873, 6.4224622 ], [ 100.9221293, 6.4225771 ], [ 100.9221389, 6.4226032 ], [ 100.9221511, 6.4226514 ], [ 100.9221523, 6.4226821 ], [ 100.9221532, 6.4227043 ], [ 100.9221553, 6.4227702 ], [ 100.9221549, 6.4229095 ], [ 100.922196, 6.4232325 ], [ 100.9222057, 6.4233007 ], [ 100.922233, 6.423491 ], [ 100.9223387, 6.4238332 ], [ 100.922395, 6.4241276 ], [ 100.92241, 6.424206 ], [ 100.9224217, 6.4243978 ], [ 100.9224243, 6.424442 ], [ 100.9223977, 6.4245614 ], [ 100.9223886, 6.4246022 ], [ 100.9223511, 6.4247367 ], [ 100.9223333, 6.4248005 ], [ 100.9223007, 6.4249129 ], [ 100.9222664, 6.4250088 ], [ 100.9222287, 6.4250766 ], [ 100.922168, 6.4251676 ], [ 100.9221023, 6.4252537 ], [ 100.922035, 6.4253629 ], [ 100.9220271, 6.4253859 ], [ 100.9220124, 6.4254286 ], [ 100.921996, 6.4255104 ], [ 100.9219885, 6.4256554 ], [ 100.9219994, 6.4258117 ], [ 100.9220055, 6.4258997 ], [ 100.9220162, 6.4259959 ], [ 100.9220249, 6.4260742 ], [ 100.9220442, 6.426195 ], [ 100.9220814, 6.4263503 ], [ 100.9221177, 6.4264579 ], [ 100.9221436, 6.4265122 ], [ 100.9221717, 6.4265643 ], [ 100.9222311, 6.4266455 ], [ 100.9223012, 6.4267151 ], [ 100.9223766, 6.4267685 ], [ 100.9224627, 6.4268165 ], [ 100.922537, 6.4268504 ], [ 100.9226053, 6.4268733 ], [ 100.9226655, 6.4268894 ], [ 100.9227458, 6.4269011 ], [ 100.9229311, 6.4269178 ], [ 100.9229666, 6.4269273 ], [ 100.9234734, 6.4271538 ], [ 100.9236024, 6.427199 ], [ 100.9237368, 6.4272441 ], [ 100.9238632, 6.4272812 ], [ 100.9239438, 6.4273105 ], [ 100.9239842, 6.4273345 ], [ 100.9241888, 6.4274841 ], [ 100.9242561, 6.4275376 ], [ 100.924301, 6.4275821 ], [ 100.9243233, 6.4276086 ], [ 100.9243586, 6.427658 ], [ 100.9243768, 6.4276972 ], [ 100.9243971, 6.4277558 ], [ 100.9244102, 6.4278163 ], [ 100.9244347, 6.427921 ], [ 100.9244702, 6.4280551 ], [ 100.9245135, 6.4281731 ], [ 100.9246465, 6.4285352 ], [ 100.9248146, 6.4289857 ], [ 100.924839, 6.429034 ], [ 100.9250524, 6.429393 ], [ 100.9251442, 6.4295404 ], [ 100.925236, 6.4296797 ], [ 100.9253316, 6.4298269 ], [ 100.9253387, 6.4298378 ], [ 100.925363, 6.4298914 ], [ 100.9253848, 6.4299744 ], [ 100.9254094, 6.4300953 ], [ 100.9254748, 6.4304357 ], [ 100.9255031, 6.4305833 ], [ 100.9255217, 6.4306804 ], [ 100.9255318, 6.4307181 ], [ 100.9256006, 6.4309753 ], [ 100.9256524, 6.4311687 ], [ 100.9256958, 6.4312786 ], [ 100.9257716, 6.4314422 ], [ 100.9258257, 6.4315494 ], [ 100.9258797, 6.4316405 ], [ 100.9259392, 6.4317504 ], [ 100.9259851, 6.4318254 ], [ 100.9260149, 6.4318844 ], [ 100.9261913, 6.4323913 ], [ 100.9262184, 6.4324476 ], [ 100.9264969, 6.432989 ], [ 100.9265589, 6.4330479 ], [ 100.9266371, 6.4331362 ], [ 100.9267179, 6.4332084 ], [ 100.9268094, 6.4332779 ], [ 100.9271431, 6.4334834 ], [ 100.9281436, 6.4339389 ], [ 100.9288629, 6.4345995 ], [ 100.9288899, 6.4346344 ], [ 100.9290652, 6.4348351 ], [ 100.9299436, 6.4356831 ], [ 100.9302026, 6.4360179 ], [ 100.9305001, 6.4365995 ], [ 100.9305581, 6.4367471 ], [ 100.9306276, 6.436924 ], [ 100.9306358, 6.4369696 ], [ 100.9306608, 6.4371871 ], [ 100.9306638, 6.4372891 ], [ 100.9306331, 6.4376948 ], [ 100.9306319, 6.438207 ], [ 100.930631, 6.4385568 ], [ 100.9306848, 6.4392925 ], [ 100.9308394, 6.4399543 ], [ 100.930955, 6.440449 ], [ 100.9311562, 6.4409432 ], [ 100.9313479, 6.4414143 ], [ 100.9316399, 6.4419503 ], [ 100.9316724, 6.4420066 ], [ 100.931778, 6.4422479 ], [ 100.9325035, 6.4438378 ], [ 100.9328605, 6.4445078 ], [ 100.9329764, 6.4446363 ], [ 100.9331867, 6.4448664 ], [ 100.9334022, 6.445059 ], [ 100.9334611, 6.4451022 ], [ 100.9343456, 6.4456565 ], [ 100.9347538, 6.445879 ], [ 100.9347901, 6.445893 ], [ 100.9353506, 6.4460862 ], [ 100.9355098, 6.4461299 ], [ 100.9356146, 6.4461436 ], [ 100.9357133, 6.4461493 ], [ 100.9357999, 6.446147 ], [ 100.9358844, 6.4461346 ], [ 100.9359548, 6.4461101 ], [ 100.9360372, 6.4460736 ], [ 100.9361155, 6.4460209 ], [ 100.9361878, 6.4459562 ], [ 100.9362419, 6.4458855 ], [ 100.9363239, 6.4457441 ], [ 100.9363498, 6.4456836 ], [ 100.9363717, 6.4455969 ], [ 100.9363913, 6.44547 ], [ 100.936395, 6.4454484 ], [ 100.936411, 6.4453531 ], [ 100.9364289, 6.4452966 ], [ 100.9364489, 6.4452502 ], [ 100.9364869, 6.4451957 ], [ 100.936523, 6.4451593 ], [ 100.9366254, 6.4450642 ], [ 100.936719, 6.4449756 ], [ 100.9367779, 6.444919 ], [ 100.9368447, 6.4448489 ], [ 100.9369356, 6.4447384 ], [ 100.9370238, 6.4446414 ], [ 100.93708, 6.4445821 ], [ 100.9371469, 6.4445201 ], [ 100.9372432, 6.4444445 ], [ 100.9372914, 6.4444014 ], [ 100.9376104, 6.4436817 ], [ 100.9378319, 6.4432473 ], [ 100.9378764, 6.443174 ], [ 100.9379202, 6.4431283 ], [ 100.9379846, 6.4430914 ], [ 100.9380593, 6.4430544 ], [ 100.9381267, 6.4430292 ], [ 100.9381854, 6.4430202 ], [ 100.9382778, 6.4430301 ], [ 100.9383982, 6.4430561 ], [ 100.9387194, 6.4431033 ], [ 100.9388709, 6.4431247 ], [ 100.9390961, 6.4431438 ], [ 100.9393528, 6.4432314 ], [ 100.9393942, 6.4432529 ], [ 100.9394167, 6.4432674 ], [ 100.9394506, 6.4432927 ], [ 100.9394605, 6.4433033 ], [ 100.9394794, 6.4433357 ], [ 100.9397821, 6.4439668 ], [ 100.9398272, 6.4440437 ], [ 100.9398547, 6.4440735 ], [ 100.9399153, 6.4441155 ], [ 100.939998, 6.4441615 ], [ 100.9400827, 6.4441955 ], [ 100.9401535, 6.4442139 ], [ 100.9401921, 6.4442238 ], [ 100.9402417, 6.4442341 ], [ 100.9402798, 6.4442395 ], [ 100.940372, 6.4442489 ], [ 100.9405331, 6.4442554 ], [ 100.9406477, 6.4442693 ], [ 100.9407444, 6.4442833 ], [ 100.9409127, 6.4443113 ], [ 100.9410417, 6.4443358 ], [ 100.9410781, 6.4443442 ], [ 100.9413642, 6.4444098 ], [ 100.9416622, 6.4444475 ], [ 100.9417695, 6.4444576 ], [ 100.9418071, 6.4444612 ], [ 100.9420226, 6.4444583 ], [ 100.9422259, 6.4444474 ], [ 100.9423702, 6.4444367 ], [ 100.9425491, 6.4444218 ], [ 100.9426934, 6.444407 ], [ 100.9427766, 6.4443822 ], [ 100.9429187, 6.4443146 ], [ 100.9444285, 6.4435472 ], [ 100.9444813, 6.4435273 ], [ 100.9447227, 6.4434584 ], [ 100.9451315, 6.4433556 ], [ 100.9454605, 6.4432864 ], [ 100.9456397, 6.4432588 ], [ 100.9456944, 6.4432538 ], [ 100.9457307, 6.4432537 ], [ 100.9458085, 6.4432515 ], [ 100.9459682, 6.4432472 ], [ 100.9460084, 6.4432425 ], [ 100.9460439, 6.4432342 ], [ 100.946336, 6.4431364 ], [ 100.9467144, 6.4430097 ], [ 100.9480537, 6.4425423 ], [ 100.9480989, 6.4425286 ], [ 100.9486971, 6.4424168 ], [ 100.9488098, 6.4424022 ], [ 100.9489044, 6.4424039 ], [ 100.9489709, 6.4424097 ], [ 100.9490313, 6.4424256 ], [ 100.9491423, 6.4424815 ], [ 100.9493118, 6.4425816 ], [ 100.9496385, 6.4427969 ], [ 100.9506283, 6.44325 ], [ 100.9507845, 6.4433401 ], [ 100.9508127, 6.4433564 ], [ 100.9509477, 6.4434617 ], [ 100.9510937, 6.4435655 ], [ 100.9511841, 6.4436289 ], [ 100.9512712, 6.4436937 ], [ 100.9512946, 6.4437111 ], [ 100.9513036, 6.443721 ], [ 100.9513156, 6.4437342 ], [ 100.9513257, 6.4437627 ], [ 100.9513225, 6.4437914 ], [ 100.9513073, 6.4438564 ], [ 100.9512755, 6.4439534 ], [ 100.9512639, 6.4440095 ], [ 100.9512666, 6.4440435 ], [ 100.9512763, 6.4440832 ], [ 100.9512929, 6.4441217 ], [ 100.9513658, 6.4441952 ], [ 100.9515535, 6.4443661 ], [ 100.9518301, 6.4446189 ], [ 100.9519273, 6.4447077 ], [ 100.9520403, 6.4447938 ], [ 100.9521301, 6.4448513 ], [ 100.952192, 6.4448808 ], [ 100.9523061, 6.4449161 ], [ 100.9524229, 6.4449458 ], [ 100.9525714, 6.4449865 ], [ 100.9526993, 6.4450162 ], [ 100.9528725, 6.445053 ], [ 100.952911, 6.44508 ], [ 100.9529537, 6.4451183 ], [ 100.9529937, 6.4451593 ], [ 100.953005, 6.4451784 ], [ 100.9530255, 6.4452128 ], [ 100.9530574, 6.4452868 ], [ 100.9530727, 6.44535 ], [ 100.9530895, 6.4454227 ], [ 100.9530953, 6.4455024 ], [ 100.9530955, 6.4455711 ], [ 100.9530945, 6.4456617 ], [ 100.9530811, 6.4457621 ], [ 100.9530677, 6.4458418 ], [ 100.953042, 6.4459367 ], [ 100.9529998, 6.4460426 ], [ 100.9529808, 6.446086 ], [ 100.9529732, 6.4461032 ], [ 100.9528923, 6.4462876 ], [ 100.9528502, 6.4463648 ], [ 100.952843, 6.4463779 ], [ 100.9527804, 6.4464927 ], [ 100.9526344, 6.4467281 ], [ 100.9525758, 6.4468355 ], [ 100.9525298, 6.446925 ], [ 100.9525268, 6.4469405 ], [ 100.9524942, 6.4471104 ], [ 100.9524825, 6.4472072 ], [ 100.9524807, 6.4472495 ], [ 100.9525061, 6.4475958 ], [ 100.9525064, 6.4476562 ], [ 100.9524899, 6.4477969 ], [ 100.9524557, 6.4480895 ], [ 100.9524478, 6.4481258 ], [ 100.9523802, 6.4483516 ], [ 100.9522395, 6.4489463 ], [ 100.9520926, 6.4494948 ], [ 100.9520757, 6.4496105 ], [ 100.9520677, 6.4498352 ], [ 100.9520721, 6.4499633 ], [ 100.9520862, 6.4501729 ], [ 100.9521072, 6.4503024 ], [ 100.9521494, 6.4504101 ], [ 100.9522316, 6.4506101 ], [ 100.9522991, 6.4507521 ], [ 100.9523094, 6.4507739 ], [ 100.9523203, 6.4507968 ], [ 100.9523998, 6.4509854 ], [ 100.9524755, 6.4511651 ], [ 100.9525544, 6.4512695 ], [ 100.952599, 6.4513257 ], [ 100.9526656, 6.4513879 ], [ 100.9527202, 6.451428 ], [ 100.9527766, 6.4514519 ], [ 100.9528411, 6.4514658 ], [ 100.9528975, 6.4514656 ], [ 100.9529619, 6.4514553 ], [ 100.9530424, 6.4514288 ], [ 100.9531126, 6.4513721 ], [ 100.9533427, 6.451146 ], [ 100.9535045, 6.450805 ], [ 100.9535265, 6.4507626 ], [ 100.9535605, 6.4507081 ], [ 100.9536507, 6.450603 ], [ 100.9537089, 6.4505384 ], [ 100.9537248, 6.450492 ], [ 100.9537286, 6.4504376 ], [ 100.9537284, 6.4503879 ], [ 100.9537284, 6.4503711 ], [ 100.9537219, 6.4502898 ], [ 100.9537198, 6.4502322 ], [ 100.9537262, 6.4501574 ], [ 100.9537337, 6.4501216 ], [ 100.9537532, 6.4500935 ], [ 100.9537786, 6.4500713 ], [ 100.953804, 6.4500602 ], [ 100.9538261, 6.4500542 ], [ 100.9538533, 6.4500541 ], [ 100.9538822, 6.4500573 ], [ 100.9539025, 6.4500674 ], [ 100.9539119, 6.4500761 ], [ 100.9539248, 6.4500912 ], [ 100.9539382, 6.45011 ], [ 100.9539502, 6.4501333 ], [ 100.9539607, 6.4501582 ], [ 100.9539788, 6.4502244 ], [ 100.9539934, 6.4502804 ], [ 100.9540063, 6.450322 ], [ 100.9540235, 6.4503678 ], [ 100.9540446, 6.4504152 ], [ 100.9540893, 6.4504926 ], [ 100.9541176, 6.4505368 ], [ 100.9541641, 6.4505769 ], [ 100.9546045, 6.4509499 ], [ 100.9546469, 6.4509859 ], [ 100.954881, 6.4511281 ], [ 100.9554016, 6.451402 ], [ 100.9554722, 6.4514179 ], [ 100.9555971, 6.4514395 ], [ 100.9557119, 6.4514532 ], [ 100.9558267, 6.4514568 ], [ 100.9559938, 6.451444 ], [ 100.9560582, 6.4514418 ], [ 100.9566278, 6.4513711 ], [ 100.9566982, 6.4513567 ], [ 100.957507, 6.4511824 ], [ 100.9575794, 6.451164 ], [ 100.9580701, 6.4509889 ], [ 100.9581465, 6.4509624 ], [ 100.9582028, 6.4509401 ], [ 100.9590009, 6.4505886 ], [ 100.9590351, 6.4505784 ], [ 100.9593839, 6.4505418 ], [ 100.9595182, 6.4505386 ], [ 100.959741, 6.4505458 ], [ 100.9599049, 6.450572 ], [ 100.9600769, 6.450625 ], [ 100.9601476, 6.4506512 ], [ 100.9602249, 6.4506938 ], [ 100.9602814, 6.4507344 ], [ 100.9603363, 6.4507851 ], [ 100.9603595, 6.4508066 ], [ 100.9603703, 6.4508207 ], [ 100.9604053, 6.4508665 ], [ 100.960425, 6.4508939 ], [ 100.9604309, 6.4509045 ], [ 100.9605184, 6.4510822 ], [ 100.9605324, 6.4511203 ], [ 100.9605361, 6.4511349 ], [ 100.9605407, 6.4511718 ], [ 100.9605519, 6.4512624 ], [ 100.9605525, 6.4514101 ], [ 100.9605342, 6.4515417 ], [ 100.9605329, 6.4515575 ], [ 100.9605251, 6.4516281 ], [ 100.9605143, 6.4517029 ], [ 100.9605036, 6.4517772 ], [ 100.9605017, 6.4518175 ], [ 100.9605019, 6.4518719 ], [ 100.9605062, 6.4519323 ], [ 100.9605144, 6.4519849 ], [ 100.9605155, 6.4520055 ], [ 100.9605326, 6.4523397 ], [ 100.9605348, 6.4523823 ], [ 100.9605431, 6.4524655 ], [ 100.9605622, 6.4525434 ], [ 100.9606109, 6.4526452 ], [ 100.9606785, 6.4527578 ], [ 100.9607433, 6.4528569 ], [ 100.9608298, 6.4530096 ], [ 100.9609706, 6.4533206 ], [ 100.9609804, 6.4533524 ], [ 100.9609978, 6.4534091 ], [ 100.96102, 6.4535836 ], [ 100.9610347, 6.4536964 ], [ 100.9610304, 6.454541 ], [ 100.9610294, 6.4547373 ], [ 100.9609907, 6.4551321 ], [ 100.96098, 6.455242 ], [ 100.9609833, 6.4553115 ], [ 100.9610064, 6.4554247 ], [ 100.961037, 6.4555333 ], [ 100.9610616, 6.4556586 ], [ 100.9610744, 6.4558414 ], [ 100.961072, 6.4559909 ], [ 100.96107, 6.456024 ], [ 100.9610634, 6.456133 ], [ 100.9610429, 6.4562871 ], [ 100.9610195, 6.4563861 ], [ 100.9610072, 6.4564383 ], [ 100.9609775, 6.4565502 ], [ 100.9609252, 6.4567075 ], [ 100.9608567, 6.4569571 ], [ 100.960821, 6.4571037 ], [ 100.9607899, 6.4572715 ], [ 100.9607753, 6.4574 ], [ 100.9607758, 6.4575087 ], [ 100.9607889, 6.4576627 ], [ 100.9607979, 6.457767 ], [ 100.9608045, 6.4578149 ], [ 100.9608134, 6.4578572 ], [ 100.9608404, 6.4579396 ], [ 100.960902, 6.4580747 ], [ 100.9609352, 6.458123 ], [ 100.9609579, 6.4581486 ], [ 100.9611563, 6.4582883 ], [ 100.9611851, 6.4583169 ], [ 100.9613187, 6.4585037 ], [ 100.9614998, 6.4588399 ], [ 100.9615515, 6.4589333 ], [ 100.9615711, 6.4589829 ], [ 100.9615789, 6.4590027 ], [ 100.9615988, 6.4590706 ], [ 100.9616096, 6.4591249 ], [ 100.9616113, 6.4591778 ], [ 100.9616116, 6.4592428 ], [ 100.961572, 6.4595571 ], [ 100.9615571, 6.459604 ], [ 100.9615316, 6.4596494 ], [ 100.9614985, 6.4596949 ], [ 100.9614037, 6.4597768 ], [ 100.9613435, 6.4598314 ], [ 100.9612728, 6.4599087 ], [ 100.9612322, 6.4599663 ], [ 100.9612038, 6.4600284 ], [ 100.9611904, 6.4600798 ], [ 100.9611876, 6.4601281 ], [ 100.9611877, 6.4601749 ], [ 100.9611895, 6.4602248 ], [ 100.9611897, 6.4602867 ], [ 100.9611528, 6.4607702 ], [ 100.9611494, 6.4608141 ], [ 100.9611512, 6.4608836 ], [ 100.9611605, 6.4609485 ], [ 100.9611743, 6.4610074 ], [ 100.961182, 6.4610406 ], [ 100.9612048, 6.4610828 ], [ 100.9612383, 6.461137 ], [ 100.9612747, 6.4611883 ], [ 100.9613158, 6.4612682 ], [ 100.961398, 6.4614431 ], [ 100.9614178, 6.4614777 ], [ 100.9614454, 6.4615192 ], [ 100.961685, 6.461776 ], [ 100.961733, 6.4618379 ], [ 100.9617714, 6.4618998 ], [ 100.9617848, 6.4619286 ], [ 100.9618003, 6.4619618 ], [ 100.9618052, 6.4620143 ], [ 100.9618201, 6.4621575 ], [ 100.961823, 6.4622433 ], [ 100.9618255, 6.4623198 ], [ 100.961826, 6.4624487 ], [ 100.961846, 6.4626778 ], [ 100.9621224, 6.4639051 ], [ 100.9622411, 6.4641343 ], [ 100.9626235, 6.4649984 ], [ 100.9629623, 6.4655303 ], [ 100.9630462, 6.4657445 ], [ 100.9632537, 6.4662906 ], [ 100.9632905, 6.4664158 ], [ 100.9633103, 6.4664716 ], [ 100.9633606, 6.4665772 ], [ 100.963388, 6.4666405 ], [ 100.9634812, 6.4669302 ], [ 100.9637248, 6.4678205 ], [ 100.9637606, 6.4679229 ], [ 100.9637893, 6.4679899 ], [ 100.9637943, 6.4679993 ], [ 100.9638344, 6.4680752 ], [ 100.9638692, 6.4681381 ], [ 100.9639182, 6.468201 ], [ 100.9640264, 6.4683165 ], [ 100.9641387, 6.4684137 ], [ 100.9642835, 6.4685291 ], [ 100.9644202, 6.4686445 ], [ 100.964567, 6.4687619 ], [ 100.9646771, 6.4688217 ], [ 100.9648465, 6.4688751 ], [ 100.9649192, 6.4688987 ], [ 100.9649737, 6.4689064 ], [ 100.9650157, 6.4689062 ], [ 100.9650641, 6.4689051 ], [ 100.9651221, 6.4688965 ], [ 100.9651606, 6.468886 ], [ 100.965224, 6.4688676 ], [ 100.9652873, 6.4688357 ], [ 100.9653581, 6.468781 ], [ 100.9654559, 6.468687 ], [ 100.9655206, 6.4686172 ], [ 100.9655626, 6.4685627 ], [ 100.9656331, 6.4684325 ], [ 100.9657035, 6.4682691 ], [ 100.9658094, 6.4679606 ], [ 100.9658244, 6.4679166 ], [ 100.965958, 6.4676956 ], [ 100.9659805, 6.4676622 ], [ 100.9660211, 6.4676228 ], [ 100.9660859, 6.4675667 ], [ 100.9661476, 6.4675256 ], [ 100.9662455, 6.4674618 ], [ 100.9663028, 6.4674178 ], [ 100.9666507, 6.4671476 ], [ 100.967105, 6.4669585 ], [ 100.967576, 6.4667709 ], [ 100.9679265, 6.4666302 ], [ 100.9683568, 6.466465 ], [ 100.9685071, 6.466431 ], [ 100.9686407, 6.4664119 ], [ 100.9687243, 6.4664079 ], [ 100.9688172, 6.4664131 ], [ 100.9688859, 6.466424 ], [ 100.9689454, 6.4664423 ], [ 100.9690217, 6.4664792 ], [ 100.9691241, 6.4665457 ], [ 100.9693257, 6.4666772 ], [ 100.9693364, 6.4666842 ], [ 100.9695096, 6.4668043 ], [ 100.9696754, 6.4669281 ], [ 100.9697288, 6.4669713 ], [ 100.9697965, 6.4670261 ], [ 100.9699138, 6.4670925 ], [ 100.9700272, 6.4671404 ], [ 100.9701072, 6.4671661 ], [ 100.9702713, 6.4671911 ], [ 100.9703942, 6.4671967 ], [ 100.9704868, 6.4671963 ], [ 100.9705694, 6.4672 ], [ 100.97066, 6.4672077 ], [ 100.9713208, 6.4672857 ], [ 100.9713712, 6.4672956 ], [ 100.9719357, 6.4674868 ], [ 100.9721252, 6.4675263 ], [ 100.9726169, 6.4676291 ], [ 100.9727106, 6.4676594 ], [ 100.9727661, 6.4676916 ], [ 100.9728122, 6.4677311 ], [ 100.9728866, 6.4677945 ], [ 100.9729621, 6.4678716 ], [ 100.9729782, 6.4678927 ], [ 100.9730073, 6.467931 ], [ 100.9730283, 6.4679695 ], [ 100.9730442, 6.4680144 ], [ 100.9730632, 6.4680781 ], [ 100.973079, 6.4681559 ], [ 100.9730926, 6.4682683 ], [ 100.9730963, 6.4682989 ], [ 100.9731173, 6.4684381 ], [ 100.97314, 6.4685606 ], [ 100.9731683, 6.4686646 ], [ 100.9731945, 6.4687239 ], [ 100.9732263, 6.4687832 ], [ 100.9732655, 6.468824 ], [ 100.9733214, 6.4688665 ], [ 100.9733865, 6.4688941 ], [ 100.9734245, 6.4689249 ], [ 100.9734593, 6.4689941 ], [ 100.9734875, 6.469085 ], [ 100.9735066, 6.4692057 ], [ 100.9735239, 6.4693506 ], [ 100.973528, 6.4694602 ], [ 100.9735321, 6.4695697 ], [ 100.9735307, 6.4696887 ], [ 100.9735312, 6.4698113 ], [ 100.9735241, 6.4698986 ], [ 100.9734931, 6.4700325 ], [ 100.9734637, 6.4701236 ], [ 100.9734196, 6.470239 ], [ 100.9733422, 6.4704102 ], [ 100.9732816, 6.4705721 ], [ 100.9732449, 6.4706837 ], [ 100.9732285, 6.4707692 ], [ 100.9732233, 6.4708807 ], [ 100.9732199, 6.4709624 ], [ 100.9732323, 6.4710908 ], [ 100.9732335, 6.4711036 ], [ 100.9732454, 6.4712147 ], [ 100.9732585, 6.4714153 ], [ 100.9732742, 6.4716158 ], [ 100.973285, 6.4718635 ], [ 100.9732823, 6.4719973 ], [ 100.9732653, 6.4721437 ], [ 100.9732508, 6.472268 ], [ 100.9732277, 6.4724668 ], [ 100.9729436, 6.4730685 ], [ 100.9729361, 6.4730843 ], [ 100.9729325, 6.4730952 ], [ 100.9727019, 6.4738004 ], [ 100.9726833, 6.4738256 ], [ 100.9726732, 6.4738366 ], [ 100.972617, 6.473871 ], [ 100.9725566, 6.4738813 ], [ 100.9724942, 6.4738856 ], [ 100.9724479, 6.4738777 ], [ 100.9723955, 6.4738679 ], [ 100.9723371, 6.4738681 ], [ 100.9723033, 6.473877 ], [ 100.9722827, 6.4738824 ], [ 100.9722245, 6.4739129 ], [ 100.9721844, 6.4739553 ], [ 100.9721564, 6.4740078 ], [ 100.9721327, 6.4740653 ], [ 100.9721264, 6.4740804 ], [ 100.9721006, 6.4741752 ], [ 100.9720937, 6.474234 ], [ 100.9720792, 6.4743565 ], [ 100.9720655, 6.4744734 ], [ 100.9720607, 6.4745326 ], [ 100.9720579, 6.4745681 ], [ 100.9720622, 6.4746487 ], [ 100.9720645, 6.4747292 ], [ 100.9720686, 6.4747665 ], [ 100.9720958, 6.4750151 ], [ 100.9721023, 6.4751218 ], [ 100.9721026, 6.4752105 ], [ 100.9720989, 6.4752729 ], [ 100.972085, 6.4753491 ], [ 100.9720587, 6.4754931 ], [ 100.9719707, 6.4759763 ], [ 100.9719655, 6.4760216 ], [ 100.9719647, 6.4760669 ], [ 100.9719649, 6.4761143 ], [ 100.9719712, 6.4761627 ], [ 100.9719838, 6.476207 ], [ 100.9720066, 6.4762532 ], [ 100.9720516, 6.4763226 ], [ 100.972114, 6.4764048 ], [ 100.9721909, 6.4764905 ], [ 100.9722251, 6.4765419 ], [ 100.9722623, 6.4765953 ], [ 100.9723193, 6.4766683 ], [ 100.9723648, 6.4767103 ], [ 100.972465, 6.4767913 ], [ 100.9725589, 6.4768456 ], [ 100.9726848, 6.4769069 ], [ 100.9727581, 6.4769478 ], [ 100.9727943, 6.4769693 ], [ 100.9728356, 6.4769949 ], [ 100.9728563, 6.4770237 ], [ 100.9728812, 6.4770699 ], [ 100.9729341, 6.4771748 ], [ 100.9729673, 6.4772345 ], [ 100.9730242, 6.4772991 ], [ 100.9732484, 6.4774683 ], [ 100.9737163, 6.4778116 ], [ 100.9738116, 6.4778849 ], [ 100.9741573, 6.4781509 ], [ 100.9742968, 6.4783337 ], [ 100.9743796, 6.4784422 ], [ 100.974436, 6.4785113 ], [ 100.9745569, 6.4786346 ], [ 100.9748185, 6.4788531 ], [ 100.9750106, 6.4790175 ], [ 100.9752176, 6.4791933 ], [ 100.975392, 6.4793711 ], [ 100.9753998, 6.4793791 ], [ 100.9754612, 6.4794515 ], [ 100.9754844, 6.4794894 ], [ 100.9755078, 6.4795537 ], [ 100.9755295, 6.479618 ], [ 100.9755695, 6.4797301 ], [ 100.9756346, 6.4799031 ], [ 100.9756729, 6.4800037 ], [ 100.9757213, 6.4801438 ], [ 100.9757614, 6.4802608 ], [ 100.9758169, 6.480427 ], [ 100.9759778, 6.4808672 ], [ 100.9760093, 6.4809532 ], [ 100.9762548, 6.481455 ], [ 100.9762706, 6.4815146 ], [ 100.9762973, 6.4817244 ], [ 100.9763038, 6.4817881 ], [ 100.9763082, 6.481831 ], [ 100.9763108, 6.4818566 ], [ 100.9762957, 6.4819785 ], [ 100.9762597, 6.482046 ], [ 100.9762004, 6.4821266 ], [ 100.9761307, 6.4821839 ], [ 100.9760583, 6.482236 ], [ 100.9759756, 6.482283 ], [ 100.9756185, 6.4824217 ], [ 100.9751003, 6.48267 ], [ 100.9749823, 6.4827482 ], [ 100.9747866, 6.4829687 ], [ 100.9747566, 6.4830125 ], [ 100.9746835, 6.4832107 ], [ 100.9746556, 6.4832996 ], [ 100.9746297, 6.483382 ], [ 100.9746145, 6.4834702 ], [ 100.9746097, 6.4835635 ], [ 100.9746127, 6.4836594 ], [ 100.9746208, 6.4837397 ], [ 100.9746417, 6.4838018 ], [ 100.9746731, 6.4838613 ], [ 100.9747037, 6.4839061 ], [ 100.9747436, 6.4839486 ], [ 100.9747772, 6.4839724 ], [ 100.9748447, 6.4840058 ], [ 100.9749199, 6.484034 ], [ 100.9750055, 6.484057 ], [ 100.9750703, 6.4840594 ], [ 100.9751196, 6.4840618 ], [ 100.9751817, 6.4840486 ], [ 100.9752594, 6.4840327 ], [ 100.9753009, 6.4840377 ], [ 100.9753294, 6.484048 ], [ 100.9753555, 6.4840868 ], [ 100.9753843, 6.4841592 ], [ 100.9754077, 6.4841902 ], [ 100.9756912, 6.4844639 ], [ 100.9759537, 6.4846599 ], [ 100.9760239, 6.4847192 ], [ 100.976089, 6.4847915 ], [ 100.9761411, 6.4848535 ], [ 100.9761828, 6.4849182 ], [ 100.9762246, 6.4850087 ], [ 100.9762692, 6.4851485 ], [ 100.9763457, 6.4855033 ], [ 100.9763651, 6.4855725 ], [ 100.976393, 6.4856389 ], [ 100.9764225, 6.4857134 ], [ 100.9764634, 6.4858009 ], [ 100.9765058, 6.4858802 ], [ 100.9765369, 6.4859336 ], [ 100.9765744, 6.4859951 ], [ 100.9766315, 6.4860679 ], [ 100.9766771, 6.4861067 ], [ 100.9767406, 6.486173 ], [ 100.9767862, 6.4862182 ], [ 100.9768318, 6.4862683 ], [ 100.9768741, 6.4863022 ], [ 100.9769294, 6.4863312 ], [ 100.9769747, 6.4863468 ], [ 100.9769992, 6.4863553 ], [ 100.9771308, 6.4863872 ], [ 100.9772152, 6.4864031 ], [ 100.9773693, 6.4864042 ], [ 100.9774812, 6.4864021 ], [ 100.9775947, 6.4863984 ], [ 100.9777034, 6.4863834 ], [ 100.9778039, 6.4863587 ], [ 100.9778703, 6.4863357 ], [ 100.9779204, 6.486303 ], [ 100.9779964, 6.4862395 ], [ 100.9781388, 6.4861286 ], [ 100.9783216, 6.486011 ], [ 100.9783879, 6.4859653 ], [ 100.9784608, 6.4859277 ], [ 100.9785386, 6.4858998 ], [ 100.9786001, 6.4858883 ], [ 100.9786812, 6.4858847 ], [ 100.9788029, 6.4858907 ], [ 100.9789841, 6.4859019 ], [ 100.9790061, 6.485905 ], [ 100.9791202, 6.4859279 ], [ 100.9791614, 6.4859368 ], [ 100.9792504, 6.4859672 ], [ 100.9792992, 6.4859894 ], [ 100.9794109, 6.486059 ], [ 100.9794836, 6.4860898 ], [ 100.9795718, 6.4861076 ], [ 100.9796366, 6.4861073 ], [ 100.9796987, 6.4860967 ], [ 100.9797421, 6.4860842 ], [ 100.9797676, 6.4860694 ], [ 100.9798022, 6.4860419 ], [ 100.9798597, 6.4859839 ], [ 100.9799441, 6.4858988 ], [ 100.9800603, 6.4857869 ], [ 100.9801455, 6.4857166 ], [ 100.9802696, 6.4856409 ], [ 100.9803731, 6.4855783 ], [ 100.9804791, 6.4855235 ], [ 100.9805929, 6.4854764 ], [ 100.9807042, 6.4854448 ], [ 100.9807793, 6.485429 ], [ 100.9808751, 6.485413 ], [ 100.9809787, 6.4854023 ], [ 100.9811122, 6.4854018 ], [ 100.9812404, 6.4853883 ], [ 100.9814295, 6.485372 ], [ 100.9822221, 6.4852575 ], [ 100.9823438, 6.4852362 ], [ 100.982424, 6.4852126 ], [ 100.9824521, 6.485199 ], [ 100.982494, 6.4851747 ], [ 100.9825195, 6.4851524 ], [ 100.9825434, 6.4851375 ], [ 100.9825662, 6.4851239 ], [ 100.9825791, 6.4851199 ], [ 100.9826206, 6.4851133 ], [ 100.9826465, 6.4851132 ], [ 100.9827276, 6.4851101 ], [ 100.9829418, 6.4851017 ], [ 100.9830895, 6.4850778 ], [ 100.9832068, 6.4850468 ], [ 100.9832479, 6.4850272 ], [ 100.9833189, 6.4849871 ], [ 100.9833852, 6.4849375 ], [ 100.9834825, 6.4848508 ], [ 100.9835882, 6.4847156 ], [ 100.9836269, 6.4846662 ], [ 100.9836682, 6.4846453 ], [ 100.9837226, 6.4846347 ], [ 100.9838703, 6.4846367 ], [ 100.984215, 6.4846483 ], [ 100.9843109, 6.4846454 ], [ 100.9844533, 6.4846189 ], [ 100.9845465, 6.4846004 ], [ 100.9848611, 6.4844591 ], [ 100.9849889, 6.4844017 ], [ 100.9851676, 6.4843699 ], [ 100.9856781, 6.4843704 ], [ 100.9858408, 6.4843894 ], [ 100.9860229, 6.4844106 ], [ 100.9863494, 6.4844067 ], [ 100.9864323, 6.4844064 ], [ 100.9864997, 6.4844113 ], [ 100.9865386, 6.4844293 ], [ 100.9865724, 6.4844525 ], [ 100.9866089, 6.4845068 ], [ 100.9866298, 6.484543 ], [ 100.9866715, 6.484618 ], [ 100.986721, 6.4846826 ], [ 100.9868094, 6.4847626 ], [ 100.9869005, 6.4848426 ], [ 100.9869525, 6.4848838 ], [ 100.9870096, 6.4849121 ], [ 100.9870796, 6.4849326 ], [ 100.9871418, 6.4849375 ], [ 100.9872144, 6.4849398 ], [ 100.9872792, 6.4849396 ], [ 100.9873958, 6.4849339 ], [ 100.9874916, 6.484931 ], [ 100.9876809, 6.4849484 ], [ 100.9878027, 6.484966 ], [ 100.9878187, 6.4849698 ], [ 100.987878, 6.4849839 ], [ 100.9879299, 6.4850122 ], [ 100.9879689, 6.4850509 ], [ 100.9880131, 6.4850819 ], [ 100.988065, 6.4851076 ], [ 100.9881169, 6.4851229 ], [ 100.9881615, 6.4851286 ], [ 100.9881766, 6.4851305 ], [ 100.9882128, 6.4851329 ], [ 100.9883768, 6.4851294 ], [ 100.9888088, 6.4851202 ], [ 100.9891952, 6.4851965 ], [ 100.9893197, 6.4852271 ], [ 100.989395, 6.4852579 ], [ 100.9894625, 6.4852861 ], [ 100.9894894, 6.4853019 ], [ 100.9895196, 6.4853196 ], [ 100.989569, 6.4853505 ], [ 100.9897603, 6.4853459 ], [ 100.9907541, 6.4851288 ], [ 100.9910729, 6.4849985 ], [ 100.9912295, 6.4849224 ], [ 100.9915423, 6.4846424 ], [ 100.9917361, 6.4842508 ], [ 100.9918305, 6.4840717 ], [ 100.9922179, 6.4833363 ], [ 100.9924495, 6.4829859 ], [ 100.9927586, 6.4826157 ], [ 100.9931843, 6.4822645 ], [ 100.9936882, 6.4820295 ], [ 100.9943081, 6.481697 ], [ 100.9947922, 6.4814038 ], [ 100.9958765, 6.4806617 ], [ 100.9969797, 6.4798224 ], [ 100.9977354, 6.4794505 ], [ 100.9984718, 6.4791369 ], [ 100.9990151, 6.4790571 ], [ 100.9992674, 6.4790561 ], [ 100.9997143, 6.4791515 ], [ 101.0011329, 6.4795148 ], [ 101.0036993, 6.4804949 ], [ 101.0063426, 6.4813 ], [ 101.0133342, 6.4840104 ], [ 101.0144822, 6.484532 ], [ 101.0153702, 6.4851611 ], [ 101.0158704, 6.4854637 ], [ 101.0165587, 6.485824 ], [ 101.0172712, 6.4861632 ], [ 101.0174093, 6.486229 ], [ 101.0206138, 6.4877593 ], [ 101.0207336, 6.4877909 ], [ 101.0210059, 6.4878261 ], [ 101.021233, 6.4877956 ], [ 101.0212995, 6.4877695 ], [ 101.0214791, 6.4876377 ], [ 101.0216023, 6.4874738 ], [ 101.0220156, 6.486785 ], [ 101.0220238, 6.4867649 ], [ 101.022093, 6.4865658 ], [ 101.0221178, 6.486412 ], [ 101.0221163, 6.4860125 ], [ 101.0217255, 6.4833637 ], [ 101.0217243, 6.4830641 ], [ 101.0217575, 6.4827298 ], [ 101.0218088, 6.4825843 ], [ 101.0218326, 6.4825528 ], [ 101.0219638, 6.4824408 ], [ 101.0222376, 6.4822892 ], [ 101.0224065, 6.4822236 ], [ 101.0229302, 6.4821028 ], [ 101.0234253, 6.4820202 ], [ 101.0238284, 6.482007 ], [ 101.0243586, 6.4820625 ], [ 101.024716, 6.4821302 ], [ 101.0257034, 6.4823771 ], [ 101.0261691, 6.4824932 ], [ 101.0267113, 6.4826639 ], [ 101.0274266, 6.4829145 ], [ 101.0279573, 6.4830968 ], [ 101.0279687, 6.4831038 ], [ 101.0301285, 6.4844248 ], [ 101.0303709, 6.4845391 ], [ 101.0309245, 6.4846636 ], [ 101.0319396, 6.4849822 ], [ 101.032574, 6.4851641 ], [ 101.0329319, 6.48537 ], [ 101.0334512, 6.4855869 ], [ 101.0337512, 6.4856894 ], [ 101.0341317, 6.485757 ], [ 101.0346736, 6.4857447 ], [ 101.0365854, 6.4857011 ], [ 101.0369773, 6.4857341 ], [ 101.0376689, 6.485835 ], [ 101.0380493, 6.4858911 ], [ 101.0386369, 6.4858887 ], [ 101.0417751, 6.4858402 ], [ 101.042669, 6.4858264 ], [ 101.0429382, 6.4858652 ], [ 101.0430231, 6.4858946 ], [ 101.043673, 6.4862487 ], [ 101.044089, 6.4865582 ], [ 101.0443711, 6.4868567 ], [ 101.0444561, 6.4869665 ], [ 101.0445967, 6.4872541 ], [ 101.0446118, 6.4873304 ], [ 101.0446634, 6.4889988 ], [ 101.0449066, 6.4901369 ], [ 101.0450388, 6.4909382 ], [ 101.0449342, 6.4909736 ], [ 101.044485, 6.4911729 ], [ 101.0443122, 6.4912496 ], [ 101.0443002, 6.4912549 ], [ 101.0440869, 6.4913919 ], [ 101.0439383, 6.4915091 ], [ 101.0438287, 6.4916392 ], [ 101.0437736, 6.4917026 ], [ 101.0436932, 6.4917953 ], [ 101.0435122, 6.4919192 ], [ 101.0433275, 6.4919887 ], [ 101.0423728, 6.4924443 ], [ 101.0420365, 6.4928151 ], [ 101.0418943, 6.4931451 ], [ 101.0417693, 6.4939503 ], [ 101.0418292, 6.4946603 ], [ 101.041892, 6.4955194 ], [ 101.0419759, 6.4964255 ], [ 101.0420257, 6.4972738 ], [ 101.0420053, 6.4979622 ], [ 101.0418588, 6.4986279 ], [ 101.0425298, 6.5001217 ], [ 101.0426715, 6.5009681 ], [ 101.0426908, 6.501452 ], [ 101.0426828, 6.5016335 ], [ 101.0426231, 6.5018152 ], [ 101.0424947, 6.5021269 ], [ 101.0423494, 6.5025164 ], [ 101.0422983, 6.5027067 ], [ 101.0422992, 6.5029124 ], [ 101.0423586, 6.5030506 ], [ 101.042366, 6.5030579 ], [ 101.0424393, 6.5031119 ], [ 101.0425905, 6.5031573 ], [ 101.0426937, 6.5032453 ], [ 101.0427154, 6.5032668 ], [ 101.0427676, 6.5033616 ], [ 101.0427733, 6.5033842 ], [ 101.0427782, 6.5034035 ], [ 101.0428115, 6.5035343 ], [ 101.0428071, 6.503647 ], [ 101.0427958, 6.5039319 ], [ 101.0427109, 6.5043039 ], [ 101.0426344, 6.5046067 ], [ 101.0425231, 6.5048751 ], [ 101.0423426, 6.5051178 ], [ 101.0422223, 6.5052652 ], [ 101.0420415, 6.5054388 ], [ 101.0416713, 6.505786 ], [ 101.0416223, 6.5058464 ], [ 101.0415804, 6.5059454 ], [ 101.0415261, 6.5062014 ], [ 101.0415011, 6.5064283 ], [ 101.0414459, 6.5065556 ], [ 101.0414345, 6.5065681 ], [ 101.0411485, 6.5068511 ], [ 101.041061, 6.5069725 ], [ 101.0410214, 6.5070274 ], [ 101.0409633, 6.5071433 ], [ 101.0409343, 6.5072956 ], [ 101.0409347, 6.5074051 ], [ 101.0409349, 6.5074483 ], [ 101.0410153, 6.5076791 ], [ 101.0410212, 6.5077077 ], [ 101.0410841, 6.5080095 ], [ 101.0410854, 6.5083379 ], [ 101.0411302, 6.508718 ], [ 101.0411229, 6.5090724 ], [ 101.0411066, 6.5093144 ], [ 101.0410298, 6.5095394 ], [ 101.0409097, 6.5097733 ], [ 101.0407808, 6.509938 ], [ 101.040636, 6.5100369 ], [ 101.0406084, 6.5100424 ], [ 101.0401511, 6.5102084 ], [ 101.0397973, 6.5103309 ], [ 101.0396939, 6.5104004 ], [ 101.0395564, 6.5105998 ], [ 101.0394623, 6.5108248 ], [ 101.0393162, 6.5110242 ], [ 101.0390147, 6.5112501 ], [ 101.0384809, 6.5117363 ], [ 101.038266, 6.5120137 ], [ 101.0381802, 6.5121696 ], [ 101.0381463, 6.5123512 ], [ 101.0381218, 6.5126884 ], [ 101.038116, 6.512815 ], [ 101.038068, 6.5129346 ], [ 101.0380108, 6.5130259 ], [ 101.037918, 6.5131688 ], [ 101.0378476, 6.5132772 ], [ 101.0377943, 6.5133782 ], [ 101.0377104, 6.513537 ], [ 101.0376164, 6.513788 ], [ 101.037574, 6.513987 ], [ 101.0375664, 6.5142463 ], [ 101.0376028, 6.5147042 ], [ 101.0375689, 6.5148492 ], [ 101.037515, 6.514896 ], [ 101.0370855, 6.5149915 ], [ 101.0368212, 6.5150237 ], [ 101.036645, 6.5150451 ], [ 101.0364643, 6.5150308 ], [ 101.0364239, 6.5150215 ], [ 101.0363077, 6.5149601 ], [ 101.0361431, 6.5148743 ], [ 101.0359838, 6.514824 ], [ 101.0359083, 6.5148061 ], [ 101.0357912, 6.5148066 ], [ 101.0356865, 6.5148297 ], [ 101.0354693, 6.5149289 ], [ 101.0354101, 6.5149731 ], [ 101.0352712, 6.5150766 ], [ 101.0352076, 6.5151519 ], [ 101.0351828, 6.5151958 ], [ 101.0351593, 6.5152373 ], [ 101.035145, 6.5153106 ], [ 101.0351426, 6.5153364 ], [ 101.0351434, 6.5155438 ], [ 101.0351788, 6.5157511 ], [ 101.0352581, 6.515915 ], [ 101.0352747, 6.5159495 ], [ 101.0354136, 6.5161045 ], [ 101.0356139, 6.5162392 ], [ 101.0356562, 6.5162677 ], [ 101.0358208, 6.5163621 ], [ 101.0360379, 6.5166378 ], [ 101.0362171, 6.5170066 ], [ 101.0363276, 6.5172341 ], [ 101.0364453, 6.5174864 ], [ 101.03657, 6.5178683 ], [ 101.0366292, 6.5180885 ], [ 101.0366691, 6.5183346 ], [ 101.0366623, 6.519167 ], [ 101.0366604, 6.5193977 ], [ 101.0367131, 6.5196114 ], [ 101.0368112, 6.5198184 ], [ 101.036935, 6.5199994 ], [ 101.0370587, 6.520122 ], [ 101.0372275, 6.5201927 ], [ 101.0374088, 6.5202256 ], [ 101.0375531, 6.5202292 ], [ 101.0379221, 6.5203083 ], [ 101.0381268, 6.5204375 ], [ 101.0381875, 6.520532 ], [ 101.0382549, 6.5210376 ], [ 101.03828, 6.521108 ], [ 101.0382924, 6.5211427 ], [ 101.0382993, 6.521155 ], [ 101.0383659, 6.5212511 ], [ 101.038542, 6.5215291 ], [ 101.0386402, 6.5217556 ], [ 101.0387055, 6.5218849 ], [ 101.0387836, 6.5219624 ], [ 101.0388616, 6.5220204 ], [ 101.038985, 6.5220847 ], [ 101.0391991, 6.5221552 ], [ 101.0393501, 6.5221588 ], [ 101.0394325, 6.5221607 ], [ 101.0396075, 6.522173 ], [ 101.0397761, 6.5221917 ], [ 101.0399578, 6.5222493 ], [ 101.0401201, 6.5223265 ], [ 101.0403541, 6.5224811 ], [ 101.040497, 6.5225583 ], [ 101.0405878, 6.5225903 ], [ 101.0407823, 6.522596 ], [ 101.0410573, 6.5226118 ], [ 101.0412037, 6.5226202 ], [ 101.0412839, 6.5226244 ], [ 101.041421, 6.5226502 ], [ 101.041792, 6.5227932 ], [ 101.0423118, 6.5231368 ], [ 101.0427219, 6.5233909 ], [ 101.0427942, 6.5234479 ], [ 101.0429707, 6.5236642 ], [ 101.0431561, 6.5239285 ], [ 101.0433528, 6.5241351 ], [ 101.043757, 6.524364 ], [ 101.0440807, 6.5246162 ], [ 101.0443006, 6.5248573 ], [ 101.0443881, 6.5250047 ], [ 101.0444244, 6.5250986 ], [ 101.0444756, 6.5253981 ], [ 101.0444667, 6.5260435 ], [ 101.0444227, 6.5265622 ], [ 101.0443552, 6.5269773 ], [ 101.044265, 6.5274617 ], [ 101.0442203, 6.5276718 ], [ 101.0442105, 6.5277655 ], [ 101.0442188, 6.527926 ], [ 101.0442347, 6.5280204 ], [ 101.0442912, 6.5282336 ], [ 101.0443967, 6.5286711 ], [ 101.0444328, 6.5290627 ], [ 101.0443879, 6.529351 ], [ 101.0442396, 6.5297204 ], [ 101.0441613, 6.5299004 ], [ 101.0440939, 6.5300992 ], [ 101.0440575, 6.5302627 ], [ 101.0440469, 6.5305047 ], [ 101.0440834, 6.5306761 ], [ 101.0441417, 6.5307838 ], [ 101.0443278, 6.5310109 ], [ 101.0443776, 6.5310998 ], [ 101.0444641, 6.5313557 ], [ 101.0444911, 6.5315254 ], [ 101.0445082, 6.5318709 ], [ 101.0444527, 6.5333257 ], [ 101.0440949, 6.5338204 ], [ 101.0437393, 6.5346135 ], [ 101.0433726, 6.5352681 ], [ 101.0429602, 6.536245 ], [ 101.0429611, 6.5370491 ], [ 101.0430898, 6.5379798 ], [ 101.0431141, 6.538968 ], [ 101.0430357, 6.540117 ], [ 101.0430256, 6.5409674 ], [ 101.0431419, 6.5416336 ], [ 101.0432455, 6.5416914 ], [ 101.0441545, 6.5416798 ], [ 101.0451558, 6.5415762 ], [ 101.0459382, 6.5415653 ], [ 101.0462388, 6.5415988 ], [ 101.0474803, 6.5417374 ], [ 101.0487467, 6.5419793 ], [ 101.0529342, 6.5419948 ], [ 101.0548704, 6.5420437 ], [ 101.0558495, 6.5419706 ], [ 101.0567144, 6.5419324 ], [ 101.056828, 6.5419467 ], [ 101.0569213, 6.5419796 ], [ 101.0570874, 6.5420343 ], [ 101.0572418, 6.5420552 ], [ 101.0574286, 6.5420544 ], [ 101.0579662, 6.5420368 ], [ 101.0585959, 6.5419882 ], [ 101.0594403, 6.5418464 ], [ 101.0595715, 6.5418349 ], [ 101.0599931, 6.5417981 ], [ 101.0603855, 6.5418235 ], [ 101.0604993, 6.5418729 ], [ 101.0607008, 6.5420256 ], [ 101.0611168, 6.5423312 ], [ 101.0614862, 6.5424987 ], [ 101.0618708, 6.54262 ], [ 101.0624928, 6.5428137 ], [ 101.0628359, 6.5429402 ], [ 101.0629829, 6.5429655 ], [ 101.0631902, 6.5429387 ], [ 101.0633604, 6.5428698 ], [ 101.0634144, 6.5428254 ], [ 101.0636728, 6.542617 ], [ 101.0637975, 6.5425569 ], [ 101.0638539, 6.5425298 ], [ 101.0640006, 6.5424946 ], [ 101.0641548, 6.542508 ], [ 101.0642117, 6.5425235 ], [ 101.0642774, 6.5425626 ], [ 101.0644161, 6.5426658 ], [ 101.0644873, 6.5427363 ], [ 101.064704, 6.5428931 ], [ 101.0647282, 6.5429065 ], [ 101.0648581, 6.5429664 ], [ 101.0649885, 6.542974 ], [ 101.0650104, 6.5429853 ], [ 101.0651452, 6.5430893 ], [ 101.0651605, 6.5431052 ], [ 101.0653001, 6.5432844 ], [ 101.0654653, 6.5435343 ], [ 101.0656213, 6.5436374 ], [ 101.0658202, 6.5436798 ], [ 101.0660709, 6.543696 ], [ 101.0688544, 6.5439266 ], [ 101.0690879, 6.5439602 ], [ 101.0692492, 6.5440159 ], [ 101.0693499, 6.5441066 ], [ 101.0694442, 6.5442272 ], [ 101.0698382, 6.544938 ], [ 101.0704712, 6.5456882 ], [ 101.0713658, 6.5465603 ], [ 101.0716283, 6.5468819 ], [ 101.0717527, 6.5472501 ], [ 101.0718647, 6.5475905 ], [ 101.0719394, 6.5478178 ], [ 101.072064, 6.5482168 ], [ 101.0722341, 6.5484772 ], [ 101.0722813, 6.5487536 ], [ 101.0723622, 6.5497519 ], [ 101.0724054, 6.5500394 ], [ 101.0726254, 6.5508569 ], [ 101.0727214, 6.5512134 ], [ 101.0728259, 6.5514118 ], [ 101.0729736, 6.5516013 ], [ 101.0731557, 6.5517734 ], [ 101.0734246, 6.551997 ], [ 101.0736191, 6.5520932 ], [ 101.0737536, 6.5521598 ], [ 101.0741432, 6.5523224 ], [ 101.0742484, 6.552357 ], [ 101.0744287, 6.5524163 ], [ 101.0744782, 6.5524383 ], [ 101.0746157, 6.5525126 ], [ 101.0746573, 6.5525702 ], [ 101.074689, 6.5526738 ], [ 101.0746902, 6.5529594 ], [ 101.0746903, 6.552977 ], [ 101.0747087, 6.5530385 ], [ 101.0747341, 6.5531237 ], [ 101.0748642, 6.5532441 ], [ 101.0750894, 6.5533728 ], [ 101.0751595, 6.5533952 ], [ 101.0753837, 6.5534667 ], [ 101.0755242, 6.5534916 ], [ 101.075613, 6.5534994 ], [ 101.0758191, 6.5535172 ], [ 101.0758368, 6.5535161 ], [ 101.0763413, 6.5534843 ], [ 101.0770019, 6.5534816 ], [ 101.0775245, 6.5535563 ], [ 101.0781548, 6.5536612 ], [ 101.0787111, 6.5537774 ], [ 101.0787852, 6.5537815 ], [ 101.0794922, 6.5538554 ], [ 101.0797781, 6.5539321 ], [ 101.0798976, 6.5539887 ], [ 101.0802157, 6.5541904 ], [ 101.0805396, 6.5544963 ], [ 101.0807375, 6.5547711 ], [ 101.0807861, 6.5548797 ], [ 101.0808964, 6.5553399 ], [ 101.0810037, 6.5558445 ], [ 101.0810539, 6.55628 ], [ 101.0810633, 6.5585503 ], [ 101.0810987, 6.5596563 ], [ 101.0811163, 6.560194 ], [ 101.0812103, 6.5606392 ], [ 101.0813825, 6.5614067 ], [ 101.081523, 6.5619438 ], [ 101.0816169, 6.5623736 ], [ 101.0816202, 6.5631572 ], [ 101.0816834, 6.5635871 ], [ 101.0818392, 6.5641089 ], [ 101.0820407, 6.5645382 ], [ 101.082458, 6.5651357 ], [ 101.0826896, 6.5656151 ], [ 101.082714, 6.5657354 ], [ 101.0827123, 6.5667937 ], [ 101.0827847, 6.5670527 ], [ 101.0828568, 6.5672533 ], [ 101.0829614, 6.5674538 ], [ 101.0830905, 6.5676748 ], [ 101.0832182, 6.5679047 ], [ 101.0832882, 6.5681118 ], [ 101.0833468, 6.5683651 ], [ 101.0837323, 6.5696195 ], [ 101.0838033, 6.570057 ], [ 101.0839202, 6.5704714 ], [ 101.0839777, 6.5706576 ], [ 101.0840672, 6.5708404 ], [ 101.0841528, 6.5709774 ], [ 101.0841972, 6.5710309 ], [ 101.0843614, 6.5712003 ], [ 101.0844882, 6.5712756 ], [ 101.0847654, 6.5714473 ], [ 101.0857005, 6.5718583 ], [ 101.0860236, 6.5719721 ], [ 101.086243, 6.572098 ], [ 101.0864213, 6.5722659 ], [ 101.0865313, 6.5724113 ], [ 101.0866252, 6.5725688 ], [ 101.0866971, 6.5727111 ], [ 101.0867865, 6.572866 ], [ 101.0868726, 6.5729798 ], [ 101.0869525, 6.5731113 ], [ 101.0869687, 6.5731491 ], [ 101.0870833, 6.5734162 ], [ 101.0870919, 6.5734498 ], [ 101.087305, 6.5753085 ], [ 101.0873814, 6.5770481 ], [ 101.0873655, 6.5787651 ], [ 101.0872995, 6.5795144 ], [ 101.0872317, 6.5798373 ], [ 101.0870283, 6.5808061 ], [ 101.0864839, 6.5828825 ], [ 101.0861098, 6.584359 ], [ 101.0859628, 6.5850164 ], [ 101.0859013, 6.5852416 ], [ 101.0857316, 6.5856776 ], [ 101.0856125, 6.5859837 ], [ 101.0855173, 6.586171 ], [ 101.0853953, 6.5864109 ], [ 101.0853459, 6.5864913 ], [ 101.0851775, 6.5868612 ], [ 101.0850794, 6.5871224 ], [ 101.0849409, 6.5879569 ], [ 101.0849085, 6.5884756 ], [ 101.0848749, 6.5894112 ], [ 101.0849132, 6.5903163 ], [ 101.0849914, 6.5921651 ], [ 101.0850795, 6.5942501 ], [ 101.0852605, 6.5961967 ], [ 101.0853327, 6.596687 ], [ 101.0853859, 6.5968428 ], [ 101.0855759, 6.5972094 ], [ 101.0859715, 6.5981296 ], [ 101.0862384, 6.5985663 ], [ 101.0863662, 6.5988078 ], [ 101.0866782, 6.5999492 ], [ 101.0870366, 6.6011461 ], [ 101.0872066, 6.6013912 ], [ 101.0873767, 6.6016363 ], [ 101.0874404, 6.6017007 ], [ 101.0881482, 6.6024166 ], [ 101.088395, 6.6026614 ], [ 101.0884727, 6.6027127 ], [ 101.0886261, 6.6028141 ], [ 101.0898777, 6.6031825 ], [ 101.0901183, 6.6032534 ], [ 101.0905027, 6.6033286 ], [ 101.0907337, 6.6034505 ], [ 101.0915194, 6.6039542 ], [ 101.091829, 6.604115 ], [ 101.0916574, 6.6044182 ], [ 101.0914341, 6.6047561 ], [ 101.0912034, 6.6051091 ], [ 101.0911679, 6.6051634 ], [ 101.0908413, 6.6055883 ], [ 101.0906441, 6.6059607 ], [ 101.0905591, 6.6063068 ], [ 101.090517, 6.6065835 ], [ 101.0904773, 6.6074047 ], [ 101.0904347, 6.6075691 ], [ 101.0903922, 6.6077248 ], [ 101.0903325, 6.6079065 ], [ 101.0902299, 6.6081749 ], [ 101.0902151, 6.6082144 ], [ 101.0901102, 6.6084951 ], [ 101.0894875, 6.60913 ], [ 101.0900151, 6.6100364 ], [ 101.0906981, 6.611528 ], [ 101.0907005, 6.6120919 ], [ 101.0906469, 6.6127688 ], [ 101.0906679, 6.6137865 ], [ 101.0908241, 6.6146572 ], [ 101.0911654, 6.6153607 ], [ 101.0912714, 6.6155095 ], [ 101.0915058, 6.6158386 ], [ 101.0915998, 6.6159076 ], [ 101.0922695, 6.6163993 ], [ 101.0935295, 6.6170349 ], [ 101.0938595, 6.6172487 ], [ 101.0948707, 6.6180801 ], [ 101.0966246, 6.6193979 ], [ 101.0972755, 6.6199591 ], [ 101.0979269, 6.620633 ], [ 101.0985499, 6.6212789 ], [ 101.0991736, 6.6220657 ], [ 101.0999112, 6.6231059 ], [ 101.1004222, 6.6239214 ], [ 101.1009893, 6.6246803 ], [ 101.1010971, 6.6248017 ], [ 101.102236, 6.6260848 ], [ 101.1031718, 6.6273215 ], [ 101.1036198, 6.6279672 ], [ 101.103796, 6.6282211 ], [ 101.1041083, 6.6287273 ], [ 101.104476, 6.6290077 ], [ 101.1050408, 6.6292027 ], [ 101.1051551, 6.6295405 ], [ 101.1044318, 6.6318839 ], [ 101.1041003, 6.6326891 ], [ 101.1038279, 6.6333507 ], [ 101.1037341, 6.6335786 ], [ 101.1030355, 6.6350759 ], [ 101.1022883, 6.6363331 ], [ 101.1018747, 6.6367858 ], [ 101.1011843, 6.637424 ], [ 101.0998063, 6.6383039 ], [ 101.0986246, 6.6389293 ], [ 101.0973019, 6.6395552 ], [ 101.0943738, 6.640639 ], [ 101.0924596, 6.6414084 ], [ 101.0901224, 6.6422077 ], [ 101.0883508, 6.6425746 ], [ 101.0880375, 6.6426395 ], [ 101.0872006, 6.6427657 ], [ 101.0857791, 6.6429801 ], [ 101.0830049, 6.6432137 ], [ 101.0817198, 6.6432051 ], [ 101.0804274, 6.6430341 ], [ 101.0796098, 6.6428043 ], [ 101.0786651, 6.6424251 ], [ 101.0779472, 6.6420977 ], [ 101.0773897, 6.641866 ], [ 101.0770411, 6.6417585 ], [ 101.0765981, 6.6417666 ], [ 101.075763, 6.6417701 ], [ 101.0747526, 6.6417743 ], [ 101.0741374, 6.6418209 ], [ 101.073655, 6.6420134 ], [ 101.0733044, 6.6423221 ], [ 101.0729981, 6.6426167 ], [ 101.0723349, 6.6433134 ], [ 101.0720485, 6.6436248 ], [ 101.071755, 6.6439813 ], [ 101.0715775, 6.6442313 ], [ 101.0714881, 6.6443424 ], [ 101.0713952, 6.6444247 ], [ 101.0712399, 6.6444231 ], [ 101.0689947, 6.6441557 ], [ 101.068944, 6.6441677 ], [ 101.0689186, 6.6441763 ], [ 101.0688972, 6.6441945 ], [ 101.0671078, 6.6475153 ], [ 101.0667695, 6.648237 ], [ 101.0661757, 6.6492205 ], [ 101.0656255, 6.6502042 ], [ 101.0650749, 6.6512303 ], [ 101.0644391, 6.652172 ], [ 101.0636754, 6.6533267 ], [ 101.0628733, 6.6544895 ], [ 101.062153, 6.6554294 ], [ 101.0618515, 6.6558227 ], [ 101.0612559, 6.6563664 ], [ 101.0603629, 6.6571381 ], [ 101.0592575, 6.6578027 ], [ 101.0583575, 6.6583963 ], [ 101.0566024, 6.6593788 ], [ 101.0546777, 6.6603496 ], [ 101.0488707, 6.6633599 ], [ 101.0509238, 6.6658188 ], [ 101.0533242, 6.6690244 ], [ 101.0550691, 6.6716904 ], [ 101.0561755, 6.6737012 ], [ 101.056892, 6.6767839 ], [ 101.0569606, 6.6775318 ], [ 101.0584511, 6.6778734 ], [ 101.0586938, 6.677929 ], [ 101.0594886, 6.6783626 ], [ 101.0602848, 6.679152 ], [ 101.0610169, 6.6800712 ], [ 101.0621248, 6.6818625 ], [ 101.0636247, 6.6845097 ], [ 101.0636906, 6.6847845 ], [ 101.0636146, 6.6859497 ], [ 101.0636025, 6.6871345 ], [ 101.0633355, 6.6872701 ], [ 101.0629068, 6.6874867 ], [ 101.0624581, 6.6876836 ], [ 101.0615564, 6.6879347 ], [ 101.0606094, 6.6880965 ], [ 101.0600148, 6.6882448 ], [ 101.0597232, 6.6882461 ], [ 101.0597996, 6.6890717 ], [ 101.059936, 6.6897392 ], [ 101.0600957, 6.6901515 ], [ 101.0602511, 6.690528 ], [ 101.0604179, 6.6911268 ], [ 101.0605893, 6.6915295 ], [ 101.0607037, 6.6921444 ], [ 101.0609974, 6.692642 ], [ 101.06102, 6.6929025 ], [ 101.0609039, 6.6931001 ], [ 101.0607317, 6.6938439 ], [ 101.0606554, 6.6942262 ], [ 101.0606247, 6.6946037 ], [ 101.0606349, 6.6948987 ], [ 101.0607293, 6.6954327 ], [ 101.0608233, 6.6958741 ], [ 101.0609441, 6.6960946 ], [ 101.0611298, 6.6964345 ], [ 101.0611536, 6.6966005 ], [ 101.0612291, 6.6970974 ], [ 101.0613271, 6.6974055 ], [ 101.0615956, 6.6976994 ], [ 101.0618457, 6.698048 ], [ 101.0619293, 6.6981539 ], [ 101.0620724, 6.6981855 ], [ 101.0625008, 6.6981837 ], [ 101.0625745, 6.6982523 ], [ 101.062575, 6.6983766 ], [ 101.0623337, 6.6990359 ], [ 101.0621935, 6.6996953 ], [ 101.0619571, 6.700341 ], [ 101.0618481, 6.7007698 ], [ 101.0618447, 6.7010229 ], [ 101.0618419, 6.7014467 ], [ 101.0617738, 6.7017645 ], [ 101.0615877, 6.7023964 ], [ 101.0615431, 6.7026774 ], [ 101.0615076, 6.7029861 ], [ 101.0614496, 6.7034288 ], [ 101.0613175, 6.7038898 ], [ 101.0611169, 6.7042771 ], [ 101.0608876, 6.7045916 ], [ 101.0607596, 6.70479 ], [ 101.0606298, 6.7056426 ], [ 101.0605889, 6.7057096 ], [ 101.0604833, 6.7058828 ], [ 101.0602125, 6.7061325 ], [ 101.0600284, 6.706161 ], [ 101.0595954, 6.7061441 ], [ 101.0591207, 6.7061461 ], [ 101.0587846, 6.7062164 ], [ 101.0582884, 6.7064626 ], [ 101.0580129, 6.7066847 ], [ 101.0579331, 6.7068386 ], [ 101.0579171, 6.7068693 ], [ 101.0579139, 6.7071874 ], [ 101.0579665, 6.7077398 ], [ 101.0579916, 6.7082093 ], [ 101.0579646, 6.7083478 ], [ 101.0578822, 6.7083939 ], [ 101.0577672, 6.7084633 ], [ 101.0577217, 6.7086574 ], [ 101.0577004, 6.7091224 ], [ 101.0576747, 6.709431 ], [ 101.0577272, 6.7099602 ], [ 101.0578218, 6.7105542 ], [ 101.0578755, 6.7112265 ], [ 101.0578629, 6.7115807 ], [ 101.0577721, 6.7119128 ], [ 101.0575711, 6.7122267 ], [ 101.057395, 6.7125404 ], [ 101.0564976, 6.7121577 ], [ 101.0561943, 6.7120714 ], [ 101.0555182, 6.7119109 ], [ 101.054415, 6.7115138 ], [ 101.0525476, 6.7108108 ], [ 101.0496444, 6.710293 ], [ 101.0462103, 6.7097072 ], [ 101.0453242, 6.7096008 ], [ 101.0449686, 6.7095672 ], [ 101.0443745, 6.7096742 ], [ 101.0436758, 6.709776 ], [ 101.0433791, 6.7097948 ], [ 101.0432738, 6.7097432 ], [ 101.0431303, 6.7088003 ], [ 101.0430112, 6.708317 ], [ 101.0429237, 6.708201 ], [ 101.0424745, 6.7080979 ], [ 101.0418096, 6.7079028 ], [ 101.0411201, 6.7074921 ], [ 101.0407817, 6.7072488 ], [ 101.040249, 6.7067735 ], [ 101.0395836, 6.706456 ], [ 101.0392905, 6.7063645 ], [ 101.0390248, 6.7071601 ], [ 101.0387555, 6.7079126 ], [ 101.0385805, 6.7084988 ], [ 101.0385375, 6.7087713 ], [ 101.0385853, 6.7089666 ], [ 101.0390368, 6.7093551 ], [ 101.0391233, 6.7095028 ], [ 101.0391718, 6.7097626 ], [ 101.0392682, 6.71023 ], [ 101.0393458, 6.710419 ], [ 101.0396441, 6.7109087 ], [ 101.0398503, 6.7114639 ], [ 101.0399433, 6.7118449 ], [ 101.0399889, 6.7120318 ], [ 101.040103, 6.7124217 ], [ 101.0402736, 6.7127996 ], [ 101.0403915, 6.7132377 ], [ 101.040412, 6.7135805 ], [ 101.0403952, 6.7141331 ], [ 101.0403203, 6.7144573 ], [ 101.0402464, 6.715029 ], [ 101.0401162, 6.7157916 ], [ 101.0400055, 6.7166494 ], [ 101.0398749, 6.7173168 ], [ 101.0398395, 6.7179836 ], [ 101.0396891, 6.7184415 ], [ 101.0395775, 6.7191278 ], [ 101.0383098, 6.7188194 ], [ 101.0357395, 6.7182476 ], [ 101.0347027, 6.7180146 ], [ 101.0335592, 6.7180625 ], [ 101.0327179, 6.7181092 ], [ 101.0317481, 6.7184152 ], [ 101.0305838, 6.7186573 ], [ 101.0287723, 6.7189237 ], [ 101.0273731, 6.7193919 ], [ 101.0261256, 6.7198544 ], [ 101.0258117, 6.7199035 ], [ 101.0254432, 6.7199391 ], [ 101.0250066, 6.7200297 ], [ 101.0246794, 6.7201744 ], [ 101.0243864, 6.7203189 ], [ 101.0239508, 6.7206415 ], [ 101.0235565, 6.7210527 ], [ 101.0231619, 6.7214093 ], [ 101.022835, 6.7216154 ], [ 101.0225147, 6.7217465 ], [ 101.0222145, 6.721816 ], [ 101.0218736, 6.7219334 ], [ 101.0216558, 6.7220913 ], [ 101.021356, 6.7222359 ], [ 101.0211103, 6.7222779 ], [ 101.0201209, 6.7224185 ], [ 101.019644, 6.7226798 ], [ 101.0192765, 6.722968 ], [ 101.0187184, 6.7234004 ], [ 101.0183585, 6.723866 ], [ 101.0178017, 6.724626 ], [ 101.0176187, 6.7249407 ], [ 101.0174504, 6.7255216 ], [ 101.0173905, 6.7257958 ], [ 101.0174556, 6.7261852 ], [ 101.0174801, 6.7262959 ], [ 101.017487, 6.7263206 ], [ 101.0175048, 6.7263702 ], [ 101.0175191, 6.7264004 ], [ 101.0175478, 6.7264328 ], [ 101.0175725, 6.7264544 ], [ 101.0176001, 6.7264699 ], [ 101.0176262, 6.7264774 ], [ 101.0179493, 6.726524 ], [ 101.0180214, 6.7265384 ], [ 101.0180368, 6.7265437 ], [ 101.0180485, 6.7265492 ], [ 101.018082, 6.7265649 ], [ 101.0180987, 6.7265747 ], [ 101.0181315, 6.7266072 ], [ 101.0181702, 6.7266545 ], [ 101.0182661, 6.7268106 ], [ 101.0182862, 6.7268562 ], [ 101.0182927, 6.7268733 ], [ 101.0183539, 6.7270982 ], [ 101.0183889, 6.7271861 ], [ 101.0184017, 6.727208 ], [ 101.0184161, 6.7272215 ], [ 101.0184292, 6.7272277 ], [ 101.0184504, 6.727234 ], [ 101.0184966, 6.7272406 ], [ 101.0187675, 6.7272482 ], [ 101.0188801, 6.7272472 ], [ 101.0190076, 6.727246 ], [ 101.0190617, 6.72725 ], [ 101.019118, 6.7272669 ], [ 101.0191384, 6.7272754 ], [ 101.0191826, 6.7272991 ], [ 101.019238, 6.7273352 ], [ 101.0192665, 6.7273568 ], [ 101.0193239, 6.7274156 ], [ 101.0194704, 6.7275657 ], [ 101.0194951, 6.7275945 ], [ 101.0196986, 6.7278465 ], [ 101.0197377, 6.7278899 ], [ 101.0197683, 6.727918 ], [ 101.0197985, 6.7279412 ], [ 101.0198825, 6.7279804 ], [ 101.0199672, 6.7280198 ], [ 101.0199876, 6.7280275 ], [ 101.0200818, 6.7280634 ], [ 101.0202968, 6.7281411 ], [ 101.0203172, 6.7281503 ], [ 101.0203392, 6.7281615 ], [ 101.0205132, 6.7282673 ], [ 101.0208095, 6.7284928 ], [ 101.0208745, 6.7285292 ], [ 101.0208918, 6.7285361 ], [ 101.0209959, 6.7285646 ], [ 101.0210415, 6.7285737 ], [ 101.0210683, 6.7285775 ], [ 101.0212409, 6.7285883 ], [ 101.0214779, 6.728603 ], [ 101.0215448, 6.7286103 ], [ 101.021575, 6.7286182 ], [ 101.0216242, 6.7286311 ], [ 101.0216653, 6.7286419 ], [ 101.0217386, 6.7286695 ], [ 101.022308, 6.7289033 ], [ 101.022461, 6.7289718 ], [ 101.0225871, 6.7290453 ], [ 101.0230588, 6.7293484 ], [ 101.0232983, 6.7295105 ], [ 101.0233477, 6.729561 ], [ 101.0233693, 6.729591 ], [ 101.0233878, 6.729625 ], [ 101.0234364, 6.7300951 ], [ 101.0234409, 6.7301179 ], [ 101.0234521, 6.7301466 ], [ 101.0234615, 6.730164 ], [ 101.0235742, 6.7303719 ], [ 101.02358, 6.7303839 ], [ 101.0235948, 6.7304201 ], [ 101.0236047, 6.7304743 ], [ 101.0236096, 6.7305543 ], [ 101.023614, 6.7306489 ], [ 101.0236101, 6.7307142 ], [ 101.0236048, 6.7307473 ], [ 101.0235988, 6.7307711 ], [ 101.0235924, 6.7307963 ], [ 101.0235825, 6.7308352 ], [ 101.0235772, 6.7308492 ], [ 101.0234437, 6.7311979 ], [ 101.0234186, 6.7312756 ], [ 101.0233778, 6.7314058 ], [ 101.0233508, 6.7314876 ], [ 101.0233337, 6.7315444 ], [ 101.0232996, 6.731682 ], [ 101.0232331, 6.7319699 ], [ 101.023226, 6.7319919 ], [ 101.0232165, 6.7320147 ], [ 101.0228399, 6.7325793 ], [ 101.0228083, 6.7326683 ], [ 101.0228085, 6.7327324 ], [ 101.0228266, 6.7327858 ], [ 101.0228481, 6.7328249 ], [ 101.0229007, 6.7328629 ], [ 101.0233265, 6.7330417 ], [ 101.0233505, 6.7330518 ], [ 101.0235514, 6.7331552 ], [ 101.0236607, 6.7332255 ], [ 101.0237505, 6.7332927 ], [ 101.0237619, 6.7333032 ], [ 101.0238038, 6.7333416 ], [ 101.0238342, 6.7333751 ], [ 101.0241267, 6.7337594 ], [ 101.0246642, 6.7344654 ], [ 101.0248229, 6.7346494 ], [ 101.0248907, 6.7347241 ], [ 101.0249135, 6.7347492 ], [ 101.0249981, 6.734829 ], [ 101.025011, 6.7348397 ], [ 101.0251348, 6.7349417 ], [ 101.0251504, 6.7349527 ], [ 101.0256307, 6.7352533 ], [ 101.0261622, 6.735586 ], [ 101.0281497, 6.7369342 ], [ 101.0282053, 6.7369631 ], [ 101.0283408, 6.7370197 ], [ 101.0285816, 6.7371059 ], [ 101.0286787, 6.737135 ], [ 101.0287564, 6.7371503 ], [ 101.0287733, 6.7371515 ], [ 101.0288903, 6.7371602 ], [ 101.0289808, 6.7371587 ], [ 101.0290906, 6.7371647 ], [ 101.0291236, 6.7371745 ], [ 101.0291606, 6.7371978 ], [ 101.0292085, 6.7372387 ], [ 101.0294614, 6.7374542 ], [ 101.02949, 6.7374727 ], [ 101.0295239, 6.7374861 ], [ 101.0295536, 6.7374936 ], [ 101.0295815, 6.7374977 ], [ 101.0296103, 6.7374959 ], [ 101.0296365, 6.7374881 ], [ 101.0296716, 6.7374695 ], [ 101.0297201, 6.7374327 ], [ 101.0298191, 6.7373437 ], [ 101.0298981, 6.7372728 ], [ 101.0299184, 6.737261 ], [ 101.0299376, 6.7372553 ], [ 101.0299737, 6.7372502 ], [ 101.0300312, 6.7372562 ], [ 101.0300749, 6.7372685 ], [ 101.0301168, 6.737286 ], [ 101.0301298, 6.7372931 ], [ 101.0301385, 6.7373009 ], [ 101.0301549, 6.7373209 ], [ 101.0301754, 6.737354 ], [ 101.0302354, 6.7374823 ], [ 101.0302499, 6.7375228 ], [ 101.0302586, 6.7375718 ], [ 101.0302676, 6.7377509 ], [ 101.0302548, 6.7383684 ], [ 101.0302612, 6.7384166 ], [ 101.0302701, 6.7384523 ], [ 101.030291, 6.7384994 ], [ 101.0303113, 6.7385344 ], [ 101.0303488, 6.7385892 ], [ 101.0303649, 6.7386078 ], [ 101.0304273, 6.7386658 ], [ 101.0309666, 6.7392223 ], [ 101.0310022, 6.7392678 ], [ 101.0310244, 6.7393028 ], [ 101.0310379, 6.7393604 ], [ 101.0310354, 6.7393974 ], [ 101.0310313, 6.7394269 ], [ 101.0310095, 6.7394581 ], [ 101.0306879, 6.7398039 ], [ 101.0306753, 6.7398193 ], [ 101.0306556, 6.7398472 ], [ 101.0306488, 6.7398619 ], [ 101.0306451, 6.7398722 ], [ 101.0306342, 6.7399232 ], [ 101.0306298, 6.7399778 ], [ 101.0306224, 6.7400712 ], [ 101.030596, 6.7404033 ], [ 101.0305917, 6.7404183 ], [ 101.0304582, 6.7407132 ], [ 101.0304496, 6.7407538 ], [ 101.0304454, 6.7408095 ], [ 101.0304533, 6.7408518 ], [ 101.0304583, 6.7408699 ], [ 101.0304784, 6.7409182 ], [ 101.0305107, 6.7409832 ], [ 101.0306166, 6.7411322 ], [ 101.0306494, 6.7411718 ], [ 101.0312359, 6.7417944 ], [ 101.0313492, 6.7418897 ], [ 101.0314558, 6.7419622 ], [ 101.0316343, 6.7420917 ], [ 101.0317082, 6.7421483 ], [ 101.0317532, 6.7421939 ], [ 101.0317761, 6.7422258 ], [ 101.0318056, 6.742273 ], [ 101.0318205, 6.7423055 ], [ 101.0318459, 6.7423929 ], [ 101.0318571, 6.7424732 ], [ 101.0318558, 6.7425291 ], [ 101.0318452, 6.7426473 ], [ 101.0318345, 6.7427017 ], [ 101.0318249, 6.7427296 ], [ 101.0318153, 6.7427574 ], [ 101.0316008, 6.7431676 ], [ 101.0315887, 6.7431949 ], [ 101.0315779, 6.7432239 ], [ 101.0315728, 6.7432416 ], [ 101.0315697, 6.7432654 ], [ 101.0315726, 6.7433174 ], [ 101.0315809, 6.7433522 ], [ 101.0315948, 6.7433868 ], [ 101.0316116, 6.7434223 ], [ 101.0316179, 6.7434305 ], [ 101.0316364, 6.7434547 ], [ 101.0318461, 6.7436665 ], [ 101.0318767, 6.7436986 ], [ 101.0318861, 6.7437112 ], [ 101.0320062, 6.7438998 ], [ 101.032063, 6.743989 ], [ 101.0320871, 6.7440376 ], [ 101.0321051, 6.7440892 ], [ 101.0321209, 6.7441543 ], [ 101.0321286, 6.7442048 ], [ 101.0321323, 6.7443419 ], [ 101.0321321, 6.7443807 ], [ 101.0321293, 6.7444197 ], [ 101.032126, 6.7444392 ], [ 101.0321206, 6.7444527 ], [ 101.0321158, 6.7444649 ], [ 101.0321027, 6.7444887 ], [ 101.0320799, 6.7445202 ], [ 101.0319565, 6.7446896 ], [ 101.0319306, 6.7447332 ], [ 101.031915, 6.7447682 ], [ 101.031905, 6.7448021 ], [ 101.0319017, 6.7448317 ], [ 101.0319035, 6.7448773 ], [ 101.0319105, 6.7449103 ], [ 101.0319296, 6.7449543 ], [ 101.0319592, 6.7450052 ], [ 101.032059, 6.7451603 ], [ 101.0320872, 6.7452094 ], [ 101.032098, 6.7452391 ], [ 101.0321129, 6.745284 ], [ 101.0321173, 6.7453254 ], [ 101.0321118, 6.7453605 ], [ 101.0320986, 6.7453956 ], [ 101.0320764, 6.7454206 ], [ 101.0320371, 6.7454485 ], [ 101.0320062, 6.7454655 ], [ 101.0319594, 6.7454913 ], [ 101.0318716, 6.745533 ], [ 101.0318302, 6.7455487 ], [ 101.0317745, 6.7455654 ], [ 101.0317079, 6.745583 ], [ 101.0316236, 6.7455975 ], [ 101.0315657, 6.745606 ], [ 101.0315528, 6.7456081 ], [ 101.0314809, 6.7456116 ], [ 101.0313864, 6.745616 ], [ 101.0313019, 6.74562 ], [ 101.0312409, 6.7456259 ], [ 101.031209, 6.7456392 ], [ 101.0311968, 6.7456535 ], [ 101.0311898, 6.7456703 ], [ 101.0311843, 6.7457034 ], [ 101.0311817, 6.7457497 ], [ 101.0311785, 6.745815 ], [ 101.0311767, 6.7459013 ], [ 101.0311884, 6.7460127 ], [ 101.0311963, 6.7460624 ], [ 101.0311983, 6.7460753 ], [ 101.0312022, 6.7461146 ], [ 101.0312017, 6.7461595 ], [ 101.0311998, 6.7462143 ], [ 101.031188, 6.746282 ], [ 101.0311095, 6.7466 ], [ 101.0310778, 6.7467832 ], [ 101.031068, 6.7469012 ], [ 101.0310647, 6.7469915 ], [ 101.0310704, 6.7470897 ], [ 101.0310878, 6.7471603 ], [ 101.0311114, 6.7472051 ], [ 101.031277, 6.7474713 ], [ 101.0312775, 6.7475123 ], [ 101.0312711, 6.7475442 ], [ 101.0312586, 6.7475641 ], [ 101.0312243, 6.747596 ], [ 101.0309079, 6.7477834 ], [ 101.0307847, 6.7478766 ], [ 101.0306993, 6.7479491 ], [ 101.030645, 6.7480109 ], [ 101.0306125, 6.7480568 ], [ 101.0305016, 6.7482371 ], [ 101.0304457, 6.7483066 ], [ 101.0303776, 6.7483631 ], [ 101.0303384, 6.7483875 ], [ 101.0302917, 6.7484046 ], [ 101.0302393, 6.7484104 ], [ 101.0301887, 6.7484125 ], [ 101.0301222, 6.74841 ], [ 101.0300642, 6.7484074 ], [ 101.0299724, 6.7484059 ], [ 101.0299191, 6.7484118 ], [ 101.0298667, 6.7484204 ], [ 101.0298069, 6.7484365 ], [ 101.029777, 6.7484516 ], [ 101.0297481, 6.748477 ], [ 101.0297332, 6.7484967 ], [ 101.0297159, 6.7485262 ], [ 101.0296095, 6.7487512 ], [ 101.0295854, 6.7488022 ], [ 101.0295425, 6.7488645 ], [ 101.0295237, 6.7488883 ], [ 101.0295079, 6.7488999 ], [ 101.0294863, 6.7489058 ], [ 101.0294474, 6.7489102 ], [ 101.0294021, 6.7489103 ], [ 101.0293715, 6.7489068 ], [ 101.0293436, 6.7488974 ], [ 101.0293082, 6.748877 ], [ 101.0292713, 6.7488535 ], [ 101.0292581, 6.7488416 ], [ 101.029229, 6.7488153 ], [ 101.0291851, 6.7487749 ], [ 101.0291571, 6.748745 ], [ 101.0291333, 6.7487172 ], [ 101.0291143, 6.7487068 ], [ 101.0290937, 6.7487016 ], [ 101.0290726, 6.7486985 ], [ 101.0290484, 6.7486976 ], [ 101.0290126, 6.748704 ], [ 101.0289953, 6.748712 ], [ 101.028979, 6.7487221 ], [ 101.0289601, 6.7487369 ], [ 101.0289481, 6.7487527 ], [ 101.0289365, 6.7487717 ], [ 101.0289303, 6.7487886 ], [ 101.0289281, 6.7488083 ], [ 101.0289144, 6.7491153 ], [ 101.0289247, 6.7495189 ], [ 101.0289358, 6.7495588 ], [ 101.0289897, 6.7497082 ], [ 101.0290667, 6.7498575 ], [ 101.029236, 6.7500795 ], [ 101.0293215, 6.7501857 ], [ 101.0293358, 6.7502078 ], [ 101.0293618, 6.7502753 ], [ 101.0293708, 6.7503201 ], [ 101.0293717, 6.750395 ], [ 101.0293635, 6.7504549 ], [ 101.0293457, 6.7504948 ], [ 101.0292978, 6.7505559 ], [ 101.0292484, 6.7506029 ], [ 101.0290575, 6.7507319 ], [ 101.0289259, 6.750825 ], [ 101.028888, 6.7508587 ], [ 101.0287296, 6.7510567 ], [ 101.0285751, 6.7511913 ], [ 101.0282039, 6.7514498 ], [ 101.0281384, 6.7515046 ], [ 101.0281099, 6.7515458 ], [ 101.0280983, 6.7515625 ], [ 101.0280422, 6.7516837 ], [ 101.0279999, 6.7518373 ], [ 101.0279918, 6.7519122 ], [ 101.0279932, 6.7519571 ], [ 101.028014, 6.7520966 ], [ 101.0280214, 6.7521265 ], [ 101.0280491, 6.7522226 ], [ 101.0281631, 6.7525216 ], [ 101.0282078, 6.7526539 ], [ 101.0283088, 6.752959 ], [ 101.0283272, 6.7530367 ], [ 101.0283384, 6.7531496 ], [ 101.028334, 6.7531977 ], [ 101.028321, 6.7532926 ], [ 101.0283004, 6.7533575 ], [ 101.0281751, 6.7536149 ], [ 101.0281445, 6.7536654 ], [ 101.0280883, 6.753758 ], [ 101.0280607, 6.7537941 ], [ 101.0280436, 6.7538084 ], [ 101.0280107, 6.7538269 ], [ 101.0279767, 6.7538335 ], [ 101.0277877, 6.7538339 ], [ 101.0276779, 6.7538343 ], [ 101.0276141, 6.7538476 ], [ 101.0275887, 6.7538569 ], [ 101.0275434, 6.7538805 ], [ 101.027494, 6.7539191 ], [ 101.0274748, 6.7539457 ], [ 101.0274607, 6.7539815 ], [ 101.0274478, 6.7540451 ], [ 101.027442, 6.7540993 ], [ 101.0274436, 6.7542041 ], [ 101.027453, 6.7542858 ], [ 101.0274676, 6.754332 ], [ 101.0274751, 6.7543559 ], [ 101.027509, 6.7544083 ], [ 101.0276503, 6.7545474 ], [ 101.0280674, 6.7549043 ], [ 101.0281093, 6.7549294 ], [ 101.028176, 6.7549591 ], [ 101.028241, 6.7549738 ], [ 101.0283259, 6.7549851 ], [ 101.0284408, 6.7549929 ], [ 101.0285989, 6.7550006 ], [ 101.0286556, 6.7550039 ], [ 101.0287338, 6.7550084 ], [ 101.0288054, 6.7550214 ], [ 101.0288571, 6.7550444 ], [ 101.0289205, 6.7550841 ], [ 101.0289906, 6.7551404 ], [ 101.0290526, 6.7552316 ], [ 101.029128, 6.7553578 ], [ 101.0291918, 6.7554856 ], [ 101.029198, 6.7554984 ], [ 101.0292321, 6.7555686 ], [ 101.0292691, 6.755675 ], [ 101.0292945, 6.7557747 ], [ 101.0293117, 6.7558961 ], [ 101.0293245, 6.7564006 ], [ 101.0293263, 6.756416 ], [ 101.0293374, 6.7564601 ], [ 101.0293755, 6.7565405 ], [ 101.0294014, 6.7565853 ], [ 101.0295009, 6.7567296 ], [ 101.0295285, 6.7567618 ], [ 101.0295539, 6.7567824 ], [ 101.0296095, 6.7568171 ], [ 101.0296465, 6.7568348 ], [ 101.0296699, 6.7568412 ], [ 101.0296915, 6.7568441 ], [ 101.0297514, 6.7568424 ], [ 101.0298063, 6.7568484 ], [ 101.0299074, 6.7568738 ], [ 101.0299355, 6.7568862 ], [ 101.0301062, 6.7569665 ], [ 101.0302512, 6.7570402 ], [ 101.0306197, 6.7572256 ], [ 101.0307108, 6.7572568 ], [ 101.0307263, 6.7572621 ], [ 101.030836, 6.757289 ], [ 101.0313624, 6.7573682 ], [ 101.0313925, 6.7573746 ], [ 101.0314646, 6.757404 ], [ 101.0315106, 6.75743 ], [ 101.0315547, 6.7574644 ], [ 101.0315885, 6.757497 ], [ 101.0316281, 6.7575474 ], [ 101.031661, 6.7575941 ], [ 101.0316771, 6.7576286 ], [ 101.03168, 6.7576511 ], [ 101.0316791, 6.7576717 ], [ 101.0316736, 6.757684 ], [ 101.0316629, 6.7576972 ], [ 101.0316359, 6.7577167 ], [ 101.0314903, 6.7578212 ], [ 101.0312517, 6.7579926 ], [ 101.0312135, 6.7580283 ], [ 101.0311734, 6.7580743 ], [ 101.031125, 6.7581316 ], [ 101.0310924, 6.7581841 ], [ 101.0310683, 6.758232 ], [ 101.0310534, 6.7582667 ], [ 101.0310452, 6.7583032 ], [ 101.0310435, 6.7583425 ], [ 101.0310455, 6.7583846 ], [ 101.0310522, 6.758422 ], [ 101.0310618, 6.7584678 ], [ 101.0310712, 6.7584949 ], [ 101.0310996, 6.7585345 ], [ 101.0313099, 6.7587312 ], [ 101.0313878, 6.7587892 ], [ 101.0315146, 6.7588577 ], [ 101.0315778, 6.7588897 ], [ 101.0316073, 6.7589047 ], [ 101.0316743, 6.7589274 ], [ 101.031704, 6.7589339 ], [ 101.0317315, 6.7589391 ], [ 101.0317897, 6.7589473 ], [ 101.0318918, 6.7589458 ], [ 101.0322212, 6.7589411 ], [ 101.0322824, 6.7589465 ], [ 101.032365, 6.7589594 ], [ 101.0324497, 6.7589871 ], [ 101.0324884, 6.7590043 ], [ 101.032545, 6.7590419 ], [ 101.0325915, 6.7590876 ], [ 101.0326248, 6.7591295 ], [ 101.0326601, 6.7591856 ], [ 101.0326724, 6.7592135 ], [ 101.0326854, 6.7592798 ], [ 101.0326991, 6.759376 ], [ 101.0327019, 6.7595043 ], [ 101.0326988, 6.7595737 ], [ 101.0326863, 6.7596338 ], [ 101.0326781, 6.7596607 ], [ 101.0326626, 6.7596988 ], [ 101.0326514, 6.7597187 ], [ 101.0326356, 6.7597406 ], [ 101.0326266, 6.7597521 ], [ 101.0326073, 6.7597751 ], [ 101.032561, 6.7598228 ], [ 101.0323884, 6.7599968 ], [ 101.0323791, 6.7600061 ], [ 101.032359, 6.7600363 ], [ 101.0323413, 6.7600826 ], [ 101.0323368, 6.760123 ], [ 101.0323359, 6.7601658 ], [ 101.0323441, 6.7602053 ], [ 101.0323494, 6.7602191 ], [ 101.0325342, 6.7605959 ], [ 101.0325774, 6.7606838 ], [ 101.0325844, 6.7607161 ], [ 101.0325904, 6.7607542 ], [ 101.0325894, 6.7607935 ], [ 101.0325803, 6.7608305 ], [ 101.0325654, 6.7608687 ], [ 101.0325459, 6.7609 ], [ 101.0324918, 6.7609511 ], [ 101.0324411, 6.7609918 ], [ 101.0322316, 6.7611119 ], [ 101.0319903, 6.7612502 ], [ 101.0317764, 6.7614053 ], [ 101.0317184, 6.7614604 ], [ 101.0316858, 6.7614989 ], [ 101.0316568, 6.7615443 ], [ 101.0315842, 6.7616711 ], [ 101.031426, 6.7619479 ], [ 101.0314062, 6.7619792 ], [ 101.031376, 6.7620096 ], [ 101.0313422, 6.7620349 ], [ 101.0313085, 6.7620533 ], [ 101.031279, 6.7620647 ], [ 101.0312388, 6.7620722 ], [ 101.0312189, 6.762073 ], [ 101.0311767, 6.762071 ], [ 101.031162, 6.7620704 ], [ 101.0310458, 6.7620587 ], [ 101.0309104, 6.7620385 ], [ 101.0307959, 6.7620225 ], [ 101.0307108, 6.7620133 ], [ 101.0306302, 6.762011 ], [ 101.0305669, 6.762013 ], [ 101.0305036, 6.7620185 ], [ 101.0304508, 6.7620308 ], [ 101.0303685, 6.7620598 ], [ 101.0302897, 6.7620957 ], [ 101.0302266, 6.7621358 ], [ 101.03013, 6.7622147 ], [ 101.0300659, 6.7622795 ], [ 101.0300323, 6.762323 ], [ 101.0300004, 6.7623665 ], [ 101.0299805, 6.7624111 ], [ 101.0299651, 6.7624527 ], [ 101.0299574, 6.7624918 ], [ 101.0299541, 6.7625343 ], [ 101.0299543, 6.7625637 ], [ 101.0299596, 6.7625906 ], [ 101.0299736, 6.7626304 ], [ 101.0300068, 6.762684 ], [ 101.0300242, 6.762708 ], [ 101.0300452, 6.7627367 ], [ 101.03006, 6.7627618 ], [ 101.0300688, 6.7627964 ], [ 101.0300725, 6.762838 ], [ 101.0300718, 6.7628762 ], [ 101.030065, 6.762917 ], [ 101.0300548, 6.762956 ], [ 101.0300311, 6.7630185 ], [ 101.0299875, 6.7630976 ], [ 101.0297394, 6.7635027 ], [ 101.029456, 6.7640225 ], [ 101.0294405, 6.7640509 ], [ 101.0293999, 6.7641304 ], [ 101.0293902, 6.7641545 ], [ 101.0293883, 6.7641747 ], [ 101.0293891, 6.7641955 ], [ 101.029393, 6.764215 ], [ 101.0294022, 6.7642351 ], [ 101.0294159, 6.764259 ], [ 101.0294252, 6.7642753 ], [ 101.0294381, 6.7643035 ], [ 101.0294466, 6.764322 ], [ 101.0294678, 6.7643681 ], [ 101.0294771, 6.7643993 ], [ 101.0294798, 6.7644213 ], [ 101.0294779, 6.7644402 ], [ 101.0294721, 6.7644617 ], [ 101.0294618, 6.764478 ], [ 101.0294482, 6.764491 ], [ 101.0294163, 6.7645179 ], [ 101.029149, 6.7647169 ], [ 101.0289215, 6.7648464 ], [ 101.0287522, 6.7649461 ], [ 101.0285571, 6.7650913 ], [ 101.0285059, 6.7651386 ], [ 101.0284613, 6.765214 ], [ 101.0284292, 6.765284 ], [ 101.0284072, 6.7653778 ], [ 101.0284028, 6.7654047 ], [ 101.0283852, 6.7655132 ], [ 101.028375, 6.765579 ], [ 101.0283536, 6.7658711 ], [ 101.0283579, 6.7660769 ], [ 101.0283612, 6.7662331 ], [ 101.0283711, 6.7667105 ], [ 101.0283586, 6.766751 ], [ 101.0279992, 6.7670859 ], [ 101.0279783, 6.7671235 ], [ 101.0279687, 6.767152 ], [ 101.0279608, 6.7671992 ], [ 101.0279592, 6.7672364 ], [ 101.0279652, 6.7673038 ], [ 101.0279714, 6.7673362 ], [ 101.0281014, 6.7676759 ], [ 101.028107, 6.7677047 ], [ 101.0281073, 6.7677611 ], [ 101.0280914, 6.767834 ], [ 101.0280696, 6.7678803 ], [ 101.0280467, 6.7679111 ], [ 101.0280309, 6.7679225 ], [ 101.0280085, 6.7679326 ], [ 101.02796, 6.7679409 ], [ 101.0278571, 6.7679425 ], [ 101.0277934, 6.7679391 ], [ 101.0277559, 6.7679304 ], [ 101.0275966, 6.7678755 ], [ 101.0274172, 6.7678137 ], [ 101.0273732, 6.7678092 ], [ 101.0273363, 6.7678113 ], [ 101.0273158, 6.7678202 ], [ 101.0272924, 6.7678362 ], [ 101.0272694, 6.7678617 ], [ 101.0272568, 6.7678864 ], [ 101.0272499, 6.7678999 ], [ 101.0272397, 6.767945 ], [ 101.027233, 6.7679982 ], [ 101.0272263, 6.7680641 ], [ 101.0272197, 6.7685164 ], [ 101.0272242, 6.7685563 ], [ 101.0273794, 6.7694785 ], [ 101.0273973, 6.7697777 ], [ 101.0274144, 6.7698974 ], [ 101.0274373, 6.7699636 ], [ 101.0274931, 6.7700638 ], [ 101.0275207, 6.7701133 ], [ 101.0276262, 6.7702517 ], [ 101.0277635, 6.7704076 ], [ 101.0278123, 6.7704655 ], [ 101.0278263, 6.7704949 ], [ 101.0278325, 6.7705321 ], [ 101.0278327, 6.7705737 ], [ 101.0278311, 6.7706102 ], [ 101.027826, 6.7706379 ], [ 101.027814, 6.7706631 ], [ 101.0278047, 6.7706728 ], [ 101.0277898, 6.7706884 ], [ 101.0277561, 6.7707258 ], [ 101.0277303, 6.7707614 ], [ 101.0277165, 6.7707892 ], [ 101.0277106, 6.7708178 ], [ 101.0277064, 6.7708664 ], [ 101.0277019, 6.7709487 ], [ 101.0277023, 6.7710485 ], [ 101.027721, 6.7715273 ], [ 101.0278147, 6.7728488 ], [ 101.0278663, 6.7730331 ], [ 101.0278943, 6.7730879 ], [ 101.0279643, 6.7731961 ], [ 101.0279798, 6.7732135 ], [ 101.0280291, 6.7732495 ], [ 101.028084, 6.773281 ], [ 101.0280965, 6.7732864 ], [ 101.0282634, 6.773359 ], [ 101.0282834, 6.7733633 ], [ 101.0288073, 6.7733634 ], [ 101.0291665, 6.7733362 ], [ 101.0292734, 6.7733477 ], [ 101.0292857, 6.7733522 ], [ 101.0293095, 6.7733725 ], [ 101.0293275, 6.7734065 ], [ 101.0293457, 6.773489 ], [ 101.0293611, 6.7736155 ], [ 101.0293602, 6.7736339 ], [ 101.0293382, 6.7740795 ], [ 101.0293375, 6.7741287 ], [ 101.0293282, 6.7742895 ], [ 101.0293218, 6.7744352 ], [ 101.0293268, 6.7745115 ], [ 101.0293363, 6.7745854 ], [ 101.0293447, 6.7746362 ], [ 101.0293564, 6.7746905 ], [ 101.0293694, 6.7747424 ], [ 101.0293834, 6.7747713 ], [ 101.029409, 6.7748093 ], [ 101.0294231, 6.7748288 ], [ 101.0294508, 6.7748669 ], [ 101.0295927, 6.7750582 ], [ 101.0296602, 6.7751619 ], [ 101.0296766, 6.7752035 ], [ 101.0296825, 6.7752485 ], [ 101.0296792, 6.7752855 ], [ 101.0296701, 6.775326 ], [ 101.029653, 6.7753735 ], [ 101.0296175, 6.7754511 ], [ 101.0295773, 6.775516 ], [ 101.0295301, 6.7755809 ], [ 101.0294945, 6.7756273 ], [ 101.029445, 6.7756795 ], [ 101.0293897, 6.7757317 ], [ 101.0293113, 6.7757956 ], [ 101.0292767, 6.7758214 ], [ 101.0292364, 6.7758514 ], [ 101.0291557, 6.7759153 ], [ 101.0291385, 6.7759351 ], [ 101.0291305, 6.7759698 ], [ 101.0291308, 6.7760299 ], [ 101.0291381, 6.7761292 ], [ 101.0291647, 6.7763857 ], [ 101.0291691, 6.7764657 ], [ 101.0291829, 6.776716 ], [ 101.0291859, 6.7767705 ], [ 101.0291861, 6.7768202 ], [ 101.0291747, 6.7768561 ], [ 101.0291563, 6.7768758 ], [ 101.0291263, 6.7768875 ], [ 101.0290789, 6.7768935 ], [ 101.0290049, 6.7768996 ], [ 101.0289763, 6.7769029 ], [ 101.0289021, 6.7769116 ], [ 101.0288489, 6.7769199 ], [ 101.0288097, 6.7769316 ], [ 101.028767, 6.7769607 ], [ 101.0287324, 6.7769897 ], [ 101.0287095, 6.7770279 ], [ 101.0286934, 6.7770708 ], [ 101.028689, 6.7771112 ], [ 101.0286915, 6.7771609 ], [ 101.0287056, 6.7772048 ], [ 101.0287278, 6.7772567 ], [ 101.0287534, 6.7772959 ], [ 101.0287836, 6.7773339 ], [ 101.0288271, 6.7773794 ], [ 101.0288498, 6.777403 ], [ 101.0288935, 6.7774393 ], [ 101.0291503, 6.7776526 ], [ 101.0291666, 6.777671 ], [ 101.0291736, 6.7777022 ], [ 101.0291738, 6.7777322 ], [ 101.0291658, 6.7777577 ], [ 101.0291508, 6.7777809 ], [ 101.0291218, 6.7778023 ], [ 101.0290839, 6.7778251 ], [ 101.029017, 6.7778612 ], [ 101.0289524, 6.7778984 ], [ 101.0289378, 6.7779125 ], [ 101.0288973, 6.7779737 ], [ 101.0288711, 6.7780265 ], [ 101.0287978, 6.7782056 ], [ 101.0287062, 6.7784047 ], [ 101.0286344, 6.778557 ], [ 101.0286025, 6.7786918 ], [ 101.0285619, 6.7788587 ], [ 101.0285489, 6.7789368 ], [ 101.0285337, 6.7790527 ], [ 101.0285297, 6.7791463 ], [ 101.0285302, 6.7792599 ], [ 101.0285372, 6.7793557 ], [ 101.0285488, 6.7794514 ], [ 101.0285549, 6.7794838 ], [ 101.0285698, 6.7795299 ], [ 101.0285916, 6.7795716 ], [ 101.0290217, 6.7800695 ], [ 101.0293271, 6.7804487 ], [ 101.02949, 6.7806619 ], [ 101.0294999, 6.7806777 ], [ 101.0295202, 6.7807177 ], [ 101.0295382, 6.7807734 ], [ 101.0295542, 6.7808499 ], [ 101.0295586, 6.7808714 ], [ 101.0295743, 6.7809514 ], [ 101.0295806, 6.7809716 ], [ 101.0295879, 6.7809875 ], [ 101.0296008, 6.7810056 ], [ 101.0296125, 6.7810149 ], [ 101.0296237, 6.7810208 ], [ 101.0296371, 6.7810261 ], [ 101.0296476, 6.7810287 ], [ 101.0296664, 6.7810315 ], [ 101.0296781, 6.7810306 ], [ 101.0296901, 6.7810278 ], [ 101.0297002, 6.7810239 ], [ 101.0297136, 6.7810169 ], [ 101.029729, 6.7810056 ], [ 101.0297377, 6.7809956 ], [ 101.0297666, 6.7809598 ], [ 101.0298216, 6.7808892 ], [ 101.0298464, 6.7808638 ], [ 101.0298629, 6.7808469 ], [ 101.0298779, 6.7808359 ], [ 101.0298902, 6.7808332 ], [ 101.0299059, 6.7808358 ], [ 101.0299196, 6.7808426 ], [ 101.0299282, 6.7808501 ], [ 101.0299364, 6.7808727 ], [ 101.0299736, 6.7811025 ], [ 101.0299903, 6.7811574 ], [ 101.0300011, 6.7811862 ], [ 101.030006, 6.7811989 ], [ 101.0300223, 6.7812327 ], [ 101.0300351, 6.781251 ], [ 101.0300474, 6.7812632 ], [ 101.0300597, 6.7812693 ], [ 101.0300704, 6.7812727 ], [ 101.0300916, 6.7812747 ], [ 101.0301057, 6.7812732 ], [ 101.0301254, 6.781264 ], [ 101.0301409, 6.7812484 ], [ 101.0301507, 6.7812307 ], [ 101.0301633, 6.7811921 ], [ 101.0301722, 6.7811545 ], [ 101.0301751, 6.7811254 ], [ 101.0301755, 6.7809749 ], [ 101.0301735, 6.7808878 ], [ 101.0301752, 6.7808594 ], [ 101.0301823, 6.7808443 ], [ 101.0301926, 6.7808363 ], [ 101.0302033, 6.7808323 ], [ 101.0302203, 6.7808306 ], [ 101.0302326, 6.7808342 ], [ 101.0302434, 6.7808373 ], [ 101.0302561, 6.7808448 ], [ 101.0302896, 6.7808732 ], [ 101.030412, 6.7810363 ], [ 101.0304215, 6.7810518 ], [ 101.030488, 6.7811695 ], [ 101.0304928, 6.7811789 ], [ 101.0305014, 6.7811954 ], [ 101.0305041, 6.7812059 ], [ 101.0305059, 6.7812205 ], [ 101.0305033, 6.7812309 ], [ 101.0304979, 6.7812446 ], [ 101.0304833, 6.7812659 ], [ 101.0304309, 6.7813189 ], [ 101.0303932, 6.7813572 ], [ 101.0303776, 6.7813729 ], [ 101.0303664, 6.7813885 ], [ 101.0303644, 6.7814026 ], [ 101.0303665, 6.7814124 ], [ 101.0303814, 6.7814321 ], [ 101.0304331, 6.7814624 ], [ 101.0304422, 6.7814678 ], [ 101.0305285, 6.7815161 ], [ 101.0305942, 6.7815539 ], [ 101.0306728, 6.7815911 ], [ 101.0307099, 6.7816046 ], [ 101.0307918, 6.7816282 ], [ 101.0309617, 6.7816704 ], [ 101.0309953, 6.7816762 ], [ 101.0310195, 6.7816799 ], [ 101.0310583, 6.7816788 ], [ 101.0311104, 6.7816752 ], [ 101.0311262, 6.7816727 ], [ 101.031146, 6.7816695 ], [ 101.0312061, 6.7816531 ], [ 101.0312738, 6.7816125 ], [ 101.031368, 6.7815331 ], [ 101.0313941, 6.7815149 ], [ 101.0314067, 6.7815061 ], [ 101.0314295, 6.781496 ], [ 101.0315381, 6.7814671 ], [ 101.0316195, 6.7814561 ], [ 101.0319691, 6.7814232 ], [ 101.0323255, 6.781406 ], [ 101.0326918, 6.7814114 ], [ 101.0329625, 6.781465 ], [ 101.0330423, 6.7814946 ], [ 101.0331988, 6.7815796 ], [ 101.033318, 6.781654 ], [ 101.0335012, 6.7818141 ], [ 101.0335314, 6.781861 ], [ 101.0335788, 6.7819868 ], [ 101.033598, 6.7820376 ], [ 101.0336012, 6.7820495 ], [ 101.0336344, 6.7821253 ], [ 101.033645, 6.7821495 ], [ 101.0336724, 6.78219 ], [ 101.033696, 6.7822169 ], [ 101.0337169, 6.7822359 ], [ 101.0337942, 6.7822798 ], [ 101.0338484, 6.7823032 ], [ 101.0339053, 6.7823278 ], [ 101.0340151, 6.7824004 ], [ 101.0341004, 6.7824801 ], [ 101.0341646, 6.7825895 ], [ 101.0342097, 6.7827223 ], [ 101.0342752, 6.7828643 ], [ 101.0343177, 6.7828982 ], [ 101.0343588, 6.7829112 ], [ 101.0345203, 6.7829072 ], [ 101.0345625, 6.7829088 ], [ 101.0348945, 6.7829211 ], [ 101.0350065, 6.7829456 ], [ 101.0350298, 6.7829601 ], [ 101.0350499, 6.7829965 ], [ 101.0350556, 6.7830486 ], [ 101.0350541, 6.7831074 ], [ 101.035024, 6.7832371 ], [ 101.0350137, 6.7833172 ], [ 101.03501, 6.7833455 ], [ 101.0349918, 6.7838247 ], [ 101.034996, 6.7839309 ], [ 101.0350141, 6.7839786 ], [ 101.0350605, 6.7840634 ], [ 101.0351204, 6.7841429 ], [ 101.0351254, 6.784156 ], [ 101.0351338, 6.7842171 ], [ 101.0351261, 6.7842523 ], [ 101.0351039, 6.7842915 ], [ 101.0350625, 6.7843448 ], [ 101.0350461, 6.7843587 ], [ 101.0350291, 6.784369 ], [ 101.0349796, 6.7843877 ], [ 101.0347665, 6.7844421 ], [ 101.0345956, 6.7844987 ], [ 101.0345461, 6.784526 ], [ 101.034533, 6.7845402 ], [ 101.0345101, 6.7845756 ], [ 101.0344987, 6.784607 ], [ 101.0344957, 6.7846669 ], [ 101.0345028, 6.7846919 ], [ 101.0347216, 6.7849968 ], [ 101.0347467, 6.7850202 ], [ 101.0347795, 6.7850392 ], [ 101.0347961, 6.7850449 ], [ 101.034819, 6.7850458 ], [ 101.0348304, 6.7850449 ], [ 101.034973, 6.7850343 ], [ 101.0351216, 6.7850131 ], [ 101.0353426, 6.7849879 ], [ 101.035642, 6.784969 ], [ 101.0359767, 6.7849737 ], [ 101.036067, 6.7849783 ], [ 101.0362795, 6.7849769 ], [ 101.0364123, 6.784983 ], [ 101.0364389, 6.784993 ], [ 101.0365306, 6.7850508 ], [ 101.0365693, 6.785087 ], [ 101.0366293, 6.7851613 ], [ 101.03666, 6.7852165 ], [ 101.0366782, 6.7852728 ], [ 101.036677, 6.7852855 ], [ 101.0366153, 6.7854318 ], [ 101.036597, 6.7854959 ], [ 101.0365875, 6.7856553 ], [ 101.0365953, 6.7857022 ], [ 101.0366202, 6.7857773 ], [ 101.0366711, 6.7858833 ], [ 101.0367076, 6.7859309 ], [ 101.0367166, 6.7859401 ], [ 101.0367614, 6.7859859 ], [ 101.0375688, 6.7865355 ], [ 101.0375931, 6.7865693 ], [ 101.0376161, 6.7866128 ], [ 101.0376264, 6.7866725 ], [ 101.0376256, 6.786685 ], [ 101.0376238, 6.7867115 ], [ 101.0376015, 6.7867767 ], [ 101.0373908, 6.7871188 ], [ 101.0373709, 6.7871677 ], [ 101.0373378, 6.7872717 ], [ 101.0372712, 6.7875478 ], [ 101.0372663, 6.7875851 ], [ 101.0372615, 6.7876861 ], [ 101.037293, 6.7878666 ], [ 101.0373104, 6.7879095 ], [ 101.0373349, 6.7879467 ], [ 101.0373626, 6.7879691 ], [ 101.0374101, 6.7879952 ], [ 101.0374412, 6.7880062 ], [ 101.0374583, 6.7880085 ], [ 101.037506, 6.7880068 ], [ 101.0375307, 6.7880012 ], [ 101.0375543, 6.7879959 ], [ 101.0377614, 6.7879493 ], [ 101.0378224, 6.7879422 ], [ 101.0379387, 6.7879342 ], [ 101.0380235, 6.7879415 ], [ 101.0380869, 6.787954 ], [ 101.0382405, 6.7880242 ], [ 101.0384005, 6.7880975 ], [ 101.0384306, 6.7881067 ], [ 101.0384619, 6.7881025 ], [ 101.0384823, 6.7880954 ], [ 101.0385626, 6.7880192 ], [ 101.0386981, 6.7878908 ], [ 101.0387316, 6.7878787 ], [ 101.0387925, 6.787874 ], [ 101.038858, 6.7878805 ], [ 101.0388929, 6.7878908 ], [ 101.0389283, 6.7879042 ], [ 101.0389823, 6.7879318 ], [ 101.0390546, 6.7879859 ], [ 101.0390679, 6.7880005 ], [ 101.0391069, 6.7880598 ], [ 101.0391219, 6.7880961 ], [ 101.0391412, 6.7881736 ], [ 101.0391486, 6.7882198 ], [ 101.0391498, 6.7882729 ], [ 101.0391446, 6.7882968 ], [ 101.0390996, 6.788468 ], [ 101.0390557, 6.7886185 ], [ 101.0390127, 6.7887255 ], [ 101.0390027, 6.7887448 ], [ 101.0389904, 6.7887685 ], [ 101.0387996, 6.7890962 ], [ 101.0387943, 6.7891053 ], [ 101.0387893, 6.7891221 ], [ 101.0387819, 6.7891467 ], [ 101.0387743, 6.7891719 ], [ 101.0387675, 6.7892197 ], [ 101.0387762, 6.7892674 ], [ 101.0387941, 6.7893285 ], [ 101.0388086, 6.7893485 ], [ 101.0388395, 6.7893734 ], [ 101.0388575, 6.7893812 ], [ 101.0389064, 6.7894021 ], [ 101.0389231, 6.7894092 ], [ 101.0390021, 6.7894343 ], [ 101.0397838, 6.7896348 ], [ 101.0398181, 6.7896522 ], [ 101.0398474, 6.7896727 ], [ 101.0400236, 6.7897997 ], [ 101.0402072, 6.7899604 ], [ 101.0403375, 6.7901298 ], [ 101.0404313, 6.7903065 ], [ 101.0404714, 6.7904303 ], [ 101.0404916, 6.7904924 ], [ 101.0405894, 6.7912864 ], [ 101.0406445, 6.7916875 ], [ 101.0407142, 6.7924346 ], [ 101.0407057, 6.7928289 ], [ 101.0406696, 6.7932847 ], [ 101.0406819, 6.7936434 ], [ 101.040712, 6.793943 ], [ 101.0407447, 6.7940458 ], [ 101.040781, 6.7941031 ], [ 101.0418742, 6.7953091 ], [ 101.0419617, 6.7953642 ], [ 101.0420497, 6.7953931 ], [ 101.042137, 6.7954125 ], [ 101.0422579, 6.7954215 ], [ 101.0424457, 6.7954036 ], [ 101.0426147, 6.7954144 ], [ 101.0430344, 6.7955123 ], [ 101.0434903, 6.7956616 ], [ 101.0435591, 6.7956897 ], [ 101.0437098, 6.7957729 ], [ 101.0445203, 6.7963507 ], [ 101.0448396, 6.7965496 ], [ 101.0452282, 6.7967462 ], [ 101.045515, 6.7968702 ], [ 101.0463496, 6.7971535 ], [ 101.0491401, 6.7980158 ], [ 101.0493734, 6.7981067 ], [ 101.0504123, 6.7986154 ], [ 101.0508276, 6.7988477 ], [ 101.0509734, 6.7989528 ], [ 101.051007, 6.7989822 ], [ 101.0536891, 6.8012089 ], [ 101.0537038, 6.8012198 ], [ 101.0539207, 6.8013569 ], [ 101.0541801, 6.8014471 ], [ 101.0543715, 6.8014921 ], [ 101.0540237, 6.8028631 ], [ 101.0538513, 6.8029286 ], [ 101.0522775, 6.8033235 ], [ 101.0509629, 6.8037822 ], [ 101.0474557, 6.8063211 ], [ 101.0442933, 6.8087506 ], [ 101.0435636, 6.8097245 ], [ 101.043136, 6.8106755 ], [ 101.0427325, 6.8122305 ], [ 101.0423763, 6.814756 ], [ 101.0421292, 6.8175616 ], [ 101.0422486, 6.8202793 ], [ 101.0424543, 6.822975 ], [ 101.0425935, 6.8261205 ], [ 101.0428647, 6.8283938 ], [ 101.0429751, 6.8286731 ], [ 101.043111, 6.8289558 ], [ 101.0450858, 6.8308284 ], [ 101.0492286, 6.8343177 ], [ 101.0503831, 6.8356719 ], [ 101.0505147, 6.8360663 ], [ 101.0505294, 6.8361755 ], [ 101.0505108, 6.8362612 ], [ 101.0504541, 6.8363517 ], [ 101.0489188, 6.8375318 ], [ 101.0479382, 6.8383438 ], [ 101.0477013, 6.8385349 ], [ 101.0475592, 6.83864 ], [ 101.0474073, 6.8387119 ], [ 101.0472269, 6.8387554 ], [ 101.0470795, 6.8387561 ], [ 101.0468702, 6.8387332 ], [ 101.0467322, 6.8386863 ], [ 101.0466036, 6.8386346 ], [ 101.046427, 6.838469 ], [ 101.0454622, 6.837423 ], [ 101.045281, 6.8372812 ], [ 101.0450856, 6.8371823 ], [ 101.0448526, 6.8371548 ], [ 101.0446387, 6.8371794 ], [ 101.0443586, 6.8372566 ], [ 101.0442305, 6.8373237 ], [ 101.0440267, 6.8374624 ], [ 101.0438799, 6.8375913 ], [ 101.0436668, 6.8378013 ], [ 101.0435674, 6.8379062 ], [ 101.0434824, 6.8380254 ], [ 101.0433501, 6.8382302 ], [ 101.0431819, 6.8384972 ], [ 101.0430812, 6.8387113 ], [ 101.0429169, 6.8392014 ], [ 101.042814, 6.8396152 ], [ 101.0427397, 6.8400099 ], [ 101.0427125, 6.8403331 ], [ 101.0427041, 6.8405898 ], [ 101.0427055, 6.8409129 ], [ 101.0427304, 6.8411931 ], [ 101.0427845, 6.8416015 ], [ 101.0428665, 6.841891 ], [ 101.0429672, 6.8421044 ], [ 101.0431252, 6.8423603 ], [ 101.0432734, 6.8425402 ], [ 101.0434882, 6.8427579 ], [ 101.0437936, 6.8430132 ], [ 101.0440176, 6.8431595 ], [ 101.0442892, 6.8432914 ], [ 101.0449275, 6.8436023 ], [ 101.0452612, 6.8437957 ], [ 101.0454282, 6.843947 ], [ 101.0455526, 6.8441413 ], [ 101.04562, 6.8443359 ], [ 101.0456593, 6.8446208 ], [ 101.0456597, 6.8447227 ], [ 101.0456506, 6.8448497 ], [ 101.0456442, 6.8448908 ], [ 101.0455993, 6.8450487 ], [ 101.0455572, 6.8452152 ], [ 101.0454487, 6.8454152 ], [ 101.0453919, 6.8455012 ], [ 101.0453373, 6.8455508 ], [ 101.045231, 6.8456229 ], [ 101.0444585, 6.846029 ], [ 101.0435578, 6.84697 ], [ 101.0435107, 6.8470192 ], [ 101.043547, 6.8474169 ], [ 101.0435598, 6.8474434 ], [ 101.0437217, 6.8477795 ], [ 101.0439969, 6.8480386 ], [ 101.0440693, 6.8481068 ], [ 101.0442303, 6.8481335 ], [ 101.0442732, 6.8481407 ], [ 101.0447795, 6.8482248 ], [ 101.04535, 6.8480667 ], [ 101.0469229, 6.84706 ], [ 101.0472258, 6.8469617 ], [ 101.0477943, 6.8469024 ], [ 101.0481788, 6.846909 ], [ 101.0486195, 6.847041 ], [ 101.0502431, 6.8477161 ], [ 101.0521778, 6.8486245 ], [ 101.0527934, 6.8489686 ], [ 101.0562468, 6.8508989 ], [ 101.0562578, 6.8509051 ], [ 101.0562837, 6.8509182 ], [ 101.0564735, 6.8510143 ], [ 101.0567983, 6.8511788 ], [ 101.0570701, 6.8512956 ], [ 101.0572518, 6.8513737 ], [ 101.057359, 6.8514198 ], [ 101.0577044, 6.8515378 ], [ 101.0578091, 6.851565 ], [ 101.058204, 6.8516321 ], [ 101.0583431, 6.8516436 ], [ 101.0588277, 6.8516597 ], [ 101.0589186, 6.8516476 ], [ 101.0595353, 6.8515024 ], [ 101.0599092, 6.85138 ], [ 101.0599808, 6.8513566 ], [ 101.0601345, 6.8513289 ], [ 101.0605434, 6.8512553 ], [ 101.0616161, 6.8511811 ], [ 101.0621638, 6.8511944 ], [ 101.0622577, 6.8511967 ], [ 101.0623861, 6.8512278 ], [ 101.0624475, 6.8512426 ], [ 101.0626525, 6.8512923 ], [ 101.0629092, 6.8514294 ], [ 101.0629583, 6.8514795 ], [ 101.0632266, 6.8517535 ], [ 101.0632468, 6.8517741 ], [ 101.063654, 6.8526663 ], [ 101.063718, 6.8528754 ], [ 101.0638963, 6.8534582 ], [ 101.0640461, 6.8543919 ], [ 101.0640118, 6.8549017 ], [ 101.0640249, 6.8551079 ], [ 101.0641475, 6.8553865 ], [ 101.0643671, 6.8556283 ], [ 101.0646593, 6.8558212 ], [ 101.0651578, 6.856001 ], [ 101.0656321, 6.856181 ], [ 101.0658635, 6.8563499 ], [ 101.0660591, 6.8566524 ], [ 101.066085, 6.8570952 ], [ 101.0661571, 6.8583274 ], [ 101.3257855, 8.1638725 ], [ 100.3367074, 7.9313759 ], [ 100.3363172, 7.9312842 ], [ 100.3361413, 7.9312576 ], [ 100.3360011, 7.9312346 ], [ 100.3358658, 7.931205 ], [ 100.3352822, 7.9310619 ], [ 100.3352662, 7.9310617 ], [ 100.3352121, 7.9310661 ], [ 100.3351622, 7.9310828 ], [ 100.3351124, 7.9311141 ], [ 100.3350668, 7.9311619 ], [ 100.3350403, 7.9312044 ], [ 100.3350234, 7.9312596 ], [ 100.3350109, 7.931328 ], [ 100.3350087, 7.9314106 ], [ 100.3349904, 7.9321161 ], [ 100.3349847, 7.9321682 ], [ 100.3349677, 7.9322363 ], [ 100.3347994, 7.9325951 ], [ 100.3347822, 7.9326402 ], [ 100.3346161, 7.9330769 ], [ 100.3346008, 7.9331306 ], [ 100.3345681, 7.9332875 ], [ 100.3345459, 7.9334888 ], [ 100.3345359, 7.9336381 ], [ 100.3345637, 7.9338621 ], [ 100.3346206, 7.9340838 ], [ 100.3346752, 7.9342268 ], [ 100.3347552, 7.9345438 ], [ 100.3347747, 7.9347823 ], [ 100.3347483, 7.9349774 ], [ 100.3346989, 7.9351476 ], [ 100.334637, 7.9353013 ], [ 100.3345448, 7.9354664 ], [ 100.3344435, 7.9356083 ], [ 100.3343398, 7.935705 ], [ 100.3342591, 7.9357597 ], [ 100.3341622, 7.9358068 ], [ 100.3337384, 7.9359804 ], [ 100.333437, 7.9360622 ], [ 100.3330648, 7.9361319 ], [ 100.3327154, 7.9361786 ], [ 100.3325241, 7.9362103 ], [ 100.3323931, 7.936246 ], [ 100.3322789, 7.9363065 ], [ 100.3321689, 7.9363836 ], [ 100.3318224, 7.9366855 ], [ 100.3315798, 7.9369165 ], [ 100.331555, 7.9369384 ], [ 100.3314199, 7.9370338 ], [ 100.3310564, 7.9372003 ], [ 100.3304016, 7.937389 ], [ 100.3300338, 7.9375064 ], [ 100.329826, 7.9376024 ], [ 100.3296641, 7.9377067 ], [ 100.3293737, 7.9379648 ], [ 100.3291163, 7.9381523 ], [ 100.3288505, 7.9383108 ], [ 100.3287071, 7.9383631 ], [ 100.3286073, 7.9383779 ], [ 100.3284097, 7.9383869 ], [ 100.3279125, 7.9383967 ], [ 100.327719, 7.9384202 ], [ 100.3275777, 7.9384538 ], [ 100.327424, 7.9385269 ], [ 100.3271394, 7.9386854 ], [ 100.326936, 7.9388209 ], [ 100.3268134, 7.9388851 ], [ 100.3267885, 7.9388981 ], [ 100.3266867, 7.9389233 ], [ 100.3265577, 7.9389383 ], [ 100.3264579, 7.9389407 ], [ 100.3263579, 7.9389202 ], [ 100.3262892, 7.9388873 ], [ 100.3261288, 7.9387888 ], [ 100.3260716, 7.9387537 ], [ 100.3257417, 7.9385372 ], [ 100.3256787, 7.9385153 ], [ 100.3256084, 7.9385081 ], [ 100.3255011, 7.9384974 ], [ 100.3252718, 7.9384871 ], [ 100.324998, 7.9384695 ], [ 100.3248796, 7.9384441 ], [ 100.3247463, 7.9383966 ], [ 100.3245981, 7.938327 ], [ 100.3239494, 7.9378644 ], [ 100.3238447, 7.9377933 ], [ 100.3235018, 7.9375601 ], [ 100.3233297, 7.9374206 ], [ 100.3229619, 7.9370795 ], [ 100.3228258, 7.9369773 ], [ 100.3227399, 7.9369402 ], [ 100.3224978, 7.9368663 ], [ 100.3220715, 7.9367635 ], [ 100.3217527, 7.9366291 ], [ 100.3216583, 7.936608 ], [ 100.3215904, 7.9366094 ], [ 100.3215249, 7.9366205 ], [ 100.3214516, 7.9366425 ], [ 100.3213878, 7.936691 ], [ 100.3212736, 7.9368326 ], [ 100.321098, 7.93698 ], [ 100.3209771, 7.9371071 ], [ 100.3209251, 7.9371822 ], [ 100.3208892, 7.937214 ], [ 100.3207592, 7.9373293 ], [ 100.3206248, 7.9374021 ], [ 100.3205465, 7.9374301 ], [ 100.3204128, 7.9374521 ], [ 100.3203601, 7.9374522 ], [ 100.3203168, 7.9374444 ], [ 100.3202546, 7.9374332 ], [ 100.3193357, 7.9372121 ], [ 100.3192246, 7.9371854 ], [ 100.3189653, 7.9371233 ], [ 100.3188285, 7.9370755 ], [ 100.3183859, 7.9368418 ], [ 100.3181704, 7.9367611 ], [ 100.3180614, 7.9367405 ], [ 100.3179361, 7.9367353 ], [ 100.3177794, 7.9367358 ], [ 100.3176537, 7.9367547 ], [ 100.3175784, 7.9367779 ], [ 100.3174768, 7.9368044 ], [ 100.3173363, 7.9368634 ], [ 100.3172432, 7.9369173 ], [ 100.3169083, 7.9371506 ], [ 100.3167875, 7.9372045 ], [ 100.3167435, 7.9372242 ], [ 100.316515, 7.9373261 ], [ 100.3164073, 7.9373373 ], [ 100.3162681, 7.9373214 ], [ 100.3160429, 7.9372471 ], [ 100.3156541, 7.9370412 ], [ 100.3153516, 7.93685 ], [ 100.3152928, 7.9368128 ], [ 100.3148845, 7.9366565 ], [ 100.3146319, 7.9366103 ], [ 100.3139244, 7.9365572 ], [ 100.3131556, 7.9364379 ], [ 100.3126477, 7.9363676 ], [ 100.3123994, 7.9363229 ], [ 100.3123193, 7.9363084 ], [ 100.3121412, 7.9362644 ], [ 100.3120094, 7.9362116 ], [ 100.3119691, 7.9361848 ], [ 100.3119174, 7.9361376 ], [ 100.3118811, 7.9360603 ], [ 100.3118266, 7.935902 ], [ 100.3116984, 7.9353365 ], [ 100.3115532, 7.9346966 ], [ 100.3114731, 7.934413 ], [ 100.3111143, 7.9331444 ], [ 100.3109948, 7.932758 ], [ 100.3108914, 7.932282 ], [ 100.3107924, 7.9318264 ], [ 100.3103322, 7.9301648 ], [ 100.3100363, 7.9289673 ], [ 100.3098607, 7.9284185 ], [ 100.3098022, 7.9282989 ], [ 100.3094103, 7.927498 ], [ 100.3089085, 7.9267252 ], [ 100.3081284, 7.9256509 ], [ 100.3077641, 7.925051 ], [ 100.3072141, 7.9239853 ], [ 100.3070444, 7.9235959 ], [ 100.3070237, 7.9235053 ], [ 100.3069959, 7.9233834 ], [ 100.3069072, 7.9229948 ], [ 100.3068767, 7.9225511 ], [ 100.3068869, 7.9223321 ], [ 100.3068953, 7.9221541 ], [ 100.306983, 7.9207837 ], [ 100.3070178, 7.9201081 ], [ 100.3070697, 7.9190987 ], [ 100.3071466, 7.9184608 ], [ 100.3072276, 7.9179792 ], [ 100.3074379, 7.9167287 ], [ 100.3074762, 7.9165488 ], [ 100.3077592, 7.9156878 ], [ 100.3079242, 7.9152392 ], [ 100.3080659, 7.9148958 ], [ 100.3080921, 7.9148322 ], [ 100.3082424, 7.9145727 ], [ 100.3083958, 7.9143297 ], [ 100.308501, 7.914181 ], [ 100.3085632, 7.9140918 ], [ 100.308569, 7.9140696 ], [ 100.308569, 7.9140458 ], [ 100.3085595, 7.9140255 ], [ 100.3085149, 7.913987 ], [ 100.3084656, 7.9139428 ], [ 100.3083632, 7.9138818 ], [ 100.3082797, 7.9138391 ], [ 100.3082113, 7.9138094 ], [ 100.3081621, 7.9137979 ], [ 100.3081313, 7.9137915 ], [ 100.3081071, 7.9137864 ], [ 100.3080901, 7.9137844 ], [ 100.3080497, 7.9137796 ], [ 100.3079678, 7.9137845 ], [ 100.3078497, 7.9138024 ], [ 100.3077585, 7.9138295 ], [ 100.3076065, 7.9138825 ], [ 100.3075793, 7.9138919 ], [ 100.3075212, 7.9139119 ], [ 100.3074042, 7.9139368 ], [ 100.307317, 7.9139471 ], [ 100.3072311, 7.9139572 ], [ 100.3070404, 7.9139764 ], [ 100.3069339, 7.9139791 ], [ 100.3066367, 7.9139695 ], [ 100.3065219, 7.9139512 ], [ 100.3064391, 7.9139391 ], [ 100.3064283, 7.9139375 ], [ 100.3062227, 7.913883 ], [ 100.306131, 7.9138356 ], [ 100.305933, 7.9136993 ], [ 100.3058288, 7.9136353 ], [ 100.3057246, 7.9135776 ], [ 100.3056122, 7.9135634 ], [ 100.3054707, 7.9135763 ], [ 100.3052587, 7.9136309 ], [ 100.305026, 7.9137333 ], [ 100.3046857, 7.9138457 ], [ 100.3046333, 7.9138631 ], [ 100.3046168, 7.9138698 ], [ 100.304125, 7.9140715 ], [ 100.3036848, 7.9142251 ], [ 100.3036733, 7.9142291 ], [ 100.3034136, 7.9143377 ], [ 100.3031165, 7.9144942 ], [ 100.3028833, 7.9146646 ], [ 100.3028521, 7.9146874 ], [ 100.3027535, 7.9147358 ], [ 100.3024286, 7.9148952 ], [ 100.3022119, 7.9149795 ], [ 100.3020592, 7.9150242 ], [ 100.3019064, 7.9150443 ], [ 100.3016105, 7.9150403 ], [ 100.3015169, 7.9150441 ], [ 100.301216, 7.9150563 ], [ 100.3009349, 7.9150572 ], [ 100.3005817, 7.9149905 ], [ 100.3004713, 7.9149759 ], [ 100.3003985, 7.9149662 ], [ 100.3002266, 7.9149695 ], [ 100.3000379, 7.9149701 ], [ 100.2999101, 7.91499 ], [ 100.2998023, 7.9150068 ], [ 100.2997401, 7.9150263 ], [ 100.2995972, 7.915071 ], [ 100.2994194, 7.9151683 ], [ 100.2993785, 7.9151906 ], [ 100.2991266, 7.9153574 ], [ 100.2988857, 7.9155019 ], [ 100.2986226, 7.915626 ], [ 100.2985727, 7.9156495 ], [ 100.2983376, 7.9157084 ], [ 100.2982373, 7.9157335 ], [ 100.2979989, 7.9157785 ], [ 100.2977937, 7.9157985 ], [ 100.2976078, 7.9157963 ], [ 100.2973443, 7.9157833 ], [ 100.2972814, 7.9157751 ], [ 100.2971167, 7.9157536 ], [ 100.2969336, 7.9157431 ], [ 100.2967395, 7.9157492 ], [ 100.296538, 7.9157565 ], [ 100.2960711, 7.9157734 ], [ 100.2956829, 7.9158216 ], [ 100.2950701, 7.9159203 ], [ 100.2945572, 7.91598 ], [ 100.2944266, 7.9159696 ], [ 100.2943907, 7.9159667 ], [ 100.2941266, 7.9159266 ], [ 100.29398, 7.9159043 ], [ 100.2936857, 7.9158251 ], [ 100.2934969, 7.9157703 ], [ 100.2933415, 7.9157487 ], [ 100.2931057, 7.9157494 ], [ 100.2930327, 7.9157413 ], [ 100.2927408, 7.9157088 ], [ 100.2924216, 7.9156489 ], [ 100.2921634, 7.9155861 ], [ 100.2912177, 7.9153156 ], [ 100.2911972, 7.9153098 ], [ 100.2908502, 7.9152113 ], [ 100.2906553, 7.9151815 ], [ 100.2905838, 7.9151706 ], [ 100.2901481, 7.9151139 ], [ 100.2895014, 7.9149721 ], [ 100.2887354, 7.914861 ], [ 100.2883241, 7.914788 ], [ 100.2881633, 7.9147594 ], [ 100.2877252, 7.9146816 ], [ 100.2872874, 7.9145918 ], [ 100.2872339, 7.9145808 ], [ 100.2871837, 7.9145732 ], [ 100.2865373, 7.9144751 ], [ 100.2861516, 7.9144265 ], [ 100.285629, 7.9143304 ], [ 100.2853828, 7.9142851 ], [ 100.2846057, 7.9141464 ], [ 100.2841444, 7.9140511 ], [ 100.2834844, 7.9139425 ], [ 100.282613, 7.9138013 ], [ 100.2816556, 7.9136687 ], [ 100.2814241, 7.9136447 ], [ 100.2811645, 7.9136177 ], [ 100.2807963, 7.9135282 ], [ 100.2806592, 7.9134948 ], [ 100.280576, 7.913484 ], [ 100.2805588, 7.9134841 ], [ 100.2805205, 7.9134842 ], [ 100.2804095, 7.913479 ], [ 100.280354, 7.9134626 ], [ 100.2799369, 7.9133741 ], [ 100.2799043, 7.9133671 ], [ 100.2797878, 7.9133647 ], [ 100.2792304, 7.9134024 ], [ 100.2789505, 7.9134303 ], [ 100.2788865, 7.9134366 ], [ 100.2786231, 7.9134513 ], [ 100.2784576, 7.9134583 ], [ 100.2779963, 7.9134781 ], [ 100.2776828, 7.9134901 ], [ 100.2771144, 7.9135665 ], [ 100.2765234, 7.9136406 ], [ 100.2763686, 7.9136601 ], [ 100.2760824, 7.9136853 ], [ 100.275165, 7.9137661 ], [ 100.2741084, 7.9138467 ], [ 100.273465, 7.913904 ], [ 100.2729769, 7.9139221 ], [ 100.2727024, 7.9139451 ], [ 100.2721589, 7.9140131 ], [ 100.271072, 7.9141685 ], [ 100.2708225, 7.9142052 ], [ 100.2704536, 7.9142395 ], [ 100.270425, 7.9142429 ], [ 100.2701874, 7.9142708 ], [ 100.2699999, 7.9142778 ], [ 100.2699461, 7.9142798 ], [ 100.2698387, 7.914291 ], [ 100.268909, 7.914388 ], [ 100.267517, 7.9145306 ], [ 100.2670245, 7.9145721 ], [ 100.266599, 7.914608 ], [ 100.2659802, 7.9146684 ], [ 100.2659758, 7.9137397 ], [ 100.26602, 7.9129745 ], [ 100.2660769, 7.9119858 ], [ 100.2661151, 7.9114284 ], [ 100.2661126, 7.9113289 ], [ 100.2661037, 7.9113046 ], [ 100.2660836, 7.9112892 ], [ 100.2660614, 7.9112827 ], [ 100.2657975, 7.9112746 ], [ 100.2657708, 7.9112636 ], [ 100.2657597, 7.911246 ], [ 100.2657552, 7.9112239 ], [ 100.2657543, 7.9111888 ], [ 100.2657607, 7.9111089 ], [ 100.2657647, 7.9110589 ], [ 100.2658559, 7.9101217 ], [ 100.2660421, 7.9080698 ], [ 100.2662269, 7.9061678 ], [ 100.2662563, 7.9059321 ], [ 100.2662608, 7.9058522 ], [ 100.266267, 7.9057309 ], [ 100.2662817, 7.9055618 ], [ 100.2663028, 7.9053862 ], [ 100.2663264, 7.9052605 ], [ 100.2663682, 7.9051089 ], [ 100.2664293, 7.9047972 ], [ 100.266435, 7.9047564 ], [ 100.2664268, 7.9047342 ], [ 100.2663834, 7.9046993 ], [ 100.2663107, 7.9046739 ], [ 100.2661047, 7.9046395 ], [ 100.2656792, 7.9045535 ], [ 100.2655707, 7.9045268 ], [ 100.2654805, 7.9044979 ], [ 100.2653903, 7.9044499 ], [ 100.2652109, 7.904347 ], [ 100.2651465, 7.9043274 ], [ 100.2648807, 7.9042672 ], [ 100.2646102, 7.9042112 ], [ 100.2642308, 7.9041377 ], [ 100.2634685, 7.9039789 ], [ 100.2632524, 7.9039341 ], [ 100.2632353, 7.9039291 ], [ 100.263229, 7.9039208 ], [ 100.2632248, 7.9039104 ], [ 100.2632242, 7.9038968 ], [ 100.2632513, 7.9037346 ], [ 100.2632803, 7.9036423 ], [ 100.2633512, 7.9034974 ], [ 100.2633635, 7.9034444 ], [ 100.2633608, 7.9033824 ], [ 100.2633543, 7.9033656 ], [ 100.263344, 7.9033451 ], [ 100.2633296, 7.9033217 ], [ 100.2633038, 7.9032981 ], [ 100.263271, 7.9032831 ], [ 100.2632504, 7.9032781 ], [ 100.2631773, 7.9032605 ], [ 100.2627381, 7.9031602 ], [ 100.2615909, 7.9028608 ], [ 100.2611974, 7.9027728 ], [ 100.2608351, 7.9026943 ], [ 100.2606129, 7.9026604 ], [ 100.2606018, 7.9027074 ], [ 100.2605933, 7.9027287 ], [ 100.2605819, 7.902743 ], [ 100.2605591, 7.9027488 ], [ 100.2605244, 7.9027477 ], [ 100.2602348, 7.9027163 ], [ 100.2600412, 7.9027023 ], [ 100.2596698, 7.902656 ], [ 100.2590919, 7.902566 ], [ 100.2579647, 7.9023827 ], [ 100.2570312, 7.9022399 ], [ 100.2560629, 7.9021131 ], [ 100.2560997, 7.9016953 ], [ 100.2561711, 7.9011603 ], [ 100.256205, 7.9008122 ], [ 100.2562546, 7.9004378 ], [ 100.2562918, 7.9001569 ], [ 100.256391, 7.8993624 ], [ 100.2564967, 7.8986533 ], [ 100.2565538, 7.8982755 ], [ 100.2556335, 7.8981642 ], [ 100.2556168, 7.8981621 ], [ 100.2545126, 7.8980154 ], [ 100.2546813, 7.8966504 ], [ 100.2536329, 7.8964868 ], [ 100.2523001, 7.8962991 ], [ 100.252259, 7.8965549 ], [ 100.2511715, 7.8963664 ], [ 100.2504967, 7.8962656 ], [ 100.2504632, 7.8962435 ], [ 100.2504464, 7.8962185 ], [ 100.2504407, 7.8961824 ], [ 100.2504544, 7.8960879 ], [ 100.2505197, 7.8955819 ], [ 100.2506155, 7.8950008 ], [ 100.2507029, 7.8943947 ], [ 100.2507166, 7.8943002 ], [ 100.2507025, 7.8942558 ], [ 100.2506717, 7.8942253 ], [ 100.2506131, 7.8942033 ], [ 100.2504681, 7.8941787 ], [ 100.249886, 7.894098 ], [ 100.2491025, 7.8939975 ], [ 100.2483664, 7.8938885 ], [ 100.2474519, 7.8937662 ], [ 100.246819, 7.8936903 ], [ 100.2461944, 7.8935921 ], [ 100.2460633, 7.8935758 ], [ 100.2460104, 7.8935843 ], [ 100.2459798, 7.8936039 ], [ 100.245966, 7.8936373 ], [ 100.2459606, 7.8937095 ], [ 100.2459571, 7.8937656 ], [ 100.2459367, 7.8940903 ], [ 100.2459312, 7.8941348 ], [ 100.245909, 7.8941654 ], [ 100.2458729, 7.894185 ], [ 100.2458172, 7.8941935 ], [ 100.2451312, 7.8940816 ], [ 100.2450503, 7.8940596 ], [ 100.2450112, 7.8940375 ], [ 100.2449804, 7.8939931 ], [ 100.2449412, 7.8939126 ], [ 100.2449159, 7.893871 ], [ 100.244888, 7.8938461 ], [ 100.2448378, 7.893824 ], [ 100.2446689, 7.8937695 ], [ 100.2442324, 7.8936285 ], [ 100.2436451, 7.8934532 ], [ 100.2435043, 7.8934111 ], [ 100.2433927, 7.8933781 ], [ 100.2433564, 7.8933588 ], [ 100.2433313, 7.8933255 ], [ 100.2433062, 7.8932826 ], [ 100.2432597, 7.8931169 ], [ 100.2430743, 7.8926128 ], [ 100.2428961, 7.8921446 ], [ 100.242622, 7.8916185 ], [ 100.2422787, 7.8909102 ], [ 100.2422434, 7.890831 ], [ 100.2420819, 7.8904689 ], [ 100.2420695, 7.8904383 ], [ 100.2420505, 7.8904006 ], [ 100.2420259, 7.8903651 ], [ 100.2420057, 7.8903451 ], [ 100.2419789, 7.8903297 ], [ 100.2419285, 7.8903086 ], [ 100.2417094, 7.8902506 ], [ 100.2414085, 7.8901709 ], [ 100.2410753, 7.8900829 ], [ 100.2410247, 7.8900683 ], [ 100.2409994, 7.8900548 ], [ 100.2409744, 7.8900247 ], [ 100.240968, 7.8900121 ], [ 100.240959, 7.8899677 ], [ 100.2410325, 7.8896918 ], [ 100.2410756, 7.8895616 ], [ 100.2412682, 7.8889797 ], [ 100.2415098, 7.8882587 ], [ 100.2416865, 7.8877009 ], [ 100.2418927, 7.8870689 ], [ 100.2420253, 7.8866476 ], [ 100.2420251, 7.8866031 ], [ 100.2420102, 7.8865676 ], [ 100.2419774, 7.886541 ], [ 100.2419367, 7.8865199 ], [ 100.2409503, 7.886342 ], [ 100.2406199, 7.8862902 ], [ 100.2405949, 7.8862814 ], [ 100.2405788, 7.8862637 ], [ 100.2405716, 7.8862406 ], [ 100.2405715, 7.8862139 ], [ 100.2405838, 7.8861427 ], [ 100.2405855, 7.8861143 ], [ 100.2405747, 7.886093 ], [ 100.2405551, 7.886077 ], [ 100.2405158, 7.8860611 ], [ 100.2403498, 7.8860115 ], [ 100.2399547, 7.8859155 ], [ 100.2393954, 7.8857891 ], [ 100.2387909, 7.8856628 ], [ 100.2381603, 7.8855224 ], [ 100.237601, 7.885396 ], [ 100.2369632, 7.8852508 ], [ 100.2365515, 7.8851548 ], [ 100.2361279, 7.8850589 ], [ 100.2356757, 7.8849511 ], [ 100.2350684, 7.8848231 ], [ 100.2351171, 7.884657 ], [ 100.2353871, 7.8836135 ], [ 100.2354808, 7.8831277 ], [ 100.2354844, 7.8831092 ], [ 100.2355005, 7.8830472 ], [ 100.2346479, 7.8828583 ], [ 100.2336854, 7.8826065 ], [ 100.2327829, 7.8823859 ], [ 100.2327451, 7.8823775 ], [ 100.2322496, 7.882268 ], [ 100.231852, 7.8822 ], [ 100.2314767, 7.8821696 ], [ 100.2311392, 7.8821549 ], [ 100.2305874, 7.8821597 ], [ 100.2305442, 7.8824868 ], [ 100.2294968, 7.8823232 ], [ 100.2287932, 7.8822089 ], [ 100.2279573, 7.8820951 ], [ 100.2267994, 7.8819224 ], [ 100.2267782, 7.8822117 ], [ 100.2262042, 7.8821662 ], [ 100.2252799, 7.8820652 ], [ 100.2240402, 7.8819084 ], [ 100.2232295, 7.881829 ], [ 100.2232113, 7.8820775 ], [ 100.2222704, 7.8819326 ], [ 100.2214078, 7.8818172 ], [ 100.2204071, 7.8816825 ], [ 100.2200051, 7.8816411 ], [ 100.218822, 7.881448 ], [ 100.2183344, 7.8814205 ], [ 100.2183241, 7.8814195 ], [ 100.217749, 7.8813641 ], [ 100.2174188, 7.8813153 ], [ 100.2172689, 7.8812964 ], [ 100.2162118, 7.8811888 ], [ 100.2154738, 7.8811025 ], [ 100.2143723, 7.8809923 ], [ 100.2138673, 7.8809301 ], [ 100.213013, 7.8807714 ], [ 100.2125095, 7.8806793 ], [ 100.2121591, 7.8806152 ], [ 100.2118422, 7.8805648 ], [ 100.2113615, 7.8805039 ], [ 100.2108297, 7.8804343 ], [ 100.2101822, 7.880344 ], [ 100.2085247, 7.8801275 ], [ 100.2080622, 7.8800551 ], [ 100.2072409, 7.8799432 ], [ 100.2056723, 7.8797781 ], [ 100.2041445, 7.8796165 ], [ 100.2028239, 7.8795097 ], [ 100.2021062, 7.879438 ], [ 100.2008521, 7.8792941 ], [ 100.1999826, 7.8791859 ], [ 100.1985028, 7.8790095 ], [ 100.1971197, 7.8788239 ], [ 100.1960411, 7.8786959 ], [ 100.1935944, 7.8783816 ], [ 100.1922685, 7.8782277 ], [ 100.1904539, 7.8780337 ], [ 100.188939, 7.8778804 ], [ 100.1880456, 7.8777889 ], [ 100.1867555, 7.8776709 ], [ 100.1865678, 7.8776549 ], [ 100.184839, 7.8775079 ], [ 100.1845157, 7.8774868 ], [ 100.1836627, 7.877431 ], [ 100.1834436, 7.8774344 ], [ 100.1829172, 7.87743 ], [ 100.182703, 7.8774282 ], [ 100.1816242, 7.8774948 ], [ 100.1810945, 7.8775129 ], [ 100.1808392, 7.877486 ], [ 100.1806457, 7.8774405 ], [ 100.1805367, 7.8774149 ], [ 100.179074, 7.877101 ], [ 100.1789709, 7.8770798 ], [ 100.1789211, 7.8770696 ], [ 100.1788985, 7.8770619 ], [ 100.1788464, 7.8770439 ], [ 100.1787936, 7.8770133 ], [ 100.1782768, 7.8766939 ], [ 100.1780351, 7.8765618 ], [ 100.1779435, 7.8765399 ], [ 100.177796, 7.8765625 ], [ 100.1776852, 7.8765734 ], [ 100.1776195, 7.8765408 ], [ 100.1774952, 7.8764791 ], [ 100.1820285, 7.856464 ], [ 100.1843671, 7.8468359 ], [ 100.1852376, 7.8432519 ], [ 100.1868139, 7.8365105 ], [ 100.1891579, 7.8264857 ], [ 100.1903318, 7.8214652 ], [ 100.1947825, 7.8044139 ], [ 100.1996848, 7.783199 ], [ 100.200627, 7.7778925 ], [ 100.2006501, 7.7777265 ], [ 100.2006687, 7.7775938 ], [ 100.2006708, 7.7775787 ], [ 100.2007142, 7.7775815 ], [ 100.200738, 7.77757 ], [ 100.2007761, 7.7775234 ], [ 100.2007883, 7.7775091 ], [ 100.2008384, 7.7774419 ], [ 100.200881, 7.7773922 ], [ 100.200916, 7.777325 ], [ 100.2009786, 7.7772753 ], [ 100.2010086, 7.7772305 ], [ 100.2010212, 7.7771707 ], [ 100.2010213, 7.7771134 ], [ 100.2010214, 7.7770511 ], [ 100.201039, 7.7770212 ], [ 100.201124, 7.7769815 ], [ 100.2012441, 7.7768671 ], [ 100.2012841, 7.7768074 ], [ 100.2013042, 7.7767651 ], [ 100.2012943, 7.7767227 ], [ 100.2012744, 7.7766803 ], [ 100.2012844, 7.776648 ], [ 100.2013144, 7.7766331 ], [ 100.2014669, 7.776586 ], [ 100.2016644, 7.7764742 ], [ 100.2017244, 7.7764295 ], [ 100.2017445, 7.7763946 ], [ 100.2017371, 7.7763448 ], [ 100.2017272, 7.77628 ], [ 100.2017447, 7.7762551 ], [ 100.2017922, 7.7762128 ], [ 100.2019748, 7.7760836 ], [ 100.2020099, 7.7760289 ], [ 100.2020199, 7.7759915 ], [ 100.2019976, 7.7758918 ], [ 100.2019753, 7.7757797 ], [ 100.2019779, 7.7757224 ], [ 100.2019905, 7.7756775 ], [ 100.202028, 7.7756452 ], [ 100.2021656, 7.7755458 ], [ 100.2023092, 7.7754134 ], [ 100.2023732, 7.7753543 ], [ 100.2026457, 7.7752626 ], [ 100.2030956, 7.7751388 ], [ 100.2033305, 7.7750819 ], [ 100.2034005, 7.7750297 ], [ 100.203463, 7.7749775 ], [ 100.203523, 7.7749502 ], [ 100.203648, 7.7749454 ], [ 100.2036929, 7.7749281 ], [ 100.203713, 7.7748857 ], [ 100.2037231, 7.774801 ], [ 100.2037107, 7.7747537 ], [ 100.2036983, 7.7747412 ], [ 100.2036533, 7.7747287 ], [ 100.2035984, 7.7747261 ], [ 100.2035759, 7.7747086 ], [ 100.2035685, 7.7746812 ], [ 100.203576, 7.7746413 ], [ 100.2035936, 7.7745915 ], [ 100.2036162, 7.7745094 ], [ 100.2036013, 7.7744919 ], [ 100.2035813, 7.7744844 ], [ 100.2035313, 7.7744918 ], [ 100.2034463, 7.7745365 ], [ 100.2034064, 7.774524 ], [ 100.2033889, 7.7745065 ], [ 100.2033665, 7.7744541 ], [ 100.2032567, 7.7743667 ], [ 100.2031046, 7.7742469 ], [ 100.2030646, 7.7742418 ], [ 100.2030271, 7.7742418 ], [ 100.2029096, 7.7743437 ], [ 100.2028546, 7.7743611 ], [ 100.2028146, 7.774351 ], [ 100.2027322, 7.7743484 ], [ 100.2026798, 7.7743284 ], [ 100.2026698, 7.7743084 ], [ 100.2026549, 7.7742411 ], [ 100.202645, 7.7742087 ], [ 100.2026276, 7.7741763 ], [ 100.2082401, 7.7518002 ], [ 100.2168162, 7.7282659 ], [ 100.2172891, 7.7235622 ], [ 100.2174808, 7.7216549 ], [ 100.2184351, 7.7121637 ], [ 100.2185759, 7.7107041 ], [ 100.2200577, 7.6953455 ], [ 100.2261604, 7.6411048 ], [ 100.2288147, 7.6140147 ], [ 100.2296058, 7.6072748 ], [ 100.2333147, 7.5756776 ], [ 100.2353363, 7.5481994 ], [ 100.2354329, 7.5468865 ], [ 100.237177, 7.5385913 ], [ 100.238409, 7.5367357 ], [ 100.2510603, 7.5133524 ], [ 100.255922, 7.5043659 ], [ 100.2606375, 7.4965981 ], [ 100.2606495, 7.496598 ], [ 100.273069, 7.4965623 ], [ 100.2960136, 7.4954155 ], [ 100.3000285, 7.4988699 ], [ 100.3091563, 7.5048079 ], [ 100.3253079, 7.5127975 ], [ 100.339951, 7.5200401 ], [ 100.3546363, 7.5273028 ], [ 100.3556819, 7.5278199 ], [ 100.3567425, 7.5272697 ], [ 100.3862273, 7.5119718 ], [ 100.386468, 7.5118469 ], [ 100.387707, 7.4970981 ], [ 100.3825835, 7.424992 ], [ 100.3828089, 7.424417 ], [ 100.3830425, 7.4238027 ], [ 100.3834856, 7.4227861 ], [ 100.3845067, 7.4199695 ], [ 100.3847574, 7.4192778 ], [ 100.3861301, 7.4163723 ], [ 100.38931, 7.4124148 ], [ 100.390572, 7.4112217 ], [ 100.3925404, 7.4093608 ], [ 100.3950099, 7.4067847 ], [ 100.3961968, 7.4054493 ], [ 100.3977138, 7.4030189 ], [ 100.3988961, 7.4002091 ], [ 100.3994617, 7.3982573 ], [ 100.399638, 7.3937384 ], [ 100.3999002, 7.3862229 ], [ 100.4004114, 7.382131 ], [ 100.4007729, 7.3802435 ], [ 100.4013958, 7.3769913 ], [ 100.4030469, 7.371802 ], [ 100.4045559, 7.3668044 ], [ 100.4058794, 7.362421 ], [ 100.4060657, 7.361804 ], [ 100.4097936, 7.3509015 ], [ 100.4100263, 7.349141 ], [ 100.4098697, 7.3448134 ], [ 100.4101493, 7.342815 ], [ 100.4106635, 7.3397219 ], [ 100.4112774, 7.337897 ], [ 100.4147505, 7.3292601 ], [ 100.4201674, 7.319779 ], [ 100.4229574, 7.3162584 ], [ 100.4248786, 7.3140794 ], [ 100.4263057, 7.3126072 ], [ 100.4281383, 7.3106269 ], [ 100.4285456, 7.3099409 ], [ 100.4285499, 7.3099316 ], [ 100.4286995, 7.30894 ], [ 100.4286571, 7.307625 ], [ 100.4285395, 7.3066723 ], [ 100.4284973, 7.3053954 ], [ 100.4280511, 7.3031477 ], [ 100.4264868, 7.2974726 ], [ 100.4262648, 7.2967491 ], [ 100.4260564, 7.2958502 ], [ 100.4257353, 7.293224 ], [ 100.4257102, 7.292494 ], [ 100.4257328, 7.2921868 ], [ 100.425989, 7.2909745 ], [ 100.4261209, 7.2904213 ], [ 100.4265499, 7.2895124 ], [ 100.4269987, 7.2888588 ], [ 100.4272869, 7.2882786 ], [ 100.4275614, 7.2873459 ], [ 100.4277505, 7.2866576 ], [ 100.427823, 7.286254 ], [ 100.4278709, 7.2855317 ], [ 100.4279116, 7.2848247 ], [ 100.4279152, 7.2846633 ], [ 100.4278559, 7.2840432 ], [ 100.4277898, 7.283754 ], [ 100.4273572, 7.2826597 ], [ 100.4267539, 7.2816715 ], [ 100.4265814, 7.2814381 ], [ 100.4253229, 7.2801075 ], [ 100.4245653, 7.2795453 ], [ 100.4242714, 7.2793878 ], [ 100.4227402, 7.2788312 ], [ 100.4207664, 7.2781136 ], [ 100.4160693, 7.2768448 ], [ 100.4132712, 7.275628 ], [ 100.4125688, 7.275232 ], [ 100.4114464, 7.2744023 ], [ 100.4112624, 7.2742406 ], [ 100.4107348, 7.2736722 ], [ 100.4106465, 7.2735677 ], [ 100.410325, 7.2730916 ], [ 100.4101304, 7.2726927 ], [ 100.4099088, 7.271994 ], [ 100.4097591, 7.2715218 ], [ 100.4095302, 7.2704156 ], [ 100.4088319, 7.2664651 ], [ 100.4086369, 7.2653616 ], [ 100.4066126, 7.2644467 ], [ 100.4037579, 7.2628496 ], [ 100.402939, 7.2626549 ], [ 100.4021486, 7.2625164 ], [ 100.4005694, 7.2628031 ], [ 100.3991365, 7.2635645 ], [ 100.3982156, 7.2646551 ], [ 100.3979505, 7.2651023 ], [ 100.3978366, 7.2653124 ], [ 100.396968, 7.2669142 ], [ 100.3965196, 7.2676228 ], [ 100.3963381, 7.2679094 ], [ 100.3960132, 7.2683296 ], [ 100.3954588, 7.2688865 ], [ 100.3951055, 7.2692416 ], [ 100.3949664, 7.2693542 ], [ 100.3942959, 7.2698973 ], [ 100.3940188, 7.2701216 ], [ 100.3930126, 7.2707092 ], [ 100.3918762, 7.2712809 ], [ 100.390782, 7.271734 ], [ 100.3904148, 7.2718861 ], [ 100.3891005, 7.2725642 ], [ 100.388228, 7.273099 ], [ 100.3870071, 7.2740883 ], [ 100.3860254, 7.274972 ], [ 100.3848028, 7.2763517 ], [ 100.38408, 7.2774036 ], [ 100.3834276, 7.2785801 ], [ 100.3830391, 7.2796898 ], [ 100.3829785, 7.2805785 ], [ 100.3830303, 7.2815524 ], [ 100.3831306, 7.2824613 ], [ 100.3832879, 7.283161 ], [ 100.3841402, 7.28575 ], [ 100.3845099, 7.286873 ], [ 100.3847401, 7.2877003 ], [ 100.384835, 7.288056 ], [ 100.3848717, 7.2888114 ], [ 100.3848269, 7.2894859 ], [ 100.3845863, 7.2905744 ], [ 100.3842149, 7.2913873 ], [ 100.3836819, 7.2925741 ], [ 100.383164, 7.2933611 ], [ 100.3829306, 7.2936496 ], [ 100.382265, 7.2944719 ], [ 100.38139, 7.2954365 ], [ 100.3804662, 7.29645 ], [ 100.3800051, 7.2971962 ], [ 100.3792623, 7.2988869 ], [ 100.3788439, 7.3002844 ], [ 100.3786196, 7.3013891 ], [ 100.3786064, 7.3023795 ], [ 100.3787065, 7.3032072 ], [ 100.378823, 7.3040835 ], [ 100.3791066, 7.3052171 ], [ 100.3791193, 7.3052678 ], [ 100.3795131, 7.3064355 ], [ 100.3797603, 7.3075063 ], [ 100.3796997, 7.3089514 ], [ 100.3795945, 7.3094828 ], [ 100.3795115, 7.3099023 ], [ 100.3787615, 7.3123799 ], [ 100.3784977, 7.3132513 ], [ 100.3777823, 7.3131345 ], [ 100.3766888, 7.3128007 ], [ 100.3760125, 7.3125053 ], [ 100.3752552, 7.3116945 ], [ 100.3746946, 7.3102286 ], [ 100.3743286, 7.3079359 ], [ 100.3743138, 7.3064169 ], [ 100.3743436, 7.305843 ], [ 100.3743599, 7.3055279 ], [ 100.3743191, 7.3053717 ], [ 100.3741501, 7.3047249 ], [ 100.3739172, 7.304336 ], [ 100.373392, 7.3040818 ], [ 100.3729649, 7.3039857 ], [ 100.3725242, 7.3039871 ], [ 100.3724161, 7.3039874 ], [ 100.3720385, 7.3041347 ], [ 100.3715029, 7.3044407 ], [ 100.3672019, 7.3037238 ], [ 100.3661379, 7.3034806 ], [ 100.3647978, 7.3031742 ], [ 100.3631493, 7.3028074 ], [ 100.362486, 7.3026598 ], [ 100.3618707, 7.3024098 ], [ 100.3611527, 7.302118 ], [ 100.3611007, 7.3020969 ], [ 100.3604812, 7.3017791 ], [ 100.3587562, 7.3006396 ], [ 100.3585421, 7.3004139 ], [ 100.3584002, 7.3002643 ], [ 100.3580946, 7.2997535 ], [ 100.3573408, 7.2983925 ], [ 100.3567425, 7.2970994 ], [ 100.3565661, 7.2964704 ], [ 100.3565567, 7.2960442 ], [ 100.3565564, 7.2959687 ], [ 100.3565693, 7.295912 ], [ 100.3565764, 7.2959015 ], [ 100.3566034, 7.2958623 ], [ 100.356634, 7.2958268 ], [ 100.3566697, 7.2957946 ], [ 100.35668, 7.2957853 ], [ 100.3567201, 7.2957368 ], [ 100.3567341, 7.2957037 ], [ 100.3567739, 7.295569 ], [ 100.3567904, 7.295481 ], [ 100.3568083, 7.2953853 ], [ 100.3568187, 7.2951178 ], [ 100.3568123, 7.2950647 ], [ 100.3567971, 7.2950072 ], [ 100.35673, 7.2948136 ], [ 100.3566565, 7.29455 ], [ 100.3566466, 7.2944916 ], [ 100.3566447, 7.2944624 ], [ 100.3566463, 7.2944075 ], [ 100.356654, 7.2942977 ], [ 100.3566567, 7.294271 ], [ 100.35666, 7.2942401 ], [ 100.3566811, 7.2941245 ], [ 100.356793, 7.293708 ], [ 100.3568167, 7.2935792 ], [ 100.3568262, 7.2935039 ], [ 100.3568428, 7.2933587 ], [ 100.3568442, 7.2932949 ], [ 100.3568379, 7.2932489 ], [ 100.3568347, 7.2932375 ], [ 100.3568217, 7.2931905 ], [ 100.356811, 7.2931427 ], [ 100.3568109, 7.2931109 ], [ 100.3568178, 7.2930489 ], [ 100.3570426, 7.2916853 ], [ 100.3570848, 7.2913835 ], [ 100.357133, 7.2912359 ], [ 100.3571858, 7.2910988 ], [ 100.3572445, 7.2909829 ], [ 100.3572768, 7.290941 ], [ 100.3573008, 7.2909097 ], [ 100.3575214, 7.2906648 ], [ 100.3576958, 7.2904976 ], [ 100.3585936, 7.2894488 ], [ 100.3586302, 7.289406 ], [ 100.3587, 7.2892894 ], [ 100.3587667, 7.2891342 ], [ 100.3587828, 7.2890793 ], [ 100.358835, 7.2889016 ], [ 100.3588386, 7.2888895 ], [ 100.3590189, 7.2882213 ], [ 100.3590741, 7.2879413 ], [ 100.3590887, 7.2878022 ], [ 100.3591095, 7.2876026 ], [ 100.3591225, 7.2872668 ], [ 100.3591212, 7.2871055 ], [ 100.3591183, 7.2867618 ], [ 100.3590756, 7.2865815 ], [ 100.3589994, 7.286397 ], [ 100.3589746, 7.2863458 ], [ 100.3589007, 7.2861931 ], [ 100.3587964, 7.2859611 ], [ 100.3587273, 7.2857154 ], [ 100.3586986, 7.2855269 ], [ 100.358701, 7.2854552 ], [ 100.3587271, 7.2852982 ], [ 100.3587889, 7.2850423 ], [ 100.358959, 7.2845275 ], [ 100.3593063, 7.2837265 ], [ 100.3596477, 7.283097 ], [ 100.3601858, 7.2823081 ], [ 100.3605533, 7.2819007 ], [ 100.3607563, 7.2817223 ], [ 100.3608448, 7.2815506 ], [ 100.361003, 7.2812962 ], [ 100.3612563, 7.280978 ], [ 100.3614021, 7.2808252 ], [ 100.3614329, 7.2807868 ], [ 100.3614435, 7.2807549 ], [ 100.3614461, 7.2807274 ], [ 100.3614415, 7.2807134 ], [ 100.3614321, 7.2806988 ], [ 100.3614017, 7.2806792 ], [ 100.3612107, 7.2805972 ], [ 100.3610794, 7.2805412 ], [ 100.3608173, 7.2804012 ], [ 100.3607272, 7.2803294 ], [ 100.3606119, 7.2802181 ], [ 100.3605267, 7.2801432 ], [ 100.3605142, 7.2801344 ], [ 100.3604903, 7.2801274 ], [ 100.3604646, 7.2801292 ], [ 100.3604247, 7.2801409 ], [ 100.3602685, 7.2802128 ], [ 100.3602441, 7.2802211 ], [ 100.3602166, 7.2802212 ], [ 100.3601944, 7.2802115 ], [ 100.3601784, 7.2801903 ], [ 100.3601712, 7.2801593 ], [ 100.3601702, 7.2801275 ], [ 100.3601853, 7.2800353 ], [ 100.360242, 7.2798637 ], [ 100.3602737, 7.2797589 ], [ 100.3602727, 7.2797332 ], [ 100.3602691, 7.2797164 ], [ 100.3602522, 7.2797032 ], [ 100.3602247, 7.2796909 ], [ 100.3602052, 7.2796856 ], [ 100.3601274, 7.2796901 ], [ 100.3598473, 7.2797061 ], [ 100.3598187, 7.2796974 ], [ 100.3597849, 7.2796789 ], [ 100.3597547, 7.2796533 ], [ 100.3597342, 7.2796197 ], [ 100.3597235, 7.2795808 ], [ 100.3597198, 7.2795392 ], [ 100.3597208, 7.2795253 ], [ 100.3597232, 7.2794905 ], [ 100.3597366, 7.2794583 ], [ 100.35975, 7.279438 ], [ 100.3599033, 7.2792869 ], [ 100.3599186, 7.2792514 ], [ 100.3599232, 7.2792222 ], [ 100.359922, 7.279179 ], [ 100.3598451, 7.278976 ], [ 100.3598379, 7.2789502 ], [ 100.3598311, 7.2789071 ], [ 100.3598283, 7.27885 ], [ 100.3598315, 7.2787889 ], [ 100.3598569, 7.2786182 ], [ 100.3598574, 7.278581 ], [ 100.359852, 7.2785399 ], [ 100.3598419, 7.2785054 ], [ 100.3598232, 7.2784696 ], [ 100.3597858, 7.2784212 ], [ 100.359759, 7.2783695 ], [ 100.359739, 7.2783237 ], [ 100.3597222, 7.2782713 ], [ 100.3597114, 7.2782149 ], [ 100.3597018, 7.2781413 ], [ 100.3597025, 7.2780813 ], [ 100.3597087, 7.2779987 ], [ 100.3597086, 7.2779739 ], [ 100.3596899, 7.2779481 ], [ 100.3596546, 7.2779289 ], [ 100.3596049, 7.2779168 ], [ 100.3595442, 7.277902 ], [ 100.3595169, 7.2779015 ], [ 100.359489, 7.2779142 ], [ 100.359359, 7.2779998 ], [ 100.3592773, 7.278041 ], [ 100.3592487, 7.278047 ], [ 100.3592055, 7.2780518 ], [ 100.3591704, 7.2780539 ], [ 100.3591337, 7.278058 ], [ 100.3591025, 7.2780621 ], [ 100.3590786, 7.2780741 ], [ 100.3590534, 7.2780934 ], [ 100.3589212, 7.2782003 ], [ 100.358849, 7.2782587 ], [ 100.3588198, 7.2782734 ], [ 100.3587773, 7.2782835 ], [ 100.3587341, 7.2782889 ], [ 100.3577454, 7.2784871 ], [ 100.3570509, 7.2785214 ], [ 100.3568634, 7.2785393 ], [ 100.3566964, 7.2785587 ], [ 100.3565767, 7.2785779 ], [ 100.3559467, 7.278702 ], [ 100.3558741, 7.2787075 ], [ 100.3557858, 7.2787046 ], [ 100.3556076, 7.2786894 ], [ 100.3553135, 7.2786637 ], [ 100.3549864, 7.2786351 ], [ 100.3546436, 7.2785506 ], [ 100.3545293, 7.2785428 ], [ 100.3542075, 7.2785504 ], [ 100.3541319, 7.2785475 ], [ 100.354026, 7.2785364 ], [ 100.3536443, 7.2784613 ], [ 100.3535673, 7.2784532 ], [ 100.3534617, 7.2784503 ], [ 100.3532032, 7.2784578 ], [ 100.3525634, 7.2784645 ], [ 100.3524388, 7.278466 ], [ 100.3523079, 7.2784506 ], [ 100.3521912, 7.2784352 ], [ 100.3520546, 7.2784153 ], [ 100.3510109, 7.2781009 ], [ 100.3507793, 7.2780287 ], [ 100.3507257, 7.2780162 ], [ 100.3506011, 7.2779946 ], [ 100.3502548, 7.2779661 ], [ 100.3501202, 7.2779551 ], [ 100.3496432, 7.2778701 ], [ 100.3487971, 7.2777076 ], [ 100.3486141, 7.2776731 ], [ 100.3484469, 7.2776311 ], [ 100.3483517, 7.2775946 ], [ 100.3483051, 7.2775448 ], [ 100.348262, 7.2774822 ], [ 100.348232, 7.2774429 ], [ 100.3481858, 7.2774173 ], [ 100.3479631, 7.2773418 ], [ 100.3479306, 7.2773273 ], [ 100.347916, 7.2772925 ], [ 100.3476401, 7.276631 ], [ 100.347595, 7.2765308 ], [ 100.3475599, 7.2764938 ], [ 100.3475239, 7.2764593 ], [ 100.3475026, 7.2764315 ], [ 100.3474879, 7.2764077 ], [ 100.3474778, 7.2763791 ], [ 100.3474724, 7.2763493 ], [ 100.3474663, 7.2762975 ], [ 100.3474532, 7.2761745 ], [ 100.3474485, 7.2761302 ], [ 100.3474411, 7.2760917 ], [ 100.3474263, 7.2760553 ], [ 100.347374, 7.2759595 ], [ 100.3473381, 7.2759254 ], [ 100.3473254, 7.2759161 ], [ 100.3472882, 7.275889 ], [ 100.3472602, 7.2758698 ], [ 100.3472429, 7.2758639 ], [ 100.3472296, 7.2758593 ], [ 100.3472029, 7.2758488 ], [ 100.3471809, 7.2758342 ], [ 100.3471669, 7.2758143 ], [ 100.3471542, 7.2757779 ], [ 100.3471381, 7.2757253 ], [ 100.3471492, 7.2756085 ], [ 100.3471904, 7.2754304 ], [ 100.3472157, 7.2752957 ], [ 100.3472131, 7.2752541 ], [ 100.3472092, 7.2751895 ], [ 100.3471564, 7.2750259 ], [ 100.3470281, 7.2748581 ], [ 100.346033, 7.2740208 ], [ 100.3458746, 7.2739247 ], [ 100.3457562, 7.2738526 ], [ 100.3457219, 7.2738393 ], [ 100.3456775, 7.273822 ], [ 100.3456441, 7.2738089 ], [ 100.3455116, 7.2737605 ], [ 100.3454169, 7.273734 ], [ 100.345305, 7.2737155 ], [ 100.3451804, 7.2737048 ], [ 100.3451205, 7.2737034 ], [ 100.3449393, 7.2737229 ], [ 100.3446462, 7.2737709 ], [ 100.3441874, 7.2738993 ], [ 100.3440461, 7.2738939 ], [ 100.3439074, 7.2738896 ], [ 100.3436804, 7.2738761 ], [ 100.3435306, 7.2738671 ], [ 100.3434392, 7.27388 ], [ 100.3433156, 7.2739138 ], [ 100.3433054, 7.2739166 ], [ 100.3431639, 7.2739658 ], [ 100.3430441, 7.2740385 ], [ 100.342978, 7.2740812 ], [ 100.3424171, 7.2748882 ], [ 100.3424036, 7.2749076 ], [ 100.3423061, 7.2750024 ], [ 100.3422901, 7.275016 ], [ 100.3422289, 7.275068 ], [ 100.3422039, 7.2750892 ], [ 100.3421064, 7.2751525 ], [ 100.3415755, 7.2753363 ], [ 100.3414882, 7.2750191 ], [ 100.3414052, 7.2748199 ], [ 100.3413423, 7.2746433 ], [ 100.3413279, 7.2745662 ], [ 100.3413276, 7.2744656 ], [ 100.3413428, 7.2743082 ], [ 100.3413877, 7.274028 ], [ 100.341439, 7.2737798 ], [ 100.3414965, 7.2734438 ], [ 100.3415225, 7.2732662 ], [ 100.3415314, 7.2731375 ], [ 100.3415303, 7.273032 ], [ 100.3415211, 7.2727445 ], [ 100.3415119, 7.2724933 ], [ 100.3415, 7.2719319 ], [ 100.3415198, 7.2711687 ], [ 100.3415374, 7.2704068 ], [ 100.3415365, 7.2700879 ], [ 100.3415233, 7.2700315 ], [ 100.3415093, 7.270007 ], [ 100.3414986, 7.2699955 ], [ 100.3414548, 7.2699734 ], [ 100.3413936, 7.2699525 ], [ 100.3413264, 7.2699322 ], [ 100.3412334, 7.2698927 ], [ 100.3411474, 7.2698453 ], [ 100.3410845, 7.2698022 ], [ 100.3410549, 7.2697672 ], [ 100.3410446, 7.269752 ], [ 100.3410321, 7.2697158 ], [ 100.3410328, 7.2696628 ], [ 100.3410528, 7.2695638 ], [ 100.3410864, 7.269439 ], [ 100.3411034, 7.2692969 ], [ 100.3410943, 7.2692254 ], [ 100.3410844, 7.2691715 ], [ 100.3409659, 7.2689414 ], [ 100.3409152, 7.2688192 ], [ 100.3409002, 7.2687958 ], [ 100.3408813, 7.2687799 ], [ 100.3408176, 7.2687655 ], [ 100.3407709, 7.2687423 ], [ 100.3407506, 7.2687256 ], [ 100.340731, 7.268686 ], [ 100.3407139, 7.2686347 ], [ 100.3407049, 7.2685831 ], [ 100.3407014, 7.2685632 ], [ 100.3407002, 7.2685408 ], [ 100.3406957, 7.26845 ], [ 100.340722, 7.2682685 ], [ 100.3407455, 7.2679591 ], [ 100.3407412, 7.2679032 ], [ 100.3407284, 7.2678748 ], [ 100.3406926, 7.2678355 ], [ 100.3405534, 7.2677665 ], [ 100.3404832, 7.2677122 ], [ 100.3404499, 7.2676737 ], [ 100.3404329, 7.2676375 ], [ 100.3404195, 7.2675682 ], [ 100.3404192, 7.2675487 ], [ 100.3404264, 7.2673451 ], [ 100.3404543, 7.2670627 ], [ 100.3404477, 7.2669457 ], [ 100.3404352, 7.2668348 ], [ 100.340385, 7.2666721 ], [ 100.3403036, 7.266468 ], [ 100.3401908, 7.2662608 ], [ 100.3400996, 7.2660392 ], [ 100.3399295, 7.2656704 ], [ 100.3397897, 7.2654008 ], [ 100.3397149, 7.265224 ], [ 100.3397046, 7.2651873 ], [ 100.3396891, 7.2651097 ], [ 100.3396928, 7.2650055 ], [ 100.3397037, 7.2649436 ], [ 100.3397311, 7.2647952 ], [ 100.3397849, 7.2645618 ], [ 100.3397889, 7.2644746 ], [ 100.3397863, 7.2643868 ], [ 100.3397824, 7.2643565 ], [ 100.3397491, 7.2641358 ], [ 100.3397447, 7.2641069 ], [ 100.3396969, 7.2638599 ], [ 100.3396985, 7.2637531 ], [ 100.3397132, 7.2636611 ], [ 100.3397491, 7.2635505 ], [ 100.3397911, 7.2634536 ], [ 100.3398232, 7.2633798 ], [ 100.3398432, 7.263316 ], [ 100.3398584, 7.2632164 ], [ 100.3398506, 7.2631114 ], [ 100.3398295, 7.2629915 ], [ 100.3397613, 7.2627667 ], [ 100.3397251, 7.2626074 ], [ 100.3397136, 7.262513 ], [ 100.3397114, 7.2623975 ], [ 100.3397337, 7.262313 ], [ 100.3397915, 7.2622041 ], [ 100.33987, 7.2620802 ], [ 100.3399541, 7.2619243 ], [ 100.3399969, 7.2618117 ], [ 100.3400042, 7.2617235 ], [ 100.3400021, 7.261656 ], [ 100.33998, 7.2615515 ], [ 100.3399357, 7.2614406 ], [ 100.3398451, 7.2612853 ], [ 100.3397414, 7.2611206 ], [ 100.3395168, 7.2608518 ], [ 100.339402, 7.260651 ], [ 100.3393702, 7.2605612 ], [ 100.3393642, 7.2605442 ], [ 100.3393522, 7.2604556 ], [ 100.3393618, 7.2603774 ], [ 100.3393841, 7.2603136 ], [ 100.3394178, 7.260261 ], [ 100.3394627, 7.260214 ], [ 100.3396294, 7.2600691 ], [ 100.3396986, 7.2599939 ], [ 100.3397464, 7.2599308 ], [ 100.339792, 7.2598211 ], [ 100.3398142, 7.259718 ], [ 100.3398177, 7.2596336 ], [ 100.3398081, 7.2595624 ], [ 100.3397681, 7.259345 ], [ 100.3397302, 7.2592514 ], [ 100.3396773, 7.2591409 ], [ 100.339656, 7.2591072 ], [ 100.3395829, 7.2589387 ], [ 100.3395676, 7.2588544 ], [ 100.3395655, 7.25877 ], [ 100.3395779, 7.2586842 ], [ 100.3395802, 7.2586687 ], [ 100.3396026, 7.2585932 ], [ 100.3396675, 7.2583741 ], [ 100.3396897, 7.258254 ], [ 100.3396625, 7.2579204 ], [ 100.3396154, 7.2576406 ], [ 100.3396123, 7.2575901 ], [ 100.3396105, 7.257561 ], [ 100.3396078, 7.2575155 ], [ 100.3396177, 7.2574049 ], [ 100.3396223, 7.2573852 ], [ 100.3396796, 7.2571391 ], [ 100.339733, 7.257007 ], [ 100.339741, 7.2569883 ], [ 100.3398148, 7.2568466 ], [ 100.3399602, 7.2564623 ], [ 100.3400499, 7.2562469 ], [ 100.3401695, 7.256044 ], [ 100.3402513, 7.2559019 ], [ 100.3402722, 7.2558656 ], [ 100.3403508, 7.2557622 ], [ 100.34037, 7.2557402 ], [ 100.340405, 7.2557002 ], [ 100.3405434, 7.2554917 ], [ 100.3406386, 7.2553058 ], [ 100.3406926, 7.2551556 ], [ 100.3407466, 7.255013 ], [ 100.3408381, 7.2548327 ], [ 100.3409426, 7.2546149 ], [ 100.3410157, 7.2544549 ], [ 100.3410284, 7.2544272 ], [ 100.3411068, 7.2542826 ], [ 100.3411353, 7.2542252 ], [ 100.341142, 7.2542034 ], [ 100.3411478, 7.2541625 ], [ 100.3411568, 7.2540612 ], [ 100.3411674, 7.2534134 ], [ 100.3412101, 7.253028 ], [ 100.3412507, 7.2527823 ], [ 100.3413025, 7.2525234 ], [ 100.3413134, 7.2523962 ], [ 100.3413161, 7.252381 ], [ 100.3413245, 7.2522554 ], [ 100.3413146, 7.252169 ], [ 100.3412937, 7.2520734 ], [ 100.3412576, 7.2519479 ], [ 100.3412612, 7.2518973 ], [ 100.3412722, 7.2518091 ], [ 100.3412817, 7.2516068 ], [ 100.3412863, 7.251511 ], [ 100.3412896, 7.2513535 ], [ 100.3413063, 7.2512747 ], [ 100.3413381, 7.2512221 ], [ 100.3413942, 7.2511544 ], [ 100.3414653, 7.2510755 ], [ 100.3414942, 7.2510128 ], [ 100.3414997, 7.2509815 ], [ 100.3415155, 7.2508931 ], [ 100.3415152, 7.2508072 ], [ 100.3415106, 7.2507341 ], [ 100.3415048, 7.2507213 ], [ 100.3414979, 7.2507096 ], [ 100.341458, 7.2506732 ], [ 100.341435, 7.2506561 ], [ 100.3413964, 7.2506276 ], [ 100.3413212, 7.2505856 ], [ 100.3412534, 7.2505249 ], [ 100.3412345, 7.2505051 ], [ 100.3411875, 7.2504557 ], [ 100.3411301, 7.2503665 ], [ 100.3410964, 7.2502741 ], [ 100.3410854, 7.2502367 ], [ 100.3410437, 7.2500737 ], [ 100.340979, 7.2497908 ], [ 100.3409352, 7.2495445 ], [ 100.3407236, 7.2481798 ], [ 100.3406444, 7.2481912 ], [ 100.340541, 7.2482006 ], [ 100.3403036, 7.2481834 ], [ 100.3400845, 7.248142 ], [ 100.3399431, 7.2481098 ], [ 100.3397756, 7.2480526 ], [ 100.3396935, 7.2480179 ], [ 100.3395741, 7.2479434 ], [ 100.3393348, 7.247762 ], [ 100.3392164, 7.2476311 ], [ 100.3391661, 7.2475612 ], [ 100.3391356, 7.2475188 ], [ 100.3390899, 7.2474868 ], [ 100.3390543, 7.2474839 ], [ 100.3390049, 7.247491 ], [ 100.3389652, 7.2475098 ], [ 100.3389444, 7.2475343 ], [ 100.3389266, 7.2475837 ], [ 100.3389011, 7.2476807 ], [ 100.3388921, 7.2477151 ], [ 100.3388602, 7.2478036 ], [ 100.3388324, 7.2478393 ], [ 100.3388094, 7.2478573 ], [ 100.3387706, 7.2478678 ], [ 100.3387243, 7.2478638 ], [ 100.3387091, 7.2478597 ], [ 100.3386498, 7.2478296 ], [ 100.3385919, 7.247791 ], [ 100.3385462, 7.2477464 ], [ 100.3384958, 7.2476767 ], [ 100.3384566, 7.2476032 ], [ 100.3383719, 7.2473416 ], [ 100.3383383, 7.2472633 ], [ 100.3383165, 7.247243 ], [ 100.3383075, 7.2472358 ], [ 100.3382725, 7.2472219 ], [ 100.3382467, 7.2472216 ], [ 100.3380252, 7.2472451 ], [ 100.3377673, 7.24726 ], [ 100.3377364, 7.2472601 ], [ 100.3377242, 7.2472541 ], [ 100.3377168, 7.2472448 ], [ 100.3377096, 7.2472277 ], [ 100.3376871, 7.2471718 ], [ 100.3376472, 7.2470919 ], [ 100.3375269, 7.2468245 ], [ 100.3374459, 7.2466134 ], [ 100.3374242, 7.246557 ], [ 100.3374024, 7.2464499 ], [ 100.3374055, 7.2462811 ], [ 100.3374076, 7.2461697 ], [ 100.3373814, 7.2459996 ], [ 100.3373404, 7.2459002 ], [ 100.3372586, 7.2458011 ], [ 100.3371527, 7.2456929 ], [ 100.3370892, 7.2456599 ], [ 100.3370373, 7.245639 ], [ 100.3369412, 7.2456001 ], [ 100.3367585, 7.2455554 ], [ 100.3366136, 7.2455182 ], [ 100.3364097, 7.245457 ], [ 100.3363755, 7.2454397 ], [ 100.3363246, 7.245399 ], [ 100.336255, 7.2453032 ], [ 100.3362368, 7.2452782 ], [ 100.3362127, 7.245243 ], [ 100.3361818, 7.2451979 ], [ 100.3361437, 7.245154 ], [ 100.3360858, 7.2451084 ], [ 100.3360087, 7.245071 ], [ 100.3359061, 7.2450397 ], [ 100.3357957, 7.2450213 ], [ 100.3357342, 7.2450018 ], [ 100.3356961, 7.2449665 ], [ 100.3355825, 7.2447965 ], [ 100.3355068, 7.244714 ], [ 100.3354448, 7.2446779 ], [ 100.3352589, 7.2445338 ], [ 100.335173, 7.2444599 ], [ 100.335136, 7.244421 ], [ 100.3350589, 7.2443227 ], [ 100.3350525, 7.2443144 ], [ 100.3349928, 7.2441992 ], [ 100.3348817, 7.2440528 ], [ 100.3347622, 7.2439236 ], [ 100.3345897, 7.243775 ], [ 100.3343629, 7.2435828 ], [ 100.3342509, 7.2434746 ], [ 100.3341602, 7.2434101 ], [ 100.3340528, 7.2433291 ], [ 100.3340094, 7.2433093 ], [ 100.3339668, 7.2433037 ], [ 100.3339247, 7.2433101 ], [ 100.3338854, 7.2433273 ], [ 100.3338398, 7.2433584 ], [ 100.333789, 7.2433931 ], [ 100.3337267, 7.2434406 ], [ 100.3336264, 7.2435171 ], [ 100.3335752, 7.2435383 ], [ 100.3335028, 7.2435461 ], [ 100.3333926, 7.2435389 ], [ 100.3333202, 7.2435316 ], [ 100.3332713, 7.243512 ], [ 100.3332329, 7.2434801 ], [ 100.3332204, 7.243449 ], [ 100.3332217, 7.2433873 ], [ 100.3332546, 7.2433058 ], [ 100.3333809, 7.2431533 ], [ 100.3335148, 7.2430007 ], [ 100.3335537, 7.2429147 ], [ 100.3335626, 7.2428832 ], [ 100.3335668, 7.2428683 ], [ 100.3336299, 7.2426448 ], [ 100.3337168, 7.2424607 ], [ 100.3337263, 7.2424367 ], [ 100.3337503, 7.2423525 ], [ 100.3337581, 7.2423254 ], [ 100.3337596, 7.242286 ], [ 100.3337609, 7.2422553 ], [ 100.3337584, 7.2422258 ], [ 100.3337215, 7.2421138 ], [ 100.3337136, 7.2420561 ], [ 100.3337123, 7.2419777 ], [ 100.333712, 7.2419612 ], [ 100.3337224, 7.241921 ], [ 100.3337425, 7.2418431 ], [ 100.3338196, 7.2417113 ], [ 100.3339732, 7.2415365 ], [ 100.3340157, 7.2414881 ], [ 100.3341182, 7.2413937 ], [ 100.3342505, 7.241287 ], [ 100.3343175, 7.2412274 ], [ 100.3343546, 7.2411945 ], [ 100.3344341, 7.2411238 ], [ 100.3344822, 7.2410558 ], [ 100.3345452, 7.2409487 ], [ 100.3345751, 7.2408642 ], [ 100.334584, 7.2407934 ], [ 100.3345746, 7.2406895 ], [ 100.3345472, 7.2405976 ], [ 100.3345454, 7.2405057 ], [ 100.3345706, 7.2403505 ], [ 100.334599, 7.2402434 ], [ 100.3346606, 7.2401574 ], [ 100.3347403, 7.2400803 ], [ 100.334733, 7.2400151 ], [ 100.334715, 7.2398556 ], [ 100.334679, 7.2395919 ], [ 100.3346589, 7.2395378 ], [ 100.3346367, 7.2394992 ], [ 100.3346217, 7.2394731 ], [ 100.3344255, 7.2392858 ], [ 100.3342763, 7.2391215 ], [ 100.3342309, 7.2390929 ], [ 100.3341983, 7.2390724 ], [ 100.3341081, 7.2390426 ], [ 100.3339934, 7.2390279 ], [ 100.3338531, 7.2390418 ], [ 100.3337567, 7.2390813 ], [ 100.3336496, 7.2391801 ], [ 100.3335864, 7.2392189 ], [ 100.333531, 7.2392394 ], [ 100.333469, 7.2392403 ], [ 100.3333907, 7.2392205 ], [ 100.3333573, 7.239212 ], [ 100.3331368, 7.2391358 ], [ 100.3331203, 7.2391314 ], [ 100.3329933, 7.2390971 ], [ 100.3328741, 7.2390974 ], [ 100.3327478, 7.2391055 ], [ 100.3327234, 7.2391073 ], [ 100.3327016, 7.2391101 ], [ 100.3326535, 7.2391129 ], [ 100.3325361, 7.2390981 ], [ 100.3324759, 7.2390706 ], [ 100.3324358, 7.2390457 ], [ 100.3324183, 7.2390348 ], [ 100.3323964, 7.2390153 ], [ 100.3322791, 7.2389109 ], [ 100.3322161, 7.2388855 ], [ 100.3322067, 7.2388816 ], [ 100.3321688, 7.2388664 ], [ 100.3320258, 7.2388342 ], [ 100.3318901, 7.2388164 ], [ 100.3318741, 7.2388093 ], [ 100.3318553, 7.2387963 ], [ 100.3318118, 7.2387399 ], [ 100.3317964, 7.2387112 ], [ 100.3317694, 7.2385865 ], [ 100.3317408, 7.2383241 ], [ 100.3317026, 7.2381548 ], [ 100.3316726, 7.2379061 ], [ 100.3316695, 7.2378047 ], [ 100.3316411, 7.2377333 ], [ 100.3316326, 7.2377215 ], [ 100.3316207, 7.237705 ], [ 100.3316127, 7.2376938 ], [ 100.331574, 7.2376684 ], [ 100.331492, 7.2376367 ], [ 100.331439, 7.2376284 ], [ 100.3313505, 7.2376194 ], [ 100.3312495, 7.2376242 ], [ 100.331141, 7.2376637 ], [ 100.3310642, 7.2377227 ], [ 100.3309709, 7.2378224 ], [ 100.3309145, 7.2378697 ], [ 100.3308799, 7.2378816 ], [ 100.3308553, 7.23789 ], [ 100.3307283, 7.2378999 ], [ 100.3305652, 7.2378627 ], [ 100.3303961, 7.237803 ], [ 100.3303054, 7.2377522 ], [ 100.3302386, 7.237706 ], [ 100.3302131, 7.2376754 ], [ 100.3301919, 7.2376331 ], [ 100.3301917, 7.237583 ], [ 100.3302156, 7.2375447 ], [ 100.3302381, 7.2375243 ], [ 100.330392, 7.2374354 ], [ 100.3304231, 7.2374009 ], [ 100.3304505, 7.2373463 ], [ 100.3304734, 7.2372958 ], [ 100.3304765, 7.2372845 ], [ 100.3304792, 7.2372499 ], [ 100.3304692, 7.2371374 ], [ 100.3304556, 7.2370643 ], [ 100.3304335, 7.2370277 ], [ 100.3304176, 7.2370157 ], [ 100.3303765, 7.237012 ], [ 100.3303017, 7.2370108 ], [ 100.3301797, 7.2370355 ], [ 100.3300546, 7.2370623 ], [ 100.3298881, 7.2370816 ], [ 100.3298072, 7.2371177 ], [ 100.3297632, 7.2371466 ], [ 100.3296852, 7.2371979 ], [ 100.3295782, 7.2372343 ], [ 100.3294865, 7.2372278 ], [ 100.329439, 7.2371987 ], [ 100.3294233, 7.237189 ], [ 100.3293984, 7.2371339 ], [ 100.3293936, 7.2370541 ], [ 100.3294181, 7.2366668 ], [ 100.3294116, 7.2365026 ], [ 100.3293978, 7.2364333 ], [ 100.3293389, 7.2364034 ], [ 100.3292966, 7.236396 ], [ 100.329191, 7.2363993 ], [ 100.3290974, 7.2363679 ], [ 100.3290067, 7.2363079 ], [ 100.3289311, 7.2362584 ], [ 100.3288691, 7.2362164 ], [ 100.3288193, 7.2361955 ], [ 100.3287303, 7.2361942 ], [ 100.3286579, 7.2362261 ], [ 100.3285721, 7.2362896 ], [ 100.3285286, 7.2363621 ], [ 100.3284594, 7.2364286 ], [ 100.3283706, 7.2364951 ], [ 100.3282771, 7.2365225 ], [ 100.3281654, 7.2365138 ], [ 100.32804, 7.2364509 ], [ 100.3279235, 7.2363472 ], [ 100.3278311, 7.2362164 ], [ 100.3277495, 7.2361624 ], [ 100.3276438, 7.2361236 ], [ 100.3275185, 7.2361104 ], [ 100.3273466, 7.2361244 ], [ 100.3272379, 7.2361007 ], [ 100.327185, 7.2360677 ], [ 100.327138, 7.236003 ], [ 100.3271062, 7.2359428 ], [ 100.3270668, 7.2358872 ], [ 100.3270199, 7.2358572 ], [ 100.3269505, 7.2358499 ], [ 100.3268781, 7.2358727 ], [ 100.3267879, 7.2359649 ], [ 100.3267352, 7.2360117 ], [ 100.3266433, 7.2360346 ], [ 100.3265557, 7.2360092 ], [ 100.3265057, 7.2359461 ], [ 100.3264844, 7.2358814 ], [ 100.3264145, 7.2357023 ], [ 100.3263539, 7.2356151 ], [ 100.3262858, 7.2355716 ], [ 100.3261892, 7.2355342 ], [ 100.3259869, 7.2354971 ], [ 100.3257228, 7.2354708 ], [ 100.3256217, 7.2354741 ], [ 100.3255464, 7.2354984 ], [ 100.3255043, 7.2355528 ], [ 100.3254803, 7.2356011 ], [ 100.3254715, 7.235705 ], [ 100.3254749, 7.235809 ], [ 100.3254539, 7.2358723 ], [ 100.3254314, 7.2359055 ], [ 100.3253802, 7.2359283 ], [ 100.325344, 7.235931 ], [ 100.3252971, 7.2359135 ], [ 100.3252199, 7.2358308 ], [ 100.3251504, 7.2357768 ], [ 100.325096, 7.2357378 ], [ 100.3250265, 7.2357139 ], [ 100.3249571, 7.235708 ], [ 100.3248937, 7.2357233 ], [ 100.3248441, 7.2357762 ], [ 100.3247839, 7.2359904 ], [ 100.3247597, 7.2360314 ], [ 100.3247257, 7.2360552 ], [ 100.3246579, 7.2360584 ], [ 100.3245974, 7.236033 ], [ 100.32454, 7.2359835 ], [ 100.3245217, 7.2359353 ], [ 100.324508, 7.2358841 ], [ 100.3244807, 7.2358375 ], [ 100.3244534, 7.2357924 ], [ 100.3244065, 7.2357609 ], [ 100.3243552, 7.2357535 ], [ 100.3242677, 7.2357522 ], [ 100.324156, 7.2357405 ], [ 100.324067, 7.2357287 ], [ 100.3240334, 7.2357056 ], [ 100.3239944, 7.2356566 ], [ 100.3239775, 7.2355617 ], [ 100.3239891, 7.2354141 ], [ 100.3239903, 7.235286 ], [ 100.3239869, 7.2351655 ], [ 100.3239382, 7.2350375 ], [ 100.3238368, 7.2349233 ], [ 100.323663, 7.2348244 ], [ 100.3233654, 7.2346836 ], [ 100.323027, 7.2345144 ], [ 100.3227036, 7.234324 ], [ 100.3224919, 7.2341845 ], [ 100.322475, 7.2341746 ], [ 100.3223723, 7.2341012 ], [ 100.3222931, 7.2340445 ], [ 100.3221484, 7.2339061 ], [ 100.3220774, 7.2338446 ], [ 100.3219599, 7.2337232 ], [ 100.3218659, 7.2336861 ], [ 100.321814, 7.2336807 ], [ 100.321718, 7.2336835 ], [ 100.3216215, 7.2337019 ], [ 100.3214477, 7.2337537 ], [ 100.3212899, 7.2338008 ], [ 100.320966, 7.2339554 ], [ 100.3208335, 7.2340642 ], [ 100.3207519, 7.2340764 ], [ 100.3207275, 7.2340801 ], [ 100.3206343, 7.2340513 ], [ 100.3205696, 7.2340065 ], [ 100.3205073, 7.2339447 ], [ 100.3204827, 7.2339148 ], [ 100.3203814, 7.23371 ], [ 100.320313, 7.2335264 ], [ 100.3202463, 7.2334377 ], [ 100.320148, 7.2333461 ], [ 100.3200737, 7.2332092 ], [ 100.320025, 7.2330797 ], [ 100.3200141, 7.2329683 ], [ 100.3199848, 7.2327333 ], [ 100.3199296, 7.232571 ], [ 100.3199209, 7.2325452 ], [ 100.3198724, 7.23247 ], [ 100.319812, 7.2324536 ], [ 100.3197184, 7.2324629 ], [ 100.3196901, 7.2324769 ], [ 100.3196446, 7.2324993 ], [ 100.3195384, 7.2325749 ], [ 100.3193948, 7.2327645 ], [ 100.3193216, 7.2328416 ], [ 100.319255, 7.2328831 ], [ 100.3192063, 7.232903 ], [ 100.3191786, 7.2329059 ], [ 100.3191683, 7.232907 ], [ 100.3191205, 7.232912 ], [ 100.318977, 7.2328897 ], [ 100.3188536, 7.2328591 ], [ 100.3186986, 7.2328206 ], [ 100.3186894, 7.2328154 ], [ 100.3186425, 7.2327887 ], [ 100.3186162, 7.2327737 ], [ 100.318556, 7.2327119 ], [ 100.3185317, 7.2326713 ], [ 100.3185104, 7.232611 ], [ 100.3185133, 7.2325553 ], [ 100.3185327, 7.2325025 ], [ 100.3185786, 7.2324628 ], [ 100.3186924, 7.2324282 ], [ 100.3188583, 7.2323855 ], [ 100.3188815, 7.2323789 ], [ 100.3189758, 7.2323521 ], [ 100.3190515, 7.2323018 ], [ 100.3190709, 7.2322701 ], [ 100.3190775, 7.2322594 ], [ 100.3190852, 7.2322417 ], [ 100.3190885, 7.2321809 ], [ 100.3190885, 7.2321698 ], [ 100.319076, 7.2320839 ], [ 100.3190701, 7.2320741 ], [ 100.3190191, 7.2319883 ], [ 100.3189037, 7.231864 ], [ 100.318892, 7.231858 ], [ 100.3188567, 7.2318399 ], [ 100.3187614, 7.2318235 ], [ 100.3186913, 7.2318307 ], [ 100.3186209, 7.2318498 ], [ 100.3184843, 7.2319266 ], [ 100.3183908, 7.231979 ], [ 100.3183234, 7.2319902 ], [ 100.3182615, 7.2319798 ], [ 100.3181891, 7.2319384 ], [ 100.3179648, 7.231806 ], [ 100.3178623, 7.2317697 ], [ 100.3177551, 7.231759 ], [ 100.3176435, 7.2317608 ], [ 100.3175228, 7.2317702 ], [ 100.3174059, 7.2317694 ], [ 100.317325, 7.2317555 ], [ 100.317298, 7.2317509 ], [ 100.3172015, 7.2317145 ], [ 100.3170123, 7.2315909 ], [ 100.316734, 7.2313491 ], [ 100.3166295, 7.2312146 ], [ 100.3166048, 7.2311689 ], [ 100.3165998, 7.2311597 ], [ 100.3165927, 7.2311373 ], [ 100.3165741, 7.2310786 ], [ 100.3165635, 7.2310453 ], [ 100.3165388, 7.2309232 ], [ 100.316496, 7.2307342 ], [ 100.3164722, 7.2306932 ], [ 100.3164328, 7.2306577 ], [ 100.3163237, 7.2305977 ], [ 100.316213, 7.2305528 ], [ 100.316069, 7.2305146 ], [ 100.3160014, 7.2305003 ], [ 100.3159573, 7.2304757 ], [ 100.3159272, 7.2304424 ], [ 100.3158971, 7.2303862 ], [ 100.3158214, 7.2301616 ], [ 100.3157976, 7.2300935 ], [ 100.3157338, 7.2299999 ], [ 100.315552, 7.2298474 ], [ 100.3153066, 7.2296957 ], [ 100.3151664, 7.2296365 ], [ 100.3150928, 7.2296169 ], [ 100.3149726, 7.2295912 ], [ 100.31487, 7.2295823 ], [ 100.3147777, 7.2295785 ], [ 100.3146, 7.2296382 ], [ 100.3145554, 7.2296527 ], [ 100.3144984, 7.2296453 ], [ 100.314472, 7.2296318 ], [ 100.3144253, 7.2295813 ], [ 100.3144192, 7.229573 ], [ 100.314397, 7.2295118 ], [ 100.3143909, 7.229495 ], [ 100.3143847, 7.2294459 ], [ 100.3143841, 7.229431 ], [ 100.3143891, 7.2293677 ], [ 100.3144055, 7.2293212 ], [ 100.3144095, 7.2293084 ], [ 100.3144829, 7.2291453 ], [ 100.3145214, 7.2289844 ], [ 100.3145251, 7.2289396 ], [ 100.3145358, 7.2288084 ], [ 100.3145328, 7.2287276 ], [ 100.3145183, 7.2285529 ], [ 100.3144876, 7.2284619 ], [ 100.3144342, 7.2283844 ], [ 100.3144205, 7.2283736 ], [ 100.3144011, 7.2283583 ], [ 100.3142551, 7.2282764 ], [ 100.3140952, 7.2282199 ], [ 100.313901, 7.2281496 ], [ 100.3138667, 7.2281155 ], [ 100.3138564, 7.2280864 ], [ 100.3138614, 7.2280345 ], [ 100.3138878, 7.2279584 ], [ 100.3139673, 7.2278455 ], [ 100.3139849, 7.2278013 ], [ 100.313988, 7.2277489 ], [ 100.313962, 7.2276824 ], [ 100.3139441, 7.2276614 ], [ 100.3139065, 7.2276377 ], [ 100.3138307, 7.2276227 ], [ 100.3137577, 7.2276272 ], [ 100.3137058, 7.2276188 ], [ 100.3136858, 7.2276106 ], [ 100.3136588, 7.2275885 ], [ 100.3136262, 7.2275371 ], [ 100.3136107, 7.2274836 ], [ 100.3136074, 7.227454 ], [ 100.313608, 7.2273784 ], [ 100.3136261, 7.2273147 ], [ 100.3136484, 7.227276 ], [ 100.3137053, 7.2272214 ], [ 100.3137622, 7.2271569 ], [ 100.3137737, 7.2271351 ], [ 100.3137808, 7.2271143 ], [ 100.3137807, 7.2270925 ], [ 100.3137518, 7.2270138 ], [ 100.3137524, 7.2269992 ], [ 100.313759, 7.2269779 ], [ 100.3137793, 7.2269527 ], [ 100.3137961, 7.2269388 ], [ 100.313821, 7.226929 ], [ 100.3138607, 7.226919 ], [ 100.3140521, 7.2269172 ], [ 100.3143336, 7.2269215 ], [ 100.3144048, 7.2269093 ], [ 100.3144387, 7.2269034 ], [ 100.3144749, 7.2268923 ], [ 100.3144994, 7.2268847 ], [ 100.3146182, 7.2268237 ], [ 100.3146444, 7.226804 ], [ 100.3146662, 7.2267804 ], [ 100.3146877, 7.2267233 ], [ 100.3146955, 7.2267014 ], [ 100.3146939, 7.2266589 ], [ 100.3146782, 7.2266139 ], [ 100.3146392, 7.2265549 ], [ 100.3145949, 7.2265206 ], [ 100.3145215, 7.2264791 ], [ 100.3143477, 7.2263931 ], [ 100.3143308, 7.2263847 ], [ 100.3142812, 7.2263443 ], [ 100.3142459, 7.2262911 ], [ 100.3141574, 7.2261411 ], [ 100.314069, 7.2260448 ], [ 100.3140219, 7.2260077 ], [ 100.313951, 7.225983 ], [ 100.3138693, 7.2259545 ], [ 100.3138313, 7.2259257 ], [ 100.3138215, 7.2259103 ], [ 100.3137897, 7.2258546 ], [ 100.3137645, 7.2257611 ], [ 100.3137499, 7.2256764 ], [ 100.3137385, 7.2255916 ], [ 100.3137192, 7.2254471 ], [ 100.3136261, 7.2252328 ], [ 100.3135927, 7.2251709 ], [ 100.3135614, 7.2251428 ], [ 100.3135305, 7.2251324 ], [ 100.3134883, 7.2251387 ], [ 100.3134627, 7.22515 ], [ 100.3134347, 7.225184 ], [ 100.3134156, 7.2252207 ], [ 100.3134054, 7.2252975 ], [ 100.3133977, 7.2253549 ], [ 100.3133708, 7.2254487 ], [ 100.3133252, 7.2255436 ], [ 100.3133112, 7.2255727 ], [ 100.3132812, 7.2256076 ], [ 100.3132534, 7.2256223 ], [ 100.3132031, 7.2256286 ], [ 100.3131674, 7.2256225 ], [ 100.3131222, 7.2256076 ], [ 100.3130797, 7.225574 ], [ 100.3130382, 7.2255177 ], [ 100.3129743, 7.2254097 ], [ 100.3129422, 7.2253379 ], [ 100.3129335, 7.2253153 ], [ 100.3129184, 7.2252759 ], [ 100.3129167, 7.2252422 ], [ 100.3129326, 7.2251664 ], [ 100.3129902, 7.2250366 ], [ 100.3130197, 7.224934 ], [ 100.3130212, 7.2247694 ], [ 100.3130217, 7.2246378 ], [ 100.313048, 7.2244683 ], [ 100.3130656, 7.2242727 ], [ 100.3130689, 7.2242365 ], [ 100.3130681, 7.2239736 ], [ 100.3130649, 7.2239557 ], [ 100.3130571, 7.2239199 ], [ 100.3130476, 7.2239036 ], [ 100.3130332, 7.2238939 ], [ 100.3130231, 7.2238917 ], [ 100.3129976, 7.2238864 ], [ 100.3129417, 7.2238844 ], [ 100.312911, 7.2238893 ], [ 100.3128487, 7.2239251 ], [ 100.3127454, 7.224002 ], [ 100.3127287, 7.2240138 ], [ 100.3126848, 7.2240448 ], [ 100.312669, 7.2240534 ], [ 100.3126077, 7.2240744 ], [ 100.3125611, 7.2240734 ], [ 100.3125292, 7.2240686 ], [ 100.3124939, 7.2240572 ], [ 100.312426, 7.2240205 ], [ 100.312383, 7.2239741 ], [ 100.3123733, 7.2239578 ], [ 100.3123649, 7.2239328 ], [ 100.3123591, 7.2238894 ], [ 100.312354, 7.2238505 ], [ 100.3123463, 7.2237923 ], [ 100.3123389, 7.2237715 ], [ 100.312325, 7.2237423 ], [ 100.3123176, 7.2237004 ], [ 100.3123147, 7.2236607 ], [ 100.3123299, 7.2236086 ], [ 100.3123645, 7.2235578 ], [ 100.3125229, 7.2233865 ], [ 100.3126106, 7.2232918 ], [ 100.3126519, 7.2232429 ], [ 100.3126942, 7.2231817 ], [ 100.3126997, 7.2231718 ], [ 100.3127085, 7.2231372 ], [ 100.3127077, 7.2231047 ], [ 100.3127031, 7.223079 ], [ 100.3126969, 7.2230496 ], [ 100.3126855, 7.22303 ], [ 100.312662, 7.2230058 ], [ 100.3126476, 7.2229915 ], [ 100.3126386, 7.2229868 ], [ 100.3126218, 7.222978 ], [ 100.3125937, 7.2229712 ], [ 100.3125574, 7.2229774 ], [ 100.3125403, 7.222982 ], [ 100.3124987, 7.2229989 ], [ 100.3123806, 7.2230966 ], [ 100.3123281, 7.2231298 ], [ 100.3122814, 7.2231474 ], [ 100.3122046, 7.2231635 ], [ 100.3121362, 7.2231673 ], [ 100.3120177, 7.2231372 ], [ 100.3119719, 7.2231152 ], [ 100.311904, 7.2230814 ], [ 100.3118488, 7.2230182 ], [ 100.3118339, 7.2229632 ], [ 100.3118376, 7.2229267 ], [ 100.3118445, 7.2229125 ], [ 100.3118614, 7.2228778 ], [ 100.3118703, 7.2228596 ], [ 100.3119029, 7.2228305 ], [ 100.312002, 7.2227416 ], [ 100.3120188, 7.2227192 ], [ 100.3120349, 7.2226865 ], [ 100.3120528, 7.2226188 ], [ 100.3120562, 7.2225677 ], [ 100.3120446, 7.2225134 ], [ 100.3120216, 7.2224723 ], [ 100.3120108, 7.2224531 ], [ 100.3119729, 7.2224227 ], [ 100.3118451, 7.2223731 ], [ 100.3117547, 7.2223481 ], [ 100.3116222, 7.2223115 ], [ 100.311512, 7.2222326 ], [ 100.3114614, 7.2221632 ], [ 100.3114544, 7.2221536 ], [ 100.3114175, 7.2220634 ], [ 100.3114051, 7.2220001 ], [ 100.3114007, 7.2219267 ], [ 100.3113955, 7.2218396 ], [ 100.3113948, 7.2218282 ], [ 100.3113943, 7.2217907 ], [ 100.3114068, 7.2217501 ], [ 100.3114206, 7.2217276 ], [ 100.3114263, 7.2217183 ], [ 100.3114379, 7.2217094 ], [ 100.3114693, 7.2216854 ], [ 100.3115763, 7.2216244 ], [ 100.3115854, 7.2216186 ], [ 100.3116022, 7.2216037 ], [ 100.3116382, 7.2215512 ], [ 100.3116564, 7.2215006 ], [ 100.3116807, 7.2214469 ], [ 100.3117252, 7.2213898 ], [ 100.3117379, 7.2213736 ], [ 100.3117838, 7.2212883 ], [ 100.3119181, 7.2208531 ], [ 100.3120399, 7.2205115 ], [ 100.3120416, 7.2204583 ], [ 100.312033, 7.220401 ], [ 100.311996, 7.2203425 ], [ 100.3119493, 7.220279 ], [ 100.3119371, 7.2202625 ], [ 100.3118118, 7.2201392 ], [ 100.3116513, 7.2200088 ], [ 100.3114597, 7.2198785 ], [ 100.311365, 7.2198186 ], [ 100.3112701, 7.2196945 ], [ 100.3111995, 7.2195861 ], [ 100.3111616, 7.2195472 ], [ 100.3110707, 7.2194887 ], [ 100.3110527, 7.2194754 ], [ 100.3110368, 7.2194637 ], [ 100.3110187, 7.2194504 ], [ 100.3109867, 7.219406 ], [ 100.3109705, 7.2193608 ], [ 100.3109617, 7.2193005 ], [ 100.3109634, 7.2191653 ], [ 100.3109974, 7.2190214 ], [ 100.3111086, 7.2187191 ], [ 100.3111175, 7.2186859 ], [ 100.3111226, 7.2186671 ], [ 100.311123, 7.2186069 ], [ 100.3111162, 7.2185788 ], [ 100.3110902, 7.2185485 ], [ 100.3110597, 7.2185318 ], [ 100.3110063, 7.2185289 ], [ 100.3109595, 7.2185387 ], [ 100.3108577, 7.2185674 ], [ 100.310789, 7.2185831 ], [ 100.3107191, 7.2185888 ], [ 100.3106451, 7.2185787 ], [ 100.3105899, 7.2185569 ], [ 100.3105642, 7.2185378 ], [ 100.3105446, 7.2185012 ], [ 100.3105396, 7.2184617 ], [ 100.3105486, 7.2184047 ], [ 100.3105809, 7.2183329 ], [ 100.3105892, 7.2183144 ], [ 100.3106136, 7.2182255 ], [ 100.3106144, 7.2181169 ], [ 100.3105887, 7.2180551 ], [ 100.3105489, 7.2179989 ], [ 100.3104828, 7.2179413 ], [ 100.3104032, 7.2178965 ], [ 100.310348, 7.2178841 ], [ 100.3102807, 7.217869 ], [ 100.3101277, 7.2178232 ], [ 100.3099795, 7.2177386 ], [ 100.3099495, 7.2176982 ], [ 100.309941, 7.2176453 ], [ 100.3099468, 7.2175974 ], [ 100.3099514, 7.2175859 ], [ 100.3100172, 7.2174212 ], [ 100.3100272, 7.2173655 ], [ 100.3100256, 7.2173354 ], [ 100.3100025, 7.2172772 ], [ 100.3099957, 7.2172692 ], [ 100.3099112, 7.2171704 ], [ 100.309891, 7.2171531 ], [ 100.3097669, 7.2170464 ], [ 100.3096183, 7.2169502 ], [ 100.3095669, 7.2168917 ], [ 100.3095439, 7.2168522 ], [ 100.3095153, 7.2167605 ], [ 100.3095116, 7.2167486 ], [ 100.3095018, 7.2166997 ], [ 100.3094665, 7.2165719 ], [ 100.3094519, 7.2165429 ], [ 100.3094365, 7.2165123 ], [ 100.3094151, 7.2164834 ], [ 100.3093642, 7.2164401 ], [ 100.3093257, 7.2164325 ], [ 100.3093106, 7.2164295 ], [ 100.3091287, 7.2164135 ], [ 100.309087, 7.2163998 ], [ 100.308992, 7.2163197 ], [ 100.3089561, 7.2162877 ], [ 100.3089399, 7.2162538 ], [ 100.3089291, 7.2162181 ], [ 100.3089334, 7.2161332 ], [ 100.3089667, 7.2160272 ], [ 100.3089799, 7.2159582 ], [ 100.3089921, 7.2158941 ], [ 100.3089952, 7.2157581 ], [ 100.3089947, 7.2156005 ], [ 100.3088866, 7.2150511 ], [ 100.3088531, 7.2149453 ], [ 100.3088435, 7.214915 ], [ 100.3088194, 7.2148602 ], [ 100.308777, 7.2147959 ], [ 100.3087375, 7.2147682 ], [ 100.3086316, 7.2147256 ], [ 100.3084729, 7.2146617 ], [ 100.308348, 7.2145891 ], [ 100.3082925, 7.2145397 ], [ 100.3082568, 7.2144714 ], [ 100.3082383, 7.2143821 ], [ 100.3082123, 7.2142522 ], [ 100.3081989, 7.2141867 ], [ 100.3081768, 7.2140788 ], [ 100.3081004, 7.2138968 ], [ 100.3080521, 7.2138201 ], [ 100.3079525, 7.2137399 ], [ 100.3078652, 7.2136973 ], [ 100.3077672, 7.2136208 ], [ 100.3077254, 7.2135789 ], [ 100.3077025, 7.2135308 ], [ 100.3076765, 7.2134386 ], [ 100.3076167, 7.2133316 ], [ 100.3075354, 7.2132317 ], [ 100.3074519, 7.2131151 ], [ 100.3074371, 7.2130798 ], [ 100.307402, 7.2129072 ], [ 100.3073949, 7.2128759 ], [ 100.3073827, 7.2127037 ], [ 100.3073722, 7.2126675 ], [ 100.3073327, 7.2125979 ], [ 100.307243, 7.2124624 ], [ 100.3072195, 7.2123964 ], [ 100.3072122, 7.2123447 ], [ 100.3072102, 7.2122554 ], [ 100.3072105, 7.2122233 ], [ 100.3072115, 7.2121036 ], [ 100.3072067, 7.2120516 ], [ 100.3071668, 7.211952 ], [ 100.3071556, 7.2119306 ], [ 100.3070866, 7.2118498 ], [ 100.307053, 7.2118245 ], [ 100.3069952, 7.2117493 ], [ 100.3069825, 7.2117144 ], [ 100.3069728, 7.2115823 ], [ 100.30697, 7.2115359 ], [ 100.3069637, 7.2114299 ], [ 100.3069656, 7.2113205 ], [ 100.3069244, 7.2111918 ], [ 100.3068855, 7.2111297 ], [ 100.3068187, 7.2110569 ], [ 100.3067175, 7.210995 ], [ 100.3064572, 7.2108906 ], [ 100.3063238, 7.2108223 ], [ 100.3061794, 7.2106789 ], [ 100.306035, 7.2105356 ], [ 100.3059101, 7.2104265 ], [ 100.3057555, 7.210349 ], [ 100.3056024, 7.2102879 ], [ 100.3055435, 7.2102578 ], [ 100.3055215, 7.2102341 ], [ 100.3055076, 7.2101959 ], [ 100.3054944, 7.2100779 ], [ 100.3054767, 7.2099063 ], [ 100.3054937, 7.2098688 ], [ 100.3055288, 7.2098485 ], [ 100.3055689, 7.2098459 ], [ 100.3056229, 7.2098743 ], [ 100.3056572, 7.2099057 ], [ 100.3057769, 7.2100614 ], [ 100.3058468, 7.2101181 ], [ 100.3059072, 7.2101475 ], [ 100.3059683, 7.2101568 ], [ 100.306006, 7.2101558 ], [ 100.3060532, 7.2101342 ], [ 100.3060896, 7.2100934 ], [ 100.3060972, 7.2100489 ], [ 100.306091, 7.2099453 ], [ 100.3060567, 7.2098595 ], [ 100.3060262, 7.2097838 ], [ 100.3060004, 7.2097487 ], [ 100.3059732, 7.2097115 ], [ 100.3059122, 7.2096604 ], [ 100.3058472, 7.2095883 ], [ 100.3058108, 7.2095233 ], [ 100.305794, 7.2094653 ], [ 100.305782, 7.2093793 ], [ 100.3057756, 7.2093616 ], [ 100.3057509, 7.2093003 ], [ 100.305725, 7.2092719 ], [ 100.3056863, 7.2092488 ], [ 100.3055735, 7.2091914 ], [ 100.3053647, 7.2090589 ], [ 100.3052398, 7.2089799 ], [ 100.3051538, 7.2089437 ], [ 100.3051118, 7.2089369 ], [ 100.3050506, 7.2089354 ], [ 100.3050022, 7.2089497 ], [ 100.3049771, 7.2089652 ], [ 100.3049199, 7.2090006 ], [ 100.304869, 7.209015 ], [ 100.3047866, 7.2090088 ], [ 100.3047241, 7.2089878 ], [ 100.3046925, 7.2089699 ], [ 100.3046574, 7.2089322 ], [ 100.3046218, 7.2088822 ], [ 100.3046055, 7.2088143 ], [ 100.304607, 7.2087266 ], [ 100.3046092, 7.2086083 ], [ 100.3043412, 7.2085769 ], [ 100.304213, 7.2085619 ], [ 100.3034846, 7.2085487 ], [ 100.3023896, 7.2085823 ], [ 100.3014931, 7.2085696 ], [ 100.3007849, 7.2085055 ], [ 100.300729, 7.2085529 ], [ 100.3007038, 7.2086278 ], [ 100.3006632, 7.2088754 ], [ 100.3006587, 7.2089026 ], [ 100.3006336, 7.2090115 ], [ 100.3006031, 7.2090554 ], [ 100.3005348, 7.2090792 ], [ 100.3004504, 7.2090711 ], [ 100.3002583, 7.2090223 ], [ 100.2996622, 7.2088707 ], [ 100.2996254, 7.2088773 ], [ 100.2995913, 7.208892 ], [ 100.2995739, 7.2089413 ], [ 100.2995112, 7.2093358 ], [ 100.2994952, 7.2093842 ], [ 100.2994039, 7.2093859 ], [ 100.2991728, 7.2093901 ], [ 100.2988114, 7.209442 ], [ 100.2984347, 7.2095397 ], [ 100.2981769, 7.2096426 ], [ 100.2980916, 7.2096909 ], [ 100.297794, 7.2098976 ], [ 100.2976265, 7.2100218 ], [ 100.2975459, 7.2100679 ], [ 100.2974867, 7.2100897 ], [ 100.2974055, 7.2101011 ], [ 100.2972317, 7.2101076 ], [ 100.2966597, 7.2100772 ], [ 100.2965458, 7.2100737 ], [ 100.2965029, 7.2100723 ], [ 100.2963012, 7.2100893 ], [ 100.2962175, 7.2101047 ], [ 100.2958856, 7.2102459 ], [ 100.2958001, 7.2102779 ], [ 100.295777, 7.2102904 ], [ 100.2957654, 7.2102968 ], [ 100.2957383, 7.2103232 ], [ 100.2957, 7.2103873 ], [ 100.2956513, 7.2104783 ], [ 100.2956042, 7.2105277 ], [ 100.2955484, 7.2105587 ], [ 100.2951248, 7.2107202 ], [ 100.2948218, 7.2108633 ], [ 100.2947047, 7.2109086 ], [ 100.2945929, 7.2109331 ], [ 100.2944926, 7.2109436 ], [ 100.2943896, 7.2109398 ], [ 100.2942669, 7.2109323 ], [ 100.2941452, 7.210907 ], [ 100.2937683, 7.2108386 ], [ 100.2936628, 7.2108317 ], [ 100.2935505, 7.2108501 ], [ 100.293492, 7.2108763 ], [ 100.2934229, 7.2109201 ], [ 100.2932835, 7.2110601 ], [ 100.2930478, 7.2112631 ], [ 100.2929647, 7.2113246 ], [ 100.2929238, 7.2113486 ], [ 100.2928879, 7.2113572 ], [ 100.2928547, 7.2113523 ], [ 100.2927904, 7.2113355 ], [ 100.2925496, 7.2112082 ], [ 100.2924756, 7.2111843 ], [ 100.2923833, 7.2111778 ], [ 100.2922971, 7.2111874 ], [ 100.2919289, 7.2112414 ], [ 100.2917026, 7.2112592 ], [ 100.2915435, 7.2112573 ], [ 100.2915169, 7.211257 ], [ 100.2913412, 7.2112302 ], [ 100.291242, 7.2112061 ], [ 100.2911994, 7.2111879 ], [ 100.2911751, 7.2111662 ], [ 100.2910572, 7.2110149 ], [ 100.2909738, 7.210895 ], [ 100.2909377, 7.2108575 ], [ 100.2909011, 7.21084 ], [ 100.2908692, 7.210831 ], [ 100.2906842, 7.2108157 ], [ 100.2900539, 7.2108054 ], [ 100.2894994, 7.2108318 ], [ 100.2894371, 7.2108382 ], [ 100.2888796, 7.2109381 ], [ 100.2882497, 7.2110705 ], [ 100.2879554, 7.2111022 ], [ 100.287382, 7.2111021 ], [ 100.28672, 7.2110581 ], [ 100.2866867, 7.2110547 ], [ 100.2865618, 7.2110355 ], [ 100.2864054, 7.2109908 ], [ 100.2861895, 7.2109173 ], [ 100.2860996, 7.2108772 ], [ 100.2860138, 7.2108284 ], [ 100.2858049, 7.2107096 ], [ 100.2857331, 7.2106782 ], [ 100.2856624, 7.2106637 ], [ 100.2856238, 7.2106608 ], [ 100.2854638, 7.2106613 ], [ 100.2852081, 7.210643 ], [ 100.2851062, 7.2106163 ], [ 100.2850456, 7.2105799 ], [ 100.2850057, 7.2105323 ], [ 100.2849802, 7.2104625 ], [ 100.2849736, 7.2104237 ], [ 100.2849735, 7.2104044 ], [ 100.2849735, 7.2103731 ], [ 100.2849695, 7.2103314 ], [ 100.2849521, 7.2102714 ], [ 100.2849194, 7.210225 ], [ 100.2849093, 7.2102165 ], [ 100.2848636, 7.2101965 ], [ 100.2848409, 7.2101905 ], [ 100.2847442, 7.2101932 ], [ 100.284663, 7.210208 ], [ 100.2846035, 7.210234 ], [ 100.2844848, 7.210286 ], [ 100.2843402, 7.2103436 ], [ 100.2842702, 7.2103438 ], [ 100.2842272, 7.2103343 ], [ 100.284198, 7.2103168 ], [ 100.2841714, 7.2102873 ], [ 100.2841216, 7.2101972 ], [ 100.2841106, 7.2101774 ], [ 100.2840775, 7.2101158 ], [ 100.284064, 7.2101009 ], [ 100.284034, 7.2100823 ], [ 100.2839804, 7.210072 ], [ 100.2839223, 7.2100879 ], [ 100.2838766, 7.2101161 ], [ 100.2838703, 7.2101249 ], [ 100.2838311, 7.21018 ], [ 100.2838211, 7.2101941 ], [ 100.2837546, 7.2103141 ], [ 100.2837311, 7.2103366 ], [ 100.2836997, 7.2103462 ], [ 100.2836722, 7.2103496 ], [ 100.2836383, 7.2103448 ], [ 100.2835928, 7.2103304 ], [ 100.2835127, 7.2102748 ], [ 100.28347, 7.2102367 ], [ 100.2834546, 7.2102298 ], [ 100.2833821, 7.2102207 ], [ 100.2833032, 7.2102262 ], [ 100.2832533, 7.2102447 ], [ 100.2832166, 7.2102894 ], [ 100.2831905, 7.2103473 ], [ 100.283147, 7.2105776 ], [ 100.2830944, 7.2107598 ], [ 100.2830879, 7.2107706 ], [ 100.2830847, 7.2107842 ], [ 100.2830642, 7.2108243 ], [ 100.2830296, 7.2108715 ], [ 100.2829624, 7.2109199 ], [ 100.2829495, 7.210927 ], [ 100.2828625, 7.2109449 ], [ 100.282795, 7.2109495 ], [ 100.2827647, 7.2109516 ], [ 100.2826924, 7.2109565 ], [ 100.2825363, 7.2110003 ], [ 100.2824792, 7.2110309 ], [ 100.2824389, 7.2110525 ], [ 100.2823003, 7.2111656 ], [ 100.2822694, 7.2111853 ], [ 100.2821877, 7.2112374 ], [ 100.2821127, 7.2112584 ], [ 100.2820858, 7.2112659 ], [ 100.282012, 7.2112639 ], [ 100.2818995, 7.2112429 ], [ 100.2817692, 7.2111964 ], [ 100.2816527, 7.2111407 ], [ 100.2815938, 7.2111055 ], [ 100.2815227, 7.2110715 ], [ 100.2814987, 7.2110585 ], [ 100.2814648, 7.2110402 ], [ 100.2814099, 7.2110231 ], [ 100.2812132, 7.2110041 ], [ 100.2810805, 7.2109913 ], [ 100.2808999, 7.2109821 ], [ 100.2806061, 7.2109184 ], [ 100.2805422, 7.2109019 ], [ 100.280336, 7.2108808 ], [ 100.2800822, 7.2109205 ], [ 100.2799837, 7.2109098 ], [ 100.2799424, 7.2108932 ], [ 100.2799237, 7.2108813 ], [ 100.2798996, 7.210866 ], [ 100.2798785, 7.2108398 ], [ 100.2798441, 7.2107611 ], [ 100.2798309, 7.2105202 ], [ 100.2798108, 7.2104622 ], [ 100.2797959, 7.2104435 ], [ 100.2797829, 7.2104363 ], [ 100.2797485, 7.2104173 ], [ 100.2797011, 7.2103965 ], [ 100.2796169, 7.2103941 ], [ 100.2795301, 7.2103943 ], [ 100.2793948, 7.2103709 ], [ 100.2793199, 7.2103477 ], [ 100.2793082, 7.2103441 ], [ 100.2792382, 7.2103072 ], [ 100.2791392, 7.2102274 ], [ 100.2791172, 7.2102097 ], [ 100.2788811, 7.2099659 ], [ 100.2788602, 7.2099415 ], [ 100.2788231, 7.2098876 ], [ 100.2787646, 7.2097598 ], [ 100.2787236, 7.2096164 ], [ 100.278703, 7.2095658 ], [ 100.2786678, 7.2095301 ], [ 100.2786151, 7.2094987 ], [ 100.2785494, 7.2094937 ], [ 100.2784968, 7.2095069 ], [ 100.2784023, 7.2095571 ], [ 100.2783531, 7.2095909 ], [ 100.2783026, 7.2096257 ], [ 100.2782186, 7.2096942 ], [ 100.2781772, 7.2097185 ], [ 100.278111, 7.2097575 ], [ 100.2780427, 7.2097866 ], [ 100.2779612, 7.2097947 ], [ 100.2778717, 7.2097792 ], [ 100.2778377, 7.2097669 ], [ 100.2776822, 7.2097106 ], [ 100.2774, 7.2095728 ], [ 100.277286, 7.2095171 ], [ 100.2772741, 7.2095104 ], [ 100.277224, 7.2094921 ], [ 100.2771793, 7.2094922 ], [ 100.2771137, 7.2095134 ], [ 100.2767543, 7.2097911 ], [ 100.2767384, 7.2098034 ], [ 100.2766664, 7.2098396 ], [ 100.2765913, 7.2098537 ], [ 100.2765499, 7.2098415 ], [ 100.2765203, 7.2098329 ], [ 100.2764834, 7.2098041 ], [ 100.2764411, 7.209728 ], [ 100.2764172, 7.2096624 ], [ 100.276417, 7.2095653 ], [ 100.2764351, 7.2094891 ], [ 100.2764718, 7.2094364 ], [ 100.2764938, 7.2094155 ], [ 100.2765243, 7.2093864 ], [ 100.2765798, 7.209321 ], [ 100.2766186, 7.2092653 ], [ 100.2766364, 7.2091924 ], [ 100.2766326, 7.2091463 ], [ 100.2766183, 7.2091129 ], [ 100.2765944, 7.2090789 ], [ 100.2764732, 7.2090005 ], [ 100.2763501, 7.2089567 ], [ 100.2762338, 7.2089408 ], [ 100.2761785, 7.2089462 ], [ 100.2761313, 7.2089673 ], [ 100.2760656, 7.2090069 ], [ 100.2760524, 7.2090119 ], [ 100.2760026, 7.2090307 ], [ 100.2759899, 7.2090335 ], [ 100.2759422, 7.209044 ], [ 100.2759202, 7.2090426 ], [ 100.2759027, 7.2090415 ], [ 100.2758501, 7.2090232 ], [ 100.2758053, 7.2089892 ], [ 100.2757983, 7.2089808 ], [ 100.275784, 7.2089635 ], [ 100.2757234, 7.2088657 ], [ 100.2756346, 7.2087371 ], [ 100.2755587, 7.2086775 ], [ 100.2754349, 7.2086118 ], [ 100.2753986, 7.2085942 ], [ 100.2748549, 7.208373 ], [ 100.2747591, 7.2083184 ], [ 100.2743799, 7.2080422 ], [ 100.2740441, 7.2078495 ], [ 100.273698, 7.2077167 ], [ 100.2736283, 7.20769 ], [ 100.2733444, 7.2076225 ], [ 100.2730804, 7.2076089 ], [ 100.2729747, 7.2076035 ], [ 100.2727645, 7.2076261 ], [ 100.2727284, 7.2076299 ], [ 100.2727098, 7.2076429 ], [ 100.2726644, 7.2076823 ], [ 100.2726356, 7.2077217 ], [ 100.2726252, 7.2077612 ], [ 100.2726096, 7.2078137 ], [ 100.2726229, 7.2078715 ], [ 100.272652, 7.207937 ], [ 100.2726718, 7.207963 ], [ 100.272718, 7.2080235 ], [ 100.2728156, 7.2081493 ], [ 100.2728247, 7.2081629 ], [ 100.2728543, 7.2082395 ], [ 100.2728476, 7.208291 ], [ 100.2728031, 7.2083568 ], [ 100.2726955, 7.2084333 ], [ 100.2726219, 7.2084466 ], [ 100.2725351, 7.2084442 ], [ 100.2722234, 7.2083724 ], [ 100.2718468, 7.2082718 ], [ 100.2717368, 7.2082425 ], [ 100.2716111, 7.2081866 ], [ 100.2714997, 7.2081247 ], [ 100.2713898, 7.2080294 ], [ 100.2713515, 7.2079961 ], [ 100.2712859, 7.2079392 ], [ 100.2712308, 7.2078678 ], [ 100.2710218, 7.2075969 ], [ 100.2709995, 7.2075582 ], [ 100.2709599, 7.2074743 ], [ 100.2709544, 7.2074192 ], [ 100.2709622, 7.2073587 ], [ 100.2709745, 7.2073251 ], [ 100.2709883, 7.2072878 ], [ 100.2710144, 7.2072247 ], [ 100.2710404, 7.2071379 ], [ 100.2710429, 7.2070723 ], [ 100.27104, 7.2069935 ], [ 100.2710136, 7.2069489 ], [ 100.2709451, 7.2068887 ], [ 100.2709369, 7.206883 ], [ 100.2708924, 7.2068521 ], [ 100.2707871, 7.2068104 ], [ 100.2706087, 7.2067631 ], [ 100.2703648, 7.2066408 ], [ 100.2701496, 7.2065126 ], [ 100.2701048, 7.206486 ], [ 100.2700426, 7.2064362 ], [ 100.2700004, 7.2063938 ], [ 100.2699838, 7.2063609 ], [ 100.2699705, 7.206311 ], [ 100.2699677, 7.206248 ], [ 100.2699781, 7.2061876 ], [ 100.2700146, 7.2061087 ], [ 100.2700416, 7.2060579 ], [ 100.2700565, 7.2060298 ], [ 100.2701193, 7.2059036 ], [ 100.2701267, 7.205881 ], [ 100.2701401, 7.2058405 ], [ 100.2701504, 7.2057459 ], [ 100.2701371, 7.2056855 ], [ 100.270108, 7.2056515 ], [ 100.2700422, 7.2056123 ], [ 100.2699525, 7.2055684 ], [ 100.269866, 7.205512 ], [ 100.2695553, 7.2053089 ], [ 100.2694679, 7.2052278 ], [ 100.2694151, 7.2051518 ], [ 100.2693701, 7.2050679 ], [ 100.2693515, 7.2050023 ], [ 100.2693451, 7.2049539 ], [ 100.2693408, 7.2049209 ], [ 100.2693432, 7.2048421 ], [ 100.269395, 7.2045557 ], [ 100.2694234, 7.2043849 ], [ 100.2694206, 7.2043329 ], [ 100.2694151, 7.2042353 ], [ 100.2693833, 7.2041513 ], [ 100.2693411, 7.204091 ], [ 100.2692857, 7.2040387 ], [ 100.269263, 7.2040224 ], [ 100.2690795, 7.2039376 ], [ 100.2688393, 7.2038551 ], [ 100.2686673, 7.2037846 ], [ 100.2686579, 7.2037809 ], [ 100.2684709, 7.2037071 ], [ 100.2684436, 7.2036964 ], [ 100.2683654, 7.2036963 ], [ 100.2679395, 7.2037694 ], [ 100.267771, 7.2037983 ], [ 100.2676975, 7.2037959 ], [ 100.2676494, 7.2037842 ], [ 100.267615, 7.2037637 ], [ 100.2675628, 7.2037149 ], [ 100.2674333, 7.2035619 ], [ 100.2672901, 7.2033711 ], [ 100.2672797, 7.2033572 ], [ 100.2671931, 7.2032934 ], [ 100.2670607, 7.2032407 ], [ 100.2670325, 7.2032334 ], [ 100.2669668, 7.2032179 ], [ 100.2668656, 7.2032026 ], [ 100.2662179, 7.2031214 ], [ 100.2660856, 7.2031205 ], [ 100.2659817, 7.2031296 ], [ 100.2659305, 7.2031341 ], [ 100.2658358, 7.2031369 ], [ 100.2657595, 7.2031293 ], [ 100.265699, 7.2031111 ], [ 100.2656173, 7.203064 ], [ 100.2655335, 7.2029837 ], [ 100.2654144, 7.202886 ], [ 100.2653628, 7.2028386 ], [ 100.2653432, 7.2028205 ], [ 100.2652563, 7.2027735 ], [ 100.2651984, 7.2027553 ], [ 100.2651168, 7.2027476 ], [ 100.2650264, 7.20275 ], [ 100.2649391, 7.2027444 ], [ 100.2648103, 7.2027175 ], [ 100.2647261, 7.2026867 ], [ 100.2645901, 7.2025918 ], [ 100.2645617, 7.2025606 ], [ 100.2645285, 7.2025241 ], [ 100.264474, 7.2024224 ], [ 100.2644394, 7.2023223 ], [ 100.2644116, 7.2021683 ], [ 100.264395, 7.2020948 ], [ 100.2643747, 7.202045 ], [ 100.2643077, 7.2019462 ], [ 100.2642229, 7.2018684 ], [ 100.2641433, 7.2018308 ], [ 100.2640605, 7.2018252 ], [ 100.2639757, 7.2018372 ], [ 100.2639292, 7.2018496 ], [ 100.2639087, 7.2018551 ], [ 100.2638259, 7.201875 ], [ 100.2637687, 7.2018831 ], [ 100.2637115, 7.2018832 ], [ 100.2636247, 7.2018697 ], [ 100.2635635, 7.2018561 ], [ 100.263503, 7.2018311 ], [ 100.2634925, 7.2018267 ], [ 100.2634588, 7.2017908 ], [ 100.2634391, 7.2017698 ], [ 100.2634212, 7.2017186 ], [ 100.2634131, 7.2016438 ], [ 100.2634149, 7.2015886 ], [ 100.2634207, 7.2015407 ], [ 100.2634598, 7.2014309 ], [ 100.263491, 7.201293 ], [ 100.2634849, 7.2012418 ], [ 100.2634611, 7.2011906 ], [ 100.2634137, 7.2011533 ], [ 100.2633617, 7.2011379 ], [ 100.263164, 7.2011241 ], [ 100.2626684, 7.2011512 ], [ 100.2625178, 7.2011517 ], [ 100.2624867, 7.2011457 ], [ 100.262413, 7.2011249 ], [ 100.2624034, 7.2011199 ], [ 100.262363, 7.2010988 ], [ 100.2623093, 7.2010504 ], [ 100.2622838, 7.2009861 ], [ 100.2622814, 7.2009696 ], [ 100.2622762, 7.2009337 ], [ 100.2622731, 7.2009126 ], [ 100.262273, 7.2009012 ], [ 100.2622729, 7.2008495 ], [ 100.2622954, 7.2007775 ], [ 100.2623049, 7.2007471 ], [ 100.2623172, 7.2006892 ], [ 100.2623194, 7.2006196 ], [ 100.2623124, 7.2005916 ], [ 100.2623047, 7.200567 ], [ 100.2622744, 7.2005406 ], [ 100.2622421, 7.2005218 ], [ 100.26219, 7.2005116 ], [ 100.2621531, 7.2005126 ], [ 100.262101, 7.2005345 ], [ 100.2620519, 7.2005715 ], [ 100.2620236, 7.2006113 ], [ 100.2620067, 7.2006634 ], [ 100.2619964, 7.2007667 ], [ 100.2619994, 7.200824 ], [ 100.2619973, 7.2009358 ], [ 100.2619971, 7.2009501 ], [ 100.2619877, 7.2010108 ], [ 100.2619816, 7.2010499 ], [ 100.2619529, 7.2011235 ], [ 100.2619083, 7.2011762 ], [ 100.2618322, 7.2012394 ], [ 100.2617771, 7.201268 ], [ 100.2617508, 7.2012817 ], [ 100.2617017, 7.2012995 ], [ 100.2616673, 7.2013061 ], [ 100.2616063, 7.2013083 ], [ 100.2615484, 7.201298 ], [ 100.261501, 7.2012745 ], [ 100.2614272, 7.2012117 ], [ 100.2613612, 7.2011278 ], [ 100.2612611, 7.2009462 ], [ 100.2611546, 7.2007834 ], [ 100.2610139, 7.2006637 ], [ 100.2609593, 7.200598 ], [ 100.2608975, 7.2005388 ], [ 100.2608851, 7.200523 ], [ 100.2608671, 7.2004863 ], [ 100.2608601, 7.2004456 ], [ 100.2608775, 7.2003562 ], [ 100.2608867, 7.2003115 ], [ 100.2608937, 7.2002772 ], [ 100.260896, 7.2002535 ], [ 100.2608859, 7.2001919 ], [ 100.2608649, 7.2001258 ], [ 100.2608603, 7.2001114 ], [ 100.2608327, 7.2000673 ], [ 100.2608227, 7.2000513 ], [ 100.2607931, 7.2000039 ], [ 100.2607671, 7.1999624 ], [ 100.2607544, 7.1999387 ], [ 100.2607421, 7.19991 ], [ 100.2607376, 7.1998823 ], [ 100.260742, 7.1998501 ], [ 100.2607531, 7.1998301 ], [ 100.2607795, 7.199798 ], [ 100.2607889, 7.1997892 ], [ 100.2608065, 7.199773 ], [ 100.2608832, 7.199688 ], [ 100.2609127, 7.1996532 ], [ 100.2609299, 7.1996207 ], [ 100.2609339, 7.1995807 ], [ 100.2609301, 7.1995402 ], [ 100.2609024, 7.1995009 ], [ 100.2608849, 7.199486 ], [ 100.2608608, 7.1994655 ], [ 100.2607365, 7.1994147 ], [ 100.2603375, 7.1992227 ], [ 100.2602881, 7.1991677 ], [ 100.2602611, 7.1991359 ], [ 100.2602149, 7.1990813 ], [ 100.2601694, 7.1990322 ], [ 100.2601358, 7.1990165 ], [ 100.2600845, 7.1990225 ], [ 100.2599943, 7.1990509 ], [ 100.2599643, 7.1990603 ], [ 100.2598914, 7.1990841 ], [ 100.2598264, 7.1990902 ], [ 100.259777, 7.1990825 ], [ 100.2597223, 7.1990433 ], [ 100.2597046, 7.1990172 ], [ 100.259677, 7.1989763 ], [ 100.2596194, 7.1988506 ], [ 100.2595597, 7.198712 ], [ 100.2595443, 7.1986362 ], [ 100.2595497, 7.1985217 ], [ 100.2594776, 7.198356 ], [ 100.2592962, 7.1980303 ], [ 100.2592014, 7.1979218 ], [ 100.2588915, 7.1977739 ], [ 100.2584412, 7.1975748 ], [ 100.2583673, 7.197543 ], [ 100.2583291, 7.1975213 ], [ 100.2582758, 7.1974757 ], [ 100.2582378, 7.1974369 ], [ 100.2582253, 7.1974241 ], [ 100.2581926, 7.1973562 ], [ 100.258104, 7.1972056 ], [ 100.2580529, 7.1971188 ], [ 100.2579994, 7.1970421 ], [ 100.2579446, 7.1969965 ], [ 100.2578942, 7.1969656 ], [ 100.2578083, 7.1969319 ], [ 100.2577462, 7.1969217 ], [ 100.2576825, 7.1969145 ], [ 100.2576175, 7.1969102 ], [ 100.257545, 7.1969134 ], [ 100.2575051, 7.1969223 ], [ 100.2574622, 7.1969446 ], [ 100.2574192, 7.1969827 ], [ 100.2573914, 7.1970143 ], [ 100.2573664, 7.1970483 ], [ 100.2573383, 7.197075 ], [ 100.2573029, 7.1970957 ], [ 100.257263, 7.1971003 ], [ 100.2572201, 7.1970945 ], [ 100.2571683, 7.1970813 ], [ 100.2570128, 7.1970286 ], [ 100.2569029, 7.1969741 ], [ 100.256838, 7.1969419 ], [ 100.2566678, 7.1968941 ], [ 100.2565509, 7.1968674 ], [ 100.2565124, 7.1968601 ], [ 100.2564739, 7.196838 ], [ 100.2564383, 7.1968056 ], [ 100.256415, 7.1967809 ], [ 100.2563938, 7.1967585 ], [ 100.2563757, 7.1967448 ], [ 100.2563627, 7.1967349 ], [ 100.256336, 7.1967232 ], [ 100.2563064, 7.1967174 ], [ 100.2562606, 7.1967293 ], [ 100.256237, 7.196744 ], [ 100.2562206, 7.1967542 ], [ 100.2562118, 7.1967612 ], [ 100.2561853, 7.1967842 ], [ 100.2561588, 7.1968285 ], [ 100.2561479, 7.1968505 ], [ 100.2561397, 7.196867 ], [ 100.2561279, 7.1969025 ], [ 100.2561118, 7.1969483 ], [ 100.256076, 7.1970005 ], [ 100.2559788, 7.1970923 ], [ 100.2558187, 7.1972358 ], [ 100.2553586, 7.1976491 ], [ 100.2549984, 7.1979391 ], [ 100.2548153, 7.1980283 ], [ 100.2547238, 7.1980684 ], [ 100.2546983, 7.1980867 ], [ 100.2546841, 7.1980969 ], [ 100.2546527, 7.1981383 ], [ 100.2546135, 7.1982231 ], [ 100.2545546, 7.1983395 ], [ 100.2545056, 7.1984263 ], [ 100.2544603, 7.1984835 ], [ 100.2544092, 7.198529 ], [ 100.254358, 7.1985645 ], [ 100.254299, 7.1986179 ], [ 100.2542617, 7.1986692 ], [ 100.2542264, 7.1987461 ], [ 100.2541931, 7.198823 ], [ 100.2541681, 7.1988619 ], [ 100.2541538, 7.1988842 ], [ 100.2541239, 7.1989091 ], [ 100.2540624, 7.1989369 ], [ 100.2539741, 7.1989478 ], [ 100.2537672, 7.1989559 ], [ 100.2536903, 7.1989629 ], [ 100.2536403, 7.1989643 ], [ 100.2525833, 7.1990358 ], [ 100.2524414, 7.1990274 ], [ 100.252272, 7.1989832 ], [ 100.2521888, 7.1989725 ], [ 100.2521559, 7.1989682 ], [ 100.2521417, 7.1989721 ], [ 100.2520818, 7.1989886 ], [ 100.2520312, 7.1990036 ], [ 100.2518802, 7.1990346 ], [ 100.2518489, 7.1990361 ], [ 100.2517817, 7.1990392 ], [ 100.2517426, 7.1990339 ], [ 100.2512968, 7.1989735 ], [ 100.251118, 7.1989689 ], [ 100.2510074, 7.1989915 ], [ 100.2508556, 7.1990419 ], [ 100.2508161, 7.199055 ], [ 100.2507041, 7.1991096 ], [ 100.2504841, 7.1993402 ], [ 100.2504241, 7.1993937 ], [ 100.2503267, 7.1994303 ], [ 100.2502194, 7.199448 ], [ 100.2501619, 7.1994413 ], [ 100.2500804, 7.1994318 ], [ 100.2496302, 7.1993071 ], [ 100.2494037, 7.1992308 ], [ 100.2492932, 7.1991936 ], [ 100.2491216, 7.1991318 ], [ 100.2490447, 7.1990978 ], [ 100.2490185, 7.1990861 ], [ 100.2489949, 7.1990683 ], [ 100.2489293, 7.1990188 ], [ 100.2487418, 7.198923 ], [ 100.2485603, 7.19886 ], [ 100.2482996, 7.1988257 ], [ 100.2481792, 7.1988129 ], [ 100.2481309, 7.1987955 ], [ 100.2480716, 7.1987279 ], [ 100.248035, 7.1986352 ], [ 100.2478489, 7.1981643 ], [ 100.247773, 7.1980521 ], [ 100.2477632, 7.1980377 ], [ 100.2477494, 7.1980303 ], [ 100.2476097, 7.1979551 ], [ 100.2474489, 7.197891 ], [ 100.2473197, 7.1977998 ], [ 100.2472106, 7.1976942 ], [ 100.2471114, 7.1975038 ], [ 100.2470105, 7.1974144 ], [ 100.2469175, 7.197386 ], [ 100.2466998, 7.1973981 ], [ 100.2466137, 7.197364 ], [ 100.2465854, 7.1973193 ], [ 100.2465836, 7.1973093 ], [ 100.2465699, 7.1972363 ], [ 100.2465743, 7.1971917 ], [ 100.2465784, 7.197151 ], [ 100.2466443, 7.196863 ], [ 100.2466543, 7.1968192 ], [ 100.2466585, 7.1968009 ], [ 100.2466806, 7.1966742 ], [ 100.2466799, 7.1966171 ], [ 100.2466689, 7.1965598 ], [ 100.2466401, 7.1964948 ], [ 100.2465721, 7.1964359 ], [ 100.246416, 7.1962983 ], [ 100.2463965, 7.1962811 ], [ 100.2463642, 7.1962058 ], [ 100.246361, 7.1961325 ], [ 100.2463748, 7.1958796 ], [ 100.2463726, 7.1957604 ], [ 100.2463517, 7.1957173 ], [ 100.2462911, 7.1956767 ], [ 100.2459239, 7.1955002 ], [ 100.2455968, 7.1952971 ], [ 100.2454388, 7.1951496 ], [ 100.2451801, 7.1948384 ], [ 100.2449098, 7.1944701 ], [ 100.2446739, 7.1941245 ], [ 100.2444526, 7.1938733 ], [ 100.2443493, 7.1938135 ], [ 100.2442891, 7.1937879 ], [ 100.2442058, 7.1937395 ], [ 100.2441413, 7.1936803 ], [ 100.2441196, 7.1936683 ], [ 100.2432797, 7.193473 ], [ 100.2427493, 7.1933257 ], [ 100.2425223, 7.1932472 ], [ 100.2425013, 7.1932359 ], [ 100.2424851, 7.1932121 ], [ 100.2424783, 7.1931972 ], [ 100.2424328, 7.193052 ], [ 100.2424085, 7.193024 ], [ 100.2423805, 7.1930139 ], [ 100.2423301, 7.1930121 ], [ 100.2422471, 7.193018 ], [ 100.2422041, 7.1930067 ], [ 100.2421208, 7.1929526 ], [ 100.2418853, 7.1927415 ], [ 100.241696, 7.1926447 ], [ 100.2414837, 7.1925394 ], [ 100.2413061, 7.1924839 ], [ 100.2412259, 7.1924808 ], [ 100.2410845, 7.1924812 ], [ 100.2410545, 7.1924766 ], [ 100.2409483, 7.1924398 ], [ 100.2409351, 7.192436 ], [ 100.2407961, 7.1923959 ], [ 100.2407842, 7.1923925 ], [ 100.2407191, 7.1923887 ], [ 100.2406439, 7.1924056 ], [ 100.2405209, 7.1924934 ], [ 100.2405001, 7.1925189 ], [ 100.2404505, 7.1925751 ], [ 100.240397, 7.19261 ], [ 100.240341, 7.1926219 ], [ 100.2403194, 7.1926214 ], [ 100.2402718, 7.1926202 ], [ 100.2402587, 7.1926184 ], [ 100.2401074, 7.1925685 ], [ 100.2400913, 7.1925632 ], [ 100.2400608, 7.1925508 ], [ 100.2400455, 7.1925477 ], [ 100.240021, 7.192547 ], [ 100.2399841, 7.192556 ], [ 100.2397964, 7.1926355 ], [ 100.2393742, 7.1928573 ], [ 100.2393343, 7.1928837 ], [ 100.2391318, 7.1930176 ], [ 100.2389339, 7.1931131 ], [ 100.2388237, 7.193136 ], [ 100.2386803, 7.1931217 ], [ 100.2386155, 7.1931107 ], [ 100.2384734, 7.193077 ], [ 100.2379405, 7.1928694 ], [ 100.2375563, 7.1927589 ], [ 100.237473, 7.1927425 ], [ 100.2373392, 7.1927353 ], [ 100.2373124, 7.1927339 ], [ 100.2372557, 7.1927458 ], [ 100.2371788, 7.192762 ], [ 100.2370408, 7.1928061 ], [ 100.2369015, 7.1928592 ], [ 100.2368327, 7.1928689 ], [ 100.2366919, 7.1928531 ], [ 100.2366599, 7.1928388 ], [ 100.2365192, 7.192776 ], [ 100.2364503, 7.1926903 ], [ 100.2363869, 7.1925703 ], [ 100.2363232, 7.1923858 ], [ 100.2363166, 7.192333 ], [ 100.2362857, 7.1922212 ], [ 100.2362781, 7.1921936 ], [ 100.2362251, 7.1920972 ], [ 100.2361844, 7.1920501 ], [ 100.2361723, 7.192036 ], [ 100.2361166, 7.1919894 ], [ 100.2360433, 7.1919604 ], [ 100.235976, 7.1919576 ], [ 100.2359321, 7.1919607 ], [ 100.2358765, 7.1919725 ], [ 100.2358064, 7.1920224 ], [ 100.2357589, 7.192086 ], [ 100.2357296, 7.1921524 ], [ 100.2356142, 7.1924631 ], [ 100.2355003, 7.1926577 ], [ 100.2353833, 7.1928221 ], [ 100.2353113, 7.1929055 ], [ 100.2352153, 7.1929945 ], [ 100.2351576, 7.1930481 ], [ 100.2350986, 7.1930845 ], [ 100.2350623, 7.193107 ], [ 100.2346522, 7.1933166 ], [ 100.2343326, 7.1934653 ], [ 100.2342374, 7.1935018 ], [ 100.234108, 7.1935513 ], [ 100.2338187, 7.193615 ], [ 100.2338051, 7.193618 ], [ 100.2337002, 7.1936671 ], [ 100.2335938, 7.1937453 ], [ 100.2333368, 7.1939296 ], [ 100.232956, 7.1941131 ], [ 100.2329434, 7.1941164 ], [ 100.232785, 7.1941577 ], [ 100.2327166, 7.1941701 ], [ 100.232577, 7.1941519 ], [ 100.2324316, 7.1941061 ], [ 100.2321562, 7.1939981 ], [ 100.2318765, 7.1939223 ], [ 100.2318323, 7.1939103 ], [ 100.2317308, 7.1938968 ], [ 100.231431, 7.193857 ], [ 100.2307291, 7.1938474 ], [ 100.2306052, 7.1938386 ], [ 100.2302719, 7.1938006 ], [ 100.2301934, 7.1937791 ], [ 100.2300267, 7.1936977 ], [ 100.2298203, 7.1935758 ], [ 100.2295107, 7.1934685 ], [ 100.2293468, 7.193403 ], [ 100.229173, 7.1933083 ], [ 100.229007, 7.1931797 ], [ 100.2287576, 7.1930602 ], [ 100.2287359, 7.1930531 ], [ 100.2287218, 7.1930484 ], [ 100.2287024, 7.193046 ], [ 100.2282232, 7.1929874 ], [ 100.228181, 7.1929774 ], [ 100.2281332, 7.1929611 ], [ 100.2281047, 7.1929483 ], [ 100.2279179, 7.192825 ], [ 100.2277369, 7.1927055 ], [ 100.2277139, 7.1926955 ], [ 100.2276974, 7.1926927 ], [ 100.2276781, 7.1926928 ], [ 100.2276543, 7.1926947 ], [ 100.2274238, 7.1927371 ], [ 100.2272901, 7.1927617 ], [ 100.2272424, 7.1927636 ], [ 100.2272258, 7.1927637 ], [ 100.2271974, 7.192761 ], [ 100.2271561, 7.1927547 ], [ 100.2271248, 7.1927484 ], [ 100.2270376, 7.1927202 ], [ 100.2268924, 7.1926628 ], [ 100.2268161, 7.1926374 ], [ 100.2267942, 7.1926318 ], [ 100.2267831, 7.192629 ], [ 100.226761, 7.1926252 ], [ 100.2267133, 7.192623 ], [ 100.2266892, 7.1926256 ], [ 100.2266545, 7.1926333 ], [ 100.2266262, 7.1926434 ], [ 100.2265727, 7.1926725 ], [ 100.2265361, 7.1927014 ], [ 100.2265078, 7.1927332 ], [ 100.2264867, 7.1927603 ], [ 100.2264268, 7.1928613 ], [ 100.2262686, 7.1931283 ], [ 100.2262512, 7.1931494 ], [ 100.2262108, 7.1931829 ], [ 100.226199, 7.1931927 ], [ 100.2261514, 7.1932212 ], [ 100.2261364, 7.1932299 ], [ 100.2261218, 7.1932384 ], [ 100.2260767, 7.1932584 ], [ 100.2260505, 7.1932664 ], [ 100.2259946, 7.1932785 ], [ 100.225956, 7.1932804 ], [ 100.2259055, 7.193276 ], [ 100.2258614, 7.1932642 ], [ 100.2258164, 7.1932423 ], [ 100.2258063, 7.1932346 ], [ 100.2257842, 7.1932176 ], [ 100.2257621, 7.1931838 ], [ 100.2257418, 7.1931453 ], [ 100.2257353, 7.1931178 ], [ 100.2257325, 7.1930977 ], [ 100.2257324, 7.1930665 ], [ 100.2257491, 7.1927933 ], [ 100.2257462, 7.1927475 ], [ 100.2257416, 7.19272 ], [ 100.225723, 7.192654 ], [ 100.2257147, 7.1926365 ], [ 100.2256921, 7.1925989 ], [ 100.2256723, 7.1925781 ], [ 100.2256425, 7.1925509 ], [ 100.225621, 7.1925343 ], [ 100.2255859, 7.1925197 ], [ 100.2255483, 7.1925115 ], [ 100.2255161, 7.1925116 ], [ 100.2254822, 7.192519 ], [ 100.2254593, 7.1925273 ], [ 100.2254495, 7.192534 ], [ 100.2254336, 7.1925448 ], [ 100.2254135, 7.1925669 ], [ 100.2254051, 7.1925812 ], [ 100.225398, 7.1925935 ], [ 100.2253333, 7.1927871 ], [ 100.2252913, 7.1928734 ], [ 100.2252274, 7.1929918 ], [ 100.2252073, 7.1930147 ], [ 100.2251874, 7.1930278 ], [ 100.2251779, 7.1930341 ], [ 100.2251495, 7.1930461 ], [ 100.2251119, 7.1930553 ], [ 100.2250734, 7.1930609 ], [ 100.2250431, 7.193061 ], [ 100.2250137, 7.1930593 ], [ 100.2249993, 7.1930538 ], [ 100.2249644, 7.1930395 ], [ 100.2249062, 7.1930069 ], [ 100.2248758, 7.19299 ], [ 100.2246441, 7.1928384 ], [ 100.2245779, 7.1927955 ], [ 100.2245329, 7.1927755 ], [ 100.2244842, 7.1927646 ], [ 100.2244374, 7.1927601 ], [ 100.224364, 7.1927622 ], [ 100.2242961, 7.192777 ], [ 100.2242493, 7.1927891 ], [ 100.2241962, 7.1928149 ], [ 100.2241605, 7.1928471 ], [ 100.2241495, 7.1928617 ], [ 100.2241395, 7.1928856 ], [ 100.2241331, 7.1929067 ], [ 100.2241304, 7.1929287 ], [ 100.2241314, 7.1929571 ], [ 100.2241342, 7.1929855 ], [ 100.2241389, 7.1930029 ], [ 100.2241527, 7.1930313 ], [ 100.2241794, 7.1930688 ], [ 100.2242116, 7.1931063 ], [ 100.2242982, 7.1931932 ], [ 100.2243978, 7.1932967 ], [ 100.2244813, 7.1933833 ], [ 100.2245283, 7.1934538 ], [ 100.2245412, 7.1934785 ], [ 100.2245514, 7.1935023 ], [ 100.2245625, 7.1935417 ], [ 100.2245672, 7.1935637 ], [ 100.22457, 7.1935857 ], [ 100.2245728, 7.1936086 ], [ 100.2245719, 7.1936306 ], [ 100.2245665, 7.1936581 ], [ 100.2245592, 7.1936765 ], [ 100.2245482, 7.1936948 ], [ 100.2245089, 7.1937353 ], [ 100.2244649, 7.1937684 ], [ 100.2244237, 7.1937942 ], [ 100.2243897, 7.1938071 ], [ 100.2243651, 7.1938148 ], [ 100.2243512, 7.1938191 ], [ 100.2242843, 7.1938321 ], [ 100.2242283, 7.1938396 ], [ 100.2241659, 7.1938462 ], [ 100.2240915, 7.1938436 ], [ 100.2240438, 7.1938392 ], [ 100.2240025, 7.193832 ], [ 100.2239584, 7.1938229 ], [ 100.2239051, 7.1938047 ], [ 100.2238463, 7.1937765 ], [ 100.2238023, 7.1937464 ], [ 100.2237755, 7.1937281 ], [ 100.2237387, 7.1936915 ], [ 100.2237258, 7.1936787 ], [ 100.2236558, 7.1935964 ], [ 100.2236426, 7.1935762 ], [ 100.2235784, 7.1934783 ], [ 100.2235349, 7.1934086 ], [ 100.2234899, 7.1933365 ], [ 100.2234702, 7.1933114 ], [ 100.2234245, 7.1932533 ], [ 100.2234043, 7.1932432 ], [ 100.2233869, 7.1932378 ], [ 100.2233703, 7.1932351 ], [ 100.2233263, 7.1932324 ], [ 100.2232694, 7.1932317 ], [ 100.2232042, 7.1932318 ], [ 100.2231427, 7.193232 ], [ 100.2229381, 7.1932454 ], [ 100.2228545, 7.1932438 ], [ 100.2228197, 7.1932369 ], [ 100.222804, 7.1932338 ], [ 100.2227663, 7.1932174 ], [ 100.2227369, 7.1931955 ], [ 100.2227075, 7.1931644 ], [ 100.2226844, 7.1931278 ], [ 100.2226653, 7.1930849 ], [ 100.2226518, 7.1930495 ], [ 100.2226456, 7.193019 ], [ 100.2226443, 7.1929835 ], [ 100.2226466, 7.1929432 ], [ 100.2226514, 7.1929114 ], [ 100.2226635, 7.1928649 ], [ 100.2226842, 7.1928074 ], [ 100.222719, 7.1927435 ], [ 100.2227992, 7.1926196 ], [ 100.2228156, 7.1925845 ], [ 100.2228203, 7.1925604 ], [ 100.2228164, 7.1925378 ], [ 100.2228085, 7.1925178 ], [ 100.2227968, 7.1924931 ], [ 100.2227774, 7.1924718 ], [ 100.2227524, 7.1924567 ], [ 100.2227306, 7.1924513 ], [ 100.2226837, 7.1924466 ], [ 100.2226458, 7.192448 ], [ 100.2226067, 7.192453 ], [ 100.2225564, 7.1924647 ], [ 100.2222838, 7.1925284 ], [ 100.2222519, 7.1925294 ], [ 100.2222417, 7.1925297 ], [ 100.2222152, 7.1925286 ], [ 100.2221883, 7.1925213 ], [ 100.2221711, 7.1925104 ], [ 100.2221442, 7.1924872 ], [ 100.222046, 7.1923824 ], [ 100.2219883, 7.1923202 ], [ 100.2219061, 7.1922495 ], [ 100.2218755, 7.19223 ], [ 100.2218631, 7.1922253 ], [ 100.2217468, 7.1921803 ], [ 100.2216954, 7.1921706 ], [ 100.2216768, 7.1921697 ], [ 100.221584, 7.1921648 ], [ 100.2215617, 7.192167 ], [ 100.2215449, 7.1921686 ], [ 100.2215082, 7.1921748 ], [ 100.2214711, 7.1921854 ], [ 100.2211254, 7.1922846 ], [ 100.2210679, 7.1922958 ], [ 100.2209774, 7.1923082 ], [ 100.2209272, 7.1923096 ], [ 100.220904, 7.192306 ], [ 100.2208856, 7.1922999 ], [ 100.2208684, 7.1922902 ], [ 100.2207811, 7.1922125 ], [ 100.2206627, 7.1920738 ], [ 100.2206, 7.1919455 ], [ 100.2205719, 7.1918598 ], [ 100.2205608, 7.1917504 ], [ 100.2205607, 7.1916775 ], [ 100.2205691, 7.1916131 ], [ 100.2205989, 7.1915251 ], [ 100.2206351, 7.1914048 ], [ 100.2206403, 7.1913716 ], [ 100.2206499, 7.1913104 ], [ 100.2206476, 7.1912525 ], [ 100.2206302, 7.1911731 ], [ 100.2206058, 7.1910891 ], [ 100.2205686, 7.1910297 ], [ 100.2205282, 7.190996 ], [ 100.2204919, 7.1909727 ], [ 100.2204263, 7.1909438 ], [ 100.2204121, 7.1909384 ], [ 100.2200412, 7.1908283 ], [ 100.2195914, 7.1906944 ], [ 100.2189174, 7.1904934 ], [ 100.2186126, 7.1903768 ], [ 100.2179433, 7.1901195 ], [ 100.2178805, 7.1901036 ], [ 100.2178192, 7.1901021 ], [ 100.2177725, 7.1901039 ], [ 100.2177145, 7.1901105 ], [ 100.2176807, 7.190117 ], [ 100.2176187, 7.190135 ], [ 100.2175568, 7.1901624 ], [ 100.2175202, 7.1901772 ], [ 100.2174329, 7.1902126 ], [ 100.2173714, 7.1902274 ], [ 100.2173024, 7.1902354 ], [ 100.2172348, 7.190234 ], [ 100.2171719, 7.1902229 ], [ 100.2170994, 7.1902022 ], [ 100.2169993, 7.1901558 ], [ 100.2165616, 7.1899444 ], [ 100.2163863, 7.1898598 ], [ 100.2161735, 7.1897799 ], [ 100.2161058, 7.1897688 ], [ 100.216051, 7.189766 ], [ 100.2160172, 7.1897642 ], [ 100.2159173, 7.1897645 ], [ 100.2158141, 7.1897567 ], [ 100.2157593, 7.1897424 ], [ 100.2157045, 7.1897168 ], [ 100.2156641, 7.1896863 ], [ 100.2156221, 7.1896414 ], [ 100.2155542, 7.1895434 ], [ 100.2154588, 7.1894246 ], [ 100.2154232, 7.1893684 ], [ 100.2153925, 7.1893186 ], [ 100.2153778, 7.1892558 ], [ 100.215368, 7.189206 ], [ 100.2153663, 7.1891465 ], [ 100.2153773, 7.1890772 ], [ 100.2154589, 7.1888469 ], [ 100.21547, 7.1887906 ], [ 100.2154699, 7.1887455 ], [ 100.215465, 7.1887089 ], [ 100.2154617, 7.1886844 ], [ 100.2154314, 7.1886394 ], [ 100.2154067, 7.1886186 ], [ 100.2153926, 7.1886066 ], [ 100.2153559, 7.188584 ], [ 100.2153164, 7.1885706 ], [ 100.2152406, 7.1885515 ], [ 100.2151842, 7.1885484 ], [ 100.2151262, 7.1885437 ], [ 100.2150698, 7.1885406 ], [ 100.2150134, 7.1885344 ], [ 100.2149521, 7.1885168 ], [ 100.2148957, 7.188488 ], [ 100.2148473, 7.1884527 ], [ 100.2148117, 7.1884094 ], [ 100.2147777, 7.1883516 ], [ 100.2147566, 7.1882856 ], [ 100.2147468, 7.1882406 ], [ 100.2147442, 7.1881916 ], [ 100.2147474, 7.1881664 ], [ 100.2147605, 7.188129 ], [ 100.2148116, 7.1880463 ], [ 100.2148871, 7.1879522 ], [ 100.2149478, 7.1878764 ], [ 100.2150082, 7.1877894 ], [ 100.2150148, 7.1877769 ], [ 100.2150563, 7.1876976 ], [ 100.2150658, 7.1876444 ], [ 100.2150544, 7.1875898 ], [ 100.215022, 7.1875271 ], [ 100.2149832, 7.1874822 ], [ 100.2149203, 7.187434 ], [ 100.2147944, 7.1873652 ], [ 100.2146513, 7.1872925 ], [ 100.2140362, 7.186981 ], [ 100.2139072, 7.1869235 ], [ 100.2138136, 7.1868722 ], [ 100.2137135, 7.1868129 ], [ 100.2136086, 7.1867279 ], [ 100.21346, 7.1865948 ], [ 100.2133487, 7.1865404 ], [ 100.2132874, 7.1865067 ], [ 100.2132293, 7.1864618 ], [ 100.2130725, 7.186274 ], [ 100.2129549, 7.1860428 ], [ 100.2129424, 7.1860211 ], [ 100.2128893, 7.1859544 ], [ 100.2128746, 7.1859392 ], [ 100.2128518, 7.1859156 ], [ 100.2128346, 7.1859032 ], [ 100.212819, 7.185897 ], [ 100.212765, 7.1858842 ], [ 100.2121907, 7.1857716 ], [ 100.2117871, 7.185732 ], [ 100.2117242, 7.1857225 ], [ 100.2116549, 7.1856985 ], [ 100.2116136, 7.1856785 ], [ 100.2115309, 7.185615 ], [ 100.2114008, 7.1855149 ], [ 100.2113754, 7.1854983 ], [ 100.2113592, 7.1854915 ], [ 100.2113066, 7.1854773 ], [ 100.211287, 7.1854742 ], [ 100.2112273, 7.1854712 ], [ 100.2111754, 7.1854773 ], [ 100.2111581, 7.1854794 ], [ 100.2111092, 7.1854891 ], [ 100.2110652, 7.185501 ], [ 100.2110003, 7.1855249 ], [ 100.2109546, 7.1855459 ], [ 100.2109339, 7.1855595 ], [ 100.210907, 7.185583 ], [ 100.2108846, 7.1856169 ], [ 100.2108635, 7.1856556 ], [ 100.2108545, 7.1856818 ], [ 100.2108367, 7.1857763 ], [ 100.2108059, 7.1863122 ], [ 100.2108012, 7.1863894 ], [ 100.2107949, 7.186431 ], [ 100.2107609, 7.1865338 ], [ 100.2107067, 7.1866319 ], [ 100.2106508, 7.1867113 ], [ 100.2106099, 7.1867467 ], [ 100.2105622, 7.1867722 ], [ 100.2105187, 7.1867847 ], [ 100.2104751, 7.186788 ], [ 100.2104113, 7.1867835 ], [ 100.2103583, 7.1867754 ], [ 100.2102602, 7.1867606 ], [ 100.2100374, 7.1867052 ], [ 100.2098831, 7.1866605 ], [ 100.2097397, 7.1865974 ], [ 100.2096899, 7.1865777 ], [ 100.2096119, 7.1865555 ], [ 100.2095668, 7.1865478 ], [ 100.2095403, 7.1865463 ], [ 100.2095061, 7.1865495 ], [ 100.2094712, 7.186556 ], [ 100.2094569, 7.1865606 ], [ 100.2094302, 7.1865723 ], [ 100.2092455, 7.1866759 ], [ 100.2090776, 7.1867798 ], [ 100.2089491, 7.1868593 ], [ 100.2089044, 7.1868784 ], [ 100.2088431, 7.1868941 ], [ 100.2088067, 7.1868982 ], [ 100.2087596, 7.186902 ], [ 100.2087052, 7.1868985 ], [ 100.2086472, 7.1868902 ], [ 100.2085952, 7.1868783 ], [ 100.208548, 7.1868639 ], [ 100.2085045, 7.1868496 ], [ 100.2084428, 7.1868196 ], [ 100.2083738, 7.1867799 ], [ 100.2082903, 7.1867391 ], [ 100.2081839, 7.1867008 ], [ 100.2081259, 7.1866913 ], [ 100.2080691, 7.1866902 ], [ 100.2080195, 7.1866903 ], [ 100.2079651, 7.1866832 ], [ 100.207924, 7.1866689 ], [ 100.2078559, 7.1866378 ], [ 100.207783, 7.186592 ], [ 100.2077696, 7.1865824 ], [ 100.2077074, 7.1865271 ], [ 100.2076577, 7.1864717 ], [ 100.2076104, 7.1864078 ], [ 100.2075878, 7.1863608 ], [ 100.2075671, 7.1863064 ], [ 100.2074873, 7.1860075 ], [ 100.2074751, 7.185981 ], [ 100.2074351, 7.1859352 ], [ 100.2073928, 7.185904 ], [ 100.2073298, 7.1858667 ], [ 100.2071111, 7.1857612 ], [ 100.2070953, 7.1857536 ], [ 100.2068994, 7.1856193 ], [ 100.2068591, 7.1855793 ], [ 100.2068161, 7.1855227 ], [ 100.2067596, 7.1854302 ], [ 100.2067316, 7.1853434 ], [ 100.2067169, 7.1852782 ], [ 100.2067119, 7.1852372 ], [ 100.2067119, 7.1852046 ], [ 100.2067202, 7.1851648 ], [ 100.2067384, 7.1851323 ], [ 100.2067538, 7.1851153 ], [ 100.2067804, 7.185091 ], [ 100.206848, 7.1850366 ], [ 100.206865, 7.1850264 ], [ 100.2069107, 7.184999 ], [ 100.2069773, 7.1849631 ], [ 100.2070176, 7.1849445 ], [ 100.2070326, 7.1849383 ], [ 100.2070966, 7.1849188 ], [ 100.207185, 7.1848965 ], [ 100.2072394, 7.1848808 ], [ 100.207283, 7.184862 ], [ 100.2073203, 7.1848464 ], [ 100.2073389, 7.1848354 ], [ 100.2074259, 7.1847544 ], [ 100.2074942, 7.1846718 ], [ 100.2075097, 7.1846406 ], [ 100.2075236, 7.1845799 ], [ 100.2075281, 7.1845442 ], [ 100.2075249, 7.1845069 ], [ 100.2075217, 7.184482 ], [ 100.2075107, 7.1844494 ], [ 100.207492, 7.1844152 ], [ 100.2074623, 7.1843764 ], [ 100.2074436, 7.1843594 ], [ 100.2072487, 7.1842495 ], [ 100.2071423, 7.1841885 ], [ 100.2070974, 7.1841628 ], [ 100.2070752, 7.1841476 ], [ 100.2067012, 7.1838917 ], [ 100.2066747, 7.1838747 ], [ 100.206282, 7.1837187 ], [ 100.2058629, 7.1836109 ], [ 100.2054413, 7.1835106 ], [ 100.2053585, 7.1834909 ], [ 100.2053444, 7.1834877 ], [ 100.2053052, 7.1834812 ], [ 100.2052709, 7.1834756 ], [ 100.2052179, 7.1834758 ], [ 100.2051806, 7.1834759 ], [ 100.2051448, 7.1834806 ], [ 100.2051028, 7.1834916 ], [ 100.2050748, 7.1835057 ], [ 100.204952, 7.1835838 ], [ 100.2049148, 7.1836038 ], [ 100.2048012, 7.183665 ], [ 100.204762, 7.1836819 ], [ 100.2047162, 7.1836951 ], [ 100.2046751, 7.1837038 ], [ 100.2045745, 7.1837186 ], [ 100.2044303, 7.1837399 ], [ 100.204405, 7.1837408 ], [ 100.2043543, 7.1837406 ], [ 100.204179, 7.1837397 ], [ 100.2041475, 7.1837389 ], [ 100.2041212, 7.1837355 ], [ 100.2040914, 7.1837285 ], [ 100.2039135, 7.1836759 ], [ 100.2037575, 7.1836297 ], [ 100.2032833, 7.183505 ], [ 100.2027776, 7.1833603 ], [ 100.2027365, 7.1833525 ], [ 100.2023002, 7.1833029 ], [ 100.2022678, 7.1833012 ], [ 100.2022221, 7.1833034 ], [ 100.202146, 7.1833185 ], [ 100.2020827, 7.183338 ], [ 100.202041, 7.1833531 ], [ 100.2019668, 7.1833869 ], [ 100.2019335, 7.1834068 ], [ 100.2019088, 7.1834246 ], [ 100.2018269, 7.183494 ], [ 100.201771, 7.1835656 ], [ 100.2017497, 7.1836003 ], [ 100.2017014, 7.1837103 ], [ 100.2016954, 7.1837364 ], [ 100.2016165, 7.1840823 ], [ 100.2015924, 7.1841581 ], [ 100.2015336, 7.1842935 ], [ 100.201501, 7.1843434 ], [ 100.2014638, 7.1843886 ], [ 100.2014327, 7.1844166 ], [ 100.2013985, 7.1844369 ], [ 100.2013565, 7.184451 ], [ 100.2013207, 7.1844558 ], [ 100.2012864, 7.1844559 ], [ 100.2012491, 7.1844498 ], [ 100.2012148, 7.1844374 ], [ 100.2011711, 7.1844111 ], [ 100.2011259, 7.1843677 ], [ 100.2011077, 7.1843419 ], [ 100.2009882, 7.1841727 ], [ 100.2007804, 7.1838361 ], [ 100.2006641, 7.1837338 ], [ 100.200491, 7.1836039 ], [ 100.200225, 7.1834143 ], [ 100.2001817, 7.1833834 ], [ 100.2000815, 7.1832978 ], [ 100.200027, 7.1832644 ], [ 100.1999717, 7.1832389 ], [ 100.1999377, 7.1832233 ], [ 100.1999252, 7.1832176 ], [ 100.1997969, 7.1831758 ], [ 100.1997575, 7.1831681 ], [ 100.1994856, 7.1831335 ], [ 100.1994409, 7.183124 ], [ 100.1993925, 7.1831096 ], [ 100.1993378, 7.1830856 ], [ 100.1992452, 7.1830282 ], [ 100.1989992, 7.1828584 ], [ 100.1987957, 7.1826852 ], [ 100.1987328, 7.1826359 ], [ 100.1986747, 7.1825902 ], [ 100.1986286, 7.182548 ], [ 100.1985995, 7.1825083 ], [ 100.1985752, 7.182448 ], [ 100.1985666, 7.1823986 ], [ 100.1985677, 7.1823575 ], [ 100.1985773, 7.1823153 ], [ 100.1985965, 7.1822706 ], [ 100.1986302, 7.182227 ], [ 100.1986991, 7.1821695 ], [ 100.1987332, 7.182141 ], [ 100.1987448, 7.1821314 ], [ 100.198795, 7.1820993 ], [ 100.1989579, 7.1820064 ], [ 100.1990606, 7.1819581 ], [ 100.1991648, 7.1819091 ], [ 100.1991821, 7.1818989 ], [ 100.199244, 7.1818533 ], [ 100.1992594, 7.1818374 ], [ 100.1992756, 7.1818102 ], [ 100.1992984, 7.1817619 ], [ 100.1993115, 7.1817027 ], [ 100.1993126, 7.1816472 ], [ 100.1992992, 7.181599 ], [ 100.1992791, 7.181561 ], [ 100.1992552, 7.1815332 ], [ 100.199235, 7.1815171 ], [ 100.1992137, 7.1815054 ], [ 100.1990752, 7.1814427 ], [ 100.1988914, 7.1813925 ], [ 100.1986581, 7.1813472 ], [ 100.198574, 7.1813162 ], [ 100.1984368, 7.1812657 ], [ 100.1983557, 7.181231 ], [ 100.198236, 7.1811818 ], [ 100.1978667, 7.1810137 ], [ 100.1977194, 7.1809466 ], [ 100.1973675, 7.1808244 ], [ 100.1973465, 7.1808195 ], [ 100.1970787, 7.1807569 ], [ 100.1970457, 7.1807532 ], [ 100.1968743, 7.1807461 ], [ 100.196832, 7.180751 ], [ 100.1967789, 7.1807644 ], [ 100.1967415, 7.1807778 ], [ 100.1967041, 7.180796 ], [ 100.1966365, 7.1808324 ], [ 100.1961716, 7.1810888 ], [ 100.1959681, 7.181201 ], [ 100.19592, 7.1812207 ], [ 100.195481, 7.1814007 ], [ 100.1954082, 7.1814365 ], [ 100.1953964, 7.1814428 ], [ 100.1953486, 7.1814768 ], [ 100.1953119, 7.181511 ], [ 100.1953006, 7.1815231 ], [ 100.1952914, 7.1815347 ], [ 100.1952804, 7.1815502 ], [ 100.1952752, 7.181561 ], [ 100.1952639, 7.1815881 ], [ 100.1952561, 7.1816196 ], [ 100.1952518, 7.1816424 ], [ 100.1952519, 7.1816651 ], [ 100.1952519, 7.1816878 ], [ 100.1952555, 7.1817149 ], [ 100.1952617, 7.1817464 ], [ 100.1953174, 7.1819579 ], [ 100.1953219, 7.1819815 ], [ 100.1953254, 7.182006 ], [ 100.1953389, 7.1821398 ], [ 100.1953418, 7.182222 ], [ 100.1953581, 7.182445 ], [ 100.1953548, 7.182508 ], [ 100.1953522, 7.1825281 ], [ 100.1953487, 7.1825386 ], [ 100.1953353, 7.1825619 ], [ 100.1953208, 7.1825833 ], [ 100.1953051, 7.1825965 ], [ 100.195285, 7.1826079 ], [ 100.1952666, 7.1826158 ], [ 100.1952463, 7.1826197 ], [ 100.1952105, 7.1826198 ], [ 100.1951795, 7.1826165 ], [ 100.1951632, 7.182614 ], [ 100.1951088, 7.1826011 ], [ 100.1950752, 7.1825914 ], [ 100.1949596, 7.1825505 ], [ 100.1948305, 7.1824946 ], [ 100.1946372, 7.1823919 ], [ 100.1945032, 7.1823319 ], [ 100.1944547, 7.182313 ], [ 100.194151, 7.1822158 ], [ 100.1940335, 7.1821698 ], [ 100.1939824, 7.1821466 ], [ 100.1939245, 7.1821091 ], [ 100.1938622, 7.1820638 ], [ 100.1938201, 7.1820333 ], [ 100.1937741, 7.1819942 ], [ 100.1937024, 7.1819129 ], [ 100.1935714, 7.1817464 ], [ 100.1934916, 7.1816449 ], [ 100.1933943, 7.1815367 ], [ 100.1933458, 7.1814826 ], [ 100.1932151, 7.1813548 ], [ 100.1931602, 7.1813011 ], [ 100.1931201, 7.1812619 ], [ 100.192876, 7.1810325 ], [ 100.1928298, 7.1810019 ], [ 100.1926629, 7.1808914 ], [ 100.1924818, 7.1807756 ], [ 100.1924365, 7.1807468 ], [ 100.1923866, 7.1807224 ], [ 100.1921622, 7.1806504 ], [ 100.1921455, 7.1806469 ], [ 100.1921236, 7.1806461 ], [ 100.1918889, 7.1806546 ], [ 100.1916664, 7.1806559 ], [ 100.1908326, 7.1806279 ], [ 100.190748, 7.180622 ], [ 100.1905672, 7.1805697 ], [ 100.1903875, 7.1804958 ], [ 100.1903611, 7.1804827 ], [ 100.1903383, 7.1804688 ], [ 100.1900978, 7.1802648 ], [ 100.1900864, 7.1802552 ], [ 100.1900782, 7.1802475 ], [ 100.1899802, 7.1801566 ], [ 100.1898915, 7.1800578 ], [ 100.1896104, 7.1797447 ], [ 100.1893774, 7.1794922 ], [ 100.1891538, 7.17925 ], [ 100.1888771, 7.1789577 ], [ 100.1882719, 7.1782621 ], [ 100.1879645, 7.1778956 ], [ 100.1878247, 7.1777 ], [ 100.1876713, 7.1774512 ], [ 100.1875944, 7.1771761 ], [ 100.1875376, 7.1770247 ], [ 100.1875332, 7.177013 ], [ 100.1875104, 7.1769529 ], [ 100.1874802, 7.1769092 ], [ 100.1874351, 7.1768567 ], [ 100.1873997, 7.1768154 ], [ 100.1873528, 7.1767796 ], [ 100.1873337, 7.1767658 ], [ 100.187281, 7.1767415 ], [ 100.1872547, 7.1767323 ], [ 100.1872416, 7.1767292 ], [ 100.1872214, 7.1767245 ], [ 100.1871994, 7.176722 ], [ 100.1871893, 7.1767209 ], [ 100.1871562, 7.1767171 ], [ 100.1871048, 7.176716 ], [ 100.1870296, 7.176725 ], [ 100.186992, 7.1767338 ], [ 100.1869482, 7.1767502 ], [ 100.186878, 7.1767842 ], [ 100.1865751, 7.1769691 ], [ 100.186414, 7.177087 ], [ 100.1860495, 7.1773805 ], [ 100.1860391, 7.1773889 ], [ 100.1860181, 7.1774134 ], [ 100.1858506, 7.17765 ], [ 100.1858261, 7.1776789 ], [ 100.1857711, 7.1777377 ], [ 100.1857631, 7.1777452 ], [ 100.1857238, 7.1777783 ], [ 100.1856813, 7.1778085 ], [ 100.1856608, 7.1778219 ], [ 100.1856399, 7.1778332 ], [ 100.1856074, 7.177847 ], [ 100.1855759, 7.1778581 ], [ 100.1855375, 7.17787 ], [ 100.1854904, 7.1778827 ], [ 100.1854493, 7.1778889 ], [ 100.1853695, 7.1778883 ], [ 100.1852997, 7.1778845 ], [ 100.1851996, 7.1778791 ], [ 100.1850612, 7.1778707 ], [ 100.1849817, 7.17785 ], [ 100.1847031, 7.1777688 ], [ 100.184631, 7.177728 ], [ 100.1846108, 7.1777118 ], [ 100.1845923, 7.1776925 ], [ 100.1845678, 7.1776599 ], [ 100.184548, 7.1776306 ], [ 100.1845218, 7.1775916 ], [ 100.1845008, 7.1775396 ], [ 100.1844972, 7.1775284 ], [ 100.1844688, 7.1774233 ], [ 100.1843929, 7.1771421 ], [ 100.1843893, 7.1771263 ], [ 100.184348, 7.1767372 ], [ 100.1843122, 7.1764137 ], [ 100.1843077, 7.1763805 ], [ 100.1843054, 7.1763663 ], [ 100.1842997, 7.1763306 ], [ 100.1842953, 7.1763044 ], [ 100.1842767, 7.1762354 ], [ 100.1842714, 7.176224 ], [ 100.1841756, 7.1760834 ], [ 100.1840629, 7.1759555 ], [ 100.1839711, 7.1758869 ], [ 100.1839302, 7.1758564 ], [ 100.183899, 7.1758365 ], [ 100.1838814, 7.1758254 ], [ 100.183868, 7.1758178 ], [ 100.183831, 7.175804 ], [ 100.1837934, 7.1757978 ], [ 100.1837508, 7.1757967 ], [ 100.1836943, 7.1757994 ], [ 100.1836555, 7.1758045 ], [ 100.1835941, 7.1758222 ], [ 100.1835416, 7.1758407 ], [ 100.1834925, 7.175864 ], [ 100.1834701, 7.1758763 ], [ 100.1834225, 7.175909 ], [ 100.1833475, 7.1759743 ], [ 100.1833286, 7.1759933 ], [ 100.1832924, 7.1760296 ], [ 100.1832512, 7.176076 ], [ 100.1832162, 7.1761287 ], [ 100.1831825, 7.1762027 ], [ 100.1831777, 7.1762188 ], [ 100.1831689, 7.1762478 ], [ 100.1831602, 7.1762916 ], [ 100.1831565, 7.1763342 ], [ 100.1831566, 7.1763706 ], [ 100.183163, 7.1764256 ], [ 100.1831766, 7.1765373 ], [ 100.1832305, 7.1767016 ], [ 100.1832579, 7.1767951 ], [ 100.1832615, 7.176838 ], [ 100.1832598, 7.1768721 ], [ 100.1832555, 7.1769036 ], [ 100.183246, 7.1769325 ], [ 100.1832294, 7.1769585 ], [ 100.183212, 7.1769747 ], [ 100.183197, 7.1769838 ], [ 100.1831757, 7.176992 ], [ 100.1831472, 7.1769992 ], [ 100.1831209, 7.1770002 ], [ 100.1830946, 7.176995 ], [ 100.1830596, 7.1769811 ], [ 100.1830502, 7.176974 ], [ 100.1830232, 7.1769489 ], [ 100.1828988, 7.1767996 ], [ 100.1828374, 7.1767376 ], [ 100.1825188, 7.1764804 ], [ 100.1820836, 7.1761492 ], [ 100.1820625, 7.176137 ], [ 100.1820073, 7.1761096 ], [ 100.1819597, 7.1760888 ], [ 100.1817925, 7.1760336 ], [ 100.181739, 7.1760215 ], [ 100.1816994, 7.176018 ], [ 100.1816427, 7.176013 ], [ 100.1815936, 7.1760105 ], [ 100.1815034, 7.1760151 ], [ 100.1814579, 7.1760204 ], [ 100.1814362, 7.1760251 ], [ 100.1814172, 7.1760314 ], [ 100.1814013, 7.1760363 ], [ 100.181379, 7.176049 ], [ 100.1813412, 7.1760747 ], [ 100.1812207, 7.1761656 ], [ 100.1811956, 7.1761845 ], [ 100.1811685, 7.1762022 ], [ 100.1811432, 7.1762163 ], [ 100.1811048, 7.1762326 ], [ 100.1810644, 7.1762436 ], [ 100.1810119, 7.1762534 ], [ 100.1809742, 7.1762587 ], [ 100.1809287, 7.1762606 ], [ 100.1806038, 7.1762527 ], [ 100.1803818, 7.1762433 ], [ 100.1803498, 7.176242 ], [ 100.1799731, 7.1762097 ], [ 100.1799508, 7.1762063 ], [ 100.1798829, 7.1761959 ], [ 100.1798311, 7.1761831 ], [ 100.1797927, 7.1761709 ], [ 100.1797821, 7.1761665 ], [ 100.1793551, 7.1759646 ], [ 100.1792052, 7.1758925 ], [ 100.1791661, 7.1758755 ], [ 100.1791194, 7.1758678 ], [ 100.1788426, 7.1758685 ], [ 100.17879, 7.1758631 ], [ 100.1787512, 7.1758605 ], [ 100.1787097, 7.1758467 ], [ 100.1786737, 7.1758242 ], [ 100.1785884, 7.1757477 ], [ 100.1783049, 7.1754747 ], [ 100.1782945, 7.1754622 ], [ 100.1782667, 7.1754199 ], [ 100.1782518, 7.1753973 ], [ 100.1781962, 7.1752979 ], [ 100.1781503, 7.1752048 ], [ 100.178133, 7.1751676 ], [ 100.1781089, 7.1750914 ], [ 100.1780734, 7.1749085 ], [ 100.1780592, 7.1747509 ], [ 100.1780508, 7.1747067 ], [ 100.178034, 7.1746625 ], [ 100.1780254, 7.1746478 ], [ 100.1779791, 7.1745817 ], [ 100.1779437, 7.1745404 ], [ 100.1777996, 7.1743721 ], [ 100.1776974, 7.1742611 ], [ 100.1776686, 7.1742299 ], [ 100.1776285, 7.1742076 ], [ 100.1775691, 7.1741965 ], [ 100.177521, 7.174195 ], [ 100.1774793, 7.1741951 ], [ 100.1774312, 7.1742065 ], [ 100.1773959, 7.1742194 ], [ 100.1771927, 7.17437 ], [ 100.177038, 7.1744889 ], [ 100.1769703, 7.174541 ], [ 100.176954, 7.1745519 ], [ 100.1769334, 7.1745617 ], [ 100.1768965, 7.1745727 ], [ 100.1768682, 7.1745793 ], [ 100.1768389, 7.1745826 ], [ 100.1768095, 7.1745805 ], [ 100.1767802, 7.1745762 ], [ 100.1767446, 7.1745667 ], [ 100.1767236, 7.1745579 ], [ 100.1766305, 7.1745031 ], [ 100.1765951, 7.1744822 ], [ 100.1765592, 7.1744639 ], [ 100.176544, 7.1744585 ], [ 100.1765309, 7.1744574 ], [ 100.1765157, 7.1744542 ], [ 100.1764918, 7.1744554 ], [ 100.1764646, 7.1744641 ], [ 100.1764496, 7.1744743 ], [ 100.1763654, 7.1745314 ], [ 100.1763169, 7.1745733 ], [ 100.1762899, 7.1746107 ], [ 100.1762802, 7.1746264 ], [ 100.1762673, 7.174659 ], [ 100.1762652, 7.1746861 ], [ 100.1762685, 7.1747078 ], [ 100.1762708, 7.1747205 ], [ 100.1762806, 7.1747413 ], [ 100.1763002, 7.1747657 ], [ 100.1763547, 7.1748335 ], [ 100.1764626, 7.1749668 ], [ 100.1764758, 7.1750004 ], [ 100.1765044, 7.1751534 ], [ 100.1765045, 7.1751741 ], [ 100.1765024, 7.175198 ], [ 100.1764916, 7.175223 ], [ 100.176469, 7.1752574 ], [ 100.1764259, 7.1752992 ], [ 100.1762606, 7.1754288 ], [ 100.1762399, 7.1754386 ], [ 100.1762204, 7.1754441 ], [ 100.1762062, 7.1754474 ], [ 100.1761889, 7.1754474 ], [ 100.1761617, 7.1754442 ], [ 100.1761057, 7.175424 ], [ 100.1759861, 7.1753808 ], [ 100.1758124, 7.1753181 ], [ 100.1757743, 7.1753095 ], [ 100.1757417, 7.1753063 ], [ 100.1757145, 7.1753053 ], [ 100.1756678, 7.1753087 ], [ 100.1755352, 7.1753307 ], [ 100.1753984, 7.1753686 ], [ 100.1753423, 7.1753793 ], [ 100.175319, 7.1753801 ], [ 100.1752886, 7.175378 ], [ 100.1752549, 7.1753738 ], [ 100.1752103, 7.1753598 ], [ 100.1751792, 7.1753458 ], [ 100.1751445, 7.1753285 ], [ 100.1751036, 7.1752993 ], [ 100.1750655, 7.1752644 ], [ 100.1750212, 7.1752151 ], [ 100.1750022, 7.1751855 ], [ 100.1749661, 7.1751216 ], [ 100.174953, 7.175102 ], [ 100.1749389, 7.1750901 ], [ 100.174904, 7.1750681 ], [ 100.1748669, 7.1750448 ], [ 100.174854, 7.1750367 ], [ 100.1747911, 7.1750069 ], [ 100.1747038, 7.1749735 ], [ 100.1746801, 7.1749576 ], [ 100.1746646, 7.1749432 ], [ 100.1746477, 7.1749239 ], [ 100.1746398, 7.1749127 ], [ 100.1746342, 7.174902 ], [ 100.1746275, 7.174889 ], [ 100.1746251, 7.1748748 ], [ 100.174619, 7.1748381 ], [ 100.1746164, 7.1747759 ], [ 100.1746275, 7.1747086 ], [ 100.1746482, 7.1746525 ], [ 100.1746705, 7.1746028 ], [ 100.1746788, 7.1745861 ], [ 100.1746981, 7.1745585 ], [ 100.1747464, 7.1745029 ], [ 100.1747599, 7.1744912 ], [ 100.1748167, 7.1744424 ], [ 100.1749441, 7.174333 ], [ 100.1750185, 7.1742598 ], [ 100.1750263, 7.1742485 ], [ 100.1750464, 7.1742094 ], [ 100.1750607, 7.1741517 ], [ 100.1750637, 7.174086 ], [ 100.1750555, 7.1740268 ], [ 100.1750265, 7.1739499 ], [ 100.1749894, 7.1738796 ], [ 100.1748768, 7.1737293 ], [ 100.1747954, 7.1736557 ], [ 100.1747378, 7.1735876 ], [ 100.1747148, 7.1735396 ], [ 100.1746944, 7.173486 ], [ 100.174642, 7.1732832 ], [ 100.17463, 7.1732498 ], [ 100.1745811, 7.1731137 ], [ 100.1745527, 7.1730685 ], [ 100.174536, 7.1730419 ], [ 100.1745178, 7.1730236 ], [ 100.1744743, 7.1729901 ], [ 100.1744573, 7.1729823 ], [ 100.174403, 7.1729573 ], [ 100.1743334, 7.1729345 ], [ 100.1743035, 7.1729319 ], [ 100.1742687, 7.1729342 ], [ 100.1742572, 7.172936 ], [ 100.1742349, 7.1729427 ], [ 100.1741981, 7.1729571 ], [ 100.1741623, 7.172979 ], [ 100.1741243, 7.1730149 ], [ 100.1740836, 7.1730634 ], [ 100.1740467, 7.1731189 ], [ 100.1740257, 7.1731617 ], [ 100.1740023, 7.1732131 ], [ 100.173976, 7.1732704 ], [ 100.1739565, 7.1732976 ], [ 100.173937, 7.1733139 ], [ 100.1739099, 7.1733303 ], [ 100.1738751, 7.1733434 ], [ 100.1738458, 7.1733522 ], [ 100.1738099, 7.1733555 ], [ 100.1737762, 7.1733556 ], [ 100.1737469, 7.1733535 ], [ 100.1737343, 7.1733508 ], [ 100.1736974, 7.1733407 ], [ 100.1736143, 7.1733023 ], [ 100.1735605, 7.1732775 ], [ 100.1734792, 7.1732178 ], [ 100.1732775, 7.1730453 ], [ 100.1732241, 7.172997 ], [ 100.1728711, 7.1726782 ], [ 100.1726408, 7.1725168 ], [ 100.1725902, 7.1724814 ], [ 100.1725421, 7.1724538 ], [ 100.1724639, 7.1724089 ], [ 100.1724399, 7.1723938 ], [ 100.1724303, 7.172387 ], [ 100.1724215, 7.1723808 ], [ 100.1723988, 7.1723578 ], [ 100.1723898, 7.1723472 ], [ 100.172368, 7.1723202 ], [ 100.1723527, 7.1722996 ], [ 100.1723418, 7.1722746 ], [ 100.1723341, 7.1722508 ], [ 100.1723297, 7.172216 ], [ 100.1723296, 7.1721715 ], [ 100.1723305, 7.1721259 ], [ 100.172338, 7.1720564 ], [ 100.1723904, 7.171749 ], [ 100.1723936, 7.1717186 ], [ 100.1723925, 7.1716871 ], [ 100.172388, 7.1716556 ], [ 100.17238, 7.1716259 ], [ 100.1723743, 7.1716032 ], [ 100.1723683, 7.1715786 ], [ 100.1723486, 7.1715255 ], [ 100.1723332, 7.1714897 ], [ 100.1722918, 7.171417 ], [ 100.1722536, 7.1713715 ], [ 100.1720203, 7.1711029 ], [ 100.1719974, 7.171078 ], [ 100.1719897, 7.171066 ], [ 100.1719756, 7.1710403 ], [ 100.1719701, 7.1710303 ], [ 100.1719624, 7.1710086 ], [ 100.1719591, 7.1709879 ], [ 100.171959, 7.1709651 ], [ 100.171959, 7.1709402 ], [ 100.17196, 7.1709163 ], [ 100.1719632, 7.170875 ], [ 100.1719631, 7.1708522 ], [ 100.171963, 7.1708316 ], [ 100.1719597, 7.1708088 ], [ 100.1719522, 7.1707783 ], [ 100.1719268, 7.1706753 ], [ 100.171884, 7.1705256 ], [ 100.1718095, 7.1702945 ], [ 100.1716423, 7.1698123 ], [ 100.1715324, 7.1694951 ], [ 100.1714997, 7.1693899 ], [ 100.1714176, 7.1691264 ], [ 100.1714039, 7.1690685 ], [ 100.1713941, 7.1690184 ], [ 100.1713925, 7.1689805 ], [ 100.171392, 7.1689701 ], [ 100.17139, 7.1689103 ], [ 100.1714219, 7.1685377 ], [ 100.1714412, 7.1677984 ], [ 100.1714392, 7.1677501 ], [ 100.1714312, 7.1676459 ], [ 100.1713743, 7.1673083 ], [ 100.1711437, 7.1663245 ], [ 100.1711145, 7.1662416 ], [ 100.1711061, 7.1662231 ], [ 100.1710873, 7.1661818 ], [ 100.1710602, 7.1661433 ], [ 100.1705433, 7.1657836 ], [ 100.1704446, 7.1657197 ], [ 100.1703821, 7.1656723 ], [ 100.1703164, 7.1656049 ], [ 100.1702876, 7.1655681 ], [ 100.1702546, 7.1655142 ], [ 100.1702255, 7.1654467 ], [ 100.1702079, 7.1653676 ], [ 100.1702038, 7.1652962 ], [ 100.1702114, 7.1652305 ], [ 100.1702284, 7.1651225 ], [ 100.1702836, 7.164771 ], [ 100.1702836, 7.1647362 ], [ 100.1702815, 7.1646976 ], [ 100.1702737, 7.164661 ], [ 100.1702601, 7.1646263 ], [ 100.1702368, 7.1645974 ], [ 100.1702174, 7.1645781 ], [ 100.1701903, 7.1645569 ], [ 100.1701716, 7.1645477 ], [ 100.1701359, 7.1645411 ], [ 100.1692143, 7.1646083 ], [ 100.1689479, 7.1646277 ], [ 100.1689252, 7.1646301 ], [ 100.1688745, 7.1646356 ], [ 100.1688436, 7.1646395 ], [ 100.1688107, 7.1646531 ], [ 100.1687912, 7.1646682 ], [ 100.1687597, 7.1646946 ], [ 100.1687413, 7.164715 ], [ 100.1686007, 7.1648833 ], [ 100.168574, 7.1649108 ], [ 100.1685294, 7.1649569 ], [ 100.1684869, 7.1649936 ], [ 100.1684387, 7.1650304 ], [ 100.1684056, 7.1650435 ], [ 100.1683713, 7.1650494 ], [ 100.1683098, 7.165053 ], [ 100.1682481, 7.1650419 ], [ 100.1682378, 7.1650387 ], [ 100.1682068, 7.1650263 ], [ 100.1681747, 7.165003 ], [ 100.1681632, 7.1649868 ], [ 100.1681467, 7.1649443 ], [ 100.1681429, 7.1649195 ], [ 100.1681408, 7.1649057 ], [ 100.1681407, 7.1648575 ], [ 100.1681453, 7.1648275 ], [ 100.168149, 7.1648034 ], [ 100.168154, 7.1647706 ], [ 100.1681899, 7.16464 ], [ 100.1682019, 7.1645967 ], [ 100.1682018, 7.1645794 ], [ 100.1681979, 7.1645504 ], [ 100.1681901, 7.1645176 ], [ 100.1681668, 7.164481 ], [ 100.1680614, 7.1643744 ], [ 100.1680232, 7.1643505 ], [ 100.1679722, 7.1643308 ], [ 100.1679335, 7.164322 ], [ 100.1679069, 7.1643184 ], [ 100.1678111, 7.1643056 ], [ 100.167774, 7.1643006 ], [ 100.167716, 7.1642949 ], [ 100.1677011, 7.1642917 ], [ 100.1676638, 7.1642835 ], [ 100.1676328, 7.1642681 ], [ 100.1676057, 7.1642412 ], [ 100.1675892, 7.1642154 ], [ 100.1675786, 7.1641988 ], [ 100.1675669, 7.1641583 ], [ 100.1675627, 7.1640463 ], [ 100.1675665, 7.164 ], [ 100.167576, 7.1639594 ], [ 100.1675876, 7.1639382 ], [ 100.1676042, 7.1639143 ], [ 100.1676335, 7.1638854 ], [ 100.1676568, 7.1638681 ], [ 100.1676901, 7.1638488 ], [ 100.1677689, 7.1638084 ], [ 100.1680257, 7.1637112 ], [ 100.1681157, 7.1636708 ], [ 100.1681503, 7.1636517 ], [ 100.1681685, 7.1636395 ], [ 100.1681993, 7.1636085 ], [ 100.168232, 7.1635544 ], [ 100.1683002, 7.1633945 ], [ 100.1683069, 7.1633631 ], [ 100.1683069, 7.1633322 ], [ 100.168299, 7.1632878 ], [ 100.1682912, 7.1632493 ], [ 100.1682751, 7.1632245 ], [ 100.1682079, 7.1631211 ], [ 100.1681061, 7.1629645 ], [ 100.1680678, 7.1629021 ], [ 100.168033, 7.1628551 ], [ 100.1680143, 7.1628349 ], [ 100.1679837, 7.1628139 ], [ 100.1679555, 7.1628078 ], [ 100.1679251, 7.1628061 ], [ 100.1678713, 7.1628143 ], [ 100.1678424, 7.1628259 ], [ 100.167823, 7.1628375 ], [ 100.167808, 7.1628485 ], [ 100.1677575, 7.162894 ], [ 100.167724, 7.1629295 ], [ 100.1675359, 7.1631203 ], [ 100.1674567, 7.1632117 ], [ 100.167332, 7.1633452 ], [ 100.1672895, 7.1633823 ], [ 100.1672523, 7.1634051 ], [ 100.1671716, 7.1634277 ], [ 100.1671441, 7.1634296 ], [ 100.16709, 7.1634268 ], [ 100.1670207, 7.163405 ], [ 100.1669987, 7.1633927 ], [ 100.16697, 7.1633679 ], [ 100.1669293, 7.1633139 ], [ 100.166863, 7.1631845 ], [ 100.1668299, 7.1631198 ], [ 100.1668092, 7.1630867 ], [ 100.1667949, 7.1630639 ], [ 100.1667736, 7.1630389 ], [ 100.1667504, 7.1630235 ], [ 100.1667214, 7.163012 ], [ 100.1666769, 7.1630044 ], [ 100.1663425, 7.1629878 ], [ 100.1662401, 7.1629784 ], [ 100.1661879, 7.1629689 ], [ 100.1661521, 7.1629597 ], [ 100.1661193, 7.1629431 ], [ 100.1660834, 7.1629152 ], [ 100.1660754, 7.1629055 ], [ 100.1660598, 7.1628851 ], [ 100.1660453, 7.1628622 ], [ 100.1660366, 7.1628416 ], [ 100.1660289, 7.1628178 ], [ 100.1660234, 7.162783 ], [ 100.1660222, 7.1627646 ], [ 100.1660222, 7.1627407 ], [ 100.1660265, 7.1627168 ], [ 100.1660373, 7.1626994 ], [ 100.166059, 7.1626744 ], [ 100.1661197, 7.1626275 ], [ 100.1661881, 7.1625684 ], [ 100.1662054, 7.1625535 ], [ 100.1662184, 7.1625382 ], [ 100.1662227, 7.1625263 ], [ 100.1662249, 7.1625133 ], [ 100.1662638, 7.1622919 ], [ 100.1662688, 7.1622634 ], [ 100.1662753, 7.1622395 ], [ 100.1662839, 7.1622178 ], [ 100.1662991, 7.1621863 ], [ 100.1663126, 7.1621664 ], [ 100.1663229, 7.1621515 ], [ 100.1663413, 7.1621319 ], [ 100.1663641, 7.1621144 ], [ 100.1663741, 7.1621083 ], [ 100.1664017, 7.1620944 ], [ 100.1664271, 7.162085 ], [ 100.1665466, 7.1620521 ], [ 100.1665686, 7.1620427 ], [ 100.166581, 7.162036 ], [ 100.1665902, 7.1620301 ], [ 100.1666093, 7.1620063 ], [ 100.1666462, 7.1619074 ], [ 100.1666634, 7.1618336 ], [ 100.1666687, 7.1617956 ], [ 100.1666652, 7.1616664 ], [ 100.1666552, 7.1616034 ], [ 100.1666366, 7.1615329 ], [ 100.1666245, 7.1615079 ], [ 100.1666136, 7.1614949 ], [ 100.1665955, 7.1614774 ], [ 100.1665722, 7.1614628 ], [ 100.1665568, 7.1614544 ], [ 100.1664615, 7.1614184 ], [ 100.1662918, 7.161357 ], [ 100.16627, 7.1613429 ], [ 100.1662515, 7.1613288 ], [ 100.1662415, 7.1613184 ], [ 100.166222, 7.1612866 ], [ 100.1662132, 7.1612551 ], [ 100.1662088, 7.1612247 ], [ 100.1662087, 7.161191 ], [ 100.166213, 7.1611585 ], [ 100.1662173, 7.1611302 ], [ 100.1662313, 7.1610954 ], [ 100.166241, 7.1610768 ], [ 100.1662551, 7.1610498 ], [ 100.166279, 7.1610193 ], [ 100.1663017, 7.1609997 ], [ 100.1663332, 7.160979 ], [ 100.1663507, 7.160971 ], [ 100.1663733, 7.1609607 ], [ 100.1663907, 7.1609528 ], [ 100.1664209, 7.1609429 ], [ 100.1664437, 7.1609354 ], [ 100.1664835, 7.1609267 ], [ 100.1665059, 7.1609221 ], [ 100.1665237, 7.1609204 ], [ 100.1668254, 7.1608909 ], [ 100.1669026, 7.1608766 ], [ 100.1669721, 7.1608612 ], [ 100.1670231, 7.160847 ], [ 100.167059, 7.1608328 ], [ 100.1670959, 7.1608153 ], [ 100.1671143, 7.1608033 ], [ 100.1671534, 7.1607761 ], [ 100.1673822, 7.1605421 ], [ 100.1673995, 7.1605279 ], [ 100.1674223, 7.1605116 ], [ 100.1674516, 7.1604974 ], [ 100.1674766, 7.1604865 ], [ 100.1675114, 7.1604798 ], [ 100.1675375, 7.1604776 ], [ 100.1675712, 7.1604775 ], [ 100.1675972, 7.1604785 ], [ 100.1676244, 7.1604839 ], [ 100.1676516, 7.1604925 ], [ 100.1678127, 7.1605605 ], [ 100.1678486, 7.1605691 ], [ 100.1678812, 7.160569 ], [ 100.1679073, 7.1605657 ], [ 100.1679388, 7.160558 ], [ 100.1679692, 7.1605438 ], [ 100.1679996, 7.1605242 ], [ 100.1680213, 7.1605003 ], [ 100.168031, 7.1604829 ], [ 100.1680429, 7.1604524 ], [ 100.1680471, 7.1604133 ], [ 100.1680409, 7.1600996 ], [ 100.1680376, 7.1600801 ], [ 100.1680307, 7.1600549 ], [ 100.1680244, 7.160041 ], [ 100.1680189, 7.1600319 ], [ 100.1680026, 7.1600052 ], [ 100.1679533, 7.1599572 ], [ 100.1678871, 7.1599045 ], [ 100.1674179, 7.159643 ], [ 100.1667344, 7.1592897 ], [ 100.1665037, 7.1591947 ], [ 100.1663938, 7.1591559 ], [ 100.1663742, 7.1591506 ], [ 100.1659447, 7.1591093 ], [ 100.1657615, 7.1591008 ], [ 100.1655229, 7.1590897 ], [ 100.1652808, 7.1590843 ], [ 100.1652486, 7.1590818 ], [ 100.1652204, 7.1590752 ], [ 100.1651096, 7.1590356 ], [ 100.1650826, 7.1590259 ], [ 100.1650198, 7.158997 ], [ 100.1649846, 7.1589794 ], [ 100.1649544, 7.1589606 ], [ 100.1648648, 7.1588971 ], [ 100.1647961, 7.1588332 ], [ 100.1647831, 7.1588189 ], [ 100.1647673, 7.1587962 ], [ 100.1647581, 7.1587771 ], [ 100.164747, 7.1587475 ], [ 100.1647371, 7.1587139 ], [ 100.1647305, 7.1586781 ], [ 100.164725, 7.1586379 ], [ 100.1647249, 7.158601 ], [ 100.164728, 7.1585565 ], [ 100.164791, 7.158121 ], [ 100.164851, 7.1577658 ], [ 100.1648575, 7.1577386 ], [ 100.1648639, 7.1577125 ], [ 100.1650454, 7.1572697 ], [ 100.1650724, 7.1572039 ], [ 100.1651414, 7.1570494 ], [ 100.1652756, 7.1567485 ], [ 100.165334, 7.1566137 ], [ 100.1653406, 7.1566017 ], [ 100.1653696, 7.156555 ], [ 100.1653979, 7.1565104 ], [ 100.1655019, 7.1563854 ], [ 100.1655854, 7.1562852 ], [ 100.1656916, 7.156163 ], [ 100.1657198, 7.1561306 ], [ 100.165736, 7.1561078 ], [ 100.1657511, 7.1560784 ], [ 100.1657933, 7.1559958 ], [ 100.1658171, 7.1559317 ], [ 100.1658186, 7.1559143 ], [ 100.165817, 7.1558883 ], [ 100.1658099, 7.1558679 ], [ 100.165794, 7.1558482 ], [ 100.1657733, 7.1558298 ], [ 100.165751, 7.1558157 ], [ 100.1657255, 7.155806 ], [ 100.1656994, 7.1558017 ], [ 100.1656711, 7.1558018 ], [ 100.1656541, 7.1558025 ], [ 100.1656131, 7.1558088 ], [ 100.1655937, 7.1558143 ], [ 100.1654923, 7.1558521 ], [ 100.165276, 7.1559424 ], [ 100.1652609, 7.1559475 ], [ 100.1652236, 7.155956 ], [ 100.1651943, 7.1559583 ], [ 100.1651671, 7.1559572 ], [ 100.1651345, 7.1559519 ], [ 100.1651138, 7.1559433 ], [ 100.165092, 7.1559303 ], [ 100.1650779, 7.1559173 ], [ 100.1650626, 7.1558967 ], [ 100.1650418, 7.1558544 ], [ 100.1650036, 7.1557633 ], [ 100.1649975, 7.1557525 ], [ 100.1649872, 7.155734 ], [ 100.1649697, 7.1557113 ], [ 100.1649512, 7.1556929 ], [ 100.1649419, 7.1556864 ], [ 100.1649266, 7.1556779 ], [ 100.1649135, 7.1556735 ], [ 100.1649016, 7.1556718 ], [ 100.1648772, 7.1556703 ], [ 100.1648617, 7.1556703 ], [ 100.1648309, 7.1556712 ], [ 100.1648094, 7.155675 ], [ 100.164791, 7.1556803 ], [ 100.1647741, 7.1556876 ], [ 100.1647519, 7.1557028 ], [ 100.164726, 7.1557299 ], [ 100.1647133, 7.1557456 ], [ 100.16464, 7.1558572 ], [ 100.1645224, 7.1561195 ], [ 100.1645074, 7.1561484 ], [ 100.1644873, 7.1561748 ], [ 100.1644623, 7.1561974 ], [ 100.1644259, 7.1562251 ], [ 100.1643933, 7.1562402 ], [ 100.1643682, 7.1562453 ], [ 100.1643406, 7.1562466 ], [ 100.1643142, 7.1562429 ], [ 100.164279, 7.1562305 ], [ 100.1642689, 7.1562246 ], [ 100.1642425, 7.1562093 ], [ 100.1641862, 7.1561639 ], [ 100.1638774, 7.1558552 ], [ 100.1637288, 7.1557201 ], [ 100.1636821, 7.155684 ], [ 100.1636452, 7.1556603 ], [ 100.1635386, 7.1555982 ], [ 100.1632544, 7.1554543 ], [ 100.1631471, 7.1554144 ], [ 100.1630711, 7.1553967 ], [ 100.1630064, 7.1553902 ], [ 100.1628159, 7.1553822 ], [ 100.1623699, 7.1553989 ], [ 100.1621332, 7.1554078 ], [ 100.1620564, 7.1554027 ], [ 100.1620034, 7.1553896 ], [ 100.1619905, 7.1553826 ], [ 100.1619731, 7.1553732 ], [ 100.1619536, 7.1553597 ], [ 100.1619284, 7.1553377 ], [ 100.1619202, 7.1553277 ], [ 100.1619028, 7.1553011 ], [ 100.1618641, 7.1552263 ], [ 100.1618521, 7.1551996 ], [ 100.1618042, 7.1550808 ], [ 100.1617563, 7.1549911 ], [ 100.1617108, 7.1549362 ], [ 100.1616634, 7.1548988 ], [ 100.1615972, 7.1548619 ], [ 100.1615071, 7.1548304 ], [ 100.1614741, 7.1548221 ], [ 100.1614038, 7.1548043 ], [ 100.1613217, 7.1547807 ], [ 100.1612317, 7.1547439 ], [ 100.1611752, 7.1547081 ], [ 100.1611255, 7.1546731 ], [ 100.1610699, 7.1546201 ], [ 100.1610061, 7.1545198 ], [ 100.1609831, 7.1544767 ], [ 100.1609453, 7.154389 ], [ 100.1608996, 7.1542531 ], [ 100.160857, 7.1541659 ], [ 100.1608092, 7.1541 ], [ 100.1607323, 7.1540209 ], [ 100.1600027, 7.1533162 ], [ 100.1598886, 7.1531951 ], [ 100.1597812, 7.1530693 ], [ 100.1597577, 7.1530357 ], [ 100.1597429, 7.1530123 ], [ 100.1597281, 7.1529727 ], [ 100.1597178, 7.1529361 ], [ 100.1597163, 7.1529112 ], [ 100.1597191, 7.1528643 ], [ 100.1597234, 7.1528335 ], [ 100.1597358, 7.1527973 ], [ 100.1597613, 7.1527528 ], [ 100.1597718, 7.1527427 ], [ 100.1598023, 7.1527131 ], [ 100.1598404, 7.1526852 ], [ 100.1598961, 7.1526572 ], [ 100.1599797, 7.152638 ], [ 100.1602011, 7.1525978 ], [ 100.1602964, 7.1525727 ], [ 100.1603419, 7.152555 ], [ 100.1603741, 7.1525344 ], [ 100.1603902, 7.1525153 ], [ 100.1604034, 7.1524903 ], [ 100.1604121, 7.1524522 ], [ 100.160412, 7.1524332 ], [ 100.1604075, 7.1523863 ], [ 100.1604, 7.1523423 ], [ 100.1603852, 7.1522705 ], [ 100.1603763, 7.1522471 ], [ 100.1603557, 7.1522135 ], [ 100.1602879, 7.1520993 ], [ 100.1602824, 7.1520875 ], [ 100.1602746, 7.1520695 ], [ 100.1602645, 7.1520427 ], [ 100.1602589, 7.1520213 ], [ 100.1602561, 7.1520021 ], [ 100.1602392, 7.1518214 ], [ 100.1602304, 7.1517818 ], [ 100.1602189, 7.1517491 ], [ 100.1601976, 7.151702 ], [ 100.1601596, 7.1516406 ], [ 100.1601365, 7.1516097 ], [ 100.1600465, 7.1515025 ], [ 100.1600303, 7.1514887 ], [ 100.1600224, 7.151482 ], [ 100.1598901, 7.1513985 ], [ 100.1598605, 7.1513841 ], [ 100.159844, 7.151378 ], [ 100.1598295, 7.1513746 ], [ 100.1598137, 7.1513719 ], [ 100.1597993, 7.1513719 ], [ 100.1597796, 7.1513744 ], [ 100.1597683, 7.1513775 ], [ 100.1597505, 7.1513844 ], [ 100.1597216, 7.1513982 ], [ 100.1596883, 7.1514194 ], [ 100.1596616, 7.1514394 ], [ 100.1595672, 7.1515209 ], [ 100.1595426, 7.1515415 ], [ 100.159433, 7.1516308 ], [ 100.1589782, 7.1519394 ], [ 100.1588742, 7.1520027 ], [ 100.1588291, 7.1520244 ], [ 100.1588024, 7.1520336 ], [ 100.1587754, 7.1520405 ], [ 100.1587408, 7.1520464 ], [ 100.1586979, 7.1520481 ], [ 100.158655, 7.1520466 ], [ 100.1586228, 7.1520434 ], [ 100.1585765, 7.1520328 ], [ 100.1585484, 7.152023 ], [ 100.1585304, 7.1520133 ], [ 100.1584952, 7.15199 ], [ 100.1584781, 7.1519772 ], [ 100.1584005, 7.1519095 ], [ 100.1583003, 7.1518158 ], [ 100.1582879, 7.1518052 ], [ 100.1582722, 7.1517961 ], [ 100.1581995, 7.1517592 ], [ 100.1580053, 7.1516773 ], [ 100.1579487, 7.1516506 ], [ 100.1579095, 7.1516272 ], [ 100.1578942, 7.1516155 ], [ 100.1578833, 7.1516033 ], [ 100.1578755, 7.1515935 ], [ 100.1578631, 7.1515746 ], [ 100.1578531, 7.1515499 ], [ 100.1578473, 7.1515202 ], [ 100.1578464, 7.1514864 ], [ 100.1578463, 7.1514675 ], [ 100.1578487, 7.151446 ], [ 100.1578544, 7.1514171 ], [ 100.1578576, 7.1514071 ], [ 100.1578634, 7.1513927 ], [ 100.1578757, 7.1513735 ], [ 100.15789, 7.1513613 ], [ 100.1579043, 7.1513529 ], [ 100.1579176, 7.1513485 ], [ 100.1579433, 7.1513441 ], [ 100.1579607, 7.1513435 ], [ 100.1580333, 7.1513417 ], [ 100.1580721, 7.1513474 ], [ 100.1582357, 7.1513807 ], [ 100.1582645, 7.1513856 ], [ 100.1582827, 7.1513856 ], [ 100.1582984, 7.1513831 ], [ 100.1583153, 7.1513769 ], [ 100.1583286, 7.1513694 ], [ 100.1583379, 7.1513582 ], [ 100.1583454, 7.151341 ], [ 100.1584038, 7.1509483 ], [ 100.1584167, 7.1508436 ], [ 100.1584166, 7.150823 ], [ 100.1584158, 7.1508008 ], [ 100.1584108, 7.1507785 ], [ 100.1584016, 7.1507596 ], [ 100.1583859, 7.1507398 ], [ 100.1583619, 7.1507187 ], [ 100.1583411, 7.1507062 ], [ 100.1582909, 7.1506762 ], [ 100.1582157, 7.1506313 ], [ 100.1576859, 7.1503144 ], [ 100.1576433, 7.1502838 ], [ 100.157608, 7.1502545 ], [ 100.157583, 7.1502282 ], [ 100.1575492, 7.1501843 ], [ 100.1575365, 7.1501619 ], [ 100.1575285, 7.1501478 ], [ 100.1575079, 7.1501082 ], [ 100.1574931, 7.1500672 ], [ 100.1574673, 7.1499644 ], [ 100.1574531, 7.1499076 ], [ 100.1574472, 7.1498827 ], [ 100.1574398, 7.1498637 ], [ 100.1574083, 7.1498145 ], [ 100.1573933, 7.1497966 ], [ 100.1573809, 7.1497827 ], [ 100.1570044, 7.1494295 ], [ 100.1567398, 7.149209 ], [ 100.1566323, 7.1491154 ], [ 100.1565801, 7.1490665 ], [ 100.1565293, 7.1490071 ], [ 100.1564696, 7.1489314 ], [ 100.1564605, 7.1489191 ], [ 100.1563874, 7.1488201 ], [ 100.1563226, 7.1487486 ], [ 100.1563111, 7.1487396 ], [ 100.1562893, 7.1487268 ], [ 100.1562598, 7.1487133 ], [ 100.1562307, 7.1487029 ], [ 100.1561976, 7.148694 ], [ 100.156156, 7.1486871 ], [ 100.1561165, 7.1486832 ], [ 100.1560517, 7.1486801 ], [ 100.1560172, 7.1486801 ], [ 100.1559611, 7.1486838 ], [ 100.1558764, 7.1486955 ], [ 100.1558136, 7.1487067 ], [ 100.1557799, 7.148715 ], [ 100.1557506, 7.1487249 ], [ 100.1556876, 7.1487488 ], [ 100.1556393, 7.1487785 ], [ 100.1555926, 7.1488136 ], [ 100.1555501, 7.1488543 ], [ 100.1555048, 7.1489004 ], [ 100.1554706, 7.1489472 ], [ 100.1554164, 7.1490339 ], [ 100.1553631, 7.1491377 ], [ 100.1553433, 7.1491907 ], [ 100.1553351, 7.1492182 ], [ 100.1553303, 7.149245 ], [ 100.1553256, 7.1492793 ], [ 100.1553209, 7.1493158 ], [ 100.1553183, 7.1493707 ], [ 100.1553157, 7.1494607 ], [ 100.1553077, 7.1495377 ], [ 100.1552782, 7.1497851 ], [ 100.1552275, 7.1500509 ], [ 100.1551923, 7.1501649 ], [ 100.1551854, 7.1501873 ], [ 100.1551643, 7.1502313 ], [ 100.1551569, 7.1502468 ], [ 100.1551489, 7.1502636 ], [ 100.1551359, 7.1502849 ], [ 100.1550729, 7.1503884 ], [ 100.1549851, 7.1504985 ], [ 100.1549367, 7.1505472 ], [ 100.1549133, 7.1505667 ], [ 100.1548754, 7.1505921 ], [ 100.1548513, 7.1506066 ], [ 100.15484, 7.150612 ], [ 100.1548187, 7.1506206 ], [ 100.1547949, 7.1506282 ], [ 100.1547503, 7.1506366 ], [ 100.1547111, 7.1506413 ], [ 100.1546531, 7.150645 ], [ 100.1545822, 7.1506496 ], [ 100.1545385, 7.1506513 ], [ 100.1545221, 7.1506498 ], [ 100.1545101, 7.150648 ], [ 100.1544851, 7.1506406 ], [ 100.1544686, 7.1506326 ], [ 100.1544578, 7.1506258 ], [ 100.1544479, 7.1506181 ], [ 100.154434, 7.1506048 ], [ 100.1543967, 7.150567 ], [ 100.1543521, 7.1505219 ], [ 100.154313, 7.1504838 ], [ 100.1542324, 7.1504276 ], [ 100.1541727, 7.1503918 ], [ 100.1541336, 7.1503733 ], [ 100.1541123, 7.1503633 ], [ 100.1540492, 7.1503434 ], [ 100.1540077, 7.1503319 ], [ 100.1539578, 7.1503251 ], [ 100.1539191, 7.1503236 ], [ 100.1538847, 7.150326 ], [ 100.1538538, 7.1503315 ], [ 100.1538252, 7.150342 ], [ 100.153786, 7.1503628 ], [ 100.1537732, 7.150371 ], [ 100.1537638, 7.1503769 ], [ 100.1537441, 7.1503944 ], [ 100.1537317, 7.1504099 ], [ 100.1537217, 7.1504311 ], [ 100.1537198, 7.1504424 ], [ 100.1537243, 7.1505266 ], [ 100.1537243, 7.150537 ], [ 100.1537216, 7.1505517 ], [ 100.1537068, 7.1505783 ], [ 100.1537012, 7.1505869 ], [ 100.1536883, 7.1506029 ], [ 100.1536663, 7.1506236 ], [ 100.1536444, 7.1506374 ], [ 100.1536341, 7.1506409 ], [ 100.1536189, 7.150645 ], [ 100.1536079, 7.1506464 ], [ 100.1535956, 7.1506478 ], [ 100.1535777, 7.1506479 ], [ 100.1534855, 7.150646 ], [ 100.1533984, 7.1506457 ], [ 100.1533836, 7.1506474 ], [ 100.1533596, 7.1506516 ], [ 100.1532826, 7.1506755 ], [ 100.1531749, 7.1507089 ], [ 100.1531136, 7.1507354 ], [ 100.1530815, 7.150752 ], [ 100.1530649, 7.1507632 ], [ 100.1530068, 7.1508025 ], [ 100.1529777, 7.1508273 ], [ 100.1529478, 7.1508576 ], [ 100.1529348, 7.1508754 ], [ 100.1529053, 7.1509154 ], [ 100.15288, 7.1509553 ], [ 100.152848, 7.1510222 ], [ 100.1528354, 7.1510613 ], [ 100.1528255, 7.1510954 ], [ 100.1527966, 7.1512342 ], [ 100.1527803, 7.151343 ], [ 100.1527684, 7.1515129 ], [ 100.1527541, 7.1517273 ], [ 100.1527415, 7.1520051 ], [ 100.1527154, 7.1523233 ], [ 100.1526759, 7.1526213 ], [ 100.1526668, 7.1526732 ], [ 100.1526569, 7.1527039 ], [ 100.1526466, 7.1527225 ], [ 100.1526269, 7.152748 ], [ 100.1526146, 7.1527608 ], [ 100.1525749, 7.1527898 ], [ 100.1525292, 7.1528154 ], [ 100.1524816, 7.152835 ], [ 100.1524277, 7.1528519 ], [ 100.1523951, 7.1528599 ], [ 100.1523557, 7.1528662 ], [ 100.1523144, 7.1528726 ], [ 100.15225, 7.1528826 ], [ 100.1521002, 7.1529028 ], [ 100.1520324, 7.1529093 ], [ 100.1519846, 7.1529112 ], [ 100.1519259, 7.1529105 ], [ 100.1518708, 7.1529088 ], [ 100.1517768, 7.1528982 ], [ 100.1517199, 7.1528903 ], [ 100.151635, 7.1528697 ], [ 100.1515862, 7.152853 ], [ 100.1515289, 7.1528276 ], [ 100.1514966, 7.1528114 ], [ 100.151455, 7.1527845 ], [ 100.1514179, 7.1527557 ], [ 100.1513753, 7.1527062 ], [ 100.1513309, 7.1526386 ], [ 100.1513137, 7.1525999 ], [ 100.1512891, 7.1525323 ], [ 100.1512736, 7.1524629 ], [ 100.1512717, 7.1524331 ], [ 100.1512726, 7.152363 ], [ 100.1512732, 7.1523113 ], [ 100.1512732, 7.1522897 ], [ 100.1512705, 7.1522516 ], [ 100.1512646, 7.1522221 ], [ 100.1512615, 7.1522085 ], [ 100.1512415, 7.1521484 ], [ 100.1512339, 7.1521301 ], [ 100.1512176, 7.1521022 ], [ 100.1512038, 7.1520852 ], [ 100.1511848, 7.1520629 ], [ 100.1511698, 7.15205 ], [ 100.1511549, 7.15204 ], [ 100.1511386, 7.1520333 ], [ 100.1511176, 7.1520313 ], [ 100.1511041, 7.1520334 ], [ 100.1510936, 7.1520373 ], [ 100.1510621, 7.152049 ], [ 100.1509349, 7.1521014 ], [ 100.1508855, 7.1521198 ], [ 100.150855, 7.1521267 ], [ 100.1508451, 7.1521281 ], [ 100.1508307, 7.1521301 ], [ 100.1508137, 7.1521302 ], [ 100.1507893, 7.1521295 ], [ 100.1507731, 7.1521282 ], [ 100.1507466, 7.1521215 ], [ 100.1507216, 7.1521081 ], [ 100.1507093, 7.1520986 ], [ 100.1506876, 7.1520777 ], [ 100.1506665, 7.1520507 ], [ 100.1506441, 7.1520169 ], [ 100.1506388, 7.1520047 ], [ 100.1506197, 7.1519467 ], [ 100.1506141, 7.1519243 ], [ 100.1505949, 7.1518477 ], [ 100.150584, 7.1518069 ], [ 100.1505758, 7.1517911 ], [ 100.150554, 7.1517567 ], [ 100.1505401, 7.1517393 ], [ 100.1505038, 7.1517 ], [ 100.1504719, 7.151673 ], [ 100.1504431, 7.1516524 ], [ 100.150391, 7.1516214 ], [ 100.1503172, 7.151582 ], [ 100.1502705, 7.1515571 ], [ 100.1502485, 7.1515469 ], [ 100.1501553, 7.1515176 ], [ 100.150021, 7.1514874 ], [ 100.1498719, 7.1514512 ], [ 100.1498508, 7.1514452 ], [ 100.149813, 7.1514307 ], [ 100.149747, 7.1514004 ], [ 100.1496653, 7.1513462 ], [ 100.149619, 7.1513069 ], [ 100.1495341, 7.1512184 ], [ 100.1493987, 7.1510922 ], [ 100.1493659, 7.1510706 ], [ 100.1491995, 7.1509834 ], [ 100.1490452, 7.1508904 ], [ 100.1489662, 7.1508315 ], [ 100.148918, 7.1507956 ], [ 100.148866, 7.1507508 ], [ 100.1488058, 7.1506988 ], [ 100.1487957, 7.1506902 ], [ 100.1486257, 7.1505309 ], [ 100.1486124, 7.1505166 ], [ 100.1485617, 7.1504618 ], [ 100.1485463, 7.150442 ], [ 100.1485237, 7.1504128 ], [ 100.1484616, 7.1503082 ], [ 100.1484406, 7.1502589 ], [ 100.1484208, 7.1502025 ], [ 100.1483893, 7.1500943 ], [ 100.1483663, 7.1499913 ], [ 100.1483515, 7.1499251 ], [ 100.148348, 7.149913 ], [ 100.148338, 7.1498685 ], [ 100.1483246, 7.1498231 ], [ 100.1483083, 7.1497874 ], [ 100.1482703, 7.1497062 ], [ 100.1482261, 7.1496212 ], [ 100.1481354, 7.149342 ], [ 100.1480419, 7.1491225 ], [ 100.1480227, 7.1490907 ], [ 100.1479938, 7.149053 ], [ 100.1479615, 7.1490229 ], [ 100.1479306, 7.1490027 ], [ 100.1478941, 7.1489853 ], [ 100.1478576, 7.1489727 ], [ 100.1478377, 7.1489681 ], [ 100.1478269, 7.1489662 ], [ 100.1477917, 7.1489638 ], [ 100.1477406, 7.1489669 ], [ 100.1476123, 7.1489868 ], [ 100.1475785, 7.1489937 ], [ 100.1474936, 7.1490158 ], [ 100.1474616, 7.1490253 ], [ 100.1473396, 7.1490687 ], [ 100.1473207, 7.1490769 ], [ 100.1470199, 7.1492228 ], [ 100.1468315, 7.1493268 ], [ 100.1467726, 7.1493571 ], [ 100.1467484, 7.1493692 ], [ 100.1467279, 7.1493779 ], [ 100.1467012, 7.1493867 ], [ 100.1466753, 7.1493923 ], [ 100.1466367, 7.1493984 ], [ 100.1466162, 7.1494004 ], [ 100.1466035, 7.1494007 ], [ 100.1465628, 7.1494008 ], [ 100.1464264, 7.1493971 ], [ 100.1463304, 7.1493925 ], [ 100.1462953, 7.1493947 ], [ 100.1462425, 7.1494015 ], [ 100.1462005, 7.1494097 ], [ 100.1461433, 7.1494238 ], [ 100.1461058, 7.149438 ], [ 100.146064, 7.1494569 ], [ 100.1460242, 7.1494794 ], [ 100.1459723, 7.1495145 ], [ 100.1459172, 7.1495609 ], [ 100.1458864, 7.1495938 ], [ 100.1458522, 7.1496415 ], [ 100.1458298, 7.149685 ], [ 100.1457838, 7.1497825 ], [ 100.145772, 7.1498182 ], [ 100.1457428, 7.1499373 ], [ 100.1457317, 7.1499667 ], [ 100.1457216, 7.1499888 ], [ 100.1457155, 7.1499995 ], [ 100.145694, 7.1500313 ], [ 100.1456618, 7.150072 ], [ 100.1456331, 7.1501029 ], [ 100.1456234, 7.1501134 ], [ 100.1455885, 7.150142 ], [ 100.1455357, 7.1501853 ], [ 100.1455198, 7.1501983 ], [ 100.1454716, 7.1502314 ], [ 100.1454099, 7.1502668 ], [ 100.1453782, 7.1502805 ], [ 100.1453504, 7.1502902 ], [ 100.1452983, 7.1503023 ], [ 100.14526, 7.1503072 ], [ 100.1452418, 7.150309 ], [ 100.1452096, 7.1503091 ], [ 100.1451388, 7.1503058 ], [ 100.1450847, 7.1502975 ], [ 100.1450448, 7.1502892 ], [ 100.1449718, 7.1502648 ], [ 100.1449142, 7.1502405 ], [ 100.1448581, 7.150207 ], [ 100.1448229, 7.1501791 ], [ 100.1447752, 7.150133 ], [ 100.1447013, 7.1500463 ], [ 100.1446823, 7.1500196 ], [ 100.1446715, 7.1500046 ], [ 100.1446584, 7.1499862 ], [ 100.1446175, 7.1499088 ], [ 100.1445899, 7.149852 ], [ 100.1445331, 7.1497465 ], [ 100.1445146, 7.149716 ], [ 100.1444932, 7.1496828 ], [ 100.1444744, 7.1496609 ], [ 100.1444417, 7.1496282 ], [ 100.1444275, 7.1496155 ], [ 100.1444002, 7.149591 ], [ 100.144321, 7.1495312 ], [ 100.1442809, 7.1495077 ], [ 100.144244, 7.1494899 ], [ 100.1442085, 7.1494776 ], [ 100.1441843, 7.1494718 ], [ 100.1441497, 7.1494671 ], [ 100.1440954, 7.1494627 ], [ 100.1440826, 7.1494624 ], [ 100.1440236, 7.149461 ], [ 100.1440017, 7.1494602 ], [ 100.1439742, 7.1494591 ], [ 100.1439555, 7.1494584 ], [ 100.1438603, 7.1494518 ], [ 100.1438301, 7.1494519 ], [ 100.1438078, 7.1494519 ], [ 100.1437957, 7.1494535 ], [ 100.1437718, 7.1494572 ], [ 100.1437396, 7.1494661 ], [ 100.143716, 7.1494774 ], [ 100.1436961, 7.1494899 ], [ 100.1436635, 7.1495152 ], [ 100.1435493, 7.1496207 ], [ 100.1434276, 7.1497345 ], [ 100.1434111, 7.1497521 ], [ 100.1433065, 7.149863 ], [ 100.1432382, 7.149939 ], [ 100.1431935, 7.1499805 ], [ 100.1431853, 7.149988 ], [ 100.1431731, 7.1500006 ], [ 100.143129, 7.1500563 ], [ 100.1431216, 7.1500698 ], [ 100.1431175, 7.1500826 ], [ 100.1431153, 7.1500955 ], [ 100.1431139, 7.1501162 ], [ 100.143114, 7.1501424 ], [ 100.143115, 7.1501635 ], [ 100.1431187, 7.1501853 ], [ 100.1431248, 7.1502037 ], [ 100.1431294, 7.1502131 ], [ 100.1431381, 7.1502264 ], [ 100.1431584, 7.1502484 ], [ 100.143199, 7.1502874 ], [ 100.1432668, 7.1503578 ], [ 100.143274, 7.1503659 ], [ 100.1433333, 7.1504409 ], [ 100.1433753, 7.150501 ], [ 100.1434041, 7.1505489 ], [ 100.1434107, 7.1505611 ], [ 100.1434162, 7.1505737 ], [ 100.1434344, 7.1506162 ], [ 100.1434395, 7.1506346 ], [ 100.1434456, 7.1506663 ], [ 100.1434489, 7.1507003 ], [ 100.1434504, 7.1507301 ], [ 100.143449, 7.1507531 ], [ 100.1434472, 7.1507724 ], [ 100.1434382, 7.1508234 ], [ 100.1434354, 7.1508353 ], [ 100.1434313, 7.1508524 ], [ 100.1434195, 7.1508915 ], [ 100.1434081, 7.1509147 ], [ 100.1433998, 7.1509241 ], [ 100.143391, 7.1509303 ], [ 100.1433759, 7.1509366 ], [ 100.1433603, 7.1509389 ], [ 100.1433442, 7.1509404 ], [ 100.1433085, 7.1509384 ], [ 100.1432958, 7.1509363 ], [ 100.1432659, 7.1509304 ], [ 100.1432328, 7.1509213 ], [ 100.1432201, 7.1509167 ], [ 100.143201, 7.1509076 ], [ 100.1431508, 7.1508779 ], [ 100.1431093, 7.150853 ], [ 100.1430799, 7.1508422 ], [ 100.1430463, 7.150835 ], [ 100.1430189, 7.1508314 ], [ 100.1430025, 7.15083 ], [ 100.1429754, 7.1508301 ], [ 100.1429407, 7.1508342 ], [ 100.1429232, 7.1508381 ], [ 100.1429132, 7.1508407 ], [ 100.1428933, 7.1508475 ], [ 100.142866, 7.1508593 ], [ 100.1428436, 7.1508715 ], [ 100.1428214, 7.1508846 ], [ 100.1428054, 7.150898 ], [ 100.1427925, 7.1509109 ], [ 100.1427811, 7.1509298 ], [ 100.1427783, 7.1509418 ], [ 100.1427765, 7.1509537 ], [ 100.1427756, 7.150967 ], [ 100.1427766, 7.1509827 ], [ 100.1427781, 7.1510102 ], [ 100.1427795, 7.1510318 ], [ 100.1427796, 7.1510589 ], [ 100.1427791, 7.1510704 ], [ 100.1427732, 7.1511099 ], [ 100.1427623, 7.1511601 ], [ 100.1427523, 7.1511895 ], [ 100.1427395, 7.151218 ], [ 100.1427285, 7.1512364 ], [ 100.1427167, 7.1512524 ], [ 100.1427017, 7.1512693 ], [ 100.1426901, 7.1512792 ], [ 100.1426712, 7.151292 ], [ 100.1426321, 7.1513151 ], [ 100.1426067, 7.1513251 ], [ 100.1425837, 7.1513314 ], [ 100.1425659, 7.1513347 ], [ 100.1425444, 7.1513376 ], [ 100.1425043, 7.1513393 ], [ 100.1424692, 7.1513397 ], [ 100.1423714, 7.1513381 ], [ 100.1423057, 7.1513392 ], [ 100.1422003, 7.1513399 ], [ 100.1421488, 7.1513423 ], [ 100.1421125, 7.1513479 ], [ 100.1420656, 7.1513595 ], [ 100.1420459, 7.1513665 ], [ 100.1420159, 7.151379 ], [ 100.1419783, 7.1514016 ], [ 100.141936, 7.1514315 ], [ 100.1418497, 7.1515112 ], [ 100.1418213, 7.151543 ], [ 100.1418019, 7.1515651 ], [ 100.141781, 7.1516005 ], [ 100.141777, 7.15161 ], [ 100.1417732, 7.1516227 ], [ 100.1417705, 7.1516373 ], [ 100.1417688, 7.151655 ], [ 100.141778, 7.1517703 ], [ 100.1417744, 7.1518138 ], [ 100.1417714, 7.1518482 ], [ 100.1417565, 7.151901 ], [ 100.141737, 7.1519634 ], [ 100.1417255, 7.1519912 ], [ 100.1417147, 7.1520175 ], [ 100.1417015, 7.1520407 ], [ 100.1416908, 7.1520584 ], [ 100.1416774, 7.1520752 ], [ 100.1416553, 7.1520978 ], [ 100.1416456, 7.1521055 ], [ 100.1416228, 7.1521236 ], [ 100.1415966, 7.1521401 ], [ 100.141575, 7.1521488 ], [ 100.1415622, 7.1521529 ], [ 100.141546, 7.1521558 ], [ 100.1415327, 7.1521569 ], [ 100.141511, 7.1521574 ], [ 100.1414964, 7.1521563 ], [ 100.1414769, 7.1521528 ], [ 100.1414411, 7.1521424 ], [ 100.1414294, 7.1521375 ], [ 100.1414124, 7.1521293 ], [ 100.1413801, 7.1521102 ], [ 100.1413551, 7.1520925 ], [ 100.141326, 7.152068 ], [ 100.141288, 7.1520308 ], [ 100.1412727, 7.1520157 ], [ 100.1412357, 7.1519705 ], [ 100.1411876, 7.1519007 ], [ 100.1411584, 7.1518516 ], [ 100.1411209, 7.1517882 ], [ 100.1411134, 7.1517785 ], [ 100.1410716, 7.1517246 ], [ 100.141006, 7.1516513 ], [ 100.1409495, 7.1515991 ], [ 100.1408571, 7.1515352 ], [ 100.1407583, 7.1514856 ], [ 100.140654, 7.1514548 ], [ 100.1405716, 7.1514552 ], [ 100.1405205, 7.1514672 ], [ 100.1404576, 7.1515017 ], [ 100.1404374, 7.151526 ], [ 100.1404327, 7.1515517 ], [ 100.1404334, 7.151567 ], [ 100.1404456, 7.1516117 ], [ 100.1404783, 7.1516929 ], [ 100.1404795, 7.1517083 ], [ 100.1404807, 7.1517238 ], [ 100.1404744, 7.1517611 ], [ 100.1404678, 7.151773 ], [ 100.1404583, 7.1517903 ], [ 100.1404435, 7.1518034 ], [ 100.1404241, 7.151819 ], [ 100.1403903, 7.1518373 ], [ 100.1403448, 7.1518526 ], [ 100.1402247, 7.1518671 ], [ 100.1402064, 7.1518693 ], [ 100.1401541, 7.1518647 ], [ 100.1401113, 7.1518482 ], [ 100.1400231, 7.151795 ], [ 100.139966, 7.1517713 ], [ 100.1399184, 7.1517737 ], [ 100.1398828, 7.1517822 ], [ 100.1398569, 7.1517983 ], [ 100.1398425, 7.1518073 ], [ 100.1397937, 7.1518613 ], [ 100.1397802, 7.1518924 ], [ 100.1397736, 7.1519332 ], [ 100.1397798, 7.151963 ], [ 100.1397918, 7.152001 ], [ 100.1398331, 7.1521021 ], [ 100.1398421, 7.1521588 ], [ 100.1398437, 7.1521762 ], [ 100.139847, 7.152212 ], [ 100.1398459, 7.1522294 ], [ 100.1398414, 7.1522578 ], [ 100.1398261, 7.1523033 ], [ 100.1397846, 7.1523967 ], [ 100.139753, 7.1524563 ], [ 100.1396951, 7.152518 ], [ 100.1396792, 7.1525287 ], [ 100.1396228, 7.1525472 ], [ 100.1395721, 7.152556 ], [ 100.1395604, 7.1525581 ], [ 100.1394929, 7.1525562 ], [ 100.1393696, 7.1525486 ], [ 100.139127, 7.1524996 ], [ 100.1389819, 7.152484 ], [ 100.1387454, 7.1524846 ], [ 100.1384831, 7.152519 ], [ 100.1381849, 7.1525826 ], [ 100.1379819, 7.1526373 ], [ 100.1379397, 7.1526434 ], [ 100.137911, 7.1526475 ], [ 100.1378256, 7.1526517 ], [ 100.1377321, 7.1526539 ], [ 100.1376208, 7.1526303 ], [ 100.1375253, 7.1525948 ], [ 100.1371213, 7.1523656 ], [ 100.1368686, 7.1522411 ], [ 100.1368243, 7.152229 ], [ 100.1368065, 7.1522241 ], [ 100.1367813, 7.1522192 ], [ 100.1367053, 7.1522046 ], [ 100.1365726, 7.1521997 ], [ 100.1364176, 7.1522093 ], [ 100.1363692, 7.1522172 ], [ 100.1362469, 7.1522373 ], [ 100.1362228, 7.1522447 ], [ 100.1361493, 7.1522675 ], [ 100.1360533, 7.1523271 ], [ 100.1360281, 7.1523444 ], [ 100.135913, 7.1524539 ], [ 100.1358219, 7.1525812 ], [ 100.1357983, 7.1526527 ], [ 100.1357925, 7.1527182 ], [ 100.1357928, 7.1528512 ], [ 100.1357957, 7.1532423 ], [ 100.1357644, 7.153425 ], [ 100.1357308, 7.1534926 ], [ 100.1355881, 7.1536577 ], [ 100.135501, 7.1537929 ], [ 100.1353861, 7.153952 ], [ 100.1353578, 7.1539776 ], [ 100.1353514, 7.1539859 ], [ 100.1352356, 7.154105 ], [ 100.1351206, 7.1542782 ], [ 100.135089, 7.1543736 ], [ 100.1350753, 7.1544445 ], [ 100.1350815, 7.1545503 ], [ 100.1351055, 7.1548101 ], [ 100.1350947, 7.1548538 ], [ 100.1350764, 7.1548827 ], [ 100.1350528, 7.1549024 ], [ 100.1350265, 7.1549064 ], [ 100.1350096, 7.1549081 ], [ 100.1349836, 7.1549026 ], [ 100.1349713, 7.1548974 ], [ 100.13492, 7.15487 ], [ 100.1348365, 7.154803 ], [ 100.1348108, 7.1547823 ], [ 100.1347994, 7.1547764 ], [ 100.134765, 7.1547584 ], [ 100.1347082, 7.1547288 ], [ 100.1346915, 7.154724 ], [ 100.1346552, 7.1547137 ], [ 100.1345715, 7.1546898 ], [ 100.1343711, 7.1546727 ], [ 100.1342864, 7.15468 ], [ 100.1342391, 7.154684 ], [ 100.1342144, 7.1546985 ], [ 100.1342044, 7.1547064 ], [ 100.1341578, 7.1547639 ], [ 100.1341442, 7.1547913 ], [ 100.1341135, 7.1548629 ], [ 100.1340877, 7.1549395 ], [ 100.1340552, 7.1551207 ], [ 100.1340499, 7.155208 ], [ 100.1340565, 7.1552576 ], [ 100.1340579, 7.1552683 ], [ 100.1341002, 7.1553653 ], [ 100.1341647, 7.1554732 ], [ 100.1341754, 7.1554911 ], [ 100.1341965, 7.1555393 ], [ 100.1342018, 7.1555514 ], [ 100.1342151, 7.1556144 ], [ 100.1342185, 7.1556689 ], [ 100.1342206, 7.1557036 ], [ 100.1342088, 7.1557816 ], [ 100.134195, 7.1558732 ], [ 100.1341816, 7.1559136 ], [ 100.1340993, 7.1560913 ], [ 100.1339834, 7.1563134 ], [ 100.1339716, 7.1563378 ], [ 100.1339641, 7.1563531 ], [ 100.1339264, 7.1563998 ], [ 100.1338784, 7.1564356 ], [ 100.1338337, 7.1564622 ], [ 100.1337633, 7.1565006 ], [ 100.1337114, 7.1565558 ], [ 100.1336839, 7.156614 ], [ 100.1336596, 7.1566784 ], [ 100.1336506, 7.1567472 ], [ 100.1336618, 7.1568369 ], [ 100.1336975, 7.1569699 ], [ 100.1337666, 7.157117 ], [ 100.1338209, 7.1571904 ], [ 100.1338429, 7.1572192 ], [ 100.1339478, 7.157314 ], [ 100.1339723, 7.157328 ], [ 100.1340189, 7.1573541 ], [ 100.1341026, 7.1573815 ], [ 100.1341213, 7.1573872 ], [ 100.1342207, 7.1574173 ], [ 100.1342794, 7.1574464 ], [ 100.1343139, 7.1574756 ], [ 100.1343313, 7.1575018 ], [ 100.1343434, 7.1575239 ], [ 100.134347, 7.1575342 ], [ 100.1343555, 7.1575581 ], [ 100.1343556, 7.157596 ], [ 100.134347, 7.1576227 ], [ 100.1343295, 7.157651 ], [ 100.1343148, 7.1576639 ], [ 100.1343055, 7.1576686 ], [ 100.1342773, 7.1576827 ], [ 100.1342032, 7.1576979 ], [ 100.1341699, 7.1577081 ], [ 100.1341335, 7.1577192 ], [ 100.1341085, 7.1577318 ], [ 100.1340911, 7.1577472 ], [ 100.134079, 7.1577594 ], [ 100.1340681, 7.1577703 ], [ 100.1340542, 7.1578104 ], [ 100.1340355, 7.1579102 ], [ 100.134016, 7.1579593 ], [ 100.1339974, 7.1579802 ], [ 100.1339835, 7.1579876 ], [ 100.13396, 7.1579987 ], [ 100.1339488, 7.1580031 ], [ 100.1339022, 7.1580002 ], [ 100.1338924, 7.1579968 ], [ 100.1338174, 7.1579611 ], [ 100.1337508, 7.1579446 ], [ 100.1337158, 7.1579462 ], [ 100.1336984, 7.1579527 ], [ 100.13368, 7.1579624 ], [ 100.1336611, 7.1579783 ], [ 100.133623, 7.1580105 ], [ 100.1335976, 7.1580405 ], [ 100.133572, 7.1580707 ], [ 100.1335601, 7.1581167 ], [ 100.1335592, 7.1581457 ], [ 100.1335623, 7.1581757 ], [ 100.1335808, 7.1582409 ], [ 100.1335888, 7.1582612 ], [ 100.1335944, 7.1582754 ], [ 100.133601, 7.1582861 ], [ 100.1336182, 7.158314 ], [ 100.1336472, 7.1583449 ], [ 100.1336912, 7.1583753 ], [ 100.133742, 7.158393 ], [ 100.1337521, 7.1583964 ], [ 100.1338213, 7.1584022 ], [ 100.1339023, 7.1583944 ], [ 100.1339387, 7.1583966 ], [ 100.1339629, 7.158403 ], [ 100.134036, 7.1584568 ], [ 100.1340717, 7.1585056 ], [ 100.1341096, 7.1585821 ], [ 100.1341164, 7.1586211 ], [ 100.1341164, 7.1586346 ], [ 100.1341041, 7.1586807 ], [ 100.1340718, 7.1587483 ], [ 100.1340376, 7.1587919 ], [ 100.1340192, 7.15881 ], [ 100.1339994, 7.1588294 ], [ 100.1339896, 7.158839 ], [ 100.1339574, 7.158854 ], [ 100.1339339, 7.158865 ], [ 100.1339228, 7.1588669 ], [ 100.1338309, 7.1588833 ], [ 100.133726, 7.1588835 ], [ 100.1336343, 7.1588709 ], [ 100.1334896, 7.1588202 ], [ 100.1333069, 7.1587394 ], [ 100.1331987, 7.1587181 ], [ 100.1329948, 7.1587322 ], [ 100.1329663, 7.1587349 ], [ 100.1328956, 7.1587305 ], [ 100.1327747, 7.1587069 ], [ 100.1326903, 7.1587116 ], [ 100.1326425, 7.1587231 ], [ 100.1326172, 7.1587354 ], [ 100.1325726, 7.1587802 ], [ 100.1325274, 7.1588199 ], [ 100.1324434, 7.1588693 ], [ 100.1323647, 7.1588969 ], [ 100.1323179, 7.1589016 ], [ 100.1322746, 7.1588914 ], [ 100.1322661, 7.1588854 ], [ 100.1322506, 7.1588744 ], [ 100.1322184, 7.1588363 ], [ 100.1322117, 7.1588033 ], [ 100.1322125, 7.1587908 ], [ 100.1322309, 7.1587469 ], [ 100.1322416, 7.158733 ], [ 100.1322525, 7.158715 ], [ 100.1323056, 7.158647 ], [ 100.1323353, 7.1586088 ], [ 100.1323555, 7.1585753 ], [ 100.1323695, 7.1585313 ], [ 100.1323688, 7.1584879 ], [ 100.1323509, 7.1584084 ], [ 100.1323318, 7.1583727 ], [ 100.1323223, 7.1583549 ], [ 100.1322903, 7.1583322 ], [ 100.1322769, 7.1583283 ], [ 100.1322673, 7.1583255 ], [ 100.1322515, 7.1583209 ], [ 100.1322002, 7.1583188 ], [ 100.1321478, 7.1583235 ], [ 100.1321102, 7.1583327 ], [ 100.1320669, 7.1583521 ], [ 100.1320077, 7.158391 ], [ 100.1319625, 7.158436 ], [ 100.1318951, 7.1585319 ], [ 100.1318552, 7.1586144 ], [ 100.1317867, 7.1587839 ], [ 100.1317357, 7.1588528 ], [ 100.1317179, 7.158869 ], [ 100.1316969, 7.1588882 ], [ 100.1316034, 7.1589307 ], [ 100.1315294, 7.1589697 ], [ 100.13151, 7.1589892 ], [ 100.1314801, 7.1590316 ], [ 100.1314569, 7.1590941 ], [ 100.1314441, 7.1591417 ], [ 100.131426, 7.1592822 ], [ 100.1313944, 7.1593669 ], [ 100.1313267, 7.1594698 ], [ 100.1312676, 7.159533 ], [ 100.131124, 7.1596555 ], [ 100.1310615, 7.1596851 ], [ 100.1310243, 7.1596959 ], [ 100.1309802, 7.1596977 ], [ 100.1309607, 7.1596956 ], [ 100.1309391, 7.1596861 ], [ 100.1309165, 7.1596661 ], [ 100.1309005, 7.1596186 ], [ 100.1308986, 7.1595533 ], [ 100.1309124, 7.1594369 ], [ 100.1309157, 7.1593204 ], [ 100.1309084, 7.1592464 ], [ 100.1308853, 7.1591865 ], [ 100.1308286, 7.1590949 ], [ 100.1307366, 7.1590087 ], [ 100.1306489, 7.1589594 ], [ 100.1306321, 7.1589499 ], [ 100.1305926, 7.1589106 ], [ 100.130489, 7.1588243 ], [ 100.1304471, 7.1588052 ], [ 100.1303799, 7.1587922 ], [ 100.1303198, 7.1587908 ], [ 100.1302398, 7.1588071 ], [ 100.1301675, 7.1588302 ], [ 100.1301093, 7.1588656 ], [ 100.1300406, 7.1589275 ], [ 100.1299755, 7.1590247 ], [ 100.1299202, 7.1590931 ], [ 100.1298998, 7.1591183 ], [ 100.1298219, 7.1591516 ], [ 100.1297551, 7.1591628 ], [ 100.1296827, 7.1591665 ], [ 100.1295802, 7.1591579 ], [ 100.1294901, 7.1591405 ], [ 100.1293576, 7.1591003 ], [ 100.1292368, 7.1590999 ], [ 100.1291704, 7.1591078 ], [ 100.1290875, 7.1591327 ], [ 100.1290204, 7.1591611 ], [ 100.1289534, 7.1592 ], [ 100.1288642, 7.1592914 ], [ 100.1287003, 7.159515 ], [ 100.1286788, 7.1595394 ], [ 100.1285926, 7.159663 ], [ 100.1285715, 7.1597178 ], [ 100.1285628, 7.1597707 ], [ 100.1285647, 7.1599374 ], [ 100.1285264, 7.1600195 ], [ 100.1284806, 7.1600813 ], [ 100.1283784, 7.1601698 ], [ 100.128299, 7.1602246 ], [ 100.1282249, 7.1602548 ], [ 100.1280598, 7.1603265 ], [ 100.1280044, 7.1603506 ], [ 100.127826, 7.1604523 ], [ 100.1277817, 7.1604908 ], [ 100.1277399, 7.1605699 ], [ 100.1277184, 7.1606351 ], [ 100.1276909, 7.160815 ], [ 100.1276632, 7.1608547 ], [ 100.1276189, 7.1608775 ], [ 100.1275809, 7.1608928 ], [ 100.1275064, 7.160896 ], [ 100.1274086, 7.1608746 ], [ 100.1273216, 7.1608655 ], [ 100.1272642, 7.1608796 ], [ 100.1272007, 7.1609185 ], [ 100.1271187, 7.161021 ], [ 100.1270894, 7.1610939 ], [ 100.127045, 7.161339 ], [ 100.1270234, 7.1613871 ], [ 100.1269754, 7.1614368 ], [ 100.1268584, 7.1615343 ], [ 100.1267253, 7.1616107 ], [ 100.1266429, 7.1616455 ], [ 100.1265769, 7.1616576 ], [ 100.126515, 7.1616566 ], [ 100.1264882, 7.1616561 ], [ 100.1264139, 7.161638 ], [ 100.1264034, 7.161632 ], [ 100.1263606, 7.1616076 ], [ 100.1262627, 7.1615337 ], [ 100.1262023, 7.1615085 ], [ 100.1261799, 7.161502 ], [ 100.1261524, 7.161494 ], [ 100.1260226, 7.161473 ], [ 100.1258197, 7.1614541 ], [ 100.1258053, 7.1614544 ], [ 100.1256914, 7.1614567 ], [ 100.125623, 7.1614686 ], [ 100.1255939, 7.161486 ], [ 100.1255349, 7.1615385 ], [ 100.1255131, 7.1615579 ], [ 100.1253641, 7.161735 ], [ 100.1253511, 7.1617702 ], [ 100.1253467, 7.1617821 ], [ 100.125336, 7.1618594 ], [ 100.1253402, 7.1619258 ], [ 100.1253434, 7.1619775 ], [ 100.1253707, 7.1620652 ], [ 100.1254768, 7.1622605 ], [ 100.1255477, 7.1623715 ], [ 100.1255933, 7.1624465 ], [ 100.1255988, 7.1624554 ], [ 100.1256227, 7.1624947 ], [ 100.1256296, 7.1625421 ], [ 100.1256179, 7.1627727 ], [ 100.1255991, 7.1628609 ], [ 100.1255749, 7.16296 ], [ 100.1255469, 7.1630118 ], [ 100.1255222, 7.1630424 ], [ 100.1255073, 7.163055 ], [ 100.1254634, 7.1630744 ], [ 100.1253987, 7.1630879 ], [ 100.1253064, 7.1630962 ], [ 100.125218, 7.1630909 ], [ 100.1251109, 7.1630845 ], [ 100.1250169, 7.1630886 ], [ 100.1249005, 7.1631053 ], [ 100.1247946, 7.163107 ], [ 100.1246782, 7.1631114 ], [ 100.1245305, 7.163094 ], [ 100.1244212, 7.1630943 ], [ 100.1243085, 7.1631109 ], [ 100.1242733, 7.1631176 ], [ 100.1241851, 7.163141 ], [ 100.1238379, 7.16325 ], [ 100.123755, 7.1633007 ], [ 100.1237257, 7.1633294 ], [ 100.1236982, 7.1633592 ], [ 100.1236847, 7.1633917 ], [ 100.1236712, 7.1634243 ], [ 100.1236683, 7.1634448 ], [ 100.1236707, 7.1634719 ], [ 100.1236807, 7.1634941 ], [ 100.1236863, 7.163507 ], [ 100.1237054, 7.1635286 ], [ 100.1237197, 7.1635401 ], [ 100.1237339, 7.1635516 ], [ 100.1237666, 7.1635665 ], [ 100.1238005, 7.1635754 ], [ 100.1238579, 7.1635812 ], [ 100.1239241, 7.1635783 ], [ 100.1240069, 7.1635889 ], [ 100.124071, 7.1636137 ], [ 100.1241234, 7.1636468 ], [ 100.1241715, 7.1637174 ], [ 100.1241948, 7.1637865 ], [ 100.1242017, 7.1638298 ], [ 100.1241896, 7.1638692 ], [ 100.1241736, 7.1638942 ], [ 100.1241341, 7.1639561 ], [ 100.124118, 7.1640226 ], [ 100.1241187, 7.1640496 ], [ 100.1241195, 7.1640782 ], [ 100.1241391, 7.1641465 ], [ 100.1241643, 7.1641821 ], [ 100.1241881, 7.1642011 ], [ 100.12423, 7.1642146 ], [ 100.1242765, 7.1642145 ], [ 100.1243332, 7.1642024 ], [ 100.1243914, 7.1641814 ], [ 100.1244226, 7.164168 ], [ 100.1244854, 7.1641409 ], [ 100.124521, 7.1641282 ], [ 100.1246004, 7.1641141 ], [ 100.1246398, 7.164113 ], [ 100.1247371, 7.164119 ], [ 100.1247662, 7.1641208 ], [ 100.1248948, 7.1641533 ], [ 100.1249755, 7.1641904 ], [ 100.1250204, 7.1642246 ], [ 100.1250489, 7.1642723 ], [ 100.125058, 7.1643066 ], [ 100.1250581, 7.1643349 ], [ 100.1250553, 7.1643451 ], [ 100.1250267, 7.1644515 ], [ 100.1249851, 7.1645321 ], [ 100.1249565, 7.1645802 ], [ 100.1248871, 7.1646689 ], [ 100.124879, 7.1646767 ], [ 100.1248074, 7.1647302 ], [ 100.1247874, 7.1647397 ], [ 100.1247257, 7.1647593 ], [ 100.1246995, 7.1647631 ], [ 100.1245245, 7.1647548 ], [ 100.1244879, 7.1647541 ], [ 100.1243942, 7.1647876 ], [ 100.1243275, 7.1648307 ], [ 100.1242625, 7.1649023 ], [ 100.1241536, 7.1651503 ], [ 100.124137, 7.1651903 ], [ 100.1241043, 7.165251 ], [ 100.1240699, 7.1652838 ], [ 100.1239618, 7.1653463 ], [ 100.1238956, 7.1653837 ], [ 100.1238014, 7.1654679 ], [ 100.1237277, 7.1655107 ], [ 100.1236229, 7.1655568 ], [ 100.1235092, 7.1655783 ], [ 100.1230598, 7.1656064 ], [ 100.1230096, 7.1656058 ], [ 100.1229013, 7.1655832 ], [ 100.1228223, 7.1655505 ], [ 100.1227781, 7.1655197 ], [ 100.1227371, 7.165482 ], [ 100.1227254, 7.165467 ], [ 100.1226762, 7.1654035 ], [ 100.1226351, 7.1653275 ], [ 100.1226199, 7.1652743 ], [ 100.122609, 7.1652139 ], [ 100.1225868, 7.1650698 ], [ 100.1225582, 7.1649826 ], [ 100.1225142, 7.16488 ], [ 100.122455, 7.1648081 ], [ 100.1223739, 7.1647428 ], [ 100.1222885, 7.1647146 ], [ 100.1221406, 7.1647044 ], [ 100.1221168, 7.1647031 ], [ 100.1218986, 7.1647203 ], [ 100.1217114, 7.1647597 ], [ 100.1216393, 7.1647948 ], [ 100.1216022, 7.1648298 ], [ 100.1215827, 7.1648932 ], [ 100.1215785, 7.164998 ], [ 100.1216052, 7.1651596 ], [ 100.1216032, 7.1652295 ], [ 100.1215858, 7.1652885 ], [ 100.1215489, 7.1653913 ], [ 100.1214857, 7.1655028 ], [ 100.1214052, 7.1656646 ], [ 100.1213704, 7.1657623 ], [ 100.1213557, 7.1658575 ], [ 100.1213292, 7.1659557 ], [ 100.1213129, 7.1659927 ], [ 100.1212592, 7.1660808 ], [ 100.1212009, 7.1661762 ], [ 100.1211137, 7.1662703 ], [ 100.1210372, 7.1663304 ], [ 100.1209543, 7.1663886 ], [ 100.1207971, 7.1664676 ], [ 100.1206834, 7.1664876 ], [ 100.1205894, 7.1664703 ], [ 100.1205127, 7.1664137 ], [ 100.1204798, 7.1663592 ], [ 100.1204445, 7.1662676 ], [ 100.1204333, 7.1661344 ], [ 100.1204131, 7.1659291 ], [ 100.1203711, 7.1657523 ], [ 100.1203643, 7.1656322 ], [ 100.1203508, 7.165394 ], [ 100.1203257, 7.1652481 ], [ 100.1203128, 7.1651475 ], [ 100.1202825, 7.1650596 ], [ 100.1202337, 7.1649776 ], [ 100.1201736, 7.1649015 ], [ 100.1201403, 7.1648639 ], [ 100.1199368, 7.1646555 ], [ 100.1198635, 7.1646018 ], [ 100.1198024, 7.1645721 ], [ 100.119775, 7.1645621 ], [ 100.1197327, 7.1645467 ], [ 100.1197167, 7.1645431 ], [ 100.1196413, 7.164526 ], [ 100.1195552, 7.1645361 ], [ 100.1194716, 7.1645608 ], [ 100.1193826, 7.1646172 ], [ 100.1193558, 7.1646393 ], [ 100.1193367, 7.1646623 ], [ 100.1193267, 7.1646915 ], [ 100.1193198, 7.1647841 ], [ 100.1193159, 7.1647953 ], [ 100.1193087, 7.1648168 ], [ 100.1192764, 7.164856 ], [ 100.1192485, 7.1648771 ], [ 100.1192307, 7.1648911 ], [ 100.1191774, 7.1649167 ], [ 100.1191281, 7.164929 ], [ 100.1190261, 7.1649379 ], [ 100.1189678, 7.1649427 ], [ 100.1189198, 7.1649681 ], [ 100.1188864, 7.1650017 ], [ 100.1188657, 7.1650342 ], [ 100.1188467, 7.1650795 ], [ 100.1187839, 7.1652845 ], [ 100.1187719, 7.1653175 ], [ 100.1187459, 7.1653715 ], [ 100.1186855, 7.1654364 ], [ 100.1185199, 7.1655532 ], [ 100.1184873, 7.1655721 ], [ 100.1183601, 7.1656153 ], [ 100.118289, 7.1656226 ], [ 100.118221, 7.1656201 ], [ 100.1181081, 7.1655901 ], [ 100.1180177, 7.1655821 ], [ 100.1178329, 7.1655826 ], [ 100.1176558, 7.1656108 ], [ 100.1174863, 7.1656567 ], [ 100.1173396, 7.1657304 ], [ 100.1171299, 7.165875 ], [ 100.1170717, 7.165903 ], [ 100.1169887, 7.1659136 ], [ 100.1168499, 7.1659047 ], [ 100.1168077, 7.1659099 ], [ 100.1167276, 7.1659316 ], [ 100.1166039, 7.1660008 ], [ 100.1164355, 7.1661154 ], [ 100.1163692, 7.1661501 ], [ 100.1163085, 7.1661654 ], [ 100.1162145, 7.1661888 ], [ 100.1161922, 7.1661943 ], [ 100.1161405, 7.1662058 ], [ 100.1161034, 7.1662181 ], [ 100.1160087, 7.1662732 ], [ 100.1158188, 7.1664226 ], [ 100.1155602, 7.1666384 ], [ 100.1154462, 7.1667245 ], [ 100.1153774, 7.1667635 ], [ 100.1153666, 7.1667672 ], [ 100.1153478, 7.1667737 ], [ 100.1153072, 7.16679 ], [ 100.1152428, 7.1668025 ], [ 100.1152115, 7.1668031 ], [ 100.115157, 7.1667957 ], [ 100.1151297, 7.166785 ], [ 100.1150877, 7.1667586 ], [ 100.1150244, 7.1667028 ], [ 100.1149694, 7.1666804 ], [ 100.1149477, 7.1666781 ], [ 100.1148728, 7.1666849 ], [ 100.1147929, 7.1667118 ], [ 100.1147631, 7.1667218 ], [ 100.1146765, 7.166727 ], [ 100.1146047, 7.1667137 ], [ 100.1145346, 7.1667036 ], [ 100.114515, 7.1667007 ], [ 100.1144284, 7.1666677 ], [ 100.1143736, 7.1666407 ], [ 100.1143273, 7.1666178 ], [ 100.114265, 7.1665685 ], [ 100.1141773, 7.166477 ], [ 100.1141245, 7.166373 ], [ 100.1140858, 7.166313 ], [ 100.1140674, 7.1662845 ], [ 100.1140069, 7.1662061 ], [ 100.113989, 7.166182 ], [ 100.1139637, 7.1661646 ], [ 100.1138641, 7.1661143 ], [ 100.1137088, 7.1660072 ], [ 100.1135568, 7.1658706 ], [ 100.113465, 7.1657339 ], [ 100.1133649, 7.1656067 ], [ 100.1133525, 7.165591 ], [ 100.1132776, 7.1655227 ], [ 100.1132235, 7.1654917 ], [ 100.1131787, 7.1654723 ], [ 100.1131139, 7.165468 ], [ 100.1130177, 7.1654906 ], [ 100.112753, 7.1656096 ], [ 100.1125752, 7.1656492 ], [ 100.112478, 7.165655 ], [ 100.1123417, 7.1656288 ], [ 100.1122978, 7.1656054 ], [ 100.1122429, 7.1655628 ], [ 100.1121767, 7.1654982 ], [ 100.1121061, 7.1654113 ], [ 100.1120117, 7.1652205 ], [ 100.1119354, 7.1651164 ], [ 100.1119018, 7.165077 ], [ 100.1118887, 7.165068 ], [ 100.1118771, 7.16506 ], [ 100.1118373, 7.1650392 ], [ 100.1117736, 7.165024 ], [ 100.1117371, 7.1650255 ], [ 100.1117174, 7.1650299 ], [ 100.1116427, 7.1650763 ], [ 100.1116172, 7.1650955 ], [ 100.1115503, 7.1651458 ], [ 100.1115217, 7.1651981 ], [ 100.111513, 7.1652784 ], [ 100.1115165, 7.1655173 ], [ 100.1115208, 7.1656772 ], [ 100.1115056, 7.1657523 ], [ 100.1114921, 7.1657755 ], [ 100.1114652, 7.1657967 ], [ 100.1113968, 7.1658167 ], [ 100.1113014, 7.1658221 ], [ 100.1112262, 7.1658185 ], [ 100.1111394, 7.1657879 ], [ 100.1110236, 7.1657054 ], [ 100.1108516, 7.1655441 ], [ 100.1107608, 7.1654577 ], [ 100.1106297, 7.1654079 ], [ 100.1105023, 7.1653524 ], [ 100.1103266, 7.1652181 ], [ 100.1102261, 7.1650778 ], [ 100.1101873, 7.1650028 ], [ 100.1101232, 7.164797 ], [ 100.1100708, 7.164672 ], [ 100.1099953, 7.1645374 ], [ 100.109918, 7.1644317 ], [ 100.1097558, 7.164305 ], [ 100.1096746, 7.1642228 ], [ 100.1096244, 7.1641956 ], [ 100.109582, 7.164188 ], [ 100.1093777, 7.1641808 ], [ 100.109208, 7.1641504 ], [ 100.1090788, 7.1641084 ], [ 100.1089958, 7.1640585 ], [ 100.1088798, 7.1639414 ], [ 100.1088277, 7.1638953 ], [ 100.1087505, 7.1638647 ], [ 100.1086072, 7.1638174 ], [ 100.1085683, 7.1637911 ], [ 100.108517, 7.1637401 ], [ 100.1084566, 7.163636 ], [ 100.1084512, 7.1636267 ], [ 100.1084397, 7.1636134 ], [ 100.1083257, 7.163482 ], [ 100.1081827, 7.1634021 ], [ 100.1080361, 7.1633351 ], [ 100.1078111, 7.1632625 ], [ 100.1077468, 7.1632569 ], [ 100.1076678, 7.1632744 ], [ 100.1076161, 7.1632902 ], [ 100.1076017, 7.163296 ], [ 100.1075465, 7.163344 ], [ 100.1074909, 7.1634384 ], [ 100.1074794, 7.1635001 ], [ 100.1074855, 7.163604 ], [ 100.107481, 7.1636533 ], [ 100.1074749, 7.1636709 ], [ 100.1074529, 7.1636946 ], [ 100.1073971, 7.1637332 ], [ 100.1073085, 7.1637604 ], [ 100.1071698, 7.1637626 ], [ 100.1070021, 7.1637669 ], [ 100.1069308, 7.1637593 ], [ 100.1068709, 7.1637325 ], [ 100.106724, 7.163617 ], [ 100.1066399, 7.163521 ], [ 100.106573, 7.1634358 ], [ 100.1065453, 7.1633678 ], [ 100.1065175, 7.1632535 ], [ 100.1064926, 7.1631797 ], [ 100.1064291, 7.1631155 ], [ 100.1064128, 7.1631085 ], [ 100.1063939, 7.1631003 ], [ 100.1063098, 7.163102 ], [ 100.1062418, 7.1631253 ], [ 100.1061853, 7.1631587 ], [ 100.1061249, 7.1631891 ], [ 100.1060916, 7.163198 ], [ 100.1060709, 7.1631996 ], [ 100.1059825, 7.1632012 ], [ 100.1059416, 7.163205 ], [ 100.1058637, 7.1632131 ], [ 100.1058466, 7.1632216 ], [ 100.1057853, 7.163252 ], [ 100.1057143, 7.1632817 ], [ 100.1056787, 7.1632824 ], [ 100.1056144, 7.1632747 ], [ 100.1055926, 7.1632644 ], [ 100.1055732, 7.1632552 ], [ 100.1055468, 7.163225 ], [ 100.1054511, 7.1631153 ], [ 100.1053272, 7.162901 ], [ 100.1053116, 7.1628807 ], [ 100.105279, 7.1628382 ], [ 100.1052237, 7.1627662 ], [ 100.1051763, 7.162703 ], [ 100.105137, 7.162635 ], [ 100.1050706, 7.1623807 ], [ 100.1050484, 7.1622956 ], [ 100.1050006, 7.1622449 ], [ 100.1049706, 7.1622258 ], [ 100.1048913, 7.162147 ], [ 100.104868, 7.1621008 ], [ 100.1048616, 7.1620482 ], [ 100.1048657, 7.1619978 ], [ 100.1048936, 7.1619378 ], [ 100.1049118, 7.1618989 ], [ 100.1050144, 7.1616926 ], [ 100.1050477, 7.1615223 ], [ 100.1050746, 7.1613372 ], [ 100.1051653, 7.1611287 ], [ 100.1051854, 7.1610448 ], [ 100.105179, 7.1609943 ], [ 100.105162, 7.1609565 ], [ 100.1051486, 7.1609389 ], [ 100.1051093, 7.1608873 ], [ 100.1050862, 7.1608751 ], [ 100.105046, 7.1608538 ], [ 100.1050321, 7.1608506 ], [ 100.104966, 7.1608351 ], [ 100.1049085, 7.160827 ], [ 100.1048776, 7.1608227 ], [ 100.1048124, 7.1608313 ], [ 100.1046942, 7.1608882 ], [ 100.1046541, 7.1609078 ], [ 100.104632, 7.1609135 ], [ 100.1045936, 7.1609136 ], [ 100.1045527, 7.1609043 ], [ 100.1045181, 7.1608855 ], [ 100.1044944, 7.1608542 ], [ 100.1044628, 7.160782 ], [ 100.1044404, 7.1606186 ], [ 100.1043944, 7.1605274 ], [ 100.1043813, 7.1605083 ], [ 100.1041454, 7.1602784 ], [ 100.1040113, 7.1601232 ], [ 100.1038424, 7.159855 ], [ 100.1037335, 7.1597044 ], [ 100.1033597, 7.1593094 ], [ 100.1032731, 7.1592484 ], [ 100.1031975, 7.159203 ], [ 100.1030998, 7.1591309 ], [ 100.1030115, 7.1590589 ], [ 100.1028554, 7.1588786 ], [ 100.1025444, 7.1583419 ], [ 100.1025363, 7.1583279 ], [ 100.1023502, 7.1581132 ], [ 100.1018446, 7.1578231 ], [ 100.1014067, 7.1575718 ], [ 100.1011624, 7.1573541 ], [ 100.1009825, 7.1571283 ], [ 100.1007219, 7.1566858 ], [ 100.1006362, 7.1563624 ], [ 100.100516, 7.1560705 ], [ 100.1003393, 7.1558525 ], [ 100.099961, 7.1555173 ], [ 100.0998728, 7.1554625 ], [ 100.0998298, 7.1554396 ], [ 100.0997877, 7.1554171 ], [ 100.0996933, 7.1553938 ], [ 100.0996036, 7.155383 ], [ 100.0995234, 7.1553848 ], [ 100.0994464, 7.1554006 ], [ 100.0993788, 7.1554228 ], [ 100.0993065, 7.155467 ], [ 100.0992422, 7.1555158 ], [ 100.0991433, 7.1556276 ], [ 100.0988704, 7.155955 ], [ 100.0988045, 7.1560023 ], [ 100.0987291, 7.1560371 ], [ 100.098685, 7.1560434 ], [ 100.0986016, 7.1560279 ], [ 100.0985306, 7.1559767 ], [ 100.0984125, 7.1558917 ], [ 100.0982232, 7.1556455 ], [ 100.0981947, 7.1555696 ], [ 100.0981631, 7.1554854 ], [ 100.0981249, 7.1553111 ], [ 100.0980127, 7.1550789 ], [ 100.0976516, 7.1547325 ], [ 100.0970746, 7.154184 ], [ 100.096696, 7.1536948 ], [ 100.0966655, 7.1536413 ], [ 100.0964533, 7.1532692 ], [ 100.0964464, 7.1532571 ], [ 100.0964163, 7.1531754 ], [ 100.0964005, 7.1531221 ], [ 100.096394, 7.153053 ], [ 100.0964139, 7.1528298 ], [ 100.0964573, 7.1525344 ], [ 100.0964821, 7.1523976 ], [ 100.0965242, 7.1522499 ], [ 100.0965381, 7.1521351 ], [ 100.0965378, 7.1520079 ], [ 100.0965139, 7.151898 ], [ 100.0964728, 7.1518117 ], [ 100.0964223, 7.1517317 ], [ 100.0963199, 7.1516392 ], [ 100.0961686, 7.1515485 ], [ 100.0960253, 7.1514828 ], [ 100.0958616, 7.1514172 ], [ 100.0954315, 7.1512302 ], [ 100.0950065, 7.1510061 ], [ 100.0949195, 7.1509558 ], [ 100.0945435, 7.1507385 ], [ 100.0941372, 7.1505572 ], [ 100.093665, 7.1504044 ], [ 100.0935997, 7.1503825 ], [ 100.0934615, 7.150336 ], [ 100.092848, 7.1501298 ], [ 100.0925175, 7.1500009 ], [ 100.0918829, 7.1497535 ], [ 100.0916278, 7.1496143 ], [ 100.0913061, 7.1493344 ], [ 100.0911218, 7.149174 ], [ 100.0909686, 7.1489089 ], [ 100.090888, 7.1487253 ], [ 100.0908821, 7.1487097 ], [ 100.0908326, 7.1485793 ], [ 100.0907789, 7.148482 ], [ 100.0907378, 7.1484318 ], [ 100.0906937, 7.1483832 ], [ 100.0906511, 7.1483488 ], [ 100.0906007, 7.1483238 ], [ 100.0905425, 7.1483113 ], [ 100.0904528, 7.1483084 ], [ 100.0902234, 7.1483015 ], [ 100.0901131, 7.1482982 ], [ 100.0900454, 7.1482963 ], [ 100.0900124, 7.1482953 ], [ 100.0899447, 7.1482829 ], [ 100.0898471, 7.1482517 ], [ 100.0896645, 7.1481594 ], [ 100.0893937, 7.1480485 ], [ 100.0890503, 7.1479588 ], [ 100.0883502, 7.1477918 ], [ 100.0875398, 7.1476319 ], [ 100.0872682, 7.1476036 ], [ 100.0869498, 7.1475704 ], [ 100.0866068, 7.1475037 ], [ 100.0858825, 7.1471943 ], [ 100.0855165, 7.1471154 ], [ 100.0852845, 7.1470653 ], [ 100.0851492, 7.1470311 ], [ 100.0850358, 7.1469921 ], [ 100.0849145, 7.1469217 ], [ 100.0847964, 7.146834 ], [ 100.0844999, 7.1465362 ], [ 100.0843882, 7.1464658 ], [ 100.0843408, 7.146436 ], [ 100.0841021, 7.1463358 ], [ 100.0839425, 7.1462688 ], [ 100.0837442, 7.146219 ], [ 100.0833934, 7.14619 ], [ 100.0830742, 7.1462473 ], [ 100.0828903, 7.1462615 ], [ 100.0825081, 7.1462911 ], [ 100.0822265, 7.1462854 ], [ 100.0819929, 7.1462838 ], [ 100.0818868, 7.1462831 ], [ 100.081772, 7.1462897 ], [ 100.0817044, 7.1463024 ], [ 100.0816368, 7.146323 ], [ 100.0815802, 7.1463545 ], [ 100.0814498, 7.1464239 ], [ 100.0813336, 7.1464871 ], [ 100.0812142, 7.146547 ], [ 100.0811403, 7.1465771 ], [ 100.081068, 7.1465914 ], [ 100.0809847, 7.1465979 ], [ 100.080906, 7.146598 ], [ 100.0807738, 7.1465701 ], [ 100.0804669, 7.1464859 ], [ 100.0800214, 7.1463393 ], [ 100.0799601, 7.1463238 ], [ 100.0799034, 7.1463207 ], [ 100.0798106, 7.146321 ], [ 100.0797021, 7.1463275 ], [ 100.0794505, 7.1463658 ], [ 100.0791565, 7.1464168 ], [ 100.0790669, 7.1464264 ], [ 100.0789552, 7.1464282 ], [ 100.0787869, 7.1464223 ], [ 100.078285, 7.1463748 ], [ 100.0781907, 7.1463719 ], [ 100.0781513, 7.1463767 ], [ 100.0781255, 7.1463839 ], [ 100.0780838, 7.1463957 ], [ 100.0780382, 7.1464162 ], [ 100.0779722, 7.1464509 ], [ 100.0778968, 7.1465045 ], [ 100.0777147, 7.1466322 ], [ 100.0776184, 7.1466842 ], [ 100.0776094, 7.146689 ], [ 100.0772592, 7.1468218 ], [ 100.077226, 7.1468345 ], [ 100.0770907, 7.1468505 ], [ 100.076998, 7.1468554 ], [ 100.076795, 7.1468527 ], [ 100.0766031, 7.1468202 ], [ 100.0765102, 7.1467811 ], [ 100.076444, 7.1467436 ], [ 100.0764091, 7.1467144 ], [ 100.0763952, 7.1467028 ], [ 100.076351, 7.1466646 ], [ 100.0763101, 7.1466292 ], [ 100.0762502, 7.1465932 ], [ 100.0761872, 7.1465729 ], [ 100.0761369, 7.1465731 ], [ 100.0760772, 7.1465842 ], [ 100.0760379, 7.1465984 ], [ 100.0758604, 7.1467308 ], [ 100.0756943, 7.1469731 ], [ 100.0755798, 7.1470975 ], [ 100.0755609, 7.1471126 ], [ 100.0755264, 7.1471401 ], [ 100.0754651, 7.1471685 ], [ 100.0753944, 7.1471891 ], [ 100.0753331, 7.1472002 ], [ 100.075278, 7.1472003 ], [ 100.0751899, 7.1471974 ], [ 100.0751286, 7.1471881 ], [ 100.0750436, 7.14716 ], [ 100.0749112, 7.1470629 ], [ 100.0747109, 7.1468257 ], [ 100.0746954, 7.1468074 ], [ 100.0745894, 7.1466819 ], [ 100.0744045, 7.1463037 ], [ 100.0743491, 7.146078 ], [ 100.0742552, 7.1456961 ], [ 100.0741347, 7.1452581 ], [ 100.0737853, 7.1444985 ], [ 100.0735073, 7.144009 ], [ 100.0732378, 7.1437488 ], [ 100.0727936, 7.1434953 ], [ 100.0727633, 7.1434694 ], [ 100.0726154, 7.1433432 ], [ 100.0721112, 7.1429125 ], [ 100.0718035, 7.1425142 ], [ 100.0717164, 7.1424118 ], [ 100.0715591, 7.1422272 ], [ 100.0711908, 7.1419419 ], [ 100.0709304, 7.1417401 ], [ 100.0706221, 7.1414619 ], [ 100.0704701, 7.1413248 ], [ 100.0704087, 7.1412778 ], [ 100.0699708, 7.1409976 ], [ 100.0698515, 7.1409047 ], [ 100.0698416, 7.140897 ], [ 100.0696983, 7.1407572 ], [ 100.0694849, 7.1403779 ], [ 100.069477, 7.1403592 ], [ 100.069447, 7.1402887 ], [ 100.0692712, 7.1398756 ], [ 100.0691588, 7.1396041 ], [ 100.0686424, 7.1387972 ], [ 100.0685222, 7.1386867 ], [ 100.0684615, 7.1386309 ], [ 100.0684444, 7.1386151 ], [ 100.0682688, 7.1384852 ], [ 100.068142, 7.1384445 ], [ 100.0679822, 7.1384044 ], [ 100.0677593, 7.1384055 ], [ 100.0676311, 7.1384197 ], [ 100.0675081, 7.1384423 ], [ 100.0674038, 7.1384574 ], [ 100.0672845, 7.1384763 ], [ 100.0672118, 7.1384827 ], [ 100.0671541, 7.1384878 ], [ 100.0667924, 7.1384923 ], [ 100.0666507, 7.1384927 ], [ 100.0662965, 7.1384711 ], [ 100.0660765, 7.1384493 ], [ 100.0654201, 7.1383652 ], [ 100.0652998, 7.1383385 ], [ 100.0652038, 7.1383173 ], [ 100.0644837, 7.1381178 ], [ 100.0643923, 7.1380904 ], [ 100.0640193, 7.1379783 ], [ 100.0635339, 7.1377641 ], [ 100.0629852, 7.1375603 ], [ 100.0627367, 7.1374869 ], [ 100.0626329, 7.1374237 ], [ 100.0626152, 7.1374114 ], [ 100.0625509, 7.1373668 ], [ 100.0624995, 7.1373311 ], [ 100.0623928, 7.137226 ], [ 100.0623542, 7.1371631 ], [ 100.0623447, 7.1371476 ], [ 100.0623415, 7.1371379 ], [ 100.0623079, 7.1370346 ], [ 100.0623042, 7.1370231 ], [ 100.0622963, 7.1369181 ], [ 100.062309, 7.1368304 ], [ 100.0623278, 7.1367594 ], [ 100.0623352, 7.1367314 ], [ 100.0623986, 7.1366172 ], [ 100.0625802, 7.1363795 ], [ 100.0627304, 7.1362209 ], [ 100.0627932, 7.1361735 ], [ 100.0629001, 7.1361186 ], [ 100.0631839, 7.1359968 ], [ 100.0632785, 7.1359181 ], [ 100.0633501, 7.1358517 ], [ 100.063409, 7.1357876 ], [ 100.0634784, 7.1356795 ], [ 100.0635227, 7.1355726 ], [ 100.0635469, 7.1354368 ], [ 100.0635577, 7.135261 ], [ 100.0635572, 7.1350584 ], [ 100.0635178, 7.1348731 ], [ 100.0633935, 7.13457 ], [ 100.063267, 7.1344073 ], [ 100.0629959, 7.1342191 ], [ 100.0627283, 7.1339863 ], [ 100.0622785, 7.1334836 ], [ 100.0619038, 7.1331432 ], [ 100.0618645, 7.133068 ], [ 100.0618486, 7.1329875 ], [ 100.0618485, 7.132913 ], [ 100.0618484, 7.1328818 ], [ 100.0618871, 7.1327701 ], [ 100.0619297, 7.1327185 ], [ 100.0619986, 7.1326349 ], [ 100.0621334, 7.132495 ], [ 100.0621648, 7.1324258 ], [ 100.0622213, 7.1322305 ], [ 100.0622778, 7.1320109 ], [ 100.0623101, 7.131897 ], [ 100.0623426, 7.1318609 ], [ 100.062394, 7.1318218 ], [ 100.0624238, 7.1317992 ], [ 100.0625781, 7.1316443 ], [ 100.0626701, 7.1314712 ], [ 100.0627078, 7.1314001 ], [ 100.0627263, 7.1312988 ], [ 100.0626826, 7.1310831 ], [ 100.0625681, 7.1308557 ], [ 100.0624382, 7.1306801 ], [ 100.062364, 7.1305798 ], [ 100.0621519, 7.1303526 ], [ 100.062002, 7.1301817 ], [ 100.0618744, 7.1300362 ], [ 100.0617763, 7.1298331 ], [ 100.0617268, 7.1295487 ], [ 100.0617018, 7.1293048 ], [ 100.0616707, 7.1291287 ], [ 100.0616688, 7.1291179 ], [ 100.0616569, 7.1290861 ], [ 100.0615869, 7.1288986 ], [ 100.0614642, 7.128655 ], [ 100.0614534, 7.1286201 ], [ 100.0613498, 7.128452 ], [ 100.0613087, 7.1282813 ], [ 100.0613246, 7.1281187 ], [ 100.0613406, 7.1279886 ], [ 100.061316, 7.1278992 ], [ 100.0613134, 7.1278786 ], [ 100.0612254, 7.1277329 ], [ 100.0611561, 7.1276709 ], [ 100.0610673, 7.1275568 ], [ 100.0607188, 7.1271094 ], [ 100.0606541, 7.1270478 ], [ 100.060612, 7.1269883 ], [ 100.0603563, 7.1267341 ], [ 100.0602304, 7.126609 ], [ 100.0601527, 7.1265243 ], [ 100.060067, 7.1263329 ], [ 100.060067, 7.1263207 ], [ 100.0600668, 7.1262564 ], [ 100.0601111, 7.1261211 ], [ 100.0601803, 7.1260318 ], [ 100.0603184, 7.1259096 ], [ 100.0604402, 7.1257954 ], [ 100.0606189, 7.1256324 ], [ 100.0608138, 7.125445 ], [ 100.060895, 7.1251627 ], [ 100.0608159, 7.1243798 ], [ 100.0608593, 7.1240377 ], [ 100.0609912, 7.1238058 ], [ 100.0612448, 7.1235956 ], [ 100.0631309, 7.1226537 ], [ 100.0643998, 7.1221875 ], [ 100.0650506, 7.1218772 ], [ 100.0653587, 7.1214132 ], [ 100.065397, 7.1210452 ], [ 100.0654127, 7.1208946 ], [ 100.0658484, 7.1201289 ], [ 100.0661077, 7.1198948 ], [ 100.0674831, 7.1192688 ], [ 100.0677422, 7.1189568 ], [ 100.067844, 7.1180484 ], [ 100.0676813, 7.1151165 ], [ 100.0677259, 7.1119246 ], [ 100.0675687, 7.1113541 ], [ 100.067048, 7.1108363 ], [ 100.0662418, 7.1104748 ], [ 100.0650463, 7.110244 ], [ 100.0624485, 7.110276 ], [ 100.061669, 7.1101999 ], [ 100.060655, 7.109813 ], [ 100.0586786, 7.1089093 ], [ 100.0581578, 7.1083915 ], [ 100.0576867, 7.1079838 ], [ 100.0572198, 7.1075797 ], [ 100.0571574, 7.1073378 ], [ 100.0571385, 7.1072645 ], [ 100.0570605, 7.1068909 ], [ 100.057036, 7.1066002 ], [ 100.0570412, 7.106262 ], [ 100.0570996, 7.1058347 ], [ 100.0571934, 7.1053005 ], [ 100.0573167, 7.1046713 ], [ 100.057405, 7.1042973 ], [ 100.0574078, 7.1042422 ], [ 100.0574164, 7.1040778 ], [ 100.057404, 7.1038701 ], [ 100.057368, 7.1037159 ], [ 100.0572843, 7.1034907 ], [ 100.0571829, 7.1032773 ], [ 100.057129, 7.1030935 ], [ 100.0570989, 7.1029037 ], [ 100.0570746, 7.1026724 ], [ 100.0570503, 7.1024292 ], [ 100.0570143, 7.1022631 ], [ 100.0569664, 7.1021149 ], [ 100.056871, 7.1019609 ], [ 100.0565853, 7.1016826 ], [ 100.0563174, 7.10144 ], [ 100.0562406, 7.1013523 ], [ 100.0561566, 7.1012564 ], [ 100.0561281, 7.1011692 ], [ 100.0560789, 7.1010193 ], [ 100.0560606, 7.1008057 ], [ 100.0560422, 7.1005566 ], [ 100.0560181, 7.1004024 ], [ 100.0559762, 7.1002601 ], [ 100.0558868, 7.1001238 ], [ 100.0557532, 7.0999578 ], [ 100.0555056, 7.09965 ], [ 100.0553863, 7.0994367 ], [ 100.0553027, 7.0992589 ], [ 100.0552548, 7.0990988 ], [ 100.0552367, 7.0989564 ], [ 100.055272, 7.0988258 ], [ 100.0553667, 7.0986713 ], [ 100.0554438, 7.0985414 ], [ 100.0555146, 7.0984218 ], [ 100.0556093, 7.0982673 ], [ 100.0556625, 7.0981307 ], [ 100.0557274, 7.0979526 ], [ 100.0557449, 7.0977983 ], [ 100.0557267, 7.0976441 ], [ 100.0556551, 7.0975078 ], [ 100.0555003, 7.0973242 ], [ 100.0552799, 7.0970755 ], [ 100.0551667, 7.0969096 ], [ 100.0550951, 7.0967674 ], [ 100.055077, 7.0966488 ], [ 100.0550886, 7.0965182 ], [ 100.0551417, 7.0963698 ], [ 100.0551947, 7.096162 ], [ 100.0551766, 7.0960196 ], [ 100.0551347, 7.095907 ], [ 100.0550572, 7.0957944 ], [ 100.0547954, 7.0955577 ], [ 100.0546571, 7.0954202 ], [ 100.0546168, 7.0953801 ], [ 100.054563, 7.0952556 ], [ 100.0545568, 7.0951429 ] ] ] } }
]
}
