ปีที่เกิดเหตุ,วันที่เกิดเหตุ,เวลา,รหัสสายทาง,จังหวัด,LATITUDE,LONGITUDE,รถที่เกิดเหตุ,น้อยกว่ารถ4ล้อ,รถ4ล้อ,มากกว่ารถ4ล้อ,เกิดเหตุ,datetime,date,time,temperature_F,humidity_%,wind_speed_kmh,pressure_in,condition,year,year_ad,vehicles_lt_4_wheels,vehicles_4_wheels,vehicles_gt_4_wheels,vehicles_total
2020,23/01/2020,02:30 PM,4,สงขลา,6.79190218,100.453172,2,1,0,1,1,2020-01-23 14:30:00,1/23/2020,2:30 PM,93.0,52.0,16.0,29.7,Fair,2020.0,2020,6519,21741,6592,34852
2020,23/01/2020,02:30 PM,4,สงขลา,6.79190218,100.453172,2,1,0,1,1,2020-01-23 14:30:00,1/23/2020,2:30 PM,93.0,52.0,16.0,29.7,Fair,2020.0,2020,8638,24060,3545,36243
2020,23/01/2020,02:30 PM,4,สงขลา,6.79190218,100.453172,2,1,0,1,1,2020-01-23 14:30:00,1/23/2020,2:30 PM,93.0,52.0,16.0,29.7,Fair,2020.0,2020,2931,29162,9363,41456
2020,23/01/2020,02:30 PM,4,สงขลา,6.79190218,100.453172,2,1,0,1,1,2020-01-23 14:30:00,1/23/2020,2:30 PM,93.0,52.0,16.0,29.7,Fair,2020.0,2020,4122,30715,4377,39214
2020,23/01/2020,02:30 PM,4,สงขลา,6.79190218,100.453172,2,1,0,1,1,2020-01-23 14:30:00,1/23/2020,2:30 PM,93.0,52.0,16.0,29.7,Fair,2020.0,2020,9074,26179,2849,38102
2020,23/01/2020,02:30 PM,4,สงขลา,6.79190218,100.453172,2,1,0,1,1,2020-01-23 14:30:00,1/23/2020,2:30 PM,93.0,52.0,16.0,29.7,Fair,2020.0,2020,4603,14861,2479,21943
2020,23/01/2020,02:30 PM,4,สงขลา,6.79190218,100.453172,2,1,0,1,1,2020-01-23 14:30:00,1/23/2020,2:30 PM,93.0,52.0,16.0,29.7,Fair,2020.0,2020,3457,8773,1789,14019
2020,23/01/2020,02:30 PM,4,สงขลา,6.79190218,100.453172,2,1,0,1,1,2020-01-23 14:30:00,1/23/2020,2:30 PM,93.0,52.0,16.0,29.7,Fair,2020.0,2020,39344,155491,30994,225829
2020,25/01/2020,02:00 AM,4,สงขลา,6.746294867,100.4514688,1,0,0,1,1,2020-01-25 02:00:00,1/25/2020,2:00 AM,70.0,100.0,3.0,29.73,Fair,2020.0,2020,6519,21741,6592,34852
2020,25/01/2020,02:00 AM,4,สงขลา,6.746294867,100.4514688,1,0,0,1,1,2020-01-25 02:00:00,1/25/2020,2:00 AM,70.0,100.0,3.0,29.73,Fair,2020.0,2020,8638,24060,3545,36243
2020,25/01/2020,02:00 AM,4,สงขลา,6.746294867,100.4514688,1,0,0,1,1,2020-01-25 02:00:00,1/25/2020,2:00 AM,70.0,100.0,3.0,29.73,Fair,2020.0,2020,2931,29162,9363,41456
2020,25/01/2020,02:00 AM,4,สงขลา,6.746294867,100.4514688,1,0,0,1,1,2020-01-25 02:00:00,1/25/2020,2:00 AM,70.0,100.0,3.0,29.73,Fair,2020.0,2020,4122,30715,4377,39214
2020,25/01/2020,02:00 AM,4,สงขลา,6.746294867,100.4514688,1,0,0,1,1,2020-01-25 02:00:00,1/25/2020,2:00 AM,70.0,100.0,3.0,29.73,Fair,2020.0,2020,9074,26179,2849,38102
2020,25/01/2020,02:00 AM,4,สงขลา,6.746294867,100.4514688,1,0,0,1,1,2020-01-25 02:00:00,1/25/2020,2:00 AM,70.0,100.0,3.0,29.73,Fair,2020.0,2020,4603,14861,2479,21943
2020,25/01/2020,02:00 AM,4,สงขลา,6.746294867,100.4514688,1,0,0,1,1,2020-01-25 02:00:00,1/25/2020,2:00 AM,70.0,100.0,3.0,29.73,Fair,2020.0,2020,3457,8773,1789,14019
2020,25/01/2020,02:00 AM,4,สงขลา,6.746294867,100.4514688,1,0,0,1,1,2020-01-25 02:00:00,1/25/2020,2:00 AM,70.0,100.0,3.0,29.73,Fair,2020.0,2020,39344,155491,30994,225829
2020,27/01/2020,08:30 PM,4,สงขลา,6.904145401,100.4695093,1,0,1,0,1,2020-01-27 20:30:00,1/27/2020,8:30 PM,79.0,78.0,0.0,29.7,Fair,2020.0,2020,6519,21741,6592,34852
2020,27/01/2020,08:30 PM,4,สงขลา,6.904145401,100.4695093,1,0,1,0,1,2020-01-27 20:30:00,1/27/2020,8:30 PM,79.0,78.0,0.0,29.7,Fair,2020.0,2020,8638,24060,3545,36243
2020,27/01/2020,08:30 PM,4,สงขลา,6.904145401,100.4695093,1,0,1,0,1,2020-01-27 20:30:00,1/27/2020,8:30 PM,79.0,78.0,0.0,29.7,Fair,2020.0,2020,2931,29162,9363,41456
2020,27/01/2020,08:30 PM,4,สงขลา,6.904145401,100.4695093,1,0,1,0,1,2020-01-27 20:30:00,1/27/2020,8:30 PM,79.0,78.0,0.0,29.7,Fair,2020.0,2020,4122,30715,4377,39214
2020,27/01/2020,08:30 PM,4,สงขลา,6.904145401,100.4695093,1,0,1,0,1,2020-01-27 20:30:00,1/27/2020,8:30 PM,79.0,78.0,0.0,29.7,Fair,2020.0,2020,9074,26179,2849,38102
2020,27/01/2020,08:30 PM,4,สงขลา,6.904145401,100.4695093,1,0,1,0,1,2020-01-27 20:30:00,1/27/2020,8:30 PM,79.0,78.0,0.0,29.7,Fair,2020.0,2020,4603,14861,2479,21943
2020,27/01/2020,08:30 PM,4,สงขลา,6.904145401,100.4695093,1,0,1,0,1,2020-01-27 20:30:00,1/27/2020,8:30 PM,79.0,78.0,0.0,29.7,Fair,2020.0,2020,3457,8773,1789,14019
2020,27/01/2020,08:30 PM,4,สงขลา,6.904145401,100.4695093,1,0,1,0,1,2020-01-27 20:30:00,1/27/2020,8:30 PM,79.0,78.0,0.0,29.7,Fair,2020.0,2020,39344,155491,30994,225829
2020,02/01/2020,07:30 PM,4,สงขลา,7.010657039,100.4133654,2,1,1,0,1,2020-02-01 19:30:00,2/1/2020,7:30 PM,81.0,74.0,10.0,29.73,Partly Cloudy,2020.0,2020,6519,21741,6592,34852
2020,02/01/2020,07:30 PM,4,สงขลา,7.010657039,100.4133654,2,1,1,0,1,2020-02-01 19:30:00,2/1/2020,7:30 PM,81.0,74.0,10.0,29.73,Partly Cloudy,2020.0,2020,8638,24060,3545,36243
2020,02/01/2020,07:30 PM,4,สงขลา,7.010657039,100.4133654,2,1,1,0,1,2020-02-01 19:30:00,2/1/2020,7:30 PM,81.0,74.0,10.0,29.73,Partly Cloudy,2020.0,2020,2931,29162,9363,41456
2020,02/01/2020,07:30 PM,4,สงขลา,7.010657039,100.4133654,2,1,1,0,1,2020-02-01 19:30:00,2/1/2020,7:30 PM,81.0,74.0,10.0,29.73,Partly Cloudy,2020.0,2020,4122,30715,4377,39214
2020,02/01/2020,07:30 PM,4,สงขลา,7.010657039,100.4133654,2,1,1,0,1,2020-02-01 19:30:00,2/1/2020,7:30 PM,81.0,74.0,10.0,29.73,Partly Cloudy,2020.0,2020,9074,26179,2849,38102
2020,02/01/2020,07:30 PM,4,สงขลา,7.010657039,100.4133654,2,1,1,0,1,2020-02-01 19:30:00,2/1/2020,7:30 PM,81.0,74.0,10.0,29.73,Partly Cloudy,2020.0,2020,4603,14861,2479,21943
2020,02/01/2020,07:30 PM,4,สงขลา,7.010657039,100.4133654,2,1,1,0,1,2020-02-01 19:30:00,2/1/2020,7:30 PM,81.0,74.0,10.0,29.73,Partly Cloudy,2020.0,2020,3457,8773,1789,14019
2020,02/01/2020,07:30 PM,4,สงขลา,7.010657039,100.4133654,2,1,1,0,1,2020-02-01 19:30:00,2/1/2020,7:30 PM,81.0,74.0,10.0,29.73,Partly Cloudy,2020.0,2020,39344,155491,30994,225829
2020,17/02/2020,03:30 PM,4,สงขลา,6.850541026,100.4704133,1,0,0,1,1,2020-02-17 15:30:00,2/17/2020,3:30 PM,91.0,52.0,15.0,29.73,Fair,2020.0,2020,6519,21741,6592,34852
2020,17/02/2020,03:30 PM,4,สงขลา,6.850541026,100.4704133,1,0,0,1,1,2020-02-17 15:30:00,2/17/2020,3:30 PM,91.0,52.0,15.0,29.73,Fair,2020.0,2020,8638,24060,3545,36243
2020,17/02/2020,03:30 PM,4,สงขลา,6.850541026,100.4704133,1,0,0,1,1,2020-02-17 15:30:00,2/17/2020,3:30 PM,91.0,52.0,15.0,29.73,Fair,2020.0,2020,2931,29162,9363,41456
2020,17/02/2020,03:30 PM,4,สงขลา,6.850541026,100.4704133,1,0,0,1,1,2020-02-17 15:30:00,2/17/2020,3:30 PM,91.0,52.0,15.0,29.73,Fair,2020.0,2020,4122,30715,4377,39214
2020,17/02/2020,03:30 PM,4,สงขลา,6.850541026,100.4704133,1,0,0,1,1,2020-02-17 15:30:00,2/17/2020,3:30 PM,91.0,52.0,15.0,29.73,Fair,2020.0,2020,9074,26179,2849,38102
2020,17/02/2020,03:30 PM,4,สงขลา,6.850541026,100.4704133,1,0,0,1,1,2020-02-17 15:30:00,2/17/2020,3:30 PM,91.0,52.0,15.0,29.73,Fair,2020.0,2020,4603,14861,2479,21943
2020,17/02/2020,03:30 PM,4,สงขลา,6.850541026,100.4704133,1,0,0,1,1,2020-02-17 15:30:00,2/17/2020,3:30 PM,91.0,52.0,15.0,29.73,Fair,2020.0,2020,3457,8773,1789,14019
2020,17/02/2020,03:30 PM,4,สงขลา,6.850541026,100.4704133,1,0,0,1,1,2020-02-17 15:30:00,2/17/2020,3:30 PM,91.0,52.0,15.0,29.73,Fair,2020.0,2020,39344,155491,30994,225829
2020,28/02/2020,09:30 AM,4,สงขลา,6.733213566,100.4500097,3,0,1,2,1,2020-02-28 09:30:00,2/28/2020,9:30 AM,86.0,66.0,10.0,29.76,Partly Cloudy,2020.0,2020,6519,21741,6592,34852
2020,28/02/2020,09:30 AM,4,สงขลา,6.733213566,100.4500097,3,0,1,2,1,2020-02-28 09:30:00,2/28/2020,9:30 AM,86.0,66.0,10.0,29.76,Partly Cloudy,2020.0,2020,8638,24060,3545,36243
2020,28/02/2020,09:30 AM,4,สงขลา,6.733213566,100.4500097,3,0,1,2,1,2020-02-28 09:30:00,2/28/2020,9:30 AM,86.0,66.0,10.0,29.76,Partly Cloudy,2020.0,2020,2931,29162,9363,41456
2020,28/02/2020,09:30 AM,4,สงขลา,6.733213566,100.4500097,3,0,1,2,1,2020-02-28 09:30:00,2/28/2020,9:30 AM,86.0,66.0,10.0,29.76,Partly Cloudy,2020.0,2020,4122,30715,4377,39214
2020,28/02/2020,09:30 AM,4,สงขลา,6.733213566,100.4500097,3,0,1,2,1,2020-02-28 09:30:00,2/28/2020,9:30 AM,86.0,66.0,10.0,29.76,Partly Cloudy,2020.0,2020,9074,26179,2849,38102
2020,28/02/2020,09:30 AM,4,สงขลา,6.733213566,100.4500097,3,0,1,2,1,2020-02-28 09:30:00,2/28/2020,9:30 AM,86.0,66.0,10.0,29.76,Partly Cloudy,2020.0,2020,4603,14861,2479,21943
2020,28/02/2020,09:30 AM,4,สงขลา,6.733213566,100.4500097,3,0,1,2,1,2020-02-28 09:30:00,2/28/2020,9:30 AM,86.0,66.0,10.0,29.76,Partly Cloudy,2020.0,2020,3457,8773,1789,14019
2020,28/02/2020,09:30 AM,4,สงขลา,6.733213566,100.4500097,3,0,1,2,1,2020-02-28 09:30:00,2/28/2020,9:30 AM,86.0,66.0,10.0,29.76,Partly Cloudy,2020.0,2020,39344,155491,30994,225829
2020,29/02/2020,08:00 AM,4,สงขลา,6.751704684,100.4527831,3,0,3,0,1,2020-02-29 08:00:00,2/29/2020,8:00 AM,79.0,89.0,6.0,29.7,Fair,2020.0,2020,6519,21741,6592,34852
2020,29/02/2020,08:00 AM,4,สงขลา,6.751704684,100.4527831,3,0,3,0,1,2020-02-29 08:00:00,2/29/2020,8:00 AM,79.0,89.0,6.0,29.7,Fair,2020.0,2020,8638,24060,3545,36243
2020,29/02/2020,08:00 AM,4,สงขลา,6.751704684,100.4527831,3,0,3,0,1,2020-02-29 08:00:00,2/29/2020,8:00 AM,79.0,89.0,6.0,29.7,Fair,2020.0,2020,2931,29162,9363,41456
2020,29/02/2020,08:00 AM,4,สงขลา,6.751704684,100.4527831,3,0,3,0,1,2020-02-29 08:00:00,2/29/2020,8:00 AM,79.0,89.0,6.0,29.7,Fair,2020.0,2020,4122,30715,4377,39214
2020,29/02/2020,08:00 AM,4,สงขลา,6.751704684,100.4527831,3,0,3,0,1,2020-02-29 08:00:00,2/29/2020,8:00 AM,79.0,89.0,6.0,29.7,Fair,2020.0,2020,9074,26179,2849,38102
2020,29/02/2020,08:00 AM,4,สงขลา,6.751704684,100.4527831,3,0,3,0,1,2020-02-29 08:00:00,2/29/2020,8:00 AM,79.0,89.0,6.0,29.7,Fair,2020.0,2020,4603,14861,2479,21943
2020,29/02/2020,08:00 AM,4,สงขลา,6.751704684,100.4527831,3,0,3,0,1,2020-02-29 08:00:00,2/29/2020,8:00 AM,79.0,89.0,6.0,29.7,Fair,2020.0,2020,3457,8773,1789,14019
2020,29/02/2020,08:00 AM,4,สงขลา,6.751704684,100.4527831,3,0,3,0,1,2020-02-29 08:00:00,2/29/2020,8:00 AM,79.0,89.0,6.0,29.7,Fair,2020.0,2020,39344,155491,30994,225829
2020,03/12/2020,02:00 AM,4,สงขลา,6.958294832,100.4742569,1,0,1,0,1,2020-03-12 02:00:00,3/12/2020,2:00 AM,77.0,100.0,0.0,29.73,Fair,2020.0,2020,6519,21741,6592,34852
2020,03/12/2020,02:00 AM,4,สงขลา,6.958294832,100.4742569,1,0,1,0,1,2020-03-12 02:00:00,3/12/2020,2:00 AM,77.0,100.0,0.0,29.73,Fair,2020.0,2020,8638,24060,3545,36243
2020,03/12/2020,02:00 AM,4,สงขลา,6.958294832,100.4742569,1,0,1,0,1,2020-03-12 02:00:00,3/12/2020,2:00 AM,77.0,100.0,0.0,29.73,Fair,2020.0,2020,2931,29162,9363,41456
2020,03/12/2020,02:00 AM,4,สงขลา,6.958294832,100.4742569,1,0,1,0,1,2020-03-12 02:00:00,3/12/2020,2:00 AM,77.0,100.0,0.0,29.73,Fair,2020.0,2020,4122,30715,4377,39214
2020,03/12/2020,02:00 AM,4,สงขลา,6.958294832,100.4742569,1,0,1,0,1,2020-03-12 02:00:00,3/12/2020,2:00 AM,77.0,100.0,0.0,29.73,Fair,2020.0,2020,9074,26179,2849,38102
2020,03/12/2020,02:00 AM,4,สงขลา,6.958294832,100.4742569,1,0,1,0,1,2020-03-12 02:00:00,3/12/2020,2:00 AM,77.0,100.0,0.0,29.73,Fair,2020.0,2020,4603,14861,2479,21943
2020,03/12/2020,02:00 AM,4,สงขลา,6.958294832,100.4742569,1,0,1,0,1,2020-03-12 02:00:00,3/12/2020,2:00 AM,77.0,100.0,0.0,29.73,Fair,2020.0,2020,3457,8773,1789,14019
2020,03/12/2020,02:00 AM,4,สงขลา,6.958294832,100.4742569,1,0,1,0,1,2020-03-12 02:00:00,3/12/2020,2:00 AM,77.0,100.0,0.0,29.73,Fair,2020.0,2020,39344,155491,30994,225829
2020,20/03/2020,06:30 PM,4,สงขลา,6.713118127,100.4454607,2,0,1,1,1,2020-03-20 18:30:00,3/20/2020,6:30 PM,82.0,70.0,9.0,29.7,Fair,2020.0,2020,6519,21741,6592,34852
2020,20/03/2020,06:30 PM,4,สงขลา,6.713118127,100.4454607,2,0,1,1,1,2020-03-20 18:30:00,3/20/2020,6:30 PM,82.0,70.0,9.0,29.7,Fair,2020.0,2020,8638,24060,3545,36243
2020,20/03/2020,06:30 PM,4,สงขลา,6.713118127,100.4454607,2,0,1,1,1,2020-03-20 18:30:00,3/20/2020,6:30 PM,82.0,70.0,9.0,29.7,Fair,2020.0,2020,2931,29162,9363,41456
2020,20/03/2020,06:30 PM,4,สงขลา,6.713118127,100.4454607,2,0,1,1,1,2020-03-20 18:30:00,3/20/2020,6:30 PM,82.0,70.0,9.0,29.7,Fair,2020.0,2020,4122,30715,4377,39214
2020,20/03/2020,06:30 PM,4,สงขลา,6.713118127,100.4454607,2,0,1,1,1,2020-03-20 18:30:00,3/20/2020,6:30 PM,82.0,70.0,9.0,29.7,Fair,2020.0,2020,9074,26179,2849,38102
2020,20/03/2020,06:30 PM,4,สงขลา,6.713118127,100.4454607,2,0,1,1,1,2020-03-20 18:30:00,3/20/2020,6:30 PM,82.0,70.0,9.0,29.7,Fair,2020.0,2020,4603,14861,2479,21943
2020,20/03/2020,06:30 PM,4,สงขลา,6.713118127,100.4454607,2,0,1,1,1,2020-03-20 18:30:00,3/20/2020,6:30 PM,82.0,70.0,9.0,29.7,Fair,2020.0,2020,3457,8773,1789,14019
2020,20/03/2020,06:30 PM,4,สงขลา,6.713118127,100.4454607,2,0,1,1,1,2020-03-20 18:30:00,3/20/2020,6:30 PM,82.0,70.0,9.0,29.7,Fair,2020.0,2020,39344,155491,30994,225829
2020,22/03/2020,09:00 PM,4,สงขลา,6.849869935,100.4703703,1,0,1,0,1,2020-03-22 21:00:00,3/22/2020,9:00 PM,82.0,79.0,0.0,29.73,Fair,2020.0,2020,6519,21741,6592,34852
2020,22/03/2020,09:00 PM,4,สงขลา,6.849869935,100.4703703,1,0,1,0,1,2020-03-22 21:00:00,3/22/2020,9:00 PM,82.0,79.0,0.0,29.73,Fair,2020.0,2020,8638,24060,3545,36243
2020,22/03/2020,09:00 PM,4,สงขลา,6.849869935,100.4703703,1,0,1,0,1,2020-03-22 21:00:00,3/22/2020,9:00 PM,82.0,79.0,0.0,29.73,Fair,2020.0,2020,2931,29162,9363,41456
2020,22/03/2020,09:00 PM,4,สงขลา,6.849869935,100.4703703,1,0,1,0,1,2020-03-22 21:00:00,3/22/2020,9:00 PM,82.0,79.0,0.0,29.73,Fair,2020.0,2020,4122,30715,4377,39214
2020,22/03/2020,09:00 PM,4,สงขลา,6.849869935,100.4703703,1,0,1,0,1,2020-03-22 21:00:00,3/22/2020,9:00 PM,82.0,79.0,0.0,29.73,Fair,2020.0,2020,9074,26179,2849,38102
2020,22/03/2020,09:00 PM,4,สงขลา,6.849869935,100.4703703,1,0,1,0,1,2020-03-22 21:00:00,3/22/2020,9:00 PM,82.0,79.0,0.0,29.73,Fair,2020.0,2020,4603,14861,2479,21943
2020,22/03/2020,09:00 PM,4,สงขลา,6.849869935,100.4703703,1,0,1,0,1,2020-03-22 21:00:00,3/22/2020,9:00 PM,82.0,79.0,0.0,29.73,Fair,2020.0,2020,3457,8773,1789,14019
2020,22/03/2020,09:00 PM,4,สงขลา,6.849869935,100.4703703,1,0,1,0,1,2020-03-22 21:00:00,3/22/2020,9:00 PM,82.0,79.0,0.0,29.73,Fair,2020.0,2020,39344,155491,30994,225829
2020,26/03/2020,06:00 PM,4,สงขลา,6.984777508,100.448572,1,0,1,0,1,2020-03-26 18:00:00,3/26/2020,6:00 PM,88.0,66.0,10.0,29.64,Fair,2020.0,2020,6519,21741,6592,34852
2020,26/03/2020,06:00 PM,4,สงขลา,6.984777508,100.448572,1,0,1,0,1,2020-03-26 18:00:00,3/26/2020,6:00 PM,88.0,66.0,10.0,29.64,Fair,2020.0,2020,8638,24060,3545,36243
2020,26/03/2020,06:00 PM,4,สงขลา,6.984777508,100.448572,1,0,1,0,1,2020-03-26 18:00:00,3/26/2020,6:00 PM,88.0,66.0,10.0,29.64,Fair,2020.0,2020,2931,29162,9363,41456
2020,26/03/2020,06:00 PM,4,สงขลา,6.984777508,100.448572,1,0,1,0,1,2020-03-26 18:00:00,3/26/2020,6:00 PM,88.0,66.0,10.0,29.64,Fair,2020.0,2020,4122,30715,4377,39214
2020,26/03/2020,06:00 PM,4,สงขลา,6.984777508,100.448572,1,0,1,0,1,2020-03-26 18:00:00,3/26/2020,6:00 PM,88.0,66.0,10.0,29.64,Fair,2020.0,2020,9074,26179,2849,38102
2020,26/03/2020,06:00 PM,4,สงขลา,6.984777508,100.448572,1,0,1,0,1,2020-03-26 18:00:00,3/26/2020,6:00 PM,88.0,66.0,10.0,29.64,Fair,2020.0,2020,4603,14861,2479,21943
2020,26/03/2020,06:00 PM,4,สงขลา,6.984777508,100.448572,1,0,1,0,1,2020-03-26 18:00:00,3/26/2020,6:00 PM,88.0,66.0,10.0,29.64,Fair,2020.0,2020,3457,8773,1789,14019
2020,26/03/2020,06:00 PM,4,สงขลา,6.984777508,100.448572,1,0,1,0,1,2020-03-26 18:00:00,3/26/2020,6:00 PM,88.0,66.0,10.0,29.64,Fair,2020.0,2020,39344,155491,30994,225829
2020,27/03/2020,09:00 AM,4,สงขลา,7.020999397,100.4074082,2,1,0,1,1,2020-03-27 09:00:00,3/27/2020,9:00 AM,86.0,70.0,6.0,29.76,Partly Cloudy,2020.0,2020,6519,21741,6592,34852
2020,27/03/2020,09:00 AM,4,สงขลา,7.020999397,100.4074082,2,1,0,1,1,2020-03-27 09:00:00,3/27/2020,9:00 AM,86.0,70.0,6.0,29.76,Partly Cloudy,2020.0,2020,8638,24060,3545,36243
2020,27/03/2020,09:00 AM,4,สงขลา,7.020999397,100.4074082,2,1,0,1,1,2020-03-27 09:00:00,3/27/2020,9:00 AM,86.0,70.0,6.0,29.76,Partly Cloudy,2020.0,2020,2931,29162,9363,41456
2020,27/03/2020,09:00 AM,4,สงขลา,7.020999397,100.4074082,2,1,0,1,1,2020-03-27 09:00:00,3/27/2020,9:00 AM,86.0,70.0,6.0,29.76,Partly Cloudy,2020.0,2020,4122,30715,4377,39214
2020,27/03/2020,09:00 AM,4,สงขลา,7.020999397,100.4074082,2,1,0,1,1,2020-03-27 09:00:00,3/27/2020,9:00 AM,86.0,70.0,6.0,29.76,Partly Cloudy,2020.0,2020,9074,26179,2849,38102
2020,27/03/2020,09:00 AM,4,สงขลา,7.020999397,100.4074082,2,1,0,1,1,2020-03-27 09:00:00,3/27/2020,9:00 AM,86.0,70.0,6.0,29.76,Partly Cloudy,2020.0,2020,4603,14861,2479,21943
2020,27/03/2020,09:00 AM,4,สงขลา,7.020999397,100.4074082,2,1,0,1,1,2020-03-27 09:00:00,3/27/2020,9:00 AM,86.0,70.0,6.0,29.76,Partly Cloudy,2020.0,2020,3457,8773,1789,14019
2020,27/03/2020,09:00 AM,4,สงขลา,7.020999397,100.4074082,2,1,0,1,1,2020-03-27 09:00:00,3/27/2020,9:00 AM,86.0,70.0,6.0,29.76,Partly Cloudy,2020.0,2020,39344,155491,30994,225829
2020,04/03/2020,10:30 PM,4,สงขลา,6.849246778,100.470314,1,1,0,0,1,2020-04-03 22:30:00,4/3/2020,10:30 PM,79.0,94.0,0.0,29.73,Fair,2020.0,2020,6519,21741,6592,34852
2020,04/03/2020,10:30 PM,4,สงขลา,6.849246778,100.470314,1,1,0,0,1,2020-04-03 22:30:00,4/3/2020,10:30 PM,79.0,94.0,0.0,29.73,Fair,2020.0,2020,8638,24060,3545,36243
2020,04/03/2020,10:30 PM,4,สงขลา,6.849246778,100.470314,1,1,0,0,1,2020-04-03 22:30:00,4/3/2020,10:30 PM,79.0,94.0,0.0,29.73,Fair,2020.0,2020,2931,29162,9363,41456
2020,04/03/2020,10:30 PM,4,สงขลา,6.849246778,100.470314,1,1,0,0,1,2020-04-03 22:30:00,4/3/2020,10:30 PM,79.0,94.0,0.0,29.73,Fair,2020.0,2020,4122,30715,4377,39214
2020,04/03/2020,10:30 PM,4,สงขลา,6.849246778,100.470314,1,1,0,0,1,2020-04-03 22:30:00,4/3/2020,10:30 PM,79.0,94.0,0.0,29.73,Fair,2020.0,2020,9074,26179,2849,38102
2020,04/03/2020,10:30 PM,4,สงขลา,6.849246778,100.470314,1,1,0,0,1,2020-04-03 22:30:00,4/3/2020,10:30 PM,79.0,94.0,0.0,29.73,Fair,2020.0,2020,4603,14861,2479,21943
2020,04/03/2020,10:30 PM,4,สงขลา,6.849246778,100.470314,1,1,0,0,1,2020-04-03 22:30:00,4/3/2020,10:30 PM,79.0,94.0,0.0,29.73,Fair,2020.0,2020,3457,8773,1789,14019
2020,04/03/2020,10:30 PM,4,สงขลา,6.849246778,100.470314,1,1,0,0,1,2020-04-03 22:30:00,4/3/2020,10:30 PM,79.0,94.0,0.0,29.73,Fair,2020.0,2020,39344,155491,30994,225829
2020,21/04/2020,09:30 PM,4,สงขลา,6.546670447,100.4148137,3,2,1,0,1,2020-04-21 21:30:00,4/21/2020,9:30 PM,86.0,79.0,2.0,29.7,Partly Cloudy,2020.0,2020,6519,21741,6592,34852
2020,21/04/2020,09:30 PM,4,สงขลา,6.546670447,100.4148137,3,2,1,0,1,2020-04-21 21:30:00,4/21/2020,9:30 PM,86.0,79.0,2.0,29.7,Partly Cloudy,2020.0,2020,8638,24060,3545,36243
2020,21/04/2020,09:30 PM,4,สงขลา,6.546670447,100.4148137,3,2,1,0,1,2020-04-21 21:30:00,4/21/2020,9:30 PM,86.0,79.0,2.0,29.7,Partly Cloudy,2020.0,2020,2931,29162,9363,41456
2020,21/04/2020,09:30 PM,4,สงขลา,6.546670447,100.4148137,3,2,1,0,1,2020-04-21 21:30:00,4/21/2020,9:30 PM,86.0,79.0,2.0,29.7,Partly Cloudy,2020.0,2020,4122,30715,4377,39214
2020,21/04/2020,09:30 PM,4,สงขลา,6.546670447,100.4148137,3,2,1,0,1,2020-04-21 21:30:00,4/21/2020,9:30 PM,86.0,79.0,2.0,29.7,Partly Cloudy,2020.0,2020,9074,26179,2849,38102
2020,21/04/2020,09:30 PM,4,สงขลา,6.546670447,100.4148137,3,2,1,0,1,2020-04-21 21:30:00,4/21/2020,9:30 PM,86.0,79.0,2.0,29.7,Partly Cloudy,2020.0,2020,4603,14861,2479,21943
2020,21/04/2020,09:30 PM,4,สงขลา,6.546670447,100.4148137,3,2,1,0,1,2020-04-21 21:30:00,4/21/2020,9:30 PM,86.0,79.0,2.0,29.7,Partly Cloudy,2020.0,2020,3457,8773,1789,14019
2020,21/04/2020,09:30 PM,4,สงขลา,6.546670447,100.4148137,3,2,1,0,1,2020-04-21 21:30:00,4/21/2020,9:30 PM,86.0,79.0,2.0,29.7,Partly Cloudy,2020.0,2020,39344,155491,30994,225829
2020,24/04/2020,03:00 PM,4,สงขลา,6.653034644,100.4293915,2,0,1,1,1,2020-04-24 15:00:00,4/24/2020,3:00 PM,97.0,41.0,15.0,29.61,Fair,2020.0,2020,6519,21741,6592,34852
2020,24/04/2020,03:00 PM,4,สงขลา,6.653034644,100.4293915,2,0,1,1,1,2020-04-24 15:00:00,4/24/2020,3:00 PM,97.0,41.0,15.0,29.61,Fair,2020.0,2020,8638,24060,3545,36243
2020,24/04/2020,03:00 PM,4,สงขลา,6.653034644,100.4293915,2,0,1,1,1,2020-04-24 15:00:00,4/24/2020,3:00 PM,97.0,41.0,15.0,29.61,Fair,2020.0,2020,2931,29162,9363,41456
2020,24/04/2020,03:00 PM,4,สงขลา,6.653034644,100.4293915,2,0,1,1,1,2020-04-24 15:00:00,4/24/2020,3:00 PM,97.0,41.0,15.0,29.61,Fair,2020.0,2020,4122,30715,4377,39214
2020,24/04/2020,03:00 PM,4,สงขลา,6.653034644,100.4293915,2,0,1,1,1,2020-04-24 15:00:00,4/24/2020,3:00 PM,97.0,41.0,15.0,29.61,Fair,2020.0,2020,9074,26179,2849,38102
2020,24/04/2020,03:00 PM,4,สงขลา,6.653034644,100.4293915,2,0,1,1,1,2020-04-24 15:00:00,4/24/2020,3:00 PM,97.0,41.0,15.0,29.61,Fair,2020.0,2020,4603,14861,2479,21943
2020,24/04/2020,03:00 PM,4,สงขลา,6.653034644,100.4293915,2,0,1,1,1,2020-04-24 15:00:00,4/24/2020,3:00 PM,97.0,41.0,15.0,29.61,Fair,2020.0,2020,3457,8773,1789,14019
2020,24/04/2020,03:00 PM,4,สงขลา,6.653034644,100.4293915,2,0,1,1,1,2020-04-24 15:00:00,4/24/2020,3:00 PM,97.0,41.0,15.0,29.61,Fair,2020.0,2020,39344,155491,30994,225829
2020,27/04/2020,01:00 PM,4,สงขลา,6.914162596,100.46904,1,0,0,1,1,2020-04-27 13:00:00,4/27/2020,1:00 PM,90.0,59.0,9.0,29.7,Partly Cloudy,2020.0,2020,6519,21741,6592,34852
2020,27/04/2020,01:00 PM,4,สงขลา,6.914162596,100.46904,1,0,0,1,1,2020-04-27 13:00:00,4/27/2020,1:00 PM,90.0,59.0,9.0,29.7,Partly Cloudy,2020.0,2020,8638,24060,3545,36243
2020,27/04/2020,01:00 PM,4,สงขลา,6.914162596,100.46904,1,0,0,1,1,2020-04-27 13:00:00,4/27/2020,1:00 PM,90.0,59.0,9.0,29.7,Partly Cloudy,2020.0,2020,2931,29162,9363,41456
2020,27/04/2020,01:00 PM,4,สงขลา,6.914162596,100.46904,1,0,0,1,1,2020-04-27 13:00:00,4/27/2020,1:00 PM,90.0,59.0,9.0,29.7,Partly Cloudy,2020.0,2020,4122,30715,4377,39214
2020,27/04/2020,01:00 PM,4,สงขลา,6.914162596,100.46904,1,0,0,1,1,2020-04-27 13:00:00,4/27/2020,1:00 PM,90.0,59.0,9.0,29.7,Partly Cloudy,2020.0,2020,9074,26179,2849,38102
2020,27/04/2020,01:00 PM,4,สงขลา,6.914162596,100.46904,1,0,0,1,1,2020-04-27 13:00:00,4/27/2020,1:00 PM,90.0,59.0,9.0,29.7,Partly Cloudy,2020.0,2020,4603,14861,2479,21943
2020,27/04/2020,01:00 PM,4,สงขลา,6.914162596,100.46904,1,0,0,1,1,2020-04-27 13:00:00,4/27/2020,1:00 PM,90.0,59.0,9.0,29.7,Partly Cloudy,2020.0,2020,3457,8773,1789,14019
2020,27/04/2020,01:00 PM,4,สงขลา,6.914162596,100.46904,1,0,0,1,1,2020-04-27 13:00:00,4/27/2020,1:00 PM,90.0,59.0,9.0,29.7,Partly Cloudy,2020.0,2020,39344,155491,30994,225829
2020,28/04/2020,08:30 PM,4,สงขลา,7.04322737,100.3878978,2,1,1,0,1,2020-04-28 20:30:00,4/28/2020,8:30 PM,81.0,74.0,7.0,29.7,Partly Cloudy,2020.0,2020,6519,21741,6592,34852
2020,28/04/2020,08:30 PM,4,สงขลา,7.04322737,100.3878978,2,1,1,0,1,2020-04-28 20:30:00,4/28/2020,8:30 PM,81.0,74.0,7.0,29.7,Partly Cloudy,2020.0,2020,8638,24060,3545,36243
2020,28/04/2020,08:30 PM,4,สงขลา,7.04322737,100.3878978,2,1,1,0,1,2020-04-28 20:30:00,4/28/2020,8:30 PM,81.0,74.0,7.0,29.7,Partly Cloudy,2020.0,2020,2931,29162,9363,41456
2020,28/04/2020,08:30 PM,4,สงขลา,7.04322737,100.3878978,2,1,1,0,1,2020-04-28 20:30:00,4/28/2020,8:30 PM,81.0,74.0,7.0,29.7,Partly Cloudy,2020.0,2020,4122,30715,4377,39214
2020,28/04/2020,08:30 PM,4,สงขลา,7.04322737,100.3878978,2,1,1,0,1,2020-04-28 20:30:00,4/28/2020,8:30 PM,81.0,74.0,7.0,29.7,Partly Cloudy,2020.0,2020,9074,26179,2849,38102
2020,28/04/2020,08:30 PM,4,สงขลา,7.04322737,100.3878978,2,1,1,0,1,2020-04-28 20:30:00,4/28/2020,8:30 PM,81.0,74.0,7.0,29.7,Partly Cloudy,2020.0,2020,4603,14861,2479,21943
2020,28/04/2020,08:30 PM,4,สงขลา,7.04322737,100.3878978,2,1,1,0,1,2020-04-28 20:30:00,4/28/2020,8:30 PM,81.0,74.0,7.0,29.7,Partly Cloudy,2020.0,2020,3457,8773,1789,14019
2020,28/04/2020,08:30 PM,4,สงขลา,7.04322737,100.3878978,2,1,1,0,1,2020-04-28 20:30:00,4/28/2020,8:30 PM,81.0,74.0,7.0,29.7,Partly Cloudy,2020.0,2020,39344,155491,30994,225829
2020,05/02/2020,05:00 PM,4,สงขลา,7.007688726,100.4141861,2,1,0,1,1,2020-05-02 17:00:00,5/2/2020,5:00 PM,84.0,74.0,8.0,29.58,Mostly Cloudy,2020.0,2020,6519,21741,6592,34852
2020,05/02/2020,05:00 PM,4,สงขลา,7.007688726,100.4141861,2,1,0,1,1,2020-05-02 17:00:00,5/2/2020,5:00 PM,84.0,74.0,8.0,29.58,Mostly Cloudy,2020.0,2020,8638,24060,3545,36243
2020,05/02/2020,05:00 PM,4,สงขลา,7.007688726,100.4141861,2,1,0,1,1,2020-05-02 17:00:00,5/2/2020,5:00 PM,84.0,74.0,8.0,29.58,Mostly Cloudy,2020.0,2020,2931,29162,9363,41456
2020,05/02/2020,05:00 PM,4,สงขลา,7.007688726,100.4141861,2,1,0,1,1,2020-05-02 17:00:00,5/2/2020,5:00 PM,84.0,74.0,8.0,29.58,Mostly Cloudy,2020.0,2020,4122,30715,4377,39214
2020,05/02/2020,05:00 PM,4,สงขลา,7.007688726,100.4141861,2,1,0,1,1,2020-05-02 17:00:00,5/2/2020,5:00 PM,84.0,74.0,8.0,29.58,Mostly Cloudy,2020.0,2020,9074,26179,2849,38102
2020,05/02/2020,05:00 PM,4,สงขลา,7.007688726,100.4141861,2,1,0,1,1,2020-05-02 17:00:00,5/2/2020,5:00 PM,84.0,74.0,8.0,29.58,Mostly Cloudy,2020.0,2020,4603,14861,2479,21943
2020,05/02/2020,05:00 PM,4,สงขลา,7.007688726,100.4141861,2,1,0,1,1,2020-05-02 17:00:00,5/2/2020,5:00 PM,84.0,74.0,8.0,29.58,Mostly Cloudy,2020.0,2020,3457,8773,1789,14019
2020,05/02/2020,05:00 PM,4,สงขลา,7.007688726,100.4141861,2,1,0,1,1,2020-05-02 17:00:00,5/2/2020,5:00 PM,84.0,74.0,8.0,29.58,Mostly Cloudy,2020.0,2020,39344,155491,30994,225829
2020,05/03/2020,09:00 AM,4,สงขลา,6.800313079,100.4530647,2,0,2,0,1,2020-05-03 09:00:00,5/3/2020,9:00 AM,84.0,84.0,6.0,29.73,Partly Cloudy,2020.0,2020,6519,21741,6592,34852
2020,05/03/2020,09:00 AM,4,สงขลา,6.800313079,100.4530647,2,0,2,0,1,2020-05-03 09:00:00,5/3/2020,9:00 AM,84.0,84.0,6.0,29.73,Partly Cloudy,2020.0,2020,8638,24060,3545,36243
2020,05/03/2020,09:00 AM,4,สงขลา,6.800313079,100.4530647,2,0,2,0,1,2020-05-03 09:00:00,5/3/2020,9:00 AM,84.0,84.0,6.0,29.73,Partly Cloudy,2020.0,2020,2931,29162,9363,41456
2020,05/03/2020,09:00 AM,4,สงขลา,6.800313079,100.4530647,2,0,2,0,1,2020-05-03 09:00:00,5/3/2020,9:00 AM,84.0,84.0,6.0,29.73,Partly Cloudy,2020.0,2020,4122,30715,4377,39214
2020,05/03/2020,09:00 AM,4,สงขลา,6.800313079,100.4530647,2,0,2,0,1,2020-05-03 09:00:00,5/3/2020,9:00 AM,84.0,84.0,6.0,29.73,Partly Cloudy,2020.0,2020,9074,26179,2849,38102
2020,05/03/2020,09:00 AM,4,สงขลา,6.800313079,100.4530647,2,0,2,0,1,2020-05-03 09:00:00,5/3/2020,9:00 AM,84.0,84.0,6.0,29.73,Partly Cloudy,2020.0,2020,4603,14861,2479,21943
2020,05/03/2020,09:00 AM,4,สงขลา,6.800313079,100.4530647,2,0,2,0,1,2020-05-03 09:00:00,5/3/2020,9:00 AM,84.0,84.0,6.0,29.73,Partly Cloudy,2020.0,2020,3457,8773,1789,14019
2020,05/03/2020,09:00 AM,4,สงขลา,6.800313079,100.4530647,2,0,2,0,1,2020-05-03 09:00:00,5/3/2020,9:00 AM,84.0,84.0,6.0,29.73,Partly Cloudy,2020.0,2020,39344,155491,30994,225829
2020,05/11/2020,03:00 AM,4,สงขลา,6.790035143,100.4529708,2,0,2,0,1,2020-05-11 03:00:00,5/11/2020,3:00 AM,77.0,100.0,3.0,29.64,Mostly Cloudy,2020.0,2020,6519,21741,6592,34852
2020,05/11/2020,03:00 AM,4,สงขลา,6.790035143,100.4529708,2,0,2,0,1,2020-05-11 03:00:00,5/11/2020,3:00 AM,77.0,100.0,3.0,29.64,Mostly Cloudy,2020.0,2020,8638,24060,3545,36243
2020,05/11/2020,03:00 AM,4,สงขลา,6.790035143,100.4529708,2,0,2,0,1,2020-05-11 03:00:00,5/11/2020,3:00 AM,77.0,100.0,3.0,29.64,Mostly Cloudy,2020.0,2020,2931,29162,9363,41456
2020,05/11/2020,03:00 AM,4,สงขลา,6.790035143,100.4529708,2,0,2,0,1,2020-05-11 03:00:00,5/11/2020,3:00 AM,77.0,100.0,3.0,29.64,Mostly Cloudy,2020.0,2020,4122,30715,4377,39214
2020,05/11/2020,03:00 AM,4,สงขลา,6.790035143,100.4529708,2,0,2,0,1,2020-05-11 03:00:00,5/11/2020,3:00 AM,77.0,100.0,3.0,29.64,Mostly Cloudy,2020.0,2020,9074,26179,2849,38102
2020,05/11/2020,03:00 AM,4,สงขลา,6.790035143,100.4529708,2,0,2,0,1,2020-05-11 03:00:00,5/11/2020,3:00 AM,77.0,100.0,3.0,29.64,Mostly Cloudy,2020.0,2020,4603,14861,2479,21943
2020,05/11/2020,03:00 AM,4,สงขลา,6.790035143,100.4529708,2,0,2,0,1,2020-05-11 03:00:00,5/11/2020,3:00 AM,77.0,100.0,3.0,29.64,Mostly Cloudy,2020.0,2020,3457,8773,1789,14019
2020,05/11/2020,03:00 AM,4,สงขลา,6.790035143,100.4529708,2,0,2,0,1,2020-05-11 03:00:00,5/11/2020,3:00 AM,77.0,100.0,3.0,29.64,Mostly Cloudy,2020.0,2020,39344,155491,30994,225829
2020,18/05/2020,04:30 PM,4,สงขลา,6.790677021,100.453062,2,0,1,1,1,2020-05-18 16:30:00,5/18/2020,4:30 PM,91.0,63.0,8.0,29.5,Showers in the Vicinity,2020.0,2020,6519,21741,6592,34852
2020,18/05/2020,04:30 PM,4,สงขลา,6.790677021,100.453062,2,0,1,1,1,2020-05-18 16:30:00,5/18/2020,4:30 PM,91.0,63.0,8.0,29.5,Showers in the Vicinity,2020.0,2020,8638,24060,3545,36243
2020,18/05/2020,04:30 PM,4,สงขลา,6.790677021,100.453062,2,0,1,1,1,2020-05-18 16:30:00,5/18/2020,4:30 PM,91.0,63.0,8.0,29.5,Showers in the Vicinity,2020.0,2020,2931,29162,9363,41456
2020,18/05/2020,04:30 PM,4,สงขลา,6.790677021,100.453062,2,0,1,1,1,2020-05-18 16:30:00,5/18/2020,4:30 PM,91.0,63.0,8.0,29.5,Showers in the Vicinity,2020.0,2020,4122,30715,4377,39214
2020,18/05/2020,04:30 PM,4,สงขลา,6.790677021,100.453062,2,0,1,1,1,2020-05-18 16:30:00,5/18/2020,4:30 PM,91.0,63.0,8.0,29.5,Showers in the Vicinity,2020.0,2020,9074,26179,2849,38102
2020,18/05/2020,04:30 PM,4,สงขลา,6.790677021,100.453062,2,0,1,1,1,2020-05-18 16:30:00,5/18/2020,4:30 PM,91.0,63.0,8.0,29.5,Showers in the Vicinity,2020.0,2020,4603,14861,2479,21943
2020,18/05/2020,04:30 PM,4,สงขลา,6.790677021,100.453062,2,0,1,1,1,2020-05-18 16:30:00,5/18/2020,4:30 PM,91.0,63.0,8.0,29.5,Showers in the Vicinity,2020.0,2020,3457,8773,1789,14019
2020,18/05/2020,04:30 PM,4,สงขลา,6.790677021,100.453062,2,0,1,1,1,2020-05-18 16:30:00,5/18/2020,4:30 PM,91.0,63.0,8.0,29.5,Showers in the Vicinity,2020.0,2020,39344,155491,30994,225829
2020,06/02/2020,02:00 AM,4,สงขลา,6.532962943,100.4170909,2,0,2,0,1,2020-06-02 02:00:00,6/2/2020,2:00 AM,81.0,94.0,2.0,29.73,Partly Cloudy,2020.0,2020,6519,21741,6592,34852
2020,06/02/2020,02:00 AM,4,สงขลา,6.532962943,100.4170909,2,0,2,0,1,2020-06-02 02:00:00,6/2/2020,2:00 AM,81.0,94.0,2.0,29.73,Partly Cloudy,2020.0,2020,8638,24060,3545,36243
2020,06/02/2020,02:00 AM,4,สงขลา,6.532962943,100.4170909,2,0,2,0,1,2020-06-02 02:00:00,6/2/2020,2:00 AM,81.0,94.0,2.0,29.73,Partly Cloudy,2020.0,2020,2931,29162,9363,41456
2020,06/02/2020,02:00 AM,4,สงขลา,6.532962943,100.4170909,2,0,2,0,1,2020-06-02 02:00:00,6/2/2020,2:00 AM,81.0,94.0,2.0,29.73,Partly Cloudy,2020.0,2020,4122,30715,4377,39214
2020,06/02/2020,02:00 AM,4,สงขลา,6.532962943,100.4170909,2,0,2,0,1,2020-06-02 02:00:00,6/2/2020,2:00 AM,81.0,94.0,2.0,29.73,Partly Cloudy,2020.0,2020,9074,26179,2849,38102
2020,06/02/2020,02:00 AM,4,สงขลา,6.532962943,100.4170909,2,0,2,0,1,2020-06-02 02:00:00,6/2/2020,2:00 AM,81.0,94.0,2.0,29.73,Partly Cloudy,2020.0,2020,4603,14861,2479,21943
2020,06/02/2020,02:00 AM,4,สงขลา,6.532962943,100.4170909,2,0,2,0,1,2020-06-02 02:00:00,6/2/2020,2:00 AM,81.0,94.0,2.0,29.73,Partly Cloudy,2020.0,2020,3457,8773,1789,14019
2020,06/02/2020,02:00 AM,4,สงขลา,6.532962943,100.4170909,2,0,2,0,1,2020-06-02 02:00:00,6/2/2020,2:00 AM,81.0,94.0,2.0,29.73,Partly Cloudy,2020.0,2020,39344,155491,30994,225829
2020,06/02/2020,03:00 AM,4,สงขลา,6.5466891,100.4149908,2,1,1,0,1,2020-06-02 03:00:00,6/2/2020,3:00 AM,81.0,94.0,5.0,29.7,Partly Cloudy,2020.0,2020,6519,21741,6592,34852
2020,06/02/2020,03:00 AM,4,สงขลา,6.5466891,100.4149908,2,1,1,0,1,2020-06-02 03:00:00,6/2/2020,3:00 AM,81.0,94.0,5.0,29.7,Partly Cloudy,2020.0,2020,8638,24060,3545,36243
2020,06/02/2020,03:00 AM,4,สงขลา,6.5466891,100.4149908,2,1,1,0,1,2020-06-02 03:00:00,6/2/2020,3:00 AM,81.0,94.0,5.0,29.7,Partly Cloudy,2020.0,2020,2931,29162,9363,41456
2020,06/02/2020,03:00 AM,4,สงขลา,6.5466891,100.4149908,2,1,1,0,1,2020-06-02 03:00:00,6/2/2020,3:00 AM,81.0,94.0,5.0,29.7,Partly Cloudy,2020.0,2020,4122,30715,4377,39214
2020,06/02/2020,03:00 AM,4,สงขลา,6.5466891,100.4149908,2,1,1,0,1,2020-06-02 03:00:00,6/2/2020,3:00 AM,81.0,94.0,5.0,29.7,Partly Cloudy,2020.0,2020,9074,26179,2849,38102
2020,06/02/2020,03:00 AM,4,สงขลา,6.5466891,100.4149908,2,1,1,0,1,2020-06-02 03:00:00,6/2/2020,3:00 AM,81.0,94.0,5.0,29.7,Partly Cloudy,2020.0,2020,4603,14861,2479,21943
2020,06/02/2020,03:00 AM,4,สงขลา,6.5466891,100.4149908,2,1,1,0,1,2020-06-02 03:00:00,6/2/2020,3:00 AM,81.0,94.0,5.0,29.7,Partly Cloudy,2020.0,2020,3457,8773,1789,14019
2020,06/02/2020,03:00 AM,4,สงขลา,6.5466891,100.4149908,2,1,1,0,1,2020-06-02 03:00:00,6/2/2020,3:00 AM,81.0,94.0,5.0,29.7,Partly Cloudy,2020.0,2020,39344,155491,30994,225829
2020,18/06/2020,04:00 PM,4,สงขลา,6.930388829,100.4685464,1,0,1,0,1,2020-06-18 16:00:00,6/18/2020,4:00 PM,88.0,55.0,12.0,29.61,Partly Cloudy,2020.0,2020,6519,21741,6592,34852
2020,18/06/2020,04:00 PM,4,สงขลา,6.930388829,100.4685464,1,0,1,0,1,2020-06-18 16:00:00,6/18/2020,4:00 PM,88.0,55.0,12.0,29.61,Partly Cloudy,2020.0,2020,8638,24060,3545,36243
2020,18/06/2020,04:00 PM,4,สงขลา,6.930388829,100.4685464,1,0,1,0,1,2020-06-18 16:00:00,6/18/2020,4:00 PM,88.0,55.0,12.0,29.61,Partly Cloudy,2020.0,2020,2931,29162,9363,41456
2020,18/06/2020,04:00 PM,4,สงขลา,6.930388829,100.4685464,1,0,1,0,1,2020-06-18 16:00:00,6/18/2020,4:00 PM,88.0,55.0,12.0,29.61,Partly Cloudy,2020.0,2020,4122,30715,4377,39214
2020,18/06/2020,04:00 PM,4,สงขลา,6.930388829,100.4685464,1,0,1,0,1,2020-06-18 16:00:00,6/18/2020,4:00 PM,88.0,55.0,12.0,29.61,Partly Cloudy,2020.0,2020,9074,26179,2849,38102
2020,18/06/2020,04:00 PM,4,สงขลา,6.930388829,100.4685464,1,0,1,0,1,2020-06-18 16:00:00,6/18/2020,4:00 PM,88.0,55.0,12.0,29.61,Partly Cloudy,2020.0,2020,4603,14861,2479,21943
2020,18/06/2020,04:00 PM,4,สงขลา,6.930388829,100.4685464,1,0,1,0,1,2020-06-18 16:00:00,6/18/2020,4:00 PM,88.0,55.0,12.0,29.61,Partly Cloudy,2020.0,2020,3457,8773,1789,14019
2020,18/06/2020,04:00 PM,4,สงขลา,6.930388829,100.4685464,1,0,1,0,1,2020-06-18 16:00:00,6/18/2020,4:00 PM,88.0,55.0,12.0,29.61,Partly Cloudy,2020.0,2020,39344,155491,30994,225829
2020,07/07/2020,08:30 AM,4,สงขลา,6.653873849,100.4293433,2,1,0,1,1,2020-07-07 08:30:00,7/7/2020,8:30 AM,79.0,89.0,3.0,29.67,Fair,2020.0,2020,6519,21741,6592,34852
2020,07/07/2020,08:30 AM,4,สงขลา,6.653873849,100.4293433,2,1,0,1,1,2020-07-07 08:30:00,7/7/2020,8:30 AM,79.0,89.0,3.0,29.67,Fair,2020.0,2020,8638,24060,3545,36243
2020,07/07/2020,08:30 AM,4,สงขลา,6.653873849,100.4293433,2,1,0,1,1,2020-07-07 08:30:00,7/7/2020,8:30 AM,79.0,89.0,3.0,29.67,Fair,2020.0,2020,2931,29162,9363,41456
2020,07/07/2020,08:30 AM,4,สงขลา,6.653873849,100.4293433,2,1,0,1,1,2020-07-07 08:30:00,7/7/2020,8:30 AM,79.0,89.0,3.0,29.67,Fair,2020.0,2020,4122,30715,4377,39214
2020,07/07/2020,08:30 AM,4,สงขลา,6.653873849,100.4293433,2,1,0,1,1,2020-07-07 08:30:00,7/7/2020,8:30 AM,79.0,89.0,3.0,29.67,Fair,2020.0,2020,9074,26179,2849,38102
2020,07/07/2020,08:30 AM,4,สงขลา,6.653873849,100.4293433,2,1,0,1,1,2020-07-07 08:30:00,7/7/2020,8:30 AM,79.0,89.0,3.0,29.67,Fair,2020.0,2020,4603,14861,2479,21943
2020,07/07/2020,08:30 AM,4,สงขลา,6.653873849,100.4293433,2,1,0,1,1,2020-07-07 08:30:00,7/7/2020,8:30 AM,79.0,89.0,3.0,29.67,Fair,2020.0,2020,3457,8773,1789,14019
2020,07/07/2020,08:30 AM,4,สงขลา,6.653873849,100.4293433,2,1,0,1,1,2020-07-07 08:30:00,7/7/2020,8:30 AM,79.0,89.0,3.0,29.67,Fair,2020.0,2020,39344,155491,30994,225829
2020,07/09/2020,06:30 PM,4,สงขลา,7.100469467,100.3370538,2,0,1,1,1,2020-07-09 18:30:00,7/9/2020,6:30 PM,84.0,79.0,5.0,29.58,Fair,2020.0,2020,6519,21741,6592,34852
2020,07/09/2020,06:30 PM,4,สงขลา,7.100469467,100.3370538,2,0,1,1,1,2020-07-09 18:30:00,7/9/2020,6:30 PM,84.0,79.0,5.0,29.58,Fair,2020.0,2020,8638,24060,3545,36243
2020,07/09/2020,06:30 PM,4,สงขลา,7.100469467,100.3370538,2,0,1,1,1,2020-07-09 18:30:00,7/9/2020,6:30 PM,84.0,79.0,5.0,29.58,Fair,2020.0,2020,2931,29162,9363,41456
2020,07/09/2020,06:30 PM,4,สงขลา,7.100469467,100.3370538,2,0,1,1,1,2020-07-09 18:30:00,7/9/2020,6:30 PM,84.0,79.0,5.0,29.58,Fair,2020.0,2020,4122,30715,4377,39214
2020,07/09/2020,06:30 PM,4,สงขลา,7.100469467,100.3370538,2,0,1,1,1,2020-07-09 18:30:00,7/9/2020,6:30 PM,84.0,79.0,5.0,29.58,Fair,2020.0,2020,9074,26179,2849,38102
2020,07/09/2020,06:30 PM,4,สงขลา,7.100469467,100.3370538,2,0,1,1,1,2020-07-09 18:30:00,7/9/2020,6:30 PM,84.0,79.0,5.0,29.58,Fair,2020.0,2020,4603,14861,2479,21943
2020,07/09/2020,06:30 PM,4,สงขลา,7.100469467,100.3370538,2,0,1,1,1,2020-07-09 18:30:00,7/9/2020,6:30 PM,84.0,79.0,5.0,29.58,Fair,2020.0,2020,3457,8773,1789,14019
2020,07/09/2020,06:30 PM,4,สงขลา,7.100469467,100.3370538,2,0,1,1,1,2020-07-09 18:30:00,7/9/2020,6:30 PM,84.0,79.0,5.0,29.58,Fair,2020.0,2020,39344,155491,30994,225829
2020,07/10/2020,07:00 PM,4,สงขลา,6.523862595,100.4185286,2,1,0,1,1,2020-07-10 19:00:00,7/10/2020,7:00 PM,81.0,84.0,3.0,29.67,Mostly Cloudy,2020.0,2020,6519,21741,6592,34852
2020,07/10/2020,07:00 PM,4,สงขลา,6.523862595,100.4185286,2,1,0,1,1,2020-07-10 19:00:00,7/10/2020,7:00 PM,81.0,84.0,3.0,29.67,Mostly Cloudy,2020.0,2020,8638,24060,3545,36243
2020,07/10/2020,07:00 PM,4,สงขลา,6.523862595,100.4185286,2,1,0,1,1,2020-07-10 19:00:00,7/10/2020,7:00 PM,81.0,84.0,3.0,29.67,Mostly Cloudy,2020.0,2020,2931,29162,9363,41456
2020,07/10/2020,07:00 PM,4,สงขลา,6.523862595,100.4185286,2,1,0,1,1,2020-07-10 19:00:00,7/10/2020,7:00 PM,81.0,84.0,3.0,29.67,Mostly Cloudy,2020.0,2020,4122,30715,4377,39214
2020,07/10/2020,07:00 PM,4,สงขลา,6.523862595,100.4185286,2,1,0,1,1,2020-07-10 19:00:00,7/10/2020,7:00 PM,81.0,84.0,3.0,29.67,Mostly Cloudy,2020.0,2020,9074,26179,2849,38102
2020,07/10/2020,07:00 PM,4,สงขลา,6.523862595,100.4185286,2,1,0,1,1,2020-07-10 19:00:00,7/10/2020,7:00 PM,81.0,84.0,3.0,29.67,Mostly Cloudy,2020.0,2020,4603,14861,2479,21943
2020,07/10/2020,07:00 PM,4,สงขลา,6.523862595,100.4185286,2,1,0,1,1,2020-07-10 19:00:00,7/10/2020,7:00 PM,81.0,84.0,3.0,29.67,Mostly Cloudy,2020.0,2020,3457,8773,1789,14019
2020,07/10/2020,07:00 PM,4,สงขลา,6.523862595,100.4185286,2,1,0,1,1,2020-07-10 19:00:00,7/10/2020,7:00 PM,81.0,84.0,3.0,29.67,Mostly Cloudy,2020.0,2020,39344,155491,30994,225829
2020,07/12/2020,02:30 AM,4,สงขลา,6.581033481,100.4118982,1,0,1,0,1,2020-07-12 02:30:00,7/12/2020,2:30 AM,75.0,100.0,2.0,29.64,Mostly Cloudy,2020.0,2020,6519,21741,6592,34852
2020,07/12/2020,02:30 AM,4,สงขลา,6.581033481,100.4118982,1,0,1,0,1,2020-07-12 02:30:00,7/12/2020,2:30 AM,75.0,100.0,2.0,29.64,Mostly Cloudy,2020.0,2020,8638,24060,3545,36243
2020,07/12/2020,02:30 AM,4,สงขลา,6.581033481,100.4118982,1,0,1,0,1,2020-07-12 02:30:00,7/12/2020,2:30 AM,75.0,100.0,2.0,29.64,Mostly Cloudy,2020.0,2020,2931,29162,9363,41456
2020,07/12/2020,02:30 AM,4,สงขลา,6.581033481,100.4118982,1,0,1,0,1,2020-07-12 02:30:00,7/12/2020,2:30 AM,75.0,100.0,2.0,29.64,Mostly Cloudy,2020.0,2020,4122,30715,4377,39214
2020,07/12/2020,02:30 AM,4,สงขลา,6.581033481,100.4118982,1,0,1,0,1,2020-07-12 02:30:00,7/12/2020,2:30 AM,75.0,100.0,2.0,29.64,Mostly Cloudy,2020.0,2020,9074,26179,2849,38102
2020,07/12/2020,02:30 AM,4,สงขลา,6.581033481,100.4118982,1,0,1,0,1,2020-07-12 02:30:00,7/12/2020,2:30 AM,75.0,100.0,2.0,29.64,Mostly Cloudy,2020.0,2020,4603,14861,2479,21943
2020,07/12/2020,02:30 AM,4,สงขลา,6.581033481,100.4118982,1,0,1,0,1,2020-07-12 02:30:00,7/12/2020,2:30 AM,75.0,100.0,2.0,29.64,Mostly Cloudy,2020.0,2020,3457,8773,1789,14019
2020,07/12/2020,02:30 AM,4,สงขลา,6.581033481,100.4118982,1,0,1,0,1,2020-07-12 02:30:00,7/12/2020,2:30 AM,75.0,100.0,2.0,29.64,Mostly Cloudy,2020.0,2020,39344,155491,30994,225829
2020,07/12/2020,09:00 AM,4,สงขลา,6.68481955,100.4389751,1,0,1,0,1,2020-07-12 09:00:00,7/12/2020,9:00 AM,84.0,74.0,10.0,29.67,Fair,2020.0,2020,6519,21741,6592,34852
2020,07/12/2020,09:00 AM,4,สงขลา,6.68481955,100.4389751,1,0,1,0,1,2020-07-12 09:00:00,7/12/2020,9:00 AM,84.0,74.0,10.0,29.67,Fair,2020.0,2020,8638,24060,3545,36243
2020,07/12/2020,09:00 AM,4,สงขลา,6.68481955,100.4389751,1,0,1,0,1,2020-07-12 09:00:00,7/12/2020,9:00 AM,84.0,74.0,10.0,29.67,Fair,2020.0,2020,2931,29162,9363,41456
2020,07/12/2020,09:00 AM,4,สงขลา,6.68481955,100.4389751,1,0,1,0,1,2020-07-12 09:00:00,7/12/2020,9:00 AM,84.0,74.0,10.0,29.67,Fair,2020.0,2020,4122,30715,4377,39214
2020,07/12/2020,09:00 AM,4,สงขลา,6.68481955,100.4389751,1,0,1,0,1,2020-07-12 09:00:00,7/12/2020,9:00 AM,84.0,74.0,10.0,29.67,Fair,2020.0,2020,9074,26179,2849,38102
2020,07/12/2020,09:00 AM,4,สงขลา,6.68481955,100.4389751,1,0,1,0,1,2020-07-12 09:00:00,7/12/2020,9:00 AM,84.0,74.0,10.0,29.67,Fair,2020.0,2020,4603,14861,2479,21943
2020,07/12/2020,09:00 AM,4,สงขลา,6.68481955,100.4389751,1,0,1,0,1,2020-07-12 09:00:00,7/12/2020,9:00 AM,84.0,74.0,10.0,29.67,Fair,2020.0,2020,3457,8773,1789,14019
2020,07/12/2020,09:00 AM,4,สงขลา,6.68481955,100.4389751,1,0,1,0,1,2020-07-12 09:00:00,7/12/2020,9:00 AM,84.0,74.0,10.0,29.67,Fair,2020.0,2020,39344,155491,30994,225829
2020,07/12/2020,09:30 PM,4,สงขลา,6.785946812,100.4530191,1,0,1,0,1,2020-07-12 21:30:00,7/12/2020,9:30 PM,79.0,94.0,3.0,29.67,Partly Cloudy,2020.0,2020,6519,21741,6592,34852
2020,07/12/2020,09:30 PM,4,สงขลา,6.785946812,100.4530191,1,0,1,0,1,2020-07-12 21:30:00,7/12/2020,9:30 PM,79.0,94.0,3.0,29.67,Partly Cloudy,2020.0,2020,8638,24060,3545,36243
2020,07/12/2020,09:30 PM,4,สงขลา,6.785946812,100.4530191,1,0,1,0,1,2020-07-12 21:30:00,7/12/2020,9:30 PM,79.0,94.0,3.0,29.67,Partly Cloudy,2020.0,2020,2931,29162,9363,41456
2020,07/12/2020,09:30 PM,4,สงขลา,6.785946812,100.4530191,1,0,1,0,1,2020-07-12 21:30:00,7/12/2020,9:30 PM,79.0,94.0,3.0,29.67,Partly Cloudy,2020.0,2020,4122,30715,4377,39214
2020,07/12/2020,09:30 PM,4,สงขลา,6.785946812,100.4530191,1,0,1,0,1,2020-07-12 21:30:00,7/12/2020,9:30 PM,79.0,94.0,3.0,29.67,Partly Cloudy,2020.0,2020,9074,26179,2849,38102
2020,07/12/2020,09:30 PM,4,สงขลา,6.785946812,100.4530191,1,0,1,0,1,2020-07-12 21:30:00,7/12/2020,9:30 PM,79.0,94.0,3.0,29.67,Partly Cloudy,2020.0,2020,4603,14861,2479,21943
2020,07/12/2020,09:30 PM,4,สงขลา,6.785946812,100.4530191,1,0,1,0,1,2020-07-12 21:30:00,7/12/2020,9:30 PM,79.0,94.0,3.0,29.67,Partly Cloudy,2020.0,2020,3457,8773,1789,14019
2020,07/12/2020,09:30 PM,4,สงขลา,6.785946812,100.4530191,1,0,1,0,1,2020-07-12 21:30:00,7/12/2020,9:30 PM,79.0,94.0,3.0,29.67,Partly Cloudy,2020.0,2020,39344,155491,30994,225829
2020,16/07/2020,12:00 PM,4,สงขลา,6.795918549,100.4532096,2,1,1,0,1,2020-07-16 12:00:00,7/16/2020,12:00 PM,90.0,66.0,3.0,29.61,Mostly Cloudy,2020.0,2020,6519,21741,6592,34852
2020,16/07/2020,12:00 PM,4,สงขลา,6.795918549,100.4532096,2,1,1,0,1,2020-07-16 12:00:00,7/16/2020,12:00 PM,90.0,66.0,3.0,29.61,Mostly Cloudy,2020.0,2020,8638,24060,3545,36243
2020,16/07/2020,12:00 PM,4,สงขลา,6.795918549,100.4532096,2,1,1,0,1,2020-07-16 12:00:00,7/16/2020,12:00 PM,90.0,66.0,3.0,29.61,Mostly Cloudy,2020.0,2020,2931,29162,9363,41456
2020,16/07/2020,12:00 PM,4,สงขลา,6.795918549,100.4532096,2,1,1,0,1,2020-07-16 12:00:00,7/16/2020,12:00 PM,90.0,66.0,3.0,29.61,Mostly Cloudy,2020.0,2020,4122,30715,4377,39214
2020,16/07/2020,12:00 PM,4,สงขลา,6.795918549,100.4532096,2,1,1,0,1,2020-07-16 12:00:00,7/16/2020,12:00 PM,90.0,66.0,3.0,29.61,Mostly Cloudy,2020.0,2020,9074,26179,2849,38102
2020,16/07/2020,12:00 PM,4,สงขลา,6.795918549,100.4532096,2,1,1,0,1,2020-07-16 12:00:00,7/16/2020,12:00 PM,90.0,66.0,3.0,29.61,Mostly Cloudy,2020.0,2020,4603,14861,2479,21943
2020,16/07/2020,12:00 PM,4,สงขลา,6.795918549,100.4532096,2,1,1,0,1,2020-07-16 12:00:00,7/16/2020,12:00 PM,90.0,66.0,3.0,29.61,Mostly Cloudy,2020.0,2020,3457,8773,1789,14019
2020,16/07/2020,12:00 PM,4,สงขลา,6.795918549,100.4532096,2,1,1,0,1,2020-07-16 12:00:00,7/16/2020,12:00 PM,90.0,66.0,3.0,29.61,Mostly Cloudy,2020.0,2020,39344,155491,30994,225829
2020,23/07/2020,11:00 AM,4,สงขลา,6.582970594,100.4124883,2,0,1,1,1,2020-07-23 11:00:00,7/23/2020,10:30 AM,86.0,70.0,8.0,29.67,Fair,2020.0,2020,6519,21741,6592,34852
2020,23/07/2020,11:00 AM,4,สงขลา,6.582970594,100.4124883,2,0,1,1,1,2020-07-23 11:00:00,7/23/2020,10:30 AM,86.0,70.0,8.0,29.67,Fair,2020.0,2020,8638,24060,3545,36243
2020,23/07/2020,11:00 AM,4,สงขลา,6.582970594,100.4124883,2,0,1,1,1,2020-07-23 11:00:00,7/23/2020,10:30 AM,86.0,70.0,8.0,29.67,Fair,2020.0,2020,2931,29162,9363,41456
2020,23/07/2020,11:00 AM,4,สงขลา,6.582970594,100.4124883,2,0,1,1,1,2020-07-23 11:00:00,7/23/2020,10:30 AM,86.0,70.0,8.0,29.67,Fair,2020.0,2020,4122,30715,4377,39214
2020,23/07/2020,11:00 AM,4,สงขลา,6.582970594,100.4124883,2,0,1,1,1,2020-07-23 11:00:00,7/23/2020,10:30 AM,86.0,70.0,8.0,29.67,Fair,2020.0,2020,9074,26179,2849,38102
2020,23/07/2020,11:00 AM,4,สงขลา,6.582970594,100.4124883,2,0,1,1,1,2020-07-23 11:00:00,7/23/2020,10:30 AM,86.0,70.0,8.0,29.67,Fair,2020.0,2020,4603,14861,2479,21943
2020,23/07/2020,11:00 AM,4,สงขลา,6.582970594,100.4124883,2,0,1,1,1,2020-07-23 11:00:00,7/23/2020,10:30 AM,86.0,70.0,8.0,29.67,Fair,2020.0,2020,3457,8773,1789,14019
2020,23/07/2020,11:00 AM,4,สงขลา,6.582970594,100.4124883,2,0,1,1,1,2020-07-23 11:00:00,7/23/2020,10:30 AM,86.0,70.0,8.0,29.67,Fair,2020.0,2020,39344,155491,30994,225829
2020,28/07/2020,10:30 AM,4,สงขลา,6.743143773,100.4513508,2,0,1,1,1,2020-07-28 10:30:00,7/28/2020,10:30 AM,88.0,70.0,8.0,29.67,Partly Cloudy,2020.0,2020,6519,21741,6592,34852
2020,28/07/2020,10:30 AM,4,สงขลา,6.743143773,100.4513508,2,0,1,1,1,2020-07-28 10:30:00,7/28/2020,10:30 AM,88.0,70.0,8.0,29.67,Partly Cloudy,2020.0,2020,8638,24060,3545,36243
2020,28/07/2020,10:30 AM,4,สงขลา,6.743143773,100.4513508,2,0,1,1,1,2020-07-28 10:30:00,7/28/2020,10:30 AM,88.0,70.0,8.0,29.67,Partly Cloudy,2020.0,2020,2931,29162,9363,41456
2020,28/07/2020,10:30 AM,4,สงขลา,6.743143773,100.4513508,2,0,1,1,1,2020-07-28 10:30:00,7/28/2020,10:30 AM,88.0,70.0,8.0,29.67,Partly Cloudy,2020.0,2020,4122,30715,4377,39214
2020,28/07/2020,10:30 AM,4,สงขลา,6.743143773,100.4513508,2,0,1,1,1,2020-07-28 10:30:00,7/28/2020,10:30 AM,88.0,70.0,8.0,29.67,Partly Cloudy,2020.0,2020,9074,26179,2849,38102
2020,28/07/2020,10:30 AM,4,สงขลา,6.743143773,100.4513508,2,0,1,1,1,2020-07-28 10:30:00,7/28/2020,10:30 AM,88.0,70.0,8.0,29.67,Partly Cloudy,2020.0,2020,4603,14861,2479,21943
2020,28/07/2020,10:30 AM,4,สงขลา,6.743143773,100.4513508,2,0,1,1,1,2020-07-28 10:30:00,7/28/2020,10:30 AM,88.0,70.0,8.0,29.67,Partly Cloudy,2020.0,2020,3457,8773,1789,14019
2020,28/07/2020,10:30 AM,4,สงขลา,6.743143773,100.4513508,2,0,1,1,1,2020-07-28 10:30:00,7/28/2020,10:30 AM,88.0,70.0,8.0,29.67,Partly Cloudy,2020.0,2020,39344,155491,30994,225829
2020,17/08/2020,07:30 AM,4,สงขลา,6.979197288,100.4654699,3,1,2,0,1,2020-08-17 07:30:00,8/17/2020,7:30 AM,77.0,100.0,2.0,29.7,Fair,2020.0,2020,6519,21741,6592,34852
2020,17/08/2020,07:30 AM,4,สงขลา,6.979197288,100.4654699,3,1,2,0,1,2020-08-17 07:30:00,8/17/2020,7:30 AM,77.0,100.0,2.0,29.7,Fair,2020.0,2020,8638,24060,3545,36243
2020,17/08/2020,07:30 AM,4,สงขลา,6.979197288,100.4654699,3,1,2,0,1,2020-08-17 07:30:00,8/17/2020,7:30 AM,77.0,100.0,2.0,29.7,Fair,2020.0,2020,2931,29162,9363,41456
2020,17/08/2020,07:30 AM,4,สงขลา,6.979197288,100.4654699,3,1,2,0,1,2020-08-17 07:30:00,8/17/2020,7:30 AM,77.0,100.0,2.0,29.7,Fair,2020.0,2020,4122,30715,4377,39214
2020,17/08/2020,07:30 AM,4,สงขลา,6.979197288,100.4654699,3,1,2,0,1,2020-08-17 07:30:00,8/17/2020,7:30 AM,77.0,100.0,2.0,29.7,Fair,2020.0,2020,9074,26179,2849,38102
2020,17/08/2020,07:30 AM,4,สงขลา,6.979197288,100.4654699,3,1,2,0,1,2020-08-17 07:30:00,8/17/2020,7:30 AM,77.0,100.0,2.0,29.7,Fair,2020.0,2020,4603,14861,2479,21943
2020,17/08/2020,07:30 AM,4,สงขลา,6.979197288,100.4654699,3,1,2,0,1,2020-08-17 07:30:00,8/17/2020,7:30 AM,77.0,100.0,2.0,29.7,Fair,2020.0,2020,3457,8773,1789,14019
2020,17/08/2020,07:30 AM,4,สงขลา,6.979197288,100.4654699,3,1,2,0,1,2020-08-17 07:30:00,8/17/2020,7:30 AM,77.0,100.0,2.0,29.7,Fair,2020.0,2020,39344,155491,30994,225829
2020,09/06/2020,05:30 PM,4,สงขลา,6.745844712,100.4515546,1,0,1,0,1,2020-09-06 17:30:00,9/6/2020,5:30 PM,86.0,66.0,7.0,29.58,Fair,2020.0,2020,6519,21741,6592,34852
2020,09/06/2020,05:30 PM,4,สงขลา,6.745844712,100.4515546,1,0,1,0,1,2020-09-06 17:30:00,9/6/2020,5:30 PM,86.0,66.0,7.0,29.58,Fair,2020.0,2020,8638,24060,3545,36243
2020,09/06/2020,05:30 PM,4,สงขลา,6.745844712,100.4515546,1,0,1,0,1,2020-09-06 17:30:00,9/6/2020,5:30 PM,86.0,66.0,7.0,29.58,Fair,2020.0,2020,2931,29162,9363,41456
2020,09/06/2020,05:30 PM,4,สงขลา,6.745844712,100.4515546,1,0,1,0,1,2020-09-06 17:30:00,9/6/2020,5:30 PM,86.0,66.0,7.0,29.58,Fair,2020.0,2020,4122,30715,4377,39214
2020,09/06/2020,05:30 PM,4,สงขลา,6.745844712,100.4515546,1,0,1,0,1,2020-09-06 17:30:00,9/6/2020,5:30 PM,86.0,66.0,7.0,29.58,Fair,2020.0,2020,9074,26179,2849,38102
2020,09/06/2020,05:30 PM,4,สงขลา,6.745844712,100.4515546,1,0,1,0,1,2020-09-06 17:30:00,9/6/2020,5:30 PM,86.0,66.0,7.0,29.58,Fair,2020.0,2020,4603,14861,2479,21943
2020,09/06/2020,05:30 PM,4,สงขลา,6.745844712,100.4515546,1,0,1,0,1,2020-09-06 17:30:00,9/6/2020,5:30 PM,86.0,66.0,7.0,29.58,Fair,2020.0,2020,3457,8773,1789,14019
2020,09/06/2020,05:30 PM,4,สงขลา,6.745844712,100.4515546,1,0,1,0,1,2020-09-06 17:30:00,9/6/2020,5:30 PM,86.0,66.0,7.0,29.58,Fair,2020.0,2020,39344,155491,30994,225829
2020,09/09/2020,01:30 PM,4,สงขลา,6.978965665,100.46617,1,0,0,1,1,2020-09-09 13:30:00,9/9/2020,1:30 PM,88.0,75.0,9.0,29.61,Light Rain,2020.0,2020,6519,21741,6592,34852
2020,09/09/2020,01:30 PM,4,สงขลา,6.978965665,100.46617,1,0,0,1,1,2020-09-09 13:30:00,9/9/2020,1:30 PM,88.0,75.0,9.0,29.61,Light Rain,2020.0,2020,8638,24060,3545,36243
2020,09/09/2020,01:30 PM,4,สงขลา,6.978965665,100.46617,1,0,0,1,1,2020-09-09 13:30:00,9/9/2020,1:30 PM,88.0,75.0,9.0,29.61,Light Rain,2020.0,2020,2931,29162,9363,41456
2020,09/09/2020,01:30 PM,4,สงขลา,6.978965665,100.46617,1,0,0,1,1,2020-09-09 13:30:00,9/9/2020,1:30 PM,88.0,75.0,9.0,29.61,Light Rain,2020.0,2020,4122,30715,4377,39214
2020,09/09/2020,01:30 PM,4,สงขลา,6.978965665,100.46617,1,0,0,1,1,2020-09-09 13:30:00,9/9/2020,1:30 PM,88.0,75.0,9.0,29.61,Light Rain,2020.0,2020,9074,26179,2849,38102
2020,09/09/2020,01:30 PM,4,สงขลา,6.978965665,100.46617,1,0,0,1,1,2020-09-09 13:30:00,9/9/2020,1:30 PM,88.0,75.0,9.0,29.61,Light Rain,2020.0,2020,4603,14861,2479,21943
2020,09/09/2020,01:30 PM,4,สงขลา,6.978965665,100.46617,1,0,0,1,1,2020-09-09 13:30:00,9/9/2020,1:30 PM,88.0,75.0,9.0,29.61,Light Rain,2020.0,2020,3457,8773,1789,14019
2020,09/09/2020,01:30 PM,4,สงขลา,6.978965665,100.46617,1,0,0,1,1,2020-09-09 13:30:00,9/9/2020,1:30 PM,88.0,75.0,9.0,29.61,Light Rain,2020.0,2020,39344,155491,30994,225829
2020,09/11/2020,08:30 PM,4,สงขลา,6.809706585,100.4554841,2,0,1,1,1,2020-09-11 20:30:00,9/11/2020,8:30 PM,81.0,89.0,3.0,29.7,Mostly Cloudy,2020.0,2020,6519,21741,6592,34852
2020,09/11/2020,08:30 PM,4,สงขลา,6.809706585,100.4554841,2,0,1,1,1,2020-09-11 20:30:00,9/11/2020,8:30 PM,81.0,89.0,3.0,29.7,Mostly Cloudy,2020.0,2020,8638,24060,3545,36243
2020,09/11/2020,08:30 PM,4,สงขลา,6.809706585,100.4554841,2,0,1,1,1,2020-09-11 20:30:00,9/11/2020,8:30 PM,81.0,89.0,3.0,29.7,Mostly Cloudy,2020.0,2020,2931,29162,9363,41456
2020,09/11/2020,08:30 PM,4,สงขลา,6.809706585,100.4554841,2,0,1,1,1,2020-09-11 20:30:00,9/11/2020,8:30 PM,81.0,89.0,3.0,29.7,Mostly Cloudy,2020.0,2020,4122,30715,4377,39214
2020,09/11/2020,08:30 PM,4,สงขลา,6.809706585,100.4554841,2,0,1,1,1,2020-09-11 20:30:00,9/11/2020,8:30 PM,81.0,89.0,3.0,29.7,Mostly Cloudy,2020.0,2020,9074,26179,2849,38102
2020,09/11/2020,08:30 PM,4,สงขลา,6.809706585,100.4554841,2,0,1,1,1,2020-09-11 20:30:00,9/11/2020,8:30 PM,81.0,89.0,3.0,29.7,Mostly Cloudy,2020.0,2020,4603,14861,2479,21943
2020,09/11/2020,08:30 PM,4,สงขลา,6.809706585,100.4554841,2,0,1,1,1,2020-09-11 20:30:00,9/11/2020,8:30 PM,81.0,89.0,3.0,29.7,Mostly Cloudy,2020.0,2020,3457,8773,1789,14019
2020,09/11/2020,08:30 PM,4,สงขลา,6.809706585,100.4554841,2,0,1,1,1,2020-09-11 20:30:00,9/11/2020,8:30 PM,81.0,89.0,3.0,29.7,Mostly Cloudy,2020.0,2020,39344,155491,30994,225829
2020,14/09/2020,08:30 PM,4,สงขลา,6.693786405,100.4408017,2,0,1,1,1,2020-09-14 20:30:00,9/14/2020,8:30 PM,77.0,100.0,2.0,29.67,Fair,2020.0,2020,6519,21741,6592,34852
2020,14/09/2020,08:30 PM,4,สงขลา,6.693786405,100.4408017,2,0,1,1,1,2020-09-14 20:30:00,9/14/2020,8:30 PM,77.0,100.0,2.0,29.67,Fair,2020.0,2020,8638,24060,3545,36243
2020,14/09/2020,08:30 PM,4,สงขลา,6.693786405,100.4408017,2,0,1,1,1,2020-09-14 20:30:00,9/14/2020,8:30 PM,77.0,100.0,2.0,29.67,Fair,2020.0,2020,2931,29162,9363,41456
2020,14/09/2020,08:30 PM,4,สงขลา,6.693786405,100.4408017,2,0,1,1,1,2020-09-14 20:30:00,9/14/2020,8:30 PM,77.0,100.0,2.0,29.67,Fair,2020.0,2020,4122,30715,4377,39214
2020,14/09/2020,08:30 PM,4,สงขลา,6.693786405,100.4408017,2,0,1,1,1,2020-09-14 20:30:00,9/14/2020,8:30 PM,77.0,100.0,2.0,29.67,Fair,2020.0,2020,9074,26179,2849,38102
2020,14/09/2020,08:30 PM,4,สงขลา,6.693786405,100.4408017,2,0,1,1,1,2020-09-14 20:30:00,9/14/2020,8:30 PM,77.0,100.0,2.0,29.67,Fair,2020.0,2020,4603,14861,2479,21943
2020,14/09/2020,08:30 PM,4,สงขลา,6.693786405,100.4408017,2,0,1,1,1,2020-09-14 20:30:00,9/14/2020,8:30 PM,77.0,100.0,2.0,29.67,Fair,2020.0,2020,3457,8773,1789,14019
2020,14/09/2020,08:30 PM,4,สงขลา,6.693786405,100.4408017,2,0,1,1,1,2020-09-14 20:30:00,9/14/2020,8:30 PM,77.0,100.0,2.0,29.67,Fair,2020.0,2020,39344,155491,30994,225829
2020,17/09/2020,09:30 PM,4,สงขลา,6.694753408,100.4410967,1,0,1,0,1,2020-09-17 21:30:00,9/17/2020,9:30 PM,79.0,94.0,3.0,29.67,Light Rain,2020.0,2020,6519,21741,6592,34852
2020,17/09/2020,09:30 PM,4,สงขลา,6.694753408,100.4410967,1,0,1,0,1,2020-09-17 21:30:00,9/17/2020,9:30 PM,79.0,94.0,3.0,29.67,Light Rain,2020.0,2020,8638,24060,3545,36243
2020,17/09/2020,09:30 PM,4,สงขลา,6.694753408,100.4410967,1,0,1,0,1,2020-09-17 21:30:00,9/17/2020,9:30 PM,79.0,94.0,3.0,29.67,Light Rain,2020.0,2020,2931,29162,9363,41456
2020,17/09/2020,09:30 PM,4,สงขลา,6.694753408,100.4410967,1,0,1,0,1,2020-09-17 21:30:00,9/17/2020,9:30 PM,79.0,94.0,3.0,29.67,Light Rain,2020.0,2020,4122,30715,4377,39214
2020,17/09/2020,09:30 PM,4,สงขลา,6.694753408,100.4410967,1,0,1,0,1,2020-09-17 21:30:00,9/17/2020,9:30 PM,79.0,94.0,3.0,29.67,Light Rain,2020.0,2020,9074,26179,2849,38102
2020,17/09/2020,09:30 PM,4,สงขลา,6.694753408,100.4410967,1,0,1,0,1,2020-09-17 21:30:00,9/17/2020,9:30 PM,79.0,94.0,3.0,29.67,Light Rain,2020.0,2020,4603,14861,2479,21943
2020,17/09/2020,09:30 PM,4,สงขลา,6.694753408,100.4410967,1,0,1,0,1,2020-09-17 21:30:00,9/17/2020,9:30 PM,79.0,94.0,3.0,29.67,Light Rain,2020.0,2020,3457,8773,1789,14019
2020,17/09/2020,09:30 PM,4,สงขลา,6.694753408,100.4410967,1,0,1,0,1,2020-09-17 21:30:00,9/17/2020,9:30 PM,79.0,94.0,3.0,29.67,Light Rain,2020.0,2020,39344,155491,30994,225829
2020,21/09/2020,08:30 AM,4,สงขลา,6.782090166,100.4529521,1,0,1,0,1,2020-09-21 08:30:00,9/21/2020,8:30 AM,84.0,89.0,0.0,29.7,Mostly Cloudy,2020.0,2020,6519,21741,6592,34852
2020,21/09/2020,08:30 AM,4,สงขลา,6.782090166,100.4529521,1,0,1,0,1,2020-09-21 08:30:00,9/21/2020,8:30 AM,84.0,89.0,0.0,29.7,Mostly Cloudy,2020.0,2020,8638,24060,3545,36243
2020,21/09/2020,08:30 AM,4,สงขลา,6.782090166,100.4529521,1,0,1,0,1,2020-09-21 08:30:00,9/21/2020,8:30 AM,84.0,89.0,0.0,29.7,Mostly Cloudy,2020.0,2020,2931,29162,9363,41456
2020,21/09/2020,08:30 AM,4,สงขลา,6.782090166,100.4529521,1,0,1,0,1,2020-09-21 08:30:00,9/21/2020,8:30 AM,84.0,89.0,0.0,29.7,Mostly Cloudy,2020.0,2020,4122,30715,4377,39214
2020,21/09/2020,08:30 AM,4,สงขลา,6.782090166,100.4529521,1,0,1,0,1,2020-09-21 08:30:00,9/21/2020,8:30 AM,84.0,89.0,0.0,29.7,Mostly Cloudy,2020.0,2020,9074,26179,2849,38102
2020,21/09/2020,08:30 AM,4,สงขลา,6.782090166,100.4529521,1,0,1,0,1,2020-09-21 08:30:00,9/21/2020,8:30 AM,84.0,89.0,0.0,29.7,Mostly Cloudy,2020.0,2020,4603,14861,2479,21943
2020,21/09/2020,08:30 AM,4,สงขลา,6.782090166,100.4529521,1,0,1,0,1,2020-09-21 08:30:00,9/21/2020,8:30 AM,84.0,89.0,0.0,29.7,Mostly Cloudy,2020.0,2020,3457,8773,1789,14019
2020,21/09/2020,08:30 AM,4,สงขลา,6.782090166,100.4529521,1,0,1,0,1,2020-09-21 08:30:00,9/21/2020,8:30 AM,84.0,89.0,0.0,29.7,Mostly Cloudy,2020.0,2020,39344,155491,30994,225829
2020,30/09/2020,10:00 PM,4,สงขลา,6.871216575,100.4704052,2,0,1,1,1,2020-09-30 22:00:00,9/30/2020,10:00 PM,77.0,100.0,2.0,29.67,Fair,2020.0,2020,6519,21741,6592,34852
2020,30/09/2020,10:00 PM,4,สงขลา,6.871216575,100.4704052,2,0,1,1,1,2020-09-30 22:00:00,9/30/2020,10:00 PM,77.0,100.0,2.0,29.67,Fair,2020.0,2020,8638,24060,3545,36243
2020,30/09/2020,10:00 PM,4,สงขลา,6.871216575,100.4704052,2,0,1,1,1,2020-09-30 22:00:00,9/30/2020,10:00 PM,77.0,100.0,2.0,29.67,Fair,2020.0,2020,2931,29162,9363,41456
2020,30/09/2020,10:00 PM,4,สงขลา,6.871216575,100.4704052,2,0,1,1,1,2020-09-30 22:00:00,9/30/2020,10:00 PM,77.0,100.0,2.0,29.67,Fair,2020.0,2020,4122,30715,4377,39214
2020,30/09/2020,10:00 PM,4,สงขลา,6.871216575,100.4704052,2,0,1,1,1,2020-09-30 22:00:00,9/30/2020,10:00 PM,77.0,100.0,2.0,29.67,Fair,2020.0,2020,9074,26179,2849,38102
2020,30/09/2020,10:00 PM,4,สงขลา,6.871216575,100.4704052,2,0,1,1,1,2020-09-30 22:00:00,9/30/2020,10:00 PM,77.0,100.0,2.0,29.67,Fair,2020.0,2020,4603,14861,2479,21943
2020,30/09/2020,10:00 PM,4,สงขลา,6.871216575,100.4704052,2,0,1,1,1,2020-09-30 22:00:00,9/30/2020,10:00 PM,77.0,100.0,2.0,29.67,Fair,2020.0,2020,3457,8773,1789,14019
2020,30/09/2020,10:00 PM,4,สงขลา,6.871216575,100.4704052,2,0,1,1,1,2020-09-30 22:00:00,9/30/2020,10:00 PM,77.0,100.0,2.0,29.67,Fair,2020.0,2020,39344,155491,30994,225829
2020,10/10/2020,10:30 PM,4,สงขลา,6.984308943,100.4503074,1,0,1,0,1,2020-10-10 22:30:00,10/10/2020,10:30 PM,75.0,100.0,0.0,29.67,Mostly Cloudy,2020.0,2020,6519,21741,6592,34852
2020,10/10/2020,10:30 PM,4,สงขลา,6.984308943,100.4503074,1,0,1,0,1,2020-10-10 22:30:00,10/10/2020,10:30 PM,75.0,100.0,0.0,29.67,Mostly Cloudy,2020.0,2020,8638,24060,3545,36243
2020,10/10/2020,10:30 PM,4,สงขลา,6.984308943,100.4503074,1,0,1,0,1,2020-10-10 22:30:00,10/10/2020,10:30 PM,75.0,100.0,0.0,29.67,Mostly Cloudy,2020.0,2020,2931,29162,9363,41456
2020,10/10/2020,10:30 PM,4,สงขลา,6.984308943,100.4503074,1,0,1,0,1,2020-10-10 22:30:00,10/10/2020,10:30 PM,75.0,100.0,0.0,29.67,Mostly Cloudy,2020.0,2020,4122,30715,4377,39214
2020,10/10/2020,10:30 PM,4,สงขลา,6.984308943,100.4503074,1,0,1,0,1,2020-10-10 22:30:00,10/10/2020,10:30 PM,75.0,100.0,0.0,29.67,Mostly Cloudy,2020.0,2020,9074,26179,2849,38102
2020,10/10/2020,10:30 PM,4,สงขลา,6.984308943,100.4503074,1,0,1,0,1,2020-10-10 22:30:00,10/10/2020,10:30 PM,75.0,100.0,0.0,29.67,Mostly Cloudy,2020.0,2020,4603,14861,2479,21943
2020,10/10/2020,10:30 PM,4,สงขลา,6.984308943,100.4503074,1,0,1,0,1,2020-10-10 22:30:00,10/10/2020,10:30 PM,75.0,100.0,0.0,29.67,Mostly Cloudy,2020.0,2020,3457,8773,1789,14019
2020,10/10/2020,10:30 PM,4,สงขลา,6.984308943,100.4503074,1,0,1,0,1,2020-10-10 22:30:00,10/10/2020,10:30 PM,75.0,100.0,0.0,29.67,Mostly Cloudy,2020.0,2020,39344,155491,30994,225829
2020,22/10/2020,10:30 AM,4,สงขลา,6.786226471,100.4530594,2,1,0,1,1,2020-10-22 10:30:00,10/22/2020,10:30 AM,86.0,74.0,5.0,29.7,Mostly Cloudy,2020.0,2020,6519,21741,6592,34852
2020,22/10/2020,10:30 AM,4,สงขลา,6.786226471,100.4530594,2,1,0,1,1,2020-10-22 10:30:00,10/22/2020,10:30 AM,86.0,74.0,5.0,29.7,Mostly Cloudy,2020.0,2020,8638,24060,3545,36243
2020,22/10/2020,10:30 AM,4,สงขลา,6.786226471,100.4530594,2,1,0,1,1,2020-10-22 10:30:00,10/22/2020,10:30 AM,86.0,74.0,5.0,29.7,Mostly Cloudy,2020.0,2020,2931,29162,9363,41456
2020,22/10/2020,10:30 AM,4,สงขลา,6.786226471,100.4530594,2,1,0,1,1,2020-10-22 10:30:00,10/22/2020,10:30 AM,86.0,74.0,5.0,29.7,Mostly Cloudy,2020.0,2020,4122,30715,4377,39214
2020,22/10/2020,10:30 AM,4,สงขลา,6.786226471,100.4530594,2,1,0,1,1,2020-10-22 10:30:00,10/22/2020,10:30 AM,86.0,74.0,5.0,29.7,Mostly Cloudy,2020.0,2020,9074,26179,2849,38102
2020,22/10/2020,10:30 AM,4,สงขลา,6.786226471,100.4530594,2,1,0,1,1,2020-10-22 10:30:00,10/22/2020,10:30 AM,86.0,74.0,5.0,29.7,Mostly Cloudy,2020.0,2020,4603,14861,2479,21943
2020,22/10/2020,10:30 AM,4,สงขลา,6.786226471,100.4530594,2,1,0,1,1,2020-10-22 10:30:00,10/22/2020,10:30 AM,86.0,74.0,5.0,29.7,Mostly Cloudy,2020.0,2020,3457,8773,1789,14019
2020,22/10/2020,10:30 AM,4,สงขลา,6.786226471,100.4530594,2,1,0,1,1,2020-10-22 10:30:00,10/22/2020,10:30 AM,86.0,74.0,5.0,29.7,Mostly Cloudy,2020.0,2020,39344,155491,30994,225829
2020,30/10/2020,02:00 PM,4,สงขลา,6.791500009,100.4530781,2,1,1,0,1,2020-10-30 14:00:00,10/30/2020,2:00 PM,91.0,59.0,5.0,29.61,Mostly Cloudy,2020.0,2020,6519,21741,6592,34852
2020,30/10/2020,02:00 PM,4,สงขลา,6.791500009,100.4530781,2,1,1,0,1,2020-10-30 14:00:00,10/30/2020,2:00 PM,91.0,59.0,5.0,29.61,Mostly Cloudy,2020.0,2020,8638,24060,3545,36243
2020,30/10/2020,02:00 PM,4,สงขลา,6.791500009,100.4530781,2,1,1,0,1,2020-10-30 14:00:00,10/30/2020,2:00 PM,91.0,59.0,5.0,29.61,Mostly Cloudy,2020.0,2020,2931,29162,9363,41456
2020,30/10/2020,02:00 PM,4,สงขลา,6.791500009,100.4530781,2,1,1,0,1,2020-10-30 14:00:00,10/30/2020,2:00 PM,91.0,59.0,5.0,29.61,Mostly Cloudy,2020.0,2020,4122,30715,4377,39214
2020,30/10/2020,02:00 PM,4,สงขลา,6.791500009,100.4530781,2,1,1,0,1,2020-10-30 14:00:00,10/30/2020,2:00 PM,91.0,59.0,5.0,29.61,Mostly Cloudy,2020.0,2020,9074,26179,2849,38102
2020,30/10/2020,02:00 PM,4,สงขลา,6.791500009,100.4530781,2,1,1,0,1,2020-10-30 14:00:00,10/30/2020,2:00 PM,91.0,59.0,5.0,29.61,Mostly Cloudy,2020.0,2020,4603,14861,2479,21943
2020,30/10/2020,02:00 PM,4,สงขลา,6.791500009,100.4530781,2,1,1,0,1,2020-10-30 14:00:00,10/30/2020,2:00 PM,91.0,59.0,5.0,29.61,Mostly Cloudy,2020.0,2020,3457,8773,1789,14019
2020,30/10/2020,02:00 PM,4,สงขลา,6.791500009,100.4530781,2,1,1,0,1,2020-10-30 14:00:00,10/30/2020,2:00 PM,91.0,59.0,5.0,29.61,Mostly Cloudy,2020.0,2020,39344,155491,30994,225829
2020,11/07/2020,08:30 PM,4,สงขลา,6.531827741,100.4172143,2,1,0,1,1,2020-11-07 20:30:00,11/7/2020,8:30 PM,77.0,100.0,0.0,29.76,Mostly Cloudy,2020.0,2020,6519,21741,6592,34852
2020,11/07/2020,08:30 PM,4,สงขลา,6.531827741,100.4172143,2,1,0,1,1,2020-11-07 20:30:00,11/7/2020,8:30 PM,77.0,100.0,0.0,29.76,Mostly Cloudy,2020.0,2020,8638,24060,3545,36243
2020,11/07/2020,08:30 PM,4,สงขลา,6.531827741,100.4172143,2,1,0,1,1,2020-11-07 20:30:00,11/7/2020,8:30 PM,77.0,100.0,0.0,29.76,Mostly Cloudy,2020.0,2020,2931,29162,9363,41456
2020,11/07/2020,08:30 PM,4,สงขลา,6.531827741,100.4172143,2,1,0,1,1,2020-11-07 20:30:00,11/7/2020,8:30 PM,77.0,100.0,0.0,29.76,Mostly Cloudy,2020.0,2020,4122,30715,4377,39214
2020,11/07/2020,08:30 PM,4,สงขลา,6.531827741,100.4172143,2,1,0,1,1,2020-11-07 20:30:00,11/7/2020,8:30 PM,77.0,100.0,0.0,29.76,Mostly Cloudy,2020.0,2020,9074,26179,2849,38102
2020,11/07/2020,08:30 PM,4,สงขลา,6.531827741,100.4172143,2,1,0,1,1,2020-11-07 20:30:00,11/7/2020,8:30 PM,77.0,100.0,0.0,29.76,Mostly Cloudy,2020.0,2020,4603,14861,2479,21943
2020,11/07/2020,08:30 PM,4,สงขลา,6.531827741,100.4172143,2,1,0,1,1,2020-11-07 20:30:00,11/7/2020,8:30 PM,77.0,100.0,0.0,29.76,Mostly Cloudy,2020.0,2020,3457,8773,1789,14019
2020,11/07/2020,08:30 PM,4,สงขลา,6.531827741,100.4172143,2,1,0,1,1,2020-11-07 20:30:00,11/7/2020,8:30 PM,77.0,100.0,0.0,29.76,Mostly Cloudy,2020.0,2020,39344,155491,30994,225829
2020,11/09/2020,11:00 AM,4,สงขลา,6.884475189,100.4700833,2,0,2,0,1,2020-11-09 11:00:00,,,,,,,,,2020,6519,21741,6592,34852
2020,11/09/2020,11:00 AM,4,สงขลา,6.884475189,100.4700833,2,0,2,0,1,2020-11-09 11:00:00,,,,,,,,,2020,8638,24060,3545,36243
2020,11/09/2020,11:00 AM,4,สงขลา,6.884475189,100.4700833,2,0,2,0,1,2020-11-09 11:00:00,,,,,,,,,2020,2931,29162,9363,41456
2020,11/09/2020,11:00 AM,4,สงขลา,6.884475189,100.4700833,2,0,2,0,1,2020-11-09 11:00:00,,,,,,,,,2020,4122,30715,4377,39214
2020,11/09/2020,11:00 AM,4,สงขลา,6.884475189,100.4700833,2,0,2,0,1,2020-11-09 11:00:00,,,,,,,,,2020,9074,26179,2849,38102
2020,11/09/2020,11:00 AM,4,สงขลา,6.884475189,100.4700833,2,0,2,0,1,2020-11-09 11:00:00,,,,,,,,,2020,4603,14861,2479,21943
2020,11/09/2020,11:00 AM,4,สงขลา,6.884475189,100.4700833,2,0,2,0,1,2020-11-09 11:00:00,,,,,,,,,2020,3457,8773,1789,14019
2020,11/09/2020,11:00 AM,4,สงขลา,6.884475189,100.4700833,2,0,2,0,1,2020-11-09 11:00:00,,,,,,,,,2020,39344,155491,30994,225829
2020,11/11/2020,09:30 AM,4,สงขลา,6.938312693,100.4701745,1,0,0,1,1,2020-11-11 09:30:00,11/11/2020,9:30 AM,82.0,79.0,8.0,29.76,Mostly Cloudy,2020.0,2020,6519,21741,6592,34852
2020,11/11/2020,09:30 AM,4,สงขลา,6.938312693,100.4701745,1,0,0,1,1,2020-11-11 09:30:00,11/11/2020,9:30 AM,82.0,79.0,8.0,29.76,Mostly Cloudy,2020.0,2020,8638,24060,3545,36243
2020,11/11/2020,09:30 AM,4,สงขลา,6.938312693,100.4701745,1,0,0,1,1,2020-11-11 09:30:00,11/11/2020,9:30 AM,82.0,79.0,8.0,29.76,Mostly Cloudy,2020.0,2020,2931,29162,9363,41456
2020,11/11/2020,09:30 AM,4,สงขลา,6.938312693,100.4701745,1,0,0,1,1,2020-11-11 09:30:00,11/11/2020,9:30 AM,82.0,79.0,8.0,29.76,Mostly Cloudy,2020.0,2020,4122,30715,4377,39214
2020,11/11/2020,09:30 AM,4,สงขลา,6.938312693,100.4701745,1,0,0,1,1,2020-11-11 09:30:00,11/11/2020,9:30 AM,82.0,79.0,8.0,29.76,Mostly Cloudy,2020.0,2020,9074,26179,2849,38102
2020,11/11/2020,09:30 AM,4,สงขลา,6.938312693,100.4701745,1,0,0,1,1,2020-11-11 09:30:00,11/11/2020,9:30 AM,82.0,79.0,8.0,29.76,Mostly Cloudy,2020.0,2020,4603,14861,2479,21943
2020,11/11/2020,09:30 AM,4,สงขลา,6.938312693,100.4701745,1,0,0,1,1,2020-11-11 09:30:00,11/11/2020,9:30 AM,82.0,79.0,8.0,29.76,Mostly Cloudy,2020.0,2020,3457,8773,1789,14019
2020,11/11/2020,09:30 AM,4,สงขลา,6.938312693,100.4701745,1,0,0,1,1,2020-11-11 09:30:00,11/11/2020,9:30 AM,82.0,79.0,8.0,29.76,Mostly Cloudy,2020.0,2020,39344,155491,30994,225829
2020,14/11/2020,02:00 AM,4,สงขลา,6.712524094,100.4453534,1,0,0,1,1,2020-11-14 02:00:00,11/14/2020,2:00 AM,75.0,100.0,0.0,29.67,Partly Cloudy,2020.0,2020,6519,21741,6592,34852
2020,14/11/2020,02:00 AM,4,สงขลา,6.712524094,100.4453534,1,0,0,1,1,2020-11-14 02:00:00,11/14/2020,2:00 AM,75.0,100.0,0.0,29.67,Partly Cloudy,2020.0,2020,8638,24060,3545,36243
2020,14/11/2020,02:00 AM,4,สงขลา,6.712524094,100.4453534,1,0,0,1,1,2020-11-14 02:00:00,11/14/2020,2:00 AM,75.0,100.0,0.0,29.67,Partly Cloudy,2020.0,2020,2931,29162,9363,41456
2020,14/11/2020,02:00 AM,4,สงขลา,6.712524094,100.4453534,1,0,0,1,1,2020-11-14 02:00:00,11/14/2020,2:00 AM,75.0,100.0,0.0,29.67,Partly Cloudy,2020.0,2020,4122,30715,4377,39214
2020,14/11/2020,02:00 AM,4,สงขลา,6.712524094,100.4453534,1,0,0,1,1,2020-11-14 02:00:00,11/14/2020,2:00 AM,75.0,100.0,0.0,29.67,Partly Cloudy,2020.0,2020,9074,26179,2849,38102
2020,14/11/2020,02:00 AM,4,สงขลา,6.712524094,100.4453534,1,0,0,1,1,2020-11-14 02:00:00,11/14/2020,2:00 AM,75.0,100.0,0.0,29.67,Partly Cloudy,2020.0,2020,4603,14861,2479,21943
2020,14/11/2020,02:00 AM,4,สงขลา,6.712524094,100.4453534,1,0,0,1,1,2020-11-14 02:00:00,11/14/2020,2:00 AM,75.0,100.0,0.0,29.67,Partly Cloudy,2020.0,2020,3457,8773,1789,14019
2020,14/11/2020,02:00 AM,4,สงขลา,6.712524094,100.4453534,1,0,0,1,1,2020-11-14 02:00:00,11/14/2020,2:00 AM,75.0,100.0,0.0,29.67,Partly Cloudy,2020.0,2020,39344,155491,30994,225829
2020,17/11/2020,11:30 PM,4,สงขลา,6.751534213,100.4526758,1,0,0,1,1,2020-11-17 23:30:00,11/17/2020,11:30 PM,75.0,100.0,0.0,29.7,Light Rain,2020.0,2020,6519,21741,6592,34852
2020,17/11/2020,11:30 PM,4,สงขลา,6.751534213,100.4526758,1,0,0,1,1,2020-11-17 23:30:00,11/17/2020,11:30 PM,75.0,100.0,0.0,29.7,Light Rain,2020.0,2020,8638,24060,3545,36243
2020,17/11/2020,11:30 PM,4,สงขลา,6.751534213,100.4526758,1,0,0,1,1,2020-11-17 23:30:00,11/17/2020,11:30 PM,75.0,100.0,0.0,29.7,Light Rain,2020.0,2020,2931,29162,9363,41456
2020,17/11/2020,11:30 PM,4,สงขลา,6.751534213,100.4526758,1,0,0,1,1,2020-11-17 23:30:00,11/17/2020,11:30 PM,75.0,100.0,0.0,29.7,Light Rain,2020.0,2020,4122,30715,4377,39214
2020,17/11/2020,11:30 PM,4,สงขลา,6.751534213,100.4526758,1,0,0,1,1,2020-11-17 23:30:00,11/17/2020,11:30 PM,75.0,100.0,0.0,29.7,Light Rain,2020.0,2020,9074,26179,2849,38102
2020,17/11/2020,11:30 PM,4,สงขลา,6.751534213,100.4526758,1,0,0,1,1,2020-11-17 23:30:00,11/17/2020,11:30 PM,75.0,100.0,0.0,29.7,Light Rain,2020.0,2020,4603,14861,2479,21943
2020,17/11/2020,11:30 PM,4,สงขลา,6.751534213,100.4526758,1,0,0,1,1,2020-11-17 23:30:00,11/17/2020,11:30 PM,75.0,100.0,0.0,29.7,Light Rain,2020.0,2020,3457,8773,1789,14019
2020,17/11/2020,11:30 PM,4,สงขลา,6.751534213,100.4526758,1,0,0,1,1,2020-11-17 23:30:00,11/17/2020,11:30 PM,75.0,100.0,0.0,29.7,Light Rain,2020.0,2020,39344,155491,30994,225829
2020,18/11/2020,05:30 PM,4,สงขลา,6.531822411,100.4172814,2,1,0,1,1,2020-11-18 17:30:00,11/18/2020,5:30 PM,81.0,100.0,0.0,29.61,Mostly Cloudy,2020.0,2020,6519,21741,6592,34852
2020,18/11/2020,05:30 PM,4,สงขลา,6.531822411,100.4172814,2,1,0,1,1,2020-11-18 17:30:00,11/18/2020,5:30 PM,81.0,100.0,0.0,29.61,Mostly Cloudy,2020.0,2020,8638,24060,3545,36243
2020,18/11/2020,05:30 PM,4,สงขลา,6.531822411,100.4172814,2,1,0,1,1,2020-11-18 17:30:00,11/18/2020,5:30 PM,81.0,100.0,0.0,29.61,Mostly Cloudy,2020.0,2020,2931,29162,9363,41456
2020,18/11/2020,05:30 PM,4,สงขลา,6.531822411,100.4172814,2,1,0,1,1,2020-11-18 17:30:00,11/18/2020,5:30 PM,81.0,100.0,0.0,29.61,Mostly Cloudy,2020.0,2020,4122,30715,4377,39214
2020,18/11/2020,05:30 PM,4,สงขลา,6.531822411,100.4172814,2,1,0,1,1,2020-11-18 17:30:00,11/18/2020,5:30 PM,81.0,100.0,0.0,29.61,Mostly Cloudy,2020.0,2020,9074,26179,2849,38102
2020,18/11/2020,05:30 PM,4,สงขลา,6.531822411,100.4172814,2,1,0,1,1,2020-11-18 17:30:00,11/18/2020,5:30 PM,81.0,100.0,0.0,29.61,Mostly Cloudy,2020.0,2020,4603,14861,2479,21943
2020,18/11/2020,05:30 PM,4,สงขลา,6.531822411,100.4172814,2,1,0,1,1,2020-11-18 17:30:00,11/18/2020,5:30 PM,81.0,100.0,0.0,29.61,Mostly Cloudy,2020.0,2020,3457,8773,1789,14019
2020,18/11/2020,05:30 PM,4,สงขลา,6.531822411,100.4172814,2,1,0,1,1,2020-11-18 17:30:00,11/18/2020,5:30 PM,81.0,100.0,0.0,29.61,Mostly Cloudy,2020.0,2020,39344,155491,30994,225829
2020,24/11/2020,09:30 AM,4,สงขลา,6.961513727,100.4750213,2,1,0,1,1,2020-11-24 09:30:00,11/24/2020,9:30 AM,81.0,84.0,5.0,29.76,Mostly Cloudy,2020.0,2020,6519,21741,6592,34852
2020,24/11/2020,09:30 AM,4,สงขลา,6.961513727,100.4750213,2,1,0,1,1,2020-11-24 09:30:00,11/24/2020,9:30 AM,81.0,84.0,5.0,29.76,Mostly Cloudy,2020.0,2020,8638,24060,3545,36243
2020,24/11/2020,09:30 AM,4,สงขลา,6.961513727,100.4750213,2,1,0,1,1,2020-11-24 09:30:00,11/24/2020,9:30 AM,81.0,84.0,5.0,29.76,Mostly Cloudy,2020.0,2020,2931,29162,9363,41456
2020,24/11/2020,09:30 AM,4,สงขลา,6.961513727,100.4750213,2,1,0,1,1,2020-11-24 09:30:00,11/24/2020,9:30 AM,81.0,84.0,5.0,29.76,Mostly Cloudy,2020.0,2020,4122,30715,4377,39214
2020,24/11/2020,09:30 AM,4,สงขลา,6.961513727,100.4750213,2,1,0,1,1,2020-11-24 09:30:00,11/24/2020,9:30 AM,81.0,84.0,5.0,29.76,Mostly Cloudy,2020.0,2020,9074,26179,2849,38102
2020,24/11/2020,09:30 AM,4,สงขลา,6.961513727,100.4750213,2,1,0,1,1,2020-11-24 09:30:00,11/24/2020,9:30 AM,81.0,84.0,5.0,29.76,Mostly Cloudy,2020.0,2020,4603,14861,2479,21943
2020,24/11/2020,09:30 AM,4,สงขลา,6.961513727,100.4750213,2,1,0,1,1,2020-11-24 09:30:00,11/24/2020,9:30 AM,81.0,84.0,5.0,29.76,Mostly Cloudy,2020.0,2020,3457,8773,1789,14019
2020,24/11/2020,09:30 AM,4,สงขลา,6.961513727,100.4750213,2,1,0,1,1,2020-11-24 09:30:00,11/24/2020,9:30 AM,81.0,84.0,5.0,29.76,Mostly Cloudy,2020.0,2020,39344,155491,30994,225829
2020,27/11/2020,11:00 AM,4,สงขลา,6.991478477,100.41877,1,0,1,0,1,2020-11-27 11:00:00,11/27/2020,11:00 AM,75.0,100.0,5.0,29.76,Rain,2020.0,2020,6519,21741,6592,34852
2020,27/11/2020,11:00 AM,4,สงขลา,6.991478477,100.41877,1,0,1,0,1,2020-11-27 11:00:00,11/27/2020,11:00 AM,75.0,100.0,5.0,29.76,Rain,2020.0,2020,8638,24060,3545,36243
2020,27/11/2020,11:00 AM,4,สงขลา,6.991478477,100.41877,1,0,1,0,1,2020-11-27 11:00:00,11/27/2020,11:00 AM,75.0,100.0,5.0,29.76,Rain,2020.0,2020,2931,29162,9363,41456
2020,27/11/2020,11:00 AM,4,สงขลา,6.991478477,100.41877,1,0,1,0,1,2020-11-27 11:00:00,11/27/2020,11:00 AM,75.0,100.0,5.0,29.76,Rain,2020.0,2020,4122,30715,4377,39214
2020,27/11/2020,11:00 AM,4,สงขลา,6.991478477,100.41877,1,0,1,0,1,2020-11-27 11:00:00,11/27/2020,11:00 AM,75.0,100.0,5.0,29.76,Rain,2020.0,2020,9074,26179,2849,38102
2020,27/11/2020,11:00 AM,4,สงขลา,6.991478477,100.41877,1,0,1,0,1,2020-11-27 11:00:00,11/27/2020,11:00 AM,75.0,100.0,5.0,29.76,Rain,2020.0,2020,4603,14861,2479,21943
2020,27/11/2020,11:00 AM,4,สงขลา,6.991478477,100.41877,1,0,1,0,1,2020-11-27 11:00:00,11/27/2020,11:00 AM,75.0,100.0,5.0,29.76,Rain,2020.0,2020,3457,8773,1789,14019
2020,27/11/2020,11:00 AM,4,สงขลา,6.991478477,100.41877,1,0,1,0,1,2020-11-27 11:00:00,11/27/2020,11:00 AM,75.0,100.0,5.0,29.76,Rain,2020.0,2020,39344,155491,30994,225829
2020,12/02/2020,12:00 AM,4,สงขลา,6.747874401,100.4515707,1,0,1,0,1,2020-12-02 00:00:00,12/2/2020,12:00 AM,73.0,100.0,2.0,29.7,Mostly Cloudy,2020.0,2020,6519,21741,6592,34852
2020,12/02/2020,12:00 AM,4,สงขลา,6.747874401,100.4515707,1,0,1,0,1,2020-12-02 00:00:00,12/2/2020,12:00 AM,73.0,100.0,2.0,29.7,Mostly Cloudy,2020.0,2020,8638,24060,3545,36243
2020,12/02/2020,12:00 AM,4,สงขลา,6.747874401,100.4515707,1,0,1,0,1,2020-12-02 00:00:00,12/2/2020,12:00 AM,73.0,100.0,2.0,29.7,Mostly Cloudy,2020.0,2020,2931,29162,9363,41456
2020,12/02/2020,12:00 AM,4,สงขลา,6.747874401,100.4515707,1,0,1,0,1,2020-12-02 00:00:00,12/2/2020,12:00 AM,73.0,100.0,2.0,29.7,Mostly Cloudy,2020.0,2020,4122,30715,4377,39214
2020,12/02/2020,12:00 AM,4,สงขลา,6.747874401,100.4515707,1,0,1,0,1,2020-12-02 00:00:00,12/2/2020,12:00 AM,73.0,100.0,2.0,29.7,Mostly Cloudy,2020.0,2020,9074,26179,2849,38102
2020,12/02/2020,12:00 AM,4,สงขลา,6.747874401,100.4515707,1,0,1,0,1,2020-12-02 00:00:00,12/2/2020,12:00 AM,73.0,100.0,2.0,29.7,Mostly Cloudy,2020.0,2020,4603,14861,2479,21943
2020,12/02/2020,12:00 AM,4,สงขลา,6.747874401,100.4515707,1,0,1,0,1,2020-12-02 00:00:00,12/2/2020,12:00 AM,73.0,100.0,2.0,29.7,Mostly Cloudy,2020.0,2020,3457,8773,1789,14019
2020,12/02/2020,12:00 AM,4,สงขลา,6.747874401,100.4515707,1,0,1,0,1,2020-12-02 00:00:00,12/2/2020,12:00 AM,73.0,100.0,2.0,29.7,Mostly Cloudy,2020.0,2020,39344,155491,30994,225829
2020,12/03/2020,12:30 PM,4,สงขลา,6.747794492,100.4515385,1,0,1,0,1,2020-12-03 12:30:00,12/3/2020,12:30 PM,75.0,100.0,3.0,29.73,Light Rain,2020.0,2020,6519,21741,6592,34852
2020,12/03/2020,12:30 PM,4,สงขลา,6.747794492,100.4515385,1,0,1,0,1,2020-12-03 12:30:00,12/3/2020,12:30 PM,75.0,100.0,3.0,29.73,Light Rain,2020.0,2020,8638,24060,3545,36243
2020,12/03/2020,12:30 PM,4,สงขลา,6.747794492,100.4515385,1,0,1,0,1,2020-12-03 12:30:00,12/3/2020,12:30 PM,75.0,100.0,3.0,29.73,Light Rain,2020.0,2020,2931,29162,9363,41456
2020,12/03/2020,12:30 PM,4,สงขลา,6.747794492,100.4515385,1,0,1,0,1,2020-12-03 12:30:00,12/3/2020,12:30 PM,75.0,100.0,3.0,29.73,Light Rain,2020.0,2020,4122,30715,4377,39214
2020,12/03/2020,12:30 PM,4,สงขลา,6.747794492,100.4515385,1,0,1,0,1,2020-12-03 12:30:00,12/3/2020,12:30 PM,75.0,100.0,3.0,29.73,Light Rain,2020.0,2020,9074,26179,2849,38102
2020,12/03/2020,12:30 PM,4,สงขลา,6.747794492,100.4515385,1,0,1,0,1,2020-12-03 12:30:00,12/3/2020,12:30 PM,75.0,100.0,3.0,29.73,Light Rain,2020.0,2020,4603,14861,2479,21943
2020,12/03/2020,12:30 PM,4,สงขลา,6.747794492,100.4515385,1,0,1,0,1,2020-12-03 12:30:00,12/3/2020,12:30 PM,75.0,100.0,3.0,29.73,Light Rain,2020.0,2020,3457,8773,1789,14019
2020,12/03/2020,12:30 PM,4,สงขลา,6.747794492,100.4515385,1,0,1,0,1,2020-12-03 12:30:00,12/3/2020,12:30 PM,75.0,100.0,3.0,29.73,Light Rain,2020.0,2020,39344,155491,30994,225829
2020,12/05/2020,11:30 PM,4,สงขลา,6.986707674,100.4308078,1,0,0,1,1,2020-12-05 23:30:00,12/5/2020,11:30 PM,79.0,94.0,0.0,29.76,Mostly Cloudy,2020.0,2020,6519,21741,6592,34852
2020,12/05/2020,11:30 PM,4,สงขลา,6.986707674,100.4308078,1,0,0,1,1,2020-12-05 23:30:00,12/5/2020,11:30 PM,79.0,94.0,0.0,29.76,Mostly Cloudy,2020.0,2020,8638,24060,3545,36243
2020,12/05/2020,11:30 PM,4,สงขลา,6.986707674,100.4308078,1,0,0,1,1,2020-12-05 23:30:00,12/5/2020,11:30 PM,79.0,94.0,0.0,29.76,Mostly Cloudy,2020.0,2020,2931,29162,9363,41456
2020,12/05/2020,11:30 PM,4,สงขลา,6.986707674,100.4308078,1,0,0,1,1,2020-12-05 23:30:00,12/5/2020,11:30 PM,79.0,94.0,0.0,29.76,Mostly Cloudy,2020.0,2020,4122,30715,4377,39214
2020,12/05/2020,11:30 PM,4,สงขลา,6.986707674,100.4308078,1,0,0,1,1,2020-12-05 23:30:00,12/5/2020,11:30 PM,79.0,94.0,0.0,29.76,Mostly Cloudy,2020.0,2020,9074,26179,2849,38102
2020,12/05/2020,11:30 PM,4,สงขลา,6.986707674,100.4308078,1,0,0,1,1,2020-12-05 23:30:00,12/5/2020,11:30 PM,79.0,94.0,0.0,29.76,Mostly Cloudy,2020.0,2020,4603,14861,2479,21943
2020,12/05/2020,11:30 PM,4,สงขลา,6.986707674,100.4308078,1,0,0,1,1,2020-12-05 23:30:00,12/5/2020,11:30 PM,79.0,94.0,0.0,29.76,Mostly Cloudy,2020.0,2020,3457,8773,1789,14019
2020,12/05/2020,11:30 PM,4,สงขลา,6.986707674,100.4308078,1,0,0,1,1,2020-12-05 23:30:00,12/5/2020,11:30 PM,79.0,94.0,0.0,29.76,Mostly Cloudy,2020.0,2020,39344,155491,30994,225829
2020,12/07/2020,11:30 AM,4,สงขลา,6.952762221,100.4731464,1,0,1,0,1,2020-12-07 11:30:00,12/7/2020,11:30 AM,86.0,66.0,9.0,29.76,Partly Cloudy,2020.0,2020,6519,21741,6592,34852
2020,12/07/2020,11:30 AM,4,สงขลา,6.952762221,100.4731464,1,0,1,0,1,2020-12-07 11:30:00,12/7/2020,11:30 AM,86.0,66.0,9.0,29.76,Partly Cloudy,2020.0,2020,8638,24060,3545,36243
2020,12/07/2020,11:30 AM,4,สงขลา,6.952762221,100.4731464,1,0,1,0,1,2020-12-07 11:30:00,12/7/2020,11:30 AM,86.0,66.0,9.0,29.76,Partly Cloudy,2020.0,2020,2931,29162,9363,41456
2020,12/07/2020,11:30 AM,4,สงขลา,6.952762221,100.4731464,1,0,1,0,1,2020-12-07 11:30:00,12/7/2020,11:30 AM,86.0,66.0,9.0,29.76,Partly Cloudy,2020.0,2020,4122,30715,4377,39214
2020,12/07/2020,11:30 AM,4,สงขลา,6.952762221,100.4731464,1,0,1,0,1,2020-12-07 11:30:00,12/7/2020,11:30 AM,86.0,66.0,9.0,29.76,Partly Cloudy,2020.0,2020,9074,26179,2849,38102
2020,12/07/2020,11:30 AM,4,สงขลา,6.952762221,100.4731464,1,0,1,0,1,2020-12-07 11:30:00,12/7/2020,11:30 AM,86.0,66.0,9.0,29.76,Partly Cloudy,2020.0,2020,4603,14861,2479,21943
2020,12/07/2020,11:30 AM,4,สงขลา,6.952762221,100.4731464,1,0,1,0,1,2020-12-07 11:30:00,12/7/2020,11:30 AM,86.0,66.0,9.0,29.76,Partly Cloudy,2020.0,2020,3457,8773,1789,14019
2020,12/07/2020,11:30 AM,4,สงขลา,6.952762221,100.4731464,1,0,1,0,1,2020-12-07 11:30:00,12/7/2020,11:30 AM,86.0,66.0,9.0,29.76,Partly Cloudy,2020.0,2020,39344,155491,30994,225829
2020,12/09/2020,10:30 AM,4,สงขลา,6.904169366,100.4695201,1,0,1,0,1,2020-12-09 10:30:00,12/9/2020,10:30 AM,84.0,74.0,6.0,29.76,Partly Cloudy,2020.0,2020,6519,21741,6592,34852
2020,12/09/2020,10:30 AM,4,สงขลา,6.904169366,100.4695201,1,0,1,0,1,2020-12-09 10:30:00,12/9/2020,10:30 AM,84.0,74.0,6.0,29.76,Partly Cloudy,2020.0,2020,8638,24060,3545,36243
2020,12/09/2020,10:30 AM,4,สงขลา,6.904169366,100.4695201,1,0,1,0,1,2020-12-09 10:30:00,12/9/2020,10:30 AM,84.0,74.0,6.0,29.76,Partly Cloudy,2020.0,2020,2931,29162,9363,41456
2020,12/09/2020,10:30 AM,4,สงขลา,6.904169366,100.4695201,1,0,1,0,1,2020-12-09 10:30:00,12/9/2020,10:30 AM,84.0,74.0,6.0,29.76,Partly Cloudy,2020.0,2020,4122,30715,4377,39214
2020,12/09/2020,10:30 AM,4,สงขลา,6.904169366,100.4695201,1,0,1,0,1,2020-12-09 10:30:00,12/9/2020,10:30 AM,84.0,74.0,6.0,29.76,Partly Cloudy,2020.0,2020,9074,26179,2849,38102
2020,12/09/2020,10:30 AM,4,สงขลา,6.904169366,100.4695201,1,0,1,0,1,2020-12-09 10:30:00,12/9/2020,10:30 AM,84.0,74.0,6.0,29.76,Partly Cloudy,2020.0,2020,4603,14861,2479,21943
2020,12/09/2020,10:30 AM,4,สงขลา,6.904169366,100.4695201,1,0,1,0,1,2020-12-09 10:30:00,12/9/2020,10:30 AM,84.0,74.0,6.0,29.76,Partly Cloudy,2020.0,2020,3457,8773,1789,14019
2020,12/09/2020,10:30 AM,4,สงขลา,6.904169366,100.4695201,1,0,1,0,1,2020-12-09 10:30:00,12/9/2020,10:30 AM,84.0,74.0,6.0,29.76,Partly Cloudy,2020.0,2020,39344,155491,30994,225829
2020,18/12/2020,12:30 AM,4,สงขลา,6.842272154,100.4685438,1,0,1,0,1,2020-12-18 00:30:00,12/18/2020,12:30 AM,75.0,100.0,0.0,29.73,Fair,2020.0,2020,6519,21741,6592,34852
2020,18/12/2020,12:30 AM,4,สงขลา,6.842272154,100.4685438,1,0,1,0,1,2020-12-18 00:30:00,12/18/2020,12:30 AM,75.0,100.0,0.0,29.73,Fair,2020.0,2020,8638,24060,3545,36243
2020,18/12/2020,12:30 AM,4,สงขลา,6.842272154,100.4685438,1,0,1,0,1,2020-12-18 00:30:00,12/18/2020,12:30 AM,75.0,100.0,0.0,29.73,Fair,2020.0,2020,2931,29162,9363,41456
2020,18/12/2020,12:30 AM,4,สงขลา,6.842272154,100.4685438,1,0,1,0,1,2020-12-18 00:30:00,12/18/2020,12:30 AM,75.0,100.0,0.0,29.73,Fair,2020.0,2020,4122,30715,4377,39214
2020,18/12/2020,12:30 AM,4,สงขลา,6.842272154,100.4685438,1,0,1,0,1,2020-12-18 00:30:00,12/18/2020,12:30 AM,75.0,100.0,0.0,29.73,Fair,2020.0,2020,9074,26179,2849,38102
2020,18/12/2020,12:30 AM,4,สงขลา,6.842272154,100.4685438,1,0,1,0,1,2020-12-18 00:30:00,12/18/2020,12:30 AM,75.0,100.0,0.0,29.73,Fair,2020.0,2020,4603,14861,2479,21943
2020,18/12/2020,12:30 AM,4,สงขลา,6.842272154,100.4685438,1,0,1,0,1,2020-12-18 00:30:00,12/18/2020,12:30 AM,75.0,100.0,0.0,29.73,Fair,2020.0,2020,3457,8773,1789,14019
2020,18/12/2020,12:30 AM,4,สงขลา,6.842272154,100.4685438,1,0,1,0,1,2020-12-18 00:30:00,12/18/2020,12:30 AM,75.0,100.0,0.0,29.73,Fair,2020.0,2020,39344,155491,30994,225829
2020,21/12/2020,11:00 AM,4,สงขลา,6.816074463,100.4574394,2,0,2,0,1,2020-12-21 11:00:00,12/21/2020,11:00 AM,81.0,94.0,5.0,29.76,Mostly Cloudy,2020.0,2020,6519,21741,6592,34852
2020,21/12/2020,11:00 AM,4,สงขลา,6.816074463,100.4574394,2,0,2,0,1,2020-12-21 11:00:00,12/21/2020,11:00 AM,81.0,94.0,5.0,29.76,Mostly Cloudy,2020.0,2020,8638,24060,3545,36243
2020,21/12/2020,11:00 AM,4,สงขลา,6.816074463,100.4574394,2,0,2,0,1,2020-12-21 11:00:00,12/21/2020,11:00 AM,81.0,94.0,5.0,29.76,Mostly Cloudy,2020.0,2020,2931,29162,9363,41456
2020,21/12/2020,11:00 AM,4,สงขลา,6.816074463,100.4574394,2,0,2,0,1,2020-12-21 11:00:00,12/21/2020,11:00 AM,81.0,94.0,5.0,29.76,Mostly Cloudy,2020.0,2020,4122,30715,4377,39214
2020,21/12/2020,11:00 AM,4,สงขลา,6.816074463,100.4574394,2,0,2,0,1,2020-12-21 11:00:00,12/21/2020,11:00 AM,81.0,94.0,5.0,29.76,Mostly Cloudy,2020.0,2020,9074,26179,2849,38102
2020,21/12/2020,11:00 AM,4,สงขลา,6.816074463,100.4574394,2,0,2,0,1,2020-12-21 11:00:00,12/21/2020,11:00 AM,81.0,94.0,5.0,29.76,Mostly Cloudy,2020.0,2020,4603,14861,2479,21943
2020,21/12/2020,11:00 AM,4,สงขลา,6.816074463,100.4574394,2,0,2,0,1,2020-12-21 11:00:00,12/21/2020,11:00 AM,81.0,94.0,5.0,29.76,Mostly Cloudy,2020.0,2020,3457,8773,1789,14019
2020,21/12/2020,11:00 AM,4,สงขลา,6.816074463,100.4574394,2,0,2,0,1,2020-12-21 11:00:00,12/21/2020,11:00 AM,81.0,94.0,5.0,29.76,Mostly Cloudy,2020.0,2020,39344,155491,30994,225829
2020,21/12/2020,04:00 PM,4,สงขลา,6.655405729,100.4301694,2,1,0,1,1,2020-12-21 16:00:00,12/21/2020,4:00 PM,86.0,66.0,9.0,29.64,Partly Cloudy,2020.0,2020,6519,21741,6592,34852
2020,21/12/2020,04:00 PM,4,สงขลา,6.655405729,100.4301694,2,1,0,1,1,2020-12-21 16:00:00,12/21/2020,4:00 PM,86.0,66.0,9.0,29.64,Partly Cloudy,2020.0,2020,8638,24060,3545,36243
2020,21/12/2020,04:00 PM,4,สงขลา,6.655405729,100.4301694,2,1,0,1,1,2020-12-21 16:00:00,12/21/2020,4:00 PM,86.0,66.0,9.0,29.64,Partly Cloudy,2020.0,2020,2931,29162,9363,41456
2020,21/12/2020,04:00 PM,4,สงขลา,6.655405729,100.4301694,2,1,0,1,1,2020-12-21 16:00:00,12/21/2020,4:00 PM,86.0,66.0,9.0,29.64,Partly Cloudy,2020.0,2020,4122,30715,4377,39214
2020,21/12/2020,04:00 PM,4,สงขลา,6.655405729,100.4301694,2,1,0,1,1,2020-12-21 16:00:00,12/21/2020,4:00 PM,86.0,66.0,9.0,29.64,Partly Cloudy,2020.0,2020,9074,26179,2849,38102
2020,21/12/2020,04:00 PM,4,สงขลา,6.655405729,100.4301694,2,1,0,1,1,2020-12-21 16:00:00,12/21/2020,4:00 PM,86.0,66.0,9.0,29.64,Partly Cloudy,2020.0,2020,4603,14861,2479,21943
2020,21/12/2020,04:00 PM,4,สงขลา,6.655405729,100.4301694,2,1,0,1,1,2020-12-21 16:00:00,12/21/2020,4:00 PM,86.0,66.0,9.0,29.64,Partly Cloudy,2020.0,2020,3457,8773,1789,14019
2020,21/12/2020,04:00 PM,4,สงขลา,6.655405729,100.4301694,2,1,0,1,1,2020-12-21 16:00:00,12/21/2020,4:00 PM,86.0,66.0,9.0,29.64,Partly Cloudy,2020.0,2020,39344,155491,30994,225829
2020,26/12/2020,04:00 PM,4,สงขลา,6.531987628,100.4172948,1,0,0,1,1,2020-12-26 16:00:00,12/26/2020,4:00 PM,84.0,79.0,9.0,29.61,Showers in the Vicinity,2020.0,2020,6519,21741,6592,34852
2020,26/12/2020,04:00 PM,4,สงขลา,6.531987628,100.4172948,1,0,0,1,1,2020-12-26 16:00:00,12/26/2020,4:00 PM,84.0,79.0,9.0,29.61,Showers in the Vicinity,2020.0,2020,8638,24060,3545,36243
2020,26/12/2020,04:00 PM,4,สงขลา,6.531987628,100.4172948,1,0,0,1,1,2020-12-26 16:00:00,12/26/2020,4:00 PM,84.0,79.0,9.0,29.61,Showers in the Vicinity,2020.0,2020,2931,29162,9363,41456
2020,26/12/2020,04:00 PM,4,สงขลา,6.531987628,100.4172948,1,0,0,1,1,2020-12-26 16:00:00,12/26/2020,4:00 PM,84.0,79.0,9.0,29.61,Showers in the Vicinity,2020.0,2020,4122,30715,4377,39214
2020,26/12/2020,04:00 PM,4,สงขลา,6.531987628,100.4172948,1,0,0,1,1,2020-12-26 16:00:00,12/26/2020,4:00 PM,84.0,79.0,9.0,29.61,Showers in the Vicinity,2020.0,2020,9074,26179,2849,38102
2020,26/12/2020,04:00 PM,4,สงขลา,6.531987628,100.4172948,1,0,0,1,1,2020-12-26 16:00:00,12/26/2020,4:00 PM,84.0,79.0,9.0,29.61,Showers in the Vicinity,2020.0,2020,4603,14861,2479,21943
2020,26/12/2020,04:00 PM,4,สงขลา,6.531987628,100.4172948,1,0,0,1,1,2020-12-26 16:00:00,12/26/2020,4:00 PM,84.0,79.0,9.0,29.61,Showers in the Vicinity,2020.0,2020,3457,8773,1789,14019
2020,26/12/2020,04:00 PM,4,สงขลา,6.531987628,100.4172948,1,0,0,1,1,2020-12-26 16:00:00,12/26/2020,4:00 PM,84.0,79.0,9.0,29.61,Showers in the Vicinity,2020.0,2020,39344,155491,30994,225829
2020,27/12/2020,09:30 AM,4,สงขลา,6.915541874,100.4689756,4,1,3,0,1,2020-12-27 09:30:00,12/27/2020,9:30 AM,81.0,89.0,0.0,29.76,Partly Cloudy,2020.0,2020,6519,21741,6592,34852
2020,27/12/2020,09:30 AM,4,สงขลา,6.915541874,100.4689756,4,1,3,0,1,2020-12-27 09:30:00,12/27/2020,9:30 AM,81.0,89.0,0.0,29.76,Partly Cloudy,2020.0,2020,8638,24060,3545,36243
2020,27/12/2020,09:30 AM,4,สงขลา,6.915541874,100.4689756,4,1,3,0,1,2020-12-27 09:30:00,12/27/2020,9:30 AM,81.0,89.0,0.0,29.76,Partly Cloudy,2020.0,2020,2931,29162,9363,41456
2020,27/12/2020,09:30 AM,4,สงขลา,6.915541874,100.4689756,4,1,3,0,1,2020-12-27 09:30:00,12/27/2020,9:30 AM,81.0,89.0,0.0,29.76,Partly Cloudy,2020.0,2020,4122,30715,4377,39214
2020,27/12/2020,09:30 AM,4,สงขลา,6.915541874,100.4689756,4,1,3,0,1,2020-12-27 09:30:00,12/27/2020,9:30 AM,81.0,89.0,0.0,29.76,Partly Cloudy,2020.0,2020,9074,26179,2849,38102
2020,27/12/2020,09:30 AM,4,สงขลา,6.915541874,100.4689756,4,1,3,0,1,2020-12-27 09:30:00,12/27/2020,9:30 AM,81.0,89.0,0.0,29.76,Partly Cloudy,2020.0,2020,4603,14861,2479,21943
2020,27/12/2020,09:30 AM,4,สงขลา,6.915541874,100.4689756,4,1,3,0,1,2020-12-27 09:30:00,12/27/2020,9:30 AM,81.0,89.0,0.0,29.76,Partly Cloudy,2020.0,2020,3457,8773,1789,14019
2020,27/12/2020,09:30 AM,4,สงขลา,6.915541874,100.4689756,4,1,3,0,1,2020-12-27 09:30:00,12/27/2020,9:30 AM,81.0,89.0,0.0,29.76,Partly Cloudy,2020.0,2020,39344,155491,30994,225829
2020,31/12/2020,12:30 PM,4,สงขลา,7.184524299,100.2550077,1,0,1,0,1,2020-12-31 12:30:00,12/31/2020,12:30 PM,84.0,74.0,8.0,29.7,Partly Cloudy,2020.0,2020,6519,21741,6592,34852
2020,31/12/2020,12:30 PM,4,สงขลา,7.184524299,100.2550077,1,0,1,0,1,2020-12-31 12:30:00,12/31/2020,12:30 PM,84.0,74.0,8.0,29.7,Partly Cloudy,2020.0,2020,8638,24060,3545,36243
2020,31/12/2020,12:30 PM,4,สงขลา,7.184524299,100.2550077,1,0,1,0,1,2020-12-31 12:30:00,12/31/2020,12:30 PM,84.0,74.0,8.0,29.7,Partly Cloudy,2020.0,2020,2931,29162,9363,41456
2020,31/12/2020,12:30 PM,4,สงขลา,7.184524299,100.2550077,1,0,1,0,1,2020-12-31 12:30:00,12/31/2020,12:30 PM,84.0,74.0,8.0,29.7,Partly Cloudy,2020.0,2020,4122,30715,4377,39214
2020,31/12/2020,12:30 PM,4,สงขลา,7.184524299,100.2550077,1,0,1,0,1,2020-12-31 12:30:00,12/31/2020,12:30 PM,84.0,74.0,8.0,29.7,Partly Cloudy,2020.0,2020,9074,26179,2849,38102
2020,31/12/2020,12:30 PM,4,สงขลา,7.184524299,100.2550077,1,0,1,0,1,2020-12-31 12:30:00,12/31/2020,12:30 PM,84.0,74.0,8.0,29.7,Partly Cloudy,2020.0,2020,4603,14861,2479,21943
2020,31/12/2020,12:30 PM,4,สงขลา,7.184524299,100.2550077,1,0,1,0,1,2020-12-31 12:30:00,12/31/2020,12:30 PM,84.0,74.0,8.0,29.7,Partly Cloudy,2020.0,2020,3457,8773,1789,14019
2020,31/12/2020,12:30 PM,4,สงขลา,7.184524299,100.2550077,1,0,1,0,1,2020-12-31 12:30:00,12/31/2020,12:30 PM,84.0,74.0,8.0,29.7,Partly Cloudy,2020.0,2020,39344,155491,30994,225829
2020,31/12/2020,01:00 PM,4,สงขลา,7.185359899,100.2544632,1,0,1,0,1,2020-12-31 13:00:00,12/31/2020,1:00 PM,88.0,66.0,12.0,29.67,Partly Cloudy,2020.0,2020,6519,21741,6592,34852
2020,31/12/2020,01:00 PM,4,สงขลา,7.185359899,100.2544632,1,0,1,0,1,2020-12-31 13:00:00,12/31/2020,1:00 PM,88.0,66.0,12.0,29.67,Partly Cloudy,2020.0,2020,8638,24060,3545,36243
2020,31/12/2020,01:00 PM,4,สงขลา,7.185359899,100.2544632,1,0,1,0,1,2020-12-31 13:00:00,12/31/2020,1:00 PM,88.0,66.0,12.0,29.67,Partly Cloudy,2020.0,2020,2931,29162,9363,41456
2020,31/12/2020,01:00 PM,4,สงขลา,7.185359899,100.2544632,1,0,1,0,1,2020-12-31 13:00:00,12/31/2020,1:00 PM,88.0,66.0,12.0,29.67,Partly Cloudy,2020.0,2020,4122,30715,4377,39214
2020,31/12/2020,01:00 PM,4,สงขลา,7.185359899,100.2544632,1,0,1,0,1,2020-12-31 13:00:00,12/31/2020,1:00 PM,88.0,66.0,12.0,29.67,Partly Cloudy,2020.0,2020,9074,26179,2849,38102
2020,31/12/2020,01:00 PM,4,สงขลา,7.185359899,100.2544632,1,0,1,0,1,2020-12-31 13:00:00,12/31/2020,1:00 PM,88.0,66.0,12.0,29.67,Partly Cloudy,2020.0,2020,4603,14861,2479,21943
2020,31/12/2020,01:00 PM,4,สงขลา,7.185359899,100.2544632,1,0,1,0,1,2020-12-31 13:00:00,12/31/2020,1:00 PM,88.0,66.0,12.0,29.67,Partly Cloudy,2020.0,2020,3457,8773,1789,14019
2020,31/12/2020,01:00 PM,4,สงขลา,7.185359899,100.2544632,1,0,1,0,1,2020-12-31 13:00:00,12/31/2020,1:00 PM,88.0,66.0,12.0,29.67,Partly Cloudy,2020.0,2020,39344,155491,30994,225829
2021,20/01/2021,11:30 PM,4,สงขลา,6.980592349,100.4613447,1,0,1,0,1,2021-01-20 23:30:00,1/20/2021,11:30 PM,75.0,100.0,3.0,29.76,Partly Cloudy,2021.0,2021,5666,18678,4009,28353
2021,20/01/2021,11:30 PM,4,สงขลา,6.980592349,100.4613447,1,0,1,0,1,2021-01-20 23:30:00,1/20/2021,11:30 PM,75.0,100.0,3.0,29.76,Partly Cloudy,2021.0,2021,4771,21416,5564,31751
2021,20/01/2021,11:30 PM,4,สงขลา,6.980592349,100.4613447,1,0,1,0,1,2021-01-20 23:30:00,1/20/2021,11:30 PM,75.0,100.0,3.0,29.76,Partly Cloudy,2021.0,2021,1810,24255,8405,34470
2021,20/01/2021,11:30 PM,4,สงขลา,6.980592349,100.4613447,1,0,1,0,1,2021-01-20 23:30:00,1/20/2021,11:30 PM,75.0,100.0,3.0,29.76,Partly Cloudy,2021.0,2021,4740,26002,4705,35447
2021,20/01/2021,11:30 PM,4,สงขลา,6.980592349,100.4613447,1,0,1,0,1,2021-01-20 23:30:00,1/20/2021,11:30 PM,75.0,100.0,3.0,29.76,Partly Cloudy,2021.0,2021,5856,24535,2703,33094
2021,20/01/2021,11:30 PM,4,สงขลา,6.980592349,100.4613447,1,0,1,0,1,2021-01-20 23:30:00,1/20/2021,11:30 PM,75.0,100.0,3.0,29.76,Partly Cloudy,2021.0,2021,3925,11535,2469,17929
2021,20/01/2021,11:30 PM,4,สงขลา,6.980592349,100.4613447,1,0,1,0,1,2021-01-20 23:30:00,1/20/2021,11:30 PM,75.0,100.0,3.0,29.76,Partly Cloudy,2021.0,2021,2410,5778,1911,10099
2021,20/01/2021,11:30 PM,4,สงขลา,6.980592349,100.4613447,1,0,1,0,1,2021-01-20 23:30:00,1/20/2021,11:30 PM,75.0,100.0,3.0,29.76,Partly Cloudy,2021.0,2021,29178,132199,29766,191143
2021,29/01/2021,01:30 AM,4,สงขลา,6.721365242,100.447467,2,0,1,1,1,2021-01-29 01:30:00,1/29/2021,1:30 AM,77.0,89.0,2.0,29.76,Fair,2021.0,2021,5666,18678,4009,28353
2021,29/01/2021,01:30 AM,4,สงขลา,6.721365242,100.447467,2,0,1,1,1,2021-01-29 01:30:00,1/29/2021,1:30 AM,77.0,89.0,2.0,29.76,Fair,2021.0,2021,4771,21416,5564,31751
2021,29/01/2021,01:30 AM,4,สงขลา,6.721365242,100.447467,2,0,1,1,1,2021-01-29 01:30:00,1/29/2021,1:30 AM,77.0,89.0,2.0,29.76,Fair,2021.0,2021,1810,24255,8405,34470
2021,29/01/2021,01:30 AM,4,สงขลา,6.721365242,100.447467,2,0,1,1,1,2021-01-29 01:30:00,1/29/2021,1:30 AM,77.0,89.0,2.0,29.76,Fair,2021.0,2021,4740,26002,4705,35447
2021,29/01/2021,01:30 AM,4,สงขลา,6.721365242,100.447467,2,0,1,1,1,2021-01-29 01:30:00,1/29/2021,1:30 AM,77.0,89.0,2.0,29.76,Fair,2021.0,2021,5856,24535,2703,33094
2021,29/01/2021,01:30 AM,4,สงขลา,6.721365242,100.447467,2,0,1,1,1,2021-01-29 01:30:00,1/29/2021,1:30 AM,77.0,89.0,2.0,29.76,Fair,2021.0,2021,3925,11535,2469,17929
2021,29/01/2021,01:30 AM,4,สงขลา,6.721365242,100.447467,2,0,1,1,1,2021-01-29 01:30:00,1/29/2021,1:30 AM,77.0,89.0,2.0,29.76,Fair,2021.0,2021,2410,5778,1911,10099
2021,29/01/2021,01:30 AM,4,สงขลา,6.721365242,100.447467,2,0,1,1,1,2021-01-29 01:30:00,1/29/2021,1:30 AM,77.0,89.0,2.0,29.76,Fair,2021.0,2021,29178,132199,29766,191143
2021,02/03/2021,08:00 AM,4,สงขลา,6.581249308,100.4119518,2,0,1,1,1,2021-02-03 08:00:00,2/3/2021,8:00 AM,77.0,94.0,0.0,29.79,Fair,2021.0,2021,5666,18678,4009,28353
2021,02/03/2021,08:00 AM,4,สงขลา,6.581249308,100.4119518,2,0,1,1,1,2021-02-03 08:00:00,2/3/2021,8:00 AM,77.0,94.0,0.0,29.79,Fair,2021.0,2021,4771,21416,5564,31751
2021,02/03/2021,08:00 AM,4,สงขลา,6.581249308,100.4119518,2,0,1,1,1,2021-02-03 08:00:00,2/3/2021,8:00 AM,77.0,94.0,0.0,29.79,Fair,2021.0,2021,1810,24255,8405,34470
2021,02/03/2021,08:00 AM,4,สงขลา,6.581249308,100.4119518,2,0,1,1,1,2021-02-03 08:00:00,2/3/2021,8:00 AM,77.0,94.0,0.0,29.79,Fair,2021.0,2021,4740,26002,4705,35447
2021,02/03/2021,08:00 AM,4,สงขลา,6.581249308,100.4119518,2,0,1,1,1,2021-02-03 08:00:00,2/3/2021,8:00 AM,77.0,94.0,0.0,29.79,Fair,2021.0,2021,5856,24535,2703,33094
2021,02/03/2021,08:00 AM,4,สงขลา,6.581249308,100.4119518,2,0,1,1,1,2021-02-03 08:00:00,2/3/2021,8:00 AM,77.0,94.0,0.0,29.79,Fair,2021.0,2021,3925,11535,2469,17929
2021,02/03/2021,08:00 AM,4,สงขลา,6.581249308,100.4119518,2,0,1,1,1,2021-02-03 08:00:00,2/3/2021,8:00 AM,77.0,94.0,0.0,29.79,Fair,2021.0,2021,2410,5778,1911,10099
2021,02/03/2021,08:00 AM,4,สงขลา,6.581249308,100.4119518,2,0,1,1,1,2021-02-03 08:00:00,2/3/2021,8:00 AM,77.0,94.0,0.0,29.79,Fair,2021.0,2021,29178,132199,29766,191143
2021,26/02/2021,10:00 PM,4,สงขลา,6.549700223,100.4143068,2,1,1,0,1,2021-02-26 22:00:00,2/26/2021,10:00 PM,79.0,61.0,2.0,29.7,Fair,2021.0,2021,5666,18678,4009,28353
2021,26/02/2021,10:00 PM,4,สงขลา,6.549700223,100.4143068,2,1,1,0,1,2021-02-26 22:00:00,2/26/2021,10:00 PM,79.0,61.0,2.0,29.7,Fair,2021.0,2021,4771,21416,5564,31751
2021,26/02/2021,10:00 PM,4,สงขลา,6.549700223,100.4143068,2,1,1,0,1,2021-02-26 22:00:00,2/26/2021,10:00 PM,79.0,61.0,2.0,29.7,Fair,2021.0,2021,1810,24255,8405,34470
2021,26/02/2021,10:00 PM,4,สงขลา,6.549700223,100.4143068,2,1,1,0,1,2021-02-26 22:00:00,2/26/2021,10:00 PM,79.0,61.0,2.0,29.7,Fair,2021.0,2021,4740,26002,4705,35447
2021,26/02/2021,10:00 PM,4,สงขลา,6.549700223,100.4143068,2,1,1,0,1,2021-02-26 22:00:00,2/26/2021,10:00 PM,79.0,61.0,2.0,29.7,Fair,2021.0,2021,5856,24535,2703,33094
2021,26/02/2021,10:00 PM,4,สงขลา,6.549700223,100.4143068,2,1,1,0,1,2021-02-26 22:00:00,2/26/2021,10:00 PM,79.0,61.0,2.0,29.7,Fair,2021.0,2021,3925,11535,2469,17929
2021,26/02/2021,10:00 PM,4,สงขลา,6.549700223,100.4143068,2,1,1,0,1,2021-02-26 22:00:00,2/26/2021,10:00 PM,79.0,61.0,2.0,29.7,Fair,2021.0,2021,2410,5778,1911,10099
2021,26/02/2021,10:00 PM,4,สงขลา,6.549700223,100.4143068,2,1,1,0,1,2021-02-26 22:00:00,2/26/2021,10:00 PM,79.0,61.0,2.0,29.7,Fair,2021.0,2021,29178,132199,29766,191143
2021,03/01/2021,03:30 AM,4,สงขลา,7.049858287,100.3820264,1,0,0,1,1,2021-03-01 03:30:00,3/1/2021,3:30 AM,75.0,100.0,3.0,29.73,Fair,2021.0,2021,5666,18678,4009,28353
2021,03/01/2021,03:30 AM,4,สงขลา,7.049858287,100.3820264,1,0,0,1,1,2021-03-01 03:30:00,3/1/2021,3:30 AM,75.0,100.0,3.0,29.73,Fair,2021.0,2021,4771,21416,5564,31751
2021,03/01/2021,03:30 AM,4,สงขลา,7.049858287,100.3820264,1,0,0,1,1,2021-03-01 03:30:00,3/1/2021,3:30 AM,75.0,100.0,3.0,29.73,Fair,2021.0,2021,1810,24255,8405,34470
2021,03/01/2021,03:30 AM,4,สงขลา,7.049858287,100.3820264,1,0,0,1,1,2021-03-01 03:30:00,3/1/2021,3:30 AM,75.0,100.0,3.0,29.73,Fair,2021.0,2021,4740,26002,4705,35447
2021,03/01/2021,03:30 AM,4,สงขลา,7.049858287,100.3820264,1,0,0,1,1,2021-03-01 03:30:00,3/1/2021,3:30 AM,75.0,100.0,3.0,29.73,Fair,2021.0,2021,5856,24535,2703,33094
2021,03/01/2021,03:30 AM,4,สงขลา,7.049858287,100.3820264,1,0,0,1,1,2021-03-01 03:30:00,3/1/2021,3:30 AM,75.0,100.0,3.0,29.73,Fair,2021.0,2021,3925,11535,2469,17929
2021,03/01/2021,03:30 AM,4,สงขลา,7.049858287,100.3820264,1,0,0,1,1,2021-03-01 03:30:00,3/1/2021,3:30 AM,75.0,100.0,3.0,29.73,Fair,2021.0,2021,2410,5778,1911,10099
2021,03/01/2021,03:30 AM,4,สงขลา,7.049858287,100.3820264,1,0,0,1,1,2021-03-01 03:30:00,3/1/2021,3:30 AM,75.0,100.0,3.0,29.73,Fair,2021.0,2021,29178,132199,29766,191143
2021,03/05/2021,12:00 AM,4,สงขลา,6.719202252,100.4469734,1,0,0,1,1,2021-03-05 00:00:00,3/5/2021,12:00 AM,81.0,84.0,2.0,29.79,Fair,2021.0,2021,5666,18678,4009,28353
2021,03/05/2021,12:00 AM,4,สงขลา,6.719202252,100.4469734,1,0,0,1,1,2021-03-05 00:00:00,3/5/2021,12:00 AM,81.0,84.0,2.0,29.79,Fair,2021.0,2021,4771,21416,5564,31751
2021,03/05/2021,12:00 AM,4,สงขลา,6.719202252,100.4469734,1,0,0,1,1,2021-03-05 00:00:00,3/5/2021,12:00 AM,81.0,84.0,2.0,29.79,Fair,2021.0,2021,1810,24255,8405,34470
2021,03/05/2021,12:00 AM,4,สงขลา,6.719202252,100.4469734,1,0,0,1,1,2021-03-05 00:00:00,3/5/2021,12:00 AM,81.0,84.0,2.0,29.79,Fair,2021.0,2021,4740,26002,4705,35447
2021,03/05/2021,12:00 AM,4,สงขลา,6.719202252,100.4469734,1,0,0,1,1,2021-03-05 00:00:00,3/5/2021,12:00 AM,81.0,84.0,2.0,29.79,Fair,2021.0,2021,5856,24535,2703,33094
2021,03/05/2021,12:00 AM,4,สงขลา,6.719202252,100.4469734,1,0,0,1,1,2021-03-05 00:00:00,3/5/2021,12:00 AM,81.0,84.0,2.0,29.79,Fair,2021.0,2021,3925,11535,2469,17929
2021,03/05/2021,12:00 AM,4,สงขลา,6.719202252,100.4469734,1,0,0,1,1,2021-03-05 00:00:00,3/5/2021,12:00 AM,81.0,84.0,2.0,29.79,Fair,2021.0,2021,2410,5778,1911,10099
2021,03/05/2021,12:00 AM,4,สงขลา,6.719202252,100.4469734,1,0,0,1,1,2021-03-05 00:00:00,3/5/2021,12:00 AM,81.0,84.0,2.0,29.79,Fair,2021.0,2021,29178,132199,29766,191143
2021,27/03/2021,12:00 AM,4,สงขลา,6.939686576,100.4704615,1,0,1,0,1,2021-03-27 00:00:00,3/27/2021,12:00 AM,77.0,100.0,0.0,29.73,Fair,2021.0,2021,5666,18678,4009,28353
2021,27/03/2021,12:00 AM,4,สงขลา,6.939686576,100.4704615,1,0,1,0,1,2021-03-27 00:00:00,3/27/2021,12:00 AM,77.0,100.0,0.0,29.73,Fair,2021.0,2021,4771,21416,5564,31751
2021,27/03/2021,12:00 AM,4,สงขลา,6.939686576,100.4704615,1,0,1,0,1,2021-03-27 00:00:00,3/27/2021,12:00 AM,77.0,100.0,0.0,29.73,Fair,2021.0,2021,1810,24255,8405,34470
2021,27/03/2021,12:00 AM,4,สงขลา,6.939686576,100.4704615,1,0,1,0,1,2021-03-27 00:00:00,3/27/2021,12:00 AM,77.0,100.0,0.0,29.73,Fair,2021.0,2021,4740,26002,4705,35447
2021,27/03/2021,12:00 AM,4,สงขลา,6.939686576,100.4704615,1,0,1,0,1,2021-03-27 00:00:00,3/27/2021,12:00 AM,77.0,100.0,0.0,29.73,Fair,2021.0,2021,5856,24535,2703,33094
2021,27/03/2021,12:00 AM,4,สงขลา,6.939686576,100.4704615,1,0,1,0,1,2021-03-27 00:00:00,3/27/2021,12:00 AM,77.0,100.0,0.0,29.73,Fair,2021.0,2021,3925,11535,2469,17929
2021,27/03/2021,12:00 AM,4,สงขลา,6.939686576,100.4704615,1,0,1,0,1,2021-03-27 00:00:00,3/27/2021,12:00 AM,77.0,100.0,0.0,29.73,Fair,2021.0,2021,2410,5778,1911,10099
2021,27/03/2021,12:00 AM,4,สงขลา,6.939686576,100.4704615,1,0,1,0,1,2021-03-27 00:00:00,3/27/2021,12:00 AM,77.0,100.0,0.0,29.73,Fair,2021.0,2021,29178,132199,29766,191143
2021,31/03/2021,01:30 PM,4,สงขลา,6.530988328,100.417563,1,0,0,1,1,2021-03-31 13:30:00,3/31/2021,1:30 PM,95.0,49.0,3.0,29.58,Partly Cloudy,2021.0,2021,5666,18678,4009,28353
2021,31/03/2021,01:30 PM,4,สงขลา,6.530988328,100.417563,1,0,0,1,1,2021-03-31 13:30:00,3/31/2021,1:30 PM,95.0,49.0,3.0,29.58,Partly Cloudy,2021.0,2021,4771,21416,5564,31751
2021,31/03/2021,01:30 PM,4,สงขลา,6.530988328,100.417563,1,0,0,1,1,2021-03-31 13:30:00,3/31/2021,1:30 PM,95.0,49.0,3.0,29.58,Partly Cloudy,2021.0,2021,1810,24255,8405,34470
2021,31/03/2021,01:30 PM,4,สงขลา,6.530988328,100.417563,1,0,0,1,1,2021-03-31 13:30:00,3/31/2021,1:30 PM,95.0,49.0,3.0,29.58,Partly Cloudy,2021.0,2021,4740,26002,4705,35447
2021,31/03/2021,01:30 PM,4,สงขลา,6.530988328,100.417563,1,0,0,1,1,2021-03-31 13:30:00,3/31/2021,1:30 PM,95.0,49.0,3.0,29.58,Partly Cloudy,2021.0,2021,5856,24535,2703,33094
2021,31/03/2021,01:30 PM,4,สงขลา,6.530988328,100.417563,1,0,0,1,1,2021-03-31 13:30:00,3/31/2021,1:30 PM,95.0,49.0,3.0,29.58,Partly Cloudy,2021.0,2021,3925,11535,2469,17929
2021,31/03/2021,01:30 PM,4,สงขลา,6.530988328,100.417563,1,0,0,1,1,2021-03-31 13:30:00,3/31/2021,1:30 PM,95.0,49.0,3.0,29.58,Partly Cloudy,2021.0,2021,2410,5778,1911,10099
2021,31/03/2021,01:30 PM,4,สงขลา,6.530988328,100.417563,1,0,0,1,1,2021-03-31 13:30:00,3/31/2021,1:30 PM,95.0,49.0,3.0,29.58,Partly Cloudy,2021.0,2021,29178,132199,29766,191143
2021,04/07/2021,11:00 AM,4,สงขลา,7.004339701,100.415082,1,0,0,1,1,2021-04-07 11:00:00,4/7/2021,11:00 AM,90.0,70.0,5.0,29.81,Mostly Cloudy,2021.0,2021,5666,18678,4009,28353
2021,04/07/2021,11:00 AM,4,สงขลา,7.004339701,100.415082,1,0,0,1,1,2021-04-07 11:00:00,4/7/2021,11:00 AM,90.0,70.0,5.0,29.81,Mostly Cloudy,2021.0,2021,4771,21416,5564,31751
2021,04/07/2021,11:00 AM,4,สงขลา,7.004339701,100.415082,1,0,0,1,1,2021-04-07 11:00:00,4/7/2021,11:00 AM,90.0,70.0,5.0,29.81,Mostly Cloudy,2021.0,2021,1810,24255,8405,34470
2021,04/07/2021,11:00 AM,4,สงขลา,7.004339701,100.415082,1,0,0,1,1,2021-04-07 11:00:00,4/7/2021,11:00 AM,90.0,70.0,5.0,29.81,Mostly Cloudy,2021.0,2021,4740,26002,4705,35447
2021,04/07/2021,11:00 AM,4,สงขลา,7.004339701,100.415082,1,0,0,1,1,2021-04-07 11:00:00,4/7/2021,11:00 AM,90.0,70.0,5.0,29.81,Mostly Cloudy,2021.0,2021,5856,24535,2703,33094
2021,04/07/2021,11:00 AM,4,สงขลา,7.004339701,100.415082,1,0,0,1,1,2021-04-07 11:00:00,4/7/2021,11:00 AM,90.0,70.0,5.0,29.81,Mostly Cloudy,2021.0,2021,3925,11535,2469,17929
2021,04/07/2021,11:00 AM,4,สงขลา,7.004339701,100.415082,1,0,0,1,1,2021-04-07 11:00:00,4/7/2021,11:00 AM,90.0,70.0,5.0,29.81,Mostly Cloudy,2021.0,2021,2410,5778,1911,10099
2021,04/07/2021,11:00 AM,4,สงขลา,7.004339701,100.415082,1,0,0,1,1,2021-04-07 11:00:00,4/7/2021,11:00 AM,90.0,70.0,5.0,29.81,Mostly Cloudy,2021.0,2021,29178,132199,29766,191143
2021,16/04/2021,09:00 AM,4,สงขลา,6.986004828,100.4373389,4,0,3,1,1,2021-04-16 09:00:00,4/16/2021,9:00 AM,82.0,94.0,3.0,29.79,Fair,2021.0,2021,5666,18678,4009,28353
2021,16/04/2021,09:00 AM,4,สงขลา,6.986004828,100.4373389,4,0,3,1,1,2021-04-16 09:00:00,4/16/2021,9:00 AM,82.0,94.0,3.0,29.79,Fair,2021.0,2021,4771,21416,5564,31751
2021,16/04/2021,09:00 AM,4,สงขลา,6.986004828,100.4373389,4,0,3,1,1,2021-04-16 09:00:00,4/16/2021,9:00 AM,82.0,94.0,3.0,29.79,Fair,2021.0,2021,1810,24255,8405,34470
2021,16/04/2021,09:00 AM,4,สงขลา,6.986004828,100.4373389,4,0,3,1,1,2021-04-16 09:00:00,4/16/2021,9:00 AM,82.0,94.0,3.0,29.79,Fair,2021.0,2021,4740,26002,4705,35447
2021,16/04/2021,09:00 AM,4,สงขลา,6.986004828,100.4373389,4,0,3,1,1,2021-04-16 09:00:00,4/16/2021,9:00 AM,82.0,94.0,3.0,29.79,Fair,2021.0,2021,5856,24535,2703,33094
2021,16/04/2021,09:00 AM,4,สงขลา,6.986004828,100.4373389,4,0,3,1,1,2021-04-16 09:00:00,4/16/2021,9:00 AM,82.0,94.0,3.0,29.79,Fair,2021.0,2021,3925,11535,2469,17929
2021,16/04/2021,09:00 AM,4,สงขลา,6.986004828,100.4373389,4,0,3,1,1,2021-04-16 09:00:00,4/16/2021,9:00 AM,82.0,94.0,3.0,29.79,Fair,2021.0,2021,2410,5778,1911,10099
2021,16/04/2021,09:00 AM,4,สงขลา,6.986004828,100.4373389,4,0,3,1,1,2021-04-16 09:00:00,4/16/2021,9:00 AM,82.0,94.0,3.0,29.79,Fair,2021.0,2021,29178,132199,29766,191143
2021,19/04/2021,08:00 AM,4,สงขลา,6.645673551,100.4268166,2,1,1,0,1,2021-04-19 08:00:00,4/19/2021,8:00 AM,82.0,94.0,2.0,29.76,Fair,2021.0,2021,5666,18678,4009,28353
2021,19/04/2021,08:00 AM,4,สงขลา,6.645673551,100.4268166,2,1,1,0,1,2021-04-19 08:00:00,4/19/2021,8:00 AM,82.0,94.0,2.0,29.76,Fair,2021.0,2021,4771,21416,5564,31751
2021,19/04/2021,08:00 AM,4,สงขลา,6.645673551,100.4268166,2,1,1,0,1,2021-04-19 08:00:00,4/19/2021,8:00 AM,82.0,94.0,2.0,29.76,Fair,2021.0,2021,1810,24255,8405,34470
2021,19/04/2021,08:00 AM,4,สงขลา,6.645673551,100.4268166,2,1,1,0,1,2021-04-19 08:00:00,4/19/2021,8:00 AM,82.0,94.0,2.0,29.76,Fair,2021.0,2021,4740,26002,4705,35447
2021,19/04/2021,08:00 AM,4,สงขลา,6.645673551,100.4268166,2,1,1,0,1,2021-04-19 08:00:00,4/19/2021,8:00 AM,82.0,94.0,2.0,29.76,Fair,2021.0,2021,5856,24535,2703,33094
2021,19/04/2021,08:00 AM,4,สงขลา,6.645673551,100.4268166,2,1,1,0,1,2021-04-19 08:00:00,4/19/2021,8:00 AM,82.0,94.0,2.0,29.76,Fair,2021.0,2021,3925,11535,2469,17929
2021,19/04/2021,08:00 AM,4,สงขลา,6.645673551,100.4268166,2,1,1,0,1,2021-04-19 08:00:00,4/19/2021,8:00 AM,82.0,94.0,2.0,29.76,Fair,2021.0,2021,2410,5778,1911,10099
2021,19/04/2021,08:00 AM,4,สงขลา,6.645673551,100.4268166,2,1,1,0,1,2021-04-19 08:00:00,4/19/2021,8:00 AM,82.0,94.0,2.0,29.76,Fair,2021.0,2021,29178,132199,29766,191143
2021,20/04/2021,04:00 PM,4,สงขลา,6.930471369,100.4684901,2,0,0,2,1,2021-04-20 16:00:00,4/20/2021,4:00 PM,88.0,66.0,10.0,29.64,Partly Cloudy,2021.0,2021,5666,18678,4009,28353
2021,20/04/2021,04:00 PM,4,สงขลา,6.930471369,100.4684901,2,0,0,2,1,2021-04-20 16:00:00,4/20/2021,4:00 PM,88.0,66.0,10.0,29.64,Partly Cloudy,2021.0,2021,4771,21416,5564,31751
2021,20/04/2021,04:00 PM,4,สงขลา,6.930471369,100.4684901,2,0,0,2,1,2021-04-20 16:00:00,4/20/2021,4:00 PM,88.0,66.0,10.0,29.64,Partly Cloudy,2021.0,2021,1810,24255,8405,34470
2021,20/04/2021,04:00 PM,4,สงขลา,6.930471369,100.4684901,2,0,0,2,1,2021-04-20 16:00:00,4/20/2021,4:00 PM,88.0,66.0,10.0,29.64,Partly Cloudy,2021.0,2021,4740,26002,4705,35447
2021,20/04/2021,04:00 PM,4,สงขลา,6.930471369,100.4684901,2,0,0,2,1,2021-04-20 16:00:00,4/20/2021,4:00 PM,88.0,66.0,10.0,29.64,Partly Cloudy,2021.0,2021,5856,24535,2703,33094
2021,20/04/2021,04:00 PM,4,สงขลา,6.930471369,100.4684901,2,0,0,2,1,2021-04-20 16:00:00,4/20/2021,4:00 PM,88.0,66.0,10.0,29.64,Partly Cloudy,2021.0,2021,3925,11535,2469,17929
2021,20/04/2021,04:00 PM,4,สงขลา,6.930471369,100.4684901,2,0,0,2,1,2021-04-20 16:00:00,4/20/2021,4:00 PM,88.0,66.0,10.0,29.64,Partly Cloudy,2021.0,2021,2410,5778,1911,10099
2021,20/04/2021,04:00 PM,4,สงขลา,6.930471369,100.4684901,2,0,0,2,1,2021-04-20 16:00:00,4/20/2021,4:00 PM,88.0,66.0,10.0,29.64,Partly Cloudy,2021.0,2021,29178,132199,29766,191143
2021,23/04/2021,07:00 PM,4,สงขลา,6.732313231,100.4499373,1,0,1,0,1,2021-04-23 19:00:00,4/23/2021,7:00 PM,79.0,100.0,2.0,29.7,Mostly Cloudy,2021.0,2021,5666,18678,4009,28353
2021,23/04/2021,07:00 PM,4,สงขลา,6.732313231,100.4499373,1,0,1,0,1,2021-04-23 19:00:00,4/23/2021,7:00 PM,79.0,100.0,2.0,29.7,Mostly Cloudy,2021.0,2021,4771,21416,5564,31751
2021,23/04/2021,07:00 PM,4,สงขลา,6.732313231,100.4499373,1,0,1,0,1,2021-04-23 19:00:00,4/23/2021,7:00 PM,79.0,100.0,2.0,29.7,Mostly Cloudy,2021.0,2021,1810,24255,8405,34470
2021,23/04/2021,07:00 PM,4,สงขลา,6.732313231,100.4499373,1,0,1,0,1,2021-04-23 19:00:00,4/23/2021,7:00 PM,79.0,100.0,2.0,29.7,Mostly Cloudy,2021.0,2021,4740,26002,4705,35447
2021,23/04/2021,07:00 PM,4,สงขลา,6.732313231,100.4499373,1,0,1,0,1,2021-04-23 19:00:00,4/23/2021,7:00 PM,79.0,100.0,2.0,29.7,Mostly Cloudy,2021.0,2021,5856,24535,2703,33094
2021,23/04/2021,07:00 PM,4,สงขลา,6.732313231,100.4499373,1,0,1,0,1,2021-04-23 19:00:00,4/23/2021,7:00 PM,79.0,100.0,2.0,29.7,Mostly Cloudy,2021.0,2021,3925,11535,2469,17929
2021,23/04/2021,07:00 PM,4,สงขลา,6.732313231,100.4499373,1,0,1,0,1,2021-04-23 19:00:00,4/23/2021,7:00 PM,79.0,100.0,2.0,29.7,Mostly Cloudy,2021.0,2021,2410,5778,1911,10099
2021,23/04/2021,07:00 PM,4,สงขลา,6.732313231,100.4499373,1,0,1,0,1,2021-04-23 19:00:00,4/23/2021,7:00 PM,79.0,100.0,2.0,29.7,Mostly Cloudy,2021.0,2021,29178,132199,29766,191143
2021,28/04/2021,03:00 PM,4,สงขลา,6.987250781,100.4257142,1,0,0,1,1,2021-04-28 15:00:00,4/28/2021,3:00 PM,90.0,62.0,8.0,29.67,Showers in the Vicinity,2021.0,2021,5666,18678,4009,28353
2021,28/04/2021,03:00 PM,4,สงขลา,6.987250781,100.4257142,1,0,0,1,1,2021-04-28 15:00:00,4/28/2021,3:00 PM,90.0,62.0,8.0,29.67,Showers in the Vicinity,2021.0,2021,4771,21416,5564,31751
2021,28/04/2021,03:00 PM,4,สงขลา,6.987250781,100.4257142,1,0,0,1,1,2021-04-28 15:00:00,4/28/2021,3:00 PM,90.0,62.0,8.0,29.67,Showers in the Vicinity,2021.0,2021,1810,24255,8405,34470
2021,28/04/2021,03:00 PM,4,สงขลา,6.987250781,100.4257142,1,0,0,1,1,2021-04-28 15:00:00,4/28/2021,3:00 PM,90.0,62.0,8.0,29.67,Showers in the Vicinity,2021.0,2021,4740,26002,4705,35447
2021,28/04/2021,03:00 PM,4,สงขลา,6.987250781,100.4257142,1,0,0,1,1,2021-04-28 15:00:00,4/28/2021,3:00 PM,90.0,62.0,8.0,29.67,Showers in the Vicinity,2021.0,2021,5856,24535,2703,33094
2021,28/04/2021,03:00 PM,4,สงขลา,6.987250781,100.4257142,1,0,0,1,1,2021-04-28 15:00:00,4/28/2021,3:00 PM,90.0,62.0,8.0,29.67,Showers in the Vicinity,2021.0,2021,3925,11535,2469,17929
2021,28/04/2021,03:00 PM,4,สงขลา,6.987250781,100.4257142,1,0,0,1,1,2021-04-28 15:00:00,4/28/2021,3:00 PM,90.0,62.0,8.0,29.67,Showers in the Vicinity,2021.0,2021,2410,5778,1911,10099
2021,28/04/2021,03:00 PM,4,สงขลา,6.987250781,100.4257142,1,0,0,1,1,2021-04-28 15:00:00,4/28/2021,3:00 PM,90.0,62.0,8.0,29.67,Showers in the Vicinity,2021.0,2021,29178,132199,29766,191143
2021,30/04/2021,01:30 PM,4,สงขลา,6.993184985,100.4183274,2,0,1,1,1,2021-04-30 13:30:00,4/30/2021,1:30 PM,82.0,89.0,5.0,29.7,Mostly Cloudy,2021.0,2021,5666,18678,4009,28353
2021,30/04/2021,01:30 PM,4,สงขลา,6.993184985,100.4183274,2,0,1,1,1,2021-04-30 13:30:00,4/30/2021,1:30 PM,82.0,89.0,5.0,29.7,Mostly Cloudy,2021.0,2021,4771,21416,5564,31751
2021,30/04/2021,01:30 PM,4,สงขลา,6.993184985,100.4183274,2,0,1,1,1,2021-04-30 13:30:00,4/30/2021,1:30 PM,82.0,89.0,5.0,29.7,Mostly Cloudy,2021.0,2021,1810,24255,8405,34470
2021,30/04/2021,01:30 PM,4,สงขลา,6.993184985,100.4183274,2,0,1,1,1,2021-04-30 13:30:00,4/30/2021,1:30 PM,82.0,89.0,5.0,29.7,Mostly Cloudy,2021.0,2021,4740,26002,4705,35447
2021,30/04/2021,01:30 PM,4,สงขลา,6.993184985,100.4183274,2,0,1,1,1,2021-04-30 13:30:00,4/30/2021,1:30 PM,82.0,89.0,5.0,29.7,Mostly Cloudy,2021.0,2021,5856,24535,2703,33094
2021,30/04/2021,01:30 PM,4,สงขลา,6.993184985,100.4183274,2,0,1,1,1,2021-04-30 13:30:00,4/30/2021,1:30 PM,82.0,89.0,5.0,29.7,Mostly Cloudy,2021.0,2021,3925,11535,2469,17929
2021,30/04/2021,01:30 PM,4,สงขลา,6.993184985,100.4183274,2,0,1,1,1,2021-04-30 13:30:00,4/30/2021,1:30 PM,82.0,89.0,5.0,29.7,Mostly Cloudy,2021.0,2021,2410,5778,1911,10099
2021,30/04/2021,01:30 PM,4,สงขลา,6.993184985,100.4183274,2,0,1,1,1,2021-04-30 13:30:00,4/30/2021,1:30 PM,82.0,89.0,5.0,29.7,Mostly Cloudy,2021.0,2021,29178,132199,29766,191143
2021,05/06/2021,11:30 AM,4,สงขลา,6.815424629,100.4571444,2,0,1,1,1,2021-05-06 11:30:00,5/6/2021,11:30 AM,88.0,75.0,3.0,29.76,Showers in the Vicinity,2021.0,2021,5666,18678,4009,28353
2021,05/06/2021,11:30 AM,4,สงขลา,6.815424629,100.4571444,2,0,1,1,1,2021-05-06 11:30:00,5/6/2021,11:30 AM,88.0,75.0,3.0,29.76,Showers in the Vicinity,2021.0,2021,4771,21416,5564,31751
2021,05/06/2021,11:30 AM,4,สงขลา,6.815424629,100.4571444,2,0,1,1,1,2021-05-06 11:30:00,5/6/2021,11:30 AM,88.0,75.0,3.0,29.76,Showers in the Vicinity,2021.0,2021,1810,24255,8405,34470
2021,05/06/2021,11:30 AM,4,สงขลา,6.815424629,100.4571444,2,0,1,1,1,2021-05-06 11:30:00,5/6/2021,11:30 AM,88.0,75.0,3.0,29.76,Showers in the Vicinity,2021.0,2021,4740,26002,4705,35447
2021,05/06/2021,11:30 AM,4,สงขลา,6.815424629,100.4571444,2,0,1,1,1,2021-05-06 11:30:00,5/6/2021,11:30 AM,88.0,75.0,3.0,29.76,Showers in the Vicinity,2021.0,2021,5856,24535,2703,33094
2021,05/06/2021,11:30 AM,4,สงขลา,6.815424629,100.4571444,2,0,1,1,1,2021-05-06 11:30:00,5/6/2021,11:30 AM,88.0,75.0,3.0,29.76,Showers in the Vicinity,2021.0,2021,3925,11535,2469,17929
2021,05/06/2021,11:30 AM,4,สงขลา,6.815424629,100.4571444,2,0,1,1,1,2021-05-06 11:30:00,5/6/2021,11:30 AM,88.0,75.0,3.0,29.76,Showers in the Vicinity,2021.0,2021,2410,5778,1911,10099
2021,05/06/2021,11:30 AM,4,สงขลา,6.815424629,100.4571444,2,0,1,1,1,2021-05-06 11:30:00,5/6/2021,11:30 AM,88.0,75.0,3.0,29.76,Showers in the Vicinity,2021.0,2021,29178,132199,29766,191143
2021,16/05/2021,12:00 AM,4,สงขลา,6.894974769,100.4698339,1,0,1,0,1,2021-05-16 00:00:00,5/16/2021,12:00 AM,79.0,100.0,2.0,29.7,Fair,2021.0,2021,5666,18678,4009,28353
2021,16/05/2021,12:00 AM,4,สงขลา,6.894974769,100.4698339,1,0,1,0,1,2021-05-16 00:00:00,5/16/2021,12:00 AM,79.0,100.0,2.0,29.7,Fair,2021.0,2021,4771,21416,5564,31751
2021,16/05/2021,12:00 AM,4,สงขลา,6.894974769,100.4698339,1,0,1,0,1,2021-05-16 00:00:00,5/16/2021,12:00 AM,79.0,100.0,2.0,29.7,Fair,2021.0,2021,1810,24255,8405,34470
2021,16/05/2021,12:00 AM,4,สงขลา,6.894974769,100.4698339,1,0,1,0,1,2021-05-16 00:00:00,5/16/2021,12:00 AM,79.0,100.0,2.0,29.7,Fair,2021.0,2021,4740,26002,4705,35447
2021,16/05/2021,12:00 AM,4,สงขลา,6.894974769,100.4698339,1,0,1,0,1,2021-05-16 00:00:00,5/16/2021,12:00 AM,79.0,100.0,2.0,29.7,Fair,2021.0,2021,5856,24535,2703,33094
2021,16/05/2021,12:00 AM,4,สงขลา,6.894974769,100.4698339,1,0,1,0,1,2021-05-16 00:00:00,5/16/2021,12:00 AM,79.0,100.0,2.0,29.7,Fair,2021.0,2021,3925,11535,2469,17929
2021,16/05/2021,12:00 AM,4,สงขลา,6.894974769,100.4698339,1,0,1,0,1,2021-05-16 00:00:00,5/16/2021,12:00 AM,79.0,100.0,2.0,29.7,Fair,2021.0,2021,2410,5778,1911,10099
2021,16/05/2021,12:00 AM,4,สงขลา,6.894974769,100.4698339,1,0,1,0,1,2021-05-16 00:00:00,5/16/2021,12:00 AM,79.0,100.0,2.0,29.7,Fair,2021.0,2021,29178,132199,29766,191143
2021,17/05/2021,10:30 AM,4,สงขลา,6.795686837,100.4532069,2,1,1,0,1,2021-05-17 10:30:00,5/17/2021,10:30 AM,90.0,70.0,5.0,29.7,Fair,2021.0,2021,5666,18678,4009,28353
2021,17/05/2021,10:30 AM,4,สงขลา,6.795686837,100.4532069,2,1,1,0,1,2021-05-17 10:30:00,5/17/2021,10:30 AM,90.0,70.0,5.0,29.7,Fair,2021.0,2021,4771,21416,5564,31751
2021,17/05/2021,10:30 AM,4,สงขลา,6.795686837,100.4532069,2,1,1,0,1,2021-05-17 10:30:00,5/17/2021,10:30 AM,90.0,70.0,5.0,29.7,Fair,2021.0,2021,1810,24255,8405,34470
2021,17/05/2021,10:30 AM,4,สงขลา,6.795686837,100.4532069,2,1,1,0,1,2021-05-17 10:30:00,5/17/2021,10:30 AM,90.0,70.0,5.0,29.7,Fair,2021.0,2021,4740,26002,4705,35447
2021,17/05/2021,10:30 AM,4,สงขลา,6.795686837,100.4532069,2,1,1,0,1,2021-05-17 10:30:00,5/17/2021,10:30 AM,90.0,70.0,5.0,29.7,Fair,2021.0,2021,5856,24535,2703,33094
2021,17/05/2021,10:30 AM,4,สงขลา,6.795686837,100.4532069,2,1,1,0,1,2021-05-17 10:30:00,5/17/2021,10:30 AM,90.0,70.0,5.0,29.7,Fair,2021.0,2021,3925,11535,2469,17929
2021,17/05/2021,10:30 AM,4,สงขลา,6.795686837,100.4532069,2,1,1,0,1,2021-05-17 10:30:00,5/17/2021,10:30 AM,90.0,70.0,5.0,29.7,Fair,2021.0,2021,2410,5778,1911,10099
2021,17/05/2021,10:30 AM,4,สงขลา,6.795686837,100.4532069,2,1,1,0,1,2021-05-17 10:30:00,5/17/2021,10:30 AM,90.0,70.0,5.0,29.7,Fair,2021.0,2021,29178,132199,29766,191143
2021,19/05/2021,11:30 AM,4,สงขลา,6.937764204,100.4701102,2,0,1,1,1,2021-05-19 11:30:00,5/19/2021,11:30 AM,86.0,79.0,0.0,29.7,Mostly Cloudy,2021.0,2021,5666,18678,4009,28353
2021,19/05/2021,11:30 AM,4,สงขลา,6.937764204,100.4701102,2,0,1,1,1,2021-05-19 11:30:00,5/19/2021,11:30 AM,86.0,79.0,0.0,29.7,Mostly Cloudy,2021.0,2021,4771,21416,5564,31751
2021,19/05/2021,11:30 AM,4,สงขลา,6.937764204,100.4701102,2,0,1,1,1,2021-05-19 11:30:00,5/19/2021,11:30 AM,86.0,79.0,0.0,29.7,Mostly Cloudy,2021.0,2021,1810,24255,8405,34470
2021,19/05/2021,11:30 AM,4,สงขลา,6.937764204,100.4701102,2,0,1,1,1,2021-05-19 11:30:00,5/19/2021,11:30 AM,86.0,79.0,0.0,29.7,Mostly Cloudy,2021.0,2021,4740,26002,4705,35447
2021,19/05/2021,11:30 AM,4,สงขลา,6.937764204,100.4701102,2,0,1,1,1,2021-05-19 11:30:00,5/19/2021,11:30 AM,86.0,79.0,0.0,29.7,Mostly Cloudy,2021.0,2021,5856,24535,2703,33094
2021,19/05/2021,11:30 AM,4,สงขลา,6.937764204,100.4701102,2,0,1,1,1,2021-05-19 11:30:00,5/19/2021,11:30 AM,86.0,79.0,0.0,29.7,Mostly Cloudy,2021.0,2021,3925,11535,2469,17929
2021,19/05/2021,11:30 AM,4,สงขลา,6.937764204,100.4701102,2,0,1,1,1,2021-05-19 11:30:00,5/19/2021,11:30 AM,86.0,79.0,0.0,29.7,Mostly Cloudy,2021.0,2021,2410,5778,1911,10099
2021,19/05/2021,11:30 AM,4,สงขลา,6.937764204,100.4701102,2,0,1,1,1,2021-05-19 11:30:00,5/19/2021,11:30 AM,86.0,79.0,0.0,29.7,Mostly Cloudy,2021.0,2021,29178,132199,29766,191143
2021,21/05/2021,01:00 AM,4,สงขลา,6.980839946,100.4605991,1,0,0,1,1,2021-05-21 01:00:00,5/21/2021,1:00 AM,81.0,100.0,0.0,29.73,Mostly Cloudy,2021.0,2021,5666,18678,4009,28353
2021,21/05/2021,01:00 AM,4,สงขลา,6.980839946,100.4605991,1,0,0,1,1,2021-05-21 01:00:00,5/21/2021,1:00 AM,81.0,100.0,0.0,29.73,Mostly Cloudy,2021.0,2021,4771,21416,5564,31751
2021,21/05/2021,01:00 AM,4,สงขลา,6.980839946,100.4605991,1,0,0,1,1,2021-05-21 01:00:00,5/21/2021,1:00 AM,81.0,100.0,0.0,29.73,Mostly Cloudy,2021.0,2021,1810,24255,8405,34470
2021,21/05/2021,01:00 AM,4,สงขลา,6.980839946,100.4605991,1,0,0,1,1,2021-05-21 01:00:00,5/21/2021,1:00 AM,81.0,100.0,0.0,29.73,Mostly Cloudy,2021.0,2021,4740,26002,4705,35447
2021,21/05/2021,01:00 AM,4,สงขลา,6.980839946,100.4605991,1,0,0,1,1,2021-05-21 01:00:00,5/21/2021,1:00 AM,81.0,100.0,0.0,29.73,Mostly Cloudy,2021.0,2021,5856,24535,2703,33094
2021,21/05/2021,01:00 AM,4,สงขลา,6.980839946,100.4605991,1,0,0,1,1,2021-05-21 01:00:00,5/21/2021,1:00 AM,81.0,100.0,0.0,29.73,Mostly Cloudy,2021.0,2021,3925,11535,2469,17929
2021,21/05/2021,01:00 AM,4,สงขลา,6.980839946,100.4605991,1,0,0,1,1,2021-05-21 01:00:00,5/21/2021,1:00 AM,81.0,100.0,0.0,29.73,Mostly Cloudy,2021.0,2021,2410,5778,1911,10099
2021,21/05/2021,01:00 AM,4,สงขลา,6.980839946,100.4605991,1,0,0,1,1,2021-05-21 01:00:00,5/21/2021,1:00 AM,81.0,100.0,0.0,29.73,Mostly Cloudy,2021.0,2021,29178,132199,29766,191143
2021,06/04/2021,02:00 AM,4,สงขลา,6.635259134,100.4233163,1,0,1,0,1,2021-06-04 02:00:00,6/4/2021,2:00 AM,77.0,94.0,0.0,29.67,Fair,2021.0,2021,5666,18678,4009,28353
2021,06/04/2021,02:00 AM,4,สงขลา,6.635259134,100.4233163,1,0,1,0,1,2021-06-04 02:00:00,6/4/2021,2:00 AM,77.0,94.0,0.0,29.67,Fair,2021.0,2021,4771,21416,5564,31751
2021,06/04/2021,02:00 AM,4,สงขลา,6.635259134,100.4233163,1,0,1,0,1,2021-06-04 02:00:00,6/4/2021,2:00 AM,77.0,94.0,0.0,29.67,Fair,2021.0,2021,1810,24255,8405,34470
2021,06/04/2021,02:00 AM,4,สงขลา,6.635259134,100.4233163,1,0,1,0,1,2021-06-04 02:00:00,6/4/2021,2:00 AM,77.0,94.0,0.0,29.67,Fair,2021.0,2021,4740,26002,4705,35447
2021,06/04/2021,02:00 AM,4,สงขลา,6.635259134,100.4233163,1,0,1,0,1,2021-06-04 02:00:00,6/4/2021,2:00 AM,77.0,94.0,0.0,29.67,Fair,2021.0,2021,5856,24535,2703,33094
2021,06/04/2021,02:00 AM,4,สงขลา,6.635259134,100.4233163,1,0,1,0,1,2021-06-04 02:00:00,6/4/2021,2:00 AM,77.0,94.0,0.0,29.67,Fair,2021.0,2021,3925,11535,2469,17929
2021,06/04/2021,02:00 AM,4,สงขลา,6.635259134,100.4233163,1,0,1,0,1,2021-06-04 02:00:00,6/4/2021,2:00 AM,77.0,94.0,0.0,29.67,Fair,2021.0,2021,2410,5778,1911,10099
2021,06/04/2021,02:00 AM,4,สงขลา,6.635259134,100.4233163,1,0,1,0,1,2021-06-04 02:00:00,6/4/2021,2:00 AM,77.0,94.0,0.0,29.67,Fair,2021.0,2021,29178,132199,29766,191143
2021,06/12/2021,01:30 AM,4,สงขลา,6.894037458,100.4698634,1,0,1,0,1,2021-06-12 01:30:00,6/12/2021,1:30 AM,81.0,100.0,0.0,29.7,Mostly Cloudy,2021.0,2021,5666,18678,4009,28353
2021,06/12/2021,01:30 AM,4,สงขลา,6.894037458,100.4698634,1,0,1,0,1,2021-06-12 01:30:00,6/12/2021,1:30 AM,81.0,100.0,0.0,29.7,Mostly Cloudy,2021.0,2021,4771,21416,5564,31751
2021,06/12/2021,01:30 AM,4,สงขลา,6.894037458,100.4698634,1,0,1,0,1,2021-06-12 01:30:00,6/12/2021,1:30 AM,81.0,100.0,0.0,29.7,Mostly Cloudy,2021.0,2021,1810,24255,8405,34470
2021,06/12/2021,01:30 AM,4,สงขลา,6.894037458,100.4698634,1,0,1,0,1,2021-06-12 01:30:00,6/12/2021,1:30 AM,81.0,100.0,0.0,29.7,Mostly Cloudy,2021.0,2021,4740,26002,4705,35447
2021,06/12/2021,01:30 AM,4,สงขลา,6.894037458,100.4698634,1,0,1,0,1,2021-06-12 01:30:00,6/12/2021,1:30 AM,81.0,100.0,0.0,29.7,Mostly Cloudy,2021.0,2021,5856,24535,2703,33094
2021,06/12/2021,01:30 AM,4,สงขลา,6.894037458,100.4698634,1,0,1,0,1,2021-06-12 01:30:00,6/12/2021,1:30 AM,81.0,100.0,0.0,29.7,Mostly Cloudy,2021.0,2021,3925,11535,2469,17929
2021,06/12/2021,01:30 AM,4,สงขลา,6.894037458,100.4698634,1,0,1,0,1,2021-06-12 01:30:00,6/12/2021,1:30 AM,81.0,100.0,0.0,29.7,Mostly Cloudy,2021.0,2021,2410,5778,1911,10099
2021,06/12/2021,01:30 AM,4,สงขลา,6.894037458,100.4698634,1,0,1,0,1,2021-06-12 01:30:00,6/12/2021,1:30 AM,81.0,100.0,0.0,29.7,Mostly Cloudy,2021.0,2021,29178,132199,29766,191143
2021,14/06/2021,05:30 PM,4,สงขลา,6.763062174,100.4592419,1,0,1,0,1,2021-06-14 17:30:00,6/14/2021,5:30 PM,90.0,55.0,8.0,29.61,Fair,2021.0,2021,5666,18678,4009,28353
2021,14/06/2021,05:30 PM,4,สงขลา,6.763062174,100.4592419,1,0,1,0,1,2021-06-14 17:30:00,6/14/2021,5:30 PM,90.0,55.0,8.0,29.61,Fair,2021.0,2021,4771,21416,5564,31751
2021,14/06/2021,05:30 PM,4,สงขลา,6.763062174,100.4592419,1,0,1,0,1,2021-06-14 17:30:00,6/14/2021,5:30 PM,90.0,55.0,8.0,29.61,Fair,2021.0,2021,1810,24255,8405,34470
2021,14/06/2021,05:30 PM,4,สงขลา,6.763062174,100.4592419,1,0,1,0,1,2021-06-14 17:30:00,6/14/2021,5:30 PM,90.0,55.0,8.0,29.61,Fair,2021.0,2021,4740,26002,4705,35447
2021,14/06/2021,05:30 PM,4,สงขลา,6.763062174,100.4592419,1,0,1,0,1,2021-06-14 17:30:00,6/14/2021,5:30 PM,90.0,55.0,8.0,29.61,Fair,2021.0,2021,5856,24535,2703,33094
2021,14/06/2021,05:30 PM,4,สงขลา,6.763062174,100.4592419,1,0,1,0,1,2021-06-14 17:30:00,6/14/2021,5:30 PM,90.0,55.0,8.0,29.61,Fair,2021.0,2021,3925,11535,2469,17929
2021,14/06/2021,05:30 PM,4,สงขลา,6.763062174,100.4592419,1,0,1,0,1,2021-06-14 17:30:00,6/14/2021,5:30 PM,90.0,55.0,8.0,29.61,Fair,2021.0,2021,2410,5778,1911,10099
2021,14/06/2021,05:30 PM,4,สงขลา,6.763062174,100.4592419,1,0,1,0,1,2021-06-14 17:30:00,6/14/2021,5:30 PM,90.0,55.0,8.0,29.61,Fair,2021.0,2021,29178,132199,29766,191143
2021,22/06/2021,07:30 PM,4,สงขลา,6.87199948,100.4702577,2,0,2,0,1,2021-06-22 19:30:00,6/22/2021,7:30 PM,84.0,74.0,0.0,29.7,Fair,2021.0,2021,5666,18678,4009,28353
2021,22/06/2021,07:30 PM,4,สงขลา,6.87199948,100.4702577,2,0,2,0,1,2021-06-22 19:30:00,6/22/2021,7:30 PM,84.0,74.0,0.0,29.7,Fair,2021.0,2021,4771,21416,5564,31751
2021,22/06/2021,07:30 PM,4,สงขลา,6.87199948,100.4702577,2,0,2,0,1,2021-06-22 19:30:00,6/22/2021,7:30 PM,84.0,74.0,0.0,29.7,Fair,2021.0,2021,1810,24255,8405,34470
2021,22/06/2021,07:30 PM,4,สงขลา,6.87199948,100.4702577,2,0,2,0,1,2021-06-22 19:30:00,6/22/2021,7:30 PM,84.0,74.0,0.0,29.7,Fair,2021.0,2021,4740,26002,4705,35447
2021,22/06/2021,07:30 PM,4,สงขลา,6.87199948,100.4702577,2,0,2,0,1,2021-06-22 19:30:00,6/22/2021,7:30 PM,84.0,74.0,0.0,29.7,Fair,2021.0,2021,5856,24535,2703,33094
2021,22/06/2021,07:30 PM,4,สงขลา,6.87199948,100.4702577,2,0,2,0,1,2021-06-22 19:30:00,6/22/2021,7:30 PM,84.0,74.0,0.0,29.7,Fair,2021.0,2021,3925,11535,2469,17929
2021,22/06/2021,07:30 PM,4,สงขลา,6.87199948,100.4702577,2,0,2,0,1,2021-06-22 19:30:00,6/22/2021,7:30 PM,84.0,74.0,0.0,29.7,Fair,2021.0,2021,2410,5778,1911,10099
2021,22/06/2021,07:30 PM,4,สงขลา,6.87199948,100.4702577,2,0,2,0,1,2021-06-22 19:30:00,6/22/2021,7:30 PM,84.0,74.0,0.0,29.7,Fair,2021.0,2021,29178,132199,29766,191143
2021,22/06/2021,11:00 PM,4,สงขลา,6.983427719,100.4529038,1,0,0,1,1,2021-06-22 23:00:00,6/22/2021,11:00 PM,79.0,100.0,0.0,29.79,Fair,2021.0,2021,5666,18678,4009,28353
2021,22/06/2021,11:00 PM,4,สงขลา,6.983427719,100.4529038,1,0,0,1,1,2021-06-22 23:00:00,6/22/2021,11:00 PM,79.0,100.0,0.0,29.79,Fair,2021.0,2021,4771,21416,5564,31751
2021,22/06/2021,11:00 PM,4,สงขลา,6.983427719,100.4529038,1,0,0,1,1,2021-06-22 23:00:00,6/22/2021,11:00 PM,79.0,100.0,0.0,29.79,Fair,2021.0,2021,1810,24255,8405,34470
2021,22/06/2021,11:00 PM,4,สงขลา,6.983427719,100.4529038,1,0,0,1,1,2021-06-22 23:00:00,6/22/2021,11:00 PM,79.0,100.0,0.0,29.79,Fair,2021.0,2021,4740,26002,4705,35447
2021,22/06/2021,11:00 PM,4,สงขลา,6.983427719,100.4529038,1,0,0,1,1,2021-06-22 23:00:00,6/22/2021,11:00 PM,79.0,100.0,0.0,29.79,Fair,2021.0,2021,5856,24535,2703,33094
2021,22/06/2021,11:00 PM,4,สงขลา,6.983427719,100.4529038,1,0,0,1,1,2021-06-22 23:00:00,6/22/2021,11:00 PM,79.0,100.0,0.0,29.79,Fair,2021.0,2021,3925,11535,2469,17929
2021,22/06/2021,11:00 PM,4,สงขลา,6.983427719,100.4529038,1,0,0,1,1,2021-06-22 23:00:00,6/22/2021,11:00 PM,79.0,100.0,0.0,29.79,Fair,2021.0,2021,2410,5778,1911,10099
2021,22/06/2021,11:00 PM,4,สงขลา,6.983427719,100.4529038,1,0,0,1,1,2021-06-22 23:00:00,6/22/2021,11:00 PM,79.0,100.0,0.0,29.79,Fair,2021.0,2021,29178,132199,29766,191143
2021,29/06/2021,02:30 AM,4,สงขลา,6.726090755,100.4486793,2,1,0,1,1,2021-06-29 02:30:00,6/29/2021,2:30 AM,77.0,100.0,2.0,29.73,Fair,2021.0,2021,5666,18678,4009,28353
2021,29/06/2021,02:30 AM,4,สงขลา,6.726090755,100.4486793,2,1,0,1,1,2021-06-29 02:30:00,6/29/2021,2:30 AM,77.0,100.0,2.0,29.73,Fair,2021.0,2021,4771,21416,5564,31751
2021,29/06/2021,02:30 AM,4,สงขลา,6.726090755,100.4486793,2,1,0,1,1,2021-06-29 02:30:00,6/29/2021,2:30 AM,77.0,100.0,2.0,29.73,Fair,2021.0,2021,1810,24255,8405,34470
2021,29/06/2021,02:30 AM,4,สงขลา,6.726090755,100.4486793,2,1,0,1,1,2021-06-29 02:30:00,6/29/2021,2:30 AM,77.0,100.0,2.0,29.73,Fair,2021.0,2021,4740,26002,4705,35447
2021,29/06/2021,02:30 AM,4,สงขลา,6.726090755,100.4486793,2,1,0,1,1,2021-06-29 02:30:00,6/29/2021,2:30 AM,77.0,100.0,2.0,29.73,Fair,2021.0,2021,5856,24535,2703,33094
2021,29/06/2021,02:30 AM,4,สงขลา,6.726090755,100.4486793,2,1,0,1,1,2021-06-29 02:30:00,6/29/2021,2:30 AM,77.0,100.0,2.0,29.73,Fair,2021.0,2021,3925,11535,2469,17929
2021,29/06/2021,02:30 AM,4,สงขลา,6.726090755,100.4486793,2,1,0,1,1,2021-06-29 02:30:00,6/29/2021,2:30 AM,77.0,100.0,2.0,29.73,Fair,2021.0,2021,2410,5778,1911,10099
2021,29/06/2021,02:30 AM,4,สงขลา,6.726090755,100.4486793,2,1,0,1,1,2021-06-29 02:30:00,6/29/2021,2:30 AM,77.0,100.0,2.0,29.73,Fair,2021.0,2021,29178,132199,29766,191143
2021,07/01/2021,05:00 AM,4,สงขลา,6.692033539,100.4405066,1,0,1,0,1,2021-07-01 05:00:00,7/1/2021,5:00 AM,75.0,100.0,0.0,29.7,Fair,2021.0,2021,5666,18678,4009,28353
2021,07/01/2021,05:00 AM,4,สงขลา,6.692033539,100.4405066,1,0,1,0,1,2021-07-01 05:00:00,7/1/2021,5:00 AM,75.0,100.0,0.0,29.7,Fair,2021.0,2021,4771,21416,5564,31751
2021,07/01/2021,05:00 AM,4,สงขลา,6.692033539,100.4405066,1,0,1,0,1,2021-07-01 05:00:00,7/1/2021,5:00 AM,75.0,100.0,0.0,29.7,Fair,2021.0,2021,1810,24255,8405,34470
2021,07/01/2021,05:00 AM,4,สงขลา,6.692033539,100.4405066,1,0,1,0,1,2021-07-01 05:00:00,7/1/2021,5:00 AM,75.0,100.0,0.0,29.7,Fair,2021.0,2021,4740,26002,4705,35447
2021,07/01/2021,05:00 AM,4,สงขลา,6.692033539,100.4405066,1,0,1,0,1,2021-07-01 05:00:00,7/1/2021,5:00 AM,75.0,100.0,0.0,29.7,Fair,2021.0,2021,5856,24535,2703,33094
2021,07/01/2021,05:00 AM,4,สงขลา,6.692033539,100.4405066,1,0,1,0,1,2021-07-01 05:00:00,7/1/2021,5:00 AM,75.0,100.0,0.0,29.7,Fair,2021.0,2021,3925,11535,2469,17929
2021,07/01/2021,05:00 AM,4,สงขลา,6.692033539,100.4405066,1,0,1,0,1,2021-07-01 05:00:00,7/1/2021,5:00 AM,75.0,100.0,0.0,29.7,Fair,2021.0,2021,2410,5778,1911,10099
2021,07/01/2021,05:00 AM,4,สงขลา,6.692033539,100.4405066,1,0,1,0,1,2021-07-01 05:00:00,7/1/2021,5:00 AM,75.0,100.0,0.0,29.7,Fair,2021.0,2021,29178,132199,29766,191143
2021,07/02/2021,07:30 PM,4,สงขลา,6.617781389,100.4203042,2,1,0,1,1,2021-07-02 19:30:00,7/2/2021,7:30 PM,86.0,74.0,2.0,29.67,Fair,2021.0,2021,5666,18678,4009,28353
2021,07/02/2021,07:30 PM,4,สงขลา,6.617781389,100.4203042,2,1,0,1,1,2021-07-02 19:30:00,7/2/2021,7:30 PM,86.0,74.0,2.0,29.67,Fair,2021.0,2021,4771,21416,5564,31751
2021,07/02/2021,07:30 PM,4,สงขลา,6.617781389,100.4203042,2,1,0,1,1,2021-07-02 19:30:00,7/2/2021,7:30 PM,86.0,74.0,2.0,29.67,Fair,2021.0,2021,1810,24255,8405,34470
2021,07/02/2021,07:30 PM,4,สงขลา,6.617781389,100.4203042,2,1,0,1,1,2021-07-02 19:30:00,7/2/2021,7:30 PM,86.0,74.0,2.0,29.67,Fair,2021.0,2021,4740,26002,4705,35447
2021,07/02/2021,07:30 PM,4,สงขลา,6.617781389,100.4203042,2,1,0,1,1,2021-07-02 19:30:00,7/2/2021,7:30 PM,86.0,74.0,2.0,29.67,Fair,2021.0,2021,5856,24535,2703,33094
2021,07/02/2021,07:30 PM,4,สงขลา,6.617781389,100.4203042,2,1,0,1,1,2021-07-02 19:30:00,7/2/2021,7:30 PM,86.0,74.0,2.0,29.67,Fair,2021.0,2021,3925,11535,2469,17929
2021,07/02/2021,07:30 PM,4,สงขลา,6.617781389,100.4203042,2,1,0,1,1,2021-07-02 19:30:00,7/2/2021,7:30 PM,86.0,74.0,2.0,29.67,Fair,2021.0,2021,2410,5778,1911,10099
2021,07/02/2021,07:30 PM,4,สงขลา,6.617781389,100.4203042,2,1,0,1,1,2021-07-02 19:30:00,7/2/2021,7:30 PM,86.0,74.0,2.0,29.67,Fair,2021.0,2021,29178,132199,29766,191143
2021,14/07/2021,06:00 AM,4,สงขลา,6.666333885,100.4338172,1,0,0,1,1,2021-07-14 06:00:00,7/14/2021,6:00 AM,77.0,100.0,0.0,29.64,Mostly Cloudy,2021.0,2021,5666,18678,4009,28353
2021,14/07/2021,06:00 AM,4,สงขลา,6.666333885,100.4338172,1,0,0,1,1,2021-07-14 06:00:00,7/14/2021,6:00 AM,77.0,100.0,0.0,29.64,Mostly Cloudy,2021.0,2021,4771,21416,5564,31751
2021,14/07/2021,06:00 AM,4,สงขลา,6.666333885,100.4338172,1,0,0,1,1,2021-07-14 06:00:00,7/14/2021,6:00 AM,77.0,100.0,0.0,29.64,Mostly Cloudy,2021.0,2021,1810,24255,8405,34470
2021,14/07/2021,06:00 AM,4,สงขลา,6.666333885,100.4338172,1,0,0,1,1,2021-07-14 06:00:00,7/14/2021,6:00 AM,77.0,100.0,0.0,29.64,Mostly Cloudy,2021.0,2021,4740,26002,4705,35447
2021,14/07/2021,06:00 AM,4,สงขลา,6.666333885,100.4338172,1,0,0,1,1,2021-07-14 06:00:00,7/14/2021,6:00 AM,77.0,100.0,0.0,29.64,Mostly Cloudy,2021.0,2021,5856,24535,2703,33094
2021,14/07/2021,06:00 AM,4,สงขลา,6.666333885,100.4338172,1,0,0,1,1,2021-07-14 06:00:00,7/14/2021,6:00 AM,77.0,100.0,0.0,29.64,Mostly Cloudy,2021.0,2021,3925,11535,2469,17929
2021,14/07/2021,06:00 AM,4,สงขลา,6.666333885,100.4338172,1,0,0,1,1,2021-07-14 06:00:00,7/14/2021,6:00 AM,77.0,100.0,0.0,29.64,Mostly Cloudy,2021.0,2021,2410,5778,1911,10099
2021,14/07/2021,06:00 AM,4,สงขลา,6.666333885,100.4338172,1,0,0,1,1,2021-07-14 06:00:00,7/14/2021,6:00 AM,77.0,100.0,0.0,29.64,Mostly Cloudy,2021.0,2021,29178,132199,29766,191143
2021,08/06/2021,03:00 PM,4,สงขลา,6.672098908,100.4358369,1,0,1,0,1,2021-08-06 15:00:00,8/6/2021,3:00 PM,95.0,47.0,12.0,29.64,Partly Cloudy,2021.0,2021,5666,18678,4009,28353
2021,08/06/2021,03:00 PM,4,สงขลา,6.672098908,100.4358369,1,0,1,0,1,2021-08-06 15:00:00,8/6/2021,3:00 PM,95.0,47.0,12.0,29.64,Partly Cloudy,2021.0,2021,4771,21416,5564,31751
2021,08/06/2021,03:00 PM,4,สงขลา,6.672098908,100.4358369,1,0,1,0,1,2021-08-06 15:00:00,8/6/2021,3:00 PM,95.0,47.0,12.0,29.64,Partly Cloudy,2021.0,2021,1810,24255,8405,34470
2021,08/06/2021,03:00 PM,4,สงขลา,6.672098908,100.4358369,1,0,1,0,1,2021-08-06 15:00:00,8/6/2021,3:00 PM,95.0,47.0,12.0,29.64,Partly Cloudy,2021.0,2021,4740,26002,4705,35447
2021,08/06/2021,03:00 PM,4,สงขลา,6.672098908,100.4358369,1,0,1,0,1,2021-08-06 15:00:00,8/6/2021,3:00 PM,95.0,47.0,12.0,29.64,Partly Cloudy,2021.0,2021,5856,24535,2703,33094
2021,08/06/2021,03:00 PM,4,สงขลา,6.672098908,100.4358369,1,0,1,0,1,2021-08-06 15:00:00,8/6/2021,3:00 PM,95.0,47.0,12.0,29.64,Partly Cloudy,2021.0,2021,3925,11535,2469,17929
2021,08/06/2021,03:00 PM,4,สงขลา,6.672098908,100.4358369,1,0,1,0,1,2021-08-06 15:00:00,8/6/2021,3:00 PM,95.0,47.0,12.0,29.64,Partly Cloudy,2021.0,2021,2410,5778,1911,10099
2021,08/06/2021,03:00 PM,4,สงขลา,6.672098908,100.4358369,1,0,1,0,1,2021-08-06 15:00:00,8/6/2021,3:00 PM,95.0,47.0,12.0,29.64,Partly Cloudy,2021.0,2021,29178,132199,29766,191143
2021,08/12/2021,03:00 PM,4,สงขลา,6.624825848,100.4216158,1,0,0,1,1,2021-08-12 15:00:00,8/12/2021,3:00 PM,95.0,49.0,13.0,29.7,Partly Cloudy,2021.0,2021,5666,18678,4009,28353
2021,08/12/2021,03:00 PM,4,สงขลา,6.624825848,100.4216158,1,0,0,1,1,2021-08-12 15:00:00,8/12/2021,3:00 PM,95.0,49.0,13.0,29.7,Partly Cloudy,2021.0,2021,4771,21416,5564,31751
2021,08/12/2021,03:00 PM,4,สงขลา,6.624825848,100.4216158,1,0,0,1,1,2021-08-12 15:00:00,8/12/2021,3:00 PM,95.0,49.0,13.0,29.7,Partly Cloudy,2021.0,2021,1810,24255,8405,34470
2021,08/12/2021,03:00 PM,4,สงขลา,6.624825848,100.4216158,1,0,0,1,1,2021-08-12 15:00:00,8/12/2021,3:00 PM,95.0,49.0,13.0,29.7,Partly Cloudy,2021.0,2021,4740,26002,4705,35447
2021,08/12/2021,03:00 PM,4,สงขลา,6.624825848,100.4216158,1,0,0,1,1,2021-08-12 15:00:00,8/12/2021,3:00 PM,95.0,49.0,13.0,29.7,Partly Cloudy,2021.0,2021,5856,24535,2703,33094
2021,08/12/2021,03:00 PM,4,สงขลา,6.624825848,100.4216158,1,0,0,1,1,2021-08-12 15:00:00,8/12/2021,3:00 PM,95.0,49.0,13.0,29.7,Partly Cloudy,2021.0,2021,3925,11535,2469,17929
2021,08/12/2021,03:00 PM,4,สงขลา,6.624825848,100.4216158,1,0,0,1,1,2021-08-12 15:00:00,8/12/2021,3:00 PM,95.0,49.0,13.0,29.7,Partly Cloudy,2021.0,2021,2410,5778,1911,10099
2021,08/12/2021,03:00 PM,4,สงขลา,6.624825848,100.4216158,1,0,0,1,1,2021-08-12 15:00:00,8/12/2021,3:00 PM,95.0,49.0,13.0,29.7,Partly Cloudy,2021.0,2021,29178,132199,29766,191143
2021,08/12/2021,03:30 PM,4,สงขลา,6.656687175,100.4305798,2,0,1,1,1,2021-08-12 15:30:00,8/12/2021,3:30 PM,93.0,52.0,13.0,29.7,Partly Cloudy,2021.0,2021,5666,18678,4009,28353
2021,08/12/2021,03:30 PM,4,สงขลา,6.656687175,100.4305798,2,0,1,1,1,2021-08-12 15:30:00,8/12/2021,3:30 PM,93.0,52.0,13.0,29.7,Partly Cloudy,2021.0,2021,4771,21416,5564,31751
2021,08/12/2021,03:30 PM,4,สงขลา,6.656687175,100.4305798,2,0,1,1,1,2021-08-12 15:30:00,8/12/2021,3:30 PM,93.0,52.0,13.0,29.7,Partly Cloudy,2021.0,2021,1810,24255,8405,34470
2021,08/12/2021,03:30 PM,4,สงขลา,6.656687175,100.4305798,2,0,1,1,1,2021-08-12 15:30:00,8/12/2021,3:30 PM,93.0,52.0,13.0,29.7,Partly Cloudy,2021.0,2021,4740,26002,4705,35447
2021,08/12/2021,03:30 PM,4,สงขลา,6.656687175,100.4305798,2,0,1,1,1,2021-08-12 15:30:00,8/12/2021,3:30 PM,93.0,52.0,13.0,29.7,Partly Cloudy,2021.0,2021,5856,24535,2703,33094
2021,08/12/2021,03:30 PM,4,สงขลา,6.656687175,100.4305798,2,0,1,1,1,2021-08-12 15:30:00,8/12/2021,3:30 PM,93.0,52.0,13.0,29.7,Partly Cloudy,2021.0,2021,3925,11535,2469,17929
2021,08/12/2021,03:30 PM,4,สงขลา,6.656687175,100.4305798,2,0,1,1,1,2021-08-12 15:30:00,8/12/2021,3:30 PM,93.0,52.0,13.0,29.7,Partly Cloudy,2021.0,2021,2410,5778,1911,10099
2021,08/12/2021,03:30 PM,4,สงขลา,6.656687175,100.4305798,2,0,1,1,1,2021-08-12 15:30:00,8/12/2021,3:30 PM,93.0,52.0,13.0,29.7,Partly Cloudy,2021.0,2021,29178,132199,29766,191143
2021,20/08/2021,11:00 PM,4,สงขลา,7.004334377,100.4151007,1,0,1,0,1,2021-08-20 23:00:00,8/20/2021,11:00 PM,75.0,100.0,0.0,29.79,Light Rain,2021.0,2021,5666,18678,4009,28353
2021,20/08/2021,11:00 PM,4,สงขลา,7.004334377,100.4151007,1,0,1,0,1,2021-08-20 23:00:00,8/20/2021,11:00 PM,75.0,100.0,0.0,29.79,Light Rain,2021.0,2021,4771,21416,5564,31751
2021,20/08/2021,11:00 PM,4,สงขลา,7.004334377,100.4151007,1,0,1,0,1,2021-08-20 23:00:00,8/20/2021,11:00 PM,75.0,100.0,0.0,29.79,Light Rain,2021.0,2021,1810,24255,8405,34470
2021,20/08/2021,11:00 PM,4,สงขลา,7.004334377,100.4151007,1,0,1,0,1,2021-08-20 23:00:00,8/20/2021,11:00 PM,75.0,100.0,0.0,29.79,Light Rain,2021.0,2021,4740,26002,4705,35447
2021,20/08/2021,11:00 PM,4,สงขลา,7.004334377,100.4151007,1,0,1,0,1,2021-08-20 23:00:00,8/20/2021,11:00 PM,75.0,100.0,0.0,29.79,Light Rain,2021.0,2021,5856,24535,2703,33094
2021,20/08/2021,11:00 PM,4,สงขลา,7.004334377,100.4151007,1,0,1,0,1,2021-08-20 23:00:00,8/20/2021,11:00 PM,75.0,100.0,0.0,29.79,Light Rain,2021.0,2021,3925,11535,2469,17929
2021,20/08/2021,11:00 PM,4,สงขลา,7.004334377,100.4151007,1,0,1,0,1,2021-08-20 23:00:00,8/20/2021,11:00 PM,75.0,100.0,0.0,29.79,Light Rain,2021.0,2021,2410,5778,1911,10099
2021,20/08/2021,11:00 PM,4,สงขลา,7.004334377,100.4151007,1,0,1,0,1,2021-08-20 23:00:00,8/20/2021,11:00 PM,75.0,100.0,0.0,29.79,Light Rain,2021.0,2021,29178,132199,29766,191143
2021,09/07/2021,02:30 PM,4,สงขลา,6.807722432,100.4548484,2,0,1,1,1,2021-09-07 14:30:00,9/7/2021,2:30 PM,90.0,59.0,12.0,29.67,Showers in the Vicinity,2021.0,2021,5666,18678,4009,28353
2021,09/07/2021,02:30 PM,4,สงขลา,6.807722432,100.4548484,2,0,1,1,1,2021-09-07 14:30:00,9/7/2021,2:30 PM,90.0,59.0,12.0,29.67,Showers in the Vicinity,2021.0,2021,4771,21416,5564,31751
2021,09/07/2021,02:30 PM,4,สงขลา,6.807722432,100.4548484,2,0,1,1,1,2021-09-07 14:30:00,9/7/2021,2:30 PM,90.0,59.0,12.0,29.67,Showers in the Vicinity,2021.0,2021,1810,24255,8405,34470
2021,09/07/2021,02:30 PM,4,สงขลา,6.807722432,100.4548484,2,0,1,1,1,2021-09-07 14:30:00,9/7/2021,2:30 PM,90.0,59.0,12.0,29.67,Showers in the Vicinity,2021.0,2021,4740,26002,4705,35447
2021,09/07/2021,02:30 PM,4,สงขลา,6.807722432,100.4548484,2,0,1,1,1,2021-09-07 14:30:00,9/7/2021,2:30 PM,90.0,59.0,12.0,29.67,Showers in the Vicinity,2021.0,2021,5856,24535,2703,33094
2021,09/07/2021,02:30 PM,4,สงขลา,6.807722432,100.4548484,2,0,1,1,1,2021-09-07 14:30:00,9/7/2021,2:30 PM,90.0,59.0,12.0,29.67,Showers in the Vicinity,2021.0,2021,3925,11535,2469,17929
2021,09/07/2021,02:30 PM,4,สงขลา,6.807722432,100.4548484,2,0,1,1,1,2021-09-07 14:30:00,9/7/2021,2:30 PM,90.0,59.0,12.0,29.67,Showers in the Vicinity,2021.0,2021,2410,5778,1911,10099
2021,09/07/2021,02:30 PM,4,สงขลา,6.807722432,100.4548484,2,0,1,1,1,2021-09-07 14:30:00,9/7/2021,2:30 PM,90.0,59.0,12.0,29.67,Showers in the Vicinity,2021.0,2021,29178,132199,29766,191143
2021,17/09/2021,02:30 PM,4,สงขลา,6.575096861,100.4104069,1,0,1,0,1,2021-09-17 14:30:00,9/17/2021,2:30 PM,79.0,94.0,8.0,29.67,Thunder,2021.0,2021,5666,18678,4009,28353
2021,17/09/2021,02:30 PM,4,สงขลา,6.575096861,100.4104069,1,0,1,0,1,2021-09-17 14:30:00,9/17/2021,2:30 PM,79.0,94.0,8.0,29.67,Thunder,2021.0,2021,4771,21416,5564,31751
2021,17/09/2021,02:30 PM,4,สงขลา,6.575096861,100.4104069,1,0,1,0,1,2021-09-17 14:30:00,9/17/2021,2:30 PM,79.0,94.0,8.0,29.67,Thunder,2021.0,2021,1810,24255,8405,34470
2021,17/09/2021,02:30 PM,4,สงขลา,6.575096861,100.4104069,1,0,1,0,1,2021-09-17 14:30:00,9/17/2021,2:30 PM,79.0,94.0,8.0,29.67,Thunder,2021.0,2021,4740,26002,4705,35447
2021,17/09/2021,02:30 PM,4,สงขลา,6.575096861,100.4104069,1,0,1,0,1,2021-09-17 14:30:00,9/17/2021,2:30 PM,79.0,94.0,8.0,29.67,Thunder,2021.0,2021,5856,24535,2703,33094
2021,17/09/2021,02:30 PM,4,สงขลา,6.575096861,100.4104069,1,0,1,0,1,2021-09-17 14:30:00,9/17/2021,2:30 PM,79.0,94.0,8.0,29.67,Thunder,2021.0,2021,3925,11535,2469,17929
2021,17/09/2021,02:30 PM,4,สงขลา,6.575096861,100.4104069,1,0,1,0,1,2021-09-17 14:30:00,9/17/2021,2:30 PM,79.0,94.0,8.0,29.67,Thunder,2021.0,2021,2410,5778,1911,10099
2021,17/09/2021,02:30 PM,4,สงขลา,6.575096861,100.4104069,1,0,1,0,1,2021-09-17 14:30:00,9/17/2021,2:30 PM,79.0,94.0,8.0,29.67,Thunder,2021.0,2021,29178,132199,29766,191143
2021,17/09/2021,07:00 PM,4,สงขลา,6.807767708,100.4549637,3,0,2,1,1,2021-09-17 19:00:00,9/17/2021,7:00 PM,77.0,100.0,0.0,29.67,Partly Cloudy,2021.0,2021,5666,18678,4009,28353
2021,17/09/2021,07:00 PM,4,สงขลา,6.807767708,100.4549637,3,0,2,1,1,2021-09-17 19:00:00,9/17/2021,7:00 PM,77.0,100.0,0.0,29.67,Partly Cloudy,2021.0,2021,4771,21416,5564,31751
2021,17/09/2021,07:00 PM,4,สงขลา,6.807767708,100.4549637,3,0,2,1,1,2021-09-17 19:00:00,9/17/2021,7:00 PM,77.0,100.0,0.0,29.67,Partly Cloudy,2021.0,2021,1810,24255,8405,34470
2021,17/09/2021,07:00 PM,4,สงขลา,6.807767708,100.4549637,3,0,2,1,1,2021-09-17 19:00:00,9/17/2021,7:00 PM,77.0,100.0,0.0,29.67,Partly Cloudy,2021.0,2021,4740,26002,4705,35447
2021,17/09/2021,07:00 PM,4,สงขลา,6.807767708,100.4549637,3,0,2,1,1,2021-09-17 19:00:00,9/17/2021,7:00 PM,77.0,100.0,0.0,29.67,Partly Cloudy,2021.0,2021,5856,24535,2703,33094
2021,17/09/2021,07:00 PM,4,สงขลา,6.807767708,100.4549637,3,0,2,1,1,2021-09-17 19:00:00,9/17/2021,7:00 PM,77.0,100.0,0.0,29.67,Partly Cloudy,2021.0,2021,3925,11535,2469,17929
2021,17/09/2021,07:00 PM,4,สงขลา,6.807767708,100.4549637,3,0,2,1,1,2021-09-17 19:00:00,9/17/2021,7:00 PM,77.0,100.0,0.0,29.67,Partly Cloudy,2021.0,2021,2410,5778,1911,10099
2021,17/09/2021,07:00 PM,4,สงขลา,6.807767708,100.4549637,3,0,2,1,1,2021-09-17 19:00:00,9/17/2021,7:00 PM,77.0,100.0,0.0,29.67,Partly Cloudy,2021.0,2021,29178,132199,29766,191143
2021,10/04/2021,03:30 PM,4,สงขลา,6.733573167,100.4501518,2,0,0,2,1,2021-10-04 15:30:00,10/4/2021,3:30 PM,77.0,100.0,6.0,29.61,Light Rain,2021.0,2021,5666,18678,4009,28353
2021,10/04/2021,03:30 PM,4,สงขลา,6.733573167,100.4501518,2,0,0,2,1,2021-10-04 15:30:00,10/4/2021,3:30 PM,77.0,100.0,6.0,29.61,Light Rain,2021.0,2021,4771,21416,5564,31751
2021,10/04/2021,03:30 PM,4,สงขลา,6.733573167,100.4501518,2,0,0,2,1,2021-10-04 15:30:00,10/4/2021,3:30 PM,77.0,100.0,6.0,29.61,Light Rain,2021.0,2021,1810,24255,8405,34470
2021,10/04/2021,03:30 PM,4,สงขลา,6.733573167,100.4501518,2,0,0,2,1,2021-10-04 15:30:00,10/4/2021,3:30 PM,77.0,100.0,6.0,29.61,Light Rain,2021.0,2021,4740,26002,4705,35447
2021,10/04/2021,03:30 PM,4,สงขลา,6.733573167,100.4501518,2,0,0,2,1,2021-10-04 15:30:00,10/4/2021,3:30 PM,77.0,100.0,6.0,29.61,Light Rain,2021.0,2021,5856,24535,2703,33094
2021,10/04/2021,03:30 PM,4,สงขลา,6.733573167,100.4501518,2,0,0,2,1,2021-10-04 15:30:00,10/4/2021,3:30 PM,77.0,100.0,6.0,29.61,Light Rain,2021.0,2021,3925,11535,2469,17929
2021,10/04/2021,03:30 PM,4,สงขลา,6.733573167,100.4501518,2,0,0,2,1,2021-10-04 15:30:00,10/4/2021,3:30 PM,77.0,100.0,6.0,29.61,Light Rain,2021.0,2021,2410,5778,1911,10099
2021,10/04/2021,03:30 PM,4,สงขลา,6.733573167,100.4501518,2,0,0,2,1,2021-10-04 15:30:00,10/4/2021,3:30 PM,77.0,100.0,6.0,29.61,Light Rain,2021.0,2021,29178,132199,29766,191143
2021,10/04/2021,10:30 PM,4,สงขลา,7.141049683,100.3010961,1,0,1,0,1,2021-10-04 22:30:00,10/4/2021,10:30 PM,77.0,100.0,0.0,29.7,Mostly Cloudy,2021.0,2021,5666,18678,4009,28353
2021,10/04/2021,10:30 PM,4,สงขลา,7.141049683,100.3010961,1,0,1,0,1,2021-10-04 22:30:00,10/4/2021,10:30 PM,77.0,100.0,0.0,29.7,Mostly Cloudy,2021.0,2021,4771,21416,5564,31751
2021,10/04/2021,10:30 PM,4,สงขลา,7.141049683,100.3010961,1,0,1,0,1,2021-10-04 22:30:00,10/4/2021,10:30 PM,77.0,100.0,0.0,29.7,Mostly Cloudy,2021.0,2021,1810,24255,8405,34470
2021,10/04/2021,10:30 PM,4,สงขลา,7.141049683,100.3010961,1,0,1,0,1,2021-10-04 22:30:00,10/4/2021,10:30 PM,77.0,100.0,0.0,29.7,Mostly Cloudy,2021.0,2021,4740,26002,4705,35447
2021,10/04/2021,10:30 PM,4,สงขลา,7.141049683,100.3010961,1,0,1,0,1,2021-10-04 22:30:00,10/4/2021,10:30 PM,77.0,100.0,0.0,29.7,Mostly Cloudy,2021.0,2021,5856,24535,2703,33094
2021,10/04/2021,10:30 PM,4,สงขลา,7.141049683,100.3010961,1,0,1,0,1,2021-10-04 22:30:00,10/4/2021,10:30 PM,77.0,100.0,0.0,29.7,Mostly Cloudy,2021.0,2021,3925,11535,2469,17929
2021,10/04/2021,10:30 PM,4,สงขลา,7.141049683,100.3010961,1,0,1,0,1,2021-10-04 22:30:00,10/4/2021,10:30 PM,77.0,100.0,0.0,29.7,Mostly Cloudy,2021.0,2021,2410,5778,1911,10099
2021,10/04/2021,10:30 PM,4,สงขลา,7.141049683,100.3010961,1,0,1,0,1,2021-10-04 22:30:00,10/4/2021,10:30 PM,77.0,100.0,0.0,29.7,Mostly Cloudy,2021.0,2021,29178,132199,29766,191143
2021,20/10/2021,01:30 PM,4,สงขลา,6.797945365,100.453223,2,0,2,0,1,2021-10-20 13:30:00,10/20/2021,1:30 PM,88.0,62.0,9.0,29.76,Mostly Cloudy,2021.0,2021,5666,18678,4009,28353
2021,20/10/2021,01:30 PM,4,สงขลา,6.797945365,100.453223,2,0,2,0,1,2021-10-20 13:30:00,10/20/2021,1:30 PM,88.0,62.0,9.0,29.76,Mostly Cloudy,2021.0,2021,4771,21416,5564,31751
2021,20/10/2021,01:30 PM,4,สงขลา,6.797945365,100.453223,2,0,2,0,1,2021-10-20 13:30:00,10/20/2021,1:30 PM,88.0,62.0,9.0,29.76,Mostly Cloudy,2021.0,2021,1810,24255,8405,34470
2021,20/10/2021,01:30 PM,4,สงขลา,6.797945365,100.453223,2,0,2,0,1,2021-10-20 13:30:00,10/20/2021,1:30 PM,88.0,62.0,9.0,29.76,Mostly Cloudy,2021.0,2021,4740,26002,4705,35447
2021,20/10/2021,01:30 PM,4,สงขลา,6.797945365,100.453223,2,0,2,0,1,2021-10-20 13:30:00,10/20/2021,1:30 PM,88.0,62.0,9.0,29.76,Mostly Cloudy,2021.0,2021,5856,24535,2703,33094
2021,20/10/2021,01:30 PM,4,สงขลา,6.797945365,100.453223,2,0,2,0,1,2021-10-20 13:30:00,10/20/2021,1:30 PM,88.0,62.0,9.0,29.76,Mostly Cloudy,2021.0,2021,3925,11535,2469,17929
2021,20/10/2021,01:30 PM,4,สงขลา,6.797945365,100.453223,2,0,2,0,1,2021-10-20 13:30:00,10/20/2021,1:30 PM,88.0,62.0,9.0,29.76,Mostly Cloudy,2021.0,2021,2410,5778,1911,10099
2021,20/10/2021,01:30 PM,4,สงขลา,6.797945365,100.453223,2,0,2,0,1,2021-10-20 13:30:00,10/20/2021,1:30 PM,88.0,62.0,9.0,29.76,Mostly Cloudy,2021.0,2021,29178,132199,29766,191143
2021,11/01/2021,11:00 AM,4,สงขลา,6.829872572,100.4626241,1,0,1,0,1,2021-11-01 11:00:00,11/1/2021,11:00 AM,88.0,70.0,0.0,29.79,Partly Cloudy,2021.0,2021,5666,18678,4009,28353
2021,11/01/2021,11:00 AM,4,สงขลา,6.829872572,100.4626241,1,0,1,0,1,2021-11-01 11:00:00,11/1/2021,11:00 AM,88.0,70.0,0.0,29.79,Partly Cloudy,2021.0,2021,4771,21416,5564,31751
2021,11/01/2021,11:00 AM,4,สงขลา,6.829872572,100.4626241,1,0,1,0,1,2021-11-01 11:00:00,11/1/2021,11:00 AM,88.0,70.0,0.0,29.79,Partly Cloudy,2021.0,2021,1810,24255,8405,34470
2021,11/01/2021,11:00 AM,4,สงขลา,6.829872572,100.4626241,1,0,1,0,1,2021-11-01 11:00:00,11/1/2021,11:00 AM,88.0,70.0,0.0,29.79,Partly Cloudy,2021.0,2021,4740,26002,4705,35447
2021,11/01/2021,11:00 AM,4,สงขลา,6.829872572,100.4626241,1,0,1,0,1,2021-11-01 11:00:00,11/1/2021,11:00 AM,88.0,70.0,0.0,29.79,Partly Cloudy,2021.0,2021,5856,24535,2703,33094
2021,11/01/2021,11:00 AM,4,สงขลา,6.829872572,100.4626241,1,0,1,0,1,2021-11-01 11:00:00,11/1/2021,11:00 AM,88.0,70.0,0.0,29.79,Partly Cloudy,2021.0,2021,3925,11535,2469,17929
2021,11/01/2021,11:00 AM,4,สงขลา,6.829872572,100.4626241,1,0,1,0,1,2021-11-01 11:00:00,11/1/2021,11:00 AM,88.0,70.0,0.0,29.79,Partly Cloudy,2021.0,2021,2410,5778,1911,10099
2021,11/01/2021,11:00 AM,4,สงขลา,6.829872572,100.4626241,1,0,1,0,1,2021-11-01 11:00:00,11/1/2021,11:00 AM,88.0,70.0,0.0,29.79,Partly Cloudy,2021.0,2021,29178,132199,29766,191143
2021,14/11/2021,09:00 PM,4,สงขลา,7.004334377,100.4151007,1,0,1,0,1,2021-11-14 21:00:00,11/14/2021,9:00 PM,79.0,100.0,0.0,29.73,Mostly Cloudy,2021.0,2021,5666,18678,4009,28353
2021,14/11/2021,09:00 PM,4,สงขลา,7.004334377,100.4151007,1,0,1,0,1,2021-11-14 21:00:00,11/14/2021,9:00 PM,79.0,100.0,0.0,29.73,Mostly Cloudy,2021.0,2021,4771,21416,5564,31751
2021,14/11/2021,09:00 PM,4,สงขลา,7.004334377,100.4151007,1,0,1,0,1,2021-11-14 21:00:00,11/14/2021,9:00 PM,79.0,100.0,0.0,29.73,Mostly Cloudy,2021.0,2021,1810,24255,8405,34470
2021,14/11/2021,09:00 PM,4,สงขลา,7.004334377,100.4151007,1,0,1,0,1,2021-11-14 21:00:00,11/14/2021,9:00 PM,79.0,100.0,0.0,29.73,Mostly Cloudy,2021.0,2021,4740,26002,4705,35447
2021,14/11/2021,09:00 PM,4,สงขลา,7.004334377,100.4151007,1,0,1,0,1,2021-11-14 21:00:00,11/14/2021,9:00 PM,79.0,100.0,0.0,29.73,Mostly Cloudy,2021.0,2021,5856,24535,2703,33094
2021,14/11/2021,09:00 PM,4,สงขลา,7.004334377,100.4151007,1,0,1,0,1,2021-11-14 21:00:00,11/14/2021,9:00 PM,79.0,100.0,0.0,29.73,Mostly Cloudy,2021.0,2021,3925,11535,2469,17929
2021,14/11/2021,09:00 PM,4,สงขลา,7.004334377,100.4151007,1,0,1,0,1,2021-11-14 21:00:00,11/14/2021,9:00 PM,79.0,100.0,0.0,29.73,Mostly Cloudy,2021.0,2021,2410,5778,1911,10099
2021,14/11/2021,09:00 PM,4,สงขลา,7.004334377,100.4151007,1,0,1,0,1,2021-11-14 21:00:00,11/14/2021,9:00 PM,79.0,100.0,0.0,29.73,Mostly Cloudy,2021.0,2021,29178,132199,29766,191143
2021,16/11/2021,08:00 AM,4,สงขลา,6.809759851,100.4554921,2,0,2,0,1,2021-11-16 08:00:00,11/16/2021,8:00 AM,77.0,100.0,0.0,29.7,Fog,2021.0,2021,5666,18678,4009,28353
2021,16/11/2021,08:00 AM,4,สงขลา,6.809759851,100.4554921,2,0,2,0,1,2021-11-16 08:00:00,11/16/2021,8:00 AM,77.0,100.0,0.0,29.7,Fog,2021.0,2021,4771,21416,5564,31751
2021,16/11/2021,08:00 AM,4,สงขลา,6.809759851,100.4554921,2,0,2,0,1,2021-11-16 08:00:00,11/16/2021,8:00 AM,77.0,100.0,0.0,29.7,Fog,2021.0,2021,1810,24255,8405,34470
2021,16/11/2021,08:00 AM,4,สงขลา,6.809759851,100.4554921,2,0,2,0,1,2021-11-16 08:00:00,11/16/2021,8:00 AM,77.0,100.0,0.0,29.7,Fog,2021.0,2021,4740,26002,4705,35447
2021,16/11/2021,08:00 AM,4,สงขลา,6.809759851,100.4554921,2,0,2,0,1,2021-11-16 08:00:00,11/16/2021,8:00 AM,77.0,100.0,0.0,29.7,Fog,2021.0,2021,5856,24535,2703,33094
2021,16/11/2021,08:00 AM,4,สงขลา,6.809759851,100.4554921,2,0,2,0,1,2021-11-16 08:00:00,11/16/2021,8:00 AM,77.0,100.0,0.0,29.7,Fog,2021.0,2021,3925,11535,2469,17929
2021,16/11/2021,08:00 AM,4,สงขลา,6.809759851,100.4554921,2,0,2,0,1,2021-11-16 08:00:00,11/16/2021,8:00 AM,77.0,100.0,0.0,29.7,Fog,2021.0,2021,2410,5778,1911,10099
2021,16/11/2021,08:00 AM,4,สงขลา,6.809759851,100.4554921,2,0,2,0,1,2021-11-16 08:00:00,11/16/2021,8:00 AM,77.0,100.0,0.0,29.7,Fog,2021.0,2021,29178,132199,29766,191143
2021,27/11/2021,12:00 AM,4,สงขลา,6.874534592,100.4702282,1,0,1,0,1,2021-11-27 00:00:00,11/27/2021,12:00 AM,77.0,100.0,5.0,29.76,Mostly Cloudy,2021.0,2021,5666,18678,4009,28353
2021,27/11/2021,12:00 AM,4,สงขลา,6.874534592,100.4702282,1,0,1,0,1,2021-11-27 00:00:00,11/27/2021,12:00 AM,77.0,100.0,5.0,29.76,Mostly Cloudy,2021.0,2021,4771,21416,5564,31751
2021,27/11/2021,12:00 AM,4,สงขลา,6.874534592,100.4702282,1,0,1,0,1,2021-11-27 00:00:00,11/27/2021,12:00 AM,77.0,100.0,5.0,29.76,Mostly Cloudy,2021.0,2021,1810,24255,8405,34470
2021,27/11/2021,12:00 AM,4,สงขลา,6.874534592,100.4702282,1,0,1,0,1,2021-11-27 00:00:00,11/27/2021,12:00 AM,77.0,100.0,5.0,29.76,Mostly Cloudy,2021.0,2021,4740,26002,4705,35447
2021,27/11/2021,12:00 AM,4,สงขลา,6.874534592,100.4702282,1,0,1,0,1,2021-11-27 00:00:00,11/27/2021,12:00 AM,77.0,100.0,5.0,29.76,Mostly Cloudy,2021.0,2021,5856,24535,2703,33094
2021,27/11/2021,12:00 AM,4,สงขลา,6.874534592,100.4702282,1,0,1,0,1,2021-11-27 00:00:00,11/27/2021,12:00 AM,77.0,100.0,5.0,29.76,Mostly Cloudy,2021.0,2021,3925,11535,2469,17929
2021,27/11/2021,12:00 AM,4,สงขลา,6.874534592,100.4702282,1,0,1,0,1,2021-11-27 00:00:00,11/27/2021,12:00 AM,77.0,100.0,5.0,29.76,Mostly Cloudy,2021.0,2021,2410,5778,1911,10099
2021,27/11/2021,12:00 AM,4,สงขลา,6.874534592,100.4702282,1,0,1,0,1,2021-11-27 00:00:00,11/27/2021,12:00 AM,77.0,100.0,5.0,29.76,Mostly Cloudy,2021.0,2021,29178,132199,29766,191143
2021,12/03/2021,07:30 AM,4,สงขลา,6.782116801,100.4528314,2,1,1,0,1,2021-12-03 07:30:00,12/3/2021,7:30 AM,75.0,100.0,2.0,29.81,Mostly Cloudy,2021.0,2021,5666,18678,4009,28353
2021,12/03/2021,07:30 AM,4,สงขลา,6.782116801,100.4528314,2,1,1,0,1,2021-12-03 07:30:00,12/3/2021,7:30 AM,75.0,100.0,2.0,29.81,Mostly Cloudy,2021.0,2021,4771,21416,5564,31751
2021,12/03/2021,07:30 AM,4,สงขลา,6.782116801,100.4528314,2,1,1,0,1,2021-12-03 07:30:00,12/3/2021,7:30 AM,75.0,100.0,2.0,29.81,Mostly Cloudy,2021.0,2021,1810,24255,8405,34470
2021,12/03/2021,07:30 AM,4,สงขลา,6.782116801,100.4528314,2,1,1,0,1,2021-12-03 07:30:00,12/3/2021,7:30 AM,75.0,100.0,2.0,29.81,Mostly Cloudy,2021.0,2021,4740,26002,4705,35447
2021,12/03/2021,07:30 AM,4,สงขลา,6.782116801,100.4528314,2,1,1,0,1,2021-12-03 07:30:00,12/3/2021,7:30 AM,75.0,100.0,2.0,29.81,Mostly Cloudy,2021.0,2021,5856,24535,2703,33094
2021,12/03/2021,07:30 AM,4,สงขลา,6.782116801,100.4528314,2,1,1,0,1,2021-12-03 07:30:00,12/3/2021,7:30 AM,75.0,100.0,2.0,29.81,Mostly Cloudy,2021.0,2021,3925,11535,2469,17929
2021,12/03/2021,07:30 AM,4,สงขลา,6.782116801,100.4528314,2,1,1,0,1,2021-12-03 07:30:00,12/3/2021,7:30 AM,75.0,100.0,2.0,29.81,Mostly Cloudy,2021.0,2021,2410,5778,1911,10099
2021,12/03/2021,07:30 AM,4,สงขลา,6.782116801,100.4528314,2,1,1,0,1,2021-12-03 07:30:00,12/3/2021,7:30 AM,75.0,100.0,2.0,29.81,Mostly Cloudy,2021.0,2021,29178,132199,29766,191143
2021,12/04/2021,05:00 AM,4,สงขลา,6.684257451,100.4388141,1,0,1,0,1,2021-12-04 05:00:00,12/4/2021,5:00 AM,75.0,100.0,0.0,29.79,Partly Cloudy,2021.0,2021,5666,18678,4009,28353
2021,12/04/2021,05:00 AM,4,สงขลา,6.684257451,100.4388141,1,0,1,0,1,2021-12-04 05:00:00,12/4/2021,5:00 AM,75.0,100.0,0.0,29.79,Partly Cloudy,2021.0,2021,4771,21416,5564,31751
2021,12/04/2021,05:00 AM,4,สงขลา,6.684257451,100.4388141,1,0,1,0,1,2021-12-04 05:00:00,12/4/2021,5:00 AM,75.0,100.0,0.0,29.79,Partly Cloudy,2021.0,2021,1810,24255,8405,34470
2021,12/04/2021,05:00 AM,4,สงขลา,6.684257451,100.4388141,1,0,1,0,1,2021-12-04 05:00:00,12/4/2021,5:00 AM,75.0,100.0,0.0,29.79,Partly Cloudy,2021.0,2021,4740,26002,4705,35447
2021,12/04/2021,05:00 AM,4,สงขลา,6.684257451,100.4388141,1,0,1,0,1,2021-12-04 05:00:00,12/4/2021,5:00 AM,75.0,100.0,0.0,29.79,Partly Cloudy,2021.0,2021,5856,24535,2703,33094
2021,12/04/2021,05:00 AM,4,สงขลา,6.684257451,100.4388141,1,0,1,0,1,2021-12-04 05:00:00,12/4/2021,5:00 AM,75.0,100.0,0.0,29.79,Partly Cloudy,2021.0,2021,3925,11535,2469,17929
2021,12/04/2021,05:00 AM,4,สงขลา,6.684257451,100.4388141,1,0,1,0,1,2021-12-04 05:00:00,12/4/2021,5:00 AM,75.0,100.0,0.0,29.79,Partly Cloudy,2021.0,2021,2410,5778,1911,10099
2021,12/04/2021,05:00 AM,4,สงขลา,6.684257451,100.4388141,1,0,1,0,1,2021-12-04 05:00:00,12/4/2021,5:00 AM,75.0,100.0,0.0,29.79,Partly Cloudy,2021.0,2021,29178,132199,29766,191143
2021,17/12/2021,11:00 PM,4,สงขลา,6.71268126,100.4454231,1,0,0,1,1,2021-12-17 23:00:00,12/17/2021,11:00 PM,77.0,100.0,0.0,29.73,Mostly Cloudy,2021.0,2021,5666,18678,4009,28353
2021,17/12/2021,11:00 PM,4,สงขลา,6.71268126,100.4454231,1,0,0,1,1,2021-12-17 23:00:00,12/17/2021,11:00 PM,77.0,100.0,0.0,29.73,Mostly Cloudy,2021.0,2021,4771,21416,5564,31751
2021,17/12/2021,11:00 PM,4,สงขลา,6.71268126,100.4454231,1,0,0,1,1,2021-12-17 23:00:00,12/17/2021,11:00 PM,77.0,100.0,0.0,29.73,Mostly Cloudy,2021.0,2021,1810,24255,8405,34470
2021,17/12/2021,11:00 PM,4,สงขลา,6.71268126,100.4454231,1,0,0,1,1,2021-12-17 23:00:00,12/17/2021,11:00 PM,77.0,100.0,0.0,29.73,Mostly Cloudy,2021.0,2021,4740,26002,4705,35447
2021,17/12/2021,11:00 PM,4,สงขลา,6.71268126,100.4454231,1,0,0,1,1,2021-12-17 23:00:00,12/17/2021,11:00 PM,77.0,100.0,0.0,29.73,Mostly Cloudy,2021.0,2021,5856,24535,2703,33094
2021,17/12/2021,11:00 PM,4,สงขลา,6.71268126,100.4454231,1,0,0,1,1,2021-12-17 23:00:00,12/17/2021,11:00 PM,77.0,100.0,0.0,29.73,Mostly Cloudy,2021.0,2021,3925,11535,2469,17929
2021,17/12/2021,11:00 PM,4,สงขลา,6.71268126,100.4454231,1,0,0,1,1,2021-12-17 23:00:00,12/17/2021,11:00 PM,77.0,100.0,0.0,29.73,Mostly Cloudy,2021.0,2021,2410,5778,1911,10099
2021,17/12/2021,11:00 PM,4,สงขลา,6.71268126,100.4454231,1,0,0,1,1,2021-12-17 23:00:00,12/17/2021,11:00 PM,77.0,100.0,0.0,29.73,Mostly Cloudy,2021.0,2021,29178,132199,29766,191143
2021,18/12/2021,09:30 PM,4,สงขลา,6.979905468,100.4633832,2,0,2,0,1,2021-12-18 21:30:00,12/18/2021,9:30 PM,79.0,100.0,0.0,29.76,Light Rain,2021.0,2021,5666,18678,4009,28353
2021,18/12/2021,09:30 PM,4,สงขลา,6.979905468,100.4633832,2,0,2,0,1,2021-12-18 21:30:00,12/18/2021,9:30 PM,79.0,100.0,0.0,29.76,Light Rain,2021.0,2021,4771,21416,5564,31751
2021,18/12/2021,09:30 PM,4,สงขลา,6.979905468,100.4633832,2,0,2,0,1,2021-12-18 21:30:00,12/18/2021,9:30 PM,79.0,100.0,0.0,29.76,Light Rain,2021.0,2021,1810,24255,8405,34470
2021,18/12/2021,09:30 PM,4,สงขลา,6.979905468,100.4633832,2,0,2,0,1,2021-12-18 21:30:00,12/18/2021,9:30 PM,79.0,100.0,0.0,29.76,Light Rain,2021.0,2021,4740,26002,4705,35447
2021,18/12/2021,09:30 PM,4,สงขลา,6.979905468,100.4633832,2,0,2,0,1,2021-12-18 21:30:00,12/18/2021,9:30 PM,79.0,100.0,0.0,29.76,Light Rain,2021.0,2021,5856,24535,2703,33094
2021,18/12/2021,09:30 PM,4,สงขลา,6.979905468,100.4633832,2,0,2,0,1,2021-12-18 21:30:00,12/18/2021,9:30 PM,79.0,100.0,0.0,29.76,Light Rain,2021.0,2021,3925,11535,2469,17929
2021,18/12/2021,09:30 PM,4,สงขลา,6.979905468,100.4633832,2,0,2,0,1,2021-12-18 21:30:00,12/18/2021,9:30 PM,79.0,100.0,0.0,29.76,Light Rain,2021.0,2021,2410,5778,1911,10099
2021,18/12/2021,09:30 PM,4,สงขลา,6.979905468,100.4633832,2,0,2,0,1,2021-12-18 21:30:00,12/18/2021,9:30 PM,79.0,100.0,0.0,29.76,Light Rain,2021.0,2021,29178,132199,29766,191143
2021,27/12/2021,08:30 AM,4,สงขลา,6.793052761,100.4531345,2,0,1,1,1,2021-12-27 08:30:00,12/27/2021,8:30 AM,81.0,89.0,2.0,29.87,Fair,2021.0,2021,5666,18678,4009,28353
2021,27/12/2021,08:30 AM,4,สงขลา,6.793052761,100.4531345,2,0,1,1,1,2021-12-27 08:30:00,12/27/2021,8:30 AM,81.0,89.0,2.0,29.87,Fair,2021.0,2021,4771,21416,5564,31751
2021,27/12/2021,08:30 AM,4,สงขลา,6.793052761,100.4531345,2,0,1,1,1,2021-12-27 08:30:00,12/27/2021,8:30 AM,81.0,89.0,2.0,29.87,Fair,2021.0,2021,1810,24255,8405,34470
2021,27/12/2021,08:30 AM,4,สงขลา,6.793052761,100.4531345,2,0,1,1,1,2021-12-27 08:30:00,12/27/2021,8:30 AM,81.0,89.0,2.0,29.87,Fair,2021.0,2021,4740,26002,4705,35447
2021,27/12/2021,08:30 AM,4,สงขลา,6.793052761,100.4531345,2,0,1,1,1,2021-12-27 08:30:00,12/27/2021,8:30 AM,81.0,89.0,2.0,29.87,Fair,2021.0,2021,5856,24535,2703,33094
2021,27/12/2021,08:30 AM,4,สงขลา,6.793052761,100.4531345,2,0,1,1,1,2021-12-27 08:30:00,12/27/2021,8:30 AM,81.0,89.0,2.0,29.87,Fair,2021.0,2021,3925,11535,2469,17929
2021,27/12/2021,08:30 AM,4,สงขลา,6.793052761,100.4531345,2,0,1,1,1,2021-12-27 08:30:00,12/27/2021,8:30 AM,81.0,89.0,2.0,29.87,Fair,2021.0,2021,2410,5778,1911,10099
2021,27/12/2021,08:30 AM,4,สงขลา,6.793052761,100.4531345,2,0,1,1,1,2021-12-27 08:30:00,12/27/2021,8:30 AM,81.0,89.0,2.0,29.87,Fair,2021.0,2021,29178,132199,29766,191143
2021,29/12/2021,12:30 AM,4,สงขลา,6.836623673,100.4658455,1,0,1,0,1,2021-12-29 00:30:00,12/29/2021,12:30 AM,77.0,94.0,0.0,29.79,Fair,2021.0,2021,5666,18678,4009,28353
2021,29/12/2021,12:30 AM,4,สงขลา,6.836623673,100.4658455,1,0,1,0,1,2021-12-29 00:30:00,12/29/2021,12:30 AM,77.0,94.0,0.0,29.79,Fair,2021.0,2021,4771,21416,5564,31751
2021,29/12/2021,12:30 AM,4,สงขลา,6.836623673,100.4658455,1,0,1,0,1,2021-12-29 00:30:00,12/29/2021,12:30 AM,77.0,94.0,0.0,29.79,Fair,2021.0,2021,1810,24255,8405,34470
2021,29/12/2021,12:30 AM,4,สงขลา,6.836623673,100.4658455,1,0,1,0,1,2021-12-29 00:30:00,12/29/2021,12:30 AM,77.0,94.0,0.0,29.79,Fair,2021.0,2021,4740,26002,4705,35447
2021,29/12/2021,12:30 AM,4,สงขลา,6.836623673,100.4658455,1,0,1,0,1,2021-12-29 00:30:00,12/29/2021,12:30 AM,77.0,94.0,0.0,29.79,Fair,2021.0,2021,5856,24535,2703,33094
2021,29/12/2021,12:30 AM,4,สงขลา,6.836623673,100.4658455,1,0,1,0,1,2021-12-29 00:30:00,12/29/2021,12:30 AM,77.0,94.0,0.0,29.79,Fair,2021.0,2021,3925,11535,2469,17929
2021,29/12/2021,12:30 AM,4,สงขลา,6.836623673,100.4658455,1,0,1,0,1,2021-12-29 00:30:00,12/29/2021,12:30 AM,77.0,94.0,0.0,29.79,Fair,2021.0,2021,2410,5778,1911,10099
2021,29/12/2021,12:30 AM,4,สงขลา,6.836623673,100.4658455,1,0,1,0,1,2021-12-29 00:30:00,12/29/2021,12:30 AM,77.0,94.0,0.0,29.79,Fair,2021.0,2021,29178,132199,29766,191143
2021,29/12/2021,07:00 PM,4,สงขลา,7.190660869,100.2221668,1,0,0,1,1,2021-12-29 19:00:00,12/29/2021,7:00 PM,77.0,94.0,8.0,29.76,Light Rain,2021.0,2021,5666,18678,4009,28353
2021,29/12/2021,07:00 PM,4,สงขลา,7.190660869,100.2221668,1,0,0,1,1,2021-12-29 19:00:00,12/29/2021,7:00 PM,77.0,94.0,8.0,29.76,Light Rain,2021.0,2021,4771,21416,5564,31751
2021,29/12/2021,07:00 PM,4,สงขลา,7.190660869,100.2221668,1,0,0,1,1,2021-12-29 19:00:00,12/29/2021,7:00 PM,77.0,94.0,8.0,29.76,Light Rain,2021.0,2021,1810,24255,8405,34470
2021,29/12/2021,07:00 PM,4,สงขลา,7.190660869,100.2221668,1,0,0,1,1,2021-12-29 19:00:00,12/29/2021,7:00 PM,77.0,94.0,8.0,29.76,Light Rain,2021.0,2021,4740,26002,4705,35447
2021,29/12/2021,07:00 PM,4,สงขลา,7.190660869,100.2221668,1,0,0,1,1,2021-12-29 19:00:00,12/29/2021,7:00 PM,77.0,94.0,8.0,29.76,Light Rain,2021.0,2021,5856,24535,2703,33094
2021,29/12/2021,07:00 PM,4,สงขลา,7.190660869,100.2221668,1,0,0,1,1,2021-12-29 19:00:00,12/29/2021,7:00 PM,77.0,94.0,8.0,29.76,Light Rain,2021.0,2021,3925,11535,2469,17929
2021,29/12/2021,07:00 PM,4,สงขลา,7.190660869,100.2221668,1,0,0,1,1,2021-12-29 19:00:00,12/29/2021,7:00 PM,77.0,94.0,8.0,29.76,Light Rain,2021.0,2021,2410,5778,1911,10099
2021,29/12/2021,07:00 PM,4,สงขลา,7.190660869,100.2221668,1,0,0,1,1,2021-12-29 19:00:00,12/29/2021,7:00 PM,77.0,94.0,8.0,29.76,Light Rain,2021.0,2021,29178,132199,29766,191143
2021,29/12/2021,11:30 PM,4,สงขลา,7.004203929,100.415031,1,0,0,1,1,2021-12-29 23:30:00,12/29/2021,11:30 PM,77.0,100.0,9.0,29.81,Mostly Cloudy,2021.0,2021,5666,18678,4009,28353
2021,29/12/2021,11:30 PM,4,สงขลา,7.004203929,100.415031,1,0,0,1,1,2021-12-29 23:30:00,12/29/2021,11:30 PM,77.0,100.0,9.0,29.81,Mostly Cloudy,2021.0,2021,4771,21416,5564,31751
2021,29/12/2021,11:30 PM,4,สงขลา,7.004203929,100.415031,1,0,0,1,1,2021-12-29 23:30:00,12/29/2021,11:30 PM,77.0,100.0,9.0,29.81,Mostly Cloudy,2021.0,2021,1810,24255,8405,34470
2021,29/12/2021,11:30 PM,4,สงขลา,7.004203929,100.415031,1,0,0,1,1,2021-12-29 23:30:00,12/29/2021,11:30 PM,77.0,100.0,9.0,29.81,Mostly Cloudy,2021.0,2021,4740,26002,4705,35447
2021,29/12/2021,11:30 PM,4,สงขลา,7.004203929,100.415031,1,0,0,1,1,2021-12-29 23:30:00,12/29/2021,11:30 PM,77.0,100.0,9.0,29.81,Mostly Cloudy,2021.0,2021,5856,24535,2703,33094
2021,29/12/2021,11:30 PM,4,สงขลา,7.004203929,100.415031,1,0,0,1,1,2021-12-29 23:30:00,12/29/2021,11:30 PM,77.0,100.0,9.0,29.81,Mostly Cloudy,2021.0,2021,3925,11535,2469,17929
2021,29/12/2021,11:30 PM,4,สงขลา,7.004203929,100.415031,1,0,0,1,1,2021-12-29 23:30:00,12/29/2021,11:30 PM,77.0,100.0,9.0,29.81,Mostly Cloudy,2021.0,2021,2410,5778,1911,10099
2021,29/12/2021,11:30 PM,4,สงขลา,7.004203929,100.415031,1,0,0,1,1,2021-12-29 23:30:00,12/29/2021,11:30 PM,77.0,100.0,9.0,29.81,Mostly Cloudy,2021.0,2021,29178,132199,29766,191143
2021,30/12/2021,05:30 AM,4,สงขลา,6.788695453,100.453113,2,1,1,0,1,2021-12-30 05:30:00,12/30/2021,5:30 AM,75.0,94.0,5.0,29.76,Light Rain,2021.0,2021,5666,18678,4009,28353
2021,30/12/2021,05:30 AM,4,สงขลา,6.788695453,100.453113,2,1,1,0,1,2021-12-30 05:30:00,12/30/2021,5:30 AM,75.0,94.0,5.0,29.76,Light Rain,2021.0,2021,4771,21416,5564,31751
2021,30/12/2021,05:30 AM,4,สงขลา,6.788695453,100.453113,2,1,1,0,1,2021-12-30 05:30:00,12/30/2021,5:30 AM,75.0,94.0,5.0,29.76,Light Rain,2021.0,2021,1810,24255,8405,34470
2021,30/12/2021,05:30 AM,4,สงขลา,6.788695453,100.453113,2,1,1,0,1,2021-12-30 05:30:00,12/30/2021,5:30 AM,75.0,94.0,5.0,29.76,Light Rain,2021.0,2021,4740,26002,4705,35447
2021,30/12/2021,05:30 AM,4,สงขลา,6.788695453,100.453113,2,1,1,0,1,2021-12-30 05:30:00,12/30/2021,5:30 AM,75.0,94.0,5.0,29.76,Light Rain,2021.0,2021,5856,24535,2703,33094
2021,30/12/2021,05:30 AM,4,สงขลา,6.788695453,100.453113,2,1,1,0,1,2021-12-30 05:30:00,12/30/2021,5:30 AM,75.0,94.0,5.0,29.76,Light Rain,2021.0,2021,3925,11535,2469,17929
2021,30/12/2021,05:30 AM,4,สงขลา,6.788695453,100.453113,2,1,1,0,1,2021-12-30 05:30:00,12/30/2021,5:30 AM,75.0,94.0,5.0,29.76,Light Rain,2021.0,2021,2410,5778,1911,10099
2021,30/12/2021,05:30 AM,4,สงขลา,6.788695453,100.453113,2,1,1,0,1,2021-12-30 05:30:00,12/30/2021,5:30 AM,75.0,94.0,5.0,29.76,Light Rain,2021.0,2021,29178,132199,29766,191143
2022,01/03/2022,01:00 PM,4,สงขลา,6.624175758,100.4215085,1,1,0,0,1,2022-01-03 13:00:00,1/3/2022,1:00 PM,77.0,94.0,9.0,29.73,Light Rain,2022.0,2022,7831,25855,2564,36250
2022,01/03/2022,01:00 PM,4,สงขลา,6.624175758,100.4215085,1,1,0,0,1,2022-01-03 13:00:00,1/3/2022,1:00 PM,77.0,94.0,9.0,29.73,Light Rain,2022.0,2022,3871,21357,6123,31351
2022,01/03/2022,01:00 PM,4,สงขลา,6.624175758,100.4215085,1,1,0,0,1,2022-01-03 13:00:00,1/3/2022,1:00 PM,77.0,94.0,9.0,29.73,Light Rain,2022.0,2022,3539,26129,4890,34558
2022,01/03/2022,01:00 PM,4,สงขลา,6.624175758,100.4215085,1,1,0,0,1,2022-01-03 13:00:00,1/3/2022,1:00 PM,77.0,94.0,9.0,29.73,Light Rain,2022.0,2022,3975,21429,7741,33145
2022,01/03/2022,01:00 PM,4,สงขลา,6.624175758,100.4215085,1,1,0,0,1,2022-01-03 13:00:00,1/3/2022,1:00 PM,77.0,94.0,9.0,29.73,Light Rain,2022.0,2022,1577,22537,5995,30109
2022,01/03/2022,01:00 PM,4,สงขลา,6.624175758,100.4215085,1,1,0,0,1,2022-01-03 13:00:00,1/3/2022,1:00 PM,77.0,94.0,9.0,29.73,Light Rain,2022.0,2022,3909,11197,2385,17491
2022,01/03/2022,01:00 PM,4,สงขลา,6.624175758,100.4215085,1,1,0,0,1,2022-01-03 13:00:00,1/3/2022,1:00 PM,77.0,94.0,9.0,29.73,Light Rain,2022.0,2022,3242,7493,2342,13077
2022,01/03/2022,01:00 PM,4,สงขลา,6.624175758,100.4215085,1,1,0,0,1,2022-01-03 13:00:00,1/3/2022,1:00 PM,77.0,94.0,9.0,29.73,Light Rain,2022.0,2022,27944,135997,32040,195981
2022,01/06/2022,10:00 AM,4,สงขลา,6.670559089,100.4353434,2,0,0,2,1,2022-01-06 10:00:00,1/6/2022,10:00 AM,82.0,84.0,7.0,29.84,Mostly Cloudy,2022.0,2022,7831,25855,2564,36250
2022,01/06/2022,10:00 AM,4,สงขลา,6.670559089,100.4353434,2,0,0,2,1,2022-01-06 10:00:00,1/6/2022,10:00 AM,82.0,84.0,7.0,29.84,Mostly Cloudy,2022.0,2022,3871,21357,6123,31351
2022,01/06/2022,10:00 AM,4,สงขลา,6.670559089,100.4353434,2,0,0,2,1,2022-01-06 10:00:00,1/6/2022,10:00 AM,82.0,84.0,7.0,29.84,Mostly Cloudy,2022.0,2022,3539,26129,4890,34558
2022,01/06/2022,10:00 AM,4,สงขลา,6.670559089,100.4353434,2,0,0,2,1,2022-01-06 10:00:00,1/6/2022,10:00 AM,82.0,84.0,7.0,29.84,Mostly Cloudy,2022.0,2022,3975,21429,7741,33145
2022,01/06/2022,10:00 AM,4,สงขลา,6.670559089,100.4353434,2,0,0,2,1,2022-01-06 10:00:00,1/6/2022,10:00 AM,82.0,84.0,7.0,29.84,Mostly Cloudy,2022.0,2022,1577,22537,5995,30109
2022,01/06/2022,10:00 AM,4,สงขลา,6.670559089,100.4353434,2,0,0,2,1,2022-01-06 10:00:00,1/6/2022,10:00 AM,82.0,84.0,7.0,29.84,Mostly Cloudy,2022.0,2022,3909,11197,2385,17491
2022,01/06/2022,10:00 AM,4,สงขลา,6.670559089,100.4353434,2,0,0,2,1,2022-01-06 10:00:00,1/6/2022,10:00 AM,82.0,84.0,7.0,29.84,Mostly Cloudy,2022.0,2022,3242,7493,2342,13077
2022,01/06/2022,10:00 AM,4,สงขลา,6.670559089,100.4353434,2,0,0,2,1,2022-01-06 10:00:00,1/6/2022,10:00 AM,82.0,84.0,7.0,29.84,Mostly Cloudy,2022.0,2022,27944,135997,32040,195981
2022,01/11/2022,11:30 AM,4,สงขลา,6.792738483,100.4531801,2,1,1,0,1,2022-01-11 11:30:00,1/11/2022,11:30 AM,88.0,58.0,15.0,29.81,Partly Cloudy,2022.0,2022,7831,25855,2564,36250
2022,01/11/2022,11:30 AM,4,สงขลา,6.792738483,100.4531801,2,1,1,0,1,2022-01-11 11:30:00,1/11/2022,11:30 AM,88.0,58.0,15.0,29.81,Partly Cloudy,2022.0,2022,3871,21357,6123,31351
2022,01/11/2022,11:30 AM,4,สงขลา,6.792738483,100.4531801,2,1,1,0,1,2022-01-11 11:30:00,1/11/2022,11:30 AM,88.0,58.0,15.0,29.81,Partly Cloudy,2022.0,2022,3539,26129,4890,34558
2022,01/11/2022,11:30 AM,4,สงขลา,6.792738483,100.4531801,2,1,1,0,1,2022-01-11 11:30:00,1/11/2022,11:30 AM,88.0,58.0,15.0,29.81,Partly Cloudy,2022.0,2022,3975,21429,7741,33145
2022,01/11/2022,11:30 AM,4,สงขลา,6.792738483,100.4531801,2,1,1,0,1,2022-01-11 11:30:00,1/11/2022,11:30 AM,88.0,58.0,15.0,29.81,Partly Cloudy,2022.0,2022,1577,22537,5995,30109
2022,01/11/2022,11:30 AM,4,สงขลา,6.792738483,100.4531801,2,1,1,0,1,2022-01-11 11:30:00,1/11/2022,11:30 AM,88.0,58.0,15.0,29.81,Partly Cloudy,2022.0,2022,3909,11197,2385,17491
2022,01/11/2022,11:30 AM,4,สงขลา,6.792738483,100.4531801,2,1,1,0,1,2022-01-11 11:30:00,1/11/2022,11:30 AM,88.0,58.0,15.0,29.81,Partly Cloudy,2022.0,2022,3242,7493,2342,13077
2022,01/11/2022,11:30 AM,4,สงขลา,6.792738483,100.4531801,2,1,1,0,1,2022-01-11 11:30:00,1/11/2022,11:30 AM,88.0,58.0,15.0,29.81,Partly Cloudy,2022.0,2022,27944,135997,32040,195981
2022,01/12/2022,11:00 AM,4,สงขลา,6.67706466,100.4373792,1,0,1,0,1,2022-01-12 11:00:00,1/12/2022,11:00 AM,88.0,55.0,15.0,29.84,Partly Cloudy,2022.0,2022,7831,25855,2564,36250
2022,01/12/2022,11:00 AM,4,สงขลา,6.67706466,100.4373792,1,0,1,0,1,2022-01-12 11:00:00,1/12/2022,11:00 AM,88.0,55.0,15.0,29.84,Partly Cloudy,2022.0,2022,3871,21357,6123,31351
2022,01/12/2022,11:00 AM,4,สงขลา,6.67706466,100.4373792,1,0,1,0,1,2022-01-12 11:00:00,1/12/2022,11:00 AM,88.0,55.0,15.0,29.84,Partly Cloudy,2022.0,2022,3539,26129,4890,34558
2022,01/12/2022,11:00 AM,4,สงขลา,6.67706466,100.4373792,1,0,1,0,1,2022-01-12 11:00:00,1/12/2022,11:00 AM,88.0,55.0,15.0,29.84,Partly Cloudy,2022.0,2022,3975,21429,7741,33145
2022,01/12/2022,11:00 AM,4,สงขลา,6.67706466,100.4373792,1,0,1,0,1,2022-01-12 11:00:00,1/12/2022,11:00 AM,88.0,55.0,15.0,29.84,Partly Cloudy,2022.0,2022,1577,22537,5995,30109
2022,01/12/2022,11:00 AM,4,สงขลา,6.67706466,100.4373792,1,0,1,0,1,2022-01-12 11:00:00,1/12/2022,11:00 AM,88.0,55.0,15.0,29.84,Partly Cloudy,2022.0,2022,3909,11197,2385,17491
2022,01/12/2022,11:00 AM,4,สงขลา,6.67706466,100.4373792,1,0,1,0,1,2022-01-12 11:00:00,1/12/2022,11:00 AM,88.0,55.0,15.0,29.84,Partly Cloudy,2022.0,2022,3242,7493,2342,13077
2022,01/12/2022,11:00 AM,4,สงขลา,6.67706466,100.4373792,1,0,1,0,1,2022-01-12 11:00:00,1/12/2022,11:00 AM,88.0,55.0,15.0,29.84,Partly Cloudy,2022.0,2022,27944,135997,32040,195981
2022,26/01/2022,06:30 PM,4,สงขลา,6.575984161,100.4105705,1,0,1,0,1,2022-01-26 18:30:00,1/26/2022,6:30 PM,82.0,70.0,7.0,29.7,Fair,2022.0,2022,7831,25855,2564,36250
2022,26/01/2022,06:30 PM,4,สงขลา,6.575984161,100.4105705,1,0,1,0,1,2022-01-26 18:30:00,1/26/2022,6:30 PM,82.0,70.0,7.0,29.7,Fair,2022.0,2022,3871,21357,6123,31351
2022,26/01/2022,06:30 PM,4,สงขลา,6.575984161,100.4105705,1,0,1,0,1,2022-01-26 18:30:00,1/26/2022,6:30 PM,82.0,70.0,7.0,29.7,Fair,2022.0,2022,3539,26129,4890,34558
2022,26/01/2022,06:30 PM,4,สงขลา,6.575984161,100.4105705,1,0,1,0,1,2022-01-26 18:30:00,1/26/2022,6:30 PM,82.0,70.0,7.0,29.7,Fair,2022.0,2022,3975,21429,7741,33145
2022,26/01/2022,06:30 PM,4,สงขลา,6.575984161,100.4105705,1,0,1,0,1,2022-01-26 18:30:00,1/26/2022,6:30 PM,82.0,70.0,7.0,29.7,Fair,2022.0,2022,1577,22537,5995,30109
2022,26/01/2022,06:30 PM,4,สงขลา,6.575984161,100.4105705,1,0,1,0,1,2022-01-26 18:30:00,1/26/2022,6:30 PM,82.0,70.0,7.0,29.7,Fair,2022.0,2022,3909,11197,2385,17491
2022,26/01/2022,06:30 PM,4,สงขลา,6.575984161,100.4105705,1,0,1,0,1,2022-01-26 18:30:00,1/26/2022,6:30 PM,82.0,70.0,7.0,29.7,Fair,2022.0,2022,3242,7493,2342,13077
2022,26/01/2022,06:30 PM,4,สงขลา,6.575984161,100.4105705,1,0,1,0,1,2022-01-26 18:30:00,1/26/2022,6:30 PM,82.0,70.0,7.0,29.7,Fair,2022.0,2022,27944,135997,32040,195981
2022,02/03/2022,01:00 PM,4,สงขลา,6.734633321,100.4502243,1,0,1,0,1,2022-02-03 13:00:00,2/3/2022,1:00 PM,88.0,62.0,15.0,29.73,Mostly Cloudy,2022.0,2022,7831,25855,2564,36250
2022,02/03/2022,01:00 PM,4,สงขลา,6.734633321,100.4502243,1,0,1,0,1,2022-02-03 13:00:00,2/3/2022,1:00 PM,88.0,62.0,15.0,29.73,Mostly Cloudy,2022.0,2022,3871,21357,6123,31351
2022,02/03/2022,01:00 PM,4,สงขลา,6.734633321,100.4502243,1,0,1,0,1,2022-02-03 13:00:00,2/3/2022,1:00 PM,88.0,62.0,15.0,29.73,Mostly Cloudy,2022.0,2022,3539,26129,4890,34558
2022,02/03/2022,01:00 PM,4,สงขลา,6.734633321,100.4502243,1,0,1,0,1,2022-02-03 13:00:00,2/3/2022,1:00 PM,88.0,62.0,15.0,29.73,Mostly Cloudy,2022.0,2022,3975,21429,7741,33145
2022,02/03/2022,01:00 PM,4,สงขลา,6.734633321,100.4502243,1,0,1,0,1,2022-02-03 13:00:00,2/3/2022,1:00 PM,88.0,62.0,15.0,29.73,Mostly Cloudy,2022.0,2022,1577,22537,5995,30109
2022,02/03/2022,01:00 PM,4,สงขลา,6.734633321,100.4502243,1,0,1,0,1,2022-02-03 13:00:00,2/3/2022,1:00 PM,88.0,62.0,15.0,29.73,Mostly Cloudy,2022.0,2022,3909,11197,2385,17491
2022,02/03/2022,01:00 PM,4,สงขลา,6.734633321,100.4502243,1,0,1,0,1,2022-02-03 13:00:00,2/3/2022,1:00 PM,88.0,62.0,15.0,29.73,Mostly Cloudy,2022.0,2022,3242,7493,2342,13077
2022,02/03/2022,01:00 PM,4,สงขลา,6.734633321,100.4502243,1,0,1,0,1,2022-02-03 13:00:00,2/3/2022,1:00 PM,88.0,62.0,15.0,29.73,Mostly Cloudy,2022.0,2022,27944,135997,32040,195981
2022,02/07/2022,01:30 AM,4,สงขลา,6.957983324,100.4742032,1,0,1,0,1,2022-02-07 01:30:00,2/7/2022,1:30 AM,75.0,89.0,5.0,29.79,Fair,2022.0,2022,7831,25855,2564,36250
2022,02/07/2022,01:30 AM,4,สงขลา,6.957983324,100.4742032,1,0,1,0,1,2022-02-07 01:30:00,2/7/2022,1:30 AM,75.0,89.0,5.0,29.79,Fair,2022.0,2022,3871,21357,6123,31351
2022,02/07/2022,01:30 AM,4,สงขลา,6.957983324,100.4742032,1,0,1,0,1,2022-02-07 01:30:00,2/7/2022,1:30 AM,75.0,89.0,5.0,29.79,Fair,2022.0,2022,3539,26129,4890,34558
2022,02/07/2022,01:30 AM,4,สงขลา,6.957983324,100.4742032,1,0,1,0,1,2022-02-07 01:30:00,2/7/2022,1:30 AM,75.0,89.0,5.0,29.79,Fair,2022.0,2022,3975,21429,7741,33145
2022,02/07/2022,01:30 AM,4,สงขลา,6.957983324,100.4742032,1,0,1,0,1,2022-02-07 01:30:00,2/7/2022,1:30 AM,75.0,89.0,5.0,29.79,Fair,2022.0,2022,1577,22537,5995,30109
2022,02/07/2022,01:30 AM,4,สงขลา,6.957983324,100.4742032,1,0,1,0,1,2022-02-07 01:30:00,2/7/2022,1:30 AM,75.0,89.0,5.0,29.79,Fair,2022.0,2022,3909,11197,2385,17491
2022,02/07/2022,01:30 AM,4,สงขลา,6.957983324,100.4742032,1,0,1,0,1,2022-02-07 01:30:00,2/7/2022,1:30 AM,75.0,89.0,5.0,29.79,Fair,2022.0,2022,3242,7493,2342,13077
2022,02/07/2022,01:30 AM,4,สงขลา,6.957983324,100.4742032,1,0,1,0,1,2022-02-07 01:30:00,2/7/2022,1:30 AM,75.0,89.0,5.0,29.79,Fair,2022.0,2022,27944,135997,32040,195981
2022,02/10/2022,06:30 PM,4,สงขลา,6.807703789,100.4548645,2,1,1,0,1,2022-02-10 18:30:00,2/10/2022,6:30 PM,82.0,74.0,8.0,29.7,Fair,2022.0,2022,7831,25855,2564,36250
2022,02/10/2022,06:30 PM,4,สงขลา,6.807703789,100.4548645,2,1,1,0,1,2022-02-10 18:30:00,2/10/2022,6:30 PM,82.0,74.0,8.0,29.7,Fair,2022.0,2022,3871,21357,6123,31351
2022,02/10/2022,06:30 PM,4,สงขลา,6.807703789,100.4548645,2,1,1,0,1,2022-02-10 18:30:00,2/10/2022,6:30 PM,82.0,74.0,8.0,29.7,Fair,2022.0,2022,3539,26129,4890,34558
2022,02/10/2022,06:30 PM,4,สงขลา,6.807703789,100.4548645,2,1,1,0,1,2022-02-10 18:30:00,2/10/2022,6:30 PM,82.0,74.0,8.0,29.7,Fair,2022.0,2022,3975,21429,7741,33145
2022,02/10/2022,06:30 PM,4,สงขลา,6.807703789,100.4548645,2,1,1,0,1,2022-02-10 18:30:00,2/10/2022,6:30 PM,82.0,74.0,8.0,29.7,Fair,2022.0,2022,1577,22537,5995,30109
2022,02/10/2022,06:30 PM,4,สงขลา,6.807703789,100.4548645,2,1,1,0,1,2022-02-10 18:30:00,2/10/2022,6:30 PM,82.0,74.0,8.0,29.7,Fair,2022.0,2022,3909,11197,2385,17491
2022,02/10/2022,06:30 PM,4,สงขลา,6.807703789,100.4548645,2,1,1,0,1,2022-02-10 18:30:00,2/10/2022,6:30 PM,82.0,74.0,8.0,29.7,Fair,2022.0,2022,3242,7493,2342,13077
2022,02/10/2022,06:30 PM,4,สงขลา,6.807703789,100.4548645,2,1,1,0,1,2022-02-10 18:30:00,2/10/2022,6:30 PM,82.0,74.0,8.0,29.7,Fair,2022.0,2022,27944,135997,32040,195981
2022,02/12/2022,07:30 PM,4,สงขลา,6.927851353,100.4682782,1,0,1,0,1,2022-02-12 19:30:00,2/12/2022,7:30 PM,82.0,74.0,9.0,29.64,Fair,2022.0,2022,7831,25855,2564,36250
2022,02/12/2022,07:30 PM,4,สงขลา,6.927851353,100.4682782,1,0,1,0,1,2022-02-12 19:30:00,2/12/2022,7:30 PM,82.0,74.0,9.0,29.64,Fair,2022.0,2022,3871,21357,6123,31351
2022,02/12/2022,07:30 PM,4,สงขลา,6.927851353,100.4682782,1,0,1,0,1,2022-02-12 19:30:00,2/12/2022,7:30 PM,82.0,74.0,9.0,29.64,Fair,2022.0,2022,3539,26129,4890,34558
2022,02/12/2022,07:30 PM,4,สงขลา,6.927851353,100.4682782,1,0,1,0,1,2022-02-12 19:30:00,2/12/2022,7:30 PM,82.0,74.0,9.0,29.64,Fair,2022.0,2022,3975,21429,7741,33145
2022,02/12/2022,07:30 PM,4,สงขลา,6.927851353,100.4682782,1,0,1,0,1,2022-02-12 19:30:00,2/12/2022,7:30 PM,82.0,74.0,9.0,29.64,Fair,2022.0,2022,1577,22537,5995,30109
2022,02/12/2022,07:30 PM,4,สงขลา,6.927851353,100.4682782,1,0,1,0,1,2022-02-12 19:30:00,2/12/2022,7:30 PM,82.0,74.0,9.0,29.64,Fair,2022.0,2022,3909,11197,2385,17491
2022,02/12/2022,07:30 PM,4,สงขลา,6.927851353,100.4682782,1,0,1,0,1,2022-02-12 19:30:00,2/12/2022,7:30 PM,82.0,74.0,9.0,29.64,Fair,2022.0,2022,3242,7493,2342,13077
2022,02/12/2022,07:30 PM,4,สงขลา,6.927851353,100.4682782,1,0,1,0,1,2022-02-12 19:30:00,2/12/2022,7:30 PM,82.0,74.0,9.0,29.64,Fair,2022.0,2022,27944,135997,32040,195981
2022,15/02/2022,08:30 PM,4,สงขลา,6.836847376,100.4659581,1,0,1,0,1,2022-02-15 20:30:00,2/15/2022,8:30 PM,81.0,84.0,3.0,29.64,Mostly Cloudy,2022.0,2022,7831,25855,2564,36250
2022,15/02/2022,08:30 PM,4,สงขลา,6.836847376,100.4659581,1,0,1,0,1,2022-02-15 20:30:00,2/15/2022,8:30 PM,81.0,84.0,3.0,29.64,Mostly Cloudy,2022.0,2022,3871,21357,6123,31351
2022,15/02/2022,08:30 PM,4,สงขลา,6.836847376,100.4659581,1,0,1,0,1,2022-02-15 20:30:00,2/15/2022,8:30 PM,81.0,84.0,3.0,29.64,Mostly Cloudy,2022.0,2022,3539,26129,4890,34558
2022,15/02/2022,08:30 PM,4,สงขลา,6.836847376,100.4659581,1,0,1,0,1,2022-02-15 20:30:00,2/15/2022,8:30 PM,81.0,84.0,3.0,29.64,Mostly Cloudy,2022.0,2022,3975,21429,7741,33145
2022,15/02/2022,08:30 PM,4,สงขลา,6.836847376,100.4659581,1,0,1,0,1,2022-02-15 20:30:00,2/15/2022,8:30 PM,81.0,84.0,3.0,29.64,Mostly Cloudy,2022.0,2022,1577,22537,5995,30109
2022,15/02/2022,08:30 PM,4,สงขลา,6.836847376,100.4659581,1,0,1,0,1,2022-02-15 20:30:00,2/15/2022,8:30 PM,81.0,84.0,3.0,29.64,Mostly Cloudy,2022.0,2022,3909,11197,2385,17491
2022,15/02/2022,08:30 PM,4,สงขลา,6.836847376,100.4659581,1,0,1,0,1,2022-02-15 20:30:00,2/15/2022,8:30 PM,81.0,84.0,3.0,29.64,Mostly Cloudy,2022.0,2022,3242,7493,2342,13077
2022,15/02/2022,08:30 PM,4,สงขลา,6.836847376,100.4659581,1,0,1,0,1,2022-02-15 20:30:00,2/15/2022,8:30 PM,81.0,84.0,3.0,29.64,Mostly Cloudy,2022.0,2022,27944,135997,32040,195981
2022,20/02/2022,10:00 PM,4,สงขลา,6.868665467,100.4703113,2,0,2,0,1,2022-02-20 22:00:00,2/20/2022,10:00 PM,73.0,100.0,0.0,29.76,Fair,2022.0,2022,7831,25855,2564,36250
2022,20/02/2022,10:00 PM,4,สงขลา,6.868665467,100.4703113,2,0,2,0,1,2022-02-20 22:00:00,2/20/2022,10:00 PM,73.0,100.0,0.0,29.76,Fair,2022.0,2022,3871,21357,6123,31351
2022,20/02/2022,10:00 PM,4,สงขลา,6.868665467,100.4703113,2,0,2,0,1,2022-02-20 22:00:00,2/20/2022,10:00 PM,73.0,100.0,0.0,29.76,Fair,2022.0,2022,3539,26129,4890,34558
2022,20/02/2022,10:00 PM,4,สงขลา,6.868665467,100.4703113,2,0,2,0,1,2022-02-20 22:00:00,2/20/2022,10:00 PM,73.0,100.0,0.0,29.76,Fair,2022.0,2022,3975,21429,7741,33145
2022,20/02/2022,10:00 PM,4,สงขลา,6.868665467,100.4703113,2,0,2,0,1,2022-02-20 22:00:00,2/20/2022,10:00 PM,73.0,100.0,0.0,29.76,Fair,2022.0,2022,1577,22537,5995,30109
2022,20/02/2022,10:00 PM,4,สงขลา,6.868665467,100.4703113,2,0,2,0,1,2022-02-20 22:00:00,2/20/2022,10:00 PM,73.0,100.0,0.0,29.76,Fair,2022.0,2022,3909,11197,2385,17491
2022,20/02/2022,10:00 PM,4,สงขลา,6.868665467,100.4703113,2,0,2,0,1,2022-02-20 22:00:00,2/20/2022,10:00 PM,73.0,100.0,0.0,29.76,Fair,2022.0,2022,3242,7493,2342,13077
2022,20/02/2022,10:00 PM,4,สงขลา,6.868665467,100.4703113,2,0,2,0,1,2022-02-20 22:00:00,2/20/2022,10:00 PM,73.0,100.0,0.0,29.76,Fair,2022.0,2022,27944,135997,32040,195981
2022,25/02/2022,03:00 PM,4,สงขลา,6.760736894,100.4592928,1,0,0,1,1,2022-02-25 15:00:00,2/25/2022,3:00 PM,77.0,94.0,6.0,29.76,Light Rain,2022.0,2022,7831,25855,2564,36250
2022,25/02/2022,03:00 PM,4,สงขลา,6.760736894,100.4592928,1,0,0,1,1,2022-02-25 15:00:00,2/25/2022,3:00 PM,77.0,94.0,6.0,29.76,Light Rain,2022.0,2022,3871,21357,6123,31351
2022,25/02/2022,03:00 PM,4,สงขลา,6.760736894,100.4592928,1,0,0,1,1,2022-02-25 15:00:00,2/25/2022,3:00 PM,77.0,94.0,6.0,29.76,Light Rain,2022.0,2022,3539,26129,4890,34558
2022,25/02/2022,03:00 PM,4,สงขลา,6.760736894,100.4592928,1,0,0,1,1,2022-02-25 15:00:00,2/25/2022,3:00 PM,77.0,94.0,6.0,29.76,Light Rain,2022.0,2022,3975,21429,7741,33145
2022,25/02/2022,03:00 PM,4,สงขลา,6.760736894,100.4592928,1,0,0,1,1,2022-02-25 15:00:00,2/25/2022,3:00 PM,77.0,94.0,6.0,29.76,Light Rain,2022.0,2022,1577,22537,5995,30109
2022,25/02/2022,03:00 PM,4,สงขลา,6.760736894,100.4592928,1,0,0,1,1,2022-02-25 15:00:00,2/25/2022,3:00 PM,77.0,94.0,6.0,29.76,Light Rain,2022.0,2022,3909,11197,2385,17491
2022,25/02/2022,03:00 PM,4,สงขลา,6.760736894,100.4592928,1,0,0,1,1,2022-02-25 15:00:00,2/25/2022,3:00 PM,77.0,94.0,6.0,29.76,Light Rain,2022.0,2022,3242,7493,2342,13077
2022,25/02/2022,03:00 PM,4,สงขลา,6.760736894,100.4592928,1,0,0,1,1,2022-02-25 15:00:00,2/25/2022,3:00 PM,77.0,94.0,6.0,29.76,Light Rain,2022.0,2022,27944,135997,32040,195981
2022,26/02/2022,01:00 AM,4,สงขลา,6.849864609,100.4703784,1,0,1,0,1,2022-02-26 01:00:00,2/26/2022,1:00 AM,73.0,100.0,6.0,29.76,Light Rain,2022.0,2022,7831,25855,2564,36250
2022,26/02/2022,01:00 AM,4,สงขลา,6.849864609,100.4703784,1,0,1,0,1,2022-02-26 01:00:00,2/26/2022,1:00 AM,73.0,100.0,6.0,29.76,Light Rain,2022.0,2022,3871,21357,6123,31351
2022,26/02/2022,01:00 AM,4,สงขลา,6.849864609,100.4703784,1,0,1,0,1,2022-02-26 01:00:00,2/26/2022,1:00 AM,73.0,100.0,6.0,29.76,Light Rain,2022.0,2022,3539,26129,4890,34558
2022,26/02/2022,01:00 AM,4,สงขลา,6.849864609,100.4703784,1,0,1,0,1,2022-02-26 01:00:00,2/26/2022,1:00 AM,73.0,100.0,6.0,29.76,Light Rain,2022.0,2022,3975,21429,7741,33145
2022,26/02/2022,01:00 AM,4,สงขลา,6.849864609,100.4703784,1,0,1,0,1,2022-02-26 01:00:00,2/26/2022,1:00 AM,73.0,100.0,6.0,29.76,Light Rain,2022.0,2022,1577,22537,5995,30109
2022,26/02/2022,01:00 AM,4,สงขลา,6.849864609,100.4703784,1,0,1,0,1,2022-02-26 01:00:00,2/26/2022,1:00 AM,73.0,100.0,6.0,29.76,Light Rain,2022.0,2022,3909,11197,2385,17491
2022,26/02/2022,01:00 AM,4,สงขลา,6.849864609,100.4703784,1,0,1,0,1,2022-02-26 01:00:00,2/26/2022,1:00 AM,73.0,100.0,6.0,29.76,Light Rain,2022.0,2022,3242,7493,2342,13077
2022,26/02/2022,01:00 AM,4,สงขลา,6.849864609,100.4703784,1,0,1,0,1,2022-02-26 01:00:00,2/26/2022,1:00 AM,73.0,100.0,6.0,29.76,Light Rain,2022.0,2022,27944,135997,32040,195981
2022,03/03/2022,06:00 PM,4,สงขลา,6.609527202,100.4191026,2,0,2,0,1,2022-03-03 18:00:00,3/3/2022,6:00 PM,84.0,70.0,13.0,29.67,Fair,2022.0,2022,7831,25855,2564,36250
2022,03/03/2022,06:00 PM,4,สงขลา,6.609527202,100.4191026,2,0,2,0,1,2022-03-03 18:00:00,3/3/2022,6:00 PM,84.0,70.0,13.0,29.67,Fair,2022.0,2022,3871,21357,6123,31351
2022,03/03/2022,06:00 PM,4,สงขลา,6.609527202,100.4191026,2,0,2,0,1,2022-03-03 18:00:00,3/3/2022,6:00 PM,84.0,70.0,13.0,29.67,Fair,2022.0,2022,3539,26129,4890,34558
2022,03/03/2022,06:00 PM,4,สงขลา,6.609527202,100.4191026,2,0,2,0,1,2022-03-03 18:00:00,3/3/2022,6:00 PM,84.0,70.0,13.0,29.67,Fair,2022.0,2022,3975,21429,7741,33145
2022,03/03/2022,06:00 PM,4,สงขลา,6.609527202,100.4191026,2,0,2,0,1,2022-03-03 18:00:00,3/3/2022,6:00 PM,84.0,70.0,13.0,29.67,Fair,2022.0,2022,1577,22537,5995,30109
2022,03/03/2022,06:00 PM,4,สงขลา,6.609527202,100.4191026,2,0,2,0,1,2022-03-03 18:00:00,3/3/2022,6:00 PM,84.0,70.0,13.0,29.67,Fair,2022.0,2022,3909,11197,2385,17491
2022,03/03/2022,06:00 PM,4,สงขลา,6.609527202,100.4191026,2,0,2,0,1,2022-03-03 18:00:00,3/3/2022,6:00 PM,84.0,70.0,13.0,29.67,Fair,2022.0,2022,3242,7493,2342,13077
2022,03/03/2022,06:00 PM,4,สงขลา,6.609527202,100.4191026,2,0,2,0,1,2022-03-03 18:00:00,3/3/2022,6:00 PM,84.0,70.0,13.0,29.67,Fair,2022.0,2022,27944,135997,32040,195981
2022,03/06/2022,06:00 PM,4,สงขลา,6.666701527,100.4340693,1,0,0,1,1,2022-03-06 18:00:00,3/6/2022,6:00 PM,81.0,84.0,7.0,29.67,Mostly Cloudy,2022.0,2022,7831,25855,2564,36250
2022,03/06/2022,06:00 PM,4,สงขลา,6.666701527,100.4340693,1,0,0,1,1,2022-03-06 18:00:00,3/6/2022,6:00 PM,81.0,84.0,7.0,29.67,Mostly Cloudy,2022.0,2022,3871,21357,6123,31351
2022,03/06/2022,06:00 PM,4,สงขลา,6.666701527,100.4340693,1,0,0,1,1,2022-03-06 18:00:00,3/6/2022,6:00 PM,81.0,84.0,7.0,29.67,Mostly Cloudy,2022.0,2022,3539,26129,4890,34558
2022,03/06/2022,06:00 PM,4,สงขลา,6.666701527,100.4340693,1,0,0,1,1,2022-03-06 18:00:00,3/6/2022,6:00 PM,81.0,84.0,7.0,29.67,Mostly Cloudy,2022.0,2022,3975,21429,7741,33145
2022,03/06/2022,06:00 PM,4,สงขลา,6.666701527,100.4340693,1,0,0,1,1,2022-03-06 18:00:00,3/6/2022,6:00 PM,81.0,84.0,7.0,29.67,Mostly Cloudy,2022.0,2022,1577,22537,5995,30109
2022,03/06/2022,06:00 PM,4,สงขลา,6.666701527,100.4340693,1,0,0,1,1,2022-03-06 18:00:00,3/6/2022,6:00 PM,81.0,84.0,7.0,29.67,Mostly Cloudy,2022.0,2022,3909,11197,2385,17491
2022,03/06/2022,06:00 PM,4,สงขลา,6.666701527,100.4340693,1,0,0,1,1,2022-03-06 18:00:00,3/6/2022,6:00 PM,81.0,84.0,7.0,29.67,Mostly Cloudy,2022.0,2022,3242,7493,2342,13077
2022,03/06/2022,06:00 PM,4,สงขลา,6.666701527,100.4340693,1,0,0,1,1,2022-03-06 18:00:00,3/6/2022,6:00 PM,81.0,84.0,7.0,29.67,Mostly Cloudy,2022.0,2022,27944,135997,32040,195981
2022,03/08/2022,11:00 AM,4,สงขลา,6.98118871,100.4595718,1,0,1,0,1,2022-03-08 11:00:00,3/8/2022,11:00 AM,86.0,66.0,3.0,29.73,Partly Cloudy,2022.0,2022,7831,25855,2564,36250
2022,03/08/2022,11:00 AM,4,สงขลา,6.98118871,100.4595718,1,0,1,0,1,2022-03-08 11:00:00,3/8/2022,11:00 AM,86.0,66.0,3.0,29.73,Partly Cloudy,2022.0,2022,3871,21357,6123,31351
2022,03/08/2022,11:00 AM,4,สงขลา,6.98118871,100.4595718,1,0,1,0,1,2022-03-08 11:00:00,3/8/2022,11:00 AM,86.0,66.0,3.0,29.73,Partly Cloudy,2022.0,2022,3539,26129,4890,34558
2022,03/08/2022,11:00 AM,4,สงขลา,6.98118871,100.4595718,1,0,1,0,1,2022-03-08 11:00:00,3/8/2022,11:00 AM,86.0,66.0,3.0,29.73,Partly Cloudy,2022.0,2022,3975,21429,7741,33145
2022,03/08/2022,11:00 AM,4,สงขลา,6.98118871,100.4595718,1,0,1,0,1,2022-03-08 11:00:00,3/8/2022,11:00 AM,86.0,66.0,3.0,29.73,Partly Cloudy,2022.0,2022,1577,22537,5995,30109
2022,03/08/2022,11:00 AM,4,สงขลา,6.98118871,100.4595718,1,0,1,0,1,2022-03-08 11:00:00,3/8/2022,11:00 AM,86.0,66.0,3.0,29.73,Partly Cloudy,2022.0,2022,3909,11197,2385,17491
2022,03/08/2022,11:00 AM,4,สงขลา,6.98118871,100.4595718,1,0,1,0,1,2022-03-08 11:00:00,3/8/2022,11:00 AM,86.0,66.0,3.0,29.73,Partly Cloudy,2022.0,2022,3242,7493,2342,13077
2022,03/08/2022,11:00 AM,4,สงขลา,6.98118871,100.4595718,1,0,1,0,1,2022-03-08 11:00:00,3/8/2022,11:00 AM,86.0,66.0,3.0,29.73,Partly Cloudy,2022.0,2022,27944,135997,32040,195981
2022,03/12/2022,12:30 AM,4,สงขลา,6.984447383,100.449889,2,0,2,0,1,2022-03-12 00:30:00,3/12/2022,12:30 AM,77.0,100.0,3.0,29.7,Fair,2022.0,2022,7831,25855,2564,36250
2022,03/12/2022,12:30 AM,4,สงขลา,6.984447383,100.449889,2,0,2,0,1,2022-03-12 00:30:00,3/12/2022,12:30 AM,77.0,100.0,3.0,29.7,Fair,2022.0,2022,3871,21357,6123,31351
2022,03/12/2022,12:30 AM,4,สงขลา,6.984447383,100.449889,2,0,2,0,1,2022-03-12 00:30:00,3/12/2022,12:30 AM,77.0,100.0,3.0,29.7,Fair,2022.0,2022,3539,26129,4890,34558
2022,03/12/2022,12:30 AM,4,สงขลา,6.984447383,100.449889,2,0,2,0,1,2022-03-12 00:30:00,3/12/2022,12:30 AM,77.0,100.0,3.0,29.7,Fair,2022.0,2022,3975,21429,7741,33145
2022,03/12/2022,12:30 AM,4,สงขลา,6.984447383,100.449889,2,0,2,0,1,2022-03-12 00:30:00,3/12/2022,12:30 AM,77.0,100.0,3.0,29.7,Fair,2022.0,2022,1577,22537,5995,30109
2022,03/12/2022,12:30 AM,4,สงขลา,6.984447383,100.449889,2,0,2,0,1,2022-03-12 00:30:00,3/12/2022,12:30 AM,77.0,100.0,3.0,29.7,Fair,2022.0,2022,3909,11197,2385,17491
2022,03/12/2022,12:30 AM,4,สงขลา,6.984447383,100.449889,2,0,2,0,1,2022-03-12 00:30:00,3/12/2022,12:30 AM,77.0,100.0,3.0,29.7,Fair,2022.0,2022,3242,7493,2342,13077
2022,03/12/2022,12:30 AM,4,สงขลา,6.984447383,100.449889,2,0,2,0,1,2022-03-12 00:30:00,3/12/2022,12:30 AM,77.0,100.0,3.0,29.7,Fair,2022.0,2022,27944,135997,32040,195981
2022,26/03/2022,02:30 AM,4,สงขลา,6.747224475,100.4515681,1,0,1,0,1,2022-03-26 02:30:00,3/26/2022,2:30 AM,75.0,100.0,0.0,29.73,Fair,2022.0,2022,7831,25855,2564,36250
2022,26/03/2022,02:30 AM,4,สงขลา,6.747224475,100.4515681,1,0,1,0,1,2022-03-26 02:30:00,3/26/2022,2:30 AM,75.0,100.0,0.0,29.73,Fair,2022.0,2022,3871,21357,6123,31351
2022,26/03/2022,02:30 AM,4,สงขลา,6.747224475,100.4515681,1,0,1,0,1,2022-03-26 02:30:00,3/26/2022,2:30 AM,75.0,100.0,0.0,29.73,Fair,2022.0,2022,3539,26129,4890,34558
2022,26/03/2022,02:30 AM,4,สงขลา,6.747224475,100.4515681,1,0,1,0,1,2022-03-26 02:30:00,3/26/2022,2:30 AM,75.0,100.0,0.0,29.73,Fair,2022.0,2022,3975,21429,7741,33145
2022,26/03/2022,02:30 AM,4,สงขลา,6.747224475,100.4515681,1,0,1,0,1,2022-03-26 02:30:00,3/26/2022,2:30 AM,75.0,100.0,0.0,29.73,Fair,2022.0,2022,1577,22537,5995,30109
2022,26/03/2022,02:30 AM,4,สงขลา,6.747224475,100.4515681,1,0,1,0,1,2022-03-26 02:30:00,3/26/2022,2:30 AM,75.0,100.0,0.0,29.73,Fair,2022.0,2022,3909,11197,2385,17491
2022,26/03/2022,02:30 AM,4,สงขลา,6.747224475,100.4515681,1,0,1,0,1,2022-03-26 02:30:00,3/26/2022,2:30 AM,75.0,100.0,0.0,29.73,Fair,2022.0,2022,3242,7493,2342,13077
2022,26/03/2022,02:30 AM,4,สงขลา,6.747224475,100.4515681,1,0,1,0,1,2022-03-26 02:30:00,3/26/2022,2:30 AM,75.0,100.0,0.0,29.73,Fair,2022.0,2022,27944,135997,32040,195981
2022,04/03/2022,03:30 PM,4,สงขลา,6.796581726,100.4532578,2,0,2,0,1,2022-04-03 15:30:00,4/3/2022,3:30 PM,84.0,79.0,10.0,29.67,Mostly Cloudy,2022.0,2022,7831,25855,2564,36250
2022,04/03/2022,03:30 PM,4,สงขลา,6.796581726,100.4532578,2,0,2,0,1,2022-04-03 15:30:00,4/3/2022,3:30 PM,84.0,79.0,10.0,29.67,Mostly Cloudy,2022.0,2022,3871,21357,6123,31351
2022,04/03/2022,03:30 PM,4,สงขลา,6.796581726,100.4532578,2,0,2,0,1,2022-04-03 15:30:00,4/3/2022,3:30 PM,84.0,79.0,10.0,29.67,Mostly Cloudy,2022.0,2022,3539,26129,4890,34558
2022,04/03/2022,03:30 PM,4,สงขลา,6.796581726,100.4532578,2,0,2,0,1,2022-04-03 15:30:00,4/3/2022,3:30 PM,84.0,79.0,10.0,29.67,Mostly Cloudy,2022.0,2022,3975,21429,7741,33145
2022,04/03/2022,03:30 PM,4,สงขลา,6.796581726,100.4532578,2,0,2,0,1,2022-04-03 15:30:00,4/3/2022,3:30 PM,84.0,79.0,10.0,29.67,Mostly Cloudy,2022.0,2022,1577,22537,5995,30109
2022,04/03/2022,03:30 PM,4,สงขลา,6.796581726,100.4532578,2,0,2,0,1,2022-04-03 15:30:00,4/3/2022,3:30 PM,84.0,79.0,10.0,29.67,Mostly Cloudy,2022.0,2022,3909,11197,2385,17491
2022,04/03/2022,03:30 PM,4,สงขลา,6.796581726,100.4532578,2,0,2,0,1,2022-04-03 15:30:00,4/3/2022,3:30 PM,84.0,79.0,10.0,29.67,Mostly Cloudy,2022.0,2022,3242,7493,2342,13077
2022,04/03/2022,03:30 PM,4,สงขลา,6.796581726,100.4532578,2,0,2,0,1,2022-04-03 15:30:00,4/3/2022,3:30 PM,84.0,79.0,10.0,29.67,Mostly Cloudy,2022.0,2022,27944,135997,32040,195981
2022,17/04/2022,05:00 AM,4,สงขลา,6.720699298,100.4471853,1,0,1,0,1,2022-04-17 05:00:00,4/17/2022,5:00 AM,77.0,100.0,0.0,29.61,Fair,2022.0,2022,7831,25855,2564,36250
2022,17/04/2022,05:00 AM,4,สงขลา,6.720699298,100.4471853,1,0,1,0,1,2022-04-17 05:00:00,4/17/2022,5:00 AM,77.0,100.0,0.0,29.61,Fair,2022.0,2022,3871,21357,6123,31351
2022,17/04/2022,05:00 AM,4,สงขลา,6.720699298,100.4471853,1,0,1,0,1,2022-04-17 05:00:00,4/17/2022,5:00 AM,77.0,100.0,0.0,29.61,Fair,2022.0,2022,3539,26129,4890,34558
2022,17/04/2022,05:00 AM,4,สงขลา,6.720699298,100.4471853,1,0,1,0,1,2022-04-17 05:00:00,4/17/2022,5:00 AM,77.0,100.0,0.0,29.61,Fair,2022.0,2022,3975,21429,7741,33145
2022,17/04/2022,05:00 AM,4,สงขลา,6.720699298,100.4471853,1,0,1,0,1,2022-04-17 05:00:00,4/17/2022,5:00 AM,77.0,100.0,0.0,29.61,Fair,2022.0,2022,1577,22537,5995,30109
2022,17/04/2022,05:00 AM,4,สงขลา,6.720699298,100.4471853,1,0,1,0,1,2022-04-17 05:00:00,4/17/2022,5:00 AM,77.0,100.0,0.0,29.61,Fair,2022.0,2022,3909,11197,2385,17491
2022,17/04/2022,05:00 AM,4,สงขลา,6.720699298,100.4471853,1,0,1,0,1,2022-04-17 05:00:00,4/17/2022,5:00 AM,77.0,100.0,0.0,29.61,Fair,2022.0,2022,3242,7493,2342,13077
2022,17/04/2022,05:00 AM,4,สงขลา,6.720699298,100.4471853,1,0,1,0,1,2022-04-17 05:00:00,4/17/2022,5:00 AM,77.0,100.0,0.0,29.61,Fair,2022.0,2022,27944,135997,32040,195981
2022,21/04/2022,02:30 PM,4,สงขลา,6.642303343,100.4256096,1,0,1,0,1,2022-04-21 14:30:00,4/21/2022,2:30 PM,91.0,59.0,6.0,29.64,Mostly Cloudy,2022.0,2022,7831,25855,2564,36250
2022,21/04/2022,02:30 PM,4,สงขลา,6.642303343,100.4256096,1,0,1,0,1,2022-04-21 14:30:00,4/21/2022,2:30 PM,91.0,59.0,6.0,29.64,Mostly Cloudy,2022.0,2022,3871,21357,6123,31351
2022,21/04/2022,02:30 PM,4,สงขลา,6.642303343,100.4256096,1,0,1,0,1,2022-04-21 14:30:00,4/21/2022,2:30 PM,91.0,59.0,6.0,29.64,Mostly Cloudy,2022.0,2022,3539,26129,4890,34558
2022,21/04/2022,02:30 PM,4,สงขลา,6.642303343,100.4256096,1,0,1,0,1,2022-04-21 14:30:00,4/21/2022,2:30 PM,91.0,59.0,6.0,29.64,Mostly Cloudy,2022.0,2022,3975,21429,7741,33145
2022,21/04/2022,02:30 PM,4,สงขลา,6.642303343,100.4256096,1,0,1,0,1,2022-04-21 14:30:00,4/21/2022,2:30 PM,91.0,59.0,6.0,29.64,Mostly Cloudy,2022.0,2022,1577,22537,5995,30109
2022,21/04/2022,02:30 PM,4,สงขลา,6.642303343,100.4256096,1,0,1,0,1,2022-04-21 14:30:00,4/21/2022,2:30 PM,91.0,59.0,6.0,29.64,Mostly Cloudy,2022.0,2022,3909,11197,2385,17491
2022,21/04/2022,02:30 PM,4,สงขลา,6.642303343,100.4256096,1,0,1,0,1,2022-04-21 14:30:00,4/21/2022,2:30 PM,91.0,59.0,6.0,29.64,Mostly Cloudy,2022.0,2022,3242,7493,2342,13077
2022,21/04/2022,02:30 PM,4,สงขลา,6.642303343,100.4256096,1,0,1,0,1,2022-04-21 14:30:00,4/21/2022,2:30 PM,91.0,59.0,6.0,29.64,Mostly Cloudy,2022.0,2022,27944,135997,32040,195981
2022,24/04/2022,12:30 PM,4,สงขลา,6.732819337,100.4498997,2,0,0,2,1,2022-04-24 12:30:00,4/24/2022,12:30 PM,93.0,56.0,3.0,29.67,Partly Cloudy,2022.0,2022,7831,25855,2564,36250
2022,24/04/2022,12:30 PM,4,สงขลา,6.732819337,100.4498997,2,0,0,2,1,2022-04-24 12:30:00,4/24/2022,12:30 PM,93.0,56.0,3.0,29.67,Partly Cloudy,2022.0,2022,3871,21357,6123,31351
2022,24/04/2022,12:30 PM,4,สงขลา,6.732819337,100.4498997,2,0,0,2,1,2022-04-24 12:30:00,4/24/2022,12:30 PM,93.0,56.0,3.0,29.67,Partly Cloudy,2022.0,2022,3539,26129,4890,34558
2022,24/04/2022,12:30 PM,4,สงขลา,6.732819337,100.4498997,2,0,0,2,1,2022-04-24 12:30:00,4/24/2022,12:30 PM,93.0,56.0,3.0,29.67,Partly Cloudy,2022.0,2022,3975,21429,7741,33145
2022,24/04/2022,12:30 PM,4,สงขลา,6.732819337,100.4498997,2,0,0,2,1,2022-04-24 12:30:00,4/24/2022,12:30 PM,93.0,56.0,3.0,29.67,Partly Cloudy,2022.0,2022,1577,22537,5995,30109
2022,24/04/2022,12:30 PM,4,สงขลา,6.732819337,100.4498997,2,0,0,2,1,2022-04-24 12:30:00,4/24/2022,12:30 PM,93.0,56.0,3.0,29.67,Partly Cloudy,2022.0,2022,3909,11197,2385,17491
2022,24/04/2022,12:30 PM,4,สงขลา,6.732819337,100.4498997,2,0,0,2,1,2022-04-24 12:30:00,4/24/2022,12:30 PM,93.0,56.0,3.0,29.67,Partly Cloudy,2022.0,2022,3242,7493,2342,13077
2022,24/04/2022,12:30 PM,4,สงขลา,6.732819337,100.4498997,2,0,0,2,1,2022-04-24 12:30:00,4/24/2022,12:30 PM,93.0,56.0,3.0,29.67,Partly Cloudy,2022.0,2022,27944,135997,32040,195981
2022,05/08/2022,04:00 PM,4,สงขลา,6.844868675,100.4698688,1,0,1,0,1,2022-05-08 16:00:00,5/8/2022,4:00 PM,84.0,84.0,8.0,29.52,Light Rain,2022.0,2022,7831,25855,2564,36250
2022,05/08/2022,04:00 PM,4,สงขลา,6.844868675,100.4698688,1,0,1,0,1,2022-05-08 16:00:00,5/8/2022,4:00 PM,84.0,84.0,8.0,29.52,Light Rain,2022.0,2022,3871,21357,6123,31351
2022,05/08/2022,04:00 PM,4,สงขลา,6.844868675,100.4698688,1,0,1,0,1,2022-05-08 16:00:00,5/8/2022,4:00 PM,84.0,84.0,8.0,29.52,Light Rain,2022.0,2022,3539,26129,4890,34558
2022,05/08/2022,04:00 PM,4,สงขลา,6.844868675,100.4698688,1,0,1,0,1,2022-05-08 16:00:00,5/8/2022,4:00 PM,84.0,84.0,8.0,29.52,Light Rain,2022.0,2022,3975,21429,7741,33145
2022,05/08/2022,04:00 PM,4,สงขลา,6.844868675,100.4698688,1,0,1,0,1,2022-05-08 16:00:00,5/8/2022,4:00 PM,84.0,84.0,8.0,29.52,Light Rain,2022.0,2022,1577,22537,5995,30109
2022,05/08/2022,04:00 PM,4,สงขลา,6.844868675,100.4698688,1,0,1,0,1,2022-05-08 16:00:00,5/8/2022,4:00 PM,84.0,84.0,8.0,29.52,Light Rain,2022.0,2022,3909,11197,2385,17491
2022,05/08/2022,04:00 PM,4,สงขลา,6.844868675,100.4698688,1,0,1,0,1,2022-05-08 16:00:00,5/8/2022,4:00 PM,84.0,84.0,8.0,29.52,Light Rain,2022.0,2022,3242,7493,2342,13077
2022,05/08/2022,04:00 PM,4,สงขลา,6.844868675,100.4698688,1,0,1,0,1,2022-05-08 16:00:00,5/8/2022,4:00 PM,84.0,84.0,8.0,29.52,Light Rain,2022.0,2022,27944,135997,32040,195981
2022,05/09/2022,07:30 AM,4,สงขลา,6.866851989,100.4703194,1,1,0,0,1,2022-05-09 07:30:00,5/9/2022,7:30 AM,77.0,100.0,5.0,29.67,Light Rain,2022.0,2022,7831,25855,2564,36250
2022,05/09/2022,07:30 AM,4,สงขลา,6.866851989,100.4703194,1,1,0,0,1,2022-05-09 07:30:00,5/9/2022,7:30 AM,77.0,100.0,5.0,29.67,Light Rain,2022.0,2022,3871,21357,6123,31351
2022,05/09/2022,07:30 AM,4,สงขลา,6.866851989,100.4703194,1,1,0,0,1,2022-05-09 07:30:00,5/9/2022,7:30 AM,77.0,100.0,5.0,29.67,Light Rain,2022.0,2022,3539,26129,4890,34558
2022,05/09/2022,07:30 AM,4,สงขลา,6.866851989,100.4703194,1,1,0,0,1,2022-05-09 07:30:00,5/9/2022,7:30 AM,77.0,100.0,5.0,29.67,Light Rain,2022.0,2022,3975,21429,7741,33145
2022,05/09/2022,07:30 AM,4,สงขลา,6.866851989,100.4703194,1,1,0,0,1,2022-05-09 07:30:00,5/9/2022,7:30 AM,77.0,100.0,5.0,29.67,Light Rain,2022.0,2022,1577,22537,5995,30109
2022,05/09/2022,07:30 AM,4,สงขลา,6.866851989,100.4703194,1,1,0,0,1,2022-05-09 07:30:00,5/9/2022,7:30 AM,77.0,100.0,5.0,29.67,Light Rain,2022.0,2022,3909,11197,2385,17491
2022,05/09/2022,07:30 AM,4,สงขลา,6.866851989,100.4703194,1,1,0,0,1,2022-05-09 07:30:00,5/9/2022,7:30 AM,77.0,100.0,5.0,29.67,Light Rain,2022.0,2022,3242,7493,2342,13077
2022,05/09/2022,07:30 AM,4,สงขลา,6.866851989,100.4703194,1,1,0,0,1,2022-05-09 07:30:00,5/9/2022,7:30 AM,77.0,100.0,5.0,29.67,Light Rain,2022.0,2022,27944,135997,32040,195981
2022,05/09/2022,07:30 AM,4,สงขลา,6.866806718,100.4703033,1,0,0,1,1,2022-05-09 07:30:00,5/9/2022,7:30 AM,77.0,100.0,5.0,29.67,Light Rain,2022.0,2022,7831,25855,2564,36250
2022,05/09/2022,07:30 AM,4,สงขลา,6.866806718,100.4703033,1,0,0,1,1,2022-05-09 07:30:00,5/9/2022,7:30 AM,77.0,100.0,5.0,29.67,Light Rain,2022.0,2022,3871,21357,6123,31351
2022,05/09/2022,07:30 AM,4,สงขลา,6.866806718,100.4703033,1,0,0,1,1,2022-05-09 07:30:00,5/9/2022,7:30 AM,77.0,100.0,5.0,29.67,Light Rain,2022.0,2022,3539,26129,4890,34558
2022,05/09/2022,07:30 AM,4,สงขลา,6.866806718,100.4703033,1,0,0,1,1,2022-05-09 07:30:00,5/9/2022,7:30 AM,77.0,100.0,5.0,29.67,Light Rain,2022.0,2022,3975,21429,7741,33145
2022,05/09/2022,07:30 AM,4,สงขลา,6.866806718,100.4703033,1,0,0,1,1,2022-05-09 07:30:00,5/9/2022,7:30 AM,77.0,100.0,5.0,29.67,Light Rain,2022.0,2022,1577,22537,5995,30109
2022,05/09/2022,07:30 AM,4,สงขลา,6.866806718,100.4703033,1,0,0,1,1,2022-05-09 07:30:00,5/9/2022,7:30 AM,77.0,100.0,5.0,29.67,Light Rain,2022.0,2022,3909,11197,2385,17491
2022,05/09/2022,07:30 AM,4,สงขลา,6.866806718,100.4703033,1,0,0,1,1,2022-05-09 07:30:00,5/9/2022,7:30 AM,77.0,100.0,5.0,29.67,Light Rain,2022.0,2022,3242,7493,2342,13077
2022,05/09/2022,07:30 AM,4,สงขลา,6.866806718,100.4703033,1,0,0,1,1,2022-05-09 07:30:00,5/9/2022,7:30 AM,77.0,100.0,5.0,29.67,Light Rain,2022.0,2022,27944,135997,32040,195981
2022,05/12/2022,12:00 AM,4,สงขลา,6.861800311,100.4704696,1,1,0,0,1,2022-05-12 00:00:00,5/12/2022,12:00 AM,79.0,94.0,0.0,29.7,Mostly Cloudy,2022.0,2022,7831,25855,2564,36250
2022,05/12/2022,12:00 AM,4,สงขลา,6.861800311,100.4704696,1,1,0,0,1,2022-05-12 00:00:00,5/12/2022,12:00 AM,79.0,94.0,0.0,29.7,Mostly Cloudy,2022.0,2022,3871,21357,6123,31351
2022,05/12/2022,12:00 AM,4,สงขลา,6.861800311,100.4704696,1,1,0,0,1,2022-05-12 00:00:00,5/12/2022,12:00 AM,79.0,94.0,0.0,29.7,Mostly Cloudy,2022.0,2022,3539,26129,4890,34558
2022,05/12/2022,12:00 AM,4,สงขลา,6.861800311,100.4704696,1,1,0,0,1,2022-05-12 00:00:00,5/12/2022,12:00 AM,79.0,94.0,0.0,29.7,Mostly Cloudy,2022.0,2022,3975,21429,7741,33145
2022,05/12/2022,12:00 AM,4,สงขลา,6.861800311,100.4704696,1,1,0,0,1,2022-05-12 00:00:00,5/12/2022,12:00 AM,79.0,94.0,0.0,29.7,Mostly Cloudy,2022.0,2022,1577,22537,5995,30109
2022,05/12/2022,12:00 AM,4,สงขลา,6.861800311,100.4704696,1,1,0,0,1,2022-05-12 00:00:00,5/12/2022,12:00 AM,79.0,94.0,0.0,29.7,Mostly Cloudy,2022.0,2022,3909,11197,2385,17491
2022,05/12/2022,12:00 AM,4,สงขลา,6.861800311,100.4704696,1,1,0,0,1,2022-05-12 00:00:00,5/12/2022,12:00 AM,79.0,94.0,0.0,29.7,Mostly Cloudy,2022.0,2022,3242,7493,2342,13077
2022,05/12/2022,12:00 AM,4,สงขลา,6.861800311,100.4704696,1,1,0,0,1,2022-05-12 00:00:00,5/12/2022,12:00 AM,79.0,94.0,0.0,29.7,Mostly Cloudy,2022.0,2022,27944,135997,32040,195981
2022,05/12/2022,05:30 PM,4,สงขลา,6.818170437,100.4581851,2,0,2,0,1,2022-05-12 17:30:00,5/12/2022,5:30 PM,90.0,59.0,9.0,29.61,Fair,2022.0,2022,7831,25855,2564,36250
2022,05/12/2022,05:30 PM,4,สงขลา,6.818170437,100.4581851,2,0,2,0,1,2022-05-12 17:30:00,5/12/2022,5:30 PM,90.0,59.0,9.0,29.61,Fair,2022.0,2022,3871,21357,6123,31351
2022,05/12/2022,05:30 PM,4,สงขลา,6.818170437,100.4581851,2,0,2,0,1,2022-05-12 17:30:00,5/12/2022,5:30 PM,90.0,59.0,9.0,29.61,Fair,2022.0,2022,3539,26129,4890,34558
2022,05/12/2022,05:30 PM,4,สงขลา,6.818170437,100.4581851,2,0,2,0,1,2022-05-12 17:30:00,5/12/2022,5:30 PM,90.0,59.0,9.0,29.61,Fair,2022.0,2022,3975,21429,7741,33145
2022,05/12/2022,05:30 PM,4,สงขลา,6.818170437,100.4581851,2,0,2,0,1,2022-05-12 17:30:00,5/12/2022,5:30 PM,90.0,59.0,9.0,29.61,Fair,2022.0,2022,1577,22537,5995,30109
2022,05/12/2022,05:30 PM,4,สงขลา,6.818170437,100.4581851,2,0,2,0,1,2022-05-12 17:30:00,5/12/2022,5:30 PM,90.0,59.0,9.0,29.61,Fair,2022.0,2022,3909,11197,2385,17491
2022,05/12/2022,05:30 PM,4,สงขลา,6.818170437,100.4581851,2,0,2,0,1,2022-05-12 17:30:00,5/12/2022,5:30 PM,90.0,59.0,9.0,29.61,Fair,2022.0,2022,3242,7493,2342,13077
2022,05/12/2022,05:30 PM,4,สงขลา,6.818170437,100.4581851,2,0,2,0,1,2022-05-12 17:30:00,5/12/2022,5:30 PM,90.0,59.0,9.0,29.61,Fair,2022.0,2022,27944,135997,32040,195981
2022,20/05/2022,07:30 PM,4,สงขลา,6.794333845,100.4531881,2,0,2,0,1,2022-05-20 19:30:00,5/20/2022,7:30 PM,82.0,79.0,2.0,29.67,Partly Cloudy,2022.0,2022,7831,25855,2564,36250
2022,20/05/2022,07:30 PM,4,สงขลา,6.794333845,100.4531881,2,0,2,0,1,2022-05-20 19:30:00,5/20/2022,7:30 PM,82.0,79.0,2.0,29.67,Partly Cloudy,2022.0,2022,3871,21357,6123,31351
2022,20/05/2022,07:30 PM,4,สงขลา,6.794333845,100.4531881,2,0,2,0,1,2022-05-20 19:30:00,5/20/2022,7:30 PM,82.0,79.0,2.0,29.67,Partly Cloudy,2022.0,2022,3539,26129,4890,34558
2022,20/05/2022,07:30 PM,4,สงขลา,6.794333845,100.4531881,2,0,2,0,1,2022-05-20 19:30:00,5/20/2022,7:30 PM,82.0,79.0,2.0,29.67,Partly Cloudy,2022.0,2022,3975,21429,7741,33145
2022,20/05/2022,07:30 PM,4,สงขลา,6.794333845,100.4531881,2,0,2,0,1,2022-05-20 19:30:00,5/20/2022,7:30 PM,82.0,79.0,2.0,29.67,Partly Cloudy,2022.0,2022,1577,22537,5995,30109
2022,20/05/2022,07:30 PM,4,สงขลา,6.794333845,100.4531881,2,0,2,0,1,2022-05-20 19:30:00,5/20/2022,7:30 PM,82.0,79.0,2.0,29.67,Partly Cloudy,2022.0,2022,3909,11197,2385,17491
2022,20/05/2022,07:30 PM,4,สงขลา,6.794333845,100.4531881,2,0,2,0,1,2022-05-20 19:30:00,5/20/2022,7:30 PM,82.0,79.0,2.0,29.67,Partly Cloudy,2022.0,2022,3242,7493,2342,13077
2022,20/05/2022,07:30 PM,4,สงขลา,6.794333845,100.4531881,2,0,2,0,1,2022-05-20 19:30:00,5/20/2022,7:30 PM,82.0,79.0,2.0,29.67,Partly Cloudy,2022.0,2022,27944,135997,32040,195981
2022,25/05/2022,04:30 PM,4,สงขลา,6.73163132,100.4497924,1,0,1,0,1,2022-05-25 16:30:00,5/25/2022,4:30 PM,84.0,66.0,10.0,29.67,Showers in the Vicinity,2022.0,2022,7831,25855,2564,36250
2022,25/05/2022,04:30 PM,4,สงขลา,6.73163132,100.4497924,1,0,1,0,1,2022-05-25 16:30:00,5/25/2022,4:30 PM,84.0,66.0,10.0,29.67,Showers in the Vicinity,2022.0,2022,3871,21357,6123,31351
2022,25/05/2022,04:30 PM,4,สงขลา,6.73163132,100.4497924,1,0,1,0,1,2022-05-25 16:30:00,5/25/2022,4:30 PM,84.0,66.0,10.0,29.67,Showers in the Vicinity,2022.0,2022,3539,26129,4890,34558
2022,25/05/2022,04:30 PM,4,สงขลา,6.73163132,100.4497924,1,0,1,0,1,2022-05-25 16:30:00,5/25/2022,4:30 PM,84.0,66.0,10.0,29.67,Showers in the Vicinity,2022.0,2022,3975,21429,7741,33145
2022,25/05/2022,04:30 PM,4,สงขลา,6.73163132,100.4497924,1,0,1,0,1,2022-05-25 16:30:00,5/25/2022,4:30 PM,84.0,66.0,10.0,29.67,Showers in the Vicinity,2022.0,2022,1577,22537,5995,30109
2022,25/05/2022,04:30 PM,4,สงขลา,6.73163132,100.4497924,1,0,1,0,1,2022-05-25 16:30:00,5/25/2022,4:30 PM,84.0,66.0,10.0,29.67,Showers in the Vicinity,2022.0,2022,3909,11197,2385,17491
2022,25/05/2022,04:30 PM,4,สงขลา,6.73163132,100.4497924,1,0,1,0,1,2022-05-25 16:30:00,5/25/2022,4:30 PM,84.0,66.0,10.0,29.67,Showers in the Vicinity,2022.0,2022,3242,7493,2342,13077
2022,25/05/2022,04:30 PM,4,สงขลา,6.73163132,100.4497924,1,0,1,0,1,2022-05-25 16:30:00,5/25/2022,4:30 PM,84.0,66.0,10.0,29.67,Showers in the Vicinity,2022.0,2022,27944,135997,32040,195981
2022,31/05/2022,10:30 AM,4,สงขลา,6.579248239,100.411402,1,0,0,1,1,2022-05-31 10:30:00,5/31/2022,10:30 AM,90.0,66.0,9.0,29.64,Partly Cloudy,2022.0,2022,7831,25855,2564,36250
2022,31/05/2022,10:30 AM,4,สงขลา,6.579248239,100.411402,1,0,0,1,1,2022-05-31 10:30:00,5/31/2022,10:30 AM,90.0,66.0,9.0,29.64,Partly Cloudy,2022.0,2022,3871,21357,6123,31351
2022,31/05/2022,10:30 AM,4,สงขลา,6.579248239,100.411402,1,0,0,1,1,2022-05-31 10:30:00,5/31/2022,10:30 AM,90.0,66.0,9.0,29.64,Partly Cloudy,2022.0,2022,3539,26129,4890,34558
2022,31/05/2022,10:30 AM,4,สงขลา,6.579248239,100.411402,1,0,0,1,1,2022-05-31 10:30:00,5/31/2022,10:30 AM,90.0,66.0,9.0,29.64,Partly Cloudy,2022.0,2022,3975,21429,7741,33145
2022,31/05/2022,10:30 AM,4,สงขลา,6.579248239,100.411402,1,0,0,1,1,2022-05-31 10:30:00,5/31/2022,10:30 AM,90.0,66.0,9.0,29.64,Partly Cloudy,2022.0,2022,1577,22537,5995,30109
2022,31/05/2022,10:30 AM,4,สงขลา,6.579248239,100.411402,1,0,0,1,1,2022-05-31 10:30:00,5/31/2022,10:30 AM,90.0,66.0,9.0,29.64,Partly Cloudy,2022.0,2022,3909,11197,2385,17491
2022,31/05/2022,10:30 AM,4,สงขลา,6.579248239,100.411402,1,0,0,1,1,2022-05-31 10:30:00,5/31/2022,10:30 AM,90.0,66.0,9.0,29.64,Partly Cloudy,2022.0,2022,3242,7493,2342,13077
2022,31/05/2022,10:30 AM,4,สงขลา,6.579248239,100.411402,1,0,0,1,1,2022-05-31 10:30:00,5/31/2022,10:30 AM,90.0,66.0,9.0,29.64,Partly Cloudy,2022.0,2022,27944,135997,32040,195981
2022,06/12/2022,06:00 AM,4,สงขลา,6.797583149,100.453231,1,0,1,0,1,2022-06-12 06:00:00,6/12/2022,6:00 AM,75.0,100.0,0.0,29.7,Fair,2022.0,2022,7831,25855,2564,36250
2022,06/12/2022,06:00 AM,4,สงขลา,6.797583149,100.453231,1,0,1,0,1,2022-06-12 06:00:00,6/12/2022,6:00 AM,75.0,100.0,0.0,29.7,Fair,2022.0,2022,3871,21357,6123,31351
2022,06/12/2022,06:00 AM,4,สงขลา,6.797583149,100.453231,1,0,1,0,1,2022-06-12 06:00:00,6/12/2022,6:00 AM,75.0,100.0,0.0,29.7,Fair,2022.0,2022,3539,26129,4890,34558
2022,06/12/2022,06:00 AM,4,สงขลา,6.797583149,100.453231,1,0,1,0,1,2022-06-12 06:00:00,6/12/2022,6:00 AM,75.0,100.0,0.0,29.7,Fair,2022.0,2022,3975,21429,7741,33145
2022,06/12/2022,06:00 AM,4,สงขลา,6.797583149,100.453231,1,0,1,0,1,2022-06-12 06:00:00,6/12/2022,6:00 AM,75.0,100.0,0.0,29.7,Fair,2022.0,2022,1577,22537,5995,30109
2022,06/12/2022,06:00 AM,4,สงขลา,6.797583149,100.453231,1,0,1,0,1,2022-06-12 06:00:00,6/12/2022,6:00 AM,75.0,100.0,0.0,29.7,Fair,2022.0,2022,3909,11197,2385,17491
2022,06/12/2022,06:00 AM,4,สงขลา,6.797583149,100.453231,1,0,1,0,1,2022-06-12 06:00:00,6/12/2022,6:00 AM,75.0,100.0,0.0,29.7,Fair,2022.0,2022,3242,7493,2342,13077
2022,06/12/2022,06:00 AM,4,สงขลา,6.797583149,100.453231,1,0,1,0,1,2022-06-12 06:00:00,6/12/2022,6:00 AM,75.0,100.0,0.0,29.7,Fair,2022.0,2022,27944,135997,32040,195981
2022,22/06/2022,05:00 AM,4,สงขลา,6.80088037,100.4533517,1,0,1,0,1,2022-06-22 05:00:00,6/22/2022,5:00 AM,77.0,100.0,0.0,29.67,Mostly Cloudy,2022.0,2022,7831,25855,2564,36250
2022,22/06/2022,05:00 AM,4,สงขลา,6.80088037,100.4533517,1,0,1,0,1,2022-06-22 05:00:00,6/22/2022,5:00 AM,77.0,100.0,0.0,29.67,Mostly Cloudy,2022.0,2022,3871,21357,6123,31351
2022,22/06/2022,05:00 AM,4,สงขลา,6.80088037,100.4533517,1,0,1,0,1,2022-06-22 05:00:00,6/22/2022,5:00 AM,77.0,100.0,0.0,29.67,Mostly Cloudy,2022.0,2022,3539,26129,4890,34558
2022,22/06/2022,05:00 AM,4,สงขลา,6.80088037,100.4533517,1,0,1,0,1,2022-06-22 05:00:00,6/22/2022,5:00 AM,77.0,100.0,0.0,29.67,Mostly Cloudy,2022.0,2022,3975,21429,7741,33145
2022,22/06/2022,05:00 AM,4,สงขลา,6.80088037,100.4533517,1,0,1,0,1,2022-06-22 05:00:00,6/22/2022,5:00 AM,77.0,100.0,0.0,29.67,Mostly Cloudy,2022.0,2022,1577,22537,5995,30109
2022,22/06/2022,05:00 AM,4,สงขลา,6.80088037,100.4533517,1,0,1,0,1,2022-06-22 05:00:00,6/22/2022,5:00 AM,77.0,100.0,0.0,29.67,Mostly Cloudy,2022.0,2022,3909,11197,2385,17491
2022,22/06/2022,05:00 AM,4,สงขลา,6.80088037,100.4533517,1,0,1,0,1,2022-06-22 05:00:00,6/22/2022,5:00 AM,77.0,100.0,0.0,29.67,Mostly Cloudy,2022.0,2022,3242,7493,2342,13077
2022,22/06/2022,05:00 AM,4,สงขลา,6.80088037,100.4533517,1,0,1,0,1,2022-06-22 05:00:00,6/22/2022,5:00 AM,77.0,100.0,0.0,29.67,Mostly Cloudy,2022.0,2022,27944,135997,32040,195981
2022,29/06/2022,07:30 PM,4,สงขลา,6.99579665,100.4175845,1,0,1,0,1,2022-06-29 19:30:00,6/29/2022,7:30 PM,84.0,70.0,5.0,29.61,Fair,2022.0,2022,7831,25855,2564,36250
2022,29/06/2022,07:30 PM,4,สงขลา,6.99579665,100.4175845,1,0,1,0,1,2022-06-29 19:30:00,6/29/2022,7:30 PM,84.0,70.0,5.0,29.61,Fair,2022.0,2022,3871,21357,6123,31351
2022,29/06/2022,07:30 PM,4,สงขลา,6.99579665,100.4175845,1,0,1,0,1,2022-06-29 19:30:00,6/29/2022,7:30 PM,84.0,70.0,5.0,29.61,Fair,2022.0,2022,3539,26129,4890,34558
2022,29/06/2022,07:30 PM,4,สงขลา,6.99579665,100.4175845,1,0,1,0,1,2022-06-29 19:30:00,6/29/2022,7:30 PM,84.0,70.0,5.0,29.61,Fair,2022.0,2022,3975,21429,7741,33145
2022,29/06/2022,07:30 PM,4,สงขลา,6.99579665,100.4175845,1,0,1,0,1,2022-06-29 19:30:00,6/29/2022,7:30 PM,84.0,70.0,5.0,29.61,Fair,2022.0,2022,1577,22537,5995,30109
2022,29/06/2022,07:30 PM,4,สงขลา,6.99579665,100.4175845,1,0,1,0,1,2022-06-29 19:30:00,6/29/2022,7:30 PM,84.0,70.0,5.0,29.61,Fair,2022.0,2022,3909,11197,2385,17491
2022,29/06/2022,07:30 PM,4,สงขลา,6.99579665,100.4175845,1,0,1,0,1,2022-06-29 19:30:00,6/29/2022,7:30 PM,84.0,70.0,5.0,29.61,Fair,2022.0,2022,3242,7493,2342,13077
2022,29/06/2022,07:30 PM,4,สงขลา,6.99579665,100.4175845,1,0,1,0,1,2022-06-29 19:30:00,6/29/2022,7:30 PM,84.0,70.0,5.0,29.61,Fair,2022.0,2022,27944,135997,32040,195981
2022,30/06/2022,02:30 PM,4,สงขลา,6.979543391,100.4644561,1,0,1,0,1,2022-06-30 14:30:00,6/30/2022,2:30 PM,84.0,79.0,6.0,29.58,Mostly Cloudy,2022.0,2022,7831,25855,2564,36250
2022,30/06/2022,02:30 PM,4,สงขลา,6.979543391,100.4644561,1,0,1,0,1,2022-06-30 14:30:00,6/30/2022,2:30 PM,84.0,79.0,6.0,29.58,Mostly Cloudy,2022.0,2022,3871,21357,6123,31351
2022,30/06/2022,02:30 PM,4,สงขลา,6.979543391,100.4644561,1,0,1,0,1,2022-06-30 14:30:00,6/30/2022,2:30 PM,84.0,79.0,6.0,29.58,Mostly Cloudy,2022.0,2022,3539,26129,4890,34558
2022,30/06/2022,02:30 PM,4,สงขลา,6.979543391,100.4644561,1,0,1,0,1,2022-06-30 14:30:00,6/30/2022,2:30 PM,84.0,79.0,6.0,29.58,Mostly Cloudy,2022.0,2022,3975,21429,7741,33145
2022,30/06/2022,02:30 PM,4,สงขลา,6.979543391,100.4644561,1,0,1,0,1,2022-06-30 14:30:00,6/30/2022,2:30 PM,84.0,79.0,6.0,29.58,Mostly Cloudy,2022.0,2022,1577,22537,5995,30109
2022,30/06/2022,02:30 PM,4,สงขลา,6.979543391,100.4644561,1,0,1,0,1,2022-06-30 14:30:00,6/30/2022,2:30 PM,84.0,79.0,6.0,29.58,Mostly Cloudy,2022.0,2022,3909,11197,2385,17491
2022,30/06/2022,02:30 PM,4,สงขลา,6.979543391,100.4644561,1,0,1,0,1,2022-06-30 14:30:00,6/30/2022,2:30 PM,84.0,79.0,6.0,29.58,Mostly Cloudy,2022.0,2022,3242,7493,2342,13077
2022,30/06/2022,02:30 PM,4,สงขลา,6.979543391,100.4644561,1,0,1,0,1,2022-06-30 14:30:00,6/30/2022,2:30 PM,84.0,79.0,6.0,29.58,Mostly Cloudy,2022.0,2022,27944,135997,32040,195981
2022,07/01/2022,06:00 AM,4,สงขลา,6.813672203,100.4566911,1,0,1,0,1,2022-07-01 06:00:00,7/1/2022,6:00 AM,77.0,94.0,0.0,29.58,Partly Cloudy,2022.0,2022,7831,25855,2564,36250
2022,07/01/2022,06:00 AM,4,สงขลา,6.813672203,100.4566911,1,0,1,0,1,2022-07-01 06:00:00,7/1/2022,6:00 AM,77.0,94.0,0.0,29.58,Partly Cloudy,2022.0,2022,3871,21357,6123,31351
2022,07/01/2022,06:00 AM,4,สงขลา,6.813672203,100.4566911,1,0,1,0,1,2022-07-01 06:00:00,7/1/2022,6:00 AM,77.0,94.0,0.0,29.58,Partly Cloudy,2022.0,2022,3539,26129,4890,34558
2022,07/01/2022,06:00 AM,4,สงขลา,6.813672203,100.4566911,1,0,1,0,1,2022-07-01 06:00:00,7/1/2022,6:00 AM,77.0,94.0,0.0,29.58,Partly Cloudy,2022.0,2022,3975,21429,7741,33145
2022,07/01/2022,06:00 AM,4,สงขลา,6.813672203,100.4566911,1,0,1,0,1,2022-07-01 06:00:00,7/1/2022,6:00 AM,77.0,94.0,0.0,29.58,Partly Cloudy,2022.0,2022,1577,22537,5995,30109
2022,07/01/2022,06:00 AM,4,สงขลา,6.813672203,100.4566911,1,0,1,0,1,2022-07-01 06:00:00,7/1/2022,6:00 AM,77.0,94.0,0.0,29.58,Partly Cloudy,2022.0,2022,3909,11197,2385,17491
2022,07/01/2022,06:00 AM,4,สงขลา,6.813672203,100.4566911,1,0,1,0,1,2022-07-01 06:00:00,7/1/2022,6:00 AM,77.0,94.0,0.0,29.58,Partly Cloudy,2022.0,2022,3242,7493,2342,13077
2022,07/01/2022,06:00 AM,4,สงขลา,6.813672203,100.4566911,1,0,1,0,1,2022-07-01 06:00:00,7/1/2022,6:00 AM,77.0,94.0,0.0,29.58,Partly Cloudy,2022.0,2022,27944,135997,32040,195981
2022,07/12/2022,06:30 PM,4,สงขลา,6.581401186,100.4119143,2,0,1,1,1,2022-07-12 18:30:00,7/12/2022,6:30 PM,79.0,83.0,8.0,29.67,Light Rain,2022.0,2022,7831,25855,2564,36250
2022,07/12/2022,06:30 PM,4,สงขลา,6.581401186,100.4119143,2,0,1,1,1,2022-07-12 18:30:00,7/12/2022,6:30 PM,79.0,83.0,8.0,29.67,Light Rain,2022.0,2022,3871,21357,6123,31351
2022,07/12/2022,06:30 PM,4,สงขลา,6.581401186,100.4119143,2,0,1,1,1,2022-07-12 18:30:00,7/12/2022,6:30 PM,79.0,83.0,8.0,29.67,Light Rain,2022.0,2022,3539,26129,4890,34558
2022,07/12/2022,06:30 PM,4,สงขลา,6.581401186,100.4119143,2,0,1,1,1,2022-07-12 18:30:00,7/12/2022,6:30 PM,79.0,83.0,8.0,29.67,Light Rain,2022.0,2022,3975,21429,7741,33145
2022,07/12/2022,06:30 PM,4,สงขลา,6.581401186,100.4119143,2,0,1,1,1,2022-07-12 18:30:00,7/12/2022,6:30 PM,79.0,83.0,8.0,29.67,Light Rain,2022.0,2022,1577,22537,5995,30109
2022,07/12/2022,06:30 PM,4,สงขลา,6.581401186,100.4119143,2,0,1,1,1,2022-07-12 18:30:00,7/12/2022,6:30 PM,79.0,83.0,8.0,29.67,Light Rain,2022.0,2022,3909,11197,2385,17491
2022,07/12/2022,06:30 PM,4,สงขลา,6.581401186,100.4119143,2,0,1,1,1,2022-07-12 18:30:00,7/12/2022,6:30 PM,79.0,83.0,8.0,29.67,Light Rain,2022.0,2022,3242,7493,2342,13077
2022,07/12/2022,06:30 PM,4,สงขลา,6.581401186,100.4119143,2,0,1,1,1,2022-07-12 18:30:00,7/12/2022,6:30 PM,79.0,83.0,8.0,29.67,Light Rain,2022.0,2022,27944,135997,32040,195981
2022,08/02/2022,11:30 AM,4,สงขลา,6.617248521,100.4204061,2,0,2,0,1,2022-08-02 11:30:00,8/2/2022,11:30 AM,86.0,70.0,2.0,29.67,Mostly Cloudy,2022.0,2022,7831,25855,2564,36250
2022,08/02/2022,11:30 AM,4,สงขลา,6.617248521,100.4204061,2,0,2,0,1,2022-08-02 11:30:00,8/2/2022,11:30 AM,86.0,70.0,2.0,29.67,Mostly Cloudy,2022.0,2022,3871,21357,6123,31351
2022,08/02/2022,11:30 AM,4,สงขลา,6.617248521,100.4204061,2,0,2,0,1,2022-08-02 11:30:00,8/2/2022,11:30 AM,86.0,70.0,2.0,29.67,Mostly Cloudy,2022.0,2022,3539,26129,4890,34558
2022,08/02/2022,11:30 AM,4,สงขลา,6.617248521,100.4204061,2,0,2,0,1,2022-08-02 11:30:00,8/2/2022,11:30 AM,86.0,70.0,2.0,29.67,Mostly Cloudy,2022.0,2022,3975,21429,7741,33145
2022,08/02/2022,11:30 AM,4,สงขลา,6.617248521,100.4204061,2,0,2,0,1,2022-08-02 11:30:00,8/2/2022,11:30 AM,86.0,70.0,2.0,29.67,Mostly Cloudy,2022.0,2022,1577,22537,5995,30109
2022,08/02/2022,11:30 AM,4,สงขลา,6.617248521,100.4204061,2,0,2,0,1,2022-08-02 11:30:00,8/2/2022,11:30 AM,86.0,70.0,2.0,29.67,Mostly Cloudy,2022.0,2022,3909,11197,2385,17491
2022,08/02/2022,11:30 AM,4,สงขลา,6.617248521,100.4204061,2,0,2,0,1,2022-08-02 11:30:00,8/2/2022,11:30 AM,86.0,70.0,2.0,29.67,Mostly Cloudy,2022.0,2022,3242,7493,2342,13077
2022,08/02/2022,11:30 AM,4,สงขลา,6.617248521,100.4204061,2,0,2,0,1,2022-08-02 11:30:00,8/2/2022,11:30 AM,86.0,70.0,2.0,29.67,Mostly Cloudy,2022.0,2022,27944,135997,32040,195981
2022,08/06/2022,05:00 AM,4,สงขลา,6.833395939,100.4643139,1,0,1,0,1,2022-08-06 05:00:00,8/6/2022,5:00 AM,75.0,89.0,6.0,29.67,Partly Cloudy,2022.0,2022,7831,25855,2564,36250
2022,08/06/2022,05:00 AM,4,สงขลา,6.833395939,100.4643139,1,0,1,0,1,2022-08-06 05:00:00,8/6/2022,5:00 AM,75.0,89.0,6.0,29.67,Partly Cloudy,2022.0,2022,3871,21357,6123,31351
2022,08/06/2022,05:00 AM,4,สงขลา,6.833395939,100.4643139,1,0,1,0,1,2022-08-06 05:00:00,8/6/2022,5:00 AM,75.0,89.0,6.0,29.67,Partly Cloudy,2022.0,2022,3539,26129,4890,34558
2022,08/06/2022,05:00 AM,4,สงขลา,6.833395939,100.4643139,1,0,1,0,1,2022-08-06 05:00:00,8/6/2022,5:00 AM,75.0,89.0,6.0,29.67,Partly Cloudy,2022.0,2022,3975,21429,7741,33145
2022,08/06/2022,05:00 AM,4,สงขลา,6.833395939,100.4643139,1,0,1,0,1,2022-08-06 05:00:00,8/6/2022,5:00 AM,75.0,89.0,6.0,29.67,Partly Cloudy,2022.0,2022,1577,22537,5995,30109
2022,08/06/2022,05:00 AM,4,สงขลา,6.833395939,100.4643139,1,0,1,0,1,2022-08-06 05:00:00,8/6/2022,5:00 AM,75.0,89.0,6.0,29.67,Partly Cloudy,2022.0,2022,3909,11197,2385,17491
2022,08/06/2022,05:00 AM,4,สงขลา,6.833395939,100.4643139,1,0,1,0,1,2022-08-06 05:00:00,8/6/2022,5:00 AM,75.0,89.0,6.0,29.67,Partly Cloudy,2022.0,2022,3242,7493,2342,13077
2022,08/06/2022,05:00 AM,4,สงขลา,6.833395939,100.4643139,1,0,1,0,1,2022-08-06 05:00:00,8/6/2022,5:00 AM,75.0,89.0,6.0,29.67,Partly Cloudy,2022.0,2022,27944,135997,32040,195981
2022,08/09/2022,02:30 AM,4,สงขลา,6.849837978,100.4703596,1,0,1,0,1,2022-08-09 02:30:00,8/9/2022,2:30 AM,77.0,100.0,0.0,29.67,Mostly Cloudy,2022.0,2022,7831,25855,2564,36250
2022,08/09/2022,02:30 AM,4,สงขลา,6.849837978,100.4703596,1,0,1,0,1,2022-08-09 02:30:00,8/9/2022,2:30 AM,77.0,100.0,0.0,29.67,Mostly Cloudy,2022.0,2022,3871,21357,6123,31351
2022,08/09/2022,02:30 AM,4,สงขลา,6.849837978,100.4703596,1,0,1,0,1,2022-08-09 02:30:00,8/9/2022,2:30 AM,77.0,100.0,0.0,29.67,Mostly Cloudy,2022.0,2022,3539,26129,4890,34558
2022,08/09/2022,02:30 AM,4,สงขลา,6.849837978,100.4703596,1,0,1,0,1,2022-08-09 02:30:00,8/9/2022,2:30 AM,77.0,100.0,0.0,29.67,Mostly Cloudy,2022.0,2022,3975,21429,7741,33145
2022,08/09/2022,02:30 AM,4,สงขลา,6.849837978,100.4703596,1,0,1,0,1,2022-08-09 02:30:00,8/9/2022,2:30 AM,77.0,100.0,0.0,29.67,Mostly Cloudy,2022.0,2022,1577,22537,5995,30109
2022,08/09/2022,02:30 AM,4,สงขลา,6.849837978,100.4703596,1,0,1,0,1,2022-08-09 02:30:00,8/9/2022,2:30 AM,77.0,100.0,0.0,29.67,Mostly Cloudy,2022.0,2022,3909,11197,2385,17491
2022,08/09/2022,02:30 AM,4,สงขลา,6.849837978,100.4703596,1,0,1,0,1,2022-08-09 02:30:00,8/9/2022,2:30 AM,77.0,100.0,0.0,29.67,Mostly Cloudy,2022.0,2022,3242,7493,2342,13077
2022,08/09/2022,02:30 AM,4,สงขลา,6.849837978,100.4703596,1,0,1,0,1,2022-08-09 02:30:00,8/9/2022,2:30 AM,77.0,100.0,0.0,29.67,Mostly Cloudy,2022.0,2022,27944,135997,32040,195981
2022,09/01/2022,04:00 AM,4,สงขลา,6.542262982,100.4157364,1,0,1,0,1,2022-09-01 04:00:00,9/1/2022,4:00 AM,75.0,94.0,0.0,29.64,Fair,2022.0,2022,7831,25855,2564,36250
2022,09/01/2022,04:00 AM,4,สงขลา,6.542262982,100.4157364,1,0,1,0,1,2022-09-01 04:00:00,9/1/2022,4:00 AM,75.0,94.0,0.0,29.64,Fair,2022.0,2022,3871,21357,6123,31351
2022,09/01/2022,04:00 AM,4,สงขลา,6.542262982,100.4157364,1,0,1,0,1,2022-09-01 04:00:00,9/1/2022,4:00 AM,75.0,94.0,0.0,29.64,Fair,2022.0,2022,3539,26129,4890,34558
2022,09/01/2022,04:00 AM,4,สงขลา,6.542262982,100.4157364,1,0,1,0,1,2022-09-01 04:00:00,9/1/2022,4:00 AM,75.0,94.0,0.0,29.64,Fair,2022.0,2022,3975,21429,7741,33145
2022,09/01/2022,04:00 AM,4,สงขลา,6.542262982,100.4157364,1,0,1,0,1,2022-09-01 04:00:00,9/1/2022,4:00 AM,75.0,94.0,0.0,29.64,Fair,2022.0,2022,1577,22537,5995,30109
2022,09/01/2022,04:00 AM,4,สงขลา,6.542262982,100.4157364,1,0,1,0,1,2022-09-01 04:00:00,9/1/2022,4:00 AM,75.0,94.0,0.0,29.64,Fair,2022.0,2022,3909,11197,2385,17491
2022,09/01/2022,04:00 AM,4,สงขลา,6.542262982,100.4157364,1,0,1,0,1,2022-09-01 04:00:00,9/1/2022,4:00 AM,75.0,94.0,0.0,29.64,Fair,2022.0,2022,3242,7493,2342,13077
2022,09/01/2022,04:00 AM,4,สงขลา,6.542262982,100.4157364,1,0,1,0,1,2022-09-01 04:00:00,9/1/2022,4:00 AM,75.0,94.0,0.0,29.64,Fair,2022.0,2022,27944,135997,32040,195981
2022,09/09/2022,04:00 PM,4,สงขลา,6.810260549,100.4556423,2,0,2,0,1,2022-09-09 16:00:00,9/9/2022,4:00 PM,90.0,55.0,8.0,29.64,Partly Cloudy,2022.0,2022,7831,25855,2564,36250
2022,09/09/2022,04:00 PM,4,สงขลา,6.810260549,100.4556423,2,0,2,0,1,2022-09-09 16:00:00,9/9/2022,4:00 PM,90.0,55.0,8.0,29.64,Partly Cloudy,2022.0,2022,3871,21357,6123,31351
2022,09/09/2022,04:00 PM,4,สงขลา,6.810260549,100.4556423,2,0,2,0,1,2022-09-09 16:00:00,9/9/2022,4:00 PM,90.0,55.0,8.0,29.64,Partly Cloudy,2022.0,2022,3539,26129,4890,34558
2022,09/09/2022,04:00 PM,4,สงขลา,6.810260549,100.4556423,2,0,2,0,1,2022-09-09 16:00:00,9/9/2022,4:00 PM,90.0,55.0,8.0,29.64,Partly Cloudy,2022.0,2022,3975,21429,7741,33145
2022,09/09/2022,04:00 PM,4,สงขลา,6.810260549,100.4556423,2,0,2,0,1,2022-09-09 16:00:00,9/9/2022,4:00 PM,90.0,55.0,8.0,29.64,Partly Cloudy,2022.0,2022,1577,22537,5995,30109
2022,09/09/2022,04:00 PM,4,สงขลา,6.810260549,100.4556423,2,0,2,0,1,2022-09-09 16:00:00,9/9/2022,4:00 PM,90.0,55.0,8.0,29.64,Partly Cloudy,2022.0,2022,3909,11197,2385,17491
2022,09/09/2022,04:00 PM,4,สงขลา,6.810260549,100.4556423,2,0,2,0,1,2022-09-09 16:00:00,9/9/2022,4:00 PM,90.0,55.0,8.0,29.64,Partly Cloudy,2022.0,2022,3242,7493,2342,13077
2022,09/09/2022,04:00 PM,4,สงขลา,6.810260549,100.4556423,2,0,2,0,1,2022-09-09 16:00:00,9/9/2022,4:00 PM,90.0,55.0,8.0,29.64,Partly Cloudy,2022.0,2022,27944,135997,32040,195981
2022,09/11/2022,09:00 PM,4,สงขลา,6.75539643,100.4556611,2,1,1,0,1,2022-09-11 21:00:00,9/11/2022,9:00 PM,77.0,89.0,0.0,29.7,Mostly Cloudy,2022.0,2022,7831,25855,2564,36250
2022,09/11/2022,09:00 PM,4,สงขลา,6.75539643,100.4556611,2,1,1,0,1,2022-09-11 21:00:00,9/11/2022,9:00 PM,77.0,89.0,0.0,29.7,Mostly Cloudy,2022.0,2022,3871,21357,6123,31351
2022,09/11/2022,09:00 PM,4,สงขลา,6.75539643,100.4556611,2,1,1,0,1,2022-09-11 21:00:00,9/11/2022,9:00 PM,77.0,89.0,0.0,29.7,Mostly Cloudy,2022.0,2022,3539,26129,4890,34558
2022,09/11/2022,09:00 PM,4,สงขลา,6.75539643,100.4556611,2,1,1,0,1,2022-09-11 21:00:00,9/11/2022,9:00 PM,77.0,89.0,0.0,29.7,Mostly Cloudy,2022.0,2022,3975,21429,7741,33145
2022,09/11/2022,09:00 PM,4,สงขลา,6.75539643,100.4556611,2,1,1,0,1,2022-09-11 21:00:00,9/11/2022,9:00 PM,77.0,89.0,0.0,29.7,Mostly Cloudy,2022.0,2022,1577,22537,5995,30109
2022,09/11/2022,09:00 PM,4,สงขลา,6.75539643,100.4556611,2,1,1,0,1,2022-09-11 21:00:00,9/11/2022,9:00 PM,77.0,89.0,0.0,29.7,Mostly Cloudy,2022.0,2022,3909,11197,2385,17491
2022,09/11/2022,09:00 PM,4,สงขลา,6.75539643,100.4556611,2,1,1,0,1,2022-09-11 21:00:00,9/11/2022,9:00 PM,77.0,89.0,0.0,29.7,Mostly Cloudy,2022.0,2022,3242,7493,2342,13077
2022,09/11/2022,09:00 PM,4,สงขลา,6.75539643,100.4556611,2,1,1,0,1,2022-09-11 21:00:00,9/11/2022,9:00 PM,77.0,89.0,0.0,29.7,Mostly Cloudy,2022.0,2022,27944,135997,32040,195981
2022,24/09/2022,12:30 AM,4,สงขลา,6.545711147,100.4151973,2,0,1,1,1,2022-09-24 00:30:00,9/24/2022,12:30 AM,77.0,89.0,5.0,29.73,Mostly Cloudy,2022.0,2022,7831,25855,2564,36250
2022,24/09/2022,12:30 AM,4,สงขลา,6.545711147,100.4151973,2,0,1,1,1,2022-09-24 00:30:00,9/24/2022,12:30 AM,77.0,89.0,5.0,29.73,Mostly Cloudy,2022.0,2022,3871,21357,6123,31351
2022,24/09/2022,12:30 AM,4,สงขลา,6.545711147,100.4151973,2,0,1,1,1,2022-09-24 00:30:00,9/24/2022,12:30 AM,77.0,89.0,5.0,29.73,Mostly Cloudy,2022.0,2022,3539,26129,4890,34558
2022,24/09/2022,12:30 AM,4,สงขลา,6.545711147,100.4151973,2,0,1,1,1,2022-09-24 00:30:00,9/24/2022,12:30 AM,77.0,89.0,5.0,29.73,Mostly Cloudy,2022.0,2022,3975,21429,7741,33145
2022,24/09/2022,12:30 AM,4,สงขลา,6.545711147,100.4151973,2,0,1,1,1,2022-09-24 00:30:00,9/24/2022,12:30 AM,77.0,89.0,5.0,29.73,Mostly Cloudy,2022.0,2022,1577,22537,5995,30109
2022,24/09/2022,12:30 AM,4,สงขลา,6.545711147,100.4151973,2,0,1,1,1,2022-09-24 00:30:00,9/24/2022,12:30 AM,77.0,89.0,5.0,29.73,Mostly Cloudy,2022.0,2022,3909,11197,2385,17491
2022,24/09/2022,12:30 AM,4,สงขลา,6.545711147,100.4151973,2,0,1,1,1,2022-09-24 00:30:00,9/24/2022,12:30 AM,77.0,89.0,5.0,29.73,Mostly Cloudy,2022.0,2022,3242,7493,2342,13077
2022,24/09/2022,12:30 AM,4,สงขลา,6.545711147,100.4151973,2,0,1,1,1,2022-09-24 00:30:00,9/24/2022,12:30 AM,77.0,89.0,5.0,29.73,Mostly Cloudy,2022.0,2022,27944,135997,32040,195981
2022,25/09/2022,11:00 AM,4,สงขลา,6.751105372,100.4523593,1,0,0,1,1,2022-09-25 11:00:00,9/25/2022,11:00 AM,81.0,79.0,8.0,29.73,Mostly Cloudy,2022.0,2022,7831,25855,2564,36250
2022,25/09/2022,11:00 AM,4,สงขลา,6.751105372,100.4523593,1,0,0,1,1,2022-09-25 11:00:00,9/25/2022,11:00 AM,81.0,79.0,8.0,29.73,Mostly Cloudy,2022.0,2022,3871,21357,6123,31351
2022,25/09/2022,11:00 AM,4,สงขลา,6.751105372,100.4523593,1,0,0,1,1,2022-09-25 11:00:00,9/25/2022,11:00 AM,81.0,79.0,8.0,29.73,Mostly Cloudy,2022.0,2022,3539,26129,4890,34558
2022,25/09/2022,11:00 AM,4,สงขลา,6.751105372,100.4523593,1,0,0,1,1,2022-09-25 11:00:00,9/25/2022,11:00 AM,81.0,79.0,8.0,29.73,Mostly Cloudy,2022.0,2022,3975,21429,7741,33145
2022,25/09/2022,11:00 AM,4,สงขลา,6.751105372,100.4523593,1,0,0,1,1,2022-09-25 11:00:00,9/25/2022,11:00 AM,81.0,79.0,8.0,29.73,Mostly Cloudy,2022.0,2022,1577,22537,5995,30109
2022,25/09/2022,11:00 AM,4,สงขลา,6.751105372,100.4523593,1,0,0,1,1,2022-09-25 11:00:00,9/25/2022,11:00 AM,81.0,79.0,8.0,29.73,Mostly Cloudy,2022.0,2022,3909,11197,2385,17491
2022,25/09/2022,11:00 AM,4,สงขลา,6.751105372,100.4523593,1,0,0,1,1,2022-09-25 11:00:00,9/25/2022,11:00 AM,81.0,79.0,8.0,29.73,Mostly Cloudy,2022.0,2022,3242,7493,2342,13077
2022,25/09/2022,11:00 AM,4,สงขลา,6.751105372,100.4523593,1,0,0,1,1,2022-09-25 11:00:00,9/25/2022,11:00 AM,81.0,79.0,8.0,29.73,Mostly Cloudy,2022.0,2022,27944,135997,32040,195981
2022,27/09/2022,12:00 PM,4,สงขลา,6.75956759,100.4586276,1,0,1,0,1,2022-09-27 12:00:00,9/27/2022,12:00 PM,90.0,59.0,0.0,29.67,Partly Cloudy,2022.0,2022,7831,25855,2564,36250
2022,27/09/2022,12:00 PM,4,สงขลา,6.75956759,100.4586276,1,0,1,0,1,2022-09-27 12:00:00,9/27/2022,12:00 PM,90.0,59.0,0.0,29.67,Partly Cloudy,2022.0,2022,3871,21357,6123,31351
2022,27/09/2022,12:00 PM,4,สงขลา,6.75956759,100.4586276,1,0,1,0,1,2022-09-27 12:00:00,9/27/2022,12:00 PM,90.0,59.0,0.0,29.67,Partly Cloudy,2022.0,2022,3539,26129,4890,34558
2022,27/09/2022,12:00 PM,4,สงขลา,6.75956759,100.4586276,1,0,1,0,1,2022-09-27 12:00:00,9/27/2022,12:00 PM,90.0,59.0,0.0,29.67,Partly Cloudy,2022.0,2022,3975,21429,7741,33145
2022,27/09/2022,12:00 PM,4,สงขลา,6.75956759,100.4586276,1,0,1,0,1,2022-09-27 12:00:00,9/27/2022,12:00 PM,90.0,59.0,0.0,29.67,Partly Cloudy,2022.0,2022,1577,22537,5995,30109
2022,27/09/2022,12:00 PM,4,สงขลา,6.75956759,100.4586276,1,0,1,0,1,2022-09-27 12:00:00,9/27/2022,12:00 PM,90.0,59.0,0.0,29.67,Partly Cloudy,2022.0,2022,3909,11197,2385,17491
2022,27/09/2022,12:00 PM,4,สงขลา,6.75956759,100.4586276,1,0,1,0,1,2022-09-27 12:00:00,9/27/2022,12:00 PM,90.0,59.0,0.0,29.67,Partly Cloudy,2022.0,2022,3242,7493,2342,13077
2022,27/09/2022,12:00 PM,4,สงขลา,6.75956759,100.4586276,1,0,1,0,1,2022-09-27 12:00:00,9/27/2022,12:00 PM,90.0,59.0,0.0,29.67,Partly Cloudy,2022.0,2022,27944,135997,32040,195981
2022,27/09/2022,03:00 PM,4,สงขลา,6.834549084,100.4648611,3,1,1,1,1,2022-09-27 15:00:00,9/27/2022,3:00 PM,84.0,74.0,7.0,29.58,Mostly Cloudy,2022.0,2022,7831,25855,2564,36250
2022,27/09/2022,03:00 PM,4,สงขลา,6.834549084,100.4648611,3,1,1,1,1,2022-09-27 15:00:00,9/27/2022,3:00 PM,84.0,74.0,7.0,29.58,Mostly Cloudy,2022.0,2022,3871,21357,6123,31351
2022,27/09/2022,03:00 PM,4,สงขลา,6.834549084,100.4648611,3,1,1,1,1,2022-09-27 15:00:00,9/27/2022,3:00 PM,84.0,74.0,7.0,29.58,Mostly Cloudy,2022.0,2022,3539,26129,4890,34558
2022,27/09/2022,03:00 PM,4,สงขลา,6.834549084,100.4648611,3,1,1,1,1,2022-09-27 15:00:00,9/27/2022,3:00 PM,84.0,74.0,7.0,29.58,Mostly Cloudy,2022.0,2022,3975,21429,7741,33145
2022,27/09/2022,03:00 PM,4,สงขลา,6.834549084,100.4648611,3,1,1,1,1,2022-09-27 15:00:00,9/27/2022,3:00 PM,84.0,74.0,7.0,29.58,Mostly Cloudy,2022.0,2022,1577,22537,5995,30109
2022,27/09/2022,03:00 PM,4,สงขลา,6.834549084,100.4648611,3,1,1,1,1,2022-09-27 15:00:00,9/27/2022,3:00 PM,84.0,74.0,7.0,29.58,Mostly Cloudy,2022.0,2022,3909,11197,2385,17491
2022,27/09/2022,03:00 PM,4,สงขลา,6.834549084,100.4648611,3,1,1,1,1,2022-09-27 15:00:00,9/27/2022,3:00 PM,84.0,74.0,7.0,29.58,Mostly Cloudy,2022.0,2022,3242,7493,2342,13077
2022,27/09/2022,03:00 PM,4,สงขลา,6.834549084,100.4648611,3,1,1,1,1,2022-09-27 15:00:00,9/27/2022,3:00 PM,84.0,74.0,7.0,29.58,Mostly Cloudy,2022.0,2022,27944,135997,32040,195981
2022,10/05/2022,07:00 PM,4,สงขลา,6.807661176,100.4548994,2,0,1,1,1,2022-10-05 19:00:00,10/5/2022,7:00 PM,79.0,94.0,0.0,29.7,Light Rain,2022.0,2022,7831,25855,2564,36250
2022,10/05/2022,07:00 PM,4,สงขลา,6.807661176,100.4548994,2,0,1,1,1,2022-10-05 19:00:00,10/5/2022,7:00 PM,79.0,94.0,0.0,29.7,Light Rain,2022.0,2022,3871,21357,6123,31351
2022,10/05/2022,07:00 PM,4,สงขลา,6.807661176,100.4548994,2,0,1,1,1,2022-10-05 19:00:00,10/5/2022,7:00 PM,79.0,94.0,0.0,29.7,Light Rain,2022.0,2022,3539,26129,4890,34558
2022,10/05/2022,07:00 PM,4,สงขลา,6.807661176,100.4548994,2,0,1,1,1,2022-10-05 19:00:00,10/5/2022,7:00 PM,79.0,94.0,0.0,29.7,Light Rain,2022.0,2022,3975,21429,7741,33145
2022,10/05/2022,07:00 PM,4,สงขลา,6.807661176,100.4548994,2,0,1,1,1,2022-10-05 19:00:00,10/5/2022,7:00 PM,79.0,94.0,0.0,29.7,Light Rain,2022.0,2022,1577,22537,5995,30109
2022,10/05/2022,07:00 PM,4,สงขลา,6.807661176,100.4548994,2,0,1,1,1,2022-10-05 19:00:00,10/5/2022,7:00 PM,79.0,94.0,0.0,29.7,Light Rain,2022.0,2022,3909,11197,2385,17491
2022,10/05/2022,07:00 PM,4,สงขลา,6.807661176,100.4548994,2,0,1,1,1,2022-10-05 19:00:00,10/5/2022,7:00 PM,79.0,94.0,0.0,29.7,Light Rain,2022.0,2022,3242,7493,2342,13077
2022,10/05/2022,07:00 PM,4,สงขลา,6.807661176,100.4548994,2,0,1,1,1,2022-10-05 19:00:00,10/5/2022,7:00 PM,79.0,94.0,0.0,29.7,Light Rain,2022.0,2022,27944,135997,32040,195981
2022,10/11/2022,09:30 PM,4,สงขลา,6.983233371,100.453687,3,0,3,0,1,2022-10-11 21:30:00,10/11/2022,9:30 PM,77.0,94.0,3.0,29.79,Mostly Cloudy,2022.0,2022,7831,25855,2564,36250
2022,10/11/2022,09:30 PM,4,สงขลา,6.983233371,100.453687,3,0,3,0,1,2022-10-11 21:30:00,10/11/2022,9:30 PM,77.0,94.0,3.0,29.79,Mostly Cloudy,2022.0,2022,3871,21357,6123,31351
2022,10/11/2022,09:30 PM,4,สงขลา,6.983233371,100.453687,3,0,3,0,1,2022-10-11 21:30:00,10/11/2022,9:30 PM,77.0,94.0,3.0,29.79,Mostly Cloudy,2022.0,2022,3539,26129,4890,34558
2022,10/11/2022,09:30 PM,4,สงขลา,6.983233371,100.453687,3,0,3,0,1,2022-10-11 21:30:00,10/11/2022,9:30 PM,77.0,94.0,3.0,29.79,Mostly Cloudy,2022.0,2022,3975,21429,7741,33145
2022,10/11/2022,09:30 PM,4,สงขลา,6.983233371,100.453687,3,0,3,0,1,2022-10-11 21:30:00,10/11/2022,9:30 PM,77.0,94.0,3.0,29.79,Mostly Cloudy,2022.0,2022,1577,22537,5995,30109
2022,10/11/2022,09:30 PM,4,สงขลา,6.983233371,100.453687,3,0,3,0,1,2022-10-11 21:30:00,10/11/2022,9:30 PM,77.0,94.0,3.0,29.79,Mostly Cloudy,2022.0,2022,3909,11197,2385,17491
2022,10/11/2022,09:30 PM,4,สงขลา,6.983233371,100.453687,3,0,3,0,1,2022-10-11 21:30:00,10/11/2022,9:30 PM,77.0,94.0,3.0,29.79,Mostly Cloudy,2022.0,2022,3242,7493,2342,13077
2022,10/11/2022,09:30 PM,4,สงขลา,6.983233371,100.453687,3,0,3,0,1,2022-10-11 21:30:00,10/11/2022,9:30 PM,77.0,94.0,3.0,29.79,Mostly Cloudy,2022.0,2022,27944,135997,32040,195981
2022,19/10/2022,11:00 AM,4,สงขลา,6.766785796,100.4586357,1,0,0,1,1,2022-10-19 11:00:00,10/19/2022,11:00 AM,84.0,79.0,3.0,29.7,Mostly Cloudy,2022.0,2022,7831,25855,2564,36250
2022,19/10/2022,11:00 AM,4,สงขลา,6.766785796,100.4586357,1,0,0,1,1,2022-10-19 11:00:00,10/19/2022,11:00 AM,84.0,79.0,3.0,29.7,Mostly Cloudy,2022.0,2022,3871,21357,6123,31351
2022,19/10/2022,11:00 AM,4,สงขลา,6.766785796,100.4586357,1,0,0,1,1,2022-10-19 11:00:00,10/19/2022,11:00 AM,84.0,79.0,3.0,29.7,Mostly Cloudy,2022.0,2022,3539,26129,4890,34558
2022,19/10/2022,11:00 AM,4,สงขลา,6.766785796,100.4586357,1,0,0,1,1,2022-10-19 11:00:00,10/19/2022,11:00 AM,84.0,79.0,3.0,29.7,Mostly Cloudy,2022.0,2022,3975,21429,7741,33145
2022,19/10/2022,11:00 AM,4,สงขลา,6.766785796,100.4586357,1,0,0,1,1,2022-10-19 11:00:00,10/19/2022,11:00 AM,84.0,79.0,3.0,29.7,Mostly Cloudy,2022.0,2022,1577,22537,5995,30109
2022,19/10/2022,11:00 AM,4,สงขลา,6.766785796,100.4586357,1,0,0,1,1,2022-10-19 11:00:00,10/19/2022,11:00 AM,84.0,79.0,3.0,29.7,Mostly Cloudy,2022.0,2022,3909,11197,2385,17491
2022,19/10/2022,11:00 AM,4,สงขลา,6.766785796,100.4586357,1,0,0,1,1,2022-10-19 11:00:00,10/19/2022,11:00 AM,84.0,79.0,3.0,29.7,Mostly Cloudy,2022.0,2022,3242,7493,2342,13077
2022,19/10/2022,11:00 AM,4,สงขลา,6.766785796,100.4586357,1,0,0,1,1,2022-10-19 11:00:00,10/19/2022,11:00 AM,84.0,79.0,3.0,29.7,Mostly Cloudy,2022.0,2022,27944,135997,32040,195981
2022,24/10/2022,11:00 PM,4,สงขลา,6.976723973,100.4739122,1,0,1,0,1,2022-10-24 23:00:00,10/24/2022,11:00 PM,79.0,100.0,3.0,29.79,Light Rain,2022.0,2022,7831,25855,2564,36250
2022,24/10/2022,11:00 PM,4,สงขลา,6.976723973,100.4739122,1,0,1,0,1,2022-10-24 23:00:00,10/24/2022,11:00 PM,79.0,100.0,3.0,29.79,Light Rain,2022.0,2022,3871,21357,6123,31351
2022,24/10/2022,11:00 PM,4,สงขลา,6.976723973,100.4739122,1,0,1,0,1,2022-10-24 23:00:00,10/24/2022,11:00 PM,79.0,100.0,3.0,29.79,Light Rain,2022.0,2022,3539,26129,4890,34558
2022,24/10/2022,11:00 PM,4,สงขลา,6.976723973,100.4739122,1,0,1,0,1,2022-10-24 23:00:00,10/24/2022,11:00 PM,79.0,100.0,3.0,29.79,Light Rain,2022.0,2022,3975,21429,7741,33145
2022,24/10/2022,11:00 PM,4,สงขลา,6.976723973,100.4739122,1,0,1,0,1,2022-10-24 23:00:00,10/24/2022,11:00 PM,79.0,100.0,3.0,29.79,Light Rain,2022.0,2022,1577,22537,5995,30109
2022,24/10/2022,11:00 PM,4,สงขลา,6.976723973,100.4739122,1,0,1,0,1,2022-10-24 23:00:00,10/24/2022,11:00 PM,79.0,100.0,3.0,29.79,Light Rain,2022.0,2022,3909,11197,2385,17491
2022,24/10/2022,11:00 PM,4,สงขลา,6.976723973,100.4739122,1,0,1,0,1,2022-10-24 23:00:00,10/24/2022,11:00 PM,79.0,100.0,3.0,29.79,Light Rain,2022.0,2022,3242,7493,2342,13077
2022,24/10/2022,11:00 PM,4,สงขลา,6.976723973,100.4739122,1,0,1,0,1,2022-10-24 23:00:00,10/24/2022,11:00 PM,79.0,100.0,3.0,29.79,Light Rain,2022.0,2022,27944,135997,32040,195981
2022,25/10/2022,09:30 AM,4,สงขลา,6.677032692,100.4373255,1,0,1,0,1,2022-10-25 09:30:00,10/25/2022,9:30 AM,82.0,84.0,3.0,29.79,Mostly Cloudy,2022.0,2022,7831,25855,2564,36250
2022,25/10/2022,09:30 AM,4,สงขลา,6.677032692,100.4373255,1,0,1,0,1,2022-10-25 09:30:00,10/25/2022,9:30 AM,82.0,84.0,3.0,29.79,Mostly Cloudy,2022.0,2022,3871,21357,6123,31351
2022,25/10/2022,09:30 AM,4,สงขลา,6.677032692,100.4373255,1,0,1,0,1,2022-10-25 09:30:00,10/25/2022,9:30 AM,82.0,84.0,3.0,29.79,Mostly Cloudy,2022.0,2022,3539,26129,4890,34558
2022,25/10/2022,09:30 AM,4,สงขลา,6.677032692,100.4373255,1,0,1,0,1,2022-10-25 09:30:00,10/25/2022,9:30 AM,82.0,84.0,3.0,29.79,Mostly Cloudy,2022.0,2022,3975,21429,7741,33145
2022,25/10/2022,09:30 AM,4,สงขลา,6.677032692,100.4373255,1,0,1,0,1,2022-10-25 09:30:00,10/25/2022,9:30 AM,82.0,84.0,3.0,29.79,Mostly Cloudy,2022.0,2022,1577,22537,5995,30109
2022,25/10/2022,09:30 AM,4,สงขลา,6.677032692,100.4373255,1,0,1,0,1,2022-10-25 09:30:00,10/25/2022,9:30 AM,82.0,84.0,3.0,29.79,Mostly Cloudy,2022.0,2022,3909,11197,2385,17491
2022,25/10/2022,09:30 AM,4,สงขลา,6.677032692,100.4373255,1,0,1,0,1,2022-10-25 09:30:00,10/25/2022,9:30 AM,82.0,84.0,3.0,29.79,Mostly Cloudy,2022.0,2022,3242,7493,2342,13077
2022,25/10/2022,09:30 AM,4,สงขลา,6.677032692,100.4373255,1,0,1,0,1,2022-10-25 09:30:00,10/25/2022,9:30 AM,82.0,84.0,3.0,29.79,Mostly Cloudy,2022.0,2022,27944,135997,32040,195981
2022,31/10/2022,02:00 PM,4,สงขลา,6.589503967,100.4141566,2,0,1,1,1,2022-10-31 14:00:00,10/31/2022,2:00 PM,79.0,83.0,2.0,29.64,Light Rain,2022.0,2022,7831,25855,2564,36250
2022,31/10/2022,02:00 PM,4,สงขลา,6.589503967,100.4141566,2,0,1,1,1,2022-10-31 14:00:00,10/31/2022,2:00 PM,79.0,83.0,2.0,29.64,Light Rain,2022.0,2022,3871,21357,6123,31351
2022,31/10/2022,02:00 PM,4,สงขลา,6.589503967,100.4141566,2,0,1,1,1,2022-10-31 14:00:00,10/31/2022,2:00 PM,79.0,83.0,2.0,29.64,Light Rain,2022.0,2022,3539,26129,4890,34558
2022,31/10/2022,02:00 PM,4,สงขลา,6.589503967,100.4141566,2,0,1,1,1,2022-10-31 14:00:00,10/31/2022,2:00 PM,79.0,83.0,2.0,29.64,Light Rain,2022.0,2022,3975,21429,7741,33145
2022,31/10/2022,02:00 PM,4,สงขลา,6.589503967,100.4141566,2,0,1,1,1,2022-10-31 14:00:00,10/31/2022,2:00 PM,79.0,83.0,2.0,29.64,Light Rain,2022.0,2022,1577,22537,5995,30109
2022,31/10/2022,02:00 PM,4,สงขลา,6.589503967,100.4141566,2,0,1,1,1,2022-10-31 14:00:00,10/31/2022,2:00 PM,79.0,83.0,2.0,29.64,Light Rain,2022.0,2022,3909,11197,2385,17491
2022,31/10/2022,02:00 PM,4,สงขลา,6.589503967,100.4141566,2,0,1,1,1,2022-10-31 14:00:00,10/31/2022,2:00 PM,79.0,83.0,2.0,29.64,Light Rain,2022.0,2022,3242,7493,2342,13077
2022,31/10/2022,02:00 PM,4,สงขลา,6.589503967,100.4141566,2,0,1,1,1,2022-10-31 14:00:00,10/31/2022,2:00 PM,79.0,83.0,2.0,29.64,Light Rain,2022.0,2022,27944,135997,32040,195981
2022,11/03/2022,07:00 PM,4,สงขลา,6.790783558,100.4530446,2,0,2,0,1,2022-11-03 19:00:00,11/3/2022,7:00 PM,81.0,84.0,5.0,29.73,Mostly Cloudy,2022.0,2022,7831,25855,2564,36250
2022,11/03/2022,07:00 PM,4,สงขลา,6.790783558,100.4530446,2,0,2,0,1,2022-11-03 19:00:00,11/3/2022,7:00 PM,81.0,84.0,5.0,29.73,Mostly Cloudy,2022.0,2022,3871,21357,6123,31351
2022,11/03/2022,07:00 PM,4,สงขลา,6.790783558,100.4530446,2,0,2,0,1,2022-11-03 19:00:00,11/3/2022,7:00 PM,81.0,84.0,5.0,29.73,Mostly Cloudy,2022.0,2022,3539,26129,4890,34558
2022,11/03/2022,07:00 PM,4,สงขลา,6.790783558,100.4530446,2,0,2,0,1,2022-11-03 19:00:00,11/3/2022,7:00 PM,81.0,84.0,5.0,29.73,Mostly Cloudy,2022.0,2022,3975,21429,7741,33145
2022,11/03/2022,07:00 PM,4,สงขลา,6.790783558,100.4530446,2,0,2,0,1,2022-11-03 19:00:00,11/3/2022,7:00 PM,81.0,84.0,5.0,29.73,Mostly Cloudy,2022.0,2022,1577,22537,5995,30109
2022,11/03/2022,07:00 PM,4,สงขลา,6.790783558,100.4530446,2,0,2,0,1,2022-11-03 19:00:00,11/3/2022,7:00 PM,81.0,84.0,5.0,29.73,Mostly Cloudy,2022.0,2022,3909,11197,2385,17491
2022,11/03/2022,07:00 PM,4,สงขลา,6.790783558,100.4530446,2,0,2,0,1,2022-11-03 19:00:00,11/3/2022,7:00 PM,81.0,84.0,5.0,29.73,Mostly Cloudy,2022.0,2022,3242,7493,2342,13077
2022,11/03/2022,07:00 PM,4,สงขลา,6.790783558,100.4530446,2,0,2,0,1,2022-11-03 19:00:00,11/3/2022,7:00 PM,81.0,84.0,5.0,29.73,Mostly Cloudy,2022.0,2022,27944,135997,32040,195981
2022,11/05/2022,08:30 PM,4,สงขลา,7.004146693,100.4150082,1,0,1,0,1,2022-11-05 20:30:00,11/5/2022,8:30 PM,75.0,100.0,2.0,29.81,Light Rain,2022.0,2022,7831,25855,2564,36250
2022,11/05/2022,08:30 PM,4,สงขลา,7.004146693,100.4150082,1,0,1,0,1,2022-11-05 20:30:00,11/5/2022,8:30 PM,75.0,100.0,2.0,29.81,Light Rain,2022.0,2022,3871,21357,6123,31351
2022,11/05/2022,08:30 PM,4,สงขลา,7.004146693,100.4150082,1,0,1,0,1,2022-11-05 20:30:00,11/5/2022,8:30 PM,75.0,100.0,2.0,29.81,Light Rain,2022.0,2022,3539,26129,4890,34558
2022,11/05/2022,08:30 PM,4,สงขลา,7.004146693,100.4150082,1,0,1,0,1,2022-11-05 20:30:00,11/5/2022,8:30 PM,75.0,100.0,2.0,29.81,Light Rain,2022.0,2022,3975,21429,7741,33145
2022,11/05/2022,08:30 PM,4,สงขลา,7.004146693,100.4150082,1,0,1,0,1,2022-11-05 20:30:00,11/5/2022,8:30 PM,75.0,100.0,2.0,29.81,Light Rain,2022.0,2022,1577,22537,5995,30109
2022,11/05/2022,08:30 PM,4,สงขลา,7.004146693,100.4150082,1,0,1,0,1,2022-11-05 20:30:00,11/5/2022,8:30 PM,75.0,100.0,2.0,29.81,Light Rain,2022.0,2022,3909,11197,2385,17491
2022,11/05/2022,08:30 PM,4,สงขลา,7.004146693,100.4150082,1,0,1,0,1,2022-11-05 20:30:00,11/5/2022,8:30 PM,75.0,100.0,2.0,29.81,Light Rain,2022.0,2022,3242,7493,2342,13077
2022,11/05/2022,08:30 PM,4,สงขลา,7.004146693,100.4150082,1,0,1,0,1,2022-11-05 20:30:00,11/5/2022,8:30 PM,75.0,100.0,2.0,29.81,Light Rain,2022.0,2022,27944,135997,32040,195981
2022,11/07/2022,05:30 PM,4,สงขลา,6.823370386,100.4596817,1,0,1,0,1,2022-11-07 17:30:00,11/7/2022,5:30 PM,77.0,83.0,3.0,29.7,Showers in the Vicinity,2022.0,2022,7831,25855,2564,36250
2022,11/07/2022,05:30 PM,4,สงขลา,6.823370386,100.4596817,1,0,1,0,1,2022-11-07 17:30:00,11/7/2022,5:30 PM,77.0,83.0,3.0,29.7,Showers in the Vicinity,2022.0,2022,3871,21357,6123,31351
2022,11/07/2022,05:30 PM,4,สงขลา,6.823370386,100.4596817,1,0,1,0,1,2022-11-07 17:30:00,11/7/2022,5:30 PM,77.0,83.0,3.0,29.7,Showers in the Vicinity,2022.0,2022,3539,26129,4890,34558
2022,11/07/2022,05:30 PM,4,สงขลา,6.823370386,100.4596817,1,0,1,0,1,2022-11-07 17:30:00,11/7/2022,5:30 PM,77.0,83.0,3.0,29.7,Showers in the Vicinity,2022.0,2022,3975,21429,7741,33145
2022,11/07/2022,05:30 PM,4,สงขลา,6.823370386,100.4596817,1,0,1,0,1,2022-11-07 17:30:00,11/7/2022,5:30 PM,77.0,83.0,3.0,29.7,Showers in the Vicinity,2022.0,2022,1577,22537,5995,30109
2022,11/07/2022,05:30 PM,4,สงขลา,6.823370386,100.4596817,1,0,1,0,1,2022-11-07 17:30:00,11/7/2022,5:30 PM,77.0,83.0,3.0,29.7,Showers in the Vicinity,2022.0,2022,3909,11197,2385,17491
2022,11/07/2022,05:30 PM,4,สงขลา,6.823370386,100.4596817,1,0,1,0,1,2022-11-07 17:30:00,11/7/2022,5:30 PM,77.0,83.0,3.0,29.7,Showers in the Vicinity,2022.0,2022,3242,7493,2342,13077
2022,11/07/2022,05:30 PM,4,สงขลา,6.823370386,100.4596817,1,0,1,0,1,2022-11-07 17:30:00,11/7/2022,5:30 PM,77.0,83.0,3.0,29.7,Showers in the Vicinity,2022.0,2022,27944,135997,32040,195981
2022,11/10/2022,07:00 PM,4,สงขลา,6.558857392,100.4128236,2,0,2,0,1,2022-11-10 19:00:00,11/10/2022,7:00 PM,75.0,94.0,3.0,29.73,Light Rain,2022.0,2022,7831,25855,2564,36250
2022,11/10/2022,07:00 PM,4,สงขลา,6.558857392,100.4128236,2,0,2,0,1,2022-11-10 19:00:00,11/10/2022,7:00 PM,75.0,94.0,3.0,29.73,Light Rain,2022.0,2022,3871,21357,6123,31351
2022,11/10/2022,07:00 PM,4,สงขลา,6.558857392,100.4128236,2,0,2,0,1,2022-11-10 19:00:00,11/10/2022,7:00 PM,75.0,94.0,3.0,29.73,Light Rain,2022.0,2022,3539,26129,4890,34558
2022,11/10/2022,07:00 PM,4,สงขลา,6.558857392,100.4128236,2,0,2,0,1,2022-11-10 19:00:00,11/10/2022,7:00 PM,75.0,94.0,3.0,29.73,Light Rain,2022.0,2022,3975,21429,7741,33145
2022,11/10/2022,07:00 PM,4,สงขลา,6.558857392,100.4128236,2,0,2,0,1,2022-11-10 19:00:00,11/10/2022,7:00 PM,75.0,94.0,3.0,29.73,Light Rain,2022.0,2022,1577,22537,5995,30109
2022,11/10/2022,07:00 PM,4,สงขลา,6.558857392,100.4128236,2,0,2,0,1,2022-11-10 19:00:00,11/10/2022,7:00 PM,75.0,94.0,3.0,29.73,Light Rain,2022.0,2022,3909,11197,2385,17491
2022,11/10/2022,07:00 PM,4,สงขลา,6.558857392,100.4128236,2,0,2,0,1,2022-11-10 19:00:00,11/10/2022,7:00 PM,75.0,94.0,3.0,29.73,Light Rain,2022.0,2022,3242,7493,2342,13077
2022,11/10/2022,07:00 PM,4,สงขลา,6.558857392,100.4128236,2,0,2,0,1,2022-11-10 19:00:00,11/10/2022,7:00 PM,75.0,94.0,3.0,29.73,Light Rain,2022.0,2022,27944,135997,32040,195981
2022,16/11/2022,12:30 PM,4,สงขลา,6.593711179,100.4152456,2,0,2,0,1,2022-11-16 12:30:00,11/16/2022,12:30 PM,88.0,66.0,6.0,29.67,Partly Cloudy,2022.0,2022,7831,25855,2564,36250
2022,16/11/2022,12:30 PM,4,สงขลา,6.593711179,100.4152456,2,0,2,0,1,2022-11-16 12:30:00,11/16/2022,12:30 PM,88.0,66.0,6.0,29.67,Partly Cloudy,2022.0,2022,3871,21357,6123,31351
2022,16/11/2022,12:30 PM,4,สงขลา,6.593711179,100.4152456,2,0,2,0,1,2022-11-16 12:30:00,11/16/2022,12:30 PM,88.0,66.0,6.0,29.67,Partly Cloudy,2022.0,2022,3539,26129,4890,34558
2022,16/11/2022,12:30 PM,4,สงขลา,6.593711179,100.4152456,2,0,2,0,1,2022-11-16 12:30:00,11/16/2022,12:30 PM,88.0,66.0,6.0,29.67,Partly Cloudy,2022.0,2022,3975,21429,7741,33145
2022,16/11/2022,12:30 PM,4,สงขลา,6.593711179,100.4152456,2,0,2,0,1,2022-11-16 12:30:00,11/16/2022,12:30 PM,88.0,66.0,6.0,29.67,Partly Cloudy,2022.0,2022,1577,22537,5995,30109
2022,16/11/2022,12:30 PM,4,สงขลา,6.593711179,100.4152456,2,0,2,0,1,2022-11-16 12:30:00,11/16/2022,12:30 PM,88.0,66.0,6.0,29.67,Partly Cloudy,2022.0,2022,3909,11197,2385,17491
2022,16/11/2022,12:30 PM,4,สงขลา,6.593711179,100.4152456,2,0,2,0,1,2022-11-16 12:30:00,11/16/2022,12:30 PM,88.0,66.0,6.0,29.67,Partly Cloudy,2022.0,2022,3242,7493,2342,13077
2022,16/11/2022,12:30 PM,4,สงขลา,6.593711179,100.4152456,2,0,2,0,1,2022-11-16 12:30:00,11/16/2022,12:30 PM,88.0,66.0,6.0,29.67,Partly Cloudy,2022.0,2022,27944,135997,32040,195981
2022,14/12/2022,12:00 AM,4,สงขลา,6.796327376,100.4532512,2,0,2,0,1,2022-12-14 00:00:00,12/14/2022,12:00 AM,77.0,94.0,6.0,29.73,Light Rain,2022.0,2022,7831,25855,2564,36250
2022,14/12/2022,12:00 AM,4,สงขลา,6.796327376,100.4532512,2,0,2,0,1,2022-12-14 00:00:00,12/14/2022,12:00 AM,77.0,94.0,6.0,29.73,Light Rain,2022.0,2022,3871,21357,6123,31351
2022,14/12/2022,12:00 AM,4,สงขลา,6.796327376,100.4532512,2,0,2,0,1,2022-12-14 00:00:00,12/14/2022,12:00 AM,77.0,94.0,6.0,29.73,Light Rain,2022.0,2022,3539,26129,4890,34558
2022,14/12/2022,12:00 AM,4,สงขลา,6.796327376,100.4532512,2,0,2,0,1,2022-12-14 00:00:00,12/14/2022,12:00 AM,77.0,94.0,6.0,29.73,Light Rain,2022.0,2022,3975,21429,7741,33145
2022,14/12/2022,12:00 AM,4,สงขลา,6.796327376,100.4532512,2,0,2,0,1,2022-12-14 00:00:00,12/14/2022,12:00 AM,77.0,94.0,6.0,29.73,Light Rain,2022.0,2022,1577,22537,5995,30109
2022,14/12/2022,12:00 AM,4,สงขลา,6.796327376,100.4532512,2,0,2,0,1,2022-12-14 00:00:00,12/14/2022,12:00 AM,77.0,94.0,6.0,29.73,Light Rain,2022.0,2022,3909,11197,2385,17491
2022,14/12/2022,12:00 AM,4,สงขลา,6.796327376,100.4532512,2,0,2,0,1,2022-12-14 00:00:00,12/14/2022,12:00 AM,77.0,94.0,6.0,29.73,Light Rain,2022.0,2022,3242,7493,2342,13077
2022,14/12/2022,12:00 AM,4,สงขลา,6.796327376,100.4532512,2,0,2,0,1,2022-12-14 00:00:00,12/14/2022,12:00 AM,77.0,94.0,6.0,29.73,Light Rain,2022.0,2022,27944,135997,32040,195981
2022,25/12/2022,04:30 AM,4,สงขลา,6.601974955,100.4173525,1,0,1,0,1,2022-12-25 04:30:00,12/25/2022,4:30 AM,72.0,100.0,3.0,29.76,Fair,2022.0,2022,7831,25855,2564,36250
2022,25/12/2022,04:30 AM,4,สงขลา,6.601974955,100.4173525,1,0,1,0,1,2022-12-25 04:30:00,12/25/2022,4:30 AM,72.0,100.0,3.0,29.76,Fair,2022.0,2022,3871,21357,6123,31351
2022,25/12/2022,04:30 AM,4,สงขลา,6.601974955,100.4173525,1,0,1,0,1,2022-12-25 04:30:00,12/25/2022,4:30 AM,72.0,100.0,3.0,29.76,Fair,2022.0,2022,3539,26129,4890,34558
2022,25/12/2022,04:30 AM,4,สงขลา,6.601974955,100.4173525,1,0,1,0,1,2022-12-25 04:30:00,12/25/2022,4:30 AM,72.0,100.0,3.0,29.76,Fair,2022.0,2022,3975,21429,7741,33145
2022,25/12/2022,04:30 AM,4,สงขลา,6.601974955,100.4173525,1,0,1,0,1,2022-12-25 04:30:00,12/25/2022,4:30 AM,72.0,100.0,3.0,29.76,Fair,2022.0,2022,1577,22537,5995,30109
2022,25/12/2022,04:30 AM,4,สงขลา,6.601974955,100.4173525,1,0,1,0,1,2022-12-25 04:30:00,12/25/2022,4:30 AM,72.0,100.0,3.0,29.76,Fair,2022.0,2022,3909,11197,2385,17491
2022,25/12/2022,04:30 AM,4,สงขลา,6.601974955,100.4173525,1,0,1,0,1,2022-12-25 04:30:00,12/25/2022,4:30 AM,72.0,100.0,3.0,29.76,Fair,2022.0,2022,3242,7493,2342,13077
2022,25/12/2022,04:30 AM,4,สงขลา,6.601974955,100.4173525,1,0,1,0,1,2022-12-25 04:30:00,12/25/2022,4:30 AM,72.0,100.0,3.0,29.76,Fair,2022.0,2022,27944,135997,32040,195981
2022,31/12/2022,08:30 PM,4,สงขลา,6.985322739,100.443632,2,0,2,0,1,2022-12-31 20:30:00,12/31/2022,8:30 PM,77.0,89.0,3.0,29.84,Mostly Cloudy,2022.0,2022,7831,25855,2564,36250
2022,31/12/2022,08:30 PM,4,สงขลา,6.985322739,100.443632,2,0,2,0,1,2022-12-31 20:30:00,12/31/2022,8:30 PM,77.0,89.0,3.0,29.84,Mostly Cloudy,2022.0,2022,3871,21357,6123,31351
2022,31/12/2022,08:30 PM,4,สงขลา,6.985322739,100.443632,2,0,2,0,1,2022-12-31 20:30:00,12/31/2022,8:30 PM,77.0,89.0,3.0,29.84,Mostly Cloudy,2022.0,2022,3539,26129,4890,34558
2022,31/12/2022,08:30 PM,4,สงขลา,6.985322739,100.443632,2,0,2,0,1,2022-12-31 20:30:00,12/31/2022,8:30 PM,77.0,89.0,3.0,29.84,Mostly Cloudy,2022.0,2022,3975,21429,7741,33145
2022,31/12/2022,08:30 PM,4,สงขลา,6.985322739,100.443632,2,0,2,0,1,2022-12-31 20:30:00,12/31/2022,8:30 PM,77.0,89.0,3.0,29.84,Mostly Cloudy,2022.0,2022,1577,22537,5995,30109
2022,31/12/2022,08:30 PM,4,สงขลา,6.985322739,100.443632,2,0,2,0,1,2022-12-31 20:30:00,12/31/2022,8:30 PM,77.0,89.0,3.0,29.84,Mostly Cloudy,2022.0,2022,3909,11197,2385,17491
2022,31/12/2022,08:30 PM,4,สงขลา,6.985322739,100.443632,2,0,2,0,1,2022-12-31 20:30:00,12/31/2022,8:30 PM,77.0,89.0,3.0,29.84,Mostly Cloudy,2022.0,2022,3242,7493,2342,13077
2022,31/12/2022,08:30 PM,4,สงขลา,6.985322739,100.443632,2,0,2,0,1,2022-12-31 20:30:00,12/31/2022,8:30 PM,77.0,89.0,3.0,29.84,Mostly Cloudy,2022.0,2022,27944,135997,32040,195981
2023,01/02/2023,09:00 AM,4,สงขลา,6.938055334,100.4701775,1,0,1,0,1,2023-01-02 09:00:00,1/2/2023,9:00 AM,79.0,89.0,2.0,29.87,Partly Cloudy,2023.0,2023,9604,26234,2814,38652
2023,01/02/2023,09:00 AM,4,สงขลา,6.938055334,100.4701775,1,0,1,0,1,2023-01-02 09:00:00,1/2/2023,9:00 AM,79.0,89.0,2.0,29.87,Partly Cloudy,2023.0,2023,5509,27349,3537,36395
2023,01/02/2023,09:00 AM,4,สงขลา,6.938055334,100.4701775,1,0,1,0,1,2023-01-02 09:00:00,1/2/2023,9:00 AM,79.0,89.0,2.0,29.87,Partly Cloudy,2023.0,2023,4371,22161,8063,34595
2023,01/02/2023,09:00 AM,4,สงขลา,6.938055334,100.4701775,1,0,1,0,1,2023-01-02 09:00:00,1/2/2023,9:00 AM,79.0,89.0,2.0,29.87,Partly Cloudy,2023.0,2023,4491,23870,9992,38353
2023,01/02/2023,09:00 AM,4,สงขลา,6.938055334,100.4701775,1,0,1,0,1,2023-01-02 09:00:00,1/2/2023,9:00 AM,79.0,89.0,2.0,29.87,Partly Cloudy,2023.0,2023,1303,27089,4332,32724
2023,01/02/2023,09:00 AM,4,สงขลา,6.938055334,100.4701775,1,0,1,0,1,2023-01-02 09:00:00,1/2/2023,9:00 AM,79.0,89.0,2.0,29.87,Partly Cloudy,2023.0,2023,3702,13312,2629,19643
2023,01/02/2023,09:00 AM,4,สงขลา,6.938055334,100.4701775,1,0,1,0,1,2023-01-02 09:00:00,1/2/2023,9:00 AM,79.0,89.0,2.0,29.87,Partly Cloudy,2023.0,2023,2658,8859,2407,13924
2023,01/02/2023,09:00 AM,4,สงขลา,6.938055334,100.4701775,1,0,1,0,1,2023-01-02 09:00:00,1/2/2023,9:00 AM,79.0,89.0,2.0,29.87,Partly Cloudy,2023.0,2023,31638,148874,33774,214286
2023,14/01/2023,10:00 AM,4,สงขลา,6.585809638,100.4131655,2,0,1,1,1,2023-01-14 10:00:00,1/14/2023,10:00 AM,84.0,84.0,3.0,29.79,Partly Cloudy,2023.0,2023,9604,26234,2814,38652
2023,14/01/2023,10:00 AM,4,สงขลา,6.585809638,100.4131655,2,0,1,1,1,2023-01-14 10:00:00,1/14/2023,10:00 AM,84.0,84.0,3.0,29.79,Partly Cloudy,2023.0,2023,5509,27349,3537,36395
2023,14/01/2023,10:00 AM,4,สงขลา,6.585809638,100.4131655,2,0,1,1,1,2023-01-14 10:00:00,1/14/2023,10:00 AM,84.0,84.0,3.0,29.79,Partly Cloudy,2023.0,2023,4371,22161,8063,34595
2023,14/01/2023,10:00 AM,4,สงขลา,6.585809638,100.4131655,2,0,1,1,1,2023-01-14 10:00:00,1/14/2023,10:00 AM,84.0,84.0,3.0,29.79,Partly Cloudy,2023.0,2023,4491,23870,9992,38353
2023,14/01/2023,10:00 AM,4,สงขลา,6.585809638,100.4131655,2,0,1,1,1,2023-01-14 10:00:00,1/14/2023,10:00 AM,84.0,84.0,3.0,29.79,Partly Cloudy,2023.0,2023,1303,27089,4332,32724
2023,14/01/2023,10:00 AM,4,สงขลา,6.585809638,100.4131655,2,0,1,1,1,2023-01-14 10:00:00,1/14/2023,10:00 AM,84.0,84.0,3.0,29.79,Partly Cloudy,2023.0,2023,3702,13312,2629,19643
2023,14/01/2023,10:00 AM,4,สงขลา,6.585809638,100.4131655,2,0,1,1,1,2023-01-14 10:00:00,1/14/2023,10:00 AM,84.0,84.0,3.0,29.79,Partly Cloudy,2023.0,2023,2658,8859,2407,13924
2023,14/01/2023,10:00 AM,4,สงขลา,6.585809638,100.4131655,2,0,1,1,1,2023-01-14 10:00:00,1/14/2023,10:00 AM,84.0,84.0,3.0,29.79,Partly Cloudy,2023.0,2023,31638,148874,33774,214286
2023,31/01/2023,06:00 PM,4,สงขลา,6.801137383,100.4532243,2,0,2,0,1,2023-01-31 18:00:00,1/31/2023,6:00 PM,81.0,79.0,9.0,29.7,Mostly Cloudy,2023.0,2023,9604,26234,2814,38652
2023,31/01/2023,06:00 PM,4,สงขลา,6.801137383,100.4532243,2,0,2,0,1,2023-01-31 18:00:00,1/31/2023,6:00 PM,81.0,79.0,9.0,29.7,Mostly Cloudy,2023.0,2023,5509,27349,3537,36395
2023,31/01/2023,06:00 PM,4,สงขลา,6.801137383,100.4532243,2,0,2,0,1,2023-01-31 18:00:00,1/31/2023,6:00 PM,81.0,79.0,9.0,29.7,Mostly Cloudy,2023.0,2023,4371,22161,8063,34595
2023,31/01/2023,06:00 PM,4,สงขลา,6.801137383,100.4532243,2,0,2,0,1,2023-01-31 18:00:00,1/31/2023,6:00 PM,81.0,79.0,9.0,29.7,Mostly Cloudy,2023.0,2023,4491,23870,9992,38353
2023,31/01/2023,06:00 PM,4,สงขลา,6.801137383,100.4532243,2,0,2,0,1,2023-01-31 18:00:00,1/31/2023,6:00 PM,81.0,79.0,9.0,29.7,Mostly Cloudy,2023.0,2023,1303,27089,4332,32724
2023,31/01/2023,06:00 PM,4,สงขลา,6.801137383,100.4532243,2,0,2,0,1,2023-01-31 18:00:00,1/31/2023,6:00 PM,81.0,79.0,9.0,29.7,Mostly Cloudy,2023.0,2023,3702,13312,2629,19643
2023,31/01/2023,06:00 PM,4,สงขลา,6.801137383,100.4532243,2,0,2,0,1,2023-01-31 18:00:00,1/31/2023,6:00 PM,81.0,79.0,9.0,29.7,Mostly Cloudy,2023.0,2023,2658,8859,2407,13924
2023,31/01/2023,06:00 PM,4,สงขลา,6.801137383,100.4532243,2,0,2,0,1,2023-01-31 18:00:00,1/31/2023,6:00 PM,81.0,79.0,9.0,29.7,Mostly Cloudy,2023.0,2023,31638,148874,33774,214286
2023,02/01/2023,01:30 AM,4,สงขลา,6.777963149,100.452881,2,1,1,0,1,2023-02-01 01:30:00,2/1/2023,1:30 AM,75.0,94.0,2.0,29.73,Mostly Cloudy,2023.0,2023,9604,26234,2814,38652
2023,02/01/2023,01:30 AM,4,สงขลา,6.777963149,100.452881,2,1,1,0,1,2023-02-01 01:30:00,2/1/2023,1:30 AM,75.0,94.0,2.0,29.73,Mostly Cloudy,2023.0,2023,5509,27349,3537,36395
2023,02/01/2023,01:30 AM,4,สงขลา,6.777963149,100.452881,2,1,1,0,1,2023-02-01 01:30:00,2/1/2023,1:30 AM,75.0,94.0,2.0,29.73,Mostly Cloudy,2023.0,2023,4371,22161,8063,34595
2023,02/01/2023,01:30 AM,4,สงขลา,6.777963149,100.452881,2,1,1,0,1,2023-02-01 01:30:00,2/1/2023,1:30 AM,75.0,94.0,2.0,29.73,Mostly Cloudy,2023.0,2023,4491,23870,9992,38353
2023,02/01/2023,01:30 AM,4,สงขลา,6.777963149,100.452881,2,1,1,0,1,2023-02-01 01:30:00,2/1/2023,1:30 AM,75.0,94.0,2.0,29.73,Mostly Cloudy,2023.0,2023,1303,27089,4332,32724
2023,02/01/2023,01:30 AM,4,สงขลา,6.777963149,100.452881,2,1,1,0,1,2023-02-01 01:30:00,2/1/2023,1:30 AM,75.0,94.0,2.0,29.73,Mostly Cloudy,2023.0,2023,3702,13312,2629,19643
2023,02/01/2023,01:30 AM,4,สงขลา,6.777963149,100.452881,2,1,1,0,1,2023-02-01 01:30:00,2/1/2023,1:30 AM,75.0,94.0,2.0,29.73,Mostly Cloudy,2023.0,2023,2658,8859,2407,13924
2023,02/01/2023,01:30 AM,4,สงขลา,6.777963149,100.452881,2,1,1,0,1,2023-02-01 01:30:00,2/1/2023,1:30 AM,75.0,94.0,2.0,29.73,Mostly Cloudy,2023.0,2023,31638,148874,33774,214286
2023,02/02/2023,05:00 AM,4,สงขลา,6.740458802,100.4511255,1,0,1,0,1,2023-02-02 05:00:00,2/2/2023,5:00 AM,73.0,94.0,0.0,29.7,Mostly Cloudy,2023.0,2023,9604,26234,2814,38652
2023,02/02/2023,05:00 AM,4,สงขลา,6.740458802,100.4511255,1,0,1,0,1,2023-02-02 05:00:00,2/2/2023,5:00 AM,73.0,94.0,0.0,29.7,Mostly Cloudy,2023.0,2023,5509,27349,3537,36395
2023,02/02/2023,05:00 AM,4,สงขลา,6.740458802,100.4511255,1,0,1,0,1,2023-02-02 05:00:00,2/2/2023,5:00 AM,73.0,94.0,0.0,29.7,Mostly Cloudy,2023.0,2023,4371,22161,8063,34595
2023,02/02/2023,05:00 AM,4,สงขลา,6.740458802,100.4511255,1,0,1,0,1,2023-02-02 05:00:00,2/2/2023,5:00 AM,73.0,94.0,0.0,29.7,Mostly Cloudy,2023.0,2023,4491,23870,9992,38353
2023,02/02/2023,05:00 AM,4,สงขลา,6.740458802,100.4511255,1,0,1,0,1,2023-02-02 05:00:00,2/2/2023,5:00 AM,73.0,94.0,0.0,29.7,Mostly Cloudy,2023.0,2023,1303,27089,4332,32724
2023,02/02/2023,05:00 AM,4,สงขลา,6.740458802,100.4511255,1,0,1,0,1,2023-02-02 05:00:00,2/2/2023,5:00 AM,73.0,94.0,0.0,29.7,Mostly Cloudy,2023.0,2023,3702,13312,2629,19643
2023,02/02/2023,05:00 AM,4,สงขลา,6.740458802,100.4511255,1,0,1,0,1,2023-02-02 05:00:00,2/2/2023,5:00 AM,73.0,94.0,0.0,29.7,Mostly Cloudy,2023.0,2023,2658,8859,2407,13924
2023,02/02/2023,05:00 AM,4,สงขลา,6.740458802,100.4511255,1,0,1,0,1,2023-02-02 05:00:00,2/2/2023,5:00 AM,73.0,94.0,0.0,29.7,Mostly Cloudy,2023.0,2023,31638,148874,33774,214286
2023,02/06/2023,08:00 AM,4,สงขลา,6.982027166,100.4570885,2,0,2,0,1,2023-02-06 08:00:00,2/6/2023,8:00 AM,77.0,94.0,1.0,29.76,Mostly Cloudy,2023.0,2023,9604,26234,2814,38652
2023,02/06/2023,08:00 AM,4,สงขลา,6.982027166,100.4570885,2,0,2,0,1,2023-02-06 08:00:00,2/6/2023,8:00 AM,77.0,94.0,1.0,29.76,Mostly Cloudy,2023.0,2023,5509,27349,3537,36395
2023,02/06/2023,08:00 AM,4,สงขลา,6.982027166,100.4570885,2,0,2,0,1,2023-02-06 08:00:00,2/6/2023,8:00 AM,77.0,94.0,1.0,29.76,Mostly Cloudy,2023.0,2023,4371,22161,8063,34595
2023,02/06/2023,08:00 AM,4,สงขลา,6.982027166,100.4570885,2,0,2,0,1,2023-02-06 08:00:00,2/6/2023,8:00 AM,77.0,94.0,1.0,29.76,Mostly Cloudy,2023.0,2023,4491,23870,9992,38353
2023,02/06/2023,08:00 AM,4,สงขลา,6.982027166,100.4570885,2,0,2,0,1,2023-02-06 08:00:00,2/6/2023,8:00 AM,77.0,94.0,1.0,29.76,Mostly Cloudy,2023.0,2023,1303,27089,4332,32724
2023,02/06/2023,08:00 AM,4,สงขลา,6.982027166,100.4570885,2,0,2,0,1,2023-02-06 08:00:00,2/6/2023,8:00 AM,77.0,94.0,1.0,29.76,Mostly Cloudy,2023.0,2023,3702,13312,2629,19643
2023,02/06/2023,08:00 AM,4,สงขลา,6.982027166,100.4570885,2,0,2,0,1,2023-02-06 08:00:00,2/6/2023,8:00 AM,77.0,94.0,1.0,29.76,Mostly Cloudy,2023.0,2023,2658,8859,2407,13924
2023,02/06/2023,08:00 AM,4,สงขลา,6.982027166,100.4570885,2,0,2,0,1,2023-02-06 08:00:00,2/6/2023,8:00 AM,77.0,94.0,1.0,29.76,Mostly Cloudy,2023.0,2023,31638,148874,33774,214286
2023,13/02/2023,08:30 AM,4,สงขลา,6.650046937,100.4283536,2,0,2,0,1,2023-02-13 08:30:00,2/13/2023,8:30 AM,79.0,89.0,1.0,29.79,Fair,2023.0,2023,9604,26234,2814,38652
2023,13/02/2023,08:30 AM,4,สงขลา,6.650046937,100.4283536,2,0,2,0,1,2023-02-13 08:30:00,2/13/2023,8:30 AM,79.0,89.0,1.0,29.79,Fair,2023.0,2023,5509,27349,3537,36395
2023,13/02/2023,08:30 AM,4,สงขลา,6.650046937,100.4283536,2,0,2,0,1,2023-02-13 08:30:00,2/13/2023,8:30 AM,79.0,89.0,1.0,29.79,Fair,2023.0,2023,4371,22161,8063,34595
2023,13/02/2023,08:30 AM,4,สงขลา,6.650046937,100.4283536,2,0,2,0,1,2023-02-13 08:30:00,2/13/2023,8:30 AM,79.0,89.0,1.0,29.79,Fair,2023.0,2023,4491,23870,9992,38353
2023,13/02/2023,08:30 AM,4,สงขลา,6.650046937,100.4283536,2,0,2,0,1,2023-02-13 08:30:00,2/13/2023,8:30 AM,79.0,89.0,1.0,29.79,Fair,2023.0,2023,1303,27089,4332,32724
2023,13/02/2023,08:30 AM,4,สงขลา,6.650046937,100.4283536,2,0,2,0,1,2023-02-13 08:30:00,2/13/2023,8:30 AM,79.0,89.0,1.0,29.79,Fair,2023.0,2023,3702,13312,2629,19643
2023,13/02/2023,08:30 AM,4,สงขลา,6.650046937,100.4283536,2,0,2,0,1,2023-02-13 08:30:00,2/13/2023,8:30 AM,79.0,89.0,1.0,29.79,Fair,2023.0,2023,2658,8859,2407,13924
2023,13/02/2023,08:30 AM,4,สงขลา,6.650046937,100.4283536,2,0,2,0,1,2023-02-13 08:30:00,2/13/2023,8:30 AM,79.0,89.0,1.0,29.79,Fair,2023.0,2023,31638,148874,33774,214286
2023,14/02/2023,03:00 PM,4,สงขลา,6.789442538,100.4529333,3,0,3,0,1,2023-02-14 15:00:00,2/14/2023,3:00 PM,88.0,62.0,13.0,29.67,Partly Cloudy,2023.0,2023,9604,26234,2814,38652
2023,14/02/2023,03:00 PM,4,สงขลา,6.789442538,100.4529333,3,0,3,0,1,2023-02-14 15:00:00,2/14/2023,3:00 PM,88.0,62.0,13.0,29.67,Partly Cloudy,2023.0,2023,5509,27349,3537,36395
2023,14/02/2023,03:00 PM,4,สงขลา,6.789442538,100.4529333,3,0,3,0,1,2023-02-14 15:00:00,2/14/2023,3:00 PM,88.0,62.0,13.0,29.67,Partly Cloudy,2023.0,2023,4371,22161,8063,34595
2023,14/02/2023,03:00 PM,4,สงขลา,6.789442538,100.4529333,3,0,3,0,1,2023-02-14 15:00:00,2/14/2023,3:00 PM,88.0,62.0,13.0,29.67,Partly Cloudy,2023.0,2023,4491,23870,9992,38353
2023,14/02/2023,03:00 PM,4,สงขลา,6.789442538,100.4529333,3,0,3,0,1,2023-02-14 15:00:00,2/14/2023,3:00 PM,88.0,62.0,13.0,29.67,Partly Cloudy,2023.0,2023,1303,27089,4332,32724
2023,14/02/2023,03:00 PM,4,สงขลา,6.789442538,100.4529333,3,0,3,0,1,2023-02-14 15:00:00,2/14/2023,3:00 PM,88.0,62.0,13.0,29.67,Partly Cloudy,2023.0,2023,3702,13312,2629,19643
2023,14/02/2023,03:00 PM,4,สงขลา,6.789442538,100.4529333,3,0,3,0,1,2023-02-14 15:00:00,2/14/2023,3:00 PM,88.0,62.0,13.0,29.67,Partly Cloudy,2023.0,2023,2658,8859,2407,13924
2023,14/02/2023,03:00 PM,4,สงขลา,6.789442538,100.4529333,3,0,3,0,1,2023-02-14 15:00:00,2/14/2023,3:00 PM,88.0,62.0,13.0,29.67,Partly Cloudy,2023.0,2023,31638,148874,33774,214286
2023,18/02/2023,06:00 AM,4,สงขลา,6.985343102,100.4434524,3,0,3,0,1,2023-02-18 06:00:00,2/18/2023,6:00 AM,75.0,94.0,2.0,29.76,Mostly Cloudy,2023.0,2023,9604,26234,2814,38652
2023,18/02/2023,06:00 AM,4,สงขลา,6.985343102,100.4434524,3,0,3,0,1,2023-02-18 06:00:00,2/18/2023,6:00 AM,75.0,94.0,2.0,29.76,Mostly Cloudy,2023.0,2023,5509,27349,3537,36395
2023,18/02/2023,06:00 AM,4,สงขลา,6.985343102,100.4434524,3,0,3,0,1,2023-02-18 06:00:00,2/18/2023,6:00 AM,75.0,94.0,2.0,29.76,Mostly Cloudy,2023.0,2023,4371,22161,8063,34595
2023,18/02/2023,06:00 AM,4,สงขลา,6.985343102,100.4434524,3,0,3,0,1,2023-02-18 06:00:00,2/18/2023,6:00 AM,75.0,94.0,2.0,29.76,Mostly Cloudy,2023.0,2023,4491,23870,9992,38353
2023,18/02/2023,06:00 AM,4,สงขลา,6.985343102,100.4434524,3,0,3,0,1,2023-02-18 06:00:00,2/18/2023,6:00 AM,75.0,94.0,2.0,29.76,Mostly Cloudy,2023.0,2023,1303,27089,4332,32724
2023,18/02/2023,06:00 AM,4,สงขลา,6.985343102,100.4434524,3,0,3,0,1,2023-02-18 06:00:00,2/18/2023,6:00 AM,75.0,94.0,2.0,29.76,Mostly Cloudy,2023.0,2023,3702,13312,2629,19643
2023,18/02/2023,06:00 AM,4,สงขลา,6.985343102,100.4434524,3,0,3,0,1,2023-02-18 06:00:00,2/18/2023,6:00 AM,75.0,94.0,2.0,29.76,Mostly Cloudy,2023.0,2023,2658,8859,2407,13924
2023,18/02/2023,06:00 AM,4,สงขลา,6.985343102,100.4434524,3,0,3,0,1,2023-02-18 06:00:00,2/18/2023,6:00 AM,75.0,94.0,2.0,29.76,Mostly Cloudy,2023.0,2023,31638,148874,33774,214286
2023,03/01/2023,06:30 PM,4,สงขลา,6.784871806,100.4530303,1,0,1,0,1,2023-03-01 18:30:00,3/1/2023,6:30 PM,77.0,94.0,3.0,29.81,Mostly Cloudy,2023.0,2023,9604,26234,2814,38652
2023,03/01/2023,06:30 PM,4,สงขลา,6.784871806,100.4530303,1,0,1,0,1,2023-03-01 18:30:00,3/1/2023,6:30 PM,77.0,94.0,3.0,29.81,Mostly Cloudy,2023.0,2023,5509,27349,3537,36395
2023,03/01/2023,06:30 PM,4,สงขลา,6.784871806,100.4530303,1,0,1,0,1,2023-03-01 18:30:00,3/1/2023,6:30 PM,77.0,94.0,3.0,29.81,Mostly Cloudy,2023.0,2023,4371,22161,8063,34595
2023,03/01/2023,06:30 PM,4,สงขลา,6.784871806,100.4530303,1,0,1,0,1,2023-03-01 18:30:00,3/1/2023,6:30 PM,77.0,94.0,3.0,29.81,Mostly Cloudy,2023.0,2023,4491,23870,9992,38353
2023,03/01/2023,06:30 PM,4,สงขลา,6.784871806,100.4530303,1,0,1,0,1,2023-03-01 18:30:00,3/1/2023,6:30 PM,77.0,94.0,3.0,29.81,Mostly Cloudy,2023.0,2023,1303,27089,4332,32724
2023,03/01/2023,06:30 PM,4,สงขลา,6.784871806,100.4530303,1,0,1,0,1,2023-03-01 18:30:00,3/1/2023,6:30 PM,77.0,94.0,3.0,29.81,Mostly Cloudy,2023.0,2023,3702,13312,2629,19643
2023,03/01/2023,06:30 PM,4,สงขลา,6.784871806,100.4530303,1,0,1,0,1,2023-03-01 18:30:00,3/1/2023,6:30 PM,77.0,94.0,3.0,29.81,Mostly Cloudy,2023.0,2023,2658,8859,2407,13924
2023,03/01/2023,06:30 PM,4,สงขลา,6.784871806,100.4530303,1,0,1,0,1,2023-03-01 18:30:00,3/1/2023,6:30 PM,77.0,94.0,3.0,29.81,Mostly Cloudy,2023.0,2023,31638,148874,33774,214286
2023,03/02/2023,09:00 AM,4,สงขลา,6.546542541,100.4150914,2,0,1,1,1,2023-03-02 09:00:00,3/2/2023,9:00 AM,81.0,89.0,9.0,29.84,Partly Cloudy,2023.0,2023,9604,26234,2814,38652
2023,03/02/2023,09:00 AM,4,สงขลา,6.546542541,100.4150914,2,0,1,1,1,2023-03-02 09:00:00,3/2/2023,9:00 AM,81.0,89.0,9.0,29.84,Partly Cloudy,2023.0,2023,5509,27349,3537,36395
2023,03/02/2023,09:00 AM,4,สงขลา,6.546542541,100.4150914,2,0,1,1,1,2023-03-02 09:00:00,3/2/2023,9:00 AM,81.0,89.0,9.0,29.84,Partly Cloudy,2023.0,2023,4371,22161,8063,34595
2023,03/02/2023,09:00 AM,4,สงขลา,6.546542541,100.4150914,2,0,1,1,1,2023-03-02 09:00:00,3/2/2023,9:00 AM,81.0,89.0,9.0,29.84,Partly Cloudy,2023.0,2023,4491,23870,9992,38353
2023,03/02/2023,09:00 AM,4,สงขลา,6.546542541,100.4150914,2,0,1,1,1,2023-03-02 09:00:00,3/2/2023,9:00 AM,81.0,89.0,9.0,29.84,Partly Cloudy,2023.0,2023,1303,27089,4332,32724
2023,03/02/2023,09:00 AM,4,สงขลา,6.546542541,100.4150914,2,0,1,1,1,2023-03-02 09:00:00,3/2/2023,9:00 AM,81.0,89.0,9.0,29.84,Partly Cloudy,2023.0,2023,3702,13312,2629,19643
2023,03/02/2023,09:00 AM,4,สงขลา,6.546542541,100.4150914,2,0,1,1,1,2023-03-02 09:00:00,3/2/2023,9:00 AM,81.0,89.0,9.0,29.84,Partly Cloudy,2023.0,2023,2658,8859,2407,13924
2023,03/02/2023,09:00 AM,4,สงขลา,6.546542541,100.4150914,2,0,1,1,1,2023-03-02 09:00:00,3/2/2023,9:00 AM,81.0,89.0,9.0,29.84,Partly Cloudy,2023.0,2023,31638,148874,33774,214286
2023,03/04/2023,10:00 AM,4,สงขลา,6.789188183,100.4530232,2,0,0,2,1,2023-03-04 10:00:00,3/4/2023,10:00 AM,84.0,74.0,9.0,29.93,Mostly Cloudy,2023.0,2023,9604,26234,2814,38652
2023,03/04/2023,10:00 AM,4,สงขลา,6.789188183,100.4530232,2,0,0,2,1,2023-03-04 10:00:00,3/4/2023,10:00 AM,84.0,74.0,9.0,29.93,Mostly Cloudy,2023.0,2023,5509,27349,3537,36395
2023,03/04/2023,10:00 AM,4,สงขลา,6.789188183,100.4530232,2,0,0,2,1,2023-03-04 10:00:00,3/4/2023,10:00 AM,84.0,74.0,9.0,29.93,Mostly Cloudy,2023.0,2023,4371,22161,8063,34595
2023,03/04/2023,10:00 AM,4,สงขลา,6.789188183,100.4530232,2,0,0,2,1,2023-03-04 10:00:00,3/4/2023,10:00 AM,84.0,74.0,9.0,29.93,Mostly Cloudy,2023.0,2023,4491,23870,9992,38353
2023,03/04/2023,10:00 AM,4,สงขลา,6.789188183,100.4530232,2,0,0,2,1,2023-03-04 10:00:00,3/4/2023,10:00 AM,84.0,74.0,9.0,29.93,Mostly Cloudy,2023.0,2023,1303,27089,4332,32724
2023,03/04/2023,10:00 AM,4,สงขลา,6.789188183,100.4530232,2,0,0,2,1,2023-03-04 10:00:00,3/4/2023,10:00 AM,84.0,74.0,9.0,29.93,Mostly Cloudy,2023.0,2023,3702,13312,2629,19643
2023,03/04/2023,10:00 AM,4,สงขลา,6.789188183,100.4530232,2,0,0,2,1,2023-03-04 10:00:00,3/4/2023,10:00 AM,84.0,74.0,9.0,29.93,Mostly Cloudy,2023.0,2023,2658,8859,2407,13924
2023,03/04/2023,10:00 AM,4,สงขลา,6.789188183,100.4530232,2,0,0,2,1,2023-03-04 10:00:00,3/4/2023,10:00 AM,84.0,74.0,9.0,29.93,Mostly Cloudy,2023.0,2023,31638,148874,33774,214286
2023,03/05/2023,01:30 PM,4,สงขลา,6.902287712,100.4695714,1,0,1,0,1,2023-03-05 13:30:00,3/5/2023,1:30 PM,88.0,52.0,18.0,29.84,Fair,2023.0,2023,9604,26234,2814,38652
2023,03/05/2023,01:30 PM,4,สงขลา,6.902287712,100.4695714,1,0,1,0,1,2023-03-05 13:30:00,3/5/2023,1:30 PM,88.0,52.0,18.0,29.84,Fair,2023.0,2023,5509,27349,3537,36395
2023,03/05/2023,01:30 PM,4,สงขลา,6.902287712,100.4695714,1,0,1,0,1,2023-03-05 13:30:00,3/5/2023,1:30 PM,88.0,52.0,18.0,29.84,Fair,2023.0,2023,4371,22161,8063,34595
2023,03/05/2023,01:30 PM,4,สงขลา,6.902287712,100.4695714,1,0,1,0,1,2023-03-05 13:30:00,3/5/2023,1:30 PM,88.0,52.0,18.0,29.84,Fair,2023.0,2023,4491,23870,9992,38353
2023,03/05/2023,01:30 PM,4,สงขลา,6.902287712,100.4695714,1,0,1,0,1,2023-03-05 13:30:00,3/5/2023,1:30 PM,88.0,52.0,18.0,29.84,Fair,2023.0,2023,1303,27089,4332,32724
2023,03/05/2023,01:30 PM,4,สงขลา,6.902287712,100.4695714,1,0,1,0,1,2023-03-05 13:30:00,3/5/2023,1:30 PM,88.0,52.0,18.0,29.84,Fair,2023.0,2023,3702,13312,2629,19643
2023,03/05/2023,01:30 PM,4,สงขลา,6.902287712,100.4695714,1,0,1,0,1,2023-03-05 13:30:00,3/5/2023,1:30 PM,88.0,52.0,18.0,29.84,Fair,2023.0,2023,2658,8859,2407,13924
2023,03/05/2023,01:30 PM,4,สงขลา,6.902287712,100.4695714,1,0,1,0,1,2023-03-05 13:30:00,3/5/2023,1:30 PM,88.0,52.0,18.0,29.84,Fair,2023.0,2023,31638,148874,33774,214286
2023,03/06/2023,07:00 AM,4,สงขลา,6.567087108,100.4113711,1,0,1,0,1,2023-03-06 07:00:00,3/6/2023,7:00 AM,68.0,100.0,0.0,29.84,Partly Cloudy,2023.0,2023,9604,26234,2814,38652
2023,03/06/2023,07:00 AM,4,สงขลา,6.567087108,100.4113711,1,0,1,0,1,2023-03-06 07:00:00,3/6/2023,7:00 AM,68.0,100.0,0.0,29.84,Partly Cloudy,2023.0,2023,5509,27349,3537,36395
2023,03/06/2023,07:00 AM,4,สงขลา,6.567087108,100.4113711,1,0,1,0,1,2023-03-06 07:00:00,3/6/2023,7:00 AM,68.0,100.0,0.0,29.84,Partly Cloudy,2023.0,2023,4371,22161,8063,34595
2023,03/06/2023,07:00 AM,4,สงขลา,6.567087108,100.4113711,1,0,1,0,1,2023-03-06 07:00:00,3/6/2023,7:00 AM,68.0,100.0,0.0,29.84,Partly Cloudy,2023.0,2023,4491,23870,9992,38353
2023,03/06/2023,07:00 AM,4,สงขลา,6.567087108,100.4113711,1,0,1,0,1,2023-03-06 07:00:00,3/6/2023,7:00 AM,68.0,100.0,0.0,29.84,Partly Cloudy,2023.0,2023,1303,27089,4332,32724
2023,03/06/2023,07:00 AM,4,สงขลา,6.567087108,100.4113711,1,0,1,0,1,2023-03-06 07:00:00,3/6/2023,7:00 AM,68.0,100.0,0.0,29.84,Partly Cloudy,2023.0,2023,3702,13312,2629,19643
2023,03/06/2023,07:00 AM,4,สงขลา,6.567087108,100.4113711,1,0,1,0,1,2023-03-06 07:00:00,3/6/2023,7:00 AM,68.0,100.0,0.0,29.84,Partly Cloudy,2023.0,2023,2658,8859,2407,13924
2023,03/06/2023,07:00 AM,4,สงขลา,6.567087108,100.4113711,1,0,1,0,1,2023-03-06 07:00:00,3/6/2023,7:00 AM,68.0,100.0,0.0,29.84,Partly Cloudy,2023.0,2023,31638,148874,33774,214286
2023,22/03/2023,06:00 PM,4,สงขลา,6.814581708,100.4569767,2,0,2,0,1,2023-03-22 18:00:00,3/22/2023,6:00 PM,88.0,66.0,9.0,29.58,Fair,2023.0,2023,9604,26234,2814,38652
2023,22/03/2023,06:00 PM,4,สงขลา,6.814581708,100.4569767,2,0,2,0,1,2023-03-22 18:00:00,3/22/2023,6:00 PM,88.0,66.0,9.0,29.58,Fair,2023.0,2023,5509,27349,3537,36395
2023,22/03/2023,06:00 PM,4,สงขลา,6.814581708,100.4569767,2,0,2,0,1,2023-03-22 18:00:00,3/22/2023,6:00 PM,88.0,66.0,9.0,29.58,Fair,2023.0,2023,4371,22161,8063,34595
2023,22/03/2023,06:00 PM,4,สงขลา,6.814581708,100.4569767,2,0,2,0,1,2023-03-22 18:00:00,3/22/2023,6:00 PM,88.0,66.0,9.0,29.58,Fair,2023.0,2023,4491,23870,9992,38353
2023,22/03/2023,06:00 PM,4,สงขลา,6.814581708,100.4569767,2,0,2,0,1,2023-03-22 18:00:00,3/22/2023,6:00 PM,88.0,66.0,9.0,29.58,Fair,2023.0,2023,1303,27089,4332,32724
2023,22/03/2023,06:00 PM,4,สงขลา,6.814581708,100.4569767,2,0,2,0,1,2023-03-22 18:00:00,3/22/2023,6:00 PM,88.0,66.0,9.0,29.58,Fair,2023.0,2023,3702,13312,2629,19643
2023,22/03/2023,06:00 PM,4,สงขลา,6.814581708,100.4569767,2,0,2,0,1,2023-03-22 18:00:00,3/22/2023,6:00 PM,88.0,66.0,9.0,29.58,Fair,2023.0,2023,2658,8859,2407,13924
2023,22/03/2023,06:00 PM,4,สงขลา,6.814581708,100.4569767,2,0,2,0,1,2023-03-22 18:00:00,3/22/2023,6:00 PM,88.0,66.0,9.0,29.58,Fair,2023.0,2023,31638,148874,33774,214286
2023,26/03/2023,11:30 AM,4,สงขลา,6.813683672,100.4567901,1,0,1,0,1,2023-03-26 11:30:00,3/26/2023,11:30 AM,95.0,53.0,5.0,29.7,Partly Cloudy,2023.0,2023,9604,26234,2814,38652
2023,26/03/2023,11:30 AM,4,สงขลา,6.813683672,100.4567901,1,0,1,0,1,2023-03-26 11:30:00,3/26/2023,11:30 AM,95.0,53.0,5.0,29.7,Partly Cloudy,2023.0,2023,5509,27349,3537,36395
2023,26/03/2023,11:30 AM,4,สงขลา,6.813683672,100.4567901,1,0,1,0,1,2023-03-26 11:30:00,3/26/2023,11:30 AM,95.0,53.0,5.0,29.7,Partly Cloudy,2023.0,2023,4371,22161,8063,34595
2023,26/03/2023,11:30 AM,4,สงขลา,6.813683672,100.4567901,1,0,1,0,1,2023-03-26 11:30:00,3/26/2023,11:30 AM,95.0,53.0,5.0,29.7,Partly Cloudy,2023.0,2023,4491,23870,9992,38353
2023,26/03/2023,11:30 AM,4,สงขลา,6.813683672,100.4567901,1,0,1,0,1,2023-03-26 11:30:00,3/26/2023,11:30 AM,95.0,53.0,5.0,29.7,Partly Cloudy,2023.0,2023,1303,27089,4332,32724
2023,26/03/2023,11:30 AM,4,สงขลา,6.813683672,100.4567901,1,0,1,0,1,2023-03-26 11:30:00,3/26/2023,11:30 AM,95.0,53.0,5.0,29.7,Partly Cloudy,2023.0,2023,3702,13312,2629,19643
2023,26/03/2023,11:30 AM,4,สงขลา,6.813683672,100.4567901,1,0,1,0,1,2023-03-26 11:30:00,3/26/2023,11:30 AM,95.0,53.0,5.0,29.7,Partly Cloudy,2023.0,2023,2658,8859,2407,13924
2023,26/03/2023,11:30 AM,4,สงขลา,6.813683672,100.4567901,1,0,1,0,1,2023-03-26 11:30:00,3/26/2023,11:30 AM,95.0,53.0,5.0,29.7,Partly Cloudy,2023.0,2023,31638,148874,33774,214286
2023,04/09/2023,12:00 AM,4,สงขลา,6.986495266,100.4327547,1,0,1,0,1,2023-04-09 00:00:00,4/9/2023,12:00 AM,79.0,89.0,7.0,29.81,Partly Cloudy,2023.0,2023,9604,26234,2814,38652
2023,04/09/2023,12:00 AM,4,สงขลา,6.986495266,100.4327547,1,0,1,0,1,2023-04-09 00:00:00,4/9/2023,12:00 AM,79.0,89.0,7.0,29.81,Partly Cloudy,2023.0,2023,5509,27349,3537,36395
2023,04/09/2023,12:00 AM,4,สงขลา,6.986495266,100.4327547,1,0,1,0,1,2023-04-09 00:00:00,4/9/2023,12:00 AM,79.0,89.0,7.0,29.81,Partly Cloudy,2023.0,2023,4371,22161,8063,34595
2023,04/09/2023,12:00 AM,4,สงขลา,6.986495266,100.4327547,1,0,1,0,1,2023-04-09 00:00:00,4/9/2023,12:00 AM,79.0,89.0,7.0,29.81,Partly Cloudy,2023.0,2023,4491,23870,9992,38353
2023,04/09/2023,12:00 AM,4,สงขลา,6.986495266,100.4327547,1,0,1,0,1,2023-04-09 00:00:00,4/9/2023,12:00 AM,79.0,89.0,7.0,29.81,Partly Cloudy,2023.0,2023,1303,27089,4332,32724
2023,04/09/2023,12:00 AM,4,สงขลา,6.986495266,100.4327547,1,0,1,0,1,2023-04-09 00:00:00,4/9/2023,12:00 AM,79.0,89.0,7.0,29.81,Partly Cloudy,2023.0,2023,3702,13312,2629,19643
2023,04/09/2023,12:00 AM,4,สงขลา,6.986495266,100.4327547,1,0,1,0,1,2023-04-09 00:00:00,4/9/2023,12:00 AM,79.0,89.0,7.0,29.81,Partly Cloudy,2023.0,2023,2658,8859,2407,13924
2023,04/09/2023,12:00 AM,4,สงขลา,6.986495266,100.4327547,1,0,1,0,1,2023-04-09 00:00:00,4/9/2023,12:00 AM,79.0,89.0,7.0,29.81,Partly Cloudy,2023.0,2023,31638,148874,33774,214286
2023,13/04/2023,02:00 AM,4,สงขลา,6.984308635,100.4503199,1,0,1,0,1,2023-04-13 02:00:00,4/13/2023,2:00 AM,77.0,94.0,0.0,29.7,Fair,2023.0,2023,9604,26234,2814,38652
2023,13/04/2023,02:00 AM,4,สงขลา,6.984308635,100.4503199,1,0,1,0,1,2023-04-13 02:00:00,4/13/2023,2:00 AM,77.0,94.0,0.0,29.7,Fair,2023.0,2023,5509,27349,3537,36395
2023,13/04/2023,02:00 AM,4,สงขลา,6.984308635,100.4503199,1,0,1,0,1,2023-04-13 02:00:00,4/13/2023,2:00 AM,77.0,94.0,0.0,29.7,Fair,2023.0,2023,4371,22161,8063,34595
2023,13/04/2023,02:00 AM,4,สงขลา,6.984308635,100.4503199,1,0,1,0,1,2023-04-13 02:00:00,4/13/2023,2:00 AM,77.0,94.0,0.0,29.7,Fair,2023.0,2023,4491,23870,9992,38353
2023,13/04/2023,02:00 AM,4,สงขลา,6.984308635,100.4503199,1,0,1,0,1,2023-04-13 02:00:00,4/13/2023,2:00 AM,77.0,94.0,0.0,29.7,Fair,2023.0,2023,1303,27089,4332,32724
2023,13/04/2023,02:00 AM,4,สงขลา,6.984308635,100.4503199,1,0,1,0,1,2023-04-13 02:00:00,4/13/2023,2:00 AM,77.0,94.0,0.0,29.7,Fair,2023.0,2023,3702,13312,2629,19643
2023,13/04/2023,02:00 AM,4,สงขลา,6.984308635,100.4503199,1,0,1,0,1,2023-04-13 02:00:00,4/13/2023,2:00 AM,77.0,94.0,0.0,29.7,Fair,2023.0,2023,2658,8859,2407,13924
2023,13/04/2023,02:00 AM,4,สงขลา,6.984308635,100.4503199,1,0,1,0,1,2023-04-13 02:00:00,4/13/2023,2:00 AM,77.0,94.0,0.0,29.7,Fair,2023.0,2023,31638,148874,33774,214286
2023,16/04/2023,08:00 AM,4,สงขลา,6.577757425,100.4110077,1,0,1,0,1,2023-04-16 08:00:00,4/16/2023,8:00 AM,81.0,94.0,0.0,29.7,Fog,2023.0,2023,9604,26234,2814,38652
2023,16/04/2023,08:00 AM,4,สงขลา,6.577757425,100.4110077,1,0,1,0,1,2023-04-16 08:00:00,4/16/2023,8:00 AM,81.0,94.0,0.0,29.7,Fog,2023.0,2023,5509,27349,3537,36395
2023,16/04/2023,08:00 AM,4,สงขลา,6.577757425,100.4110077,1,0,1,0,1,2023-04-16 08:00:00,4/16/2023,8:00 AM,81.0,94.0,0.0,29.7,Fog,2023.0,2023,4371,22161,8063,34595
2023,16/04/2023,08:00 AM,4,สงขลา,6.577757425,100.4110077,1,0,1,0,1,2023-04-16 08:00:00,4/16/2023,8:00 AM,81.0,94.0,0.0,29.7,Fog,2023.0,2023,4491,23870,9992,38353
2023,16/04/2023,08:00 AM,4,สงขลา,6.577757425,100.4110077,1,0,1,0,1,2023-04-16 08:00:00,4/16/2023,8:00 AM,81.0,94.0,0.0,29.7,Fog,2023.0,2023,1303,27089,4332,32724
2023,16/04/2023,08:00 AM,4,สงขลา,6.577757425,100.4110077,1,0,1,0,1,2023-04-16 08:00:00,4/16/2023,8:00 AM,81.0,94.0,0.0,29.7,Fog,2023.0,2023,3702,13312,2629,19643
2023,16/04/2023,08:00 AM,4,สงขลา,6.577757425,100.4110077,1,0,1,0,1,2023-04-16 08:00:00,4/16/2023,8:00 AM,81.0,94.0,0.0,29.7,Fog,2023.0,2023,2658,8859,2407,13924
2023,16/04/2023,08:00 AM,4,สงขลา,6.577757425,100.4110077,1,0,1,0,1,2023-04-16 08:00:00,4/16/2023,8:00 AM,81.0,94.0,0.0,29.7,Fog,2023.0,2023,31638,148874,33774,214286
2023,17/04/2023,05:30 PM,4,สงขลา,6.95366487,100.4733795,2,1,0,1,1,2023-04-17 17:30:00,4/17/2023,5:30 PM,93.0,52.0,7.0,29.61,Fair,2023.0,2023,9604,26234,2814,38652
2023,17/04/2023,05:30 PM,4,สงขลา,6.95366487,100.4733795,2,1,0,1,1,2023-04-17 17:30:00,4/17/2023,5:30 PM,93.0,52.0,7.0,29.61,Fair,2023.0,2023,5509,27349,3537,36395
2023,17/04/2023,05:30 PM,4,สงขลา,6.95366487,100.4733795,2,1,0,1,1,2023-04-17 17:30:00,4/17/2023,5:30 PM,93.0,52.0,7.0,29.61,Fair,2023.0,2023,4371,22161,8063,34595
2023,17/04/2023,05:30 PM,4,สงขลา,6.95366487,100.4733795,2,1,0,1,1,2023-04-17 17:30:00,4/17/2023,5:30 PM,93.0,52.0,7.0,29.61,Fair,2023.0,2023,4491,23870,9992,38353
2023,17/04/2023,05:30 PM,4,สงขลา,6.95366487,100.4733795,2,1,0,1,1,2023-04-17 17:30:00,4/17/2023,5:30 PM,93.0,52.0,7.0,29.61,Fair,2023.0,2023,1303,27089,4332,32724
2023,17/04/2023,05:30 PM,4,สงขลา,6.95366487,100.4733795,2,1,0,1,1,2023-04-17 17:30:00,4/17/2023,5:30 PM,93.0,52.0,7.0,29.61,Fair,2023.0,2023,3702,13312,2629,19643
2023,17/04/2023,05:30 PM,4,สงขลา,6.95366487,100.4733795,2,1,0,1,1,2023-04-17 17:30:00,4/17/2023,5:30 PM,93.0,52.0,7.0,29.61,Fair,2023.0,2023,2658,8859,2407,13924
2023,17/04/2023,05:30 PM,4,สงขลา,6.95366487,100.4733795,2,1,0,1,1,2023-04-17 17:30:00,4/17/2023,5:30 PM,93.0,52.0,7.0,29.61,Fair,2023.0,2023,31638,148874,33774,214286
2023,18/04/2023,09:00 AM,4,สงขลา,6.886012624,100.4700562,1,0,1,0,1,2023-04-18 09:00:00,4/18/2023,9:00 AM,88.0,84.0,0.0,29.79,Fair,2023.0,2023,9604,26234,2814,38652
2023,18/04/2023,09:00 AM,4,สงขลา,6.886012624,100.4700562,1,0,1,0,1,2023-04-18 09:00:00,4/18/2023,9:00 AM,88.0,84.0,0.0,29.79,Fair,2023.0,2023,5509,27349,3537,36395
2023,18/04/2023,09:00 AM,4,สงขลา,6.886012624,100.4700562,1,0,1,0,1,2023-04-18 09:00:00,4/18/2023,9:00 AM,88.0,84.0,0.0,29.79,Fair,2023.0,2023,4371,22161,8063,34595
2023,18/04/2023,09:00 AM,4,สงขลา,6.886012624,100.4700562,1,0,1,0,1,2023-04-18 09:00:00,4/18/2023,9:00 AM,88.0,84.0,0.0,29.79,Fair,2023.0,2023,4491,23870,9992,38353
2023,18/04/2023,09:00 AM,4,สงขลา,6.886012624,100.4700562,1,0,1,0,1,2023-04-18 09:00:00,4/18/2023,9:00 AM,88.0,84.0,0.0,29.79,Fair,2023.0,2023,1303,27089,4332,32724
2023,18/04/2023,09:00 AM,4,สงขลา,6.886012624,100.4700562,1,0,1,0,1,2023-04-18 09:00:00,4/18/2023,9:00 AM,88.0,84.0,0.0,29.79,Fair,2023.0,2023,3702,13312,2629,19643
2023,18/04/2023,09:00 AM,4,สงขลา,6.886012624,100.4700562,1,0,1,0,1,2023-04-18 09:00:00,4/18/2023,9:00 AM,88.0,84.0,0.0,29.79,Fair,2023.0,2023,2658,8859,2407,13924
2023,18/04/2023,09:00 AM,4,สงขลา,6.886012624,100.4700562,1,0,1,0,1,2023-04-18 09:00:00,4/18/2023,9:00 AM,88.0,84.0,0.0,29.79,Fair,2023.0,2023,31638,148874,33774,214286
2023,05/03/2023,05:00 AM,4,สงขลา,6.815410944,100.4573177,1,0,1,0,1,2023-05-03 05:00:00,5/3/2023,5:00 AM,75.0,100.0,0.0,29.7,Partly Cloudy,2023.0,2023,9604,26234,2814,38652
2023,05/03/2023,05:00 AM,4,สงขลา,6.815410944,100.4573177,1,0,1,0,1,2023-05-03 05:00:00,5/3/2023,5:00 AM,75.0,100.0,0.0,29.7,Partly Cloudy,2023.0,2023,5509,27349,3537,36395
2023,05/03/2023,05:00 AM,4,สงขลา,6.815410944,100.4573177,1,0,1,0,1,2023-05-03 05:00:00,5/3/2023,5:00 AM,75.0,100.0,0.0,29.7,Partly Cloudy,2023.0,2023,4371,22161,8063,34595
2023,05/03/2023,05:00 AM,4,สงขลา,6.815410944,100.4573177,1,0,1,0,1,2023-05-03 05:00:00,5/3/2023,5:00 AM,75.0,100.0,0.0,29.7,Partly Cloudy,2023.0,2023,4491,23870,9992,38353
2023,05/03/2023,05:00 AM,4,สงขลา,6.815410944,100.4573177,1,0,1,0,1,2023-05-03 05:00:00,5/3/2023,5:00 AM,75.0,100.0,0.0,29.7,Partly Cloudy,2023.0,2023,1303,27089,4332,32724
2023,05/03/2023,05:00 AM,4,สงขลา,6.815410944,100.4573177,1,0,1,0,1,2023-05-03 05:00:00,5/3/2023,5:00 AM,75.0,100.0,0.0,29.7,Partly Cloudy,2023.0,2023,3702,13312,2629,19643
2023,05/03/2023,05:00 AM,4,สงขลา,6.815410944,100.4573177,1,0,1,0,1,2023-05-03 05:00:00,5/3/2023,5:00 AM,75.0,100.0,0.0,29.7,Partly Cloudy,2023.0,2023,2658,8859,2407,13924
2023,05/03/2023,05:00 AM,4,สงขลา,6.815410944,100.4573177,1,0,1,0,1,2023-05-03 05:00:00,5/3/2023,5:00 AM,75.0,100.0,0.0,29.7,Partly Cloudy,2023.0,2023,31638,148874,33774,214286
2023,22/05/2023,10:00 AM,4,สงขลา,7.179569697,100.2557593,2,0,0,2,1,2023-05-22 10:00:00,5/22/2023,10:00 AM,86.0,74.0,9.0,29.79,Mostly Cloudy,2023.0,2023,9604,26234,2814,38652
2023,22/05/2023,10:00 AM,4,สงขลา,7.179569697,100.2557593,2,0,0,2,1,2023-05-22 10:00:00,5/22/2023,10:00 AM,86.0,74.0,9.0,29.79,Mostly Cloudy,2023.0,2023,5509,27349,3537,36395
2023,22/05/2023,10:00 AM,4,สงขลา,7.179569697,100.2557593,2,0,0,2,1,2023-05-22 10:00:00,5/22/2023,10:00 AM,86.0,74.0,9.0,29.79,Mostly Cloudy,2023.0,2023,4371,22161,8063,34595
2023,22/05/2023,10:00 AM,4,สงขลา,7.179569697,100.2557593,2,0,0,2,1,2023-05-22 10:00:00,5/22/2023,10:00 AM,86.0,74.0,9.0,29.79,Mostly Cloudy,2023.0,2023,4491,23870,9992,38353
2023,22/05/2023,10:00 AM,4,สงขลา,7.179569697,100.2557593,2,0,0,2,1,2023-05-22 10:00:00,5/22/2023,10:00 AM,86.0,74.0,9.0,29.79,Mostly Cloudy,2023.0,2023,1303,27089,4332,32724
2023,22/05/2023,10:00 AM,4,สงขลา,7.179569697,100.2557593,2,0,0,2,1,2023-05-22 10:00:00,5/22/2023,10:00 AM,86.0,74.0,9.0,29.79,Mostly Cloudy,2023.0,2023,3702,13312,2629,19643
2023,22/05/2023,10:00 AM,4,สงขลา,7.179569697,100.2557593,2,0,0,2,1,2023-05-22 10:00:00,5/22/2023,10:00 AM,86.0,74.0,9.0,29.79,Mostly Cloudy,2023.0,2023,2658,8859,2407,13924
2023,22/05/2023,10:00 AM,4,สงขลา,7.179569697,100.2557593,2,0,0,2,1,2023-05-22 10:00:00,5/22/2023,10:00 AM,86.0,74.0,9.0,29.79,Mostly Cloudy,2023.0,2023,31638,148874,33774,214286
2023,23/05/2023,07:00 AM,4,สงขลา,7.115765188,100.3235881,1,0,1,0,1,2023-05-23 07:00:00,5/23/2023,7:00 AM,77.0,94.0,5.0,29.76,Fair,2023.0,2023,9604,26234,2814,38652
2023,23/05/2023,07:00 AM,4,สงขลา,7.115765188,100.3235881,1,0,1,0,1,2023-05-23 07:00:00,5/23/2023,7:00 AM,77.0,94.0,5.0,29.76,Fair,2023.0,2023,5509,27349,3537,36395
2023,23/05/2023,07:00 AM,4,สงขลา,7.115765188,100.3235881,1,0,1,0,1,2023-05-23 07:00:00,5/23/2023,7:00 AM,77.0,94.0,5.0,29.76,Fair,2023.0,2023,4371,22161,8063,34595
2023,23/05/2023,07:00 AM,4,สงขลา,7.115765188,100.3235881,1,0,1,0,1,2023-05-23 07:00:00,5/23/2023,7:00 AM,77.0,94.0,5.0,29.76,Fair,2023.0,2023,4491,23870,9992,38353
2023,23/05/2023,07:00 AM,4,สงขลา,7.115765188,100.3235881,1,0,1,0,1,2023-05-23 07:00:00,5/23/2023,7:00 AM,77.0,94.0,5.0,29.76,Fair,2023.0,2023,1303,27089,4332,32724
2023,23/05/2023,07:00 AM,4,สงขลา,7.115765188,100.3235881,1,0,1,0,1,2023-05-23 07:00:00,5/23/2023,7:00 AM,77.0,94.0,5.0,29.76,Fair,2023.0,2023,3702,13312,2629,19643
2023,23/05/2023,07:00 AM,4,สงขลา,7.115765188,100.3235881,1,0,1,0,1,2023-05-23 07:00:00,5/23/2023,7:00 AM,77.0,94.0,5.0,29.76,Fair,2023.0,2023,2658,8859,2407,13924
2023,23/05/2023,07:00 AM,4,สงขลา,7.115765188,100.3235881,1,0,1,0,1,2023-05-23 07:00:00,5/23/2023,7:00 AM,77.0,94.0,5.0,29.76,Fair,2023.0,2023,31638,148874,33774,214286
2023,24/05/2023,03:30 AM,4,สงขลา,7.1842191,100.2381817,1,0,0,1,1,2023-05-24 03:30:00,5/24/2023,3:30 AM,77.0,94.0,2.0,29.73,Fair,2023.0,2023,9604,26234,2814,38652
2023,24/05/2023,03:30 AM,4,สงขลา,7.1842191,100.2381817,1,0,0,1,1,2023-05-24 03:30:00,5/24/2023,3:30 AM,77.0,94.0,2.0,29.73,Fair,2023.0,2023,5509,27349,3537,36395
2023,24/05/2023,03:30 AM,4,สงขลา,7.1842191,100.2381817,1,0,0,1,1,2023-05-24 03:30:00,5/24/2023,3:30 AM,77.0,94.0,2.0,29.73,Fair,2023.0,2023,4371,22161,8063,34595
2023,24/05/2023,03:30 AM,4,สงขลา,7.1842191,100.2381817,1,0,0,1,1,2023-05-24 03:30:00,5/24/2023,3:30 AM,77.0,94.0,2.0,29.73,Fair,2023.0,2023,4491,23870,9992,38353
2023,24/05/2023,03:30 AM,4,สงขลา,7.1842191,100.2381817,1,0,0,1,1,2023-05-24 03:30:00,5/24/2023,3:30 AM,77.0,94.0,2.0,29.73,Fair,2023.0,2023,1303,27089,4332,32724
2023,24/05/2023,03:30 AM,4,สงขลา,7.1842191,100.2381817,1,0,0,1,1,2023-05-24 03:30:00,5/24/2023,3:30 AM,77.0,94.0,2.0,29.73,Fair,2023.0,2023,3702,13312,2629,19643
2023,24/05/2023,03:30 AM,4,สงขลา,7.1842191,100.2381817,1,0,0,1,1,2023-05-24 03:30:00,5/24/2023,3:30 AM,77.0,94.0,2.0,29.73,Fair,2023.0,2023,2658,8859,2407,13924
2023,24/05/2023,03:30 AM,4,สงขลา,7.1842191,100.2381817,1,0,0,1,1,2023-05-24 03:30:00,5/24/2023,3:30 AM,77.0,94.0,2.0,29.73,Fair,2023.0,2023,31638,148874,33774,214286
2023,25/05/2023,08:30 PM,4,สงขลา,6.52494441,100.4184009,2,1,0,1,1,2023-05-25 20:30:00,5/25/2023,8:30 PM,84.0,74.0,6.0,29.73,Fair,2023.0,2023,9604,26234,2814,38652
2023,25/05/2023,08:30 PM,4,สงขลา,6.52494441,100.4184009,2,1,0,1,1,2023-05-25 20:30:00,5/25/2023,8:30 PM,84.0,74.0,6.0,29.73,Fair,2023.0,2023,5509,27349,3537,36395
2023,25/05/2023,08:30 PM,4,สงขลา,6.52494441,100.4184009,2,1,0,1,1,2023-05-25 20:30:00,5/25/2023,8:30 PM,84.0,74.0,6.0,29.73,Fair,2023.0,2023,4371,22161,8063,34595
2023,25/05/2023,08:30 PM,4,สงขลา,6.52494441,100.4184009,2,1,0,1,1,2023-05-25 20:30:00,5/25/2023,8:30 PM,84.0,74.0,6.0,29.73,Fair,2023.0,2023,4491,23870,9992,38353
2023,25/05/2023,08:30 PM,4,สงขลา,6.52494441,100.4184009,2,1,0,1,1,2023-05-25 20:30:00,5/25/2023,8:30 PM,84.0,74.0,6.0,29.73,Fair,2023.0,2023,1303,27089,4332,32724
2023,25/05/2023,08:30 PM,4,สงขลา,6.52494441,100.4184009,2,1,0,1,1,2023-05-25 20:30:00,5/25/2023,8:30 PM,84.0,74.0,6.0,29.73,Fair,2023.0,2023,3702,13312,2629,19643
2023,25/05/2023,08:30 PM,4,สงขลา,6.52494441,100.4184009,2,1,0,1,1,2023-05-25 20:30:00,5/25/2023,8:30 PM,84.0,74.0,6.0,29.73,Fair,2023.0,2023,2658,8859,2407,13924
2023,25/05/2023,08:30 PM,4,สงขลา,6.52494441,100.4184009,2,1,0,1,1,2023-05-25 20:30:00,5/25/2023,8:30 PM,84.0,74.0,6.0,29.73,Fair,2023.0,2023,31638,148874,33774,214286
2023,06/06/2023,11:30 AM,4,สงขลา,6.931845863,100.4689006,1,0,1,0,1,2023-06-06 11:30:00,6/6/2023,11:30 AM,91.0,59.0,14.0,29.67,Mostly Cloudy,2023.0,2023,9604,26234,2814,38652
2023,06/06/2023,11:30 AM,4,สงขลา,6.931845863,100.4689006,1,0,1,0,1,2023-06-06 11:30:00,6/6/2023,11:30 AM,91.0,59.0,14.0,29.67,Mostly Cloudy,2023.0,2023,5509,27349,3537,36395
2023,06/06/2023,11:30 AM,4,สงขลา,6.931845863,100.4689006,1,0,1,0,1,2023-06-06 11:30:00,6/6/2023,11:30 AM,91.0,59.0,14.0,29.67,Mostly Cloudy,2023.0,2023,4371,22161,8063,34595
2023,06/06/2023,11:30 AM,4,สงขลา,6.931845863,100.4689006,1,0,1,0,1,2023-06-06 11:30:00,6/6/2023,11:30 AM,91.0,59.0,14.0,29.67,Mostly Cloudy,2023.0,2023,4491,23870,9992,38353
2023,06/06/2023,11:30 AM,4,สงขลา,6.931845863,100.4689006,1,0,1,0,1,2023-06-06 11:30:00,6/6/2023,11:30 AM,91.0,59.0,14.0,29.67,Mostly Cloudy,2023.0,2023,1303,27089,4332,32724
2023,06/06/2023,11:30 AM,4,สงขลา,6.931845863,100.4689006,1,0,1,0,1,2023-06-06 11:30:00,6/6/2023,11:30 AM,91.0,59.0,14.0,29.67,Mostly Cloudy,2023.0,2023,3702,13312,2629,19643
2023,06/06/2023,11:30 AM,4,สงขลา,6.931845863,100.4689006,1,0,1,0,1,2023-06-06 11:30:00,6/6/2023,11:30 AM,91.0,59.0,14.0,29.67,Mostly Cloudy,2023.0,2023,2658,8859,2407,13924
2023,06/06/2023,11:30 AM,4,สงขลา,6.931845863,100.4689006,1,0,1,0,1,2023-06-06 11:30:00,6/6/2023,11:30 AM,91.0,59.0,14.0,29.67,Mostly Cloudy,2023.0,2023,31638,148874,33774,214286
2023,06/06/2023,07:00 PM,4,สงขลา,6.747578739,100.4516029,1,0,1,0,1,2023-06-06 19:00:00,6/6/2023,7:00 PM,77.0,89.0,2.0,29.67,Light Rain,2023.0,2023,9604,26234,2814,38652
2023,06/06/2023,07:00 PM,4,สงขลา,6.747578739,100.4516029,1,0,1,0,1,2023-06-06 19:00:00,6/6/2023,7:00 PM,77.0,89.0,2.0,29.67,Light Rain,2023.0,2023,5509,27349,3537,36395
2023,06/06/2023,07:00 PM,4,สงขลา,6.747578739,100.4516029,1,0,1,0,1,2023-06-06 19:00:00,6/6/2023,7:00 PM,77.0,89.0,2.0,29.67,Light Rain,2023.0,2023,4371,22161,8063,34595
2023,06/06/2023,07:00 PM,4,สงขลา,6.747578739,100.4516029,1,0,1,0,1,2023-06-06 19:00:00,6/6/2023,7:00 PM,77.0,89.0,2.0,29.67,Light Rain,2023.0,2023,4491,23870,9992,38353
2023,06/06/2023,07:00 PM,4,สงขลา,6.747578739,100.4516029,1,0,1,0,1,2023-06-06 19:00:00,6/6/2023,7:00 PM,77.0,89.0,2.0,29.67,Light Rain,2023.0,2023,1303,27089,4332,32724
2023,06/06/2023,07:00 PM,4,สงขลา,6.747578739,100.4516029,1,0,1,0,1,2023-06-06 19:00:00,6/6/2023,7:00 PM,77.0,89.0,2.0,29.67,Light Rain,2023.0,2023,3702,13312,2629,19643
2023,06/06/2023,07:00 PM,4,สงขลา,6.747578739,100.4516029,1,0,1,0,1,2023-06-06 19:00:00,6/6/2023,7:00 PM,77.0,89.0,2.0,29.67,Light Rain,2023.0,2023,2658,8859,2407,13924
2023,06/06/2023,07:00 PM,4,สงขลา,6.747578739,100.4516029,1,0,1,0,1,2023-06-06 19:00:00,6/6/2023,7:00 PM,77.0,89.0,2.0,29.67,Light Rain,2023.0,2023,31638,148874,33774,214286
2023,17/06/2023,10:00 PM,4,สงขลา,6.870189203,100.4702857,1,0,0,1,1,2023-06-17 22:00:00,6/17/2023,10:00 PM,77.0,94.0,0.0,29.76,Mostly Cloudy,2023.0,2023,9604,26234,2814,38652
2023,17/06/2023,10:00 PM,4,สงขลา,6.870189203,100.4702857,1,0,0,1,1,2023-06-17 22:00:00,6/17/2023,10:00 PM,77.0,94.0,0.0,29.76,Mostly Cloudy,2023.0,2023,5509,27349,3537,36395
2023,17/06/2023,10:00 PM,4,สงขลา,6.870189203,100.4702857,1,0,0,1,1,2023-06-17 22:00:00,6/17/2023,10:00 PM,77.0,94.0,0.0,29.76,Mostly Cloudy,2023.0,2023,4371,22161,8063,34595
2023,17/06/2023,10:00 PM,4,สงขลา,6.870189203,100.4702857,1,0,0,1,1,2023-06-17 22:00:00,6/17/2023,10:00 PM,77.0,94.0,0.0,29.76,Mostly Cloudy,2023.0,2023,4491,23870,9992,38353
2023,17/06/2023,10:00 PM,4,สงขลา,6.870189203,100.4702857,1,0,0,1,1,2023-06-17 22:00:00,6/17/2023,10:00 PM,77.0,94.0,0.0,29.76,Mostly Cloudy,2023.0,2023,1303,27089,4332,32724
2023,17/06/2023,10:00 PM,4,สงขลา,6.870189203,100.4702857,1,0,0,1,1,2023-06-17 22:00:00,6/17/2023,10:00 PM,77.0,94.0,0.0,29.76,Mostly Cloudy,2023.0,2023,3702,13312,2629,19643
2023,17/06/2023,10:00 PM,4,สงขลา,6.870189203,100.4702857,1,0,0,1,1,2023-06-17 22:00:00,6/17/2023,10:00 PM,77.0,94.0,0.0,29.76,Mostly Cloudy,2023.0,2023,2658,8859,2407,13924
2023,17/06/2023,10:00 PM,4,สงขลา,6.870189203,100.4702857,1,0,0,1,1,2023-06-17 22:00:00,6/17/2023,10:00 PM,77.0,94.0,0.0,29.76,Mostly Cloudy,2023.0,2023,31638,148874,33774,214286
2023,25/06/2023,01:00 AM,4,สงขลา,6.737767157,100.4507956,1,0,0,1,1,2023-06-25 01:00:00,6/25/2023,1:00 AM,77.0,100.0,0.0,29.7,Fair,2023.0,2023,9604,26234,2814,38652
2023,25/06/2023,01:00 AM,4,สงขลา,6.737767157,100.4507956,1,0,0,1,1,2023-06-25 01:00:00,6/25/2023,1:00 AM,77.0,100.0,0.0,29.7,Fair,2023.0,2023,5509,27349,3537,36395
2023,25/06/2023,01:00 AM,4,สงขลา,6.737767157,100.4507956,1,0,0,1,1,2023-06-25 01:00:00,6/25/2023,1:00 AM,77.0,100.0,0.0,29.7,Fair,2023.0,2023,4371,22161,8063,34595
2023,25/06/2023,01:00 AM,4,สงขลา,6.737767157,100.4507956,1,0,0,1,1,2023-06-25 01:00:00,6/25/2023,1:00 AM,77.0,100.0,0.0,29.7,Fair,2023.0,2023,4491,23870,9992,38353
2023,25/06/2023,01:00 AM,4,สงขลา,6.737767157,100.4507956,1,0,0,1,1,2023-06-25 01:00:00,6/25/2023,1:00 AM,77.0,100.0,0.0,29.7,Fair,2023.0,2023,1303,27089,4332,32724
2023,25/06/2023,01:00 AM,4,สงขลา,6.737767157,100.4507956,1,0,0,1,1,2023-06-25 01:00:00,6/25/2023,1:00 AM,77.0,100.0,0.0,29.7,Fair,2023.0,2023,3702,13312,2629,19643
2023,25/06/2023,01:00 AM,4,สงขลา,6.737767157,100.4507956,1,0,0,1,1,2023-06-25 01:00:00,6/25/2023,1:00 AM,77.0,100.0,0.0,29.7,Fair,2023.0,2023,2658,8859,2407,13924
2023,25/06/2023,01:00 AM,4,สงขลา,6.737767157,100.4507956,1,0,0,1,1,2023-06-25 01:00:00,6/25/2023,1:00 AM,77.0,100.0,0.0,29.7,Fair,2023.0,2023,31638,148874,33774,214286
2023,07/06/2023,11:00 PM,4,สงขลา,6.611000628,100.4194176,2,1,0,1,1,2023-07-06 23:00:00,7/6/2023,11:00 PM,81.0,84.0,0.0,29.76,Fair,2023.0,2023,9604,26234,2814,38652
2023,07/06/2023,11:00 PM,4,สงขลา,6.611000628,100.4194176,2,1,0,1,1,2023-07-06 23:00:00,7/6/2023,11:00 PM,81.0,84.0,0.0,29.76,Fair,2023.0,2023,5509,27349,3537,36395
2023,07/06/2023,11:00 PM,4,สงขลา,6.611000628,100.4194176,2,1,0,1,1,2023-07-06 23:00:00,7/6/2023,11:00 PM,81.0,84.0,0.0,29.76,Fair,2023.0,2023,4371,22161,8063,34595
2023,07/06/2023,11:00 PM,4,สงขลา,6.611000628,100.4194176,2,1,0,1,1,2023-07-06 23:00:00,7/6/2023,11:00 PM,81.0,84.0,0.0,29.76,Fair,2023.0,2023,4491,23870,9992,38353
2023,07/06/2023,11:00 PM,4,สงขลา,6.611000628,100.4194176,2,1,0,1,1,2023-07-06 23:00:00,7/6/2023,11:00 PM,81.0,84.0,0.0,29.76,Fair,2023.0,2023,1303,27089,4332,32724
2023,07/06/2023,11:00 PM,4,สงขลา,6.611000628,100.4194176,2,1,0,1,1,2023-07-06 23:00:00,7/6/2023,11:00 PM,81.0,84.0,0.0,29.76,Fair,2023.0,2023,3702,13312,2629,19643
2023,07/06/2023,11:00 PM,4,สงขลา,6.611000628,100.4194176,2,1,0,1,1,2023-07-06 23:00:00,7/6/2023,11:00 PM,81.0,84.0,0.0,29.76,Fair,2023.0,2023,2658,8859,2407,13924
2023,07/06/2023,11:00 PM,4,สงขลา,6.611000628,100.4194176,2,1,0,1,1,2023-07-06 23:00:00,7/6/2023,11:00 PM,81.0,84.0,0.0,29.76,Fair,2023.0,2023,31638,148874,33774,214286
2023,07/12/2023,01:00 PM,4,สงขลา,6.795407184,100.4530191,2,1,1,0,1,2023-07-12 13:00:00,7/12/2023,1:00 PM,91.0,52.0,6.0,29.7,Partly Cloudy,2023.0,2023,9604,26234,2814,38652
2023,07/12/2023,01:00 PM,4,สงขลา,6.795407184,100.4530191,2,1,1,0,1,2023-07-12 13:00:00,7/12/2023,1:00 PM,91.0,52.0,6.0,29.7,Partly Cloudy,2023.0,2023,5509,27349,3537,36395
2023,07/12/2023,01:00 PM,4,สงขลา,6.795407184,100.4530191,2,1,1,0,1,2023-07-12 13:00:00,7/12/2023,1:00 PM,91.0,52.0,6.0,29.7,Partly Cloudy,2023.0,2023,4371,22161,8063,34595
2023,07/12/2023,01:00 PM,4,สงขลา,6.795407184,100.4530191,2,1,1,0,1,2023-07-12 13:00:00,7/12/2023,1:00 PM,91.0,52.0,6.0,29.7,Partly Cloudy,2023.0,2023,4491,23870,9992,38353
2023,07/12/2023,01:00 PM,4,สงขลา,6.795407184,100.4530191,2,1,1,0,1,2023-07-12 13:00:00,7/12/2023,1:00 PM,91.0,52.0,6.0,29.7,Partly Cloudy,2023.0,2023,1303,27089,4332,32724
2023,07/12/2023,01:00 PM,4,สงขลา,6.795407184,100.4530191,2,1,1,0,1,2023-07-12 13:00:00,7/12/2023,1:00 PM,91.0,52.0,6.0,29.7,Partly Cloudy,2023.0,2023,3702,13312,2629,19643
2023,07/12/2023,01:00 PM,4,สงขลา,6.795407184,100.4530191,2,1,1,0,1,2023-07-12 13:00:00,7/12/2023,1:00 PM,91.0,52.0,6.0,29.7,Partly Cloudy,2023.0,2023,2658,8859,2407,13924
2023,07/12/2023,01:00 PM,4,สงขลา,6.795407184,100.4530191,2,1,1,0,1,2023-07-12 13:00:00,7/12/2023,1:00 PM,91.0,52.0,6.0,29.7,Partly Cloudy,2023.0,2023,31638,148874,33774,214286
2023,17/07/2023,07:30 AM,4,สงขลา,7.004114687,100.4151669,1,0,1,0,1,2023-07-17 07:30:00,7/17/2023,7:30 AM,82.0,84.0,0.0,29.64,Fair,2023.0,2023,9604,26234,2814,38652
2023,17/07/2023,07:30 AM,4,สงขลา,7.004114687,100.4151669,1,0,1,0,1,2023-07-17 07:30:00,7/17/2023,7:30 AM,82.0,84.0,0.0,29.64,Fair,2023.0,2023,5509,27349,3537,36395
2023,17/07/2023,07:30 AM,4,สงขลา,7.004114687,100.4151669,1,0,1,0,1,2023-07-17 07:30:00,7/17/2023,7:30 AM,82.0,84.0,0.0,29.64,Fair,2023.0,2023,4371,22161,8063,34595
2023,17/07/2023,07:30 AM,4,สงขลา,7.004114687,100.4151669,1,0,1,0,1,2023-07-17 07:30:00,7/17/2023,7:30 AM,82.0,84.0,0.0,29.64,Fair,2023.0,2023,4491,23870,9992,38353
2023,17/07/2023,07:30 AM,4,สงขลา,7.004114687,100.4151669,1,0,1,0,1,2023-07-17 07:30:00,7/17/2023,7:30 AM,82.0,84.0,0.0,29.64,Fair,2023.0,2023,1303,27089,4332,32724
2023,17/07/2023,07:30 AM,4,สงขลา,7.004114687,100.4151669,1,0,1,0,1,2023-07-17 07:30:00,7/17/2023,7:30 AM,82.0,84.0,0.0,29.64,Fair,2023.0,2023,3702,13312,2629,19643
2023,17/07/2023,07:30 AM,4,สงขลา,7.004114687,100.4151669,1,0,1,0,1,2023-07-17 07:30:00,7/17/2023,7:30 AM,82.0,84.0,0.0,29.64,Fair,2023.0,2023,2658,8859,2407,13924
2023,17/07/2023,07:30 AM,4,สงขลา,7.004114687,100.4151669,1,0,1,0,1,2023-07-17 07:30:00,7/17/2023,7:30 AM,82.0,84.0,0.0,29.64,Fair,2023.0,2023,31638,148874,33774,214286
2023,21/07/2023,09:30 AM,4,สงขลา,6.538536326,100.4161629,2,1,1,0,1,2023-07-21 09:30:00,7/21/2023,9:30 AM,84.0,79.0,5.0,29.7,Mostly Cloudy,2023.0,2023,9604,26234,2814,38652
2023,21/07/2023,09:30 AM,4,สงขลา,6.538536326,100.4161629,2,1,1,0,1,2023-07-21 09:30:00,7/21/2023,9:30 AM,84.0,79.0,5.0,29.7,Mostly Cloudy,2023.0,2023,5509,27349,3537,36395
2023,21/07/2023,09:30 AM,4,สงขลา,6.538536326,100.4161629,2,1,1,0,1,2023-07-21 09:30:00,7/21/2023,9:30 AM,84.0,79.0,5.0,29.7,Mostly Cloudy,2023.0,2023,4371,22161,8063,34595
2023,21/07/2023,09:30 AM,4,สงขลา,6.538536326,100.4161629,2,1,1,0,1,2023-07-21 09:30:00,7/21/2023,9:30 AM,84.0,79.0,5.0,29.7,Mostly Cloudy,2023.0,2023,4491,23870,9992,38353
2023,21/07/2023,09:30 AM,4,สงขลา,6.538536326,100.4161629,2,1,1,0,1,2023-07-21 09:30:00,7/21/2023,9:30 AM,84.0,79.0,5.0,29.7,Mostly Cloudy,2023.0,2023,1303,27089,4332,32724
2023,21/07/2023,09:30 AM,4,สงขลา,6.538536326,100.4161629,2,1,1,0,1,2023-07-21 09:30:00,7/21/2023,9:30 AM,84.0,79.0,5.0,29.7,Mostly Cloudy,2023.0,2023,3702,13312,2629,19643
2023,21/07/2023,09:30 AM,4,สงขลา,6.538536326,100.4161629,2,1,1,0,1,2023-07-21 09:30:00,7/21/2023,9:30 AM,84.0,79.0,5.0,29.7,Mostly Cloudy,2023.0,2023,2658,8859,2407,13924
2023,21/07/2023,09:30 AM,4,สงขลา,6.538536326,100.4161629,2,1,1,0,1,2023-07-21 09:30:00,7/21/2023,9:30 AM,84.0,79.0,5.0,29.7,Mostly Cloudy,2023.0,2023,31638,148874,33774,214286
2023,08/10/2023,01:00 AM,4,สงขลา,6.812862571,100.4564524,2,0,1,1,1,2023-08-10 01:00:00,8/10/2023,1:00 AM,77.0,94.0,0.0,29.76,Partly Cloudy,2023.0,2023,9604,26234,2814,38652
2023,08/10/2023,01:00 AM,4,สงขลา,6.812862571,100.4564524,2,0,1,1,1,2023-08-10 01:00:00,8/10/2023,1:00 AM,77.0,94.0,0.0,29.76,Partly Cloudy,2023.0,2023,5509,27349,3537,36395
2023,08/10/2023,01:00 AM,4,สงขลา,6.812862571,100.4564524,2,0,1,1,1,2023-08-10 01:00:00,8/10/2023,1:00 AM,77.0,94.0,0.0,29.76,Partly Cloudy,2023.0,2023,4371,22161,8063,34595
2023,08/10/2023,01:00 AM,4,สงขลา,6.812862571,100.4564524,2,0,1,1,1,2023-08-10 01:00:00,8/10/2023,1:00 AM,77.0,94.0,0.0,29.76,Partly Cloudy,2023.0,2023,4491,23870,9992,38353
2023,08/10/2023,01:00 AM,4,สงขลา,6.812862571,100.4564524,2,0,1,1,1,2023-08-10 01:00:00,8/10/2023,1:00 AM,77.0,94.0,0.0,29.76,Partly Cloudy,2023.0,2023,1303,27089,4332,32724
2023,08/10/2023,01:00 AM,4,สงขลา,6.812862571,100.4564524,2,0,1,1,1,2023-08-10 01:00:00,8/10/2023,1:00 AM,77.0,94.0,0.0,29.76,Partly Cloudy,2023.0,2023,3702,13312,2629,19643
2023,08/10/2023,01:00 AM,4,สงขลา,6.812862571,100.4564524,2,0,1,1,1,2023-08-10 01:00:00,8/10/2023,1:00 AM,77.0,94.0,0.0,29.76,Partly Cloudy,2023.0,2023,2658,8859,2407,13924
2023,08/10/2023,01:00 AM,4,สงขลา,6.812862571,100.4564524,2,0,1,1,1,2023-08-10 01:00:00,8/10/2023,1:00 AM,77.0,94.0,0.0,29.76,Partly Cloudy,2023.0,2023,31638,148874,33774,214286
2023,08/11/2023,04:30 AM,4,สงขลา,6.573013166,100.4103693,1,0,1,0,1,2023-08-11 04:30:00,8/11/2023,4:30 AM,75.0,94.0,0.0,29.76,Partly Cloudy,2023.0,2023,9604,26234,2814,38652
2023,08/11/2023,04:30 AM,4,สงขลา,6.573013166,100.4103693,1,0,1,0,1,2023-08-11 04:30:00,8/11/2023,4:30 AM,75.0,94.0,0.0,29.76,Partly Cloudy,2023.0,2023,5509,27349,3537,36395
2023,08/11/2023,04:30 AM,4,สงขลา,6.573013166,100.4103693,1,0,1,0,1,2023-08-11 04:30:00,8/11/2023,4:30 AM,75.0,94.0,0.0,29.76,Partly Cloudy,2023.0,2023,4371,22161,8063,34595
2023,08/11/2023,04:30 AM,4,สงขลา,6.573013166,100.4103693,1,0,1,0,1,2023-08-11 04:30:00,8/11/2023,4:30 AM,75.0,94.0,0.0,29.76,Partly Cloudy,2023.0,2023,4491,23870,9992,38353
2023,08/11/2023,04:30 AM,4,สงขลา,6.573013166,100.4103693,1,0,1,0,1,2023-08-11 04:30:00,8/11/2023,4:30 AM,75.0,94.0,0.0,29.76,Partly Cloudy,2023.0,2023,1303,27089,4332,32724
2023,08/11/2023,04:30 AM,4,สงขลา,6.573013166,100.4103693,1,0,1,0,1,2023-08-11 04:30:00,8/11/2023,4:30 AM,75.0,94.0,0.0,29.76,Partly Cloudy,2023.0,2023,3702,13312,2629,19643
2023,08/11/2023,04:30 AM,4,สงขลา,6.573013166,100.4103693,1,0,1,0,1,2023-08-11 04:30:00,8/11/2023,4:30 AM,75.0,94.0,0.0,29.76,Partly Cloudy,2023.0,2023,2658,8859,2407,13924
2023,08/11/2023,04:30 AM,4,สงขลา,6.573013166,100.4103693,1,0,1,0,1,2023-08-11 04:30:00,8/11/2023,4:30 AM,75.0,94.0,0.0,29.76,Partly Cloudy,2023.0,2023,31638,148874,33774,214286
2023,25/08/2023,08:30 AM,4,สงขลา,6.563393945,100.4120149,1,0,1,0,1,2023-08-25 08:30:00,8/25/2023,8:30 AM,84.0,79.0,2.0,29.73,Fair,2023.0,2023,9604,26234,2814,38652
2023,25/08/2023,08:30 AM,4,สงขลา,6.563393945,100.4120149,1,0,1,0,1,2023-08-25 08:30:00,8/25/2023,8:30 AM,84.0,79.0,2.0,29.73,Fair,2023.0,2023,5509,27349,3537,36395
2023,25/08/2023,08:30 AM,4,สงขลา,6.563393945,100.4120149,1,0,1,0,1,2023-08-25 08:30:00,8/25/2023,8:30 AM,84.0,79.0,2.0,29.73,Fair,2023.0,2023,4371,22161,8063,34595
2023,25/08/2023,08:30 AM,4,สงขลา,6.563393945,100.4120149,1,0,1,0,1,2023-08-25 08:30:00,8/25/2023,8:30 AM,84.0,79.0,2.0,29.73,Fair,2023.0,2023,4491,23870,9992,38353
2023,25/08/2023,08:30 AM,4,สงขลา,6.563393945,100.4120149,1,0,1,0,1,2023-08-25 08:30:00,8/25/2023,8:30 AM,84.0,79.0,2.0,29.73,Fair,2023.0,2023,1303,27089,4332,32724
2023,25/08/2023,08:30 AM,4,สงขลา,6.563393945,100.4120149,1,0,1,0,1,2023-08-25 08:30:00,8/25/2023,8:30 AM,84.0,79.0,2.0,29.73,Fair,2023.0,2023,3702,13312,2629,19643
2023,25/08/2023,08:30 AM,4,สงขลา,6.563393945,100.4120149,1,0,1,0,1,2023-08-25 08:30:00,8/25/2023,8:30 AM,84.0,79.0,2.0,29.73,Fair,2023.0,2023,2658,8859,2407,13924
2023,25/08/2023,08:30 AM,4,สงขลา,6.563393945,100.4120149,1,0,1,0,1,2023-08-25 08:30:00,8/25/2023,8:30 AM,84.0,79.0,2.0,29.73,Fair,2023.0,2023,31638,148874,33774,214286
2023,26/08/2023,05:30 AM,4,สงขลา,6.603983925,100.4179426,1,0,1,0,1,2023-08-26 05:30:00,8/26/2023,5:30 AM,75.0,94.0,2.0,29.73,Fair,2023.0,2023,9604,26234,2814,38652
2023,26/08/2023,05:30 AM,4,สงขลา,6.603983925,100.4179426,1,0,1,0,1,2023-08-26 05:30:00,8/26/2023,5:30 AM,75.0,94.0,2.0,29.73,Fair,2023.0,2023,5509,27349,3537,36395
2023,26/08/2023,05:30 AM,4,สงขลา,6.603983925,100.4179426,1,0,1,0,1,2023-08-26 05:30:00,8/26/2023,5:30 AM,75.0,94.0,2.0,29.73,Fair,2023.0,2023,4371,22161,8063,34595
2023,26/08/2023,05:30 AM,4,สงขลา,6.603983925,100.4179426,1,0,1,0,1,2023-08-26 05:30:00,8/26/2023,5:30 AM,75.0,94.0,2.0,29.73,Fair,2023.0,2023,4491,23870,9992,38353
2023,26/08/2023,05:30 AM,4,สงขลา,6.603983925,100.4179426,1,0,1,0,1,2023-08-26 05:30:00,8/26/2023,5:30 AM,75.0,94.0,2.0,29.73,Fair,2023.0,2023,1303,27089,4332,32724
2023,26/08/2023,05:30 AM,4,สงขลา,6.603983925,100.4179426,1,0,1,0,1,2023-08-26 05:30:00,8/26/2023,5:30 AM,75.0,94.0,2.0,29.73,Fair,2023.0,2023,3702,13312,2629,19643
2023,26/08/2023,05:30 AM,4,สงขลา,6.603983925,100.4179426,1,0,1,0,1,2023-08-26 05:30:00,8/26/2023,5:30 AM,75.0,94.0,2.0,29.73,Fair,2023.0,2023,2658,8859,2407,13924
2023,26/08/2023,05:30 AM,4,สงขลา,6.603983925,100.4179426,1,0,1,0,1,2023-08-26 05:30:00,8/26/2023,5:30 AM,75.0,94.0,2.0,29.73,Fair,2023.0,2023,31638,148874,33774,214286
2023,26/08/2023,05:30 PM,4,สงขลา,6.980435776,100.4617998,1,0,1,0,1,2023-08-26 17:30:00,8/26/2023,5:30 PM,84.0,66.0,10.0,29.67,Partly Cloudy,2023.0,2023,9604,26234,2814,38652
2023,26/08/2023,05:30 PM,4,สงขลา,6.980435776,100.4617998,1,0,1,0,1,2023-08-26 17:30:00,8/26/2023,5:30 PM,84.0,66.0,10.0,29.67,Partly Cloudy,2023.0,2023,5509,27349,3537,36395
2023,26/08/2023,05:30 PM,4,สงขลา,6.980435776,100.4617998,1,0,1,0,1,2023-08-26 17:30:00,8/26/2023,5:30 PM,84.0,66.0,10.0,29.67,Partly Cloudy,2023.0,2023,4371,22161,8063,34595
2023,26/08/2023,05:30 PM,4,สงขลา,6.980435776,100.4617998,1,0,1,0,1,2023-08-26 17:30:00,8/26/2023,5:30 PM,84.0,66.0,10.0,29.67,Partly Cloudy,2023.0,2023,4491,23870,9992,38353
2023,26/08/2023,05:30 PM,4,สงขลา,6.980435776,100.4617998,1,0,1,0,1,2023-08-26 17:30:00,8/26/2023,5:30 PM,84.0,66.0,10.0,29.67,Partly Cloudy,2023.0,2023,1303,27089,4332,32724
2023,26/08/2023,05:30 PM,4,สงขลา,6.980435776,100.4617998,1,0,1,0,1,2023-08-26 17:30:00,8/26/2023,5:30 PM,84.0,66.0,10.0,29.67,Partly Cloudy,2023.0,2023,3702,13312,2629,19643
2023,26/08/2023,05:30 PM,4,สงขลา,6.980435776,100.4617998,1,0,1,0,1,2023-08-26 17:30:00,8/26/2023,5:30 PM,84.0,66.0,10.0,29.67,Partly Cloudy,2023.0,2023,2658,8859,2407,13924
2023,26/08/2023,05:30 PM,4,สงขลา,6.980435776,100.4617998,1,0,1,0,1,2023-08-26 17:30:00,8/26/2023,5:30 PM,84.0,66.0,10.0,29.67,Partly Cloudy,2023.0,2023,31638,148874,33774,214286
2023,27/08/2023,05:30 AM,4,สงขลา,6.618764719,100.4206431,1,0,1,0,1,2023-08-27 05:30:00,8/27/2023,5:30 AM,75.0,94.0,2.0,29.73,Fair,2023.0,2023,9604,26234,2814,38652
2023,27/08/2023,05:30 AM,4,สงขลา,6.618764719,100.4206431,1,0,1,0,1,2023-08-27 05:30:00,8/27/2023,5:30 AM,75.0,94.0,2.0,29.73,Fair,2023.0,2023,5509,27349,3537,36395
2023,27/08/2023,05:30 AM,4,สงขลา,6.618764719,100.4206431,1,0,1,0,1,2023-08-27 05:30:00,8/27/2023,5:30 AM,75.0,94.0,2.0,29.73,Fair,2023.0,2023,4371,22161,8063,34595
2023,27/08/2023,05:30 AM,4,สงขลา,6.618764719,100.4206431,1,0,1,0,1,2023-08-27 05:30:00,8/27/2023,5:30 AM,75.0,94.0,2.0,29.73,Fair,2023.0,2023,4491,23870,9992,38353
2023,27/08/2023,05:30 AM,4,สงขลา,6.618764719,100.4206431,1,0,1,0,1,2023-08-27 05:30:00,8/27/2023,5:30 AM,75.0,94.0,2.0,29.73,Fair,2023.0,2023,1303,27089,4332,32724
2023,27/08/2023,05:30 AM,4,สงขลา,6.618764719,100.4206431,1,0,1,0,1,2023-08-27 05:30:00,8/27/2023,5:30 AM,75.0,94.0,2.0,29.73,Fair,2023.0,2023,3702,13312,2629,19643
2023,27/08/2023,05:30 AM,4,สงขลา,6.618764719,100.4206431,1,0,1,0,1,2023-08-27 05:30:00,8/27/2023,5:30 AM,75.0,94.0,2.0,29.73,Fair,2023.0,2023,2658,8859,2407,13924
2023,27/08/2023,05:30 AM,4,สงขลา,6.618764719,100.4206431,1,0,1,0,1,2023-08-27 05:30:00,8/27/2023,5:30 AM,75.0,94.0,2.0,29.73,Fair,2023.0,2023,31638,148874,33774,214286
2023,18/09/2023,03:30 PM,4,สงขลา,6.786065335,100.4530232,1,0,1,0,1,2023-09-18 15:30:00,9/18/2023,3:30 PM,91.0,63.0,13.0,29.61,Showers in the Vicinity,2023.0,2023,9604,26234,2814,38652
2023,18/09/2023,03:30 PM,4,สงขลา,6.786065335,100.4530232,1,0,1,0,1,2023-09-18 15:30:00,9/18/2023,3:30 PM,91.0,63.0,13.0,29.61,Showers in the Vicinity,2023.0,2023,5509,27349,3537,36395
2023,18/09/2023,03:30 PM,4,สงขลา,6.786065335,100.4530232,1,0,1,0,1,2023-09-18 15:30:00,9/18/2023,3:30 PM,91.0,63.0,13.0,29.61,Showers in the Vicinity,2023.0,2023,4371,22161,8063,34595
2023,18/09/2023,03:30 PM,4,สงขลา,6.786065335,100.4530232,1,0,1,0,1,2023-09-18 15:30:00,9/18/2023,3:30 PM,91.0,63.0,13.0,29.61,Showers in the Vicinity,2023.0,2023,4491,23870,9992,38353
2023,18/09/2023,03:30 PM,4,สงขลา,6.786065335,100.4530232,1,0,1,0,1,2023-09-18 15:30:00,9/18/2023,3:30 PM,91.0,63.0,13.0,29.61,Showers in the Vicinity,2023.0,2023,1303,27089,4332,32724
2023,18/09/2023,03:30 PM,4,สงขลา,6.786065335,100.4530232,1,0,1,0,1,2023-09-18 15:30:00,9/18/2023,3:30 PM,91.0,63.0,13.0,29.61,Showers in the Vicinity,2023.0,2023,3702,13312,2629,19643
2023,18/09/2023,03:30 PM,4,สงขลา,6.786065335,100.4530232,1,0,1,0,1,2023-09-18 15:30:00,9/18/2023,3:30 PM,91.0,63.0,13.0,29.61,Showers in the Vicinity,2023.0,2023,2658,8859,2407,13924
2023,18/09/2023,03:30 PM,4,สงขลา,6.786065335,100.4530232,1,0,1,0,1,2023-09-18 15:30:00,9/18/2023,3:30 PM,91.0,63.0,13.0,29.61,Showers in the Vicinity,2023.0,2023,31638,148874,33774,214286
2023,19/09/2023,09:30 AM,4,สงขลา,6.80465963,100.4539324,1,0,0,1,1,2023-09-19 09:30:00,9/19/2023,9:30 AM,86.0,74.0,2.0,29.79,Fair,2023.0,2023,9604,26234,2814,38652
2023,19/09/2023,09:30 AM,4,สงขลา,6.80465963,100.4539324,1,0,0,1,1,2023-09-19 09:30:00,9/19/2023,9:30 AM,86.0,74.0,2.0,29.79,Fair,2023.0,2023,5509,27349,3537,36395
2023,19/09/2023,09:30 AM,4,สงขลา,6.80465963,100.4539324,1,0,0,1,1,2023-09-19 09:30:00,9/19/2023,9:30 AM,86.0,74.0,2.0,29.79,Fair,2023.0,2023,4371,22161,8063,34595
2023,19/09/2023,09:30 AM,4,สงขลา,6.80465963,100.4539324,1,0,0,1,1,2023-09-19 09:30:00,9/19/2023,9:30 AM,86.0,74.0,2.0,29.79,Fair,2023.0,2023,4491,23870,9992,38353
2023,19/09/2023,09:30 AM,4,สงขลา,6.80465963,100.4539324,1,0,0,1,1,2023-09-19 09:30:00,9/19/2023,9:30 AM,86.0,74.0,2.0,29.79,Fair,2023.0,2023,1303,27089,4332,32724
2023,19/09/2023,09:30 AM,4,สงขลา,6.80465963,100.4539324,1,0,0,1,1,2023-09-19 09:30:00,9/19/2023,9:30 AM,86.0,74.0,2.0,29.79,Fair,2023.0,2023,3702,13312,2629,19643
2023,19/09/2023,09:30 AM,4,สงขลา,6.80465963,100.4539324,1,0,0,1,1,2023-09-19 09:30:00,9/19/2023,9:30 AM,86.0,74.0,2.0,29.79,Fair,2023.0,2023,2658,8859,2407,13924
2023,19/09/2023,09:30 AM,4,สงขลา,6.80465963,100.4539324,1,0,0,1,1,2023-09-19 09:30:00,9/19/2023,9:30 AM,86.0,74.0,2.0,29.79,Fair,2023.0,2023,31638,148874,33774,214286
2023,24/09/2023,04:00 PM,4,สงขลา,6.706735574,100.4439667,2,1,1,0,1,2023-09-24 16:00:00,9/24/2023,4:00 PM,82.0,74.0,9.0,29.61,Mostly Cloudy,2023.0,2023,9604,26234,2814,38652
2023,24/09/2023,04:00 PM,4,สงขลา,6.706735574,100.4439667,2,1,1,0,1,2023-09-24 16:00:00,9/24/2023,4:00 PM,82.0,74.0,9.0,29.61,Mostly Cloudy,2023.0,2023,5509,27349,3537,36395
2023,24/09/2023,04:00 PM,4,สงขลา,6.706735574,100.4439667,2,1,1,0,1,2023-09-24 16:00:00,9/24/2023,4:00 PM,82.0,74.0,9.0,29.61,Mostly Cloudy,2023.0,2023,4371,22161,8063,34595
2023,24/09/2023,04:00 PM,4,สงขลา,6.706735574,100.4439667,2,1,1,0,1,2023-09-24 16:00:00,9/24/2023,4:00 PM,82.0,74.0,9.0,29.61,Mostly Cloudy,2023.0,2023,4491,23870,9992,38353
2023,24/09/2023,04:00 PM,4,สงขลา,6.706735574,100.4439667,2,1,1,0,1,2023-09-24 16:00:00,9/24/2023,4:00 PM,82.0,74.0,9.0,29.61,Mostly Cloudy,2023.0,2023,1303,27089,4332,32724
2023,24/09/2023,04:00 PM,4,สงขลา,6.706735574,100.4439667,2,1,1,0,1,2023-09-24 16:00:00,9/24/2023,4:00 PM,82.0,74.0,9.0,29.61,Mostly Cloudy,2023.0,2023,3702,13312,2629,19643
2023,24/09/2023,04:00 PM,4,สงขลา,6.706735574,100.4439667,2,1,1,0,1,2023-09-24 16:00:00,9/24/2023,4:00 PM,82.0,74.0,9.0,29.61,Mostly Cloudy,2023.0,2023,2658,8859,2407,13924
2023,24/09/2023,04:00 PM,4,สงขลา,6.706735574,100.4439667,2,1,1,0,1,2023-09-24 16:00:00,9/24/2023,4:00 PM,82.0,74.0,9.0,29.61,Mostly Cloudy,2023.0,2023,31638,148874,33774,214286
2023,30/09/2023,11:00 AM,4,สงขลา,6.661232156,100.4320925,1,0,0,1,1,2023-09-30 11:00:00,9/30/2023,11:00 AM,90.0,55.0,2.0,29.81,Mostly Cloudy,2023.0,2023,9604,26234,2814,38652
2023,30/09/2023,11:00 AM,4,สงขลา,6.661232156,100.4320925,1,0,0,1,1,2023-09-30 11:00:00,9/30/2023,11:00 AM,90.0,55.0,2.0,29.81,Mostly Cloudy,2023.0,2023,5509,27349,3537,36395
2023,30/09/2023,11:00 AM,4,สงขลา,6.661232156,100.4320925,1,0,0,1,1,2023-09-30 11:00:00,9/30/2023,11:00 AM,90.0,55.0,2.0,29.81,Mostly Cloudy,2023.0,2023,4371,22161,8063,34595
2023,30/09/2023,11:00 AM,4,สงขลา,6.661232156,100.4320925,1,0,0,1,1,2023-09-30 11:00:00,9/30/2023,11:00 AM,90.0,55.0,2.0,29.81,Mostly Cloudy,2023.0,2023,4491,23870,9992,38353
2023,30/09/2023,11:00 AM,4,สงขลา,6.661232156,100.4320925,1,0,0,1,1,2023-09-30 11:00:00,9/30/2023,11:00 AM,90.0,55.0,2.0,29.81,Mostly Cloudy,2023.0,2023,1303,27089,4332,32724
2023,30/09/2023,11:00 AM,4,สงขลา,6.661232156,100.4320925,1,0,0,1,1,2023-09-30 11:00:00,9/30/2023,11:00 AM,90.0,55.0,2.0,29.81,Mostly Cloudy,2023.0,2023,3702,13312,2629,19643
2023,30/09/2023,11:00 AM,4,สงขลา,6.661232156,100.4320925,1,0,0,1,1,2023-09-30 11:00:00,9/30/2023,11:00 AM,90.0,55.0,2.0,29.81,Mostly Cloudy,2023.0,2023,2658,8859,2407,13924
2023,30/09/2023,11:00 AM,4,สงขลา,6.661232156,100.4320925,1,0,0,1,1,2023-09-30 11:00:00,9/30/2023,11:00 AM,90.0,55.0,2.0,29.81,Mostly Cloudy,2023.0,2023,31638,148874,33774,214286
2023,10/02/2023,02:00 PM,4,สงขลา,6.930608495,100.4685947,1,0,1,0,1,2023-10-02 14:00:00,10/2/2023,2:00 PM,88.0,66.0,7.0,29.73,Mostly Cloudy,2023.0,2023,9604,26234,2814,38652
2023,10/02/2023,02:00 PM,4,สงขลา,6.930608495,100.4685947,1,0,1,0,1,2023-10-02 14:00:00,10/2/2023,2:00 PM,88.0,66.0,7.0,29.73,Mostly Cloudy,2023.0,2023,5509,27349,3537,36395
2023,10/02/2023,02:00 PM,4,สงขลา,6.930608495,100.4685947,1,0,1,0,1,2023-10-02 14:00:00,10/2/2023,2:00 PM,88.0,66.0,7.0,29.73,Mostly Cloudy,2023.0,2023,4371,22161,8063,34595
2023,10/02/2023,02:00 PM,4,สงขลา,6.930608495,100.4685947,1,0,1,0,1,2023-10-02 14:00:00,10/2/2023,2:00 PM,88.0,66.0,7.0,29.73,Mostly Cloudy,2023.0,2023,4491,23870,9992,38353
2023,10/02/2023,02:00 PM,4,สงขลา,6.930608495,100.4685947,1,0,1,0,1,2023-10-02 14:00:00,10/2/2023,2:00 PM,88.0,66.0,7.0,29.73,Mostly Cloudy,2023.0,2023,1303,27089,4332,32724
2023,10/02/2023,02:00 PM,4,สงขลา,6.930608495,100.4685947,1,0,1,0,1,2023-10-02 14:00:00,10/2/2023,2:00 PM,88.0,66.0,7.0,29.73,Mostly Cloudy,2023.0,2023,3702,13312,2629,19643
2023,10/02/2023,02:00 PM,4,สงขลา,6.930608495,100.4685947,1,0,1,0,1,2023-10-02 14:00:00,10/2/2023,2:00 PM,88.0,66.0,7.0,29.73,Mostly Cloudy,2023.0,2023,2658,8859,2407,13924
2023,10/02/2023,02:00 PM,4,สงขลา,6.930608495,100.4685947,1,0,1,0,1,2023-10-02 14:00:00,10/2/2023,2:00 PM,88.0,66.0,7.0,29.73,Mostly Cloudy,2023.0,2023,31638,148874,33774,214286
2023,10/09/2023,04:00 AM,4,สงขลา,6.900464123,100.4698192,1,0,1,0,1,2023-10-09 04:00:00,10/9/2023,4:00 AM,77.0,94.0,0.0,29.76,Mostly Cloudy,2023.0,2023,9604,26234,2814,38652
2023,10/09/2023,04:00 AM,4,สงขลา,6.900464123,100.4698192,1,0,1,0,1,2023-10-09 04:00:00,10/9/2023,4:00 AM,77.0,94.0,0.0,29.76,Mostly Cloudy,2023.0,2023,5509,27349,3537,36395
2023,10/09/2023,04:00 AM,4,สงขลา,6.900464123,100.4698192,1,0,1,0,1,2023-10-09 04:00:00,10/9/2023,4:00 AM,77.0,94.0,0.0,29.76,Mostly Cloudy,2023.0,2023,4371,22161,8063,34595
2023,10/09/2023,04:00 AM,4,สงขลา,6.900464123,100.4698192,1,0,1,0,1,2023-10-09 04:00:00,10/9/2023,4:00 AM,77.0,94.0,0.0,29.76,Mostly Cloudy,2023.0,2023,4491,23870,9992,38353
2023,10/09/2023,04:00 AM,4,สงขลา,6.900464123,100.4698192,1,0,1,0,1,2023-10-09 04:00:00,10/9/2023,4:00 AM,77.0,94.0,0.0,29.76,Mostly Cloudy,2023.0,2023,1303,27089,4332,32724
2023,10/09/2023,04:00 AM,4,สงขลา,6.900464123,100.4698192,1,0,1,0,1,2023-10-09 04:00:00,10/9/2023,4:00 AM,77.0,94.0,0.0,29.76,Mostly Cloudy,2023.0,2023,3702,13312,2629,19643
2023,10/09/2023,04:00 AM,4,สงขลา,6.900464123,100.4698192,1,0,1,0,1,2023-10-09 04:00:00,10/9/2023,4:00 AM,77.0,94.0,0.0,29.76,Mostly Cloudy,2023.0,2023,2658,8859,2407,13924
2023,10/09/2023,04:00 AM,4,สงขลา,6.900464123,100.4698192,1,0,1,0,1,2023-10-09 04:00:00,10/9/2023,4:00 AM,77.0,94.0,0.0,29.76,Mostly Cloudy,2023.0,2023,31638,148874,33774,214286
2023,10/09/2023,07:30 PM,4,สงขลา,6.580448616,100.4116488,2,0,1,1,1,2023-10-09 19:30:00,10/9/2023,7:30 PM,79.0,89.0,0.0,29.76,Fair,2023.0,2023,9604,26234,2814,38652
2023,10/09/2023,07:30 PM,4,สงขลา,6.580448616,100.4116488,2,0,1,1,1,2023-10-09 19:30:00,10/9/2023,7:30 PM,79.0,89.0,0.0,29.76,Fair,2023.0,2023,5509,27349,3537,36395
2023,10/09/2023,07:30 PM,4,สงขลา,6.580448616,100.4116488,2,0,1,1,1,2023-10-09 19:30:00,10/9/2023,7:30 PM,79.0,89.0,0.0,29.76,Fair,2023.0,2023,4371,22161,8063,34595
2023,10/09/2023,07:30 PM,4,สงขลา,6.580448616,100.4116488,2,0,1,1,1,2023-10-09 19:30:00,10/9/2023,7:30 PM,79.0,89.0,0.0,29.76,Fair,2023.0,2023,4491,23870,9992,38353
2023,10/09/2023,07:30 PM,4,สงขลา,6.580448616,100.4116488,2,0,1,1,1,2023-10-09 19:30:00,10/9/2023,7:30 PM,79.0,89.0,0.0,29.76,Fair,2023.0,2023,1303,27089,4332,32724
2023,10/09/2023,07:30 PM,4,สงขลา,6.580448616,100.4116488,2,0,1,1,1,2023-10-09 19:30:00,10/9/2023,7:30 PM,79.0,89.0,0.0,29.76,Fair,2023.0,2023,3702,13312,2629,19643
2023,10/09/2023,07:30 PM,4,สงขลา,6.580448616,100.4116488,2,0,1,1,1,2023-10-09 19:30:00,10/9/2023,7:30 PM,79.0,89.0,0.0,29.76,Fair,2023.0,2023,2658,8859,2407,13924
2023,10/09/2023,07:30 PM,4,สงขลา,6.580448616,100.4116488,2,0,1,1,1,2023-10-09 19:30:00,10/9/2023,7:30 PM,79.0,89.0,0.0,29.76,Fair,2023.0,2023,31638,148874,33774,214286
2023,28/10/2023,10:30 PM,4,สงขลา,6.538524335,100.4161415,4,1,2,1,1,2023-10-28 22:30:00,10/28/2023,10:30 PM,77.0,94.0,2.0,29.79,Fair,2023.0,2023,9604,26234,2814,38652
2023,28/10/2023,10:30 PM,4,สงขลา,6.538524335,100.4161415,4,1,2,1,1,2023-10-28 22:30:00,10/28/2023,10:30 PM,77.0,94.0,2.0,29.79,Fair,2023.0,2023,5509,27349,3537,36395
2023,28/10/2023,10:30 PM,4,สงขลา,6.538524335,100.4161415,4,1,2,1,1,2023-10-28 22:30:00,10/28/2023,10:30 PM,77.0,94.0,2.0,29.79,Fair,2023.0,2023,4371,22161,8063,34595
2023,28/10/2023,10:30 PM,4,สงขลา,6.538524335,100.4161415,4,1,2,1,1,2023-10-28 22:30:00,10/28/2023,10:30 PM,77.0,94.0,2.0,29.79,Fair,2023.0,2023,4491,23870,9992,38353
2023,28/10/2023,10:30 PM,4,สงขลา,6.538524335,100.4161415,4,1,2,1,1,2023-10-28 22:30:00,10/28/2023,10:30 PM,77.0,94.0,2.0,29.79,Fair,2023.0,2023,1303,27089,4332,32724
2023,28/10/2023,10:30 PM,4,สงขลา,6.538524335,100.4161415,4,1,2,1,1,2023-10-28 22:30:00,10/28/2023,10:30 PM,77.0,94.0,2.0,29.79,Fair,2023.0,2023,3702,13312,2629,19643
2023,28/10/2023,10:30 PM,4,สงขลา,6.538524335,100.4161415,4,1,2,1,1,2023-10-28 22:30:00,10/28/2023,10:30 PM,77.0,94.0,2.0,29.79,Fair,2023.0,2023,2658,8859,2407,13924
2023,28/10/2023,10:30 PM,4,สงขลา,6.538524335,100.4161415,4,1,2,1,1,2023-10-28 22:30:00,10/28/2023,10:30 PM,77.0,94.0,2.0,29.79,Fair,2023.0,2023,31638,148874,33774,214286
2023,31/10/2023,03:30 AM,4,สงขลา,6.80809929,100.4549785,2,0,1,1,1,2023-10-31 03:30:00,10/31/2023,3:30 AM,77.0,100.0,2.0,29.7,Partly Cloudy,2023.0,2023,9604,26234,2814,38652
2023,31/10/2023,03:30 AM,4,สงขลา,6.80809929,100.4549785,2,0,1,1,1,2023-10-31 03:30:00,10/31/2023,3:30 AM,77.0,100.0,2.0,29.7,Partly Cloudy,2023.0,2023,5509,27349,3537,36395
2023,31/10/2023,03:30 AM,4,สงขลา,6.80809929,100.4549785,2,0,1,1,1,2023-10-31 03:30:00,10/31/2023,3:30 AM,77.0,100.0,2.0,29.7,Partly Cloudy,2023.0,2023,4371,22161,8063,34595
2023,31/10/2023,03:30 AM,4,สงขลา,6.80809929,100.4549785,2,0,1,1,1,2023-10-31 03:30:00,10/31/2023,3:30 AM,77.0,100.0,2.0,29.7,Partly Cloudy,2023.0,2023,4491,23870,9992,38353
2023,31/10/2023,03:30 AM,4,สงขลา,6.80809929,100.4549785,2,0,1,1,1,2023-10-31 03:30:00,10/31/2023,3:30 AM,77.0,100.0,2.0,29.7,Partly Cloudy,2023.0,2023,1303,27089,4332,32724
2023,31/10/2023,03:30 AM,4,สงขลา,6.80809929,100.4549785,2,0,1,1,1,2023-10-31 03:30:00,10/31/2023,3:30 AM,77.0,100.0,2.0,29.7,Partly Cloudy,2023.0,2023,3702,13312,2629,19643
2023,31/10/2023,03:30 AM,4,สงขลา,6.80809929,100.4549785,2,0,1,1,1,2023-10-31 03:30:00,10/31/2023,3:30 AM,77.0,100.0,2.0,29.7,Partly Cloudy,2023.0,2023,2658,8859,2407,13924
2023,31/10/2023,03:30 AM,4,สงขลา,6.80809929,100.4549785,2,0,1,1,1,2023-10-31 03:30:00,10/31/2023,3:30 AM,77.0,100.0,2.0,29.7,Partly Cloudy,2023.0,2023,31638,148874,33774,214286
2023,12/04/2023,03:30 PM,4,สงขลา,7.039971176,100.3908275,1,0,1,0,1,2023-12-04 15:30:00,12/4/2023,3:30 PM,88.0,75.0,14.0,29.64,Showers in the Vicinity,2023.0,2023,9604,26234,2814,38652
2023,12/04/2023,03:30 PM,4,สงขลา,7.039971176,100.3908275,1,0,1,0,1,2023-12-04 15:30:00,12/4/2023,3:30 PM,88.0,75.0,14.0,29.64,Showers in the Vicinity,2023.0,2023,5509,27349,3537,36395
2023,12/04/2023,03:30 PM,4,สงขลา,7.039971176,100.3908275,1,0,1,0,1,2023-12-04 15:30:00,12/4/2023,3:30 PM,88.0,75.0,14.0,29.64,Showers in the Vicinity,2023.0,2023,4371,22161,8063,34595
2023,12/04/2023,03:30 PM,4,สงขลา,7.039971176,100.3908275,1,0,1,0,1,2023-12-04 15:30:00,12/4/2023,3:30 PM,88.0,75.0,14.0,29.64,Showers in the Vicinity,2023.0,2023,4491,23870,9992,38353
2023,12/04/2023,03:30 PM,4,สงขลา,7.039971176,100.3908275,1,0,1,0,1,2023-12-04 15:30:00,12/4/2023,3:30 PM,88.0,75.0,14.0,29.64,Showers in the Vicinity,2023.0,2023,1303,27089,4332,32724
2023,12/04/2023,03:30 PM,4,สงขลา,7.039971176,100.3908275,1,0,1,0,1,2023-12-04 15:30:00,12/4/2023,3:30 PM,88.0,75.0,14.0,29.64,Showers in the Vicinity,2023.0,2023,3702,13312,2629,19643
2023,12/04/2023,03:30 PM,4,สงขลา,7.039971176,100.3908275,1,0,1,0,1,2023-12-04 15:30:00,12/4/2023,3:30 PM,88.0,75.0,14.0,29.64,Showers in the Vicinity,2023.0,2023,2658,8859,2407,13924
2023,12/04/2023,03:30 PM,4,สงขลา,7.039971176,100.3908275,1,0,1,0,1,2023-12-04 15:30:00,12/4/2023,3:30 PM,88.0,75.0,14.0,29.64,Showers in the Vicinity,2023.0,2023,31638,148874,33774,214286
2023,12/04/2023,07:00 PM,4,สงขลา,6.547493718,100.4149265,2,1,1,0,1,2023-12-04 19:00:00,12/4/2023,7:00 PM,81.0,89.0,8.0,29.73,Mostly Cloudy,2023.0,2023,9604,26234,2814,38652
2023,12/04/2023,07:00 PM,4,สงขลา,6.547493718,100.4149265,2,1,1,0,1,2023-12-04 19:00:00,12/4/2023,7:00 PM,81.0,89.0,8.0,29.73,Mostly Cloudy,2023.0,2023,5509,27349,3537,36395
2023,12/04/2023,07:00 PM,4,สงขลา,6.547493718,100.4149265,2,1,1,0,1,2023-12-04 19:00:00,12/4/2023,7:00 PM,81.0,89.0,8.0,29.73,Mostly Cloudy,2023.0,2023,4371,22161,8063,34595
2023,12/04/2023,07:00 PM,4,สงขลา,6.547493718,100.4149265,2,1,1,0,1,2023-12-04 19:00:00,12/4/2023,7:00 PM,81.0,89.0,8.0,29.73,Mostly Cloudy,2023.0,2023,4491,23870,9992,38353
2023,12/04/2023,07:00 PM,4,สงขลา,6.547493718,100.4149265,2,1,1,0,1,2023-12-04 19:00:00,12/4/2023,7:00 PM,81.0,89.0,8.0,29.73,Mostly Cloudy,2023.0,2023,1303,27089,4332,32724
2023,12/04/2023,07:00 PM,4,สงขลา,6.547493718,100.4149265,2,1,1,0,1,2023-12-04 19:00:00,12/4/2023,7:00 PM,81.0,89.0,8.0,29.73,Mostly Cloudy,2023.0,2023,3702,13312,2629,19643
2023,12/04/2023,07:00 PM,4,สงขลา,6.547493718,100.4149265,2,1,1,0,1,2023-12-04 19:00:00,12/4/2023,7:00 PM,81.0,89.0,8.0,29.73,Mostly Cloudy,2023.0,2023,2658,8859,2407,13924
2023,12/04/2023,07:00 PM,4,สงขลา,6.547493718,100.4149265,2,1,1,0,1,2023-12-04 19:00:00,12/4/2023,7:00 PM,81.0,89.0,8.0,29.73,Mostly Cloudy,2023.0,2023,31638,148874,33774,214286
2023,12/08/2023,10:30 PM,4,สงขลา,6.848977699,100.4702639,1,0,1,0,1,2023-12-08 22:30:00,12/8/2023,10:30 PM,79.0,89.0,0.0,29.79,Partly Cloudy,2023.0,2023,9604,26234,2814,38652
2023,12/08/2023,10:30 PM,4,สงขลา,6.848977699,100.4702639,1,0,1,0,1,2023-12-08 22:30:00,12/8/2023,10:30 PM,79.0,89.0,0.0,29.79,Partly Cloudy,2023.0,2023,5509,27349,3537,36395
2023,12/08/2023,10:30 PM,4,สงขลา,6.848977699,100.4702639,1,0,1,0,1,2023-12-08 22:30:00,12/8/2023,10:30 PM,79.0,89.0,0.0,29.79,Partly Cloudy,2023.0,2023,4371,22161,8063,34595
2023,12/08/2023,10:30 PM,4,สงขลา,6.848977699,100.4702639,1,0,1,0,1,2023-12-08 22:30:00,12/8/2023,10:30 PM,79.0,89.0,0.0,29.79,Partly Cloudy,2023.0,2023,4491,23870,9992,38353
2023,12/08/2023,10:30 PM,4,สงขลา,6.848977699,100.4702639,1,0,1,0,1,2023-12-08 22:30:00,12/8/2023,10:30 PM,79.0,89.0,0.0,29.79,Partly Cloudy,2023.0,2023,1303,27089,4332,32724
2023,12/08/2023,10:30 PM,4,สงขลา,6.848977699,100.4702639,1,0,1,0,1,2023-12-08 22:30:00,12/8/2023,10:30 PM,79.0,89.0,0.0,29.79,Partly Cloudy,2023.0,2023,3702,13312,2629,19643
2023,12/08/2023,10:30 PM,4,สงขลา,6.848977699,100.4702639,1,0,1,0,1,2023-12-08 22:30:00,12/8/2023,10:30 PM,79.0,89.0,0.0,29.79,Partly Cloudy,2023.0,2023,2658,8859,2407,13924
2023,12/08/2023,10:30 PM,4,สงขลา,6.848977699,100.4702639,1,0,1,0,1,2023-12-08 22:30:00,12/8/2023,10:30 PM,79.0,89.0,0.0,29.79,Partly Cloudy,2023.0,2023,31638,148874,33774,214286
2023,12/09/2023,07:00 PM,4,สงขลา,6.675980405,100.4370372,1,0,0,1,1,2023-12-09 19:00:00,12/9/2023,7:00 PM,82.0,74.0,8.0,29.7,Partly Cloudy,2023.0,2023,9604,26234,2814,38652
2023,12/09/2023,07:00 PM,4,สงขลา,6.675980405,100.4370372,1,0,0,1,1,2023-12-09 19:00:00,12/9/2023,7:00 PM,82.0,74.0,8.0,29.7,Partly Cloudy,2023.0,2023,5509,27349,3537,36395
2023,12/09/2023,07:00 PM,4,สงขลา,6.675980405,100.4370372,1,0,0,1,1,2023-12-09 19:00:00,12/9/2023,7:00 PM,82.0,74.0,8.0,29.7,Partly Cloudy,2023.0,2023,4371,22161,8063,34595
2023,12/09/2023,07:00 PM,4,สงขลา,6.675980405,100.4370372,1,0,0,1,1,2023-12-09 19:00:00,12/9/2023,7:00 PM,82.0,74.0,8.0,29.7,Partly Cloudy,2023.0,2023,4491,23870,9992,38353
2023,12/09/2023,07:00 PM,4,สงขลา,6.675980405,100.4370372,1,0,0,1,1,2023-12-09 19:00:00,12/9/2023,7:00 PM,82.0,74.0,8.0,29.7,Partly Cloudy,2023.0,2023,1303,27089,4332,32724
2023,12/09/2023,07:00 PM,4,สงขลา,6.675980405,100.4370372,1,0,0,1,1,2023-12-09 19:00:00,12/9/2023,7:00 PM,82.0,74.0,8.0,29.7,Partly Cloudy,2023.0,2023,3702,13312,2629,19643
2023,12/09/2023,07:00 PM,4,สงขลา,6.675980405,100.4370372,1,0,0,1,1,2023-12-09 19:00:00,12/9/2023,7:00 PM,82.0,74.0,8.0,29.7,Partly Cloudy,2023.0,2023,2658,8859,2407,13924
2023,12/09/2023,07:00 PM,4,สงขลา,6.675980405,100.4370372,1,0,0,1,1,2023-12-09 19:00:00,12/9/2023,7:00 PM,82.0,74.0,8.0,29.7,Partly Cloudy,2023.0,2023,31638,148874,33774,214286
2023,24/12/2023,01:00 AM,4,สงขลา,6.975367741,100.4768081,1,0,0,1,1,2023-12-24 01:00:00,12/24/2023,1:00 AM,77.0,100.0,6.0,29.81,Light Rain,2023.0,2023,9604,26234,2814,38652
2023,24/12/2023,01:00 AM,4,สงขลา,6.975367741,100.4768081,1,0,0,1,1,2023-12-24 01:00:00,12/24/2023,1:00 AM,77.0,100.0,6.0,29.81,Light Rain,2023.0,2023,5509,27349,3537,36395
2023,24/12/2023,01:00 AM,4,สงขลา,6.975367741,100.4768081,1,0,0,1,1,2023-12-24 01:00:00,12/24/2023,1:00 AM,77.0,100.0,6.0,29.81,Light Rain,2023.0,2023,4371,22161,8063,34595
2023,24/12/2023,01:00 AM,4,สงขลา,6.975367741,100.4768081,1,0,0,1,1,2023-12-24 01:00:00,12/24/2023,1:00 AM,77.0,100.0,6.0,29.81,Light Rain,2023.0,2023,4491,23870,9992,38353
2023,24/12/2023,01:00 AM,4,สงขลา,6.975367741,100.4768081,1,0,0,1,1,2023-12-24 01:00:00,12/24/2023,1:00 AM,77.0,100.0,6.0,29.81,Light Rain,2023.0,2023,1303,27089,4332,32724
2023,24/12/2023,01:00 AM,4,สงขลา,6.975367741,100.4768081,1,0,0,1,1,2023-12-24 01:00:00,12/24/2023,1:00 AM,77.0,100.0,6.0,29.81,Light Rain,2023.0,2023,3702,13312,2629,19643
2023,24/12/2023,01:00 AM,4,สงขลา,6.975367741,100.4768081,1,0,0,1,1,2023-12-24 01:00:00,12/24/2023,1:00 AM,77.0,100.0,6.0,29.81,Light Rain,2023.0,2023,2658,8859,2407,13924
2023,24/12/2023,01:00 AM,4,สงขลา,6.975367741,100.4768081,1,0,0,1,1,2023-12-24 01:00:00,12/24/2023,1:00 AM,77.0,100.0,6.0,29.81,Light Rain,2023.0,2023,31638,148874,33774,214286
2024,01/05/2024,08:30 PM,4,สงขลา,7.110982822,100.3278123,2,0,2,0,1,2024-01-05 20:30:00,1/5/2024,8:30 PM,79.0,89.0,1.0,29.81,Partly Cloudy,2024.0,2024,4979,25022,9930,39931
2024,01/05/2024,08:30 PM,4,สงขลา,7.110982822,100.3278123,2,0,2,0,1,2024-01-05 20:30:00,1/5/2024,8:30 PM,79.0,89.0,1.0,29.81,Partly Cloudy,2024.0,2024,4489,21199,9541,35229
2024,01/05/2024,08:30 PM,4,สงขลา,7.110982822,100.3278123,2,0,2,0,1,2024-01-05 20:30:00,1/5/2024,8:30 PM,79.0,89.0,1.0,29.81,Partly Cloudy,2024.0,2024,1309,30820,4934,37063
2024,01/05/2024,08:30 PM,4,สงขลา,7.110982822,100.3278123,2,0,2,0,1,2024-01-05 20:30:00,1/5/2024,8:30 PM,79.0,89.0,1.0,29.81,Partly Cloudy,2024.0,2024,5771,28231,3990,37992
2024,01/05/2024,08:30 PM,4,สงขลา,7.110982822,100.3278123,2,0,2,0,1,2024-01-05 20:30:00,1/5/2024,8:30 PM,79.0,89.0,1.0,29.81,Partly Cloudy,2024.0,2024,9169,27389,2615,39173
2024,01/05/2024,08:30 PM,4,สงขลา,7.110982822,100.3278123,2,0,2,0,1,2024-01-05 20:30:00,1/5/2024,8:30 PM,79.0,89.0,1.0,29.81,Partly Cloudy,2024.0,2024,3564,13401,2646,19611
2024,01/05/2024,08:30 PM,4,สงขลา,7.110982822,100.3278123,2,0,2,0,1,2024-01-05 20:30:00,1/5/2024,8:30 PM,79.0,89.0,1.0,29.81,Partly Cloudy,2024.0,2024,3088,8877,2857,14822
2024,01/05/2024,08:30 PM,4,สงขลา,7.110982822,100.3278123,2,0,2,0,1,2024-01-05 20:30:00,1/5/2024,8:30 PM,79.0,89.0,1.0,29.81,Partly Cloudy,2024.0,2024,32369,154939,36513,223821
2024,01/06/2024,08:00 AM,4,สงขลา,6.947132364,100.4719958,2,0,1,1,1,2024-01-06 08:00:00,1/6/2024,8:00 AM,79.0,94.0,3.0,29.81,Partly Cloudy,2024.0,2024,4979,25022,9930,39931
2024,01/06/2024,08:00 AM,4,สงขลา,6.947132364,100.4719958,2,0,1,1,1,2024-01-06 08:00:00,1/6/2024,8:00 AM,79.0,94.0,3.0,29.81,Partly Cloudy,2024.0,2024,4489,21199,9541,35229
2024,01/06/2024,08:00 AM,4,สงขลา,6.947132364,100.4719958,2,0,1,1,1,2024-01-06 08:00:00,1/6/2024,8:00 AM,79.0,94.0,3.0,29.81,Partly Cloudy,2024.0,2024,1309,30820,4934,37063
2024,01/06/2024,08:00 AM,4,สงขลา,6.947132364,100.4719958,2,0,1,1,1,2024-01-06 08:00:00,1/6/2024,8:00 AM,79.0,94.0,3.0,29.81,Partly Cloudy,2024.0,2024,5771,28231,3990,37992
2024,01/06/2024,08:00 AM,4,สงขลา,6.947132364,100.4719958,2,0,1,1,1,2024-01-06 08:00:00,1/6/2024,8:00 AM,79.0,94.0,3.0,29.81,Partly Cloudy,2024.0,2024,9169,27389,2615,39173
2024,01/06/2024,08:00 AM,4,สงขลา,6.947132364,100.4719958,2,0,1,1,1,2024-01-06 08:00:00,1/6/2024,8:00 AM,79.0,94.0,3.0,29.81,Partly Cloudy,2024.0,2024,3564,13401,2646,19611
2024,01/06/2024,08:00 AM,4,สงขลา,6.947132364,100.4719958,2,0,1,1,1,2024-01-06 08:00:00,1/6/2024,8:00 AM,79.0,94.0,3.0,29.81,Partly Cloudy,2024.0,2024,3088,8877,2857,14822
2024,01/06/2024,08:00 AM,4,สงขลา,6.947132364,100.4719958,2,0,1,1,1,2024-01-06 08:00:00,1/6/2024,8:00 AM,79.0,94.0,3.0,29.81,Partly Cloudy,2024.0,2024,32369,154939,36513,223821
2024,16/01/2024,11:30 PM,4,สงขลา,6.976536889,100.4733666,1,0,1,0,1,2024-01-16 23:30:00,1/16/2024,11:30 PM,81.0,84.0,6.0,29.79,Partly Cloudy,2024.0,2024,4979,25022,9930,39931
2024,16/01/2024,11:30 PM,4,สงขลา,6.976536889,100.4733666,1,0,1,0,1,2024-01-16 23:30:00,1/16/2024,11:30 PM,81.0,84.0,6.0,29.79,Partly Cloudy,2024.0,2024,4489,21199,9541,35229
2024,16/01/2024,11:30 PM,4,สงขลา,6.976536889,100.4733666,1,0,1,0,1,2024-01-16 23:30:00,1/16/2024,11:30 PM,81.0,84.0,6.0,29.79,Partly Cloudy,2024.0,2024,1309,30820,4934,37063
2024,16/01/2024,11:30 PM,4,สงขลา,6.976536889,100.4733666,1,0,1,0,1,2024-01-16 23:30:00,1/16/2024,11:30 PM,81.0,84.0,6.0,29.79,Partly Cloudy,2024.0,2024,5771,28231,3990,37992
2024,16/01/2024,11:30 PM,4,สงขลา,6.976536889,100.4733666,1,0,1,0,1,2024-01-16 23:30:00,1/16/2024,11:30 PM,81.0,84.0,6.0,29.79,Partly Cloudy,2024.0,2024,9169,27389,2615,39173
2024,16/01/2024,11:30 PM,4,สงขลา,6.976536889,100.4733666,1,0,1,0,1,2024-01-16 23:30:00,1/16/2024,11:30 PM,81.0,84.0,6.0,29.79,Partly Cloudy,2024.0,2024,3564,13401,2646,19611
2024,16/01/2024,11:30 PM,4,สงขลา,6.976536889,100.4733666,1,0,1,0,1,2024-01-16 23:30:00,1/16/2024,11:30 PM,81.0,84.0,6.0,29.79,Partly Cloudy,2024.0,2024,3088,8877,2857,14822
2024,16/01/2024,11:30 PM,4,สงขลา,6.976536889,100.4733666,1,0,1,0,1,2024-01-16 23:30:00,1/16/2024,11:30 PM,81.0,84.0,6.0,29.79,Partly Cloudy,2024.0,2024,32369,154939,36513,223821
2024,20/01/2024,07:00 PM,4,สงขลา,7.142180627,100.2975061,2,1,1,0,1,2024-01-20 19:00:00,1/20/2024,7:00 PM,82.0,74.0,7.0,29.76,Partly Cloudy,2024.0,2024,4979,25022,9930,39931
2024,20/01/2024,07:00 PM,4,สงขลา,7.142180627,100.2975061,2,1,1,0,1,2024-01-20 19:00:00,1/20/2024,7:00 PM,82.0,74.0,7.0,29.76,Partly Cloudy,2024.0,2024,4489,21199,9541,35229
2024,20/01/2024,07:00 PM,4,สงขลา,7.142180627,100.2975061,2,1,1,0,1,2024-01-20 19:00:00,1/20/2024,7:00 PM,82.0,74.0,7.0,29.76,Partly Cloudy,2024.0,2024,1309,30820,4934,37063
2024,20/01/2024,07:00 PM,4,สงขลา,7.142180627,100.2975061,2,1,1,0,1,2024-01-20 19:00:00,1/20/2024,7:00 PM,82.0,74.0,7.0,29.76,Partly Cloudy,2024.0,2024,5771,28231,3990,37992
2024,20/01/2024,07:00 PM,4,สงขลา,7.142180627,100.2975061,2,1,1,0,1,2024-01-20 19:00:00,1/20/2024,7:00 PM,82.0,74.0,7.0,29.76,Partly Cloudy,2024.0,2024,9169,27389,2615,39173
2024,20/01/2024,07:00 PM,4,สงขลา,7.142180627,100.2975061,2,1,1,0,1,2024-01-20 19:00:00,1/20/2024,7:00 PM,82.0,74.0,7.0,29.76,Partly Cloudy,2024.0,2024,3564,13401,2646,19611
2024,20/01/2024,07:00 PM,4,สงขลา,7.142180627,100.2975061,2,1,1,0,1,2024-01-20 19:00:00,1/20/2024,7:00 PM,82.0,74.0,7.0,29.76,Partly Cloudy,2024.0,2024,3088,8877,2857,14822
2024,20/01/2024,07:00 PM,4,สงขลา,7.142180627,100.2975061,2,1,1,0,1,2024-01-20 19:00:00,1/20/2024,7:00 PM,82.0,74.0,7.0,29.76,Partly Cloudy,2024.0,2024,32369,154939,36513,223821
2024,23/01/2024,05:30 PM,4,สงขลา,6.754715884,100.4550321,3,0,2,1,1,2024-01-23 17:30:00,1/23/2024,5:30 PM,84.0,74.0,12.0,29.76,Mostly Cloudy,2024.0,2024,4979,25022,9930,39931
2024,23/01/2024,05:30 PM,4,สงขลา,6.754715884,100.4550321,3,0,2,1,1,2024-01-23 17:30:00,1/23/2024,5:30 PM,84.0,74.0,12.0,29.76,Mostly Cloudy,2024.0,2024,4489,21199,9541,35229
2024,23/01/2024,05:30 PM,4,สงขลา,6.754715884,100.4550321,3,0,2,1,1,2024-01-23 17:30:00,1/23/2024,5:30 PM,84.0,74.0,12.0,29.76,Mostly Cloudy,2024.0,2024,1309,30820,4934,37063
2024,23/01/2024,05:30 PM,4,สงขลา,6.754715884,100.4550321,3,0,2,1,1,2024-01-23 17:30:00,1/23/2024,5:30 PM,84.0,74.0,12.0,29.76,Mostly Cloudy,2024.0,2024,5771,28231,3990,37992
2024,23/01/2024,05:30 PM,4,สงขลา,6.754715884,100.4550321,3,0,2,1,1,2024-01-23 17:30:00,1/23/2024,5:30 PM,84.0,74.0,12.0,29.76,Mostly Cloudy,2024.0,2024,9169,27389,2615,39173
2024,23/01/2024,05:30 PM,4,สงขลา,6.754715884,100.4550321,3,0,2,1,1,2024-01-23 17:30:00,1/23/2024,5:30 PM,84.0,74.0,12.0,29.76,Mostly Cloudy,2024.0,2024,3564,13401,2646,19611
2024,23/01/2024,05:30 PM,4,สงขลา,6.754715884,100.4550321,3,0,2,1,1,2024-01-23 17:30:00,1/23/2024,5:30 PM,84.0,74.0,12.0,29.76,Mostly Cloudy,2024.0,2024,3088,8877,2857,14822
2024,23/01/2024,05:30 PM,4,สงขลา,6.754715884,100.4550321,3,0,2,1,1,2024-01-23 17:30:00,1/23/2024,5:30 PM,84.0,74.0,12.0,29.76,Mostly Cloudy,2024.0,2024,32369,154939,36513,223821
2024,26/01/2024,02:30 AM,4,สงขลา,6.980985006,100.4601721,1,0,0,1,1,2024-01-26 02:30:00,1/26/2024,2:30 AM,79.0,89.0,6.0,29.87,Mostly Cloudy,2024.0,2024,4979,25022,9930,39931
2024,26/01/2024,02:30 AM,4,สงขลา,6.980985006,100.4601721,1,0,0,1,1,2024-01-26 02:30:00,1/26/2024,2:30 AM,79.0,89.0,6.0,29.87,Mostly Cloudy,2024.0,2024,4489,21199,9541,35229
2024,26/01/2024,02:30 AM,4,สงขลา,6.980985006,100.4601721,1,0,0,1,1,2024-01-26 02:30:00,1/26/2024,2:30 AM,79.0,89.0,6.0,29.87,Mostly Cloudy,2024.0,2024,1309,30820,4934,37063
2024,26/01/2024,02:30 AM,4,สงขลา,6.980985006,100.4601721,1,0,0,1,1,2024-01-26 02:30:00,1/26/2024,2:30 AM,79.0,89.0,6.0,29.87,Mostly Cloudy,2024.0,2024,5771,28231,3990,37992
2024,26/01/2024,02:30 AM,4,สงขลา,6.980985006,100.4601721,1,0,0,1,1,2024-01-26 02:30:00,1/26/2024,2:30 AM,79.0,89.0,6.0,29.87,Mostly Cloudy,2024.0,2024,9169,27389,2615,39173
2024,26/01/2024,02:30 AM,4,สงขลา,6.980985006,100.4601721,1,0,0,1,1,2024-01-26 02:30:00,1/26/2024,2:30 AM,79.0,89.0,6.0,29.87,Mostly Cloudy,2024.0,2024,3564,13401,2646,19611
2024,26/01/2024,02:30 AM,4,สงขลา,6.980985006,100.4601721,1,0,0,1,1,2024-01-26 02:30:00,1/26/2024,2:30 AM,79.0,89.0,6.0,29.87,Mostly Cloudy,2024.0,2024,3088,8877,2857,14822
2024,26/01/2024,02:30 AM,4,สงขลา,6.980985006,100.4601721,1,0,0,1,1,2024-01-26 02:30:00,1/26/2024,2:30 AM,79.0,89.0,6.0,29.87,Mostly Cloudy,2024.0,2024,32369,154939,36513,223821
2024,02/07/2024,05:00 AM,4,สงขลา,6.677907872,100.4375375,1,0,1,0,1,2024-02-07 05:00:00,2/7/2024,5:00 AM,75.0,94.0,3.0,29.79,Partly Cloudy,2024.0,2024,4979,25022,9930,39931
2024,02/07/2024,05:00 AM,4,สงขลา,6.677907872,100.4375375,1,0,1,0,1,2024-02-07 05:00:00,2/7/2024,5:00 AM,75.0,94.0,3.0,29.79,Partly Cloudy,2024.0,2024,4489,21199,9541,35229
2024,02/07/2024,05:00 AM,4,สงขลา,6.677907872,100.4375375,1,0,1,0,1,2024-02-07 05:00:00,2/7/2024,5:00 AM,75.0,94.0,3.0,29.79,Partly Cloudy,2024.0,2024,1309,30820,4934,37063
2024,02/07/2024,05:00 AM,4,สงขลา,6.677907872,100.4375375,1,0,1,0,1,2024-02-07 05:00:00,2/7/2024,5:00 AM,75.0,94.0,3.0,29.79,Partly Cloudy,2024.0,2024,5771,28231,3990,37992
2024,02/07/2024,05:00 AM,4,สงขลา,6.677907872,100.4375375,1,0,1,0,1,2024-02-07 05:00:00,2/7/2024,5:00 AM,75.0,94.0,3.0,29.79,Partly Cloudy,2024.0,2024,9169,27389,2615,39173
2024,02/07/2024,05:00 AM,4,สงขลา,6.677907872,100.4375375,1,0,1,0,1,2024-02-07 05:00:00,2/7/2024,5:00 AM,75.0,94.0,3.0,29.79,Partly Cloudy,2024.0,2024,3564,13401,2646,19611
2024,02/07/2024,05:00 AM,4,สงขลา,6.677907872,100.4375375,1,0,1,0,1,2024-02-07 05:00:00,2/7/2024,5:00 AM,75.0,94.0,3.0,29.79,Partly Cloudy,2024.0,2024,3088,8877,2857,14822
2024,02/07/2024,05:00 AM,4,สงขลา,6.677907872,100.4375375,1,0,1,0,1,2024-02-07 05:00:00,2/7/2024,5:00 AM,75.0,94.0,3.0,29.79,Partly Cloudy,2024.0,2024,32369,154939,36513,223821
2024,02/10/2024,10:30 AM,4,สงขลา,7.057311353,100.3754136,1,0,1,0,1,2024-02-10 10:30:00,2/10/2024,10:30 AM,88.0,70.0,15.0,29.9,Partly Cloudy,2024.0,2024,4979,25022,9930,39931
2024,02/10/2024,10:30 AM,4,สงขลา,7.057311353,100.3754136,1,0,1,0,1,2024-02-10 10:30:00,2/10/2024,10:30 AM,88.0,70.0,15.0,29.9,Partly Cloudy,2024.0,2024,4489,21199,9541,35229
2024,02/10/2024,10:30 AM,4,สงขลา,7.057311353,100.3754136,1,0,1,0,1,2024-02-10 10:30:00,2/10/2024,10:30 AM,88.0,70.0,15.0,29.9,Partly Cloudy,2024.0,2024,1309,30820,4934,37063
2024,02/10/2024,10:30 AM,4,สงขลา,7.057311353,100.3754136,1,0,1,0,1,2024-02-10 10:30:00,2/10/2024,10:30 AM,88.0,70.0,15.0,29.9,Partly Cloudy,2024.0,2024,5771,28231,3990,37992
2024,02/10/2024,10:30 AM,4,สงขลา,7.057311353,100.3754136,1,0,1,0,1,2024-02-10 10:30:00,2/10/2024,10:30 AM,88.0,70.0,15.0,29.9,Partly Cloudy,2024.0,2024,9169,27389,2615,39173
2024,02/10/2024,10:30 AM,4,สงขลา,7.057311353,100.3754136,1,0,1,0,1,2024-02-10 10:30:00,2/10/2024,10:30 AM,88.0,70.0,15.0,29.9,Partly Cloudy,2024.0,2024,3564,13401,2646,19611
2024,02/10/2024,10:30 AM,4,สงขลา,7.057311353,100.3754136,1,0,1,0,1,2024-02-10 10:30:00,2/10/2024,10:30 AM,88.0,70.0,15.0,29.9,Partly Cloudy,2024.0,2024,3088,8877,2857,14822
2024,02/10/2024,10:30 AM,4,สงขลา,7.057311353,100.3754136,1,0,1,0,1,2024-02-10 10:30:00,2/10/2024,10:30 AM,88.0,70.0,15.0,29.9,Partly Cloudy,2024.0,2024,32369,154939,36513,223821
2024,23/02/2024,08:30 PM,4,สงขลา,6.77135372,100.4561788,2,1,1,0,1,2024-02-23 20:30:00,2/23/2024,8:30 PM,81.0,79.0,7.0,29.79,Fair,2024.0,2024,4979,25022,9930,39931
2024,23/02/2024,08:30 PM,4,สงขลา,6.77135372,100.4561788,2,1,1,0,1,2024-02-23 20:30:00,2/23/2024,8:30 PM,81.0,79.0,7.0,29.79,Fair,2024.0,2024,4489,21199,9541,35229
2024,23/02/2024,08:30 PM,4,สงขลา,6.77135372,100.4561788,2,1,1,0,1,2024-02-23 20:30:00,2/23/2024,8:30 PM,81.0,79.0,7.0,29.79,Fair,2024.0,2024,1309,30820,4934,37063
2024,23/02/2024,08:30 PM,4,สงขลา,6.77135372,100.4561788,2,1,1,0,1,2024-02-23 20:30:00,2/23/2024,8:30 PM,81.0,79.0,7.0,29.79,Fair,2024.0,2024,5771,28231,3990,37992
2024,23/02/2024,08:30 PM,4,สงขลา,6.77135372,100.4561788,2,1,1,0,1,2024-02-23 20:30:00,2/23/2024,8:30 PM,81.0,79.0,7.0,29.79,Fair,2024.0,2024,9169,27389,2615,39173
2024,23/02/2024,08:30 PM,4,สงขลา,6.77135372,100.4561788,2,1,1,0,1,2024-02-23 20:30:00,2/23/2024,8:30 PM,81.0,79.0,7.0,29.79,Fair,2024.0,2024,3564,13401,2646,19611
2024,23/02/2024,08:30 PM,4,สงขลา,6.77135372,100.4561788,2,1,1,0,1,2024-02-23 20:30:00,2/23/2024,8:30 PM,81.0,79.0,7.0,29.79,Fair,2024.0,2024,3088,8877,2857,14822
2024,23/02/2024,08:30 PM,4,สงขลา,6.77135372,100.4561788,2,1,1,0,1,2024-02-23 20:30:00,2/23/2024,8:30 PM,81.0,79.0,7.0,29.79,Fair,2024.0,2024,32369,154939,36513,223821
2024,03/01/2024,03:00 PM,4,สงขลา,6.706090205,100.4438246,2,1,0,1,1,2024-03-01 15:00:00,3/1/2024,3:00 PM,91.0,55.0,15.0,29.7,Fair,2024.0,2024,4979,25022,9930,39931
2024,03/01/2024,03:00 PM,4,สงขลา,6.706090205,100.4438246,2,1,0,1,1,2024-03-01 15:00:00,3/1/2024,3:00 PM,91.0,55.0,15.0,29.7,Fair,2024.0,2024,4489,21199,9541,35229
2024,03/01/2024,03:00 PM,4,สงขลา,6.706090205,100.4438246,2,1,0,1,1,2024-03-01 15:00:00,3/1/2024,3:00 PM,91.0,55.0,15.0,29.7,Fair,2024.0,2024,1309,30820,4934,37063
2024,03/01/2024,03:00 PM,4,สงขลา,6.706090205,100.4438246,2,1,0,1,1,2024-03-01 15:00:00,3/1/2024,3:00 PM,91.0,55.0,15.0,29.7,Fair,2024.0,2024,5771,28231,3990,37992
2024,03/01/2024,03:00 PM,4,สงขลา,6.706090205,100.4438246,2,1,0,1,1,2024-03-01 15:00:00,3/1/2024,3:00 PM,91.0,55.0,15.0,29.7,Fair,2024.0,2024,9169,27389,2615,39173
2024,03/01/2024,03:00 PM,4,สงขลา,6.706090205,100.4438246,2,1,0,1,1,2024-03-01 15:00:00,3/1/2024,3:00 PM,91.0,55.0,15.0,29.7,Fair,2024.0,2024,3564,13401,2646,19611
2024,03/01/2024,03:00 PM,4,สงขลา,6.706090205,100.4438246,2,1,0,1,1,2024-03-01 15:00:00,3/1/2024,3:00 PM,91.0,55.0,15.0,29.7,Fair,2024.0,2024,3088,8877,2857,14822
2024,03/01/2024,03:00 PM,4,สงขลา,6.706090205,100.4438246,2,1,0,1,1,2024-03-01 15:00:00,3/1/2024,3:00 PM,91.0,55.0,15.0,29.7,Fair,2024.0,2024,32369,154939,36513,223821
2024,03/08/2024,11:00 AM,4,สงขลา,6.577877329,100.4109554,2,0,2,0,1,2024-03-08 11:00:00,3/8/2024,11:00 AM,91.0,59.0,3.0,29.76,Fair,2024.0,2024,4979,25022,9930,39931
2024,03/08/2024,11:00 AM,4,สงขลา,6.577877329,100.4109554,2,0,2,0,1,2024-03-08 11:00:00,3/8/2024,11:00 AM,91.0,59.0,3.0,29.76,Fair,2024.0,2024,4489,21199,9541,35229
2024,03/08/2024,11:00 AM,4,สงขลา,6.577877329,100.4109554,2,0,2,0,1,2024-03-08 11:00:00,3/8/2024,11:00 AM,91.0,59.0,3.0,29.76,Fair,2024.0,2024,1309,30820,4934,37063
2024,03/08/2024,11:00 AM,4,สงขลา,6.577877329,100.4109554,2,0,2,0,1,2024-03-08 11:00:00,3/8/2024,11:00 AM,91.0,59.0,3.0,29.76,Fair,2024.0,2024,5771,28231,3990,37992
2024,03/08/2024,11:00 AM,4,สงขลา,6.577877329,100.4109554,2,0,2,0,1,2024-03-08 11:00:00,3/8/2024,11:00 AM,91.0,59.0,3.0,29.76,Fair,2024.0,2024,9169,27389,2615,39173
2024,03/08/2024,11:00 AM,4,สงขลา,6.577877329,100.4109554,2,0,2,0,1,2024-03-08 11:00:00,3/8/2024,11:00 AM,91.0,59.0,3.0,29.76,Fair,2024.0,2024,3564,13401,2646,19611
2024,03/08/2024,11:00 AM,4,สงขลา,6.577877329,100.4109554,2,0,2,0,1,2024-03-08 11:00:00,3/8/2024,11:00 AM,91.0,59.0,3.0,29.76,Fair,2024.0,2024,3088,8877,2857,14822
2024,03/08/2024,11:00 AM,4,สงขลา,6.577877329,100.4109554,2,0,2,0,1,2024-03-08 11:00:00,3/8/2024,11:00 AM,91.0,59.0,3.0,29.76,Fair,2024.0,2024,32369,154939,36513,223821
2024,13/03/2024,09:00 AM,4,สงขลา,7.118241911,100.3213953,1,0,1,0,1,2024-03-13 09:00:00,3/13/2024,9:00 AM,84.0,79.0,6.0,29.84,Fair,2024.0,2024,4979,25022,9930,39931
2024,13/03/2024,09:00 AM,4,สงขลา,7.118241911,100.3213953,1,0,1,0,1,2024-03-13 09:00:00,3/13/2024,9:00 AM,84.0,79.0,6.0,29.84,Fair,2024.0,2024,4489,21199,9541,35229
2024,13/03/2024,09:00 AM,4,สงขลา,7.118241911,100.3213953,1,0,1,0,1,2024-03-13 09:00:00,3/13/2024,9:00 AM,84.0,79.0,6.0,29.84,Fair,2024.0,2024,1309,30820,4934,37063
2024,13/03/2024,09:00 AM,4,สงขลา,7.118241911,100.3213953,1,0,1,0,1,2024-03-13 09:00:00,3/13/2024,9:00 AM,84.0,79.0,6.0,29.84,Fair,2024.0,2024,5771,28231,3990,37992
2024,13/03/2024,09:00 AM,4,สงขลา,7.118241911,100.3213953,1,0,1,0,1,2024-03-13 09:00:00,3/13/2024,9:00 AM,84.0,79.0,6.0,29.84,Fair,2024.0,2024,9169,27389,2615,39173
2024,13/03/2024,09:00 AM,4,สงขลา,7.118241911,100.3213953,1,0,1,0,1,2024-03-13 09:00:00,3/13/2024,9:00 AM,84.0,79.0,6.0,29.84,Fair,2024.0,2024,3564,13401,2646,19611
2024,13/03/2024,09:00 AM,4,สงขลา,7.118241911,100.3213953,1,0,1,0,1,2024-03-13 09:00:00,3/13/2024,9:00 AM,84.0,79.0,6.0,29.84,Fair,2024.0,2024,3088,8877,2857,14822
2024,13/03/2024,09:00 AM,4,สงขลา,7.118241911,100.3213953,1,0,1,0,1,2024-03-13 09:00:00,3/13/2024,9:00 AM,84.0,79.0,6.0,29.84,Fair,2024.0,2024,32369,154939,36513,223821
2024,14/03/2024,12:30 PM,4,สงขลา,6.817128177,100.4578781,2,0,1,1,1,2024-03-14 12:30:00,3/14/2024,12:30 PM,95.0,53.0,10.0,29.79,Partly Cloudy,2024.0,2024,4979,25022,9930,39931
2024,14/03/2024,12:30 PM,4,สงขลา,6.817128177,100.4578781,2,0,1,1,1,2024-03-14 12:30:00,3/14/2024,12:30 PM,95.0,53.0,10.0,29.79,Partly Cloudy,2024.0,2024,4489,21199,9541,35229
2024,14/03/2024,12:30 PM,4,สงขลา,6.817128177,100.4578781,2,0,1,1,1,2024-03-14 12:30:00,3/14/2024,12:30 PM,95.0,53.0,10.0,29.79,Partly Cloudy,2024.0,2024,1309,30820,4934,37063
2024,14/03/2024,12:30 PM,4,สงขลา,6.817128177,100.4578781,2,0,1,1,1,2024-03-14 12:30:00,3/14/2024,12:30 PM,95.0,53.0,10.0,29.79,Partly Cloudy,2024.0,2024,5771,28231,3990,37992
2024,14/03/2024,12:30 PM,4,สงขลา,6.817128177,100.4578781,2,0,1,1,1,2024-03-14 12:30:00,3/14/2024,12:30 PM,95.0,53.0,10.0,29.79,Partly Cloudy,2024.0,2024,9169,27389,2615,39173
2024,14/03/2024,12:30 PM,4,สงขลา,6.817128177,100.4578781,2,0,1,1,1,2024-03-14 12:30:00,3/14/2024,12:30 PM,95.0,53.0,10.0,29.79,Partly Cloudy,2024.0,2024,3564,13401,2646,19611
2024,14/03/2024,12:30 PM,4,สงขลา,6.817128177,100.4578781,2,0,1,1,1,2024-03-14 12:30:00,3/14/2024,12:30 PM,95.0,53.0,10.0,29.79,Partly Cloudy,2024.0,2024,3088,8877,2857,14822
2024,14/03/2024,12:30 PM,4,สงขลา,6.817128177,100.4578781,2,0,1,1,1,2024-03-14 12:30:00,3/14/2024,12:30 PM,95.0,53.0,10.0,29.79,Partly Cloudy,2024.0,2024,32369,154939,36513,223821
2024,15/03/2024,04:00 AM,4,สงขลา,6.98575675,100.4395865,1,0,0,1,1,2024-03-15 04:00:00,3/15/2024,4:00 AM,75.0,94.0,1.0,29.73,Fair,2024.0,2024,4979,25022,9930,39931
2024,15/03/2024,04:00 AM,4,สงขลา,6.98575675,100.4395865,1,0,0,1,1,2024-03-15 04:00:00,3/15/2024,4:00 AM,75.0,94.0,1.0,29.73,Fair,2024.0,2024,4489,21199,9541,35229
2024,15/03/2024,04:00 AM,4,สงขลา,6.98575675,100.4395865,1,0,0,1,1,2024-03-15 04:00:00,3/15/2024,4:00 AM,75.0,94.0,1.0,29.73,Fair,2024.0,2024,1309,30820,4934,37063
2024,15/03/2024,04:00 AM,4,สงขลา,6.98575675,100.4395865,1,0,0,1,1,2024-03-15 04:00:00,3/15/2024,4:00 AM,75.0,94.0,1.0,29.73,Fair,2024.0,2024,5771,28231,3990,37992
2024,15/03/2024,04:00 AM,4,สงขลา,6.98575675,100.4395865,1,0,0,1,1,2024-03-15 04:00:00,3/15/2024,4:00 AM,75.0,94.0,1.0,29.73,Fair,2024.0,2024,9169,27389,2615,39173
2024,15/03/2024,04:00 AM,4,สงขลา,6.98575675,100.4395865,1,0,0,1,1,2024-03-15 04:00:00,3/15/2024,4:00 AM,75.0,94.0,1.0,29.73,Fair,2024.0,2024,3564,13401,2646,19611
2024,15/03/2024,04:00 AM,4,สงขลา,6.98575675,100.4395865,1,0,0,1,1,2024-03-15 04:00:00,3/15/2024,4:00 AM,75.0,94.0,1.0,29.73,Fair,2024.0,2024,3088,8877,2857,14822
2024,15/03/2024,04:00 AM,4,สงขลา,6.98575675,100.4395865,1,0,0,1,1,2024-03-15 04:00:00,3/15/2024,4:00 AM,75.0,94.0,1.0,29.73,Fair,2024.0,2024,32369,154939,36513,223821
2024,21/03/2024,02:30 PM,4,สงขลา,6.65132702,100.4287979,1,0,1,0,1,2024-03-21 14:30:00,3/21/2024,2:30 PM,95.0,49.0,14.0,29.7,Fair,2024.0,2024,4979,25022,9930,39931
2024,21/03/2024,02:30 PM,4,สงขลา,6.65132702,100.4287979,1,0,1,0,1,2024-03-21 14:30:00,3/21/2024,2:30 PM,95.0,49.0,14.0,29.7,Fair,2024.0,2024,4489,21199,9541,35229
2024,21/03/2024,02:30 PM,4,สงขลา,6.65132702,100.4287979,1,0,1,0,1,2024-03-21 14:30:00,3/21/2024,2:30 PM,95.0,49.0,14.0,29.7,Fair,2024.0,2024,1309,30820,4934,37063
2024,21/03/2024,02:30 PM,4,สงขลา,6.65132702,100.4287979,1,0,1,0,1,2024-03-21 14:30:00,3/21/2024,2:30 PM,95.0,49.0,14.0,29.7,Fair,2024.0,2024,5771,28231,3990,37992
2024,21/03/2024,02:30 PM,4,สงขลา,6.65132702,100.4287979,1,0,1,0,1,2024-03-21 14:30:00,3/21/2024,2:30 PM,95.0,49.0,14.0,29.7,Fair,2024.0,2024,9169,27389,2615,39173
2024,21/03/2024,02:30 PM,4,สงขลา,6.65132702,100.4287979,1,0,1,0,1,2024-03-21 14:30:00,3/21/2024,2:30 PM,95.0,49.0,14.0,29.7,Fair,2024.0,2024,3564,13401,2646,19611
2024,21/03/2024,02:30 PM,4,สงขลา,6.65132702,100.4287979,1,0,1,0,1,2024-03-21 14:30:00,3/21/2024,2:30 PM,95.0,49.0,14.0,29.7,Fair,2024.0,2024,3088,8877,2857,14822
2024,21/03/2024,02:30 PM,4,สงขลา,6.65132702,100.4287979,1,0,1,0,1,2024-03-21 14:30:00,3/21/2024,2:30 PM,95.0,49.0,14.0,29.7,Fair,2024.0,2024,32369,154939,36513,223821
2024,22/03/2024,04:30 AM,4,สงขลา,7.004101436,100.4150887,1,0,1,0,1,2024-03-22 04:30:00,3/22/2024,4:30 AM,73.0,88.0,3.0,29.67,Fair,2024.0,2024,4979,25022,9930,39931
2024,22/03/2024,04:30 AM,4,สงขลา,7.004101436,100.4150887,1,0,1,0,1,2024-03-22 04:30:00,3/22/2024,4:30 AM,73.0,88.0,3.0,29.67,Fair,2024.0,2024,4489,21199,9541,35229
2024,22/03/2024,04:30 AM,4,สงขลา,7.004101436,100.4150887,1,0,1,0,1,2024-03-22 04:30:00,3/22/2024,4:30 AM,73.0,88.0,3.0,29.67,Fair,2024.0,2024,1309,30820,4934,37063
2024,22/03/2024,04:30 AM,4,สงขลา,7.004101436,100.4150887,1,0,1,0,1,2024-03-22 04:30:00,3/22/2024,4:30 AM,73.0,88.0,3.0,29.67,Fair,2024.0,2024,5771,28231,3990,37992
2024,22/03/2024,04:30 AM,4,สงขลา,7.004101436,100.4150887,1,0,1,0,1,2024-03-22 04:30:00,3/22/2024,4:30 AM,73.0,88.0,3.0,29.67,Fair,2024.0,2024,9169,27389,2615,39173
2024,22/03/2024,04:30 AM,4,สงขลา,7.004101436,100.4150887,1,0,1,0,1,2024-03-22 04:30:00,3/22/2024,4:30 AM,73.0,88.0,3.0,29.67,Fair,2024.0,2024,3564,13401,2646,19611
2024,22/03/2024,04:30 AM,4,สงขลา,7.004101436,100.4150887,1,0,1,0,1,2024-03-22 04:30:00,3/22/2024,4:30 AM,73.0,88.0,3.0,29.67,Fair,2024.0,2024,3088,8877,2857,14822
2024,22/03/2024,04:30 AM,4,สงขลา,7.004101436,100.4150887,1,0,1,0,1,2024-03-22 04:30:00,3/22/2024,4:30 AM,73.0,88.0,3.0,29.67,Fair,2024.0,2024,32369,154939,36513,223821
2024,04/03/2024,01:00 AM,4,สงขลา,6.589080313,100.414048,1,0,0,1,1,2024-04-03 01:00:00,4/3/2024,1:00 AM,79.0,89.0,5.0,29.7,Fair,2024.0,2024,4979,25022,9930,39931
2024,04/03/2024,01:00 AM,4,สงขลา,6.589080313,100.414048,1,0,0,1,1,2024-04-03 01:00:00,4/3/2024,1:00 AM,79.0,89.0,5.0,29.7,Fair,2024.0,2024,4489,21199,9541,35229
2024,04/03/2024,01:00 AM,4,สงขลา,6.589080313,100.414048,1,0,0,1,1,2024-04-03 01:00:00,4/3/2024,1:00 AM,79.0,89.0,5.0,29.7,Fair,2024.0,2024,1309,30820,4934,37063
2024,04/03/2024,01:00 AM,4,สงขลา,6.589080313,100.414048,1,0,0,1,1,2024-04-03 01:00:00,4/3/2024,1:00 AM,79.0,89.0,5.0,29.7,Fair,2024.0,2024,5771,28231,3990,37992
2024,04/03/2024,01:00 AM,4,สงขลา,6.589080313,100.414048,1,0,0,1,1,2024-04-03 01:00:00,4/3/2024,1:00 AM,79.0,89.0,5.0,29.7,Fair,2024.0,2024,9169,27389,2615,39173
2024,04/03/2024,01:00 AM,4,สงขลา,6.589080313,100.414048,1,0,0,1,1,2024-04-03 01:00:00,4/3/2024,1:00 AM,79.0,89.0,5.0,29.7,Fair,2024.0,2024,3564,13401,2646,19611
2024,04/03/2024,01:00 AM,4,สงขลา,6.589080313,100.414048,1,0,0,1,1,2024-04-03 01:00:00,4/3/2024,1:00 AM,79.0,89.0,5.0,29.7,Fair,2024.0,2024,3088,8877,2857,14822
2024,04/03/2024,01:00 AM,4,สงขลา,6.589080313,100.414048,1,0,0,1,1,2024-04-03 01:00:00,4/3/2024,1:00 AM,79.0,89.0,5.0,29.7,Fair,2024.0,2024,32369,154939,36513,223821
2024,13/04/2024,09:30 AM,4,สงขลา,6.78138835,100.4529682,1,0,1,0,1,2024-04-13 09:30:00,4/13/2024,9:30 AM,90.0,70.0,5.0,29.76,Fair,2024.0,2024,4979,25022,9930,39931
2024,13/04/2024,09:30 AM,4,สงขลา,6.78138835,100.4529682,1,0,1,0,1,2024-04-13 09:30:00,4/13/2024,9:30 AM,90.0,70.0,5.0,29.76,Fair,2024.0,2024,4489,21199,9541,35229
2024,13/04/2024,09:30 AM,4,สงขลา,6.78138835,100.4529682,1,0,1,0,1,2024-04-13 09:30:00,4/13/2024,9:30 AM,90.0,70.0,5.0,29.76,Fair,2024.0,2024,1309,30820,4934,37063
2024,13/04/2024,09:30 AM,4,สงขลา,6.78138835,100.4529682,1,0,1,0,1,2024-04-13 09:30:00,4/13/2024,9:30 AM,90.0,70.0,5.0,29.76,Fair,2024.0,2024,5771,28231,3990,37992
2024,13/04/2024,09:30 AM,4,สงขลา,6.78138835,100.4529682,1,0,1,0,1,2024-04-13 09:30:00,4/13/2024,9:30 AM,90.0,70.0,5.0,29.76,Fair,2024.0,2024,9169,27389,2615,39173
2024,13/04/2024,09:30 AM,4,สงขลา,6.78138835,100.4529682,1,0,1,0,1,2024-04-13 09:30:00,4/13/2024,9:30 AM,90.0,70.0,5.0,29.76,Fair,2024.0,2024,3564,13401,2646,19611
2024,13/04/2024,09:30 AM,4,สงขลา,6.78138835,100.4529682,1,0,1,0,1,2024-04-13 09:30:00,4/13/2024,9:30 AM,90.0,70.0,5.0,29.76,Fair,2024.0,2024,3088,8877,2857,14822
2024,13/04/2024,09:30 AM,4,สงขลา,6.78138835,100.4529682,1,0,1,0,1,2024-04-13 09:30:00,4/13/2024,9:30 AM,90.0,70.0,5.0,29.76,Fair,2024.0,2024,32369,154939,36513,223821
2024,13/04/2024,02:30 PM,4,สงขลา,6.735970498,100.4504268,1,0,1,0,1,2024-04-13 14:30:00,4/13/2024,2:30 PM,97.0,47.0,15.0,29.67,Fair,2024.0,2024,4979,25022,9930,39931
2024,13/04/2024,02:30 PM,4,สงขลา,6.735970498,100.4504268,1,0,1,0,1,2024-04-13 14:30:00,4/13/2024,2:30 PM,97.0,47.0,15.0,29.67,Fair,2024.0,2024,4489,21199,9541,35229
2024,13/04/2024,02:30 PM,4,สงขลา,6.735970498,100.4504268,1,0,1,0,1,2024-04-13 14:30:00,4/13/2024,2:30 PM,97.0,47.0,15.0,29.67,Fair,2024.0,2024,1309,30820,4934,37063
2024,13/04/2024,02:30 PM,4,สงขลา,6.735970498,100.4504268,1,0,1,0,1,2024-04-13 14:30:00,4/13/2024,2:30 PM,97.0,47.0,15.0,29.67,Fair,2024.0,2024,5771,28231,3990,37992
2024,13/04/2024,02:30 PM,4,สงขลา,6.735970498,100.4504268,1,0,1,0,1,2024-04-13 14:30:00,4/13/2024,2:30 PM,97.0,47.0,15.0,29.67,Fair,2024.0,2024,9169,27389,2615,39173
2024,13/04/2024,02:30 PM,4,สงขลา,6.735970498,100.4504268,1,0,1,0,1,2024-04-13 14:30:00,4/13/2024,2:30 PM,97.0,47.0,15.0,29.67,Fair,2024.0,2024,3564,13401,2646,19611
2024,13/04/2024,02:30 PM,4,สงขลา,6.735970498,100.4504268,1,0,1,0,1,2024-04-13 14:30:00,4/13/2024,2:30 PM,97.0,47.0,15.0,29.67,Fair,2024.0,2024,3088,8877,2857,14822
2024,13/04/2024,02:30 PM,4,สงขลา,6.735970498,100.4504268,1,0,1,0,1,2024-04-13 14:30:00,4/13/2024,2:30 PM,97.0,47.0,15.0,29.67,Fair,2024.0,2024,32369,154939,36513,223821
2024,16/04/2024,07:00 AM,4,สงขลา,6.596085213,100.4157753,2,1,1,0,1,2024-04-16 07:00:00,4/16/2024,7:00 AM,79.0,89.0,0.0,29.73,Fair,2024.0,2024,4979,25022,9930,39931
2024,16/04/2024,07:00 AM,4,สงขลา,6.596085213,100.4157753,2,1,1,0,1,2024-04-16 07:00:00,4/16/2024,7:00 AM,79.0,89.0,0.0,29.73,Fair,2024.0,2024,4489,21199,9541,35229
2024,16/04/2024,07:00 AM,4,สงขลา,6.596085213,100.4157753,2,1,1,0,1,2024-04-16 07:00:00,4/16/2024,7:00 AM,79.0,89.0,0.0,29.73,Fair,2024.0,2024,1309,30820,4934,37063
2024,16/04/2024,07:00 AM,4,สงขลา,6.596085213,100.4157753,2,1,1,0,1,2024-04-16 07:00:00,4/16/2024,7:00 AM,79.0,89.0,0.0,29.73,Fair,2024.0,2024,5771,28231,3990,37992
2024,16/04/2024,07:00 AM,4,สงขลา,6.596085213,100.4157753,2,1,1,0,1,2024-04-16 07:00:00,4/16/2024,7:00 AM,79.0,89.0,0.0,29.73,Fair,2024.0,2024,9169,27389,2615,39173
2024,16/04/2024,07:00 AM,4,สงขลา,6.596085213,100.4157753,2,1,1,0,1,2024-04-16 07:00:00,4/16/2024,7:00 AM,79.0,89.0,0.0,29.73,Fair,2024.0,2024,3564,13401,2646,19611
2024,16/04/2024,07:00 AM,4,สงขลา,6.596085213,100.4157753,2,1,1,0,1,2024-04-16 07:00:00,4/16/2024,7:00 AM,79.0,89.0,0.0,29.73,Fair,2024.0,2024,3088,8877,2857,14822
2024,16/04/2024,07:00 AM,4,สงขลา,6.596085213,100.4157753,2,1,1,0,1,2024-04-16 07:00:00,4/16/2024,7:00 AM,79.0,89.0,0.0,29.73,Fair,2024.0,2024,32369,154939,36513,223821
2024,16/04/2024,06:00 PM,4,สงขลา,6.779000567,100.4528368,2,1,1,0,1,2024-04-16 18:00:00,4/16/2024,6:00 PM,88.0,66.0,13.0,29.64,Fair,2024.0,2024,4979,25022,9930,39931
2024,16/04/2024,06:00 PM,4,สงขลา,6.779000567,100.4528368,2,1,1,0,1,2024-04-16 18:00:00,4/16/2024,6:00 PM,88.0,66.0,13.0,29.64,Fair,2024.0,2024,4489,21199,9541,35229
2024,16/04/2024,06:00 PM,4,สงขลา,6.779000567,100.4528368,2,1,1,0,1,2024-04-16 18:00:00,4/16/2024,6:00 PM,88.0,66.0,13.0,29.64,Fair,2024.0,2024,1309,30820,4934,37063
2024,16/04/2024,06:00 PM,4,สงขลา,6.779000567,100.4528368,2,1,1,0,1,2024-04-16 18:00:00,4/16/2024,6:00 PM,88.0,66.0,13.0,29.64,Fair,2024.0,2024,5771,28231,3990,37992
2024,16/04/2024,06:00 PM,4,สงขลา,6.779000567,100.4528368,2,1,1,0,1,2024-04-16 18:00:00,4/16/2024,6:00 PM,88.0,66.0,13.0,29.64,Fair,2024.0,2024,9169,27389,2615,39173
2024,16/04/2024,06:00 PM,4,สงขลา,6.779000567,100.4528368,2,1,1,0,1,2024-04-16 18:00:00,4/16/2024,6:00 PM,88.0,66.0,13.0,29.64,Fair,2024.0,2024,3564,13401,2646,19611
2024,16/04/2024,06:00 PM,4,สงขลา,6.779000567,100.4528368,2,1,1,0,1,2024-04-16 18:00:00,4/16/2024,6:00 PM,88.0,66.0,13.0,29.64,Fair,2024.0,2024,3088,8877,2857,14822
2024,16/04/2024,06:00 PM,4,สงขลา,6.779000567,100.4528368,2,1,1,0,1,2024-04-16 18:00:00,4/16/2024,6:00 PM,88.0,66.0,13.0,29.64,Fair,2024.0,2024,32369,154939,36513,223821
2024,17/04/2024,04:30 PM,4,สงขลา,6.749619076,100.4517947,1,0,1,0,1,2024-04-17 16:30:00,4/17/2024,4:30 PM,93.0,52.0,13.0,29.58,Showers in the Vicinity,2024.0,2024,4979,25022,9930,39931
2024,17/04/2024,04:30 PM,4,สงขลา,6.749619076,100.4517947,1,0,1,0,1,2024-04-17 16:30:00,4/17/2024,4:30 PM,93.0,52.0,13.0,29.58,Showers in the Vicinity,2024.0,2024,4489,21199,9541,35229
2024,17/04/2024,04:30 PM,4,สงขลา,6.749619076,100.4517947,1,0,1,0,1,2024-04-17 16:30:00,4/17/2024,4:30 PM,93.0,52.0,13.0,29.58,Showers in the Vicinity,2024.0,2024,1309,30820,4934,37063
2024,17/04/2024,04:30 PM,4,สงขลา,6.749619076,100.4517947,1,0,1,0,1,2024-04-17 16:30:00,4/17/2024,4:30 PM,93.0,52.0,13.0,29.58,Showers in the Vicinity,2024.0,2024,5771,28231,3990,37992
2024,17/04/2024,04:30 PM,4,สงขลา,6.749619076,100.4517947,1,0,1,0,1,2024-04-17 16:30:00,4/17/2024,4:30 PM,93.0,52.0,13.0,29.58,Showers in the Vicinity,2024.0,2024,9169,27389,2615,39173
2024,17/04/2024,04:30 PM,4,สงขลา,6.749619076,100.4517947,1,0,1,0,1,2024-04-17 16:30:00,4/17/2024,4:30 PM,93.0,52.0,13.0,29.58,Showers in the Vicinity,2024.0,2024,3564,13401,2646,19611
2024,17/04/2024,04:30 PM,4,สงขลา,6.749619076,100.4517947,1,0,1,0,1,2024-04-17 16:30:00,4/17/2024,4:30 PM,93.0,52.0,13.0,29.58,Showers in the Vicinity,2024.0,2024,3088,8877,2857,14822
2024,17/04/2024,04:30 PM,4,สงขลา,6.749619076,100.4517947,1,0,1,0,1,2024-04-17 16:30:00,4/17/2024,4:30 PM,93.0,52.0,13.0,29.58,Showers in the Vicinity,2024.0,2024,32369,154939,36513,223821
2024,20/04/2024,01:00 PM,4,สงขลา,6.982856654,100.4549329,1,0,0,1,1,2024-04-20 13:00:00,4/20/2024,1:00 PM,99.0,53.0,7.0,29.64,Partly Cloudy,2024.0,2024,4979,25022,9930,39931
2024,20/04/2024,01:00 PM,4,สงขลา,6.982856654,100.4549329,1,0,0,1,1,2024-04-20 13:00:00,4/20/2024,1:00 PM,99.0,53.0,7.0,29.64,Partly Cloudy,2024.0,2024,4489,21199,9541,35229
2024,20/04/2024,01:00 PM,4,สงขลา,6.982856654,100.4549329,1,0,0,1,1,2024-04-20 13:00:00,4/20/2024,1:00 PM,99.0,53.0,7.0,29.64,Partly Cloudy,2024.0,2024,1309,30820,4934,37063
2024,20/04/2024,01:00 PM,4,สงขลา,6.982856654,100.4549329,1,0,0,1,1,2024-04-20 13:00:00,4/20/2024,1:00 PM,99.0,53.0,7.0,29.64,Partly Cloudy,2024.0,2024,5771,28231,3990,37992
2024,20/04/2024,01:00 PM,4,สงขลา,6.982856654,100.4549329,1,0,0,1,1,2024-04-20 13:00:00,4/20/2024,1:00 PM,99.0,53.0,7.0,29.64,Partly Cloudy,2024.0,2024,9169,27389,2615,39173
2024,20/04/2024,01:00 PM,4,สงขลา,6.982856654,100.4549329,1,0,0,1,1,2024-04-20 13:00:00,4/20/2024,1:00 PM,99.0,53.0,7.0,29.64,Partly Cloudy,2024.0,2024,3564,13401,2646,19611
2024,20/04/2024,01:00 PM,4,สงขลา,6.982856654,100.4549329,1,0,0,1,1,2024-04-20 13:00:00,4/20/2024,1:00 PM,99.0,53.0,7.0,29.64,Partly Cloudy,2024.0,2024,3088,8877,2857,14822
2024,20/04/2024,01:00 PM,4,สงขลา,6.982856654,100.4549329,1,0,0,1,1,2024-04-20 13:00:00,4/20/2024,1:00 PM,99.0,53.0,7.0,29.64,Partly Cloudy,2024.0,2024,32369,154939,36513,223821
2024,14/05/2024,08:30 AM,4,สงขลา,6.974008694,100.4791788,2,0,1,1,1,2024-05-14 08:30:00,5/14/2024,8:30 AM,88.0,84.0,0.0,29.73,Fair,2024.0,2024,4979,25022,9930,39931
2024,14/05/2024,08:30 AM,4,สงขลา,6.974008694,100.4791788,2,0,1,1,1,2024-05-14 08:30:00,5/14/2024,8:30 AM,88.0,84.0,0.0,29.73,Fair,2024.0,2024,4489,21199,9541,35229
2024,14/05/2024,08:30 AM,4,สงขลา,6.974008694,100.4791788,2,0,1,1,1,2024-05-14 08:30:00,5/14/2024,8:30 AM,88.0,84.0,0.0,29.73,Fair,2024.0,2024,1309,30820,4934,37063
2024,14/05/2024,08:30 AM,4,สงขลา,6.974008694,100.4791788,2,0,1,1,1,2024-05-14 08:30:00,5/14/2024,8:30 AM,88.0,84.0,0.0,29.73,Fair,2024.0,2024,5771,28231,3990,37992
2024,14/05/2024,08:30 AM,4,สงขลา,6.974008694,100.4791788,2,0,1,1,1,2024-05-14 08:30:00,5/14/2024,8:30 AM,88.0,84.0,0.0,29.73,Fair,2024.0,2024,9169,27389,2615,39173
2024,14/05/2024,08:30 AM,4,สงขลา,6.974008694,100.4791788,2,0,1,1,1,2024-05-14 08:30:00,5/14/2024,8:30 AM,88.0,84.0,0.0,29.73,Fair,2024.0,2024,3564,13401,2646,19611
2024,14/05/2024,08:30 AM,4,สงขลา,6.974008694,100.4791788,2,0,1,1,1,2024-05-14 08:30:00,5/14/2024,8:30 AM,88.0,84.0,0.0,29.73,Fair,2024.0,2024,3088,8877,2857,14822
2024,14/05/2024,08:30 AM,4,สงขลา,6.974008694,100.4791788,2,0,1,1,1,2024-05-14 08:30:00,5/14/2024,8:30 AM,88.0,84.0,0.0,29.73,Fair,2024.0,2024,32369,154939,36513,223821
2024,14/05/2024,03:30 PM,4,สงขลา,7.043207679,100.3879482,3,0,3,0,1,2024-05-14 15:30:00,5/14/2024,3:30 PM,95.0,59.0,12.0,29.58,Fair,2024.0,2024,4979,25022,9930,39931
2024,14/05/2024,03:30 PM,4,สงขลา,7.043207679,100.3879482,3,0,3,0,1,2024-05-14 15:30:00,5/14/2024,3:30 PM,95.0,59.0,12.0,29.58,Fair,2024.0,2024,4489,21199,9541,35229
2024,14/05/2024,03:30 PM,4,สงขลา,7.043207679,100.3879482,3,0,3,0,1,2024-05-14 15:30:00,5/14/2024,3:30 PM,95.0,59.0,12.0,29.58,Fair,2024.0,2024,1309,30820,4934,37063
2024,14/05/2024,03:30 PM,4,สงขลา,7.043207679,100.3879482,3,0,3,0,1,2024-05-14 15:30:00,5/14/2024,3:30 PM,95.0,59.0,12.0,29.58,Fair,2024.0,2024,5771,28231,3990,37992
2024,14/05/2024,03:30 PM,4,สงขลา,7.043207679,100.3879482,3,0,3,0,1,2024-05-14 15:30:00,5/14/2024,3:30 PM,95.0,59.0,12.0,29.58,Fair,2024.0,2024,9169,27389,2615,39173
2024,14/05/2024,03:30 PM,4,สงขลา,7.043207679,100.3879482,3,0,3,0,1,2024-05-14 15:30:00,5/14/2024,3:30 PM,95.0,59.0,12.0,29.58,Fair,2024.0,2024,3564,13401,2646,19611
2024,14/05/2024,03:30 PM,4,สงขลา,7.043207679,100.3879482,3,0,3,0,1,2024-05-14 15:30:00,5/14/2024,3:30 PM,95.0,59.0,12.0,29.58,Fair,2024.0,2024,3088,8877,2857,14822
2024,14/05/2024,03:30 PM,4,สงขลา,7.043207679,100.3879482,3,0,3,0,1,2024-05-14 15:30:00,5/14/2024,3:30 PM,95.0,59.0,12.0,29.58,Fair,2024.0,2024,32369,154939,36513,223821
2024,26/05/2024,02:00 AM,4,สงขลา,6.750639241,100.4519127,1,0,1,0,1,2024-05-26 02:00:00,5/26/2024,2:00 AM,77.0,100.0,5.0,29.7,Mostly Cloudy,2024.0,2024,4979,25022,9930,39931
2024,26/05/2024,02:00 AM,4,สงขลา,6.750639241,100.4519127,1,0,1,0,1,2024-05-26 02:00:00,5/26/2024,2:00 AM,77.0,100.0,5.0,29.7,Mostly Cloudy,2024.0,2024,4489,21199,9541,35229
2024,26/05/2024,02:00 AM,4,สงขลา,6.750639241,100.4519127,1,0,1,0,1,2024-05-26 02:00:00,5/26/2024,2:00 AM,77.0,100.0,5.0,29.7,Mostly Cloudy,2024.0,2024,1309,30820,4934,37063
2024,26/05/2024,02:00 AM,4,สงขลา,6.750639241,100.4519127,1,0,1,0,1,2024-05-26 02:00:00,5/26/2024,2:00 AM,77.0,100.0,5.0,29.7,Mostly Cloudy,2024.0,2024,5771,28231,3990,37992
2024,26/05/2024,02:00 AM,4,สงขลา,6.750639241,100.4519127,1,0,1,0,1,2024-05-26 02:00:00,5/26/2024,2:00 AM,77.0,100.0,5.0,29.7,Mostly Cloudy,2024.0,2024,9169,27389,2615,39173
2024,26/05/2024,02:00 AM,4,สงขลา,6.750639241,100.4519127,1,0,1,0,1,2024-05-26 02:00:00,5/26/2024,2:00 AM,77.0,100.0,5.0,29.7,Mostly Cloudy,2024.0,2024,3564,13401,2646,19611
2024,26/05/2024,02:00 AM,4,สงขลา,6.750639241,100.4519127,1,0,1,0,1,2024-05-26 02:00:00,5/26/2024,2:00 AM,77.0,100.0,5.0,29.7,Mostly Cloudy,2024.0,2024,3088,8877,2857,14822
2024,26/05/2024,02:00 AM,4,สงขลา,6.750639241,100.4519127,1,0,1,0,1,2024-05-26 02:00:00,5/26/2024,2:00 AM,77.0,100.0,5.0,29.7,Mostly Cloudy,2024.0,2024,32369,154939,36513,223821
2024,06/02/2024,02:30 PM,4,สงขลา,6.731486148,100.4498528,2,1,1,0,1,2024-06-02 14:30:00,6/2/2024,2:30 PM,79.0,89.0,6.0,29.7,Light Rain,2024.0,2024,4979,25022,9930,39931
2024,06/02/2024,02:30 PM,4,สงขลา,6.731486148,100.4498528,2,1,1,0,1,2024-06-02 14:30:00,6/2/2024,2:30 PM,79.0,89.0,6.0,29.7,Light Rain,2024.0,2024,4489,21199,9541,35229
2024,06/02/2024,02:30 PM,4,สงขลา,6.731486148,100.4498528,2,1,1,0,1,2024-06-02 14:30:00,6/2/2024,2:30 PM,79.0,89.0,6.0,29.7,Light Rain,2024.0,2024,1309,30820,4934,37063
2024,06/02/2024,02:30 PM,4,สงขลา,6.731486148,100.4498528,2,1,1,0,1,2024-06-02 14:30:00,6/2/2024,2:30 PM,79.0,89.0,6.0,29.7,Light Rain,2024.0,2024,5771,28231,3990,37992
2024,06/02/2024,02:30 PM,4,สงขลา,6.731486148,100.4498528,2,1,1,0,1,2024-06-02 14:30:00,6/2/2024,2:30 PM,79.0,89.0,6.0,29.7,Light Rain,2024.0,2024,9169,27389,2615,39173
2024,06/02/2024,02:30 PM,4,สงขลา,6.731486148,100.4498528,2,1,1,0,1,2024-06-02 14:30:00,6/2/2024,2:30 PM,79.0,89.0,6.0,29.7,Light Rain,2024.0,2024,3564,13401,2646,19611
2024,06/02/2024,02:30 PM,4,สงขลา,6.731486148,100.4498528,2,1,1,0,1,2024-06-02 14:30:00,6/2/2024,2:30 PM,79.0,89.0,6.0,29.7,Light Rain,2024.0,2024,3088,8877,2857,14822
2024,06/02/2024,02:30 PM,4,สงขลา,6.731486148,100.4498528,2,1,1,0,1,2024-06-02 14:30:00,6/2/2024,2:30 PM,79.0,89.0,6.0,29.7,Light Rain,2024.0,2024,32369,154939,36513,223821
2024,06/07/2024,05:30 AM,4,สงขลา,6.583141365,100.4125479,1,0,1,0,1,2024-06-07 05:30:00,6/7/2024,5:30 AM,79.0,94.0,0.0,29.73,Fair,2024.0,2024,4979,25022,9930,39931
2024,06/07/2024,05:30 AM,4,สงขลา,6.583141365,100.4125479,1,0,1,0,1,2024-06-07 05:30:00,6/7/2024,5:30 AM,79.0,94.0,0.0,29.73,Fair,2024.0,2024,4489,21199,9541,35229
2024,06/07/2024,05:30 AM,4,สงขลา,6.583141365,100.4125479,1,0,1,0,1,2024-06-07 05:30:00,6/7/2024,5:30 AM,79.0,94.0,0.0,29.73,Fair,2024.0,2024,1309,30820,4934,37063
2024,06/07/2024,05:30 AM,4,สงขลา,6.583141365,100.4125479,1,0,1,0,1,2024-06-07 05:30:00,6/7/2024,5:30 AM,79.0,94.0,0.0,29.73,Fair,2024.0,2024,5771,28231,3990,37992
2024,06/07/2024,05:30 AM,4,สงขลา,6.583141365,100.4125479,1,0,1,0,1,2024-06-07 05:30:00,6/7/2024,5:30 AM,79.0,94.0,0.0,29.73,Fair,2024.0,2024,9169,27389,2615,39173
2024,06/07/2024,05:30 AM,4,สงขลา,6.583141365,100.4125479,1,0,1,0,1,2024-06-07 05:30:00,6/7/2024,5:30 AM,79.0,94.0,0.0,29.73,Fair,2024.0,2024,3564,13401,2646,19611
2024,06/07/2024,05:30 AM,4,สงขลา,6.583141365,100.4125479,1,0,1,0,1,2024-06-07 05:30:00,6/7/2024,5:30 AM,79.0,94.0,0.0,29.73,Fair,2024.0,2024,3088,8877,2857,14822
2024,06/07/2024,05:30 AM,4,สงขลา,6.583141365,100.4125479,1,0,1,0,1,2024-06-07 05:30:00,6/7/2024,5:30 AM,79.0,94.0,0.0,29.73,Fair,2024.0,2024,32369,154939,36513,223821
2024,13/06/2024,06:00 AM,4,สงขลา,6.701465109,100.4426229,1,0,1,0,1,2024-06-13 06:00:00,6/13/2024,6:00 AM,77.0,89.0,2.0,29.76,Fair,2024.0,2024,4979,25022,9930,39931
2024,13/06/2024,06:00 AM,4,สงขลา,6.701465109,100.4426229,1,0,1,0,1,2024-06-13 06:00:00,6/13/2024,6:00 AM,77.0,89.0,2.0,29.76,Fair,2024.0,2024,4489,21199,9541,35229
2024,13/06/2024,06:00 AM,4,สงขลา,6.701465109,100.4426229,1,0,1,0,1,2024-06-13 06:00:00,6/13/2024,6:00 AM,77.0,89.0,2.0,29.76,Fair,2024.0,2024,1309,30820,4934,37063
2024,13/06/2024,06:00 AM,4,สงขลา,6.701465109,100.4426229,1,0,1,0,1,2024-06-13 06:00:00,6/13/2024,6:00 AM,77.0,89.0,2.0,29.76,Fair,2024.0,2024,5771,28231,3990,37992
2024,13/06/2024,06:00 AM,4,สงขลา,6.701465109,100.4426229,1,0,1,0,1,2024-06-13 06:00:00,6/13/2024,6:00 AM,77.0,89.0,2.0,29.76,Fair,2024.0,2024,9169,27389,2615,39173
2024,13/06/2024,06:00 AM,4,สงขลา,6.701465109,100.4426229,1,0,1,0,1,2024-06-13 06:00:00,6/13/2024,6:00 AM,77.0,89.0,2.0,29.76,Fair,2024.0,2024,3564,13401,2646,19611
2024,13/06/2024,06:00 AM,4,สงขลา,6.701465109,100.4426229,1,0,1,0,1,2024-06-13 06:00:00,6/13/2024,6:00 AM,77.0,89.0,2.0,29.76,Fair,2024.0,2024,3088,8877,2857,14822
2024,13/06/2024,06:00 AM,4,สงขลา,6.701465109,100.4426229,1,0,1,0,1,2024-06-13 06:00:00,6/13/2024,6:00 AM,77.0,89.0,2.0,29.76,Fair,2024.0,2024,32369,154939,36513,223821
2024,14/06/2024,03:30 AM,4,สงขลา,6.871562758,100.4702671,1,0,1,0,1,2024-06-14 03:30:00,6/14/2024,3:30 AM,77.0,94.0,2.0,29.7,Fair,2024.0,2024,4979,25022,9930,39931
2024,14/06/2024,03:30 AM,4,สงขลา,6.871562758,100.4702671,1,0,1,0,1,2024-06-14 03:30:00,6/14/2024,3:30 AM,77.0,94.0,2.0,29.7,Fair,2024.0,2024,4489,21199,9541,35229
2024,14/06/2024,03:30 AM,4,สงขลา,6.871562758,100.4702671,1,0,1,0,1,2024-06-14 03:30:00,6/14/2024,3:30 AM,77.0,94.0,2.0,29.7,Fair,2024.0,2024,1309,30820,4934,37063
2024,14/06/2024,03:30 AM,4,สงขลา,6.871562758,100.4702671,1,0,1,0,1,2024-06-14 03:30:00,6/14/2024,3:30 AM,77.0,94.0,2.0,29.7,Fair,2024.0,2024,5771,28231,3990,37992
2024,14/06/2024,03:30 AM,4,สงขลา,6.871562758,100.4702671,1,0,1,0,1,2024-06-14 03:30:00,6/14/2024,3:30 AM,77.0,94.0,2.0,29.7,Fair,2024.0,2024,9169,27389,2615,39173
2024,14/06/2024,03:30 AM,4,สงขลา,6.871562758,100.4702671,1,0,1,0,1,2024-06-14 03:30:00,6/14/2024,3:30 AM,77.0,94.0,2.0,29.7,Fair,2024.0,2024,3564,13401,2646,19611
2024,14/06/2024,03:30 AM,4,สงขลา,6.871562758,100.4702671,1,0,1,0,1,2024-06-14 03:30:00,6/14/2024,3:30 AM,77.0,94.0,2.0,29.7,Fair,2024.0,2024,3088,8877,2857,14822
2024,14/06/2024,03:30 AM,4,สงขลา,6.871562758,100.4702671,1,0,1,0,1,2024-06-14 03:30:00,6/14/2024,3:30 AM,77.0,94.0,2.0,29.7,Fair,2024.0,2024,32369,154939,36513,223821
2024,16/06/2024,02:30 AM,4,สงขลา,6.764675373,100.4591628,1,0,1,0,1,2024-06-16 02:30:00,6/16/2024,2:30 AM,79.0,94.0,1.0,29.64,Fair,2024.0,2024,4979,25022,9930,39931
2024,16/06/2024,02:30 AM,4,สงขลา,6.764675373,100.4591628,1,0,1,0,1,2024-06-16 02:30:00,6/16/2024,2:30 AM,79.0,94.0,1.0,29.64,Fair,2024.0,2024,4489,21199,9541,35229
2024,16/06/2024,02:30 AM,4,สงขลา,6.764675373,100.4591628,1,0,1,0,1,2024-06-16 02:30:00,6/16/2024,2:30 AM,79.0,94.0,1.0,29.64,Fair,2024.0,2024,1309,30820,4934,37063
2024,16/06/2024,02:30 AM,4,สงขลา,6.764675373,100.4591628,1,0,1,0,1,2024-06-16 02:30:00,6/16/2024,2:30 AM,79.0,94.0,1.0,29.64,Fair,2024.0,2024,5771,28231,3990,37992
2024,16/06/2024,02:30 AM,4,สงขลา,6.764675373,100.4591628,1,0,1,0,1,2024-06-16 02:30:00,6/16/2024,2:30 AM,79.0,94.0,1.0,29.64,Fair,2024.0,2024,9169,27389,2615,39173
2024,16/06/2024,02:30 AM,4,สงขลา,6.764675373,100.4591628,1,0,1,0,1,2024-06-16 02:30:00,6/16/2024,2:30 AM,79.0,94.0,1.0,29.64,Fair,2024.0,2024,3564,13401,2646,19611
2024,16/06/2024,02:30 AM,4,สงขลา,6.764675373,100.4591628,1,0,1,0,1,2024-06-16 02:30:00,6/16/2024,2:30 AM,79.0,94.0,1.0,29.64,Fair,2024.0,2024,3088,8877,2857,14822
2024,16/06/2024,02:30 AM,4,สงขลา,6.764675373,100.4591628,1,0,1,0,1,2024-06-16 02:30:00,6/16/2024,2:30 AM,79.0,94.0,1.0,29.64,Fair,2024.0,2024,32369,154939,36513,223821
2024,07/02/2024,03:00 AM,4,สงขลา,6.719222232,100.4469949,1,0,1,0,1,2024-07-02 03:00:00,7/2/2024,3:00 AM,79.0,89.0,2.0,29.67,Mostly Cloudy,2024.0,2024,4979,25022,9930,39931
2024,07/02/2024,03:00 AM,4,สงขลา,6.719222232,100.4469949,1,0,1,0,1,2024-07-02 03:00:00,7/2/2024,3:00 AM,79.0,89.0,2.0,29.67,Mostly Cloudy,2024.0,2024,4489,21199,9541,35229
2024,07/02/2024,03:00 AM,4,สงขลา,6.719222232,100.4469949,1,0,1,0,1,2024-07-02 03:00:00,7/2/2024,3:00 AM,79.0,89.0,2.0,29.67,Mostly Cloudy,2024.0,2024,1309,30820,4934,37063
2024,07/02/2024,03:00 AM,4,สงขลา,6.719222232,100.4469949,1,0,1,0,1,2024-07-02 03:00:00,7/2/2024,3:00 AM,79.0,89.0,2.0,29.67,Mostly Cloudy,2024.0,2024,5771,28231,3990,37992
2024,07/02/2024,03:00 AM,4,สงขลา,6.719222232,100.4469949,1,0,1,0,1,2024-07-02 03:00:00,7/2/2024,3:00 AM,79.0,89.0,2.0,29.67,Mostly Cloudy,2024.0,2024,9169,27389,2615,39173
2024,07/02/2024,03:00 AM,4,สงขลา,6.719222232,100.4469949,1,0,1,0,1,2024-07-02 03:00:00,7/2/2024,3:00 AM,79.0,89.0,2.0,29.67,Mostly Cloudy,2024.0,2024,3564,13401,2646,19611
2024,07/02/2024,03:00 AM,4,สงขลา,6.719222232,100.4469949,1,0,1,0,1,2024-07-02 03:00:00,7/2/2024,3:00 AM,79.0,89.0,2.0,29.67,Mostly Cloudy,2024.0,2024,3088,8877,2857,14822
2024,07/02/2024,03:00 AM,4,สงขลา,6.719222232,100.4469949,1,0,1,0,1,2024-07-02 03:00:00,7/2/2024,3:00 AM,79.0,89.0,2.0,29.67,Mostly Cloudy,2024.0,2024,32369,154939,36513,223821
2024,07/02/2024,09:00 AM,4,สงขลา,7.184778456,100.2548137,2,2,0,0,1,2024-07-02 09:00:00,7/2/2024,9:00 AM,84.0,79.0,2.0,29.7,Partly Cloudy,2024.0,2024,4979,25022,9930,39931
2024,07/02/2024,09:00 AM,4,สงขลา,7.184778456,100.2548137,2,2,0,0,1,2024-07-02 09:00:00,7/2/2024,9:00 AM,84.0,79.0,2.0,29.7,Partly Cloudy,2024.0,2024,4489,21199,9541,35229
2024,07/02/2024,09:00 AM,4,สงขลา,7.184778456,100.2548137,2,2,0,0,1,2024-07-02 09:00:00,7/2/2024,9:00 AM,84.0,79.0,2.0,29.7,Partly Cloudy,2024.0,2024,1309,30820,4934,37063
2024,07/02/2024,09:00 AM,4,สงขลา,7.184778456,100.2548137,2,2,0,0,1,2024-07-02 09:00:00,7/2/2024,9:00 AM,84.0,79.0,2.0,29.7,Partly Cloudy,2024.0,2024,5771,28231,3990,37992
2024,07/02/2024,09:00 AM,4,สงขลา,7.184778456,100.2548137,2,2,0,0,1,2024-07-02 09:00:00,7/2/2024,9:00 AM,84.0,79.0,2.0,29.7,Partly Cloudy,2024.0,2024,9169,27389,2615,39173
2024,07/02/2024,09:00 AM,4,สงขลา,7.184778456,100.2548137,2,2,0,0,1,2024-07-02 09:00:00,7/2/2024,9:00 AM,84.0,79.0,2.0,29.7,Partly Cloudy,2024.0,2024,3564,13401,2646,19611
2024,07/02/2024,09:00 AM,4,สงขลา,7.184778456,100.2548137,2,2,0,0,1,2024-07-02 09:00:00,7/2/2024,9:00 AM,84.0,79.0,2.0,29.7,Partly Cloudy,2024.0,2024,3088,8877,2857,14822
2024,07/02/2024,09:00 AM,4,สงขลา,7.184778456,100.2548137,2,2,0,0,1,2024-07-02 09:00:00,7/2/2024,9:00 AM,84.0,79.0,2.0,29.7,Partly Cloudy,2024.0,2024,32369,154939,36513,223821
2024,07/02/2024,01:00 PM,4,สงขลา,7.057378803,100.3753529,2,1,0,1,1,2024-07-02 13:00:00,7/2/2024,1:00 PM,90.0,62.0,5.0,29.67,Fair,2024.0,2024,4979,25022,9930,39931
2024,07/02/2024,01:00 PM,4,สงขลา,7.057378803,100.3753529,2,1,0,1,1,2024-07-02 13:00:00,7/2/2024,1:00 PM,90.0,62.0,5.0,29.67,Fair,2024.0,2024,4489,21199,9541,35229
2024,07/02/2024,01:00 PM,4,สงขลา,7.057378803,100.3753529,2,1,0,1,1,2024-07-02 13:00:00,7/2/2024,1:00 PM,90.0,62.0,5.0,29.67,Fair,2024.0,2024,1309,30820,4934,37063
2024,07/02/2024,01:00 PM,4,สงขลา,7.057378803,100.3753529,2,1,0,1,1,2024-07-02 13:00:00,7/2/2024,1:00 PM,90.0,62.0,5.0,29.67,Fair,2024.0,2024,5771,28231,3990,37992
2024,07/02/2024,01:00 PM,4,สงขลา,7.057378803,100.3753529,2,1,0,1,1,2024-07-02 13:00:00,7/2/2024,1:00 PM,90.0,62.0,5.0,29.67,Fair,2024.0,2024,9169,27389,2615,39173
2024,07/02/2024,01:00 PM,4,สงขลา,7.057378803,100.3753529,2,1,0,1,1,2024-07-02 13:00:00,7/2/2024,1:00 PM,90.0,62.0,5.0,29.67,Fair,2024.0,2024,3564,13401,2646,19611
2024,07/02/2024,01:00 PM,4,สงขลา,7.057378803,100.3753529,2,1,0,1,1,2024-07-02 13:00:00,7/2/2024,1:00 PM,90.0,62.0,5.0,29.67,Fair,2024.0,2024,3088,8877,2857,14822
2024,07/02/2024,01:00 PM,4,สงขลา,7.057378803,100.3753529,2,1,0,1,1,2024-07-02 13:00:00,7/2/2024,1:00 PM,90.0,62.0,5.0,29.67,Fair,2024.0,2024,32369,154939,36513,223821
2024,07/02/2024,03:00 PM,4,สงขลา,7.088042752,100.3481241,1,0,1,0,1,2024-07-02 15:00:00,7/2/2024,3:00 PM,90.0,59.0,7.0,29.61,Partly Cloudy,2024.0,2024,4979,25022,9930,39931
2024,07/02/2024,03:00 PM,4,สงขลา,7.088042752,100.3481241,1,0,1,0,1,2024-07-02 15:00:00,7/2/2024,3:00 PM,90.0,59.0,7.0,29.61,Partly Cloudy,2024.0,2024,4489,21199,9541,35229
2024,07/02/2024,03:00 PM,4,สงขลา,7.088042752,100.3481241,1,0,1,0,1,2024-07-02 15:00:00,7/2/2024,3:00 PM,90.0,59.0,7.0,29.61,Partly Cloudy,2024.0,2024,1309,30820,4934,37063
2024,07/02/2024,03:00 PM,4,สงขลา,7.088042752,100.3481241,1,0,1,0,1,2024-07-02 15:00:00,7/2/2024,3:00 PM,90.0,59.0,7.0,29.61,Partly Cloudy,2024.0,2024,5771,28231,3990,37992
2024,07/02/2024,03:00 PM,4,สงขลา,7.088042752,100.3481241,1,0,1,0,1,2024-07-02 15:00:00,7/2/2024,3:00 PM,90.0,59.0,7.0,29.61,Partly Cloudy,2024.0,2024,9169,27389,2615,39173
2024,07/02/2024,03:00 PM,4,สงขลา,7.088042752,100.3481241,1,0,1,0,1,2024-07-02 15:00:00,7/2/2024,3:00 PM,90.0,59.0,7.0,29.61,Partly Cloudy,2024.0,2024,3564,13401,2646,19611
2024,07/02/2024,03:00 PM,4,สงขลา,7.088042752,100.3481241,1,0,1,0,1,2024-07-02 15:00:00,7/2/2024,3:00 PM,90.0,59.0,7.0,29.61,Partly Cloudy,2024.0,2024,3088,8877,2857,14822
2024,07/02/2024,03:00 PM,4,สงขลา,7.088042752,100.3481241,1,0,1,0,1,2024-07-02 15:00:00,7/2/2024,3:00 PM,90.0,59.0,7.0,29.61,Partly Cloudy,2024.0,2024,32369,154939,36513,223821
2024,07/04/2024,07:00 AM,4,สงขลา,7.187780218,100.2249713,2,0,0,2,1,2024-07-04 07:00:00,7/4/2024,7:00 AM,77.0,94.0,0.0,29.73,Fair,2024.0,2024,4979,25022,9930,39931
2024,07/04/2024,07:00 AM,4,สงขลา,7.187780218,100.2249713,2,0,0,2,1,2024-07-04 07:00:00,7/4/2024,7:00 AM,77.0,94.0,0.0,29.73,Fair,2024.0,2024,4489,21199,9541,35229
2024,07/04/2024,07:00 AM,4,สงขลา,7.187780218,100.2249713,2,0,0,2,1,2024-07-04 07:00:00,7/4/2024,7:00 AM,77.0,94.0,0.0,29.73,Fair,2024.0,2024,1309,30820,4934,37063
2024,07/04/2024,07:00 AM,4,สงขลา,7.187780218,100.2249713,2,0,0,2,1,2024-07-04 07:00:00,7/4/2024,7:00 AM,77.0,94.0,0.0,29.73,Fair,2024.0,2024,5771,28231,3990,37992
2024,07/04/2024,07:00 AM,4,สงขลา,7.187780218,100.2249713,2,0,0,2,1,2024-07-04 07:00:00,7/4/2024,7:00 AM,77.0,94.0,0.0,29.73,Fair,2024.0,2024,9169,27389,2615,39173
2024,07/04/2024,07:00 AM,4,สงขลา,7.187780218,100.2249713,2,0,0,2,1,2024-07-04 07:00:00,7/4/2024,7:00 AM,77.0,94.0,0.0,29.73,Fair,2024.0,2024,3564,13401,2646,19611
2024,07/04/2024,07:00 AM,4,สงขลา,7.187780218,100.2249713,2,0,0,2,1,2024-07-04 07:00:00,7/4/2024,7:00 AM,77.0,94.0,0.0,29.73,Fair,2024.0,2024,3088,8877,2857,14822
2024,07/04/2024,07:00 AM,4,สงขลา,7.187780218,100.2249713,2,0,0,2,1,2024-07-04 07:00:00,7/4/2024,7:00 AM,77.0,94.0,0.0,29.73,Fair,2024.0,2024,32369,154939,36513,223821
2024,07/10/2024,08:30 AM,4,สงขลา,6.987611522,100.4224983,1,0,1,0,1,2024-07-10 08:30:00,7/10/2024,8:30 AM,77.0,94.0,3.0,29.79,Light Rain,2024.0,2024,4979,25022,9930,39931
2024,07/10/2024,08:30 AM,4,สงขลา,6.987611522,100.4224983,1,0,1,0,1,2024-07-10 08:30:00,7/10/2024,8:30 AM,77.0,94.0,3.0,29.79,Light Rain,2024.0,2024,4489,21199,9541,35229
2024,07/10/2024,08:30 AM,4,สงขลา,6.987611522,100.4224983,1,0,1,0,1,2024-07-10 08:30:00,7/10/2024,8:30 AM,77.0,94.0,3.0,29.79,Light Rain,2024.0,2024,1309,30820,4934,37063
2024,07/10/2024,08:30 AM,4,สงขลา,6.987611522,100.4224983,1,0,1,0,1,2024-07-10 08:30:00,7/10/2024,8:30 AM,77.0,94.0,3.0,29.79,Light Rain,2024.0,2024,5771,28231,3990,37992
2024,07/10/2024,08:30 AM,4,สงขลา,6.987611522,100.4224983,1,0,1,0,1,2024-07-10 08:30:00,7/10/2024,8:30 AM,77.0,94.0,3.0,29.79,Light Rain,2024.0,2024,9169,27389,2615,39173
2024,07/10/2024,08:30 AM,4,สงขลา,6.987611522,100.4224983,1,0,1,0,1,2024-07-10 08:30:00,7/10/2024,8:30 AM,77.0,94.0,3.0,29.79,Light Rain,2024.0,2024,3564,13401,2646,19611
2024,07/10/2024,08:30 AM,4,สงขลา,6.987611522,100.4224983,1,0,1,0,1,2024-07-10 08:30:00,7/10/2024,8:30 AM,77.0,94.0,3.0,29.79,Light Rain,2024.0,2024,3088,8877,2857,14822
2024,07/10/2024,08:30 AM,4,สงขลา,6.987611522,100.4224983,1,0,1,0,1,2024-07-10 08:30:00,7/10/2024,8:30 AM,77.0,94.0,3.0,29.79,Light Rain,2024.0,2024,32369,154939,36513,223821
2024,27/07/2024,02:00 PM,4,สงขลา,6.760168225,100.459042,2,1,1,0,1,2024-07-27 14:00:00,7/27/2024,2:00 PM,90.0,62.0,8.0,29.61,Partly Cloudy,2024.0,2024,4979,25022,9930,39931
2024,27/07/2024,02:00 PM,4,สงขลา,6.760168225,100.459042,2,1,1,0,1,2024-07-27 14:00:00,7/27/2024,2:00 PM,90.0,62.0,8.0,29.61,Partly Cloudy,2024.0,2024,4489,21199,9541,35229
2024,27/07/2024,02:00 PM,4,สงขลา,6.760168225,100.459042,2,1,1,0,1,2024-07-27 14:00:00,7/27/2024,2:00 PM,90.0,62.0,8.0,29.61,Partly Cloudy,2024.0,2024,1309,30820,4934,37063
2024,27/07/2024,02:00 PM,4,สงขลา,6.760168225,100.459042,2,1,1,0,1,2024-07-27 14:00:00,7/27/2024,2:00 PM,90.0,62.0,8.0,29.61,Partly Cloudy,2024.0,2024,5771,28231,3990,37992
2024,27/07/2024,02:00 PM,4,สงขลา,6.760168225,100.459042,2,1,1,0,1,2024-07-27 14:00:00,7/27/2024,2:00 PM,90.0,62.0,8.0,29.61,Partly Cloudy,2024.0,2024,9169,27389,2615,39173
2024,27/07/2024,02:00 PM,4,สงขลา,6.760168225,100.459042,2,1,1,0,1,2024-07-27 14:00:00,7/27/2024,2:00 PM,90.0,62.0,8.0,29.61,Partly Cloudy,2024.0,2024,3564,13401,2646,19611
2024,27/07/2024,02:00 PM,4,สงขลา,6.760168225,100.459042,2,1,1,0,1,2024-07-27 14:00:00,7/27/2024,2:00 PM,90.0,62.0,8.0,29.61,Partly Cloudy,2024.0,2024,3088,8877,2857,14822
2024,27/07/2024,02:00 PM,4,สงขลา,6.760168225,100.459042,2,1,1,0,1,2024-07-27 14:00:00,7/27/2024,2:00 PM,90.0,62.0,8.0,29.61,Partly Cloudy,2024.0,2024,32369,154939,36513,223821
2024,29/07/2024,04:00 AM,4,สงขลา,7.004285127,100.4150377,1,0,1,0,1,2024-07-29 04:00:00,7/29/2024,4:00 AM,75.0,94.0,3.0,29.64,Light Rain,2024.0,2024,4979,25022,9930,39931
2024,29/07/2024,04:00 AM,4,สงขลา,7.004285127,100.4150377,1,0,1,0,1,2024-07-29 04:00:00,7/29/2024,4:00 AM,75.0,94.0,3.0,29.64,Light Rain,2024.0,2024,4489,21199,9541,35229
2024,29/07/2024,04:00 AM,4,สงขลา,7.004285127,100.4150377,1,0,1,0,1,2024-07-29 04:00:00,7/29/2024,4:00 AM,75.0,94.0,3.0,29.64,Light Rain,2024.0,2024,1309,30820,4934,37063
2024,29/07/2024,04:00 AM,4,สงขลา,7.004285127,100.4150377,1,0,1,0,1,2024-07-29 04:00:00,7/29/2024,4:00 AM,75.0,94.0,3.0,29.64,Light Rain,2024.0,2024,5771,28231,3990,37992
2024,29/07/2024,04:00 AM,4,สงขลา,7.004285127,100.4150377,1,0,1,0,1,2024-07-29 04:00:00,7/29/2024,4:00 AM,75.0,94.0,3.0,29.64,Light Rain,2024.0,2024,9169,27389,2615,39173
2024,29/07/2024,04:00 AM,4,สงขลา,7.004285127,100.4150377,1,0,1,0,1,2024-07-29 04:00:00,7/29/2024,4:00 AM,75.0,94.0,3.0,29.64,Light Rain,2024.0,2024,3564,13401,2646,19611
2024,29/07/2024,04:00 AM,4,สงขลา,7.004285127,100.4150377,1,0,1,0,1,2024-07-29 04:00:00,7/29/2024,4:00 AM,75.0,94.0,3.0,29.64,Light Rain,2024.0,2024,3088,8877,2857,14822
2024,29/07/2024,04:00 AM,4,สงขลา,7.004285127,100.4150377,1,0,1,0,1,2024-07-29 04:00:00,7/29/2024,4:00 AM,75.0,94.0,3.0,29.64,Light Rain,2024.0,2024,32369,154939,36513,223821
2024,08/01/2024,11:00 AM,4,สงขลา,6.733140315,100.4500647,1,0,0,1,1,2024-08-01 11:00:00,8/1/2024,11:00 AM,90.0,62.0,7.0,29.76,Partly Cloudy,2024.0,2024,4979,25022,9930,39931
2024,08/01/2024,11:00 AM,4,สงขลา,6.733140315,100.4500647,1,0,0,1,1,2024-08-01 11:00:00,8/1/2024,11:00 AM,90.0,62.0,7.0,29.76,Partly Cloudy,2024.0,2024,4489,21199,9541,35229
2024,08/01/2024,11:00 AM,4,สงขลา,6.733140315,100.4500647,1,0,0,1,1,2024-08-01 11:00:00,8/1/2024,11:00 AM,90.0,62.0,7.0,29.76,Partly Cloudy,2024.0,2024,1309,30820,4934,37063
2024,08/01/2024,11:00 AM,4,สงขลา,6.733140315,100.4500647,1,0,0,1,1,2024-08-01 11:00:00,8/1/2024,11:00 AM,90.0,62.0,7.0,29.76,Partly Cloudy,2024.0,2024,5771,28231,3990,37992
2024,08/01/2024,11:00 AM,4,สงขลา,6.733140315,100.4500647,1,0,0,1,1,2024-08-01 11:00:00,8/1/2024,11:00 AM,90.0,62.0,7.0,29.76,Partly Cloudy,2024.0,2024,9169,27389,2615,39173
2024,08/01/2024,11:00 AM,4,สงขลา,6.733140315,100.4500647,1,0,0,1,1,2024-08-01 11:00:00,8/1/2024,11:00 AM,90.0,62.0,7.0,29.76,Partly Cloudy,2024.0,2024,3564,13401,2646,19611
2024,08/01/2024,11:00 AM,4,สงขลา,6.733140315,100.4500647,1,0,0,1,1,2024-08-01 11:00:00,8/1/2024,11:00 AM,90.0,62.0,7.0,29.76,Partly Cloudy,2024.0,2024,3088,8877,2857,14822
2024,08/01/2024,11:00 AM,4,สงขลา,6.733140315,100.4500647,1,0,0,1,1,2024-08-01 11:00:00,8/1/2024,11:00 AM,90.0,62.0,7.0,29.76,Partly Cloudy,2024.0,2024,32369,154939,36513,223821
2024,08/05/2024,03:00 PM,4,สงขลา,7.186065103,100.2469638,2,0,1,1,1,2024-08-05 15:00:00,8/5/2024,3:00 PM,91.0,55.0,5.0,29.64,Mostly Cloudy,2024.0,2024,4979,25022,9930,39931
2024,08/05/2024,03:00 PM,4,สงขลา,7.186065103,100.2469638,2,0,1,1,1,2024-08-05 15:00:00,8/5/2024,3:00 PM,91.0,55.0,5.0,29.64,Mostly Cloudy,2024.0,2024,4489,21199,9541,35229
2024,08/05/2024,03:00 PM,4,สงขลา,7.186065103,100.2469638,2,0,1,1,1,2024-08-05 15:00:00,8/5/2024,3:00 PM,91.0,55.0,5.0,29.64,Mostly Cloudy,2024.0,2024,1309,30820,4934,37063
2024,08/05/2024,03:00 PM,4,สงขลา,7.186065103,100.2469638,2,0,1,1,1,2024-08-05 15:00:00,8/5/2024,3:00 PM,91.0,55.0,5.0,29.64,Mostly Cloudy,2024.0,2024,5771,28231,3990,37992
2024,08/05/2024,03:00 PM,4,สงขลา,7.186065103,100.2469638,2,0,1,1,1,2024-08-05 15:00:00,8/5/2024,3:00 PM,91.0,55.0,5.0,29.64,Mostly Cloudy,2024.0,2024,9169,27389,2615,39173
2024,08/05/2024,03:00 PM,4,สงขลา,7.186065103,100.2469638,2,0,1,1,1,2024-08-05 15:00:00,8/5/2024,3:00 PM,91.0,55.0,5.0,29.64,Mostly Cloudy,2024.0,2024,3564,13401,2646,19611
2024,08/05/2024,03:00 PM,4,สงขลา,7.186065103,100.2469638,2,0,1,1,1,2024-08-05 15:00:00,8/5/2024,3:00 PM,91.0,55.0,5.0,29.64,Mostly Cloudy,2024.0,2024,3088,8877,2857,14822
2024,08/05/2024,03:00 PM,4,สงขลา,7.186065103,100.2469638,2,0,1,1,1,2024-08-05 15:00:00,8/5/2024,3:00 PM,91.0,55.0,5.0,29.64,Mostly Cloudy,2024.0,2024,32369,154939,36513,223821
2024,08/06/2024,02:30 PM,4,สงขลา,6.736869494,100.4506534,1,0,1,0,1,2024-08-06 14:30:00,8/6/2024,2:30 PM,88.0,62.0,10.0,29.64,Mostly Cloudy,2024.0,2024,4979,25022,9930,39931
2024,08/06/2024,02:30 PM,4,สงขลา,6.736869494,100.4506534,1,0,1,0,1,2024-08-06 14:30:00,8/6/2024,2:30 PM,88.0,62.0,10.0,29.64,Mostly Cloudy,2024.0,2024,4489,21199,9541,35229
2024,08/06/2024,02:30 PM,4,สงขลา,6.736869494,100.4506534,1,0,1,0,1,2024-08-06 14:30:00,8/6/2024,2:30 PM,88.0,62.0,10.0,29.64,Mostly Cloudy,2024.0,2024,1309,30820,4934,37063
2024,08/06/2024,02:30 PM,4,สงขลา,6.736869494,100.4506534,1,0,1,0,1,2024-08-06 14:30:00,8/6/2024,2:30 PM,88.0,62.0,10.0,29.64,Mostly Cloudy,2024.0,2024,5771,28231,3990,37992
2024,08/06/2024,02:30 PM,4,สงขลา,6.736869494,100.4506534,1,0,1,0,1,2024-08-06 14:30:00,8/6/2024,2:30 PM,88.0,62.0,10.0,29.64,Mostly Cloudy,2024.0,2024,9169,27389,2615,39173
2024,08/06/2024,02:30 PM,4,สงขลา,6.736869494,100.4506534,1,0,1,0,1,2024-08-06 14:30:00,8/6/2024,2:30 PM,88.0,62.0,10.0,29.64,Mostly Cloudy,2024.0,2024,3564,13401,2646,19611
2024,08/06/2024,02:30 PM,4,สงขลา,6.736869494,100.4506534,1,0,1,0,1,2024-08-06 14:30:00,8/6/2024,2:30 PM,88.0,62.0,10.0,29.64,Mostly Cloudy,2024.0,2024,3088,8877,2857,14822
2024,08/06/2024,02:30 PM,4,สงขลา,6.736869494,100.4506534,1,0,1,0,1,2024-08-06 14:30:00,8/6/2024,2:30 PM,88.0,62.0,10.0,29.64,Mostly Cloudy,2024.0,2024,32369,154939,36513,223821
2024,08/07/2024,02:00 PM,4,สงขลา,6.749888462,100.4517618,1,0,1,0,1,2024-08-07 14:00:00,8/7/2024,2:00 PM,91.0,55.0,8.0,29.67,Partly Cloudy,2024.0,2024,4979,25022,9930,39931
2024,08/07/2024,02:00 PM,4,สงขลา,6.749888462,100.4517618,1,0,1,0,1,2024-08-07 14:00:00,8/7/2024,2:00 PM,91.0,55.0,8.0,29.67,Partly Cloudy,2024.0,2024,4489,21199,9541,35229
2024,08/07/2024,02:00 PM,4,สงขลา,6.749888462,100.4517618,1,0,1,0,1,2024-08-07 14:00:00,8/7/2024,2:00 PM,91.0,55.0,8.0,29.67,Partly Cloudy,2024.0,2024,1309,30820,4934,37063
2024,08/07/2024,02:00 PM,4,สงขลา,6.749888462,100.4517618,1,0,1,0,1,2024-08-07 14:00:00,8/7/2024,2:00 PM,91.0,55.0,8.0,29.67,Partly Cloudy,2024.0,2024,5771,28231,3990,37992
2024,08/07/2024,02:00 PM,4,สงขลา,6.749888462,100.4517618,1,0,1,0,1,2024-08-07 14:00:00,8/7/2024,2:00 PM,91.0,55.0,8.0,29.67,Partly Cloudy,2024.0,2024,9169,27389,2615,39173
2024,08/07/2024,02:00 PM,4,สงขลา,6.749888462,100.4517618,1,0,1,0,1,2024-08-07 14:00:00,8/7/2024,2:00 PM,91.0,55.0,8.0,29.67,Partly Cloudy,2024.0,2024,3564,13401,2646,19611
2024,08/07/2024,02:00 PM,4,สงขลา,6.749888462,100.4517618,1,0,1,0,1,2024-08-07 14:00:00,8/7/2024,2:00 PM,91.0,55.0,8.0,29.67,Partly Cloudy,2024.0,2024,3088,8877,2857,14822
2024,08/07/2024,02:00 PM,4,สงขลา,6.749888462,100.4517618,1,0,1,0,1,2024-08-07 14:00:00,8/7/2024,2:00 PM,91.0,55.0,8.0,29.67,Partly Cloudy,2024.0,2024,32369,154939,36513,223821
2024,08/07/2024,05:30 PM,4,สงขลา,6.747281744,100.4515976,1,0,1,0,1,2024-08-07 17:30:00,8/7/2024,5:30 PM,82.0,84.0,7.0,29.67,Mostly Cloudy,2024.0,2024,4979,25022,9930,39931
2024,08/07/2024,05:30 PM,4,สงขลา,6.747281744,100.4515976,1,0,1,0,1,2024-08-07 17:30:00,8/7/2024,5:30 PM,82.0,84.0,7.0,29.67,Mostly Cloudy,2024.0,2024,4489,21199,9541,35229
2024,08/07/2024,05:30 PM,4,สงขลา,6.747281744,100.4515976,1,0,1,0,1,2024-08-07 17:30:00,8/7/2024,5:30 PM,82.0,84.0,7.0,29.67,Mostly Cloudy,2024.0,2024,1309,30820,4934,37063
2024,08/07/2024,05:30 PM,4,สงขลา,6.747281744,100.4515976,1,0,1,0,1,2024-08-07 17:30:00,8/7/2024,5:30 PM,82.0,84.0,7.0,29.67,Mostly Cloudy,2024.0,2024,5771,28231,3990,37992
2024,08/07/2024,05:30 PM,4,สงขลา,6.747281744,100.4515976,1,0,1,0,1,2024-08-07 17:30:00,8/7/2024,5:30 PM,82.0,84.0,7.0,29.67,Mostly Cloudy,2024.0,2024,9169,27389,2615,39173
2024,08/07/2024,05:30 PM,4,สงขลา,6.747281744,100.4515976,1,0,1,0,1,2024-08-07 17:30:00,8/7/2024,5:30 PM,82.0,84.0,7.0,29.67,Mostly Cloudy,2024.0,2024,3564,13401,2646,19611
2024,08/07/2024,05:30 PM,4,สงขลา,6.747281744,100.4515976,1,0,1,0,1,2024-08-07 17:30:00,8/7/2024,5:30 PM,82.0,84.0,7.0,29.67,Mostly Cloudy,2024.0,2024,3088,8877,2857,14822
2024,08/07/2024,05:30 PM,4,สงขลา,6.747281744,100.4515976,1,0,1,0,1,2024-08-07 17:30:00,8/7/2024,5:30 PM,82.0,84.0,7.0,29.67,Mostly Cloudy,2024.0,2024,32369,154939,36513,223821
2024,21/08/2024,08:30 AM,4,สงขลา,6.982204386,100.4572624,1,0,1,0,1,2024-08-21 08:30:00,8/21/2024,8:30 AM,79.0,89.0,2.0,29.76,Mostly Cloudy,2024.0,2024,4979,25022,9930,39931
2024,21/08/2024,08:30 AM,4,สงขลา,6.982204386,100.4572624,1,0,1,0,1,2024-08-21 08:30:00,8/21/2024,8:30 AM,79.0,89.0,2.0,29.76,Mostly Cloudy,2024.0,2024,4489,21199,9541,35229
2024,21/08/2024,08:30 AM,4,สงขลา,6.982204386,100.4572624,1,0,1,0,1,2024-08-21 08:30:00,8/21/2024,8:30 AM,79.0,89.0,2.0,29.76,Mostly Cloudy,2024.0,2024,1309,30820,4934,37063
2024,21/08/2024,08:30 AM,4,สงขลา,6.982204386,100.4572624,1,0,1,0,1,2024-08-21 08:30:00,8/21/2024,8:30 AM,79.0,89.0,2.0,29.76,Mostly Cloudy,2024.0,2024,5771,28231,3990,37992
2024,21/08/2024,08:30 AM,4,สงขลา,6.982204386,100.4572624,1,0,1,0,1,2024-08-21 08:30:00,8/21/2024,8:30 AM,79.0,89.0,2.0,29.76,Mostly Cloudy,2024.0,2024,9169,27389,2615,39173
2024,21/08/2024,08:30 AM,4,สงขลา,6.982204386,100.4572624,1,0,1,0,1,2024-08-21 08:30:00,8/21/2024,8:30 AM,79.0,89.0,2.0,29.76,Mostly Cloudy,2024.0,2024,3564,13401,2646,19611
2024,21/08/2024,08:30 AM,4,สงขลา,6.982204386,100.4572624,1,0,1,0,1,2024-08-21 08:30:00,8/21/2024,8:30 AM,79.0,89.0,2.0,29.76,Mostly Cloudy,2024.0,2024,3088,8877,2857,14822
2024,21/08/2024,08:30 AM,4,สงขลา,6.982204386,100.4572624,1,0,1,0,1,2024-08-21 08:30:00,8/21/2024,8:30 AM,79.0,89.0,2.0,29.76,Mostly Cloudy,2024.0,2024,32369,154939,36513,223821
2024,29/08/2024,08:00 PM,4,สงขลา,6.54860503,100.4146113,2,0,0,2,1,2024-08-29 20:00:00,8/29/2024,8:00 PM,81.0,89.0,3.0,29.7,Mostly Cloudy,2024.0,2024,4979,25022,9930,39931
2024,29/08/2024,08:00 PM,4,สงขลา,6.54860503,100.4146113,2,0,0,2,1,2024-08-29 20:00:00,8/29/2024,8:00 PM,81.0,89.0,3.0,29.7,Mostly Cloudy,2024.0,2024,4489,21199,9541,35229
2024,29/08/2024,08:00 PM,4,สงขลา,6.54860503,100.4146113,2,0,0,2,1,2024-08-29 20:00:00,8/29/2024,8:00 PM,81.0,89.0,3.0,29.7,Mostly Cloudy,2024.0,2024,1309,30820,4934,37063
2024,29/08/2024,08:00 PM,4,สงขลา,6.54860503,100.4146113,2,0,0,2,1,2024-08-29 20:00:00,8/29/2024,8:00 PM,81.0,89.0,3.0,29.7,Mostly Cloudy,2024.0,2024,5771,28231,3990,37992
2024,29/08/2024,08:00 PM,4,สงขลา,6.54860503,100.4146113,2,0,0,2,1,2024-08-29 20:00:00,8/29/2024,8:00 PM,81.0,89.0,3.0,29.7,Mostly Cloudy,2024.0,2024,9169,27389,2615,39173
2024,29/08/2024,08:00 PM,4,สงขลา,6.54860503,100.4146113,2,0,0,2,1,2024-08-29 20:00:00,8/29/2024,8:00 PM,81.0,89.0,3.0,29.7,Mostly Cloudy,2024.0,2024,3564,13401,2646,19611
2024,29/08/2024,08:00 PM,4,สงขลา,6.54860503,100.4146113,2,0,0,2,1,2024-08-29 20:00:00,8/29/2024,8:00 PM,81.0,89.0,3.0,29.7,Mostly Cloudy,2024.0,2024,3088,8877,2857,14822
2024,29/08/2024,08:00 PM,4,สงขลา,6.54860503,100.4146113,2,0,0,2,1,2024-08-29 20:00:00,8/29/2024,8:00 PM,81.0,89.0,3.0,29.7,Mostly Cloudy,2024.0,2024,32369,154939,36513,223821
2024,09/01/2024,04:00 PM,4,สงขลา,6.792944896,100.4531251,4,0,2,2,1,2024-09-01 16:00:00,9/1/2024,4:00 PM,91.0,52.0,9.0,29.58,Mostly Cloudy,2024.0,2024,4979,25022,9930,39931
2024,09/01/2024,04:00 PM,4,สงขลา,6.792944896,100.4531251,4,0,2,2,1,2024-09-01 16:00:00,9/1/2024,4:00 PM,91.0,52.0,9.0,29.58,Mostly Cloudy,2024.0,2024,4489,21199,9541,35229
2024,09/01/2024,04:00 PM,4,สงขลา,6.792944896,100.4531251,4,0,2,2,1,2024-09-01 16:00:00,9/1/2024,4:00 PM,91.0,52.0,9.0,29.58,Mostly Cloudy,2024.0,2024,1309,30820,4934,37063
2024,09/01/2024,04:00 PM,4,สงขลา,6.792944896,100.4531251,4,0,2,2,1,2024-09-01 16:00:00,9/1/2024,4:00 PM,91.0,52.0,9.0,29.58,Mostly Cloudy,2024.0,2024,5771,28231,3990,37992
2024,09/01/2024,04:00 PM,4,สงขลา,6.792944896,100.4531251,4,0,2,2,1,2024-09-01 16:00:00,9/1/2024,4:00 PM,91.0,52.0,9.0,29.58,Mostly Cloudy,2024.0,2024,9169,27389,2615,39173
2024,09/01/2024,04:00 PM,4,สงขลา,6.792944896,100.4531251,4,0,2,2,1,2024-09-01 16:00:00,9/1/2024,4:00 PM,91.0,52.0,9.0,29.58,Mostly Cloudy,2024.0,2024,3564,13401,2646,19611
2024,09/01/2024,04:00 PM,4,สงขลา,6.792944896,100.4531251,4,0,2,2,1,2024-09-01 16:00:00,9/1/2024,4:00 PM,91.0,52.0,9.0,29.58,Mostly Cloudy,2024.0,2024,3088,8877,2857,14822
2024,09/01/2024,04:00 PM,4,สงขลา,6.792944896,100.4531251,4,0,2,2,1,2024-09-01 16:00:00,9/1/2024,4:00 PM,91.0,52.0,9.0,29.58,Mostly Cloudy,2024.0,2024,32369,154939,36513,223821
2024,09/02/2024,08:30 AM,4,สงขลา,6.745882003,100.4514809,3,0,2,1,1,2024-09-02 08:30:00,9/2/2024,8:30 AM,82.0,84.0,6.0,29.73,Partly Cloudy,2024.0,2024,4979,25022,9930,39931
2024,09/02/2024,08:30 AM,4,สงขลา,6.745882003,100.4514809,3,0,2,1,1,2024-09-02 08:30:00,9/2/2024,8:30 AM,82.0,84.0,6.0,29.73,Partly Cloudy,2024.0,2024,4489,21199,9541,35229
2024,09/02/2024,08:30 AM,4,สงขลา,6.745882003,100.4514809,3,0,2,1,1,2024-09-02 08:30:00,9/2/2024,8:30 AM,82.0,84.0,6.0,29.73,Partly Cloudy,2024.0,2024,1309,30820,4934,37063
2024,09/02/2024,08:30 AM,4,สงขลา,6.745882003,100.4514809,3,0,2,1,1,2024-09-02 08:30:00,9/2/2024,8:30 AM,82.0,84.0,6.0,29.73,Partly Cloudy,2024.0,2024,5771,28231,3990,37992
2024,09/02/2024,08:30 AM,4,สงขลา,6.745882003,100.4514809,3,0,2,1,1,2024-09-02 08:30:00,9/2/2024,8:30 AM,82.0,84.0,6.0,29.73,Partly Cloudy,2024.0,2024,9169,27389,2615,39173
2024,09/02/2024,08:30 AM,4,สงขลา,6.745882003,100.4514809,3,0,2,1,1,2024-09-02 08:30:00,9/2/2024,8:30 AM,82.0,84.0,6.0,29.73,Partly Cloudy,2024.0,2024,3564,13401,2646,19611
2024,09/02/2024,08:30 AM,4,สงขลา,6.745882003,100.4514809,3,0,2,1,1,2024-09-02 08:30:00,9/2/2024,8:30 AM,82.0,84.0,6.0,29.73,Partly Cloudy,2024.0,2024,3088,8877,2857,14822
2024,09/02/2024,08:30 AM,4,สงขลา,6.745882003,100.4514809,3,0,2,1,1,2024-09-02 08:30:00,9/2/2024,8:30 AM,82.0,84.0,6.0,29.73,Partly Cloudy,2024.0,2024,32369,154939,36513,223821
2024,09/07/2024,03:30 AM,4,สงขลา,6.748548541,100.4516581,1,0,0,1,1,2024-09-07 03:30:00,9/7/2024,3:30 AM,77.0,89.0,2.0,29.67,Partly Cloudy,2024.0,2024,4979,25022,9930,39931
2024,09/07/2024,03:30 AM,4,สงขลา,6.748548541,100.4516581,1,0,0,1,1,2024-09-07 03:30:00,9/7/2024,3:30 AM,77.0,89.0,2.0,29.67,Partly Cloudy,2024.0,2024,4489,21199,9541,35229
2024,09/07/2024,03:30 AM,4,สงขลา,6.748548541,100.4516581,1,0,0,1,1,2024-09-07 03:30:00,9/7/2024,3:30 AM,77.0,89.0,2.0,29.67,Partly Cloudy,2024.0,2024,1309,30820,4934,37063
2024,09/07/2024,03:30 AM,4,สงขลา,6.748548541,100.4516581,1,0,0,1,1,2024-09-07 03:30:00,9/7/2024,3:30 AM,77.0,89.0,2.0,29.67,Partly Cloudy,2024.0,2024,5771,28231,3990,37992
2024,09/07/2024,03:30 AM,4,สงขลา,6.748548541,100.4516581,1,0,0,1,1,2024-09-07 03:30:00,9/7/2024,3:30 AM,77.0,89.0,2.0,29.67,Partly Cloudy,2024.0,2024,9169,27389,2615,39173
2024,09/07/2024,03:30 AM,4,สงขลา,6.748548541,100.4516581,1,0,0,1,1,2024-09-07 03:30:00,9/7/2024,3:30 AM,77.0,89.0,2.0,29.67,Partly Cloudy,2024.0,2024,3564,13401,2646,19611
2024,09/07/2024,03:30 AM,4,สงขลา,6.748548541,100.4516581,1,0,0,1,1,2024-09-07 03:30:00,9/7/2024,3:30 AM,77.0,89.0,2.0,29.67,Partly Cloudy,2024.0,2024,3088,8877,2857,14822
2024,09/07/2024,03:30 AM,4,สงขลา,6.748548541,100.4516581,1,0,0,1,1,2024-09-07 03:30:00,9/7/2024,3:30 AM,77.0,89.0,2.0,29.67,Partly Cloudy,2024.0,2024,32369,154939,36513,223821
2024,14/09/2024,12:30 PM,4,สงขลา,7.004282465,100.4150458,1,0,0,1,1,2024-09-14 12:30:00,9/14/2024,12:30 PM,88.0,66.0,15.0,29.64,Light Rain,2024.0,2024,4979,25022,9930,39931
2024,14/09/2024,12:30 PM,4,สงขลา,7.004282465,100.4150458,1,0,0,1,1,2024-09-14 12:30:00,9/14/2024,12:30 PM,88.0,66.0,15.0,29.64,Light Rain,2024.0,2024,4489,21199,9541,35229
2024,14/09/2024,12:30 PM,4,สงขลา,7.004282465,100.4150458,1,0,0,1,1,2024-09-14 12:30:00,9/14/2024,12:30 PM,88.0,66.0,15.0,29.64,Light Rain,2024.0,2024,1309,30820,4934,37063
2024,14/09/2024,12:30 PM,4,สงขลา,7.004282465,100.4150458,1,0,0,1,1,2024-09-14 12:30:00,9/14/2024,12:30 PM,88.0,66.0,15.0,29.64,Light Rain,2024.0,2024,5771,28231,3990,37992
2024,14/09/2024,12:30 PM,4,สงขลา,7.004282465,100.4150458,1,0,0,1,1,2024-09-14 12:30:00,9/14/2024,12:30 PM,88.0,66.0,15.0,29.64,Light Rain,2024.0,2024,9169,27389,2615,39173
2024,14/09/2024,12:30 PM,4,สงขลา,7.004282465,100.4150458,1,0,0,1,1,2024-09-14 12:30:00,9/14/2024,12:30 PM,88.0,66.0,15.0,29.64,Light Rain,2024.0,2024,3564,13401,2646,19611
2024,14/09/2024,12:30 PM,4,สงขลา,7.004282465,100.4150458,1,0,0,1,1,2024-09-14 12:30:00,9/14/2024,12:30 PM,88.0,66.0,15.0,29.64,Light Rain,2024.0,2024,3088,8877,2857,14822
2024,14/09/2024,12:30 PM,4,สงขลา,7.004282465,100.4150458,1,0,0,1,1,2024-09-14 12:30:00,9/14/2024,12:30 PM,88.0,66.0,15.0,29.64,Light Rain,2024.0,2024,32369,154939,36513,223821
2024,20/09/2024,12:00 AM,4,สงขลา,6.707681241,100.4443234,1,0,1,0,1,2024-09-20 00:00:00,9/20/2024,12:00 AM,81.0,79.0,5.0,29.61,Mostly Cloudy,2024.0,2024,4979,25022,9930,39931
2024,20/09/2024,12:00 AM,4,สงขลา,6.707681241,100.4443234,1,0,1,0,1,2024-09-20 00:00:00,9/20/2024,12:00 AM,81.0,79.0,5.0,29.61,Mostly Cloudy,2024.0,2024,4489,21199,9541,35229
2024,20/09/2024,12:00 AM,4,สงขลา,6.707681241,100.4443234,1,0,1,0,1,2024-09-20 00:00:00,9/20/2024,12:00 AM,81.0,79.0,5.0,29.61,Mostly Cloudy,2024.0,2024,1309,30820,4934,37063
2024,20/09/2024,12:00 AM,4,สงขลา,6.707681241,100.4443234,1,0,1,0,1,2024-09-20 00:00:00,9/20/2024,12:00 AM,81.0,79.0,5.0,29.61,Mostly Cloudy,2024.0,2024,5771,28231,3990,37992
2024,20/09/2024,12:00 AM,4,สงขลา,6.707681241,100.4443234,1,0,1,0,1,2024-09-20 00:00:00,9/20/2024,12:00 AM,81.0,79.0,5.0,29.61,Mostly Cloudy,2024.0,2024,9169,27389,2615,39173
2024,20/09/2024,12:00 AM,4,สงขลา,6.707681241,100.4443234,1,0,1,0,1,2024-09-20 00:00:00,9/20/2024,12:00 AM,81.0,79.0,5.0,29.61,Mostly Cloudy,2024.0,2024,3564,13401,2646,19611
2024,20/09/2024,12:00 AM,4,สงขลา,6.707681241,100.4443234,1,0,1,0,1,2024-09-20 00:00:00,9/20/2024,12:00 AM,81.0,79.0,5.0,29.61,Mostly Cloudy,2024.0,2024,3088,8877,2857,14822
2024,20/09/2024,12:00 AM,4,สงขลา,6.707681241,100.4443234,1,0,1,0,1,2024-09-20 00:00:00,9/20/2024,12:00 AM,81.0,79.0,5.0,29.61,Mostly Cloudy,2024.0,2024,32369,154939,36513,223821
2024,26/09/2024,11:00 AM,4,สงขลา,6.625723717,100.4216051,2,0,0,2,1,2024-09-26 11:00:00,9/26/2024,11:00 AM,88.0,66.0,3.0,29.73,Partly Cloudy,2024.0,2024,4979,25022,9930,39931
2024,26/09/2024,11:00 AM,4,สงขลา,6.625723717,100.4216051,2,0,0,2,1,2024-09-26 11:00:00,9/26/2024,11:00 AM,88.0,66.0,3.0,29.73,Partly Cloudy,2024.0,2024,4489,21199,9541,35229
2024,26/09/2024,11:00 AM,4,สงขลา,6.625723717,100.4216051,2,0,0,2,1,2024-09-26 11:00:00,9/26/2024,11:00 AM,88.0,66.0,3.0,29.73,Partly Cloudy,2024.0,2024,1309,30820,4934,37063
2024,26/09/2024,11:00 AM,4,สงขลา,6.625723717,100.4216051,2,0,0,2,1,2024-09-26 11:00:00,9/26/2024,11:00 AM,88.0,66.0,3.0,29.73,Partly Cloudy,2024.0,2024,5771,28231,3990,37992
2024,26/09/2024,11:00 AM,4,สงขลา,6.625723717,100.4216051,2,0,0,2,1,2024-09-26 11:00:00,9/26/2024,11:00 AM,88.0,66.0,3.0,29.73,Partly Cloudy,2024.0,2024,9169,27389,2615,39173
2024,26/09/2024,11:00 AM,4,สงขลา,6.625723717,100.4216051,2,0,0,2,1,2024-09-26 11:00:00,9/26/2024,11:00 AM,88.0,66.0,3.0,29.73,Partly Cloudy,2024.0,2024,3564,13401,2646,19611
2024,26/09/2024,11:00 AM,4,สงขลา,6.625723717,100.4216051,2,0,0,2,1,2024-09-26 11:00:00,9/26/2024,11:00 AM,88.0,66.0,3.0,29.73,Partly Cloudy,2024.0,2024,3088,8877,2857,14822
2024,26/09/2024,11:00 AM,4,สงขลา,6.625723717,100.4216051,2,0,0,2,1,2024-09-26 11:00:00,9/26/2024,11:00 AM,88.0,66.0,3.0,29.73,Partly Cloudy,2024.0,2024,32369,154939,36513,223821
2024,29/09/2024,05:30 PM,4,สงขลา,6.799749833,100.4532531,1,0,1,0,1,2024-09-29 17:30:00,9/29/2024,5:30 PM,90.0,62.0,10.0,29.64,Fair,2024.0,2024,4979,25022,9930,39931
2024,29/09/2024,05:30 PM,4,สงขลา,6.799749833,100.4532531,1,0,1,0,1,2024-09-29 17:30:00,9/29/2024,5:30 PM,90.0,62.0,10.0,29.64,Fair,2024.0,2024,4489,21199,9541,35229
2024,29/09/2024,05:30 PM,4,สงขลา,6.799749833,100.4532531,1,0,1,0,1,2024-09-29 17:30:00,9/29/2024,5:30 PM,90.0,62.0,10.0,29.64,Fair,2024.0,2024,1309,30820,4934,37063
2024,29/09/2024,05:30 PM,4,สงขลา,6.799749833,100.4532531,1,0,1,0,1,2024-09-29 17:30:00,9/29/2024,5:30 PM,90.0,62.0,10.0,29.64,Fair,2024.0,2024,5771,28231,3990,37992
2024,29/09/2024,05:30 PM,4,สงขลา,6.799749833,100.4532531,1,0,1,0,1,2024-09-29 17:30:00,9/29/2024,5:30 PM,90.0,62.0,10.0,29.64,Fair,2024.0,2024,9169,27389,2615,39173
2024,29/09/2024,05:30 PM,4,สงขลา,6.799749833,100.4532531,1,0,1,0,1,2024-09-29 17:30:00,9/29/2024,5:30 PM,90.0,62.0,10.0,29.64,Fair,2024.0,2024,3564,13401,2646,19611
2024,29/09/2024,05:30 PM,4,สงขลา,6.799749833,100.4532531,1,0,1,0,1,2024-09-29 17:30:00,9/29/2024,5:30 PM,90.0,62.0,10.0,29.64,Fair,2024.0,2024,3088,8877,2857,14822
2024,29/09/2024,05:30 PM,4,สงขลา,6.799749833,100.4532531,1,0,1,0,1,2024-09-29 17:30:00,9/29/2024,5:30 PM,90.0,62.0,10.0,29.64,Fair,2024.0,2024,32369,154939,36513,223821
2024,10/04/2024,04:30 AM,4,สงขลา,7.137202913,100.304598,1,0,1,0,1,2024-10-04 04:30:00,10/4/2024,4:30 AM,77.0,94.0,2.0,29.7,Partly Cloudy,2024.0,2024,4979,25022,9930,39931
2024,10/04/2024,04:30 AM,4,สงขลา,7.137202913,100.304598,1,0,1,0,1,2024-10-04 04:30:00,10/4/2024,4:30 AM,77.0,94.0,2.0,29.7,Partly Cloudy,2024.0,2024,4489,21199,9541,35229
2024,10/04/2024,04:30 AM,4,สงขลา,7.137202913,100.304598,1,0,1,0,1,2024-10-04 04:30:00,10/4/2024,4:30 AM,77.0,94.0,2.0,29.7,Partly Cloudy,2024.0,2024,1309,30820,4934,37063
2024,10/04/2024,04:30 AM,4,สงขลา,7.137202913,100.304598,1,0,1,0,1,2024-10-04 04:30:00,10/4/2024,4:30 AM,77.0,94.0,2.0,29.7,Partly Cloudy,2024.0,2024,5771,28231,3990,37992
2024,10/04/2024,04:30 AM,4,สงขลา,7.137202913,100.304598,1,0,1,0,1,2024-10-04 04:30:00,10/4/2024,4:30 AM,77.0,94.0,2.0,29.7,Partly Cloudy,2024.0,2024,9169,27389,2615,39173
2024,10/04/2024,04:30 AM,4,สงขลา,7.137202913,100.304598,1,0,1,0,1,2024-10-04 04:30:00,10/4/2024,4:30 AM,77.0,94.0,2.0,29.7,Partly Cloudy,2024.0,2024,3564,13401,2646,19611
2024,10/04/2024,04:30 AM,4,สงขลา,7.137202913,100.304598,1,0,1,0,1,2024-10-04 04:30:00,10/4/2024,4:30 AM,77.0,94.0,2.0,29.7,Partly Cloudy,2024.0,2024,3088,8877,2857,14822
2024,10/04/2024,04:30 AM,4,สงขลา,7.137202913,100.304598,1,0,1,0,1,2024-10-04 04:30:00,10/4/2024,4:30 AM,77.0,94.0,2.0,29.7,Partly Cloudy,2024.0,2024,32369,154939,36513,223821
2024,10/05/2024,04:00 PM,4,สงขลา,6.815464578,100.4571645,2,0,2,0,1,2024-10-05 16:00:00,10/5/2024,4:00 PM,79.0,94.0,14.0,29.64,Heavy T-Storm,2024.0,2024,4979,25022,9930,39931
2024,10/05/2024,04:00 PM,4,สงขลา,6.815464578,100.4571645,2,0,2,0,1,2024-10-05 16:00:00,10/5/2024,4:00 PM,79.0,94.0,14.0,29.64,Heavy T-Storm,2024.0,2024,4489,21199,9541,35229
2024,10/05/2024,04:00 PM,4,สงขลา,6.815464578,100.4571645,2,0,2,0,1,2024-10-05 16:00:00,10/5/2024,4:00 PM,79.0,94.0,14.0,29.64,Heavy T-Storm,2024.0,2024,1309,30820,4934,37063
2024,10/05/2024,04:00 PM,4,สงขลา,6.815464578,100.4571645,2,0,2,0,1,2024-10-05 16:00:00,10/5/2024,4:00 PM,79.0,94.0,14.0,29.64,Heavy T-Storm,2024.0,2024,5771,28231,3990,37992
2024,10/05/2024,04:00 PM,4,สงขลา,6.815464578,100.4571645,2,0,2,0,1,2024-10-05 16:00:00,10/5/2024,4:00 PM,79.0,94.0,14.0,29.64,Heavy T-Storm,2024.0,2024,9169,27389,2615,39173
2024,10/05/2024,04:00 PM,4,สงขลา,6.815464578,100.4571645,2,0,2,0,1,2024-10-05 16:00:00,10/5/2024,4:00 PM,79.0,94.0,14.0,29.64,Heavy T-Storm,2024.0,2024,3564,13401,2646,19611
2024,10/05/2024,04:00 PM,4,สงขลา,6.815464578,100.4571645,2,0,2,0,1,2024-10-05 16:00:00,10/5/2024,4:00 PM,79.0,94.0,14.0,29.64,Heavy T-Storm,2024.0,2024,3088,8877,2857,14822
2024,10/05/2024,04:00 PM,4,สงขลา,6.815464578,100.4571645,2,0,2,0,1,2024-10-05 16:00:00,10/5/2024,4:00 PM,79.0,94.0,14.0,29.64,Heavy T-Storm,2024.0,2024,32369,154939,36513,223821
2024,13/10/2024,05:00 AM,4,สงขลา,6.520644421,100.4189801,1,0,1,0,1,2024-10-13 05:00:00,10/13/2024,5:00 AM,75.0,100.0,3.0,29.67,Fog,2024.0,2024,4979,25022,9930,39931
2024,13/10/2024,05:00 AM,4,สงขลา,6.520644421,100.4189801,1,0,1,0,1,2024-10-13 05:00:00,10/13/2024,5:00 AM,75.0,100.0,3.0,29.67,Fog,2024.0,2024,4489,21199,9541,35229
2024,13/10/2024,05:00 AM,4,สงขลา,6.520644421,100.4189801,1,0,1,0,1,2024-10-13 05:00:00,10/13/2024,5:00 AM,75.0,100.0,3.0,29.67,Fog,2024.0,2024,1309,30820,4934,37063
2024,13/10/2024,05:00 AM,4,สงขลา,6.520644421,100.4189801,1,0,1,0,1,2024-10-13 05:00:00,10/13/2024,5:00 AM,75.0,100.0,3.0,29.67,Fog,2024.0,2024,5771,28231,3990,37992
2024,13/10/2024,05:00 AM,4,สงขลา,6.520644421,100.4189801,1,0,1,0,1,2024-10-13 05:00:00,10/13/2024,5:00 AM,75.0,100.0,3.0,29.67,Fog,2024.0,2024,9169,27389,2615,39173
2024,13/10/2024,05:00 AM,4,สงขลา,6.520644421,100.4189801,1,0,1,0,1,2024-10-13 05:00:00,10/13/2024,5:00 AM,75.0,100.0,3.0,29.67,Fog,2024.0,2024,3564,13401,2646,19611
2024,13/10/2024,05:00 AM,4,สงขลา,6.520644421,100.4189801,1,0,1,0,1,2024-10-13 05:00:00,10/13/2024,5:00 AM,75.0,100.0,3.0,29.67,Fog,2024.0,2024,3088,8877,2857,14822
2024,13/10/2024,05:00 AM,4,สงขลา,6.520644421,100.4189801,1,0,1,0,1,2024-10-13 05:00:00,10/13/2024,5:00 AM,75.0,100.0,3.0,29.67,Fog,2024.0,2024,32369,154939,36513,223821
2024,13/10/2024,05:30 AM,4,สงขลา,6.547759705,100.4148775,2,0,1,1,1,2024-10-13 05:30:00,10/13/2024,5:30 AM,75.0,100.0,2.0,29.67,Mist,2024.0,2024,4979,25022,9930,39931
2024,13/10/2024,05:30 AM,4,สงขลา,6.547759705,100.4148775,2,0,1,1,1,2024-10-13 05:30:00,10/13/2024,5:30 AM,75.0,100.0,2.0,29.67,Mist,2024.0,2024,4489,21199,9541,35229
2024,13/10/2024,05:30 AM,4,สงขลา,6.547759705,100.4148775,2,0,1,1,1,2024-10-13 05:30:00,10/13/2024,5:30 AM,75.0,100.0,2.0,29.67,Mist,2024.0,2024,1309,30820,4934,37063
2024,13/10/2024,05:30 AM,4,สงขลา,6.547759705,100.4148775,2,0,1,1,1,2024-10-13 05:30:00,10/13/2024,5:30 AM,75.0,100.0,2.0,29.67,Mist,2024.0,2024,5771,28231,3990,37992
2024,13/10/2024,05:30 AM,4,สงขลา,6.547759705,100.4148775,2,0,1,1,1,2024-10-13 05:30:00,10/13/2024,5:30 AM,75.0,100.0,2.0,29.67,Mist,2024.0,2024,9169,27389,2615,39173
2024,13/10/2024,05:30 AM,4,สงขลา,6.547759705,100.4148775,2,0,1,1,1,2024-10-13 05:30:00,10/13/2024,5:30 AM,75.0,100.0,2.0,29.67,Mist,2024.0,2024,3564,13401,2646,19611
2024,13/10/2024,05:30 AM,4,สงขลา,6.547759705,100.4148775,2,0,1,1,1,2024-10-13 05:30:00,10/13/2024,5:30 AM,75.0,100.0,2.0,29.67,Mist,2024.0,2024,3088,8877,2857,14822
2024,13/10/2024,05:30 AM,4,สงขลา,6.547759705,100.4148775,2,0,1,1,1,2024-10-13 05:30:00,10/13/2024,5:30 AM,75.0,100.0,2.0,29.67,Mist,2024.0,2024,32369,154939,36513,223821
2024,14/10/2024,10:30 AM,4,สงขลา,6.755492321,100.455527,2,0,1,1,1,2024-10-14 10:30:00,10/14/2024,10:30 AM,86.0,74.0,3.0,29.73,Partly Cloudy,2024.0,2024,4979,25022,9930,39931
2024,14/10/2024,10:30 AM,4,สงขลา,6.755492321,100.455527,2,0,1,1,1,2024-10-14 10:30:00,10/14/2024,10:30 AM,86.0,74.0,3.0,29.73,Partly Cloudy,2024.0,2024,4489,21199,9541,35229
2024,14/10/2024,10:30 AM,4,สงขลา,6.755492321,100.455527,2,0,1,1,1,2024-10-14 10:30:00,10/14/2024,10:30 AM,86.0,74.0,3.0,29.73,Partly Cloudy,2024.0,2024,1309,30820,4934,37063
2024,14/10/2024,10:30 AM,4,สงขลา,6.755492321,100.455527,2,0,1,1,1,2024-10-14 10:30:00,10/14/2024,10:30 AM,86.0,74.0,3.0,29.73,Partly Cloudy,2024.0,2024,5771,28231,3990,37992
2024,14/10/2024,10:30 AM,4,สงขลา,6.755492321,100.455527,2,0,1,1,1,2024-10-14 10:30:00,10/14/2024,10:30 AM,86.0,74.0,3.0,29.73,Partly Cloudy,2024.0,2024,9169,27389,2615,39173
2024,14/10/2024,10:30 AM,4,สงขลา,6.755492321,100.455527,2,0,1,1,1,2024-10-14 10:30:00,10/14/2024,10:30 AM,86.0,74.0,3.0,29.73,Partly Cloudy,2024.0,2024,3564,13401,2646,19611
2024,14/10/2024,10:30 AM,4,สงขลา,6.755492321,100.455527,2,0,1,1,1,2024-10-14 10:30:00,10/14/2024,10:30 AM,86.0,74.0,3.0,29.73,Partly Cloudy,2024.0,2024,3088,8877,2857,14822
2024,14/10/2024,10:30 AM,4,สงขลา,6.755492321,100.455527,2,0,1,1,1,2024-10-14 10:30:00,10/14/2024,10:30 AM,86.0,74.0,3.0,29.73,Partly Cloudy,2024.0,2024,32369,154939,36513,223821
2024,14/10/2024,11:00 AM,4,สงขลา,6.546193463,100.4151356,2,0,1,1,1,2024-10-14 11:00:00,10/14/2024,11:00 AM,88.0,70.0,2.0,29.73,Partly Cloudy,2024.0,2024,4979,25022,9930,39931
2024,14/10/2024,11:00 AM,4,สงขลา,6.546193463,100.4151356,2,0,1,1,1,2024-10-14 11:00:00,10/14/2024,11:00 AM,88.0,70.0,2.0,29.73,Partly Cloudy,2024.0,2024,4489,21199,9541,35229
2024,14/10/2024,11:00 AM,4,สงขลา,6.546193463,100.4151356,2,0,1,1,1,2024-10-14 11:00:00,10/14/2024,11:00 AM,88.0,70.0,2.0,29.73,Partly Cloudy,2024.0,2024,1309,30820,4934,37063
2024,14/10/2024,11:00 AM,4,สงขลา,6.546193463,100.4151356,2,0,1,1,1,2024-10-14 11:00:00,10/14/2024,11:00 AM,88.0,70.0,2.0,29.73,Partly Cloudy,2024.0,2024,5771,28231,3990,37992
2024,14/10/2024,11:00 AM,4,สงขลา,6.546193463,100.4151356,2,0,1,1,1,2024-10-14 11:00:00,10/14/2024,11:00 AM,88.0,70.0,2.0,29.73,Partly Cloudy,2024.0,2024,9169,27389,2615,39173
2024,14/10/2024,11:00 AM,4,สงขลา,6.546193463,100.4151356,2,0,1,1,1,2024-10-14 11:00:00,10/14/2024,11:00 AM,88.0,70.0,2.0,29.73,Partly Cloudy,2024.0,2024,3564,13401,2646,19611
2024,14/10/2024,11:00 AM,4,สงขลา,6.546193463,100.4151356,2,0,1,1,1,2024-10-14 11:00:00,10/14/2024,11:00 AM,88.0,70.0,2.0,29.73,Partly Cloudy,2024.0,2024,3088,8877,2857,14822
2024,14/10/2024,11:00 AM,4,สงขลา,6.546193463,100.4151356,2,0,1,1,1,2024-10-14 11:00:00,10/14/2024,11:00 AM,88.0,70.0,2.0,29.73,Partly Cloudy,2024.0,2024,32369,154939,36513,223821
2024,11/03/2024,07:00 AM,4,สงขลา,6.668409603,100.4346579,2,2,0,0,1,2024-11-03 07:00:00,11/3/2024,7:00 AM,77.0,94.0,1.0,29.7,Fair,2024.0,2024,4979,25022,9930,39931
2024,11/03/2024,07:00 AM,4,สงขลา,6.668409603,100.4346579,2,2,0,0,1,2024-11-03 07:00:00,11/3/2024,7:00 AM,77.0,94.0,1.0,29.7,Fair,2024.0,2024,4489,21199,9541,35229
2024,11/03/2024,07:00 AM,4,สงขลา,6.668409603,100.4346579,2,2,0,0,1,2024-11-03 07:00:00,11/3/2024,7:00 AM,77.0,94.0,1.0,29.7,Fair,2024.0,2024,1309,30820,4934,37063
2024,11/03/2024,07:00 AM,4,สงขลา,6.668409603,100.4346579,2,2,0,0,1,2024-11-03 07:00:00,11/3/2024,7:00 AM,77.0,94.0,1.0,29.7,Fair,2024.0,2024,5771,28231,3990,37992
2024,11/03/2024,07:00 AM,4,สงขลา,6.668409603,100.4346579,2,2,0,0,1,2024-11-03 07:00:00,11/3/2024,7:00 AM,77.0,94.0,1.0,29.7,Fair,2024.0,2024,9169,27389,2615,39173
2024,11/03/2024,07:00 AM,4,สงขลา,6.668409603,100.4346579,2,2,0,0,1,2024-11-03 07:00:00,11/3/2024,7:00 AM,77.0,94.0,1.0,29.7,Fair,2024.0,2024,3564,13401,2646,19611
2024,11/03/2024,07:00 AM,4,สงขลา,6.668409603,100.4346579,2,2,0,0,1,2024-11-03 07:00:00,11/3/2024,7:00 AM,77.0,94.0,1.0,29.7,Fair,2024.0,2024,3088,8877,2857,14822
2024,11/03/2024,07:00 AM,4,สงขลา,6.668409603,100.4346579,2,2,0,0,1,2024-11-03 07:00:00,11/3/2024,7:00 AM,77.0,94.0,1.0,29.7,Fair,2024.0,2024,32369,154939,36513,223821
2024,11/04/2024,02:30 PM,4,สงขลา,7.12037897,100.3195021,1,0,1,0,1,2024-11-04 14:30:00,11/4/2024,2:30 PM,79.0,94.0,3.0,29.64,Showers in the Vicinity,2024.0,2024,4979,25022,9930,39931
2024,11/04/2024,02:30 PM,4,สงขลา,7.12037897,100.3195021,1,0,1,0,1,2024-11-04 14:30:00,11/4/2024,2:30 PM,79.0,94.0,3.0,29.64,Showers in the Vicinity,2024.0,2024,4489,21199,9541,35229
2024,11/04/2024,02:30 PM,4,สงขลา,7.12037897,100.3195021,1,0,1,0,1,2024-11-04 14:30:00,11/4/2024,2:30 PM,79.0,94.0,3.0,29.64,Showers in the Vicinity,2024.0,2024,1309,30820,4934,37063
2024,11/04/2024,02:30 PM,4,สงขลา,7.12037897,100.3195021,1,0,1,0,1,2024-11-04 14:30:00,11/4/2024,2:30 PM,79.0,94.0,3.0,29.64,Showers in the Vicinity,2024.0,2024,5771,28231,3990,37992
2024,11/04/2024,02:30 PM,4,สงขลา,7.12037897,100.3195021,1,0,1,0,1,2024-11-04 14:30:00,11/4/2024,2:30 PM,79.0,94.0,3.0,29.64,Showers in the Vicinity,2024.0,2024,9169,27389,2615,39173
2024,11/04/2024,02:30 PM,4,สงขลา,7.12037897,100.3195021,1,0,1,0,1,2024-11-04 14:30:00,11/4/2024,2:30 PM,79.0,94.0,3.0,29.64,Showers in the Vicinity,2024.0,2024,3564,13401,2646,19611
2024,11/04/2024,02:30 PM,4,สงขลา,7.12037897,100.3195021,1,0,1,0,1,2024-11-04 14:30:00,11/4/2024,2:30 PM,79.0,94.0,3.0,29.64,Showers in the Vicinity,2024.0,2024,3088,8877,2857,14822
2024,11/04/2024,02:30 PM,4,สงขลา,7.12037897,100.3195021,1,0,1,0,1,2024-11-04 14:30:00,11/4/2024,2:30 PM,79.0,94.0,3.0,29.64,Showers in the Vicinity,2024.0,2024,32369,154939,36513,223821
2024,11/05/2024,03:30 AM,4,สงขลา,6.953889145,100.4734241,1,0,0,1,1,2024-11-05 03:30:00,11/5/2024,3:30 AM,77.0,94.0,3.0,29.7,Mostly Cloudy,2024.0,2024,4979,25022,9930,39931
2024,11/05/2024,03:30 AM,4,สงขลา,6.953889145,100.4734241,1,0,0,1,1,2024-11-05 03:30:00,11/5/2024,3:30 AM,77.0,94.0,3.0,29.7,Mostly Cloudy,2024.0,2024,4489,21199,9541,35229
2024,11/05/2024,03:30 AM,4,สงขลา,6.953889145,100.4734241,1,0,0,1,1,2024-11-05 03:30:00,11/5/2024,3:30 AM,77.0,94.0,3.0,29.7,Mostly Cloudy,2024.0,2024,1309,30820,4934,37063
2024,11/05/2024,03:30 AM,4,สงขลา,6.953889145,100.4734241,1,0,0,1,1,2024-11-05 03:30:00,11/5/2024,3:30 AM,77.0,94.0,3.0,29.7,Mostly Cloudy,2024.0,2024,5771,28231,3990,37992
2024,11/05/2024,03:30 AM,4,สงขลา,6.953889145,100.4734241,1,0,0,1,1,2024-11-05 03:30:00,11/5/2024,3:30 AM,77.0,94.0,3.0,29.7,Mostly Cloudy,2024.0,2024,9169,27389,2615,39173
2024,11/05/2024,03:30 AM,4,สงขลา,6.953889145,100.4734241,1,0,0,1,1,2024-11-05 03:30:00,11/5/2024,3:30 AM,77.0,94.0,3.0,29.7,Mostly Cloudy,2024.0,2024,3564,13401,2646,19611
2024,11/05/2024,03:30 AM,4,สงขลา,6.953889145,100.4734241,1,0,0,1,1,2024-11-05 03:30:00,11/5/2024,3:30 AM,77.0,94.0,3.0,29.7,Mostly Cloudy,2024.0,2024,3088,8877,2857,14822
2024,11/05/2024,03:30 AM,4,สงขลา,6.953889145,100.4734241,1,0,0,1,1,2024-11-05 03:30:00,11/5/2024,3:30 AM,77.0,94.0,3.0,29.7,Mostly Cloudy,2024.0,2024,32369,154939,36513,223821
2024,17/11/2024,06:00 AM,4,สงขลา,6.788451752,100.4529977,1,0,0,1,1,2024-11-17 06:00:00,11/17/2024,6:00 AM,77.0,94.0,3.0,29.64,Fair,2024.0,2024,4979,25022,9930,39931
2024,17/11/2024,06:00 AM,4,สงขลา,6.788451752,100.4529977,1,0,0,1,1,2024-11-17 06:00:00,11/17/2024,6:00 AM,77.0,94.0,3.0,29.64,Fair,2024.0,2024,4489,21199,9541,35229
2024,17/11/2024,06:00 AM,4,สงขลา,6.788451752,100.4529977,1,0,0,1,1,2024-11-17 06:00:00,11/17/2024,6:00 AM,77.0,94.0,3.0,29.64,Fair,2024.0,2024,1309,30820,4934,37063
2024,17/11/2024,06:00 AM,4,สงขลา,6.788451752,100.4529977,1,0,0,1,1,2024-11-17 06:00:00,11/17/2024,6:00 AM,77.0,94.0,3.0,29.64,Fair,2024.0,2024,5771,28231,3990,37992
2024,17/11/2024,06:00 AM,4,สงขลา,6.788451752,100.4529977,1,0,0,1,1,2024-11-17 06:00:00,11/17/2024,6:00 AM,77.0,94.0,3.0,29.64,Fair,2024.0,2024,9169,27389,2615,39173
2024,17/11/2024,06:00 AM,4,สงขลา,6.788451752,100.4529977,1,0,0,1,1,2024-11-17 06:00:00,11/17/2024,6:00 AM,77.0,94.0,3.0,29.64,Fair,2024.0,2024,3564,13401,2646,19611
2024,17/11/2024,06:00 AM,4,สงขลา,6.788451752,100.4529977,1,0,0,1,1,2024-11-17 06:00:00,11/17/2024,6:00 AM,77.0,94.0,3.0,29.64,Fair,2024.0,2024,3088,8877,2857,14822
2024,17/11/2024,06:00 AM,4,สงขลา,6.788451752,100.4529977,1,0,0,1,1,2024-11-17 06:00:00,11/17/2024,6:00 AM,77.0,94.0,3.0,29.64,Fair,2024.0,2024,32369,154939,36513,223821
2024,29/11/2024,01:00 AM,4,สงขลา,6.990572866,100.4190672,1,0,1,0,1,2024-11-29 01:00:00,11/29/2024,1:00 AM,75.0,100.0,2.0,29.73,Light Rain,2024.0,2024,4979,25022,9930,39931
2024,29/11/2024,01:00 AM,4,สงขลา,6.990572866,100.4190672,1,0,1,0,1,2024-11-29 01:00:00,11/29/2024,1:00 AM,75.0,100.0,2.0,29.73,Light Rain,2024.0,2024,4489,21199,9541,35229
2024,29/11/2024,01:00 AM,4,สงขลา,6.990572866,100.4190672,1,0,1,0,1,2024-11-29 01:00:00,11/29/2024,1:00 AM,75.0,100.0,2.0,29.73,Light Rain,2024.0,2024,1309,30820,4934,37063
2024,29/11/2024,01:00 AM,4,สงขลา,6.990572866,100.4190672,1,0,1,0,1,2024-11-29 01:00:00,11/29/2024,1:00 AM,75.0,100.0,2.0,29.73,Light Rain,2024.0,2024,5771,28231,3990,37992
2024,29/11/2024,01:00 AM,4,สงขลา,6.990572866,100.4190672,1,0,1,0,1,2024-11-29 01:00:00,11/29/2024,1:00 AM,75.0,100.0,2.0,29.73,Light Rain,2024.0,2024,9169,27389,2615,39173
2024,29/11/2024,01:00 AM,4,สงขลา,6.990572866,100.4190672,1,0,1,0,1,2024-11-29 01:00:00,11/29/2024,1:00 AM,75.0,100.0,2.0,29.73,Light Rain,2024.0,2024,3564,13401,2646,19611
2024,29/11/2024,01:00 AM,4,สงขลา,6.990572866,100.4190672,1,0,1,0,1,2024-11-29 01:00:00,11/29/2024,1:00 AM,75.0,100.0,2.0,29.73,Light Rain,2024.0,2024,3088,8877,2857,14822
2024,29/11/2024,01:00 AM,4,สงขลา,6.990572866,100.4190672,1,0,1,0,1,2024-11-29 01:00:00,11/29/2024,1:00 AM,75.0,100.0,2.0,29.73,Light Rain,2024.0,2024,32369,154939,36513,223821
2024,12/07/2024,02:00 PM,4,สงขลา,7.036033928,100.3943238,1,0,1,0,1,2024-12-07 14:00:00,12/7/2024,2:00 PM,86.0,70.0,10.0,29.61,Partly Cloudy,2024.0,2024,4979,25022,9930,39931
2024,12/07/2024,02:00 PM,4,สงขลา,7.036033928,100.3943238,1,0,1,0,1,2024-12-07 14:00:00,12/7/2024,2:00 PM,86.0,70.0,10.0,29.61,Partly Cloudy,2024.0,2024,4489,21199,9541,35229
2024,12/07/2024,02:00 PM,4,สงขลา,7.036033928,100.3943238,1,0,1,0,1,2024-12-07 14:00:00,12/7/2024,2:00 PM,86.0,70.0,10.0,29.61,Partly Cloudy,2024.0,2024,1309,30820,4934,37063
2024,12/07/2024,02:00 PM,4,สงขลา,7.036033928,100.3943238,1,0,1,0,1,2024-12-07 14:00:00,12/7/2024,2:00 PM,86.0,70.0,10.0,29.61,Partly Cloudy,2024.0,2024,5771,28231,3990,37992
2024,12/07/2024,02:00 PM,4,สงขลา,7.036033928,100.3943238,1,0,1,0,1,2024-12-07 14:00:00,12/7/2024,2:00 PM,86.0,70.0,10.0,29.61,Partly Cloudy,2024.0,2024,9169,27389,2615,39173
2024,12/07/2024,02:00 PM,4,สงขลา,7.036033928,100.3943238,1,0,1,0,1,2024-12-07 14:00:00,12/7/2024,2:00 PM,86.0,70.0,10.0,29.61,Partly Cloudy,2024.0,2024,3564,13401,2646,19611
2024,12/07/2024,02:00 PM,4,สงขลา,7.036033928,100.3943238,1,0,1,0,1,2024-12-07 14:00:00,12/7/2024,2:00 PM,86.0,70.0,10.0,29.61,Partly Cloudy,2024.0,2024,3088,8877,2857,14822
2024,12/07/2024,02:00 PM,4,สงขลา,7.036033928,100.3943238,1,0,1,0,1,2024-12-07 14:00:00,12/7/2024,2:00 PM,86.0,70.0,10.0,29.61,Partly Cloudy,2024.0,2024,32369,154939,36513,223821
2024,13/12/2024,03:30 AM,4,สงขลา,6.53610206,100.4165331,1,0,1,0,1,2024-12-13 03:30:00,12/13/2024,3:30 AM,75.0,100.0,3.0,29.61,Mist,2024.0,2024,4979,25022,9930,39931
2024,13/12/2024,03:30 AM,4,สงขลา,6.53610206,100.4165331,1,0,1,0,1,2024-12-13 03:30:00,12/13/2024,3:30 AM,75.0,100.0,3.0,29.61,Mist,2024.0,2024,4489,21199,9541,35229
2024,13/12/2024,03:30 AM,4,สงขลา,6.53610206,100.4165331,1,0,1,0,1,2024-12-13 03:30:00,12/13/2024,3:30 AM,75.0,100.0,3.0,29.61,Mist,2024.0,2024,1309,30820,4934,37063
2024,13/12/2024,03:30 AM,4,สงขลา,6.53610206,100.4165331,1,0,1,0,1,2024-12-13 03:30:00,12/13/2024,3:30 AM,75.0,100.0,3.0,29.61,Mist,2024.0,2024,5771,28231,3990,37992
2024,13/12/2024,03:30 AM,4,สงขลา,6.53610206,100.4165331,1,0,1,0,1,2024-12-13 03:30:00,12/13/2024,3:30 AM,75.0,100.0,3.0,29.61,Mist,2024.0,2024,9169,27389,2615,39173
2024,13/12/2024,03:30 AM,4,สงขลา,6.53610206,100.4165331,1,0,1,0,1,2024-12-13 03:30:00,12/13/2024,3:30 AM,75.0,100.0,3.0,29.61,Mist,2024.0,2024,3564,13401,2646,19611
2024,13/12/2024,03:30 AM,4,สงขลา,6.53610206,100.4165331,1,0,1,0,1,2024-12-13 03:30:00,12/13/2024,3:30 AM,75.0,100.0,3.0,29.61,Mist,2024.0,2024,3088,8877,2857,14822
2024,13/12/2024,03:30 AM,4,สงขลา,6.53610206,100.4165331,1,0,1,0,1,2024-12-13 03:30:00,12/13/2024,3:30 AM,75.0,100.0,3.0,29.61,Mist,2024.0,2024,32369,154939,36513,223821
2024,27/12/2024,01:30 PM,4,สงขลา,6.655758727,100.4302861,2,1,0,1,1,2024-12-27 13:30:00,12/27/2024,1:30 PM,84.0,79.0,6.0,29.73,Mostly Cloudy,2024.0,2024,4979,25022,9930,39931
2024,27/12/2024,01:30 PM,4,สงขลา,6.655758727,100.4302861,2,1,0,1,1,2024-12-27 13:30:00,12/27/2024,1:30 PM,84.0,79.0,6.0,29.73,Mostly Cloudy,2024.0,2024,4489,21199,9541,35229
2024,27/12/2024,01:30 PM,4,สงขลา,6.655758727,100.4302861,2,1,0,1,1,2024-12-27 13:30:00,12/27/2024,1:30 PM,84.0,79.0,6.0,29.73,Mostly Cloudy,2024.0,2024,1309,30820,4934,37063
2024,27/12/2024,01:30 PM,4,สงขลา,6.655758727,100.4302861,2,1,0,1,1,2024-12-27 13:30:00,12/27/2024,1:30 PM,84.0,79.0,6.0,29.73,Mostly Cloudy,2024.0,2024,5771,28231,3990,37992
2024,27/12/2024,01:30 PM,4,สงขลา,6.655758727,100.4302861,2,1,0,1,1,2024-12-27 13:30:00,12/27/2024,1:30 PM,84.0,79.0,6.0,29.73,Mostly Cloudy,2024.0,2024,9169,27389,2615,39173
2024,27/12/2024,01:30 PM,4,สงขลา,6.655758727,100.4302861,2,1,0,1,1,2024-12-27 13:30:00,12/27/2024,1:30 PM,84.0,79.0,6.0,29.73,Mostly Cloudy,2024.0,2024,3564,13401,2646,19611
2024,27/12/2024,01:30 PM,4,สงขลา,6.655758727,100.4302861,2,1,0,1,1,2024-12-27 13:30:00,12/27/2024,1:30 PM,84.0,79.0,6.0,29.73,Mostly Cloudy,2024.0,2024,3088,8877,2857,14822
2024,27/12/2024,01:30 PM,4,สงขลา,6.655758727,100.4302861,2,1,0,1,1,2024-12-27 13:30:00,12/27/2024,1:30 PM,84.0,79.0,6.0,29.73,Mostly Cloudy,2024.0,2024,32369,154939,36513,223821
2024,28/12/2024,03:30 PM,4,สงขลา,7.088483717,100.3477338,1,0,1,0,1,2024-12-28 15:30:00,12/28/2024,3:30 PM,88.0,62.0,14.0,29.7,Mostly Cloudy,2024.0,2024,4979,25022,9930,39931
2024,28/12/2024,03:30 PM,4,สงขลา,7.088483717,100.3477338,1,0,1,0,1,2024-12-28 15:30:00,12/28/2024,3:30 PM,88.0,62.0,14.0,29.7,Mostly Cloudy,2024.0,2024,4489,21199,9541,35229
2024,28/12/2024,03:30 PM,4,สงขลา,7.088483717,100.3477338,1,0,1,0,1,2024-12-28 15:30:00,12/28/2024,3:30 PM,88.0,62.0,14.0,29.7,Mostly Cloudy,2024.0,2024,1309,30820,4934,37063
2024,28/12/2024,03:30 PM,4,สงขลา,7.088483717,100.3477338,1,0,1,0,1,2024-12-28 15:30:00,12/28/2024,3:30 PM,88.0,62.0,14.0,29.7,Mostly Cloudy,2024.0,2024,5771,28231,3990,37992
2024,28/12/2024,03:30 PM,4,สงขลา,7.088483717,100.3477338,1,0,1,0,1,2024-12-28 15:30:00,12/28/2024,3:30 PM,88.0,62.0,14.0,29.7,Mostly Cloudy,2024.0,2024,9169,27389,2615,39173
2024,28/12/2024,03:30 PM,4,สงขลา,7.088483717,100.3477338,1,0,1,0,1,2024-12-28 15:30:00,12/28/2024,3:30 PM,88.0,62.0,14.0,29.7,Mostly Cloudy,2024.0,2024,3564,13401,2646,19611
2024,28/12/2024,03:30 PM,4,สงขลา,7.088483717,100.3477338,1,0,1,0,1,2024-12-28 15:30:00,12/28/2024,3:30 PM,88.0,62.0,14.0,29.7,Mostly Cloudy,2024.0,2024,3088,8877,2857,14822
2024,28/12/2024,03:30 PM,4,สงขลา,7.088483717,100.3477338,1,0,1,0,1,2024-12-28 15:30:00,12/28/2024,3:30 PM,88.0,62.0,14.0,29.7,Mostly Cloudy,2024.0,2024,32369,154939,36513,223821
2024,30/12/2024,03:30 AM,4,สงขลา,6.965182549,100.4757884,2,0,2,0,1,2024-12-30 03:30:00,12/30/2024,3:30 AM,75.0,94.0,2.0,29.76,Mostly Cloudy,2024.0,2024,4979,25022,9930,39931
2024,30/12/2024,03:30 AM,4,สงขลา,6.965182549,100.4757884,2,0,2,0,1,2024-12-30 03:30:00,12/30/2024,3:30 AM,75.0,94.0,2.0,29.76,Mostly Cloudy,2024.0,2024,4489,21199,9541,35229
2024,30/12/2024,03:30 AM,4,สงขลา,6.965182549,100.4757884,2,0,2,0,1,2024-12-30 03:30:00,12/30/2024,3:30 AM,75.0,94.0,2.0,29.76,Mostly Cloudy,2024.0,2024,1309,30820,4934,37063
2024,30/12/2024,03:30 AM,4,สงขลา,6.965182549,100.4757884,2,0,2,0,1,2024-12-30 03:30:00,12/30/2024,3:30 AM,75.0,94.0,2.0,29.76,Mostly Cloudy,2024.0,2024,5771,28231,3990,37992
2024,30/12/2024,03:30 AM,4,สงขลา,6.965182549,100.4757884,2,0,2,0,1,2024-12-30 03:30:00,12/30/2024,3:30 AM,75.0,94.0,2.0,29.76,Mostly Cloudy,2024.0,2024,9169,27389,2615,39173
2024,30/12/2024,03:30 AM,4,สงขลา,6.965182549,100.4757884,2,0,2,0,1,2024-12-30 03:30:00,12/30/2024,3:30 AM,75.0,94.0,2.0,29.76,Mostly Cloudy,2024.0,2024,3564,13401,2646,19611
2024,30/12/2024,03:30 AM,4,สงขลา,6.965182549,100.4757884,2,0,2,0,1,2024-12-30 03:30:00,12/30/2024,3:30 AM,75.0,94.0,2.0,29.76,Mostly Cloudy,2024.0,2024,3088,8877,2857,14822
2024,30/12/2024,03:30 AM,4,สงขลา,6.965182549,100.4757884,2,0,2,0,1,2024-12-30 03:30:00,12/30/2024,3:30 AM,75.0,94.0,2.0,29.76,Mostly Cloudy,2024.0,2024,32369,154939,36513,223821
