date,time,temperature_F,humidity_%,wind_speed_kmh,pressure_in,condition
1/1/2022,12:00 AM,79,83,3,29.84,Mostly Cloudy
1/1/2022,12:30 AM,79,83,5,29.81,Mostly Cloudy
1/1/2022,1:00 AM,79,83,3,29.81,Mostly Cloudy
1/1/2022,1:30 AM,79,83,8,29.79,Mostly Cloudy
1/1/2022,2:00 AM,79,83,7,29.79,Mostly Cloudy
1/1/2022,2:30 AM,79,83,5,29.79,Mostly Cloudy
1/1/2022,3:00 AM,79,83,5,29.76,Light Rain
1/1/2022,3:30 AM,77,89,8,29.79,Light Rain
1/1/2022,4:00 AM,75,94,3,29.76,Mostly Cloudy
1/1/2022,4:30 AM,75,89,5,29.76,Mostly Cloudy
1/1/2022,5:00 AM,73,94,2,29.76,Mostly Cloudy
1/1/2022,5:30 AM,73,94,7,29.79,Light Rain
1/1/2022,6:00 AM,73,100,8,29.79,Light Rain
1/1/2022,6:30 AM,73,100,7,29.79,Light Rain
1/1/2022,7:00 AM,73,100,5,29.79,Light Rain
1/1/2022,7:30 AM,73,100,5,29.81,Light Rain
1/1/2022,8:00 AM,75,94,6,29.81,Mostly Cloudy
1/1/2022,8:30 AM,75,100,5,29.81,Mostly Cloudy
1/1/2022,9:00 AM,77,94,5,29.84,Light Rain
1/1/2022,9:30 AM,75,100,7,29.84,Light Rain
1/1/2022,10:00 AM,75,100,12,29.84,Light Rain
1/1/2022,10:30 AM,75,100,10,29.84,Light Rain
1/1/2022,11:00 AM,77,94,5,29.84,Light Rain
1/1/2022,11:30 AM,75,100,3,29.84,Rain
1/1/2022,12:00 PM,75,100,0,29.81,Light Rain
1/1/2022,12:30 PM,77,100,2,29.81,Cloudy
1/1/2022,1:00 PM,79,94,5,29.79,Cloudy
1/1/2022,1:30 PM,79,89,5,29.79,Mostly Cloudy
1/1/2022,2:00 PM,77,94,12,29.76,Light Rain
1/1/2022,2:30 PM,79,94,5,29.76,Light Rain
1/1/2022,3:00 PM,81,84,9,29.76,Mostly Cloudy
1/1/2022,3:30 PM,77,94,13,29.73,Light Rain
1/1/2022,4:00 PM,81,84,9,29.73,Mostly Cloudy
1/1/2022,4:30 PM,81,84,17,29.73,Mostly Cloudy
1/1/2022,5:00 PM,81,84,10,29.73,Mostly Cloudy
1/1/2022,5:30 PM,81,79,9,29.76,Mostly Cloudy
1/1/2022,6:00 PM,81,79,9,29.76,Mostly Cloudy
1/1/2022,6:30 PM,77,94,6,29.76,Mostly Cloudy
1/1/2022,7:00 PM,79,94,5,29.79,Mostly Cloudy
1/1/2022,7:30 PM,79,89,5,29.79,Mostly Cloudy
1/1/2022,8:00 PM,77,94,10,29.81,Light Rain
1/1/2022,8:30 PM,77,94,7,29.81,Mostly Cloudy
1/1/2022,9:00 PM,77,100,5,29.81,Mostly Cloudy
1/1/2022,9:30 PM,77,100,3,29.81,Mostly Cloudy
1/1/2022,10:00 PM,77,94,2,29.81,Mostly Cloudy
1/1/2022,10:30 PM,75,100,0,29.81,Mostly Cloudy
1/1/2022,11:00 PM,77,94,5,29.81,Mostly Cloudy
1/1/2022,11:30 PM,77,94,5,29.81,Mostly Cloudy
1/2/2022,12:00 AM,77,94,3,29.81,Mostly Cloudy
1/2/2022,12:30 AM,79,83,3,29.81,Mostly Cloudy
1/2/2022,1:00 AM,79,83,3,29.79,Mostly Cloudy
1/2/2022,1:30 AM,79,83,9,29.79,Mostly Cloudy
1/2/2022,2:00 AM,79,83,10,29.79,Mostly Cloudy
1/2/2022,2:30 AM,79,78,10,29.79,Mostly Cloudy
1/2/2022,3:00 AM,79,78,8,29.76,Mostly Cloudy
1/2/2022,3:30 AM,79,78,8,29.76,Mostly Cloudy
1/2/2022,4:00 AM,79,78,9,29.76,Mostly Cloudy
1/2/2022,4:30 AM,77,83,6,29.76,Mostly Cloudy
1/2/2022,5:00 AM,77,83,3,29.76,Partly Cloudy
1/2/2022,5:30 AM,77,89,6,29.76,Mostly Cloudy
1/2/2022,6:00 AM,75,100,12,29.76,Light Rain
1/2/2022,6:30 AM,75,100,5,29.76,Light Rain
1/2/2022,7:00 AM,75,100,9,29.79,Rain
1/2/2022,7:30 AM,73,100,6,29.79,Light Rain
1/2/2022,8:00 AM,73,100,5,29.81,Rain
1/2/2022,8:30 AM,75,100,5,29.84,Light Rain
1/2/2022,9:00 AM,77,100,2,29.84,Cloudy
1/2/2022,9:30 AM,79,94,2,29.81,Cloudy
1/2/2022,10:00 AM,79,94,0,29.81,Light Rain
1/2/2022,10:30 AM,75,100,10,29.84,Heavy Rain
1/2/2022,11:00 AM,75,100,9,29.81,Light Rain
1/2/2022,11:30 AM,77,100,6,29.81,Cloudy
1/2/2022,12:00 PM,79,94,3,29.81,Cloudy
1/2/2022,12:30 PM,79,94,6,29.79,Light Rain
1/2/2022,1:00 PM,79,94,8,29.79,Light Rain
1/2/2022,1:30 PM,81,89,7,29.76,Cloudy
1/2/2022,2:00 PM,79,89,14,29.73,Showers in the Vicinity
1/2/2022,2:30 PM,81,89,10,29.73,Showers in the Vicinity
1/2/2022,3:00 PM,82,84,8,29.70,Mostly Cloudy
1/2/2022,3:30 PM,84,79,8,29.70,Mostly Cloudy
1/2/2022,4:00 PM,84,74,10,29.73,Mostly Cloudy
1/2/2022,4:30 PM,84,74,10,29.70,Mostly Cloudy
1/2/2022,5:00 PM,84,70,16,29.73,Mostly Cloudy
1/2/2022,5:30 PM,82,74,10,29.73,Partly Cloudy
1/2/2022,6:00 PM,82,74,9,29.76,Partly Cloudy
1/2/2022,6:30 PM,81,79,10,29.76,Mostly Cloudy
1/2/2022,7:00 PM,81,79,7,29.79,Mostly Cloudy
1/2/2022,7:30 PM,79,83,6,29.79,Light Rain
1/2/2022,8:00 PM,79,83,6,29.79,Mostly Cloudy
1/2/2022,8:30 PM,77,89,5,29.79,Mostly Cloudy
1/2/2022,9:00 PM,79,83,5,29.81,Partly Cloudy
1/2/2022,9:30 PM,77,89,0,29.81,Fair
1/2/2022,10:00 PM,77,89,0,29.81,Fair
1/2/2022,11:00 PM,75,100,0,29.81,Partly Cloudy
1/2/2022,11:30 PM,75,100,5,29.81,Mostly Cloudy
1/3/2022,12:00 AM,75,100,12,29.81,Light Rain
1/3/2022,12:30 AM,75,100,2,29.81,Mostly Cloudy
1/3/2022,1:00 AM,75,100,5,29.81,Mostly Cloudy
1/3/2022,1:30 AM,75,100,5,29.81,Light Rain
1/3/2022,2:00 AM,73,100,10,29.79,Light Rain
1/3/2022,2:30 AM,73,100,8,29.79,Light Rain
1/3/2022,3:00 AM,75,100,5,29.76,Light Rain
1/3/2022,3:30 AM,75,100,6,29.76,Light Rain
1/3/2022,4:00 AM,73,100,3,29.76,Mostly Cloudy
1/3/2022,4:30 AM,73,100,7,29.76,Mostly Cloudy
1/3/2022,5:00 AM,73,100,7,29.76,Mostly Cloudy
1/3/2022,5:30 AM,73,100,3,29.73,Light Rain
1/3/2022,6:00 AM,73,100,5,29.73,Light Rain
1/3/2022,6:30 AM,73,100,3,29.76,Light Rain
1/3/2022,7:00 AM,73,100,3,29.76,Light Rain
1/3/2022,7:30 AM,75,100,0,29.76,Light Rain
1/3/2022,8:00 AM,75,100,3,29.79,Light Rain
1/3/2022,8:30 AM,75,100,2,29.79,Light Rain
1/3/2022,9:00 AM,77,100,0,29.79,Light Rain
1/3/2022,9:30 AM,77,100,5,29.79,Light Rain
1/3/2022,10:00 AM,79,94,6,29.79,Light Rain
1/3/2022,10:30 AM,79,100,5,29.79,Light Rain
1/3/2022,11:00 AM,81,94,6,29.79,Light Rain
1/3/2022,11:30 AM,77,94,13,29.76,Light Rain
1/3/2022,12:00 PM,77,100,9,29.76,Light Rain
1/3/2022,12:30 PM,81,89,10,29.76,Showers in the Vicinity
1/3/2022,1:00 PM,77,94,9,29.73,Light Rain
1/3/2022,1:30 PM,79,94,9,29.73,Light Rain
1/3/2022,2:00 PM,79,89,9,29.70,Light Rain
1/3/2022,2:30 PM,79,94,12,29.70,Showers in the Vicinity
1/3/2022,3:00 PM,81,89,8,29.70,Showers in the Vicinity
1/3/2022,3:30 PM,81,89,9,29.70,Mostly Cloudy
1/3/2022,4:00 PM,81,89,8,29.70,Mostly Cloudy
1/3/2022,4:30 PM,81,89,7,29.70,Mostly Cloudy
1/3/2022,5:00 PM,81,89,7,29.70,Mostly Cloudy
1/3/2022,5:30 PM,81,89,8,29.73,Mostly Cloudy
1/3/2022,6:00 PM,81,79,8,29.73,Partly Cloudy
1/3/2022,6:30 PM,79,83,7,29.73,Fair
1/3/2022,7:00 PM,79,83,5,29.73,Fair
1/3/2022,7:30 PM,79,83,6,29.76,Fair
1/3/2022,8:00 PM,77,89,0,29.76,Fair
1/3/2022,8:30 PM,77,94,2,29.79,Fair
1/3/2022,9:00 PM,77,94,2,29.79,Partly Cloudy
1/3/2022,9:30 PM,77,94,2,29.79,Mostly Cloudy
1/3/2022,10:00 PM,75,100,3,29.81,Mostly Cloudy
1/3/2022,10:30 PM,75,100,0,29.81,Mostly Cloudy
1/3/2022,11:00 PM,75,100,0,29.81,Mostly Cloudy
1/3/2022,11:30 PM,75,100,2,29.81,Partly Cloudy
1/4/2022,12:00 AM,75,100,3,29.81,Mostly Cloudy
1/4/2022,12:30 AM,75,100,0,29.81,Partly Cloudy
1/4/2022,1:00 AM,75,100,2,29.79,Partly Cloudy
1/4/2022,1:30 AM,75,100,5,29.79,Partly Cloudy
1/4/2022,2:00 AM,75,100,3,29.76,Partly Cloudy
1/4/2022,2:30 AM,73,100,0,29.76,Partly Cloudy
1/4/2022,3:00 AM,73,100,2,29.76,Partly Cloudy
1/4/2022,3:30 AM,73,100,0,29.76,Partly Cloudy
1/4/2022,4:00 AM,73,100,0,29.76,Partly Cloudy
1/4/2022,4:30 AM,73,100,0,29.76,Partly Cloudy
1/4/2022,5:00 AM,73,100,0,29.76,Fair
1/4/2022,5:30 AM,73,100,0,29.76,Light Rain
1/4/2022,6:00 AM,75,100,0,29.76,Light Rain
1/4/2022,6:30 AM,75,100,0,29.79,Partly Cloudy
1/4/2022,7:00 AM,75,100,0,29.79,Partly Cloudy
1/4/2022,7:30 AM,77,94,0,29.81,Partly Cloudy
1/4/2022,8:00 AM,79,89,0,29.81,Partly Cloudy
1/4/2022,8:30 AM,81,84,7,29.81,Partly Cloudy
1/4/2022,9:00 AM,82,79,9,29.81,Fair
1/4/2022,9:30 AM,84,74,12,29.81,Fair
1/4/2022,10:00 AM,86,70,13,29.81,Partly Cloudy
1/4/2022,10:30 AM,86,66,17,29.81,Fair
1/4/2022,11:00 AM,88,66,14,29.81,Fair
1/4/2022,11:30 AM,88,66,18,29.79,Fair
1/4/2022,12:00 PM,88,62,17,29.79,Fair
1/4/2022,12:30 PM,88,62,16,29.76,Fair
1/4/2022,1:00 PM,88,62,14,29.76,Partly Cloudy
1/4/2022,1:30 PM,90,59,12,29.73,Partly Cloudy
1/4/2022,2:00 PM,88,62,15,29.73,Partly Cloudy
1/4/2022,2:30 PM,88,62,14,29.70,Fair
1/4/2022,3:00 PM,88,62,13,29.70,Fair
1/4/2022,3:30 PM,88,62,14,29.70,Fair
1/4/2022,4:00 PM,86,66,14,29.70,Fair
1/4/2022,4:30 PM,86,66,14,29.70,Fair
1/4/2022,5:00 PM,86,66,15,29.73,Fair
1/4/2022,5:30 PM,84,70,12,29.73,Fair
1/4/2022,6:00 PM,82,74,10,29.73,Fair
1/4/2022,6:30 PM,81,79,10,29.76,Fair
1/4/2022,7:00 PM,81,79,8,29.76,Fair
1/4/2022,7:30 PM,81,79,7,29.76,Fair
1/4/2022,8:00 PM,79,83,8,29.79,Fair
1/4/2022,8:30 PM,79,89,8,29.79,Fair
1/4/2022,9:00 PM,77,94,7,29.81,Fair
1/4/2022,9:30 PM,77,100,5,29.81,Fair
1/4/2022,10:00 PM,77,94,7,29.81,Partly Cloudy
1/4/2022,10:30 PM,77,100,5,29.81,Partly Cloudy
1/4/2022,11:00 PM,77,100,3,29.81,Partly Cloudy
1/4/2022,11:30 PM,77,100,3,29.81,Light Rain
1/5/2022,12:00 AM,77,100,3,29.81,Light Rain
1/5/2022,12:30 AM,77,100,3,29.81,Light Rain
1/5/2022,1:00 AM,77,100,0,29.81,Mostly Cloudy
1/5/2022,1:30 AM,75,100,0,29.79,Mostly Cloudy
1/5/2022,2:00 AM,75,100,0,29.76,Mostly Cloudy
1/5/2022,2:30 AM,75,100,0,29.76,Mostly Cloudy
1/5/2022,3:00 AM,75,100,0,29.76,Mostly Cloudy
1/5/2022,3:30 AM,75,100,0,29.76,Partly Cloudy
1/5/2022,4:00 AM,75,100,0,29.73,Partly Cloudy
1/5/2022,4:30 AM,75,100,0,29.73,Partly Cloudy
1/5/2022,5:00 AM,75,100,0,29.76,Partly Cloudy
1/5/2022,5:30 AM,75,100,2,29.76,Partly Cloudy
1/5/2022,6:00 AM,75,100,0,29.76,Partly Cloudy
1/5/2022,6:30 AM,75,100,0,29.79,Mostly Cloudy
1/5/2022,7:00 AM,75,100,0,29.79,Mostly Cloudy
1/5/2022,7:30 AM,77,100,3,29.79,Mostly Cloudy
1/5/2022,8:00 AM,77,100,5,29.81,Mostly Cloudy
1/5/2022,8:30 AM,79,89,3,29.81,Mostly Cloudy
1/5/2022,9:00 AM,81,84,0,29.84,Partly Cloudy
1/5/2022,9:30 AM,82,74,3,29.84,Partly Cloudy
1/5/2022,10:00 AM,84,70,3,29.84,Mostly Cloudy
1/5/2022,10:30 AM,84,70,6,29.84,Mostly Cloudy
1/5/2022,11:00 AM,84,70,10,29.81,Mostly Cloudy
1/5/2022,11:30 AM,84,70,7,29.81,Mostly Cloudy
1/5/2022,12:00 PM,84,70,9,29.79,Mostly Cloudy
1/5/2022,12:30 PM,84,70,10,29.79,Mostly Cloudy
1/5/2022,1:00 PM,86,66,14,29.76,Mostly Cloudy
1/5/2022,1:30 PM,88,62,13,29.76,Mostly Cloudy
1/5/2022,2:30 PM,86,66,12,29.73,Mostly Cloudy
1/5/2022,3:00 PM,88,62,15,29.73,Partly Cloudy
1/5/2022,3:30 PM,88,62,13,29.70,Fair
1/5/2022,4:00 PM,86,66,12,29.70,Fair
1/5/2022,4:30 PM,86,66,12,29.70,Fair
1/5/2022,5:00 PM,86,66,14,29.73,Fair
1/5/2022,5:30 PM,84,70,10,29.73,Fair
1/5/2022,6:00 PM,82,74,13,29.73,Fair
1/5/2022,6:30 PM,81,79,9,29.73,Fair
1/5/2022,7:00 PM,81,79,7,29.76,Fair
1/5/2022,7:30 PM,81,79,7,29.76,Partly Cloudy
1/5/2022,8:00 PM,81,79,7,29.79,Partly Cloudy
1/5/2022,8:30 PM,81,79,6,29.79,Partly Cloudy
1/5/2022,9:00 PM,79,89,5,29.79,Partly Cloudy
1/5/2022,9:30 PM,79,89,5,29.81,Partly Cloudy
1/5/2022,10:00 PM,77,100,5,29.81,Partly Cloudy
1/5/2022,10:30 PM,77,100,5,29.81,Light Rain
1/5/2022,11:00 PM,77,100,7,29.79,Mostly Cloudy
1/5/2022,11:30 PM,77,94,2,29.79,Mostly Cloudy
1/6/2022,12:00 AM,77,94,0,29.79,Mostly Cloudy
1/6/2022,12:30 AM,77,94,0,29.79,Mostly Cloudy
1/6/2022,1:00 AM,77,94,0,29.79,Mostly Cloudy
1/6/2022,1:30 AM,77,94,2,29.79,Mostly Cloudy
1/6/2022,2:00 AM,75,100,0,29.76,Mostly Cloudy
1/6/2022,2:30 AM,75,100,0,29.76,Mostly Cloudy
1/6/2022,3:00 AM,75,100,0,29.76,Mostly Cloudy
1/6/2022,3:30 AM,75,100,0,29.76,Mostly Cloudy
1/6/2022,4:00 AM,75,100,0,29.76,Mostly Cloudy
1/6/2022,4:30 AM,75,100,0,29.76,Mostly Cloudy
1/6/2022,5:00 AM,75,100,0,29.76,Mostly Cloudy
1/6/2022,5:30 AM,75,100,0,29.76,Mostly Cloudy
1/6/2022,6:00 AM,75,100,3,29.76,Mostly Cloudy
1/6/2022,6:30 AM,77,100,0,29.79,Mostly Cloudy
1/6/2022,7:00 AM,77,100,0,29.79,Mostly Cloudy
1/6/2022,7:30 AM,77,100,3,29.79,Mostly Cloudy
1/6/2022,8:00 AM,77,100,3,29.81,Mostly Cloudy
1/6/2022,8:30 AM,79,100,5,29.81,Mostly Cloudy
1/6/2022,9:00 AM,79,94,5,29.84,Mostly Cloudy
1/6/2022,9:30 AM,79,94,5,29.84,Mostly Cloudy
1/6/2022,10:00 AM,82,84,7,29.84,Mostly Cloudy
1/6/2022,10:30 AM,84,74,8,29.84,Mostly Cloudy
1/6/2022,11:00 AM,84,74,8,29.81,Mostly Cloudy
1/6/2022,11:30 AM,86,70,8,29.81,Mostly Cloudy
1/6/2022,12:00 PM,86,70,10,29.79,Partly Cloudy
1/6/2022,12:30 PM,84,74,9,29.79,Partly Cloudy
1/6/2022,1:00 PM,88,66,14,29.76,Partly Cloudy
1/6/2022,1:30 PM,90,59,14,29.76,Partly Cloudy
1/6/2022,2:00 PM,88,62,14,29.73,Partly Cloudy
1/6/2022,2:30 PM,88,62,13,29.73,Partly Cloudy
1/6/2022,3:00 PM,86,66,12,29.73,Partly Cloudy
1/6/2022,3:30 PM,86,66,10,29.73,Partly Cloudy
1/6/2022,4:00 PM,88,62,13,29.73,Partly Cloudy
1/6/2022,4:30 PM,86,66,13,29.73,Partly Cloudy
1/6/2022,5:00 PM,86,66,12,29.73,Partly Cloudy
1/6/2022,6:30 PM,82,74,9,29.76,Partly Cloudy
1/6/2022,7:00 PM,81,79,7,29.76,Fair
1/6/2022,7:30 PM,81,84,7,29.79,Fair
1/6/2022,8:00 PM,79,89,5,29.79,Partly Cloudy
1/6/2022,8:30 PM,81,84,5,29.81,Partly Cloudy
1/6/2022,9:00 PM,79,89,7,29.81,Partly Cloudy
1/6/2022,9:30 PM,79,83,3,29.81,Partly Cloudy
1/6/2022,10:00 PM,77,94,2,29.81,Fair
1/6/2022,10:30 PM,77,94,2,29.81,Fair
1/6/2022,11:00 PM,77,100,0,29.81,Partly Cloudy
1/6/2022,11:30 PM,77,100,0,29.81,Partly Cloudy
1/7/2022,12:00 AM,77,100,2,29.81,Partly Cloudy
1/7/2022,12:30 AM,77,100,0,29.81,Partly Cloudy
1/7/2022,1:00 AM,77,100,3,29.79,Fair
1/7/2022,1:30 AM,75,100,3,29.79,Fair
1/7/2022,2:00 AM,75,100,2,29.79,Fair
1/7/2022,2:30 AM,75,100,2,29.79,Partly Cloudy
1/7/2022,3:00 AM,77,100,3,29.76,Mostly Cloudy
1/7/2022,3:30 AM,77,100,0,29.76,Partly Cloudy
1/7/2022,4:00 AM,75,100,2,29.76,Fair
1/7/2022,4:30 AM,75,100,3,29.76,Fair
1/7/2022,5:00 AM,75,100,2,29.76,Fair
1/7/2022,5:30 AM,75,100,2,29.76,Fair
1/7/2022,6:00 AM,75,100,0,29.76,Fair
1/7/2022,6:30 AM,75,100,5,29.79,Fair
1/7/2022,7:00 AM,75,100,2,29.79,Fair
1/7/2022,7:30 AM,77,100,2,29.79,Fair
1/7/2022,8:00 AM,81,84,0,29.81,Fair
1/7/2022,8:30 AM,81,84,3,29.84,Fair
1/7/2022,9:00 AM,82,79,6,29.84,Fair
1/7/2022,9:30 AM,82,74,8,29.84,Partly Cloudy
1/7/2022,10:00 AM,84,74,14,29.84,Partly Cloudy
1/7/2022,10:30 AM,86,66,14,29.81,Partly Cloudy
1/7/2022,11:00 AM,86,66,15,29.81,Fair
1/7/2022,11:30 AM,88,62,16,29.81,Fair
1/7/2022,12:00 PM,88,62,15,29.81,Fair
1/7/2022,12:30 PM,88,62,16,29.79,Fair
1/7/2022,1:00 PM,90,59,16,29.79,Fair
1/7/2022,1:30 PM,90,59,20,29.76,Fair
1/7/2022,2:00 PM,88,62,15,29.76,Fair
1/7/2022,2:30 PM,88,62,15,29.76,Fair
1/7/2022,3:00 PM,88,62,14,29.73,Fair
1/7/2022,3:30 PM,88,62,16,29.73,Fair
1/7/2022,4:00 PM,86,66,14,29.73,Fair
1/7/2022,4:30 PM,86,66,13,29.73,Fair
1/7/2022,5:00 PM,86,66,15,29.76,Fair
1/7/2022,5:30 PM,84,70,14,29.76,Fair
1/7/2022,6:00 PM,82,74,12,29.76,Fair
1/7/2022,6:30 PM,82,74,9,29.79,Fair
1/7/2022,7:00 PM,81,79,9,29.79,Fair
1/7/2022,7:30 PM,81,79,7,29.81,Fair
1/7/2022,8:00 PM,81,84,7,29.81,Fair
1/7/2022,8:30 PM,81,79,6,29.81,Fair
1/7/2022,9:00 PM,81,84,6,29.81,Fair
1/7/2022,9:30 PM,81,79,5,29.81,Fair
1/7/2022,10:00 PM,79,89,3,29.84,Fair
1/7/2022,10:30 PM,77,100,5,29.84,Fair
1/7/2022,11:00 PM,77,94,3,29.81,Fair
1/7/2022,11:30 PM,77,94,3,29.81,Fair
1/8/2022,12:00 AM,79,89,3,29.81,Partly Cloudy
1/8/2022,12:30 AM,77,94,3,29.81,Partly Cloudy
1/8/2022,1:00 AM,77,94,5,29.79,Partly Cloudy
1/8/2022,1:30 AM,79,89,5,29.79,Partly Cloudy
1/8/2022,2:00 AM,77,94,3,29.79,Partly Cloudy
1/8/2022,2:30 AM,77,100,5,29.79,Mostly Cloudy
1/8/2022,3:00 AM,77,100,5,29.76,Mostly Cloudy
1/8/2022,3:30 AM,77,100,3,29.76,Light Rain
1/8/2022,4:00 AM,77,100,0,29.76,Light Rain
1/8/2022,4:30 AM,77,100,0,29.76,Mostly Cloudy
1/8/2022,5:00 AM,77,100,3,29.76,Mostly Cloudy
1/8/2022,5:30 AM,77,94,3,29.76,Partly Cloudy
1/8/2022,6:00 AM,77,94,5,29.79,Fair
1/8/2022,6:30 AM,77,100,5,29.79,Fair
1/8/2022,7:00 AM,77,94,3,29.79,Fair
1/8/2022,7:30 AM,77,94,3,29.81,Fair
1/8/2022,8:00 AM,81,89,6,29.81,Partly Cloudy
1/8/2022,8:30 AM,81,94,5,29.84,Fair
1/8/2022,9:00 AM,82,79,12,29.84,Partly Cloudy
1/8/2022,9:30 AM,86,70,14,29.84,Partly Cloudy
1/8/2022,10:00 AM,86,70,10,29.84,Partly Cloudy
1/8/2022,10:30 AM,86,70,14,29.84,Partly Cloudy
1/8/2022,11:00 AM,86,70,16,29.81,Partly Cloudy
1/8/2022,11:30 AM,88,66,16,29.81,Partly Cloudy
1/8/2022,12:00 PM,88,62,15,29.81,Partly Cloudy
1/8/2022,12:30 PM,90,62,14,29.79,Partly Cloudy
1/8/2022,1:00 PM,90,62,15,29.79,Partly Cloudy
1/8/2022,1:30 PM,88,62,17,29.76,Partly Cloudy
1/8/2022,2:00 PM,88,62,16,29.76,Partly Cloudy
1/8/2022,2:30 PM,88,62,14,29.73,Partly Cloudy
1/8/2022,3:00 PM,88,62,15,29.73,Partly Cloudy
1/8/2022,3:30 PM,88,62,15,29.73,Fair
1/8/2022,4:00 PM,86,66,16,29.70,Fair
1/8/2022,4:30 PM,86,66,16,29.73,Fair
1/8/2022,5:00 PM,84,74,14,29.73,Fair
1/8/2022,5:30 PM,84,70,14,29.73,Fair
1/8/2022,6:00 PM,82,74,12,29.76,Fair
1/8/2022,6:30 PM,82,79,10,29.76,Fair
1/8/2022,7:00 PM,81,84,8,29.76,Fair
1/8/2022,7:30 PM,81,84,8,29.76,Fair
1/8/2022,8:00 PM,81,84,7,29.79,Fair
1/8/2022,8:30 PM,81,84,6,29.81,Fair
1/8/2022,9:00 PM,81,84,6,29.81,Fair
1/8/2022,9:30 PM,79,89,3,29.81,Fair
1/8/2022,10:00 PM,79,89,2,29.81,Fair
1/8/2022,10:30 PM,79,89,2,29.81,Fair
1/8/2022,11:00 PM,79,89,5,29.81,Fair
1/8/2022,11:30 PM,77,94,2,29.81,Fair
1/9/2022,12:00 AM,77,94,0,29.81,Fair
1/9/2022,12:30 AM,77,94,5,29.79,Fair
1/9/2022,1:00 AM,77,94,2,29.79,Fair
1/9/2022,1:30 AM,77,94,2,29.79,Fair
1/9/2022,2:00 AM,75,100,2,29.79,Fair
1/9/2022,2:30 AM,75,100,2,29.76,Fair
1/9/2022,3:00 AM,75,100,5,29.76,Fair
1/9/2022,3:30 AM,75,94,3,29.76,Fair
1/9/2022,4:00 AM,75,100,0,29.76,Fair
1/9/2022,4:30 AM,75,100,3,29.76,Fair
1/9/2022,5:00 AM,75,100,2,29.76,Fair
1/9/2022,5:30 AM,75,100,3,29.76,Fair
1/9/2022,6:00 AM,75,100,3,29.76,Fair
1/9/2022,6:30 AM,75,100,5,29.79,Fair
1/9/2022,7:00 AM,75,100,0,29.79,Fair
1/9/2022,7:30 AM,77,100,0,29.79,Fair
1/9/2022,8:00 AM,79,89,3,29.81,Fair
1/9/2022,8:30 AM,81,84,3,29.81,Fair
1/9/2022,9:00 AM,81,84,5,29.81,Partly Cloudy
1/9/2022,9:30 AM,81,84,5,29.81,Partly Cloudy
1/9/2022,10:00 AM,86,70,9,29.81,Partly Cloudy
1/9/2022,10:30 AM,86,66,10,29.79,Partly Cloudy
1/9/2022,11:00 AM,86,66,12,29.79,Fair
1/9/2022,11:30 AM,88,62,16,29.76,Fair
1/9/2022,12:00 PM,88,62,15,29.76,Fair
1/9/2022,12:30 PM,88,62,14,29.73,Fair
1/9/2022,1:00 PM,88,58,15,29.73,Fair
1/9/2022,1:30 PM,88,58,15,29.70,Fair
1/9/2022,2:00 PM,88,58,15,29.70,Fair
1/9/2022,2:30 PM,88,58,15,29.70,Fair
1/9/2022,3:00 PM,88,58,14,29.67,Fair
1/9/2022,3:30 PM,88,58,16,29.67,Fair
1/9/2022,4:00 PM,86,62,14,29.70,Fair
1/9/2022,4:30 PM,84,66,13,29.70,Fair
1/9/2022,5:00 PM,84,66,12,29.70,Fair
1/9/2022,5:30 PM,82,70,10,29.70,Fair
1/9/2022,6:00 PM,82,70,9,29.73,Fair
1/9/2022,6:30 PM,81,74,9,29.73,Fair
1/9/2022,7:00 PM,81,74,6,29.73,Fair
1/9/2022,7:30 PM,79,83,5,29.73,Fair
1/9/2022,8:00 PM,79,83,2,29.76,Fair
1/9/2022,8:30 PM,79,83,3,29.76,Fair
1/9/2022,9:00 PM,79,83,3,29.76,Fair
1/9/2022,9:30 PM,79,83,5,29.76,Fair
1/9/2022,10:00 PM,77,89,5,29.79,Fair
1/9/2022,10:30 PM,75,100,2,29.79,Fair
1/9/2022,11:00 PM,77,89,5,29.79,Fair
1/9/2022,11:30 PM,75,94,5,29.79,Fair
1/10/2022,12:00 AM,75,94,5,29.79,Fair
1/10/2022,12:30 AM,75,100,3,29.79,Fair
1/10/2022,1:00 AM,75,100,6,29.76,Fair
1/10/2022,1:30 AM,75,100,3,29.76,Fair
1/10/2022,2:00 AM,75,100,0,29.76,Fair
1/10/2022,2:30 AM,75,100,0,29.73,Fair
1/10/2022,3:00 AM,73,100,0,29.73,Fair
1/10/2022,3:30 AM,73,100,0,29.73,Partly Cloudy
1/10/2022,4:00 AM,73,100,2,29.76,Partly Cloudy
1/10/2022,4:30 AM,73,100,2,29.76,Partly Cloudy
1/10/2022,5:00 AM,73,100,0,29.76,Partly Cloudy
1/10/2022,5:30 AM,73,100,0,29.76,Fair
1/10/2022,6:00 AM,73,100,0,29.76,Fair
1/10/2022,6:30 AM,73,100,0,29.76,Fair
1/10/2022,7:00 AM,73,100,0,29.79,Fair
1/10/2022,7:30 AM,75,100,2,29.79,Fair
1/10/2022,8:00 AM,79,89,3,29.79,Fair
1/10/2022,8:30 AM,81,84,3,29.81,Fair
1/10/2022,9:00 AM,81,79,5,29.81,Fair
1/10/2022,9:30 AM,82,79,7,29.81,Fair
1/10/2022,10:00 AM,84,74,6,29.81,Partly Cloudy
1/10/2022,10:30 AM,86,66,10,29.81,Partly Cloudy
1/10/2022,11:00 AM,88,58,13,29.81,Partly Cloudy
1/10/2022,11:30 AM,88,58,13,29.81,Partly Cloudy
1/10/2022,12:00 PM,88,58,12,29.79,Partly Cloudy
1/10/2022,12:30 PM,88,58,9,29.79,Partly Cloudy
1/10/2022,1:00 PM,88,58,10,29.79,Partly Cloudy
1/10/2022,1:30 PM,88,58,10,29.79,Partly Cloudy
1/10/2022,2:00 PM,88,55,10,29.76,Partly Cloudy
1/10/2022,2:30 PM,88,55,9,29.76,Partly Cloudy
1/10/2022,3:00 PM,88,55,12,29.73,Partly Cloudy
1/10/2022,3:30 PM,88,55,12,29.73,Partly Cloudy
1/10/2022,4:00 PM,88,58,9,29.73,Partly Cloudy
1/10/2022,4:30 PM,86,62,10,29.73,Partly Cloudy
1/10/2022,5:00 PM,86,58,12,29.73,Fair
1/10/2022,5:30 PM,84,62,10,29.76,Fair
1/10/2022,6:00 PM,82,70,7,29.76,Fair
1/10/2022,6:30 PM,81,74,5,29.79,Fair
1/10/2022,7:00 PM,79,78,5,29.79,Fair
1/10/2022,7:30 PM,79,83,3,29.79,Fair
1/10/2022,8:00 PM,75,89,0,29.81,Fair
1/10/2022,8:30 PM,73,94,0,29.81,Fair
1/10/2022,9:00 PM,73,94,0,29.84,Fair
1/10/2022,9:30 PM,75,94,3,29.84,Fair
1/10/2022,10:00 PM,75,94,0,29.84,Fair
1/10/2022,10:30 PM,75,94,0,29.84,Fair
1/10/2022,11:00 PM,75,94,2,29.84,Fair
1/10/2022,11:30 PM,75,94,2,29.84,Fair
1/11/2022,12:00 AM,75,94,0,29.84,Fair
1/11/2022,12:30 AM,75,94,2,29.84,Fair
1/11/2022,1:30 AM,75,100,0,29.84,Fair
1/11/2022,2:00 AM,75,100,2,29.81,Fair
1/11/2022,2:30 AM,73,100,2,29.81,Fair
1/11/2022,3:00 AM,73,100,0,29.79,Fair
1/11/2022,3:30 AM,73,100,0,29.79,Fair
1/11/2022,4:00 AM,73,100,2,29.79,Fair
1/11/2022,4:30 AM,73,100,2,29.79,Fair
1/11/2022,5:00 AM,72,100,2,29.79,Fair
1/11/2022,5:30 AM,72,100,0,29.81,Fair
1/11/2022,6:00 AM,72,100,0,29.81,Fair
1/11/2022,6:30 AM,72,100,0,29.81,Fair
1/11/2022,7:00 AM,72,100,0,29.81,Fair
1/11/2022,7:30 AM,73,100,0,29.81,Fair
1/11/2022,8:00 AM,75,94,0,29.84,Fair
1/11/2022,8:30 AM,79,89,2,29.84,Fair
1/11/2022,9:00 AM,81,79,3,29.84,Fair
1/11/2022,9:30 AM,82,79,10,29.84,Fair
1/11/2022,10:00 AM,84,70,10,29.84,Fair
1/11/2022,10:30 AM,86,66,12,29.84,Partly Cloudy
1/11/2022,11:00 AM,86,66,9,29.84,Partly Cloudy
1/11/2022,11:30 AM,88,58,15,29.81,Partly Cloudy
1/11/2022,12:00 PM,88,58,15,29.81,Partly Cloudy
1/11/2022,12:30 PM,88,58,15,29.79,Partly Cloudy
1/11/2022,1:00 PM,88,58,15,29.79,Partly Cloudy
1/11/2022,1:30 PM,88,58,15,29.76,Partly Cloudy
1/11/2022,2:00 PM,88,62,13,29.76,Partly Cloudy
1/11/2022,2:30 PM,88,58,13,29.73,Partly Cloudy
1/11/2022,3:00 PM,88,58,14,29.73,Partly Cloudy
1/11/2022,3:30 PM,88,62,15,29.73,Partly Cloudy
1/11/2022,4:00 PM,86,66,13,29.73,Partly Cloudy
1/11/2022,4:30 PM,84,70,8,29.73,Partly Cloudy
1/11/2022,5:00 PM,84,66,9,29.73,Fair
1/11/2022,5:30 PM,84,70,10,29.73,Fair
1/11/2022,6:00 PM,82,74,9,29.73,Fair
1/11/2022,6:30 PM,82,74,10,29.76,Fair
1/11/2022,7:00 PM,81,79,7,29.76,Fair
1/11/2022,7:30 PM,81,79,7,29.76,Fair
1/11/2022,8:00 PM,81,74,7,29.79,Fair
1/11/2022,8:30 PM,81,74,7,29.79,Fair
1/11/2022,9:00 PM,79,78,7,29.79,Fair
1/11/2022,9:30 PM,79,78,7,29.81,Fair
1/11/2022,10:00 PM,79,78,6,29.81,Fair
1/11/2022,10:30 PM,79,83,8,29.81,Fair
1/11/2022,11:00 PM,79,83,6,29.81,Fair
1/11/2022,11:30 PM,79,78,3,29.81,Fair
1/12/2022,12:00 AM,77,83,2,29.81,Fair
1/12/2022,12:30 AM,77,83,3,29.81,Fair
1/12/2022,1:00 AM,77,83,5,29.81,Fair
1/12/2022,1:30 AM,77,83,5,29.81,Fair
1/12/2022,2:00 AM,75,89,5,29.79,Fair
1/12/2022,2:30 AM,75,94,3,29.79,Fair
1/12/2022,3:00 AM,75,89,5,29.79,Fair
1/12/2022,3:30 AM,75,89,5,29.79,Fair
1/12/2022,4:00 AM,73,100,0,29.76,Fair
1/12/2022,4:30 AM,73,94,6,29.76,Fair
1/12/2022,5:00 AM,73,100,3,29.76,Fair
1/12/2022,5:30 AM,73,100,3,29.79,Fair
1/12/2022,6:00 AM,73,94,3,29.79,Fair
1/12/2022,6:30 AM,73,94,2,29.79,Fair
1/12/2022,7:00 AM,73,94,0,29.81,Fair
1/12/2022,7:30 AM,77,83,3,29.81,Fair
1/12/2022,8:00 AM,79,78,5,29.84,Fair
1/12/2022,8:30 AM,79,78,5,29.84,Fair
1/12/2022,9:00 AM,82,70,5,29.84,Fair
1/12/2022,9:30 AM,82,66,6,29.84,Fair
1/12/2022,10:00 AM,84,62,9,29.84,Partly Cloudy
1/12/2022,10:30 AM,86,62,12,29.84,Partly Cloudy
1/12/2022,11:00 AM,88,55,15,29.84,Partly Cloudy
1/12/2022,11:30 AM,88,55,14,29.81,Partly Cloudy
1/12/2022,12:00 PM,88,52,16,29.81,Partly Cloudy
1/12/2022,12:30 PM,90,52,16,29.81,Fair
1/12/2022,1:00 PM,90,55,15,29.79,Fair
1/12/2022,1:30 PM,90,55,16,29.79,Fair
1/12/2022,2:00 PM,88,58,15,29.76,Fair
1/12/2022,2:30 PM,88,58,17,29.76,Fair
1/12/2022,3:00 PM,88,55,17,29.73,Fair
1/12/2022,3:30 PM,88,55,16,29.73,Fair
1/12/2022,4:00 PM,88,55,15,29.73,Fair
1/12/2022,4:30 PM,86,58,16,29.73,Fair
1/12/2022,5:00 PM,86,58,15,29.73,Fair
1/12/2022,5:30 PM,84,62,15,29.76,Fair
1/12/2022,6:00 PM,82,66,14,29.76,Fair
1/12/2022,6:30 PM,81,70,12,29.76,Fair
1/12/2022,7:00 PM,79,74,12,29.79,Fair
1/12/2022,7:30 PM,79,74,12,29.81,Fair
1/12/2022,8:00 PM,79,74,12,29.81,Fair
1/12/2022,8:30 PM,79,74,9,29.84,Fair
1/12/2022,9:00 PM,75,83,3,29.84,Fair
1/12/2022,9:30 PM,73,88,2,29.87,Fair
1/12/2022,10:00 PM,72,94,2,29.87,Fair
1/12/2022,10:30 PM,72,94,0,29.87,Fair
1/12/2022,11:00 PM,70,94,0,29.87,Fair
1/12/2022,11:30 PM,73,88,0,29.87,Fair
1/13/2022,12:00 AM,73,94,5,29.87,Fair
1/13/2022,12:30 AM,73,94,5,29.87,Fair
1/13/2022,1:00 AM,72,94,0,29.84,Fair
1/13/2022,1:30 AM,72,94,3,29.84,Fair
1/13/2022,2:00 AM,72,100,3,29.81,Fair
1/13/2022,2:30 AM,72,94,5,29.81,Fair
1/13/2022,3:00 AM,72,94,3,29.81,Fair
1/13/2022,3:30 AM,72,100,5,29.81,Fair
1/13/2022,4:00 AM,70,100,2,29.79,Fair
1/13/2022,4:30 AM,70,100,2,29.79,Fair
1/13/2022,5:00 AM,70,100,5,29.79,Fair
1/13/2022,5:30 AM,70,100,3,29.81,Fair
1/13/2022,6:00 AM,70,94,3,29.81,Fair
1/13/2022,6:30 AM,70,100,3,29.81,Fair
1/13/2022,7:00 AM,70,94,0,29.81,Fair
1/13/2022,7:30 AM,72,94,2,29.81,Fair
1/13/2022,8:00 AM,77,78,2,29.84,Fair
1/13/2022,8:30 AM,79,69,2,29.84,Fair
1/13/2022,9:00 AM,81,65,5,29.87,Fair
1/13/2022,9:30 AM,82,62,10,29.87,Fair
1/13/2022,10:00 AM,84,58,10,29.87,Fair
1/13/2022,10:30 AM,86,55,8,29.87,Fair
1/13/2022,11:00 AM,88,52,8,29.84,Fair
1/13/2022,11:30 AM,88,49,12,29.84,Fair
1/13/2022,12:00 PM,88,49,17,29.84,Fair
1/13/2022,12:30 PM,90,43,16,29.81,Fair
1/13/2022,1:00 PM,90,40,18,29.81,Fair
1/13/2022,1:30 PM,90,43,20,29.79,Fair
1/13/2022,2:00 PM,90,43,18,29.79,Fair
1/13/2022,2:30 PM,90,46,15,29.76,Fair
1/13/2022,3:00 PM,90,46,16,29.76,Fair
1/13/2022,3:30 PM,88,52,14,29.76,Fair
1/13/2022,4:00 PM,88,49,15,29.76,Fair
1/13/2022,4:30 PM,86,51,14,29.76,Fair
1/13/2022,5:00 PM,86,55,10,29.76,Fair
1/13/2022,5:30 PM,84,55,10,29.76,Fair
1/13/2022,6:00 PM,82,62,15,29.79,Fair
1/13/2022,6:30 PM,81,65,10,29.79,Fair
1/13/2022,7:00 PM,79,69,10,29.79,Fair
1/13/2022,7:30 PM,77,78,5,29.79,Fair
1/13/2022,8:00 PM,77,78,3,29.79,Fair
1/13/2022,8:30 PM,77,78,6,29.81,Fair
1/13/2022,9:00 PM,77,78,0,29.81,Fair
1/13/2022,9:30 PM,77,78,2,29.84,Fair
1/13/2022,10:00 PM,75,83,2,29.84,Fair
1/13/2022,10:30 PM,75,83,3,29.84,Fair
1/13/2022,11:00 PM,73,88,3,29.84,Fair
1/13/2022,11:30 PM,73,88,2,29.84,Fair
1/14/2022,12:00 AM,73,88,6,29.84,Fair
1/14/2022,12:30 AM,72,100,3,29.84,Fair
1/14/2022,1:00 AM,72,94,5,29.81,Fair
1/14/2022,1:30 AM,72,94,6,29.81,Fair
1/14/2022,2:00 AM,72,94,3,29.81,Fair
1/14/2022,2:30 AM,72,94,3,29.79,Fair
1/14/2022,3:00 AM,72,94,3,29.79,Fair
1/14/2022,3:30 AM,72,94,2,29.79,Fair
1/14/2022,4:00 AM,72,94,3,29.79,Fair
1/14/2022,4:30 AM,72,94,3,29.79,Fair
1/14/2022,5:00 AM,72,94,3,29.79,Fair
1/14/2022,5:30 AM,72,100,2,29.79,Fair
1/14/2022,6:00 AM,72,94,2,29.81,Fair
1/14/2022,6:30 AM,72,94,2,29.81,Fair
1/14/2022,7:00 AM,72,100,2,29.84,Fair
1/14/2022,7:30 AM,73,94,3,29.84,Fair
1/14/2022,8:00 AM,77,83,2,29.87,Fair
1/14/2022,8:30 AM,79,78,3,29.87,Fair
1/14/2022,9:30 AM,82,66,12,29.87,Fair
1/14/2022,10:00 AM,84,58,14,29.87,Fair
1/14/2022,10:30 AM,84,66,13,29.87,Fair
1/14/2022,11:00 AM,86,58,13,29.87,Fair
1/14/2022,11:30 AM,86,55,14,29.84,Fair
1/14/2022,12:00 PM,88,55,15,29.84,Fair
1/14/2022,12:30 PM,88,55,15,29.81,Fair
1/14/2022,1:00 PM,88,55,16,29.81,Fair
1/14/2022,1:30 PM,90,49,20,29.79,Fair
1/14/2022,2:00 PM,88,52,20,29.76,Fair
1/14/2022,2:30 PM,88,52,17,29.76,Fair
1/14/2022,3:00 PM,88,49,20,29.76,Fair
1/14/2022,3:30 PM,88,49,20,29.73,Fair
1/14/2022,4:00 PM,86,48,21,29.73,Fair / Windy
1/14/2022,4:30 PM,86,51,20,29.73,Fair
1/14/2022,5:00 PM,84,58,17,29.73,Fair
1/14/2022,5:30 PM,84,62,17,29.73,Fair
1/14/2022,6:00 PM,82,62,16,29.76,Fair
1/14/2022,6:30 PM,81,70,13,29.76,Fair
1/14/2022,7:00 PM,79,74,12,29.76,Fair
1/14/2022,7:30 PM,79,74,8,29.79,Fair
1/14/2022,8:00 PM,75,83,3,29.79,Fair
1/14/2022,8:30 PM,73,88,0,29.79,Fair
1/14/2022,9:00 PM,77,74,3,29.81,Fair
1/14/2022,9:30 PM,77,74,5,29.81,Fair
1/14/2022,10:00 PM,75,78,3,29.81,Fair
1/14/2022,10:30 PM,75,78,2,29.81,Fair
1/14/2022,11:00 PM,73,83,2,29.81,Fair
1/14/2022,11:30 PM,73,83,0,29.81,Fair
1/15/2022,12:00 AM,72,94,5,29.81,Fair
1/15/2022,12:30 AM,72,94,3,29.81,Fair
1/15/2022,1:00 AM,72,94,5,29.81,Fair
1/15/2022,1:30 AM,73,88,3,29.81,Fair
1/15/2022,2:00 AM,72,94,6,29.79,Fair
1/15/2022,2:30 AM,72,94,3,29.79,Fair
1/15/2022,3:00 AM,70,94,3,29.79,Fair
1/15/2022,3:30 AM,70,100,2,29.79,Fair
1/15/2022,4:00 AM,70,100,2,29.79,Fair
1/15/2022,4:30 AM,70,100,5,29.79,Fair
1/15/2022,5:00 AM,70,100,2,29.79,Fair
1/15/2022,5:30 AM,70,100,2,29.79,Fair
1/15/2022,6:00 AM,70,100,2,29.79,Fair
1/15/2022,6:30 AM,70,100,1,29.79,Fair
1/15/2022,7:00 AM,68,100,0,29.79,Fair
1/15/2022,7:30 AM,72,94,3,29.81,Fair
1/15/2022,8:00 AM,75,89,0,29.81,Fair
1/15/2022,8:30 AM,79,78,2,29.81,Fair
1/15/2022,9:00 AM,81,74,2,29.84,Fair
1/15/2022,9:30 AM,82,70,5,29.84,Fair
1/15/2022,10:00 AM,84,66,12,29.84,Fair
1/15/2022,10:30 AM,86,58,15,29.84,Fair
1/15/2022,11:00 AM,86,55,15,29.84,Fair
1/15/2022,2:00 PM,88,52,16,29.76,Fair
1/15/2022,2:30 PM,88,52,16,29.73,Fair
1/15/2022,3:00 PM,88,55,14,29.73,Fair
1/15/2022,3:30 PM,88,55,14,29.73,Fair
1/15/2022,4:00 PM,86,58,12,29.73,Fair
1/15/2022,4:30 PM,86,58,13,29.76,Fair
1/15/2022,5:00 PM,84,62,13,29.76,Fair
1/15/2022,5:30 PM,84,58,14,29.76,Fair
1/15/2022,6:00 PM,82,62,14,29.76,Fair
1/15/2022,6:30 PM,81,70,10,29.76,Fair
1/15/2022,7:00 PM,79,74,8,29.79,Fair
1/15/2022,7:30 PM,79,74,7,29.79,Fair
1/15/2022,8:00 PM,79,78,7,29.81,Fair
1/15/2022,8:30 PM,77,78,3,29.79,Fair
1/15/2022,9:00 PM,79,74,3,29.81,Fair
1/15/2022,9:30 PM,77,78,5,29.81,Fair
1/15/2022,10:00 PM,75,89,5,29.84,Partly Cloudy
1/15/2022,10:30 PM,75,83,5,29.81,Partly Cloudy
1/15/2022,11:00 PM,75,83,5,29.81,Partly Cloudy
1/15/2022,11:30 PM,75,89,5,29.81,Partly Cloudy
1/16/2022,12:00 AM,75,89,2,29.81,Partly Cloudy
1/16/2022,12:30 AM,75,89,2,29.81,Partly Cloudy
1/16/2022,1:00 AM,77,83,3,29.81,Mostly Cloudy
1/16/2022,1:30 AM,75,89,3,29.79,Mostly Cloudy
1/16/2022,2:00 AM,75,94,2,29.79,Partly Cloudy
1/16/2022,2:30 AM,73,94,2,29.76,Fair
1/16/2022,3:00 AM,73,94,0,29.76,Fair
1/16/2022,3:30 AM,73,94,0,29.76,Fair
1/16/2022,4:00 AM,73,94,3,29.76,Fair
1/16/2022,4:30 AM,73,100,3,29.76,Fair
1/16/2022,5:00 AM,73,94,2,29.79,Fair
1/16/2022,5:30 AM,73,100,3,29.79,Fair
1/16/2022,6:00 AM,73,94,3,29.79,Fair
1/16/2022,6:30 AM,73,94,3,29.79,Fair
1/16/2022,7:00 AM,73,94,5,29.79,Fair
1/16/2022,7:30 AM,75,94,3,29.79,Fair
1/16/2022,8:00 AM,77,89,6,29.81,Fair
1/16/2022,8:30 AM,79,78,3,29.81,Fair
1/16/2022,9:00 AM,82,70,3,29.84,Fair
1/16/2022,9:30 AM,84,66,6,29.84,Fair
1/16/2022,10:00 AM,86,62,12,29.84,Fair
1/16/2022,10:30 AM,86,62,14,29.81,Fair
1/16/2022,11:00 AM,88,55,13,29.81,Fair
1/16/2022,11:30 AM,86,58,12,29.81,Fair
1/16/2022,12:00 PM,86,58,14,29.79,Fair
1/16/2022,12:30 PM,90,52,15,29.79,Fair
1/16/2022,1:00 PM,88,58,14,29.76,Partly Cloudy
1/16/2022,1:30 PM,86,62,14,29.76,Partly Cloudy
1/16/2022,2:00 PM,88,62,16,29.76,Partly Cloudy
1/16/2022,2:30 PM,86,66,14,29.73,Partly Cloudy
1/16/2022,3:00 PM,88,58,16,29.73,Partly Cloudy
1/16/2022,3:30 PM,86,62,14,29.73,Fair
1/16/2022,4:00 PM,86,62,14,29.73,Fair
1/16/2022,4:30 PM,84,66,14,29.73,Fair
1/16/2022,5:00 PM,84,66,14,29.73,Fair
1/16/2022,5:30 PM,82,70,12,29.76,Partly Cloudy
1/16/2022,6:00 PM,82,70,14,29.76,Partly Cloudy
1/16/2022,6:30 PM,81,74,8,29.76,Mostly Cloudy
1/16/2022,7:00 PM,81,74,6,29.76,Mostly Cloudy
1/16/2022,7:30 PM,81,74,7,29.79,Mostly Cloudy
1/16/2022,8:00 PM,79,78,5,29.79,Partly Cloudy
1/16/2022,8:30 PM,79,83,5,29.81,Partly Cloudy
1/16/2022,9:00 PM,79,83,6,29.81,Fair
1/16/2022,9:30 PM,79,78,3,29.81,Fair
1/16/2022,10:00 PM,79,83,5,29.81,Fair
1/16/2022,10:30 PM,77,83,3,29.84,Fair
1/16/2022,11:00 PM,77,83,3,29.84,Fair
1/16/2022,11:30 PM,75,94,3,29.84,Fair
1/17/2022,12:00 AM,75,94,5,29.84,Partly Cloudy
1/17/2022,12:30 AM,75,94,5,29.81,Fair
1/17/2022,1:00 AM,77,89,3,29.81,Fair
1/17/2022,1:30 AM,75,94,3,29.81,Fair
1/17/2022,2:00 AM,75,94,5,29.79,Fair
1/17/2022,2:30 AM,75,94,2,29.79,Fair
1/17/2022,3:00 AM,75,94,2,29.79,Partly Cloudy
1/17/2022,3:30 AM,75,94,5,29.79,Partly Cloudy
1/17/2022,4:00 AM,75,94,5,29.79,Partly Cloudy
1/17/2022,4:30 AM,73,100,0,29.79,Fair
1/17/2022,5:00 AM,75,94,6,29.79,Partly Cloudy
1/17/2022,5:30 AM,75,100,0,29.79,Partly Cloudy
1/17/2022,6:00 AM,75,100,2,29.79,Partly Cloudy
1/17/2022,6:30 AM,75,94,2,29.79,Partly Cloudy
1/17/2022,7:00 AM,73,100,2,29.79,Fair
1/17/2022,7:30 AM,75,100,2,29.79,Fair
1/17/2022,8:00 AM,77,89,2,29.84,Fair
1/17/2022,8:30 AM,79,83,3,29.84,Fair
1/17/2022,9:00 AM,82,74,6,29.84,Fair
1/17/2022,9:30 AM,82,74,8,29.84,Partly Cloudy
1/17/2022,10:00 AM,82,74,9,29.84,Partly Cloudy
1/17/2022,10:30 AM,86,62,12,29.84,Partly Cloudy
1/17/2022,11:00 AM,84,70,9,29.81,Partly Cloudy
1/17/2022,11:30 AM,86,66,15,29.81,Partly Cloudy
1/17/2022,12:00 PM,90,59,15,29.79,Partly Cloudy
1/17/2022,12:30 PM,88,58,16,29.79,Partly Cloudy
1/17/2022,1:00 PM,86,66,13,29.79,Partly Cloudy
1/17/2022,1:30 PM,84,66,12,29.76,Partly Cloudy
1/17/2022,2:00 PM,86,62,13,29.76,Partly Cloudy
1/17/2022,2:30 PM,84,66,12,29.73,Partly Cloudy
1/17/2022,3:00 PM,88,58,16,29.73,Partly Cloudy
1/17/2022,3:30 PM,86,62,16,29.73,Partly Cloudy
1/17/2022,4:00 PM,86,62,15,29.73,Partly Cloudy
1/17/2022,4:30 PM,86,62,15,29.73,Partly Cloudy
1/17/2022,5:00 PM,84,66,15,29.73,Partly Cloudy
1/17/2022,5:30 PM,82,70,13,29.73,Fair
1/17/2022,6:00 PM,82,70,12,29.76,Partly Cloudy
1/17/2022,6:30 PM,81,74,12,29.76,Partly Cloudy
1/17/2022,7:00 PM,81,79,7,29.76,Fair
1/17/2022,7:30 PM,81,79,6,29.79,Fair
1/17/2022,8:00 PM,79,83,6,29.79,Fair
1/17/2022,8:30 PM,79,78,5,29.79,Fair
1/17/2022,9:00 PM,77,89,5,29.81,Fair
1/17/2022,9:30 PM,77,89,3,29.81,Fair
1/17/2022,10:00 PM,77,89,2,29.81,Fair
1/17/2022,10:30 PM,75,89,2,29.81,Fair
1/17/2022,11:00 PM,73,94,0,29.81,Fair
1/17/2022,11:30 PM,72,100,0,29.81,Fair
1/18/2022,12:00 AM,73,94,0,29.84,Fair
1/18/2022,12:30 AM,72,100,0,29.84,Fair
1/18/2022,1:00 AM,72,94,0,29.81,Fair
1/18/2022,1:30 AM,72,94,0,29.81,Fair
1/18/2022,2:00 AM,70,100,0,29.81,Fair
1/18/2022,2:30 AM,70,100,0,29.79,Fair
1/18/2022,3:00 AM,70,100,0,29.79,Fair
1/18/2022,3:30 AM,70,100,0,29.79,Fair
1/18/2022,4:00 AM,70,100,0,29.79,Fair
1/18/2022,4:30 AM,70,100,0,29.76,Fair
1/18/2022,5:00 AM,70,100,0,29.79,Fair
1/18/2022,5:30 AM,70,100,0,29.79,Fair
1/18/2022,6:00 AM,70,100,0,29.79,Fair
1/18/2022,6:30 AM,70,100,2,29.79,Fair
1/18/2022,7:00 AM,72,100,3,29.79,Fair
1/18/2022,7:30 AM,73,94,2,29.81,Fair
1/18/2022,8:00 AM,77,89,5,29.81,Fair
1/18/2022,8:30 AM,79,83,5,29.81,Fair
1/18/2022,9:00 AM,81,74,3,29.84,Fair
1/18/2022,9:30 AM,82,70,7,29.84,Fair
1/18/2022,10:00 AM,84,70,6,29.84,Fair
1/18/2022,10:30 AM,86,62,10,29.84,Partly Cloudy
1/18/2022,11:00 AM,86,62,12,29.81,Partly Cloudy
1/18/2022,11:30 AM,88,62,14,29.81,Partly Cloudy
1/18/2022,12:00 PM,90,55,13,29.79,Partly Cloudy
1/18/2022,12:30 PM,90,55,12,29.79,Partly Cloudy
1/18/2022,1:00 PM,88,58,15,29.76,Partly Cloudy
1/18/2022,1:30 PM,88,58,15,29.76,Fair
1/18/2022,2:00 PM,88,58,14,29.76,Fair
1/18/2022,2:30 PM,90,55,15,29.73,Fair
1/18/2022,3:00 PM,88,55,14,29.70,Fair
1/18/2022,3:30 PM,88,55,14,29.70,Fair
1/18/2022,4:00 PM,88,55,15,29.70,Fair
1/18/2022,4:30 PM,86,58,15,29.70,Fair
1/18/2022,5:00 PM,86,58,15,29.70,Fair
1/18/2022,5:30 PM,84,62,13,29.70,Fair
1/18/2022,6:00 PM,82,66,12,29.70,Fair
1/18/2022,6:30 PM,82,66,14,29.73,Fair
1/18/2022,7:00 PM,81,70,10,29.73,Fair
1/18/2022,7:30 PM,81,74,8,29.73,Fair
1/18/2022,8:00 PM,79,78,8,29.76,Fair
1/18/2022,8:30 PM,79,78,6,29.76,Fair
1/18/2022,9:00 PM,79,78,5,29.76,Fair
1/18/2022,9:30 PM,77,83,3,29.79,Fair
1/18/2022,10:00 PM,73,88,2,29.79,Fair
1/18/2022,10:30 PM,72,94,0,29.79,Fair
1/18/2022,11:00 PM,72,94,0,29.79,Fair
1/18/2022,11:30 PM,72,94,0,29.79,Fair
1/19/2022,12:00 AM,72,94,0,29.79,Fair
1/19/2022,12:30 AM,72,94,2,29.79,Fair
1/19/2022,1:00 AM,72,94,0,29.79,Fair
1/19/2022,1:30 AM,72,94,0,29.79,Fair
1/19/2022,2:00 AM,72,94,0,29.76,Fair
1/19/2022,2:30 AM,72,94,0,29.76,Fair
1/19/2022,3:00 AM,72,94,0,29.76,Fair
1/19/2022,3:30 AM,72,100,0,29.73,Fair
1/19/2022,4:00 AM,70,100,0,29.73,Fair
1/19/2022,4:30 AM,70,100,0,29.73,Partly Cloudy
1/19/2022,5:00 AM,70,100,0,29.73,Partly Cloudy
1/19/2022,5:30 AM,70,100,0,29.73,Partly Cloudy
1/19/2022,6:00 AM,70,100,0,29.76,Partly Cloudy
1/19/2022,6:30 AM,70,100,0,29.76,Partly Cloudy
1/19/2022,7:00 AM,70,100,0,29.76,Fair
1/19/2022,7:30 AM,72,100,0,29.76,Fair
1/19/2022,8:00 AM,75,100,0,29.79,Fair
1/19/2022,8:30 AM,79,100,0,29.79,Fair
1/19/2022,9:00 AM,82,84,6,29.79,Fair
1/19/2022,9:30 AM,82,74,7,29.79,Fair
1/19/2022,10:00 AM,84,66,14,29.79,Fair
1/19/2022,10:30 AM,86,58,14,29.79,Fair
1/19/2022,11:00 AM,88,55,13,29.79,Fair
1/19/2022,11:30 AM,88,55,9,29.79,Fair
1/19/2022,12:00 PM,88,55,10,29.76,Fair
1/19/2022,12:30 PM,90,52,12,29.76,Fair
1/19/2022,1:00 PM,90,52,13,29.73,Fair
1/19/2022,1:30 PM,90,52,10,29.73,Fair
1/19/2022,2:00 PM,90,49,13,29.70,Fair
1/19/2022,2:30 PM,90,52,13,29.70,Fair
1/19/2022,3:00 PM,90,52,15,29.67,Fair
1/19/2022,3:30 PM,86,62,9,29.67,Fair
1/19/2022,4:00 PM,86,62,12,29.67,Fair
1/19/2022,4:30 PM,86,62,12,29.67,Fair
1/19/2022,5:00 PM,86,62,13,29.67,Fair
1/19/2022,5:30 PM,84,66,10,29.70,Fair
1/19/2022,6:00 PM,82,70,8,29.70,Fair
1/19/2022,6:30 PM,81,74,7,29.70,Fair
1/19/2022,7:00 PM,81,74,8,29.70,Fair
1/19/2022,7:30 PM,81,74,7,29.73,Fair
1/19/2022,8:00 PM,79,83,7,29.73,Fair
1/19/2022,8:30 PM,79,83,7,29.73,Fair
1/19/2022,9:00 PM,79,83,2,29.76,Fair
1/19/2022,9:30 PM,75,89,0,29.76,Fair
1/19/2022,10:00 PM,73,94,0,29.79,Fair
1/19/2022,10:30 PM,73,94,0,29.79,Fair
1/19/2022,11:00 PM,72,100,0,29.79,Fair
1/19/2022,11:30 PM,72,94,0,29.79,Fair
1/20/2022,12:00 AM,72,100,0,29.79,Fair
1/20/2022,12:30 AM,72,94,0,29.79,Fair
1/20/2022,1:00 AM,72,94,0,29.76,Fair
1/20/2022,1:30 AM,72,94,0,29.76,Fair
1/20/2022,2:00 AM,72,94,0,29.76,Fair
1/20/2022,2:30 AM,72,94,0,29.73,Fair
1/20/2022,3:00 AM,70,100,0,29.73,Fair
1/20/2022,3:30 AM,70,100,0,29.70,Fair
1/20/2022,4:00 AM,70,100,0,29.70,Fair
1/20/2022,4:30 AM,70,100,0,29.70,Fair
1/20/2022,5:00 AM,68,100,0,29.70,Fair
1/20/2022,5:30 AM,68,100,0,29.70,Fair
1/20/2022,6:00 AM,70,100,0,29.73,Fair
1/20/2022,6:30 AM,68,100,0,29.73,Fair
1/20/2022,7:00 AM,70,94,0,29.73,Fair
1/20/2022,7:30 AM,72,100,0,29.76,Fair
1/20/2022,8:00 AM,73,100,0,29.76,Fair
1/20/2022,8:30 AM,79,94,0,29.79,Fair
1/20/2022,9:00 AM,81,89,6,29.79,Fair
1/20/2022,9:30 AM,84,70,6,29.79,Fair
1/20/2022,10:00 AM,84,66,6,29.79,Partly Cloudy
1/20/2022,10:30 AM,86,58,9,29.79,Partly Cloudy
1/20/2022,11:00 AM,86,62,10,29.79,Partly Cloudy
1/20/2022,11:30 AM,88,58,7,29.76,Partly Cloudy
1/20/2022,12:00 PM,90,55,8,29.76,Partly Cloudy
1/20/2022,12:30 PM,90,55,12,29.73,Partly Cloudy
1/20/2022,1:00 PM,90,52,10,29.73,Partly Cloudy
1/20/2022,1:30 PM,90,55,9,29.70,Partly Cloudy
1/20/2022,2:00 PM,90,55,9,29.70,Partly Cloudy
1/20/2022,2:30 PM,90,55,9,29.67,Partly Cloudy
1/20/2022,3:00 PM,88,58,10,29.67,Partly Cloudy
1/20/2022,3:30 PM,88,58,12,29.67,Partly Cloudy
1/20/2022,4:00 PM,88,62,12,29.67,Partly Cloudy
1/20/2022,4:30 PM,86,62,13,29.67,Fair
1/20/2022,5:00 PM,86,66,13,29.67,Fair
1/20/2022,5:30 PM,86,62,10,29.67,Fair
1/20/2022,6:00 PM,84,66,9,29.67,Fair
1/20/2022,6:30 PM,82,70,7,29.70,Fair
1/20/2022,7:00 PM,81,74,9,29.70,Fair
1/20/2022,7:30 PM,81,74,7,29.70,Fair
1/20/2022,8:00 PM,81,74,8,29.73,Fair
1/20/2022,8:30 PM,79,83,5,29.73,Fair
1/20/2022,9:00 PM,79,83,5,29.76,Fair
1/20/2022,9:30 PM,79,83,3,29.76,Fair
1/20/2022,10:00 PM,77,89,3,29.76,Fair
1/20/2022,10:30 PM,77,89,5,29.76,Fair
1/20/2022,11:00 PM,75,94,2,29.76,Fair
1/20/2022,11:30 PM,75,94,3,29.76,Fair
1/21/2022,12:00 AM,75,94,2,29.76,Fair
1/21/2022,12:30 AM,75,94,5,29.79,Fair
1/21/2022,1:00 AM,73,100,0,29.76,Fair
1/21/2022,1:30 AM,73,100,3,29.76,Fair
1/21/2022,2:00 AM,73,100,2,29.76,Fair
1/21/2022,2:30 AM,73,100,5,29.73,Fair
1/21/2022,3:00 AM,73,100,2,29.73,Fair
1/21/2022,3:30 AM,73,100,0,29.73,Fair
1/21/2022,4:00 AM,73,100,0,29.73,Fair
1/21/2022,4:30 AM,73,100,3,29.73,Fair
1/21/2022,5:00 AM,72,100,2,29.73,Fair
1/21/2022,5:30 AM,72,100,3,29.73,Fair
1/21/2022,6:00 AM,72,100,3,29.73,Fair
1/21/2022,6:30 AM,72,100,3,29.73,Fair
1/21/2022,7:00 AM,72,100,2,29.76,Fair
1/21/2022,7:30 AM,75,89,5,29.76,Fair
1/21/2022,8:00 AM,77,89,6,29.79,Fair
1/21/2022,8:30 AM,79,78,5,29.79,Fair
1/21/2022,9:00 AM,81,74,3,29.81,Fair
1/21/2022,9:30 AM,82,70,5,29.79,Fair
1/21/2022,10:00 AM,84,66,6,29.81,Fair
1/21/2022,10:30 AM,86,62,9,29.79,Fair
1/21/2022,11:00 AM,86,62,8,29.79,Partly Cloudy
1/21/2022,11:30 AM,86,62,9,29.79,Partly Cloudy
1/21/2022,12:00 PM,88,55,9,29.76,Partly Cloudy
1/21/2022,12:30 PM,88,55,9,29.76,Partly Cloudy
1/21/2022,1:00 PM,90,52,9,29.73,Fair
1/21/2022,1:30 PM,90,52,8,29.73,Fair
1/21/2022,2:00 PM,90,52,8,29.70,Fair
1/21/2022,2:30 PM,90,52,9,29.70,Fair
1/21/2022,3:00 PM,90,55,9,29.67,Fair
1/21/2022,3:30 PM,90,55,9,29.67,Fair
1/21/2022,4:00 PM,90,55,12,29.67,Fair
1/21/2022,4:30 PM,88,58,13,29.67,Fair
1/21/2022,5:00 PM,88,58,12,29.67,Fair
1/21/2022,5:30 PM,86,66,13,29.67,Fair
1/21/2022,6:00 PM,84,70,13,29.67,Fair
1/21/2022,6:30 PM,82,74,12,29.70,Fair
1/21/2022,7:00 PM,81,79,8,29.70,Fair
1/21/2022,7:30 PM,81,79,7,29.73,Fair
1/21/2022,8:00 PM,81,79,7,29.73,Fair
1/21/2022,8:30 PM,81,79,7,29.73,Fair
1/21/2022,9:00 PM,81,79,6,29.76,Fair
1/21/2022,9:30 PM,79,83,5,29.76,Fair
1/21/2022,10:00 PM,79,83,5,29.79,Partly Cloudy
1/21/2022,10:30 PM,79,83,3,29.79,Fair
1/21/2022,11:00 PM,77,89,5,29.79,Fair
1/21/2022,11:30 PM,77,89,5,29.79,Fair
1/22/2022,12:00 AM,77,94,5,29.79,Fair
1/22/2022,12:30 AM,77,89,5,29.76,Fair
1/22/2022,1:00 AM,75,94,3,29.76,Fair
1/22/2022,1:30 AM,75,94,3,29.76,Fair
1/22/2022,2:00 AM,75,94,3,29.76,Fair
1/22/2022,2:30 AM,75,94,0,29.76,Fair
1/22/2022,3:00 AM,75,94,0,29.73,Fair
1/22/2022,3:30 AM,75,100,2,29.73,Fair
1/22/2022,4:00 AM,75,100,0,29.70,Fair
1/22/2022,4:30 AM,73,100,0,29.73,Fair
1/22/2022,5:00 AM,73,100,0,29.73,Fair
1/22/2022,5:30 AM,73,100,0,29.73,Fair
1/22/2022,6:00 AM,73,100,0,29.73,Fair
1/22/2022,6:30 AM,72,100,0,29.73,Fair
1/22/2022,7:00 AM,73,100,2,29.73,Fair
1/22/2022,7:30 AM,75,100,3,29.73,Fair
1/22/2022,8:00 AM,77,89,5,29.76,Fair
1/22/2022,8:30 AM,79,78,3,29.76,Fair
1/22/2022,9:00 AM,81,74,3,29.76,Fair
1/22/2022,9:30 AM,82,70,3,29.79,Fair
1/22/2022,10:00 AM,84,66,6,29.76,Fair
1/22/2022,10:30 AM,84,66,5,29.76,Fair
1/22/2022,11:00 AM,86,62,7,29.76,Fair
1/22/2022,11:30 AM,88,58,5,29.76,Fair
1/22/2022,12:00 PM,86,58,5,29.73,Fair
1/22/2022,12:30 PM,88,55,7,29.73,Fair
1/22/2022,1:00 PM,90,55,5,29.70,Fair
1/22/2022,1:30 PM,91,52,6,29.67,Fair
1/22/2022,2:00 PM,91,49,6,29.67,Fair
1/22/2022,2:30 PM,90,55,7,29.64,Fair
1/22/2022,3:00 PM,90,55,6,29.64,Fair
1/22/2022,3:30 PM,91,52,8,29.61,Fair
1/22/2022,4:00 PM,90,55,8,29.61,Fair
1/22/2022,4:30 PM,88,62,10,29.61,Fair
1/22/2022,5:00 PM,88,66,10,29.61,Fair
1/22/2022,5:30 PM,86,70,9,29.64,Fair
1/22/2022,6:00 PM,84,70,9,29.64,Fair
1/22/2022,6:30 PM,82,74,6,29.64,Fair
1/22/2022,7:00 PM,81,79,6,29.67,Fair
1/22/2022,7:30 PM,81,79,5,29.67,Fair
1/22/2022,8:00 PM,79,83,3,29.70,Fair
1/22/2022,8:30 PM,79,83,5,29.70,Fair
1/22/2022,9:00 PM,79,83,2,29.70,Fair
1/22/2022,9:30 PM,79,83,2,29.73,Fair
1/22/2022,10:00 PM,77,89,2,29.73,Fair
1/22/2022,10:30 PM,77,89,0,29.70,Fair
1/22/2022,11:00 PM,77,94,3,29.70,Fair
1/22/2022,11:30 PM,75,94,3,29.70,Fair
1/23/2022,12:00 AM,77,89,3,29.70,Fair
1/23/2022,12:30 AM,75,94,0,29.70,Fair
1/23/2022,1:00 AM,75,100,2,29.70,Fair
1/23/2022,1:30 AM,75,100,0,29.70,Fair
1/23/2022,2:00 AM,75,100,0,29.70,Fair
1/23/2022,2:30 AM,75,100,0,29.70,Fair
1/23/2022,3:00 AM,75,94,2,29.67,Fair
1/23/2022,3:30 AM,75,94,0,29.67,Fair
1/23/2022,4:00 AM,73,100,0,29.67,Fair
1/23/2022,4:30 AM,73,100,0,29.67,Fair
1/23/2022,5:00 AM,73,100,0,29.70,Fair
1/23/2022,5:30 AM,73,100,2,29.70,Fair
1/23/2022,6:00 AM,73,100,0,29.70,Fair
1/23/2022,6:30 AM,73,100,2,29.73,Fair
1/23/2022,7:00 AM,73,100,2,29.73,Fair
1/23/2022,7:30 AM,75,100,0,29.73,Fair
1/23/2022,8:00 AM,77,94,2,29.76,Fair
1/23/2022,8:30 AM,79,83,3,29.76,Fair
1/23/2022,9:00 AM,81,79,2,29.79,Fair
1/23/2022,9:30 AM,82,74,3,29.79,Fair
1/23/2022,10:00 AM,82,74,5,29.79,Fair
1/23/2022,10:30 AM,84,66,6,29.79,Partly Cloudy
1/23/2022,11:00 AM,86,62,6,29.76,Partly Cloudy
1/23/2022,11:30 AM,86,58,8,29.76,Partly Cloudy
1/23/2022,12:00 PM,88,55,8,29.73,Partly Cloudy
1/23/2022,12:30 PM,90,52,7,29.73,Partly Cloudy
1/23/2022,1:00 PM,91,49,8,29.70,Partly Cloudy
1/23/2022,1:30 PM,91,49,7,29.70,Partly Cloudy
1/23/2022,2:00 PM,90,52,10,29.67,Partly Cloudy
1/23/2022,2:30 PM,90,55,8,29.67,Partly Cloudy
1/23/2022,3:00 PM,90,52,9,29.67,Partly Cloudy
1/23/2022,3:30 PM,90,52,9,29.64,Partly Cloudy
1/23/2022,4:00 PM,90,55,8,29.64,Partly Cloudy
1/23/2022,4:30 PM,90,52,12,29.64,Fair
1/23/2022,5:00 PM,88,58,13,29.64,Fair
1/23/2022,5:30 PM,86,66,13,29.64,Fair
1/23/2022,6:00 PM,84,66,8,29.67,Fair
1/23/2022,6:30 PM,82,70,6,29.67,Fair
1/23/2022,7:00 PM,81,74,7,29.67,Fair
1/23/2022,7:30 PM,81,79,6,29.70,Fair
1/23/2022,8:00 PM,81,79,6,29.70,Fair
1/23/2022,8:30 PM,79,83,5,29.73,Fair
1/23/2022,9:00 PM,79,83,3,29.73,Fair
1/23/2022,9:30 PM,79,83,2,29.73,Fair
1/23/2022,10:00 PM,77,89,3,29.73,Fair
1/23/2022,10:30 PM,77,89,2,29.76,Fair
1/23/2022,11:00 PM,77,89,3,29.76,Fair
1/23/2022,11:30 PM,75,94,3,29.73,Fair
1/24/2022,12:00 AM,75,94,5,29.73,Fair
1/24/2022,12:30 AM,75,100,5,29.73,Fair
1/24/2022,1:00 AM,75,100,3,29.73,Fair
1/24/2022,1:30 AM,75,100,2,29.70,Fair
1/24/2022,2:00 AM,75,100,0,29.70,Partly Cloudy
1/24/2022,2:30 AM,75,100,0,29.70,Partly Cloudy
1/24/2022,3:00 AM,75,100,2,29.70,Fair
1/24/2022,3:30 AM,75,100,0,29.67,Fair
1/24/2022,4:00 AM,73,100,0,29.67,Fair
1/24/2022,4:30 AM,73,100,0,29.67,Fair
1/24/2022,5:00 AM,73,100,0,29.70,Fair
1/24/2022,5:30 AM,73,100,0,29.70,Fair
1/24/2022,6:00 AM,73,100,0,29.70,Fair
1/24/2022,6:30 AM,73,100,0,29.70,Fair
1/24/2022,7:00 AM,72,100,0,29.73,Fair
1/24/2022,7:30 AM,73,100,0,29.73,Fair
1/24/2022,8:00 AM,77,94,0,29.76,Fair
1/24/2022,8:30 AM,79,89,3,29.76,Fair
1/24/2022,9:00 AM,81,84,5,29.76,Fair
1/24/2022,9:30 AM,81,79,5,29.79,Fair
1/24/2022,10:00 AM,82,74,6,29.76,Fair
1/24/2022,10:30 AM,86,62,6,29.76,Fair
1/24/2022,11:00 AM,86,62,7,29.76,Fair
1/24/2022,11:30 AM,88,58,8,29.76,Partly Cloudy
1/24/2022,12:00 PM,90,55,8,29.73,Partly Cloudy
1/24/2022,12:30 PM,90,55,9,29.73,Partly Cloudy
1/24/2022,1:00 PM,90,59,8,29.70,Partly Cloudy
1/24/2022,1:30 PM,90,59,8,29.70,Partly Cloudy
1/24/2022,2:00 PM,90,55,10,29.67,Partly Cloudy
1/24/2022,2:30 PM,90,52,12,29.67,Partly Cloudy
1/24/2022,3:00 PM,90,52,8,29.64,Partly Cloudy
1/24/2022,3:30 PM,88,58,12,29.64,Partly Cloudy
1/24/2022,4:00 PM,88,62,13,29.64,Partly Cloudy
1/24/2022,4:30 PM,86,66,10,29.64,Partly Cloudy
1/24/2022,5:00 PM,86,58,10,29.64,Fair
1/24/2022,5:30 PM,86,62,9,29.67,Fair
1/24/2022,6:00 PM,84,66,9,29.67,Fair
1/24/2022,6:30 PM,82,70,9,29.67,Fair
1/24/2022,7:00 PM,81,74,7,29.67,Fair
1/24/2022,7:30 PM,79,83,3,29.70,Fair
1/24/2022,8:00 PM,79,83,3,29.70,Fair
1/24/2022,8:30 PM,79,83,3,29.73,Fair
1/24/2022,9:00 PM,79,83,2,29.73,Fair
1/24/2022,9:30 PM,77,89,0,29.73,Fair
1/24/2022,10:00 PM,77,89,2,29.73,Fair
1/24/2022,10:30 PM,77,89,5,29.73,Fair
1/24/2022,11:00 PM,77,89,2,29.73,Fair
1/24/2022,11:30 PM,77,89,2,29.73,Fair
1/25/2022,12:00 AM,75,94,2,29.73,Fair
1/25/2022,12:30 AM,75,94,0,29.73,Fair
1/25/2022,1:00 AM,75,94,0,29.73,Fair
1/25/2022,1:30 AM,75,100,0,29.73,Fair
1/25/2022,2:00 AM,75,100,0,29.70,Fair
1/25/2022,2:30 AM,73,100,0,29.70,Fair
1/25/2022,3:00 AM,73,100,0,29.70,Fair
1/25/2022,3:30 AM,73,100,0,29.70,Partly Cloudy
1/25/2022,4:00 AM,73,100,0,29.70,Partly Cloudy
1/25/2022,4:30 AM,73,100,0,29.70,Fair
1/25/2022,5:00 AM,73,100,2,29.70,Fair
1/25/2022,5:30 AM,73,100,2,29.70,Mostly Cloudy
1/25/2022,6:00 AM,73,100,2,29.70,Mostly Cloudy
1/25/2022,6:30 AM,75,94,0,29.73,Mostly Cloudy
1/25/2022,7:00 AM,75,100,0,29.73,Mostly Cloudy
1/25/2022,7:30 AM,75,100,0,29.73,Mostly Cloudy
1/25/2022,8:00 AM,77,94,0,29.76,Mostly Cloudy
1/25/2022,8:30 AM,79,89,0,29.76,Mostly Cloudy
1/25/2022,9:00 AM,81,84,3,29.79,Mostly Cloudy
1/25/2022,9:30 AM,82,74,5,29.79,Mostly Cloudy
1/25/2022,10:00 AM,84,70,8,29.79,Mostly Cloudy
1/25/2022,10:30 AM,86,62,9,29.76,Mostly Cloudy
1/25/2022,11:00 AM,86,66,8,29.76,Mostly Cloudy
1/25/2022,11:30 AM,88,62,10,29.76,Mostly Cloudy
1/25/2022,12:00 PM,88,58,10,29.73,Mostly Cloudy
1/25/2022,12:30 PM,90,59,9,29.73,Mostly Cloudy
1/25/2022,1:00 PM,91,55,12,29.70,Mostly Cloudy
1/25/2022,1:30 PM,90,55,12,29.70,Mostly Cloudy
1/25/2022,2:00 PM,90,55,12,29.67,Partly Cloudy
1/25/2022,2:30 PM,88,55,13,29.67,Partly Cloudy
1/25/2022,3:00 PM,88,58,12,29.67,Mostly Cloudy
1/25/2022,3:30 PM,90,55,12,29.67,Mostly Cloudy
1/25/2022,4:00 PM,90,55,13,29.67,Mostly Cloudy
1/25/2022,4:30 PM,86,62,12,29.67,Mostly Cloudy
1/25/2022,5:00 PM,86,62,12,29.67,Mostly Cloudy
1/25/2022,5:30 PM,84,70,10,29.67,Mostly Cloudy
1/25/2022,6:00 PM,84,66,10,29.67,Mostly Cloudy
1/25/2022,6:30 PM,82,74,9,29.70,Mostly Cloudy
1/25/2022,7:00 PM,82,74,8,29.70,Mostly Cloudy
1/25/2022,7:30 PM,81,79,6,29.70,Mostly Cloudy
1/25/2022,8:00 PM,81,79,3,29.70,Partly Cloudy
1/25/2022,8:30 PM,79,83,2,29.73,Fair
1/25/2022,9:00 PM,75,94,0,29.73,Fair
1/25/2022,9:30 PM,75,94,3,29.73,Fair
1/25/2022,10:00 PM,75,94,0,29.76,Fair
1/25/2022,10:30 PM,73,94,2,29.76,Fair
1/25/2022,11:00 PM,73,100,0,29.76,Fair
1/25/2022,11:30 PM,73,94,2,29.76,Fair
1/26/2022,12:00 AM,73,94,0,29.76,Fair
1/26/2022,12:30 AM,73,100,0,29.76,Fair
1/26/2022,1:00 AM,73,94,0,29.76,Fair
1/26/2022,1:30 AM,73,94,2,29.76,Fair
1/26/2022,2:00 AM,72,100,0,29.73,Fair
1/26/2022,2:30 AM,72,100,0,29.73,Fair
1/26/2022,3:00 AM,72,100,0,29.70,Fair
1/26/2022,3:30 AM,72,100,0,29.70,Fair
1/26/2022,4:00 AM,72,100,0,29.70,Fair
1/26/2022,4:30 AM,72,100,0,29.70,Fair
1/26/2022,5:00 AM,72,100,0,29.73,Partly Cloudy
1/26/2022,5:30 AM,73,94,0,29.73,Mostly Cloudy
1/26/2022,6:00 AM,73,100,0,29.73,Mostly Cloudy
1/26/2022,6:30 AM,73,100,0,29.73,Mostly Cloudy
1/26/2022,7:00 AM,75,100,0,29.73,Mostly Cloudy
1/26/2022,7:30 AM,75,100,0,29.76,Mostly Cloudy
1/26/2022,8:00 AM,77,89,0,29.76,Mostly Cloudy
1/26/2022,8:30 AM,79,89,0,29.79,Partly Cloudy
1/26/2022,9:00 AM,82,74,2,29.79,Fair
1/26/2022,9:30 AM,84,66,5,29.79,Fair
1/26/2022,10:00 AM,86,62,7,29.79,Partly Cloudy
1/26/2022,10:30 AM,88,62,7,29.79,Mostly Cloudy
1/26/2022,11:00 AM,88,58,8,29.76,Mostly Cloudy
1/26/2022,11:30 AM,90,55,7,29.76,Mostly Cloudy
1/26/2022,12:00 PM,90,59,6,29.76,Mostly Cloudy
1/26/2022,12:30 PM,90,59,7,29.73,Mostly Cloudy
1/26/2022,1:00 PM,91,55,5,29.73,Partly Cloudy
1/26/2022,1:30 PM,93,49,6,29.70,Partly Cloudy
1/26/2022,2:00 PM,91,49,5,29.67,Partly Cloudy
1/26/2022,2:30 PM,91,52,10,29.67,Mostly Cloudy
1/26/2022,3:00 PM,91,55,10,29.67,Mostly Cloudy
1/26/2022,3:30 PM,88,62,16,29.64,Mostly Cloudy
1/26/2022,4:00 PM,86,66,14,29.67,Mostly Cloudy
1/26/2022,4:30 PM,88,62,13,29.67,Partly Cloudy
1/26/2022,5:00 PM,88,62,14,29.67,Fair
1/26/2022,5:30 PM,84,70,9,29.67,Fair
1/26/2022,6:00 PM,84,70,7,29.70,Fair
1/26/2022,6:30 PM,82,70,7,29.70,Fair
1/26/2022,7:00 PM,81,79,5,29.70,Fair
1/26/2022,7:30 PM,81,79,3,29.70,Fair
1/26/2022,8:00 PM,81,79,5,29.73,Fair
1/26/2022,8:30 PM,81,79,2,29.73,Fair
1/26/2022,9:00 PM,81,79,6,29.73,Fair
1/26/2022,9:30 PM,81,79,7,29.73,Fair
1/26/2022,10:00 PM,81,79,7,29.76,Fair
1/26/2022,10:30 PM,79,83,5,29.76,Partly Cloudy
1/26/2022,11:00 PM,79,83,5,29.76,Partly Cloudy
1/26/2022,11:30 PM,79,83,5,29.76,Fair
1/27/2022,12:00 AM,79,83,3,29.76,Fair
1/27/2022,12:30 AM,79,83,3,29.73,Fair
1/27/2022,1:00 AM,79,83,5,29.73,Fair
1/27/2022,1:30 AM,77,89,5,29.73,Fair
1/27/2022,2:00 AM,77,89,3,29.73,Fair
1/27/2022,2:30 AM,75,94,2,29.70,Fair
1/27/2022,3:00 AM,75,94,3,29.70,Fair
1/27/2022,3:30 AM,75,100,3,29.70,Fair
1/27/2022,4:00 AM,75,100,3,29.70,Fair
1/27/2022,4:30 AM,77,89,5,29.70,Fair
1/27/2022,5:00 AM,77,89,5,29.70,Partly Cloudy
1/27/2022,5:30 AM,77,89,3,29.70,Mostly Cloudy
1/27/2022,6:00 AM,75,94,3,29.70,Partly Cloudy
1/27/2022,6:30 AM,75,94,3,29.70,Partly Cloudy
1/27/2022,7:00 AM,75,94,5,29.73,Fair
1/27/2022,7:30 AM,77,89,3,29.73,Fair
1/27/2022,8:00 AM,79,83,5,29.76,Fair
1/27/2022,8:30 AM,81,79,5,29.76,Fair
1/27/2022,9:00 AM,82,70,6,29.76,Fair
1/27/2022,9:30 AM,84,66,8,29.76,Fair
1/27/2022,10:00 AM,84,62,9,29.76,Fair
1/27/2022,10:30 AM,88,58,9,29.76,Fair
1/27/2022,11:00 AM,90,55,8,29.76,Fair
1/27/2022,11:30 AM,91,55,7,29.76,Fair
1/27/2022,12:00 PM,91,52,10,29.76,Fair
1/27/2022,12:30 PM,91,55,12,29.73,Fair
1/27/2022,1:00 PM,91,52,13,29.73,Fair
1/27/2022,1:30 PM,91,55,13,29.70,Fair
1/27/2022,2:00 PM,91,55,12,29.70,Fair
1/27/2022,2:30 PM,91,55,13,29.67,Fair
1/27/2022,3:00 PM,91,55,13,29.67,Fair
1/27/2022,3:30 PM,90,59,13,29.67,Fair
1/27/2022,4:00 PM,90,59,13,29.67,Fair
1/27/2022,4:30 PM,88,62,12,29.67,Fair
1/27/2022,5:00 PM,88,62,15,29.67,Fair
1/27/2022,5:30 PM,86,66,13,29.67,Fair
1/27/2022,6:00 PM,84,70,10,29.70,Fair
1/27/2022,6:30 PM,82,74,8,29.70,Fair
1/27/2022,7:00 PM,82,74,7,29.70,Fair
1/27/2022,7:30 PM,81,79,7,29.73,Fair
1/27/2022,8:00 PM,81,79,7,29.73,Fair
1/27/2022,8:30 PM,81,79,7,29.76,Fair
1/27/2022,9:00 PM,81,79,7,29.76,Fair
1/27/2022,9:30 PM,81,79,5,29.76,Fair
1/27/2022,10:00 PM,79,83,3,29.76,Fair
1/27/2022,10:30 PM,79,83,5,29.76,Fair
1/27/2022,11:00 PM,79,83,3,29.76,Fair
1/27/2022,11:30 PM,77,94,5,29.76,Fair
1/28/2022,12:00 AM,77,94,5,29.76,Fair
1/28/2022,12:30 AM,77,94,2,29.76,Fair
1/28/2022,1:00 AM,75,100,3,29.76,Fair
1/28/2022,1:30 AM,75,94,2,29.76,Fair
1/28/2022,2:00 AM,75,94,2,29.76,Fair
1/28/2022,2:30 AM,75,94,2,29.73,Fair
1/28/2022,3:00 AM,75,100,0,29.73,Fair
1/28/2022,3:30 AM,75,100,2,29.70,Fair
1/28/2022,4:00 AM,73,100,0,29.70,Fair
1/28/2022,4:30 AM,73,100,0,29.73,Fair
1/28/2022,5:00 AM,73,100,0,29.73,Fair
1/28/2022,5:30 AM,73,100,0,29.73,Fair
1/28/2022,6:00 AM,72,100,0,29.73,Fair
1/28/2022,6:30 AM,72,100,0,29.73,Fair
1/28/2022,7:00 AM,72,100,0,29.76,Fair
1/28/2022,7:30 AM,73,100,0,29.76,Fair
1/28/2022,8:00 AM,77,89,2,29.79,Fair
1/28/2022,8:30 AM,81,84,0,29.79,Fair
1/28/2022,9:00 AM,82,74,2,29.81,Fair
1/28/2022,9:30 AM,84,70,5,29.81,Fair
1/28/2022,10:00 AM,86,62,6,29.81,Fair
1/28/2022,10:30 AM,86,62,6,29.81,Fair
1/28/2022,11:00 AM,88,58,3,29.81,Fair
1/28/2022,11:30 AM,90,52,3,29.79,Fair
1/28/2022,12:00 PM,90,49,7,29.79,Fair
1/28/2022,12:30 PM,90,49,9,29.76,Fair
1/28/2022,1:00 PM,91,49,7,29.73,Fair
1/28/2022,1:30 PM,93,46,8,29.73,Fair
1/28/2022,2:00 PM,95,41,10,29.70,Fair
1/28/2022,2:30 PM,93,44,10,29.70,Fair
1/28/2022,3:00 PM,91,52,13,29.67,Fair
1/28/2022,3:30 PM,91,52,12,29.67,Fair
1/28/2022,4:00 PM,91,49,13,29.67,Fair
1/28/2022,4:30 PM,90,59,12,29.67,Fair
1/28/2022,5:00 PM,88,62,10,29.67,Fair
1/28/2022,5:30 PM,86,66,12,29.67,Fair
1/28/2022,6:00 PM,84,70,6,29.67,Fair
1/28/2022,6:30 PM,82,74,2,29.70,Fair
1/28/2022,7:00 PM,82,70,6,29.70,Fair
1/28/2022,7:30 PM,82,70,5,29.70,Fair
1/28/2022,8:00 PM,81,74,3,29.73,Fair
1/28/2022,8:30 PM,79,83,2,29.73,Fair
1/28/2022,9:00 PM,79,83,5,29.76,Fair
1/28/2022,9:30 PM,79,83,5,29.76,Fair
1/28/2022,10:00 PM,79,83,6,29.76,Fair
1/28/2022,10:30 PM,77,94,6,29.76,Partly Cloudy
1/28/2022,11:00 PM,77,94,6,29.76,Partly Cloudy
1/28/2022,11:30 PM,77,94,5,29.76,Partly Cloudy
1/29/2022,12:00 AM,77,94,5,29.76,Fair
1/29/2022,12:30 AM,77,94,5,29.76,Fair
1/29/2022,1:00 AM,77,94,5,29.76,Partly Cloudy
1/29/2022,1:30 AM,77,94,6,29.76,Fair
1/29/2022,2:00 AM,77,94,5,29.76,Fair
1/29/2022,2:30 AM,75,100,5,29.73,Fair
1/29/2022,3:00 AM,75,100,5,29.73,Fair
1/29/2022,3:30 AM,75,100,5,29.73,Fair
1/29/2022,4:00 AM,75,100,0,29.70,Fair
1/29/2022,4:30 AM,73,100,0,29.73,Fair
1/29/2022,5:00 AM,73,100,0,29.73,Fair
1/29/2022,5:30 AM,73,100,0,29.73,Fair
1/29/2022,6:00 AM,73,100,0,29.73,Partly Cloudy
1/29/2022,6:30 AM,73,100,0,29.76,Fair
1/29/2022,7:00 AM,72,100,0,29.76,Fair
1/29/2022,7:30 AM,73,100,0,29.76,Partly Cloudy
1/29/2022,8:00 AM,73,100,0,29.79,Fog
1/29/2022,8:30 AM,77,100,0,29.79,Fair
1/29/2022,9:00 AM,81,100,0,29.81,Fair
1/29/2022,9:30 AM,82,89,3,29.81,Fair
1/29/2022,10:00 AM,84,74,5,29.81,Fair
1/29/2022,10:30 AM,86,66,3,29.79,Fair
1/29/2022,11:00 AM,86,58,7,29.79,Fair
1/29/2022,11:30 AM,90,55,6,29.79,Fair
1/29/2022,12:00 PM,90,55,5,29.76,Fair
1/29/2022,12:30 PM,90,55,7,29.76,Fair
1/29/2022,1:00 PM,91,52,8,29.73,Fair
1/29/2022,1:30 PM,91,55,8,29.70,Fair
1/29/2022,2:00 PM,91,52,9,29.70,Fair
1/29/2022,2:30 PM,91,49,9,29.67,Fair
1/29/2022,3:00 PM,93,46,10,29.67,Fair
1/29/2022,3:30 PM,91,52,10,29.64,Fair
1/29/2022,4:00 PM,91,52,10,29.64,Fair
1/29/2022,4:30 PM,90,55,10,29.64,Fair
1/29/2022,5:00 PM,90,55,10,29.64,Fair
1/29/2022,5:30 PM,88,58,8,29.64,Fair
1/29/2022,6:00 PM,86,58,7,29.64,Fair
1/29/2022,6:30 PM,84,62,7,29.67,Fair
1/29/2022,7:00 PM,82,70,5,29.67,Fair
1/29/2022,7:30 PM,81,74,3,29.70,Fair
1/29/2022,8:00 PM,81,74,5,29.73,Fair
1/29/2022,8:30 PM,81,79,5,29.73,Fair
1/29/2022,9:00 PM,79,83,5,29.76,Fair
1/29/2022,9:30 PM,79,83,3,29.76,Fair
1/29/2022,10:00 PM,79,83,2,29.76,Fair
1/29/2022,10:30 PM,77,89,0,29.76,Fair
1/29/2022,11:00 PM,77,89,2,29.76,Fair
1/29/2022,11:30 PM,77,89,3,29.76,Fair
1/30/2022,12:00 AM,75,94,0,29.76,Fair
1/30/2022,12:30 AM,75,94,0,29.76,Fair
1/30/2022,1:00 AM,75,94,2,29.76,Fair
1/30/2022,1:30 AM,75,94,2,29.76,Mostly Cloudy
1/30/2022,2:00 AM,73,100,0,29.73,Partly Cloudy
1/30/2022,2:30 AM,73,94,2,29.73,Fair
1/30/2022,3:00 AM,75,83,2,29.70,Fair
1/30/2022,3:30 AM,73,88,2,29.70,Fair
1/30/2022,4:00 AM,73,88,2,29.70,Fair
1/30/2022,4:30 AM,73,88,2,29.70,Fair
1/30/2022,5:00 AM,73,88,0,29.70,Fair
1/30/2022,5:30 AM,73,94,2,29.70,Fair
1/30/2022,6:00 AM,73,94,0,29.70,Fair
1/30/2022,6:30 AM,73,100,0,29.73,Fair
1/30/2022,7:00 AM,73,100,2,29.73,Partly Cloudy
1/30/2022,7:30 AM,75,94,0,29.73,Partly Cloudy
1/30/2022,8:00 AM,75,94,2,29.76,Mostly Cloudy
1/30/2022,8:30 AM,77,89,2,29.76,Mostly Cloudy
1/30/2022,9:00 AM,81,79,0,29.79,Mostly Cloudy
1/30/2022,9:30 AM,82,74,3,29.79,Partly Cloudy
1/30/2022,10:00 AM,86,66,3,29.79,Fair
1/30/2022,10:30 AM,86,66,3,29.79,Fair
1/30/2022,11:00 AM,88,62,6,29.76,Fair
1/30/2022,11:30 AM,88,62,6,29.76,Fair
1/30/2022,12:00 PM,90,59,7,29.76,Fair
1/30/2022,12:30 PM,91,59,7,29.73,Fair
1/30/2022,1:00 PM,93,56,7,29.73,Fair
1/30/2022,1:30 PM,93,56,8,29.70,Partly Cloudy
1/30/2022,2:00 PM,91,55,7,29.67,Partly Cloudy
1/30/2022,2:30 PM,90,62,8,29.67,Partly Cloudy
1/30/2022,3:00 PM,91,59,8,29.64,Fair
1/30/2022,3:30 PM,91,55,9,29.64,Fair
1/30/2022,4:00 PM,90,59,10,29.64,Fair
1/30/2022,4:30 PM,88,58,9,29.64,Showers in the Vicinity
1/30/2022,5:00 PM,86,62,5,29.64,Fair
1/30/2022,5:30 PM,84,66,3,29.67,Fair
1/30/2022,6:00 PM,82,70,6,29.67,Fair
1/30/2022,6:30 PM,81,74,5,29.67,Fair
1/30/2022,7:00 PM,81,74,2,29.67,Partly Cloudy
1/30/2022,7:30 PM,79,78,2,29.70,Partly Cloudy
1/30/2022,8:00 PM,79,78,0,29.70,Fair
1/30/2022,8:30 PM,79,78,2,29.73,Fair
1/30/2022,9:00 PM,79,83,2,29.73,Fair
1/30/2022,9:30 PM,77,89,2,29.73,Fair
1/30/2022,10:00 PM,77,89,0,29.76,Fair
1/30/2022,10:30 PM,77,83,0,29.76,Fair
1/30/2022,11:00 PM,77,89,2,29.76,Fair
1/30/2022,11:30 PM,77,89,2,29.76,Fair
1/31/2022,12:00 AM,75,94,0,29.76,Fair
1/31/2022,12:30 AM,75,94,0,29.76,Fair
1/31/2022,1:00 AM,75,94,0,29.73,Fair
1/31/2022,1:30 AM,75,100,0,29.73,Fair
1/31/2022,2:00 AM,75,100,5,29.73,Fair
1/31/2022,2:30 AM,75,100,0,29.70,Fair
1/31/2022,3:00 AM,73,100,0,29.70,Fair
1/31/2022,3:30 AM,73,100,0,29.70,Fair
1/31/2022,4:00 AM,73,100,2,29.67,Fair
1/31/2022,4:30 AM,73,100,0,29.67,Fair
1/31/2022,5:00 AM,73,100,0,29.70,Fair
1/31/2022,5:30 AM,73,100,0,29.70,Fair
1/31/2022,6:00 AM,73,100,2,29.70,Fair
1/31/2022,6:30 AM,73,100,2,29.70,Fair
1/31/2022,7:00 AM,72,100,0,29.70,Fair
1/31/2022,7:30 AM,73,100,0,29.73,Fair
1/31/2022,8:00 AM,77,94,0,29.73,Fair
1/31/2022,8:30 AM,79,83,0,29.76,Fair
1/31/2022,9:00 AM,81,79,3,29.76,Fair
1/31/2022,9:30 AM,82,74,3,29.76,Fair
1/31/2022,10:00 AM,84,66,6,29.76,Fair
1/31/2022,10:30 AM,86,62,8,29.76,Fair
1/31/2022,11:00 AM,88,58,7,29.76,Fair
1/31/2022,11:30 AM,88,58,6,29.76,Fair
1/31/2022,12:00 PM,90,52,8,29.73,Fair
1/31/2022,12:30 PM,91,52,8,29.73,Fair
1/31/2022,1:00 PM,91,49,8,29.73,Fair
1/31/2022,1:30 PM,91,46,10,29.70,Fair
1/31/2022,2:00 PM,91,43,9,29.67,Fair
1/31/2022,2:30 PM,91,49,10,29.67,Fair
1/31/2022,3:00 PM,90,55,10,29.64,Fair
1/31/2022,3:30 PM,90,55,12,29.64,Fair
1/31/2022,4:00 PM,90,55,10,29.64,Fair
1/31/2022,4:30 PM,88,58,13,29.64,Fair
1/31/2022,5:00 PM,88,62,12,29.64,Fair
1/31/2022,5:30 PM,86,66,10,29.64,Fair
1/31/2022,6:00 PM,84,70,9,29.67,Fair
1/31/2022,6:30 PM,82,74,8,29.67,Fair
1/31/2022,7:00 PM,82,74,7,29.67,Fair
1/31/2022,7:30 PM,81,79,7,29.70,Fair
1/31/2022,8:00 PM,81,79,7,29.70,Fair
1/31/2022,8:30 PM,81,79,6,29.73,Fair
1/31/2022,9:00 PM,81,79,5,29.73,Fair
1/31/2022,9:30 PM,79,83,5,29.73,Fair
1/31/2022,10:00 PM,79,83,3,29.73,Fair
1/31/2022,10:30 PM,79,83,3,29.76,Fair
1/31/2022,11:00 PM,77,94,6,29.76,Fair
1/31/2022,11:30 PM,77,89,2,29.76,Fair
2/1/2022,12:00 AM,77,94,3,29.76,Fair
2/1/2022,12:30 AM,77,89,3,29.73,Fair
2/1/2022,1:00 AM,77,94,3,29.73,Fair
2/1/2022,1:30 AM,75,100,3,29.73,Fair
2/1/2022,2:00 AM,75,100,2,29.70,Fair
2/1/2022,2:30 AM,75,100,2,29.70,Fair
2/1/2022,3:00 AM,75,100,2,29.70,Fair
2/1/2022,3:30 AM,75,100,0,29.67,Fair
2/1/2022,4:00 AM,75,94,2,29.70,Fair
2/1/2022,4:30 AM,75,100,3,29.70,Fair
2/1/2022,5:00 AM,75,94,0,29.70,Fair
2/1/2022,5:30 AM,75,100,0,29.70,Fair
2/1/2022,6:00 AM,73,100,2,29.70,Fair
2/1/2022,6:30 AM,73,100,0,29.70,Fair
2/1/2022,9:30 AM,84,70,8,29.79,Partly Cloudy
2/1/2022,10:00 AM,84,66,9,29.79,Partly Cloudy
2/1/2022,10:30 AM,88,62,10,29.79,Partly Cloudy
2/1/2022,11:00 AM,90,59,12,29.79,Partly Cloudy
2/1/2022,11:30 AM,88,58,12,29.76,Partly Cloudy
2/1/2022,12:00 PM,90,55,13,29.76,Partly Cloudy
2/1/2022,12:30 PM,90,52,13,29.73,Partly Cloudy
2/1/2022,1:00 PM,90,55,13,29.73,Partly Cloudy
2/1/2022,1:30 PM,91,52,14,29.70,Partly Cloudy
2/1/2022,2:00 PM,90,55,12,29.67,Fair
2/1/2022,2:30 PM,90,55,13,29.67,Fair
2/1/2022,3:00 PM,90,55,14,29.64,Fair
2/1/2022,3:30 PM,90,55,13,29.64,Fair
2/1/2022,4:00 PM,90,55,14,29.64,Fair
2/1/2022,4:30 PM,90,55,14,29.64,Fair
2/1/2022,5:00 PM,86,62,14,29.64,Fair
2/1/2022,5:30 PM,86,62,13,29.64,Fair
2/1/2022,6:00 PM,86,62,10,29.67,Fair
2/1/2022,6:30 PM,82,74,9,29.67,Fair
2/1/2022,7:00 PM,82,74,8,29.67,Fair
2/1/2022,7:30 PM,81,79,7,29.70,Fair
2/1/2022,8:00 PM,81,79,8,29.70,Fair
2/1/2022,8:30 PM,81,84,7,29.70,Fair
2/1/2022,9:00 PM,81,79,7,29.73,Fair
2/1/2022,9:30 PM,81,79,5,29.73,Fair
2/1/2022,10:00 PM,79,83,5,29.73,Fair
2/1/2022,10:30 PM,79,83,5,29.73,Fair
2/1/2022,11:00 PM,77,94,3,29.73,Fair
2/1/2022,11:30 PM,77,94,2,29.73,Fair
2/2/2022,12:00 AM,77,89,2,29.73,Fair
2/2/2022,12:30 AM,77,89,2,29.73,Fair
2/2/2022,1:00 AM,77,89,0,29.73,Fair
2/2/2022,1:30 AM,75,94,0,29.73,Fair
2/2/2022,2:00 AM,75,94,2,29.70,Fair
2/2/2022,2:30 AM,73,100,2,29.70,Fair
2/2/2022,3:00 AM,73,100,5,29.70,Fair
2/2/2022,3:30 AM,73,100,5,29.70,Fair
2/2/2022,4:00 AM,73,100,3,29.70,Fair
2/2/2022,4:30 AM,75,94,5,29.70,Fair
2/2/2022,5:00 AM,73,100,5,29.70,Fair
2/2/2022,5:30 AM,73,100,3,29.73,Fair
2/2/2022,6:00 AM,73,100,3,29.73,Fair
2/2/2022,6:30 AM,73,100,0,29.73,Fair
2/2/2022,7:00 AM,73,100,0,29.73,Fair
2/2/2022,7:30 AM,75,94,0,29.76,Fair
2/2/2022,8:00 AM,77,89,5,29.76,Fair
2/2/2022,8:30 AM,81,79,5,29.79,Fair
2/2/2022,9:00 AM,82,74,5,29.79,Fair
2/2/2022,9:30 AM,84,66,6,29.79,Fair
2/2/2022,10:00 AM,86,62,6,29.79,Fair
2/2/2022,10:30 AM,86,58,5,29.79,Fair
2/2/2022,11:00 AM,90,52,3,29.79,Partly Cloudy
2/2/2022,11:30 AM,88,55,7,29.79,Fair
2/2/2022,12:00 PM,91,49,8,29.76,Fair
2/2/2022,12:30 PM,90,55,9,29.76,Partly Cloudy
2/2/2022,1:00 PM,93,52,8,29.73,Partly Cloudy
2/2/2022,1:30 PM,95,49,6,29.73,Partly Cloudy
2/2/2022,2:00 PM,90,59,9,29.70,Partly Cloudy
2/2/2022,2:30 PM,91,55,10,29.70,Partly Cloudy
2/2/2022,3:00 PM,90,62,15,29.67,Partly Cloudy
2/2/2022,3:30 PM,88,66,13,29.67,Showers in the Vicinity
2/2/2022,4:00 PM,88,62,15,29.67,Showers in the Vicinity
2/2/2022,4:30 PM,86,70,17,29.70,Showers in the Vicinity
2/2/2022,5:00 PM,84,70,14,29.70,Showers in the Vicinity
2/2/2022,5:30 PM,84,70,10,29.70,Partly Cloudy
2/2/2022,6:00 PM,82,74,7,29.73,Partly Cloudy
2/2/2022,6:30 PM,82,79,6,29.73,Mostly Cloudy
2/2/2022,7:00 PM,82,79,8,29.73,Mostly Cloudy
2/2/2022,7:30 PM,82,79,6,29.73,Mostly Cloudy
2/2/2022,8:00 PM,81,84,7,29.76,Partly Cloudy
2/2/2022,8:30 PM,81,84,7,29.76,Partly Cloudy
2/2/2022,9:00 PM,81,84,7,29.76,Partly Cloudy
2/2/2022,9:30 PM,81,84,7,29.76,Partly Cloudy
2/2/2022,10:00 PM,81,84,5,29.79,Mostly Cloudy
2/2/2022,10:30 PM,81,84,3,29.79,Mostly Cloudy
2/2/2022,11:00 PM,79,89,3,29.76,Mostly Cloudy
2/2/2022,11:30 PM,79,89,3,29.76,Partly Cloudy
2/3/2022,12:00 AM,79,89,0,29.79,Fair
2/3/2022,12:30 AM,77,100,0,29.76,Fair
2/3/2022,1:00 AM,77,94,2,29.76,Fair
2/3/2022,1:30 AM,79,89,3,29.76,Fair
2/3/2022,2:00 AM,77,94,3,29.76,Fair
2/3/2022,2:30 AM,77,94,2,29.73,Fair
2/3/2022,3:00 AM,77,94,0,29.73,Fair
2/3/2022,3:30 AM,77,94,3,29.73,Fair
2/3/2022,4:00 AM,77,94,3,29.70,Fair
2/3/2022,4:30 AM,77,94,3,29.70,Fair
2/3/2022,5:00 AM,75,100,3,29.70,Fair
2/3/2022,5:30 AM,75,100,2,29.70,Fair
2/3/2022,6:00 AM,75,100,5,29.73,Fair
2/3/2022,6:30 AM,75,100,3,29.73,Fair
2/3/2022,7:00 AM,75,100,0,29.73,Fair
2/3/2022,7:30 AM,77,94,2,29.73,Fair
2/3/2022,8:00 AM,81,79,5,29.76,Fair
2/3/2022,8:30 AM,81,79,5,29.76,Fair
2/3/2022,9:00 AM,82,79,6,29.79,Fair
2/3/2022,9:30 AM,84,70,8,29.79,Fair
2/3/2022,10:00 AM,84,70,9,29.79,Partly Cloudy
2/3/2022,10:30 AM,86,66,10,29.79,Partly Cloudy
2/3/2022,11:00 AM,82,74,10,29.79,Partly Cloudy
2/3/2022,11:30 AM,86,66,9,29.76,Partly Cloudy
2/3/2022,12:00 PM,88,66,10,29.76,Partly Cloudy
2/3/2022,12:30 PM,88,66,8,29.73,Mostly Cloudy
2/3/2022,1:00 PM,88,62,15,29.73,Mostly Cloudy
2/3/2022,1:30 PM,88,66,14,29.73,Mostly Cloudy
2/3/2022,2:00 PM,88,66,10,29.70,Mostly Cloudy
2/3/2022,2:30 PM,88,62,10,29.70,Mostly Cloudy
2/3/2022,3:00 PM,91,55,16,29.67,Partly Cloudy
2/3/2022,3:30 PM,90,59,12,29.64,Partly Cloudy
2/3/2022,4:00 PM,90,62,14,29.64,Partly Cloudy
2/3/2022,4:30 PM,88,66,16,29.64,Fair
2/3/2022,5:00 PM,86,66,16,29.67,Fair
2/3/2022,5:30 PM,86,70,16,29.67,Partly Cloudy
2/3/2022,6:00 PM,84,74,12,29.67,Partly Cloudy
2/3/2022,6:30 PM,82,74,12,29.67,Partly Cloudy
2/3/2022,7:00 PM,82,79,9,29.70,Partly Cloudy
2/3/2022,7:30 PM,81,84,10,29.70,Partly Cloudy
2/3/2022,8:00 PM,81,84,10,29.70,Partly Cloudy
2/3/2022,8:30 PM,81,84,10,29.70,Partly Cloudy
2/3/2022,9:00 PM,81,84,6,29.73,Partly Cloudy
2/3/2022,9:30 PM,81,79,5,29.73,Partly Cloudy
2/3/2022,10:00 PM,81,79,7,29.76,Fair
2/3/2022,10:30 PM,79,89,6,29.76,Fair
2/3/2022,11:00 PM,79,89,6,29.76,Fair
2/3/2022,11:30 PM,79,89,6,29.76,Fair
2/4/2022,12:00 AM,79,83,8,29.76,Fair
2/4/2022,12:30 AM,79,83,8,29.73,Fair
2/4/2022,1:00 AM,79,83,6,29.73,Fair
2/4/2022,1:30 AM,79,83,6,29.73,Fair
2/4/2022,2:00 AM,79,89,6,29.73,Fair
2/4/2022,2:30 AM,79,89,5,29.70,Fair
2/4/2022,3:00 AM,77,94,5,29.70,Fair
2/4/2022,3:30 AM,77,94,6,29.70,Fair
2/4/2022,4:00 AM,77,89,5,29.67,Fair
2/4/2022,4:30 AM,77,89,5,29.67,Fair
2/4/2022,5:00 AM,77,89,2,29.70,Fair
2/4/2022,5:30 AM,75,94,0,29.70,Fair
2/4/2022,6:00 AM,75,94,0,29.70,Fair
2/4/2022,6:30 AM,75,94,2,29.70,Fair
2/4/2022,7:00 AM,75,94,0,29.70,Fair
2/4/2022,7:30 AM,79,89,2,29.73,Fair
2/4/2022,8:00 AM,81,84,3,29.73,Fair
2/4/2022,8:30 AM,82,79,5,29.76,Fair
2/4/2022,9:00 AM,84,70,8,29.76,Partly Cloudy
2/4/2022,9:30 AM,86,70,7,29.76,Partly Cloudy
2/4/2022,10:00 AM,86,70,7,29.76,Showers in the Vicinity
2/4/2022,10:30 AM,88,62,10,29.76,Partly Cloudy
2/4/2022,11:00 AM,90,62,13,29.76,Showers in the Vicinity
2/4/2022,11:30 AM,88,62,14,29.76,Showers in the Vicinity
2/4/2022,12:00 PM,88,66,13,29.73,Showers in the Vicinity
2/4/2022,12:30 PM,88,62,15,29.73,Showers in the Vicinity
2/4/2022,1:00 PM,90,59,18,29.70,Partly Cloudy
2/4/2022,1:30 PM,91,55,17,29.70,Partly Cloudy
2/4/2022,2:00 PM,90,59,16,29.67,Partly Cloudy
2/4/2022,2:30 PM,90,59,15,29.67,Partly Cloudy
2/4/2022,3:00 PM,90,62,14,29.67,Partly Cloudy
2/4/2022,3:30 PM,90,59,17,29.67,Partly Cloudy
2/4/2022,4:00 PM,90,59,17,29.64,Fair
2/4/2022,4:30 PM,86,66,17,29.67,Partly Cloudy
2/4/2022,5:00 PM,84,70,15,29.67,Partly Cloudy
2/4/2022,5:30 PM,84,74,16,29.67,Partly Cloudy
2/4/2022,6:00 PM,82,74,13,29.67,Partly Cloudy
2/4/2022,6:30 PM,82,79,12,29.67,Partly Cloudy
2/4/2022,7:00 PM,82,79,13,29.67,Partly Cloudy
2/4/2022,7:30 PM,82,79,12,29.67,Partly Cloudy
2/4/2022,8:00 PM,81,79,13,29.70,Partly Cloudy
2/4/2022,8:30 PM,81,84,12,29.70,Fair
2/4/2022,9:00 PM,81,84,8,29.73,Fair
2/4/2022,9:30 PM,81,84,9,29.73,Fair
2/4/2022,10:00 PM,81,79,9,29.73,Fair
2/4/2022,10:30 PM,81,79,5,29.73,Partly Cloudy
2/4/2022,11:00 PM,81,84,7,29.73,Fair
2/4/2022,11:30 PM,79,83,5,29.76,Fair
2/5/2022,12:00 AM,77,89,3,29.76,Fair
2/5/2022,12:30 AM,75,94,3,29.76,Partly Cloudy
2/5/2022,1:00 AM,77,89,0,29.76,Partly Cloudy
2/5/2022,1:30 AM,75,94,0,29.76,Partly Cloudy
2/5/2022,2:00 AM,75,94,2,29.73,Partly Cloudy
2/5/2022,2:30 AM,75,94,0,29.73,Partly Cloudy
2/5/2022,3:00 AM,75,94,0,29.73,Partly Cloudy
2/5/2022,3:30 AM,75,94,0,29.70,Light Rain
2/5/2022,4:00 AM,73,100,0,29.70,Partly Cloudy
2/5/2022,4:30 AM,75,94,0,29.70,Partly Cloudy
2/5/2022,5:00 AM,73,100,0,29.70,Partly Cloudy
2/5/2022,5:30 AM,73,100,0,29.70,Partly Cloudy
2/5/2022,6:00 AM,73,100,2,29.73,Partly Cloudy
2/5/2022,6:30 AM,73,100,0,29.70,Partly Cloudy
2/5/2022,7:00 AM,75,100,2,29.73,Partly Cloudy
2/5/2022,7:30 AM,77,94,0,29.73,Partly Cloudy
2/5/2022,8:00 AM,81,84,2,29.76,Partly Cloudy
2/5/2022,8:30 AM,82,79,2,29.76,Partly Cloudy
2/5/2022,9:00 AM,84,74,9,29.76,Partly Cloudy
2/5/2022,9:30 AM,84,70,9,29.76,Partly Cloudy
2/5/2022,10:00 AM,84,74,9,29.76,Partly Cloudy
2/5/2022,10:30 AM,84,70,15,29.76,Partly Cloudy
2/5/2022,11:00 AM,88,62,16,29.76,Partly Cloudy
2/5/2022,11:30 AM,90,59,18,29.76,Partly Cloudy
2/5/2022,12:00 PM,90,59,18,29.73,Partly Cloudy
2/5/2022,12:30 PM,91,55,20,29.73,Partly Cloudy
2/5/2022,1:00 PM,91,55,17,29.73,Partly Cloudy
2/5/2022,1:30 PM,90,59,21,29.70,Partly Cloudy / Windy
2/5/2022,2:00 PM,90,59,18,29.70,Mostly Cloudy
2/5/2022,2:30 PM,90,59,21,29.70,Mostly Cloudy / Windy
2/5/2022,3:00 PM,90,59,20,29.70,Mostly Cloudy
2/5/2022,3:30 PM,90,55,18,29.67,Mostly Cloudy
2/5/2022,4:00 PM,88,58,17,29.67,Partly Cloudy
2/5/2022,4:30 PM,88,58,18,29.67,Partly Cloudy
2/5/2022,5:00 PM,86,66,17,29.67,Mostly Cloudy
2/5/2022,5:30 PM,84,70,16,29.70,Mostly Cloudy
2/5/2022,6:00 PM,84,70,16,29.70,Mostly Cloudy
2/5/2022,6:30 PM,82,74,16,29.70,Mostly Cloudy
2/5/2022,7:00 PM,82,74,14,29.73,Mostly Cloudy
2/5/2022,7:30 PM,82,74,10,29.73,Mostly Cloudy
2/5/2022,8:00 PM,81,79,13,29.73,Mostly Cloudy
2/5/2022,8:30 PM,81,79,12,29.76,Mostly Cloudy
2/5/2022,9:00 PM,81,79,14,29.76,Light Rain
2/5/2022,9:30 PM,81,79,8,29.79,Mostly Cloudy
2/5/2022,10:00 PM,81,79,7,29.79,Mostly Cloudy
2/5/2022,10:30 PM,81,79,7,29.79,Mostly Cloudy
2/5/2022,11:00 PM,81,79,5,29.79,Mostly Cloudy
2/5/2022,11:30 PM,81,79,7,29.79,Mostly Cloudy
2/6/2022,12:00 AM,81,79,8,29.79,Mostly Cloudy
2/6/2022,12:30 AM,81,79,5,29.79,Mostly Cloudy
2/6/2022,1:00 AM,81,79,7,29.79,Mostly Cloudy
2/6/2022,1:30 AM,81,79,5,29.76,Mostly Cloudy
2/6/2022,2:00 AM,79,83,3,29.76,Mostly Cloudy
2/6/2022,2:30 AM,79,83,2,29.76,Mostly Cloudy
2/6/2022,3:00 AM,77,89,3,29.73,Mostly Cloudy
2/6/2022,3:30 AM,79,78,5,29.73,Mostly Cloudy
2/6/2022,4:00 AM,77,83,2,29.73,Mostly Cloudy
2/6/2022,4:30 AM,75,94,2,29.73,Partly Cloudy
2/6/2022,5:00 AM,75,94,3,29.73,Partly Cloudy
2/6/2022,5:30 AM,77,89,3,29.73,Partly Cloudy
2/6/2022,6:00 AM,75,94,2,29.76,Partly Cloudy
2/6/2022,6:30 AM,77,89,0,29.76,Partly Cloudy
2/6/2022,7:00 AM,75,94,3,29.76,Partly Cloudy
2/6/2022,7:30 AM,77,89,0,29.76,Fair
2/6/2022,8:00 AM,79,89,5,29.79,Fair
2/6/2022,8:30 AM,82,74,3,29.79,Fair
2/6/2022,9:00 AM,84,70,5,29.79,Partly Cloudy
2/6/2022,9:30 AM,84,70,6,29.79,Partly Cloudy
2/6/2022,10:00 AM,86,62,12,29.79,Partly Cloudy
2/6/2022,10:30 AM,88,62,13,29.79,Fair
2/6/2022,11:00 AM,90,55,14,29.79,Fair
2/6/2022,11:30 AM,90,55,14,29.79,Fair
2/6/2022,12:00 PM,90,55,14,29.76,Fair
2/6/2022,12:30 PM,90,55,15,29.76,Fair
2/6/2022,1:00 PM,90,52,16,29.76,Partly Cloudy
2/6/2022,1:30 PM,91,52,20,29.73,Fair
2/6/2022,2:00 PM,91,49,21,29.73,Partly Cloudy / Windy
2/6/2022,2:30 PM,90,52,18,29.70,Partly Cloudy
2/6/2022,3:00 PM,90,52,17,29.70,Partly Cloudy
2/6/2022,3:30 PM,88,55,20,29.70,Partly Cloudy
2/6/2022,4:00 PM,88,55,17,29.70,Fair
2/6/2022,4:30 PM,88,58,16,29.70,Fair
2/6/2022,5:00 PM,86,62,15,29.70,Fair
2/6/2022,5:30 PM,86,58,17,29.73,Fair
2/6/2022,6:00 PM,84,66,13,29.73,Partly Cloudy
2/6/2022,6:30 PM,82,70,15,29.73,Mostly Cloudy
2/6/2022,7:00 PM,82,70,12,29.73,Partly Cloudy
2/6/2022,7:30 PM,82,70,9,29.76,Fair
2/6/2022,8:00 PM,82,70,5,29.76,Fair
2/6/2022,8:30 PM,81,74,3,29.79,Fair
2/6/2022,9:00 PM,81,74,0,29.79,Fair
2/6/2022,9:30 PM,81,74,3,29.81,Fair
2/6/2022,10:00 PM,79,78,0,29.81,Fair
2/6/2022,10:30 PM,79,78,2,29.81,Fair
2/6/2022,11:00 PM,77,83,2,29.79,Fair
2/6/2022,11:30 PM,77,83,3,29.79,Fair
2/7/2022,12:00 AM,75,89,5,29.79,Fair
2/7/2022,12:30 AM,75,89,3,29.79,Fair
2/7/2022,1:00 AM,77,83,3,29.79,Fair
2/7/2022,1:30 AM,75,89,5,29.79,Fair
2/7/2022,2:00 AM,77,83,5,29.76,Fair
2/7/2022,2:30 AM,75,89,3,29.76,Fair
2/7/2022,3:00 AM,75,94,3,29.73,Fair
2/7/2022,3:30 AM,75,94,3,29.73,Fair
2/7/2022,4:00 AM,75,94,3,29.73,Fair
2/7/2022,4:30 AM,75,94,5,29.73,Partly Cloudy
2/7/2022,5:00 AM,75,94,3,29.73,Partly Cloudy
2/7/2022,5:30 AM,75,94,0,29.73,Partly Cloudy
2/7/2022,6:00 AM,75,94,0,29.73,Partly Cloudy
2/7/2022,6:30 AM,75,94,3,29.76,Partly Cloudy
2/7/2022,7:00 AM,75,100,2,29.76,Mostly Cloudy
2/7/2022,7:30 AM,77,94,0,29.76,Mostly Cloudy
2/7/2022,8:00 AM,79,89,0,29.79,Mostly Cloudy
2/7/2022,8:30 AM,79,89,3,29.79,Mostly Cloudy
2/7/2022,9:00 AM,81,84,6,29.81,Mostly Cloudy
2/7/2022,9:30 AM,82,79,5,29.81,Mostly Cloudy
2/7/2022,10:00 AM,82,79,5,29.81,Partly Cloudy
2/7/2022,10:30 AM,88,66,12,29.81,Partly Cloudy
2/7/2022,11:00 AM,88,66,14,29.79,Partly Cloudy
2/7/2022,11:30 AM,88,62,12,29.79,Partly Cloudy
2/7/2022,12:00 PM,90,59,15,29.76,Partly Cloudy
2/7/2022,12:30 PM,91,55,15,29.76,Partly Cloudy
2/7/2022,1:00 PM,91,55,15,29.76,Partly Cloudy
2/7/2022,1:30 PM,91,55,15,29.73,Partly Cloudy
2/7/2022,2:00 PM,91,52,16,29.73,Partly Cloudy
2/7/2022,2:30 PM,90,55,16,29.70,Partly Cloudy
2/7/2022,3:00 PM,88,62,14,29.70,Mostly Cloudy
2/7/2022,3:30 PM,88,62,13,29.70,Mostly Cloudy
2/7/2022,4:00 PM,88,62,13,29.70,Mostly Cloudy
2/7/2022,4:30 PM,86,66,14,29.70,Mostly Cloudy
2/7/2022,5:00 PM,86,66,14,29.70,Mostly Cloudy
2/7/2022,5:30 PM,86,66,13,29.70,Mostly Cloudy
2/7/2022,6:00 PM,84,70,13,29.70,Mostly Cloudy
2/7/2022,6:30 PM,84,70,10,29.73,Mostly Cloudy
2/7/2022,7:00 PM,82,79,8,29.73,Mostly Cloudy
2/7/2022,7:30 PM,82,79,7,29.76,Mostly Cloudy
2/7/2022,8:00 PM,82,79,5,29.76,Mostly Cloudy
2/7/2022,8:30 PM,82,79,5,29.76,Mostly Cloudy
2/7/2022,9:00 PM,81,84,5,29.79,Partly Cloudy
2/7/2022,9:30 PM,81,84,6,29.79,Partly Cloudy
2/7/2022,10:00 PM,81,84,0,29.79,Mostly Cloudy
2/7/2022,10:30 PM,81,84,3,29.79,Mostly Cloudy
2/7/2022,11:00 PM,81,84,5,29.79,Mostly Cloudy
2/7/2022,11:30 PM,81,84,3,29.79,Mostly Cloudy
2/8/2022,12:00 AM,81,84,2,29.79,Mostly Cloudy
2/8/2022,12:30 AM,81,84,3,29.79,Mostly Cloudy
2/8/2022,1:00 AM,81,84,3,29.76,Mostly Cloudy
2/8/2022,1:30 AM,81,84,3,29.76,Mostly Cloudy
2/8/2022,2:00 AM,79,89,3,29.73,Light Rain
2/8/2022,2:30 AM,77,100,5,29.73,Mostly Cloudy
2/8/2022,3:00 AM,77,100,5,29.73,Mostly Cloudy
2/8/2022,3:30 AM,77,100,5,29.73,Partly Cloudy
2/8/2022,4:00 AM,77,100,3,29.70,Partly Cloudy
2/8/2022,4:30 AM,77,94,5,29.73,Partly Cloudy
2/8/2022,5:00 AM,77,94,3,29.73,Partly Cloudy
2/8/2022,5:30 AM,77,100,3,29.73,Partly Cloudy
2/8/2022,6:00 AM,75,100,0,29.73,Fair
2/8/2022,6:30 AM,75,100,2,29.73,Fair
2/8/2022,7:00 AM,75,100,0,29.76,Fair
2/8/2022,7:30 AM,77,100,2,29.76,Fair
2/8/2022,8:00 AM,79,94,2,29.79,Fair
2/8/2022,8:30 AM,81,89,5,29.79,Fair
2/8/2022,9:00 AM,81,89,6,29.79,Fair
2/8/2022,9:30 AM,84,79,7,29.79,Fair
2/8/2022,10:00 AM,82,79,7,29.79,Showers in the Vicinity
2/8/2022,10:30 AM,82,79,6,29.79,Light Rain
2/8/2022,11:00 AM,86,70,8,29.79,Showers in the Vicinity
2/8/2022,11:30 AM,82,84,10,29.79,Light Rain
2/8/2022,12:00 PM,84,74,8,29.76,Mostly Cloudy
2/8/2022,12:30 PM,86,66,12,29.73,Partly Cloudy
2/8/2022,1:00 PM,90,62,13,29.73,Partly Cloudy
2/8/2022,1:30 PM,90,59,12,29.70,Partly Cloudy
2/8/2022,2:00 PM,90,62,12,29.70,Partly Cloudy
2/8/2022,2:30 PM,91,55,13,29.67,Fair
2/8/2022,3:00 PM,90,59,15,29.67,Partly Cloudy
2/8/2022,3:30 PM,88,62,15,29.67,Partly Cloudy
2/8/2022,4:00 PM,88,62,15,29.67,Mostly Cloudy
2/8/2022,4:30 PM,88,62,15,29.67,Mostly Cloudy
2/8/2022,5:00 PM,86,66,14,29.67,Mostly Cloudy
2/8/2022,5:30 PM,84,70,12,29.67,Mostly Cloudy
2/8/2022,6:00 PM,84,70,12,29.70,Mostly Cloudy
2/8/2022,6:30 PM,82,79,10,29.70,Mostly Cloudy
2/8/2022,7:00 PM,82,79,7,29.73,Mostly Cloudy
2/8/2022,7:30 PM,81,84,3,29.73,Partly Cloudy
2/8/2022,8:00 PM,81,84,2,29.73,Fair
2/8/2022,8:30 PM,81,84,3,29.76,Fair
2/8/2022,9:00 PM,81,84,3,29.76,Partly Cloudy
2/8/2022,9:30 PM,81,84,5,29.76,Partly Cloudy
2/8/2022,10:00 PM,81,84,5,29.76,Fair
2/8/2022,10:30 PM,79,89,3,29.76,Fair
2/8/2022,11:00 PM,79,89,3,29.76,Fair
2/8/2022,11:30 PM,79,89,3,29.76,Fair
2/9/2022,12:00 AM,79,94,0,29.76,Fair
2/9/2022,12:30 AM,79,94,0,29.76,Fair
2/9/2022,1:00 AM,79,94,0,29.76,Fair
2/9/2022,1:30 AM,77,100,0,29.73,Fair
2/9/2022,2:00 AM,77,94,2,29.73,Fair
2/9/2022,2:30 AM,77,94,2,29.73,Fair
2/9/2022,3:00 AM,77,94,5,29.70,Fair
2/9/2022,3:30 AM,77,94,5,29.70,Fair
2/9/2022,4:00 AM,77,94,2,29.70,Fair
2/9/2022,4:30 AM,77,94,2,29.70,Fair
2/9/2022,5:00 AM,77,100,5,29.70,Partly Cloudy
2/9/2022,5:30 AM,77,94,5,29.73,Partly Cloudy
2/9/2022,6:00 AM,79,89,0,29.73,Partly Cloudy
2/9/2022,6:30 AM,77,94,5,29.73,Partly Cloudy
2/9/2022,7:00 AM,77,94,5,29.73,Fair
2/9/2022,7:30 AM,79,89,3,29.76,Fair
2/9/2022,8:00 AM,79,89,3,29.76,Fair
2/9/2022,8:30 AM,82,79,3,29.79,Fair
2/9/2022,9:00 AM,82,79,3,29.79,Fair
2/9/2022,9:30 AM,82,79,3,29.79,Fair
2/9/2022,10:00 AM,84,74,3,29.79,Partly Cloudy
2/9/2022,10:30 AM,88,62,9,29.79,Partly Cloudy
2/9/2022,11:00 AM,88,62,13,29.76,Mostly Cloudy
2/9/2022,11:30 AM,88,62,13,29.76,Mostly Cloudy
2/9/2022,12:00 PM,90,59,12,29.76,Mostly Cloudy
2/9/2022,12:30 PM,90,59,14,29.73,Mostly Cloudy
2/9/2022,1:00 PM,91,55,12,29.73,Mostly Cloudy
2/9/2022,1:30 PM,91,59,13,29.70,Mostly Cloudy
2/9/2022,2:00 PM,90,59,15,29.70,Mostly Cloudy
2/9/2022,2:30 PM,90,62,16,29.67,Mostly Cloudy
2/9/2022,3:00 PM,90,62,14,29.67,Partly Cloudy
2/9/2022,3:30 PM,90,62,13,29.67,Partly Cloudy
2/9/2022,4:00 PM,90,62,14,29.67,Partly Cloudy
2/9/2022,4:30 PM,88,62,12,29.67,Partly Cloudy
2/9/2022,5:00 PM,88,66,15,29.67,Partly Cloudy
2/9/2022,5:30 PM,86,66,15,29.67,Fair
2/9/2022,6:00 PM,84,70,9,29.70,Fair
2/9/2022,6:30 PM,82,79,14,29.70,Fair
2/9/2022,7:00 PM,82,79,12,29.70,Fair
2/9/2022,7:30 PM,82,79,9,29.73,Fair
2/9/2022,8:00 PM,82,79,6,29.73,Fair
2/9/2022,8:30 PM,81,84,7,29.76,Fair
2/9/2022,9:00 PM,81,84,6,29.76,Fair
2/9/2022,9:30 PM,81,79,5,29.79,Partly Cloudy
2/9/2022,10:00 PM,81,84,3,29.79,Fair
2/9/2022,10:30 PM,79,89,3,29.79,Fair
2/9/2022,11:00 PM,81,84,3,29.79,Fair
2/9/2022,11:30 PM,81,84,6,29.79,Fair
2/10/2022,12:00 AM,81,84,5,29.79,Fair
2/10/2022,12:30 AM,79,83,3,29.76,Fair
2/10/2022,1:00 AM,77,94,0,29.76,Fair
2/10/2022,1:30 AM,77,94,0,29.76,Fair
2/10/2022,2:00 AM,77,94,0,29.73,Fair
2/10/2022,2:30 AM,77,89,0,29.73,Fair
2/10/2022,3:00 AM,77,89,5,29.70,Fair
2/10/2022,3:30 AM,79,83,5,29.70,Fair
2/10/2022,4:00 AM,75,94,0,29.70,Fair
2/10/2022,4:30 AM,75,94,0,29.70,Fair
2/10/2022,5:00 AM,75,94,0,29.70,Fair
2/10/2022,5:30 AM,73,100,0,29.70,Fair
2/10/2022,6:00 AM,75,94,3,29.73,Fair
2/10/2022,6:30 AM,75,94,0,29.73,Fair
2/10/2022,7:00 AM,75,94,2,29.73,Fair
2/10/2022,7:30 AM,77,89,3,29.76,Fair
2/10/2022,8:00 AM,81,84,0,29.76,Partly Cloudy
2/10/2022,8:30 AM,79,83,2,29.79,Partly Cloudy
2/10/2022,9:00 AM,81,79,2,29.79,Mostly Cloudy
2/10/2022,9:30 AM,84,74,5,29.79,Partly Cloudy
2/10/2022,10:00 AM,82,74,6,29.79,Mostly Cloudy
2/10/2022,10:30 AM,84,74,7,29.79,Mostly Cloudy
2/10/2022,11:00 AM,86,66,8,29.79,Mostly Cloudy
2/10/2022,11:30 AM,88,62,9,29.76,Mostly Cloudy
2/10/2022,12:00 PM,88,62,9,29.76,Mostly Cloudy
2/10/2022,12:30 PM,88,62,12,29.73,Mostly Cloudy
2/10/2022,1:00 PM,88,58,9,29.73,Mostly Cloudy
2/10/2022,1:30 PM,90,55,13,29.70,Mostly Cloudy
2/10/2022,2:00 PM,90,55,10,29.70,Mostly Cloudy
2/10/2022,2:30 PM,88,58,12,29.70,Mostly Cloudy
2/10/2022,3:00 PM,88,62,10,29.67,Mostly Cloudy
2/10/2022,3:30 PM,86,62,9,29.67,Mostly Cloudy
2/10/2022,4:00 PM,86,66,8,29.67,Mostly Cloudy
2/10/2022,4:30 PM,86,66,9,29.67,Mostly Cloudy
2/10/2022,5:00 PM,86,66,10,29.67,Mostly Cloudy
2/10/2022,5:30 PM,84,70,9,29.67,Mostly Cloudy
2/10/2022,6:00 PM,82,74,8,29.70,Partly Cloudy
2/10/2022,6:30 PM,82,74,8,29.70,Fair
2/10/2022,7:00 PM,81,79,7,29.70,Fair
2/10/2022,7:30 PM,81,79,5,29.70,Fair
2/10/2022,8:00 PM,81,79,5,29.70,Fair
2/10/2022,8:30 PM,81,79,3,29.73,Fair
2/10/2022,9:00 PM,79,89,2,29.73,Fair
2/10/2022,9:30 PM,79,89,0,29.73,Fair
2/10/2022,10:00 PM,79,83,0,29.73,Fair
2/10/2022,10:30 PM,79,89,0,29.73,Fair
2/10/2022,11:00 PM,79,83,0,29.73,Fair
2/10/2022,11:30 PM,77,94,0,29.73,Fair
2/11/2022,12:00 AM,79,83,0,29.73,Partly Cloudy
2/11/2022,12:30 AM,79,83,0,29.73,Partly Cloudy
2/11/2022,1:00 AM,79,83,0,29.70,Partly Cloudy
2/11/2022,1:30 AM,77,94,0,29.70,Partly Cloudy
2/11/2022,2:00 AM,77,94,0,29.70,Fair
2/11/2022,2:30 AM,77,94,0,29.67,Fair
2/11/2022,3:00 AM,77,94,3,29.67,Fair
2/11/2022,3:30 AM,77,94,2,29.67,Fair
2/11/2022,4:00 AM,77,94,0,29.67,Partly Cloudy
2/11/2022,4:30 AM,77,94,0,29.67,Partly Cloudy
2/11/2022,5:00 AM,77,94,0,29.67,Partly Cloudy
2/11/2022,5:30 AM,75,100,0,29.67,Partly Cloudy
2/11/2022,6:00 AM,77,94,2,29.67,Partly Cloudy
2/11/2022,6:30 AM,77,94,0,29.70,Partly Cloudy
2/11/2022,7:00 AM,75,100,0,29.70,Partly Cloudy
2/11/2022,7:30 AM,77,94,2,29.73,Partly Cloudy
2/11/2022,8:00 AM,77,94,0,29.73,Mostly Cloudy
2/11/2022,8:30 AM,79,89,0,29.73,Mostly Cloudy
2/11/2022,9:00 AM,81,84,2,29.76,Mostly Cloudy
2/11/2022,9:30 AM,82,79,5,29.76,Mostly Cloudy
2/11/2022,10:00 AM,82,79,5,29.76,Mostly Cloudy
2/11/2022,10:30 AM,84,70,5,29.76,Mostly Cloudy
2/11/2022,11:00 AM,86,66,9,29.76,Mostly Cloudy
2/11/2022,11:30 AM,86,66,9,29.76,Mostly Cloudy
2/11/2022,12:00 PM,88,62,10,29.73,Mostly Cloudy
2/11/2022,12:30 PM,88,62,13,29.73,Mostly Cloudy
2/11/2022,1:00 PM,90,59,13,29.70,Mostly Cloudy
2/11/2022,1:30 PM,88,62,12,29.70,Mostly Cloudy
2/11/2022,2:00 PM,90,55,14,29.70,Mostly Cloudy
2/11/2022,2:30 PM,88,62,15,29.67,Mostly Cloudy
2/11/2022,3:00 PM,88,62,16,29.67,Showers in the Vicinity
2/11/2022,3:30 PM,82,79,6,29.67,Showers in the Vicinity
2/11/2022,4:00 PM,84,74,5,29.67,Mostly Cloudy
2/11/2022,4:30 PM,86,66,10,29.67,Mostly Cloudy
2/11/2022,5:00 PM,86,62,12,29.64,Mostly Cloudy
2/11/2022,5:30 PM,84,70,12,29.67,Mostly Cloudy
2/11/2022,6:00 PM,82,74,12,29.67,Mostly Cloudy
2/11/2022,6:30 PM,82,74,8,29.67,Partly Cloudy
2/11/2022,7:00 PM,82,74,9,29.67,Partly Cloudy
2/11/2022,7:30 PM,81,79,5,29.70,Partly Cloudy
2/11/2022,8:00 PM,81,79,5,29.70,Partly Cloudy
2/11/2022,8:30 PM,81,79,3,29.73,Fair
2/11/2022,9:00 PM,81,79,3,29.73,Fair
2/11/2022,9:30 PM,81,79,2,29.73,Fair
2/11/2022,10:00 PM,79,83,3,29.73,Fair
2/11/2022,10:30 PM,81,79,3,29.73,Fair
2/11/2022,11:00 PM,79,83,0,29.73,Fair
2/11/2022,11:30 PM,77,89,0,29.73,Fair
2/12/2022,12:00 AM,77,94,2,29.73,Fair
2/12/2022,12:30 AM,77,94,0,29.73,Fair
2/12/2022,1:00 AM,77,94,3,29.70,Fair
2/12/2022,1:30 AM,75,94,2,29.70,Fair
2/12/2022,2:00 AM,75,94,0,29.70,Fair
2/12/2022,2:30 AM,75,100,0,29.67,Fair
2/12/2022,3:00 AM,75,100,0,29.67,Fair
2/12/2022,3:30 AM,73,100,0,29.67,Partly Cloudy
2/12/2022,4:00 AM,75,100,0,29.67,Mostly Cloudy
2/12/2022,4:30 AM,75,94,0,29.67,Mostly Cloudy
2/12/2022,5:00 AM,75,94,2,29.67,Mostly Cloudy
2/12/2022,5:30 AM,75,94,0,29.67,Mostly Cloudy
2/12/2022,6:00 AM,75,94,2,29.67,Mostly Cloudy
2/12/2022,6:30 AM,75,100,0,29.67,Partly Cloudy
2/12/2022,7:00 AM,73,100,2,29.70,Partly Cloudy
2/12/2022,7:30 AM,75,100,2,29.70,Fair
2/12/2022,8:00 AM,75,100,0,29.73,Fair
2/12/2022,8:30 AM,79,89,2,29.73,Fair
2/12/2022,9:00 AM,82,79,3,29.76,Fair
2/12/2022,9:30 AM,84,74,5,29.76,Fair
2/12/2022,10:00 AM,84,70,6,29.76,Fair
2/12/2022,10:30 AM,86,66,6,29.76,Partly Cloudy
2/12/2022,11:00 AM,88,58,7,29.73,Partly Cloudy
2/12/2022,11:30 AM,88,62,8,29.73,Partly Cloudy
2/12/2022,12:00 PM,90,55,10,29.70,Fair
2/12/2022,12:30 PM,90,59,9,29.70,Partly Cloudy
2/12/2022,1:00 PM,90,59,14,29.67,Partly Cloudy
2/12/2022,1:30 PM,91,55,13,29.67,Partly Cloudy
2/12/2022,2:00 PM,90,55,13,29.64,Fair
2/12/2022,2:30 PM,90,55,14,29.64,Partly Cloudy
2/12/2022,3:00 PM,90,55,13,29.61,Partly Cloudy
2/12/2022,3:30 PM,90,55,12,29.61,Partly Cloudy
2/12/2022,4:00 PM,90,55,13,29.61,Partly Cloudy
2/12/2022,4:30 PM,88,62,14,29.61,Fair
2/12/2022,5:00 PM,88,62,15,29.61,Fair
2/12/2022,5:30 PM,86,62,10,29.61,Partly Cloudy
2/12/2022,6:00 PM,84,66,10,29.61,Partly Cloudy
2/12/2022,6:30 PM,82,70,9,29.61,Fair
2/12/2022,7:00 PM,82,74,8,29.61,Fair
2/12/2022,7:30 PM,82,74,9,29.64,Fair
2/12/2022,8:00 PM,81,79,10,29.67,Fair
2/12/2022,8:30 PM,81,79,8,29.67,Fair
2/12/2022,9:00 PM,81,79,3,29.67,Fair
2/12/2022,9:30 PM,81,79,3,29.70,Partly Cloudy
2/12/2022,10:00 PM,81,79,5,29.70,Partly Cloudy
2/12/2022,10:30 PM,81,79,0,29.70,Partly Cloudy
2/12/2022,11:00 PM,79,89,3,29.70,Light Rain
2/12/2022,11:30 PM,79,89,5,29.70,Light Rain
2/13/2022,12:00 AM,77,100,2,29.70,Mostly Cloudy
2/13/2022,12:30 AM,77,100,2,29.70,Mostly Cloudy
2/13/2022,1:00 AM,77,100,0,29.67,Mostly Cloudy
2/13/2022,1:30 AM,77,100,2,29.67,Mostly Cloudy
2/13/2022,2:00 AM,77,100,3,29.64,Mostly Cloudy
2/13/2022,2:30 AM,77,100,5,29.64,Mostly Cloudy
2/13/2022,3:00 AM,77,94,5,29.61,Mostly Cloudy
2/13/2022,3:30 AM,77,94,5,29.61,Mostly Cloudy
2/13/2022,4:00 AM,77,94,3,29.61,Partly Cloudy
2/13/2022,4:30 AM,77,94,3,29.61,Partly Cloudy
2/13/2022,5:00 AM,75,100,3,29.61,Partly Cloudy
2/13/2022,5:30 AM,75,100,3,29.61,Mostly Cloudy
2/13/2022,6:00 AM,77,94,0,29.61,Mostly Cloudy
2/13/2022,6:30 AM,75,100,0,29.61,Partly Cloudy
2/13/2022,7:00 AM,77,100,2,29.64,Fair
2/13/2022,7:30 AM,77,94,3,29.64,Fair
2/13/2022,8:00 AM,79,89,3,29.64,Fair
2/13/2022,8:30 AM,82,79,3,29.67,Fair
2/13/2022,9:00 AM,82,79,7,29.67,Partly Cloudy
2/13/2022,9:30 AM,84,74,8,29.67,Partly Cloudy
2/13/2022,10:00 AM,86,70,12,29.67,Partly Cloudy
2/13/2022,10:30 AM,86,70,13,29.67,Partly Cloudy
2/13/2022,11:00 AM,90,62,15,29.67,Partly Cloudy
2/13/2022,11:30 AM,90,59,15,29.67,Partly Cloudy
2/13/2022,12:00 PM,90,59,13,29.64,Showers in the Vicinity
2/13/2022,12:30 PM,90,59,14,29.64,Partly Cloudy
2/13/2022,1:00 PM,90,62,12,29.61,Partly Cloudy
2/13/2022,1:30 PM,91,59,16,29.61,Showers in the Vicinity
2/13/2022,2:00 PM,88,66,16,29.58,Partly Cloudy
2/13/2022,2:30 PM,86,70,15,29.58,Mostly Cloudy
2/13/2022,3:00 PM,88,66,14,29.55,Partly Cloudy
2/13/2022,3:30 PM,90,62,15,29.55,Partly Cloudy
2/13/2022,4:00 PM,90,62,15,29.55,Fair
2/13/2022,4:30 PM,88,62,16,29.55,Fair
2/13/2022,5:00 PM,88,62,14,29.55,Fair
2/13/2022,5:30 PM,88,58,13,29.55,Fair
2/13/2022,6:00 PM,86,62,14,29.55,Fair
2/13/2022,6:30 PM,84,66,12,29.58,Fair
2/13/2022,7:00 PM,82,74,7,29.58,Fair
2/13/2022,7:30 PM,82,74,8,29.58,Fair
2/13/2022,8:00 PM,81,79,8,29.61,Fair
2/13/2022,8:30 PM,81,84,6,29.64,Fair
2/13/2022,9:00 PM,81,84,2,29.64,Fair
2/13/2022,9:30 PM,81,84,6,29.64,Fair
2/13/2022,10:00 PM,81,79,5,29.67,Fair
2/13/2022,10:30 PM,79,83,3,29.67,Partly Cloudy
2/13/2022,11:00 PM,81,84,0,29.67,Partly Cloudy
2/13/2022,11:30 PM,81,79,3,29.67,Partly Cloudy
2/14/2022,12:00 AM,79,83,3,29.67,Fair
2/14/2022,12:30 AM,79,83,2,29.67,Fair
2/14/2022,1:00 AM,79,83,2,29.67,Fair
2/14/2022,1:30 AM,77,94,2,29.67,Fair
2/14/2022,2:00 AM,77,94,2,29.64,Fair
2/14/2022,2:30 AM,77,94,2,29.64,Fair
2/14/2022,3:00 AM,77,89,2,29.64,Partly Cloudy
2/14/2022,3:30 AM,77,89,0,29.61,Partly Cloudy
2/14/2022,4:00 AM,75,94,2,29.61,Partly Cloudy
2/14/2022,4:30 AM,75,100,2,29.61,Partly Cloudy
2/14/2022,5:00 AM,77,89,2,29.61,Partly Cloudy
2/14/2022,5:30 AM,77,94,3,29.61,Mostly Cloudy
2/14/2022,6:00 AM,75,94,3,29.61,Mostly Cloudy
2/14/2022,6:30 AM,75,100,0,29.64,Fair
2/14/2022,7:00 AM,75,100,0,29.64,Fair
2/14/2022,7:30 AM,77,94,3,29.64,Fair
2/14/2022,8:00 AM,81,79,3,29.67,Fair
2/14/2022,8:30 AM,82,74,2,29.67,Fair
2/14/2022,9:00 AM,84,70,6,29.70,Partly Cloudy
2/14/2022,9:30 AM,86,66,6,29.70,Partly Cloudy
2/14/2022,10:00 AM,86,66,10,29.70,Partly Cloudy
2/14/2022,10:30 AM,88,62,10,29.70,Partly Cloudy
2/14/2022,11:00 AM,88,62,10,29.70,Partly Cloudy
2/14/2022,11:30 AM,88,62,8,29.67,Partly Cloudy
2/14/2022,12:00 PM,88,62,9,29.67,Partly Cloudy
2/14/2022,12:30 PM,90,62,8,29.64,Showers in the Vicinity
2/14/2022,1:00 PM,88,66,8,29.64,Showers in the Vicinity
2/14/2022,1:30 PM,88,66,15,29.61,Mostly Cloudy
2/14/2022,2:00 PM,88,66,17,29.61,Showers in the Vicinity
2/14/2022,2:30 PM,86,74,14,29.58,Showers in the Vicinity
2/14/2022,3:00 PM,90,62,18,29.58,Showers in the Vicinity
2/14/2022,3:30 PM,86,70,15,29.58,Light Rain
2/14/2022,4:00 PM,84,74,12,29.58,Showers in the Vicinity
2/14/2022,4:30 PM,81,89,13,29.58,Showers in the Vicinity
2/14/2022,5:00 PM,81,84,12,29.58,Mostly Cloudy
2/14/2022,5:30 PM,81,84,12,29.58,Mostly Cloudy
2/14/2022,6:00 PM,81,84,9,29.61,Mostly Cloudy
2/14/2022,6:30 PM,79,89,5,29.61,Mostly Cloudy
2/14/2022,7:00 PM,79,94,3,29.61,Light Rain
2/14/2022,7:30 PM,77,94,10,29.64,Light Rain
2/14/2022,8:00 PM,77,94,3,29.64,Mostly Cloudy
2/14/2022,8:30 PM,77,94,5,29.67,Mostly Cloudy
2/14/2022,9:00 PM,79,83,9,29.67,Mostly Cloudy
2/14/2022,9:30 PM,79,83,3,29.70,Mostly Cloudy
2/14/2022,10:00 PM,77,94,0,29.70,Light Rain
2/14/2022,10:30 PM,77,100,0,29.70,Mostly Cloudy
2/14/2022,11:00 PM,77,100,5,29.70,Mostly Cloudy
2/14/2022,11:30 PM,77,100,3,29.70,Light Rain
2/15/2022,12:00 AM,77,100,3,29.70,Light Rain
2/15/2022,12:30 AM,77,100,5,29.70,Mostly Cloudy
2/15/2022,1:00 AM,77,100,5,29.67,Mostly Cloudy
2/15/2022,1:30 AM,77,100,5,29.67,Mostly Cloudy
2/15/2022,2:00 AM,77,100,0,29.67,Mostly Cloudy
2/15/2022,2:30 AM,77,100,0,29.64,Mostly Cloudy
2/15/2022,3:00 AM,77,100,2,29.64,Mostly Cloudy
2/15/2022,3:30 AM,77,100,2,29.64,Mostly Cloudy
2/15/2022,4:00 AM,77,94,0,29.61,Mostly Cloudy
2/15/2022,4:30 AM,77,94,0,29.61,Mostly Cloudy
2/15/2022,5:00 AM,77,100,2,29.64,Mostly Cloudy
2/15/2022,5:30 AM,77,100,3,29.64,Light Rain
2/15/2022,6:00 AM,77,100,3,29.64,Mostly Cloudy
2/15/2022,6:30 AM,77,100,2,29.64,Mostly Cloudy
2/15/2022,7:00 AM,77,100,6,29.67,Mostly Cloudy
2/15/2022,7:30 AM,77,100,2,29.67,Mostly Cloudy
2/15/2022,8:00 AM,79,89,3,29.70,Mostly Cloudy
2/15/2022,8:30 AM,79,89,3,29.70,Mostly Cloudy
2/15/2022,9:00 AM,81,84,5,29.70,Light Rain
2/15/2022,9:30 AM,82,79,3,29.73,Mostly Cloudy
2/15/2022,10:00 AM,82,79,3,29.73,Mostly Cloudy
2/15/2022,10:30 AM,82,79,5,29.70,Mostly Cloudy
2/15/2022,11:00 AM,84,74,3,29.70,Mostly Cloudy
2/15/2022,11:30 AM,88,66,6,29.70,Mostly Cloudy
2/15/2022,12:00 PM,86,70,10,29.67,Mostly Cloudy
2/15/2022,12:30 PM,88,66,6,29.67,Mostly Cloudy
2/15/2022,1:00 PM,88,66,7,29.64,Mostly Cloudy
2/15/2022,1:30 PM,88,62,7,29.64,Mostly Cloudy
2/15/2022,2:00 PM,88,62,8,29.61,Mostly Cloudy
2/15/2022,2:30 PM,88,62,8,29.58,Mostly Cloudy
2/15/2022,3:00 PM,88,62,6,29.58,Mostly Cloudy
2/15/2022,3:30 PM,88,66,8,29.55,Mostly Cloudy
2/15/2022,4:00 PM,86,66,8,29.55,Mostly Cloudy
2/15/2022,4:30 PM,86,70,9,29.55,Mostly Cloudy
2/15/2022,5:00 PM,86,70,8,29.55,Mostly Cloudy
2/15/2022,5:30 PM,86,70,10,29.58,Partly Cloudy
2/15/2022,6:00 PM,84,74,12,29.58,Partly Cloudy
2/15/2022,6:30 PM,82,79,8,29.58,Partly Cloudy
2/15/2022,7:00 PM,82,79,7,29.61,Fair
2/15/2022,7:30 PM,81,84,7,29.61,Partly Cloudy
2/15/2022,8:00 PM,81,84,8,29.64,Mostly Cloudy
2/15/2022,8:30 PM,81,84,3,29.64,Mostly Cloudy
2/15/2022,9:00 PM,81,84,0,29.67,Mostly Cloudy
2/15/2022,9:30 PM,81,89,0,29.67,Mostly Cloudy
2/15/2022,10:00 PM,81,84,2,29.70,Mostly Cloudy
2/15/2022,10:30 PM,81,84,3,29.70,Mostly Cloudy
2/15/2022,11:00 PM,77,89,6,29.70,Light Rain
2/15/2022,11:30 PM,77,94,3,29.70,Light Rain
2/16/2022,12:00 AM,77,94,2,29.67,Mostly Cloudy
2/16/2022,12:30 AM,77,94,5,29.67,Mostly Cloudy
2/16/2022,1:00 AM,75,100,3,29.67,Mostly Cloudy
2/16/2022,1:30 AM,75,100,3,29.67,Partly Cloudy
2/16/2022,2:00 AM,75,100,2,29.64,Partly Cloudy
2/16/2022,2:30 AM,75,100,2,29.64,Partly Cloudy
2/16/2022,3:00 AM,75,100,3,29.61,Mostly Cloudy
2/16/2022,3:30 AM,75,100,3,29.61,Mostly Cloudy
2/16/2022,4:00 AM,75,100,2,29.61,Mostly Cloudy
2/16/2022,4:30 AM,75,100,3,29.58,Mostly Cloudy
2/16/2022,5:00 AM,75,100,0,29.61,Mostly Cloudy
2/16/2022,5:30 AM,75,100,0,29.61,Mostly Cloudy
2/16/2022,6:00 AM,73,100,0,29.61,Mostly Cloudy
2/16/2022,6:30 AM,73,100,2,29.64,Mostly Cloudy
2/16/2022,7:00 AM,73,100,0,29.64,Mostly Cloudy
2/16/2022,7:30 AM,75,100,3,29.64,Mostly Cloudy
2/16/2022,8:00 AM,75,100,3,29.64,Mostly Cloudy
2/16/2022,8:30 AM,79,100,2,29.67,Mostly Cloudy
2/16/2022,9:00 AM,82,89,2,29.67,Mostly Cloudy
2/16/2022,9:30 AM,82,84,2,29.67,Mostly Cloudy
2/16/2022,10:00 AM,84,79,3,29.67,Partly Cloudy
2/16/2022,10:30 AM,84,79,6,29.67,Partly Cloudy
2/16/2022,11:00 AM,90,62,3,29.67,Partly Cloudy
2/16/2022,11:30 AM,88,66,6,29.67,Partly Cloudy
2/16/2022,12:00 PM,90,62,6,29.64,Partly Cloudy
2/16/2022,12:30 PM,91,59,7,29.64,Partly Cloudy
2/16/2022,1:00 PM,91,55,6,29.61,Partly Cloudy
2/16/2022,1:30 PM,91,59,7,29.58,Partly Cloudy
2/16/2022,2:00 PM,90,62,9,29.58,Partly Cloudy
2/16/2022,2:30 PM,90,66,9,29.55,Partly Cloudy
2/16/2022,3:00 PM,91,63,10,29.55,Showers in the Vicinity
2/16/2022,3:30 PM,90,66,14,29.52,Showers in the Vicinity
2/16/2022,4:00 PM,84,84,10,29.52,Light Rain
2/16/2022,4:30 PM,82,84,6,29.52,Light Rain
2/16/2022,5:00 PM,81,94,5,29.52,Light Rain
2/16/2022,5:30 PM,81,94,5,29.55,Light Rain
2/16/2022,6:00 PM,81,94,5,29.55,Light Rain
2/16/2022,6:30 PM,81,94,8,29.55,Light Rain with Thunder
2/16/2022,7:00 PM,81,89,3,29.55,Light Rain with Thunder
2/16/2022,7:30 PM,79,94,10,29.58,Light Rain with Thunder
2/16/2022,8:00 PM,79,94,7,29.58,Light Rain with Thunder
2/16/2022,8:30 PM,75,94,2,29.61,Light Rain with Thunder
2/16/2022,9:00 PM,75,94,3,29.61,Light Rain with Thunder
2/16/2022,9:30 PM,75,94,5,29.64,Light Rain
2/16/2022,10:00 PM,75,94,3,29.67,Light Rain
2/16/2022,10:30 PM,75,94,2,29.70,Mostly Cloudy
2/16/2022,11:00 PM,73,100,3,29.67,Mostly Cloudy
2/16/2022,11:30 PM,73,94,3,29.67,Mostly Cloudy
2/17/2022,12:00 AM,73,100,0,29.64,Mostly Cloudy
2/17/2022,12:30 AM,73,100,0,29.67,Mostly Cloudy
2/17/2022,1:00 AM,73,100,2,29.64,Mostly Cloudy
2/17/2022,1:30 AM,73,100,3,29.64,Mostly Cloudy
2/17/2022,2:00 AM,73,100,5,29.64,Mostly Cloudy
2/17/2022,2:30 AM,73,100,3,29.61,Mostly Cloudy
2/17/2022,3:00 AM,73,100,3,29.61,Mostly Cloudy
2/17/2022,3:30 AM,73,100,3,29.61,Mostly Cloudy
2/17/2022,4:00 AM,72,94,13,29.64,Light Rain
2/17/2022,4:30 AM,72,94,3,29.61,Light Rain with Thunder
2/17/2022,5:00 AM,72,100,3,29.61,Light Rain
2/17/2022,5:30 AM,72,100,6,29.61,Light Rain
2/17/2022,6:00 AM,72,100,2,29.61,Light Rain
2/17/2022,6:30 AM,72,100,5,29.61,Mostly Cloudy
2/17/2022,7:00 AM,72,100,0,29.61,Mostly Cloudy
2/17/2022,7:30 AM,73,94,0,29.64,Mostly Cloudy
2/17/2022,8:00 AM,73,100,0,29.67,Mostly Cloudy
2/17/2022,8:30 AM,73,100,2,29.67,Mostly Cloudy
2/17/2022,9:00 AM,73,100,2,29.70,Light Rain
2/17/2022,9:30 AM,73,100,0,29.70,Light Rain
2/17/2022,10:00 AM,75,94,0,29.73,Light Rain
2/17/2022,10:30 AM,75,94,0,29.73,Light Rain
2/17/2022,11:00 AM,75,100,2,29.73,Light Rain
2/17/2022,11:30 AM,77,94,0,29.70,Mostly Cloudy
2/17/2022,12:00 PM,79,89,3,29.70,Mostly Cloudy
2/17/2022,12:30 PM,81,84,3,29.70,Mostly Cloudy
2/17/2022,1:00 PM,82,79,2,29.67,Mostly Cloudy
2/17/2022,1:30 PM,86,70,2,29.67,Mostly Cloudy
2/17/2022,2:00 PM,86,70,5,29.64,Mostly Cloudy
2/17/2022,2:30 PM,86,70,5,29.61,Partly Cloudy
2/17/2022,3:00 PM,88,66,2,29.61,Partly Cloudy
2/17/2022,3:30 PM,90,62,3,29.58,Fair
2/17/2022,4:00 PM,90,62,5,29.58,Fair
2/17/2022,4:30 PM,90,62,2,29.55,Fair
2/17/2022,5:00 PM,90,62,2,29.55,Fair
2/17/2022,5:30 PM,88,70,7,29.55,Fair
2/17/2022,6:00 PM,86,74,5,29.55,Fair
2/17/2022,6:30 PM,84,79,9,29.55,Fair
2/17/2022,7:00 PM,82,84,8,29.58,Fair
2/17/2022,7:30 PM,81,89,8,29.58,Fair
2/17/2022,8:00 PM,81,89,7,29.58,Fair
2/17/2022,8:30 PM,81,89,6,29.58,Fair
2/17/2022,9:00 PM,79,94,5,29.61,Fair
2/17/2022,9:30 PM,79,94,3,29.64,Fair
2/17/2022,10:00 PM,79,94,3,29.64,Partly Cloudy
2/17/2022,10:30 PM,79,94,5,29.64,Partly Cloudy
2/17/2022,11:00 PM,81,89,3,29.64,Partly Cloudy
2/17/2022,11:30 PM,81,89,6,29.67,Partly Cloudy
2/18/2022,12:00 AM,81,89,6,29.67,Partly Cloudy
2/18/2022,12:30 AM,81,89,3,29.67,Partly Cloudy
2/18/2022,1:00 AM,81,89,2,29.67,Partly Cloudy
2/18/2022,1:30 AM,79,94,3,29.64,Partly Cloudy
2/18/2022,2:00 AM,79,94,3,29.64,Partly Cloudy
2/18/2022,2:30 AM,77,94,0,29.64,Fair
2/18/2022,3:00 AM,77,94,2,29.64,Fair
2/18/2022,3:30 AM,75,100,3,29.64,Fair
2/18/2022,4:00 AM,75,100,3,29.64,Fair
2/18/2022,4:30 AM,75,94,3,29.61,Fair
2/18/2022,5:00 AM,75,94,2,29.64,Fair
2/18/2022,5:30 AM,75,94,2,29.64,Fair
2/18/2022,6:00 AM,73,100,2,29.64,Fair
2/18/2022,6:30 AM,73,100,0,29.64,Fair
2/18/2022,7:00 AM,73,100,2,29.64,Fair
2/18/2022,7:30 AM,77,94,3,29.67,Fair
2/18/2022,8:00 AM,79,94,3,29.67,Fair
2/18/2022,8:30 AM,82,94,2,29.67,Fair
2/18/2022,9:00 AM,86,74,2,29.70,Fair
2/18/2022,9:30 AM,86,74,7,29.70,Fair
2/18/2022,10:00 AM,90,66,6,29.70,Partly Cloudy
2/18/2022,10:30 AM,90,66,8,29.70,Partly Cloudy
2/18/2022,11:00 AM,91,59,7,29.70,Partly Cloudy
2/18/2022,11:30 AM,90,62,3,29.70,Partly Cloudy
2/18/2022,12:00 PM,91,59,2,29.67,Partly Cloudy
2/18/2022,12:30 PM,93,56,3,29.67,Fair
2/18/2022,1:00 PM,95,53,3,29.67,Fair
2/18/2022,1:30 PM,97,47,8,29.64,Fair
2/18/2022,2:00 PM,95,49,5,29.64,Partly Cloudy
2/18/2022,2:30 PM,91,63,7,29.61,Partly Cloudy
2/18/2022,3:00 PM,91,63,9,29.61,Showers in the Vicinity
2/18/2022,3:30 PM,88,70,16,29.61,Thunder
2/18/2022,4:00 PM,82,84,7,29.61,Thunder
2/18/2022,4:30 PM,84,79,5,29.61,Partly Cloudy
2/18/2022,5:00 PM,86,79,7,29.61,Fair
2/18/2022,5:30 PM,84,79,6,29.61,Fair
2/18/2022,6:00 PM,84,79,7,29.64,Fair
2/18/2022,6:30 PM,84,79,7,29.64,Fair
2/18/2022,7:00 PM,82,84,6,29.67,Fair
2/18/2022,7:30 PM,82,84,3,29.67,Partly Cloudy
2/18/2022,8:00 PM,82,84,5,29.70,Mostly Cloudy
2/18/2022,8:30 PM,81,89,3,29.73,Mostly Cloudy
2/18/2022,9:00 PM,81,89,3,29.73,Mostly Cloudy
2/18/2022,9:30 PM,81,89,5,29.73,Mostly Cloudy
2/18/2022,10:00 PM,81,89,2,29.76,Mostly Cloudy
2/18/2022,10:30 PM,79,94,5,29.76,Mostly Cloudy
2/18/2022,11:00 PM,79,94,2,29.76,Mostly Cloudy
2/18/2022,11:30 PM,79,94,2,29.73,Mostly Cloudy
2/19/2022,12:00 AM,79,94,0,29.76,Mostly Cloudy
2/19/2022,12:30 AM,79,94,2,29.76,Light Rain
2/19/2022,1:00 AM,79,94,3,29.76,Light Rain
2/19/2022,1:30 AM,79,94,5,29.73,Mostly Cloudy
2/19/2022,2:00 AM,79,94,5,29.73,Mostly Cloudy
2/19/2022,2:30 AM,79,89,6,29.73,Mostly Cloudy
2/19/2022,3:00 AM,77,94,5,29.73,Mostly Cloudy
2/19/2022,3:30 AM,77,94,2,29.73,Mostly Cloudy
2/19/2022,4:00 AM,77,89,2,29.73,Mostly Cloudy
2/19/2022,4:30 AM,77,94,2,29.73,Mostly Cloudy
2/19/2022,5:00 AM,75,94,0,29.73,Mostly Cloudy
2/19/2022,5:30 AM,75,94,2,29.73,Mostly Cloudy
2/19/2022,6:00 AM,75,100,2,29.76,Mostly Cloudy
2/19/2022,6:30 AM,75,100,0,29.76,Light Rain
2/19/2022,7:00 AM,75,100,2,29.76,Light Rain
2/19/2022,7:30 AM,75,100,3,29.76,Light Rain
2/19/2022,8:00 AM,77,94,3,29.76,Mostly Cloudy
2/19/2022,8:30 AM,79,94,2,29.79,Light Rain
2/19/2022,9:00 AM,79,94,5,29.79,Light Rain
2/19/2022,9:30 AM,81,89,5,29.79,Light Rain
2/19/2022,10:00 AM,82,79,3,29.79,Mostly Cloudy
2/19/2022,10:30 AM,86,74,3,29.79,Mostly Cloudy
2/19/2022,11:00 AM,88,66,3,29.76,Fair
2/19/2022,11:30 AM,90,62,3,29.76,Fair
2/19/2022,12:00 PM,91,59,3,29.73,Partly Cloudy
2/19/2022,12:30 PM,91,63,5,29.73,Partly Cloudy
2/19/2022,1:00 PM,93,59,3,29.70,Partly Cloudy
2/19/2022,1:30 PM,93,56,5,29.70,Fair
2/19/2022,2:00 PM,93,56,6,29.67,Partly Cloudy
2/19/2022,2:30 PM,95,49,6,29.67,Partly Cloudy
2/19/2022,3:00 PM,95,53,5,29.64,Partly Cloudy
2/19/2022,3:30 PM,91,59,10,29.64,Partly Cloudy
2/19/2022,4:00 PM,90,62,10,29.64,Fair
2/19/2022,4:30 PM,91,59,10,29.64,Fair
2/19/2022,5:00 PM,90,62,10,29.64,Fair
2/19/2022,5:30 PM,88,62,8,29.64,Fair
2/19/2022,6:00 PM,86,66,9,29.64,Fair
2/19/2022,6:30 PM,84,74,6,29.67,Fair
2/19/2022,7:00 PM,84,74,6,29.67,Fair
2/19/2022,7:30 PM,82,79,3,29.67,Fair
2/19/2022,8:00 PM,81,84,5,29.70,Fair
2/19/2022,8:30 PM,81,89,5,29.70,Fair
2/19/2022,9:00 PM,81,89,3,29.70,Fair
2/19/2022,9:30 PM,81,84,2,29.73,Fair
2/19/2022,10:00 PM,79,89,2,29.73,Fair
2/19/2022,10:30 PM,77,94,2,29.73,Fair
2/19/2022,11:00 PM,77,94,2,29.73,Fair
2/19/2022,11:30 PM,77,94,0,29.73,Fair
2/20/2022,12:00 AM,77,94,3,29.76,Fair
2/20/2022,12:30 AM,77,94,2,29.73,Fair
2/20/2022,1:00 AM,77,94,0,29.73,Fair
2/20/2022,1:30 AM,77,94,3,29.73,Fair
2/20/2022,2:00 AM,75,100,2,29.70,Fair
2/20/2022,2:30 AM,75,100,2,29.70,Fair
2/20/2022,3:00 AM,75,100,3,29.70,Fair
2/20/2022,3:30 AM,75,94,0,29.70,Fair
2/20/2022,4:00 AM,75,94,0,29.70,Fair
2/20/2022,4:30 AM,75,94,2,29.70,Fair
2/20/2022,5:00 AM,75,94,0,29.70,Fair
2/20/2022,5:30 AM,75,94,0,29.70,Fair
2/20/2022,6:00 AM,73,100,0,29.70,Fair
2/20/2022,6:30 AM,73,100,0,29.70,Fair
2/20/2022,7:00 AM,73,100,2,29.73,Fair
2/20/2022,7:30 AM,75,100,0,29.73,Fair
2/20/2022,8:00 AM,77,100,2,29.76,Fair
2/20/2022,8:30 AM,79,94,2,29.76,Fair
2/20/2022,9:00 AM,81,94,3,29.76,Fair
2/20/2022,9:30 AM,86,84,2,29.76,Partly Cloudy
2/20/2022,10:00 AM,88,75,2,29.76,Partly Cloudy
2/20/2022,10:30 AM,90,66,3,29.76,Partly Cloudy
2/20/2022,11:00 AM,90,66,2,29.76,Partly Cloudy
2/20/2022,11:30 AM,90,66,2,29.76,Partly Cloudy
2/20/2022,12:00 PM,93,63,3,29.73,Partly Cloudy
2/20/2022,12:30 PM,90,66,8,29.73,Partly Cloudy
2/20/2022,1:00 PM,90,66,8,29.70,Partly Cloudy
2/20/2022,1:30 PM,90,66,9,29.67,Showers in the Vicinity
2/20/2022,2:00 PM,84,74,14,29.67,Thunder
2/20/2022,2:30 PM,81,79,12,29.70,Light Rain with Thunder
2/20/2022,3:00 PM,73,88,6,29.67,Light Rain with Thunder
2/20/2022,3:30 PM,75,94,3,29.67,Light Rain
2/20/2022,4:00 PM,81,84,7,29.67,Light Rain
2/20/2022,4:30 PM,79,83,6,29.64,Mostly Cloudy
2/20/2022,5:00 PM,79,89,0,29.64,Mostly Cloudy
2/20/2022,5:30 PM,79,83,5,29.67,Mostly Cloudy
2/20/2022,6:00 PM,77,89,3,29.70,Partly Cloudy
2/20/2022,6:30 PM,77,89,0,29.70,Partly Cloudy
2/20/2022,7:00 PM,77,94,0,29.70,Partly Cloudy
2/20/2022,7:30 PM,75,94,3,29.70,Partly Cloudy
2/20/2022,8:00 PM,75,94,3,29.70,Fair
2/20/2022,8:30 PM,75,94,2,29.73,Fair
2/20/2022,9:00 PM,75,94,2,29.73,Fair
2/20/2022,9:30 PM,73,100,2,29.73,Fair
2/20/2022,10:00 PM,73,100,0,29.76,Fair
2/20/2022,10:30 PM,73,100,0,29.76,Fair
2/20/2022,11:00 PM,73,100,2,29.76,Fair
2/20/2022,11:30 PM,73,100,2,29.76,Partly Cloudy
2/21/2022,12:00 AM,73,100,0,29.76,Fair
2/21/2022,12:30 AM,73,100,2,29.76,Fair
2/21/2022,1:00 AM,73,94,2,29.76,Fair
2/21/2022,1:30 AM,73,100,0,29.73,Fair
2/21/2022,2:00 AM,73,100,2,29.73,Fair
2/21/2022,2:30 AM,73,100,0,29.73,Fair
2/21/2022,3:00 AM,73,100,0,29.70,Fair
2/21/2022,3:30 AM,73,100,2,29.70,Fair
2/21/2022,4:00 AM,73,94,2,29.70,Fair
2/21/2022,4:30 AM,72,100,5,29.70,Fair
2/21/2022,5:00 AM,72,100,5,29.70,Fair
2/21/2022,5:30 AM,72,100,0,29.73,Fair
2/21/2022,6:00 AM,72,100,0,29.73,Fair
2/21/2022,6:30 AM,72,100,0,29.73,Fair
2/21/2022,7:00 AM,72,100,0,29.73,Fair
2/21/2022,7:30 AM,75,94,0,29.76,Fair
2/21/2022,8:00 AM,77,100,0,29.76,Fair
2/21/2022,8:30 AM,81,94,0,29.76,Fair
2/21/2022,9:00 AM,84,89,2,29.76,Fair
2/21/2022,9:30 AM,84,74,3,29.79,Fair
2/21/2022,10:00 AM,86,74,6,29.79,Fair
2/21/2022,10:30 AM,88,66,3,29.79,Fair
2/21/2022,11:00 AM,88,66,5,29.79,Fair
2/21/2022,11:30 AM,90,62,6,29.76,Fair
2/21/2022,12:00 PM,90,62,6,29.76,Fair
2/21/2022,12:30 PM,90,62,7,29.73,Fair
2/21/2022,1:00 PM,90,59,8,29.70,Partly Cloudy
2/21/2022,1:30 PM,91,55,8,29.70,Fair
2/21/2022,2:00 PM,91,55,8,29.67,Fair
2/21/2022,2:30 PM,91,55,9,29.67,Fair
2/21/2022,3:00 PM,91,52,9,29.64,Fair
2/21/2022,3:30 PM,91,52,10,29.64,Fair
2/21/2022,4:00 PM,91,52,9,29.64,Fair
2/21/2022,4:30 PM,91,52,9,29.64,Fair
2/21/2022,5:00 PM,91,55,12,29.64,Fair
2/21/2022,5:30 PM,88,62,13,29.64,Fair
2/21/2022,6:00 PM,86,66,12,29.64,Fair
2/21/2022,6:30 PM,84,70,10,29.67,Fair
2/21/2022,7:00 PM,84,70,10,29.67,Fair
2/21/2022,7:30 PM,82,74,8,29.70,Fair
2/21/2022,8:00 PM,82,79,5,29.70,Fair
2/21/2022,8:30 PM,82,79,7,29.73,Fair
2/21/2022,9:00 PM,81,84,3,29.73,Fair
2/21/2022,9:30 PM,81,89,2,29.76,Fair
2/21/2022,10:00 PM,81,89,2,29.76,Fair
2/21/2022,10:30 PM,81,84,0,29.79,Fair
2/21/2022,11:00 PM,81,84,3,29.79,Fair
2/21/2022,11:30 PM,81,84,5,29.76,Fair
2/22/2022,12:00 AM,81,84,5,29.76,Fair
2/22/2022,12:30 AM,81,84,3,29.76,Fair
2/22/2022,1:00 AM,79,89,2,29.76,Fair
2/22/2022,1:30 AM,79,89,2,29.76,Fair
2/22/2022,2:00 AM,77,100,0,29.73,Fair
2/22/2022,2:30 AM,77,100,0,29.73,Fair
2/22/2022,3:00 AM,77,94,3,29.73,Fair
2/22/2022,3:30 AM,77,94,2,29.73,Fair
2/22/2022,4:00 AM,77,94,0,29.70,Fair
2/22/2022,4:30 AM,77,94,2,29.70,Fair
2/22/2022,5:00 AM,75,100,0,29.70,Fair
2/22/2022,5:30 AM,75,100,2,29.70,Fair
2/22/2022,6:00 AM,75,100,0,29.73,Fair
2/22/2022,6:30 AM,75,100,0,29.73,Fair
2/22/2022,7:00 AM,75,100,0,29.76,Fair
2/22/2022,7:30 AM,77,94,0,29.76,Fair
2/22/2022,8:00 AM,79,89,5,29.79,Fair
2/22/2022,8:30 AM,82,79,0,29.79,Fair
2/22/2022,9:00 AM,84,70,0,29.79,Fair
2/22/2022,9:30 AM,84,70,5,29.79,Fair
2/22/2022,10:00 AM,86,66,0,29.79,Fair
2/22/2022,10:30 AM,88,62,2,29.79,Fair
2/22/2022,11:00 AM,90,59,8,29.79,Fair
2/22/2022,11:30 AM,90,55,6,29.79,Fair
2/22/2022,12:00 PM,90,55,7,29.76,Fair
2/22/2022,12:30 PM,91,55,7,29.76,Fair
2/22/2022,1:00 PM,91,52,7,29.73,Fair
2/22/2022,1:30 PM,91,55,10,29.73,Fair
2/22/2022,2:00 PM,93,52,9,29.70,Fair
2/22/2022,2:30 PM,93,52,13,29.70,Fair
2/22/2022,3:00 PM,90,62,16,29.70,Fair
2/22/2022,3:30 PM,91,59,17,29.70,Fair
2/22/2022,4:00 PM,90,62,17,29.70,Partly Cloudy
2/22/2022,4:30 PM,88,66,17,29.70,Partly Cloudy
2/22/2022,5:00 PM,88,62,17,29.70,Fair
2/22/2022,5:30 PM,86,70,17,29.70,Fair
2/22/2022,6:00 PM,84,74,14,29.70,Partly Cloudy
2/22/2022,6:30 PM,84,74,10,29.73,Partly Cloudy
2/22/2022,7:00 PM,82,79,13,29.73,Partly Cloudy
2/22/2022,7:30 PM,82,79,9,29.76,Fair
2/22/2022,8:00 PM,82,79,9,29.76,Fair
2/22/2022,8:30 PM,82,79,8,29.79,Fair
2/22/2022,9:00 PM,81,84,8,29.79,Fair
2/22/2022,9:30 PM,81,84,0,29.81,Fair
2/22/2022,10:00 PM,81,84,0,29.81,Fair
2/22/2022,10:30 PM,81,84,0,29.81,Fair
2/22/2022,11:00 PM,81,84,0,29.81,Fair
2/22/2022,11:30 PM,79,89,0,29.81,Fair
2/23/2022,12:00 AM,79,89,0,29.81,Fair
2/23/2022,12:30 AM,79,89,0,29.81,Fair
2/23/2022,1:00 AM,77,94,0,29.81,Fair
2/23/2022,1:30 AM,77,94,0,29.79,Fair
2/23/2022,2:00 AM,77,94,0,29.79,Fair
2/23/2022,2:30 AM,77,94,0,29.76,Fair
2/23/2022,3:00 AM,77,94,0,29.76,Fair
2/23/2022,3:30 AM,77,94,0,29.76,Fair
2/23/2022,4:00 AM,75,100,3,29.76,Fair
2/23/2022,4:30 AM,75,100,3,29.76,Fair
2/23/2022,5:00 AM,75,100,2,29.76,Fair
2/23/2022,5:30 AM,75,100,3,29.76,Fair
2/23/2022,6:00 AM,75,100,3,29.79,Fair
2/23/2022,6:30 AM,75,100,2,29.79,Fair
2/23/2022,7:00 AM,77,94,0,29.79,Partly Cloudy
2/23/2022,7:30 AM,81,84,0,29.79,Fair
2/23/2022,8:00 AM,81,84,0,29.81,Fair
2/23/2022,8:30 AM,82,79,6,29.81,Fair
2/23/2022,9:00 AM,82,79,8,29.81,Partly Cloudy
2/23/2022,9:30 AM,86,70,12,29.81,Partly Cloudy
2/23/2022,10:00 AM,86,70,14,29.81,Partly Cloudy
2/23/2022,10:30 AM,90,62,15,29.81,Partly Cloudy
2/23/2022,11:00 AM,88,66,15,29.81,Partly Cloudy
2/23/2022,11:30 AM,88,66,16,29.81,Partly Cloudy
2/23/2022,12:00 PM,88,66,15,29.79,Partly Cloudy
2/23/2022,12:30 PM,90,59,17,29.79,Partly Cloudy
2/23/2022,1:00 PM,90,59,14,29.79,Partly Cloudy
2/23/2022,1:30 PM,90,59,14,29.76,Partly Cloudy
2/23/2022,2:00 PM,90,59,17,29.76,Partly Cloudy
2/23/2022,2:30 PM,90,59,16,29.76,Partly Cloudy
2/23/2022,3:00 PM,90,59,14,29.73,Partly Cloudy
2/23/2022,3:30 PM,90,59,15,29.73,Partly Cloudy
2/23/2022,4:00 PM,86,66,16,29.73,Partly Cloudy
2/23/2022,4:30 PM,88,62,15,29.73,Fair
2/23/2022,5:00 PM,86,66,14,29.73,Fair
2/23/2022,5:30 PM,86,66,13,29.73,Partly Cloudy
2/23/2022,6:00 PM,84,74,13,29.73,Partly Cloudy
2/23/2022,6:30 PM,82,79,12,29.76,Partly Cloudy
2/23/2022,7:00 PM,81,84,9,29.79,Fair
2/23/2022,7:30 PM,81,84,8,29.79,Fair
2/23/2022,8:00 PM,81,79,0,29.79,Fair
2/23/2022,8:30 PM,81,84,2,29.79,Fair
2/23/2022,9:00 PM,81,84,5,29.81,Partly Cloudy
2/23/2022,9:30 PM,81,84,5,29.81,Fair
2/23/2022,10:00 PM,81,84,2,29.84,Fair
2/23/2022,10:30 PM,79,89,0,29.84,Light Rain with Thunder
2/23/2022,11:00 PM,75,100,17,29.84,Heavy T-Storm
2/23/2022,11:30 PM,75,100,0,29.84,Light Rain with Thunder
2/24/2022,12:00 AM,75,100,0,29.84,Mostly Cloudy
2/24/2022,12:30 AM,75,100,0,29.81,Mostly Cloudy
2/24/2022,1:00 AM,75,100,0,29.81,Mostly Cloudy
2/24/2022,1:30 AM,75,100,2,29.81,Mostly Cloudy
2/24/2022,2:00 AM,77,94,3,29.79,Light Rain
2/24/2022,2:30 AM,75,94,2,29.79,Light Rain
2/24/2022,3:00 AM,75,94,0,29.79,Mostly Cloudy
2/24/2022,3:30 AM,75,100,0,29.79,Mostly Cloudy
2/24/2022,4:00 AM,75,100,2,29.76,Mostly Cloudy
2/24/2022,4:30 AM,75,100,0,29.76,Light Rain
2/24/2022,5:00 AM,75,100,0,29.79,Light Rain
2/24/2022,5:30 AM,75,100,0,29.79,Mostly Cloudy
2/24/2022,6:00 AM,75,100,0,29.79,Mostly Cloudy
2/24/2022,6:30 AM,75,100,0,29.79,Partly Cloudy
2/24/2022,7:00 AM,75,100,3,29.81,Mostly Cloudy
2/24/2022,7:30 AM,75,100,0,29.81,Light Rain
2/24/2022,8:00 AM,77,100,2,29.84,Light Rain
2/24/2022,8:30 AM,79,89,0,29.84,Partly Cloudy
2/24/2022,9:00 AM,81,84,0,29.84,Partly Cloudy
2/24/2022,9:30 AM,81,84,5,29.84,Partly Cloudy
2/24/2022,10:00 AM,84,79,7,29.84,Partly Cloudy
2/24/2022,10:30 AM,86,74,13,29.84,Partly Cloudy
2/24/2022,11:00 AM,82,79,9,29.84,Partly Cloudy
2/24/2022,11:30 AM,88,66,15,29.84,Partly Cloudy
2/24/2022,12:00 PM,86,70,18,29.81,Showers in the Vicinity
2/24/2022,12:30 PM,79,89,16,29.81,Light Rain
2/24/2022,1:00 PM,81,89,8,29.81,Mostly Cloudy
2/24/2022,1:30 PM,84,79,10,29.79,Mostly Cloudy
2/24/2022,2:00 PM,86,70,12,29.76,Mostly Cloudy
2/24/2022,2:30 PM,86,70,14,29.76,Mostly Cloudy
2/24/2022,3:00 PM,84,70,10,29.73,Mostly Cloudy
2/24/2022,3:30 PM,84,74,10,29.73,Mostly Cloudy
2/24/2022,4:00 PM,84,70,9,29.73,Mostly Cloudy
2/24/2022,4:30 PM,82,74,10,29.76,Mostly Cloudy
2/24/2022,5:00 PM,82,74,10,29.76,Mostly Cloudy
2/24/2022,5:30 PM,82,74,9,29.76,Mostly Cloudy
2/24/2022,6:00 PM,82,79,6,29.76,Mostly Cloudy
2/24/2022,6:30 PM,82,79,3,29.79,Thunder
2/24/2022,7:00 PM,81,84,2,29.79,Thunder
2/24/2022,7:30 PM,81,84,2,29.81,Thunder
2/24/2022,8:00 PM,75,94,16,29.81,Light Rain with Thunder
2/24/2022,8:30 PM,73,100,8,29.84,Light Rain with Thunder
2/24/2022,9:00 PM,73,100,2,29.87,Light Rain
2/24/2022,9:30 PM,73,100,0,29.87,Light Rain
2/24/2022,10:00 PM,73,100,0,29.87,Light Rain
2/24/2022,10:30 PM,75,100,2,29.87,Light Rain
2/24/2022,11:00 PM,73,100,5,29.87,Light Rain
2/24/2022,11:30 PM,73,100,7,29.87,Light Rain
2/25/2022,12:00 AM,73,100,6,29.84,Light Rain
2/25/2022,12:30 AM,73,100,3,29.81,Light Rain
2/25/2022,1:00 AM,73,100,3,29.81,Light Rain
2/25/2022,1:30 AM,73,100,2,29.79,Mostly Cloudy
2/25/2022,2:00 AM,73,100,0,29.79,Mostly Cloudy
2/25/2022,2:30 AM,73,100,0,29.79,Mostly Cloudy
2/25/2022,3:00 AM,73,100,0,29.76,Mostly Cloudy
2/25/2022,3:30 AM,73,100,0,29.76,Mostly Cloudy
2/25/2022,4:00 AM,73,100,0,29.76,Mostly Cloudy
2/25/2022,4:30 AM,73,100,13,29.79,T-Storm
2/25/2022,5:00 AM,72,100,5,29.76,Light Rain with Thunder
2/25/2022,5:30 AM,72,100,2,29.76,Light Rain with Thunder
2/25/2022,6:00 AM,72,100,0,29.79,Light Rain
2/25/2022,6:30 AM,73,100,0,29.79,Light Rain
2/25/2022,7:00 AM,73,100,3,29.81,Light Rain
2/25/2022,7:30 AM,73,100,3,29.81,Light Rain
2/25/2022,8:00 AM,73,100,2,29.84,Light Rain
2/25/2022,8:30 AM,73,100,3,29.84,Light Rain
2/25/2022,9:00 AM,73,100,6,29.84,Light Rain
2/25/2022,9:30 AM,73,100,5,29.84,Light Rain
2/25/2022,10:00 AM,75,100,0,29.84,Light Rain
2/25/2022,10:30 AM,75,100,0,29.84,Light Rain
2/25/2022,11:00 AM,75,100,0,29.84,Light Rain
2/25/2022,11:30 AM,77,94,3,29.84,Light Rain
2/25/2022,12:00 PM,77,100,6,29.84,Light Rain
2/25/2022,12:30 PM,75,94,12,29.81,Light Rain
2/25/2022,1:00 PM,75,94,8,29.81,Light Rain
2/25/2022,1:30 PM,77,94,9,29.79,Light Rain
2/25/2022,2:00 PM,77,94,7,29.79,Light Rain
2/25/2022,2:30 PM,77,94,6,29.76,Light Rain
2/25/2022,3:00 PM,77,94,6,29.76,Light Rain
2/25/2022,3:30 PM,77,94,7,29.73,Light Rain
2/25/2022,4:00 PM,77,94,7,29.73,Light Rain
2/25/2022,4:30 PM,77,89,8,29.73,Light Rain
2/25/2022,5:00 PM,77,94,5,29.73,Light Rain
2/25/2022,5:30 PM,77,94,3,29.73,Light Rain
2/25/2022,6:00 PM,77,100,5,29.73,Light Rain
2/25/2022,6:30 PM,75,100,9,29.76,Light Rain
2/25/2022,7:00 PM,75,100,6,29.76,Light Rain
2/25/2022,7:30 PM,75,100,5,29.79,Light Rain
2/25/2022,8:00 PM,75,100,3,29.79,Light Rain
2/25/2022,8:30 PM,75,100,0,29.79,Light Rain
2/25/2022,9:00 PM,75,100,2,29.81,Light Rain with Thunder
2/25/2022,9:30 PM,73,100,9,29.81,Light Rain with Thunder
2/25/2022,10:00 PM,73,100,3,29.81,Light Rain with Thunder
2/25/2022,10:30 PM,75,94,6,29.81,Light Rain with Thunder
2/25/2022,11:00 PM,73,100,0,29.81,Light Rain with Thunder
2/25/2022,11:30 PM,73,100,7,29.81,Light Rain with Thunder
2/26/2022,12:00 AM,73,100,5,29.81,Light Rain with Thunder
2/26/2022,12:30 AM,73,100,7,29.79,Light Rain with Thunder
2/26/2022,1:00 AM,73,100,6,29.76,Light Rain
2/26/2022,1:30 AM,73,100,3,29.76,Light Rain
2/26/2022,2:00 AM,73,100,0,29.76,Light Rain
2/26/2022,2:30 AM,73,100,0,29.73,Light Rain
2/26/2022,3:00 AM,73,100,2,29.73,Light Rain
2/26/2022,3:30 AM,73,100,0,29.73,Light Rain
2/26/2022,4:00 AM,73,100,13,29.73,Light Rain
2/26/2022,4:30 AM,73,100,8,29.73,Light Rain
2/26/2022,5:00 AM,75,100,3,29.73,Light Rain
2/26/2022,5:30 AM,75,100,5,29.73,Light Rain
2/26/2022,6:00 AM,75,100,6,29.76,Light Rain
2/26/2022,6:30 AM,75,100,2,29.76,Light Rain
2/26/2022,7:00 AM,77,89,6,29.76,Light Rain
2/26/2022,8:30 AM,77,89,3,29.79,Light Rain
2/26/2022,9:00 AM,79,89,7,29.79,Light Rain
2/26/2022,9:30 AM,81,84,12,29.81,Mostly Cloudy
2/26/2022,10:00 AM,81,79,17,29.81,Mostly Cloudy
2/26/2022,10:30 AM,75,94,12,29.81,Light Rain
2/26/2022,11:00 AM,75,100,8,29.81,Light Rain
2/26/2022,11:30 AM,77,94,3,29.79,Mostly Cloudy
2/26/2022,12:00 PM,77,94,14,29.79,Light Rain
2/26/2022,12:30 PM,79,94,7,29.76,Light Rain
2/26/2022,1:00 PM,79,89,14,29.76,Rain
2/26/2022,1:30 PM,77,94,3,29.73,Light Rain
2/26/2022,2:00 PM,77,94,3,29.73,Light Rain
2/26/2022,2:30 PM,77,100,7,29.73,Light Rain
2/26/2022,3:00 PM,79,94,12,29.70,Light Rain
2/26/2022,3:30 PM,79,89,14,29.70,Light Rain
2/26/2022,4:00 PM,77,89,17,29.70,Light Rain
2/26/2022,4:30 PM,77,94,6,29.70,Light Rain
2/26/2022,5:00 PM,77,94,5,29.70,Light Rain
2/26/2022,5:30 PM,75,94,14,29.73,Light Rain
2/26/2022,6:00 PM,75,94,7,29.73,Light Rain
2/26/2022,6:30 PM,75,100,2,29.73,Light Rain
2/26/2022,7:00 PM,75,100,0,29.73,Light Rain
2/26/2022,7:30 PM,75,100,5,29.76,Light Rain
2/26/2022,8:00 PM,75,100,3,29.76,Light Rain
2/26/2022,8:30 PM,77,100,8,29.79,Rain
2/26/2022,9:00 PM,77,100,6,29.79,Light Rain
2/26/2022,9:30 PM,77,100,9,29.79,Rain
2/26/2022,10:00 PM,77,94,7,29.81,Light Rain
2/26/2022,10:30 PM,77,94,7,29.81,Light Rain
2/26/2022,11:00 PM,77,100,8,29.81,Light Rain
2/26/2022,11:30 PM,77,100,9,29.81,Light Rain
2/27/2022,12:00 AM,77,100,7,29.79,Light Rain
2/27/2022,12:30 AM,77,94,8,29.79,Light Rain
2/27/2022,1:00 AM,77,100,8,29.79,Light Rain
2/27/2022,1:30 AM,77,100,6,29.79,Light Rain
2/27/2022,2:00 AM,77,100,6,29.76,Light Rain
2/27/2022,2:30 AM,77,94,7,29.76,Light Rain
2/27/2022,3:00 AM,77,94,6,29.73,Light Rain
2/27/2022,3:30 AM,77,100,6,29.73,Light Rain
2/27/2022,4:00 AM,75,94,6,29.73,Light Rain
2/27/2022,4:30 AM,75,94,5,29.73,Light Rain
2/27/2022,5:00 AM,75,100,0,29.73,Light Rain
2/27/2022,5:30 AM,75,100,0,29.73,Light Rain
2/27/2022,6:00 AM,75,100,0,29.76,Light Rain
2/27/2022,6:30 AM,75,100,0,29.76,Light Rain
2/27/2022,7:00 AM,75,100,2,29.76,Light Rain
2/27/2022,7:30 AM,77,94,0,29.79,Light Rain
2/27/2022,8:00 AM,77,94,3,29.79,Light Rain
2/27/2022,8:30 AM,79,89,5,29.79,Mostly Cloudy
2/27/2022,9:00 AM,79,94,10,29.79,Light Rain
2/27/2022,9:30 AM,81,89,6,29.81,Mostly Cloudy
2/27/2022,10:00 AM,79,89,7,29.81,Light Rain
2/27/2022,10:30 AM,81,84,9,29.81,Mostly Cloudy
2/27/2022,11:00 AM,81,84,9,29.81,Mostly Cloudy
2/27/2022,11:30 AM,81,84,9,29.81,Mostly Cloudy
2/27/2022,12:00 PM,82,79,10,29.79,Mostly Cloudy
2/27/2022,12:30 PM,82,79,10,29.79,Mostly Cloudy
2/27/2022,1:00 PM,81,84,12,29.76,Light Rain
2/27/2022,1:30 PM,82,79,15,29.73,Light Rain
2/27/2022,2:00 PM,82,79,14,29.73,Light Rain
2/27/2022,2:30 PM,81,89,13,29.70,Light Rain
2/27/2022,3:00 PM,82,84,13,29.70,Mostly Cloudy
2/27/2022,3:30 PM,82,79,16,29.67,Mostly Cloudy
2/27/2022,4:00 PM,82,79,14,29.67,Mostly Cloudy
2/27/2022,4:30 PM,81,84,14,29.70,Mostly Cloudy
2/27/2022,5:00 PM,81,84,6,29.70,Light Rain
2/27/2022,5:30 PM,81,84,9,29.70,Light Rain
2/27/2022,6:00 PM,81,84,13,29.70,Light Rain
2/27/2022,6:30 PM,79,89,3,29.70,Mostly Cloudy
2/27/2022,7:00 PM,79,89,7,29.73,Mostly Cloudy
2/27/2022,7:30 PM,79,83,7,29.73,Mostly Cloudy
2/27/2022,8:00 PM,77,100,8,29.76,Light Rain
2/27/2022,8:30 PM,77,94,7,29.76,Light Rain
2/27/2022,9:00 PM,77,94,5,29.79,Mostly Cloudy
2/27/2022,9:30 PM,77,94,5,29.79,Mostly Cloudy
2/27/2022,10:00 PM,77,100,2,29.81,Mostly Cloudy
2/27/2022,10:30 PM,77,94,0,29.79,Mostly Cloudy
2/27/2022,11:00 PM,75,100,3,29.79,Mostly Cloudy
2/27/2022,11:30 PM,75,100,2,29.79,Mostly Cloudy
2/28/2022,12:00 AM,75,100,2,29.81,Mostly Cloudy
2/28/2022,12:30 AM,75,100,5,29.81,Mostly Cloudy
2/28/2022,1:00 AM,75,100,2,29.79,Mostly Cloudy
2/28/2022,1:30 AM,75,100,3,29.79,Mostly Cloudy
2/28/2022,2:00 AM,75,100,3,29.76,Mostly Cloudy
2/28/2022,2:30 AM,75,100,3,29.76,Mostly Cloudy
2/28/2022,3:00 AM,75,100,3,29.76,Mostly Cloudy
2/28/2022,3:30 AM,75,100,3,29.76,Mostly Cloudy
2/28/2022,4:00 AM,75,100,6,29.73,Mostly Cloudy
2/28/2022,4:30 AM,75,94,6,29.73,Mostly Cloudy
2/28/2022,5:00 AM,75,94,5,29.76,Mostly Cloudy
2/28/2022,5:30 AM,75,94,3,29.76,Mostly Cloudy
2/28/2022,6:00 AM,75,94,3,29.76,Mostly Cloudy
2/28/2022,6:30 AM,75,100,3,29.76,Mostly Cloudy
2/28/2022,7:00 AM,75,100,5,29.76,Mostly Cloudy
2/28/2022,7:30 AM,77,89,6,29.79,Partly Cloudy
2/28/2022,8:00 AM,79,89,5,29.79,Fair
2/28/2022,8:30 AM,79,89,6,29.79,Fair
2/28/2022,9:00 AM,81,84,9,29.81,Partly Cloudy
2/28/2022,9:30 AM,82,79,9,29.81,Partly Cloudy
2/28/2022,10:00 AM,82,79,14,29.81,Partly Cloudy
2/28/2022,10:30 AM,84,74,14,29.81,Partly Cloudy
2/28/2022,11:00 AM,86,74,15,29.81,Partly Cloudy
2/28/2022,11:30 AM,86,74,16,29.79,Partly Cloudy
2/28/2022,12:00 PM,86,70,18,29.79,Partly Cloudy
2/28/2022,12:30 PM,86,70,18,29.76,Partly Cloudy
2/28/2022,1:00 PM,88,66,20,29.73,Partly Cloudy
2/28/2022,1:30 PM,88,66,16,29.73,Partly Cloudy
2/28/2022,2:00 PM,88,66,16,29.70,Partly Cloudy
2/28/2022,2:30 PM,88,66,17,29.70,Partly Cloudy
2/28/2022,3:00 PM,88,66,17,29.67,Partly Cloudy
2/28/2022,3:30 PM,88,66,16,29.67,Partly Cloudy
2/28/2022,4:00 PM,88,66,16,29.67,Partly Cloudy
2/28/2022,4:30 PM,86,66,17,29.67,Partly Cloudy
2/28/2022,5:00 PM,86,66,16,29.67,Partly Cloudy
2/28/2022,5:30 PM,84,70,16,29.70,Partly Cloudy
2/28/2022,6:00 PM,82,74,15,29.70,Partly Cloudy
2/28/2022,6:30 PM,81,79,14,29.70,Fair
2/28/2022,7:00 PM,81,79,10,29.73,Fair
2/28/2022,7:30 PM,81,79,8,29.73,Fair
2/28/2022,8:00 PM,79,83,8,29.73,Fair
2/28/2022,8:30 PM,79,83,8,29.76,Fair
2/28/2022,9:00 PM,79,83,6,29.76,Fair
2/28/2022,9:30 PM,79,83,8,29.79,Fair
2/28/2022,10:00 PM,79,83,8,29.79,Partly Cloudy
2/28/2022,10:30 PM,79,83,7,29.79,Partly Cloudy
2/28/2022,11:00 PM,79,83,6,29.79,Partly Cloudy
2/28/2022,11:30 PM,79,83,5,29.79,Partly Cloudy
3/1/2022,12:00 AM,79,83,5,29.79,Partly Cloudy
3/1/2022,12:30 AM,79,83,5,29.79,Partly Cloudy
3/1/2022,1:00 AM,79,83,5,29.79,Mostly Cloudy
3/1/2022,1:30 AM,79,83,6,29.76,Mostly Cloudy
3/1/2022,2:00 AM,77,94,3,29.76,Partly Cloudy
3/1/2022,2:30 AM,77,94,3,29.76,Partly Cloudy
3/1/2022,3:00 AM,77,94,3,29.73,Fair
3/1/2022,3:30 AM,77,94,2,29.73,Fair
3/1/2022,4:00 AM,75,100,3,29.73,Fair
3/1/2022,4:30 AM,75,100,3,29.73,Fair
3/1/2022,5:00 AM,75,100,0,29.73,Fair
3/1/2022,5:30 AM,73,100,2,29.73,Fair
3/1/2022,6:00 AM,73,100,3,29.73,Fair
3/1/2022,6:30 AM,73,100,0,29.76,Fair
3/1/2022,7:00 AM,75,100,0,29.76,Fair
3/1/2022,7:30 AM,77,94,2,29.79,Fair
3/1/2022,8:00 AM,79,89,5,29.79,Fair
3/1/2022,8:30 AM,82,74,3,29.79,Fair
3/1/2022,9:00 AM,81,79,3,29.81,Fair
3/1/2022,9:30 AM,82,79,5,29.81,Partly Cloudy
3/1/2022,10:00 AM,84,70,7,29.81,Partly Cloudy
3/1/2022,10:30 AM,86,70,9,29.81,Partly Cloudy
3/1/2022,11:00 AM,88,66,8,29.81,Partly Cloudy
3/1/2022,11:30 AM,90,59,9,29.81,Partly Cloudy
3/1/2022,12:00 PM,91,59,7,29.79,Partly Cloudy
3/1/2022,12:30 PM,91,55,6,29.79,Partly Cloudy
3/1/2022,1:00 PM,91,59,6,29.76,Partly Cloudy
3/1/2022,1:30 PM,91,55,7,29.73,Partly Cloudy
3/1/2022,2:00 PM,93,52,8,29.73,Partly Cloudy
3/1/2022,2:30 PM,90,59,10,29.70,Partly Cloudy
3/1/2022,3:00 PM,90,66,10,29.67,Partly Cloudy
3/1/2022,3:30 PM,90,66,14,29.67,Partly Cloudy
3/1/2022,4:00 PM,88,70,15,29.64,Showers in the Vicinity
3/1/2022,4:30 PM,86,70,14,29.67,Showers in the Vicinity
3/1/2022,5:00 PM,84,74,9,29.67,Mostly Cloudy
3/1/2022,5:30 PM,82,79,10,29.67,Mostly Cloudy
3/1/2022,6:00 PM,82,79,9,29.70,Partly Cloudy
3/1/2022,6:30 PM,82,79,8,29.70,Fair
3/1/2022,7:00 PM,81,84,7,29.73,Fair
3/1/2022,7:30 PM,81,84,5,29.73,Fair
3/1/2022,8:00 PM,81,84,6,29.73,Fair
3/1/2022,8:30 PM,81,84,6,29.76,Fair
3/1/2022,9:00 PM,81,84,3,29.76,Fair
3/1/2022,9:30 PM,81,84,5,29.79,Fair
3/1/2022,10:00 PM,79,89,3,29.79,Fair
3/1/2022,10:30 PM,79,94,3,29.79,Fair
3/1/2022,11:00 PM,79,94,5,29.79,Fair
3/1/2022,11:30 PM,79,89,3,29.79,Fair
3/2/2022,12:00 AM,79,89,5,29.79,Fair
3/2/2022,12:30 AM,79,89,0,29.79,Fair
3/2/2022,1:00 AM,77,94,2,29.76,Fair
3/2/2022,1:30 AM,77,94,0,29.76,Fair
3/2/2022,2:00 AM,77,94,2,29.76,Fair
3/2/2022,2:30 AM,77,94,2,29.76,Fair
3/2/2022,3:00 AM,75,100,5,29.73,Fair
3/2/2022,3:30 AM,75,100,3,29.73,Fair
3/2/2022,4:00 AM,75,100,5,29.73,Fair
3/2/2022,4:30 AM,75,100,5,29.73,Fair
3/2/2022,5:00 AM,75,100,0,29.73,Fair
3/2/2022,5:30 AM,75,100,2,29.73,Fair
3/2/2022,6:00 AM,75,100,3,29.73,Fair
3/2/2022,6:30 AM,75,100,2,29.76,Fair
3/2/2022,7:00 AM,75,100,3,29.76,Fair
3/2/2022,7:30 AM,77,100,3,29.76,Fair
3/2/2022,8:00 AM,79,94,5,29.79,Fair
3/2/2022,8:30 AM,81,84,7,29.79,Fair
3/2/2022,9:00 AM,82,79,7,29.79,Fair
3/2/2022,9:30 AM,84,74,7,29.79,Partly Cloudy
3/2/2022,10:00 AM,84,74,12,29.79,Partly Cloudy
3/2/2022,10:30 AM,88,66,10,29.79,Partly Cloudy
3/2/2022,11:00 AM,88,66,10,29.79,Partly Cloudy
3/2/2022,11:30 AM,88,66,12,29.79,Partly Cloudy
3/2/2022,12:00 PM,90,62,13,29.79,Fair
3/2/2022,12:30 PM,90,62,14,29.76,Fair
3/2/2022,1:00 PM,90,62,13,29.76,Fair
3/2/2022,1:30 PM,90,62,12,29.73,Fair
3/2/2022,2:00 PM,90,59,13,29.73,Fair
3/2/2022,2:30 PM,90,59,13,29.70,Fair
3/2/2022,3:00 PM,91,55,15,29.67,Fair
3/2/2022,3:30 PM,90,59,15,29.67,Fair
3/2/2022,4:00 PM,90,62,15,29.67,Fair
3/2/2022,4:30 PM,88,62,14,29.67,Fair
3/2/2022,5:00 PM,88,62,16,29.67,Fair
3/2/2022,5:30 PM,86,66,15,29.67,Fair
3/2/2022,6:00 PM,84,70,15,29.67,Fair
3/2/2022,6:30 PM,82,74,14,29.67,Fair
3/2/2022,7:00 PM,82,79,10,29.70,Fair
3/2/2022,7:30 PM,82,79,10,29.70,Fair
3/2/2022,8:00 PM,81,84,9,29.73,Fair
3/2/2022,8:30 PM,81,84,9,29.76,Fair
3/2/2022,9:00 PM,81,84,7,29.76,Fair
3/2/2022,9:30 PM,81,84,6,29.79,Fair
3/2/2022,10:00 PM,81,84,5,29.79,Fair
3/2/2022,10:30 PM,81,84,5,29.79,Fair
3/2/2022,11:00 PM,77,94,0,29.79,Fair
3/2/2022,11:30 PM,75,94,0,29.79,Fair
3/3/2022,12:00 AM,75,94,0,29.79,Fair
3/3/2022,12:30 AM,75,94,0,29.79,Fair
3/3/2022,1:00 AM,75,94,0,29.79,Fair
3/3/2022,1:30 AM,75,94,0,29.76,Fair
3/3/2022,2:00 AM,73,100,0,29.76,Fair
3/3/2022,2:30 AM,75,94,0,29.73,Fair
3/3/2022,3:00 AM,73,100,0,29.73,Fair
3/3/2022,3:30 AM,73,100,0,29.73,Fair
3/3/2022,4:00 AM,73,100,0,29.70,Fair
3/3/2022,4:30 AM,75,94,0,29.70,Fair
3/3/2022,5:00 AM,73,100,0,29.73,Fair
3/3/2022,5:30 AM,73,100,0,29.73,Fair
3/3/2022,6:00 AM,73,100,0,29.73,Fair
3/3/2022,6:30 AM,73,100,0,29.76,Fair
3/3/2022,7:00 AM,73,100,0,29.76,Fair
3/3/2022,7:30 AM,77,94,0,29.79,Fair
3/3/2022,8:00 AM,79,100,0,29.79,Fair
3/3/2022,8:30 AM,82,94,2,29.81,Fair
3/3/2022,9:00 AM,82,89,5,29.81,Partly Cloudy
3/3/2022,9:30 AM,84,79,7,29.81,Mostly Cloudy
3/3/2022,10:00 AM,88,66,8,29.81,Mostly Cloudy
3/3/2022,10:30 AM,90,62,6,29.81,Mostly Cloudy
3/3/2022,11:00 AM,90,59,12,29.79,Mostly Cloudy
3/3/2022,11:30 AM,90,59,10,29.79,Partly Cloudy
3/3/2022,12:00 PM,90,59,9,29.79,Partly Cloudy
3/3/2022,12:30 PM,90,59,14,29.76,Partly Cloudy
3/3/2022,1:00 PM,90,55,12,29.76,Partly Cloudy
3/3/2022,1:30 PM,90,55,13,29.73,Partly Cloudy
3/3/2022,2:00 PM,90,59,14,29.70,Partly Cloudy
3/3/2022,2:30 PM,90,55,14,29.70,Partly Cloudy
3/3/2022,3:00 PM,90,55,16,29.70,Fair
3/3/2022,3:30 PM,90,55,13,29.67,Fair
3/3/2022,4:00 PM,90,59,15,29.67,Fair
3/3/2022,4:30 PM,88,62,15,29.67,Fair
3/3/2022,5:00 PM,88,58,14,29.67,Fair
3/3/2022,5:30 PM,86,66,14,29.67,Fair
3/3/2022,6:00 PM,84,70,13,29.67,Fair
3/3/2022,6:30 PM,84,70,8,29.67,Fair
3/3/2022,7:00 PM,82,74,7,29.70,Fair
3/3/2022,7:30 PM,82,74,7,29.70,Fair
3/3/2022,8:00 PM,81,79,5,29.70,Fair
3/3/2022,8:30 PM,81,84,5,29.73,Fair
3/3/2022,9:00 PM,81,84,6,29.73,Fair
3/3/2022,9:30 PM,81,84,6,29.76,Fair
3/3/2022,10:00 PM,81,84,3,29.76,Fair
3/3/2022,10:30 PM,79,89,2,29.79,Fair
3/3/2022,11:00 PM,79,89,5,29.79,Fair
3/3/2022,11:30 PM,79,89,3,29.79,Fair
3/4/2022,12:00 AM,79,89,0,29.79,Fair
3/4/2022,12:30 AM,79,94,0,29.76,Fair
3/4/2022,1:00 AM,79,89,2,29.76,Fair
3/4/2022,1:30 AM,79,89,3,29.76,Fair
3/4/2022,2:00 AM,77,100,5,29.76,Fair
3/4/2022,2:30 AM,77,94,5,29.76,Fair
3/4/2022,3:00 AM,79,89,3,29.73,Fair
3/4/2022,3:30 AM,79,89,2,29.73,Partly Cloudy
3/4/2022,4:00 AM,79,89,5,29.73,Mostly Cloudy
3/4/2022,4:30 AM,79,89,5,29.73,Mostly Cloudy
3/4/2022,5:00 AM,79,89,5,29.73,Mostly Cloudy
3/4/2022,5:30 AM,79,89,0,29.73,Mostly Cloudy
3/4/2022,6:00 AM,77,94,3,29.73,Mostly Cloudy
3/4/2022,6:30 AM,77,94,2,29.73,Mostly Cloudy
3/4/2022,7:00 AM,77,100,0,29.76,Mostly Cloudy
3/4/2022,7:30 AM,79,94,0,29.76,Mostly Cloudy
3/4/2022,8:00 AM,81,89,2,29.76,Mostly Cloudy
3/4/2022,8:30 AM,82,84,2,29.79,Mostly Cloudy
3/4/2022,9:00 AM,82,79,6,29.79,Mostly Cloudy
3/4/2022,9:30 AM,82,79,6,29.79,Mostly Cloudy
3/4/2022,10:00 AM,84,74,9,29.79,Mostly Cloudy
3/4/2022,10:30 AM,86,66,10,29.79,Mostly Cloudy
3/4/2022,11:00 AM,86,70,12,29.79,Mostly Cloudy
3/4/2022,11:30 AM,90,66,12,29.79,Mostly Cloudy
3/4/2022,12:00 PM,90,62,13,29.76,Mostly Cloudy
3/4/2022,12:30 PM,90,59,15,29.73,Mostly Cloudy
3/4/2022,1:00 PM,90,59,15,29.73,Partly Cloudy
3/4/2022,1:30 PM,90,52,16,29.73,Partly Cloudy
3/4/2022,2:00 PM,90,55,15,29.70,Partly Cloudy
3/4/2022,2:30 PM,88,58,16,29.70,Partly Cloudy
3/4/2022,3:00 PM,88,58,14,29.67,Partly Cloudy
3/4/2022,3:30 PM,88,58,13,29.67,Partly Cloudy
3/4/2022,4:00 PM,88,62,14,29.64,Fair
3/4/2022,4:30 PM,88,62,13,29.64,Fair
3/4/2022,5:00 PM,88,58,13,29.64,Fair
3/4/2022,5:30 PM,86,62,12,29.64,Fair
3/4/2022,6:00 PM,84,66,9,29.67,Fair
3/4/2022,6:30 PM,84,70,9,29.67,Fair
3/4/2022,7:00 PM,82,74,6,29.67,Fair
3/4/2022,7:30 PM,82,74,5,29.70,Fair
3/4/2022,8:00 PM,82,74,6,29.70,Fair
3/4/2022,8:30 PM,82,79,7,29.73,Fair
3/4/2022,9:00 PM,81,84,6,29.73,Mostly Cloudy
3/4/2022,9:30 PM,81,84,6,29.76,Fair
3/4/2022,10:00 PM,81,84,6,29.76,Fair
3/4/2022,10:30 PM,81,84,5,29.76,Fair
3/4/2022,11:00 PM,79,94,3,29.76,Fair
3/4/2022,11:30 PM,79,94,3,29.76,Fair
3/5/2022,12:00 AM,79,94,5,29.76,Fair
3/5/2022,12:30 AM,79,94,3,29.73,Fair
3/5/2022,1:00 AM,79,94,3,29.73,Fair
3/5/2022,1:30 AM,79,94,2,29.70,Fair
3/5/2022,2:00 AM,77,100,2,29.70,Partly Cloudy
3/5/2022,2:30 AM,77,100,2,29.70,Partly Cloudy
3/5/2022,3:00 AM,77,100,1,29.70,Partly Cloudy
3/5/2022,3:30 AM,77,100,3,29.70,Partly Cloudy
3/5/2022,4:00 AM,77,100,3,29.67,Partly Cloudy
3/5/2022,4:30 AM,77,100,3,29.67,Partly Cloudy
3/5/2022,5:00 AM,75,100,0,29.67,Partly Cloudy
3/5/2022,5:30 AM,75,100,0,29.67,Fair
3/5/2022,6:00 AM,75,100,0,29.70,Fair
3/5/2022,6:30 AM,75,100,0,29.70,Fair
3/5/2022,7:00 AM,75,100,0,29.70,Fair
3/5/2022,7:30 AM,77,100,0,29.73,Partly Cloudy
3/5/2022,8:00 AM,79,94,2,29.76,Partly Cloudy
3/5/2022,8:30 AM,81,89,0,29.76,Light Rain
3/5/2022,9:00 AM,82,84,6,29.76,Partly Cloudy
3/5/2022,9:30 AM,82,84,5,29.79,Partly Cloudy
3/5/2022,10:00 AM,84,74,6,29.79,Partly Cloudy
3/5/2022,10:30 AM,86,70,6,29.79,Light Rain
3/5/2022,11:00 AM,86,70,2,29.79,Mostly Cloudy
3/5/2022,11:30 AM,86,66,7,29.76,Mostly Cloudy
3/5/2022,12:00 PM,86,70,8,29.73,Light Rain
3/5/2022,12:30 PM,88,58,9,29.73,Mostly Cloudy
3/5/2022,1:00 PM,88,62,8,29.73,Mostly Cloudy
3/5/2022,1:30 PM,88,62,8,29.70,Mostly Cloudy
3/5/2022,2:00 PM,88,62,7,29.70,Mostly Cloudy
3/5/2022,2:30 PM,88,66,7,29.67,Mostly Cloudy
3/5/2022,3:00 PM,88,62,8,29.67,Mostly Cloudy
3/5/2022,3:30 PM,86,66,8,29.67,Mostly Cloudy
3/5/2022,4:00 PM,86,66,8,29.64,Mostly Cloudy
3/5/2022,4:30 PM,84,74,9,29.67,Light Rain
3/5/2022,5:00 PM,84,74,8,29.67,Mostly Cloudy
3/5/2022,5:30 PM,82,79,6,29.67,Mostly Cloudy
3/5/2022,6:00 PM,82,79,5,29.67,Mostly Cloudy
3/5/2022,6:30 PM,82,84,5,29.70,Light Rain
3/5/2022,7:00 PM,79,94,6,29.70,Light Rain
3/5/2022,7:30 PM,79,100,3,29.73,Light Rain
3/5/2022,8:00 PM,77,100,3,29.73,Light Rain
3/5/2022,8:30 PM,77,94,0,29.76,Mostly Cloudy
3/5/2022,9:00 PM,77,94,2,29.76,Mostly Cloudy
3/5/2022,9:30 PM,77,100,0,29.76,Partly Cloudy
3/5/2022,10:00 PM,77,100,0,29.76,Mostly Cloudy
3/5/2022,10:30 PM,77,94,0,29.76,Partly Cloudy
3/5/2022,11:00 PM,77,100,0,29.76,Partly Cloudy
3/5/2022,11:30 PM,77,100,2,29.76,Partly Cloudy
3/6/2022,12:00 AM,75,100,2,29.73,Partly Cloudy
3/6/2022,12:30 AM,75,100,0,29.73,Partly Cloudy
3/6/2022,1:00 AM,77,100,0,29.73,Partly Cloudy
3/6/2022,1:30 AM,75,100,0,29.70,Partly Cloudy
3/6/2022,2:00 AM,75,100,0,29.70,Mostly Cloudy
3/6/2022,2:30 AM,75,100,0,29.67,Mostly Cloudy
3/6/2022,3:00 AM,75,100,0,29.67,Mostly Cloudy
3/6/2022,3:30 AM,75,100,0,29.64,Partly Cloudy
3/6/2022,4:00 AM,75,100,0,29.64,Partly Cloudy
3/6/2022,4:30 AM,75,100,0,29.64,Partly Cloudy
3/6/2022,5:00 AM,75,100,0,29.64,Fair
3/6/2022,5:30 AM,75,100,2,29.67,Fair
3/6/2022,6:00 AM,75,100,3,29.67,Fair
3/6/2022,6:30 AM,75,100,2,29.67,Fair
3/6/2022,7:00 AM,75,100,2,29.70,Partly Cloudy
3/6/2022,7:30 AM,75,100,2,29.70,Partly Cloudy
3/6/2022,8:00 AM,77,94,0,29.73,Partly Cloudy
3/6/2022,8:30 AM,79,94,0,29.73,Partly Cloudy
3/6/2022,9:00 AM,81,84,3,29.76,Partly Cloudy
3/6/2022,9:30 AM,81,84,3,29.76,Mostly Cloudy
3/6/2022,10:00 AM,82,79,3,29.76,Mostly Cloudy
3/6/2022,10:30 AM,84,74,2,29.76,Mostly Cloudy
3/6/2022,11:00 AM,84,74,3,29.76,Mostly Cloudy
3/6/2022,11:30 AM,88,66,0,29.76,Mostly Cloudy
3/6/2022,12:00 PM,86,70,6,29.73,Mostly Cloudy
3/6/2022,12:30 PM,86,70,3,29.73,Light Rain
3/6/2022,1:00 PM,86,70,5,29.70,Light Rain
3/6/2022,1:30 PM,88,66,9,29.67,Mostly Cloudy
3/6/2022,2:00 PM,90,62,12,29.67,Mostly Cloudy
3/6/2022,2:30 PM,86,74,12,29.67,Light Rain
3/6/2022,3:00 PM,84,79,12,29.64,Light Rain
3/6/2022,3:30 PM,81,89,7,29.64,Light Rain
3/6/2022,4:00 PM,82,79,9,29.64,Light Rain
3/6/2022,4:30 PM,82,79,7,29.67,Light Rain
3/6/2022,5:00 PM,82,79,8,29.64,Mostly Cloudy
3/6/2022,5:30 PM,82,79,8,29.67,Mostly Cloudy
3/6/2022,6:00 PM,81,84,7,29.67,Mostly Cloudy
3/6/2022,6:30 PM,81,84,6,29.70,Mostly Cloudy
3/6/2022,7:00 PM,79,89,5,29.70,Mostly Cloudy
3/6/2022,7:30 PM,79,89,3,29.70,Partly Cloudy
3/6/2022,8:00 PM,79,89,2,29.73,Partly Cloudy
3/6/2022,8:30 PM,79,89,0,29.73,Mostly Cloudy
3/6/2022,9:00 PM,79,89,2,29.73,Mostly Cloudy
3/6/2022,9:30 PM,79,89,0,29.76,Mostly Cloudy
3/6/2022,10:00 PM,77,100,0,29.76,Mostly Cloudy
3/6/2022,10:30 PM,79,89,2,29.76,Mostly Cloudy
3/6/2022,11:00 PM,79,89,3,29.76,Mostly Cloudy
3/6/2022,11:30 PM,79,89,2,29.76,Partly Cloudy
3/7/2022,12:00 AM,77,94,0,29.73,Partly Cloudy
3/7/2022,12:30 AM,77,94,0,29.73,Partly Cloudy
3/7/2022,1:00 AM,77,100,2,29.73,Light Rain
3/7/2022,1:30 AM,77,100,2,29.73,Mostly Cloudy
3/7/2022,2:00 AM,77,100,0,29.73,Mostly Cloudy
3/7/2022,2:30 AM,77,100,0,29.70,Mostly Cloudy
3/7/2022,3:00 AM,77,100,0,29.70,Mostly Cloudy
3/7/2022,3:30 AM,77,100,0,29.70,Mostly Cloudy
3/7/2022,4:00 AM,77,100,0,29.70,Mostly Cloudy
3/7/2022,4:30 AM,77,100,2,29.70,Mostly Cloudy
3/7/2022,5:00 AM,77,100,2,29.70,Mostly Cloudy
3/7/2022,5:30 AM,77,100,0,29.70,Mostly Cloudy
3/7/2022,6:00 AM,77,100,0,29.70,Fair
3/7/2022,6:30 AM,75,100,0,29.73,Fair
3/7/2022,7:00 AM,75,100,2,29.73,Fair
3/7/2022,7:30 AM,77,100,3,29.76,Mostly Cloudy
3/7/2022,8:00 AM,79,94,2,29.76,Mostly Cloudy
3/7/2022,8:30 AM,81,89,2,29.76,Partly Cloudy
3/7/2022,9:00 AM,82,84,7,29.79,Mostly Cloudy
3/7/2022,9:30 AM,86,70,9,29.79,Mostly Cloudy
3/7/2022,10:00 AM,86,70,13,29.76,Mostly Cloudy
3/7/2022,10:30 AM,84,79,8,29.76,Mostly Cloudy
3/7/2022,11:00 AM,86,74,8,29.76,Mostly Cloudy
3/7/2022,11:30 AM,86,70,9,29.76,Mostly Cloudy
3/7/2022,12:00 PM,86,74,10,29.73,Mostly Cloudy
3/7/2022,12:30 PM,86,70,7,29.73,Mostly Cloudy
3/7/2022,1:00 PM,88,66,14,29.70,Mostly Cloudy
3/7/2022,1:30 PM,88,66,13,29.70,Mostly Cloudy
3/7/2022,2:00 PM,88,66,10,29.67,Mostly Cloudy
3/7/2022,2:30 PM,88,66,13,29.67,Mostly Cloudy
3/7/2022,3:00 PM,88,66,14,29.64,Partly Cloudy
3/7/2022,3:30 PM,88,62,12,29.64,Partly Cloudy
3/7/2022,4:00 PM,88,66,15,29.61,Partly Cloudy
3/7/2022,4:30 PM,86,66,13,29.64,Partly Cloudy
3/7/2022,5:00 PM,86,66,10,29.64,Fair
3/7/2022,5:30 PM,84,70,13,29.64,Fair
3/7/2022,6:00 PM,84,70,8,29.64,Fair
3/7/2022,6:30 PM,82,74,8,29.64,Fair
3/7/2022,7:00 PM,82,74,6,29.64,Fair
3/7/2022,7:30 PM,81,84,7,29.67,Fair
3/7/2022,8:00 PM,81,84,5,29.67,Fair
3/7/2022,8:30 PM,81,84,6,29.67,Fair
3/7/2022,9:00 PM,81,84,7,29.67,Fair
3/7/2022,9:30 PM,81,84,5,29.70,Fair
3/7/2022,10:00 PM,81,84,2,29.73,Fair
3/7/2022,10:30 PM,79,89,2,29.73,Fair
3/7/2022,11:00 PM,79,89,0,29.76,Fair
3/7/2022,11:30 PM,79,94,0,29.73,Fair
3/8/2022,12:00 AM,77,100,2,29.73,Fair
3/8/2022,12:30 AM,77,100,2,29.73,Fair
3/8/2022,1:00 AM,77,100,0,29.70,Fair
3/8/2022,1:30 AM,77,100,0,29.70,Fair
3/8/2022,2:00 AM,77,94,5,29.70,Fair
3/8/2022,2:30 AM,77,100,5,29.67,Fair
3/8/2022,3:00 AM,75,100,5,29.67,Fair
3/8/2022,3:30 AM,75,100,6,29.67,Fair
3/8/2022,4:00 AM,75,100,0,29.67,Fair
3/8/2022,4:30 AM,75,100,0,29.67,Fair
3/8/2022,5:00 AM,75,100,0,29.67,Fair
3/8/2022,5:30 AM,75,100,0,29.67,Fair
3/8/2022,6:00 AM,75,100,0,29.67,Partly Cloudy
3/8/2022,6:30 AM,75,100,3,29.70,Partly Cloudy
3/8/2022,7:00 AM,75,100,2,29.70,Partly Cloudy
3/8/2022,7:30 AM,77,100,0,29.73,Mostly Cloudy
3/8/2022,8:00 AM,77,94,3,29.76,Mostly Cloudy
3/8/2022,8:30 AM,79,94,3,29.76,Mostly Cloudy
3/8/2022,9:00 AM,81,84,3,29.76,Mostly Cloudy
3/8/2022,9:30 AM,82,79,3,29.76,Mostly Cloudy
3/8/2022,10:00 AM,82,74,3,29.76,Partly Cloudy
3/8/2022,10:30 AM,84,70,3,29.76,Partly Cloudy
3/8/2022,11:00 AM,86,66,3,29.73,Partly Cloudy
3/8/2022,11:30 AM,86,66,2,29.73,Fair
3/8/2022,12:00 PM,88,66,3,29.70,Fair
3/8/2022,12:30 PM,88,66,6,29.70,Partly Cloudy
3/8/2022,1:00 PM,84,74,12,29.67,Light Rain
3/8/2022,1:30 PM,79,94,7,29.67,Showers in the Vicinity
3/8/2022,2:00 PM,77,100,7,29.64,Light Rain with Thunder
3/8/2022,2:30 PM,86,74,5,29.64,Showers in the Vicinity
3/8/2022,3:00 PM,88,66,14,29.64,Partly Cloudy
3/8/2022,3:30 PM,86,70,17,29.61,Partly Cloudy
3/8/2022,4:00 PM,84,74,20,29.61,Partly Cloudy
3/8/2022,4:30 PM,84,74,17,29.64,Showers in the Vicinity
3/8/2022,5:00 PM,82,79,17,29.64,Showers in the Vicinity
3/8/2022,5:30 PM,82,79,15,29.64,Mostly Cloudy
3/8/2022,6:00 PM,82,79,13,29.67,Mostly Cloudy
3/8/2022,6:30 PM,81,84,8,29.67,Mostly Cloudy
3/8/2022,7:00 PM,81,84,12,29.70,Mostly Cloudy
3/8/2022,7:30 PM,81,84,9,29.70,Mostly Cloudy
3/8/2022,8:00 PM,81,84,9,29.70,Mostly Cloudy
3/8/2022,8:30 PM,81,84,5,29.73,Mostly Cloudy
3/8/2022,9:00 PM,79,89,5,29.73,Mostly Cloudy
3/8/2022,9:30 PM,79,89,2,29.76,Mostly Cloudy
3/8/2022,10:00 PM,79,89,5,29.76,Mostly Cloudy
3/8/2022,10:30 PM,79,89,5,29.76,Mostly Cloudy
3/8/2022,11:00 PM,79,83,3,29.76,Mostly Cloudy
3/8/2022,11:30 PM,79,83,3,29.76,Mostly Cloudy
3/9/2022,12:00 AM,79,83,2,29.76,Partly Cloudy
3/9/2022,12:30 AM,79,83,0,29.73,Mostly Cloudy
3/9/2022,1:00 AM,77,94,5,29.73,Mostly Cloudy
3/9/2022,1:30 AM,77,94,0,29.70,Mostly Cloudy
3/9/2022,2:00 AM,77,94,0,29.70,Mostly Cloudy
3/9/2022,2:30 AM,77,94,0,29.70,Mostly Cloudy
3/9/2022,3:00 AM,77,94,0,29.67,Mostly Cloudy
3/9/2022,3:30 AM,75,100,3,29.67,Mostly Cloudy
3/9/2022,4:00 AM,75,100,3,29.67,Mostly Cloudy
3/9/2022,4:30 AM,75,100,3,29.67,Mostly Cloudy
3/9/2022,5:00 AM,75,100,0,29.67,Mostly Cloudy
3/9/2022,5:30 AM,75,100,5,29.67,Mostly Cloudy
3/9/2022,6:00 AM,75,100,5,29.67,Mostly Cloudy
3/9/2022,6:30 AM,75,100,5,29.67,Mostly Cloudy
3/9/2022,7:00 AM,77,94,3,29.70,Mostly Cloudy
3/9/2022,7:30 AM,79,89,3,29.70,Mostly Cloudy
3/9/2022,8:00 AM,81,84,7,29.70,Partly Cloudy
3/9/2022,8:30 AM,82,74,9,29.73,Partly Cloudy
3/9/2022,9:00 AM,84,74,13,29.73,Fair
3/9/2022,9:30 AM,86,70,13,29.73,Partly Cloudy
3/9/2022,10:00 AM,86,70,13,29.73,Partly Cloudy
3/9/2022,10:30 AM,86,70,13,29.73,Partly Cloudy
3/9/2022,11:00 AM,88,70,14,29.73,Partly Cloudy
3/9/2022,11:30 AM,88,66,14,29.70,Partly Cloudy
3/9/2022,12:00 PM,88,70,10,29.70,Partly Cloudy
3/9/2022,12:30 PM,88,66,13,29.67,Partly Cloudy
3/9/2022,1:00 PM,88,66,12,29.67,Partly Cloudy
3/9/2022,1:30 PM,88,66,13,29.64,Mostly Cloudy
3/9/2022,2:00 PM,84,74,10,29.64,Light Rain
3/9/2022,2:30 PM,82,84,9,29.64,Light Rain
3/9/2022,3:00 PM,86,74,15,29.64,Mostly Cloudy
3/9/2022,3:30 PM,86,70,15,29.64,Mostly Cloudy
3/9/2022,4:00 PM,86,74,15,29.61,Showers in the Vicinity
3/9/2022,4:30 PM,82,84,7,29.61,Showers in the Vicinity
3/9/2022,5:00 PM,84,74,14,29.64,Mostly Cloudy
3/9/2022,5:30 PM,84,74,13,29.64,Mostly Cloudy
3/9/2022,6:00 PM,84,74,9,29.64,Mostly Cloudy
3/9/2022,6:30 PM,82,79,9,29.64,Mostly Cloudy
3/9/2022,7:00 PM,82,79,8,29.67,Mostly Cloudy
3/9/2022,7:30 PM,82,79,8,29.67,Partly Cloudy
3/9/2022,8:00 PM,82,79,8,29.67,Partly Cloudy
3/9/2022,8:30 PM,82,79,9,29.70,Mostly Cloudy
3/9/2022,9:00 PM,82,79,7,29.70,Mostly Cloudy
3/9/2022,9:30 PM,81,84,5,29.73,Mostly Cloudy
3/9/2022,10:00 PM,81,84,5,29.73,Partly Cloudy
3/9/2022,10:30 PM,81,89,5,29.73,Mostly Cloudy
3/9/2022,11:00 PM,79,94,2,29.73,Mostly Cloudy
3/9/2022,11:30 PM,79,94,0,29.73,Mostly Cloudy
3/10/2022,12:00 AM,79,94,0,29.73,Partly Cloudy
3/10/2022,12:30 AM,79,94,0,29.73,Partly Cloudy
3/10/2022,1:00 AM,79,94,2,29.70,Partly Cloudy
3/10/2022,1:30 AM,79,94,2,29.70,Partly Cloudy
3/10/2022,2:00 AM,79,94,3,29.70,Partly Cloudy
3/10/2022,2:30 AM,79,89,0,29.67,Partly Cloudy
3/10/2022,3:00 AM,77,100,0,29.67,Partly Cloudy
3/10/2022,3:30 AM,77,100,2,29.67,Mostly Cloudy
3/10/2022,4:00 AM,77,94,2,29.67,Mostly Cloudy
3/10/2022,4:30 AM,77,100,0,29.67,Mostly Cloudy
3/10/2022,5:00 AM,77,100,0,29.67,Mostly Cloudy
3/10/2022,5:30 AM,77,94,1,29.67,Mostly Cloudy
3/10/2022,6:00 AM,77,94,2,29.67,Partly Cloudy
3/10/2022,6:30 AM,75,100,3,29.70,Partly Cloudy
3/10/2022,7:00 AM,77,94,5,29.70,Fair
3/10/2022,7:30 AM,79,94,2,29.73,Fair
3/10/2022,8:00 AM,79,89,3,29.73,Fair
3/10/2022,8:30 AM,82,79,2,29.73,Fair
3/10/2022,9:00 AM,84,70,5,29.73,Fair
3/10/2022,9:30 AM,84,74,5,29.76,Fair
3/10/2022,10:00 AM,88,62,9,29.76,Fair
3/10/2022,10:30 AM,88,66,6,29.73,Fair
3/10/2022,11:00 AM,90,62,5,29.73,Partly Cloudy
3/10/2022,11:30 AM,91,55,5,29.73,Partly Cloudy
3/10/2022,12:00 PM,91,55,8,29.70,Fair
3/10/2022,12:30 PM,91,55,9,29.70,Fair
3/10/2022,1:00 PM,91,59,7,29.67,Fair
3/10/2022,1:30 PM,93,52,3,29.64,Fair
3/10/2022,2:00 PM,93,52,6,29.61,Fair
3/10/2022,2:30 PM,93,52,8,29.61,Fair
3/10/2022,3:00 PM,91,52,7,29.58,Partly Cloudy
3/10/2022,3:30 PM,91,55,12,29.58,Partly Cloudy
3/10/2022,4:00 PM,91,52,13,29.58,Fair
3/10/2022,4:30 PM,91,49,14,29.58,Fair
3/10/2022,5:00 PM,91,49,14,29.58,Fair
3/10/2022,5:30 PM,90,55,13,29.58,Fair
3/10/2022,6:00 PM,88,62,13,29.61,Fair
3/10/2022,6:30 PM,86,66,10,29.61,Fair
3/10/2022,7:00 PM,84,70,3,29.64,Fair
3/10/2022,7:30 PM,82,74,5,29.64,Fair
3/10/2022,8:00 PM,82,74,5,29.67,Fair
3/10/2022,8:30 PM,82,79,5,29.67,Fair
3/10/2022,9:00 PM,81,79,5,29.67,Fair
3/10/2022,9:30 PM,81,84,3,29.70,Fair
3/10/2022,10:00 PM,81,84,0,29.70,Fair
3/10/2022,10:30 PM,79,89,3,29.70,Fair
3/10/2022,11:00 PM,79,83,5,29.70,Fair
3/10/2022,11:30 PM,79,83,2,29.73,Fair
3/11/2022,12:00 AM,77,94,3,29.70,Fair
3/11/2022,12:30 AM,77,94,0,29.70,Fair
3/11/2022,1:00 AM,77,94,0,29.70,Fair
3/11/2022,1:30 AM,77,94,0,29.70,Fair
3/11/2022,2:00 AM,75,100,0,29.67,Fair
3/11/2022,2:30 AM,75,100,0,29.67,Fair
3/11/2022,3:00 AM,75,100,0,29.67,Fair
3/11/2022,3:30 AM,75,100,0,29.67,Fair
3/11/2022,4:00 AM,75,100,0,29.67,Fair
3/11/2022,4:30 AM,75,100,0,29.67,Fair
3/11/2022,5:00 AM,75,100,0,29.67,Fair
3/11/2022,5:30 AM,73,100,0,29.67,Fair
3/11/2022,6:00 AM,73,100,0,29.67,Fair
3/11/2022,6:30 AM,73,100,0,29.67,Fair
3/11/2022,7:00 AM,73,100,0,29.70,Fair
3/11/2022,7:30 AM,75,100,0,29.70,Fair
3/11/2022,8:00 AM,77,94,0,29.70,Fair
3/11/2022,8:30 AM,81,84,0,29.73,Fair
3/11/2022,9:00 AM,82,74,2,29.73,Fair
3/11/2022,9:30 AM,84,70,5,29.73,Fair
3/11/2022,10:00 AM,84,70,8,29.73,Fair
3/11/2022,10:30 AM,86,66,6,29.73,Fair
3/11/2022,11:00 AM,88,66,7,29.70,Fair
3/11/2022,11:30 AM,88,62,6,29.70,Partly Cloudy
3/11/2022,12:00 PM,88,62,6,29.70,Partly Cloudy
3/11/2022,12:30 PM,90,62,7,29.67,Fair
3/11/2022,1:00 PM,90,59,8,29.64,Fair
3/11/2022,1:30 PM,91,55,6,29.64,Partly Cloudy
3/11/2022,2:00 PM,90,59,7,29.61,Fair
3/11/2022,2:30 PM,90,55,10,29.61,Fair
3/11/2022,3:00 PM,91,55,7,29.61,Fair
3/11/2022,3:30 PM,90,62,8,29.58,Fair
3/11/2022,4:00 PM,91,59,8,29.58,Fair
3/11/2022,4:30 PM,90,62,9,29.58,Fair
3/11/2022,5:00 PM,90,62,9,29.58,Fair
3/11/2022,5:30 PM,88,62,9,29.58,Fair
3/11/2022,6:00 PM,86,66,6,29.58,Fair
3/11/2022,6:30 PM,86,66,3,29.61,Fair
3/11/2022,7:00 PM,84,70,5,29.61,Fair
3/11/2022,7:30 PM,82,79,7,29.64,Fair
3/11/2022,8:00 PM,82,79,5,29.64,Fair
3/11/2022,8:30 PM,81,84,2,29.67,Fair
3/11/2022,9:00 PM,81,89,3,29.67,Fair
3/11/2022,9:30 PM,81,89,0,29.67,Fair
3/11/2022,10:00 PM,81,84,2,29.70,Partly Cloudy
3/11/2022,10:30 PM,81,89,0,29.70,Partly Cloudy
3/11/2022,11:00 PM,81,84,0,29.70,Partly Cloudy
3/11/2022,11:30 PM,79,94,0,29.70,Partly Cloudy
3/12/2022,12:00 AM,79,94,5,29.70,Partly Cloudy
3/12/2022,12:30 AM,77,100,3,29.70,Fair
3/12/2022,1:00 AM,77,100,0,29.67,Fair
3/12/2022,1:30 AM,77,100,0,29.67,Partly Cloudy
3/12/2022,2:00 AM,77,100,0,29.67,Partly Cloudy
3/12/2022,2:30 AM,77,100,0,29.64,Partly Cloudy
3/12/2022,3:00 AM,77,100,0,29.64,Partly Cloudy
3/12/2022,3:30 AM,77,100,0,29.64,Partly Cloudy
3/12/2022,4:00 AM,75,100,0,29.64,Partly Cloudy
3/12/2022,4:30 AM,75,100,0,29.64,Partly Cloudy
3/12/2022,5:00 AM,75,100,0,29.64,Partly Cloudy
3/12/2022,5:30 AM,75,100,0,29.64,Partly Cloudy
3/12/2022,6:00 AM,75,100,0,29.64,Fair
3/12/2022,6:30 AM,75,100,0,29.64,Fair
3/12/2022,7:00 AM,75,100,0,29.67,Fair
3/12/2022,7:30 AM,77,100,0,29.67,Fair
3/12/2022,8:00 AM,77,100,0,29.70,Fair
3/12/2022,8:30 AM,79,94,0,29.70,Fair
3/12/2022,9:00 AM,82,79,0,29.70,Fair
3/12/2022,9:30 AM,82,79,2,29.70,Fair
3/12/2022,10:00 AM,84,74,0,29.70,Partly Cloudy
3/12/2022,10:30 AM,86,70,0,29.70,Partly Cloudy
3/12/2022,11:00 AM,88,66,5,29.70,Partly Cloudy
3/12/2022,11:30 AM,88,66,5,29.67,Partly Cloudy
3/12/2022,12:00 PM,88,62,7,29.64,Partly Cloudy
3/12/2022,12:30 PM,91,63,9,29.64,Partly Cloudy
3/12/2022,1:00 PM,91,59,12,29.61,Partly Cloudy
3/12/2022,1:30 PM,91,59,12,29.61,Fair
3/12/2022,2:00 PM,91,59,13,29.58,Fair
3/12/2022,2:30 PM,91,55,14,29.58,Fair
3/12/2022,3:00 PM,91,55,14,29.58,Fair
3/12/2022,3:30 PM,91,55,15,29.58,Fair
3/12/2022,4:00 PM,90,59,15,29.58,Fair
3/12/2022,4:30 PM,90,59,13,29.58,Fair
3/12/2022,5:00 PM,88,62,12,29.58,Fair
3/12/2022,5:30 PM,88,62,10,29.58,Fair
3/12/2022,6:00 PM,86,66,12,29.58,Fair
3/12/2022,6:30 PM,84,70,8,29.58,Fair
3/12/2022,7:00 PM,82,79,6,29.61,Fair
3/12/2022,7:30 PM,82,79,9,29.61,Fair
3/12/2022,8:00 PM,82,84,6,29.64,Fair
3/12/2022,8:30 PM,81,84,5,29.64,Fair
3/12/2022,9:00 PM,81,84,0,29.67,Fair
3/12/2022,9:30 PM,81,84,2,29.67,Fair
3/12/2022,10:00 PM,81,84,0,29.67,Fair
3/12/2022,10:30 PM,81,84,0,29.67,Fair
3/12/2022,11:00 PM,79,89,0,29.67,Fair
3/12/2022,11:30 PM,79,94,0,29.67,Fair
3/13/2022,12:00 AM,79,94,0,29.67,Fair
3/13/2022,12:30 AM,79,89,0,29.64,Fair
3/13/2022,1:00 AM,79,89,0,29.64,Fair
3/13/2022,1:30 AM,77,100,0,29.64,Fair
3/13/2022,2:00 AM,77,94,0,29.64,Fair
3/13/2022,2:30 AM,77,94,0,29.61,Fair
3/13/2022,3:00 AM,77,94,0,29.61,Fair
3/13/2022,3:30 AM,77,94,0,29.61,Fair
3/13/2022,4:00 AM,77,94,0,29.61,Fair
3/13/2022,4:30 AM,77,94,0,29.61,Fair
3/13/2022,5:00 AM,77,94,0,29.61,Fair
3/13/2022,5:30 AM,75,100,0,29.64,Fair
3/13/2022,6:00 AM,75,100,0,29.64,Partly Cloudy
3/13/2022,6:30 AM,75,100,0,29.64,Fair
3/13/2022,7:00 AM,75,100,0,29.67,Fair
3/13/2022,7:30 AM,79,89,0,29.67,Fair
3/13/2022,8:00 AM,79,94,0,29.67,Mostly Cloudy
3/13/2022,8:30 AM,81,89,0,29.67,Mostly Cloudy
3/13/2022,9:00 AM,82,84,0,29.70,Mostly Cloudy
3/13/2022,9:30 AM,86,70,3,29.70,Mostly Cloudy
3/13/2022,10:00 AM,88,66,3,29.70,Partly Cloudy
3/13/2022,10:30 AM,88,62,3,29.70,Partly Cloudy
3/13/2022,11:00 AM,90,59,8,29.70,Partly Cloudy
3/13/2022,11:30 AM,90,59,7,29.67,Partly Cloudy
3/13/2022,12:00 PM,91,55,10,29.67,Mostly Cloudy
3/13/2022,12:30 PM,91,59,12,29.64,Mostly Cloudy
3/13/2022,1:00 PM,91,55,13,29.64,Mostly Cloudy
3/13/2022,1:30 PM,91,59,14,29.61,Mostly Cloudy
3/13/2022,2:00 PM,91,55,14,29.61,Mostly Cloudy
3/13/2022,2:30 PM,91,59,14,29.58,Mostly Cloudy
3/13/2022,3:00 PM,90,59,16,29.58,Mostly Cloudy
3/13/2022,3:30 PM,90,62,14,29.58,Mostly Cloudy
3/13/2022,4:00 PM,91,59,10,29.58,Mostly Cloudy
3/13/2022,4:30 PM,88,62,15,29.58,Mostly Cloudy
3/13/2022,5:00 PM,86,66,14,29.58,Mostly Cloudy
3/13/2022,5:30 PM,86,70,12,29.58,Mostly Cloudy
3/13/2022,6:00 PM,84,74,12,29.61,Mostly Cloudy
3/13/2022,6:30 PM,82,79,10,29.61,Light Rain
3/13/2022,7:00 PM,79,89,3,29.64,Light Rain
3/13/2022,7:30 PM,81,84,2,29.64,Mostly Cloudy
3/13/2022,8:00 PM,81,84,0,29.67,Mostly Cloudy
3/13/2022,8:30 PM,81,84,0,29.67,Mostly Cloudy
3/13/2022,9:00 PM,81,89,0,29.67,Mostly Cloudy
3/13/2022,9:30 PM,81,89,0,29.67,Mostly Cloudy
3/13/2022,10:00 PM,79,94,2,29.67,Mostly Cloudy
3/13/2022,10:30 PM,81,89,0,29.70,Mostly Cloudy
3/13/2022,11:00 PM,79,94,0,29.70,Partly Cloudy
3/13/2022,11:30 PM,79,94,0,29.70,Partly Cloudy
3/14/2022,12:00 AM,79,94,0,29.67,Partly Cloudy
3/14/2022,12:30 AM,79,94,0,29.67,Partly Cloudy
3/14/2022,1:00 AM,79,94,0,29.67,Partly Cloudy
3/14/2022,1:30 AM,79,94,0,29.67,Partly Cloudy
3/14/2022,2:00 AM,79,94,1,29.64,Partly Cloudy
3/14/2022,2:30 AM,79,100,5,29.64,Partly Cloudy
3/14/2022,3:00 AM,79,94,3,29.64,Partly Cloudy
3/14/2022,3:30 AM,77,100,0,29.61,Partly Cloudy
3/14/2022,4:00 AM,77,100,0,29.61,Mostly Cloudy
3/14/2022,4:30 AM,77,100,0,29.61,Mostly Cloudy
3/14/2022,5:00 AM,77,100,0,29.61,Partly Cloudy
3/14/2022,5:30 AM,77,100,0,29.61,Partly Cloudy
3/14/2022,6:00 AM,77,100,0,29.64,Partly Cloudy
3/14/2022,6:30 AM,77,100,0,29.64,Partly Cloudy
3/14/2022,7:00 AM,77,100,0,29.67,Partly Cloudy
3/14/2022,7:30 AM,79,100,0,29.67,Rain
3/14/2022,8:00 AM,79,100,0,29.67,Light Rain
3/14/2022,8:30 AM,81,94,5,29.70,Mostly Cloudy
3/14/2022,9:00 AM,81,94,2,29.70,Light Rain
3/14/2022,9:30 AM,81,94,3,29.73,Showers in the Vicinity
3/14/2022,10:00 AM,81,94,0,29.73,Light Rain
3/14/2022,10:30 AM,81,94,0,29.70,Light Rain
3/14/2022,11:00 AM,82,89,2,29.70,Showers in the Vicinity
3/14/2022,11:30 AM,84,84,6,29.70,Showers in the Vicinity
3/14/2022,12:00 PM,82,89,6,29.67,Light Rain
3/14/2022,12:30 PM,79,100,6,29.67,T-Storm
3/14/2022,1:00 PM,81,100,6,29.64,Light Rain with Thunder
3/14/2022,1:30 PM,82,94,6,29.64,Showers in the Vicinity
3/14/2022,2:00 PM,84,89,3,29.61,Mostly Cloudy
3/14/2022,2:30 PM,88,79,5,29.61,Mostly Cloudy
3/14/2022,3:00 PM,82,94,3,29.58,Light Rain
3/14/2022,3:30 PM,86,79,10,29.58,Showers in the Vicinity
3/14/2022,4:00 PM,82,89,8,29.58,Showers in the Vicinity
3/14/2022,4:30 PM,84,84,10,29.58,Showers in the Vicinity
3/14/2022,5:00 PM,82,89,7,29.61,Showers in the Vicinity
3/14/2022,5:30 PM,82,84,8,29.61,Showers in the Vicinity
3/14/2022,6:00 PM,81,89,5,29.64,Showers in the Vicinity
3/14/2022,6:30 PM,81,84,5,29.64,Mostly Cloudy
3/14/2022,7:00 PM,79,94,3,29.64,Mostly Cloudy
3/14/2022,7:30 PM,79,94,2,29.67,Mostly Cloudy
3/14/2022,8:00 PM,77,100,2,29.67,Mostly Cloudy
3/14/2022,8:30 PM,77,100,0,29.67,Partly Cloudy
3/14/2022,9:00 PM,77,100,5,29.67,Partly Cloudy
3/14/2022,9:30 PM,79,94,2,29.67,Partly Cloudy
3/14/2022,10:00 PM,77,100,0,29.67,Fair
3/14/2022,10:30 PM,77,100,3,29.67,Fair
3/14/2022,11:00 PM,77,100,0,29.67,Fair
3/14/2022,11:30 PM,77,100,3,29.70,Partly Cloudy
3/15/2022,12:00 AM,77,100,0,29.67,Partly Cloudy
3/15/2022,12:30 AM,77,100,0,29.67,Partly Cloudy
3/15/2022,1:00 AM,77,100,2,29.67,Fair
3/15/2022,1:30 AM,77,100,2,29.64,Fair
3/15/2022,2:00 AM,77,100,0,29.64,Fair
3/15/2022,2:30 AM,77,100,0,29.64,Fair
3/15/2022,3:00 AM,77,100,3,29.61,Fair
3/15/2022,3:30 AM,77,100,3,29.61,Fair
3/15/2022,4:00 AM,77,100,3,29.61,Fair
3/15/2022,4:30 AM,77,100,2,29.61,Fair
3/15/2022,5:00 AM,75,100,0,29.61,Fair
3/15/2022,5:30 AM,75,100,0,29.61,Fair
3/15/2022,6:00 AM,75,100,0,29.61,Fair
3/15/2022,6:30 AM,75,100,0,29.64,Fair
3/15/2022,7:00 AM,75,100,0,29.64,Fair
3/15/2022,7:30 AM,77,100,0,29.67,Fair
3/15/2022,8:00 AM,79,94,5,29.67,Fair
3/15/2022,8:30 AM,81,89,6,29.67,Fair
3/15/2022,9:00 AM,84,79,5,29.70,Fair
3/15/2022,9:30 AM,84,74,6,29.70,Partly Cloudy
3/15/2022,10:00 AM,86,70,8,29.70,Partly Cloudy
3/15/2022,10:30 AM,88,66,8,29.70,Partly Cloudy
3/15/2022,11:00 AM,86,74,8,29.70,Partly Cloudy
3/15/2022,11:30 AM,88,66,7,29.70,Partly Cloudy
3/15/2022,12:00 PM,88,66,8,29.67,Partly Cloudy
3/15/2022,12:30 PM,90,62,9,29.64,Partly Cloudy
3/15/2022,1:00 PM,88,66,10,29.64,Partly Cloudy
3/15/2022,1:30 PM,90,62,9,29.64,Partly Cloudy
3/15/2022,2:00 PM,90,62,10,29.61,Partly Cloudy
3/15/2022,2:30 PM,90,66,10,29.58,Partly Cloudy
3/15/2022,3:00 PM,90,62,10,29.58,Partly Cloudy
3/15/2022,3:30 PM,90,66,9,29.55,Partly Cloudy
3/15/2022,4:00 PM,90,66,10,29.55,Partly Cloudy
3/15/2022,4:30 PM,88,62,10,29.55,Fair
3/15/2022,5:00 PM,88,66,8,29.55,Fair
3/15/2022,5:30 PM,86,70,9,29.58,Fair
3/15/2022,6:00 PM,84,74,8,29.58,Partly Cloudy
3/15/2022,6:30 PM,84,74,7,29.58,Fair
3/15/2022,7:00 PM,82,79,6,29.61,Fair
3/15/2022,7:30 PM,82,79,8,29.61,Fair
3/15/2022,8:00 PM,81,84,7,29.64,Fair
3/15/2022,8:30 PM,81,84,2,29.64,Fair
3/15/2022,9:00 PM,81,84,0,29.67,Fair
3/15/2022,9:30 PM,81,84,3,29.67,Fair
3/15/2022,10:00 PM,81,84,2,29.67,Fair
3/15/2022,10:30 PM,79,94,2,29.67,Fair
3/15/2022,11:00 PM,79,94,3,29.70,Fair
3/15/2022,11:30 PM,79,94,0,29.70,Fair
3/16/2022,12:00 AM,77,100,2,29.67,Fair
3/16/2022,12:30 AM,77,100,0,29.67,Fair
3/16/2022,1:00 AM,77,100,0,29.64,Fair
3/16/2022,1:30 AM,77,94,0,29.64,Fair
3/16/2022,2:00 AM,75,100,0,29.61,Fair
3/16/2022,2:30 AM,75,100,0,29.61,Fair
3/16/2022,3:00 AM,75,100,2,29.61,Fair
3/16/2022,3:30 AM,75,100,0,29.58,Fair
3/16/2022,4:00 AM,75,100,0,29.58,Fair
3/16/2022,4:30 AM,75,100,0,29.58,Fair
3/16/2022,5:00 AM,73,100,3,29.61,Fair
3/16/2022,5:30 AM,73,100,2,29.61,Fair
3/16/2022,6:00 AM,73,100,5,29.61,Fair
3/16/2022,6:30 AM,73,100,0,29.61,Fair
3/16/2022,7:00 AM,73,100,2,29.64,Fair
3/16/2022,7:30 AM,77,94,0,29.67,Fair
3/16/2022,8:00 AM,77,94,0,29.67,Fair
3/16/2022,8:30 AM,79,94,3,29.70,Fair
3/16/2022,9:00 AM,82,79,3,29.70,Fair
3/16/2022,9:30 AM,84,74,3,29.70,Fair
3/16/2022,10:00 AM,86,70,5,29.70,Fair
3/16/2022,10:30 AM,86,70,5,29.70,Fair
3/16/2022,11:00 AM,88,66,3,29.70,Fair
3/16/2022,11:30 AM,88,62,5,29.67,Fair
3/16/2022,12:00 PM,90,62,5,29.67,Fair
3/16/2022,12:30 PM,90,55,8,29.64,Fair
3/16/2022,1:00 PM,90,62,9,29.64,Partly Cloudy
3/16/2022,1:30 PM,90,62,10,29.61,Partly Cloudy
3/16/2022,2:00 PM,90,59,7,29.61,Partly Cloudy
3/16/2022,2:30 PM,91,59,8,29.58,Fair
3/16/2022,3:00 PM,90,66,9,29.58,Fair
3/16/2022,3:30 PM,90,62,9,29.58,Fair
3/16/2022,4:00 PM,90,62,10,29.55,Fair
3/16/2022,4:30 PM,88,66,9,29.55,Fair
3/16/2022,5:00 PM,86,70,8,29.55,Fair
3/16/2022,5:30 PM,84,74,7,29.55,Fair
3/16/2022,6:00 PM,84,74,7,29.55,Fair
3/16/2022,6:30 PM,84,74,5,29.58,Fair
3/16/2022,7:00 PM,82,79,6,29.61,Partly Cloudy
3/16/2022,7:30 PM,82,79,8,29.64,Partly Cloudy
3/16/2022,8:00 PM,81,84,6,29.64,Partly Cloudy
3/16/2022,8:30 PM,81,84,0,29.67,Partly Cloudy
3/16/2022,9:00 PM,79,94,0,29.67,Mostly Cloudy
3/16/2022,9:30 PM,79,94,2,29.67,Mostly Cloudy
3/16/2022,10:00 PM,79,94,0,29.70,Mostly Cloudy
3/16/2022,10:30 PM,79,94,0,29.70,Mostly Cloudy
3/16/2022,11:00 PM,77,100,0,29.70,Partly Cloudy
3/16/2022,11:30 PM,77,94,0,29.70,Partly Cloudy
3/17/2022,12:00 AM,79,94,2,29.70,Mostly Cloudy
3/17/2022,12:30 AM,77,100,0,29.67,Mostly Cloudy
3/17/2022,1:00 AM,77,100,0,29.67,Mostly Cloudy
3/17/2022,1:30 AM,77,100,0,29.67,Mostly Cloudy
3/17/2022,2:00 AM,77,100,0,29.64,Mostly Cloudy
3/17/2022,2:30 AM,77,100,0,29.64,Mostly Cloudy
3/17/2022,3:00 AM,77,94,0,29.61,Mostly Cloudy
3/17/2022,3:30 AM,77,94,0,29.61,Mostly Cloudy
3/17/2022,4:00 AM,75,100,0,29.61,Mostly Cloudy
3/17/2022,4:30 AM,75,100,0,29.61,Partly Cloudy
3/17/2022,5:00 AM,75,100,2,29.61,Partly Cloudy
3/17/2022,5:30 AM,75,94,0,29.61,Fair
3/17/2022,6:00 AM,73,100,2,29.64,Fair
3/17/2022,6:30 AM,73,100,0,29.64,Fair
3/17/2022,7:00 AM,75,94,0,29.67,Fair
3/17/2022,7:30 AM,77,100,0,29.67,Fair
3/17/2022,8:00 AM,79,100,0,29.67,Fair
3/17/2022,8:30 AM,82,94,0,29.70,Fair
3/17/2022,9:00 AM,84,74,3,29.70,Fair
3/17/2022,9:30 AM,84,74,6,29.70,Fair
3/17/2022,10:00 AM,86,66,6,29.70,Fair
3/17/2022,10:30 AM,88,62,7,29.70,Fair
3/17/2022,11:00 AM,88,62,7,29.70,Partly Cloudy
3/17/2022,11:30 AM,90,59,9,29.67,Fair
3/17/2022,12:00 PM,91,59,7,29.67,Fair
3/17/2022,12:30 PM,90,62,9,29.64,Fair
3/17/2022,1:00 PM,91,55,9,29.64,Fair
3/17/2022,1:30 PM,93,49,8,29.61,Fair
3/17/2022,2:00 PM,93,49,9,29.58,Fair
3/17/2022,2:30 PM,93,52,8,29.58,Fair
3/17/2022,3:00 PM,91,59,8,29.55,Fair
3/17/2022,3:30 PM,88,66,10,29.55,Partly Cloudy
3/17/2022,4:00 PM,86,70,9,29.55,Partly Cloudy
3/17/2022,4:30 PM,86,74,10,29.55,Fair
3/17/2022,5:00 PM,86,74,9,29.55,Fair
3/17/2022,5:30 PM,86,70,10,29.55,Fair
3/17/2022,6:00 PM,86,70,8,29.58,Partly Cloudy
3/17/2022,6:30 PM,84,74,10,29.58,Mostly Cloudy
3/17/2022,7:00 PM,84,74,7,29.61,Mostly Cloudy
3/17/2022,7:30 PM,82,84,9,29.61,Mostly Cloudy
3/17/2022,8:00 PM,82,84,8,29.64,Light Rain
3/17/2022,8:30 PM,81,89,2,29.67,Mostly Cloudy
3/17/2022,9:00 PM,82,89,0,29.67,Light Rain
3/17/2022,9:30 PM,81,94,3,29.70,Light Rain
3/17/2022,10:00 PM,81,94,3,29.70,Light Rain
3/17/2022,10:30 PM,81,94,6,29.70,Light Rain
3/17/2022,11:00 PM,81,94,5,29.70,Light Rain
3/17/2022,11:30 PM,79,100,2,29.70,Light Rain
3/18/2022,12:00 AM,79,100,5,29.70,Light Rain
3/18/2022,12:30 AM,79,100,6,29.70,Mostly Cloudy
3/18/2022,1:00 AM,79,100,3,29.67,Light Rain
3/18/2022,1:30 AM,77,100,3,29.64,Mostly Cloudy
3/18/2022,2:00 AM,77,100,2,29.61,Light Rain
3/18/2022,2:30 AM,77,100,5,29.61,Light Rain
3/18/2022,3:00 AM,75,100,7,29.64,Light Rain
3/18/2022,3:30 AM,75,100,3,29.64,Mostly Cloudy
3/18/2022,4:00 AM,75,100,5,29.64,Light Rain
3/18/2022,4:30 AM,75,100,5,29.64,Mostly Cloudy
3/18/2022,5:00 AM,75,100,3,29.64,Light Rain
3/18/2022,5:30 AM,75,100,5,29.64,Light Rain
3/18/2022,6:00 AM,75,100,5,29.67,Mostly Cloudy
3/18/2022,6:30 AM,75,100,5,29.67,Mostly Cloudy
3/18/2022,7:00 AM,75,100,3,29.67,Mostly Cloudy
3/18/2022,7:30 AM,77,94,0,29.67,Mostly Cloudy
3/18/2022,8:00 AM,79,89,3,29.70,Mostly Cloudy
3/18/2022,8:30 AM,79,89,5,29.70,Mostly Cloudy
3/18/2022,9:00 AM,82,74,3,29.73,Mostly Cloudy
3/18/2022,9:30 AM,82,79,3,29.73,Mostly Cloudy
3/18/2022,10:00 AM,86,70,3,29.73,Mostly Cloudy
3/18/2022,10:30 AM,88,62,3,29.70,Partly Cloudy
3/18/2022,11:00 AM,88,55,3,29.70,Fair
3/18/2022,11:30 AM,90,55,5,29.67,Fair
3/18/2022,12:00 PM,91,52,6,29.67,Fair
3/18/2022,12:30 PM,91,55,5,29.64,Partly Cloudy
3/18/2022,1:00 PM,91,52,6,29.61,Partly Cloudy
3/18/2022,1:30 PM,93,52,6,29.58,Fair
3/18/2022,2:00 PM,91,55,7,29.55,Fair
3/18/2022,2:30 PM,91,55,8,29.55,Fair
3/18/2022,3:00 PM,93,56,9,29.52,Fair
3/18/2022,3:30 PM,91,52,10,29.52,Fair
3/18/2022,4:00 PM,91,49,12,29.52,Fair
3/18/2022,4:30 PM,91,55,9,29.52,Fair
3/18/2022,5:00 PM,90,59,12,29.52,Fair
3/18/2022,5:30 PM,88,62,8,29.55,Fair
3/18/2022,6:00 PM,88,58,7,29.55,Fair
3/18/2022,6:30 PM,86,58,6,29.55,Fair
3/18/2022,7:00 PM,86,62,6,29.55,Fair
3/18/2022,7:30 PM,84,70,6,29.58,Fair
3/18/2022,8:00 PM,82,79,5,29.61,Fair
3/18/2022,8:30 PM,82,79,5,29.61,Fair
3/18/2022,9:00 PM,82,79,2,29.64,Partly Cloudy
3/18/2022,9:30 PM,81,84,5,29.64,Partly Cloudy
3/18/2022,10:00 PM,81,84,2,29.67,Partly Cloudy
3/18/2022,10:30 PM,81,84,3,29.67,Mostly Cloudy
3/18/2022,11:00 PM,81,84,3,29.67,Mostly Cloudy
3/18/2022,11:30 PM,81,84,2,29.67,Light Rain
3/19/2022,12:00 AM,79,94,3,29.67,Light Rain with Thunder
3/19/2022,12:30 AM,79,94,2,29.67,Light Rain with Thunder
3/19/2022,1:00 AM,79,94,3,29.67,Light Rain with Thunder
3/19/2022,1:30 AM,79,94,3,29.64,Light Rain
3/19/2022,2:00 AM,79,94,5,29.61,Light Rain
3/19/2022,2:30 AM,79,94,6,29.61,Light Rain
3/19/2022,3:00 AM,79,100,0,29.61,Light Rain
3/19/2022,3:30 AM,77,100,0,29.61,Light Rain
3/19/2022,4:00 AM,79,100,0,29.61,Light Rain
3/19/2022,4:30 AM,79,100,0,29.58,Mostly Cloudy
3/19/2022,5:00 AM,79,100,1,29.58,Mostly Cloudy
3/19/2022,5:30 AM,79,100,0,29.58,Mostly Cloudy
3/19/2022,6:00 AM,77,100,0,29.61,Mostly Cloudy
3/19/2022,6:30 AM,77,100,0,29.61,Mostly Cloudy
3/19/2022,7:00 AM,77,100,0,29.64,Fog
3/19/2022,7:30 AM,79,100,0,29.61,Mostly Cloudy
3/19/2022,8:00 AM,81,94,0,29.64,Partly Cloudy
3/19/2022,8:30 AM,84,79,0,29.64,Fair
3/19/2022,9:00 AM,84,79,0,29.64,Fair
3/19/2022,9:30 AM,86,74,0,29.67,Fair
3/19/2022,10:00 AM,86,74,2,29.67,Fair
3/19/2022,10:30 AM,88,70,3,29.67,Fair
3/19/2022,11:00 AM,90,66,5,29.64,Partly Cloudy
3/19/2022,11:30 AM,90,66,5,29.64,Partly Cloudy
3/19/2022,12:00 PM,91,71,3,29.64,Partly Cloudy
3/19/2022,12:30 PM,91,63,6,29.61,Partly Cloudy
3/19/2022,1:00 PM,91,59,6,29.58,Partly Cloudy
3/19/2022,1:30 PM,93,59,3,29.55,Partly Cloudy
3/19/2022,2:00 PM,93,52,3,29.55,Thunder
3/19/2022,2:30 PM,82,74,18,29.55,Thunder
3/19/2022,3:00 PM,79,89,8,29.58,Light Rain with Thunder
3/19/2022,3:30 PM,79,94,7,29.55,Light Rain with Thunder
3/19/2022,4:00 PM,77,94,7,29.55,Light Rain
3/19/2022,4:30 PM,79,94,3,29.55,Mostly Cloudy
3/19/2022,5:00 PM,79,94,6,29.55,Mostly Cloudy
3/19/2022,5:30 PM,79,94,2,29.58,Mostly Cloudy
3/19/2022,6:00 PM,79,94,5,29.61,Mostly Cloudy
3/19/2022,6:30 PM,79,94,6,29.61,Mostly Cloudy
3/19/2022,7:00 PM,79,94,7,29.64,Mostly Cloudy
3/19/2022,7:30 PM,79,94,5,29.64,Mostly Cloudy
3/19/2022,8:00 PM,79,94,5,29.67,Mostly Cloudy
3/19/2022,8:30 PM,79,94,5,29.64,Mostly Cloudy
3/19/2022,9:00 PM,79,94,5,29.67,Mostly Cloudy
3/19/2022,9:30 PM,77,100,5,29.67,Mostly Cloudy
3/19/2022,10:00 PM,79,89,5,29.67,Mostly Cloudy
3/19/2022,10:30 PM,79,94,5,29.67,Mostly Cloudy
3/19/2022,11:00 PM,77,100,5,29.67,Mostly Cloudy
3/19/2022,11:30 PM,77,100,0,29.67,Mostly Cloudy
3/20/2022,12:00 AM,77,100,3,29.67,Mostly Cloudy
3/20/2022,12:30 AM,77,100,5,29.67,Mostly Cloudy
3/20/2022,1:00 AM,77,100,3,29.64,Mostly Cloudy
3/20/2022,1:30 AM,77,94,0,29.64,Mostly Cloudy
3/20/2022,2:00 AM,77,94,0,29.61,Mostly Cloudy
3/20/2022,2:30 AM,77,94,0,29.61,Mostly Cloudy
3/20/2022,3:00 AM,77,100,0,29.61,Mostly Cloudy
3/20/2022,3:30 AM,77,100,0,29.58,Mostly Cloudy
3/20/2022,4:00 AM,77,100,0,29.61,Mostly Cloudy
3/20/2022,4:30 AM,77,100,0,29.61,Mostly Cloudy
3/20/2022,5:00 AM,77,100,0,29.61,Partly Cloudy
3/20/2022,5:30 AM,75,100,0,29.61,Partly Cloudy
3/20/2022,6:00 AM,75,100,0,29.61,Fair
3/20/2022,6:30 AM,75,100,0,29.61,Fair
3/20/2022,7:00 AM,77,100,0,29.61,Fair
3/20/2022,7:30 AM,77,94,2,29.61,Fair
3/20/2022,8:00 AM,81,84,5,29.64,Fair
3/20/2022,8:30 AM,82,84,2,29.67,Fair
3/20/2022,9:00 AM,82,84,0,29.67,Fair
3/20/2022,9:30 AM,84,79,5,29.67,Fair
3/20/2022,10:00 AM,86,74,2,29.70,Partly Cloudy
3/20/2022,10:30 AM,88,70,2,29.67,Partly Cloudy
3/20/2022,11:00 AM,88,66,2,29.67,Partly Cloudy
3/20/2022,11:30 AM,90,70,0,29.67,Partly Cloudy
3/20/2022,12:00 PM,91,63,0,29.64,Partly Cloudy
3/20/2022,12:30 PM,90,62,2,29.64,Partly Cloudy
3/20/2022,1:00 PM,91,59,6,29.61,Partly Cloudy
3/20/2022,1:30 PM,91,63,7,29.61,Showers in the Vicinity
3/20/2022,2:00 PM,84,79,20,29.58,Showers in the Vicinity
3/20/2022,2:30 PM,81,84,13,29.61,Light Rain with Thunder
3/20/2022,3:00 PM,77,94,6,29.61,Light Rain
3/20/2022,3:30 PM,77,94,5,29.61,Light Rain with Thunder
3/20/2022,4:00 PM,77,94,5,29.58,Light Rain with Thunder
3/20/2022,4:30 PM,77,100,2,29.61,Light Rain
3/20/2022,5:00 PM,77,94,0,29.61,Mostly Cloudy
3/20/2022,5:30 PM,79,89,0,29.61,Mostly Cloudy
3/20/2022,6:00 PM,79,94,0,29.64,Light Rain
3/20/2022,6:30 PM,77,100,2,29.64,Light Rain
3/20/2022,7:00 PM,77,100,2,29.64,Light Rain
3/20/2022,7:30 PM,77,100,2,29.67,Mostly Cloudy
3/20/2022,8:00 PM,77,100,3,29.67,Light Rain
3/20/2022,8:30 PM,77,100,2,29.67,Light Rain
3/20/2022,9:00 PM,77,100,0,29.70,Light Rain
3/20/2022,9:30 PM,77,100,0,29.70,Light Rain
3/20/2022,10:00 PM,77,100,0,29.70,Light Rain
3/20/2022,10:30 PM,77,100,0,29.70,Mostly Cloudy
3/20/2022,11:00 PM,77,100,3,29.70,Mostly Cloudy
3/20/2022,11:30 PM,77,100,0,29.70,Mostly Cloudy
3/21/2022,12:00 AM,77,100,0,29.70,Mostly Cloudy
3/21/2022,12:30 AM,77,100,2,29.70,Mostly Cloudy
3/21/2022,1:00 AM,77,100,0,29.70,Mostly Cloudy
3/21/2022,1:30 AM,77,100,0,29.70,Mostly Cloudy
3/21/2022,2:00 AM,77,100,0,29.67,Mostly Cloudy
3/21/2022,2:30 AM,77,100,3,29.67,Mostly Cloudy
3/21/2022,3:00 AM,77,100,0,29.67,Mostly Cloudy
3/21/2022,3:30 AM,77,100,0,29.67,Mostly Cloudy
3/21/2022,4:00 AM,77,100,0,29.67,Mostly Cloudy
3/21/2022,4:30 AM,77,100,0,29.67,Mostly Cloudy
3/21/2022,5:00 AM,77,100,0,29.67,Mostly Cloudy
3/21/2022,5:30 AM,75,100,0,29.67,Mostly Cloudy
3/21/2022,6:00 AM,77,100,0,29.67,Mostly Cloudy
3/21/2022,6:30 AM,77,100,0,29.70,Mostly Cloudy
3/21/2022,7:00 AM,77,100,3,29.73,Mostly Cloudy
3/21/2022,7:30 AM,77,100,2,29.73,Showers in the Vicinity
3/21/2022,8:00 AM,79,83,5,29.73,Mostly Cloudy
3/21/2022,8:30 AM,79,83,7,29.73,Partly Cloudy
3/21/2022,9:00 AM,81,74,2,29.73,Mostly Cloudy
3/21/2022,9:30 AM,82,74,0,29.73,Mostly Cloudy
3/21/2022,10:00 AM,82,74,2,29.76,Mostly Cloudy
3/21/2022,10:30 AM,84,70,5,29.76,Mostly Cloudy
3/21/2022,11:00 AM,84,70,3,29.76,Mostly Cloudy
3/21/2022,11:30 AM,88,66,3,29.73,Partly Cloudy
3/21/2022,12:00 PM,88,62,6,29.73,Fair
3/21/2022,12:30 PM,90,59,7,29.70,Fair
3/21/2022,1:00 PM,90,59,3,29.67,Fair
3/21/2022,1:30 PM,91,55,2,29.64,Fair
3/21/2022,2:00 PM,93,52,6,29.64,Fair
3/21/2022,2:30 PM,93,49,5,29.61,Fair
3/21/2022,3:00 PM,93,52,2,29.58,Fair
3/21/2022,3:30 PM,91,52,2,29.58,Fair
3/21/2022,4:00 PM,91,52,6,29.58,Fair
3/21/2022,4:30 PM,91,52,3,29.58,Fair
3/21/2022,5:00 PM,91,52,3,29.58,Partly Cloudy
3/21/2022,5:30 PM,93,49,3,29.61,Partly Cloudy
3/21/2022,6:00 PM,91,55,7,29.61,Partly Cloudy
3/21/2022,6:30 PM,90,59,5,29.61,Fair
3/21/2022,7:00 PM,88,66,0,29.64,Fair
3/21/2022,7:30 PM,86,74,0,29.67,Fair
3/21/2022,8:00 PM,86,74,3,29.67,Fair
3/21/2022,8:30 PM,84,79,2,29.70,Mostly Cloudy
3/21/2022,9:00 PM,84,79,0,29.70,Mostly Cloudy
3/21/2022,9:30 PM,82,84,2,29.70,Partly Cloudy
3/21/2022,10:00 PM,82,84,0,29.73,Partly Cloudy
3/21/2022,10:30 PM,82,84,0,29.73,Mostly Cloudy
3/21/2022,11:00 PM,82,84,0,29.73,Mostly Cloudy
3/21/2022,11:30 PM,82,84,0,29.73,Mostly Cloudy
3/22/2022,12:00 AM,81,89,0,29.73,Mostly Cloudy
3/22/2022,12:30 AM,81,94,3,29.73,Mostly Cloudy
3/22/2022,1:00 AM,81,94,0,29.70,Partly Cloudy
3/22/2022,1:30 AM,81,94,3,29.70,Partly Cloudy
3/22/2022,2:00 AM,81,94,0,29.70,Mostly Cloudy
3/22/2022,2:30 AM,81,89,2,29.70,Mostly Cloudy
3/22/2022,3:00 AM,81,94,0,29.70,Mostly Cloudy
3/22/2022,3:30 AM,81,89,5,29.70,Mostly Cloudy
3/22/2022,4:00 AM,79,89,3,29.70,Mostly Cloudy
3/22/2022,4:30 AM,79,89,0,29.70,Partly Cloudy
3/22/2022,5:00 AM,79,89,2,29.70,Partly Cloudy
3/22/2022,5:30 AM,79,89,0,29.70,Partly Cloudy
3/22/2022,6:00 AM,77,94,2,29.70,Mostly Cloudy
3/22/2022,6:30 AM,77,100,0,29.70,Mostly Cloudy
3/22/2022,7:00 AM,79,89,0,29.70,Mostly Cloudy
3/22/2022,7:30 AM,79,94,0,29.70,Mostly Cloudy
3/22/2022,8:00 AM,79,94,0,29.73,Mostly Cloudy
3/22/2022,8:30 AM,81,89,2,29.76,Mostly Cloudy
3/22/2022,9:00 AM,82,84,0,29.76,Mostly Cloudy
3/22/2022,9:30 AM,82,84,2,29.76,Mostly Cloudy
3/22/2022,10:00 AM,84,79,0,29.76,Mostly Cloudy
3/22/2022,10:30 AM,84,79,0,29.76,Partly Cloudy
3/22/2022,11:00 AM,88,70,0,29.76,Partly Cloudy
3/22/2022,11:30 AM,86,74,2,29.76,Partly Cloudy
3/22/2022,12:00 PM,88,66,2,29.73,Partly Cloudy
3/22/2022,12:30 PM,90,66,6,29.73,Partly Cloudy
3/22/2022,1:00 PM,90,62,2,29.70,Partly Cloudy
3/22/2022,1:30 PM,93,52,0,29.67,Partly Cloudy
3/22/2022,2:00 PM,91,59,0,29.67,Partly Cloudy
3/22/2022,2:30 PM,93,52,5,29.64,Partly Cloudy
3/22/2022,3:00 PM,93,52,2,29.61,Partly Cloudy
3/22/2022,3:30 PM,93,59,6,29.61,Partly Cloudy
3/22/2022,4:00 PM,88,70,6,29.61,Showers in the Vicinity
3/22/2022,4:30 PM,81,89,20,29.64,Light Rain
3/22/2022,5:00 PM,77,89,15,29.64,Light Rain with Thunder
3/22/2022,5:30 PM,77,89,6,29.64,Light Rain with Thunder
3/22/2022,6:00 PM,77,89,5,29.64,Mostly Cloudy
3/22/2022,6:30 PM,77,94,0,29.64,Mostly Cloudy
3/22/2022,7:00 PM,77,94,0,29.67,Mostly Cloudy
3/22/2022,7:30 PM,77,94,0,29.70,Mostly Cloudy
3/22/2022,8:00 PM,79,89,0,29.70,Mostly Cloudy
3/22/2022,8:30 PM,77,94,2,29.73,Mostly Cloudy
3/22/2022,9:00 PM,77,94,0,29.73,Mostly Cloudy
3/22/2022,9:30 PM,79,89,2,29.76,Mostly Cloudy
3/22/2022,10:00 PM,79,94,2,29.76,Mostly Cloudy
3/22/2022,10:30 PM,79,94,0,29.76,Mostly Cloudy
3/22/2022,11:00 PM,79,94,0,29.76,Mostly Cloudy
3/22/2022,11:30 PM,79,94,0,29.76,Mostly Cloudy
3/23/2022,12:00 AM,79,100,0,29.76,Mostly Cloudy
3/23/2022,12:30 AM,79,100,0,29.73,Light Rain
3/23/2022,1:00 AM,79,100,0,29.73,Light Rain
3/23/2022,1:30 AM,79,100,0,29.73,Light Rain
3/23/2022,2:00 AM,77,100,0,29.73,Light Rain
3/23/2022,2:30 AM,79,100,0,29.70,Mostly Cloudy
3/23/2022,3:00 AM,79,100,0,29.70,Mostly Cloudy
3/23/2022,3:30 AM,79,100,0,29.67,Mostly Cloudy
3/23/2022,4:00 AM,79,100,0,29.67,Partly Cloudy
3/23/2022,4:30 AM,79,100,0,29.67,Partly Cloudy
3/23/2022,5:00 AM,77,100,1,29.67,Partly Cloudy
3/23/2022,5:30 AM,77,100,0,29.67,Partly Cloudy
3/23/2022,6:00 AM,77,100,0,29.70,Partly Cloudy
3/23/2022,6:30 AM,77,100,0,29.70,Partly Cloudy
3/23/2022,7:00 AM,77,100,0,29.73,Partly Cloudy
3/23/2022,7:30 AM,77,100,0,29.73,Mostly Cloudy
3/23/2022,8:00 AM,79,100,1,29.76,Mostly Cloudy
3/23/2022,8:30 AM,81,94,0,29.76,Partly Cloudy
3/23/2022,9:00 AM,82,89,0,29.76,Partly Cloudy
3/23/2022,9:30 AM,82,89,2,29.76,Mostly Cloudy
3/23/2022,10:00 AM,84,79,3,29.79,Mostly Cloudy
3/23/2022,10:30 AM,84,84,2,29.79,Mostly Cloudy
3/23/2022,11:00 AM,86,74,2,29.76,Light Rain
3/23/2022,11:30 AM,86,70,5,29.76,Mostly Cloudy
3/23/2022,12:00 PM,86,70,6,29.73,Mostly Cloudy
3/23/2022,12:30 PM,88,66,5,29.73,Partly Cloudy
3/23/2022,1:00 PM,90,62,6,29.70,Partly Cloudy
3/23/2022,1:30 PM,90,62,7,29.67,Partly Cloudy
3/23/2022,2:00 PM,91,59,8,29.67,Partly Cloudy
3/23/2022,2:30 PM,91,55,7,29.64,Partly Cloudy
3/23/2022,3:00 PM,91,55,9,29.64,Partly Cloudy
3/23/2022,3:30 PM,91,55,10,29.61,Fair
3/23/2022,4:00 PM,90,59,8,29.64,Partly Cloudy
3/23/2022,4:30 PM,90,55,9,29.64,Fair
3/23/2022,5:00 PM,90,55,8,29.64,Fair
3/23/2022,5:30 PM,86,70,7,29.64,Fair
3/23/2022,6:00 PM,82,79,8,29.61,Fair
3/23/2022,6:30 PM,82,79,6,29.64,Fair
3/23/2022,7:00 PM,82,79,5,29.64,Fair
3/23/2022,7:30 PM,81,84,5,29.67,Mostly Cloudy
3/23/2022,8:00 PM,81,79,2,29.67,Mostly Cloudy
3/23/2022,8:30 PM,81,79,2,29.70,Mostly Cloudy
3/23/2022,9:00 PM,81,79,0,29.70,Fair
3/23/2022,9:30 PM,79,83,0,29.73,Partly Cloudy
3/23/2022,10:00 PM,79,89,0,29.76,Mostly Cloudy
3/23/2022,10:30 PM,79,89,0,29.76,Mostly Cloudy
3/23/2022,11:00 PM,79,83,0,29.76,Mostly Cloudy
3/23/2022,11:30 PM,79,83,0,29.76,Partly Cloudy
3/24/2022,12:00 AM,79,89,0,29.73,Partly Cloudy
3/24/2022,12:30 AM,79,89,0,29.73,Mostly Cloudy
3/24/2022,1:00 AM,77,94,0,29.73,Mostly Cloudy
3/24/2022,1:30 AM,79,89,0,29.70,Mostly Cloudy
3/24/2022,2:00 AM,79,89,0,29.67,Mostly Cloudy
3/24/2022,2:30 AM,79,89,0,29.70,Mostly Cloudy
3/24/2022,3:00 AM,79,89,0,29.70,Mostly Cloudy
3/24/2022,3:30 AM,79,89,0,29.70,Mostly Cloudy
3/24/2022,4:00 AM,77,100,0,29.70,Mostly Cloudy
3/24/2022,4:30 AM,77,100,0,29.70,Mostly Cloudy
3/24/2022,5:00 AM,77,100,0,29.70,Mostly Cloudy
3/24/2022,5:30 AM,77,100,0,29.70,Mostly Cloudy
3/24/2022,6:00 AM,77,100,0,29.70,Mostly Cloudy
3/24/2022,6:30 AM,77,100,0,29.70,Partly Cloudy
3/24/2022,7:00 AM,77,100,0,29.70,Partly Cloudy
3/24/2022,7:30 AM,79,94,0,29.73,Partly Cloudy
3/24/2022,8:00 AM,81,89,2,29.73,Partly Cloudy
3/24/2022,8:30 AM,81,89,6,29.73,Partly Cloudy
3/24/2022,9:00 AM,82,84,7,29.73,Mostly Cloudy
3/24/2022,9:30 AM,84,79,7,29.73,Mostly Cloudy
3/24/2022,10:00 AM,86,74,6,29.73,Partly Cloudy
3/24/2022,10:30 AM,88,70,6,29.73,Fair
3/24/2022,11:00 AM,88,66,7,29.73,Fair
3/24/2022,11:30 AM,88,66,6,29.73,Fair
3/24/2022,12:00 PM,90,66,3,29.70,Fair
3/24/2022,12:30 PM,91,59,3,29.70,Partly Cloudy
3/24/2022,1:00 PM,91,59,8,29.70,Partly Cloudy
3/24/2022,1:30 PM,91,66,6,29.67,Partly Cloudy
3/24/2022,2:00 PM,91,59,10,29.64,Fair
3/24/2022,2:30 PM,91,63,8,29.64,Partly Cloudy
3/24/2022,3:00 PM,91,63,8,29.64,Fair
3/24/2022,3:30 PM,91,63,10,29.61,Fair
3/24/2022,4:00 PM,91,59,9,29.61,Fair
3/24/2022,4:30 PM,90,59,8,29.61,Fair
3/24/2022,5:00 PM,90,62,9,29.61,Partly Cloudy
3/24/2022,5:30 PM,88,66,8,29.64,Thunder
3/24/2022,6:00 PM,86,70,8,29.61,Showers in the Vicinity
3/24/2022,6:30 PM,84,74,3,29.64,Mostly Cloudy
3/24/2022,7:00 PM,84,74,6,29.64,Partly Cloudy
3/24/2022,7:30 PM,84,79,5,29.67,Partly Cloudy
3/24/2022,8:00 PM,84,79,0,29.67,Partly Cloudy
3/24/2022,8:30 PM,84,79,2,29.70,Fair
3/24/2022,9:00 PM,82,84,0,29.70,Fair
3/24/2022,9:30 PM,82,84,0,29.73,Fair
3/24/2022,10:00 PM,81,89,0,29.73,Fair
3/24/2022,10:30 PM,81,94,0,29.73,Fair
3/24/2022,11:00 PM,81,89,0,29.73,Partly Cloudy
3/24/2022,11:30 PM,81,94,0,29.73,Partly Cloudy
3/25/2022,12:00 AM,81,94,0,29.73,Fair
3/25/2022,12:30 AM,81,94,0,29.73,Fair
3/25/2022,1:00 AM,79,100,0,29.70,Fair
3/25/2022,1:30 AM,79,94,0,29.70,Fair
3/25/2022,2:00 AM,79,94,0,29.67,Fair
3/25/2022,2:30 AM,79,94,0,29.67,Fair
3/25/2022,3:00 AM,79,100,0,29.70,Fair
3/25/2022,3:30 AM,79,100,0,29.70,Fair
3/25/2022,4:00 AM,77,100,0,29.70,Fair
3/25/2022,4:30 AM,77,100,0,29.70,Fair
3/25/2022,5:00 AM,79,100,0,29.70,Fair
3/25/2022,5:30 AM,77,100,0,29.70,Fair
3/25/2022,6:00 AM,77,100,0,29.70,Fair
3/25/2022,6:30 AM,77,100,0,29.73,Fair
3/25/2022,7:00 AM,79,100,0,29.73,Fair
3/25/2022,7:30 AM,79,94,2,29.76,Fair
3/25/2022,8:00 AM,82,84,0,29.76,Partly Cloudy
3/25/2022,8:30 AM,84,79,0,29.76,Partly Cloudy
3/25/2022,9:00 AM,86,74,0,29.79,Partly Cloudy
3/25/2022,9:30 AM,86,74,0,29.79,Partly Cloudy
3/25/2022,10:00 AM,86,74,0,29.79,Partly Cloudy
3/25/2022,10:30 AM,88,66,0,29.76,Partly Cloudy
3/25/2022,11:00 AM,90,66,0,29.76,Partly Cloudy
3/25/2022,11:30 AM,91,59,3,29.76,Partly Cloudy
3/25/2022,12:00 PM,93,56,3,29.73,Partly Cloudy
3/25/2022,12:30 PM,91,59,5,29.73,Partly Cloudy
3/25/2022,1:00 PM,93,59,8,29.70,Partly Cloudy
3/25/2022,1:30 PM,91,59,8,29.70,Partly Cloudy
3/25/2022,2:00 PM,91,59,10,29.67,Partly Cloudy
3/25/2022,2:30 PM,91,59,12,29.64,Partly Cloudy
3/25/2022,3:00 PM,91,55,13,29.64,Partly Cloudy
3/25/2022,3:30 PM,90,62,10,29.64,Showers in the Vicinity
3/25/2022,4:00 PM,84,70,0,29.67,Thunder
3/25/2022,4:30 PM,86,70,5,29.67,Partly Cloudy
3/25/2022,5:00 PM,82,74,7,29.67,Mostly Cloudy
3/25/2022,5:30 PM,84,74,0,29.67,Mostly Cloudy
3/25/2022,6:00 PM,84,74,2,29.70,Mostly Cloudy
3/25/2022,6:30 PM,84,74,0,29.70,Mostly Cloudy
3/25/2022,7:00 PM,84,74,0,29.73,Mostly Cloudy
3/25/2022,7:30 PM,82,84,0,29.73,Mostly Cloudy
3/25/2022,8:00 PM,82,84,0,29.76,Partly Cloudy
3/25/2022,8:30 PM,81,89,0,29.79,Partly Cloudy
3/25/2022,9:00 PM,81,89,0,29.79,Fair
3/25/2022,9:30 PM,79,89,7,29.79,Fair
3/25/2022,10:00 PM,79,89,0,29.79,Fair
3/25/2022,10:30 PM,79,89,1,29.76,Fair
3/25/2022,11:00 PM,79,89,0,29.76,Fair
3/25/2022,11:30 PM,77,94,0,29.76,Fair
3/26/2022,12:00 AM,77,94,0,29.76,Fair
3/26/2022,12:30 AM,77,94,0,29.76,Fair
3/26/2022,1:00 AM,77,94,2,29.76,Fair
3/26/2022,1:30 AM,77,94,0,29.73,Fair
3/26/2022,2:00 AM,77,94,0,29.73,Fair
3/26/2022,2:30 AM,75,100,0,29.73,Fair
3/26/2022,3:00 AM,75,100,0,29.70,Fair
3/26/2022,3:30 AM,75,100,0,29.70,Fair
3/26/2022,4:00 AM,75,100,0,29.70,Fair
3/26/2022,4:30 AM,75,100,0,29.70,Fair
3/26/2022,5:00 AM,75,100,0,29.70,Fair
3/26/2022,5:30 AM,75,100,0,29.73,Fair
3/26/2022,6:00 AM,75,100,0,29.73,Fair
3/26/2022,6:30 AM,75,100,0,29.76,Fair
3/26/2022,7:00 AM,75,100,0,29.76,Fair
3/26/2022,7:30 AM,79,94,0,29.79,Fair
3/26/2022,8:00 AM,82,84,0,29.79,Fair
3/26/2022,8:30 AM,84,79,0,29.81,Fair
3/26/2022,9:00 AM,84,79,0,29.81,Fair
3/26/2022,9:30 AM,86,70,0,29.81,Fair
3/26/2022,10:00 AM,88,70,0,29.81,Fair
3/26/2022,10:30 AM,90,62,2,29.81,Fair
3/26/2022,11:00 AM,90,62,2,29.79,Fair
3/26/2022,11:30 AM,91,59,2,29.79,Fair
3/26/2022,12:00 PM,91,55,3,29.76,Fair
3/26/2022,12:30 PM,91,55,2,29.76,Fair
3/26/2022,1:00 PM,93,52,2,29.73,Fair
3/26/2022,1:30 PM,93,52,5,29.73,Partly Cloudy
3/26/2022,2:00 PM,91,63,10,29.70,Partly Cloudy
3/26/2022,2:30 PM,93,56,6,29.70,Partly Cloudy
3/26/2022,3:00 PM,91,55,10,29.67,Partly Cloudy
3/26/2022,3:30 PM,93,56,8,29.67,Partly Cloudy
3/26/2022,4:00 PM,91,59,9,29.67,Fair
3/26/2022,4:30 PM,91,59,8,29.67,Fair
3/26/2022,5:00 PM,90,62,9,29.67,Fair
3/26/2022,5:30 PM,88,66,6,29.67,Fair
3/26/2022,6:00 PM,88,66,6,29.67,Fair
3/26/2022,6:30 PM,86,74,5,29.70,Fair
3/26/2022,7:00 PM,82,84,0,29.70,Fair
3/26/2022,7:30 PM,82,84,3,29.73,Fair
3/26/2022,8:00 PM,84,84,3,29.73,Partly Cloudy
3/26/2022,8:30 PM,82,84,1,29.76,Partly Cloudy
3/26/2022,9:00 PM,81,84,0,29.76,Partly Cloudy
3/26/2022,9:30 PM,79,89,0,29.79,Partly Cloudy
3/26/2022,10:00 PM,79,83,0,29.79,Partly Cloudy
3/26/2022,10:30 PM,77,89,2,29.79,Fair
3/26/2022,11:00 PM,77,89,0,29.81,Fair
3/26/2022,11:30 PM,77,89,0,29.81,Fair
3/27/2022,12:00 AM,75,94,0,29.79,Fair
3/27/2022,12:30 AM,75,94,0,29.79,Fair
3/27/2022,1:00 AM,75,94,0,29.76,Fair
3/27/2022,1:30 AM,77,89,0,29.76,Fair
3/27/2022,2:00 AM,77,94,0,29.76,Fair
3/27/2022,2:30 AM,77,94,0,29.73,Fair
3/27/2022,3:00 AM,77,94,0,29.73,Fair
3/27/2022,3:30 AM,77,94,0,29.73,Fair
3/27/2022,4:00 AM,77,94,0,29.73,Fair
3/27/2022,4:30 AM,77,94,0,29.73,Fair
3/27/2022,5:00 AM,75,100,0,29.73,Fair
3/27/2022,5:30 AM,75,100,0,29.73,Fair
3/27/2022,6:00 AM,75,100,0,29.76,Fair
3/27/2022,6:30 AM,75,100,0,29.76,Fair
3/27/2022,7:00 AM,77,94,0,29.76,Fair
3/27/2022,7:30 AM,77,94,0,29.76,Fair
3/27/2022,8:00 AM,81,89,0,29.79,Fair
3/27/2022,8:30 AM,82,84,0,29.79,Fair
3/27/2022,9:00 AM,86,74,0,29.79,Fair
3/27/2022,9:30 AM,86,70,0,29.79,Fair
3/27/2022,10:00 AM,88,66,0,29.81,Fair
3/27/2022,10:30 AM,88,62,2,29.81,Partly Cloudy
3/27/2022,11:00 AM,91,63,2,29.79,Partly Cloudy
3/27/2022,11:30 AM,91,55,2,29.79,Partly Cloudy
3/27/2022,12:00 PM,91,59,2,29.79,Partly Cloudy
3/27/2022,12:30 PM,93,52,2,29.76,Partly Cloudy
3/27/2022,1:00 PM,93,59,5,29.73,Partly Cloudy
3/27/2022,1:30 PM,95,49,1,29.73,Partly Cloudy
3/27/2022,2:00 PM,93,56,6,29.70,Partly Cloudy
3/27/2022,2:30 PM,95,53,3,29.67,Partly Cloudy
3/27/2022,3:00 PM,93,56,5,29.67,Mostly Cloudy
3/27/2022,3:30 PM,93,56,6,29.64,Mostly Cloudy
3/27/2022,4:00 PM,91,59,8,29.64,Thunder
3/27/2022,4:30 PM,88,66,8,29.64,Thunder
3/27/2022,5:00 PM,81,74,13,29.67,Light Rain with Thunder
3/27/2022,5:30 PM,77,89,2,29.67,Light Rain
3/27/2022,6:00 PM,79,83,0,29.67,Mostly Cloudy
3/27/2022,6:30 PM,79,83,0,29.67,Mostly Cloudy
3/27/2022,7:00 PM,77,89,0,29.67,Mostly Cloudy
3/27/2022,7:30 PM,77,89,3,29.70,Mostly Cloudy
3/27/2022,8:00 PM,77,94,2,29.73,Mostly Cloudy
3/27/2022,8:30 PM,77,94,0,29.73,Partly Cloudy
3/27/2022,9:00 PM,77,94,0,29.76,Fair
3/27/2022,9:30 PM,77,94,0,29.76,Fair
3/27/2022,10:00 PM,77,94,0,29.76,Fair
3/27/2022,10:30 PM,75,100,0,29.79,Fair
3/27/2022,11:00 PM,77,94,0,29.79,Fair
3/27/2022,11:30 PM,77,89,0,29.76,Fair
3/28/2022,12:00 AM,77,89,2,29.76,Fair
3/28/2022,12:30 AM,75,100,2,29.76,Fair
3/28/2022,1:00 AM,75,100,0,29.76,Fair
3/28/2022,1:30 AM,75,100,0,29.76,Fair
3/28/2022,2:00 AM,75,100,2,29.73,Fair
3/28/2022,2:30 AM,75,100,0,29.73,Fair
3/28/2022,3:00 AM,75,100,0,29.70,Fair
3/28/2022,3:30 AM,75,100,0,29.70,Fair
3/28/2022,4:00 AM,75,94,0,29.70,Fair
3/28/2022,4:30 AM,75,94,0,29.70,Fair
3/28/2022,5:00 AM,75,100,0,29.70,Fair
3/28/2022,5:30 AM,75,94,0,29.70,Fair
3/28/2022,6:00 AM,75,94,0,29.73,Fair
3/28/2022,6:30 AM,75,94,0,29.73,Fair
3/28/2022,7:00 AM,75,100,0,29.76,Fair
3/28/2022,7:30 AM,77,94,0,29.76,Fair
3/28/2022,8:00 AM,79,89,0,29.76,Fair
3/28/2022,8:30 AM,82,79,0,29.79,Fair
3/28/2022,9:00 AM,84,79,0,29.79,Fair
3/28/2022,9:30 AM,88,70,0,29.79,Fair
3/28/2022,10:00 AM,88,66,2,29.79,Fair
3/28/2022,10:30 AM,90,62,2,29.79,Fair
3/28/2022,11:00 AM,90,62,3,29.79,Partly Cloudy
3/28/2022,11:30 AM,91,59,3,29.76,Partly Cloudy
3/28/2022,12:00 PM,93,52,0,29.73,Fair
3/28/2022,12:30 PM,91,55,0,29.73,Partly Cloudy
3/28/2022,1:00 PM,93,52,2,29.70,Partly Cloudy
3/28/2022,1:30 PM,95,49,2,29.70,Partly Cloudy
3/28/2022,2:00 PM,95,47,3,29.67,Partly Cloudy
3/28/2022,2:30 PM,97,53,5,29.64,Partly Cloudy
3/28/2022,3:00 PM,93,52,10,29.64,Fair
3/28/2022,3:30 PM,95,53,10,29.61,Showers in the Vicinity
3/28/2022,4:00 PM,93,56,7,29.61,Thunder
3/28/2022,4:30 PM,86,70,12,29.61,Thunder
3/28/2022,5:00 PM,86,70,6,29.64,Mostly Cloudy
3/28/2022,5:30 PM,84,70,6,29.64,Partly Cloudy
3/28/2022,6:00 PM,82,74,2,29.64,Fair
3/28/2022,6:30 PM,82,79,0,29.67,Fair
3/28/2022,7:00 PM,82,79,0,29.67,Fair
3/28/2022,7:30 PM,81,84,0,29.70,Fair
3/28/2022,8:00 PM,81,84,0,29.70,Fair
3/28/2022,8:30 PM,79,89,0,29.70,Fair
3/28/2022,9:00 PM,79,83,0,29.73,Fair
3/28/2022,9:30 PM,79,89,0,29.73,Fair
3/28/2022,10:00 PM,77,94,0,29.76,Fair
3/28/2022,10:30 PM,77,94,0,29.76,Fair
3/28/2022,11:00 PM,77,94,0,29.76,Fair
3/28/2022,11:30 PM,77,94,0,29.76,Fair
3/29/2022,12:00 AM,77,94,2,29.76,Fair
3/29/2022,12:30 AM,77,94,0,29.76,Fair
3/29/2022,1:00 AM,75,100,0,29.73,Fair
3/29/2022,1:30 AM,75,100,0,29.73,Fair
3/29/2022,2:00 AM,75,100,0,29.73,Fair
3/29/2022,2:30 AM,75,100,0,29.70,Fair
3/29/2022,3:00 AM,75,100,0,29.70,Fair
3/29/2022,3:30 AM,75,100,0,29.70,Fair
3/29/2022,4:00 AM,75,100,0,29.67,Fair
3/29/2022,4:30 AM,75,100,0,29.70,Fair
3/29/2022,5:00 AM,73,100,0,29.70,Fair
3/29/2022,5:30 AM,75,100,0,29.70,Fair
3/29/2022,6:00 AM,75,94,1,29.70,Fair
3/29/2022,6:30 AM,75,100,0,29.70,Fair
3/29/2022,7:00 AM,75,100,0,29.73,Fair
3/29/2022,7:30 AM,77,94,0,29.73,Fair
3/29/2022,8:00 AM,79,89,0,29.73,Fair
3/29/2022,8:30 AM,82,84,0,29.76,Fair
3/29/2022,9:00 AM,86,74,0,29.76,Fair
3/29/2022,9:30 AM,86,70,0,29.79,Fair
3/29/2022,10:00 AM,88,62,0,29.79,Fair
3/29/2022,10:30 AM,90,59,2,29.76,Fair
3/29/2022,11:00 AM,91,59,2,29.76,Fair
3/29/2022,11:30 AM,91,59,0,29.76,Fair
3/29/2022,12:00 PM,91,55,3,29.73,Partly Cloudy
3/29/2022,12:30 PM,91,55,2,29.73,Partly Cloudy
3/29/2022,1:00 PM,93,49,3,29.70,Partly Cloudy
3/29/2022,1:30 PM,95,47,2,29.67,Partly Cloudy
3/29/2022,2:00 PM,93,49,5,29.64,Partly Cloudy
3/29/2022,2:30 PM,91,55,8,29.64,Partly Cloudy
3/29/2022,3:00 PM,91,55,5,29.61,Showers in the Vicinity
3/29/2022,3:30 PM,91,52,6,29.61,Partly Cloudy
3/29/2022,4:00 PM,93,52,12,29.58,Fair
3/29/2022,4:30 PM,91,55,14,29.58,Fair
3/29/2022,5:00 PM,91,55,14,29.58,Fair
3/29/2022,5:30 PM,90,59,10,29.61,Fair
3/29/2022,6:00 PM,88,66,13,29.64,Fair
3/29/2022,6:30 PM,86,70,10,29.64,Fair
3/29/2022,7:00 PM,86,70,8,29.67,Fair
3/29/2022,7:30 PM,84,74,2,29.70,Fair
3/29/2022,8:00 PM,84,74,2,29.70,Fair
3/29/2022,8:30 PM,84,79,2,29.73,Fair
3/29/2022,9:00 PM,84,79,2,29.73,Partly Cloudy
3/29/2022,9:30 PM,82,84,0,29.73,Partly Cloudy
3/29/2022,10:00 PM,82,84,0,29.76,Fair
3/29/2022,10:30 PM,81,89,0,29.76,Fair
3/29/2022,11:00 PM,81,89,0,29.76,Fair
3/29/2022,11:30 PM,81,89,0,29.73,Fair
3/30/2022,12:00 AM,81,89,0,29.73,Partly Cloudy
3/30/2022,12:30 AM,79,94,0,29.73,Partly Cloudy
3/30/2022,1:00 AM,79,94,0,29.73,Fair
3/30/2022,1:30 AM,79,94,2,29.73,Fair
3/30/2022,2:00 AM,79,94,0,29.70,Fair
3/30/2022,2:30 AM,77,100,0,29.70,Fair
3/30/2022,3:00 AM,77,100,0,29.67,Fair
3/30/2022,3:30 AM,77,100,0,29.67,Fair
3/30/2022,4:00 AM,77,100,0,29.67,Fair
3/30/2022,4:30 AM,77,100,0,29.67,Fair
3/30/2022,5:00 AM,77,94,2,29.67,Fair
3/30/2022,5:30 AM,77,94,0,29.67,Fair
3/30/2022,6:00 AM,77,94,0,29.70,Fair
3/30/2022,6:30 AM,77,94,0,29.70,Fair
3/30/2022,7:00 AM,77,94,0,29.73,Fair
3/30/2022,7:30 AM,79,94,0,29.73,Fair
3/30/2022,8:00 AM,82,84,0,29.73,Fair
3/30/2022,8:30 AM,84,79,0,29.76,Fair
3/30/2022,9:00 AM,86,74,2,29.76,Fair
3/30/2022,9:30 AM,88,66,5,29.76,Fair
3/30/2022,10:00 AM,88,66,3,29.76,Fair
3/30/2022,10:30 AM,88,66,3,29.76,Partly Cloudy
3/30/2022,11:00 AM,90,62,0,29.73,Partly Cloudy
3/30/2022,11:30 AM,91,55,2,29.73,Partly Cloudy
3/30/2022,12:00 PM,91,55,6,29.70,Partly Cloudy
3/30/2022,12:30 PM,91,55,6,29.70,Partly Cloudy
3/30/2022,1:00 PM,86,74,12,29.67,Light Rain
3/30/2022,1:30 PM,88,66,2,29.67,Mostly Cloudy
3/30/2022,2:00 PM,90,62,3,29.64,Mostly Cloudy
3/30/2022,2:30 PM,91,55,6,29.61,Partly Cloudy
3/30/2022,3:00 PM,91,55,6,29.61,Partly Cloudy
3/30/2022,3:30 PM,91,59,8,29.58,Partly Cloudy
3/30/2022,4:00 PM,91,55,9,29.61,Partly Cloudy
3/30/2022,4:30 PM,91,55,9,29.58,Partly Cloudy
3/30/2022,5:00 PM,90,59,7,29.61,Fair
3/30/2022,5:30 PM,88,62,8,29.61,Fair
3/30/2022,6:00 PM,88,66,7,29.61,Fair
3/30/2022,6:30 PM,86,70,5,29.64,Fair
3/30/2022,7:00 PM,84,74,2,29.64,Fair
3/30/2022,7:30 PM,84,74,3,29.67,Fair
3/30/2022,8:00 PM,84,74,2,29.67,Fair
3/30/2022,8:30 PM,82,84,0,29.70,Fair
3/30/2022,9:00 PM,82,84,0,29.70,Fair
3/30/2022,9:30 PM,82,84,0,29.73,Fair
3/30/2022,10:00 PM,82,79,2,29.73,Fair
3/30/2022,10:30 PM,81,84,0,29.76,Partly Cloudy
3/30/2022,11:00 PM,81,84,0,29.73,Fair
3/30/2022,11:30 PM,81,89,0,29.73,Fair
3/31/2022,12:00 AM,79,94,0,29.73,Fair
3/31/2022,12:30 AM,79,94,0,29.73,Fair
3/31/2022,1:00 AM,79,94,0,29.70,Fair
3/31/2022,1:30 AM,79,94,0,29.70,Fair
3/31/2022,2:00 AM,79,94,0,29.70,Fair
3/31/2022,2:30 AM,79,94,0,29.70,Fair
3/31/2022,3:00 AM,77,100,0,29.70,Fair
3/31/2022,3:30 AM,79,94,0,29.70,Fair
3/31/2022,4:00 AM,77,100,0,29.67,Fair
3/31/2022,4:30 AM,77,100,0,29.67,Fair
3/31/2022,5:00 AM,77,100,0,29.67,Fair
3/31/2022,5:30 AM,77,100,0,29.67,Fair
3/31/2022,6:00 AM,77,100,0,29.70,Fair
3/31/2022,6:30 AM,77,100,0,29.70,Fair
3/31/2022,7:00 AM,77,100,0,29.73,Fair
3/31/2022,7:30 AM,79,94,0,29.73,Fair
3/31/2022,8:00 AM,81,94,5,29.76,Fair
3/31/2022,8:30 AM,82,84,3,29.76,Fair
3/31/2022,9:00 AM,86,74,2,29.76,Fair
3/31/2022,9:30 AM,88,70,3,29.76,Fair
3/31/2022,10:00 AM,90,66,2,29.76,Partly Cloudy
3/31/2022,10:30 AM,90,66,3,29.76,Partly Cloudy
3/31/2022,11:00 AM,91,59,3,29.73,Partly Cloudy
3/31/2022,11:30 AM,91,55,3,29.73,Partly Cloudy
3/31/2022,12:00 PM,93,52,6,29.70,Partly Cloudy
3/31/2022,12:30 PM,93,52,7,29.70,Partly Cloudy
3/31/2022,1:00 PM,95,49,6,29.67,Showers in the Vicinity
3/31/2022,1:30 PM,95,49,5,29.64,Showers in the Vicinity
3/31/2022,2:00 PM,91,55,9,29.64,Showers in the Vicinity
3/31/2022,2:30 PM,82,84,15,29.61,Light Rain
3/31/2022,3:00 PM,77,94,13,29.64,T-Storm
3/31/2022,3:30 PM,75,100,5,29.64,Heavy T-Storm
3/31/2022,4:00 PM,75,100,6,29.64,Light Rain
3/31/2022,4:30 PM,77,94,2,29.64,Light Rain
3/31/2022,5:00 PM,77,94,0,29.64,Light Rain
3/31/2022,5:30 PM,77,100,2,29.67,Mostly Cloudy
3/31/2022,6:00 PM,77,100,0,29.67,Mostly Cloudy
3/31/2022,6:30 PM,77,100,2,29.70,Mostly Cloudy
3/31/2022,7:00 PM,77,100,3,29.70,Mostly Cloudy
3/31/2022,7:30 PM,77,100,0,29.73,Mostly Cloudy
3/31/2022,8:00 PM,77,100,2,29.73,Mostly Cloudy
3/31/2022,8:30 PM,77,100,3,29.76,Mostly Cloudy
3/31/2022,9:00 PM,77,100,0,29.76,Partly Cloudy
3/31/2022,9:30 PM,77,100,2,29.76,Partly Cloudy
3/31/2022,10:00 PM,77,100,0,29.76,Partly Cloudy
3/31/2022,10:30 PM,77,100,0,29.79,Fair
3/31/2022,11:00 PM,77,100,0,29.79,Fair
3/31/2022,11:30 PM,77,100,0,29.76,Fair
4/1/2022,12:00 AM,77,100,0,29.73,Fair
4/1/2022,12:30 AM,77,100,0,29.73,Fair
4/1/2022,1:00 AM,75,100,0,29.70,Fog
4/1/2022,1:30 AM,75,100,0,29.70,Partly Cloudy
4/1/2022,2:00 AM,75,100,0,29.70,Partly Cloudy
4/1/2022,2:30 AM,75,100,0,29.70,Fog
4/1/2022,3:00 AM,75,100,0,29.67,Fog
4/1/2022,3:30 AM,75,100,3,29.70,Fog
4/1/2022,4:00 AM,75,100,0,29.70,Fog
4/1/2022,4:30 AM,75,100,0,29.70,Fog
4/1/2022,5:00 AM,75,100,0,29.67,Fog
4/1/2022,5:30 AM,75,100,0,29.70,Fog
4/1/2022,6:00 AM,75,100,0,29.70,Fog
4/1/2022,6:30 AM,75,100,0,29.70,Fog
4/1/2022,7:00 AM,75,100,0,29.70,Fog
4/1/2022,7:30 AM,75,100,0,29.73,Fair
4/1/2022,8:00 AM,77,100,0,29.73,Fair
4/1/2022,8:30 AM,81,89,0,29.76,Fair
4/1/2022,9:00 AM,82,89,0,29.76,Fair
4/1/2022,9:30 AM,84,79,0,29.76,Fair
4/1/2022,10:00 AM,86,74,0,29.76,Fair
4/1/2022,10:30 AM,88,66,0,29.73,Fair
4/1/2022,11:00 AM,90,62,2,29.73,Fair
4/1/2022,11:30 AM,91,59,2,29.73,Fair
4/1/2022,12:00 PM,91,55,2,29.70,Fair
4/1/2022,12:30 PM,91,52,3,29.70,Fair
4/1/2022,1:00 PM,93,52,6,29.70,Fair
4/1/2022,1:30 PM,93,49,5,29.67,Fair
4/1/2022,2:00 PM,93,46,8,29.64,Fair
4/1/2022,2:30 PM,95,44,3,29.64,Showers in the Vicinity
4/1/2022,3:00 PM,93,52,3,29.64,Partly Cloudy
4/1/2022,3:30 PM,86,66,7,29.64,Partly Cloudy
4/1/2022,4:00 PM,86,66,5,29.61,Partly Cloudy
4/1/2022,4:30 PM,88,62,2,29.61,Partly Cloudy
4/1/2022,5:00 PM,86,66,7,29.64,Fair
4/1/2022,5:30 PM,84,74,5,29.64,Fair
4/1/2022,6:00 PM,84,74,0,29.64,Partly Cloudy
4/1/2022,6:30 PM,82,79,0,29.67,Mostly Cloudy
4/1/2022,7:00 PM,82,79,0,29.67,Mostly Cloudy
4/1/2022,7:30 PM,81,84,0,29.70,Partly Cloudy
4/1/2022,8:00 PM,81,84,0,29.70,Fair
4/1/2022,8:30 PM,81,79,0,29.70,Fair
4/1/2022,9:00 PM,79,83,0,29.73,Fair
4/1/2022,9:30 PM,81,79,0,29.73,Fair
4/1/2022,10:00 PM,79,83,0,29.73,Fair
4/1/2022,10:30 PM,79,94,3,29.76,Fair
4/1/2022,11:00 PM,79,89,3,29.76,Fair
4/1/2022,11:30 PM,79,94,2,29.76,Partly Cloudy
4/2/2022,12:00 AM,79,94,2,29.76,Fair
4/2/2022,12:30 AM,79,89,2,29.76,Fair
4/2/2022,1:00 AM,79,89,2,29.73,Fair
4/2/2022,1:30 AM,77,94,0,29.73,Fair
4/2/2022,2:00 AM,77,94,0,29.73,Fair
4/2/2022,2:30 AM,77,94,0,29.70,Fair
4/2/2022,3:00 AM,77,100,0,29.70,Fair
4/2/2022,3:30 AM,77,94,0,29.70,Fair
4/2/2022,4:00 AM,77,94,0,29.70,Fair
4/2/2022,4:30 AM,77,94,0,29.70,Fair
4/2/2022,5:00 AM,77,94,0,29.70,Fair
4/2/2022,5:30 AM,77,94,0,29.70,Fair
4/2/2022,6:00 AM,77,100,0,29.70,Fair
4/2/2022,6:30 AM,75,100,0,29.73,Fair
4/2/2022,7:00 AM,75,100,0,29.73,Fair
4/2/2022,7:30 AM,79,94,0,29.73,Fair
4/2/2022,8:00 AM,82,84,0,29.76,Fair
4/2/2022,8:30 AM,84,79,0,29.76,Fair
4/2/2022,9:00 AM,86,74,0,29.76,Fair
4/2/2022,9:30 AM,86,74,0,29.79,Fair
4/2/2022,10:00 AM,86,70,2,29.79,Partly Cloudy
4/2/2022,10:30 AM,88,70,3,29.79,Partly Cloudy
4/2/2022,11:00 AM,90,62,2,29.76,Partly Cloudy
4/2/2022,11:30 AM,88,66,9,29.76,Showers in the Vicinity
4/2/2022,12:00 PM,82,79,17,29.76,Thunder
4/2/2022,12:30 PM,79,89,8,29.76,Light Rain with Thunder
4/2/2022,1:00 PM,79,89,9,29.76,Light Rain with Thunder
4/2/2022,1:30 PM,75,100,10,29.76,T-Storm
4/2/2022,2:00 PM,75,100,2,29.73,Light Rain with Thunder
4/2/2022,2:30 PM,75,100,0,29.73,Light Rain
4/2/2022,3:00 PM,75,100,5,29.70,Light Rain
4/2/2022,3:30 PM,75,100,2,29.67,Mostly Cloudy
4/2/2022,4:00 PM,77,94,0,29.67,Mostly Cloudy
4/2/2022,4:30 PM,77,94,2,29.67,Mostly Cloudy
4/2/2022,5:00 PM,77,94,0,29.70,Mostly Cloudy
4/2/2022,5:30 PM,77,94,2,29.70,Mostly Cloudy
4/2/2022,6:00 PM,77,94,2,29.70,Mostly Cloudy
4/2/2022,6:30 PM,77,94,0,29.70,Mostly Cloudy
4/2/2022,7:00 PM,77,94,0,29.73,Mostly Cloudy
4/2/2022,7:30 PM,77,94,0,29.73,Mostly Cloudy
4/2/2022,8:00 PM,77,94,0,29.73,Mostly Cloudy
4/2/2022,8:30 PM,77,100,0,29.76,Mostly Cloudy
4/2/2022,9:00 PM,77,94,0,29.73,Fair
4/2/2022,9:30 PM,75,100,0,29.76,Fair
4/2/2022,10:00 PM,75,100,0,29.76,Partly Cloudy
4/2/2022,10:30 PM,75,100,0,29.76,Partly Cloudy
4/2/2022,11:00 PM,75,100,0,29.76,Fair
4/2/2022,11:30 PM,75,100,0,29.76,Fair
4/3/2022,12:00 AM,75,100,0,29.76,Partly Cloudy
4/3/2022,12:30 AM,75,100,0,29.76,Partly Cloudy
4/3/2022,1:00 AM,75,100,0,29.76,Mostly Cloudy
4/3/2022,1:30 AM,75,100,3,29.73,Mostly Cloudy
4/3/2022,2:00 AM,75,100,0,29.73,Mostly Cloudy
4/3/2022,2:30 AM,75,100,0,29.70,Mostly Cloudy
4/3/2022,3:00 AM,75,100,0,29.70,Mostly Cloudy
4/3/2022,3:30 AM,75,100,0,29.70,Mostly Cloudy
4/3/2022,4:00 AM,75,100,0,29.70,Fog
4/3/2022,4:30 AM,75,100,0,29.70,Fog
4/3/2022,5:00 AM,75,100,2,29.70,Fog
4/3/2022,5:30 AM,75,100,0,29.70,Light Rain
4/3/2022,6:00 AM,75,100,3,29.70,Fog
4/3/2022,6:30 AM,75,100,2,29.73,Light Rain
4/3/2022,7:00 AM,75,100,0,29.73,Fog
4/3/2022,7:30 AM,75,100,0,29.76,Fog
4/3/2022,8:00 AM,75,100,3,29.76,Mostly Cloudy
4/3/2022,8:30 AM,77,100,5,29.76,Mostly Cloudy
4/3/2022,9:00 AM,77,94,5,29.79,Mostly Cloudy
4/3/2022,9:30 AM,79,89,6,29.79,Mostly Cloudy
4/3/2022,10:00 AM,79,89,8,29.79,Mostly Cloudy
4/3/2022,10:30 AM,81,84,8,29.79,Mostly Cloudy
4/3/2022,11:00 AM,81,84,8,29.79,Mostly Cloudy
4/3/2022,11:30 AM,81,84,10,29.79,Mostly Cloudy
4/3/2022,12:00 PM,81,84,12,29.76,Mostly Cloudy
4/3/2022,12:30 PM,82,84,10,29.76,Mostly Cloudy
4/3/2022,1:00 PM,81,89,12,29.76,Mostly Cloudy
4/3/2022,1:30 PM,81,89,8,29.73,Mostly Cloudy
4/3/2022,2:00 PM,82,84,10,29.70,Mostly Cloudy
4/3/2022,2:30 PM,82,84,9,29.70,Mostly Cloudy
4/3/2022,3:00 PM,84,79,10,29.70,Mostly Cloudy
4/3/2022,3:30 PM,84,79,10,29.67,Mostly Cloudy
4/3/2022,4:00 PM,84,74,8,29.67,Mostly Cloudy
4/3/2022,4:30 PM,84,74,8,29.67,Mostly Cloudy
4/3/2022,5:00 PM,82,74,8,29.67,Mostly Cloudy
4/3/2022,5:30 PM,82,74,6,29.70,Mostly Cloudy
4/3/2022,6:00 PM,81,79,5,29.70,Mostly Cloudy
4/3/2022,6:30 PM,81,84,5,29.70,Mostly Cloudy
4/3/2022,7:00 PM,81,84,2,29.73,Mostly Cloudy
4/3/2022,7:30 PM,79,89,3,29.73,Mostly Cloudy
4/3/2022,8:00 PM,79,89,0,29.73,Mostly Cloudy
4/3/2022,8:30 PM,79,89,3,29.73,Mostly Cloudy
4/3/2022,9:00 PM,79,89,2,29.76,Mostly Cloudy
4/3/2022,9:30 PM,79,89,0,29.76,Mostly Cloudy
4/3/2022,10:00 PM,79,89,2,29.79,Mostly Cloudy
4/3/2022,10:30 PM,79,89,0,29.79,Mostly Cloudy
4/3/2022,11:00 PM,79,94,0,29.79,Mostly Cloudy
4/3/2022,11:30 PM,79,94,0,29.76,Mostly Cloudy
4/4/2022,12:00 AM,77,94,0,29.76,Partly Cloudy
4/4/2022,12:30 AM,77,94,0,29.76,Partly Cloudy
4/4/2022,1:00 AM,77,100,0,29.76,Fair
4/4/2022,1:30 AM,77,94,0,29.73,Fair
4/4/2022,2:00 AM,77,94,0,29.73,Fair
4/4/2022,2:30 AM,75,100,0,29.70,Fair
4/4/2022,3:00 AM,75,100,0,29.70,Fair
4/4/2022,3:30 AM,75,100,2,29.70,Partly Cloudy
4/4/2022,4:00 AM,75,100,0,29.70,Partly Cloudy
4/4/2022,4:30 AM,75,100,2,29.70,Mostly Cloudy
4/4/2022,5:00 AM,75,100,0,29.70,Mostly Cloudy
4/4/2022,5:30 AM,75,100,0,29.70,Mostly Cloudy
4/4/2022,6:00 AM,77,100,1,29.73,Mostly Cloudy
4/4/2022,6:30 AM,77,94,2,29.73,Mostly Cloudy
4/4/2022,7:00 AM,77,94,0,29.76,Mostly Cloudy
4/4/2022,7:30 AM,77,94,2,29.76,Mostly Cloudy
4/4/2022,8:00 AM,77,94,2,29.79,Mostly Cloudy
4/4/2022,8:30 AM,77,94,2,29.79,Mostly Cloudy
4/4/2022,9:00 AM,79,89,3,29.79,Mostly Cloudy
4/4/2022,9:30 AM,77,94,5,29.79,Light Rain
4/4/2022,10:00 AM,77,94,6,29.81,Light Rain
4/4/2022,10:30 AM,77,94,6,29.81,Light Rain
4/4/2022,11:00 AM,77,100,5,29.79,Light Rain
4/4/2022,11:30 AM,77,100,5,29.79,Light Rain
4/4/2022,12:00 PM,77,100,7,29.79,Light Rain
4/4/2022,12:30 PM,77,100,6,29.76,Light Rain
4/4/2022,1:00 PM,77,100,7,29.76,Light Rain
4/4/2022,1:30 PM,77,94,6,29.76,Light Rain
4/4/2022,2:00 PM,77,94,6,29.73,Light Rain
4/4/2022,2:30 PM,79,89,6,29.70,Light Rain
4/4/2022,3:00 PM,79,89,5,29.70,Cloudy
4/4/2022,3:30 PM,79,89,9,29.70,Mostly Cloudy
4/4/2022,4:00 PM,79,89,6,29.70,Mostly Cloudy
4/4/2022,4:30 PM,81,84,6,29.73,Mostly Cloudy
4/4/2022,5:00 PM,79,89,6,29.70,Mostly Cloudy
4/4/2022,5:30 PM,79,89,5,29.73,Mostly Cloudy
4/4/2022,6:00 PM,79,89,5,29.73,Mostly Cloudy
4/4/2022,6:30 PM,79,89,3,29.73,Mostly Cloudy
4/4/2022,7:00 PM,77,94,2,29.76,Mostly Cloudy
4/4/2022,7:30 PM,77,94,2,29.76,Mostly Cloudy
4/4/2022,8:00 PM,77,94,2,29.79,Mostly Cloudy
4/4/2022,8:30 PM,77,94,0,29.79,Mostly Cloudy
4/4/2022,9:00 PM,77,94,2,29.79,Mostly Cloudy
4/4/2022,9:30 PM,77,94,6,29.81,Mostly Cloudy
4/4/2022,10:00 PM,77,94,6,29.81,Mostly Cloudy
4/4/2022,10:30 PM,77,94,3,29.81,Mostly Cloudy
4/4/2022,11:00 PM,77,94,2,29.81,Mostly Cloudy
4/4/2022,11:30 PM,77,94,2,29.84,Mostly Cloudy
4/5/2022,12:00 AM,77,94,2,29.81,Mostly Cloudy
4/5/2022,12:30 AM,77,94,2,29.81,Light Rain
4/5/2022,1:00 AM,77,94,7,29.81,Light Rain
4/5/2022,1:30 AM,75,100,0,29.79,Light Rain
4/5/2022,2:00 AM,75,100,2,29.79,Light Rain
4/5/2022,2:30 AM,75,100,2,29.79,Light Rain
4/5/2022,3:00 AM,75,100,0,29.76,Light Rain
4/5/2022,3:30 AM,75,100,0,29.76,Light Rain
4/5/2022,4:00 AM,75,100,0,29.73,Light Rain
4/5/2022,4:30 AM,75,100,5,29.73,Light Rain
4/5/2022,5:00 AM,75,100,0,29.73,Light Rain
4/5/2022,5:30 AM,75,100,0,29.76,Mostly Cloudy
4/5/2022,6:00 AM,75,100,3,29.76,Mostly Cloudy
4/5/2022,6:30 AM,75,100,3,29.76,Partly Cloudy
4/5/2022,7:00 AM,75,100,3,29.79,Mostly Cloudy
4/5/2022,7:30 AM,77,94,5,29.79,Mostly Cloudy
4/5/2022,8:00 AM,79,89,3,29.81,Mostly Cloudy
4/5/2022,8:30 AM,81,89,5,29.81,Mostly Cloudy
4/5/2022,9:00 AM,82,74,2,29.81,Mostly Cloudy
4/5/2022,9:30 AM,84,70,2,29.81,Mostly Cloudy
4/5/2022,10:00 AM,84,70,6,29.81,Mostly Cloudy
4/5/2022,10:30 AM,84,70,2,29.81,Mostly Cloudy
4/5/2022,11:00 AM,84,74,6,29.81,Mostly Cloudy
4/5/2022,11:30 AM,84,74,7,29.81,Mostly Cloudy
4/5/2022,12:00 PM,84,74,9,29.81,Mostly Cloudy
4/5/2022,12:30 PM,82,79,7,29.81,Mostly Cloudy
4/5/2022,1:00 PM,82,79,8,29.79,Mostly Cloudy
4/5/2022,1:30 PM,81,84,8,29.76,Mostly Cloudy
4/5/2022,2:00 PM,81,84,7,29.76,Mostly Cloudy
4/5/2022,2:30 PM,81,89,7,29.73,Mostly Cloudy
4/5/2022,3:00 PM,81,89,6,29.73,Mostly Cloudy
4/5/2022,3:30 PM,82,84,6,29.73,Mostly Cloudy
4/5/2022,4:00 PM,82,84,5,29.73,Mostly Cloudy
4/5/2022,4:30 PM,81,89,8,29.73,Light Rain
4/5/2022,5:00 PM,81,94,5,29.73,Light Rain
4/5/2022,5:30 PM,81,89,5,29.73,Mostly Cloudy
4/5/2022,6:00 PM,79,94,2,29.76,Mostly Cloudy
4/5/2022,6:30 PM,79,94,0,29.76,Mostly Cloudy
4/5/2022,7:00 PM,79,94,0,29.76,Mostly Cloudy
4/5/2022,7:30 PM,79,94,0,29.79,Mostly Cloudy
4/5/2022,8:00 PM,79,94,2,29.79,Mostly Cloudy
4/5/2022,8:30 PM,79,94,2,29.79,Mostly Cloudy
4/5/2022,9:00 PM,79,94,0,29.79,Mostly Cloudy
4/5/2022,9:30 PM,79,94,3,29.79,Mostly Cloudy
4/5/2022,10:00 PM,79,94,0,29.81,Mostly Cloudy
4/5/2022,10:30 PM,79,94,0,29.81,Mostly Cloudy
4/5/2022,11:00 PM,77,100,2,29.81,Mostly Cloudy
4/5/2022,11:30 PM,77,100,0,29.81,Mostly Cloudy
4/6/2022,12:00 AM,77,100,3,29.81,Mostly Cloudy
4/6/2022,12:30 AM,77,100,2,29.79,Mostly Cloudy
4/6/2022,1:00 AM,77,94,3,29.79,Mostly Cloudy
4/6/2022,1:30 AM,77,94,0,29.76,Mostly Cloudy
4/6/2022,2:00 AM,77,100,0,29.76,Mostly Cloudy
4/6/2022,2:30 AM,77,100,0,29.76,Mostly Cloudy
4/6/2022,3:00 AM,77,100,0,29.76,Mostly Cloudy
4/6/2022,3:30 AM,77,100,0,29.76,Mostly Cloudy
4/6/2022,4:00 AM,75,100,0,29.73,Partly Cloudy
4/6/2022,4:30 AM,75,100,0,29.73,Partly Cloudy
4/6/2022,5:00 AM,75,100,0,29.76,Partly Cloudy
4/6/2022,5:30 AM,75,100,0,29.76,Fair
4/6/2022,6:00 AM,75,100,0,29.79,Partly Cloudy
4/6/2022,6:30 AM,75,100,8,29.79,Light Rain
4/6/2022,7:00 AM,75,100,0,29.79,Light Rain
4/6/2022,7:30 AM,77,100,3,29.79,Light Rain
4/6/2022,8:00 AM,77,100,0,29.81,Light Rain
4/6/2022,8:30 AM,79,94,0,29.81,Light Rain
4/6/2022,9:00 AM,79,89,2,29.84,Mostly Cloudy
4/6/2022,9:30 AM,81,89,3,29.81,Mostly Cloudy
4/6/2022,10:00 AM,81,89,3,29.84,Mostly Cloudy
4/6/2022,10:30 AM,82,84,6,29.84,Mostly Cloudy
4/6/2022,11:00 AM,82,79,3,29.81,Mostly Cloudy
4/6/2022,11:30 AM,84,79,3,29.81,Mostly Cloudy
4/6/2022,12:00 PM,84,79,6,29.79,Mostly Cloudy
4/6/2022,12:30 PM,86,74,5,29.76,Mostly Cloudy
4/6/2022,1:00 PM,88,66,5,29.76,Mostly Cloudy
4/6/2022,1:30 PM,86,70,7,29.73,Mostly Cloudy
4/6/2022,2:00 PM,86,70,6,29.73,Showers in the Vicinity
4/6/2022,2:30 PM,79,83,7,29.73,Mostly Cloudy
4/6/2022,3:00 PM,77,94,6,29.70,Light Rain
4/6/2022,3:30 PM,84,79,0,29.70,Mostly Cloudy
4/6/2022,4:00 PM,84,79,2,29.70,Light Rain
4/6/2022,4:30 PM,81,84,8,29.70,Light Rain
4/6/2022,5:00 PM,82,84,2,29.70,Mostly Cloudy
4/6/2022,5:30 PM,82,79,6,29.70,Mostly Cloudy
4/6/2022,6:00 PM,82,79,2,29.73,Mostly Cloudy
4/6/2022,6:30 PM,82,79,0,29.76,Mostly Cloudy
4/6/2022,7:00 PM,81,84,0,29.76,Mostly Cloudy
4/6/2022,7:30 PM,81,89,0,29.79,Mostly Cloudy
4/6/2022,8:00 PM,81,84,2,29.79,Partly Cloudy
4/6/2022,8:30 PM,81,89,2,29.79,Partly Cloudy
4/6/2022,9:00 PM,81,89,3,29.79,Partly Cloudy
4/6/2022,9:30 PM,79,94,0,29.79,Partly Cloudy
4/6/2022,10:00 PM,81,89,2,29.81,Partly Cloudy
4/6/2022,10:30 PM,79,94,0,29.81,Partly Cloudy
4/6/2022,11:00 PM,79,94,2,29.81,Light Rain
4/6/2022,11:30 PM,79,94,3,29.81,Mostly Cloudy
4/7/2022,12:00 AM,79,94,0,29.79,Mostly Cloudy
4/7/2022,12:30 AM,79,94,0,29.79,Mostly Cloudy
4/7/2022,1:00 AM,79,94,0,29.79,Mostly Cloudy
4/7/2022,1:30 AM,77,100,3,29.76,Partly Cloudy
4/7/2022,2:00 AM,77,100,5,29.73,Fair
4/7/2022,2:30 AM,77,100,5,29.73,Partly Cloudy
4/7/2022,3:00 AM,77,100,0,29.73,Partly Cloudy
4/7/2022,3:30 AM,77,100,0,29.70,Partly Cloudy
4/7/2022,4:00 AM,77,100,0,29.70,Partly Cloudy
4/7/2022,4:30 AM,77,100,0,29.70,Partly Cloudy
4/7/2022,5:00 AM,77,100,0,29.70,Mostly Cloudy
4/7/2022,5:30 AM,77,100,0,29.73,Mostly Cloudy
4/7/2022,6:00 AM,77,100,0,29.73,Fair
4/7/2022,6:30 AM,75,100,0,29.73,Fair
4/7/2022,7:00 AM,77,100,0,29.76,Fair
4/7/2022,7:30 AM,79,100,0,29.76,Fair
4/7/2022,8:00 AM,81,89,0,29.79,Fair
4/7/2022,8:30 AM,82,84,0,29.79,Mostly Cloudy
4/7/2022,9:00 AM,82,79,2,29.79,Mostly Cloudy
4/7/2022,9:30 AM,84,74,3,29.79,Mostly Cloudy
4/7/2022,10:00 AM,84,74,5,29.79,Mostly Cloudy
4/7/2022,10:30 AM,84,79,2,29.79,Partly Cloudy
4/7/2022,11:00 AM,86,70,0,29.79,Partly Cloudy
4/7/2022,11:30 AM,86,66,0,29.76,Partly Cloudy
4/7/2022,12:00 PM,86,70,2,29.76,Showers in the Vicinity
4/7/2022,12:30 PM,88,66,2,29.73,Partly Cloudy
4/7/2022,1:00 PM,90,59,10,29.73,Partly Cloudy
4/7/2022,1:30 PM,90,55,10,29.70,Partly Cloudy
4/7/2022,2:00 PM,91,59,12,29.70,Partly Cloudy
4/7/2022,2:30 PM,91,55,14,29.67,Fair
4/7/2022,3:00 PM,91,55,13,29.67,Fair
4/7/2022,3:30 PM,90,59,12,29.67,Partly Cloudy
4/7/2022,4:00 PM,88,62,13,29.67,Partly Cloudy
4/7/2022,4:30 PM,88,66,12,29.67,Partly Cloudy
4/7/2022,5:00 PM,88,66,12,29.67,Partly Cloudy
4/7/2022,5:30 PM,86,70,10,29.67,Partly Cloudy
4/7/2022,6:00 PM,84,74,9,29.70,Partly Cloudy
4/7/2022,6:30 PM,84,74,8,29.70,Partly Cloudy
4/7/2022,7:00 PM,82,79,0,29.73,Partly Cloudy
4/7/2022,7:30 PM,82,79,0,29.73,Partly Cloudy
4/7/2022,8:00 PM,82,79,0,29.73,Partly Cloudy
4/7/2022,8:30 PM,81,89,0,29.76,Partly Cloudy
4/7/2022,9:00 PM,81,84,0,29.76,Partly Cloudy
4/7/2022,9:30 PM,81,89,0,29.76,Partly Cloudy
4/7/2022,10:00 PM,81,89,0,29.79,Partly Cloudy
4/7/2022,10:30 PM,79,94,2,29.79,Partly Cloudy
4/7/2022,11:00 PM,79,94,0,29.79,Partly Cloudy
4/7/2022,11:30 PM,79,94,0,29.79,Partly Cloudy
4/8/2022,12:00 AM,79,94,0,29.76,Partly Cloudy
4/8/2022,12:30 AM,77,100,0,29.76,Partly Cloudy
4/8/2022,1:00 AM,77,100,0,29.76,Partly Cloudy
4/8/2022,1:30 AM,77,100,0,29.76,Partly Cloudy
4/8/2022,2:00 AM,77,100,0,29.73,Fair
4/8/2022,2:30 AM,77,100,0,29.73,Fair
4/8/2022,3:00 AM,77,100,0,29.73,Fair
4/8/2022,3:30 AM,75,100,0,29.70,Fair
4/8/2022,4:00 AM,75,100,0,29.70,Fair
4/8/2022,4:30 AM,75,100,0,29.70,Fair
4/8/2022,5:00 AM,75,100,0,29.70,Fair
4/8/2022,5:30 AM,75,100,0,29.70,Fair
4/8/2022,6:00 AM,75,100,0,29.73,Fair
4/8/2022,6:30 AM,75,100,2,29.73,Fog
4/8/2022,7:00 AM,75,100,0,29.73,Fog
4/8/2022,7:30 AM,77,100,2,29.76,Fair
4/8/2022,8:00 AM,77,94,0,29.79,Fair
4/8/2022,8:30 AM,82,79,0,29.79,Fair
4/8/2022,9:00 AM,82,79,0,29.79,Fair
4/8/2022,9:30 AM,84,74,2,29.79,Fair
4/8/2022,10:00 AM,86,70,0,29.79,Partly Cloudy
4/8/2022,10:30 AM,88,62,3,29.79,Fair
4/8/2022,11:00 AM,88,66,5,29.79,Partly Cloudy
4/8/2022,11:30 AM,86,66,7,29.79,Showers in the Vicinity
4/8/2022,12:00 PM,82,89,5,29.76,Light Rain
4/8/2022,12:30 PM,88,70,5,29.76,Mostly Cloudy
4/8/2022,1:00 PM,88,66,6,29.73,Mostly Cloudy
4/8/2022,1:30 PM,90,59,6,29.70,Partly Cloudy
4/8/2022,2:00 PM,88,66,10,29.67,Partly Cloudy
4/8/2022,2:30 PM,88,66,9,29.67,Partly Cloudy
4/8/2022,3:00 PM,90,62,9,29.67,Partly Cloudy
4/8/2022,3:30 PM,88,66,13,29.67,Partly Cloudy
4/8/2022,4:00 PM,88,70,12,29.67,Partly Cloudy
4/8/2022,4:30 PM,86,70,12,29.67,Partly Cloudy
4/8/2022,5:00 PM,86,70,10,29.67,Fair
4/8/2022,5:30 PM,86,70,10,29.67,Fair
4/8/2022,6:00 PM,84,74,7,29.67,Fair
4/8/2022,6:30 PM,82,74,3,29.67,Fair
4/8/2022,7:00 PM,82,79,5,29.70,Partly Cloudy
4/8/2022,7:30 PM,81,84,0,29.73,Partly Cloudy
4/8/2022,8:00 PM,81,84,0,29.73,Fair
4/8/2022,8:30 PM,81,84,0,29.73,Partly Cloudy
4/8/2022,9:00 PM,81,84,0,29.76,Partly Cloudy
4/8/2022,9:30 PM,79,89,0,29.76,Partly Cloudy
4/8/2022,10:00 PM,79,89,0,29.79,Fair
4/8/2022,10:30 PM,79,89,0,29.79,Fair
4/8/2022,11:00 PM,77,94,0,29.79,Fair
4/8/2022,11:30 PM,77,94,0,29.79,Fair
4/9/2022,12:00 AM,77,94,0,29.79,Fair
4/9/2022,12:30 AM,77,94,0,29.76,Fair
4/9/2022,1:00 AM,77,94,0,29.73,Fair
4/9/2022,1:30 AM,75,100,0,29.73,Fair
4/9/2022,2:00 AM,75,100,0,29.70,Fair
4/9/2022,2:30 AM,75,100,0,29.70,Fair
4/9/2022,3:00 AM,75,100,0,29.70,Partly Cloudy
4/9/2022,3:30 AM,75,100,0,29.70,Partly Cloudy
4/9/2022,4:00 AM,75,100,0,29.70,Partly Cloudy
4/9/2022,4:30 AM,75,100,0,29.70,Fair
4/9/2022,5:00 AM,75,100,0,29.73,Fair
4/9/2022,5:30 AM,75,100,0,29.70,Fair
4/9/2022,6:00 AM,75,94,0,29.70,Partly Cloudy
4/9/2022,6:30 AM,75,94,0,29.70,Fair
4/9/2022,7:00 AM,75,100,0,29.73,Fair
4/9/2022,7:30 AM,75,100,0,29.76,Fair
4/9/2022,8:00 AM,79,89,0,29.76,Fair
4/9/2022,8:30 AM,82,79,0,29.76,Partly Cloudy
4/9/2022,9:00 AM,84,74,0,29.79,Partly Cloudy
4/9/2022,9:30 AM,86,74,0,29.79,Partly Cloudy
4/9/2022,10:00 AM,86,70,0,29.79,Partly Cloudy
4/9/2022,10:30 AM,90,62,0,29.79,Mostly Cloudy
4/9/2022,11:00 AM,86,70,3,29.76,Mostly Cloudy
4/9/2022,11:30 AM,90,62,0,29.76,Mostly Cloudy
4/9/2022,12:00 PM,88,66,5,29.73,Mostly Cloudy
4/9/2022,12:30 PM,90,59,5,29.73,Mostly Cloudy
4/9/2022,1:00 PM,88,70,13,29.70,Mostly Cloudy
4/9/2022,1:30 PM,86,74,8,29.67,Partly Cloudy
4/9/2022,2:00 PM,88,70,7,29.67,Partly Cloudy
4/9/2022,2:30 PM,91,55,7,29.64,Partly Cloudy
4/9/2022,3:00 PM,91,52,5,29.64,Partly Cloudy
4/9/2022,3:30 PM,91,52,5,29.61,Partly Cloudy
4/9/2022,4:00 PM,91,52,7,29.61,Showers in the Vicinity
4/9/2022,4:30 PM,90,59,5,29.61,Showers in the Vicinity
4/9/2022,5:00 PM,88,70,3,29.64,Partly Cloudy
4/9/2022,5:30 PM,88,66,2,29.64,Partly Cloudy
4/9/2022,6:00 PM,86,70,5,29.67,Partly Cloudy
4/9/2022,6:30 PM,84,74,3,29.67,Partly Cloudy
4/9/2022,7:00 PM,82,79,0,29.67,Partly Cloudy
4/9/2022,7:30 PM,82,79,0,29.70,Fair
4/9/2022,8:00 PM,81,84,0,29.70,Fair
4/9/2022,8:30 PM,81,84,0,29.73,Fair
4/9/2022,9:00 PM,81,84,0,29.73,Fair
4/9/2022,9:30 PM,79,89,5,29.73,Fair
4/9/2022,10:00 PM,79,94,2,29.76,Fair
4/9/2022,10:30 PM,79,94,2,29.76,Fair
4/9/2022,11:00 PM,79,94,0,29.76,Fair
4/9/2022,11:30 PM,77,100,0,29.73,Fair
4/10/2022,12:00 AM,77,100,0,29.73,Fair
4/10/2022,12:30 AM,77,100,0,29.73,Fair
4/10/2022,1:00 AM,77,100,1,29.73,Fair
4/10/2022,1:30 AM,77,100,0,29.70,Fair
4/10/2022,2:00 AM,77,100,0,29.70,Fair
4/10/2022,2:30 AM,77,100,0,29.67,Fair
4/10/2022,3:00 AM,75,100,0,29.67,Fair
4/10/2022,3:30 AM,75,100,0,29.67,Fair
4/10/2022,4:00 AM,75,100,0,29.67,Fair
4/10/2022,4:30 AM,75,100,0,29.67,Fair
4/10/2022,5:00 AM,75,100,0,29.67,Fair
4/10/2022,5:30 AM,75,100,0,29.70,Fair
4/10/2022,6:00 AM,75,100,0,29.70,Fair
4/10/2022,6:30 AM,75,100,0,29.70,Fog
4/10/2022,7:00 AM,75,100,0,29.70,Fog
4/10/2022,7:30 AM,75,100,0,29.73,Fog
4/10/2022,8:00 AM,77,100,0,29.73,Fog
4/10/2022,8:30 AM,79,94,0,29.76,Fog
4/10/2022,9:00 AM,82,89,0,29.76,Partly Cloudy
4/10/2022,9:30 AM,86,70,0,29.76,Fair
4/10/2022,10:00 AM,86,66,0,29.76,Fair
4/10/2022,10:30 AM,88,62,5,29.76,Fair
4/10/2022,11:00 AM,90,59,0,29.73,Fair
4/10/2022,11:30 AM,90,59,2,29.73,Fair
4/10/2022,12:00 PM,90,59,3,29.73,Fair
4/10/2022,12:30 PM,90,59,3,29.70,Fair
4/10/2022,1:00 PM,91,52,3,29.67,Fair
4/10/2022,1:30 PM,93,52,0,29.67,Fair
4/10/2022,2:00 PM,91,55,2,29.64,Fair
4/10/2022,2:30 PM,91,55,5,29.64,Fair
4/10/2022,3:00 PM,93,56,5,29.61,Fair
4/10/2022,3:30 PM,91,55,7,29.61,Fair
4/10/2022,4:00 PM,91,55,7,29.61,Fair
4/10/2022,4:30 PM,91,55,7,29.61,Fair
4/10/2022,5:00 PM,91,55,6,29.61,Fair
4/10/2022,5:30 PM,90,55,6,29.61,Fair
4/10/2022,6:00 PM,88,62,5,29.61,Fair
4/10/2022,6:30 PM,86,66,5,29.64,Fair
4/10/2022,7:00 PM,84,70,2,29.64,Fair
4/10/2022,7:30 PM,84,70,2,29.64,Fair
4/10/2022,8:00 PM,82,74,0,29.67,Fair
4/10/2022,8:30 PM,82,74,0,29.70,Fair
4/10/2022,9:00 PM,82,74,0,29.70,Partly Cloudy
4/10/2022,9:30 PM,81,79,0,29.73,Partly Cloudy
4/10/2022,10:00 PM,81,84,0,29.73,Partly Cloudy
4/10/2022,10:30 PM,81,84,0,29.73,Fair
4/10/2022,11:00 PM,79,89,0,29.73,Fair
4/10/2022,11:30 PM,79,94,0,29.73,Fair
4/11/2022,12:00 AM,79,89,0,29.73,Fair
4/11/2022,12:30 AM,79,89,0,29.73,Fair
4/11/2022,1:00 AM,77,94,0,29.70,Fair
4/11/2022,1:30 AM,77,94,0,29.70,Fair
4/11/2022,2:00 AM,77,94,0,29.70,Fair
4/11/2022,2:30 AM,77,94,0,29.67,Fair
4/11/2022,3:00 AM,77,94,0,29.67,Fair
4/11/2022,3:30 AM,77,94,0,29.67,Fair
4/11/2022,4:00 AM,77,94,0,29.67,Fair
4/11/2022,4:30 AM,77,94,0,29.67,Fair
4/11/2022,5:00 AM,75,100,0,29.67,Fair
4/11/2022,5:30 AM,75,100,0,29.67,Fair
4/11/2022,6:00 AM,75,100,0,29.70,Fair
4/11/2022,6:30 AM,75,100,0,29.70,Fair
4/11/2022,7:00 AM,75,100,0,29.70,Fair
4/11/2022,7:30 AM,77,94,0,29.73,Fair
4/11/2022,8:00 AM,77,100,0,29.73,Fair
4/11/2022,8:30 AM,81,84,0,29.73,Fair
4/11/2022,9:00 AM,82,79,0,29.73,Fair
4/11/2022,9:30 AM,84,79,0,29.76,Fair
4/11/2022,10:00 AM,86,66,0,29.73,Fair
4/11/2022,10:30 AM,88,62,0,29.73,Fair
4/11/2022,11:00 AM,90,55,0,29.73,Fair
4/11/2022,11:30 AM,90,52,0,29.73,Partly Cloudy
4/11/2022,12:00 PM,90,52,2,29.70,Partly Cloudy
4/11/2022,12:30 PM,91,49,2,29.70,Partly Cloudy
4/11/2022,1:00 PM,91,49,3,29.67,Partly Cloudy
4/11/2022,1:30 PM,93,49,0,29.67,Partly Cloudy
4/11/2022,2:00 PM,93,49,3,29.64,Partly Cloudy
4/11/2022,2:30 PM,91,55,5,29.61,Partly Cloudy
4/11/2022,3:00 PM,91,55,6,29.61,Partly Cloudy
4/11/2022,3:30 PM,91,55,3,29.61,Partly Cloudy
4/11/2022,4:00 PM,91,59,3,29.61,Partly Cloudy
4/11/2022,4:30 PM,90,62,8,29.61,Partly Cloudy
4/11/2022,5:00 PM,86,70,10,29.61,Showers in the Vicinity
4/11/2022,5:30 PM,88,66,6,29.61,Showers in the Vicinity
4/11/2022,6:00 PM,88,66,5,29.64,Partly Cloudy
4/11/2022,6:30 PM,86,70,3,29.64,Partly Cloudy
4/11/2022,7:00 PM,82,74,3,29.67,Partly Cloudy
4/11/2022,7:30 PM,81,79,2,29.67,Fair
4/11/2022,8:00 PM,81,79,0,29.67,Fair
4/11/2022,8:30 PM,81,79,0,29.70,Fair
4/11/2022,9:00 PM,81,79,0,29.70,Partly Cloudy
4/11/2022,9:30 PM,79,83,0,29.73,Mostly Cloudy
4/11/2022,10:00 PM,79,89,0,29.76,Partly Cloudy
4/11/2022,10:30 PM,79,83,0,29.76,Partly Cloudy
4/11/2022,11:00 PM,79,89,0,29.76,Partly Cloudy
4/11/2022,11:30 PM,79,89,0,29.73,Partly Cloudy
4/12/2022,12:00 AM,79,89,2,29.73,Mostly Cloudy
4/12/2022,12:30 AM,79,89,0,29.70,Partly Cloudy
4/12/2022,1:00 AM,77,94,0,29.70,Partly Cloudy
4/12/2022,1:30 AM,77,94,0,29.70,Partly Cloudy
4/12/2022,2:00 AM,77,94,0,29.67,Partly Cloudy
4/12/2022,2:30 AM,77,94,0,29.67,Fair
4/12/2022,3:00 AM,77,94,0,29.67,Fair
4/12/2022,3:30 AM,77,94,0,29.67,Fair
4/12/2022,4:00 AM,77,94,0,29.64,Fair
4/12/2022,4:30 AM,77,94,0,29.64,Fair
4/12/2022,5:00 AM,75,100,0,29.64,Fair
4/12/2022,5:30 AM,75,100,0,29.64,Fair
4/12/2022,6:00 AM,75,100,0,29.67,Fair
4/12/2022,6:30 AM,75,100,0,29.67,Fair
4/12/2022,7:00 AM,77,94,0,29.67,Fair
4/12/2022,7:30 AM,77,94,0,29.70,Fair
4/12/2022,8:00 AM,79,89,0,29.70,Fair
4/12/2022,8:30 AM,81,89,0,29.73,Fair
4/12/2022,9:00 AM,84,79,0,29.73,Fair
4/12/2022,9:30 AM,86,74,0,29.73,Fair
4/12/2022,10:00 AM,88,66,3,29.73,Fair
4/12/2022,10:30 AM,90,66,0,29.73,Fair
4/12/2022,11:00 AM,90,66,0,29.73,Fair
4/12/2022,11:30 AM,90,62,2,29.70,Fair
4/12/2022,12:00 PM,91,59,0,29.70,Partly Cloudy
4/12/2022,12:30 PM,91,63,5,29.67,Partly Cloudy
4/12/2022,1:00 PM,93,59,0,29.64,Showers in the Vicinity
4/12/2022,1:30 PM,91,63,2,29.64,Showers in the Vicinity
4/12/2022,2:00 PM,90,59,9,29.61,Showers in the Vicinity
4/12/2022,2:30 PM,90,62,3,29.61,Mostly Cloudy
4/12/2022,3:00 PM,93,52,2,29.58,Partly Cloudy
4/12/2022,3:30 PM,88,66,10,29.58,Showers in the Vicinity
4/12/2022,4:00 PM,86,66,8,29.58,Thunder
4/12/2022,4:30 PM,84,74,5,29.58,Showers in the Vicinity
4/12/2022,5:00 PM,82,79,2,29.61,Showers in the Vicinity
4/12/2022,5:30 PM,81,84,0,29.61,Mostly Cloudy
4/12/2022,6:00 PM,81,79,3,29.61,Mostly Cloudy
4/12/2022,6:30 PM,81,79,0,29.61,Mostly Cloudy
4/12/2022,7:00 PM,81,79,2,29.61,Mostly Cloudy
4/12/2022,7:30 PM,79,89,0,29.64,Mostly Cloudy
4/12/2022,8:00 PM,79,89,2,29.64,Mostly Cloudy
4/12/2022,8:30 PM,79,89,3,29.67,Mostly Cloudy
4/12/2022,9:00 PM,79,89,6,29.67,Mostly Cloudy
4/12/2022,9:30 PM,79,83,0,29.67,Partly Cloudy
4/12/2022,10:00 PM,77,94,0,29.70,Partly Cloudy
4/12/2022,10:30 PM,77,89,0,29.70,Partly Cloudy
4/12/2022,11:00 PM,77,94,0,29.70,Partly Cloudy
4/12/2022,11:30 PM,77,94,0,29.70,Fair
4/13/2022,12:00 AM,77,94,0,29.70,Fair
4/13/2022,12:30 AM,77,94,0,29.67,Fair
4/13/2022,1:00 AM,77,94,0,29.67,Fair
4/13/2022,1:30 AM,77,94,0,29.67,Fair
4/13/2022,2:00 AM,75,100,0,29.64,Fair
4/13/2022,2:30 AM,75,100,0,29.64,Fair
4/13/2022,3:00 AM,75,100,2,29.61,Fair
4/13/2022,3:30 AM,75,100,0,29.61,Fair
4/13/2022,4:00 AM,75,100,0,29.61,Fair
4/13/2022,4:30 AM,75,100,0,29.61,Fair
4/13/2022,5:00 AM,75,100,0,29.61,Fair
4/13/2022,5:30 AM,75,100,0,29.61,Fair
4/13/2022,6:00 AM,75,100,0,29.64,Fair
4/13/2022,6:30 AM,75,100,0,29.64,Fair
4/13/2022,7:00 AM,77,94,0,29.67,Fair
4/13/2022,7:30 AM,79,89,0,29.67,Fair
4/13/2022,8:00 AM,81,89,0,29.70,Fair
4/13/2022,8:30 AM,81,89,0,29.70,Fair
4/13/2022,9:00 AM,84,79,0,29.70,Fair
4/13/2022,9:30 AM,86,74,2,29.70,Fair
4/13/2022,10:00 AM,88,70,2,29.70,Fair
4/13/2022,10:30 AM,90,66,3,29.70,Partly Cloudy
4/13/2022,11:00 AM,90,66,2,29.70,Fair
4/13/2022,11:30 AM,91,59,3,29.70,Partly Cloudy
4/13/2022,12:00 PM,93,56,2,29.67,Showers in the Vicinity
4/13/2022,12:30 PM,88,62,13,29.64,Showers in the Vicinity
4/13/2022,1:00 PM,86,66,8,29.64,Showers in the Vicinity
4/13/2022,1:30 PM,91,59,3,29.61,Thunder
4/13/2022,2:00 PM,90,66,10,29.61,Mostly Cloudy
4/13/2022,2:30 PM,90,59,13,29.58,Partly Cloudy
4/13/2022,3:00 PM,88,66,8,29.58,Showers in the Vicinity
4/13/2022,3:30 PM,88,66,6,29.58,Showers in the Vicinity
4/13/2022,4:00 PM,88,66,5,29.58,Partly Cloudy
4/13/2022,4:30 PM,86,74,2,29.55,Mostly Cloudy
4/13/2022,5:00 PM,86,74,3,29.58,Mostly Cloudy
4/13/2022,5:30 PM,84,79,0,29.58,Mostly Cloudy
4/13/2022,6:00 PM,84,79,2,29.58,Mostly Cloudy
4/13/2022,6:30 PM,84,79,0,29.61,Mostly Cloudy
4/13/2022,7:00 PM,82,84,2,29.61,Mostly Cloudy
4/13/2022,7:30 PM,82,84,0,29.61,Mostly Cloudy
4/13/2022,8:00 PM,82,84,0,29.64,Mostly Cloudy
4/13/2022,8:30 PM,82,79,0,29.67,Mostly Cloudy
4/13/2022,9:00 PM,81,89,0,29.67,Mostly Cloudy
4/13/2022,9:30 PM,81,89,0,29.67,Mostly Cloudy
4/13/2022,10:00 PM,81,89,0,29.70,Mostly Cloudy
4/13/2022,10:30 PM,81,89,0,29.70,Mostly Cloudy
4/13/2022,11:00 PM,81,89,0,29.70,Mostly Cloudy
4/13/2022,11:30 PM,81,89,0,29.70,Mostly Cloudy
4/14/2022,12:00 AM,79,94,0,29.67,Mostly Cloudy
4/14/2022,12:30 AM,79,94,0,29.67,Mostly Cloudy
4/14/2022,1:00 AM,79,94,0,29.67,Mostly Cloudy
4/14/2022,1:30 AM,79,94,0,29.64,Partly Cloudy
4/14/2022,2:00 AM,77,94,0,29.61,Fair
4/14/2022,2:30 AM,77,94,0,29.61,Fair
4/14/2022,3:00 AM,77,94,0,29.61,Fair
4/14/2022,3:30 AM,77,94,0,29.61,Fair
4/14/2022,4:00 AM,77,94,0,29.61,Fair
4/14/2022,4:30 AM,77,94,0,29.61,Fair
4/14/2022,5:00 AM,77,94,0,29.61,Fair
4/14/2022,5:30 AM,77,94,0,29.61,Fair
4/14/2022,6:00 AM,77,94,0,29.61,Fair
4/14/2022,6:30 AM,77,94,0,29.64,Fair
4/14/2022,7:00 AM,77,94,0,29.64,Fair
4/14/2022,7:30 AM,79,94,0,29.67,Fair
4/14/2022,8:00 AM,81,89,5,29.67,Fair
4/14/2022,8:30 AM,82,84,3,29.67,Fair
4/14/2022,9:00 AM,84,79,6,29.70,Fair
4/14/2022,9:30 AM,86,74,3,29.70,Fair
4/14/2022,10:00 AM,88,70,3,29.70,Fair
4/14/2022,10:30 AM,90,66,3,29.70,Fair
4/14/2022,11:00 AM,91,63,2,29.67,Fair
4/14/2022,11:30 AM,91,59,2,29.67,Fair
4/14/2022,12:00 PM,93,56,2,29.67,Partly Cloudy
4/14/2022,12:30 PM,93,56,2,29.64,Partly Cloudy
4/14/2022,1:00 PM,93,56,3,29.64,Partly Cloudy
4/14/2022,1:30 PM,93,56,5,29.61,Mostly Cloudy
4/14/2022,2:00 PM,93,56,6,29.58,Mostly Cloudy
4/14/2022,2:30 PM,93,56,0,29.58,Mostly Cloudy
4/14/2022,3:00 PM,93,56,2,29.55,Mostly Cloudy
4/14/2022,3:30 PM,86,74,6,29.55,Light Rain
4/14/2022,4:00 PM,88,66,9,29.55,Light Rain
4/14/2022,4:30 PM,86,70,13,29.58,Light Rain with Thunder
4/14/2022,5:00 PM,79,89,6,29.58,Light Rain with Thunder
4/14/2022,5:30 PM,77,89,3,29.61,Light Rain with Thunder
4/14/2022,6:00 PM,77,100,0,29.61,Light Rain with Thunder
4/14/2022,6:30 PM,77,100,0,29.61,Mostly Cloudy
4/14/2022,7:00 PM,79,94,0,29.64,Mostly Cloudy
4/14/2022,7:30 PM,79,94,0,29.64,Mostly Cloudy
4/14/2022,8:00 PM,79,94,0,29.67,Mostly Cloudy
4/14/2022,8:30 PM,79,94,0,29.67,Mostly Cloudy
4/14/2022,9:00 PM,79,94,2,29.67,Partly Cloudy
4/14/2022,9:30 PM,79,94,0,29.67,Partly Cloudy
4/14/2022,10:00 PM,79,100,0,29.70,Partly Cloudy
4/14/2022,10:30 PM,77,100,0,29.70,Partly Cloudy
4/14/2022,11:00 PM,77,100,0,29.70,Partly Cloudy
4/14/2022,11:30 PM,77,100,0,29.70,Partly Cloudy
4/15/2022,12:00 AM,77,100,0,29.70,Partly Cloudy
4/15/2022,12:30 AM,77,100,0,29.67,Partly Cloudy
4/15/2022,1:00 AM,77,100,0,29.67,Partly Cloudy
4/15/2022,1:30 AM,77,100,0,29.67,Partly Cloudy
4/15/2022,2:00 AM,77,100,0,29.64,Partly Cloudy
4/15/2022,2:30 AM,77,100,0,29.64,Partly Cloudy
4/15/2022,3:00 AM,77,100,0,29.64,Partly Cloudy
4/15/2022,3:30 AM,77,100,0,29.64,Fair
4/15/2022,4:00 AM,77,100,0,29.61,Partly Cloudy
4/15/2022,4:30 AM,77,100,0,29.61,Partly Cloudy
4/15/2022,5:00 AM,77,100,0,29.64,Partly Cloudy
4/15/2022,5:30 AM,77,100,0,29.64,Partly Cloudy
4/15/2022,6:00 AM,75,100,0,29.64,Partly Cloudy
4/15/2022,6:30 AM,77,100,0,29.67,Partly Cloudy
4/15/2022,7:00 AM,77,100,0,29.67,Partly Cloudy
4/15/2022,7:30 AM,79,94,0,29.70,Fair
4/15/2022,8:00 AM,81,89,0,29.70,Fair
4/15/2022,8:30 AM,82,89,0,29.70,Fair
4/15/2022,9:00 AM,84,84,5,29.73,Fair
4/15/2022,9:30 AM,86,79,2,29.73,Fair
4/15/2022,10:00 AM,88,75,3,29.73,Fair
4/15/2022,10:30 AM,90,70,2,29.73,Fair
4/15/2022,11:00 AM,90,66,2,29.70,Fair
4/15/2022,11:30 AM,91,63,5,29.70,Fair
4/15/2022,12:00 PM,91,59,5,29.70,Fair
4/15/2022,12:30 PM,91,59,2,29.67,Fair
4/15/2022,1:00 PM,93,59,3,29.64,Partly Cloudy
4/15/2022,1:30 PM,95,56,2,29.64,Partly Cloudy
4/15/2022,2:00 PM,86,70,17,29.64,Light Rain
4/15/2022,2:30 PM,84,79,10,29.61,Light Rain
4/15/2022,3:00 PM,88,70,6,29.61,Mostly Cloudy
4/15/2022,3:30 PM,88,66,8,29.58,Mostly Cloudy
4/15/2022,4:00 PM,86,70,3,29.58,Mostly Cloudy
4/15/2022,4:30 PM,84,74,7,29.58,Mostly Cloudy
4/15/2022,5:00 PM,81,89,2,29.58,Light Rain with Thunder
4/15/2022,5:30 PM,81,89,0,29.58,Mostly Cloudy
4/15/2022,6:00 PM,81,84,0,29.58,Mostly Cloudy
4/15/2022,6:30 PM,81,89,0,29.58,Partly Cloudy
4/15/2022,7:00 PM,81,89,0,29.61,Partly Cloudy
4/15/2022,7:30 PM,81,89,0,29.61,Partly Cloudy
4/15/2022,8:00 PM,81,89,0,29.64,Fair
4/15/2022,8:30 PM,81,89,0,29.64,Fair
4/15/2022,9:00 PM,81,94,0,29.67,Partly Cloudy
4/15/2022,9:30 PM,81,94,0,29.67,Partly Cloudy
4/15/2022,10:00 PM,81,94,0,29.70,Partly Cloudy
4/15/2022,10:30 PM,79,100,0,29.70,Fair
4/15/2022,11:00 PM,79,100,0,29.70,Fair
4/15/2022,11:30 PM,79,100,0,29.70,Fair
4/16/2022,12:00 AM,79,100,0,29.67,Fair
4/16/2022,12:30 AM,79,100,0,29.67,Fair
4/16/2022,1:00 AM,79,100,0,29.67,Fair
4/16/2022,1:30 AM,79,100,0,29.64,Fair
4/16/2022,2:00 AM,79,100,0,29.64,Fair
4/16/2022,2:30 AM,79,94,0,29.64,Fair
4/16/2022,3:00 AM,79,94,0,29.61,Fair
4/16/2022,3:30 AM,79,94,0,29.61,Fair
4/16/2022,4:00 AM,79,94,0,29.61,Fair
4/16/2022,4:30 AM,77,100,0,29.61,Fair
4/16/2022,5:00 AM,77,100,0,29.61,Fair
4/16/2022,5:30 AM,77,100,0,29.61,Fair
4/16/2022,6:00 AM,77,100,0,29.64,Fair
4/16/2022,6:30 AM,77,100,0,29.64,Fair
4/16/2022,7:00 AM,79,94,0,29.64,Fair
4/16/2022,7:30 AM,81,89,0,29.67,Fair
4/16/2022,8:00 AM,82,89,1,29.67,Fair
4/16/2022,8:30 AM,84,84,2,29.67,Fair
4/16/2022,9:00 AM,84,84,2,29.70,Fair
4/16/2022,9:30 AM,86,74,3,29.70,Fair
4/16/2022,10:00 AM,90,70,0,29.70,Fair
4/16/2022,10:30 AM,90,62,0,29.70,Fair
4/16/2022,11:00 AM,90,66,3,29.67,Partly Cloudy
4/16/2022,11:30 AM,91,59,0,29.67,Fair
4/16/2022,12:00 PM,91,59,3,29.67,Partly Cloudy
4/16/2022,12:30 PM,93,56,5,29.64,Partly Cloudy
4/16/2022,1:00 PM,93,56,2,29.64,Partly Cloudy
4/16/2022,1:30 PM,93,59,2,29.61,Partly Cloudy
4/16/2022,2:00 PM,91,59,5,29.58,Fair
4/16/2022,2:30 PM,95,49,0,29.58,Showers in the Vicinity
4/16/2022,3:00 PM,95,49,5,29.55,Showers in the Vicinity
4/16/2022,3:30 PM,91,63,13,29.55,Showers in the Vicinity
4/16/2022,4:00 PM,91,66,9,29.55,Showers in the Vicinity
4/16/2022,4:30 PM,90,66,10,29.55,Showers in the Vicinity
4/16/2022,5:00 PM,90,66,8,29.55,Partly Cloudy
4/16/2022,5:30 PM,90,66,6,29.55,Partly Cloudy
4/16/2022,6:00 PM,88,70,6,29.58,Partly Cloudy
4/16/2022,6:30 PM,86,74,5,29.58,Mostly Cloudy
4/16/2022,7:00 PM,84,79,8,29.61,Mostly Cloudy
4/16/2022,7:30 PM,82,84,3,29.61,Thunder
4/16/2022,8:00 PM,81,84,3,29.61,Light Rain with Thunder
4/16/2022,8:30 PM,79,89,0,29.64,Mostly Cloudy
4/16/2022,9:00 PM,81,79,0,29.64,Mostly Cloudy
4/16/2022,9:30 PM,79,89,0,29.67,Mostly Cloudy
4/16/2022,10:00 PM,79,89,0,29.67,Mostly Cloudy
4/16/2022,10:30 PM,79,89,0,29.70,Mostly Cloudy
4/16/2022,11:00 PM,81,84,0,29.70,Mostly Cloudy
4/16/2022,11:30 PM,81,89,0,29.67,Partly Cloudy
4/17/2022,12:00 AM,81,89,0,29.67,Partly Cloudy
4/17/2022,12:30 AM,81,84,0,29.67,Partly Cloudy
4/17/2022,1:00 AM,79,94,2,29.64,Partly Cloudy
4/17/2022,1:30 AM,79,94,0,29.64,Partly Cloudy
4/17/2022,2:00 AM,79,94,0,29.64,Partly Cloudy
4/17/2022,2:30 AM,79,94,0,29.64,Fair
4/17/2022,3:00 AM,79,94,0,29.61,Fair
4/17/2022,3:30 AM,79,94,0,29.61,Fair
4/17/2022,4:00 AM,77,100,0,29.61,Fair
4/17/2022,4:30 AM,77,100,0,29.61,Fair
4/17/2022,5:00 AM,77,100,0,29.61,Fair
4/17/2022,5:30 AM,77,100,0,29.61,Fair
4/17/2022,6:00 AM,77,100,0,29.64,Fair
4/17/2022,6:30 AM,77,100,0,29.64,Fair
4/17/2022,7:00 AM,79,94,0,29.64,Fair
4/17/2022,7:30 AM,79,100,0,29.67,Fair
4/17/2022,8:00 AM,82,89,0,29.67,Fair
4/17/2022,8:30 AM,84,84,0,29.67,Fair
4/17/2022,9:00 AM,86,79,0,29.70,Fair
4/17/2022,9:30 AM,86,74,0,29.70,Fair
4/17/2022,10:00 AM,88,70,2,29.70,Fair
4/17/2022,10:30 AM,90,66,3,29.70,Partly Cloudy
4/17/2022,11:00 AM,90,66,3,29.70,Partly Cloudy
4/17/2022,11:30 AM,91,59,2,29.67,Partly Cloudy
4/17/2022,12:00 PM,91,59,3,29.67,Partly Cloudy
4/17/2022,12:30 PM,93,56,3,29.64,Partly Cloudy
4/17/2022,1:00 PM,93,56,0,29.64,Partly Cloudy
4/17/2022,1:30 PM,93,56,6,29.61,Partly Cloudy
4/17/2022,2:00 PM,93,59,13,29.58,Mostly Cloudy
4/17/2022,2:30 PM,90,66,12,29.58,Showers in the Vicinity
4/17/2022,3:00 PM,90,66,9,29.58,Thunder
4/17/2022,3:30 PM,84,74,14,29.58,Thunder
4/17/2022,4:00 PM,82,79,8,29.58,Thunder
4/17/2022,4:30 PM,81,84,6,29.58,Mostly Cloudy
4/17/2022,5:00 PM,81,84,2,29.58,Mostly Cloudy
4/17/2022,5:30 PM,79,89,2,29.58,Partly Cloudy
4/17/2022,6:00 PM,81,84,0,29.58,Partly Cloudy
4/17/2022,6:30 PM,81,84,0,29.61,Partly Cloudy
4/17/2022,7:00 PM,79,89,0,29.61,Fair
4/17/2022,7:30 PM,79,94,0,29.64,Fair
4/17/2022,8:00 PM,79,94,0,29.64,Fair
4/17/2022,8:30 PM,79,94,0,29.67,Fair
4/17/2022,9:00 PM,79,94,2,29.67,Fair
4/17/2022,9:30 PM,81,89,0,29.67,Fair
4/17/2022,10:00 PM,79,94,0,29.67,Fair
4/17/2022,10:30 PM,79,94,0,29.70,Fair
4/17/2022,11:00 PM,79,94,0,29.70,Fair
4/17/2022,11:30 PM,79,94,0,29.70,Fair
4/18/2022,12:00 AM,79,94,0,29.70,Fair
4/18/2022,12:30 AM,79,94,0,29.67,Fair
4/18/2022,1:00 AM,79,94,3,29.70,Mostly Cloudy
4/18/2022,1:30 AM,79,94,0,29.67,Mostly Cloudy
4/18/2022,2:00 AM,79,89,0,29.67,Mostly Cloudy
4/18/2022,2:30 AM,79,89,0,29.67,Mostly Cloudy
4/18/2022,3:00 AM,79,89,0,29.64,Partly Cloudy
4/18/2022,3:30 AM,79,89,0,29.64,Partly Cloudy
4/18/2022,4:00 AM,79,94,0,29.64,Partly Cloudy
4/18/2022,4:30 AM,77,100,0,29.64,Partly Cloudy
4/18/2022,5:00 AM,77,100,0,29.64,Partly Cloudy
4/18/2022,5:30 AM,77,94,0,29.64,Fair
4/18/2022,6:00 AM,77,94,0,29.64,Fair
4/18/2022,6:30 AM,77,94,0,29.67,Fair
4/18/2022,7:00 AM,79,94,0,29.67,Fair
4/18/2022,7:30 AM,81,89,0,29.70,Fair
4/18/2022,8:00 AM,82,89,0,29.70,Fair
4/18/2022,8:30 AM,84,79,2,29.70,Fair
4/18/2022,9:00 AM,86,74,3,29.73,Fair
4/18/2022,9:30 AM,88,75,3,29.73,Fair
4/18/2022,10:00 AM,88,66,9,29.73,Partly Cloudy
4/18/2022,10:30 AM,88,66,7,29.73,Partly Cloudy
4/18/2022,11:00 AM,91,71,8,29.70,Partly Cloudy
4/18/2022,11:30 AM,91,66,12,29.70,Partly Cloudy
4/18/2022,12:00 PM,91,63,10,29.70,Partly Cloudy
4/18/2022,12:30 PM,93,56,12,29.70,Partly Cloudy
4/18/2022,1:00 PM,93,56,9,29.67,Partly Cloudy
4/18/2022,1:30 PM,93,56,6,29.67,Partly Cloudy
4/18/2022,2:00 PM,93,52,9,29.64,Partly Cloudy
4/18/2022,2:30 PM,93,56,8,29.64,Partly Cloudy
4/18/2022,3:00 PM,93,59,9,29.61,Showers in the Vicinity
4/18/2022,3:30 PM,88,58,7,29.61,Showers in the Vicinity
4/18/2022,4:00 PM,88,62,3,29.61,Showers in the Vicinity
4/18/2022,4:30 PM,84,74,0,29.61,Partly Cloudy
4/18/2022,5:00 PM,84,74,0,29.61,Fair
4/18/2022,5:30 PM,86,74,7,29.61,Fair
4/18/2022,6:00 PM,86,74,7,29.64,Fair
4/18/2022,6:30 PM,86,74,6,29.64,Fair
4/18/2022,7:00 PM,84,79,3,29.64,Fair
4/18/2022,7:30 PM,84,74,0,29.67,Fair
4/18/2022,8:00 PM,84,79,3,29.67,Fair
4/18/2022,8:30 PM,84,79,0,29.70,Fair
4/18/2022,9:00 PM,82,84,0,29.73,Fair
4/18/2022,9:30 PM,82,84,0,29.73,Partly Cloudy
4/18/2022,10:00 PM,82,84,0,29.73,Partly Cloudy
4/18/2022,10:30 PM,82,89,0,29.73,Fair
4/18/2022,11:00 PM,81,94,0,29.73,Partly Cloudy
4/18/2022,11:30 PM,81,94,0,29.76,Mostly Cloudy
4/19/2022,12:00 AM,81,94,0,29.73,Mostly Cloudy
4/19/2022,12:30 AM,81,94,0,29.73,Mostly Cloudy
4/19/2022,1:00 AM,79,94,0,29.73,Mostly Cloudy
4/19/2022,1:30 AM,79,94,0,29.70,Mostly Cloudy
4/19/2022,2:00 AM,79,94,0,29.70,Mostly Cloudy
4/19/2022,2:30 AM,79,94,0,29.70,Mostly Cloudy
4/19/2022,3:00 AM,79,89,0,29.70,Mostly Cloudy
4/19/2022,3:30 AM,79,89,0,29.67,Mostly Cloudy
4/19/2022,4:00 AM,79,89,0,29.67,Partly Cloudy
4/19/2022,4:30 AM,77,94,0,29.67,Fair
4/19/2022,5:00 AM,77,94,0,29.67,Fair
4/19/2022,5:30 AM,77,94,0,29.67,Fair
4/19/2022,6:00 AM,77,94,0,29.70,Fair
4/19/2022,6:30 AM,77,94,0,29.70,Fair
4/19/2022,7:00 AM,77,94,0,29.73,Fair
4/19/2022,7:30 AM,79,89,0,29.73,Fair
4/19/2022,8:00 AM,81,89,0,29.73,Partly Cloudy
4/19/2022,9:00 AM,84,84,0,29.76,Fair
4/19/2022,9:30 AM,86,74,0,29.76,Fair
4/19/2022,10:00 AM,88,70,2,29.76,Fair
4/19/2022,10:30 AM,90,66,3,29.76,Fair
4/19/2022,11:00 AM,90,66,0,29.76,Partly Cloudy
4/19/2022,11:30 AM,90,66,0,29.76,Partly Cloudy
4/19/2022,12:00 PM,91,59,2,29.73,Partly Cloudy
4/19/2022,12:30 PM,88,66,7,29.73,Light Rain with Thunder
4/19/2022,1:00 PM,82,79,15,29.73,Light Rain with Thunder
4/19/2022,1:30 PM,86,70,2,29.70,Thunder
4/19/2022,2:00 PM,82,79,9,29.70,Showers in the Vicinity
4/19/2022,2:30 PM,86,74,2,29.67,Showers in the Vicinity
4/19/2022,3:00 PM,84,79,9,29.67,Partly Cloudy
4/19/2022,3:30 PM,86,74,7,29.67,Partly Cloudy
4/19/2022,4:00 PM,86,74,6,29.64,Partly Cloudy
4/19/2022,4:30 PM,86,79,3,29.64,Partly Cloudy
4/19/2022,5:00 PM,84,84,5,29.64,Partly Cloudy
4/19/2022,5:30 PM,84,79,3,29.64,Partly Cloudy
4/19/2022,6:00 PM,82,84,0,29.67,Light Rain
4/19/2022,6:30 PM,81,89,5,29.67,Light Rain
4/19/2022,7:00 PM,81,94,2,29.70,Mostly Cloudy
4/19/2022,7:30 PM,81,89,0,29.73,Mostly Cloudy
4/19/2022,8:00 PM,81,89,0,29.73,Mostly Cloudy
4/19/2022,8:30 PM,81,94,3,29.73,Mostly Cloudy
4/19/2022,9:00 PM,81,89,0,29.73,Mostly Cloudy
4/19/2022,9:30 PM,81,94,0,29.73,Mostly Cloudy
4/19/2022,10:00 PM,81,94,2,29.76,Mostly Cloudy
4/19/2022,10:30 PM,81,94,0,29.76,Partly Cloudy
4/19/2022,11:00 PM,81,94,0,29.76,Partly Cloudy
4/19/2022,11:30 PM,81,94,0,29.76,Partly Cloudy
4/20/2022,12:00 AM,79,100,0,29.76,Partly Cloudy
4/20/2022,12:30 AM,79,94,3,29.76,Light Rain
4/20/2022,1:00 AM,77,100,6,29.73,Light Rain
4/20/2022,1:30 AM,79,94,0,29.73,Light Rain
4/20/2022,2:00 AM,77,100,0,29.73,Light Rain
4/20/2022,2:30 AM,77,100,0,29.70,Mostly Cloudy
4/20/2022,3:00 AM,77,94,0,29.70,Mostly Cloudy
4/20/2022,3:30 AM,77,94,2,29.70,Mostly Cloudy
4/20/2022,4:00 AM,77,100,2,29.70,Light Rain
4/20/2022,4:30 AM,77,100,0,29.70,Mostly Cloudy
4/20/2022,5:00 AM,77,100,3,29.70,Mostly Cloudy
4/20/2022,5:30 AM,77,100,0,29.70,Mostly Cloudy
4/20/2022,6:00 AM,77,100,0,29.70,Mostly Cloudy
4/20/2022,6:30 AM,77,100,0,29.73,Partly Cloudy
4/20/2022,7:00 AM,77,100,0,29.73,Partly Cloudy
4/20/2022,7:30 AM,79,89,5,29.73,Partly Cloudy
4/20/2022,8:00 AM,79,89,6,29.76,Partly Cloudy
4/20/2022,8:30 AM,79,94,5,29.76,Mostly Cloudy
4/20/2022,9:00 AM,81,84,5,29.76,Mostly Cloudy
4/20/2022,9:30 AM,81,89,5,29.76,Mostly Cloudy
4/20/2022,10:00 AM,82,84,5,29.76,Mostly Cloudy
4/20/2022,10:30 AM,82,84,2,29.79,Mostly Cloudy
4/20/2022,11:00 AM,84,79,3,29.76,Mostly Cloudy
4/20/2022,11:30 AM,84,79,3,29.76,Mostly Cloudy
4/20/2022,12:00 PM,84,74,3,29.76,Mostly Cloudy
4/20/2022,12:30 PM,86,74,3,29.73,Mostly Cloudy
4/20/2022,1:00 PM,88,70,5,29.70,Mostly Cloudy
4/20/2022,1:30 PM,88,70,5,29.67,Mostly Cloudy
4/20/2022,2:00 PM,86,70,10,29.67,Showers in the Vicinity
4/20/2022,2:30 PM,86,74,5,29.67,Mostly Cloudy
4/20/2022,3:00 PM,84,79,2,29.67,Mostly Cloudy
4/20/2022,3:30 PM,81,94,7,29.64,Light Rain
4/20/2022,4:00 PM,81,94,3,29.64,Showers in the Vicinity
4/20/2022,4:30 PM,81,94,0,29.64,Showers in the Vicinity
4/20/2022,5:00 PM,82,89,0,29.64,Mostly Cloudy
4/20/2022,5:30 PM,82,89,0,29.64,Mostly Cloudy
4/20/2022,6:00 PM,84,79,0,29.67,Mostly Cloudy
4/20/2022,6:30 PM,82,89,0,29.67,Mostly Cloudy
4/20/2022,7:00 PM,81,94,0,29.67,Mostly Cloudy
4/20/2022,7:30 PM,81,94,0,29.70,Mostly Cloudy
4/20/2022,8:00 PM,81,100,0,29.70,Mostly Cloudy
4/20/2022,8:30 PM,81,94,0,29.70,Partly Cloudy
4/20/2022,9:00 PM,81,94,0,29.70,Partly Cloudy
4/20/2022,9:30 PM,79,100,0,29.73,Partly Cloudy
4/20/2022,10:00 PM,79,100,0,29.73,Partly Cloudy
4/20/2022,10:30 PM,79,94,0,29.73,Partly Cloudy
4/20/2022,11:00 PM,79,94,0,29.73,Partly Cloudy
4/20/2022,11:30 PM,79,94,0,29.73,Partly Cloudy
4/21/2022,12:00 AM,79,94,0,29.73,Partly Cloudy
4/21/2022,12:30 AM,77,100,0,29.73,Partly Cloudy
4/21/2022,1:00 AM,77,100,0,29.70,Partly Cloudy
4/21/2022,1:30 AM,77,100,0,29.70,Partly Cloudy
4/21/2022,2:00 AM,77,100,0,29.67,Fair
4/21/2022,2:30 AM,77,100,0,29.67,Fair
4/21/2022,3:00 AM,77,100,0,29.67,Fair
4/21/2022,3:30 AM,77,100,0,29.67,Fair
4/21/2022,4:00 AM,77,100,0,29.67,Fair
4/21/2022,4:30 AM,77,100,0,29.67,Fair
4/21/2022,5:00 AM,77,100,0,29.67,Fair
4/21/2022,5:30 AM,77,100,0,29.67,Fair
4/21/2022,6:00 AM,75,100,0,29.67,Fair
4/21/2022,6:30 AM,75,100,0,29.70,Fair
4/21/2022,7:00 AM,77,100,0,29.70,Fair
4/21/2022,7:30 AM,77,100,0,29.73,Fair
4/21/2022,8:00 AM,79,94,0,29.73,Fair
4/21/2022,8:30 AM,82,89,0,29.73,Fair
4/21/2022,9:00 AM,84,79,0,29.73,Fair
4/21/2022,9:30 AM,86,74,0,29.73,Fair
4/21/2022,10:00 AM,86,74,3,29.73,Fair
4/21/2022,10:30 AM,88,70,5,29.73,Partly Cloudy
4/21/2022,11:00 AM,88,70,2,29.73,Mostly Cloudy
4/21/2022,11:30 AM,88,70,2,29.73,Mostly Cloudy
4/21/2022,12:00 PM,88,66,6,29.70,Mostly Cloudy
4/21/2022,12:30 PM,90,62,5,29.70,Mostly Cloudy
4/21/2022,1:00 PM,91,59,5,29.67,Mostly Cloudy
4/21/2022,1:30 PM,90,62,10,29.67,Mostly Cloudy
4/21/2022,2:00 PM,90,62,7,29.64,Mostly Cloudy
4/21/2022,2:30 PM,91,59,6,29.64,Mostly Cloudy
4/21/2022,3:00 PM,91,59,7,29.61,Mostly Cloudy
4/21/2022,3:30 PM,93,56,8,29.61,Partly Cloudy
4/21/2022,4:00 PM,91,59,7,29.61,Partly Cloudy
4/21/2022,4:30 PM,91,63,10,29.61,Partly Cloudy
4/21/2022,5:00 PM,90,66,12,29.61,Partly Cloudy
4/21/2022,5:30 PM,88,66,10,29.61,Partly Cloudy
4/21/2022,6:00 PM,86,70,9,29.61,Partly Cloudy
4/21/2022,6:30 PM,86,70,7,29.64,Partly Cloudy
4/21/2022,7:00 PM,84,74,3,29.64,Partly Cloudy
4/21/2022,7:30 PM,84,79,3,29.64,Fair
4/21/2022,8:00 PM,84,79,3,29.67,Fair
4/21/2022,8:30 PM,84,79,0,29.67,Fair
4/21/2022,9:00 PM,82,84,2,29.67,Fair
4/21/2022,9:30 PM,82,84,2,29.70,Fair
4/21/2022,10:00 PM,82,84,0,29.70,Partly Cloudy
4/21/2022,10:30 PM,82,84,0,29.73,Partly Cloudy
4/21/2022,11:00 PM,81,89,0,29.73,Partly Cloudy
4/21/2022,11:30 PM,81,94,0,29.73,Partly Cloudy
4/22/2022,12:00 AM,81,94,0,29.70,Partly Cloudy
4/22/2022,12:30 AM,81,94,0,29.70,Partly Cloudy
4/22/2022,1:00 AM,79,100,0,29.70,Partly Cloudy
4/22/2022,1:30 AM,79,100,0,29.67,Fair
4/22/2022,2:00 AM,79,94,0,29.67,Fair
4/22/2022,2:30 AM,79,94,0,29.67,Fair
4/22/2022,3:00 AM,79,94,0,29.67,Fair
4/22/2022,3:30 AM,79,94,0,29.67,Fair
4/22/2022,4:00 AM,79,94,0,29.67,Fair
4/22/2022,4:30 AM,79,94,0,29.67,Fair
4/22/2022,5:00 AM,77,100,0,29.67,Fair
4/22/2022,5:30 AM,77,100,0,29.67,Fair
4/22/2022,6:00 AM,77,100,0,29.67,Fair
4/22/2022,6:30 AM,77,100,0,29.70,Fair
4/22/2022,7:00 AM,79,94,0,29.70,Fair
4/22/2022,7:30 AM,81,89,0,29.73,Fair
4/22/2022,8:00 AM,82,89,0,29.73,Fair
4/22/2022,8:30 AM,84,79,0,29.76,Fair
4/22/2022,9:00 AM,86,74,0,29.76,Fair
4/22/2022,9:30 AM,86,74,0,29.76,Fair
4/22/2022,10:00 AM,88,66,0,29.73,Fair
4/22/2022,10:30 AM,90,66,2,29.73,Fair
4/22/2022,11:00 AM,91,59,3,29.73,Fair
4/22/2022,11:30 AM,91,55,3,29.70,Fair
4/22/2022,12:00 PM,91,59,3,29.70,Fair
4/22/2022,12:30 PM,91,55,5,29.70,Partly Cloudy
4/22/2022,1:00 PM,93,56,5,29.67,Partly Cloudy
4/22/2022,1:30 PM,90,62,14,29.67,Showers in the Vicinity
4/22/2022,2:00 PM,91,59,7,29.64,Showers in the Vicinity
4/22/2022,2:30 PM,93,59,10,29.64,Partly Cloudy
4/22/2022,3:00 PM,93,56,10,29.64,Fair
4/22/2022,3:30 PM,93,56,13,29.61,Fair
4/22/2022,4:00 PM,91,63,15,29.61,Fair
4/22/2022,4:30 PM,91,63,15,29.61,Fair
4/22/2022,5:00 PM,90,66,14,29.61,Fair
4/22/2022,5:30 PM,90,66,14,29.61,Fair
4/22/2022,6:00 PM,88,66,12,29.64,Fair
4/22/2022,6:30 PM,86,74,12,29.64,Fair
4/22/2022,7:00 PM,86,74,7,29.67,Fair
4/22/2022,7:30 PM,84,79,6,29.67,Fair
4/22/2022,8:00 PM,84,79,5,29.67,Fair
4/22/2022,8:30 PM,84,79,5,29.67,Fair
4/22/2022,9:00 PM,84,79,0,29.70,Fair
4/22/2022,9:30 PM,84,79,0,29.70,Fair
4/22/2022,10:00 PM,84,74,0,29.70,Fair
4/22/2022,10:30 PM,82,84,0,29.70,Fair
4/22/2022,11:00 PM,82,84,0,29.70,Fair
4/22/2022,11:30 PM,82,84,0,29.70,Fair
4/23/2022,12:00 AM,81,89,0,29.70,Fair
4/23/2022,12:30 AM,81,89,2,29.70,Partly Cloudy
4/23/2022,1:00 AM,81,89,0,29.67,Partly Cloudy
4/23/2022,1:30 AM,81,94,0,29.67,Partly Cloudy
4/23/2022,2:00 AM,81,89,0,29.67,Fair
4/23/2022,2:30 AM,81,94,0,29.67,Fair
4/23/2022,3:00 AM,79,94,0,29.64,Fair
4/23/2022,3:30 AM,79,94,0,29.64,Fair
4/23/2022,4:00 AM,79,94,6,29.64,Fair
4/23/2022,4:30 AM,77,100,3,29.64,Fair
4/23/2022,5:00 AM,79,94,0,29.64,Fair
4/23/2022,5:30 AM,77,100,0,29.67,Fair
4/23/2022,6:00 AM,77,100,0,29.67,Fair
4/23/2022,6:30 AM,77,100,0,29.70,Fair
4/23/2022,7:00 AM,79,94,0,29.70,Fair
4/23/2022,7:30 AM,81,89,0,29.73,Fair
4/23/2022,8:00 AM,84,79,0,29.73,Fair
4/23/2022,8:30 AM,86,70,0,29.73,Fair
4/23/2022,9:00 AM,86,70,3,29.73,Fair
4/23/2022,9:30 AM,88,66,3,29.73,Fair
4/23/2022,10:00 AM,90,62,2,29.73,Fair
4/23/2022,10:30 AM,91,59,5,29.73,Fair
4/23/2022,11:00 AM,90,59,2,29.73,Partly Cloudy
4/23/2022,11:30 AM,90,59,3,29.73,Partly Cloudy
4/23/2022,12:00 PM,91,55,3,29.70,Fair
4/23/2022,12:30 PM,91,55,2,29.70,Partly Cloudy
4/23/2022,1:00 PM,93,52,3,29.67,Partly Cloudy
4/23/2022,1:30 PM,93,49,0,29.64,Showers in the Vicinity
4/23/2022,2:00 PM,88,66,13,29.64,Showers in the Vicinity
4/23/2022,2:30 PM,88,70,8,29.61,Partly Cloudy
4/23/2022,3:00 PM,91,66,8,29.61,Fair
4/23/2022,3:30 PM,91,66,7,29.61,Fair
4/23/2022,4:00 PM,91,63,10,29.58,Fair
4/23/2022,4:30 PM,91,63,8,29.58,Showers in the Vicinity
4/23/2022,5:00 PM,91,63,8,29.58,Partly Cloudy
4/23/2022,5:30 PM,90,66,8,29.61,Partly Cloudy
4/23/2022,6:00 PM,88,70,8,29.61,Fair
4/23/2022,6:30 PM,86,70,8,29.61,Fair
4/23/2022,7:00 PM,84,79,6,29.64,Fair
4/23/2022,7:30 PM,84,79,3,29.67,Fair
4/23/2022,8:00 PM,84,79,3,29.67,Fair
4/23/2022,8:30 PM,84,79,2,29.67,Fair
4/23/2022,9:00 PM,84,79,5,29.67,Fair
4/23/2022,9:30 PM,82,84,3,29.67,Fair
4/23/2022,10:00 PM,84,79,0,29.67,Fair
4/23/2022,10:30 PM,82,89,0,29.70,Fair
4/23/2022,11:00 PM,81,94,0,29.70,Fair
4/23/2022,11:30 PM,81,94,0,29.70,Partly Cloudy
4/24/2022,12:00 AM,81,94,0,29.67,Fair
4/24/2022,12:30 AM,81,94,0,29.67,Fair
4/24/2022,1:00 AM,81,94,0,29.67,Fair
4/24/2022,1:30 AM,79,100,0,29.64,Fair
4/24/2022,2:00 AM,79,100,0,29.64,Partly Cloudy
4/24/2022,2:30 AM,79,100,0,29.64,Partly Cloudy
4/24/2022,3:00 AM,81,94,0,29.64,Partly Cloudy
4/24/2022,3:30 AM,81,94,0,29.61,Partly Cloudy
4/24/2022,4:00 AM,79,100,0,29.64,Fair
4/24/2022,4:30 AM,79,100,0,29.64,Fair
4/24/2022,5:00 AM,79,94,0,29.64,Fair
4/24/2022,5:30 AM,79,100,0,29.64,Fair
4/24/2022,6:00 AM,79,100,0,29.64,Fair
4/24/2022,6:30 AM,79,100,0,29.64,Fair
4/24/2022,7:00 AM,81,94,0,29.67,Fair
4/24/2022,7:30 AM,82,89,0,29.67,Fair
4/24/2022,8:00 AM,84,84,0,29.70,Fair
4/24/2022,8:30 AM,86,79,0,29.70,Fair
4/24/2022,9:00 AM,86,74,2,29.70,Fair
4/24/2022,9:30 AM,88,70,3,29.70,Partly Cloudy
4/24/2022,10:00 AM,88,70,5,29.70,Partly Cloudy
4/24/2022,10:30 AM,88,66,2,29.70,Partly Cloudy
4/24/2022,11:00 AM,91,59,3,29.70,Partly Cloudy
4/24/2022,11:30 AM,91,59,3,29.67,Partly Cloudy
4/24/2022,12:00 PM,91,59,2,29.67,Partly Cloudy
4/24/2022,12:30 PM,93,56,3,29.67,Partly Cloudy
4/24/2022,1:00 PM,90,66,7,29.64,Showers in the Vicinity
4/24/2022,1:30 PM,88,66,8,29.64,Light Rain
4/24/2022,2:00 PM,88,70,6,29.61,Mostly Cloudy
4/24/2022,2:30 PM,88,70,6,29.58,Mostly Cloudy
4/24/2022,3:00 PM,91,59,2,29.58,Partly Cloudy
4/24/2022,3:30 PM,91,55,6,29.55,Partly Cloudy
4/24/2022,4:00 PM,93,56,10,29.55,Fair
4/24/2022,4:30 PM,91,55,10,29.55,Fair
4/24/2022,5:00 PM,91,63,8,29.58,Fair
4/24/2022,5:30 PM,90,62,9,29.58,Fair
4/24/2022,6:00 PM,88,66,8,29.58,Fair
4/24/2022,6:30 PM,86,74,3,29.61,Fair
4/24/2022,7:00 PM,86,74,7,29.61,Fair
4/24/2022,7:30 PM,84,79,6,29.61,Fair
4/24/2022,8:00 PM,84,79,2,29.64,Fair
4/24/2022,8:30 PM,84,79,3,29.64,Fair
4/24/2022,9:00 PM,84,79,3,29.64,Fair
4/24/2022,9:30 PM,84,79,0,29.67,Fair
4/24/2022,10:00 PM,82,84,0,29.67,Fair
4/24/2022,10:30 PM,82,84,0,29.67,Fair
4/24/2022,11:00 PM,82,84,0,29.67,Fair
4/24/2022,11:30 PM,81,94,0,29.67,Fair
4/25/2022,12:00 AM,81,94,0,29.67,Fair
4/25/2022,12:30 AM,79,100,0,29.67,Partly Cloudy
4/25/2022,1:00 AM,81,94,0,29.64,Partly Cloudy
4/25/2022,1:30 AM,79,100,0,29.64,Fair
4/25/2022,2:00 AM,79,94,0,29.61,Fair
4/25/2022,2:30 AM,79,100,0,29.61,Fair
4/25/2022,3:00 AM,79,94,0,29.61,Fair
4/25/2022,3:30 AM,79,94,0,29.61,Fair
4/25/2022,4:00 AM,79,94,0,29.61,Fair
4/25/2022,4:30 AM,77,100,0,29.61,Fair
4/25/2022,5:00 AM,77,100,0,29.61,Fair
4/25/2022,5:30 AM,77,100,0,29.61,Fair
4/25/2022,6:00 AM,77,100,0,29.61,Fair
4/25/2022,6:30 AM,77,100,0,29.64,Fair
4/25/2022,7:00 AM,77,100,0,29.64,Fair
4/25/2022,7:30 AM,81,94,0,29.64,Fair
4/25/2022,8:00 AM,82,84,0,29.67,Fair
4/25/2022,8:30 AM,86,74,0,29.67,Fair
4/25/2022,9:00 AM,86,74,2,29.67,Fair
4/25/2022,9:30 AM,88,62,0,29.67,Fair
4/25/2022,10:00 AM,90,62,2,29.70,Fair
4/25/2022,10:30 AM,90,62,2,29.70,Fair
4/25/2022,11:00 AM,91,63,2,29.70,Fair
4/25/2022,11:30 AM,91,59,0,29.70,Partly Cloudy
4/25/2022,12:00 PM,91,59,0,29.67,Partly Cloudy
4/25/2022,12:30 PM,93,52,0,29.67,Partly Cloudy
4/25/2022,1:00 PM,91,59,5,29.64,Partly Cloudy
4/25/2022,1:30 PM,93,56,6,29.61,Partly Cloudy
4/25/2022,2:00 PM,91,59,12,29.61,Partly Cloudy
4/25/2022,2:30 PM,91,59,9,29.58,Partly Cloudy
4/25/2022,3:00 PM,93,56,10,29.58,Showers in the Vicinity
4/25/2022,3:30 PM,93,59,10,29.55,Showers in the Vicinity
4/25/2022,4:00 PM,93,59,12,29.55,Showers in the Vicinity
4/25/2022,4:30 PM,90,66,10,29.55,Partly Cloudy
4/25/2022,5:00 PM,90,66,8,29.58,Partly Cloudy
4/25/2022,5:30 PM,88,66,7,29.58,Showers in the Vicinity
4/25/2022,6:00 PM,84,79,7,29.61,Mostly Cloudy
4/25/2022,6:30 PM,81,79,5,29.61,Showers in the Vicinity
4/25/2022,7:00 PM,79,83,6,29.61,Mostly Cloudy
4/25/2022,7:30 PM,79,83,3,29.64,Mostly Cloudy
4/25/2022,8:00 PM,79,83,0,29.64,Mostly Cloudy
4/25/2022,8:30 PM,79,83,2,29.67,Mostly Cloudy
4/25/2022,9:00 PM,79,83,0,29.67,Mostly Cloudy
4/25/2022,9:30 PM,79,83,0,29.70,Partly Cloudy
4/25/2022,10:00 PM,79,89,0,29.70,Partly Cloudy
4/25/2022,10:30 PM,79,89,0,29.70,Fair
4/25/2022,11:00 PM,79,89,0,29.70,Fair
4/25/2022,11:30 PM,77,94,0,29.70,Fair
4/26/2022,12:00 AM,77,94,0,29.70,Fair
4/26/2022,12:30 AM,77,94,0,29.67,Fair
4/26/2022,1:00 AM,77,94,0,29.67,Fair
4/26/2022,1:30 AM,77,94,0,29.67,Fair
4/26/2022,2:00 AM,77,94,0,29.64,Fair
4/26/2022,2:30 AM,77,94,0,29.64,Fair
4/26/2022,3:00 AM,77,94,0,29.61,Fair
4/26/2022,3:30 AM,77,94,0,29.61,Fair
4/26/2022,4:00 AM,75,100,0,29.61,Fair
4/26/2022,4:30 AM,75,100,0,29.61,Fair
4/26/2022,5:00 AM,75,100,0,29.61,Fair
4/26/2022,5:30 AM,75,100,0,29.61,Fair
4/26/2022,6:00 AM,75,100,0,29.64,Fair
4/26/2022,6:30 AM,75,100,0,29.64,Fair
4/26/2022,7:00 AM,77,94,0,29.67,Fair
4/26/2022,7:30 AM,79,89,0,29.67,Fair
4/26/2022,8:00 AM,81,89,0,29.70,Fair
4/26/2022,8:30 AM,84,79,0,29.70,Fair
4/26/2022,9:00 AM,86,74,2,29.70,Fair
4/26/2022,9:30 AM,88,70,2,29.70,Fair
4/26/2022,10:00 AM,90,66,2,29.73,Fair
4/26/2022,10:30 AM,91,63,0,29.70,Fair
4/26/2022,11:00 AM,90,66,2,29.70,Partly Cloudy
4/26/2022,11:30 AM,91,59,2,29.70,Partly Cloudy
4/26/2022,12:00 PM,91,55,3,29.67,Partly Cloudy
4/26/2022,12:30 PM,93,56,0,29.67,Partly Cloudy
4/26/2022,1:00 PM,95,53,2,29.64,Partly Cloudy
4/26/2022,1:30 PM,95,53,2,29.64,Partly Cloudy
4/26/2022,2:00 PM,91,59,7,29.61,Partly Cloudy
4/26/2022,2:30 PM,93,59,3,29.61,Showers in the Vicinity
4/26/2022,3:00 PM,86,74,12,29.61,Light Rain with Thunder
4/26/2022,3:30 PM,84,74,8,29.58,Showers in the Vicinity
4/26/2022,4:00 PM,88,70,7,29.58,Showers in the Vicinity
4/26/2022,4:30 PM,86,74,2,29.58,Mostly Cloudy
4/26/2022,5:00 PM,84,79,5,29.58,Mostly Cloudy
4/26/2022,5:30 PM,84,84,5,29.61,Mostly Cloudy
4/26/2022,6:00 PM,84,79,2,29.61,Mostly Cloudy
4/26/2022,6:30 PM,82,84,5,29.61,Mostly Cloudy
4/26/2022,7:00 PM,82,89,2,29.64,Mostly Cloudy
4/26/2022,7:30 PM,81,89,2,29.67,Mostly Cloudy
4/26/2022,8:00 PM,81,89,0,29.67,Partly Cloudy
4/26/2022,8:30 PM,81,89,2,29.70,Fair
4/26/2022,9:00 PM,81,89,2,29.70,Partly Cloudy
4/26/2022,9:30 PM,79,94,2,29.70,Mostly Cloudy
4/26/2022,10:00 PM,79,94,0,29.70,Partly Cloudy
4/26/2022,10:30 PM,79,94,0,29.73,Partly Cloudy
4/26/2022,11:00 PM,79,94,0,29.73,Mostly Cloudy
4/26/2022,11:30 PM,79,94,0,29.70,Partly Cloudy
4/27/2022,12:00 AM,79,94,0,29.73,Partly Cloudy
4/27/2022,12:30 AM,79,94,0,29.70,Fair
4/27/2022,1:00 AM,77,94,0,29.70,Fair
4/27/2022,1:30 AM,77,94,0,29.70,Fair
4/27/2022,2:00 AM,77,94,0,29.67,Fair
4/27/2022,2:30 AM,77,94,0,29.67,Fair
4/27/2022,3:00 AM,77,94,0,29.64,Fair
4/27/2022,3:30 AM,75,100,0,29.64,Fair
4/27/2022,4:00 AM,75,100,0,29.64,Fair
4/27/2022,4:30 AM,75,100,0,29.64,Fair
4/27/2022,5:00 AM,75,100,0,29.64,Fair
4/27/2022,5:30 AM,75,100,0,29.64,Fair
4/27/2022,6:00 AM,75,94,3,29.64,Fair
4/27/2022,6:30 AM,75,94,0,29.64,Fair
4/27/2022,7:00 AM,75,100,0,29.64,Fair
4/27/2022,7:30 AM,79,89,0,29.67,Fair
4/27/2022,8:00 AM,81,89,0,29.67,Fair
4/27/2022,8:30 AM,82,84,2,29.67,Fair
4/27/2022,9:00 AM,86,74,0,29.67,Fair
4/27/2022,9:30 AM,88,70,0,29.67,Fair
4/27/2022,10:00 AM,90,66,0,29.67,Fair
4/27/2022,10:30 AM,90,62,3,29.67,Fair
4/27/2022,11:00 AM,91,63,2,29.67,Fair
4/27/2022,11:30 AM,91,59,6,29.67,Partly Cloudy
4/27/2022,12:00 PM,93,59,2,29.64,Partly Cloudy
4/27/2022,12:30 PM,93,56,6,29.64,Fair
4/27/2022,1:00 PM,93,59,6,29.61,Partly Cloudy
4/27/2022,1:30 PM,95,53,7,29.61,Fair
4/27/2022,2:00 PM,93,52,9,29.58,Fair
4/27/2022,2:30 PM,93,52,9,29.58,Fair
4/27/2022,3:00 PM,93,52,9,29.58,Fair
4/27/2022,3:30 PM,93,52,10,29.55,Fair
4/27/2022,4:00 PM,93,49,8,29.55,Fair
4/27/2022,4:30 PM,91,55,9,29.55,Fair
4/27/2022,5:00 PM,91,55,8,29.55,Fair
4/27/2022,5:30 PM,91,55,8,29.55,Fair
4/27/2022,6:00 PM,90,59,5,29.58,Fair
4/27/2022,6:30 PM,88,66,3,29.58,Fair
4/27/2022,7:00 PM,86,74,2,29.58,Fair
4/27/2022,7:30 PM,84,79,3,29.61,Fair
4/27/2022,8:00 PM,84,79,0,29.61,Fair
4/27/2022,8:30 PM,84,79,0,29.64,Fair
4/27/2022,9:00 PM,82,84,0,29.64,Fair
4/27/2022,9:30 PM,82,84,0,29.64,Fair
4/27/2022,10:00 PM,81,89,0,29.67,Fair
4/27/2022,10:30 PM,81,89,5,29.67,Fair
4/27/2022,11:00 PM,81,89,0,29.67,Fair
4/27/2022,11:30 PM,79,94,0,29.67,Fair
4/28/2022,12:00 AM,79,94,2,29.67,Fair
4/28/2022,12:30 AM,79,94,0,29.67,Fair
4/28/2022,1:00 AM,79,94,0,29.64,Fair
4/28/2022,1:30 AM,79,94,0,29.64,Fair
4/28/2022,2:00 AM,79,94,0,29.64,Fair
4/28/2022,2:30 AM,79,94,0,29.64,Fair
4/28/2022,3:00 AM,77,100,0,29.61,Fair
4/28/2022,3:30 AM,79,94,0,29.61,Fair
4/28/2022,4:00 AM,77,100,0,29.61,Fair
4/28/2022,4:30 AM,77,100,0,29.61,Fair
4/28/2022,5:00 AM,77,100,0,29.61,Fair
4/28/2022,5:30 AM,77,100,0,29.61,Fair
4/28/2022,6:00 AM,77,100,0,29.61,Fair
4/28/2022,6:30 AM,77,100,0,29.64,Fair
4/28/2022,7:00 AM,77,100,0,29.64,Fair
4/28/2022,7:30 AM,81,94,0,29.64,Fair
4/28/2022,8:00 AM,82,89,0,29.67,Fair
4/28/2022,8:30 AM,84,84,0,29.67,Fair
4/28/2022,9:00 AM,88,70,0,29.67,Fair
4/28/2022,9:30 AM,88,70,3,29.70,Fair
4/28/2022,10:00 AM,90,62,0,29.70,Fair
4/28/2022,10:30 AM,90,62,0,29.70,Fair
4/28/2022,11:00 AM,93,52,0,29.70,Fair
4/28/2022,11:30 AM,93,52,2,29.67,Fair
4/28/2022,12:00 PM,95,49,2,29.67,Fair
4/28/2022,12:30 PM,95,47,3,29.64,Fair
4/28/2022,1:00 PM,95,47,5,29.64,Fair
4/28/2022,1:30 PM,97,41,2,29.61,Fair
4/28/2022,2:00 PM,95,47,3,29.61,Fair
4/28/2022,2:30 PM,97,44,3,29.58,Fair
4/28/2022,3:00 PM,99,39,3,29.58,Fair
4/28/2022,3:30 PM,97,41,2,29.55,Fair
4/28/2022,4:00 PM,95,44,3,29.55,Partly Cloudy
4/28/2022,4:30 PM,93,56,6,29.55,Partly Cloudy
4/28/2022,5:00 PM,93,56,7,29.55,Fair
4/28/2022,5:30 PM,93,59,5,29.55,Fair
4/28/2022,6:00 PM,91,63,5,29.58,Fair
4/28/2022,6:30 PM,90,66,5,29.58,Fair
4/28/2022,7:00 PM,88,70,6,29.61,Fair
4/28/2022,7:30 PM,88,70,0,29.61,Fair
4/28/2022,8:00 PM,86,74,0,29.64,Fair
4/28/2022,8:30 PM,86,74,0,29.67,Fair
4/28/2022,9:00 PM,84,79,0,29.67,Fair
4/28/2022,9:30 PM,86,74,0,29.70,Fair
4/28/2022,10:00 PM,84,79,0,29.70,Fair
4/28/2022,10:30 PM,82,84,0,29.70,Fair
4/28/2022,11:00 PM,82,84,0,29.70,Fair
4/28/2022,11:30 PM,82,84,2,29.70,Fair
4/29/2022,12:00 AM,81,89,0,29.70,Fair
4/29/2022,12:30 AM,81,94,0,29.70,Fair
4/29/2022,1:00 AM,81,89,0,29.67,Fair
4/29/2022,1:30 AM,81,94,0,29.67,Fair
4/29/2022,2:00 AM,79,94,0,29.64,Fair
4/29/2022,2:30 AM,79,94,0,29.64,Fair
4/29/2022,3:00 AM,79,94,0,29.64,Fair
4/29/2022,3:30 AM,79,94,0,29.64,Fair
4/29/2022,4:00 AM,79,94,0,29.64,Fair
4/29/2022,4:30 AM,79,94,0,29.64,Fair
4/29/2022,5:00 AM,79,94,0,29.64,Fair
4/29/2022,5:30 AM,77,100,0,29.64,Fair
4/29/2022,6:00 AM,77,100,0,29.67,Fair
4/29/2022,6:30 AM,77,100,0,29.67,Fair
4/29/2022,7:00 AM,79,94,0,29.67,Fair
4/29/2022,7:30 AM,81,89,0,29.70,Fair
4/29/2022,8:00 AM,82,84,0,29.70,Fair
4/29/2022,8:30 AM,84,84,2,29.70,Fair
4/29/2022,9:00 AM,88,75,0,29.70,Fair
4/29/2022,9:30 AM,88,75,2,29.70,Fair
4/29/2022,10:00 AM,91,63,0,29.73,Fair
4/29/2022,10:30 AM,91,63,3,29.70,Fair
4/29/2022,11:00 AM,91,63,2,29.70,Fair
4/29/2022,11:30 AM,93,56,3,29.67,Fair
4/29/2022,12:00 PM,93,59,6,29.67,Fair
4/29/2022,12:30 PM,95,56,3,29.64,Partly Cloudy
4/29/2022,1:00 PM,95,53,2,29.61,Partly Cloudy
4/29/2022,1:30 PM,95,53,3,29.61,Partly Cloudy
4/29/2022,2:00 PM,95,53,7,29.58,Showers in the Vicinity
4/29/2022,2:30 PM,81,89,16,29.61,Light Rain with Thunder
4/29/2022,3:00 PM,79,83,14,29.58,Light Rain with Thunder
4/29/2022,3:30 PM,77,89,7,29.58,Light Rain with Thunder
4/29/2022,4:00 PM,79,94,2,29.58,Light Rain with Thunder
4/29/2022,4:30 PM,81,89,2,29.58,Mostly Cloudy
4/29/2022,5:00 PM,81,89,5,29.58,Partly Cloudy
4/29/2022,5:30 PM,81,94,3,29.58,Partly Cloudy
4/29/2022,6:00 PM,81,89,0,29.58,Partly Cloudy
4/29/2022,6:30 PM,81,89,0,29.61,Fair
4/29/2022,7:00 PM,79,94,0,29.61,Fair
4/29/2022,7:30 PM,79,94,0,29.64,Fair
4/29/2022,8:00 PM,79,94,0,29.64,Fair
4/29/2022,8:30 PM,79,94,0,29.67,Fair
4/29/2022,9:00 PM,79,94,2,29.67,Fair
4/29/2022,9:30 PM,79,94,0,29.67,Mostly Cloudy
4/29/2022,10:00 PM,79,94,0,29.67,Partly Cloudy
4/29/2022,10:30 PM,79,94,0,29.67,Partly Cloudy
4/29/2022,11:00 PM,79,94,0,29.70,Fair
4/29/2022,11:30 PM,79,94,0,29.70,Fair
4/30/2022,12:00 AM,79,94,0,29.70,Mostly Cloudy
4/30/2022,12:30 AM,79,94,3,29.67,Mostly Cloudy
4/30/2022,1:00 AM,77,100,2,29.67,Light Rain with Thunder
4/30/2022,1:30 AM,77,89,3,29.64,Light Rain with Thunder
4/30/2022,2:00 AM,77,94,0,29.64,Mostly Cloudy
4/30/2022,2:30 AM,75,100,7,29.64,Light Rain
4/30/2022,3:00 AM,75,100,0,29.61,Mostly Cloudy
4/30/2022,3:30 AM,75,100,0,29.61,Mostly Cloudy
4/30/2022,4:00 AM,77,94,0,29.61,Mostly Cloudy
4/30/2022,4:30 AM,77,94,0,29.61,Mostly Cloudy
4/30/2022,5:00 AM,77,94,0,29.64,Mostly Cloudy
4/30/2022,5:30 AM,77,100,0,29.64,Mostly Cloudy
4/30/2022,6:00 AM,77,100,0,29.64,Mostly Cloudy
4/30/2022,6:30 AM,77,100,0,29.64,Mostly Cloudy
4/30/2022,7:00 AM,77,100,0,29.67,Mostly Cloudy
4/30/2022,7:30 AM,79,94,2,29.67,Mostly Cloudy
4/30/2022,8:00 AM,81,89,0,29.67,Mostly Cloudy
4/30/2022,8:30 AM,82,84,0,29.70,Mostly Cloudy
4/30/2022,9:00 AM,82,84,2,29.70,Mostly Cloudy
4/30/2022,9:30 AM,84,74,2,29.70,Mostly Cloudy
4/30/2022,10:00 AM,86,70,3,29.70,Mostly Cloudy
4/30/2022,10:30 AM,86,74,6,29.70,Mostly Cloudy
4/30/2022,11:00 AM,88,70,7,29.70,Mostly Cloudy
4/30/2022,11:30 AM,90,62,6,29.70,Mostly Cloudy
4/30/2022,12:00 PM,90,62,3,29.67,Mostly Cloudy
4/30/2022,12:30 PM,91,59,7,29.64,Mostly Cloudy
4/30/2022,1:00 PM,91,59,6,29.64,Mostly Cloudy
4/30/2022,1:30 PM,93,59,6,29.61,Mostly Cloudy
4/30/2022,2:00 PM,93,59,3,29.61,Mostly Cloudy
4/30/2022,2:30 PM,91,55,2,29.58,Mostly Cloudy
4/30/2022,3:00 PM,93,56,5,29.55,Partly Cloudy
4/30/2022,3:30 PM,91,59,5,29.55,Showers in the Vicinity
4/30/2022,4:00 PM,91,55,3,29.55,Showers in the Vicinity
4/30/2022,4:30 PM,82,84,14,29.55,Light Rain with Thunder
4/30/2022,5:00 PM,77,100,13,29.58,Heavy T-Storm
4/30/2022,5:30 PM,77,100,6,29.58,T-Storm
4/30/2022,6:00 PM,77,100,0,29.58,Light Rain with Thunder
4/30/2022,6:30 PM,77,100,3,29.58,Light Rain
4/30/2022,7:00 PM,77,100,0,29.61,Mostly Cloudy
4/30/2022,7:30 PM,77,100,2,29.61,Mostly Cloudy
4/30/2022,8:00 PM,77,100,0,29.64,Mostly Cloudy
4/30/2022,8:30 PM,77,100,0,29.64,Mostly Cloudy
4/30/2022,9:00 PM,79,94,0,29.64,Mostly Cloudy
4/30/2022,9:30 PM,79,94,0,29.64,Mostly Cloudy
4/30/2022,10:00 PM,79,94,5,29.64,Mostly Cloudy
4/30/2022,10:30 PM,77,100,0,29.64,Mostly Cloudy
4/30/2022,11:00 PM,79,94,0,29.64,Mostly Cloudy
4/30/2022,11:30 PM,77,100,0,29.64,Mostly Cloudy
5/1/2022,12:00 AM,77,100,0,29.64,Partly Cloudy
5/1/2022,12:30 AM,77,100,0,29.64,Partly Cloudy
5/1/2022,1:00 AM,79,94,0,29.61,Mostly Cloudy
5/1/2022,1:30 AM,77,100,0,29.61,Mostly Cloudy
5/1/2022,2:00 AM,79,94,0,29.61,Mostly Cloudy
5/1/2022,2:30 AM,77,100,0,29.61,Mostly Cloudy
5/1/2022,3:00 AM,77,100,0,29.61,Mostly Cloudy
5/1/2022,3:30 AM,77,100,0,29.61,Mostly Cloudy
5/1/2022,4:00 AM,77,100,0,29.58,Mostly Cloudy
5/1/2022,4:30 AM,77,100,0,29.58,Mostly Cloudy
5/1/2022,5:00 AM,77,100,0,29.58,Partly Cloudy
5/1/2022,5:30 AM,77,100,2,29.58,Partly Cloudy
5/1/2022,6:00 AM,77,100,0,29.61,Partly Cloudy
5/1/2022,6:30 AM,77,100,0,29.61,Mostly Cloudy
5/1/2022,7:00 AM,79,94,0,29.61,Mostly Cloudy
5/1/2022,7:30 AM,81,89,0,29.61,Partly Cloudy
5/1/2022,8:00 AM,81,94,0,29.64,Partly Cloudy
5/1/2022,8:30 AM,84,89,0,29.64,Fair
5/1/2022,9:00 AM,86,79,0,29.67,Fair
5/1/2022,9:30 AM,88,75,0,29.67,Fair
5/1/2022,10:00 AM,90,70,2,29.64,Partly Cloudy
5/1/2022,10:30 AM,90,66,0,29.64,Partly Cloudy
5/1/2022,11:00 AM,91,59,2,29.64,Thunder
5/1/2022,11:30 AM,81,84,14,29.64,Light Rain with Thunder
5/1/2022,12:00 PM,77,94,5,29.64,Light Rain with Thunder
5/1/2022,12:30 PM,81,89,13,29.64,Light Rain with Thunder
5/1/2022,1:00 PM,79,94,9,29.64,Light Rain with Thunder
5/1/2022,1:30 PM,79,94,6,29.61,Light Rain
5/1/2022,2:00 PM,79,94,3,29.61,Showers in the Vicinity
5/1/2022,2:30 PM,79,94,0,29.58,Mostly Cloudy
5/1/2022,3:00 PM,79,94,0,29.58,Light Rain
5/1/2022,3:30 PM,79,89,0,29.58,Light Rain
5/1/2022,4:00 PM,79,94,0,29.55,Light Rain
5/1/2022,4:30 PM,79,100,0,29.55,Light Rain
5/1/2022,5:00 PM,77,100,0,29.55,Light Rain
5/1/2022,5:30 PM,79,94,0,29.55,Light Rain
5/1/2022,6:00 PM,77,100,0,29.58,Light Rain
5/1/2022,6:30 PM,77,100,2,29.58,Light Rain
5/1/2022,7:00 PM,77,100,0,29.61,Mostly Cloudy
5/1/2022,7:30 PM,77,100,0,29.61,Mostly Cloudy
5/1/2022,8:00 PM,77,100,0,29.64,Mostly Cloudy
5/1/2022,8:30 PM,77,100,0,29.64,Mostly Cloudy
5/1/2022,9:00 PM,77,100,0,29.64,Mostly Cloudy
5/1/2022,9:30 PM,77,100,0,29.64,Mostly Cloudy
5/1/2022,10:00 PM,77,100,0,29.64,Mostly Cloudy
5/1/2022,10:30 PM,77,100,0,29.64,Mostly Cloudy
5/1/2022,11:00 PM,77,100,0,29.67,Mostly Cloudy
5/1/2022,11:30 PM,77,100,0,29.67,Mostly Cloudy
5/2/2022,12:00 AM,77,100,0,29.67,Mostly Cloudy
5/2/2022,12:30 AM,77,100,0,29.64,Mostly Cloudy
5/2/2022,1:00 AM,77,100,0,29.64,Mostly Cloudy
5/2/2022,1:30 AM,77,100,0,29.64,Partly Cloudy
5/2/2022,2:00 AM,77,100,0,29.61,Partly Cloudy
5/2/2022,2:30 AM,77,100,0,29.61,Partly Cloudy
5/2/2022,3:00 AM,77,100,0,29.61,Partly Cloudy
5/2/2022,3:30 AM,77,100,0,29.58,Partly Cloudy
5/2/2022,4:00 AM,77,100,0,29.58,Partly Cloudy
5/2/2022,4:30 AM,77,100,0,29.58,Mostly Cloudy
5/2/2022,5:00 AM,75,100,0,29.58,Mostly Cloudy
5/2/2022,5:30 AM,75,100,0,29.58,Partly Cloudy
5/2/2022,6:00 AM,75,100,0,29.61,Partly Cloudy
5/2/2022,6:30 AM,77,100,0,29.61,Partly Cloudy
5/2/2022,7:00 AM,77,100,0,29.61,Partly Cloudy
5/2/2022,7:30 AM,79,100,0,29.61,Fair
5/2/2022,8:00 AM,81,94,0,29.64,Fair
5/2/2022,8:30 AM,84,84,0,29.64,Fair
5/2/2022,9:00 AM,86,79,2,29.64,Fair
5/2/2022,9:30 AM,86,79,6,29.67,Fair
5/2/2022,10:00 AM,88,75,3,29.67,Fair
5/2/2022,10:30 AM,90,70,5,29.64,Partly Cloudy
5/2/2022,11:00 AM,90,70,2,29.64,Showers in the Vicinity
5/2/2022,11:30 AM,90,70,3,29.64,Showers in the Vicinity
5/2/2022,12:00 PM,88,70,7,29.64,Showers in the Vicinity
5/2/2022,12:30 PM,86,74,5,29.61,Light Rain
5/2/2022,1:00 PM,88,70,5,29.61,Mostly Cloudy
5/2/2022,1:30 PM,88,70,9,29.58,Mostly Cloudy
5/2/2022,2:00 PM,86,74,16,29.58,Mostly Cloudy
5/2/2022,2:30 PM,81,84,12,29.58,Light Rain with Thunder
5/2/2022,3:00 PM,79,94,5,29.58,Light Rain with Thunder
5/2/2022,3:30 PM,79,100,3,29.58,Light Rain with Thunder
5/2/2022,4:00 PM,79,100,3,29.58,Light Rain
5/2/2022,4:30 PM,77,100,5,29.58,Mostly Cloudy
5/2/2022,5:00 PM,79,94,0,29.58,Mostly Cloudy
5/2/2022,5:30 PM,79,94,0,29.58,Mostly Cloudy
5/2/2022,6:00 PM,79,94,0,29.61,Mostly Cloudy
5/2/2022,6:30 PM,79,94,0,29.61,Mostly Cloudy
5/2/2022,7:00 PM,79,94,0,29.61,Mostly Cloudy
5/2/2022,7:30 PM,79,94,0,29.64,Mostly Cloudy
5/2/2022,8:00 PM,79,94,0,29.64,Mostly Cloudy
5/2/2022,8:30 PM,79,94,0,29.64,Mostly Cloudy
5/2/2022,9:00 PM,79,94,0,29.67,Mostly Cloudy
5/2/2022,9:30 PM,79,94,0,29.67,Mostly Cloudy
5/2/2022,10:00 PM,79,94,0,29.70,Mostly Cloudy
5/2/2022,10:30 PM,79,94,0,29.70,Mostly Cloudy
5/2/2022,11:00 PM,79,94,0,29.67,Mostly Cloudy
5/2/2022,11:30 PM,79,94,0,29.67,Mostly Cloudy
5/3/2022,12:00 AM,79,94,2,29.67,Mostly Cloudy
5/3/2022,12:30 AM,77,100,2,29.67,Mostly Cloudy
5/3/2022,1:00 AM,77,100,0,29.67,Mostly Cloudy
5/3/2022,1:30 AM,77,100,0,29.67,Mostly Cloudy
5/3/2022,2:00 AM,77,100,2,29.64,Mostly Cloudy
5/3/2022,2:30 AM,77,100,0,29.64,Mostly Cloudy
5/3/2022,3:00 AM,77,100,2,29.64,Mostly Cloudy
5/3/2022,3:30 AM,77,100,0,29.61,Mostly Cloudy
5/3/2022,4:00 AM,77,100,0,29.61,Mostly Cloudy
5/3/2022,4:30 AM,77,100,0,29.64,Mostly Cloudy
5/3/2022,5:00 AM,77,100,0,29.64,Fog
5/3/2022,5:30 AM,77,100,0,29.64,Mostly Cloudy
5/3/2022,6:00 AM,77,100,0,29.67,Fog
5/3/2022,6:30 AM,77,100,0,29.67,Mostly Cloudy
5/3/2022,7:00 AM,77,100,0,29.67,Mostly Cloudy
5/3/2022,7:30 AM,77,100,0,29.67,Mostly Cloudy
5/3/2022,8:00 AM,79,100,5,29.70,Mostly Cloudy
5/3/2022,8:30 AM,82,89,6,29.70,Mostly Cloudy
5/3/2022,9:00 AM,82,89,6,29.70,Mostly Cloudy
5/3/2022,9:30 AM,84,79,5,29.70,Mostly Cloudy
5/3/2022,10:00 AM,84,79,6,29.70,Mostly Cloudy
5/3/2022,10:30 AM,84,79,6,29.70,Mostly Cloudy
5/3/2022,11:00 AM,86,74,6,29.67,Mostly Cloudy
5/3/2022,11:30 AM,88,70,5,29.67,Mostly Cloudy
5/3/2022,12:00 PM,90,66,5,29.67,Mostly Cloudy
5/3/2022,12:30 PM,90,62,7,29.64,Mostly Cloudy
5/3/2022,1:00 PM,91,63,5,29.64,Mostly Cloudy
5/3/2022,1:30 PM,91,59,6,29.61,Mostly Cloudy
5/3/2022,2:00 PM,90,62,7,29.61,Mostly Cloudy
5/3/2022,2:30 PM,90,66,5,29.58,Showers in the Vicinity
5/3/2022,3:00 PM,84,79,13,29.58,Light Rain
5/3/2022,3:30 PM,82,84,3,29.58,Light Rain with Thunder
5/3/2022,4:00 PM,82,84,5,29.58,Mostly Cloudy
5/3/2022,4:30 PM,82,89,7,29.58,Mostly Cloudy
5/3/2022,5:00 PM,82,89,5,29.58,Mostly Cloudy
5/3/2022,5:30 PM,81,94,3,29.61,Mostly Cloudy
5/3/2022,6:00 PM,81,89,5,29.61,Mostly Cloudy
5/3/2022,6:30 PM,81,89,3,29.64,Mostly Cloudy
5/3/2022,7:00 PM,81,94,3,29.64,Mostly Cloudy
5/3/2022,7:30 PM,79,94,0,29.67,Mostly Cloudy
5/3/2022,8:00 PM,79,94,0,29.67,Mostly Cloudy
5/3/2022,8:30 PM,79,94,0,29.70,Mostly Cloudy
5/3/2022,9:00 PM,79,94,2,29.70,Mostly Cloudy
5/3/2022,9:30 PM,79,94,0,29.70,Mostly Cloudy
5/3/2022,10:00 PM,79,94,0,29.70,Mostly Cloudy
5/3/2022,10:30 PM,79,94,0,29.70,Mostly Cloudy
5/3/2022,11:00 PM,79,94,0,29.70,Mostly Cloudy
5/3/2022,11:30 PM,79,94,2,29.70,Mostly Cloudy
5/4/2022,12:00 AM,79,94,2,29.70,Mostly Cloudy
5/4/2022,12:30 AM,79,94,2,29.70,Mostly Cloudy
5/4/2022,1:00 AM,77,100,0,29.67,Mostly Cloudy
5/4/2022,1:30 AM,77,100,0,29.67,Mostly Cloudy
5/4/2022,2:00 AM,77,100,0,29.67,Partly Cloudy
5/4/2022,2:30 AM,77,100,0,29.67,Partly Cloudy
5/4/2022,3:00 AM,77,100,0,29.64,Mostly Cloudy
5/4/2022,3:30 AM,77,100,0,29.64,Mostly Cloudy
5/4/2022,4:00 AM,77,100,0,29.64,Mostly Cloudy
5/4/2022,4:30 AM,77,100,0,29.64,Mostly Cloudy
5/4/2022,5:00 AM,77,100,0,29.64,Mostly Cloudy
5/4/2022,5:30 AM,77,100,0,29.64,Partly Cloudy
5/4/2022,6:00 AM,77,100,0,29.64,Partly Cloudy
5/4/2022,6:30 AM,77,100,0,29.64,Partly Cloudy
5/4/2022,7:00 AM,77,100,0,29.67,Partly Cloudy
5/4/2022,7:30 AM,77,100,1,29.67,Partly Cloudy
5/4/2022,8:00 AM,77,100,0,29.70,Mostly Cloudy
5/4/2022,8:30 AM,79,94,0,29.70,Mostly Cloudy
5/4/2022,9:00 AM,81,89,0,29.73,Mostly Cloudy
5/4/2022,9:30 AM,81,89,0,29.73,Mostly Cloudy
5/4/2022,10:00 AM,82,84,0,29.70,Mostly Cloudy
5/4/2022,10:30 AM,84,79,0,29.70,Mostly Cloudy
5/4/2022,11:00 AM,84,79,0,29.70,Mostly Cloudy
5/4/2022,11:30 AM,86,74,0,29.70,Mostly Cloudy
5/4/2022,12:00 PM,86,74,0,29.70,Mostly Cloudy
5/4/2022,12:30 PM,86,70,0,29.67,Mostly Cloudy
5/4/2022,1:00 PM,88,66,0,29.67,Mostly Cloudy
5/4/2022,1:30 PM,88,70,2,29.64,Mostly Cloudy
5/4/2022,2:00 PM,88,70,2,29.64,Showers in the Vicinity
5/4/2022,2:30 PM,90,62,3,29.61,Showers in the Vicinity
5/4/2022,3:00 PM,79,94,18,29.64,Heavy Rain
5/4/2022,3:30 PM,77,100,0,29.64,Light Rain
5/4/2022,4:00 PM,77,100,0,29.64,Light Rain
5/4/2022,4:30 PM,77,100,3,29.64,Mostly Cloudy
5/4/2022,5:00 PM,79,94,0,29.64,Mostly Cloudy
5/4/2022,5:30 PM,79,94,0,29.64,Mostly Cloudy
5/4/2022,6:00 PM,79,94,0,29.64,Mostly Cloudy
5/4/2022,6:30 PM,79,94,0,29.64,Mostly Cloudy
5/4/2022,7:00 PM,77,100,0,29.67,Mostly Cloudy
5/4/2022,7:30 PM,79,94,2,29.67,Mostly Cloudy
5/4/2022,8:00 PM,79,94,0,29.67,Mostly Cloudy
5/4/2022,8:30 PM,77,100,0,29.70,Mostly Cloudy
5/4/2022,9:00 PM,77,100,0,29.70,Mostly Cloudy
5/4/2022,9:30 PM,77,100,0,29.70,Mostly Cloudy
5/4/2022,10:00 PM,77,100,0,29.70,Mostly Cloudy
5/4/2022,10:30 PM,77,100,0,29.73,Mostly Cloudy
5/4/2022,11:00 PM,77,100,0,29.70,Mostly Cloudy
5/4/2022,11:30 PM,77,100,0,29.70,Mostly Cloudy
5/5/2022,12:00 AM,77,100,0,29.70,Partly Cloudy
5/5/2022,12:30 AM,77,100,0,29.70,Partly Cloudy
5/5/2022,1:00 AM,77,100,0,29.67,Partly Cloudy
5/5/2022,1:30 AM,77,100,0,29.64,Partly Cloudy
5/5/2022,2:00 AM,77,100,0,29.64,Partly Cloudy
5/5/2022,2:30 AM,77,100,0,29.64,Partly Cloudy
5/5/2022,3:00 AM,77,100,0,29.64,Partly Cloudy
5/5/2022,3:30 AM,77,100,0,29.64,Partly Cloudy
5/5/2022,4:00 AM,75,100,0,29.61,Partly Cloudy
5/5/2022,4:30 AM,75,100,0,29.61,Partly Cloudy
5/5/2022,5:00 AM,75,100,0,29.61,Fog
5/5/2022,5:30 AM,75,100,0,29.64,Fog
5/5/2022,6:00 AM,75,100,0,29.64,Fog
5/5/2022,6:30 AM,75,100,0,29.64,Fog
5/5/2022,7:00 AM,77,100,0,29.64,Mostly Cloudy
5/5/2022,7:30 AM,77,100,0,29.64,Partly Cloudy
5/5/2022,8:00 AM,81,94,0,29.64,Partly Cloudy
5/5/2022,8:30 AM,84,84,0,29.67,Fair
5/5/2022,9:00 AM,84,79,0,29.67,Fair
5/5/2022,9:30 AM,86,74,3,29.67,Fair
5/5/2022,10:00 AM,88,70,3,29.64,Fair
5/5/2022,10:30 AM,88,75,2,29.64,Partly Cloudy
5/5/2022,11:00 AM,90,66,0,29.64,Partly Cloudy
5/5/2022,11:30 AM,90,62,3,29.64,Partly Cloudy
5/5/2022,12:00 PM,91,59,3,29.64,Partly Cloudy
5/5/2022,12:30 PM,91,59,3,29.61,Partly Cloudy
5/5/2022,1:00 PM,91,59,3,29.58,Mostly Cloudy
5/5/2022,1:30 PM,91,59,0,29.58,Showers in the Vicinity
5/5/2022,2:00 PM,82,94,7,29.58,Light Rain
5/5/2022,2:30 PM,86,84,5,29.55,Showers in the Vicinity
5/5/2022,3:00 PM,88,70,9,29.55,Showers in the Vicinity
5/5/2022,3:30 PM,86,79,7,29.55,Thunder
5/5/2022,4:00 PM,84,84,6,29.55,Light Rain with Thunder
5/5/2022,4:30 PM,81,94,10,29.58,Heavy T-Storm
5/5/2022,5:00 PM,79,100,3,29.58,Heavy T-Storm
5/5/2022,5:30 PM,77,100,3,29.58,T-Storm
5/5/2022,6:00 PM,77,100,0,29.58,Light Rain with Thunder
5/5/2022,6:30 PM,79,94,3,29.58,Light Rain
5/5/2022,7:00 PM,77,100,2,29.61,Light Rain
5/5/2022,7:30 PM,77,100,2,29.61,Light Rain
5/5/2022,8:00 PM,77,100,0,29.61,Light Rain
5/5/2022,8:30 PM,77,100,0,29.61,Light Rain
5/5/2022,9:00 PM,77,100,0,29.64,Light Rain
5/5/2022,9:30 PM,77,100,0,29.64,Light Rain
5/5/2022,10:00 PM,77,100,0,29.64,Light Rain
5/5/2022,10:30 PM,77,100,0,29.64,Mostly Cloudy
5/5/2022,11:00 PM,77,100,0,29.67,Mostly Cloudy
5/5/2022,11:30 PM,77,100,2,29.64,Mostly Cloudy
5/6/2022,12:00 AM,77,100,2,29.64,Mostly Cloudy
5/6/2022,12:30 AM,77,100,2,29.64,Mostly Cloudy
5/6/2022,1:00 AM,77,100,0,29.61,Mostly Cloudy
5/6/2022,1:30 AM,77,100,0,29.61,Mostly Cloudy
5/6/2022,2:00 AM,77,100,0,29.61,Mostly Cloudy
5/6/2022,2:30 AM,77,100,0,29.61,Mostly Cloudy
5/6/2022,3:00 AM,77,100,2,29.58,Mostly Cloudy
5/6/2022,3:30 AM,79,94,0,29.58,Mostly Cloudy
5/6/2022,4:00 AM,77,100,0,29.58,Mostly Cloudy
5/6/2022,4:30 AM,77,100,2,29.58,Mostly Cloudy
5/6/2022,5:00 AM,77,100,0,29.58,Mostly Cloudy
5/6/2022,5:30 AM,77,100,2,29.58,Mostly Cloudy
5/6/2022,6:00 AM,77,100,0,29.58,Mostly Cloudy
5/6/2022,6:30 AM,77,100,0,29.61,Fog
5/6/2022,7:00 AM,77,100,0,29.61,Fog
5/6/2022,7:30 AM,79,100,0,29.61,Fog
5/6/2022,8:00 AM,79,100,0,29.61,Fog
5/6/2022,8:30 AM,81,94,0,29.64,Fog
5/6/2022,9:00 AM,81,100,5,29.64,Fog
5/6/2022,9:30 AM,84,94,2,29.64,Mostly Cloudy
5/6/2022,10:00 AM,84,89,3,29.64,Mostly Cloudy
5/6/2022,10:30 AM,86,84,5,29.64,Mostly Cloudy
5/6/2022,11:00 AM,86,79,2,29.64,Mostly Cloudy
5/6/2022,11:30 AM,88,75,7,29.61,Mostly Cloudy
5/6/2022,12:00 PM,88,75,6,29.61,Mostly Cloudy
5/6/2022,12:30 PM,90,70,6,29.61,Mostly Cloudy
5/6/2022,1:00 PM,88,75,7,29.58,Mostly Cloudy
5/6/2022,1:30 PM,88,79,9,29.58,Mostly Cloudy
5/6/2022,2:00 PM,88,70,8,29.55,Thunder
5/6/2022,2:30 PM,84,84,9,29.55,Light Rain with Thunder
5/6/2022,3:00 PM,82,94,2,29.55,Light Rain with Thunder
5/6/2022,3:30 PM,81,89,6,29.55,Light Rain
5/6/2022,4:00 PM,81,89,3,29.55,Light Rain
5/6/2022,4:30 PM,79,94,3,29.55,Showers in the Vicinity
5/6/2022,5:00 PM,79,89,0,29.55,Mostly Cloudy
5/6/2022,5:30 PM,79,89,3,29.55,Mostly Cloudy
5/6/2022,6:00 PM,79,94,0,29.55,Mostly Cloudy
5/6/2022,6:30 PM,79,89,0,29.58,Mostly Cloudy
5/6/2022,7:00 PM,79,94,0,29.58,Mostly Cloudy
5/6/2022,7:30 PM,79,94,0,29.58,Partly Cloudy
5/6/2022,8:00 PM,79,94,0,29.58,Partly Cloudy
5/6/2022,8:30 PM,77,100,0,29.58,Mostly Cloudy
5/6/2022,9:00 PM,77,100,0,29.61,Mostly Cloudy
5/6/2022,9:30 PM,77,100,0,29.61,Partly Cloudy
5/6/2022,10:00 PM,77,100,0,29.61,Partly Cloudy
5/6/2022,10:30 PM,77,100,0,29.64,Partly Cloudy
5/6/2022,11:00 PM,77,100,0,29.64,Partly Cloudy
5/6/2022,11:30 PM,77,100,0,29.64,Partly Cloudy
5/7/2022,12:30 AM,77,100,0,29.61,Partly Cloudy
5/7/2022,1:00 AM,77,100,0,29.61,Partly Cloudy
5/7/2022,1:30 AM,77,100,0,29.61,Partly Cloudy
5/7/2022,2:00 AM,77,100,0,29.58,Mostly Cloudy
5/7/2022,2:30 AM,77,100,0,29.58,Mostly Cloudy
5/7/2022,3:00 AM,77,100,0,29.58,Mostly Cloudy
5/7/2022,3:30 AM,77,100,0,29.55,Mostly Cloudy
5/7/2022,4:00 AM,77,100,0,29.58,Mostly Cloudy
5/7/2022,4:30 AM,77,100,0,29.58,Mostly Cloudy
5/7/2022,5:00 AM,77,100,0,29.58,Mostly Cloudy
5/7/2022,5:30 AM,77,100,2,29.58,Mostly Cloudy
5/7/2022,6:00 AM,77,100,0,29.58,Mostly Cloudy
5/7/2022,6:30 AM,77,100,0,29.61,Mostly Cloudy
5/7/2022,7:00 AM,77,100,0,29.61,Mostly Cloudy
5/7/2022,7:30 AM,79,94,0,29.61,Mostly Cloudy
5/7/2022,8:00 AM,79,100,0,29.64,Mostly Cloudy
5/7/2022,8:30 AM,81,94,0,29.64,Mostly Cloudy
5/7/2022,9:00 AM,81,94,0,29.64,Mostly Cloudy
5/7/2022,9:30 AM,82,89,0,29.64,Mostly Cloudy
5/7/2022,10:00 AM,82,89,0,29.64,Mostly Cloudy
5/7/2022,10:30 AM,84,84,0,29.64,Mostly Cloudy
5/7/2022,11:00 AM,84,84,0,29.64,Mostly Cloudy
5/7/2022,11:30 AM,86,79,2,29.61,Mostly Cloudy
5/7/2022,12:00 PM,88,75,2,29.61,Mostly Cloudy
5/7/2022,12:30 PM,88,75,2,29.61,Partly Cloudy
5/7/2022,1:00 PM,88,70,0,29.61,Partly Cloudy
5/7/2022,1:30 PM,90,70,0,29.58,Partly Cloudy
5/7/2022,2:00 PM,90,66,3,29.55,Partly Cloudy
5/7/2022,2:30 PM,88,75,6,29.52,Showers in the Vicinity
5/7/2022,3:00 PM,88,75,5,29.52,Showers in the Vicinity
5/7/2022,3:30 PM,88,75,7,29.52,Showers in the Vicinity
5/7/2022,4:00 PM,88,75,5,29.52,Thunder
5/7/2022,4:30 PM,84,79,8,29.55,Light Rain with Thunder
5/7/2022,5:00 PM,84,84,5,29.52,Light Rain with Thunder
5/7/2022,5:30 PM,82,94,3,29.55,Light Rain with Thunder
5/7/2022,6:00 PM,79,94,5,29.55,Light Rain
5/7/2022,6:30 PM,79,94,6,29.55,Light Rain
5/7/2022,7:00 PM,79,94,2,29.58,Light Rain
5/7/2022,7:30 PM,77,100,2,29.61,Light Rain
5/7/2022,8:00 PM,79,94,2,29.61,Light Rain
5/7/2022,8:30 PM,79,94,0,29.61,Light Rain
5/7/2022,9:00 PM,79,94,0,29.61,Mostly Cloudy
5/7/2022,9:30 PM,79,94,3,29.64,Mostly Cloudy
5/7/2022,10:00 PM,79,94,3,29.64,Mostly Cloudy
5/7/2022,10:30 PM,79,94,0,29.64,Mostly Cloudy
5/7/2022,11:00 PM,79,100,0,29.64,Mostly Cloudy
5/7/2022,11:30 PM,79,100,0,29.64,Mostly Cloudy
5/8/2022,12:00 AM,79,100,0,29.64,Light Rain
5/8/2022,12:30 AM,79,94,0,29.64,Mostly Cloudy
5/8/2022,1:00 AM,79,100,0,29.61,Mostly Cloudy
5/8/2022,1:30 AM,79,94,0,29.61,Mostly Cloudy
5/8/2022,2:00 AM,79,94,0,29.61,Mostly Cloudy
5/8/2022,2:30 AM,79,100,0,29.58,Mostly Cloudy
5/8/2022,3:00 AM,77,100,0,29.58,Mostly Cloudy
5/8/2022,3:30 AM,77,100,0,29.58,Mostly Cloudy
5/8/2022,4:00 AM,77,100,0,29.58,Mostly Cloudy
5/8/2022,4:30 AM,77,100,0,29.58,Mostly Cloudy
5/8/2022,5:00 AM,77,100,0,29.58,Mostly Cloudy
5/8/2022,5:30 AM,77,100,0,29.58,Mostly Cloudy
5/8/2022,6:00 AM,77,100,0,29.58,Mostly Cloudy
5/8/2022,6:30 AM,77,100,0,29.61,Mostly Cloudy
5/8/2022,7:00 AM,79,94,0,29.61,Mostly Cloudy
5/8/2022,7:30 AM,79,100,0,29.61,Mostly Cloudy
5/8/2022,8:00 AM,81,94,0,29.61,Mostly Cloudy
5/8/2022,8:30 AM,82,89,0,29.64,Mostly Cloudy
5/8/2022,9:00 AM,84,84,2,29.64,Mostly Cloudy
5/8/2022,9:30 AM,84,79,2,29.64,Mostly Cloudy
5/8/2022,10:00 AM,86,79,3,29.64,Mostly Cloudy
5/8/2022,10:30 AM,86,74,2,29.64,Mostly Cloudy
5/8/2022,11:00 AM,86,79,3,29.61,Mostly Cloudy
5/8/2022,11:30 AM,88,75,2,29.61,Partly Cloudy
5/8/2022,12:00 PM,88,70,3,29.61,Partly Cloudy
5/8/2022,12:30 PM,88,70,2,29.61,Mostly Cloudy
5/8/2022,1:00 PM,88,70,2,29.58,Mostly Cloudy
5/8/2022,1:30 PM,90,66,2,29.58,Mostly Cloudy
5/8/2022,2:00 PM,91,63,3,29.55,Partly Cloudy
5/8/2022,2:30 PM,91,59,5,29.55,Partly Cloudy
5/8/2022,3:00 PM,90,66,6,29.52,Mostly Cloudy
5/8/2022,3:30 PM,88,75,5,29.52,Light Rain with Thunder
5/8/2022,4:00 PM,84,84,8,29.52,Light Rain
5/8/2022,4:30 PM,84,79,6,29.52,Showers in the Vicinity
5/8/2022,5:00 PM,84,84,7,29.52,Showers in the Vicinity
5/8/2022,5:30 PM,82,89,3,29.52,Light Rain
5/8/2022,6:00 PM,82,94,5,29.55,Mostly Cloudy
5/8/2022,6:30 PM,82,94,0,29.58,Mostly Cloudy
5/8/2022,7:00 PM,82,94,3,29.58,Thunder
5/8/2022,7:30 PM,81,94,2,29.61,Light Rain with Thunder
5/8/2022,8:00 PM,81,94,2,29.61,Light Rain with Thunder
5/8/2022,8:30 PM,81,94,2,29.61,Light Rain with Thunder
5/8/2022,9:00 PM,81,100,0,29.64,Thunder
5/8/2022,9:30 PM,81,94,5,29.64,Light Rain with Thunder
5/8/2022,10:00 PM,81,94,0,29.67,Thunder
5/8/2022,10:30 PM,79,100,2,29.67,Mostly Cloudy
5/8/2022,11:00 PM,79,100,0,29.64,Light Rain
5/8/2022,11:30 PM,79,100,3,29.67,Light Rain
5/9/2022,12:00 AM,79,100,2,29.64,Light Rain
5/9/2022,12:30 AM,79,100,0,29.64,Light Rain
5/9/2022,1:00 AM,79,100,0,29.64,Light Rain
5/9/2022,1:30 AM,79,100,0,29.61,Light Rain
5/9/2022,2:00 AM,79,100,0,29.61,Light Rain
5/9/2022,2:30 AM,79,100,0,29.61,Light Rain
5/9/2022,3:00 AM,79,100,0,29.58,Mostly Cloudy
5/9/2022,3:30 AM,79,100,0,29.58,Mostly Cloudy
5/9/2022,4:00 AM,79,100,0,29.58,Mostly Cloudy
5/9/2022,4:30 AM,79,100,0,29.58,Mostly Cloudy
5/9/2022,5:00 AM,79,94,3,29.58,Mostly Cloudy
5/9/2022,5:30 AM,77,100,3,29.61,Mostly Cloudy
5/9/2022,6:00 AM,77,100,2,29.61,Mostly Cloudy
5/9/2022,6:30 AM,79,94,0,29.64,Light Rain
5/9/2022,7:00 AM,77,100,3,29.64,Light Rain
5/9/2022,7:30 AM,77,100,5,29.67,Light Rain
5/9/2022,8:00 AM,79,94,0,29.67,Showers in the Vicinity
5/9/2022,8:30 AM,79,94,0,29.70,Showers in the Vicinity
5/9/2022,9:00 AM,79,94,0,29.70,Cloudy
5/9/2022,9:30 AM,79,100,2,29.70,Cloudy
5/9/2022,10:00 AM,81,89,5,29.70,Cloudy
5/9/2022,10:30 AM,81,94,7,29.70,Cloudy
5/9/2022,11:00 AM,79,94,7,29.70,Cloudy
5/9/2022,11:30 AM,81,89,6,29.70,Mostly Cloudy
5/9/2022,12:00 PM,82,84,2,29.70,Mostly Cloudy
5/9/2022,12:30 PM,84,79,3,29.67,Mostly Cloudy
5/9/2022,1:00 PM,84,79,5,29.67,Mostly Cloudy
5/9/2022,1:30 PM,84,79,7,29.64,Mostly Cloudy
5/9/2022,2:00 PM,84,79,6,29.64,Mostly Cloudy
5/9/2022,2:30 PM,84,79,6,29.61,Mostly Cloudy
5/9/2022,3:00 PM,84,79,5,29.61,Mostly Cloudy
5/9/2022,3:30 PM,84,79,6,29.58,Mostly Cloudy
5/9/2022,4:00 PM,84,84,8,29.58,Mostly Cloudy
5/9/2022,4:30 PM,84,79,7,29.58,Mostly Cloudy
5/9/2022,5:00 PM,84,79,5,29.58,Mostly Cloudy
5/9/2022,5:30 PM,82,89,5,29.58,Mostly Cloudy
5/9/2022,6:00 PM,82,89,2,29.58,Mostly Cloudy
5/9/2022,6:30 PM,82,89,2,29.61,Mostly Cloudy
5/9/2022,7:00 PM,82,89,3,29.61,Mostly Cloudy
5/9/2022,7:30 PM,82,89,2,29.61,Mostly Cloudy
5/9/2022,8:00 PM,81,94,3,29.61,Mostly Cloudy
5/9/2022,8:30 PM,81,94,3,29.61,Mostly Cloudy
5/9/2022,9:00 PM,81,94,0,29.64,Mostly Cloudy
5/9/2022,9:30 PM,81,94,0,29.64,Mostly Cloudy
5/9/2022,10:00 PM,81,94,0,29.67,Mostly Cloudy
5/9/2022,10:30 PM,81,94,0,29.67,Mostly Cloudy
5/9/2022,11:00 PM,81,94,0,29.67,Partly Cloudy
5/9/2022,11:30 PM,81,94,0,29.67,Mostly Cloudy
5/10/2022,12:00 AM,81,94,0,29.67,Mostly Cloudy
5/10/2022,12:30 AM,79,100,0,29.67,Mostly Cloudy
5/10/2022,1:00 AM,79,100,0,29.64,Mostly Cloudy
5/10/2022,1:30 AM,79,100,0,29.64,Mostly Cloudy
5/10/2022,2:00 AM,79,100,0,29.64,Mostly Cloudy
5/10/2022,2:30 AM,79,100,0,29.64,Mostly Cloudy
5/10/2022,3:00 AM,79,100,0,29.61,Mostly Cloudy
5/10/2022,3:30 AM,79,100,0,29.61,Mostly Cloudy
5/10/2022,4:00 AM,79,100,0,29.61,Mostly Cloudy
5/10/2022,4:30 AM,79,100,0,29.61,Mostly Cloudy
5/10/2022,5:00 AM,79,100,0,29.64,Mostly Cloudy
5/10/2022,5:30 AM,79,100,0,29.64,Partly Cloudy
5/10/2022,6:00 AM,77,100,0,29.64,Partly Cloudy
5/10/2022,6:30 AM,79,100,0,29.64,Fair
5/10/2022,7:00 AM,79,100,0,29.67,Fog
5/10/2022,7:30 AM,79,100,0,29.67,Fog
5/10/2022,8:00 AM,81,94,2,29.67,Fog
5/10/2022,8:30 AM,82,84,2,29.67,Partly Cloudy
5/10/2022,9:00 AM,84,84,2,29.67,Mostly Cloudy
5/10/2022,9:30 AM,84,84,0,29.70,Mostly Cloudy
5/10/2022,10:00 AM,86,79,3,29.67,Partly Cloudy
5/10/2022,10:30 AM,88,75,5,29.67,Partly Cloudy
5/10/2022,11:00 AM,90,66,3,29.67,Partly Cloudy
5/10/2022,11:30 AM,91,66,2,29.67,Partly Cloudy
5/10/2022,12:00 PM,91,63,0,29.64,Partly Cloudy
5/10/2022,12:30 PM,90,66,3,29.64,Mostly Cloudy
5/10/2022,1:00 PM,90,70,2,29.64,Mostly Cloudy
5/10/2022,1:30 PM,93,59,2,29.61,Mostly Cloudy
5/10/2022,2:00 PM,93,59,0,29.61,Showers in the Vicinity
5/10/2022,2:30 PM,86,79,8,29.58,Showers in the Vicinity
5/10/2022,3:00 PM,84,84,5,29.58,Light Rain with Thunder
5/10/2022,3:30 PM,84,84,6,29.58,Thunder
5/10/2022,4:00 PM,86,79,3,29.58,Mostly Cloudy
5/10/2022,4:30 PM,84,84,6,29.58,Mostly Cloudy
5/10/2022,5:00 PM,84,84,6,29.58,Mostly Cloudy
5/10/2022,5:30 PM,84,74,3,29.61,Thunder
5/10/2022,6:00 PM,84,79,0,29.61,Showers in the Vicinity
5/10/2022,6:30 PM,82,79,0,29.61,Showers in the Vicinity
5/10/2022,7:00 PM,81,79,0,29.61,Mostly Cloudy
5/10/2022,7:30 PM,81,74,0,29.64,Mostly Cloudy
5/10/2022,8:00 PM,81,79,0,29.64,Mostly Cloudy
5/10/2022,8:30 PM,81,79,0,29.67,Mostly Cloudy
5/10/2022,9:00 PM,79,83,0,29.67,Mostly Cloudy
5/10/2022,9:30 PM,81,79,0,29.70,Mostly Cloudy
5/10/2022,10:00 PM,81,79,0,29.70,Partly Cloudy
5/10/2022,10:30 PM,79,89,0,29.70,Partly Cloudy
5/10/2022,11:00 PM,79,89,0,29.70,Partly Cloudy
5/10/2022,11:30 PM,77,94,0,29.70,Partly Cloudy
5/11/2022,12:00 AM,79,89,0,29.70,Partly Cloudy
5/11/2022,12:30 AM,79,94,0,29.70,Mostly Cloudy
5/11/2022,1:00 AM,79,94,0,29.67,Mostly Cloudy
5/11/2022,1:30 AM,79,94,0,29.67,Mostly Cloudy
5/11/2022,2:00 AM,79,94,0,29.64,Mostly Cloudy
5/11/2022,2:30 AM,79,94,0,29.64,Mostly Cloudy
5/11/2022,3:00 AM,79,94,0,29.61,Mostly Cloudy
5/11/2022,3:30 AM,79,94,0,29.61,Mostly Cloudy
5/11/2022,4:00 AM,79,94,0,29.64,Partly Cloudy
5/11/2022,4:30 AM,79,94,0,29.64,Partly Cloudy
5/11/2022,5:00 AM,79,94,0,29.64,Mostly Cloudy
5/11/2022,5:30 AM,79,94,0,29.64,Mostly Cloudy
5/11/2022,6:00 AM,79,94,0,29.67,Mostly Cloudy
5/11/2022,6:30 AM,79,94,0,29.67,Mostly Cloudy
5/11/2022,7:00 AM,79,100,0,29.67,Mostly Cloudy
5/11/2022,7:30 AM,81,94,0,29.70,Mostly Cloudy
5/11/2022,8:00 AM,82,89,0,29.70,Mostly Cloudy
5/11/2022,8:30 AM,84,84,3,29.70,Mostly Cloudy
5/11/2022,9:00 AM,84,84,5,29.73,Mostly Cloudy
5/11/2022,9:30 AM,86,79,3,29.73,Mostly Cloudy
5/11/2022,10:00 AM,86,79,0,29.73,Mostly Cloudy
5/11/2022,10:30 AM,88,75,2,29.70,Mostly Cloudy
5/11/2022,11:00 AM,88,70,6,29.70,Mostly Cloudy
5/11/2022,11:30 AM,88,70,7,29.70,Mostly Cloudy
5/11/2022,12:00 PM,88,70,12,29.70,Mostly Cloudy
5/11/2022,12:30 PM,88,66,9,29.70,Showers in the Vicinity
5/11/2022,1:00 PM,84,79,7,29.67,Thunder
5/11/2022,1:30 PM,82,84,6,29.67,Mostly Cloudy
5/11/2022,2:00 PM,81,84,6,29.64,Mostly Cloudy
5/11/2022,2:30 PM,82,79,3,29.64,Mostly Cloudy
5/11/2022,3:00 PM,82,79,0,29.61,Mostly Cloudy
5/11/2022,3:30 PM,82,79,5,29.61,Mostly Cloudy
5/11/2022,4:00 PM,82,79,3,29.61,Mostly Cloudy
5/11/2022,4:30 PM,84,79,0,29.61,Mostly Cloudy
5/11/2022,5:00 PM,82,84,0,29.61,Showers in the Vicinity
5/11/2022,5:30 PM,81,94,2,29.61,Light Rain
5/11/2022,6:00 PM,81,94,0,29.64,Light Rain
5/11/2022,6:30 PM,81,89,0,29.67,Light Rain
5/11/2022,7:00 PM,79,94,0,29.67,Light Rain
5/11/2022,7:30 PM,81,94,0,29.67,Light Rain
5/11/2022,8:00 PM,79,94,0,29.67,Light Rain
5/11/2022,8:30 PM,79,100,0,29.70,Mostly Cloudy
5/11/2022,9:00 PM,79,94,0,29.70,Mostly Cloudy
5/11/2022,9:30 PM,79,94,0,29.70,Mostly Cloudy
5/11/2022,10:00 PM,79,94,0,29.70,Mostly Cloudy
5/11/2022,10:30 PM,79,94,0,29.70,Mostly Cloudy
5/11/2022,11:00 PM,79,100,0,29.70,Mostly Cloudy
5/11/2022,11:30 PM,79,94,0,29.70,Mostly Cloudy
5/12/2022,12:00 AM,79,94,0,29.70,Mostly Cloudy
5/12/2022,12:30 AM,77,100,0,29.70,Mostly Cloudy
5/12/2022,1:00 AM,77,100,0,29.70,Mostly Cloudy
5/12/2022,1:30 AM,77,100,2,29.67,Mostly Cloudy
5/12/2022,2:00 AM,77,100,3,29.67,Mostly Cloudy
5/12/2022,2:30 AM,77,100,0,29.67,Mostly Cloudy
5/12/2022,3:00 AM,77,100,0,29.67,Mostly Cloudy
5/12/2022,3:30 AM,77,100,0,29.67,Mostly Cloudy
5/12/2022,4:00 AM,77,100,0,29.67,Mostly Cloudy
5/12/2022,4:30 AM,77,100,0,29.67,Mostly Cloudy
5/12/2022,5:00 AM,77,100,0,29.67,Fog
5/12/2022,5:30 AM,77,100,0,29.67,Fog
5/12/2022,6:00 AM,77,100,0,29.67,Fog
5/12/2022,6:30 AM,77,100,0,29.67,Fog
5/12/2022,7:00 AM,77,100,0,29.70,Fog
5/12/2022,7:30 AM,77,100,0,29.70,Fog
5/12/2022,8:00 AM,79,100,0,29.73,Mostly Cloudy
5/12/2022,8:30 AM,81,94,0,29.73,Mostly Cloudy
5/12/2022,9:00 AM,82,89,2,29.73,Mostly Cloudy
5/12/2022,9:30 AM,84,79,3,29.73,Mostly Cloudy
5/12/2022,10:00 AM,88,70,0,29.73,Mostly Cloudy
5/12/2022,10:30 AM,88,66,0,29.70,Partly Cloudy
5/12/2022,11:00 AM,91,63,2,29.70,Fair
5/12/2022,11:30 AM,91,63,0,29.70,Fair
5/12/2022,12:00 PM,91,59,6,29.70,Fair
5/12/2022,12:30 PM,93,56,9,29.70,Fair
5/12/2022,1:00 PM,93,52,10,29.67,Partly Cloudy
5/12/2022,1:30 PM,91,55,9,29.67,Partly Cloudy
5/12/2022,2:00 PM,93,52,12,29.64,Mostly Cloudy
5/12/2022,2:30 PM,93,49,14,29.61,Partly Cloudy
5/12/2022,3:00 PM,93,49,12,29.61,Partly Cloudy
5/12/2022,3:30 PM,93,52,13,29.61,Partly Cloudy
5/12/2022,4:00 PM,91,52,16,29.61,Fair
5/12/2022,4:30 PM,91,52,15,29.61,Fair
5/12/2022,5:00 PM,90,59,12,29.61,Fair
5/12/2022,5:30 PM,90,59,9,29.61,Fair
5/12/2022,6:00 PM,88,62,7,29.61,Fair
5/12/2022,6:30 PM,86,66,7,29.64,Fair
5/12/2022,7:00 PM,84,70,3,29.64,Fair
5/12/2022,7:30 PM,84,70,3,29.64,Fair
5/12/2022,8:00 PM,82,79,0,29.67,Partly Cloudy
5/12/2022,8:30 PM,82,79,0,29.67,Partly Cloudy
5/12/2022,9:00 PM,82,74,2,29.70,Partly Cloudy
5/12/2022,9:30 PM,82,74,2,29.73,Partly Cloudy
5/12/2022,10:00 PM,81,84,0,29.73,Partly Cloudy
5/12/2022,10:30 PM,81,79,0,29.73,Partly Cloudy
5/12/2022,11:00 PM,81,84,0,29.73,Partly Cloudy
5/12/2022,11:30 PM,81,84,0,29.76,Partly Cloudy
5/13/2022,12:00 AM,81,84,0,29.73,Partly Cloudy
5/13/2022,12:30 AM,81,84,0,29.73,Mostly Cloudy
5/13/2022,1:00 AM,81,89,0,29.70,Mostly Cloudy
5/13/2022,1:30 AM,81,89,0,29.70,Mostly Cloudy
5/13/2022,2:00 AM,79,94,0,29.70,Mostly Cloudy
5/13/2022,2:30 AM,79,94,0,29.67,Mostly Cloudy
5/13/2022,3:00 AM,79,89,0,29.67,Mostly Cloudy
5/13/2022,3:30 AM,79,89,0,29.67,Partly Cloudy
5/13/2022,4:00 AM,79,89,0,29.64,Mostly Cloudy
5/13/2022,4:30 AM,79,89,0,29.64,Mostly Cloudy
5/13/2022,5:00 AM,77,100,0,29.64,Mostly Cloudy
5/13/2022,5:30 AM,77,100,0,29.64,Partly Cloudy
5/13/2022,6:00 AM,77,100,0,29.67,Fair
5/13/2022,6:30 AM,77,100,0,29.67,Fair
5/13/2022,7:00 AM,79,94,0,29.67,Fair
5/13/2022,7:30 AM,81,89,0,29.70,Fair
5/13/2022,8:00 AM,84,79,0,29.70,Fair
5/13/2022,8:30 AM,84,79,2,29.70,Fair
5/13/2022,9:00 AM,88,70,0,29.70,Fair
5/13/2022,9:30 AM,90,66,6,29.73,Fair
5/13/2022,10:00 AM,90,66,6,29.70,Partly Cloudy
5/13/2022,10:30 AM,88,70,6,29.70,Partly Cloudy
5/13/2022,11:00 AM,90,66,3,29.70,Partly Cloudy
5/13/2022,11:30 AM,91,63,2,29.70,Partly Cloudy
5/13/2022,12:00 PM,91,63,6,29.70,Partly Cloudy
5/13/2022,12:30 PM,90,66,3,29.67,Light Rain
5/13/2022,1:00 PM,93,59,6,29.67,Mostly Cloudy
5/13/2022,1:30 PM,91,59,7,29.64,Mostly Cloudy
5/13/2022,2:00 PM,93,52,10,29.64,Partly Cloudy
5/13/2022,2:30 PM,91,55,9,29.61,Partly Cloudy
5/13/2022,3:00 PM,93,56,8,29.61,Showers in the Vicinity
5/13/2022,3:30 PM,93,56,10,29.61,Mostly Cloudy
5/13/2022,4:00 PM,93,52,12,29.58,Partly Cloudy
5/13/2022,4:30 PM,91,59,8,29.61,Partly Cloudy
5/13/2022,5:00 PM,90,62,9,29.61,Partly Cloudy
5/13/2022,5:30 PM,90,62,10,29.61,Partly Cloudy
5/13/2022,6:00 PM,88,58,14,29.64,Showers in the Vicinity
5/13/2022,6:30 PM,84,66,3,29.64,Partly Cloudy
5/13/2022,7:00 PM,84,66,0,29.64,Mostly Cloudy
5/13/2022,7:30 PM,84,70,0,29.67,Mostly Cloudy
5/13/2022,8:00 PM,82,74,0,29.67,Mostly Cloudy
5/13/2022,8:30 PM,82,84,0,29.67,Mostly Cloudy
5/13/2022,9:00 PM,82,84,0,29.67,Mostly Cloudy
5/13/2022,9:30 PM,82,84,0,29.67,Mostly Cloudy
5/13/2022,10:00 PM,81,89,0,29.70,Partly Cloudy
5/13/2022,10:30 PM,81,89,0,29.70,Partly Cloudy
5/13/2022,11:00 PM,81,89,0,29.70,Partly Cloudy
5/13/2022,11:30 PM,81,84,0,29.70,Partly Cloudy
5/14/2022,12:00 AM,81,89,0,29.67,Partly Cloudy
5/14/2022,12:30 AM,81,89,0,29.67,Partly Cloudy
5/14/2022,1:00 AM,79,94,0,29.67,Partly Cloudy
5/14/2022,1:30 AM,79,94,0,29.67,Partly Cloudy
5/14/2022,2:00 AM,79,94,0,29.64,Fair
5/14/2022,2:30 AM,79,94,0,29.64,Fair
5/14/2022,3:00 AM,79,94,0,29.64,Fair
5/14/2022,3:30 AM,79,94,0,29.64,Partly Cloudy
5/14/2022,4:00 AM,79,94,0,29.64,Partly Cloudy
5/14/2022,4:30 AM,79,94,0,29.64,Partly Cloudy
5/14/2022,5:00 AM,79,94,0,29.64,Partly Cloudy
5/14/2022,5:30 AM,77,100,0,29.67,Fair
5/14/2022,6:00 AM,77,100,0,29.67,Fair
5/14/2022,6:30 AM,79,94,0,29.67,Fair
5/14/2022,7:00 AM,81,89,0,29.70,Fair
5/14/2022,7:30 AM,82,89,0,29.70,Fair
5/14/2022,8:00 AM,84,84,0,29.73,Fair
5/14/2022,8:30 AM,84,79,2,29.73,Fair
5/14/2022,9:00 AM,88,70,2,29.73,Fair
5/14/2022,9:30 AM,88,70,0,29.73,Partly Cloudy
5/14/2022,10:00 AM,90,66,0,29.73,Partly Cloudy
5/14/2022,10:30 AM,90,62,5,29.73,Partly Cloudy
5/14/2022,11:00 AM,91,63,2,29.73,Partly Cloudy
5/14/2022,11:30 AM,91,63,2,29.70,Partly Cloudy
5/14/2022,12:00 PM,90,62,3,29.70,Partly Cloudy
5/14/2022,12:30 PM,93,59,0,29.70,Partly Cloudy
5/14/2022,1:00 PM,93,59,3,29.67,Partly Cloudy
5/14/2022,1:30 PM,95,56,2,29.67,Partly Cloudy
5/14/2022,2:00 PM,93,59,2,29.64,Partly Cloudy
5/14/2022,2:30 PM,93,56,3,29.61,Partly Cloudy
5/14/2022,3:00 PM,91,63,6,29.61,Showers in the Vicinity
5/14/2022,3:30 PM,88,70,6,29.61,Thunder
5/14/2022,4:00 PM,84,74,15,29.64,Light Rain with Thunder
5/14/2022,4:30 PM,81,94,9,29.61,Light Rain with Thunder
5/14/2022,5:00 PM,81,89,7,29.61,Light Rain
5/14/2022,5:30 PM,82,84,0,29.61,Mostly Cloudy
5/14/2022,6:00 PM,82,84,0,29.64,Mostly Cloudy
5/14/2022,6:30 PM,82,84,0,29.64,Mostly Cloudy
5/14/2022,7:00 PM,82,84,0,29.67,Mostly Cloudy
5/14/2022,7:30 PM,82,84,0,29.67,Mostly Cloudy
5/14/2022,8:00 PM,81,89,0,29.70,Mostly Cloudy
5/14/2022,8:30 PM,81,89,0,29.70,Partly Cloudy
5/14/2022,9:00 PM,81,94,0,29.73,Partly Cloudy
5/14/2022,9:30 PM,81,94,0,29.73,Partly Cloudy
5/14/2022,10:00 PM,81,94,0,29.73,Partly Cloudy
5/14/2022,10:30 PM,81,94,0,29.73,Fair
5/14/2022,11:00 PM,81,94,0,29.73,Fair
5/14/2022,11:30 PM,79,100,0,29.76,Fair
5/15/2022,12:00 AM,79,100,0,29.76,Partly Cloudy
5/15/2022,12:30 AM,79,100,0,29.73,Partly Cloudy
5/15/2022,1:00 AM,79,100,0,29.73,Fair
5/15/2022,1:30 AM,79,94,0,29.73,Fair
5/15/2022,2:00 AM,79,100,0,29.70,Fair
5/15/2022,2:30 AM,79,100,0,29.70,Fair
5/15/2022,3:00 AM,79,94,0,29.70,Fair
5/15/2022,3:30 AM,79,100,0,29.70,Fair
5/15/2022,4:00 AM,77,100,0,29.70,Fair
5/15/2022,4:30 AM,77,100,0,29.70,Fair
5/15/2022,5:00 AM,77,100,0,29.70,Partly Cloudy
5/15/2022,5:30 AM,77,100,0,29.70,Partly Cloudy
5/15/2022,6:00 AM,77,100,0,29.70,Partly Cloudy
5/15/2022,6:30 AM,77,100,0,29.73,Fog
5/15/2022,7:00 AM,77,100,0,29.73,Partly Cloudy
5/15/2022,7:30 AM,81,94,0,29.76,Fair
5/15/2022,8:00 AM,82,89,0,29.76,Fair
5/15/2022,8:30 AM,84,84,0,29.76,Fair
5/15/2022,9:00 AM,86,79,0,29.76,Fair
5/15/2022,9:30 AM,88,75,0,29.76,Fair
5/15/2022,10:00 AM,90,70,0,29.76,Fair
5/15/2022,10:30 AM,90,66,0,29.76,Partly Cloudy
5/15/2022,11:00 AM,91,63,0,29.76,Partly Cloudy
5/15/2022,11:30 AM,91,63,0,29.73,Partly Cloudy
5/15/2022,12:00 PM,93,59,2,29.73,Partly Cloudy
5/15/2022,12:30 PM,93,56,0,29.70,Mostly Cloudy
5/15/2022,1:00 PM,93,59,3,29.70,Mostly Cloudy
5/15/2022,1:30 PM,90,66,9,29.70,Thunder
5/15/2022,2:00 PM,84,70,8,29.67,Thunder
5/15/2022,2:30 PM,88,70,2,29.64,Partly Cloudy
5/15/2022,3:00 PM,90,66,7,29.64,Partly Cloudy
5/15/2022,3:30 PM,91,63,12,29.64,Partly Cloudy
5/15/2022,4:00 PM,90,66,9,29.64,Mostly Cloudy
5/15/2022,4:30 PM,88,70,9,29.61,Mostly Cloudy
5/15/2022,5:00 PM,88,70,8,29.61,Mostly Cloudy
5/15/2022,5:30 PM,86,74,6,29.61,Mostly Cloudy
5/15/2022,6:00 PM,88,70,5,29.64,Mostly Cloudy
5/15/2022,6:30 PM,86,74,2,29.64,Partly Cloudy
5/15/2022,7:00 PM,86,74,0,29.64,Partly Cloudy
5/15/2022,7:30 PM,84,79,2,29.67,Partly Cloudy
5/15/2022,8:00 PM,84,79,2,29.67,Fair
5/15/2022,8:30 PM,84,79,2,29.70,Fair
5/15/2022,9:00 PM,84,79,2,29.70,Fair
5/15/2022,9:30 PM,84,79,7,29.73,Fair
5/15/2022,10:00 PM,82,84,0,29.73,Fair
5/15/2022,10:30 PM,82,84,0,29.73,Fair
5/15/2022,11:00 PM,81,89,0,29.73,Fair
5/15/2022,11:30 PM,81,89,0,29.73,Fair
5/16/2022,12:00 AM,81,89,0,29.73,Mostly Cloudy
5/16/2022,12:30 AM,81,89,0,29.73,Partly Cloudy
5/16/2022,1:00 AM,81,94,0,29.73,Partly Cloudy
5/16/2022,1:30 AM,81,94,0,29.73,Partly Cloudy
5/16/2022,2:00 AM,79,100,0,29.70,Partly Cloudy
5/16/2022,2:30 AM,81,94,0,29.70,Partly Cloudy
5/16/2022,3:00 AM,79,94,0,29.67,Partly Cloudy
5/16/2022,3:30 AM,79,94,2,29.70,Partly Cloudy
5/16/2022,4:00 AM,79,94,2,29.70,Partly Cloudy
5/16/2022,4:30 AM,79,94,0,29.70,Mostly Cloudy
5/16/2022,5:00 AM,79,94,0,29.70,Mostly Cloudy
5/16/2022,5:30 AM,79,94,0,29.70,Mostly Cloudy
5/16/2022,6:00 AM,79,94,0,29.70,Mostly Cloudy
5/16/2022,6:30 AM,79,94,0,29.73,Mostly Cloudy
5/16/2022,7:00 AM,79,94,0,29.73,Mostly Cloudy
5/16/2022,7:30 AM,79,94,0,29.73,Mostly Cloudy
5/16/2022,8:00 AM,81,89,1,29.76,Mostly Cloudy
5/16/2022,8:30 AM,81,89,3,29.76,Mostly Cloudy
5/16/2022,9:00 AM,82,84,2,29.76,Mostly Cloudy
5/16/2022,9:30 AM,84,79,2,29.79,Mostly Cloudy
5/16/2022,10:00 AM,86,74,5,29.79,Mostly Cloudy
5/16/2022,10:30 AM,86,70,3,29.79,Mostly Cloudy
5/16/2022,11:00 AM,88,70,0,29.79,Showers in the Vicinity
5/16/2022,11:30 AM,86,70,9,29.76,Thunder
5/16/2022,12:00 PM,84,74,10,29.76,Light Rain with Thunder
5/16/2022,12:30 PM,82,74,17,29.76,Light Rain with Thunder
5/16/2022,1:00 PM,79,78,16,29.76,Light Rain with Thunder
5/16/2022,1:30 PM,79,78,10,29.73,Light Rain with Thunder
5/16/2022,2:00 PM,77,89,7,29.73,Light Rain with Thunder
5/16/2022,2:30 PM,77,89,3,29.73,Light Rain with Thunder
5/16/2022,3:00 PM,77,83,0,29.70,Light Rain
5/16/2022,3:30 PM,77,94,2,29.67,Light Rain
5/16/2022,4:00 PM,79,89,3,29.67,Light Rain
5/16/2022,4:30 PM,79,83,3,29.67,Mostly Cloudy
5/16/2022,5:00 PM,79,89,3,29.67,Mostly Cloudy
5/16/2022,5:30 PM,79,83,3,29.67,Mostly Cloudy
5/16/2022,6:00 PM,79,83,0,29.70,Mostly Cloudy
5/16/2022,6:30 PM,79,78,5,29.70,Mostly Cloudy
5/16/2022,7:00 PM,79,78,2,29.70,Mostly Cloudy
5/16/2022,7:30 PM,79,78,0,29.70,Mostly Cloudy
5/16/2022,8:00 PM,77,89,0,29.70,Mostly Cloudy
5/16/2022,8:30 PM,77,89,0,29.70,Mostly Cloudy
5/16/2022,9:00 PM,77,89,0,29.73,Mostly Cloudy
5/16/2022,9:30 PM,77,89,0,29.73,Mostly Cloudy
5/16/2022,10:00 PM,77,94,2,29.73,Mostly Cloudy
5/16/2022,10:30 PM,77,94,2,29.73,Mostly Cloudy
5/16/2022,11:00 PM,79,89,0,29.73,Mostly Cloudy
5/16/2022,11:30 PM,77,94,0,29.73,Mostly Cloudy
5/17/2022,12:00 AM,77,94,0,29.73,Mostly Cloudy
5/17/2022,12:30 AM,77,94,0,29.73,Mostly Cloudy
5/17/2022,1:00 AM,77,94,0,29.73,Mostly Cloudy
5/17/2022,1:30 AM,77,94,0,29.70,Mostly Cloudy
5/17/2022,2:00 AM,77,94,0,29.70,Mostly Cloudy
5/17/2022,2:30 AM,75,100,0,29.70,Partly Cloudy
5/17/2022,3:00 AM,75,100,0,29.67,Partly Cloudy
5/17/2022,3:30 AM,75,94,0,29.67,Partly Cloudy
5/17/2022,4:00 AM,75,94,0,29.67,Partly Cloudy
5/17/2022,4:30 AM,75,94,0,29.67,Fair
5/17/2022,5:30 AM,75,94,0,29.70,Fair
5/17/2022,6:00 AM,75,94,0,29.70,Fair
5/17/2022,6:30 AM,75,94,0,29.70,Partly Cloudy
5/17/2022,7:00 AM,77,94,0,29.70,Partly Cloudy
5/17/2022,7:30 AM,79,89,0,29.73,Partly Cloudy
5/17/2022,8:00 AM,81,89,2,29.73,Partly Cloudy
5/17/2022,8:30 AM,82,84,2,29.73,Partly Cloudy
5/17/2022,9:00 AM,84,74,2,29.73,Fair
5/17/2022,9:30 AM,86,74,2,29.73,Fair
5/17/2022,10:00 AM,86,70,2,29.73,Partly Cloudy
5/17/2022,10:30 AM,88,66,0,29.73,Mostly Cloudy
5/17/2022,11:00 AM,88,66,2,29.73,Mostly Cloudy
5/17/2022,11:30 AM,90,62,3,29.73,Partly Cloudy
5/17/2022,12:00 PM,91,59,3,29.70,Partly Cloudy
5/17/2022,12:30 PM,91,63,6,29.70,Fair
5/17/2022,1:00 PM,93,56,5,29.67,Fair
5/17/2022,1:30 PM,93,56,5,29.67,Showers in the Vicinity
5/17/2022,2:00 PM,91,59,5,29.64,Showers in the Vicinity
5/17/2022,2:30 PM,93,59,5,29.64,Showers in the Vicinity
5/17/2022,3:00 PM,93,56,5,29.61,Partly Cloudy
5/17/2022,3:30 PM,93,52,7,29.61,Mostly Cloudy
5/17/2022,4:00 PM,93,52,7,29.61,Thunder
5/17/2022,4:30 PM,90,62,10,29.61,Thunder
5/17/2022,5:00 PM,84,70,9,29.64,Thunder
5/17/2022,5:30 PM,82,79,7,29.64,Thunder
5/17/2022,6:00 PM,81,84,5,29.67,Showers in the Vicinity
5/17/2022,6:30 PM,81,84,0,29.67,Mostly Cloudy
5/17/2022,7:00 PM,81,84,0,29.67,Mostly Cloudy
5/17/2022,7:30 PM,81,84,0,29.70,Partly Cloudy
5/17/2022,8:00 PM,81,84,0,29.70,Partly Cloudy
5/17/2022,8:30 PM,81,89,0,29.73,Partly Cloudy
5/17/2022,9:00 PM,81,89,0,29.73,Partly Cloudy
5/17/2022,9:30 PM,81,89,0,29.73,Partly Cloudy
5/17/2022,10:00 PM,81,89,0,29.76,Partly Cloudy
5/17/2022,10:30 PM,79,94,0,29.76,Partly Cloudy
5/17/2022,11:00 PM,79,94,2,29.76,Mostly Cloudy
5/17/2022,11:30 PM,79,94,0,29.76,Mostly Cloudy
5/18/2022,12:00 AM,79,94,0,29.76,Mostly Cloudy
5/18/2022,12:30 AM,79,89,0,29.76,Mostly Cloudy
5/18/2022,1:00 AM,79,94,0,29.73,Mostly Cloudy
5/18/2022,2:30 AM,79,94,0,29.70,Mostly Cloudy
5/18/2022,3:00 AM,77,100,0,29.70,Mostly Cloudy
5/18/2022,3:30 AM,77,100,0,29.70,Mostly Cloudy
5/18/2022,4:00 AM,77,100,0,29.70,Mostly Cloudy
5/18/2022,4:30 AM,77,100,0,29.70,Mostly Cloudy
5/18/2022,5:00 AM,77,100,0,29.70,Mostly Cloudy
5/18/2022,5:30 AM,77,100,0,29.70,Mostly Cloudy
5/18/2022,6:00 AM,77,94,0,29.70,Mostly Cloudy
5/18/2022,6:30 AM,77,100,0,29.73,Mostly Cloudy
5/18/2022,7:00 AM,77,100,0,29.73,Mostly Cloudy
5/18/2022,7:30 AM,79,94,0,29.76,Mostly Cloudy
5/18/2022,8:00 AM,79,94,2,29.76,Mostly Cloudy
5/18/2022,8:30 AM,79,94,0,29.76,Mostly Cloudy
5/18/2022,9:00 AM,81,89,0,29.76,Mostly Cloudy
5/18/2022,9:30 AM,82,84,0,29.76,Mostly Cloudy
5/18/2022,10:00 AM,82,84,0,29.79,Mostly Cloudy
5/18/2022,10:30 AM,84,79,0,29.76,Mostly Cloudy
5/18/2022,11:00 AM,86,74,0,29.76,Mostly Cloudy
5/18/2022,11:30 AM,86,70,0,29.76,Mostly Cloudy
5/18/2022,12:00 PM,88,70,0,29.76,Mostly Cloudy
5/18/2022,12:30 PM,88,66,0,29.73,Mostly Cloudy
5/18/2022,1:00 PM,90,66,0,29.73,Mostly Cloudy
5/18/2022,1:30 PM,88,62,3,29.70,Mostly Cloudy
5/18/2022,2:00 PM,90,62,2,29.67,Mostly Cloudy
5/18/2022,2:30 PM,90,62,2,29.67,Mostly Cloudy
5/18/2022,3:00 PM,90,59,2,29.67,Mostly Cloudy
5/18/2022,3:30 PM,91,59,2,29.64,Mostly Cloudy
5/18/2022,4:00 PM,90,59,3,29.64,Mostly Cloudy
5/18/2022,4:30 PM,90,59,2,29.64,Mostly Cloudy
5/18/2022,5:00 PM,90,59,2,29.64,Mostly Cloudy
5/18/2022,5:30 PM,90,59,2,29.64,Mostly Cloudy
5/18/2022,6:00 PM,88,66,3,29.67,Mostly Cloudy
5/18/2022,6:30 PM,86,70,7,29.67,Partly Cloudy
5/18/2022,7:00 PM,84,79,3,29.70,Partly Cloudy
5/18/2022,7:30 PM,82,84,2,29.70,Partly Cloudy
5/18/2022,8:00 PM,82,84,0,29.73,Partly Cloudy
5/18/2022,8:30 PM,82,84,0,29.73,Partly Cloudy
5/18/2022,9:00 PM,82,84,0,29.76,Partly Cloudy
5/18/2022,9:30 PM,82,84,0,29.76,Partly Cloudy
5/18/2022,10:00 PM,81,89,0,29.76,Partly Cloudy
5/18/2022,10:30 PM,79,94,0,29.79,Fair
5/18/2022,11:00 PM,79,94,0,29.79,Fair
5/18/2022,11:30 PM,79,94,0,29.79,Fair
5/19/2022,12:00 AM,79,94,0,29.76,Fair
5/19/2022,12:30 AM,79,94,0,29.76,Fair
5/19/2022,1:00 AM,79,94,0,29.76,Fair
5/19/2022,1:30 AM,77,100,0,29.76,Fair
5/19/2022,2:00 AM,77,100,0,29.76,Fair
5/19/2022,2:30 AM,77,100,0,29.73,Fair
5/19/2022,3:00 AM,77,100,0,29.73,Fair
5/19/2022,3:30 AM,77,100,0,29.73,Fair
5/19/2022,4:00 AM,77,94,0,29.73,Fair
5/19/2022,4:30 AM,77,94,0,29.73,Fair
5/19/2022,5:00 AM,77,94,0,29.73,Fair
5/19/2022,5:30 AM,75,100,0,29.73,Fair
5/19/2022,6:00 AM,75,100,0,29.73,Fair
5/19/2022,6:30 AM,77,94,0,29.76,Fair
5/19/2022,7:00 AM,77,94,0,29.76,Fair
5/19/2022,7:30 AM,79,94,0,29.76,Fair
5/19/2022,8:00 AM,81,89,0,29.76,Fair
5/19/2022,8:30 AM,82,84,0,29.79,Fair
5/19/2022,9:00 AM,86,74,0,29.79,Fair
5/19/2022,9:30 AM,86,74,0,29.79,Fair
5/19/2022,10:00 AM,88,66,0,29.76,Fair
5/19/2022,10:30 AM,90,66,3,29.76,Partly Cloudy
5/19/2022,11:00 AM,90,66,6,29.76,Partly Cloudy
5/19/2022,11:30 AM,91,59,3,29.76,Fair
5/19/2022,12:00 PM,91,59,2,29.73,Fair
5/19/2022,12:30 PM,93,56,5,29.73,Partly Cloudy
5/19/2022,1:00 PM,93,56,7,29.70,Partly Cloudy
5/19/2022,1:30 PM,93,52,8,29.70,Partly Cloudy
5/19/2022,2:00 PM,93,52,8,29.70,Partly Cloudy
5/19/2022,2:30 PM,93,52,9,29.67,Partly Cloudy
5/19/2022,3:00 PM,93,52,9,29.67,Partly Cloudy
5/19/2022,3:30 PM,93,52,10,29.67,Fair
5/19/2022,4:00 PM,93,49,10,29.64,Partly Cloudy
5/19/2022,4:30 PM,91,55,8,29.67,Partly Cloudy
5/19/2022,5:00 PM,91,55,8,29.67,Partly Cloudy
5/19/2022,5:30 PM,90,59,8,29.67,Partly Cloudy
5/19/2022,6:00 PM,88,62,8,29.67,Partly Cloudy
5/19/2022,6:30 PM,88,62,8,29.70,Partly Cloudy
5/19/2022,7:00 PM,86,66,6,29.70,Partly Cloudy
5/19/2022,7:30 PM,86,66,5,29.73,Partly Cloudy
5/19/2022,8:00 PM,84,70,6,29.73,Partly Cloudy
5/19/2022,8:30 PM,84,70,3,29.76,Partly Cloudy
5/19/2022,9:00 PM,82,74,0,29.76,Partly Cloudy
5/19/2022,9:30 PM,82,74,2,29.76,Partly Cloudy
5/19/2022,10:00 PM,82,79,2,29.76,Partly Cloudy
5/19/2022,10:30 PM,81,84,0,29.79,Partly Cloudy
5/19/2022,11:00 PM,79,89,0,29.79,Partly Cloudy
5/19/2022,11:30 PM,79,94,0,29.76,Fair
5/20/2022,12:00 AM,79,89,0,29.76,Fair
5/20/2022,12:30 AM,79,89,0,29.76,Fair
5/20/2022,1:00 AM,79,89,0,29.76,Fair
5/20/2022,1:30 AM,77,94,0,29.73,Fair
5/20/2022,2:00 AM,77,94,0,29.73,Fair
5/20/2022,2:30 AM,77,94,0,29.70,Fair
5/20/2022,3:00 AM,77,94,0,29.70,Fair
5/20/2022,3:30 AM,77,94,0,29.70,Fair
5/20/2022,4:00 AM,77,94,0,29.70,Fair
5/20/2022,4:30 AM,77,94,0,29.70,Fair
5/20/2022,5:00 AM,77,94,0,29.70,Fair
5/20/2022,5:30 AM,77,94,0,29.73,Fair
5/20/2022,6:00 AM,77,94,0,29.73,Fair
5/20/2022,6:30 AM,77,94,0,29.73,Fair
5/20/2022,7:00 AM,77,94,0,29.76,Fair
5/20/2022,7:30 AM,81,89,0,29.76,Fair
5/20/2022,8:00 AM,82,84,0,29.76,Fair
5/20/2022,8:30 AM,84,79,0,29.76,Fair
5/20/2022,9:00 AM,86,74,0,29.76,Fair
5/20/2022,9:30 AM,90,70,5,29.76,Fair
5/20/2022,10:00 AM,90,62,5,29.76,Partly Cloudy
5/20/2022,10:30 AM,90,62,5,29.76,Partly Cloudy
5/20/2022,11:00 AM,90,59,5,29.73,Partly Cloudy
5/20/2022,11:30 AM,91,52,5,29.73,Partly Cloudy
5/20/2022,12:00 PM,93,52,8,29.70,Partly Cloudy
5/20/2022,12:30 PM,93,49,9,29.70,Partly Cloudy
5/20/2022,1:00 PM,93,52,9,29.67,Partly Cloudy
5/20/2022,1:30 PM,93,49,12,29.67,Partly Cloudy
5/20/2022,2:00 PM,95,47,14,29.67,Fair
5/20/2022,2:30 PM,93,49,12,29.64,Fair
5/20/2022,3:00 PM,91,55,10,29.64,Fair
5/20/2022,3:30 PM,93,56,12,29.64,Fair
5/20/2022,4:00 PM,91,59,12,29.64,Fair
5/20/2022,4:30 PM,81,79,17,29.67,Light Rain
5/20/2022,5:00 PM,82,79,0,29.64,Mostly Cloudy
5/20/2022,5:30 PM,81,74,5,29.64,Partly Cloudy
5/20/2022,6:00 PM,82,79,5,29.67,Partly Cloudy
5/20/2022,6:30 PM,82,79,2,29.67,Partly Cloudy
5/20/2022,7:00 PM,82,79,6,29.67,Partly Cloudy
5/20/2022,7:30 PM,82,79,2,29.67,Partly Cloudy
5/20/2022,8:00 PM,82,70,7,29.67,Mostly Cloudy
5/20/2022,8:30 PM,82,70,5,29.70,Partly Cloudy
5/20/2022,9:00 PM,81,79,0,29.70,Partly Cloudy
5/20/2022,9:30 PM,81,79,2,29.70,Partly Cloudy
5/20/2022,10:00 PM,79,89,0,29.73,Fair
5/20/2022,10:30 PM,81,84,5,29.73,Fair
5/20/2022,11:00 PM,81,84,0,29.73,Partly Cloudy
5/20/2022,11:30 PM,81,84,0,29.73,Mostly Cloudy
5/21/2022,12:00 AM,79,89,0,29.70,Mostly Cloudy
5/21/2022,12:30 AM,79,94,0,29.70,Partly Cloudy
5/21/2022,1:00 AM,79,94,0,29.70,Partly Cloudy
5/21/2022,1:30 AM,79,94,0,29.70,Partly Cloudy
5/21/2022,2:00 AM,79,94,0,29.67,Partly Cloudy
5/21/2022,2:30 AM,79,94,0,29.67,Partly Cloudy
5/21/2022,3:00 AM,79,94,0,29.67,Partly Cloudy
5/21/2022,3:30 AM,79,94,0,29.67,Partly Cloudy
5/21/2022,4:00 AM,77,100,0,29.67,Partly Cloudy
5/21/2022,4:30 AM,77,100,0,29.67,Partly Cloudy
5/21/2022,5:00 AM,77,100,0,29.67,Partly Cloudy
5/21/2022,5:30 AM,77,100,0,29.67,Light Rain
5/21/2022,6:00 AM,77,100,0,29.67,Mostly Cloudy
5/21/2022,6:30 AM,77,100,0,29.67,Mostly Cloudy
5/21/2022,7:00 AM,79,94,0,29.67,Partly Cloudy
5/21/2022,7:30 AM,81,89,3,29.70,Fair
5/21/2022,8:00 AM,82,84,0,29.70,Fair
5/21/2022,8:30 AM,84,79,2,29.70,Fair
5/21/2022,9:00 AM,86,79,3,29.70,Fair
5/21/2022,9:30 AM,86,74,7,29.70,Partly Cloudy
5/21/2022,10:00 AM,90,66,9,29.70,Partly Cloudy
5/21/2022,10:30 AM,88,66,14,29.70,Mostly Cloudy
5/21/2022,11:00 AM,90,62,13,29.70,Mostly Cloudy
5/21/2022,11:30 AM,90,62,14,29.67,Partly Cloudy
5/21/2022,12:00 PM,90,62,14,29.67,Partly Cloudy
5/21/2022,12:30 PM,91,55,14,29.67,Partly Cloudy
5/21/2022,1:00 PM,91,52,13,29.64,Partly Cloudy
5/21/2022,1:30 PM,91,55,13,29.64,Partly Cloudy
5/21/2022,2:00 PM,91,59,14,29.64,Partly Cloudy
5/21/2022,2:30 PM,91,52,15,29.61,Partly Cloudy
5/21/2022,3:00 PM,91,55,13,29.61,Fair
5/21/2022,3:30 PM,91,55,13,29.61,Fair
5/21/2022,4:00 PM,91,49,14,29.58,Fair
5/21/2022,4:30 PM,91,52,12,29.61,Fair
5/21/2022,5:00 PM,90,59,10,29.61,Partly Cloudy
5/21/2022,5:30 PM,90,59,9,29.61,Partly Cloudy
5/21/2022,6:00 PM,88,62,10,29.61,Partly Cloudy
5/21/2022,6:30 PM,86,66,3,29.64,Partly Cloudy
5/21/2022,7:00 PM,86,66,7,29.64,Partly Cloudy
5/21/2022,7:30 PM,86,66,5,29.64,Partly Cloudy
5/21/2022,8:00 PM,84,70,3,29.67,Fair
5/21/2022,8:30 PM,82,74,6,29.67,Fair
5/21/2022,9:00 PM,81,79,6,29.67,Fair
5/21/2022,9:30 PM,81,79,3,29.67,Fair
5/21/2022,10:00 PM,79,83,0,29.67,Fair
5/21/2022,10:30 PM,79,83,3,29.70,Fair
5/21/2022,11:00 PM,79,83,0,29.67,Fair
5/21/2022,11:30 PM,77,89,2,29.67,Fair
5/22/2022,12:00 AM,77,89,2,29.67,Partly Cloudy
5/22/2022,12:30 AM,77,89,0,29.64,Fair
5/22/2022,1:00 AM,77,89,0,29.64,Fair
5/22/2022,1:30 AM,77,89,0,29.64,Fair
5/22/2022,2:00 AM,77,89,0,29.61,Fair
5/22/2022,2:30 AM,77,89,0,29.61,Fair
5/22/2022,3:00 AM,77,94,0,29.61,Fair
5/22/2022,3:30 AM,77,89,2,29.61,Fair
5/22/2022,4:00 AM,77,94,0,29.58,Fair
5/22/2022,4:30 AM,77,94,0,29.58,Fair
5/22/2022,5:00 AM,77,94,0,29.61,Fair
5/22/2022,5:30 AM,77,94,2,29.61,Fair
5/22/2022,6:00 AM,77,94,0,29.61,Partly Cloudy
5/22/2022,6:30 AM,79,89,5,29.61,Mostly Cloudy
5/22/2022,7:00 AM,81,84,3,29.64,Mostly Cloudy
5/22/2022,7:30 AM,82,84,2,29.64,Mostly Cloudy
5/22/2022,8:00 AM,84,79,5,29.64,Mostly Cloudy
5/22/2022,8:30 AM,86,74,5,29.64,Partly Cloudy
5/22/2022,9:00 AM,86,74,6,29.67,Partly Cloudy
5/22/2022,9:30 AM,88,66,13,29.67,Partly Cloudy
5/22/2022,10:00 AM,90,62,14,29.64,Partly Cloudy
5/22/2022,10:30 AM,91,59,13,29.64,Partly Cloudy
5/22/2022,11:00 AM,91,59,15,29.64,Partly Cloudy
5/22/2022,11:30 AM,91,55,14,29.64,Mostly Cloudy
5/22/2022,12:00 PM,90,62,9,29.61,Mostly Cloudy
5/22/2022,12:30 PM,91,55,10,29.61,Mostly Cloudy
5/22/2022,1:00 PM,90,62,12,29.61,Light Rain
5/22/2022,1:30 PM,88,66,14,29.58,Mostly Cloudy
5/22/2022,2:00 PM,88,66,12,29.58,Mostly Cloudy
5/22/2022,2:30 PM,90,62,9,29.58,Mostly Cloudy
5/22/2022,3:00 PM,90,62,9,29.55,Mostly Cloudy
5/22/2022,3:30 PM,91,59,10,29.55,Mostly Cloudy
5/22/2022,4:00 PM,90,62,10,29.55,Mostly Cloudy
5/22/2022,4:30 PM,90,62,9,29.55,Partly Cloudy
5/22/2022,5:00 PM,90,59,14,29.55,Partly Cloudy
5/22/2022,5:30 PM,90,55,15,29.55,Partly Cloudy
5/22/2022,6:00 PM,88,58,12,29.55,Partly Cloudy
5/22/2022,6:30 PM,86,66,12,29.58,Fair
5/22/2022,7:00 PM,86,66,8,29.58,Fair
5/22/2022,7:30 PM,84,70,6,29.61,Fair
5/22/2022,8:00 PM,84,70,6,29.61,Fair
5/22/2022,8:30 PM,82,74,2,29.64,Fair
5/22/2022,9:00 PM,82,79,5,29.64,Fair
5/22/2022,9:30 PM,82,79,3,29.64,Fair
5/22/2022,10:00 PM,82,79,2,29.64,Fair
5/22/2022,10:30 PM,82,79,2,29.64,Fair
5/22/2022,11:00 PM,82,79,2,29.64,Fair
5/22/2022,11:30 PM,81,84,0,29.64,Fair
5/23/2022,12:00 AM,81,84,0,29.64,Fair
5/23/2022,12:30 AM,81,84,0,29.64,Fair
5/23/2022,1:00 AM,79,94,0,29.64,Fair
5/23/2022,1:30 AM,79,94,0,29.61,Fair
5/23/2022,2:00 AM,81,89,0,29.61,Partly Cloudy
5/23/2022,2:30 AM,81,89,0,29.61,Mostly Cloudy
5/23/2022,3:00 AM,81,89,2,29.61,Mostly Cloudy
5/23/2022,3:30 AM,81,89,0,29.61,Mostly Cloudy
5/23/2022,4:00 AM,79,94,0,29.61,Mostly Cloudy
5/23/2022,4:30 AM,79,94,0,29.61,Mostly Cloudy
5/23/2022,5:00 AM,79,94,3,29.61,Partly Cloudy
5/23/2022,5:30 AM,79,94,5,29.61,Fair
5/23/2022,6:00 AM,79,94,0,29.61,Mostly Cloudy
5/23/2022,6:30 AM,79,94,0,29.61,Mostly Cloudy
5/23/2022,7:00 AM,79,94,0,29.64,Mostly Cloudy
5/23/2022,7:30 AM,79,94,0,29.64,Mostly Cloudy
5/23/2022,8:00 AM,81,94,0,29.64,Mostly Cloudy
5/23/2022,8:30 AM,84,84,2,29.64,Mostly Cloudy
5/23/2022,9:00 AM,84,79,3,29.67,Mostly Cloudy
5/23/2022,9:30 AM,86,74,5,29.67,Mostly Cloudy
5/23/2022,10:00 AM,88,70,5,29.67,Mostly Cloudy
5/23/2022,10:30 AM,88,75,6,29.67,Mostly Cloudy
5/23/2022,11:00 AM,90,66,7,29.64,Mostly Cloudy
5/23/2022,11:30 AM,91,55,12,29.64,Partly Cloudy
5/23/2022,12:00 PM,91,59,10,29.64,Partly Cloudy
5/23/2022,12:30 PM,93,56,9,29.61,Partly Cloudy
5/23/2022,1:00 PM,91,55,10,29.61,Partly Cloudy
5/23/2022,1:30 PM,93,52,12,29.61,Partly Cloudy
5/23/2022,2:00 PM,93,52,10,29.58,Partly Cloudy
5/23/2022,2:30 PM,93,52,8,29.58,Mostly Cloudy
5/23/2022,3:00 PM,93,49,8,29.58,Mostly Cloudy
5/23/2022,3:30 PM,93,52,8,29.58,Mostly Cloudy
5/23/2022,4:00 PM,93,49,9,29.58,Mostly Cloudy
5/23/2022,4:30 PM,91,52,8,29.58,Mostly Cloudy
5/23/2022,5:00 PM,90,59,6,29.58,Partly Cloudy
5/23/2022,5:30 PM,90,59,7,29.58,Fair
5/23/2022,6:00 PM,88,66,5,29.58,Fair
5/23/2022,6:30 PM,86,66,7,29.58,Fair
5/23/2022,7:00 PM,86,66,5,29.58,Fair
5/23/2022,7:30 PM,84,70,3,29.61,Fair
5/23/2022,8:00 PM,84,74,3,29.61,Fair
5/23/2022,8:30 PM,82,79,3,29.64,Fair
5/23/2022,9:00 PM,82,79,3,29.64,Fair
5/23/2022,9:30 PM,81,84,5,29.64,Fair
5/23/2022,10:00 PM,81,84,2,29.67,Fair
5/23/2022,10:30 PM,79,89,0,29.67,Fair
5/23/2022,11:00 PM,79,94,0,29.67,Fair
5/23/2022,11:30 PM,79,94,0,29.67,Fair
5/24/2022,12:00 AM,79,94,0,29.67,Fair
5/24/2022,12:30 AM,79,89,0,29.67,Fair
5/24/2022,1:00 AM,79,89,0,29.67,Fair
5/24/2022,1:30 AM,77,94,0,29.64,Fair
5/24/2022,2:00 AM,77,94,0,29.64,Fair
5/24/2022,2:30 AM,77,94,0,29.64,Fair
5/24/2022,3:00 AM,77,94,0,29.64,Fair
5/24/2022,3:30 AM,77,94,0,29.64,Fair
5/24/2022,4:00 AM,77,94,0,29.64,Fair
5/24/2022,4:30 AM,75,100,0,29.67,Fair
5/24/2022,5:00 AM,75,100,0,29.67,Fair
5/24/2022,5:30 AM,75,100,0,29.67,Fair
5/24/2022,6:00 AM,75,100,0,29.70,Fair
5/24/2022,6:30 AM,75,100,0,29.70,Fair
5/24/2022,7:00 AM,77,94,0,29.70,Fair
5/24/2022,7:30 AM,81,84,0,29.73,Fair
5/24/2022,8:00 AM,82,79,0,29.73,Fair
5/24/2022,8:30 AM,84,79,2,29.73,Fair
5/24/2022,9:00 AM,86,74,0,29.73,Fair
5/24/2022,9:30 AM,88,66,2,29.73,Fair
5/24/2022,10:00 AM,90,55,2,29.73,Fair
5/24/2022,10:30 AM,91,52,0,29.73,Fair
5/24/2022,11:00 AM,91,52,3,29.73,Fair
5/24/2022,11:30 AM,91,55,0,29.70,Fair
5/24/2022,12:00 PM,93,52,0,29.70,Partly Cloudy
5/24/2022,12:30 PM,93,49,6,29.70,Partly Cloudy
5/24/2022,1:00 PM,95,49,5,29.67,Partly Cloudy
5/24/2022,1:30 PM,93,49,8,29.67,Partly Cloudy
5/24/2022,2:00 PM,93,49,5,29.64,Partly Cloudy
5/24/2022,2:30 PM,95,47,3,29.64,Partly Cloudy
5/24/2022,3:00 PM,97,44,6,29.64,Partly Cloudy
5/24/2022,3:30 PM,95,47,5,29.64,Partly Cloudy
5/24/2022,4:00 PM,97,44,6,29.64,Partly Cloudy
5/24/2022,4:30 PM,95,49,7,29.64,Partly Cloudy
5/24/2022,5:00 PM,95,47,9,29.64,Partly Cloudy
5/24/2022,5:30 PM,91,63,8,29.64,Fair
5/24/2022,6:00 PM,90,66,7,29.64,Fair
5/24/2022,6:30 PM,90,66,0,29.67,Fair
5/24/2022,7:00 PM,88,70,0,29.67,Fair
5/24/2022,7:30 PM,86,74,0,29.70,Fair
5/24/2022,8:00 PM,86,74,0,29.70,Fair
5/24/2022,8:30 PM,84,79,0,29.73,Fair
5/24/2022,9:00 PM,84,79,0,29.73,Fair
5/24/2022,9:30 PM,84,79,0,29.76,Fair
5/24/2022,10:00 PM,82,84,0,29.76,Fair
5/24/2022,10:30 PM,82,84,0,29.76,Fair
5/24/2022,11:00 PM,81,89,0,29.76,Partly Cloudy
5/24/2022,11:30 PM,81,89,0,29.76,Partly Cloudy
5/25/2022,12:00 AM,81,89,0,29.76,Fair
5/25/2022,12:30 AM,79,94,0,29.76,Fair
5/25/2022,1:00 AM,81,89,0,29.76,Partly Cloudy
5/25/2022,1:30 AM,81,89,0,29.73,Partly Cloudy
5/25/2022,2:00 AM,79,94,0,29.73,Fair
5/25/2022,2:30 AM,79,94,0,29.70,Fair
5/25/2022,3:00 AM,77,100,0,29.70,Fair
5/25/2022,3:30 AM,77,100,0,29.70,Fair
5/25/2022,4:00 AM,77,94,0,29.73,Fair
5/25/2022,4:30 AM,77,94,0,29.73,Fair
5/25/2022,5:00 AM,77,94,0,29.73,Fair
5/25/2022,5:30 AM,75,94,0,29.73,Fair
5/25/2022,6:00 AM,75,94,0,29.73,Fair
5/25/2022,6:30 AM,77,89,0,29.76,Fair
5/25/2022,7:00 AM,77,89,0,29.76,Partly Cloudy
5/25/2022,7:30 AM,79,89,0,29.76,Partly Cloudy
5/25/2022,8:00 AM,81,84,0,29.76,Partly Cloudy
5/25/2022,8:30 AM,82,79,0,29.79,Mostly Cloudy
5/25/2022,9:00 AM,82,79,0,29.79,Mostly Cloudy
5/25/2022,9:30 AM,84,74,0,29.79,Mostly Cloudy
5/25/2022,10:00 AM,86,74,0,29.79,Mostly Cloudy
5/25/2022,10:30 AM,88,70,0,29.79,Mostly Cloudy
5/25/2022,11:00 AM,90,62,5,29.79,Partly Cloudy
5/25/2022,11:30 AM,91,59,6,29.76,Partly Cloudy
5/25/2022,12:00 PM,91,55,6,29.76,Partly Cloudy
5/25/2022,12:30 PM,93,52,6,29.73,Partly Cloudy
5/25/2022,1:00 PM,93,52,8,29.73,Partly Cloudy
5/25/2022,1:30 PM,93,56,8,29.70,Partly Cloudy
5/25/2022,2:00 PM,93,52,13,29.70,Partly Cloudy
5/25/2022,2:30 PM,93,49,13,29.67,Showers in the Vicinity
5/25/2022,3:00 PM,91,55,10,29.67,Showers in the Vicinity
5/25/2022,3:30 PM,88,62,5,29.67,Showers in the Vicinity
5/25/2022,4:00 PM,86,70,3,29.67,Showers in the Vicinity
5/25/2022,4:30 PM,84,66,10,29.67,Showers in the Vicinity
5/25/2022,5:00 PM,84,66,3,29.70,Mostly Cloudy
5/25/2022,5:30 PM,82,74,2,29.70,Mostly Cloudy
5/25/2022,6:00 PM,82,70,2,29.70,Light Rain
5/25/2022,6:30 PM,81,79,3,29.70,Light Rain
5/25/2022,7:00 PM,79,83,7,29.73,Light Rain
5/25/2022,7:30 PM,79,83,10,29.73,Light Rain
5/25/2022,8:00 PM,79,83,3,29.76,Mostly Cloudy
5/25/2022,8:30 PM,77,94,2,29.76,Mostly Cloudy
5/25/2022,9:00 PM,77,94,2,29.76,Mostly Cloudy
5/25/2022,9:30 PM,77,94,2,29.76,Mostly Cloudy
5/25/2022,10:00 PM,77,94,0,29.76,Mostly Cloudy
5/25/2022,10:30 PM,77,94,2,29.76,Mostly Cloudy
5/25/2022,11:00 PM,77,94,0,29.76,Mostly Cloudy
5/25/2022,11:30 PM,75,94,0,29.76,Mostly Cloudy
5/26/2022,12:00 AM,75,100,0,29.73,Mostly Cloudy
5/26/2022,12:30 AM,75,94,0,29.73,Partly Cloudy
5/26/2022,1:00 AM,75,94,0,29.70,Partly Cloudy
5/26/2022,1:30 AM,75,94,0,29.70,Partly Cloudy
5/26/2022,2:00 AM,75,94,0,29.70,Partly Cloudy
5/26/2022,2:30 AM,75,94,0,29.67,Fair
5/26/2022,3:00 AM,75,94,0,29.70,Fair
5/26/2022,3:30 AM,75,94,0,29.67,Fair
5/26/2022,4:00 AM,75,94,0,29.67,Fair
5/26/2022,4:30 AM,75,94,0,29.67,Fair
5/26/2022,5:00 AM,75,94,0,29.70,Fair
5/26/2022,5:30 AM,75,94,0,29.70,Fair
5/26/2022,6:00 AM,75,94,0,29.70,Fair
5/26/2022,6:30 AM,75,100,0,29.70,Fair
5/26/2022,7:00 AM,77,94,0,29.70,Fair
5/26/2022,7:30 AM,77,94,0,29.73,Fair
5/26/2022,8:00 AM,81,89,0,29.73,Fair
5/26/2022,8:30 AM,82,84,0,29.73,Fair
5/26/2022,9:00 AM,84,79,0,29.73,Fair
5/26/2022,9:30 AM,86,74,0,29.73,Partly Cloudy
5/26/2022,10:00 AM,88,66,2,29.73,Partly Cloudy
5/26/2022,10:30 AM,90,62,5,29.73,Partly Cloudy
5/26/2022,11:00 AM,91,55,3,29.73,Fair
5/26/2022,11:30 AM,91,55,7,29.70,Partly Cloudy
5/26/2022,12:00 PM,91,55,12,29.70,Mostly Cloudy
5/26/2022,12:30 PM,91,52,13,29.70,Partly Cloudy
5/26/2022,1:00 PM,91,52,14,29.70,Partly Cloudy
5/26/2022,1:30 PM,91,52,10,29.67,Partly Cloudy
5/26/2022,2:00 PM,91,55,13,29.67,Partly Cloudy
5/26/2022,2:30 PM,91,55,13,29.64,Partly Cloudy
5/26/2022,3:00 PM,91,55,13,29.64,Partly Cloudy
5/26/2022,3:30 PM,91,55,10,29.64,Partly Cloudy
5/26/2022,4:00 PM,90,59,12,29.61,Partly Cloudy
5/26/2022,4:30 PM,90,59,10,29.61,Partly Cloudy
5/26/2022,5:00 PM,90,59,9,29.64,Partly Cloudy
5/26/2022,5:30 PM,88,62,9,29.64,Partly Cloudy
5/26/2022,6:00 PM,88,62,8,29.64,Fair
5/26/2022,6:30 PM,86,66,8,29.64,Fair
5/26/2022,7:00 PM,86,70,8,29.64,Fair
5/26/2022,7:30 PM,84,74,7,29.64,Fair
5/26/2022,8:00 PM,84,70,9,29.67,Fair
5/26/2022,8:30 PM,84,74,7,29.67,Fair
5/26/2022,9:00 PM,84,74,7,29.70,Fair
5/26/2022,9:30 PM,84,74,5,29.70,Fair
5/26/2022,10:00 PM,84,74,7,29.70,Fair
5/26/2022,10:30 PM,82,79,6,29.73,Fair
5/26/2022,11:00 PM,82,79,2,29.73,Fair
5/26/2022,11:30 PM,81,84,3,29.70,Fair
5/27/2022,12:00 AM,82,79,6,29.70,Fair
5/27/2022,12:30 AM,82,79,6,29.70,Fair
5/27/2022,1:00 AM,82,74,0,29.70,Fair
5/27/2022,1:30 AM,81,84,0,29.70,Fair
5/27/2022,2:00 AM,79,89,0,29.67,Fair
5/27/2022,2:30 AM,79,89,0,29.67,Fair
5/27/2022,3:00 AM,79,89,0,29.67,Fair
5/27/2022,3:30 AM,77,94,0,29.67,Fair
5/27/2022,4:00 AM,77,94,0,29.64,Fair
5/27/2022,4:30 AM,77,94,0,29.64,Fair
5/27/2022,5:00 AM,77,94,0,29.64,Fair
5/27/2022,5:30 AM,77,94,0,29.64,Fair
5/27/2022,6:00 AM,75,100,0,29.64,Partly Cloudy
5/27/2022,6:30 AM,75,100,0,29.64,Mostly Cloudy
5/27/2022,7:00 AM,77,94,0,29.64,Mostly Cloudy
5/27/2022,7:30 AM,79,94,0,29.67,Mostly Cloudy
5/27/2022,8:00 AM,82,84,0,29.67,Mostly Cloudy
5/27/2022,8:30 AM,82,84,0,29.67,Mostly Cloudy
5/27/2022,9:00 AM,86,74,0,29.70,Mostly Cloudy
5/27/2022,9:30 AM,88,70,0,29.70,Partly Cloudy
5/27/2022,10:00 AM,88,66,3,29.70,Partly Cloudy
5/27/2022,10:30 AM,90,62,7,29.67,Partly Cloudy
5/27/2022,11:00 AM,91,59,7,29.67,Partly Cloudy
5/27/2022,11:30 AM,91,55,9,29.67,Partly Cloudy
5/27/2022,12:00 PM,91,55,8,29.67,Mostly Cloudy
5/27/2022,12:30 PM,91,59,8,29.64,Mostly Cloudy
5/27/2022,1:00 PM,91,55,10,29.64,Partly Cloudy
5/27/2022,1:30 PM,90,52,14,29.64,Showers in the Vicinity
5/27/2022,2:00 PM,90,62,15,29.64,Showers in the Vicinity
5/27/2022,2:30 PM,90,62,14,29.61,Mostly Cloudy
5/27/2022,3:00 PM,88,70,10,29.61,Partly Cloudy
5/27/2022,3:30 PM,88,70,12,29.61,Partly Cloudy
5/27/2022,4:00 PM,86,70,7,29.61,Mostly Cloudy
5/27/2022,4:30 PM,86,70,10,29.61,Mostly Cloudy
5/27/2022,5:00 PM,86,70,9,29.61,Mostly Cloudy
5/27/2022,5:30 PM,86,66,8,29.61,Mostly Cloudy
5/27/2022,6:00 PM,84,74,6,29.61,Partly Cloudy
5/27/2022,6:30 PM,84,70,0,29.64,Partly Cloudy
5/27/2022,7:00 PM,84,70,0,29.64,Partly Cloudy
5/27/2022,7:30 PM,84,70,5,29.64,Partly Cloudy
5/27/2022,8:00 PM,84,70,6,29.67,Mostly Cloudy
5/27/2022,8:30 PM,82,79,6,29.67,Mostly Cloudy
5/27/2022,9:00 PM,81,89,0,29.70,Mostly Cloudy
5/27/2022,9:30 PM,81,84,3,29.70,Mostly Cloudy
5/27/2022,10:00 PM,81,84,0,29.70,Mostly Cloudy
5/27/2022,10:30 PM,79,89,0,29.70,Partly Cloudy
5/27/2022,11:00 PM,79,89,0,29.70,Partly Cloudy
5/27/2022,11:30 PM,81,84,2,29.70,Partly Cloudy
5/28/2022,12:00 AM,79,89,0,29.67,Partly Cloudy
5/28/2022,12:30 AM,79,94,0,29.67,Partly Cloudy
5/28/2022,1:00 AM,77,100,0,29.67,Partly Cloudy
5/28/2022,1:30 AM,77,100,0,29.67,Partly Cloudy
5/28/2022,2:00 AM,77,100,0,29.64,Partly Cloudy
5/28/2022,2:30 AM,77,94,0,29.64,Partly Cloudy
5/28/2022,3:00 AM,77,94,0,29.64,Partly Cloudy
5/28/2022,3:30 AM,77,94,0,29.64,Fair
5/28/2022,4:00 AM,77,94,0,29.61,Fair
5/28/2022,4:30 AM,77,94,0,29.61,Fair
5/28/2022,5:00 AM,77,94,0,29.64,Fair
5/28/2022,5:30 AM,77,94,0,29.64,Fair
5/28/2022,6:00 AM,75,100,0,29.64,Partly Cloudy
5/28/2022,6:30 AM,75,100,0,29.67,Partly Cloudy
5/28/2022,7:00 AM,79,89,0,29.64,Partly Cloudy
5/28/2022,7:30 AM,79,94,0,29.67,Partly Cloudy
5/28/2022,8:00 AM,82,84,0,29.67,Partly Cloudy
5/28/2022,8:30 AM,84,79,0,29.67,Partly Cloudy
5/28/2022,9:00 AM,84,79,0,29.67,Light Rain
5/28/2022,9:30 AM,81,89,8,29.70,Light Rain
5/28/2022,10:00 AM,82,84,7,29.70,Mostly Cloudy
5/28/2022,10:30 AM,82,79,9,29.70,Showers in the Vicinity
5/28/2022,11:00 AM,88,70,10,29.70,Mostly Cloudy
5/28/2022,11:30 AM,88,66,14,29.67,Mostly Cloudy
5/28/2022,12:00 PM,90,62,17,29.67,Mostly Cloudy
5/28/2022,12:30 PM,81,79,26,29.70,Light Rain / Windy
5/28/2022,1:00 PM,79,89,0,29.67,Light Rain
5/28/2022,1:30 PM,81,89,0,29.67,Light Rain
5/28/2022,2:00 PM,86,74,8,29.64,Mostly Cloudy
5/28/2022,2:30 PM,86,70,15,29.67,Heavy Rain
5/28/2022,3:00 PM,81,79,6,29.64,Light Rain
5/28/2022,3:30 PM,82,79,9,29.64,Light Rain
5/28/2022,4:00 PM,84,74,9,29.64,Mostly Cloudy
5/28/2022,4:30 PM,84,74,7,29.61,Mostly Cloudy
5/28/2022,5:00 PM,84,70,8,29.64,Mostly Cloudy
5/28/2022,5:30 PM,84,70,9,29.64,Mostly Cloudy
5/28/2022,6:00 PM,84,70,8,29.64,Mostly Cloudy
5/28/2022,6:30 PM,82,79,13,29.67,Light Rain
5/28/2022,7:00 PM,81,74,13,29.67,Mostly Cloudy
5/28/2022,7:30 PM,81,74,7,29.67,Mostly Cloudy
5/28/2022,8:00 PM,79,83,8,29.70,Light Rain
5/28/2022,8:30 PM,79,78,7,29.67,Mostly Cloudy
5/28/2022,9:00 PM,79,78,2,29.67,Mostly Cloudy
5/28/2022,9:30 PM,79,83,2,29.67,Mostly Cloudy
5/28/2022,10:00 PM,79,83,3,29.67,Mostly Cloudy
5/28/2022,10:30 PM,79,83,3,29.70,Mostly Cloudy
5/28/2022,11:00 PM,77,94,5,29.70,Mostly Cloudy
5/28/2022,11:30 PM,77,94,3,29.70,Partly Cloudy
5/29/2022,12:00 AM,77,94,3,29.70,Partly Cloudy
5/29/2022,12:30 AM,77,94,3,29.67,Partly Cloudy
5/29/2022,1:00 AM,77,94,5,29.67,Partly Cloudy
5/29/2022,1:30 AM,79,89,2,29.67,Partly Cloudy
5/29/2022,2:00 AM,77,94,0,29.67,Partly Cloudy
5/29/2022,2:30 AM,77,94,0,29.64,Light Rain
5/29/2022,3:00 AM,77,94,3,29.64,Mostly Cloudy
5/29/2022,3:30 AM,79,94,5,29.64,Light Rain
5/29/2022,4:00 AM,79,89,5,29.64,Mostly Cloudy
5/29/2022,4:30 AM,77,94,0,29.64,Light Rain
5/29/2022,5:00 AM,77,89,0,29.64,Mostly Cloudy
5/29/2022,5:30 AM,77,94,0,29.64,Mostly Cloudy
5/29/2022,6:00 AM,77,94,0,29.64,Partly Cloudy
5/29/2022,6:30 AM,77,94,0,29.64,Partly Cloudy
5/29/2022,7:00 AM,77,94,2,29.67,Partly Cloudy
5/29/2022,7:30 AM,82,79,8,29.67,Light Rain
5/29/2022,8:00 AM,81,89,7,29.70,Light Rain
5/29/2022,8:30 AM,81,84,8,29.70,Mostly Cloudy
5/29/2022,9:00 AM,82,79,7,29.70,Fair
5/29/2022,9:30 AM,86,74,8,29.70,Partly Cloudy
5/29/2022,10:00 AM,86,70,7,29.70,Partly Cloudy
5/29/2022,10:30 AM,88,66,8,29.70,Partly Cloudy
5/29/2022,11:00 AM,90,62,10,29.67,Partly Cloudy
5/29/2022,11:30 AM,79,89,20,29.70,Light Rain
5/29/2022,12:00 PM,79,89,10,29.70,Light Rain
5/29/2022,12:30 PM,79,83,5,29.67,Light Rain
5/29/2022,1:00 PM,81,79,5,29.64,Light Rain
5/29/2022,1:30 PM,82,84,3,29.67,Light Rain
5/29/2022,2:00 PM,77,89,9,29.67,Light Rain
5/29/2022,2:30 PM,77,94,3,29.67,Light Rain
5/29/2022,3:00 PM,79,89,0,29.64,Light Rain
5/29/2022,3:30 PM,79,94,0,29.64,Light Rain
5/29/2022,4:00 PM,79,94,2,29.64,Light Rain
5/29/2022,4:30 PM,79,89,3,29.64,Light Rain
5/29/2022,5:00 PM,79,94,5,29.67,Light Rain
5/29/2022,5:30 PM,77,94,3,29.67,Rain
5/29/2022,6:00 PM,77,94,0,29.67,Light Rain
5/29/2022,6:30 PM,77,94,0,29.67,Light Rain
5/29/2022,7:00 PM,75,100,2,29.70,Light Rain
5/29/2022,7:30 PM,77,94,0,29.70,Mostly Cloudy
5/29/2022,8:00 PM,75,100,0,29.70,Mostly Cloudy
5/29/2022,8:30 PM,77,94,0,29.70,Mostly Cloudy
5/29/2022,9:00 PM,77,94,0,29.70,Mostly Cloudy
5/29/2022,9:30 PM,77,94,0,29.70,Mostly Cloudy
5/29/2022,10:00 PM,77,94,0,29.70,Mostly Cloudy
5/29/2022,10:30 PM,77,94,0,29.70,Mostly Cloudy
5/29/2022,11:00 PM,77,94,3,29.70,Mostly Cloudy
5/29/2022,11:30 PM,77,94,3,29.70,Mostly Cloudy
5/30/2022,12:00 AM,75,100,0,29.70,Mostly Cloudy
5/30/2022,12:30 AM,75,100,0,29.67,Mostly Cloudy
5/30/2022,1:00 AM,75,100,0,29.67,Mostly Cloudy
5/30/2022,1:30 AM,75,100,0,29.67,Mostly Cloudy
5/30/2022,2:00 AM,75,100,0,29.64,Mostly Cloudy
5/30/2022,2:30 AM,77,94,2,29.64,Mostly Cloudy
5/30/2022,3:00 AM,77,94,6,29.64,Mostly Cloudy
5/30/2022,3:30 AM,77,94,5,29.64,Mostly Cloudy
5/30/2022,4:00 AM,77,94,5,29.61,Mostly Cloudy
5/30/2022,4:30 AM,77,94,3,29.61,Mostly Cloudy
5/30/2022,5:00 AM,77,94,3,29.64,Mostly Cloudy
5/30/2022,5:30 AM,75,100,2,29.64,Mostly Cloudy
5/30/2022,6:00 AM,75,100,2,29.64,Partly Cloudy
5/30/2022,6:30 AM,75,100,0,29.64,Partly Cloudy
5/30/2022,7:00 AM,77,94,3,29.64,Fair
5/30/2022,7:30 AM,79,94,3,29.67,Fair
5/30/2022,8:00 AM,81,84,2,29.67,Fair
5/30/2022,8:30 AM,84,74,0,29.67,Fair
5/30/2022,9:00 AM,84,74,2,29.67,Partly Cloudy
5/30/2022,9:30 AM,81,89,9,29.70,Rain
5/30/2022,10:00 AM,81,89,3,29.70,Mostly Cloudy
5/30/2022,10:30 AM,82,84,6,29.70,Mostly Cloudy
5/30/2022,11:00 AM,82,84,7,29.70,Mostly Cloudy
5/30/2022,11:30 AM,84,74,8,29.67,Mostly Cloudy
5/30/2022,12:00 PM,86,74,6,29.67,Mostly Cloudy
5/30/2022,12:30 PM,88,66,8,29.67,Mostly Cloudy
5/30/2022,1:00 PM,90,62,8,29.64,Mostly Cloudy
5/30/2022,1:30 PM,84,79,14,29.64,Light Rain
5/30/2022,2:00 PM,79,89,12,29.64,Light Rain
5/30/2022,2:30 PM,79,89,0,29.64,Mostly Cloudy
5/30/2022,3:00 PM,82,79,0,29.61,Mostly Cloudy
5/30/2022,3:30 PM,84,74,0,29.61,Mostly Cloudy
5/30/2022,4:00 PM,84,79,0,29.58,Mostly Cloudy
5/30/2022,4:30 PM,84,74,7,29.61,Mostly Cloudy
5/30/2022,5:00 PM,84,74,3,29.61,Mostly Cloudy
5/30/2022,5:30 PM,82,84,6,29.61,Mostly Cloudy
5/30/2022,6:00 PM,77,94,7,29.64,Light Rain with Thunder
5/30/2022,6:30 PM,77,94,0,29.64,Light Rain
5/30/2022,7:00 PM,77,94,0,29.64,Light Rain
5/30/2022,7:30 PM,77,100,0,29.64,Light Rain
5/30/2022,8:00 PM,77,100,0,29.64,Light Rain
5/30/2022,8:30 PM,77,100,0,29.64,Mostly Cloudy
5/30/2022,9:00 PM,77,94,6,29.67,Mostly Cloudy
5/30/2022,9:30 PM,77,94,6,29.70,Light Rain
5/30/2022,10:00 PM,77,94,0,29.70,Light Rain
5/30/2022,10:30 PM,77,94,0,29.67,Mostly Cloudy
5/30/2022,11:00 PM,77,94,0,29.67,Mostly Cloudy
5/30/2022,11:30 PM,77,100,0,29.67,Mostly Cloudy
5/31/2022,12:00 AM,77,94,2,29.67,Mostly Cloudy
5/31/2022,12:30 AM,77,94,2,29.67,Mostly Cloudy
5/31/2022,1:00 AM,77,94,0,29.67,Partly Cloudy
5/31/2022,1:30 AM,77,100,0,29.64,Partly Cloudy
5/31/2022,2:00 AM,77,94,3,29.64,Partly Cloudy
5/31/2022,2:30 AM,77,94,0,29.64,Partly Cloudy
5/31/2022,3:00 AM,77,94,0,29.61,Partly Cloudy
5/31/2022,3:30 AM,77,94,0,29.61,Partly Cloudy
5/31/2022,4:00 AM,75,100,2,29.61,Partly Cloudy
5/31/2022,4:30 AM,75,100,2,29.61,Partly Cloudy
5/31/2022,5:00 AM,75,100,0,29.61,Partly Cloudy
5/31/2022,5:30 AM,75,100,0,29.61,Partly Cloudy
5/31/2022,6:00 AM,75,100,0,29.61,Fair
5/31/2022,6:30 AM,75,100,0,29.61,Fair
5/31/2022,7:00 AM,77,100,0,29.64,Fair
5/31/2022,7:30 AM,81,89,2,29.64,Mostly Cloudy
5/31/2022,8:00 AM,81,94,5,29.64,Mostly Cloudy
5/31/2022,8:30 AM,82,84,6,29.64,Fair
5/31/2022,9:00 AM,84,79,5,29.64,Fair
5/31/2022,9:30 AM,86,74,8,29.64,Fair
5/31/2022,10:00 AM,88,70,13,29.64,Fair
5/31/2022,10:30 AM,90,66,9,29.64,Partly Cloudy
5/31/2022,11:00 AM,90,62,12,29.64,Partly Cloudy
5/31/2022,11:30 AM,90,62,10,29.64,Fair
5/31/2022,12:00 PM,88,66,12,29.61,Partly Cloudy
5/31/2022,12:30 PM,91,59,10,29.61,Partly Cloudy
5/31/2022,1:00 PM,91,63,8,29.61,Partly Cloudy
5/31/2022,1:30 PM,93,56,10,29.61,Partly Cloudy
5/31/2022,2:00 PM,90,59,15,29.58,Partly Cloudy
5/31/2022,2:30 PM,91,55,10,29.58,Showers in the Vicinity
5/31/2022,3:00 PM,91,63,12,29.58,Partly Cloudy
5/31/2022,3:30 PM,91,59,10,29.55,Partly Cloudy
5/31/2022,4:00 PM,91,59,10,29.55,Partly Cloudy
5/31/2022,4:30 PM,88,62,10,29.55,Partly Cloudy
5/31/2022,5:00 PM,86,70,10,29.55,Mostly Cloudy
5/31/2022,5:30 PM,86,70,7,29.55,Mostly Cloudy
5/31/2022,6:00 PM,84,70,6,29.58,Mostly Cloudy
5/31/2022,6:30 PM,84,70,3,29.58,Mostly Cloudy
5/31/2022,7:00 PM,84,70,7,29.61,Mostly Cloudy
5/31/2022,7:30 PM,82,79,5,29.61,Partly Cloudy
5/31/2022,8:00 PM,82,79,6,29.64,Partly Cloudy
5/31/2022,8:30 PM,82,79,5,29.64,Mostly Cloudy
5/31/2022,9:00 PM,82,79,5,29.67,Mostly Cloudy
5/31/2022,9:30 PM,82,79,6,29.67,Partly Cloudy
5/31/2022,10:00 PM,82,79,8,29.70,Partly Cloudy
5/31/2022,10:30 PM,82,74,6,29.67,Partly Cloudy
5/31/2022,11:00 PM,81,79,2,29.70,Mostly Cloudy
5/31/2022,11:30 PM,81,79,2,29.70,Mostly Cloudy
6/1/2022,12:00 AM,81,84,2,29.70,Mostly Cloudy
6/1/2022,12:30 AM,81,79,9,29.70,Mostly Cloudy
6/1/2022,1:00 AM,77,94,5,29.67,Light Rain
6/1/2022,1:30 AM,77,94,3,29.67,Mostly Cloudy
6/1/2022,2:00 AM,75,100,0,29.64,Mostly Cloudy
6/1/2022,2:30 AM,75,100,2,29.61,Mostly Cloudy
6/1/2022,3:00 AM,77,89,2,29.61,Mostly Cloudy
6/1/2022,3:30 AM,75,100,0,29.64,Mostly Cloudy
6/1/2022,4:00 AM,77,94,0,29.64,Mostly Cloudy
6/1/2022,4:30 AM,77,94,0,29.64,Light Rain
6/1/2022,5:00 AM,75,100,0,29.64,Mostly Cloudy
6/1/2022,5:30 AM,75,100,0,29.64,Partly Cloudy
6/1/2022,6:00 AM,75,100,0,29.64,Partly Cloudy
6/1/2022,6:30 AM,75,100,0,29.64,Partly Cloudy
6/1/2022,7:00 AM,77,94,0,29.67,Partly Cloudy
6/1/2022,7:30 AM,77,94,2,29.67,Partly Cloudy
6/1/2022,8:00 AM,79,94,0,29.70,Mostly Cloudy
6/1/2022,8:30 AM,79,89,5,29.70,Mostly Cloudy
6/1/2022,9:00 AM,81,84,5,29.70,Mostly Cloudy
6/1/2022,9:30 AM,82,79,7,29.70,Mostly Cloudy
6/1/2022,10:00 AM,84,74,7,29.70,Mostly Cloudy
6/1/2022,10:30 AM,86,70,6,29.70,Mostly Cloudy
6/1/2022,11:00 AM,84,74,6,29.70,Mostly Cloudy
6/1/2022,11:30 AM,86,70,7,29.67,Mostly Cloudy
6/1/2022,12:00 PM,86,70,7,29.67,Partly Cloudy
6/1/2022,12:30 PM,88,66,5,29.64,Partly Cloudy
6/1/2022,1:00 PM,88,66,6,29.64,Partly Cloudy
6/1/2022,1:30 PM,90,62,3,29.64,Partly Cloudy
6/1/2022,2:00 PM,91,59,5,29.61,Partly Cloudy
6/1/2022,2:30 PM,91,63,7,29.61,Partly Cloudy
6/1/2022,3:00 PM,90,62,6,29.58,Partly Cloudy
6/1/2022,3:30 PM,90,62,9,29.58,Partly Cloudy
6/1/2022,4:00 PM,90,62,10,29.58,Partly Cloudy
6/1/2022,4:30 PM,90,62,12,29.58,Partly Cloudy
6/1/2022,5:00 PM,90,62,9,29.58,Partly Cloudy
6/1/2022,5:30 PM,90,62,9,29.58,Fair
6/1/2022,6:00 PM,88,62,10,29.58,Fair
6/1/2022,6:30 PM,86,66,10,29.58,Fair
6/1/2022,7:00 PM,86,66,5,29.61,Fair
6/1/2022,7:30 PM,84,70,7,29.61,Fair
6/1/2022,8:00 PM,84,70,7,29.61,Fair
6/1/2022,8:30 PM,82,74,5,29.64,Fair
6/1/2022,9:00 PM,82,74,3,29.64,Fair
6/1/2022,9:30 PM,82,74,3,29.67,Fair
6/1/2022,10:00 PM,82,79,0,29.67,Fair
6/1/2022,10:30 PM,81,84,0,29.70,Partly Cloudy
6/1/2022,11:00 PM,81,79,0,29.67,Partly Cloudy
6/1/2022,11:30 PM,81,79,0,29.67,Partly Cloudy
6/2/2022,12:00 AM,79,89,0,29.67,Fair
6/2/2022,12:30 AM,79,89,3,29.67,Fair
6/2/2022,1:00 AM,79,89,0,29.67,Fair
6/2/2022,1:30 AM,81,89,2,29.67,Partly Cloudy
6/2/2022,2:00 AM,79,89,10,29.67,Light Rain
6/2/2022,2:30 AM,79,89,9,29.67,Light Rain
6/2/2022,3:00 AM,77,94,5,29.67,Mostly Cloudy
6/2/2022,3:30 AM,77,94,0,29.67,Light Rain
6/2/2022,4:00 AM,77,94,0,29.67,Mostly Cloudy
6/2/2022,4:30 AM,77,94,2,29.67,Mostly Cloudy
6/2/2022,5:00 AM,77,94,0,29.67,Mostly Cloudy
6/2/2022,5:30 AM,77,94,0,29.67,Mostly Cloudy
6/2/2022,6:00 AM,79,83,8,29.67,Mostly Cloudy
6/2/2022,6:30 AM,79,83,6,29.67,Mostly Cloudy
6/2/2022,7:00 AM,77,94,3,29.70,Mostly Cloudy
6/2/2022,7:30 AM,79,89,5,29.70,Mostly Cloudy
6/2/2022,8:00 AM,79,89,5,29.70,Partly Cloudy
6/2/2022,8:30 AM,82,79,7,29.70,Partly Cloudy
6/2/2022,9:00 AM,82,74,6,29.70,Fair
6/2/2022,9:30 AM,86,70,9,29.70,Fair
6/2/2022,10:00 AM,86,66,10,29.70,Fair
6/2/2022,10:30 AM,84,74,12,29.70,Partly Cloudy
6/2/2022,11:00 AM,88,66,10,29.70,Partly Cloudy
6/2/2022,11:30 AM,90,59,14,29.70,Partly Cloudy
6/2/2022,12:00 PM,90,59,9,29.67,Showers in the Vicinity
6/2/2022,12:30 PM,90,66,8,29.67,Partly Cloudy
6/2/2022,1:00 PM,88,70,7,29.64,Mostly Cloudy
6/2/2022,1:30 PM,88,66,10,29.64,Mostly Cloudy
6/2/2022,2:00 PM,91,55,15,29.64,Partly Cloudy
6/2/2022,2:30 PM,91,55,14,29.64,Partly Cloudy
6/2/2022,3:00 PM,90,59,12,29.61,Partly Cloudy
6/2/2022,3:30 PM,90,59,10,29.61,Partly Cloudy
6/2/2022,4:00 PM,90,59,9,29.61,Partly Cloudy
6/2/2022,4:30 PM,90,55,10,29.61,Fair
6/2/2022,5:00 PM,90,59,9,29.61,Fair
6/2/2022,5:30 PM,88,58,9,29.58,Fair
6/2/2022,6:00 PM,88,58,8,29.61,Fair
6/2/2022,6:30 PM,86,66,6,29.61,Fair
6/2/2022,7:00 PM,84,70,6,29.61,Fair
6/2/2022,7:30 PM,84,70,6,29.64,Fair
6/2/2022,8:00 PM,84,70,6,29.67,Fair
6/2/2022,8:30 PM,84,70,5,29.70,Partly Cloudy
6/2/2022,9:00 PM,82,79,0,29.70,Mostly Cloudy
6/2/2022,9:30 PM,82,79,0,29.73,Mostly Cloudy
6/2/2022,10:00 PM,82,79,0,29.73,Mostly Cloudy
6/2/2022,10:30 PM,82,79,0,29.73,Mostly Cloudy
6/2/2022,11:00 PM,81,84,0,29.73,Mostly Cloudy
6/2/2022,11:30 PM,81,84,0,29.73,Mostly Cloudy
6/3/2022,12:00 AM,81,84,0,29.73,Mostly Cloudy
6/3/2022,12:30 AM,81,84,0,29.73,Mostly Cloudy
6/3/2022,1:00 AM,79,94,0,29.73,Mostly Cloudy
6/3/2022,1:30 AM,79,94,0,29.73,Mostly Cloudy
6/3/2022,2:00 AM,79,89,2,29.70,Mostly Cloudy
6/3/2022,2:30 AM,79,89,2,29.67,Partly Cloudy
6/3/2022,3:00 AM,79,78,0,29.67,Fair
6/3/2022,3:30 AM,79,78,0,29.67,Fair
6/3/2022,4:00 AM,77,83,0,29.67,Fair
6/3/2022,4:30 AM,77,83,0,29.67,Fair
6/3/2022,5:00 AM,77,89,0,29.67,Fair
6/3/2022,5:30 AM,77,89,0,29.67,Fair
6/3/2022,6:00 AM,75,94,0,29.67,Fair
6/3/2022,6:30 AM,75,94,0,29.67,Fair
6/3/2022,7:00 AM,77,94,0,29.67,Fair
6/3/2022,7:30 AM,79,89,0,29.67,Fair
6/3/2022,8:00 AM,82,79,3,29.70,Fair
6/3/2022,8:30 AM,82,79,0,29.70,Fair
6/3/2022,9:00 AM,84,74,0,29.70,Fair
6/3/2022,9:30 AM,86,74,2,29.70,Fair
6/3/2022,10:00 AM,88,70,2,29.70,Fair
6/3/2022,10:30 AM,88,66,6,29.70,Partly Cloudy
6/3/2022,11:00 AM,88,66,3,29.70,Partly Cloudy
6/3/2022,11:30 AM,90,62,6,29.67,Showers in the Vicinity
6/3/2022,12:00 PM,91,55,7,29.67,Partly Cloudy
6/3/2022,12:30 PM,90,62,8,29.67,Partly Cloudy
6/3/2022,1:00 PM,91,55,6,29.64,Partly Cloudy
6/3/2022,1:30 PM,91,59,5,29.64,Partly Cloudy
6/3/2022,2:00 PM,91,55,7,29.64,Partly Cloudy
6/3/2022,2:30 PM,91,59,7,29.64,Partly Cloudy
6/3/2022,3:00 PM,91,55,7,29.61,Partly Cloudy
6/3/2022,3:30 PM,91,59,8,29.61,Partly Cloudy
6/3/2022,4:00 PM,91,59,7,29.61,Partly Cloudy
6/3/2022,4:30 PM,91,59,6,29.61,Partly Cloudy
6/3/2022,5:00 PM,90,62,8,29.61,Partly Cloudy
6/3/2022,5:30 PM,90,62,6,29.61,Partly Cloudy
6/3/2022,6:00 PM,88,66,7,29.64,Partly Cloudy
6/3/2022,6:30 PM,86,70,5,29.67,Fair
6/3/2022,7:00 PM,86,70,5,29.67,Fair
6/3/2022,7:30 PM,84,74,5,29.70,Fair
6/3/2022,8:00 PM,84,74,6,29.70,Fair
6/3/2022,8:30 PM,84,74,2,29.70,Fair
6/3/2022,9:00 PM,84,74,7,29.70,Fair
6/3/2022,9:30 PM,82,79,0,29.73,Fair
6/3/2022,10:00 PM,82,84,0,29.73,Partly Cloudy
6/3/2022,10:30 PM,82,84,0,29.73,Partly Cloudy
6/3/2022,11:00 PM,81,89,0,29.73,Partly Cloudy
6/3/2022,11:30 PM,81,89,0,29.73,Partly Cloudy
6/4/2022,12:00 AM,81,89,0,29.73,Partly Cloudy
6/4/2022,12:30 AM,81,89,0,29.73,Partly Cloudy
6/4/2022,1:00 AM,81,89,2,29.70,Partly Cloudy
6/4/2022,1:30 AM,79,94,0,29.70,Partly Cloudy
6/4/2022,2:00 AM,79,94,0,29.70,Fair
6/4/2022,2:30 AM,79,94,0,29.70,Fair
6/4/2022,3:00 AM,79,94,0,29.70,Fair
6/4/2022,3:30 AM,79,94,0,29.70,Partly Cloudy
6/4/2022,4:00 AM,79,94,0,29.67,Partly Cloudy
6/4/2022,4:30 AM,79,94,0,29.67,Partly Cloudy
6/4/2022,5:00 AM,79,94,0,29.70,Partly Cloudy
6/4/2022,5:30 AM,79,94,0,29.70,Partly Cloudy
6/4/2022,6:00 AM,77,100,1,29.70,Partly Cloudy
6/4/2022,6:30 AM,79,94,0,29.73,Mostly Cloudy
6/4/2022,7:00 AM,79,94,0,29.73,Mostly Cloudy
6/4/2022,7:30 AM,79,94,0,29.73,Mostly Cloudy
6/4/2022,8:00 AM,81,89,2,29.73,Mostly Cloudy
6/4/2022,8:30 AM,82,84,0,29.73,Mostly Cloudy
6/4/2022,9:00 AM,82,84,2,29.73,Mostly Cloudy
6/4/2022,9:30 AM,84,79,0,29.73,Mostly Cloudy
6/4/2022,10:00 AM,86,70,5,29.76,Mostly Cloudy
6/4/2022,10:30 AM,86,74,5,29.73,Mostly Cloudy
6/4/2022,11:00 AM,86,70,3,29.73,Mostly Cloudy
6/4/2022,11:30 AM,86,70,6,29.70,Mostly Cloudy
6/4/2022,12:00 PM,88,66,3,29.70,Mostly Cloudy
6/4/2022,12:30 PM,88,66,6,29.70,Mostly Cloudy
6/4/2022,1:00 PM,90,62,5,29.67,Mostly Cloudy
6/4/2022,1:30 PM,90,62,5,29.67,Mostly Cloudy
6/4/2022,2:00 PM,90,62,2,29.67,Mostly Cloudy
6/4/2022,2:30 PM,90,62,6,29.64,Mostly Cloudy
6/4/2022,3:00 PM,90,59,3,29.64,Mostly Cloudy
6/4/2022,3:30 PM,90,59,5,29.64,Mostly Cloudy
6/4/2022,4:30 PM,86,70,6,29.64,Mostly Cloudy
6/4/2022,5:00 PM,86,70,6,29.64,Mostly Cloudy
6/4/2022,5:30 PM,86,70,6,29.64,Mostly Cloudy
6/4/2022,6:00 PM,84,79,5,29.64,Light Rain
6/4/2022,6:30 PM,84,79,3,29.67,Mostly Cloudy
6/4/2022,7:00 PM,82,84,2,29.67,Mostly Cloudy
6/4/2022,7:30 PM,82,84,0,29.67,Thunder
6/4/2022,8:00 PM,82,84,0,29.67,Thunder
6/4/2022,8:30 PM,82,84,0,29.70,Mostly Cloudy
6/4/2022,9:00 PM,81,94,2,29.70,Mostly Cloudy
6/4/2022,9:30 PM,81,94,2,29.73,Mostly Cloudy
6/4/2022,10:00 PM,81,94,2,29.73,Mostly Cloudy
6/4/2022,10:30 PM,81,94,0,29.73,Mostly Cloudy
6/4/2022,11:00 PM,81,94,0,29.76,Mostly Cloudy
6/4/2022,11:30 PM,77,89,12,29.76,Light Rain with Thunder
6/5/2022,12:00 AM,73,100,17,29.76,T-Storm
6/5/2022,12:30 AM,73,100,10,29.76,T-Storm
6/5/2022,1:00 AM,73,100,7,29.76,Light Rain with Thunder
6/5/2022,1:30 AM,73,100,3,29.73,Light Rain with Thunder
6/5/2022,2:00 AM,73,100,0,29.73,Light Rain with Thunder
6/5/2022,2:30 AM,73,100,0,29.73,Light Rain with Thunder
6/5/2022,3:00 AM,73,100,3,29.70,Light Rain
6/5/2022,3:30 AM,73,100,3,29.70,Light Rain
6/5/2022,4:00 AM,73,100,0,29.70,Light Rain
6/5/2022,4:30 AM,73,100,0,29.70,Light Rain
6/5/2022,5:00 AM,73,100,0,29.67,Mostly Cloudy
6/5/2022,5:30 AM,73,100,2,29.70,Mostly Cloudy
6/5/2022,6:00 AM,73,100,0,29.70,Mostly Cloudy
6/5/2022,6:30 AM,73,100,2,29.70,Mostly Cloudy
6/5/2022,7:30 AM,73,100,0,29.70,Mostly Cloudy
6/5/2022,8:00 AM,75,94,3,29.73,Mostly Cloudy
6/5/2022,8:30 AM,77,94,3,29.73,Mostly Cloudy
6/5/2022,9:00 AM,81,79,3,29.73,Mostly Cloudy
6/5/2022,9:30 AM,81,79,5,29.73,Mostly Cloudy
6/5/2022,10:00 AM,82,79,3,29.73,Mostly Cloudy
6/5/2022,10:30 AM,84,70,5,29.73,Mostly Cloudy
6/5/2022,11:00 AM,86,66,6,29.70,Mostly Cloudy
6/5/2022,11:30 AM,86,66,3,29.70,Mostly Cloudy
6/5/2022,12:00 PM,88,62,3,29.67,Mostly Cloudy
6/5/2022,12:30 PM,88,62,2,29.67,Mostly Cloudy
6/5/2022,1:00 PM,90,55,0,29.67,Mostly Cloudy
6/5/2022,1:30 PM,88,62,3,29.64,Mostly Cloudy
6/5/2022,2:00 PM,88,62,2,29.64,Mostly Cloudy
6/5/2022,2:30 PM,88,66,2,29.64,Mostly Cloudy
6/5/2022,3:00 PM,88,66,8,29.64,Mostly Cloudy
6/5/2022,3:30 PM,88,66,6,29.61,Mostly Cloudy
6/5/2022,4:00 PM,88,66,6,29.61,Mostly Cloudy
6/5/2022,4:30 PM,88,66,6,29.61,Showers in the Vicinity
6/5/2022,5:00 PM,88,66,5,29.64,Showers in the Vicinity
6/5/2022,5:30 PM,86,70,2,29.64,Showers in the Vicinity
6/5/2022,6:00 PM,81,74,9,29.67,Showers in the Vicinity
6/5/2022,6:30 PM,79,78,7,29.67,Mostly Cloudy
6/5/2022,7:00 PM,79,83,2,29.67,Mostly Cloudy
6/5/2022,7:30 PM,79,83,0,29.67,Mostly Cloudy
6/5/2022,8:00 PM,79,83,2,29.70,Mostly Cloudy
6/5/2022,8:30 PM,79,83,0,29.70,Mostly Cloudy
6/5/2022,9:00 PM,79,83,0,29.70,Mostly Cloudy
6/5/2022,9:30 PM,79,83,0,29.70,Mostly Cloudy
6/5/2022,10:00 PM,79,83,0,29.70,Mostly Cloudy
6/5/2022,10:30 PM,79,89,0,29.73,Mostly Cloudy
6/5/2022,11:00 PM,77,94,2,29.70,Mostly Cloudy
6/5/2022,11:30 PM,77,94,0,29.70,Mostly Cloudy
6/6/2022,12:00 AM,77,94,0,29.70,Mostly Cloudy
6/6/2022,12:30 AM,77,94,0,29.70,Mostly Cloudy
6/6/2022,1:00 AM,77,94,0,29.70,Partly Cloudy
6/6/2022,1:30 AM,77,94,0,29.67,Partly Cloudy
6/6/2022,2:00 AM,77,94,0,29.67,Partly Cloudy
6/6/2022,2:30 AM,77,94,0,29.67,Mostly Cloudy
6/6/2022,3:00 AM,77,94,0,29.67,Mostly Cloudy
6/6/2022,3:30 AM,77,94,0,29.67,Mostly Cloudy
6/6/2022,4:00 AM,77,94,0,29.67,Partly Cloudy
6/6/2022,4:30 AM,77,94,0,29.67,Partly Cloudy
6/6/2022,5:00 AM,75,100,0,29.67,Fair
6/6/2022,5:30 AM,75,100,0,29.67,Fair
6/6/2022,6:00 AM,75,100,0,29.67,Fair
6/6/2022,6:30 AM,75,100,0,29.70,Fair
6/6/2022,7:00 AM,77,94,0,29.70,Fair
6/6/2022,7:30 AM,79,89,0,29.70,Fair
6/6/2022,8:00 AM,81,84,0,29.70,Fair
6/6/2022,8:30 AM,84,79,0,29.70,Fair
6/6/2022,9:00 AM,86,70,0,29.70,Fair
6/6/2022,9:30 AM,86,70,0,29.70,Fair
6/6/2022,10:00 AM,88,66,0,29.70,Fair
6/6/2022,10:30 AM,88,66,2,29.70,Partly Cloudy
6/6/2022,11:00 AM,88,58,3,29.70,Partly Cloudy
6/6/2022,11:30 AM,90,62,5,29.70,Partly Cloudy
6/6/2022,12:00 PM,90,59,2,29.67,Partly Cloudy
6/6/2022,12:30 PM,91,55,2,29.67,Partly Cloudy
6/6/2022,1:00 PM,91,59,2,29.64,Partly Cloudy
6/6/2022,1:30 PM,91,59,0,29.64,Partly Cloudy
6/6/2022,2:00 PM,91,55,0,29.61,Partly Cloudy
6/6/2022,2:30 PM,90,62,6,29.61,Partly Cloudy
6/6/2022,3:00 PM,88,66,3,29.58,Mostly Cloudy
6/6/2022,3:30 PM,88,66,0,29.58,Partly Cloudy
6/6/2022,4:00 PM,88,66,6,29.58,Showers in the Vicinity
6/6/2022,4:30 PM,82,79,9,29.58,Light Rain with Thunder
6/6/2022,5:00 PM,79,89,2,29.61,Light Rain with Thunder
6/6/2022,5:30 PM,77,100,14,29.64,Light Rain with Thunder
6/6/2022,6:00 PM,75,100,7,29.67,Heavy T-Storm
6/6/2022,6:30 PM,75,100,3,29.67,Heavy T-Storm
6/6/2022,7:00 PM,75,100,6,29.67,Light Rain with Thunder
6/6/2022,7:30 PM,75,100,3,29.70,Light Rain
6/6/2022,8:00 PM,75,100,2,29.70,Mostly Cloudy
6/6/2022,8:30 PM,75,100,0,29.70,Mostly Cloudy
6/6/2022,9:00 PM,77,94,0,29.70,Mostly Cloudy
6/6/2022,9:30 PM,77,94,0,29.73,Partly Cloudy
6/6/2022,10:00 PM,75,100,2,29.73,Partly Cloudy
6/6/2022,10:30 PM,75,100,3,29.73,Partly Cloudy
6/6/2022,11:00 PM,75,100,2,29.73,Partly Cloudy
6/6/2022,11:30 PM,75,100,0,29.73,Fair
6/7/2022,12:00 AM,75,100,0,29.70,Fair
6/7/2022,12:30 AM,75,100,0,29.70,Fair
6/7/2022,1:00 AM,75,100,2,29.70,Partly Cloudy
6/7/2022,1:30 AM,75,100,0,29.70,Mostly Cloudy
6/7/2022,2:00 AM,75,100,2,29.67,Fog
6/7/2022,2:30 AM,75,100,3,29.67,Fog
6/7/2022,3:00 AM,75,100,0,29.64,Fog
6/7/2022,3:30 AM,75,100,0,29.64,Mostly Cloudy
6/7/2022,4:00 AM,75,100,0,29.64,Fog
6/7/2022,4:30 AM,75,100,0,29.67,Fog
6/7/2022,5:00 AM,75,100,0,29.67,Fog
6/7/2022,5:30 AM,75,100,0,29.67,Fog
6/7/2022,6:00 AM,75,100,0,29.67,Fog
6/7/2022,6:30 AM,75,100,0,29.70,Fog
6/7/2022,7:00 AM,75,100,0,29.70,Fog
6/7/2022,7:30 AM,75,100,0,29.70,Fog
6/7/2022,8:00 AM,75,100,0,29.73,Mostly Cloudy
6/7/2022,8:30 AM,79,94,0,29.73,Mostly Cloudy
6/7/2022,9:00 AM,81,89,0,29.73,Partly Cloudy
6/7/2022,9:30 AM,82,84,2,29.73,Partly Cloudy
6/7/2022,10:00 AM,84,79,2,29.73,Fair
6/7/2022,10:30 AM,86,74,3,29.73,Fair
6/7/2022,11:00 AM,88,66,5,29.70,Fair
6/7/2022,11:30 AM,88,66,7,29.70,Partly Cloudy
6/7/2022,12:00 PM,88,66,6,29.70,Showers in the Vicinity
6/7/2022,12:30 PM,88,66,8,29.67,Light Rain
6/7/2022,1:00 PM,88,66,7,29.67,Showers in the Vicinity
6/7/2022,1:30 PM,88,66,9,29.67,Showers in the Vicinity
6/7/2022,2:00 PM,86,66,12,29.64,Showers in the Vicinity
6/7/2022,2:30 PM,88,66,9,29.64,Mostly Cloudy
6/7/2022,3:00 PM,88,66,7,29.64,Partly Cloudy
6/7/2022,3:30 PM,88,62,6,29.64,Partly Cloudy
6/7/2022,4:00 PM,88,66,3,29.61,Partly Cloudy
6/7/2022,4:30 PM,90,66,6,29.61,Partly Cloudy
6/7/2022,5:00 PM,88,66,5,29.61,Partly Cloudy
6/7/2022,5:30 PM,88,66,5,29.61,Partly Cloudy
6/7/2022,6:00 PM,86,70,6,29.64,Partly Cloudy
6/7/2022,6:30 PM,84,74,6,29.64,Fair
6/7/2022,7:00 PM,84,74,0,29.67,Fair
6/7/2022,7:30 PM,84,74,2,29.67,Partly Cloudy
6/7/2022,8:00 PM,82,79,0,29.70,Partly Cloudy
6/7/2022,8:30 PM,82,79,0,29.70,Partly Cloudy
6/7/2022,9:00 PM,82,79,0,29.73,Partly Cloudy
6/7/2022,9:30 PM,81,84,0,29.73,Partly Cloudy
6/7/2022,10:00 PM,81,89,0,29.73,Partly Cloudy
6/7/2022,10:30 PM,79,94,0,29.73,Partly Cloudy
6/7/2022,11:00 PM,79,89,0,29.73,Partly Cloudy
6/7/2022,11:30 PM,79,89,0,29.73,Fair
6/8/2022,12:00 AM,79,89,0,29.73,Fair
6/8/2022,12:30 AM,79,94,0,29.70,Fair
6/8/2022,1:00 AM,79,94,0,29.70,Fair
6/8/2022,1:30 AM,77,100,0,29.70,Fair
6/8/2022,2:00 AM,77,100,0,29.67,Fair
6/8/2022,2:30 AM,77,100,0,29.67,Fair
6/8/2022,3:00 AM,77,100,0,29.67,Fair
6/8/2022,3:30 AM,77,100,0,29.67,Fair
6/8/2022,4:00 AM,77,100,2,29.67,Fair
6/8/2022,4:30 AM,77,94,0,29.67,Fair
6/8/2022,5:00 AM,77,94,0,29.67,Fair
6/8/2022,5:30 AM,77,94,0,29.67,Fair
6/8/2022,6:00 AM,77,94,0,29.70,Partly Cloudy
6/8/2022,6:30 AM,77,94,0,29.70,Partly Cloudy
6/8/2022,7:00 AM,77,94,0,29.70,Fair
6/8/2022,7:30 AM,79,94,0,29.70,Fair
6/8/2022,8:00 AM,79,89,0,29.73,Fair
6/8/2022,8:30 AM,82,84,0,29.73,Fair
6/8/2022,9:00 AM,84,79,2,29.73,Fair
6/8/2022,9:30 AM,84,74,2,29.73,Fair
6/8/2022,10:00 AM,88,66,0,29.73,Fair
6/8/2022,10:30 AM,88,66,2,29.73,Fair
6/8/2022,11:00 AM,88,66,5,29.70,Fair
6/8/2022,11:30 AM,90,62,2,29.70,Fair
6/8/2022,12:00 PM,91,63,3,29.70,Partly Cloudy
6/8/2022,12:30 PM,91,59,3,29.67,Partly Cloudy
6/8/2022,1:00 PM,90,59,3,29.67,Showers in the Vicinity
6/8/2022,1:30 PM,84,74,9,29.67,Light Rain
6/8/2022,2:00 PM,88,70,7,29.64,Light Rain
6/8/2022,2:30 PM,88,62,5,29.64,Showers in the Vicinity
6/8/2022,3:00 PM,84,74,3,29.64,Thunder
6/8/2022,3:30 PM,82,79,2,29.64,Thunder
6/8/2022,4:00 PM,81,79,8,29.64,Light Rain with Thunder
6/8/2022,4:30 PM,79,83,3,29.64,Light Rain with Thunder
6/8/2022,5:00 PM,79,83,0,29.64,Mostly Cloudy
6/8/2022,5:30 PM,79,83,2,29.64,Mostly Cloudy
6/8/2022,6:00 PM,79,89,0,29.64,Mostly Cloudy
6/8/2022,6:30 PM,79,89,0,29.67,Mostly Cloudy
6/8/2022,7:00 PM,77,94,0,29.67,Mostly Cloudy
6/8/2022,7:30 PM,77,94,0,29.67,Mostly Cloudy
6/8/2022,8:00 PM,77,94,2,29.67,Mostly Cloudy
6/8/2022,8:30 PM,77,94,0,29.70,Mostly Cloudy
6/8/2022,9:00 PM,77,94,0,29.70,Partly Cloudy
6/8/2022,9:30 PM,77,94,0,29.70,Fair
6/8/2022,10:00 PM,77,100,0,29.70,Fair
6/8/2022,10:30 PM,77,100,0,29.70,Fair
6/8/2022,11:00 PM,77,100,0,29.73,Partly Cloudy
6/8/2022,11:30 PM,77,100,0,29.70,Mostly Cloudy
6/9/2022,12:00 AM,77,94,0,29.70,Mostly Cloudy
6/9/2022,12:30 AM,77,94,2,29.70,Fair
6/9/2022,1:00 AM,77,94,0,29.70,Fair
6/9/2022,1:30 AM,77,94,0,29.67,Fair
6/9/2022,2:00 AM,75,100,0,29.67,Fair
6/9/2022,2:30 AM,75,100,0,29.67,Fair
6/9/2022,3:00 AM,75,100,0,29.67,Partly Cloudy
6/9/2022,3:30 AM,75,100,0,29.67,Fog
6/9/2022,4:00 AM,75,100,0,29.67,Fog
6/9/2022,4:30 AM,75,100,0,29.67,Fog
6/9/2022,5:00 AM,75,100,0,29.70,Mostly Cloudy
6/9/2022,5:30 AM,75,100,0,29.70,Mostly Cloudy
6/9/2022,6:00 AM,75,100,0,29.70,Fair
6/9/2022,6:30 AM,75,100,0,29.70,Fair
6/9/2022,7:00 AM,75,100,0,29.70,Fair
6/9/2022,7:30 AM,79,94,0,29.70,Fair
6/9/2022,8:00 AM,81,89,0,29.70,Fair
6/9/2022,8:30 AM,82,84,0,29.70,Fair
6/9/2022,9:00 AM,84,84,2,29.70,Fair
6/9/2022,9:30 AM,88,75,0,29.70,Fair
6/9/2022,10:00 AM,88,62,0,29.70,Fair
6/9/2022,10:30 AM,90,62,0,29.70,Fair
6/9/2022,11:00 AM,90,59,2,29.70,Fair
6/9/2022,11:30 AM,91,55,0,29.67,Fair
6/9/2022,12:00 PM,91,55,2,29.67,Fair
6/9/2022,12:30 PM,91,59,3,29.67,Partly Cloudy
6/9/2022,1:00 PM,91,55,2,29.64,Partly Cloudy
6/9/2022,1:30 PM,91,55,5,29.64,Partly Cloudy
6/9/2022,2:00 PM,93,52,0,29.64,Partly Cloudy
6/9/2022,2:30 PM,95,53,2,29.61,Partly Cloudy
6/9/2022,3:00 PM,93,56,6,29.61,Partly Cloudy
6/9/2022,3:30 PM,91,59,7,29.58,Partly Cloudy
6/9/2022,4:00 PM,91,55,2,29.58,Mostly Cloudy
6/9/2022,4:30 PM,88,66,7,29.58,Showers in the Vicinity
6/9/2022,5:00 PM,86,66,9,29.58,Showers in the Vicinity
6/9/2022,5:30 PM,86,70,5,29.61,Light Rain with Thunder
6/9/2022,6:00 PM,84,74,7,29.61,Mostly Cloudy
6/9/2022,6:30 PM,81,84,5,29.64,Mostly Cloudy
6/9/2022,7:00 PM,81,79,3,29.67,Mostly Cloudy
6/9/2022,7:30 PM,79,89,3,29.67,Mostly Cloudy
6/9/2022,8:00 PM,79,89,0,29.67,Mostly Cloudy
6/9/2022,8:30 PM,79,89,0,29.70,Mostly Cloudy
6/9/2022,9:00 PM,79,89,0,29.70,Mostly Cloudy
6/9/2022,9:30 PM,79,94,0,29.73,Mostly Cloudy
6/9/2022,10:00 PM,79,94,0,29.73,Mostly Cloudy
6/9/2022,10:30 PM,79,94,0,29.73,Mostly Cloudy
6/9/2022,11:00 PM,79,89,0,29.73,Mostly Cloudy
6/9/2022,11:30 PM,79,94,0,29.73,Mostly Cloudy
6/10/2022,12:00 AM,79,94,0,29.73,Mostly Cloudy
6/10/2022,12:30 AM,79,94,0,29.70,Mostly Cloudy
6/10/2022,1:00 AM,79,94,0,29.70,Mostly Cloudy
6/10/2022,1:30 AM,79,94,0,29.67,Partly Cloudy
6/10/2022,2:00 AM,77,100,0,29.67,Partly Cloudy
6/10/2022,2:30 AM,77,100,1,29.67,Partly Cloudy
6/10/2022,3:00 AM,77,100,0,29.67,Partly Cloudy
6/10/2022,3:30 AM,77,100,0,29.67,Partly Cloudy
6/10/2022,4:00 AM,77,100,0,29.67,Partly Cloudy
6/10/2022,4:30 AM,77,100,0,29.67,Partly Cloudy
6/10/2022,5:00 AM,77,100,0,29.67,Partly Cloudy
6/10/2022,5:30 AM,77,100,0,29.67,Partly Cloudy
6/10/2022,6:00 AM,77,100,0,29.70,Fair
6/10/2022,6:30 AM,77,100,0,29.70,Partly Cloudy
6/10/2022,7:00 AM,77,100,0,29.70,Partly Cloudy
6/10/2022,7:30 AM,77,100,0,29.70,Mostly Cloudy
6/10/2022,8:00 AM,79,94,0,29.73,Mostly Cloudy
6/10/2022,8:30 AM,81,89,0,29.73,Mostly Cloudy
6/10/2022,9:00 AM,81,89,2,29.73,Partly Cloudy
6/10/2022,9:30 AM,84,84,3,29.73,Fair
6/10/2022,10:00 AM,86,74,3,29.73,Fair
6/10/2022,10:30 AM,88,75,2,29.73,Partly Cloudy
6/10/2022,11:00 AM,86,70,0,29.73,Partly Cloudy
6/10/2022,11:30 AM,86,74,0,29.73,Showers in the Vicinity
6/10/2022,12:00 PM,91,63,0,29.73,Mostly Cloudy
6/10/2022,12:30 PM,90,62,6,29.70,Mostly Cloudy
6/10/2022,1:00 PM,90,59,6,29.70,Mostly Cloudy
6/10/2022,1:30 PM,91,59,6,29.67,Mostly Cloudy
6/10/2022,2:00 PM,90,59,6,29.67,Showers in the Vicinity
6/10/2022,2:30 PM,88,70,9,29.64,Heavy Rain
6/10/2022,3:00 PM,77,94,12,29.67,Heavy T-Storm
6/10/2022,3:30 PM,75,94,0,29.67,Light Rain with Thunder
6/10/2022,4:00 PM,79,89,0,29.64,Mostly Cloudy
6/10/2022,4:30 PM,81,89,3,29.64,Mostly Cloudy
6/10/2022,5:00 PM,82,84,6,29.64,Mostly Cloudy
6/10/2022,5:30 PM,81,89,6,29.64,Mostly Cloudy
6/10/2022,6:00 PM,81,84,0,29.64,Mostly Cloudy
6/10/2022,6:30 PM,81,89,2,29.64,Mostly Cloudy
6/10/2022,7:00 PM,79,94,0,29.67,Mostly Cloudy
6/10/2022,7:30 PM,79,89,0,29.70,Partly Cloudy
6/10/2022,8:00 PM,79,94,0,29.70,Fair
6/10/2022,8:30 PM,79,94,0,29.70,Fair
6/10/2022,9:00 PM,79,94,0,29.73,Fair
6/10/2022,9:30 PM,79,94,0,29.73,Partly Cloudy
6/10/2022,10:00 PM,77,100,0,29.73,Partly Cloudy
6/10/2022,10:30 PM,77,94,0,29.73,Partly Cloudy
6/10/2022,11:00 PM,77,100,0,29.73,Fair
6/10/2022,11:30 PM,77,94,0,29.73,Fair
6/11/2022,12:00 AM,77,94,0,29.73,Fair
6/11/2022,12:30 AM,77,94,0,29.73,Fair
6/11/2022,1:00 AM,77,94,0,29.70,Fair
6/11/2022,1:30 AM,77,94,0,29.70,Fair
6/11/2022,2:00 AM,75,100,0,29.70,Fair
6/11/2022,2:30 AM,75,100,0,29.70,Fair
6/11/2022,3:00 AM,75,100,0,29.67,Fair
6/11/2022,3:30 AM,75,100,0,29.67,Fair
6/11/2022,4:00 AM,75,100,0,29.67,Fair
6/11/2022,4:30 AM,75,100,0,29.67,Fair
6/11/2022,5:00 AM,75,100,0,29.67,Fair
6/11/2022,5:30 AM,75,94,0,29.67,Fair
6/11/2022,6:00 AM,75,94,0,29.67,Fair
6/11/2022,6:30 AM,75,100,0,29.70,Fair
6/11/2022,7:00 AM,75,100,0,29.70,Fair
6/11/2022,7:30 AM,77,94,0,29.70,Fair
6/11/2022,8:00 AM,79,89,0,29.73,Fair
6/11/2022,8:30 AM,81,89,0,29.73,Fair
6/11/2022,9:00 AM,82,79,0,29.73,Fair
6/11/2022,9:30 AM,84,74,2,29.73,Fair
6/11/2022,10:00 AM,88,62,0,29.73,Fair
6/11/2022,10:30 AM,88,62,0,29.73,Fair
6/11/2022,11:00 AM,88,66,0,29.73,Fair
6/11/2022,11:30 AM,90,59,0,29.70,Partly Cloudy
6/11/2022,12:00 PM,90,59,3,29.70,Partly Cloudy
6/11/2022,12:30 PM,90,62,2,29.70,Partly Cloudy
6/11/2022,1:00 PM,91,55,5,29.70,Mostly Cloudy
6/11/2022,1:30 PM,90,59,3,29.67,Mostly Cloudy
6/11/2022,2:00 PM,91,59,5,29.64,Showers in the Vicinity
6/11/2022,2:30 PM,90,59,3,29.64,Showers in the Vicinity
6/11/2022,3:00 PM,90,59,7,29.64,Showers in the Vicinity
6/11/2022,3:30 PM,84,74,12,29.64,Showers in the Vicinity
6/11/2022,4:00 PM,82,70,8,29.64,Showers in the Vicinity
6/11/2022,4:30 PM,81,79,7,29.64,Showers in the Vicinity
6/11/2022,5:00 PM,81,79,6,29.64,Mostly Cloudy
6/11/2022,5:30 PM,81,79,2,29.64,Mostly Cloudy
6/11/2022,6:00 PM,81,84,5,29.67,Mostly Cloudy
6/11/2022,6:30 PM,79,89,0,29.67,Mostly Cloudy
6/11/2022,7:00 PM,79,89,2,29.70,Mostly Cloudy
6/11/2022,7:30 PM,79,89,2,29.73,Mostly Cloudy
6/11/2022,8:00 PM,79,89,3,29.73,Partly Cloudy
6/11/2022,8:30 PM,79,83,2,29.73,Partly Cloudy
6/11/2022,9:00 PM,77,94,0,29.76,Partly Cloudy
6/11/2022,9:30 PM,77,94,3,29.76,Partly Cloudy
6/11/2022,10:00 PM,77,94,0,29.76,Mostly Cloudy
6/11/2022,10:30 PM,77,94,0,29.79,Mostly Cloudy
6/11/2022,11:00 PM,77,94,2,29.79,Mostly Cloudy
6/11/2022,11:30 PM,77,94,0,29.79,Mostly Cloudy
6/12/2022,12:00 AM,77,94,0,29.76,Mostly Cloudy
6/12/2022,12:30 AM,75,100,0,29.76,Partly Cloudy
6/12/2022,1:00 AM,75,100,0,29.73,Partly Cloudy
6/12/2022,1:30 AM,75,100,0,29.73,Partly Cloudy
6/12/2022,2:00 AM,75,100,0,29.70,Fair
6/12/2022,2:30 AM,75,100,2,29.70,Fair
6/12/2022,3:00 AM,75,100,0,29.70,Fair
6/12/2022,3:30 AM,75,100,0,29.67,Fair
6/12/2022,4:00 AM,75,100,0,29.67,Fair
6/12/2022,4:30 AM,75,100,0,29.67,Fair
6/12/2022,5:00 AM,75,94,0,29.70,Fair
6/12/2022,5:30 AM,75,94,0,29.70,Fair
6/12/2022,6:00 AM,75,100,0,29.70,Fair
6/12/2022,6:30 AM,75,94,0,29.70,Fair
6/12/2022,7:00 AM,77,94,0,29.70,Fair
6/12/2022,7:30 AM,77,94,0,29.73,Fair
6/12/2022,8:00 AM,79,89,2,29.73,Fair
6/12/2022,8:30 AM,81,84,3,29.76,Fair
6/12/2022,9:00 AM,82,79,5,29.76,Fair
6/12/2022,9:30 AM,82,79,5,29.76,Fair
6/12/2022,10:00 AM,84,74,5,29.76,Fair
6/12/2022,10:30 AM,86,70,3,29.76,Fair
6/12/2022,11:00 AM,86,70,3,29.73,Fair
6/12/2022,11:30 AM,88,66,2,29.73,Partly Cloudy
6/12/2022,12:00 PM,90,62,2,29.73,Partly Cloudy
6/12/2022,12:30 PM,88,66,5,29.73,Showers in the Vicinity
6/12/2022,1:00 PM,86,66,14,29.70,Showers in the Vicinity
6/12/2022,1:30 PM,82,79,8,29.70,Light Rain
6/12/2022,2:00 PM,84,70,2,29.67,Showers in the Vicinity
6/12/2022,2:30 PM,82,79,3,29.67,Light Rain
6/12/2022,3:00 PM,84,79,3,29.67,Mostly Cloudy
6/12/2022,3:30 PM,84,79,6,29.67,Mostly Cloudy
6/12/2022,4:00 PM,84,74,3,29.64,Mostly Cloudy
6/12/2022,4:30 PM,84,74,0,29.67,Mostly Cloudy
6/12/2022,5:00 PM,84,79,0,29.67,Mostly Cloudy
6/12/2022,5:30 PM,84,79,0,29.67,Mostly Cloudy
6/12/2022,6:00 PM,84,79,0,29.67,Mostly Cloudy
6/12/2022,6:30 PM,84,79,0,29.67,Mostly Cloudy
6/12/2022,7:00 PM,82,84,2,29.67,Partly Cloudy
6/12/2022,7:30 PM,82,79,2,29.70,Partly Cloudy
6/12/2022,8:00 PM,82,79,3,29.70,Partly Cloudy
6/12/2022,8:30 PM,81,84,0,29.70,Partly Cloudy
6/12/2022,9:00 PM,81,89,0,29.73,Partly Cloudy
6/12/2022,9:30 PM,81,89,0,29.73,Partly Cloudy
6/12/2022,10:00 PM,79,94,0,29.73,Partly Cloudy
6/12/2022,10:30 PM,79,94,0,29.73,Partly Cloudy
6/12/2022,11:00 PM,79,94,0,29.73,Partly Cloudy
6/12/2022,11:30 PM,79,94,0,29.73,Mostly Cloudy
6/13/2022,12:00 AM,79,94,0,29.73,Mostly Cloudy
6/13/2022,12:30 AM,79,94,0,29.73,Mostly Cloudy
6/13/2022,1:00 AM,77,100,0,29.70,Partly Cloudy
6/13/2022,1:30 AM,77,100,0,29.70,Partly Cloudy
6/13/2022,2:00 AM,77,100,0,29.70,Partly Cloudy
6/13/2022,2:30 AM,77,100,0,29.70,Partly Cloudy
6/13/2022,3:00 AM,77,100,0,29.67,Partly Cloudy
6/13/2022,3:30 AM,77,100,0,29.67,Partly Cloudy
6/13/2022,4:00 AM,77,94,0,29.67,Partly Cloudy
6/13/2022,4:30 AM,77,94,0,29.67,Partly Cloudy
6/13/2022,5:00 AM,77,94,0,29.67,Partly Cloudy
6/13/2022,5:30 AM,75,100,0,29.67,Fair
6/13/2022,6:00 AM,77,94,0,29.70,Fair
6/13/2022,6:30 AM,75,100,0,29.70,Fair
6/13/2022,7:00 AM,77,100,0,29.73,Fair
6/13/2022,7:30 AM,79,94,0,29.73,Fair
6/13/2022,8:00 AM,81,89,0,29.73,Fair
6/13/2022,8:30 AM,82,84,3,29.73,Fair
6/13/2022,9:00 AM,84,79,2,29.73,Fair
6/13/2022,9:30 AM,86,74,2,29.73,Fair
6/13/2022,10:00 AM,90,62,0,29.73,Fair
6/13/2022,10:30 AM,90,62,5,29.73,Fair
6/13/2022,11:00 AM,90,62,2,29.73,Fair
6/13/2022,11:30 AM,91,59,0,29.70,Fair
6/13/2022,12:00 PM,91,59,2,29.70,Fair
6/13/2022,12:30 PM,90,59,3,29.67,Partly Cloudy
6/13/2022,1:00 PM,91,55,0,29.67,Partly Cloudy
6/13/2022,1:30 PM,90,59,0,29.67,Showers in the Vicinity
6/13/2022,2:00 PM,93,52,0,29.64,Showers in the Vicinity
6/13/2022,2:30 PM,88,66,14,29.64,Showers in the Vicinity
6/13/2022,3:00 PM,90,62,9,29.61,Mostly Cloudy
6/13/2022,3:30 PM,91,55,6,29.58,Showers in the Vicinity
6/13/2022,4:00 PM,82,79,12,29.61,Light Rain
6/13/2022,4:30 PM,82,79,6,29.58,Light Rain with Thunder
6/13/2022,5:00 PM,82,79,5,29.58,Thunder
6/13/2022,5:30 PM,82,74,6,29.61,Showers in the Vicinity
6/13/2022,6:00 PM,82,79,6,29.61,Mostly Cloudy
6/13/2022,6:30 PM,82,79,2,29.61,Mostly Cloudy
6/13/2022,7:00 PM,81,84,0,29.64,Mostly Cloudy
6/13/2022,7:30 PM,81,84,0,29.67,Mostly Cloudy
6/13/2022,8:00 PM,81,79,0,29.67,Mostly Cloudy
6/13/2022,8:30 PM,81,84,0,29.70,Mostly Cloudy
6/13/2022,9:00 PM,79,89,0,29.70,Mostly Cloudy
6/13/2022,9:30 PM,79,94,0,29.70,Mostly Cloudy
6/13/2022,10:00 PM,79,94,0,29.70,Mostly Cloudy
6/13/2022,10:30 PM,79,94,0,29.70,Mostly Cloudy
6/13/2022,11:00 PM,79,94,0,29.70,Mostly Cloudy
6/13/2022,11:30 PM,79,94,0,29.73,Partly Cloudy
6/14/2022,12:00 AM,79,94,0,29.70,Partly Cloudy
6/14/2022,12:30 AM,79,94,0,29.70,Partly Cloudy
6/14/2022,1:00 AM,79,94,0,29.70,Partly Cloudy
6/14/2022,1:30 AM,79,94,3,29.70,Partly Cloudy
6/14/2022,2:00 AM,79,94,0,29.67,Partly Cloudy
6/14/2022,2:30 AM,77,100,0,29.67,Partly Cloudy
6/14/2022,3:00 AM,77,100,0,29.64,Partly Cloudy
6/14/2022,3:30 AM,77,100,0,29.67,Partly Cloudy
6/14/2022,4:00 AM,77,100,0,29.64,Partly Cloudy
6/14/2022,4:30 AM,77,100,0,29.64,Partly Cloudy
6/14/2022,5:00 AM,77,94,1,29.64,Fair
6/14/2022,5:30 AM,77,100,0,29.67,Fair
6/14/2022,6:00 AM,77,100,0,29.67,Fair
6/14/2022,6:30 AM,77,100,0,29.67,Fair
6/14/2022,7:00 AM,77,100,0,29.70,Fair
6/14/2022,7:30 AM,81,89,0,29.70,Fair
6/14/2022,8:00 AM,82,84,0,29.70,Fair
6/14/2022,8:30 AM,82,89,2,29.73,Partly Cloudy
6/14/2022,9:00 AM,84,84,2,29.73,Partly Cloudy
6/14/2022,9:30 AM,86,74,3,29.73,Partly Cloudy
6/14/2022,10:00 AM,86,74,2,29.73,Partly Cloudy
6/14/2022,10:30 AM,86,70,2,29.73,Mostly Cloudy
6/14/2022,11:00 AM,88,70,3,29.70,Mostly Cloudy
6/14/2022,11:30 AM,88,66,3,29.70,Showers in the Vicinity
6/14/2022,12:00 PM,90,66,3,29.70,Showers in the Vicinity
6/14/2022,12:30 PM,88,70,8,29.67,Showers in the Vicinity
6/14/2022,1:00 PM,90,62,6,29.67,Mostly Cloudy
6/14/2022,1:30 PM,90,66,12,29.64,Mostly Cloudy
6/14/2022,2:00 PM,79,89,15,29.64,Light Rain
6/14/2022,2:30 PM,79,89,8,29.64,Light Rain with Thunder
6/14/2022,3:00 PM,79,89,9,29.64,Light Rain with Thunder
6/14/2022,3:30 PM,79,89,9,29.64,Light Rain with Thunder
6/14/2022,4:00 PM,77,94,3,29.64,Light Rain
6/14/2022,4:30 PM,79,94,0,29.64,Mostly Cloudy
6/14/2022,5:00 PM,79,94,0,29.64,Mostly Cloudy
6/14/2022,5:30 PM,79,94,2,29.64,Mostly Cloudy
6/14/2022,6:00 PM,79,94,0,29.64,Partly Cloudy
6/14/2022,6:30 PM,79,94,0,29.64,Fair
6/14/2022,7:00 PM,79,100,0,29.67,Fair
6/14/2022,7:30 PM,79,94,0,29.67,Fair
6/14/2022,8:00 PM,79,94,0,29.67,Fair
6/14/2022,8:30 PM,77,100,0,29.70,Fair
6/14/2022,9:00 PM,79,94,0,29.70,Fair
6/14/2022,9:30 PM,77,100,0,29.70,Fair
6/14/2022,10:00 PM,77,100,0,29.70,Fair
6/14/2022,10:30 PM,77,100,0,29.70,Fair
6/14/2022,11:00 PM,77,100,0,29.70,Fair
6/14/2022,11:30 PM,77,100,3,29.73,Fair
6/15/2022,12:00 AM,77,100,0,29.70,Fair
6/15/2022,12:30 AM,77,100,0,29.70,Partly Cloudy
6/15/2022,1:00 AM,77,100,0,29.70,Partly Cloudy
6/15/2022,1:30 AM,77,100,0,29.70,Mostly Cloudy
6/15/2022,2:00 AM,77,100,0,29.70,Mostly Cloudy
6/15/2022,2:30 AM,77,100,0,29.67,Mostly Cloudy
6/15/2022,3:00 AM,77,100,0,29.67,Mostly Cloudy
6/15/2022,3:30 AM,77,100,0,29.67,Mostly Cloudy
6/15/2022,4:00 AM,77,100,0,29.67,Mostly Cloudy
6/15/2022,4:30 AM,77,100,0,29.67,Fog
6/15/2022,5:00 AM,77,100,0,29.67,Fog
6/15/2022,5:30 AM,77,100,0,29.67,Fog
6/15/2022,6:00 AM,77,100,0,29.67,Fog
6/15/2022,6:30 AM,77,100,0,29.70,Fog
6/15/2022,7:00 AM,77,100,5,29.70,Fog
6/15/2022,7:30 AM,77,100,5,29.70,Fog
6/15/2022,8:00 AM,79,94,0,29.70,Fog
6/15/2022,8:30 AM,79,94,0,29.73,Mostly Cloudy
6/15/2022,9:00 AM,81,94,0,29.73,Mostly Cloudy
6/15/2022,9:30 AM,84,84,2,29.73,Mostly Cloudy
6/15/2022,10:00 AM,84,79,0,29.73,Mostly Cloudy
6/15/2022,10:30 AM,88,70,0,29.73,Mostly Cloudy
6/15/2022,11:00 AM,88,70,0,29.73,Mostly Cloudy
6/15/2022,11:30 AM,88,66,3,29.70,Mostly Cloudy
6/15/2022,12:00 PM,90,66,3,29.70,Mostly Cloudy
6/15/2022,12:30 PM,90,59,14,29.70,Showers in the Vicinity
6/15/2022,1:00 PM,81,74,12,29.70,Light Rain
6/15/2022,1:30 PM,84,70,7,29.70,Mostly Cloudy
6/15/2022,2:00 PM,84,74,5,29.67,Mostly Cloudy
6/15/2022,2:30 PM,86,70,6,29.67,Mostly Cloudy
6/15/2022,3:00 PM,84,79,5,29.67,Mostly Cloudy
6/15/2022,3:30 PM,84,74,6,29.64,Mostly Cloudy
6/15/2022,4:00 PM,84,79,2,29.64,Mostly Cloudy
6/15/2022,4:30 PM,84,79,2,29.64,Mostly Cloudy
6/15/2022,5:00 PM,84,79,0,29.64,Light Rain
6/15/2022,5:30 PM,82,84,5,29.64,Light Rain
6/15/2022,6:00 PM,81,94,0,29.64,Light Rain
6/15/2022,6:30 PM,81,94,0,29.67,Mostly Cloudy
6/15/2022,7:00 PM,81,94,0,29.67,Partly Cloudy
6/15/2022,7:30 PM,81,94,0,29.67,Partly Cloudy
6/15/2022,8:00 PM,79,100,0,29.70,Partly Cloudy
6/15/2022,8:30 PM,79,100,0,29.73,Partly Cloudy
6/15/2022,9:00 PM,79,100,0,29.73,Partly Cloudy
6/15/2022,9:30 PM,79,100,0,29.76,Partly Cloudy
6/15/2022,10:00 PM,79,100,0,29.76,Partly Cloudy
6/15/2022,10:30 PM,79,94,0,29.76,Partly Cloudy
6/15/2022,11:00 PM,79,94,0,29.76,Fair
6/15/2022,11:30 PM,77,100,0,29.76,Fair
6/16/2022,12:00 AM,77,100,0,29.76,Fair
6/16/2022,12:30 AM,77,100,0,29.76,Partly Cloudy
6/16/2022,1:00 AM,77,100,0,29.76,Mostly Cloudy
6/16/2022,1:30 AM,77,94,0,29.73,Light Rain
6/16/2022,2:00 AM,77,94,0,29.73,Light Rain
6/16/2022,2:30 AM,77,94,0,29.73,Mostly Cloudy
6/16/2022,3:00 AM,77,94,0,29.73,Mostly Cloudy
6/16/2022,3:30 AM,75,100,0,29.73,Mostly Cloudy
6/16/2022,4:00 AM,75,100,0,29.73,Mostly Cloudy
6/16/2022,4:30 AM,75,100,0,29.73,Mostly Cloudy
6/16/2022,5:00 AM,75,100,0,29.73,Mostly Cloudy
6/16/2022,5:30 AM,75,94,0,29.73,Partly Cloudy
6/16/2022,6:00 AM,75,94,2,29.73,Fair
6/16/2022,6:30 AM,75,94,0,29.76,Fair
6/16/2022,7:00 AM,75,94,0,29.73,Fair
6/16/2022,7:30 AM,77,94,0,29.73,Fair
6/16/2022,8:00 AM,79,83,6,29.76,Fair
6/16/2022,8:30 AM,79,89,6,29.76,Partly Cloudy
6/16/2022,9:00 AM,81,84,8,29.76,Partly Cloudy
6/16/2022,9:30 AM,82,79,7,29.76,Fair
6/16/2022,10:00 AM,84,74,6,29.76,Fair
6/16/2022,10:30 AM,84,70,8,29.73,Fair
6/16/2022,11:00 AM,86,70,7,29.73,Fair
6/16/2022,11:30 AM,88,66,3,29.70,Fair
6/16/2022,12:00 PM,88,66,3,29.70,Fair
6/16/2022,12:30 PM,90,66,2,29.67,Fair
6/16/2022,1:00 PM,90,66,5,29.67,Fair
6/16/2022,1:30 PM,91,55,2,29.67,Fair
6/16/2022,2:00 PM,91,59,5,29.64,Fair
6/16/2022,2:30 PM,91,59,5,29.64,Fair
6/16/2022,3:00 PM,91,59,2,29.64,Fair
6/16/2022,3:30 PM,93,56,2,29.61,Fair
6/16/2022,4:00 PM,91,63,5,29.61,Fair
6/16/2022,4:30 PM,91,63,6,29.61,Fair
6/16/2022,5:00 PM,90,70,5,29.61,Partly Cloudy
6/16/2022,5:30 PM,88,70,6,29.61,Showers in the Vicinity
6/16/2022,6:00 PM,86,66,3,29.64,Partly Cloudy
6/16/2022,6:30 PM,86,70,2,29.64,Partly Cloudy
6/16/2022,7:00 PM,86,74,6,29.64,Fair
6/16/2022,7:30 PM,86,74,5,29.67,Fair
6/16/2022,8:00 PM,84,79,5,29.67,Fair
6/16/2022,8:30 PM,84,79,0,29.70,Fair
6/16/2022,9:00 PM,84,79,0,29.70,Fair
6/16/2022,9:30 PM,82,84,0,29.73,Fair
6/16/2022,10:00 PM,82,84,0,29.73,Fair
6/16/2022,10:30 PM,82,84,0,29.73,Fair
6/16/2022,11:00 PM,81,94,0,29.76,Partly Cloudy
6/16/2022,11:30 PM,81,94,0,29.76,Fair
6/17/2022,12:00 AM,81,94,0,29.76,Fair
6/17/2022,12:30 AM,81,94,0,29.76,Fair
6/17/2022,1:00 AM,81,94,0,29.73,Partly Cloudy
6/17/2022,1:30 AM,81,94,0,29.73,Fair
6/17/2022,2:00 AM,81,94,0,29.73,Fair
6/17/2022,2:30 AM,79,100,3,29.73,Fair
6/17/2022,3:00 AM,79,100,0,29.73,Fair
6/17/2022,3:30 AM,79,100,5,29.73,Fair
6/17/2022,4:00 AM,79,94,0,29.70,Fair
6/17/2022,4:30 AM,79,94,0,29.70,Fair
6/17/2022,5:00 AM,77,100,0,29.70,Fair
6/17/2022,5:30 AM,77,100,0,29.70,Fair
6/17/2022,6:00 AM,77,100,0,29.73,Fair
6/17/2022,6:30 AM,77,100,0,29.73,Fair
6/17/2022,7:00 AM,77,100,0,29.73,Fair
6/17/2022,7:30 AM,79,94,0,29.73,Fair
6/17/2022,8:00 AM,79,94,0,29.73,Fair
6/17/2022,8:30 AM,82,84,0,29.73,Fair
6/17/2022,9:00 AM,84,74,0,29.73,Fair
6/17/2022,9:30 AM,86,74,0,29.73,Fair
6/17/2022,10:00 AM,86,70,0,29.73,Fair
6/17/2022,10:30 AM,90,66,0,29.73,Fair
6/17/2022,11:00 AM,90,66,2,29.73,Fair
6/17/2022,11:30 AM,91,63,0,29.73,Partly Cloudy
6/17/2022,12:00 PM,90,62,3,29.70,Showers in the Vicinity
6/17/2022,12:30 PM,91,55,6,29.70,Light Rain
6/17/2022,1:00 PM,82,74,15,29.70,Showers in the Vicinity
6/17/2022,1:30 PM,82,74,8,29.70,Light Rain with Thunder
6/17/2022,2:00 PM,81,84,6,29.70,Light Rain with Thunder
6/17/2022,2:30 PM,79,89,5,29.67,Light Rain
6/17/2022,3:00 PM,81,89,0,29.67,Mostly Cloudy
6/17/2022,3:30 PM,81,89,0,29.67,Mostly Cloudy
6/17/2022,4:00 PM,81,89,0,29.67,Mostly Cloudy
6/17/2022,4:30 PM,81,89,0,29.64,Mostly Cloudy
6/17/2022,5:00 PM,81,94,0,29.67,Mostly Cloudy
6/17/2022,5:30 PM,81,94,0,29.67,Mostly Cloudy
6/17/2022,6:00 PM,79,94,2,29.67,Mostly Cloudy
6/17/2022,6:30 PM,79,89,5,29.67,Mostly Cloudy
6/17/2022,7:00 PM,77,94,0,29.70,Partly Cloudy
6/17/2022,7:30 PM,77,94,0,29.70,Partly Cloudy
6/17/2022,8:00 PM,77,94,0,29.73,Partly Cloudy
6/17/2022,8:30 PM,77,94,2,29.73,Partly Cloudy
6/17/2022,9:00 PM,77,94,0,29.73,Partly Cloudy
6/17/2022,9:30 PM,77,94,0,29.76,Partly Cloudy
6/17/2022,10:00 PM,77,94,0,29.76,Partly Cloudy
6/17/2022,10:30 PM,77,94,0,29.76,Partly Cloudy
6/17/2022,11:00 PM,77,94,0,29.76,Partly Cloudy
6/17/2022,11:30 PM,77,94,0,29.76,Partly Cloudy
6/18/2022,12:00 AM,77,94,0,29.76,Partly Cloudy
6/18/2022,12:30 AM,77,94,0,29.76,Partly Cloudy
6/18/2022,1:00 AM,77,94,0,29.73,Partly Cloudy
6/18/2022,1:30 AM,77,94,0,29.73,Partly Cloudy
6/18/2022,2:00 AM,75,100,0,29.70,Partly Cloudy
6/18/2022,2:30 AM,75,100,0,29.70,Partly Cloudy
6/18/2022,3:00 AM,75,100,0,29.70,Fog
6/18/2022,3:30 AM,75,100,0,29.70,Fog
6/18/2022,4:00 AM,75,100,0,29.70,Partly Cloudy
6/18/2022,4:30 AM,75,100,0,29.70,Partly Cloudy
6/18/2022,5:00 AM,75,100,0,29.70,Fog
6/18/2022,5:30 AM,75,100,0,29.70,Fog
6/18/2022,6:00 AM,75,100,0,29.73,Fog
6/18/2022,6:30 AM,75,100,0,29.73,Partly Cloudy
6/18/2022,7:00 AM,75,100,0,29.73,Partly Cloudy
6/18/2022,7:30 AM,77,94,0,29.76,Partly Cloudy
6/18/2022,8:00 AM,77,94,0,29.76,Partly Cloudy
6/18/2022,8:30 AM,79,94,0,29.76,Partly Cloudy
6/18/2022,9:00 AM,81,89,0,29.76,Partly Cloudy
6/18/2022,9:30 AM,81,89,2,29.76,Partly Cloudy
6/18/2022,10:00 AM,82,84,5,29.76,Partly Cloudy
6/18/2022,10:30 AM,84,79,5,29.76,Partly Cloudy
6/18/2022,11:00 AM,86,74,2,29.73,Fair
6/18/2022,11:30 AM,88,70,3,29.73,Partly Cloudy
6/18/2022,12:00 PM,90,66,0,29.73,Partly Cloudy
6/18/2022,12:30 PM,90,62,2,29.73,Partly Cloudy
6/18/2022,1:00 PM,90,62,0,29.70,Partly Cloudy
6/18/2022,1:30 PM,90,62,0,29.70,Partly Cloudy
6/18/2022,2:00 PM,91,59,0,29.67,Mostly Cloudy
6/18/2022,2:30 PM,90,59,2,29.67,Mostly Cloudy
6/18/2022,3:00 PM,91,55,2,29.64,Showers in the Vicinity
6/18/2022,3:30 PM,90,62,8,29.64,Mostly Cloudy
6/18/2022,4:00 PM,88,66,9,29.64,Mostly Cloudy
6/18/2022,4:30 PM,86,70,3,29.61,Mostly Cloudy
6/18/2022,5:00 PM,84,74,2,29.64,Mostly Cloudy
6/18/2022,5:30 PM,84,74,2,29.64,Partly Cloudy
6/18/2022,6:00 PM,84,70,2,29.64,Partly Cloudy
6/18/2022,6:30 PM,84,70,0,29.67,Fair
6/18/2022,7:00 PM,82,74,0,29.67,Mostly Cloudy
6/18/2022,7:30 PM,82,74,2,29.70,Mostly Cloudy
6/18/2022,8:00 PM,82,74,2,29.70,Mostly Cloudy
6/18/2022,8:30 PM,81,79,0,29.73,Mostly Cloudy
6/18/2022,9:00 PM,81,79,0,29.73,Mostly Cloudy
6/18/2022,9:30 PM,81,84,0,29.73,Partly Cloudy
6/18/2022,10:00 PM,81,84,3,29.76,Mostly Cloudy
6/18/2022,10:30 PM,81,74,2,29.76,Mostly Cloudy
6/18/2022,11:00 PM,79,83,3,29.76,Partly Cloudy
6/18/2022,11:30 PM,79,83,0,29.76,Partly Cloudy
6/19/2022,12:00 AM,77,89,0,29.73,Partly Cloudy
6/19/2022,12:30 AM,77,89,0,29.73,Fair
6/19/2022,1:00 AM,77,89,0,29.73,Fair
6/19/2022,1:30 AM,77,94,0,29.70,Fair
6/19/2022,2:00 AM,77,89,2,29.70,Fair
6/19/2022,2:30 AM,77,89,0,29.70,Fair
6/19/2022,3:00 AM,77,94,0,29.70,Fair
6/19/2022,3:30 AM,75,100,0,29.67,Fair
6/19/2022,4:00 AM,75,100,0,29.67,Fair
6/19/2022,4:30 AM,75,100,0,29.67,Fair
6/19/2022,5:00 AM,75,100,0,29.70,Fair
6/19/2022,5:30 AM,75,100,0,29.70,Fair
6/19/2022,6:00 AM,75,100,0,29.70,Partly Cloudy
6/19/2022,6:30 AM,75,100,0,29.70,Partly Cloudy
6/19/2022,7:00 AM,77,100,2,29.73,Mostly Cloudy
6/19/2022,7:30 AM,79,94,0,29.73,Partly Cloudy
6/19/2022,8:00 AM,79,94,2,29.73,Partly Cloudy
6/19/2022,8:30 AM,81,89,0,29.73,Partly Cloudy
6/19/2022,9:00 AM,82,79,3,29.73,Partly Cloudy
6/19/2022,9:30 AM,84,74,6,29.73,Partly Cloudy
6/19/2022,10:00 AM,84,74,5,29.73,Mostly Cloudy
6/19/2022,10:30 AM,86,70,2,29.73,Mostly Cloudy
6/19/2022,11:00 AM,86,70,5,29.73,Mostly Cloudy
6/19/2022,11:30 AM,90,62,7,29.70,Mostly Cloudy
6/19/2022,12:00 PM,90,62,6,29.70,Partly Cloudy
6/19/2022,12:30 PM,90,62,7,29.70,Partly Cloudy
6/19/2022,1:00 PM,90,59,3,29.67,Partly Cloudy
6/19/2022,1:30 PM,91,55,5,29.67,Partly Cloudy
6/19/2022,2:00 PM,91,55,2,29.64,Showers in the Vicinity
6/19/2022,2:30 PM,91,59,2,29.64,Showers in the Vicinity
6/19/2022,3:00 PM,90,62,8,29.61,Showers in the Vicinity
6/19/2022,3:30 PM,79,83,10,29.61,T-Storm
6/19/2022,4:00 PM,81,84,12,29.61,Light Rain with Thunder
6/19/2022,4:30 PM,79,83,7,29.61,Partly Cloudy
6/19/2022,5:00 PM,81,84,3,29.61,Partly Cloudy
6/19/2022,5:30 PM,84,79,2,29.61,Partly Cloudy
6/19/2022,6:00 PM,84,79,2,29.61,Partly Cloudy
6/19/2022,6:30 PM,82,84,2,29.61,Mostly Cloudy
6/19/2022,7:00 PM,82,84,3,29.61,Mostly Cloudy
6/19/2022,7:30 PM,82,84,2,29.64,Mostly Cloudy
6/19/2022,8:00 PM,82,84,3,29.67,Mostly Cloudy
6/19/2022,8:30 PM,81,89,3,29.67,Partly Cloudy
6/19/2022,9:00 PM,81,89,3,29.70,Partly Cloudy
6/19/2022,9:30 PM,81,89,0,29.70,Partly Cloudy
6/19/2022,10:00 PM,81,89,0,29.70,Partly Cloudy
6/19/2022,10:30 PM,79,94,0,29.70,Fair
6/19/2022,11:00 PM,79,94,0,29.70,Fair
6/19/2022,11:30 PM,79,94,0,29.70,Fair
6/20/2022,12:00 AM,79,94,0,29.70,Fair
6/20/2022,12:30 AM,79,94,0,29.70,Fair
6/20/2022,1:00 AM,79,94,0,29.67,Fair
6/20/2022,1:30 AM,79,94,0,29.67,Fair
6/20/2022,2:00 AM,77,100,0,29.64,Fair
6/20/2022,2:30 AM,77,100,0,29.64,Fair
6/20/2022,3:00 AM,77,100,0,29.64,Fair
6/20/2022,3:30 AM,77,100,0,29.64,Fair
6/20/2022,4:00 AM,77,100,0,29.64,Fair
6/20/2022,4:30 AM,77,100,0,29.64,Fair
6/20/2022,5:00 AM,77,100,0,29.64,Fair
6/20/2022,5:30 AM,77,100,0,29.64,Fair
6/20/2022,6:00 AM,77,100,0,29.64,Fair
6/20/2022,6:30 AM,77,100,0,29.67,Fair
6/20/2022,7:00 AM,79,94,0,29.67,Fair
6/20/2022,7:30 AM,81,89,0,29.67,Fair
6/20/2022,8:00 AM,81,94,3,29.67,Fair
6/20/2022,8:30 AM,82,84,3,29.67,Fair
6/20/2022,9:00 AM,84,84,7,29.67,Fair
6/20/2022,9:30 AM,84,79,6,29.67,Fair
6/20/2022,10:00 AM,86,74,6,29.67,Fair
6/20/2022,10:30 AM,86,74,6,29.67,Partly Cloudy
6/20/2022,11:00 AM,88,70,8,29.64,Partly Cloudy
6/20/2022,11:30 AM,88,66,6,29.64,Partly Cloudy
6/20/2022,12:00 PM,90,62,7,29.64,Partly Cloudy
6/20/2022,12:30 PM,90,66,6,29.64,Partly Cloudy
6/20/2022,1:00 PM,91,59,7,29.61,Partly Cloudy
6/20/2022,1:30 PM,91,63,7,29.61,Partly Cloudy
6/20/2022,2:00 PM,91,63,10,29.58,Mostly Cloudy
6/20/2022,2:30 PM,90,66,10,29.58,Mostly Cloudy
6/20/2022,3:00 PM,90,62,9,29.55,Partly Cloudy
6/20/2022,3:30 PM,88,66,6,29.58,Partly Cloudy
6/20/2022,4:00 PM,88,66,5,29.55,Partly Cloudy
6/20/2022,4:30 PM,88,70,6,29.55,Partly Cloudy
6/20/2022,5:00 PM,88,70,6,29.55,Partly Cloudy
6/20/2022,5:30 PM,88,70,7,29.58,Thunder
6/20/2022,6:00 PM,86,70,9,29.58,Thunder
6/20/2022,6:30 PM,82,79,6,29.61,Thunder
6/20/2022,7:00 PM,77,89,3,29.61,Light Rain with Thunder
6/20/2022,7:30 PM,77,94,3,29.61,Light Rain with Thunder
6/20/2022,8:00 PM,77,94,0,29.61,Light Rain with Thunder
6/20/2022,8:30 PM,77,94,0,29.64,Light Rain
6/20/2022,9:00 PM,77,100,0,29.64,Light Rain
6/20/2022,9:30 PM,77,100,0,29.64,Light Rain
6/20/2022,10:00 PM,77,100,0,29.67,Mostly Cloudy
6/20/2022,10:30 PM,77,100,2,29.67,Mostly Cloudy
6/20/2022,11:00 PM,77,94,0,29.67,Mostly Cloudy
6/20/2022,11:30 PM,77,100,0,29.67,Partly Cloudy
6/21/2022,12:00 AM,77,94,2,29.64,Partly Cloudy
6/21/2022,12:30 AM,77,94,0,29.64,Fair
6/21/2022,1:00 AM,77,94,0,29.64,Fair
6/21/2022,1:30 AM,77,94,0,29.64,Fair
6/21/2022,2:00 AM,77,94,0,29.64,Fair
6/21/2022,2:30 AM,77,94,0,29.64,Fair
6/21/2022,3:00 AM,75,100,0,29.64,Fair
6/21/2022,3:30 AM,75,100,0,29.64,Fair
6/21/2022,4:00 AM,77,94,5,29.61,Fair
6/21/2022,4:30 AM,77,94,3,29.61,Fair
6/21/2022,5:00 AM,77,94,0,29.61,Fair
6/21/2022,5:30 AM,77,94,0,29.61,Fair
6/21/2022,6:00 AM,75,100,2,29.64,Fair
6/21/2022,6:30 AM,75,100,2,29.64,Partly Cloudy
6/21/2022,7:00 AM,77,94,0,29.64,Partly Cloudy
6/21/2022,7:30 AM,77,94,5,29.67,Mostly Cloudy
6/21/2022,8:00 AM,79,89,3,29.67,Partly Cloudy
6/21/2022,8:30 AM,81,84,5,29.67,Partly Cloudy
6/21/2022,9:00 AM,82,84,6,29.67,Fair
6/21/2022,9:30 AM,84,79,5,29.67,Fair
6/21/2022,10:00 AM,84,74,7,29.67,Fair
6/21/2022,10:30 AM,86,70,6,29.67,Partly Cloudy
6/21/2022,11:00 AM,86,70,5,29.64,Partly Cloudy
6/21/2022,11:30 AM,88,66,5,29.64,Partly Cloudy
6/21/2022,12:00 PM,88,66,2,29.64,Partly Cloudy
6/21/2022,12:30 PM,88,66,6,29.61,Partly Cloudy
6/21/2022,1:00 PM,90,62,6,29.61,Partly Cloudy
6/21/2022,1:30 PM,88,66,8,29.58,Partly Cloudy
6/21/2022,2:00 PM,90,62,8,29.58,Fair
6/21/2022,2:30 PM,90,62,8,29.55,Fair
6/21/2022,3:00 PM,90,62,8,29.55,Partly Cloudy
6/21/2022,3:30 PM,90,62,8,29.55,Fair
6/21/2022,4:00 PM,88,62,10,29.55,Partly Cloudy
6/21/2022,4:30 PM,86,66,10,29.55,Partly Cloudy
6/21/2022,5:00 PM,84,70,9,29.58,Partly Cloudy
6/21/2022,5:30 PM,84,70,7,29.58,Showers in the Vicinity
6/21/2022,6:00 PM,84,74,3,29.61,Partly Cloudy
6/21/2022,6:30 PM,84,74,2,29.61,Fair
6/21/2022,7:00 PM,82,84,3,29.61,Fair
6/21/2022,7:30 PM,81,89,2,29.64,Fair
6/21/2022,8:00 PM,82,79,0,29.64,Partly Cloudy
6/21/2022,8:30 PM,81,89,0,29.67,Partly Cloudy
6/21/2022,9:00 PM,81,84,0,29.67,Partly Cloudy
6/21/2022,9:30 PM,81,84,0,29.70,Partly Cloudy
6/21/2022,10:00 PM,81,84,3,29.70,Partly Cloudy
6/21/2022,10:30 PM,79,89,0,29.70,Partly Cloudy
6/21/2022,11:00 PM,79,89,0,29.70,Partly Cloudy
6/21/2022,11:30 PM,79,89,2,29.67,Mostly Cloudy
6/22/2022,12:00 AM,79,89,2,29.67,Mostly Cloudy
6/22/2022,12:30 AM,79,89,0,29.67,Mostly Cloudy
6/22/2022,1:00 AM,79,89,0,29.67,Light Rain
6/22/2022,1:30 AM,79,89,0,29.67,Mostly Cloudy
6/22/2022,2:00 AM,79,89,0,29.64,Mostly Cloudy
6/22/2022,2:30 AM,77,100,2,29.64,Mostly Cloudy
6/22/2022,3:00 AM,77,94,3,29.64,Mostly Cloudy
6/22/2022,3:30 AM,79,94,0,29.64,Mostly Cloudy
6/22/2022,4:00 AM,79,89,0,29.64,Mostly Cloudy
6/22/2022,4:30 AM,79,94,0,29.64,Mostly Cloudy
6/22/2022,5:00 AM,77,100,0,29.67,Mostly Cloudy
6/22/2022,5:30 AM,77,100,0,29.67,Partly Cloudy
6/22/2022,6:00 AM,77,100,2,29.67,Partly Cloudy
6/22/2022,6:30 AM,77,100,0,29.67,Partly Cloudy
6/22/2022,7:00 AM,79,94,0,29.67,Partly Cloudy
6/22/2022,7:30 AM,81,89,0,29.70,Partly Cloudy
6/22/2022,8:00 AM,82,84,2,29.70,Partly Cloudy
6/22/2022,8:30 AM,84,79,3,29.70,Partly Cloudy
6/22/2022,9:00 AM,84,74,2,29.70,Partly Cloudy
6/22/2022,9:30 AM,86,66,5,29.73,Fair
6/22/2022,10:00 AM,88,66,5,29.73,Fair
6/22/2022,10:30 AM,88,62,5,29.73,Partly Cloudy
6/22/2022,11:00 AM,88,66,6,29.73,Showers in the Vicinity
6/22/2022,11:30 AM,86,70,8,29.70,Light Rain
6/22/2022,12:00 PM,88,62,9,29.70,Mostly Cloudy
6/22/2022,12:30 PM,88,62,6,29.70,Showers in the Vicinity
6/22/2022,1:00 PM,88,66,10,29.67,Showers in the Vicinity
6/22/2022,1:30 PM,88,66,8,29.67,Mostly Cloudy
6/22/2022,2:00 PM,86,66,8,29.67,Partly Cloudy
6/22/2022,2:30 PM,90,55,10,29.64,Partly Cloudy
6/22/2022,3:00 PM,90,59,9,29.64,Partly Cloudy
6/22/2022,3:30 PM,90,55,9,29.61,Fair
6/22/2022,4:00 PM,90,59,8,29.61,Fair
6/22/2022,4:30 PM,90,55,5,29.61,Fair
6/22/2022,5:00 PM,90,59,5,29.61,Fair
6/22/2022,5:30 PM,88,62,5,29.61,Fair
6/22/2022,6:00 PM,86,66,5,29.64,Fair
6/22/2022,6:30 PM,86,70,6,29.67,Fair
6/22/2022,7:00 PM,84,74,5,29.67,Fair
6/22/2022,7:30 PM,84,74,0,29.70,Fair
6/22/2022,8:00 PM,82,79,0,29.70,Fair
6/22/2022,8:30 PM,82,79,2,29.73,Fair
6/22/2022,9:00 PM,82,79,0,29.73,Fair
6/22/2022,9:30 PM,82,79,2,29.73,Fair
6/22/2022,10:00 PM,81,84,0,29.73,Fair
6/22/2022,10:30 PM,81,89,0,29.73,Fair
6/22/2022,11:00 PM,81,89,2,29.73,Fair
6/22/2022,11:30 PM,81,84,0,29.73,Fair
6/23/2022,12:00 AM,79,94,0,29.73,Fair
6/23/2022,12:30 AM,79,94,0,29.73,Fair
6/23/2022,1:00 AM,79,89,0,29.73,Partly Cloudy
6/23/2022,1:30 AM,79,89,0,29.73,Partly Cloudy
6/23/2022,2:00 AM,77,94,0,29.70,Fair
6/23/2022,2:30 AM,77,94,0,29.70,Fair
6/23/2022,3:00 AM,77,94,0,29.70,Fair
6/23/2022,3:30 AM,77,94,0,29.70,Fair
6/23/2022,4:00 AM,77,94,0,29.70,Fair
6/23/2022,4:30 AM,77,94,2,29.70,Fair
6/23/2022,5:00 AM,77,94,0,29.70,Fair
6/23/2022,5:30 AM,77,94,0,29.70,Fair
6/23/2022,6:00 AM,77,94,0,29.70,Partly Cloudy
6/23/2022,6:30 AM,77,94,0,29.70,Partly Cloudy
6/23/2022,7:00 AM,77,94,3,29.73,Mostly Cloudy
6/23/2022,7:30 AM,79,89,0,29.73,Partly Cloudy
6/23/2022,8:00 AM,79,94,3,29.76,Partly Cloudy
6/23/2022,8:30 AM,81,89,5,29.76,Partly Cloudy
6/23/2022,9:00 AM,82,84,6,29.76,Partly Cloudy
6/23/2022,9:30 AM,82,79,5,29.76,Partly Cloudy
6/23/2022,10:00 AM,84,74,6,29.73,Partly Cloudy
6/23/2022,10:30 AM,86,70,6,29.73,Partly Cloudy
6/23/2022,11:00 AM,88,62,8,29.73,Fair
6/23/2022,11:30 AM,88,66,8,29.70,Partly Cloudy
6/23/2022,12:00 PM,90,62,6,29.70,Partly Cloudy
6/23/2022,12:30 PM,84,74,3,29.70,Light Rain
6/23/2022,1:00 PM,88,75,5,29.67,Showers in the Vicinity
6/23/2022,1:30 PM,82,79,7,29.67,Thunder
6/23/2022,2:00 PM,79,94,6,29.67,Light Rain
6/23/2022,2:30 PM,79,94,6,29.64,Light Rain with Thunder
6/23/2022,3:00 PM,79,94,2,29.64,Light Rain with Thunder
6/23/2022,3:30 PM,79,94,3,29.64,Mostly Cloudy
6/23/2022,4:00 PM,79,94,3,29.64,Light Rain
6/23/2022,4:30 PM,79,94,0,29.64,Light Rain
6/23/2022,5:00 PM,79,94,0,29.64,Light Rain
6/23/2022,5:30 PM,79,94,0,29.67,Mostly Cloudy
6/23/2022,6:00 PM,79,94,5,29.67,Mostly Cloudy
6/23/2022,6:30 PM,79,94,5,29.67,Mostly Cloudy
6/23/2022,7:00 PM,79,94,3,29.70,Mostly Cloudy
6/23/2022,7:30 PM,79,94,2,29.70,Mostly Cloudy
6/23/2022,8:00 PM,77,94,0,29.70,Mostly Cloudy
6/23/2022,8:30 PM,79,94,0,29.73,Mostly Cloudy
6/23/2022,9:00 PM,77,100,0,29.73,Mostly Cloudy
6/23/2022,9:30 PM,77,100,0,29.73,Mostly Cloudy
6/23/2022,10:00 PM,77,100,0,29.76,Mostly Cloudy
6/23/2022,10:30 PM,77,94,0,29.76,Mostly Cloudy
6/23/2022,11:00 PM,77,94,0,29.76,Mostly Cloudy
6/23/2022,11:30 PM,77,94,0,29.76,Mostly Cloudy
6/24/2022,12:00 AM,77,94,0,29.73,Mostly Cloudy
6/24/2022,12:30 AM,77,94,0,29.73,Mostly Cloudy
6/24/2022,1:00 AM,77,100,0,29.73,Mostly Cloudy
6/24/2022,1:30 AM,77,100,0,29.73,Mostly Cloudy
6/24/2022,2:00 AM,77,100,0,29.70,Mostly Cloudy
6/24/2022,2:30 AM,77,100,0,29.70,Mostly Cloudy
6/24/2022,3:00 AM,77,94,0,29.70,Mostly Cloudy
6/24/2022,3:30 AM,77,94,0,29.70,Mostly Cloudy
6/24/2022,4:00 AM,75,94,6,29.70,Light Rain
6/24/2022,4:30 AM,75,94,3,29.70,Light Rain
6/24/2022,5:00 AM,75,94,5,29.70,Light Rain
6/24/2022,5:30 AM,75,94,3,29.70,Mostly Cloudy
6/24/2022,6:00 AM,75,94,0,29.73,Mostly Cloudy
6/24/2022,6:30 AM,75,94,0,29.70,Mostly Cloudy
6/24/2022,7:00 AM,75,94,2,29.73,Mostly Cloudy
6/24/2022,7:30 AM,75,94,0,29.73,Mostly Cloudy
6/24/2022,8:00 AM,77,89,5,29.73,Mostly Cloudy
6/24/2022,8:30 AM,77,89,3,29.73,Mostly Cloudy
6/24/2022,9:00 AM,79,89,5,29.73,Mostly Cloudy
6/24/2022,9:30 AM,81,79,6,29.73,Partly Cloudy
6/24/2022,10:00 AM,82,74,6,29.73,Partly Cloudy
6/24/2022,10:30 AM,84,70,6,29.73,Partly Cloudy
6/24/2022,11:00 AM,86,62,8,29.73,Partly Cloudy
6/24/2022,11:30 AM,86,70,8,29.70,Partly Cloudy
6/24/2022,12:00 PM,88,66,9,29.70,Partly Cloudy
6/24/2022,12:30 PM,86,62,13,29.67,Partly Cloudy
6/24/2022,1:00 PM,88,62,9,29.67,Partly Cloudy
6/24/2022,1:30 PM,88,62,13,29.67,Showers in the Vicinity
6/24/2022,2:00 PM,86,66,14,29.67,Mostly Cloudy
6/24/2022,2:30 PM,86,70,12,29.64,Mostly Cloudy
6/24/2022,3:00 PM,86,62,12,29.64,Showers in the Vicinity
6/24/2022,3:30 PM,84,70,9,29.64,Mostly Cloudy
6/24/2022,4:00 PM,84,70,12,29.61,Mostly Cloudy
6/24/2022,4:30 PM,84,66,12,29.61,Mostly Cloudy
6/24/2022,5:00 PM,84,66,10,29.61,Mostly Cloudy
6/24/2022,5:30 PM,82,70,8,29.64,Mostly Cloudy
6/24/2022,6:00 PM,82,70,6,29.64,Mostly Cloudy
6/24/2022,6:30 PM,81,74,7,29.64,Mostly Cloudy
6/24/2022,7:00 PM,81,74,3,29.67,Mostly Cloudy
6/24/2022,7:30 PM,79,78,3,29.67,Mostly Cloudy
6/24/2022,8:00 PM,79,78,2,29.67,Mostly Cloudy
6/24/2022,8:30 PM,79,83,0,29.67,Mostly Cloudy
6/24/2022,9:00 PM,79,83,0,29.70,Mostly Cloudy
6/24/2022,9:30 PM,77,89,3,29.70,Mostly Cloudy
6/24/2022,10:00 PM,77,89,3,29.70,Partly Cloudy
6/24/2022,10:30 PM,77,89,0,29.70,Partly Cloudy
6/24/2022,11:00 PM,77,89,3,29.70,Partly Cloudy
6/24/2022,11:30 PM,77,94,5,29.70,Partly Cloudy
6/25/2022,12:00 AM,77,94,3,29.67,Fair
6/25/2022,12:30 AM,77,89,2,29.67,Partly Cloudy
6/25/2022,1:00 AM,77,89,0,29.67,Partly Cloudy
6/25/2022,1:30 AM,77,89,0,29.67,Partly Cloudy
6/25/2022,2:00 AM,77,89,0,29.64,Partly Cloudy
6/25/2022,2:30 AM,77,94,0,29.64,Partly Cloudy
6/25/2022,3:00 AM,77,94,0,29.64,Partly Cloudy
6/25/2022,3:30 AM,77,94,0,29.64,Partly Cloudy
6/25/2022,4:00 AM,77,94,0,29.61,Partly Cloudy
6/25/2022,4:30 AM,77,94,0,29.61,Partly Cloudy
6/25/2022,5:00 AM,77,94,0,29.61,Partly Cloudy
6/25/2022,5:30 AM,75,100,0,29.61,Partly Cloudy
6/25/2022,6:00 AM,75,100,0,29.64,Partly Cloudy
6/25/2022,6:30 AM,75,100,0,29.64,Partly Cloudy
6/25/2022,7:00 AM,77,94,0,29.64,Partly Cloudy
6/25/2022,7:30 AM,77,94,0,29.67,Partly Cloudy
6/25/2022,8:00 AM,79,89,0,29.67,Partly Cloudy
6/25/2022,8:30 AM,81,84,0,29.67,Partly Cloudy
6/25/2022,9:00 AM,84,74,3,29.67,Fair
6/25/2022,9:30 AM,84,74,3,29.67,Partly Cloudy
6/25/2022,10:00 AM,86,70,6,29.67,Partly Cloudy
6/25/2022,10:30 AM,88,62,9,29.64,Partly Cloudy
6/25/2022,11:00 AM,88,62,10,29.64,Partly Cloudy
6/25/2022,11:30 AM,88,62,12,29.64,Fair
6/25/2022,12:00 PM,90,55,10,29.64,Fair
6/25/2022,12:30 PM,90,59,7,29.64,Fair
6/25/2022,1:00 PM,91,55,8,29.64,Partly Cloudy
6/25/2022,1:30 PM,90,59,8,29.61,Partly Cloudy
6/25/2022,2:00 PM,91,55,8,29.61,Showers in the Vicinity
6/25/2022,2:30 PM,90,59,9,29.61,Showers in the Vicinity
6/25/2022,3:00 PM,90,59,7,29.58,Mostly Cloudy
6/25/2022,3:30 PM,90,59,7,29.58,Partly Cloudy
6/25/2022,4:00 PM,90,55,9,29.58,Partly Cloudy
6/25/2022,4:30 PM,90,55,9,29.58,Partly Cloudy
6/25/2022,5:00 PM,90,55,9,29.58,Partly Cloudy
6/25/2022,5:30 PM,88,58,8,29.58,Partly Cloudy
6/25/2022,6:00 PM,88,58,6,29.58,Partly Cloudy
6/25/2022,6:30 PM,88,58,5,29.61,Partly Cloudy
6/25/2022,7:00 PM,86,62,5,29.61,Partly Cloudy
6/25/2022,7:30 PM,84,66,5,29.64,Fair
6/25/2022,8:00 PM,82,70,0,29.64,Fair
6/25/2022,8:30 PM,81,79,0,29.64,Fair
6/25/2022,9:00 PM,81,79,0,29.67,Fair
6/25/2022,9:30 PM,79,83,0,29.67,Fair
6/25/2022,10:00 PM,79,83,0,29.67,Fair
6/25/2022,10:30 PM,79,83,0,29.70,Fair
6/25/2022,11:00 PM,79,83,0,29.70,Fair
6/25/2022,11:30 PM,79,83,0,29.70,Fair
6/26/2022,12:00 AM,77,89,0,29.67,Fair
6/26/2022,12:30 AM,77,89,0,29.67,Fair
6/26/2022,1:00 AM,77,89,0,29.67,Fair
6/26/2022,1:30 AM,77,89,0,29.64,Fair
6/26/2022,2:00 AM,77,94,0,29.64,Fair
6/26/2022,2:30 AM,77,94,0,29.64,Partly Cloudy
6/26/2022,3:00 AM,77,94,0,29.64,Partly Cloudy
6/26/2022,3:30 AM,77,94,0,29.64,Mostly Cloudy
6/26/2022,4:00 AM,77,94,0,29.64,Mostly Cloudy
6/26/2022,4:30 AM,77,94,0,29.64,Mostly Cloudy
6/26/2022,5:00 AM,77,94,0,29.64,Mostly Cloudy
6/26/2022,5:30 AM,77,94,0,29.64,Partly Cloudy
6/26/2022,6:00 AM,75,100,0,29.64,Partly Cloudy
6/26/2022,6:30 AM,75,100,0,29.64,Mostly Cloudy
6/26/2022,7:00 AM,77,94,0,29.67,Mostly Cloudy
6/26/2022,7:30 AM,79,94,0,29.67,Partly Cloudy
6/26/2022,8:00 AM,81,89,0,29.70,Partly Cloudy
6/26/2022,8:30 AM,82,84,2,29.70,Partly Cloudy
6/26/2022,9:00 AM,84,74,3,29.70,Fair
6/26/2022,9:30 AM,86,70,0,29.70,Fair
6/26/2022,10:00 AM,86,66,2,29.70,Fair
6/26/2022,10:30 AM,88,62,3,29.70,Partly Cloudy
6/26/2022,11:00 AM,90,62,3,29.70,Partly Cloudy
6/26/2022,11:30 AM,90,59,2,29.67,Partly Cloudy
6/26/2022,12:00 PM,90,55,6,29.67,Partly Cloudy
6/26/2022,12:30 PM,91,52,2,29.67,Partly Cloudy
6/26/2022,1:00 PM,91,52,2,29.64,Partly Cloudy
6/26/2022,1:30 PM,91,55,5,29.64,Partly Cloudy
6/26/2022,2:00 PM,91,55,3,29.64,Partly Cloudy
6/26/2022,2:30 PM,93,56,5,29.61,Partly Cloudy
6/26/2022,3:00 PM,91,55,5,29.61,Partly Cloudy
6/26/2022,3:30 PM,91,55,5,29.61,Partly Cloudy
6/26/2022,4:00 PM,91,55,0,29.58,Partly Cloudy
6/26/2022,4:30 PM,90,62,3,29.58,Partly Cloudy
6/26/2022,5:00 PM,90,62,0,29.61,Thunder
6/26/2022,5:30 PM,79,94,7,29.61,T-Storm
6/26/2022,6:00 PM,79,94,8,29.64,Light Rain with Thunder
6/26/2022,6:30 PM,79,94,6,29.64,Mostly Cloudy
6/26/2022,7:00 PM,79,94,0,29.67,Mostly Cloudy
6/26/2022,7:30 PM,79,94,3,29.67,Light Rain
6/26/2022,8:00 PM,79,94,0,29.70,Mostly Cloudy
6/26/2022,8:30 PM,79,94,0,29.70,Mostly Cloudy
6/26/2022,9:00 PM,79,94,0,29.70,Partly Cloudy
6/26/2022,9:30 PM,79,94,0,29.73,Partly Cloudy
6/26/2022,10:00 PM,79,94,0,29.73,Partly Cloudy
6/26/2022,10:30 PM,79,94,0,29.73,Mostly Cloudy
6/26/2022,11:00 PM,79,94,0,29.73,Mostly Cloudy
6/26/2022,11:30 PM,79,94,0,29.73,Mostly Cloudy
6/27/2022,12:00 AM,77,100,0,29.73,Partly Cloudy
6/27/2022,12:30 AM,79,94,0,29.73,Mostly Cloudy
6/27/2022,1:00 AM,79,94,0,29.73,Mostly Cloudy
6/27/2022,1:30 AM,77,100,0,29.70,Mostly Cloudy
6/27/2022,2:00 AM,77,100,0,29.70,Mostly Cloudy
6/27/2022,2:30 AM,77,100,0,29.70,Mostly Cloudy
6/27/2022,3:00 AM,77,100,0,29.70,Mostly Cloudy
6/27/2022,3:30 AM,77,100,0,29.67,Mostly Cloudy
6/27/2022,4:00 AM,77,100,0,29.67,Partly Cloudy
6/27/2022,4:30 AM,77,100,0,29.67,Partly Cloudy
6/27/2022,5:00 AM,77,94,0,29.67,Fair
6/27/2022,5:30 AM,77,94,0,29.70,Partly Cloudy
6/27/2022,6:00 AM,77,94,0,29.70,Fair
6/27/2022,6:30 AM,77,94,0,29.70,Fair
6/27/2022,7:00 AM,77,100,0,29.70,Partly Cloudy
6/27/2022,7:30 AM,77,100,0,29.73,Fair
6/27/2022,8:00 AM,79,94,0,29.73,Fair
6/27/2022,8:30 AM,81,94,0,29.73,Fair
6/27/2022,9:00 AM,82,84,0,29.73,Fair
6/27/2022,9:30 AM,84,84,0,29.73,Fair
6/27/2022,10:00 AM,86,74,2,29.73,Fair
6/27/2022,10:30 AM,86,70,2,29.73,Fair
6/27/2022,11:00 AM,88,70,2,29.73,Fair
6/27/2022,11:30 AM,90,62,3,29.70,Fair
6/27/2022,12:00 PM,90,62,0,29.70,Fair
6/27/2022,12:30 PM,91,59,2,29.67,Fair
6/27/2022,1:00 PM,91,59,5,29.64,Partly Cloudy
6/27/2022,1:30 PM,91,55,3,29.64,Partly Cloudy
6/27/2022,2:00 PM,91,59,2,29.61,Partly Cloudy
6/27/2022,2:30 PM,93,52,3,29.61,Partly Cloudy
6/27/2022,3:00 PM,93,56,5,29.61,Partly Cloudy
6/27/2022,3:30 PM,93,52,6,29.58,Partly Cloudy
6/27/2022,4:00 PM,91,55,3,29.58,Partly Cloudy
6/27/2022,4:30 PM,91,59,2,29.58,Partly Cloudy
6/27/2022,5:00 PM,93,56,8,29.58,Partly Cloudy
6/27/2022,5:30 PM,91,59,8,29.58,Partly Cloudy
6/27/2022,6:00 PM,90,62,8,29.58,Showers in the Vicinity
6/27/2022,6:30 PM,88,62,9,29.58,Showers in the Vicinity
6/27/2022,7:00 PM,86,66,2,29.61,Partly Cloudy
6/27/2022,7:30 PM,86,66,0,29.64,Partly Cloudy
6/27/2022,8:00 PM,86,70,0,29.64,Partly Cloudy
6/27/2022,8:30 PM,84,79,0,29.67,Partly Cloudy
6/27/2022,9:00 PM,82,84,0,29.67,Partly Cloudy
6/27/2022,9:30 PM,82,84,0,29.70,Fair
6/27/2022,10:00 PM,82,89,0,29.70,Fair
6/27/2022,10:30 PM,81,94,0,29.70,Fair
6/27/2022,11:00 PM,82,89,0,29.73,Fair
6/27/2022,11:30 PM,81,94,0,29.70,Fair
6/28/2022,12:00 AM,81,94,0,29.70,Partly Cloudy
6/28/2022,12:30 AM,81,94,0,29.70,Partly Cloudy
6/28/2022,1:00 AM,81,94,0,29.70,Fair
6/28/2022,1:30 AM,79,100,0,29.67,Partly Cloudy
6/28/2022,2:00 AM,79,100,0,29.67,Partly Cloudy
6/28/2022,2:30 AM,79,94,0,29.67,Mostly Cloudy
6/28/2022,3:00 AM,79,100,0,29.67,Mostly Cloudy
6/28/2022,3:30 AM,79,100,0,29.67,Mostly Cloudy
6/28/2022,4:00 AM,79,94,0,29.67,Partly Cloudy
6/28/2022,4:30 AM,79,100,2,29.67,Partly Cloudy
6/28/2022,5:00 AM,79,100,3,29.67,Partly Cloudy
6/28/2022,5:30 AM,79,100,0,29.67,Partly Cloudy
6/28/2022,6:00 AM,79,94,0,29.67,Partly Cloudy
6/28/2022,6:30 AM,79,94,0,29.67,Fair
6/28/2022,7:00 AM,79,89,0,29.67,Fair
6/28/2022,7:30 AM,79,94,0,29.70,Fair
6/28/2022,8:00 AM,81,89,0,29.70,Partly Cloudy
6/28/2022,8:30 AM,82,79,0,29.70,Partly Cloudy
6/28/2022,9:00 AM,82,84,0,29.73,Partly Cloudy
6/28/2022,9:30 AM,84,74,0,29.73,Partly Cloudy
6/28/2022,10:00 AM,88,70,0,29.73,Partly Cloudy
6/28/2022,10:30 AM,88,66,0,29.70,Partly Cloudy
6/28/2022,11:00 AM,90,66,0,29.70,Fair
6/28/2022,11:30 AM,90,59,2,29.67,Fair
6/28/2022,12:00 PM,91,59,9,29.67,Fair
6/28/2022,12:30 PM,91,59,9,29.67,Partly Cloudy
6/28/2022,1:00 PM,91,59,7,29.64,Partly Cloudy
6/28/2022,1:30 PM,91,55,9,29.64,Showers in the Vicinity
6/28/2022,2:00 PM,91,55,14,29.61,Partly Cloudy
6/28/2022,2:30 PM,91,59,10,29.58,Fair
6/28/2022,3:00 PM,91,59,10,29.58,Fair
6/28/2022,3:30 PM,91,55,8,29.58,Fair
6/28/2022,4:00 PM,91,55,6,29.58,Fair
6/28/2022,4:30 PM,91,55,6,29.55,Fair
6/28/2022,5:00 PM,91,55,8,29.55,Fair
6/28/2022,5:30 PM,90,59,5,29.55,Fair
6/28/2022,6:00 PM,88,66,5,29.58,Fair
6/28/2022,6:30 PM,86,70,3,29.58,Fair
6/28/2022,7:00 PM,84,74,0,29.61,Fair
6/28/2022,7:30 PM,82,84,0,29.61,Fair
6/28/2022,8:00 PM,82,79,2,29.61,Fair
6/28/2022,8:30 PM,82,84,0,29.64,Fair
6/28/2022,9:00 PM,82,84,0,29.64,Fair
6/28/2022,9:30 PM,82,84,0,29.67,Fair
6/28/2022,10:00 PM,82,84,0,29.67,Fair
6/28/2022,10:30 PM,81,89,0,29.67,Fair
6/28/2022,11:00 PM,81,89,0,29.67,Fair
6/28/2022,11:30 PM,81,89,0,29.67,Fair
6/29/2022,12:00 AM,81,89,0,29.67,Fair
6/29/2022,12:30 AM,79,94,0,29.67,Fair
6/29/2022,1:00 AM,79,94,0,29.64,Partly Cloudy
6/29/2022,1:30 AM,79,94,0,29.64,Partly Cloudy
6/29/2022,2:00 AM,79,94,0,29.61,Partly Cloudy
6/29/2022,2:30 AM,79,94,0,29.61,Partly Cloudy
6/29/2022,3:00 AM,79,94,0,29.61,Fair
6/29/2022,3:30 AM,79,94,0,29.61,Fair
6/29/2022,4:00 AM,79,94,0,29.61,Partly Cloudy
6/29/2022,4:30 AM,79,94,0,29.61,Partly Cloudy
6/29/2022,5:00 AM,77,100,0,29.61,Fair
6/29/2022,5:30 AM,77,100,0,29.61,Fair
6/29/2022,6:00 AM,77,100,0,29.61,Fair
6/29/2022,6:30 AM,77,100,0,29.61,Fair
6/29/2022,7:00 AM,79,94,0,29.61,Fair
6/29/2022,7:30 AM,81,89,0,29.64,Fair
6/29/2022,8:00 AM,81,89,0,29.64,Fair
6/29/2022,8:30 AM,84,84,0,29.64,Fair
6/29/2022,9:00 AM,84,79,0,29.64,Fair
6/29/2022,9:30 AM,88,66,5,29.64,Fair
6/29/2022,10:00 AM,88,62,7,29.64,Partly Cloudy
6/29/2022,10:30 AM,90,59,10,29.64,Partly Cloudy
6/29/2022,11:00 AM,90,59,8,29.61,Partly Cloudy
6/29/2022,11:30 AM,90,59,7,29.61,Partly Cloudy
6/29/2022,12:00 PM,90,62,12,29.61,Partly Cloudy
6/29/2022,12:30 PM,90,62,12,29.61,Partly Cloudy
6/29/2022,1:00 PM,90,62,12,29.58,Partly Cloudy
6/29/2022,1:30 PM,91,59,10,29.58,Partly Cloudy
6/29/2022,2:00 PM,91,55,8,29.55,Partly Cloudy
6/29/2022,2:30 PM,93,52,10,29.55,Fair
6/29/2022,3:00 PM,93,52,12,29.55,Fair
6/29/2022,3:30 PM,93,52,13,29.55,Fair
6/29/2022,4:00 PM,91,55,13,29.55,Fair
6/29/2022,4:30 PM,91,59,10,29.55,Fair
6/29/2022,5:00 PM,90,62,10,29.52,Fair
6/29/2022,5:30 PM,88,66,10,29.55,Fair
6/29/2022,6:00 PM,88,62,8,29.55,Fair
6/29/2022,6:30 PM,86,66,7,29.58,Fair
6/29/2022,7:00 PM,86,66,6,29.58,Fair
6/29/2022,7:30 PM,84,70,5,29.61,Fair
6/29/2022,8:00 PM,84,70,0,29.61,Fair
6/29/2022,8:30 PM,84,74,2,29.64,Mostly Cloudy
6/29/2022,9:00 PM,82,79,2,29.64,Fair
6/29/2022,9:30 PM,82,79,5,29.64,Fair
6/29/2022,10:00 PM,82,79,3,29.64,Fair
6/29/2022,10:30 PM,82,79,5,29.64,Fair
6/29/2022,11:00 PM,81,84,2,29.64,Fair
6/29/2022,11:30 PM,81,84,2,29.67,Fair
6/30/2022,12:00 AM,81,84,2,29.67,Fair
6/30/2022,12:30 AM,79,89,3,29.64,Fair
6/30/2022,1:00 AM,81,84,5,29.64,Fair
6/30/2022,1:30 AM,81,84,5,29.64,Fair
6/30/2022,2:00 AM,79,89,0,29.61,Fair
6/30/2022,2:30 AM,79,89,2,29.61,Fair
6/30/2022,3:00 AM,79,89,5,29.58,Fair
6/30/2022,3:30 AM,79,89,5,29.58,Fair
6/30/2022,4:00 AM,79,89,5,29.58,Fair
6/30/2022,4:30 AM,79,89,5,29.58,Fair
6/30/2022,5:00 AM,79,89,3,29.58,Fair
6/30/2022,5:30 AM,77,94,0,29.58,Fair
6/30/2022,6:00 AM,77,94,0,29.58,Fair
6/30/2022,6:30 AM,77,94,0,29.61,Fair
6/30/2022,7:00 AM,77,94,0,29.61,Partly Cloudy
6/30/2022,7:30 AM,81,89,0,29.61,Partly Cloudy
6/30/2022,8:00 AM,82,84,2,29.61,Fair
6/30/2022,8:30 AM,84,79,3,29.61,Fair
6/30/2022,9:00 AM,84,79,3,29.61,Fair
6/30/2022,9:30 AM,86,74,5,29.61,Showers in the Vicinity
6/30/2022,10:00 AM,79,89,10,29.61,Light Rain
6/30/2022,10:30 AM,81,79,8,29.64,Showers in the Vicinity
6/30/2022,11:00 AM,82,79,0,29.64,Mostly Cloudy
6/30/2022,11:30 AM,86,70,9,29.61,Mostly Cloudy
6/30/2022,12:00 PM,86,70,6,29.61,Mostly Cloudy
6/30/2022,12:30 PM,86,70,8,29.61,Showers in the Vicinity
6/30/2022,1:00 PM,81,89,8,29.61,Light Rain
6/30/2022,1:30 PM,82,94,6,29.61,Light Rain
6/30/2022,2:00 PM,84,79,7,29.61,Thunder
6/30/2022,2:30 PM,84,79,6,29.58,Mostly Cloudy
6/30/2022,3:00 PM,82,79,10,29.58,Mostly Cloudy
6/30/2022,3:30 PM,82,79,6,29.58,Mostly Cloudy
6/30/2022,4:00 PM,82,74,7,29.58,Mostly Cloudy
6/30/2022,4:30 PM,82,79,7,29.58,Mostly Cloudy
6/30/2022,5:00 PM,82,74,10,29.58,Mostly Cloudy
6/30/2022,5:30 PM,81,79,10,29.58,Mostly Cloudy
6/30/2022,6:00 PM,81,79,6,29.58,Mostly Cloudy
6/30/2022,6:30 PM,81,79,3,29.58,Mostly Cloudy
6/30/2022,7:00 PM,81,79,0,29.58,Mostly Cloudy
6/30/2022,7:30 PM,79,83,0,29.61,Mostly Cloudy
6/30/2022,8:00 PM,79,83,0,29.61,Partly Cloudy
6/30/2022,8:30 PM,79,83,5,29.61,Partly Cloudy
6/30/2022,9:00 PM,77,94,0,29.64,Partly Cloudy
6/30/2022,9:30 PM,77,94,0,29.64,Mostly Cloudy
6/30/2022,10:00 PM,77,94,0,29.64,Mostly Cloudy
6/30/2022,10:30 PM,77,94,0,29.64,Partly Cloudy
6/30/2022,11:00 PM,77,94,0,29.64,Partly Cloudy
6/30/2022,11:30 PM,77,94,0,29.64,Partly Cloudy
7/1/2022,12:00 AM,77,94,0,29.64,Partly Cloudy
7/1/2022,12:30 AM,77,94,0,29.64,Partly Cloudy
7/1/2022,1:00 AM,77,94,0,29.61,Partly Cloudy
7/1/2022,1:30 AM,77,94,0,29.61,Partly Cloudy
7/1/2022,2:00 AM,77,94,0,29.61,Partly Cloudy
7/1/2022,2:30 AM,77,94,0,29.58,Partly Cloudy
7/1/2022,3:00 AM,77,94,0,29.58,Partly Cloudy
7/1/2022,3:30 AM,77,94,0,29.58,Partly Cloudy
7/1/2022,4:00 AM,77,94,0,29.55,Partly Cloudy
7/1/2022,4:30 AM,77,94,0,29.58,Partly Cloudy
7/1/2022,5:00 AM,77,94,0,29.58,Partly Cloudy
7/1/2022,5:30 AM,77,94,0,29.58,Partly Cloudy
7/1/2022,6:00 AM,77,94,0,29.58,Partly Cloudy
7/1/2022,6:30 AM,77,94,0,29.61,Mostly Cloudy
7/1/2022,7:00 AM,77,94,0,29.61,Mostly Cloudy
7/1/2022,7:30 AM,77,94,0,29.61,Mostly Cloudy
7/1/2022,8:00 AM,79,94,0,29.61,Mostly Cloudy
7/1/2022,8:30 AM,81,89,0,29.64,Mostly Cloudy
7/1/2022,9:00 AM,82,84,2,29.64,Mostly Cloudy
7/1/2022,9:30 AM,84,79,0,29.64,Mostly Cloudy
7/1/2022,10:00 AM,86,74,3,29.64,Mostly Cloudy
7/1/2022,10:30 AM,86,79,3,29.64,Mostly Cloudy
7/1/2022,11:00 AM,86,70,3,29.64,Light Rain
7/1/2022,11:30 AM,86,70,3,29.61,Light Rain
7/1/2022,12:00 PM,84,84,9,29.61,Light Rain with Thunder
7/1/2022,12:30 PM,77,94,7,29.61,Light Rain with Thunder
7/1/2022,1:00 PM,79,94,0,29.61,Mostly Cloudy
7/1/2022,1:30 PM,81,94,2,29.61,Mostly Cloudy
7/1/2022,2:00 PM,81,84,5,29.61,Showers in the Vicinity
7/1/2022,2:30 PM,81,89,2,29.58,Mostly Cloudy
7/1/2022,3:00 PM,81,89,0,29.58,Mostly Cloudy
7/1/2022,3:30 PM,82,84,0,29.58,Mostly Cloudy
7/1/2022,4:00 PM,84,79,2,29.55,Mostly Cloudy
7/1/2022,4:30 PM,84,79,3,29.55,Mostly Cloudy
7/1/2022,5:00 PM,84,79,5,29.55,Mostly Cloudy
7/1/2022,5:30 PM,84,79,2,29.55,Mostly Cloudy
7/1/2022,6:00 PM,84,79,0,29.55,Mostly Cloudy
7/1/2022,6:30 PM,84,79,0,29.58,Mostly Cloudy
7/1/2022,7:00 PM,82,84,0,29.58,Mostly Cloudy
7/1/2022,7:30 PM,81,94,0,29.58,Mostly Cloudy
7/1/2022,8:00 PM,81,94,0,29.61,Mostly Cloudy
7/1/2022,8:30 PM,81,89,0,29.61,Mostly Cloudy
7/1/2022,9:00 PM,81,89,0,29.61,Mostly Cloudy
7/1/2022,9:30 PM,79,94,0,29.64,Mostly Cloudy
7/1/2022,10:00 PM,79,94,0,29.64,Mostly Cloudy
7/1/2022,10:30 PM,79,89,0,29.64,Mostly Cloudy
7/1/2022,11:00 PM,79,94,0,29.64,Mostly Cloudy
7/1/2022,11:30 PM,79,94,3,29.64,Partly Cloudy
7/2/2022,12:00 AM,79,94,0,29.64,Partly Cloudy
7/2/2022,12:30 AM,77,100,0,29.64,Partly Cloudy
7/2/2022,1:00 AM,77,100,0,29.64,Partly Cloudy
7/2/2022,1:30 AM,77,100,0,29.61,Partly Cloudy
7/2/2022,2:00 AM,77,100,0,29.61,Partly Cloudy
7/2/2022,2:30 AM,77,100,0,29.61,Partly Cloudy
7/2/2022,3:00 AM,77,100,0,29.61,Fair
7/2/2022,3:30 AM,77,100,0,29.61,Fair
7/2/2022,4:00 AM,77,100,0,29.61,Partly Cloudy
7/2/2022,4:30 AM,77,100,0,29.61,Mostly Cloudy
7/2/2022,5:00 AM,77,100,0,29.61,Light Rain
7/2/2022,5:30 AM,77,100,0,29.61,Light Rain
7/2/2022,6:00 AM,79,89,7,29.61,Light Rain
7/2/2022,6:30 AM,77,94,5,29.61,Light Rain
7/2/2022,7:00 AM,77,89,3,29.61,Mostly Cloudy
7/2/2022,7:30 AM,77,89,0,29.61,Mostly Cloudy
7/2/2022,8:00 AM,77,94,2,29.61,Mostly Cloudy
7/2/2022,8:30 AM,79,89,5,29.61,Mostly Cloudy
7/2/2022,9:00 AM,81,84,5,29.61,Mostly Cloudy
7/2/2022,9:30 AM,82,79,0,29.61,Mostly Cloudy
7/2/2022,10:00 AM,82,79,6,29.61,Mostly Cloudy
7/2/2022,10:30 AM,84,74,6,29.58,Partly Cloudy
7/2/2022,11:00 AM,86,74,9,29.58,Partly Cloudy
7/2/2022,11:30 AM,88,70,7,29.58,Partly Cloudy
7/2/2022,12:00 PM,88,70,8,29.58,Mostly Cloudy
7/2/2022,12:30 PM,88,66,9,29.58,Mostly Cloudy
7/2/2022,1:00 PM,88,70,9,29.58,Mostly Cloudy
7/2/2022,1:30 PM,90,59,10,29.58,Partly Cloudy
7/2/2022,2:00 PM,90,59,9,29.55,Partly Cloudy
7/2/2022,2:30 PM,90,59,9,29.55,Partly Cloudy
7/2/2022,3:00 PM,90,59,10,29.55,Partly Cloudy
7/2/2022,3:30 PM,90,59,8,29.55,Partly Cloudy
7/2/2022,4:00 PM,88,62,8,29.55,Partly Cloudy
7/2/2022,4:30 PM,90,59,8,29.55,Partly Cloudy
7/2/2022,5:00 PM,88,62,7,29.55,Partly Cloudy
7/2/2022,5:30 PM,88,62,6,29.55,Partly Cloudy
7/2/2022,6:00 PM,86,70,6,29.58,Partly Cloudy
7/2/2022,6:30 PM,86,70,0,29.58,Partly Cloudy
7/2/2022,7:00 PM,84,74,2,29.58,Partly Cloudy
7/2/2022,7:30 PM,84,74,2,29.58,Partly Cloudy
7/2/2022,8:00 PM,82,79,0,29.58,Partly Cloudy
7/2/2022,8:30 PM,82,79,0,29.58,Fair
7/2/2022,9:00 PM,82,79,0,29.61,Fair
7/2/2022,9:30 PM,82,79,0,29.61,Fair
7/2/2022,10:00 PM,81,84,0,29.61,Fair
7/2/2022,10:30 PM,81,89,0,29.64,Fair
7/2/2022,11:00 PM,79,94,0,29.64,Fair
7/2/2022,11:30 PM,79,94,0,29.64,Fair
7/3/2022,12:00 AM,79,94,0,29.64,Fair
7/3/2022,12:30 AM,79,94,0,29.61,Fair
7/3/2022,1:00 AM,79,94,0,29.61,Partly Cloudy
7/3/2022,1:30 AM,79,94,0,29.61,Mostly Cloudy
7/3/2022,2:00 AM,79,94,0,29.61,Mostly Cloudy
7/3/2022,2:30 AM,79,94,0,29.58,Partly Cloudy
7/3/2022,3:00 AM,77,100,0,29.61,Mostly Cloudy
7/3/2022,3:30 AM,77,100,0,29.58,Mostly Cloudy
7/3/2022,4:00 AM,77,100,3,29.61,Partly Cloudy
7/3/2022,4:30 AM,77,94,2,29.61,Partly Cloudy
7/3/2022,5:00 AM,77,94,0,29.61,Mostly Cloudy
7/3/2022,5:30 AM,77,100,0,29.61,Mostly Cloudy
7/3/2022,6:00 AM,77,100,0,29.61,Mostly Cloudy
7/3/2022,6:30 AM,77,100,0,29.61,Mostly Cloudy
7/3/2022,7:00 AM,79,94,0,29.61,Mostly Cloudy
7/3/2022,7:30 AM,79,94,0,29.61,Mostly Cloudy
7/3/2022,8:00 AM,81,89,0,29.61,Mostly Cloudy
7/3/2022,8:30 AM,82,89,0,29.64,Mostly Cloudy
7/3/2022,9:00 AM,84,79,0,29.64,Mostly Cloudy
7/3/2022,9:30 AM,86,74,0,29.64,Mostly Cloudy
7/3/2022,10:00 AM,88,70,0,29.64,Mostly Cloudy
7/3/2022,10:30 AM,90,62,7,29.64,Mostly Cloudy
7/3/2022,11:00 AM,91,59,7,29.64,Mostly Cloudy
7/3/2022,11:30 AM,91,59,5,29.64,Mostly Cloudy
7/3/2022,12:00 PM,91,59,7,29.61,Mostly Cloudy
7/3/2022,12:30 PM,91,59,5,29.61,Mostly Cloudy
7/3/2022,1:00 PM,91,59,6,29.61,Mostly Cloudy
7/3/2022,1:30 PM,91,59,5,29.61,Showers in the Vicinity
7/3/2022,2:00 PM,91,55,7,29.58,Showers in the Vicinity
7/3/2022,2:30 PM,86,74,5,29.58,Mostly Cloudy
7/3/2022,3:00 PM,82,84,12,29.58,Mostly Cloudy
7/3/2022,3:30 PM,82,84,14,29.61,Light Rain
7/3/2022,4:00 PM,77,94,6,29.58,Light Rain with Thunder
7/3/2022,4:30 PM,77,100,0,29.58,Light Rain
7/3/2022,5:00 PM,79,94,0,29.58,Light Rain
7/3/2022,5:30 PM,79,100,0,29.58,Mostly Cloudy
7/3/2022,6:00 PM,79,100,0,29.58,Mostly Cloudy
7/3/2022,6:30 PM,79,100,0,29.58,Partly Cloudy
7/3/2022,7:00 PM,79,100,0,29.58,Partly Cloudy
7/3/2022,7:30 PM,79,94,0,29.61,Partly Cloudy
7/3/2022,8:00 PM,79,94,0,29.61,Partly Cloudy
7/3/2022,8:30 PM,79,94,0,29.61,Partly Cloudy
7/3/2022,9:00 PM,77,100,0,29.61,Partly Cloudy
7/3/2022,9:30 PM,79,94,2,29.61,Partly Cloudy
7/3/2022,10:00 PM,79,94,0,29.61,Partly Cloudy
7/3/2022,10:30 PM,79,94,0,29.61,Mostly Cloudy
7/3/2022,11:00 PM,79,100,0,29.64,Partly Cloudy
7/3/2022,11:30 PM,77,100,0,29.64,Partly Cloudy
7/4/2022,12:00 AM,77,100,0,29.64,Fair
7/4/2022,12:30 AM,77,100,0,29.64,Fair
7/4/2022,1:00 AM,77,100,0,29.64,Fair
7/4/2022,1:30 AM,77,100,0,29.61,Fair
7/4/2022,2:00 AM,77,100,0,29.61,Fair
7/4/2022,2:30 AM,77,100,0,29.61,Fair
7/4/2022,3:00 AM,77,94,0,29.61,Fair
7/4/2022,3:30 AM,77,94,0,29.61,Fair
7/4/2022,4:00 AM,75,100,0,29.61,Fair
7/4/2022,4:30 AM,75,100,0,29.61,Fair
7/4/2022,5:00 AM,75,100,0,29.61,Fair
7/4/2022,5:30 AM,75,100,0,29.61,Fair
7/4/2022,6:00 AM,75,100,0,29.64,Fair
7/4/2022,6:30 AM,75,100,0,29.64,Fair
7/4/2022,7:00 AM,75,100,0,29.64,Fair
7/4/2022,7:30 AM,77,94,0,29.64,Partly Cloudy
7/4/2022,8:00 AM,79,94,0,29.64,Partly Cloudy
7/4/2022,8:30 AM,81,89,0,29.64,Partly Cloudy
7/4/2022,9:00 AM,82,89,0,29.67,Partly Cloudy
7/4/2022,9:30 AM,84,84,0,29.67,Partly Cloudy
7/4/2022,10:00 AM,86,79,2,29.67,Partly Cloudy
7/4/2022,10:30 AM,86,79,5,29.67,Partly Cloudy
7/4/2022,11:00 AM,88,66,3,29.67,Partly Cloudy
7/4/2022,11:30 AM,88,66,6,29.67,Partly Cloudy
7/4/2022,12:00 PM,90,62,3,29.64,Showers in the Vicinity
7/4/2022,12:30 PM,86,66,20,29.64,Showers in the Vicinity
7/4/2022,1:00 PM,79,83,13,29.67,Light Rain
7/4/2022,1:30 PM,79,83,7,29.67,Light Rain
7/4/2022,2:00 PM,79,83,3,29.67,Light Rain
7/4/2022,2:30 PM,79,83,3,29.67,Light Rain
7/4/2022,3:00 PM,81,84,0,29.64,Light Rain
7/4/2022,3:30 PM,81,84,6,29.64,Mostly Cloudy
7/4/2022,4:00 PM,79,89,7,29.64,Mostly Cloudy
7/4/2022,4:30 PM,79,89,7,29.61,Mostly Cloudy
7/4/2022,5:00 PM,79,89,6,29.64,Mostly Cloudy
7/4/2022,5:30 PM,77,94,5,29.64,Mostly Cloudy
7/4/2022,6:00 PM,77,83,8,29.64,Mostly Cloudy
7/4/2022,6:30 PM,77,83,3,29.64,Mostly Cloudy
7/4/2022,7:00 PM,75,89,6,29.64,Mostly Cloudy
7/4/2022,7:30 PM,77,83,7,29.64,Mostly Cloudy
7/4/2022,8:00 PM,77,83,0,29.64,Mostly Cloudy
7/4/2022,8:30 PM,75,94,0,29.64,Mostly Cloudy
7/4/2022,9:00 PM,75,94,0,29.64,Mostly Cloudy
7/4/2022,9:30 PM,75,94,0,29.67,Mostly Cloudy
7/4/2022,10:00 PM,75,94,0,29.67,Mostly Cloudy
7/4/2022,10:30 PM,75,94,0,29.67,Mostly Cloudy
7/4/2022,11:00 PM,77,89,0,29.67,Mostly Cloudy
7/4/2022,11:30 PM,75,94,0,29.67,Mostly Cloudy
7/5/2022,12:00 AM,75,94,0,29.67,Mostly Cloudy
7/5/2022,12:30 AM,75,94,0,29.67,Mostly Cloudy
7/5/2022,1:00 AM,75,94,0,29.67,Mostly Cloudy
7/5/2022,1:30 AM,75,89,0,29.64,Mostly Cloudy
7/5/2022,2:00 AM,75,89,0,29.64,Mostly Cloudy
7/5/2022,2:30 AM,77,83,2,29.64,Mostly Cloudy
7/5/2022,3:00 AM,77,83,0,29.64,Mostly Cloudy
7/5/2022,3:30 AM,75,94,0,29.64,Mostly Cloudy
7/5/2022,4:00 AM,75,94,0,29.64,Mostly Cloudy
7/5/2022,4:30 AM,75,94,0,29.64,Mostly Cloudy
7/5/2022,5:00 AM,75,94,0,29.64,Mostly Cloudy
7/5/2022,5:30 AM,75,94,0,29.64,Mostly Cloudy
7/5/2022,6:00 AM,77,83,2,29.67,Mostly Cloudy
7/5/2022,6:30 AM,77,89,6,29.64,Mostly Cloudy
7/5/2022,7:00 AM,79,83,3,29.64,Mostly Cloudy
7/5/2022,7:30 AM,79,83,2,29.67,Mostly Cloudy
7/5/2022,8:00 AM,79,83,2,29.67,Mostly Cloudy
7/5/2022,8:30 AM,81,79,2,29.67,Mostly Cloudy
7/5/2022,9:00 AM,81,79,5,29.67,Mostly Cloudy
7/5/2022,9:30 AM,84,74,6,29.67,Mostly Cloudy
7/5/2022,10:00 AM,84,74,5,29.67,Mostly Cloudy
7/5/2022,10:30 AM,84,74,8,29.67,Mostly Cloudy
7/5/2022,11:00 AM,84,74,7,29.67,Mostly Cloudy
7/5/2022,11:30 AM,86,70,6,29.67,Mostly Cloudy
7/5/2022,12:00 PM,88,66,8,29.64,Mostly Cloudy
7/5/2022,12:30 PM,90,59,8,29.64,Mostly Cloudy
7/5/2022,1:00 PM,90,62,12,29.64,Mostly Cloudy
7/5/2022,1:30 PM,90,62,13,29.61,Mostly Cloudy
7/5/2022,2:00 PM,90,62,10,29.61,Mostly Cloudy
7/5/2022,2:30 PM,90,59,10,29.61,Mostly Cloudy
7/5/2022,3:00 PM,90,59,8,29.61,Mostly Cloudy
7/5/2022,3:30 PM,90,59,9,29.58,Mostly Cloudy
7/5/2022,4:00 PM,90,59,7,29.58,Mostly Cloudy
7/5/2022,4:30 PM,88,62,8,29.58,Mostly Cloudy
7/5/2022,5:00 PM,88,62,7,29.58,Mostly Cloudy
7/5/2022,5:30 PM,88,62,8,29.58,Mostly Cloudy
7/5/2022,6:00 PM,86,66,7,29.58,Mostly Cloudy
7/5/2022,6:30 PM,86,66,3,29.58,Mostly Cloudy
7/5/2022,7:00 PM,84,74,3,29.61,Mostly Cloudy
7/5/2022,7:30 PM,84,70,0,29.61,Mostly Cloudy
7/5/2022,8:00 PM,84,70,5,29.61,Mostly Cloudy
7/5/2022,8:30 PM,84,70,3,29.64,Mostly Cloudy
7/5/2022,9:00 PM,84,70,3,29.64,Mostly Cloudy
7/5/2022,9:30 PM,82,79,0,29.64,Mostly Cloudy
7/5/2022,10:00 PM,82,79,0,29.67,Mostly Cloudy
7/5/2022,10:30 PM,81,84,0,29.67,Mostly Cloudy
7/5/2022,11:00 PM,81,84,0,29.67,Mostly Cloudy
7/5/2022,11:30 PM,79,94,0,29.67,Mostly Cloudy
7/6/2022,12:00 AM,81,89,0,29.67,Mostly Cloudy
7/6/2022,12:30 AM,79,94,0,29.67,Mostly Cloudy
7/6/2022,1:00 AM,79,94,0,29.64,Mostly Cloudy
7/6/2022,1:30 AM,79,94,0,29.64,Mostly Cloudy
7/6/2022,2:00 AM,79,94,0,29.67,Mostly Cloudy
7/6/2022,2:30 AM,79,94,0,29.67,Mostly Cloudy
7/6/2022,3:00 AM,79,94,0,29.67,Mostly Cloudy
7/6/2022,3:30 AM,79,94,0,29.67,Mostly Cloudy
7/6/2022,4:00 AM,79,94,0,29.67,Mostly Cloudy
7/6/2022,4:30 AM,79,94,0,29.67,Mostly Cloudy
7/6/2022,5:00 AM,79,94,0,29.67,Mostly Cloudy
7/6/2022,5:30 AM,77,100,1,29.67,Mostly Cloudy
7/6/2022,6:00 AM,77,100,0,29.67,Mostly Cloudy
7/6/2022,6:30 AM,77,100,0,29.67,Mostly Cloudy
7/6/2022,7:00 AM,79,94,0,29.70,Mostly Cloudy
7/6/2022,7:30 AM,79,94,0,29.70,Mostly Cloudy
7/6/2022,8:00 AM,81,89,0,29.70,Mostly Cloudy
7/6/2022,8:30 AM,82,89,0,29.70,Mostly Cloudy
7/6/2022,9:00 AM,86,79,2,29.70,Mostly Cloudy
7/6/2022,9:30 AM,86,74,0,29.70,Partly Cloudy
7/6/2022,10:00 AM,86,74,0,29.70,Partly Cloudy
7/6/2022,10:30 AM,88,70,0,29.70,Mostly Cloudy
7/6/2022,11:00 AM,90,66,0,29.70,Showers in the Vicinity
7/6/2022,11:30 AM,82,89,7,29.70,Light Rain
7/6/2022,12:00 PM,82,89,0,29.67,Mostly Cloudy
7/6/2022,12:30 PM,86,74,7,29.67,Mostly Cloudy
7/6/2022,1:00 PM,88,70,9,29.67,Mostly Cloudy
7/6/2022,1:30 PM,88,66,9,29.64,Mostly Cloudy
7/6/2022,2:00 PM,88,66,12,29.64,Mostly Cloudy
7/6/2022,2:30 PM,90,62,12,29.64,Showers in the Vicinity
7/6/2022,3:00 PM,90,62,10,29.64,Mostly Cloudy
7/6/2022,3:30 PM,90,62,10,29.64,Mostly Cloudy
7/6/2022,4:00 PM,88,70,7,29.64,Mostly Cloudy
7/6/2022,4:30 PM,88,66,7,29.64,Mostly Cloudy
7/6/2022,5:00 PM,86,70,6,29.64,Mostly Cloudy
7/6/2022,5:30 PM,84,74,3,29.64,Mostly Cloudy
7/6/2022,6:00 PM,82,79,3,29.64,Mostly Cloudy
7/6/2022,6:30 PM,82,79,0,29.67,Mostly Cloudy
7/6/2022,7:00 PM,82,79,0,29.67,Mostly Cloudy
7/6/2022,7:30 PM,79,94,2,29.67,Light Rain
7/6/2022,8:00 PM,79,94,0,29.70,Light Rain
7/6/2022,8:30 PM,79,94,1,29.70,Mostly Cloudy
7/6/2022,9:00 PM,79,94,0,29.73,Mostly Cloudy
7/6/2022,9:30 PM,79,94,0,29.73,Mostly Cloudy
7/6/2022,10:00 PM,79,94,0,29.73,Mostly Cloudy
7/6/2022,10:30 PM,79,94,0,29.73,Light Rain
7/6/2022,11:00 PM,79,94,0,29.73,Mostly Cloudy
7/6/2022,11:30 PM,79,94,3,29.73,Mostly Cloudy
7/7/2022,12:00 AM,79,94,5,29.73,Mostly Cloudy
7/7/2022,12:30 AM,79,94,2,29.70,Mostly Cloudy
7/7/2022,1:00 AM,79,94,0,29.70,Mostly Cloudy
7/7/2022,1:30 AM,79,94,0,29.70,Mostly Cloudy
7/7/2022,2:00 AM,79,94,0,29.70,Mostly Cloudy
7/7/2022,2:30 AM,77,100,0,29.70,Mostly Cloudy
7/7/2022,3:00 AM,77,100,3,29.67,Mostly Cloudy
7/7/2022,3:30 AM,77,100,0,29.67,Mostly Cloudy
7/7/2022,4:00 AM,79,94,0,29.67,Mostly Cloudy
7/7/2022,4:30 AM,77,100,0,29.67,Mostly Cloudy
7/7/2022,5:00 AM,77,100,0,29.67,Mostly Cloudy
7/7/2022,5:30 AM,77,100,5,29.67,Mostly Cloudy
7/7/2022,6:00 AM,77,100,0,29.67,Mostly Cloudy
7/7/2022,6:30 AM,77,100,0,29.67,Mostly Cloudy
7/7/2022,7:00 AM,77,100,0,29.70,Mostly Cloudy
7/7/2022,7:30 AM,79,94,0,29.70,Mostly Cloudy
7/7/2022,8:00 AM,79,94,0,29.70,Mostly Cloudy
7/7/2022,8:30 AM,81,89,0,29.70,Mostly Cloudy
7/7/2022,9:00 AM,81,94,0,29.70,Mostly Cloudy
7/7/2022,9:30 AM,84,84,0,29.70,Mostly Cloudy
7/7/2022,10:00 AM,86,74,5,29.70,Mostly Cloudy
7/7/2022,10:30 AM,88,66,6,29.70,Mostly Cloudy
7/7/2022,11:00 AM,90,66,6,29.70,Mostly Cloudy
7/7/2022,11:30 AM,91,59,9,29.67,Partly Cloudy
7/7/2022,12:00 PM,91,59,9,29.67,Partly Cloudy
7/7/2022,12:30 PM,91,59,9,29.67,Partly Cloudy
7/7/2022,1:00 PM,91,59,6,29.64,Partly Cloudy
7/7/2022,1:30 PM,93,59,6,29.64,Partly Cloudy
7/7/2022,2:00 PM,93,56,9,29.61,Partly Cloudy
7/7/2022,2:30 PM,93,56,8,29.61,Partly Cloudy
7/7/2022,3:00 PM,93,52,12,29.61,Fair
7/7/2022,3:30 PM,93,56,10,29.61,Fair
7/7/2022,4:00 PM,91,59,9,29.58,Fair
7/7/2022,4:30 PM,90,62,9,29.61,Fair
7/7/2022,5:00 PM,90,62,7,29.61,Fair
7/7/2022,5:30 PM,88,70,7,29.61,Fair
7/7/2022,6:00 PM,88,70,6,29.64,Fair
7/7/2022,6:30 PM,86,74,6,29.64,Fair
7/7/2022,7:00 PM,86,74,6,29.64,Partly Cloudy
7/7/2022,7:30 PM,84,74,6,29.67,Partly Cloudy
7/7/2022,8:00 PM,84,74,3,29.67,Partly Cloudy
7/7/2022,8:30 PM,82,79,0,29.67,Fair
7/7/2022,9:00 PM,82,84,0,29.70,Fair
7/7/2022,9:30 PM,82,84,0,29.70,Partly Cloudy
7/7/2022,10:00 PM,82,84,0,29.70,Partly Cloudy
7/7/2022,10:30 PM,82,84,2,29.70,Partly Cloudy
7/7/2022,11:00 PM,81,94,0,29.70,Partly Cloudy
7/7/2022,11:30 PM,81,94,0,29.70,Fair
7/8/2022,12:00 AM,81,94,0,29.70,Fair
7/8/2022,12:30 AM,81,94,0,29.70,Fair
7/8/2022,1:00 AM,81,94,0,29.67,Fair
7/8/2022,1:30 AM,79,100,0,29.67,Fair
7/8/2022,2:00 AM,79,100,0,29.67,Fair
7/8/2022,2:30 AM,79,100,0,29.67,Fair
7/8/2022,3:00 AM,79,100,0,29.67,Fair
7/8/2022,3:30 AM,79,100,0,29.64,Fair
7/8/2022,4:00 AM,79,94,0,29.64,Fair
7/8/2022,4:30 AM,79,94,0,29.64,Fair
7/8/2022,5:00 AM,79,94,0,29.67,Fair
7/8/2022,5:30 AM,79,94,0,29.67,Fair
7/8/2022,6:00 AM,79,94,0,29.67,Fair
7/8/2022,6:30 AM,79,94,0,29.67,Fair
7/8/2022,7:00 AM,79,94,0,29.67,Fair
7/8/2022,7:30 AM,79,100,0,29.70,Fair
7/8/2022,8:00 AM,81,94,0,29.70,Fair
7/8/2022,8:30 AM,82,89,2,29.70,Fair
7/8/2022,9:00 AM,84,84,2,29.70,Fair
7/8/2022,9:30 AM,86,79,5,29.70,Fair
7/8/2022,10:00 AM,86,74,3,29.70,Fair
7/8/2022,10:30 AM,88,70,5,29.70,Partly Cloudy
7/8/2022,11:00 AM,88,66,5,29.70,Partly Cloudy
7/8/2022,11:30 AM,90,59,7,29.67,Partly Cloudy
7/8/2022,12:00 PM,90,62,7,29.67,Showers in the Vicinity
7/8/2022,12:30 PM,90,62,7,29.64,Showers in the Vicinity
7/8/2022,1:00 PM,88,62,9,29.64,Showers in the Vicinity
7/8/2022,1:30 PM,90,62,9,29.64,Mostly Cloudy
7/8/2022,2:00 PM,90,62,9,29.61,Mostly Cloudy
7/8/2022,2:30 PM,91,55,7,29.61,Mostly Cloudy
7/8/2022,3:00 PM,90,62,6,29.58,Mostly Cloudy
7/8/2022,3:30 PM,90,62,9,29.58,Mostly Cloudy
7/8/2022,4:00 PM,90,66,7,29.58,Mostly Cloudy
7/8/2022,4:30 PM,90,62,7,29.58,Mostly Cloudy
7/8/2022,5:00 PM,88,66,8,29.58,Mostly Cloudy
7/8/2022,5:30 PM,88,66,6,29.61,Mostly Cloudy
7/8/2022,6:00 PM,88,66,6,29.61,Mostly Cloudy
7/8/2022,6:30 PM,86,70,5,29.64,Mostly Cloudy
7/8/2022,7:00 PM,86,70,5,29.64,Partly Cloudy
7/8/2022,7:30 PM,84,74,5,29.67,Partly Cloudy
7/8/2022,8:00 PM,84,74,2,29.67,Partly Cloudy
7/8/2022,8:30 PM,84,79,0,29.67,Partly Cloudy
7/8/2022,9:00 PM,84,79,5,29.70,Partly Cloudy
7/8/2022,9:30 PM,82,79,0,29.70,Partly Cloudy
7/8/2022,10:00 PM,82,84,0,29.70,Partly Cloudy
7/8/2022,10:30 PM,81,89,0,29.70,Partly Cloudy
7/8/2022,11:00 PM,81,89,0,29.70,Partly Cloudy
7/8/2022,11:30 PM,81,89,0,29.70,Partly Cloudy
7/9/2022,12:00 AM,79,94,0,29.67,Partly Cloudy
7/9/2022,12:30 AM,79,94,0,29.64,Partly Cloudy
7/9/2022,1:00 AM,79,94,0,29.64,Partly Cloudy
7/9/2022,1:30 AM,79,94,0,29.64,Partly Cloudy
7/9/2022,2:00 AM,79,94,0,29.61,Partly Cloudy
7/9/2022,2:30 AM,79,94,0,29.61,Partly Cloudy
7/9/2022,3:00 AM,79,94,0,29.61,Fair
7/9/2022,3:30 AM,79,94,0,29.61,Fair
7/9/2022,4:00 AM,79,94,0,29.61,Fair
7/9/2022,4:30 AM,79,94,0,29.61,Fair
7/9/2022,5:00 AM,79,94,0,29.61,Fair
7/9/2022,5:30 AM,77,100,0,29.61,Fair
7/9/2022,6:00 AM,79,94,0,29.64,Fair
7/9/2022,6:30 AM,79,94,0,29.64,Partly Cloudy
7/9/2022,7:00 AM,79,94,0,29.64,Partly Cloudy
7/9/2022,7:30 AM,79,94,0,29.64,Partly Cloudy
7/9/2022,8:00 AM,79,94,0,29.67,Partly Cloudy
7/9/2022,8:30 AM,82,84,0,29.67,Partly Cloudy
7/9/2022,9:00 AM,82,84,0,29.67,Partly Cloudy
7/9/2022,9:30 AM,86,74,0,29.67,Fair
7/9/2022,10:00 AM,86,74,2,29.67,Fair
7/9/2022,10:30 AM,88,70,3,29.67,Fair
7/9/2022,11:00 AM,90,62,5,29.64,Fair
7/9/2022,11:30 AM,90,62,3,29.64,Fair
7/9/2022,12:00 PM,91,59,3,29.64,Partly Cloudy
7/9/2022,12:30 PM,91,63,7,29.61,Partly Cloudy
7/9/2022,1:00 PM,90,70,5,29.61,Light Rain
7/9/2022,1:30 PM,93,59,9,29.58,Partly Cloudy
7/9/2022,2:00 PM,91,55,12,29.58,Partly Cloudy
7/9/2022,2:30 PM,93,52,13,29.58,Partly Cloudy
7/9/2022,3:00 PM,91,52,14,29.58,Partly Cloudy
7/9/2022,3:30 PM,91,55,10,29.58,Mostly Cloudy
7/9/2022,4:00 PM,91,59,12,29.58,Mostly Cloudy
7/9/2022,4:30 PM,91,59,12,29.58,Mostly Cloudy
7/9/2022,5:00 PM,90,62,6,29.58,Mostly Cloudy
7/9/2022,5:30 PM,90,62,6,29.58,Mostly Cloudy
7/9/2022,6:00 PM,88,70,2,29.61,Mostly Cloudy
7/9/2022,6:30 PM,86,70,5,29.61,Mostly Cloudy
7/9/2022,7:00 PM,86,70,6,29.64,Mostly Cloudy
7/9/2022,7:30 PM,86,74,2,29.64,Mostly Cloudy
7/9/2022,8:00 PM,84,74,2,29.64,Mostly Cloudy
7/9/2022,8:30 PM,84,79,5,29.64,Mostly Cloudy
7/9/2022,9:00 PM,82,79,3,29.61,Mostly Cloudy
7/9/2022,9:30 PM,82,79,2,29.61,Mostly Cloudy
7/9/2022,10:00 PM,82,79,0,29.61,Mostly Cloudy
7/9/2022,10:30 PM,81,84,0,29.64,Mostly Cloudy
7/9/2022,11:00 PM,81,84,3,29.64,Mostly Cloudy
7/9/2022,11:30 PM,81,84,0,29.67,Mostly Cloudy
7/10/2022,12:00 AM,81,84,0,29.67,Mostly Cloudy
7/10/2022,12:30 AM,81,84,0,29.67,Mostly Cloudy
7/10/2022,1:00 AM,81,89,0,29.67,Mostly Cloudy
7/10/2022,1:30 AM,81,89,0,29.67,Mostly Cloudy
7/10/2022,2:00 AM,79,94,0,29.64,Mostly Cloudy
7/10/2022,2:30 AM,79,94,0,29.64,Mostly Cloudy
7/10/2022,3:00 AM,79,94,0,29.64,Mostly Cloudy
7/10/2022,3:30 AM,79,94,0,29.64,Mostly Cloudy
7/10/2022,4:00 AM,79,94,0,29.64,Mostly Cloudy
7/10/2022,4:30 AM,79,94,0,29.64,Mostly Cloudy
7/10/2022,5:00 AM,79,94,0,29.64,Mostly Cloudy
7/10/2022,5:30 AM,79,94,0,29.64,Mostly Cloudy
7/10/2022,6:00 AM,79,94,0,29.64,Light Rain
7/10/2022,6:30 AM,79,94,0,29.64,Light Rain
7/10/2022,7:00 AM,79,94,2,29.64,Mostly Cloudy
7/10/2022,7:30 AM,79,94,2,29.64,Mostly Cloudy
7/10/2022,8:00 AM,79,89,2,29.64,Mostly Cloudy
7/10/2022,8:30 AM,81,84,0,29.67,Mostly Cloudy
7/10/2022,9:00 AM,81,79,0,29.67,Mostly Cloudy
7/10/2022,9:30 AM,81,84,2,29.67,Mostly Cloudy
7/10/2022,10:00 AM,82,84,0,29.67,Mostly Cloudy
7/10/2022,10:30 AM,84,74,0,29.67,Mostly Cloudy
7/10/2022,11:00 AM,86,74,2,29.67,Mostly Cloudy
7/10/2022,11:30 AM,90,70,0,29.64,Mostly Cloudy
7/10/2022,12:00 PM,91,63,5,29.64,Mostly Cloudy
7/10/2022,12:30 PM,91,63,0,29.64,Mostly Cloudy
7/10/2022,1:00 PM,91,55,13,29.61,Mostly Cloudy
7/10/2022,1:30 PM,95,49,14,29.61,Mostly Cloudy
7/10/2022,2:00 PM,91,52,13,29.61,Mostly Cloudy
7/10/2022,2:30 PM,91,52,10,29.61,Mostly Cloudy
7/10/2022,3:00 PM,88,66,7,29.61,Mostly Cloudy
7/10/2022,3:30 PM,88,62,8,29.61,Mostly Cloudy
7/10/2022,4:00 PM,88,62,9,29.58,Mostly Cloudy
7/10/2022,4:30 PM,88,66,8,29.58,Mostly Cloudy
7/10/2022,5:00 PM,88,66,8,29.61,Mostly Cloudy
7/10/2022,5:30 PM,86,70,6,29.61,Mostly Cloudy
7/10/2022,6:00 PM,84,70,6,29.61,Mostly Cloudy
7/10/2022,6:30 PM,82,79,0,29.64,Mostly Cloudy
7/10/2022,7:00 PM,82,79,0,29.64,Mostly Cloudy
7/10/2022,7:30 PM,82,79,0,29.64,Mostly Cloudy
7/10/2022,8:00 PM,82,79,0,29.67,Mostly Cloudy
7/10/2022,8:30 PM,81,89,0,29.67,Mostly Cloudy
7/10/2022,9:00 PM,81,89,0,29.67,Mostly Cloudy
7/10/2022,9:30 PM,81,89,0,29.67,Mostly Cloudy
7/10/2022,10:00 PM,81,89,0,29.67,Light Rain
7/10/2022,10:30 PM,79,94,0,29.70,Mostly Cloudy
7/10/2022,11:00 PM,81,89,0,29.70,Mostly Cloudy
7/10/2022,11:30 PM,79,94,0,29.67,Mostly Cloudy
7/11/2022,12:00 AM,81,89,0,29.67,Mostly Cloudy
7/11/2022,12:30 AM,81,89,0,29.67,Mostly Cloudy
7/11/2022,1:00 AM,79,94,0,29.67,Mostly Cloudy
7/11/2022,1:30 AM,81,89,0,29.67,Mostly Cloudy
7/11/2022,2:00 AM,81,89,0,29.67,Mostly Cloudy
7/11/2022,2:30 AM,81,89,0,29.64,Mostly Cloudy
7/11/2022,3:00 AM,79,94,0,29.64,Mostly Cloudy
7/11/2022,3:30 AM,79,94,0,29.64,Mostly Cloudy
7/11/2022,4:00 AM,79,94,0,29.64,Mostly Cloudy
7/11/2022,4:30 AM,79,94,0,29.61,Mostly Cloudy
7/11/2022,5:00 AM,79,94,0,29.61,Mostly Cloudy
7/11/2022,5:30 AM,79,94,0,29.64,Mostly Cloudy
7/11/2022,6:00 AM,79,94,0,29.64,Mostly Cloudy
7/11/2022,6:30 AM,79,94,0,29.64,Mostly Cloudy
7/11/2022,7:00 AM,79,94,0,29.64,Mostly Cloudy
7/11/2022,7:30 AM,81,94,0,29.64,Mostly Cloudy
7/11/2022,8:00 AM,84,79,0,29.67,Mostly Cloudy
7/11/2022,8:30 AM,84,79,5,29.67,Mostly Cloudy
7/11/2022,9:00 AM,86,74,3,29.67,Mostly Cloudy
7/11/2022,9:30 AM,88,70,6,29.70,Mostly Cloudy
7/11/2022,10:00 AM,88,70,3,29.70,Mostly Cloudy
7/11/2022,10:30 AM,90,62,3,29.70,Mostly Cloudy
7/11/2022,11:00 AM,91,55,10,29.67,Mostly Cloudy
7/11/2022,11:30 AM,91,55,9,29.67,Partly Cloudy
7/11/2022,12:00 PM,91,55,12,29.67,Partly Cloudy
7/11/2022,12:30 PM,93,49,12,29.64,Partly Cloudy
7/11/2022,1:00 PM,93,49,14,29.64,Mostly Cloudy
7/11/2022,1:30 PM,91,49,17,29.64,Mostly Cloudy
7/11/2022,2:00 PM,91,55,13,29.64,Mostly Cloudy
7/11/2022,2:30 PM,91,52,15,29.61,Mostly Cloudy
7/11/2022,3:00 PM,91,55,16,29.61,Mostly Cloudy
7/11/2022,3:30 PM,91,55,13,29.61,Mostly Cloudy
7/11/2022,4:00 PM,90,55,12,29.61,Mostly Cloudy
7/11/2022,4:30 PM,90,55,13,29.64,Mostly Cloudy
7/11/2022,5:00 PM,88,58,9,29.64,Mostly Cloudy
7/11/2022,5:30 PM,88,58,7,29.64,Mostly Cloudy
7/11/2022,6:00 PM,86,66,0,29.64,Mostly Cloudy
7/11/2022,6:30 PM,86,62,6,29.64,Mostly Cloudy
7/11/2022,7:00 PM,84,70,2,29.67,Mostly Cloudy
7/11/2022,7:30 PM,84,70,2,29.67,Mostly Cloudy
7/11/2022,8:00 PM,82,74,5,29.70,Light Rain
7/11/2022,8:30 PM,79,89,8,29.70,Light Rain
7/11/2022,9:00 PM,79,89,2,29.70,Light Rain
7/11/2022,9:30 PM,79,89,0,29.70,Light Rain
7/11/2022,10:00 PM,79,94,0,29.73,Light Rain
7/11/2022,10:30 PM,77,100,0,29.73,Light Rain
7/11/2022,11:00 PM,77,94,0,29.73,Light Rain
7/11/2022,11:30 PM,77,94,0,29.73,Light Rain
7/12/2022,12:00 AM,77,94,0,29.70,Light Rain
7/12/2022,12:30 AM,77,100,1,29.70,Light Rain
7/12/2022,1:00 AM,77,100,0,29.70,Light Rain
7/12/2022,1:30 AM,77,100,0,29.67,Light Rain
7/12/2022,2:00 AM,77,100,2,29.67,Light Rain
7/12/2022,2:30 AM,77,100,0,29.64,Light Rain
7/12/2022,3:00 AM,77,100,0,29.64,Mostly Cloudy
7/12/2022,3:30 AM,77,100,0,29.64,Mostly Cloudy
7/12/2022,4:00 AM,77,100,3,29.64,Mostly Cloudy
7/12/2022,4:30 AM,77,100,2,29.64,Mostly Cloudy
7/12/2022,5:00 AM,77,100,0,29.64,Mostly Cloudy
7/12/2022,5:30 AM,77,100,0,29.64,Mostly Cloudy
7/12/2022,6:00 AM,77,100,0,29.64,Mostly Cloudy
7/12/2022,6:30 AM,77,100,3,29.67,Mostly Cloudy
7/12/2022,7:00 AM,77,100,0,29.67,Mostly Cloudy
7/12/2022,7:30 AM,79,94,0,29.70,Mostly Cloudy
7/12/2022,8:00 AM,79,89,2,29.70,Light Rain
7/12/2022,8:30 AM,81,89,0,29.70,Light Rain
7/12/2022,9:00 AM,82,79,5,29.70,Mostly Cloudy
7/12/2022,9:30 AM,82,79,3,29.70,Showers in the Vicinity
7/12/2022,10:00 AM,79,83,16,29.73,Light Rain
7/12/2022,10:30 AM,81,79,7,29.70,Mostly Cloudy
7/12/2022,11:00 AM,84,66,12,29.70,Mostly Cloudy
7/12/2022,11:30 AM,84,66,13,29.67,Mostly Cloudy
7/12/2022,12:00 PM,84,66,16,29.67,Mostly Cloudy
7/12/2022,12:30 PM,84,70,12,29.67,Mostly Cloudy
7/12/2022,1:00 PM,84,66,13,29.67,Showers in the Vicinity
7/12/2022,1:30 PM,86,62,9,29.67,Mostly Cloudy
7/12/2022,2:00 PM,82,74,16,29.64,Mostly Cloudy
7/12/2022,2:30 PM,82,74,3,29.64,Mostly Cloudy
7/12/2022,3:00 PM,82,74,7,29.64,Mostly Cloudy
7/12/2022,3:30 PM,82,74,12,29.61,Mostly Cloudy
7/12/2022,4:00 PM,82,74,7,29.61,Mostly Cloudy
7/12/2022,4:30 PM,82,74,8,29.61,Mostly Cloudy
7/12/2022,5:00 PM,82,74,8,29.61,Mostly Cloudy
7/12/2022,5:30 PM,82,70,13,29.61,Mostly Cloudy
7/12/2022,6:00 PM,81,79,6,29.64,Light Rain
7/12/2022,6:30 PM,79,83,8,29.67,Light Rain
7/12/2022,7:00 PM,77,89,8,29.67,Light Rain
7/12/2022,7:30 PM,77,89,6,29.67,Light Rain
7/12/2022,8:00 PM,75,94,5,29.67,Mostly Cloudy
7/12/2022,8:30 PM,75,94,3,29.70,Light Rain
7/12/2022,9:00 PM,75,94,0,29.70,Light Rain
7/12/2022,9:30 PM,75,94,0,29.70,Mostly Cloudy
7/12/2022,10:00 PM,77,89,3,29.70,Light Rain
7/12/2022,10:30 PM,77,89,0,29.70,Light Rain
7/12/2022,11:00 PM,77,89,0,29.70,Light Rain
7/12/2022,11:30 PM,75,100,0,29.70,Light Rain
7/13/2022,12:00 AM,77,94,0,29.67,Mostly Cloudy
7/13/2022,12:30 AM,77,94,0,29.67,Light Rain
7/13/2022,1:00 AM,77,94,0,29.67,Light Rain
7/13/2022,1:30 AM,77,94,2,29.67,Light Rain
7/13/2022,2:00 AM,75,100,0,29.64,Light Rain
7/13/2022,2:30 AM,75,100,0,29.64,Mostly Cloudy
7/13/2022,3:00 AM,75,100,0,29.61,Mostly Cloudy
7/13/2022,3:30 AM,75,100,0,29.61,Mostly Cloudy
7/13/2022,4:00 AM,75,100,0,29.61,Mostly Cloudy
7/13/2022,4:30 AM,75,100,0,29.61,Mostly Cloudy
7/13/2022,5:00 AM,75,100,0,29.61,Light Rain
7/13/2022,5:30 AM,77,94,0,29.61,Mostly Cloudy
7/13/2022,6:00 AM,77,94,0,29.61,Mostly Cloudy
7/13/2022,6:30 AM,77,94,0,29.64,Mostly Cloudy
7/13/2022,7:00 AM,77,94,0,29.64,Mostly Cloudy
7/13/2022,7:30 AM,77,100,0,29.64,Mostly Cloudy
7/13/2022,8:00 AM,79,94,0,29.67,Light Rain
7/13/2022,8:30 AM,79,94,0,29.67,Light Rain
7/13/2022,9:00 AM,82,84,3,29.70,Showers in the Vicinity
7/13/2022,9:30 AM,82,79,2,29.67,Mostly Cloudy
7/13/2022,10:00 AM,84,74,3,29.67,Mostly Cloudy
7/13/2022,10:30 AM,86,70,0,29.67,Mostly Cloudy
7/13/2022,11:00 AM,86,74,0,29.67,Mostly Cloudy
7/13/2022,11:30 AM,88,62,6,29.64,Mostly Cloudy
7/13/2022,12:00 PM,88,62,10,29.64,Mostly Cloudy
7/13/2022,12:30 PM,88,62,9,29.64,Mostly Cloudy
7/13/2022,1:00 PM,88,62,9,29.64,Mostly Cloudy
7/13/2022,1:30 PM,88,62,6,29.61,Partly Cloudy
7/13/2022,2:00 PM,88,62,7,29.58,Mostly Cloudy
7/13/2022,2:30 PM,88,62,7,29.58,Mostly Cloudy
7/13/2022,3:00 PM,88,66,5,29.55,Mostly Cloudy
7/13/2022,3:30 PM,88,66,6,29.55,Mostly Cloudy
7/13/2022,4:00 PM,88,62,3,29.55,Mostly Cloudy
7/13/2022,4:30 PM,86,70,7,29.55,Mostly Cloudy
7/13/2022,5:00 PM,84,74,6,29.55,Mostly Cloudy
7/13/2022,5:30 PM,84,74,7,29.55,Light Rain
7/13/2022,6:00 PM,84,74,6,29.55,Light Rain
7/13/2022,6:30 PM,84,74,0,29.58,Light Rain
7/13/2022,7:00 PM,82,79,0,29.58,Mostly Cloudy
7/13/2022,7:30 PM,82,79,0,29.58,Mostly Cloudy
7/13/2022,8:00 PM,82,79,0,29.58,Mostly Cloudy
7/13/2022,8:30 PM,81,84,0,29.61,Mostly Cloudy
7/13/2022,9:00 PM,81,84,0,29.61,Mostly Cloudy
7/13/2022,9:30 PM,79,94,0,29.64,Mostly Cloudy
7/13/2022,10:00 PM,81,89,0,29.64,Mostly Cloudy
7/13/2022,10:30 PM,81,84,0,29.64,Mostly Cloudy
7/13/2022,11:00 PM,81,89,0,29.64,Mostly Cloudy
7/13/2022,11:30 PM,79,94,0,29.64,Mostly Cloudy
7/14/2022,12:00 AM,79,94,0,29.64,Mostly Cloudy
7/14/2022,12:30 AM,79,94,0,29.64,Mostly Cloudy
7/14/2022,1:00 AM,79,94,0,29.64,Mostly Cloudy
7/14/2022,1:30 AM,79,94,0,29.61,Mostly Cloudy
7/14/2022,2:00 AM,81,89,0,29.61,Mostly Cloudy
7/14/2022,2:30 AM,81,89,0,29.61,Mostly Cloudy
7/14/2022,3:00 AM,81,89,0,29.61,Mostly Cloudy
7/14/2022,3:30 AM,79,94,0,29.58,Mostly Cloudy
7/14/2022,4:00 AM,79,94,0,29.58,Mostly Cloudy
7/14/2022,4:30 AM,79,94,0,29.61,Mostly Cloudy
7/14/2022,5:00 AM,77,100,0,29.61,Mostly Cloudy
7/14/2022,5:30 AM,77,100,0,29.61,Mostly Cloudy
7/14/2022,6:00 AM,77,100,0,29.61,Mostly Cloudy
7/14/2022,6:30 AM,79,94,0,29.61,Showers in the Vicinity
7/14/2022,7:00 AM,79,94,0,29.61,Light Rain
7/14/2022,7:30 AM,79,94,0,29.64,Partly Cloudy
7/14/2022,8:00 AM,81,89,2,29.64,Partly Cloudy
7/14/2022,8:30 AM,82,84,3,29.64,Mostly Cloudy
7/14/2022,9:00 AM,84,79,2,29.64,Mostly Cloudy
7/14/2022,9:30 AM,84,79,3,29.64,Mostly Cloudy
7/14/2022,10:00 AM,84,79,7,29.67,Light Rain
7/14/2022,10:30 AM,84,84,5,29.67,Light Rain
7/14/2022,11:00 AM,84,79,6,29.64,Mostly Cloudy
7/14/2022,11:30 AM,86,70,10,29.64,Mostly Cloudy
7/14/2022,12:00 PM,88,66,9,29.64,Mostly Cloudy
7/14/2022,12:30 PM,88,66,8,29.64,Mostly Cloudy
7/14/2022,1:00 PM,88,66,13,29.61,Mostly Cloudy
7/14/2022,1:30 PM,88,70,9,29.61,Mostly Cloudy
7/14/2022,2:00 PM,88,66,10,29.61,Mostly Cloudy
7/14/2022,2:30 PM,88,66,12,29.58,Mostly Cloudy
7/14/2022,3:00 PM,88,66,9,29.58,Mostly Cloudy
7/14/2022,3:30 PM,88,66,9,29.58,Mostly Cloudy
7/14/2022,4:00 PM,88,66,8,29.58,Mostly Cloudy
7/14/2022,4:30 PM,86,70,10,29.58,Mostly Cloudy
7/14/2022,5:00 PM,88,66,8,29.58,Showers in the Vicinity
7/14/2022,5:30 PM,86,70,6,29.58,Mostly Cloudy
7/14/2022,6:00 PM,86,70,7,29.58,Mostly Cloudy
7/14/2022,6:30 PM,84,74,5,29.58,Mostly Cloudy
7/14/2022,7:00 PM,82,79,5,29.58,Mostly Cloudy
7/14/2022,7:30 PM,84,74,5,29.61,Mostly Cloudy
7/14/2022,8:00 PM,82,79,5,29.61,Mostly Cloudy
7/14/2022,8:30 PM,82,79,5,29.64,Mostly Cloudy
7/14/2022,9:00 PM,82,79,3,29.64,Mostly Cloudy
7/14/2022,9:30 PM,81,84,1,29.64,Mostly Cloudy
7/14/2022,10:00 PM,81,84,0,29.64,Mostly Cloudy
7/14/2022,10:30 PM,81,84,2,29.64,Mostly Cloudy
7/14/2022,11:00 PM,81,84,3,29.64,Mostly Cloudy
7/14/2022,11:30 PM,81,84,0,29.67,Mostly Cloudy
7/15/2022,12:00 AM,79,94,0,29.67,Mostly Cloudy
7/15/2022,12:30 AM,79,94,0,29.64,Partly Cloudy
7/15/2022,1:00 AM,79,94,0,29.64,Partly Cloudy
7/15/2022,1:30 AM,77,100,0,29.64,Fair
7/15/2022,2:00 AM,77,100,0,29.64,Fair
7/15/2022,2:30 AM,77,100,0,29.64,Fair
7/15/2022,3:00 AM,79,94,0,29.61,Fair
7/15/2022,3:30 AM,79,94,0,29.61,Fair
7/15/2022,4:00 AM,79,94,0,29.61,Fair
7/15/2022,4:30 AM,79,94,3,29.61,Fair
7/15/2022,5:00 AM,79,94,2,29.61,Fair
7/15/2022,5:30 AM,79,94,0,29.64,Partly Cloudy
7/15/2022,6:00 AM,79,94,0,29.64,Partly Cloudy
7/15/2022,6:30 AM,79,94,0,29.64,Partly Cloudy
7/15/2022,7:00 AM,79,94,0,29.64,Partly Cloudy
7/15/2022,7:30 AM,81,89,2,29.64,Partly Cloudy
7/15/2022,8:00 AM,82,84,0,29.67,Mostly Cloudy
7/15/2022,8:30 AM,82,84,3,29.67,Mostly Cloudy
7/15/2022,9:00 AM,86,74,2,29.67,Mostly Cloudy
7/15/2022,9:30 AM,86,74,6,29.67,Mostly Cloudy
7/15/2022,10:00 AM,88,66,10,29.67,Mostly Cloudy
7/15/2022,10:30 AM,90,62,9,29.64,Mostly Cloudy
7/15/2022,11:00 AM,90,59,10,29.64,Mostly Cloudy
7/15/2022,11:30 AM,90,59,10,29.64,Mostly Cloudy
7/15/2022,12:00 PM,90,59,12,29.64,Mostly Cloudy
7/15/2022,12:30 PM,91,52,12,29.64,Mostly Cloudy
7/15/2022,1:00 PM,91,52,12,29.61,Mostly Cloudy
7/15/2022,1:30 PM,91,52,14,29.61,Mostly Cloudy
7/15/2022,2:00 PM,91,55,12,29.61,Partly Cloudy
7/15/2022,2:30 PM,93,52,9,29.58,Partly Cloudy
7/15/2022,3:00 PM,91,55,9,29.58,Partly Cloudy
7/15/2022,3:30 PM,91,55,10,29.58,Partly Cloudy
7/15/2022,4:00 PM,90,59,10,29.58,Partly Cloudy
7/15/2022,4:30 PM,90,59,12,29.58,Showers in the Vicinity
7/15/2022,5:00 PM,88,66,9,29.58,Mostly Cloudy
7/15/2022,5:30 PM,88,66,9,29.61,Mostly Cloudy
7/15/2022,6:00 PM,86,70,7,29.61,Mostly Cloudy
7/15/2022,6:30 PM,86,70,6,29.61,Mostly Cloudy
7/15/2022,7:00 PM,84,74,6,29.64,Partly Cloudy
7/15/2022,7:30 PM,84,70,6,29.64,Partly Cloudy
7/15/2022,8:00 PM,82,74,6,29.64,Partly Cloudy
7/15/2022,8:30 PM,82,79,3,29.64,Partly Cloudy
7/15/2022,9:00 PM,82,79,3,29.67,Fair
7/15/2022,9:30 PM,81,84,0,29.67,Fair
7/15/2022,10:00 PM,81,84,0,29.67,Fair
7/15/2022,10:30 PM,79,89,0,29.67,Fair
7/15/2022,11:00 PM,79,89,0,29.67,Fair
7/15/2022,11:30 PM,79,94,0,29.67,Fair
7/16/2022,12:00 AM,79,94,0,29.67,Fair
7/16/2022,12:30 AM,79,94,0,29.67,Fair
7/16/2022,1:00 AM,79,94,0,29.67,Fair
7/16/2022,1:30 AM,79,94,0,29.67,Fair
7/16/2022,2:00 AM,79,94,0,29.67,Fair
7/16/2022,2:30 AM,79,94,3,29.64,Fair
7/16/2022,3:00 AM,79,94,3,29.64,Fair
7/16/2022,3:30 AM,79,94,2,29.64,Fair
7/16/2022,4:00 AM,79,94,3,29.61,Partly Cloudy
7/16/2022,4:30 AM,77,100,0,29.64,Partly Cloudy
7/16/2022,5:00 AM,77,100,0,29.64,Partly Cloudy
7/16/2022,5:30 AM,77,100,0,29.64,Partly Cloudy
7/16/2022,6:00 AM,77,100,0,29.64,Mostly Cloudy
7/16/2022,6:30 AM,77,100,0,29.67,Mostly Cloudy
7/16/2022,7:00 AM,79,89,0,29.67,Partly Cloudy
7/16/2022,7:30 AM,81,89,0,29.67,Partly Cloudy
7/16/2022,8:00 AM,82,84,2,29.67,Fair
7/16/2022,8:30 AM,82,84,3,29.67,Partly Cloudy
7/16/2022,9:00 AM,82,89,2,29.67,Mostly Cloudy
7/16/2022,9:30 AM,82,84,2,29.70,Mostly Cloudy
7/16/2022,10:00 AM,84,84,2,29.70,Mostly Cloudy
7/16/2022,10:30 AM,86,74,2,29.70,Mostly Cloudy
7/16/2022,11:00 AM,86,74,2,29.67,Mostly Cloudy
7/16/2022,11:30 AM,86,74,9,29.67,Mostly Cloudy
7/16/2022,12:00 PM,88,66,8,29.67,Mostly Cloudy
7/16/2022,12:30 PM,88,66,7,29.67,Light Rain
7/16/2022,1:00 PM,90,62,5,29.67,Mostly Cloudy
7/16/2022,1:30 PM,90,59,8,29.64,Mostly Cloudy
7/16/2022,2:00 PM,90,62,7,29.64,Mostly Cloudy
7/16/2022,2:30 PM,90,59,8,29.64,Mostly Cloudy
7/16/2022,3:00 PM,90,62,9,29.61,Mostly Cloudy
7/16/2022,3:30 PM,90,59,9,29.61,Mostly Cloudy
7/16/2022,4:00 PM,90,62,7,29.61,Mostly Cloudy
7/16/2022,4:30 PM,88,66,6,29.61,Mostly Cloudy
7/16/2022,5:00 PM,88,66,5,29.61,Mostly Cloudy
7/16/2022,5:30 PM,88,70,5,29.61,Mostly Cloudy
7/16/2022,6:00 PM,88,70,5,29.64,Mostly Cloudy
7/16/2022,6:30 PM,86,74,2,29.64,Mostly Cloudy
7/16/2022,7:00 PM,84,79,5,29.64,Mostly Cloudy
7/16/2022,7:30 PM,84,79,1,29.64,Mostly Cloudy
7/16/2022,8:00 PM,84,79,0,29.64,Mostly Cloudy
7/16/2022,8:30 PM,82,84,3,29.67,Mostly Cloudy
7/16/2022,9:00 PM,82,84,3,29.67,Mostly Cloudy
7/16/2022,9:30 PM,82,84,0,29.67,Partly Cloudy
7/16/2022,10:00 PM,81,89,0,29.70,Partly Cloudy
7/16/2022,10:30 PM,81,89,0,29.70,Partly Cloudy
7/16/2022,11:00 PM,81,89,0,29.70,Partly Cloudy
7/16/2022,11:30 PM,81,89,0,29.70,Partly Cloudy
7/17/2022,12:00 AM,79,94,0,29.70,Partly Cloudy
7/17/2022,12:30 AM,79,94,0,29.70,Partly Cloudy
7/17/2022,1:00 AM,79,94,0,29.70,Fair
7/17/2022,1:30 AM,79,94,0,29.70,Fair
7/17/2022,2:00 AM,79,94,0,29.70,Fair
7/17/2022,2:30 AM,79,94,0,29.70,Fair
7/17/2022,3:00 AM,79,94,0,29.70,Fair
7/17/2022,3:30 AM,77,100,0,29.70,Fair
7/17/2022,4:00 AM,77,100,5,29.70,Fair
7/17/2022,4:30 AM,77,100,0,29.67,Partly Cloudy
7/17/2022,5:00 AM,77,100,0,29.67,Partly Cloudy
7/17/2022,5:30 AM,77,100,0,29.70,Mostly Cloudy
7/17/2022,6:00 AM,77,100,0,29.70,Mostly Cloudy
7/17/2022,6:30 AM,77,100,0,29.70,Mostly Cloudy
7/17/2022,7:00 AM,77,100,0,29.70,Mostly Cloudy
7/17/2022,7:30 AM,79,94,0,29.70,Mostly Cloudy
7/17/2022,8:00 AM,81,94,0,29.70,Mostly Cloudy
7/17/2022,8:30 AM,82,89,0,29.70,Partly Cloudy
7/17/2022,9:00 AM,84,84,0,29.73,Partly Cloudy
7/17/2022,9:30 AM,84,84,0,29.73,Partly Cloudy
7/17/2022,10:00 AM,86,79,0,29.73,Mostly Cloudy
7/17/2022,10:30 AM,88,70,2,29.73,Mostly Cloudy
7/17/2022,11:00 AM,90,66,0,29.73,Mostly Cloudy
7/17/2022,11:30 AM,91,59,0,29.73,Fair
7/17/2022,12:00 PM,91,59,3,29.70,Partly Cloudy
7/17/2022,12:30 PM,90,59,0,29.70,Partly Cloudy
7/17/2022,1:00 PM,91,55,3,29.67,Partly Cloudy
7/17/2022,1:30 PM,93,56,2,29.67,Showers in the Vicinity
7/17/2022,2:00 PM,93,56,0,29.64,Showers in the Vicinity
7/17/2022,2:30 PM,82,79,16,29.64,Light Rain with Thunder
7/17/2022,3:00 PM,81,89,9,29.64,Light Rain with Thunder
7/17/2022,3:30 PM,79,94,8,29.64,Light Rain with Thunder
7/17/2022,4:00 PM,77,94,2,29.67,Light Rain with Thunder
7/17/2022,4:30 PM,77,94,0,29.67,Light Rain with Thunder
7/17/2022,5:00 PM,77,94,3,29.64,Mostly Cloudy
7/17/2022,5:30 PM,77,94,0,29.64,Mostly Cloudy
7/17/2022,6:00 PM,77,94,0,29.67,Mostly Cloudy
7/17/2022,6:30 PM,77,94,0,29.67,Mostly Cloudy
7/17/2022,7:00 PM,77,94,0,29.67,Mostly Cloudy
7/17/2022,7:30 PM,77,94,0,29.67,Mostly Cloudy
7/17/2022,8:00 PM,77,94,3,29.67,Mostly Cloudy
7/17/2022,8:30 PM,77,94,0,29.67,Mostly Cloudy
7/17/2022,9:00 PM,77,94,0,29.67,Mostly Cloudy
7/17/2022,9:30 PM,77,100,0,29.70,Mostly Cloudy
7/17/2022,10:00 PM,77,100,0,29.70,Mostly Cloudy
7/17/2022,10:30 PM,77,94,2,29.73,Mostly Cloudy
7/17/2022,11:00 PM,77,94,5,29.73,Mostly Cloudy
7/17/2022,11:30 PM,77,94,0,29.73,Mostly Cloudy
7/18/2022,12:00 AM,77,94,0,29.73,Mostly Cloudy
7/18/2022,12:30 AM,77,94,0,29.73,Mostly Cloudy
7/18/2022,1:00 AM,77,94,0,29.70,Partly Cloudy
7/18/2022,1:30 AM,77,94,0,29.70,Partly Cloudy
7/18/2022,2:00 AM,77,94,0,29.70,Partly Cloudy
7/18/2022,2:30 AM,77,94,0,29.67,Partly Cloudy
7/18/2022,3:00 AM,75,100,0,29.67,Partly Cloudy
7/18/2022,3:30 AM,75,100,0,29.67,Partly Cloudy
7/18/2022,4:00 AM,75,100,0,29.67,Partly Cloudy
7/18/2022,4:30 AM,75,100,0,29.67,Partly Cloudy
7/18/2022,5:00 AM,75,100,0,29.67,Mostly Cloudy
7/18/2022,5:30 AM,75,100,0,29.67,Mostly Cloudy
7/18/2022,6:00 AM,75,100,0,29.70,Partly Cloudy
7/18/2022,6:30 AM,75,100,0,29.70,Partly Cloudy
7/18/2022,7:00 AM,77,94,0,29.70,Partly Cloudy
7/18/2022,7:30 AM,77,100,0,29.70,Mostly Cloudy
7/18/2022,8:00 AM,79,94,0,29.70,Partly Cloudy
7/18/2022,8:30 AM,81,89,0,29.70,Fair
7/18/2022,9:00 AM,82,89,2,29.70,Fair
7/18/2022,9:30 AM,84,79,0,29.70,Partly Cloudy
7/18/2022,10:00 AM,86,74,0,29.70,Partly Cloudy
7/18/2022,10:30 AM,88,70,0,29.70,Partly Cloudy
7/18/2022,11:00 AM,90,66,0,29.70,Fair
7/18/2022,11:30 AM,90,66,2,29.67,Fair
7/18/2022,12:00 PM,90,62,2,29.67,Fair
7/18/2022,12:30 PM,91,59,2,29.67,Fair
7/18/2022,1:00 PM,93,56,3,29.64,Fair
7/18/2022,1:30 PM,93,56,6,29.64,Fair
7/18/2022,2:00 PM,93,56,3,29.61,Fair
7/18/2022,2:30 PM,93,56,6,29.61,Fair
7/18/2022,3:00 PM,93,52,3,29.58,Fair
7/18/2022,3:30 PM,95,53,5,29.58,Fair
7/18/2022,4:00 PM,91,63,7,29.58,Fair
7/18/2022,4:30 PM,93,59,5,29.58,Fair
7/18/2022,5:00 PM,93,56,7,29.55,Fair
7/18/2022,5:30 PM,91,59,8,29.55,Fair
7/18/2022,6:00 PM,91,59,8,29.58,Fair
7/18/2022,6:30 PM,90,62,7,29.58,Fair
7/18/2022,7:00 PM,88,66,6,29.58,Fair
7/18/2022,7:30 PM,86,70,2,29.61,Fair
7/18/2022,8:00 PM,86,70,3,29.61,Fair
7/18/2022,8:30 PM,84,74,0,29.64,Fair
7/18/2022,9:00 PM,82,79,0,29.64,Fair
7/18/2022,9:30 PM,82,79,0,29.64,Fair
7/18/2022,10:00 PM,82,79,2,29.67,Fair
7/18/2022,10:30 PM,81,84,0,29.67,Fair
7/18/2022,11:00 PM,81,89,0,29.67,Fair
7/18/2022,11:30 PM,79,94,0,29.67,Fair
7/19/2022,12:00 AM,79,94,0,29.67,Fair
7/19/2022,12:30 AM,79,94,0,29.64,Fair
7/19/2022,1:00 AM,79,89,0,29.64,Fair
7/19/2022,1:30 AM,79,89,0,29.64,Fair
7/19/2022,2:00 AM,77,94,0,29.64,Fair
7/19/2022,2:30 AM,77,94,0,29.64,Fair
7/19/2022,3:00 AM,77,94,0,29.64,Fair
7/19/2022,3:30 AM,77,94,0,29.64,Fair
7/19/2022,4:00 AM,77,94,0,29.64,Fair
7/19/2022,4:30 AM,77,94,0,29.64,Fair
7/19/2022,5:00 AM,77,94,0,29.64,Fair
7/19/2022,5:30 AM,77,94,0,29.64,Fair
7/19/2022,6:00 AM,77,94,0,29.64,Partly Cloudy
7/19/2022,6:30 AM,77,94,0,29.64,Mostly Cloudy
7/19/2022,7:00 AM,77,94,0,29.64,Mostly Cloudy
7/19/2022,7:30 AM,77,94,0,29.67,Mostly Cloudy
7/19/2022,8:00 AM,77,100,0,29.67,Mostly Cloudy
7/19/2022,8:30 AM,79,89,0,29.67,Mostly Cloudy
7/19/2022,9:00 AM,79,89,0,29.70,Mostly Cloudy
7/19/2022,9:30 AM,79,94,0,29.70,Mostly Cloudy
7/19/2022,10:00 AM,81,89,0,29.70,Mostly Cloudy
7/19/2022,10:30 AM,82,79,0,29.67,Mostly Cloudy
7/19/2022,11:00 AM,86,70,3,29.67,Mostly Cloudy
7/19/2022,11:30 AM,86,70,3,29.67,Mostly Cloudy
7/19/2022,12:00 PM,88,66,0,29.64,Mostly Cloudy
7/19/2022,12:30 PM,90,62,2,29.64,Partly Cloudy
7/19/2022,1:00 PM,90,59,7,29.64,Fair
7/19/2022,1:30 PM,91,55,9,29.61,Fair
7/19/2022,2:00 PM,91,55,12,29.61,Fair
7/19/2022,2:30 PM,91,55,10,29.61,Partly Cloudy
7/19/2022,3:00 PM,91,55,13,29.61,Partly Cloudy
7/19/2022,3:30 PM,90,59,13,29.58,Partly Cloudy
7/19/2022,4:00 PM,90,55,10,29.58,Partly Cloudy
7/19/2022,4:30 PM,90,55,10,29.58,Partly Cloudy
7/19/2022,5:00 PM,90,59,9,29.61,Fair
7/19/2022,5:30 PM,88,58,10,29.61,Fair
7/19/2022,6:00 PM,86,62,8,29.61,Fair
7/19/2022,6:30 PM,86,62,7,29.61,Fair
7/19/2022,7:00 PM,82,70,6,29.61,Fair
7/19/2022,7:30 PM,82,70,2,29.61,Fair
7/19/2022,8:00 PM,81,79,0,29.61,Fair
7/19/2022,8:30 PM,82,70,5,29.61,Fair
7/19/2022,9:00 PM,81,79,2,29.64,Fair
7/19/2022,9:30 PM,81,79,3,29.64,Fair
7/19/2022,10:00 PM,81,79,5,29.64,Fair
7/19/2022,10:30 PM,81,79,3,29.67,Fair
7/19/2022,11:00 PM,79,83,5,29.67,Partly Cloudy
7/19/2022,11:30 PM,79,83,2,29.67,Partly Cloudy
7/20/2022,12:00 AM,79,83,5,29.67,Partly Cloudy
7/20/2022,12:30 AM,79,83,5,29.64,Partly Cloudy
7/20/2022,1:00 AM,79,83,5,29.64,Partly Cloudy
7/20/2022,1:30 AM,79,89,3,29.64,Partly Cloudy
7/20/2022,2:00 AM,79,89,2,29.64,Partly Cloudy
7/20/2022,2:30 AM,79,89,2,29.64,Partly Cloudy
7/20/2022,3:00 AM,79,89,0,29.64,Partly Cloudy
7/20/2022,3:30 AM,79,89,3,29.64,Partly Cloudy
7/20/2022,4:00 AM,79,89,2,29.64,Partly Cloudy
7/20/2022,4:30 AM,79,89,2,29.64,Partly Cloudy
7/20/2022,5:00 AM,79,89,3,29.64,Partly Cloudy
7/20/2022,5:30 AM,79,89,3,29.64,Partly Cloudy
7/20/2022,6:00 AM,77,94,2,29.64,Partly Cloudy
7/20/2022,6:30 AM,77,94,0,29.64,Partly Cloudy
7/20/2022,7:00 AM,77,94,0,29.67,Partly Cloudy
7/20/2022,7:30 AM,79,94,0,29.67,Partly Cloudy
7/20/2022,8:00 AM,79,94,0,29.67,Partly Cloudy
7/20/2022,8:30 AM,81,89,0,29.67,Partly Cloudy
7/20/2022,9:00 AM,82,84,6,29.67,Partly Cloudy
7/20/2022,9:30 AM,84,79,6,29.67,Partly Cloudy
7/20/2022,10:00 AM,86,74,7,29.67,Partly Cloudy
7/20/2022,10:30 AM,86,74,8,29.67,Partly Cloudy
7/20/2022,11:00 AM,86,70,6,29.67,Mostly Cloudy
7/20/2022,11:30 AM,86,74,5,29.64,Mostly Cloudy
7/20/2022,12:00 PM,88,66,8,29.64,Mostly Cloudy
7/20/2022,12:30 PM,88,66,8,29.64,Mostly Cloudy
7/20/2022,1:00 PM,90,59,10,29.64,Partly Cloudy
7/20/2022,1:30 PM,90,59,9,29.61,Partly Cloudy
7/20/2022,2:00 PM,90,59,10,29.61,Partly Cloudy
7/20/2022,2:30 PM,90,59,10,29.61,Partly Cloudy
7/20/2022,3:00 PM,91,52,12,29.61,Partly Cloudy
7/20/2022,3:30 PM,90,55,12,29.58,Fair
7/20/2022,4:00 PM,90,52,13,29.61,Fair
7/20/2022,4:30 PM,90,59,9,29.61,Partly Cloudy
7/20/2022,5:00 PM,88,62,8,29.61,Mostly Cloudy
7/20/2022,5:30 PM,88,62,8,29.61,Mostly Cloudy
7/20/2022,6:00 PM,86,62,8,29.64,Mostly Cloudy
7/20/2022,6:30 PM,84,66,7,29.64,Mostly Cloudy
7/20/2022,7:00 PM,84,70,8,29.64,Mostly Cloudy
7/20/2022,7:30 PM,84,70,8,29.64,Partly Cloudy
7/20/2022,8:00 PM,84,70,6,29.64,Partly Cloudy
7/20/2022,8:30 PM,84,70,6,29.67,Partly Cloudy
7/20/2022,9:00 PM,81,79,2,29.67,Partly Cloudy
7/20/2022,9:30 PM,81,84,5,29.67,Partly Cloudy
7/20/2022,10:00 PM,81,84,0,29.67,Partly Cloudy
7/20/2022,10:30 PM,81,84,0,29.70,Partly Cloudy
7/20/2022,11:00 PM,79,89,0,29.70,Partly Cloudy
7/20/2022,11:30 PM,79,89,0,29.67,Partly Cloudy
7/21/2022,12:00 AM,79,89,3,29.67,Partly Cloudy
7/21/2022,12:30 AM,77,94,0,29.67,Partly Cloudy
7/21/2022,1:00 AM,77,94,0,29.67,Partly Cloudy
7/21/2022,1:30 AM,77,94,0,29.64,Partly Cloudy
7/21/2022,2:00 AM,77,94,0,29.64,Partly Cloudy
7/21/2022,2:30 AM,77,94,0,29.64,Fair
7/21/2022,3:00 AM,75,100,0,29.64,Fair
7/21/2022,3:30 AM,75,100,0,29.64,Fair
7/21/2022,4:00 AM,75,100,2,29.64,Fair
7/21/2022,4:30 AM,75,100,2,29.64,Fair
7/21/2022,5:00 AM,75,100,0,29.64,Fair
7/21/2022,5:30 AM,75,100,2,29.67,Fair
7/21/2022,6:00 AM,75,100,0,29.67,Partly Cloudy
7/21/2022,6:30 AM,75,100,0,29.67,Partly Cloudy
7/21/2022,7:00 AM,77,94,2,29.70,Mostly Cloudy
7/21/2022,7:30 AM,77,94,0,29.70,Mostly Cloudy
7/21/2022,8:00 AM,79,89,0,29.73,Mostly Cloudy
7/21/2022,8:30 AM,81,89,0,29.73,Mostly Cloudy
7/21/2022,9:00 AM,82,84,0,29.70,Mostly Cloudy
7/21/2022,9:30 AM,82,84,0,29.70,Mostly Cloudy
7/21/2022,10:00 AM,84,79,3,29.70,Mostly Cloudy
7/21/2022,10:30 AM,86,74,0,29.70,Mostly Cloudy
7/21/2022,11:00 AM,86,70,2,29.70,Mostly Cloudy
7/21/2022,11:30 AM,86,70,0,29.70,Mostly Cloudy
7/21/2022,12:00 PM,88,66,2,29.70,Mostly Cloudy
7/21/2022,12:30 PM,88,66,0,29.70,Mostly Cloudy
7/21/2022,1:00 PM,90,62,2,29.67,Mostly Cloudy
7/21/2022,1:30 PM,90,62,0,29.67,Mostly Cloudy
7/21/2022,2:00 PM,88,66,2,29.64,Mostly Cloudy
7/21/2022,2:30 PM,88,70,5,29.64,Mostly Cloudy
7/21/2022,3:00 PM,88,70,6,29.64,Mostly Cloudy
7/21/2022,3:30 PM,88,70,5,29.61,Mostly Cloudy
7/21/2022,4:00 PM,88,70,3,29.61,Mostly Cloudy
7/21/2022,4:30 PM,88,70,0,29.61,Mostly Cloudy
7/21/2022,5:00 PM,88,70,0,29.61,Mostly Cloudy
7/21/2022,5:30 PM,88,70,0,29.61,Mostly Cloudy
7/21/2022,6:00 PM,86,79,0,29.64,Mostly Cloudy
7/21/2022,6:30 PM,86,74,3,29.64,Mostly Cloudy
7/21/2022,7:00 PM,84,79,3,29.64,Mostly Cloudy
7/21/2022,7:30 PM,84,79,1,29.67,Mostly Cloudy
7/21/2022,8:00 PM,82,84,3,29.67,Mostly Cloudy
7/21/2022,8:30 PM,82,84,0,29.70,Mostly Cloudy
7/21/2022,9:00 PM,82,84,1,29.73,Mostly Cloudy
7/21/2022,9:30 PM,81,89,0,29.73,Mostly Cloudy
7/21/2022,10:00 PM,81,94,0,29.73,Mostly Cloudy
7/21/2022,10:30 PM,81,89,0,29.73,Mostly Cloudy
7/21/2022,11:00 PM,81,94,0,29.76,Mostly Cloudy
7/21/2022,11:30 PM,81,89,0,29.76,Mostly Cloudy
7/22/2022,12:00 AM,81,89,0,29.73,Partly Cloudy
7/22/2022,12:30 AM,81,89,0,29.73,Partly Cloudy
7/22/2022,1:00 AM,81,94,0,29.73,Mostly Cloudy
7/22/2022,1:30 AM,79,94,0,29.73,Mostly Cloudy
7/22/2022,2:00 AM,79,100,0,29.73,Mostly Cloudy
7/22/2022,2:30 AM,79,94,0,29.73,Mostly Cloudy
7/22/2022,3:00 AM,79,94,0,29.70,Mostly Cloudy
7/22/2022,3:30 AM,79,94,0,29.70,Partly Cloudy
7/22/2022,4:00 AM,79,94,0,29.70,Partly Cloudy
7/22/2022,4:30 AM,79,94,3,29.70,Mostly Cloudy
7/22/2022,5:00 AM,79,94,0,29.70,Mostly Cloudy
7/22/2022,5:30 AM,79,94,0,29.70,Mostly Cloudy
7/22/2022,6:00 AM,77,100,0,29.70,Fair
7/22/2022,6:30 AM,77,100,0,29.70,Fair
7/22/2022,7:00 AM,77,100,5,29.70,Fair
7/22/2022,7:30 AM,79,94,0,29.73,Fair
7/22/2022,8:00 AM,82,84,0,29.73,Fair
7/22/2022,8:30 AM,82,84,0,29.76,Fair
7/22/2022,9:00 AM,84,79,0,29.73,Partly Cloudy
7/22/2022,9:30 AM,84,79,0,29.76,Fair
7/22/2022,10:00 AM,86,74,2,29.76,Partly Cloudy
7/22/2022,10:30 AM,86,74,2,29.73,Fair
7/22/2022,11:00 AM,88,66,2,29.73,Fair
7/22/2022,11:30 AM,90,62,2,29.73,Fair
7/22/2022,12:00 PM,90,62,2,29.70,Fair
7/22/2022,12:30 PM,93,52,0,29.70,Partly Cloudy
7/22/2022,1:00 PM,93,52,2,29.67,Partly Cloudy
7/22/2022,1:30 PM,93,52,0,29.67,Showers in the Vicinity
7/22/2022,2:00 PM,91,55,3,29.67,Showers in the Vicinity
7/22/2022,2:30 PM,91,63,12,29.64,Partly Cloudy
7/22/2022,3:00 PM,90,66,9,29.64,Partly Cloudy
7/22/2022,3:30 PM,90,66,10,29.64,Partly Cloudy
7/22/2022,4:00 PM,90,66,10,29.64,Showers in the Vicinity
7/22/2022,4:30 PM,88,70,9,29.64,Partly Cloudy
7/22/2022,5:00 PM,86,70,6,29.64,Thunder
7/22/2022,5:30 PM,82,84,6,29.67,Thunder
7/22/2022,6:00 PM,81,84,9,29.67,Light Rain with Thunder
7/22/2022,6:30 PM,82,84,0,29.67,Light Rain with Thunder
7/22/2022,7:00 PM,81,89,2,29.70,Light Rain with Thunder
7/22/2022,7:30 PM,81,89,0,29.70,Mostly Cloudy
7/22/2022,8:00 PM,81,89,5,29.70,Mostly Cloudy
7/22/2022,8:30 PM,79,94,2,29.73,Mostly Cloudy
7/22/2022,9:00 PM,79,94,0,29.76,Mostly Cloudy
7/22/2022,9:30 PM,79,94,0,29.76,Mostly Cloudy
7/22/2022,10:00 PM,79,94,2,29.76,Mostly Cloudy
7/22/2022,10:30 PM,79,94,0,29.76,Partly Cloudy
7/22/2022,11:00 PM,79,94,0,29.76,Partly Cloudy
7/22/2022,11:30 PM,77,100,0,29.76,Partly Cloudy
7/23/2022,12:00 AM,77,100,0,29.76,Fair
7/23/2022,12:30 AM,77,100,0,29.76,Fair
7/23/2022,1:00 AM,77,94,0,29.73,Fair
7/23/2022,1:30 AM,77,94,0,29.73,Partly Cloudy
7/23/2022,2:00 AM,77,100,0,29.73,Partly Cloudy
7/23/2022,2:30 AM,77,100,0,29.73,Partly Cloudy
7/23/2022,3:00 AM,77,94,0,29.70,Fair
7/23/2022,3:30 AM,77,94,0,29.70,Fair
7/23/2022,4:00 AM,77,94,0,29.70,Partly Cloudy
7/23/2022,4:30 AM,75,100,2,29.70,Fog
7/23/2022,5:00 AM,75,100,2,29.70,Fog
7/23/2022,5:30 AM,75,100,2,29.70,Fog
7/23/2022,6:00 AM,75,100,0,29.70,Fog
7/23/2022,6:30 AM,75,100,0,29.70,Fog
7/23/2022,7:00 AM,75,100,0,29.70,Fog
7/23/2022,7:30 AM,75,100,2,29.73,Fog
7/23/2022,8:00 AM,77,94,2,29.73,Fog
7/23/2022,8:30 AM,79,94,0,29.73,Mostly Cloudy
7/23/2022,9:00 AM,81,89,0,29.73,Mostly Cloudy
7/23/2022,9:30 AM,82,84,0,29.73,Mostly Cloudy
7/23/2022,10:00 AM,84,79,0,29.73,Mostly Cloudy
7/23/2022,10:30 AM,88,70,0,29.73,Mostly Cloudy
7/23/2022,11:00 AM,88,66,2,29.73,Mostly Cloudy
7/23/2022,11:30 AM,88,66,5,29.70,Mostly Cloudy
7/23/2022,12:00 PM,90,62,5,29.70,Mostly Cloudy
7/23/2022,12:30 PM,90,59,2,29.70,Partly Cloudy
7/23/2022,1:00 PM,91,55,3,29.67,Partly Cloudy
7/23/2022,1:30 PM,91,59,3,29.67,Partly Cloudy
7/23/2022,2:00 PM,93,56,3,29.64,Partly Cloudy
7/23/2022,2:30 PM,93,52,2,29.64,Partly Cloudy
7/23/2022,3:00 PM,93,56,2,29.61,Partly Cloudy
7/23/2022,3:30 PM,93,52,2,29.61,Partly Cloudy
7/23/2022,4:00 PM,93,52,6,29.61,Partly Cloudy
7/23/2022,4:30 PM,93,52,5,29.58,Partly Cloudy
7/23/2022,5:00 PM,84,84,10,29.61,Light Rain
7/23/2022,5:30 PM,82,84,6,29.61,Light Rain
7/23/2022,6:00 PM,84,79,3,29.61,Mostly Cloudy
7/23/2022,6:30 PM,82,84,9,29.64,Mostly Cloudy
7/23/2022,7:00 PM,82,74,6,29.64,Mostly Cloudy
7/23/2022,7:30 PM,81,74,2,29.67,Mostly Cloudy
7/23/2022,8:00 PM,81,74,0,29.67,Partly Cloudy
7/23/2022,8:30 PM,79,83,0,29.70,Fair
7/23/2022,9:00 PM,79,83,0,29.70,Fair
7/23/2022,9:30 PM,79,89,0,29.70,Partly Cloudy
7/23/2022,10:00 PM,79,89,5,29.70,Partly Cloudy
7/23/2022,10:30 PM,79,89,0,29.73,Fair
7/23/2022,11:00 PM,79,89,0,29.73,Fair
7/23/2022,11:30 PM,77,94,0,29.73,Fair
7/24/2022,12:00 AM,77,94,0,29.73,Partly Cloudy
7/24/2022,12:30 AM,77,94,0,29.73,Partly Cloudy
7/24/2022,1:00 AM,77,94,0,29.70,Mostly Cloudy
7/24/2022,1:30 AM,77,94,3,29.70,Mostly Cloudy
7/24/2022,2:00 AM,79,94,0,29.67,Mostly Cloudy
7/24/2022,2:30 AM,79,89,0,29.67,Mostly Cloudy
7/24/2022,3:00 AM,77,94,0,29.67,Mostly Cloudy
7/24/2022,3:30 AM,77,94,0,29.67,Partly Cloudy
7/24/2022,4:00 AM,77,94,5,29.64,Partly Cloudy
7/24/2022,4:30 AM,77,94,3,29.64,Partly Cloudy
7/24/2022,5:00 AM,77,94,0,29.64,Partly Cloudy
7/24/2022,5:30 AM,77,94,0,29.64,Partly Cloudy
7/24/2022,6:00 AM,75,100,0,29.64,Partly Cloudy
7/24/2022,6:30 AM,75,100,0,29.64,Partly Cloudy
7/24/2022,7:00 AM,77,94,0,29.67,Partly Cloudy
7/24/2022,7:30 AM,77,94,0,29.67,Partly Cloudy
7/24/2022,8:00 AM,81,84,0,29.67,Partly Cloudy
7/24/2022,8:30 AM,81,89,0,29.67,Fair
7/24/2022,9:00 AM,82,84,0,29.70,Fair
7/24/2022,9:30 AM,84,79,0,29.70,Fair
7/24/2022,10:00 AM,84,74,2,29.67,Fair
7/24/2022,10:30 AM,86,70,2,29.67,Fair
7/24/2022,11:00 AM,88,66,3,29.67,Fair
7/24/2022,11:30 AM,91,59,0,29.64,Fair
7/24/2022,12:00 PM,90,59,2,29.64,Fair
7/24/2022,12:30 PM,93,56,0,29.64,Fair
7/24/2022,1:00 PM,93,56,2,29.64,Fair
7/24/2022,1:30 PM,91,55,5,29.61,Fair
7/24/2022,2:00 PM,93,52,0,29.61,Partly Cloudy
7/24/2022,2:30 PM,90,62,12,29.58,Partly Cloudy
7/24/2022,3:00 PM,91,59,7,29.58,Fair
7/24/2022,3:30 PM,91,55,3,29.55,Showers in the Vicinity
7/24/2022,4:00 PM,91,55,2,29.55,Showers in the Vicinity
7/24/2022,4:30 PM,88,62,9,29.55,Showers in the Vicinity
7/24/2022,5:00 PM,90,66,3,29.55,Showers in the Vicinity
7/24/2022,5:30 PM,84,74,8,29.58,Showers in the Vicinity
7/24/2022,6:00 PM,81,84,10,29.61,Showers in the Vicinity
7/24/2022,6:30 PM,79,89,3,29.64,Showers in the Vicinity
7/24/2022,7:00 PM,79,89,3,29.64,Mostly Cloudy
7/24/2022,7:30 PM,79,89,0,29.64,Mostly Cloudy
7/24/2022,8:00 PM,79,89,0,29.64,Fair
7/24/2022,8:30 PM,79,89,0,29.64,Fair
7/24/2022,9:00 PM,79,89,0,29.67,Fair
7/24/2022,9:30 PM,79,89,0,29.67,Fair
7/24/2022,10:00 PM,79,89,0,29.70,Fair
7/24/2022,10:30 PM,77,94,0,29.70,Fair
7/24/2022,11:00 PM,77,94,3,29.70,Fair
7/24/2022,11:30 PM,77,94,3,29.70,Fair
7/25/2022,12:00 AM,77,94,3,29.67,Fair
7/25/2022,12:30 AM,77,94,0,29.67,Fair
7/25/2022,1:00 AM,77,94,0,29.67,Fair
7/25/2022,1:30 AM,77,94,0,29.64,Fair
7/25/2022,2:00 AM,77,100,0,29.64,Light Rain
7/25/2022,2:30 AM,77,100,0,29.64,Light Rain
7/25/2022,3:00 AM,77,94,0,29.64,Partly Cloudy
7/25/2022,3:30 AM,77,94,0,29.64,Partly Cloudy
7/25/2022,4:00 AM,77,94,0,29.64,Partly Cloudy
7/25/2022,4:30 AM,77,94,0,29.61,Partly Cloudy
7/25/2022,5:00 AM,77,94,0,29.64,Partly Cloudy
7/25/2022,5:30 AM,75,100,0,29.64,Partly Cloudy
7/25/2022,6:00 AM,75,100,2,29.64,Partly Cloudy
7/25/2022,6:30 AM,77,94,0,29.64,Partly Cloudy
7/25/2022,7:00 AM,77,94,3,29.64,Partly Cloudy
7/25/2022,7:30 AM,77,94,3,29.64,Partly Cloudy
7/25/2022,8:00 AM,79,89,0,29.67,Fair
7/25/2022,8:30 AM,82,84,0,29.67,Fair
7/25/2022,9:00 AM,84,79,0,29.70,Fair
7/25/2022,9:30 AM,84,79,0,29.70,Fair
7/25/2022,10:00 AM,86,70,0,29.70,Partly Cloudy
7/25/2022,10:30 AM,86,70,3,29.70,Partly Cloudy
7/25/2022,11:00 AM,88,66,6,29.67,Partly Cloudy
7/25/2022,11:30 AM,88,66,3,29.67,Mostly Cloudy
7/25/2022,12:00 PM,90,62,5,29.67,Partly Cloudy
7/25/2022,12:30 PM,90,62,6,29.64,Showers in the Vicinity
7/25/2022,1:00 PM,90,62,7,29.64,Showers in the Vicinity
7/25/2022,1:30 PM,90,62,8,29.64,Showers in the Vicinity
7/25/2022,2:00 PM,91,59,8,29.61,Showers in the Vicinity
7/25/2022,2:30 PM,90,62,10,29.61,Showers in the Vicinity
7/25/2022,3:00 PM,90,59,10,29.58,Showers in the Vicinity
7/25/2022,3:30 PM,88,66,13,29.58,Mostly Cloudy
7/25/2022,4:00 PM,90,59,9,29.58,Partly Cloudy
7/25/2022,4:30 PM,88,66,9,29.58,Mostly Cloudy
7/25/2022,5:00 PM,86,70,9,29.58,Mostly Cloudy
7/25/2022,5:30 PM,86,70,8,29.58,Mostly Cloudy
7/25/2022,6:00 PM,84,74,7,29.61,Showers in the Vicinity
7/25/2022,6:30 PM,84,74,6,29.61,Mostly Cloudy
7/25/2022,7:00 PM,84,74,3,29.61,Mostly Cloudy
7/25/2022,7:30 PM,84,74,2,29.64,Mostly Cloudy
7/25/2022,8:00 PM,82,84,0,29.64,Mostly Cloudy
7/25/2022,8:30 PM,81,89,0,29.67,Partly Cloudy
7/25/2022,9:00 PM,81,89,2,29.67,Partly Cloudy
7/25/2022,9:30 PM,81,89,3,29.67,Partly Cloudy
7/25/2022,10:00 PM,79,94,3,29.70,Partly Cloudy
7/25/2022,10:30 PM,79,94,0,29.70,Partly Cloudy
7/25/2022,11:00 PM,79,94,0,29.70,Partly Cloudy
7/25/2022,11:30 PM,79,89,0,29.70,Partly Cloudy
7/26/2022,12:00 AM,79,89,0,29.70,Partly Cloudy
7/26/2022,12:30 AM,79,94,0,29.70,Partly Cloudy
7/26/2022,1:00 AM,77,100,0,29.70,Partly Cloudy
7/26/2022,1:30 AM,77,94,0,29.67,Partly Cloudy
7/26/2022,2:00 AM,77,94,0,29.67,Fair
7/26/2022,2:30 AM,77,94,0,29.67,Fair
7/26/2022,3:00 AM,77,94,0,29.64,Fair
7/26/2022,3:30 AM,77,94,0,29.64,Partly Cloudy
7/26/2022,4:00 AM,77,94,0,29.64,Fair
7/26/2022,4:30 AM,77,94,0,29.64,Fair
7/26/2022,5:00 AM,77,94,0,29.64,Partly Cloudy
7/26/2022,5:30 AM,77,94,0,29.64,Partly Cloudy
7/26/2022,6:00 AM,77,94,0,29.64,Fog
7/26/2022,6:30 AM,77,100,0,29.64,Fog
7/26/2022,7:00 AM,77,100,0,29.64,Fog
7/26/2022,7:30 AM,77,100,0,29.64,Fog
7/26/2022,8:00 AM,79,94,0,29.67,Partly Cloudy
7/26/2022,8:30 AM,82,84,5,29.67,Fair
7/26/2022,9:00 AM,84,79,2,29.67,Fair
7/26/2022,9:30 AM,86,70,0,29.70,Fair
7/26/2022,10:00 AM,86,70,3,29.70,Partly Cloudy
7/26/2022,10:30 AM,88,66,5,29.70,Partly Cloudy
7/26/2022,11:00 AM,88,70,0,29.70,Partly Cloudy
7/26/2022,11:30 AM,90,62,0,29.67,Partly Cloudy
7/26/2022,12:00 PM,88,66,3,29.67,Partly Cloudy
7/26/2022,12:30 PM,91,59,0,29.64,Partly Cloudy
7/26/2022,1:00 PM,91,59,2,29.64,Showers in the Vicinity
7/26/2022,1:30 PM,91,59,0,29.61,Showers in the Vicinity
7/26/2022,2:00 PM,86,74,10,29.61,Showers in the Vicinity
7/26/2022,2:30 PM,84,79,8,29.61,Light Rain
7/26/2022,3:00 PM,79,89,3,29.58,Light Rain with Thunder
7/26/2022,3:30 PM,81,89,5,29.58,Light Rain
7/26/2022,4:00 PM,84,84,2,29.55,Partly Cloudy
7/26/2022,4:30 PM,84,84,3,29.55,Mostly Cloudy
7/26/2022,5:00 PM,86,74,0,29.58,Partly Cloudy
7/26/2022,5:30 PM,86,74,0,29.58,Showers in the Vicinity
7/26/2022,6:00 PM,84,79,8,29.61,Showers in the Vicinity
7/26/2022,6:30 PM,81,84,5,29.61,Showers in the Vicinity
7/26/2022,7:00 PM,79,89,6,29.64,Partly Cloudy
7/26/2022,7:30 PM,79,89,8,29.64,Mostly Cloudy
7/26/2022,8:00 PM,79,89,0,29.64,Mostly Cloudy
7/26/2022,8:30 PM,77,94,3,29.64,Mostly Cloudy
7/26/2022,9:00 PM,77,94,2,29.64,Partly Cloudy
7/26/2022,9:30 PM,77,94,0,29.67,Fair
7/26/2022,10:00 PM,77,94,2,29.67,Partly Cloudy
7/26/2022,10:30 PM,77,94,3,29.67,Partly Cloudy
7/26/2022,11:00 PM,75,100,1,29.67,Partly Cloudy
7/26/2022,11:30 PM,75,100,0,29.67,Partly Cloudy
7/27/2022,12:00 AM,75,94,0,29.67,Fair
7/27/2022,12:30 AM,75,94,0,29.67,Fair
7/27/2022,1:00 AM,75,94,0,29.67,Fair
7/27/2022,1:30 AM,75,94,0,29.67,Fair
7/27/2022,2:00 AM,75,94,0,29.64,Fair
7/27/2022,2:30 AM,75,100,0,29.64,Fair
7/27/2022,3:00 AM,75,94,0,29.64,Fair
7/27/2022,3:30 AM,75,100,0,29.61,Fair
7/27/2022,4:00 AM,75,94,0,29.61,Fair
7/27/2022,4:30 AM,75,94,0,29.61,Fair
7/27/2022,5:00 AM,75,94,0,29.61,Fair
7/27/2022,5:30 AM,75,94,0,29.61,Fair
7/27/2022,6:00 AM,73,100,0,29.61,Fair
7/27/2022,6:30 AM,75,94,0,29.61,Fair
7/27/2022,7:00 AM,75,100,0,29.64,Fair
7/27/2022,7:30 AM,77,89,0,29.64,Fair
7/27/2022,8:00 AM,81,84,0,29.64,Fair
7/27/2022,8:30 AM,82,84,0,29.67,Fair
7/27/2022,9:00 AM,86,74,0,29.67,Fair
7/27/2022,9:30 AM,84,74,0,29.67,Fair
7/27/2022,10:00 AM,88,66,0,29.67,Fair
7/27/2022,10:30 AM,88,66,2,29.67,Fair
7/27/2022,11:00 AM,88,66,6,29.64,Fair
7/27/2022,11:30 AM,90,62,5,29.64,Fair
7/27/2022,12:00 PM,90,62,2,29.64,Fair
7/27/2022,12:30 PM,91,59,2,29.64,Partly Cloudy
7/27/2022,1:00 PM,90,59,7,29.61,Partly Cloudy
7/27/2022,1:30 PM,91,55,5,29.61,Partly Cloudy
7/27/2022,2:00 PM,91,55,6,29.61,Partly Cloudy
7/27/2022,2:30 PM,91,55,7,29.58,Partly Cloudy
7/27/2022,3:00 PM,91,55,6,29.58,Partly Cloudy
7/27/2022,3:30 PM,93,56,2,29.55,Partly Cloudy
7/27/2022,4:00 PM,91,55,5,29.55,Mostly Cloudy
7/27/2022,4:30 PM,90,62,7,29.55,Mostly Cloudy
7/27/2022,5:00 PM,88,66,9,29.58,Mostly Cloudy
7/27/2022,5:30 PM,86,70,7,29.58,Light Rain
7/27/2022,6:00 PM,84,74,3,29.61,Mostly Cloudy
7/27/2022,6:30 PM,84,74,0,29.61,Mostly Cloudy
7/27/2022,7:00 PM,84,79,0,29.61,Light Rain
7/27/2022,7:30 PM,81,94,3,29.64,Light Rain
7/27/2022,8:00 PM,79,94,5,29.67,Mostly Cloudy
7/27/2022,8:30 PM,79,94,0,29.67,Mostly Cloudy
7/27/2022,9:00 PM,79,94,0,29.70,Mostly Cloudy
7/27/2022,9:30 PM,79,94,0,29.70,Mostly Cloudy
7/27/2022,10:00 PM,79,94,0,29.73,Mostly Cloudy
7/27/2022,10:30 PM,79,94,0,29.70,Mostly Cloudy
7/27/2022,11:00 PM,79,94,0,29.73,Mostly Cloudy
7/27/2022,11:30 PM,79,89,2,29.70,Mostly Cloudy
7/28/2022,12:00 AM,79,89,0,29.70,Mostly Cloudy
7/28/2022,12:30 AM,79,94,2,29.67,Mostly Cloudy
7/28/2022,1:00 AM,77,100,0,29.67,Mostly Cloudy
7/28/2022,1:30 AM,79,94,0,29.64,Mostly Cloudy
7/28/2022,2:00 AM,77,100,0,29.64,Mostly Cloudy
7/28/2022,2:30 AM,77,100,3,29.64,Light Rain
7/28/2022,3:00 AM,77,100,2,29.64,Light Rain
7/28/2022,3:30 AM,77,94,3,29.61,Light Rain
7/28/2022,4:00 AM,77,94,2,29.61,Mostly Cloudy
7/28/2022,4:30 AM,77,94,0,29.61,Mostly Cloudy
7/28/2022,5:00 AM,77,94,0,29.61,Mostly Cloudy
7/28/2022,5:30 AM,77,94,0,29.64,Mostly Cloudy
7/28/2022,6:00 AM,77,94,0,29.64,Mostly Cloudy
7/28/2022,6:30 AM,77,94,0,29.64,Mostly Cloudy
7/28/2022,7:00 AM,77,94,0,29.64,Mostly Cloudy
7/28/2022,7:30 AM,81,89,0,29.67,Partly Cloudy
7/28/2022,8:00 AM,79,94,0,29.67,Mostly Cloudy
7/28/2022,8:30 AM,81,89,0,29.67,Mostly Cloudy
7/28/2022,9:00 AM,82,84,0,29.67,Mostly Cloudy
7/28/2022,9:30 AM,82,84,0,29.67,Mostly Cloudy
7/28/2022,10:00 AM,86,74,0,29.67,Partly Cloudy
7/28/2022,10:30 AM,86,79,0,29.67,Partly Cloudy
7/28/2022,11:00 AM,90,70,0,29.67,Fair
7/28/2022,11:30 AM,90,66,2,29.67,Fair
7/28/2022,12:00 PM,90,59,2,29.64,Fair
7/28/2022,12:30 PM,91,55,0,29.64,Partly Cloudy
7/28/2022,1:00 PM,91,55,2,29.64,Mostly Cloudy
7/28/2022,1:30 PM,91,55,2,29.61,Mostly Cloudy
7/28/2022,2:00 PM,90,66,5,29.61,Showers in the Vicinity
7/28/2022,2:30 PM,86,74,8,29.58,Light Rain
7/28/2022,3:00 PM,86,74,6,29.58,Showers in the Vicinity
7/28/2022,3:30 PM,81,94,3,29.61,Rain
7/28/2022,4:00 PM,81,89,5,29.61,Light Rain with Thunder
7/28/2022,4:30 PM,79,89,8,29.61,Light Rain with Thunder
7/28/2022,5:00 PM,77,89,6,29.58,Light Rain
7/28/2022,5:30 PM,77,94,2,29.58,Mostly Cloudy
7/28/2022,6:00 PM,77,94,0,29.61,Mostly Cloudy
7/28/2022,6:30 PM,77,94,2,29.61,Mostly Cloudy
7/28/2022,7:00 PM,77,94,0,29.64,Mostly Cloudy
7/28/2022,7:30 PM,77,94,0,29.64,Mostly Cloudy
7/28/2022,8:00 PM,77,100,0,29.64,Partly Cloudy
7/28/2022,8:30 PM,77,94,0,29.67,Fair
7/28/2022,9:00 PM,77,94,0,29.67,Fair
7/28/2022,9:30 PM,77,94,0,29.67,Fair
7/28/2022,10:00 PM,77,94,0,29.70,Fair
7/28/2022,10:30 PM,77,94,0,29.70,Fair
7/28/2022,11:00 PM,77,94,0,29.70,Fair
7/28/2022,11:30 PM,77,94,1,29.70,Fair
7/29/2022,12:00 AM,77,94,0,29.70,Fair
7/29/2022,12:30 AM,77,94,0,29.67,Fair
7/29/2022,1:00 AM,75,100,0,29.67,Fair
7/29/2022,1:30 AM,77,94,0,29.64,Fair
7/29/2022,2:00 AM,75,100,0,29.64,Fair
7/29/2022,2:30 AM,75,100,0,29.64,Fair
7/29/2022,3:00 AM,75,100,0,29.64,Fair
7/29/2022,3:30 AM,75,100,0,29.64,Fair
7/29/2022,4:00 AM,75,100,0,29.64,Fair
7/29/2022,4:30 AM,75,100,0,29.64,Partly Cloudy
7/29/2022,5:00 AM,75,100,0,29.64,Fog
7/29/2022,5:30 AM,75,100,0,29.64,Fog
7/29/2022,6:00 AM,75,100,0,29.64,Fog
7/29/2022,6:30 AM,75,100,0,29.64,Fair
7/29/2022,7:00 AM,77,94,0,29.64,Fair
7/29/2022,7:30 AM,77,100,0,29.64,Fair
7/29/2022,8:00 AM,81,89,0,29.67,Fair
7/29/2022,8:30 AM,82,84,0,29.67,Fair
7/29/2022,9:00 AM,84,79,0,29.67,Fair
7/29/2022,9:30 AM,86,74,0,29.67,Fair
7/29/2022,10:00 AM,88,66,0,29.67,Fair
7/29/2022,10:30 AM,90,66,0,29.67,Fair
7/29/2022,11:00 AM,90,62,5,29.67,Fair
7/29/2022,11:30 AM,90,62,6,29.67,Fair
7/29/2022,12:00 PM,90,62,6,29.64,Fair
7/29/2022,12:30 PM,91,55,7,29.64,Fair
7/29/2022,1:00 PM,91,59,9,29.64,Fair
7/29/2022,1:30 PM,91,55,10,29.61,Fair
7/29/2022,2:00 PM,93,52,9,29.61,Fair
7/29/2022,2:30 PM,91,59,9,29.61,Partly Cloudy
7/29/2022,3:00 PM,93,52,13,29.58,Partly Cloudy
7/29/2022,3:30 PM,91,55,12,29.58,Fair
7/29/2022,4:00 PM,91,55,12,29.55,Fair
7/29/2022,4:30 PM,91,55,8,29.55,Fair
7/29/2022,5:00 PM,91,59,7,29.55,Fair
7/29/2022,5:30 PM,90,62,8,29.55,Fair
7/29/2022,6:00 PM,90,59,9,29.58,Fair
7/29/2022,6:30 PM,88,66,7,29.58,Partly Cloudy
7/29/2022,7:00 PM,86,70,2,29.61,Partly Cloudy
7/29/2022,7:30 PM,84,74,2,29.61,Partly Cloudy
7/29/2022,8:00 PM,84,74,0,29.64,Partly Cloudy
7/29/2022,8:30 PM,84,74,0,29.64,Mostly Cloudy
7/29/2022,9:00 PM,82,84,0,29.64,Mostly Cloudy
7/29/2022,9:30 PM,82,84,0,29.67,Mostly Cloudy
7/29/2022,10:00 PM,82,84,0,29.67,Mostly Cloudy
7/29/2022,10:30 PM,82,84,3,29.67,Mostly Cloudy
7/29/2022,11:00 PM,81,89,0,29.70,Mostly Cloudy
7/29/2022,11:30 PM,81,89,0,29.70,Mostly Cloudy
7/30/2022,12:00 AM,81,89,0,29.70,Mostly Cloudy
7/30/2022,12:30 AM,81,89,0,29.70,Mostly Cloudy
7/30/2022,1:00 AM,81,89,0,29.67,Mostly Cloudy
7/30/2022,1:30 AM,81,89,0,29.67,Mostly Cloudy
7/30/2022,2:00 AM,79,94,0,29.64,Mostly Cloudy
7/30/2022,2:30 AM,79,94,0,29.64,Mostly Cloudy
7/30/2022,3:00 AM,79,94,0,29.64,Mostly Cloudy
7/30/2022,3:30 AM,79,94,0,29.64,Mostly Cloudy
7/30/2022,4:00 AM,79,94,0,29.64,Mostly Cloudy
7/30/2022,4:30 AM,79,94,0,29.64,Mostly Cloudy
7/30/2022,5:00 AM,79,94,0,29.61,Partly Cloudy
7/30/2022,5:30 AM,79,94,0,29.64,Partly Cloudy
7/30/2022,6:00 AM,77,100,0,29.64,Partly Cloudy
7/30/2022,6:30 AM,77,100,0,29.64,Fair
7/30/2022,7:00 AM,79,94,0,29.64,Fair
7/30/2022,7:30 AM,81,89,3,29.67,Fair
7/30/2022,8:00 AM,82,84,0,29.67,Fair
7/30/2022,8:30 AM,84,79,0,29.67,Fair
7/30/2022,9:00 AM,86,74,0,29.70,Partly Cloudy
7/30/2022,9:30 AM,88,66,2,29.70,Partly Cloudy
7/30/2022,10:00 AM,88,66,2,29.70,Partly Cloudy
7/30/2022,10:30 AM,90,66,0,29.67,Partly Cloudy
7/30/2022,11:00 AM,88,66,5,29.67,Partly Cloudy
7/30/2022,11:30 AM,90,62,3,29.67,Partly Cloudy
7/30/2022,12:00 PM,90,62,2,29.67,Partly Cloudy
7/30/2022,12:30 PM,91,59,5,29.64,Partly Cloudy
7/30/2022,1:00 PM,91,55,5,29.64,Showers in the Vicinity
7/30/2022,1:30 PM,88,66,10,29.61,Showers in the Vicinity
7/30/2022,2:00 PM,86,70,7,29.61,Thunder
7/30/2022,2:30 PM,81,84,5,29.61,Light Rain with Thunder
7/30/2022,3:00 PM,79,94,3,29.61,Light Rain with Thunder
7/30/2022,3:30 PM,79,94,5,29.64,Light Rain with Thunder
7/30/2022,4:00 PM,77,100,6,29.61,Light Rain
7/30/2022,4:30 PM,79,94,5,29.61,Mostly Cloudy
7/30/2022,5:00 PM,79,94,2,29.61,Mostly Cloudy
7/30/2022,5:30 PM,79,94,0,29.58,Light Rain
7/30/2022,6:00 PM,79,94,2,29.58,Mostly Cloudy
7/30/2022,6:30 PM,79,94,0,29.61,Mostly Cloudy
7/30/2022,7:00 PM,79,94,0,29.61,Mostly Cloudy
7/30/2022,7:30 PM,77,100,0,29.61,Mostly Cloudy
7/30/2022,8:00 PM,77,100,0,29.64,Partly Cloudy
7/30/2022,8:30 PM,77,100,0,29.64,Partly Cloudy
7/30/2022,9:00 PM,77,100,0,29.67,Partly Cloudy
7/30/2022,9:30 PM,77,100,0,29.67,Partly Cloudy
7/30/2022,10:00 PM,77,100,2,29.67,Partly Cloudy
7/30/2022,10:30 PM,77,100,2,29.70,Fog
7/30/2022,11:00 PM,77,100,0,29.70,Fog
7/30/2022,11:30 PM,77,100,0,29.67,Partly Cloudy
7/31/2022,12:00 AM,77,100,0,29.67,Partly Cloudy
7/31/2022,12:30 AM,77,100,0,29.67,Partly Cloudy
7/31/2022,1:00 AM,77,100,0,29.67,Partly Cloudy
7/31/2022,1:30 AM,77,100,0,29.64,Fog
7/31/2022,2:00 AM,77,100,0,29.64,Fog
7/31/2022,2:30 AM,77,100,0,29.64,Fog
7/31/2022,3:00 AM,75,100,0,29.64,Partly Cloudy
7/31/2022,3:30 AM,75,100,0,29.61,Fog
7/31/2022,4:00 AM,75,100,0,29.61,Fog
7/31/2022,4:30 AM,75,100,0,29.58,Fog
7/31/2022,5:00 AM,75,100,0,29.58,Fog
7/31/2022,5:30 AM,75,100,0,29.61,Fog
7/31/2022,6:00 AM,75,100,0,29.61,Fog
7/31/2022,6:30 AM,75,100,0,29.61,Fog
7/31/2022,7:00 AM,75,100,0,29.64,Fog
7/31/2022,7:30 AM,75,100,0,29.61,Fog
7/31/2022,8:00 AM,77,100,0,29.64,Fog
7/31/2022,8:30 AM,79,94,0,29.64,Fair
7/31/2022,9:00 AM,82,89,0,29.64,Fair
7/31/2022,9:30 AM,84,84,0,29.64,Fair
7/31/2022,10:00 AM,86,79,2,29.64,Fair
7/31/2022,10:30 AM,88,70,5,29.64,Partly Cloudy
7/31/2022,11:00 AM,88,70,5,29.64,Partly Cloudy
7/31/2022,11:30 AM,90,66,2,29.64,Partly Cloudy
7/31/2022,12:00 PM,90,66,3,29.61,Partly Cloudy
7/31/2022,12:30 PM,90,66,5,29.61,Partly Cloudy
7/31/2022,1:00 PM,91,59,5,29.61,Partly Cloudy
7/31/2022,1:30 PM,91,59,6,29.58,Partly Cloudy
7/31/2022,2:00 PM,91,59,7,29.58,Partly Cloudy
7/31/2022,2:30 PM,91,59,5,29.55,Partly Cloudy
7/31/2022,3:00 PM,93,56,7,29.55,Showers in the Vicinity
7/31/2022,3:30 PM,93,56,12,29.55,Partly Cloudy
7/31/2022,4:00 PM,93,56,12,29.52,Partly Cloudy
7/31/2022,4:30 PM,91,59,10,29.52,Partly Cloudy
7/31/2022,5:00 PM,90,62,9,29.52,Partly Cloudy
7/31/2022,5:30 PM,88,66,8,29.55,Partly Cloudy
7/31/2022,6:00 PM,88,66,8,29.55,Fair
7/31/2022,6:30 PM,88,66,8,29.55,Fair
7/31/2022,7:00 PM,86,66,7,29.58,Fair
7/31/2022,7:30 PM,86,66,6,29.58,Fair
7/31/2022,8:00 PM,86,66,5,29.61,Partly Cloudy
7/31/2022,8:30 PM,84,74,0,29.61,Partly Cloudy
7/31/2022,9:00 PM,84,74,2,29.61,Mostly Cloudy
7/31/2022,9:30 PM,82,79,2,29.64,Mostly Cloudy
7/31/2022,10:00 PM,82,79,0,29.67,Mostly Cloudy
7/31/2022,10:30 PM,82,84,0,29.67,Mostly Cloudy
7/31/2022,11:00 PM,82,84,0,29.67,Mostly Cloudy
7/31/2022,11:30 PM,82,84,0,29.67,Mostly Cloudy
8/1/2022,12:00 AM,81,89,0,29.64,Mostly Cloudy
8/1/2022,12:30 AM,81,94,0,29.64,Partly Cloudy
8/1/2022,1:00 AM,81,89,0,29.64,Partly Cloudy
8/1/2022,1:30 AM,81,89,0,29.64,Partly Cloudy
8/1/2022,2:00 AM,81,94,0,29.61,Partly Cloudy
8/1/2022,2:30 AM,79,100,0,29.61,Partly Cloudy
8/1/2022,3:00 AM,79,100,0,29.61,Partly Cloudy
8/1/2022,3:30 AM,79,94,0,29.61,Partly Cloudy
8/1/2022,4:00 AM,79,100,0,29.61,Partly Cloudy
8/1/2022,4:30 AM,79,94,0,29.61,Partly Cloudy
8/1/2022,5:00 AM,79,94,0,29.61,Partly Cloudy
8/1/2022,5:30 AM,79,94,0,29.61,Partly Cloudy
8/1/2022,6:00 AM,79,94,0,29.61,Partly Cloudy
8/1/2022,6:30 AM,79,94,0,29.64,Partly Cloudy
8/1/2022,7:00 AM,79,100,2,29.64,Mostly Cloudy
8/1/2022,7:30 AM,81,89,5,29.64,Mostly Cloudy
8/1/2022,8:00 AM,81,89,5,29.67,Mostly Cloudy
8/1/2022,8:30 AM,82,79,5,29.67,Mostly Cloudy
8/1/2022,9:00 AM,82,79,6,29.67,Mostly Cloudy
8/1/2022,9:30 AM,84,74,6,29.67,Mostly Cloudy
8/1/2022,10:00 AM,84,74,10,29.67,Mostly Cloudy
8/1/2022,10:30 AM,84,74,7,29.67,Mostly Cloudy
8/1/2022,11:00 AM,88,66,2,29.67,Mostly Cloudy
8/1/2022,11:30 AM,88,66,6,29.67,Mostly Cloudy
8/1/2022,12:00 PM,86,70,3,29.67,Mostly Cloudy
8/1/2022,12:30 PM,86,70,3,29.64,Mostly Cloudy
8/1/2022,1:00 PM,86,70,8,29.64,Mostly Cloudy
8/1/2022,1:30 PM,86,70,8,29.64,Showers in the Vicinity
8/1/2022,2:00 PM,86,66,9,29.61,Showers in the Vicinity
8/1/2022,2:30 PM,86,70,8,29.61,Mostly Cloudy
8/1/2022,3:00 PM,86,66,9,29.58,Mostly Cloudy
8/1/2022,3:30 PM,84,66,10,29.58,Mostly Cloudy
8/1/2022,4:00 PM,84,66,9,29.58,Mostly Cloudy
8/1/2022,4:30 PM,84,66,6,29.58,Mostly Cloudy
8/1/2022,5:00 PM,84,66,7,29.58,Mostly Cloudy
8/1/2022,5:30 PM,82,70,3,29.58,Mostly Cloudy
8/1/2022,6:00 PM,82,70,0,29.61,Mostly Cloudy
8/1/2022,6:30 PM,82,74,0,29.61,Mostly Cloudy
8/1/2022,7:00 PM,81,74,2,29.61,Mostly Cloudy
8/1/2022,7:30 PM,81,74,0,29.64,Partly Cloudy
8/1/2022,8:00 PM,81,74,0,29.64,Partly Cloudy
8/1/2022,8:30 PM,81,74,0,29.64,Partly Cloudy
8/1/2022,9:00 PM,79,83,0,29.64,Fair
8/1/2022,9:30 PM,79,83,0,29.64,Fair
8/1/2022,10:00 PM,77,89,0,29.67,Fair
8/1/2022,10:30 PM,77,89,0,29.67,Fair
8/1/2022,11:00 PM,77,89,0,29.70,Fair
8/1/2022,11:30 PM,77,89,0,29.67,Fair
8/2/2022,12:00 AM,77,89,0,29.67,Fair
8/2/2022,12:30 AM,77,89,0,29.67,Fair
8/2/2022,1:00 AM,75,94,0,29.64,Fair
8/2/2022,1:30 AM,75,94,0,29.64,Fair
8/2/2022,2:00 AM,75,94,0,29.64,Fair
8/2/2022,2:30 AM,75,94,0,29.64,Fair
8/2/2022,3:00 AM,75,94,0,29.61,Fair
8/2/2022,3:30 AM,75,94,0,29.61,Fair
8/2/2022,4:00 AM,75,94,0,29.61,Fair
8/2/2022,4:30 AM,75,94,0,29.61,Fair
8/2/2022,5:00 AM,75,94,0,29.61,Fair
8/2/2022,5:30 AM,75,94,5,29.61,Fair
8/2/2022,6:00 AM,75,94,0,29.61,Partly Cloudy
8/2/2022,6:30 AM,75,94,0,29.64,Partly Cloudy
8/2/2022,7:00 AM,75,94,0,29.64,Partly Cloudy
8/2/2022,7:30 AM,77,94,0,29.67,Mostly Cloudy
8/2/2022,8:00 AM,79,89,0,29.67,Mostly Cloudy
8/2/2022,8:30 AM,79,89,0,29.67,Mostly Cloudy
8/2/2022,9:00 AM,81,89,0,29.67,Mostly Cloudy
8/2/2022,9:30 AM,82,84,0,29.67,Mostly Cloudy
8/2/2022,10:00 AM,84,79,0,29.67,Mostly Cloudy
8/2/2022,10:30 AM,84,79,0,29.67,Mostly Cloudy
8/2/2022,11:00 AM,86,74,0,29.67,Mostly Cloudy
8/2/2022,11:30 AM,86,70,2,29.67,Mostly Cloudy
8/2/2022,12:00 PM,88,66,2,29.67,Mostly Cloudy
8/2/2022,12:30 PM,88,62,5,29.64,Mostly Cloudy
8/2/2022,1:00 PM,90,62,2,29.64,Showers in the Vicinity
8/2/2022,1:30 PM,90,59,3,29.61,Showers in the Vicinity
8/2/2022,2:00 PM,88,66,3,29.61,Mostly Cloudy
8/2/2022,2:30 PM,90,62,6,29.58,Mostly Cloudy
8/2/2022,3:00 PM,88,66,7,29.58,Mostly Cloudy
8/2/2022,3:30 PM,88,62,7,29.58,Mostly Cloudy
8/2/2022,4:00 PM,90,62,7,29.58,Showers in the Vicinity
8/2/2022,4:30 PM,90,62,6,29.58,Showers in the Vicinity
8/2/2022,5:00 PM,88,66,5,29.58,Light Rain
8/2/2022,5:30 PM,82,84,5,29.61,Light Rain
8/2/2022,6:00 PM,81,94,2,29.61,Light Rain
8/2/2022,6:30 PM,81,94,2,29.61,Light Rain
8/2/2022,7:00 PM,81,94,0,29.64,Partly Cloudy
8/2/2022,7:30 PM,79,94,3,29.64,Partly Cloudy
8/2/2022,8:00 PM,79,94,0,29.64,Partly Cloudy
8/2/2022,8:30 PM,79,94,0,29.67,Partly Cloudy
8/2/2022,9:00 PM,79,94,0,29.70,Partly Cloudy
8/2/2022,9:30 PM,79,94,0,29.70,Partly Cloudy
8/2/2022,10:00 PM,79,94,0,29.73,Partly Cloudy
8/2/2022,10:30 PM,79,94,0,29.73,Mostly Cloudy
8/2/2022,11:00 PM,79,89,6,29.73,Mostly Cloudy
8/2/2022,11:30 PM,77,94,7,29.76,Light Rain
8/3/2022,12:00 AM,75,94,5,29.73,Light Rain
8/3/2022,12:30 AM,75,94,5,29.73,Light Rain
8/3/2022,1:00 AM,75,100,3,29.73,Light Rain
8/3/2022,1:30 AM,75,100,3,29.73,Light Rain
8/3/2022,2:00 AM,75,100,2,29.70,Light Rain
8/3/2022,2:30 AM,75,100,0,29.70,Light Rain
8/3/2022,3:00 AM,75,100,0,29.67,Light Rain
8/3/2022,3:30 AM,75,100,0,29.67,Light Rain
8/3/2022,4:00 AM,75,94,0,29.67,Light Rain
8/3/2022,4:30 AM,75,100,0,29.67,Mostly Cloudy
8/3/2022,5:00 AM,75,94,3,29.67,Mostly Cloudy
8/3/2022,5:30 AM,75,94,0,29.67,Mostly Cloudy
8/3/2022,6:00 AM,75,100,0,29.67,Light Rain
8/3/2022,6:30 AM,75,100,0,29.70,Mostly Cloudy
8/3/2022,7:00 AM,75,100,0,29.70,Mostly Cloudy
8/3/2022,7:30 AM,75,100,2,29.73,Mostly Cloudy
8/3/2022,8:00 AM,75,100,0,29.73,Mostly Cloudy
8/3/2022,8:30 AM,77,94,5,29.73,Mostly Cloudy
8/3/2022,9:00 AM,77,94,3,29.73,Mostly Cloudy
8/3/2022,9:30 AM,81,84,0,29.73,Mostly Cloudy
8/3/2022,10:00 AM,81,84,5,29.73,Mostly Cloudy
8/3/2022,10:30 AM,81,84,6,29.73,Light Rain
8/3/2022,11:00 AM,81,84,5,29.73,Mostly Cloudy
8/3/2022,11:30 AM,82,79,2,29.73,Mostly Cloudy
8/3/2022,12:00 PM,82,79,3,29.70,Mostly Cloudy
8/3/2022,12:30 PM,84,74,3,29.70,Mostly Cloudy
8/3/2022,1:00 PM,86,66,5,29.70,Mostly Cloudy
8/3/2022,1:30 PM,88,66,5,29.67,Mostly Cloudy
8/3/2022,2:00 PM,88,62,3,29.67,Mostly Cloudy
8/3/2022,2:30 PM,88,62,3,29.64,Mostly Cloudy
8/3/2022,3:00 PM,88,66,3,29.64,Mostly Cloudy
8/3/2022,3:30 PM,86,66,3,29.61,Mostly Cloudy
8/3/2022,4:00 PM,86,66,3,29.61,Mostly Cloudy
8/3/2022,4:30 PM,88,62,0,29.61,Mostly Cloudy
8/3/2022,5:00 PM,86,70,0,29.64,Mostly Cloudy
8/3/2022,5:30 PM,84,74,2,29.64,Light Rain
8/3/2022,6:00 PM,84,74,0,29.64,Mostly Cloudy
8/3/2022,6:30 PM,84,74,0,29.64,Mostly Cloudy
8/3/2022,7:00 PM,82,79,0,29.67,Mostly Cloudy
8/3/2022,7:30 PM,82,79,0,29.67,Mostly Cloudy
8/3/2022,8:00 PM,81,84,0,29.67,Mostly Cloudy
8/3/2022,8:30 PM,81,84,0,29.70,Mostly Cloudy
8/3/2022,9:00 PM,81,84,2,29.73,Mostly Cloudy
8/3/2022,9:30 PM,81,84,0,29.73,Mostly Cloudy
8/3/2022,10:00 PM,81,84,3,29.73,Mostly Cloudy
8/3/2022,10:30 PM,79,89,3,29.76,Mostly Cloudy
8/3/2022,11:00 PM,79,89,0,29.76,Mostly Cloudy
8/3/2022,11:30 PM,79,89,0,29.76,Mostly Cloudy
8/4/2022,12:00 AM,79,89,0,29.76,Mostly Cloudy
8/4/2022,12:30 AM,79,89,2,29.73,Mostly Cloudy
8/4/2022,1:00 AM,79,89,0,29.73,Mostly Cloudy
8/4/2022,1:30 AM,77,94,0,29.73,Mostly Cloudy
8/4/2022,2:00 AM,77,100,0,29.70,Mostly Cloudy
8/4/2022,2:30 AM,77,94,0,29.70,Mostly Cloudy
8/4/2022,3:00 AM,77,94,0,29.67,Mostly Cloudy
8/4/2022,3:30 AM,77,94,0,29.67,Mostly Cloudy
8/4/2022,4:00 AM,77,94,0,29.67,Mostly Cloudy
8/4/2022,4:30 AM,77,94,0,29.67,Mostly Cloudy
8/4/2022,5:00 AM,77,94,0,29.67,Mostly Cloudy
8/4/2022,5:30 AM,77,94,0,29.70,Mostly Cloudy
8/4/2022,6:00 AM,77,94,0,29.70,Mostly Cloudy
8/4/2022,6:30 AM,77,94,0,29.70,Mostly Cloudy
8/4/2022,7:00 AM,77,94,0,29.70,Mostly Cloudy
8/4/2022,7:30 AM,77,100,0,29.73,Mostly Cloudy
8/4/2022,8:00 AM,79,89,0,29.73,Mostly Cloudy
8/4/2022,8:30 AM,79,94,0,29.76,Mostly Cloudy
8/4/2022,9:00 AM,81,89,1,29.73,Mostly Cloudy
8/4/2022,9:30 AM,82,79,1,29.76,Mostly Cloudy
8/4/2022,10:00 AM,84,79,0,29.76,Mostly Cloudy
8/4/2022,10:30 AM,84,79,3,29.76,Mostly Cloudy
8/4/2022,11:00 AM,84,79,5,29.73,Mostly Cloudy
8/4/2022,11:30 AM,84,74,5,29.73,Mostly Cloudy
8/4/2022,12:00 PM,84,74,5,29.70,Mostly Cloudy
8/4/2022,12:30 PM,86,70,3,29.70,Mostly Cloudy
8/4/2022,1:00 PM,86,70,6,29.67,Mostly Cloudy
8/4/2022,1:30 PM,88,62,6,29.67,Mostly Cloudy
8/4/2022,2:00 PM,88,62,3,29.64,Mostly Cloudy
8/4/2022,2:30 PM,88,62,5,29.64,Mostly Cloudy
8/4/2022,3:00 PM,88,66,2,29.64,Mostly Cloudy
8/4/2022,3:30 PM,86,70,6,29.64,Mostly Cloudy
8/4/2022,4:00 PM,86,70,3,29.64,Mostly Cloudy
8/4/2022,4:30 PM,86,70,3,29.64,Mostly Cloudy
8/4/2022,5:00 PM,86,74,3,29.64,Mostly Cloudy
8/4/2022,5:30 PM,86,70,6,29.64,Mostly Cloudy
8/4/2022,6:00 PM,84,74,3,29.64,Mostly Cloudy
8/4/2022,6:30 PM,84,74,0,29.67,Mostly Cloudy
8/4/2022,7:00 PM,84,79,0,29.67,Mostly Cloudy
8/4/2022,7:30 PM,82,84,0,29.67,Mostly Cloudy
8/4/2022,8:00 PM,82,84,0,29.70,Mostly Cloudy
8/4/2022,8:30 PM,82,84,0,29.70,Mostly Cloudy
8/4/2022,9:00 PM,82,89,0,29.73,Mostly Cloudy
8/4/2022,9:30 PM,82,89,0,29.73,Mostly Cloudy
8/4/2022,10:00 PM,81,94,0,29.76,Light Rain
8/4/2022,10:30 PM,81,94,0,29.76,Light Rain
8/4/2022,11:00 PM,81,94,0,29.76,Mostly Cloudy
8/4/2022,11:30 PM,81,94,0,29.76,Light Rain
8/5/2022,12:00 AM,81,94,0,29.76,Mostly Cloudy
8/5/2022,12:30 AM,81,94,0,29.76,Mostly Cloudy
8/5/2022,1:00 AM,79,100,0,29.73,Mostly Cloudy
8/5/2022,1:30 AM,79,94,0,29.73,Mostly Cloudy
8/5/2022,2:00 AM,79,94,0,29.70,Mostly Cloudy
8/5/2022,2:30 AM,79,94,0,29.70,Mostly Cloudy
8/5/2022,3:00 AM,79,94,0,29.70,Light Rain
8/5/2022,3:30 AM,79,94,0,29.70,Light Rain
8/5/2022,4:00 AM,77,94,2,29.70,Mostly Cloudy
8/5/2022,4:30 AM,77,94,3,29.67,Mostly Cloudy
8/5/2022,5:00 AM,77,100,2,29.67,Mostly Cloudy
8/5/2022,5:30 AM,77,100,0,29.67,Mostly Cloudy
8/5/2022,6:00 AM,77,100,0,29.70,Mostly Cloudy
8/5/2022,6:30 AM,77,100,0,29.70,Mostly Cloudy
8/5/2022,7:00 AM,79,94,0,29.70,Mostly Cloudy
8/5/2022,7:30 AM,79,94,0,29.70,Mostly Cloudy
8/5/2022,8:00 AM,79,94,0,29.70,Mostly Cloudy
8/5/2022,8:30 AM,82,84,2,29.73,Mostly Cloudy
8/5/2022,9:00 AM,84,79,3,29.70,Partly Cloudy
8/5/2022,9:30 AM,86,74,3,29.73,Partly Cloudy
8/5/2022,10:00 AM,86,74,8,29.70,Mostly Cloudy
8/5/2022,10:30 AM,88,66,7,29.70,Mostly Cloudy
8/5/2022,11:00 AM,88,66,5,29.70,Mostly Cloudy
8/5/2022,11:30 AM,88,66,6,29.70,Mostly Cloudy
8/5/2022,12:00 PM,90,59,7,29.70,Mostly Cloudy
8/5/2022,12:30 PM,91,52,10,29.67,Mostly Cloudy
8/5/2022,1:00 PM,91,59,10,29.64,Partly Cloudy
8/5/2022,1:30 PM,91,55,10,29.64,Partly Cloudy
8/5/2022,2:00 PM,91,49,13,29.64,Mostly Cloudy
8/5/2022,2:30 PM,91,52,12,29.61,Mostly Cloudy
8/5/2022,3:00 PM,91,49,10,29.61,Mostly Cloudy
8/5/2022,4:00 PM,90,49,9,29.61,Mostly Cloudy
8/5/2022,4:30 PM,90,49,9,29.61,Mostly Cloudy
8/5/2022,5:00 PM,90,49,8,29.61,Mostly Cloudy
8/5/2022,5:30 PM,90,52,7,29.64,Mostly Cloudy
8/5/2022,6:00 PM,88,55,6,29.64,Mostly Cloudy
8/5/2022,6:30 PM,86,58,0,29.67,Mostly Cloudy
8/5/2022,7:00 PM,84,62,3,29.67,Mostly Cloudy
8/5/2022,7:30 PM,84,62,3,29.67,Mostly Cloudy
8/5/2022,8:00 PM,84,62,2,29.70,Mostly Cloudy
8/5/2022,8:30 PM,84,66,3,29.70,Mostly Cloudy
8/5/2022,9:00 PM,82,70,1,29.73,Mostly Cloudy
8/5/2022,9:30 PM,82,70,2,29.73,Mostly Cloudy
8/5/2022,10:00 PM,81,79,0,29.73,Mostly Cloudy
8/5/2022,10:30 PM,81,74,0,29.73,Mostly Cloudy
8/5/2022,11:00 PM,81,79,0,29.73,Partly Cloudy
8/5/2022,11:30 PM,81,79,0,29.73,Partly Cloudy
8/6/2022,12:00 AM,79,89,0,29.73,Partly Cloudy
8/6/2022,12:30 AM,79,83,0,29.73,Partly Cloudy
8/6/2022,1:00 AM,79,83,0,29.70,Partly Cloudy
8/6/2022,1:30 AM,79,83,0,29.70,Mostly Cloudy
8/6/2022,2:00 AM,79,83,1,29.70,Mostly Cloudy
8/6/2022,2:30 AM,77,89,0,29.67,Mostly Cloudy
8/6/2022,3:00 AM,77,89,0,29.67,Partly Cloudy
8/6/2022,3:30 AM,77,89,0,29.67,Partly Cloudy
8/6/2022,4:00 AM,77,94,0,29.67,Light Rain
8/6/2022,4:30 AM,77,94,6,29.67,Mostly Cloudy
8/6/2022,5:00 AM,75,89,6,29.67,Partly Cloudy
8/6/2022,5:30 AM,75,89,0,29.67,Partly Cloudy
8/6/2022,6:00 AM,75,89,0,29.67,Partly Cloudy
8/6/2022,6:30 AM,73,100,0,29.67,Partly Cloudy
8/6/2022,7:00 AM,75,94,0,29.67,Mostly Cloudy
8/6/2022,7:30 AM,75,94,0,29.67,Mostly Cloudy
8/6/2022,8:00 AM,77,89,0,29.70,Mostly Cloudy
8/6/2022,8:30 AM,77,89,0,29.70,Mostly Cloudy
8/6/2022,9:00 AM,79,83,0,29.70,Partly Cloudy
8/6/2022,9:30 AM,81,79,0,29.70,Partly Cloudy
8/6/2022,10:00 AM,84,74,0,29.70,Partly Cloudy
8/6/2022,10:30 AM,86,74,7,29.70,Partly Cloudy
8/6/2022,11:00 AM,86,74,7,29.67,Partly Cloudy
8/6/2022,11:30 AM,88,70,7,29.67,Partly Cloudy
8/6/2022,12:00 PM,88,66,7,29.67,Partly Cloudy
8/6/2022,12:30 PM,90,62,6,29.64,Partly Cloudy
8/6/2022,1:00 PM,90,66,3,29.64,Mostly Cloudy
8/6/2022,1:30 PM,88,70,9,29.64,Light Rain
8/6/2022,2:00 PM,77,83,26,29.67,Light Rain / Windy
8/6/2022,2:30 PM,73,94,14,29.67,T-Storm
8/6/2022,3:00 PM,73,94,3,29.67,Light Rain
8/6/2022,3:30 PM,75,89,6,29.64,Light Rain with Thunder
8/6/2022,4:00 PM,73,100,3,29.64,Light Rain with Thunder
8/6/2022,4:30 PM,73,94,3,29.64,Light Rain with Thunder
8/6/2022,5:00 PM,73,94,2,29.67,Light Rain
8/6/2022,5:30 PM,73,94,0,29.67,Light Rain
8/6/2022,6:00 PM,73,94,2,29.67,Light Rain
8/6/2022,6:30 PM,73,94,2,29.67,Light Rain
8/6/2022,7:00 PM,73,94,3,29.67,Light Rain
8/6/2022,7:30 PM,73,100,2,29.67,Light Rain
8/6/2022,8:00 PM,73,94,0,29.67,Mostly Cloudy
8/6/2022,8:30 PM,73,100,0,29.70,Partly Cloudy
8/6/2022,9:00 PM,73,94,2,29.70,Mostly Cloudy
8/6/2022,9:30 PM,73,100,0,29.70,Mostly Cloudy
8/6/2022,10:00 PM,73,100,2,29.70,Mostly Cloudy
8/6/2022,10:30 PM,73,94,0,29.70,Mostly Cloudy
8/6/2022,11:00 PM,73,94,0,29.70,Mostly Cloudy
8/6/2022,11:30 PM,73,100,0,29.70,Mostly Cloudy
8/7/2022,12:00 AM,73,100,0,29.67,Mostly Cloudy
8/7/2022,12:30 AM,73,94,0,29.67,Mostly Cloudy
8/7/2022,1:00 AM,73,94,0,29.67,Mostly Cloudy
8/7/2022,1:30 AM,73,94,0,29.64,Mostly Cloudy
8/7/2022,2:00 AM,73,94,0,29.64,Mostly Cloudy
8/7/2022,2:30 AM,73,94,0,29.64,Mostly Cloudy
8/7/2022,3:00 AM,73,94,0,29.64,Mostly Cloudy
8/7/2022,3:30 AM,73,94,0,29.64,Mostly Cloudy
8/7/2022,4:00 AM,73,94,0,29.64,Mostly Cloudy
8/7/2022,4:30 AM,73,100,0,29.64,Mostly Cloudy
8/7/2022,5:00 AM,73,100,0,29.64,Mostly Cloudy
8/7/2022,5:30 AM,73,100,0,29.64,Mostly Cloudy
8/7/2022,6:00 AM,73,100,0,29.64,Mostly Cloudy
8/7/2022,6:30 AM,73,100,0,29.67,Mostly Cloudy
8/7/2022,7:00 AM,73,100,0,29.67,Mostly Cloudy
8/7/2022,7:30 AM,75,94,0,29.67,Mostly Cloudy
8/7/2022,8:00 AM,75,94,0,29.70,Mostly Cloudy
8/7/2022,8:30 AM,77,94,0,29.70,Mostly Cloudy
8/7/2022,9:00 AM,79,89,0,29.70,Mostly Cloudy
8/7/2022,9:30 AM,81,84,0,29.70,Mostly Cloudy
8/7/2022,10:00 AM,84,79,0,29.70,Mostly Cloudy
8/7/2022,10:30 AM,84,79,0,29.70,Mostly Cloudy
8/7/2022,11:00 AM,86,70,0,29.67,Mostly Cloudy
8/7/2022,11:30 AM,88,66,6,29.67,Partly Cloudy
8/7/2022,12:00 PM,90,66,5,29.64,Partly Cloudy
8/7/2022,12:30 PM,90,59,5,29.64,Partly Cloudy
8/7/2022,1:00 PM,91,63,5,29.61,Partly Cloudy
8/7/2022,1:30 PM,91,55,6,29.61,Mostly Cloudy
8/7/2022,2:00 PM,91,55,6,29.61,Mostly Cloudy
8/7/2022,2:30 PM,93,52,0,29.58,Mostly Cloudy
8/7/2022,3:00 PM,91,55,3,29.58,Mostly Cloudy
8/7/2022,3:30 PM,93,52,6,29.58,Mostly Cloudy
8/7/2022,4:00 PM,91,59,3,29.58,Mostly Cloudy
8/7/2022,4:30 PM,91,59,5,29.58,Mostly Cloudy
8/7/2022,5:00 PM,90,59,6,29.58,Mostly Cloudy
8/7/2022,5:30 PM,90,62,6,29.58,Partly Cloudy
8/7/2022,6:00 PM,88,66,3,29.58,Partly Cloudy
8/7/2022,6:30 PM,86,70,3,29.61,Partly Cloudy
8/7/2022,7:00 PM,86,70,0,29.61,Partly Cloudy
8/7/2022,7:30 PM,84,74,0,29.61,Fair
8/7/2022,8:00 PM,84,74,0,29.64,Fair
8/7/2022,8:30 PM,84,74,0,29.64,Fair
8/7/2022,9:00 PM,82,79,0,29.67,Fair
8/7/2022,9:30 PM,81,89,0,29.67,Fair
8/7/2022,10:00 PM,81,89,0,29.67,Fair
8/7/2022,10:30 PM,81,84,0,29.70,Fair
8/7/2022,11:00 PM,81,84,0,29.70,Fair
8/7/2022,11:30 PM,81,89,0,29.70,Fair
8/8/2022,12:00 AM,79,94,0,29.67,Fair
8/8/2022,12:30 AM,79,94,0,29.67,Fair
8/8/2022,1:00 AM,77,100,0,29.67,Fair
8/8/2022,1:30 AM,79,94,0,29.67,Fair
8/8/2022,2:00 AM,77,100,0,29.64,Fair
8/8/2022,2:30 AM,77,100,0,29.64,Fair
8/8/2022,3:00 AM,77,94,0,29.64,Fair
8/8/2022,3:30 AM,77,94,0,29.64,Fair
8/8/2022,4:00 AM,77,94,0,29.61,Fair
8/8/2022,4:30 AM,75,100,0,29.64,Fair
8/8/2022,5:00 AM,75,100,0,29.64,Fair
8/8/2022,5:30 AM,75,100,0,29.64,Fair
8/8/2022,6:00 AM,75,100,0,29.64,Fair
8/8/2022,6:30 AM,75,100,0,29.64,Partly Cloudy
8/8/2022,7:00 AM,77,94,0,29.67,Fog
8/8/2022,7:30 AM,79,89,0,29.67,Fog
8/8/2022,8:00 AM,79,94,0,29.67,Fog
8/8/2022,8:30 AM,81,89,0,29.70,Fog
8/8/2022,9:00 AM,82,84,0,29.70,Fair
8/8/2022,9:30 AM,84,84,0,29.70,Fair
8/8/2022,10:00 AM,86,74,0,29.70,Partly Cloudy
8/8/2022,10:30 AM,90,62,7,29.67,Partly Cloudy
8/8/2022,11:00 AM,90,62,8,29.67,Partly Cloudy
8/8/2022,11:30 AM,90,62,6,29.67,Partly Cloudy
8/8/2022,12:00 PM,91,59,6,29.64,Partly Cloudy
8/8/2022,12:30 PM,91,55,7,29.64,Mostly Cloudy
8/8/2022,1:00 PM,91,55,8,29.61,Mostly Cloudy
8/8/2022,1:30 PM,88,75,9,29.61,Light Rain
8/8/2022,2:00 PM,82,84,2,29.58,Light Rain with Thunder
8/8/2022,2:30 PM,88,70,7,29.58,Mostly Cloudy
8/8/2022,3:00 PM,88,66,10,29.58,Mostly Cloudy
8/8/2022,3:30 PM,86,74,8,29.58,Mostly Cloudy
8/8/2022,4:00 PM,84,74,14,29.58,Mostly Cloudy
8/8/2022,4:30 PM,81,84,9,29.58,Mostly Cloudy
8/8/2022,5:00 PM,84,74,7,29.58,Mostly Cloudy
8/8/2022,5:30 PM,84,79,6,29.61,Mostly Cloudy
8/8/2022,6:00 PM,84,74,8,29.61,Mostly Cloudy
8/8/2022,6:30 PM,84,74,8,29.61,Mostly Cloudy
8/8/2022,7:00 PM,82,79,7,29.64,Mostly Cloudy
8/8/2022,7:30 PM,84,74,0,29.67,Mostly Cloudy
8/8/2022,8:00 PM,82,84,0,29.67,Mostly Cloudy
8/8/2022,8:30 PM,82,79,3,29.67,Mostly Cloudy
8/8/2022,9:00 PM,82,79,0,29.70,Mostly Cloudy
8/8/2022,9:30 PM,81,89,0,29.70,Mostly Cloudy
8/8/2022,10:00 PM,81,89,0,29.70,Mostly Cloudy
8/8/2022,10:30 PM,81,89,0,29.70,Mostly Cloudy
8/8/2022,11:00 PM,79,94,0,29.70,Mostly Cloudy
8/8/2022,11:30 PM,79,94,0,29.70,Mostly Cloudy
8/9/2022,12:00 AM,79,94,0,29.70,Mostly Cloudy
8/9/2022,12:30 AM,79,94,0,29.70,Mostly Cloudy
8/9/2022,1:00 AM,79,94,0,29.67,Mostly Cloudy
8/9/2022,1:30 AM,79,94,0,29.67,Mostly Cloudy
8/9/2022,2:00 AM,77,100,3,29.67,Mostly Cloudy
8/9/2022,2:30 AM,77,100,0,29.67,Mostly Cloudy
8/9/2022,3:00 AM,77,100,3,29.64,Mostly Cloudy
8/9/2022,3:30 AM,77,100,0,29.64,Mostly Cloudy
8/9/2022,4:00 AM,77,100,0,29.64,Mostly Cloudy
8/9/2022,4:30 AM,77,100,0,29.67,Mostly Cloudy
8/9/2022,5:00 AM,77,100,0,29.67,Partly Cloudy
8/9/2022,5:30 AM,77,100,0,29.67,Mostly Cloudy
8/9/2022,6:00 AM,77,100,0,29.67,Mostly Cloudy
8/9/2022,6:30 AM,77,94,0,29.67,Partly Cloudy
8/9/2022,7:00 AM,77,100,0,29.67,Mostly Cloudy
8/9/2022,7:30 AM,79,94,0,29.70,Mostly Cloudy
8/9/2022,8:00 AM,81,94,0,29.70,Partly Cloudy
8/9/2022,8:30 AM,82,89,0,29.70,Fair
8/9/2022,9:00 AM,84,79,0,29.70,Fair
8/9/2022,9:30 AM,86,70,0,29.70,Partly Cloudy
8/9/2022,10:00 AM,88,62,0,29.70,Partly Cloudy
8/9/2022,10:30 AM,88,58,0,29.70,Mostly Cloudy
8/9/2022,11:00 AM,90,55,2,29.70,Mostly Cloudy
8/9/2022,11:30 AM,90,59,0,29.67,Mostly Cloudy
8/9/2022,12:00 PM,90,59,2,29.67,Mostly Cloudy
8/9/2022,12:30 PM,91,59,3,29.64,Mostly Cloudy
8/9/2022,1:00 PM,91,55,5,29.64,Mostly Cloudy
8/9/2022,1:30 PM,91,52,3,29.61,Mostly Cloudy
8/9/2022,2:00 PM,91,55,3,29.61,Mostly Cloudy
8/9/2022,2:30 PM,91,52,5,29.58,Mostly Cloudy
8/9/2022,3:00 PM,91,52,5,29.58,Showers in the Vicinity
8/9/2022,3:30 PM,90,62,8,29.58,Light Rain
8/9/2022,4:00 PM,82,79,6,29.58,Light Rain
8/9/2022,4:30 PM,82,70,9,29.58,Mostly Cloudy
8/9/2022,5:00 PM,82,70,6,29.58,Mostly Cloudy
8/9/2022,5:30 PM,84,66,5,29.61,Mostly Cloudy
8/9/2022,6:00 PM,84,70,3,29.61,Mostly Cloudy
8/9/2022,6:30 PM,82,79,0,29.61,Mostly Cloudy
8/9/2022,7:00 PM,82,79,0,29.61,Mostly Cloudy
8/9/2022,7:30 PM,82,79,5,29.64,Mostly Cloudy
8/9/2022,8:00 PM,82,79,6,29.64,Mostly Cloudy
8/9/2022,8:30 PM,82,79,6,29.64,Mostly Cloudy
8/9/2022,9:00 PM,82,79,0,29.67,Mostly Cloudy
8/9/2022,9:30 PM,81,84,0,29.67,Mostly Cloudy
8/9/2022,10:00 PM,81,84,0,29.67,Mostly Cloudy
8/9/2022,10:30 PM,81,84,0,29.70,Mostly Cloudy
8/9/2022,11:00 PM,81,84,0,29.70,Mostly Cloudy
8/9/2022,11:30 PM,79,89,0,29.67,Mostly Cloudy
8/10/2022,12:00 AM,79,94,0,29.67,Mostly Cloudy
8/10/2022,12:30 AM,77,100,0,29.67,Mostly Cloudy
8/10/2022,1:00 AM,77,94,0,29.67,Mostly Cloudy
8/10/2022,1:30 AM,77,94,0,29.64,Mostly Cloudy
8/10/2022,2:00 AM,77,94,0,29.64,Mostly Cloudy
8/10/2022,2:30 AM,77,94,0,29.64,Partly Cloudy
8/10/2022,3:00 AM,77,94,0,29.61,Partly Cloudy
8/10/2022,3:30 AM,77,94,0,29.61,Partly Cloudy
8/10/2022,4:00 AM,77,94,0,29.61,Partly Cloudy
8/10/2022,4:30 AM,77,94,0,29.61,Partly Cloudy
8/10/2022,5:00 AM,77,94,0,29.64,Partly Cloudy
8/10/2022,5:30 AM,77,94,0,29.64,Partly Cloudy
8/10/2022,6:00 AM,75,100,0,29.64,Partly Cloudy
8/10/2022,6:30 AM,77,94,0,29.64,Partly Cloudy
8/10/2022,7:00 AM,77,94,0,29.64,Fair
8/10/2022,7:30 AM,79,94,0,29.67,Fair
8/10/2022,8:00 AM,81,89,0,29.67,Fair
8/10/2022,8:30 AM,82,89,0,29.67,Fair
8/10/2022,9:00 AM,86,74,3,29.67,Fair
8/10/2022,9:30 AM,86,74,5,29.67,Fair
8/10/2022,10:00 AM,86,74,5,29.67,Partly Cloudy
8/10/2022,10:30 AM,90,59,9,29.67,Partly Cloudy
8/10/2022,11:00 AM,90,59,8,29.67,Partly Cloudy
8/10/2022,11:30 AM,90,59,8,29.64,Partly Cloudy
8/10/2022,12:00 PM,91,55,9,29.64,Partly Cloudy
8/10/2022,12:30 PM,93,52,9,29.64,Partly Cloudy
8/10/2022,1:00 PM,93,52,10,29.61,Partly Cloudy
8/10/2022,1:30 PM,93,52,10,29.61,Fair
8/10/2022,2:00 PM,93,52,15,29.58,Fair
8/10/2022,2:30 PM,93,52,13,29.58,Fair
8/10/2022,3:00 PM,93,49,12,29.58,Fair
8/10/2022,3:30 PM,93,52,10,29.58,Fair
8/10/2022,4:00 PM,91,52,13,29.58,Fair
8/10/2022,4:30 PM,91,55,12,29.58,Fair
8/10/2022,5:00 PM,91,55,12,29.58,Fair
8/10/2022,5:30 PM,91,52,10,29.58,Fair
8/10/2022,6:00 PM,90,55,10,29.61,Fair
8/10/2022,6:30 PM,86,62,8,29.61,Fair
8/10/2022,7:00 PM,86,66,6,29.61,Fair
8/10/2022,7:30 PM,86,66,0,29.64,Fair
8/10/2022,8:00 PM,84,70,0,29.64,Fair
8/10/2022,8:30 PM,82,74,0,29.67,Fair
8/10/2022,9:00 PM,82,74,0,29.67,Fair
8/10/2022,9:30 PM,82,74,0,29.70,Fair
8/10/2022,10:00 PM,81,84,0,29.70,Fair
8/10/2022,10:30 PM,79,89,0,29.70,Fair
8/10/2022,11:00 PM,79,89,0,29.70,Fair
8/10/2022,11:30 PM,79,89,0,29.70,Fair
8/11/2022,12:00 AM,79,89,0,29.70,Fair
8/11/2022,12:30 AM,79,89,0,29.70,Fair
8/11/2022,1:00 AM,77,94,0,29.70,Fair
8/11/2022,1:30 AM,77,94,0,29.70,Fair
8/11/2022,2:00 AM,77,94,0,29.67,Fair
8/11/2022,2:30 AM,77,94,0,29.67,Fair
8/11/2022,3:00 AM,77,94,0,29.67,Fair
8/11/2022,3:30 AM,77,94,0,29.64,Fair
8/11/2022,4:00 AM,77,94,0,29.64,Fair
8/11/2022,4:30 AM,75,100,0,29.64,Fair
8/11/2022,5:00 AM,75,100,0,29.64,Fair
8/11/2022,5:30 AM,75,100,0,29.64,Fair
8/11/2022,6:00 AM,75,100,0,29.64,Partly Cloudy
8/11/2022,6:30 AM,75,100,0,29.64,Partly Cloudy
8/11/2022,7:00 AM,77,94,0,29.64,Partly Cloudy
8/11/2022,7:30 AM,77,94,0,29.64,Fair
8/11/2022,8:00 AM,81,89,0,29.67,Fair
8/11/2022,8:30 AM,82,84,0,29.67,Fair
8/11/2022,9:00 AM,86,74,0,29.67,Fair
8/11/2022,9:30 AM,86,74,0,29.67,Fair
8/11/2022,10:00 AM,88,66,0,29.67,Partly Cloudy
8/11/2022,10:30 AM,88,62,0,29.67,Partly Cloudy
8/11/2022,11:00 AM,90,59,0,29.67,Partly Cloudy
8/11/2022,11:30 AM,90,59,0,29.67,Partly Cloudy
8/11/2022,12:00 PM,90,59,0,29.64,Mostly Cloudy
8/11/2022,12:30 PM,90,59,0,29.64,Mostly Cloudy
8/11/2022,1:00 PM,91,55,0,29.64,Partly Cloudy
8/11/2022,1:30 PM,91,55,6,29.64,Partly Cloudy
8/11/2022,2:00 PM,91,55,9,29.61,Partly Cloudy
8/11/2022,2:30 PM,91,55,9,29.61,Partly Cloudy
8/11/2022,3:00 PM,91,55,8,29.61,Partly Cloudy
8/11/2022,3:30 PM,91,55,9,29.58,Fair
8/11/2022,4:00 PM,91,55,10,29.58,Partly Cloudy
8/11/2022,4:30 PM,90,62,9,29.58,Partly Cloudy
8/11/2022,5:00 PM,90,62,8,29.61,Fair
8/11/2022,5:30 PM,90,59,8,29.61,Partly Cloudy
8/11/2022,6:00 PM,88,62,8,29.61,Partly Cloudy
8/11/2022,6:30 PM,86,66,5,29.64,Partly Cloudy
8/11/2022,7:00 PM,86,70,2,29.64,Partly Cloudy
8/11/2022,7:30 PM,84,74,0,29.64,Fair
8/11/2022,8:00 PM,84,74,0,29.67,Fair
8/11/2022,8:30 PM,82,79,0,29.67,Fair
8/11/2022,9:00 PM,82,79,0,29.67,Mostly Cloudy
8/11/2022,9:30 PM,82,79,0,29.67,Mostly Cloudy
8/11/2022,10:00 PM,81,84,0,29.70,Partly Cloudy
8/11/2022,10:30 PM,81,84,0,29.70,Partly Cloudy
8/11/2022,11:00 PM,81,89,0,29.70,Partly Cloudy
8/11/2022,11:30 PM,79,94,0,29.70,Partly Cloudy
8/12/2022,12:00 AM,79,94,0,29.70,Partly Cloudy
8/12/2022,12:30 AM,79,94,0,29.70,Fair
8/12/2022,1:00 AM,79,94,0,29.70,Fair
8/12/2022,1:30 AM,79,94,0,29.67,Fair
8/12/2022,2:00 AM,77,100,0,29.67,Fair
8/12/2022,2:30 AM,77,100,0,29.67,Fair
8/12/2022,3:00 AM,77,100,0,29.67,Fair
8/12/2022,3:30 AM,77,100,0,29.67,Fair
8/12/2022,4:00 AM,77,94,0,29.67,Fair
8/12/2022,4:30 AM,77,100,0,29.64,Partly Cloudy
8/12/2022,5:00 AM,77,94,0,29.64,Partly Cloudy
8/12/2022,5:30 AM,77,94,0,29.67,Fair
8/12/2022,6:00 AM,77,94,0,29.67,Mostly Cloudy
8/12/2022,6:30 AM,75,100,0,29.67,Mostly Cloudy
8/12/2022,7:00 AM,77,94,0,29.67,Mostly Cloudy
8/12/2022,7:30 AM,77,94,0,29.70,Mostly Cloudy
8/12/2022,8:00 AM,79,94,0,29.70,Mostly Cloudy
8/12/2022,8:30 AM,81,89,0,29.70,Partly Cloudy
8/12/2022,9:00 AM,84,79,0,29.70,Fair
8/12/2022,9:30 AM,86,74,0,29.70,Fair
8/12/2022,10:00 AM,86,74,0,29.70,Fair
8/12/2022,10:30 AM,88,70,0,29.70,Fair
8/12/2022,11:00 AM,90,66,0,29.70,Partly Cloudy
8/12/2022,11:30 AM,90,62,0,29.67,Partly Cloudy
8/12/2022,12:00 PM,91,63,0,29.67,Partly Cloudy
8/12/2022,12:30 PM,91,55,7,29.67,Partly Cloudy
8/12/2022,1:00 PM,91,59,2,29.64,Partly Cloudy
8/12/2022,1:30 PM,93,56,7,29.64,Partly Cloudy
8/12/2022,2:00 PM,91,55,6,29.61,Mostly Cloudy
8/12/2022,2:30 PM,93,56,6,29.61,Mostly Cloudy
8/12/2022,3:00 PM,91,59,8,29.61,Mostly Cloudy
8/12/2022,3:30 PM,91,63,5,29.61,Showers in the Vicinity
8/12/2022,4:00 PM,91,55,8,29.58,Showers in the Vicinity
8/12/2022,4:30 PM,90,59,6,29.58,Showers in the Vicinity
8/12/2022,5:00 PM,88,66,3,29.61,Showers in the Vicinity
8/12/2022,5:30 PM,84,79,6,29.61,Mostly Cloudy
8/12/2022,6:00 PM,82,74,5,29.61,Mostly Cloudy
8/12/2022,6:30 PM,82,74,0,29.61,Mostly Cloudy
8/12/2022,7:00 PM,82,79,0,29.64,Partly Cloudy
8/12/2022,7:30 PM,82,84,0,29.64,Partly Cloudy
8/12/2022,8:00 PM,82,79,0,29.64,Fair
8/12/2022,8:30 PM,81,84,0,29.67,Partly Cloudy
8/12/2022,9:00 PM,81,84,0,29.70,Partly Cloudy
8/12/2022,9:30 PM,81,84,0,29.70,Mostly Cloudy
8/12/2022,10:00 PM,81,84,0,29.70,Mostly Cloudy
8/12/2022,10:30 PM,81,84,0,29.73,Mostly Cloudy
8/12/2022,11:00 PM,81,84,0,29.73,Mostly Cloudy
8/12/2022,11:30 PM,81,89,0,29.73,Mostly Cloudy
8/13/2022,12:00 AM,81,84,0,29.70,Mostly Cloudy
8/13/2022,12:30 AM,79,94,0,29.70,Mostly Cloudy
8/13/2022,1:00 AM,79,94,0,29.70,Mostly Cloudy
8/13/2022,1:30 AM,79,94,0,29.70,Mostly Cloudy
8/13/2022,2:00 AM,79,94,0,29.67,Mostly Cloudy
8/13/2022,2:30 AM,79,94,0,29.67,Partly Cloudy
8/13/2022,3:00 AM,79,94,0,29.67,Partly Cloudy
8/13/2022,3:30 AM,77,100,0,29.67,Partly Cloudy
8/13/2022,4:00 AM,77,100,0,29.67,Partly Cloudy
8/13/2022,4:30 AM,77,94,0,29.67,Partly Cloudy
8/13/2022,5:00 AM,77,100,0,29.67,Partly Cloudy
8/13/2022,5:30 AM,77,94,0,29.67,Partly Cloudy
8/13/2022,6:00 AM,77,94,0,29.70,Partly Cloudy
8/13/2022,6:30 AM,77,100,0,29.70,Partly Cloudy
8/13/2022,7:00 AM,77,100,0,29.70,Partly Cloudy
8/13/2022,7:30 AM,77,100,0,29.73,Partly Cloudy
8/13/2022,8:00 AM,81,89,0,29.73,Fair
8/13/2022,8:30 AM,84,74,0,29.73,Fair
8/13/2022,9:00 AM,86,74,0,29.73,Fair
8/13/2022,9:30 AM,86,66,3,29.73,Fair
8/13/2022,10:00 AM,86,66,3,29.73,Fair
8/13/2022,10:30 AM,88,62,2,29.73,Fair
8/13/2022,11:00 AM,88,62,5,29.70,Fair
8/13/2022,11:30 AM,90,59,3,29.70,Fair
8/13/2022,12:00 PM,90,55,6,29.70,Fair
8/13/2022,12:30 PM,90,55,3,29.67,Fair
8/13/2022,1:00 PM,91,55,3,29.67,Partly Cloudy
8/13/2022,1:30 PM,93,52,5,29.64,Partly Cloudy
8/13/2022,2:00 PM,93,52,0,29.64,Partly Cloudy
8/13/2022,2:30 PM,91,55,0,29.61,Partly Cloudy
8/13/2022,3:00 PM,93,52,0,29.61,Partly Cloudy
8/13/2022,3:30 PM,91,55,8,29.61,Partly Cloudy
8/13/2022,4:00 PM,91,55,8,29.61,Partly Cloudy
8/13/2022,4:30 PM,91,55,8,29.58,Fair
8/13/2022,5:00 PM,90,62,3,29.61,Fair
8/13/2022,5:30 PM,88,66,0,29.61,Partly Cloudy
8/13/2022,6:00 PM,86,70,0,29.64,Showers in the Vicinity
8/13/2022,6:30 PM,82,70,7,29.64,Showers in the Vicinity
8/13/2022,7:00 PM,81,84,7,29.64,Light Rain with Thunder
8/13/2022,7:30 PM,81,79,0,29.64,Partly Cloudy
8/13/2022,8:00 PM,79,89,5,29.67,Fair
8/13/2022,8:30 PM,79,89,0,29.67,Fair
8/13/2022,9:00 PM,79,89,0,29.67,Fair
8/13/2022,9:30 PM,77,89,0,29.70,Fair
8/13/2022,10:00 PM,77,89,0,29.70,Fair
8/13/2022,10:30 PM,77,89,0,29.73,Fair
8/13/2022,11:00 PM,77,89,0,29.73,Fair
8/13/2022,11:30 PM,77,94,0,29.73,Fair
8/14/2022,12:00 AM,77,94,0,29.73,Fair
8/14/2022,12:30 AM,75,94,0,29.70,Fair
8/14/2022,1:00 AM,77,89,0,29.70,Fair
8/14/2022,1:30 AM,77,89,0,29.70,Fair
8/14/2022,2:00 AM,75,94,0,29.70,Fair
8/14/2022,2:30 AM,75,94,0,29.70,Fair
8/14/2022,3:00 AM,75,94,0,29.67,Fair
8/14/2022,3:30 AM,75,94,0,29.67,Fair
8/14/2022,4:00 AM,75,94,0,29.67,Fair
8/14/2022,4:30 AM,75,94,0,29.67,Fair
8/14/2022,5:00 AM,75,94,0,29.67,Fair
8/14/2022,5:30 AM,75,94,0,29.67,Fair
8/14/2022,6:00 AM,75,94,0,29.70,Fair
8/14/2022,6:30 AM,75,94,0,29.70,Fair
8/14/2022,7:00 AM,75,94,0,29.70,Fair
8/14/2022,7:30 AM,77,94,0,29.73,Fair
8/14/2022,8:00 AM,79,89,0,29.73,Fair
8/14/2022,8:30 AM,82,84,0,29.73,Fair
8/14/2022,9:00 AM,84,74,0,29.73,Fair
8/14/2022,9:30 AM,86,70,0,29.76,Fair
8/14/2022,10:00 AM,86,70,0,29.73,Fair
8/14/2022,10:30 AM,88,66,3,29.73,Fair
8/14/2022,11:00 AM,90,62,3,29.73,Fair
8/14/2022,11:30 AM,91,59,2,29.73,Fair
8/14/2022,12:00 PM,90,62,2,29.73,Partly Cloudy
8/14/2022,12:30 PM,90,59,2,29.70,Partly Cloudy
8/14/2022,1:00 PM,91,55,2,29.70,Partly Cloudy
8/14/2022,1:30 PM,91,59,9,29.67,Showers in the Vicinity
8/14/2022,2:00 PM,84,79,7,29.67,Light Rain
8/14/2022,2:30 PM,84,74,8,29.64,Showers in the Vicinity
8/14/2022,3:00 PM,84,74,8,29.64,Light Rain with Thunder
8/14/2022,3:30 PM,90,62,0,29.64,Partly Cloudy
8/14/2022,4:00 PM,86,74,12,29.64,Partly Cloudy
8/14/2022,4:30 PM,86,70,8,29.64,Partly Cloudy
8/14/2022,5:00 PM,86,70,2,29.64,Fair
8/14/2022,5:30 PM,88,66,0,29.61,Fair
8/14/2022,6:00 PM,86,66,3,29.61,Fair
8/14/2022,6:30 PM,86,66,3,29.64,Fair
8/14/2022,7:00 PM,84,70,3,29.64,Fair
8/14/2022,7:30 PM,82,79,0,29.64,Fair
8/14/2022,8:00 PM,82,79,0,29.67,Mostly Cloudy
8/14/2022,8:30 PM,82,79,0,29.67,Fair
8/14/2022,9:00 PM,82,84,0,29.67,Fair
8/14/2022,9:30 PM,81,89,0,29.70,Fair
8/14/2022,10:00 PM,81,89,2,29.73,Fair
8/14/2022,10:30 PM,81,89,0,29.73,Fair
8/14/2022,11:00 PM,79,89,3,29.73,Fair
8/14/2022,11:30 PM,79,89,3,29.76,Fair
8/15/2022,12:00 AM,79,89,0,29.76,Partly Cloudy
8/15/2022,12:30 AM,79,89,0,29.73,Partly Cloudy
8/15/2022,1:00 AM,79,89,0,29.73,Partly Cloudy
8/15/2022,1:30 AM,79,89,0,29.73,Mostly Cloudy
8/15/2022,2:00 AM,79,89,0,29.73,Mostly Cloudy
8/15/2022,2:30 AM,75,83,20,29.73,Light Rain
8/15/2022,3:00 AM,70,100,16,29.73,Light Rain
8/15/2022,3:30 AM,70,100,9,29.73,Light Rain
8/15/2022,4:00 AM,72,94,6,29.73,Light Rain
8/15/2022,4:30 AM,73,94,3,29.73,Light Rain
8/15/2022,5:00 AM,72,100,0,29.70,Mostly Cloudy
8/15/2022,5:30 AM,72,100,0,29.70,Mostly Cloudy
8/15/2022,6:00 AM,72,100,0,29.70,Fair
8/15/2022,6:30 AM,72,100,0,29.70,Fair
8/15/2022,7:00 AM,72,100,0,29.73,Fair
8/15/2022,7:30 AM,73,94,0,29.73,Partly Cloudy
8/15/2022,8:00 AM,73,94,0,29.76,Partly Cloudy
8/15/2022,8:30 AM,75,94,0,29.76,Partly Cloudy
8/15/2022,9:00 AM,77,94,2,29.76,Partly Cloudy
8/15/2022,9:30 AM,79,89,0,29.76,Mostly Cloudy
8/15/2022,10:00 AM,82,84,6,29.76,Mostly Cloudy
8/15/2022,10:30 AM,84,74,7,29.76,Partly Cloudy
8/15/2022,11:00 AM,86,70,3,29.73,Fair
8/15/2022,11:30 AM,88,70,5,29.73,Fair
8/15/2022,12:00 PM,90,62,5,29.73,Partly Cloudy
8/15/2022,12:30 PM,90,62,6,29.70,Fair
8/15/2022,1:00 PM,91,55,2,29.67,Fair
8/15/2022,1:30 PM,91,55,5,29.67,Fair
8/15/2022,2:00 PM,93,52,2,29.64,Fair
8/15/2022,2:30 PM,93,52,5,29.64,Fair
8/15/2022,3:00 PM,91,59,2,29.61,Partly Cloudy
8/15/2022,3:30 PM,93,52,6,29.61,Partly Cloudy
8/15/2022,4:00 PM,93,52,9,29.61,Showers in the Vicinity
8/15/2022,4:30 PM,93,56,13,29.61,Showers in the Vicinity
8/15/2022,5:00 PM,90,59,9,29.61,Showers in the Vicinity
8/15/2022,5:30 PM,90,59,10,29.61,Partly Cloudy
8/15/2022,6:00 PM,88,58,10,29.64,Fair
8/15/2022,6:30 PM,86,62,7,29.64,Partly Cloudy
8/15/2022,7:00 PM,84,70,8,29.67,Partly Cloudy
8/15/2022,7:30 PM,84,70,6,29.67,Fair
8/15/2022,8:00 PM,84,70,5,29.67,Fair
8/15/2022,8:30 PM,82,74,0,29.70,Fair
8/15/2022,9:00 PM,82,74,0,29.70,Fair
8/15/2022,9:30 PM,81,79,0,29.70,Fair
8/15/2022,10:00 PM,81,79,0,29.73,Fair
8/15/2022,10:30 PM,79,83,0,29.73,Fair
8/15/2022,11:00 PM,79,83,0,29.73,Fair
8/15/2022,11:30 PM,79,89,1,29.73,Fair
8/16/2022,12:00 AM,79,89,3,29.73,Fair
8/16/2022,12:30 AM,79,89,0,29.73,Fair
8/16/2022,1:00 AM,79,89,0,29.70,Fair
8/16/2022,1:30 AM,79,89,0,29.70,Fair
8/16/2022,2:00 AM,79,89,0,29.70,Fair
8/16/2022,2:30 AM,77,94,0,29.70,Fair
8/16/2022,3:00 AM,77,94,0,29.70,Fair
8/16/2022,3:30 AM,77,94,0,29.67,Partly Cloudy
8/16/2022,4:00 AM,77,94,0,29.67,Partly Cloudy
8/16/2022,4:30 AM,77,94,0,29.67,Partly Cloudy
8/16/2022,5:00 AM,77,94,0,29.67,Partly Cloudy
8/16/2022,5:30 AM,77,94,0,29.70,Partly Cloudy
8/16/2022,6:00 AM,77,94,0,29.70,Mostly Cloudy
8/16/2022,6:30 AM,77,94,0,29.73,Mostly Cloudy
8/16/2022,7:00 AM,77,94,0,29.73,Mostly Cloudy
8/16/2022,7:30 AM,77,94,0,29.73,Mostly Cloudy
8/16/2022,8:00 AM,79,89,2,29.76,Mostly Cloudy
8/16/2022,8:30 AM,79,83,7,29.76,Mostly Cloudy
8/16/2022,9:00 AM,79,83,8,29.76,Mostly Cloudy
8/16/2022,9:30 AM,79,83,8,29.76,Mostly Cloudy
8/16/2022,10:00 AM,79,83,8,29.76,Light Rain
8/16/2022,10:30 AM,79,83,6,29.76,Light Rain
8/16/2022,11:00 AM,81,84,2,29.73,Mostly Cloudy
8/16/2022,11:30 AM,81,84,0,29.70,Mostly Cloudy
8/16/2022,12:00 PM,82,79,5,29.70,Mostly Cloudy
8/16/2022,12:30 PM,82,79,2,29.67,Mostly Cloudy
8/16/2022,1:00 PM,82,79,2,29.67,Mostly Cloudy
8/16/2022,1:30 PM,82,74,2,29.67,Mostly Cloudy
8/16/2022,2:00 PM,82,79,7,29.67,Mostly Cloudy
8/16/2022,2:30 PM,82,79,5,29.67,Mostly Cloudy
8/16/2022,3:00 PM,82,79,5,29.67,Partly Cloudy
8/16/2022,3:30 PM,82,79,5,29.67,Partly Cloudy
8/16/2022,4:00 PM,84,74,6,29.64,Partly Cloudy
8/16/2022,4:30 PM,84,74,7,29.64,Partly Cloudy
8/16/2022,5:00 PM,84,74,5,29.64,Partly Cloudy
8/16/2022,5:30 PM,84,74,5,29.64,Partly Cloudy
8/16/2022,6:00 PM,82,79,0,29.64,Partly Cloudy
8/16/2022,6:30 PM,82,79,0,29.67,Partly Cloudy
8/16/2022,7:00 PM,81,84,3,29.67,Partly Cloudy
8/16/2022,7:30 PM,81,84,0,29.67,Fair
8/16/2022,8:00 PM,81,89,5,29.67,Partly Cloudy
8/16/2022,8:30 PM,79,94,5,29.67,Partly Cloudy
8/16/2022,9:00 PM,79,89,0,29.70,Partly Cloudy
8/16/2022,9:30 PM,79,94,0,29.70,Partly Cloudy
8/16/2022,10:00 PM,79,94,0,29.70,Partly Cloudy
8/16/2022,10:30 PM,79,94,0,29.73,Partly Cloudy
8/16/2022,11:00 PM,79,83,0,29.73,Partly Cloudy
8/16/2022,11:30 PM,79,83,0,29.73,Partly Cloudy
8/17/2022,12:00 AM,77,94,0,29.73,Partly Cloudy
8/17/2022,12:30 AM,77,94,0,29.73,Partly Cloudy
8/17/2022,1:00 AM,77,94,0,29.70,Mostly Cloudy
8/17/2022,1:30 AM,77,94,0,29.70,Mostly Cloudy
8/17/2022,2:00 AM,77,94,0,29.70,Mostly Cloudy
8/17/2022,2:30 AM,77,94,0,29.70,Mostly Cloudy
8/17/2022,3:00 AM,77,94,0,29.70,Partly Cloudy
8/17/2022,3:30 AM,77,94,0,29.70,Partly Cloudy
8/17/2022,4:00 AM,77,94,0,29.70,Mostly Cloudy
8/17/2022,4:30 AM,77,94,2,29.70,Mostly Cloudy
8/17/2022,5:00 AM,77,94,0,29.70,Partly Cloudy
8/17/2022,5:30 AM,77,94,0,29.70,Partly Cloudy
8/17/2022,6:00 AM,77,94,0,29.70,Partly Cloudy
8/17/2022,6:30 AM,75,100,2,29.70,Mostly Cloudy
8/17/2022,7:00 AM,77,94,0,29.73,Mostly Cloudy
8/17/2022,7:30 AM,77,94,0,29.73,Partly Cloudy
8/17/2022,8:00 AM,79,94,2,29.73,Partly Cloudy
8/17/2022,8:30 AM,82,74,3,29.73,Partly Cloudy
8/17/2022,9:00 AM,84,74,3,29.73,Partly Cloudy
8/17/2022,9:30 AM,84,74,3,29.73,Partly Cloudy
8/17/2022,10:00 AM,86,70,2,29.73,Partly Cloudy
8/17/2022,10:30 AM,88,66,3,29.73,Mostly Cloudy
8/17/2022,11:00 AM,88,62,2,29.70,Mostly Cloudy
8/17/2022,11:30 AM,81,79,10,29.70,Light Rain
8/17/2022,12:00 PM,88,70,10,29.70,Mostly Cloudy
8/17/2022,12:30 PM,90,62,14,29.70,Mostly Cloudy
8/17/2022,1:00 PM,90,59,10,29.67,Mostly Cloudy
8/17/2022,1:30 PM,86,66,10,29.67,Mostly Cloudy
8/17/2022,2:00 PM,88,70,7,29.64,Mostly Cloudy
8/17/2022,2:30 PM,88,62,12,29.64,Mostly Cloudy
8/17/2022,3:00 PM,90,62,8,29.61,Mostly Cloudy
8/17/2022,3:30 PM,88,62,10,29.61,Mostly Cloudy
8/17/2022,4:00 PM,86,70,9,29.61,Mostly Cloudy
8/17/2022,4:30 PM,88,66,8,29.61,Partly Cloudy
8/17/2022,5:00 PM,86,66,10,29.61,Mostly Cloudy
8/17/2022,5:30 PM,84,70,8,29.61,Mostly Cloudy
8/17/2022,6:00 PM,84,70,8,29.64,Partly Cloudy
8/17/2022,6:30 PM,82,74,5,29.64,Partly Cloudy
8/17/2022,7:00 PM,82,74,2,29.64,Fair
8/17/2022,7:30 PM,82,74,6,29.67,Fair
8/17/2022,8:00 PM,81,84,5,29.67,Fair
8/17/2022,8:30 PM,81,84,3,29.70,Fair
8/17/2022,9:00 PM,81,84,0,29.70,Fair
8/17/2022,9:30 PM,79,89,0,29.70,Fair
8/17/2022,10:00 PM,79,89,0,29.70,Fair
8/17/2022,10:30 PM,79,94,0,29.70,Fair
8/17/2022,11:00 PM,79,89,0,29.70,Fair
8/17/2022,11:30 PM,79,89,0,29.73,Fair
8/18/2022,12:00 AM,79,89,0,29.73,Fair
8/18/2022,12:30 AM,77,94,0,29.73,Fair
8/18/2022,1:00 AM,77,100,0,29.70,Fair
8/18/2022,1:30 AM,77,94,0,29.70,Fair
8/18/2022,2:00 AM,77,94,0,29.70,Fair
8/18/2022,2:30 AM,77,94,0,29.67,Fair
8/18/2022,3:00 AM,77,94,0,29.67,Fair
8/18/2022,3:30 AM,77,94,0,29.67,Fair
8/18/2022,4:30 AM,77,94,0,29.67,Fair
8/18/2022,5:00 AM,77,94,0,29.67,Fair
8/18/2022,5:30 AM,77,94,0,29.67,Fair
8/18/2022,6:00 AM,75,100,5,29.67,Fair
8/18/2022,6:30 AM,75,100,0,29.67,Fair
8/18/2022,7:00 AM,75,100,0,29.70,Fair
8/18/2022,7:30 AM,77,94,0,29.70,Partly Cloudy
8/18/2022,8:00 AM,81,89,0,29.70,Partly Cloudy
8/18/2022,8:30 AM,84,79,1,29.73,Partly Cloudy
8/18/2022,9:00 AM,86,74,3,29.73,Partly Cloudy
8/18/2022,9:30 AM,86,70,5,29.73,Partly Cloudy
8/18/2022,10:00 AM,88,62,3,29.73,Partly Cloudy
8/18/2022,10:30 AM,88,66,7,29.73,Fair
8/18/2022,11:00 AM,90,62,6,29.70,Partly Cloudy
8/18/2022,11:30 AM,90,55,8,29.70,Partly Cloudy
8/18/2022,12:00 PM,91,55,9,29.67,Showers in the Vicinity
8/18/2022,12:30 PM,91,52,6,29.67,Partly Cloudy
8/18/2022,1:00 PM,93,49,7,29.64,Partly Cloudy
8/18/2022,1:30 PM,91,52,6,29.64,Partly Cloudy
8/18/2022,2:00 PM,93,56,2,29.61,Partly Cloudy
8/18/2022,2:30 PM,95,53,2,29.61,Partly Cloudy
8/18/2022,3:00 PM,93,52,6,29.58,Partly Cloudy
8/18/2022,3:30 PM,91,55,8,29.58,Showers in the Vicinity
8/18/2022,4:00 PM,90,62,10,29.58,Showers in the Vicinity
8/18/2022,4:30 PM,88,66,8,29.58,Showers in the Vicinity
8/18/2022,5:00 PM,90,59,7,29.58,Showers in the Vicinity
8/18/2022,5:30 PM,88,66,0,29.61,Showers in the Vicinity
8/18/2022,6:00 PM,86,70,0,29.61,Showers in the Vicinity
8/18/2022,6:30 PM,84,74,0,29.61,Mostly Cloudy
8/18/2022,7:00 PM,84,74,0,29.64,Partly Cloudy
8/18/2022,7:30 PM,82,79,0,29.64,Partly Cloudy
8/18/2022,8:00 PM,82,79,0,29.67,Fair
8/18/2022,8:30 PM,82,79,0,29.67,Fair
8/18/2022,9:00 PM,82,79,0,29.70,Fair
8/18/2022,9:30 PM,81,84,0,29.70,Fair
8/18/2022,10:00 PM,81,84,0,29.70,Fair
8/18/2022,10:30 PM,81,84,0,29.73,Fair
8/18/2022,11:00 PM,81,84,0,29.73,Fair
8/18/2022,11:30 PM,81,84,0,29.73,Fair
8/19/2022,12:00 AM,81,84,0,29.70,Fair
8/19/2022,12:30 AM,79,89,0,29.70,Fair
8/19/2022,1:00 AM,79,89,0,29.70,Fair
8/19/2022,1:30 AM,79,94,0,29.70,Fair
8/19/2022,2:00 AM,79,94,0,29.70,Fair
8/19/2022,2:30 AM,77,100,0,29.67,Fair
8/19/2022,3:00 AM,77,100,0,29.67,Fair
8/19/2022,3:30 AM,77,94,0,29.64,Fair
8/19/2022,4:00 AM,77,100,0,29.67,Fair
8/19/2022,4:30 AM,77,100,0,29.67,Partly Cloudy
8/19/2022,5:00 AM,77,100,0,29.67,Partly Cloudy
8/19/2022,5:30 AM,77,100,0,29.67,Partly Cloudy
8/19/2022,6:00 AM,77,94,0,29.70,Partly Cloudy
8/19/2022,6:30 AM,77,94,0,29.70,Partly Cloudy
8/19/2022,7:00 AM,77,100,0,29.70,Partly Cloudy
8/19/2022,7:30 AM,77,94,0,29.73,Partly Cloudy
8/19/2022,8:00 AM,79,89,0,29.73,Partly Cloudy
8/19/2022,8:30 AM,81,89,0,29.73,Partly Cloudy
8/19/2022,9:00 AM,82,84,0,29.73,Partly Cloudy
8/19/2022,9:30 AM,86,74,0,29.73,Partly Cloudy
8/19/2022,10:00 AM,88,66,8,29.73,Partly Cloudy
8/19/2022,10:30 AM,88,62,9,29.73,Partly Cloudy
8/19/2022,11:00 AM,90,62,8,29.70,Partly Cloudy
8/19/2022,11:30 AM,90,55,8,29.70,Partly Cloudy
8/19/2022,12:00 PM,91,52,9,29.67,Fair
8/19/2022,12:30 PM,91,52,8,29.67,Partly Cloudy
8/19/2022,1:00 PM,90,59,10,29.64,Showers in the Vicinity
8/19/2022,1:30 PM,90,59,9,29.64,Showers in the Vicinity
8/19/2022,2:00 PM,88,62,7,29.64,Light Rain
8/19/2022,2:30 PM,77,94,12,29.64,Light Rain
8/19/2022,3:00 PM,82,84,7,29.64,Mostly Cloudy
8/19/2022,3:30 PM,84,74,9,29.61,Mostly Cloudy
8/19/2022,4:00 PM,84,70,9,29.61,Partly Cloudy
8/19/2022,4:30 PM,86,66,10,29.58,Fair
8/19/2022,5:00 PM,86,66,8,29.58,Fair
8/19/2022,5:30 PM,86,66,7,29.58,Fair
8/19/2022,6:00 PM,86,66,8,29.58,Fair
8/19/2022,6:30 PM,84,70,3,29.61,Fair
8/19/2022,7:00 PM,82,74,5,29.61,Fair
8/19/2022,7:30 PM,81,84,2,29.64,Fair
8/19/2022,8:00 PM,81,84,2,29.64,Fair
8/19/2022,8:30 PM,81,84,3,29.67,Fair
8/19/2022,9:00 PM,79,89,0,29.67,Fair
8/19/2022,9:30 PM,79,89,0,29.70,Fair
8/19/2022,10:00 PM,79,89,0,29.70,Fair
8/19/2022,10:30 PM,79,89,0,29.73,Fair
8/19/2022,11:00 PM,79,89,0,29.73,Partly Cloudy
8/19/2022,11:30 PM,79,89,0,29.73,Partly Cloudy
8/20/2022,12:00 AM,77,94,0,29.73,Partly Cloudy
8/20/2022,12:30 AM,77,94,0,29.73,Partly Cloudy
8/20/2022,1:00 AM,77,94,0,29.70,Partly Cloudy
8/20/2022,1:30 AM,77,94,0,29.70,Partly Cloudy
8/20/2022,2:00 AM,77,94,0,29.67,Partly Cloudy
8/20/2022,2:30 AM,77,94,0,29.67,Partly Cloudy
8/20/2022,3:00 AM,77,94,0,29.67,Partly Cloudy
8/20/2022,3:30 AM,75,100,0,29.67,Partly Cloudy
8/20/2022,4:00 AM,75,100,0,29.67,Partly Cloudy
8/20/2022,4:30 AM,75,100,0,29.67,Partly Cloudy
8/20/2022,5:00 AM,75,100,0,29.67,Partly Cloudy
8/20/2022,5:30 AM,75,100,0,29.67,Partly Cloudy
8/20/2022,6:00 AM,75,100,0,29.67,Fair
8/20/2022,6:30 AM,75,100,0,29.67,Fair
8/20/2022,7:00 AM,77,94,0,29.67,Fair
8/20/2022,7:30 AM,79,89,0,29.70,Fair
8/20/2022,8:00 AM,81,84,0,29.70,Fair
8/20/2022,8:30 AM,82,84,0,29.70,Fair
8/20/2022,9:00 AM,84,79,3,29.70,Fair
8/20/2022,9:30 AM,86,70,5,29.73,Fair
8/20/2022,10:00 AM,88,66,5,29.73,Partly Cloudy
8/20/2022,10:30 AM,90,62,3,29.70,Partly Cloudy
8/20/2022,11:00 AM,90,59,9,29.70,Partly Cloudy
8/20/2022,11:30 AM,90,59,9,29.70,Partly Cloudy
8/20/2022,12:00 PM,91,55,12,29.67,Partly Cloudy
8/20/2022,12:30 PM,91,55,13,29.67,Partly Cloudy
8/20/2022,1:00 PM,91,55,13,29.64,Partly Cloudy
8/20/2022,1:30 PM,91,55,10,29.61,Partly Cloudy
8/20/2022,2:00 PM,91,55,10,29.61,Partly Cloudy
8/20/2022,2:30 PM,91,55,12,29.61,Partly Cloudy
8/20/2022,3:00 PM,93,52,13,29.58,Partly Cloudy
8/20/2022,3:30 PM,93,49,14,29.58,Partly Cloudy
8/20/2022,4:00 PM,91,52,12,29.58,Fair
8/20/2022,4:30 PM,90,55,12,29.58,Fair
8/20/2022,5:00 PM,90,55,13,29.58,Fair
8/20/2022,5:30 PM,90,55,9,29.61,Fair
8/20/2022,6:00 PM,88,58,10,29.61,Fair
8/20/2022,6:30 PM,86,62,7,29.61,Fair
8/20/2022,7:00 PM,86,62,7,29.64,Fair
8/20/2022,7:30 PM,84,66,5,29.64,Fair
8/20/2022,8:00 PM,84,66,3,29.64,Fair
8/20/2022,8:30 PM,84,70,5,29.67,Fair
8/20/2022,9:00 PM,82,74,3,29.67,Fair
8/20/2022,9:30 PM,82,74,3,29.70,Fair
8/20/2022,10:00 PM,82,74,3,29.70,Partly Cloudy
8/20/2022,10:30 PM,82,74,2,29.70,Partly Cloudy
8/20/2022,11:00 PM,81,79,0,29.70,Fair
8/20/2022,11:30 PM,81,84,0,29.70,Fair
8/21/2022,12:00 AM,81,84,0,29.70,Fair
8/21/2022,12:30 AM,81,84,0,29.70,Fair
8/21/2022,1:00 AM,79,89,5,29.67,Fair
8/21/2022,1:30 AM,81,84,6,29.67,Fair
8/21/2022,2:00 AM,79,83,0,29.64,Fair
8/21/2022,2:30 AM,79,83,0,29.64,Fair
8/21/2022,3:00 AM,79,78,5,29.64,Fair
8/21/2022,3:30 AM,79,78,5,29.64,Fair
8/21/2022,4:00 AM,77,83,5,29.64,Fair
8/21/2022,4:30 AM,77,83,5,29.64,Fair
8/21/2022,5:00 AM,75,94,2,29.64,Fair
8/21/2022,5:30 AM,75,94,0,29.64,Fair
8/21/2022,6:00 AM,75,94,0,29.64,Fair
8/21/2022,6:30 AM,75,94,5,29.64,Fair
8/21/2022,7:00 AM,77,83,6,29.67,Fair
8/21/2022,7:30 AM,79,83,3,29.67,Fair
8/21/2022,8:00 AM,82,74,5,29.70,Fair
8/21/2022,8:30 AM,82,74,8,29.70,Fair
8/21/2022,9:00 AM,82,79,8,29.73,Partly Cloudy
8/21/2022,9:30 AM,82,79,9,29.70,Mostly Cloudy
8/21/2022,10:00 AM,82,74,12,29.70,Mostly Cloudy
8/21/2022,10:30 AM,86,66,10,29.73,Mostly Cloudy
8/21/2022,11:00 AM,86,66,9,29.70,Showers in the Vicinity
8/21/2022,11:30 AM,79,89,9,29.73,Rain
8/21/2022,12:00 PM,79,83,12,29.73,Light Rain
8/21/2022,12:30 PM,79,83,8,29.70,Mostly Cloudy
8/21/2022,1:00 PM,79,78,7,29.70,Light Rain
8/21/2022,1:30 PM,79,83,6,29.67,Light Rain
8/21/2022,2:00 PM,82,74,8,29.64,Mostly Cloudy
8/21/2022,2:30 PM,82,74,10,29.64,Light Rain
8/21/2022,3:00 PM,84,66,13,29.61,Mostly Cloudy
8/21/2022,3:30 PM,82,70,12,29.61,Mostly Cloudy
8/21/2022,4:00 PM,84,66,12,29.61,Mostly Cloudy
8/21/2022,4:30 PM,84,70,14,29.61,Mostly Cloudy
8/21/2022,5:00 PM,82,66,10,29.61,Mostly Cloudy
8/21/2022,5:30 PM,81,74,10,29.61,Mostly Cloudy
8/21/2022,6:00 PM,81,74,8,29.64,Mostly Cloudy
8/21/2022,6:30 PM,81,74,3,29.64,Mostly Cloudy
8/21/2022,7:00 PM,79,78,5,29.64,Mostly Cloudy
8/21/2022,7:30 PM,81,74,5,29.64,Mostly Cloudy
8/21/2022,8:00 PM,79,78,3,29.67,Mostly Cloudy
8/21/2022,8:30 PM,79,83,0,29.67,Mostly Cloudy
8/21/2022,9:00 PM,79,83,0,29.70,Mostly Cloudy
8/21/2022,9:30 PM,79,78,0,29.70,Mostly Cloudy
8/21/2022,10:00 PM,79,83,0,29.73,Mostly Cloudy
8/21/2022,10:30 PM,77,89,0,29.73,Mostly Cloudy
8/21/2022,11:00 PM,77,89,0,29.73,Mostly Cloudy
8/21/2022,11:30 PM,77,89,0,29.73,Mostly Cloudy
8/22/2022,12:00 AM,79,83,0,29.70,Mostly Cloudy
8/22/2022,12:30 AM,79,83,3,29.70,Mostly Cloudy
8/22/2022,1:00 AM,77,89,5,29.67,Mostly Cloudy
8/22/2022,1:30 AM,77,89,7,29.67,Light Rain
8/22/2022,2:00 AM,77,89,6,29.67,Mostly Cloudy
8/22/2022,2:30 AM,77,89,3,29.67,Mostly Cloudy
8/22/2022,3:00 AM,77,89,0,29.67,Mostly Cloudy
8/22/2022,3:30 AM,77,89,5,29.67,Mostly Cloudy
8/22/2022,4:00 AM,77,89,0,29.67,Mostly Cloudy
8/22/2022,4:30 AM,79,78,0,29.67,Mostly Cloudy
8/22/2022,5:00 AM,79,78,0,29.67,Mostly Cloudy
8/22/2022,5:30 AM,75,89,0,29.67,Mostly Cloudy
8/22/2022,6:00 AM,77,83,3,29.67,Mostly Cloudy
8/22/2022,6:30 AM,77,83,2,29.67,Mostly Cloudy
8/22/2022,7:00 AM,79,78,6,29.67,Mostly Cloudy
8/22/2022,7:30 AM,79,78,7,29.70,Mostly Cloudy
8/22/2022,8:00 AM,81,79,5,29.70,Mostly Cloudy
8/22/2022,8:30 AM,82,74,9,29.73,Mostly Cloudy
8/22/2022,9:00 AM,82,74,12,29.70,Mostly Cloudy
8/22/2022,9:30 AM,84,70,14,29.70,Mostly Cloudy
8/22/2022,10:00 AM,84,70,10,29.70,Mostly Cloudy
8/22/2022,10:30 AM,86,66,8,29.70,Mostly Cloudy
8/22/2022,11:00 AM,86,66,9,29.70,Mostly Cloudy
8/22/2022,11:30 AM,88,58,15,29.70,Mostly Cloudy
8/22/2022,12:00 PM,86,62,13,29.70,Mostly Cloudy
8/22/2022,12:30 PM,86,66,10,29.67,Mostly Cloudy
8/22/2022,1:00 PM,88,58,12,29.64,Mostly Cloudy
8/22/2022,1:30 PM,88,62,9,29.64,Mostly Cloudy
8/22/2022,2:00 PM,88,62,12,29.64,Mostly Cloudy
8/22/2022,2:30 PM,88,62,8,29.61,Mostly Cloudy
8/22/2022,3:00 PM,88,62,9,29.61,Mostly Cloudy
8/22/2022,3:30 PM,88,62,12,29.61,Mostly Cloudy
8/22/2022,4:00 PM,88,62,8,29.61,Mostly Cloudy
8/22/2022,4:30 PM,88,62,10,29.61,Partly Cloudy
8/22/2022,5:00 PM,86,66,10,29.64,Partly Cloudy
8/22/2022,5:30 PM,86,62,8,29.64,Fair
8/22/2022,6:00 PM,84,66,7,29.64,Fair
8/22/2022,6:30 PM,84,70,5,29.64,Fair
8/22/2022,7:00 PM,82,74,5,29.67,Fair
8/22/2022,7:30 PM,82,74,5,29.67,Fair
8/22/2022,8:00 PM,81,79,2,29.67,Fair
8/22/2022,8:30 PM,81,79,0,29.70,Fair
8/22/2022,9:00 PM,79,83,0,29.70,Fair
8/22/2022,9:30 PM,79,83,3,29.73,Partly Cloudy
8/22/2022,10:00 PM,79,83,2,29.73,Partly Cloudy
8/22/2022,10:30 PM,79,83,2,29.73,Partly Cloudy
8/22/2022,11:00 PM,79,83,2,29.76,Mostly Cloudy
8/22/2022,11:30 PM,77,89,0,29.76,Mostly Cloudy
8/23/2022,12:00 AM,77,89,0,29.73,Mostly Cloudy
8/23/2022,12:30 AM,77,89,0,29.73,Mostly Cloudy
8/23/2022,1:00 AM,77,89,0,29.73,Mostly Cloudy
8/23/2022,1:30 AM,79,83,2,29.70,Partly Cloudy
8/23/2022,2:00 AM,77,89,2,29.70,Partly Cloudy
8/23/2022,2:30 AM,77,89,0,29.70,Partly Cloudy
8/23/2022,3:00 AM,77,89,0,29.67,Partly Cloudy
8/23/2022,3:30 AM,75,94,3,29.67,Partly Cloudy
8/23/2022,4:00 AM,75,94,2,29.67,Fair
8/23/2022,4:30 AM,75,94,3,29.67,Fair
8/23/2022,5:00 AM,75,94,2,29.67,Fair
8/23/2022,5:30 AM,75,94,0,29.67,Fair
8/23/2022,6:00 AM,75,94,0,29.67,Fair
8/23/2022,6:30 AM,75,94,0,29.67,Fair
8/23/2022,7:00 AM,75,94,0,29.70,Fair
8/23/2022,7:30 AM,77,89,0,29.70,Fair
8/23/2022,8:00 AM,77,89,0,29.70,Fair
8/23/2022,8:30 AM,79,89,0,29.73,Partly Cloudy
8/23/2022,9:00 AM,82,79,0,29.73,Partly Cloudy
8/23/2022,9:30 AM,84,74,2,29.73,Mostly Cloudy
8/23/2022,10:00 AM,86,70,3,29.73,Mostly Cloudy
8/23/2022,10:30 AM,86,70,3,29.73,Mostly Cloudy
8/23/2022,11:00 AM,88,66,5,29.73,Mostly Cloudy
8/23/2022,11:30 AM,88,66,5,29.73,Showers in the Vicinity
8/23/2022,12:00 PM,86,66,9,29.70,Showers in the Vicinity
8/23/2022,12:30 PM,84,70,7,29.70,Showers in the Vicinity
8/23/2022,1:00 PM,86,70,6,29.67,Light Rain
8/23/2022,1:30 PM,88,66,5,29.64,Showers in the Vicinity
8/23/2022,2:00 PM,90,62,7,29.64,Showers in the Vicinity
8/23/2022,2:30 PM,86,66,13,29.64,Showers in the Vicinity
8/23/2022,3:00 PM,82,70,13,29.61,Showers in the Vicinity
8/23/2022,3:30 PM,84,70,3,29.64,Showers in the Vicinity
8/23/2022,4:00 PM,82,74,6,29.61,Light Rain
8/23/2022,4:30 PM,82,84,3,29.64,Mostly Cloudy
8/23/2022,5:00 PM,82,84,2,29.64,Mostly Cloudy
8/23/2022,5:30 PM,82,70,10,29.64,Showers in the Vicinity
8/23/2022,6:00 PM,81,74,8,29.64,Mostly Cloudy
8/23/2022,6:30 PM,79,78,5,29.67,Mostly Cloudy
8/23/2022,7:00 PM,79,78,6,29.67,Mostly Cloudy
8/23/2022,7:30 PM,79,83,5,29.67,Mostly Cloudy
8/23/2022,8:00 PM,79,83,2,29.67,Mostly Cloudy
8/23/2022,8:30 PM,77,89,5,29.70,Mostly Cloudy
8/23/2022,9:00 PM,77,89,3,29.70,Mostly Cloudy
8/23/2022,9:30 PM,77,89,3,29.73,Mostly Cloudy
8/23/2022,10:00 PM,79,83,5,29.73,Mostly Cloudy
8/23/2022,10:30 PM,77,89,5,29.73,Mostly Cloudy
8/23/2022,11:00 PM,77,89,5,29.73,Mostly Cloudy
8/23/2022,11:30 PM,77,89,3,29.73,Mostly Cloudy
8/24/2022,12:00 AM,77,94,3,29.73,Mostly Cloudy
8/24/2022,12:30 AM,77,94,0,29.70,Mostly Cloudy
8/24/2022,1:00 AM,77,94,2,29.70,Mostly Cloudy
8/24/2022,1:30 AM,75,100,0,29.70,Mostly Cloudy
8/24/2022,2:00 AM,75,100,0,29.70,Mostly Cloudy
8/24/2022,2:30 AM,77,89,3,29.67,Mostly Cloudy
8/24/2022,3:00 AM,75,94,0,29.67,Mostly Cloudy
8/24/2022,3:30 AM,75,94,0,29.67,Mostly Cloudy
8/24/2022,4:00 AM,77,89,3,29.67,Mostly Cloudy
8/24/2022,4:30 AM,77,89,2,29.67,Mostly Cloudy
8/24/2022,5:00 AM,75,94,0,29.67,Mostly Cloudy
8/24/2022,5:30 AM,75,94,2,29.67,Mostly Cloudy
8/24/2022,6:00 AM,75,94,0,29.70,Mostly Cloudy
8/24/2022,6:30 AM,75,94,0,29.70,Mostly Cloudy
8/24/2022,7:00 AM,75,94,0,29.70,Mostly Cloudy
8/24/2022,7:30 AM,77,94,0,29.70,Mostly Cloudy
8/24/2022,8:00 AM,81,84,5,29.70,Mostly Cloudy
8/24/2022,8:30 AM,82,79,8,29.70,Mostly Cloudy
8/24/2022,9:00 AM,84,74,9,29.70,Fair
8/24/2022,9:30 AM,84,74,8,29.70,Fair
8/24/2022,10:00 AM,86,70,7,29.70,Fair
8/24/2022,10:30 AM,88,62,7,29.70,Fair
8/24/2022,11:00 AM,88,62,12,29.70,Partly Cloudy
8/24/2022,11:30 AM,90,59,12,29.67,Partly Cloudy
8/24/2022,12:00 PM,90,59,10,29.67,Fair
8/24/2022,12:30 PM,90,59,10,29.64,Fair
8/24/2022,1:00 PM,90,59,10,29.64,Fair
8/24/2022,1:30 PM,91,59,12,29.61,Partly Cloudy
8/24/2022,2:00 PM,91,55,10,29.61,Partly Cloudy
8/24/2022,2:30 PM,91,59,10,29.58,Partly Cloudy
8/24/2022,3:00 PM,90,62,14,29.58,Showers in the Vicinity
8/24/2022,3:30 PM,90,62,13,29.55,Partly Cloudy
8/24/2022,4:00 PM,90,62,12,29.55,Partly Cloudy
8/24/2022,4:30 PM,88,62,12,29.55,Partly Cloudy
8/24/2022,5:00 PM,88,66,12,29.55,Partly Cloudy
8/24/2022,5:30 PM,86,70,9,29.55,Mostly Cloudy
8/24/2022,6:00 PM,86,66,10,29.58,Showers in the Vicinity
8/24/2022,6:30 PM,84,70,8,29.61,Mostly Cloudy
8/24/2022,7:00 PM,82,74,7,29.58,Partly Cloudy
8/24/2022,7:30 PM,82,74,7,29.61,Partly Cloudy
8/24/2022,8:00 PM,81,79,6,29.64,Fair
8/24/2022,8:30 PM,81,74,7,29.64,Partly Cloudy
8/24/2022,9:00 PM,81,79,6,29.64,Partly Cloudy
8/24/2022,9:30 PM,81,79,5,29.64,Partly Cloudy
8/24/2022,10:00 PM,79,83,6,29.67,Mostly Cloudy
8/24/2022,10:30 PM,79,89,5,29.67,Mostly Cloudy
8/24/2022,11:00 PM,79,89,3,29.67,Partly Cloudy
8/24/2022,11:30 PM,79,89,6,29.67,Mostly Cloudy
8/25/2022,12:00 AM,79,89,3,29.67,Partly Cloudy
8/25/2022,12:30 AM,79,89,3,29.67,Mostly Cloudy
8/25/2022,1:00 AM,79,89,5,29.64,Mostly Cloudy
8/25/2022,1:30 AM,79,89,0,29.64,Mostly Cloudy
8/25/2022,2:00 AM,77,94,2,29.64,Partly Cloudy
8/25/2022,2:30 AM,77,94,0,29.61,Partly Cloudy
8/25/2022,3:00 AM,77,94,0,29.64,Partly Cloudy
8/25/2022,3:30 AM,77,94,0,29.61,Mostly Cloudy
8/25/2022,4:00 AM,77,94,0,29.61,Mostly Cloudy
8/25/2022,4:30 AM,77,94,0,29.61,Mostly Cloudy
8/25/2022,5:00 AM,77,94,5,29.61,Mostly Cloudy
8/25/2022,5:30 AM,79,83,5,29.61,Partly Cloudy
8/25/2022,6:00 AM,77,89,0,29.61,Mostly Cloudy
8/25/2022,6:30 AM,77,94,5,29.64,Mostly Cloudy
8/25/2022,7:00 AM,77,94,5,29.64,Mostly Cloudy
8/25/2022,7:30 AM,79,83,2,29.67,Partly Cloudy
8/25/2022,8:00 AM,81,79,5,29.67,Partly Cloudy
8/25/2022,8:30 AM,82,74,6,29.67,Partly Cloudy
8/25/2022,9:00 AM,82,79,6,29.67,Partly Cloudy
8/25/2022,9:30 AM,86,70,6,29.67,Partly Cloudy
8/25/2022,10:00 AM,86,70,6,29.64,Partly Cloudy
8/25/2022,10:30 AM,86,70,6,29.64,Partly Cloudy
8/25/2022,11:00 AM,88,66,3,29.64,Partly Cloudy
8/25/2022,11:30 AM,90,62,6,29.64,Mostly Cloudy
8/25/2022,12:00 PM,88,66,6,29.64,Mostly Cloudy
8/25/2022,12:30 PM,88,62,7,29.64,Mostly Cloudy
8/25/2022,1:00 PM,91,55,10,29.61,Showers in the Vicinity
8/25/2022,1:30 PM,90,59,12,29.61,Mostly Cloudy
8/25/2022,2:00 PM,90,59,13,29.58,Mostly Cloudy
8/25/2022,2:30 PM,90,55,10,29.58,Mostly Cloudy
8/25/2022,3:00 PM,90,59,10,29.58,Mostly Cloudy
8/25/2022,3:30 PM,90,55,10,29.58,Mostly Cloudy
8/25/2022,4:00 PM,90,59,12,29.55,Mostly Cloudy
8/25/2022,4:30 PM,90,59,12,29.55,Partly Cloudy
8/25/2022,5:00 PM,88,62,9,29.55,Partly Cloudy
8/25/2022,5:30 PM,88,62,8,29.58,Partly Cloudy
8/25/2022,6:00 PM,86,70,3,29.58,Partly Cloudy
8/25/2022,6:30 PM,86,70,5,29.61,Partly Cloudy
8/25/2022,7:00 PM,84,74,5,29.61,Fair
8/25/2022,7:30 PM,84,74,3,29.64,Fair
8/25/2022,8:00 PM,82,79,0,29.64,Fair
8/25/2022,8:30 PM,82,79,0,29.64,Fair
8/25/2022,9:00 PM,82,79,0,29.67,Mostly Cloudy
8/25/2022,9:30 PM,81,84,0,29.67,Mostly Cloudy
8/25/2022,10:00 PM,81,84,0,29.67,Partly Cloudy
8/25/2022,10:30 PM,81,84,0,29.67,Partly Cloudy
8/25/2022,11:00 PM,81,84,0,29.67,Partly Cloudy
8/25/2022,11:30 PM,81,84,0,29.64,Fair
8/26/2022,12:00 AM,79,89,0,29.67,Fair
8/26/2022,12:30 AM,79,94,2,29.64,Fair
8/26/2022,1:00 AM,79,89,2,29.64,Fair
8/26/2022,1:30 AM,79,89,0,29.64,Fair
8/26/2022,2:00 AM,79,89,0,29.61,Fair
8/26/2022,2:30 AM,79,89,0,29.61,Fair
8/26/2022,3:00 AM,79,83,2,29.61,Partly Cloudy
8/26/2022,3:30 AM,79,89,0,29.61,Partly Cloudy
8/26/2022,4:00 AM,79,89,5,29.61,Mostly Cloudy
8/26/2022,4:30 AM,77,94,7,29.61,Mostly Cloudy
8/26/2022,5:00 AM,77,89,5,29.61,Mostly Cloudy
8/26/2022,5:30 AM,77,89,5,29.64,Mostly Cloudy
8/26/2022,6:00 AM,77,89,5,29.64,Mostly Cloudy
8/26/2022,6:30 AM,77,89,5,29.64,Mostly Cloudy
8/26/2022,7:00 AM,77,89,2,29.67,Mostly Cloudy
8/26/2022,7:30 AM,77,89,3,29.67,Mostly Cloudy
8/26/2022,8:00 AM,77,89,3,29.70,Mostly Cloudy
8/26/2022,8:30 AM,79,89,3,29.70,Mostly Cloudy
8/26/2022,9:00 AM,79,89,5,29.70,Mostly Cloudy
8/26/2022,9:30 AM,81,84,5,29.70,Mostly Cloudy
8/26/2022,10:00 AM,84,74,6,29.70,Mostly Cloudy
8/26/2022,10:30 AM,86,70,5,29.70,Mostly Cloudy
8/26/2022,11:00 AM,86,66,8,29.67,Mostly Cloudy
8/26/2022,11:30 AM,86,70,8,29.67,Mostly Cloudy
8/26/2022,12:00 PM,88,66,9,29.67,Mostly Cloudy
8/26/2022,12:30 PM,88,62,12,29.64,Mostly Cloudy
8/26/2022,1:00 PM,90,55,13,29.64,Mostly Cloudy
8/26/2022,1:30 PM,90,59,10,29.64,Mostly Cloudy
8/26/2022,2:00 PM,88,62,9,29.61,Mostly Cloudy
8/26/2022,2:30 PM,88,62,9,29.61,Mostly Cloudy
8/26/2022,3:00 PM,90,62,8,29.61,Mostly Cloudy
8/26/2022,3:30 PM,90,59,6,29.58,Mostly Cloudy
8/26/2022,4:00 PM,90,59,7,29.58,Partly Cloudy
8/26/2022,4:30 PM,90,59,7,29.61,Partly Cloudy
8/26/2022,5:00 PM,88,62,6,29.61,Partly Cloudy
8/26/2022,5:30 PM,88,62,7,29.61,Partly Cloudy
8/26/2022,6:00 PM,86,66,2,29.61,Partly Cloudy
8/26/2022,6:30 PM,86,66,2,29.64,Partly Cloudy
8/26/2022,7:00 PM,84,70,0,29.64,Partly Cloudy
8/26/2022,7:30 PM,82,79,0,29.67,Fair
8/26/2022,8:00 PM,82,79,0,29.67,Fair
8/26/2022,8:30 PM,82,79,0,29.67,Fair
8/26/2022,9:00 PM,82,74,0,29.70,Fair
8/26/2022,9:30 PM,81,84,0,29.70,Fair
8/26/2022,10:00 PM,81,79,0,29.73,Partly Cloudy
8/26/2022,10:30 PM,81,84,0,29.73,Partly Cloudy
8/26/2022,11:00 PM,79,83,0,29.73,Partly Cloudy
8/26/2022,11:30 PM,81,84,0,29.73,Partly Cloudy
8/27/2022,12:00 AM,81,79,2,29.73,Mostly Cloudy
8/27/2022,12:30 AM,79,89,0,29.73,Mostly Cloudy
8/27/2022,1:00 AM,79,89,0,29.70,Mostly Cloudy
8/27/2022,1:30 AM,79,89,0,29.70,Mostly Cloudy
8/27/2022,2:00 AM,79,89,0,29.67,Light Rain
8/27/2022,2:30 AM,79,89,0,29.67,Light Rain
8/27/2022,3:00 AM,79,94,0,29.67,Light Rain
8/27/2022,3:30 AM,77,100,2,29.67,Light Rain
8/27/2022,4:00 AM,77,100,0,29.64,Mostly Cloudy
8/27/2022,4:30 AM,77,100,0,29.64,Light Rain
8/27/2022,5:00 AM,77,100,0,29.64,Light Rain
8/27/2022,5:30 AM,77,100,0,29.67,Mostly Cloudy
8/27/2022,6:00 AM,77,100,0,29.67,Mostly Cloudy
8/27/2022,6:30 AM,77,100,0,29.67,Mostly Cloudy
8/27/2022,7:00 AM,77,100,0,29.67,Mostly Cloudy
8/27/2022,7:30 AM,77,94,0,29.70,Mostly Cloudy
8/27/2022,8:00 AM,79,94,2,29.70,Mostly Cloudy
8/27/2022,8:30 AM,81,89,0,29.73,Mostly Cloudy
8/27/2022,9:00 AM,81,89,0,29.73,Mostly Cloudy
8/27/2022,9:30 AM,84,79,0,29.73,Mostly Cloudy
8/27/2022,10:00 AM,84,79,3,29.70,Mostly Cloudy
8/27/2022,10:30 AM,86,70,3,29.70,Partly Cloudy
8/27/2022,11:00 AM,88,66,5,29.70,Partly Cloudy
8/27/2022,11:30 AM,88,66,5,29.67,Partly Cloudy
8/27/2022,12:00 PM,90,62,3,29.67,Partly Cloudy
8/27/2022,12:30 PM,91,59,5,29.67,Partly Cloudy
8/27/2022,1:00 PM,91,59,3,29.64,Partly Cloudy
8/27/2022,1:30 PM,91,59,3,29.64,Partly Cloudy
8/27/2022,2:00 PM,91,59,3,29.61,Showers in the Vicinity
8/27/2022,2:30 PM,90,62,5,29.61,Showers in the Vicinity
8/27/2022,3:00 PM,79,94,22,29.61,Heavy T-Storm / Windy
8/27/2022,3:30 PM,77,94,6,29.61,Light Rain with Thunder
8/27/2022,4:00 PM,79,89,10,29.58,Light Rain
8/27/2022,4:30 PM,77,94,7,29.61,Mostly Cloudy
8/27/2022,5:00 PM,77,94,3,29.61,Light Rain
8/27/2022,5:30 PM,79,94,5,29.61,Mostly Cloudy
8/27/2022,6:00 PM,77,89,5,29.64,Light Rain
8/27/2022,6:30 PM,75,94,0,29.64,Light Rain
8/27/2022,7:00 PM,75,100,5,29.67,Light Rain
8/27/2022,7:30 PM,75,100,6,29.67,Rain
8/27/2022,8:00 PM,75,100,6,29.70,T-Storm
8/27/2022,8:30 PM,75,100,3,29.70,Light Rain
8/27/2022,9:00 PM,75,94,0,29.70,Light Rain
8/27/2022,9:30 PM,75,100,0,29.73,Light Rain
8/27/2022,10:00 PM,75,94,0,29.76,Light Rain
8/27/2022,10:30 PM,75,94,0,29.76,Mostly Cloudy
8/27/2022,11:00 PM,75,100,0,29.76,Light Rain
8/27/2022,11:30 PM,75,100,3,29.76,Light Rain
8/28/2022,12:00 AM,75,94,5,29.76,Mostly Cloudy
8/28/2022,12:30 AM,75,94,3,29.73,Light Rain
8/28/2022,1:00 AM,73,100,3,29.73,Light Rain
8/28/2022,1:30 AM,73,100,0,29.70,Light Rain
8/28/2022,2:00 AM,73,100,0,29.70,Mostly Cloudy
8/28/2022,2:30 AM,73,100,0,29.70,Mostly Cloudy
8/28/2022,3:00 AM,73,100,0,29.67,Mostly Cloudy
8/28/2022,3:30 AM,73,100,0,29.67,Mostly Cloudy
8/28/2022,4:00 AM,73,100,0,29.67,Mostly Cloudy
8/28/2022,4:30 AM,73,100,0,29.67,Mostly Cloudy
8/28/2022,5:00 AM,73,100,0,29.67,Mostly Cloudy
8/28/2022,5:30 AM,73,100,0,29.67,Partly Cloudy
8/28/2022,6:00 AM,73,100,3,29.70,Partly Cloudy
8/28/2022,6:30 AM,73,100,0,29.67,Partly Cloudy
8/28/2022,7:00 AM,75,100,0,29.70,Partly Cloudy
8/28/2022,7:30 AM,77,89,0,29.70,Partly Cloudy
8/28/2022,8:00 AM,77,94,3,29.70,Partly Cloudy
8/28/2022,8:30 AM,79,89,3,29.73,Mostly Cloudy
8/28/2022,9:00 AM,81,84,3,29.73,Partly Cloudy
8/28/2022,9:30 AM,82,79,5,29.70,Partly Cloudy
8/28/2022,10:00 AM,84,74,5,29.70,Partly Cloudy
8/28/2022,10:30 AM,84,74,3,29.70,Mostly Cloudy
8/28/2022,11:00 AM,86,70,5,29.70,Mostly Cloudy
8/28/2022,11:30 AM,88,66,5,29.70,Mostly Cloudy
8/28/2022,12:00 PM,88,66,5,29.67,Mostly Cloudy
8/28/2022,12:30 PM,88,62,6,29.67,Mostly Cloudy
8/28/2022,1:00 PM,90,59,7,29.64,Mostly Cloudy
8/28/2022,1:30 PM,90,59,7,29.64,Showers in the Vicinity
8/28/2022,2:00 PM,84,74,8,29.61,Light Rain
8/28/2022,2:30 PM,82,79,8,29.61,Mostly Cloudy
8/28/2022,3:00 PM,82,74,8,29.58,Showers in the Vicinity
8/28/2022,3:30 PM,84,74,8,29.58,Showers in the Vicinity
8/28/2022,4:00 PM,86,74,8,29.58,Partly Cloudy
8/28/2022,4:30 PM,86,66,9,29.58,Mostly Cloudy
8/28/2022,5:00 PM,86,66,3,29.58,Showers in the Vicinity
8/28/2022,5:30 PM,81,89,5,29.58,Light Rain
8/28/2022,6:00 PM,82,84,0,29.58,Partly Cloudy
8/28/2022,6:30 PM,82,84,0,29.58,Fair
8/28/2022,7:00 PM,81,89,0,29.58,Partly Cloudy
8/28/2022,7:30 PM,81,89,0,29.61,Partly Cloudy
8/28/2022,8:00 PM,81,89,0,29.61,Partly Cloudy
8/28/2022,8:30 PM,81,94,0,29.61,Mostly Cloudy
8/28/2022,9:00 PM,81,89,0,29.64,Mostly Cloudy
8/28/2022,9:30 PM,81,89,1,29.67,Mostly Cloudy
8/28/2022,10:00 PM,81,89,0,29.67,Mostly Cloudy
8/28/2022,10:30 PM,81,89,0,29.70,Mostly Cloudy
8/28/2022,11:00 PM,79,94,0,29.70,Mostly Cloudy
8/28/2022,11:30 PM,79,94,0,29.70,Mostly Cloudy
8/29/2022,12:00 AM,79,94,0,29.67,Mostly Cloudy
8/29/2022,12:30 AM,79,94,3,29.67,Partly Cloudy
8/29/2022,1:00 AM,79,94,0,29.67,Mostly Cloudy
8/29/2022,1:30 AM,77,100,3,29.67,Mostly Cloudy
8/29/2022,2:00 AM,77,100,0,29.64,Mostly Cloudy
8/29/2022,2:30 AM,77,94,0,29.64,Partly Cloudy
8/29/2022,3:00 AM,77,94,0,29.64,Fair
8/29/2022,3:30 AM,77,100,0,29.61,Fair
8/29/2022,4:00 AM,77,100,0,29.61,Fair
8/29/2022,4:30 AM,77,100,0,29.61,Partly Cloudy
8/29/2022,5:00 AM,77,94,2,29.61,Partly Cloudy
8/29/2022,5:30 AM,77,94,3,29.61,Fair
8/29/2022,6:00 AM,77,94,2,29.64,Fair
8/29/2022,6:30 AM,77,94,0,29.64,Mostly Cloudy
8/29/2022,7:00 AM,77,94,1,29.64,Mostly Cloudy
8/29/2022,7:30 AM,77,94,3,29.67,Mostly Cloudy
8/29/2022,8:00 AM,77,94,0,29.67,Mostly Cloudy
8/29/2022,8:30 AM,79,89,0,29.70,Mostly Cloudy
8/29/2022,9:00 AM,79,89,5,29.70,Mostly Cloudy
8/29/2022,9:30 AM,81,84,6,29.70,Mostly Cloudy
8/29/2022,10:00 AM,81,84,5,29.70,Mostly Cloudy
8/29/2022,10:30 AM,82,79,5,29.70,Mostly Cloudy
8/29/2022,11:00 AM,82,79,5,29.73,Mostly Cloudy
8/29/2022,11:30 AM,84,79,0,29.70,Mostly Cloudy
8/29/2022,12:00 PM,84,79,0,29.70,Mostly Cloudy
8/29/2022,12:30 PM,84,79,2,29.70,Mostly Cloudy
8/29/2022,1:00 PM,86,70,2,29.70,Mostly Cloudy
8/29/2022,1:30 PM,84,74,2,29.67,Mostly Cloudy
8/29/2022,2:00 PM,84,79,3,29.67,Mostly Cloudy
8/29/2022,2:30 PM,84,79,5,29.64,Mostly Cloudy
8/29/2022,3:00 PM,84,79,2,29.64,Showers in the Vicinity
8/29/2022,3:30 PM,86,74,3,29.64,Showers in the Vicinity
8/29/2022,4:00 PM,86,74,5,29.64,Mostly Cloudy
8/29/2022,4:30 PM,84,79,3,29.64,Mostly Cloudy
8/29/2022,5:00 PM,82,79,5,29.61,Mostly Cloudy
8/29/2022,5:30 PM,82,79,3,29.64,Mostly Cloudy
8/29/2022,6:00 PM,82,79,3,29.64,Mostly Cloudy
8/29/2022,6:30 PM,82,84,3,29.64,Mostly Cloudy
8/29/2022,7:00 PM,81,89,2,29.64,Mostly Cloudy
8/29/2022,7:30 PM,81,89,2,29.67,Light Rain
8/29/2022,8:00 PM,81,89,0,29.67,Mostly Cloudy
8/29/2022,8:30 PM,79,94,0,29.67,Mostly Cloudy
8/29/2022,9:00 PM,79,94,0,29.70,Mostly Cloudy
8/29/2022,9:30 PM,79,94,3,29.73,Mostly Cloudy
8/29/2022,10:00 PM,79,89,0,29.73,Mostly Cloudy
8/29/2022,10:30 PM,79,94,0,29.73,Mostly Cloudy
8/29/2022,11:00 PM,79,94,3,29.73,Mostly Cloudy
8/29/2022,11:30 PM,79,94,0,29.73,Mostly Cloudy
8/30/2022,12:00 AM,79,94,0,29.73,Mostly Cloudy
8/30/2022,12:30 AM,77,100,0,29.70,Mostly Cloudy
8/30/2022,1:00 AM,77,100,0,29.70,Mostly Cloudy
8/30/2022,1:30 AM,77,100,0,29.70,Partly Cloudy
8/30/2022,2:00 AM,77,94,0,29.67,Fair
8/30/2022,2:30 AM,77,94,0,29.67,Fair
8/30/2022,3:00 AM,77,94,3,29.67,Fair
8/30/2022,3:30 AM,77,94,3,29.67,Partly Cloudy
8/30/2022,4:00 AM,77,94,3,29.67,Partly Cloudy
8/30/2022,4:30 AM,77,94,2,29.67,Mostly Cloudy
8/30/2022,5:00 AM,75,100,0,29.64,Partly Cloudy
8/30/2022,5:30 AM,75,100,0,29.67,Partly Cloudy
8/30/2022,6:00 AM,75,100,0,29.67,Partly Cloudy
8/30/2022,6:30 AM,75,100,0,29.67,Partly Cloudy
8/30/2022,7:00 AM,75,100,0,29.70,Partly Cloudy
8/30/2022,7:30 AM,77,100,0,29.70,Partly Cloudy
8/30/2022,8:00 AM,79,89,0,29.70,Partly Cloudy
8/30/2022,8:30 AM,82,84,0,29.70,Partly Cloudy
8/30/2022,9:00 AM,84,79,0,29.73,Fair
8/30/2022,9:30 AM,84,79,3,29.73,Partly Cloudy
8/30/2022,10:00 AM,84,74,5,29.73,Partly Cloudy
8/30/2022,10:30 AM,86,70,5,29.73,Mostly Cloudy
8/30/2022,11:00 AM,86,70,3,29.73,Mostly Cloudy
8/30/2022,11:30 AM,86,70,3,29.70,Mostly Cloudy
8/30/2022,12:00 PM,88,66,5,29.70,Mostly Cloudy
8/30/2022,12:30 PM,88,66,5,29.67,Mostly Cloudy
8/30/2022,1:00 PM,90,70,3,29.67,Mostly Cloudy
8/30/2022,1:30 PM,90,66,5,29.64,Mostly Cloudy
8/30/2022,2:00 PM,86,74,9,29.64,Showers in the Vicinity
8/30/2022,2:30 PM,86,74,7,29.64,Partly Cloudy
8/30/2022,3:00 PM,88,70,7,29.61,Partly Cloudy
8/30/2022,3:30 PM,88,75,8,29.61,Mostly Cloudy
8/30/2022,4:00 PM,88,70,7,29.61,Showers in the Vicinity
8/30/2022,4:30 PM,88,70,5,29.61,Fair
8/30/2022,5:00 PM,86,74,6,29.61,Partly Cloudy
8/30/2022,5:30 PM,86,74,6,29.61,Partly Cloudy
8/30/2022,6:00 PM,84,79,5,29.61,Fair
8/30/2022,6:30 PM,84,74,5,29.61,Fair
8/30/2022,7:00 PM,82,79,0,29.64,Fair
8/30/2022,7:30 PM,82,79,0,29.64,Fair
8/30/2022,8:00 PM,82,79,3,29.67,Fair
8/30/2022,8:30 PM,81,84,2,29.67,Fair
8/30/2022,9:00 PM,81,89,0,29.70,Fair
8/30/2022,9:30 PM,81,89,0,29.70,Fair
8/30/2022,10:00 PM,81,89,0,29.73,Partly Cloudy
8/30/2022,10:30 PM,81,89,0,29.73,Partly Cloudy
8/30/2022,11:00 PM,79,94,0,29.73,Partly Cloudy
8/30/2022,11:30 PM,79,94,0,29.73,Fair
8/31/2022,12:00 AM,79,94,0,29.73,Partly Cloudy
8/31/2022,12:30 AM,79,94,0,29.70,Partly Cloudy
8/31/2022,1:00 AM,79,94,0,29.70,Partly Cloudy
8/31/2022,1:30 AM,79,94,0,29.70,Partly Cloudy
8/31/2022,2:00 AM,77,100,0,29.70,Partly Cloudy
8/31/2022,2:30 AM,77,100,0,29.67,Fair
8/31/2022,3:00 AM,77,100,0,29.67,Fair
8/31/2022,3:30 AM,77,100,0,29.67,Fair
8/31/2022,4:00 AM,77,100,0,29.64,Fair
8/31/2022,4:30 AM,77,94,0,29.64,Fair
8/31/2022,5:00 AM,77,94,0,29.64,Cloudy
8/31/2022,5:30 AM,75,100,0,29.67,Partly Cloudy
8/31/2022,6:00 AM,77,100,0,29.67,Fog
8/31/2022,6:30 AM,75,100,0,29.67,Fog
8/31/2022,7:00 AM,77,100,0,29.67,Fog
8/31/2022,7:30 AM,77,100,0,29.67,Fog
8/31/2022,8:00 AM,77,100,0,29.70,Fog
8/31/2022,8:30 AM,81,89,0,29.70,Fog
8/31/2022,9:00 AM,82,84,3,29.70,Mostly Cloudy
8/31/2022,9:30 AM,84,79,0,29.70,Mostly Cloudy
8/31/2022,10:00 AM,86,74,2,29.70,Mostly Cloudy
8/31/2022,10:30 AM,86,70,6,29.70,Mostly Cloudy
8/31/2022,11:00 AM,90,66,5,29.70,Mostly Cloudy
8/31/2022,11:30 AM,88,66,6,29.67,Mostly Cloudy
8/31/2022,12:00 PM,88,62,3,29.67,Mostly Cloudy
8/31/2022,12:30 PM,90,62,6,29.64,Mostly Cloudy
8/31/2022,1:00 PM,90,62,5,29.64,Mostly Cloudy
8/31/2022,1:30 PM,91,63,5,29.61,Mostly Cloudy
8/31/2022,2:00 PM,91,59,2,29.58,Mostly Cloudy
8/31/2022,2:30 PM,91,59,3,29.58,Mostly Cloudy
8/31/2022,3:00 PM,90,66,8,29.58,Mostly Cloudy
8/31/2022,3:30 PM,88,70,7,29.58,Mostly Cloudy
8/31/2022,4:00 PM,88,70,7,29.55,Mostly Cloudy
8/31/2022,4:30 PM,88,70,9,29.55,Showers in the Vicinity
8/31/2022,5:00 PM,82,74,13,29.58,Light Rain with Thunder
8/31/2022,5:30 PM,75,89,7,29.58,Light Rain with Thunder
8/31/2022,6:00 PM,75,94,5,29.58,Light Rain with Thunder
8/31/2022,6:30 PM,75,94,2,29.58,Mostly Cloudy
8/31/2022,7:00 PM,75,94,3,29.61,Mostly Cloudy
8/31/2022,7:30 PM,75,100,3,29.64,Mostly Cloudy
8/31/2022,8:00 PM,77,94,0,29.64,Partly Cloudy
8/31/2022,8:30 PM,75,100,3,29.67,Partly Cloudy
8/31/2022,9:00 PM,75,94,3,29.67,Mostly Cloudy
8/31/2022,9:30 PM,75,94,3,29.67,Partly Cloudy
8/31/2022,10:00 PM,75,94,2,29.70,Partly Cloudy
8/31/2022,10:30 PM,75,94,0,29.70,Partly Cloudy
8/31/2022,11:00 PM,75,94,0,29.70,Partly Cloudy
8/31/2022,11:30 PM,75,94,2,29.70,Partly Cloudy
9/1/2022,12:00 AM,75,94,2,29.70,Fair
9/1/2022,12:30 AM,75,94,0,29.70,Fair
9/1/2022,1:00 AM,75,94,0,29.67,Fair
9/1/2022,1:30 AM,75,94,0,29.67,Fair
9/1/2022,2:00 AM,75,100,0,29.67,Fair
9/1/2022,2:30 AM,75,100,0,29.67,Fair
9/1/2022,3:00 AM,75,100,0,29.67,Fair
9/1/2022,3:30 AM,75,100,0,29.64,Fair
9/1/2022,4:00 AM,75,94,0,29.64,Fair
9/1/2022,4:30 AM,75,94,0,29.64,Fair
9/1/2022,5:00 AM,75,100,0,29.67,Fair
9/1/2022,5:30 AM,75,100,0,29.67,Fair
9/1/2022,6:00 AM,75,100,0,29.67,Fair
9/1/2022,6:30 AM,75,94,0,29.67,Fair
9/1/2022,7:00 AM,75,100,0,29.70,Partly Cloudy
9/1/2022,7:30 AM,77,94,0,29.70,Partly Cloudy
9/1/2022,8:00 AM,79,89,0,29.73,Fair
9/1/2022,8:30 AM,82,84,2,29.73,Fair
9/1/2022,9:00 AM,84,79,2,29.73,Fair
9/1/2022,9:30 AM,86,74,3,29.73,Fair
9/1/2022,10:00 AM,88,70,3,29.73,Fair
9/1/2022,10:30 AM,88,66,2,29.73,Fair
9/1/2022,11:00 AM,90,62,3,29.70,Fair
9/1/2022,11:30 AM,91,59,3,29.70,Fair
9/1/2022,12:00 PM,90,62,3,29.67,Partly Cloudy
9/1/2022,12:30 PM,91,63,2,29.67,Partly Cloudy
9/1/2022,1:00 PM,88,66,13,29.64,Showers in the Vicinity
9/1/2022,1:30 PM,88,66,12,29.64,Light Rain with Thunder
9/1/2022,2:00 PM,79,94,6,29.64,Light Rain with Thunder
9/1/2022,2:30 PM,81,89,5,29.64,Partly Cloudy
9/1/2022,3:00 PM,79,94,5,29.64,Light Rain with Thunder
9/1/2022,3:30 PM,79,94,7,29.64,Light Rain with Thunder
9/1/2022,4:00 PM,77,94,6,29.61,Light Rain with Thunder
9/1/2022,4:30 PM,79,89,5,29.61,Mostly Cloudy
9/1/2022,5:00 PM,81,84,2,29.58,Mostly Cloudy
9/1/2022,5:30 PM,81,84,3,29.61,Mostly Cloudy
9/1/2022,6:00 PM,79,89,5,29.64,Mostly Cloudy
9/1/2022,6:30 PM,77,94,2,29.64,Mostly Cloudy
9/1/2022,7:00 PM,77,94,2,29.67,Mostly Cloudy
9/1/2022,7:30 PM,77,94,3,29.67,Mostly Cloudy
9/1/2022,8:00 PM,77,94,2,29.70,Mostly Cloudy
9/1/2022,8:30 PM,77,94,0,29.70,Mostly Cloudy
9/1/2022,9:00 PM,77,94,0,29.70,Partly Cloudy
9/1/2022,9:30 PM,77,94,0,29.70,Partly Cloudy
9/1/2022,10:00 PM,77,94,0,29.73,Partly Cloudy
9/1/2022,10:30 PM,77,94,0,29.73,Partly Cloudy
9/1/2022,11:00 PM,75,100,2,29.73,Partly Cloudy
9/1/2022,11:30 PM,77,94,0,29.73,Partly Cloudy
9/2/2022,12:00 AM,75,100,0,29.73,Partly Cloudy
9/2/2022,12:30 AM,75,100,0,29.70,Fair
9/2/2022,1:00 AM,75,100,0,29.70,Fair
9/2/2022,1:30 AM,75,100,0,29.70,Fair
9/2/2022,2:00 AM,75,100,0,29.67,Fair
9/2/2022,2:30 AM,75,100,0,29.67,Partly Cloudy
9/2/2022,3:00 AM,75,100,0,29.67,Partly Cloudy
9/2/2022,3:30 AM,77,94,2,29.67,Partly Cloudy
9/2/2022,4:00 AM,75,100,0,29.67,Mostly Cloudy
9/2/2022,4:30 AM,77,94,3,29.67,Mostly Cloudy
9/2/2022,5:00 AM,77,94,0,29.67,Mostly Cloudy
9/2/2022,5:30 AM,77,94,3,29.67,Mostly Cloudy
9/2/2022,6:00 AM,77,94,2,29.67,Mostly Cloudy
9/2/2022,6:30 AM,77,94,0,29.70,Mostly Cloudy
9/2/2022,7:00 AM,77,100,0,29.70,Mostly Cloudy
9/2/2022,7:30 AM,79,94,5,29.73,Mostly Cloudy
9/2/2022,8:00 AM,81,89,8,29.73,Mostly Cloudy
9/2/2022,8:30 AM,82,79,10,29.76,Fair
9/2/2022,9:00 AM,84,70,7,29.76,Fair
9/2/2022,9:30 AM,86,66,6,29.76,Fair
9/2/2022,10:00 AM,86,66,13,29.76,Fair
9/2/2022,10:30 AM,86,66,12,29.76,Fair
9/2/2022,11:00 AM,88,58,13,29.73,Partly Cloudy
9/2/2022,11:30 AM,90,59,14,29.73,Partly Cloudy
9/2/2022,12:00 PM,90,55,15,29.70,Fair
9/2/2022,12:30 PM,90,55,14,29.70,Fair
9/2/2022,1:00 PM,90,59,14,29.70,Fair
9/2/2022,1:30 PM,91,52,14,29.67,Fair
9/2/2022,2:00 PM,90,59,14,29.67,Fair
9/2/2022,2:30 PM,91,55,13,29.64,Fair
9/2/2022,3:00 PM,90,55,14,29.64,Fair
9/2/2022,3:30 PM,90,59,13,29.61,Partly Cloudy
9/2/2022,4:00 PM,88,62,17,29.61,Showers in the Vicinity
9/2/2022,4:30 PM,86,66,16,29.61,Showers in the Vicinity
9/2/2022,5:00 PM,84,66,12,29.61,Showers in the Vicinity
9/2/2022,5:30 PM,86,62,10,29.64,Partly Cloudy
9/2/2022,6:00 PM,84,66,8,29.64,Partly Cloudy
9/2/2022,6:30 PM,82,70,5,29.67,Partly Cloudy
9/2/2022,7:00 PM,81,74,5,29.67,Fair
9/2/2022,7:30 PM,81,74,6,29.67,Partly Cloudy
9/2/2022,8:00 PM,81,74,5,29.70,Partly Cloudy
9/2/2022,8:30 PM,81,74,6,29.70,Mostly Cloudy
9/2/2022,9:00 PM,81,74,3,29.73,Mostly Cloudy
9/2/2022,9:30 PM,81,74,3,29.73,Mostly Cloudy
9/2/2022,10:00 PM,79,83,3,29.73,Partly Cloudy
9/2/2022,10:30 PM,79,83,0,29.73,Partly Cloudy
9/2/2022,11:00 PM,79,83,2,29.73,Partly Cloudy
9/2/2022,11:30 PM,79,83,0,29.73,Mostly Cloudy
9/3/2022,12:00 AM,79,89,0,29.73,Mostly Cloudy
9/3/2022,12:30 AM,77,94,0,29.70,Mostly Cloudy
9/3/2022,1:00 AM,77,94,0,29.70,Mostly Cloudy
9/3/2022,1:30 AM,77,94,2,29.70,Mostly Cloudy
9/3/2022,2:00 AM,79,89,5,29.70,Mostly Cloudy
9/3/2022,2:30 AM,79,89,5,29.70,Mostly Cloudy
9/3/2022,3:00 AM,79,83,6,29.67,Partly Cloudy
9/3/2022,3:30 AM,77,94,5,29.67,Partly Cloudy
9/3/2022,4:00 AM,77,94,2,29.67,Partly Cloudy
9/3/2022,4:30 AM,77,94,0,29.67,Partly Cloudy
9/3/2022,5:00 AM,77,94,3,29.67,Partly Cloudy
9/3/2022,5:30 AM,75,100,3,29.67,Partly Cloudy
9/3/2022,6:00 AM,75,94,5,29.67,Fair
9/3/2022,6:30 AM,75,100,5,29.67,Fair
9/3/2022,7:00 AM,75,100,5,29.67,Fair
9/3/2022,7:30 AM,77,94,6,29.70,Fair
9/3/2022,8:00 AM,81,84,6,29.70,Fair
9/3/2022,8:30 AM,81,84,6,29.70,Fair
9/3/2022,9:00 AM,82,79,7,29.70,Fair
9/3/2022,9:30 AM,84,74,7,29.70,Fair
9/3/2022,10:00 AM,88,62,14,29.70,Fair
9/3/2022,10:30 AM,88,62,14,29.70,Partly Cloudy
9/3/2022,11:00 AM,88,66,17,29.70,Showers in the Vicinity
9/3/2022,11:30 AM,86,66,14,29.70,Partly Cloudy
9/3/2022,12:00 PM,88,66,10,29.67,Partly Cloudy
9/3/2022,12:30 PM,88,62,15,29.67,Partly Cloudy
9/3/2022,1:00 PM,90,62,12,29.67,Partly Cloudy
9/3/2022,1:30 PM,90,62,12,29.64,Fair
9/3/2022,2:00 PM,91,59,13,29.64,Fair
9/3/2022,2:30 PM,90,62,12,29.61,Partly Cloudy
9/3/2022,3:00 PM,90,62,15,29.61,Partly Cloudy
9/3/2022,3:30 PM,90,59,14,29.61,Showers in the Vicinity
9/3/2022,4:00 PM,90,59,12,29.61,Showers in the Vicinity
9/3/2022,4:30 PM,88,62,12,29.61,Partly Cloudy
9/3/2022,5:00 PM,90,59,9,29.58,Fair
9/3/2022,5:30 PM,88,62,12,29.61,Fair
9/3/2022,6:00 PM,86,66,9,29.61,Fair
9/3/2022,6:30 PM,84,70,15,29.64,Partly Cloudy
9/3/2022,7:00 PM,82,74,10,29.64,Partly Cloudy
9/3/2022,7:30 PM,82,74,5,29.67,Partly Cloudy
9/3/2022,8:00 PM,81,79,7,29.67,Mostly Cloudy
9/3/2022,8:30 PM,81,84,5,29.70,Mostly Cloudy
9/3/2022,9:00 PM,81,84,3,29.70,Mostly Cloudy
9/3/2022,9:30 PM,81,84,7,29.73,Mostly Cloudy
9/3/2022,10:00 PM,81,74,10,29.73,Mostly Cloudy
9/3/2022,10:30 PM,81,74,8,29.76,Mostly Cloudy
9/3/2022,11:00 PM,81,74,3,29.76,Light Rain
9/3/2022,11:30 PM,79,78,2,29.76,Mostly Cloudy
9/4/2022,12:00 AM,79,78,2,29.73,Mostly Cloudy
9/4/2022,12:30 AM,79,83,2,29.73,Mostly Cloudy
9/4/2022,1:00 AM,79,83,3,29.70,Mostly Cloudy
9/4/2022,1:30 AM,77,89,3,29.70,Mostly Cloudy
9/4/2022,2:00 AM,77,89,3,29.70,Mostly Cloudy
9/4/2022,2:30 AM,77,89,3,29.67,Mostly Cloudy
9/4/2022,3:00 AM,77,89,3,29.67,Partly Cloudy
9/4/2022,3:30 AM,77,94,2,29.70,Partly Cloudy
9/4/2022,4:00 AM,77,94,3,29.70,Partly Cloudy
9/4/2022,4:30 AM,77,89,0,29.70,Partly Cloudy
9/4/2022,5:00 AM,77,89,0,29.67,Partly Cloudy
9/4/2022,5:30 AM,77,89,0,29.70,Partly Cloudy
9/4/2022,6:00 AM,77,94,0,29.70,Partly Cloudy
9/4/2022,6:30 AM,77,89,5,29.70,Partly Cloudy
9/4/2022,7:00 AM,79,83,7,29.73,Mostly Cloudy
9/4/2022,7:30 AM,79,83,8,29.76,Mostly Cloudy
9/4/2022,8:00 AM,81,79,6,29.76,Mostly Cloudy
9/4/2022,8:30 AM,81,79,9,29.76,Light Rain
9/4/2022,9:00 AM,82,74,7,29.76,Mostly Cloudy
9/4/2022,9:30 AM,84,70,6,29.76,Mostly Cloudy
9/4/2022,10:00 AM,84,70,8,29.76,Mostly Cloudy
9/4/2022,10:30 AM,84,70,9,29.73,Mostly Cloudy
9/4/2022,11:00 AM,88,62,10,29.73,Mostly Cloudy
9/4/2022,11:30 AM,88,62,10,29.70,Mostly Cloudy
9/4/2022,12:00 PM,86,66,7,29.70,Mostly Cloudy
9/4/2022,12:30 PM,88,62,8,29.67,Mostly Cloudy
9/4/2022,1:00 PM,88,62,10,29.67,Mostly Cloudy
9/4/2022,1:30 PM,90,59,10,29.64,Mostly Cloudy
9/4/2022,2:00 PM,90,55,12,29.64,Partly Cloudy
9/4/2022,2:30 PM,88,58,9,29.64,Mostly Cloudy
9/4/2022,3:00 PM,88,62,10,29.64,Mostly Cloudy
9/4/2022,3:30 PM,88,62,8,29.64,Mostly Cloudy
9/4/2022,4:00 PM,88,62,10,29.64,Mostly Cloudy
9/4/2022,4:30 PM,88,62,9,29.64,Mostly Cloudy
9/4/2022,5:00 PM,86,66,8,29.64,Mostly Cloudy
9/4/2022,5:30 PM,86,66,7,29.64,Mostly Cloudy
9/4/2022,6:00 PM,86,66,5,29.67,Mostly Cloudy
9/4/2022,6:30 PM,84,66,5,29.67,Mostly Cloudy
9/4/2022,7:00 PM,84,66,3,29.67,Mostly Cloudy
9/4/2022,7:30 PM,82,70,5,29.70,Mostly Cloudy
9/4/2022,8:00 PM,82,70,5,29.70,Mostly Cloudy
9/4/2022,8:30 PM,82,70,3,29.70,Mostly Cloudy
9/4/2022,9:00 PM,81,74,3,29.73,Mostly Cloudy
9/4/2022,9:30 PM,81,74,2,29.73,Partly Cloudy
9/4/2022,10:00 PM,81,74,5,29.73,Partly Cloudy
9/4/2022,10:30 PM,81,79,3,29.73,Mostly Cloudy
9/4/2022,11:00 PM,79,83,0,29.76,Mostly Cloudy
9/4/2022,11:30 PM,79,83,0,29.73,Mostly Cloudy
9/5/2022,12:00 AM,79,83,2,29.73,Mostly Cloudy
9/5/2022,12:30 AM,79,83,2,29.73,Partly Cloudy
9/5/2022,1:00 AM,79,83,2,29.73,Partly Cloudy
9/5/2022,1:30 AM,79,83,0,29.73,Mostly Cloudy
9/5/2022,2:00 AM,77,89,0,29.73,Mostly Cloudy
9/5/2022,2:30 AM,77,89,0,29.70,Mostly Cloudy
9/5/2022,3:00 AM,77,94,0,29.70,Mostly Cloudy
9/5/2022,3:30 AM,77,94,3,29.70,Mostly Cloudy
9/5/2022,4:00 AM,77,94,0,29.70,Mostly Cloudy
9/5/2022,4:30 AM,77,94,0,29.70,Mostly Cloudy
9/5/2022,5:00 AM,77,94,0,29.70,Mostly Cloudy
9/5/2022,5:30 AM,75,94,0,29.70,Mostly Cloudy
9/5/2022,6:00 AM,77,89,0,29.70,Mostly Cloudy
9/5/2022,6:30 AM,77,94,0,29.70,Mostly Cloudy
9/5/2022,7:00 AM,77,94,0,29.73,Mostly Cloudy
9/5/2022,7:30 AM,77,94,0,29.73,Mostly Cloudy
9/5/2022,8:00 AM,79,89,0,29.76,Mostly Cloudy
9/5/2022,8:30 AM,79,94,0,29.76,Light Rain
9/5/2022,9:00 AM,81,84,0,29.76,Mostly Cloudy
9/5/2022,9:30 AM,81,84,0,29.76,Mostly Cloudy
9/5/2022,10:00 AM,82,79,0,29.76,Mostly Cloudy
9/5/2022,10:30 AM,82,79,0,29.79,Partly Cloudy
9/5/2022,11:00 AM,84,74,0,29.76,Partly Cloudy
9/5/2022,11:30 AM,86,66,5,29.76,Partly Cloudy
9/5/2022,12:00 PM,86,70,7,29.76,Partly Cloudy
9/5/2022,12:30 PM,86,70,3,29.73,Mostly Cloudy
9/5/2022,1:00 PM,88,66,5,29.70,Mostly Cloudy
9/5/2022,1:30 PM,88,70,6,29.67,Mostly Cloudy
9/5/2022,2:00 PM,90,62,5,29.67,Mostly Cloudy
9/5/2022,2:30 PM,88,66,5,29.67,Mostly Cloudy
9/5/2022,3:00 PM,88,66,3,29.64,Mostly Cloudy
9/5/2022,3:30 PM,88,66,8,29.64,Mostly Cloudy
9/5/2022,4:00 PM,88,66,7,29.64,Mostly Cloudy
9/5/2022,4:30 PM,88,66,7,29.64,Mostly Cloudy
9/5/2022,5:00 PM,86,70,6,29.61,Partly Cloudy
9/5/2022,5:30 PM,86,70,7,29.61,Partly Cloudy
9/5/2022,6:00 PM,84,74,3,29.64,Mostly Cloudy
9/5/2022,6:30 PM,84,74,3,29.64,Partly Cloudy
9/5/2022,7:00 PM,82,79,3,29.67,Mostly Cloudy
9/5/2022,7:30 PM,82,79,2,29.67,Mostly Cloudy
9/5/2022,8:00 PM,82,84,0,29.67,Mostly Cloudy
9/5/2022,8:30 PM,82,84,0,29.70,Mostly Cloudy
9/5/2022,9:00 PM,81,89,0,29.70,Mostly Cloudy
9/5/2022,9:30 PM,81,89,0,29.73,Mostly Cloudy
9/5/2022,10:00 PM,81,89,0,29.73,Mostly Cloudy
9/5/2022,10:30 PM,81,89,0,29.73,Mostly Cloudy
9/5/2022,11:00 PM,81,89,0,29.73,Mostly Cloudy
9/5/2022,11:30 PM,81,89,0,29.73,Mostly Cloudy
9/6/2022,12:00 AM,81,89,0,29.73,Mostly Cloudy
9/6/2022,12:30 AM,79,94,0,29.73,Mostly Cloudy
9/6/2022,1:00 AM,79,100,0,29.73,Mostly Cloudy
9/6/2022,1:30 AM,79,100,0,29.70,Mostly Cloudy
9/6/2022,2:00 AM,79,94,0,29.70,Mostly Cloudy
9/6/2022,2:30 AM,79,94,0,29.70,Mostly Cloudy
9/6/2022,3:00 AM,79,94,0,29.70,Mostly Cloudy
9/6/2022,3:30 AM,79,94,0,29.67,Mostly Cloudy
9/6/2022,4:00 AM,77,100,0,29.67,Mostly Cloudy
9/6/2022,4:30 AM,77,100,0,29.67,Mostly Cloudy
9/6/2022,5:00 AM,77,100,0,29.67,Mostly Cloudy
9/6/2022,5:30 AM,77,100,0,29.70,Mostly Cloudy
9/6/2022,6:00 AM,77,100,0,29.70,Mostly Cloudy
9/6/2022,6:30 AM,77,100,0,29.70,Mostly Cloudy
9/6/2022,7:00 AM,79,94,2,29.70,Mostly Cloudy
9/6/2022,7:30 AM,79,94,3,29.70,Mostly Cloudy
9/6/2022,8:00 AM,81,89,3,29.73,Mostly Cloudy
9/6/2022,8:30 AM,82,89,2,29.76,Showers in the Vicinity
9/6/2022,9:00 AM,82,79,6,29.76,Mostly Cloudy
9/6/2022,9:30 AM,84,74,6,29.76,Showers in the Vicinity
9/6/2022,10:00 AM,79,83,14,29.79,Light Rain
9/6/2022,10:30 AM,77,89,6,29.76,Light Rain
9/6/2022,11:00 AM,77,89,2,29.76,Light Rain
9/6/2022,11:30 AM,77,94,0,29.73,Light Rain
9/6/2022,12:00 PM,79,89,3,29.73,Light Rain
9/6/2022,12:30 PM,81,84,3,29.70,Partly Cloudy
9/6/2022,1:00 PM,81,84,2,29.70,Mostly Cloudy
9/6/2022,1:30 PM,82,79,2,29.67,Mostly Cloudy
9/6/2022,2:00 PM,84,74,3,29.67,Mostly Cloudy
9/6/2022,2:30 PM,84,74,2,29.67,Mostly Cloudy
9/6/2022,3:00 PM,84,79,2,29.67,Mostly Cloudy
9/6/2022,3:30 PM,84,74,2,29.64,Mostly Cloudy
9/6/2022,4:00 PM,84,79,3,29.64,Mostly Cloudy
9/6/2022,4:30 PM,84,74,2,29.64,Partly Cloudy
9/6/2022,5:00 PM,84,79,0,29.64,Partly Cloudy
9/6/2022,5:30 PM,84,74,3,29.64,Partly Cloudy
9/6/2022,6:00 PM,84,79,2,29.67,Partly Cloudy
9/6/2022,6:30 PM,82,84,0,29.67,Partly Cloudy
9/6/2022,7:00 PM,81,89,0,29.70,Partly Cloudy
9/6/2022,7:30 PM,81,89,0,29.70,Partly Cloudy
9/6/2022,8:00 PM,81,89,3,29.70,Mostly Cloudy
9/6/2022,8:30 PM,81,89,0,29.73,Mostly Cloudy
9/6/2022,9:00 PM,79,94,0,29.73,Mostly Cloudy
9/6/2022,9:30 PM,79,94,0,29.73,Mostly Cloudy
9/6/2022,10:00 PM,79,94,2,29.76,Mostly Cloudy
9/6/2022,10:30 PM,79,94,0,29.76,Mostly Cloudy
9/6/2022,11:00 PM,79,94,0,29.76,Mostly Cloudy
9/6/2022,11:30 PM,79,94,2,29.76,Mostly Cloudy
9/7/2022,12:00 AM,79,94,3,29.73,Mostly Cloudy
9/7/2022,12:30 AM,79,94,2,29.73,Mostly Cloudy
9/7/2022,1:00 AM,77,100,2,29.73,Mostly Cloudy
9/7/2022,1:30 AM,79,89,2,29.73,Mostly Cloudy
9/7/2022,2:00 AM,79,89,3,29.70,Mostly Cloudy
9/7/2022,2:30 AM,79,94,0,29.70,Mostly Cloudy
9/7/2022,3:00 AM,79,89,0,29.67,Mostly Cloudy
9/7/2022,3:30 AM,79,89,0,29.67,Mostly Cloudy
9/7/2022,4:00 AM,77,94,3,29.67,Mostly Cloudy
9/7/2022,4:30 AM,77,94,2,29.67,Mostly Cloudy
9/7/2022,5:00 AM,77,94,0,29.67,Mostly Cloudy
9/7/2022,5:30 AM,77,94,0,29.67,Mostly Cloudy
9/7/2022,6:00 AM,77,94,0,29.67,Mostly Cloudy
9/7/2022,6:30 AM,77,94,0,29.70,Mostly Cloudy
9/7/2022,7:00 AM,77,94,3,29.70,Mostly Cloudy
9/7/2022,7:30 AM,79,89,0,29.70,Mostly Cloudy
9/7/2022,8:00 AM,79,94,0,29.73,Mostly Cloudy
9/7/2022,8:30 AM,81,89,3,29.73,Mostly Cloudy
9/7/2022,9:00 AM,82,84,0,29.76,Mostly Cloudy
9/7/2022,9:30 AM,84,79,2,29.76,Mostly Cloudy
9/7/2022,10:00 AM,84,79,3,29.76,Mostly Cloudy
9/7/2022,10:30 AM,86,70,2,29.76,Mostly Cloudy
9/7/2022,11:00 AM,86,66,5,29.76,Mostly Cloudy
9/7/2022,11:30 AM,88,62,7,29.76,Mostly Cloudy
9/7/2022,12:00 PM,88,62,9,29.73,Mostly Cloudy
9/7/2022,12:30 PM,88,66,10,29.73,Mostly Cloudy
9/7/2022,1:00 PM,88,62,13,29.70,Mostly Cloudy
9/7/2022,1:30 PM,88,62,10,29.70,Mostly Cloudy
9/7/2022,2:00 PM,90,62,10,29.67,Mostly Cloudy
9/7/2022,2:30 PM,88,62,12,29.67,Mostly Cloudy
9/7/2022,3:00 PM,88,49,15,29.67,Mostly Cloudy
9/7/2022,3:30 PM,86,58,10,29.67,Mostly Cloudy
9/7/2022,4:00 PM,86,62,10,29.67,Mostly Cloudy
9/7/2022,4:30 PM,86,66,10,29.67,Mostly Cloudy
9/7/2022,5:00 PM,86,66,9,29.67,Mostly Cloudy
9/7/2022,5:30 PM,84,70,7,29.67,Mostly Cloudy
9/7/2022,6:00 PM,84,70,7,29.67,Mostly Cloudy
9/7/2022,6:30 PM,84,70,9,29.70,Light Rain
9/7/2022,7:00 PM,82,70,9,29.70,Light Rain
9/7/2022,7:30 PM,81,70,5,29.73,Mostly Cloudy
9/7/2022,8:00 PM,81,74,0,29.73,Mostly Cloudy
9/7/2022,8:30 PM,81,74,0,29.76,Mostly Cloudy
9/7/2022,9:00 PM,79,83,0,29.76,Mostly Cloudy
9/7/2022,9:30 PM,79,83,0,29.79,Mostly Cloudy
9/7/2022,10:00 PM,79,83,0,29.79,Mostly Cloudy
9/7/2022,10:30 PM,79,83,0,29.79,Mostly Cloudy
9/7/2022,11:00 PM,79,89,0,29.79,Mostly Cloudy
9/7/2022,11:30 PM,79,89,0,29.79,Mostly Cloudy
9/8/2022,12:00 AM,79,89,0,29.76,Mostly Cloudy
9/8/2022,12:30 AM,79,89,0,29.76,Mostly Cloudy
9/8/2022,1:00 AM,77,94,0,29.76,Mostly Cloudy
9/8/2022,1:30 AM,79,89,0,29.76,Mostly Cloudy
9/8/2022,2:00 AM,77,94,0,29.73,Mostly Cloudy
9/8/2022,2:30 AM,79,89,0,29.73,Mostly Cloudy
9/8/2022,3:00 AM,77,94,0,29.73,Mostly Cloudy
9/8/2022,3:30 AM,77,94,0,29.70,Mostly Cloudy
9/8/2022,4:00 AM,77,94,0,29.70,Mostly Cloudy
9/8/2022,4:30 AM,77,94,7,29.73,Light Rain
9/8/2022,5:00 AM,77,94,7,29.73,Light Rain
9/8/2022,5:30 AM,75,94,5,29.73,Mostly Cloudy
9/8/2022,6:00 AM,75,94,3,29.73,Mostly Cloudy
9/8/2022,6:30 AM,75,94,2,29.76,Mostly Cloudy
9/8/2022,7:00 AM,75,94,2,29.76,Light Rain
9/8/2022,7:30 AM,77,89,5,29.76,Mostly Cloudy
9/8/2022,8:00 AM,77,94,5,29.79,Mostly Cloudy
9/8/2022,8:30 AM,77,94,0,29.79,Mostly Cloudy
9/8/2022,9:00 AM,79,83,0,29.79,Mostly Cloudy
9/8/2022,9:30 AM,79,83,5,29.79,Mostly Cloudy
9/8/2022,10:00 AM,81,79,7,29.79,Mostly Cloudy
9/8/2022,10:30 AM,81,79,6,29.79,Mostly Cloudy
9/8/2022,11:00 AM,82,74,3,29.79,Mostly Cloudy
9/8/2022,11:30 AM,84,74,3,29.79,Mostly Cloudy
9/8/2022,12:00 PM,84,74,2,29.76,Mostly Cloudy
9/8/2022,12:30 PM,84,74,2,29.76,Mostly Cloudy
9/8/2022,1:00 PM,86,70,6,29.73,Mostly Cloudy
9/8/2022,1:30 PM,88,66,5,29.70,Mostly Cloudy
9/8/2022,2:00 PM,88,58,12,29.70,Mostly Cloudy
9/8/2022,2:30 PM,88,62,10,29.70,Mostly Cloudy
9/8/2022,3:00 PM,88,62,10,29.67,Mostly Cloudy
9/8/2022,3:30 PM,86,66,8,29.67,Mostly Cloudy
9/8/2022,4:00 PM,86,66,6,29.67,Mostly Cloudy
9/8/2022,4:30 PM,84,70,5,29.67,Mostly Cloudy
9/8/2022,5:00 PM,84,74,3,29.67,Mostly Cloudy
9/8/2022,5:30 PM,84,79,5,29.67,Mostly Cloudy
9/8/2022,6:00 PM,82,79,3,29.70,Mostly Cloudy
9/8/2022,6:30 PM,82,79,2,29.70,Mostly Cloudy
9/8/2022,7:00 PM,82,79,0,29.73,Mostly Cloudy
9/8/2022,7:30 PM,81,84,2,29.73,Mostly Cloudy
9/8/2022,8:00 PM,81,84,3,29.76,Mostly Cloudy
9/8/2022,8:30 PM,81,84,5,29.76,Mostly Cloudy
9/8/2022,9:00 PM,81,84,5,29.76,Mostly Cloudy
9/8/2022,9:30 PM,79,89,0,29.79,Mostly Cloudy
9/8/2022,10:00 PM,79,89,0,29.79,Mostly Cloudy
9/8/2022,10:30 PM,79,89,0,29.79,Mostly Cloudy
9/8/2022,11:00 PM,79,89,0,29.79,Mostly Cloudy
9/8/2022,11:30 PM,79,89,0,29.79,Mostly Cloudy
9/9/2022,12:00 AM,79,89,0,29.79,Mostly Cloudy
9/9/2022,12:30 AM,79,89,0,29.79,Mostly Cloudy
9/9/2022,1:00 AM,79,89,0,29.76,Mostly Cloudy
9/9/2022,1:30 AM,77,94,0,29.76,Mostly Cloudy
9/9/2022,2:00 AM,77,94,0,29.76,Mostly Cloudy
9/9/2022,2:30 AM,77,94,0,29.73,Partly Cloudy
9/9/2022,3:00 AM,77,94,0,29.73,Partly Cloudy
9/9/2022,3:30 AM,77,94,0,29.73,Partly Cloudy
9/9/2022,4:00 AM,77,100,0,29.70,Partly Cloudy
9/9/2022,4:30 AM,77,94,0,29.70,Partly Cloudy
9/9/2022,5:00 AM,77,94,0,29.73,Mostly Cloudy
9/9/2022,5:30 AM,75,100,0,29.73,Mostly Cloudy
9/9/2022,6:00 AM,77,94,0,29.73,Mostly Cloudy
9/9/2022,6:30 AM,75,100,0,29.73,Mostly Cloudy
9/9/2022,7:00 AM,77,94,0,29.76,Mostly Cloudy
9/9/2022,7:30 AM,77,94,0,29.76,Mostly Cloudy
9/9/2022,8:00 AM,79,94,0,29.76,Mostly Cloudy
9/9/2022,8:30 AM,82,84,0,29.79,Partly Cloudy
9/9/2022,9:00 AM,86,70,5,29.79,Mostly Cloudy
9/9/2022,9:30 AM,86,70,7,29.79,Mostly Cloudy
9/9/2022,10:00 AM,86,70,6,29.79,Mostly Cloudy
9/9/2022,10:30 AM,86,70,6,29.79,Mostly Cloudy
9/9/2022,11:00 AM,88,66,5,29.79,Mostly Cloudy
9/9/2022,11:30 AM,88,66,5,29.79,Mostly Cloudy
9/9/2022,12:00 PM,90,59,6,29.76,Mostly Cloudy
9/9/2022,12:30 PM,90,59,8,29.76,Mostly Cloudy
9/9/2022,1:00 PM,90,59,8,29.73,Mostly Cloudy
9/9/2022,1:30 PM,90,59,9,29.70,Light Rain
9/9/2022,2:00 PM,84,74,7,29.70,Light Rain
9/9/2022,2:30 PM,90,62,5,29.67,Mostly Cloudy
9/9/2022,3:00 PM,90,59,10,29.67,Partly Cloudy
9/9/2022,3:30 PM,90,59,10,29.64,Partly Cloudy
9/9/2022,4:00 PM,90,55,8,29.64,Partly Cloudy
9/9/2022,4:30 PM,88,58,9,29.64,Partly Cloudy
9/9/2022,5:00 PM,90,55,9,29.64,Partly Cloudy
9/9/2022,5:30 PM,88,55,9,29.67,Fair
9/9/2022,6:00 PM,88,58,7,29.67,Fair
9/9/2022,6:30 PM,86,62,5,29.70,Mostly Cloudy
9/9/2022,7:00 PM,84,66,6,29.70,Mostly Cloudy
9/9/2022,7:30 PM,82,70,5,29.73,Mostly Cloudy
9/9/2022,8:00 PM,82,70,2,29.73,Partly Cloudy
9/9/2022,8:30 PM,81,84,5,29.76,Partly Cloudy
9/9/2022,9:00 PM,81,84,0,29.76,Mostly Cloudy
9/9/2022,9:30 PM,81,84,0,29.76,Mostly Cloudy
9/9/2022,10:00 PM,79,94,0,29.79,Mostly Cloudy
9/9/2022,10:30 PM,79,89,0,29.79,Mostly Cloudy
9/9/2022,11:00 PM,79,89,0,29.79,Mostly Cloudy
9/9/2022,11:30 PM,79,89,0,29.76,Mostly Cloudy
9/10/2022,12:00 AM,77,89,0,29.76,Mostly Cloudy
9/10/2022,12:30 AM,77,94,0,29.76,Mostly Cloudy
9/10/2022,1:00 AM,77,94,0,29.76,Mostly Cloudy
9/10/2022,1:30 AM,77,94,0,29.76,Mostly Cloudy
9/10/2022,2:00 AM,77,94,0,29.73,Mostly Cloudy
9/10/2022,2:30 AM,77,94,0,29.73,Mostly Cloudy
9/10/2022,3:00 AM,75,94,0,29.73,Light Rain
9/10/2022,3:30 AM,75,94,0,29.73,Light Rain
9/10/2022,4:00 AM,77,94,0,29.73,Light Rain
9/10/2022,4:30 AM,75,100,0,29.73,Light Rain
9/10/2022,5:00 AM,75,100,2,29.73,Light Rain
9/10/2022,5:30 AM,75,100,0,29.76,Light Rain
9/10/2022,6:00 AM,75,100,0,29.76,Light Rain
9/10/2022,6:30 AM,75,94,0,29.76,Light Rain
9/10/2022,7:00 AM,75,94,0,29.76,Light Rain
9/10/2022,7:30 AM,75,100,0,29.76,Light Rain
9/10/2022,8:00 AM,77,94,0,29.76,Light Rain
9/10/2022,8:30 AM,77,100,2,29.79,Light Rain
9/10/2022,9:00 AM,81,89,0,29.76,Mostly Cloudy
9/10/2022,9:30 AM,82,89,3,29.76,Mostly Cloudy
9/10/2022,10:00 AM,84,79,2,29.76,Partly Cloudy
9/10/2022,10:30 AM,86,70,3,29.76,Partly Cloudy
9/10/2022,11:00 AM,88,62,5,29.76,Partly Cloudy
9/10/2022,11:30 AM,90,59,5,29.73,Fair
9/10/2022,12:00 PM,91,52,8,29.73,Fair
9/10/2022,12:30 PM,91,49,8,29.73,Fair
9/10/2022,1:00 PM,91,46,9,29.70,Partly Cloudy
9/10/2022,1:30 PM,91,49,7,29.70,Partly Cloudy
9/10/2022,2:00 PM,91,49,8,29.67,Mostly Cloudy
9/10/2022,2:30 PM,91,49,9,29.67,Mostly Cloudy
9/10/2022,3:00 PM,91,55,10,29.64,Mostly Cloudy
9/10/2022,3:30 PM,90,55,10,29.64,Partly Cloudy
9/10/2022,4:00 PM,90,59,10,29.64,Partly Cloudy
9/10/2022,4:30 PM,88,58,10,29.64,Partly Cloudy
9/10/2022,5:00 PM,88,62,8,29.64,Partly Cloudy
9/10/2022,5:30 PM,88,62,8,29.64,Fair
9/10/2022,6:00 PM,86,62,7,29.67,Partly Cloudy
9/10/2022,6:30 PM,84,70,7,29.70,Mostly Cloudy
9/10/2022,7:00 PM,84,70,6,29.70,Mostly Cloudy
9/10/2022,7:30 PM,84,70,5,29.70,Partly Cloudy
9/10/2022,8:00 PM,84,70,6,29.70,Mostly Cloudy
9/10/2022,8:30 PM,82,74,5,29.73,Mostly Cloudy
9/10/2022,9:00 PM,82,74,3,29.73,Mostly Cloudy
9/10/2022,9:30 PM,82,79,0,29.76,Mostly Cloudy
9/10/2022,10:00 PM,81,84,3,29.79,Mostly Cloudy
9/10/2022,10:30 PM,81,84,2,29.79,Mostly Cloudy
9/10/2022,11:00 PM,81,84,3,29.79,Mostly Cloudy
9/10/2022,11:30 PM,81,84,0,29.79,Mostly Cloudy
9/11/2022,12:00 AM,81,84,1,29.76,Mostly Cloudy
9/11/2022,12:30 AM,79,94,2,29.76,Mostly Cloudy
9/11/2022,1:00 AM,81,84,2,29.76,Mostly Cloudy
9/11/2022,1:30 AM,81,84,2,29.76,Mostly Cloudy
9/11/2022,2:00 AM,79,94,0,29.73,Mostly Cloudy
9/11/2022,2:30 AM,79,94,0,29.73,Mostly Cloudy
9/11/2022,3:00 AM,79,94,0,29.73,Mostly Cloudy
9/11/2022,3:30 AM,79,94,0,29.70,Mostly Cloudy
9/11/2022,4:00 AM,79,94,3,29.70,Light Rain
9/11/2022,4:30 AM,79,94,3,29.70,Light Rain
9/11/2022,5:00 AM,79,94,5,29.73,Light Rain
9/11/2022,5:30 AM,79,94,0,29.73,Light Rain
9/11/2022,6:00 AM,79,94,0,29.73,Light Rain
9/11/2022,6:30 AM,79,94,0,29.73,Mostly Cloudy
9/11/2022,7:00 AM,77,100,0,29.73,Mostly Cloudy
9/11/2022,7:30 AM,79,94,0,29.73,Mostly Cloudy
9/11/2022,8:00 AM,79,94,2,29.76,Mostly Cloudy
9/11/2022,8:30 AM,79,94,0,29.76,Mostly Cloudy
9/11/2022,9:00 AM,79,94,0,29.79,Mostly Cloudy
9/11/2022,9:30 AM,79,89,6,29.79,Mostly Cloudy
9/11/2022,10:00 AM,81,84,3,29.79,Mostly Cloudy
9/11/2022,10:30 AM,82,79,5,29.76,Partly Cloudy
9/11/2022,11:00 AM,84,74,6,29.76,Partly Cloudy
9/11/2022,11:30 AM,86,70,7,29.76,Partly Cloudy
9/11/2022,12:00 PM,86,70,5,29.73,Mostly Cloudy
9/11/2022,12:30 PM,88,66,7,29.73,Showers in the Vicinity
9/11/2022,1:00 PM,81,74,14,29.73,Light Rain
9/11/2022,1:30 PM,77,89,12,29.73,Light Rain
9/11/2022,2:00 PM,79,89,8,29.70,Light Rain
9/11/2022,2:30 PM,82,79,6,29.67,Showers in the Vicinity
9/11/2022,3:00 PM,82,70,8,29.67,Mostly Cloudy
9/11/2022,3:30 PM,81,74,7,29.67,Mostly Cloudy
9/11/2022,4:00 PM,81,74,5,29.70,Light Rain
9/11/2022,4:30 PM,77,89,6,29.70,Light Rain
9/11/2022,5:00 PM,75,89,3,29.67,Light Rain
9/11/2022,5:30 PM,77,83,3,29.67,Light Rain
9/11/2022,6:00 PM,77,89,0,29.67,Mostly Cloudy
9/11/2022,6:30 PM,77,89,0,29.67,Mostly Cloudy
9/11/2022,7:00 PM,77,89,0,29.67,Mostly Cloudy
9/11/2022,7:30 PM,77,89,0,29.70,Mostly Cloudy
9/11/2022,8:00 PM,79,83,0,29.70,Mostly Cloudy
9/11/2022,8:30 PM,77,89,0,29.70,Mostly Cloudy
9/11/2022,9:00 PM,77,89,0,29.70,Mostly Cloudy
9/11/2022,9:30 PM,77,89,0,29.73,Mostly Cloudy
9/11/2022,10:00 PM,77,89,0,29.73,Mostly Cloudy
9/11/2022,10:30 PM,77,89,0,29.76,Mostly Cloudy
9/11/2022,11:00 PM,77,89,0,29.76,Mostly Cloudy
9/11/2022,11:30 PM,77,89,0,29.76,Mostly Cloudy
9/12/2022,12:00 AM,77,89,0,29.73,Mostly Cloudy
9/12/2022,12:30 AM,77,89,0,29.73,Mostly Cloudy
9/12/2022,1:00 AM,77,89,0,29.73,Mostly Cloudy
9/12/2022,1:30 AM,77,89,0,29.73,Mostly Cloudy
9/12/2022,2:00 AM,77,89,0,29.73,Mostly Cloudy
9/12/2022,2:30 AM,77,89,0,29.70,Mostly Cloudy
9/12/2022,3:00 AM,75,94,2,29.70,Mostly Cloudy
9/12/2022,3:30 AM,75,94,0,29.70,Mostly Cloudy
9/12/2022,4:00 AM,75,100,0,29.67,Mostly Cloudy
9/12/2022,4:30 AM,75,100,0,29.67,Mostly Cloudy
9/12/2022,5:00 AM,75,94,0,29.67,Mostly Cloudy
9/12/2022,5:30 AM,75,94,0,29.67,Mostly Cloudy
9/12/2022,6:00 AM,75,94,0,29.67,Mostly Cloudy
9/12/2022,6:30 AM,75,94,0,29.70,Mostly Cloudy
9/12/2022,7:00 AM,75,100,0,29.70,Mostly Cloudy
9/12/2022,7:30 AM,77,94,0,29.73,Mostly Cloudy
9/12/2022,8:00 AM,77,94,0,29.73,Mostly Cloudy
9/12/2022,8:30 AM,79,89,0,29.73,Mostly Cloudy
9/12/2022,9:00 AM,81,84,3,29.76,Mostly Cloudy
9/12/2022,9:30 AM,82,79,3,29.76,Mostly Cloudy
9/12/2022,10:00 AM,84,74,3,29.76,Mostly Cloudy
9/12/2022,10:30 AM,86,70,3,29.76,Mostly Cloudy
9/12/2022,11:00 AM,86,70,2,29.73,Mostly Cloudy
9/12/2022,11:30 AM,86,66,3,29.73,Mostly Cloudy
9/12/2022,12:00 PM,88,62,2,29.73,Mostly Cloudy
9/12/2022,12:30 PM,90,62,5,29.70,Mostly Cloudy
9/12/2022,1:00 PM,84,74,9,29.70,Light Rain
9/12/2022,1:30 PM,84,74,7,29.70,Mostly Cloudy
9/12/2022,2:00 PM,84,74,10,29.67,Mostly Cloudy
9/12/2022,2:30 PM,84,74,8,29.67,Mostly Cloudy
9/12/2022,3:00 PM,84,70,9,29.67,Mostly Cloudy
9/12/2022,3:30 PM,82,74,7,29.67,Mostly Cloudy
9/12/2022,4:00 PM,82,79,3,29.64,Mostly Cloudy
9/12/2022,4:30 PM,82,79,0,29.64,Light Rain
9/12/2022,5:00 PM,81,84,0,29.64,Light Rain
9/12/2022,5:30 PM,79,89,0,29.67,Light Rain
9/12/2022,6:00 PM,79,89,0,29.67,Light Rain
9/12/2022,6:30 PM,79,89,0,29.67,Partly Cloudy
9/12/2022,7:00 PM,77,94,0,29.70,Partly Cloudy
9/12/2022,7:30 PM,77,94,0,29.70,Partly Cloudy
9/12/2022,8:00 PM,77,94,0,29.70,Partly Cloudy
9/12/2022,8:30 PM,77,94,0,29.70,Partly Cloudy
9/12/2022,9:00 PM,77,94,0,29.73,Partly Cloudy
9/12/2022,9:30 PM,77,94,0,29.73,Partly Cloudy
9/12/2022,10:00 PM,77,94,0,29.73,Partly Cloudy
9/12/2022,10:30 PM,77,94,0,29.73,Partly Cloudy
9/12/2022,11:00 PM,77,94,0,29.73,Partly Cloudy
9/12/2022,11:30 PM,75,100,0,29.73,Partly Cloudy
9/13/2022,12:00 AM,75,100,0,29.73,Partly Cloudy
9/13/2022,12:30 AM,75,100,0,29.73,Partly Cloudy
9/13/2022,1:00 AM,75,100,0,29.70,Partly Cloudy
9/13/2022,1:30 AM,75,100,0,29.70,Partly Cloudy
9/13/2022,2:00 AM,75,100,0,29.70,Partly Cloudy
9/13/2022,2:30 AM,75,94,0,29.70,Partly Cloudy
9/13/2022,3:00 AM,75,100,0,29.70,Partly Cloudy
9/13/2022,3:30 AM,75,100,0,29.70,Partly Cloudy
9/13/2022,4:00 AM,75,94,0,29.70,Partly Cloudy
9/13/2022,4:30 AM,75,94,0,29.70,Partly Cloudy
9/13/2022,5:00 AM,75,94,0,29.70,Mostly Cloudy
9/13/2022,5:30 AM,75,94,0,29.70,Mostly Cloudy
9/13/2022,6:00 AM,73,100,0,29.73,Partly Cloudy
9/13/2022,6:30 AM,75,94,0,29.73,Partly Cloudy
9/13/2022,7:00 AM,75,94,0,29.76,Mostly Cloudy
9/13/2022,7:30 AM,75,100,0,29.76,Mostly Cloudy
9/13/2022,8:00 AM,77,94,0,29.76,Mostly Cloudy
9/13/2022,8:30 AM,79,89,0,29.76,Partly Cloudy
9/13/2022,9:00 AM,81,89,3,29.79,Partly Cloudy
9/13/2022,9:30 AM,82,84,2,29.79,Mostly Cloudy
9/13/2022,10:00 AM,84,74,3,29.79,Partly Cloudy
9/13/2022,10:30 AM,86,70,2,29.79,Partly Cloudy
9/13/2022,11:00 AM,88,62,2,29.76,Partly Cloudy
9/13/2022,11:30 AM,88,66,2,29.76,Mostly Cloudy
9/13/2022,12:00 PM,90,62,5,29.73,Showers in the Vicinity
9/13/2022,12:30 PM,90,59,8,29.73,Showers in the Vicinity
9/13/2022,1:00 PM,90,66,8,29.70,Showers in the Vicinity
9/13/2022,1:30 PM,88,66,8,29.70,Showers in the Vicinity
9/13/2022,2:00 PM,90,59,12,29.67,Showers in the Vicinity
9/13/2022,2:30 PM,88,58,14,29.67,Showers in the Vicinity
9/13/2022,3:00 PM,86,62,9,29.67,Showers in the Vicinity
9/13/2022,3:30 PM,84,70,10,29.67,Showers in the Vicinity
9/13/2022,4:00 PM,86,66,8,29.67,Showers in the Vicinity
9/13/2022,4:30 PM,84,70,8,29.67,Showers in the Vicinity
9/13/2022,5:00 PM,84,70,12,29.67,Mostly Cloudy
9/13/2022,5:30 PM,82,70,7,29.67,Mostly Cloudy
9/13/2022,6:00 PM,82,70,3,29.70,Mostly Cloudy
9/13/2022,6:30 PM,82,70,5,29.73,Mostly Cloudy
9/13/2022,7:00 PM,82,70,5,29.73,Mostly Cloudy
9/13/2022,7:30 PM,82,70,2,29.76,Mostly Cloudy
9/13/2022,8:00 PM,81,79,0,29.76,Mostly Cloudy
9/13/2022,8:30 PM,81,79,0,29.79,Partly Cloudy
9/13/2022,9:00 PM,79,83,0,29.79,Partly Cloudy
9/13/2022,9:30 PM,79,89,0,29.79,Partly Cloudy
9/13/2022,10:00 PM,79,89,0,29.79,Partly Cloudy
9/13/2022,10:30 PM,77,94,0,29.79,Mostly Cloudy
9/13/2022,11:00 PM,77,94,0,29.79,Mostly Cloudy
9/13/2022,11:30 PM,77,94,0,29.79,Mostly Cloudy
9/14/2022,12:00 AM,77,94,0,29.79,Mostly Cloudy
9/14/2022,12:30 AM,75,100,0,29.79,Partly Cloudy
9/14/2022,1:00 AM,75,100,0,29.79,Partly Cloudy
9/14/2022,1:30 AM,75,100,0,29.76,Partly Cloudy
9/14/2022,2:00 AM,75,100,0,29.76,Partly Cloudy
9/14/2022,2:30 AM,75,100,0,29.73,Partly Cloudy
9/14/2022,3:00 AM,75,100,0,29.73,Partly Cloudy
9/14/2022,3:30 AM,77,94,0,29.73,Mostly Cloudy
9/14/2022,4:00 AM,77,94,0,29.73,Mostly Cloudy
9/14/2022,4:30 AM,77,94,0,29.73,Mostly Cloudy
9/14/2022,5:00 AM,77,94,0,29.76,Mostly Cloudy
9/14/2022,5:30 AM,75,100,0,29.76,Mostly Cloudy
9/14/2022,6:00 AM,75,94,0,29.76,Partly Cloudy
9/14/2022,6:30 AM,75,94,0,29.76,Partly Cloudy
9/14/2022,7:00 AM,79,89,6,29.79,Partly Cloudy
9/14/2022,7:30 AM,79,89,6,29.79,Partly Cloudy
9/14/2022,8:00 AM,81,84,7,29.81,Fair
9/14/2022,8:30 AM,81,84,9,29.81,Fair
9/14/2022,9:00 AM,82,79,8,29.81,Fair
9/14/2022,9:30 AM,84,74,7,29.81,Fair
9/14/2022,10:00 AM,86,66,8,29.81,Partly Cloudy
9/14/2022,10:30 AM,88,62,12,29.81,Fair
9/14/2022,11:00 AM,88,58,12,29.79,Showers in the Vicinity
9/14/2022,11:30 AM,77,89,17,29.81,Light Rain
9/14/2022,12:00 PM,82,79,7,29.79,Mostly Cloudy
9/14/2022,12:30 PM,82,79,7,29.79,Mostly Cloudy
9/14/2022,1:00 PM,84,70,13,29.76,Mostly Cloudy
9/14/2022,1:30 PM,86,66,13,29.76,Mostly Cloudy
9/14/2022,2:00 PM,88,58,10,29.73,Partly Cloudy
9/14/2022,2:30 PM,88,62,9,29.73,Partly Cloudy
9/14/2022,3:00 PM,88,58,8,29.73,Partly Cloudy
9/14/2022,3:30 PM,86,62,12,29.73,Partly Cloudy
9/14/2022,4:00 PM,86,66,12,29.70,Partly Cloudy
9/14/2022,4:30 PM,86,62,10,29.70,Mostly Cloudy
9/14/2022,5:00 PM,86,66,8,29.70,Partly Cloudy
9/14/2022,5:30 PM,86,62,12,29.70,Partly Cloudy
9/14/2022,6:00 PM,84,70,6,29.73,Partly Cloudy
9/14/2022,6:30 PM,82,74,5,29.73,Fair
9/14/2022,7:00 PM,82,74,5,29.73,Fair
9/14/2022,7:30 PM,81,79,5,29.76,Partly Cloudy
9/14/2022,8:00 PM,81,79,5,29.76,Partly Cloudy
9/14/2022,8:30 PM,81,74,3,29.79,Mostly Cloudy
9/14/2022,9:00 PM,81,74,3,29.81,Mostly Cloudy
9/14/2022,9:30 PM,81,79,5,29.81,Mostly Cloudy
9/14/2022,10:00 PM,79,83,5,29.81,Mostly Cloudy
9/14/2022,10:30 PM,77,89,5,29.81,Mostly Cloudy
9/14/2022,11:00 PM,77,89,5,29.81,Mostly Cloudy
9/14/2022,11:30 PM,77,89,0,29.81,Mostly Cloudy
9/15/2022,12:00 AM,77,89,0,29.81,Partly Cloudy
9/15/2022,12:30 AM,75,94,0,29.81,Partly Cloudy
9/15/2022,1:00 AM,75,94,0,29.81,Partly Cloudy
9/15/2022,1:30 AM,75,94,0,29.79,Partly Cloudy
9/15/2022,2:00 AM,75,94,0,29.79,Partly Cloudy
9/15/2022,2:30 AM,75,94,0,29.79,Partly Cloudy
9/15/2022,3:00 AM,75,94,0,29.79,Partly Cloudy
9/15/2022,3:30 AM,75,94,5,29.76,Partly Cloudy
9/15/2022,4:00 AM,75,94,0,29.76,Partly Cloudy
9/15/2022,4:30 AM,75,94,0,29.76,Partly Cloudy
9/15/2022,5:00 AM,75,94,0,29.76,Partly Cloudy
9/15/2022,5:30 AM,75,94,1,29.76,Partly Cloudy
9/15/2022,6:00 AM,75,94,0,29.76,Partly Cloudy
9/15/2022,6:30 AM,75,94,0,29.76,Partly Cloudy
9/15/2022,7:00 AM,75,94,5,29.79,Mostly Cloudy
9/15/2022,7:30 AM,77,94,7,29.79,Mostly Cloudy
9/15/2022,8:00 AM,79,89,3,29.79,Mostly Cloudy
9/15/2022,8:30 AM,81,84,3,29.79,Mostly Cloudy
9/15/2022,9:00 AM,82,74,6,29.81,Mostly Cloudy
9/15/2022,9:30 AM,84,74,5,29.79,Mostly Cloudy
9/15/2022,10:00 AM,84,70,12,29.81,Mostly Cloudy
9/15/2022,10:30 AM,86,62,8,29.79,Mostly Cloudy
9/15/2022,11:00 AM,88,62,8,29.79,Partly Cloudy
9/15/2022,11:30 AM,90,62,8,29.79,Mostly Cloudy
9/15/2022,12:00 PM,88,62,12,29.79,Showers in the Vicinity
9/15/2022,12:30 PM,86,62,12,29.76,Showers in the Vicinity
9/15/2022,1:00 PM,88,62,10,29.73,Mostly Cloudy
9/15/2022,1:30 PM,88,58,13,29.73,Mostly Cloudy
9/15/2022,2:00 PM,90,55,14,29.73,Mostly Cloudy
9/15/2022,2:30 PM,90,55,13,29.70,Partly Cloudy
9/15/2022,3:00 PM,90,59,10,29.70,Partly Cloudy
9/15/2022,3:30 PM,88,62,12,29.70,Partly Cloudy
9/15/2022,4:00 PM,88,62,9,29.67,Mostly Cloudy
9/15/2022,4:30 PM,88,62,8,29.67,Mostly Cloudy
9/15/2022,5:00 PM,88,58,8,29.67,Mostly Cloudy
9/15/2022,5:30 PM,86,62,7,29.67,Mostly Cloudy
9/15/2022,6:00 PM,84,66,6,29.70,Partly Cloudy
9/15/2022,6:30 PM,82,70,7,29.70,Partly Cloudy
9/15/2022,7:00 PM,82,70,5,29.70,Mostly Cloudy
9/15/2022,7:30 PM,82,70,2,29.73,Mostly Cloudy
9/15/2022,8:00 PM,82,70,0,29.73,Mostly Cloudy
9/15/2022,8:30 PM,82,70,2,29.73,Mostly Cloudy
9/15/2022,9:00 PM,81,79,2,29.76,Mostly Cloudy
9/15/2022,9:30 PM,81,79,5,29.76,Mostly Cloudy
9/15/2022,10:00 PM,79,89,0,29.76,Mostly Cloudy
9/15/2022,10:30 PM,79,89,0,29.79,Mostly Cloudy
9/15/2022,11:00 PM,79,89,0,29.79,Mostly Cloudy
9/15/2022,11:30 PM,79,89,0,29.79,Mostly Cloudy
9/16/2022,12:00 AM,79,83,0,29.79,Mostly Cloudy
9/16/2022,12:30 AM,79,83,0,29.76,Mostly Cloudy
9/16/2022,1:00 AM,77,89,3,29.76,Mostly Cloudy
9/16/2022,1:30 AM,77,89,0,29.73,Mostly Cloudy
9/16/2022,2:00 AM,77,89,0,29.73,Mostly Cloudy
9/16/2022,2:30 AM,77,89,0,29.73,Mostly Cloudy
9/16/2022,3:00 AM,77,89,0,29.73,Mostly Cloudy
9/16/2022,3:30 AM,77,89,0,29.70,Mostly Cloudy
9/16/2022,4:00 AM,77,89,0,29.70,Mostly Cloudy
9/16/2022,4:30 AM,77,89,0,29.70,Mostly Cloudy
9/16/2022,5:00 AM,75,94,0,29.70,Partly Cloudy
9/16/2022,5:30 AM,77,89,0,29.70,Partly Cloudy
9/16/2022,6:00 AM,75,94,0,29.70,Partly Cloudy
9/16/2022,6:30 AM,75,94,0,29.70,Fair
9/16/2022,7:00 AM,77,89,0,29.70,Fair
9/16/2022,7:30 AM,79,89,0,29.73,Fair
9/16/2022,8:00 AM,81,84,0,29.73,Fair
9/16/2022,8:30 AM,82,79,0,29.73,Fair
9/16/2022,9:00 AM,84,74,0,29.73,Partly Cloudy
9/16/2022,9:30 AM,86,70,0,29.73,Partly Cloudy
9/16/2022,10:00 AM,84,66,0,29.73,Showers in the Vicinity
9/16/2022,10:30 AM,81,89,0,29.73,Light Rain
9/16/2022,11:00 AM,81,89,0,29.73,Mostly Cloudy
9/16/2022,11:30 AM,82,84,0,29.73,Mostly Cloudy
9/16/2022,12:00 PM,82,84,0,29.70,Mostly Cloudy
9/16/2022,12:30 PM,82,84,0,29.70,Light Rain
9/16/2022,1:00 PM,82,79,10,29.70,Light Rain
9/16/2022,1:30 PM,79,89,6,29.67,Mostly Cloudy
9/16/2022,2:00 PM,81,79,6,29.67,Mostly Cloudy
9/16/2022,2:30 PM,82,84,7,29.64,Mostly Cloudy
9/16/2022,3:00 PM,84,74,9,29.64,Mostly Cloudy
9/16/2022,3:30 PM,84,74,9,29.64,Mostly Cloudy
9/16/2022,4:00 PM,84,79,7,29.64,Mostly Cloudy
9/16/2022,4:30 PM,84,74,8,29.64,Partly Cloudy
9/16/2022,5:00 PM,82,79,6,29.64,Fair
9/16/2022,5:30 PM,82,79,8,29.64,Fair
9/16/2022,6:00 PM,81,84,6,29.64,Fair
9/16/2022,6:30 PM,81,84,6,29.67,Fair
9/16/2022,7:00 PM,79,89,6,29.67,Fair
9/16/2022,7:30 PM,79,89,3,29.67,Fair
9/16/2022,8:00 PM,79,89,7,29.70,Fair
9/16/2022,8:30 PM,79,89,7,29.70,Fair
9/16/2022,9:00 PM,79,89,6,29.73,Fair
9/16/2022,9:30 PM,79,89,6,29.73,Fair
9/16/2022,10:00 PM,77,89,5,29.73,Fair
9/16/2022,10:30 PM,77,94,5,29.73,Fair
9/16/2022,11:00 PM,77,94,6,29.73,Fair
9/16/2022,11:30 PM,77,94,6,29.73,Light Rain
9/17/2022,12:00 AM,77,94,5,29.70,Mostly Cloudy
9/17/2022,12:30 AM,77,94,0,29.70,Partly Cloudy
9/17/2022,1:00 AM,77,94,0,29.70,Fair
9/17/2022,1:30 AM,77,94,3,29.70,Fair
9/17/2022,2:00 AM,77,94,0,29.70,Fair
9/17/2022,2:30 AM,75,100,0,29.67,Fair
9/17/2022,3:00 AM,75,100,0,29.67,Fair
9/17/2022,3:30 AM,75,100,0,29.67,Fair
9/17/2022,4:00 AM,75,100,0,29.67,Fair
9/17/2022,4:30 AM,75,100,0,29.67,Fair
9/17/2022,5:00 AM,75,100,0,29.67,Fair
9/17/2022,5:30 AM,75,94,0,29.67,Fair
9/17/2022,6:00 AM,75,94,0,29.67,Fair
9/17/2022,6:30 AM,75,94,0,29.70,Fair
9/17/2022,7:00 AM,77,94,0,29.70,Fair
9/17/2022,7:30 AM,79,89,0,29.70,Fair
9/17/2022,8:00 AM,81,84,3,29.73,Fair
9/17/2022,8:30 AM,82,84,6,29.73,Fair
9/17/2022,9:00 AM,84,79,7,29.73,Fair
9/17/2022,9:30 AM,84,74,6,29.73,Partly Cloudy
9/17/2022,10:00 AM,84,74,8,29.73,Light Rain
9/17/2022,10:30 AM,86,70,6,29.73,Showers in the Vicinity
9/17/2022,11:00 AM,88,66,5,29.73,Partly Cloudy
9/17/2022,11:30 AM,90,55,6,29.70,Partly Cloudy
9/17/2022,12:00 PM,91,52,7,29.67,Fair
9/17/2022,12:30 PM,90,59,12,29.67,Partly Cloudy
9/17/2022,1:00 PM,91,55,12,29.67,Fair
9/17/2022,1:30 PM,91,55,12,29.64,Fair
9/17/2022,2:00 PM,91,55,9,29.64,Fair
9/17/2022,2:30 PM,93,52,13,29.61,Fair
9/17/2022,3:00 PM,93,52,9,29.61,Showers in the Vicinity
9/17/2022,3:30 PM,91,55,15,29.61,Fair
9/17/2022,4:00 PM,91,55,14,29.61,Fair
9/17/2022,4:30 PM,91,55,12,29.61,Fair
9/17/2022,5:00 PM,90,59,10,29.61,Partly Cloudy
9/17/2022,5:30 PM,88,58,9,29.61,Partly Cloudy
9/17/2022,6:00 PM,88,62,7,29.64,Partly Cloudy
9/17/2022,6:30 PM,86,66,7,29.67,Partly Cloudy
9/17/2022,7:00 PM,84,74,6,29.67,Mostly Cloudy
9/17/2022,7:30 PM,84,74,6,29.67,Mostly Cloudy
9/17/2022,8:00 PM,84,74,5,29.70,Partly Cloudy
9/17/2022,8:30 PM,82,79,5,29.70,Partly Cloudy
9/17/2022,9:00 PM,82,79,5,29.73,Partly Cloudy
9/17/2022,9:30 PM,81,84,3,29.73,Partly Cloudy
9/17/2022,10:00 PM,81,84,0,29.73,Partly Cloudy
9/17/2022,10:30 PM,79,89,2,29.73,Partly Cloudy
9/17/2022,11:00 PM,79,89,5,29.73,Fair
9/17/2022,11:30 PM,79,89,1,29.73,Fair
9/18/2022,12:00 AM,79,89,0,29.73,Fair
9/18/2022,12:30 AM,77,94,0,29.73,Fair
9/18/2022,1:00 AM,77,94,1,29.70,Partly Cloudy
9/18/2022,1:30 AM,77,94,0,29.70,Mostly Cloudy
9/18/2022,2:00 AM,77,94,2,29.70,Mostly Cloudy
9/18/2022,2:30 AM,77,94,0,29.67,Fair
9/18/2022,3:00 AM,77,94,0,29.70,Fair
9/18/2022,3:30 AM,77,94,0,29.67,Fair
9/18/2022,4:00 AM,75,100,0,29.67,Fair
9/18/2022,4:30 AM,75,100,0,29.67,Fair
9/18/2022,5:00 AM,75,100,0,29.70,Partly Cloudy
9/18/2022,5:30 AM,75,100,0,29.70,Mostly Cloudy
9/18/2022,6:00 AM,77,89,1,29.73,Mostly Cloudy
9/18/2022,6:30 AM,77,89,7,29.73,Mostly Cloudy
9/18/2022,7:00 AM,77,89,5,29.73,Mostly Cloudy
9/18/2022,7:30 AM,79,83,5,29.76,Partly Cloudy
9/18/2022,8:00 AM,81,79,6,29.76,Partly Cloudy
9/18/2022,8:30 AM,81,79,7,29.79,Partly Cloudy
9/18/2022,9:00 AM,82,79,7,29.79,Partly Cloudy
9/18/2022,9:30 AM,84,74,7,29.79,Light Rain
9/18/2022,10:00 AM,84,74,6,29.76,Mostly Cloudy
9/18/2022,10:30 AM,84,70,7,29.76,Mostly Cloudy
9/18/2022,11:00 AM,86,66,14,29.76,Mostly Cloudy
9/18/2022,11:30 AM,88,62,13,29.76,Mostly Cloudy
9/18/2022,12:00 PM,90,59,12,29.73,Mostly Cloudy
9/18/2022,12:30 PM,88,62,13,29.73,Mostly Cloudy
9/18/2022,1:00 PM,88,62,10,29.73,Mostly Cloudy
9/18/2022,1:30 PM,90,59,10,29.70,Mostly Cloudy
9/18/2022,2:00 PM,90,59,8,29.67,Mostly Cloudy
9/18/2022,2:30 PM,90,59,12,29.67,Mostly Cloudy
9/18/2022,3:00 PM,88,66,10,29.67,Mostly Cloudy
9/18/2022,3:30 PM,88,66,10,29.67,Mostly Cloudy
9/18/2022,4:00 PM,86,70,10,29.67,Mostly Cloudy
9/18/2022,4:30 PM,84,74,9,29.67,Mostly Cloudy
9/18/2022,5:00 PM,84,74,8,29.67,Mostly Cloudy
9/18/2022,5:30 PM,84,70,7,29.67,Mostly Cloudy
9/18/2022,6:00 PM,84,74,7,29.70,Mostly Cloudy
9/18/2022,6:30 PM,82,79,6,29.70,Mostly Cloudy
9/18/2022,7:00 PM,81,79,6,29.70,Mostly Cloudy
9/18/2022,7:30 PM,81,79,5,29.73,Mostly Cloudy
9/18/2022,8:00 PM,81,79,5,29.73,Mostly Cloudy
9/18/2022,8:30 PM,81,79,0,29.73,Mostly Cloudy
9/18/2022,9:00 PM,79,89,0,29.76,Mostly Cloudy
9/18/2022,9:30 PM,79,89,0,29.76,Partly Cloudy
9/18/2022,10:00 PM,79,89,0,29.76,Partly Cloudy
9/18/2022,10:30 PM,79,89,0,29.76,Fair
9/18/2022,11:00 PM,77,94,0,29.76,Fair
9/18/2022,11:30 PM,77,94,0,29.76,Fair
9/19/2022,12:00 AM,77,94,0,29.76,Fair
9/19/2022,12:30 AM,77,94,0,29.76,Fair
9/19/2022,1:00 AM,77,94,0,29.73,Fair
9/19/2022,1:30 AM,77,94,0,29.73,Partly Cloudy
9/19/2022,2:00 AM,77,94,0,29.73,Partly Cloudy
9/19/2022,2:30 AM,77,94,0,29.73,Partly Cloudy
9/19/2022,3:00 AM,77,94,0,29.70,Mostly Cloudy
9/19/2022,3:30 AM,77,89,0,29.70,Mostly Cloudy
9/19/2022,4:00 AM,77,94,0,29.73,Mostly Cloudy
9/19/2022,4:30 AM,77,94,0,29.73,Mostly Cloudy
9/19/2022,5:00 AM,75,100,0,29.73,Mostly Cloudy
9/19/2022,5:30 AM,75,100,0,29.73,Mostly Cloudy
9/19/2022,6:00 AM,75,100,0,29.73,Mostly Cloudy
9/19/2022,6:30 AM,75,100,0,29.73,Mostly Cloudy
9/19/2022,7:00 AM,77,94,0,29.76,Mostly Cloudy
9/19/2022,7:30 AM,79,89,0,29.76,Mostly Cloudy
9/19/2022,8:00 AM,81,84,0,29.76,Partly Cloudy
9/19/2022,8:30 AM,82,79,3,29.79,Partly Cloudy
9/19/2022,9:00 AM,84,70,0,29.79,Partly Cloudy
9/19/2022,9:30 AM,86,66,0,29.79,Partly Cloudy
9/19/2022,10:00 AM,86,62,3,29.79,Fair
9/19/2022,10:30 AM,88,58,3,29.79,Fair
9/19/2022,11:00 AM,88,58,6,29.76,Fair
9/19/2022,11:30 AM,90,55,7,29.76,Fair
9/19/2022,12:00 PM,90,55,8,29.73,Fair
9/19/2022,12:30 PM,91,52,6,29.73,Partly Cloudy
9/19/2022,1:00 PM,91,55,6,29.70,Partly Cloudy
9/19/2022,1:30 PM,90,55,9,29.70,Mostly Cloudy
9/19/2022,2:00 PM,90,59,10,29.67,Mostly Cloudy
9/19/2022,2:30 PM,91,52,9,29.67,Mostly Cloudy
9/19/2022,3:00 PM,91,52,9,29.64,Mostly Cloudy
9/19/2022,3:30 PM,91,52,10,29.64,Partly Cloudy
9/19/2022,4:00 PM,91,52,9,29.64,Partly Cloudy
9/19/2022,4:30 PM,90,55,8,29.64,Mostly Cloudy
9/19/2022,5:00 PM,90,55,9,29.64,Mostly Cloudy
9/19/2022,5:30 PM,88,58,7,29.67,Partly Cloudy
9/19/2022,6:00 PM,88,62,7,29.67,Fair
9/19/2022,6:30 PM,86,66,6,29.70,Fair
9/19/2022,7:00 PM,84,70,6,29.70,Partly Cloudy
9/19/2022,7:30 PM,84,66,7,29.70,Partly Cloudy
9/19/2022,8:00 PM,82,74,5,29.73,Partly Cloudy
9/19/2022,8:30 PM,81,79,3,29.73,Fair
9/19/2022,9:00 PM,81,79,3,29.76,Fair
9/19/2022,9:30 PM,79,83,5,29.76,Fair
9/19/2022,10:00 PM,79,83,1,29.76,Fair
9/19/2022,10:30 PM,79,83,0,29.76,Fair
9/19/2022,11:00 PM,79,83,0,29.76,Fair
9/19/2022,11:30 PM,77,94,0,29.76,Fair
9/20/2022,12:00 AM,77,89,0,29.76,Fair
9/20/2022,12:30 AM,77,89,0,29.76,Fair
9/20/2022,1:00 AM,77,89,0,29.76,Partly Cloudy
9/20/2022,1:30 AM,77,89,0,29.73,Mostly Cloudy
9/20/2022,2:00 AM,77,89,0,29.73,Mostly Cloudy
9/20/2022,2:30 AM,77,89,0,29.70,Mostly Cloudy
9/20/2022,3:00 AM,77,89,0,29.70,Mostly Cloudy
9/20/2022,3:30 AM,77,89,0,29.70,Partly Cloudy
9/20/2022,4:00 AM,77,89,0,29.70,Mostly Cloudy
9/20/2022,4:30 AM,77,89,0,29.70,Mostly Cloudy
9/20/2022,5:00 AM,75,94,0,29.70,Mostly Cloudy
9/20/2022,5:30 AM,75,94,0,29.70,Mostly Cloudy
9/20/2022,6:00 AM,75,94,0,29.70,Mostly Cloudy
9/20/2022,6:30 AM,75,94,0,29.73,Partly Cloudy
9/20/2022,7:00 AM,75,100,0,29.73,Partly Cloudy
9/20/2022,7:30 AM,79,89,0,29.73,Partly Cloudy
9/20/2022,8:00 AM,81,84,0,29.76,Partly Cloudy
9/20/2022,8:30 AM,82,79,0,29.76,Partly Cloudy
9/20/2022,9:00 AM,86,70,0,29.79,Partly Cloudy
9/20/2022,9:30 AM,88,62,0,29.79,Partly Cloudy
9/20/2022,10:00 AM,88,66,8,29.76,Partly Cloudy
9/20/2022,10:30 AM,88,62,8,29.76,Partly Cloudy
9/20/2022,11:00 AM,90,59,6,29.76,Showers in the Vicinity
9/20/2022,11:30 AM,90,59,9,29.73,Light Rain
9/20/2022,12:00 PM,75,94,8,29.73,Light Rain with Thunder
9/20/2022,12:30 PM,79,89,8,29.73,Light Rain
9/20/2022,1:00 PM,79,89,6,29.70,Mostly Cloudy
9/20/2022,1:30 PM,81,84,6,29.70,Mostly Cloudy
9/20/2022,2:00 PM,82,74,7,29.70,Mostly Cloudy
9/20/2022,2:30 PM,84,74,6,29.67,Mostly Cloudy
9/20/2022,3:00 PM,82,79,9,29.67,Showers in the Vicinity
9/20/2022,3:30 PM,82,74,8,29.67,Showers in the Vicinity
9/20/2022,4:00 PM,81,74,7,29.67,Showers in the Vicinity
9/20/2022,4:30 PM,81,74,5,29.67,Showers in the Vicinity
9/20/2022,5:00 PM,81,79,3,29.67,Showers in the Vicinity
9/20/2022,5:30 PM,79,83,5,29.67,Mostly Cloudy
9/20/2022,6:00 PM,77,89,3,29.67,Mostly Cloudy
9/20/2022,6:30 PM,77,89,3,29.67,Mostly Cloudy
9/20/2022,7:00 PM,77,89,0,29.67,Mostly Cloudy
9/20/2022,7:30 PM,77,89,0,29.67,Partly Cloudy
9/20/2022,8:00 PM,77,89,2,29.70,Partly Cloudy
9/20/2022,8:30 PM,77,94,0,29.73,Partly Cloudy
9/20/2022,9:00 PM,77,94,0,29.73,Mostly Cloudy
9/20/2022,9:30 PM,77,94,0,29.73,Mostly Cloudy
9/20/2022,10:00 PM,75,100,0,29.76,Mostly Cloudy
9/20/2022,10:30 PM,75,100,0,29.76,Partly Cloudy
9/20/2022,11:00 PM,75,94,0,29.76,Partly Cloudy
9/20/2022,11:30 PM,75,94,0,29.76,Partly Cloudy
9/21/2022,12:00 AM,75,94,0,29.73,Partly Cloudy
9/21/2022,12:30 AM,75,94,0,29.73,Partly Cloudy
9/21/2022,1:00 AM,77,94,0,29.73,Mostly Cloudy
9/21/2022,1:30 AM,77,94,0,29.70,Mostly Cloudy
9/21/2022,2:00 AM,75,100,3,29.70,Mostly Cloudy
9/21/2022,2:30 AM,75,100,3,29.70,Mostly Cloudy
9/21/2022,3:00 AM,75,100,3,29.70,Mostly Cloudy
9/21/2022,3:30 AM,75,100,3,29.70,Mostly Cloudy
9/21/2022,4:00 AM,75,94,2,29.70,Mostly Cloudy
9/21/2022,4:30 AM,75,94,0,29.70,Partly Cloudy
9/21/2022,5:00 AM,75,94,0,29.67,Partly Cloudy
9/21/2022,5:30 AM,75,94,0,29.67,Fair
9/21/2022,6:00 AM,75,94,0,29.67,Fair
9/21/2022,6:30 AM,75,94,0,29.70,Fair
9/21/2022,7:00 AM,77,94,0,29.70,Fair
9/21/2022,7:30 AM,79,94,3,29.73,Fair
9/21/2022,8:00 AM,81,84,5,29.73,Fair
9/21/2022,8:30 AM,84,74,5,29.73,Fair
9/21/2022,9:00 AM,84,79,5,29.73,Partly Cloudy
9/21/2022,9:30 AM,86,70,7,29.73,Partly Cloudy
9/21/2022,10:00 AM,88,62,5,29.73,Partly Cloudy
9/21/2022,10:30 AM,88,62,5,29.73,Partly Cloudy
9/21/2022,11:00 AM,90,59,2,29.73,Partly Cloudy
9/21/2022,11:30 AM,90,59,3,29.70,Partly Cloudy
9/21/2022,12:00 PM,91,52,6,29.70,Partly Cloudy
9/21/2022,12:30 PM,90,59,10,29.67,Showers in the Vicinity
9/21/2022,1:00 PM,90,59,10,29.67,Mostly Cloudy
9/21/2022,1:30 PM,77,94,7,29.67,Light Rain with Thunder
9/21/2022,2:00 PM,86,74,13,29.64,Mostly Cloudy
9/21/2022,2:30 PM,84,70,12,29.64,Mostly Cloudy
9/21/2022,3:00 PM,84,70,10,29.64,Mostly Cloudy
9/21/2022,3:30 PM,84,70,10,29.64,Mostly Cloudy
9/21/2022,4:00 PM,84,70,8,29.61,Mostly Cloudy
9/21/2022,4:30 PM,82,74,8,29.61,Mostly Cloudy
9/21/2022,5:00 PM,82,74,7,29.61,Mostly Cloudy
9/21/2022,5:30 PM,82,79,7,29.61,Mostly Cloudy
9/21/2022,6:00 PM,82,74,6,29.61,Mostly Cloudy
9/21/2022,6:30 PM,82,74,6,29.64,Mostly Cloudy
9/21/2022,7:00 PM,81,79,6,29.64,Mostly Cloudy
9/21/2022,7:30 PM,81,84,5,29.67,Fair
9/21/2022,8:00 PM,79,89,0,29.67,Fair
9/21/2022,8:30 PM,79,89,5,29.70,Fair
9/21/2022,9:00 PM,79,89,3,29.70,Fair
9/21/2022,9:30 PM,79,89,2,29.73,Fair
9/21/2022,10:00 PM,79,89,0,29.73,Fair
9/21/2022,10:30 PM,79,89,2,29.73,Fair
9/21/2022,11:00 PM,77,94,0,29.73,Fair
9/21/2022,11:30 PM,77,94,0,29.76,Fair
9/22/2022,12:00 AM,79,89,3,29.73,Fair
9/22/2022,12:30 AM,79,89,0,29.73,Fair
9/22/2022,1:00 AM,77,94,0,29.70,Fair
9/22/2022,1:30 AM,77,94,0,29.70,Fair
9/22/2022,2:00 AM,75,100,0,29.67,Fair
9/22/2022,2:30 AM,75,100,0,29.67,Fair
9/22/2022,3:00 AM,75,100,0,29.67,Fair
9/22/2022,3:30 AM,75,100,0,29.67,Fair
9/22/2022,4:00 AM,75,100,0,29.67,Fair
9/22/2022,4:30 AM,75,94,0,29.67,Fair
9/22/2022,5:00 AM,75,94,6,29.67,Fair
9/22/2022,5:30 AM,77,89,6,29.67,Fair
9/22/2022,6:00 AM,75,94,1,29.67,Fair
9/22/2022,6:30 AM,75,94,0,29.70,Fair
9/22/2022,7:00 AM,75,94,0,29.70,Partly Cloudy
9/22/2022,7:30 AM,77,89,2,29.73,Partly Cloudy
9/22/2022,8:00 AM,79,83,6,29.73,Mostly Cloudy
9/22/2022,8:30 AM,79,83,6,29.76,Mostly Cloudy
9/22/2022,9:00 AM,81,79,7,29.76,Mostly Cloudy
9/22/2022,9:30 AM,82,74,7,29.76,Mostly Cloudy
9/22/2022,10:00 AM,82,79,8,29.76,Mostly Cloudy
9/22/2022,10:30 AM,82,74,8,29.76,Mostly Cloudy
9/22/2022,11:00 AM,82,74,9,29.76,Mostly Cloudy
9/22/2022,11:30 AM,82,74,12,29.73,Mostly Cloudy
9/22/2022,12:00 PM,84,70,13,29.73,Light Rain
9/22/2022,12:30 PM,79,83,10,29.73,Light Rain
9/22/2022,1:00 PM,79,83,7,29.70,Mostly Cloudy
9/22/2022,1:30 PM,82,74,9,29.67,Mostly Cloudy
9/22/2022,2:00 PM,84,66,10,29.67,Mostly Cloudy
9/22/2022,2:30 PM,86,66,10,29.64,Mostly Cloudy
9/22/2022,3:00 PM,84,66,17,29.64,Mostly Cloudy
9/22/2022,3:30 PM,82,62,15,29.64,Mostly Cloudy
9/22/2022,4:00 PM,81,70,13,29.64,Mostly Cloudy
9/22/2022,4:30 PM,81,70,7,29.64,Mostly Cloudy
9/22/2022,5:00 PM,81,74,12,29.64,Mostly Cloudy
9/22/2022,5:30 PM,81,74,9,29.64,Mostly Cloudy
9/22/2022,6:00 PM,81,74,6,29.64,Mostly Cloudy
9/22/2022,6:30 PM,79,78,5,29.67,Mostly Cloudy
9/22/2022,7:00 PM,79,78,3,29.67,Mostly Cloudy
9/22/2022,7:30 PM,79,78,7,29.67,Partly Cloudy
9/22/2022,8:00 PM,79,78,6,29.67,Fair
9/22/2022,8:30 PM,79,83,2,29.70,Fair
9/22/2022,9:00 PM,77,89,3,29.73,Fair
9/22/2022,9:30 PM,77,83,3,29.73,Fair
9/22/2022,10:00 PM,75,94,0,29.73,Fair
9/22/2022,10:30 PM,75,94,0,29.73,Fair
9/22/2022,11:00 PM,75,94,0,29.73,Fair
9/22/2022,11:30 PM,75,94,0,29.73,Fair
9/23/2022,12:00 AM,75,94,5,29.73,Partly Cloudy
9/23/2022,12:30 AM,75,94,0,29.73,Partly Cloudy
9/23/2022,1:00 AM,75,94,0,29.70,Partly Cloudy
9/23/2022,1:30 AM,75,94,0,29.70,Partly Cloudy
9/23/2022,2:00 AM,75,94,0,29.70,Partly Cloudy
9/23/2022,2:30 AM,75,94,0,29.70,Partly Cloudy
9/23/2022,3:00 AM,73,100,0,29.67,Mostly Cloudy
9/23/2022,3:30 AM,73,100,0,29.67,Mostly Cloudy
9/23/2022,4:00 AM,75,94,0,29.67,Partly Cloudy
9/23/2022,4:30 AM,75,94,0,29.67,Partly Cloudy
9/23/2022,5:00 AM,73,100,0,29.67,Partly Cloudy
9/23/2022,5:30 AM,73,100,0,29.67,Partly Cloudy
9/23/2022,6:00 AM,73,100,0,29.70,Fair
9/23/2022,6:30 AM,73,100,0,29.70,Fair
9/23/2022,7:00 AM,75,94,3,29.73,Fair
9/23/2022,7:30 AM,79,89,2,29.73,Partly Cloudy
9/23/2022,8:00 AM,81,84,2,29.73,Partly Cloudy
9/23/2022,8:30 AM,82,79,5,29.73,Mostly Cloudy
9/23/2022,9:00 AM,82,74,7,29.76,Mostly Cloudy
9/23/2022,9:30 AM,82,79,7,29.76,Mostly Cloudy
9/23/2022,10:00 AM,84,70,7,29.76,Mostly Cloudy
9/23/2022,10:30 AM,86,70,5,29.73,Mostly Cloudy
9/23/2022,11:00 AM,88,66,8,29.73,Mostly Cloudy
9/23/2022,11:30 AM,88,62,12,29.73,Mostly Cloudy
9/23/2022,12:00 PM,90,59,10,29.70,Mostly Cloudy
9/23/2022,12:30 PM,90,62,9,29.67,Mostly Cloudy
9/23/2022,1:00 PM,88,62,14,29.67,Showers in the Vicinity
9/23/2022,1:30 PM,88,62,9,29.67,Mostly Cloudy
9/23/2022,2:00 PM,86,66,10,29.64,Mostly Cloudy
9/23/2022,2:30 PM,88,62,10,29.64,Mostly Cloudy
9/23/2022,3:00 PM,77,89,16,29.64,Light Rain
9/23/2022,3:30 PM,81,84,5,29.64,Mostly Cloudy
9/23/2022,4:00 PM,81,84,6,29.64,Mostly Cloudy
9/23/2022,4:30 PM,81,84,5,29.64,Mostly Cloudy
9/23/2022,5:00 PM,82,79,3,29.64,Mostly Cloudy
9/23/2022,5:30 PM,82,74,6,29.64,Mostly Cloudy
9/23/2022,6:00 PM,81,79,5,29.67,Mostly Cloudy
9/23/2022,6:30 PM,81,79,6,29.67,Mostly Cloudy
9/23/2022,7:00 PM,81,79,6,29.67,Mostly Cloudy
9/23/2022,7:30 PM,79,83,3,29.67,Mostly Cloudy
9/23/2022,8:00 PM,79,83,5,29.70,Mostly Cloudy
9/23/2022,8:30 PM,79,83,5,29.70,Mostly Cloudy
9/23/2022,9:00 PM,79,83,3,29.70,Mostly Cloudy
9/23/2022,9:30 PM,77,89,3,29.73,Mostly Cloudy
9/23/2022,10:00 PM,77,89,5,29.73,Mostly Cloudy
9/23/2022,10:30 PM,77,94,3,29.73,Mostly Cloudy
9/23/2022,11:00 PM,77,89,5,29.73,Mostly Cloudy
9/23/2022,11:30 PM,77,89,3,29.73,Mostly Cloudy
9/24/2022,12:00 AM,77,89,5,29.73,Mostly Cloudy
9/24/2022,12:30 AM,77,89,5,29.73,Mostly Cloudy
9/24/2022,1:00 AM,77,89,2,29.70,Mostly Cloudy
9/24/2022,1:30 AM,75,94,3,29.70,Mostly Cloudy
9/24/2022,2:00 AM,75,94,3,29.67,Mostly Cloudy
9/24/2022,2:30 AM,75,94,0,29.67,Mostly Cloudy
9/24/2022,3:00 AM,75,94,0,29.64,Partly Cloudy
9/24/2022,3:30 AM,75,94,0,29.64,Partly Cloudy
9/24/2022,4:00 AM,75,94,3,29.64,Partly Cloudy
9/24/2022,4:30 AM,75,94,5,29.64,Partly Cloudy
9/24/2022,5:00 AM,75,94,5,29.64,Fair
9/24/2022,5:30 AM,75,94,5,29.67,Fair
9/24/2022,6:00 AM,75,94,6,29.67,Fair
9/24/2022,6:30 AM,75,94,3,29.70,Fair
9/24/2022,7:00 AM,75,94,3,29.70,Fair
9/24/2022,7:30 AM,79,89,7,29.70,Partly Cloudy
9/24/2022,8:00 AM,79,89,6,29.70,Partly Cloudy
9/24/2022,8:30 AM,81,84,6,29.70,Partly Cloudy
9/24/2022,9:00 AM,84,74,6,29.73,Partly Cloudy
9/24/2022,9:30 AM,84,70,8,29.73,Partly Cloudy
9/24/2022,10:00 AM,84,70,9,29.73,Partly Cloudy
9/24/2022,10:30 AM,86,66,8,29.73,Partly Cloudy
9/24/2022,11:00 AM,88,62,10,29.73,Partly Cloudy
9/24/2022,11:30 AM,88,58,12,29.70,Partly Cloudy
9/24/2022,12:00 PM,90,55,12,29.67,Partly Cloudy
9/24/2022,12:30 PM,90,59,10,29.67,Partly Cloudy
9/24/2022,1:00 PM,90,55,13,29.64,Partly Cloudy
9/24/2022,1:30 PM,91,52,13,29.64,Partly Cloudy
9/24/2022,2:00 PM,90,55,13,29.61,Partly Cloudy
9/24/2022,2:30 PM,90,55,14,29.61,Partly Cloudy
9/24/2022,3:00 PM,91,55,12,29.58,Fair
9/24/2022,3:30 PM,91,52,13,29.58,Fair
9/24/2022,4:00 PM,90,59,13,29.58,Partly Cloudy
9/24/2022,4:30 PM,84,70,20,29.58,Light Rain
9/24/2022,5:00 PM,81,79,8,29.61,Light Rain
9/24/2022,5:30 PM,81,84,7,29.61,Mostly Cloudy
9/24/2022,6:00 PM,81,84,7,29.61,Mostly Cloudy
9/24/2022,6:30 PM,81,79,6,29.61,Fair
9/24/2022,7:00 PM,81,79,3,29.64,Partly Cloudy
9/24/2022,7:30 PM,81,79,6,29.64,Fair
9/24/2022,8:00 PM,81,79,6,29.64,Fair
9/24/2022,8:30 PM,81,79,5,29.67,Fair
9/24/2022,9:00 PM,79,83,0,29.67,Fair
9/24/2022,9:30 PM,77,89,0,29.70,Fair
9/24/2022,10:00 PM,77,94,3,29.70,Fair
9/24/2022,10:30 PM,77,94,5,29.70,Fair
9/24/2022,11:00 PM,77,89,5,29.70,Fair
9/24/2022,11:30 PM,77,89,0,29.70,Fair
9/25/2022,12:00 AM,77,94,0,29.70,Fair
9/25/2022,12:30 AM,77,94,0,29.70,Fair
9/25/2022,1:00 AM,75,100,0,29.67,Fair
9/25/2022,1:30 AM,75,100,0,29.67,Fair
9/25/2022,2:00 AM,75,100,0,29.67,Fair
9/25/2022,2:30 AM,75,100,0,29.64,Fair
9/25/2022,3:00 AM,75,100,0,29.64,Fair
9/25/2022,3:30 AM,75,94,0,29.64,Fair
9/25/2022,4:00 AM,75,100,0,29.64,Fair
9/25/2022,4:30 AM,75,100,3,29.64,Fair
9/25/2022,5:00 AM,75,100,3,29.64,Fair
9/25/2022,5:30 AM,75,100,0,29.64,Fair
9/25/2022,6:00 AM,75,100,0,29.67,Fair
9/25/2022,6:30 AM,75,100,2,29.67,Fair
9/25/2022,7:00 AM,77,94,3,29.70,Fair
9/25/2022,7:30 AM,79,89,6,29.70,Fair
9/25/2022,8:00 AM,81,89,7,29.70,Fair
9/25/2022,8:30 AM,81,84,9,29.73,Partly Cloudy
9/25/2022,9:00 AM,84,66,9,29.73,Fair
9/25/2022,9:30 AM,84,70,9,29.73,Partly Cloudy
9/25/2022,10:00 AM,82,74,9,29.73,Mostly Cloudy
9/25/2022,10:30 AM,81,79,12,29.76,Mostly Cloudy
9/25/2022,11:00 AM,81,79,8,29.73,Mostly Cloudy
9/25/2022,11:30 AM,82,79,7,29.73,Mostly Cloudy
9/25/2022,12:00 PM,84,74,8,29.70,Mostly Cloudy
9/25/2022,12:30 PM,84,74,7,29.67,Mostly Cloudy
9/25/2022,1:00 PM,86,66,9,29.67,Mostly Cloudy
9/25/2022,1:30 PM,86,70,8,29.64,Mostly Cloudy
9/25/2022,2:00 PM,86,70,9,29.64,Mostly Cloudy
9/25/2022,2:30 PM,86,70,9,29.61,Mostly Cloudy
9/25/2022,3:00 PM,86,70,9,29.61,Mostly Cloudy
9/25/2022,3:30 PM,88,58,10,29.61,Mostly Cloudy
9/25/2022,4:00 PM,88,58,10,29.61,Mostly Cloudy
9/25/2022,4:30 PM,88,62,9,29.58,Mostly Cloudy
9/25/2022,5:00 PM,88,62,9,29.61,Partly Cloudy
9/25/2022,5:30 PM,86,66,7,29.61,Partly Cloudy
9/25/2022,6:00 PM,86,66,8,29.61,Partly Cloudy
9/25/2022,6:30 PM,84,70,5,29.61,Fair
9/25/2022,7:00 PM,82,74,0,29.64,Fair
9/25/2022,7:30 PM,82,74,0,29.64,Fair
9/25/2022,8:00 PM,81,79,0,29.67,Fair
9/25/2022,8:30 PM,81,79,0,29.67,Fair
9/25/2022,9:00 PM,81,84,0,29.70,Fair
9/25/2022,9:30 PM,79,89,2,29.70,Fair
9/25/2022,10:00 PM,79,89,5,29.73,Fair
9/25/2022,10:30 PM,79,89,3,29.73,Fair
9/25/2022,11:00 PM,79,89,6,29.73,Fair
9/25/2022,11:30 PM,79,89,5,29.73,Fair
9/26/2022,12:00 AM,77,94,0,29.73,Fair
9/26/2022,12:30 AM,77,94,0,29.70,Fair
9/26/2022,1:00 AM,77,94,0,29.70,Fair
9/26/2022,1:30 AM,77,94,0,29.67,Fair
9/26/2022,2:00 AM,77,94,0,29.67,Fair
9/26/2022,2:30 AM,77,94,0,29.67,Fair
9/26/2022,3:00 AM,77,94,0,29.67,Fair
9/26/2022,3:30 AM,77,94,0,29.67,Fair
9/26/2022,4:00 AM,75,100,0,29.67,Fair
9/26/2022,4:30 AM,75,100,0,29.67,Fair
9/26/2022,5:00 AM,75,100,0,29.67,Fair
9/26/2022,5:30 AM,75,100,0,29.67,Fair
9/26/2022,6:00 AM,75,94,0,29.67,Fair
9/26/2022,6:30 AM,75,94,0,29.70,Fair
9/26/2022,7:00 AM,75,100,0,29.70,Fair
9/26/2022,7:30 AM,77,94,0,29.70,Fair
9/26/2022,8:00 AM,79,94,0,29.70,Fair
9/26/2022,8:30 AM,82,84,2,29.70,Fair
9/26/2022,9:00 AM,84,74,3,29.70,Fair
9/26/2022,9:30 AM,86,70,5,29.70,Fair
9/26/2022,10:00 AM,88,66,2,29.70,Fair
9/26/2022,10:30 AM,88,58,5,29.70,Fair
9/26/2022,11:00 AM,90,59,6,29.70,Partly Cloudy
9/26/2022,11:30 AM,91,55,6,29.70,Partly Cloudy
9/26/2022,12:00 PM,90,55,3,29.70,Partly Cloudy
9/26/2022,12:30 PM,91,55,3,29.67,Partly Cloudy
9/26/2022,1:00 PM,91,59,6,29.67,Partly Cloudy
9/26/2022,1:30 PM,93,52,7,29.64,Partly Cloudy
9/26/2022,2:00 PM,93,52,7,29.64,Partly Cloudy
9/26/2022,2:30 PM,91,55,8,29.61,Partly Cloudy
9/26/2022,3:00 PM,93,49,10,29.61,Showers in the Vicinity
9/26/2022,3:30 PM,93,49,9,29.58,Showers in the Vicinity
9/26/2022,4:00 PM,93,49,9,29.58,Fair
9/26/2022,4:30 PM,91,52,10,29.58,Fair
9/26/2022,5:00 PM,91,49,9,29.58,Fair
9/26/2022,5:30 PM,90,55,7,29.58,Fair
9/26/2022,6:00 PM,88,62,7,29.61,Fair
9/26/2022,6:30 PM,86,66,8,29.61,Fair
9/26/2022,7:00 PM,86,66,6,29.64,Fair
9/26/2022,7:30 PM,86,62,0,29.64,Fair
9/26/2022,8:00 PM,84,70,0,29.67,Fair
9/26/2022,8:30 PM,82,70,0,29.70,Fair
9/26/2022,9:00 PM,82,74,0,29.70,Fair
9/26/2022,9:30 PM,82,74,0,29.73,Fair
9/26/2022,10:00 PM,81,79,0,29.70,Fair
9/26/2022,10:30 PM,79,83,0,29.73,Fair
9/26/2022,11:00 PM,79,83,0,29.70,Fair
9/26/2022,11:30 PM,79,83,0,29.70,Fair
9/27/2022,12:00 AM,79,83,0,29.70,Fair
9/27/2022,12:30 AM,77,89,0,29.70,Fair
9/27/2022,1:00 AM,77,89,0,29.70,Fair
9/27/2022,1:30 AM,77,89,0,29.70,Fair
9/27/2022,2:00 AM,77,89,0,29.67,Fair
9/27/2022,2:30 AM,77,94,0,29.67,Fair
9/27/2022,3:00 AM,77,94,0,29.64,Fair
9/27/2022,3:30 AM,77,94,0,29.64,Fair
9/27/2022,4:00 AM,75,100,0,29.64,Fair
9/27/2022,4:30 AM,75,94,0,29.64,Fair
9/27/2022,5:00 AM,75,94,0,29.67,Partly Cloudy
9/27/2022,5:30 AM,75,94,0,29.67,Partly Cloudy
9/27/2022,6:00 AM,75,94,0,29.67,Partly Cloudy
9/27/2022,6:30 AM,75,94,0,29.67,Partly Cloudy
9/27/2022,7:00 AM,77,94,0,29.70,Partly Cloudy
9/27/2022,7:30 AM,77,94,0,29.70,Partly Cloudy
9/27/2022,8:00 AM,77,94,0,29.70,Partly Cloudy
9/27/2022,8:30 AM,81,84,0,29.73,Partly Cloudy
9/27/2022,9:00 AM,81,89,0,29.73,Partly Cloudy
9/27/2022,9:30 AM,84,79,0,29.73,Partly Cloudy
9/27/2022,10:00 AM,86,70,0,29.73,Fair
9/27/2022,10:30 AM,88,66,0,29.70,Fair
9/27/2022,11:00 AM,88,66,0,29.70,Partly Cloudy
9/27/2022,11:30 AM,90,62,0,29.67,Partly Cloudy
9/27/2022,12:00 PM,90,59,0,29.67,Partly Cloudy
9/27/2022,12:30 PM,86,66,7,29.67,Light Rain
9/27/2022,1:00 PM,88,62,2,29.64,Showers in the Vicinity
9/27/2022,1:30 PM,84,74,0,29.61,Showers in the Vicinity
9/27/2022,2:00 PM,84,74,7,29.61,Showers in the Vicinity
9/27/2022,2:30 PM,84,74,6,29.61,Showers in the Vicinity
9/27/2022,3:00 PM,84,74,7,29.58,Mostly Cloudy
9/27/2022,3:30 PM,84,79,6,29.58,Mostly Cloudy
9/27/2022,4:00 PM,86,74,3,29.58,Mostly Cloudy
9/27/2022,4:30 PM,90,62,3,29.58,Mostly Cloudy
9/27/2022,5:00 PM,88,58,3,29.58,Mostly Cloudy
9/27/2022,5:30 PM,88,62,6,29.58,Mostly Cloudy
9/27/2022,6:00 PM,84,79,9,29.61,Mostly Cloudy
9/27/2022,6:30 PM,82,84,0,29.61,Showers in the Vicinity
9/27/2022,7:00 PM,82,79,0,29.64,Mostly Cloudy
9/27/2022,7:30 PM,81,84,0,29.64,Mostly Cloudy
9/27/2022,8:00 PM,81,84,2,29.67,Mostly Cloudy
9/27/2022,8:30 PM,79,89,0,29.67,Partly Cloudy
9/27/2022,9:00 PM,79,89,0,29.67,Partly Cloudy
9/27/2022,9:30 PM,79,89,0,29.70,Mostly Cloudy
9/27/2022,10:00 PM,79,89,0,29.70,Light Rain
9/27/2022,10:30 PM,79,94,3,29.70,Light Rain
9/27/2022,11:00 PM,77,94,0,29.70,Light Rain
9/27/2022,11:30 PM,77,94,0,29.70,Light Rain
9/28/2022,12:00 AM,77,94,0,29.70,Mostly Cloudy
9/28/2022,12:30 AM,77,94,0,29.67,Mostly Cloudy
9/28/2022,1:00 AM,77,94,0,29.67,Mostly Cloudy
9/28/2022,1:30 AM,77,94,0,29.64,Mostly Cloudy
9/28/2022,2:00 AM,77,94,3,29.64,Light Rain
9/28/2022,2:30 AM,77,94,2,29.61,Light Rain
9/28/2022,3:00 AM,75,100,0,29.61,Mostly Cloudy
9/28/2022,3:30 AM,75,100,2,29.61,Light Rain
9/28/2022,4:00 AM,75,100,0,29.61,Mostly Cloudy
9/28/2022,4:30 AM,75,100,0,29.61,Light Rain
9/28/2022,5:00 AM,77,94,2,29.64,Light Rain
9/28/2022,5:30 AM,75,100,0,29.64,Light Rain
9/28/2022,6:00 AM,75,100,0,29.64,Light Rain
9/28/2022,6:30 AM,75,94,0,29.64,Light Rain
9/28/2022,7:00 AM,75,94,2,29.64,Light Rain
9/28/2022,7:30 AM,75,94,6,29.67,Light Rain
9/28/2022,8:00 AM,75,94,7,29.67,Light Rain
9/28/2022,8:30 AM,75,94,6,29.67,Light Rain
9/28/2022,9:00 AM,77,89,6,29.70,Light Rain
9/28/2022,9:30 AM,77,94,6,29.70,Light Rain
9/28/2022,10:00 AM,77,94,5,29.70,Light Rain
9/28/2022,10:30 AM,77,94,6,29.67,Light Rain
9/28/2022,11:00 AM,77,94,5,29.64,Light Rain
9/28/2022,11:30 AM,79,89,3,29.64,Light Rain
9/28/2022,12:00 PM,81,84,6,29.64,Mostly Cloudy
9/28/2022,12:30 PM,81,89,7,29.61,Mostly Cloudy
9/28/2022,1:00 PM,82,84,8,29.61,Light Rain
9/28/2022,1:30 PM,82,79,8,29.58,Mostly Cloudy
9/28/2022,2:00 PM,86,70,12,29.58,Mostly Cloudy
9/28/2022,2:30 PM,86,70,13,29.55,Mostly Cloudy
9/28/2022,3:00 PM,86,70,10,29.55,Mostly Cloudy
9/28/2022,3:30 PM,84,74,8,29.58,Light Rain
9/28/2022,4:00 PM,82,79,6,29.58,Light Rain
9/28/2022,4:30 PM,81,89,6,29.58,Light Rain
9/28/2022,5:00 PM,77,94,6,29.58,Light Rain
9/28/2022,5:30 PM,77,94,5,29.58,Light Rain
9/28/2022,6:00 PM,77,94,3,29.58,Light Rain
9/28/2022,6:30 PM,77,94,5,29.58,Light Rain
9/28/2022,7:00 PM,77,94,0,29.61,Mostly Cloudy
9/28/2022,7:30 PM,77,94,0,29.61,Light Rain
9/28/2022,8:00 PM,79,89,6,29.61,Light Rain
9/28/2022,8:30 PM,79,89,7,29.64,Light Rain
9/28/2022,9:00 PM,77,100,2,29.64,Light Rain
9/28/2022,9:30 PM,77,100,0,29.64,Mostly Cloudy
9/28/2022,10:00 PM,77,100,0,29.64,Mostly Cloudy
9/28/2022,10:30 PM,77,100,0,29.64,Mostly Cloudy
9/28/2022,11:00 PM,77,94,3,29.64,Light Rain
9/28/2022,11:30 PM,77,94,3,29.64,Light Rain
9/29/2022,12:00 AM,77,94,2,29.64,Mostly Cloudy
9/29/2022,12:30 AM,77,94,0,29.64,Mostly Cloudy
9/29/2022,1:00 AM,77,94,0,29.61,Mostly Cloudy
9/29/2022,1:30 AM,77,94,0,29.61,Light Rain
9/29/2022,2:00 AM,77,94,2,29.61,Light Rain
9/29/2022,2:30 AM,77,94,0,29.58,Light Rain
9/29/2022,3:00 AM,77,94,0,29.58,Light Rain
9/29/2022,3:30 AM,77,94,0,29.58,Light Rain
9/29/2022,4:00 AM,77,94,0,29.58,Mostly Cloudy
9/29/2022,4:30 AM,77,100,0,29.58,Mostly Cloudy
9/29/2022,5:00 AM,77,100,0,29.58,Mostly Cloudy
9/29/2022,5:30 AM,77,100,0,29.58,Mostly Cloudy
9/29/2022,6:00 AM,77,100,0,29.58,Partly Cloudy
9/29/2022,6:30 AM,77,94,0,29.58,Partly Cloudy
9/29/2022,7:00 AM,77,94,5,29.61,Partly Cloudy
9/29/2022,7:30 AM,81,89,3,29.61,Partly Cloudy
9/29/2022,8:00 AM,82,84,3,29.64,Partly Cloudy
9/29/2022,8:30 AM,84,79,6,29.64,Partly Cloudy
9/29/2022,9:00 AM,86,74,3,29.64,Showers in the Vicinity
9/29/2022,9:30 AM,86,70,8,29.64,Partly Cloudy
9/29/2022,10:00 AM,86,66,13,29.64,Showers in the Vicinity
9/29/2022,10:30 AM,86,70,9,29.64,Showers in the Vicinity
9/29/2022,11:00 AM,84,74,9,29.64,Light Rain
9/29/2022,11:30 AM,81,84,14,29.64,Light Rain
9/29/2022,12:00 PM,86,74,7,29.61,Mostly Cloudy
9/29/2022,12:30 PM,86,70,10,29.61,Showers in the Vicinity
9/29/2022,1:00 PM,84,74,8,29.61,Light Rain
9/29/2022,1:30 PM,86,70,10,29.61,Showers in the Vicinity
9/29/2022,2:00 PM,86,70,9,29.58,Showers in the Vicinity
9/29/2022,2:30 PM,82,79,5,29.58,Showers in the Vicinity
9/29/2022,3:00 PM,81,84,6,29.58,Light Rain
9/29/2022,3:30 PM,77,100,3,29.58,Light Rain
9/29/2022,4:00 PM,79,94,5,29.58,Light Rain
9/29/2022,4:30 PM,79,94,0,29.58,Light Rain
9/29/2022,5:00 PM,79,94,2,29.58,Light Rain
9/29/2022,5:30 PM,79,89,8,29.61,Light Rain
9/29/2022,6:00 PM,77,89,10,29.61,Light Rain
9/29/2022,6:30 PM,77,89,6,29.61,Light Rain
9/29/2022,7:00 PM,77,94,0,29.64,Light Rain
9/29/2022,7:30 PM,77,94,2,29.64,Light Rain
9/29/2022,8:00 PM,77,94,0,29.64,Light Rain
9/29/2022,8:30 PM,77,94,0,29.64,Mostly Cloudy
9/29/2022,9:00 PM,77,94,3,29.67,Mostly Cloudy
9/29/2022,9:30 PM,77,94,2,29.67,Mostly Cloudy
9/29/2022,10:00 PM,77,94,2,29.67,Mostly Cloudy
9/29/2022,10:30 PM,77,94,2,29.67,Mostly Cloudy
9/29/2022,11:00 PM,77,94,0,29.70,Mostly Cloudy
9/29/2022,11:30 PM,77,94,0,29.67,Mostly Cloudy
9/30/2022,12:00 AM,77,94,0,29.67,Mostly Cloudy
9/30/2022,12:30 AM,77,94,0,29.67,Mostly Cloudy
9/30/2022,1:00 AM,77,94,0,29.67,Mostly Cloudy
9/30/2022,1:30 AM,77,94,0,29.67,Mostly Cloudy
9/30/2022,2:00 AM,77,94,0,29.64,Mostly Cloudy
9/30/2022,2:30 AM,77,100,0,29.64,Light Rain
9/30/2022,3:00 AM,77,94,0,29.64,Light Rain
9/30/2022,3:30 AM,77,94,0,29.64,Light Rain
9/30/2022,4:00 AM,75,94,16,29.67,Light Rain
9/30/2022,4:30 AM,75,94,6,29.67,Light Rain
9/30/2022,5:00 AM,75,100,0,29.67,Light Rain
9/30/2022,5:30 AM,75,100,0,29.67,Light Rain
9/30/2022,6:00 AM,75,100,0,29.67,Light Rain
9/30/2022,6:30 AM,75,100,0,29.67,Cloudy
9/30/2022,7:00 AM,75,100,3,29.67,Cloudy
9/30/2022,7:30 AM,77,94,3,29.70,Mostly Cloudy
9/30/2022,8:00 AM,79,89,5,29.70,Mostly Cloudy
9/30/2022,8:30 AM,81,89,3,29.70,Mostly Cloudy
9/30/2022,9:00 AM,81,89,5,29.73,Mostly Cloudy
9/30/2022,9:30 AM,82,84,5,29.73,Mostly Cloudy
9/30/2022,10:00 AM,84,79,6,29.70,Mostly Cloudy
9/30/2022,10:30 AM,84,79,8,29.70,Mostly Cloudy
9/30/2022,11:00 AM,84,74,8,29.70,Showers in the Vicinity
9/30/2022,11:30 AM,82,79,13,29.70,Light Rain
9/30/2022,12:00 PM,79,83,12,29.70,Light Rain
9/30/2022,12:30 PM,81,84,7,29.70,Light Rain
9/30/2022,1:00 PM,82,79,3,29.67,Showers in the Vicinity
9/30/2022,1:30 PM,82,79,0,29.67,Light Rain
9/30/2022,2:00 PM,82,79,7,29.64,Showers in the Vicinity
9/30/2022,2:30 PM,82,79,7,29.64,Showers in the Vicinity
9/30/2022,3:00 PM,84,74,7,29.61,Mostly Cloudy
9/30/2022,3:30 PM,86,70,8,29.61,Mostly Cloudy
9/30/2022,4:00 PM,88,70,8,29.61,Mostly Cloudy
9/30/2022,4:30 PM,88,66,7,29.61,Mostly Cloudy
9/30/2022,5:00 PM,86,62,10,29.64,Mostly Cloudy
9/30/2022,5:30 PM,84,70,6,29.64,Mostly Cloudy
9/30/2022,6:00 PM,84,70,8,29.64,Mostly Cloudy
9/30/2022,6:30 PM,82,74,5,29.64,Mostly Cloudy
9/30/2022,7:00 PM,82,74,5,29.64,Mostly Cloudy
9/30/2022,7:30 PM,77,94,9,29.67,Light Rain
9/30/2022,8:00 PM,77,94,7,29.70,Rain
9/30/2022,8:30 PM,77,94,2,29.70,Light Rain
9/30/2022,9:00 PM,77,94,0,29.73,Mostly Cloudy
9/30/2022,9:30 PM,77,94,0,29.73,Light Rain
9/30/2022,10:00 PM,77,94,0,29.73,Light Rain
9/30/2022,10:30 PM,77,89,0,29.73,Mostly Cloudy
9/30/2022,11:00 PM,77,94,5,29.73,Mostly Cloudy
9/30/2022,11:30 PM,75,100,2,29.73,Mostly Cloudy
10/1/2022,12:00 AM,75,100,0,29.73,Light Rain
10/1/2022,12:30 AM,75,100,0,29.73,Light Rain
10/1/2022,1:00 AM,75,100,0,29.70,Mostly Cloudy
10/1/2022,1:30 AM,75,100,0,29.70,Light Rain
10/1/2022,2:00 AM,75,100,0,29.67,Light Rain
10/1/2022,2:30 AM,75,100,0,29.67,Light Rain
10/1/2022,3:00 AM,75,94,3,29.67,Light Rain
10/1/2022,3:30 AM,75,94,5,29.67,Light Rain
10/1/2022,4:00 AM,75,94,8,29.70,Light Rain
10/1/2022,4:30 AM,75,94,6,29.70,Light Rain
10/1/2022,5:00 AM,75,89,2,29.70,Light Rain
10/1/2022,5:30 AM,73,94,0,29.70,Mostly Cloudy
10/1/2022,6:00 AM,73,100,0,29.70,Light Rain
10/1/2022,6:30 AM,75,94,0,29.73,Light Rain
10/1/2022,7:00 AM,75,94,0,29.73,Mostly Cloudy
10/1/2022,7:30 AM,75,94,5,29.73,Mostly Cloudy
10/1/2022,8:00 AM,77,89,2,29.73,Mostly Cloudy
10/1/2022,8:30 AM,77,89,5,29.73,Mostly Cloudy
10/1/2022,9:00 AM,79,83,0,29.76,Mostly Cloudy
10/1/2022,9:30 AM,81,79,3,29.76,Mostly Cloudy
10/1/2022,10:00 AM,81,84,7,29.76,Mostly Cloudy
10/1/2022,10:30 AM,82,70,3,29.76,Mostly Cloudy
10/1/2022,11:00 AM,84,70,3,29.76,Mostly Cloudy
10/1/2022,11:30 AM,86,66,3,29.73,Mostly Cloudy
10/1/2022,12:00 PM,88,66,5,29.73,Mostly Cloudy
10/1/2022,12:30 PM,86,66,13,29.70,Showers in the Vicinity
10/1/2022,1:00 PM,86,70,8,29.70,Mostly Cloudy
10/1/2022,1:30 PM,86,62,7,29.70,Mostly Cloudy
10/1/2022,2:00 PM,86,66,5,29.67,Mostly Cloudy
10/1/2022,2:30 PM,88,58,8,29.67,Mostly Cloudy
10/1/2022,3:00 PM,88,62,9,29.64,Mostly Cloudy
10/1/2022,3:30 PM,88,58,10,29.64,Mostly Cloudy
10/1/2022,4:00 PM,86,66,10,29.64,Mostly Cloudy
10/1/2022,4:30 PM,86,66,7,29.64,Mostly Cloudy
10/1/2022,5:00 PM,84,70,6,29.64,Mostly Cloudy
10/1/2022,5:30 PM,84,70,5,29.64,Mostly Cloudy
10/1/2022,6:00 PM,84,70,3,29.64,Mostly Cloudy
10/1/2022,6:30 PM,82,74,3,29.64,Mostly Cloudy
10/1/2022,7:00 PM,82,74,3,29.67,Mostly Cloudy
10/1/2022,7:30 PM,81,84,3,29.67,Mostly Cloudy
10/1/2022,8:00 PM,81,84,3,29.70,Mostly Cloudy
10/1/2022,8:30 PM,79,83,2,29.70,Mostly Cloudy
10/1/2022,9:00 PM,79,89,2,29.70,Mostly Cloudy
10/1/2022,9:30 PM,79,89,6,29.73,Light Rain
10/1/2022,10:00 PM,79,89,0,29.73,Light Rain
10/1/2022,10:30 PM,77,94,2,29.73,Mostly Cloudy
10/1/2022,11:00 PM,77,94,3,29.73,Mostly Cloudy
10/1/2022,11:30 PM,77,94,2,29.73,Mostly Cloudy
10/2/2022,12:00 AM,77,94,0,29.73,Mostly Cloudy
10/2/2022,12:30 AM,75,100,0,29.73,Mostly Cloudy
10/2/2022,1:00 AM,75,100,0,29.70,Mostly Cloudy
10/2/2022,1:30 AM,75,100,0,29.70,Mostly Cloudy
10/2/2022,2:00 AM,75,100,0,29.67,Mostly Cloudy
10/2/2022,2:30 AM,75,100,0,29.67,Mostly Cloudy
10/2/2022,3:00 AM,75,100,2,29.67,Mostly Cloudy
10/2/2022,3:30 AM,75,100,2,29.67,Mostly Cloudy
10/2/2022,4:00 AM,75,100,0,29.67,Mostly Cloudy
10/2/2022,4:30 AM,75,100,0,29.67,Mostly Cloudy
10/2/2022,5:00 AM,75,94,0,29.67,Mostly Cloudy
10/2/2022,5:30 AM,75,100,0,29.67,Mostly Cloudy
10/2/2022,6:00 AM,75,94,3,29.67,Mostly Cloudy
10/2/2022,6:30 AM,75,94,3,29.67,Mostly Cloudy
10/2/2022,7:00 AM,75,100,0,29.70,Mostly Cloudy
10/2/2022,7:30 AM,77,94,0,29.70,Mostly Cloudy
10/2/2022,8:00 AM,79,89,0,29.73,Mostly Cloudy
10/2/2022,8:30 AM,79,89,3,29.73,Mostly Cloudy
10/2/2022,9:00 AM,82,84,3,29.73,Mostly Cloudy
10/2/2022,9:30 AM,82,79,5,29.73,Mostly Cloudy
10/2/2022,10:00 AM,84,74,3,29.73,Mostly Cloudy
10/2/2022,10:30 AM,86,70,3,29.73,Mostly Cloudy
10/2/2022,11:00 AM,88,66,3,29.70,Partly Cloudy
10/2/2022,11:30 AM,88,66,5,29.70,Partly Cloudy
10/2/2022,12:00 PM,88,62,3,29.70,Mostly Cloudy
10/2/2022,12:30 PM,90,62,6,29.67,Partly Cloudy
10/2/2022,1:00 PM,90,59,5,29.64,Partly Cloudy
10/2/2022,1:30 PM,91,55,3,29.64,Partly Cloudy
10/2/2022,2:00 PM,91,55,3,29.61,Partly Cloudy
10/2/2022,2:30 PM,91,55,6,29.61,Partly Cloudy
10/2/2022,3:00 PM,91,55,3,29.61,Partly Cloudy
10/2/2022,3:30 PM,91,59,7,29.58,Showers in the Vicinity
10/2/2022,4:00 PM,82,74,14,29.61,Light Rain with Thunder
10/2/2022,4:30 PM,73,100,9,29.61,T-Storm
10/2/2022,5:00 PM,75,94,3,29.61,Light Rain with Thunder
10/2/2022,5:30 PM,75,94,6,29.61,Light Rain
10/2/2022,6:00 PM,75,94,5,29.64,Light Rain
10/2/2022,6:30 PM,75,100,3,29.67,Light Rain
10/2/2022,7:00 PM,77,94,3,29.67,Light Rain
10/2/2022,7:30 PM,75,94,0,29.67,Mostly Cloudy
10/2/2022,8:00 PM,75,100,2,29.67,Mostly Cloudy
10/2/2022,8:30 PM,75,100,3,29.70,Mostly Cloudy
10/2/2022,9:00 PM,77,94,3,29.70,Mostly Cloudy
10/2/2022,9:30 PM,77,94,3,29.73,Mostly Cloudy
10/2/2022,10:00 PM,77,94,2,29.73,Mostly Cloudy
10/2/2022,10:30 PM,75,100,0,29.70,Light Rain
10/2/2022,11:00 PM,75,100,0,29.70,Mostly Cloudy
10/2/2022,11:30 PM,75,100,0,29.70,Mostly Cloudy
10/3/2022,12:00 AM,75,100,0,29.70,Mostly Cloudy
10/3/2022,12:30 AM,75,100,0,29.70,Mostly Cloudy
10/3/2022,1:00 AM,75,100,0,29.67,Mostly Cloudy
10/3/2022,1:30 AM,75,100,0,29.67,Mostly Cloudy
10/3/2022,2:00 AM,75,100,0,29.64,Mostly Cloudy
10/3/2022,2:30 AM,75,100,0,29.64,Mostly Cloudy
10/3/2022,3:00 AM,75,100,0,29.64,Mostly Cloudy
10/3/2022,3:30 AM,75,100,0,29.64,Mostly Cloudy
10/3/2022,4:00 AM,75,100,0,29.64,Mostly Cloudy
10/3/2022,4:30 AM,75,100,0,29.64,Mostly Cloudy
10/3/2022,5:00 AM,75,100,0,29.64,Mostly Cloudy
10/3/2022,5:30 AM,75,100,0,29.64,Mostly Cloudy
10/3/2022,6:00 AM,75,100,0,29.64,Mostly Cloudy
10/3/2022,6:30 AM,75,100,0,29.64,Mostly Cloudy
10/3/2022,7:00 AM,75,100,0,29.67,Light Rain
10/3/2022,7:30 AM,75,100,0,29.70,Light Rain
10/3/2022,8:00 AM,77,94,0,29.70,Light Rain
10/3/2022,8:30 AM,77,100,0,29.70,Light Rain
10/3/2022,9:00 AM,77,100,0,29.73,Light Rain
10/3/2022,9:30 AM,77,100,0,29.73,Light Rain
10/3/2022,10:00 AM,79,94,0,29.73,Light Rain
10/3/2022,10:30 AM,79,94,3,29.70,Light Rain
10/3/2022,11:00 AM,81,89,0,29.70,Light Rain
10/3/2022,11:30 AM,81,89,3,29.70,Light Rain
10/3/2022,12:00 PM,81,89,3,29.70,Light Rain
10/3/2022,12:30 PM,82,84,5,29.67,Mostly Cloudy
10/3/2022,1:00 PM,84,79,2,29.67,Mostly Cloudy
10/3/2022,1:30 PM,84,79,3,29.64,Mostly Cloudy
10/3/2022,2:00 PM,84,79,5,29.61,Mostly Cloudy
10/3/2022,2:30 PM,88,66,3,29.61,Mostly Cloudy
10/3/2022,3:00 PM,88,66,5,29.58,Mostly Cloudy
10/3/2022,3:30 PM,88,66,3,29.58,Mostly Cloudy
10/3/2022,4:00 PM,86,70,3,29.58,Showers in the Vicinity
10/3/2022,4:30 PM,82,79,7,29.58,Showers in the Vicinity
10/3/2022,5:00 PM,81,84,7,29.61,Showers in the Vicinity
10/3/2022,5:30 PM,79,89,6,29.61,Mostly Cloudy
10/3/2022,6:00 PM,79,83,5,29.64,Mostly Cloudy
10/3/2022,6:30 PM,79,83,3,29.64,Light Rain
10/3/2022,7:00 PM,79,89,2,29.67,Light Rain
10/3/2022,7:30 PM,79,94,5,29.67,Light Rain
10/3/2022,8:00 PM,77,94,2,29.70,Light Rain
10/3/2022,8:30 PM,77,94,5,29.70,Light Rain
10/3/2022,9:00 PM,77,94,3,29.73,Mostly Cloudy
10/3/2022,9:30 PM,77,94,3,29.73,Mostly Cloudy
10/3/2022,10:00 PM,77,94,0,29.73,Mostly Cloudy
10/3/2022,10:30 PM,77,94,0,29.73,Mostly Cloudy
10/3/2022,11:00 PM,77,94,0,29.73,Mostly Cloudy
10/3/2022,11:30 PM,77,94,1,29.73,Mostly Cloudy
10/4/2022,12:00 AM,77,94,0,29.73,Mostly Cloudy
10/4/2022,12:30 AM,77,94,0,29.70,Mostly Cloudy
10/4/2022,1:00 AM,77,94,0,29.70,Mostly Cloudy
10/4/2022,1:30 AM,77,94,0,29.70,Mostly Cloudy
10/4/2022,2:00 AM,77,94,0,29.67,Mostly Cloudy
10/4/2022,2:30 AM,77,94,0,29.67,Mostly Cloudy
10/4/2022,3:00 AM,75,100,3,29.64,Mostly Cloudy
10/4/2022,3:30 AM,75,100,0,29.64,Mostly Cloudy
10/4/2022,4:00 AM,75,100,0,29.64,Mostly Cloudy
10/4/2022,4:30 AM,75,100,0,29.64,Mostly Cloudy
10/4/2022,5:00 AM,75,100,0,29.64,Mostly Cloudy
10/4/2022,5:30 AM,75,100,0,29.67,Mostly Cloudy
10/4/2022,6:00 AM,75,100,0,29.67,Mostly Cloudy
10/4/2022,6:30 AM,75,100,0,29.67,Mostly Cloudy
10/4/2022,7:00 AM,77,94,0,29.70,Mostly Cloudy
10/4/2022,7:30 AM,77,94,0,29.70,Partly Cloudy
10/4/2022,8:00 AM,79,89,3,29.73,Partly Cloudy
10/4/2022,8:30 AM,81,89,3,29.73,Partly Cloudy
10/4/2022,9:00 AM,84,79,2,29.73,Partly Cloudy
10/4/2022,9:30 AM,84,74,3,29.73,Mostly Cloudy
10/4/2022,10:00 AM,84,74,3,29.73,Mostly Cloudy
10/4/2022,10:30 AM,86,70,3,29.73,Mostly Cloudy
10/4/2022,11:00 AM,88,66,3,29.70,Mostly Cloudy
10/4/2022,11:30 AM,88,66,5,29.70,Mostly Cloudy
10/4/2022,12:00 PM,88,66,5,29.67,Mostly Cloudy
10/4/2022,12:30 PM,88,62,6,29.67,Mostly Cloudy
10/4/2022,1:00 PM,88,70,8,29.64,Mostly Cloudy
10/4/2022,1:30 PM,88,66,7,29.64,Mostly Cloudy
10/4/2022,2:00 PM,88,66,13,29.61,Mostly Cloudy
10/4/2022,2:30 PM,86,70,13,29.61,Mostly Cloudy
10/4/2022,3:00 PM,88,70,12,29.61,Mostly Cloudy
10/4/2022,3:30 PM,86,74,10,29.61,Mostly Cloudy
10/4/2022,4:00 PM,86,74,13,29.61,Mostly Cloudy
10/4/2022,4:30 PM,86,70,13,29.61,Partly Cloudy
10/4/2022,5:00 PM,86,70,12,29.61,Partly Cloudy
10/4/2022,5:30 PM,84,74,8,29.64,Partly Cloudy
10/4/2022,6:00 PM,82,79,9,29.64,Partly Cloudy
10/4/2022,6:30 PM,82,79,7,29.67,Partly Cloudy
10/4/2022,7:00 PM,81,84,6,29.67,Partly Cloudy
10/4/2022,7:30 PM,81,84,8,29.67,Partly Cloudy
10/4/2022,8:00 PM,81,84,6,29.70,Fair
10/4/2022,8:30 PM,81,84,3,29.70,Fair
10/4/2022,9:00 PM,81,84,2,29.73,Fair
10/4/2022,9:30 PM,79,89,0,29.73,Fair
10/4/2022,10:00 PM,79,89,0,29.73,Fair
10/4/2022,10:30 PM,79,94,0,29.73,Fair
10/4/2022,11:00 PM,79,94,2,29.73,Partly Cloudy
10/4/2022,11:30 PM,79,94,0,29.73,Mostly Cloudy
10/5/2022,12:00 AM,79,94,0,29.73,Mostly Cloudy
10/5/2022,12:30 AM,79,94,0,29.73,Mostly Cloudy
10/5/2022,1:00 AM,77,100,0,29.70,Mostly Cloudy
10/5/2022,1:30 AM,77,100,0,29.70,Mostly Cloudy
10/5/2022,2:00 AM,77,100,0,29.67,Partly Cloudy
10/5/2022,2:30 AM,77,100,0,29.67,Partly Cloudy
10/5/2022,3:00 AM,77,94,2,29.64,Fair
10/5/2022,3:30 AM,77,94,5,29.64,Fair
10/5/2022,4:00 AM,77,94,0,29.64,Fair
10/5/2022,4:30 AM,77,94,0,29.64,Fair
10/5/2022,5:00 AM,75,100,0,29.67,Fair
10/5/2022,5:30 AM,75,100,0,29.67,Fair
10/5/2022,6:00 AM,75,100,0,29.67,Partly Cloudy
10/5/2022,6:30 AM,75,100,0,29.70,Mostly Cloudy
10/5/2022,7:00 AM,77,94,0,29.70,Mostly Cloudy
10/5/2022,7:30 AM,79,89,0,29.73,Mostly Cloudy
10/5/2022,8:00 AM,79,94,0,29.73,Mostly Cloudy
10/5/2022,8:30 AM,81,89,2,29.76,Mostly Cloudy
10/5/2022,9:00 AM,82,79,3,29.76,Mostly Cloudy
10/5/2022,9:30 AM,86,70,7,29.76,Partly Cloudy
10/5/2022,10:00 AM,86,70,5,29.76,Partly Cloudy
10/5/2022,10:30 AM,88,62,3,29.76,Partly Cloudy
10/5/2022,11:00 AM,88,66,3,29.73,Partly Cloudy
10/5/2022,11:30 AM,88,62,3,29.70,Partly Cloudy
10/5/2022,12:00 PM,88,62,2,29.70,Showers in the Vicinity
10/5/2022,12:30 PM,86,70,9,29.67,Showers in the Vicinity
10/5/2022,1:00 PM,84,74,5,29.67,Light Rain
10/5/2022,1:30 PM,84,84,0,29.64,Light Rain
10/5/2022,2:00 PM,84,79,6,29.64,Light Rain
10/5/2022,2:30 PM,86,74,6,29.64,Showers in the Vicinity
10/5/2022,3:00 PM,84,74,6,29.61,Showers in the Vicinity
10/5/2022,3:30 PM,82,84,7,29.61,Light Rain
10/5/2022,4:00 PM,82,84,5,29.64,Light Rain
10/5/2022,4:30 PM,81,84,6,29.64,Light Rain
10/5/2022,5:00 PM,81,89,5,29.64,Light Rain
10/5/2022,5:30 PM,79,94,2,29.67,Showers in the Vicinity
10/5/2022,6:00 PM,79,94,3,29.67,Mostly Cloudy
10/5/2022,6:30 PM,79,89,6,29.70,Mostly Cloudy
10/5/2022,7:00 PM,79,94,0,29.70,Light Rain
10/5/2022,7:30 PM,77,94,5,29.73,Light Rain
10/5/2022,8:00 PM,77,100,0,29.73,Light Rain
10/5/2022,8:30 PM,77,94,2,29.73,Light Rain
10/5/2022,9:00 PM,77,100,0,29.73,Mostly Cloudy
10/5/2022,9:30 PM,77,100,0,29.76,Mostly Cloudy
10/5/2022,10:00 PM,77,100,0,29.76,Mostly Cloudy
10/5/2022,10:30 PM,77,100,0,29.76,Mostly Cloudy
10/5/2022,11:00 PM,77,100,0,29.76,Light Rain
10/5/2022,11:30 PM,77,100,0,29.76,Light Rain
10/6/2022,12:00 AM,77,100,0,29.73,Light Rain
10/6/2022,12:30 AM,77,100,0,29.70,Light Rain
10/6/2022,1:00 AM,77,100,0,29.70,Light Rain
10/6/2022,1:30 AM,77,94,0,29.67,Light Rain
10/6/2022,2:00 AM,77,94,0,29.67,Light Rain
10/6/2022,2:30 AM,77,100,0,29.67,Light Rain
10/6/2022,3:00 AM,77,94,0,29.67,Mostly Cloudy
10/6/2022,3:30 AM,77,94,0,29.67,Mostly Cloudy
10/6/2022,4:00 AM,77,100,0,29.67,Mostly Cloudy
10/6/2022,4:30 AM,77,94,0,29.67,Mostly Cloudy
10/6/2022,5:00 AM,77,94,2,29.67,Mostly Cloudy
10/6/2022,5:30 AM,77,94,0,29.67,Mostly Cloudy
10/6/2022,6:00 AM,77,94,0,29.67,Mostly Cloudy
10/6/2022,6:30 AM,75,100,0,29.70,Mostly Cloudy
10/6/2022,7:00 AM,77,94,0,29.70,Fog
10/6/2022,7:30 AM,77,94,0,29.73,Fog
10/6/2022,8:00 AM,77,94,0,29.73,Fog
10/6/2022,8:30 AM,79,94,0,29.76,Mostly Cloudy
10/6/2022,9:00 AM,79,89,0,29.76,Mostly Cloudy
10/6/2022,9:30 AM,82,84,0,29.76,Mostly Cloudy
10/6/2022,10:00 AM,84,79,2,29.76,Mostly Cloudy
10/6/2022,10:30 AM,86,74,2,29.73,Mostly Cloudy
10/6/2022,11:00 AM,86,70,6,29.73,Mostly Cloudy
10/6/2022,11:30 AM,86,70,6,29.70,Partly Cloudy
10/6/2022,12:00 PM,88,66,7,29.70,Partly Cloudy
10/6/2022,12:30 PM,88,66,7,29.70,Mostly Cloudy
10/6/2022,1:00 PM,88,66,7,29.67,Mostly Cloudy
10/6/2022,1:30 PM,86,74,8,29.67,Light Rain
10/6/2022,2:00 PM,77,94,12,29.64,Light Rain
10/6/2022,2:30 PM,79,89,8,29.64,Rain
10/6/2022,3:00 PM,77,94,6,29.64,Heavy T-Storm
10/6/2022,3:30 PM,77,100,5,29.61,Light Rain with Thunder
10/6/2022,4:00 PM,77,94,8,29.61,Light Rain
10/6/2022,4:30 PM,79,94,8,29.61,Mostly Cloudy
10/6/2022,5:00 PM,79,94,6,29.64,Mostly Cloudy
10/6/2022,5:30 PM,81,89,0,29.64,Mostly Cloudy
10/6/2022,6:00 PM,79,100,1,29.67,Mostly Cloudy
10/6/2022,6:30 PM,79,100,2,29.67,Light Rain
10/6/2022,7:00 PM,79,100,0,29.67,Light Rain
10/6/2022,7:30 PM,77,100,0,29.70,Light Rain
10/6/2022,8:00 PM,77,94,0,29.73,Light Rain
10/6/2022,8:30 PM,75,94,0,29.73,Light Rain
10/6/2022,9:00 PM,75,94,5,29.73,Mostly Cloudy
10/6/2022,9:30 PM,75,100,3,29.76,Mostly Cloudy
10/6/2022,10:00 PM,75,100,0,29.76,Mostly Cloudy
10/6/2022,10:30 PM,75,100,0,29.76,Mostly Cloudy
10/6/2022,11:00 PM,75,100,0,29.76,Mostly Cloudy
10/6/2022,11:30 PM,75,100,0,29.73,Mostly Cloudy
10/7/2022,12:00 AM,75,100,2,29.73,Mostly Cloudy
10/7/2022,12:30 AM,75,100,0,29.73,Mostly Cloudy
10/7/2022,1:00 AM,75,94,0,29.70,Mostly Cloudy
10/7/2022,1:30 AM,75,94,0,29.70,Mostly Cloudy
10/7/2022,2:00 AM,75,94,0,29.70,Mostly Cloudy
10/7/2022,2:30 AM,75,94,0,29.70,Mostly Cloudy
10/7/2022,3:00 AM,75,94,0,29.67,Mostly Cloudy
10/7/2022,3:30 AM,75,94,0,29.67,Mostly Cloudy
10/7/2022,4:00 AM,75,94,0,29.67,Mostly Cloudy
10/7/2022,4:30 AM,75,94,0,29.67,Mostly Cloudy
10/7/2022,5:00 AM,75,100,0,29.67,Mostly Cloudy
10/7/2022,5:30 AM,75,100,0,29.67,Mostly Cloudy
10/7/2022,6:00 AM,75,100,0,29.67,Fog
10/7/2022,6:30 AM,75,100,0,29.67,Mostly Cloudy
10/7/2022,7:00 AM,75,100,0,29.70,Mostly Cloudy
10/7/2022,7:30 AM,77,94,0,29.73,Mostly Cloudy
10/7/2022,8:00 AM,79,89,0,29.73,Mostly Cloudy
10/7/2022,8:30 AM,81,89,2,29.76,Mostly Cloudy
10/7/2022,9:00 AM,82,84,2,29.76,Mostly Cloudy
10/7/2022,9:30 AM,84,79,2,29.76,Mostly Cloudy
10/7/2022,10:00 AM,86,74,3,29.76,Mostly Cloudy
10/7/2022,10:30 AM,86,74,6,29.73,Partly Cloudy
10/7/2022,11:00 AM,88,70,5,29.73,Partly Cloudy
10/7/2022,11:30 AM,90,66,6,29.70,Partly Cloudy
10/7/2022,12:00 PM,88,66,7,29.70,Mostly Cloudy
10/7/2022,12:30 PM,90,62,7,29.67,Showers in the Vicinity
10/7/2022,1:00 PM,86,66,9,29.67,Showers in the Vicinity
10/7/2022,1:30 PM,88,62,8,29.67,Showers in the Vicinity
10/7/2022,2:00 PM,79,89,10,29.67,Light Rain
10/7/2022,2:30 PM,77,94,8,29.67,T-Storm
10/7/2022,3:00 PM,75,100,12,29.67,Heavy T-Storm
10/7/2022,3:30 PM,75,100,9,29.67,T-Storm
10/7/2022,4:00 PM,75,100,6,29.67,Light Rain
10/7/2022,4:30 PM,75,100,7,29.67,Light Rain
10/7/2022,5:00 PM,75,94,7,29.67,Mostly Cloudy
10/7/2022,5:30 PM,77,94,5,29.67,Mostly Cloudy
10/7/2022,6:00 PM,77,94,0,29.70,Mostly Cloudy
10/7/2022,6:30 PM,75,94,0,29.70,Light Rain
10/7/2022,7:00 PM,75,100,0,29.73,Light Rain
10/7/2022,7:30 PM,75,100,0,29.73,Light Rain
10/7/2022,8:00 PM,75,100,0,29.76,Light Rain
10/7/2022,8:30 PM,75,100,0,29.79,Light Rain
10/7/2022,9:00 PM,75,100,3,29.79,Light Rain
10/7/2022,9:30 PM,75,100,0,29.81,Light Rain
10/7/2022,10:00 PM,75,94,2,29.81,Light Rain
10/7/2022,10:30 PM,75,94,0,29.81,Light Rain
10/7/2022,11:00 PM,73,100,0,29.79,Light Rain
10/7/2022,11:30 PM,75,94,0,29.79,Light Rain
10/8/2022,12:00 AM,73,100,0,29.76,Light Rain
10/8/2022,12:30 AM,73,100,0,29.76,Light Rain
10/8/2022,1:00 AM,73,100,0,29.73,Light Rain
10/8/2022,1:30 AM,73,100,0,29.73,Mostly Cloudy
10/8/2022,2:00 AM,73,100,0,29.70,Mostly Cloudy
10/8/2022,2:30 AM,73,100,0,29.70,Mostly Cloudy
10/8/2022,3:00 AM,73,100,0,29.70,Fog
10/8/2022,3:30 AM,73,100,0,29.70,Fog
10/8/2022,4:00 AM,73,100,0,29.70,Fog
10/8/2022,4:30 AM,73,100,0,29.70,Fog
10/8/2022,5:00 AM,73,100,0,29.70,Fog
10/8/2022,6:00 AM,73,100,0,29.73,Fog
10/8/2022,6:30 AM,73,100,0,29.73,Mostly Cloudy
10/8/2022,7:00 AM,73,100,0,29.76,Mostly Cloudy
10/8/2022,7:30 AM,73,100,2,29.76,Mostly Cloudy
10/8/2022,8:00 AM,75,100,0,29.76,Mostly Cloudy
10/8/2022,8:30 AM,77,94,2,29.79,Mostly Cloudy
10/8/2022,9:00 AM,77,94,3,29.79,Mostly Cloudy
10/8/2022,9:30 AM,81,84,0,29.79,Mostly Cloudy
10/8/2022,10:00 AM,84,74,2,29.79,Mostly Cloudy
10/8/2022,10:30 AM,84,74,2,29.79,Mostly Cloudy
10/8/2022,11:00 AM,84,74,5,29.79,Mostly Cloudy
10/8/2022,11:30 AM,88,70,3,29.76,Mostly Cloudy
10/8/2022,12:00 PM,88,66,2,29.76,Showers in the Vicinity
10/8/2022,12:30 PM,82,74,13,29.73,Showers in the Vicinity
10/8/2022,1:00 PM,75,94,5,29.70,Light Rain with Thunder
10/8/2022,1:30 PM,84,74,5,29.67,Showers in the Vicinity
10/8/2022,2:00 PM,84,79,3,29.67,Mostly Cloudy
10/8/2022,2:30 PM,84,79,5,29.64,Mostly Cloudy
10/8/2022,3:00 PM,86,70,0,29.64,Mostly Cloudy
10/8/2022,3:30 PM,84,74,2,29.64,Mostly Cloudy
10/8/2022,4:00 PM,86,70,1,29.64,Mostly Cloudy
10/8/2022,4:30 PM,86,70,0,29.64,Mostly Cloudy
10/8/2022,5:00 PM,86,74,0,29.64,Mostly Cloudy
10/8/2022,5:30 PM,84,74,0,29.64,Mostly Cloudy
10/8/2022,6:00 PM,84,74,0,29.67,Mostly Cloudy
10/8/2022,6:30 PM,82,84,0,29.67,Mostly Cloudy
10/8/2022,7:00 PM,82,79,3,29.70,Mostly Cloudy
10/8/2022,7:30 PM,82,79,6,29.70,Mostly Cloudy
10/8/2022,8:00 PM,82,74,5,29.73,Mostly Cloudy
10/8/2022,8:30 PM,81,84,0,29.76,Mostly Cloudy
10/8/2022,9:00 PM,81,84,2,29.76,Mostly Cloudy
10/8/2022,9:30 PM,79,89,0,29.79,Partly Cloudy
10/8/2022,10:00 PM,79,94,0,29.79,Mostly Cloudy
10/8/2022,10:30 PM,79,89,0,29.79,Mostly Cloudy
10/8/2022,11:00 PM,79,94,0,29.79,Mostly Cloudy
10/8/2022,11:30 PM,79,94,0,29.79,Mostly Cloudy
10/9/2022,12:00 AM,79,94,0,29.76,Mostly Cloudy
10/9/2022,12:30 AM,79,94,0,29.76,Mostly Cloudy
10/9/2022,1:00 AM,79,94,0,29.76,Light Rain
10/9/2022,1:30 AM,77,100,0,29.73,Light Rain
10/9/2022,2:00 AM,77,100,0,29.73,Light Rain
10/9/2022,2:30 AM,77,100,0,29.73,Mostly Cloudy
10/9/2022,3:00 AM,77,100,0,29.70,Mostly Cloudy
10/9/2022,3:30 AM,77,100,0,29.70,Mostly Cloudy
10/9/2022,4:00 AM,77,100,0,29.70,Mostly Cloudy
10/9/2022,4:30 AM,77,94,2,29.70,Light Rain
10/9/2022,5:00 AM,77,94,3,29.73,Light Rain
10/9/2022,5:30 AM,77,94,5,29.73,Light Rain
10/9/2022,6:00 AM,75,94,0,29.73,Light Rain
10/9/2022,6:30 AM,75,94,0,29.76,Mostly Cloudy
10/9/2022,7:00 AM,75,94,3,29.76,Mostly Cloudy
10/9/2022,7:30 AM,75,94,5,29.79,Mostly Cloudy
10/9/2022,8:00 AM,77,94,3,29.79,Mostly Cloudy
10/9/2022,8:30 AM,79,89,0,29.81,Mostly Cloudy
10/9/2022,9:00 AM,79,89,2,29.81,Mostly Cloudy
10/9/2022,9:30 AM,81,84,3,29.81,Mostly Cloudy
10/9/2022,10:00 AM,81,84,5,29.84,Mostly Cloudy
10/9/2022,10:30 AM,81,84,2,29.81,Mostly Cloudy
10/9/2022,11:00 AM,82,79,2,29.81,Mostly Cloudy
10/9/2022,11:30 AM,82,79,2,29.81,Mostly Cloudy
10/9/2022,12:00 PM,82,79,3,29.79,Mostly Cloudy
10/9/2022,12:30 PM,82,79,5,29.76,Mostly Cloudy
10/9/2022,1:00 PM,82,79,5,29.76,Showers in the Vicinity
10/9/2022,1:30 PM,82,74,5,29.73,Showers in the Vicinity
10/9/2022,2:00 PM,82,79,5,29.73,Showers in the Vicinity
10/9/2022,2:30 PM,81,79,6,29.70,Light Rain
10/9/2022,3:00 PM,81,84,2,29.70,Light Rain
10/9/2022,3:30 PM,81,84,3,29.70,Showers in the Vicinity
10/9/2022,4:00 PM,79,94,3,29.70,Light Rain
10/9/2022,4:30 PM,79,89,6,29.70,Light Rain
10/9/2022,5:00 PM,75,94,5,29.70,Light Rain
10/9/2022,5:30 PM,77,94,3,29.70,Light Rain
10/9/2022,6:00 PM,75,100,0,29.70,Mostly Cloudy
10/9/2022,6:30 PM,75,94,2,29.73,Mostly Cloudy
10/9/2022,7:00 PM,75,94,0,29.73,Mostly Cloudy
10/9/2022,7:30 PM,75,100,0,29.73,Mostly Cloudy
10/9/2022,8:00 PM,75,94,0,29.76,Partly Cloudy
10/9/2022,8:30 PM,75,94,0,29.76,Partly Cloudy
10/9/2022,9:00 PM,75,94,0,29.76,Partly Cloudy
10/9/2022,9:30 PM,75,94,3,29.79,Partly Cloudy
10/9/2022,10:00 PM,75,94,2,29.79,Partly Cloudy
10/9/2022,10:30 PM,73,100,3,29.79,Partly Cloudy
10/9/2022,11:00 PM,73,100,2,29.79,Mostly Cloudy
10/9/2022,11:30 PM,73,100,0,29.79,Mostly Cloudy
10/10/2022,12:00 AM,73,100,2,29.79,Fog
10/10/2022,12:30 AM,73,100,0,29.76,Mostly Cloudy
10/10/2022,1:00 AM,73,100,0,29.76,Mostly Cloudy
10/10/2022,1:30 AM,73,100,0,29.76,Mostly Cloudy
10/10/2022,2:00 AM,73,100,0,29.76,Mostly Cloudy
10/10/2022,2:30 AM,73,100,0,29.76,Mostly Cloudy
10/10/2022,3:00 AM,73,100,0,29.76,Mostly Cloudy
10/10/2022,3:30 AM,73,100,0,29.76,Mostly Cloudy
10/10/2022,4:00 AM,73,94,2,29.76,Mostly Cloudy
10/10/2022,4:30 AM,73,100,2,29.76,Mostly Cloudy
10/10/2022,5:00 AM,73,100,0,29.76,Mostly Cloudy
10/10/2022,5:30 AM,73,100,0,29.76,Mostly Cloudy
10/10/2022,6:00 AM,73,100,0,29.76,Fog
10/10/2022,6:30 AM,73,100,0,29.79,Fog
10/10/2022,7:00 AM,73,100,0,29.79,Fog
10/10/2022,7:30 AM,75,100,0,29.81,Fog
10/10/2022,8:00 AM,75,100,0,29.81,Mostly Cloudy
10/10/2022,8:30 AM,79,100,0,29.81,Mostly Cloudy
10/10/2022,9:00 AM,81,94,0,29.81,Mostly Cloudy
10/10/2022,9:30 AM,82,89,2,29.81,Mostly Cloudy
10/10/2022,10:00 AM,84,84,5,29.81,Mostly Cloudy
10/10/2022,10:30 AM,86,84,3,29.81,Mostly Cloudy
10/10/2022,11:00 AM,86,79,5,29.81,Showers in the Vicinity
10/10/2022,11:30 AM,86,79,5,29.79,Mostly Cloudy
10/10/2022,12:00 PM,90,75,5,29.79,Showers in the Vicinity
10/10/2022,12:30 PM,90,62,5,29.76,Showers in the Vicinity
10/10/2022,1:00 PM,91,63,5,29.73,Showers in the Vicinity
10/10/2022,1:30 PM,91,63,0,29.73,Showers in the Vicinity
10/10/2022,2:00 PM,88,66,3,29.70,Showers in the Vicinity
10/10/2022,2:30 PM,86,70,6,29.70,Light Rain
10/10/2022,3:00 PM,82,79,15,29.70,Light Rain with Thunder
10/10/2022,3:30 PM,81,79,6,29.70,Light Rain with Thunder
10/10/2022,4:00 PM,75,94,10,29.73,Heavy T-Storm
10/10/2022,4:30 PM,75,100,5,29.73,Light Rain with Thunder
10/10/2022,5:00 PM,75,94,0,29.73,Light Rain with Thunder
10/10/2022,5:30 PM,75,100,2,29.73,Light Rain
10/10/2022,6:00 PM,75,100,3,29.76,Light Rain
10/10/2022,6:30 PM,75,100,2,29.76,Light Rain
10/10/2022,7:00 PM,75,100,2,29.76,Mostly Cloudy
10/10/2022,7:30 PM,75,100,0,29.76,Mostly Cloudy
10/10/2022,8:00 PM,75,100,0,29.79,Light Rain
10/10/2022,8:30 PM,75,100,2,29.79,Mostly Cloudy
10/10/2022,9:00 PM,75,100,0,29.79,Light Rain
10/10/2022,9:30 PM,75,100,2,29.79,Light Rain
10/10/2022,10:00 PM,75,100,1,29.79,Light Rain
10/10/2022,10:30 PM,75,100,0,29.79,Mostly Cloudy
10/10/2022,11:00 PM,75,100,0,29.79,Mostly Cloudy
10/10/2022,11:30 PM,75,100,2,29.79,Mostly Cloudy
10/11/2022,12:00 AM,75,100,0,29.79,Mostly Cloudy
10/11/2022,12:30 AM,75,100,0,29.79,Mostly Cloudy
10/11/2022,1:00 AM,75,100,0,29.79,Mostly Cloudy
10/11/2022,1:30 AM,75,100,0,29.79,Mostly Cloudy
10/11/2022,2:00 AM,75,100,0,29.79,Mostly Cloudy
10/11/2022,2:30 AM,75,100,0,29.76,Mostly Cloudy
10/11/2022,3:00 AM,75,100,0,29.76,Mostly Cloudy
10/11/2022,3:30 AM,75,100,2,29.76,Cloudy
10/11/2022,4:00 AM,75,100,3,29.73,Fog
10/11/2022,4:30 AM,75,100,1,29.73,Mostly Cloudy
10/11/2022,5:00 AM,75,100,2,29.76,Mostly Cloudy
10/11/2022,5:30 AM,75,100,2,29.76,Mostly Cloudy
10/11/2022,6:00 AM,75,100,2,29.76,Fog
10/11/2022,6:30 AM,75,100,1,29.76,Fog
10/11/2022,7:00 AM,75,100,2,29.79,Fog
10/11/2022,7:30 AM,75,100,2,29.79,Fog
10/11/2022,8:00 AM,75,100,1,29.79,Mostly Cloudy
10/11/2022,8:30 AM,77,100,0,29.79,Mostly Cloudy
10/11/2022,9:00 AM,79,100,2,29.81,Mostly Cloudy
10/11/2022,9:30 AM,82,89,0,29.81,Mostly Cloudy
10/11/2022,10:00 AM,84,89,0,29.81,Mostly Cloudy
10/11/2022,10:30 AM,86,84,3,29.81,Mostly Cloudy
10/11/2022,11:00 AM,88,75,0,29.81,Mostly Cloudy
10/11/2022,11:30 AM,88,79,5,29.79,Mostly Cloudy
10/11/2022,12:00 PM,90,75,6,29.79,Mostly Cloudy
10/11/2022,12:30 PM,90,70,3,29.76,Mostly Cloudy
10/11/2022,1:00 PM,91,66,8,29.73,Mostly Cloudy
10/11/2022,1:30 PM,88,70,6,29.73,Light Rain
10/11/2022,2:00 PM,91,66,7,29.70,Showers in the Vicinity
10/11/2022,2:30 PM,86,66,5,29.70,Showers in the Vicinity
10/11/2022,3:00 PM,79,89,6,29.70,Light Rain
10/11/2022,3:30 PM,81,89,3,29.70,Mostly Cloudy
10/11/2022,4:00 PM,86,79,2,29.67,Mostly Cloudy
10/11/2022,4:30 PM,86,79,5,29.67,Mostly Cloudy
10/11/2022,5:00 PM,84,79,2,29.67,Showers in the Vicinity
10/11/2022,5:30 PM,81,84,5,29.70,Light Rain
10/11/2022,6:00 PM,79,89,5,29.70,Light Rain
10/11/2022,6:30 PM,77,94,5,29.70,Mostly Cloudy
10/11/2022,7:00 PM,77,94,2,29.73,Mostly Cloudy
10/11/2022,7:30 PM,77,94,0,29.73,Mostly Cloudy
10/11/2022,8:00 PM,77,94,0,29.76,Mostly Cloudy
10/11/2022,8:30 PM,77,94,2,29.76,Mostly Cloudy
10/11/2022,9:00 PM,77,94,2,29.76,Mostly Cloudy
10/11/2022,9:30 PM,77,94,3,29.79,Mostly Cloudy
10/11/2022,10:00 PM,77,94,0,29.79,Mostly Cloudy
10/11/2022,10:30 PM,77,94,0,29.79,Mostly Cloudy
10/11/2022,11:00 PM,77,94,3,29.79,Mostly Cloudy
10/11/2022,11:30 PM,77,94,6,29.79,Mostly Cloudy
10/12/2022,12:00 AM,77,94,5,29.79,Light Rain
10/12/2022,12:30 AM,77,94,3,29.79,Light Rain
10/12/2022,1:00 AM,77,94,0,29.79,Light Rain
10/12/2022,1:30 AM,77,94,0,29.79,Light Rain
10/12/2022,2:00 AM,77,94,3,29.76,Light Rain
10/12/2022,2:30 AM,77,94,3,29.76,Light Rain
10/12/2022,3:00 AM,75,100,2,29.76,Light Rain
10/12/2022,3:30 AM,75,100,3,29.76,Light Rain
10/12/2022,4:00 AM,77,94,2,29.76,Light Rain
10/12/2022,4:30 AM,77,94,2,29.76,Mostly Cloudy
10/12/2022,5:00 AM,77,94,0,29.76,Mostly Cloudy
10/12/2022,5:30 AM,75,100,0,29.76,Mostly Cloudy
10/12/2022,6:00 AM,75,100,5,29.76,Mostly Cloudy
10/12/2022,6:30 AM,75,100,0,29.76,Mostly Cloudy
10/12/2022,7:00 AM,75,100,0,29.79,Mostly Cloudy
10/12/2022,7:30 AM,77,94,3,29.79,Mostly Cloudy
10/12/2022,8:00 AM,77,100,2,29.81,Mostly Cloudy
10/12/2022,8:30 AM,79,94,0,29.81,Mostly Cloudy
10/12/2022,9:00 AM,82,89,0,29.81,Mostly Cloudy
10/12/2022,9:30 AM,86,84,2,29.81,Mostly Cloudy
10/12/2022,10:00 AM,86,84,5,29.81,Mostly Cloudy
10/12/2022,10:30 AM,86,84,5,29.81,Mostly Cloudy
10/12/2022,11:00 AM,86,79,6,29.81,Mostly Cloudy
10/12/2022,11:30 AM,88,79,5,29.79,Mostly Cloudy
10/12/2022,12:00 PM,88,66,5,29.76,Partly Cloudy
10/12/2022,12:30 PM,88,66,6,29.73,Partly Cloudy
10/12/2022,1:00 PM,88,62,8,29.73,Partly Cloudy
10/12/2022,1:30 PM,90,66,5,29.70,Partly Cloudy
10/12/2022,2:00 PM,90,62,8,29.70,Partly Cloudy
10/12/2022,2:30 PM,88,62,7,29.67,Partly Cloudy
10/12/2022,3:00 PM,90,59,6,29.67,Partly Cloudy
10/12/2022,3:30 PM,88,62,10,29.67,Showers in the Vicinity
10/12/2022,4:00 PM,88,62,7,29.67,Mostly Cloudy
10/12/2022,4:30 PM,81,84,6,29.67,Light Rain
10/12/2022,5:00 PM,82,84,2,29.67,Mostly Cloudy
10/12/2022,5:30 PM,81,89,5,29.67,Mostly Cloudy
10/12/2022,6:00 PM,81,89,8,29.70,Showers in the Vicinity
10/12/2022,6:30 PM,81,89,6,29.70,Light Rain
10/12/2022,7:00 PM,79,89,10,29.73,Thunder
10/12/2022,7:30 PM,77,89,7,29.73,Light Rain
10/12/2022,8:00 PM,75,89,5,29.76,Light Rain
10/12/2022,8:30 PM,75,83,0,29.76,Light Rain
10/12/2022,9:00 PM,75,89,1,29.76,Light Rain
10/12/2022,9:30 PM,73,94,5,29.76,Light Rain
10/12/2022,10:00 PM,73,94,3,29.79,Light Rain
10/12/2022,10:30 PM,75,89,0,29.79,Mostly Cloudy
10/12/2022,11:00 PM,75,89,0,29.79,Mostly Cloudy
10/12/2022,11:30 PM,73,100,0,29.79,Mostly Cloudy
10/13/2022,12:00 AM,73,100,0,29.76,Mostly Cloudy
10/13/2022,12:30 AM,75,94,0,29.76,Light Rain
10/13/2022,1:00 AM,75,94,0,29.76,Mostly Cloudy
10/13/2022,1:30 AM,75,94,0,29.73,Mostly Cloudy
10/13/2022,2:00 AM,75,94,0,29.73,Mostly Cloudy
10/13/2022,2:30 AM,75,94,0,29.73,Mostly Cloudy
10/13/2022,3:00 AM,75,94,0,29.70,Mostly Cloudy
10/13/2022,3:30 AM,75,94,0,29.70,Mostly Cloudy
10/13/2022,4:00 AM,75,94,0,29.70,Light Rain
10/13/2022,4:30 AM,75,94,0,29.70,Light Rain
10/13/2022,5:00 AM,73,100,0,29.70,Mostly Cloudy
10/13/2022,5:30 AM,75,94,0,29.70,Mostly Cloudy
10/13/2022,6:00 AM,75,94,0,29.70,Mostly Cloudy
10/13/2022,6:30 AM,75,94,0,29.73,Mostly Cloudy
10/13/2022,7:00 AM,75,94,2,29.73,Mostly Cloudy
10/13/2022,7:30 AM,75,94,0,29.76,Light Rain
10/13/2022,8:00 AM,75,94,2,29.76,Light Rain
10/13/2022,8:30 AM,75,94,0,29.76,Light Rain
10/13/2022,9:00 AM,75,94,0,29.79,Mostly Cloudy
10/13/2022,9:30 AM,77,94,0,29.79,Mostly Cloudy
10/13/2022,10:00 AM,79,89,2,29.79,Mostly Cloudy
10/13/2022,10:30 AM,81,79,2,29.79,Mostly Cloudy
10/13/2022,11:00 AM,81,84,5,29.76,Mostly Cloudy
10/13/2022,11:30 AM,82,74,3,29.76,Mostly Cloudy
10/13/2022,12:00 PM,84,74,3,29.73,Mostly Cloudy
10/13/2022,12:30 PM,84,74,5,29.73,Mostly Cloudy
10/13/2022,1:00 PM,84,70,6,29.70,Mostly Cloudy
10/13/2022,1:30 PM,84,74,5,29.70,Mostly Cloudy
10/13/2022,2:00 PM,84,74,6,29.67,Mostly Cloudy
10/13/2022,2:30 PM,86,70,5,29.67,Partly Cloudy
10/13/2022,3:00 PM,86,70,3,29.64,Showers in the Vicinity
10/13/2022,3:30 PM,88,66,6,29.64,Showers in the Vicinity
10/13/2022,4:00 PM,81,79,12,29.64,Showers in the Vicinity
10/13/2022,4:30 PM,81,79,9,29.67,Showers in the Vicinity
10/13/2022,5:00 PM,81,79,7,29.64,Mostly Cloudy
10/13/2022,5:30 PM,81,79,0,29.64,Mostly Cloudy
10/13/2022,6:00 PM,79,89,3,29.64,Mostly Cloudy
10/13/2022,6:30 PM,79,83,3,29.67,Partly Cloudy
10/13/2022,7:00 PM,79,89,0,29.67,Partly Cloudy
10/13/2022,7:30 PM,79,89,0,29.70,Mostly Cloudy
10/13/2022,8:00 PM,77,94,0,29.70,Mostly Cloudy
10/13/2022,8:30 PM,77,94,0,29.73,Mostly Cloudy
10/13/2022,9:00 PM,77,94,0,29.73,Mostly Cloudy
10/13/2022,9:30 PM,77,94,0,29.73,Mostly Cloudy
10/13/2022,10:00 PM,77,94,0,29.73,Mostly Cloudy
10/13/2022,10:30 PM,77,94,0,29.73,Mostly Cloudy
10/13/2022,11:00 PM,77,94,0,29.73,Mostly Cloudy
10/13/2022,11:30 PM,77,94,0,29.76,Mostly Cloudy
10/14/2022,12:00 AM,77,94,0,29.73,Mostly Cloudy
10/14/2022,12:30 AM,77,94,0,29.73,Mostly Cloudy
10/14/2022,1:00 AM,75,100,0,29.73,Mostly Cloudy
10/14/2022,1:30 AM,75,100,0,29.70,Mostly Cloudy
10/14/2022,2:00 AM,75,100,0,29.70,Mostly Cloudy
10/14/2022,2:30 AM,75,100,0,29.70,Mostly Cloudy
10/14/2022,3:00 AM,75,100,0,29.67,Partly Cloudy
10/14/2022,3:30 AM,75,100,0,29.67,Partly Cloudy
10/14/2022,4:00 AM,75,94,0,29.67,Partly Cloudy
10/14/2022,4:30 AM,75,100,0,29.67,Partly Cloudy
10/14/2022,5:00 AM,75,94,2,29.67,Fog
10/14/2022,5:30 AM,75,94,0,29.70,Fog
10/14/2022,6:00 AM,75,94,0,29.70,Fog
10/14/2022,6:30 AM,75,100,0,29.70,Mostly Cloudy
10/14/2022,7:00 AM,75,100,0,29.70,Mostly Cloudy
10/14/2022,7:30 AM,77,94,0,29.73,Mostly Cloudy
10/14/2022,8:00 AM,79,89,5,29.73,Mostly Cloudy
10/14/2022,8:30 AM,81,84,3,29.76,Mostly Cloudy
10/14/2022,9:00 AM,84,79,3,29.76,Mostly Cloudy
10/14/2022,9:30 AM,84,74,12,29.76,Mostly Cloudy
10/14/2022,10:00 AM,82,74,10,29.76,Mostly Cloudy
10/14/2022,10:30 AM,82,74,14,29.76,Mostly Cloudy
10/14/2022,11:00 AM,82,70,13,29.73,Mostly Cloudy
10/14/2022,11:30 AM,82,74,13,29.73,Mostly Cloudy
10/14/2022,12:00 PM,86,66,7,29.70,Partly Cloudy
10/14/2022,12:30 PM,88,62,8,29.67,Partly Cloudy
10/14/2022,1:00 PM,90,59,12,29.64,Partly Cloudy
10/14/2022,1:30 PM,88,62,7,29.64,Mostly Cloudy
10/14/2022,2:00 PM,90,55,9,29.64,Mostly Cloudy
10/14/2022,2:30 PM,88,58,9,29.64,Mostly Cloudy
10/14/2022,3:00 PM,88,58,8,29.61,Partly Cloudy
10/14/2022,3:30 PM,90,55,9,29.61,Partly Cloudy
10/14/2022,4:00 PM,88,58,7,29.61,Fair
10/14/2022,4:30 PM,88,58,9,29.58,Fair
10/14/2022,5:00 PM,88,58,8,29.61,Partly Cloudy
10/14/2022,5:30 PM,86,66,6,29.61,Partly Cloudy
10/14/2022,6:00 PM,84,74,6,29.61,Fair
10/14/2022,6:30 PM,82,74,5,29.64,Fair
10/14/2022,7:00 PM,82,74,5,29.64,Fair
10/14/2022,7:30 PM,81,79,5,29.64,Fair
10/14/2022,8:00 PM,79,83,3,29.67,Partly Cloudy
10/14/2022,8:30 PM,81,79,3,29.67,Partly Cloudy
10/14/2022,9:00 PM,79,83,0,29.70,Partly Cloudy
10/14/2022,9:30 PM,79,89,0,29.70,Partly Cloudy
10/14/2022,10:00 PM,79,89,0,29.70,Partly Cloudy
10/14/2022,10:30 PM,79,89,0,29.70,Partly Cloudy
10/14/2022,11:00 PM,79,89,0,29.70,Partly Cloudy
10/14/2022,11:30 PM,77,94,0,29.70,Partly Cloudy
10/15/2022,12:00 AM,77,94,2,29.70,Partly Cloudy
10/15/2022,12:30 AM,77,94,2,29.67,Partly Cloudy
10/15/2022,1:00 AM,77,94,0,29.67,Partly Cloudy
10/15/2022,1:30 AM,75,100,0,29.67,Partly Cloudy
10/15/2022,2:00 AM,75,100,0,29.64,Fair
10/15/2022,2:30 AM,75,100,3,29.64,Fair
10/15/2022,3:00 AM,75,94,2,29.64,Fair
10/15/2022,3:30 AM,75,94,2,29.64,Fair
10/15/2022,4:00 AM,75,94,0,29.64,Fair
10/15/2022,4:30 AM,75,94,0,29.64,Fair
10/15/2022,5:00 AM,75,94,0,29.64,Fair
10/15/2022,5:30 AM,75,94,0,29.64,Fair
10/15/2022,6:00 AM,75,94,0,29.64,Fair
10/15/2022,6:30 AM,75,94,0,29.67,Fair
10/15/2022,7:00 AM,77,94,0,29.67,Fair
10/15/2022,7:30 AM,81,84,0,29.70,Partly Cloudy
10/15/2022,8:00 AM,81,84,0,29.70,Mostly Cloudy
10/15/2022,8:30 AM,84,70,3,29.70,Mostly Cloudy
10/15/2022,9:00 AM,82,74,3,29.73,Mostly Cloudy
10/15/2022,9:30 AM,84,74,3,29.73,Mostly Cloudy
10/15/2022,10:00 AM,84,74,2,29.73,Mostly Cloudy
10/15/2022,10:30 AM,86,70,5,29.70,Partly Cloudy
10/15/2022,11:00 AM,88,62,6,29.70,Partly Cloudy
10/15/2022,11:30 AM,90,62,3,29.70,Mostly Cloudy
10/15/2022,12:00 PM,90,59,6,29.67,Mostly Cloudy
10/15/2022,12:30 PM,88,62,8,29.67,Mostly Cloudy
10/15/2022,1:00 PM,90,59,9,29.64,Mostly Cloudy
10/15/2022,1:30 PM,90,59,9,29.61,Mostly Cloudy
10/15/2022,2:00 PM,91,55,10,29.61,Partly Cloudy
10/15/2022,2:30 PM,91,55,9,29.58,Partly Cloudy
10/15/2022,3:00 PM,88,62,12,29.58,Light Rain
10/15/2022,3:30 PM,79,89,9,29.61,Light Rain
10/15/2022,4:00 PM,79,89,8,29.61,Light Rain
10/15/2022,4:30 PM,79,89,6,29.61,Light Rain
10/15/2022,5:00 PM,79,83,7,29.61,Mostly Cloudy
10/15/2022,5:30 PM,79,83,5,29.61,Partly Cloudy
10/15/2022,6:00 PM,77,89,3,29.61,Partly Cloudy
10/15/2022,6:30 PM,77,89,3,29.64,Partly Cloudy
10/15/2022,7:00 PM,77,94,0,29.64,Mostly Cloudy
10/15/2022,7:30 PM,77,94,0,29.67,Mostly Cloudy
10/15/2022,8:00 PM,77,94,0,29.67,Partly Cloudy
10/15/2022,8:30 PM,77,94,2,29.67,Mostly Cloudy
10/15/2022,9:00 PM,77,94,0,29.70,Light Rain
10/15/2022,9:30 PM,77,94,0,29.70,Mostly Cloudy
10/15/2022,10:00 PM,77,94,3,29.70,Mostly Cloudy
10/15/2022,10:30 PM,77,94,2,29.70,Mostly Cloudy
10/15/2022,11:00 PM,77,94,5,29.70,Mostly Cloudy
10/15/2022,11:30 PM,77,94,3,29.70,Mostly Cloudy
10/16/2022,12:00 AM,77,94,2,29.70,Mostly Cloudy
10/16/2022,12:30 AM,77,94,2,29.70,Mostly Cloudy
10/16/2022,1:00 AM,77,94,0,29.70,Mostly Cloudy
10/16/2022,1:30 AM,75,100,0,29.70,Mostly Cloudy
10/16/2022,2:00 AM,77,94,0,29.67,Mostly Cloudy
10/16/2022,2:30 AM,75,100,0,29.67,Light Rain
10/16/2022,3:00 AM,77,94,0,29.67,Mostly Cloudy
10/16/2022,3:30 AM,75,100,0,29.64,Mostly Cloudy
10/16/2022,4:00 AM,75,100,2,29.67,Mostly Cloudy
10/16/2022,4:30 AM,75,100,0,29.67,Mostly Cloudy
10/16/2022,5:00 AM,75,100,3,29.67,Mostly Cloudy
10/16/2022,5:30 AM,75,100,3,29.70,Light Rain
10/16/2022,6:00 AM,75,100,0,29.70,Light Rain
10/16/2022,6:30 AM,75,100,0,29.73,Light Rain
10/16/2022,7:00 AM,75,100,3,29.73,Light Rain
10/16/2022,7:30 AM,75,100,7,29.76,Light Rain
10/16/2022,8:00 AM,77,94,6,29.76,Light Rain
10/16/2022,8:30 AM,77,94,5,29.76,Light Rain
10/16/2022,9:00 AM,77,94,6,29.79,Light Rain
10/16/2022,9:30 AM,81,84,8,29.79,Light Rain
10/16/2022,10:00 AM,79,89,9,29.79,Light Rain
10/16/2022,10:30 AM,81,84,8,29.79,Light Rain
10/16/2022,11:00 AM,82,79,7,29.79,Mostly Cloudy
10/16/2022,11:30 AM,84,74,6,29.76,Mostly Cloudy
10/16/2022,12:00 PM,82,79,10,29.76,Light Rain
10/16/2022,12:30 PM,82,79,12,29.73,Mostly Cloudy
10/16/2022,1:00 PM,82,79,8,29.73,Light Rain
10/16/2022,1:30 PM,82,79,6,29.70,Light Rain
10/16/2022,2:00 PM,82,79,3,29.70,Light Rain
10/16/2022,2:30 PM,82,79,5,29.67,Mostly Cloudy
10/16/2022,3:00 PM,84,74,7,29.67,Mostly Cloudy
10/16/2022,3:30 PM,84,70,8,29.67,Light Rain
10/16/2022,4:00 PM,81,84,10,29.70,Light Rain
10/16/2022,4:30 PM,79,83,5,29.70,Light Rain
10/16/2022,5:00 PM,79,83,3,29.70,Light Rain
10/16/2022,5:30 PM,77,94,3,29.70,Light Rain
10/16/2022,6:00 PM,77,94,5,29.70,Light Rain
10/16/2022,6:30 PM,77,94,2,29.70,Light Rain
10/16/2022,7:00 PM,77,94,3,29.73,Light Rain
10/16/2022,7:30 PM,77,94,3,29.73,Light Rain
10/16/2022,8:00 PM,75,100,2,29.76,Light Rain
10/16/2022,8:30 PM,75,100,3,29.79,Light Rain
10/16/2022,9:00 PM,75,100,2,29.79,Light Rain
10/16/2022,9:30 PM,75,100,2,29.79,Mostly Cloudy
10/16/2022,10:00 PM,75,100,0,29.79,Mostly Cloudy
10/16/2022,10:30 PM,75,100,0,29.79,Mostly Cloudy
10/16/2022,11:00 PM,75,100,0,29.79,Mostly Cloudy
10/16/2022,11:30 PM,75,100,0,29.79,Mostly Cloudy
10/17/2022,12:00 AM,75,100,0,29.79,Mostly Cloudy
10/17/2022,12:30 AM,75,100,0,29.76,Mostly Cloudy
10/17/2022,1:00 AM,75,100,0,29.76,Mostly Cloudy
10/17/2022,1:30 AM,75,100,0,29.76,Light Rain
10/17/2022,2:00 AM,75,100,0,29.73,Light Rain
10/17/2022,2:30 AM,75,100,0,29.73,Light Rain
10/17/2022,3:00 AM,75,100,0,29.73,Light Rain
10/17/2022,3:30 AM,75,100,0,29.70,Light Rain
10/17/2022,4:00 AM,75,100,0,29.73,Mostly Cloudy
10/17/2022,4:30 AM,75,100,0,29.73,Mostly Cloudy
10/17/2022,5:00 AM,75,100,0,29.73,Light Rain
10/17/2022,5:30 AM,75,100,0,29.73,Mostly Cloudy
10/17/2022,6:00 AM,75,100,0,29.73,Mostly Cloudy
10/17/2022,6:30 AM,75,100,0,29.73,Fog
10/17/2022,7:00 AM,75,100,0,29.73,Fog
10/17/2022,7:30 AM,75,100,0,29.76,Fog
10/17/2022,8:00 AM,77,94,0,29.76,Fog
10/17/2022,8:30 AM,79,94,0,29.79,Mostly Cloudy
10/17/2022,9:00 AM,79,94,0,29.79,Light Rain
10/17/2022,9:30 AM,79,94,0,29.79,Mostly Cloudy
10/17/2022,10:00 AM,82,79,0,29.79,Mostly Cloudy
10/17/2022,10:30 AM,82,84,2,29.79,Mostly Cloudy
10/17/2022,11:00 AM,86,74,5,29.76,Mostly Cloudy
10/17/2022,11:30 AM,84,79,3,29.76,Mostly Cloudy
10/17/2022,12:00 PM,88,75,3,29.73,Partly Cloudy
10/17/2022,12:30 PM,88,66,3,29.73,Mostly Cloudy
10/17/2022,1:00 PM,88,66,7,29.70,Mostly Cloudy
10/17/2022,1:30 PM,88,62,5,29.67,Mostly Cloudy
10/17/2022,2:00 PM,90,59,10,29.67,Mostly Cloudy
10/17/2022,2:30 PM,90,62,8,29.67,Mostly Cloudy
10/17/2022,3:00 PM,91,55,6,29.64,Mostly Cloudy
10/17/2022,3:30 PM,90,62,6,29.61,Fair
10/17/2022,4:00 PM,90,59,6,29.64,Fair
10/17/2022,4:30 PM,90,55,8,29.61,Fair
10/17/2022,5:00 PM,88,62,6,29.64,Fair
10/17/2022,5:30 PM,88,62,3,29.64,Fair
10/17/2022,6:00 PM,86,70,2,29.67,Partly Cloudy
10/17/2022,6:30 PM,84,70,6,29.67,Partly Cloudy
10/17/2022,7:00 PM,84,66,6,29.70,Partly Cloudy
10/17/2022,7:30 PM,84,62,8,29.70,Partly Cloudy
10/17/2022,8:00 PM,82,70,5,29.70,Mostly Cloudy
10/17/2022,8:30 PM,82,70,3,29.73,Mostly Cloudy
10/17/2022,9:00 PM,81,74,5,29.76,Mostly Cloudy
10/17/2022,9:30 PM,82,70,5,29.76,Mostly Cloudy
10/17/2022,10:00 PM,81,79,0,29.76,Light Rain
10/17/2022,10:30 PM,77,94,0,29.76,Light Rain
10/17/2022,11:00 PM,77,94,0,29.76,Mostly Cloudy
10/17/2022,11:30 PM,77,94,0,29.73,Mostly Cloudy
10/18/2022,12:00 AM,77,94,0,29.73,Partly Cloudy
10/18/2022,12:30 AM,77,94,0,29.73,Mostly Cloudy
10/18/2022,1:00 AM,77,94,0,29.70,Light Rain
10/18/2022,1:30 AM,77,100,0,29.70,Light Rain
10/18/2022,2:00 AM,77,94,0,29.70,Mostly Cloudy
10/18/2022,2:30 AM,77,94,0,29.70,Mostly Cloudy
10/18/2022,3:00 AM,77,94,0,29.67,Mostly Cloudy
10/18/2022,3:30 AM,77,94,0,29.67,Mostly Cloudy
10/18/2022,4:00 AM,77,94,0,29.67,Light Rain
10/18/2022,4:30 AM,77,94,0,29.70,Light Rain
10/18/2022,5:00 AM,75,100,5,29.70,Light Rain
10/18/2022,5:30 AM,75,100,0,29.70,Light Rain
10/18/2022,6:00 AM,75,100,0,29.70,Light Rain
10/18/2022,6:30 AM,75,100,0,29.70,Light Rain
10/18/2022,7:00 AM,75,100,3,29.73,Light Rain
10/18/2022,7:30 AM,75,100,3,29.73,Light Rain
10/18/2022,8:00 AM,75,100,0,29.76,Light Rain
10/18/2022,8:30 AM,75,100,0,29.76,Light Rain
10/18/2022,9:00 AM,75,100,0,29.76,Light Rain
10/18/2022,9:30 AM,77,94,0,29.76,Light Rain
10/18/2022,10:00 AM,77,94,2,29.76,Light Rain
10/18/2022,10:30 AM,77,94,0,29.76,Light Rain
10/18/2022,11:00 AM,77,100,0,29.73,Light Rain
10/18/2022,11:30 AM,79,94,2,29.73,Light Rain
10/18/2022,12:00 PM,81,89,3,29.70,Mostly Cloudy
10/18/2022,12:30 PM,82,84,6,29.70,Mostly Cloudy
10/18/2022,1:00 PM,84,84,6,29.67,Mostly Cloudy
10/18/2022,1:30 PM,84,79,5,29.64,Mostly Cloudy
10/18/2022,2:00 PM,84,79,3,29.64,Showers in the Vicinity
10/18/2022,2:30 PM,81,94,9,29.64,Heavy T-Storm
10/18/2022,3:00 PM,77,100,7,29.64,Light Rain with Thunder
10/18/2022,3:30 PM,77,94,3,29.64,Light Rain with Thunder
10/18/2022,4:00 PM,77,100,2,29.64,Light Rain with Thunder
10/18/2022,4:30 PM,77,100,3,29.64,Light Rain
10/18/2022,5:00 PM,77,100,3,29.64,Light Rain
10/18/2022,5:30 PM,77,100,3,29.67,Light Rain
10/18/2022,6:00 PM,77,100,3,29.67,Light Rain
10/18/2022,6:30 PM,77,100,3,29.67,Light Rain
10/18/2022,7:00 PM,77,94,3,29.67,Mostly Cloudy
10/18/2022,7:30 PM,77,94,3,29.67,Mostly Cloudy
10/18/2022,8:00 PM,77,94,0,29.70,Mostly Cloudy
10/18/2022,8:30 PM,77,94,0,29.70,Mostly Cloudy
10/18/2022,9:00 PM,77,94,3,29.73,Mostly Cloudy
10/18/2022,9:30 PM,77,94,0,29.73,Light Rain
10/18/2022,10:00 PM,77,94,0,29.73,Light Rain
10/18/2022,10:30 PM,77,94,0,29.73,Light Rain
10/18/2022,11:00 PM,77,94,0,29.73,Light Rain
10/18/2022,11:30 PM,77,94,0,29.70,Light Rain
10/19/2022,12:00 AM,77,94,0,29.70,Light Rain
10/19/2022,12:30 AM,77,94,5,29.70,Mostly Cloudy
10/19/2022,1:00 AM,77,94,2,29.70,Mostly Cloudy
10/19/2022,1:30 AM,77,94,0,29.70,Light Rain
10/19/2022,2:00 AM,77,94,5,29.67,Light Rain
10/19/2022,2:30 AM,77,94,0,29.67,Mostly Cloudy
10/19/2022,3:00 AM,77,94,0,29.64,Mostly Cloudy
10/19/2022,3:30 AM,75,100,2,29.64,Mostly Cloudy
10/19/2022,4:00 AM,75,100,3,29.64,Mostly Cloudy
10/19/2022,4:30 AM,75,100,2,29.64,Mostly Cloudy
10/19/2022,5:00 AM,75,100,0,29.64,Fog
10/19/2022,5:30 AM,75,100,0,29.64,Light Rain
10/19/2022,6:00 AM,75,100,1,29.67,Light Rain
10/19/2022,6:30 AM,75,100,0,29.67,Light Rain
10/19/2022,7:00 AM,77,94,0,29.70,Light Rain
10/19/2022,7:30 AM,77,100,0,29.70,Light Rain
10/19/2022,8:00 AM,77,100,5,29.70,Light Rain
10/19/2022,8:30 AM,79,94,3,29.70,Mostly Cloudy
10/19/2022,9:00 AM,79,94,0,29.73,Mostly Cloudy
10/19/2022,9:30 AM,81,89,0,29.73,Mostly Cloudy
10/19/2022,10:00 AM,82,84,0,29.73,Mostly Cloudy
10/19/2022,10:30 AM,82,84,2,29.73,Mostly Cloudy
10/19/2022,11:00 AM,84,79,3,29.70,Mostly Cloudy
10/19/2022,11:30 AM,82,84,6,29.70,Light Rain
10/19/2022,12:00 PM,82,84,5,29.70,Light Rain
10/19/2022,12:30 PM,82,84,5,29.67,Mostly Cloudy
10/19/2022,1:00 PM,82,79,6,29.67,Light Rain
10/19/2022,1:30 PM,82,79,6,29.64,Light Rain
10/19/2022,2:00 PM,82,79,5,29.64,Light Rain
10/19/2022,2:30 PM,82,79,5,29.64,Light Rain
10/19/2022,3:00 PM,84,79,6,29.61,Mostly Cloudy
10/19/2022,3:30 PM,84,74,6,29.61,Mostly Cloudy
10/19/2022,4:00 PM,84,74,5,29.61,Mostly Cloudy
10/19/2022,4:30 PM,82,79,5,29.64,Mostly Cloudy
10/19/2022,5:00 PM,82,79,3,29.64,Mostly Cloudy
10/19/2022,5:30 PM,82,79,0,29.67,Mostly Cloudy
10/19/2022,6:00 PM,81,84,0,29.67,Showers in the Vicinity
10/19/2022,6:30 PM,81,84,6,29.67,Light Rain
10/19/2022,7:00 PM,79,89,3,29.67,Light Rain
10/19/2022,7:30 PM,79,89,0,29.70,Light Rain
10/19/2022,8:00 PM,77,94,2,29.70,Light Rain
10/19/2022,8:30 PM,77,94,0,29.73,Light Rain
10/19/2022,9:00 PM,77,100,0,29.73,Light Rain
10/19/2022,9:30 PM,77,94,0,29.73,Light Rain
10/19/2022,10:00 PM,77,100,0,29.76,Light Rain
10/19/2022,10:30 PM,77,94,0,29.73,Light Rain
10/19/2022,11:00 PM,77,94,3,29.73,Light Rain
10/19/2022,11:30 PM,77,94,0,29.73,Light Rain
10/20/2022,12:00 AM,77,94,0,29.73,Light Rain
10/20/2022,12:30 AM,77,94,0,29.70,Mostly Cloudy
10/20/2022,1:00 AM,77,94,0,29.70,Light Rain
10/20/2022,1:30 AM,75,100,0,29.70,Light Rain
10/20/2022,2:00 AM,75,100,2,29.67,Mostly Cloudy
10/20/2022,2:30 AM,75,100,3,29.67,Mostly Cloudy
10/20/2022,3:00 AM,75,100,1,29.67,Mostly Cloudy
10/20/2022,3:30 AM,75,100,1,29.67,Mostly Cloudy
10/20/2022,4:00 AM,75,100,2,29.67,Mostly Cloudy
10/20/2022,4:30 AM,75,100,2,29.67,Light Rain
10/20/2022,5:00 AM,75,100,0,29.67,Mostly Cloudy
10/20/2022,5:30 AM,75,100,0,29.67,Light Rain
10/20/2022,6:00 AM,75,100,0,29.67,Mostly Cloudy
10/20/2022,6:30 AM,75,100,0,29.70,Mostly Cloudy
10/20/2022,7:00 AM,75,100,0,29.70,Light Drizzle
10/20/2022,7:30 AM,75,100,0,29.70,Mostly Cloudy
10/20/2022,8:00 AM,77,94,1,29.70,Mostly Cloudy
10/20/2022,8:30 AM,79,89,0,29.73,Mostly Cloudy
10/20/2022,9:00 AM,81,84,0,29.73,Mostly Cloudy
10/20/2022,9:30 AM,82,79,3,29.73,Mostly Cloudy
10/20/2022,10:00 AM,84,79,2,29.73,Mostly Cloudy
10/20/2022,10:30 AM,84,79,5,29.73,Mostly Cloudy
10/20/2022,11:00 AM,86,74,3,29.73,Mostly Cloudy
10/20/2022,11:30 AM,88,70,5,29.73,Mostly Cloudy
10/20/2022,12:00 PM,88,70,3,29.70,Mostly Cloudy
10/20/2022,12:30 PM,86,70,5,29.70,Mostly Cloudy
10/20/2022,1:00 PM,90,62,3,29.67,Mostly Cloudy
10/20/2022,1:30 PM,90,62,3,29.67,Showers in the Vicinity
10/20/2022,2:00 PM,90,62,5,29.64,Showers in the Vicinity
10/20/2022,2:30 PM,88,70,6,29.64,Showers in the Vicinity
10/20/2022,3:00 PM,86,70,6,29.64,Showers in the Vicinity
10/20/2022,3:30 PM,84,79,8,29.64,Light Rain
10/20/2022,4:00 PM,81,89,8,29.64,Light Rain
10/20/2022,4:30 PM,82,89,7,29.64,Mostly Cloudy
10/20/2022,5:00 PM,82,89,7,29.64,Mostly Cloudy
10/20/2022,5:30 PM,81,89,10,29.67,Mostly Cloudy
10/20/2022,6:00 PM,81,89,5,29.67,Mostly Cloudy
10/20/2022,6:30 PM,79,94,3,29.70,Mostly Cloudy
10/20/2022,7:00 PM,79,94,3,29.70,Mostly Cloudy
10/20/2022,7:30 PM,79,89,3,29.73,Mostly Cloudy
10/20/2022,8:00 PM,79,89,0,29.73,Mostly Cloudy
10/20/2022,8:30 PM,79,89,0,29.73,Mostly Cloudy
10/20/2022,9:00 PM,79,89,0,29.76,Mostly Cloudy
10/20/2022,9:30 PM,79,89,2,29.76,Partly Cloudy
10/20/2022,10:00 PM,77,94,0,29.76,Partly Cloudy
10/20/2022,10:30 PM,77,94,2,29.76,Partly Cloudy
10/20/2022,11:00 PM,77,94,0,29.79,Partly Cloudy
10/20/2022,11:30 PM,77,94,0,29.79,Partly Cloudy
10/21/2022,12:00 AM,77,94,0,29.76,Partly Cloudy
10/21/2022,12:30 AM,77,94,0,29.76,Partly Cloudy
10/21/2022,1:00 AM,75,100,0,29.73,Partly Cloudy
10/21/2022,1:30 AM,75,100,0,29.73,Partly Cloudy
10/21/2022,2:00 AM,75,100,0,29.70,Partly Cloudy
10/21/2022,2:30 AM,75,100,0,29.70,Partly Cloudy
10/21/2022,3:00 AM,75,100,0,29.70,Fair
10/21/2022,3:30 AM,75,100,0,29.70,Fair
10/21/2022,4:00 AM,75,100,0,29.70,Partly Cloudy
10/21/2022,4:30 AM,75,100,0,29.70,Partly Cloudy
10/21/2022,5:00 AM,75,100,0,29.70,Partly Cloudy
10/21/2022,5:30 AM,75,100,0,29.70,Partly Cloudy
10/21/2022,6:00 AM,75,100,0,29.73,Partly Cloudy
10/21/2022,6:30 AM,75,100,0,29.73,Fog
10/21/2022,7:00 AM,75,100,0,29.73,Partly Cloudy
10/21/2022,7:30 AM,77,100,0,29.76,Partly Cloudy
10/21/2022,8:00 AM,81,89,2,29.76,Partly Cloudy
10/21/2022,8:30 AM,82,84,2,29.79,Partly Cloudy
10/21/2022,9:00 AM,84,79,5,29.79,Partly Cloudy
10/21/2022,9:30 AM,86,74,7,29.79,Partly Cloudy
10/21/2022,10:00 AM,88,70,8,29.79,Partly Cloudy
10/21/2022,10:30 AM,88,70,8,29.79,Partly Cloudy
10/21/2022,11:00 AM,88,66,8,29.76,Partly Cloudy
10/21/2022,11:30 AM,90,62,5,29.76,Partly Cloudy
10/21/2022,12:00 PM,88,62,3,29.73,Partly Cloudy
10/21/2022,12:30 PM,90,66,7,29.73,Partly Cloudy
10/21/2022,1:00 PM,90,66,6,29.70,Partly Cloudy
10/21/2022,1:30 PM,90,70,6,29.67,Partly Cloudy
10/21/2022,2:00 PM,88,70,8,29.67,Partly Cloudy
10/21/2022,2:30 PM,88,75,9,29.67,Partly Cloudy
10/21/2022,3:00 PM,88,75,9,29.64,Partly Cloudy
10/21/2022,3:30 PM,86,74,9,29.64,Showers in the Vicinity
10/21/2022,4:00 PM,84,74,10,29.64,Showers in the Vicinity
10/21/2022,4:30 PM,82,74,9,29.67,Showers in the Vicinity
10/21/2022,5:00 PM,81,79,6,29.70,Thunder
10/21/2022,5:30 PM,79,83,5,29.70,Showers in the Vicinity
10/21/2022,6:00 PM,79,83,0,29.70,Showers in the Vicinity
10/21/2022,6:30 PM,77,94,0,29.73,Showers in the Vicinity
10/21/2022,7:00 PM,77,94,0,29.76,Showers in the Vicinity
10/21/2022,7:30 PM,77,100,3,29.76,Mostly Cloudy
10/21/2022,8:00 PM,79,89,0,29.76,Mostly Cloudy
10/21/2022,8:30 PM,79,94,0,29.79,Light Rain
10/21/2022,9:00 PM,77,100,2,29.79,Light Rain
10/21/2022,9:30 PM,75,100,5,29.81,Light Rain
10/21/2022,10:00 PM,75,100,6,29.81,Light Rain
10/21/2022,10:30 PM,75,94,0,29.81,Light Rain
10/21/2022,11:00 PM,75,94,0,29.81,Light Rain
10/21/2022,11:30 PM,75,94,3,29.79,Light Rain
10/22/2022,12:00 AM,75,94,0,29.79,Light Rain
10/22/2022,12:30 AM,75,94,0,29.79,Light Rain
10/22/2022,1:00 AM,75,94,0,29.79,Light Rain
10/22/2022,1:30 AM,75,94,0,29.79,Light Rain
10/22/2022,2:00 AM,75,94,0,29.76,Light Rain
10/22/2022,2:30 AM,75,94,0,29.76,Light Rain
10/22/2022,3:00 AM,75,94,0,29.76,Light Rain
10/22/2022,3:30 AM,75,94,0,29.76,Light Rain
10/22/2022,4:00 AM,75,100,0,29.76,Light Rain
10/22/2022,4:30 AM,75,100,0,29.76,Light Rain
10/22/2022,5:00 AM,75,100,0,29.76,Light Rain
10/22/2022,5:30 AM,75,94,0,29.76,Mostly Cloudy
10/22/2022,6:00 AM,75,94,0,29.76,Fog
10/22/2022,6:30 AM,75,94,0,29.76,Mostly Cloudy
10/22/2022,7:00 AM,75,100,0,29.79,Mostly Cloudy
10/22/2022,7:30 AM,77,94,0,29.79,Mostly Cloudy
10/22/2022,8:00 AM,77,94,0,29.81,Mostly Cloudy
10/22/2022,8:30 AM,79,89,0,29.81,Mostly Cloudy
10/22/2022,9:00 AM,81,84,2,29.84,Mostly Cloudy
10/22/2022,9:30 AM,82,84,2,29.84,Mostly Cloudy
10/22/2022,10:00 AM,82,79,2,29.84,Mostly Cloudy
10/22/2022,10:30 AM,84,74,3,29.84,Mostly Cloudy
10/22/2022,11:00 AM,84,74,2,29.81,Mostly Cloudy
10/22/2022,11:30 AM,86,70,5,29.81,Mostly Cloudy
10/22/2022,12:00 PM,84,74,5,29.79,Mostly Cloudy
10/22/2022,12:30 PM,86,74,3,29.76,Mostly Cloudy
10/22/2022,1:00 PM,86,70,2,29.76,Mostly Cloudy
10/22/2022,1:30 PM,86,70,3,29.73,Mostly Cloudy
10/22/2022,2:00 PM,86,70,3,29.70,Mostly Cloudy
10/22/2022,2:30 PM,84,74,5,29.70,Mostly Cloudy
10/22/2022,3:00 PM,84,74,3,29.70,Mostly Cloudy
10/22/2022,3:30 PM,84,79,5,29.70,Mostly Cloudy
10/22/2022,4:00 PM,84,79,6,29.70,Mostly Cloudy
10/22/2022,4:30 PM,84,79,6,29.70,Mostly Cloudy
10/22/2022,5:00 PM,84,74,6,29.70,Mostly Cloudy
10/22/2022,5:30 PM,82,84,5,29.70,Mostly Cloudy
10/22/2022,6:00 PM,82,84,5,29.73,Mostly Cloudy
10/22/2022,6:30 PM,81,84,5,29.73,Mostly Cloudy
10/22/2022,7:00 PM,81,84,5,29.76,Mostly Cloudy
10/22/2022,7:30 PM,81,89,3,29.76,Mostly Cloudy
10/22/2022,8:00 PM,81,89,3,29.79,Mostly Cloudy
10/22/2022,8:30 PM,81,89,0,29.79,Mostly Cloudy
10/22/2022,9:00 PM,81,89,2,29.81,Mostly Cloudy
10/22/2022,9:30 PM,81,89,0,29.81,Mostly Cloudy
10/22/2022,10:00 PM,81,89,0,29.81,Mostly Cloudy
10/22/2022,10:30 PM,81,89,0,29.84,Mostly Cloudy
10/22/2022,11:00 PM,81,89,0,29.84,Mostly Cloudy
10/22/2022,11:30 PM,81,89,0,29.84,Mostly Cloudy
10/23/2022,12:00 AM,79,94,3,29.81,Mostly Cloudy
10/23/2022,12:30 AM,79,94,0,29.81,Mostly Cloudy
10/23/2022,1:00 AM,79,94,0,29.79,Mostly Cloudy
10/23/2022,1:30 AM,79,94,0,29.76,Mostly Cloudy
10/23/2022,2:00 AM,79,94,2,29.76,Mostly Cloudy
10/23/2022,2:30 AM,79,94,3,29.76,Mostly Cloudy
10/23/2022,3:00 AM,77,100,2,29.73,Mostly Cloudy
10/23/2022,3:30 AM,77,100,2,29.73,Mostly Cloudy
10/23/2022,4:00 AM,77,89,7,29.76,Light Rain
10/23/2022,4:30 AM,77,89,7,29.76,Light Rain
10/23/2022,5:00 AM,75,94,3,29.76,Light Rain
10/23/2022,5:30 AM,75,100,2,29.76,Light Rain
10/23/2022,6:00 AM,75,100,3,29.76,Light Rain
10/23/2022,6:30 AM,75,100,3,29.79,Light Rain
10/23/2022,7:00 AM,77,94,3,29.79,Light Rain
10/23/2022,7:30 AM,77,100,3,29.79,Light Rain
10/23/2022,8:00 AM,77,100,7,29.81,Mostly Cloudy
10/23/2022,8:30 AM,79,94,7,29.81,Light Rain
10/23/2022,9:00 AM,79,89,5,29.81,Light Rain
10/23/2022,9:30 AM,81,84,3,29.81,Mostly Cloudy
10/23/2022,10:00 AM,82,79,2,29.81,Mostly Cloudy
10/23/2022,10:30 AM,82,79,2,29.81,Mostly Cloudy
10/23/2022,11:00 AM,82,79,3,29.81,Mostly Cloudy
10/23/2022,11:30 AM,82,79,3,29.79,Light Rain
10/23/2022,12:00 PM,82,79,2,29.79,Light Rain
10/23/2022,12:30 PM,82,79,2,29.76,Light Rain
10/23/2022,1:00 PM,81,89,3,29.76,Light Rain
10/23/2022,1:30 PM,81,89,2,29.76,Light Rain
10/23/2022,2:00 PM,82,84,0,29.73,Light Rain
10/23/2022,2:30 PM,84,74,2,29.73,Mostly Cloudy
10/23/2022,3:00 PM,86,74,2,29.70,Mostly Cloudy
10/23/2022,3:30 PM,86,70,3,29.70,Mostly Cloudy
10/23/2022,4:00 PM,84,74,3,29.70,Mostly Cloudy
10/23/2022,4:30 PM,86,66,6,29.70,Mostly Cloudy
10/23/2022,5:00 PM,84,74,6,29.70,Mostly Cloudy
10/23/2022,5:30 PM,84,74,6,29.70,Mostly Cloudy
10/23/2022,6:00 PM,82,79,5,29.70,Partly Cloudy
10/23/2022,6:30 PM,81,84,5,29.73,Fair
10/23/2022,7:00 PM,81,79,5,29.73,Fair
10/23/2022,7:30 PM,81,84,5,29.76,Fair
10/23/2022,8:00 PM,81,84,0,29.76,Fair
10/23/2022,8:30 PM,79,89,0,29.79,Fair
10/23/2022,9:00 PM,79,89,3,29.79,Mostly Cloudy
10/23/2022,9:30 PM,79,89,3,29.81,Mostly Cloudy
10/23/2022,10:00 PM,79,89,5,29.81,Mostly Cloudy
10/23/2022,10:30 PM,77,89,3,29.81,Fair
10/23/2022,11:00 PM,77,89,3,29.81,Fair
10/23/2022,11:30 PM,77,89,5,29.81,Mostly Cloudy
10/24/2022,12:00 AM,77,89,1,29.79,Partly Cloudy
10/24/2022,12:30 AM,77,89,2,29.79,Partly Cloudy
10/24/2022,1:00 AM,75,94,0,29.79,Mostly Cloudy
10/24/2022,1:30 AM,75,94,0,29.79,Partly Cloudy
10/24/2022,2:00 AM,75,94,0,29.76,Partly Cloudy
10/24/2022,2:30 AM,75,94,0,29.73,Mostly Cloudy
10/24/2022,3:00 AM,75,94,0,29.73,Mostly Cloudy
10/24/2022,3:30 AM,75,94,1,29.73,Mostly Cloudy
10/24/2022,4:00 AM,75,94,0,29.73,Mostly Cloudy
10/24/2022,4:30 AM,75,94,0,29.73,Mostly Cloudy
10/24/2022,5:00 AM,75,94,0,29.73,Mostly Cloudy
10/24/2022,5:30 AM,75,94,2,29.73,Mostly Cloudy
10/24/2022,6:00 AM,75,94,0,29.73,Mostly Cloudy
10/24/2022,6:30 AM,75,94,0,29.76,Mostly Cloudy
10/24/2022,7:00 AM,77,89,0,29.79,Mostly Cloudy
10/24/2022,7:30 AM,75,100,0,29.79,Light Rain
10/24/2022,8:00 AM,77,94,3,29.81,Light Rain
10/24/2022,8:30 AM,77,94,6,29.81,Light Rain
10/24/2022,9:00 AM,77,94,2,29.81,Light Rain
10/24/2022,9:30 AM,77,94,3,29.81,Light Rain
10/24/2022,10:00 AM,79,89,0,29.81,Light Rain
10/24/2022,10:30 AM,79,89,0,29.81,Light Rain
10/24/2022,11:00 AM,81,84,0,29.79,Mostly Cloudy
10/24/2022,11:30 AM,82,79,3,29.79,Mostly Cloudy
10/24/2022,12:00 PM,82,74,2,29.76,Mostly Cloudy
10/24/2022,12:30 PM,82,79,2,29.76,Mostly Cloudy
10/24/2022,1:00 PM,82,84,6,29.76,Mostly Cloudy
10/24/2022,1:30 PM,82,84,6,29.73,Mostly Cloudy
10/24/2022,2:00 PM,84,74,3,29.70,Mostly Cloudy
10/24/2022,2:30 PM,84,74,0,29.70,Mostly Cloudy
10/24/2022,3:00 PM,84,74,2,29.67,Mostly Cloudy
10/24/2022,3:30 PM,84,74,3,29.67,Mostly Cloudy
10/24/2022,4:00 PM,84,74,3,29.67,Mostly Cloudy
10/24/2022,4:30 PM,84,74,2,29.67,Mostly Cloudy
10/24/2022,5:00 PM,84,79,3,29.67,Mostly Cloudy
10/24/2022,5:30 PM,82,84,5,29.70,Mostly Cloudy
10/24/2022,6:00 PM,82,84,2,29.70,Mostly Cloudy
10/24/2022,6:30 PM,81,89,3,29.70,Mostly Cloudy
10/24/2022,7:00 PM,81,89,0,29.70,Mostly Cloudy
10/24/2022,7:30 PM,81,89,3,29.73,Mostly Cloudy
10/24/2022,8:00 PM,81,89,3,29.76,Light Rain
10/24/2022,8:30 PM,79,94,0,29.76,Mostly Cloudy
10/24/2022,9:00 PM,79,94,0,29.79,Mostly Cloudy
10/24/2022,9:30 PM,79,94,0,29.79,Mostly Cloudy
10/24/2022,10:00 PM,79,100,2,29.79,Mostly Cloudy
10/24/2022,10:30 PM,79,100,0,29.79,Light Rain
10/24/2022,11:00 PM,79,100,3,29.79,Light Rain
10/24/2022,11:30 PM,79,94,3,29.79,Light Rain
10/25/2022,12:00 AM,79,94,0,29.79,Mostly Cloudy
10/25/2022,12:30 AM,79,94,0,29.79,Mostly Cloudy
10/25/2022,1:00 AM,79,94,2,29.76,Light Rain
10/25/2022,1:30 AM,77,100,0,29.76,Mostly Cloudy
10/25/2022,2:00 AM,77,100,0,29.76,Mostly Cloudy
10/25/2022,2:30 AM,77,100,0,29.76,Mostly Cloudy
10/25/2022,3:00 AM,77,100,0,29.73,Mostly Cloudy
10/25/2022,3:30 AM,77,100,0,29.73,Mostly Cloudy
10/25/2022,4:00 AM,77,100,0,29.70,Mostly Cloudy
10/25/2022,4:30 AM,77,94,0,29.70,Mostly Cloudy
10/25/2022,5:00 AM,77,100,0,29.73,Mostly Cloudy
10/25/2022,5:30 AM,75,100,0,29.73,Fog
10/25/2022,6:00 AM,77,94,0,29.73,Fog
10/25/2022,6:30 AM,75,100,0,29.73,Fog
10/25/2022,7:00 AM,77,100,0,29.76,Fog
10/25/2022,7:30 AM,77,100,0,29.76,Fog
10/25/2022,8:00 AM,79,94,0,29.76,Mostly Cloudy
10/25/2022,8:30 AM,81,89,0,29.79,Partly Cloudy
10/25/2022,9:00 AM,82,84,0,29.79,Partly Cloudy
10/25/2022,9:30 AM,82,84,3,29.79,Mostly Cloudy
10/25/2022,10:00 AM,84,79,2,29.81,Mostly Cloudy
10/25/2022,10:30 AM,86,74,5,29.79,Mostly Cloudy
10/25/2022,11:00 AM,88,66,5,29.79,Mostly Cloudy
10/25/2022,11:30 AM,90,62,7,29.76,Mostly Cloudy
10/25/2022,12:00 PM,88,62,7,29.76,Mostly Cloudy
10/25/2022,12:30 PM,90,59,7,29.73,Mostly Cloudy
10/25/2022,1:00 PM,88,66,8,29.73,Mostly Cloudy
10/25/2022,1:30 PM,88,62,10,29.70,Mostly Cloudy
10/25/2022,2:00 PM,88,66,9,29.70,Mostly Cloudy
10/25/2022,2:30 PM,88,62,7,29.70,Mostly Cloudy
10/25/2022,3:00 PM,90,55,7,29.67,Mostly Cloudy
10/25/2022,3:30 PM,90,59,7,29.67,Mostly Cloudy
10/25/2022,4:00 PM,88,58,6,29.67,Mostly Cloudy
10/25/2022,4:30 PM,88,58,5,29.64,Mostly Cloudy
10/25/2022,5:00 PM,88,62,2,29.64,Partly Cloudy
10/25/2022,5:30 PM,86,74,6,29.67,Partly Cloudy
10/25/2022,6:00 PM,84,74,6,29.67,Partly Cloudy
10/25/2022,6:30 PM,82,79,7,29.70,Partly Cloudy
10/25/2022,7:00 PM,81,84,5,29.70,Partly Cloudy
10/25/2022,7:30 PM,81,84,3,29.70,Partly Cloudy
10/25/2022,8:00 PM,81,89,6,29.73,Partly Cloudy
10/25/2022,8:30 PM,79,94,2,29.73,Partly Cloudy
10/25/2022,9:00 PM,79,94,0,29.76,Mostly Cloudy
10/25/2022,9:30 PM,79,94,0,29.79,Mostly Cloudy
10/25/2022,10:00 PM,79,94,0,29.79,Mostly Cloudy
10/25/2022,10:30 PM,79,89,0,29.79,Mostly Cloudy
10/25/2022,11:00 PM,79,94,0,29.79,Mostly Cloudy
10/25/2022,11:30 PM,79,94,0,29.76,Mostly Cloudy
10/26/2022,12:00 AM,79,94,0,29.76,Mostly Cloudy
10/26/2022,12:30 AM,79,94,0,29.76,Mostly Cloudy
10/26/2022,1:00 AM,79,94,0,29.76,Mostly Cloudy
10/26/2022,1:30 AM,79,94,0,29.73,Light Rain
10/26/2022,2:00 AM,79,94,0,29.73,Light Rain
10/26/2022,2:30 AM,79,94,0,29.73,Light Rain
10/26/2022,3:00 AM,77,100,0,29.70,Mostly Cloudy
10/26/2022,3:30 AM,77,100,0,29.70,Mostly Cloudy
10/26/2022,4:00 AM,77,100,0,29.70,Mostly Cloudy
10/26/2022,4:30 AM,77,100,0,29.70,Mostly Cloudy
10/26/2022,5:00 AM,77,100,0,29.70,Mostly Cloudy
10/26/2022,5:30 AM,77,100,0,29.73,Fog
10/26/2022,6:00 AM,77,100,2,29.70,Fog
10/26/2022,6:30 AM,77,100,0,29.70,Mostly Cloudy
10/26/2022,7:00 AM,77,100,0,29.73,Mostly Cloudy
10/26/2022,7:30 AM,77,100,0,29.73,Mostly Cloudy
10/26/2022,8:00 AM,81,89,0,29.76,Partly Cloudy
10/26/2022,8:30 AM,82,84,3,29.76,Partly Cloudy
10/26/2022,9:00 AM,84,79,3,29.76,Fair
10/26/2022,9:30 AM,86,74,5,29.76,Fair
10/26/2022,10:00 AM,88,70,5,29.76,Fair
10/26/2022,10:30 AM,88,66,3,29.76,Fair
10/26/2022,11:00 AM,91,59,2,29.76,Fair
10/26/2022,11:30 AM,91,59,3,29.73,Fair
10/26/2022,12:00 PM,91,55,3,29.73,Fair
10/26/2022,12:30 PM,93,52,2,29.70,Partly Cloudy
10/26/2022,1:00 PM,91,52,3,29.67,Showers in the Vicinity
10/26/2022,1:30 PM,91,52,2,29.67,Showers in the Vicinity
10/26/2022,2:00 PM,86,70,10,29.64,Showers in the Vicinity
10/26/2022,2:30 PM,84,70,7,29.64,Light Rain with Thunder
10/26/2022,3:00 PM,77,94,9,29.64,Light Rain with Thunder
10/26/2022,3:30 PM,77,94,7,29.64,Light Rain with Thunder
10/26/2022,4:00 PM,79,89,15,29.67,Light Rain with Thunder
10/26/2022,4:30 PM,77,89,12,29.67,Light Rain
10/26/2022,5:00 PM,75,89,5,29.67,Showers in the Vicinity
10/26/2022,5:30 PM,75,94,2,29.70,Showers in the Vicinity
10/26/2022,6:00 PM,75,94,0,29.70,Mostly Cloudy
10/26/2022,6:30 PM,75,94,0,29.70,Mostly Cloudy
10/26/2022,7:00 PM,75,94,3,29.73,Mostly Cloudy
10/26/2022,7:30 PM,75,94,3,29.73,Partly Cloudy
10/26/2022,8:00 PM,75,94,3,29.73,Partly Cloudy
10/26/2022,8:30 PM,75,94,5,29.76,Mostly Cloudy
10/26/2022,9:00 PM,75,94,3,29.76,Mostly Cloudy
10/26/2022,9:30 PM,75,94,0,29.76,Mostly Cloudy
10/26/2022,10:00 PM,75,94,0,29.76,Partly Cloudy
10/26/2022,10:30 PM,75,94,0,29.76,Partly Cloudy
10/26/2022,11:00 PM,75,94,2,29.76,Fair
10/26/2022,11:30 PM,75,94,0,29.73,Fair
10/27/2022,12:00 AM,75,94,2,29.73,Fair
10/27/2022,12:30 AM,75,94,0,29.73,Fair
10/27/2022,1:00 AM,75,94,0,29.70,Fair
10/27/2022,1:30 AM,75,94,0,29.70,Fair
10/27/2022,2:00 AM,75,94,3,29.70,Fair
10/27/2022,2:30 AM,75,94,3,29.70,Fair
10/27/2022,3:00 AM,75,94,3,29.67,Fair
10/27/2022,3:30 AM,75,94,2,29.67,Partly Cloudy
10/27/2022,4:00 AM,75,94,0,29.67,Partly Cloudy
10/27/2022,4:30 AM,75,94,0,29.67,Fog
10/27/2022,5:00 AM,75,94,0,29.67,Partly Cloudy
10/27/2022,5:30 AM,75,94,0,29.67,Fair
10/27/2022,6:00 AM,75,94,0,29.67,Partly Cloudy
10/27/2022,6:30 AM,75,94,0,29.67,Mostly Cloudy
10/27/2022,7:00 AM,75,100,2,29.70,Mostly Cloudy
10/27/2022,7:30 AM,75,100,0,29.70,Mostly Cloudy
10/27/2022,8:00 AM,77,94,2,29.73,Mostly Cloudy
10/27/2022,8:30 AM,79,89,2,29.73,Mostly Cloudy
10/27/2022,9:00 AM,79,89,3,29.76,Mostly Cloudy
10/27/2022,9:30 AM,81,84,6,29.76,Mostly Cloudy
10/27/2022,10:00 AM,82,84,3,29.76,Mostly Cloudy
10/27/2022,10:30 AM,82,84,3,29.76,Mostly Cloudy
10/27/2022,11:00 AM,84,79,2,29.73,Mostly Cloudy
10/27/2022,11:30 AM,84,79,2,29.73,Mostly Cloudy
10/27/2022,12:00 PM,86,66,3,29.70,Mostly Cloudy
10/27/2022,12:30 PM,88,66,2,29.70,Mostly Cloudy
10/27/2022,1:00 PM,88,66,3,29.67,Mostly Cloudy
10/27/2022,1:30 PM,88,66,3,29.67,Mostly Cloudy
10/27/2022,2:00 PM,88,66,3,29.64,Mostly Cloudy
10/27/2022,2:30 PM,88,66,5,29.61,Mostly Cloudy
10/27/2022,3:00 PM,88,66,5,29.61,Mostly Cloudy
10/27/2022,3:30 PM,86,70,3,29.61,Light Rain
10/27/2022,4:00 PM,81,89,10,29.61,Light Rain with Thunder
10/27/2022,4:30 PM,77,94,16,29.64,Light Rain with Thunder
10/27/2022,5:00 PM,75,94,12,29.64,T-Storm
10/27/2022,5:30 PM,75,94,2,29.64,Light Rain with Thunder
10/27/2022,6:00 PM,75,100,0,29.67,Mostly Cloudy
10/27/2022,6:30 PM,75,100,3,29.67,Mostly Cloudy
10/27/2022,7:00 PM,75,100,1,29.67,Mostly Cloudy
10/27/2022,7:30 PM,75,100,0,29.70,Mostly Cloudy
10/27/2022,8:00 PM,75,100,0,29.70,Mostly Cloudy
10/27/2022,8:30 PM,75,100,0,29.70,Mostly Cloudy
10/27/2022,9:00 PM,75,100,0,29.73,Mostly Cloudy
10/27/2022,9:30 PM,75,100,0,29.73,Mostly Cloudy
10/27/2022,10:00 PM,75,100,1,29.70,Mostly Cloudy
10/27/2022,10:30 PM,75,100,0,29.70,Partly Cloudy
10/27/2022,11:00 PM,75,100,0,29.73,Partly Cloudy
10/27/2022,11:30 PM,75,100,0,29.73,Partly Cloudy
10/28/2022,12:00 AM,75,100,0,29.73,Partly Cloudy
10/28/2022,12:30 AM,75,100,0,29.70,Partly Cloudy
10/28/2022,1:00 AM,75,100,0,29.70,Partly Cloudy
10/28/2022,1:30 AM,75,94,0,29.70,Mostly Cloudy
10/28/2022,2:00 AM,75,94,0,29.67,Mostly Cloudy
10/28/2022,2:30 AM,75,100,0,29.67,Mostly Cloudy
10/28/2022,3:00 AM,75,94,0,29.64,Fog
10/28/2022,3:30 AM,75,94,0,29.64,Mostly Cloudy
10/28/2022,4:00 AM,75,94,0,29.64,Mostly Cloudy
10/28/2022,4:30 AM,75,94,0,29.64,Mostly Cloudy
10/28/2022,5:00 AM,75,94,0,29.64,Mostly Cloudy
10/28/2022,5:30 AM,75,94,0,29.64,Mostly Cloudy
10/28/2022,6:00 AM,75,94,0,29.67,Mostly Cloudy
10/28/2022,6:30 AM,75,94,0,29.67,Mostly Cloudy
10/28/2022,7:00 AM,75,100,0,29.67,Mostly Cloudy
10/28/2022,7:30 AM,75,100,0,29.67,Mostly Cloudy
10/28/2022,8:00 AM,77,94,0,29.70,Mostly Cloudy
10/28/2022,8:30 AM,79,89,3,29.70,Mostly Cloudy
10/28/2022,9:00 AM,81,84,3,29.70,Mostly Cloudy
10/28/2022,9:30 AM,82,79,0,29.70,Partly Cloudy
10/28/2022,10:00 AM,84,74,2,29.70,Partly Cloudy
10/28/2022,10:30 AM,84,74,3,29.70,Partly Cloudy
10/28/2022,11:00 AM,84,79,3,29.70,Mostly Cloudy
10/28/2022,11:30 AM,84,74,5,29.67,Mostly Cloudy
10/28/2022,12:00 PM,84,74,7,29.67,Partly Cloudy
10/28/2022,12:30 PM,84,79,8,29.67,Mostly Cloudy
10/28/2022,1:00 PM,84,74,7,29.64,Light Rain
10/28/2022,1:30 PM,84,74,9,29.61,Showers in the Vicinity
10/28/2022,2:00 PM,84,79,7,29.61,Showers in the Vicinity
10/28/2022,2:30 PM,84,74,7,29.61,Showers in the Vicinity
10/28/2022,3:00 PM,82,84,12,29.61,Light Rain
10/28/2022,3:30 PM,81,89,8,29.58,Light Rain
10/28/2022,4:00 PM,82,84,8,29.58,Light Rain
10/28/2022,4:30 PM,81,89,7,29.61,Light Rain
10/28/2022,5:00 PM,81,89,3,29.61,Light Rain
10/28/2022,5:30 PM,81,89,3,29.61,Light Rain
10/28/2022,6:00 PM,81,89,3,29.64,Mostly Cloudy
10/28/2022,6:30 PM,81,89,0,29.64,Mostly Cloudy
10/28/2022,7:00 PM,81,89,0,29.64,Mostly Cloudy
10/28/2022,7:30 PM,79,94,0,29.64,Mostly Cloudy
10/28/2022,8:00 PM,79,89,5,29.67,Partly Cloudy
10/28/2022,8:30 PM,79,89,3,29.67,Mostly Cloudy
10/28/2022,9:00 PM,79,89,5,29.67,Mostly Cloudy
10/28/2022,9:30 PM,79,94,2,29.70,Mostly Cloudy
10/28/2022,10:00 PM,77,100,5,29.70,Light Rain
10/28/2022,10:30 PM,77,94,3,29.70,Mostly Cloudy
10/28/2022,11:00 PM,77,94,1,29.70,Mostly Cloudy
10/28/2022,11:30 PM,77,94,3,29.70,Light Rain
10/29/2022,12:00 AM,77,94,5,29.70,Light Rain
10/29/2022,12:30 AM,77,94,2,29.70,Light Rain
10/29/2022,1:00 AM,77,94,5,29.70,Light Rain
10/29/2022,1:30 AM,75,100,0,29.70,Light Rain
10/29/2022,2:00 AM,77,94,0,29.67,Light Rain
10/29/2022,2:30 AM,75,100,0,29.67,Light Rain
10/29/2022,3:00 AM,75,100,0,29.64,Light Rain
10/29/2022,3:30 AM,75,100,0,29.64,Light Rain
10/29/2022,4:00 AM,75,100,0,29.64,Light Rain
10/29/2022,4:30 AM,75,100,0,29.64,Light Rain
10/29/2022,5:00 AM,75,100,3,29.64,Mostly Cloudy
10/29/2022,5:30 AM,75,100,0,29.64,Mostly Cloudy
10/29/2022,6:00 AM,77,94,3,29.64,Mostly Cloudy
10/29/2022,6:30 AM,75,100,2,29.67,Mostly Cloudy
10/29/2022,7:00 AM,77,94,2,29.67,Mostly Cloudy
10/29/2022,7:30 AM,77,94,0,29.70,Mostly Cloudy
10/29/2022,8:00 AM,79,89,0,29.70,Light Rain
10/29/2022,8:30 AM,79,89,3,29.70,Mostly Cloudy
10/29/2022,9:00 AM,81,84,0,29.70,Mostly Cloudy
10/29/2022,9:30 AM,81,84,3,29.73,Mostly Cloudy
10/29/2022,10:00 AM,84,74,2,29.70,Mostly Cloudy
10/29/2022,10:30 AM,84,74,3,29.70,Mostly Cloudy
10/29/2022,11:00 AM,84,74,2,29.70,Mostly Cloudy
10/29/2022,11:30 AM,86,70,6,29.70,Partly Cloudy
10/29/2022,12:00 PM,88,62,8,29.67,Partly Cloudy
10/29/2022,12:30 PM,91,66,8,29.64,Showers in the Vicinity
10/29/2022,1:00 PM,90,66,14,29.64,Showers in the Vicinity
10/29/2022,1:30 PM,90,66,13,29.61,Showers in the Vicinity
10/29/2022,2:00 PM,90,66,14,29.61,Partly Cloudy
10/29/2022,2:30 PM,90,66,13,29.58,Partly Cloudy
10/29/2022,3:00 PM,88,66,14,29.58,Partly Cloudy
10/29/2022,3:30 PM,88,70,12,29.58,Partly Cloudy
10/29/2022,4:00 PM,88,66,13,29.58,Partly Cloudy
10/29/2022,4:30 PM,86,70,9,29.58,Partly Cloudy
10/29/2022,5:00 PM,86,70,9,29.61,Fair
10/29/2022,5:30 PM,84,74,8,29.61,Fair
10/29/2022,6:00 PM,82,74,7,29.61,Fair
10/29/2022,6:30 PM,82,74,5,29.61,Partly Cloudy
10/29/2022,7:00 PM,81,79,3,29.64,Partly Cloudy
10/29/2022,7:30 PM,81,84,0,29.64,Partly Cloudy
10/29/2022,8:00 PM,81,84,2,29.67,Partly Cloudy
10/29/2022,8:30 PM,81,84,0,29.67,Mostly Cloudy
10/29/2022,9:00 PM,81,89,0,29.67,Mostly Cloudy
10/29/2022,9:30 PM,81,84,0,29.70,Mostly Cloudy
10/29/2022,10:00 PM,81,89,2,29.70,Mostly Cloudy
10/29/2022,10:30 PM,81,89,0,29.70,Mostly Cloudy
10/29/2022,11:00 PM,81,89,0,29.70,Mostly Cloudy
10/29/2022,11:30 PM,79,94,0,29.70,Mostly Cloudy
10/30/2022,12:00 AM,79,94,0,29.70,Mostly Cloudy
10/30/2022,12:30 AM,79,94,0,29.70,Mostly Cloudy
10/30/2022,1:00 AM,75,94,10,29.70,Rain
10/30/2022,1:30 AM,73,100,6,29.70,Light Rain
10/30/2022,2:00 AM,73,94,5,29.67,Light Rain
10/30/2022,2:30 AM,73,94,3,29.67,Light Rain
10/30/2022,3:00 AM,73,94,6,29.67,Light Rain
10/30/2022,3:30 AM,75,94,6,29.67,Light Rain
10/30/2022,4:00 AM,75,94,2,29.67,Light Rain
10/30/2022,4:30 AM,75,94,1,29.67,Light Rain
10/30/2022,5:00 AM,75,94,0,29.67,Mostly Cloudy
10/30/2022,5:30 AM,75,94,1,29.67,Mostly Cloudy
10/30/2022,6:00 AM,75,94,0,29.67,Partly Cloudy
10/30/2022,6:30 AM,75,94,0,29.67,Partly Cloudy
10/30/2022,7:00 AM,75,100,0,29.70,Fair
10/30/2022,7:30 AM,75,100,0,29.70,Fair
10/30/2022,8:00 AM,77,89,2,29.70,Fair
10/30/2022,8:30 AM,79,89,2,29.73,Fair
10/30/2022,9:00 AM,81,84,3,29.73,Fair
10/30/2022,9:30 AM,82,79,6,29.73,Fair
10/30/2022,10:00 AM,84,74,6,29.73,Fair
10/30/2022,10:30 AM,86,70,8,29.70,Fair
10/30/2022,11:00 AM,88,66,7,29.70,Partly Cloudy
10/30/2022,11:30 AM,88,62,8,29.70,Mostly Cloudy
10/30/2022,12:00 PM,88,62,10,29.67,Mostly Cloudy
10/30/2022,12:30 PM,88,58,9,29.67,Mostly Cloudy
10/30/2022,1:00 PM,90,66,10,29.64,Mostly Cloudy
10/30/2022,1:30 PM,90,66,12,29.64,Mostly Cloudy
10/30/2022,2:00 PM,90,66,10,29.61,Mostly Cloudy
10/30/2022,2:30 PM,88,66,14,29.61,Mostly Cloudy
10/30/2022,3:00 PM,88,70,15,29.61,Showers in the Vicinity
10/30/2022,3:30 PM,86,70,14,29.61,Showers in the Vicinity
10/30/2022,4:00 PM,86,70,12,29.61,Mostly Cloudy
10/30/2022,4:30 PM,84,74,9,29.61,Mostly Cloudy
10/30/2022,5:00 PM,84,74,7,29.61,Mostly Cloudy
10/30/2022,5:30 PM,84,74,6,29.61,Partly Cloudy
10/30/2022,6:00 PM,82,79,6,29.64,Fair
10/30/2022,6:30 PM,82,79,3,29.64,Fair
10/30/2022,7:00 PM,82,84,0,29.67,Partly Cloudy
10/30/2022,7:30 PM,82,84,0,29.67,Partly Cloudy
10/30/2022,8:00 PM,82,84,0,29.70,Partly Cloudy
10/30/2022,8:30 PM,81,89,3,29.70,Partly Cloudy
10/30/2022,9:00 PM,81,89,0,29.70,Partly Cloudy
10/30/2022,9:30 PM,81,89,0,29.70,Mostly Cloudy
10/30/2022,10:00 PM,81,89,0,29.73,Mostly Cloudy
10/30/2022,10:30 PM,81,89,2,29.73,Mostly Cloudy
10/30/2022,11:00 PM,79,89,8,29.73,Mostly Cloudy
10/30/2022,11:30 PM,77,94,7,29.70,Mostly Cloudy
10/31/2022,12:00 AM,77,89,5,29.70,Mostly Cloudy
10/31/2022,12:30 AM,77,89,5,29.70,Mostly Cloudy
10/31/2022,1:00 AM,77,89,0,29.70,Mostly Cloudy
10/31/2022,1:30 AM,77,89,0,29.70,Mostly Cloudy
10/31/2022,2:00 AM,77,89,0,29.67,Mostly Cloudy
10/31/2022,2:30 AM,77,89,0,29.67,Mostly Cloudy
10/31/2022,3:00 AM,77,89,0,29.67,Mostly Cloudy
10/31/2022,3:30 AM,77,89,0,29.67,Mostly Cloudy
10/31/2022,4:00 AM,77,89,5,29.67,Mostly Cloudy
10/31/2022,4:30 AM,77,89,3,29.67,Mostly Cloudy
10/31/2022,5:00 AM,77,89,0,29.67,Mostly Cloudy
10/31/2022,5:30 AM,77,89,0,29.67,Mostly Cloudy
10/31/2022,6:00 AM,77,89,0,29.67,Mostly Cloudy
10/31/2022,6:30 AM,77,89,0,29.70,Mostly Cloudy
10/31/2022,7:00 AM,77,94,0,29.70,Mostly Cloudy
10/31/2022,7:30 AM,77,94,1,29.73,Mostly Cloudy
10/31/2022,8:00 AM,79,89,2,29.73,Mostly Cloudy
10/31/2022,8:30 AM,82,79,3,29.73,Mostly Cloudy
10/31/2022,9:00 AM,82,79,3,29.73,Mostly Cloudy
10/31/2022,9:30 AM,84,70,2,29.76,Mostly Cloudy
10/31/2022,10:00 AM,84,70,3,29.76,Mostly Cloudy
10/31/2022,10:30 AM,86,66,2,29.73,Mostly Cloudy
10/31/2022,11:00 AM,88,66,6,29.73,Showers in the Vicinity
10/31/2022,11:30 AM,88,62,3,29.70,Showers in the Vicinity
10/31/2022,12:00 PM,88,70,5,29.70,Light Rain
10/31/2022,12:30 PM,82,79,13,29.70,Light Rain
10/31/2022,1:00 PM,81,84,12,29.67,Light Rain
10/31/2022,1:30 PM,81,84,7,29.67,Light Rain
10/31/2022,2:00 PM,79,83,2,29.64,Light Rain
10/31/2022,2:30 PM,81,79,2,29.64,Mostly Cloudy
10/31/2022,3:00 PM,82,79,5,29.64,Mostly Cloudy
10/31/2022,3:30 PM,82,74,5,29.64,Mostly Cloudy
10/31/2022,4:00 PM,82,74,5,29.64,Mostly Cloudy
10/31/2022,4:30 PM,82,74,5,29.64,Mostly Cloudy
10/31/2022,5:00 PM,82,79,3,29.64,Mostly Cloudy
10/31/2022,5:30 PM,82,79,3,29.67,Mostly Cloudy
10/31/2022,6:00 PM,81,84,3,29.67,Mostly Cloudy
10/31/2022,6:30 PM,81,84,2,29.67,Mostly Cloudy
10/31/2022,7:00 PM,79,89,0,29.70,Mostly Cloudy
10/31/2022,7:30 PM,79,89,0,29.70,Mostly Cloudy
10/31/2022,8:00 PM,79,89,3,29.73,Mostly Cloudy
10/31/2022,8:30 PM,79,89,3,29.73,Mostly Cloudy
10/31/2022,9:00 PM,79,89,0,29.73,Mostly Cloudy
10/31/2022,9:30 PM,77,94,0,29.73,Mostly Cloudy
10/31/2022,10:00 PM,77,94,0,29.76,Partly Cloudy
10/31/2022,10:30 PM,77,94,0,29.73,Partly Cloudy
10/31/2022,11:00 PM,77,94,0,29.76,Partly Cloudy
10/31/2022,11:30 PM,77,94,0,29.76,Fair
11/1/2022,12:00 AM,77,94,0,29.73,Fair
11/1/2022,12:30 AM,77,94,0,29.73,Partly Cloudy
11/1/2022,1:00 AM,77,94,0,29.73,Mostly Cloudy
11/1/2022,1:30 AM,77,94,0,29.73,Mostly Cloudy
11/1/2022,2:00 AM,77,94,0,29.70,Mostly Cloudy
11/1/2022,2:30 AM,77,94,0,29.70,Mostly Cloudy
11/1/2022,3:00 AM,75,100,0,29.70,Mostly Cloudy
11/1/2022,3:30 AM,75,100,0,29.70,Mostly Cloudy
11/1/2022,4:00 AM,75,100,0,29.67,Mostly Cloudy
11/1/2022,4:30 AM,75,100,0,29.67,Mostly Cloudy
11/1/2022,5:00 AM,75,94,3,29.70,Mostly Cloudy
11/1/2022,5:30 AM,75,94,2,29.70,Mostly Cloudy
11/1/2022,6:00 AM,75,94,0,29.70,Mostly Cloudy
11/1/2022,6:30 AM,75,94,0,29.73,Partly Cloudy
11/1/2022,7:00 AM,75,100,0,29.73,Partly Cloudy
11/1/2022,7:30 AM,77,94,0,29.73,Partly Cloudy
11/1/2022,8:00 AM,79,89,0,29.76,Mostly Cloudy
11/1/2022,8:30 AM,81,84,0,29.76,Mostly Cloudy
11/1/2022,9:00 AM,82,79,3,29.76,Mostly Cloudy
11/1/2022,9:30 AM,84,74,5,29.76,Fair
11/1/2022,10:00 AM,86,70,3,29.76,Fair
11/1/2022,10:30 AM,88,62,6,29.76,Partly Cloudy
11/1/2022,11:00 AM,88,62,7,29.73,Partly Cloudy
11/1/2022,11:30 AM,90,59,5,29.73,Partly Cloudy
11/1/2022,12:00 PM,90,62,6,29.70,Partly Cloudy
11/1/2022,12:30 PM,90,59,8,29.70,Partly Cloudy
11/1/2022,1:00 PM,90,62,9,29.67,Partly Cloudy
11/1/2022,1:30 PM,88,70,13,29.64,Partly Cloudy
11/1/2022,2:00 PM,88,62,13,29.64,Partly Cloudy
11/1/2022,2:30 PM,86,66,9,29.64,Partly Cloudy
11/1/2022,3:00 PM,86,66,9,29.64,Showers in the Vicinity
11/1/2022,3:30 PM,86,66,7,29.64,Mostly Cloudy
11/1/2022,4:00 PM,84,66,5,29.64,Mostly Cloudy
11/1/2022,4:30 PM,84,74,3,29.64,Mostly Cloudy
11/1/2022,5:00 PM,82,79,5,29.64,Mostly Cloudy
11/1/2022,5:30 PM,81,84,5,29.67,Mostly Cloudy
11/1/2022,6:00 PM,81,84,3,29.67,Light Rain
11/1/2022,6:30 PM,81,84,5,29.67,Mostly Cloudy
11/1/2022,7:00 PM,81,84,5,29.67,Mostly Cloudy
11/1/2022,7:30 PM,79,83,3,29.70,Mostly Cloudy
11/1/2022,8:00 PM,79,89,2,29.73,Mostly Cloudy
11/1/2022,8:30 PM,79,83,0,29.73,Mostly Cloudy
11/1/2022,9:00 PM,79,89,0,29.73,Mostly Cloudy
11/1/2022,9:30 PM,79,89,2,29.73,Mostly Cloudy
11/1/2022,10:00 PM,79,94,2,29.76,Mostly Cloudy
11/1/2022,10:30 PM,79,94,2,29.76,Mostly Cloudy
11/1/2022,11:00 PM,77,100,0,29.73,Mostly Cloudy
11/1/2022,11:30 PM,79,89,6,29.73,Mostly Cloudy
11/2/2022,12:00 AM,77,89,3,29.73,Mostly Cloudy
11/2/2022,12:30 AM,77,89,2,29.73,Mostly Cloudy
11/2/2022,1:00 AM,77,89,0,29.73,Mostly Cloudy
11/2/2022,1:30 AM,77,89,0,29.70,Mostly Cloudy
11/2/2022,2:00 AM,77,89,0,29.70,Mostly Cloudy
11/2/2022,2:30 AM,77,89,0,29.70,Mostly Cloudy
11/2/2022,3:00 AM,77,89,0,29.70,Mostly Cloudy
11/2/2022,3:30 AM,77,89,0,29.70,Mostly Cloudy
11/2/2022,4:00 AM,77,94,3,29.70,Mostly Cloudy
11/2/2022,4:30 AM,77,94,3,29.70,Mostly Cloudy
11/2/2022,5:00 AM,77,94,3,29.70,Mostly Cloudy
11/2/2022,5:30 AM,77,94,0,29.70,Mostly Cloudy
11/2/2022,6:00 AM,77,89,6,29.73,Mostly Cloudy
11/2/2022,6:30 AM,77,94,2,29.73,Mostly Cloudy
11/2/2022,7:00 AM,77,94,0,29.76,Mostly Cloudy
11/2/2022,7:30 AM,77,94,5,29.76,Light Rain
11/2/2022,8:00 AM,77,94,5,29.76,Light Rain
11/2/2022,8:30 AM,79,89,0,29.76,Mostly Cloudy
11/2/2022,9:00 AM,79,89,0,29.79,Mostly Cloudy
11/2/2022,9:30 AM,81,84,0,29.79,Mostly Cloudy
11/2/2022,10:00 AM,82,84,0,29.79,Mostly Cloudy
11/2/2022,10:30 AM,84,74,2,29.76,Mostly Cloudy
11/2/2022,11:00 AM,84,70,3,29.76,Mostly Cloudy
11/2/2022,11:30 AM,86,66,5,29.73,Mostly Cloudy
11/2/2022,12:00 PM,86,66,3,29.73,Mostly Cloudy
11/2/2022,12:30 PM,88,62,6,29.70,Mostly Cloudy
11/2/2022,1:00 PM,88,62,8,29.67,Showers in the Vicinity
11/2/2022,1:30 PM,86,66,9,29.67,Showers in the Vicinity
11/2/2022,2:00 PM,86,62,9,29.64,Mostly Cloudy
11/2/2022,2:30 PM,86,70,9,29.64,Mostly Cloudy
11/2/2022,3:00 PM,84,74,9,29.61,Mostly Cloudy
11/2/2022,3:30 PM,84,74,9,29.61,Mostly Cloudy
11/2/2022,4:00 PM,86,70,10,29.61,Mostly Cloudy
11/2/2022,4:30 PM,84,70,10,29.61,Showers in the Vicinity
11/2/2022,5:00 PM,82,74,8,29.61,Mostly Cloudy
11/2/2022,5:30 PM,82,74,7,29.64,Mostly Cloudy
11/2/2022,6:00 PM,82,79,6,29.64,Mostly Cloudy
11/2/2022,6:30 PM,82,79,6,29.64,Mostly Cloudy
11/2/2022,7:00 PM,81,84,3,29.67,Mostly Cloudy
11/2/2022,7:30 PM,81,84,3,29.67,Mostly Cloudy
11/2/2022,8:00 PM,81,84,0,29.70,Mostly Cloudy
11/2/2022,8:30 PM,79,89,0,29.70,Mostly Cloudy
11/2/2022,9:00 PM,79,89,0,29.70,Mostly Cloudy
11/2/2022,9:30 PM,79,89,0,29.73,Mostly Cloudy
11/2/2022,10:00 PM,79,89,0,29.73,Partly Cloudy
11/2/2022,10:30 PM,79,89,0,29.73,Mostly Cloudy
11/2/2022,11:00 PM,79,89,0,29.73,Mostly Cloudy
11/2/2022,11:30 PM,79,89,0,29.73,Mostly Cloudy
11/3/2022,12:00 AM,77,94,1,29.70,Mostly Cloudy
11/3/2022,12:30 AM,77,89,2,29.70,Mostly Cloudy
11/3/2022,1:00 AM,77,89,0,29.70,Mostly Cloudy
11/3/2022,1:30 AM,77,89,0,29.70,Mostly Cloudy
11/3/2022,2:00 AM,77,89,0,29.70,Mostly Cloudy
11/3/2022,2:30 AM,77,94,7,29.70,Mostly Cloudy
11/3/2022,3:00 AM,77,89,6,29.67,Mostly Cloudy
11/3/2022,3:30 AM,75,94,5,29.67,Mostly Cloudy
11/3/2022,4:00 AM,75,94,3,29.67,Mostly Cloudy
11/3/2022,4:30 AM,75,94,0,29.67,Mostly Cloudy
11/3/2022,5:00 AM,75,94,0,29.67,Mostly Cloudy
11/3/2022,5:30 AM,75,94,2,29.67,Partly Cloudy
11/3/2022,6:00 AM,75,94,1,29.70,Partly Cloudy
11/3/2022,6:30 AM,75,94,0,29.70,Mostly Cloudy
11/3/2022,7:00 AM,75,94,0,29.73,Fair
11/3/2022,7:30 AM,77,89,0,29.73,Fair
11/3/2022,8:00 AM,79,83,3,29.73,Fair
11/3/2022,8:30 AM,81,79,3,29.76,Fair
11/3/2022,9:00 AM,82,74,5,29.76,Fair
11/3/2022,9:30 AM,82,74,3,29.76,Fair
11/3/2022,10:00 AM,82,74,5,29.79,Mostly Cloudy
11/3/2022,10:30 AM,84,70,6,29.76,Mostly Cloudy
11/3/2022,11:00 AM,84,70,5,29.76,Mostly Cloudy
11/3/2022,11:30 AM,86,70,3,29.73,Mostly Cloudy
11/3/2022,12:00 PM,86,66,5,29.73,Mostly Cloudy
11/3/2022,12:30 PM,84,70,9,29.70,Showers in the Vicinity
11/3/2022,1:00 PM,86,66,7,29.70,Mostly Cloudy
11/3/2022,1:30 PM,86,66,9,29.67,Mostly Cloudy
11/3/2022,2:00 PM,86,74,9,29.67,Showers in the Vicinity
11/3/2022,2:30 PM,86,74,9,29.64,Mostly Cloudy
11/3/2022,3:00 PM,86,74,10,29.64,Partly Cloudy
11/3/2022,3:30 PM,84,74,12,29.64,Mostly Cloudy
11/3/2022,4:00 PM,84,79,10,29.64,Partly Cloudy
11/3/2022,4:30 PM,82,84,12,29.64,Partly Cloudy
11/3/2022,5:00 PM,82,79,8,29.67,Partly Cloudy
11/3/2022,5:30 PM,82,79,9,29.67,Mostly Cloudy
11/3/2022,6:00 PM,81,84,6,29.70,Showers in the Vicinity
11/3/2022,6:30 PM,81,84,6,29.70,Light Rain
11/3/2022,7:00 PM,81,84,5,29.73,Mostly Cloudy
11/3/2022,7:30 PM,81,84,0,29.73,Mostly Cloudy
11/3/2022,8:00 PM,81,84,0,29.73,Light Rain
11/3/2022,8:30 PM,79,94,0,29.76,Light Rain
11/3/2022,9:00 PM,79,94,3,29.76,Light Rain
11/3/2022,9:30 PM,79,94,3,29.79,Light Rain
11/3/2022,10:00 PM,79,94,0,29.76,Mostly Cloudy
11/3/2022,10:30 PM,79,94,0,29.76,Mostly Cloudy
11/3/2022,11:00 PM,77,100,0,29.76,Mostly Cloudy
11/3/2022,11:30 PM,77,100,0,29.76,Mostly Cloudy
11/4/2022,12:00 AM,77,100,0,29.73,Mostly Cloudy
11/4/2022,12:30 AM,77,100,0,29.73,Mostly Cloudy
11/4/2022,1:00 AM,77,100,0,29.73,Mostly Cloudy
11/4/2022,1:30 AM,77,100,0,29.70,Light Rain
11/4/2022,2:00 AM,77,100,0,29.70,Light Rain
11/4/2022,2:30 AM,77,100,0,29.70,Mostly Cloudy
11/4/2022,3:00 AM,77,100,0,29.70,Mostly Cloudy
11/4/2022,3:30 AM,77,100,0,29.67,Mostly Cloudy
11/4/2022,4:00 AM,77,94,0,29.70,Mostly Cloudy
11/4/2022,4:30 AM,77,100,0,29.70,Mostly Cloudy
11/4/2022,5:00 AM,77,100,0,29.70,Mostly Cloudy
11/4/2022,5:30 AM,77,100,0,29.73,Mostly Cloudy
11/4/2022,6:00 AM,77,100,0,29.73,Mostly Cloudy
11/4/2022,6:30 AM,77,100,0,29.73,Mostly Cloudy
11/4/2022,7:00 AM,77,94,2,29.76,Mostly Cloudy
11/4/2022,7:30 AM,77,94,0,29.76,Mostly Cloudy
11/4/2022,8:00 AM,79,89,5,29.76,Mostly Cloudy
11/4/2022,8:30 AM,79,89,8,29.79,Mostly Cloudy
11/4/2022,9:00 AM,81,84,9,29.79,Showers in the Vicinity
11/4/2022,9:30 AM,81,84,10,29.79,Showers in the Vicinity
11/4/2022,10:00 AM,82,79,9,29.79,Mostly Cloudy
11/4/2022,10:30 AM,84,84,10,29.79,Mostly Cloudy
11/4/2022,11:00 AM,84,84,9,29.76,Mostly Cloudy
11/4/2022,11:30 AM,84,79,8,29.76,Mostly Cloudy
11/4/2022,12:00 PM,82,84,6,29.76,Mostly Cloudy
11/4/2022,12:30 PM,82,84,7,29.73,Light Rain
11/4/2022,1:00 PM,84,70,8,29.73,Mostly Cloudy
11/4/2022,1:30 PM,84,74,8,29.70,Showers in the Vicinity
11/4/2022,2:00 PM,84,74,8,29.70,Mostly Cloudy
11/4/2022,2:30 PM,82,79,7,29.67,Light Rain
11/4/2022,3:00 PM,84,74,6,29.67,Light Rain
11/4/2022,3:30 PM,82,79,7,29.67,Mostly Cloudy
11/4/2022,4:00 PM,82,79,7,29.67,Mostly Cloudy
11/4/2022,4:30 PM,82,79,7,29.70,Mostly Cloudy
11/4/2022,5:00 PM,82,79,6,29.70,Mostly Cloudy
11/4/2022,5:30 PM,82,79,7,29.67,Mostly Cloudy
11/4/2022,6:00 PM,79,89,7,29.70,Light Rain
11/4/2022,6:30 PM,79,94,2,29.73,Light Rain
11/4/2022,7:00 PM,79,94,0,29.73,Light Rain
11/4/2022,7:30 PM,77,100,3,29.76,Light Rain
11/4/2022,8:00 PM,77,94,5,29.76,Light Rain
11/4/2022,8:30 PM,77,94,7,29.79,Light Rain
11/4/2022,9:00 PM,77,94,0,29.81,Light Rain
11/4/2022,9:30 PM,77,94,0,29.81,Light Rain
11/4/2022,10:00 PM,77,94,5,29.81,Light Rain
11/4/2022,10:30 PM,77,94,6,29.81,Light Rain
11/4/2022,11:00 PM,75,100,0,29.81,Light Rain
11/4/2022,11:30 PM,75,100,0,29.81,Light Rain
11/5/2022,12:00 AM,75,100,0,29.79,Light Rain
11/5/2022,12:30 AM,75,100,2,29.79,Light Rain
11/5/2022,1:00 AM,75,100,0,29.76,Mostly Cloudy
11/5/2022,1:30 AM,75,100,2,29.76,Mostly Cloudy
11/5/2022,2:00 AM,75,100,2,29.73,Mostly Cloudy
11/5/2022,2:30 AM,75,100,2,29.73,Mostly Cloudy
11/5/2022,3:00 AM,75,100,0,29.70,Mostly Cloudy
11/5/2022,3:30 AM,75,100,3,29.70,Mostly Cloudy
11/5/2022,4:00 AM,75,100,0,29.70,Mostly Cloudy
11/5/2022,4:30 AM,75,100,0,29.70,Mostly Cloudy
11/5/2022,5:00 AM,75,100,3,29.73,Light Rain
11/5/2022,5:30 AM,75,100,3,29.73,Light Rain
11/5/2022,6:00 AM,75,100,0,29.76,Light Rain
11/5/2022,6:30 AM,75,100,0,29.76,Mostly Cloudy
11/5/2022,7:00 AM,75,100,0,29.76,Mostly Cloudy
11/5/2022,7:30 AM,77,94,2,29.76,Mostly Cloudy
11/5/2022,8:00 AM,79,89,0,29.79,Mostly Cloudy
11/5/2022,8:30 AM,81,89,0,29.79,Mostly Cloudy
11/5/2022,9:00 AM,81,89,0,29.81,Mostly Cloudy
11/5/2022,9:30 AM,82,84,0,29.81,Mostly Cloudy
11/5/2022,10:00 AM,82,79,2,29.81,Mostly Cloudy
11/5/2022,10:30 AM,84,74,0,29.79,Mostly Cloudy
11/5/2022,11:00 AM,84,74,3,29.79,Mostly Cloudy
11/5/2022,11:30 AM,86,70,0,29.79,Mostly Cloudy
11/5/2022,12:00 PM,88,62,2,29.76,Showers in the Vicinity
11/5/2022,12:30 PM,86,66,2,29.76,Showers in the Vicinity
11/5/2022,1:00 PM,82,84,10,29.73,Light Rain
11/5/2022,1:30 PM,79,94,8,29.73,Light Rain
11/5/2022,2:00 PM,79,94,8,29.73,Light Rain
11/5/2022,2:30 PM,77,100,10,29.73,Light Rain with Thunder
11/5/2022,3:00 PM,79,94,6,29.70,Light Rain with Thunder
11/5/2022,3:30 PM,79,94,2,29.70,Light Rain with Thunder
11/5/2022,4:00 PM,79,94,8,29.70,Light Rain with Thunder
11/5/2022,4:30 PM,77,100,5,29.73,Heavy T-Storm
11/5/2022,5:00 PM,77,94,7,29.73,Light Rain with Thunder
11/5/2022,5:30 PM,77,94,8,29.76,Light Rain with Thunder
11/5/2022,6:00 PM,77,94,3,29.76,Heavy T-Storm
11/5/2022,6:30 PM,75,100,3,29.79,Light Rain with Thunder
11/5/2022,7:00 PM,75,100,2,29.79,Light Rain with Thunder
11/5/2022,7:30 PM,75,100,6,29.79,Light Rain
11/5/2022,8:00 PM,75,100,3,29.81,Light Rain
11/5/2022,8:30 PM,75,100,2,29.81,Light Rain
11/5/2022,9:00 PM,75,100,3,29.81,Light Rain
11/5/2022,9:30 PM,75,100,0,29.81,Mostly Cloudy
11/5/2022,10:00 PM,75,100,0,29.81,Light Rain
11/5/2022,10:30 PM,75,100,0,29.81,Mostly Cloudy
11/5/2022,11:00 PM,75,100,0,29.81,Mostly Cloudy
11/5/2022,11:30 PM,75,100,0,29.81,Mostly Cloudy
11/6/2022,12:00 AM,75,100,0,29.81,Mostly Cloudy
11/6/2022,12:30 AM,75,100,0,29.81,Mostly Cloudy
11/6/2022,1:00 AM,75,94,0,29.79,Mostly Cloudy
11/6/2022,1:30 AM,75,100,0,29.79,Mostly Cloudy
11/6/2022,2:00 AM,75,100,0,29.76,Mostly Cloudy
11/6/2022,2:30 AM,75,94,0,29.76,Mostly Cloudy
11/6/2022,3:00 AM,75,100,0,29.76,Mostly Cloudy
11/6/2022,3:30 AM,75,94,0,29.76,Mostly Cloudy
11/6/2022,4:00 AM,75,94,0,29.76,Mostly Cloudy
11/6/2022,4:30 AM,75,94,0,29.76,Fog
11/6/2022,5:00 AM,75,94,0,29.76,Fog
11/6/2022,5:30 AM,75,94,0,29.76,Fog
11/6/2022,6:00 AM,73,100,0,29.76,Fog
11/6/2022,6:30 AM,73,100,0,29.76,Fog
11/6/2022,7:00 AM,75,100,0,29.79,Fog
11/6/2022,7:30 AM,75,100,0,29.79,Fog
11/6/2022,8:00 AM,75,100,0,29.79,Mostly Cloudy
11/6/2022,8:30 AM,75,100,0,29.81,Mostly Cloudy
11/6/2022,9:00 AM,77,94,0,29.81,Mostly Cloudy
11/6/2022,9:30 AM,81,89,0,29.81,Mostly Cloudy
11/6/2022,10:00 AM,82,79,0,29.81,Mostly Cloudy
11/6/2022,10:30 AM,82,79,0,29.81,Mostly Cloudy
11/6/2022,11:00 AM,84,74,2,29.81,Partly Cloudy
11/6/2022,11:30 AM,84,74,0,29.79,Partly Cloudy
11/6/2022,12:00 PM,86,70,0,29.79,Mostly Cloudy
11/6/2022,12:30 PM,88,66,0,29.76,Mostly Cloudy
11/6/2022,1:00 PM,88,66,0,29.73,Partly Cloudy
11/6/2022,1:30 PM,90,62,3,29.73,Partly Cloudy
11/6/2022,2:00 PM,90,59,0,29.70,Partly Cloudy
11/6/2022,2:30 PM,90,62,2,29.70,Partly Cloudy
11/6/2022,3:00 PM,88,66,6,29.67,Showers in the Vicinity
11/6/2022,3:30 PM,86,74,12,29.67,Showers in the Vicinity
11/6/2022,4:00 PM,84,74,2,29.67,Showers in the Vicinity
11/6/2022,4:30 PM,82,84,7,29.67,Light Rain
11/6/2022,5:00 PM,81,84,7,29.70,Showers in the Vicinity
11/6/2022,5:30 PM,75,94,8,29.73,Heavy Rain
11/6/2022,6:00 PM,73,100,9,29.76,Heavy T-Storm
11/6/2022,6:30 PM,73,100,0,29.76,Light Rain with Thunder
11/6/2022,7:00 PM,73,100,0,29.76,Light Rain with Thunder
11/6/2022,7:30 PM,73,100,0,29.79,Light Rain
11/6/2022,8:00 PM,73,100,0,29.79,Light Rain
11/6/2022,8:30 PM,73,100,0,29.79,Light Rain
11/6/2022,9:00 PM,73,100,0,29.81,Light Rain
11/6/2022,9:30 PM,73,100,0,29.81,Light Rain
11/6/2022,10:00 PM,73,100,0,29.81,Light Rain
11/6/2022,10:30 PM,73,100,0,29.81,Light Rain
11/6/2022,11:00 PM,73,100,0,29.81,Light Rain
11/6/2022,11:30 PM,75,94,0,29.81,Mostly Cloudy
11/7/2022,12:00 AM,75,94,0,29.79,Mostly Cloudy
11/7/2022,12:30 AM,75,94,0,29.79,Mostly Cloudy
11/7/2022,1:00 AM,75,94,0,29.76,Mostly Cloudy
11/7/2022,1:30 AM,75,94,0,29.76,Mostly Cloudy
11/7/2022,2:00 AM,75,100,0,29.76,Mostly Cloudy
11/7/2022,2:30 AM,75,94,0,29.76,Mostly Cloudy
11/7/2022,3:00 AM,73,100,0,29.76,Mostly Cloudy
11/7/2022,3:30 AM,73,100,0,29.76,Mostly Cloudy
11/7/2022,4:00 AM,75,100,0,29.73,Fog
11/7/2022,4:30 AM,75,100,0,29.73,Fog
11/7/2022,5:00 AM,75,100,0,29.73,Fog
11/7/2022,5:30 AM,75,100,0,29.73,Fog
11/7/2022,6:00 AM,73,100,0,29.76,Mostly Cloudy
11/7/2022,6:30 AM,75,100,0,29.76,Mostly Cloudy
11/7/2022,7:00 AM,75,100,0,29.79,Mostly Cloudy
11/7/2022,7:30 AM,77,100,0,29.79,Mostly Cloudy
11/7/2022,8:00 AM,81,84,0,29.79,Mostly Cloudy
11/7/2022,8:30 AM,82,79,0,29.81,Mostly Cloudy
11/7/2022,9:00 AM,84,74,0,29.81,Partly Cloudy
11/7/2022,9:30 AM,84,74,0,29.81,Partly Cloudy
11/7/2022,10:00 AM,84,74,0,29.81,Partly Cloudy
11/7/2022,10:30 AM,86,70,3,29.79,Partly Cloudy
11/7/2022,11:00 AM,86,70,2,29.79,Mostly Cloudy
11/7/2022,11:30 AM,84,79,6,29.79,Mostly Cloudy
11/7/2022,12:00 PM,86,74,7,29.76,Mostly Cloudy
11/7/2022,12:30 PM,86,70,7,29.76,Mostly Cloudy
11/7/2022,1:00 PM,86,74,6,29.73,Partly Cloudy
11/7/2022,1:30 PM,88,66,6,29.73,Partly Cloudy
11/7/2022,2:00 PM,88,66,7,29.70,Partly Cloudy
11/7/2022,2:30 PM,88,66,10,29.67,Partly Cloudy
11/7/2022,3:00 PM,88,66,10,29.67,Partly Cloudy
11/7/2022,3:30 PM,88,70,10,29.67,Showers in the Vicinity
11/7/2022,4:00 PM,84,74,8,29.67,Showers in the Vicinity
11/7/2022,4:30 PM,84,74,7,29.70,Showers in the Vicinity
11/7/2022,5:00 PM,77,83,7,29.70,Showers in the Vicinity
11/7/2022,5:30 PM,77,83,3,29.70,Showers in the Vicinity
11/7/2022,6:00 PM,77,83,3,29.73,Mostly Cloudy
11/7/2022,6:30 PM,77,89,0,29.73,Mostly Cloudy
11/7/2022,7:00 PM,77,89,5,29.76,Mostly Cloudy
11/7/2022,7:30 PM,77,89,0,29.76,Mostly Cloudy
11/7/2022,8:00 PM,77,89,0,29.76,Mostly Cloudy
11/7/2022,8:30 PM,77,89,0,29.79,Mostly Cloudy
11/7/2022,9:00 PM,77,89,0,29.79,Mostly Cloudy
11/7/2022,9:30 PM,77,89,0,29.79,Mostly Cloudy
11/7/2022,10:00 PM,77,89,0,29.81,Mostly Cloudy
11/7/2022,10:30 PM,75,100,0,29.79,Mostly Cloudy
11/7/2022,11:00 PM,75,100,0,29.79,Partly Cloudy
11/7/2022,11:30 PM,75,100,0,29.79,Partly Cloudy
11/8/2022,12:00 AM,75,100,1,29.79,Partly Cloudy
11/8/2022,12:30 AM,75,100,0,29.79,Partly Cloudy
11/8/2022,1:00 AM,75,100,0,29.76,Partly Cloudy
11/8/2022,1:30 AM,75,100,0,29.76,Mostly Cloudy
11/8/2022,2:00 AM,75,100,0,29.73,Mostly Cloudy
11/8/2022,2:30 AM,75,100,0,29.73,Mostly Cloudy
11/8/2022,3:00 AM,75,100,0,29.73,Mostly Cloudy
11/8/2022,3:30 AM,75,100,0,29.73,Mostly Cloudy
11/8/2022,4:00 AM,75,100,0,29.70,Mostly Cloudy
11/8/2022,4:30 AM,75,100,0,29.70,Mostly Cloudy
11/8/2022,5:00 AM,75,100,0,29.73,Partly Cloudy
11/8/2022,5:30 AM,75,100,0,29.73,Fair
11/8/2022,6:00 AM,75,94,0,29.73,Fair
11/8/2022,6:30 AM,75,100,0,29.73,Fair
11/8/2022,7:00 AM,75,100,0,29.76,Fair
11/8/2022,7:30 AM,79,89,0,29.76,Fair
11/8/2022,8:00 AM,81,89,1,29.76,Fair
11/8/2022,8:30 AM,82,84,3,29.79,Fair
11/8/2022,9:00 AM,82,84,5,29.79,Partly Cloudy
11/8/2022,9:30 AM,84,74,8,29.81,Partly Cloudy
11/8/2022,10:00 AM,86,70,7,29.81,Partly Cloudy
11/8/2022,10:30 AM,88,66,10,29.79,Partly Cloudy
11/8/2022,11:00 AM,88,62,10,29.79,Partly Cloudy
11/8/2022,11:30 AM,90,59,10,29.79,Fair
11/8/2022,12:00 PM,90,70,12,29.76,Partly Cloudy
11/8/2022,12:30 PM,91,63,13,29.76,Partly Cloudy
11/8/2022,1:00 PM,91,59,15,29.73,Fair
11/8/2022,1:30 PM,91,55,14,29.73,Fair
11/8/2022,2:00 PM,91,55,16,29.70,Fair
11/8/2022,2:30 PM,91,55,12,29.70,Fair
11/8/2022,3:00 PM,91,52,13,29.67,Fair
11/8/2022,3:30 PM,90,55,13,29.67,Fair
11/8/2022,4:00 PM,90,52,13,29.67,Fair
11/8/2022,4:30 PM,88,55,12,29.67,Fair
11/8/2022,5:00 PM,88,55,12,29.67,Fair
11/8/2022,5:30 PM,86,62,12,29.70,Fair
11/8/2022,6:00 PM,84,66,12,29.70,Fair
11/8/2022,6:30 PM,82,74,7,29.73,Fair
11/8/2022,7:00 PM,82,74,6,29.73,Fair
11/8/2022,7:30 PM,82,74,6,29.73,Fair
11/8/2022,8:00 PM,81,84,5,29.76,Fair
11/8/2022,8:30 PM,81,84,2,29.76,Fair
11/8/2022,9:00 PM,81,84,0,29.79,Fair
11/8/2022,9:30 PM,81,89,3,29.79,Fair
11/8/2022,10:00 PM,79,94,0,29.79,Mostly Cloudy
11/8/2022,10:30 PM,81,89,0,29.79,Mostly Cloudy
11/8/2022,11:00 PM,79,94,2,29.79,Mostly Cloudy
11/8/2022,11:30 PM,79,94,0,29.79,Partly Cloudy
11/9/2022,12:00 AM,79,89,0,29.76,Fair
11/9/2022,12:30 AM,77,100,0,29.76,Partly Cloudy
11/9/2022,1:00 AM,77,100,0,29.76,Partly Cloudy
11/9/2022,1:30 AM,77,100,0,29.76,Partly Cloudy
11/9/2022,2:00 AM,79,89,0,29.73,Partly Cloudy
11/9/2022,2:30 AM,77,94,0,29.73,Mostly Cloudy
11/9/2022,3:00 AM,77,100,0,29.70,Mostly Cloudy
11/9/2022,3:30 AM,77,94,0,29.70,Mostly Cloudy
11/9/2022,4:00 AM,77,100,0,29.70,Light Rain
11/9/2022,4:30 AM,77,100,0,29.70,Mostly Cloudy
11/9/2022,5:00 AM,77,94,0,29.70,Mostly Cloudy
11/9/2022,5:30 AM,77,100,0,29.70,Mostly Cloudy
11/9/2022,6:00 AM,77,100,0,29.73,Mostly Cloudy
11/9/2022,6:30 AM,77,100,0,29.73,Mostly Cloudy
11/9/2022,7:00 AM,77,100,5,29.76,Heavy Rain
11/9/2022,7:30 AM,77,100,0,29.76,Light Rain
11/9/2022,8:00 AM,79,94,0,29.76,Mostly Cloudy
11/9/2022,8:30 AM,79,94,0,29.79,Mostly Cloudy
11/9/2022,9:00 AM,81,89,0,29.79,Light Rain
11/9/2022,9:30 AM,81,84,0,29.79,Light Rain
11/9/2022,10:00 AM,81,89,0,29.81,Mostly Cloudy
11/9/2022,10:30 AM,81,84,0,29.81,Light Rain
11/9/2022,11:00 AM,82,79,0,29.79,Light Rain
11/9/2022,11:30 AM,81,89,2,29.76,Light Rain
11/9/2022,12:00 PM,81,89,0,29.76,Light Rain
11/9/2022,12:30 PM,81,94,3,29.76,Light Rain
11/9/2022,1:00 PM,79,94,9,29.73,Rain
11/9/2022,1:30 PM,81,89,3,29.73,Mostly Cloudy
11/9/2022,2:00 PM,82,79,9,29.73,Light Rain
11/9/2022,2:30 PM,79,94,2,29.73,Light Rain
11/9/2022,3:00 PM,81,89,7,29.70,Light Rain
11/9/2022,3:30 PM,81,89,7,29.70,Mostly Cloudy
11/9/2022,4:00 PM,82,84,6,29.67,Mostly Cloudy
11/9/2022,4:30 PM,84,79,7,29.67,Mostly Cloudy
11/9/2022,5:00 PM,82,84,6,29.67,Partly Cloudy
11/9/2022,5:30 PM,82,84,0,29.70,Partly Cloudy
11/9/2022,6:00 PM,81,84,3,29.70,Fair
11/9/2022,6:30 PM,81,84,3,29.70,Fair
11/9/2022,7:00 PM,79,94,0,29.73,Fair
11/9/2022,7:30 PM,79,89,0,29.73,Fair
11/9/2022,8:00 PM,79,89,0,29.76,Fair
11/9/2022,8:30 PM,79,89,3,29.76,Fair
11/9/2022,9:00 PM,79,94,3,29.79,Fair
11/9/2022,9:30 PM,79,94,5,29.79,Fair
11/9/2022,10:00 PM,79,89,0,29.79,Partly Cloudy
11/9/2022,10:30 PM,79,94,2,29.79,Partly Cloudy
11/9/2022,11:00 PM,77,94,0,29.76,Fair
11/9/2022,11:30 PM,77,94,0,29.76,Fair
11/10/2022,12:00 AM,77,94,2,29.76,Fair
11/10/2022,12:30 AM,77,94,3,29.76,Fair
11/10/2022,1:00 AM,77,94,0,29.73,Fair
11/10/2022,1:30 AM,77,94,0,29.73,Fair
11/10/2022,2:00 AM,75,100,0,29.70,Fair
11/10/2022,2:30 AM,77,94,0,29.70,Fair
11/10/2022,3:00 AM,77,94,0,29.70,Fair
11/10/2022,3:30 AM,77,94,0,29.70,Partly Cloudy
11/10/2022,4:00 AM,75,100,0,29.70,Partly Cloudy
11/10/2022,4:30 AM,75,100,0,29.70,Partly Cloudy
11/10/2022,5:00 AM,75,100,0,29.70,Partly Cloudy
11/10/2022,5:30 AM,75,100,0,29.70,Partly Cloudy
11/10/2022,6:00 AM,75,100,0,29.70,Partly Cloudy
11/10/2022,6:30 AM,75,100,0,29.73,Light Rain
11/10/2022,7:00 AM,77,94,0,29.73,Light Rain
11/10/2022,7:30 AM,77,94,0,29.76,Light Rain
11/10/2022,8:00 AM,77,94,0,29.76,Light Rain
11/10/2022,8:30 AM,77,100,0,29.79,Light Rain
11/10/2022,9:00 AM,79,94,0,29.79,Light Rain
11/10/2022,9:30 AM,79,94,1,29.79,Light Rain
11/10/2022,10:00 AM,77,94,6,29.79,Light Rain
11/10/2022,10:30 AM,81,89,2,29.79,Mostly Cloudy
11/10/2022,11:00 AM,81,84,3,29.79,Light Rain
11/10/2022,11:30 AM,81,89,7,29.76,Mostly Cloudy
11/10/2022,12:00 PM,79,94,6,29.76,Light Rain
11/10/2022,12:30 PM,79,89,5,29.76,Mostly Cloudy
11/10/2022,1:00 PM,81,84,7,29.73,Mostly Cloudy
11/10/2022,1:30 PM,81,84,6,29.73,Mostly Cloudy
11/10/2022,2:00 PM,82,79,7,29.70,Mostly Cloudy
11/10/2022,2:30 PM,82,79,8,29.67,Mostly Cloudy
11/10/2022,3:00 PM,82,74,3,29.67,Light Rain
11/10/2022,3:30 PM,81,84,1,29.67,Light Rain
11/10/2022,4:00 PM,79,94,2,29.67,Light Rain
11/10/2022,4:30 PM,79,94,2,29.67,Light Rain
11/10/2022,5:00 PM,79,94,2,29.70,Mostly Cloudy
11/10/2022,5:30 PM,79,94,1,29.70,Light Rain
11/10/2022,6:00 PM,77,94,1,29.70,Light Rain
11/10/2022,6:30 PM,77,100,8,29.73,Light Rain
11/10/2022,7:00 PM,75,94,3,29.73,Light Rain
11/10/2022,7:30 PM,75,100,5,29.73,Light Rain
11/10/2022,8:00 PM,75,94,6,29.73,Light Rain
11/10/2022,8:30 PM,75,100,5,29.76,Light Rain
11/10/2022,9:00 PM,75,100,0,29.76,Light Rain
11/10/2022,9:30 PM,75,100,0,29.79,Light Rain
11/10/2022,10:00 PM,75,100,0,29.79,Light Rain
11/10/2022,10:30 PM,75,100,0,29.79,Mostly Cloudy
11/10/2022,11:00 PM,75,100,0,29.79,Mostly Cloudy
11/10/2022,11:30 PM,75,100,0,29.79,Mostly Cloudy
11/11/2022,12:00 AM,75,100,2,29.79,Light Rain
11/11/2022,12:30 AM,75,100,0,29.79,Light Rain
11/11/2022,1:00 AM,75,100,0,29.76,Light Rain
11/11/2022,1:30 AM,75,100,0,29.76,Light Rain
11/11/2022,2:00 AM,75,100,0,29.73,Mostly Cloudy
11/11/2022,2:30 AM,75,100,0,29.73,Mostly Cloudy
11/11/2022,3:00 AM,75,100,0,29.70,Mostly Cloudy
11/11/2022,3:30 AM,75,100,0,29.70,Mostly Cloudy
11/11/2022,4:00 AM,75,100,0,29.67,Mostly Cloudy
11/11/2022,4:30 AM,75,100,0,29.67,Mostly Cloudy
11/11/2022,5:00 AM,75,100,0,29.67,Mostly Cloudy
11/11/2022,5:30 AM,75,100,0,29.67,Mostly Cloudy
11/11/2022,6:00 AM,75,100,0,29.70,Mostly Cloudy
11/11/2022,6:30 AM,75,100,0,29.70,Mostly Cloudy
11/11/2022,7:00 AM,75,100,0,29.73,Mostly Cloudy
11/11/2022,7:30 AM,77,94,0,29.73,Mostly Cloudy
11/11/2022,8:00 AM,77,94,0,29.76,Mostly Cloudy
11/11/2022,8:30 AM,79,89,0,29.76,Mostly Cloudy
11/11/2022,9:00 AM,79,89,2,29.76,Mostly Cloudy
11/11/2022,9:30 AM,79,89,0,29.79,Light Rain
11/11/2022,10:00 AM,79,94,0,29.79,Light Rain
11/11/2022,10:30 AM,77,100,3,29.79,Rain
11/11/2022,11:00 AM,77,94,7,29.79,Rain
11/11/2022,11:30 AM,75,100,0,29.76,Light Rain
11/11/2022,12:00 PM,75,100,0,29.76,Light Rain
11/11/2022,12:30 PM,77,94,0,29.73,Light Rain
11/11/2022,1:00 PM,77,94,2,29.73,Light Rain
11/11/2022,1:30 PM,77,100,6,29.70,Light Rain
11/11/2022,2:00 PM,77,94,5,29.70,Light Rain
11/11/2022,2:30 PM,79,94,5,29.70,Showers in the Vicinity
11/11/2022,3:00 PM,81,89,7,29.67,Light Rain
11/11/2022,3:30 PM,79,94,6,29.67,Light Rain
11/11/2022,4:00 PM,79,94,7,29.67,Light Rain
11/11/2022,4:30 PM,79,94,3,29.67,Mostly Cloudy
11/11/2022,5:00 PM,79,94,0,29.67,Light Rain
11/11/2022,5:30 PM,79,94,0,29.67,Light Rain
11/11/2022,6:00 PM,79,89,0,29.70,Rain
11/11/2022,6:30 PM,77,94,0,29.70,Light Rain
11/11/2022,7:00 PM,77,100,0,29.73,Mostly Cloudy
11/11/2022,7:30 PM,77,100,0,29.73,Mostly Cloudy
11/11/2022,8:00 PM,77,100,0,29.73,Light Rain
11/11/2022,8:30 PM,77,100,0,29.73,Light Rain
11/11/2022,9:00 PM,75,100,7,29.76,Light Rain with Thunder
11/11/2022,9:30 PM,75,100,0,29.76,Light Rain
11/11/2022,10:00 PM,75,100,0,29.76,Mostly Cloudy
11/11/2022,10:30 PM,75,100,0,29.76,Mostly Cloudy
11/11/2022,11:00 PM,77,94,3,29.73,Light Rain
11/11/2022,11:30 PM,77,94,0,29.73,Light Rain
11/12/2022,12:00 AM,77,94,0,29.73,Light Rain
11/12/2022,12:30 AM,77,94,0,29.73,Light Rain
11/12/2022,1:00 AM,75,100,5,29.70,Light Rain
11/12/2022,1:30 AM,75,100,2,29.70,Light Rain
11/12/2022,2:00 AM,77,94,5,29.70,Mostly Cloudy
11/12/2022,2:30 AM,75,100,5,29.70,Mostly Cloudy
11/12/2022,3:00 AM,77,94,3,29.67,Mostly Cloudy
11/12/2022,3:30 AM,77,94,0,29.67,Mostly Cloudy
11/12/2022,4:00 AM,77,94,7,29.67,Light Rain
11/12/2022,4:30 AM,77,94,3,29.67,Light Rain
11/12/2022,5:00 AM,77,94,0,29.67,Light Rain
11/12/2022,5:30 AM,77,94,0,29.67,Mostly Cloudy
11/12/2022,6:00 AM,77,94,0,29.67,Light Rain
11/12/2022,6:30 AM,77,94,0,29.70,Light Rain
11/12/2022,7:00 AM,77,100,0,29.70,Light Rain
11/12/2022,7:30 AM,77,100,0,29.70,Light Rain
11/12/2022,8:00 AM,77,100,0,29.73,Mostly Cloudy
11/12/2022,8:30 AM,79,94,0,29.73,Light Rain
11/12/2022,9:00 AM,82,89,0,29.76,Light Rain
11/12/2022,9:30 AM,82,89,0,29.76,Light Rain
11/12/2022,10:00 AM,81,89,0,29.76,Light Rain
11/12/2022,10:30 AM,81,89,6,29.76,Light Rain with Thunder
11/12/2022,11:00 AM,82,84,5,29.76,Light Rain
11/12/2022,11:30 AM,82,89,8,29.73,Mostly Cloudy
11/12/2022,12:00 PM,82,84,6,29.73,Mostly Cloudy
11/12/2022,12:30 PM,84,79,5,29.70,Mostly Cloudy
11/12/2022,1:00 PM,88,79,15,29.67,Mostly Cloudy
11/12/2022,1:30 PM,88,79,16,29.67,Mostly Cloudy
11/12/2022,2:00 PM,88,75,12,29.64,Mostly Cloudy
11/12/2022,2:30 PM,88,75,16,29.64,Mostly Cloudy
11/12/2022,3:00 PM,88,75,16,29.64,Mostly Cloudy
11/12/2022,3:30 PM,86,74,14,29.61,Mostly Cloudy
11/12/2022,4:00 PM,86,74,13,29.61,Mostly Cloudy
11/12/2022,4:30 PM,86,70,12,29.61,Mostly Cloudy
11/12/2022,5:00 PM,84,74,10,29.64,Mostly Cloudy
11/12/2022,5:30 PM,84,74,12,29.64,Mostly Cloudy
11/12/2022,6:00 PM,82,79,7,29.67,Mostly Cloudy
11/12/2022,6:30 PM,82,79,6,29.67,Mostly Cloudy
11/12/2022,7:00 PM,81,84,3,29.67,Mostly Cloudy
11/12/2022,7:30 PM,81,89,5,29.67,Mostly Cloudy
11/12/2022,8:00 PM,81,89,2,29.70,Mostly Cloudy
11/12/2022,8:30 PM,81,89,2,29.70,Mostly Cloudy
11/12/2022,9:00 PM,81,89,3,29.70,Mostly Cloudy
11/12/2022,9:30 PM,79,94,0,29.73,Mostly Cloudy
11/12/2022,10:00 PM,79,94,10,29.73,Rain
11/12/2022,10:30 PM,77,89,5,29.73,Light Rain
11/12/2022,11:00 PM,77,94,2,29.73,Mostly Cloudy
11/12/2022,11:30 PM,77,94,0,29.70,Mostly Cloudy
11/13/2022,12:00 AM,77,94,0,29.73,Mostly Cloudy
11/13/2022,12:30 AM,77,94,0,29.70,Mostly Cloudy
11/13/2022,1:00 AM,77,94,6,29.70,Mostly Cloudy
11/13/2022,1:30 AM,75,100,3,29.70,Light Rain
11/13/2022,2:00 AM,75,100,0,29.70,Light Rain
11/13/2022,2:30 AM,75,100,9,29.70,Rain
11/13/2022,3:00 AM,75,100,2,29.67,Light Rain
11/13/2022,3:30 AM,75,100,0,29.67,Light Rain
11/13/2022,4:00 AM,75,94,1,29.67,Mostly Cloudy
11/13/2022,4:30 AM,75,94,3,29.64,Light Rain
11/13/2022,5:00 AM,75,100,0,29.67,Mostly Cloudy
11/13/2022,5:30 AM,75,100,0,29.67,Mostly Cloudy
11/13/2022,6:00 AM,75,100,0,29.67,Light Rain
11/13/2022,6:30 AM,75,100,0,29.67,Mostly Cloudy
11/13/2022,7:00 AM,75,100,6,29.70,Mostly Cloudy
11/13/2022,7:30 AM,77,94,2,29.70,Mostly Cloudy
11/13/2022,8:00 AM,77,94,0,29.73,Light Rain
11/13/2022,8:30 AM,77,94,0,29.73,Mostly Cloudy
11/13/2022,9:00 AM,81,89,7,29.73,Mostly Cloudy
11/13/2022,9:30 AM,81,89,7,29.73,Mostly Cloudy
11/13/2022,10:00 AM,81,89,6,29.73,Cloudy
11/13/2022,10:30 AM,82,84,7,29.73,Cloudy
11/13/2022,11:00 AM,82,79,7,29.73,Light Rain
11/13/2022,11:30 AM,81,89,5,29.70,Light Rain
11/13/2022,12:00 PM,79,100,7,29.70,Rain
11/13/2022,12:30 PM,81,89,7,29.70,Mostly Cloudy
11/13/2022,1:00 PM,77,94,9,29.70,Light Rain
11/13/2022,1:30 PM,79,94,5,29.67,Light Rain
11/13/2022,2:00 PM,79,94,3,29.64,Mostly Cloudy
11/13/2022,2:30 PM,81,89,3,29.61,Mostly Cloudy
11/13/2022,3:00 PM,82,84,9,29.61,Mostly Cloudy
11/13/2022,3:30 PM,84,79,9,29.61,Mostly Cloudy
11/13/2022,4:00 PM,82,84,8,29.61,Mostly Cloudy
11/13/2022,4:30 PM,82,84,9,29.61,Mostly Cloudy
11/13/2022,5:00 PM,82,79,8,29.61,Mostly Cloudy
11/13/2022,5:30 PM,82,84,5,29.64,Light Rain
11/13/2022,6:00 PM,81,89,6,29.64,Light Rain
11/13/2022,6:30 PM,79,94,5,29.64,Mostly Cloudy
11/13/2022,7:00 PM,79,94,1,29.67,Mostly Cloudy
11/13/2022,7:30 PM,79,94,0,29.67,Mostly Cloudy
11/13/2022,8:00 PM,79,94,0,29.67,Mostly Cloudy
11/13/2022,8:30 PM,79,94,1,29.70,Mostly Cloudy
11/13/2022,9:00 PM,79,94,0,29.70,Light Rain
11/13/2022,9:30 PM,79,94,0,29.73,Light Rain
11/13/2022,10:00 PM,79,94,0,29.73,Light Rain
11/13/2022,10:30 PM,77,100,0,29.73,Light Rain
11/13/2022,11:00 PM,77,100,0,29.73,Mostly Cloudy
11/13/2022,11:30 PM,77,100,0,29.73,Mostly Cloudy
11/14/2022,12:00 AM,77,100,0,29.73,Mostly Cloudy
11/14/2022,12:30 AM,77,100,0,29.70,Mostly Cloudy
11/14/2022,1:00 AM,77,100,0,29.70,Mostly Cloudy
11/14/2022,1:30 AM,77,100,0,29.70,Mostly Cloudy
11/14/2022,2:00 AM,77,94,0,29.67,Mostly Cloudy
11/14/2022,2:30 AM,77,100,0,29.67,Mostly Cloudy
11/14/2022,3:00 AM,77,94,0,29.67,Mostly Cloudy
11/14/2022,3:30 AM,77,94,0,29.67,Mostly Cloudy
11/14/2022,4:00 AM,77,94,0,29.64,Mostly Cloudy
11/14/2022,4:30 AM,77,94,0,29.64,Mostly Cloudy
11/14/2022,5:00 AM,75,100,5,29.67,Mostly Cloudy
11/14/2022,5:30 AM,75,100,5,29.67,Fog
11/14/2022,6:00 AM,75,100,2,29.67,Fog
11/14/2022,6:30 AM,75,100,0,29.70,Mostly Cloudy
11/14/2022,7:00 AM,77,94,0,29.70,Fog
11/14/2022,7:30 AM,77,100,0,29.70,Fog
11/14/2022,8:00 AM,77,100,0,29.70,Fog
11/14/2022,8:30 AM,77,100,3,29.73,Fog
11/14/2022,9:00 AM,79,94,3,29.73,Mostly Cloudy
11/14/2022,9:30 AM,79,94,0,29.73,Mostly Cloudy
11/14/2022,10:00 AM,81,89,3,29.73,Mostly Cloudy
11/14/2022,10:30 AM,82,84,2,29.73,Mostly Cloudy
11/14/2022,11:00 AM,84,79,2,29.73,Mostly Cloudy
11/14/2022,11:30 AM,86,74,3,29.70,Mostly Cloudy
11/14/2022,12:00 PM,86,74,5,29.70,Mostly Cloudy
11/14/2022,12:30 PM,82,84,14,29.67,Showers in the Vicinity
11/14/2022,1:00 PM,79,94,14,29.67,Light Rain
11/14/2022,1:30 PM,77,100,7,29.64,Heavy T-Storm
11/14/2022,2:00 PM,79,94,5,29.64,Light Rain with Thunder
11/14/2022,2:30 PM,79,94,3,29.64,Light Rain with Thunder
11/14/2022,3:00 PM,79,89,7,29.61,Light Rain
11/14/2022,3:30 PM,79,94,5,29.61,Light Rain
11/14/2022,4:00 PM,77,100,6,29.61,Heavy Rain
11/14/2022,4:30 PM,79,94,3,29.64,Light Rain with Thunder
11/14/2022,5:00 PM,79,94,0,29.64,Light Rain with Thunder
11/14/2022,5:30 PM,77,100,5,29.67,Light Rain with Thunder
11/14/2022,6:00 PM,77,94,6,29.67,Light Rain with Thunder
11/14/2022,6:30 PM,77,94,0,29.67,Light Rain with Thunder
11/14/2022,7:00 PM,77,94,2,29.67,Light Rain with Thunder
11/14/2022,7:30 PM,77,94,3,29.67,Light Rain with Thunder
11/14/2022,8:00 PM,77,100,0,29.70,Light Rain with Thunder
11/14/2022,8:30 PM,77,100,2,29.73,Light Rain with Thunder
11/14/2022,9:00 PM,77,100,2,29.73,Light Rain with Thunder
11/14/2022,9:30 PM,77,94,0,29.76,Light Rain with Thunder
11/14/2022,10:00 PM,75,100,0,29.76,Light Rain with Thunder
11/14/2022,10:30 PM,75,100,0,29.73,Light Rain
11/14/2022,11:00 PM,75,100,5,29.73,Light Rain
11/14/2022,11:30 PM,75,100,0,29.73,Mostly Cloudy
11/15/2022,12:00 AM,75,100,2,29.70,Mostly Cloudy
11/15/2022,12:30 AM,75,100,2,29.70,Mostly Cloudy
11/15/2022,1:00 AM,75,100,0,29.70,Mostly Cloudy
11/15/2022,1:30 AM,75,100,2,29.67,Mostly Cloudy
11/15/2022,2:00 AM,75,100,0,29.67,Mostly Cloudy
11/15/2022,2:30 AM,75,100,0,29.67,Mostly Cloudy
11/15/2022,3:00 AM,75,100,0,29.64,Mostly Cloudy
11/15/2022,3:30 AM,75,100,0,29.64,Mostly Cloudy
11/15/2022,4:00 AM,75,100,0,29.67,Mostly Cloudy
11/15/2022,4:30 AM,75,100,0,29.67,Mostly Cloudy
11/15/2022,5:00 AM,75,100,3,29.67,Mostly Cloudy
11/15/2022,5:30 AM,75,100,1,29.67,Mostly Cloudy
11/15/2022,6:00 AM,75,100,0,29.70,Mostly Cloudy
11/15/2022,6:30 AM,75,100,0,29.70,Mostly Cloudy
11/15/2022,7:00 AM,77,94,0,29.70,Mostly Cloudy
11/15/2022,7:30 AM,77,94,0,29.73,Mostly Cloudy
11/15/2022,8:00 AM,79,89,0,29.73,Mostly Cloudy
11/15/2022,8:30 AM,79,89,5,29.76,Mostly Cloudy
11/15/2022,9:00 AM,81,89,3,29.76,Mostly Cloudy
11/15/2022,9:30 AM,82,79,7,29.76,Mostly Cloudy
11/15/2022,10:00 AM,84,74,7,29.73,Partly Cloudy
11/15/2022,10:30 AM,86,66,8,29.73,Partly Cloudy
11/15/2022,11:00 AM,86,66,8,29.73,Mostly Cloudy
11/15/2022,11:30 AM,88,62,7,29.73,Mostly Cloudy
11/15/2022,12:00 PM,88,62,5,29.70,Mostly Cloudy
11/15/2022,12:30 PM,88,62,5,29.70,Mostly Cloudy
11/15/2022,1:00 PM,88,62,7,29.67,Mostly Cloudy
11/15/2022,1:30 PM,90,59,6,29.64,Partly Cloudy
11/15/2022,2:00 PM,90,59,6,29.64,Partly Cloudy
11/15/2022,2:30 PM,90,59,0,29.61,Showers in the Vicinity
11/15/2022,3:00 PM,86,70,0,29.61,Showers in the Vicinity
11/15/2022,3:30 PM,84,79,0,29.61,Showers in the Vicinity
11/15/2022,4:00 PM,82,84,7,29.61,Light Rain
11/15/2022,4:30 PM,82,84,7,29.64,Light Rain
11/15/2022,5:00 PM,81,89,10,29.64,Showers in the Vicinity
11/15/2022,5:30 PM,79,89,3,29.64,Thunder
11/15/2022,6:00 PM,81,89,3,29.67,Light Rain with Thunder
11/15/2022,6:30 PM,79,94,6,29.67,Mostly Cloudy
11/15/2022,7:00 PM,79,83,5,29.70,Mostly Cloudy
11/15/2022,7:30 PM,77,94,2,29.70,Light Rain
11/15/2022,8:00 PM,77,94,2,29.70,Mostly Cloudy
11/15/2022,8:30 PM,79,89,6,29.73,Light Rain
11/15/2022,9:00 PM,77,94,2,29.73,Light Rain
11/15/2022,9:30 PM,77,100,2,29.73,Light Rain
11/15/2022,10:00 PM,77,100,3,29.73,Mostly Cloudy
11/15/2022,10:30 PM,77,100,0,29.70,Mostly Cloudy
11/15/2022,11:00 PM,77,100,0,29.70,Mostly Cloudy
11/15/2022,11:30 PM,77,100,0,29.70,Mostly Cloudy
11/16/2022,12:00 AM,77,94,2,29.70,Mostly Cloudy
11/16/2022,12:30 AM,77,94,0,29.67,Mostly Cloudy
11/16/2022,1:00 AM,77,94,0,29.67,Mostly Cloudy
11/16/2022,1:30 AM,77,94,0,29.67,Mostly Cloudy
11/16/2022,2:00 AM,75,100,0,29.67,Partly Cloudy
11/16/2022,2:30 AM,75,100,0,29.64,Partly Cloudy
11/16/2022,3:00 AM,75,100,0,29.64,Partly Cloudy
11/16/2022,3:30 AM,75,100,0,29.64,Partly Cloudy
11/16/2022,4:00 AM,75,100,0,29.64,Partly Cloudy
11/16/2022,4:30 AM,75,100,0,29.64,Partly Cloudy
11/16/2022,5:00 AM,75,100,0,29.64,Mostly Cloudy
11/16/2022,5:30 AM,75,100,0,29.64,Mostly Cloudy
11/16/2022,6:00 AM,75,100,0,29.67,Mostly Cloudy
11/16/2022,6:30 AM,75,100,0,29.67,Mostly Cloudy
11/16/2022,7:00 AM,75,100,3,29.67,Fog
11/16/2022,7:30 AM,77,100,0,29.70,Fog
11/16/2022,8:00 AM,77,100,0,29.70,Mostly Cloudy
11/16/2022,8:30 AM,79,94,0,29.73,Mostly Cloudy
11/16/2022,9:00 AM,81,89,1,29.73,Mostly Cloudy
11/16/2022,9:30 AM,84,79,3,29.73,Partly Cloudy
11/16/2022,10:00 AM,84,79,3,29.73,Fair
11/16/2022,10:30 AM,86,70,5,29.70,Fair
11/16/2022,11:00 AM,86,74,5,29.70,Partly Cloudy
11/16/2022,11:30 AM,88,70,2,29.70,Partly Cloudy
11/16/2022,12:00 PM,86,70,7,29.67,Partly Cloudy
11/16/2022,12:30 PM,88,66,6,29.67,Partly Cloudy
11/16/2022,1:00 PM,90,66,8,29.64,Partly Cloudy
11/16/2022,1:30 PM,88,70,8,29.64,Partly Cloudy
11/16/2022,2:00 PM,90,62,8,29.61,Partly Cloudy
11/16/2022,2:30 PM,90,62,7,29.58,Partly Cloudy
11/16/2022,3:00 PM,88,70,14,29.58,Mostly Cloudy
11/16/2022,3:30 PM,86,74,13,29.58,Showers in the Vicinity
11/16/2022,4:00 PM,84,79,7,29.61,Light Rain with Thunder
11/16/2022,4:30 PM,77,100,12,29.64,T-Storm
11/16/2022,5:00 PM,77,100,9,29.61,Light Rain with Thunder
11/16/2022,5:30 PM,75,100,9,29.64,Light Rain
11/16/2022,6:00 PM,77,94,7,29.64,Light Rain
11/16/2022,6:30 PM,77,100,7,29.64,Light Rain
11/16/2022,7:00 PM,77,100,2,29.64,Light Rain
11/16/2022,7:30 PM,77,100,0,29.67,Light Rain
11/16/2022,8:00 PM,77,100,0,29.67,Light Rain
11/16/2022,8:30 PM,77,100,0,29.70,Light Rain
11/16/2022,9:00 PM,77,100,3,29.70,Light Rain
11/16/2022,9:30 PM,77,100,5,29.70,Light Rain
11/16/2022,10:00 PM,77,100,3,29.70,Light Rain
11/16/2022,10:30 PM,77,100,2,29.70,Light Rain
11/16/2022,11:00 PM,77,100,1,29.70,Light Rain
11/16/2022,11:30 PM,77,100,0,29.70,Mostly Cloudy
11/17/2022,12:00 AM,77,100,0,29.70,Mostly Cloudy
11/17/2022,12:30 AM,77,100,0,29.70,Mostly Cloudy
11/17/2022,1:00 AM,77,100,0,29.67,Light Rain
11/17/2022,1:30 AM,77,100,0,29.67,Light Rain
11/17/2022,2:00 AM,77,100,0,29.67,Light Rain
11/17/2022,2:30 AM,77,100,0,29.64,Light Rain
11/17/2022,3:00 AM,77,100,0,29.64,Light Rain
11/17/2022,3:30 AM,77,100,0,29.64,Mostly Cloudy
11/17/2022,4:00 AM,77,100,3,29.64,Mostly Cloudy
11/17/2022,4:30 AM,77,100,0,29.64,Mostly Cloudy
11/17/2022,5:00 AM,77,100,0,29.64,Mostly Cloudy
11/17/2022,5:30 AM,77,100,0,29.67,Mostly Cloudy
11/17/2022,6:00 AM,77,100,0,29.67,Mostly Cloudy
11/17/2022,6:30 AM,77,100,0,29.67,Mostly Cloudy
11/17/2022,7:00 AM,77,100,0,29.67,Mostly Cloudy
11/17/2022,7:30 AM,77,100,0,29.70,Light Rain
11/17/2022,8:00 AM,79,94,0,29.73,Light Rain
11/17/2022,8:30 AM,79,94,0,29.73,Mostly Cloudy
11/17/2022,9:00 AM,81,89,0,29.73,Mostly Cloudy
11/17/2022,9:30 AM,81,89,0,29.73,Mostly Cloudy
11/17/2022,10:00 AM,82,84,0,29.70,Mostly Cloudy
11/17/2022,10:30 AM,84,79,2,29.70,Mostly Cloudy
11/17/2022,11:00 AM,86,79,0,29.70,Mostly Cloudy
11/17/2022,11:30 AM,84,79,2,29.70,Partly Cloudy
11/17/2022,12:00 PM,84,79,6,29.70,Mostly Cloudy
11/17/2022,12:30 PM,81,94,9,29.67,Light Rain
11/17/2022,1:00 PM,82,89,0,29.64,Light Rain
11/17/2022,1:30 PM,82,89,7,29.64,Showers in the Vicinity
11/17/2022,2:00 PM,84,89,7,29.61,Mostly Cloudy
11/17/2022,2:30 PM,84,84,7,29.61,Mostly Cloudy
11/17/2022,3:00 PM,84,84,8,29.61,Mostly Cloudy
11/17/2022,3:30 PM,84,84,6,29.58,Mostly Cloudy
11/17/2022,4:00 PM,84,79,8,29.61,Mostly Cloudy
11/17/2022,4:30 PM,82,84,6,29.61,Mostly Cloudy
11/17/2022,5:00 PM,82,84,5,29.61,Thunder
11/17/2022,5:30 PM,82,84,0,29.64,Thunder
11/17/2022,6:00 PM,81,89,3,29.64,Mostly Cloudy
11/17/2022,6:30 PM,81,84,0,29.67,Mostly Cloudy
11/17/2022,7:00 PM,81,84,0,29.67,Mostly Cloudy
11/17/2022,7:30 PM,79,94,0,29.70,Mostly Cloudy
11/17/2022,8:00 PM,79,94,0,29.70,Mostly Cloudy
11/17/2022,8:30 PM,79,89,0,29.73,Mostly Cloudy
11/17/2022,9:00 PM,79,89,0,29.73,Mostly Cloudy
11/17/2022,9:30 PM,77,94,0,29.73,Mostly Cloudy
11/17/2022,10:00 PM,77,94,0,29.73,Mostly Cloudy
11/17/2022,10:30 PM,77,94,0,29.73,Mostly Cloudy
11/17/2022,11:00 PM,77,94,0,29.73,Mostly Cloudy
11/17/2022,11:30 PM,77,94,0,29.73,Mostly Cloudy
11/18/2022,12:00 AM,77,100,0,29.70,Mostly Cloudy
11/18/2022,12:30 AM,77,100,0,29.70,Mostly Cloudy
11/18/2022,1:00 AM,77,100,0,29.70,Mostly Cloudy
11/18/2022,1:30 AM,77,100,0,29.70,Mostly Cloudy
11/18/2022,2:00 AM,77,100,0,29.70,Mostly Cloudy
11/18/2022,2:30 AM,77,100,0,29.67,Mostly Cloudy
11/18/2022,3:00 AM,77,100,0,29.67,Mostly Cloudy
11/18/2022,3:30 AM,77,100,0,29.67,Mostly Cloudy
11/18/2022,4:00 AM,77,100,0,29.67,Mostly Cloudy
11/18/2022,4:30 AM,77,100,0,29.67,Mostly Cloudy
11/18/2022,5:00 AM,77,100,0,29.67,Mostly Cloudy
11/18/2022,5:30 AM,77,100,0,29.67,Mostly Cloudy
11/18/2022,6:00 AM,77,100,0,29.70,Mostly Cloudy
11/18/2022,6:30 AM,77,100,0,29.70,Mostly Cloudy
11/18/2022,7:00 AM,77,100,0,29.70,Mostly Cloudy
11/18/2022,7:30 AM,79,94,0,29.73,Mostly Cloudy
11/18/2022,8:00 AM,81,89,0,29.73,Mostly Cloudy
11/18/2022,8:30 AM,81,89,2,29.76,Mostly Cloudy
11/18/2022,9:00 AM,82,89,1,29.76,Mostly Cloudy
11/18/2022,9:30 AM,82,84,1,29.76,Mostly Cloudy
11/18/2022,10:00 AM,82,84,5,29.76,Mostly Cloudy
11/18/2022,10:30 AM,84,79,3,29.73,Mostly Cloudy
11/18/2022,11:00 AM,86,74,6,29.73,Mostly Cloudy
11/18/2022,11:30 AM,86,74,7,29.73,Mostly Cloudy
11/18/2022,12:00 PM,86,70,8,29.70,Mostly Cloudy
11/18/2022,12:30 PM,84,79,9,29.70,Light Rain
11/18/2022,1:00 PM,86,70,9,29.67,Mostly Cloudy
11/18/2022,1:30 PM,86,70,9,29.67,Mostly Cloudy
11/18/2022,2:00 PM,84,74,8,29.64,Mostly Cloudy
11/18/2022,2:30 PM,86,74,9,29.64,Mostly Cloudy
11/18/2022,3:00 PM,86,70,10,29.64,Mostly Cloudy
11/18/2022,3:30 PM,84,74,8,29.64,Mostly Cloudy
11/18/2022,4:00 PM,84,79,7,29.64,Showers in the Vicinity
11/18/2022,4:30 PM,82,84,6,29.64,Light Rain
11/18/2022,5:00 PM,82,84,6,29.64,Mostly Cloudy
11/18/2022,5:30 PM,82,84,5,29.67,Mostly Cloudy
11/18/2022,6:00 PM,82,84,6,29.67,Mostly Cloudy
11/18/2022,6:30 PM,77,94,9,29.70,Light Rain
11/18/2022,7:00 PM,77,94,7,29.70,Light Rain
11/18/2022,7:30 PM,75,100,5,29.70,Mostly Cloudy
11/18/2022,8:00 PM,77,94,2,29.73,Light Rain
11/18/2022,8:30 PM,77,94,0,29.73,Light Rain
11/18/2022,9:00 PM,77,94,0,29.76,Mostly Cloudy
11/18/2022,9:30 PM,77,94,0,29.76,Mostly Cloudy
11/18/2022,10:00 PM,77,94,0,29.76,Mostly Cloudy
11/18/2022,10:30 PM,75,100,2,29.76,Mostly Cloudy
11/18/2022,11:00 PM,75,100,5,29.76,Mostly Cloudy
11/18/2022,11:30 PM,75,100,2,29.73,Mostly Cloudy
11/19/2022,12:00 AM,75,100,0,29.73,Partly Cloudy
11/19/2022,12:30 AM,75,100,2,29.73,Partly Cloudy
11/19/2022,1:00 AM,75,100,5,29.73,Partly Cloudy
11/19/2022,1:30 AM,75,100,3,29.73,Mostly Cloudy
11/19/2022,2:00 AM,75,100,5,29.70,Mostly Cloudy
11/19/2022,2:30 AM,75,100,5,29.70,Mostly Cloudy
11/19/2022,3:00 AM,75,100,0,29.67,Mostly Cloudy
11/19/2022,3:30 AM,75,100,0,29.67,Light Rain
11/19/2022,4:00 AM,75,100,3,29.67,Mostly Cloudy
11/19/2022,4:30 AM,75,100,3,29.67,Mostly Cloudy
11/19/2022,5:00 AM,75,100,0,29.67,Mostly Cloudy
11/19/2022,5:30 AM,75,100,0,29.67,Mostly Cloudy
11/19/2022,6:00 AM,77,94,0,29.70,Mostly Cloudy
11/19/2022,6:30 AM,75,100,0,29.70,Mostly Cloudy
11/19/2022,7:00 AM,77,94,0,29.73,Mostly Cloudy
11/19/2022,7:30 AM,77,94,0,29.73,Mostly Cloudy
11/19/2022,8:00 AM,79,94,3,29.73,Mostly Cloudy
11/19/2022,8:30 AM,79,89,5,29.73,Mostly Cloudy
11/19/2022,9:00 AM,81,89,3,29.73,Mostly Cloudy
11/19/2022,9:30 AM,84,84,6,29.73,Mostly Cloudy
11/19/2022,10:00 AM,82,84,6,29.73,Mostly Cloudy
11/19/2022,10:30 AM,84,79,5,29.73,Mostly Cloudy
11/19/2022,11:00 AM,86,74,3,29.73,Mostly Cloudy
11/19/2022,11:30 AM,86,70,7,29.70,Mostly Cloudy
11/19/2022,12:00 PM,86,70,8,29.67,Mostly Cloudy
11/19/2022,12:30 PM,88,66,9,29.64,Mostly Cloudy
11/19/2022,1:00 PM,88,66,10,29.64,Mostly Cloudy
11/19/2022,1:30 PM,86,70,9,29.61,Mostly Cloudy
11/19/2022,2:00 PM,86,70,10,29.61,Mostly Cloudy
11/19/2022,2:30 PM,84,74,8,29.58,Mostly Cloudy
11/19/2022,3:00 PM,84,74,8,29.58,Mostly Cloudy
11/19/2022,3:30 PM,84,74,8,29.58,Mostly Cloudy
11/19/2022,4:00 PM,84,74,8,29.58,Partly Cloudy
11/19/2022,4:30 PM,84,74,6,29.58,Partly Cloudy
11/19/2022,5:00 PM,84,74,6,29.61,Partly Cloudy
11/19/2022,5:30 PM,82,79,5,29.64,Partly Cloudy
11/19/2022,6:00 PM,82,79,3,29.64,Showers in the Vicinity
11/19/2022,6:30 PM,81,84,6,29.67,Showers in the Vicinity
11/19/2022,7:00 PM,79,83,7,29.67,Light Rain
11/19/2022,7:30 PM,77,94,3,29.70,Mostly Cloudy
11/19/2022,8:00 PM,77,94,0,29.70,Mostly Cloudy
11/19/2022,8:30 PM,77,94,0,29.70,Partly Cloudy
11/19/2022,9:00 PM,77,94,5,29.70,Fair
11/19/2022,9:30 PM,77,94,0,29.73,Fair
11/19/2022,10:00 PM,77,89,0,29.73,Fair
11/19/2022,10:30 PM,77,89,0,29.70,Fair
11/19/2022,11:00 PM,77,89,2,29.70,Fair
11/19/2022,11:30 PM,77,89,3,29.70,Fair
11/20/2022,12:00 AM,77,94,0,29.70,Fair
11/20/2022,12:30 AM,77,89,3,29.70,Fair
11/20/2022,1:00 AM,75,100,3,29.67,Fair
11/20/2022,1:30 AM,75,100,0,29.67,Fair
11/20/2022,2:00 AM,75,100,0,29.67,Fair
11/20/2022,2:30 AM,75,100,0,29.64,Fair
11/20/2022,3:00 AM,75,100,0,29.64,Fair
11/20/2022,3:30 AM,75,100,3,29.64,Fair
11/20/2022,4:00 AM,75,100,3,29.64,Fog
11/20/2022,4:30 AM,75,100,0,29.64,Fog
11/20/2022,5:00 AM,75,100,0,29.61,Fog
11/20/2022,5:30 AM,75,100,0,29.64,Fog
11/20/2022,6:00 AM,75,100,2,29.64,Fog
11/20/2022,6:30 AM,75,100,0,29.64,Fog
11/20/2022,7:00 AM,75,100,0,29.67,Fog
11/20/2022,7:30 AM,77,100,0,29.67,Fog
11/20/2022,8:00 AM,77,100,0,29.67,Partly Cloudy
11/20/2022,8:30 AM,79,89,1,29.70,Mostly Cloudy
11/20/2022,9:00 AM,81,89,0,29.70,Mostly Cloudy
11/20/2022,9:30 AM,82,84,0,29.70,Partly Cloudy
11/20/2022,10:00 AM,84,79,0,29.70,Partly Cloudy
11/20/2022,10:30 AM,84,79,0,29.70,Partly Cloudy
11/20/2022,11:00 AM,84,74,2,29.70,Partly Cloudy
11/20/2022,11:30 AM,86,70,1,29.67,Partly Cloudy
11/20/2022,12:00 PM,84,74,2,29.67,Partly Cloudy
11/20/2022,12:30 PM,86,74,2,29.64,Partly Cloudy
11/20/2022,1:00 PM,86,74,3,29.64,Partly Cloudy
11/20/2022,1:30 PM,86,74,5,29.61,Light Rain
11/20/2022,2:00 PM,77,83,10,29.58,Light Rain
11/20/2022,2:30 PM,77,94,9,29.61,Light Rain
11/20/2022,3:00 PM,75,94,6,29.58,Light Rain with Thunder
11/20/2022,3:30 PM,75,94,2,29.58,Light Rain
11/20/2022,4:00 PM,77,94,7,29.58,Mostly Cloudy
11/20/2022,4:30 PM,77,94,3,29.58,Mostly Cloudy
11/20/2022,5:00 PM,77,94,0,29.58,Mostly Cloudy
11/20/2022,5:30 PM,77,94,0,29.61,Mostly Cloudy
11/20/2022,6:00 PM,77,94,0,29.61,Mostly Cloudy
11/20/2022,6:30 PM,77,94,0,29.61,Mostly Cloudy
11/20/2022,7:00 PM,77,94,0,29.61,Mostly Cloudy
11/20/2022,7:30 PM,77,94,2,29.64,Mostly Cloudy
11/20/2022,8:00 PM,77,94,0,29.64,Mostly Cloudy
11/20/2022,8:30 PM,77,94,5,29.67,Mostly Cloudy
11/20/2022,9:00 PM,77,94,3,29.67,Mostly Cloudy
11/20/2022,9:30 PM,77,94,0,29.67,Mostly Cloudy
11/20/2022,10:00 PM,77,94,0,29.67,Mostly Cloudy
11/20/2022,10:30 PM,77,94,0,29.70,Mostly Cloudy
11/20/2022,11:00 PM,77,100,0,29.70,Mostly Cloudy
11/20/2022,11:30 PM,77,94,0,29.70,Mostly Cloudy
11/21/2022,12:00 AM,77,94,0,29.67,Mostly Cloudy
11/21/2022,12:30 AM,77,94,0,29.67,Mostly Cloudy
11/21/2022,1:00 AM,75,100,0,29.67,Mostly Cloudy
11/21/2022,1:30 AM,75,100,0,29.67,Mostly Cloudy
11/21/2022,2:00 AM,75,100,0,29.64,Mostly Cloudy
11/21/2022,2:30 AM,75,100,0,29.64,Mostly Cloudy
11/21/2022,3:00 AM,75,100,0,29.61,Fog
11/21/2022,3:30 AM,75,100,0,29.61,Fog
11/21/2022,4:00 AM,75,100,0,29.61,Fog
11/21/2022,4:30 AM,75,100,0,29.61,Fog
11/21/2022,5:00 AM,75,100,0,29.61,Fog
11/21/2022,5:30 AM,75,100,0,29.61,Fog
11/21/2022,6:00 AM,73,100,0,29.61,Fog
11/21/2022,6:30 AM,75,100,0,29.61,Fog
11/21/2022,7:00 AM,75,100,0,29.64,Fog
11/21/2022,7:30 AM,75,100,0,29.67,Fog
11/21/2022,8:00 AM,75,100,0,29.67,Partly Cloudy
11/21/2022,8:30 AM,77,100,0,29.67,Partly Cloudy
11/21/2022,9:00 AM,79,94,2,29.70,Fair
11/21/2022,9:30 AM,84,79,0,29.70,Fair
11/21/2022,10:00 AM,86,70,3,29.70,Fair
11/21/2022,10:30 AM,86,66,5,29.67,Fair
11/21/2022,11:00 AM,88,62,5,29.67,Fair
11/21/2022,11:30 AM,88,58,2,29.64,Partly Cloudy
11/21/2022,12:00 PM,88,58,5,29.64,Partly Cloudy
11/21/2022,12:30 PM,88,62,7,29.61,Fair
11/21/2022,1:00 PM,90,55,5,29.61,Partly Cloudy
11/21/2022,1:30 PM,90,55,9,29.58,Mostly Cloudy
11/21/2022,2:00 PM,90,55,8,29.58,Showers in the Vicinity
11/21/2022,2:30 PM,91,52,7,29.55,Showers in the Vicinity
11/21/2022,3:00 PM,90,59,7,29.55,Showers in the Vicinity
11/21/2022,3:30 PM,82,79,7,29.55,Light Rain
11/21/2022,4:00 PM,82,79,2,29.58,Mostly Cloudy
11/21/2022,4:30 PM,82,84,0,29.58,Mostly Cloudy
11/21/2022,5:00 PM,82,84,0,29.58,Mostly Cloudy
11/21/2022,5:30 PM,82,84,2,29.61,Mostly Cloudy
11/21/2022,6:00 PM,81,89,3,29.61,Partly Cloudy
11/21/2022,6:30 PM,81,89,0,29.61,Fair
11/21/2022,7:00 PM,79,94,0,29.61,Mostly Cloudy
11/21/2022,7:30 PM,79,94,0,29.64,Partly Cloudy
11/21/2022,8:00 PM,79,94,0,29.64,Fair
11/21/2022,8:30 PM,79,94,0,29.67,Fair
11/21/2022,9:00 PM,77,100,0,29.67,Fair
11/21/2022,9:30 PM,77,100,0,29.67,Fair
11/21/2022,10:00 PM,77,100,0,29.67,Fair
11/21/2022,10:30 PM,77,94,0,29.67,Fair
11/21/2022,11:00 PM,77,100,0,29.67,Fair
11/21/2022,11:30 PM,77,100,0,29.67,Fair
11/22/2022,12:00 AM,77,94,0,29.67,Fair
11/22/2022,12:30 AM,77,94,0,29.67,Fair
11/22/2022,1:00 AM,77,94,0,29.67,Fair
11/22/2022,1:30 AM,77,94,0,29.64,Fair
11/22/2022,2:00 AM,77,94,0,29.64,Fair
11/22/2022,2:30 AM,77,94,0,29.64,Fair
11/22/2022,3:00 AM,77,94,0,29.61,Fair
11/22/2022,3:30 AM,75,100,0,29.61,Fair
11/22/2022,4:00 AM,75,100,0,29.61,Fair
11/22/2022,4:30 AM,75,100,0,29.61,Fair
11/22/2022,5:00 AM,75,100,0,29.61,Fair
11/22/2022,5:30 AM,75,100,0,29.61,Fair
11/22/2022,6:00 AM,75,100,0,29.64,Partly Cloudy
11/22/2022,6:30 AM,75,100,0,29.64,Partly Cloudy
11/22/2022,7:00 AM,77,94,0,29.64,Partly Cloudy
11/22/2022,7:30 AM,79,89,0,29.67,Partly Cloudy
11/22/2022,8:00 AM,81,84,5,29.67,Partly Cloudy
11/22/2022,8:30 AM,81,84,6,29.70,Partly Cloudy
11/22/2022,9:00 AM,82,74,7,29.70,Mostly Cloudy
11/22/2022,9:30 AM,82,74,8,29.70,Mostly Cloudy
11/22/2022,10:00 AM,82,74,6,29.73,Mostly Cloudy
11/22/2022,10:30 AM,82,74,6,29.73,Mostly Cloudy
11/22/2022,11:00 AM,82,74,7,29.70,Mostly Cloudy
11/22/2022,11:30 AM,84,70,7,29.70,Mostly Cloudy
11/22/2022,12:00 PM,86,66,7,29.67,Mostly Cloudy
11/22/2022,12:30 PM,88,62,9,29.64,Mostly Cloudy
11/22/2022,1:00 PM,88,62,14,29.64,Mostly Cloudy
11/22/2022,1:30 PM,90,59,12,29.61,Mostly Cloudy
11/22/2022,2:00 PM,86,66,13,29.61,Mostly Cloudy
11/22/2022,2:30 PM,84,74,10,29.58,Showers in the Vicinity
11/22/2022,3:00 PM,84,70,14,29.58,Light Rain
11/22/2022,3:30 PM,81,79,7,29.58,Mostly Cloudy
11/22/2022,4:00 PM,82,79,6,29.58,Light Rain
11/22/2022,4:30 PM,81,84,6,29.58,Mostly Cloudy
11/22/2022,5:00 PM,82,79,3,29.58,Mostly Cloudy
11/22/2022,5:30 PM,82,84,0,29.61,Mostly Cloudy
11/22/2022,6:00 PM,82,79,0,29.61,Mostly Cloudy
11/22/2022,6:30 PM,79,89,6,29.61,Mostly Cloudy
11/22/2022,7:00 PM,79,89,5,29.64,Mostly Cloudy
11/22/2022,7:30 PM,79,89,0,29.64,Mostly Cloudy
11/22/2022,8:00 PM,79,83,0,29.67,Mostly Cloudy
11/22/2022,8:30 PM,79,89,2,29.67,Mostly Cloudy
11/22/2022,9:00 PM,77,94,3,29.67,Mostly Cloudy
11/22/2022,9:30 PM,77,94,0,29.70,Mostly Cloudy
11/22/2022,10:00 PM,77,94,0,29.70,Partly Cloudy
11/22/2022,10:30 PM,77,94,0,29.70,Mostly Cloudy
11/22/2022,11:00 PM,77,94,0,29.70,Mostly Cloudy
11/22/2022,11:30 PM,77,94,0,29.70,Mostly Cloudy
11/23/2022,12:00 AM,77,94,0,29.67,Mostly Cloudy
11/23/2022,12:30 AM,77,94,0,29.67,Mostly Cloudy
11/23/2022,1:00 AM,75,100,0,29.67,Mostly Cloudy
11/23/2022,1:30 AM,75,100,0,29.67,Mostly Cloudy
11/23/2022,2:00 AM,75,100,0,29.64,Mostly Cloudy
11/23/2022,2:30 AM,75,100,0,29.64,Mostly Cloudy
11/23/2022,3:00 AM,75,100,0,29.64,Mostly Cloudy
11/23/2022,3:30 AM,75,100,0,29.64,Mostly Cloudy
11/23/2022,4:00 AM,75,100,0,29.64,Partly Cloudy
11/23/2022,4:30 AM,75,100,0,29.64,Partly Cloudy
11/23/2022,5:00 AM,75,100,0,29.64,Partly Cloudy
11/23/2022,5:30 AM,75,100,0,29.64,Fair
11/23/2022,6:00 AM,75,100,0,29.64,Partly Cloudy
11/23/2022,6:30 AM,75,100,0,29.67,Mostly Cloudy
11/23/2022,7:00 AM,75,100,0,29.67,Mostly Cloudy
11/23/2022,7:30 AM,77,94,0,29.67,Mostly Cloudy
11/23/2022,8:00 AM,79,89,0,29.70,Mostly Cloudy
11/23/2022,8:30 AM,79,94,2,29.70,Mostly Cloudy
11/23/2022,9:00 AM,82,79,3,29.70,Partly Cloudy
11/23/2022,9:30 AM,84,74,5,29.70,Partly Cloudy
11/23/2022,10:00 AM,84,70,5,29.70,Fair
11/23/2022,10:30 AM,88,66,2,29.70,Fair
11/23/2022,11:00 AM,88,62,0,29.70,Partly Cloudy
11/23/2022,11:30 AM,90,59,2,29.67,Partly Cloudy
11/23/2022,12:00 PM,88,62,6,29.67,Mostly Cloudy
11/23/2022,12:30 PM,84,79,10,29.64,Light Rain
11/23/2022,1:00 PM,82,84,3,29.64,Light Rain
11/23/2022,1:30 PM,82,79,7,29.61,Thunder
11/23/2022,2:00 PM,79,94,6,29.61,Light Rain with Thunder
11/23/2022,2:30 PM,79,94,7,29.61,Light Rain with Thunder
11/23/2022,3:00 PM,79,89,9,29.61,Light Rain with Thunder
11/23/2022,3:30 PM,79,89,0,29.61,Showers in the Vicinity
11/23/2022,4:00 PM,79,94,0,29.61,Showers in the Vicinity
11/23/2022,4:30 PM,79,94,0,29.61,Light Rain
11/23/2022,5:00 PM,77,94,3,29.64,Light Rain
11/23/2022,5:30 PM,77,94,0,29.64,Light Rain
11/23/2022,6:00 PM,77,100,0,29.64,Light Rain
11/23/2022,6:30 PM,77,100,0,29.64,Light Rain
11/23/2022,7:00 PM,77,100,0,29.64,Light Rain
11/23/2022,7:30 PM,77,100,0,29.64,Mostly Cloudy
11/23/2022,8:00 PM,77,100,0,29.67,Mostly Cloudy
11/23/2022,8:30 PM,77,100,0,29.67,Mostly Cloudy
11/23/2022,9:00 PM,77,100,3,29.70,Mostly Cloudy
11/23/2022,9:30 PM,77,94,0,29.70,Mostly Cloudy
11/23/2022,10:00 PM,77,94,0,29.70,Mostly Cloudy
11/23/2022,10:30 PM,77,94,0,29.70,Mostly Cloudy
11/23/2022,11:00 PM,77,94,0,29.70,Mostly Cloudy
11/23/2022,11:30 PM,77,94,2,29.70,Mostly Cloudy
11/24/2022,12:00 AM,77,94,0,29.70,Mostly Cloudy
11/24/2022,12:30 AM,77,94,0,29.70,Mostly Cloudy
11/24/2022,1:00 AM,77,94,0,29.67,Mostly Cloudy
11/24/2022,1:30 AM,77,94,0,29.67,Mostly Cloudy
11/24/2022,2:00 AM,77,94,0,29.64,Mostly Cloudy
11/24/2022,2:30 AM,77,94,0,29.64,Mostly Cloudy
11/24/2022,3:00 AM,77,94,0,29.64,Mostly Cloudy
11/24/2022,3:30 AM,77,94,0,29.64,Mostly Cloudy
11/24/2022,4:00 AM,77,94,0,29.64,Mostly Cloudy
11/24/2022,4:30 AM,77,94,0,29.64,Mostly Cloudy
11/24/2022,5:00 AM,77,94,0,29.64,Mostly Cloudy
11/24/2022,5:30 AM,75,100,0,29.64,Mostly Cloudy
11/24/2022,6:00 AM,75,100,0,29.64,Mostly Cloudy
11/24/2022,6:30 AM,75,100,0,29.67,Mostly Cloudy
11/24/2022,7:00 AM,77,94,0,29.67,Mostly Cloudy
11/24/2022,7:30 AM,79,89,0,29.67,Partly Cloudy
11/24/2022,8:00 AM,79,89,0,29.70,Partly Cloudy
11/24/2022,8:30 AM,79,89,0,29.70,Mostly Cloudy
11/24/2022,9:00 AM,81,79,6,29.73,Mostly Cloudy
11/24/2022,9:30 AM,81,79,7,29.73,Mostly Cloudy
11/24/2022,10:00 AM,82,74,8,29.73,Mostly Cloudy
11/24/2022,10:30 AM,82,74,10,29.73,Mostly Cloudy
11/24/2022,11:30 AM,84,70,9,29.73,Partly Cloudy
11/24/2022,12:00 PM,88,62,9,29.70,Partly Cloudy
11/24/2022,12:30 PM,86,66,9,29.70,Partly Cloudy
11/24/2022,1:00 PM,86,66,12,29.67,Partly Cloudy
11/24/2022,1:30 PM,86,70,9,29.67,Mostly Cloudy
11/24/2022,2:00 PM,86,74,7,29.64,Mostly Cloudy
11/24/2022,2:30 PM,88,66,9,29.64,Light Rain
11/24/2022,3:00 PM,79,83,17,29.64,Light Rain
11/24/2022,3:30 PM,79,83,2,29.64,Mostly Cloudy
11/24/2022,4:00 PM,82,74,6,29.64,Mostly Cloudy
11/24/2022,4:30 PM,84,70,2,29.64,Partly Cloudy
11/24/2022,5:00 PM,84,74,0,29.64,Fair
11/24/2022,5:30 PM,86,70,0,29.64,Fair
11/24/2022,6:00 PM,82,79,0,29.67,Fair
11/24/2022,6:30 PM,81,84,0,29.67,Fair
11/24/2022,7:00 PM,81,84,5,29.67,Fair
11/24/2022,7:30 PM,81,84,3,29.70,Fair
11/24/2022,8:00 PM,79,89,3,29.70,Fair
11/24/2022,8:30 PM,79,83,5,29.70,Fair
11/24/2022,9:00 PM,79,83,0,29.73,Fair
11/24/2022,9:30 PM,79,83,0,29.73,Fair
11/24/2022,10:00 PM,79,83,0,29.73,Partly Cloudy
11/24/2022,10:30 PM,77,89,0,29.73,Partly Cloudy
11/24/2022,11:00 PM,77,89,0,29.73,Fair
11/24/2022,11:30 PM,77,89,0,29.73,Fair
11/25/2022,12:00 AM,77,89,0,29.73,Fair
11/25/2022,12:30 AM,77,89,0,29.73,Fair
11/25/2022,1:00 AM,77,89,0,29.70,Fair
11/25/2022,1:30 AM,77,89,0,29.70,Fair
11/25/2022,2:00 AM,75,100,0,29.70,Fair
11/25/2022,2:30 AM,75,94,0,29.70,Fair
11/25/2022,3:00 AM,75,100,0,29.70,Fair
11/25/2022,3:30 AM,75,100,0,29.70,Fair
11/25/2022,4:00 AM,75,94,0,29.70,Fair
11/25/2022,4:30 AM,75,94,0,29.70,Fair
11/25/2022,5:00 AM,75,94,0,29.70,Fair
11/25/2022,5:30 AM,75,94,0,29.70,Fair
11/25/2022,6:00 AM,75,100,0,29.70,Fair
11/25/2022,6:30 AM,75,100,0,29.70,Fair
11/25/2022,7:00 AM,77,94,0,29.73,Fair
11/25/2022,7:30 AM,79,89,2,29.73,Fair
11/25/2022,8:00 AM,79,89,0,29.76,Fair
11/25/2022,8:30 AM,82,84,0,29.76,Partly Cloudy
11/25/2022,9:00 AM,84,79,5,29.76,Partly Cloudy
11/25/2022,9:30 AM,84,74,5,29.76,Partly Cloudy
11/25/2022,10:00 AM,84,74,5,29.76,Partly Cloudy
11/25/2022,10:30 AM,88,66,2,29.76,Showers in the Vicinity
11/25/2022,11:00 AM,86,70,3,29.73,Showers in the Vicinity
11/25/2022,11:30 AM,86,70,5,29.73,Mostly Cloudy
11/25/2022,12:00 PM,88,66,5,29.70,Mostly Cloudy
11/25/2022,12:30 PM,88,62,6,29.70,Mostly Cloudy
11/25/2022,1:00 PM,90,59,5,29.67,Partly Cloudy
11/25/2022,1:30 PM,91,52,6,29.67,Partly Cloudy
11/25/2022,2:00 PM,90,59,8,29.64,Partly Cloudy
11/25/2022,2:30 PM,91,59,7,29.64,Partly Cloudy
11/25/2022,3:00 PM,90,59,10,29.64,Partly Cloudy
11/25/2022,3:30 PM,88,62,9,29.61,Showers in the Vicinity
11/25/2022,4:00 PM,86,74,3,29.64,Showers in the Vicinity
11/25/2022,4:30 PM,84,79,1,29.64,Mostly Cloudy
11/25/2022,5:00 PM,82,84,1,29.64,Mostly Cloudy
11/25/2022,5:30 PM,81,89,7,29.64,Mostly Cloudy
11/25/2022,6:00 PM,82,79,0,29.67,Mostly Cloudy
11/25/2022,6:30 PM,81,89,3,29.67,Mostly Cloudy
11/25/2022,7:00 PM,81,89,0,29.70,Mostly Cloudy
11/25/2022,7:30 PM,81,89,0,29.70,Mostly Cloudy
11/25/2022,8:00 PM,81,89,0,29.73,Mostly Cloudy
11/25/2022,8:30 PM,79,94,0,29.73,Mostly Cloudy
11/25/2022,9:00 PM,79,94,0,29.76,Mostly Cloudy
11/25/2022,9:30 PM,79,94,0,29.76,Mostly Cloudy
11/25/2022,10:00 PM,79,94,0,29.76,Mostly Cloudy
11/25/2022,10:30 PM,79,94,0,29.76,Mostly Cloudy
11/25/2022,11:00 PM,79,94,0,29.76,Mostly Cloudy
11/25/2022,11:30 PM,79,94,0,29.76,Mostly Cloudy
11/26/2022,12:00 AM,79,94,0,29.76,Mostly Cloudy
11/26/2022,12:30 AM,79,94,0,29.76,Mostly Cloudy
11/26/2022,1:00 AM,79,94,0,29.76,Mostly Cloudy
11/26/2022,1:30 AM,79,94,0,29.76,Mostly Cloudy
11/26/2022,2:00 AM,77,100,0,29.73,Mostly Cloudy
11/26/2022,2:30 AM,77,100,0,29.73,Partly Cloudy
11/26/2022,3:00 AM,77,94,0,29.70,Partly Cloudy
11/26/2022,3:30 AM,77,94,0,29.70,Partly Cloudy
11/26/2022,4:00 AM,77,94,0,29.70,Partly Cloudy
11/26/2022,4:30 AM,77,94,0,29.70,Partly Cloudy
11/26/2022,5:00 AM,77,100,0,29.70,Mostly Cloudy
11/26/2022,5:30 AM,77,94,0,29.73,Mostly Cloudy
11/26/2022,6:00 AM,77,94,0,29.73,Mostly Cloudy
11/26/2022,6:30 AM,77,94,0,29.73,Mostly Cloudy
11/26/2022,7:00 AM,77,94,0,29.73,Mostly Cloudy
11/26/2022,7:30 AM,77,100,3,29.76,Mostly Cloudy
11/26/2022,8:00 AM,79,94,0,29.76,Light Rain
11/26/2022,8:30 AM,81,89,0,29.79,Light Rain
11/26/2022,9:00 AM,82,84,0,29.79,Mostly Cloudy
11/26/2022,9:30 AM,84,74,0,29.79,Mostly Cloudy
11/26/2022,10:00 AM,84,74,0,29.79,Mostly Cloudy
11/26/2022,10:30 AM,84,74,0,29.79,Mostly Cloudy
11/26/2022,11:00 AM,86,70,1,29.76,Mostly Cloudy
11/26/2022,11:30 AM,86,70,0,29.76,Mostly Cloudy
11/26/2022,12:00 PM,88,62,2,29.73,Mostly Cloudy
11/26/2022,12:30 PM,88,62,2,29.70,Mostly Cloudy
11/26/2022,1:00 PM,90,59,2,29.70,Mostly Cloudy
11/26/2022,1:30 PM,90,59,5,29.67,Mostly Cloudy
11/26/2022,2:00 PM,90,59,2,29.67,Mostly Cloudy
11/26/2022,2:30 PM,90,59,1,29.64,Mostly Cloudy
11/26/2022,3:00 PM,82,84,6,29.61,Light Rain
11/26/2022,3:30 PM,82,79,8,29.61,Light Rain
11/26/2022,4:00 PM,82,89,5,29.61,Showers in the Vicinity
11/26/2022,4:30 PM,82,79,12,29.64,Light Rain with Thunder
11/26/2022,5:00 PM,77,94,12,29.64,Light Rain with Thunder
11/26/2022,5:30 PM,77,94,2,29.64,Mostly Cloudy
11/26/2022,6:00 PM,77,94,3,29.64,Mostly Cloudy
11/26/2022,6:30 PM,77,94,3,29.67,Mostly Cloudy
11/26/2022,7:00 PM,77,94,0,29.67,Mostly Cloudy
11/26/2022,7:30 PM,77,94,0,29.67,Mostly Cloudy
11/26/2022,8:00 PM,77,94,0,29.70,Mostly Cloudy
11/26/2022,8:30 PM,77,94,0,29.70,Mostly Cloudy
11/26/2022,9:00 PM,77,94,0,29.70,Mostly Cloudy
11/26/2022,9:30 PM,77,94,0,29.73,Light Rain
11/26/2022,10:00 PM,77,100,0,29.73,Light Rain
11/26/2022,10:30 PM,77,94,0,29.73,Mostly Cloudy
11/26/2022,11:00 PM,77,100,0,29.73,Mostly Cloudy
11/26/2022,11:30 PM,77,100,0,29.70,Mostly Cloudy
11/27/2022,12:00 AM,77,100,0,29.70,Mostly Cloudy
11/27/2022,12:30 AM,77,100,0,29.70,Mostly Cloudy
11/27/2022,1:00 AM,77,100,0,29.70,Mostly Cloudy
11/27/2022,1:30 AM,77,100,0,29.70,Mostly Cloudy
11/27/2022,2:00 AM,77,100,0,29.67,Mostly Cloudy
11/27/2022,2:30 AM,77,100,0,29.67,Mostly Cloudy
11/27/2022,3:00 AM,77,100,1,29.67,Mostly Cloudy
11/27/2022,3:30 AM,77,100,2,29.67,Mostly Cloudy
11/27/2022,4:00 AM,77,94,0,29.67,Mostly Cloudy
11/27/2022,4:30 AM,77,94,0,29.67,Mostly Cloudy
11/27/2022,5:00 AM,75,100,0,29.67,Mostly Cloudy
11/27/2022,5:30 AM,75,100,0,29.67,Mostly Cloudy
11/27/2022,6:00 AM,75,100,0,29.70,Mostly Cloudy
11/27/2022,6:30 AM,75,100,0,29.70,Partly Cloudy
11/27/2022,7:00 AM,75,100,0,29.70,Partly Cloudy
11/27/2022,7:30 AM,77,94,0,29.73,Fair
11/27/2022,8:00 AM,77,94,0,29.73,Mostly Cloudy
11/27/2022,8:30 AM,79,94,0,29.76,Partly Cloudy
11/27/2022,9:00 AM,82,84,0,29.76,Fair
11/27/2022,9:30 AM,84,74,2,29.76,Fair
11/27/2022,10:00 AM,86,70,3,29.76,Fair
11/27/2022,10:30 AM,86,70,6,29.76,Fair
11/27/2022,11:00 AM,88,62,5,29.73,Partly Cloudy
11/27/2022,11:30 AM,88,70,6,29.73,Partly Cloudy
11/27/2022,12:00 PM,88,66,6,29.70,Partly Cloudy
11/27/2022,12:30 PM,88,66,8,29.70,Partly Cloudy
11/27/2022,1:00 PM,88,62,8,29.67,Partly Cloudy
11/27/2022,1:30 PM,88,58,6,29.64,Partly Cloudy
11/27/2022,2:00 PM,88,58,6,29.64,Partly Cloudy
11/27/2022,2:30 PM,88,58,5,29.64,Mostly Cloudy
11/27/2022,3:00 PM,88,58,7,29.61,Mostly Cloudy
11/27/2022,3:30 PM,88,62,7,29.61,Mostly Cloudy
11/27/2022,4:00 PM,86,70,12,29.61,Showers in the Vicinity
11/27/2022,4:30 PM,82,74,10,29.61,Mostly Cloudy
11/27/2022,5:00 PM,82,74,8,29.64,Mostly Cloudy
11/27/2022,5:30 PM,82,79,7,29.64,Mostly Cloudy
11/27/2022,6:00 PM,81,84,6,29.64,Fair
11/27/2022,6:30 PM,81,84,3,29.64,Fair
11/27/2022,7:00 PM,81,84,0,29.67,Fair
11/27/2022,7:30 PM,81,84,2,29.67,Fair
11/27/2022,8:00 PM,79,89,2,29.70,Fair
11/27/2022,8:30 PM,79,89,0,29.70,Fair
11/27/2022,9:00 PM,79,89,0,29.73,Fair
11/27/2022,9:30 PM,79,89,0,29.73,Fair
11/27/2022,10:00 PM,77,94,0,29.73,Fair
11/27/2022,10:30 PM,77,94,5,29.73,Fair
11/27/2022,11:00 PM,77,94,3,29.73,Fair
11/27/2022,11:30 PM,77,94,0,29.73,Fair
11/28/2022,12:00 AM,77,94,0,29.73,Fair
11/28/2022,12:30 AM,77,94,0,29.70,Fair
11/28/2022,1:00 AM,77,94,0,29.70,Fair
11/28/2022,1:30 AM,75,100,0,29.70,Fair
11/28/2022,2:00 AM,75,94,0,29.70,Fair
11/28/2022,2:30 AM,75,94,0,29.67,Fair
11/28/2022,3:00 AM,75,94,0,29.67,Fair
11/28/2022,3:30 AM,75,94,0,29.67,Fair
11/28/2022,4:00 AM,75,94,0,29.67,Fair
11/28/2022,4:30 AM,75,94,0,29.67,Fair
11/28/2022,5:00 AM,73,100,0,29.67,Fog
11/28/2022,5:30 AM,73,100,0,29.67,Fog
11/28/2022,6:00 AM,73,100,0,29.67,Fog
11/28/2022,6:30 AM,73,100,0,29.70,Fog
11/28/2022,7:00 AM,73,100,0,29.70,Partly Cloudy
11/28/2022,7:30 AM,75,100,0,29.70,Partly Cloudy
11/28/2022,8:00 AM,77,94,0,29.73,Fair
11/28/2022,8:30 AM,81,84,0,29.73,Fair
11/28/2022,9:00 AM,82,84,0,29.73,Fair
11/28/2022,9:30 AM,84,79,0,29.76,Partly Cloudy
11/28/2022,10:00 AM,84,74,0,29.76,Partly Cloudy
11/28/2022,10:30 AM,88,62,2,29.73,Fair
11/28/2022,11:00 AM,88,62,2,29.73,Partly Cloudy
11/28/2022,11:30 AM,88,66,0,29.73,Partly Cloudy
11/28/2022,12:00 PM,90,59,3,29.70,Partly Cloudy
11/28/2022,12:30 PM,86,70,8,29.70,Mostly Cloudy
11/28/2022,1:00 PM,88,62,7,29.70,Partly Cloudy
11/28/2022,1:30 PM,90,62,7,29.67,Partly Cloudy
11/28/2022,2:00 PM,88,66,9,29.67,Partly Cloudy
11/28/2022,2:30 PM,90,62,8,29.64,Partly Cloudy
11/28/2022,3:00 PM,88,75,10,29.64,Partly Cloudy
11/28/2022,3:30 PM,88,70,12,29.61,Partly Cloudy
11/28/2022,4:00 PM,86,74,9,29.64,Partly Cloudy
11/28/2022,4:30 PM,84,74,5,29.61,Fair
11/28/2022,5:00 PM,84,74,0,29.64,Fair
11/28/2022,5:30 PM,84,74,0,29.64,Partly Cloudy
11/28/2022,6:00 PM,82,79,7,29.67,Fair
11/28/2022,6:30 PM,82,79,7,29.67,Fair
11/28/2022,7:00 PM,81,84,5,29.70,Fair
11/28/2022,7:30 PM,81,84,0,29.70,Fair
11/28/2022,8:00 PM,81,89,0,29.70,Fair
11/28/2022,8:30 PM,81,84,0,29.73,Fair
11/28/2022,9:00 PM,81,84,0,29.73,Fair
11/28/2022,9:30 PM,79,94,0,29.73,Partly Cloudy
11/28/2022,10:00 PM,79,94,0,29.73,Fair
11/28/2022,10:30 PM,81,89,0,29.73,Fair
11/28/2022,11:00 PM,79,94,0,29.73,Fair
11/28/2022,11:30 PM,79,94,0,29.73,Fair
11/29/2022,12:00 AM,77,100,0,29.73,Light Rain
11/29/2022,12:30 AM,77,100,0,29.73,Fair
11/29/2022,1:00 AM,77,94,0,29.73,Fair
11/29/2022,1:30 AM,77,94,0,29.73,Fair
11/29/2022,2:00 AM,77,100,0,29.70,Fair
11/29/2022,2:30 AM,77,94,0,29.70,Fair
11/29/2022,3:00 AM,77,94,0,29.70,Light Rain
11/29/2022,3:30 AM,77,94,0,29.70,Partly Cloudy
11/29/2022,4:00 AM,77,94,0,29.67,Partly Cloudy
11/29/2022,4:30 AM,77,94,0,29.67,Fair
11/29/2022,5:00 AM,75,100,0,29.67,Fair
11/29/2022,5:30 AM,75,100,0,29.67,Fair
11/29/2022,6:00 AM,75,100,0,29.67,Fair
11/29/2022,6:30 AM,75,100,0,29.70,Fair
11/29/2022,7:00 AM,77,94,0,29.70,Fair
11/29/2022,7:30 AM,79,89,0,29.73,Fair
11/29/2022,8:00 AM,81,89,0,29.73,Fair
11/29/2022,8:30 AM,82,84,0,29.76,Fair
11/29/2022,9:00 AM,82,84,0,29.76,Partly Cloudy
11/29/2022,9:30 AM,82,84,2,29.76,Mostly Cloudy
11/29/2022,10:00 AM,84,74,3,29.76,Partly Cloudy
11/29/2022,10:30 AM,86,70,9,29.76,Fair
11/29/2022,11:00 AM,88,62,10,29.73,Partly Cloudy
11/29/2022,11:30 AM,91,66,10,29.73,Partly Cloudy
11/29/2022,12:00 PM,90,66,9,29.70,Fair
11/29/2022,12:30 PM,90,62,10,29.70,Fair
11/29/2022,1:00 PM,90,62,9,29.70,Partly Cloudy
11/29/2022,1:30 PM,91,59,12,29.67,Partly Cloudy
11/29/2022,2:00 PM,88,66,10,29.67,Partly Cloudy
11/29/2022,2:30 PM,90,62,12,29.64,Partly Cloudy
11/29/2022,3:00 PM,90,62,14,29.64,Mostly Cloudy
11/29/2022,3:30 PM,88,66,15,29.64,Mostly Cloudy
11/29/2022,4:00 PM,86,70,12,29.64,Partly Cloudy
11/29/2022,4:30 PM,86,70,8,29.64,Fair
11/29/2022,5:00 PM,86,70,6,29.64,Fair
11/29/2022,5:30 PM,84,74,6,29.64,Fair
11/29/2022,6:00 PM,84,74,3,29.67,Fair
11/29/2022,6:30 PM,82,79,0,29.67,Fair
11/29/2022,7:00 PM,82,79,0,29.70,Fair
11/29/2022,7:30 PM,81,84,5,29.70,Fair
11/29/2022,8:00 PM,81,84,5,29.70,Fair
11/29/2022,8:30 PM,81,84,5,29.73,Fair
11/29/2022,9:00 PM,81,84,3,29.73,Fair
11/29/2022,9:30 PM,79,89,2,29.76,Fair
11/29/2022,10:00 PM,79,89,5,29.76,Fair
11/29/2022,10:30 PM,79,89,0,29.73,Fair
11/29/2022,11:00 PM,79,89,2,29.73,Fair
11/29/2022,11:30 PM,77,94,0,29.73,Fair
11/30/2022,12:00 AM,77,94,2,29.76,Fair
11/30/2022,12:30 AM,77,94,0,29.73,Fair
11/30/2022,1:00 AM,77,94,0,29.73,Fair
11/30/2022,1:30 AM,77,94,0,29.73,Fair
11/30/2022,2:00 AM,77,94,1,29.70,Fair
11/30/2022,2:30 AM,77,94,2,29.70,Fair
11/30/2022,3:00 AM,77,94,3,29.70,Partly Cloudy
11/30/2022,3:30 AM,77,94,2,29.70,Light Rain
11/30/2022,4:00 AM,77,94,0,29.70,Light Rain
11/30/2022,4:30 AM,77,94,0,29.70,Mostly Cloudy
11/30/2022,5:00 AM,77,94,0,29.70,Partly Cloudy
11/30/2022,5:30 AM,75,100,0,29.70,Fair
11/30/2022,6:00 AM,75,100,0,29.70,Fair
11/30/2022,6:30 AM,75,100,1,29.70,Fair
11/30/2022,7:00 AM,77,94,2,29.70,Fair
11/30/2022,7:30 AM,79,94,2,29.73,Fair
11/30/2022,8:00 AM,81,89,5,29.73,Fair
11/30/2022,8:30 AM,82,84,5,29.76,Fair
11/30/2022,9:00 AM,82,79,0,29.76,Fair
11/30/2022,9:30 AM,82,84,5,29.76,Fair
11/30/2022,10:00 AM,84,74,6,29.76,Fair
11/30/2022,10:30 AM,86,70,7,29.76,Partly Cloudy
11/30/2022,11:00 AM,88,70,9,29.76,Partly Cloudy
11/30/2022,11:30 AM,88,66,9,29.73,Partly Cloudy
11/30/2022,12:00 PM,90,62,10,29.73,Partly Cloudy
11/30/2022,12:30 PM,90,59,10,29.70,Partly Cloudy
11/30/2022,1:00 PM,90,66,9,29.70,Partly Cloudy
11/30/2022,1:30 PM,91,63,10,29.67,Partly Cloudy
11/30/2022,2:00 PM,91,59,16,29.67,Partly Cloudy
11/30/2022,2:30 PM,91,59,13,29.64,Partly Cloudy
11/30/2022,3:00 PM,90,62,13,29.64,Partly Cloudy
11/30/2022,3:30 PM,90,62,12,29.61,Partly Cloudy
11/30/2022,4:00 PM,90,62,13,29.61,Partly Cloudy
11/30/2022,4:30 PM,88,66,10,29.64,Partly Cloudy
11/30/2022,5:00 PM,88,66,12,29.64,Partly Cloudy
11/30/2022,5:30 PM,86,70,12,29.64,Fair
11/30/2022,6:00 PM,84,74,9,29.67,Fair
11/30/2022,6:30 PM,82,79,10,29.67,Fair
11/30/2022,7:00 PM,82,79,5,29.67,Fair
11/30/2022,7:30 PM,82,79,3,29.70,Fair
11/30/2022,8:00 PM,81,84,0,29.70,Fair
11/30/2022,8:30 PM,82,79,0,29.70,Fair
11/30/2022,9:00 PM,81,84,3,29.70,Fair
11/30/2022,9:30 PM,81,84,2,29.73,Fair
11/30/2022,10:00 PM,79,89,5,29.73,Fair
11/30/2022,10:30 PM,79,89,5,29.73,Fair
11/30/2022,11:00 PM,79,89,0,29.73,Fair
11/30/2022,11:30 PM,79,89,0,29.73,Fair
12/1/2022,12:00 AM,79,89,0,29.73,Fair
12/1/2022,12:30 AM,79,89,0,29.73,Fair
12/1/2022,1:00 AM,79,89,0,29.70,Fair
12/1/2022,1:30 AM,79,89,0,29.70,Fair
12/1/2022,2:00 AM,77,94,0,29.67,Fair
12/1/2022,2:30 AM,79,89,3,29.67,Fair
12/1/2022,3:00 AM,77,94,0,29.67,Fair
12/1/2022,3:30 AM,77,94,0,29.67,Fair
12/1/2022,4:00 AM,77,94,5,29.67,Fair
12/1/2022,4:30 AM,77,94,5,29.67,Fair
12/1/2022,5:00 AM,77,94,3,29.67,Fair
12/1/2022,5:30 AM,75,100,3,29.67,Fair
12/1/2022,6:00 AM,75,100,0,29.67,Partly Cloudy
12/1/2022,6:30 AM,75,100,0,29.67,Fair
12/1/2022,7:00 AM,77,94,0,29.70,Fair
12/1/2022,7:30 AM,77,94,0,29.73,Fair
12/1/2022,8:00 AM,79,94,2,29.73,Fair
12/1/2022,8:30 AM,82,84,0,29.73,Fair
12/1/2022,9:00 AM,84,79,3,29.73,Fair
12/1/2022,9:30 AM,84,79,3,29.73,Partly Cloudy
12/1/2022,10:00 AM,79,89,8,29.76,Light Rain
12/1/2022,10:30 AM,82,84,5,29.73,Light Rain
12/1/2022,11:00 AM,84,79,8,29.73,Showers in the Vicinity
12/1/2022,11:30 AM,82,84,8,29.73,Mostly Cloudy
12/1/2022,12:00 PM,82,84,6,29.70,Mostly Cloudy
12/1/2022,12:30 PM,82,84,6,29.70,Showers in the Vicinity
12/1/2022,1:00 PM,77,89,10,29.70,Light Rain
12/1/2022,1:30 PM,77,94,6,29.70,Light Rain
12/1/2022,2:00 PM,79,89,6,29.67,Mostly Cloudy
12/1/2022,2:30 PM,79,89,7,29.67,Mostly Cloudy
12/1/2022,3:00 PM,81,84,6,29.64,Mostly Cloudy
12/1/2022,3:30 PM,81,84,7,29.64,Mostly Cloudy
12/1/2022,4:00 PM,81,84,6,29.61,Mostly Cloudy
12/1/2022,4:30 PM,81,84,3,29.61,Mostly Cloudy
12/1/2022,5:00 PM,81,84,6,29.61,Mostly Cloudy
12/1/2022,5:30 PM,79,89,3,29.64,Mostly Cloudy
12/1/2022,6:00 PM,79,89,3,29.64,Mostly Cloudy
12/1/2022,6:30 PM,79,89,2,29.64,Mostly Cloudy
12/1/2022,7:00 PM,79,89,3,29.67,Mostly Cloudy
12/1/2022,7:30 PM,77,94,7,29.70,Rain
12/1/2022,8:00 PM,77,94,5,29.70,Light Rain with Thunder
12/1/2022,8:30 PM,77,94,0,29.70,Mostly Cloudy
12/1/2022,9:00 PM,75,94,3,29.73,Mostly Cloudy
12/1/2022,9:30 PM,75,100,3,29.73,Mostly Cloudy
12/1/2022,10:00 PM,75,100,0,29.73,Light Rain
12/1/2022,10:30 PM,75,100,3,29.73,Light Rain
12/1/2022,11:00 PM,75,94,2,29.70,Mostly Cloudy
12/1/2022,11:30 PM,77,89,3,29.70,Light Rain
12/2/2022,12:00 AM,75,94,0,29.73,Light Rain
12/2/2022,12:30 AM,75,94,0,29.73,Light Rain
12/2/2022,1:00 AM,75,94,0,29.70,Light Rain
12/2/2022,1:30 AM,75,94,2,29.70,Light Rain
12/2/2022,2:00 AM,75,100,3,29.67,Light Rain
12/2/2022,2:30 AM,75,100,3,29.67,Light Rain
12/2/2022,3:00 AM,75,94,5,29.64,Mostly Cloudy
12/2/2022,3:30 AM,75,94,6,29.64,Mostly Cloudy
12/2/2022,4:00 AM,75,100,5,29.64,Mostly Cloudy
12/2/2022,4:30 AM,75,94,5,29.64,Mostly Cloudy
12/2/2022,5:00 AM,75,94,0,29.64,Mostly Cloudy
12/2/2022,5:30 AM,75,94,0,29.64,Mostly Cloudy
12/2/2022,6:00 AM,75,94,5,29.64,Mostly Cloudy
12/2/2022,6:30 AM,73,100,3,29.64,Mostly Cloudy
12/2/2022,7:00 AM,73,100,3,29.64,Mostly Cloudy
12/2/2022,7:30 AM,75,94,0,29.67,Mostly Cloudy
12/2/2022,8:00 AM,75,94,0,29.67,Mostly Cloudy
12/2/2022,8:30 AM,77,89,0,29.70,Mostly Cloudy
12/2/2022,9:00 AM,79,83,2,29.70,Mostly Cloudy
12/2/2022,9:30 AM,81,84,2,29.73,Mostly Cloudy
12/2/2022,10:00 AM,82,79,2,29.73,Mostly Cloudy
12/2/2022,10:30 AM,82,79,2,29.73,Mostly Cloudy
12/2/2022,11:00 AM,84,74,3,29.70,Mostly Cloudy
12/2/2022,11:30 AM,84,74,3,29.67,Showers in the Vicinity
12/2/2022,12:00 PM,86,79,3,29.67,Showers in the Vicinity
12/2/2022,12:30 PM,84,84,3,29.67,Mostly Cloudy
12/2/2022,1:00 PM,84,74,6,29.61,Light Rain
12/2/2022,1:30 PM,81,89,5,29.61,Mostly Cloudy
12/2/2022,2:00 PM,75,94,5,29.64,Light Rain with Thunder
12/2/2022,2:30 PM,75,94,2,29.61,Light Rain with Thunder
12/2/2022,3:00 PM,77,89,0,29.61,Light Rain
12/2/2022,3:30 PM,75,94,2,29.61,Light Rain
12/2/2022,4:30 PM,77,94,0,29.61,Light Rain
12/2/2022,5:00 PM,77,89,0,29.64,Mostly Cloudy
12/2/2022,5:30 PM,77,94,0,29.61,Mostly Cloudy
12/2/2022,6:00 PM,77,94,0,29.64,Showers in the Vicinity
12/2/2022,6:30 PM,77,94,2,29.64,Light Rain with Thunder
12/2/2022,7:00 PM,75,100,0,29.67,Light Rain with Thunder
12/2/2022,7:30 PM,75,100,0,29.67,Light Rain with Thunder
12/2/2022,8:00 PM,75,100,0,29.70,Light Rain
12/2/2022,8:30 PM,75,100,0,29.70,Light Rain
12/2/2022,9:00 PM,77,94,0,29.70,Light Rain
12/2/2022,9:30 PM,75,100,0,29.70,Mostly Cloudy
12/2/2022,10:00 PM,75,100,2,29.73,Rain
12/2/2022,10:30 PM,75,94,2,29.73,Light Rain
12/2/2022,11:00 PM,75,94,3,29.70,Light Rain
12/2/2022,11:30 PM,75,94,5,29.70,Mostly Cloudy
12/3/2022,12:00 AM,75,100,3,29.70,Mostly Cloudy
12/3/2022,12:30 AM,75,94,5,29.67,Mostly Cloudy
12/3/2022,1:00 AM,75,94,3,29.67,Mostly Cloudy
12/3/2022,1:30 AM,75,94,3,29.64,Mostly Cloudy
12/3/2022,2:00 AM,75,100,0,29.64,Light Rain
12/3/2022,2:30 AM,75,100,0,29.61,Mostly Cloudy
12/3/2022,3:00 AM,75,100,0,29.61,Cloudy
12/3/2022,3:30 AM,75,94,0,29.61,Cloudy
12/3/2022,4:00 AM,75,100,0,29.61,Cloudy
12/3/2022,4:30 AM,75,100,3,29.61,Light Rain
12/3/2022,5:00 AM,75,94,3,29.64,Light Rain
12/3/2022,5:30 AM,75,94,3,29.64,Light Rain
12/3/2022,6:00 AM,75,94,5,29.64,Light Rain
12/3/2022,6:30 AM,75,94,5,29.64,Light Rain
12/3/2022,7:00 AM,75,94,3,29.67,Rain
12/3/2022,7:30 AM,75,94,5,29.70,Light Rain
12/3/2022,8:00 AM,75,94,2,29.70,Light Rain
12/3/2022,8:30 AM,75,94,6,29.70,Light Rain
12/3/2022,9:00 AM,75,100,5,29.70,Light Rain
12/3/2022,9:30 AM,77,94,6,29.70,Light Rain
12/3/2022,10:00 AM,77,94,5,29.70,Light Rain
12/3/2022,10:30 AM,77,94,5,29.70,Light Rain
12/3/2022,11:00 AM,77,94,5,29.70,Light Rain
12/3/2022,11:30 AM,77,94,0,29.70,Light Rain
12/3/2022,12:00 PM,77,100,3,29.67,Light Rain
12/3/2022,12:30 PM,77,94,0,29.64,Light Rain
12/3/2022,1:00 PM,77,94,5,29.64,Light Rain
12/3/2022,1:30 PM,77,94,3,29.64,Light Rain
12/3/2022,2:00 PM,77,94,3,29.61,Light Rain
12/3/2022,2:30 PM,77,94,6,29.61,Light Rain
12/3/2022,3:00 PM,77,94,6,29.61,Light Rain
12/3/2022,3:30 PM,77,94,5,29.58,Light Rain
12/3/2022,4:00 PM,77,94,5,29.58,Light Rain
12/3/2022,4:30 PM,77,94,3,29.61,Mostly Cloudy
12/3/2022,5:00 PM,77,94,3,29.61,Cloudy
12/3/2022,5:30 PM,77,94,5,29.61,Cloudy
12/3/2022,6:00 PM,77,94,5,29.61,Mostly Cloudy
12/3/2022,6:30 PM,75,100,5,29.64,Mostly Cloudy
12/3/2022,7:00 PM,75,94,3,29.64,Mostly Cloudy
12/3/2022,7:30 PM,75,94,3,29.67,Mostly Cloudy
12/3/2022,8:00 PM,75,100,3,29.67,Mostly Cloudy
12/3/2022,8:30 PM,75,94,3,29.70,Light Rain
12/3/2022,9:00 PM,75,94,3,29.70,Light Rain
12/3/2022,9:30 PM,75,100,3,29.70,Mostly Cloudy
12/3/2022,10:00 PM,75,100,3,29.67,Light Rain
12/3/2022,10:30 PM,75,100,2,29.67,Mostly Cloudy
12/3/2022,11:00 PM,75,100,0,29.67,Mostly Cloudy
12/3/2022,11:30 PM,75,94,6,29.67,Mostly Cloudy
12/4/2022,12:00 AM,75,94,3,29.67,Mostly Cloudy
12/4/2022,12:30 AM,75,100,3,29.67,Mostly Cloudy
12/4/2022,1:00 AM,75,94,3,29.64,Mostly Cloudy
12/4/2022,1:30 AM,75,94,3,29.64,Mostly Cloudy
12/4/2022,2:00 AM,75,94,0,29.64,Rain
12/4/2022,2:30 AM,75,100,6,29.61,Light Rain
12/4/2022,3:00 AM,75,94,6,29.61,Light Rain
12/4/2022,3:30 AM,75,94,5,29.61,Light Rain
12/4/2022,4:00 AM,75,94,5,29.61,Mostly Cloudy
12/4/2022,4:30 AM,75,94,5,29.61,Mostly Cloudy
12/4/2022,5:00 AM,75,100,0,29.61,Mostly Cloudy
12/4/2022,5:30 AM,75,100,0,29.61,Light Rain
12/4/2022,6:00 AM,75,100,2,29.61,Mostly Cloudy
12/4/2022,6:30 AM,75,100,2,29.64,Mostly Cloudy
12/4/2022,7:00 AM,75,100,0,29.64,Mostly Cloudy
12/4/2022,7:30 AM,75,100,1,29.67,Mostly Cloudy
12/4/2022,8:00 AM,77,94,2,29.67,Mostly Cloudy
12/4/2022,8:30 AM,77,94,0,29.70,Mostly Cloudy
12/4/2022,9:00 AM,77,94,0,29.70,Mostly Cloudy
12/4/2022,9:30 AM,79,89,3,29.70,Mostly Cloudy
12/4/2022,10:00 AM,79,89,3,29.70,Mostly Cloudy
12/4/2022,10:30 AM,79,89,3,29.70,Mostly Cloudy
12/4/2022,11:00 AM,81,84,0,29.67,Mostly Cloudy
12/4/2022,11:30 AM,81,84,1,29.67,Light Rain
12/4/2022,12:00 PM,81,89,0,29.67,Mostly Cloudy
12/4/2022,12:30 PM,82,84,6,29.64,Mostly Cloudy
12/4/2022,1:00 PM,82,84,5,29.64,Mostly Cloudy
12/4/2022,1:30 PM,84,79,5,29.61,Mostly Cloudy
12/4/2022,2:00 PM,84,74,3,29.58,Mostly Cloudy
12/4/2022,2:30 PM,84,79,3,29.58,Showers in the Vicinity
12/4/2022,3:00 PM,82,79,5,29.58,Showers in the Vicinity
12/4/2022,3:30 PM,79,89,6,29.55,Light Rain
12/4/2022,4:00 PM,79,94,7,29.58,Light Rain
12/4/2022,4:30 PM,79,94,5,29.58,Mostly Cloudy
12/4/2022,5:00 PM,79,94,3,29.58,Thunder
12/4/2022,5:30 PM,79,94,6,29.58,Light Rain
12/4/2022,6:00 PM,77,100,3,29.61,Light Rain
12/4/2022,6:30 PM,77,94,1,29.64,Mostly Cloudy
12/4/2022,7:00 PM,77,94,2,29.64,Light Rain
12/4/2022,7:30 PM,77,94,0,29.64,Light Rain
12/4/2022,8:00 PM,77,100,0,29.67,Light Rain
12/4/2022,8:30 PM,77,100,0,29.70,Light Rain
12/4/2022,9:00 PM,77,94,5,29.70,Light Rain
12/4/2022,9:30 PM,77,94,5,29.70,Light Rain
12/4/2022,10:00 PM,77,94,0,29.70,Light Rain
12/4/2022,10:30 PM,77,94,0,29.70,Mostly Cloudy
12/4/2022,11:00 PM,75,100,0,29.70,Mostly Cloudy
12/4/2022,11:30 PM,75,100,0,29.70,Mostly Cloudy
12/5/2022,12:00 AM,75,100,0,29.70,Mostly Cloudy
12/5/2022,12:30 AM,77,94,0,29.70,Mostly Cloudy
12/5/2022,1:00 AM,77,94,0,29.70,Mostly Cloudy
12/5/2022,1:30 AM,77,94,0,29.67,Mostly Cloudy
12/5/2022,2:00 AM,77,94,0,29.67,Mostly Cloudy
12/5/2022,2:30 AM,77,94,0,29.67,Mostly Cloudy
12/5/2022,3:00 AM,75,100,0,29.64,Light Rain
12/5/2022,3:30 AM,75,100,0,29.64,Light Rain
12/5/2022,4:00 AM,75,100,0,29.64,Light Rain
12/5/2022,4:30 AM,75,100,0,29.64,Light Rain
12/5/2022,5:00 AM,75,100,0,29.64,Light Rain
12/5/2022,5:30 AM,75,100,2,29.64,Light Rain
12/5/2022,6:00 AM,75,100,0,29.67,Fog
12/5/2022,6:30 AM,75,100,0,29.67,Light Rain
12/5/2022,7:00 AM,75,100,0,29.67,Light Rain
12/5/2022,7:30 AM,75,100,0,29.67,Fog
12/5/2022,8:00 AM,75,100,0,29.70,Mostly Cloudy
12/5/2022,8:30 AM,77,94,0,29.70,Fog
12/5/2022,9:00 AM,77,94,0,29.73,Fog
12/5/2022,9:30 AM,77,100,0,29.73,Fog
12/5/2022,10:00 AM,79,94,2,29.76,Fog
12/5/2022,10:30 AM,79,94,0,29.76,Mostly Cloudy
12/5/2022,11:00 AM,81,89,3,29.73,Mostly Cloudy
12/5/2022,11:30 AM,81,89,8,29.73,Mostly Cloudy
12/5/2022,12:00 PM,82,79,7,29.70,Mostly Cloudy
12/5/2022,12:30 PM,82,79,9,29.70,Mostly Cloudy
12/5/2022,1:00 PM,82,84,8,29.70,Mostly Cloudy
12/5/2022,1:30 PM,82,84,10,29.67,Mostly Cloudy
12/5/2022,2:00 PM,82,84,10,29.67,Mostly Cloudy
12/5/2022,2:30 PM,81,84,10,29.64,Mostly Cloudy
12/5/2022,3:00 PM,79,89,12,29.64,Light Rain
12/5/2022,3:30 PM,79,89,5,29.64,Mostly Cloudy
12/5/2022,4:00 PM,79,89,5,29.64,Mostly Cloudy
12/5/2022,4:30 PM,81,84,0,29.64,Mostly Cloudy
12/5/2022,5:00 PM,79,89,2,29.64,Mostly Cloudy
12/5/2022,5:30 PM,79,89,3,29.64,Mostly Cloudy
12/5/2022,6:00 PM,79,89,3,29.67,Mostly Cloudy
12/5/2022,6:30 PM,79,89,3,29.67,Mostly Cloudy
12/5/2022,7:00 PM,79,89,3,29.67,Mostly Cloudy
12/5/2022,7:30 PM,79,94,1,29.67,Mostly Cloudy
12/5/2022,8:00 PM,77,94,5,29.70,Mostly Cloudy
12/5/2022,8:30 PM,77,100,5,29.70,Mostly Cloudy
12/5/2022,9:00 PM,77,100,6,29.70,Mostly Cloudy
12/5/2022,9:30 PM,77,100,5,29.73,Mostly Cloudy
12/5/2022,10:00 PM,77,94,2,29.73,Partly Cloudy
12/5/2022,10:30 PM,77,94,0,29.73,Partly Cloudy
12/5/2022,11:00 PM,77,94,5,29.73,Partly Cloudy
12/5/2022,11:30 PM,77,94,2,29.73,Partly Cloudy
12/6/2022,12:00 AM,75,100,0,29.73,Partly Cloudy
12/6/2022,12:30 AM,75,100,0,29.70,Partly Cloudy
12/6/2022,1:00 AM,75,100,0,29.70,Partly Cloudy
12/6/2022,1:30 AM,75,100,0,29.70,Partly Cloudy
12/6/2022,2:00 AM,75,100,0,29.67,Partly Cloudy
12/6/2022,2:30 AM,75,100,0,29.67,Mostly Cloudy
12/6/2022,3:00 AM,75,100,0,29.67,Mostly Cloudy
12/6/2022,3:30 AM,75,100,0,29.64,Mostly Cloudy
12/6/2022,4:00 AM,75,94,0,29.64,Mostly Cloudy
12/6/2022,4:30 AM,75,94,0,29.64,Mostly Cloudy
12/6/2022,5:00 AM,73,100,0,29.64,Mostly Cloudy
12/6/2022,5:30 AM,73,100,0,29.64,Partly Cloudy
12/6/2022,6:00 AM,73,100,0,29.67,Partly Cloudy
12/6/2022,6:30 AM,75,94,0,29.67,Partly Cloudy
12/6/2022,7:00 AM,75,100,0,29.67,Fair
12/6/2022,7:30 AM,77,94,0,29.70,Fair
12/6/2022,8:00 AM,81,89,2,29.70,Fair
12/6/2022,8:30 AM,82,79,2,29.73,Fair
12/6/2022,9:00 AM,82,79,2,29.73,Partly Cloudy
12/6/2022,9:30 AM,84,74,6,29.73,Fair
12/6/2022,10:00 AM,86,70,8,29.73,Partly Cloudy
12/6/2022,10:30 AM,86,70,7,29.70,Partly Cloudy
12/6/2022,11:00 AM,88,70,8,29.70,Partly Cloudy
12/6/2022,11:30 AM,88,62,7,29.70,Partly Cloudy
12/6/2022,12:00 PM,88,66,8,29.67,Partly Cloudy
12/6/2022,12:30 PM,88,66,8,29.67,Partly Cloudy
12/6/2022,1:00 PM,88,66,7,29.64,Partly Cloudy
12/6/2022,1:30 PM,88,66,7,29.64,Partly Cloudy
12/6/2022,2:00 PM,90,62,8,29.61,Partly Cloudy
12/6/2022,2:30 PM,88,66,12,29.58,Fair
12/6/2022,3:00 PM,90,66,10,29.58,Fair
12/6/2022,3:30 PM,88,66,15,29.58,Fair
12/6/2022,4:00 PM,88,70,14,29.58,Fair
12/6/2022,4:30 PM,86,70,13,29.58,Fair
12/6/2022,5:00 PM,86,70,13,29.58,Fair
12/6/2022,5:30 PM,84,74,9,29.61,Fair
12/6/2022,6:00 PM,82,79,8,29.61,Fair
12/6/2022,6:30 PM,82,79,8,29.64,Fair
12/6/2022,7:00 PM,82,79,8,29.64,Fair
12/6/2022,7:30 PM,81,84,6,29.64,Fair
12/6/2022,8:00 PM,81,84,3,29.67,Fair
12/6/2022,8:30 PM,81,84,5,29.70,Fair
12/6/2022,9:00 PM,81,89,3,29.70,Fair
12/6/2022,9:30 PM,81,89,3,29.70,Light Rain
12/6/2022,10:00 PM,77,89,9,29.70,Light Rain
12/6/2022,10:30 PM,77,94,2,29.73,Light Rain
12/6/2022,11:00 PM,77,94,6,29.73,Light Rain
12/6/2022,11:30 PM,77,94,5,29.70,Light Rain
12/7/2022,12:00 AM,77,94,0,29.70,Mostly Cloudy
12/7/2022,12:30 AM,77,94,0,29.70,Mostly Cloudy
12/7/2022,1:00 AM,75,100,2,29.70,Mostly Cloudy
12/7/2022,1:30 AM,75,100,3,29.70,Mostly Cloudy
12/7/2022,2:00 AM,77,94,5,29.67,Mostly Cloudy
12/7/2022,2:30 AM,75,100,5,29.67,Mostly Cloudy
12/7/2022,3:00 AM,75,100,1,29.67,Mostly Cloudy
12/7/2022,3:30 AM,75,100,0,29.64,Mostly Cloudy
12/7/2022,4:00 AM,75,100,0,29.64,Mostly Cloudy
12/7/2022,4:30 AM,75,100,0,29.64,Partly Cloudy
12/7/2022,5:00 AM,75,100,0,29.67,Partly Cloudy
12/7/2022,5:30 AM,75,100,0,29.67,Partly Cloudy
12/7/2022,6:00 AM,75,100,0,29.67,Partly Cloudy
12/7/2022,6:30 AM,75,100,0,29.67,Partly Cloudy
12/7/2022,7:00 AM,75,100,0,29.70,Partly Cloudy
12/7/2022,7:30 AM,79,89,2,29.70,Partly Cloudy
12/7/2022,8:00 AM,81,89,3,29.73,Partly Cloudy
12/7/2022,8:30 AM,82,84,3,29.73,Fair
12/7/2022,9:00 AM,82,84,5,29.73,Partly Cloudy
12/7/2022,9:30 AM,82,84,6,29.73,Partly Cloudy
12/7/2022,10:00 AM,86,70,10,29.73,Fair
12/7/2022,10:30 AM,86,70,9,29.73,Fair
12/7/2022,11:00 AM,86,70,14,29.70,Partly Cloudy
12/7/2022,11:30 AM,86,70,14,29.70,Partly Cloudy
12/7/2022,12:00 PM,86,74,12,29.70,Partly Cloudy
12/7/2022,12:30 PM,86,70,12,29.67,Partly Cloudy
12/7/2022,1:00 PM,88,66,9,29.67,Partly Cloudy
12/7/2022,1:30 PM,86,70,12,29.64,Mostly Cloudy
12/7/2022,2:00 PM,86,70,8,29.64,Mostly Cloudy
12/7/2022,2:30 PM,88,66,10,29.61,Mostly Cloudy
12/7/2022,3:00 PM,88,66,13,29.61,Mostly Cloudy
12/7/2022,3:30 PM,88,66,12,29.61,Mostly Cloudy
12/7/2022,4:00 PM,86,70,15,29.61,Mostly Cloudy
12/7/2022,4:30 PM,86,70,13,29.61,Mostly Cloudy
12/7/2022,5:00 PM,84,74,10,29.61,Mostly Cloudy
12/7/2022,5:30 PM,82,79,12,29.64,Mostly Cloudy
12/7/2022,6:00 PM,82,84,9,29.64,Mostly Cloudy
12/7/2022,6:30 PM,82,79,9,29.67,Mostly Cloudy
12/7/2022,7:00 PM,81,84,9,29.67,Mostly Cloudy
12/7/2022,7:30 PM,81,84,7,29.67,Mostly Cloudy
12/7/2022,8:00 PM,81,84,3,29.70,Mostly Cloudy
12/7/2022,8:30 PM,81,84,5,29.70,Mostly Cloudy
12/7/2022,9:00 PM,81,84,7,29.73,Light Rain
12/7/2022,9:30 PM,81,84,5,29.73,Mostly Cloudy
12/7/2022,10:00 PM,79,89,5,29.73,Mostly Cloudy
12/7/2022,10:30 PM,79,89,5,29.73,Mostly Cloudy
12/7/2022,11:00 PM,79,89,5,29.73,Mostly Cloudy
12/7/2022,11:30 PM,79,89,2,29.73,Mostly Cloudy
12/8/2022,12:00 AM,79,89,3,29.73,Mostly Cloudy
12/8/2022,12:30 AM,79,89,3,29.73,Mostly Cloudy
12/8/2022,1:00 AM,79,89,0,29.73,Mostly Cloudy
12/8/2022,1:30 AM,79,89,0,29.70,Light Rain
12/8/2022,2:00 AM,77,94,0,29.70,Mostly Cloudy
12/8/2022,2:30 AM,77,100,0,29.67,Mostly Cloudy
12/8/2022,3:00 AM,77,100,0,29.67,Mostly Cloudy
12/8/2022,3:30 AM,77,100,0,29.67,Mostly Cloudy
12/8/2022,4:00 AM,77,94,5,29.67,Mostly Cloudy
12/8/2022,4:30 AM,77,94,3,29.64,Mostly Cloudy
12/8/2022,5:00 AM,77,94,3,29.64,Mostly Cloudy
12/8/2022,5:30 AM,77,94,5,29.64,Light Rain
12/8/2022,6:00 AM,77,94,6,29.64,Light Rain
12/8/2022,6:30 AM,77,94,6,29.67,Mostly Cloudy
12/8/2022,7:00 AM,77,94,6,29.70,Mostly Cloudy
12/8/2022,7:30 AM,77,94,6,29.70,Mostly Cloudy
12/8/2022,8:00 AM,77,94,5,29.73,Mostly Cloudy
12/8/2022,8:30 AM,79,89,5,29.73,Light Rain
12/8/2022,9:00 AM,79,89,6,29.76,Mostly Cloudy
12/8/2022,9:30 AM,79,94,2,29.76,Light Rain
12/8/2022,10:00 AM,79,94,5,29.76,Light Rain
12/8/2022,10:30 AM,77,100,7,29.73,Rain
12/8/2022,11:00 AM,75,94,8,29.76,Rain
12/8/2022,11:30 AM,75,94,6,29.73,Light Rain
12/8/2022,12:00 PM,75,94,3,29.73,Rain
12/8/2022,12:30 PM,75,100,2,29.73,Rain
12/8/2022,1:00 PM,77,94,6,29.70,Heavy Rain
12/8/2022,1:30 PM,75,100,3,29.70,Heavy Rain
12/8/2022,2:00 PM,75,100,5,29.67,Heavy Rain
12/8/2022,2:30 PM,75,100,6,29.67,Heavy Rain
12/8/2022,3:00 PM,75,100,8,29.64,Light Rain
12/8/2022,3:30 PM,75,100,3,29.67,Rain
12/8/2022,4:00 PM,75,94,5,29.67,Rain
12/8/2022,4:30 PM,73,100,5,29.67,Light Rain
12/8/2022,5:00 PM,73,100,2,29.67,Light Rain
12/8/2022,5:30 PM,75,94,5,29.67,Light Rain
12/8/2022,6:00 PM,75,94,3,29.67,Light Rain
12/8/2022,6:30 PM,75,94,2,29.70,Light Rain
12/8/2022,7:00 PM,73,100,2,29.70,Light Rain
12/8/2022,7:30 PM,73,100,2,29.73,Rain
12/8/2022,8:00 PM,73,100,0,29.73,Light Rain
12/8/2022,8:30 PM,73,100,2,29.76,Rain
12/8/2022,9:00 PM,73,100,6,29.76,Light Rain
12/8/2022,9:30 PM,75,94,3,29.76,Light Rain
12/8/2022,10:00 PM,73,100,5,29.76,Rain
12/8/2022,10:30 PM,73,100,2,29.76,Rain
12/8/2022,11:00 PM,73,100,5,29.76,Rain
12/8/2022,11:30 PM,73,100,3,29.73,Light Rain
12/9/2022,12:00 AM,73,100,0,29.73,Light Rain
12/9/2022,12:30 AM,73,100,0,29.73,Light Rain
12/9/2022,1:00 AM,73,100,0,29.73,Light Rain
12/9/2022,1:30 AM,73,100,0,29.73,Light Rain
12/9/2022,2:00 AM,73,100,0,29.70,Light Rain
12/9/2022,2:30 AM,73,100,0,29.70,Light Rain
12/9/2022,3:00 AM,73,100,0,29.67,Light Rain
12/9/2022,3:30 AM,73,100,0,29.67,Light Rain
12/9/2022,4:00 AM,73,100,0,29.67,Light Rain
12/9/2022,4:30 AM,73,100,0,29.67,Light Rain
12/9/2022,5:00 AM,73,100,3,29.67,Light Rain
12/9/2022,5:30 AM,73,100,3,29.67,Light Rain
12/9/2022,6:00 AM,73,100,0,29.70,Light Rain
12/9/2022,6:30 AM,73,100,0,29.70,Light Rain
12/9/2022,7:00 AM,73,100,0,29.70,Light Rain
12/9/2022,7:30 AM,73,100,0,29.73,Light Rain
12/9/2022,8:00 AM,73,100,3,29.73,Light Rain
12/9/2022,8:30 AM,73,100,5,29.73,Light Rain
12/9/2022,9:00 AM,73,100,3,29.73,Light Rain
12/9/2022,9:30 AM,75,94,3,29.73,Light Rain
12/9/2022,10:00 AM,75,94,3,29.73,Light Rain
12/9/2022,10:30 AM,75,94,1,29.76,Light Rain
12/9/2022,11:00 AM,75,94,0,29.73,Light Rain
12/9/2022,11:30 AM,75,94,0,29.76,Light Rain
12/9/2022,12:00 PM,75,100,0,29.73,Light Rain
12/9/2022,12:30 PM,75,94,0,29.73,Light Rain
12/9/2022,1:00 PM,75,100,0,29.73,Rain
12/9/2022,1:30 PM,75,94,3,29.73,Heavy Rain
12/9/2022,2:00 PM,75,94,0,29.70,Rain
12/9/2022,2:30 PM,75,94,5,29.70,Light Rain
12/9/2022,3:00 PM,75,94,5,29.70,Light Rain
12/9/2022,3:30 PM,75,94,3,29.70,Light Rain
12/9/2022,4:00 PM,75,94,3,29.67,Light Rain
12/9/2022,4:30 PM,75,94,0,29.67,Light Rain
12/9/2022,5:00 PM,75,94,0,29.67,Light Rain
12/9/2022,5:30 PM,75,94,0,29.67,Light Rain
12/9/2022,6:00 PM,75,94,2,29.67,Light Rain
12/9/2022,6:30 PM,75,94,5,29.67,Light Rain
12/9/2022,7:00 PM,75,94,0,29.67,Light Rain
12/9/2022,7:30 PM,75,94,0,29.70,Light Rain
12/9/2022,8:00 PM,75,94,0,29.70,Light Rain
12/9/2022,8:30 PM,75,94,0,29.73,Mostly Cloudy
12/9/2022,9:00 PM,75,94,0,29.73,Light Rain
12/9/2022,9:30 PM,75,94,0,29.73,Light Rain
12/9/2022,10:00 PM,73,100,0,29.73,Light Rain
12/9/2022,10:30 PM,73,100,0,29.73,Light Rain
12/9/2022,11:00 PM,73,100,0,29.73,Mostly Cloudy
12/9/2022,11:30 PM,73,100,0,29.73,Mostly Cloudy
12/10/2022,12:00 AM,73,100,0,29.73,Mostly Cloudy
12/10/2022,12:30 AM,73,100,0,29.70,Mostly Cloudy
12/10/2022,1:00 AM,73,100,0,29.70,Mostly Cloudy
12/10/2022,1:30 AM,73,100,0,29.70,Mostly Cloudy
12/10/2022,2:00 AM,73,100,0,29.67,Mostly Cloudy
12/10/2022,2:30 AM,73,100,0,29.67,Fog
12/10/2022,3:00 AM,73,100,0,29.67,Mostly Cloudy
12/10/2022,3:30 AM,73,100,0,29.67,Fog
12/10/2022,4:00 AM,73,100,0,29.67,Fog
12/10/2022,4:30 AM,73,100,0,29.67,Mostly Cloudy
12/10/2022,5:00 AM,73,100,0,29.67,Fog
12/10/2022,5:30 AM,73,100,0,29.67,Fog
12/10/2022,6:00 AM,73,100,0,29.67,Fog
12/10/2022,6:30 AM,73,100,0,29.67,Fog
12/10/2022,7:00 AM,73,100,0,29.70,Fog
12/10/2022,7:30 AM,73,100,0,29.70,Light Rain
12/10/2022,8:00 AM,73,100,0,29.70,Light Rain
12/10/2022,8:30 AM,75,94,3,29.70,Light Rain
12/10/2022,9:00 AM,75,100,3,29.73,Mostly Cloudy
12/10/2022,9:30 AM,77,94,5,29.73,Light Rain
12/10/2022,10:00 AM,77,94,5,29.73,Light Rain
12/10/2022,10:30 AM,77,94,3,29.73,Light Rain
12/10/2022,11:00 AM,79,94,5,29.73,Mostly Cloudy
12/10/2022,11:30 AM,79,94,5,29.70,Mostly Cloudy
12/10/2022,12:00 PM,79,89,6,29.70,Light Rain
12/10/2022,12:30 PM,81,89,5,29.70,Mostly Cloudy
12/10/2022,1:00 PM,81,89,2,29.67,Mostly Cloudy
12/10/2022,1:30 PM,81,89,5,29.67,Mostly Cloudy
12/10/2022,2:00 PM,81,89,5,29.64,Mostly Cloudy
12/10/2022,2:30 PM,82,84,7,29.64,Mostly Cloudy
12/10/2022,3:00 PM,81,89,7,29.64,Light Rain
12/10/2022,3:30 PM,79,94,8,29.64,Light Rain
12/10/2022,4:00 PM,79,94,5,29.61,Light Rain
12/10/2022,4:30 PM,77,100,3,29.61,Light Rain
12/10/2022,5:00 PM,79,94,6,29.64,Light Rain
12/10/2022,5:30 PM,79,94,3,29.64,Light Rain
12/10/2022,6:00 PM,77,100,2,29.64,Light Rain
12/10/2022,6:30 PM,75,100,10,29.64,Rain
12/10/2022,7:00 PM,77,94,6,29.67,Light Rain
12/10/2022,7:30 PM,77,94,0,29.67,Light Rain
12/10/2022,8:00 PM,75,100,0,29.70,Mostly Cloudy
12/10/2022,8:30 PM,75,100,0,29.70,Mostly Cloudy
12/10/2022,9:00 PM,77,94,2,29.73,Light Rain
12/10/2022,9:30 PM,75,100,3,29.73,Light Rain
12/10/2022,10:00 PM,77,94,3,29.73,Light Rain
12/10/2022,10:30 PM,77,94,3,29.73,Light Rain
12/10/2022,11:00 PM,77,94,5,29.73,Light Rain
12/10/2022,11:30 PM,77,94,3,29.73,Light Rain
12/11/2022,12:00 AM,77,94,0,29.73,Light Rain
12/11/2022,12:30 AM,75,100,6,29.73,Light Rain
12/11/2022,1:00 AM,75,100,0,29.73,Light Rain
12/11/2022,1:30 AM,75,100,0,29.73,Mostly Cloudy
12/11/2022,2:00 AM,75,100,0,29.70,Mostly Cloudy
12/11/2022,2:30 AM,75,100,0,29.70,Mostly Cloudy
12/11/2022,3:00 AM,75,100,0,29.67,Mostly Cloudy
12/11/2022,3:30 AM,75,100,0,29.67,Mostly Cloudy
12/11/2022,4:00 AM,75,100,2,29.67,Mostly Cloudy
12/11/2022,4:30 AM,75,94,5,29.67,Fair
12/11/2022,5:00 AM,75,94,5,29.67,Mostly Cloudy
12/11/2022,5:30 AM,75,94,2,29.67,Mostly Cloudy
12/11/2022,6:00 AM,75,94,0,29.67,Mostly Cloudy
12/11/2022,6:30 AM,75,94,0,29.70,Light Rain
12/11/2022,7:00 AM,75,100,0,29.73,Light Rain
12/11/2022,7:30 AM,75,100,2,29.73,Light Rain
12/11/2022,8:00 AM,75,100,0,29.73,Light Rain
12/11/2022,8:30 AM,77,94,2,29.76,Light Rain
12/11/2022,9:00 AM,77,94,0,29.76,Light Rain
12/11/2022,9:30 AM,77,94,2,29.76,Light Rain
12/11/2022,10:00 AM,79,94,0,29.76,Mostly Cloudy
12/11/2022,10:30 AM,81,89,3,29.76,Mostly Cloudy
12/11/2022,11:00 AM,82,84,2,29.76,Mostly Cloudy
12/11/2022,11:30 AM,82,84,6,29.73,Mostly Cloudy
12/11/2022,12:00 PM,84,79,8,29.73,Mostly Cloudy
12/11/2022,12:30 PM,84,74,12,29.73,Mostly Cloudy
12/11/2022,1:00 PM,84,84,12,29.70,Mostly Cloudy
12/11/2022,1:30 PM,84,84,12,29.70,Mostly Cloudy
12/11/2022,2:00 PM,84,84,13,29.67,Mostly Cloudy
12/11/2022,2:30 PM,86,79,10,29.67,Mostly Cloudy
12/11/2022,3:00 PM,84,79,12,29.67,Mostly Cloudy
12/11/2022,3:30 PM,84,79,12,29.67,Mostly Cloudy
12/11/2022,4:00 PM,84,79,12,29.67,Mostly Cloudy
12/11/2022,4:30 PM,84,79,10,29.67,Mostly Cloudy
12/11/2022,5:00 PM,82,84,9,29.67,Mostly Cloudy
12/11/2022,5:30 PM,82,84,7,29.67,Mostly Cloudy
12/11/2022,6:00 PM,81,84,6,29.67,Mostly Cloudy
12/11/2022,6:30 PM,81,84,3,29.67,Mostly Cloudy
12/11/2022,7:00 PM,77,94,12,29.70,Light Rain
12/11/2022,7:30 PM,75,89,5,29.70,Mostly Cloudy
12/11/2022,8:00 PM,75,89,0,29.73,Mostly Cloudy
12/11/2022,8:30 PM,77,89,0,29.73,Light Rain
12/11/2022,9:00 PM,77,94,0,29.73,Mostly Cloudy
12/11/2022,9:30 PM,75,100,0,29.73,Mostly Cloudy
12/11/2022,10:00 PM,75,100,0,29.73,Mostly Cloudy
12/11/2022,10:30 PM,75,100,0,29.73,Mostly Cloudy
12/11/2022,11:00 PM,75,94,5,29.73,Light Rain
12/11/2022,11:30 PM,75,94,0,29.73,Light Rain
12/12/2022,12:00 AM,75,94,0,29.73,Mostly Cloudy
12/12/2022,12:30 AM,75,94,0,29.73,Mostly Cloudy
12/12/2022,1:00 AM,75,94,3,29.70,Mostly Cloudy
12/12/2022,1:30 AM,75,94,0,29.70,Mostly Cloudy
12/12/2022,2:00 AM,75,94,0,29.70,Mostly Cloudy
12/12/2022,2:30 AM,75,94,0,29.70,Mostly Cloudy
12/12/2022,3:00 AM,75,94,5,29.67,Mostly Cloudy
12/12/2022,3:30 AM,75,94,3,29.67,Mostly Cloudy
12/12/2022,4:00 AM,75,94,5,29.67,Mostly Cloudy
12/12/2022,4:30 AM,75,94,5,29.67,Mostly Cloudy
12/12/2022,5:00 AM,75,94,2,29.67,Mostly Cloudy
12/12/2022,5:30 AM,75,94,2,29.67,Mostly Cloudy
12/12/2022,6:00 AM,75,94,5,29.67,Mostly Cloudy
12/12/2022,6:30 AM,75,94,0,29.70,Mostly Cloudy
12/12/2022,7:00 AM,75,100,0,29.70,Partly Cloudy
12/12/2022,7:30 AM,77,94,0,29.70,Partly Cloudy
12/12/2022,8:00 AM,77,94,0,29.73,Light Rain
12/12/2022,8:30 AM,77,94,3,29.73,Light Rain
12/12/2022,9:00 AM,81,84,5,29.73,Mostly Cloudy
12/12/2022,9:30 AM,82,84,5,29.76,Partly Cloudy
12/12/2022,10:00 AM,82,79,6,29.73,Mostly Cloudy
12/12/2022,10:30 AM,79,94,12,29.76,Light Rain
12/12/2022,11:00 AM,79,94,6,29.73,Mostly Cloudy
12/12/2022,11:30 AM,82,89,8,29.73,Mostly Cloudy
12/12/2022,12:00 PM,86,79,15,29.73,Mostly Cloudy
12/12/2022,12:30 PM,84,84,9,29.70,Showers in the Vicinity
12/12/2022,1:00 PM,79,89,10,29.70,Light Rain
12/12/2022,1:30 PM,82,84,8,29.67,Thunder
12/12/2022,2:00 PM,84,84,13,29.67,Showers in the Vicinity
12/12/2022,2:30 PM,81,89,13,29.67,Mostly Cloudy
12/12/2022,3:00 PM,81,84,6,29.64,Mostly Cloudy
12/12/2022,3:30 PM,81,89,7,29.64,Showers in the Vicinity
12/12/2022,4:00 PM,79,89,3,29.64,Mostly Cloudy
12/12/2022,4:30 PM,81,84,0,29.64,Showers in the Vicinity
12/12/2022,5:00 PM,77,89,12,29.67,Light Rain
12/12/2022,5:30 PM,77,94,0,29.67,Light Rain
12/12/2022,6:00 PM,77,94,2,29.67,Showers in the Vicinity
12/12/2022,6:30 PM,77,94,2,29.70,Light Rain
12/12/2022,7:00 PM,75,100,6,29.70,Light Rain
12/12/2022,7:30 PM,75,94,2,29.70,Light Rain
12/12/2022,8:00 PM,75,100,3,29.70,Cloudy
12/12/2022,8:30 PM,75,100,0,29.70,Mostly Cloudy
12/12/2022,9:00 PM,77,94,3,29.70,Mostly Cloudy
12/12/2022,9:30 PM,77,94,2,29.73,Mostly Cloudy
12/12/2022,10:00 PM,75,100,2,29.73,Mostly Cloudy
12/12/2022,10:30 PM,75,100,0,29.73,Mostly Cloudy
12/12/2022,11:00 PM,77,94,3,29.73,Light Rain
12/12/2022,11:30 PM,77,94,3,29.73,Light Rain
12/13/2022,12:00 AM,77,94,6,29.73,Mostly Cloudy
12/13/2022,12:30 AM,77,94,5,29.70,Mostly Cloudy
12/13/2022,1:00 AM,77,94,0,29.70,Mostly Cloudy
12/13/2022,1:30 AM,77,94,0,29.70,Light Rain
12/13/2022,2:00 AM,77,94,6,29.67,Light Rain
12/13/2022,2:30 AM,75,100,6,29.67,Light Rain
12/13/2022,3:00 AM,75,100,3,29.67,Light Rain
12/13/2022,3:30 AM,75,100,5,29.67,Rain
12/13/2022,4:00 AM,77,94,2,29.64,Light Rain
12/13/2022,4:30 AM,75,100,0,29.64,Mostly Cloudy
12/13/2022,5:00 AM,75,100,0,29.67,Mostly Cloudy
12/13/2022,5:30 AM,75,100,0,29.67,Mostly Cloudy
12/13/2022,6:00 AM,75,100,0,29.67,Mostly Cloudy
12/13/2022,6:30 AM,75,100,0,29.67,Mostly Cloudy
12/13/2022,7:00 AM,75,100,2,29.67,Mostly Cloudy
12/13/2022,7:30 AM,79,89,2,29.70,Mostly Cloudy
12/13/2022,8:00 AM,77,94,6,29.70,Mostly Cloudy
12/13/2022,8:30 AM,79,89,2,29.73,Light Rain
12/13/2022,9:00 AM,79,94,7,29.73,Light Rain
12/13/2022,9:30 AM,81,89,3,29.73,Mostly Cloudy
12/13/2022,10:00 AM,82,79,7,29.73,Mostly Cloudy
12/13/2022,10:30 AM,82,89,14,29.73,Mostly Cloudy
12/13/2022,11:00 AM,82,89,16,29.73,Showers in the Vicinity
12/13/2022,11:30 AM,82,89,14,29.73,Mostly Cloudy
12/13/2022,12:00 PM,84,84,13,29.73,Mostly Cloudy
12/13/2022,12:30 PM,82,84,13,29.70,Showers in the Vicinity
12/13/2022,1:00 PM,82,84,15,29.70,Light Rain
12/13/2022,1:30 PM,81,84,10,29.70,Light Rain
12/13/2022,2:00 PM,81,84,14,29.67,Light Rain
12/13/2022,2:30 PM,81,89,13,29.67,Light Rain
12/13/2022,3:00 PM,81,89,9,29.67,Mostly Cloudy
12/13/2022,3:30 PM,81,89,6,29.67,Light Rain
12/13/2022,4:00 PM,79,89,13,29.67,Light Rain
12/13/2022,4:30 PM,79,89,6,29.67,Light Rain
12/13/2022,5:00 PM,79,89,7,29.67,Light Rain
12/13/2022,5:30 PM,79,89,5,29.67,Light Rain
12/13/2022,6:00 PM,79,89,6,29.70,Cloudy
12/13/2022,6:30 PM,81,79,8,29.70,Mostly Cloudy
12/13/2022,7:00 PM,81,79,9,29.70,Mostly Cloudy
12/13/2022,7:30 PM,79,83,6,29.70,Mostly Cloudy
12/13/2022,8:00 PM,79,83,5,29.70,Mostly Cloudy
12/13/2022,8:30 PM,81,79,7,29.73,Mostly Cloudy
12/13/2022,9:00 PM,79,83,6,29.73,Mostly Cloudy
12/13/2022,9:30 PM,79,83,3,29.73,Mostly Cloudy
12/13/2022,10:00 PM,79,83,2,29.73,Mostly Cloudy
12/13/2022,10:30 PM,77,94,8,29.73,Light Rain
12/13/2022,11:00 PM,77,94,0,29.73,Mostly Cloudy
12/13/2022,11:30 PM,77,94,0,29.73,Light Rain
12/14/2022,12:00 AM,77,94,6,29.73,Light Rain
12/14/2022,12:30 AM,77,94,2,29.73,Light Rain
12/14/2022,1:00 AM,77,89,8,29.73,Light Rain
12/14/2022,1:30 AM,75,94,10,29.73,Light Rain
12/14/2022,2:00 AM,75,94,0,29.73,Light Rain
12/14/2022,2:30 AM,75,94,2,29.73,Light Rain
12/14/2022,3:00 AM,75,94,10,29.73,Light Rain
12/14/2022,3:30 AM,75,89,16,29.73,Light Rain
12/14/2022,4:00 AM,73,94,3,29.70,Mostly Cloudy
12/14/2022,4:30 AM,73,94,2,29.70,Mostly Cloudy
12/14/2022,5:00 AM,73,94,5,29.70,Light Rain
12/14/2022,5:30 AM,73,100,3,29.73,Mostly Cloudy
12/14/2022,6:00 AM,73,94,6,29.73,Mostly Cloudy
12/14/2022,6:30 AM,73,100,0,29.73,Mostly Cloudy
12/14/2022,7:00 AM,75,94,0,29.73,Mostly Cloudy
12/14/2022,7:30 AM,75,100,0,29.76,Mostly Cloudy
12/14/2022,8:00 AM,79,89,0,29.76,Mostly Cloudy
12/14/2022,8:30 AM,81,84,3,29.76,Mostly Cloudy
12/14/2022,9:00 AM,81,84,5,29.76,Mostly Cloudy
12/14/2022,9:30 AM,81,84,6,29.76,Mostly Cloudy
12/14/2022,10:00 AM,82,79,13,29.76,Mostly Cloudy
12/14/2022,10:30 AM,84,79,14,29.76,Mostly Cloudy
12/14/2022,11:00 AM,84,79,12,29.76,Mostly Cloudy
12/14/2022,11:30 AM,84,79,12,29.76,Mostly Cloudy
12/14/2022,12:00 PM,86,74,17,29.73,Mostly Cloudy
12/14/2022,12:30 PM,86,70,16,29.73,Mostly Cloudy
12/14/2022,1:00 PM,86,70,17,29.70,Mostly Cloudy
12/14/2022,1:30 PM,86,70,16,29.70,Mostly Cloudy
12/14/2022,2:00 PM,84,70,16,29.67,Mostly Cloudy
12/14/2022,3:00 PM,86,66,17,29.64,Mostly Cloudy
12/14/2022,3:30 PM,86,66,14,29.64,Mostly Cloudy
12/14/2022,4:00 PM,84,66,13,29.64,Mostly Cloudy
12/14/2022,4:30 PM,84,70,13,29.64,Mostly Cloudy
12/14/2022,5:00 PM,82,74,12,29.67,Mostly Cloudy
12/14/2022,5:30 PM,82,74,9,29.67,Mostly Cloudy
12/14/2022,6:00 PM,81,79,8,29.67,Mostly Cloudy
12/14/2022,6:30 PM,81,74,6,29.67,Mostly Cloudy
12/14/2022,7:00 PM,81,79,7,29.67,Mostly Cloudy
12/14/2022,7:30 PM,79,83,6,29.70,Mostly Cloudy
12/14/2022,8:00 PM,79,83,3,29.70,Mostly Cloudy
12/14/2022,8:30 PM,77,89,0,29.73,Mostly Cloudy
12/14/2022,9:00 PM,79,83,5,29.73,Partly Cloudy
12/14/2022,9:30 PM,77,89,0,29.73,Partly Cloudy
12/14/2022,10:00 PM,79,83,0,29.76,Partly Cloudy
12/14/2022,10:30 PM,77,89,0,29.73,Partly Cloudy
12/14/2022,11:00 PM,77,89,0,29.73,Fair
12/14/2022,11:30 PM,75,94,0,29.73,Fair
12/15/2022,12:00 AM,75,94,5,29.73,Fair
12/15/2022,12:30 AM,75,94,6,29.73,Fair
12/15/2022,1:00 AM,75,94,5,29.70,Partly Cloudy
12/15/2022,1:30 AM,75,94,3,29.70,Mostly Cloudy
12/15/2022,2:00 AM,75,94,0,29.70,Partly Cloudy
12/15/2022,2:30 AM,75,94,0,29.70,Partly Cloudy
12/15/2022,3:00 AM,75,100,6,29.67,Partly Cloudy
12/15/2022,3:30 AM,75,100,5,29.67,Fair
12/15/2022,4:00 AM,75,94,0,29.67,Partly Cloudy
12/15/2022,4:30 AM,75,94,0,29.67,Mostly Cloudy
12/15/2022,5:00 AM,75,100,0,29.67,Mostly Cloudy
12/15/2022,5:30 AM,75,100,0,29.67,Mostly Cloudy
12/15/2022,6:00 AM,75,100,3,29.70,Mostly Cloudy
12/15/2022,6:30 AM,75,94,5,29.70,Showers in the Vicinity
12/15/2022,7:00 AM,75,94,5,29.73,Mostly Cloudy
12/15/2022,7:30 AM,77,94,5,29.73,Partly Cloudy
12/15/2022,8:00 AM,77,94,6,29.73,Mostly Cloudy
12/15/2022,8:30 AM,77,94,6,29.73,Partly Cloudy
12/15/2022,9:00 AM,79,89,2,29.76,Mostly Cloudy
12/15/2022,9:30 AM,81,84,5,29.76,Mostly Cloudy
12/15/2022,10:00 AM,82,79,3,29.73,Mostly Cloudy
12/15/2022,10:30 AM,82,79,0,29.73,Mostly Cloudy
12/15/2022,11:00 AM,84,74,6,29.70,Mostly Cloudy
12/15/2022,11:30 AM,86,79,9,29.70,Mostly Cloudy
12/15/2022,12:00 PM,88,70,15,29.67,Mostly Cloudy
12/15/2022,12:30 PM,88,70,14,29.67,Mostly Cloudy
12/15/2022,1:00 PM,86,70,16,29.64,Mostly Cloudy
12/15/2022,1:30 PM,88,66,17,29.64,Mostly Cloudy
12/15/2022,2:00 PM,86,70,13,29.61,Mostly Cloudy
12/15/2022,2:30 PM,86,70,15,29.61,Mostly Cloudy
12/15/2022,3:00 PM,86,66,15,29.58,Mostly Cloudy
12/15/2022,3:30 PM,86,70,14,29.58,Mostly Cloudy
12/15/2022,4:00 PM,86,70,16,29.58,Mostly Cloudy
12/15/2022,4:30 PM,84,74,16,29.58,Mostly Cloudy
12/15/2022,5:00 PM,84,74,14,29.58,Mostly Cloudy
12/15/2022,5:30 PM,82,79,13,29.61,Mostly Cloudy
12/15/2022,6:00 PM,82,79,12,29.64,Mostly Cloudy
12/15/2022,6:30 PM,81,84,8,29.64,Mostly Cloudy
12/15/2022,7:00 PM,81,79,8,29.64,Mostly Cloudy
12/15/2022,7:30 PM,81,74,8,29.67,Mostly Cloudy
12/15/2022,8:00 PM,81,79,9,29.67,Mostly Cloudy
12/15/2022,8:30 PM,79,83,6,29.67,Mostly Cloudy
12/15/2022,9:00 PM,79,83,5,29.70,Mostly Cloudy
12/15/2022,9:30 PM,79,83,2,29.70,Mostly Cloudy
12/15/2022,10:00 PM,77,89,0,29.70,Mostly Cloudy
12/15/2022,10:30 PM,77,89,0,29.70,Mostly Cloudy
12/15/2022,11:00 PM,77,89,0,29.70,Mostly Cloudy
12/15/2022,11:30 PM,77,89,0,29.67,Mostly Cloudy
12/16/2022,12:00 AM,77,89,0,29.67,Mostly Cloudy
12/16/2022,12:30 AM,77,94,2,29.67,Mostly Cloudy
12/16/2022,1:00 AM,77,89,0,29.67,Mostly Cloudy
12/16/2022,1:30 AM,77,89,0,29.67,Mostly Cloudy
12/16/2022,2:00 AM,79,89,5,29.64,Mostly Cloudy
12/16/2022,2:30 AM,79,89,5,29.64,Mostly Cloudy
12/16/2022,3:00 AM,79,89,0,29.64,Mostly Cloudy
12/16/2022,3:30 AM,79,89,0,29.64,Mostly Cloudy
12/16/2022,4:00 AM,77,94,5,29.61,Light Rain
12/16/2022,4:30 AM,77,94,5,29.61,Mostly Cloudy
12/16/2022,5:00 AM,77,94,5,29.61,Mostly Cloudy
12/16/2022,5:30 AM,77,94,5,29.61,Mostly Cloudy
12/16/2022,6:00 AM,77,94,6,29.64,Light Rain
12/16/2022,6:30 AM,77,94,7,29.64,Mostly Cloudy
12/16/2022,7:00 AM,79,89,7,29.67,Partly Cloudy
12/16/2022,7:30 AM,79,89,6,29.67,Fair
12/16/2022,8:00 AM,81,84,7,29.70,Fair
12/16/2022,8:30 AM,82,89,9,29.70,Fair
12/16/2022,9:00 AM,84,84,10,29.70,Partly Cloudy
12/16/2022,9:30 AM,84,84,13,29.70,Mostly Cloudy
12/16/2022,10:00 AM,86,79,14,29.70,Partly Cloudy
12/16/2022,10:30 AM,86,74,17,29.70,Partly Cloudy
12/16/2022,11:00 AM,88,70,17,29.70,Mostly Cloudy
12/16/2022,11:30 AM,88,66,17,29.67,Mostly Cloudy
12/16/2022,12:00 PM,90,66,18,29.67,Partly Cloudy
12/16/2022,12:30 PM,90,62,17,29.64,Partly Cloudy
12/16/2022,1:00 PM,90,62,15,29.64,Partly Cloudy
12/16/2022,1:30 PM,90,62,17,29.61,Partly Cloudy
12/16/2022,2:00 PM,88,66,16,29.61,Partly Cloudy
12/16/2022,2:30 PM,88,66,18,29.58,Partly Cloudy
12/16/2022,3:00 PM,88,66,15,29.58,Mostly Cloudy
12/16/2022,3:30 PM,88,66,16,29.58,Mostly Cloudy
12/16/2022,4:00 PM,86,70,15,29.58,Mostly Cloudy
12/16/2022,4:30 PM,84,74,13,29.58,Mostly Cloudy
12/16/2022,5:00 PM,84,74,13,29.58,Mostly Cloudy
12/16/2022,5:30 PM,84,74,14,29.61,Mostly Cloudy
12/16/2022,6:00 PM,82,79,9,29.61,Partly Cloudy
12/16/2022,6:30 PM,82,79,7,29.61,Partly Cloudy
12/16/2022,7:00 PM,81,84,13,29.64,Fair
12/16/2022,7:30 PM,81,79,8,29.64,Fair
12/16/2022,8:00 PM,81,79,6,29.64,Fair
12/16/2022,8:30 PM,81,79,6,29.67,Fair
12/16/2022,9:00 PM,81,84,8,29.67,Fair
12/16/2022,9:30 PM,81,84,6,29.67,Fair
12/16/2022,10:00 PM,79,89,3,29.67,Partly Cloudy
12/16/2022,10:30 PM,79,89,3,29.67,Fair
12/16/2022,11:00 PM,79,89,0,29.67,Fair
12/16/2022,11:30 PM,79,89,0,29.64,Fair
12/17/2022,12:00 AM,79,89,0,29.67,Fair
12/17/2022,12:30 AM,79,89,0,29.67,Partly Cloudy
12/17/2022,1:00 AM,79,89,5,29.67,Mostly Cloudy
12/17/2022,1:30 AM,79,89,5,29.67,Mostly Cloudy
12/17/2022,2:00 AM,79,89,2,29.64,Mostly Cloudy
12/17/2022,2:30 AM,79,89,3,29.64,Mostly Cloudy
12/17/2022,3:00 AM,77,94,0,29.64,Rain
12/17/2022,3:30 AM,77,100,0,29.64,Light Rain
12/17/2022,4:00 AM,75,100,0,29.64,Light Rain
12/17/2022,4:30 AM,77,94,3,29.64,Light Rain
12/17/2022,5:00 AM,75,100,2,29.64,Mostly Cloudy
12/17/2022,5:30 AM,77,94,0,29.64,Mostly Cloudy
12/17/2022,6:00 AM,75,100,0,29.64,Mostly Cloudy
12/17/2022,6:30 AM,77,94,3,29.67,Mostly Cloudy
12/17/2022,7:00 AM,75,94,7,29.67,Light Rain
12/17/2022,7:30 AM,75,94,8,29.70,Light Rain
12/17/2022,8:00 AM,75,100,5,29.70,Light Rain
12/17/2022,8:30 AM,77,89,3,29.70,Mostly Cloudy
12/17/2022,9:00 AM,79,89,5,29.70,Mostly Cloudy
12/17/2022,9:30 AM,81,84,7,29.73,Mostly Cloudy
12/17/2022,10:00 AM,82,84,7,29.73,Mostly Cloudy
12/17/2022,10:30 AM,82,84,8,29.70,Showers in the Vicinity
12/17/2022,11:00 AM,77,89,9,29.73,Light Rain
12/17/2022,11:30 AM,77,89,0,29.70,Light Rain
12/17/2022,12:00 PM,79,83,0,29.70,Mostly Cloudy
12/17/2022,12:30 PM,82,79,2,29.67,Mostly Cloudy
12/17/2022,1:00 PM,84,74,3,29.64,Showers in the Vicinity
12/17/2022,1:30 PM,77,100,13,29.64,Light Rain
12/17/2022,2:00 PM,75,94,5,29.64,Light Rain
12/17/2022,2:30 PM,77,94,6,29.61,Mostly Cloudy
12/17/2022,3:00 PM,79,94,6,29.61,Mostly Cloudy
12/17/2022,3:30 PM,79,89,9,29.61,Mostly Cloudy
12/17/2022,4:00 PM,79,89,12,29.61,Mostly Cloudy
12/17/2022,4:30 PM,77,94,9,29.64,Light Rain
12/17/2022,5:00 PM,77,94,7,29.64,Light Rain
12/17/2022,5:30 PM,75,94,8,29.64,Light Rain
12/17/2022,6:00 PM,75,94,7,29.64,Light Rain
12/17/2022,6:30 PM,75,94,6,29.67,Light Rain
12/17/2022,7:00 PM,75,94,7,29.67,Light Rain
12/17/2022,7:30 PM,75,94,14,29.70,Rain
12/17/2022,8:00 PM,75,94,9,29.70,Light Rain
12/17/2022,8:30 PM,75,94,6,29.73,Light Rain
12/17/2022,9:00 PM,75,94,10,29.73,Light Rain
12/17/2022,9:30 PM,75,94,9,29.76,Light Rain
12/17/2022,10:00 PM,73,100,9,29.73,Light Rain
12/17/2022,10:30 PM,73,100,6,29.73,Light Rain
12/17/2022,11:00 PM,73,100,6,29.73,Light Rain
12/17/2022,11:30 PM,73,100,8,29.73,Light Rain
12/18/2022,12:00 AM,75,94,13,29.70,Light Rain
12/18/2022,12:30 AM,73,100,9,29.73,Light Rain
12/18/2022,1:00 AM,73,100,0,29.70,Light Rain
12/18/2022,1:30 AM,73,100,5,29.67,Light Rain
12/18/2022,2:00 AM,73,100,5,29.67,Light Rain
12/18/2022,2:30 AM,73,100,2,29.64,Light Rain
12/18/2022,3:00 AM,73,100,12,29.61,Light Rain
12/18/2022,3:30 AM,73,100,5,29.61,Light Rain
12/18/2022,4:00 AM,73,100,3,29.61,Light Rain
12/18/2022,4:30 AM,75,94,13,29.64,Light Rain
12/18/2022,5:00 AM,73,94,1,29.61,Light Rain
12/18/2022,5:30 AM,73,100,6,29.61,Light Rain
12/18/2022,6:00 AM,73,100,6,29.64,Light Rain
12/18/2022,6:30 AM,73,100,3,29.64,Light Rain
12/18/2022,7:00 AM,73,100,2,29.67,Light Rain
12/18/2022,7:30 AM,73,100,6,29.67,Light Rain
12/18/2022,8:00 AM,75,94,8,29.67,Light Rain
12/18/2022,8:30 AM,75,100,9,29.70,Light Rain
12/18/2022,9:00 AM,75,100,0,29.70,Light Rain
12/18/2022,9:30 AM,75,100,0,29.70,Light Rain
12/18/2022,10:00 AM,75,100,3,29.70,Rain
12/18/2022,10:30 AM,75,100,7,29.73,Heavy T-Storm
12/18/2022,11:00 AM,73,100,3,29.70,T-Storm
12/18/2022,11:30 AM,75,100,2,29.67,Light Rain with Thunder
12/18/2022,12:00 PM,75,100,2,29.67,T-Storm
12/18/2022,12:30 PM,73,100,3,29.67,T-Storm
12/18/2022,1:00 PM,73,100,3,29.67,T-Storm
12/18/2022,1:30 PM,73,100,0,29.64,Light Rain with Thunder
12/18/2022,2:00 PM,72,100,0,29.64,Light Rain with Thunder
12/18/2022,2:30 PM,72,100,2,29.61,Light Rain with Thunder
12/18/2022,3:00 PM,72,100,0,29.61,Light Rain with Thunder
12/18/2022,3:30 PM,72,100,2,29.61,Light Rain with Thunder
12/18/2022,4:00 PM,72,100,3,29.61,Light Rain with Thunder
12/18/2022,4:30 PM,72,100,3,29.61,Light Rain
12/18/2022,5:00 PM,72,100,3,29.64,Light Rain
12/18/2022,5:30 PM,72,100,5,29.64,Light Rain
12/18/2022,6:00 PM,72,100,3,29.67,Rain
12/18/2022,6:30 PM,72,100,3,29.67,Light Rain
12/18/2022,7:00 PM,72,100,2,29.70,Light Rain
12/18/2022,7:30 PM,72,100,0,29.70,Light Rain
12/18/2022,8:30 PM,72,100,2,29.73,Light Rain
12/18/2022,9:00 PM,72,100,1,29.73,Light Rain
12/18/2022,9:30 PM,72,100,0,29.73,Light Rain
12/18/2022,10:00 PM,72,100,3,29.73,Light Rain
12/18/2022,10:30 PM,72,100,3,29.73,Light Rain
12/18/2022,11:00 PM,72,100,0,29.73,Light Rain
12/18/2022,11:30 PM,72,100,3,29.73,Light Rain
12/19/2022,12:00 AM,72,100,2,29.73,Light Rain
12/19/2022,12:30 AM,73,100,0,29.70,Light Rain
12/19/2022,1:00 AM,73,100,0,29.70,Light Rain
12/19/2022,1:30 AM,73,100,0,29.70,Light Rain
12/19/2022,2:00 AM,73,100,5,29.67,Light Rain
12/19/2022,2:30 AM,72,100,5,29.67,Light Rain
12/19/2022,3:00 AM,73,100,3,29.67,Light Rain
12/19/2022,3:30 AM,73,100,3,29.67,Light Rain
12/19/2022,4:00 AM,72,100,3,29.67,Light Rain
12/19/2022,4:30 AM,72,100,3,29.67,Light Rain
12/19/2022,5:00 AM,73,100,8,29.67,Light Rain
12/19/2022,5:30 AM,73,100,3,29.67,Light Rain
12/19/2022,6:00 AM,73,100,5,29.67,Light Rain
12/19/2022,6:30 AM,73,100,1,29.70,Light Rain
12/19/2022,7:00 AM,73,100,0,29.70,Light Rain
12/19/2022,7:30 AM,73,100,6,29.73,Light Rain
12/19/2022,8:00 AM,72,100,5,29.73,Light Rain
12/19/2022,8:30 AM,72,100,2,29.76,Light Rain
12/19/2022,9:00 AM,72,100,3,29.76,Light Rain
12/19/2022,9:30 AM,73,100,2,29.76,Light Rain
12/19/2022,10:00 AM,73,100,5,29.76,Light Rain
12/19/2022,10:30 AM,73,100,5,29.73,Light Rain
12/19/2022,11:00 AM,73,100,7,29.73,Light Rain
12/19/2022,11:30 AM,75,100,7,29.73,Mostly Cloudy
12/19/2022,12:00 PM,75,94,6,29.70,Mostly Cloudy
12/19/2022,12:30 PM,75,100,9,29.70,Light Rain
12/19/2022,1:00 PM,77,94,7,29.67,Mostly Cloudy
12/19/2022,1:30 PM,79,89,7,29.64,Mostly Cloudy
12/19/2022,2:00 PM,79,89,7,29.64,Mostly Cloudy
12/19/2022,2:30 PM,79,89,6,29.64,Mostly Cloudy
12/19/2022,3:00 PM,77,94,8,29.61,Rain
12/19/2022,3:30 PM,75,100,5,29.61,Light Rain
12/19/2022,4:00 PM,77,94,7,29.61,Cloudy
12/19/2022,4:30 PM,77,94,9,29.61,Cloudy
12/19/2022,5:00 PM,77,94,9,29.61,Cloudy
12/19/2022,5:30 PM,77,94,13,29.61,Cloudy
12/19/2022,6:00 PM,77,94,6,29.64,Cloudy
12/19/2022,6:30 PM,77,89,9,29.64,Cloudy
12/19/2022,7:00 PM,77,89,9,29.64,Cloudy
12/19/2022,7:30 PM,75,94,7,29.64,Light Rain
12/19/2022,8:00 PM,75,100,10,29.67,Light Rain
12/19/2022,8:30 PM,75,94,8,29.67,Mostly Cloudy
12/19/2022,9:00 PM,75,94,7,29.67,Light Rain
12/19/2022,9:30 PM,75,100,8,29.67,Light Rain
12/19/2022,10:00 PM,77,94,7,29.67,Light Rain
12/19/2022,10:30 PM,77,94,9,29.67,Light Rain
12/19/2022,11:00 PM,75,100,6,29.67,Mostly Cloudy
12/19/2022,11:30 PM,75,100,7,29.67,Mostly Cloudy
12/20/2022,12:00 AM,77,94,7,29.67,Light Rain
12/20/2022,12:30 AM,77,94,6,29.67,Light Rain
12/20/2022,1:00 AM,75,100,6,29.67,Light Rain
12/20/2022,1:30 AM,75,100,5,29.67,Light Rain
12/20/2022,2:00 AM,75,100,0,29.64,Light Rain
12/20/2022,2:30 AM,75,100,0,29.64,Light Rain
12/20/2022,3:00 AM,75,100,2,29.64,Mostly Cloudy
12/20/2022,3:30 AM,75,100,3,29.64,Mostly Cloudy
12/20/2022,4:00 AM,75,94,2,29.64,Mostly Cloudy
12/20/2022,4:30 AM,75,94,2,29.64,Mostly Cloudy
12/20/2022,5:00 AM,75,100,2,29.64,Light Rain
12/20/2022,5:30 AM,75,100,0,29.64,Light Rain
12/20/2022,6:00 AM,75,94,3,29.64,Light Rain
12/20/2022,6:30 AM,75,100,3,29.67,Light Rain
12/20/2022,7:00 AM,75,100,2,29.67,Light Rain
12/20/2022,7:30 AM,75,100,3,29.67,Light Rain
12/20/2022,8:00 AM,75,100,0,29.70,Light Rain
12/20/2022,8:30 AM,77,94,3,29.73,Rain
12/20/2022,9:00 AM,79,94,7,29.73,Cloudy
12/20/2022,9:30 AM,79,94,7,29.73,Cloudy
12/20/2022,10:00 AM,79,94,6,29.73,Mostly Cloudy
12/20/2022,10:30 AM,82,89,5,29.73,Mostly Cloudy
12/20/2022,11:00 AM,81,89,3,29.73,Mostly Cloudy
12/20/2022,11:30 AM,79,94,10,29.70,Light Rain
12/20/2022,12:00 PM,79,94,6,29.70,Light Rain
12/20/2022,12:30 PM,77,100,3,29.70,Light Rain
12/20/2022,1:00 PM,77,100,2,29.67,Light Rain
12/20/2022,1:30 PM,79,94,2,29.67,Mostly Cloudy
12/20/2022,2:00 PM,81,94,6,29.64,Mostly Cloudy
12/20/2022,2:30 PM,81,89,5,29.64,Mostly Cloudy
12/20/2022,3:00 PM,81,89,5,29.61,Mostly Cloudy
12/20/2022,3:30 PM,79,94,6,29.61,Mostly Cloudy
12/20/2022,4:00 PM,81,89,3,29.61,Mostly Cloudy
12/20/2022,4:30 PM,79,94,3,29.61,Light Rain
12/20/2022,5:00 PM,79,94,3,29.61,Mostly Cloudy
12/20/2022,5:30 PM,79,94,1,29.64,Mostly Cloudy
12/20/2022,6:00 PM,79,94,2,29.64,Light Rain
12/20/2022,6:30 PM,77,100,3,29.67,Mostly Cloudy
12/20/2022,7:00 PM,77,100,5,29.67,Mostly Cloudy
12/20/2022,7:30 PM,77,94,6,29.67,Mostly Cloudy
12/20/2022,8:00 PM,77,94,3,29.70,Mostly Cloudy
12/20/2022,8:30 PM,77,94,1,29.70,Mostly Cloudy
12/20/2022,9:00 PM,77,94,3,29.70,Mostly Cloudy
12/20/2022,9:30 PM,77,94,3,29.70,Mostly Cloudy
12/20/2022,10:00 PM,77,94,0,29.70,Mostly Cloudy
12/20/2022,10:30 PM,77,94,2,29.70,Light Rain
12/20/2022,11:00 PM,77,94,2,29.70,Mostly Cloudy
12/20/2022,11:30 PM,77,94,3,29.70,Mostly Cloudy
12/21/2022,12:00 AM,77,94,3,29.70,Mostly Cloudy
12/21/2022,12:30 AM,77,94,3,29.70,Mostly Cloudy
12/21/2022,1:00 AM,77,94,3,29.70,Mostly Cloudy
12/21/2022,1:30 AM,77,94,2,29.70,Mostly Cloudy
12/21/2022,2:00 AM,75,100,0,29.67,Light Rain
12/21/2022,2:30 AM,75,100,0,29.67,Mostly Cloudy
12/21/2022,3:00 AM,75,100,3,29.64,Mostly Cloudy
12/21/2022,3:30 AM,75,100,5,29.64,Mostly Cloudy
12/21/2022,4:00 AM,75,100,0,29.64,Mostly Cloudy
12/21/2022,4:30 AM,75,100,0,29.64,Light Rain
12/21/2022,5:00 AM,75,100,0,29.64,Mostly Cloudy
12/21/2022,5:30 AM,75,100,0,29.64,Mostly Cloudy
12/21/2022,6:00 AM,75,100,2,29.67,Mostly Cloudy
12/21/2022,6:30 AM,75,100,2,29.67,Light Rain
12/21/2022,7:00 AM,75,100,0,29.67,Light Rain
12/21/2022,7:30 AM,75,100,10,29.70,Light Rain
12/21/2022,8:00 AM,75,100,0,29.73,Cloudy
12/21/2022,8:30 AM,77,94,3,29.73,Rain
12/21/2022,9:00 AM,77,100,0,29.73,Light Rain
12/21/2022,9:30 AM,77,100,2,29.73,Light Rain
12/21/2022,10:00 AM,77,100,0,29.73,Light Rain
12/21/2022,10:30 AM,77,100,0,29.73,Light Rain
12/21/2022,11:00 AM,77,100,3,29.73,Heavy T-Storm
12/21/2022,11:30 AM,77,94,3,29.73,Heavy T-Storm
12/21/2022,12:00 PM,77,94,3,29.73,Heavy T-Storm
12/21/2022,12:30 PM,75,100,7,29.70,Heavy T-Storm
12/21/2022,1:00 PM,75,100,5,29.70,Heavy T-Storm
12/21/2022,1:30 PM,75,100,5,29.67,T-Storm
12/21/2022,2:00 PM,77,100,7,29.67,Light Rain with Thunder
12/21/2022,2:30 PM,77,100,7,29.64,Light Rain
12/21/2022,3:00 PM,77,100,3,29.64,Light Rain
12/21/2022,3:30 PM,77,94,0,29.64,Light Rain
12/21/2022,4:00 PM,77,100,0,29.64,Light Rain
12/21/2022,4:30 PM,77,100,2,29.64,Light Rain
12/21/2022,5:00 PM,77,100,0,29.64,Light Rain
12/21/2022,5:30 PM,77,100,0,29.64,Mostly Cloudy
12/21/2022,6:00 PM,77,100,0,29.64,Light Rain
12/21/2022,6:30 PM,77,100,0,29.67,Cloudy
12/21/2022,7:00 PM,77,100,0,29.67,Mostly Cloudy
12/21/2022,7:30 PM,77,100,0,29.70,Mostly Cloudy
12/21/2022,8:00 PM,77,100,2,29.70,Mostly Cloudy
12/21/2022,8:30 PM,77,100,2,29.70,Mostly Cloudy
12/21/2022,9:00 PM,77,100,2,29.73,Mostly Cloudy
12/21/2022,9:30 PM,77,94,3,29.73,Mostly Cloudy
12/21/2022,10:00 PM,77,94,3,29.73,Mostly Cloudy
12/21/2022,10:30 PM,75,100,0,29.73,Mostly Cloudy
12/21/2022,11:00 PM,75,100,5,29.73,Mostly Cloudy
12/21/2022,11:30 PM,75,100,3,29.73,Partly Cloudy
12/22/2022,12:00 AM,75,100,5,29.73,Partly Cloudy
12/22/2022,12:30 AM,73,100,3,29.73,Partly Cloudy
12/22/2022,1:00 AM,75,100,5,29.70,Partly Cloudy
12/22/2022,1:30 AM,73,100,5,29.70,Partly Cloudy
12/22/2022,2:00 AM,73,100,3,29.67,Partly Cloudy
12/22/2022,2:30 AM,73,100,5,29.67,Partly Cloudy
12/22/2022,3:00 AM,73,100,6,29.67,Partly Cloudy
12/22/2022,3:30 AM,73,100,6,29.67,Partly Cloudy
12/22/2022,4:00 AM,73,100,0,29.67,Partly Cloudy
12/22/2022,4:30 AM,73,100,0,29.67,Partly Cloudy
12/22/2022,5:00 AM,72,100,0,29.67,Fog
12/22/2022,5:30 AM,72,100,0,29.67,Fog
12/22/2022,6:00 AM,72,100,2,29.67,Fog
12/22/2022,6:30 AM,72,100,0,29.67,Mostly Cloudy
12/22/2022,7:00 AM,72,100,0,29.70,Mostly Cloudy
12/22/2022,7:30 AM,73,100,0,29.70,Mostly Cloudy
12/22/2022,8:00 AM,77,100,0,29.73,Mostly Cloudy
12/22/2022,8:30 AM,79,100,2,29.73,Mostly Cloudy
12/22/2022,9:00 AM,81,94,3,29.76,Mostly Cloudy
12/22/2022,9:30 AM,82,89,6,29.76,Mostly Cloudy
12/22/2022,10:00 AM,82,89,3,29.76,Partly Cloudy
12/22/2022,10:30 AM,84,84,5,29.76,Mostly Cloudy
12/22/2022,11:00 AM,84,84,6,29.76,Mostly Cloudy
12/22/2022,11:30 AM,88,79,5,29.73,Mostly Cloudy
12/22/2022,12:00 PM,86,84,6,29.73,Mostly Cloudy
12/22/2022,12:30 PM,86,79,7,29.70,Mostly Cloudy
12/22/2022,1:00 PM,86,74,6,29.70,Partly Cloudy
12/22/2022,1:30 PM,88,70,7,29.67,Partly Cloudy
12/22/2022,2:00 PM,88,70,7,29.67,Partly Cloudy
12/22/2022,2:30 PM,88,70,9,29.64,Partly Cloudy
12/22/2022,3:00 PM,86,70,9,29.64,Partly Cloudy
12/22/2022,3:30 PM,86,70,10,29.64,Mostly Cloudy
12/22/2022,4:00 PM,86,70,9,29.64,Partly Cloudy
12/22/2022,4:30 PM,86,70,8,29.64,Partly Cloudy
12/22/2022,5:00 PM,84,74,9,29.64,Partly Cloudy
12/22/2022,5:30 PM,84,70,8,29.67,Partly Cloudy
12/22/2022,6:00 PM,81,79,8,29.67,Fair
12/22/2022,6:30 PM,81,79,6,29.67,Fair
12/22/2022,7:00 PM,79,89,5,29.70,Fair
12/22/2022,7:30 PM,79,89,5,29.70,Fair
12/22/2022,8:00 PM,79,89,3,29.73,Fair
12/22/2022,8:30 PM,77,94,3,29.73,Fair
12/22/2022,9:00 PM,75,94,2,29.76,Fair
12/22/2022,9:30 PM,75,94,0,29.76,Fair
12/22/2022,10:00 PM,75,94,2,29.76,Fair
12/22/2022,10:30 PM,75,94,0,29.76,Fair
12/22/2022,11:00 PM,75,94,1,29.76,Fair
12/22/2022,11:30 PM,73,100,2,29.76,Fair
12/23/2022,12:00 AM,73,94,0,29.73,Fair
12/23/2022,12:30 AM,73,94,0,29.73,Fair
12/23/2022,1:00 AM,73,100,2,29.73,Fair
12/23/2022,1:30 AM,73,94,0,29.73,Fair
12/23/2022,2:00 AM,73,100,3,29.70,Partly Cloudy
12/23/2022,2:30 AM,73,100,3,29.70,Partly Cloudy
12/23/2022,3:00 AM,73,100,3,29.70,Partly Cloudy
12/23/2022,3:30 AM,73,100,2,29.67,Partly Cloudy
12/23/2022,4:00 AM,75,100,3,29.67,Partly Cloudy
12/23/2022,4:30 AM,75,100,3,29.67,Partly Cloudy
12/23/2022,5:00 AM,75,100,3,29.70,Partly Cloudy
12/23/2022,5:30 AM,75,100,0,29.70,Partly Cloudy
12/23/2022,6:00 AM,75,94,1,29.70,Partly Cloudy
12/23/2022,6:30 AM,73,100,0,29.70,Fog
12/23/2022,7:00 AM,73,100,2,29.73,Fog
12/23/2022,7:30 AM,75,100,3,29.73,Fog
12/23/2022,8:00 AM,75,100,0,29.76,Mostly Cloudy
12/23/2022,8:30 AM,77,94,3,29.76,Mostly Cloudy
12/23/2022,9:00 AM,77,100,3,29.76,Mostly Cloudy
12/23/2022,9:30 AM,79,94,3,29.76,Mostly Cloudy
12/23/2022,11:00 AM,84,84,8,29.76,Mostly Cloudy
12/23/2022,11:30 AM,84,84,10,29.73,Mostly Cloudy
12/23/2022,12:00 PM,86,79,12,29.73,Partly Cloudy
12/23/2022,12:30 PM,86,74,13,29.73,Partly Cloudy
12/23/2022,1:00 PM,86,70,14,29.70,Partly Cloudy
12/23/2022,1:30 PM,86,70,13,29.70,Partly Cloudy
12/23/2022,2:00 PM,84,70,13,29.67,Partly Cloudy
12/23/2022,2:30 PM,88,66,12,29.67,Partly Cloudy
12/23/2022,3:00 PM,86,66,14,29.67,Partly Cloudy
12/23/2022,3:30 PM,88,62,13,29.67,Partly Cloudy
12/23/2022,4:00 PM,86,66,13,29.67,Partly Cloudy
12/23/2022,4:30 PM,86,66,12,29.67,Fair
12/23/2022,5:00 PM,84,70,12,29.67,Fair
12/23/2022,5:30 PM,82,74,12,29.67,Fair
12/23/2022,6:00 PM,81,79,10,29.70,Partly Cloudy
12/23/2022,6:30 PM,81,79,9,29.70,Partly Cloudy
12/23/2022,7:00 PM,79,83,8,29.70,Partly Cloudy
12/23/2022,7:30 PM,79,83,8,29.73,Partly Cloudy
12/23/2022,8:00 PM,79,83,3,29.73,Fair
12/23/2022,8:30 PM,77,89,3,29.73,Fair
12/23/2022,9:00 PM,75,94,1,29.73,Fair
12/23/2022,9:30 PM,75,89,0,29.73,Fair
12/23/2022,10:00 PM,73,94,0,29.76,Fair
12/23/2022,10:30 PM,73,94,0,29.76,Fair
12/23/2022,11:00 PM,73,94,2,29.76,Fair
12/23/2022,11:30 PM,72,100,1,29.76,Fair
12/24/2022,12:00 AM,72,100,2,29.76,Fair
12/24/2022,12:30 AM,72,100,3,29.76,Fair
12/24/2022,1:00 AM,73,94,2,29.76,Fair
12/24/2022,1:30 AM,73,94,2,29.76,Fair
12/24/2022,2:00 AM,72,100,0,29.73,Fair
12/24/2022,2:30 AM,72,100,0,29.73,Fair
12/24/2022,3:00 AM,72,100,3,29.73,Fair
12/24/2022,3:30 AM,72,94,3,29.73,Fair
12/24/2022,4:00 AM,72,94,1,29.70,Fair
12/24/2022,4:30 AM,72,94,0,29.70,Fair
12/24/2022,5:00 AM,70,100,2,29.73,Fair
12/24/2022,5:30 AM,70,100,0,29.73,Fair
12/24/2022,6:00 AM,70,100,0,29.73,Fair
12/24/2022,6:30 AM,70,100,0,29.73,Fair
12/24/2022,7:00 AM,72,100,0,29.76,Fair
12/24/2022,7:30 AM,73,100,2,29.76,Fair
12/24/2022,8:00 AM,77,94,2,29.79,Fair
12/24/2022,8:30 AM,79,94,2,29.79,Fair
12/24/2022,9:00 AM,81,89,3,29.79,Fair
12/24/2022,9:30 AM,82,84,7,29.79,Fair
12/24/2022,10:00 AM,82,79,12,29.79,Partly Cloudy
12/24/2022,10:30 AM,84,74,10,29.79,Partly Cloudy
12/24/2022,11:00 AM,86,70,12,29.79,Partly Cloudy
12/24/2022,11:30 AM,84,66,14,29.76,Fair
12/24/2022,12:00 PM,86,66,13,29.76,Fair
12/24/2022,12:30 PM,86,62,12,29.73,Partly Cloudy
12/24/2022,1:00 PM,86,62,13,29.73,Partly Cloudy
12/24/2022,1:30 PM,86,66,14,29.70,Partly Cloudy
12/24/2022,2:00 PM,86,66,14,29.70,Partly Cloudy
12/24/2022,2:30 PM,86,66,12,29.70,Partly Cloudy
12/24/2022,3:00 PM,84,70,16,29.67,Partly Cloudy
12/24/2022,3:30 PM,82,70,16,29.67,Mostly Cloudy
12/24/2022,4:00 PM,86,66,15,29.67,Mostly Cloudy
12/24/2022,4:30 PM,84,70,15,29.67,Partly Cloudy
12/24/2022,5:00 PM,82,74,14,29.70,Partly Cloudy
12/24/2022,5:30 PM,82,74,12,29.70,Partly Cloudy
12/24/2022,6:00 PM,81,74,15,29.70,Partly Cloudy
12/24/2022,6:30 PM,81,74,12,29.70,Partly Cloudy
12/24/2022,7:00 PM,79,78,9,29.73,Partly Cloudy
12/24/2022,7:30 PM,79,78,7,29.73,Partly Cloudy
12/24/2022,8:00 PM,79,78,7,29.76,Partly Cloudy
12/24/2022,8:30 PM,79,78,6,29.76,Partly Cloudy
12/24/2022,9:00 PM,77,83,5,29.76,Partly Cloudy
12/24/2022,9:30 PM,75,89,2,29.79,Partly Cloudy
12/24/2022,10:00 PM,75,89,2,29.79,Partly Cloudy
12/24/2022,10:30 PM,73,94,2,29.79,Partly Cloudy
12/24/2022,11:00 PM,73,94,0,29.79,Mostly Cloudy
12/24/2022,11:30 PM,73,94,0,29.79,Partly Cloudy
12/25/2022,12:00 AM,73,94,0,29.79,Fair
12/25/2022,12:30 AM,73,94,0,29.81,Mostly Cloudy
12/25/2022,1:00 AM,73,94,2,29.81,Mostly Cloudy
12/25/2022,1:30 AM,73,94,0,29.79,Mostly Cloudy
12/25/2022,2:00 AM,73,94,0,29.79,Mostly Cloudy
12/25/2022,2:30 AM,72,100,3,29.79,Partly Cloudy
12/25/2022,3:00 AM,72,100,3,29.76,Fair
12/25/2022,3:30 AM,72,100,3,29.76,Fair
12/25/2022,4:00 AM,72,100,3,29.76,Fair
12/25/2022,4:30 AM,72,100,3,29.76,Fair
12/25/2022,5:00 AM,72,94,0,29.76,Fair
12/25/2022,5:30 AM,70,100,3,29.76,Fair
12/25/2022,6:00 AM,70,100,3,29.76,Partly Cloudy
12/25/2022,6:30 AM,70,100,0,29.79,Partly Cloudy
12/25/2022,7:00 AM,70,100,5,29.79,Fair
12/25/2022,7:30 AM,72,100,1,29.79,Partly Cloudy
12/25/2022,8:00 AM,75,94,2,29.81,Partly Cloudy
12/25/2022,8:30 AM,79,89,5,29.81,Partly Cloudy
12/25/2022,9:00 AM,81,84,10,29.81,Partly Cloudy
12/25/2022,9:30 AM,82,79,10,29.81,Partly Cloudy
12/25/2022,10:00 AM,84,74,12,29.81,Partly Cloudy
12/25/2022,10:30 AM,84,74,12,29.81,Partly Cloudy
12/25/2022,11:00 AM,84,70,10,29.81,Partly Cloudy
12/25/2022,11:30 AM,88,62,15,29.79,Partly Cloudy
12/25/2022,12:00 PM,88,58,14,29.79,Partly Cloudy
12/25/2022,12:30 PM,86,58,14,29.79,Partly Cloudy
12/25/2022,1:00 PM,88,52,14,29.76,Partly Cloudy
12/25/2022,1:30 PM,88,55,17,29.76,Partly Cloudy
12/25/2022,2:00 PM,86,58,16,29.73,Partly Cloudy
12/25/2022,2:30 PM,86,62,16,29.73,Partly Cloudy
12/25/2022,3:00 PM,84,66,15,29.73,Partly Cloudy
12/25/2022,3:30 PM,84,66,14,29.73,Partly Cloudy
12/25/2022,4:00 PM,82,70,15,29.76,Partly Cloudy
12/25/2022,4:30 PM,82,70,13,29.76,Partly Cloudy
12/25/2022,5:00 PM,82,66,16,29.76,Partly Cloudy
12/25/2022,5:30 PM,81,74,12,29.76,Partly Cloudy
12/25/2022,6:00 PM,81,74,7,29.79,Partly Cloudy
12/25/2022,6:30 PM,79,78,7,29.79,Partly Cloudy
12/25/2022,7:00 PM,79,78,6,29.81,Partly Cloudy
12/25/2022,7:30 PM,79,78,5,29.81,Partly Cloudy
12/25/2022,8:00 PM,77,83,5,29.81,Partly Cloudy
12/25/2022,8:30 PM,77,83,3,29.84,Partly Cloudy
12/25/2022,9:00 PM,75,89,2,29.84,Partly Cloudy
12/25/2022,9:30 PM,75,89,5,29.84,Partly Cloudy
12/25/2022,10:00 PM,75,89,5,29.87,Partly Cloudy
12/25/2022,10:30 PM,75,89,2,29.87,Fair
12/25/2022,11:00 PM,73,94,5,29.87,Fair
12/25/2022,11:30 PM,75,89,5,29.84,Fair
12/26/2022,12:00 AM,73,94,5,29.84,Partly Cloudy
12/26/2022,12:30 AM,73,94,3,29.84,Partly Cloudy
12/26/2022,1:00 AM,72,94,5,29.84,Partly Cloudy
12/26/2022,1:30 AM,73,94,3,29.84,Partly Cloudy
12/26/2022,2:00 AM,73,94,5,29.81,Partly Cloudy
12/26/2022,2:30 AM,73,88,3,29.81,Partly Cloudy
12/26/2022,3:00 AM,73,94,3,29.81,Fair
12/26/2022,3:30 AM,72,94,2,29.81,Fair
12/26/2022,4:00 AM,70,100,6,29.81,Fair
12/26/2022,4:30 AM,72,94,5,29.81,Fair
12/26/2022,5:00 AM,70,100,0,29.81,Partly Cloudy
12/26/2022,5:30 AM,70,100,0,29.81,Fair
12/26/2022,6:00 AM,70,100,0,29.81,Fair
12/26/2022,6:30 AM,70,100,0,29.81,Fair
12/26/2022,7:00 AM,70,100,3,29.81,Partly Cloudy
12/26/2022,7:30 AM,72,100,2,29.81,Partly Cloudy
12/26/2022,8:00 AM,73,100,5,29.84,Mostly Cloudy
12/26/2022,8:30 AM,75,94,3,29.84,Mostly Cloudy
12/26/2022,9:00 AM,77,94,5,29.87,Mostly Cloudy
12/26/2022,9:30 AM,79,89,3,29.87,Mostly Cloudy
12/26/2022,10:00 AM,81,89,3,29.87,Mostly Cloudy
12/26/2022,10:30 AM,81,84,8,29.87,Mostly Cloudy
12/26/2022,11:00 AM,82,79,7,29.87,Mostly Cloudy
12/26/2022,11:30 AM,84,74,9,29.87,Mostly Cloudy
12/26/2022,12:00 PM,84,70,12,29.84,Mostly Cloudy
12/26/2022,12:30 PM,86,66,10,29.84,Mostly Cloudy
12/26/2022,1:00 PM,86,66,10,29.81,Mostly Cloudy
12/26/2022,1:30 PM,84,66,8,29.81,Mostly Cloudy
12/26/2022,2:00 PM,84,66,12,29.79,Mostly Cloudy
12/26/2022,2:30 PM,84,66,9,29.79,Mostly Cloudy
12/26/2022,3:00 PM,82,70,9,29.79,Mostly Cloudy
12/26/2022,3:30 PM,82,70,9,29.79,Mostly Cloudy
12/26/2022,4:00 PM,82,70,9,29.76,Mostly Cloudy
12/26/2022,4:30 PM,84,62,9,29.76,Mostly Cloudy
12/26/2022,5:00 PM,82,66,9,29.79,Mostly Cloudy
12/26/2022,5:30 PM,81,70,7,29.79,Mostly Cloudy
12/26/2022,6:00 PM,81,70,7,29.79,Mostly Cloudy
12/26/2022,6:30 PM,79,74,5,29.81,Mostly Cloudy
12/26/2022,7:00 PM,79,74,5,29.81,Mostly Cloudy
12/26/2022,7:30 PM,77,83,2,29.81,Mostly Cloudy
12/26/2022,8:00 PM,77,83,3,29.84,Mostly Cloudy
12/26/2022,8:30 PM,75,89,2,29.84,Mostly Cloudy
12/26/2022,9:00 PM,73,88,3,29.84,Mostly Cloudy
12/26/2022,9:30 PM,73,88,0,29.84,Mostly Cloudy
12/26/2022,10:00 PM,72,94,0,29.87,Mostly Cloudy
12/26/2022,10:30 PM,72,94,2,29.87,Mostly Cloudy
12/26/2022,11:00 PM,72,94,0,29.87,Mostly Cloudy
12/26/2022,11:30 PM,72,94,2,29.87,Mostly Cloudy
12/27/2022,12:00 AM,72,100,2,29.84,Mostly Cloudy
12/27/2022,12:30 AM,72,94,2,29.84,Mostly Cloudy
12/27/2022,1:00 AM,72,94,0,29.84,Mostly Cloudy
12/27/2022,1:30 AM,72,94,0,29.84,Mostly Cloudy
12/27/2022,2:00 AM,72,94,0,29.81,Mostly Cloudy
12/27/2022,2:30 AM,72,94,0,29.81,Mostly Cloudy
12/27/2022,3:00 AM,70,100,2,29.81,Mostly Cloudy
12/27/2022,3:30 AM,70,100,3,29.79,Mostly Cloudy
12/27/2022,4:00 AM,70,100,3,29.79,Mostly Cloudy
12/27/2022,4:30 AM,70,100,1,29.79,Mostly Cloudy
12/27/2022,5:00 AM,70,100,0,29.79,Mostly Cloudy
12/27/2022,5:30 AM,70,100,0,29.79,Mostly Cloudy
12/27/2022,6:00 AM,70,100,2,29.81,Mostly Cloudy
12/27/2022,6:30 AM,70,100,3,29.81,Mostly Cloudy
12/27/2022,7:00 AM,70,100,3,29.81,Mostly Cloudy
12/27/2022,7:30 AM,72,100,5,29.84,Mostly Cloudy
12/27/2022,8:00 AM,75,94,5,29.84,Partly Cloudy
12/27/2022,8:30 AM,77,94,3,29.87,Partly Cloudy
12/27/2022,9:00 AM,81,84,6,29.87,Partly Cloudy
12/27/2022,9:30 AM,82,84,6,29.87,Partly Cloudy
12/27/2022,10:00 AM,84,79,9,29.87,Partly Cloudy
12/27/2022,10:30 AM,84,74,10,29.87,Partly Cloudy
12/27/2022,11:00 AM,84,70,10,29.87,Mostly Cloudy
12/27/2022,11:30 AM,84,70,7,29.87,Mostly Cloudy
12/27/2022,12:00 PM,88,62,10,29.84,Partly Cloudy
12/27/2022,12:30 PM,86,62,12,29.84,Partly Cloudy
12/27/2022,1:00 PM,84,62,10,29.81,Mostly Cloudy
12/27/2022,1:30 PM,84,58,8,29.79,Mostly Cloudy
12/27/2022,2:00 PM,86,62,13,29.79,Mostly Cloudy
12/27/2022,2:30 PM,86,58,13,29.76,Mostly Cloudy
12/27/2022,3:00 PM,84,62,9,29.76,Mostly Cloudy
12/27/2022,3:30 PM,84,62,10,29.76,Partly Cloudy
12/27/2022,4:00 PM,84,62,10,29.76,Mostly Cloudy
12/27/2022,4:30 PM,82,66,9,29.76,Mostly Cloudy
12/27/2022,5:00 PM,82,66,8,29.76,Mostly Cloudy
12/27/2022,5:30 PM,81,70,8,29.79,Mostly Cloudy
12/27/2022,6:00 PM,81,70,6,29.79,Mostly Cloudy
12/27/2022,6:30 PM,79,74,6,29.79,Mostly Cloudy
12/27/2022,7:00 PM,79,74,5,29.81,Mostly Cloudy
12/27/2022,7:30 PM,75,83,3,29.81,Partly Cloudy
12/27/2022,8:00 PM,73,88,3,29.84,Partly Cloudy
12/27/2022,8:30 PM,73,88,3,29.84,Fair
12/27/2022,9:00 PM,75,89,3,29.84,Fair
12/27/2022,9:30 PM,73,88,5,29.87,Fair
12/27/2022,10:00 PM,72,94,0,29.87,Fair
12/27/2022,10:30 PM,72,94,5,29.87,Fair
12/27/2022,11:00 PM,72,94,3,29.87,Fair
12/27/2022,11:30 PM,72,94,5,29.84,Fair
12/28/2022,12:00 AM,72,94,1,29.84,Fair
12/28/2022,12:30 AM,72,94,5,29.84,Fair
12/28/2022,1:00 AM,72,94,2,29.84,Fair
12/28/2022,1:30 AM,70,100,0,29.84,Fair
12/28/2022,2:00 AM,70,100,0,29.81,Mostly Cloudy
12/28/2022,2:30 AM,72,94,2,29.81,Mostly Cloudy
12/28/2022,3:00 AM,72,94,0,29.81,Mostly Cloudy
12/28/2022,3:30 AM,72,94,1,29.81,Mostly Cloudy
12/28/2022,4:00 AM,70,100,0,29.79,Mostly Cloudy
12/28/2022,4:30 AM,72,94,1,29.79,Mostly Cloudy
12/28/2022,5:00 AM,70,100,0,29.81,Mostly Cloudy
12/28/2022,5:30 AM,70,100,0,29.81,Mostly Cloudy
12/28/2022,6:00 AM,70,100,2,29.81,Mostly Cloudy
12/28/2022,6:30 AM,70,100,0,29.81,Fair
12/28/2022,7:00 AM,70,100,0,29.84,Fair
12/28/2022,7:30 AM,70,100,1,29.84,Fair
12/28/2022,8:00 AM,73,94,1,29.84,Fair
12/28/2022,8:30 AM,77,94,0,29.87,Partly Cloudy
12/28/2022,9:00 AM,81,84,0,29.87,Partly Cloudy
12/28/2022,9:30 AM,82,84,2,29.87,Partly Cloudy
12/28/2022,10:00 AM,84,79,7,29.87,Partly Cloudy
12/28/2022,10:30 AM,82,79,7,29.87,Partly Cloudy
12/28/2022,11:00 AM,82,79,3,29.87,Partly Cloudy
12/28/2022,11:30 AM,86,70,5,29.84,Partly Cloudy
12/28/2022,12:00 PM,86,70,7,29.84,Partly Cloudy
12/28/2022,12:30 PM,86,66,9,29.81,Partly Cloudy
12/28/2022,1:00 PM,86,66,9,29.81,Partly Cloudy
12/28/2022,1:30 PM,86,66,10,29.81,Mostly Cloudy
12/28/2022,2:00 PM,84,66,13,29.79,Mostly Cloudy
12/28/2022,2:30 PM,86,62,10,29.79,Mostly Cloudy
12/28/2022,3:00 PM,86,62,8,29.76,Mostly Cloudy
12/28/2022,3:30 PM,86,62,9,29.76,Mostly Cloudy
12/28/2022,4:00 PM,84,62,10,29.76,Mostly Cloudy
12/28/2022,4:30 PM,84,62,9,29.76,Mostly Cloudy
12/28/2022,5:00 PM,84,66,8,29.76,Mostly Cloudy
12/28/2022,5:30 PM,82,66,9,29.79,Mostly Cloudy
12/28/2022,6:00 PM,81,70,7,29.79,Mostly Cloudy
12/28/2022,6:30 PM,81,74,6,29.81,Partly Cloudy
12/28/2022,7:00 PM,79,74,5,29.81,Partly Cloudy
12/28/2022,7:30 PM,79,74,3,29.81,Partly Cloudy
12/28/2022,8:00 PM,75,83,2,29.84,Partly Cloudy
12/28/2022,8:30 PM,73,88,2,29.84,Partly Cloudy
12/28/2022,9:00 PM,73,88,0,29.87,Partly Cloudy
12/28/2022,9:30 PM,72,94,3,29.87,Partly Cloudy
12/28/2022,10:00 PM,72,94,3,29.90,Partly Cloudy
12/28/2022,10:30 PM,72,94,0,29.87,Partly Cloudy
12/28/2022,11:00 PM,72,94,2,29.87,Partly Cloudy
12/28/2022,11:30 PM,72,94,0,29.87,Partly Cloudy
12/29/2022,12:00 AM,70,100,0,29.87,Fair
12/29/2022,12:30 AM,70,100,0,29.87,Fair
12/29/2022,1:00 AM,70,94,0,29.84,Fair
12/29/2022,1:30 AM,70,94,0,29.84,Fair
12/29/2022,2:00 AM,70,94,2,29.84,Fair
12/29/2022,2:30 AM,70,94,0,29.84,Fair
12/29/2022,3:00 AM,68,100,0,29.81,Fair
12/29/2022,3:30 AM,68,100,0,29.81,Fair
12/29/2022,4:00 AM,68,100,0,29.81,Fair
12/29/2022,4:30 AM,68,100,0,29.81,Fair
12/29/2022,5:00 AM,68,100,0,29.81,Fair
12/29/2022,5:30 AM,68,100,0,29.81,Fair
12/29/2022,6:00 AM,68,100,0,29.84,Fair
12/29/2022,6:30 AM,68,100,0,29.84,Fair
12/29/2022,7:00 AM,68,100,0,29.84,Fair
12/29/2022,7:30 AM,70,100,0,29.87,Fair
12/29/2022,8:00 AM,72,100,0,29.87,Fair
12/29/2022,8:30 AM,73,100,2,29.87,Fair
12/29/2022,9:00 AM,77,94,2,29.90,Fair
12/29/2022,9:30 AM,81,84,5,29.90,Fair
12/29/2022,10:00 AM,82,79,8,29.90,Partly Cloudy
12/29/2022,10:30 AM,84,74,9,29.87,Partly Cloudy
12/29/2022,11:00 AM,84,74,9,29.87,Partly Cloudy
12/29/2022,11:30 AM,84,70,12,29.87,Partly Cloudy
12/29/2022,12:00 PM,84,70,9,29.87,Partly Cloudy
12/29/2022,12:30 PM,86,66,9,29.84,Partly Cloudy
12/29/2022,1:00 PM,86,66,10,29.84,Partly Cloudy
12/29/2022,1:30 PM,86,62,10,29.81,Partly Cloudy
12/29/2022,2:00 PM,86,62,10,29.81,Partly Cloudy
12/29/2022,2:30 PM,86,58,10,29.79,Partly Cloudy
12/29/2022,3:00 PM,84,62,9,29.79,Partly Cloudy
12/29/2022,3:30 PM,84,62,10,29.79,Partly Cloudy
12/29/2022,4:00 PM,82,66,10,29.79,Fair
12/29/2022,4:30 PM,82,66,9,29.79,Fair
12/29/2022,5:00 PM,81,74,9,29.79,Fair
12/29/2022,5:30 PM,81,74,7,29.81,Fair
12/29/2022,6:00 PM,81,74,7,29.81,Fair
12/29/2022,6:30 PM,79,78,5,29.84,Fair
12/29/2022,7:00 PM,77,78,3,29.84,Fair
12/29/2022,7:30 PM,75,83,3,29.84,Fair
12/29/2022,8:00 PM,73,88,3,29.87,Fair
12/29/2022,8:30 PM,75,89,3,29.87,Fair
12/29/2022,9:00 PM,73,88,2,29.87,Fair
12/29/2022,9:30 PM,73,88,2,29.90,Fair
12/29/2022,10:00 PM,72,94,3,29.90,Fair
12/29/2022,10:30 PM,72,94,0,29.90,Fair
12/29/2022,11:00 PM,72,94,0,29.90,Fair
12/29/2022,11:30 PM,70,100,0,29.90,Fair
12/30/2022,12:00 AM,70,100,0,29.90,Fair
12/30/2022,12:30 AM,70,100,0,29.90,Fair
12/30/2022,1:00 AM,70,94,0,29.87,Fair
12/30/2022,1:30 AM,70,94,0,29.87,Fair
12/30/2022,2:00 AM,70,94,0,29.87,Fair
12/30/2022,2:30 AM,70,94,0,29.87,Fair
12/30/2022,3:00 AM,70,100,0,29.84,Fair
12/30/2022,3:30 AM,70,100,0,29.84,Fair
12/30/2022,4:00 AM,68,100,2,29.84,Fair
12/30/2022,4:30 AM,68,100,2,29.84,Fair
12/30/2022,5:00 AM,68,100,0,29.84,Fair
12/30/2022,5:30 AM,70,94,0,29.84,Fair
12/30/2022,6:00 AM,68,100,0,29.84,Partly Cloudy
12/30/2022,6:30 AM,68,100,0,29.84,Partly Cloudy
12/30/2022,7:00 AM,68,100,2,29.87,Partly Cloudy
12/30/2022,7:30 AM,70,100,2,29.87,Mostly Cloudy
12/30/2022,8:00 AM,72,100,3,29.90,Mostly Cloudy
12/30/2022,8:30 AM,73,94,3,29.90,Mostly Cloudy
12/30/2022,9:00 AM,75,94,3,29.90,Mostly Cloudy
12/30/2022,9:30 AM,79,89,7,29.90,Partly Cloudy
12/30/2022,10:00 AM,82,79,7,29.90,Partly Cloudy
12/30/2022,10:30 AM,82,79,8,29.90,Partly Cloudy
12/30/2022,11:00 AM,82,79,9,29.90,Partly Cloudy
12/30/2022,11:30 AM,86,70,10,29.87,Partly Cloudy
12/30/2022,12:00 PM,86,66,10,29.87,Partly Cloudy
12/30/2022,12:30 PM,86,62,12,29.84,Partly Cloudy
12/30/2022,1:00 PM,86,58,9,29.84,Partly Cloudy
12/30/2022,1:30 PM,86,51,12,29.81,Partly Cloudy
12/30/2022,2:00 PM,86,51,12,29.81,Partly Cloudy
12/30/2022,2:30 PM,84,58,10,29.79,Partly Cloudy
12/30/2022,3:00 PM,84,62,8,29.79,Partly Cloudy
12/30/2022,3:30 PM,84,62,9,29.79,Partly Cloudy
12/30/2022,4:00 PM,84,62,9,29.79,Partly Cloudy
12/30/2022,4:30 PM,84,62,9,29.79,Partly Cloudy
12/30/2022,5:00 PM,84,62,8,29.79,Partly Cloudy
12/30/2022,5:30 PM,81,70,10,29.81,Partly Cloudy
12/30/2022,6:00 PM,81,70,8,29.81,Partly Cloudy
12/30/2022,6:30 PM,79,78,6,29.81,Partly Cloudy
12/30/2022,7:00 PM,79,78,5,29.81,Partly Cloudy
12/30/2022,7:30 PM,77,83,3,29.84,Partly Cloudy
12/30/2022,8:00 PM,77,83,2,29.84,Partly Cloudy
12/30/2022,8:30 PM,77,83,3,29.84,Partly Cloudy
12/30/2022,9:00 PM,75,89,3,29.87,Partly Cloudy
12/30/2022,9:30 PM,73,94,3,29.87,Partly Cloudy
12/30/2022,10:00 PM,73,94,0,29.87,Mostly Cloudy
12/30/2022,10:30 PM,73,94,0,29.87,Mostly Cloudy
12/30/2022,11:00 PM,75,89,0,29.87,Mostly Cloudy
12/30/2022,11:30 PM,75,89,2,29.87,Partly Cloudy
12/31/2022,12:00 AM,73,94,2,29.87,Fair
12/31/2022,12:30 AM,73,94,0,29.87,Fair
12/31/2022,1:00 AM,72,94,3,29.87,Fair
12/31/2022,1:30 AM,72,94,3,29.87,Fair
12/31/2022,2:00 AM,70,100,3,29.84,Fair
12/31/2022,2:30 AM,70,100,3,29.84,Fair
12/31/2022,3:00 AM,70,100,2,29.81,Fair
12/31/2022,3:30 AM,70,100,2,29.81,Fair
12/31/2022,4:00 AM,72,94,0,29.81,Fair
12/31/2022,4:30 AM,72,94,0,29.81,Fair
12/31/2022,5:00 AM,72,94,0,29.81,Fair
12/31/2022,5:30 AM,70,100,0,29.84,Fair
12/31/2022,6:00 AM,70,100,0,29.84,Fair
12/31/2022,6:30 AM,70,100,2,29.84,Partly Cloudy
12/31/2022,7:00 AM,70,100,2,29.84,Mostly Cloudy
12/31/2022,7:30 AM,72,100,0,29.87,Mostly Cloudy
12/31/2022,8:00 AM,73,94,2,29.87,Mostly Cloudy
12/31/2022,8:30 AM,75,94,2,29.90,Mostly Cloudy
12/31/2022,9:00 AM,77,94,3,29.90,Mostly Cloudy
12/31/2022,9:30 AM,79,89,5,29.90,Mostly Cloudy
12/31/2022,10:00 AM,81,84,5,29.90,Mostly Cloudy
12/31/2022,10:30 AM,84,79,6,29.90,Mostly Cloudy
12/31/2022,11:00 AM,84,79,7,29.87,Partly Cloudy
12/31/2022,11:30 AM,86,70,8,29.87,Partly Cloudy
12/31/2022,12:00 PM,86,70,12,29.84,Partly Cloudy
12/31/2022,12:30 PM,86,66,10,29.84,Mostly Cloudy
12/31/2022,1:00 PM,86,62,10,29.81,Mostly Cloudy
12/31/2022,1:30 PM,86,58,10,29.81,Mostly Cloudy
12/31/2022,2:00 PM,86,58,9,29.79,Mostly Cloudy
12/31/2022,2:30 PM,86,62,9,29.79,Mostly Cloudy
12/31/2022,3:00 PM,86,66,9,29.76,Mostly Cloudy
12/31/2022,3:30 PM,86,66,8,29.76,Mostly Cloudy
12/31/2022,4:00 PM,84,70,8,29.76,Mostly Cloudy
12/31/2022,4:30 PM,84,66,9,29.76,Mostly Cloudy
12/31/2022,5:00 PM,82,70,7,29.76,Partly Cloudy
12/31/2022,5:30 PM,82,70,8,29.79,Partly Cloudy
12/31/2022,6:00 PM,81,74,7,29.79,Partly Cloudy
12/31/2022,6:30 PM,81,74,6,29.79,Partly Cloudy
12/31/2022,7:00 PM,79,78,3,29.81,Partly Cloudy
12/31/2022,7:30 PM,79,83,3,29.81,Mostly Cloudy
12/31/2022,8:00 PM,79,83,2,29.84,Mostly Cloudy
12/31/2022,8:30 PM,77,89,3,29.84,Mostly Cloudy
12/31/2022,9:00 PM,75,89,2,29.87,Mostly Cloudy
12/31/2022,9:30 PM,75,89,2,29.87,Mostly Cloudy
12/31/2022,10:00 PM,73,94,3,29.87,Mostly Cloudy
12/31/2022,10:30 PM,75,94,5,29.87,Mostly Cloudy
12/31/2022,11:00 PM,73,94,3,29.87,Mostly Cloudy
12/31/2022,11:30 PM,72,94,3,29.87,Mostly Cloudy
