date,time,temperature_F,humidity_%,pressure_in,condition,เกิดเหตุ,รถน้อยกว่า4ล้อacc,รถ4ล้อacc,รถมากกว่า4ล้อacc,รถน้อยกว่า4ล้อทั้งหมด,รถ4ล้อทั้งหมด,รถมากกว่า4ล้อทั้งหมด
1/1/2023,12:00 AM,72,94,29.84,Clear,0,0,0,0,0,3,2
1/1/2023,12:30 AM,72,94,29.84,Clear,0,0,0,0,1,3,3
1/1/2023,1:00 AM,72,94,29.84,Clear,0,0,0,0,0,3,2
1/1/2023,1:30 AM,72,94,29.84,Clear,0,0,0,0,0,3,2
1/1/2023,2:00 AM,72,94,29.81,Clear,0,0,0,0,0,3,2
1/1/2023,2:30 AM,72,94,29.81,Clear,0,0,0,0,0,3,2
1/1/2023,3:00 AM,70,100,29.81,Clear,0,0,0,0,0,3,2
1/1/2023,3:30 AM,70,100,29.81,Clear,0,0,0,0,0,3,2
1/1/2023,4:00 AM,70,100,29.81,Clear,0,0,0,0,0,3,2
1/1/2023,4:30 AM,70,100,29.81,Clear,0,0,0,0,0,3,2
1/1/2023,5:00 AM,70,100,29.79,Clear,0,0,0,0,4,14,2
1/1/2023,5:30 AM,72,94,29.81,Clear,0,0,0,0,3,14,1
1/1/2023,6:00 AM,70,100,29.81,Clear,0,0,0,0,3,15,2
1/1/2023,6:30 AM,70,100,29.81,Clear,0,0,0,0,3,14,1
1/1/2023,7:00 AM,70,100,29.81,Clear,0,0,0,0,3,15,2
1/1/2023,7:30 AM,73,94,29.84,Clear,0,0,0,0,3,13,2
1/1/2023,8:00 AM,75,94,29.84,Clear,0,0,0,0,3,16,2
1/1/2023,8:30 AM,77,94,29.84,Clear,0,0,0,0,2,16,2
1/1/2023,9:00 AM,81,84,29.87,Clear,0,0,0,0,2,7,2
1/1/2023,9:30 AM,81,84,29.87,Clear,0,0,0,0,2,6,1
1/1/2023,10:00 AM,84,79,29.87,Clear,0,0,0,0,2,7,2
1/1/2023,10:30 AM,82,79,29.84,Clear,0,0,0,0,2,6,2
1/1/2023,11:00 AM,86,70,29.84,Clear,0,0,0,0,2,7,2
1/1/2023,11:30 AM,84,66,29.84,Clear,0,0,0,0,2,6,2
1/1/2023,12:00 PM,88,58,29.81,Clear,0,0,0,0,2,6,2
1/1/2023,12:30 PM,88,55,29.81,Clear,0,0,0,0,2,7,2
1/1/2023,1:00 PM,88,52,29.79,Clear,0,0,0,0,2,8,2
1/1/2023,1:30 PM,88,55,29.76,Clear,0,0,0,0,2,6,2
1/1/2023,2:00 PM,88,55,29.76,Clear,0,0,0,0,2,7,2
1/1/2023,2:30 PM,88,55,29.73,Clear,0,0,0,0,2,7,2
1/1/2023,3:00 PM,88,52,29.73,Clear,0,0,0,0,2,7,1
1/1/2023,3:30 PM,88,55,29.73,Clear,0,0,0,0,2,7,2
1/1/2023,4:00 PM,86,58,29.73,Clear,0,0,0,0,3,14,2
1/1/2023,4:30 PM,86,55,29.73,Clear,0,0,0,0,2,13,2
1/1/2023,5:00 PM,84,62,29.73,Clear,0,0,0,0,2,12,2
1/1/2023,5:30 PM,84,62,29.73,Clear,0,0,0,0,3,13,2
1/1/2023,6:00 PM,82,66,29.76,Clear,0,0,0,0,3,10,2
1/1/2023,6:30 PM,81,70,29.76,Clear,0,0,0,0,3,10,2
1/1/2023,7:00 PM,79,78,29.79,Clear,0,0,0,0,2,13,2
1/1/2023,7:30 PM,79,78,29.79,Clear,0,0,0,0,3,14,2
1/1/2023,8:00 PM,77,83,29.81,Clear,0,0,0,0,2,8,2
1/1/2023,8:30 PM,75,83,29.81,Clear,0,0,0,0,2,7,2
1/1/2023,9:00 PM,73,88,29.84,Clear,0,0,0,0,2,7,2
1/1/2023,9:30 PM,73,88,29.84,Clear,0,0,0,0,2,7,1
1/1/2023,10:00 PM,73,88,29.84,Clear,0,0,0,0,2,8,2
1/1/2023,10:30 PM,72,94,29.84,Clear,0,0,0,0,2,8,2
1/1/2023,11:00 PM,72,94,29.84,Clear,0,0,0,0,2,8,2
1/1/2023,11:30 PM,72,94,29.84,Clear,0,0,0,0,2,8,1
1/2/2023,12:00 AM,72,94,29.84,Clear,0,0,0,0,0,3,2
1/2/2023,12:30 AM,72,94,29.84,Clear,0,0,0,0,0,3,2
1/2/2023,1:00 AM,72,94,29.84,Clear,0,0,0,0,0,3,2
1/2/2023,1:30 AM,72,94,29.84,Clear,1,1,1,0,0,4,2
1/2/2023,2:00 AM,72,94,29.81,Clear,0,0,0,0,0,3,2
1/2/2023,2:30 AM,72,94,29.81,Clear,0,0,0,0,0,3,2
1/2/2023,3:00 AM,70,100,29.81,Clear,0,0,0,0,0,3,2
1/2/2023,3:30 AM,70,100,29.81,Clear,0,0,0,0,0,3,3
1/2/2023,4:00 AM,70,100,29.81,Clear,0,0,0,0,0,3,2
1/2/2023,4:30 AM,70,100,29.81,Clear,0,0,0,0,0,3,2
1/2/2023,5:00 AM,70,100,29.81,Clear,0,0,0,0,3,15,2
1/2/2023,5:30 AM,70,100,29.81,Clear,0,0,0,0,2,14,2
1/2/2023,6:00 AM,73,94,29.81,Clear,0,0,0,0,3,14,2
1/2/2023,6:30 AM,72,94,29.81,Clear,0,0,0,0,3,13,2
1/2/2023,7:00 AM,70,100,29.84,Clear,0,0,0,0,3,13,2
1/2/2023,7:30 AM,72,100,29.84,Clear,0,0,0,0,3,14,2
1/2/2023,8:00 AM,75,94,29.84,Clear,0,0,0,0,2,12,2
1/2/2023,8:30 AM,75,94,29.87,Clear,0,0,0,0,3,15,2
1/2/2023,9:00 AM,79,89,29.87,Clear,0,0,0,0,2,7,2
1/2/2023,9:30 AM,81,89,29.87,Clear,0,0,0,0,2,7,1
1/2/2023,10:00 AM,81,89,29.87,Clear,0,0,0,0,2,8,2
1/2/2023,10:30 AM,82,84,29.87,Clear,0,0,0,0,2,6,1
1/2/2023,11:00 AM,84,74,29.87,Clear,0,0,0,0,2,6,2
1/2/2023,11:30 AM,84,74,29.87,Clear,0,0,0,0,2,7,2
1/2/2023,12:00 PM,84,70,29.84,Clear,0,0,0,0,2,7,2
1/2/2023,12:30 PM,86,66,29.84,Clear,0,0,0,0,2,7,2
1/2/2023,1:00 PM,86,66,29.81,Clear,0,0,0,0,2,7,2
1/2/2023,1:30 PM,86,66,29.81,Clear,0,0,0,0,2,7,2
1/2/2023,2:00 PM,86,62,29.79,Clear,0,0,0,0,2,6,2
1/2/2023,2:30 PM,84,66,29.79,Clear,0,0,0,0,2,8,2
1/2/2023,3:00 PM,86,66,29.76,Clear,0,0,0,0,2,6,2
1/2/2023,3:30 PM,84,70,29.76,Clear,0,0,0,0,2,7,2
1/2/2023,4:00 PM,84,70,29.76,Clear,0,0,0,0,3,13,2
1/2/2023,4:30 PM,82,74,29.76,Clear,0,0,0,0,3,16,2
1/2/2023,5:00 PM,82,70,29.76,Clear,0,0,0,0,2,13,2
1/2/2023,5:30 PM,82,70,29.76,Clear,0,0,0,0,3,17,2
1/2/2023,6:00 PM,81,74,29.79,Clear,0,0,0,0,3,13,2
1/2/2023,6:30 PM,81,74,29.79,Clear,0,0,0,0,3,14,2
1/2/2023,7:00 PM,79,78,29.81,Clear,0,0,0,0,3,14,2
1/2/2023,7:30 PM,79,83,29.81,Clear,0,0,0,0,3,15,2
1/2/2023,8:00 PM,79,83,29.84,Clear,0,0,0,0,2,8,2
1/2/2023,8:30 PM,79,83,29.84,Clear,0,0,0,0,2,7,1
1/2/2023,9:00 PM,79,83,29.84,Clear,0,0,0,0,2,7,1
1/2/2023,9:30 PM,77,89,29.87,Clear,0,0,0,0,2,8,1
1/2/2023,10:00 PM,77,89,29.87,Clear,0,0,0,0,2,8,2
1/2/2023,10:30 PM,75,89,29.87,Clear,0,0,0,0,2,7,1
1/2/2023,11:00 PM,75,94,29.84,Clear,0,0,0,0,2,8,1
1/2/2023,11:30 PM,75,94,29.84,Clear,0,0,0,0,2,9,2
1/3/2023,12:00 AM,77,89,29.84,Clear,0,0,0,0,0,3,3
1/3/2023,12:30 AM,75,94,29.84,Clear,0,0,0,0,0,3,2
1/3/2023,1:00 AM,75,94,29.84,Clear,0,0,0,0,0,3,3
1/3/2023,1:30 AM,75,94,29.84,Clear,0,0,0,0,0,4,2
1/3/2023,2:00 AM,73,94,29.81,Clear,0,0,0,0,0,3,2
1/3/2023,2:30 AM,73,94,29.81,Clear,0,0,0,0,0,3,3
1/3/2023,3:00 AM,73,100,29.79,Clear,0,0,0,0,0,3,2
1/3/2023,3:30 AM,73,100,29.79,Clear,0,0,0,0,1,3,2
1/3/2023,4:00 AM,73,94,29.79,Clear,0,0,0,0,0,3,3
1/3/2023,4:30 AM,73,94,29.79,Clear,0,0,0,0,0,3,2
1/3/2023,5:00 AM,73,100,29.79,Clear,0,0,0,0,3,12,2
1/3/2023,5:30 AM,73,100,29.81,Clear,0,0,0,0,3,15,2
1/3/2023,6:00 AM,72,100,29.81,Clear,0,0,0,0,3,15,2
1/3/2023,6:30 AM,72,100,29.81,Clear,0,0,0,0,3,13,2
1/3/2023,7:00 AM,72,100,29.81,Clear,0,0,0,0,3,12,2
1/3/2023,7:30 AM,73,100,29.84,Clear,0,0,0,0,3,13,2
1/3/2023,8:00 AM,77,94,29.84,Clear,0,0,0,0,3,12,2
1/3/2023,8:30 AM,79,94,29.84,Clear,0,0,0,0,3,16,2
1/3/2023,9:00 AM,81,89,29.84,Clear,0,0,0,0,2,8,1
1/3/2023,9:30 AM,82,84,29.84,Clear,0,0,0,0,2,7,2
1/3/2023,10:00 AM,82,84,29.84,Clear,0,0,0,0,2,7,1
1/3/2023,10:30 AM,84,79,29.84,Clear,0,0,0,0,2,7,2
1/3/2023,11:00 AM,86,74,29.84,Clear,0,0,0,0,2,7,2
1/3/2023,11:30 AM,86,74,29.84,Clear,0,0,0,0,2,8,2
1/3/2023,12:00 PM,88,66,29.81,Rain,0,0,0,0,1,6,2
1/3/2023,12:30 PM,86,74,29.81,Clear,0,0,0,0,2,7,2
1/3/2023,1:00 PM,88,66,29.79,Clear,0,0,0,0,2,6,2
1/3/2023,1:30 PM,88,66,29.79,Clear,0,0,0,0,2,8,2
1/3/2023,2:00 PM,88,62,29.76,Clear,0,0,0,0,2,5,2
1/3/2023,2:30 PM,88,62,29.76,Clear,0,0,0,0,2,6,2
1/3/2023,3:00 PM,86,66,29.73,Clear,0,0,0,0,2,6,2
1/3/2023,3:30 PM,84,70,29.73,Clear,0,0,0,0,2,7,2
1/3/2023,4:00 PM,84,70,29.73,Clear,0,0,0,0,3,13,2
1/3/2023,4:30 PM,84,70,29.73,Clear,0,0,0,0,2,15,2
1/3/2023,5:00 PM,84,70,29.73,Clear,0,0,0,0,3,14,2
1/3/2023,5:30 PM,84,70,29.73,Clear,0,0,0,0,3,14,2
1/3/2023,6:00 PM,82,74,29.76,Clear,0,0,0,0,3,14,2
1/3/2023,6:30 PM,81,79,29.76,Clear,1,0,1,0,3,12,2
1/3/2023,7:00 PM,81,79,29.79,Clear,0,0,0,0,3,15,2
1/3/2023,7:30 PM,79,83,29.79,Clear,0,0,0,0,2,12,2
1/3/2023,8:00 PM,79,89,29.81,Rain,0,0,0,0,1,9,2
1/3/2023,8:30 PM,79,89,29.81,Clear,0,0,0,0,2,8,2
1/3/2023,9:00 PM,77,89,29.84,Clear,0,0,0,0,2,7,2
1/3/2023,9:30 PM,77,89,29.84,Clear,0,0,0,0,2,9,2
1/3/2023,10:00 PM,77,94,29.84,Clear,0,0,0,0,2,8,2
1/3/2023,10:30 PM,77,89,29.84,Rain,0,0,0,0,1,9,2
1/3/2023,11:00 PM,75,94,29.84,Rain,0,0,0,0,1,9,2
1/3/2023,11:30 PM,75,94,29.84,Rain,0,0,0,0,1,9,2
1/4/2023,12:00 AM,75,94,29.84,Clear,0,0,0,0,1,3,2
1/4/2023,12:30 AM,75,100,29.84,Clear,0,0,0,0,0,4,2
1/4/2023,1:00 AM,75,100,29.84,Rain,0,0,0,0,0,3,3
1/4/2023,1:30 AM,75,94,29.81,Clear,0,0,0,0,0,4,2
1/4/2023,2:00 AM,75,94,29.81,Clear,0,0,0,0,0,3,2
1/4/2023,2:30 AM,75,94,29.79,Clear,0,0,0,0,0,3,3
1/4/2023,3:00 AM,73,100,29.79,Clear,0,0,0,0,0,3,2
1/4/2023,3:30 AM,73,94,29.79,Clear,0,0,0,0,1,3,2
1/4/2023,4:00 AM,73,94,29.79,Clear,0,0,0,0,0,3,2
1/4/2023,4:30 AM,73,94,29.79,Clear,0,0,0,0,0,3,2
1/4/2023,5:00 AM,72,100,29.79,Clear,0,0,0,0,3,12,1
1/4/2023,5:30 AM,72,100,29.79,Clear,0,0,0,0,3,15,2
1/4/2023,6:00 AM,72,100,29.79,Clear,0,0,0,0,3,14,2
1/4/2023,6:30 AM,72,100,29.79,Clear,0,0,0,0,3,13,1
1/4/2023,7:00 AM,72,100,29.81,Clear,0,0,0,0,3,16,2
1/4/2023,7:30 AM,73,100,29.81,Clear,0,0,0,0,3,14,2
1/4/2023,8:00 AM,75,94,29.81,Clear,0,0,0,0,2,14,2
1/4/2023,8:30 AM,75,100,29.84,Clear,0,0,0,0,3,14,2
1/4/2023,9:00 AM,77,94,29.84,Rain,0,0,0,0,1,8,2
1/4/2023,9:30 AM,81,89,29.84,Clear,0,0,0,0,2,6,2
1/4/2023,10:00 AM,82,84,29.84,Rain,0,0,0,0,1,9,2
1/4/2023,10:30 AM,82,89,29.84,Clear,0,0,0,0,2,6,2
1/4/2023,11:00 AM,81,89,29.84,Rain,0,0,0,0,1,7,2
1/4/2023,11:30 AM,75,94,29.81,Rain,0,0,0,0,1,6,1
1/4/2023,12:00 PM,77,94,29.81,Rain,0,0,0,0,2,7,2
1/4/2023,12:30 PM,79,94,29.81,Rain,0,0,0,0,1,8,2
1/4/2023,1:00 PM,82,89,29.79,Clear,0,0,0,0,2,7,2
1/4/2023,1:30 PM,82,89,29.76,Clear,0,0,0,0,2,7,1
1/4/2023,2:00 PM,82,84,29.76,Clear,0,0,0,0,2,6,2
1/4/2023,2:30 PM,84,79,29.73,Rain,0,0,0,0,2,8,2
1/4/2023,3:00 PM,81,89,29.73,Rain,0,0,0,0,1,7,1
1/4/2023,3:30 PM,81,89,29.73,Rain,0,0,0,0,1,7,2
1/4/2023,4:00 PM,81,89,29.73,Clear,0,0,0,0,3,14,3
1/4/2023,4:30 PM,82,84,29.73,Clear,0,0,0,0,3,15,2
1/4/2023,5:00 PM,82,84,29.73,Rain,0,0,0,0,2,12,2
1/4/2023,5:30 PM,81,84,29.76,Rain,0,0,0,0,2,14,3
1/4/2023,6:00 PM,79,83,29.76,Rain,0,0,0,0,2,14,2
1/4/2023,6:30 PM,77,89,29.76,Rain,0,0,0,0,2,16,2
1/4/2023,7:00 PM,77,94,29.79,Clear,0,0,0,0,3,13,2
1/4/2023,7:30 PM,77,94,29.79,Clear,0,0,0,0,2,14,2
1/4/2023,8:00 PM,77,94,29.81,Clear,0,0,0,0,2,9,2
1/4/2023,8:30 PM,77,94,29.81,Clear,0,0,0,0,2,8,2
1/4/2023,9:00 PM,77,94,29.84,Clear,0,0,0,0,2,8,2
1/4/2023,9:30 PM,77,94,29.84,Clear,0,0,0,0,2,7,2
1/4/2023,10:00 PM,75,100,29.84,Clear,0,0,0,0,2,7,1
1/4/2023,10:30 PM,75,100,29.84,Clear,0,0,0,0,2,8,2
1/4/2023,11:00 PM,75,94,29.84,Clear,0,0,0,0,2,9,2
1/4/2023,11:30 PM,75,94,29.81,Clear,0,0,0,0,2,7,2
1/5/2023,12:00 AM,75,94,29.84,Clear,0,0,0,0,0,3,3
1/5/2023,12:30 AM,75,94,29.81,Clear,0,0,0,0,0,3,2
1/5/2023,1:00 AM,75,94,29.81,Clear,0,0,0,0,0,3,2
1/5/2023,1:30 AM,75,94,29.81,Clear,0,0,0,0,0,3,2
1/5/2023,2:00 AM,75,94,29.79,Clear,0,0,0,0,1,3,2
1/5/2023,2:30 AM,75,94,29.79,Clear,0,0,0,0,0,3,2
1/5/2023,3:00 AM,75,94,29.76,Clear,0,0,0,0,0,3,2
1/5/2023,3:30 AM,75,94,29.76,Clear,0,0,0,0,0,3,2
1/5/2023,4:00 AM,75,94,29.76,Clear,0,0,0,0,0,3,2
1/5/2023,4:30 AM,75,94,29.76,Clear,0,0,0,0,0,3,2
1/5/2023,5:00 AM,73,100,29.76,Clear,0,0,0,0,3,14,2
1/5/2023,5:30 AM,73,100,29.76,Clear,0,0,0,0,3,16,2
1/5/2023,6:00 AM,75,94,29.76,Clear,0,0,0,0,3,13,1
1/5/2023,6:30 AM,75,94,29.76,Clear,0,0,0,0,3,14,2
1/5/2023,7:00 AM,75,94,29.79,Clear,0,0,0,0,3,13,2
1/5/2023,7:30 AM,75,100,29.79,Clear,0,0,0,0,3,13,1
1/5/2023,8:00 AM,77,94,29.81,Clear,0,0,0,0,3,17,2
1/5/2023,8:30 AM,77,100,29.81,Clear,0,0,0,0,3,15,2
1/5/2023,9:00 AM,79,94,29.81,Clear,0,0,0,0,2,7,2
1/5/2023,9:30 AM,81,89,29.81,Clear,0,0,0,0,2,7,1
1/5/2023,10:00 AM,82,89,29.84,Clear,0,0,0,0,2,7,2
1/5/2023,10:30 AM,82,89,29.81,Clear,0,0,0,0,2,8,2
1/5/2023,11:00 AM,84,84,29.81,Clear,0,0,0,0,2,7,2
1/5/2023,11:30 AM,86,74,29.81,Clear,0,0,0,0,2,7,1
1/5/2023,12:00 PM,86,74,29.79,Clear,0,0,0,0,2,6,2
1/5/2023,12:30 PM,88,70,29.79,Clear,0,0,0,0,2,7,2
1/5/2023,1:00 PM,88,66,29.76,Clear,0,0,0,0,2,8,2
1/5/2023,1:30 PM,88,66,29.76,Clear,0,0,0,0,2,6,2
1/5/2023,2:00 PM,84,79,29.73,Clear,0,0,0,0,2,7,1
1/5/2023,2:30 PM,86,70,29.73,Clear,0,0,0,0,2,6,1
1/5/2023,3:00 PM,86,70,29.73,Clear,0,0,0,0,2,7,2
1/5/2023,3:30 PM,86,66,29.7,Clear,0,0,0,0,2,7,2
1/5/2023,4:00 PM,86,66,29.7,Clear,0,0,0,0,2,16,2
1/5/2023,4:30 PM,86,70,29.7,Clear,0,0,0,0,3,11,2
1/5/2023,5:00 PM,84,70,29.7,Clear,0,0,0,0,3,12,3
1/5/2023,5:30 PM,82,74,29.7,Clear,0,0,0,0,3,12,2
1/5/2023,6:00 PM,82,74,29.73,Clear,0,0,0,0,3,15,2
1/5/2023,6:30 PM,81,79,29.73,Clear,0,0,0,0,3,14,2
1/5/2023,7:00 PM,81,79,29.76,Clear,0,0,0,0,3,12,2
1/5/2023,7:30 PM,81,84,29.76,Clear,0,0,0,0,3,15,2
1/5/2023,8:00 PM,79,83,29.76,Clear,0,0,0,0,2,6,2
1/5/2023,8:30 PM,79,89,29.79,Clear,0,0,0,0,2,9,2
1/5/2023,9:00 PM,77,89,29.79,Clear,0,0,0,0,2,9,2
1/5/2023,9:30 PM,77,89,29.79,Clear,0,0,0,0,2,7,2
1/5/2023,10:00 PM,77,89,29.81,Clear,0,0,0,0,2,7,2
1/5/2023,10:30 PM,75,94,29.81,Clear,0,0,0,0,2,7,2
1/5/2023,11:00 PM,77,94,29.79,Clear,0,0,0,0,2,8,2
1/5/2023,11:30 PM,77,89,29.79,Clear,0,0,0,0,2,8,2
1/6/2023,12:00 AM,77,94,29.79,Clear,0,0,0,0,1,3,2
1/6/2023,12:30 AM,75,94,29.79,Clear,0,0,0,0,1,4,3
1/6/2023,1:00 AM,73,100,29.79,Clear,0,0,0,0,0,3,2
1/6/2023,1:30 AM,73,94,29.79,Clear,0,0,0,0,1,3,2
1/6/2023,2:00 AM,75,94,29.76,Clear,0,0,0,0,0,3,3
1/6/2023,2:30 AM,75,94,29.76,Clear,0,0,0,0,0,3,2
1/6/2023,3:00 AM,75,94,29.76,Clear,0,0,0,0,0,3,3
1/6/2023,3:30 AM,75,94,29.76,Clear,0,0,0,0,0,3,2
1/6/2023,4:00 AM,75,94,29.73,Clear,0,0,0,0,0,3,2
1/6/2023,4:30 AM,75,94,29.73,Clear,0,0,0,0,1,3,2
1/6/2023,5:00 AM,75,94,29.76,Clear,0,0,0,0,3,13,2
1/6/2023,5:30 AM,75,100,29.76,Clear,0,0,0,0,3,15,2
1/6/2023,6:00 AM,75,94,29.76,Clear,0,0,0,0,3,16,2
1/6/2023,6:30 AM,75,94,29.76,Clear,0,0,0,0,3,14,2
1/6/2023,7:00 AM,75,94,29.76,Clear,0,0,0,0,3,13,2
1/6/2023,7:30 AM,75,100,29.79,Rain,0,0,0,0,2,15,1
1/6/2023,8:00 AM,77,94,29.79,Rain,0,0,0,0,2,15,2
1/6/2023,8:30 AM,77,94,29.81,Clear,0,0,0,0,3,12,1
1/6/2023,9:00 AM,75,94,29.81,Rain,0,0,0,0,2,7,2
1/6/2023,9:30 AM,75,94,29.81,Rain,0,0,0,0,1,8,2
1/6/2023,10:00 AM,75,100,29.84,Rain,0,0,0,0,1,8,2
1/6/2023,10:30 AM,79,94,29.84,Clear,0,0,0,0,2,8,2
1/6/2023,11:00 AM,82,89,29.84,Clear,0,0,0,0,2,7,2
1/6/2023,11:30 AM,77,89,29.84,Rain,0,0,0,0,1,7,1
1/6/2023,12:00 PM,79,89,29.81,Clear,0,0,0,0,2,8,2
1/6/2023,12:30 PM,77,94,29.81,Rain,0,0,0,0,1,8,2
1/6/2023,1:00 PM,79,89,29.79,Rain,0,0,0,0,1,7,2
1/6/2023,1:30 PM,79,94,29.79,Clear,0,0,0,0,2,8,2
1/6/2023,2:00 PM,79,94,29.76,Clear,0,0,0,0,2,7,2
1/6/2023,2:30 PM,81,89,29.76,Rain,0,0,0,0,1,8,2
1/6/2023,3:00 PM,79,94,29.73,Rain,0,0,0,0,2,7,2
1/6/2023,3:30 PM,77,94,29.73,Rain,0,0,0,0,1,7,2
1/6/2023,4:00 PM,77,94,29.73,Clear,0,0,0,0,3,14,2
1/6/2023,4:30 PM,79,89,29.76,Clear,0,0,0,0,3,14,2
1/6/2023,5:00 PM,77,89,29.76,Clear,0,0,0,0,3,14,3
1/6/2023,5:30 PM,77,89,29.76,Clear,0,0,0,0,2,14,2
1/6/2023,6:00 PM,75,94,29.76,Clear,0,0,0,0,3,16,2
1/6/2023,6:30 PM,75,94,29.76,Rain,0,0,0,0,2,15,2
1/6/2023,7:00 PM,75,89,29.79,Clear,0,0,0,0,3,13,2
1/6/2023,7:30 PM,75,89,29.79,Clear,0,0,0,0,3,11,2
1/6/2023,8:00 PM,73,94,29.79,Clear,0,0,0,0,1,8,2
1/6/2023,8:30 PM,73,94,29.81,Clear,0,0,0,0,2,9,2
1/6/2023,9:00 PM,73,94,29.81,Clear,0,0,0,0,1,7,2
1/6/2023,9:30 PM,73,94,29.81,Clear,0,0,0,0,2,8,2
1/6/2023,10:00 PM,73,94,29.81,Clear,0,0,0,0,2,9,2
1/6/2023,10:30 PM,73,100,29.81,Clear,0,0,0,0,2,7,1
1/6/2023,11:00 PM,75,94,29.81,Rain,0,0,0,0,1,8,2
1/6/2023,11:30 PM,73,94,29.81,Rain,0,0,0,0,1,9,2
1/7/2023,12:00 AM,73,94,29.81,Rain,0,0,0,0,0,3,3
1/7/2023,12:30 AM,73,94,29.81,Clear,0,0,0,0,0,3,2
1/7/2023,1:00 AM,73,94,29.81,Rain,0,0,0,0,0,3,2
1/7/2023,1:30 AM,73,94,29.81,Rain,0,0,0,0,0,2,3
1/7/2023,2:00 AM,73,94,29.79,Rain,0,0,0,0,0,3,2
1/7/2023,2:30 AM,73,94,29.79,Rain,0,0,0,0,0,4,3
1/7/2023,3:00 AM,73,94,29.76,Rain,0,0,0,0,0,3,2
1/7/2023,3:30 AM,73,94,29.76,Clear,0,0,0,0,0,3,2
1/7/2023,4:00 AM,73,94,29.73,Clear,0,0,0,0,0,3,2
1/7/2023,4:30 AM,73,94,29.73,Clear,0,0,0,0,0,3,2
1/7/2023,5:00 AM,73,100,29.73,Clear,0,0,0,0,3,13,1
1/7/2023,5:30 AM,73,100,29.73,Clear,0,0,0,0,2,13,2
1/7/2023,6:00 AM,73,100,29.76,Rain,0,0,0,0,2,13,2
1/7/2023,6:30 AM,73,100,29.76,Clear,0,0,0,0,3,14,2
1/7/2023,7:00 AM,73,100,29.76,Rain,0,0,0,0,2,15,2
1/7/2023,7:30 AM,73,100,29.79,Rain,0,0,0,0,2,16,2
1/7/2023,8:00 AM,73,100,29.79,Rain,0,0,0,0,2,14,2
1/7/2023,8:30 AM,73,100,29.81,Rain,0,0,0,0,2,18,1
1/7/2023,9:00 AM,73,100,29.81,Rain,0,0,0,0,1,7,2
1/7/2023,9:30 AM,73,100,29.81,Rain,0,0,0,0,1,7,2
1/7/2023,10:00 AM,73,100,29.81,Rain,0,0,0,0,1,8,1
1/7/2023,10:30 AM,73,100,29.81,Rain,0,0,0,0,2,7,1
1/7/2023,11:00 AM,73,100,29.81,Rain,0,0,0,0,1,8,2
1/7/2023,11:30 AM,73,100,29.81,Rain,0,0,0,0,1,9,2
1/7/2023,12:00 PM,73,100,29.79,Rain,0,0,0,0,1,7,2
1/7/2023,12:30 PM,73,100,29.79,Rain,0,0,0,0,1,6,2
1/7/2023,1:00 PM,73,100,29.79,Rain,0,0,0,0,1,8,1
1/7/2023,1:30 PM,73,100,29.76,Rain,0,0,0,0,1,8,2
1/7/2023,2:00 PM,75,100,29.73,Rain,0,0,0,0,1,8,2
1/7/2023,2:30 PM,75,100,29.73,Rain,0,0,0,0,1,7,2
1/7/2023,3:00 PM,75,94,29.73,Rain,0,0,0,0,1,6,1
1/7/2023,3:30 PM,75,94,29.7,Rain,0,0,0,0,1,6,2
1/7/2023,4:00 PM,73,100,29.7,Rain,0,0,0,0,2,16,2
1/7/2023,4:30 PM,73,100,29.7,Rain,0,0,0,0,2,14,2
1/7/2023,5:00 PM,73,100,29.73,Rain,0,0,0,0,2,12,2
1/7/2023,5:30 PM,73,100,29.73,Rain,0,0,0,0,2,15,2
1/7/2023,6:00 PM,73,100,29.73,Rain,0,0,0,0,2,16,3
1/7/2023,6:30 PM,73,100,29.73,Rain,0,0,0,0,2,15,2
1/7/2023,7:00 PM,73,100,29.76,Rain,0,0,0,0,2,14,2
1/7/2023,7:30 PM,73,100,29.76,Rain,0,0,0,0,2,16,3
1/7/2023,8:00 PM,73,100,29.79,Clear,0,0,0,0,2,6,2
1/7/2023,8:30 PM,73,100,29.79,Rain,0,0,0,0,1,9,2
1/7/2023,9:00 PM,73,100,29.79,Rain,0,0,0,0,1,9,2
1/7/2023,9:30 PM,73,100,29.81,Rain,0,0,0,0,1,8,2
1/7/2023,10:00 PM,73,100,29.81,Rain,0,0,0,0,1,8,1
1/7/2023,10:30 PM,73,100,29.81,Rain,0,0,0,0,1,8,2
1/7/2023,11:00 PM,73,100,29.81,Rain,0,0,0,0,1,10,2
1/7/2023,11:30 PM,73,100,29.79,Rain,0,0,0,0,1,8,2
1/8/2023,12:00 AM,73,100,29.79,Rain,0,0,0,0,0,3,2
1/8/2023,12:30 AM,73,100,29.79,Rain,0,0,0,0,0,3,3
1/8/2023,1:00 AM,73,100,29.79,Rain,0,0,0,0,0,3,2
1/8/2023,1:30 AM,73,100,29.79,Rain,0,0,0,0,0,3,2
1/8/2023,2:00 AM,73,100,29.76,Clear,0,0,0,0,0,3,3
1/8/2023,2:30 AM,73,100,29.76,Clear,0,0,0,0,0,3,2
1/8/2023,3:00 AM,73,100,29.73,Clear,0,0,0,0,0,3,2
1/8/2023,3:30 AM,73,100,29.73,Clear,0,0,0,0,1,3,2
1/8/2023,4:00 AM,73,100,29.73,Clear,0,0,0,0,0,3,2
1/8/2023,4:30 AM,73,100,29.73,Clear,0,0,0,0,0,3,3
1/8/2023,5:00 AM,73,100,29.73,Clear,0,0,0,0,3,14,2
1/8/2023,5:30 AM,73,100,29.73,Rain,0,0,0,0,2,15,2
1/8/2023,6:00 AM,73,100,29.73,Clear,0,0,0,0,2,13,2
1/8/2023,6:30 AM,73,100,29.76,Clear,0,0,0,0,3,14,2
1/8/2023,7:00 AM,73,100,29.76,Clear,0,0,0,0,3,14,2
1/8/2023,7:30 AM,73,100,29.76,Clear,0,0,0,0,3,13,1
1/8/2023,8:00 AM,75,94,29.79,Clear,0,0,0,0,3,12,2
1/8/2023,8:30 AM,75,94,29.79,Clear,0,0,0,0,3,10,2
1/8/2023,9:00 AM,77,94,29.79,Clear,0,0,0,0,2,7,2
1/8/2023,9:30 AM,77,94,29.81,Clear,0,0,0,0,2,8,1
1/8/2023,10:00 AM,77,94,29.81,Clear,0,0,0,0,2,7,2
1/8/2023,10:30 AM,77,94,29.81,Clear,0,0,0,0,2,7,2
1/8/2023,11:00 AM,79,89,29.81,Clear,0,0,0,0,2,6,2
1/8/2023,11:30 AM,79,89,29.81,Rain,0,0,0,0,1,7,2
1/8/2023,12:00 PM,81,89,29.79,Clear,0,0,0,0,2,7,2
1/8/2023,12:30 PM,79,89,29.79,Clear,0,0,0,0,2,8,2
1/8/2023,1:00 PM,79,89,29.76,Clear,0,0,0,0,2,7,1
1/8/2023,1:30 PM,82,84,29.76,Clear,0,0,0,0,2,7,2
1/8/2023,2:00 PM,79,89,29.73,Rain,0,0,0,0,1,8,2
1/8/2023,2:30 PM,79,94,29.73,Rain,0,0,0,0,1,8,1
1/8/2023,3:00 PM,82,84,29.7,Clear,0,0,0,0,2,5,1
1/8/2023,3:30 PM,82,84,29.7,Clear,0,0,0,0,2,6,2
1/8/2023,4:00 PM,81,84,29.7,Clear,0,0,0,0,3,11,2
1/8/2023,4:30 PM,81,84,29.7,Clear,0,0,0,0,2,10,3
1/8/2023,5:00 PM,81,84,29.7,Clear,0,0,0,0,3,14,2
1/8/2023,5:30 PM,79,83,29.73,Clear,0,0,0,0,3,13,2
1/8/2023,6:00 PM,79,83,29.73,Clear,0,0,0,0,3,13,3
1/8/2023,6:30 PM,77,89,29.76,Clear,0,0,0,0,3,15,2
1/8/2023,7:00 PM,77,89,29.76,Rain,0,0,0,0,2,15,2
1/8/2023,7:30 PM,77,89,29.79,Clear,0,0,0,0,3,14,2
1/8/2023,8:00 PM,75,94,29.79,Clear,0,0,0,0,2,8,2
1/8/2023,8:30 PM,75,94,29.79,Clear,0,0,0,0,1,7,2
1/8/2023,9:00 PM,75,94,29.79,Clear,0,0,0,0,2,10,2
1/8/2023,9:30 PM,75,94,29.81,Clear,0,0,0,0,2,9,2
1/8/2023,10:00 PM,75,94,29.81,Clear,0,0,0,0,2,8,2
1/8/2023,10:30 PM,75,94,29.81,Clear,0,0,0,0,2,8,2
1/8/2023,11:00 PM,75,94,29.81,Clear,0,0,0,0,2,7,2
1/8/2023,11:30 PM,75,94,29.81,Clear,0,0,0,0,1,8,2
1/9/2023,12:00 AM,75,94,29.81,Rain,0,0,0,0,0,4,2
1/9/2023,12:30 AM,75,94,29.81,Rain,0,0,0,0,0,3,3
1/9/2023,1:00 AM,73,100,29.81,Rain,0,0,0,0,0,3,3
1/9/2023,1:30 AM,73,100,29.79,Rain,0,0,0,0,0,4,2
1/9/2023,2:00 AM,73,100,29.79,Rain,0,0,0,0,0,3,3
1/9/2023,2:30 AM,73,100,29.79,Rain,0,0,0,0,0,4,2
1/9/2023,3:00 AM,73,100,29.76,Rain,0,0,0,0,0,3,2
1/9/2023,3:30 AM,73,100,29.76,Rain,0,0,0,0,0,3,2
1/9/2023,4:00 AM,73,100,29.76,Rain,0,0,0,0,0,4,3
1/9/2023,4:30 AM,73,100,29.76,Rain,0,0,0,0,0,3,2
1/9/2023,5:00 AM,73,100,29.76,Rain,0,0,0,0,2,18,2
1/9/2023,5:30 AM,73,100,29.76,Rain,0,0,0,0,2,16,2
1/9/2023,6:00 AM,73,100,29.76,Rain,0,0,0,0,2,15,2
1/9/2023,6:30 AM,73,100,29.79,Rain,0,0,0,0,2,18,2
1/9/2023,7:00 AM,73,100,29.79,Rain,0,0,0,0,2,14,2
1/9/2023,7:30 AM,73,100,29.81,Rain,0,0,0,0,2,17,2
1/9/2023,8:00 AM,73,100,29.81,Clear,0,0,0,0,3,14,2
1/9/2023,8:30 AM,75,100,29.84,Clear,0,0,0,0,3,15,2
1/9/2023,9:00 AM,75,100,29.84,Clear,0,0,0,0,2,7,1
1/9/2023,9:30 AM,77,94,29.84,Clear,0,0,0,0,2,6,1
1/9/2023,10:00 AM,79,94,29.81,Clear,0,0,0,0,2,6,1
1/9/2023,10:30 AM,81,89,29.81,Clear,0,0,0,0,2,7,2
1/9/2023,11:00 AM,81,89,29.81,Clear,0,0,0,0,2,7,2
1/9/2023,11:30 AM,81,89,29.81,Clear,0,0,0,0,2,6,1
1/9/2023,12:00 PM,82,84,29.81,Clear,0,0,0,0,2,6,1
1/9/2023,12:30 PM,82,84,29.79,Clear,0,0,0,0,2,5,2
1/9/2023,1:00 PM,84,79,29.76,Clear,0,0,0,0,2,8,2
1/9/2023,1:30 PM,82,84,29.76,Clear,0,0,0,0,2,7,2
1/9/2023,2:00 PM,84,79,29.73,Clear,0,0,0,0,2,6,2
1/9/2023,2:30 PM,84,79,29.73,Clear,0,0,0,0,2,7,2
1/9/2023,3:00 PM,82,79,29.73,Clear,0,0,0,0,2,7,1
1/9/2023,3:30 PM,82,79,29.73,Clear,0,0,0,0,2,6,1
1/9/2023,4:00 PM,82,79,29.73,Clear,0,0,0,0,3,13,2
1/9/2023,4:30 PM,82,79,29.73,Clear,0,0,0,0,2,13,2
1/9/2023,5:00 PM,82,79,29.73,Clear,0,0,0,0,3,14,2
1/9/2023,5:30 PM,81,79,29.73,Clear,0,0,0,0,3,14,3
1/9/2023,6:00 PM,79,89,29.73,Clear,0,0,0,0,3,15,2
1/9/2023,6:30 PM,79,89,29.76,Clear,0,0,0,0,4,15,3
1/9/2023,7:00 PM,79,89,29.76,Clear,0,0,0,0,3,14,2
1/9/2023,7:30 PM,77,94,29.76,Clear,0,0,0,0,2,14,3
1/9/2023,8:00 PM,77,94,29.79,Clear,0,0,0,0,2,8,2
1/9/2023,8:30 PM,77,94,29.79,Clear,0,0,0,0,2,9,2
1/9/2023,9:00 PM,77,94,29.81,Clear,0,0,0,0,2,9,2
1/9/2023,9:30 PM,77,94,29.81,Clear,0,0,0,0,2,8,1
1/9/2023,10:00 PM,77,94,29.81,Clear,0,0,0,0,2,8,2
1/9/2023,10:30 PM,77,94,29.81,Clear,0,0,0,0,2,9,2
1/9/2023,11:00 PM,75,100,29.81,Clear,0,0,0,0,2,7,2
1/9/2023,11:30 PM,77,94,29.81,Clear,0,0,0,0,2,8,2
1/10/2023,12:00 AM,75,100,29.81,Clear,0,0,0,0,1,3,2
1/10/2023,12:30 AM,75,100,29.79,Clear,0,0,0,0,0,3,3
1/10/2023,1:00 AM,75,100,29.79,Clear,0,0,0,0,0,4,2
1/10/2023,1:30 AM,75,100,29.79,Clear,0,0,0,0,1,3,2
1/10/2023,2:00 AM,75,94,29.76,Clear,0,0,0,0,0,4,2
1/10/2023,2:30 AM,75,94,29.76,Clear,0,0,0,0,0,3,3
1/10/2023,3:00 AM,75,100,29.76,Clear,0,0,0,0,1,3,2
1/10/2023,3:30 AM,75,100,29.76,Clear,0,0,0,0,0,3,2
1/10/2023,4:00 AM,75,100,29.76,Clear,0,0,0,0,0,4,2
1/10/2023,4:30 AM,75,100,29.76,Clear,0,0,0,0,0,3,3
1/10/2023,5:00 AM,75,100,29.76,Clear,0,0,0,0,3,13,2
1/10/2023,5:30 AM,75,100,29.76,Clear,0,0,0,0,3,13,2
1/10/2023,6:00 AM,75,94,29.76,Clear,0,0,0,0,3,12,2
1/10/2023,6:30 AM,75,94,29.76,Clear,0,0,0,0,2,15,2
1/10/2023,7:00 AM,75,94,29.76,Clear,0,0,0,0,3,13,2
1/10/2023,7:30 AM,75,100,29.79,Clear,0,0,0,0,3,14,2
1/10/2023,8:00 AM,77,94,29.79,Clear,0,0,0,0,3,13,1
1/10/2023,8:30 AM,79,94,29.81,Clear,0,0,0,0,3,13,2
1/10/2023,9:00 AM,79,94,29.81,Clear,0,0,0,0,2,7,2
1/10/2023,9:30 AM,81,89,29.81,Clear,0,0,0,0,2,7,2
1/10/2023,10:00 AM,81,89,29.81,Rain,0,0,0,0,1,8,2
1/10/2023,10:30 AM,77,94,29.81,Rain,0,0,0,0,1,8,1
1/10/2023,11:00 AM,75,100,29.81,Rain,0,0,0,0,1,8,2
1/10/2023,11:30 AM,77,94,29.79,Rain,0,0,0,0,1,9,2
1/10/2023,12:00 PM,79,94,29.79,Rain,0,0,0,0,2,8,2
1/10/2023,12:30 PM,79,94,29.79,Rain,0,0,0,0,1,7,2
1/10/2023,1:00 PM,81,89,29.76,Clear,0,0,0,0,2,7,2
1/10/2023,1:30 PM,82,84,29.73,Clear,0,0,0,0,2,8,2
1/10/2023,2:00 PM,82,89,29.73,Clear,0,0,0,0,2,7,2
1/10/2023,2:30 PM,84,84,29.7,Clear,0,0,0,0,2,8,2
1/10/2023,3:00 PM,84,79,29.7,Clear,0,0,0,0,2,7,2
1/10/2023,3:30 PM,84,79,29.7,Clear,0,0,0,0,2,7,2
1/10/2023,4:00 PM,84,79,29.67,Clear,0,0,0,0,3,12,2
1/10/2023,4:30 PM,84,79,29.67,Clear,0,0,0,0,2,13,2
1/10/2023,5:00 PM,82,79,29.7,Clear,0,0,0,0,3,13,3
1/10/2023,5:30 PM,82,79,29.7,Clear,0,0,0,0,3,15,2
1/10/2023,6:00 PM,81,84,29.73,Clear,0,0,0,0,3,13,2
1/10/2023,6:30 PM,81,84,29.73,Clear,0,0,0,0,4,15,2
1/10/2023,7:00 PM,81,84,29.73,Clear,0,0,0,0,3,15,2
1/10/2023,7:30 PM,79,89,29.76,Clear,0,0,0,0,3,14,2
1/10/2023,8:00 PM,77,94,29.76,Clear,0,0,0,0,2,8,2
1/10/2023,8:30 PM,79,89,29.76,Clear,0,0,0,0,2,7,2
1/10/2023,9:00 PM,77,94,29.79,Clear,0,0,0,0,1,8,2
1/10/2023,9:30 PM,77,94,29.79,Clear,0,0,0,0,1,8,2
1/10/2023,10:00 PM,77,94,29.79,Clear,0,0,0,0,2,8,2
1/10/2023,10:30 PM,77,94,29.79,Clear,0,0,0,0,2,8,2
1/10/2023,11:00 PM,77,94,29.79,Clear,0,0,0,0,1,8,2
1/10/2023,11:30 PM,75,100,29.79,Clear,0,0,0,0,2,9,2
1/11/2023,12:00 AM,75,100,29.79,Clear,0,0,0,0,0,3,2
1/11/2023,12:30 AM,75,94,29.79,Clear,0,0,0,0,0,3,2
1/11/2023,1:00 AM,75,94,29.79,Clear,0,0,0,0,0,3,2
1/11/2023,1:30 AM,75,100,29.76,Clear,0,0,0,0,1,3,2
1/11/2023,2:00 AM,75,100,29.76,Clear,0,0,0,0,0,3,2
1/11/2023,2:30 AM,75,94,29.76,Clear,0,0,0,0,0,3,2
1/11/2023,3:00 AM,73,100,29.73,Clear,0,0,0,0,1,3,3
1/11/2023,3:30 AM,75,94,29.73,Clear,0,0,0,0,0,3,2
1/11/2023,4:00 AM,73,100,29.73,Clear,0,0,0,0,0,3,2
1/11/2023,4:30 AM,73,100,29.73,Clear,0,0,0,0,1,3,3
1/11/2023,5:00 AM,73,100,29.73,Clear,0,0,0,0,3,11,2
1/11/2023,5:30 AM,72,100,29.73,Clear,0,0,0,0,3,15,2
1/11/2023,6:00 AM,72,100,29.73,Clear,0,0,0,0,3,12,2
1/11/2023,6:30 AM,72,100,29.73,Mist,0,0,0,0,3,13,2
1/11/2023,7:00 AM,72,100,29.73,Mist,0,0,0,0,3,13,2
1/11/2023,7:30 AM,73,100,29.76,Mist,0,0,0,0,3,12,1
1/11/2023,8:00 AM,75,100,29.76,Mist,0,0,0,0,3,15,2
1/11/2023,8:30 AM,77,100,29.79,Mist,0,0,0,0,3,13,2
1/11/2023,9:00 AM,81,89,29.79,Clear,0,0,0,0,2,7,2
1/11/2023,9:30 AM,82,89,29.79,Clear,0,0,0,0,2,7,2
1/11/2023,10:00 AM,84,84,29.79,Clear,0,0,0,0,3,8,2
1/11/2023,10:30 AM,84,84,29.79,Clear,0,0,0,0,2,7,2
1/11/2023,11:00 AM,88,75,29.79,Clear,0,0,0,0,2,8,2
1/11/2023,11:30 AM,88,75,29.76,Clear,0,0,0,0,2,7,2
1/11/2023,12:00 PM,86,74,29.76,Clear,0,0,0,0,2,5,2
1/11/2023,12:30 PM,88,75,29.73,Clear,0,0,0,0,2,7,2
1/11/2023,1:00 PM,88,70,29.73,Clear,0,0,0,0,2,7,1
1/11/2023,1:30 PM,91,63,29.7,Clear,0,0,0,0,2,7,2
1/11/2023,2:00 PM,90,62,29.7,Clear,0,0,0,0,2,7,1
1/11/2023,2:30 PM,88,66,29.67,Clear,0,0,0,0,2,8,2
1/11/2023,3:00 PM,88,66,29.67,Clear,0,0,0,0,2,6,2
1/11/2023,3:30 PM,88,66,29.64,Clear,0,0,0,0,2,7,2
1/11/2023,4:00 PM,86,70,29.64,Rain,0,0,0,0,2,15,2
1/11/2023,4:30 PM,86,70,29.64,Rain,0,0,0,0,2,13,2
1/11/2023,5:00 PM,84,74,29.64,Clear,0,0,0,0,3,13,2
1/11/2023,5:30 PM,84,74,29.67,Clear,0,0,0,0,2,14,2
1/11/2023,6:00 PM,82,79,29.67,Rain,0,0,0,0,2,15,2
1/11/2023,6:30 PM,81,84,29.67,Clear,0,0,0,0,3,14,3
1/11/2023,7:00 PM,81,84,29.7,Clear,0,0,0,0,3,13,2
1/11/2023,7:30 PM,79,89,29.7,Clear,0,0,0,0,3,14,2
1/11/2023,8:00 PM,79,89,29.73,Clear,0,0,0,0,2,8,2
1/11/2023,8:30 PM,77,94,29.73,Clear,0,0,0,0,2,7,2
1/11/2023,9:00 PM,77,94,29.76,Clear,0,0,0,0,2,9,2
1/11/2023,9:30 PM,77,94,29.76,Clear,0,0,0,0,2,7,1
1/11/2023,10:00 PM,77,94,29.79,Clear,0,0,0,0,2,9,2
1/11/2023,10:30 PM,77,94,29.79,Clear,0,0,0,0,2,7,1
1/11/2023,11:00 PM,77,94,29.79,Clear,0,0,0,0,2,7,2
1/11/2023,11:30 PM,77,94,29.79,Clear,0,0,0,0,2,8,2
1/12/2023,12:00 AM,77,94,29.79,Clear,0,0,0,0,0,3,2
1/12/2023,12:30 AM,75,100,29.76,Clear,0,0,0,0,0,3,2
1/12/2023,1:00 AM,75,100,29.76,Clear,0,0,0,0,0,3,2
1/12/2023,1:30 AM,75,94,29.76,Clear,0,0,0,0,1,3,2
1/12/2023,2:00 AM,75,94,29.76,Clear,0,0,0,0,0,3,3
1/12/2023,2:30 AM,73,100,29.73,Clear,0,0,0,0,0,4,2
1/12/2023,3:00 AM,75,94,29.73,Clear,0,0,0,0,0,3,2
1/12/2023,3:30 AM,75,94,29.73,Clear,0,0,0,0,0,3,2
1/12/2023,4:00 AM,73,100,29.7,Clear,0,0,0,0,0,3,3
1/12/2023,4:30 AM,73,100,29.7,Clear,0,0,0,0,0,3,2
1/12/2023,5:00 AM,73,100,29.7,Clear,0,0,0,0,3,13,2
1/12/2023,5:30 AM,73,100,29.7,Clear,0,0,0,0,3,14,2
1/12/2023,6:00 AM,73,100,29.7,Mist,0,0,0,0,3,15,2
1/12/2023,6:30 AM,73,94,29.7,Mist,0,0,0,0,2,15,2
1/12/2023,7:00 AM,73,94,29.73,Mist,0,0,0,0,3,14,2
1/12/2023,7:30 AM,75,94,29.73,Mist,0,0,0,0,3,13,2
1/12/2023,8:00 AM,77,100,29.76,Mist,0,0,0,0,3,17,2
1/12/2023,8:30 AM,79,94,29.76,Clear,0,0,0,0,2,12,2
1/12/2023,9:00 AM,81,94,29.79,Clear,0,0,0,0,2,7,2
1/12/2023,9:30 AM,82,89,29.79,Clear,0,0,0,0,2,6,1
1/12/2023,10:00 AM,84,84,29.79,Clear,0,0,0,0,2,8,2
1/12/2023,10:30 AM,86,79,29.79,Clear,0,0,0,0,2,6,1
1/12/2023,11:00 AM,88,79,29.76,Clear,0,0,0,0,2,7,1
1/12/2023,11:30 AM,90,70,29.76,Clear,0,0,0,0,2,8,2
1/12/2023,12:00 PM,90,70,29.73,Clear,0,0,0,0,2,5,1
1/12/2023,12:30 PM,90,66,29.73,Clear,0,0,0,0,2,6,2
1/12/2023,1:00 PM,90,62,29.7,Clear,0,0,0,0,2,5,2
1/12/2023,1:30 PM,91,63,29.7,Clear,0,0,0,0,2,6,2
1/12/2023,2:00 PM,90,62,29.67,Clear,0,0,0,0,2,6,2
1/12/2023,2:30 PM,90,62,29.67,Clear,0,0,0,0,2,6,2
1/12/2023,3:00 PM,90,62,29.64,Clear,0,0,0,0,2,8,2
1/12/2023,3:30 PM,90,62,29.64,Clear,0,0,0,0,2,7,2
1/12/2023,4:00 PM,90,62,29.64,Clear,0,0,0,0,3,14,2
1/12/2023,4:30 PM,90,62,29.64,Clear,0,0,0,0,3,16,2
1/12/2023,5:00 PM,86,70,29.64,Clear,0,0,0,0,4,14,2
1/12/2023,5:30 PM,84,70,29.67,Clear,0,0,0,0,2,13,2
1/12/2023,6:00 PM,82,79,29.67,Clear,0,0,0,0,3,15,2
1/12/2023,6:30 PM,82,79,29.67,Clear,0,0,0,0,3,14,2
1/12/2023,7:00 PM,81,84,29.7,Clear,0,0,0,0,3,12,2
1/12/2023,7:30 PM,81,84,29.7,Clear,0,0,0,0,3,11,2
1/12/2023,8:00 PM,79,89,29.73,Clear,0,0,0,0,2,7,2
1/12/2023,8:30 PM,79,89,29.73,Clear,0,0,0,0,2,8,2
1/12/2023,9:00 PM,79,89,29.76,Clear,0,0,0,0,1,7,2
1/12/2023,9:30 PM,79,89,29.76,Clear,0,0,0,0,2,8,2
1/12/2023,10:00 PM,79,89,29.76,Clear,0,0,0,0,2,9,2
1/12/2023,10:30 PM,77,94,29.76,Clear,0,0,0,0,2,9,2
1/12/2023,11:00 PM,77,94,29.76,Clear,0,0,0,0,2,6,2
1/12/2023,11:30 PM,77,94,29.76,Clear,0,0,0,0,2,7,2
01/13/2023,12:00 AM,77,94,29.79,Clear,0,0,0,0,0,3,2
01/13/2023,12:30 AM,77,94,29.76,Clear,0,0,0,0,0,3,2
01/13/2023,1:00 AM,77,94,29.76,Clear,0,0,0,0,0,3,2
01/13/2023,1:30 AM,77,94,29.76,Clear,0,0,0,0,1,3,3
01/13/2023,2:00 AM,77,94,29.73,Clear,0,0,0,0,1,3,2
01/13/2023,2:30 AM,77,94,29.73,Clear,0,0,0,0,0,3,2
01/13/2023,3:00 AM,77,94,29.73,Clear,0,0,0,0,1,3,2
01/13/2023,3:30 AM,77,94,29.73,Clear,0,0,0,0,0,3,2
01/13/2023,4:00 AM,77,94,29.73,Clear,0,0,0,0,0,3,2
01/13/2023,4:30 AM,77,94,29.73,Clear,0,0,0,0,0,3,2
01/13/2023,5:00 AM,77,94,29.73,Clear,0,0,0,0,3,15,2
01/13/2023,5:30 AM,77,94,29.76,Clear,0,0,0,0,3,13,2
01/13/2023,6:00 AM,75,100,29.73,Clear,0,0,0,0,3,15,2
01/13/2023,6:30 AM,75,100,29.76,Clear,0,0,0,0,3,14,2
01/13/2023,7:00 AM,75,100,29.76,Clear,0,0,0,0,3,13,2
01/13/2023,7:30 AM,77,94,29.79,Clear,0,0,0,0,3,15,2
01/13/2023,8:00 AM,77,100,29.79,Clear,0,0,0,0,3,13,2
01/13/2023,8:30 AM,79,94,29.79,Clear,0,0,0,0,3,14,2
01/13/2023,9:00 AM,81,94,29.81,Clear,0,0,0,0,2,7,2
01/13/2023,9:30 AM,82,89,29.81,Clear,0,0,0,0,2,8,2
01/13/2023,10:00 AM,84,84,29.81,Clear,0,0,0,0,2,7,2
01/13/2023,10:30 AM,86,84,29.81,Clear,0,0,0,0,2,7,2
01/13/2023,11:00 AM,86,84,29.79,Clear,0,0,0,0,2,6,2
01/13/2023,11:30 AM,88,75,29.79,Clear,0,0,0,0,2,8,2
01/13/2023,12:00 PM,90,75,29.79,Clear,0,0,0,0,2,7,2
01/13/2023,12:30 PM,90,70,29.76,Clear,0,0,0,0,2,7,2
01/13/2023,1:00 PM,91,66,29.76,Clear,0,0,0,0,2,7,2
01/13/2023,1:30 PM,90,66,29.73,Clear,0,0,0,0,2,7,2
01/13/2023,2:00 PM,88,70,29.73,Clear,0,0,0,0,2,6,2
01/13/2023,2:30 PM,88,66,29.7,Clear,0,0,0,0,2,6,1
01/13/2023,3:00 PM,88,66,29.67,Clear,0,0,0,0,2,6,2
01/13/2023,3:30 PM,86,66,29.67,Clear,0,0,0,0,2,7,2
01/13/2023,4:00 PM,88,66,29.67,Clear,0,0,0,0,3,17,2
01/13/2023,4:30 PM,86,66,29.67,Clear,0,0,0,0,3,13,2
01/13/2023,5:00 PM,84,70,29.7,Clear,0,0,0,0,3,14,2
01/13/2023,5:30 PM,82,74,29.7,Clear,0,0,0,0,3,15,2
01/13/2023,6:00 PM,82,74,29.7,Clear,0,0,0,0,3,13,2
01/13/2023,6:30 PM,81,79,29.73,Clear,0,0,0,0,2,13,2
01/13/2023,7:00 PM,81,79,29.73,Clear,0,0,0,0,3,13,2
01/13/2023,7:30 PM,81,79,29.73,Clear,0,0,0,0,3,16,3
01/13/2023,8:00 PM,81,79,29.76,Clear,0,0,0,0,2,8,2
01/13/2023,8:30 PM,79,89,29.76,Clear,0,0,0,0,2,7,2
01/13/2023,9:00 PM,79,83,29.79,Clear,0,0,0,0,2,8,2
01/13/2023,9:30 PM,77,89,29.79,Clear,0,0,0,0,2,8,2
01/13/2023,10:00 PM,75,94,29.79,Clear,0,0,0,0,1,8,2
01/13/2023,10:30 PM,75,94,29.79,Clear,0,0,0,0,2,6,2
01/13/2023,11:00 PM,75,94,29.79,Clear,0,0,0,0,2,8,2
01/13/2023,11:30 PM,75,94,29.79,Clear,0,0,0,0,1,8,2
01/14/2023,12:00 AM,75,94,29.76,Clear,0,0,0,0,0,3,2
01/14/2023,12:30 AM,75,94,29.76,Clear,0,0,0,0,0,3,2
01/14/2023,1:00 AM,73,100,29.76,Clear,0,0,0,0,0,3,2
01/14/2023,1:30 AM,73,100,29.76,Clear,0,0,0,0,0,3,2
01/14/2023,2:00 AM,73,100,29.73,Clear,0,0,0,0,1,3,2
01/14/2023,2:30 AM,73,100,29.73,Clear,0,0,0,0,0,4,3
01/14/2023,3:00 AM,73,94,29.7,Clear,0,0,0,0,0,3,2
01/14/2023,3:30 AM,73,94,29.7,Clear,0,0,0,0,1,3,2
01/14/2023,4:00 AM,73,94,29.7,Clear,0,0,0,0,0,4,2
01/14/2023,4:30 AM,73,94,29.7,Clear,0,0,0,0,1,3,2
01/14/2023,5:00 AM,73,94,29.73,Clear,0,0,0,0,3,9,2
01/14/2023,5:30 AM,73,94,29.73,Clear,0,0,0,0,3,14,2
01/14/2023,6:00 AM,72,100,29.73,Clear,0,0,0,0,3,13,2
01/14/2023,6:30 AM,72,100,29.73,Clear,0,0,0,0,3,13,2
01/14/2023,7:00 AM,72,100,29.73,Clear,0,0,0,0,3,14,2
01/14/2023,7:30 AM,73,100,29.76,Clear,0,0,0,0,3,13,1
01/14/2023,8:00 AM,77,94,29.76,Clear,0,0,0,0,3,12,2
01/14/2023,8:30 AM,79,94,29.79,Clear,0,0,0,0,3,15,2
01/14/2023,9:00 AM,81,94,29.79,Clear,0,0,0,0,2,7,2
01/14/2023,9:30 AM,84,89,29.79,Clear,0,0,0,0,2,7,2
01/14/2023,10:00 AM,84,84,29.79,Clear,1,0,1,1,2,7,1
01/14/2023,10:30 AM,86,79,29.79,Clear,0,0,0,0,1,7,2
01/14/2023,11:00 AM,88,75,29.79,Clear,0,0,0,0,2,7,2
01/14/2023,11:30 AM,90,70,29.76,Clear,0,0,0,0,2,8,1
01/14/2023,12:00 PM,90,66,29.76,Clear,0,0,0,0,2,8,2
01/14/2023,12:30 PM,91,63,29.73,Clear,0,0,0,0,2,7,2
01/14/2023,1:00 PM,91,63,29.73,Clear,0,0,0,0,2,7,1
01/14/2023,1:30 PM,91,55,29.7,Clear,0,0,0,0,2,7,1
01/14/2023,2:00 PM,91,55,29.67,Clear,0,0,0,0,2,8,2
01/14/2023,2:30 PM,93,52,29.67,Clear,0,0,0,0,2,8,1
01/14/2023,3:00 PM,91,55,29.64,Clear,0,0,0,0,2,8,1
01/14/2023,3:30 PM,93,49,29.64,Clear,0,0,0,0,2,7,2
01/14/2023,4:00 PM,91,52,29.61,Clear,0,0,0,0,2,12,2
01/14/2023,4:30 PM,90,59,29.61,Clear,0,0,0,0,3,13,2
01/14/2023,5:00 PM,88,62,29.64,Clear,0,0,0,0,3,14,2
01/14/2023,5:30 PM,86,66,29.64,Clear,0,0,0,0,3,12,2
01/14/2023,6:00 PM,84,70,29.67,Clear,0,0,0,0,2,13,2
01/14/2023,6:30 PM,84,70,29.67,Clear,0,0,0,0,3,16,2
01/14/2023,7:00 PM,81,79,29.67,Clear,0,0,0,0,3,12,2
01/14/2023,7:30 PM,79,83,29.7,Clear,0,0,0,0,3,12,2
01/14/2023,8:00 PM,77,89,29.7,Clear,0,0,0,0,2,8,1
01/14/2023,8:30 PM,77,94,29.73,Clear,0,0,0,0,2,8,2
01/14/2023,9:00 PM,77,89,29.73,Clear,0,0,0,0,2,10,2
01/14/2023,9:30 PM,77,94,29.76,Clear,0,0,0,0,2,8,2
01/14/2023,10:00 PM,77,94,29.76,Clear,0,0,0,0,2,8,2
01/14/2023,10:30 PM,77,94,29.73,Clear,0,0,0,0,2,8,2
01/14/2023,11:00 PM,75,94,29.73,Clear,0,0,0,0,2,7,2
01/14/2023,11:30 PM,75,94,29.73,Clear,0,0,0,0,2,6,2
01/15/2023,12:00 AM,75,94,29.73,Clear,0,0,0,0,1,3,2
01/15/2023,12:30 AM,75,94,29.73,Clear,0,0,0,0,1,3,2
01/15/2023,1:00 AM,75,100,29.73,Clear,0,0,0,0,1,3,2
01/15/2023,1:30 AM,75,100,29.73,Clear,0,0,0,0,1,3,2
01/15/2023,2:00 AM,75,100,29.7,Clear,0,0,0,0,0,3,2
01/15/2023,2:30 AM,75,100,29.67,Clear,0,0,0,0,0,3,3
01/15/2023,3:00 AM,75,100,29.67,Clear,0,0,0,0,1,3,2
01/15/2023,3:30 AM,75,100,29.67,Clear,0,0,0,0,0,3,2
01/15/2023,4:00 AM,75,100,29.67,Clear,0,0,0,0,0,3,2
01/15/2023,4:30 AM,75,100,29.67,Clear,0,0,0,0,0,3,3
01/15/2023,5:00 AM,75,94,29.67,Clear,0,0,0,0,2,14,2
01/15/2023,5:30 AM,75,94,29.7,Clear,0,0,0,0,3,12,2
01/15/2023,6:00 AM,75,94,29.7,Clear,0,0,0,0,3,13,1
01/15/2023,6:30 AM,73,100,29.7,Clear,0,0,0,0,3,12,1
01/15/2023,7:00 AM,73,100,29.7,Clear,0,0,0,0,3,14,2
01/15/2023,7:30 AM,77,94,29.7,Clear,0,0,0,0,3,14,2
01/15/2023,8:00 AM,77,94,29.73,Clear,0,0,0,0,3,14,2
01/15/2023,8:30 AM,79,94,29.73,Clear,0,0,0,0,3,14,2
01/15/2023,9:00 AM,81,94,29.73,Clear,0,0,0,0,2,7,2
01/15/2023,9:30 AM,82,89,29.76,Clear,0,0,0,0,2,7,2
01/15/2023,10:00 AM,84,84,29.76,Clear,0,0,0,0,2,7,2
01/15/2023,10:30 AM,88,79,29.76,Clear,0,0,0,0,2,7,2
01/15/2023,11:00 AM,90,75,29.73,Clear,0,0,0,0,2,7,1
01/15/2023,11:30 AM,91,71,29.73,Clear,0,0,0,0,2,7,1
01/15/2023,12:00 PM,91,71,29.73,Clear,0,0,0,0,2,7,2
01/15/2023,12:30 PM,93,63,29.7,Clear,0,0,0,0,2,6,2
01/15/2023,1:00 PM,90,66,29.67,Clear,0,0,0,0,2,6,2
01/15/2023,1:30 PM,91,63,29.67,Clear,0,0,0,0,2,7,2
01/15/2023,2:00 PM,95,56,29.64,Clear,0,0,0,0,2,7,2
01/15/2023,2:30 PM,95,53,29.64,Clear,0,0,0,0,2,6,2
01/15/2023,3:00 PM,91,63,29.61,Clear,0,0,0,0,2,7,2
01/15/2023,3:30 PM,90,66,29.61,Clear,0,0,0,0,2,8,2
01/15/2023,4:00 PM,90,66,29.61,Clear,0,0,0,0,3,14,2
01/15/2023,4:30 PM,88,70,29.61,Clear,0,0,0,0,3,13,2
01/15/2023,5:00 PM,86,74,29.64,Clear,0,0,0,0,3,14,2
01/15/2023,5:30 PM,86,74,29.64,Clear,0,0,0,0,3,14,2
01/15/2023,6:00 PM,84,74,29.67,Clear,0,0,0,0,2,15,2
01/15/2023,6:30 PM,84,74,29.67,Clear,0,0,0,0,3,14,2
01/15/2023,7:00 PM,82,84,29.67,Clear,0,0,0,0,4,15,2
01/15/2023,7:30 PM,82,79,29.7,Clear,0,0,0,0,3,12,3
01/15/2023,8:00 PM,81,89,29.7,Clear,0,0,0,0,2,8,2
01/15/2023,9:00 PM,79,89,29.73,Clear,0,0,0,0,2,8,2
01/15/2023,9:30 PM,79,89,29.73,Clear,0,0,0,0,2,8,2
01/15/2023,10:00 PM,77,94,29.76,Clear,0,0,0,0,2,7,2
01/15/2023,10:30 PM,77,94,29.76,Clear,0,0,0,0,2,7,2
01/15/2023,11:00 PM,77,94,29.76,Clear,0,0,0,0,1,7,2
01/15/2023,11:30 PM,79,94,29.73,Clear,0,0,0,0,2,8,2
01/16/2023,12:00 AM,77,94,29.73,Clear,0,0,0,0,1,4,2
01/16/2023,12:30 AM,77,94,29.73,Clear,0,0,0,0,0,4,2
01/16/2023,1:00 AM,77,94,29.73,Clear,0,0,0,0,0,3,2
01/16/2023,1:30 AM,77,94,29.73,Clear,0,0,0,0,0,3,2
01/16/2023,2:00 AM,77,94,29.7,Clear,0,0,0,0,1,3,3
01/16/2023,2:30 AM,77,94,29.7,Clear,0,0,0,0,1,3,2
01/16/2023,3:00 AM,77,94,29.7,Clear,0,0,0,0,0,3,2
01/16/2023,3:30 AM,75,100,29.7,Clear,0,0,0,0,0,4,2
01/16/2023,4:00 AM,75,100,29.7,Clear,0,0,0,0,0,3,3
01/16/2023,4:30 AM,77,94,29.7,Clear,0,0,0,0,0,3,2
01/16/2023,5:00 AM,75,100,29.7,Clear,0,0,0,0,3,12,2
01/16/2023,5:30 AM,75,100,29.7,Clear,0,0,0,0,3,14,2
01/16/2023,6:00 AM,75,100,29.7,Clear,0,0,0,0,3,13,2
01/16/2023,6:30 AM,75,100,29.73,Clear,0,0,0,0,3,14,2
01/16/2023,7:00 AM,75,100,29.73,Rain,0,0,0,0,2,16,2
01/16/2023,7:30 AM,77,100,29.76,Clear,0,0,0,0,3,14,1
01/16/2023,8:00 AM,77,100,29.76,Clear,0,0,0,0,3,13,2
01/16/2023,8:30 AM,79,94,29.79,Clear,0,0,0,0,3,13,2
01/16/2023,9:00 AM,81,89,29.79,Clear,0,0,0,0,2,6,2
01/16/2023,9:30 AM,82,84,29.81,Clear,0,0,0,0,2,8,2
01/16/2023,10:00 AM,82,84,29.81,Clear,0,0,0,0,2,8,2
01/16/2023,10:30 AM,84,79,29.79,Clear,0,0,0,0,2,6,2
01/16/2023,11:00 AM,86,79,29.79,Clear,0,0,0,0,2,7,2
01/16/2023,11:30 AM,88,70,29.79,Clear,0,0,0,0,2,6,1
01/16/2023,12:00 PM,88,70,29.79,Clear,0,0,0,0,2,7,2
01/16/2023,12:30 PM,88,66,29.76,Clear,0,0,0,0,2,7,1
01/16/2023,1:00 PM,88,66,29.76,Clear,0,0,0,0,2,6,2
01/16/2023,1:30 PM,88,66,29.73,Clear,0,0,0,0,2,6,2
01/16/2023,2:00 PM,88,66,29.73,Clear,0,0,0,0,2,7,1
01/16/2023,2:30 PM,86,66,29.7,Clear,0,0,0,0,2,7,2
01/16/2023,3:00 PM,88,62,29.7,Clear,0,0,0,0,2,7,2
01/16/2023,3:30 PM,86,66,29.7,Clear,0,0,0,0,2,6,2
01/16/2023,4:00 PM,88,62,29.7,Clear,0,0,0,0,3,17,3
01/16/2023,4:30 PM,88,62,29.67,Clear,0,0,0,0,3,14,3
01/16/2023,5:00 PM,86,62,29.7,Clear,0,0,0,0,3,12,2
01/16/2023,5:30 PM,86,62,29.7,Clear,0,0,0,0,3,16,2
01/16/2023,6:00 PM,84,66,29.7,Clear,0,0,0,0,2,12,2
01/16/2023,6:30 PM,82,70,29.73,Clear,0,0,0,0,3,15,2
01/16/2023,7:00 PM,81,74,29.73,Clear,0,0,0,0,2,15,2
01/16/2023,7:30 PM,81,74,29.73,Clear,0,0,0,0,3,16,2
01/16/2023,8:00 PM,79,78,29.76,Clear,0,0,0,0,2,8,2
01/16/2023,8:30 PM,75,89,29.76,Clear,0,0,0,0,2,7,2
01/16/2023,9:00 PM,73,88,29.79,Clear,0,0,0,0,2,8,2
01/16/2023,9:30 PM,73,94,29.79,Clear,0,0,0,0,2,9,2
01/16/2023,10:00 PM,73,88,29.79,Clear,0,0,0,0,2,8,2
01/16/2023,10:30 PM,72,94,29.79,Clear,0,0,0,0,2,8,1
01/16/2023,11:00 PM,72,94,29.79,Clear,0,0,0,0,1,9,1
01/16/2023,11:30 PM,72,94,29.79,Clear,0,0,0,0,2,9,2
01/17/2023,12:00 AM,70,100,29.79,Clear,0,0,0,0,0,3,2
01/17/2023,12:30 AM,70,100,29.79,Clear,0,0,0,0,0,3,2
01/17/2023,1:00 AM,70,94,29.76,Clear,0,0,0,0,1,3,2
01/17/2023,1:30 AM,70,94,29.76,Clear,0,0,0,0,0,3,2
01/17/2023,2:00 AM,70,94,29.76,Clear,0,0,0,0,1,3,2
01/17/2023,2:30 AM,70,94,29.73,Clear,0,0,0,0,0,3,3
01/17/2023,3:00 AM,68,100,29.73,Clear,0,0,0,0,0,3,2
01/17/2023,3:30 AM,68,100,29.73,Clear,0,0,0,0,0,3,2
01/17/2023,4:00 AM,68,94,29.73,Clear,0,0,0,0,0,3,2
01/17/2023,4:30 AM,66,100,29.76,Clear,0,0,0,0,0,3,2
01/17/2023,5:00 AM,66,100,29.76,Clear,0,0,0,0,3,13,2
01/17/2023,5:30 AM,66,100,29.76,Clear,0,0,0,0,3,12,2
01/17/2023,6:00 AM,66,100,29.76,Clear,0,0,0,0,3,16,2
01/17/2023,6:30 AM,66,100,29.79,Clear,0,0,0,0,3,14,1
01/17/2023,7:00 AM,66,100,29.79,Clear,0,0,0,0,3,13,1
01/17/2023,7:30 AM,68,94,29.79,Clear,0,0,0,0,3,13,2
01/17/2023,8:00 AM,70,100,29.81,Clear,0,0,0,0,3,15,2
01/17/2023,8:30 AM,73,94,29.81,Clear,0,0,0,0,3,12,2
01/17/2023,9:00 AM,77,94,29.81,Clear,0,0,0,0,2,7,1
01/17/2023,9:30 AM,81,89,29.84,Clear,0,0,0,0,2,6,1
01/17/2023,10:00 AM,84,79,29.81,Clear,0,0,0,0,2,7,2
01/17/2023,10:30 AM,84,79,29.81,Clear,0,0,0,0,2,6,1
01/17/2023,11:00 AM,84,74,29.81,Clear,0,0,0,0,2,6,2
01/17/2023,11:30 AM,84,74,29.81,Clear,0,0,0,0,2,7,2
01/17/2023,12:00 PM,86,70,29.79,Clear,0,0,0,0,2,7,2
01/17/2023,12:30 PM,88,66,29.79,Clear,0,0,0,0,2,7,1
01/17/2023,1:00 PM,88,58,29.76,Clear,0,0,0,0,2,7,2
01/17/2023,1:30 PM,90,55,29.76,Clear,0,0,0,0,2,8,2
01/17/2023,2:00 PM,90,52,29.73,Clear,0,0,0,0,2,6,1
01/17/2023,2:30 PM,90,52,29.73,Clear,0,0,0,0,2,7,2
01/17/2023,3:00 PM,90,52,29.7,Clear,0,0,0,0,2,7,1
01/17/2023,3:30 PM,88,58,29.7,Clear,0,0,0,0,2,7,1
01/17/2023,4:00 PM,88,58,29.7,Clear,0,0,0,0,3,16,3
01/17/2023,4:30 PM,86,62,29.7,Clear,0,0,0,0,3,15,2
01/17/2023,5:00 PM,86,62,29.73,Clear,0,0,0,0,3,14,2
01/17/2023,5:30 PM,84,66,29.73,Clear,0,0,0,0,3,15,2
01/17/2023,6:00 PM,82,74,29.73,Clear,0,0,0,0,3,13,2
01/17/2023,6:30 PM,82,70,29.76,Clear,0,0,0,0,3,14,2
01/17/2023,7:00 PM,81,74,29.76,Clear,0,0,0,0,3,13,3
01/17/2023,7:30 PM,81,74,29.76,Clear,0,0,0,0,3,15,2
01/17/2023,8:00 PM,79,78,29.79,Clear,0,0,0,0,2,7,2
01/17/2023,8:30 PM,79,78,29.79,Clear,0,0,0,0,2,7,2
01/17/2023,9:00 PM,77,78,29.81,Clear,0,0,0,0,2,8,2
01/17/2023,9:30 PM,73,88,29.81,Clear,0,0,0,0,2,8,2
01/17/2023,10:00 PM,73,88,29.81,Clear,0,0,0,0,2,7,2
01/17/2023,10:30 PM,73,88,29.81,Clear,0,0,0,0,2,8,2
01/17/2023,11:00 PM,72,94,29.81,Clear,0,0,0,0,2,9,2
01/17/2023,11:30 PM,72,94,29.81,Clear,0,0,0,0,2,8,2
01/18/2023,12:00 AM,72,94,29.81,Clear,0,0,0,0,0,3,2
01/18/2023,12:30 AM,72,94,29.81,Clear,0,0,0,0,1,3,2
01/18/2023,1:00 AM,72,94,29.81,Clear,0,0,0,0,0,3,2
01/18/2023,1:30 AM,72,94,29.79,Clear,0,0,0,0,0,3,2
01/18/2023,2:00 AM,72,94,29.79,Clear,0,0,0,0,0,3,2
01/18/2023,2:30 AM,72,94,29.79,Clear,0,0,0,0,0,3,3
01/18/2023,3:00 AM,72,94,29.76,Clear,0,0,0,0,1,4,2
01/18/2023,3:30 AM,72,94,29.76,Clear,0,0,0,0,0,3,2
01/18/2023,4:00 AM,72,94,29.76,Clear,0,0,0,0,0,3,2
01/18/2023,4:30 AM,70,100,29.76,Clear,0,0,0,0,1,3,2
01/18/2023,5:00 AM,70,100,29.76,Clear,0,0,0,0,3,15,1
01/18/2023,5:30 AM,72,94,29.76,Clear,0,0,0,0,3,12,1
01/18/2023,6:00 AM,72,94,29.79,Clear,0,0,0,0,3,12,2
01/18/2023,6:30 AM,72,94,29.79,Clear,0,0,0,0,3,12,2
01/18/2023,7:00 AM,72,100,29.79,Clear,0,0,0,0,3,14,2
01/18/2023,7:30 AM,73,100,29.79,Clear,0,0,0,0,3,14,2
01/18/2023,8:00 AM,77,94,29.81,Clear,0,0,0,0,3,14,2
01/18/2023,8:30 AM,79,89,29.81,Clear,0,0,0,0,2,15,2
01/18/2023,9:00 AM,82,84,29.84,Clear,0,0,0,0,2,7,2
01/18/2023,9:30 AM,84,79,29.84,Clear,0,0,0,0,2,6,2
01/18/2023,10:00 AM,84,79,29.84,Clear,0,0,0,0,2,8,2
01/18/2023,10:30 AM,86,74,29.84,Clear,0,0,0,0,2,6,1
01/18/2023,11:00 AM,84,74,29.84,Rain,0,0,0,0,1,7,2
01/18/2023,11:30 AM,84,74,29.84,Rain,0,0,0,0,2,8,1
01/18/2023,12:00 PM,84,70,29.81,Rain,0,0,0,0,1,7,2
01/18/2023,12:30 PM,84,70,29.81,Rain,0,0,0,0,1,8,2
01/18/2023,1:00 PM,77,89,29.81,Rain,0,0,0,0,1,6,1
01/18/2023,1:30 PM,81,89,29.79,Clear,0,0,0,0,2,6,2
01/18/2023,2:00 PM,82,79,29.76,Rain,0,0,0,0,2,7,2
01/18/2023,2:30 PM,86,74,29.73,Clear,0,0,0,0,2,7,1
01/18/2023,3:00 PM,84,74,29.73,Clear,0,0,0,0,2,7,2
01/18/2023,3:30 PM,84,70,29.73,Clear,0,0,0,0,2,7,2
01/18/2023,4:00 PM,84,70,29.73,Clear,0,0,0,0,3,13,2
01/18/2023,4:30 PM,84,70,29.73,Clear,0,0,0,0,3,13,2
01/18/2023,5:00 PM,82,74,29.73,Clear,0,0,0,0,3,14,2
01/18/2023,5:30 PM,84,70,29.73,Clear,0,0,0,0,3,12,2
01/18/2023,6:00 PM,82,74,29.76,Clear,0,0,0,0,3,12,2
01/18/2023,6:30 PM,81,79,29.76,Clear,0,0,0,0,3,15,2
01/18/2023,7:00 PM,81,79,29.76,Clear,0,0,0,0,3,13,2
01/18/2023,7:30 PM,81,79,29.79,Clear,0,0,0,0,2,17,2
01/18/2023,8:00 PM,81,79,29.79,Clear,0,0,0,0,2,8,2
01/18/2023,8:30 PM,81,79,29.79,Clear,0,0,0,0,2,8,2
01/18/2023,9:00 PM,81,79,29.81,Clear,0,0,0,0,2,8,2
01/18/2023,9:30 PM,81,79,29.81,Rain,0,0,0,0,1,9,2
01/18/2023,10:00 PM,77,89,29.81,Rain,0,0,0,0,1,9,1
01/18/2023,10:30 PM,77,89,29.84,Rain,0,0,0,0,1,7,2
01/18/2023,11:00 PM,75,94,29.81,Clear,0,0,0,0,2,7,2
01/18/2023,11:30 PM,75,94,29.81,Rain,0,0,0,0,1,8,2
01/19/2023,12:00 AM,75,94,29.81,Clear,0,0,0,0,1,3,2
01/19/2023,12:30 AM,75,94,29.81,Clear,0,0,0,0,0,3,2
01/19/2023,1:00 AM,75,94,29.81,Rain,0,0,0,0,0,3,3
01/19/2023,1:30 AM,75,94,29.79,Clear,0,0,0,0,0,3,2
01/19/2023,2:00 AM,75,94,29.79,Rain,0,0,0,0,0,3,2
01/19/2023,2:30 AM,73,94,29.79,Clear,0,0,0,0,0,3,3
01/19/2023,3:00 AM,73,94,29.76,Clear,0,0,0,0,0,3,2
01/19/2023,3:30 AM,73,94,29.76,Clear,0,0,0,0,1,3,2
01/19/2023,4:00 AM,73,94,29.76,Clear,0,0,0,0,0,3,2
01/19/2023,4:30 AM,72,100,29.76,Clear,0,0,0,0,0,3,2
01/19/2023,5:00 AM,72,94,29.76,Clear,0,0,0,0,3,12,1
01/19/2023,5:30 AM,72,100,29.76,Clear,0,0,0,0,3,14,2
01/19/2023,6:00 AM,72,94,29.76,Clear,0,0,0,0,3,13,2
01/19/2023,6:30 AM,70,100,29.76,Clear,0,0,0,0,3,13,2
01/19/2023,7:00 AM,70,100,29.76,Clear,0,0,0,0,2,14,2
01/19/2023,7:30 AM,72,100,29.79,Clear,0,0,0,0,3,13,2
01/19/2023,8:00 AM,75,100,29.79,Clear,0,0,0,0,3,13,2
01/19/2023,8:30 AM,79,94,29.81,Clear,0,0,0,0,3,14,2
01/19/2023,9:00 AM,81,89,29.81,Clear,0,0,0,0,2,7,2
01/19/2023,9:30 AM,82,84,29.81,Clear,0,0,0,0,2,7,2
01/19/2023,10:00 AM,82,84,29.81,Clear,0,0,0,0,2,6,2
01/19/2023,10:30 AM,84,74,29.81,Clear,0,0,0,0,2,7,1
01/19/2023,11:00 AM,84,74,29.81,Clear,0,0,0,0,2,7,1
01/19/2023,11:30 AM,86,70,29.81,Clear,0,0,0,0,2,7,2
01/19/2023,12:00 PM,86,66,29.79,Clear,0,0,0,0,2,5,1
01/19/2023,12:30 PM,86,66,29.79,Clear,0,0,0,0,2,7,2
01/19/2023,1:00 PM,86,66,29.76,Clear,0,0,0,0,2,7,2
01/19/2023,1:30 PM,88,62,29.76,Clear,0,0,0,0,2,7,2
01/19/2023,2:00 PM,88,62,29.73,Clear,0,0,0,0,2,6,2
01/19/2023,2:30 PM,88,62,29.73,Clear,0,0,0,0,2,6,2
01/19/2023,3:00 PM,86,66,29.73,Clear,0,0,0,0,2,7,2
01/19/2023,3:30 PM,86,66,29.73,Clear,0,0,0,0,2,6,2
01/19/2023,4:00 PM,86,66,29.7,Clear,0,0,0,0,3,14,3
01/19/2023,4:30 PM,84,70,29.7,Clear,0,0,0,0,2,12,2
01/19/2023,5:00 PM,84,70,29.73,Clear,0,0,0,0,3,13,2
01/19/2023,5:30 PM,82,74,29.73,Clear,0,0,0,0,3,15,2
01/19/2023,6:00 PM,82,74,29.73,Clear,0,0,0,0,3,14,2
01/19/2023,6:30 PM,81,79,29.76,Clear,0,0,0,0,3,14,2
01/19/2023,7:00 PM,81,79,29.76,Clear,0,0,0,0,3,15,2
01/19/2023,7:30 PM,81,79,29.76,Clear,0,0,0,0,3,14,2
01/19/2023,8:00 PM,81,84,29.76,Clear,0,0,0,0,2,8,2
01/19/2023,8:30 PM,79,83,29.79,Clear,0,0,0,0,2,7,2
01/19/2023,9:00 PM,79,83,29.79,Clear,0,0,0,0,2,7,2
01/19/2023,9:30 PM,79,83,29.79,Clear,0,0,0,0,2,9,2
01/19/2023,10:00 PM,79,83,29.79,Clear,0,0,0,0,2,7,2
01/19/2023,10:30 PM,79,83,29.79,Clear,0,0,0,0,1,9,2
01/19/2023,11:00 PM,79,83,29.79,Clear,0,0,0,0,2,8,2
01/19/2023,11:30 PM,77,89,29.79,Clear,0,0,0,0,2,9,2
01/20/2023,12:00 AM,75,89,29.79,Clear,0,0,0,0,1,3,2
01/20/2023,12:30 AM,75,89,29.79,Clear,0,0,0,0,0,3,2
01/20/2023,1:00 AM,75,94,29.76,Clear,0,0,0,0,0,3,2
01/20/2023,1:30 AM,75,94,29.76,Rain,0,0,0,0,0,3,3
01/20/2023,2:00 AM,75,94,29.76,Rain,0,0,0,0,0,4,2
01/20/2023,2:30 AM,75,94,29.73,Rain,0,0,0,0,0,4,3
01/20/2023,3:00 AM,75,94,29.73,Rain,0,0,0,0,0,4,2
01/20/2023,3:30 AM,75,94,29.73,Rain,0,0,0,0,0,4,2
01/20/2023,4:00 AM,75,94,29.7,Rain,0,0,0,0,0,4,2
01/20/2023,4:30 AM,75,94,29.7,Rain,0,0,0,0,0,3,2
01/20/2023,5:00 AM,75,94,29.7,Rain,0,0,0,0,2,17,2
01/20/2023,5:30 AM,75,94,29.73,Rain,0,0,0,0,2,13,1
01/20/2023,6:00 AM,75,94,29.73,Rain,0,0,0,0,2,13,2
01/20/2023,6:30 AM,75,94,29.73,Rain,0,0,0,0,2,11,2
01/20/2023,7:00 AM,75,94,29.76,Rain,0,0,0,0,2,16,2
01/20/2023,7:30 AM,75,100,29.79,Rain,0,0,0,0,2,14,2
01/20/2023,8:00 AM,75,94,29.79,Rain,0,0,0,0,2,15,2
01/20/2023,8:30 AM,75,94,29.79,Rain,0,0,0,0,2,15,1
01/20/2023,9:00 AM,75,100,29.81,Clear,0,0,0,0,2,7,2
01/20/2023,9:30 AM,77,94,29.81,Clear,0,0,0,0,2,7,2
01/20/2023,10:00 AM,77,94,29.81,Clear,0,0,0,0,2,7,2
01/20/2023,10:30 AM,77,94,29.81,Rain,0,0,0,0,1,8,1
01/20/2023,11:00 AM,77,94,29.81,Rain,0,0,0,0,1,6,1
01/20/2023,11:30 AM,77,94,29.81,Rain,0,0,0,0,2,8,2
01/20/2023,12:00 PM,77,94,29.79,Clear,0,0,0,0,2,7,2
01/20/2023,12:30 PM,77,94,29.79,Clear,0,0,0,0,2,7,2
01/20/2023,1:30 PM,81,89,29.76,Clear,0,0,0,0,2,8,2
01/20/2023,2:00 PM,81,89,29.73,Clear,0,0,0,0,2,7,2
01/20/2023,2:30 PM,82,84,29.7,Rain,0,0,0,0,1,9,2
01/20/2023,3:00 PM,79,89,29.7,Rain,0,0,0,0,1,8,2
01/20/2023,3:30 PM,77,94,29.7,Rain,0,0,0,0,1,8,2
01/20/2023,4:00 PM,77,94,29.7,Clear,0,0,0,0,3,14,2
01/20/2023,4:30 PM,77,94,29.7,Rain,0,0,0,0,2,16,2
01/20/2023,5:00 PM,77,94,29.7,Rain,0,0,0,0,2,16,3
01/20/2023,5:30 PM,77,94,29.7,Clear,0,0,0,0,3,14,2
01/20/2023,6:00 PM,77,94,29.7,Clear,0,0,0,0,3,14,2
01/20/2023,6:30 PM,77,94,29.7,Clear,0,0,0,0,3,16,2
01/20/2023,7:00 PM,77,94,29.73,Clear,0,0,0,0,3,14,2
01/20/2023,7:30 PM,77,94,29.73,Clear,0,0,0,0,2,13,2
01/20/2023,8:00 PM,77,94,29.76,Clear,0,0,0,0,2,9,2
01/20/2023,8:30 PM,77,94,29.76,Clear,0,0,0,0,2,8,2
01/20/2023,9:00 PM,77,94,29.79,Clear,0,0,0,0,2,8,1
01/20/2023,9:30 PM,77,94,29.79,Clear,0,0,0,0,1,8,2
01/20/2023,10:00 PM,77,94,29.79,Rain,0,0,0,0,1,8,1
01/20/2023,10:30 PM,75,100,29.79,Rain,0,0,0,0,1,10,2
01/20/2023,11:00 PM,75,100,29.79,Rain,0,0,0,0,1,10,2
01/20/2023,11:30 PM,75,94,29.79,Clear,0,0,0,0,2,8,2
01/21/2023,12:00 AM,75,94,29.79,Clear,0,0,0,0,0,3,3
01/21/2023,12:30 AM,75,94,29.79,Clear,0,0,0,0,0,3,2
01/21/2023,1:00 AM,75,94,29.76,Clear,0,0,0,0,0,3,2
01/21/2023,1:30 AM,75,100,29.76,Clear,0,0,0,0,1,3,2
01/21/2023,2:00 AM,75,94,29.73,Clear,0,0,0,0,0,3,2
01/21/2023,2:30 AM,75,94,29.73,Clear,0,0,0,0,0,3,2
01/21/2023,3:00 AM,73,100,29.7,Clear,0,0,0,0,0,3,2
01/21/2023,3:30 AM,73,100,29.7,Clear,0,0,0,0,0,3,2
01/21/2023,4:00 AM,75,94,29.7,Clear,0,0,0,0,0,3,2
01/21/2023,4:30 AM,75,94,29.7,Clear,0,0,0,0,0,3,2
01/21/2023,5:00 AM,75,100,29.7,Rain,0,0,0,0,2,14,2
01/21/2023,5:30 AM,75,100,29.7,Rain,0,0,0,0,2,16,1
01/21/2023,6:00 AM,75,100,29.7,Rain,0,0,0,0,2,14,2
01/21/2023,6:30 AM,75,100,29.73,Rain,0,0,0,0,2,16,2
01/21/2023,7:00 AM,75,100,29.73,Clear,0,0,0,0,3,14,2
01/21/2023,7:30 AM,75,100,29.73,Rain,0,0,0,0,2,14,2
01/21/2023,8:00 AM,75,100,29.76,Clear,0,0,0,0,3,13,1
01/21/2023,8:30 AM,77,94,29.76,Clear,0,0,0,0,3,12,2
01/21/2023,9:00 AM,79,94,29.76,Clear,0,0,0,0,2,6,1
01/21/2023,9:30 AM,81,94,29.79,Clear,0,0,0,0,2,6,1
01/21/2023,10:00 AM,81,89,29.76,Clear,0,0,0,0,2,7,2
01/21/2023,10:30 AM,82,89,29.76,Clear,0,0,0,0,2,7,2
01/21/2023,11:00 AM,82,89,29.76,Clear,0,0,0,0,2,6,2
01/21/2023,11:30 AM,82,84,29.76,Clear,0,0,0,0,1,6,2
01/21/2023,12:00 PM,81,89,29.76,Rain,0,0,0,0,2,7,2
01/21/2023,12:30 PM,79,94,29.73,Rain,0,0,0,0,1,8,2
01/21/2023,1:00 PM,81,94,29.73,Clear,0,0,0,0,1,6,2
01/21/2023,1:30 PM,82,89,29.7,Clear,0,0,0,0,2,7,2
01/21/2023,2:00 PM,82,89,29.7,Clear,0,0,0,0,2,7,2
01/21/2023,2:30 PM,82,84,29.67,Clear,0,0,0,0,2,7,2
01/21/2023,3:00 PM,82,84,29.67,Clear,0,0,0,0,1,7,2
01/21/2023,3:30 PM,82,84,29.67,Clear,0,0,0,0,2,7,2
01/21/2023,4:00 PM,82,84,29.67,Rain,0,0,0,0,2,13,2
01/21/2023,4:30 PM,82,84,29.67,Clear,0,0,0,0,3,14,3
01/21/2023,5:00 PM,82,79,29.67,Clear,0,0,0,0,3,14,2
01/21/2023,5:30 PM,82,79,29.67,Clear,0,0,0,0,3,11,2
01/21/2023,6:00 PM,81,84,29.7,Clear,0,0,0,0,3,14,2
01/21/2023,6:30 PM,81,84,29.7,Clear,0,0,0,0,3,14,3
01/21/2023,7:00 PM,81,84,29.7,Clear,0,0,0,0,3,13,2
01/21/2023,7:30 PM,81,84,29.7,Clear,0,0,0,0,3,14,2
01/21/2023,8:00 PM,81,84,29.73,Clear,0,0,0,0,2,7,2
01/21/2023,8:30 PM,81,84,29.73,Clear,0,0,0,0,2,7,2
01/21/2023,9:00 PM,81,84,29.76,Clear,0,0,0,0,2,7,2
01/21/2023,9:30 PM,79,89,29.76,Clear,0,0,0,0,2,9,1
01/21/2023,10:00 PM,79,89,29.76,Clear,0,0,0,0,2,8,2
01/21/2023,10:30 PM,79,89,29.76,Rain,0,0,0,0,1,8,2
01/21/2023,11:00 PM,79,89,29.76,Clear,0,0,0,0,1,7,2
01/21/2023,11:30 PM,77,94,29.76,Clear,0,0,0,0,2,8,2
01/22/2023,12:00 AM,77,94,29.76,Clear,0,0,0,0,0,3,2
01/22/2023,12:30 AM,77,94,29.76,Rain,0,0,0,0,0,3,2
01/22/2023,1:00 AM,77,94,29.73,Clear,0,0,0,0,0,3,2
01/22/2023,1:30 AM,75,94,29.73,Rain,0,0,0,0,0,3,2
01/22/2023,2:00 AM,75,94,29.73,Rain,0,0,0,0,0,3,3
01/22/2023,2:30 AM,75,100,29.7,Rain,0,0,0,0,0,3,2
01/22/2023,3:00 AM,75,94,29.7,Clear,0,0,0,0,0,3,2
01/22/2023,3:30 AM,75,94,29.7,Clear,0,0,0,0,0,3,2
01/22/2023,4:00 AM,75,100,29.7,Rain,0,0,0,0,0,4,2
01/22/2023,4:30 AM,75,94,29.67,Rain,0,0,0,0,0,3,2
01/22/2023,5:00 AM,75,100,29.67,Clear,0,0,0,0,3,13,2
01/22/2023,5:30 AM,75,94,29.67,Rain,0,0,0,0,2,15,2
01/22/2023,6:00 AM,75,100,29.67,Rain,0,0,0,0,2,15,2
01/22/2023,6:30 AM,75,100,29.7,Rain,0,0,0,0,2,18,2
01/22/2023,7:00 AM,75,100,29.7,Clear,0,0,0,0,3,14,2
01/22/2023,7:30 AM,75,100,29.7,Clear,0,0,0,0,3,13,1
01/22/2023,8:00 AM,77,100,29.73,Rain,0,0,0,0,2,17,2
01/22/2023,8:30 AM,77,100,29.73,Clear,0,0,0,0,3,13,2
01/22/2023,9:00 AM,81,94,29.73,Clear,0,0,0,0,2,6,2
01/22/2023,9:30 AM,81,94,29.76,Clear,0,0,0,0,2,5,2
01/22/2023,10:00 AM,82,84,29.76,Clear,0,0,0,0,2,6,1
01/22/2023,10:30 AM,82,89,29.76,Clear,0,0,0,0,2,7,2
01/22/2023,11:00 AM,82,89,29.76,Rain,0,0,0,0,1,8,2
01/22/2023,11:30 AM,84,84,29.73,Clear,0,0,0,0,2,6,2
01/22/2023,12:00 PM,86,79,29.73,Clear,0,0,0,0,2,7,1
01/22/2023,12:30 PM,84,84,29.7,Rain,0,0,0,0,1,6,1
01/22/2023,1:00 PM,86,74,29.7,Clear,0,0,0,0,2,7,2
01/22/2023,1:30 PM,86,74,29.67,Clear,0,0,0,0,2,7,2
01/22/2023,2:00 PM,88,70,29.67,Clear,0,0,0,0,2,7,2
01/22/2023,2:30 PM,84,74,29.67,Rain,0,0,0,0,1,7,2
01/22/2023,3:00 PM,86,70,29.64,Clear,0,0,0,0,2,6,2
01/22/2023,3:30 PM,88,66,29.64,Clear,0,0,0,0,2,7,2
01/22/2023,4:00 PM,86,70,29.64,Clear,0,0,0,0,3,14,2
01/22/2023,4:30 PM,86,70,29.64,Clear,0,0,0,0,3,13,2
01/22/2023,5:00 PM,84,70,29.64,Clear,0,0,0,0,3,13,2
01/22/2023,5:30 PM,84,74,29.67,Clear,0,0,0,0,3,15,2
01/22/2023,6:00 PM,82,79,29.67,Clear,0,0,0,0,2,14,3
01/22/2023,6:30 PM,81,84,29.67,Clear,0,0,0,0,3,12,2
01/22/2023,7:00 PM,79,83,29.7,Clear,0,0,0,0,3,15,2
01/22/2023,7:30 PM,79,83,29.7,Clear,0,0,0,0,3,14,2
01/22/2023,8:00 PM,79,83,29.7,Clear,0,0,0,0,2,6,1
01/22/2023,8:30 PM,79,89,29.73,Clear,0,0,0,0,2,9,2
01/22/2023,9:00 PM,77,89,29.73,Clear,0,0,0,0,2,9,2
01/22/2023,9:30 PM,77,89,29.73,Clear,0,0,0,0,2,8,2
01/22/2023,10:00 PM,77,94,29.73,Clear,0,0,0,0,2,7,2
01/22/2023,10:30 PM,77,94,29.73,Clear,0,0,0,0,2,7,1
01/22/2023,11:00 PM,77,94,29.73,Clear,0,0,0,0,2,7,2
01/22/2023,11:30 PM,77,94,29.73,Clear,0,0,0,0,1,6,2
01/23/2023,12:00 AM,75,100,29.73,Clear,0,0,0,0,0,3,2
01/23/2023,12:30 AM,75,100,29.7,Clear,0,0,0,0,1,3,3
01/23/2023,1:00 AM,75,100,29.7,Clear,0,0,0,0,1,3,2
01/23/2023,1:30 AM,75,100,29.7,Clear,0,0,0,0,0,4,2
01/23/2023,2:00 AM,77,94,29.67,Clear,0,0,0,0,0,3,2
01/23/2023,2:30 AM,77,94,29.67,Clear,0,0,0,0,1,4,2
01/23/2023,3:00 AM,77,94,29.67,Clear,0,0,0,0,0,3,2
01/23/2023,3:30 AM,77,94,29.67,Clear,0,0,0,0,1,4,2
01/23/2023,4:00 AM,75,94,29.67,Clear,0,0,0,0,1,3,3
01/23/2023,4:30 AM,75,94,29.67,Clear,0,0,0,0,1,3,2
01/23/2023,5:00 AM,75,100,29.67,Clear,0,0,0,0,3,14,1
01/23/2023,5:30 AM,75,100,29.67,Clear,0,0,0,0,3,12,2
01/23/2023,6:00 AM,75,100,29.67,Clear,0,0,0,0,3,12,2
01/23/2023,6:30 AM,75,94,29.7,Clear,0,0,0,0,3,14,2
01/23/2023,7:00 AM,75,94,29.7,Clear,0,0,0,0,3,12,2
01/23/2023,7:30 AM,75,100,29.7,Clear,0,0,0,0,3,12,2
01/23/2023,8:00 AM,79,94,29.73,Clear,0,0,0,0,3,15,2
01/23/2023,8:30 AM,79,94,29.73,Clear,0,0,0,0,3,13,2
01/23/2023,9:00 AM,81,89,29.73,Clear,0,0,0,0,2,7,2
01/23/2023,9:30 AM,82,84,29.73,Rain,0,0,0,0,2,8,2
01/23/2023,10:00 AM,82,84,29.73,Rain,0,0,0,0,1,6,2
01/23/2023,10:30 AM,86,79,29.73,Clear,0,0,0,0,2,7,2
01/23/2023,11:00 AM,86,79,29.73,Rain,0,0,0,0,1,7,2
01/23/2023,11:30 AM,86,74,29.7,Rain,0,0,0,0,1,8,1
01/23/2023,12:00 PM,86,70,29.7,Rain,0,0,0,0,1,8,2
01/23/2023,12:30 PM,81,84,29.7,Rain,0,0,0,0,2,7,2
01/23/2023,1:00 PM,82,84,29.67,Rain,0,0,0,0,1,8,2
01/23/2023,1:30 PM,86,79,29.67,Clear,0,0,0,0,2,7,2
01/23/2023,2:00 PM,88,70,29.64,Clear,0,0,0,0,2,7,2
01/23/2023,2:30 PM,88,66,29.64,Clear,0,0,0,0,2,7,2
01/23/2023,3:00 PM,88,66,29.61,Clear,0,0,0,0,2,7,2
01/23/2023,3:30 PM,88,66,29.61,Clear,0,0,0,0,2,8,2
01/23/2023,4:00 PM,86,66,29.64,Clear,0,0,0,0,4,16,2
01/23/2023,4:30 PM,86,66,29.64,Clear,0,0,0,0,3,14,2
01/23/2023,5:00 PM,84,74,29.64,Clear,0,0,0,0,3,13,2
01/23/2023,5:30 PM,84,70,29.64,Clear,0,0,0,0,3,13,2
01/23/2023,6:00 PM,82,74,29.64,Clear,0,0,0,0,3,14,2
01/23/2023,6:30 PM,82,74,29.67,Clear,0,0,0,0,3,15,2
01/23/2023,7:00 PM,81,79,29.67,Clear,0,0,0,0,3,13,2
01/23/2023,7:30 PM,81,84,29.7,Clear,0,0,0,0,3,12,2
01/23/2023,8:00 PM,81,84,29.7,Clear,0,0,0,0,2,6,2
01/23/2023,8:30 PM,79,89,29.7,Clear,0,0,0,0,2,8,1
01/23/2023,9:00 PM,81,84,29.73,Clear,0,0,0,0,2,8,2
01/23/2023,9:30 PM,81,84,29.73,Clear,0,0,0,0,2,8,2
01/23/2023,10:00 PM,77,94,29.73,Clear,0,0,0,0,2,8,2
01/23/2023,10:30 PM,79,89,29.73,Clear,0,0,0,0,2,8,2
01/23/2023,11:00 PM,79,89,29.73,Clear,0,0,0,0,1,7,2
01/23/2023,11:30 PM,79,89,29.73,Clear,0,0,0,0,1,8,2
01/24/2023,12:00 AM,77,94,29.73,Clear,0,0,0,0,0,3,2
01/24/2023,12:30 AM,77,94,29.73,Clear,0,0,0,0,0,3,2
01/24/2023,1:00 AM,77,94,29.7,Clear,0,0,0,0,0,4,3
01/24/2023,1:30 AM,77,94,29.7,Clear,0,0,0,0,1,3,2
01/24/2023,2:00 AM,77,94,29.7,Rain,0,0,0,0,0,3,2
01/24/2023,2:30 AM,77,94,29.7,Rain,0,0,0,0,0,3,2
01/24/2023,3:00 AM,77,94,29.67,Rain,0,0,0,0,0,3,3
01/24/2023,3:30 AM,77,94,29.67,Rain,0,0,0,0,0,4,3
01/24/2023,4:00 AM,77,94,29.67,Clear,0,0,0,0,1,3,2
01/24/2023,4:30 AM,77,94,29.67,Clear,0,0,0,0,0,3,2
01/24/2023,5:00 AM,75,100,29.7,Rain,0,0,0,0,2,15,2
01/24/2023,5:30 AM,75,94,29.7,Clear,0,0,0,0,2,15,2
01/24/2023,6:00 AM,75,94,29.7,Clear,0,0,0,0,3,14,2
01/24/2023,6:30 AM,75,94,29.7,Clear,0,0,0,0,3,13,2
01/24/2023,7:00 AM,75,94,29.7,Clear,0,0,0,0,3,11,2
01/24/2023,7:30 AM,75,100,29.73,Clear,0,0,0,0,3,15,2
01/24/2023,8:00 AM,75,100,29.73,Rain,0,0,0,0,2,17,2
01/24/2023,8:30 AM,77,94,29.73,Rain,0,0,0,0,2,14,2
01/24/2023,9:00 AM,77,100,29.76,Rain,0,0,0,0,1,8,1
01/24/2023,9:30 AM,79,94,29.76,Rain,0,0,0,0,1,6,2
01/24/2023,10:00 AM,81,89,29.76,Clear,0,0,0,0,2,6,1
01/24/2023,10:30 AM,82,89,29.76,Clear,0,0,0,0,2,5,1
01/24/2023,11:00 AM,84,89,29.76,Clear,0,0,0,0,2,7,2
01/24/2023,11:30 AM,86,74,29.73,Clear,0,0,0,0,2,6,2
01/24/2023,12:00 PM,86,74,29.73,Clear,0,0,0,0,2,7,2
01/24/2023,12:30 PM,88,70,29.73,Clear,0,0,0,0,2,5,2
01/24/2023,1:00 PM,88,66,29.7,Clear,0,0,0,0,2,7,1
01/24/2023,1:30 PM,88,66,29.7,Clear,0,0,0,0,2,7,2
01/24/2023,2:00 PM,86,70,29.7,Clear,0,0,0,0,2,8,1
01/24/2023,2:30 PM,88,66,29.67,Clear,0,0,0,0,2,7,2
01/24/2023,3:00 PM,88,66,29.67,Clear,0,0,0,0,2,6,2
01/24/2023,3:30 PM,86,70,29.64,Rain,0,0,0,0,2,9,2
01/24/2023,4:00 PM,82,74,29.67,Rain,0,0,0,0,2,15,2
01/24/2023,4:30 PM,82,79,29.67,Clear,0,0,0,0,3,15,3
01/24/2023,5:00 PM,84,70,29.67,Clear,0,0,0,0,3,12,2
01/24/2023,5:30 PM,82,74,29.67,Clear,0,0,0,0,3,14,2
01/24/2023,6:00 PM,82,74,29.67,Clear,0,0,0,0,3,15,2
01/24/2023,6:30 PM,81,79,29.67,Clear,0,0,0,0,3,15,2
01/24/2023,7:00 PM,81,79,29.7,Clear,0,0,0,0,3,15,2
01/24/2023,7:30 PM,79,83,29.7,Clear,0,0,0,0,3,12,3
01/24/2023,8:00 PM,81,79,29.73,Clear,0,0,0,0,2,8,2
01/24/2023,8:30 PM,81,79,29.73,Clear,0,0,0,0,2,7,2
01/24/2023,9:00 PM,81,79,29.73,Clear,0,0,0,0,2,8,2
01/24/2023,9:30 PM,81,79,29.73,Clear,0,0,0,0,2,6,2
01/24/2023,10:00 PM,81,79,29.73,Clear,0,0,0,0,2,9,2
01/24/2023,10:30 PM,79,83,29.73,Clear,0,0,0,0,2,7,2
01/24/2023,11:00 PM,79,83,29.73,Clear,0,0,0,0,2,8,2
01/24/2023,11:30 PM,79,83,29.73,Clear,0,0,0,0,2,7,2
01/25/2023,12:00 AM,77,83,29.73,Clear,0,0,0,0,0,4,3
01/25/2023,12:30 AM,75,89,29.73,Clear,0,0,0,0,0,4,2
01/25/2023,1:00 AM,75,89,29.7,Clear,0,0,0,0,1,3,2
01/25/2023,1:30 AM,75,89,29.7,Clear,0,0,0,0,0,3,2
01/25/2023,2:00 AM,75,89,29.7,Clear,0,0,0,0,0,3,2
01/25/2023,2:30 AM,75,89,29.67,Clear,0,0,0,0,1,3,2
01/25/2023,3:00 AM,75,89,29.67,Clear,0,0,0,0,0,3,2
01/25/2023,3:30 AM,75,89,29.67,Clear,0,0,0,0,0,3,3
01/25/2023,4:00 AM,75,89,29.67,Clear,0,0,0,0,1,3,3
01/25/2023,4:30 AM,73,94,29.67,Clear,0,0,0,0,0,3,2
01/25/2023,5:00 AM,73,94,29.67,Clear,0,0,0,0,3,13,1
01/25/2023,5:30 AM,73,94,29.67,Clear,0,0,0,0,3,14,2
01/25/2023,6:00 AM,73,94,29.67,Clear,0,0,0,0,3,15,2
01/25/2023,6:30 AM,73,94,29.7,Clear,0,0,0,0,3,14,2
01/25/2023,7:00 AM,73,94,29.7,Clear,0,0,0,0,3,12,2
01/25/2023,7:30 AM,75,94,29.73,Rain,0,0,0,0,2,13,1
01/25/2023,8:00 AM,77,94,29.73,Clear,0,0,0,0,2,14,2
01/25/2023,8:30 AM,81,84,29.73,Clear,0,0,0,0,3,15,2
01/25/2023,9:00 AM,82,84,29.73,Rain,0,0,0,0,1,7,2
01/25/2023,9:30 AM,81,84,29.76,Rain,0,0,0,0,1,7,1
01/25/2023,10:00 AM,82,79,29.73,Rain,0,0,0,0,1,7,1
01/25/2023,10:30 AM,82,79,29.76,Rain,0,0,0,0,1,7,2
01/25/2023,11:00 AM,82,79,29.73,Rain,0,0,0,0,1,7,2
01/25/2023,11:30 AM,82,79,29.73,Clear,0,0,0,0,2,7,2
01/25/2023,12:00 PM,84,70,29.73,Rain,0,0,0,0,1,8,2
01/25/2023,12:30 PM,84,70,29.7,Clear,0,0,0,0,2,6,2
01/25/2023,1:00 PM,79,78,29.7,Rain,0,0,0,0,1,8,2
01/25/2023,1:30 PM,79,83,29.7,Rain,0,0,0,0,1,8,2
01/25/2023,2:00 PM,82,74,29.67,Clear,0,0,0,0,2,7,2
01/25/2023,2:30 PM,82,74,29.67,Clear,0,0,0,0,2,7,2
01/25/2023,3:00 PM,84,70,29.64,Rain,0,0,0,0,1,7,2
01/25/2023,3:30 PM,79,83,29.64,Rain,0,0,0,0,1,7,2
01/25/2023,4:00 PM,81,84,29.64,Rain,0,0,0,0,2,15,2
01/25/2023,4:30 PM,81,79,29.67,Rain,0,0,0,0,2,15,2
01/25/2023,5:00 PM,79,83,29.67,Rain,0,0,0,0,2,15,2
01/25/2023,5:30 PM,79,83,29.7,Rain,0,0,0,0,2,17,2
01/25/2023,6:00 PM,79,83,29.7,Rain,0,0,0,0,2,15,3
01/25/2023,6:30 PM,77,89,29.7,Rain,0,0,0,0,2,17,2
01/25/2023,7:00 PM,77,89,29.73,Clear,0,0,0,0,3,16,2
01/25/2023,7:30 PM,79,83,29.73,Clear,0,0,0,0,3,15,2
01/25/2023,8:00 PM,79,78,29.73,Clear,0,0,0,0,2,8,2
01/25/2023,8:30 PM,79,78,29.76,Clear,0,0,0,0,2,8,2
01/25/2023,9:00 PM,79,78,29.76,Clear,0,0,0,0,2,8,2
01/25/2023,9:30 PM,79,78,29.76,Clear,0,0,0,0,2,8,2
01/25/2023,10:00 PM,79,78,29.76,Clear,0,0,0,0,2,8,2
01/25/2023,10:30 PM,79,78,29.76,Clear,0,0,0,0,2,7,1
01/25/2023,11:00 PM,77,83,29.76,Clear,0,0,0,0,2,8,2
01/25/2023,11:30 PM,77,83,29.79,Clear,0,0,0,0,2,8,2
01/26/2023,12:00 AM,77,83,29.79,Clear,0,0,0,0,0,3,3
01/26/2023,12:30 AM,77,83,29.76,Clear,0,0,0,0,0,3,3
01/26/2023,1:00 AM,77,83,29.76,Clear,0,0,0,0,0,3,2
01/26/2023,1:30 AM,75,89,29.76,Clear,0,0,0,0,1,3,3
01/26/2023,2:00 AM,75,89,29.73,Clear,0,0,0,0,1,4,2
01/26/2023,2:30 AM,75,89,29.73,Clear,0,0,0,0,0,3,2
01/26/2023,3:00 AM,75,89,29.73,Clear,0,0,0,0,0,3,2
01/26/2023,3:30 AM,75,89,29.73,Clear,0,0,0,0,0,3,3
01/26/2023,4:00 AM,75,89,29.7,Clear,0,0,0,0,0,3,2
01/26/2023,4:30 AM,75,89,29.7,Clear,0,0,0,0,0,3,2
01/26/2023,5:00 AM,75,89,29.7,Clear,0,0,0,0,3,15,1
01/26/2023,5:30 AM,73,94,29.73,Clear,0,0,0,0,3,15,2
01/26/2023,6:00 AM,75,89,29.73,Clear,0,0,0,0,3,14,2
01/26/2023,6:30 AM,75,89,29.73,Clear,0,0,0,0,3,14,2
01/26/2023,7:00 AM,73,94,29.73,Clear,0,0,0,0,3,14,2
01/26/2023,7:30 AM,75,94,29.76,Clear,0,0,0,0,3,15,2
01/26/2023,8:00 AM,77,89,29.76,Clear,0,0,0,0,3,12,2
01/26/2023,8:30 AM,79,83,29.76,Clear,0,0,0,0,3,14,1
01/26/2023,9:00 AM,81,84,29.76,Clear,0,0,0,0,2,8,2
01/26/2023,9:30 AM,82,79,29.76,Clear,0,0,0,0,2,6,1
01/26/2023,10:00 AM,84,74,29.76,Clear,0,0,0,0,2,7,1
01/26/2023,10:30 AM,84,70,29.76,Clear,0,0,0,0,2,5,2
01/26/2023,11:00 AM,84,70,29.76,Clear,0,0,0,0,2,7,2
01/26/2023,11:30 AM,86,66,29.76,Clear,0,0,0,0,2,8,1
01/26/2023,12:00 PM,86,62,29.73,Clear,0,0,0,0,2,7,2
01/26/2023,12:30 PM,86,62,29.73,Clear,0,0,0,0,2,7,2
01/26/2023,1:00 PM,88,58,29.73,Clear,0,0,0,0,2,6,1
01/26/2023,1:30 PM,88,58,29.7,Clear,0,0,0,0,2,6,2
01/26/2023,2:00 PM,88,62,29.7,Clear,0,0,0,0,2,6,2
01/26/2023,2:30 PM,88,58,29.67,Clear,0,0,0,0,2,7,2
01/26/2023,3:00 PM,86,62,29.67,Clear,0,0,0,0,2,7,2
01/26/2023,3:30 PM,86,62,29.67,Clear,0,0,0,0,2,7,1
01/26/2023,4:00 PM,84,66,29.67,Clear,0,0,0,0,2,13,2
01/26/2023,4:30 PM,84,66,29.67,Clear,0,0,0,0,3,15,2
01/26/2023,5:00 PM,82,70,29.7,Clear,0,0,0,0,3,14,2
01/26/2023,5:30 PM,82,74,29.7,Clear,0,0,0,0,3,14,2
01/26/2023,6:00 PM,81,79,29.7,Clear,0,0,0,0,3,13,2
01/26/2023,6:30 PM,81,79,29.7,Clear,0,0,0,0,3,15,2
01/26/2023,7:00 PM,81,79,29.7,Clear,0,0,0,0,3,11,2
01/26/2023,7:30 PM,79,83,29.7,Clear,0,0,0,0,3,17,3
01/26/2023,8:00 PM,79,83,29.73,Clear,0,0,0,0,2,7,2
01/26/2023,8:30 PM,77,89,29.73,Clear,0,0,0,0,2,8,2
01/26/2023,9:00 PM,77,89,29.73,Clear,0,0,0,0,2,9,2
01/26/2023,9:30 PM,77,89,29.73,Clear,0,0,0,0,1,7,2
01/26/2023,10:00 PM,75,94,29.73,Clear,0,0,0,0,2,7,2
01/26/2023,10:30 PM,75,94,29.73,Clear,0,0,0,0,2,9,2
01/26/2023,11:00 PM,75,94,29.73,Clear,0,0,0,0,2,7,2
01/26/2023,11:30 PM,75,94,29.73,Clear,0,0,0,0,2,8,1
01/27/2023,12:00 AM,75,94,29.73,Clear,0,0,0,0,0,3,2
01/27/2023,12:30 AM,75,100,29.73,Clear,0,0,0,0,1,3,2
01/27/2023,1:00 AM,75,100,29.73,Clear,0,0,0,0,1,3,2
01/27/2023,1:30 AM,75,100,29.73,Clear,0,0,0,0,0,3,2
01/27/2023,2:00 AM,75,100,29.73,Clear,0,0,0,0,1,3,2
01/27/2023,2:30 AM,75,100,29.7,Clear,0,0,0,0,0,3,2
01/27/2023,3:00 AM,75,100,29.7,Clear,0,0,0,0,0,3,3
01/27/2023,3:30 AM,75,100,29.7,Clear,0,0,0,0,0,3,2
01/27/2023,4:00 AM,75,100,29.7,Clear,0,0,0,0,1,3,2
01/27/2023,4:30 AM,75,100,29.7,Clear,0,0,0,0,1,3,2
01/27/2023,5:00 AM,75,100,29.7,Clear,0,0,0,0,3,13,2
01/27/2023,5:30 AM,75,100,29.73,Clear,0,0,0,0,3,16,2
01/27/2023,6:00 AM,75,100,29.73,Clear,0,0,0,0,3,14,2
01/27/2023,6:30 AM,75,100,29.73,Clear,0,0,0,0,3,14,2
01/27/2023,7:00 AM,75,100,29.73,Clear,0,0,0,0,3,13,1
01/27/2023,7:30 AM,75,100,29.76,Clear,0,0,0,0,3,14,1
01/27/2023,8:00 AM,77,94,29.76,Clear,0,0,0,0,4,15,2
01/27/2023,8:30 AM,79,94,29.76,Clear,0,0,0,0,3,14,2
01/27/2023,9:00 AM,81,89,29.79,Clear,0,0,0,0,2,8,2
01/27/2023,9:30 AM,81,89,29.79,Clear,0,0,0,0,2,7,2
01/27/2023,10:00 AM,81,89,29.79,Clear,0,0,0,0,2,8,2
01/27/2023,10:30 AM,82,84,29.76,Clear,0,0,0,0,2,6,2
01/27/2023,11:00 AM,82,79,29.76,Clear,0,0,0,0,2,6,2
01/27/2023,11:30 AM,82,79,29.76,Rain,0,0,0,0,1,7,2
01/27/2023,12:00 PM,84,74,29.73,Rain,0,0,0,0,1,7,1
01/27/2023,12:30 PM,84,74,29.73,Clear,0,0,0,0,2,7,2
01/27/2023,1:00 PM,82,74,29.7,Clear,0,0,0,0,2,7,1
01/27/2023,1:30 PM,82,74,29.7,Clear,0,0,0,0,2,6,1
01/27/2023,2:00 PM,84,70,29.67,Clear,0,0,0,0,2,6,2
01/27/2023,2:30 PM,84,74,29.67,Rain,0,0,0,0,1,6,1
01/27/2023,3:00 PM,84,70,29.64,Clear,0,0,0,0,2,7,2
01/27/2023,3:30 PM,84,70,29.64,Clear,0,0,0,0,2,7,2
01/27/2023,4:00 PM,86,66,29.64,Clear,0,0,0,0,3,9,2
01/27/2023,4:30 PM,86,66,29.64,Clear,0,0,0,0,3,15,2
01/27/2023,5:00 PM,84,70,29.64,Clear,0,0,0,0,2,13,3
01/27/2023,5:30 PM,82,74,29.64,Clear,0,0,0,0,3,14,2
01/27/2023,6:00 PM,82,70,29.67,Clear,0,0,0,0,3,14,2
01/27/2023,6:30 PM,81,74,29.67,Clear,0,0,0,0,4,14,2
01/27/2023,7:00 PM,81,74,29.7,Clear,0,0,0,0,3,15,2
01/27/2023,7:30 PM,79,78,29.7,Clear,0,0,0,0,2,15,2
01/27/2023,8:00 PM,77,83,29.73,Clear,0,0,0,0,2,6,2
01/27/2023,8:30 PM,79,83,29.73,Clear,0,0,0,0,2,10,2
01/27/2023,9:00 PM,77,89,29.73,Clear,0,0,0,0,2,8,2
01/27/2023,9:30 PM,77,89,29.76,Clear,0,0,0,0,2,8,2
01/27/2023,10:00 PM,79,83,29.76,Clear,0,0,0,0,2,8,1
01/27/2023,10:30 PM,77,89,29.76,Clear,0,0,0,0,2,7,2
01/27/2023,11:00 PM,77,89,29.73,Clear,0,0,0,0,2,8,2
01/27/2023,11:30 PM,77,89,29.73,Clear,0,0,0,0,2,8,2
01/28/2023,12:00 AM,77,89,29.73,Clear,0,0,0,0,0,3,2
01/28/2023,12:30 AM,75,94,29.73,Clear,0,0,0,0,0,3,2
01/28/2023,1:00 AM,75,94,29.7,Clear,0,0,0,0,0,3,3
01/28/2023,1:30 AM,75,94,29.7,Rain,0,0,0,0,0,3,3
01/28/2023,2:00 AM,75,94,29.7,Rain,0,0,0,0,0,4,2
01/28/2023,2:30 AM,75,94,29.7,Rain,0,0,0,0,0,4,2
01/28/2023,3:00 AM,75,94,29.67,Clear,0,0,0,0,1,3,2
01/28/2023,3:30 AM,75,94,29.67,Clear,0,0,0,0,0,3,2
01/28/2023,4:00 AM,75,94,29.67,Clear,0,0,0,0,0,3,2
01/28/2023,4:30 AM,75,94,29.67,Clear,0,0,0,0,0,3,2
01/28/2023,5:00 AM,75,94,29.67,Clear,0,0,0,0,3,14,2
01/28/2023,5:30 AM,75,94,29.67,Clear,0,0,0,0,3,10,2
01/28/2023,6:00 AM,73,100,29.7,Clear,0,0,0,0,3,11,2
01/28/2023,6:30 AM,75,94,29.7,Clear,0,0,0,0,3,13,2
01/28/2023,7:00 AM,75,94,29.73,Clear,0,0,0,0,3,13,2
01/28/2023,7:30 AM,75,94,29.73,Clear,0,0,0,0,3,15,2
01/28/2023,8:00 AM,75,100,29.73,Clear,0,0,0,0,3,12,2
01/28/2023,8:30 AM,77,94,29.76,Clear,0,0,0,0,3,13,2
01/28/2023,9:00 AM,79,89,29.76,Clear,0,0,0,0,2,7,2
01/28/2023,9:30 AM,79,94,29.76,Clear,0,0,0,0,2,6,2
01/28/2023,10:00 AM,82,84,29.76,Clear,0,0,0,0,2,6,2
01/28/2023,10:30 AM,84,79,29.73,Clear,0,0,0,0,2,7,2
01/28/2023,11:00 AM,82,84,29.73,Clear,0,0,0,0,2,7,1
01/28/2023,11:30 AM,81,89,29.7,Rain,0,0,0,0,1,8,2
01/28/2023,12:00 PM,84,79,29.7,Clear,0,0,0,0,2,6,2
01/28/2023,12:30 PM,84,79,29.67,Clear,0,0,0,0,2,7,2
01/28/2023,1:00 PM,86,70,29.67,Clear,0,0,0,0,2,7,1
01/28/2023,1:30 PM,84,70,29.67,Clear,0,0,0,0,2,8,1
01/28/2023,2:00 PM,82,74,29.64,Clear,0,0,0,0,2,7,2
01/28/2023,2:30 PM,82,74,29.64,Clear,0,0,0,0,3,8,1
01/28/2023,3:00 PM,82,74,29.64,Clear,0,0,0,0,2,7,2
01/28/2023,3:30 PM,79,83,29.64,Rain,0,0,0,0,1,7,1
01/28/2023,4:00 PM,77,89,29.64,Rain,0,0,0,0,2,13,2
01/28/2023,4:30 PM,79,83,29.64,Rain,0,0,0,0,2,14,3
01/28/2023,5:00 PM,79,83,29.67,Rain,0,0,0,0,2,14,2
01/28/2023,5:30 PM,77,89,29.67,Rain,0,0,0,0,2,15,2
01/28/2023,6:00 PM,75,94,29.7,Rain,0,0,0,0,2,16,2
01/28/2023,6:30 PM,75,94,29.7,Rain,0,0,0,0,2,16,2
01/28/2023,7:00 PM,75,94,29.73,Rain,0,0,0,0,2,13,3
01/28/2023,7:30 PM,75,94,29.73,Rain,0,0,0,0,2,16,2
01/28/2023,8:00 PM,75,94,29.73,Rain,0,0,0,0,1,9,2
01/28/2023,8:30 PM,75,94,29.76,Rain,0,0,0,0,1,9,2
01/28/2023,9:00 PM,75,94,29.76,Rain,0,0,0,0,1,8,2
01/28/2023,9:30 PM,75,94,29.76,Rain,0,0,0,0,1,7,2
01/28/2023,10:00 PM,73,100,29.76,Rain,0,0,0,0,1,9,2
01/28/2023,10:30 PM,73,100,29.76,Rain,0,0,0,0,1,8,2
01/28/2023,11:00 PM,73,94,29.76,Rain,0,0,0,0,1,8,2
01/28/2023,11:30 PM,73,94,29.76,Rain,0,0,0,0,1,10,2
01/29/2023,12:00 AM,73,94,29.73,Rain,0,0,0,0,0,3,2
01/29/2023,12:30 AM,73,94,29.73,Clear,0,0,0,0,0,3,2
01/29/2023,1:00 AM,73,94,29.73,Rain,0,0,0,0,0,3,2
01/29/2023,1:30 AM,73,94,29.73,Rain,0,0,0,0,0,4,2
01/29/2023,2:00 AM,73,94,29.7,Rain,0,0,0,0,0,3,2
01/29/2023,2:30 AM,73,94,29.7,Clear,0,0,0,0,0,3,3
01/29/2023,3:00 AM,73,94,29.67,Clear,0,0,0,0,0,3,2
01/29/2023,3:30 AM,73,100,29.67,Rain,0,0,0,0,0,4,2
01/29/2023,4:00 AM,73,100,29.67,Clear,0,0,0,0,0,3,3
01/29/2023,4:30 AM,73,100,29.67,Clear,0,0,0,0,0,3,2
01/29/2023,5:00 AM,73,100,29.67,Clear,0,0,0,0,3,14,2
01/29/2023,5:30 AM,73,100,29.67,Clear,0,0,0,0,3,13,2
01/29/2023,6:00 AM,73,100,29.7,Clear,0,0,0,0,3,14,2
01/29/2023,6:30 AM,73,100,29.7,Clear,0,0,0,0,3,11,1
01/29/2023,7:00 AM,73,100,29.7,Clear,0,0,0,0,3,14,1
01/29/2023,7:30 AM,73,100,29.73,Clear,0,0,0,0,3,12,2
01/29/2023,8:00 AM,75,100,29.73,Clear,0,0,0,0,2,15,2
01/29/2023,8:30 AM,77,94,29.76,Clear,0,0,0,0,3,13,2
01/29/2023,9:00 AM,79,94,29.76,Clear,0,0,0,0,2,6,1
01/29/2023,9:30 AM,81,89,29.76,Clear,0,0,0,0,2,6,2
01/29/2023,10:00 AM,81,89,29.76,Clear,0,0,0,0,2,7,2
01/29/2023,10:30 AM,82,84,29.76,Clear,0,0,0,0,2,6,1
01/29/2023,11:00 AM,82,79,29.76,Clear,0,0,0,0,2,5,2
01/29/2023,11:30 AM,81,84,29.76,Rain,0,0,0,0,1,7,2
01/29/2023,12:00 PM,81,84,29.73,Clear,0,0,0,0,2,7,2
01/29/2023,12:30 PM,77,89,29.73,Rain,0,0,0,0,2,7,2
01/29/2023,1:00 PM,79,89,29.7,Clear,0,0,0,0,2,7,1
01/29/2023,1:30 PM,81,84,29.7,Clear,0,0,0,0,2,7,2
01/29/2023,2:00 PM,81,84,29.7,Clear,0,0,0,0,2,7,2
01/29/2023,2:30 PM,81,84,29.67,Clear,0,0,0,0,2,7,2
01/29/2023,3:00 PM,77,89,29.7,Rain,0,0,0,0,1,7,1
01/29/2023,3:30 PM,77,89,29.67,Rain,0,0,0,0,1,9,1
01/29/2023,4:00 PM,77,89,29.7,Rain,0,0,0,0,2,13,2
01/29/2023,4:30 PM,77,89,29.7,Rain,0,0,0,0,2,13,2
01/29/2023,5:00 PM,77,89,29.7,Clear,0,0,0,0,3,12,2
01/29/2023,5:30 PM,75,94,29.7,Clear,0,0,0,0,3,13,3
01/29/2023,6:00 PM,75,94,29.7,Clear,0,0,0,0,3,14,2
01/29/2023,6:30 PM,75,94,29.73,Clear,0,0,0,0,3,12,2
01/29/2023,7:00 PM,75,94,29.73,Clear,0,0,0,0,3,14,2
01/29/2023,7:30 PM,75,94,29.73,Clear,0,0,0,0,3,15,2
01/29/2023,8:00 PM,75,94,29.73,Clear,0,0,0,0,1,8,2
01/29/2023,8:30 PM,75,94,29.76,Clear,0,0,0,0,2,8,2
01/29/2023,9:00 PM,75,94,29.76,Clear,0,0,0,0,2,9,2
01/29/2023,9:30 PM,75,94,29.79,Clear,0,0,0,0,2,9,2
01/29/2023,10:00 PM,75,94,29.79,Clear,0,0,0,0,2,7,2
01/29/2023,10:30 PM,75,94,29.79,Clear,0,0,0,0,2,8,1
01/29/2023,11:00 PM,75,94,29.79,Clear,0,0,0,0,2,6,2
01/29/2023,11:30 PM,75,89,29.76,Clear,0,0,0,0,2,7,2
01/30/2023,12:00 AM,75,89,29.79,Clear,0,0,0,0,1,3,2
01/30/2023,12:30 AM,75,94,29.79,Clear,0,0,0,0,0,3,2
01/30/2023,1:00 AM,75,94,29.76,Clear,0,0,0,0,0,3,2
01/30/2023,1:30 AM,75,94,29.76,Clear,0,0,0,0,0,3,2
01/30/2023,2:00 AM,75,94,29.76,Clear,0,0,0,0,0,3,2
01/30/2023,2:30 AM,75,94,29.73,Clear,0,0,0,0,1,3,2
01/30/2023,3:00 AM,75,94,29.73,Clear,0,0,0,0,0,3,3
01/30/2023,3:30 AM,75,94,29.73,Clear,0,0,0,0,0,3,3
01/30/2023,4:00 AM,75,94,29.73,Clear,0,0,0,0,0,3,2
01/30/2023,4:30 AM,75,94,29.73,Clear,0,0,0,0,0,3,2
01/30/2023,5:00 AM,73,100,29.73,Clear,0,0,0,0,3,13,2
01/30/2023,5:30 AM,75,94,29.73,Rain,0,0,0,0,2,15,2
01/30/2023,6:00 AM,73,100,29.76,Clear,0,0,0,0,3,14,2
01/30/2023,6:30 AM,73,100,29.76,Clear,0,0,0,0,3,15,2
01/30/2023,7:00 AM,73,100,29.76,Clear,0,0,0,0,3,13,2
01/30/2023,7:30 AM,73,100,29.76,Clear,0,0,0,0,3,13,1
01/30/2023,8:00 AM,75,94,29.79,Clear,0,0,0,0,2,14,2
01/30/2023,8:30 AM,77,94,29.79,Clear,0,0,0,0,3,13,2
01/30/2023,9:00 AM,79,89,29.79,Clear,0,0,0,0,2,7,2
01/30/2023,9:30 AM,81,89,29.79,Clear,0,0,0,0,2,6,2
01/30/2023,10:00 AM,81,89,29.81,Clear,0,0,0,0,2,6,2
01/30/2023,10:30 AM,81,84,29.81,Clear,0,0,0,0,2,8,1
01/30/2023,11:00 AM,79,89,29.79,Rain,0,0,0,0,1,7,1
01/30/2023,11:30 AM,77,89,29.81,Rain,0,0,0,0,1,7,2
01/30/2023,12:00 PM,75,94,29.79,Rain,0,0,0,0,1,8,2
01/30/2023,12:30 PM,77,89,29.79,Rain,0,0,0,0,1,7,2
01/30/2023,1:00 PM,77,94,29.76,Clear,0,0,0,0,2,7,2
01/30/2023,1:30 PM,77,94,29.76,Clear,0,0,0,0,2,7,2
01/30/2023,2:00 PM,77,94,29.73,Clear,0,0,0,0,2,8,1
01/30/2023,2:30 PM,81,84,29.73,Clear,0,0,0,0,1,6,2
01/30/2023,3:00 PM,81,79,29.7,Clear,0,0,0,0,2,6,1
01/30/2023,3:30 PM,79,83,29.7,Clear,0,0,0,0,2,7,2
01/30/2023,4:00 PM,81,79,29.7,Clear,0,0,0,0,3,14,2
01/30/2023,4:30 PM,79,83,29.7,Clear,0,0,0,0,2,12,2
01/30/2023,5:00 PM,79,83,29.7,Clear,0,0,0,0,3,13,3
01/30/2023,5:30 PM,79,78,29.73,Clear,0,0,0,0,2,16,2
01/30/2023,6:00 PM,79,78,29.73,Clear,0,0,0,0,3,15,2
01/30/2023,6:30 PM,79,78,29.73,Clear,0,0,0,0,3,16,2
01/30/2023,7:00 PM,79,74,29.76,Clear,0,0,0,0,3,13,2
01/30/2023,7:30 PM,75,89,29.76,Clear,0,0,0,0,3,14,2
01/30/2023,8:00 PM,73,94,29.76,Clear,0,0,0,0,2,7,2
01/30/2023,8:30 PM,73,94,29.79,Rain,0,0,0,0,1,7,2
01/30/2023,9:00 PM,73,94,29.79,Rain,0,0,0,0,1,9,1
01/30/2023,9:30 PM,73,94,29.79,Rain,0,0,0,0,1,8,2
01/30/2023,10:00 PM,73,94,29.79,Rain,0,0,0,0,1,8,2
01/30/2023,10:30 PM,73,94,29.79,Clear,0,0,0,0,2,7,2
01/30/2023,11:00 PM,73,94,29.79,Clear,0,0,0,0,2,8,2
01/30/2023,11:30 PM,73,94,29.79,Clear,0,0,0,0,2,7,2
01/31/2023,12:00 AM,73,94,29.79,Clear,0,0,0,0,0,4,3
01/31/2023,12:30 AM,72,100,29.79,Clear,0,0,0,0,1,3,2
01/31/2023,1:00 AM,72,100,29.76,Clear,0,0,0,0,0,3,2
01/31/2023,1:30 AM,72,100,29.76,Clear,0,0,0,0,1,3,2
01/31/2023,2:00 AM,72,100,29.73,Clear,0,0,0,0,0,2,2
01/31/2023,2:30 AM,72,100,29.73,Clear,0,0,0,0,1,3,2
01/31/2023,3:00 AM,72,100,29.73,Clear,0,0,0,0,0,3,2
01/31/2023,3:30 AM,73,94,29.73,Clear,0,0,0,0,0,3,3
01/31/2023,4:00 AM,73,94,29.73,Clear,0,0,0,0,0,3,2
01/31/2023,4:30 AM,73,94,29.73,Clear,0,0,0,0,0,3,2
01/31/2023,5:00 AM,73,100,29.73,Clear,0,0,0,0,3,10,2
01/31/2023,5:30 AM,73,100,29.73,Clear,0,0,0,0,3,12,2
01/31/2023,6:00 AM,73,94,29.73,Clear,0,0,0,0,3,15,2
01/31/2023,6:30 AM,73,94,29.73,Clear,0,0,0,0,3,14,2
01/31/2023,7:00 AM,73,100,29.76,Clear,0,0,0,0,3,13,2
01/31/2023,7:30 AM,73,100,29.76,Clear,0,0,0,0,2,15,2
01/31/2023,8:00 AM,75,94,29.79,Clear,0,0,0,0,3,12,2
01/31/2023,8:30 AM,77,94,29.79,Clear,0,0,0,0,3,15,2
01/31/2023,9:00 AM,79,83,29.79,Clear,0,0,0,0,2,8,1
01/31/2023,9:30 AM,81,84,29.79,Clear,0,0,0,0,2,8,2
01/31/2023,10:00 AM,81,84,29.79,Clear,0,0,0,0,2,6,2
01/31/2023,10:30 AM,82,79,29.79,Clear,0,0,0,0,2,8,2
01/31/2023,11:00 AM,82,79,29.79,Clear,0,0,0,0,2,8,2
01/31/2023,11:30 AM,82,74,29.79,Clear,0,0,0,0,2,7,2
01/31/2023,12:00 PM,84,70,29.79,Clear,0,0,0,0,2,7,2
01/31/2023,12:30 PM,84,70,29.76,Clear,0,0,0,0,2,7,2
01/31/2023,1:00 PM,84,66,29.76,Clear,0,0,0,0,2,6,2
01/31/2023,1:30 PM,84,66,29.73,Clear,0,0,0,0,2,6,1
01/31/2023,2:00 PM,82,70,29.73,Clear,0,0,0,0,2,7,2
01/31/2023,2:30 PM,82,70,29.7,Clear,0,0,0,0,2,7,1
01/31/2023,3:00 PM,82,74,29.7,Clear,0,0,0,0,2,7,1
01/31/2023,3:30 PM,82,70,29.67,Clear,0,0,0,0,2,5,1
01/31/2023,4:00 PM,82,70,29.67,Clear,0,0,0,0,3,14,2
01/31/2023,4:30 PM,81,79,29.67,Clear,0,0,0,0,3,11,2
01/31/2023,5:00 PM,81,74,29.7,Clear,0,0,0,0,3,15,2
01/31/2023,5:30 PM,81,74,29.7,Clear,0,0,0,0,3,15,2
01/31/2023,6:00 PM,81,79,29.7,Clear,1,0,2,0,2,12,2
01/31/2023,6:30 PM,79,83,29.7,Clear,0,0,0,0,3,15,3
01/31/2023,7:00 PM,79,83,29.7,Clear,0,0,0,0,3,15,2
01/31/2023,7:30 PM,79,83,29.73,Clear,0,0,0,0,3,13,2
01/31/2023,8:00 PM,77,89,29.73,Clear,0,0,0,0,2,7,2
01/31/2023,8:30 PM,77,89,29.73,Clear,0,0,0,0,2,9,2
01/31/2023,9:00 PM,77,89,29.76,Clear,0,0,0,0,2,8,2
01/31/2023,9:30 PM,77,89,29.76,Clear,0,0,0,0,1,7,2
01/31/2023,10:00 PM,75,94,29.76,Clear,0,0,0,0,2,8,2
01/31/2023,10:30 PM,75,94,29.76,Rain,0,0,0,0,1,8,1
01/31/2023,11:00 PM,75,94,29.76,Clear,0,0,0,0,2,9,2
01/31/2023,11:30 PM,75,94,29.76,Clear,0,0,0,0,1,9,1
2/1/2023,12:00 AM,75,94,29.76,Clear,0,0,0,0,1,3,2
2/1/2023,12:30 AM,75,94,29.76,Clear,0,0,0,0,0,3,2
2/1/2023,1:00 AM,75,94,29.76,Clear,0,0,0,0,1,3,2
2/1/2023,1:30 AM,75,94,29.73,Clear,0,0,0,0,0,3,3
2/1/2023,2:00 AM,75,94,29.73,Clear,0,0,0,0,0,3,2
2/1/2023,2:30 AM,75,94,29.73,Clear,0,0,0,0,0,3,2
2/1/2023,3:00 AM,73,100,29.7,Clear,0,0,0,0,0,3,2
2/1/2023,3:30 AM,73,100,29.7,Clear,0,0,0,0,0,3,3
2/1/2023,4:00 AM,73,94,29.7,Clear,0,0,0,0,1,3,2
2/1/2023,4:30 AM,73,100,29.7,Clear,0,0,0,0,0,3,2
2/1/2023,5:00 AM,73,100,29.7,Clear,0,0,0,0,3,14,2
2/1/2023,5:30 AM,73,100,29.7,Clear,0,0,0,0,3,14,2
2/1/2023,6:00 AM,73,94,29.7,Clear,0,0,0,0,3,12,2
2/1/2023,6:30 AM,73,94,29.73,Clear,0,0,0,0,3,11,1
2/1/2023,7:00 AM,73,94,29.73,Clear,0,0,0,0,2,15,1
2/1/2023,7:30 AM,73,100,29.76,Clear,0,0,0,0,3,15,2
2/1/2023,8:00 AM,75,94,29.76,Clear,0,0,0,0,3,14,2
2/1/2023,8:30 AM,77,94,29.79,Clear,0,0,0,0,3,14,1
2/1/2023,9:00 AM,79,89,29.79,Clear,1,0,1,0,2,6,1
2/1/2023,9:30 AM,81,89,29.79,Clear,0,0,0,0,2,6,2
2/1/2023,10:00 AM,84,79,29.79,Clear,0,0,0,0,2,7,2
2/1/2023,10:30 AM,86,74,29.76,Clear,0,0,0,0,2,8,2
2/1/2023,11:00 AM,86,70,29.76,Clear,0,0,0,0,2,8,2
2/1/2023,11:30 AM,90,66,29.76,Clear,0,0,0,0,2,7,2
2/1/2023,12:00 PM,86,66,29.73,Clear,0,0,0,0,2,6,2
2/1/2023,12:30 PM,88,62,29.73,Clear,0,0,0,0,2,5,2
2/1/2023,1:00 PM,88,62,29.7,Clear,0,0,0,0,2,7,2
2/1/2023,1:30 PM,90,59,29.7,Clear,0,0,0,0,2,7,2
2/1/2023,2:00 PM,90,59,29.67,Clear,0,0,0,0,2,7,1
2/1/2023,2:30 PM,88,58,29.67,Clear,0,0,0,0,2,7,2
2/1/2023,3:00 PM,88,58,29.64,Clear,0,0,0,0,2,6,1
2/1/2023,3:30 PM,88,58,29.64,Clear,0,0,0,0,2,8,2
2/1/2023,4:00 PM,88,58,29.64,Clear,0,0,0,0,2,16,2
2/1/2023,4:30 PM,86,62,29.64,Clear,0,0,0,0,2,17,2
2/1/2023,5:00 PM,86,62,29.64,Clear,0,0,0,0,3,16,2
2/1/2023,5:30 PM,84,66,29.67,Clear,0,0,0,0,3,16,2
2/1/2023,6:00 PM,82,70,29.67,Clear,0,0,0,0,3,11,2
2/1/2023,6:30 PM,81,74,29.7,Clear,0,0,0,0,3,12,2
2/1/2023,7:00 PM,81,74,29.7,Clear,0,0,0,0,3,12,3
2/1/2023,7:30 PM,81,74,29.7,Clear,0,0,0,0,3,15,3
2/1/2023,8:00 PM,77,83,29.73,Clear,0,0,0,0,2,8,2
2/1/2023,8:30 PM,75,89,29.73,Clear,0,0,0,0,2,7,2
2/1/2023,9:00 PM,75,89,29.73,Clear,0,0,0,0,2,7,2
2/1/2023,9:30 PM,75,89,29.73,Clear,0,0,0,0,2,8,2
2/1/2023,10:00 PM,75,89,29.76,Clear,0,0,0,0,1,7,2
2/1/2023,10:30 PM,75,89,29.76,Clear,0,0,0,0,2,8,2
2/1/2023,11:00 PM,73,94,29.76,Clear,0,0,0,0,2,8,2
2/1/2023,11:30 PM,73,94,29.76,Clear,0,0,0,0,2,9,2
2/2/2023,12:00 AM,73,100,29.76,Clear,0,0,0,0,0,3,2
2/2/2023,12:30 AM,73,94,29.76,Clear,0,0,0,0,1,3,2
2/2/2023,1:00 AM,73,94,29.73,Clear,0,0,0,0,0,4,2
2/2/2023,1:30 AM,73,94,29.73,Clear,0,0,0,0,1,3,2
2/2/2023,2:00 AM,73,94,29.73,Clear,0,0,0,0,0,3,3
2/2/2023,2:30 AM,73,94,29.7,Clear,0,0,0,0,0,3,2
2/2/2023,3:00 AM,73,94,29.7,Clear,0,0,0,0,0,3,2
2/2/2023,3:30 AM,73,94,29.7,Clear,0,0,0,0,0,3,2
2/2/2023,4:00 AM,73,94,29.7,Clear,0,0,0,0,0,3,2
2/2/2023,4:30 AM,73,94,29.7,Clear,0,0,0,0,0,3,2
2/2/2023,5:00 AM,73,94,29.7,Clear,1,0,1,0,3,15,2
2/2/2023,5:30 AM,73,94,29.7,Clear,0,0,0,0,3,15,2
2/2/2023,6:00 AM,73,94,29.73,Clear,0,0,0,0,3,12,2
2/2/2023,6:30 AM,73,94,29.73,Clear,0,0,0,0,3,14,2
2/2/2023,7:00 AM,73,100,29.73,Clear,0,0,0,0,3,13,2
2/2/2023,7:30 AM,73,100,29.76,Clear,0,0,0,0,3,14,2
2/2/2023,8:00 AM,75,100,29.76,Clear,0,0,0,0,3,14,2
2/2/2023,8:30 AM,77,94,29.79,Rain,0,0,0,0,2,15,2
2/2/2023,9:00 AM,77,94,29.79,Rain,0,0,0,0,1,8,2
2/2/2023,9:30 AM,75,100,29.79,Rain,0,0,0,0,1,8,2
2/2/2023,10:00 AM,77,94,29.79,Rain,0,0,0,0,1,7,2
2/2/2023,10:30 AM,79,94,29.76,Clear,0,0,0,0,2,7,1
2/2/2023,11:00 AM,82,84,29.76,Clear,0,0,0,0,2,6,2
2/2/2023,11:30 AM,84,84,29.73,Clear,0,0,0,0,2,6,2
2/2/2023,12:00 PM,84,79,29.73,Clear,0,0,0,0,2,6,2
2/2/2023,12:30 PM,86,74,29.73,Clear,0,0,0,0,2,6,2
2/2/2023,1:00 PM,88,66,29.7,Clear,0,0,0,0,2,6,2
2/2/2023,1:30 PM,90,59,29.7,Clear,0,0,0,0,2,7,2
2/2/2023,2:00 PM,90,55,29.67,Clear,0,0,0,0,2,7,2
2/2/2023,2:30 PM,90,59,29.67,Clear,0,0,0,0,2,6,1
2/2/2023,3:00 PM,88,58,29.64,Clear,0,0,0,0,2,6,2
2/2/2023,3:30 PM,88,58,29.64,Clear,0,0,0,0,2,7,1
2/2/2023,4:00 PM,86,62,29.64,Clear,0,0,0,0,3,14,3
2/2/2023,4:30 PM,86,62,29.64,Clear,0,0,0,0,3,16,2
2/2/2023,5:00 PM,84,66,29.67,Clear,0,0,0,0,3,14,2
2/2/2023,5:30 PM,84,70,29.67,Clear,0,0,0,0,3,14,2
2/2/2023,6:00 PM,82,74,29.67,Clear,0,0,0,0,3,12,2
2/2/2023,6:30 PM,81,79,29.67,Clear,0,0,0,0,3,13,2
2/2/2023,7:00 PM,81,79,29.67,Clear,0,0,0,0,3,14,2
2/2/2023,7:30 PM,81,79,29.67,Clear,0,0,0,0,2,13,2
2/2/2023,8:00 PM,79,83,29.7,Clear,0,0,0,0,2,7,2
2/2/2023,8:30 PM,79,83,29.73,Clear,0,0,0,0,2,10,2
2/2/2023,9:00 PM,79,83,29.73,Clear,0,0,0,0,2,9,2
2/2/2023,9:30 PM,79,89,29.73,Clear,0,0,0,0,2,8,2
2/2/2023,10:00 PM,79,89,29.73,Clear,0,0,0,0,2,9,2
2/2/2023,10:30 PM,79,89,29.73,Clear,0,0,0,0,2,8,2
2/2/2023,11:00 PM,79,89,29.73,Clear,0,0,0,0,1,7,2
2/2/2023,11:30 PM,79,89,29.76,Clear,0,0,0,0,2,8,2
2/3/2023,12:00 AM,79,89,29.76,Clear,0,0,0,0,1,3,3
2/3/2023,12:30 AM,79,89,29.76,Clear,0,0,0,0,1,3,2
2/3/2023,1:00 AM,75,94,29.73,Rain,0,0,0,0,0,3,2
2/3/2023,1:30 AM,75,94,29.73,Rain,0,0,0,0,0,3,2
2/3/2023,2:00 AM,75,94,29.7,Rain,0,0,0,0,0,3,2
2/3/2023,2:30 AM,75,94,29.7,Rain,0,0,0,0,0,3,2
2/3/2023,3:00 AM,75,94,29.7,Clear,0,0,0,0,0,3,2
2/3/2023,3:30 AM,75,94,29.7,Clear,0,0,0,0,0,3,3
2/3/2023,4:00 AM,75,94,29.67,Clear,0,0,0,0,0,3,2
2/3/2023,4:30 AM,75,94,29.67,Clear,0,0,0,0,0,3,2
2/3/2023,5:00 AM,75,94,29.7,Clear,0,0,0,0,3,14,2
2/3/2023,5:30 AM,75,94,29.7,Rain,0,0,0,0,2,13,1
2/3/2023,6:00 AM,75,94,29.7,Rain,0,0,0,0,2,16,2
2/3/2023,6:30 AM,75,94,29.73,Rain,0,0,0,0,2,13,2
2/3/2023,7:00 AM,75,94,29.73,Rain,0,0,0,0,2,15,2
2/3/2023,7:30 AM,75,94,29.73,Rain,0,0,0,0,2,16,2
2/3/2023,8:00 AM,75,94,29.76,Rain,0,0,0,0,2,17,2
2/3/2023,8:30 AM,75,100,29.76,Rain,0,0,0,0,2,14,2
2/3/2023,9:00 AM,75,100,29.76,Rain,1,0,1,1,1,7,2
2/3/2023,9:30 AM,75,100,29.79,Rain,0,0,0,0,1,7,2
2/3/2023,10:00 AM,75,100,29.79,Rain,0,0,0,0,1,6,2
2/3/2023,10:30 AM,75,100,29.76,Rain,0,0,0,0,1,8,2
2/3/2023,11:00 AM,75,100,29.79,Rain,0,0,0,0,1,7,2
2/3/2023,11:30 AM,77,100,29.76,Rain,0,0,0,0,1,8,1
2/3/2023,12:00 PM,77,100,29.76,Rain,0,0,0,0,1,6,2
2/3/2023,12:30 PM,77,100,29.76,Rain,0,0,0,0,1,8,1
2/3/2023,1:00 PM,77,94,29.73,Rain,0,0,0,0,1,8,1
2/3/2023,1:30 PM,79,94,29.7,Clear,0,0,0,0,2,7,2
2/3/2023,2:00 PM,79,89,29.7,Rain,0,0,0,0,1,9,1
2/3/2023,2:30 PM,81,84,29.67,Clear,0,0,0,0,2,7,2
2/3/2023,3:00 PM,81,89,29.67,Clear,0,0,0,0,2,7,2
2/3/2023,3:30 PM,81,84,29.67,Rain,0,0,0,0,1,6,2
2/3/2023,4:00 PM,81,84,29.67,Clear,0,0,0,0,3,15,2
2/3/2023,4:30 PM,81,89,29.67,Clear,0,0,0,0,3,11,2
2/3/2023,5:00 PM,81,89,29.67,Clear,0,0,0,0,3,12,2
2/3/2023,5:30 PM,81,89,29.67,Clear,0,0,0,0,3,12,2
2/3/2023,6:00 PM,81,89,29.67,Clear,0,0,0,0,3,13,2
2/3/2023,6:30 PM,79,89,29.67,Clear,0,0,0,0,3,16,2
2/3/2023,7:00 PM,79,89,29.7,Clear,0,0,0,0,3,13,2
2/3/2023,7:30 PM,79,89,29.7,Clear,0,0,0,0,2,14,2
2/3/2023,8:00 PM,79,89,29.7,Clear,0,0,0,0,2,7,2
2/3/2023,8:30 PM,79,89,29.73,Clear,0,0,0,0,2,8,2
2/3/2023,9:00 PM,79,89,29.73,Clear,0,0,0,0,2,6,2
2/3/2023,9:30 PM,79,89,29.73,Clear,0,0,0,0,2,8,2
2/3/2023,10:00 PM,79,89,29.73,Clear,0,0,0,0,2,8,2
2/3/2023,10:30 PM,77,94,29.73,Clear,0,0,0,0,2,7,2
2/3/2023,11:00 PM,77,94,29.73,Clear,0,0,0,0,2,6,2
2/3/2023,11:30 PM,77,94,29.73,Clear,0,0,0,0,1,7,2
2/4/2023,12:00 AM,77,94,29.73,Clear,0,0,0,0,0,3,2
2/4/2023,12:30 AM,79,89,29.73,Clear,0,0,0,0,1,3,2
2/4/2023,1:00 AM,79,89,29.7,Clear,0,0,0,0,0,3,2
2/4/2023,1:30 AM,79,89,29.7,Clear,0,0,0,0,0,3,2
2/4/2023,2:00 AM,79,89,29.7,Clear,0,0,0,0,0,3,2
2/4/2023,2:30 AM,79,89,29.67,Clear,0,0,0,0,1,3,2
2/4/2023,3:00 AM,77,94,29.67,Clear,0,0,0,0,1,3,3
2/4/2023,3:30 AM,77,89,29.67,Clear,0,0,0,0,0,2,2
2/4/2023,4:00 AM,75,94,29.67,Clear,0,0,0,0,0,3,2
2/4/2023,4:30 AM,75,94,29.67,Clear,0,0,0,0,0,3,3
2/4/2023,5:00 AM,77,89,29.67,Clear,0,0,0,0,3,14,2
2/4/2023,5:30 AM,77,94,29.67,Clear,0,0,0,0,3,16,2
2/4/2023,6:00 AM,77,89,29.67,Clear,0,0,0,0,2,16,1
2/4/2023,6:30 AM,77,89,29.7,Clear,0,0,0,0,3,14,2
2/4/2023,7:00 AM,77,94,29.7,Clear,0,0,0,0,3,14,2
2/4/2023,7:30 AM,79,89,29.73,Clear,0,0,0,0,3,14,2
2/4/2023,8:00 AM,81,89,29.73,Clear,0,0,0,0,3,13,2
2/4/2023,8:30 AM,82,84,29.73,Clear,0,0,0,0,3,15,2
2/4/2023,9:00 AM,82,79,29.76,Clear,0,0,0,0,2,7,2
2/4/2023,9:30 AM,84,79,29.76,Clear,0,0,0,0,2,7,2
2/4/2023,10:00 AM,84,79,29.76,Clear,0,0,0,0,2,8,2
2/4/2023,10:30 AM,86,70,29.76,Clear,0,0,0,0,2,8,2
2/4/2023,11:00 AM,88,66,29.76,Clear,0,0,0,0,2,8,2
2/4/2023,11:30 AM,86,70,29.73,Clear,0,0,0,0,2,7,2
2/4/2023,12:00 PM,86,70,29.73,Clear,0,0,0,0,2,7,2
2/4/2023,12:30 PM,88,66,29.7,Clear,0,0,0,0,2,8,2
2/4/2023,1:00 PM,86,70,29.7,Clear,0,0,0,0,2,8,2
2/4/2023,1:30 PM,88,66,29.67,Clear,0,0,0,0,2,7,2
2/4/2023,2:00 PM,88,66,29.67,Clear,0,0,0,0,2,6,2
2/4/2023,2:30 PM,88,66,29.64,Clear,0,0,0,0,2,7,2
2/4/2023,3:00 PM,90,62,29.64,Clear,0,0,0,0,2,7,2
2/4/2023,3:30 PM,88,66,29.64,Clear,0,0,0,0,2,7,2
2/4/2023,4:00 PM,86,70,29.64,Clear,0,0,0,0,3,15,2
2/4/2023,4:30 PM,88,66,29.64,Clear,0,0,0,0,2,15,2
2/4/2023,5:00 PM,86,66,29.64,Clear,0,0,0,0,3,11,2
2/4/2023,5:30 PM,84,70,29.64,Clear,0,0,0,0,3,14,3
2/4/2023,6:00 PM,84,70,29.64,Clear,0,0,0,0,2,15,3
2/4/2023,6:30 PM,81,79,29.67,Clear,0,0,0,0,3,12,2
2/4/2023,7:00 PM,81,84,29.67,Clear,0,0,0,0,3,12,2
2/4/2023,7:30 PM,81,79,29.67,Clear,0,0,0,0,3,14,2
2/4/2023,8:00 PM,79,83,29.7,Clear,0,0,0,0,2,8,2
2/4/2023,8:30 PM,79,83,29.7,Clear,0,0,0,0,2,9,2
2/4/2023,9:00 PM,79,83,29.73,Clear,0,0,0,0,2,8,2
2/4/2023,9:30 PM,79,89,29.73,Clear,0,0,0,0,2,9,2
2/4/2023,10:00 PM,79,89,29.73,Rain,0,0,0,0,1,10,2
2/4/2023,10:30 PM,77,89,29.73,Clear,0,0,0,0,2,9,1
2/4/2023,11:00 PM,77,89,29.73,Clear,0,0,0,0,2,8,2
2/4/2023,11:30 PM,75,94,29.73,Clear,0,0,0,0,2,8,2
2/5/2023,12:00 AM,75,94,29.73,Clear,0,0,0,0,0,3,2
2/5/2023,12:30 AM,75,94,29.73,Clear,0,0,0,0,1,3,2
2/5/2023,1:00 AM,75,94,29.73,Clear,0,0,0,0,0,3,2
2/5/2023,1:30 AM,73,100,29.7,Clear,0,0,0,0,0,3,2
2/5/2023,2:00 AM,75,94,29.7,Clear,0,0,0,0,0,3,2
2/5/2023,2:30 AM,75,94,29.67,Clear,0,0,0,0,0,3,2
2/5/2023,3:00 AM,75,94,29.67,Clear,0,0,0,0,0,3,2
2/5/2023,3:30 AM,75,94,29.64,Clear,0,0,0,0,0,3,2
2/5/2023,4:00 AM,73,100,29.64,Clear,0,0,0,0,1,3,2
2/5/2023,4:30 AM,73,94,29.67,Clear,0,0,0,0,0,3,2
2/5/2023,5:00 AM,73,100,29.67,Clear,0,0,0,0,3,9,2
2/5/2023,5:30 AM,73,94,29.67,Clear,0,0,0,0,3,12,2
2/5/2023,6:00 AM,73,94,29.67,Clear,0,0,0,0,3,14,2
2/5/2023,6:30 AM,73,94,29.67,Clear,0,0,0,0,3,15,2
2/5/2023,7:00 AM,73,94,29.7,Clear,0,0,0,0,3,15,2
2/5/2023,7:30 AM,75,100,29.7,Clear,0,0,0,0,3,12,2
2/5/2023,8:00 AM,79,89,29.73,Clear,0,0,0,0,3,13,2
2/5/2023,8:30 AM,81,89,29.73,Clear,0,0,0,0,3,11,2
2/5/2023,9:00 AM,82,84,29.73,Clear,0,0,0,0,2,7,1
2/5/2023,9:30 AM,84,84,29.73,Clear,0,0,0,0,2,7,2
2/5/2023,10:00 AM,86,74,29.76,Clear,0,0,0,0,2,7,2
2/5/2023,10:30 AM,86,70,29.76,Clear,0,0,0,0,2,7,2
2/5/2023,11:00 AM,88,66,29.73,Clear,0,0,0,0,2,6,1
2/5/2023,11:30 AM,88,66,29.73,Clear,0,0,0,0,2,6,2
2/5/2023,12:00 PM,90,62,29.7,Clear,0,0,0,0,2,8,1
2/5/2023,12:30 PM,90,62,29.7,Clear,0,0,0,0,2,6,1
2/5/2023,1:00 PM,90,59,29.67,Clear,0,0,0,0,2,6,1
2/5/2023,1:30 PM,90,59,29.67,Clear,0,0,0,0,2,8,2
2/5/2023,2:00 PM,90,59,29.64,Clear,0,0,0,0,2,6,2
2/5/2023,2:30 PM,88,62,29.64,Clear,0,0,0,0,2,7,2
2/5/2023,3:00 PM,86,66,29.64,Clear,0,0,0,0,2,8,2
2/5/2023,3:30 PM,86,66,29.64,Clear,0,0,0,0,2,8,2
2/5/2023,4:00 PM,86,66,29.64,Clear,0,0,0,0,4,15,2
2/5/2023,4:30 PM,86,66,29.64,Clear,0,0,0,0,3,14,2
2/5/2023,5:00 PM,86,66,29.64,Clear,0,0,0,0,3,15,2
2/5/2023,5:30 PM,82,74,29.64,Clear,0,0,0,0,3,14,2
2/5/2023,6:00 PM,82,74,29.64,Clear,0,0,0,0,3,15,3
2/5/2023,6:30 PM,81,79,29.67,Clear,0,0,0,0,3,13,3
2/5/2023,7:00 PM,81,79,29.67,Clear,0,0,0,0,3,13,2
2/5/2023,7:30 PM,81,79,29.7,Clear,0,0,0,0,3,12,2
2/5/2023,8:00 PM,81,84,29.7,Clear,0,0,0,0,2,9,2
2/5/2023,8:30 PM,81,84,29.73,Clear,0,0,0,0,2,8,1
2/5/2023,9:00 PM,81,84,29.73,Clear,0,0,0,0,2,9,2
2/5/2023,9:30 PM,79,89,29.73,Clear,0,0,0,0,1,7,2
2/5/2023,10:00 PM,79,89,29.73,Clear,0,0,0,0,2,7,2
2/5/2023,10:30 PM,79,89,29.76,Clear,0,0,0,0,2,7,2
2/5/2023,11:00 PM,77,94,29.73,Clear,0,0,0,0,2,7,2
2/5/2023,11:30 PM,77,89,29.73,Clear,0,0,0,0,1,8,2
2/6/2023,12:00 AM,77,89,29.73,Clear,0,0,0,0,1,3,2
2/6/2023,12:30 AM,75,94,29.73,Clear,0,0,0,0,0,3,2
2/6/2023,1:00 AM,77,94,29.73,Clear,0,0,0,0,0,3,2
2/6/2023,1:30 AM,77,94,29.73,Clear,0,0,0,0,0,4,2
2/6/2023,2:00 AM,77,94,29.7,Clear,0,0,0,0,0,3,2
2/6/2023,2:30 AM,77,94,29.7,Clear,0,0,0,0,0,3,2
2/6/2023,3:00 AM,77,94,29.7,Clear,0,0,0,0,0,3,3
2/6/2023,3:30 AM,77,94,29.7,Clear,0,0,0,0,0,3,2
2/6/2023,4:00 AM,77,94,29.7,Rain,0,0,0,0,0,4,3
2/6/2023,4:30 AM,77,94,29.7,Clear,0,0,0,0,0,2,2
2/6/2023,5:00 AM,75,94,29.7,Rain,0,0,0,0,2,14,2
2/6/2023,5:30 AM,75,94,29.7,Clear,0,0,0,0,3,14,1
2/6/2023,6:00 AM,75,94,29.73,Clear,0,0,0,0,2,13,2
2/6/2023,6:30 AM,75,94,29.73,Clear,0,0,0,0,3,15,2
2/6/2023,7:00 AM,75,100,29.73,Clear,0,0,0,0,3,13,2
2/6/2023,7:30 AM,75,100,29.76,Clear,0,0,0,0,3,14,1
2/6/2023,8:00 AM,77,94,29.76,Clear,0,0,0,0,3,15,2
2/6/2023,8:30 AM,79,94,29.76,Clear,0,0,0,0,2,16,2
2/6/2023,9:00 AM,81,89,29.79,Clear,0,0,0,0,2,8,2
2/6/2023,9:30 AM,81,89,29.79,Clear,0,0,0,0,2,6,2
2/6/2023,10:00 AM,82,84,29.79,Clear,0,0,0,0,2,7,2
2/6/2023,10:30 AM,86,74,29.79,Clear,0,0,0,0,2,6,2
2/6/2023,11:00 AM,86,74,29.79,Clear,0,0,0,0,2,7,2
2/6/2023,11:30 AM,86,74,29.76,Clear,0,0,0,0,2,8,2
2/6/2023,12:00 PM,88,66,29.76,Clear,0,0,0,0,2,6,2
2/6/2023,12:30 PM,88,66,29.73,Clear,0,0,0,0,2,8,1
2/6/2023,1:00 PM,90,62,29.7,Clear,0,0,0,0,2,6,2
2/6/2023,1:30 PM,88,62,29.7,Clear,0,0,0,0,2,7,2
2/6/2023,2:00 PM,90,59,29.67,Clear,0,0,0,0,2,7,2
2/6/2023,2:30 PM,88,62,29.67,Clear,0,0,0,0,2,7,2
2/6/2023,3:00 PM,88,62,29.67,Clear,0,0,0,0,2,7,2
2/6/2023,3:30 PM,88,58,29.64,Clear,0,0,0,0,2,6,2
2/6/2023,4:00 PM,88,62,29.64,Clear,0,0,0,0,3,14,2
2/6/2023,4:30 PM,86,66,29.67,Clear,0,0,0,0,3,15,3
2/6/2023,5:00 PM,86,62,29.67,Clear,0,0,0,0,3,13,2
2/6/2023,5:30 PM,84,70,29.67,Clear,0,0,0,0,2,15,2
2/6/2023,6:00 PM,82,74,29.67,Clear,0,0,0,0,3,12,2
2/6/2023,6:30 PM,81,79,29.7,Clear,0,0,0,0,3,13,2
2/6/2023,7:00 PM,81,79,29.7,Clear,0,0,0,0,3,16,2
2/6/2023,7:30 PM,79,83,29.7,Clear,0,0,0,0,3,14,2
2/6/2023,8:00 PM,79,83,29.73,Clear,0,0,0,0,2,8,2
2/6/2023,8:30 PM,77,89,29.73,Clear,0,0,0,0,2,8,1
2/6/2023,9:00 PM,77,89,29.76,Clear,0,0,0,0,2,9,2
2/6/2023,9:30 PM,77,89,29.76,Clear,0,0,0,0,2,7,2
2/6/2023,10:00 PM,77,89,29.76,Clear,0,0,0,0,2,8,2
2/6/2023,10:30 PM,75,94,29.76,Clear,0,0,0,0,2,8,2
2/6/2023,11:00 PM,75,94,29.76,Clear,0,0,0,0,2,8,2
2/6/2023,11:30 PM,75,94,29.76,Clear,0,0,0,0,2,7,2
2/7/2023,12:00 AM,75,94,29.73,Clear,0,0,0,0,0,4,2
2/7/2023,12:30 AM,75,94,29.73,Clear,0,0,0,0,1,3,2
2/7/2023,1:00 AM,75,94,29.73,Clear,0,0,0,0,1,3,2
2/7/2023,1:30 AM,75,94,29.73,Clear,0,0,0,0,0,3,2
2/7/2023,2:00 AM,75,94,29.7,Clear,0,0,0,0,0,3,2
2/7/2023,2:30 AM,75,94,29.7,Clear,0,0,0,0,0,3,2
2/7/2023,3:00 AM,75,94,29.7,Clear,0,0,0,0,0,3,2
2/7/2023,3:30 AM,75,94,29.67,Clear,0,0,0,0,1,3,2
2/7/2023,4:00 AM,73,100,29.67,Clear,0,0,0,0,0,3,2
2/7/2023,4:30 AM,73,100,29.67,Clear,0,0,0,0,0,3,3
2/7/2023,5:00 AM,73,94,29.7,Clear,0,0,0,0,3,13,2
2/7/2023,5:30 AM,73,94,29.7,Clear,0,0,0,0,3,12,2
2/7/2023,6:00 AM,72,100,29.7,Clear,0,0,0,0,2,15,2
2/7/2023,6:30 AM,73,100,29.7,Clear,0,0,0,0,3,16,2
2/7/2023,7:00 AM,73,100,29.7,Clear,0,0,0,0,3,12,2
2/7/2023,7:30 AM,75,94,29.73,Clear,0,0,0,0,3,13,2
2/7/2023,8:00 AM,77,94,29.73,Clear,0,0,0,0,3,13,2
2/7/2023,8:30 AM,81,89,29.76,Clear,0,0,0,0,3,13,2
2/7/2023,9:00 AM,82,84,29.76,Clear,0,0,0,0,2,7,1
2/7/2023,9:30 AM,82,84,29.79,Clear,0,0,0,0,2,5,2
2/7/2023,10:00 AM,84,79,29.79,Clear,0,0,0,0,2,6,2
2/7/2023,10:30 AM,86,70,29.76,Clear,0,0,0,0,2,6,2
2/7/2023,11:00 AM,88,66,29.76,Clear,0,0,0,0,2,7,2
2/7/2023,11:30 AM,88,66,29.76,Clear,0,0,0,0,2,7,1
2/7/2023,12:00 PM,88,66,29.73,Clear,0,0,0,0,2,7,1
2/7/2023,12:30 PM,90,59,29.73,Clear,0,0,0,0,2,7,1
2/7/2023,1:00 PM,90,59,29.73,Clear,0,0,0,0,2,7,2
2/7/2023,1:30 PM,90,59,29.7,Clear,0,0,0,0,2,7,2
2/7/2023,2:00 PM,90,59,29.7,Clear,0,0,0,0,2,7,2
2/7/2023,2:30 PM,90,59,29.67,Clear,0,0,0,0,2,7,2
2/7/2023,3:00 PM,88,62,29.67,Clear,0,0,0,0,2,7,2
2/7/2023,3:30 PM,88,58,29.67,Clear,0,0,0,0,2,7,2
2/7/2023,4:00 PM,88,62,29.64,Clear,0,0,0,0,3,13,2
2/7/2023,4:30 PM,86,70,29.67,Clear,0,0,0,0,3,16,2
2/7/2023,5:00 PM,86,70,29.67,Clear,0,0,0,0,3,15,2
2/7/2023,5:30 PM,84,74,29.67,Clear,0,0,0,0,3,16,2
2/7/2023,6:00 PM,82,74,29.7,Clear,0,0,0,0,3,14,2
2/7/2023,6:30 PM,82,74,29.7,Clear,0,0,0,0,3,13,2
2/7/2023,7:00 PM,81,79,29.73,Clear,0,0,0,0,2,15,2
2/7/2023,7:30 PM,81,79,29.73,Clear,0,0,0,0,3,12,2
2/7/2023,8:00 PM,81,79,29.73,Clear,0,0,0,0,2,8,2
2/7/2023,8:30 PM,79,83,29.76,Clear,0,0,0,0,2,7,2
2/7/2023,9:00 PM,79,83,29.76,Clear,0,0,0,0,2,7,2
2/7/2023,9:30 PM,79,83,29.76,Clear,0,0,0,0,2,8,2
2/7/2023,10:00 PM,77,89,29.76,Clear,0,0,0,0,2,7,1
2/7/2023,10:30 PM,77,89,29.76,Clear,0,0,0,0,2,7,2
2/7/2023,11:00 PM,75,94,29.76,Clear,0,0,0,0,2,9,2
2/7/2023,11:30 PM,75,94,29.76,Clear,0,0,0,0,2,7,2
2/8/2023,12:00 AM,77,89,29.76,Clear,0,0,0,0,0,3,2
2/8/2023,12:30 AM,77,89,29.76,Clear,0,0,0,0,0,3,2
2/8/2023,1:00 AM,75,89,29.73,Clear,0,0,0,0,0,3,2
2/8/2023,1:30 AM,75,89,29.73,Clear,0,0,0,0,0,4,2
2/8/2023,2:00 AM,73,94,29.73,Clear,0,0,0,0,0,3,2
2/8/2023,2:30 AM,73,94,29.7,Clear,0,0,0,0,0,3,2
2/8/2023,3:00 AM,73,94,29.7,Clear,0,0,0,0,0,3,2
2/8/2023,3:30 AM,73,94,29.7,Clear,0,0,0,0,0,3,2
2/8/2023,4:00 AM,73,94,29.7,Clear,0,0,0,0,0,3,2
2/8/2023,4:30 AM,73,94,29.7,Clear,0,0,0,0,1,3,2
2/8/2023,5:00 AM,72,100,29.7,Clear,0,0,0,0,3,15,2
2/8/2023,5:30 AM,73,100,29.7,Clear,0,0,0,0,3,13,2
2/8/2023,6:00 AM,73,100,29.7,Clear,0,0,0,0,3,16,2
2/8/2023,6:30 AM,72,100,29.7,Clear,0,0,0,0,3,15,2
2/8/2023,7:00 AM,72,100,29.73,Clear,0,0,0,0,3,12,2
2/8/2023,7:30 AM,73,100,29.73,Clear,0,0,0,0,3,13,2
2/8/2023,8:00 AM,75,100,29.76,Clear,0,0,0,0,3,14,2
2/8/2023,8:30 AM,77,94,29.76,Clear,0,0,0,0,3,12,2
2/8/2023,9:00 AM,81,94,29.76,Clear,0,0,0,0,2,6,2
2/8/2023,9:30 AM,82,89,29.76,Clear,0,0,0,0,2,6,2
2/8/2023,10:00 AM,81,89,29.76,Rain,0,0,0,0,1,8,2
2/8/2023,10:30 AM,82,84,29.76,Clear,0,0,0,0,2,8,2
2/8/2023,11:00 AM,84,79,29.76,Clear,0,0,0,0,2,7,2
2/8/2023,11:30 AM,86,74,29.76,Clear,0,0,0,0,2,8,2
2/8/2023,12:00 PM,88,66,29.73,Clear,0,0,0,0,3,6,1
2/8/2023,12:30 PM,88,62,29.73,Clear,0,0,0,0,2,7,2
2/8/2023,1:00 PM,88,62,29.7,Clear,0,0,0,0,2,7,2
2/8/2023,1:30 PM,88,62,29.7,Clear,0,0,0,0,2,7,2
2/8/2023,2:00 PM,90,59,29.7,Clear,0,0,0,0,2,6,1
2/8/2023,2:30 PM,90,59,29.67,Clear,0,0,0,0,2,7,2
2/8/2023,3:00 PM,88,62,29.67,Clear,0,0,0,0,2,7,2
2/8/2023,3:30 PM,88,62,29.64,Clear,0,0,0,0,2,6,2
2/8/2023,4:00 PM,88,62,29.64,Clear,0,0,0,0,3,12,2
2/8/2023,4:30 PM,86,66,29.64,Clear,0,0,0,0,3,15,2
2/8/2023,5:00 PM,84,66,29.64,Clear,0,0,0,0,2,12,2
2/8/2023,5:30 PM,84,70,29.67,Clear,0,0,0,0,3,14,2
2/8/2023,6:00 PM,82,74,29.67,Clear,0,0,0,0,3,12,2
2/8/2023,6:30 PM,82,74,29.67,Clear,0,0,0,0,3,12,2
2/8/2023,7:00 PM,81,79,29.7,Clear,0,0,0,0,3,12,2
2/8/2023,7:30 PM,81,79,29.7,Clear,0,0,0,0,3,12,3
2/8/2023,8:00 PM,81,79,29.7,Clear,0,0,0,0,2,9,2
2/8/2023,8:30 PM,79,83,29.73,Clear,0,0,0,0,2,7,2
2/8/2023,9:00 PM,79,83,29.73,Clear,0,0,0,0,2,7,1
2/8/2023,9:30 PM,77,89,29.73,Clear,0,0,0,0,2,7,2
2/8/2023,10:00 PM,75,94,29.76,Clear,0,0,0,0,2,8,2
2/8/2023,10:30 PM,75,94,29.76,Clear,0,0,0,0,2,9,2
2/8/2023,11:00 PM,75,94,29.76,Clear,0,0,0,0,2,7,2
2/8/2023,11:30 PM,75,94,29.73,Clear,0,0,0,0,2,8,2
2/9/2023,12:00 AM,75,94,29.73,Clear,0,0,0,0,0,3,2
2/9/2023,12:30 AM,75,94,29.73,Clear,0,0,0,0,0,4,2
2/9/2023,1:00 AM,75,94,29.73,Clear,0,0,0,0,0,3,2
2/9/2023,1:30 AM,75,94,29.73,Clear,0,0,0,0,0,3,2
2/9/2023,2:00 AM,73,94,29.7,Clear,0,0,0,0,0,2,2
2/9/2023,2:30 AM,73,94,29.7,Clear,0,0,0,0,0,3,2
2/9/2023,3:00 AM,73,94,29.7,Clear,0,0,0,0,0,4,3
2/9/2023,3:30 AM,73,94,29.7,Clear,0,0,0,0,0,3,2
2/9/2023,4:00 AM,73,94,29.67,Clear,0,0,0,0,0,3,2
2/9/2023,4:30 AM,73,94,29.7,Clear,0,0,0,0,1,3,2
2/9/2023,5:00 AM,72,100,29.7,Clear,0,0,0,0,3,13,2
2/9/2023,5:30 AM,72,100,29.7,Clear,0,0,0,0,3,15,2
2/9/2023,6:00 AM,72,100,29.7,Clear,0,0,0,0,3,14,2
2/9/2023,6:30 AM,72,100,29.7,Clear,0,0,0,0,3,14,1
2/9/2023,7:00 AM,72,100,29.73,Clear,0,0,0,0,3,16,2
2/9/2023,7:30 AM,73,100,29.73,Clear,0,0,0,0,3,13,2
2/9/2023,8:00 AM,75,94,29.76,Clear,0,0,0,0,3,13,2
2/9/2023,8:30 AM,77,94,29.76,Clear,0,0,0,0,3,14,2
2/9/2023,9:00 AM,79,94,29.76,Clear,0,0,0,0,2,7,2
2/9/2023,9:30 AM,82,84,29.79,Clear,0,0,0,0,2,6,2
2/9/2023,10:00 AM,84,79,29.79,Clear,0,0,0,0,2,7,1
2/9/2023,10:30 AM,86,74,29.76,Clear,0,0,0,0,2,6,1
2/9/2023,11:00 AM,86,70,29.76,Clear,0,0,0,0,2,6,2
2/9/2023,11:30 AM,88,66,29.73,Clear,0,0,0,0,2,7,2
2/9/2023,12:00 PM,88,62,29.73,Clear,0,0,0,0,2,8,2
2/9/2023,12:30 PM,90,59,29.73,Clear,0,0,0,0,2,7,2
2/9/2023,1:00 PM,90,59,29.7,Clear,0,0,0,0,2,7,1
2/9/2023,1:30 PM,90,55,29.67,Clear,0,0,0,0,2,7,2
2/9/2023,2:00 PM,91,52,29.67,Clear,0,0,0,0,2,6,2
2/9/2023,2:30 PM,90,55,29.64,Clear,0,0,0,0,2,6,1
2/9/2023,3:00 PM,90,59,29.64,Clear,0,0,0,0,2,7,2
2/9/2023,3:30 PM,90,59,29.61,Clear,0,0,0,0,2,7,1
2/9/2023,4:00 PM,90,59,29.64,Clear,0,0,0,0,3,16,2
2/9/2023,4:30 PM,88,62,29.64,Clear,0,0,0,0,2,14,2
2/9/2023,5:00 PM,88,62,29.64,Clear,0,0,0,0,3,16,2
2/9/2023,5:30 PM,86,66,29.64,Clear,0,0,0,0,3,16,2
2/9/2023,6:00 PM,84,70,29.67,Clear,0,0,0,0,3,12,3
2/9/2023,6:30 PM,82,74,29.67,Clear,0,0,0,0,2,12,2
2/9/2023,7:00 PM,82,74,29.67,Clear,0,0,0,0,3,13,2
2/9/2023,7:30 PM,82,74,29.67,Clear,0,0,0,0,3,15,2
2/9/2023,8:00 PM,81,79,29.7,Clear,0,0,0,0,2,9,2
2/9/2023,8:30 PM,81,79,29.7,Clear,0,0,0,0,2,7,1
2/9/2023,9:00 PM,81,79,29.73,Clear,0,0,0,0,1,8,2
2/9/2023,9:30 PM,81,84,29.73,Clear,0,0,0,0,2,7,1
2/9/2023,10:00 PM,81,84,29.76,Clear,0,0,0,0,2,7,2
2/9/2023,10:30 PM,79,89,29.76,Clear,0,0,0,0,2,10,2
2/9/2023,11:00 PM,79,89,29.76,Clear,0,0,0,0,2,8,2
2/9/2023,11:30 PM,79,89,29.76,Clear,0,0,0,0,2,7,2
2/10/2023,12:00 AM,79,89,29.76,Clear,0,0,0,0,0,3,2
2/10/2023,12:30 AM,79,89,29.73,Clear,0,0,0,0,0,3,2
2/10/2023,1:00 AM,75,94,29.73,Clear,0,0,0,0,0,3,2
2/10/2023,1:30 AM,75,94,29.73,Clear,0,0,0,0,0,3,2
2/10/2023,2:00 AM,75,94,29.7,Clear,0,0,0,0,0,4,2
2/10/2023,3:00 AM,73,100,29.7,Clear,0,0,0,0,0,4,2
2/10/2023,3:30 AM,73,94,29.7,Clear,0,0,0,0,0,3,2
2/10/2023,4:00 AM,73,94,29.7,Clear,0,0,0,0,0,3,2
2/10/2023,4:30 AM,73,94,29.7,Clear,0,0,0,0,0,3,2
2/10/2023,5:00 AM,73,94,29.7,Clear,0,0,0,0,2,15,2
2/10/2023,5:30 AM,73,94,29.7,Clear,0,0,0,0,3,18,2
2/10/2023,6:00 AM,73,94,29.7,Clear,0,0,0,0,2,13,2
2/10/2023,6:30 AM,73,94,29.7,Clear,0,0,0,0,3,13,2
2/10/2023,7:00 AM,72,100,29.73,Clear,0,0,0,0,3,13,2
2/10/2023,7:30 AM,75,100,29.73,Clear,0,0,0,0,3,13,1
2/10/2023,8:00 AM,77,94,29.73,Clear,0,0,0,0,3,11,2
2/10/2023,8:30 AM,81,89,29.76,Clear,0,0,0,0,3,13,2
2/10/2023,9:00 AM,82,84,29.79,Clear,0,0,0,0,2,6,2
2/10/2023,9:30 AM,84,79,29.79,Clear,0,0,0,0,2,7,2
2/10/2023,10:00 AM,84,74,29.79,Clear,0,0,0,0,2,7,2
2/10/2023,10:30 AM,86,74,29.79,Clear,0,0,0,0,2,6,2
2/10/2023,11:00 AM,86,70,29.79,Clear,0,0,0,0,2,7,2
2/10/2023,11:30 AM,86,70,29.76,Clear,0,0,0,0,2,6,2
2/10/2023,12:00 PM,90,62,29.76,Clear,0,0,0,0,1,7,2
2/10/2023,12:30 PM,88,62,29.73,Clear,0,0,0,0,2,7,1
2/10/2023,1:00 PM,90,59,29.73,Clear,0,0,0,0,2,7,2
2/10/2023,1:30 PM,90,59,29.7,Clear,0,0,0,0,2,6,2
2/10/2023,2:00 PM,91,55,29.7,Clear,1,0,1,0,1,7,1
2/10/2023,2:30 PM,91,59,29.67,Clear,0,0,0,0,2,7,1
2/10/2023,3:00 PM,90,62,29.64,Clear,0,0,0,0,2,7,1
2/10/2023,3:30 PM,90,62,29.64,Clear,0,0,0,0,2,6,1
2/10/2023,4:00 PM,88,66,29.64,Clear,0,0,0,0,3,14,2
2/10/2023,4:30 PM,86,70,29.64,Clear,0,0,0,0,3,13,2
2/10/2023,5:00 PM,86,70,29.64,Clear,0,0,0,0,3,13,3
2/10/2023,5:30 PM,86,70,29.67,Clear,0,0,0,0,3,14,2
2/10/2023,6:00 PM,84,70,29.67,Clear,0,0,0,0,3,12,3
2/10/2023,6:30 PM,82,79,29.67,Clear,0,0,0,0,3,13,2
2/10/2023,7:00 PM,82,79,29.7,Clear,0,0,0,0,3,12,2
2/10/2023,7:30 PM,81,84,29.7,Clear,0,0,0,0,3,12,2
2/10/2023,8:00 PM,81,84,29.73,Clear,0,0,0,0,2,8,2
2/10/2023,8:30 PM,81,84,29.73,Clear,0,0,0,0,2,8,1
2/10/2023,9:00 PM,81,84,29.73,Clear,0,0,0,0,2,8,2
2/10/2023,9:30 PM,81,84,29.76,Clear,0,0,0,0,2,8,2
2/10/2023,10:00 PM,79,89,29.76,Clear,0,0,0,0,1,8,2
2/10/2023,10:30 PM,77,94,29.76,Clear,0,0,0,0,2,8,2
2/10/2023,11:00 PM,77,89,29.76,Clear,0,0,0,0,2,7,2
2/10/2023,11:30 PM,79,89,29.76,Clear,0,0,0,0,2,8,2
2/11/2023,12:00 AM,77,89,29.76,Clear,0,0,0,0,0,3,2
2/11/2023,12:30 AM,75,94,29.76,Clear,0,0,0,0,0,3,2
2/11/2023,1:00 AM,75,94,29.76,Clear,0,0,0,0,0,3,2
2/11/2023,1:30 AM,75,94,29.76,Clear,0,0,0,0,1,4,2
2/11/2023,2:00 AM,75,94,29.73,Clear,0,0,0,0,0,3,2
2/11/2023,2:30 AM,75,94,29.73,Clear,0,0,0,0,0,3,2
2/11/2023,3:00 AM,75,100,29.73,Clear,0,0,0,0,1,3,2
2/11/2023,3:30 AM,77,94,29.73,Clear,0,0,0,0,0,3,2
2/11/2023,4:00 AM,77,94,29.7,Clear,0,0,0,0,0,3,3
2/11/2023,4:30 AM,77,94,29.7,Clear,0,0,0,0,0,3,2
2/11/2023,5:00 AM,75,100,29.7,Clear,0,0,0,0,3,11,2
2/11/2023,5:30 AM,75,100,29.7,Clear,0,0,0,0,3,12,2
2/11/2023,6:00 AM,75,100,29.73,Clear,0,0,0,0,3,14,2
2/11/2023,6:30 AM,75,94,29.73,Clear,0,0,0,0,3,14,2
2/11/2023,7:00 AM,75,94,29.73,Clear,0,0,0,0,3,13,2
2/11/2023,7:30 AM,77,94,29.73,Clear,0,0,0,0,3,14,2
2/11/2023,8:00 AM,79,94,29.76,Clear,0,0,0,0,3,13,2
2/11/2023,8:30 AM,81,94,29.76,Clear,0,0,0,0,3,14,2
2/11/2023,9:00 AM,82,89,29.79,Clear,0,0,0,0,2,7,2
2/11/2023,9:30 AM,82,84,29.79,Clear,0,0,0,0,2,7,1
2/11/2023,10:00 AM,86,79,29.79,Clear,0,0,0,0,2,6,2
2/11/2023,10:30 AM,88,75,29.79,Clear,0,0,0,0,2,6,2
2/11/2023,11:00 AM,84,79,29.79,Clear,0,0,0,0,2,8,1
2/11/2023,11:30 AM,88,70,29.76,Clear,0,0,0,0,2,7,2
2/11/2023,12:00 PM,88,66,29.76,Clear,0,0,0,0,2,7,2
2/11/2023,12:30 PM,90,62,29.73,Clear,0,0,0,0,2,6,1
2/11/2023,1:00 PM,90,62,29.73,Clear,0,0,0,0,2,7,2
2/11/2023,1:30 PM,90,62,29.73,Clear,0,0,0,0,2,7,2
2/11/2023,2:00 PM,90,59,29.7,Clear,0,0,0,0,2,7,2
2/11/2023,2:30 PM,90,62,29.7,Clear,0,0,0,0,2,7,2
2/11/2023,3:00 PM,90,59,29.7,Clear,0,0,0,0,2,7,1
2/11/2023,3:30 PM,90,59,29.67,Clear,0,0,0,0,2,6,2
2/11/2023,4:00 PM,88,62,29.67,Clear,0,0,0,0,3,14,2
2/11/2023,4:30 PM,88,66,29.67,Clear,0,0,0,0,3,13,2
2/11/2023,5:00 PM,86,66,29.67,Clear,0,0,0,0,3,13,2
2/11/2023,5:30 PM,86,66,29.67,Clear,0,0,0,0,3,14,2
2/11/2023,6:00 PM,84,70,29.67,Clear,0,0,0,0,2,13,3
2/11/2023,6:30 PM,82,74,29.7,Clear,0,0,0,0,3,14,2
2/11/2023,7:00 PM,81,79,29.7,Clear,0,0,0,0,2,15,3
2/11/2023,7:30 PM,81,79,29.7,Clear,0,0,0,0,3,12,2
2/11/2023,8:00 PM,81,79,29.73,Clear,0,0,0,0,2,6,2
2/11/2023,8:30 PM,79,83,29.73,Clear,0,0,0,0,2,9,2
2/11/2023,9:00 PM,79,83,29.76,Clear,0,0,0,0,2,9,1
2/11/2023,9:30 PM,79,83,29.76,Clear,0,0,0,0,2,7,1
2/11/2023,10:00 PM,77,89,29.76,Clear,0,0,0,0,2,7,2
2/11/2023,10:30 PM,77,89,29.76,Clear,0,0,0,0,2,8,2
2/11/2023,11:00 PM,77,94,29.76,Clear,0,0,0,0,2,8,1
2/11/2023,11:30 PM,75,94,29.79,Clear,0,0,0,0,2,7,2
2/12/2023,12:00 AM,75,94,29.76,Clear,0,0,0,0,0,3,2
2/12/2023,12:30 AM,73,100,29.76,Clear,0,0,0,0,0,3,3
2/12/2023,1:00 AM,73,100,29.76,Clear,0,0,0,0,0,4,2
2/12/2023,1:30 AM,75,94,29.73,Clear,0,0,0,0,0,3,2
2/12/2023,2:00 AM,75,94,29.73,Clear,0,0,0,0,1,3,2
2/12/2023,2:30 AM,75,94,29.73,Clear,0,0,0,0,0,3,2
2/12/2023,3:00 AM,73,94,29.73,Clear,0,0,0,0,0,3,2
2/12/2023,3:30 AM,73,94,29.73,Clear,0,0,0,0,0,3,2
2/12/2023,4:00 AM,73,94,29.7,Clear,0,0,0,0,0,3,2
2/12/2023,4:30 AM,73,94,29.7,Clear,0,0,0,0,0,3,2
2/12/2023,5:00 AM,72,100,29.73,Clear,0,0,0,0,3,14,2
2/12/2023,5:30 AM,72,100,29.73,Clear,0,0,0,0,3,13,2
2/12/2023,6:00 AM,72,100,29.73,Clear,0,0,0,0,3,13,1
2/12/2023,6:30 AM,72,100,29.73,Clear,0,0,0,0,3,13,2
2/12/2023,7:00 AM,72,100,29.76,Clear,0,0,0,0,3,14,2
2/12/2023,7:30 AM,73,100,29.76,Clear,0,0,0,0,3,17,2
2/12/2023,8:00 AM,75,100,29.79,Clear,0,0,0,0,3,13,2
2/12/2023,8:30 AM,79,94,29.79,Clear,0,0,0,0,3,14,2
2/12/2023,9:00 AM,81,89,29.79,Clear,0,0,0,0,2,7,2
2/12/2023,9:30 AM,82,89,29.79,Clear,0,0,0,0,2,7,1
2/12/2023,10:00 AM,82,84,29.81,Clear,0,0,0,0,2,8,2
2/12/2023,10:30 AM,86,79,29.79,Clear,0,0,0,0,2,7,1
2/12/2023,11:00 AM,86,79,29.79,Clear,0,0,0,0,2,8,2
2/12/2023,11:30 AM,88,75,29.79,Clear,0,0,0,0,2,8,2
2/12/2023,12:00 PM,88,70,29.76,Clear,0,0,0,0,2,6,2
2/12/2023,12:30 PM,90,62,29.76,Clear,0,0,0,0,2,8,2
2/12/2023,1:00 PM,90,59,29.73,Clear,0,0,0,0,2,7,2
2/12/2023,1:30 PM,90,59,29.73,Clear,0,0,0,0,2,6,1
2/12/2023,2:00 PM,90,59,29.73,Clear,0,0,0,0,2,6,2
2/12/2023,2:30 PM,88,62,29.73,Clear,0,0,0,0,2,7,1
2/12/2023,3:00 PM,90,55,29.7,Clear,0,0,0,0,2,8,2
2/12/2023,3:30 PM,88,62,29.7,Clear,0,0,0,0,2,7,2
2/12/2023,4:00 PM,88,58,29.7,Clear,0,0,0,0,3,14,2
2/12/2023,4:30 PM,88,58,29.7,Clear,0,0,0,0,3,13,2
2/12/2023,5:00 PM,86,62,29.7,Clear,0,0,0,0,3,14,3
2/12/2023,5:30 PM,84,70,29.7,Clear,0,0,0,0,3,14,3
2/12/2023,6:00 PM,82,74,29.7,Clear,0,0,0,0,3,15,3
2/12/2023,6:30 PM,82,74,29.73,Clear,0,0,0,0,3,13,2
2/12/2023,7:00 PM,81,79,29.73,Clear,0,0,0,0,3,11,2
2/12/2023,7:30 PM,81,79,29.76,Clear,0,0,0,0,3,13,2
2/12/2023,8:00 PM,79,83,29.76,Clear,0,0,0,0,2,8,2
2/12/2023,8:30 PM,77,83,29.79,Clear,0,0,0,0,2,8,1
2/12/2023,9:00 PM,77,83,29.79,Clear,0,0,0,0,2,8,2
2/12/2023,9:30 PM,77,89,29.79,Clear,0,0,0,0,2,8,2
2/12/2023,10:00 PM,75,89,29.79,Clear,0,0,0,0,2,7,1
2/12/2023,10:30 PM,75,94,29.79,Clear,0,0,0,0,2,8,2
2/12/2023,11:00 PM,75,89,29.79,Clear,0,0,0,0,2,9,2
2/12/2023,11:30 PM,73,94,29.79,Clear,0,0,0,0,2,7,2
02/13/2023,12:00 AM,73,94,29.79,Clear,0,0,0,0,1,3,2
02/13/2023,12:30 AM,73,94,29.79,Clear,0,0,0,0,1,3,2
02/13/2023,1:00 AM,73,94,29.76,Clear,0,0,0,0,1,3,2
02/13/2023,1:30 AM,73,94,29.76,Clear,0,0,0,0,0,3,2
02/13/2023,2:00 AM,73,94,29.76,Clear,0,0,0,0,0,3,2
02/13/2023,2:30 AM,72,100,29.73,Clear,0,0,0,0,0,3,2
02/13/2023,3:00 AM,72,100,29.73,Clear,0,0,0,0,0,3,2
02/13/2023,3:30 AM,72,100,29.73,Clear,0,0,0,0,0,4,3
02/13/2023,4:00 AM,72,94,29.73,Clear,0,0,0,0,0,3,2
02/13/2023,4:30 AM,72,94,29.73,Clear,0,0,0,0,0,3,2
02/13/2023,5:00 AM,72,94,29.73,Clear,0,0,0,0,2,14,2
02/13/2023,5:30 AM,72,94,29.73,Clear,0,0,0,0,3,13,2
02/13/2023,6:00 AM,70,100,29.73,Clear,0,0,0,0,3,13,1
02/13/2023,6:30 AM,72,94,29.76,Clear,0,0,0,0,3,12,2
02/13/2023,7:00 AM,72,94,29.76,Clear,0,0,0,0,2,16,2
02/13/2023,7:30 AM,72,100,29.79,Clear,0,0,0,0,3,13,1
02/13/2023,8:00 AM,75,94,29.79,Clear,0,0,0,0,3,13,1
02/13/2023,8:30 AM,79,89,29.79,Clear,1,0,2,0,3,15,1
02/13/2023,9:00 AM,82,89,29.79,Clear,0,0,0,0,2,7,2
02/13/2023,9:30 AM,82,84,29.79,Clear,0,0,0,0,2,7,2
02/13/2023,10:00 AM,84,79,29.79,Clear,0,0,0,0,2,7,2
02/13/2023,10:30 AM,86,74,29.79,Clear,0,0,0,0,2,6,2
02/13/2023,11:00 AM,88,75,29.79,Clear,0,0,0,0,2,8,2
02/13/2023,11:30 AM,90,66,29.76,Clear,0,0,0,0,2,8,2
02/13/2023,12:00 PM,90,66,29.76,Clear,0,0,0,0,2,7,1
02/13/2023,12:30 PM,90,59,29.76,Clear,0,0,0,0,2,7,2
02/13/2023,1:00 PM,91,52,29.73,Clear,0,0,0,0,2,5,2
02/13/2023,1:30 PM,91,52,29.73,Clear,0,0,0,0,2,6,1
02/13/2023,2:00 PM,90,55,29.7,Clear,0,0,0,0,2,7,1
02/13/2023,2:30 PM,91,49,29.7,Clear,0,0,0,0,2,7,1
02/13/2023,3:00 PM,91,49,29.7,Clear,0,0,0,0,2,7,1
02/13/2023,3:30 PM,90,55,29.67,Clear,0,0,0,0,2,6,1
02/13/2023,4:00 PM,88,62,29.67,Clear,0,0,0,0,3,14,2
02/13/2023,4:30 PM,88,66,29.67,Clear,0,0,0,0,3,13,2
02/13/2023,5:00 PM,86,66,29.67,Clear,0,0,0,0,3,14,2
02/13/2023,5:30 PM,86,70,29.7,Clear,0,0,0,0,3,15,3
02/13/2023,6:00 PM,84,70,29.7,Clear,0,0,0,0,3,10,2
02/13/2023,6:30 PM,82,74,29.7,Clear,0,0,0,0,3,14,2
02/13/2023,7:00 PM,81,79,29.73,Clear,0,0,0,0,2,12,3
02/13/2023,7:30 PM,81,79,29.76,Clear,0,0,0,0,3,15,3
02/13/2023,8:00 PM,81,79,29.76,Clear,0,0,0,0,2,7,2
02/13/2023,8:30 PM,79,83,29.79,Clear,0,0,0,0,1,7,2
02/13/2023,9:00 PM,79,83,29.79,Clear,0,0,0,0,2,8,2
02/13/2023,9:30 PM,79,83,29.79,Clear,0,0,0,0,2,8,2
02/13/2023,10:00 PM,79,83,29.79,Clear,0,0,0,0,2,7,2
02/13/2023,10:30 PM,77,89,29.79,Clear,0,0,0,0,2,9,2
02/13/2023,11:00 PM,75,89,29.79,Clear,0,0,0,0,2,7,2
02/13/2023,11:30 PM,75,89,29.79,Clear,0,0,0,0,2,7,2
02/14/2023,12:00 AM,73,94,29.79,Clear,0,0,0,0,0,3,2
02/14/2023,12:30 AM,73,94,29.79,Clear,0,0,0,0,1,3,2
02/14/2023,1:00 AM,73,94,29.76,Clear,0,0,0,0,0,3,3
02/14/2023,1:30 AM,73,94,29.76,Clear,0,0,0,0,1,4,2
02/14/2023,2:00 AM,72,100,29.76,Clear,0,0,0,0,0,3,2
02/14/2023,2:30 AM,72,100,29.76,Clear,0,0,0,0,0,3,3
02/14/2023,3:00 AM,72,100,29.73,Clear,0,0,0,0,0,3,2
02/14/2023,3:30 AM,72,100,29.73,Clear,0,0,0,0,0,3,2
02/14/2023,4:00 AM,72,100,29.73,Clear,0,0,0,0,0,3,3
02/14/2023,4:30 AM,72,100,29.73,Clear,0,0,0,0,1,3,2
02/14/2023,5:00 AM,72,94,29.73,Clear,0,0,0,0,3,15,2
02/14/2023,5:30 AM,72,94,29.73,Clear,0,0,0,0,3,12,2
02/14/2023,6:00 AM,70,100,29.73,Clear,0,0,0,0,3,14,2
02/14/2023,6:30 AM,70,100,29.76,Clear,0,0,0,0,3,14,2
02/14/2023,7:00 AM,70,100,29.76,Clear,0,0,0,0,3,11,2
02/14/2023,7:30 AM,72,100,29.76,Clear,0,0,0,0,3,14,2
02/14/2023,8:00 AM,77,94,29.79,Clear,0,0,0,0,3,12,2
02/14/2023,8:30 AM,79,94,29.79,Clear,0,0,0,0,3,13,2
02/14/2023,9:00 AM,81,89,29.79,Clear,0,0,0,0,2,6,2
02/14/2023,9:30 AM,84,84,29.79,Clear,0,0,0,0,2,7,2
02/14/2023,10:00 AM,84,79,29.79,Clear,0,0,0,0,2,6,2
02/14/2023,10:30 AM,84,79,29.79,Clear,0,0,0,0,2,6,2
02/14/2023,11:00 AM,88,75,29.76,Clear,0,0,0,0,2,7,2
02/14/2023,11:30 AM,86,70,29.76,Clear,0,0,0,0,2,8,1
02/14/2023,12:00 PM,88,66,29.73,Clear,0,0,0,0,2,7,2
02/14/2023,12:30 PM,88,62,29.73,Clear,0,0,0,0,2,8,2
02/14/2023,1:00 PM,88,62,29.7,Clear,0,0,0,0,2,6,2
02/14/2023,1:30 PM,88,62,29.7,Clear,0,0,0,0,2,8,2
02/14/2023,2:00 PM,88,62,29.7,Clear,0,0,0,0,2,7,1
02/14/2023,2:30 PM,88,62,29.67,Clear,0,0,0,0,2,7,2
02/14/2023,3:00 PM,88,62,29.67,Clear,1,0,3,0,2,9,2
02/14/2023,3:30 PM,88,58,29.67,Clear,0,0,0,0,2,8,2
02/14/2023,4:00 PM,88,55,29.67,Clear,0,0,0,0,3,14,2
02/14/2023,4:30 PM,88,58,29.67,Clear,0,0,0,0,3,12,2
02/14/2023,5:00 PM,86,58,29.67,Clear,0,0,0,0,3,14,2
02/14/2023,5:30 PM,86,62,29.67,Clear,0,0,0,0,3,15,2
02/14/2023,6:00 PM,84,66,29.67,Clear,0,0,0,0,3,14,2
02/14/2023,6:30 PM,82,70,29.67,Clear,0,0,0,0,3,16,2
02/14/2023,7:00 PM,82,70,29.7,Clear,0,0,0,0,3,13,2
02/14/2023,7:30 PM,81,79,29.7,Clear,0,0,0,0,3,15,2
02/14/2023,8:00 PM,81,79,29.7,Clear,0,0,0,0,2,9,2
02/14/2023,8:30 PM,79,83,29.73,Clear,0,0,0,0,2,8,2
02/14/2023,9:00 PM,75,89,29.73,Clear,0,0,0,0,1,8,1
02/14/2023,9:30 PM,75,89,29.76,Clear,0,0,0,0,2,9,2
02/14/2023,10:00 PM,73,94,29.76,Clear,0,0,0,0,2,8,2
02/14/2023,10:30 PM,73,94,29.76,Clear,0,0,0,0,2,8,1
02/14/2023,11:00 PM,75,94,29.76,Clear,0,0,0,0,2,7,2
02/14/2023,11:30 PM,75,94,29.76,Clear,0,0,0,0,2,8,2
02/15/2023,12:00 AM,73,94,29.76,Clear,0,0,0,0,1,3,3
02/15/2023,12:30 AM,73,94,29.76,Clear,0,0,0,0,0,3,3
02/15/2023,1:00 AM,72,100,29.73,Clear,0,0,0,0,0,3,2
02/15/2023,1:30 AM,72,100,29.73,Clear,0,0,0,0,0,3,2
02/15/2023,2:00 AM,72,94,29.73,Clear,0,0,0,0,0,3,2
02/15/2023,2:30 AM,72,94,29.73,Clear,0,0,0,0,0,3,2
02/15/2023,3:00 AM,72,94,29.7,Clear,0,0,0,0,0,3,2
02/15/2023,3:30 AM,72,94,29.7,Clear,0,0,0,0,0,3,2
02/15/2023,4:00 AM,72,94,29.7,Clear,0,0,0,0,0,4,3
02/15/2023,4:30 AM,72,94,29.7,Clear,0,0,0,0,0,2,2
02/15/2023,5:00 AM,70,100,29.7,Clear,0,0,0,0,3,12,1
02/15/2023,5:30 AM,70,100,29.7,Clear,0,0,0,0,3,14,2
02/15/2023,6:00 AM,70,100,29.73,Clear,0,0,0,0,3,13,1
02/15/2023,6:30 AM,70,94,29.73,Clear,0,0,0,0,3,17,2
02/15/2023,7:00 AM,70,100,29.76,Clear,0,0,0,0,3,15,2
02/15/2023,7:30 AM,73,94,29.76,Clear,0,0,0,0,3,16,2
02/15/2023,8:00 AM,73,100,29.76,Clear,0,0,0,0,3,13,2
02/15/2023,8:30 AM,79,94,29.79,Clear,0,0,0,0,2,13,2
02/15/2023,9:00 AM,82,84,29.79,Clear,0,0,0,0,2,6,1
02/15/2023,9:30 AM,84,79,29.79,Clear,0,0,0,0,2,6,2
02/15/2023,10:00 AM,86,74,29.79,Clear,0,0,0,0,2,7,2
02/15/2023,10:30 AM,86,74,29.79,Clear,0,0,0,0,2,6,1
02/15/2023,11:00 AM,88,66,29.79,Clear,0,0,0,0,2,7,1
02/15/2023,11:30 AM,88,62,29.79,Clear,0,0,0,0,2,7,2
02/15/2023,12:00 PM,90,59,29.76,Clear,0,0,0,0,2,6,2
02/15/2023,12:30 PM,90,55,29.73,Clear,0,0,0,0,2,6,1
02/15/2023,1:00 PM,90,55,29.73,Clear,0,0,0,0,2,7,2
02/15/2023,1:30 PM,90,59,29.7,Clear,0,0,0,0,2,7,1
02/15/2023,2:00 PM,90,59,29.7,Clear,0,0,0,0,2,6,2
02/15/2023,2:30 PM,90,59,29.7,Clear,0,0,0,0,2,6,2
02/15/2023,3:00 PM,90,55,29.67,Clear,0,0,0,0,2,7,2
02/15/2023,3:30 PM,88,58,29.67,Clear,0,0,0,0,2,7,2
02/15/2023,4:00 PM,88,62,29.67,Clear,0,0,0,0,3,14,2
02/15/2023,4:30 PM,86,66,29.7,Clear,0,0,0,0,3,15,2
02/15/2023,5:00 PM,84,66,29.7,Clear,0,0,0,0,3,11,3
02/15/2023,5:30 PM,84,66,29.7,Clear,0,0,0,0,3,13,2
02/15/2023,6:00 PM,82,70,29.7,Clear,0,0,0,0,3,15,3
02/15/2023,6:30 PM,82,70,29.73,Clear,0,0,0,0,3,16,2
02/15/2023,7:00 PM,81,70,29.73,Clear,0,0,0,0,3,15,3
02/15/2023,7:30 PM,81,74,29.73,Clear,0,0,0,0,3,14,2
02/15/2023,8:00 PM,79,74,29.76,Clear,0,0,0,0,1,8,2
02/15/2023,8:30 PM,79,74,29.76,Clear,0,0,0,0,2,7,2
02/15/2023,9:00 PM,79,74,29.76,Clear,0,0,0,0,2,8,1
02/15/2023,9:30 PM,77,78,29.79,Clear,0,0,0,0,1,7,2
02/15/2023,10:00 PM,75,83,29.79,Clear,0,0,0,0,2,7,2
02/15/2023,10:30 PM,73,88,29.79,Clear,0,0,0,0,2,7,2
02/15/2023,11:00 PM,72,94,29.79,Clear,0,0,0,0,1,8,2
02/15/2023,11:30 PM,72,94,29.79,Clear,0,0,0,0,2,9,1
02/16/2023,12:00 AM,72,94,29.79,Clear,0,0,0,0,0,3,3
02/16/2023,12:30 AM,72,94,29.79,Clear,0,0,0,0,0,4,2
02/16/2023,1:00 AM,72,94,29.79,Clear,0,0,0,0,0,4,2
02/16/2023,1:30 AM,70,94,29.79,Clear,0,0,0,0,0,4,2
02/16/2023,2:00 AM,70,94,29.76,Clear,0,0,0,0,0,3,3
02/16/2023,2:30 AM,70,94,29.76,Clear,0,0,0,0,1,3,2
02/16/2023,3:00 AM,70,94,29.73,Clear,0,0,0,0,0,3,3
02/16/2023,3:30 AM,70,94,29.73,Clear,0,0,0,0,0,3,2
02/16/2023,4:00 AM,70,94,29.73,Clear,0,0,0,0,0,3,2
02/16/2023,4:30 AM,70,94,29.73,Clear,0,0,0,0,1,3,2
02/16/2023,5:00 AM,70,94,29.73,Clear,0,0,0,0,3,15,2
02/16/2023,5:30 AM,68,100,29.76,Clear,0,0,0,0,3,15,2
02/16/2023,6:00 AM,68,100,29.76,Clear,0,0,0,0,3,14,2
02/16/2023,6:30 AM,68,100,29.76,Clear,0,0,0,0,3,13,2
02/16/2023,7:00 AM,70,94,29.76,Clear,0,0,0,0,3,14,2
02/16/2023,7:30 AM,72,94,29.79,Clear,0,0,0,0,3,11,2
02/16/2023,8:00 AM,75,94,29.79,Clear,0,0,0,0,3,15,2
02/16/2023,8:30 AM,79,89,29.79,Clear,0,0,0,0,3,13,2
02/16/2023,9:00 AM,82,79,29.79,Clear,0,0,0,0,2,7,2
02/16/2023,9:30 AM,84,74,29.81,Clear,0,0,0,0,2,7,2
02/16/2023,10:00 AM,84,74,29.81,Clear,0,0,0,0,2,7,2
02/16/2023,10:30 AM,86,66,29.81,Clear,0,0,0,0,2,7,2
02/16/2023,11:00 AM,88,58,29.79,Clear,0,0,0,0,2,5,1
02/16/2023,11:30 AM,88,58,29.79,Clear,0,0,0,0,2,7,1
02/16/2023,12:00 PM,90,52,29.79,Clear,0,0,0,0,2,6,1
02/16/2023,12:30 PM,90,52,29.79,Clear,0,0,0,0,2,7,2
02/16/2023,1:00 PM,90,52,29.76,Clear,0,0,0,0,2,7,2
02/16/2023,1:30 PM,90,55,29.76,Clear,0,0,0,0,2,7,1
02/16/2023,2:00 PM,90,52,29.73,Clear,0,0,0,0,2,6,1
02/16/2023,2:30 PM,90,55,29.73,Clear,0,0,0,0,2,6,2
02/16/2023,3:00 PM,90,55,29.7,Clear,0,0,0,0,2,6,2
02/16/2023,3:30 PM,90,52,29.7,Clear,0,0,0,0,2,8,1
02/16/2023,4:00 PM,88,58,29.7,Clear,0,0,0,0,3,14,2
02/16/2023,4:30 PM,88,58,29.7,Clear,0,0,0,0,3,14,2
02/16/2023,5:00 PM,86,62,29.7,Clear,0,0,0,0,3,14,3
02/16/2023,5:30 PM,86,62,29.7,Clear,0,0,0,0,2,13,2
02/16/2023,6:00 PM,84,66,29.73,Clear,0,0,0,0,3,14,2
02/16/2023,6:30 PM,82,70,29.73,Clear,0,0,0,0,3,13,2
02/16/2023,7:00 PM,82,74,29.73,Clear,0,0,0,0,3,17,2
02/16/2023,7:30 PM,81,79,29.76,Clear,0,0,0,0,3,12,2
02/16/2023,8:00 PM,81,79,29.76,Clear,0,0,0,0,2,8,2
02/16/2023,8:30 PM,81,79,29.79,Clear,0,0,0,0,2,7,2
02/16/2023,9:00 PM,79,78,29.79,Clear,0,0,0,0,2,7,2
02/16/2023,9:30 PM,79,78,29.81,Clear,0,0,0,0,2,7,2
02/16/2023,10:00 PM,77,83,29.81,Clear,0,0,0,0,2,9,1
02/16/2023,10:30 PM,77,83,29.81,Rain,0,0,0,0,1,9,2
02/16/2023,11:00 PM,75,89,29.81,Clear,0,0,0,0,2,9,2
02/16/2023,11:30 PM,75,89,29.81,Clear,0,0,0,0,2,9,1
02/17/2023,12:00 AM,75,94,29.81,Rain,0,0,0,0,0,3,2
02/17/2023,12:30 AM,75,94,29.81,Rain,0,0,0,0,0,3,2
02/17/2023,1:00 AM,75,94,29.81,Clear,0,0,0,0,0,3,2
02/17/2023,1:30 AM,75,94,29.81,Clear,0,0,0,0,0,3,2
02/17/2023,2:00 AM,75,94,29.79,Clear,0,0,0,0,0,3,2
02/17/2023,2:30 AM,75,94,29.79,Clear,0,0,0,0,1,3,2
02/17/2023,3:00 AM,73,100,29.79,Clear,0,0,0,0,0,3,2
02/17/2023,3:30 AM,73,100,29.76,Clear,0,0,0,0,0,4,3
02/17/2023,4:00 AM,73,100,29.76,Clear,0,0,0,0,0,3,3
02/17/2023,4:30 AM,73,100,29.76,Clear,0,0,0,0,0,3,2
02/17/2023,5:00 AM,73,94,29.76,Clear,0,0,0,0,3,13,2
02/17/2023,5:30 AM,73,94,29.76,Clear,0,0,0,0,3,13,2
02/17/2023,6:00 AM,73,94,29.76,Clear,0,0,0,0,3,13,2
02/17/2023,6:30 AM,73,94,29.79,Clear,0,0,0,0,3,15,2
02/17/2023,7:00 AM,73,100,29.79,Clear,0,0,0,0,3,13,2
02/17/2023,7:30 AM,75,100,29.79,Clear,0,0,0,0,2,14,2
02/17/2023,8:00 AM,77,94,29.79,Clear,0,0,0,0,3,16,2
02/17/2023,8:30 AM,81,84,29.79,Clear,0,0,0,0,3,16,2
02/17/2023,9:00 AM,82,84,29.81,Clear,0,0,0,0,2,7,1
02/17/2023,9:30 AM,84,79,29.81,Clear,0,0,0,0,2,7,2
02/17/2023,10:00 AM,86,74,29.81,Clear,0,0,0,0,2,8,2
02/17/2023,10:30 AM,86,70,29.81,Clear,0,0,0,0,2,7,1
02/17/2023,11:00 AM,88,66,29.81,Clear,0,0,0,0,2,7,1
02/17/2023,11:30 AM,88,58,29.79,Clear,0,0,0,0,2,6,1
02/17/2023,12:00 PM,90,59,29.79,Clear,0,0,0,0,2,6,2
02/17/2023,12:30 PM,90,55,29.76,Clear,0,0,0,0,2,7,2
02/17/2023,1:00 PM,90,55,29.76,Clear,0,0,0,0,2,7,1
02/17/2023,1:30 PM,90,55,29.73,Clear,0,0,0,0,2,8,1
02/17/2023,2:00 PM,90,52,29.73,Clear,0,0,0,0,2,6,2
02/17/2023,2:30 PM,90,55,29.7,Clear,0,0,0,0,2,8,2
02/17/2023,3:00 PM,90,52,29.7,Clear,0,0,0,0,2,7,2
02/17/2023,3:30 PM,90,55,29.7,Clear,0,0,0,0,2,7,2
02/17/2023,4:00 PM,88,58,29.7,Clear,0,0,0,0,3,15,2
02/17/2023,4:30 PM,88,55,29.7,Clear,0,0,0,0,4,14,2
02/17/2023,5:00 PM,86,62,29.7,Clear,0,0,0,0,3,14,3
02/17/2023,5:30 PM,84,66,29.7,Clear,0,0,0,0,3,12,2
02/17/2023,6:00 PM,84,66,29.73,Clear,0,0,0,0,3,14,2
02/17/2023,7:00 PM,81,74,29.73,Clear,0,0,0,0,3,12,2
02/17/2023,7:30 PM,81,74,29.76,Clear,0,0,0,0,3,14,2
02/17/2023,8:00 PM,81,79,29.76,Clear,0,0,0,0,2,8,2
02/17/2023,8:30 PM,81,79,29.79,Clear,0,0,0,0,2,8,2
02/17/2023,9:00 PM,81,79,29.79,Clear,0,0,0,0,2,7,1
02/17/2023,9:30 PM,79,83,29.79,Clear,0,0,0,0,2,7,2
02/17/2023,10:00 PM,81,79,29.79,Clear,0,0,0,0,2,9,1
02/17/2023,10:30 PM,79,83,29.81,Clear,0,0,0,0,1,9,1
02/17/2023,11:00 PM,79,83,29.81,Clear,0,0,0,0,1,8,2
02/17/2023,11:30 PM,79,83,29.81,Clear,0,0,0,0,1,9,2
02/18/2023,12:00 AM,79,83,29.81,Clear,0,0,0,0,1,3,2
02/18/2023,12:30 AM,77,89,29.81,Clear,0,0,0,0,0,3,2
02/18/2023,1:00 AM,75,89,29.81,Clear,0,0,0,0,0,3,2
02/18/2023,1:30 AM,75,89,29.79,Clear,0,0,0,0,0,3,2
02/18/2023,2:00 AM,75,89,29.79,Clear,0,0,0,0,0,3,2
02/18/2023,2:30 AM,73,94,29.79,Clear,0,0,0,0,0,3,2
02/18/2023,3:00 AM,73,94,29.76,Clear,0,0,0,0,0,3,2
02/18/2023,3:30 AM,73,94,29.76,Clear,0,0,0,0,0,3,2
02/18/2023,4:00 AM,73,94,29.76,Clear,0,0,0,0,0,3,2
02/18/2023,4:30 AM,73,94,29.76,Clear,0,0,0,0,1,3,2
02/18/2023,5:00 AM,75,94,29.76,Rain,0,0,0,0,2,14,2
02/18/2023,5:30 AM,75,94,29.76,Rain,0,0,0,0,2,14,2
02/18/2023,6:00 AM,75,94,29.76,Clear,1,0,3,0,3,12,2
02/18/2023,6:30 AM,75,94,29.76,Clear,0,0,0,0,3,14,2
02/18/2023,7:00 AM,73,100,29.79,Clear,0,0,0,0,4,16,2
02/18/2023,7:30 AM,75,94,29.79,Clear,0,0,0,0,3,15,2
02/18/2023,8:00 AM,77,94,29.79,Clear,0,0,0,0,3,11,2
02/18/2023,8:30 AM,79,89,29.81,Clear,0,0,0,0,3,15,2
02/18/2023,9:00 AM,81,89,29.81,Clear,0,0,0,0,2,6,2
02/18/2023,9:30 AM,82,84,29.81,Rain,0,0,0,0,1,7,2
02/18/2023,10:00 AM,84,79,29.81,Clear,0,0,0,0,2,6,1
02/18/2023,10:30 AM,86,79,29.81,Clear,0,0,0,0,2,8,2
02/18/2023,11:30 AM,86,70,29.79,Clear,0,0,0,0,2,7,2
02/18/2023,12:00 PM,88,66,29.79,Clear,0,0,0,0,2,6,1
02/18/2023,12:30 PM,86,70,29.76,Clear,0,0,0,0,2,7,2
02/18/2023,1:00 PM,88,66,29.76,Clear,0,0,0,0,2,8,2
02/18/2023,1:30 PM,90,62,29.73,Clear,0,0,0,0,2,6,1
02/18/2023,2:00 PM,90,59,29.7,Clear,0,0,0,0,2,7,1
02/18/2023,2:30 PM,90,59,29.7,Clear,0,0,0,0,2,7,1
02/18/2023,3:00 PM,90,59,29.67,Clear,0,0,0,0,2,5,2
02/18/2023,3:30 PM,90,59,29.67,Clear,0,0,0,0,2,7,2
02/18/2023,4:00 PM,88,62,29.67,Clear,0,0,0,0,3,14,3
02/18/2023,4:30 PM,88,62,29.67,Clear,0,0,0,0,3,13,2
02/18/2023,5:00 PM,86,66,29.67,Clear,0,0,0,0,3,12,2
02/18/2023,5:30 PM,86,66,29.7,Clear,0,0,0,0,3,13,2
02/18/2023,6:00 PM,82,74,29.7,Clear,0,0,0,0,3,14,2
02/18/2023,6:30 PM,82,74,29.73,Clear,0,0,0,0,3,15,2
02/18/2023,7:00 PM,82,74,29.73,Clear,0,0,0,0,3,14,3
02/18/2023,7:30 PM,81,79,29.73,Clear,0,0,0,0,3,15,2
02/18/2023,8:00 PM,81,79,29.76,Clear,0,0,0,0,2,7,2
02/18/2023,8:30 PM,79,83,29.76,Clear,0,0,0,0,2,7,2
02/18/2023,9:00 PM,79,83,29.76,Clear,0,0,0,0,2,9,2
02/18/2023,9:30 PM,79,83,29.79,Clear,0,0,0,0,2,9,2
02/18/2023,10:00 PM,77,89,29.79,Clear,0,0,0,0,2,7,2
02/18/2023,10:30 PM,77,89,29.79,Clear,0,0,0,0,2,8,2
02/18/2023,11:00 PM,77,89,29.81,Clear,0,0,0,0,2,8,2
02/18/2023,11:30 PM,77,89,29.81,Clear,0,0,0,0,2,8,2
02/19/2023,12:00 AM,77,89,29.81,Clear,0,0,0,0,1,3,2
02/19/2023,12:30 AM,75,94,29.79,Clear,0,0,0,0,0,3,2
02/19/2023,1:00 AM,75,94,29.79,Clear,0,0,0,0,0,3,2
02/19/2023,2:00 AM,73,94,29.79,Clear,0,0,0,0,0,2,2
02/19/2023,2:30 AM,73,94,29.76,Clear,0,0,0,0,1,4,2
02/19/2023,3:00 AM,73,94,29.76,Clear,0,0,0,0,0,3,2
02/19/2023,3:30 AM,73,94,29.76,Clear,0,0,0,0,1,3,2
02/19/2023,4:00 AM,73,94,29.73,Clear,0,0,0,0,0,3,2
02/19/2023,4:30 AM,73,94,29.73,Clear,0,0,0,0,0,3,2
02/19/2023,5:00 AM,73,94,29.73,Clear,0,0,0,0,2,12,2
02/19/2023,5:30 AM,73,94,29.73,Clear,0,0,0,0,3,13,2
02/19/2023,6:00 AM,73,100,29.76,Clear,0,0,0,0,3,12,2
02/19/2023,6:30 AM,75,94,29.76,Clear,0,0,0,0,3,14,1
02/19/2023,7:00 AM,73,100,29.79,Clear,0,0,0,0,2,14,1
02/19/2023,7:30 AM,77,94,29.79,Clear,0,0,0,0,2,12,2
02/19/2023,8:00 AM,79,94,29.79,Clear,0,0,0,0,3,15,1
02/19/2023,8:30 AM,82,84,29.81,Clear,0,0,0,0,3,12,2
02/19/2023,9:00 AM,82,84,29.81,Clear,0,0,0,0,2,8,2
02/19/2023,9:30 AM,84,79,29.81,Clear,0,0,0,0,2,7,1
02/19/2023,10:30 AM,86,70,29.81,Clear,0,0,0,0,2,7,1
02/19/2023,11:00 AM,88,66,29.81,Clear,0,0,0,0,2,7,1
02/19/2023,11:30 AM,86,66,29.81,Clear,0,0,0,0,2,7,2
02/19/2023,12:00 PM,86,66,29.79,Clear,0,0,0,0,2,8,1
02/19/2023,12:30 PM,86,66,29.79,Clear,0,0,0,0,2,7,2
02/19/2023,1:00 PM,86,66,29.79,Clear,0,0,0,0,2,7,2
02/19/2023,1:30 PM,86,66,29.76,Clear,0,0,0,0,2,6,1
02/19/2023,2:00 PM,86,66,29.76,Clear,0,0,0,0,2,6,2
02/19/2023,2:30 PM,86,66,29.73,Clear,0,0,0,0,2,7,2
02/19/2023,3:00 PM,84,70,29.73,Clear,0,0,0,0,2,7,2
02/19/2023,3:30 PM,84,74,29.7,Clear,0,0,0,0,2,6,2
02/19/2023,4:00 PM,84,74,29.7,Clear,0,0,0,0,3,13,2
02/19/2023,4:30 PM,84,74,29.7,Clear,0,0,0,0,3,13,2
02/19/2023,5:00 PM,82,79,29.7,Clear,0,0,0,0,3,13,2
02/19/2023,5:30 PM,82,74,29.7,Clear,0,0,0,0,3,14,2
02/19/2023,6:00 PM,82,79,29.7,Clear,0,0,0,0,3,12,2
02/19/2023,6:30 PM,82,79,29.7,Clear,0,0,0,0,3,12,3
02/19/2023,7:00 PM,81,79,29.7,Clear,0,0,0,0,2,17,2
02/19/2023,7:30 PM,81,79,29.73,Clear,0,0,0,0,3,10,2
02/19/2023,8:00 PM,81,79,29.73,Clear,0,0,0,0,2,7,2
02/19/2023,8:30 PM,79,83,29.76,Clear,0,0,0,0,2,8,2
02/19/2023,9:00 PM,79,83,29.76,Clear,0,0,0,0,2,7,2
02/19/2023,9:30 PM,79,83,29.79,Clear,0,0,0,0,2,7,2
02/19/2023,10:00 PM,77,89,29.79,Clear,0,0,0,0,2,8,1
02/19/2023,10:30 PM,77,89,29.79,Clear,0,0,0,0,2,8,1
02/19/2023,11:00 PM,75,94,29.76,Clear,0,0,0,0,2,8,2
02/19/2023,11:30 PM,75,94,29.76,Clear,0,0,0,0,2,6,2
02/20/2023,12:00 AM,75,94,29.76,Clear,0,0,0,0,0,3,2
02/20/2023,12:30 AM,73,100,29.76,Clear,0,0,0,0,0,3,2
02/20/2023,1:00 AM,73,100,29.76,Clear,0,0,0,0,0,4,2
02/20/2023,1:30 AM,73,100,29.76,Clear,0,0,0,0,0,3,2
02/20/2023,2:00 AM,73,100,29.73,Clear,0,0,0,0,0,3,2
02/20/2023,2:30 AM,73,94,29.73,Clear,0,0,0,0,0,3,2
02/20/2023,3:00 AM,73,94,29.73,Clear,0,0,0,0,0,3,2
02/20/2023,3:30 AM,73,94,29.73,Clear,0,0,0,0,1,3,2
02/20/2023,4:00 AM,73,94,29.73,Clear,0,0,0,0,0,3,2
02/20/2023,4:30 AM,72,100,29.73,Clear,0,0,0,0,0,4,2
02/20/2023,5:00 AM,72,100,29.73,Clear,0,0,0,0,3,13,2
02/20/2023,5:30 AM,72,100,29.73,Clear,0,0,0,0,3,15,2
02/20/2023,6:00 AM,72,100,29.73,Clear,0,0,0,0,3,13,2
02/20/2023,6:30 AM,72,100,29.73,Clear,0,0,0,0,3,13,2
02/20/2023,7:00 AM,72,100,29.76,Clear,0,0,0,0,3,13,1
02/20/2023,7:30 AM,73,100,29.76,Clear,0,0,0,0,2,13,2
02/20/2023,8:00 AM,77,94,29.79,Clear,0,0,0,0,3,14,2
02/20/2023,8:30 AM,79,89,29.79,Clear,0,0,0,0,3,14,2
02/20/2023,9:00 AM,81,84,29.79,Clear,0,0,0,0,2,5,2
02/20/2023,9:30 AM,84,79,29.81,Clear,0,0,0,0,2,7,2
02/20/2023,10:00 AM,86,74,29.81,Clear,0,0,0,0,2,7,1
02/20/2023,10:30 AM,86,70,29.79,Clear,0,0,0,0,2,7,2
02/20/2023,11:00 AM,86,70,29.79,Clear,0,0,0,0,2,7,2
02/20/2023,11:30 AM,86,66,29.79,Clear,0,0,0,0,2,6,1
02/20/2023,12:00 PM,90,62,29.76,Clear,0,0,0,0,2,7,2
02/20/2023,12:30 PM,90,59,29.76,Clear,0,0,0,0,1,5,2
02/20/2023,1:00 PM,90,59,29.73,Clear,0,0,0,0,2,7,2
02/20/2023,1:30 PM,90,55,29.73,Clear,0,0,0,0,2,6,1
02/20/2023,2:00 PM,91,55,29.7,Clear,0,0,0,0,2,5,1
02/20/2023,2:30 PM,90,59,29.7,Clear,0,0,0,0,2,6,2
02/20/2023,3:00 PM,88,62,29.67,Clear,0,0,0,0,2,6,2
02/20/2023,3:30 PM,88,62,29.67,Clear,0,0,0,0,2,7,2
02/20/2023,4:00 PM,90,62,29.67,Clear,0,0,0,0,2,11,2
02/20/2023,4:30 PM,88,66,29.67,Clear,0,0,0,0,3,13,3
02/20/2023,5:00 PM,88,62,29.67,Clear,0,0,0,0,2,14,2
02/20/2023,5:30 PM,88,62,29.67,Clear,0,0,0,0,3,13,3
02/20/2023,6:00 PM,84,66,29.7,Clear,0,0,0,0,3,15,2
02/20/2023,6:30 PM,82,74,29.7,Clear,0,0,0,0,3,13,2
02/20/2023,7:00 PM,82,74,29.73,Clear,0,0,0,0,3,14,2
02/20/2023,7:30 PM,81,79,29.73,Clear,0,0,0,0,3,14,2
02/20/2023,8:00 PM,81,79,29.76,Clear,0,0,0,0,2,9,2
02/20/2023,8:30 PM,81,79,29.76,Clear,0,0,0,0,2,9,2
02/20/2023,9:00 PM,81,79,29.76,Clear,0,0,0,0,2,7,2
02/20/2023,9:30 PM,79,83,29.79,Clear,0,0,0,0,2,9,2
02/20/2023,10:00 PM,79,83,29.79,Clear,0,0,0,0,2,9,2
02/20/2023,10:30 PM,77,89,29.79,Clear,0,0,0,0,2,6,2
02/20/2023,11:00 PM,75,94,29.79,Clear,0,0,0,0,2,9,1
02/20/2023,11:30 PM,75,89,29.79,Clear,0,0,0,0,2,8,2
02/21/2023,12:00 AM,75,89,29.79,Clear,0,0,0,0,0,3,2
02/21/2023,1:00 AM,73,94,29.79,Clear,0,0,0,0,0,4,2
02/21/2023,1:30 AM,73,94,29.79,Clear,0,0,0,0,0,3,2
02/21/2023,2:00 AM,75,94,29.76,Clear,0,0,0,0,0,3,2
02/21/2023,2:30 AM,75,94,29.76,Clear,0,0,0,0,1,3,2
02/21/2023,3:00 AM,73,94,29.76,Clear,0,0,0,0,0,3,3
02/21/2023,3:30 AM,73,94,29.76,Clear,0,0,0,0,0,3,2
02/21/2023,4:00 AM,73,94,29.76,Clear,0,0,0,0,1,3,2
02/21/2023,4:30 AM,72,100,29.76,Clear,0,0,0,0,1,3,2
02/21/2023,5:00 AM,72,94,29.76,Clear,0,0,0,0,3,12,2
02/21/2023,5:30 AM,72,100,29.76,Clear,0,0,0,0,3,14,2
02/21/2023,6:00 AM,72,100,29.76,Clear,0,0,0,0,3,14,2
02/21/2023,6:30 AM,72,94,29.79,Clear,0,0,0,0,3,15,2
02/21/2023,7:00 AM,72,100,29.79,Clear,0,0,0,0,3,13,2
02/21/2023,7:30 AM,73,100,29.79,Clear,0,0,0,0,3,13,2
02/21/2023,8:00 AM,79,89,29.81,Clear,0,0,0,0,3,12,2
02/21/2023,8:30 AM,82,79,29.81,Clear,0,0,0,0,3,16,2
02/21/2023,9:00 AM,82,79,29.81,Clear,0,0,0,0,2,7,2
02/21/2023,9:30 AM,86,74,29.81,Clear,0,0,0,0,2,6,2
02/21/2023,10:00 AM,86,70,29.81,Clear,0,0,0,0,2,5,2
02/21/2023,10:30 AM,88,66,29.81,Clear,0,0,0,0,2,7,2
02/21/2023,11:00 AM,86,70,29.81,Clear,0,0,0,0,2,6,2
02/21/2023,11:30 AM,90,59,29.79,Clear,0,0,0,0,2,7,2
02/21/2023,12:00 PM,88,62,29.79,Clear,0,0,0,0,2,8,1
02/21/2023,12:30 PM,88,62,29.76,Clear,0,0,0,0,2,7,1
02/21/2023,1:30 PM,88,62,29.76,Clear,0,0,0,0,2,6,2
02/21/2023,2:00 PM,88,62,29.73,Clear,0,0,0,0,2,7,2
02/21/2023,2:30 PM,90,59,29.73,Clear,0,0,0,0,2,7,1
02/21/2023,3:00 PM,90,62,29.7,Clear,0,0,0,0,2,7,2
02/21/2023,3:30 PM,88,62,29.7,Clear,0,0,0,0,2,7,2
02/21/2023,4:00 PM,88,62,29.7,Clear,0,0,0,0,3,13,2
02/21/2023,4:30 PM,86,66,29.7,Clear,0,0,0,0,3,14,2
02/21/2023,5:00 PM,86,66,29.73,Clear,0,0,0,0,3,11,2
02/21/2023,5:30 PM,84,70,29.73,Clear,0,0,0,0,3,14,2
02/21/2023,6:00 PM,84,70,29.73,Clear,0,0,0,0,3,14,2
02/21/2023,6:30 PM,82,74,29.73,Clear,0,0,0,0,3,14,2
02/21/2023,7:00 PM,82,74,29.76,Clear,0,0,0,0,3,10,2
02/21/2023,7:30 PM,81,79,29.79,Clear,0,0,0,0,3,14,2
02/21/2023,8:00 PM,81,79,29.79,Clear,0,0,0,0,2,8,1
02/21/2023,8:30 PM,81,79,29.79,Clear,0,0,0,0,2,7,2
02/21/2023,9:00 PM,81,79,29.79,Clear,0,0,0,0,2,8,1
02/21/2023,9:30 PM,81,79,29.81,Clear,0,0,0,0,2,7,2
02/21/2023,10:00 PM,79,83,29.81,Clear,0,0,0,0,2,8,2
02/21/2023,10:30 PM,79,83,29.81,Clear,0,0,0,0,2,6,2
02/21/2023,11:00 PM,79,83,29.81,Clear,0,0,0,0,2,7,2
02/21/2023,11:30 PM,77,89,29.81,Clear,0,0,0,0,2,8,1
02/22/2023,12:30 AM,75,89,29.79,Clear,0,0,0,0,0,3,2
02/22/2023,1:00 AM,75,89,29.79,Clear,0,0,0,0,0,3,2
02/22/2023,1:30 AM,73,94,29.79,Clear,0,0,0,0,1,3,3
02/22/2023,2:00 AM,73,94,29.79,Clear,0,0,0,0,1,3,2
02/22/2023,2:30 AM,73,94,29.79,Clear,0,0,0,0,0,3,3
02/22/2023,3:00 AM,73,94,29.76,Clear,0,0,0,0,0,3,2
02/22/2023,3:30 AM,73,94,29.76,Clear,0,0,0,0,0,3,2
02/22/2023,4:00 AM,72,94,29.76,Clear,0,0,0,0,0,3,2
02/22/2023,4:30 AM,72,94,29.76,Clear,0,0,0,0,0,3,2
02/22/2023,5:30 AM,72,94,29.76,Clear,0,0,0,0,2,14,2
02/22/2023,6:00 AM,72,100,29.79,Clear,0,0,0,0,3,14,2
02/22/2023,6:30 AM,72,100,29.79,Clear,0,0,0,0,3,12,2
02/22/2023,7:00 AM,72,100,29.79,Clear,0,0,0,0,3,14,1
02/22/2023,7:30 AM,73,94,29.81,Clear,0,0,0,0,3,11,2
02/22/2023,8:00 AM,77,89,29.81,Clear,0,0,0,0,3,14,2
02/22/2023,8:30 AM,79,89,29.81,Clear,0,0,0,0,3,15,2
02/22/2023,9:00 AM,82,79,29.81,Clear,0,0,0,0,2,7,1
02/22/2023,9:30 AM,84,74,29.81,Clear,0,0,0,0,2,7,2
02/22/2023,10:00 AM,86,70,29.81,Clear,0,0,0,0,2,7,1
02/22/2023,10:30 AM,86,70,29.81,Clear,0,0,0,0,2,7,2
02/22/2023,11:00 AM,86,66,29.81,Clear,0,0,0,0,2,6,2
02/22/2023,11:30 AM,88,62,29.81,Clear,0,0,0,0,2,8,2
02/22/2023,12:00 PM,90,59,29.79,Clear,0,0,0,0,2,7,2
02/22/2023,12:30 PM,90,55,29.79,Clear,0,0,0,0,2,7,1
02/22/2023,1:00 PM,90,55,29.76,Clear,0,0,0,0,2,7,1
02/22/2023,1:30 PM,91,52,29.76,Clear,0,0,0,0,2,6,2
02/22/2023,2:00 PM,90,55,29.73,Clear,0,0,0,0,2,7,2
02/22/2023,2:30 PM,90,55,29.73,Clear,0,0,0,0,2,7,1
02/22/2023,3:00 PM,90,59,29.73,Clear,0,0,0,0,2,6,2
02/22/2023,3:30 PM,90,55,29.7,Clear,0,0,0,0,2,7,2
02/22/2023,4:00 PM,88,62,29.7,Clear,0,0,0,0,3,13,3
02/22/2023,4:30 PM,88,58,29.73,Clear,0,0,0,0,3,12,2
02/22/2023,5:00 PM,86,58,29.73,Clear,0,0,0,0,3,11,2
02/22/2023,5:30 PM,84,62,29.73,Clear,0,0,0,0,3,13,2
02/22/2023,6:00 PM,84,62,29.73,Clear,0,0,0,0,3,14,2
02/22/2023,6:30 PM,82,70,29.73,Clear,0,0,0,0,2,15,2
02/22/2023,7:00 PM,82,70,29.76,Clear,0,0,0,0,3,14,2
02/22/2023,7:30 PM,81,74,29.76,Clear,0,0,0,0,3,16,2
02/22/2023,8:00 PM,81,79,29.76,Clear,0,0,0,0,2,8,2
02/22/2023,8:30 PM,81,79,29.79,Clear,0,0,0,0,2,8,2
02/22/2023,9:00 PM,81,79,29.79,Clear,0,0,0,0,2,8,2
02/22/2023,9:30 PM,81,79,29.81,Clear,0,0,0,0,1,8,2
02/22/2023,10:00 PM,79,83,29.81,Clear,0,0,0,0,2,9,2
02/22/2023,10:30 PM,79,83,29.81,Clear,0,0,0,0,2,7,2
02/22/2023,11:00 PM,79,83,29.81,Clear,0,0,0,0,2,8,2
02/22/2023,11:30 PM,79,83,29.81,Clear,0,0,0,0,2,8,2
02/23/2023,12:00 AM,75,89,29.81,Clear,0,0,0,0,0,3,2
02/23/2023,12:30 AM,75,89,29.81,Clear,0,0,0,0,0,4,2
02/23/2023,1:00 AM,73,94,29.79,Clear,0,0,0,0,1,3,2
02/23/2023,1:30 AM,73,94,29.79,Clear,0,0,0,0,1,3,2
02/23/2023,2:00 AM,72,94,29.76,Clear,0,0,0,0,0,4,2
02/23/2023,2:30 AM,72,94,29.76,Clear,0,0,0,0,0,3,2
02/23/2023,3:00 AM,72,100,29.76,Clear,0,0,0,0,0,3,2
02/23/2023,3:30 AM,72,100,29.76,Clear,0,0,0,0,0,3,2
02/23/2023,4:00 AM,72,94,29.76,Clear,0,0,0,0,0,3,3
02/23/2023,4:30 AM,72,94,29.76,Clear,0,0,0,0,1,4,2
02/23/2023,5:00 AM,72,94,29.73,Clear,0,0,0,0,3,14,2
02/23/2023,5:30 AM,70,100,29.76,Clear,0,0,0,0,3,13,2
02/23/2023,6:00 AM,70,100,29.76,Clear,0,0,0,0,3,12,1
02/23/2023,6:30 AM,70,100,29.76,Clear,0,0,0,0,3,13,2
02/23/2023,7:00 AM,70,100,29.76,Clear,0,0,0,0,3,13,2
02/23/2023,7:30 AM,72,100,29.79,Clear,0,0,0,0,3,13,2
02/23/2023,8:00 AM,73,100,29.79,Clear,0,0,0,0,3,11,2
02/23/2023,8:30 AM,77,94,29.79,Clear,0,0,0,0,3,13,2
02/23/2023,9:00 AM,81,84,29.81,Clear,0,0,0,0,2,8,1
02/23/2023,9:30 AM,82,79,29.81,Clear,0,0,0,0,2,7,2
02/23/2023,10:00 AM,84,74,29.81,Clear,0,0,0,0,2,8,2
02/23/2023,10:30 AM,84,74,29.81,Clear,0,0,0,0,2,7,2
02/23/2023,11:00 AM,86,70,29.79,Clear,0,0,0,0,2,6,2
02/23/2023,11:30 AM,88,62,29.79,Clear,0,0,0,0,2,8,2
02/23/2023,12:00 PM,88,62,29.76,Clear,0,0,0,0,2,6,2
02/23/2023,12:30 PM,88,58,29.76,Clear,0,0,0,0,2,7,2
02/23/2023,1:00 PM,90,55,29.76,Clear,0,0,0,0,2,7,2
02/23/2023,1:30 PM,88,58,29.73,Clear,0,0,0,0,2,7,2
02/23/2023,2:00 PM,88,58,29.73,Clear,0,0,0,0,2,6,2
02/23/2023,2:30 PM,90,55,29.73,Clear,0,0,0,0,2,8,2
02/23/2023,3:00 PM,90,52,29.7,Clear,0,0,0,0,2,6,1
02/23/2023,3:30 PM,90,55,29.7,Clear,0,0,0,0,2,7,2
02/23/2023,4:00 PM,90,52,29.7,Clear,0,0,0,0,3,13,2
02/23/2023,4:30 PM,88,55,29.7,Clear,0,0,0,0,3,14,2
02/23/2023,5:00 PM,88,58,29.7,Clear,0,0,0,0,3,15,2
02/23/2023,5:30 PM,86,58,29.7,Clear,0,0,0,0,3,11,2
02/23/2023,6:00 PM,84,66,29.7,Clear,0,0,0,0,3,12,2
02/23/2023,6:30 PM,82,70,29.7,Clear,0,0,0,0,3,15,2
02/23/2023,7:00 PM,82,70,29.73,Clear,0,0,0,0,3,13,3
02/23/2023,7:30 PM,81,74,29.73,Clear,0,0,0,0,3,13,2
02/23/2023,8:00 PM,81,79,29.73,Clear,0,0,0,0,2,9,2
02/23/2023,8:30 PM,81,79,29.76,Clear,0,0,0,0,2,8,1
02/23/2023,9:00 PM,79,83,29.79,Clear,0,0,0,0,2,8,2
02/23/2023,9:30 PM,77,89,29.79,Clear,0,0,0,0,2,9,2
02/23/2023,10:00 PM,75,89,29.79,Clear,0,0,0,0,2,8,2
02/23/2023,10:30 PM,75,94,29.79,Clear,0,0,0,0,2,8,2
02/23/2023,11:00 PM,75,94,29.79,Clear,0,0,0,0,2,8,2
02/23/2023,11:30 PM,75,89,29.79,Clear,0,0,0,0,2,8,2
02/24/2023,12:00 AM,73,94,29.79,Clear,0,0,0,0,0,3,2
02/24/2023,12:30 AM,73,94,29.79,Clear,0,0,0,0,0,4,2
02/24/2023,1:00 AM,73,94,29.79,Clear,0,0,0,0,0,4,2
02/24/2023,1:30 AM,73,94,29.79,Clear,0,0,0,0,0,4,2
02/24/2023,2:00 AM,72,94,29.76,Clear,0,0,0,0,0,3,2
02/24/2023,2:30 AM,72,94,29.76,Clear,0,0,0,0,1,3,2
02/24/2023,3:00 AM,72,94,29.76,Clear,0,0,0,0,0,3,2
02/24/2023,3:30 AM,72,94,29.73,Clear,0,0,0,0,0,3,3
02/24/2023,4:00 AM,70,100,29.73,Clear,0,0,0,0,1,4,2
02/24/2023,4:30 AM,70,100,29.73,Clear,0,0,0,0,0,3,2
02/24/2023,5:00 AM,70,100,29.73,Clear,0,0,0,0,3,14,2
02/24/2023,5:30 AM,70,94,29.73,Clear,0,0,0,0,3,12,2
02/24/2023,6:00 AM,70,94,29.76,Clear,0,0,0,0,3,15,2
02/24/2023,6:30 AM,70,94,29.76,Clear,0,0,0,0,2,13,2
02/24/2023,7:00 AM,70,94,29.76,Clear,0,0,0,0,3,16,2
02/24/2023,7:30 AM,72,100,29.76,Clear,0,0,0,0,2,15,2
02/24/2023,8:00 AM,75,94,29.79,Clear,0,0,0,0,3,15,2
02/24/2023,8:30 AM,79,89,29.79,Clear,0,0,0,0,3,14,2
02/24/2023,9:00 AM,81,84,29.79,Clear,0,0,0,0,2,6,1
02/24/2023,9:30 AM,84,79,29.79,Clear,0,0,0,0,2,7,2
02/24/2023,10:00 AM,84,79,29.79,Clear,0,0,0,0,2,6,1
02/24/2023,10:30 AM,86,70,29.79,Clear,0,0,0,0,2,7,2
02/24/2023,11:00 AM,88,66,29.79,Clear,0,0,0,0,2,7,2
02/24/2023,11:30 AM,88,66,29.76,Clear,0,0,0,0,2,8,2
02/24/2023,12:00 PM,90,59,29.76,Clear,0,0,0,0,2,8,2
02/24/2023,12:30 PM,88,58,29.76,Clear,0,0,0,0,2,7,2
02/24/2023,1:00 PM,88,58,29.73,Clear,0,0,0,0,2,7,2
02/24/2023,1:30 PM,90,55,29.73,Clear,0,0,0,0,2,7,1
02/24/2023,2:00 PM,90,55,29.73,Clear,0,0,0,0,2,7,2
02/24/2023,2:30 PM,90,55,29.7,Clear,0,0,0,0,2,9,1
02/24/2023,3:00 PM,90,55,29.7,Clear,0,0,0,0,2,7,2
02/24/2023,3:30 PM,90,55,29.7,Clear,0,0,0,0,2,5,1
02/24/2023,4:00 PM,90,55,29.7,Clear,0,0,0,0,3,15,3
02/24/2023,4:30 PM,90,55,29.7,Clear,0,0,0,0,3,14,2
02/24/2023,5:00 PM,88,58,29.7,Clear,0,0,0,0,4,13,2
02/24/2023,5:30 PM,88,58,29.7,Clear,0,0,0,0,3,13,2
02/24/2023,6:00 PM,84,66,29.7,Clear,0,0,0,0,3,15,2
02/24/2023,6:30 PM,82,74,29.73,Clear,0,0,0,0,3,13,2
02/24/2023,7:00 PM,82,74,29.73,Clear,0,0,0,0,3,15,2
02/24/2023,7:30 PM,81,79,29.76,Clear,0,0,0,0,2,14,2
02/24/2023,8:00 PM,81,79,29.76,Clear,0,0,0,0,2,7,2
02/24/2023,8:30 PM,81,79,29.79,Clear,0,0,0,0,2,8,2
02/24/2023,9:00 PM,79,83,29.79,Clear,0,0,0,0,2,9,2
02/24/2023,9:30 PM,79,83,29.81,Clear,0,0,0,0,2,7,1
02/24/2023,10:00 PM,79,83,29.81,Clear,0,0,0,0,2,7,2
02/24/2023,10:30 PM,77,89,29.81,Clear,0,0,0,0,2,8,2
02/24/2023,11:00 PM,75,94,29.81,Clear,0,0,0,0,2,10,2
02/24/2023,11:30 PM,77,89,29.81,Clear,0,0,0,0,2,8,1
02/25/2023,12:00 AM,75,94,29.81,Clear,0,0,0,0,1,3,2
02/25/2023,12:30 AM,75,94,29.81,Clear,0,0,0,0,0,3,2
02/25/2023,1:00 AM,75,94,29.81,Clear,0,0,0,0,0,4,2
02/25/2023,1:30 AM,75,89,29.79,Clear,0,0,0,0,1,3,2
02/25/2023,2:00 AM,75,89,29.79,Clear,0,0,0,0,0,3,2
02/25/2023,2:30 AM,73,94,29.79,Clear,0,0,0,0,1,3,3
02/25/2023,3:00 AM,75,94,29.76,Clear,0,0,0,0,1,3,2
02/25/2023,3:30 AM,75,94,29.76,Clear,0,0,0,0,0,3,2
02/25/2023,4:00 AM,73,100,29.76,Clear,0,0,0,0,0,3,2
02/25/2023,4:30 AM,73,100,29.76,Clear,0,0,0,0,0,3,2
02/25/2023,5:00 AM,73,100,29.76,Clear,0,0,0,0,3,12,2
02/25/2023,5:30 AM,73,100,29.79,Clear,0,0,0,0,3,13,2
02/25/2023,6:00 AM,73,100,29.79,Clear,0,0,0,0,3,14,2
02/25/2023,6:30 AM,73,94,29.79,Clear,0,0,0,0,3,14,2
02/25/2023,7:00 AM,73,94,29.81,Clear,0,0,0,0,3,13,2
02/25/2023,7:30 AM,73,100,29.81,Clear,0,0,0,0,3,13,2
02/25/2023,8:00 AM,77,94,29.81,Clear,0,0,0,0,3,14,1
02/25/2023,8:30 AM,79,89,29.84,Clear,0,0,0,0,3,13,2
02/25/2023,9:00 AM,81,84,29.84,Clear,0,0,0,0,2,6,2
02/25/2023,9:30 AM,82,84,29.84,Clear,0,0,0,0,2,6,2
02/25/2023,10:00 AM,84,79,29.84,Clear,0,0,0,0,2,6,2
02/25/2023,10:30 AM,84,79,29.84,Clear,0,0,0,0,2,6,2
02/25/2023,11:00 AM,86,74,29.84,Clear,0,0,0,0,2,5,2
02/25/2023,11:30 AM,88,66,29.81,Clear,0,0,0,0,2,7,2
02/25/2023,12:00 PM,88,62,29.81,Clear,0,0,0,0,2,7,2
02/25/2023,12:30 PM,90,59,29.79,Clear,0,0,0,0,2,8,2
02/25/2023,1:00 PM,88,58,29.79,Clear,0,0,0,0,2,7,2
02/25/2023,1:30 PM,90,55,29.79,Clear,0,0,0,0,2,6,2
02/25/2023,2:00 PM,88,62,29.76,Clear,0,0,0,0,2,6,2
02/25/2023,2:30 PM,88,62,29.76,Clear,0,0,0,0,2,7,2
02/25/2023,3:00 PM,88,58,29.76,Clear,0,0,0,0,2,6,2
02/25/2023,3:30 PM,86,66,29.76,Clear,0,0,0,0,2,6,2
02/25/2023,4:00 PM,86,66,29.76,Clear,0,0,0,0,3,17,2
02/25/2023,4:30 PM,86,66,29.76,Clear,0,0,0,0,2,11,2
02/25/2023,5:00 PM,84,70,29.76,Clear,0,0,0,0,3,14,2
02/25/2023,5:30 PM,82,70,29.76,Clear,0,0,0,0,3,12,2
02/25/2023,6:00 PM,82,70,29.76,Clear,0,0,0,0,3,14,2
02/25/2023,6:30 PM,81,74,29.79,Clear,0,0,0,0,3,12,2
02/25/2023,7:00 PM,81,74,29.79,Clear,0,0,0,0,3,14,2
02/25/2023,7:30 PM,81,74,29.81,Clear,0,0,0,0,2,14,2
02/25/2023,8:00 PM,79,78,29.81,Clear,0,0,0,0,2,8,2
02/25/2023,8:30 PM,79,74,29.84,Clear,0,0,0,0,2,9,2
02/25/2023,9:00 PM,79,74,29.84,Clear,0,0,0,0,2,9,2
02/25/2023,9:30 PM,79,74,29.84,Clear,0,0,0,0,2,7,2
02/25/2023,10:00 PM,79,74,29.87,Clear,0,0,0,0,2,7,2
02/25/2023,10:30 PM,79,78,29.87,Clear,0,0,0,0,2,9,2
02/25/2023,11:00 PM,77,78,29.87,Clear,0,0,0,0,2,8,2
02/25/2023,11:30 PM,75,83,29.87,Clear,0,0,0,0,2,8,2
02/26/2023,12:00 AM,75,83,29.87,Clear,0,0,0,0,0,3,2
02/26/2023,12:30 AM,75,83,29.87,Clear,0,0,0,0,0,3,2
02/26/2023,1:00 AM,73,88,29.87,Clear,0,0,0,0,1,3,2
02/26/2023,1:30 AM,73,88,29.84,Clear,0,0,0,0,0,4,2
02/26/2023,2:00 AM,73,88,29.84,Clear,0,0,0,0,0,3,2
02/26/2023,2:30 AM,72,94,29.84,Clear,0,0,0,0,0,4,2
02/26/2023,3:00 AM,72,94,29.84,Clear,0,0,0,0,0,3,2
02/26/2023,3:30 AM,72,94,29.81,Clear,0,0,0,0,0,3,2
02/26/2023,4:00 AM,72,94,29.81,Clear,0,0,0,0,0,3,3
02/26/2023,4:30 AM,72,94,29.81,Clear,0,0,0,0,0,3,2
02/26/2023,5:00 AM,73,88,29.81,Clear,0,0,0,0,3,12,2
02/26/2023,5:30 AM,75,83,29.84,Clear,0,0,0,0,3,13,1
02/26/2023,6:00 AM,75,89,29.84,Clear,0,0,0,0,3,13,2
02/26/2023,6:30 AM,72,94,29.84,Clear,0,0,0,0,3,16,2
02/26/2023,7:00 AM,72,94,29.87,Clear,0,0,0,0,3,12,2
02/26/2023,7:30 AM,75,89,29.87,Clear,0,0,0,0,3,14,2
02/26/2023,8:00 AM,81,79,29.87,Clear,0,0,0,0,3,13,2
02/26/2023,8:30 AM,81,79,29.87,Clear,0,0,0,0,3,12,2
02/26/2023,9:00 AM,82,74,29.87,Clear,0,0,0,0,2,7,1
02/26/2023,9:30 AM,86,66,29.9,Clear,0,0,0,0,2,7,2
02/26/2023,10:00 AM,84,66,29.9,Clear,0,0,0,0,2,8,1
02/26/2023,10:30 AM,86,62,29.87,Clear,0,0,0,0,2,6,2
02/26/2023,11:00 AM,86,62,29.87,Clear,0,0,0,0,2,7,2
02/26/2023,11:30 AM,88,58,29.87,Clear,0,0,0,0,2,7,1
02/26/2023,12:00 PM,88,58,29.84,Clear,0,0,0,0,2,7,1
02/26/2023,12:30 PM,90,55,29.84,Clear,0,0,0,0,2,7,2
02/26/2023,1:00 PM,88,58,29.84,Clear,0,0,0,0,2,6,2
02/26/2023,1:30 PM,90,55,29.81,Clear,0,0,0,0,2,8,1
02/26/2023,2:00 PM,88,58,29.81,Clear,0,0,0,0,2,6,2
02/26/2023,2:30 PM,88,58,29.79,Clear,0,0,0,0,2,6,1
02/26/2023,3:00 PM,88,58,29.79,Clear,0,0,0,0,2,5,1
02/26/2023,3:30 PM,86,58,29.79,Clear,0,0,0,0,2,7,1
02/26/2023,4:00 PM,86,58,29.79,Clear,0,0,0,0,3,12,2
02/26/2023,4:30 PM,86,58,29.79,Clear,0,0,0,0,3,13,3
02/26/2023,5:00 PM,84,62,29.81,Clear,0,0,0,0,3,14,2
02/26/2023,5:30 PM,84,62,29.81,Clear,0,0,0,0,3,16,2
02/26/2023,6:00 PM,82,66,29.81,Clear,0,0,0,0,3,14,2
02/26/2023,6:30 PM,82,70,29.84,Clear,0,0,0,0,3,12,2
02/26/2023,7:00 PM,81,70,29.84,Clear,0,0,0,0,3,16,2
02/26/2023,7:30 PM,81,70,29.84,Clear,0,0,0,0,3,12,2
02/26/2023,8:00 PM,79,78,29.87,Clear,0,0,0,0,2,8,2
02/26/2023,8:30 PM,79,78,29.87,Clear,0,0,0,0,1,8,2
02/26/2023,9:00 PM,77,83,29.87,Clear,0,0,0,0,2,9,2
02/26/2023,9:30 PM,75,83,29.87,Clear,0,0,0,0,2,8,2
02/26/2023,10:00 PM,73,88,29.9,Clear,0,0,0,0,2,9,2
02/26/2023,10:30 PM,73,88,29.9,Clear,0,0,0,0,2,8,2
02/26/2023,11:00 PM,73,88,29.9,Clear,0,0,0,0,2,8,2
02/26/2023,11:30 PM,73,88,29.9,Clear,0,0,0,0,2,8,1
02/27/2023,12:00 AM,73,88,29.9,Clear,0,0,0,0,1,3,2
02/27/2023,12:30 AM,73,88,29.87,Clear,0,0,0,0,0,3,2
02/27/2023,1:00 AM,73,88,29.87,Clear,0,0,0,0,0,3,2
02/27/2023,1:30 AM,73,94,29.87,Clear,0,0,0,0,0,3,2
02/27/2023,2:00 AM,73,94,29.87,Clear,0,0,0,0,0,4,2
02/27/2023,2:30 AM,73,94,29.87,Clear,0,0,0,0,0,3,2
02/27/2023,3:00 AM,72,94,29.84,Clear,0,0,0,0,0,3,2
02/27/2023,3:30 AM,72,94,29.84,Clear,0,0,0,0,1,3,2
02/27/2023,4:00 AM,72,94,29.84,Clear,0,0,0,0,0,3,2
02/27/2023,4:30 AM,72,94,29.84,Clear,0,0,0,0,0,3,3
02/27/2023,5:00 AM,72,94,29.84,Clear,0,0,0,0,3,15,2
02/27/2023,5:30 AM,72,94,29.84,Clear,0,0,0,0,3,12,2
02/27/2023,6:00 AM,73,94,29.84,Clear,0,0,0,0,3,15,2
02/27/2023,6:30 AM,73,94,29.84,Clear,0,0,0,0,3,15,2
02/27/2023,7:00 AM,72,100,29.87,Clear,0,0,0,0,3,14,2
02/27/2023,7:30 AM,73,100,29.87,Clear,0,0,0,0,3,15,2
02/27/2023,8:00 AM,77,94,29.87,Clear,0,0,0,0,3,15,2
02/27/2023,8:30 AM,79,89,29.9,Clear,0,0,0,0,3,14,2
02/27/2023,9:00 AM,81,89,29.9,Clear,0,0,0,0,2,7,2
02/27/2023,9:30 AM,82,84,29.9,Clear,0,0,0,0,2,6,2
02/27/2023,10:00 AM,84,74,29.9,Clear,0,0,0,0,2,6,1
02/27/2023,10:30 AM,86,70,29.9,Clear,0,0,0,0,2,7,2
02/27/2023,11:00 AM,86,66,29.9,Clear,0,0,0,0,2,7,2
02/27/2023,11:30 AM,88,62,29.87,Clear,0,0,0,0,2,7,2
02/27/2023,12:00 PM,86,66,29.87,Clear,0,0,0,0,2,8,1
02/27/2023,12:30 PM,86,62,29.84,Clear,0,0,0,0,2,6,1
02/27/2023,1:00 PM,86,62,29.84,Clear,0,0,0,0,2,9,2
02/27/2023,1:30 PM,86,62,29.81,Clear,0,0,0,0,2,6,2
02/27/2023,2:00 PM,82,74,29.81,Rain,0,0,0,0,1,8,1
02/27/2023,2:30 PM,82,74,29.81,Clear,0,0,0,0,2,6,1
02/27/2023,3:00 PM,84,66,29.79,Clear,0,0,0,0,2,7,1
02/27/2023,3:30 PM,86,62,29.79,Clear,0,0,0,0,2,7,2
02/27/2023,4:00 PM,86,62,29.79,Clear,0,0,0,0,3,12,2
02/27/2023,4:30 PM,86,58,29.79,Clear,0,0,0,0,2,13,2
02/27/2023,5:00 PM,84,62,29.79,Clear,0,0,0,0,3,13,2
02/27/2023,5:30 PM,84,66,29.79,Clear,0,0,0,0,3,13,2
02/27/2023,6:00 PM,84,66,29.79,Clear,0,0,0,0,3,14,2
02/27/2023,6:30 PM,82,70,29.81,Clear,0,0,0,0,3,13,2
02/27/2023,7:00 PM,81,74,29.81,Clear,0,0,0,0,3,14,2
02/27/2023,7:30 PM,81,79,29.81,Clear,0,0,0,0,3,15,2
02/27/2023,8:00 PM,79,83,29.81,Clear,0,0,0,0,2,7,1
02/27/2023,8:30 PM,79,83,29.81,Clear,0,0,0,0,1,7,1
02/27/2023,9:00 PM,79,83,29.84,Clear,0,0,0,0,2,10,2
02/27/2023,9:30 PM,79,83,29.84,Clear,0,0,0,0,1,7,2
02/27/2023,10:00 PM,75,89,29.87,Clear,0,0,0,0,2,7,2
02/27/2023,10:30 PM,75,89,29.87,Clear,0,0,0,0,2,9,2
02/27/2023,11:00 PM,75,89,29.87,Clear,0,0,0,0,2,7,2
02/27/2023,11:30 PM,73,94,29.87,Clear,0,0,0,0,2,8,2
02/28/2023,12:00 AM,73,94,29.87,Clear,0,0,0,0,1,3,3
02/28/2023,12:30 AM,73,94,29.84,Clear,0,0,0,0,0,3,2
02/28/2023,1:00 AM,73,94,29.84,Clear,0,0,0,0,0,3,2
02/28/2023,1:30 AM,73,94,29.84,Clear,0,0,0,0,0,3,2
02/28/2023,2:00 AM,72,100,29.81,Clear,0,0,0,0,0,3,2
02/28/2023,2:30 AM,72,100,29.81,Clear,0,0,0,0,0,2,2
02/28/2023,3:00 AM,72,94,29.81,Clear,0,0,0,0,1,3,2
02/28/2023,3:30 AM,72,94,29.81,Clear,0,0,0,0,0,3,2
02/28/2023,4:00 AM,72,100,29.81,Clear,0,0,0,0,0,3,2
02/28/2023,4:30 AM,72,94,29.81,Clear,0,0,0,0,0,2,2
02/28/2023,5:00 AM,72,100,29.81,Clear,0,0,0,0,3,13,1
02/28/2023,5:30 AM,72,100,29.81,Clear,0,0,0,0,3,14,2
02/28/2023,6:00 AM,73,94,29.84,Clear,0,0,0,0,2,14,2
02/28/2023,6:30 AM,73,94,29.84,Rain,0,0,0,0,2,17,2
02/28/2023,7:00 AM,73,100,29.84,Clear,0,0,0,0,3,15,2
02/28/2023,7:30 AM,75,94,29.84,Clear,0,0,0,0,3,12,2
02/28/2023,8:00 AM,75,94,29.84,Clear,0,0,0,0,2,13,2
02/28/2023,8:30 AM,79,89,29.87,Clear,0,0,0,0,3,12,2
02/28/2023,9:00 AM,79,94,29.87,Clear,0,0,0,0,2,7,2
02/28/2023,9:30 AM,82,79,29.87,Clear,0,0,0,0,2,7,2
02/28/2023,10:00 AM,82,84,29.87,Clear,0,0,0,0,2,7,2
02/28/2023,10:30 AM,84,79,29.87,Clear,0,0,0,0,2,6,2
02/28/2023,11:00 AM,84,74,29.87,Clear,0,0,0,0,2,7,1
02/28/2023,11:30 AM,82,79,29.84,Clear,0,0,0,0,2,6,2
02/28/2023,12:00 PM,84,74,29.84,Rain,0,0,0,0,1,7,2
02/28/2023,12:30 PM,82,79,29.84,Rain,0,0,0,0,1,9,2
02/28/2023,1:00 PM,82,79,29.81,Rain,0,0,0,0,1,7,2
02/28/2023,1:30 PM,82,79,29.81,Clear,0,0,0,0,2,7,2
02/28/2023,2:00 PM,84,74,29.81,Clear,0,0,0,0,2,5,2
02/28/2023,2:30 PM,82,74,29.79,Rain,0,0,0,0,1,8,1
02/28/2023,3:00 PM,84,70,29.79,Clear,0,0,0,0,2,7,2
02/28/2023,3:30 PM,82,74,29.79,Clear,0,0,0,0,2,7,2
02/28/2023,4:00 PM,84,70,29.79,Clear,0,0,0,0,3,15,2
02/28/2023,4:30 PM,84,70,29.79,Clear,0,0,0,0,2,12,2
02/28/2023,5:00 PM,82,74,29.79,Clear,0,0,0,0,3,15,3
02/28/2023,5:30 PM,81,79,29.79,Clear,0,0,0,0,3,15,2
02/28/2023,6:00 PM,81,79,29.81,Clear,0,0,0,0,2,16,2
02/28/2023,6:30 PM,81,79,29.81,Clear,0,0,0,0,3,13,2
02/28/2023,7:00 PM,79,83,29.81,Clear,0,0,0,0,2,14,2
02/28/2023,7:30 PM,79,83,29.84,Clear,0,0,0,0,3,12,2
02/28/2023,8:00 PM,79,83,29.84,Clear,0,0,0,0,2,7,2
02/28/2023,8:30 PM,79,83,29.84,Clear,0,0,0,0,2,8,2
02/28/2023,9:00 PM,79,83,29.87,Clear,0,0,0,0,2,8,2
02/28/2023,9:30 PM,77,89,29.87,Clear,0,0,0,0,2,7,2
02/28/2023,10:00 PM,77,89,29.87,Clear,0,0,0,0,2,8,2
02/28/2023,10:30 PM,75,94,29.87,Clear,0,0,0,0,2,9,2
02/28/2023,11:00 PM,75,94,29.87,Clear,0,0,0,0,2,7,2
02/28/2023,11:30 PM,75,94,29.87,Clear,0,0,0,0,2,8,2
3/1/2023,12:00 AM,75,94,29.87,Clear,0,0,0,0,0,3,2
3/1/2023,12:30 AM,75,94,29.87,Clear,0,0,0,0,0,3,2
3/1/2023,1:00 AM,75,94,29.84,Clear,0,0,0,0,0,3,3
3/1/2023,1:30 AM,75,94,29.84,Clear,0,0,0,0,0,3,3
3/1/2023,2:00 AM,75,94,29.84,Rain,0,0,0,0,0,4,2
3/1/2023,2:30 AM,75,94,29.81,Rain,0,0,0,0,0,3,3
3/1/2023,3:00 AM,75,94,29.81,Rain,0,0,0,0,0,4,2
3/1/2023,3:30 AM,75,94,29.81,Clear,0,0,0,0,0,4,3
3/1/2023,4:00 AM,75,94,29.81,Clear,0,0,0,0,0,4,2
3/1/2023,4:30 AM,75,94,29.79,Clear,0,0,0,0,0,3,2
3/1/2023,5:00 AM,75,94,29.79,Clear,0,0,0,0,4,12,2
3/1/2023,5:30 AM,75,94,29.81,Clear,0,0,0,0,3,15,2
3/1/2023,6:00 AM,75,94,29.81,Clear,0,0,0,0,3,14,2
3/1/2023,6:30 AM,75,94,29.81,Clear,0,0,0,0,3,13,2
3/1/2023,7:00 AM,73,100,29.81,Clear,0,0,0,0,3,14,1
3/1/2023,7:30 AM,75,100,29.84,Clear,0,0,0,0,3,14,2
3/1/2023,8:00 AM,75,100,29.84,Clear,0,0,0,0,3,15,2
3/1/2023,8:30 AM,77,94,29.84,Clear,0,0,0,0,3,14,2
3/1/2023,9:00 AM,77,94,29.87,Clear,0,0,0,0,2,5,2
3/1/2023,9:30 AM,79,94,29.87,Clear,0,0,0,0,2,6,2
3/1/2023,10:00 AM,81,89,29.87,Clear,0,0,0,0,2,8,2
3/1/2023,10:30 AM,81,89,29.87,Rain,0,0,0,0,1,7,2
3/1/2023,11:00 AM,82,84,29.87,Clear,0,0,0,0,2,7,1
3/1/2023,11:30 AM,82,84,29.87,Clear,0,0,0,0,2,7,2
3/1/2023,12:00 PM,82,84,29.84,Clear,0,0,0,0,2,7,2
3/1/2023,12:30 PM,84,79,29.84,Clear,0,0,0,0,2,7,1
3/1/2023,1:00 PM,84,79,29.84,Clear,0,0,0,0,2,8,2
3/1/2023,1:30 PM,82,84,29.81,Clear,0,0,0,0,2,8,2
3/1/2023,2:00 PM,77,89,29.81,Rain,0,0,0,0,1,7,1
3/1/2023,2:30 PM,75,94,29.81,Rain,0,0,0,0,1,8,2
3/1/2023,3:00 PM,77,94,29.81,Rain,0,0,0,0,2,8,2
3/1/2023,3:30 PM,75,94,29.81,Rain,0,0,0,0,1,8,2
3/1/2023,4:00 PM,75,100,29.79,Rain,0,0,0,0,2,13,2
3/1/2023,4:30 PM,75,100,29.79,Rain,0,0,0,0,2,14,3
3/1/2023,5:00 PM,77,94,29.79,Rain,0,0,0,0,2,16,2
3/1/2023,5:30 PM,77,94,29.79,Rain,0,0,0,0,2,17,2
3/1/2023,6:00 PM,77,94,29.81,Clear,0,0,0,0,3,14,3
3/1/2023,6:30 PM,77,94,29.81,Clear,0,0,0,0,3,12,3
3/1/2023,7:00 PM,75,100,29.81,Clear,0,0,0,0,3,16,2
3/1/2023,7:30 PM,75,94,29.84,Clear,0,0,0,0,3,15,2
3/1/2023,8:00 PM,75,100,29.84,Clear,0,0,0,0,2,9,2
3/1/2023,8:30 PM,75,100,29.84,Clear,0,0,0,0,2,8,2
3/1/2023,9:00 PM,75,100,29.87,Clear,0,0,0,0,2,8,2
3/1/2023,9:30 PM,75,94,29.87,Clear,0,0,0,0,2,8,2
3/1/2023,10:00 PM,75,100,29.87,Clear,0,0,0,0,2,8,2
3/1/2023,10:30 PM,75,100,29.87,Clear,0,0,0,0,2,7,1
3/1/2023,11:00 PM,75,100,29.87,Clear,0,0,0,0,2,8,2
3/1/2023,11:30 PM,75,100,29.87,Clear,0,0,0,0,2,6,1
3/2/2023,12:00 AM,75,94,29.87,Clear,0,0,0,0,0,3,3
3/2/2023,12:30 AM,75,100,29.87,Clear,0,0,0,0,1,3,2
3/2/2023,1:00 AM,73,100,29.84,Clear,0,0,0,0,0,4,2
3/2/2023,1:30 AM,73,100,29.84,Clear,0,0,0,0,1,3,3
3/2/2023,2:00 AM,73,100,29.81,Mist,0,0,0,0,0,3,3
3/2/2023,2:30 AM,73,100,29.81,Mist,0,0,0,0,0,4,2
3/2/2023,3:00 AM,73,94,29.81,Clear,0,0,0,0,1,3,2
3/2/2023,3:30 AM,73,94,29.81,Clear,0,0,0,0,0,3,2
3/2/2023,4:00 AM,73,100,29.79,Clear,0,0,0,0,0,3,2
3/2/2023,4:30 AM,73,94,29.79,Clear,0,0,0,0,0,3,2
3/2/2023,5:00 AM,73,94,29.79,Clear,0,0,0,0,3,13,2
3/2/2023,5:30 AM,72,100,29.79,Clear,0,0,0,0,3,13,2
3/2/2023,6:00 AM,73,100,29.81,Clear,0,0,0,0,3,15,2
3/2/2023,6:30 AM,72,100,29.81,Clear,0,0,0,0,3,17,2
3/2/2023,7:00 AM,73,100,29.81,Clear,0,0,0,0,3,14,2
3/2/2023,7:30 AM,75,94,29.84,Clear,0,0,0,0,3,12,2
3/2/2023,8:00 AM,77,100,29.84,Clear,0,0,0,0,3,11,2
3/2/2023,8:30 AM,79,100,29.84,Clear,0,0,0,0,3,11,2
3/2/2023,9:00 AM,81,89,29.84,Clear,0,0,0,0,2,6,2
3/2/2023,9:30 AM,82,89,29.87,Clear,0,0,0,0,2,7,2
3/2/2023,10:00 AM,82,84,29.87,Clear,0,0,0,0,2,7,1
3/2/2023,10:30 AM,86,79,29.84,Clear,0,0,0,0,2,6,1
3/2/2023,11:00 AM,88,70,29.84,Clear,0,0,0,0,2,7,1
3/2/2023,11:30 AM,86,74,29.84,Clear,0,0,0,0,2,7,2
3/2/2023,12:00 PM,88,66,29.81,Clear,0,0,0,0,2,7,2
3/2/2023,12:30 PM,90,62,29.81,Clear,0,0,0,0,2,7,2
3/2/2023,1:00 PM,90,62,29.79,Clear,0,0,0,0,2,7,2
3/2/2023,1:30 PM,90,59,29.79,Clear,0,0,0,0,2,6,2
3/2/2023,2:00 PM,90,62,29.76,Clear,0,0,0,0,2,6,1
3/2/2023,2:30 PM,90,59,29.76,Clear,0,0,0,0,2,7,1
3/2/2023,3:00 PM,90,59,29.76,Clear,0,0,0,0,2,6,2
3/2/2023,3:30 PM,88,62,29.76,Clear,0,0,0,0,2,8,2
3/2/2023,4:00 PM,88,62,29.73,Clear,0,0,0,0,3,15,2
3/2/2023,4:30 PM,86,62,29.76,Clear,0,0,0,0,3,12,2
3/2/2023,5:00 PM,84,66,29.76,Clear,0,0,0,0,3,16,2
3/2/2023,5:30 PM,84,70,29.76,Clear,0,0,0,0,3,12,3
3/2/2023,6:00 PM,84,70,29.76,Clear,0,0,0,0,3,14,2
3/2/2023,6:30 PM,82,74,29.76,Clear,0,0,0,0,3,15,2
3/2/2023,7:00 PM,81,79,29.79,Clear,0,0,0,0,3,12,3
3/2/2023,7:30 PM,81,79,29.79,Clear,0,0,0,0,3,14,3
3/2/2023,8:00 PM,81,79,29.79,Clear,0,0,0,0,2,8,2
3/2/2023,8:30 PM,81,79,29.81,Clear,0,0,0,0,2,9,2
3/2/2023,9:00 PM,81,79,29.81,Clear,0,0,0,0,2,8,2
3/2/2023,9:30 PM,79,83,29.84,Clear,0,0,0,0,2,7,2
3/2/2023,10:00 PM,77,89,29.84,Clear,0,0,0,0,2,8,1
3/2/2023,10:30 PM,75,94,29.87,Clear,0,0,0,0,2,8,2
3/2/2023,11:00 PM,75,94,29.87,Clear,0,0,0,0,2,8,2
3/2/2023,11:30 PM,75,94,29.87,Clear,0,0,0,0,2,8,2
3/3/2023,12:00 AM,79,89,29.84,Clear,0,0,0,0,0,3,2
3/3/2023,12:30 AM,79,83,29.84,Clear,0,0,0,0,0,4,2
3/3/2023,1:00 AM,79,83,29.84,Clear,0,0,0,0,0,3,2
3/3/2023,1:30 AM,77,89,29.81,Clear,0,0,0,0,0,4,2
3/3/2023,2:00 AM,77,89,29.81,Clear,0,0,0,0,0,3,3
3/3/2023,2:30 AM,77,89,29.81,Clear,0,0,0,0,0,3,2
3/3/2023,3:00 AM,75,94,29.81,Clear,0,0,0,0,0,3,2
3/3/2023,3:30 AM,75,89,29.81,Clear,0,0,0,0,0,3,2
3/3/2023,4:00 AM,75,94,29.81,Clear,0,0,0,0,0,3,2
3/3/2023,4:30 AM,75,89,29.81,Clear,0,0,0,0,0,3,2
3/3/2023,5:00 AM,73,94,29.81,Clear,0,0,0,0,3,14,2
3/3/2023,5:30 AM,73,94,29.81,Clear,0,0,0,0,3,13,2
3/3/2023,6:00 AM,73,100,29.81,Clear,0,0,0,0,3,14,2
3/3/2023,6:30 AM,75,94,29.84,Clear,0,0,0,0,3,13,2
3/3/2023,7:00 AM,75,94,29.84,Clear,0,0,0,0,3,17,2
3/3/2023,7:30 AM,75,94,29.87,Clear,0,0,0,0,3,13,1
3/3/2023,8:00 AM,79,89,29.87,Clear,0,0,0,0,3,14,1
3/3/2023,8:30 AM,81,84,29.9,Clear,0,0,0,0,2,12,1
3/3/2023,9:00 AM,81,84,29.9,Clear,0,0,0,0,2,7,2
3/3/2023,9:30 AM,84,79,29.9,Clear,0,0,0,0,2,7,2
3/3/2023,10:00 AM,84,74,29.93,Clear,0,0,0,0,2,6,2
3/3/2023,10:30 AM,86,70,29.93,Clear,0,0,0,0,2,6,2
3/3/2023,11:00 AM,86,70,29.9,Clear,0,0,0,0,2,8,1
3/3/2023,11:30 AM,88,62,29.9,Clear,0,0,0,0,2,6,1
3/3/2023,12:00 PM,90,59,29.87,Clear,0,0,0,0,2,7,1
3/3/2023,12:30 PM,88,62,29.87,Clear,0,0,0,0,2,6,1
3/3/2023,1:00 PM,90,59,29.84,Clear,0,0,0,0,2,8,2
3/3/2023,1:30 PM,90,59,29.84,Clear,0,0,0,0,2,6,2
3/3/2023,2:00 PM,90,59,29.81,Clear,0,0,0,0,2,7,2
3/3/2023,2:30 PM,90,59,29.81,Clear,0,0,0,0,2,7,2
3/3/2023,3:00 PM,90,55,29.79,Clear,0,0,0,0,2,8,1
3/3/2023,3:30 PM,90,55,29.79,Clear,0,0,0,0,2,6,2
3/3/2023,4:00 PM,88,58,29.79,Clear,0,0,0,0,3,14,2
3/3/2023,4:30 PM,88,55,29.79,Clear,0,0,0,0,3,14,3
3/3/2023,5:00 PM,88,52,29.79,Clear,0,0,0,0,3,13,2
3/3/2023,5:30 PM,86,62,29.81,Clear,0,0,0,0,3,12,2
3/3/2023,6:00 PM,84,66,29.84,Clear,0,0,0,0,2,12,2
3/3/2023,6:30 PM,82,70,29.84,Clear,0,0,0,0,3,13,2
3/3/2023,7:00 PM,81,79,29.84,Clear,0,0,0,0,3,13,2
3/3/2023,7:30 PM,81,79,29.87,Clear,0,0,0,0,3,14,3
3/3/2023,8:00 PM,81,79,29.87,Clear,0,0,0,0,1,9,2
3/3/2023,8:30 PM,81,79,29.87,Clear,0,0,0,0,1,8,2
3/3/2023,9:00 PM,81,79,29.9,Clear,0,0,0,0,2,8,2
3/3/2023,9:30 PM,81,79,29.9,Clear,0,0,0,0,2,7,2
3/3/2023,10:00 PM,81,79,29.9,Clear,0,0,0,0,2,6,2
3/3/2023,10:30 PM,79,83,29.9,Clear,0,0,0,0,2,8,2
3/3/2023,11:00 PM,79,83,29.9,Clear,0,0,0,0,2,8,2
3/3/2023,11:30 PM,79,83,29.9,Clear,0,0,0,0,2,7,2
3/4/2023,12:00 AM,79,83,29.9,Clear,0,0,0,0,0,3,2
3/4/2023,12:30 AM,77,89,29.9,Clear,0,0,0,0,0,3,2
3/4/2023,1:00 AM,75,94,29.87,Clear,0,0,0,0,1,3,2
3/4/2023,1:30 AM,75,89,29.87,Clear,0,0,0,0,0,3,2
3/4/2023,2:00 AM,75,89,29.84,Clear,0,0,0,0,1,3,2
3/4/2023,2:30 AM,73,94,29.84,Clear,0,0,0,0,1,3,2
3/4/2023,3:00 AM,73,94,29.84,Clear,0,0,0,0,1,3,2
3/4/2023,3:30 AM,73,94,29.84,Clear,0,0,0,0,0,2,2
3/4/2023,4:00 AM,73,94,29.84,Clear,0,0,0,0,1,3,2
3/4/2023,4:30 AM,73,94,29.84,Clear,0,0,0,0,0,3,2
3/4/2023,5:00 AM,73,94,29.84,Clear,0,0,0,0,3,16,2
3/4/2023,5:30 AM,73,94,29.84,Clear,0,0,0,0,3,16,2
3/4/2023,6:00 AM,73,94,29.87,Clear,0,0,0,0,3,13,2
3/4/2023,6:30 AM,72,100,29.87,Clear,0,0,0,0,3,13,2
3/4/2023,7:00 AM,73,94,29.87,Clear,0,0,0,0,3,15,2
3/4/2023,7:30 AM,73,100,29.9,Clear,0,0,0,0,3,14,2
3/4/2023,8:00 AM,75,94,29.9,Clear,0,0,0,0,3,16,2
3/4/2023,8:30 AM,77,94,29.9,Clear,0,0,0,0,3,16,2
3/4/2023,9:00 AM,81,84,29.93,Clear,0,0,0,0,2,6,1
3/4/2023,9:30 AM,82,79,29.93,Clear,0,0,0,0,2,5,2
3/4/2023,10:00 AM,84,74,29.93,Clear,0,0,0,0,2,7,2
3/4/2023,10:30 AM,84,74,29.93,Clear,0,0,0,0,2,8,2
3/4/2023,11:00 AM,86,66,29.93,Clear,0,0,0,0,2,7,1
3/4/2023,11:30 AM,86,66,29.9,Clear,0,0,0,0,2,6,1
3/4/2023,12:00 PM,88,58,29.9,Clear,0,0,0,0,2,7,2
3/4/2023,12:30 PM,88,58,29.87,Clear,0,0,0,0,2,6,2
3/4/2023,1:00 PM,88,58,29.87,Clear,0,0,0,0,2,5,2
3/4/2023,1:30 PM,88,58,29.84,Clear,0,0,0,0,2,5,2
3/4/2023,2:00 PM,88,58,29.84,Clear,0,0,0,0,2,6,2
3/4/2023,2:30 PM,88,58,29.81,Clear,0,0,0,0,2,7,2
3/4/2023,3:00 PM,86,62,29.81,Clear,0,0,0,0,2,6,2
3/4/2023,3:30 PM,86,62,29.81,Clear,0,0,0,0,2,7,2
3/4/2023,4:00 PM,86,62,29.81,Clear,0,0,0,0,3,11,2
3/4/2023,4:30 PM,84,66,29.81,Clear,0,0,0,0,3,15,2
3/4/2023,5:00 PM,84,62,29.81,Clear,0,0,0,0,3,11,2
3/4/2023,5:30 PM,82,66,29.81,Clear,0,0,0,0,3,14,2
3/4/2023,6:00 PM,82,66,29.81,Clear,0,0,0,0,3,14,2
3/4/2023,6:30 PM,81,74,29.84,Clear,0,0,0,0,3,14,2
3/4/2023,7:00 PM,81,74,29.84,Clear,0,0,0,0,3,13,2
3/4/2023,7:30 PM,81,74,29.84,Clear,0,0,0,0,3,13,2
3/4/2023,8:00 PM,79,78,29.87,Clear,0,0,0,0,2,7,2
3/4/2023,8:30 PM,77,83,29.87,Clear,0,0,0,0,2,8,2
3/4/2023,9:00 PM,77,83,29.87,Clear,0,0,0,0,1,10,2
3/4/2023,9:30 PM,77,83,29.9,Clear,0,0,0,0,2,8,2
3/4/2023,10:00 PM,77,83,29.9,Clear,0,0,0,0,2,6,2
3/4/2023,10:30 PM,77,83,29.9,Clear,0,0,0,0,2,7,2
3/4/2023,11:00 PM,77,83,29.9,Clear,0,0,0,0,2,8,2
3/4/2023,11:30 PM,75,89,29.9,Clear,0,0,0,0,2,8,1
3/5/2023,12:00 AM,75,89,29.87,Clear,0,0,0,0,0,3,2
3/5/2023,12:30 AM,73,88,29.87,Clear,0,0,0,0,0,3,3
3/5/2023,1:00 AM,73,88,29.87,Clear,0,0,0,0,0,3,2
3/5/2023,1:30 AM,72,94,29.84,Clear,0,0,0,0,0,3,2
3/5/2023,2:00 AM,72,94,29.84,Clear,0,0,0,0,0,3,2
3/5/2023,2:30 AM,72,94,29.84,Clear,0,0,0,0,1,3,3
3/5/2023,3:00 AM,72,94,29.84,Clear,0,0,0,0,0,3,2
3/5/2023,3:30 AM,72,94,29.81,Clear,0,0,0,0,0,4,3
3/5/2023,4:00 AM,72,94,29.81,Clear,0,0,0,0,0,3,2
3/5/2023,4:30 AM,72,94,29.81,Clear,0,0,0,0,0,3,2
3/5/2023,5:00 AM,70,100,29.81,Clear,1,0,1,0,3,15,2
3/5/2023,5:30 AM,70,100,29.84,Clear,0,0,0,0,3,15,2
3/5/2023,6:00 AM,70,94,29.84,Clear,0,0,0,0,3,12,1
3/5/2023,6:30 AM,70,94,29.84,Clear,0,0,0,0,3,14,2
3/5/2023,7:00 AM,70,94,29.87,Clear,0,0,0,0,3,15,2
3/5/2023,7:30 AM,70,100,29.87,Clear,0,0,0,0,3,12,2
3/5/2023,8:00 AM,73,100,29.9,Clear,0,0,0,0,3,13,1
3/5/2023,8:30 AM,79,89,29.9,Clear,0,0,0,0,3,13,2
3/5/2023,9:00 AM,81,84,29.9,Clear,0,0,0,0,2,7,2
3/5/2023,9:30 AM,84,74,29.9,Clear,0,0,0,0,2,6,1
3/5/2023,10:00 AM,84,70,29.93,Clear,0,0,0,0,2,7,1
3/5/2023,10:30 AM,86,62,29.93,Clear,0,0,0,0,2,6,1
3/5/2023,11:00 AM,86,62,29.9,Clear,0,0,0,0,2,7,2
3/5/2023,11:30 AM,88,55,29.9,Clear,0,0,0,0,2,7,2
3/5/2023,12:00 PM,88,55,29.87,Clear,0,0,0,0,2,8,2
3/5/2023,12:30 PM,88,52,29.87,Clear,0,0,0,0,2,7,2
3/5/2023,1:00 PM,88,52,29.84,Clear,0,0,0,0,2,6,2
3/5/2023,1:30 PM,88,52,29.84,Clear,0,0,0,0,2,6,1
3/5/2023,2:00 PM,90,49,29.84,Clear,0,0,0,0,2,7,1
3/5/2023,2:30 PM,90,49,29.81,Clear,0,0,0,0,2,8,2
3/5/2023,3:00 PM,88,55,29.81,Clear,0,0,0,0,2,7,1
3/5/2023,3:30 PM,88,55,29.79,Clear,0,0,0,0,2,7,1
3/5/2023,4:00 PM,88,52,29.79,Clear,0,0,0,0,3,12,3
3/5/2023,4:30 PM,88,52,29.79,Clear,0,0,0,0,3,16,2
3/5/2023,5:00 PM,86,55,29.81,Clear,0,0,0,0,3,13,2
3/5/2023,5:30 PM,86,51,29.81,Clear,0,0,0,0,3,15,2
3/5/2023,6:00 PM,82,62,29.81,Clear,0,0,0,0,3,11,2
3/5/2023,6:30 PM,82,62,29.81,Clear,0,0,0,0,3,14,2
3/5/2023,7:00 PM,81,70,29.84,Clear,0,0,0,0,3,14,2
3/5/2023,7:30 PM,81,74,29.84,Clear,0,0,0,0,2,15,3
3/5/2023,8:00 PM,79,74,29.84,Clear,0,0,0,0,2,9,2
3/5/2023,8:30 PM,79,78,29.84,Clear,0,0,0,0,2,7,2
3/5/2023,9:00 PM,79,78,29.87,Clear,0,0,0,0,2,7,2
3/5/2023,9:30 PM,77,78,29.87,Clear,0,0,0,0,2,8,1
3/5/2023,10:00 PM,77,78,29.87,Clear,0,0,0,0,2,9,2
3/5/2023,10:30 PM,77,83,29.87,Clear,0,0,0,0,2,6,2
3/5/2023,11:00 PM,77,78,29.87,Clear,0,0,0,0,2,7,2
3/5/2023,11:30 PM,77,78,29.87,Clear,0,0,0,0,1,9,2
3/6/2023,12:00 AM,75,83,29.87,Clear,0,0,0,0,0,3,3
3/6/2023,12:30 AM,75,83,29.87,Clear,0,0,0,0,1,3,2
3/6/2023,1:00 AM,75,83,29.87,Clear,0,0,0,0,0,3,2
3/6/2023,1:30 AM,75,83,29.84,Clear,0,0,0,0,0,3,2
3/6/2023,2:00 AM,73,88,29.81,Clear,0,0,0,0,0,3,2
3/6/2023,2:30 AM,73,88,29.81,Clear,0,0,0,0,0,3,2
3/6/2023,3:00 AM,72,88,29.81,Clear,0,0,0,0,0,4,2
3/6/2023,3:30 AM,72,88,29.81,Clear,0,0,0,0,0,4,2
3/6/2023,4:00 AM,70,94,29.81,Clear,0,0,0,0,0,3,2
3/6/2023,4:30 AM,70,94,29.81,Clear,0,0,0,0,0,3,3
3/6/2023,5:00 AM,68,100,29.81,Clear,0,0,0,0,2,12,2
3/6/2023,5:30 AM,68,94,29.81,Clear,0,0,0,0,3,14,2
3/6/2023,6:00 AM,68,100,29.81,Clear,0,0,0,0,3,12,2
3/6/2023,6:30 AM,68,100,29.81,Clear,0,0,0,0,3,13,2
3/6/2023,7:00 AM,68,100,29.84,Clear,0,0,0,0,3,13,2
3/6/2023,7:30 AM,68,100,29.84,Clear,0,0,0,0,3,14,2
3/6/2023,8:00 AM,73,94,29.87,Clear,0,0,0,0,3,13,2
3/6/2023,8:30 AM,77,89,29.87,Clear,0,0,0,0,2,16,1
3/6/2023,9:00 AM,81,79,29.87,Clear,0,0,0,0,2,7,2
3/6/2023,9:30 AM,82,74,29.87,Clear,0,0,0,0,2,7,2
3/6/2023,10:00 AM,84,70,29.87,Clear,0,0,0,0,2,7,2
3/6/2023,10:30 AM,84,66,29.87,Clear,0,0,0,0,2,6,2
3/6/2023,11:00 AM,88,55,29.87,Clear,0,0,0,0,2,7,2
3/6/2023,11:30 AM,86,55,29.87,Clear,0,0,0,0,2,6,2
3/6/2023,12:00 PM,88,49,29.84,Clear,0,0,0,0,2,6,2
3/6/2023,12:30 PM,88,49,29.84,Clear,0,0,0,0,2,6,2
3/6/2023,1:00 PM,90,46,29.81,Clear,0,0,0,0,2,7,2
3/6/2023,1:30 PM,88,49,29.79,Clear,0,0,0,0,2,6,2
3/6/2023,2:00 PM,88,49,29.79,Clear,0,0,0,0,2,7,2
3/6/2023,2:30 PM,88,52,29.76,Clear,0,0,0,0,2,7,2
3/6/2023,3:00 PM,90,49,29.76,Clear,0,0,0,0,2,7,1
3/6/2023,3:30 PM,88,52,29.76,Clear,0,0,0,0,2,7,2
3/6/2023,4:00 PM,88,55,29.76,Clear,0,0,0,0,3,13,3
3/6/2023,4:30 PM,86,58,29.76,Clear,0,0,0,0,3,14,3
3/6/2023,5:00 PM,86,58,29.76,Clear,0,0,0,0,3,14,2
3/6/2023,5:30 PM,84,62,29.76,Clear,0,0,0,0,2,14,2
3/6/2023,6:00 PM,82,66,29.79,Clear,0,0,0,0,3,14,2
3/6/2023,6:30 PM,81,70,29.79,Clear,0,0,0,0,2,13,2
3/6/2023,7:00 PM,81,70,29.79,Clear,0,0,0,0,3,13,2
3/6/2023,7:30 PM,79,74,29.81,Clear,0,0,0,0,3,13,2
3/6/2023,8:00 PM,79,74,29.81,Clear,0,0,0,0,2,8,2
3/6/2023,8:30 PM,79,74,29.84,Clear,0,0,0,0,2,7,2
3/6/2023,9:00 PM,79,74,29.84,Clear,0,0,0,0,2,8,2
3/6/2023,9:30 PM,79,74,29.84,Clear,0,0,0,0,2,8,2
3/6/2023,10:00 PM,75,78,29.84,Clear,0,0,0,0,2,8,2
3/6/2023,10:30 PM,73,88,29.87,Clear,0,0,0,0,2,7,2
3/6/2023,11:00 PM,73,88,29.87,Clear,0,0,0,0,2,9,2
3/6/2023,11:30 PM,73,88,29.87,Clear,0,0,0,0,2,9,2
3/7/2023,12:00 AM,72,94,29.87,Clear,0,0,0,0,1,3,2
3/7/2023,12:30 AM,72,94,29.84,Clear,0,0,0,0,0,3,3
3/7/2023,1:00 AM,72,94,29.84,Clear,0,0,0,0,1,3,3
3/7/2023,1:30 AM,72,94,29.84,Clear,0,0,0,0,0,3,3
3/7/2023,2:00 AM,73,94,29.81,Clear,0,0,0,0,0,3,2
3/7/2023,2:30 AM,73,94,29.81,Clear,0,0,0,0,0,3,2
3/7/2023,3:00 AM,72,94,29.81,Clear,0,0,0,0,0,3,2
3/7/2023,3:30 AM,72,94,29.81,Clear,0,0,0,0,0,4,2
3/7/2023,4:00 AM,70,100,29.79,Clear,0,0,0,0,1,3,2
3/7/2023,4:30 AM,70,94,29.79,Clear,0,0,0,0,1,3,3
3/7/2023,5:00 AM,70,94,29.79,Clear,0,0,0,0,3,14,2
3/7/2023,5:30 AM,70,94,29.81,Clear,0,0,0,0,3,14,2
3/7/2023,6:00 AM,70,94,29.81,Clear,0,0,0,0,3,16,2
3/7/2023,6:30 AM,70,94,29.81,Clear,0,0,0,0,3,14,2
3/7/2023,7:00 AM,70,94,29.81,Clear,0,0,0,0,3,14,2
3/7/2023,7:30 AM,72,94,29.84,Clear,0,0,0,0,3,14,2
3/7/2023,8:00 AM,75,94,29.84,Clear,0,0,0,0,3,12,2
3/7/2023,8:30 AM,79,83,29.84,Clear,0,0,0,0,2,12,1
3/7/2023,9:00 AM,81,84,29.84,Clear,0,0,0,0,2,6,2
3/7/2023,9:30 AM,82,79,29.87,Clear,0,0,0,0,2,6,1
3/7/2023,10:00 AM,84,74,29.87,Clear,0,0,0,0,2,7,2
3/7/2023,10:30 AM,86,66,29.87,Clear,0,0,0,0,2,7,2
3/7/2023,11:00 AM,86,62,29.84,Clear,0,0,0,0,2,5,2
3/7/2023,11:30 AM,88,58,29.84,Clear,0,0,0,0,2,7,1
3/7/2023,12:00 PM,88,58,29.84,Clear,0,0,0,0,2,7,2
3/7/2023,12:30 PM,88,55,29.81,Clear,0,0,0,0,2,7,2
3/7/2023,1:00 PM,88,55,29.81,Clear,0,0,0,0,2,7,2
3/7/2023,1:30 PM,88,55,29.79,Clear,0,0,0,0,2,5,2
3/7/2023,2:00 PM,88,55,29.79,Clear,0,0,0,0,2,8,2
3/7/2023,2:30 PM,90,52,29.79,Clear,0,0,0,0,2,6,2
3/7/2023,3:00 PM,88,55,29.76,Clear,0,0,0,0,2,5,2
3/7/2023,3:30 PM,88,55,29.76,Clear,0,0,0,0,2,7,2
3/7/2023,4:00 PM,88,55,29.76,Clear,0,0,0,0,3,14,2
3/7/2023,4:30 PM,86,58,29.76,Clear,0,0,0,0,3,11,2
3/7/2023,5:00 PM,86,62,29.76,Clear,0,0,0,0,2,10,3
3/7/2023,5:30 PM,84,62,29.76,Clear,0,0,0,0,3,13,2
3/7/2023,6:00 PM,82,66,29.79,Clear,0,0,0,0,3,15,2
3/7/2023,6:30 PM,82,70,29.79,Clear,0,0,0,0,3,15,2
3/7/2023,7:00 PM,81,70,29.79,Clear,0,0,0,0,3,13,2
3/7/2023,7:30 PM,81,70,29.81,Clear,0,0,0,0,3,13,2
3/7/2023,8:00 PM,81,74,29.81,Clear,0,0,0,0,2,8,2
3/7/2023,8:30 PM,81,74,29.84,Clear,0,0,0,0,2,8,2
3/7/2023,9:00 PM,79,78,29.84,Clear,0,0,0,0,2,7,2
3/7/2023,9:30 PM,79,78,29.84,Clear,0,0,0,0,2,8,2
3/7/2023,10:00 PM,79,83,29.84,Clear,0,0,0,0,1,7,2
3/7/2023,10:30 PM,79,78,29.87,Clear,0,0,0,0,2,6,2
3/7/2023,11:00 PM,77,83,29.84,Clear,0,0,0,0,2,8,1
3/7/2023,11:30 PM,75,89,29.87,Clear,0,0,0,0,2,7,2
3/8/2023,12:00 AM,73,94,29.84,Clear,0,0,0,0,0,3,2
3/8/2023,12:30 AM,73,88,29.84,Clear,0,0,0,0,0,3,2
3/8/2023,1:00 AM,73,88,29.84,Clear,0,0,0,0,0,3,2
3/8/2023,1:30 AM,73,88,29.84,Clear,0,0,0,0,1,3,2
3/8/2023,2:00 AM,72,94,29.81,Clear,0,0,0,0,0,3,2
3/8/2023,2:30 AM,72,94,29.81,Clear,0,0,0,0,0,3,2
3/8/2023,3:00 AM,72,94,29.81,Clear,0,0,0,0,0,3,2
3/8/2023,3:30 AM,72,94,29.81,Clear,0,0,0,0,1,3,2
3/8/2023,4:00 AM,72,94,29.79,Clear,0,0,0,0,0,4,2
3/8/2023,4:30 AM,72,94,29.79,Clear,0,0,0,0,0,3,2
3/8/2023,5:00 AM,70,100,29.79,Clear,0,0,0,0,3,12,2
3/8/2023,5:30 AM,72,94,29.79,Clear,0,0,0,0,3,12,1
3/8/2023,6:00 AM,70,100,29.79,Clear,0,0,0,0,3,10,2
3/8/2023,6:30 AM,70,100,29.81,Clear,0,0,0,0,3,13,1
3/8/2023,7:00 AM,70,100,29.81,Clear,0,0,0,0,3,13,2
3/8/2023,7:30 AM,72,100,29.84,Clear,0,0,0,0,3,14,2
3/8/2023,8:00 AM,77,94,29.84,Clear,0,0,0,0,3,12,2
3/8/2023,8:30 AM,79,89,29.84,Clear,0,0,0,0,3,11,1
3/8/2023,9:00 AM,82,79,29.84,Clear,0,0,0,0,2,7,2
3/8/2023,9:30 AM,84,74,29.87,Clear,0,0,0,0,2,6,2
3/8/2023,10:00 AM,86,70,29.87,Clear,0,0,0,0,2,7,2
3/8/2023,10:30 AM,88,66,29.84,Clear,0,0,0,0,2,8,2
3/8/2023,11:00 AM,88,62,29.84,Clear,0,0,0,0,2,6,2
3/8/2023,11:30 AM,90,55,29.81,Clear,0,0,0,0,2,8,1
3/8/2023,12:00 PM,90,52,29.81,Clear,0,0,0,0,2,6,2
3/8/2023,12:30 PM,90,52,29.81,Clear,0,0,0,0,2,7,2
3/8/2023,1:00 PM,90,55,29.79,Clear,0,0,0,0,2,7,2
3/8/2023,1:30 PM,90,55,29.79,Clear,0,0,0,0,2,5,2
3/8/2023,2:00 PM,90,55,29.76,Clear,0,0,0,0,2,7,1
3/8/2023,2:30 PM,90,55,29.76,Clear,0,0,0,0,2,7,2
3/8/2023,3:00 PM,90,55,29.76,Clear,0,0,0,0,2,7,2
3/8/2023,3:30 PM,88,58,29.73,Clear,0,0,0,0,2,7,2
3/8/2023,4:00 PM,88,58,29.73,Clear,0,0,0,0,3,14,3
3/8/2023,4:30 PM,88,58,29.76,Clear,0,0,0,0,3,14,2
3/8/2023,5:00 PM,86,62,29.76,Clear,0,0,0,0,3,15,2
3/8/2023,5:30 PM,84,66,29.76,Clear,0,0,0,0,3,14,2
3/8/2023,6:00 PM,84,66,29.76,Clear,0,0,0,0,3,16,2
3/8/2023,6:30 PM,82,70,29.76,Clear,0,0,0,0,3,13,2
3/8/2023,7:00 PM,81,74,29.76,Clear,0,0,0,0,3,15,2
3/8/2023,7:30 PM,81,74,29.79,Clear,0,0,0,0,2,15,2
3/8/2023,8:00 PM,81,74,29.79,Clear,0,0,0,0,1,9,2
3/8/2023,8:30 PM,81,74,29.81,Clear,0,0,0,0,2,8,1
3/8/2023,9:00 PM,79,83,29.81,Clear,0,0,0,0,2,8,2
3/8/2023,9:30 PM,79,83,29.81,Clear,0,0,0,0,2,6,2
3/8/2023,10:00 PM,79,83,29.81,Clear,0,0,0,0,2,8,2
3/8/2023,10:30 PM,79,83,29.81,Clear,0,0,0,0,2,6,2
3/8/2023,11:00 PM,77,83,29.81,Clear,0,0,0,0,2,7,2
3/8/2023,11:30 PM,75,89,29.81,Clear,0,0,0,0,1,7,2
3/9/2023,12:00 AM,75,89,29.81,Clear,0,0,0,0,0,3,2
3/9/2023,12:30 AM,77,83,29.81,Clear,0,0,0,0,0,3,3
3/9/2023,1:00 AM,73,94,29.79,Clear,0,0,0,0,0,3,3
3/9/2023,1:30 AM,73,94,29.79,Clear,0,0,0,0,0,3,2
3/9/2023,2:00 AM,72,94,29.76,Clear,0,0,0,0,0,3,2
3/9/2023,2:30 AM,72,94,29.76,Clear,0,0,0,0,0,3,3
3/9/2023,3:00 AM,72,94,29.76,Clear,0,0,0,0,0,3,2
3/9/2023,3:30 AM,72,94,29.76,Clear,0,0,0,0,0,3,2
3/9/2023,4:00 AM,72,94,29.76,Clear,0,0,0,0,1,3,2
3/9/2023,4:30 AM,72,94,29.76,Clear,0,0,0,0,0,3,3
3/9/2023,5:00 AM,72,94,29.76,Clear,0,0,0,0,3,14,2
3/9/2023,5:30 AM,72,94,29.76,Clear,0,0,0,0,3,16,2
3/9/2023,6:00 AM,72,94,29.76,Clear,0,0,0,0,3,14,2
3/9/2023,6:30 AM,72,100,29.76,Clear,0,0,0,0,3,12,2
3/9/2023,7:00 AM,72,100,29.79,Clear,0,0,0,0,3,16,1
3/9/2023,7:30 AM,75,94,29.79,Clear,0,0,0,0,3,15,1
3/9/2023,8:00 AM,79,89,29.79,Clear,0,0,0,0,3,14,2
3/9/2023,8:30 AM,81,84,29.81,Clear,0,0,0,0,3,13,2
3/9/2023,9:00 AM,82,84,29.81,Clear,0,0,0,0,2,7,2
3/9/2023,9:30 AM,84,79,29.81,Clear,0,0,0,0,2,7,2
3/9/2023,10:00 AM,84,74,29.81,Clear,0,0,0,0,2,6,1
3/9/2023,10:30 AM,86,70,29.81,Clear,0,0,0,0,2,7,1
3/9/2023,11:00 AM,88,62,29.79,Clear,0,0,0,0,2,6,2
3/9/2023,11:30 AM,90,59,29.79,Clear,0,0,0,0,2,7,2
3/9/2023,12:00 PM,90,55,29.79,Clear,0,0,0,0,2,6,2
3/9/2023,12:30 PM,90,55,29.76,Clear,0,0,0,0,2,7,2
3/9/2023,1:00 PM,90,52,29.76,Clear,0,0,0,0,2,7,1
3/9/2023,1:30 PM,88,55,29.76,Clear,0,0,0,0,2,8,2
3/9/2023,2:00 PM,88,58,29.73,Clear,0,0,0,0,2,7,2
3/9/2023,2:30 PM,88,58,29.73,Clear,0,0,0,0,2,6,2
3/9/2023,3:00 PM,88,58,29.73,Clear,0,0,0,0,2,7,2
3/9/2023,3:30 PM,88,58,29.7,Clear,0,0,0,0,2,8,2
3/9/2023,4:00 PM,86,62,29.7,Clear,0,0,0,0,3,12,2
3/9/2023,4:30 PM,88,58,29.7,Clear,0,0,0,0,3,14,3
3/9/2023,5:00 PM,86,62,29.73,Clear,0,0,0,0,3,16,2
3/9/2023,5:30 PM,84,66,29.73,Clear,0,0,0,0,2,14,2
3/9/2023,6:00 PM,82,70,29.73,Clear,0,0,0,0,3,12,2
3/9/2023,6:30 PM,82,70,29.73,Clear,0,0,0,0,3,14,2
3/9/2023,7:00 PM,82,70,29.76,Clear,0,0,0,0,3,13,2
3/9/2023,7:30 PM,81,74,29.76,Clear,0,0,0,0,3,14,2
3/9/2023,8:00 PM,81,74,29.76,Clear,0,0,0,0,2,7,2
3/9/2023,8:30 PM,81,79,29.79,Clear,0,0,0,0,2,8,2
3/9/2023,9:00 PM,81,79,29.79,Clear,0,0,0,0,2,7,2
3/9/2023,9:30 PM,81,79,29.81,Clear,0,0,0,0,1,7,2
3/9/2023,10:00 PM,81,79,29.81,Clear,0,0,0,0,2,8,2
3/9/2023,10:30 PM,81,79,29.81,Clear,0,0,0,0,2,10,2
3/9/2023,11:00 PM,79,83,29.81,Clear,0,0,0,0,2,9,2
3/9/2023,11:30 PM,79,83,29.81,Clear,0,0,0,0,2,10,2
3/10/2023,12:00 AM,79,83,29.79,Clear,0,0,0,0,0,3,2
3/10/2023,12:30 AM,79,83,29.79,Clear,0,0,0,0,0,3,2
3/10/2023,1:00 AM,77,89,29.79,Clear,0,0,0,0,0,3,2
3/10/2023,1:30 AM,77,89,29.76,Clear,0,0,0,0,0,3,2
3/10/2023,2:00 AM,77,89,29.76,Clear,0,0,0,0,0,3,2
3/10/2023,2:30 AM,77,89,29.76,Clear,0,0,0,0,0,3,2
3/10/2023,3:00 AM,75,94,29.73,Clear,0,0,0,0,0,4,2
3/10/2023,3:30 AM,75,94,29.73,Clear,0,0,0,0,1,3,2
3/10/2023,4:00 AM,75,94,29.73,Clear,0,0,0,0,0,3,2
3/10/2023,4:30 AM,73,100,29.73,Clear,0,0,0,0,0,3,2
3/10/2023,5:00 AM,73,100,29.73,Clear,0,0,0,0,3,17,2
3/10/2023,5:30 AM,73,94,29.73,Clear,0,0,0,0,3,13,2
3/10/2023,6:00 AM,73,94,29.76,Clear,0,0,0,0,3,14,2
3/10/2023,6:30 AM,73,94,29.76,Clear,0,0,0,0,3,14,2
3/10/2023,7:00 AM,73,100,29.79,Clear,0,0,0,0,3,12,2
3/10/2023,7:30 AM,75,94,29.79,Clear,0,0,0,0,2,12,2
3/10/2023,8:00 AM,77,94,29.79,Clear,0,0,0,0,3,14,2
3/10/2023,8:30 AM,81,89,29.81,Clear,0,0,0,0,3,15,1
3/10/2023,9:00 AM,81,89,29.81,Clear,0,0,0,0,2,7,2
3/10/2023,9:30 AM,84,74,29.81,Clear,0,0,0,0,2,6,2
3/10/2023,10:00 AM,86,70,29.81,Clear,0,0,0,0,2,7,2
3/10/2023,10:30 AM,88,62,29.81,Clear,0,0,0,0,2,8,2
3/10/2023,11:00 AM,88,58,29.81,Clear,0,0,0,0,2,7,2
3/10/2023,11:30 AM,90,52,29.79,Clear,0,0,0,0,2,6,2
3/10/2023,12:00 PM,86,55,29.79,Clear,0,0,0,0,2,8,2
3/10/2023,12:30 PM,88,55,29.76,Clear,0,0,0,0,2,9,2
3/10/2023,1:00 PM,88,55,29.76,Clear,0,0,0,0,2,6,1
3/10/2023,1:30 PM,90,55,29.73,Clear,0,0,0,0,2,6,2
3/10/2023,2:00 PM,88,58,29.73,Clear,0,0,0,0,2,6,2
3/10/2023,2:30 PM,90,52,29.73,Clear,0,0,0,0,2,6,2
3/10/2023,3:00 PM,90,55,29.7,Clear,0,0,0,0,2,6,2
3/10/2023,3:30 PM,90,55,29.7,Clear,0,0,0,0,2,6,2
3/10/2023,4:00 PM,88,58,29.67,Clear,0,0,0,0,3,13,2
3/10/2023,4:30 PM,86,62,29.7,Clear,0,0,0,0,3,13,3
3/10/2023,5:00 PM,84,66,29.7,Clear,0,0,0,0,3,13,2
3/10/2023,5:30 PM,84,66,29.7,Clear,0,0,0,0,3,11,2
3/10/2023,6:00 PM,82,70,29.7,Clear,0,0,0,0,3,14,2
3/10/2023,6:30 PM,82,70,29.7,Clear,0,0,0,0,3,13,2
3/10/2023,7:00 PM,81,74,29.73,Clear,0,0,0,0,3,13,2
3/10/2023,7:30 PM,81,74,29.73,Clear,0,0,0,0,3,14,2
3/10/2023,8:00 PM,81,79,29.76,Clear,0,0,0,0,2,7,2
3/10/2023,8:30 PM,81,79,29.76,Clear,0,0,0,0,2,8,2
3/10/2023,9:00 PM,79,83,29.76,Clear,0,0,0,0,2,10,2
3/10/2023,9:30 PM,79,83,29.79,Clear,0,0,0,0,2,7,2
3/10/2023,10:00 PM,79,83,29.79,Clear,0,0,0,0,1,7,2
3/10/2023,10:30 PM,79,83,29.79,Clear,0,0,0,0,2,7,2
3/10/2023,11:00 PM,77,89,29.81,Clear,0,0,0,0,2,8,2
3/10/2023,11:30 PM,77,89,29.81,Rain,0,0,0,0,1,7,2
3/11/2023,12:00 AM,77,89,29.81,Clear,0,0,0,0,0,3,2
3/11/2023,12:30 AM,77,89,29.79,Clear,0,0,0,0,0,3,2
3/11/2023,1:00 AM,75,89,29.79,Clear,0,0,0,0,1,3,2
3/11/2023,1:30 AM,73,94,29.79,Clear,0,0,0,0,0,3,2
3/11/2023,2:00 AM,73,94,29.76,Clear,0,0,0,0,0,3,2
3/11/2023,2:30 AM,73,94,29.76,Clear,0,0,0,0,0,3,2
3/11/2023,3:00 AM,72,94,29.76,Clear,0,0,0,0,0,3,2
3/11/2023,3:30 AM,72,100,29.76,Clear,0,0,0,0,1,3,2
3/11/2023,4:00 AM,72,94,29.76,Clear,0,0,0,0,0,3,2
3/11/2023,4:30 AM,72,94,29.76,Clear,0,0,0,0,0,3,2
3/11/2023,5:00 AM,72,94,29.73,Clear,0,0,0,0,3,15,2
3/11/2023,5:30 AM,72,94,29.76,Clear,0,0,0,0,4,11,2
3/11/2023,6:00 AM,72,94,29.76,Clear,0,0,0,0,3,13,2
3/11/2023,6:30 AM,72,94,29.76,Clear,0,0,0,0,3,13,2
3/11/2023,7:00 AM,72,100,29.79,Clear,0,0,0,0,2,14,1
3/11/2023,7:30 AM,73,100,29.79,Clear,0,0,0,0,3,12,2
3/11/2023,8:00 AM,79,83,29.79,Clear,0,0,0,0,3,16,2
3/11/2023,8:30 AM,81,89,29.79,Clear,0,0,0,0,3,13,2
3/11/2023,9:00 AM,82,84,29.81,Clear,0,0,0,0,2,7,2
3/11/2023,9:30 AM,84,79,29.81,Clear,0,0,0,0,2,7,1
3/11/2023,10:00 AM,86,70,29.81,Clear,0,0,0,0,2,7,1
3/11/2023,10:30 AM,88,58,29.81,Clear,0,0,0,0,2,8,2
3/11/2023,11:00 AM,88,58,29.81,Clear,0,0,0,0,2,7,2
3/11/2023,11:30 AM,90,52,29.81,Clear,0,0,0,0,2,6,2
3/11/2023,12:00 PM,90,52,29.79,Clear,0,0,0,0,2,7,2
3/11/2023,12:30 PM,90,52,29.79,Clear,0,0,0,0,2,6,1
3/11/2023,1:00 PM,90,55,29.79,Clear,0,0,0,0,2,7,2
3/11/2023,1:30 PM,90,55,29.76,Clear,0,0,0,0,2,7,2
3/11/2023,2:00 PM,88,58,29.76,Clear,0,0,0,0,2,5,2
3/11/2023,2:30 PM,90,55,29.73,Clear,0,0,0,0,2,6,2
3/11/2023,3:00 PM,88,58,29.73,Clear,0,0,0,0,2,6,2
3/11/2023,3:30 PM,88,58,29.73,Clear,0,0,0,0,2,7,2
3/11/2023,4:00 PM,88,58,29.73,Clear,0,0,0,0,3,15,2
3/11/2023,4:30 PM,88,58,29.73,Clear,0,0,0,0,3,11,2
3/11/2023,5:00 PM,88,58,29.73,Clear,0,0,0,0,3,14,2
3/11/2023,5:30 PM,86,62,29.73,Clear,0,0,0,0,3,13,2
3/11/2023,6:00 PM,84,66,29.73,Clear,0,0,0,0,3,13,3
3/11/2023,6:30 PM,82,66,29.73,Clear,0,0,0,0,3,13,2
3/11/2023,7:00 PM,81,70,29.76,Clear,0,0,0,0,3,13,2
3/11/2023,7:30 PM,81,70,29.76,Clear,0,0,0,0,3,12,2
3/11/2023,8:00 PM,79,74,29.76,Clear,0,0,0,0,2,6,2
3/11/2023,8:30 PM,77,78,29.79,Clear,0,0,0,0,2,9,2
3/11/2023,9:00 PM,77,78,29.79,Clear,0,0,0,0,2,7,2
3/11/2023,9:30 PM,73,83,29.81,Clear,0,0,0,0,2,8,2
3/11/2023,10:00 PM,75,83,29.81,Clear,0,0,0,0,2,10,2
3/11/2023,10:30 PM,72,88,29.81,Clear,0,0,0,0,2,9,2
3/11/2023,11:00 PM,72,88,29.81,Clear,0,0,0,0,2,8,2
3/11/2023,11:30 PM,72,88,29.81,Clear,0,0,0,0,2,8,2
3/12/2023,12:00 AM,70,94,29.81,Clear,0,0,0,0,0,3,2
3/12/2023,12:30 AM,70,94,29.81,Clear,0,0,0,0,0,3,2
3/12/2023,1:00 AM,70,94,29.79,Clear,0,0,0,0,1,3,3
3/12/2023,1:30 AM,70,94,29.79,Clear,0,0,0,0,0,4,2
3/12/2023,2:00 AM,70,94,29.76,Clear,0,0,0,0,0,3,2
3/12/2023,2:30 AM,70,94,29.76,Clear,0,0,0,0,1,3,2
3/12/2023,3:00 AM,70,94,29.76,Clear,0,0,0,0,0,3,2
3/12/2023,3:30 AM,70,94,29.76,Clear,0,0,0,0,0,3,2
3/12/2023,4:00 AM,68,100,29.76,Clear,0,0,0,0,0,3,2
3/12/2023,4:30 AM,68,100,29.76,Clear,0,0,0,0,0,2,2
3/12/2023,5:00 AM,70,94,29.76,Clear,0,0,0,0,3,11,2
3/12/2023,5:30 AM,70,94,29.76,Clear,0,0,0,0,3,11,1
3/12/2023,6:00 AM,68,100,29.76,Clear,0,0,0,0,2,13,1
3/12/2023,6:30 AM,68,100,29.76,Clear,0,0,0,0,3,15,2
3/12/2023,7:00 AM,68,100,29.79,Clear,0,0,0,0,3,14,2
3/12/2023,7:30 AM,72,94,29.79,Clear,0,0,0,0,3,15,2
3/12/2023,8:00 AM,73,100,29.79,Clear,0,0,0,0,3,14,2
3/12/2023,8:30 AM,79,89,29.81,Clear,0,0,0,0,3,14,2
3/12/2023,9:00 AM,81,84,29.81,Clear,0,0,0,0,2,6,2
3/12/2023,9:30 AM,82,79,29.81,Clear,0,0,0,0,2,7,1
3/12/2023,10:00 AM,86,70,29.81,Clear,0,0,0,0,2,6,2
3/12/2023,10:30 AM,86,70,29.81,Clear,0,0,0,0,2,6,2
3/12/2023,11:00 AM,88,62,29.81,Clear,0,0,0,0,2,6,2
3/12/2023,11:30 AM,86,62,29.79,Clear,0,0,0,0,2,7,2
3/12/2023,12:00 PM,90,55,29.79,Clear,0,0,0,0,2,6,2
3/12/2023,12:30 PM,88,58,29.76,Clear,0,0,0,0,2,6,2
3/12/2023,1:00 PM,90,55,29.76,Clear,0,0,0,0,2,8,1
3/12/2023,1:30 PM,90,55,29.76,Clear,0,0,0,0,2,6,1
3/12/2023,2:00 PM,88,58,29.73,Clear,0,0,0,0,2,8,2
3/12/2023,2:30 PM,90,55,29.73,Clear,0,0,0,0,2,7,1
3/12/2023,3:00 PM,90,55,29.7,Clear,0,0,0,0,2,6,1
3/12/2023,3:30 PM,88,58,29.7,Clear,0,0,0,0,2,7,2
3/12/2023,4:00 PM,88,58,29.7,Clear,0,0,0,0,3,16,2
3/12/2023,4:30 PM,88,58,29.7,Clear,0,0,0,0,3,14,3
3/12/2023,5:00 PM,86,62,29.7,Clear,0,0,0,0,3,14,2
3/12/2023,5:30 PM,84,66,29.7,Clear,0,0,0,0,3,15,2
3/12/2023,6:00 PM,82,70,29.7,Clear,0,0,0,0,3,12,2
3/12/2023,6:30 PM,82,70,29.73,Clear,0,0,0,0,3,14,3
3/12/2023,7:00 PM,81,74,29.73,Clear,0,0,0,0,3,14,3
3/12/2023,7:30 PM,81,79,29.76,Clear,0,0,0,0,3,13,3
3/12/2023,8:00 PM,81,79,29.76,Clear,0,0,0,0,2,9,2
3/12/2023,8:30 PM,81,79,29.79,Clear,0,0,0,0,2,7,2
3/12/2023,9:00 PM,79,83,29.79,Clear,0,0,0,0,1,8,2
3/12/2023,9:30 PM,79,83,29.79,Clear,0,0,0,0,2,8,2
3/12/2023,10:00 PM,79,83,29.79,Clear,0,0,0,0,2,8,2
3/12/2023,10:30 PM,79,83,29.81,Clear,0,0,0,0,2,8,2
3/12/2023,11:00 PM,79,83,29.81,Clear,0,0,0,0,2,7,2
3/12/2023,11:30 PM,79,83,29.81,Clear,0,0,0,0,2,9,2
03/13/2023,12:00 AM,75,89,29.81,Clear,0,0,0,0,1,4,2
03/13/2023,12:30 AM,75,89,29.81,Clear,0,0,0,0,0,4,2
03/13/2023,1:00 AM,75,89,29.79,Clear,0,0,0,0,0,3,2
03/13/2023,1:30 AM,75,89,29.79,Clear,0,0,0,0,0,4,2
03/13/2023,2:00 AM,73,94,29.76,Clear,0,0,0,0,1,3,2
03/13/2023,2:30 AM,73,94,29.76,Clear,0,0,0,0,0,3,2
03/13/2023,3:00 AM,73,94,29.76,Clear,0,0,0,0,0,3,2
03/13/2023,3:30 AM,73,94,29.76,Clear,0,0,0,0,1,3,2
03/13/2023,4:00 AM,75,94,29.76,Clear,0,0,0,0,0,3,2
03/13/2023,4:30 AM,75,94,29.76,Clear,0,0,0,0,0,3,3
03/13/2023,5:00 AM,73,94,29.76,Clear,0,0,0,0,3,14,2
03/13/2023,5:30 AM,75,89,29.76,Clear,0,0,0,0,3,15,2
03/13/2023,6:00 AM,73,94,29.76,Clear,0,0,0,0,3,14,2
03/13/2023,6:30 AM,72,94,29.79,Clear,0,0,0,0,2,13,2
03/13/2023,7:00 AM,72,94,29.79,Clear,0,0,0,0,3,14,2
03/13/2023,7:30 AM,73,94,29.79,Clear,0,0,0,0,3,11,2
03/13/2023,8:00 AM,79,78,29.79,Clear,0,0,0,0,4,14,1
03/13/2023,8:30 AM,79,83,29.81,Clear,0,0,0,0,3,16,2
03/13/2023,9:00 AM,82,74,29.81,Clear,0,0,0,0,2,7,2
03/13/2023,9:30 AM,84,66,29.81,Clear,0,0,0,0,2,5,2
03/13/2023,10:00 AM,86,62,29.81,Clear,0,0,0,0,2,7,1
03/13/2023,10:30 AM,86,58,29.81,Clear,0,0,0,0,2,7,2
03/13/2023,11:00 AM,88,55,29.79,Clear,0,0,0,0,2,6,2
03/13/2023,11:30 AM,88,55,29.79,Clear,0,0,0,0,2,6,1
03/13/2023,12:00 PM,90,52,29.76,Clear,0,0,0,0,2,7,1
03/13/2023,12:30 PM,90,49,29.76,Clear,0,0,0,0,2,7,2
03/13/2023,1:00 PM,90,49,29.73,Clear,0,0,0,0,2,7,1
03/13/2023,1:30 PM,90,49,29.7,Clear,0,0,0,0,2,7,2
03/13/2023,2:00 PM,90,49,29.7,Clear,0,0,0,0,2,7,2
03/13/2023,2:30 PM,90,52,29.7,Clear,0,0,0,0,2,6,2
03/13/2023,3:00 PM,90,49,29.7,Clear,0,0,0,0,2,6,2
03/13/2023,3:30 PM,90,49,29.67,Clear,0,0,0,0,2,7,1
03/13/2023,4:00 PM,90,49,29.67,Clear,0,0,0,0,3,14,2
03/13/2023,4:30 PM,88,52,29.67,Clear,0,0,0,0,3,13,2
03/13/2023,5:00 PM,88,52,29.67,Clear,0,0,0,0,3,14,3
03/13/2023,5:30 PM,86,58,29.67,Clear,0,0,0,0,3,15,2
03/13/2023,6:00 PM,84,58,29.7,Clear,0,0,0,0,3,13,3
03/13/2023,6:30 PM,82,66,29.7,Clear,0,0,0,0,3,14,2
03/13/2023,7:00 PM,81,70,29.73,Clear,0,0,0,0,3,14,2
03/13/2023,7:30 PM,81,70,29.73,Clear,0,0,0,0,3,14,2
03/13/2023,8:00 PM,81,70,29.73,Clear,0,0,0,0,2,9,2
03/13/2023,8:30 PM,79,74,29.76,Clear,0,0,0,0,2,8,2
03/13/2023,9:00 PM,77,78,29.76,Clear,0,0,0,0,2,9,2
03/13/2023,9:30 PM,77,78,29.79,Clear,0,0,0,0,2,8,2
03/13/2023,10:00 PM,77,78,29.79,Clear,0,0,0,0,2,7,2
03/13/2023,10:30 PM,75,83,29.79,Clear,0,0,0,0,2,8,2
03/13/2023,11:00 PM,73,83,29.79,Clear,0,0,0,0,2,7,2
03/13/2023,11:30 PM,72,88,29.79,Clear,0,0,0,0,2,9,1
03/14/2023,12:00 AM,72,88,29.79,Clear,0,0,0,0,0,3,2
03/14/2023,12:30 AM,70,94,29.79,Clear,0,0,0,0,0,3,2
03/14/2023,1:00 AM,70,94,29.76,Clear,0,0,0,0,0,2,3
03/14/2023,1:30 AM,70,94,29.76,Clear,0,0,0,0,0,3,2
03/14/2023,2:00 AM,70,94,29.73,Clear,0,0,0,0,0,3,3
03/14/2023,2:30 AM,70,94,29.73,Clear,0,0,0,0,0,3,2
03/14/2023,3:00 AM,68,94,29.73,Clear,0,0,0,0,0,3,2
03/14/2023,3:30 AM,70,94,29.73,Clear,0,0,0,0,0,3,2
03/14/2023,4:00 AM,70,94,29.73,Clear,0,0,0,0,0,3,2
03/14/2023,4:30 AM,70,94,29.73,Clear,0,0,0,0,0,3,2
03/14/2023,5:00 AM,70,94,29.73,Clear,0,0,0,0,3,13,2
03/14/2023,5:30 AM,70,94,29.73,Clear,0,0,0,0,3,13,1
03/14/2023,6:00 AM,68,100,29.73,Clear,0,0,0,0,3,14,2
03/14/2023,6:30 AM,68,94,29.73,Clear,0,0,0,0,3,11,2
03/14/2023,7:00 AM,68,94,29.73,Clear,0,0,0,0,3,16,2
03/14/2023,7:30 AM,70,100,29.76,Clear,0,0,0,0,3,13,2
03/14/2023,8:00 AM,72,94,29.76,Clear,0,0,0,0,2,12,2
03/14/2023,8:30 AM,75,89,29.76,Clear,0,0,0,0,3,16,2
03/14/2023,9:00 AM,81,79,29.79,Clear,0,0,0,0,2,8,2
03/14/2023,9:30 AM,84,70,29.79,Clear,0,0,0,0,2,7,2
03/14/2023,10:00 AM,86,62,29.79,Clear,0,0,0,0,2,5,2
03/14/2023,10:30 AM,88,58,29.76,Clear,0,0,0,0,2,7,2
03/14/2023,11:00 AM,90,49,29.76,Clear,0,0,0,0,2,6,2
03/14/2023,11:30 AM,90,46,29.73,Clear,0,0,0,0,2,6,2
03/14/2023,12:00 PM,90,49,29.73,Clear,0,0,0,0,2,6,2
03/14/2023,12:30 PM,90,49,29.7,Clear,0,0,0,0,2,7,1
03/14/2023,1:00 PM,90,52,29.7,Clear,0,0,0,0,2,6,2
03/14/2023,1:30 PM,90,52,29.67,Clear,0,0,0,0,2,7,1
03/14/2023,2:00 PM,90,52,29.67,Clear,0,0,0,0,2,6,2
03/14/2023,2:30 PM,91,49,29.64,Clear,0,0,0,0,2,7,1
03/14/2023,3:00 PM,90,52,29.64,Clear,0,0,0,0,2,7,2
03/14/2023,3:30 PM,88,55,29.64,Clear,0,0,0,0,2,8,1
03/14/2023,4:00 PM,88,55,29.64,Clear,0,0,0,0,3,12,2
03/14/2023,4:30 PM,88,55,29.64,Clear,0,0,0,0,3,13,2
03/14/2023,5:00 PM,86,58,29.64,Clear,0,0,0,0,3,13,2
03/14/2023,5:30 PM,84,62,29.64,Clear,0,0,0,0,3,14,2
03/14/2023,6:00 PM,84,58,29.67,Clear,0,0,0,0,3,14,2
03/14/2023,6:30 PM,82,62,29.67,Clear,0,0,0,0,3,13,2
03/14/2023,7:00 PM,81,70,29.67,Clear,0,0,0,0,3,13,2
03/14/2023,7:30 PM,81,70,29.7,Clear,0,0,0,0,3,14,3
03/14/2023,8:00 PM,81,70,29.7,Clear,0,0,0,0,2,7,2
03/14/2023,8:30 PM,79,74,29.7,Clear,0,0,0,0,2,8,2
03/14/2023,9:00 PM,79,74,29.73,Clear,0,0,0,0,2,7,2
03/14/2023,9:30 PM,77,78,29.73,Clear,0,0,0,0,1,8,2
03/14/2023,10:00 PM,77,78,29.76,Clear,0,0,0,0,1,9,2
03/14/2023,10:30 PM,75,83,29.76,Clear,0,0,0,0,2,9,2
03/14/2023,11:00 PM,75,83,29.76,Clear,0,0,0,0,2,8,2
03/14/2023,11:30 PM,73,88,29.76,Clear,0,0,0,0,2,7,2
03/15/2023,12:00 AM,72,88,29.76,Clear,0,0,0,0,0,3,3
03/15/2023,12:30 AM,72,88,29.76,Clear,0,0,0,0,0,3,2
03/15/2023,1:00 AM,72,88,29.73,Clear,0,0,0,0,0,3,2
03/15/2023,1:30 AM,72,88,29.73,Clear,0,0,0,0,1,3,2
03/15/2023,2:00 AM,72,88,29.73,Clear,0,0,0,0,0,3,3
03/15/2023,2:30 AM,72,88,29.73,Clear,0,0,0,0,0,3,2
03/15/2023,3:00 AM,70,94,29.7,Clear,0,0,0,0,0,4,2
03/15/2023,3:30 AM,70,94,29.7,Clear,0,0,0,0,0,3,2
03/15/2023,4:00 AM,68,100,29.7,Clear,0,0,0,0,0,3,2
03/15/2023,4:30 AM,68,100,29.7,Clear,0,0,0,0,0,3,2
03/15/2023,5:00 AM,68,100,29.73,Clear,0,0,0,0,3,16,2
03/15/2023,5:30 AM,70,94,29.73,Clear,0,0,0,0,3,16,2
03/15/2023,6:00 AM,70,94,29.73,Clear,0,0,0,0,3,14,2
03/15/2023,8:00 AM,75,89,29.79,Clear,0,0,0,0,3,13,2
03/15/2023,8:30 AM,79,83,29.79,Clear,0,0,0,0,3,13,2
03/15/2023,9:00 AM,81,79,29.79,Clear,0,0,0,0,2,6,2
03/15/2023,9:30 AM,82,74,29.81,Clear,0,0,0,0,2,8,2
03/15/2023,10:00 AM,84,66,29.81,Clear,0,0,0,0,2,6,1
03/15/2023,10:30 AM,86,62,29.79,Clear,0,0,0,0,2,7,2
03/15/2023,11:00 AM,86,55,29.79,Clear,0,0,0,0,2,6,2
03/15/2023,11:30 AM,88,49,29.79,Clear,0,0,0,0,2,6,2
03/15/2023,12:00 PM,90,49,29.76,Clear,0,0,0,0,2,7,2
03/16/2023,5:00 AM,70,94,29.73,Clear,0,0,0,0,3,13,2
03/16/2023,10:00 AM,84,74,29.81,Clear,0,0,0,0,2,7,2
03/16/2023,10:30 AM,86,66,29.81,Clear,0,0,0,0,2,6,2
03/16/2023,11:00 AM,90,59,29.81,Clear,0,0,0,0,2,7,2
03/16/2023,11:30 AM,90,55,29.79,Clear,0,0,0,0,2,8,2
03/16/2023,12:00 PM,90,52,29.79,Clear,0,0,0,0,2,6,2
03/16/2023,1:30 PM,90,52,29.76,Clear,0,0,0,0,2,7,2
03/16/2023,2:30 PM,90,55,29.73,Clear,0,0,0,0,2,6,1
03/16/2023,3:00 PM,88,58,29.73,Clear,0,0,0,0,2,6,2
03/16/2023,3:30 PM,88,58,29.7,Clear,0,0,0,0,2,5,2
03/16/2023,4:00 PM,86,62,29.7,Clear,0,0,0,0,3,17,2
03/16/2023,5:00 PM,86,66,29.7,Clear,0,0,0,0,3,13,2
03/16/2023,5:30 PM,84,66,29.7,Clear,0,0,0,0,3,12,2
03/16/2023,6:00 PM,82,70,29.73,Clear,0,0,0,0,3,14,2
03/16/2023,6:30 PM,82,70,29.73,Clear,0,0,0,0,2,14,2
03/16/2023,7:00 PM,81,74,29.73,Clear,0,0,0,0,3,13,2
03/16/2023,7:30 PM,81,74,29.76,Clear,0,0,0,0,3,14,2
03/16/2023,8:00 PM,81,74,29.76,Clear,0,0,0,0,2,7,2
03/16/2023,8:30 PM,81,74,29.79,Clear,0,0,0,0,2,7,2
03/16/2023,9:00 PM,81,79,29.79,Clear,0,0,0,0,2,8,2
03/16/2023,9:30 PM,81,79,29.79,Clear,0,0,0,0,2,9,2
03/16/2023,10:00 PM,79,83,29.79,Clear,0,0,0,0,2,9,2
03/16/2023,10:30 PM,79,83,29.79,Clear,0,0,0,0,2,8,2
03/16/2023,11:00 PM,79,83,29.81,Clear,0,0,0,0,2,8,2
03/16/2023,11:30 PM,75,89,29.81,Clear,0,0,0,0,1,8,2
03/17/2023,12:00 AM,75,89,29.81,Clear,0,0,0,0,1,4,2
03/17/2023,12:30 AM,73,94,29.79,Clear,0,0,0,0,0,4,2
03/17/2023,1:00 AM,73,94,29.79,Clear,0,0,0,0,0,3,2
03/17/2023,1:30 AM,73,94,29.79,Clear,0,0,0,0,0,3,2
03/17/2023,2:00 AM,73,94,29.76,Clear,0,0,0,0,0,3,2
03/17/2023,2:30 AM,73,94,29.76,Clear,0,0,0,0,0,4,2
03/17/2023,3:00 AM,73,94,29.73,Clear,0,0,0,0,0,4,2
03/17/2023,3:30 AM,73,94,29.73,Clear,0,0,0,0,1,3,2
03/17/2023,4:00 AM,73,94,29.73,Clear,0,0,0,0,0,3,2
03/17/2023,4:30 AM,73,94,29.73,Clear,0,0,0,0,0,3,2
03/17/2023,5:00 AM,72,94,29.73,Clear,0,0,0,0,3,14,2
03/17/2023,5:30 AM,72,94,29.73,Clear,0,0,0,0,3,13,2
03/17/2023,6:00 AM,72,94,29.76,Clear,0,0,0,0,3,14,2
03/17/2023,6:30 AM,72,94,29.76,Clear,0,0,0,0,3,11,2
03/17/2023,7:00 AM,72,100,29.76,Clear,0,0,0,0,3,11,2
03/17/2023,7:30 AM,75,94,29.79,Clear,0,0,0,0,3,12,2
03/17/2023,8:00 AM,79,89,29.79,Clear,0,0,0,0,3,13,2
03/17/2023,8:30 AM,81,84,29.79,Clear,0,0,0,0,2,14,2
03/17/2023,9:00 AM,84,79,29.81,Clear,0,0,0,0,2,7,2
03/17/2023,9:30 AM,84,74,29.81,Clear,0,0,0,0,2,7,2
03/17/2023,10:00 AM,86,70,29.81,Clear,0,0,0,0,2,7,1
03/17/2023,10:30 AM,90,59,29.81,Clear,0,0,0,0,2,6,1
03/17/2023,11:00 AM,88,62,29.79,Clear,0,0,0,0,2,7,1
03/17/2023,11:30 AM,90,55,29.79,Clear,0,0,0,0,2,7,2
03/17/2023,12:00 PM,91,49,29.76,Clear,0,0,0,0,2,6,2
03/17/2023,12:30 PM,91,49,29.76,Clear,0,0,0,0,2,6,2
03/17/2023,1:00 PM,91,49,29.73,Clear,0,0,0,0,2,6,2
03/17/2023,1:30 PM,91,52,29.73,Clear,0,0,0,0,2,6,1
03/17/2023,2:00 PM,91,52,29.73,Clear,0,0,0,0,2,6,2
03/17/2023,2:30 PM,90,55,29.7,Clear,0,0,0,0,2,6,2
03/17/2023,3:00 PM,90,55,29.7,Clear,0,0,0,0,2,7,1
03/17/2023,3:30 PM,90,59,29.7,Clear,0,0,0,0,2,6,2
03/17/2023,4:00 PM,88,58,29.67,Clear,0,0,0,0,3,14,2
03/17/2023,4:30 PM,88,58,29.7,Clear,0,0,0,0,3,13,3
03/17/2023,5:00 PM,84,66,29.7,Clear,0,0,0,0,3,14,2
03/17/2023,5:30 PM,86,66,29.7,Clear,0,0,0,0,3,13,2
03/17/2023,6:00 PM,84,66,29.73,Clear,0,0,0,0,2,14,2
03/17/2023,6:30 PM,82,70,29.73,Clear,0,0,0,0,3,12,3
03/17/2023,7:00 PM,81,79,29.73,Clear,0,0,0,0,3,13,2
03/17/2023,7:30 PM,81,79,29.73,Clear,0,0,0,0,3,12,2
03/17/2023,8:00 PM,81,79,29.76,Clear,0,0,0,0,2,8,2
03/17/2023,8:30 PM,81,79,29.76,Clear,0,0,0,0,1,9,2
03/17/2023,9:00 PM,81,79,29.76,Clear,0,0,0,0,2,7,2
03/17/2023,9:30 PM,79,83,29.76,Clear,0,0,0,0,2,8,1
03/17/2023,10:00 PM,79,83,29.79,Clear,0,0,0,0,2,6,2
03/17/2023,10:30 PM,77,89,29.79,Clear,0,0,0,0,2,7,2
03/17/2023,11:00 PM,77,89,29.79,Clear,0,0,0,0,2,8,2
03/17/2023,11:30 PM,77,89,29.79,Clear,0,0,0,0,2,7,2
03/18/2023,12:00 AM,75,94,29.76,Clear,0,0,0,0,1,3,2
03/18/2023,12:30 AM,75,89,29.76,Clear,0,0,0,0,0,3,2
03/18/2023,1:00 AM,73,94,29.73,Clear,0,0,0,0,0,3,3
03/18/2023,1:30 AM,73,94,29.73,Clear,0,0,0,0,1,3,2
03/18/2023,2:00 AM,73,94,29.73,Clear,0,0,0,0,0,3,3
03/18/2023,2:30 AM,73,94,29.73,Clear,0,0,0,0,0,3,2
03/18/2023,3:00 AM,73,94,29.7,Clear,0,0,0,0,0,3,3
03/18/2023,3:30 AM,73,94,29.7,Clear,0,0,0,0,1,3,2
03/18/2023,4:00 AM,75,94,29.7,Clear,0,0,0,0,0,2,2
03/18/2023,4:30 AM,75,94,29.7,Clear,0,0,0,0,1,4,2
03/18/2023,5:00 AM,75,94,29.7,Clear,0,0,0,0,3,14,2
03/18/2023,5:30 AM,75,94,29.73,Clear,0,0,0,0,3,13,2
03/18/2023,6:00 AM,75,94,29.73,Clear,0,0,0,0,3,14,1
03/18/2023,6:30 AM,75,94,29.73,Clear,0,0,0,0,3,13,2
03/18/2023,7:00 AM,75,94,29.73,Clear,0,0,0,0,3,14,1
03/18/2023,7:30 AM,77,89,29.76,Clear,0,0,0,0,3,14,2
03/18/2023,8:00 AM,79,89,29.76,Clear,0,0,0,0,3,13,2
03/18/2023,8:30 AM,81,84,29.76,Clear,0,0,0,0,3,12,2
03/18/2023,9:00 AM,82,79,29.79,Clear,0,0,0,0,2,8,2
03/18/2023,9:30 AM,86,74,29.79,Clear,0,0,0,0,2,5,2
03/18/2023,10:00 AM,86,70,29.79,Clear,0,0,0,0,2,5,2
03/18/2023,10:30 AM,86,70,29.79,Clear,0,0,0,0,2,7,1
03/18/2023,11:00 AM,88,62,29.76,Clear,0,0,0,0,2,6,2
03/18/2023,11:30 AM,90,59,29.76,Clear,0,0,0,0,2,8,2
03/18/2023,12:00 PM,91,55,29.73,Clear,0,0,0,0,2,8,2
03/18/2023,12:30 PM,91,52,29.73,Clear,0,0,0,0,2,7,2
03/18/2023,1:00 PM,91,52,29.73,Clear,0,0,0,0,2,6,2
03/18/2023,1:30 PM,93,49,29.7,Clear,0,0,0,0,2,7,2
03/18/2023,2:00 PM,91,52,29.7,Clear,0,0,0,0,2,6,1
03/18/2023,2:30 PM,90,55,29.67,Clear,0,0,0,0,2,8,2
03/18/2023,3:00 PM,90,55,29.67,Clear,0,0,0,0,2,7,2
03/18/2023,3:30 PM,91,52,29.67,Clear,0,0,0,0,2,8,2
03/18/2023,4:00 PM,90,55,29.64,Clear,0,0,0,0,3,16,2
03/18/2023,4:30 PM,88,62,29.67,Clear,0,0,0,0,3,14,3
03/18/2023,5:00 PM,86,66,29.67,Clear,0,0,0,0,3,16,3
03/18/2023,5:30 PM,86,62,29.67,Clear,0,0,0,0,3,12,2
03/18/2023,6:00 PM,84,66,29.67,Clear,0,0,0,0,3,14,2
03/18/2023,6:30 PM,82,70,29.67,Clear,0,0,0,0,2,14,2
03/18/2023,7:00 PM,82,70,29.7,Clear,0,0,0,0,3,14,2
03/18/2023,7:30 PM,81,74,29.7,Clear,0,0,0,0,3,13,2
03/18/2023,8:00 PM,81,74,29.73,Clear,0,0,0,0,2,9,2
03/18/2023,8:30 PM,81,79,29.73,Clear,0,0,0,0,2,8,2
03/18/2023,9:00 PM,81,79,29.76,Clear,0,0,0,0,2,8,2
03/18/2023,9:30 PM,79,83,29.76,Clear,0,0,0,0,2,7,2
03/18/2023,10:00 PM,79,83,29.76,Clear,0,0,0,0,2,9,1
03/18/2023,10:30 PM,79,83,29.76,Clear,0,0,0,0,2,8,2
03/18/2023,11:00 PM,77,89,29.79,Clear,0,0,0,0,2,8,2
03/18/2023,11:30 PM,77,89,29.76,Clear,0,0,0,0,2,8,2
03/19/2023,12:00 AM,77,89,29.76,Clear,0,0,0,0,0,3,2
03/19/2023,12:30 AM,77,89,29.73,Clear,0,0,0,0,0,3,2
03/19/2023,1:00 AM,75,94,29.73,Clear,0,0,0,0,0,3,2
03/19/2023,1:30 AM,75,94,29.73,Clear,0,0,0,0,0,3,3
03/19/2023,2:00 AM,77,89,29.7,Clear,0,0,0,0,0,4,3
03/19/2023,2:30 AM,77,89,29.7,Clear,0,0,0,0,1,3,2
03/19/2023,3:00 AM,77,89,29.7,Clear,0,0,0,0,1,4,2
03/19/2023,3:30 AM,77,89,29.7,Clear,0,0,0,0,0,3,2
03/19/2023,4:00 AM,73,94,29.67,Clear,0,0,0,0,0,3,2
03/19/2023,4:30 AM,73,94,29.7,Clear,0,0,0,0,0,3,2
03/19/2023,5:00 AM,73,94,29.7,Clear,0,0,0,0,3,11,1
03/19/2023,5:30 AM,72,100,29.7,Clear,0,0,0,0,3,11,2
03/19/2023,6:00 AM,73,94,29.7,Clear,0,0,0,0,3,14,2
03/19/2023,6:30 AM,72,100,29.7,Clear,0,0,0,0,4,17,2
03/19/2023,7:00 AM,73,94,29.73,Clear,0,0,0,0,3,11,2
03/19/2023,7:30 AM,75,94,29.73,Clear,0,0,0,0,3,14,2
03/19/2023,8:00 AM,81,84,29.73,Clear,0,0,0,0,3,13,2
03/19/2023,8:30 AM,82,79,29.76,Clear,0,0,0,0,3,14,2
03/19/2023,9:00 AM,84,79,29.76,Clear,0,0,0,0,2,7,2
03/19/2023,9:30 AM,84,74,29.79,Clear,0,0,0,0,1,6,2
03/19/2023,10:00 AM,86,70,29.76,Clear,0,0,0,0,2,7,2
03/19/2023,10:30 AM,88,66,29.76,Clear,0,0,0,0,2,8,2
03/19/2023,11:00 AM,90,59,29.76,Clear,0,0,0,0,2,7,1
03/19/2023,11:30 AM,91,55,29.76,Clear,0,0,0,0,2,5,1
03/19/2023,12:00 PM,91,55,29.73,Clear,0,0,0,0,2,7,2
03/19/2023,12:30 PM,91,55,29.73,Clear,0,0,0,0,2,6,2
03/19/2023,1:00 PM,91,55,29.7,Clear,0,0,0,0,2,6,2
03/19/2023,1:30 PM,91,55,29.67,Clear,0,0,0,0,2,7,1
03/19/2023,2:00 PM,93,52,29.67,Clear,0,0,0,0,2,7,1
03/19/2023,2:30 PM,93,56,29.64,Clear,0,0,0,0,2,8,2
03/19/2023,3:00 PM,91,55,29.64,Clear,0,0,0,0,1,6,1
03/19/2023,3:30 PM,91,55,29.64,Clear,0,0,0,0,2,7,2
03/19/2023,4:00 PM,90,59,29.64,Clear,0,0,0,0,3,13,2
03/19/2023,4:30 PM,90,59,29.61,Clear,0,0,0,0,3,14,2
03/19/2023,5:00 PM,90,59,29.61,Clear,0,0,0,0,3,13,2
03/19/2023,5:30 PM,88,62,29.64,Clear,0,0,0,0,3,13,2
03/19/2023,6:00 PM,84,70,29.64,Clear,0,0,0,0,3,12,2
03/19/2023,6:30 PM,84,70,29.64,Clear,0,0,0,0,3,12,2
03/19/2023,7:00 PM,82,74,29.67,Clear,0,0,0,0,2,17,3
03/19/2023,7:30 PM,82,74,29.67,Clear,0,0,0,0,3,14,2
03/19/2023,8:00 PM,82,79,29.7,Clear,0,0,0,0,2,9,2
03/19/2023,8:30 PM,81,84,29.7,Clear,0,0,0,0,2,7,2
03/19/2023,9:00 PM,81,84,29.7,Clear,0,0,0,0,2,9,1
03/19/2023,9:30 PM,81,84,29.7,Clear,0,0,0,0,2,8,2
03/19/2023,10:00 PM,81,84,29.73,Clear,0,0,0,0,1,8,2
03/19/2023,10:30 PM,81,84,29.73,Clear,0,0,0,0,2,7,2
03/19/2023,11:00 PM,81,84,29.73,Clear,0,0,0,0,2,9,2
03/19/2023,11:30 PM,79,89,29.73,Clear,0,0,0,0,2,7,2
03/20/2023,12:00 AM,79,89,29.73,Clear,0,0,0,0,0,3,2
03/20/2023,12:30 AM,79,89,29.73,Clear,0,0,0,0,1,4,2
03/20/2023,1:00 AM,81,84,29.7,Clear,0,0,0,0,0,3,3
03/20/2023,1:30 AM,79,89,29.7,Clear,0,0,0,0,0,3,2
03/20/2023,2:00 AM,79,89,29.7,Clear,0,0,0,0,0,3,2
03/20/2023,2:30 AM,79,89,29.7,Clear,0,0,0,0,0,3,2
03/20/2023,3:00 AM,77,94,29.7,Clear,0,0,0,0,1,3,2
03/20/2023,3:30 AM,77,89,29.67,Clear,0,0,0,0,0,3,2
03/20/2023,4:00 AM,75,94,29.67,Clear,0,0,0,0,0,3,2
03/20/2023,4:30 AM,75,94,29.67,Clear,0,0,0,0,0,3,3
03/20/2023,5:00 AM,77,94,29.67,Clear,0,0,0,0,3,11,2
03/20/2023,5:30 AM,77,94,29.67,Clear,0,0,0,0,3,14,1
03/20/2023,6:00 AM,75,94,29.7,Clear,0,0,0,0,3,17,1
03/20/2023,6:30 AM,75,94,29.7,Clear,0,0,0,0,3,16,2
03/20/2023,7:00 AM,75,94,29.7,Clear,0,0,0,0,3,14,2
03/20/2023,7:30 AM,79,94,29.73,Clear,0,0,0,0,2,13,2
03/20/2023,8:00 AM,81,89,29.73,Clear,0,0,0,0,2,12,2
03/20/2023,8:30 AM,82,89,29.76,Clear,0,0,0,0,3,14,2
03/20/2023,9:00 AM,84,84,29.76,Clear,0,0,0,0,2,7,1
03/20/2023,9:30 AM,84,79,29.76,Clear,0,0,0,0,2,8,2
03/20/2023,10:00 AM,88,70,29.76,Clear,0,0,0,0,2,7,1
03/20/2023,10:30 AM,90,66,29.76,Clear,0,0,0,0,2,8,2
03/20/2023,11:00 AM,91,63,29.73,Clear,0,0,0,0,2,7,2
03/20/2023,11:30 AM,90,62,29.73,Clear,0,0,0,0,2,8,1
03/20/2023,12:00 PM,91,59,29.7,Clear,0,0,0,0,2,5,2
03/20/2023,12:30 PM,93,56,29.7,Clear,0,0,0,0,2,7,2
03/20/2023,1:00 PM,93,52,29.7,Clear,0,0,0,0,2,6,2
03/20/2023,1:30 PM,93,52,29.67,Clear,0,0,0,0,2,6,2
03/20/2023,2:00 PM,93,49,29.64,Clear,0,0,0,0,2,5,2
03/20/2023,2:30 PM,93,52,29.64,Clear,0,0,0,0,2,7,2
03/20/2023,3:00 PM,91,59,29.61,Clear,0,0,0,0,2,6,2
03/20/2023,3:30 PM,90,62,29.61,Clear,0,0,0,0,2,7,1
03/20/2023,4:00 PM,90,62,29.61,Clear,0,0,0,0,3,16,3
03/20/2023,4:30 PM,88,66,29.61,Clear,0,0,0,0,3,16,2
03/20/2023,5:00 PM,88,66,29.61,Clear,0,0,0,0,3,11,2
03/20/2023,5:30 PM,86,70,29.61,Clear,0,0,0,0,3,13,2
03/20/2023,6:00 PM,84,74,29.64,Clear,0,0,0,0,3,15,2
03/20/2023,6:30 PM,82,79,29.64,Clear,0,0,0,0,3,12,2
03/20/2023,7:00 PM,82,79,29.67,Clear,0,0,0,0,2,15,2
03/20/2023,7:30 PM,81,84,29.67,Clear,0,0,0,0,3,15,2
03/20/2023,8:00 PM,81,84,29.7,Clear,0,0,0,0,2,7,2
03/20/2023,8:30 PM,81,84,29.7,Clear,0,0,0,0,2,8,2
03/20/2023,9:00 PM,81,84,29.7,Clear,0,0,0,0,2,8,2
03/20/2023,9:30 PM,81,84,29.73,Clear,0,0,0,0,2,8,2
03/20/2023,10:00 PM,79,89,29.73,Clear,0,0,0,0,2,9,2
03/20/2023,10:30 PM,79,89,29.76,Clear,0,0,0,0,2,8,2
03/20/2023,11:00 PM,77,94,29.76,Clear,0,0,0,0,2,8,2
03/20/2023,11:30 PM,77,89,29.76,Clear,0,0,0,0,2,8,2
03/21/2023,12:00 AM,75,94,29.76,Clear,0,0,0,0,1,3,3
03/21/2023,12:30 AM,75,94,29.73,Clear,0,0,0,0,0,3,2
03/21/2023,1:00 AM,75,94,29.73,Clear,0,0,0,0,1,3,2
03/21/2023,1:30 AM,75,94,29.73,Clear,0,0,0,0,0,3,2
03/21/2023,2:00 AM,75,94,29.7,Clear,0,0,0,0,0,4,2
03/21/2023,2:30 AM,75,94,29.7,Clear,0,0,0,0,0,3,3
03/21/2023,3:00 AM,73,100,29.67,Clear,0,0,0,0,0,3,2
03/21/2023,3:30 AM,73,94,29.67,Clear,0,0,0,0,1,3,3
03/21/2023,4:00 AM,73,94,29.67,Clear,0,0,0,0,1,3,2
03/21/2023,4:30 AM,73,100,29.67,Clear,0,0,0,0,0,3,3
03/21/2023,5:00 AM,73,94,29.67,Clear,0,0,0,0,3,13,2
03/21/2023,5:30 AM,73,100,29.67,Clear,0,0,0,0,3,12,1
03/21/2023,6:00 AM,73,94,29.7,Clear,0,0,0,0,3,14,2
03/21/2023,6:30 AM,73,94,29.7,Clear,0,0,0,0,3,14,2
03/21/2023,7:00 AM,73,100,29.7,Clear,0,0,0,0,3,15,2
03/21/2023,7:30 AM,75,94,29.73,Clear,0,0,0,0,3,12,2
03/21/2023,8:00 AM,77,100,29.73,Clear,0,0,0,0,3,16,2
03/21/2023,8:30 AM,79,94,29.76,Clear,0,0,0,0,3,12,2
03/21/2023,9:00 AM,81,89,29.76,Clear,0,0,0,0,2,6,2
03/21/2023,9:30 AM,82,84,29.76,Clear,0,0,0,0,2,7,1
03/21/2023,10:00 AM,86,74,29.76,Clear,0,0,0,0,2,8,2
03/21/2023,10:30 AM,86,74,29.76,Clear,0,0,0,0,2,7,2
03/21/2023,11:00 AM,88,66,29.76,Clear,0,0,0,0,2,7,2
03/21/2023,11:30 AM,88,66,29.73,Clear,0,0,0,0,2,7,2
03/21/2023,12:00 PM,88,62,29.73,Clear,0,0,0,0,2,6,2
03/21/2023,12:30 PM,90,59,29.73,Clear,0,0,0,0,2,7,1
03/21/2023,1:00 PM,90,59,29.7,Clear,0,0,0,0,2,8,1
03/21/2023,1:30 PM,90,55,29.7,Clear,0,0,0,0,2,8,2
03/21/2023,2:00 PM,91,55,29.67,Clear,0,0,0,0,2,7,1
03/21/2023,2:30 PM,91,55,29.64,Clear,0,0,0,0,2,7,1
03/21/2023,3:00 PM,90,59,29.64,Clear,0,0,0,0,2,7,2
03/21/2023,3:30 PM,88,62,29.64,Clear,0,0,0,0,2,8,2
03/21/2023,4:00 PM,88,66,29.64,Clear,0,0,0,0,3,12,2
03/21/2023,4:30 PM,88,66,29.64,Clear,0,0,0,0,3,14,2
03/21/2023,5:00 PM,86,70,29.61,Clear,0,0,0,0,3,14,2
03/21/2023,5:30 PM,84,74,29.64,Clear,0,0,0,0,2,13,3
03/21/2023,6:00 PM,84,74,29.64,Clear,0,0,0,0,3,14,2
03/21/2023,6:30 PM,82,79,29.67,Clear,0,0,0,0,3,12,2
03/21/2023,7:00 PM,82,79,29.67,Clear,0,0,0,0,3,14,2
03/21/2023,7:30 PM,81,84,29.7,Clear,0,0,0,0,3,14,2
03/21/2023,8:00 PM,81,84,29.7,Clear,0,0,0,0,2,7,2
03/21/2023,8:30 PM,81,84,29.7,Clear,0,0,0,0,2,8,2
03/21/2023,9:00 PM,81,84,29.7,Clear,0,0,0,0,2,9,2
03/21/2023,9:30 PM,81,84,29.7,Clear,0,0,0,0,2,8,2
03/21/2023,10:00 PM,81,84,29.7,Clear,0,0,0,0,2,8,2
03/21/2023,10:30 PM,79,89,29.73,Clear,0,0,0,0,2,8,1
03/21/2023,11:00 PM,79,89,29.73,Clear,0,0,0,0,2,8,2
03/21/2023,11:30 PM,79,89,29.73,Clear,0,0,0,0,2,7,2
03/22/2023,12:00 AM,79,89,29.7,Clear,0,0,0,0,0,3,2
03/22/2023,12:30 AM,79,89,29.7,Clear,0,0,0,0,0,3,2
03/22/2023,1:00 AM,79,89,29.67,Clear,0,0,0,0,0,3,2
03/22/2023,1:30 AM,79,89,29.67,Clear,0,0,0,0,1,3,2
03/22/2023,2:00 AM,75,94,29.64,Clear,0,0,0,0,0,3,2
03/22/2023,2:30 AM,77,94,29.64,Clear,0,0,0,0,0,3,2
03/22/2023,3:00 AM,75,94,29.64,Clear,0,0,0,0,0,3,3
03/22/2023,3:30 AM,75,94,29.64,Clear,0,0,0,0,0,3,2
03/22/2023,4:00 AM,75,94,29.64,Clear,0,0,0,0,0,3,2
03/22/2023,4:30 AM,75,94,29.64,Clear,0,0,0,0,0,3,2
03/22/2023,5:00 AM,75,100,29.64,Clear,0,0,0,0,3,13,1
03/22/2023,5:30 AM,75,100,29.64,Clear,0,0,0,0,3,13,2
03/22/2023,6:00 AM,75,100,29.64,Clear,0,0,0,0,3,14,2
03/22/2023,6:30 AM,75,94,29.64,Clear,0,0,0,0,3,13,2
03/22/2023,7:00 AM,75,100,29.67,Clear,0,0,0,0,3,11,2
03/22/2023,7:30 AM,77,94,29.67,Clear,0,0,0,0,3,13,2
03/22/2023,8:00 AM,79,94,29.7,Clear,0,0,0,0,3,12,2
03/22/2023,8:30 AM,81,89,29.7,Clear,0,0,0,0,3,15,2
03/22/2023,9:00 AM,82,84,29.73,Clear,0,0,0,0,2,7,1
03/22/2023,9:30 AM,86,79,29.73,Clear,0,0,0,0,2,7,2
03/22/2023,10:00 AM,88,79,29.73,Clear,0,0,0,0,2,8,2
03/22/2023,10:30 AM,86,79,29.73,Clear,0,0,0,0,2,7,2
03/22/2023,11:00 AM,90,70,29.73,Clear,0,0,0,0,2,7,1
03/22/2023,11:30 AM,90,66,29.7,Clear,0,0,0,0,2,6,2
03/22/2023,12:00 PM,88,66,29.7,Clear,0,0,0,0,2,7,2
03/22/2023,12:30 PM,93,59,29.67,Clear,0,0,0,0,1,7,2
03/22/2023,1:00 PM,93,52,29.67,Clear,0,0,0,0,2,7,1
03/22/2023,1:30 PM,93,56,29.64,Clear,0,0,0,0,2,5,2
03/22/2023,2:00 PM,91,59,29.64,Clear,0,0,0,0,2,8,2
03/22/2023,2:30 PM,91,59,29.61,Clear,0,0,0,0,2,7,2
03/22/2023,3:00 PM,93,56,29.61,Clear,0,0,0,0,2,7,2
03/22/2023,3:30 PM,93,56,29.58,Clear,0,0,0,0,2,7,2
03/22/2023,4:00 PM,93,56,29.58,Clear,0,0,0,0,3,12,2
03/22/2023,4:30 PM,91,59,29.58,Clear,0,0,0,0,3,14,2
03/22/2023,5:00 PM,91,59,29.58,Clear,0,0,0,0,3,13,2
03/22/2023,5:30 PM,90,62,29.58,Clear,0,0,0,0,3,13,2
03/22/2023,6:00 PM,88,66,29.58,Clear,1,0,2,0,3,13,3
03/22/2023,6:30 PM,86,70,29.58,Clear,0,0,0,0,3,14,2
03/22/2023,7:00 PM,84,74,29.61,Clear,0,0,0,0,3,13,2
03/22/2023,7:30 PM,82,79,29.64,Clear,0,0,0,0,3,12,3
03/22/2023,8:00 PM,82,79,29.64,Clear,0,0,0,0,1,8,2
03/22/2023,8:30 PM,81,84,29.67,Clear,0,0,0,0,2,8,2
03/22/2023,9:00 PM,81,84,29.7,Clear,0,0,0,0,1,8,2
03/22/2023,9:30 PM,81,89,29.7,Clear,0,0,0,0,2,7,2
03/22/2023,10:00 PM,81,89,29.7,Clear,0,0,0,0,2,7,2
03/22/2023,10:30 PM,81,89,29.7,Clear,0,0,0,0,1,8,2
03/22/2023,11:00 PM,81,89,29.7,Clear,0,0,0,0,2,9,2
03/22/2023,11:30 PM,81,89,29.7,Clear,0,0,0,0,1,7,2
03/23/2023,12:00 AM,81,89,29.7,Clear,0,0,0,0,0,3,2
03/23/2023,12:30 AM,81,89,29.67,Clear,0,0,0,0,0,3,2
03/23/2023,1:00 AM,81,89,29.67,Clear,0,0,0,0,0,3,2
03/23/2023,1:30 AM,79,94,29.67,Clear,0,0,0,0,0,4,3
03/23/2023,2:00 AM,79,94,29.67,Clear,0,0,0,0,0,3,3
03/23/2023,2:30 AM,79,94,29.64,Clear,0,0,0,0,0,3,2
03/23/2023,3:00 AM,79,89,29.64,Clear,0,0,0,0,0,3,2
03/23/2023,3:30 AM,79,89,29.64,Clear,0,0,0,0,0,4,3
03/23/2023,4:00 AM,79,89,29.64,Clear,0,0,0,0,0,3,3
03/23/2023,4:30 AM,79,89,29.64,Clear,0,0,0,0,0,3,2
03/23/2023,5:00 AM,77,94,29.64,Clear,0,0,0,0,3,15,2
03/23/2023,5:30 AM,77,94,29.67,Clear,0,0,0,0,2,15,2
03/23/2023,6:00 AM,77,100,29.67,Clear,0,0,0,0,3,12,2
03/23/2023,6:30 AM,77,100,29.67,Clear,0,0,0,0,3,14,2
03/23/2023,7:00 AM,77,100,29.67,Clear,0,0,0,0,3,14,2
03/23/2023,7:30 AM,79,94,29.7,Clear,0,0,0,0,3,16,2
03/23/2023,8:00 AM,82,89,29.7,Clear,0,0,0,0,2,14,2
03/23/2023,8:30 AM,86,79,29.73,Clear,0,0,0,0,3,13,2
03/23/2023,9:00 AM,84,84,29.73,Clear,0,0,0,0,2,8,2
03/23/2023,9:30 AM,88,75,29.73,Clear,0,0,0,0,2,7,2
03/23/2023,10:00 AM,88,75,29.73,Clear,0,0,0,0,2,6,2
03/23/2023,10:30 AM,91,66,29.73,Clear,0,0,0,0,2,6,2
03/23/2023,11:00 AM,90,66,29.73,Clear,0,0,0,0,2,7,2
03/23/2023,11:30 AM,91,63,29.73,Clear,0,0,0,0,2,6,1
03/23/2023,12:00 PM,91,63,29.7,Clear,0,0,0,0,2,7,2
03/23/2023,12:30 PM,93,59,29.7,Clear,0,0,0,0,2,7,1
03/23/2023,1:00 PM,93,59,29.67,Clear,0,0,0,0,2,5,2
03/23/2023,1:30 PM,93,59,29.64,Rain,0,0,0,0,1,6,2
03/23/2023,2:00 PM,91,63,29.64,Clear,0,0,0,0,2,5,2
03/23/2023,2:30 PM,93,59,29.61,Clear,0,0,0,0,2,7,2
03/23/2023,3:00 PM,91,59,29.61,Clear,0,0,0,0,2,7,2
03/23/2023,3:30 PM,88,66,29.61,Clear,0,0,0,0,2,7,2
03/23/2023,4:00 PM,82,70,29.61,Rain,0,0,0,0,2,15,2
03/23/2023,4:30 PM,84,70,29.61,Clear,0,0,0,0,3,15,2
03/23/2023,5:00 PM,82,70,29.58,Clear,0,0,0,0,3,19,2
03/23/2023,5:30 PM,81,79,29.58,Clear,0,0,0,0,3,15,3
03/23/2023,6:00 PM,81,79,29.61,Clear,0,0,0,0,2,14,2
03/23/2023,6:30 PM,81,79,29.64,Clear,0,0,0,0,2,14,2
03/23/2023,7:00 PM,79,83,29.67,Clear,0,0,0,0,3,16,2
03/23/2023,7:30 PM,79,83,29.67,Clear,0,0,0,0,3,12,2
03/23/2023,8:00 PM,79,83,29.7,Clear,0,0,0,0,2,8,2
03/23/2023,8:30 PM,79,83,29.7,Clear,0,0,0,0,1,9,2
03/23/2023,9:00 PM,77,94,29.7,Clear,0,0,0,0,2,7,2
03/23/2023,9:30 PM,77,94,29.73,Clear,0,0,0,0,2,9,2
03/23/2023,10:00 PM,77,94,29.73,Clear,0,0,0,0,2,7,2
03/23/2023,10:30 PM,77,89,29.73,Clear,0,0,0,0,2,8,2
03/23/2023,11:00 PM,77,94,29.7,Clear,0,0,0,0,2,7,2
03/23/2023,11:30 PM,77,94,29.7,Clear,0,0,0,0,2,8,2
03/24/2023,12:00 AM,77,94,29.7,Clear,0,0,0,0,0,2,2
03/24/2023,12:30 AM,77,94,29.7,Clear,0,0,0,0,0,3,3
03/24/2023,1:00 AM,77,94,29.7,Clear,0,0,0,0,1,3,2
03/24/2023,1:30 AM,75,94,29.67,Clear,0,0,0,0,0,3,3
03/24/2023,2:00 AM,75,94,29.67,Clear,0,0,0,0,0,3,2
03/24/2023,2:30 AM,75,94,29.67,Clear,0,0,0,0,0,3,2
03/24/2023,3:00 AM,75,94,29.67,Clear,0,0,0,0,0,3,3
03/24/2023,3:30 AM,75,94,29.64,Clear,0,0,0,0,1,3,2
03/24/2023,4:00 AM,75,94,29.64,Clear,0,0,0,0,1,3,2
03/24/2023,4:30 AM,75,94,29.64,Clear,0,0,0,0,0,3,2
03/24/2023,5:00 AM,73,100,29.64,Clear,0,0,0,0,3,14,2
03/24/2023,5:30 AM,73,100,29.64,Clear,0,0,0,0,3,14,1
03/24/2023,6:00 AM,73,94,29.67,Clear,0,0,0,0,3,15,2
03/24/2023,6:30 AM,73,94,29.7,Clear,0,0,0,0,3,14,2
03/24/2023,7:00 AM,75,94,29.7,Clear,0,0,0,0,2,13,2
03/24/2023,7:30 AM,77,94,29.73,Clear,0,0,0,0,3,15,2
03/24/2023,8:00 AM,79,94,29.73,Clear,0,0,0,0,3,14,2
03/24/2023,8:30 AM,81,94,29.73,Clear,0,0,0,0,3,15,2
03/24/2023,9:00 AM,84,84,29.76,Clear,0,0,0,0,2,9,1
03/24/2023,9:30 AM,88,79,29.76,Clear,0,0,0,0,2,7,2
03/24/2023,10:00 AM,90,75,29.76,Clear,0,0,0,0,2,7,2
03/24/2023,10:30 AM,91,71,29.76,Clear,0,0,0,0,2,7,2
03/24/2023,11:00 AM,91,66,29.73,Clear,0,0,0,0,2,6,2
03/24/2023,11:30 AM,91,66,29.73,Clear,0,0,0,0,2,7,2
03/24/2023,12:00 PM,95,56,29.73,Clear,0,0,0,0,2,6,1
03/24/2023,12:30 PM,95,53,29.7,Clear,0,0,0,0,2,7,1
03/24/2023,1:00 PM,97,50,29.7,Clear,0,0,0,0,2,7,1
03/24/2023,1:30 PM,95,53,29.67,Clear,0,0,0,0,2,6,1
03/24/2023,2:00 PM,95,53,29.64,Clear,0,0,0,0,2,7,1
03/24/2023,2:30 PM,93,56,29.64,Clear,0,0,0,0,2,8,1
03/24/2023,3:00 PM,93,56,29.64,Clear,0,0,0,0,2,7,2
03/24/2023,3:30 PM,93,56,29.61,Clear,0,0,0,0,2,7,2
03/24/2023,4:00 PM,93,56,29.61,Clear,0,0,0,0,3,16,3
03/24/2023,4:30 PM,93,56,29.61,Clear,0,0,0,0,3,13,2
03/24/2023,5:00 PM,91,59,29.61,Clear,0,0,0,0,3,14,2
03/24/2023,5:30 PM,90,62,29.61,Clear,0,0,0,0,3,14,2
03/24/2023,6:00 PM,88,66,29.61,Clear,0,0,0,0,3,15,2
03/24/2023,6:30 PM,88,62,29.61,Clear,0,0,0,0,3,12,3
03/24/2023,7:00 PM,86,66,29.61,Clear,0,0,0,0,3,15,2
03/24/2023,7:30 PM,84,70,29.64,Clear,0,0,0,0,3,13,2
03/24/2023,8:00 PM,82,74,29.67,Clear,0,0,0,0,2,8,2
03/24/2023,8:30 PM,81,79,29.67,Clear,0,0,0,0,2,9,2
03/24/2023,9:00 PM,79,83,29.7,Clear,0,0,0,0,2,8,2
03/24/2023,9:30 PM,77,89,29.7,Clear,0,0,0,0,2,9,2
03/24/2023,10:00 PM,77,89,29.7,Clear,0,0,0,0,1,7,2
03/24/2023,10:30 PM,75,89,29.73,Clear,0,0,0,0,2,7,2
03/24/2023,11:00 PM,75,94,29.73,Clear,0,0,0,0,2,7,2
03/24/2023,11:30 PM,75,89,29.73,Clear,0,0,0,0,2,8,2
03/25/2023,12:00 AM,75,94,29.73,Clear,0,0,0,0,0,3,2
03/25/2023,12:30 AM,75,89,29.73,Clear,0,0,0,0,0,4,2
03/25/2023,1:00 AM,73,94,29.73,Clear,0,0,0,0,0,3,3
03/25/2023,1:30 AM,73,94,29.7,Clear,0,0,0,0,1,3,2
03/25/2023,2:00 AM,73,94,29.7,Clear,0,0,0,0,0,3,2
03/25/2023,2:30 AM,73,94,29.7,Clear,0,0,0,0,0,3,2
03/25/2023,3:00 AM,73,94,29.7,Clear,0,0,0,0,0,3,2
03/25/2023,3:30 AM,73,94,29.67,Clear,0,0,0,0,0,3,3
03/25/2023,4:00 AM,72,100,29.67,Clear,0,0,0,0,0,3,2
03/25/2023,4:30 AM,72,100,29.67,Clear,0,0,0,0,0,3,2
03/25/2023,5:00 AM,72,100,29.67,Clear,0,0,0,0,3,16,1
03/25/2023,5:30 AM,72,94,29.67,Clear,0,0,0,0,3,11,2
03/25/2023,6:00 AM,72,94,29.67,Clear,0,0,0,0,3,15,2
03/25/2023,6:30 AM,72,94,29.7,Clear,0,0,0,0,3,11,2
03/25/2023,7:00 AM,73,94,29.7,Mist,0,0,0,0,3,13,1
03/25/2023,7:30 AM,75,94,29.73,Clear,0,0,0,0,3,13,2
03/25/2023,8:00 AM,77,100,29.76,Clear,0,0,0,0,3,14,2
03/25/2023,8:30 AM,82,89,29.76,Clear,0,0,0,0,3,16,2
03/25/2023,9:00 AM,84,84,29.76,Clear,0,0,0,0,2,8,2
03/25/2023,9:30 AM,88,75,29.76,Clear,0,0,0,0,2,6,2
03/25/2023,10:00 AM,90,70,29.76,Clear,0,0,0,0,2,8,2
03/25/2023,10:30 AM,90,70,29.76,Clear,0,0,0,0,2,6,1
03/25/2023,11:00 AM,91,63,29.76,Clear,0,0,0,0,2,6,2
03/25/2023,11:30 AM,93,56,29.76,Clear,0,0,0,0,2,8,1
03/25/2023,12:00 PM,95,44,29.73,Clear,0,0,0,0,2,6,2
03/25/2023,12:30 PM,95,47,29.73,Clear,0,0,0,0,2,6,1
03/25/2023,1:00 PM,97,44,29.7,Clear,0,0,0,0,2,7,2
03/25/2023,1:30 PM,95,47,29.67,Clear,0,0,0,0,2,6,2
03/25/2023,2:00 PM,95,41,29.67,Clear,0,0,0,0,2,7,1
03/25/2023,2:30 PM,97,39,29.64,Clear,0,0,0,0,2,6,2
03/25/2023,3:00 PM,95,39,29.64,Clear,0,0,0,0,2,7,2
03/25/2023,3:30 PM,95,39,29.64,Clear,0,0,0,0,2,7,2
03/25/2023,4:00 PM,93,41,29.64,Clear,0,0,0,0,3,14,2
03/25/2023,4:30 PM,93,41,29.61,Clear,0,0,0,0,3,15,2
03/25/2023,5:00 PM,91,46,29.61,Clear,0,0,0,0,3,12,2
03/25/2023,5:30 PM,90,55,29.64,Clear,0,0,0,0,3,14,2
03/25/2023,6:00 PM,88,58,29.64,Clear,0,0,0,0,2,14,2
03/25/2023,6:30 PM,86,62,29.64,Clear,0,0,0,0,3,14,2
03/25/2023,7:00 PM,84,66,29.67,Clear,0,0,0,0,3,14,3
03/25/2023,7:30 PM,82,74,29.7,Clear,0,0,0,0,3,13,2
03/25/2023,8:00 PM,79,78,29.7,Clear,0,0,0,0,2,7,2
03/25/2023,8:30 PM,77,83,29.73,Clear,0,0,0,0,2,6,2
03/25/2023,9:00 PM,75,89,29.73,Clear,0,0,0,0,2,8,2
03/25/2023,9:30 PM,75,89,29.73,Clear,0,0,0,0,2,8,2
03/25/2023,10:00 PM,75,89,29.73,Clear,0,0,0,0,2,8,1
03/25/2023,10:30 PM,73,94,29.73,Clear,0,0,0,0,1,8,2
03/25/2023,11:00 PM,73,94,29.73,Clear,0,0,0,0,1,7,2
03/25/2023,11:30 PM,72,94,29.73,Clear,0,0,0,0,2,9,2
03/26/2023,12:00 AM,72,94,29.73,Clear,0,0,0,0,0,3,2
03/26/2023,12:30 AM,72,94,29.73,Clear,0,0,0,0,0,3,2
03/26/2023,1:00 AM,72,94,29.7,Clear,0,0,0,0,0,3,2
03/26/2023,1:30 AM,72,94,29.7,Clear,0,0,0,0,1,3,2
03/26/2023,2:00 AM,72,94,29.7,Clear,0,0,0,0,0,3,2
03/26/2023,2:30 AM,70,94,29.67,Clear,0,0,0,0,0,3,2
03/26/2023,3:00 AM,70,94,29.67,Clear,0,0,0,0,0,3,2
03/26/2023,3:30 AM,70,94,29.67,Clear,0,0,0,0,1,3,2
03/26/2023,4:00 AM,70,94,29.67,Clear,0,0,0,0,1,3,2
03/26/2023,4:30 AM,70,94,29.67,Clear,0,0,0,0,0,2,3
03/26/2023,5:00 AM,68,100,29.67,Clear,0,0,0,0,2,14,2
03/26/2023,5:30 AM,68,100,29.67,Clear,0,0,0,0,3,13,2
03/26/2023,6:00 AM,68,100,29.7,Clear,0,0,0,0,3,14,2
03/26/2023,6:30 AM,68,100,29.7,Clear,0,0,0,0,3,12,2
03/26/2023,7:00 AM,70,94,29.73,Clear,0,0,0,0,3,13,1
03/26/2023,7:30 AM,73,94,29.73,Clear,0,0,0,0,3,13,2
03/26/2023,8:00 AM,77,94,29.76,Clear,0,0,0,0,2,13,2
03/26/2023,8:30 AM,81,89,29.76,Clear,0,0,0,0,3,14,2
03/26/2023,9:00 AM,84,84,29.76,Clear,0,0,0,0,2,6,2
03/26/2023,9:30 AM,86,79,29.76,Clear,0,0,0,0,2,6,1
03/26/2023,10:00 AM,88,75,29.76,Clear,0,0,0,0,2,6,2
03/26/2023,10:30 AM,91,71,29.73,Clear,0,0,0,0,2,8,1
03/26/2023,11:00 AM,91,63,29.73,Clear,0,0,0,0,2,7,2
03/26/2023,11:30 AM,95,53,29.7,Clear,1,0,1,0,2,5,2
03/26/2023,12:00 PM,93,52,29.7,Clear,0,0,0,0,2,6,2
03/26/2023,12:30 PM,97,44,29.67,Clear,0,0,0,0,2,7,1
03/26/2023,1:00 PM,99,42,29.64,Clear,0,0,0,0,2,7,2
03/26/2023,1:30 PM,97,44,29.64,Clear,0,0,0,0,2,6,2
03/26/2023,2:00 PM,97,41,29.64,Clear,0,0,0,0,2,6,1
03/26/2023,2:30 PM,99,39,29.61,Clear,0,0,0,0,2,7,1
03/26/2023,3:00 PM,97,44,29.58,Clear,0,0,0,0,2,5,1
03/26/2023,3:30 PM,95,49,29.58,Clear,0,0,0,0,2,7,1
03/26/2023,4:00 PM,93,49,29.58,Clear,0,0,0,0,3,14,2
03/26/2023,4:30 PM,93,52,29.58,Clear,0,0,0,0,3,14,2
03/26/2023,5:00 PM,91,55,29.58,Clear,0,0,0,0,2,11,1
03/26/2023,5:30 PM,91,52,29.58,Clear,0,0,0,0,3,14,2
03/26/2023,6:00 PM,88,62,29.61,Clear,0,0,0,0,2,15,3
03/26/2023,6:30 PM,86,66,29.61,Clear,0,0,0,0,3,13,2
03/26/2023,7:00 PM,84,70,29.61,Clear,0,0,0,0,3,13,2
03/26/2023,7:30 PM,84,70,29.64,Clear,0,0,0,0,3,12,3
03/26/2023,8:00 PM,82,74,29.64,Clear,0,0,0,0,2,8,2
03/26/2023,8:30 PM,79,83,29.67,Clear,0,0,0,0,2,8,2
03/26/2023,9:00 PM,79,83,29.67,Clear,0,0,0,0,2,8,2
03/26/2023,9:30 PM,77,89,29.7,Clear,0,0,0,0,1,8,2
03/26/2023,10:00 PM,77,89,29.7,Clear,0,0,0,0,2,9,2
03/26/2023,10:30 PM,77,89,29.73,Clear,0,0,0,0,2,7,2
03/26/2023,11:00 PM,75,89,29.73,Clear,0,0,0,0,2,7,2
03/26/2023,11:30 PM,75,89,29.73,Clear,0,0,0,0,2,7,2
03/27/2023,12:00 AM,75,89,29.73,Clear,0,0,0,0,0,3,2
03/27/2023,12:30 AM,73,94,29.7,Clear,0,0,0,0,0,3,2
03/27/2023,1:00 AM,73,94,29.7,Clear,0,0,0,0,0,3,3
03/27/2023,1:30 AM,73,88,29.67,Clear,0,0,0,0,0,4,3
03/27/2023,2:00 AM,72,94,29.67,Clear,0,0,0,0,0,3,2
03/27/2023,2:30 AM,73,94,29.64,Clear,0,0,0,0,0,3,2
03/27/2023,3:00 AM,72,94,29.64,Clear,0,0,0,0,0,3,2
03/27/2023,3:30 AM,72,94,29.64,Clear,0,0,0,0,1,3,2
03/27/2023,4:00 AM,72,94,29.64,Clear,0,0,0,0,0,3,2
03/27/2023,4:30 AM,72,94,29.64,Clear,0,0,0,0,0,3,2
03/27/2023,5:00 AM,72,94,29.64,Clear,0,0,0,0,3,17,2
03/27/2023,5:30 AM,72,94,29.67,Clear,0,0,0,0,3,14,2
03/27/2023,6:00 AM,70,100,29.67,Clear,0,0,0,0,3,14,2
03/27/2023,6:30 AM,70,100,29.67,Clear,0,0,0,0,3,12,2
03/27/2023,7:00 AM,72,94,29.7,Clear,0,0,0,0,3,13,2
03/27/2023,7:30 AM,73,94,29.7,Clear,0,0,0,0,3,12,2
03/27/2023,8:00 AM,75,89,29.73,Clear,0,0,0,0,2,15,2
03/27/2023,8:30 AM,81,89,29.73,Clear,0,0,0,0,3,13,2
03/27/2023,9:00 AM,84,79,29.73,Clear,0,0,0,0,2,7,2
03/27/2023,9:30 AM,86,79,29.73,Clear,0,0,0,0,2,6,2
03/27/2023,10:00 AM,90,66,29.73,Clear,0,0,0,0,2,7,2
03/27/2023,10:30 AM,91,63,29.73,Clear,0,0,0,0,2,7,1
03/27/2023,11:00 AM,93,56,29.7,Clear,0,0,0,0,2,8,2
03/27/2023,11:30 AM,93,49,29.7,Clear,0,0,0,0,2,8,2
03/27/2023,12:00 PM,97,44,29.67,Clear,0,0,0,0,2,6,2
03/27/2023,12:30 PM,97,47,29.67,Clear,0,0,0,0,2,8,2
03/27/2023,1:00 PM,93,52,29.67,Clear,0,0,0,0,2,7,2
03/27/2023,1:30 PM,95,49,29.64,Clear,0,0,0,0,2,7,2
03/27/2023,2:00 PM,95,47,29.64,Clear,0,0,0,0,2,6,2
03/27/2023,2:30 PM,95,47,29.64,Clear,0,0,0,0,2,7,2
03/27/2023,3:00 PM,93,52,29.61,Clear,0,0,0,0,2,5,2
03/27/2023,3:30 PM,93,52,29.61,Clear,0,0,0,0,2,7,2
03/27/2023,4:00 PM,91,55,29.61,Clear,0,0,0,0,3,13,2
03/27/2023,4:30 PM,91,55,29.61,Clear,0,0,0,0,3,14,2
03/27/2023,5:00 PM,88,62,29.64,Clear,0,0,0,0,3,11,2
03/27/2023,5:30 PM,88,66,29.64,Clear,0,0,0,0,2,13,2
03/27/2023,6:00 PM,86,66,29.64,Clear,0,0,0,0,3,13,3
03/27/2023,6:30 PM,84,74,29.64,Clear,0,0,0,0,3,13,2
03/27/2023,7:00 PM,84,74,29.67,Clear,0,0,0,0,3,14,2
03/27/2023,7:30 PM,82,79,29.67,Clear,0,0,0,0,2,15,2
03/27/2023,8:00 PM,82,79,29.7,Clear,0,0,0,0,2,8,2
03/27/2023,8:30 PM,82,79,29.7,Clear,0,0,0,0,2,8,2
03/27/2023,9:00 PM,82,79,29.7,Clear,0,0,0,0,2,7,2
03/27/2023,9:30 PM,81,84,29.7,Clear,0,0,0,0,2,7,1
03/27/2023,10:00 PM,81,84,29.73,Clear,0,0,0,0,2,7,2
03/27/2023,10:30 PM,79,89,29.73,Clear,0,0,0,0,2,7,2
03/27/2023,11:00 PM,79,89,29.73,Clear,0,0,0,0,1,8,2
03/27/2023,11:30 PM,79,89,29.7,Clear,0,0,0,0,2,8,2
03/28/2023,12:00 AM,79,89,29.7,Clear,0,0,0,0,1,3,3
03/28/2023,12:30 AM,77,94,29.7,Clear,0,0,0,0,0,3,2
03/28/2023,1:00 AM,77,94,29.7,Clear,0,0,0,0,0,3,2
03/28/2023,1:30 AM,77,89,29.7,Clear,0,0,0,0,0,3,2
03/28/2023,2:00 AM,75,94,29.67,Clear,0,0,0,0,0,3,2
03/28/2023,2:30 AM,75,94,29.67,Clear,0,0,0,0,1,3,3
03/28/2023,3:00 AM,75,94,29.67,Clear,0,0,0,0,0,3,2
03/28/2023,3:30 AM,75,94,29.67,Clear,0,0,0,0,0,4,3
03/28/2023,4:00 AM,75,94,29.67,Clear,0,0,0,0,0,3,2
03/28/2023,4:30 AM,75,94,29.67,Clear,0,0,0,0,0,4,2
03/28/2023,5:00 AM,75,94,29.67,Clear,0,0,0,0,3,12,2
03/28/2023,5:30 AM,73,100,29.7,Clear,0,0,0,0,3,14,2
03/28/2023,6:00 AM,73,100,29.7,Clear,0,0,0,0,2,14,2
03/28/2023,6:30 AM,75,94,29.73,Clear,0,0,0,0,3,15,2
03/28/2023,7:00 AM,77,94,29.73,Clear,0,0,0,0,3,14,2
03/28/2023,7:30 AM,77,100,29.73,Clear,0,0,0,0,3,13,2
03/28/2023,8:00 AM,81,89,29.76,Clear,0,0,0,0,3,16,2
03/28/2023,8:30 AM,84,84,29.76,Clear,0,0,0,0,3,11,2
03/28/2023,9:00 AM,86,84,29.76,Clear,0,0,0,0,2,6,2
03/28/2023,9:30 AM,88,79,29.79,Clear,0,0,0,0,2,6,2
03/28/2023,10:00 AM,90,75,29.79,Clear,0,0,0,0,2,7,2
03/28/2023,10:30 AM,90,70,29.79,Clear,0,0,0,0,2,7,2
03/28/2023,11:00 AM,90,70,29.76,Clear,0,0,0,0,2,6,2
03/28/2023,11:30 AM,90,66,29.76,Clear,0,0,0,0,2,8,2
03/28/2023,12:00 PM,91,63,29.73,Clear,0,0,0,0,2,7,2
03/28/2023,12:30 PM,91,63,29.73,Clear,0,0,0,0,2,6,2
03/28/2023,1:00 PM,91,63,29.7,Clear,0,0,0,0,2,7,2
03/28/2023,1:30 PM,93,56,29.7,Clear,0,0,0,0,2,7,2
03/28/2023,2:00 PM,91,59,29.67,Clear,0,0,0,0,2,7,2
03/28/2023,2:30 PM,95,56,29.64,Clear,0,0,0,0,2,7,2
03/28/2023,3:00 PM,93,59,29.64,Clear,0,0,0,0,2,7,2
03/28/2023,3:30 PM,93,59,29.64,Clear,0,0,0,0,2,7,2
03/28/2023,4:00 PM,91,59,29.64,Clear,0,0,0,0,3,14,2
03/28/2023,4:30 PM,90,62,29.64,Clear,0,0,0,0,2,13,3
03/28/2023,5:00 PM,88,66,29.64,Clear,0,0,0,0,3,15,2
03/28/2023,5:30 PM,88,66,29.64,Clear,0,0,0,0,3,16,2
03/28/2023,6:00 PM,86,70,29.67,Clear,0,0,0,0,3,14,2
03/28/2023,6:30 PM,86,70,29.67,Clear,0,0,0,0,3,13,2
03/28/2023,7:00 PM,84,74,29.7,Clear,0,0,0,0,3,14,2
03/28/2023,7:30 PM,84,74,29.7,Clear,0,0,0,0,3,13,3
03/28/2023,8:00 PM,84,70,29.7,Clear,0,0,0,0,2,9,2
03/28/2023,8:30 PM,82,79,29.73,Clear,0,0,0,0,2,9,2
03/28/2023,9:00 PM,81,79,29.73,Clear,0,0,0,0,1,8,2
03/28/2023,9:30 PM,79,83,29.73,Clear,0,0,0,0,2,8,2
03/28/2023,10:00 PM,79,89,29.76,Clear,0,0,0,0,2,7,2
03/28/2023,10:30 PM,77,89,29.76,Clear,0,0,0,0,2,8,1
03/28/2023,11:00 PM,77,89,29.76,Clear,0,0,0,0,2,7,2
03/28/2023,11:30 PM,79,83,29.76,Clear,0,0,0,0,2,9,1
03/29/2023,12:00 AM,75,94,29.73,Clear,0,0,0,0,0,3,2
03/29/2023,12:30 AM,77,89,29.73,Clear,0,0,0,0,0,4,2
03/29/2023,1:00 AM,77,89,29.73,Clear,0,0,0,0,0,3,2
03/29/2023,1:30 AM,77,89,29.73,Clear,0,0,0,0,0,3,2
03/29/2023,2:00 AM,75,89,29.73,Clear,0,0,0,0,1,3,2
03/29/2023,2:30 AM,75,89,29.73,Clear,0,0,0,0,0,3,2
03/29/2023,3:00 AM,73,94,29.7,Clear,0,0,0,0,0,3,2
03/29/2023,3:30 AM,73,94,29.7,Clear,0,0,0,0,0,3,2
03/29/2023,4:00 AM,73,94,29.7,Clear,0,0,0,0,1,3,2
03/29/2023,4:30 AM,73,94,29.7,Clear,0,0,0,0,0,3,2
03/29/2023,5:00 AM,73,94,29.7,Clear,0,0,0,0,3,15,2
03/29/2023,5:30 AM,73,94,29.73,Clear,0,0,0,0,3,14,2
03/29/2023,6:00 AM,73,94,29.73,Clear,0,0,0,0,3,15,2
03/29/2023,6:30 AM,73,94,29.73,Clear,0,0,0,0,3,13,2
03/29/2023,7:00 AM,73,100,29.76,Clear,0,0,0,0,3,14,2
03/29/2023,7:30 AM,77,94,29.76,Clear,0,0,0,0,3,14,2
03/29/2023,8:00 AM,81,89,29.79,Clear,0,0,0,0,3,14,2
03/29/2023,8:30 AM,82,89,29.79,Clear,0,0,0,0,3,12,2
03/29/2023,9:00 AM,86,79,29.79,Clear,0,0,0,0,2,7,1
03/29/2023,9:30 AM,88,75,29.79,Clear,0,0,0,0,2,7,1
03/29/2023,10:00 AM,91,66,29.79,Clear,0,0,0,0,2,7,2
03/29/2023,10:30 AM,91,63,29.79,Clear,0,0,0,0,2,9,2
03/29/2023,11:00 AM,93,59,29.79,Clear,0,0,0,0,2,7,2
03/29/2023,11:30 AM,93,56,29.76,Clear,0,0,0,0,2,6,1
03/29/2023,12:00 PM,93,56,29.76,Clear,0,0,0,0,2,6,2
03/29/2023,12:30 PM,93,56,29.73,Clear,0,0,0,0,2,7,2
03/29/2023,1:00 PM,93,56,29.73,Clear,0,0,0,0,2,7,2
03/29/2023,1:30 PM,93,56,29.73,Clear,0,0,0,0,2,7,2
03/29/2023,2:00 PM,95,49,29.7,Clear,0,0,0,0,2,7,2
03/29/2023,2:30 PM,95,47,29.67,Clear,0,0,0,0,2,7,2
03/29/2023,3:00 PM,95,47,29.67,Clear,0,0,0,0,2,5,2
03/29/2023,3:30 PM,93,49,29.67,Clear,0,0,0,0,2,6,2
03/29/2023,4:00 PM,93,52,29.64,Clear,0,0,0,0,3,13,2
03/29/2023,4:30 PM,91,55,29.64,Clear,0,0,0,0,3,14,2
03/29/2023,5:00 PM,91,55,29.67,Clear,0,0,0,0,3,13,2
03/29/2023,5:30 PM,90,62,29.67,Clear,0,0,0,0,3,14,2
03/29/2023,6:00 PM,86,66,29.67,Clear,0,0,0,0,2,16,2
03/29/2023,6:30 PM,86,66,29.7,Clear,0,0,0,0,3,13,2
03/29/2023,7:00 PM,84,70,29.7,Clear,0,0,0,0,3,11,2
03/29/2023,7:30 PM,84,74,29.7,Clear,0,0,0,0,3,11,2
03/29/2023,8:00 PM,82,74,29.7,Clear,0,0,0,0,2,8,2
03/29/2023,8:30 PM,79,83,29.73,Clear,0,0,0,0,2,8,2
03/29/2023,9:00 PM,79,83,29.73,Clear,0,0,0,0,2,10,2
03/29/2023,9:30 PM,79,83,29.73,Clear,0,0,0,0,2,7,2
03/29/2023,10:00 PM,77,89,29.76,Clear,0,0,0,0,2,6,2
03/29/2023,10:30 PM,77,89,29.76,Clear,0,0,0,0,2,8,2
03/29/2023,11:00 PM,77,89,29.76,Clear,0,0,0,0,2,8,1
03/29/2023,11:30 PM,75,94,29.76,Clear,0,0,0,0,2,9,2
03/30/2023,12:00 AM,75,94,29.76,Clear,0,0,0,0,0,4,2
03/30/2023,12:30 AM,75,94,29.73,Clear,0,0,0,0,0,3,3
03/30/2023,1:00 AM,73,94,29.73,Clear,0,0,0,0,0,3,2
03/30/2023,1:30 AM,73,94,29.73,Clear,0,0,0,0,0,3,2
03/30/2023,2:00 AM,73,100,29.7,Clear,0,0,0,0,0,3,2
03/30/2023,2:30 AM,73,94,29.7,Clear,0,0,0,0,0,3,2
03/30/2023,3:00 AM,73,94,29.67,Clear,0,0,0,0,0,3,3
03/30/2023,3:30 AM,73,94,29.67,Clear,0,0,0,0,0,3,2
03/30/2023,4:00 AM,73,94,29.67,Clear,0,0,0,0,0,3,2
03/30/2023,4:30 AM,73,94,29.67,Clear,0,0,0,0,0,3,3
03/30/2023,5:00 AM,73,94,29.67,Clear,0,0,0,0,3,14,2
03/30/2023,5:30 AM,72,100,29.67,Clear,0,0,0,0,2,14,2
03/30/2023,6:00 AM,73,94,29.7,Clear,0,0,0,0,3,15,2
03/30/2023,6:30 AM,73,94,29.7,Clear,0,0,0,0,3,12,2
03/30/2023,7:00 AM,73,94,29.73,Clear,0,0,0,0,3,13,2
03/30/2023,7:30 AM,75,94,29.73,Clear,0,0,0,0,3,13,2
03/30/2023,8:00 AM,79,94,29.76,Clear,0,0,0,0,3,11,2
03/30/2023,8:30 AM,82,89,29.76,Clear,0,0,0,0,3,13,2
03/30/2023,9:00 AM,84,84,29.76,Clear,0,0,0,0,2,7,1
03/30/2023,9:30 AM,88,75,29.76,Clear,0,0,0,0,2,7,1
03/30/2023,10:00 AM,90,70,29.76,Clear,0,0,0,0,2,6,2
03/30/2023,10:30 AM,91,63,29.76,Clear,0,0,0,0,2,8,2
03/30/2023,11:00 AM,90,62,29.76,Clear,0,0,0,0,2,7,1
03/30/2023,11:30 AM,93,56,29.76,Clear,0,0,0,0,2,6,2
03/30/2023,12:00 PM,93,49,29.73,Clear,0,0,0,0,2,6,2
03/30/2023,12:30 PM,93,49,29.73,Clear,0,0,0,0,2,7,2
03/30/2023,1:00 PM,93,52,29.7,Clear,0,0,0,0,2,7,2
03/30/2023,1:30 PM,93,49,29.7,Clear,0,0,0,0,2,7,2
03/30/2023,2:00 PM,95,41,29.67,Clear,0,0,0,0,2,7,2
03/30/2023,2:30 PM,95,41,29.67,Clear,0,0,0,0,2,7,2
03/30/2023,3:00 PM,93,44,29.67,Clear,0,0,0,0,2,7,2
03/30/2023,3:30 PM,93,41,29.64,Clear,0,0,0,0,2,6,2
03/30/2023,4:00 PM,91,52,29.64,Clear,0,0,0,0,3,13,2
03/30/2023,4:30 PM,91,52,29.61,Clear,0,0,0,0,2,14,2
03/30/2023,5:00 PM,90,55,29.61,Clear,0,0,0,0,3,14,2
03/30/2023,5:30 PM,88,58,29.64,Clear,0,0,0,0,3,12,3
03/30/2023,6:00 PM,88,58,29.64,Clear,0,0,0,0,3,15,2
03/30/2023,6:30 PM,86,62,29.64,Clear,0,0,0,0,2,15,2
03/30/2023,7:00 PM,84,66,29.67,Clear,0,0,0,0,3,12,3
03/30/2023,7:30 PM,82,70,29.67,Clear,0,0,0,0,3,11,2
03/30/2023,8:00 PM,81,74,29.7,Clear,0,0,0,0,1,7,2
03/30/2023,8:30 PM,79,78,29.7,Clear,0,0,0,0,2,7,2
03/30/2023,9:00 PM,77,83,29.73,Clear,0,0,0,0,2,8,1
03/30/2023,9:30 PM,75,89,29.73,Clear,0,0,0,0,2,9,2
03/30/2023,10:00 PM,75,89,29.76,Clear,0,0,0,0,2,9,1
03/30/2023,10:30 PM,77,89,29.76,Clear,0,0,0,0,2,8,2
03/30/2023,11:00 PM,75,89,29.76,Clear,0,0,0,0,2,7,2
03/30/2023,11:30 PM,73,94,29.73,Clear,0,0,0,0,2,9,2
03/31/2023,12:00 AM,73,94,29.73,Clear,0,0,0,0,0,3,2
03/31/2023,12:30 AM,73,94,29.73,Clear,0,0,0,0,1,3,2
03/31/2023,1:00 AM,72,94,29.7,Clear,0,0,0,0,0,3,2
03/31/2023,1:30 AM,72,94,29.7,Clear,0,0,0,0,0,3,2
03/31/2023,2:00 AM,72,94,29.7,Clear,0,0,0,0,0,3,2
03/31/2023,2:30 AM,72,94,29.67,Clear,0,0,0,0,0,3,2
03/31/2023,3:00 AM,72,94,29.67,Clear,0,0,0,0,0,3,2
03/31/2023,3:30 AM,72,94,29.67,Clear,0,0,0,0,0,3,2
03/31/2023,4:00 AM,70,94,29.67,Clear,0,0,0,0,0,3,2
03/31/2023,4:30 AM,70,94,29.67,Clear,0,0,0,0,0,3,2
03/31/2023,5:00 AM,70,94,29.67,Clear,0,0,0,0,3,15,2
03/31/2023,5:30 AM,70,94,29.67,Clear,0,0,0,0,3,14,2
03/31/2023,6:00 AM,70,94,29.7,Clear,0,0,0,0,3,11,2
03/31/2023,6:30 AM,70,94,29.7,Clear,0,0,0,0,3,14,2
03/31/2023,7:00 AM,70,100,29.7,Clear,0,0,0,0,3,14,2
03/31/2023,7:30 AM,72,100,29.73,Clear,0,0,0,0,3,11,2
03/31/2023,8:00 AM,75,94,29.73,Clear,0,0,0,0,3,13,2
03/31/2023,8:30 AM,82,84,29.76,Clear,0,0,0,0,3,12,2
03/31/2023,9:00 AM,84,84,29.76,Clear,0,0,0,0,2,7,2
03/31/2023,9:30 AM,86,74,29.76,Clear,0,0,0,0,2,7,2
03/31/2023,10:00 AM,88,75,29.76,Clear,0,0,0,0,2,7,2
03/31/2023,10:30 AM,90,66,29.76,Clear,0,0,0,0,2,8,1
03/31/2023,11:00 AM,91,63,29.76,Clear,0,0,0,0,2,6,2
03/31/2023,11:30 AM,91,59,29.73,Clear,0,0,0,0,2,7,2
03/31/2023,12:00 PM,93,52,29.73,Clear,0,0,0,0,2,6,2
03/31/2023,12:30 PM,95,47,29.7,Clear,0,0,0,0,2,7,2
03/31/2023,1:00 PM,95,47,29.7,Clear,0,0,0,0,2,7,2
03/31/2023,1:30 PM,95,44,29.67,Clear,0,0,0,0,2,7,2
03/31/2023,2:00 PM,95,44,29.67,Clear,0,0,0,0,2,4,2
03/31/2023,2:30 PM,95,44,29.64,Clear,0,0,0,0,2,7,1
03/31/2023,3:00 PM,95,44,29.64,Clear,0,0,0,0,2,7,2
03/31/2023,3:30 PM,95,41,29.64,Clear,0,0,0,0,2,7,1
03/31/2023,4:00 PM,93,44,29.64,Clear,0,0,0,0,3,15,2
03/31/2023,4:30 PM,93,44,29.61,Clear,0,0,0,0,3,16,2
03/31/2023,5:00 PM,91,49,29.61,Clear,0,0,0,0,2,14,2
03/31/2023,5:30 PM,90,52,29.64,Clear,0,0,0,0,3,14,3
03/31/2023,6:00 PM,88,58,29.64,Clear,0,0,0,0,3,14,2
03/31/2023,6:30 PM,86,62,29.67,Clear,0,0,0,0,3,12,2
03/31/2023,7:00 PM,84,66,29.67,Clear,0,0,0,0,2,16,3
03/31/2023,7:30 PM,84,66,29.67,Clear,0,0,0,0,2,15,2
03/31/2023,8:00 PM,82,74,29.7,Clear,0,0,0,0,2,7,2
03/31/2023,8:30 PM,81,79,29.7,Clear,0,0,0,0,2,7,2
03/31/2023,9:00 PM,81,79,29.73,Clear,0,0,0,0,2,8,2
03/31/2023,9:30 PM,79,83,29.73,Clear,0,0,0,0,2,8,2
03/31/2023,10:00 PM,77,83,29.73,Clear,0,0,0,0,2,7,2
03/31/2023,10:30 PM,75,89,29.73,Clear,0,0,0,0,2,7,2
03/31/2023,11:00 PM,75,89,29.73,Clear,0,0,0,0,2,9,1
03/31/2023,11:30 PM,75,89,29.73,Clear,0,0,0,0,2,7,2
4/1/2023,12:00 AM,75,94,29.73,Clear,0,0,0,0,0,3,2
4/1/2023,12:30 AM,75,94,29.73,Clear,0,0,0,0,0,3,2
4/1/2023,1:00 AM,73,94,29.7,Clear,0,0,0,0,0,3,2
4/1/2023,1:30 AM,73,94,29.7,Clear,0,0,0,0,0,3,2
4/1/2023,2:00 AM,73,94,29.7,Clear,0,0,0,0,0,3,2
4/1/2023,2:30 AM,75,94,29.7,Clear,0,0,0,0,0,3,2
4/1/2023,3:00 AM,73,100,29.67,Clear,0,0,0,0,0,3,3
4/1/2023,3:30 AM,73,94,29.67,Clear,0,0,0,0,0,3,3
4/1/2023,4:00 AM,73,94,29.67,Clear,0,0,0,0,0,4,3
4/1/2023,4:30 AM,73,94,29.67,Clear,0,0,0,0,0,3,2
4/1/2023,5:00 AM,73,94,29.7,Clear,0,0,0,0,3,15,2
4/1/2023,5:30 AM,72,100,29.7,Clear,0,0,0,0,3,13,2
4/1/2023,6:00 AM,73,94,29.7,Clear,0,0,0,0,3,13,2
4/1/2023,6:30 AM,73,94,29.7,Clear,0,0,0,0,3,13,2
4/1/2023,7:00 AM,73,100,29.73,Clear,0,0,0,0,2,13,2
4/1/2023,7:30 AM,75,94,29.73,Clear,0,0,0,0,2,12,2
4/1/2023,8:00 AM,77,100,29.73,Clear,0,0,0,0,3,13,2
4/1/2023,8:30 AM,82,84,29.76,Clear,0,0,0,0,3,14,2
4/1/2023,9:00 AM,84,79,29.76,Clear,0,0,0,0,2,8,2
4/1/2023,9:30 AM,88,75,29.76,Clear,0,0,0,0,2,7,1
4/1/2023,10:00 AM,88,66,29.76,Clear,0,0,0,0,2,8,1
4/1/2023,10:30 AM,90,62,29.76,Clear,0,0,0,0,2,8,1
4/1/2023,11:00 AM,91,55,29.76,Clear,0,0,0,0,2,7,1
4/1/2023,11:30 AM,93,49,29.73,Clear,0,0,0,0,2,7,2
4/1/2023,12:00 PM,93,49,29.73,Clear,0,0,0,0,2,8,2
4/1/2023,12:30 PM,95,47,29.7,Clear,0,0,0,0,2,7,2
4/1/2023,1:00 PM,95,44,29.67,Clear,0,0,0,0,2,7,2
4/1/2023,1:30 PM,97,39,29.67,Clear,0,0,0,0,2,7,2
4/1/2023,2:00 PM,95,44,29.64,Clear,0,0,0,0,2,8,2
4/1/2023,2:30 PM,97,34,29.64,Clear,0,0,0,0,2,6,1
4/1/2023,3:00 PM,97,32,29.61,Clear,0,0,0,0,2,8,2
4/1/2023,3:30 PM,97,30,29.61,Clear,0,0,0,0,2,6,1
4/1/2023,4:00 PM,95,39,29.61,Clear,0,0,0,0,3,12,2
4/1/2023,4:30 PM,93,38,29.61,Clear,0,0,0,0,3,13,2
4/1/2023,5:00 PM,93,38,29.61,Clear,0,0,0,0,3,11,2
4/1/2023,5:30 PM,90,46,29.61,Clear,0,0,0,0,4,13,3
4/1/2023,6:00 PM,90,49,29.61,Clear,0,0,0,0,3,14,3
4/1/2023,6:30 PM,86,58,29.64,Clear,0,0,0,0,3,16,3
4/1/2023,7:00 PM,84,66,29.64,Clear,0,0,0,0,3,15,3
4/1/2023,7:30 PM,82,74,29.67,Clear,0,0,0,0,2,16,2
4/1/2023,8:00 PM,81,79,29.67,Clear,0,0,0,0,2,10,2
4/1/2023,8:30 PM,82,79,29.7,Clear,0,0,0,0,2,9,2
4/1/2023,9:00 PM,81,79,29.7,Clear,0,0,0,0,2,8,2
4/1/2023,9:30 PM,77,83,29.73,Clear,0,0,0,0,2,7,2
4/1/2023,10:00 PM,77,89,29.73,Clear,0,0,0,0,2,8,1
4/1/2023,10:30 PM,75,94,29.73,Clear,0,0,0,0,2,8,2
4/1/2023,11:00 PM,75,94,29.76,Clear,0,0,0,0,2,8,2
4/1/2023,11:30 PM,75,89,29.76,Clear,0,0,0,0,2,8,2
4/2/2023,12:00 AM,75,89,29.73,Clear,0,0,0,0,1,3,3
4/2/2023,12:30 AM,73,94,29.73,Clear,0,0,0,0,1,4,2
4/2/2023,1:00 AM,73,94,29.73,Clear,0,0,0,0,1,3,2
4/2/2023,1:30 AM,73,94,29.7,Clear,0,0,0,0,0,4,2
4/2/2023,2:00 AM,73,94,29.7,Clear,0,0,0,0,0,4,2
4/2/2023,2:30 AM,73,94,29.7,Clear,0,0,0,0,0,3,2
4/2/2023,3:00 AM,73,94,29.67,Clear,0,0,0,0,1,3,2
4/2/2023,3:30 AM,73,94,29.67,Clear,0,0,0,0,0,3,3
4/2/2023,4:00 AM,73,94,29.67,Clear,0,0,0,0,0,3,2
4/2/2023,4:30 AM,73,94,29.67,Clear,0,0,0,0,0,3,2
4/2/2023,5:00 AM,72,94,29.67,Clear,0,0,0,0,3,13,1
4/2/2023,5:30 AM,72,94,29.67,Clear,0,0,0,0,3,13,2
4/2/2023,6:00 AM,72,94,29.7,Clear,0,0,0,0,3,12,2
4/2/2023,6:30 AM,72,94,29.7,Clear,0,0,0,0,3,12,2
4/2/2023,7:00 AM,73,94,29.7,Clear,0,0,0,0,3,13,2
4/2/2023,7:30 AM,75,94,29.73,Clear,0,0,0,0,3,12,2
4/2/2023,8:00 AM,77,94,29.73,Clear,0,0,0,0,3,15,2
4/2/2023,8:30 AM,81,89,29.76,Clear,0,0,0,0,3,14,2
4/2/2023,9:00 AM,86,79,29.76,Clear,0,0,0,0,2,7,2
4/2/2023,9:30 AM,88,79,29.76,Clear,0,0,0,0,2,7,2
4/2/2023,10:00 AM,88,75,29.76,Clear,0,0,0,0,2,6,2
4/2/2023,10:30 AM,91,63,29.73,Clear,0,0,0,0,2,8,2
4/2/2023,11:00 AM,91,59,29.73,Clear,0,0,0,0,2,6,1
4/2/2023,11:30 AM,93,49,29.73,Clear,0,0,0,0,2,7,1
4/2/2023,12:00 PM,95,44,29.7,Clear,0,0,0,0,2,7,1
4/2/2023,12:30 PM,95,47,29.67,Clear,0,0,0,0,2,6,1
4/2/2023,1:00 PM,97,44,29.67,Clear,0,0,0,0,2,7,1
4/2/2023,1:30 PM,95,47,29.64,Clear,0,0,0,0,2,7,2
4/2/2023,2:00 PM,97,44,29.64,Clear,0,0,0,0,2,7,1
4/2/2023,2:30 PM,97,44,29.61,Clear,0,0,0,0,2,7,2
4/2/2023,3:00 PM,95,49,29.58,Clear,0,0,0,0,2,7,2
4/2/2023,3:30 PM,95,49,29.58,Clear,0,0,0,0,2,8,2
4/2/2023,4:00 PM,91,55,29.58,Rain,0,0,0,0,2,16,2
4/2/2023,4:30 PM,86,66,29.58,Rain,0,0,0,0,2,14,2
4/2/2023,5:00 PM,84,66,29.58,Clear,0,0,0,0,3,13,2
4/2/2023,5:30 PM,84,66,29.61,Clear,0,0,0,0,3,15,2
4/2/2023,6:00 PM,84,70,29.61,Clear,0,0,0,0,3,10,2
4/2/2023,6:30 PM,82,74,29.61,Clear,0,0,0,0,3,12,2
4/2/2023,7:00 PM,82,74,29.64,Clear,0,0,0,0,3,14,2
4/2/2023,7:30 PM,81,79,29.67,Clear,0,0,0,0,3,15,2
4/2/2023,8:00 PM,81,79,29.67,Clear,0,0,0,0,2,8,1
4/2/2023,8:30 PM,79,83,29.7,Clear,0,0,0,0,1,8,2
4/2/2023,9:00 PM,79,89,29.7,Clear,0,0,0,0,2,7,2
4/2/2023,9:30 PM,79,89,29.7,Clear,0,0,0,0,2,7,2
4/2/2023,10:00 PM,79,89,29.73,Clear,0,0,0,0,2,9,1
4/2/2023,10:30 PM,79,89,29.73,Clear,0,0,0,0,2,8,2
4/2/2023,11:00 PM,77,89,29.73,Clear,0,0,0,0,2,8,2
4/2/2023,11:30 PM,77,89,29.73,Clear,0,0,0,0,2,8,2
4/3/2023,12:00 AM,77,89,29.7,Clear,0,0,0,0,0,4,2
4/3/2023,12:30 AM,77,89,29.7,Clear,0,0,0,0,0,3,2
4/3/2023,1:00 AM,77,89,29.7,Clear,0,0,0,0,0,3,2
4/3/2023,1:30 AM,77,89,29.7,Clear,0,0,0,0,0,3,2
4/3/2023,2:00 AM,77,89,29.67,Clear,0,0,0,0,1,3,2
4/3/2023,2:30 AM,77,89,29.64,Clear,0,0,0,0,0,3,3
4/3/2023,3:00 AM,75,94,29.64,Clear,0,0,0,0,0,3,2
4/3/2023,3:30 AM,75,94,29.64,Clear,0,0,0,0,1,4,2
4/3/2023,4:00 AM,75,94,29.64,Clear,0,0,0,0,0,3,2
4/3/2023,4:30 AM,75,94,29.64,Clear,0,0,0,0,0,3,3
4/3/2023,5:00 AM,73,100,29.64,Clear,0,0,0,0,3,14,2
4/3/2023,5:30 AM,75,94,29.67,Clear,0,0,0,0,3,14,2
4/3/2023,6:00 AM,73,100,29.67,Clear,0,0,0,0,2,15,2
4/3/2023,6:30 AM,73,100,29.7,Clear,0,0,0,0,3,14,2
4/3/2023,7:00 AM,75,94,29.7,Clear,0,0,0,0,2,14,2
4/3/2023,7:30 AM,77,94,29.73,Clear,0,0,0,0,3,14,2
4/3/2023,8:00 AM,79,94,29.73,Clear,0,0,0,0,3,14,2
4/3/2023,8:30 AM,81,89,29.76,Clear,0,0,0,0,3,12,2
4/3/2023,9:00 AM,84,84,29.76,Clear,0,0,0,0,2,6,1
4/3/2023,9:30 AM,86,79,29.76,Clear,0,0,0,0,2,7,2
4/3/2023,10:00 AM,88,75,29.76,Clear,1,0,0,2,2,7,2
4/3/2023,10:30 AM,88,75,29.76,Clear,0,0,0,0,2,7,2
4/3/2023,11:00 AM,90,70,29.76,Clear,0,0,0,0,2,6,2
4/3/2023,11:30 AM,90,66,29.73,Clear,0,0,0,0,2,6,2
4/3/2023,12:00 PM,90,66,29.73,Clear,0,0,0,0,2,7,2
4/3/2023,12:30 PM,90,66,29.73,Rain,0,0,0,0,1,8,2
4/3/2023,1:00 PM,88,66,29.7,Rain,0,0,0,0,1,7,2
4/3/2023,1:30 PM,91,63,29.7,Clear,0,0,0,0,2,6,2
4/3/2023,2:00 PM,91,59,29.67,Clear,0,0,0,0,2,6,1
4/3/2023,2:30 PM,91,59,29.64,Clear,0,0,0,0,2,7,2
4/3/2023,3:00 PM,93,56,29.64,Clear,0,0,0,0,2,6,2
4/3/2023,3:30 PM,93,56,29.61,Clear,0,0,0,0,2,7,2
4/3/2023,4:00 PM,91,59,29.61,Clear,0,0,0,0,3,13,2
4/3/2023,4:30 PM,91,59,29.61,Clear,0,0,0,0,3,15,2
4/3/2023,5:00 PM,90,62,29.61,Clear,0,0,0,0,3,14,2
4/3/2023,5:30 PM,90,62,29.61,Rain,0,0,0,0,1,13,2
4/3/2023,6:00 PM,84,66,29.64,Rain,0,0,0,0,2,12,3
4/3/2023,6:30 PM,81,74,29.67,Rain,0,0,0,0,2,14,3
4/3/2023,7:00 PM,81,70,29.67,Clear,0,0,0,0,3,12,2
4/3/2023,7:30 PM,79,78,29.67,Clear,0,0,0,0,3,12,3
4/3/2023,8:00 PM,79,78,29.7,Clear,0,0,0,0,2,9,2
4/3/2023,8:30 PM,77,83,29.7,Clear,0,0,0,0,2,9,2
4/3/2023,9:00 PM,77,83,29.7,Clear,0,0,0,0,2,8,2
4/3/2023,9:30 PM,75,89,29.73,Clear,0,0,0,0,2,8,2
4/3/2023,10:00 PM,75,89,29.73,Clear,0,0,0,0,2,10,2
4/3/2023,10:30 PM,75,89,29.73,Clear,0,0,0,0,1,7,1
4/3/2023,11:00 PM,75,89,29.73,Clear,0,0,0,0,2,8,2
4/3/2023,11:30 PM,75,94,29.73,Clear,0,0,0,0,2,7,2
4/4/2023,12:00 AM,75,94,29.7,Clear,0,0,0,0,0,3,2
4/4/2023,12:30 AM,75,94,29.7,Clear,0,0,0,0,1,3,3
4/4/2023,1:00 AM,75,94,29.7,Clear,0,0,0,0,0,3,2
4/4/2023,1:30 AM,75,94,29.7,Clear,0,0,0,0,0,3,2
4/4/2023,2:00 AM,75,89,29.67,Clear,0,0,0,0,0,3,2
4/4/2023,2:30 AM,75,89,29.67,Clear,0,0,0,0,1,3,3
4/4/2023,3:00 AM,75,94,29.64,Clear,0,0,0,0,0,3,2
4/4/2023,3:30 AM,75,94,29.64,Clear,0,0,0,0,0,3,2
4/4/2023,4:00 AM,75,94,29.64,Clear,0,0,0,0,0,3,2
4/4/2023,4:30 AM,75,94,29.64,Clear,0,0,0,0,0,3,2
4/4/2023,5:00 AM,75,94,29.64,Clear,0,0,0,0,3,12,2
4/4/2023,5:30 AM,73,100,29.67,Clear,0,0,0,0,3,13,2
4/4/2023,6:00 AM,73,94,29.67,Clear,0,0,0,0,3,17,2
4/4/2023,6:30 AM,73,94,29.67,Clear,0,0,0,0,3,14,2
4/4/2023,7:00 AM,75,94,29.7,Clear,0,0,0,0,3,13,2
4/4/2023,7:30 AM,79,94,29.7,Clear,0,0,0,0,2,14,2
4/4/2023,8:00 AM,82,89,29.7,Clear,0,0,0,0,3,13,2
4/4/2023,8:30 AM,84,84,29.7,Clear,0,0,0,0,3,13,2
4/4/2023,9:00 AM,86,79,29.73,Clear,0,0,0,0,2,7,2
4/4/2023,9:30 AM,90,70,29.73,Clear,0,0,0,0,2,7,2
4/4/2023,10:00 AM,91,66,29.73,Clear,0,0,0,0,2,7,1
4/4/2023,10:30 AM,93,59,29.73,Clear,0,0,0,0,2,6,2
4/4/2023,11:00 AM,95,49,29.7,Clear,0,0,0,0,2,7,1
4/4/2023,11:30 AM,95,47,29.7,Clear,0,0,0,0,2,7,2
4/4/2023,12:00 PM,97,44,29.7,Clear,0,0,0,0,2,8,1
4/4/2023,12:30 PM,97,44,29.67,Clear,0,0,0,0,2,7,2
4/4/2023,1:00 PM,99,42,29.67,Clear,0,0,0,0,2,6,2
4/4/2023,1:30 PM,95,44,29.64,Clear,0,0,0,0,2,7,1
4/4/2023,2:00 PM,100,39,29.61,Clear,0,0,0,0,2,7,2
4/4/2023,2:30 PM,97,47,29.61,Clear,0,0,0,0,2,7,2
4/4/2023,3:00 PM,97,47,29.58,Clear,0,0,0,0,2,6,2
4/4/2023,3:30 PM,99,44,29.58,Clear,0,0,0,0,2,7,1
4/4/2023,4:00 PM,88,66,29.58,Rain,0,0,0,0,2,13,2
4/4/2023,4:30 PM,84,70,29.55,Rain,0,0,0,0,2,15,2
4/4/2023,5:00 PM,77,83,29.58,Clear,0,0,0,0,3,12,2
4/4/2023,5:30 PM,75,89,29.61,Rain,0,0,0,0,2,17,2
4/4/2023,6:00 PM,75,89,29.61,Clear,0,0,0,0,2,14,2
4/4/2023,6:30 PM,75,94,29.64,Clear,0,0,0,0,3,15,2
4/4/2023,7:00 PM,75,94,29.64,Clear,0,0,0,0,3,12,2
4/4/2023,7:30 PM,75,94,29.67,Clear,0,0,0,0,3,15,3
4/4/2023,8:00 PM,77,94,29.67,Clear,0,0,0,0,1,8,2
4/4/2023,8:30 PM,75,94,29.67,Clear,0,0,0,0,2,7,2
4/4/2023,9:00 PM,75,94,29.7,Clear,0,0,0,0,2,9,2
4/4/2023,9:30 PM,75,94,29.7,Clear,0,0,0,0,1,8,2
4/4/2023,10:00 PM,75,94,29.7,Clear,0,0,0,0,2,8,2
4/4/2023,10:30 PM,75,94,29.73,Clear,0,0,0,0,2,8,2
4/4/2023,11:00 PM,75,100,29.73,Clear,0,0,0,0,2,7,2
4/4/2023,11:30 PM,75,100,29.7,Clear,0,0,0,0,2,8,1
4/5/2023,12:00 AM,75,94,29.7,Clear,0,0,0,0,1,3,2
4/5/2023,12:30 AM,75,94,29.7,Clear,0,0,0,0,0,3,2
4/5/2023,1:00 AM,75,94,29.7,Clear,0,0,0,0,0,3,3
4/5/2023,1:30 AM,75,94,29.67,Clear,0,0,0,0,0,3,2
4/5/2023,2:00 AM,75,94,29.67,Clear,0,0,0,0,1,3,2
4/5/2023,2:30 AM,75,94,29.67,Clear,0,0,0,0,0,3,2
4/5/2023,3:00 AM,75,94,29.64,Clear,0,0,0,0,0,3,2
4/5/2023,3:30 AM,73,100,29.64,Clear,0,0,0,0,0,3,2
4/5/2023,4:00 AM,75,94,29.64,Clear,0,0,0,0,0,3,2
4/5/2023,4:30 AM,73,100,29.64,Clear,0,0,0,0,0,4,2
4/5/2023,5:00 AM,73,100,29.64,Clear,0,0,0,0,3,15,2
4/5/2023,5:30 AM,73,100,29.67,Clear,0,0,0,0,3,15,1
4/5/2023,6:00 AM,73,100,29.67,Clear,0,0,0,0,3,14,2
4/5/2023,6:30 AM,73,100,29.67,Clear,0,0,0,0,3,14,2
4/5/2023,7:00 AM,75,100,29.7,Clear,0,0,0,0,3,14,2
4/5/2023,7:30 AM,77,100,29.7,Clear,0,0,0,0,3,14,1
4/5/2023,8:00 AM,79,100,29.73,Clear,0,0,0,0,3,15,2
4/5/2023,8:30 AM,82,89,29.73,Clear,0,0,0,0,3,15,2
4/5/2023,9:00 AM,84,89,29.73,Clear,0,0,0,0,2,7,2
4/5/2023,9:30 AM,86,84,29.76,Clear,0,0,0,0,2,6,2
4/5/2023,10:00 AM,88,79,29.76,Clear,0,0,0,0,2,7,2
4/5/2023,10:30 AM,90,75,29.73,Clear,0,0,0,0,2,6,1
4/5/2023,11:00 AM,91,71,29.73,Clear,0,0,0,0,2,6,1
4/5/2023,11:30 AM,91,66,29.73,Clear,0,0,0,0,2,7,2
4/5/2023,12:00 PM,95,59,29.73,Clear,0,0,0,0,2,8,1
4/5/2023,12:30 PM,93,59,29.7,Clear,0,0,0,0,2,7,2
4/5/2023,1:00 PM,91,59,29.7,Clear,0,0,0,0,2,8,1
4/5/2023,1:30 PM,93,59,29.64,Clear,0,0,0,0,2,7,2
4/5/2023,2:00 PM,95,53,29.64,Clear,0,0,0,0,2,6,2
4/5/2023,2:30 PM,77,83,29.61,Rain,0,0,0,0,1,7,2
4/5/2023,3:00 PM,79,83,29.61,Rain,0,0,0,0,1,7,2
4/5/2023,3:30 PM,79,83,29.64,Rain,0,0,0,0,1,7,2
4/5/2023,4:00 PM,79,83,29.64,Clear,0,0,0,0,3,13,2
4/5/2023,4:30 PM,79,89,29.64,Rain,0,0,0,0,2,15,2
4/5/2023,5:00 PM,77,94,29.61,Clear,0,0,0,0,3,15,2
4/5/2023,5:30 PM,77,94,29.64,Clear,0,0,0,0,3,15,3
4/5/2023,6:00 PM,77,94,29.67,Clear,0,0,0,0,3,16,2
4/5/2023,6:30 PM,77,94,29.67,Clear,0,0,0,0,3,14,2
4/5/2023,7:00 PM,75,94,29.7,Clear,0,0,0,0,3,14,2
4/5/2023,7:30 PM,75,94,29.7,Clear,0,0,0,0,3,15,3
4/5/2023,8:00 PM,75,94,29.73,Clear,0,0,0,0,2,8,2
4/5/2023,8:30 PM,75,94,29.73,Clear,0,0,0,0,2,8,2
4/5/2023,9:00 PM,75,94,29.73,Clear,0,0,0,0,2,8,2
4/5/2023,9:30 PM,75,94,29.73,Clear,0,0,0,0,2,7,2
4/5/2023,10:00 PM,75,94,29.73,Clear,0,0,0,0,2,7,2
4/5/2023,10:30 PM,75,94,29.73,Clear,0,0,0,0,2,8,2
4/5/2023,11:00 PM,75,94,29.76,Clear,0,0,0,0,2,8,2
4/5/2023,11:30 PM,75,94,29.73,Clear,0,0,0,0,2,7,2
4/6/2023,12:00 AM,75,94,29.73,Clear,0,0,0,0,0,3,2
4/6/2023,12:30 AM,75,94,29.73,Clear,0,0,0,0,0,4,3
4/6/2023,1:00 AM,75,94,29.7,Clear,0,0,0,0,0,4,2
4/6/2023,1:30 AM,75,94,29.7,Clear,0,0,0,0,0,3,2
4/6/2023,2:00 AM,73,100,29.67,Clear,0,0,0,0,0,3,2
4/6/2023,2:30 AM,73,100,29.67,Clear,0,0,0,0,1,3,3
4/6/2023,3:00 AM,73,100,29.67,Clear,0,0,0,0,1,3,2
4/6/2023,3:30 AM,73,100,29.67,Clear,0,0,0,0,0,2,2
4/6/2023,4:00 AM,73,94,29.64,Clear,0,0,0,0,0,3,2
4/6/2023,4:30 AM,73,94,29.67,Clear,0,0,0,0,0,4,2
4/6/2023,5:00 AM,72,100,29.64,Clear,0,0,0,0,3,12,2
4/6/2023,5:30 AM,72,100,29.67,Clear,0,0,0,0,3,11,2
4/6/2023,6:00 AM,72,100,29.67,Clear,0,0,0,0,3,13,2
4/6/2023,6:30 AM,72,100,29.7,Clear,0,0,0,0,3,15,1
4/6/2023,7:00 AM,73,94,29.7,Clear,0,0,0,0,3,13,2
4/6/2023,7:30 AM,75,100,29.73,Clear,0,0,0,0,3,13,2
4/6/2023,8:00 AM,77,100,29.73,Clear,0,0,0,0,3,13,2
4/6/2023,8:30 AM,81,89,29.76,Clear,0,0,0,0,3,15,2
4/6/2023,9:00 AM,82,84,29.76,Clear,0,0,0,0,2,7,2
4/6/2023,9:30 AM,84,84,29.76,Clear,0,0,0,0,2,7,1
4/6/2023,10:00 AM,86,84,29.76,Clear,0,0,0,0,2,8,2
4/6/2023,10:30 AM,90,79,29.76,Clear,0,0,0,0,2,7,2
4/6/2023,11:00 AM,90,75,29.73,Clear,0,0,0,0,2,7,2
4/6/2023,11:30 AM,91,66,29.73,Clear,0,0,0,0,2,7,1
4/6/2023,12:00 PM,93,59,29.73,Clear,0,0,0,0,2,7,2
4/6/2023,12:30 PM,95,56,29.7,Clear,0,0,0,0,2,7,2
4/6/2023,1:00 PM,95,53,29.67,Clear,0,0,0,0,2,5,2
4/6/2023,1:30 PM,97,50,29.67,Clear,0,0,0,0,2,7,1
4/6/2023,2:00 PM,97,50,29.64,Clear,0,0,0,0,2,8,2
4/6/2023,2:30 PM,95,47,29.64,Rain,0,0,0,0,1,9,2
4/6/2023,3:00 PM,91,59,29.61,Rain,0,0,0,0,1,8,1
4/6/2023,3:30 PM,91,63,29.61,Rain,0,0,0,0,1,8,2
4/6/2023,4:00 PM,84,66,29.61,Rain,0,0,0,0,2,13,2
4/6/2023,4:30 PM,84,74,29.61,Clear,0,0,0,0,3,15,2
4/6/2023,5:00 PM,82,79,29.64,Clear,0,0,0,0,3,12,3
4/6/2023,5:30 PM,79,78,29.64,Clear,0,0,0,0,3,14,2
4/6/2023,6:00 PM,79,83,29.64,Clear,0,0,0,0,3,15,2
4/6/2023,6:30 PM,79,83,29.64,Clear,0,0,0,0,3,12,2
4/6/2023,7:00 PM,77,89,29.67,Clear,0,0,0,0,3,13,2
4/6/2023,7:30 PM,77,89,29.67,Clear,0,0,0,0,3,15,2
4/6/2023,8:00 PM,77,89,29.7,Clear,0,0,0,0,2,8,2
4/6/2023,8:30 PM,77,89,29.7,Clear,0,0,0,0,2,8,2
4/6/2023,9:00 PM,75,94,29.7,Clear,0,0,0,0,2,9,1
4/6/2023,9:30 PM,75,94,29.73,Clear,0,0,0,0,2,9,1
4/6/2023,10:00 PM,75,89,29.73,Clear,0,0,0,0,2,8,2
4/6/2023,10:30 PM,75,89,29.73,Clear,0,0,0,0,2,7,2
4/6/2023,11:00 PM,73,94,29.76,Clear,0,0,0,0,1,8,2
4/6/2023,11:30 PM,73,94,29.76,Clear,0,0,0,0,1,8,2
4/7/2023,12:00 AM,73,94,29.73,Clear,0,0,0,0,0,4,3
4/7/2023,12:30 AM,73,94,29.73,Clear,0,0,0,0,0,4,3
4/7/2023,1:00 AM,73,94,29.73,Clear,0,0,0,0,0,3,2
4/7/2023,1:30 AM,73,94,29.73,Clear,0,0,0,0,0,4,2
4/7/2023,2:00 AM,73,94,29.7,Clear,0,0,0,0,0,3,2
4/7/2023,2:30 AM,73,94,29.7,Clear,0,0,0,0,0,3,2
4/7/2023,3:00 AM,73,94,29.7,Clear,0,0,0,0,1,3,2
4/7/2023,3:30 AM,73,94,29.7,Clear,0,0,0,0,1,3,3
4/7/2023,4:00 AM,72,100,29.7,Clear,0,0,0,0,0,3,2
4/7/2023,4:30 AM,72,100,29.7,Clear,0,0,0,0,0,3,2
4/7/2023,5:00 AM,72,100,29.7,Clear,0,0,0,0,3,13,2
4/7/2023,5:30 AM,72,100,29.7,Clear,0,0,0,0,3,14,2
4/7/2023,6:00 AM,72,100,29.7,Clear,0,0,0,0,3,11,2
4/7/2023,6:30 AM,73,94,29.73,Clear,0,0,0,0,3,13,2
4/7/2023,7:00 AM,73,100,29.73,Clear,0,0,0,0,2,11,2
4/7/2023,7:30 AM,75,100,29.73,Clear,0,0,0,0,3,13,2
4/7/2023,8:00 AM,79,94,29.76,Clear,0,0,0,0,3,16,2
4/7/2023,8:30 AM,82,89,29.76,Clear,0,0,0,0,3,15,2
4/7/2023,9:00 AM,86,84,29.79,Clear,0,0,0,0,2,6,1
4/7/2023,9:30 AM,88,79,29.79,Clear,0,0,0,0,2,7,2
4/7/2023,10:00 AM,90,70,29.79,Clear,0,0,0,0,2,7,2
4/7/2023,10:30 AM,91,66,29.79,Clear,0,0,0,0,2,6,2
4/7/2023,11:00 AM,93,59,29.76,Clear,0,0,0,0,2,7,2
4/7/2023,11:30 AM,93,56,29.76,Clear,0,0,0,0,2,6,2
4/7/2023,12:00 PM,95,49,29.76,Clear,0,0,0,0,2,8,2
4/7/2023,12:30 PM,97,47,29.73,Clear,0,0,0,0,2,7,2
4/7/2023,1:00 PM,97,47,29.7,Clear,0,0,0,0,2,6,2
4/7/2023,1:30 PM,95,49,29.7,Clear,0,0,0,0,2,6,1
4/7/2023,2:00 PM,93,49,29.67,Clear,0,0,0,0,2,8,1
4/7/2023,2:30 PM,97,47,29.67,Clear,0,0,0,0,2,6,2
4/7/2023,3:00 PM,95,49,29.67,Clear,0,0,0,0,2,6,2
4/7/2023,3:30 PM,95,47,29.64,Clear,0,0,0,0,2,6,2
4/7/2023,4:00 PM,93,49,29.64,Clear,0,0,0,0,3,13,2
4/7/2023,4:30 PM,93,46,29.64,Clear,0,0,0,0,3,14,3
4/7/2023,5:00 PM,91,52,29.67,Clear,0,0,0,0,3,15,2
4/7/2023,5:30 PM,90,55,29.67,Clear,0,0,0,0,3,13,2
4/7/2023,6:00 PM,88,58,29.67,Clear,0,0,0,0,3,13,2
4/7/2023,6:30 PM,86,62,29.67,Clear,0,0,0,0,2,14,2
4/7/2023,7:00 PM,84,70,29.7,Clear,0,0,0,0,3,14,2
4/7/2023,7:30 PM,81,79,29.7,Clear,0,0,0,0,3,15,2
4/7/2023,8:00 PM,81,79,29.73,Clear,0,0,0,0,2,7,2
4/7/2023,8:30 PM,79,83,29.76,Clear,0,0,0,0,2,9,2
4/7/2023,9:00 PM,79,83,29.76,Clear,0,0,0,0,2,9,2
4/7/2023,9:30 PM,79,83,29.79,Clear,0,0,0,0,2,7,2
4/7/2023,10:00 PM,77,89,29.79,Clear,0,0,0,0,2,8,2
4/7/2023,10:30 PM,77,89,29.79,Clear,0,0,0,0,2,8,2
4/7/2023,11:00 PM,77,89,29.79,Clear,0,0,0,0,2,8,2
4/7/2023,11:30 PM,75,94,29.79,Clear,0,0,0,0,2,9,2
4/8/2023,12:00 AM,75,94,29.79,Clear,0,0,0,0,0,4,2
4/8/2023,12:30 AM,77,94,29.79,Clear,0,0,0,0,1,4,2
4/8/2023,1:00 AM,75,94,29.76,Clear,0,0,0,0,1,3,3
4/8/2023,1:30 AM,75,94,29.76,Clear,0,0,0,0,0,4,2
4/8/2023,2:00 AM,75,94,29.76,Clear,0,0,0,0,0,3,2
4/8/2023,2:30 AM,75,94,29.73,Clear,0,0,0,0,1,3,3
4/8/2023,3:00 AM,75,94,29.73,Clear,0,0,0,0,1,3,2
4/8/2023,3:30 AM,73,100,29.73,Clear,0,0,0,0,1,3,2
4/8/2023,4:00 AM,73,100,29.73,Clear,0,0,0,0,0,3,2
4/8/2023,4:30 AM,73,100,29.73,Clear,0,0,0,0,0,3,2
4/8/2023,5:00 AM,73,100,29.76,Clear,0,0,0,0,3,12,2
4/8/2023,5:30 AM,73,94,29.76,Clear,0,0,0,0,3,15,2
4/8/2023,6:00 AM,73,100,29.76,Clear,0,0,0,0,2,13,2
4/8/2023,6:30 AM,73,100,29.79,Clear,0,0,0,0,3,15,2
4/8/2023,7:00 AM,75,94,29.79,Clear,0,0,0,0,3,12,2
4/8/2023,7:30 AM,77,100,29.81,Clear,0,0,0,0,3,13,2
4/8/2023,8:00 AM,82,89,29.81,Clear,0,0,0,0,2,14,1
4/8/2023,8:30 AM,86,84,29.81,Clear,0,0,0,0,3,15,2
4/8/2023,9:00 AM,86,84,29.81,Clear,0,0,0,0,2,8,2
4/8/2023,9:30 AM,90,70,29.81,Clear,0,0,0,0,2,7,2
4/8/2023,10:00 AM,90,70,29.81,Clear,0,0,0,0,2,7,1
4/8/2023,10:30 AM,90,66,29.81,Clear,0,0,0,0,2,6,2
4/8/2023,11:00 AM,91,63,29.81,Clear,0,0,0,0,2,8,2
4/8/2023,11:30 AM,91,59,29.81,Clear,0,0,0,0,2,7,2
4/8/2023,12:00 PM,93,56,29.79,Clear,0,0,0,0,2,7,2
4/8/2023,12:30 PM,93,52,29.79,Clear,0,0,0,0,2,7,2
4/8/2023,1:00 PM,95,49,29.76,Clear,0,0,0,0,2,7,2
4/8/2023,1:30 PM,93,52,29.76,Clear,0,0,0,0,2,7,1
4/8/2023,2:00 PM,95,49,29.73,Clear,0,0,0,0,2,7,1
4/8/2023,2:30 PM,93,52,29.73,Clear,0,0,0,0,2,7,2
4/8/2023,3:00 PM,95,47,29.73,Clear,0,0,0,0,2,7,2
4/8/2023,3:30 PM,93,52,29.7,Clear,0,0,0,0,2,7,2
4/8/2023,4:00 PM,91,55,29.7,Clear,0,0,0,0,3,14,2
4/8/2023,4:30 PM,91,55,29.7,Clear,0,0,0,0,3,12,2
4/8/2023,5:00 PM,90,62,29.7,Clear,0,0,0,0,3,12,2
4/8/2023,5:30 PM,90,62,29.7,Clear,0,0,0,0,3,13,2
4/8/2023,6:00 PM,88,66,29.73,Clear,0,0,0,0,2,14,2
4/8/2023,6:30 PM,86,70,29.73,Clear,0,0,0,0,3,15,3
4/8/2023,7:00 PM,84,74,29.73,Clear,0,0,0,0,3,15,2
4/8/2023,7:30 PM,84,74,29.76,Clear,0,0,0,0,3,14,2
4/8/2023,8:00 PM,84,74,29.76,Clear,0,0,0,0,2,8,2
4/8/2023,8:30 PM,84,74,29.76,Clear,0,0,0,0,2,7,2
4/8/2023,9:00 PM,82,84,29.79,Clear,0,0,0,0,2,8,1
4/8/2023,9:30 PM,82,84,29.79,Clear,0,0,0,0,2,8,2
4/8/2023,10:00 PM,81,84,29.79,Clear,0,0,0,0,2,7,2
4/8/2023,10:30 PM,81,84,29.79,Clear,0,0,0,0,2,8,2
4/8/2023,11:00 PM,79,89,29.81,Clear,0,0,0,0,1,8,1
4/8/2023,11:30 PM,79,89,29.81,Clear,0,0,0,0,1,7,2
4/9/2023,12:00 AM,79,89,29.81,Clear,0,0,0,0,1,3,2
4/9/2023,12:30 AM,79,89,29.81,Clear,0,0,0,0,0,3,2
4/9/2023,1:00 AM,77,94,29.81,Clear,0,0,0,0,0,3,2
4/9/2023,1:30 AM,77,94,29.81,Clear,0,0,0,0,0,3,2
4/9/2023,2:00 AM,77,94,29.79,Clear,0,0,0,0,1,3,2
4/9/2023,2:30 AM,77,94,29.79,Clear,0,0,0,0,1,3,3
4/9/2023,3:00 AM,75,94,29.76,Clear,0,0,0,0,1,3,2
4/9/2023,3:30 AM,75,94,29.76,Clear,0,0,0,0,0,3,3
4/9/2023,4:00 AM,75,100,29.76,Clear,0,0,0,0,1,3,2
4/9/2023,4:30 AM,75,100,29.76,Clear,0,0,0,0,0,3,2
4/9/2023,5:00 AM,75,94,29.76,Clear,0,0,0,0,3,14,2
4/9/2023,5:30 AM,75,94,29.79,Clear,0,0,0,0,3,15,2
4/9/2023,6:00 AM,75,94,29.79,Clear,0,0,0,0,2,14,2
4/9/2023,6:30 AM,75,94,29.79,Clear,0,0,0,0,3,13,1
4/9/2023,7:00 AM,77,94,29.79,Clear,0,0,0,0,3,14,2
4/9/2023,7:30 AM,79,94,29.79,Clear,0,0,0,0,4,12,1
4/9/2023,8:00 AM,82,89,29.81,Clear,0,0,0,0,2,15,2
4/9/2023,8:30 AM,84,89,29.81,Clear,0,0,0,0,3,14,2
4/9/2023,9:00 AM,86,84,29.81,Clear,0,0,0,0,2,7,2
4/9/2023,9:30 AM,88,75,29.81,Clear,0,0,0,0,2,8,2
4/9/2023,10:00 AM,90,66,29.81,Clear,0,0,0,0,2,6,2
4/9/2023,10:30 AM,91,63,29.81,Clear,0,0,0,0,2,7,2
4/9/2023,11:00 AM,91,59,29.81,Clear,0,0,0,0,2,6,2
4/9/2023,11:30 AM,93,52,29.81,Clear,0,0,0,0,2,6,1
4/9/2023,12:00 PM,95,47,29.79,Clear,0,0,0,0,2,7,1
4/9/2023,12:30 PM,95,44,29.79,Clear,0,0,0,0,2,6,2
4/9/2023,1:00 PM,95,44,29.79,Clear,0,0,0,0,2,8,2
4/9/2023,1:30 PM,95,47,29.76,Clear,0,0,0,0,2,6,2
4/9/2023,2:00 PM,95,47,29.73,Clear,0,0,0,0,2,6,1
4/9/2023,2:30 PM,95,47,29.73,Clear,0,0,0,0,2,8,1
4/9/2023,3:00 PM,95,49,29.73,Clear,0,0,0,0,2,7,2
4/9/2023,3:30 PM,95,49,29.7,Clear,0,0,0,0,2,7,2
4/9/2023,4:00 PM,93,52,29.7,Clear,0,0,0,0,3,14,2
4/9/2023,4:30 PM,93,52,29.7,Clear,0,0,0,0,3,14,2
4/9/2023,5:00 PM,91,55,29.7,Clear,0,0,0,0,3,16,2
4/9/2023,5:30 PM,90,59,29.7,Clear,0,0,0,0,3,15,2
4/9/2023,6:00 PM,88,62,29.7,Clear,0,0,0,0,3,13,2
4/9/2023,6:30 PM,86,66,29.7,Clear,0,0,0,0,3,15,2
4/9/2023,7:00 PM,86,66,29.73,Clear,0,0,0,0,3,11,2
4/9/2023,7:30 PM,84,74,29.73,Clear,0,0,0,0,3,13,2
4/9/2023,8:00 PM,84,74,29.76,Clear,0,0,0,0,2,8,2
4/9/2023,8:30 PM,82,79,29.76,Clear,0,0,0,0,2,8,2
4/9/2023,9:00 PM,81,84,29.76,Clear,0,0,0,0,2,8,2
4/9/2023,9:30 PM,81,84,29.79,Clear,0,0,0,0,2,8,2
4/9/2023,10:00 PM,79,89,29.79,Clear,0,0,0,0,2,9,2
4/9/2023,10:30 PM,79,89,29.81,Clear,0,0,0,0,2,6,2
4/9/2023,11:00 PM,79,89,29.79,Clear,0,0,0,0,2,7,1
4/9/2023,11:30 PM,77,89,29.79,Clear,0,0,0,0,2,8,2
4/10/2023,12:00 AM,77,94,29.79,Clear,0,0,0,0,1,3,2
4/10/2023,12:30 AM,79,89,29.79,Clear,0,0,0,0,0,3,2
4/10/2023,1:00 AM,77,89,29.76,Clear,0,0,0,0,1,3,3
4/10/2023,1:30 AM,77,89,29.76,Clear,0,0,0,0,0,3,3
4/10/2023,2:00 AM,77,94,29.73,Clear,0,0,0,0,0,3,2
4/10/2023,2:30 AM,77,94,29.73,Clear,0,0,0,0,0,3,2
4/10/2023,3:00 AM,75,94,29.73,Clear,0,0,0,0,0,3,3
4/10/2023,3:30 AM,75,94,29.73,Clear,0,0,0,0,1,3,2
4/10/2023,4:00 AM,75,94,29.73,Clear,0,0,0,0,0,3,2
4/10/2023,4:30 AM,73,100,29.73,Clear,0,0,0,0,0,3,2
4/10/2023,5:00 AM,73,100,29.73,Clear,0,0,0,0,3,15,2
4/10/2023,5:30 AM,73,100,29.73,Clear,0,0,0,0,3,16,1
4/10/2023,6:00 AM,73,94,29.73,Clear,0,0,0,0,3,15,2
4/10/2023,6:30 AM,73,94,29.76,Clear,0,0,0,0,3,14,2
4/10/2023,7:00 AM,73,100,29.76,Clear,0,0,0,0,2,11,2
4/10/2023,7:30 AM,75,100,29.79,Clear,0,0,0,0,2,14,2
4/10/2023,8:00 AM,79,94,29.79,Clear,0,0,0,0,3,12,2
4/10/2023,8:30 AM,82,89,29.79,Clear,0,0,0,0,3,12,2
4/10/2023,9:00 AM,84,84,29.79,Clear,0,0,0,0,2,6,2
4/10/2023,9:30 AM,86,79,29.81,Clear,0,0,0,0,2,7,2
4/10/2023,10:00 AM,88,75,29.81,Clear,0,0,0,0,2,7,2
4/10/2023,10:30 AM,90,70,29.79,Clear,0,0,0,0,2,6,2
4/10/2023,11:00 AM,90,70,29.79,Clear,0,0,0,0,2,5,2
4/10/2023,11:30 AM,91,63,29.79,Clear,0,0,0,0,2,7,2
4/10/2023,12:00 PM,93,56,29.76,Clear,0,0,0,0,2,7,2
4/10/2023,12:30 PM,93,56,29.76,Clear,0,0,0,0,2,6,2
4/10/2023,1:00 PM,95,53,29.73,Clear,0,0,0,0,2,7,2
4/10/2023,1:30 PM,95,53,29.73,Clear,0,0,0,0,2,6,2
4/10/2023,2:00 PM,95,49,29.7,Clear,0,0,0,0,2,7,2
4/10/2023,2:30 PM,95,49,29.67,Clear,0,0,0,0,2,7,2
4/10/2023,3:00 PM,95,49,29.67,Clear,0,0,0,0,2,8,2
4/10/2023,3:30 PM,95,49,29.64,Clear,0,0,0,0,2,7,2
4/10/2023,4:00 PM,95,47,29.64,Clear,0,0,0,0,3,12,2
4/10/2023,4:30 PM,93,52,29.64,Clear,0,0,0,0,2,16,2
4/10/2023,5:00 PM,93,56,29.64,Clear,0,0,0,0,3,11,2
4/10/2023,5:30 PM,91,59,29.64,Clear,0,0,0,0,3,13,2
4/10/2023,6:00 PM,90,62,29.67,Clear,0,0,0,0,3,13,2
4/10/2023,6:30 PM,88,66,29.67,Clear,0,0,0,0,3,14,2
4/10/2023,7:00 PM,86,70,29.7,Clear,0,0,0,0,2,15,2
4/10/2023,7:30 PM,86,70,29.7,Clear,0,0,0,0,3,15,2
4/10/2023,8:00 PM,84,74,29.7,Clear,0,0,0,0,2,7,2
4/10/2023,8:30 PM,82,79,29.73,Clear,0,0,0,0,2,6,1
4/10/2023,9:00 PM,81,84,29.76,Clear,0,0,0,0,1,8,2
4/10/2023,9:30 PM,81,84,29.76,Clear,0,0,0,0,2,9,2
4/10/2023,10:00 PM,81,84,29.76,Clear,0,0,0,0,2,8,2
4/10/2023,10:30 PM,81,89,29.76,Clear,0,0,0,0,2,9,2
4/10/2023,11:00 PM,79,89,29.79,Clear,0,0,0,0,2,7,2
4/10/2023,11:30 PM,79,89,29.76,Clear,0,0,0,0,1,7,2
4/11/2023,12:00 AM,79,89,29.76,Clear,0,0,0,0,1,3,3
4/11/2023,12:30 AM,79,89,29.76,Clear,0,0,0,0,1,3,3
4/11/2023,1:00 AM,77,94,29.76,Clear,0,0,0,0,0,3,2
4/11/2023,1:30 AM,77,94,29.73,Clear,0,0,0,0,1,3,3
4/11/2023,2:00 AM,77,89,29.73,Clear,0,0,0,0,0,3,3
4/11/2023,2:30 AM,77,89,29.73,Clear,0,0,0,0,0,3,2
4/11/2023,3:00 AM,75,94,29.7,Clear,0,0,0,0,0,2,2
4/11/2023,3:30 AM,75,94,29.7,Clear,0,0,0,0,0,3,3
4/11/2023,4:00 AM,75,94,29.73,Clear,0,0,0,0,0,3,2
4/11/2023,4:30 AM,75,94,29.73,Clear,0,0,0,0,1,3,2
4/11/2023,5:00 AM,75,94,29.73,Clear,0,0,0,0,3,12,2
4/11/2023,5:30 AM,75,94,29.73,Clear,0,0,0,0,3,14,2
4/11/2023,6:00 AM,75,94,29.73,Clear,0,0,0,0,3,13,2
4/11/2023,6:30 AM,75,94,29.73,Clear,0,0,0,0,3,13,2
4/11/2023,7:00 AM,75,100,29.73,Clear,0,0,0,0,3,12,2
4/11/2023,7:30 AM,77,94,29.73,Clear,0,0,0,0,3,13,2
4/11/2023,8:00 AM,79,94,29.76,Clear,0,0,0,0,3,14,2
4/11/2023,8:30 AM,82,94,29.76,Clear,0,0,0,0,3,15,1
4/11/2023,9:00 AM,86,84,29.76,Clear,0,0,0,0,2,6,2
4/11/2023,9:30 AM,88,79,29.76,Clear,0,0,0,0,2,7,1
4/11/2023,10:00 AM,90,75,29.76,Clear,0,0,0,0,2,7,1
4/11/2023,10:30 AM,91,71,29.76,Clear,0,0,0,0,2,6,2
4/11/2023,11:00 AM,91,66,29.76,Clear,0,0,0,0,2,8,2
4/11/2023,11:30 AM,93,63,29.73,Clear,0,0,0,0,2,6,2
4/11/2023,12:00 PM,93,59,29.73,Clear,0,0,0,0,2,7,1
4/11/2023,12:30 PM,95,53,29.7,Clear,0,0,0,0,2,7,2
4/11/2023,1:00 PM,95,53,29.7,Clear,0,0,0,0,2,7,2
4/11/2023,1:30 PM,97,50,29.67,Clear,0,0,0,0,2,7,2
4/11/2023,2:00 PM,95,53,29.64,Clear,0,0,0,0,2,7,2
4/11/2023,2:30 PM,95,53,29.64,Clear,0,0,0,0,2,7,1
4/11/2023,3:00 PM,95,53,29.64,Clear,0,0,0,0,2,7,2
4/11/2023,3:30 PM,95,53,29.61,Clear,0,0,0,0,2,6,2
4/11/2023,4:00 PM,95,53,29.61,Clear,0,0,0,0,3,13,2
4/11/2023,4:30 PM,95,56,29.61,Clear,0,0,0,0,3,14,2
4/11/2023,5:00 PM,93,56,29.61,Clear,0,0,0,0,3,13,3
4/11/2023,5:30 PM,91,59,29.64,Clear,0,0,0,0,2,14,2
4/11/2023,6:00 PM,91,55,29.64,Clear,0,0,0,0,3,14,2
4/11/2023,6:30 PM,90,59,29.64,Clear,0,0,0,0,3,14,2
4/11/2023,7:00 PM,88,62,29.67,Clear,0,0,0,0,3,13,2
4/11/2023,7:30 PM,86,66,29.67,Clear,0,0,0,0,3,14,2
4/11/2023,8:00 PM,82,74,29.7,Clear,0,0,0,0,1,8,2
4/11/2023,8:30 PM,81,79,29.7,Clear,0,0,0,0,2,8,2
4/11/2023,9:00 PM,81,79,29.73,Clear,0,0,0,0,2,8,1
4/11/2023,9:30 PM,79,83,29.73,Clear,0,0,0,0,2,7,2
4/11/2023,10:00 PM,79,83,29.73,Clear,0,0,0,0,2,8,2
4/11/2023,10:30 PM,79,83,29.76,Clear,0,0,0,0,2,8,2
4/11/2023,11:00 PM,77,89,29.76,Clear,0,0,0,0,2,7,2
4/11/2023,11:30 PM,77,89,29.73,Clear,0,0,0,0,2,8,2
4/12/2023,12:00 AM,77,89,29.73,Clear,0,0,0,0,0,3,3
4/12/2023,12:30 AM,77,89,29.73,Clear,0,0,0,0,1,3,2
4/12/2023,1:00 AM,75,94,29.7,Clear,0,0,0,0,0,3,2
4/12/2023,1:30 AM,75,94,29.7,Clear,0,0,0,0,0,4,2
4/12/2023,2:00 AM,75,94,29.7,Clear,0,0,0,0,0,4,2
4/12/2023,2:30 AM,75,94,29.7,Clear,0,0,0,0,0,3,2
4/12/2023,3:00 AM,75,94,29.67,Clear,0,0,0,0,0,3,2
4/12/2023,3:30 AM,75,94,29.67,Clear,0,0,0,0,0,4,2
4/12/2023,4:00 AM,75,94,29.7,Clear,0,0,0,0,1,3,3
4/12/2023,4:30 AM,73,100,29.7,Clear,0,0,0,0,1,3,2
4/12/2023,5:00 AM,73,100,29.7,Clear,0,0,0,0,3,14,2
4/12/2023,5:30 AM,73,94,29.7,Clear,0,0,0,0,3,15,2
4/12/2023,6:00 AM,73,94,29.7,Clear,0,0,0,0,3,13,2
4/12/2023,6:30 AM,73,100,29.7,Clear,0,0,0,0,3,14,2
4/12/2023,7:00 AM,73,100,29.73,Clear,0,0,0,0,3,11,1
4/12/2023,7:30 AM,75,94,29.73,Clear,0,0,0,0,3,14,1
4/12/2023,8:00 AM,79,94,29.76,Clear,0,0,0,0,3,13,2
4/12/2023,8:30 AM,82,84,29.76,Clear,0,0,0,0,3,13,1
4/12/2023,9:00 AM,86,84,29.76,Clear,0,0,0,0,2,8,2
4/12/2023,9:30 AM,90,75,29.76,Clear,0,0,0,0,2,7,2
4/12/2023,10:00 AM,91,71,29.76,Clear,0,0,0,0,2,6,1
4/12/2023,10:30 AM,91,66,29.76,Clear,0,0,0,0,2,7,1
4/12/2023,11:00 AM,95,56,29.73,Clear,0,0,0,0,2,7,2
4/12/2023,11:30 AM,95,53,29.73,Clear,0,0,0,0,2,6,2
4/12/2023,12:00 PM,97,50,29.7,Clear,0,0,0,0,2,7,2
4/12/2023,12:30 PM,99,47,29.7,Clear,0,0,0,0,2,7,2
4/12/2023,1:00 PM,99,42,29.67,Clear,0,0,0,0,2,7,2
4/12/2023,1:30 PM,100,39,29.64,Clear,0,0,0,0,2,6,2
4/12/2023,2:00 PM,99,44,29.64,Clear,0,0,0,0,2,6,1
4/12/2023,2:30 PM,99,44,29.64,Clear,0,0,0,0,2,7,2
4/12/2023,3:00 PM,99,44,29.61,Clear,0,0,0,0,2,7,2
4/12/2023,3:30 PM,99,47,29.61,Clear,1,0,1,0,2,7,1
4/12/2023,4:00 PM,95,53,29.61,Clear,0,0,0,0,2,15,2
4/12/2023,4:30 PM,93,59,29.61,Clear,0,0,0,0,3,15,2
4/12/2023,5:00 PM,93,59,29.61,Clear,0,0,0,0,3,13,2
4/12/2023,5:30 PM,88,66,29.61,Rain,0,0,0,0,2,16,2
4/12/2023,6:00 PM,82,84,29.61,Clear,0,0,0,0,3,15,2
4/12/2023,6:30 PM,81,84,29.64,Clear,0,0,0,0,2,12,2
4/12/2023,7:00 PM,81,89,29.64,Clear,1,1,1,0,3,13,2
4/12/2023,7:30 PM,79,94,29.67,Clear,0,0,0,0,3,14,2
4/12/2023,8:00 PM,79,94,29.67,Clear,0,0,0,0,2,6,2
4/12/2023,8:30 PM,79,94,29.7,Clear,0,0,0,0,1,9,2
4/12/2023,9:00 PM,79,94,29.7,Clear,0,0,0,0,2,9,2
4/12/2023,9:30 PM,79,94,29.7,Clear,0,0,0,0,2,6,2
4/12/2023,10:00 PM,79,94,29.73,Clear,0,0,0,0,2,7,2
4/12/2023,10:30 PM,79,94,29.73,Clear,0,0,0,0,1,9,2
4/12/2023,11:00 PM,79,94,29.73,Clear,0,0,0,0,2,9,2
4/12/2023,11:30 PM,77,94,29.73,Clear,0,0,0,0,2,8,1
04/13/2023,12:00 AM,77,94,29.7,Clear,0,0,0,0,1,4,2
04/13/2023,12:30 AM,77,94,29.7,Clear,0,0,0,0,0,3,2
04/13/2023,1:00 AM,77,94,29.7,Clear,0,0,0,0,0,3,2
04/13/2023,1:30 AM,77,94,29.7,Clear,0,0,0,0,0,4,3
04/13/2023,2:00 AM,77,94,29.7,Clear,1,0,1,0,0,3,2
04/13/2023,2:30 AM,77,100,29.67,Clear,0,0,0,0,0,3,2
04/13/2023,3:00 AM,77,94,29.67,Clear,0,0,0,0,0,3,3
04/13/2023,3:30 AM,77,100,29.67,Clear,0,0,0,0,0,3,2
04/13/2023,4:00 AM,77,100,29.67,Clear,0,0,0,0,1,3,2
04/13/2023,4:30 AM,77,100,29.67,Clear,0,0,0,0,1,3,2
04/13/2023,5:00 AM,77,94,29.7,Clear,0,0,0,0,3,16,2
04/13/2023,5:30 AM,77,94,29.7,Clear,0,0,0,0,2,14,2
04/13/2023,6:00 AM,75,100,29.7,Clear,0,0,0,0,3,13,2
04/13/2023,6:30 AM,75,100,29.7,Clear,0,0,0,0,3,12,2
04/13/2023,7:00 AM,75,100,29.73,Clear,0,0,0,0,3,12,2
04/13/2023,7:30 AM,79,94,29.73,Clear,0,0,0,0,3,13,2
04/13/2023,8:00 AM,81,94,29.73,Clear,0,0,0,0,3,12,1
04/13/2023,8:30 AM,84,89,29.76,Clear,0,0,0,0,2,15,2
04/13/2023,9:00 AM,88,84,29.76,Clear,0,0,0,0,2,6,1
04/13/2023,9:30 AM,90,79,29.76,Clear,0,0,0,0,2,7,1
04/13/2023,10:00 AM,91,75,29.76,Clear,0,0,0,0,2,6,2
04/13/2023,10:30 AM,93,67,29.76,Clear,0,0,0,0,2,7,2
04/13/2023,11:00 AM,95,63,29.73,Clear,0,0,0,0,2,6,1
04/13/2023,11:30 AM,95,59,29.73,Clear,0,0,0,0,2,6,1
04/13/2023,12:00 PM,97,56,29.7,Clear,0,0,0,0,2,6,1
04/13/2023,12:30 PM,99,50,29.7,Clear,0,0,0,0,2,7,2
04/13/2023,1:00 PM,99,47,29.67,Clear,0,0,0,0,2,6,1
04/13/2023,1:30 PM,97,50,29.64,Clear,0,0,0,0,2,7,1
04/13/2023,2:00 PM,99,47,29.64,Clear,0,0,0,0,2,6,2
04/13/2023,2:30 PM,100,44,29.61,Clear,0,0,0,0,2,7,2
04/13/2023,3:00 PM,99,47,29.61,Clear,0,0,0,0,2,7,1
04/13/2023,3:30 PM,97,50,29.58,Clear,0,0,0,0,2,6,2
04/13/2023,4:00 PM,95,56,29.58,Rain,0,0,0,0,2,14,2
04/13/2023,4:30 PM,90,62,29.58,Rain,0,0,0,0,2,14,2
04/13/2023,5:00 PM,79,78,29.61,Clear,0,0,0,0,3,14,3
04/13/2023,5:30 PM,77,89,29.61,Rain,0,0,0,0,2,14,2
04/13/2023,6:00 PM,77,89,29.61,Clear,0,0,0,0,3,16,2
04/13/2023,6:30 PM,79,89,29.64,Clear,0,0,0,0,3,14,2
04/13/2023,7:00 PM,77,94,29.64,Clear,0,0,0,0,3,13,2
04/13/2023,7:30 PM,77,94,29.67,Clear,0,0,0,0,3,12,2
04/13/2023,8:00 PM,77,94,29.67,Clear,0,0,0,0,2,8,2
04/13/2023,8:30 PM,77,94,29.67,Clear,0,0,0,0,2,9,2
04/13/2023,9:00 PM,77,94,29.7,Clear,0,0,0,0,2,7,1
04/13/2023,9:30 PM,77,94,29.7,Clear,0,0,0,0,2,6,2
04/13/2023,10:30 PM,77,94,29.73,Clear,0,0,0,0,1,8,2
04/13/2023,11:00 PM,77,94,29.73,Clear,0,0,0,0,2,9,2
04/13/2023,11:30 PM,77,94,29.73,Clear,0,0,0,0,2,8,2
04/14/2023,12:00 AM,77,94,29.73,Clear,0,0,0,0,0,3,2
04/14/2023,12:30 AM,77,94,29.7,Clear,0,0,0,0,0,3,2
04/14/2023,1:00 AM,75,100,29.7,Clear,0,0,0,0,0,3,2
04/14/2023,1:30 AM,77,94,29.7,Clear,0,0,0,0,0,3,2
04/14/2023,2:00 AM,77,94,29.67,Clear,0,0,0,0,0,3,2
04/14/2023,2:30 AM,75,100,29.67,Clear,0,0,0,0,1,3,2
04/14/2023,3:00 AM,75,100,29.67,Clear,0,0,0,0,0,3,2
04/14/2023,3:30 AM,75,100,29.67,Clear,0,0,0,0,0,3,2
04/14/2023,4:00 AM,75,100,29.67,Clear,0,0,0,0,0,3,2
04/14/2023,4:30 AM,75,100,29.67,Clear,0,0,0,0,0,3,2
04/14/2023,5:00 AM,75,100,29.67,Clear,0,0,0,0,2,13,2
04/14/2023,5:30 AM,75,100,29.67,Clear,0,0,0,0,3,15,1
04/14/2023,6:00 AM,75,94,29.67,Clear,0,0,0,0,3,13,2
04/14/2023,6:30 AM,75,94,29.7,Clear,0,0,0,0,3,12,2
04/14/2023,7:00 AM,75,100,29.7,Clear,0,0,0,0,3,12,1
04/14/2023,7:30 AM,77,100,29.7,Clear,0,0,0,0,3,13,2
04/14/2023,8:00 AM,79,100,29.73,Clear,0,0,0,0,3,13,2
04/14/2023,8:30 AM,82,94,29.73,Clear,0,0,0,0,3,15,2
04/14/2023,9:00 AM,84,89,29.76,Clear,0,0,0,0,2,7,2
04/14/2023,9:30 AM,88,84,29.76,Clear,0,0,0,0,2,6,1
04/14/2023,10:00 AM,90,79,29.76,Clear,0,0,0,0,2,7,2
04/14/2023,10:30 AM,91,75,29.73,Clear,0,0,0,0,2,8,1
04/14/2023,11:00 AM,93,71,29.73,Clear,0,0,0,0,2,6,2
04/14/2023,11:30 AM,95,63,29.7,Clear,0,0,0,0,2,7,2
04/14/2023,12:00 PM,97,60,29.7,Clear,0,0,0,0,2,5,1
04/14/2023,12:30 PM,97,56,29.67,Clear,0,0,0,0,2,8,2
04/14/2023,1:00 PM,97,53,29.67,Clear,0,0,0,0,2,7,2
04/14/2023,1:30 PM,99,50,29.64,Clear,0,0,0,0,2,7,2
04/14/2023,2:00 PM,99,50,29.64,Clear,0,0,0,0,2,7,2
04/14/2023,2:30 PM,100,47,29.61,Clear,0,0,0,0,2,7,2
04/14/2023,3:00 PM,99,47,29.61,Clear,0,0,0,0,1,7,2
04/14/2023,3:30 PM,99,47,29.58,Clear,0,0,0,0,2,6,1
04/14/2023,4:00 PM,95,56,29.58,Clear,0,0,0,0,3,16,2
04/14/2023,4:30 PM,91,63,29.58,Clear,0,0,0,0,3,15,2
04/14/2023,5:00 PM,90,66,29.61,Clear,0,0,0,0,3,13,3
04/14/2023,5:30 PM,86,70,29.61,Clear,0,0,0,0,3,13,3
04/14/2023,6:00 PM,86,70,29.61,Clear,0,0,0,0,2,14,2
04/14/2023,6:30 PM,86,70,29.61,Clear,0,0,0,0,3,14,2
04/14/2023,7:00 PM,84,74,29.61,Clear,0,0,0,0,3,16,2
04/14/2023,7:30 PM,82,79,29.64,Clear,0,0,0,0,3,11,2
04/14/2023,8:00 PM,82,79,29.64,Clear,0,0,0,0,2,7,2
04/14/2023,8:30 PM,82,84,29.67,Clear,0,0,0,0,2,6,2
04/14/2023,9:00 PM,82,84,29.67,Clear,0,0,0,0,2,7,2
04/14/2023,9:30 PM,82,84,29.7,Clear,0,0,0,0,2,8,2
04/14/2023,10:00 PM,81,89,29.7,Clear,0,0,0,0,2,9,2
04/14/2023,10:30 PM,81,89,29.7,Clear,0,0,0,0,2,8,2
04/14/2023,11:00 PM,81,89,29.73,Clear,0,0,0,0,1,8,2
04/14/2023,11:30 PM,79,94,29.7,Clear,0,0,0,0,2,7,2
04/15/2023,12:00 AM,79,94,29.7,Clear,0,0,0,0,0,4,3
04/15/2023,12:30 AM,79,94,29.7,Clear,0,0,0,0,1,3,2
04/15/2023,1:00 AM,79,89,29.67,Clear,0,0,0,0,0,3,2
04/15/2023,1:30 AM,79,94,29.67,Clear,0,0,0,0,1,3,2
04/15/2023,2:00 AM,79,94,29.67,Clear,0,0,0,0,1,3,2
04/15/2023,2:30 AM,77,94,29.67,Clear,0,0,0,0,0,3,3
04/15/2023,3:00 AM,77,94,29.64,Clear,0,0,0,0,0,3,2
04/15/2023,3:30 AM,77,94,29.64,Clear,0,0,0,0,0,3,2
04/15/2023,4:00 AM,75,100,29.64,Clear,0,0,0,0,0,3,2
04/15/2023,4:30 AM,75,100,29.64,Clear,0,0,0,0,0,3,3
04/15/2023,5:00 AM,75,100,29.67,Clear,0,0,0,0,3,14,2
04/15/2023,5:30 AM,75,94,29.67,Clear,0,0,0,0,3,13,1
04/15/2023,6:00 AM,75,94,29.67,Clear,0,0,0,0,3,13,2
04/15/2023,6:30 AM,75,100,29.67,Clear,0,0,0,0,3,14,2
04/15/2023,7:00 AM,77,94,29.7,Clear,0,0,0,0,3,11,2
04/15/2023,7:30 AM,79,94,29.7,Clear,0,0,0,0,3,15,2
04/15/2023,8:00 AM,81,94,29.7,Clear,0,0,0,0,3,13,2
04/15/2023,8:30 AM,84,89,29.73,Clear,0,0,0,0,2,13,2
04/15/2023,9:00 AM,88,84,29.73,Clear,0,0,0,0,2,7,2
04/15/2023,9:30 AM,90,75,29.73,Clear,0,0,0,0,2,7,2
04/15/2023,10:00 AM,91,75,29.73,Clear,0,0,0,0,2,8,2
04/15/2023,10:30 AM,93,71,29.73,Clear,0,0,0,0,2,6,2
04/15/2023,11:00 AM,95,63,29.7,Clear,0,0,0,0,2,6,2
04/15/2023,11:30 AM,95,59,29.7,Clear,0,0,0,0,2,7,2
04/15/2023,12:00 PM,97,53,29.7,Clear,0,0,0,0,2,6,2
04/15/2023,12:30 PM,97,53,29.67,Clear,0,0,0,0,2,6,2
04/15/2023,1:00 PM,97,50,29.64,Clear,0,0,0,0,2,6,2
04/15/2023,1:30 PM,99,47,29.64,Clear,0,0,0,0,2,6,2
04/15/2023,2:00 PM,97,50,29.61,Clear,0,0,0,0,2,8,2
04/15/2023,2:30 PM,97,53,29.61,Clear,0,0,0,0,2,7,2
04/15/2023,3:00 PM,97,53,29.58,Clear,0,0,0,0,2,5,2
04/15/2023,3:30 PM,97,53,29.58,Clear,0,0,0,0,2,5,2
04/15/2023,4:00 PM,95,53,29.58,Clear,0,0,0,0,3,16,2
04/15/2023,4:30 PM,93,56,29.58,Clear,0,0,0,0,3,13,2
04/15/2023,5:00 PM,93,56,29.58,Clear,0,0,0,0,3,11,3
04/15/2023,5:30 PM,91,63,29.58,Clear,0,0,0,0,3,13,3
04/15/2023,6:00 PM,90,66,29.58,Clear,0,0,0,0,3,15,3
04/15/2023,6:30 PM,88,70,29.58,Clear,0,0,0,0,3,14,2
04/15/2023,7:00 PM,88,66,29.61,Clear,0,0,0,0,3,16,2
04/15/2023,7:30 PM,86,74,29.61,Clear,0,0,0,0,3,16,3
04/15/2023,8:00 PM,86,74,29.64,Clear,0,0,0,0,2,8,2
04/15/2023,8:30 PM,82,79,29.64,Clear,0,0,0,0,2,9,1
04/15/2023,9:00 PM,82,79,29.67,Clear,0,0,0,0,2,7,2
04/15/2023,9:30 PM,81,84,29.67,Clear,0,0,0,0,2,8,2
04/15/2023,10:00 PM,82,84,29.7,Clear,0,0,0,0,2,8,2
04/15/2023,10:30 PM,81,84,29.7,Clear,0,0,0,0,1,8,1
04/15/2023,11:00 PM,81,84,29.7,Clear,0,0,0,0,2,8,2
04/15/2023,11:30 PM,79,89,29.7,Clear,0,0,0,0,2,9,2
04/16/2023,12:00 AM,79,89,29.7,Clear,0,0,0,0,0,3,2
04/16/2023,12:30 AM,77,94,29.67,Clear,0,0,0,0,0,3,2
04/16/2023,1:00 AM,79,89,29.67,Clear,0,0,0,0,1,3,2
04/16/2023,1:30 AM,77,94,29.67,Clear,0,0,0,0,0,3,2
04/16/2023,2:00 AM,77,94,29.64,Clear,0,0,0,0,0,3,2
04/16/2023,2:30 AM,77,94,29.64,Clear,0,0,0,0,0,3,2
04/16/2023,3:00 AM,77,94,29.64,Clear,0,0,0,0,0,3,3
04/16/2023,3:30 AM,77,94,29.64,Clear,0,0,0,0,0,3,2
04/16/2023,4:00 AM,75,100,29.64,Clear,0,0,0,0,0,3,2
04/16/2023,4:30 AM,75,100,29.64,Clear,0,0,0,0,0,3,2
04/16/2023,5:00 AM,75,100,29.64,Clear,0,0,0,0,2,15,2
04/16/2023,5:30 AM,75,100,29.64,Clear,0,0,0,0,3,13,2
04/16/2023,6:00 AM,75,94,29.64,Mist,0,0,0,0,3,13,2
04/16/2023,6:30 AM,75,100,29.64,Mist,0,0,0,0,3,15,2
04/16/2023,7:00 AM,75,100,29.67,Mist,0,0,0,0,3,13,2
04/16/2023,7:30 AM,77,100,29.67,Mist,0,0,0,0,3,13,2
04/16/2023,8:00 AM,81,94,29.7,Mist,1,0,1,0,3,13,2
04/16/2023,8:30 AM,82,89,29.73,Clear,0,0,0,0,3,14,2
04/16/2023,9:00 AM,82,89,29.73,Clear,0,0,0,0,2,7,2
04/16/2023,9:30 AM,88,79,29.73,Clear,0,0,0,0,2,7,2
04/16/2023,10:00 AM,88,79,29.76,Clear,0,0,0,0,2,6,2
04/16/2023,10:30 AM,90,75,29.76,Clear,0,0,0,0,2,8,1
04/16/2023,11:00 AM,90,70,29.76,Clear,0,0,0,0,2,7,1
04/16/2023,11:30 AM,90,66,29.76,Clear,0,0,0,0,2,7,2
04/16/2023,12:00 PM,90,66,29.73,Clear,0,0,0,0,2,7,2
04/16/2023,12:30 PM,88,66,29.73,Clear,0,0,0,0,2,6,2
04/16/2023,1:00 PM,88,70,29.7,Clear,0,0,0,0,2,7,2
04/16/2023,1:30 PM,88,70,29.7,Clear,0,0,0,0,2,7,2
04/16/2023,2:00 PM,88,70,29.67,Clear,0,0,0,0,2,7,2
04/16/2023,2:30 PM,88,66,29.64,Clear,0,0,0,0,2,6,2
04/16/2023,3:00 PM,88,66,29.64,Clear,0,0,0,0,2,7,1
04/16/2023,3:30 PM,88,66,29.61,Clear,0,0,0,0,2,7,1
04/16/2023,4:00 PM,88,66,29.61,Clear,0,0,0,0,3,15,2
04/16/2023,4:30 PM,88,66,29.61,Clear,0,0,0,0,3,14,2
04/16/2023,5:00 PM,88,66,29.61,Clear,0,0,0,0,3,12,2
04/16/2023,5:30 PM,88,66,29.58,Clear,0,0,0,0,3,12,2
04/16/2023,6:00 PM,84,79,29.58,Clear,0,0,0,0,3,14,3
04/16/2023,6:30 PM,82,79,29.61,Clear,0,0,0,0,3,13,2
04/16/2023,7:00 PM,81,84,29.61,Clear,0,0,0,0,3,17,2
04/16/2023,7:30 PM,79,89,29.64,Clear,0,0,0,0,3,12,3
04/16/2023,8:00 PM,79,89,29.64,Clear,0,0,0,0,2,8,2
04/16/2023,8:30 PM,79,89,29.64,Clear,0,0,0,0,2,7,2
04/16/2023,9:00 PM,77,94,29.67,Clear,0,0,0,0,1,8,1
04/16/2023,9:30 PM,77,94,29.67,Clear,0,0,0,0,2,9,2
04/16/2023,10:00 PM,77,94,29.7,Clear,0,0,0,0,2,6,2
04/16/2023,10:30 PM,77,94,29.7,Clear,0,0,0,0,2,8,2
04/16/2023,11:00 PM,75,94,29.7,Clear,0,0,0,0,2,8,2
04/16/2023,11:30 PM,75,94,29.73,Clear,0,0,0,0,2,8,2
04/17/2023,12:00 AM,75,94,29.7,Clear,0,0,0,0,0,3,2
04/17/2023,12:30 AM,75,94,29.7,Clear,0,0,0,0,0,3,2
04/17/2023,1:00 AM,75,94,29.7,Clear,0,0,0,0,0,3,2
04/17/2023,1:30 AM,75,94,29.7,Clear,0,0,0,0,1,3,2
04/17/2023,2:00 AM,75,94,29.67,Clear,0,0,0,0,0,3,2
04/17/2023,2:30 AM,73,100,29.67,Clear,0,0,0,0,0,3,3
04/17/2023,3:00 AM,73,100,29.67,Clear,0,0,0,0,0,2,2
04/17/2023,3:30 AM,73,94,29.67,Clear,0,0,0,0,0,3,2
04/17/2023,4:00 AM,73,100,29.67,Clear,0,0,0,0,0,3,2
04/17/2023,4:30 AM,73,94,29.67,Clear,0,0,0,0,0,3,2
04/17/2023,5:00 AM,73,94,29.67,Clear,0,0,0,0,3,16,2
04/17/2023,5:30 AM,73,100,29.7,Clear,0,0,0,0,2,12,2
04/17/2023,6:00 AM,73,100,29.67,Clear,0,0,0,0,3,16,2
04/17/2023,6:30 AM,73,100,29.7,Mist,0,0,0,0,4,14,2
04/17/2023,7:00 AM,75,100,29.7,Mist,0,0,0,0,3,15,2
04/17/2023,7:30 AM,77,94,29.73,Mist,0,0,0,0,2,12,2
04/17/2023,8:00 AM,79,94,29.73,Mist,0,0,0,0,3,12,2
04/17/2023,8:30 AM,81,94,29.76,Clear,0,0,0,0,3,14,1
04/17/2023,9:00 AM,84,89,29.76,Clear,0,0,0,0,2,8,2
04/17/2023,9:30 AM,88,79,29.76,Clear,0,0,0,0,2,7,2
04/17/2023,10:00 AM,90,75,29.76,Clear,0,0,0,0,2,8,2
04/17/2023,10:30 AM,91,66,29.76,Clear,0,0,0,0,2,7,2
04/17/2023,11:00 AM,93,63,29.76,Clear,0,0,0,0,2,6,2
04/17/2023,11:30 AM,93,59,29.73,Clear,0,0,0,0,2,7,1
04/17/2023,12:00 PM,93,59,29.73,Clear,0,0,0,0,2,7,2
04/17/2023,12:30 PM,95,53,29.7,Clear,0,0,0,0,2,7,2
04/17/2023,1:00 PM,93,56,29.7,Clear,0,0,0,0,2,7,2
04/17/2023,1:30 PM,95,53,29.67,Clear,0,0,0,0,2,7,2
04/17/2023,2:00 PM,95,53,29.64,Clear,0,0,0,0,2,8,1
04/17/2023,2:30 PM,95,53,29.64,Clear,0,0,0,0,2,7,1
04/17/2023,3:00 PM,97,47,29.61,Clear,0,0,0,0,2,7,2
04/17/2023,3:30 PM,95,49,29.61,Clear,0,0,0,0,2,7,2
04/17/2023,4:00 PM,95,49,29.61,Clear,0,0,0,0,3,12,2
04/17/2023,4:30 PM,95,49,29.61,Clear,0,0,0,0,3,14,2
04/17/2023,5:00 PM,95,49,29.61,Clear,0,0,0,0,3,13,2
04/17/2023,5:30 PM,93,52,29.61,Clear,1,1,0,1,3,13,2
04/17/2023,6:00 PM,91,59,29.64,Clear,0,0,0,0,3,15,3
04/17/2023,6:30 PM,90,62,29.64,Clear,0,0,0,0,3,14,2
04/17/2023,7:00 PM,88,66,29.64,Clear,0,0,0,0,3,14,2
04/17/2023,7:30 PM,86,70,29.67,Clear,0,0,0,0,2,15,2
04/17/2023,8:00 PM,82,79,29.67,Clear,0,0,0,0,2,7,2
04/17/2023,8:30 PM,84,79,29.7,Clear,0,0,0,0,2,8,2
04/17/2023,9:00 PM,84,79,29.73,Clear,0,0,0,0,2,7,2
04/17/2023,9:30 PM,84,79,29.73,Clear,0,0,0,0,2,8,2
04/17/2023,10:00 PM,82,79,29.73,Clear,0,0,0,0,2,9,2
04/17/2023,10:30 PM,81,84,29.73,Clear,0,0,0,0,2,8,2
04/17/2023,11:00 PM,79,89,29.76,Clear,0,0,0,0,1,7,2
04/17/2023,11:30 PM,79,89,29.73,Clear,0,0,0,0,2,7,2
04/18/2023,12:00 AM,79,89,29.73,Clear,0,0,0,0,1,3,2
04/18/2023,12:30 AM,79,89,29.73,Clear,0,0,0,0,0,3,2
04/18/2023,1:00 AM,77,94,29.7,Clear,0,0,0,0,0,3,2
04/18/2023,1:30 AM,77,94,29.7,Clear,0,0,0,0,0,3,2
04/18/2023,2:00 AM,77,94,29.7,Clear,0,0,0,0,0,3,3
04/18/2023,2:30 AM,77,94,29.7,Clear,0,0,0,0,0,3,2
04/18/2023,3:00 AM,77,94,29.7,Clear,0,0,0,0,0,3,2
04/18/2023,3:30 AM,77,94,29.67,Clear,0,0,0,0,0,3,3
04/18/2023,4:00 AM,77,94,29.67,Clear,0,0,0,0,1,4,2
04/18/2023,4:30 AM,77,94,29.67,Clear,0,0,0,0,1,3,3
04/18/2023,5:00 AM,75,100,29.7,Clear,0,0,0,0,3,13,2
04/18/2023,5:30 AM,75,100,29.7,Clear,0,0,0,0,3,14,2
04/18/2023,6:00 AM,75,94,29.7,Clear,0,0,0,0,3,14,2
04/18/2023,6:30 AM,75,100,29.7,Mist,0,0,0,0,3,13,1
04/18/2023,7:00 AM,77,94,29.73,Mist,0,0,0,0,3,13,1
04/18/2023,7:30 AM,79,94,29.73,Mist,0,0,0,0,3,13,2
04/18/2023,8:00 AM,81,94,29.76,Mist,0,0,0,0,3,13,1
04/18/2023,8:30 AM,84,89,29.76,Clear,0,0,0,0,2,15,2
04/18/2023,9:00 AM,88,84,29.79,Clear,1,0,0,0,2,6,2
04/18/2023,9:30 AM,90,75,29.76,Clear,0,0,0,0,2,6,1
04/18/2023,10:00 AM,90,75,29.76,Clear,0,0,0,0,2,7,2
04/18/2023,10:30 AM,91,71,29.76,Clear,0,0,0,0,2,7,2
04/18/2023,11:00 AM,93,67,29.76,Clear,0,0,0,0,2,8,2
04/18/2023,11:30 AM,95,59,29.76,Clear,0,0,0,0,2,7,1
04/18/2023,12:00 PM,95,56,29.73,Clear,0,0,0,0,2,7,2
04/18/2023,12:30 PM,97,53,29.7,Clear,0,0,0,0,2,8,2
04/18/2023,1:00 PM,97,50,29.7,Clear,0,0,0,0,2,8,2
04/18/2023,1:30 PM,99,47,29.67,Clear,0,0,0,0,2,7,2
04/18/2023,2:00 PM,97,53,29.67,Clear,0,0,0,0,2,6,2
04/18/2023,2:30 PM,91,66,29.64,Rain,0,0,0,0,1,8,2
04/18/2023,3:00 PM,91,59,29.64,Rain,0,0,0,0,1,6,2
04/18/2023,3:30 PM,86,66,29.64,Clear,0,0,0,0,2,8,2
04/18/2023,4:00 PM,84,70,29.64,Clear,0,0,0,0,2,15,3
04/18/2023,4:30 PM,82,79,29.64,Clear,0,0,0,0,3,12,2
04/18/2023,5:00 PM,82,79,29.64,Clear,0,0,0,0,3,15,2
04/18/2023,5:30 PM,82,79,29.64,Clear,0,0,0,0,3,13,3
04/18/2023,6:00 PM,82,79,29.67,Clear,0,0,0,0,3,13,2
04/18/2023,6:30 PM,81,84,29.67,Clear,0,0,0,0,3,15,2
04/18/2023,7:00 PM,81,84,29.67,Clear,0,0,0,0,3,12,2
04/18/2023,7:30 PM,79,89,29.67,Clear,0,0,0,0,3,11,2
04/18/2023,8:00 PM,79,89,29.7,Clear,0,0,0,0,2,7,2
04/18/2023,8:30 PM,79,89,29.7,Clear,0,0,0,0,2,8,2
04/18/2023,9:00 PM,79,89,29.7,Clear,0,0,0,0,2,8,2
04/18/2023,9:30 PM,79,89,29.7,Clear,0,0,0,0,2,7,2
04/18/2023,10:00 PM,77,94,29.73,Clear,0,0,0,0,2,6,1
04/18/2023,10:30 PM,77,94,29.73,Clear,0,0,0,0,2,7,2
04/18/2023,11:00 PM,77,94,29.73,Clear,0,0,0,0,2,7,2
04/18/2023,11:30 PM,77,94,29.73,Clear,0,0,0,0,2,8,2
04/19/2023,12:00 AM,77,94,29.73,Clear,0,0,0,0,0,3,2
04/19/2023,12:30 AM,77,94,29.73,Clear,0,0,0,0,1,3,2
04/19/2023,1:00 AM,77,94,29.7,Clear,0,0,0,0,0,3,3
04/19/2023,1:30 AM,77,94,29.7,Clear,0,0,0,0,0,3,2
04/19/2023,2:00 AM,77,94,29.67,Clear,0,0,0,0,0,3,2
04/19/2023,2:30 AM,75,100,29.67,Clear,0,0,0,0,0,3,2
04/19/2023,3:00 AM,75,100,29.67,Clear,0,0,0,0,0,3,2
04/19/2023,3:30 AM,75,94,29.64,Clear,0,0,0,0,1,3,2
04/19/2023,4:00 AM,75,100,29.64,Clear,0,0,0,0,0,3,2
04/19/2023,4:30 AM,75,100,29.64,Clear,0,0,0,0,1,3,2
04/19/2023,5:00 AM,75,100,29.64,Clear,0,0,0,0,3,14,2
04/19/2023,5:30 AM,75,100,29.64,Mist,0,0,0,0,3,13,2
04/19/2023,6:00 AM,75,94,29.67,Mist,0,0,0,0,3,14,2
04/19/2023,6:30 AM,75,100,29.67,Mist,0,0,0,0,3,14,1
04/19/2023,7:00 AM,77,94,29.67,Mist,0,0,0,0,3,14,2
04/19/2023,7:30 AM,79,94,29.7,Mist,0,0,0,0,2,15,2
04/19/2023,8:00 AM,81,94,29.7,Clear,0,0,0,0,3,14,2
04/19/2023,8:30 AM,84,89,29.7,Clear,0,0,0,0,3,13,2
04/19/2023,9:00 AM,86,84,29.7,Clear,0,0,0,0,2,8,2
04/19/2023,9:30 AM,90,79,29.7,Clear,0,0,0,0,2,6,2
04/19/2023,10:00 AM,91,75,29.7,Clear,0,0,0,0,2,6,2
04/19/2023,10:30 AM,91,75,29.7,Clear,0,0,0,0,2,7,1
04/19/2023,11:00 AM,93,67,29.67,Clear,0,0,0,0,2,8,2
04/19/2023,11:30 AM,97,60,29.67,Clear,0,0,0,0,2,7,1
04/19/2023,12:00 PM,95,59,29.64,Clear,0,0,0,0,2,8,2
04/19/2023,12:30 PM,95,56,29.64,Clear,0,0,0,0,2,8,2
04/19/2023,1:00 PM,93,59,29.61,Clear,0,0,0,0,2,6,1
04/19/2023,1:30 PM,99,50,29.61,Clear,0,0,0,0,2,7,2
04/19/2023,2:00 PM,97,53,29.58,Clear,0,0,0,0,2,6,2
04/19/2023,2:30 PM,97,56,29.55,Clear,0,0,0,0,2,7,1
04/19/2023,3:00 PM,97,53,29.52,Clear,0,0,0,0,2,6,1
04/19/2023,3:30 PM,91,63,29.52,Rain,0,0,0,0,1,8,2
04/19/2023,4:00 PM,90,66,29.58,Clear,0,0,0,0,3,14,2
04/19/2023,4:30 PM,82,74,29.55,Rain,0,0,0,0,2,16,3
04/19/2023,5:00 PM,79,83,29.55,Rain,0,0,0,0,2,15,2
04/19/2023,5:30 PM,79,83,29.55,Clear,0,0,0,0,3,13,3
04/19/2023,6:00 PM,81,84,29.55,Clear,0,0,0,0,3,15,2
04/19/2023,6:30 PM,79,89,29.55,Clear,0,0,0,0,2,16,3
04/19/2023,7:00 PM,79,89,29.58,Clear,0,0,0,0,3,13,2
04/19/2023,7:30 PM,79,89,29.58,Clear,0,0,0,0,3,11,2
04/19/2023,8:00 PM,79,89,29.61,Clear,0,0,0,0,2,8,2
04/19/2023,8:30 PM,77,89,29.61,Clear,0,0,0,0,2,9,2
04/19/2023,9:00 PM,79,83,29.64,Clear,0,0,0,0,2,8,1
04/19/2023,9:30 PM,79,83,29.64,Clear,0,0,0,0,2,8,2
04/19/2023,10:00 PM,77,94,29.67,Clear,0,0,0,0,2,9,2
04/19/2023,10:30 PM,79,89,29.67,Clear,0,0,0,0,2,9,2
04/19/2023,11:00 PM,79,89,29.67,Clear,0,0,0,0,1,7,2
04/19/2023,11:30 PM,79,89,29.67,Clear,0,0,0,0,2,7,2
04/20/2023,12:00 AM,79,89,29.64,Clear,0,0,0,0,1,3,2
04/20/2023,12:30 AM,77,94,29.64,Clear,0,0,0,0,0,3,2
04/20/2023,1:00 AM,77,94,29.61,Clear,0,0,0,0,1,3,2
04/20/2023,1:30 AM,77,94,29.61,Clear,0,0,0,0,1,3,2
04/20/2023,2:00 AM,77,94,29.61,Clear,0,0,0,0,1,4,2
04/20/2023,2:30 AM,77,94,29.58,Clear,0,0,0,0,0,3,2
04/20/2023,3:00 AM,75,94,29.58,Clear,0,0,0,0,0,3,2
04/20/2023,3:30 AM,75,94,29.58,Clear,0,0,0,0,1,3,2
04/20/2023,4:00 AM,75,94,29.58,Clear,0,0,0,0,0,3,2
04/20/2023,4:30 AM,75,94,29.58,Clear,0,0,0,0,0,3,2
04/20/2023,5:00 AM,75,94,29.58,Clear,0,0,0,0,3,15,1
04/20/2023,5:30 AM,75,94,29.61,Clear,0,0,0,0,3,13,2
04/20/2023,6:00 AM,75,94,29.61,Clear,0,0,0,0,3,16,2
04/20/2023,6:30 AM,75,94,29.61,Clear,0,0,0,0,3,12,2
04/20/2023,7:00 AM,77,94,29.61,Clear,0,0,0,0,2,13,2
04/20/2023,7:30 AM,79,94,29.64,Clear,0,0,0,0,3,13,2
04/20/2023,8:00 AM,82,89,29.64,Clear,0,0,0,0,3,13,2
04/20/2023,8:30 AM,84,89,29.64,Clear,0,0,0,0,3,15,2
04/20/2023,9:00 AM,86,84,29.67,Clear,0,0,0,0,2,8,2
04/20/2023,9:30 AM,88,79,29.67,Clear,0,0,0,0,2,8,2
04/20/2023,10:00 AM,90,75,29.67,Clear,0,0,0,0,2,7,2
04/20/2023,10:30 AM,91,66,29.67,Clear,0,0,0,0,2,6,2
04/20/2023,11:00 AM,93,63,29.67,Clear,0,0,0,0,2,6,2
04/20/2023,11:30 AM,95,56,29.64,Clear,0,0,0,0,2,6,2
04/20/2023,12:00 PM,95,53,29.64,Clear,0,0,0,0,2,6,1
04/20/2023,12:30 PM,97,50,29.64,Clear,0,0,0,0,2,7,2
04/20/2023,1:00 PM,95,49,29.61,Clear,0,0,0,0,2,7,1
04/20/2023,1:30 PM,95,56,29.61,Clear,0,0,0,0,2,7,2
04/20/2023,2:00 PM,95,56,29.58,Clear,0,0,0,0,2,6,2
04/20/2023,2:30 PM,95,53,29.58,Clear,0,0,0,0,2,7,2
04/20/2023,3:00 PM,93,56,29.58,Clear,0,0,0,0,2,7,1
04/20/2023,3:30 PM,93,56,29.55,Clear,0,0,0,0,2,6,2
04/20/2023,4:00 PM,91,55,29.55,Clear,0,0,0,0,2,14,2
04/20/2023,4:30 PM,93,49,29.52,Clear,0,0,0,0,3,13,2
04/20/2023,5:00 PM,91,52,29.52,Clear,0,0,0,0,3,16,2
04/20/2023,5:30 PM,90,62,29.55,Clear,0,0,0,0,3,12,3
04/20/2023,6:00 PM,90,55,29.55,Clear,0,0,0,0,3,15,2
04/20/2023,6:30 PM,86,58,29.55,Clear,0,0,0,0,3,13,2
04/20/2023,7:00 PM,84,70,29.55,Clear,0,0,0,0,3,11,2
04/20/2023,7:30 PM,82,79,29.58,Clear,0,0,0,0,3,12,2
04/20/2023,8:00 PM,82,79,29.58,Clear,0,0,0,0,2,7,2
04/20/2023,8:30 PM,81,89,29.58,Clear,0,0,0,0,2,8,2
04/20/2023,9:00 PM,81,89,29.61,Clear,0,0,0,0,1,9,2
04/20/2023,9:30 PM,81,89,29.61,Clear,0,0,0,0,2,8,2
04/20/2023,10:00 PM,81,89,29.61,Clear,0,0,0,0,2,9,1
04/20/2023,10:30 PM,81,89,29.61,Clear,0,0,0,0,2,8,1
04/20/2023,11:00 PM,79,94,29.64,Clear,0,0,0,0,2,9,2
04/20/2023,11:30 PM,79,94,29.61,Clear,0,0,0,0,1,8,2
04/21/2023,12:00 AM,79,94,29.64,Clear,0,0,0,0,1,3,2
04/21/2023,12:30 AM,79,94,29.61,Clear,0,0,0,0,0,3,2
04/21/2023,1:00 AM,79,89,29.61,Clear,0,0,0,0,0,3,2
04/21/2023,1:30 AM,79,94,29.61,Clear,0,0,0,0,0,3,2
04/21/2023,2:00 AM,79,94,29.58,Clear,0,0,0,0,0,3,2
04/21/2023,2:30 AM,79,94,29.58,Clear,0,0,0,0,0,3,3
04/21/2023,3:00 AM,79,94,29.58,Clear,0,0,0,0,0,3,2
04/21/2023,3:30 AM,79,94,29.58,Clear,0,0,0,0,0,3,2
04/21/2023,4:00 AM,79,94,29.58,Clear,0,0,0,0,0,3,2
04/21/2023,4:30 AM,79,94,29.58,Clear,0,0,0,0,0,3,3
04/21/2023,5:00 AM,79,94,29.58,Clear,0,0,0,0,3,13,2
04/21/2023,5:30 AM,79,94,29.61,Clear,0,0,0,0,3,13,1
04/21/2023,6:00 AM,79,94,29.61,Clear,0,0,0,0,3,14,2
04/21/2023,6:30 AM,79,94,29.61,Clear,0,0,0,0,3,13,2
04/21/2023,7:00 AM,79,94,29.64,Clear,0,0,0,0,3,13,2
04/21/2023,7:30 AM,81,94,29.64,Clear,0,0,0,0,3,14,2
04/21/2023,8:00 AM,82,89,29.67,Clear,0,0,0,0,3,14,1
04/21/2023,8:30 AM,86,84,29.67,Clear,0,0,0,0,3,14,2
04/21/2023,9:00 AM,88,79,29.7,Clear,0,0,0,0,2,7,2
04/21/2023,9:30 AM,90,75,29.7,Clear,0,0,0,0,2,8,2
04/21/2023,10:00 AM,91,75,29.7,Clear,0,0,0,0,2,7,1
04/21/2023,10:30 AM,93,67,29.7,Clear,0,0,0,0,2,7,2
04/21/2023,11:00 AM,95,63,29.67,Clear,0,0,0,0,2,6,2
04/21/2023,11:30 AM,97,56,29.67,Clear,0,0,0,0,2,6,2
04/21/2023,12:00 PM,97,53,29.64,Clear,0,0,0,0,2,7,2
04/21/2023,12:30 PM,99,50,29.64,Clear,0,0,0,0,2,6,1
04/21/2023,1:00 PM,95,53,29.61,Clear,0,0,0,0,2,7,2
04/21/2023,1:30 PM,97,50,29.58,Clear,0,0,0,0,2,6,2
04/21/2023,2:00 PM,100,44,29.58,Clear,0,0,0,0,2,7,2
04/21/2023,2:30 PM,99,47,29.55,Clear,0,0,0,0,2,7,2
04/21/2023,3:00 PM,97,47,29.55,Clear,0,0,0,0,2,7,2
04/21/2023,3:30 PM,100,44,29.52,Clear,0,0,0,0,2,5,2
04/21/2023,4:00 PM,95,56,29.52,Clear,0,0,0,0,3,11,2
04/21/2023,4:30 PM,90,62,29.52,Rain,0,0,0,0,2,17,2
04/21/2023,5:00 PM,84,79,29.52,Clear,0,0,0,0,3,13,2
04/21/2023,5:30 PM,88,75,29.52,Clear,0,0,0,0,3,15,3
04/21/2023,6:00 PM,86,74,29.52,Clear,0,0,0,0,3,13,2
04/21/2023,6:30 PM,84,79,29.52,Clear,0,0,0,0,3,14,2
04/21/2023,7:00 PM,82,84,29.55,Clear,0,0,0,0,3,13,2
04/21/2023,7:30 PM,82,84,29.58,Clear,0,0,0,0,3,14,3
04/21/2023,8:00 PM,82,84,29.58,Clear,0,0,0,0,2,8,2
04/21/2023,8:30 PM,82,84,29.58,Clear,0,0,0,0,2,8,2
04/21/2023,9:00 PM,82,84,29.61,Clear,0,0,0,0,2,8,2
04/21/2023,9:30 PM,82,84,29.64,Clear,0,0,0,0,2,8,2
04/21/2023,10:00 PM,82,89,29.64,Clear,0,0,0,0,2,6,2
04/21/2023,10:30 PM,82,89,29.64,Clear,0,0,0,0,2,8,2
04/21/2023,11:00 PM,82,89,29.64,Clear,0,0,0,0,2,8,2
04/21/2023,11:30 PM,81,94,29.64,Clear,0,0,0,0,1,7,2
04/22/2023,12:00 AM,81,94,29.64,Clear,0,0,0,0,1,3,3
04/22/2023,12:30 AM,81,94,29.61,Clear,0,0,0,0,0,3,2
04/22/2023,1:00 AM,79,94,29.61,Clear,0,0,0,0,0,3,2
04/22/2023,1:30 AM,79,94,29.61,Clear,0,0,0,0,1,3,3
04/22/2023,2:00 AM,79,94,29.58,Clear,0,0,0,0,0,2,2
04/22/2023,2:30 AM,79,94,29.58,Clear,0,0,0,0,0,3,3
04/22/2023,3:00 AM,77,100,29.58,Clear,0,0,0,0,0,3,2
04/22/2023,3:30 AM,77,100,29.58,Clear,0,0,0,0,0,3,2
04/22/2023,4:00 AM,77,94,29.58,Clear,0,0,0,0,0,3,2
04/22/2023,4:30 AM,77,94,29.58,Clear,0,0,0,0,1,3,2
04/22/2023,5:00 AM,77,100,29.58,Clear,0,0,0,0,3,14,2
04/22/2023,5:30 AM,77,94,29.61,Clear,0,0,0,0,3,14,2
04/22/2023,6:00 AM,77,94,29.61,Clear,0,0,0,0,3,12,2
04/22/2023,6:30 AM,77,94,29.64,Clear,0,0,0,0,3,15,2
04/22/2023,7:00 AM,79,94,29.64,Clear,0,0,0,0,3,12,2
04/22/2023,7:30 AM,81,94,29.64,Clear,0,0,0,0,3,13,2
04/22/2023,8:00 AM,82,94,29.67,Clear,0,0,0,0,3,14,1
04/22/2023,8:30 AM,86,89,29.67,Clear,0,0,0,0,2,13,2
04/22/2023,9:00 AM,88,79,29.67,Clear,0,0,0,0,2,7,2
04/22/2023,9:30 AM,91,79,29.67,Clear,0,0,0,0,2,6,2
04/22/2023,10:00 AM,91,75,29.67,Clear,0,0,0,0,2,6,1
04/22/2023,10:30 AM,95,63,29.67,Clear,0,0,0,0,2,7,2
04/22/2023,11:00 AM,95,59,29.64,Clear,0,0,0,0,2,8,2
04/22/2023,11:30 AM,93,59,29.64,Rain,0,0,0,0,2,7,2
04/22/2023,12:00 PM,93,56,29.64,Rain,0,0,0,0,1,8,2
04/22/2023,12:30 PM,93,59,29.64,Rain,0,0,0,0,1,7,2
04/22/2023,1:00 PM,84,70,29.64,Clear,0,0,0,0,2,7,2
04/22/2023,1:30 PM,79,78,29.64,Clear,0,0,0,0,2,7,2
04/22/2023,2:00 PM,77,83,29.61,Rain,0,0,0,0,1,8,2
04/22/2023,2:30 PM,77,89,29.61,Rain,0,0,0,0,1,8,2
04/22/2023,3:00 PM,77,89,29.58,Rain,0,0,0,0,1,7,2
04/22/2023,3:30 PM,77,89,29.58,Rain,0,0,0,0,1,7,2
04/22/2023,4:00 PM,77,89,29.58,Rain,0,0,0,0,2,15,2
04/22/2023,4:30 PM,79,89,29.58,Rain,0,0,0,0,2,16,2
04/22/2023,5:00 PM,77,94,29.58,Clear,0,0,0,0,3,17,2
04/22/2023,5:30 PM,77,94,29.55,Clear,0,0,0,0,4,14,2
04/22/2023,6:00 PM,77,94,29.55,Clear,0,0,0,0,3,16,2
04/22/2023,6:30 PM,77,94,29.58,Clear,0,0,0,0,2,16,2
04/22/2023,7:00 PM,77,94,29.58,Clear,0,0,0,0,2,13,2
04/22/2023,7:30 PM,77,94,29.58,Clear,0,0,0,0,3,13,2
04/22/2023,8:00 PM,77,94,29.61,Clear,0,0,0,0,2,9,2
04/22/2023,8:30 PM,77,94,29.64,Clear,0,0,0,0,2,7,1
04/22/2023,9:00 PM,75,100,29.64,Clear,0,0,0,0,2,9,2
04/22/2023,9:30 PM,77,94,29.64,Clear,0,0,0,0,2,8,2
04/22/2023,10:00 PM,75,100,29.67,Clear,0,0,0,0,2,8,2
04/22/2023,10:30 PM,77,94,29.67,Clear,0,0,0,0,2,8,2
04/22/2023,11:00 PM,75,100,29.64,Clear,0,0,0,0,2,7,2
04/22/2023,11:30 PM,75,100,29.67,Clear,0,0,0,0,2,9,2
04/23/2023,12:00 AM,75,94,29.67,Clear,0,0,0,0,0,3,3
04/23/2023,12:30 AM,75,94,29.67,Clear,0,0,0,0,0,2,2
04/23/2023,1:00 AM,75,100,29.64,Clear,0,0,0,0,0,3,2
04/23/2023,1:30 AM,75,94,29.64,Clear,0,0,0,0,1,3,2
04/23/2023,2:00 AM,75,94,29.61,Clear,0,0,0,0,0,3,2
04/23/2023,2:30 AM,75,94,29.61,Clear,0,0,0,0,0,3,2
04/23/2023,3:00 AM,73,100,29.61,Clear,0,0,0,0,0,3,2
04/23/2023,3:30 AM,73,100,29.61,Clear,0,0,0,0,0,3,2
04/23/2023,4:00 AM,73,100,29.61,Clear,0,0,0,0,0,3,2
04/23/2023,4:30 AM,73,100,29.61,Clear,0,0,0,0,0,4,2
04/23/2023,5:00 AM,73,100,29.64,Mist,0,0,0,0,3,11,2
04/23/2023,5:30 AM,73,100,29.64,Clear,0,0,0,0,3,10,2
04/23/2023,6:00 AM,73,100,29.64,Clear,0,0,0,0,3,15,1
04/23/2023,6:30 AM,73,100,29.67,Clear,0,0,0,0,3,14,2
04/23/2023,7:00 AM,75,100,29.67,Clear,0,0,0,0,3,16,2
04/23/2023,7:30 AM,77,100,29.7,Clear,0,0,0,0,2,15,2
04/23/2023,8:00 AM,79,94,29.7,Clear,0,0,0,0,3,15,2
04/23/2023,8:30 AM,81,94,29.7,Clear,0,0,0,0,3,14,2
04/23/2023,9:00 AM,86,84,29.73,Clear,0,0,0,0,2,6,1
04/23/2023,9:30 AM,88,84,29.7,Clear,0,0,0,0,2,6,1
04/23/2023,10:00 AM,90,79,29.73,Clear,0,0,0,0,2,7,2
04/23/2023,10:30 AM,91,75,29.7,Clear,0,0,0,0,2,7,1
04/23/2023,11:00 AM,93,71,29.7,Clear,0,0,0,0,2,7,1
04/23/2023,11:30 AM,93,67,29.7,Clear,0,0,0,0,2,8,2
04/23/2023,12:00 PM,93,63,29.7,Clear,0,0,0,0,2,7,1
04/23/2023,12:30 PM,93,59,29.67,Clear,0,0,0,0,2,8,2
04/23/2023,1:00 PM,95,56,29.64,Clear,0,0,0,0,2,6,2
04/23/2023,1:30 PM,93,59,29.64,Rain,0,0,0,0,2,7,1
04/23/2023,2:00 PM,81,79,29.61,Rain,0,0,0,0,1,8,1
04/23/2023,2:30 PM,84,84,29.61,Rain,0,0,0,0,2,8,1
04/23/2023,3:00 PM,84,84,29.61,Rain,0,0,0,0,1,7,2
04/23/2023,3:30 PM,84,89,29.61,Clear,0,0,0,0,2,7,2
04/23/2023,4:00 PM,84,84,29.64,Rain,0,0,0,0,2,13,2
04/23/2023,4:30 PM,77,89,29.64,Rain,0,0,0,0,2,16,2
04/23/2023,5:00 PM,75,94,29.61,Rain,0,0,0,0,2,17,3
04/23/2023,5:30 PM,75,89,29.61,Clear,0,0,0,0,3,14,2
04/23/2023,6:00 PM,75,94,29.64,Clear,0,0,0,0,3,14,2
04/23/2023,6:30 PM,75,94,29.64,Rain,0,0,0,0,2,15,2
04/23/2023,7:00 PM,75,94,29.64,Clear,0,0,0,0,3,13,2
04/23/2023,7:30 PM,75,94,29.64,Clear,0,0,0,0,3,16,2
04/23/2023,8:00 PM,75,94,29.64,Clear,0,0,0,0,2,8,2
04/23/2023,8:30 PM,75,94,29.67,Clear,0,0,0,0,2,8,2
04/23/2023,9:00 PM,75,94,29.67,Clear,0,0,0,0,1,8,2
04/23/2023,9:30 PM,75,94,29.7,Clear,0,0,0,0,1,8,2
04/23/2023,10:00 PM,75,94,29.7,Clear,0,0,0,0,1,7,2
04/23/2023,10:30 PM,75,94,29.7,Clear,0,0,0,0,2,7,2
04/23/2023,11:00 PM,75,94,29.7,Clear,0,0,0,0,2,9,2
04/23/2023,11:30 PM,75,94,29.7,Clear,0,0,0,0,2,7,2
04/24/2023,12:00 AM,75,94,29.7,Clear,0,0,0,0,0,3,2
04/24/2023,12:30 AM,75,94,29.7,Clear,0,0,0,0,0,3,2
04/24/2023,1:00 AM,75,94,29.67,Clear,0,0,0,0,0,3,2
04/24/2023,1:30 AM,73,100,29.67,Clear,0,0,0,0,0,3,2
04/24/2023,2:00 AM,73,100,29.64,Clear,0,0,0,0,0,3,2
04/24/2023,2:30 AM,73,100,29.64,Clear,0,0,0,0,0,3,2
04/24/2023,3:00 AM,73,100,29.64,Clear,0,0,0,0,0,3,2
04/24/2023,3:30 AM,73,100,29.64,Clear,0,0,0,0,1,4,2
04/24/2023,4:00 AM,73,100,29.64,Clear,0,0,0,0,0,3,2
04/24/2023,4:30 AM,73,100,29.64,Clear,0,0,0,0,0,3,3
04/24/2023,5:00 AM,73,100,29.67,Clear,0,0,0,0,2,15,2
04/24/2023,5:30 AM,73,100,29.67,Clear,0,0,0,0,3,14,1
04/24/2023,6:00 AM,73,94,29.7,Clear,0,0,0,0,3,14,2
04/24/2023,6:30 AM,73,100,29.7,Clear,0,0,0,0,3,13,2
04/24/2023,7:00 AM,73,100,29.73,Clear,0,0,0,0,3,14,2
04/24/2023,7:30 AM,75,100,29.73,Clear,0,0,0,0,3,13,2
04/24/2023,8:00 AM,77,100,29.76,Clear,0,0,0,0,3,15,2
04/24/2023,8:30 AM,81,94,29.76,Clear,0,0,0,0,3,13,2
04/24/2023,9:00 AM,86,84,29.76,Clear,0,0,0,0,2,7,1
04/24/2023,9:30 AM,90,79,29.76,Clear,0,0,0,0,2,7,1
04/24/2023,10:00 AM,90,79,29.76,Clear,0,0,0,0,2,7,2
04/24/2023,10:30 AM,91,71,29.76,Clear,0,0,0,0,2,7,2
04/24/2023,11:00 AM,93,67,29.73,Clear,0,0,0,0,2,7,2
04/24/2023,11:30 AM,93,63,29.73,Clear,0,0,0,0,2,7,2
04/24/2023,12:00 PM,93,59,29.73,Clear,0,0,0,0,2,7,1
04/24/2023,12:30 PM,91,66,29.7,Clear,0,0,0,0,2,9,2
04/24/2023,1:00 PM,93,59,29.7,Clear,0,0,0,0,2,8,1
04/24/2023,1:30 PM,93,56,29.67,Clear,0,0,0,0,2,8,2
04/24/2023,2:00 PM,95,56,29.67,Clear,0,0,0,0,2,6,2
04/24/2023,2:30 PM,95,53,29.64,Clear,0,0,0,0,2,7,2
04/24/2023,3:00 PM,95,49,29.64,Clear,0,0,0,0,2,7,2
04/24/2023,3:30 PM,95,53,29.64,Clear,0,0,0,0,2,7,2
04/24/2023,4:00 PM,93,56,29.64,Clear,0,0,0,0,3,14,2
04/24/2023,4:30 PM,91,55,29.64,Clear,0,0,0,0,3,15,2
04/24/2023,5:00 PM,90,62,29.64,Clear,0,0,0,0,2,12,2
04/24/2023,5:30 PM,88,66,29.64,Clear,0,0,0,0,3,17,2
04/24/2023,6:00 PM,88,66,29.64,Clear,0,0,0,0,3,14,2
04/24/2023,6:30 PM,86,74,29.67,Clear,0,0,0,0,3,15,2
04/24/2023,7:00 PM,86,74,29.67,Clear,0,0,0,0,3,14,3
04/24/2023,7:30 PM,84,79,29.7,Clear,0,0,0,0,3,14,2
04/24/2023,8:00 PM,84,79,29.7,Clear,0,0,0,0,2,8,2
04/24/2023,8:30 PM,84,79,29.7,Clear,0,0,0,0,2,9,2
04/24/2023,9:00 PM,84,79,29.7,Clear,0,0,0,0,2,8,2
04/24/2023,9:30 PM,82,84,29.7,Clear,0,0,0,0,2,8,2
04/24/2023,10:00 PM,82,84,29.7,Clear,0,0,0,0,2,9,2
04/24/2023,10:30 PM,81,89,29.7,Clear,0,0,0,0,2,7,2
04/24/2023,11:00 PM,81,89,29.7,Clear,0,0,0,0,2,7,2
04/24/2023,11:30 PM,81,89,29.7,Clear,0,0,0,0,2,7,2
04/25/2023,12:00 AM,79,94,29.7,Clear,0,0,0,0,0,3,2
04/25/2023,12:30 AM,79,94,29.7,Clear,0,0,0,0,0,3,2
04/25/2023,1:00 AM,79,94,29.67,Clear,0,0,0,0,1,3,2
04/25/2023,1:30 AM,79,94,29.67,Clear,0,0,0,0,0,3,2
04/25/2023,2:00 AM,77,94,29.67,Clear,0,0,0,0,0,3,2
04/25/2023,2:30 AM,77,94,29.64,Clear,0,0,0,0,0,3,2
04/25/2023,3:00 AM,77,94,29.64,Clear,0,0,0,0,0,4,3
04/25/2023,3:30 AM,77,94,29.64,Clear,0,0,0,0,1,3,2
04/25/2023,4:00 AM,75,100,29.64,Clear,0,0,0,0,0,3,2
04/25/2023,4:30 AM,75,100,29.64,Clear,0,0,0,0,0,3,2
04/25/2023,5:00 AM,75,100,29.64,Clear,0,0,0,0,3,13,1
04/25/2023,5:30 AM,75,100,29.67,Clear,0,0,0,0,2,13,2
04/25/2023,6:00 AM,75,100,29.64,Clear,0,0,0,0,3,12,2
04/25/2023,6:30 AM,75,100,29.67,Clear,0,0,0,0,3,13,2
04/25/2023,7:00 AM,77,100,29.67,Clear,0,0,0,0,3,14,2
04/25/2023,7:30 AM,81,94,29.67,Clear,0,0,0,0,2,15,2
04/25/2023,8:00 AM,82,94,29.7,Clear,0,0,0,0,3,14,2
04/25/2023,8:30 AM,86,84,29.7,Clear,0,0,0,0,3,14,2
04/25/2023,9:00 AM,88,84,29.7,Clear,0,0,0,0,2,5,2
04/25/2023,9:30 AM,90,75,29.7,Clear,0,0,0,0,2,7,2
04/25/2023,10:00 AM,90,75,29.7,Clear,0,0,0,0,2,7,2
04/25/2023,10:30 AM,91,71,29.7,Clear,0,0,0,0,2,7,1
04/25/2023,11:00 AM,91,66,29.7,Clear,0,0,0,0,2,6,1
04/25/2023,11:30 AM,91,63,29.7,Clear,0,0,0,0,2,6,2
04/25/2023,12:00 PM,93,59,29.7,Clear,0,0,0,0,2,6,2
04/25/2023,12:30 PM,95,53,29.67,Clear,0,0,0,0,2,7,2
04/25/2023,1:00 PM,95,49,29.67,Clear,0,0,0,0,2,8,2
04/25/2023,1:30 PM,97,47,29.64,Clear,0,0,0,0,2,6,2
04/25/2023,2:00 PM,97,50,29.64,Clear,0,0,0,0,2,7,2
04/25/2023,2:30 PM,97,47,29.61,Clear,0,0,0,0,2,6,2
04/25/2023,3:00 PM,95,49,29.61,Clear,0,0,0,0,2,7,2
04/25/2023,3:30 PM,93,52,29.61,Clear,0,0,0,0,2,6,2
04/25/2023,4:00 PM,93,52,29.61,Clear,0,0,0,0,3,11,2
04/25/2023,4:30 PM,93,56,29.58,Clear,0,0,0,0,3,13,3
04/25/2023,5:00 PM,91,59,29.61,Clear,0,0,0,0,2,13,2
04/25/2023,5:30 PM,90,62,29.61,Clear,0,0,0,0,2,13,2
04/25/2023,6:00 PM,90,62,29.61,Clear,0,0,0,0,3,12,2
04/25/2023,6:30 PM,88,66,29.61,Clear,0,0,0,0,3,14,2
04/25/2023,7:00 PM,86,66,29.61,Clear,0,0,0,0,3,14,2
04/25/2023,7:30 PM,86,70,29.61,Clear,0,0,0,0,3,13,2
04/25/2023,8:00 PM,82,79,29.64,Clear,0,0,0,0,2,8,1
04/25/2023,8:30 PM,81,79,29.67,Clear,0,0,0,0,2,8,1
04/25/2023,9:00 PM,79,89,29.67,Clear,0,0,0,0,1,9,2
04/25/2023,9:30 PM,79,89,29.67,Clear,0,0,0,0,2,9,2
04/25/2023,10:00 PM,77,94,29.7,Clear,0,0,0,0,2,9,1
04/25/2023,10:30 PM,77,94,29.7,Clear,0,0,0,0,2,7,2
04/25/2023,11:00 PM,77,94,29.7,Clear,0,0,0,0,2,8,2
04/25/2023,11:30 PM,77,94,29.7,Clear,0,0,0,0,1,8,2
04/26/2023,12:00 AM,77,94,29.67,Clear,0,0,0,0,0,3,3
04/26/2023,12:30 AM,77,94,29.67,Clear,0,0,0,0,0,3,2
04/26/2023,1:00 AM,77,94,29.67,Clear,0,0,0,0,0,3,2
04/26/2023,1:30 AM,75,94,29.67,Clear,0,0,0,0,0,3,2
04/26/2023,2:00 AM,75,100,29.67,Clear,0,0,0,0,0,3,2
04/26/2023,2:30 AM,75,94,29.64,Clear,0,0,0,0,0,3,2
04/26/2023,3:00 AM,75,100,29.64,Clear,0,0,0,0,0,3,2
04/26/2023,3:30 AM,75,100,29.64,Clear,0,0,0,0,0,3,2
04/26/2023,4:00 AM,75,94,29.61,Clear,0,0,0,0,0,3,2
04/26/2023,4:30 AM,75,94,29.61,Clear,0,0,0,0,0,3,2
04/26/2023,5:00 AM,75,100,29.64,Clear,0,0,0,0,3,15,1
04/26/2023,5:30 AM,75,100,29.64,Clear,0,0,0,0,3,13,2
04/26/2023,6:00 AM,75,100,29.67,Clear,0,0,0,0,2,13,2
04/26/2023,6:30 AM,75,94,29.67,Clear,0,0,0,0,3,16,2
04/26/2023,7:00 AM,77,94,29.67,Clear,0,0,0,0,3,13,2
04/26/2023,7:30 AM,79,94,29.7,Clear,0,0,0,0,3,13,2
04/26/2023,8:00 AM,84,89,29.7,Clear,0,0,0,0,3,13,2
04/26/2023,8:30 AM,86,84,29.7,Clear,0,0,0,0,3,15,2
04/26/2023,9:00 AM,86,84,29.73,Clear,0,0,0,0,2,7,1
04/26/2023,9:30 AM,90,79,29.7,Clear,0,0,0,0,2,8,2
04/26/2023,10:00 AM,90,75,29.7,Clear,0,0,0,0,1,7,2
04/26/2023,10:30 AM,90,75,29.7,Clear,0,0,0,0,2,7,2
04/26/2023,11:00 AM,90,70,29.67,Clear,0,0,0,0,2,6,2
04/26/2023,11:30 AM,93,63,29.67,Clear,0,0,0,0,2,6,2
04/26/2023,12:00 PM,93,59,29.67,Clear,0,0,0,0,2,8,2
04/26/2023,12:30 PM,93,59,29.64,Clear,0,0,0,0,2,8,2
04/26/2023,1:00 PM,93,56,29.64,Clear,0,0,0,0,2,7,2
04/26/2023,1:30 PM,95,56,29.61,Clear,0,0,0,0,2,7,2
04/26/2023,2:00 PM,95,53,29.61,Clear,0,0,0,0,2,7,2
04/26/2023,2:30 PM,95,53,29.58,Clear,0,0,0,0,2,7,1
04/26/2023,3:00 PM,95,53,29.58,Clear,0,0,0,0,2,6,2
04/26/2023,3:30 PM,95,53,29.58,Clear,0,0,0,0,2,7,2
04/26/2023,4:00 PM,91,59,29.58,Clear,0,0,0,0,3,14,2
04/26/2023,4:30 PM,93,56,29.55,Clear,0,0,0,0,3,12,2
04/26/2023,5:00 PM,91,59,29.55,Clear,0,0,0,0,3,12,2
04/26/2023,5:30 PM,91,55,29.58,Clear,0,0,0,0,3,14,2
04/26/2023,6:00 PM,90,59,29.58,Clear,0,0,0,0,3,13,2
04/26/2023,6:30 PM,88,66,29.58,Clear,0,0,0,0,3,16,2
04/26/2023,7:00 PM,86,70,29.61,Clear,0,0,0,0,3,14,2
04/26/2023,7:30 PM,86,70,29.61,Clear,0,0,0,0,2,12,2
04/26/2023,8:00 PM,84,79,29.64,Clear,0,0,0,0,2,7,2
04/26/2023,8:30 PM,84,79,29.64,Clear,0,0,0,0,2,7,2
04/26/2023,9:00 PM,82,84,29.67,Clear,0,0,0,0,2,7,1
04/26/2023,9:30 PM,82,84,29.67,Clear,0,0,0,0,2,8,2
04/26/2023,10:00 PM,82,84,29.7,Clear,0,0,0,0,2,7,2
04/26/2023,10:30 PM,82,84,29.7,Clear,0,0,0,0,2,7,2
04/26/2023,11:00 PM,82,84,29.7,Clear,0,0,0,0,2,6,2
04/26/2023,11:30 PM,81,89,29.7,Clear,0,0,0,0,2,8,2
04/27/2023,12:00 AM,79,89,29.7,Clear,0,0,0,0,0,3,2
04/27/2023,12:30 AM,79,89,29.7,Rain,0,0,0,0,0,3,2
04/27/2023,1:00 AM,79,89,29.67,Rain,0,0,0,0,0,4,2
04/27/2023,1:30 AM,77,94,29.67,Clear,0,0,0,0,0,3,2
04/27/2023,2:00 AM,77,94,29.64,Clear,0,0,0,0,0,4,2
04/27/2023,2:30 AM,77,94,29.64,Clear,0,0,0,0,0,3,2
04/27/2023,3:00 AM,77,94,29.64,Clear,0,0,0,0,1,3,2
04/27/2023,3:30 AM,75,100,29.64,Clear,0,0,0,0,0,3,2
04/27/2023,4:00 AM,75,100,29.64,Clear,0,0,0,0,1,3,3
04/27/2023,4:30 AM,77,94,29.64,Clear,0,0,0,0,1,3,2
04/27/2023,5:00 AM,77,94,29.64,Clear,0,0,0,0,3,14,2
04/27/2023,5:30 AM,77,94,29.64,Clear,0,0,0,0,3,14,2
04/27/2023,6:00 AM,77,94,29.67,Clear,0,0,0,0,3,13,2
04/27/2023,6:30 AM,77,94,29.67,Clear,0,0,0,0,2,12,2
04/27/2023,7:00 AM,77,100,29.67,Clear,0,0,0,0,3,13,2
04/27/2023,7:30 AM,79,94,29.7,Clear,0,0,0,0,3,15,2
04/27/2023,8:00 AM,82,89,29.7,Clear,0,0,0,0,2,15,2
04/27/2023,8:30 AM,84,89,29.73,Clear,0,0,0,0,3,14,2
04/27/2023,9:00 AM,86,79,29.73,Clear,0,0,0,0,2,8,2
04/27/2023,9:30 AM,88,79,29.73,Clear,0,0,0,0,2,7,2
04/27/2023,10:00 AM,90,75,29.73,Clear,0,0,0,0,2,7,2
04/27/2023,10:30 AM,91,66,29.73,Clear,0,0,0,0,2,7,2
04/27/2023,11:00 AM,93,63,29.7,Clear,0,0,0,0,2,7,1
04/27/2023,11:30 AM,93,59,29.7,Clear,0,0,0,0,2,7,2
04/27/2023,12:00 PM,95,53,29.7,Clear,0,0,0,0,2,7,2
04/27/2023,12:30 PM,93,56,29.67,Clear,0,0,0,0,2,6,2
04/27/2023,1:00 PM,95,53,29.67,Clear,0,0,0,0,2,7,2
04/27/2023,1:30 PM,95,49,29.64,Clear,0,0,0,0,2,5,2
04/27/2023,2:00 PM,95,47,29.64,Clear,0,0,0,0,2,6,1
04/27/2023,2:30 PM,95,47,29.61,Clear,0,0,0,0,2,6,2
04/27/2023,3:00 PM,95,47,29.61,Clear,0,0,0,0,2,8,2
04/27/2023,3:30 PM,95,47,29.61,Clear,0,0,0,0,2,5,1
04/27/2023,4:00 PM,93,49,29.58,Clear,0,0,0,0,3,14,3
04/27/2023,4:30 PM,93,46,29.58,Clear,0,0,0,0,3,15,3
04/27/2023,5:00 PM,91,52,29.61,Clear,0,0,0,0,2,13,2
04/27/2023,5:30 PM,90,59,29.61,Clear,0,0,0,0,3,13,2
04/27/2023,6:00 PM,88,66,29.61,Clear,0,0,0,0,2,14,2
04/27/2023,6:30 PM,86,70,29.64,Clear,0,0,0,0,3,11,2
04/27/2023,7:00 PM,84,74,29.64,Clear,0,0,0,0,3,14,3
04/27/2023,7:30 PM,84,79,29.67,Clear,0,0,0,0,3,15,2
04/27/2023,8:00 PM,84,79,29.67,Clear,0,0,0,0,1,8,1
04/27/2023,8:30 PM,82,84,29.67,Clear,0,0,0,0,2,8,2
04/27/2023,9:00 PM,81,84,29.7,Clear,0,0,0,0,2,8,2
04/27/2023,9:30 PM,79,89,29.73,Clear,0,0,0,0,1,9,2
04/27/2023,10:00 PM,79,89,29.73,Clear,0,0,0,0,1,7,2
04/27/2023,10:30 PM,79,89,29.73,Clear,0,0,0,0,2,8,2
04/27/2023,11:00 PM,79,89,29.73,Clear,0,0,0,0,1,9,2
04/27/2023,11:30 PM,77,94,29.73,Clear,0,0,0,0,2,7,2
04/28/2023,12:00 AM,77,94,29.73,Clear,0,0,0,0,0,3,2
04/28/2023,12:30 AM,77,94,29.7,Clear,0,0,0,0,0,3,2
04/28/2023,1:00 AM,77,94,29.7,Clear,0,0,0,0,0,4,2
04/28/2023,1:30 AM,77,94,29.7,Clear,0,0,0,0,1,3,2
04/28/2023,2:00 AM,77,94,29.67,Clear,0,0,0,0,0,3,2
04/28/2023,2:30 AM,77,94,29.67,Clear,0,0,0,0,1,4,2
04/28/2023,3:00 AM,77,94,29.67,Clear,0,0,0,0,0,3,2
04/28/2023,3:30 AM,77,94,29.67,Clear,0,0,0,0,0,3,2
04/28/2023,4:00 AM,75,94,29.67,Clear,0,0,0,0,0,3,2
04/28/2023,4:30 AM,75,100,29.67,Clear,0,0,0,0,0,3,3
04/28/2023,5:00 AM,75,94,29.67,Clear,0,0,0,0,3,16,2
04/28/2023,5:30 AM,75,94,29.7,Clear,0,0,0,0,3,12,2
04/28/2023,6:00 AM,75,94,29.7,Clear,0,0,0,0,3,14,2
04/28/2023,6:30 AM,75,94,29.7,Clear,0,0,0,0,3,13,2
04/28/2023,7:00 AM,77,94,29.7,Clear,0,0,0,0,3,14,2
04/28/2023,7:30 AM,77,100,29.73,Clear,0,0,0,0,3,13,1
04/28/2023,8:00 AM,81,94,29.73,Clear,0,0,0,0,3,15,2
04/28/2023,8:30 AM,86,84,29.73,Clear,0,0,0,0,3,11,2
04/28/2023,9:00 AM,88,79,29.73,Clear,0,0,0,0,2,5,2
04/28/2023,9:30 AM,88,79,29.73,Clear,0,0,0,0,2,7,2
04/28/2023,10:00 AM,90,70,29.73,Clear,0,0,0,0,2,6,1
04/28/2023,10:30 AM,91,66,29.73,Clear,0,0,0,0,2,7,2
04/28/2023,11:00 AM,93,59,29.73,Clear,0,0,0,0,2,7,2
04/28/2023,11:30 AM,93,59,29.73,Clear,0,0,0,0,2,7,1
04/28/2023,12:00 PM,95,53,29.7,Clear,0,0,0,0,2,6,2
04/28/2023,12:30 PM,95,53,29.7,Clear,0,0,0,0,2,6,2
04/28/2023,1:00 PM,93,59,29.67,Clear,0,0,0,0,2,6,1
04/28/2023,1:30 PM,95,56,29.67,Clear,0,0,0,0,2,7,2
04/28/2023,2:00 PM,93,56,29.64,Clear,0,0,0,0,2,7,2
04/28/2023,2:30 PM,95,56,29.61,Clear,0,0,0,0,2,7,2
04/28/2023,3:00 PM,93,59,29.61,Clear,0,0,0,0,2,6,1
04/28/2023,3:30 PM,93,59,29.58,Clear,0,0,0,0,2,8,2
04/28/2023,4:00 PM,93,56,29.58,Clear,0,0,0,0,3,14,2
04/28/2023,4:30 PM,93,59,29.58,Clear,0,0,0,0,2,14,2
04/28/2023,5:00 PM,91,63,29.58,Clear,0,0,0,0,2,10,2
04/28/2023,5:30 PM,90,66,29.61,Clear,0,0,0,0,2,12,2
04/28/2023,6:00 PM,88,70,29.61,Clear,0,0,0,0,3,15,2
04/28/2023,6:30 PM,88,70,29.64,Clear,0,0,0,0,2,13,2
04/28/2023,7:00 PM,86,74,29.64,Clear,0,0,0,0,2,13,2
04/28/2023,7:30 PM,86,74,29.67,Clear,0,0,0,0,3,12,2
04/28/2023,8:00 PM,82,84,29.67,Clear,0,0,0,0,2,8,1
04/28/2023,8:30 PM,82,79,29.7,Clear,0,0,0,0,2,8,1
04/28/2023,9:00 PM,81,84,29.7,Clear,0,0,0,0,1,8,2
04/28/2023,9:30 PM,81,89,29.73,Clear,0,0,0,0,2,9,2
04/28/2023,10:00 PM,81,84,29.73,Clear,0,0,0,0,2,7,2
04/28/2023,10:30 PM,79,89,29.73,Clear,0,0,0,0,2,8,2
04/28/2023,11:00 PM,79,89,29.73,Clear,0,0,0,0,2,8,2
04/28/2023,11:30 PM,79,89,29.73,Clear,0,0,0,0,2,8,2
04/29/2023,12:00 AM,79,89,29.7,Clear,0,0,0,0,0,3,2
04/29/2023,12:30 AM,77,94,29.7,Clear,0,0,0,0,0,3,2
04/29/2023,1:00 AM,77,94,29.7,Clear,0,0,0,0,1,3,2
04/29/2023,1:30 AM,77,94,29.67,Clear,0,0,0,0,1,3,2
04/29/2023,2:00 AM,77,94,29.64,Clear,0,0,0,0,1,4,2
04/29/2023,2:30 AM,77,94,29.64,Clear,0,0,0,0,1,3,2
04/29/2023,3:00 AM,77,94,29.64,Clear,0,0,0,0,0,3,2
04/29/2023,3:30 AM,77,94,29.64,Clear,0,0,0,0,0,3,2
04/29/2023,4:00 AM,77,94,29.64,Clear,0,0,0,0,0,3,2
04/29/2023,4:30 AM,77,94,29.64,Clear,0,0,0,0,0,3,2
04/29/2023,5:00 AM,77,94,29.64,Clear,0,0,0,0,3,11,2
04/29/2023,5:30 AM,77,94,29.67,Clear,0,0,0,0,3,15,2
04/29/2023,6:00 AM,77,94,29.67,Clear,0,0,0,0,3,14,2
04/29/2023,6:30 AM,77,94,29.67,Clear,0,0,0,0,3,14,2
04/29/2023,7:00 AM,77,100,29.67,Clear,0,0,0,0,3,13,1
04/29/2023,7:30 AM,79,100,29.7,Clear,0,0,0,0,3,12,2
04/29/2023,8:00 AM,82,89,29.7,Clear,0,0,0,0,3,16,2
04/29/2023,8:30 AM,84,89,29.73,Clear,0,0,0,0,3,13,2
04/29/2023,9:00 AM,88,79,29.73,Clear,0,0,0,0,2,7,1
04/29/2023,9:30 AM,90,75,29.73,Clear,0,0,0,0,2,6,1
04/29/2023,10:00 AM,91,71,29.73,Clear,0,0,0,0,2,7,1
04/29/2023,10:30 AM,91,66,29.7,Clear,0,0,0,0,2,6,2
04/29/2023,11:00 AM,95,63,29.7,Clear,0,0,0,0,2,7,2
04/29/2023,11:30 AM,91,63,29.7,Clear,0,0,0,0,2,5,2
04/29/2023,12:00 PM,97,56,29.67,Clear,0,0,0,0,2,7,2
04/29/2023,12:30 PM,97,53,29.67,Clear,0,0,0,0,2,6,1
04/29/2023,1:00 PM,97,53,29.64,Clear,0,0,0,0,2,7,2
04/29/2023,1:30 PM,93,56,29.61,Rain,0,0,0,0,1,7,1
04/29/2023,2:00 PM,91,63,29.61,Rain,0,0,0,0,1,7,2
04/29/2023,2:30 PM,84,74,29.58,Clear,0,0,0,0,2,7,2
04/29/2023,3:00 PM,84,74,29.61,Clear,0,0,0,0,2,8,2
04/29/2023,3:30 PM,82,79,29.58,Clear,0,0,0,0,2,6,2
04/29/2023,4:00 PM,84,79,29.58,Clear,0,0,0,0,3,13,2
04/29/2023,4:30 PM,86,74,29.58,Clear,0,0,0,0,3,15,2
04/29/2023,5:00 PM,84,79,29.58,Clear,0,0,0,0,3,14,2
04/29/2023,5:30 PM,82,84,29.61,Clear,0,0,0,0,3,15,2
04/29/2023,6:00 PM,82,84,29.61,Clear,0,0,0,0,3,14,2
04/29/2023,6:30 PM,81,89,29.61,Clear,0,0,0,0,3,13,3
04/29/2023,7:00 PM,81,89,29.64,Clear,0,0,0,0,3,14,2
04/29/2023,7:30 PM,79,94,29.64,Clear,0,0,0,0,3,14,2
04/29/2023,8:00 PM,79,94,29.67,Clear,0,0,0,0,2,8,2
04/29/2023,8:30 PM,79,89,29.67,Clear,0,0,0,0,2,8,2
04/29/2023,9:00 PM,79,89,29.7,Clear,0,0,0,0,2,7,2
04/29/2023,9:30 PM,79,89,29.7,Clear,0,0,0,0,2,8,2
04/29/2023,10:00 PM,77,94,29.7,Clear,0,0,0,0,2,9,2
04/29/2023,10:30 PM,77,94,29.7,Clear,0,0,0,0,2,7,2
04/29/2023,11:00 PM,77,94,29.7,Clear,0,0,0,0,2,9,2
04/29/2023,11:30 PM,77,94,29.7,Clear,0,0,0,0,2,7,2
04/30/2023,12:00 AM,77,94,29.67,Clear,0,0,0,0,0,3,2
04/30/2023,12:30 AM,77,94,29.67,Clear,0,0,0,0,0,3,2
04/30/2023,1:00 AM,77,94,29.67,Clear,0,0,0,0,1,3,2
04/30/2023,1:30 AM,75,100,29.64,Clear,0,0,0,0,1,3,3
04/30/2023,2:00 AM,75,100,29.64,Clear,0,0,0,0,0,3,2
04/30/2023,2:30 AM,75,100,29.61,Clear,0,0,0,0,0,4,3
04/30/2023,3:00 AM,75,100,29.61,Clear,0,0,0,0,0,3,2
04/30/2023,3:30 AM,75,100,29.61,Clear,0,0,0,0,0,3,2
04/30/2023,4:00 AM,75,100,29.61,Clear,0,0,0,0,0,3,2
04/30/2023,4:30 AM,75,100,29.61,Clear,0,0,0,0,0,3,3
04/30/2023,5:00 AM,75,94,29.61,Clear,0,0,0,0,3,15,1
04/30/2023,5:30 AM,75,94,29.61,Clear,0,0,0,0,3,13,2
04/30/2023,6:00 AM,75,94,29.61,Clear,0,0,0,0,3,12,2
04/30/2023,6:30 AM,75,100,29.64,Clear,0,0,0,0,3,14,2
04/30/2023,7:00 AM,77,94,29.64,Clear,0,0,0,0,3,14,2
04/30/2023,7:30 AM,79,100,29.64,Clear,0,0,0,0,2,15,2
04/30/2023,8:00 AM,84,89,29.67,Clear,0,0,0,0,2,17,2
04/30/2023,8:30 AM,86,89,29.67,Clear,0,0,0,0,3,13,2
04/30/2023,9:00 AM,88,84,29.67,Clear,0,0,0,0,2,7,2
04/30/2023,9:30 AM,90,75,29.67,Clear,0,0,0,0,2,7,1
04/30/2023,10:00 AM,91,71,29.7,Clear,0,0,0,0,2,7,2
04/30/2023,10:30 AM,93,67,29.7,Clear,0,0,0,0,2,5,2
04/30/2023,11:00 AM,93,63,29.7,Clear,0,0,0,0,2,6,2
04/30/2023,11:30 AM,93,63,29.67,Clear,0,0,0,0,2,8,2
04/30/2023,12:00 PM,95,59,29.67,Clear,0,0,0,0,2,6,2
04/30/2023,12:30 PM,95,59,29.64,Clear,0,0,0,0,2,7,2
04/30/2023,1:00 PM,95,56,29.61,Clear,0,0,0,0,2,6,2
04/30/2023,1:30 PM,95,53,29.61,Clear,0,0,0,0,2,8,2
04/30/2023,2:00 PM,97,50,29.58,Clear,0,0,0,0,2,7,2
04/30/2023,2:30 PM,95,53,29.58,Clear,0,0,0,0,2,6,1
04/30/2023,3:00 PM,95,49,29.58,Clear,0,0,0,0,2,6,1
04/30/2023,3:30 PM,95,53,29.55,Clear,0,0,0,0,2,7,2
04/30/2023,4:00 PM,93,56,29.55,Clear,0,0,0,0,3,15,2
04/30/2023,4:30 PM,91,59,29.55,Clear,0,0,0,0,3,13,2
04/30/2023,5:00 PM,91,59,29.58,Clear,0,0,0,0,3,15,2
04/30/2023,5:30 PM,90,66,29.58,Clear,0,0,0,0,3,14,2
04/30/2023,6:00 PM,90,66,29.58,Clear,0,0,0,0,3,14,2
04/30/2023,6:30 PM,88,70,29.61,Clear,0,0,0,0,3,14,2
04/30/2023,7:00 PM,86,74,29.61,Clear,0,0,0,0,3,12,2
04/30/2023,7:30 PM,86,74,29.64,Clear,0,0,0,0,3,13,2
04/30/2023,8:00 PM,86,74,29.64,Clear,0,0,0,0,2,8,1
04/30/2023,8:30 PM,86,74,29.67,Clear,0,0,0,0,2,8,2
04/30/2023,9:00 PM,86,74,29.67,Clear,0,0,0,0,2,9,2
04/30/2023,9:30 PM,84,79,29.67,Clear,0,0,0,0,2,7,2
04/30/2023,10:00 PM,82,84,29.7,Clear,0,0,0,0,2,8,1
04/30/2023,10:30 PM,81,89,29.7,Clear,0,0,0,0,2,10,2
04/30/2023,11:00 PM,81,89,29.7,Clear,0,0,0,0,2,8,2
04/30/2023,11:30 PM,81,89,29.7,Clear,0,0,0,0,1,8,2
5/1/2023,12:00 AM,81,89,29.67,Clear,0,0,0,0,0,3,2
5/1/2023,12:30 AM,79,94,29.67,Clear,0,0,0,0,0,3,2
5/1/2023,1:00 AM,79,94,29.64,Clear,0,0,0,0,0,3,2
5/1/2023,1:30 AM,79,94,29.64,Clear,0,0,0,0,1,3,2
5/1/2023,2:00 AM,79,94,29.64,Clear,0,0,0,0,0,3,2
5/1/2023,2:30 AM,79,94,29.61,Clear,0,0,0,0,0,3,2
5/1/2023,3:00 AM,79,94,29.61,Clear,0,0,0,0,0,3,2
5/1/2023,3:30 AM,77,94,29.61,Clear,0,0,0,0,1,3,2
5/1/2023,4:00 AM,77,94,29.61,Clear,0,0,0,0,0,3,3
5/1/2023,4:30 AM,77,94,29.61,Clear,0,0,0,0,0,3,2
5/1/2023,5:00 AM,77,94,29.61,Clear,0,0,0,0,3,14,2
5/1/2023,5:30 AM,77,94,29.61,Clear,0,0,0,0,4,14,2
5/1/2023,6:00 AM,75,100,29.64,Clear,0,0,0,0,3,12,2
5/1/2023,6:30 AM,77,100,29.64,Clear,0,0,0,0,3,13,2
5/1/2023,7:00 AM,79,94,29.67,Clear,0,0,0,0,3,15,2
5/1/2023,7:30 AM,81,94,29.67,Clear,0,0,0,0,2,13,2
5/1/2023,8:00 AM,84,89,29.67,Clear,0,0,0,0,3,11,2
5/1/2023,8:30 AM,84,89,29.67,Clear,0,0,0,0,3,14,2
5/1/2023,9:00 AM,90,75,29.7,Clear,0,0,0,0,2,6,1
5/1/2023,9:30 AM,90,75,29.7,Clear,0,0,0,0,2,7,1
5/1/2023,10:00 AM,91,66,29.7,Clear,0,0,0,0,2,6,2
5/1/2023,10:30 AM,93,63,29.7,Clear,0,0,0,0,2,6,2
5/1/2023,11:00 AM,93,59,29.67,Clear,0,0,0,0,2,6,2
5/1/2023,11:30 AM,93,56,29.67,Clear,0,0,0,0,2,6,2
5/1/2023,12:00 PM,95,53,29.67,Clear,0,0,0,0,2,7,1
5/1/2023,12:30 PM,95,53,29.64,Clear,0,0,0,0,2,7,2
5/1/2023,1:00 PM,97,50,29.64,Rain,0,0,0,0,1,8,2
5/1/2023,1:30 PM,82,79,29.61,Rain,0,0,0,0,1,8,2
5/1/2023,2:00 PM,90,70,29.61,Clear,0,0,0,0,2,7,2
5/1/2023,2:30 PM,93,59,29.58,Clear,0,0,0,0,2,7,2
5/1/2023,3:00 PM,84,74,29.58,Clear,0,0,0,0,2,6,2
5/1/2023,3:30 PM,84,79,29.58,Clear,0,0,0,0,2,6,1
5/1/2023,4:00 PM,86,74,29.58,Clear,0,0,0,0,3,13,3
5/1/2023,4:30 PM,90,62,29.58,Clear,0,0,0,0,3,13,2
5/1/2023,5:00 PM,90,62,29.58,Clear,0,0,0,0,3,11,3
5/1/2023,5:30 PM,88,66,29.58,Clear,0,0,0,0,3,12,2
5/1/2023,6:00 PM,88,70,29.58,Clear,0,0,0,0,3,14,3
5/1/2023,6:30 PM,86,74,29.61,Clear,0,0,0,0,3,14,2
5/1/2023,7:00 PM,86,74,29.61,Clear,0,0,0,0,3,13,2
5/1/2023,7:30 PM,86,79,29.61,Clear,0,0,0,0,3,14,2
5/1/2023,8:00 PM,84,84,29.64,Clear,0,0,0,0,1,8,2
5/1/2023,8:30 PM,84,84,29.67,Clear,0,0,0,0,2,9,2
5/1/2023,9:00 PM,84,84,29.67,Clear,0,0,0,0,2,8,2
5/1/2023,9:30 PM,82,84,29.7,Clear,0,0,0,0,2,8,1
5/1/2023,10:00 PM,82,84,29.7,Clear,0,0,0,0,2,8,2
5/1/2023,10:30 PM,81,89,29.7,Clear,0,0,0,0,2,8,1
5/1/2023,11:00 PM,81,89,29.7,Clear,0,0,0,0,2,6,2
5/1/2023,11:30 PM,79,94,29.7,Clear,0,0,0,0,2,9,2
5/2/2023,12:00 AM,79,94,29.7,Clear,0,0,0,0,0,3,2
5/2/2023,12:30 AM,79,94,29.7,Clear,0,0,0,0,0,3,2
5/2/2023,1:00 AM,79,94,29.7,Clear,0,0,0,0,1,3,2
5/2/2023,1:30 AM,79,94,29.67,Clear,0,0,0,0,0,3,2
5/2/2023,2:00 AM,79,94,29.67,Clear,0,0,0,0,0,3,2
5/2/2023,2:30 AM,77,100,29.64,Clear,0,0,0,0,0,3,2
5/2/2023,3:00 AM,77,94,29.64,Clear,0,0,0,0,1,3,2
5/2/2023,3:30 AM,77,94,29.64,Clear,0,0,0,0,0,2,2
5/2/2023,4:00 AM,79,94,29.64,Clear,0,0,0,0,0,3,2
5/2/2023,4:30 AM,77,100,29.61,Clear,0,0,0,0,0,3,2
5/2/2023,5:00 AM,77,94,29.64,Clear,0,0,0,0,3,12,2
5/2/2023,5:30 AM,77,94,29.64,Clear,0,0,0,0,3,15,2
5/2/2023,6:00 AM,77,94,29.64,Clear,0,0,0,0,2,13,2
5/2/2023,6:30 AM,77,94,29.67,Clear,0,0,0,0,3,10,2
5/2/2023,7:00 AM,79,94,29.67,Clear,0,0,0,0,3,14,2
5/2/2023,7:30 AM,79,94,29.7,Clear,0,0,0,0,3,12,2
5/2/2023,8:00 AM,82,89,29.7,Clear,0,0,0,0,3,12,2
5/2/2023,8:30 AM,84,89,29.7,Clear,0,0,0,0,3,12,2
5/2/2023,9:00 AM,84,89,29.73,Clear,0,0,0,0,2,6,1
5/2/2023,9:30 AM,88,79,29.73,Clear,0,0,0,0,2,6,2
5/2/2023,10:00 AM,91,75,29.73,Clear,0,0,0,0,2,7,2
5/2/2023,10:30 AM,91,71,29.73,Rain,0,0,0,0,1,8,1
5/2/2023,11:00 AM,86,74,29.73,Rain,0,0,0,0,1,8,2
5/2/2023,11:30 AM,82,84,29.73,Clear,0,0,0,0,2,6,2
5/2/2023,12:00 PM,88,79,29.7,Clear,0,0,0,0,2,8,2
5/2/2023,12:30 PM,86,79,29.7,Rain,0,0,0,0,1,7,1
5/2/2023,1:00 PM,82,84,29.7,Clear,0,0,0,0,2,8,2
5/2/2023,1:30 PM,81,89,29.67,Rain,0,0,0,0,1,8,2
5/2/2023,2:00 PM,82,89,29.67,Rain,0,0,0,0,1,7,1
5/2/2023,2:30 PM,82,89,29.67,Rain,0,0,0,0,1,6,2
5/2/2023,3:00 PM,77,94,29.67,Rain,0,0,0,0,1,8,2
5/2/2023,3:30 PM,77,94,29.67,Clear,0,0,0,0,2,6,2
5/2/2023,4:00 PM,77,94,29.67,Rain,0,0,0,0,1,16,2
5/2/2023,4:30 PM,79,89,29.67,Clear,0,0,0,0,3,11,2
5/2/2023,5:00 PM,79,94,29.64,Clear,0,0,0,0,3,11,2
5/2/2023,5:30 PM,79,94,29.64,Clear,0,0,0,0,3,11,3
5/2/2023,6:00 PM,79,94,29.64,Clear,0,0,0,0,3,12,2
5/2/2023,6:30 PM,79,94,29.64,Clear,0,0,0,0,3,12,2
5/2/2023,7:00 PM,77,94,29.67,Clear,0,0,0,0,3,14,2
5/2/2023,7:30 PM,77,100,29.67,Clear,0,0,0,0,3,14,2
5/2/2023,8:00 PM,77,100,29.67,Clear,0,0,0,0,2,8,2
5/2/2023,8:30 PM,77,94,29.7,Clear,0,0,0,0,2,9,2
5/2/2023,9:00 PM,77,94,29.73,Clear,0,0,0,0,2,8,2
5/2/2023,9:30 PM,77,94,29.73,Clear,0,0,0,0,2,8,2
5/2/2023,10:00 PM,77,94,29.76,Clear,0,0,0,0,2,8,2
5/2/2023,10:30 PM,77,94,29.76,Clear,0,0,0,0,1,9,2
5/2/2023,11:00 PM,77,94,29.76,Clear,0,0,0,0,2,8,1
5/2/2023,11:30 PM,77,94,29.73,Clear,0,0,0,0,2,6,2
5/3/2023,12:00 AM,77,94,29.73,Clear,0,0,0,0,0,3,2
5/3/2023,12:30 AM,77,94,29.73,Clear,0,0,0,0,0,4,2
5/3/2023,1:00 AM,75,100,29.7,Clear,0,0,0,0,0,3,2
5/3/2023,1:30 AM,75,100,29.7,Clear,0,0,0,0,1,3,2
5/3/2023,2:00 AM,75,100,29.7,Clear,0,0,0,0,0,3,2
5/3/2023,2:30 AM,75,100,29.67,Clear,0,0,0,0,0,3,2
5/3/2023,3:00 AM,75,100,29.67,Clear,0,0,0,0,0,3,2
5/3/2023,3:30 AM,75,100,29.67,Clear,0,0,0,0,0,3,2
5/3/2023,4:00 AM,75,100,29.67,Clear,0,0,0,0,0,4,3
5/3/2023,4:30 AM,75,100,29.67,Clear,0,0,0,0,0,3,2
5/3/2023,5:00 AM,75,100,29.7,Clear,0,0,0,0,3,14,2
5/3/2023,5:30 AM,75,94,29.7,Clear,0,0,0,0,3,14,2
5/3/2023,6:00 AM,75,94,29.7,Clear,0,0,0,0,3,13,2
5/3/2023,6:30 AM,75,100,29.73,Clear,0,0,0,0,3,13,2
5/3/2023,7:00 AM,75,100,29.73,Clear,0,0,0,0,3,16,2
5/3/2023,7:30 AM,77,100,29.73,Clear,0,0,0,0,3,14,2
5/3/2023,8:00 AM,81,94,29.76,Clear,0,0,0,0,3,15,2
5/3/2023,8:30 AM,84,89,29.76,Clear,0,0,0,0,3,13,2
5/3/2023,9:00 AM,84,89,29.76,Clear,0,0,0,0,2,6,2
5/3/2023,9:30 AM,88,84,29.76,Clear,0,0,0,0,2,6,2
5/3/2023,10:00 AM,88,79,29.76,Clear,0,0,0,0,2,7,1
5/3/2023,10:30 AM,90,75,29.76,Clear,0,0,0,0,2,7,2
5/3/2023,11:00 AM,91,71,29.76,Clear,0,0,0,0,2,6,2
5/3/2023,11:30 AM,93,63,29.73,Clear,0,0,0,0,2,7,2
5/3/2023,12:00 PM,93,63,29.73,Clear,0,0,0,0,2,6,2
5/3/2023,12:30 PM,95,56,29.73,Clear,0,0,0,0,2,7,1
5/3/2023,1:00 PM,93,59,29.7,Rain,0,0,0,0,1,8,2
5/3/2023,1:30 PM,91,63,29.7,Clear,1,0,0,0,2,7,2
5/3/2023,2:00 PM,91,63,29.67,Clear,0,0,0,0,2,7,1
5/3/2023,2:30 PM,93,59,29.64,Clear,0,0,0,0,2,7,2
5/3/2023,3:00 PM,93,59,29.64,Clear,0,0,0,0,2,7,1
5/3/2023,3:30 PM,91,63,29.61,Clear,0,0,0,0,2,6,2
5/3/2023,4:00 PM,90,70,29.64,Clear,0,0,0,0,3,13,3
5/3/2023,4:30 PM,88,70,29.64,Clear,0,0,0,0,3,12,3
5/3/2023,5:00 PM,88,70,29.61,Clear,0,0,0,0,3,14,2
5/3/2023,5:30 PM,88,70,29.64,Clear,0,0,0,0,3,15,2
5/3/2023,6:00 PM,86,74,29.67,Clear,0,0,0,0,3,13,2
5/3/2023,6:30 PM,86,74,29.67,Clear,0,0,0,0,3,11,3
5/3/2023,7:00 PM,84,79,29.67,Clear,0,0,0,0,2,15,2
5/3/2023,7:30 PM,84,79,29.7,Clear,0,0,0,0,3,15,2
5/3/2023,8:00 PM,82,84,29.7,Clear,0,0,0,0,2,8,2
5/3/2023,8:30 PM,81,89,29.7,Clear,0,0,0,0,2,7,2
5/3/2023,9:00 PM,81,89,29.73,Clear,0,0,0,0,2,7,2
5/3/2023,9:30 PM,79,89,29.73,Clear,0,0,0,0,2,8,2
5/3/2023,10:00 PM,79,89,29.73,Clear,0,0,0,0,2,9,1
5/3/2023,10:30 PM,79,89,29.73,Clear,0,0,0,0,2,8,2
5/3/2023,11:00 PM,77,94,29.73,Clear,0,0,0,0,2,6,2
5/3/2023,11:30 PM,77,94,29.73,Clear,0,0,0,0,1,9,2
5/4/2023,12:00 AM,77,94,29.7,Clear,0,0,0,0,0,3,3
5/4/2023,12:30 AM,77,94,29.7,Clear,0,0,0,0,0,3,3
5/4/2023,1:00 AM,77,94,29.67,Clear,0,0,0,0,0,3,2
5/4/2023,1:30 AM,77,94,29.67,Clear,0,0,0,0,0,3,2
5/4/2023,2:00 AM,75,100,29.67,Clear,0,0,0,0,0,3,2
5/4/2023,2:30 AM,75,100,29.67,Clear,0,0,0,0,0,3,3
5/4/2023,3:00 AM,75,100,29.64,Clear,0,0,0,0,0,3,2
5/4/2023,3:30 AM,75,100,29.64,Clear,0,0,0,0,0,3,2
5/4/2023,4:00 AM,75,100,29.64,Clear,0,0,0,0,0,3,2
5/4/2023,4:30 AM,75,100,29.64,Clear,0,0,0,0,0,3,2
5/4/2023,5:00 AM,75,100,29.64,Clear,0,0,0,0,2,13,1
5/4/2023,5:30 AM,75,94,29.67,Clear,0,0,0,0,3,13,1
5/4/2023,6:00 AM,75,94,29.67,Clear,0,0,0,0,3,13,2
5/4/2023,6:30 AM,75,100,29.67,Clear,0,0,0,0,3,14,2
5/4/2023,7:00 AM,77,100,29.7,Clear,0,0,0,0,3,16,2
5/4/2023,7:30 AM,81,94,29.7,Clear,0,0,0,0,3,12,1
5/4/2023,8:00 AM,82,94,29.73,Clear,0,0,0,0,3,14,2
5/4/2023,8:30 AM,86,84,29.73,Clear,0,0,0,0,3,14,2
5/4/2023,9:00 AM,88,79,29.73,Clear,0,0,0,0,2,6,1
5/4/2023,9:30 AM,90,75,29.73,Clear,0,0,0,0,2,6,2
5/4/2023,10:00 AM,91,71,29.73,Clear,0,0,0,0,2,6,2
5/4/2023,10:30 AM,91,71,29.73,Clear,0,0,0,0,2,7,2
5/4/2023,11:00 AM,93,63,29.73,Clear,0,0,0,0,2,6,1
5/4/2023,11:30 AM,91,66,29.73,Clear,0,0,0,0,2,6,2
5/4/2023,12:00 PM,95,59,29.7,Clear,0,0,0,0,2,7,2
5/4/2023,12:30 PM,93,59,29.7,Clear,0,0,0,0,2,6,2
5/4/2023,1:00 PM,95,53,29.67,Clear,0,0,0,0,2,7,1
5/4/2023,1:30 PM,95,56,29.67,Rain,0,0,0,0,1,8,2
5/4/2023,2:00 PM,84,74,29.64,Clear,0,0,0,0,2,7,2
5/4/2023,2:30 PM,84,70,29.64,Rain,0,0,0,0,1,6,2
5/4/2023,3:00 PM,88,70,29.61,Clear,0,0,0,0,2,6,2
5/4/2023,3:30 PM,91,63,29.58,Clear,0,0,0,0,2,6,2
5/4/2023,4:00 PM,93,59,29.58,Clear,0,0,0,0,2,13,2
5/4/2023,4:30 PM,93,59,29.58,Clear,0,0,0,0,3,12,2
5/4/2023,5:00 PM,84,74,29.58,Clear,0,0,0,0,3,15,2
5/4/2023,5:30 PM,84,79,29.58,Clear,0,0,0,0,3,12,2
5/4/2023,6:00 PM,84,79,29.61,Clear,0,0,0,0,2,15,3
5/4/2023,6:30 PM,82,84,29.61,Clear,0,0,0,0,3,15,3
5/4/2023,7:00 PM,81,89,29.64,Clear,0,0,0,0,3,16,2
5/4/2023,7:30 PM,81,89,29.64,Clear,0,0,0,0,3,16,2
5/4/2023,8:00 PM,81,89,29.67,Clear,0,0,0,0,2,9,2
5/4/2023,8:30 PM,79,89,29.67,Clear,0,0,0,0,2,8,2
5/4/2023,9:00 PM,79,89,29.7,Clear,0,0,0,0,2,7,2
5/4/2023,9:30 PM,79,94,29.7,Clear,0,0,0,0,2,8,2
5/4/2023,10:00 PM,77,94,29.7,Clear,0,0,0,0,2,7,2
5/4/2023,10:30 PM,77,94,29.7,Clear,0,0,0,0,1,9,2
5/4/2023,11:00 PM,77,94,29.67,Clear,0,0,0,0,2,8,2
5/4/2023,11:30 PM,77,94,29.67,Clear,0,0,0,0,2,8,2
5/5/2023,12:00 AM,77,94,29.67,Clear,0,0,0,0,0,3,2
5/5/2023,12:30 AM,77,94,29.67,Clear,0,0,0,0,0,3,2
5/5/2023,1:00 AM,75,100,29.67,Clear,0,0,0,0,0,3,2
5/5/2023,1:30 AM,75,100,29.64,Clear,0,0,0,0,1,3,2
5/5/2023,2:00 AM,75,94,29.64,Clear,0,0,0,0,0,3,2
5/5/2023,2:30 AM,75,100,29.64,Clear,0,0,0,0,0,3,3
5/5/2023,3:00 AM,75,100,29.61,Clear,0,0,0,0,0,3,2
5/5/2023,3:30 AM,75,100,29.61,Clear,0,0,0,0,0,3,2
5/5/2023,4:00 AM,75,94,29.61,Clear,0,0,0,0,0,3,2
5/5/2023,4:30 AM,75,94,29.61,Clear,0,0,0,0,0,3,3
5/5/2023,5:00 AM,75,94,29.64,Clear,0,0,0,0,2,13,1
5/5/2023,5:30 AM,75,94,29.64,Clear,0,0,0,0,3,14,2
5/5/2023,6:00 AM,73,100,29.64,Clear,0,0,0,0,3,14,2
5/5/2023,6:30 AM,75,94,29.64,Clear,0,0,0,0,3,13,2
5/5/2023,7:00 AM,75,100,29.64,Clear,0,0,0,0,3,11,2
5/5/2023,7:30 AM,77,100,29.67,Clear,0,0,0,0,3,14,2
5/5/2023,8:00 AM,81,94,29.67,Clear,0,0,0,0,3,12,2
5/5/2023,8:30 AM,84,89,29.67,Clear,0,0,0,0,2,14,2
5/5/2023,9:00 AM,88,79,29.67,Clear,0,0,0,0,2,5,2
5/5/2023,9:30 AM,90,75,29.67,Clear,0,0,0,0,2,8,2
5/5/2023,10:00 AM,91,75,29.67,Clear,0,0,0,0,2,6,1
5/5/2023,10:30 AM,93,71,29.67,Clear,0,0,0,0,2,8,2
5/5/2023,11:00 AM,93,67,29.67,Clear,0,0,0,0,1,7,2
5/5/2023,11:30 AM,95,63,29.64,Clear,0,0,0,0,2,8,2
5/5/2023,12:00 PM,95,63,29.64,Clear,0,0,0,0,2,7,2
5/5/2023,12:30 PM,97,56,29.64,Clear,0,0,0,0,2,6,2
5/5/2023,1:00 PM,97,56,29.61,Clear,0,0,0,0,2,6,2
5/5/2023,1:30 PM,97,53,29.58,Clear,0,0,0,0,2,6,1
5/5/2023,2:00 PM,95,56,29.58,Rain,0,0,0,0,1,7,2
5/5/2023,2:30 PM,93,59,29.55,Rain,0,0,0,0,1,8,2
5/5/2023,3:00 PM,95,56,29.52,Rain,0,0,0,0,1,7,1
5/5/2023,3:30 PM,93,59,29.52,Rain,0,0,0,0,1,7,2
5/5/2023,4:00 PM,86,74,29.52,Rain,0,0,0,0,2,12,2
5/5/2023,4:30 PM,82,89,29.52,Rain,0,0,0,0,2,15,2
5/5/2023,5:00 PM,82,84,29.55,Clear,0,0,0,0,3,12,2
5/5/2023,5:30 PM,81,89,29.52,Rain,0,0,0,0,2,18,3
5/5/2023,6:00 PM,81,89,29.55,Rain,0,0,0,0,2,15,2
5/5/2023,6:30 PM,81,89,29.55,Clear,0,0,0,0,3,13,3
5/5/2023,7:00 PM,81,89,29.55,Clear,0,0,0,0,3,14,2
5/5/2023,7:30 PM,81,89,29.58,Clear,0,0,0,0,3,12,2
5/5/2023,8:00 PM,81,89,29.58,Clear,0,0,0,0,1,7,2
5/5/2023,8:30 PM,81,89,29.61,Clear,0,0,0,0,2,8,2
5/5/2023,9:00 PM,79,94,29.64,Clear,0,0,0,0,2,8,2
5/5/2023,9:30 PM,79,94,29.64,Clear,0,0,0,0,2,8,1
5/5/2023,10:00 PM,79,94,29.64,Clear,0,0,0,0,2,8,1
5/5/2023,10:30 PM,79,100,29.64,Clear,0,0,0,0,2,6,2
5/5/2023,11:00 PM,79,100,29.64,Clear,0,0,0,0,2,7,2
5/5/2023,11:30 PM,79,100,29.64,Clear,0,0,0,0,1,7,2
5/6/2023,12:00 AM,79,94,29.64,Clear,0,0,0,0,0,3,2
5/6/2023,12:30 AM,79,94,29.64,Clear,0,0,0,0,0,3,2
5/6/2023,1:00 AM,79,94,29.61,Clear,0,0,0,0,0,3,2
5/6/2023,1:30 AM,79,94,29.61,Clear,0,0,0,0,0,4,3
5/6/2023,2:00 AM,79,94,29.61,Clear,0,0,0,0,1,3,2
5/6/2023,2:30 AM,79,94,29.61,Clear,0,0,0,0,0,3,3
5/6/2023,3:00 AM,77,100,29.61,Clear,0,0,0,0,1,3,3
5/6/2023,3:30 AM,77,100,29.58,Clear,0,0,0,0,0,3,2
5/6/2023,4:00 AM,77,94,29.58,Clear,0,0,0,0,0,4,2
5/6/2023,4:30 AM,77,94,29.58,Clear,0,0,0,0,0,3,2
5/6/2023,5:00 AM,77,100,29.58,Clear,0,0,0,0,3,14,2
5/6/2023,5:30 AM,77,100,29.58,Clear,0,0,0,0,2,14,2
5/6/2023,6:00 AM,77,100,29.58,Clear,0,0,0,0,3,14,2
5/6/2023,6:30 AM,77,100,29.61,Clear,0,0,0,0,3,14,2
5/6/2023,7:00 AM,79,94,29.61,Clear,0,0,0,0,3,14,2
5/6/2023,7:30 AM,81,100,29.64,Clear,0,0,0,0,3,12,2
5/6/2023,8:00 AM,82,94,29.64,Clear,0,0,0,0,3,13,2
5/6/2023,8:30 AM,84,89,29.64,Clear,0,0,0,0,3,14,2
5/6/2023,9:00 AM,88,79,29.64,Clear,0,0,0,0,2,8,2
5/6/2023,9:30 AM,90,79,29.64,Clear,0,0,0,0,2,7,2
5/6/2023,10:00 AM,91,75,29.64,Clear,0,0,0,0,2,7,2
5/6/2023,10:30 AM,93,71,29.64,Clear,0,0,0,0,2,7,2
5/6/2023,11:00 AM,95,63,29.64,Clear,0,0,0,0,2,7,2
5/6/2023,11:30 AM,95,59,29.64,Clear,0,0,0,0,2,7,2
5/6/2023,12:00 PM,95,56,29.61,Clear,0,0,0,0,2,7,2
5/6/2023,12:30 PM,99,50,29.61,Clear,0,0,0,0,2,6,1
5/6/2023,1:00 PM,95,56,29.58,Clear,0,0,0,0,2,6,2
5/6/2023,1:30 PM,95,56,29.58,Clear,0,0,0,0,2,8,2
5/6/2023,2:00 PM,95,53,29.55,Clear,0,0,0,0,2,7,2
5/6/2023,2:30 PM,93,56,29.52,Rain,0,0,0,0,1,7,2
5/6/2023,3:00 PM,90,66,29.52,Rain,0,0,0,0,1,7,2
5/6/2023,3:30 PM,91,75,29.52,Clear,0,0,0,0,2,7,2
5/6/2023,4:00 PM,91,66,29.52,Clear,0,0,0,0,2,12,2
5/6/2023,4:30 PM,88,75,29.52,Rain,0,0,0,0,2,14,2
5/6/2023,5:00 PM,86,74,29.52,Rain,0,0,0,0,2,16,3
5/6/2023,5:30 PM,86,74,29.52,Rain,0,0,0,0,2,16,2
5/6/2023,6:00 PM,86,74,29.52,Clear,0,0,0,0,3,14,3
5/6/2023,6:30 PM,84,79,29.52,Clear,0,0,0,0,3,14,2
5/6/2023,7:00 PM,84,79,29.55,Clear,0,0,0,0,3,13,3
5/6/2023,7:30 PM,84,79,29.55,Clear,0,0,0,0,3,12,3
5/6/2023,8:00 PM,82,84,29.58,Clear,0,0,0,0,2,7,2
5/6/2023,8:30 PM,82,84,29.58,Clear,0,0,0,0,2,7,2
5/6/2023,9:00 PM,82,84,29.61,Clear,0,0,0,0,2,8,2
5/6/2023,9:30 PM,82,84,29.64,Clear,0,0,0,0,2,7,1
5/6/2023,10:00 PM,82,84,29.64,Clear,0,0,0,0,2,7,2
5/6/2023,10:30 PM,82,84,29.64,Clear,0,0,0,0,2,9,2
5/6/2023,11:00 PM,82,89,29.64,Clear,0,0,0,0,1,8,2
5/6/2023,11:30 PM,81,94,29.64,Clear,0,0,0,0,2,8,2
5/7/2023,12:00 AM,81,94,29.64,Clear,0,0,0,0,0,3,2
5/7/2023,12:30 AM,81,89,29.61,Clear,0,0,0,0,0,3,3
5/7/2023,1:00 AM,81,89,29.61,Clear,0,0,0,0,0,3,2
5/7/2023,1:30 AM,79,94,29.61,Clear,0,0,0,0,0,3,3
5/7/2023,2:00 AM,79,94,29.58,Clear,0,0,0,0,1,3,3
5/7/2023,2:30 AM,79,94,29.58,Clear,0,0,0,0,0,3,2
5/7/2023,3:00 AM,79,94,29.58,Clear,0,0,0,0,0,3,2
5/7/2023,3:30 AM,79,94,29.58,Clear,0,0,0,0,0,3,2
5/7/2023,4:00 AM,79,94,29.61,Clear,0,0,0,0,0,3,3
5/7/2023,4:30 AM,79,94,29.58,Clear,0,0,0,0,0,3,2
5/7/2023,5:00 AM,79,94,29.58,Clear,0,0,0,0,3,15,2
5/7/2023,5:30 AM,79,94,29.61,Clear,0,0,0,0,3,13,2
5/7/2023,6:00 AM,79,94,29.61,Clear,0,0,0,0,3,13,2
5/7/2023,6:30 AM,79,94,29.61,Clear,0,0,0,0,3,13,1
5/7/2023,7:00 AM,79,94,29.61,Clear,0,0,0,0,3,14,2
5/7/2023,7:30 AM,81,94,29.64,Clear,0,0,0,0,3,13,2
5/7/2023,8:00 AM,82,89,29.64,Clear,0,0,0,0,3,14,2
5/7/2023,8:30 AM,82,89,29.64,Clear,0,0,0,0,3,15,1
5/7/2023,9:00 AM,86,84,29.67,Clear,0,0,0,0,2,7,1
5/7/2023,9:30 AM,88,79,29.67,Clear,0,0,0,0,2,6,2
5/7/2023,10:00 AM,90,75,29.64,Clear,0,0,0,0,2,7,2
5/7/2023,10:30 AM,90,75,29.64,Clear,0,0,0,0,2,7,2
5/7/2023,11:00 AM,91,71,29.64,Clear,0,0,0,0,2,6,2
5/7/2023,11:30 AM,91,66,29.64,Clear,0,0,0,0,2,6,2
5/7/2023,12:00 PM,93,63,29.61,Clear,0,0,0,0,2,7,2
5/7/2023,12:30 PM,95,59,29.61,Clear,0,0,0,0,2,8,2
5/7/2023,1:00 PM,95,59,29.58,Clear,0,0,0,0,2,7,1
5/7/2023,1:30 PM,95,56,29.58,Clear,0,0,0,0,2,8,2
5/7/2023,2:00 PM,97,53,29.55,Clear,0,0,0,0,2,8,2
5/7/2023,2:30 PM,95,56,29.55,Clear,0,0,0,0,2,8,1
5/7/2023,3:00 PM,95,59,29.55,Clear,0,0,0,0,2,6,2
5/7/2023,3:30 PM,93,59,29.52,Clear,0,0,0,0,2,7,2
5/7/2023,4:00 PM,91,63,29.52,Clear,0,0,0,0,3,13,2
5/7/2023,4:30 PM,91,63,29.52,Clear,0,0,0,0,3,11,2
5/7/2023,5:00 PM,90,66,29.52,Clear,0,0,0,0,2,15,2
5/7/2023,5:30 PM,88,70,29.52,Clear,0,0,0,0,3,13,3
5/7/2023,6:00 PM,88,70,29.55,Clear,0,0,0,0,3,15,2
5/7/2023,6:30 PM,86,74,29.58,Clear,0,0,0,0,3,13,2
5/7/2023,7:00 PM,84,74,29.55,Clear,0,0,0,0,3,14,2
5/7/2023,7:30 PM,84,74,29.58,Clear,0,0,0,0,2,13,2
5/7/2023,8:00 PM,84,74,29.58,Clear,0,0,0,0,2,8,1
5/7/2023,8:30 PM,82,79,29.61,Clear,0,0,0,0,2,8,2
5/7/2023,9:00 PM,82,84,29.61,Clear,0,0,0,0,2,8,2
5/7/2023,9:30 PM,82,84,29.61,Clear,0,0,0,0,2,8,2
5/7/2023,10:00 PM,82,84,29.64,Clear,0,0,0,0,2,8,2
5/7/2023,10:30 PM,82,84,29.64,Clear,0,0,0,0,2,8,2
5/7/2023,11:00 PM,81,89,29.64,Clear,0,0,0,0,2,7,2
5/7/2023,11:30 PM,81,89,29.64,Clear,0,0,0,0,2,8,2
5/8/2023,12:00 AM,81,89,29.64,Clear,0,0,0,0,0,3,2
5/8/2023,12:30 AM,81,89,29.61,Clear,0,0,0,0,0,3,2
5/8/2023,1:00 AM,81,89,29.61,Clear,0,0,0,0,0,4,2
5/8/2023,1:30 AM,81,89,29.61,Clear,0,0,0,0,0,3,2
5/8/2023,2:00 AM,81,89,29.58,Clear,0,0,0,0,1,3,2
5/8/2023,2:30 AM,81,89,29.58,Clear,0,0,0,0,0,3,2
5/8/2023,3:00 AM,79,94,29.58,Clear,0,0,0,0,0,3,2
5/8/2023,3:30 AM,79,94,29.58,Clear,0,0,0,0,1,3,2
5/8/2023,4:00 AM,79,94,29.58,Clear,0,0,0,0,0,3,3
5/8/2023,4:30 AM,79,94,29.58,Clear,0,0,0,0,0,3,2
5/8/2023,5:00 AM,79,94,29.58,Clear,0,0,0,0,3,13,2
5/8/2023,5:30 AM,79,94,29.58,Clear,0,0,0,0,3,14,2
5/8/2023,6:00 AM,79,94,29.58,Clear,0,0,0,0,3,11,2
5/8/2023,6:30 AM,79,94,29.61,Clear,0,0,0,0,3,16,2
5/8/2023,7:00 AM,81,89,29.61,Clear,0,0,0,0,3,16,1
5/8/2023,7:30 AM,81,94,29.61,Clear,0,0,0,0,3,14,1
5/8/2023,8:00 AM,84,84,29.64,Clear,0,0,0,0,3,11,2
5/8/2023,8:30 AM,84,84,29.64,Clear,0,0,0,0,3,14,2
5/8/2023,9:00 AM,86,84,29.64,Clear,0,0,0,0,2,8,2
5/8/2023,9:30 AM,88,79,29.64,Clear,0,0,0,0,2,7,2
5/8/2023,10:00 AM,91,71,29.64,Clear,0,0,0,0,2,8,2
5/8/2023,10:30 AM,93,67,29.67,Clear,0,0,0,0,2,6,1
5/8/2023,11:00 AM,93,59,29.64,Clear,0,0,0,0,2,8,2
5/8/2023,11:30 AM,95,56,29.64,Clear,0,0,0,0,2,6,2
5/8/2023,12:00 PM,95,56,29.64,Clear,0,0,0,0,2,6,2
5/8/2023,12:30 PM,95,56,29.64,Clear,0,0,0,0,2,7,1
5/8/2023,1:00 PM,95,56,29.61,Clear,0,0,0,0,2,7,2
5/8/2023,1:30 PM,95,56,29.58,Clear,0,0,0,0,2,6,2
5/8/2023,2:00 PM,97,53,29.58,Clear,0,0,0,0,2,5,2
5/8/2023,2:30 PM,97,53,29.58,Clear,0,0,0,0,2,6,2
5/8/2023,3:00 PM,97,53,29.55,Clear,0,0,0,0,2,6,2
5/8/2023,3:30 PM,95,56,29.55,Clear,0,0,0,0,2,8,2
5/8/2023,4:00 PM,93,59,29.52,Clear,0,0,0,0,3,12,2
5/8/2023,4:30 PM,93,59,29.52,Clear,0,0,0,0,2,16,2
5/8/2023,5:00 PM,93,59,29.52,Clear,0,0,0,0,3,13,2
5/8/2023,5:30 PM,93,59,29.52,Clear,0,0,0,0,2,16,2
5/8/2023,6:00 PM,91,63,29.52,Clear,0,0,0,0,3,15,2
5/8/2023,6:30 PM,90,66,29.55,Clear,0,0,0,0,3,16,2
5/8/2023,7:00 PM,86,74,29.55,Clear,0,0,0,0,3,14,2
5/8/2023,7:30 PM,84,79,29.58,Clear,0,0,0,0,3,15,2
5/8/2023,8:00 PM,84,79,29.58,Clear,0,0,0,0,2,8,1
5/8/2023,8:30 PM,84,79,29.61,Clear,0,0,0,0,2,7,2
5/8/2023,9:00 PM,82,84,29.61,Clear,0,0,0,0,2,9,1
5/8/2023,9:30 PM,82,84,29.64,Clear,0,0,0,0,2,9,2
5/8/2023,10:00 PM,82,84,29.67,Clear,0,0,0,0,2,8,2
5/8/2023,10:30 PM,82,84,29.67,Clear,0,0,0,0,2,9,2
5/8/2023,11:00 PM,81,89,29.67,Clear,0,0,0,0,1,7,2
5/8/2023,11:30 PM,81,89,29.67,Clear,0,0,0,0,1,8,2
5/9/2023,12:00 AM,81,89,29.67,Clear,0,0,0,0,0,3,3
5/9/2023,12:30 AM,81,89,29.67,Clear,0,0,0,0,0,3,2
5/9/2023,1:00 AM,81,89,29.64,Clear,0,0,0,0,0,3,2
5/9/2023,1:30 AM,81,89,29.64,Clear,0,0,0,0,0,3,2
5/9/2023,2:00 AM,79,94,29.64,Clear,0,0,0,0,0,3,2
5/9/2023,2:30 AM,79,94,29.64,Clear,0,0,0,0,1,4,2
5/9/2023,3:00 AM,81,89,29.61,Clear,0,0,0,0,0,3,2
5/9/2023,3:30 AM,81,89,29.61,Clear,0,0,0,0,0,4,2
5/9/2023,4:00 AM,79,94,29.61,Clear,0,0,0,0,1,3,2
5/9/2023,4:30 AM,79,94,29.61,Clear,0,0,0,0,1,3,2
5/9/2023,5:00 AM,79,94,29.64,Clear,0,0,0,0,3,16,2
5/9/2023,5:30 AM,79,94,29.64,Clear,0,0,0,0,3,12,2
5/9/2023,6:00 AM,79,94,29.64,Clear,0,0,0,0,3,13,2
5/9/2023,6:30 AM,79,94,29.64,Clear,0,0,0,0,3,14,2
5/9/2023,7:00 AM,79,94,29.64,Clear,0,0,0,0,3,15,2
5/9/2023,7:30 AM,81,94,29.64,Clear,0,0,0,0,3,15,2
5/9/2023,8:00 AM,82,89,29.67,Clear,0,0,0,0,3,12,2
5/9/2023,8:30 AM,84,89,29.67,Clear,0,0,0,0,3,13,1
5/9/2023,9:00 AM,86,84,29.67,Clear,0,0,0,0,2,7,1
5/9/2023,9:30 AM,88,79,29.67,Clear,0,0,0,0,2,7,2
5/9/2023,10:00 AM,90,75,29.67,Clear,0,0,0,0,2,8,2
5/9/2023,10:30 AM,90,75,29.64,Clear,0,0,0,0,2,7,1
5/9/2023,11:00 AM,93,67,29.64,Clear,0,0,0,0,2,6,1
5/9/2023,11:30 AM,95,59,29.64,Clear,0,0,0,0,2,6,2
5/9/2023,12:00 PM,97,56,29.61,Clear,0,0,0,0,2,7,2
5/9/2023,12:30 PM,97,53,29.61,Clear,0,0,0,0,2,8,2
5/9/2023,1:00 PM,97,53,29.61,Clear,0,0,0,0,2,6,2
5/9/2023,1:30 PM,97,53,29.58,Clear,0,0,0,0,2,6,2
5/9/2023,2:00 PM,97,53,29.58,Clear,0,0,0,0,2,6,2
5/9/2023,2:30 PM,99,47,29.55,Clear,0,0,0,0,2,7,2
5/9/2023,3:00 PM,99,47,29.55,Clear,0,0,0,0,2,5,2
5/9/2023,3:30 PM,97,50,29.55,Clear,0,0,0,0,2,6,2
5/9/2023,4:00 PM,97,50,29.55,Clear,0,0,0,0,2,14,2
5/9/2023,4:30 PM,95,56,29.52,Clear,0,0,0,0,3,11,2
5/9/2023,5:00 PM,93,59,29.52,Rain,0,0,0,0,2,15,2
5/9/2023,5:30 PM,86,66,29.55,Rain,0,0,0,0,2,14,2
5/9/2023,6:00 PM,82,74,29.58,Rain,0,0,0,0,2,16,2
5/9/2023,6:30 PM,81,79,29.61,Rain,0,0,0,0,2,12,2
5/9/2023,7:00 PM,79,83,29.64,Rain,0,0,0,0,2,17,2
5/9/2023,7:30 PM,77,89,29.61,Rain,0,0,0,0,2,13,2
5/9/2023,8:00 PM,79,89,29.67,Clear,0,0,0,0,2,8,2
5/9/2023,8:30 PM,79,89,29.67,Clear,0,0,0,0,1,8,2
5/9/2023,9:00 PM,79,89,29.67,Clear,0,0,0,0,2,7,2
5/9/2023,9:30 PM,79,89,29.67,Clear,0,0,0,0,1,8,2
5/9/2023,10:00 PM,79,89,29.7,Clear,0,0,0,0,1,8,1
5/9/2023,10:30 PM,79,89,29.7,Clear,0,0,0,0,2,8,2
5/9/2023,11:00 PM,79,89,29.7,Clear,0,0,0,0,2,9,2
5/9/2023,11:30 PM,79,94,29.7,Clear,0,0,0,0,2,7,2
5/10/2023,12:00 AM,79,94,29.7,Clear,0,0,0,0,0,3,2
5/10/2023,12:30 AM,79,94,29.7,Clear,0,0,0,0,0,4,2
5/10/2023,1:00 AM,79,94,29.67,Clear,0,0,0,0,1,3,2
5/10/2023,1:30 AM,79,94,29.67,Rain,0,0,0,0,0,3,2
5/10/2023,2:00 AM,77,100,29.67,Clear,0,0,0,0,0,3,2
5/10/2023,2:30 AM,77,100,29.64,Clear,0,0,0,0,0,3,2
5/10/2023,3:00 AM,77,94,29.64,Clear,0,0,0,0,0,3,2
5/10/2023,3:30 AM,77,94,29.64,Clear,0,0,0,0,1,3,2
5/10/2023,4:00 AM,77,94,29.64,Clear,0,0,0,0,0,2,2
5/10/2023,4:30 AM,77,94,29.64,Clear,0,0,0,0,0,4,2
5/10/2023,5:00 AM,77,100,29.64,Clear,0,0,0,0,3,15,2
5/10/2023,5:30 AM,77,100,29.67,Clear,0,0,0,0,3,14,2
5/10/2023,6:00 AM,77,100,29.67,Rain,0,0,0,0,2,15,2
5/10/2023,6:30 AM,77,100,29.7,Clear,0,0,0,0,3,15,2
5/10/2023,7:00 AM,79,94,29.7,Clear,0,0,0,0,3,16,1
5/10/2023,7:30 AM,79,100,29.7,Clear,0,0,0,0,3,15,2
5/10/2023,8:00 AM,81,94,29.7,Clear,0,0,0,0,3,13,2
5/10/2023,8:30 AM,82,89,29.7,Clear,0,0,0,0,3,14,1
5/10/2023,9:00 AM,84,84,29.7,Clear,0,0,0,0,2,8,1
5/10/2023,9:30 AM,86,79,29.7,Clear,0,0,0,0,2,7,2
5/10/2023,10:00 AM,86,79,29.73,Clear,0,0,0,0,2,6,2
5/10/2023,10:30 AM,90,75,29.7,Clear,0,0,0,0,2,7,2
5/10/2023,11:00 AM,91,66,29.7,Clear,0,0,0,0,2,6,2
5/10/2023,11:30 AM,93,59,29.7,Clear,0,0,0,0,2,7,2
5/10/2023,12:00 PM,93,59,29.7,Clear,0,0,0,0,2,8,2
5/10/2023,12:30 PM,93,56,29.67,Clear,0,0,0,0,2,8,2
5/10/2023,1:00 PM,95,53,29.67,Clear,0,0,0,0,2,6,2
5/10/2023,1:30 PM,95,49,29.64,Clear,0,0,0,0,2,7,2
5/10/2023,2:00 PM,93,52,29.64,Clear,0,0,0,0,2,8,2
5/10/2023,2:30 PM,93,56,29.64,Clear,0,0,0,0,2,8,2
5/10/2023,3:00 PM,93,59,29.61,Clear,0,0,0,0,2,7,1
5/10/2023,3:30 PM,91,63,29.61,Clear,0,0,0,0,2,7,2
5/10/2023,4:00 PM,91,59,29.61,Clear,0,0,0,0,3,16,2
5/10/2023,4:30 PM,91,59,29.61,Clear,0,0,0,0,3,12,2
5/10/2023,5:00 PM,90,62,29.61,Clear,0,0,0,0,3,12,2
5/10/2023,5:30 PM,90,66,29.61,Clear,0,0,0,0,3,13,2
5/10/2023,6:00 PM,88,70,29.64,Clear,0,0,0,0,3,15,3
5/10/2023,6:30 PM,86,74,29.64,Clear,0,0,0,0,3,15,2
5/10/2023,7:00 PM,86,74,29.64,Clear,0,0,0,0,3,14,3
5/10/2023,7:30 PM,84,79,29.67,Clear,0,0,0,0,3,15,2
5/10/2023,8:00 PM,84,79,29.67,Clear,0,0,0,0,2,7,2
5/10/2023,8:30 PM,82,84,29.67,Clear,0,0,0,0,2,7,2
5/10/2023,9:00 PM,81,84,29.67,Clear,0,0,0,0,1,8,2
5/10/2023,9:30 PM,79,89,29.7,Clear,0,0,0,0,2,6,2
5/10/2023,10:00 PM,79,89,29.7,Clear,0,0,0,0,2,7,2
5/10/2023,10:30 PM,79,89,29.7,Clear,0,0,0,0,2,8,2
5/10/2023,11:00 PM,77,94,29.73,Clear,0,0,0,0,2,8,2
5/10/2023,11:30 PM,77,94,29.7,Clear,0,0,0,0,2,7,2
5/11/2023,12:00 AM,77,94,29.7,Clear,0,0,0,0,0,3,2
5/11/2023,12:30 AM,77,94,29.7,Clear,0,0,0,0,0,3,2
5/11/2023,1:00 AM,77,94,29.7,Clear,0,0,0,0,0,3,2
5/11/2023,1:30 AM,77,94,29.7,Clear,0,0,0,0,0,3,3
5/11/2023,2:00 AM,75,100,29.7,Clear,0,0,0,0,0,3,2
5/11/2023,2:30 AM,75,94,29.7,Clear,0,0,0,0,0,4,2
5/11/2023,3:00 AM,75,94,29.7,Clear,0,0,0,0,0,3,3
5/11/2023,3:30 AM,75,94,29.7,Clear,0,0,0,0,0,3,2
5/11/2023,4:00 AM,75,94,29.7,Clear,0,0,0,0,0,3,2
5/11/2023,4:30 AM,73,100,29.7,Clear,0,0,0,0,0,3,2
5/11/2023,5:00 AM,73,100,29.7,Clear,0,0,0,0,3,12,2
5/11/2023,5:30 AM,73,100,29.7,Clear,0,0,0,0,4,14,2
5/11/2023,6:00 AM,73,100,29.7,Clear,0,0,0,0,2,16,2
5/11/2023,6:30 AM,73,100,29.73,Clear,0,0,0,0,3,13,2
5/11/2023,7:00 AM,77,94,29.73,Clear,0,0,0,0,3,12,2
5/11/2023,7:30 AM,79,94,29.76,Clear,0,0,0,0,3,14,1
5/11/2023,8:00 AM,82,89,29.76,Clear,0,0,0,0,3,15,2
5/11/2023,8:30 AM,88,84,29.76,Clear,0,0,0,0,2,13,2
5/11/2023,9:00 AM,88,79,29.76,Clear,0,0,0,0,2,8,1
5/11/2023,9:30 AM,88,79,29.76,Clear,0,0,0,0,2,7,2
5/11/2023,10:00 AM,91,75,29.76,Clear,0,0,0,0,2,8,2
5/11/2023,10:30 AM,91,71,29.76,Clear,0,0,0,0,2,7,2
5/11/2023,11:00 AM,93,67,29.73,Clear,0,0,0,0,2,7,1
5/11/2023,11:30 AM,93,59,29.73,Clear,0,0,0,0,2,7,2
5/11/2023,12:00 PM,95,56,29.73,Clear,0,0,0,0,2,7,2
5/11/2023,12:30 PM,95,56,29.7,Clear,0,0,0,0,2,6,2
5/11/2023,1:00 PM,93,56,29.7,Clear,0,0,0,0,2,6,2
5/11/2023,1:30 PM,93,59,29.67,Clear,0,0,0,0,2,8,2
5/11/2023,2:00 PM,95,56,29.67,Clear,0,0,0,0,2,6,1
5/11/2023,2:30 PM,95,56,29.67,Clear,0,0,0,0,2,6,1
5/11/2023,3:00 PM,95,56,29.64,Clear,0,0,0,0,2,6,2
5/11/2023,3:30 PM,95,53,29.64,Clear,0,0,0,0,2,7,2
5/11/2023,4:00 PM,95,56,29.64,Clear,0,0,0,0,3,12,2
5/11/2023,4:30 PM,93,56,29.64,Clear,0,0,0,0,3,12,2
5/11/2023,5:00 PM,93,56,29.61,Clear,0,0,0,0,3,15,2
5/11/2023,5:30 PM,91,59,29.64,Clear,0,0,0,0,3,14,2
5/11/2023,6:00 PM,90,62,29.64,Clear,0,0,0,0,2,11,2
5/11/2023,6:30 PM,88,66,29.64,Clear,0,0,0,0,3,15,2
5/11/2023,7:00 PM,86,74,29.64,Clear,0,0,0,0,3,15,2
5/11/2023,7:30 PM,84,79,29.67,Clear,0,0,0,0,3,13,2
5/11/2023,8:00 PM,84,79,29.67,Clear,0,0,0,0,2,7,2
5/11/2023,8:30 PM,82,84,29.7,Clear,0,0,0,0,2,9,2
5/11/2023,9:00 PM,81,84,29.7,Clear,0,0,0,0,2,10,2
5/11/2023,9:30 PM,81,84,29.7,Clear,0,0,0,0,2,7,2
5/11/2023,10:00 PM,81,89,29.73,Clear,0,0,0,0,2,6,2
5/11/2023,10:30 PM,81,89,29.73,Clear,0,0,0,0,2,10,1
5/11/2023,11:00 PM,81,89,29.73,Clear,0,0,0,0,1,8,2
5/11/2023,11:30 PM,79,89,29.73,Clear,0,0,0,0,2,8,2
5/12/2023,12:00 AM,79,89,29.73,Clear,0,0,0,0,0,3,2
5/12/2023,12:30 AM,77,94,29.73,Clear,0,0,0,0,0,3,2
5/12/2023,1:00 AM,77,94,29.73,Clear,0,0,0,0,0,3,2
5/12/2023,1:30 AM,77,94,29.73,Clear,0,0,0,0,0,3,2
5/12/2023,2:00 AM,77,94,29.7,Clear,0,0,0,0,0,3,2
5/12/2023,2:30 AM,75,100,29.7,Clear,0,0,0,0,0,3,3
5/12/2023,3:00 AM,75,94,29.7,Clear,0,0,0,0,0,4,2
5/12/2023,3:30 AM,75,94,29.7,Clear,0,0,0,0,0,3,2
5/12/2023,4:00 AM,75,94,29.7,Clear,0,0,0,0,0,4,2
5/12/2023,4:30 AM,75,94,29.7,Clear,0,0,0,0,1,3,2
5/12/2023,5:00 AM,75,94,29.7,Clear,0,0,0,0,2,14,2
5/12/2023,5:30 AM,75,94,29.7,Clear,0,0,0,0,3,14,2
5/12/2023,6:00 AM,75,94,29.73,Clear,0,0,0,0,3,13,2
5/12/2023,6:30 AM,75,100,29.73,Clear,0,0,0,0,3,14,1
5/12/2023,7:00 AM,77,100,29.76,Clear,0,0,0,0,3,14,1
5/12/2023,7:30 AM,81,94,29.76,Clear,0,0,0,0,2,16,2
5/12/2023,8:00 AM,84,89,29.76,Clear,0,0,0,0,3,15,2
5/12/2023,8:30 AM,88,79,29.76,Clear,0,0,0,0,2,14,2
5/12/2023,9:00 AM,90,75,29.76,Clear,0,0,0,0,2,6,2
5/12/2023,9:30 AM,91,71,29.76,Clear,0,0,0,0,2,7,2
5/12/2023,10:00 AM,93,67,29.76,Clear,0,0,0,0,2,8,1
5/12/2023,10:30 AM,93,63,29.76,Clear,0,0,0,0,2,7,2
5/12/2023,11:00 AM,93,59,29.73,Clear,0,0,0,0,2,7,2
5/12/2023,11:30 AM,93,56,29.73,Clear,0,0,0,0,2,6,2
5/12/2023,12:00 PM,97,44,29.73,Clear,0,0,0,0,2,5,2
5/12/2023,12:30 PM,97,50,29.7,Clear,0,0,0,0,2,7,2
5/12/2023,1:00 PM,99,44,29.7,Clear,0,0,0,0,2,6,1
5/12/2023,1:30 PM,97,47,29.67,Clear,0,0,0,0,2,7,2
5/12/2023,2:00 PM,97,47,29.67,Clear,0,0,0,0,2,7,1
5/12/2023,2:30 PM,97,47,29.64,Clear,0,0,0,0,2,6,2
5/12/2023,3:00 PM,95,49,29.64,Clear,0,0,0,0,2,7,1
5/12/2023,3:30 PM,93,52,29.64,Clear,0,0,0,0,2,7,1
5/12/2023,4:00 PM,95,53,29.64,Clear,0,0,0,0,3,16,2
5/12/2023,4:30 PM,95,53,29.61,Clear,0,0,0,0,3,14,2
5/12/2023,5:00 PM,93,56,29.61,Clear,0,0,0,0,3,13,2
5/12/2023,5:30 PM,91,59,29.64,Clear,0,0,0,0,3,14,2
5/12/2023,6:00 PM,91,59,29.64,Clear,0,0,0,0,3,13,2
5/12/2023,6:30 PM,90,62,29.64,Clear,0,0,0,0,3,15,2
5/12/2023,7:00 PM,88,66,29.67,Clear,0,0,0,0,3,12,2
5/12/2023,7:30 PM,86,70,29.7,Clear,0,0,0,0,3,14,2
5/12/2023,8:00 PM,84,74,29.7,Clear,0,0,0,0,2,8,2
5/12/2023,8:30 PM,82,79,29.7,Clear,0,0,0,0,2,8,2
5/12/2023,9:00 PM,81,84,29.73,Clear,0,0,0,0,2,8,2
5/12/2023,9:30 PM,82,79,29.73,Clear,0,0,0,0,1,7,1
5/12/2023,10:00 PM,81,84,29.76,Clear,0,0,0,0,2,8,2
5/12/2023,10:30 PM,79,89,29.76,Clear,0,0,0,0,2,7,2
5/12/2023,11:00 PM,79,89,29.76,Clear,0,0,0,0,2,8,2
5/12/2023,11:30 PM,77,94,29.76,Clear,0,0,0,0,2,8,2
05/13/2023,12:00 AM,77,94,29.76,Clear,0,0,0,0,0,3,2
05/13/2023,12:30 AM,77,94,29.76,Clear,0,0,0,0,0,3,2
05/13/2023,1:00 AM,77,94,29.76,Clear,0,0,0,0,0,4,2
05/13/2023,1:30 AM,77,94,29.76,Clear,0,0,0,0,0,3,2
05/13/2023,2:00 AM,77,94,29.73,Clear,0,0,0,0,0,3,2
05/13/2023,2:30 AM,77,94,29.73,Clear,0,0,0,0,0,3,2
05/13/2023,3:00 AM,75,100,29.73,Clear,0,0,0,0,0,4,2
05/13/2023,3:30 AM,75,100,29.73,Clear,0,0,0,0,1,3,2
05/13/2023,4:00 AM,75,100,29.73,Clear,0,0,0,0,0,3,2
05/13/2023,4:30 AM,75,100,29.73,Clear,0,0,0,0,1,3,2
05/13/2023,5:00 AM,75,94,29.73,Clear,0,0,0,0,3,15,2
05/13/2023,5:30 AM,75,94,29.73,Clear,0,0,0,0,3,11,2
05/13/2023,6:00 AM,75,94,29.76,Clear,0,0,0,0,3,14,2
05/13/2023,6:30 AM,75,94,29.76,Clear,0,0,0,0,3,13,2
05/13/2023,7:00 AM,79,94,29.76,Clear,0,0,0,0,2,15,2
05/13/2023,7:30 AM,82,89,29.76,Clear,0,0,0,0,3,14,2
05/13/2023,8:00 AM,84,89,29.76,Clear,0,0,0,0,3,13,2
05/13/2023,8:30 AM,88,79,29.79,Clear,0,0,0,0,2,15,2
05/13/2023,9:00 AM,91,71,29.79,Clear,0,0,0,0,2,6,1
05/13/2023,9:30 AM,93,63,29.79,Clear,0,0,0,0,2,7,2
05/13/2023,10:00 AM,93,63,29.76,Clear,0,0,0,0,2,7,2
05/13/2023,10:30 AM,95,56,29.76,Clear,0,0,0,0,2,5,2
05/13/2023,11:00 AM,93,56,29.73,Clear,0,0,0,0,2,6,1
05/13/2023,11:30 AM,97,53,29.73,Clear,0,0,0,0,2,6,2
05/13/2023,12:00 PM,99,47,29.73,Clear,0,0,0,0,2,6,2
05/13/2023,12:30 PM,99,44,29.7,Clear,0,0,0,0,2,7,2
05/13/2023,1:00 PM,99,44,29.7,Clear,0,0,0,0,2,7,2
05/13/2023,1:30 PM,99,44,29.67,Clear,0,0,0,0,2,7,1
05/13/2023,2:00 PM,97,47,29.67,Clear,0,0,0,0,2,6,2
05/13/2023,2:30 PM,99,44,29.64,Clear,0,0,0,0,2,6,1
05/13/2023,3:00 PM,99,44,29.64,Clear,0,0,0,0,2,5,2
05/13/2023,3:30 PM,99,47,29.64,Clear,0,0,0,0,2,6,2
05/13/2023,4:00 PM,97,50,29.61,Clear,0,0,0,0,3,13,2
05/13/2023,4:30 PM,95,53,29.61,Clear,0,0,0,0,3,12,2
05/13/2023,5:00 PM,93,56,29.61,Clear,0,0,0,0,3,14,2
05/13/2023,5:30 PM,93,56,29.64,Clear,0,0,0,0,3,13,2
05/13/2023,6:00 PM,90,62,29.64,Rain,0,0,0,0,2,12,2
05/13/2023,6:30 PM,84,79,29.64,Clear,0,0,0,0,3,12,2
05/13/2023,7:00 PM,82,89,29.67,Clear,0,0,0,0,3,13,2
05/13/2023,7:30 PM,82,89,29.67,Clear,0,0,0,0,3,17,2
05/13/2023,8:00 PM,81,89,29.7,Clear,0,0,0,0,2,8,2
05/13/2023,8:30 PM,81,89,29.7,Clear,0,0,0,0,2,7,2
05/13/2023,9:00 PM,79,94,29.73,Clear,0,0,0,0,2,8,2
05/13/2023,9:30 PM,79,94,29.73,Clear,0,0,0,0,2,9,2
05/13/2023,10:00 PM,79,94,29.76,Clear,0,0,0,0,2,7,2
05/13/2023,10:30 PM,79,94,29.76,Clear,0,0,0,0,2,9,2
05/13/2023,11:00 PM,79,94,29.76,Clear,0,0,0,0,2,7,2
05/13/2023,11:30 PM,77,100,29.76,Clear,0,0,0,0,2,8,2
05/14/2023,12:00 AM,77,100,29.76,Clear,0,0,0,0,0,4,2
05/14/2023,12:30 AM,77,94,29.76,Clear,0,0,0,0,0,3,2
05/14/2023,1:00 AM,77,94,29.73,Clear,0,0,0,0,0,3,2
05/14/2023,1:30 AM,77,94,29.73,Clear,0,0,0,0,0,3,3
05/14/2023,2:00 AM,77,94,29.73,Clear,0,0,0,0,1,4,3
05/14/2023,2:30 AM,77,94,29.7,Clear,0,0,0,0,0,3,2
05/14/2023,3:00 AM,75,100,29.7,Clear,0,0,0,0,0,4,2
05/14/2023,3:30 AM,75,100,29.7,Clear,0,0,0,0,0,3,2
05/14/2023,4:00 AM,75,100,29.7,Clear,0,0,0,0,0,3,2
05/14/2023,4:30 AM,75,100,29.73,Clear,0,0,0,0,0,3,2
05/14/2023,5:00 AM,75,100,29.73,Clear,0,0,0,0,3,12,2
05/14/2023,5:30 AM,75,100,29.73,Clear,0,0,0,0,2,13,2
05/14/2023,6:00 AM,75,100,29.73,Clear,0,0,0,0,3,15,2
05/14/2023,6:30 AM,75,100,29.73,Clear,0,0,0,0,3,11,1
05/14/2023,7:00 AM,77,100,29.76,Clear,0,0,0,0,3,12,2
05/14/2023,7:30 AM,79,100,29.76,Clear,0,0,0,0,3,12,2
05/14/2023,8:00 AM,84,89,29.76,Clear,0,0,0,0,3,11,2
05/14/2023,8:30 AM,86,84,29.76,Clear,0,0,0,0,3,12,2
05/14/2023,9:00 AM,90,79,29.76,Clear,0,0,0,0,2,7,2
05/14/2023,9:30 AM,91,75,29.76,Clear,0,0,0,0,2,6,2
05/14/2023,10:00 AM,95,67,29.76,Clear,0,0,0,0,1,7,2
05/14/2023,10:30 AM,95,63,29.76,Clear,0,0,0,0,2,6,2
05/14/2023,11:00 AM,95,59,29.76,Clear,0,0,0,0,2,7,1
05/14/2023,11:30 AM,97,53,29.73,Clear,0,0,0,0,2,7,1
05/14/2023,12:00 PM,97,53,29.73,Clear,0,0,0,0,2,7,1
05/14/2023,12:30 PM,90,62,29.73,Clear,0,0,0,0,2,7,1
05/14/2023,1:00 PM,93,59,29.73,Clear,0,0,0,0,2,6,2
05/14/2023,1:30 PM,88,70,29.7,Clear,0,0,0,0,2,6,2
05/14/2023,2:00 PM,90,70,29.7,Clear,0,0,0,0,2,7,2
05/14/2023,2:30 PM,91,66,29.67,Clear,0,0,0,0,2,7,1
05/14/2023,3:00 PM,91,66,29.67,Clear,0,0,0,0,2,7,2
05/14/2023,3:30 PM,91,63,29.64,Clear,0,0,0,0,2,7,2
05/14/2023,4:00 PM,91,63,29.64,Clear,0,0,0,0,2,12,3
05/14/2023,4:30 PM,93,56,29.64,Clear,0,0,0,0,3,12,2
05/14/2023,5:00 PM,91,59,29.64,Clear,0,0,0,0,3,14,2
05/14/2023,5:30 PM,91,59,29.64,Clear,0,0,0,0,3,13,2
05/14/2023,6:00 PM,90,62,29.67,Clear,0,0,0,0,3,12,2
05/14/2023,6:30 PM,88,66,29.67,Clear,0,0,0,0,3,12,3
05/14/2023,7:00 PM,88,66,29.7,Clear,0,0,0,0,3,12,2
05/14/2023,7:30 PM,86,70,29.7,Clear,0,0,0,0,3,15,2
05/14/2023,8:00 PM,84,74,29.73,Clear,0,0,0,0,1,8,2
05/14/2023,8:30 PM,82,79,29.73,Clear,0,0,0,0,2,9,2
05/14/2023,9:00 PM,82,79,29.76,Clear,0,0,0,0,2,8,2
05/14/2023,9:30 PM,82,79,29.76,Clear,0,0,0,0,1,8,1
05/14/2023,10:00 PM,81,89,29.76,Clear,0,0,0,0,2,9,1
05/14/2023,10:30 PM,81,84,29.76,Clear,0,0,0,0,2,9,2
05/14/2023,11:00 PM,79,89,29.76,Clear,0,0,0,0,2,8,2
05/14/2023,11:30 PM,79,94,29.76,Clear,0,0,0,0,2,6,1
05/15/2023,12:00 AM,79,89,29.76,Clear,0,0,0,0,0,3,2
05/15/2023,12:30 AM,79,89,29.76,Clear,0,0,0,0,0,3,2
05/15/2023,1:00 AM,79,89,29.76,Clear,0,0,0,0,0,3,2
05/15/2023,1:30 AM,79,89,29.73,Clear,0,0,0,0,0,3,2
05/15/2023,2:00 AM,77,94,29.73,Clear,0,0,0,0,0,3,2
05/15/2023,2:30 AM,77,94,29.73,Clear,0,0,0,0,0,3,2
05/15/2023,3:00 AM,77,94,29.7,Clear,0,0,0,0,0,3,2
05/15/2023,3:30 AM,77,94,29.7,Clear,0,0,0,0,0,3,2
05/15/2023,4:00 AM,77,94,29.7,Clear,0,0,0,0,0,3,2
05/15/2023,4:30 AM,77,94,29.7,Clear,0,0,0,0,0,3,2
05/15/2023,5:00 AM,75,100,29.7,Clear,0,0,0,0,3,12,2
05/15/2023,5:30 AM,75,94,29.73,Clear,0,0,0,0,3,14,2
05/15/2023,6:00 AM,75,94,29.73,Clear,0,0,0,0,3,16,2
05/15/2023,6:30 AM,75,94,29.76,Clear,0,0,0,0,2,12,2
05/15/2023,7:00 AM,79,94,29.76,Clear,0,0,0,0,3,14,2
05/15/2023,7:30 AM,81,94,29.76,Clear,0,0,0,0,3,16,2
05/15/2023,8:00 AM,82,94,29.76,Clear,0,0,0,0,3,13,2
05/15/2023,8:30 AM,86,84,29.79,Clear,0,0,0,0,3,12,2
05/15/2023,9:00 AM,91,75,29.79,Clear,0,0,0,0,2,5,2
05/15/2023,9:30 AM,91,71,29.79,Clear,0,0,0,0,2,6,2
05/15/2023,10:00 AM,91,71,29.79,Clear,0,0,0,0,2,7,2
05/15/2023,10:30 AM,93,63,29.79,Clear,0,0,0,0,2,6,2
05/15/2023,11:00 AM,95,56,29.79,Clear,0,0,0,0,2,8,2
05/15/2023,11:30 AM,97,50,29.76,Clear,0,0,0,0,2,5,2
05/15/2023,12:00 PM,97,50,29.76,Clear,0,0,0,0,2,6,1
05/15/2023,12:30 PM,99,47,29.73,Clear,0,0,0,0,2,7,2
05/15/2023,1:00 PM,97,50,29.73,Clear,0,0,0,0,2,7,2
05/15/2023,1:30 PM,97,50,29.7,Rain,0,0,0,0,1,8,2
05/15/2023,2:00 PM,86,74,29.7,Rain,0,0,0,0,2,7,2
05/15/2023,2:30 PM,86,74,29.67,Rain,0,0,0,0,1,7,1
05/15/2023,3:00 PM,81,89,29.67,Rain,0,0,0,0,2,7,2
05/15/2023,3:30 PM,81,89,29.67,Rain,0,0,0,0,2,8,2
05/15/2023,4:00 PM,81,89,29.67,Clear,0,0,0,0,3,14,2
05/15/2023,4:30 PM,81,89,29.67,Clear,0,0,0,0,3,15,2
05/15/2023,5:00 PM,81,94,29.67,Clear,0,0,0,0,3,14,2
05/15/2023,5:30 PM,81,94,29.67,Clear,0,0,0,0,3,15,2
05/15/2023,6:00 PM,81,89,29.7,Clear,0,0,0,0,3,14,2
05/15/2023,6:30 PM,81,94,29.7,Clear,0,0,0,0,3,13,3
05/15/2023,7:00 PM,81,94,29.7,Clear,0,0,0,0,3,12,3
05/15/2023,7:30 PM,81,94,29.73,Clear,0,0,0,0,3,15,2
05/15/2023,8:00 PM,81,94,29.76,Clear,0,0,0,0,2,7,2
05/15/2023,8:30 PM,81,94,29.76,Clear,0,0,0,0,1,6,1
05/15/2023,9:00 PM,81,94,29.79,Clear,0,0,0,0,2,9,2
05/15/2023,9:30 PM,79,94,29.79,Clear,0,0,0,0,2,8,2
05/15/2023,10:00 PM,79,94,29.79,Clear,0,0,0,0,2,8,1
05/15/2023,10:30 PM,81,94,29.79,Clear,0,0,0,0,2,7,1
05/15/2023,11:00 PM,81,94,29.81,Clear,0,0,0,0,2,8,2
05/15/2023,11:30 PM,81,94,29.79,Clear,0,0,0,0,2,8,2
05/16/2023,12:00 AM,79,100,29.81,Clear,0,0,0,0,0,3,2
05/16/2023,12:30 AM,79,94,29.81,Clear,0,0,0,0,0,3,2
05/16/2023,1:00 AM,79,94,29.79,Clear,0,0,0,0,0,3,2
05/16/2023,1:30 AM,77,89,29.79,Rain,0,0,0,0,0,4,2
05/16/2023,2:00 AM,73,94,29.76,Rain,0,0,0,0,0,3,2
05/16/2023,2:30 AM,73,94,29.76,Rain,0,0,0,0,0,4,2
05/16/2023,3:00 AM,73,94,29.76,Clear,0,0,0,0,0,3,2
05/16/2023,3:30 AM,73,94,29.76,Clear,0,0,0,0,0,4,2
05/16/2023,4:00 AM,73,100,29.73,Clear,0,0,0,0,0,3,2
05/16/2023,4:30 AM,73,100,29.73,Clear,0,0,0,0,1,3,2
05/16/2023,5:00 AM,73,100,29.76,Rain,0,0,0,0,2,16,2
05/16/2023,5:30 AM,73,100,29.73,Clear,0,0,0,0,2,15,2
05/16/2023,6:00 AM,73,100,29.76,Clear,0,0,0,0,3,17,2
05/16/2023,6:30 AM,73,100,29.76,Clear,0,0,0,0,3,13,2
05/16/2023,7:00 AM,73,100,29.79,Rain,0,0,0,0,2,17,2
05/16/2023,7:30 AM,75,94,29.79,Rain,0,0,0,0,2,17,2
05/16/2023,8:00 AM,77,94,29.79,Clear,0,0,0,0,3,14,1
05/16/2023,8:30 AM,79,94,29.79,Clear,0,0,0,0,3,9,2
05/16/2023,9:00 AM,81,89,29.81,Clear,0,0,0,0,2,7,2
05/16/2023,9:30 AM,86,84,29.81,Clear,0,0,0,0,2,6,2
05/16/2023,10:00 AM,88,79,29.81,Clear,0,0,0,0,2,5,2
05/16/2023,10:30 AM,90,75,29.81,Clear,0,0,0,0,2,7,2
05/16/2023,11:00 AM,91,71,29.79,Clear,0,0,0,0,2,6,2
05/16/2023,11:30 AM,91,71,29.79,Clear,0,0,0,0,2,6,2
05/16/2023,12:00 PM,93,63,29.76,Clear,0,0,0,0,2,6,2
05/16/2023,12:30 PM,95,59,29.76,Clear,0,0,0,0,2,7,2
05/16/2023,1:00 PM,93,59,29.73,Clear,0,0,0,0,2,8,2
05/16/2023,1:30 PM,95,56,29.73,Clear,0,0,0,0,2,7,2
05/16/2023,2:00 PM,95,56,29.7,Rain,0,0,0,0,2,8,2
05/16/2023,2:30 PM,93,56,29.67,Rain,0,0,0,0,1,8,2
05/16/2023,3:00 PM,91,63,29.67,Clear,0,0,0,0,2,6,2
05/16/2023,3:30 PM,93,56,29.67,Clear,0,0,0,0,2,6,1
05/16/2023,4:00 PM,93,59,29.67,Clear,0,0,0,0,4,13,2
05/16/2023,4:30 PM,93,59,29.67,Clear,0,0,0,0,3,13,2
05/16/2023,5:00 PM,91,63,29.67,Clear,0,0,0,0,3,13,1
05/16/2023,5:30 PM,88,66,29.67,Clear,0,0,0,0,3,16,2
05/16/2023,6:00 PM,86,74,29.7,Clear,0,0,0,0,3,15,2
05/16/2023,6:30 PM,86,74,29.73,Clear,0,0,0,0,3,13,2
05/16/2023,7:00 PM,86,74,29.73,Clear,0,0,0,0,3,15,2
05/16/2023,7:30 PM,84,79,29.73,Clear,0,0,0,0,3,14,2
05/16/2023,8:00 PM,84,79,29.76,Clear,0,0,0,0,2,10,2
05/16/2023,8:30 PM,82,84,29.76,Clear,0,0,0,0,1,9,1
05/16/2023,9:00 PM,82,84,29.79,Clear,0,0,0,0,2,8,1
05/16/2023,9:30 PM,81,89,29.79,Clear,0,0,0,0,2,8,1
05/16/2023,10:00 PM,79,94,29.81,Clear,0,0,0,0,2,9,2
05/16/2023,10:30 PM,79,94,29.81,Clear,0,0,0,0,2,8,2
05/16/2023,11:00 PM,79,94,29.81,Clear,0,0,0,0,1,9,2
05/16/2023,11:30 PM,79,94,29.81,Clear,0,0,0,0,2,8,2
05/17/2023,12:00 AM,79,89,29.79,Clear,0,0,0,0,0,3,2
05/17/2023,12:30 AM,77,94,29.79,Clear,0,0,0,0,0,3,2
05/17/2023,1:00 AM,77,94,29.79,Clear,0,0,0,0,1,3,3
05/17/2023,1:30 AM,77,94,29.76,Clear,0,0,0,0,1,3,3
05/17/2023,2:00 AM,77,94,29.76,Clear,0,0,0,0,0,3,2
05/17/2023,2:30 AM,77,94,29.76,Clear,0,0,0,0,0,3,3
05/17/2023,3:00 AM,77,94,29.76,Clear,0,0,0,0,0,4,2
05/17/2023,3:30 AM,77,94,29.73,Clear,0,0,0,0,0,3,3
05/17/2023,4:00 AM,77,94,29.76,Clear,0,0,0,0,0,2,2
05/17/2023,4:30 AM,77,94,29.76,Clear,0,0,0,0,1,3,2
05/17/2023,5:00 AM,75,100,29.76,Clear,0,0,0,0,3,13,2
05/17/2023,5:30 AM,75,100,29.76,Clear,0,0,0,0,3,12,1
05/17/2023,6:00 AM,75,100,29.76,Clear,0,0,0,0,3,14,2
05/17/2023,6:30 AM,75,100,29.76,Clear,0,0,0,0,3,17,1
05/17/2023,7:00 AM,77,100,29.79,Clear,0,0,0,0,3,12,1
05/17/2023,7:30 AM,81,94,29.79,Clear,0,0,0,0,3,13,2
05/17/2023,8:00 AM,84,89,29.81,Clear,0,0,0,0,3,11,2
05/17/2023,8:30 AM,86,84,29.81,Clear,0,0,0,0,2,14,2
05/17/2023,9:00 AM,88,79,29.81,Clear,0,0,0,0,2,7,1
05/17/2023,9:30 AM,90,75,29.81,Clear,0,0,0,0,2,7,2
05/17/2023,10:00 AM,91,75,29.81,Clear,0,0,0,0,2,7,2
05/17/2023,10:30 AM,93,67,29.81,Rain,0,0,0,0,1,6,2
05/17/2023,11:00 AM,91,66,29.81,Rain,0,0,0,0,1,7,1
05/17/2023,11:30 AM,84,74,29.79,Clear,0,0,0,0,2,6,2
05/17/2023,12:00 PM,88,75,29.79,Rain,0,0,0,0,1,7,1
05/17/2023,12:30 PM,95,59,29.76,Clear,0,0,0,0,2,7,1
05/17/2023,1:00 PM,97,50,29.76,Clear,0,0,0,0,2,7,2
05/17/2023,1:30 PM,97,50,29.73,Clear,0,0,0,0,2,6,2
05/17/2023,2:00 PM,97,47,29.7,Clear,0,0,0,0,2,7,2
05/17/2023,2:30 PM,95,53,29.7,Clear,0,0,0,0,2,7,2
05/17/2023,3:00 PM,84,70,29.67,Rain,0,0,0,0,2,7,2
05/17/2023,3:30 PM,77,89,29.7,Clear,0,0,0,0,2,7,2
05/17/2023,4:00 PM,75,94,29.73,Clear,0,0,0,0,3,14,2
05/17/2023,4:30 PM,73,94,29.7,Rain,0,0,0,0,2,14,3
05/17/2023,5:00 PM,75,94,29.7,Rain,0,0,0,0,2,13,2
05/17/2023,5:30 PM,75,94,29.73,Rain,0,0,0,0,2,14,2
05/17/2023,6:00 PM,75,94,29.73,Clear,0,0,0,0,3,14,2
05/17/2023,6:30 PM,75,94,29.73,Rain,0,0,0,0,2,15,2
05/17/2023,7:00 PM,75,94,29.73,Clear,0,0,0,0,3,12,2
05/17/2023,7:30 PM,75,94,29.76,Clear,0,0,0,0,2,13,2
05/17/2023,8:00 PM,75,94,29.79,Clear,0,0,0,0,2,8,2
05/17/2023,8:30 PM,75,94,29.79,Clear,0,0,0,0,2,9,2
05/17/2023,9:00 PM,75,94,29.81,Clear,0,0,0,0,2,8,2
05/17/2023,9:30 PM,75,94,29.81,Clear,0,0,0,0,1,8,1
05/17/2023,10:00 PM,75,100,29.81,Clear,0,0,0,0,2,8,2
05/17/2023,10:30 PM,75,100,29.81,Clear,0,0,0,0,2,6,2
05/17/2023,11:00 PM,75,100,29.81,Clear,0,0,0,0,2,8,2
05/17/2023,11:30 PM,75,100,29.81,Clear,0,0,0,0,2,7,2
05/18/2023,12:00 AM,75,100,29.81,Clear,0,0,0,0,0,4,2
05/18/2023,12:30 AM,75,100,29.79,Clear,0,0,0,0,0,3,2
05/18/2023,1:00 AM,75,94,29.79,Clear,0,0,0,0,0,3,2
05/18/2023,1:30 AM,75,94,29.79,Clear,0,0,0,0,1,4,2
05/18/2023,2:00 AM,75,100,29.76,Clear,0,0,0,0,0,3,2
05/18/2023,2:30 AM,75,100,29.76,Clear,0,0,0,0,0,3,2
05/18/2023,3:00 AM,75,94,29.76,Clear,0,0,0,0,0,3,2
05/18/2023,3:30 AM,75,94,29.76,Clear,0,0,0,0,0,3,2
05/18/2023,4:00 AM,75,94,29.73,Clear,0,0,0,0,0,3,2
05/18/2023,4:30 AM,75,94,29.73,Clear,0,0,0,0,0,3,2
05/18/2023,5:00 AM,75,94,29.76,Clear,0,0,0,0,2,15,2
05/18/2023,5:30 AM,75,100,29.76,Clear,0,0,0,0,3,14,1
05/18/2023,6:00 AM,75,94,29.76,Clear,0,0,0,0,3,12,2
05/18/2023,6:30 AM,75,100,29.79,Clear,0,0,0,0,3,12,2
05/18/2023,7:00 AM,75,100,29.79,Clear,0,0,0,0,3,14,2
05/18/2023,7:30 AM,77,100,29.81,Clear,0,0,0,0,3,14,2
05/18/2023,8:00 AM,81,94,29.81,Clear,0,0,0,0,3,14,1
05/18/2023,8:30 AM,82,94,29.81,Clear,0,0,0,0,3,14,2
05/18/2023,9:00 AM,84,89,29.84,Clear,0,0,0,0,2,8,2
05/18/2023,9:30 AM,88,84,29.84,Clear,0,0,0,0,2,7,1
05/18/2023,10:00 AM,90,79,29.84,Clear,0,0,0,0,2,7,1
05/18/2023,10:30 AM,90,79,29.81,Rain,0,0,0,0,1,7,2
05/18/2023,11:00 AM,82,84,29.84,Rain,0,0,0,0,1,9,1
05/18/2023,11:30 AM,82,84,29.81,Rain,0,0,0,0,1,7,1
05/18/2023,12:00 PM,82,84,29.81,Rain,0,0,0,0,1,8,2
05/18/2023,12:30 PM,88,75,29.79,Clear,0,0,0,0,2,5,2
05/18/2023,1:00 PM,90,70,29.79,Clear,0,0,0,0,2,7,2
05/18/2023,1:30 PM,91,63,29.76,Clear,0,0,0,0,2,6,2
05/18/2023,2:00 PM,91,63,29.76,Clear,0,0,0,0,2,6,2
05/18/2023,2:30 PM,93,59,29.73,Clear,0,0,0,0,2,7,2
05/18/2023,3:00 PM,91,59,29.7,Clear,0,0,0,0,2,6,2
05/18/2023,3:30 PM,91,59,29.7,Clear,0,0,0,0,2,6,2
05/18/2023,4:00 PM,90,62,29.7,Clear,0,0,0,0,3,15,2
05/18/2023,4:30 PM,90,62,29.7,Clear,0,0,0,0,3,15,2
05/18/2023,5:00 PM,90,59,29.7,Clear,0,0,0,0,3,14,2
05/18/2023,5:30 PM,90,62,29.7,Clear,0,0,0,0,3,15,3
05/18/2023,6:00 PM,88,66,29.7,Clear,0,0,0,0,3,12,2
05/18/2023,6:30 PM,84,74,29.7,Clear,0,0,0,0,2,14,2
05/18/2023,7:00 PM,82,79,29.73,Clear,0,0,0,0,3,13,2
05/18/2023,7:30 PM,81,84,29.73,Clear,0,0,0,0,3,11,2
05/18/2023,8:00 PM,79,89,29.76,Clear,0,0,0,0,2,8,2
05/18/2023,8:30 PM,79,89,29.76,Clear,0,0,0,0,2,7,2
05/18/2023,9:00 PM,79,83,29.76,Clear,0,0,0,0,2,7,2
05/18/2023,9:30 PM,77,94,29.79,Clear,0,0,0,0,2,8,2
05/18/2023,10:00 PM,77,94,29.79,Clear,0,0,0,0,2,8,2
05/18/2023,10:30 PM,77,94,29.79,Clear,0,0,0,0,2,8,2
05/18/2023,11:00 PM,77,94,29.79,Clear,0,0,0,0,2,7,2
05/18/2023,11:30 PM,77,94,29.79,Clear,0,0,0,0,2,8,2
05/19/2023,12:00 AM,77,94,29.76,Clear,0,0,0,0,0,3,2
05/19/2023,12:30 AM,77,94,29.76,Clear,0,0,0,0,0,3,2
05/19/2023,1:00 AM,77,94,29.73,Clear,0,0,0,0,0,3,2
05/19/2023,1:30 AM,77,94,29.73,Clear,0,0,0,0,0,3,2
05/19/2023,2:00 AM,77,94,29.73,Clear,0,0,0,0,0,4,2
05/19/2023,2:30 AM,75,100,29.73,Clear,0,0,0,0,0,3,2
05/19/2023,3:00 AM,75,100,29.7,Clear,0,0,0,0,0,3,3
05/19/2023,3:30 AM,75,100,29.7,Clear,0,0,0,0,0,3,2
05/19/2023,4:00 AM,75,94,29.7,Clear,0,0,0,0,0,3,2
05/19/2023,4:30 AM,75,94,29.7,Clear,0,0,0,0,1,3,3
05/19/2023,5:00 AM,75,100,29.73,Clear,0,0,0,0,3,15,1
05/19/2023,5:30 AM,75,100,29.73,Clear,0,0,0,0,3,12,1
05/19/2023,6:00 AM,75,94,29.73,Clear,0,0,0,0,3,13,2
05/19/2023,6:30 AM,77,94,29.73,Clear,0,0,0,0,2,15,1
05/19/2023,7:00 AM,79,100,29.73,Clear,0,0,0,0,3,11,2
05/19/2023,7:30 AM,82,89,29.73,Clear,0,0,0,0,3,14,2
05/19/2023,8:00 AM,84,89,29.76,Clear,0,0,0,0,3,13,2
05/19/2023,8:30 AM,88,84,29.76,Clear,0,0,0,0,3,16,2
05/19/2023,9:00 AM,90,75,29.76,Clear,0,0,0,0,2,7,2
05/19/2023,9:30 AM,90,75,29.76,Clear,0,0,0,0,2,6,2
05/19/2023,10:00 AM,91,66,29.79,Clear,0,0,0,0,2,8,2
05/19/2023,10:30 AM,91,66,29.76,Clear,0,0,0,0,2,8,2
05/19/2023,11:00 AM,93,59,29.76,Clear,0,0,0,0,2,7,2
05/19/2023,11:30 AM,93,59,29.76,Clear,0,0,0,0,2,8,2
05/19/2023,12:00 PM,93,56,29.73,Clear,0,0,0,0,2,6,2
05/19/2023,12:30 PM,91,63,29.73,Clear,0,0,0,0,2,7,2
05/19/2023,1:00 PM,91,63,29.73,Rain,0,0,0,0,1,7,2
05/19/2023,1:30 PM,84,79,29.73,Clear,0,0,0,0,2,6,2
05/19/2023,2:00 PM,81,84,29.73,Rain,0,0,0,0,1,8,1
05/19/2023,2:30 PM,81,89,29.7,Rain,0,0,0,0,1,7,1
05/19/2023,3:00 PM,82,89,29.67,Clear,0,0,0,0,2,8,1
05/19/2023,3:30 PM,84,84,29.67,Clear,0,0,0,0,2,6,2
05/19/2023,4:00 PM,82,89,29.67,Clear,0,0,0,0,3,14,3
05/19/2023,4:30 PM,82,89,29.67,Clear,0,0,0,0,3,11,2
05/19/2023,5:00 PM,82,84,29.64,Clear,0,0,0,0,3,14,3
05/19/2023,5:30 PM,82,89,29.67,Clear,0,0,0,0,3,13,3
05/19/2023,6:00 PM,82,84,29.67,Clear,0,0,0,0,3,13,2
05/19/2023,6:30 PM,81,89,29.67,Clear,0,0,0,0,3,14,2
05/19/2023,7:00 PM,81,89,29.67,Clear,0,0,0,0,2,13,2
05/19/2023,7:30 PM,81,89,29.7,Clear,0,0,0,0,3,12,3
05/19/2023,8:00 PM,81,89,29.7,Clear,0,0,0,0,2,8,1
05/19/2023,8:30 PM,81,89,29.7,Clear,0,0,0,0,2,8,2
05/19/2023,9:00 PM,81,89,29.73,Clear,0,0,0,0,2,7,2
05/19/2023,9:30 PM,79,94,29.73,Clear,0,0,0,0,2,9,2
05/19/2023,10:00 PM,79,94,29.73,Clear,0,0,0,0,2,8,2
05/19/2023,10:30 PM,79,94,29.73,Clear,0,0,0,0,2,8,2
05/19/2023,11:00 PM,79,94,29.73,Clear,0,0,0,0,2,8,2
05/19/2023,11:30 PM,79,94,29.73,Clear,0,0,0,0,1,7,2
05/20/2023,12:00 AM,79,94,29.73,Clear,0,0,0,0,1,3,2
05/20/2023,12:30 AM,79,94,29.73,Clear,0,0,0,0,0,3,2
05/20/2023,1:00 AM,79,94,29.7,Clear,0,0,0,0,0,3,2
05/20/2023,1:30 AM,79,94,29.7,Clear,0,0,0,0,0,3,2
05/20/2023,2:00 AM,79,94,29.7,Clear,0,0,0,0,0,4,2
05/20/2023,2:30 AM,79,94,29.7,Clear,0,0,0,0,0,3,2
05/20/2023,3:00 AM,79,94,29.67,Clear,0,0,0,0,0,4,2
05/20/2023,3:30 AM,79,94,29.67,Clear,0,0,0,0,0,3,3
05/20/2023,4:00 AM,79,94,29.67,Clear,0,0,0,0,0,3,2
05/20/2023,4:30 AM,79,94,29.67,Clear,0,0,0,0,0,3,2
05/20/2023,5:00 AM,79,94,29.67,Clear,0,0,0,0,3,15,2
05/20/2023,5:30 AM,79,94,29.67,Clear,0,0,0,0,3,14,2
05/20/2023,6:00 AM,79,94,29.67,Clear,0,0,0,0,3,14,2
05/20/2023,6:30 AM,79,94,29.7,Clear,0,0,0,0,3,14,2
05/20/2023,7:00 AM,79,94,29.73,Clear,0,0,0,0,2,13,1
05/20/2023,7:30 AM,81,89,29.73,Clear,0,0,0,0,3,15,2
05/20/2023,8:00 AM,84,84,29.73,Clear,0,0,0,0,3,16,2
05/20/2023,8:30 AM,86,79,29.73,Clear,0,0,0,0,2,13,2
05/20/2023,9:00 AM,88,75,29.73,Clear,0,0,0,0,2,6,2
05/20/2023,9:30 AM,90,70,29.73,Clear,0,0,0,0,2,7,2
05/20/2023,10:00 AM,90,70,29.73,Clear,0,0,0,0,2,7,2
05/20/2023,10:30 AM,91,66,29.73,Clear,0,0,0,0,2,7,2
05/20/2023,11:00 AM,91,63,29.73,Clear,0,0,0,0,2,7,2
05/20/2023,11:30 AM,93,56,29.73,Clear,0,0,0,0,2,6,1
05/20/2023,12:00 PM,93,59,29.7,Clear,0,0,0,0,2,6,2
05/20/2023,12:30 PM,93,56,29.7,Clear,0,0,0,0,2,5,1
05/20/2023,1:00 PM,95,56,29.67,Clear,0,0,0,0,2,7,2
05/20/2023,1:30 PM,93,59,29.67,Clear,0,0,0,0,2,7,2
05/20/2023,2:00 PM,95,56,29.64,Clear,0,0,0,0,2,6,1
05/20/2023,2:30 PM,93,56,29.64,Clear,0,0,0,0,2,7,2
05/20/2023,3:00 PM,93,56,29.64,Clear,0,0,0,0,2,6,2
05/20/2023,3:30 PM,93,59,29.61,Clear,0,0,0,0,2,6,2
05/20/2023,4:00 PM,91,59,29.61,Rain,0,0,0,0,2,17,2
05/20/2023,4:30 PM,93,56,29.61,Rain,0,0,0,0,2,17,2
05/20/2023,5:00 PM,91,59,29.61,Clear,0,0,0,0,3,11,2
05/20/2023,5:30 PM,91,59,29.64,Clear,0,0,0,0,3,15,2
05/20/2023,6:00 PM,90,62,29.64,Clear,0,0,0,0,3,14,2
05/20/2023,6:30 PM,88,66,29.64,Clear,0,0,0,0,3,16,2
05/20/2023,7:00 PM,86,70,29.67,Clear,0,0,0,0,3,14,2
05/20/2023,7:30 PM,86,70,29.67,Clear,0,0,0,0,3,14,2
05/20/2023,8:00 PM,84,74,29.67,Clear,0,0,0,0,2,7,2
05/20/2023,8:30 PM,84,74,29.7,Clear,0,0,0,0,1,8,2
05/20/2023,9:00 PM,84,74,29.73,Clear,0,0,0,0,2,8,2
05/20/2023,9:30 PM,82,79,29.73,Clear,0,0,0,0,2,7,2
05/20/2023,10:00 PM,82,84,29.73,Clear,0,0,0,0,2,8,2
05/20/2023,10:30 PM,81,89,29.73,Clear,0,0,0,0,2,7,1
05/20/2023,11:00 PM,81,84,29.73,Clear,0,0,0,0,2,8,2
05/20/2023,11:30 PM,81,84,29.76,Clear,0,0,0,0,2,8,2
05/21/2023,12:00 AM,79,89,29.73,Clear,0,0,0,0,0,3,3
05/21/2023,12:30 AM,79,89,29.73,Clear,0,0,0,0,1,3,2
05/21/2023,1:00 AM,79,94,29.73,Clear,0,0,0,0,0,3,2
05/21/2023,1:30 AM,79,94,29.73,Clear,0,0,0,0,0,3,3
05/21/2023,2:00 AM,79,94,29.7,Clear,0,0,0,0,1,3,3
05/21/2023,2:30 AM,79,94,29.7,Clear,0,0,0,0,1,3,3
05/21/2023,3:00 AM,79,94,29.67,Clear,0,0,0,0,0,3,2
05/21/2023,3:30 AM,79,94,29.67,Clear,0,0,0,0,1,3,2
05/21/2023,4:00 AM,79,94,29.67,Clear,0,0,0,0,0,3,2
05/21/2023,4:30 AM,77,100,29.67,Clear,0,0,0,0,1,3,2
05/21/2023,5:00 AM,77,100,29.67,Clear,0,0,0,0,3,13,1
05/21/2023,5:30 AM,77,94,29.7,Clear,0,0,0,0,3,13,2
05/21/2023,6:00 AM,77,94,29.7,Clear,0,0,0,0,3,14,2
05/21/2023,6:30 AM,77,100,29.7,Clear,0,0,0,0,2,16,2
05/21/2023,7:00 AM,79,94,29.73,Clear,0,0,0,0,3,12,2
05/21/2023,7:30 AM,81,94,29.73,Clear,0,0,0,0,2,13,2
05/21/2023,8:00 AM,82,89,29.76,Clear,0,0,0,0,3,12,2
05/21/2023,8:30 AM,84,84,29.76,Clear,0,0,0,0,3,16,2
05/21/2023,9:00 AM,86,79,29.79,Clear,0,0,0,0,2,5,2
05/21/2023,9:30 AM,86,79,29.79,Clear,0,0,0,0,2,6,2
05/21/2023,10:00 AM,88,75,29.79,Clear,0,0,0,0,2,7,2
05/21/2023,10:30 AM,86,79,29.79,Clear,0,0,0,0,2,7,1
05/21/2023,11:00 AM,86,74,29.79,Clear,0,0,0,0,2,6,2
05/21/2023,11:30 AM,84,74,29.79,Rain,0,0,0,0,1,8,2
05/21/2023,12:00 PM,86,70,29.76,Clear,0,0,0,0,2,6,2
05/21/2023,12:30 PM,88,70,29.73,Clear,0,0,0,0,2,6,1
05/21/2023,1:00 PM,91,63,29.73,Clear,0,0,0,0,2,7,1
05/21/2023,1:30 PM,91,59,29.7,Clear,0,0,0,0,2,7,1
05/21/2023,2:00 PM,91,55,29.7,Clear,0,0,0,0,2,7,2
05/21/2023,2:30 PM,90,59,29.7,Clear,0,0,0,0,2,7,2
05/21/2023,3:00 PM,91,52,29.67,Clear,0,0,0,0,1,7,2
05/21/2023,3:30 PM,90,59,29.67,Clear,0,0,0,0,2,6,2
05/21/2023,4:00 PM,90,59,29.67,Clear,0,0,0,0,3,16,2
05/21/2023,4:30 PM,90,62,29.67,Clear,0,0,0,0,2,11,2
05/21/2023,5:00 PM,90,59,29.67,Clear,0,0,0,0,2,14,2
05/21/2023,5:30 PM,90,59,29.67,Clear,0,0,0,0,3,15,3
05/21/2023,6:00 PM,88,62,29.67,Clear,0,0,0,0,2,12,3
05/21/2023,6:30 PM,86,66,29.7,Clear,0,0,0,0,3,13,2
05/21/2023,7:00 PM,86,66,29.7,Clear,0,0,0,0,3,14,2
05/21/2023,7:30 PM,84,70,29.73,Clear,0,0,0,0,3,16,2
05/21/2023,8:00 PM,84,74,29.73,Clear,0,0,0,0,1,9,2
05/21/2023,8:30 PM,82,79,29.73,Clear,0,0,0,0,2,9,1
05/21/2023,9:00 PM,82,79,29.76,Clear,0,0,0,0,2,8,2
05/21/2023,9:30 PM,82,79,29.76,Clear,0,0,0,0,1,8,2
05/21/2023,10:00 PM,81,84,29.76,Clear,0,0,0,0,2,8,2
05/21/2023,10:30 PM,81,84,29.76,Clear,0,0,0,0,2,9,2
05/21/2023,11:00 PM,81,84,29.79,Clear,0,0,0,0,2,7,2
05/21/2023,11:30 PM,79,89,29.76,Clear,0,0,0,0,2,8,2
05/22/2023,12:00 AM,79,89,29.76,Clear,0,0,0,0,1,3,2
05/22/2023,12:30 AM,79,89,29.76,Clear,0,0,0,0,1,3,2
05/22/2023,1:00 AM,79,89,29.76,Clear,0,0,0,0,1,4,3
05/22/2023,1:30 AM,79,89,29.73,Clear,0,0,0,0,0,3,2
05/22/2023,2:00 AM,79,89,29.73,Clear,0,0,0,0,0,3,2
05/22/2023,2:30 AM,79,89,29.73,Clear,0,0,0,0,0,3,2
05/22/2023,3:00 AM,79,89,29.73,Clear,0,0,0,0,0,3,2
05/22/2023,3:30 AM,77,94,29.73,Clear,0,0,0,0,1,3,2
05/22/2023,4:00 AM,77,94,29.73,Clear,0,0,0,0,0,3,2
05/22/2023,4:30 AM,77,94,29.73,Clear,0,0,0,0,0,4,2
05/22/2023,5:00 AM,79,89,29.73,Clear,0,0,0,0,3,15,2
05/22/2023,5:30 AM,79,89,29.73,Clear,0,0,0,0,3,13,2
05/22/2023,6:00 AM,79,89,29.73,Clear,0,0,0,0,3,13,2
05/22/2023,6:30 AM,79,89,29.76,Clear,0,0,0,0,3,14,2
05/22/2023,7:00 AM,79,89,29.76,Clear,0,0,0,0,3,14,2
05/22/2023,7:30 AM,81,84,29.76,Clear,0,0,0,0,3,13,2
05/22/2023,8:00 AM,82,84,29.76,Clear,0,0,0,0,3,15,2
05/22/2023,8:30 AM,84,79,29.79,Clear,0,0,0,0,2,14,2
05/22/2023,9:00 AM,84,79,29.79,Clear,0,0,0,0,2,7,2
05/22/2023,9:30 AM,86,74,29.79,Clear,0,0,0,0,2,7,1
05/22/2023,10:00 AM,86,74,29.79,Clear,1,0,0,2,2,6,2
05/22/2023,10:30 AM,88,75,29.79,Clear,0,0,0,0,2,7,2
05/22/2023,11:00 AM,88,70,29.79,Clear,0,0,0,0,2,7,2
05/22/2023,11:30 AM,90,70,29.79,Clear,0,0,0,0,2,5,2
05/22/2023,12:00 PM,88,70,29.79,Clear,0,0,0,0,2,7,2
05/22/2023,12:30 PM,86,70,29.79,Rain,0,0,0,0,2,7,2
05/22/2023,1:00 PM,86,66,29.79,Clear,0,0,0,0,2,7,1
05/22/2023,1:30 PM,84,70,29.76,Clear,0,0,0,0,2,7,1
05/22/2023,2:00 PM,84,74,29.73,Rain,0,0,0,0,1,7,2
05/22/2023,2:30 PM,86,70,29.73,Clear,0,0,0,0,2,7,2
05/22/2023,3:00 PM,86,70,29.7,Clear,0,0,0,0,2,6,2
05/22/2023,3:30 PM,88,66,29.7,Clear,0,0,0,0,2,7,2
05/22/2023,4:00 PM,90,62,29.7,Clear,0,0,0,0,3,13,3
05/22/2023,4:30 PM,88,66,29.7,Clear,0,0,0,0,3,15,2
05/22/2023,5:00 PM,86,70,29.7,Clear,0,0,0,0,3,14,3
05/22/2023,5:30 PM,86,70,29.7,Clear,0,0,0,0,3,14,2
05/22/2023,6:00 PM,86,70,29.73,Clear,0,0,0,0,3,15,2
05/22/2023,6:30 PM,84,74,29.73,Clear,0,0,0,0,3,15,2
05/22/2023,7:00 PM,82,79,29.73,Clear,0,0,0,0,3,14,2
05/22/2023,7:30 PM,82,74,29.76,Clear,0,0,0,0,3,14,2
05/22/2023,8:00 PM,81,79,29.76,Clear,0,0,0,0,2,9,1
05/22/2023,8:30 PM,79,83,29.79,Clear,0,0,0,0,2,8,2
05/22/2023,9:00 PM,79,83,29.79,Clear,0,0,0,0,2,8,2
05/22/2023,9:30 PM,79,83,29.79,Clear,0,0,0,0,2,8,2
05/22/2023,10:00 PM,77,89,29.79,Clear,0,0,0,0,2,7,2
05/22/2023,10:30 PM,77,89,29.81,Clear,0,0,0,0,2,8,2
05/22/2023,11:00 PM,77,89,29.81,Clear,0,0,0,0,2,8,2
05/22/2023,11:30 PM,75,94,29.79,Clear,0,0,0,0,2,8,2
05/23/2023,12:00 AM,75,94,29.79,Clear,0,0,0,0,0,2,2
05/23/2023,12:30 AM,75,94,29.79,Clear,0,0,0,0,0,3,2
05/23/2023,1:00 AM,75,94,29.76,Clear,0,0,0,0,0,3,2
05/23/2023,1:30 AM,75,94,29.76,Clear,0,0,0,0,0,3,2
05/23/2023,2:00 AM,75,94,29.76,Clear,0,0,0,0,0,3,2
05/23/2023,2:30 AM,73,100,29.76,Clear,0,0,0,0,0,3,2
05/23/2023,3:00 AM,73,100,29.73,Clear,0,0,0,0,0,3,2
05/23/2023,3:30 AM,75,94,29.73,Clear,0,0,0,0,0,3,3
05/23/2023,4:00 AM,75,94,29.73,Clear,0,0,0,0,0,3,2
05/23/2023,4:30 AM,75,94,29.73,Clear,0,0,0,0,0,3,2
05/23/2023,5:00 AM,75,94,29.76,Clear,0,0,0,0,3,13,2
05/23/2023,5:30 AM,75,94,29.76,Clear,0,0,0,0,3,13,2
05/23/2023,6:00 AM,75,94,29.76,Clear,0,0,0,0,3,14,2
05/23/2023,6:30 AM,75,94,29.76,Clear,0,0,0,0,3,15,2
05/23/2023,7:00 AM,77,94,29.76,Clear,1,0,0,0,3,12,2
05/23/2023,7:30 AM,81,89,29.79,Clear,0,0,0,0,3,15,2
05/23/2023,8:00 AM,82,89,29.79,Clear,0,0,0,0,3,12,2
05/23/2023,8:30 AM,84,84,29.79,Clear,0,0,0,0,3,15,2
05/23/2023,9:00 AM,86,84,29.79,Clear,0,0,0,0,2,7,1
05/23/2023,9:30 AM,88,79,29.79,Clear,0,0,0,0,2,7,2
05/23/2023,10:00 AM,90,75,29.79,Clear,0,0,0,0,2,6,2
05/23/2023,10:30 AM,90,75,29.79,Clear,0,0,0,0,2,6,2
05/23/2023,11:00 AM,90,75,29.79,Clear,0,0,0,0,2,8,2
05/23/2023,11:30 AM,91,71,29.76,Clear,0,0,0,0,2,6,2
05/23/2023,12:00 PM,91,63,29.76,Clear,0,0,0,0,2,7,1
05/23/2023,12:30 PM,95,59,29.73,Clear,0,0,0,0,2,7,2
05/23/2023,1:00 PM,93,56,29.73,Clear,0,0,0,0,2,7,1
05/23/2023,1:30 PM,93,59,29.73,Clear,0,0,0,0,2,7,2
05/23/2023,2:00 PM,91,63,29.7,Clear,0,0,0,0,2,7,2
05/23/2023,2:30 PM,93,59,29.7,Clear,0,0,0,0,2,6,2
05/23/2023,3:00 PM,95,56,29.67,Clear,0,0,0,0,2,8,1
05/23/2023,3:30 PM,95,56,29.67,Clear,0,0,0,0,2,7,2
05/23/2023,4:00 PM,93,59,29.67,Clear,0,0,0,0,3,13,2
05/23/2023,4:30 PM,93,59,29.67,Clear,0,0,0,0,3,16,2
05/23/2023,5:00 PM,91,63,29.67,Clear,0,0,0,0,3,13,2
05/23/2023,5:30 PM,90,62,29.67,Clear,0,0,0,0,2,12,2
05/23/2023,6:00 PM,90,62,29.67,Clear,0,0,0,0,3,14,2
05/23/2023,6:30 PM,88,66,29.67,Clear,0,0,0,0,3,13,3
05/23/2023,7:00 PM,86,70,29.7,Clear,0,0,0,0,3,11,2
05/23/2023,7:30 PM,84,74,29.7,Clear,0,0,0,0,3,13,2
05/23/2023,8:00 PM,82,79,29.7,Clear,0,0,0,0,2,8,2
05/23/2023,8:30 PM,82,79,29.73,Clear,0,0,0,0,2,7,1
05/23/2023,9:00 PM,82,79,29.73,Clear,0,0,0,0,2,8,2
05/23/2023,9:30 PM,81,84,29.73,Clear,0,0,0,0,2,9,2
05/23/2023,10:00 PM,79,89,29.76,Clear,0,0,0,0,1,7,2
05/23/2023,10:30 PM,79,89,29.76,Clear,0,0,0,0,2,7,2
05/23/2023,11:00 PM,79,89,29.76,Clear,0,0,0,0,2,7,2
05/23/2023,11:30 PM,79,89,29.76,Clear,0,0,0,0,2,8,2
05/24/2023,12:00 AM,77,94,29.76,Clear,0,0,0,0,0,3,2
05/24/2023,12:30 AM,77,94,29.76,Clear,0,0,0,0,0,3,2
05/24/2023,1:00 AM,77,94,29.73,Clear,0,0,0,0,1,3,2
05/24/2023,1:30 AM,77,94,29.73,Clear,0,0,0,0,0,3,2
05/24/2023,2:00 AM,77,94,29.73,Clear,0,0,0,0,0,3,2
05/24/2023,2:30 AM,77,94,29.73,Clear,0,0,0,0,0,4,2
05/24/2023,3:00 AM,77,94,29.73,Clear,0,0,0,0,1,3,2
05/24/2023,3:30 AM,77,94,29.73,Clear,1,0,0,1,1,3,3
05/24/2023,4:00 AM,77,94,29.7,Clear,0,0,0,0,0,3,2
05/24/2023,4:30 AM,77,94,29.7,Clear,0,0,0,0,0,3,2
05/24/2023,5:00 AM,77,94,29.7,Clear,0,0,0,0,3,14,2
05/24/2023,5:30 AM,77,94,29.7,Clear,0,0,0,0,3,16,2
05/24/2023,6:00 AM,77,94,29.73,Clear,0,0,0,0,3,17,2
05/24/2023,6:30 AM,77,94,29.73,Clear,0,0,0,0,3,14,2
05/24/2023,7:00 AM,77,100,29.73,Clear,0,0,0,0,3,14,2
05/24/2023,7:30 AM,79,94,29.76,Clear,0,0,0,0,3,15,2
05/24/2023,8:00 AM,81,94,29.76,Clear,0,0,0,0,3,13,2
05/24/2023,8:30 AM,82,94,29.76,Clear,0,0,0,0,3,13,1
05/24/2023,9:00 AM,86,84,29.79,Clear,0,0,0,0,2,7,1
05/24/2023,9:30 AM,88,84,29.79,Clear,0,0,0,0,2,7,1
05/24/2023,10:00 AM,90,75,29.79,Clear,0,0,0,0,2,7,2
05/24/2023,10:30 AM,90,70,29.79,Clear,0,0,0,0,2,7,2
05/24/2023,11:00 AM,91,66,29.79,Clear,0,0,0,0,2,5,2
05/24/2023,11:30 AM,93,59,29.76,Clear,0,0,0,0,2,6,2
05/24/2023,12:00 PM,93,59,29.76,Clear,0,0,0,0,2,7,1
05/24/2023,12:30 PM,93,56,29.76,Clear,0,0,0,0,2,7,2
05/24/2023,1:00 PM,93,56,29.73,Clear,0,0,0,0,2,6,1
05/24/2023,1:30 PM,93,56,29.7,Clear,0,0,0,0,2,7,2
05/24/2023,2:00 PM,93,56,29.7,Clear,0,0,0,0,2,7,2
05/24/2023,2:30 PM,95,53,29.67,Clear,0,0,0,0,2,7,2
05/24/2023,3:00 PM,95,49,29.67,Clear,0,0,0,0,2,7,2
05/24/2023,3:30 PM,93,56,29.67,Clear,0,0,0,0,2,7,2
05/24/2023,4:00 PM,93,59,29.67,Clear,0,0,0,0,3,13,3
05/24/2023,4:30 PM,91,63,29.67,Clear,0,0,0,0,3,16,2
05/24/2023,5:00 PM,91,63,29.64,Clear,0,0,0,0,3,13,2
05/24/2023,5:30 PM,91,63,29.67,Clear,0,0,0,0,3,14,2
05/24/2023,6:00 PM,90,62,29.67,Clear,0,0,0,0,3,12,2
05/24/2023,6:30 PM,88,66,29.67,Clear,0,0,0,0,3,13,2
05/24/2023,7:00 PM,86,70,29.7,Clear,0,0,0,0,3,14,3
05/24/2023,7:30 PM,84,74,29.7,Clear,0,0,0,0,3,11,3
05/24/2023,8:00 PM,84,74,29.73,Clear,0,0,0,0,2,8,2
05/24/2023,8:30 PM,82,79,29.73,Clear,0,0,0,0,2,8,2
05/24/2023,9:00 PM,82,84,29.73,Clear,0,0,0,0,2,10,2
05/24/2023,9:30 PM,82,84,29.76,Clear,0,0,0,0,2,8,2
05/24/2023,10:00 PM,81,89,29.76,Clear,0,0,0,0,2,9,2
05/24/2023,10:30 PM,81,89,29.76,Clear,0,0,0,0,2,8,1
05/24/2023,11:00 PM,81,84,29.76,Clear,0,0,0,0,2,7,1
05/24/2023,11:30 PM,79,94,29.76,Clear,0,0,0,0,2,9,2
05/25/2023,12:00 AM,79,89,29.76,Clear,0,0,0,0,0,3,3
05/25/2023,12:30 AM,79,89,29.76,Clear,0,0,0,0,1,4,2
05/25/2023,1:00 AM,79,89,29.76,Clear,0,0,0,0,0,3,3
05/25/2023,1:30 AM,79,89,29.76,Clear,0,0,0,0,0,3,2
05/25/2023,2:00 AM,77,94,29.73,Clear,0,0,0,0,1,4,2
05/25/2023,2:30 AM,77,94,29.73,Clear,0,0,0,0,0,4,3
05/25/2023,3:00 AM,77,94,29.73,Clear,0,0,0,0,0,4,2
05/25/2023,3:30 AM,77,94,29.73,Clear,0,0,0,0,0,3,3
05/25/2023,4:00 AM,75,100,29.73,Clear,0,0,0,0,1,4,2
05/25/2023,4:30 AM,75,100,29.73,Clear,0,0,0,0,0,3,2
05/25/2023,5:00 AM,75,100,29.73,Clear,0,0,0,0,3,13,2
05/25/2023,5:30 AM,75,94,29.73,Clear,0,0,0,0,3,14,2
05/25/2023,6:00 AM,75,100,29.73,Clear,0,0,0,0,3,11,2
05/25/2023,6:30 AM,75,100,29.73,Clear,0,0,0,0,3,15,1
05/25/2023,7:00 AM,77,100,29.73,Clear,0,0,0,0,3,15,2
05/25/2023,7:30 AM,81,94,29.76,Clear,0,0,0,0,2,13,1
05/25/2023,8:00 AM,84,89,29.76,Clear,0,0,0,0,3,12,2
05/25/2023,8:30 AM,84,89,29.76,Clear,0,0,0,0,3,14,2
05/25/2023,9:00 AM,88,79,29.79,Clear,0,0,0,0,2,8,2
05/25/2023,9:30 AM,90,75,29.79,Clear,0,0,0,0,2,5,2
05/25/2023,10:00 AM,91,71,29.79,Clear,0,0,0,0,2,7,1
05/25/2023,10:30 AM,91,66,29.79,Clear,0,0,0,0,2,6,2
05/25/2023,11:00 AM,93,59,29.76,Clear,0,0,0,0,3,8,1
05/25/2023,11:30 AM,95,56,29.76,Clear,0,0,0,0,2,8,2
05/25/2023,12:00 PM,93,59,29.76,Clear,0,0,0,0,2,6,2
05/25/2023,12:30 PM,93,59,29.73,Clear,0,0,0,0,2,6,1
05/25/2023,1:00 PM,93,59,29.73,Clear,0,0,0,0,2,6,2
05/25/2023,1:30 PM,95,56,29.7,Clear,0,0,0,0,2,7,1
05/25/2023,2:00 PM,95,56,29.7,Clear,0,0,0,0,2,7,1
05/25/2023,2:30 PM,93,59,29.67,Clear,0,0,0,0,2,8,2
05/25/2023,3:30 PM,93,59,29.67,Rain,0,0,0,0,1,6,2
05/25/2023,4:00 PM,93,59,29.67,Rain,0,0,0,0,2,12,2
05/25/2023,4:30 PM,91,55,29.67,Clear,0,0,0,0,3,14,2
05/25/2023,5:00 PM,90,59,29.67,Clear,0,0,0,0,3,14,2
05/25/2023,5:30 PM,90,62,29.67,Clear,0,0,0,0,3,13,2
05/25/2023,6:00 PM,88,66,29.67,Clear,0,0,0,0,3,14,2
05/25/2023,6:30 PM,86,70,29.67,Clear,0,0,0,0,4,14,2
05/25/2023,7:00 PM,86,70,29.7,Clear,0,0,0,0,3,13,2
05/25/2023,7:30 PM,86,70,29.7,Clear,0,0,0,0,3,16,2
05/25/2023,8:00 PM,84,74,29.7,Clear,0,0,0,0,2,9,1
05/25/2023,8:30 PM,84,74,29.73,Clear,1,1,0,1,2,8,2
05/25/2023,9:00 PM,82,79,29.76,Clear,0,0,0,0,2,8,2
05/25/2023,9:30 PM,82,79,29.76,Clear,0,0,0,0,2,7,2
05/25/2023,10:00 PM,81,84,29.76,Clear,0,0,0,0,2,8,2
05/25/2023,10:30 PM,81,84,29.76,Clear,0,0,0,0,2,7,2
05/25/2023,11:00 PM,81,89,29.79,Clear,0,0,0,0,2,5,2
05/25/2023,11:30 PM,81,84,29.76,Clear,0,0,0,0,2,8,2
05/26/2023,12:00 AM,79,89,29.76,Clear,0,0,0,0,0,3,2
05/26/2023,12:30 AM,79,89,29.76,Clear,0,0,0,0,0,3,3
05/26/2023,1:00 AM,79,94,29.76,Clear,0,0,0,0,0,3,2
05/26/2023,1:30 AM,79,94,29.73,Clear,0,0,0,0,0,3,3
05/26/2023,2:00 AM,79,89,29.73,Clear,0,0,0,0,0,3,2
05/26/2023,2:30 AM,79,89,29.73,Clear,0,0,0,0,0,3,2
05/26/2023,3:00 AM,77,94,29.73,Clear,0,0,0,0,1,3,2
05/26/2023,3:30 AM,77,94,29.7,Clear,0,0,0,0,1,3,2
05/26/2023,4:00 AM,77,94,29.7,Clear,0,0,0,0,0,3,2
05/26/2023,4:30 AM,77,94,29.7,Clear,0,0,0,0,0,3,2
05/26/2023,5:00 AM,77,94,29.7,Clear,0,0,0,0,3,16,2
05/26/2023,5:30 AM,77,94,29.7,Clear,0,0,0,0,3,15,2
05/26/2023,6:00 AM,77,94,29.73,Clear,0,0,0,0,3,14,2
05/26/2023,6:30 AM,77,94,29.73,Clear,0,0,0,0,2,13,2
05/26/2023,7:00 AM,79,94,29.73,Clear,0,0,0,0,3,14,2
05/26/2023,7:30 AM,79,94,29.73,Clear,0,0,0,0,3,12,1
05/26/2023,8:00 AM,82,89,29.76,Clear,0,0,0,0,3,15,2
05/26/2023,8:30 AM,84,89,29.76,Clear,0,0,0,0,3,14,2
05/26/2023,9:00 AM,88,79,29.79,Clear,0,0,0,0,2,6,2
05/26/2023,9:30 AM,90,75,29.76,Clear,0,0,0,0,2,7,2
05/26/2023,10:00 AM,91,71,29.76,Clear,0,0,0,0,2,8,2
05/26/2023,10:30 AM,91,66,29.76,Clear,0,0,0,0,2,6,1
05/26/2023,11:00 AM,93,63,29.76,Clear,0,0,0,0,2,6,2
05/26/2023,11:30 AM,91,66,29.76,Clear,0,0,0,0,2,7,2
05/26/2023,12:00 PM,91,63,29.76,Rain,0,0,0,0,1,7,2
05/26/2023,12:30 PM,86,70,29.76,Rain,0,0,0,0,1,8,2
05/26/2023,1:00 PM,79,83,29.76,Rain,0,0,0,0,1,7,1
05/26/2023,1:30 PM,81,84,29.73,Clear,0,0,0,0,2,7,2
05/26/2023,2:00 PM,82,84,29.7,Clear,0,0,0,0,2,7,1
05/26/2023,2:30 PM,86,79,29.7,Clear,0,0,0,0,2,7,2
05/26/2023,3:00 PM,86,79,29.7,Clear,0,0,0,0,2,8,2
05/26/2023,3:30 PM,86,79,29.7,Clear,0,0,0,0,2,6,1
05/26/2023,4:00 PM,86,79,29.67,Clear,0,0,0,0,2,12,2
05/26/2023,4:30 PM,86,79,29.67,Clear,0,0,0,0,3,14,2
05/26/2023,5:00 PM,84,79,29.67,Clear,0,0,0,0,2,12,2
05/26/2023,5:30 PM,84,79,29.67,Rain,0,0,0,0,2,14,3
05/26/2023,6:00 PM,81,89,29.7,Rain,0,0,0,0,2,19,2
05/26/2023,6:30 PM,79,94,29.73,Rain,0,0,0,0,2,14,3
05/26/2023,7:00 PM,81,89,29.73,Rain,0,0,0,0,2,14,2
05/26/2023,7:30 PM,79,94,29.73,Clear,0,0,0,0,2,14,2
05/26/2023,8:00 PM,79,94,29.73,Clear,0,0,0,0,2,8,2
05/26/2023,8:30 PM,79,94,29.73,Clear,0,0,0,0,2,6,2
05/26/2023,9:00 PM,79,94,29.76,Clear,0,0,0,0,2,8,2
05/26/2023,9:30 PM,79,89,29.76,Clear,0,0,0,0,2,9,2
05/26/2023,10:00 PM,79,89,29.76,Clear,0,0,0,0,2,8,2
05/26/2023,10:30 PM,77,94,29.79,Clear,0,0,0,0,2,8,2
05/26/2023,11:00 PM,79,94,29.79,Clear,0,0,0,0,2,8,2
05/26/2023,11:30 PM,79,94,29.79,Clear,0,0,0,0,2,7,2
05/27/2023,12:00 AM,79,89,29.76,Clear,0,0,0,0,0,3,2
05/27/2023,12:30 AM,79,89,29.76,Clear,0,0,0,0,1,3,2
05/27/2023,1:00 AM,79,89,29.76,Clear,0,0,0,0,0,3,2
05/27/2023,1:30 AM,79,89,29.73,Clear,0,0,0,0,0,3,2
05/27/2023,2:00 AM,79,89,29.73,Clear,0,0,0,0,0,3,2
05/27/2023,2:30 AM,79,94,29.73,Clear,0,0,0,0,0,3,2
05/27/2023,3:00 AM,79,89,29.7,Clear,0,0,0,0,0,3,2
05/27/2023,3:30 AM,79,89,29.7,Clear,0,0,0,0,0,3,2
05/27/2023,4:00 AM,79,89,29.7,Clear,0,0,0,0,0,3,2
05/27/2023,4:30 AM,79,89,29.67,Clear,0,0,0,0,1,3,2
05/27/2023,5:00 AM,79,89,29.67,Clear,0,0,0,0,2,13,2
05/27/2023,5:30 AM,79,89,29.67,Clear,0,0,0,0,3,13,2
05/27/2023,6:00 AM,79,89,29.67,Clear,0,0,0,0,3,14,1
05/27/2023,6:30 AM,79,89,29.67,Clear,0,0,0,0,3,14,2
05/27/2023,7:00 AM,81,84,29.7,Clear,0,0,0,0,3,13,1
05/27/2023,7:30 AM,81,89,29.7,Clear,0,0,0,0,2,17,2
05/27/2023,8:00 AM,82,84,29.73,Clear,0,0,0,0,3,12,2
05/27/2023,8:30 AM,84,79,29.73,Clear,0,0,0,0,2,18,1
05/27/2023,9:00 AM,84,79,29.73,Clear,0,0,0,0,2,7,2
05/27/2023,9:30 AM,84,79,29.73,Clear,0,0,0,0,2,8,2
05/27/2023,10:00 AM,86,70,29.73,Clear,0,0,0,0,2,7,2
05/27/2023,10:30 AM,88,66,29.73,Clear,0,0,0,0,2,6,2
05/27/2023,11:00 AM,90,62,29.73,Clear,0,0,0,0,2,7,2
05/27/2023,11:30 AM,90,62,29.7,Clear,0,0,0,0,2,6,2
05/27/2023,12:00 PM,84,74,29.7,Rain,0,0,0,0,1,8,2
05/27/2023,12:30 PM,88,66,29.67,Clear,0,0,0,0,2,7,2
05/27/2023,1:00 PM,90,62,29.67,Clear,0,0,0,0,2,6,1
05/27/2023,1:30 PM,88,66,29.67,Clear,0,0,0,0,2,8,2
05/27/2023,2:00 PM,84,74,29.64,Clear,0,0,0,0,2,7,2
05/27/2023,2:30 PM,88,66,29.64,Clear,0,0,0,0,2,6,2
05/27/2023,3:00 PM,90,62,29.61,Clear,0,0,0,0,2,6,1
05/27/2023,3:30 PM,90,62,29.61,Clear,0,0,0,0,2,6,2
05/27/2023,4:00 PM,91,55,29.61,Clear,0,0,0,0,3,14,2
05/27/2023,4:30 PM,90,59,29.61,Clear,0,0,0,0,3,14,2
05/27/2023,5:00 PM,90,59,29.61,Clear,0,0,0,0,3,13,2
05/27/2023,5:30 PM,90,59,29.61,Clear,0,0,0,0,3,16,2
05/27/2023,6:00 PM,88,62,29.61,Clear,0,0,0,0,3,12,2
05/27/2023,6:30 PM,86,66,29.61,Clear,0,0,0,0,3,14,2
05/27/2023,7:00 PM,86,70,29.64,Clear,0,0,0,0,3,14,2
05/27/2023,7:30 PM,84,74,29.64,Clear,0,0,0,0,3,15,2
05/27/2023,8:00 PM,84,70,29.64,Clear,0,0,0,0,2,7,2
05/27/2023,8:30 PM,82,74,29.67,Clear,0,0,0,0,2,8,2
05/27/2023,9:00 PM,82,79,29.67,Clear,0,0,0,0,2,9,2
05/27/2023,9:30 PM,82,79,29.7,Clear,0,0,0,0,1,8,2
05/27/2023,10:00 PM,82,79,29.7,Clear,0,0,0,0,2,8,2
05/27/2023,10:30 PM,82,79,29.7,Clear,0,0,0,0,2,8,2
05/27/2023,11:00 PM,81,84,29.7,Clear,0,0,0,0,1,7,2
05/27/2023,11:30 PM,81,84,29.7,Clear,0,0,0,0,2,7,2
05/28/2023,12:00 AM,81,84,29.67,Clear,0,0,0,0,0,3,2
05/28/2023,12:30 AM,81,84,29.67,Clear,0,0,0,0,1,3,2
05/28/2023,1:00 AM,81,89,29.67,Clear,0,0,0,0,0,3,2
05/28/2023,1:30 AM,81,84,29.64,Clear,0,0,0,0,0,3,2
05/28/2023,2:00 AM,81,84,29.64,Clear,0,0,0,0,0,3,2
05/28/2023,2:30 AM,81,79,29.64,Clear,0,0,0,0,1,3,3
05/28/2023,3:00 AM,79,89,29.64,Rain,0,0,0,0,0,3,2
05/28/2023,3:30 AM,77,100,29.64,Rain,0,0,0,0,0,3,2
05/28/2023,4:00 AM,77,100,29.64,Clear,0,0,0,0,1,3,2
05/28/2023,4:30 AM,77,100,29.64,Clear,0,0,0,0,0,3,2
05/28/2023,5:00 AM,79,94,29.64,Clear,0,0,0,0,3,12,2
05/28/2023,5:30 AM,79,94,29.64,Clear,0,0,0,0,3,12,1
05/28/2023,6:00 AM,77,100,29.67,Clear,0,0,0,0,3,13,1
05/28/2023,6:30 AM,79,94,29.67,Clear,0,0,0,0,3,14,2
05/28/2023,7:00 AM,79,94,29.67,Clear,0,0,0,0,3,12,2
05/28/2023,7:30 AM,79,94,29.67,Clear,0,0,0,0,3,15,2
05/28/2023,8:00 AM,81,89,29.67,Clear,0,0,0,0,3,17,2
05/28/2023,8:30 AM,82,84,29.67,Clear,0,0,0,0,3,15,2
05/28/2023,9:00 AM,86,84,29.67,Clear,0,0,0,0,2,8,2
05/28/2023,9:30 AM,86,74,29.67,Clear,0,0,0,0,2,8,1
05/28/2023,10:00 AM,88,75,29.7,Clear,0,0,0,0,2,7,1
05/28/2023,10:30 AM,88,70,29.67,Clear,0,0,0,0,2,7,2
05/28/2023,11:00 AM,90,66,29.67,Clear,0,0,0,0,2,7,2
05/28/2023,11:30 AM,88,66,29.67,Clear,0,0,0,0,2,6,2
05/28/2023,12:00 PM,90,62,29.67,Rain,0,0,0,0,1,6,2
05/28/2023,12:30 PM,82,74,29.67,Rain,0,0,0,0,1,7,2
05/28/2023,1:00 PM,81,89,29.67,Rain,0,0,0,0,1,7,2
05/28/2023,1:30 PM,81,89,29.64,Rain,0,0,0,0,1,7,2
05/28/2023,2:00 PM,81,89,29.64,Clear,0,0,0,0,2,7,2
05/28/2023,2:30 PM,81,89,29.64,Clear,0,0,0,0,2,7,1
05/28/2023,3:00 PM,81,89,29.64,Clear,0,0,0,0,2,7,2
05/28/2023,3:30 PM,82,84,29.61,Clear,0,0,0,0,2,8,2
05/28/2023,4:00 PM,82,74,29.61,Clear,0,0,0,0,3,13,2
05/28/2023,4:30 PM,84,74,29.61,Clear,0,0,0,0,3,14,2
05/28/2023,5:00 PM,84,74,29.61,Clear,0,0,0,0,3,15,2
05/28/2023,5:30 PM,82,79,29.61,Clear,0,0,0,0,3,13,2
05/28/2023,6:00 PM,82,84,29.64,Clear,0,0,0,0,3,15,2
05/28/2023,6:30 PM,82,84,29.64,Clear,0,0,0,0,3,13,2
05/28/2023,7:00 PM,82,84,29.67,Clear,0,0,0,0,3,16,3
05/28/2023,7:30 PM,82,79,29.67,Clear,0,0,0,0,3,14,2
05/28/2023,8:00 PM,82,79,29.67,Clear,0,0,0,0,2,6,2
05/28/2023,8:30 PM,81,84,29.67,Clear,0,0,0,0,2,8,2
05/28/2023,9:00 PM,81,84,29.67,Clear,0,0,0,0,2,8,2
05/28/2023,9:30 PM,82,79,29.67,Clear,0,0,0,0,2,7,2
05/28/2023,10:00 PM,82,79,29.7,Clear,0,0,0,0,2,8,2
05/28/2023,10:30 PM,82,79,29.7,Clear,0,0,0,0,2,7,2
05/28/2023,11:00 PM,81,84,29.7,Clear,0,0,0,0,2,8,2
05/28/2023,11:30 PM,81,84,29.7,Clear,0,0,0,0,2,8,2
05/29/2023,12:00 AM,79,89,29.7,Clear,0,0,0,0,1,3,3
05/29/2023,12:30 AM,81,84,29.7,Clear,0,0,0,0,0,3,2
05/29/2023,1:00 AM,79,89,29.7,Clear,0,0,0,0,0,3,2
05/29/2023,1:30 AM,79,89,29.67,Clear,0,0,0,0,0,3,2
05/29/2023,2:00 AM,79,89,29.67,Clear,0,0,0,0,0,3,2
05/29/2023,2:30 AM,79,89,29.67,Clear,0,0,0,0,1,3,2
05/29/2023,3:00 AM,77,94,29.64,Clear,0,0,0,0,1,3,2
05/29/2023,3:30 AM,77,94,29.64,Clear,0,0,0,0,0,4,2
05/29/2023,4:00 AM,77,94,29.64,Clear,0,0,0,0,1,3,2
05/29/2023,4:30 AM,77,94,29.64,Clear,0,0,0,0,0,3,2
05/29/2023,5:00 AM,77,94,29.64,Clear,0,0,0,0,3,16,2
05/29/2023,5:30 AM,77,94,29.64,Clear,0,0,0,0,3,14,2
05/29/2023,6:00 AM,77,94,29.67,Clear,0,0,0,0,3,16,2
05/29/2023,6:30 AM,77,94,29.67,Clear,0,0,0,0,3,13,2
05/29/2023,7:00 AM,79,89,29.7,Clear,0,0,0,0,3,13,2
05/29/2023,7:30 AM,81,89,29.7,Clear,0,0,0,0,3,13,1
05/29/2023,8:00 AM,82,84,29.7,Clear,0,0,0,0,3,12,2
05/29/2023,8:30 AM,84,79,29.73,Clear,0,0,0,0,3,16,2
05/29/2023,9:00 AM,84,74,29.73,Clear,0,0,0,0,2,7,2
05/29/2023,9:30 AM,88,70,29.73,Clear,0,0,0,0,2,6,2
05/29/2023,10:00 AM,90,62,29.7,Clear,0,0,0,0,2,6,2
05/29/2023,10:30 AM,90,62,29.7,Clear,0,0,0,0,2,6,2
05/29/2023,11:00 AM,91,59,29.7,Clear,0,0,0,0,2,7,2
05/29/2023,11:30 AM,91,59,29.7,Clear,0,0,0,0,2,8,1
05/29/2023,12:00 PM,90,62,29.7,Clear,0,0,0,0,2,7,2
05/29/2023,12:30 PM,93,56,29.67,Clear,0,0,0,0,2,7,1
05/29/2023,1:00 PM,91,55,29.67,Clear,0,0,0,0,2,7,1
05/29/2023,1:30 PM,93,52,29.67,Clear,0,0,0,0,2,6,2
05/29/2023,2:00 PM,91,55,29.64,Clear,0,0,0,0,2,6,2
05/29/2023,2:30 PM,91,55,29.64,Rain,0,0,0,0,1,7,1
05/29/2023,3:00 PM,91,59,29.64,Clear,0,0,0,0,2,7,2
05/29/2023,3:30 PM,91,55,29.64,Clear,0,0,0,0,2,7,1
05/29/2023,4:00 PM,91,55,29.64,Clear,0,0,0,0,3,14,2
05/29/2023,4:30 PM,90,59,29.64,Clear,0,0,0,0,3,13,2
05/29/2023,5:00 PM,90,55,29.64,Clear,0,0,0,0,2,13,2
05/29/2023,5:30 PM,88,58,29.64,Clear,0,0,0,0,3,14,2
05/29/2023,6:00 PM,88,62,29.67,Clear,0,0,0,0,3,13,2
05/29/2023,6:30 PM,86,66,29.67,Clear,0,0,0,0,3,13,2
05/29/2023,7:00 PM,86,66,29.7,Clear,0,0,0,0,3,13,2
05/29/2023,7:30 PM,84,74,29.7,Clear,0,0,0,0,3,16,2
05/29/2023,8:00 PM,84,70,29.7,Clear,0,0,0,0,2,7,2
05/29/2023,8:30 PM,84,70,29.7,Clear,0,0,0,0,2,10,2
05/29/2023,9:00 PM,84,70,29.7,Clear,0,0,0,0,2,7,2
05/29/2023,9:30 PM,82,74,29.7,Clear,0,0,0,0,2,9,2
05/29/2023,10:00 PM,82,74,29.73,Clear,0,0,0,0,2,9,2
05/29/2023,10:30 PM,82,79,29.73,Clear,0,0,0,0,2,9,2
05/29/2023,11:00 PM,81,84,29.73,Clear,0,0,0,0,2,8,2
05/29/2023,11:30 PM,81,84,29.73,Clear,0,0,0,0,2,6,2
05/30/2023,12:00 AM,81,84,29.7,Clear,0,0,0,0,0,3,2
05/30/2023,12:30 AM,79,89,29.7,Clear,0,0,0,0,0,3,2
05/30/2023,1:00 AM,81,84,29.7,Clear,0,0,0,0,0,4,2
05/30/2023,1:30 AM,81,84,29.7,Clear,0,0,0,0,0,3,2
05/30/2023,2:00 AM,81,84,29.7,Clear,0,0,0,0,0,3,2
05/30/2023,2:30 AM,81,84,29.67,Clear,0,0,0,0,0,3,3
05/30/2023,3:00 AM,81,84,29.67,Clear,0,0,0,0,1,4,2
05/30/2023,3:30 AM,81,84,29.67,Clear,0,0,0,0,0,3,2
05/30/2023,4:00 AM,81,84,29.67,Clear,0,0,0,0,0,4,2
05/30/2023,4:30 AM,81,84,29.67,Clear,0,0,0,0,0,3,2
05/30/2023,5:00 AM,81,84,29.64,Clear,0,0,0,0,3,12,2
05/30/2023,5:30 AM,81,84,29.67,Clear,0,0,0,0,3,14,2
05/30/2023,6:00 AM,79,89,29.67,Clear,0,0,0,0,3,13,2
05/30/2023,6:30 AM,79,89,29.67,Clear,0,0,0,0,3,15,2
05/30/2023,7:00 AM,82,79,29.7,Clear,0,0,0,0,3,14,2
05/30/2023,7:30 AM,84,79,29.7,Clear,0,0,0,0,3,15,2
05/30/2023,8:00 AM,84,79,29.7,Clear,0,0,0,0,3,12,1
05/30/2023,8:30 AM,86,74,29.7,Clear,0,0,0,0,2,13,2
05/30/2023,9:00 AM,79,89,29.73,Rain,0,0,0,0,1,7,1
05/30/2023,9:30 AM,84,84,29.73,Clear,0,0,0,0,2,8,1
05/30/2023,10:00 AM,88,70,29.73,Clear,0,0,0,0,2,7,1
05/30/2023,10:30 AM,88,70,29.73,Clear,0,0,0,0,2,7,2
05/30/2023,11:00 AM,90,62,29.7,Clear,0,0,0,0,2,8,2
05/30/2023,11:30 AM,91,59,29.7,Clear,0,0,0,0,2,6,2
05/30/2023,12:00 PM,91,55,29.7,Clear,0,0,0,0,2,6,2
05/30/2023,12:30 PM,93,56,29.7,Rain,0,0,0,0,1,9,1
05/30/2023,1:00 PM,93,56,29.67,Rain,0,0,0,0,1,6,2
05/30/2023,1:30 PM,86,70,29.67,Rain,0,0,0,0,1,8,1
05/30/2023,2:00 PM,86,74,29.64,Rain,0,0,0,0,1,7,2
05/30/2023,2:30 PM,88,70,29.64,Clear,0,0,0,0,2,7,2
05/30/2023,3:00 PM,86,74,29.64,Clear,0,0,0,0,2,7,1
05/30/2023,3:30 PM,86,74,29.64,Clear,0,0,0,0,2,7,2
05/30/2023,4:00 PM,86,70,29.64,Clear,0,0,0,0,3,14,2
05/30/2023,4:30 PM,86,70,29.64,Clear,0,0,0,0,3,16,2
05/30/2023,5:00 PM,84,79,29.64,Clear,0,0,0,0,3,11,2
05/30/2023,5:30 PM,86,74,29.67,Clear,0,0,0,0,3,11,2
05/30/2023,6:00 PM,86,74,29.67,Clear,0,0,0,0,3,14,2
05/30/2023,6:30 PM,84,74,29.67,Clear,0,0,0,0,3,12,2
05/30/2023,7:00 PM,84,74,29.67,Clear,0,0,0,0,3,13,2
05/30/2023,7:30 PM,82,79,29.67,Clear,0,0,0,0,3,13,2
05/30/2023,8:00 PM,82,79,29.67,Clear,0,0,0,0,2,8,2
05/30/2023,8:30 PM,82,79,29.7,Clear,0,0,0,0,2,8,2
05/30/2023,9:00 PM,82,79,29.7,Clear,0,0,0,0,2,6,2
05/30/2023,9:30 PM,82,79,29.7,Clear,0,0,0,0,2,7,2
05/30/2023,10:00 PM,82,79,29.73,Clear,0,0,0,0,2,9,2
05/30/2023,10:30 PM,81,84,29.73,Clear,0,0,0,0,2,7,2
05/30/2023,11:00 PM,81,89,29.73,Clear,0,0,0,0,2,7,1
05/30/2023,11:30 PM,81,89,29.73,Clear,0,0,0,0,2,10,2
05/31/2023,12:00 AM,81,89,29.73,Clear,0,0,0,0,0,3,2
05/31/2023,12:30 AM,79,94,29.7,Clear,0,0,0,0,0,3,3
05/31/2023,1:00 AM,79,94,29.7,Clear,0,0,0,0,0,3,2
05/31/2023,1:30 AM,79,94,29.7,Clear,0,0,0,0,1,3,2
05/31/2023,2:00 AM,79,94,29.67,Clear,0,0,0,0,0,3,2
05/31/2023,2:30 AM,79,94,29.67,Clear,0,0,0,0,0,3,2
05/31/2023,3:00 AM,79,94,29.67,Clear,0,0,0,0,0,3,2
05/31/2023,3:30 AM,79,94,29.67,Clear,0,0,0,0,0,2,2
05/31/2023,4:00 AM,79,94,29.67,Clear,0,0,0,0,1,3,3
05/31/2023,4:30 AM,79,94,29.67,Clear,0,0,0,0,0,3,2
05/31/2023,5:00 AM,79,94,29.67,Clear,0,0,0,0,3,14,2
05/31/2023,5:30 AM,81,84,29.67,Clear,0,0,0,0,3,14,2
05/31/2023,6:00 AM,81,84,29.7,Clear,0,0,0,0,3,13,2
05/31/2023,6:30 AM,79,89,29.7,Clear,0,0,0,0,2,13,2
05/31/2023,7:00 AM,81,84,29.7,Clear,0,0,0,0,3,12,2
05/31/2023,7:30 AM,82,84,29.7,Clear,0,0,0,0,3,15,2
05/31/2023,8:00 AM,84,74,29.73,Clear,0,0,0,0,3,14,1
05/31/2023,8:30 AM,86,74,29.73,Clear,0,0,0,0,3,16,2
05/31/2023,9:00 AM,84,79,29.73,Clear,0,0,0,0,2,7,2
05/31/2023,9:30 AM,86,66,29.73,Clear,0,0,0,0,2,6,1
05/31/2023,10:00 AM,88,66,29.73,Clear,0,0,0,0,2,6,2
05/31/2023,10:30 AM,86,70,29.73,Clear,0,0,0,0,2,6,2
05/31/2023,11:00 AM,88,62,29.7,Clear,0,0,0,0,2,6,1
05/31/2023,11:30 AM,90,66,29.7,Clear,0,0,0,0,2,9,2
05/31/2023,12:00 PM,90,62,29.7,Clear,0,0,0,0,2,5,1
05/31/2023,12:30 PM,91,59,29.67,Clear,0,0,0,0,2,6,2
05/31/2023,1:00 PM,91,59,29.67,Rain,0,0,0,0,1,6,1
05/31/2023,1:30 PM,91,59,29.64,Clear,0,0,0,0,2,7,2
05/31/2023,2:00 PM,90,62,29.64,Clear,0,0,0,0,2,7,2
05/31/2023,2:30 PM,90,62,29.64,Clear,0,0,0,0,2,7,1
05/31/2023,3:00 PM,90,62,29.61,Clear,0,0,0,0,2,7,2
05/31/2023,3:30 PM,90,66,29.61,Clear,0,0,0,0,2,6,2
05/31/2023,4:00 PM,90,66,29.61,Clear,0,0,0,0,3,14,2
05/31/2023,4:30 PM,88,70,29.61,Clear,0,0,0,0,3,16,2
05/31/2023,5:00 PM,88,66,29.61,Clear,0,0,0,0,3,14,2
05/31/2023,5:30 PM,86,70,29.64,Clear,0,0,0,0,3,13,3
05/31/2023,6:00 PM,86,70,29.64,Clear,0,0,0,0,3,14,2
05/31/2023,6:30 PM,86,70,29.64,Clear,0,0,0,0,2,15,2
05/31/2023,7:00 PM,84,74,29.67,Clear,0,0,0,0,3,15,2
05/31/2023,7:30 PM,84,74,29.67,Clear,0,0,0,0,3,13,2
05/31/2023,8:00 PM,82,79,29.67,Clear,0,0,0,0,2,8,2
05/31/2023,8:30 PM,82,79,29.7,Clear,0,0,0,0,2,8,2
05/31/2023,9:00 PM,82,79,29.7,Clear,0,0,0,0,1,9,2
05/31/2023,9:30 PM,84,74,29.7,Clear,0,0,0,0,2,8,2
05/31/2023,10:00 PM,82,79,29.7,Clear,0,0,0,0,2,8,2
05/31/2023,10:30 PM,82,79,29.7,Clear,0,0,0,0,1,7,2
05/31/2023,11:00 PM,82,79,29.73,Clear,0,0,0,0,2,7,2
05/31/2023,11:30 PM,82,79,29.73,Clear,0,0,0,0,2,7,2
6/1/2023,12:00 AM,82,79,29.7,Clear,0,0,0,0,0,3,2
6/1/2023,12:30 AM,82,79,29.7,Clear,0,0,0,0,0,4,2
6/1/2023,1:00 AM,82,79,29.7,Clear,0,0,0,0,0,3,2
6/1/2023,1:30 AM,82,79,29.7,Clear,0,0,0,0,0,4,2
6/1/2023,2:00 AM,82,79,29.67,Clear,0,0,0,0,0,3,2
6/1/2023,2:30 AM,82,79,29.67,Clear,0,0,0,0,0,4,2
6/1/2023,3:00 AM,81,84,29.64,Clear,0,0,0,0,1,3,2
6/1/2023,3:30 AM,81,84,29.64,Clear,0,0,0,0,0,3,2
6/1/2023,4:00 AM,79,94,29.64,Clear,0,0,0,0,1,3,3
6/1/2023,4:30 AM,79,94,29.64,Clear,0,0,0,0,0,3,2
6/1/2023,5:00 AM,79,94,29.64,Clear,0,0,0,0,3,14,2
6/1/2023,5:30 AM,79,94,29.64,Clear,0,0,0,0,3,16,2
6/1/2023,6:00 AM,79,94,29.67,Clear,0,0,0,0,3,14,1
6/1/2023,6:30 AM,79,94,29.67,Clear,0,0,0,0,3,16,2
6/1/2023,7:00 AM,79,94,29.67,Clear,0,0,0,0,3,14,2
6/1/2023,7:30 AM,81,89,29.7,Clear,0,0,0,0,3,13,2
6/1/2023,8:00 AM,82,84,29.7,Clear,0,0,0,0,3,14,2
6/1/2023,8:30 AM,86,74,29.7,Clear,0,0,0,0,3,13,2
6/1/2023,9:00 AM,86,74,29.73,Clear,0,0,0,0,2,7,2
6/1/2023,9:30 AM,88,66,29.73,Clear,0,0,0,0,2,8,2
6/1/2023,10:00 AM,88,66,29.73,Clear,0,0,0,0,2,7,2
6/1/2023,10:30 AM,90,59,29.73,Clear,0,0,0,0,2,6,2
6/1/2023,11:00 AM,90,62,29.7,Clear,0,0,0,0,2,7,2
6/1/2023,11:30 AM,90,59,29.7,Clear,0,0,0,0,2,7,1
6/1/2023,12:00 PM,91,59,29.7,Clear,0,0,0,0,2,7,2
6/1/2023,12:30 PM,91,55,29.67,Clear,0,0,0,0,2,6,1
6/1/2023,1:00 PM,93,52,29.67,Clear,0,0,0,0,2,6,2
6/1/2023,1:30 PM,93,59,29.64,Clear,0,0,0,0,2,8,2
6/1/2023,2:00 PM,93,52,29.64,Clear,0,0,0,0,2,7,2
6/1/2023,2:30 PM,93,52,29.61,Clear,0,0,0,0,2,8,2
6/1/2023,3:00 PM,93,52,29.61,Clear,0,0,0,0,2,7,2
6/1/2023,3:30 PM,93,52,29.61,Clear,0,0,0,0,2,6,2
6/1/2023,4:00 PM,93,52,29.61,Clear,0,0,0,0,3,14,3
6/1/2023,4:30 PM,91,55,29.61,Clear,0,0,0,0,3,15,2
6/1/2023,5:00 PM,90,59,29.64,Clear,0,0,0,0,3,13,2
6/1/2023,5:30 PM,88,62,29.64,Clear,0,0,0,0,3,12,2
6/1/2023,6:00 PM,86,66,29.64,Clear,0,0,0,0,3,13,2
6/1/2023,6:30 PM,86,66,29.64,Clear,0,0,0,0,3,13,2
6/1/2023,7:00 PM,86,66,29.64,Clear,0,0,0,0,3,15,2
6/1/2023,7:30 PM,86,66,29.64,Clear,0,0,0,0,3,12,2
6/1/2023,8:00 PM,84,70,29.67,Clear,0,0,0,0,2,7,2
6/1/2023,8:30 PM,84,74,29.67,Clear,0,0,0,0,2,7,2
6/1/2023,9:00 PM,84,74,29.67,Clear,0,0,0,0,2,8,2
6/1/2023,9:30 PM,82,79,29.7,Clear,0,0,0,0,1,7,2
6/1/2023,10:00 PM,82,79,29.7,Clear,0,0,0,0,2,8,2
6/1/2023,10:30 PM,81,84,29.7,Clear,0,0,0,0,2,8,2
6/1/2023,11:00 PM,81,84,29.7,Clear,0,0,0,0,2,8,2
6/1/2023,11:30 PM,79,94,29.7,Clear,0,0,0,0,2,10,1
6/2/2023,12:00 AM,79,89,29.7,Clear,0,0,0,0,0,4,2
6/2/2023,12:30 AM,79,89,29.7,Clear,0,0,0,0,0,3,2
6/2/2023,1:00 AM,79,89,29.7,Clear,0,0,0,0,1,4,2
6/2/2023,1:30 AM,79,89,29.7,Clear,0,0,0,0,0,3,2
6/2/2023,2:00 AM,79,89,29.67,Clear,0,0,0,0,0,3,2
6/2/2023,2:30 AM,79,89,29.67,Clear,0,0,0,0,0,3,2
6/2/2023,3:00 AM,79,89,29.67,Clear,0,0,0,0,1,3,3
6/2/2023,3:30 AM,79,89,29.67,Clear,0,0,0,0,0,3,2
6/2/2023,4:00 AM,77,94,29.64,Clear,0,0,0,0,0,3,2
6/2/2023,4:30 AM,77,94,29.64,Clear,0,0,0,0,0,3,2
6/2/2023,5:00 AM,79,89,29.67,Clear,0,0,0,0,3,15,2
6/2/2023,5:30 AM,77,94,29.67,Clear,0,0,0,0,3,15,2
6/2/2023,6:00 AM,77,94,29.67,Clear,0,0,0,0,2,12,2
6/2/2023,6:30 AM,77,94,29.67,Clear,0,0,0,0,3,14,2
6/2/2023,7:00 AM,79,94,29.7,Clear,0,0,0,0,3,14,2
6/2/2023,7:30 AM,81,89,29.7,Clear,0,0,0,0,3,13,1
6/2/2023,8:00 AM,82,84,29.7,Clear,1,0,2,0,3,17,1
6/2/2023,8:30 AM,84,79,29.7,Clear,0,0,0,0,3,15,1
6/2/2023,9:00 AM,86,74,29.7,Clear,0,0,0,0,2,7,1
6/2/2023,9:30 AM,90,59,29.73,Clear,0,0,0,0,2,7,2
6/2/2023,10:00 AM,91,55,29.7,Clear,0,0,0,0,2,7,2
6/2/2023,10:30 AM,91,55,29.7,Clear,0,0,0,0,2,7,1
6/2/2023,11:00 AM,91,55,29.7,Clear,0,0,0,0,2,6,2
6/2/2023,11:30 AM,93,56,29.67,Clear,0,0,0,0,2,6,1
6/2/2023,12:00 PM,95,49,29.67,Clear,0,0,0,0,2,7,2
6/2/2023,12:30 PM,93,52,29.67,Clear,0,0,0,0,2,7,2
6/2/2023,1:00 PM,95,53,29.67,Rain,0,0,0,0,2,6,2
6/2/2023,1:30 PM,93,56,29.64,Clear,0,0,0,0,2,7,2
6/2/2023,2:00 PM,93,56,29.64,Clear,0,0,0,0,2,7,1
6/2/2023,2:30 PM,93,52,29.64,Clear,0,0,0,0,2,6,2
6/2/2023,3:00 PM,95,53,29.64,Rain,0,0,0,0,1,7,2
6/2/2023,3:30 PM,93,56,29.64,Clear,0,0,0,0,2,8,2
6/2/2023,4:00 PM,93,56,29.61,Clear,0,0,0,0,2,15,3
6/2/2023,4:30 PM,93,56,29.61,Clear,0,0,0,0,2,15,2
6/2/2023,5:00 PM,91,59,29.61,Clear,0,0,0,0,3,15,2
6/2/2023,5:30 PM,91,55,29.61,Clear,0,0,0,0,3,14,2
6/2/2023,6:00 PM,90,59,29.64,Clear,0,0,0,0,3,14,2
6/2/2023,6:30 PM,90,59,29.64,Clear,0,0,0,0,3,16,2
6/2/2023,7:00 PM,88,62,29.64,Clear,0,0,0,0,2,13,3
6/2/2023,7:30 PM,86,70,29.67,Clear,0,0,0,0,3,13,2
6/2/2023,8:00 PM,86,70,29.67,Clear,0,0,0,0,2,9,2
6/2/2023,8:30 PM,86,70,29.7,Clear,0,0,0,0,1,6,2
6/2/2023,9:00 PM,84,74,29.7,Clear,0,0,0,0,2,8,2
6/2/2023,9:30 PM,84,74,29.73,Clear,0,0,0,0,2,7,2
6/2/2023,10:00 PM,84,74,29.73,Clear,0,0,0,0,2,8,2
6/2/2023,10:30 PM,84,74,29.73,Clear,0,0,0,0,2,7,2
6/2/2023,11:00 PM,84,74,29.73,Clear,0,0,0,0,2,8,2
6/2/2023,11:30 PM,84,74,29.73,Clear,0,0,0,0,2,8,1
6/3/2023,12:00 AM,82,79,29.73,Clear,0,0,0,0,0,3,2
6/3/2023,12:30 AM,82,79,29.73,Clear,0,0,0,0,0,3,2
6/3/2023,1:00 AM,82,84,29.7,Clear,0,0,0,0,1,4,2
6/3/2023,1:30 AM,82,84,29.7,Clear,0,0,0,0,0,3,2
6/3/2023,2:00 AM,81,89,29.7,Clear,0,0,0,0,0,3,2
6/3/2023,2:30 AM,81,89,29.7,Clear,0,0,0,0,0,3,2
6/3/2023,3:00 AM,81,89,29.67,Clear,0,0,0,0,0,3,2
6/3/2023,3:30 AM,79,94,29.67,Clear,0,0,0,0,0,4,2
6/3/2023,4:00 AM,79,94,29.7,Clear,0,0,0,0,0,4,2
6/3/2023,4:30 AM,79,94,29.7,Clear,0,0,0,0,0,4,2
6/3/2023,5:00 AM,79,94,29.7,Clear,0,0,0,0,3,15,1
6/3/2023,5:30 AM,79,94,29.7,Clear,0,0,0,0,2,12,2
6/3/2023,6:00 AM,79,94,29.7,Clear,0,0,0,0,3,16,1
6/3/2023,6:30 AM,79,94,29.7,Clear,0,0,0,0,3,14,2
6/3/2023,7:00 AM,79,94,29.73,Clear,1,0,1,0,3,13,2
6/3/2023,7:30 AM,79,94,29.73,Clear,0,0,0,0,3,13,2
6/3/2023,8:00 AM,82,84,29.73,Clear,0,0,0,0,3,14,2
6/3/2023,8:30 AM,84,79,29.73,Clear,0,0,0,0,2,13,2
6/3/2023,9:00 AM,88,70,29.73,Clear,0,0,0,0,2,8,2
6/3/2023,9:30 AM,88,70,29.73,Clear,0,0,0,0,2,8,2
6/3/2023,10:00 AM,90,62,29.73,Clear,0,0,0,0,2,7,2
6/3/2023,10:30 AM,91,59,29.73,Clear,0,0,0,0,1,7,2
6/3/2023,11:00 AM,91,59,29.73,Clear,0,0,0,0,2,7,2
6/3/2023,11:30 AM,93,52,29.7,Clear,0,0,0,0,2,5,2
6/3/2023,12:00 PM,93,52,29.7,Clear,0,0,0,0,2,6,1
6/3/2023,12:30 PM,93,52,29.7,Clear,0,0,0,0,2,7,2
6/3/2023,1:00 PM,93,52,29.67,Clear,0,0,0,0,2,7,2
6/3/2023,1:30 PM,91,59,29.67,Clear,0,0,0,0,2,5,1
6/3/2023,2:00 PM,86,70,29.67,Rain,0,0,0,0,1,8,2
6/3/2023,2:30 PM,86,74,29.64,Rain,0,0,0,0,1,7,2
6/3/2023,3:00 PM,88,75,29.64,Clear,0,0,0,0,2,6,1
6/3/2023,3:30 PM,90,62,29.61,Clear,0,0,0,0,2,7,2
6/3/2023,4:00 PM,90,59,29.61,Clear,0,0,0,0,3,16,2
6/3/2023,4:30 PM,90,59,29.61,Clear,0,0,0,0,3,13,2
6/3/2023,5:00 PM,88,62,29.64,Clear,0,0,0,0,3,14,2
6/3/2023,5:30 PM,88,66,29.64,Clear,0,0,0,0,2,14,2
6/3/2023,6:00 PM,86,66,29.67,Clear,0,0,0,0,3,13,2
6/3/2023,6:30 PM,86,70,29.67,Clear,0,0,0,0,3,14,3
6/3/2023,7:00 PM,82,79,29.67,Clear,0,0,0,0,3,12,2
6/3/2023,7:30 PM,82,74,29.7,Clear,0,0,0,0,3,13,2
6/3/2023,8:00 PM,82,70,29.7,Clear,0,0,0,0,2,8,2
6/3/2023,8:30 PM,81,79,29.73,Clear,0,0,0,0,1,8,2
6/3/2023,9:00 PM,81,79,29.73,Clear,0,0,0,0,2,9,1
6/3/2023,9:30 PM,81,79,29.76,Clear,0,0,0,0,2,7,2
6/3/2023,10:00 PM,81,84,29.76,Clear,0,0,0,0,2,8,1
6/3/2023,10:30 PM,81,84,29.76,Clear,0,0,0,0,2,8,1
6/3/2023,11:00 PM,81,84,29.76,Clear,0,0,0,0,2,8,2
6/3/2023,11:30 PM,79,89,29.76,Clear,0,0,0,0,2,8,2
6/4/2023,12:00 AM,79,89,29.73,Clear,0,0,0,0,0,4,2
6/4/2023,12:30 AM,79,89,29.73,Clear,0,0,0,0,0,3,2
6/4/2023,1:00 AM,79,89,29.73,Clear,0,0,0,0,0,3,2
6/4/2023,1:30 AM,79,89,29.73,Clear,0,0,0,0,1,3,2
6/4/2023,2:00 AM,77,94,29.7,Clear,0,0,0,0,1,4,2
6/4/2023,2:30 AM,77,94,29.7,Clear,0,0,0,0,0,3,2
6/4/2023,3:00 AM,77,94,29.7,Clear,0,0,0,0,0,3,2
6/4/2023,3:30 AM,77,94,29.7,Clear,0,0,0,0,1,4,2
6/4/2023,4:00 AM,77,94,29.7,Rain,0,0,0,0,0,4,2
6/4/2023,4:30 AM,77,94,29.7,Rain,0,0,0,0,0,3,2
6/4/2023,5:00 AM,77,94,29.7,Rain,0,0,0,0,2,16,2
6/4/2023,5:30 AM,77,94,29.7,Rain,0,0,0,0,2,17,2
6/4/2023,6:00 AM,77,94,29.7,Clear,0,0,0,0,3,14,2
6/4/2023,6:30 AM,77,94,29.7,Clear,0,0,0,0,3,16,2
6/4/2023,7:00 AM,77,94,29.7,Clear,0,0,0,0,3,14,2
6/4/2023,7:30 AM,79,89,29.73,Clear,0,0,0,0,3,16,1
6/4/2023,8:00 AM,79,94,29.73,Clear,0,0,0,0,4,14,2
6/4/2023,8:30 AM,81,89,29.73,Clear,0,0,0,0,3,10,2
6/4/2023,9:00 AM,81,89,29.76,Clear,0,0,0,0,2,7,2
6/4/2023,9:30 AM,84,79,29.76,Clear,0,0,0,0,2,7,2
6/4/2023,10:00 AM,86,79,29.73,Clear,0,0,0,0,2,7,2
6/4/2023,10:30 AM,88,70,29.76,Clear,0,0,0,0,2,6,1
6/4/2023,11:00 AM,88,70,29.73,Clear,0,0,0,0,2,8,2
6/4/2023,11:30 AM,90,62,29.73,Clear,0,0,0,0,2,7,2
6/4/2023,12:00 PM,91,52,29.7,Clear,0,0,0,0,2,7,2
6/4/2023,12:30 PM,91,52,29.7,Clear,0,0,0,0,2,7,2
6/4/2023,1:00 PM,91,55,29.67,Clear,0,0,0,0,2,7,2
6/4/2023,1:30 PM,95,49,29.64,Clear,0,0,0,0,3,6,2
6/4/2023,2:00 PM,95,47,29.64,Clear,0,0,0,0,2,7,1
6/4/2023,2:30 PM,95,47,29.64,Clear,0,0,0,0,2,6,2
6/4/2023,3:00 PM,93,52,29.61,Clear,0,0,0,0,2,6,1
6/4/2023,3:30 PM,93,52,29.61,Clear,0,0,0,0,2,6,1
6/4/2023,4:00 PM,93,46,29.61,Clear,0,0,0,0,3,15,2
6/4/2023,4:30 PM,93,46,29.61,Clear,0,0,0,0,3,16,2
6/4/2023,5:00 PM,93,46,29.61,Clear,0,0,0,0,3,13,2
6/4/2023,5:30 PM,93,49,29.61,Clear,0,0,0,0,3,13,2
6/4/2023,6:00 PM,91,49,29.61,Clear,0,0,0,0,3,12,3
6/4/2023,6:30 PM,90,52,29.61,Clear,0,0,0,0,3,12,2
6/4/2023,7:00 PM,88,55,29.64,Clear,0,0,0,0,3,14,3
6/4/2023,7:30 PM,88,55,29.64,Clear,0,0,0,0,3,17,2
6/4/2023,8:00 PM,86,58,29.64,Clear,0,0,0,0,2,7,1
6/4/2023,8:30 PM,86,62,29.67,Clear,0,0,0,0,2,8,2
6/4/2023,9:00 PM,84,66,29.67,Clear,0,0,0,0,2,7,2
6/4/2023,9:30 PM,84,66,29.7,Clear,0,0,0,0,2,9,2
6/4/2023,10:00 PM,84,62,29.7,Clear,0,0,0,0,2,10,2
6/4/2023,10:30 PM,82,70,29.73,Clear,0,0,0,0,2,8,2
6/4/2023,11:00 PM,82,70,29.73,Clear,0,0,0,0,2,8,2
6/4/2023,11:30 PM,81,79,29.73,Clear,0,0,0,0,2,9,1
6/5/2023,12:00 AM,81,79,29.7,Clear,0,0,0,0,1,3,2
6/5/2023,12:30 AM,81,79,29.7,Clear,0,0,0,0,0,3,3
6/5/2023,1:00 AM,79,83,29.7,Clear,0,0,0,0,0,3,2
6/5/2023,1:30 AM,79,83,29.67,Clear,0,0,0,0,0,3,2
6/5/2023,2:00 AM,79,83,29.67,Clear,0,0,0,0,0,3,3
6/5/2023,2:30 AM,79,83,29.67,Clear,0,0,0,0,0,3,2
6/5/2023,3:00 AM,77,89,29.67,Clear,0,0,0,0,0,4,3
6/5/2023,3:30 AM,77,89,29.67,Clear,0,0,0,0,0,3,2
6/5/2023,4:00 AM,77,94,29.64,Clear,0,0,0,0,1,3,2
6/5/2023,4:30 AM,77,89,29.64,Clear,0,0,0,0,0,3,2
6/5/2023,5:00 AM,77,94,29.64,Clear,0,0,0,0,3,15,2
6/5/2023,5:30 AM,77,94,29.64,Clear,0,0,0,0,3,14,2
6/5/2023,6:00 AM,77,94,29.64,Clear,0,0,0,0,3,13,2
6/5/2023,6:30 AM,77,94,29.64,Clear,0,0,0,0,3,18,2
6/5/2023,7:00 AM,79,94,29.67,Clear,0,0,0,0,3,11,2
6/5/2023,7:30 AM,82,84,29.67,Clear,0,0,0,0,3,14,2
6/5/2023,8:00 AM,82,84,29.7,Clear,0,0,0,0,3,13,2
6/5/2023,8:30 AM,86,74,29.7,Clear,0,0,0,0,3,13,2
6/5/2023,9:00 AM,88,70,29.7,Clear,0,0,0,0,2,7,1
6/5/2023,9:30 AM,90,66,29.7,Clear,0,0,0,0,2,7,1
6/5/2023,10:00 AM,91,59,29.7,Clear,0,0,0,0,2,8,2
6/5/2023,10:30 AM,93,56,29.7,Clear,0,0,0,0,2,6,2
6/5/2023,11:00 AM,91,55,29.7,Clear,0,0,0,0,2,7,2
6/5/2023,11:30 AM,91,55,29.7,Clear,0,0,0,0,2,7,2
6/5/2023,12:00 PM,91,59,29.67,Rain,0,0,0,0,1,8,2
6/5/2023,12:30 PM,86,66,29.67,Rain,0,0,0,0,1,7,1
6/5/2023,1:00 PM,81,89,29.67,Rain,0,0,0,0,1,6,2
6/5/2023,1:30 PM,82,79,29.64,Clear,0,0,0,0,2,7,2
6/5/2023,2:00 PM,82,84,29.64,Clear,0,0,0,0,2,6,2
6/5/2023,2:30 PM,82,84,29.64,Clear,0,0,0,0,2,6,1
6/5/2023,3:00 PM,84,79,29.61,Clear,0,0,0,0,2,6,2
6/5/2023,3:30 PM,84,79,29.61,Clear,0,0,0,0,2,7,1
6/5/2023,4:00 PM,86,74,29.61,Clear,0,0,0,0,2,13,2
6/5/2023,4:30 PM,88,70,29.61,Clear,0,0,0,0,3,15,2
6/5/2023,5:00 PM,88,70,29.58,Clear,0,0,0,0,3,15,2
6/5/2023,5:30 PM,90,59,29.61,Clear,0,0,0,0,3,13,2
6/5/2023,6:00 PM,88,62,29.61,Clear,0,0,0,0,3,11,2
6/5/2023,6:30 PM,86,66,29.61,Clear,0,0,0,0,3,15,3
6/5/2023,7:00 PM,86,66,29.64,Clear,0,0,0,0,3,12,3
6/5/2023,7:30 PM,86,66,29.64,Clear,0,0,0,0,3,12,2
6/5/2023,8:00 PM,84,74,29.67,Clear,0,0,0,0,2,8,2
6/5/2023,8:30 PM,84,74,29.67,Clear,0,0,0,0,2,9,2
6/5/2023,9:00 PM,82,79,29.7,Clear,0,0,0,0,2,9,2
6/5/2023,9:30 PM,82,79,29.7,Clear,0,0,0,0,2,8,2
6/5/2023,10:00 PM,82,79,29.7,Clear,0,0,0,0,2,8,2
6/5/2023,10:30 PM,82,79,29.7,Clear,0,0,0,0,2,7,2
6/5/2023,11:00 PM,81,84,29.7,Clear,0,0,0,0,2,8,2
6/5/2023,11:30 PM,81,84,29.7,Clear,0,0,0,0,2,8,2
6/6/2023,12:00 AM,81,84,29.7,Clear,0,0,0,0,1,4,2
6/6/2023,12:30 AM,81,84,29.7,Clear,0,0,0,0,0,3,2
6/6/2023,1:00 AM,79,94,29.7,Clear,0,0,0,0,0,3,2
6/6/2023,1:30 AM,79,94,29.67,Clear,0,0,0,0,0,3,2
6/6/2023,2:00 AM,79,94,29.67,Clear,0,0,0,0,0,3,2
6/6/2023,2:30 AM,79,94,29.67,Clear,0,0,0,0,0,3,2
6/6/2023,3:00 AM,79,94,29.64,Clear,0,0,0,0,0,3,3
6/6/2023,3:30 AM,79,94,29.64,Clear,0,0,0,0,0,3,2
6/6/2023,4:00 AM,79,94,29.64,Clear,0,0,0,0,0,3,2
6/6/2023,4:30 AM,79,94,29.64,Clear,0,0,0,0,0,3,2
6/6/2023,5:00 AM,79,94,29.64,Clear,0,0,0,0,3,13,2
6/6/2023,5:30 AM,79,94,29.64,Rain,0,0,0,0,2,13,2
6/6/2023,6:00 AM,79,89,29.67,Rain,0,0,0,0,2,13,2
6/6/2023,6:30 AM,79,89,29.67,Clear,0,0,0,0,3,14,2
6/6/2023,7:00 AM,79,89,29.67,Clear,0,0,0,0,3,15,2
6/6/2023,7:30 AM,81,84,29.7,Clear,0,0,0,0,3,14,2
6/6/2023,8:00 AM,82,79,29.7,Clear,0,0,0,0,3,16,2
6/6/2023,8:30 AM,82,79,29.7,Clear,0,0,0,0,3,15,2
6/6/2023,9:00 AM,84,74,29.7,Clear,0,0,0,0,2,8,2
6/6/2023,9:30 AM,86,70,29.7,Clear,0,0,0,0,2,6,2
6/6/2023,10:00 AM,86,74,29.7,Clear,0,0,0,0,2,7,2
6/6/2023,10:30 AM,88,70,29.7,Clear,0,0,0,0,2,7,1
6/6/2023,11:00 AM,91,59,29.67,Clear,0,0,0,0,2,7,1
6/6/2023,11:30 AM,91,59,29.67,Clear,1,0,1,0,2,7,2
6/6/2023,12:00 PM,91,59,29.67,Clear,0,0,0,0,2,6,2
6/6/2023,12:30 PM,91,59,29.64,Clear,0,0,0,0,2,6,2
6/6/2023,1:00 PM,93,52,29.64,Clear,0,0,0,0,2,6,1
6/6/2023,1:30 PM,95,53,29.64,Clear,0,0,0,0,2,5,2
6/6/2023,2:00 PM,93,49,29.64,Clear,0,0,0,0,2,7,2
6/6/2023,2:30 PM,91,55,29.64,Clear,0,0,0,0,2,6,2
6/6/2023,3:00 PM,91,55,29.61,Clear,0,0,0,0,2,7,2
6/6/2023,3:30 PM,91,55,29.61,Clear,0,0,0,0,2,7,2
6/6/2023,4:00 PM,90,62,29.61,Clear,0,0,0,0,3,15,2
6/6/2023,4:30 PM,82,84,29.64,Rain,0,0,0,0,2,16,3
6/6/2023,5:00 PM,81,84,29.64,Rain,0,0,0,0,2,16,2
6/6/2023,5:30 PM,79,89,29.67,Rain,0,0,0,0,2,17,2
6/6/2023,6:00 PM,77,94,29.67,Clear,0,0,0,0,3,13,2
6/6/2023,6:30 PM,77,89,29.67,Rain,0,0,0,0,2,16,2
6/6/2023,7:00 PM,77,89,29.67,Rain,1,0,1,0,2,15,2
6/6/2023,7:30 PM,77,89,29.7,Rain,0,0,0,0,2,14,3
6/6/2023,8:00 PM,77,89,29.7,Rain,0,0,0,0,1,8,2
6/6/2023,8:30 PM,77,89,29.7,Rain,0,0,0,0,1,9,2
6/6/2023,9:00 PM,77,94,29.73,Rain,0,0,0,0,1,8,1
6/6/2023,9:30 PM,77,89,29.73,Rain,0,0,0,0,1,10,2
6/6/2023,10:00 PM,77,89,29.73,Rain,0,0,0,0,1,8,2
6/6/2023,10:30 PM,75,94,29.73,Rain,0,0,0,0,1,7,2
6/6/2023,11:00 PM,75,94,29.73,Clear,0,0,0,0,1,7,2
6/6/2023,11:30 PM,77,89,29.73,Clear,0,0,0,0,2,9,1
6/7/2023,12:00 AM,77,94,29.73,Clear,0,0,0,0,0,3,2
6/7/2023,12:30 AM,77,94,29.73,Clear,0,0,0,0,0,3,2
6/7/2023,1:00 AM,77,89,29.7,Clear,0,0,0,0,0,3,3
6/7/2023,1:30 AM,77,94,29.67,Rain,0,0,0,0,0,3,2
6/7/2023,2:00 AM,77,94,29.67,Clear,0,0,0,0,0,3,2
6/7/2023,2:30 AM,77,94,29.67,Clear,0,0,0,0,0,3,2
6/7/2023,3:00 AM,77,94,29.67,Clear,0,0,0,0,1,3,3
6/7/2023,3:30 AM,77,94,29.67,Clear,0,0,0,0,0,3,2
6/7/2023,4:00 AM,77,94,29.67,Clear,0,0,0,0,0,3,2
6/7/2023,4:30 AM,77,94,29.64,Clear,0,0,0,0,0,3,2
6/7/2023,5:00 AM,77,94,29.64,Clear,0,0,0,0,3,15,2
6/7/2023,5:30 AM,77,94,29.67,Clear,0,0,0,0,3,11,2
6/7/2023,6:00 AM,75,100,29.67,Mist,0,0,0,0,3,12,2
6/7/2023,6:30 AM,75,100,29.67,Mist,0,0,0,0,3,15,2
6/7/2023,7:00 AM,77,94,29.7,Clear,0,0,0,0,3,14,1
6/7/2023,7:30 AM,77,94,29.7,Clear,0,0,0,0,3,12,2
6/7/2023,8:00 AM,81,84,29.7,Clear,0,0,0,0,3,14,2
6/7/2023,8:30 AM,82,84,29.73,Clear,0,0,0,0,3,14,2
6/7/2023,9:00 AM,86,74,29.73,Clear,0,0,0,0,2,6,1
6/7/2023,9:30 AM,86,74,29.73,Clear,0,0,0,0,2,7,1
6/7/2023,10:00 AM,90,66,29.73,Clear,0,0,0,0,2,7,2
6/7/2023,10:30 AM,88,70,29.73,Clear,0,0,0,0,2,7,2
6/7/2023,11:00 AM,90,66,29.73,Clear,0,0,0,0,2,7,1
6/7/2023,11:30 AM,91,59,29.73,Clear,0,0,0,0,2,7,2
6/7/2023,12:00 PM,91,59,29.7,Clear,0,0,0,0,2,7,2
6/7/2023,12:30 PM,93,52,29.7,Clear,0,0,0,0,2,7,2
6/7/2023,1:00 PM,91,59,29.67,Clear,0,0,0,0,2,6,1
6/7/2023,1:30 PM,93,52,29.67,Clear,0,0,0,0,2,6,2
6/7/2023,2:00 PM,93,56,29.67,Clear,0,0,0,0,2,6,2
6/7/2023,2:30 PM,91,59,29.67,Rain,0,0,0,0,1,7,2
6/7/2023,3:00 PM,93,56,29.64,Rain,0,0,0,0,2,7,2
6/7/2023,3:30 PM,88,58,29.64,Clear,0,0,0,0,2,6,2
6/7/2023,4:00 PM,86,62,29.64,Clear,0,0,0,0,3,13,2
6/7/2023,4:30 PM,82,70,29.64,Clear,0,0,0,0,3,13,2
6/7/2023,5:00 PM,82,74,29.64,Clear,0,0,0,0,2,15,2
6/7/2023,5:30 PM,82,74,29.64,Clear,0,0,0,0,3,13,2
6/7/2023,6:00 PM,82,74,29.64,Clear,0,0,0,0,3,12,3
6/7/2023,6:30 PM,81,79,29.64,Clear,0,0,0,0,3,14,2
6/7/2023,7:00 PM,81,79,29.64,Clear,0,0,0,0,3,15,2
6/7/2023,7:30 PM,81,79,29.64,Clear,0,0,0,0,3,14,2
6/7/2023,8:00 PM,81,79,29.67,Clear,0,0,0,0,2,8,2
6/7/2023,8:30 PM,81,84,29.7,Clear,0,0,0,0,2,7,2
6/7/2023,9:00 PM,81,84,29.7,Clear,0,0,0,0,2,8,2
6/7/2023,9:30 PM,79,89,29.7,Clear,0,0,0,0,2,8,2
6/7/2023,10:00 PM,79,89,29.73,Clear,0,0,0,0,2,9,2
6/7/2023,10:30 PM,79,89,29.73,Clear,0,0,0,0,2,8,2
6/7/2023,11:00 PM,79,89,29.73,Clear,1,1,0,1,2,9,1
6/7/2023,11:30 PM,79,89,29.73,Clear,0,0,0,0,2,9,2
6/8/2023,12:00 AM,79,89,29.73,Clear,0,0,0,0,0,4,3
6/8/2023,12:30 AM,79,89,29.73,Clear,0,0,0,0,0,4,2
6/8/2023,1:00 AM,79,89,29.73,Clear,0,0,0,0,0,3,2
6/8/2023,1:30 AM,79,89,29.73,Clear,0,0,0,0,0,3,2
6/8/2023,2:00 AM,79,89,29.73,Clear,0,0,0,0,0,3,3
6/8/2023,2:30 AM,79,89,29.73,Clear,0,0,0,0,0,3,2
6/8/2023,3:00 AM,79,89,29.73,Clear,0,0,0,0,0,3,2
6/8/2023,3:30 AM,77,94,29.7,Clear,0,0,0,0,1,3,2
6/8/2023,4:00 AM,77,94,29.7,Clear,0,0,0,0,0,3,2
6/8/2023,4:30 AM,77,94,29.7,Clear,0,0,0,0,0,3,2
6/8/2023,5:00 AM,77,100,29.7,Clear,0,0,0,0,3,14,2
6/8/2023,5:30 AM,77,94,29.7,Clear,0,0,0,0,3,13,2
6/8/2023,6:00 AM,77,94,29.7,Clear,0,0,0,0,3,14,2
6/8/2023,6:30 AM,77,100,29.7,Clear,0,0,0,0,3,14,2
6/8/2023,7:00 AM,79,94,29.73,Clear,0,0,0,0,3,13,2
6/8/2023,7:30 AM,82,84,29.73,Clear,0,0,0,0,3,13,1
6/8/2023,8:00 AM,82,79,29.73,Clear,0,0,0,0,3,13,2
6/8/2023,8:30 AM,84,79,29.73,Clear,0,0,0,0,2,15,1
6/8/2023,9:00 AM,86,79,29.73,Clear,0,0,0,0,2,6,2
6/8/2023,9:30 AM,88,70,29.73,Clear,0,0,0,0,2,7,1
6/8/2023,10:00 AM,90,62,29.73,Clear,0,0,0,0,2,6,1
6/8/2023,10:30 AM,90,66,29.73,Clear,0,0,0,0,2,6,1
6/8/2023,11:00 AM,91,59,29.73,Clear,0,0,0,0,2,7,2
6/8/2023,11:30 AM,91,59,29.73,Clear,0,0,0,0,2,8,2
6/8/2023,12:00 PM,91,55,29.7,Clear,0,0,0,0,2,7,2
6/8/2023,12:30 PM,93,56,29.7,Clear,0,0,0,0,2,7,2
6/8/2023,1:00 PM,93,52,29.67,Clear,0,0,0,0,2,7,2
6/8/2023,1:30 PM,95,47,29.67,Clear,0,0,0,0,2,7,2
6/8/2023,2:00 PM,93,46,29.67,Clear,0,0,0,0,2,7,2
6/8/2023,2:30 PM,95,47,29.64,Clear,0,0,0,0,2,8,2
6/8/2023,3:00 PM,93,52,29.64,Clear,0,0,0,0,2,7,2
6/8/2023,3:30 PM,93,52,29.64,Clear,0,0,0,0,2,6,2
6/8/2023,4:00 PM,93,49,29.64,Clear,0,0,0,0,3,14,2
6/8/2023,4:30 PM,91,52,29.64,Clear,0,0,0,0,3,14,2
6/8/2023,5:00 PM,91,52,29.64,Clear,0,0,0,0,3,16,2
6/8/2023,5:30 PM,91,52,29.64,Clear,0,0,0,0,3,12,2
6/8/2023,6:00 PM,90,59,29.67,Clear,0,0,0,0,3,13,3
6/8/2023,6:30 PM,86,79,29.67,Clear,0,0,0,0,3,14,2
6/8/2023,7:00 PM,86,79,29.67,Clear,0,0,0,0,3,14,2
6/8/2023,7:30 PM,84,84,29.67,Clear,0,0,0,0,3,13,3
6/8/2023,8:00 PM,84,79,29.7,Clear,0,0,0,0,2,7,2
6/8/2023,8:30 PM,84,84,29.7,Clear,0,0,0,0,1,8,2
6/8/2023,9:00 PM,84,84,29.7,Clear,0,0,0,0,2,8,2
6/8/2023,9:30 PM,82,89,29.73,Clear,0,0,0,0,2,7,2
6/8/2023,10:00 PM,82,89,29.73,Clear,0,0,0,0,2,8,2
6/8/2023,10:30 PM,82,84,29.73,Clear,0,0,0,0,2,8,2
6/8/2023,11:00 PM,81,89,29.73,Clear,0,0,0,0,1,8,2
6/8/2023,11:30 PM,81,94,29.73,Clear,0,0,0,0,2,9,2
6/9/2023,12:00 AM,81,89,29.7,Clear,0,0,0,0,0,3,2
6/9/2023,12:30 AM,81,89,29.7,Clear,0,0,0,0,1,3,2
6/9/2023,1:00 AM,81,89,29.7,Clear,0,0,0,0,0,3,2
6/9/2023,1:30 AM,79,94,29.67,Clear,0,0,0,0,0,3,3
6/9/2023,2:00 AM,79,94,29.67,Clear,0,0,0,0,0,3,3
6/9/2023,2:30 AM,79,94,29.67,Clear,0,0,0,0,0,3,3
6/9/2023,3:00 AM,79,94,29.67,Clear,0,0,0,0,0,3,2
6/9/2023,3:30 AM,79,94,29.67,Clear,0,0,0,0,0,3,2
6/9/2023,4:00 AM,79,94,29.67,Clear,0,0,0,0,0,3,2
6/9/2023,4:30 AM,79,94,29.67,Clear,0,0,0,0,1,3,2
6/9/2023,5:00 AM,79,94,29.67,Clear,0,0,0,0,3,15,2
6/9/2023,5:30 AM,79,94,29.67,Clear,0,0,0,0,3,14,2
6/9/2023,6:00 AM,79,94,29.67,Clear,0,0,0,0,3,14,1
6/9/2023,6:30 AM,79,94,29.67,Clear,0,0,0,0,3,13,2
6/9/2023,7:00 AM,79,94,29.67,Clear,0,0,0,0,3,15,1
6/9/2023,7:30 AM,81,89,29.7,Clear,0,0,0,0,3,14,2
6/9/2023,8:00 AM,81,89,29.7,Clear,0,0,0,0,3,11,2
6/9/2023,8:30 AM,82,89,29.7,Clear,0,0,0,0,3,16,2
6/9/2023,9:00 AM,82,89,29.7,Clear,0,0,0,0,2,6,1
6/9/2023,9:30 AM,88,75,29.7,Clear,0,0,0,0,2,6,2
6/9/2023,10:00 AM,90,66,29.7,Clear,0,0,0,0,2,6,2
6/9/2023,10:30 AM,91,59,29.7,Clear,0,0,0,0,2,7,2
6/9/2023,11:00 AM,91,59,29.7,Clear,0,0,0,0,2,6,2
6/9/2023,11:30 AM,91,59,29.67,Clear,0,0,0,0,2,6,2
6/9/2023,12:00 PM,91,59,29.67,Clear,0,0,0,0,2,7,1
6/9/2023,12:30 PM,93,49,29.64,Clear,0,0,0,0,2,6,2
6/9/2023,1:00 PM,93,56,29.64,Clear,0,0,0,0,2,7,2
6/9/2023,1:30 PM,93,52,29.64,Clear,0,0,0,0,2,8,2
6/9/2023,2:00 PM,95,47,29.61,Rain,0,0,0,0,1,8,1
6/9/2023,2:30 PM,90,62,29.61,Clear,0,0,0,0,2,5,2
6/9/2023,3:00 PM,88,66,29.61,Clear,0,0,0,0,2,6,2
6/9/2023,3:30 PM,88,66,29.61,Clear,0,0,0,0,1,6,2
6/9/2023,4:00 PM,91,59,29.61,Clear,0,0,0,0,3,14,2
6/9/2023,4:30 PM,91,59,29.61,Clear,0,0,0,0,3,15,2
6/9/2023,5:00 PM,91,59,29.61,Clear,0,0,0,0,3,13,2
6/9/2023,5:30 PM,91,59,29.61,Clear,0,0,0,0,2,13,2
6/9/2023,6:00 PM,90,62,29.61,Clear,0,0,0,0,3,14,2
6/9/2023,6:30 PM,88,66,29.61,Clear,0,0,0,0,3,14,2
6/9/2023,7:00 PM,88,70,29.64,Clear,0,0,0,0,2,15,2
6/9/2023,7:30 PM,86,70,29.67,Clear,0,0,0,0,3,15,2
6/9/2023,8:00 PM,86,74,29.67,Clear,0,0,0,0,2,7,2
6/9/2023,8:30 PM,84,79,29.67,Clear,0,0,0,0,2,8,2
6/9/2023,9:00 PM,84,79,29.7,Clear,0,0,0,0,2,7,2
6/9/2023,9:30 PM,82,84,29.73,Clear,0,0,0,0,2,8,1
6/9/2023,10:00 PM,82,84,29.7,Clear,0,0,0,0,2,8,1
6/9/2023,10:30 PM,82,84,29.7,Clear,0,0,0,0,2,8,2
6/9/2023,11:00 PM,81,89,29.7,Clear,0,0,0,0,2,8,2
6/9/2023,11:30 PM,81,89,29.67,Clear,0,0,0,0,1,7,2
6/10/2023,12:00 AM,81,89,29.67,Clear,0,0,0,0,0,3,2
6/10/2023,12:30 AM,81,89,29.67,Clear,0,0,0,0,0,3,2
6/10/2023,1:00 AM,79,94,29.67,Clear,0,0,0,0,0,2,2
6/10/2023,1:30 AM,79,94,29.64,Clear,0,0,0,0,0,4,3
6/10/2023,2:00 AM,79,94,29.64,Clear,0,0,0,0,0,3,2
6/10/2023,2:30 AM,79,94,29.64,Clear,0,0,0,0,1,3,2
6/10/2023,3:00 AM,79,94,29.64,Clear,0,0,0,0,0,4,2
6/10/2023,3:30 AM,79,94,29.64,Clear,0,0,0,0,0,3,2
6/10/2023,4:00 AM,77,100,29.61,Clear,0,0,0,0,0,3,2
6/10/2023,4:30 AM,77,100,29.61,Clear,0,0,0,0,1,3,2
6/10/2023,5:00 AM,77,100,29.61,Clear,0,0,0,0,2,13,2
6/10/2023,5:30 AM,77,100,29.64,Clear,0,0,0,0,3,14,1
6/10/2023,6:00 AM,77,94,29.64,Clear,0,0,0,0,3,15,2
6/10/2023,6:30 AM,77,100,29.67,Clear,0,0,0,0,3,14,2
6/10/2023,7:00 AM,79,94,29.67,Clear,0,0,0,0,3,16,2
6/10/2023,7:30 AM,81,89,29.67,Clear,0,0,0,0,3,13,2
6/10/2023,8:00 AM,84,84,29.7,Clear,0,0,0,0,3,12,2
6/10/2023,8:30 AM,86,74,29.7,Clear,0,0,0,0,3,12,2
6/10/2023,9:00 AM,88,70,29.7,Clear,0,0,0,0,2,7,2
6/10/2023,9:30 AM,88,70,29.7,Clear,0,0,0,0,2,7,2
6/10/2023,10:00 AM,90,66,29.7,Clear,0,0,0,0,2,7,2
6/10/2023,10:30 AM,90,66,29.67,Clear,0,0,0,0,2,7,2
6/10/2023,11:00 AM,91,63,29.67,Clear,0,0,0,0,2,7,2
6/10/2023,11:30 AM,90,66,29.67,Clear,0,0,0,0,2,7,2
6/10/2023,12:00 PM,93,52,29.64,Rain,0,0,0,0,1,8,2
6/10/2023,12:30 PM,90,59,29.64,Clear,0,0,0,0,2,7,2
6/10/2023,1:00 PM,90,62,29.64,Clear,0,0,0,0,2,7,2
6/10/2023,1:30 PM,88,62,29.64,Rain,0,0,0,0,1,7,1
6/10/2023,2:00 PM,86,70,29.61,Clear,0,0,0,0,2,6,2
6/10/2023,2:30 PM,88,66,29.61,Clear,0,0,0,0,2,7,2
6/10/2023,3:00 PM,93,52,29.61,Clear,0,0,0,0,2,8,2
6/10/2023,3:30 PM,84,70,29.64,Clear,0,0,0,0,2,7,1
6/10/2023,4:00 PM,82,79,29.61,Clear,0,0,0,0,3,12,2
6/10/2023,4:30 PM,82,79,29.61,Clear,0,0,0,0,3,13,2
6/10/2023,5:00 PM,84,74,29.64,Clear,0,0,0,0,3,13,2
6/10/2023,5:30 PM,84,70,29.64,Clear,0,0,0,0,3,15,2
6/10/2023,6:00 PM,82,74,29.64,Clear,0,0,0,0,3,15,2
6/10/2023,6:30 PM,82,74,29.64,Clear,0,0,0,0,3,12,3
6/10/2023,7:00 PM,82,74,29.67,Clear,0,0,0,0,3,13,2
6/10/2023,7:30 PM,81,84,29.67,Clear,0,0,0,0,3,13,2
6/10/2023,8:00 PM,81,84,29.67,Clear,0,0,0,0,1,6,2
6/10/2023,8:30 PM,81,79,29.67,Clear,0,0,0,0,2,8,2
6/10/2023,9:00 PM,81,84,29.67,Clear,0,0,0,0,2,8,2
6/10/2023,9:30 PM,79,89,29.67,Clear,0,0,0,0,1,8,2
6/10/2023,10:00 PM,79,89,29.67,Clear,0,0,0,0,2,7,2
6/10/2023,10:30 PM,79,89,29.67,Clear,0,0,0,0,2,7,2
6/10/2023,11:00 PM,79,89,29.67,Clear,0,0,0,0,2,8,2
6/10/2023,11:30 PM,77,94,29.67,Clear,0,0,0,0,2,8,2
6/11/2023,12:00 AM,79,89,29.67,Clear,0,0,0,0,0,3,2
6/11/2023,12:30 AM,79,89,29.67,Clear,0,0,0,0,0,3,2
6/11/2023,1:00 AM,77,94,29.67,Clear,0,0,0,0,0,3,2
6/11/2023,1:30 AM,77,94,29.67,Clear,0,0,0,0,1,3,2
6/11/2023,2:00 AM,77,100,29.64,Clear,0,0,0,0,0,3,2
6/11/2023,2:30 AM,77,94,29.64,Clear,0,0,0,0,1,4,2
6/11/2023,3:00 AM,77,100,29.64,Clear,0,0,0,0,0,3,2
6/11/2023,3:30 AM,79,94,29.64,Clear,0,0,0,0,0,3,2
6/11/2023,4:00 AM,79,94,29.64,Clear,0,0,0,0,0,3,2
6/11/2023,4:30 AM,79,94,29.64,Clear,0,0,0,0,1,3,2
6/11/2023,5:00 AM,79,94,29.64,Clear,0,0,0,0,3,14,2
6/11/2023,5:30 AM,79,94,29.64,Clear,0,0,0,0,2,13,2
6/11/2023,6:00 AM,79,94,29.64,Clear,0,0,0,0,3,13,2
6/11/2023,6:30 AM,79,94,29.67,Clear,0,0,0,0,2,10,2
6/11/2023,7:00 AM,79,94,29.67,Clear,0,0,0,0,2,16,2
6/11/2023,7:30 AM,81,89,29.67,Clear,0,0,0,0,3,14,2
6/11/2023,8:00 AM,84,84,29.67,Clear,0,0,0,0,3,11,2
6/11/2023,8:30 AM,84,79,29.67,Clear,0,0,0,0,3,14,2
6/11/2023,9:00 AM,88,70,29.67,Clear,0,0,0,0,2,6,1
6/11/2023,9:30 AM,88,70,29.7,Clear,0,0,0,0,2,8,1
6/11/2023,10:00 AM,90,66,29.7,Clear,0,0,0,0,2,7,2
6/11/2023,10:30 AM,90,66,29.7,Rain,0,0,0,0,1,7,2
6/11/2023,11:00 AM,86,79,29.7,Rain,0,0,0,0,1,6,2
6/11/2023,11:30 AM,86,74,29.67,Rain,0,0,0,0,2,8,2
6/11/2023,12:00 PM,86,74,29.64,Rain,0,0,0,0,2,7,1
6/11/2023,12:30 PM,82,79,29.67,Rain,0,0,0,0,2,7,2
6/11/2023,1:00 PM,81,89,29.67,Rain,0,0,0,0,1,7,2
6/11/2023,1:30 PM,81,89,29.64,Rain,0,0,0,0,1,7,1
6/11/2023,2:00 PM,82,84,29.64,Rain,0,0,0,0,2,6,1
6/11/2023,2:30 PM,82,89,29.61,Rain,0,0,0,0,1,8,1
6/11/2023,3:00 PM,84,84,29.61,Rain,0,0,0,0,1,7,2
6/11/2023,3:30 PM,88,70,29.58,Clear,0,0,0,0,2,8,1
6/11/2023,4:00 PM,88,70,29.61,Clear,0,0,0,0,4,14,2
6/11/2023,4:30 PM,88,66,29.61,Clear,0,0,0,0,3,15,2
6/11/2023,5:00 PM,88,66,29.61,Clear,0,0,0,0,3,16,2
6/11/2023,5:30 PM,88,66,29.61,Clear,0,0,0,0,3,14,2
6/11/2023,6:00 PM,86,70,29.61,Clear,0,0,0,0,3,13,2
6/11/2023,6:30 PM,81,89,29.64,Rain,0,0,0,0,2,13,2
6/11/2023,7:00 PM,81,89,29.64,Clear,0,0,0,0,3,13,2
6/11/2023,7:30 PM,81,89,29.64,Clear,0,0,0,0,3,12,3
6/11/2023,8:00 PM,82,84,29.67,Clear,0,0,0,0,1,7,2
6/11/2023,8:30 PM,81,89,29.67,Clear,0,0,0,0,2,7,2
6/11/2023,9:00 PM,81,89,29.67,Clear,0,0,0,0,2,8,2
6/11/2023,9:30 PM,81,89,29.7,Clear,0,0,0,0,2,9,2
6/11/2023,10:00 PM,81,89,29.7,Clear,0,0,0,0,2,8,2
6/11/2023,10:30 PM,79,94,29.7,Clear,0,0,0,0,2,8,2
6/11/2023,11:00 PM,79,94,29.7,Clear,0,0,0,0,2,8,2
6/11/2023,11:30 PM,79,94,29.7,Clear,0,0,0,0,2,8,2
6/12/2023,12:00 AM,79,94,29.67,Clear,0,0,0,0,0,3,2
6/12/2023,12:30 AM,79,94,29.67,Clear,0,0,0,0,1,4,2
6/12/2023,1:00 AM,77,100,29.64,Clear,0,0,0,0,0,3,2
6/12/2023,1:30 AM,77,100,29.64,Clear,0,0,0,0,0,3,2
6/12/2023,2:00 AM,79,94,29.61,Clear,0,0,0,0,0,3,2
6/12/2023,2:30 AM,79,94,29.61,Clear,0,0,0,0,1,3,3
6/12/2023,3:00 AM,79,94,29.64,Clear,0,0,0,0,0,3,2
6/12/2023,3:30 AM,79,94,29.61,Clear,0,0,0,0,0,3,2
6/12/2023,4:00 AM,77,94,29.64,Clear,0,0,0,0,0,3,3
6/12/2023,4:30 AM,77,94,29.64,Clear,0,0,0,0,0,4,2
6/12/2023,5:00 AM,77,94,29.64,Clear,0,0,0,0,3,13,2
6/12/2023,5:30 AM,77,94,29.64,Clear,0,0,0,0,3,14,2
6/12/2023,6:00 AM,77,94,29.67,Clear,0,0,0,0,3,13,2
6/12/2023,6:30 AM,77,94,29.67,Clear,0,0,0,0,3,14,2
6/12/2023,7:00 AM,79,94,29.67,Clear,0,0,0,0,3,14,2
6/12/2023,7:30 AM,79,94,29.67,Clear,0,0,0,0,3,13,1
6/12/2023,8:00 AM,79,94,29.67,Clear,0,0,0,0,3,14,2
6/12/2023,8:30 AM,81,94,29.7,Clear,0,0,0,0,2,15,1
6/12/2023,9:00 AM,81,94,29.7,Clear,0,0,0,0,2,7,2
6/12/2023,9:30 AM,84,84,29.7,Clear,0,0,0,0,2,7,2
6/12/2023,10:00 AM,88,79,29.7,Clear,0,0,0,0,2,7,2
6/12/2023,10:30 AM,90,66,29.7,Clear,0,0,0,0,2,6,1
6/12/2023,11:00 AM,91,59,29.67,Clear,0,0,0,0,2,6,1
6/12/2023,11:30 AM,91,59,29.67,Clear,0,0,0,0,2,7,2
6/12/2023,12:00 PM,91,55,29.64,Clear,0,0,0,0,2,7,2
6/12/2023,12:30 PM,93,52,29.64,Clear,0,0,0,0,2,7,2
6/12/2023,1:30 PM,93,56,29.64,Rain,0,0,0,0,1,7,2
6/12/2023,2:00 PM,93,49,29.64,Rain,0,0,0,0,1,8,2
6/12/2023,2:30 PM,90,52,29.61,Clear,0,0,0,0,2,7,2
6/12/2023,3:00 PM,90,55,29.61,Clear,0,0,0,0,2,6,2
6/12/2023,3:30 PM,88,58,29.61,Clear,0,0,0,0,2,6,2
6/12/2023,4:00 PM,88,58,29.61,Clear,0,0,0,0,3,9,2
6/12/2023,4:30 PM,88,62,29.61,Clear,0,0,0,0,3,14,2
6/12/2023,5:00 PM,90,59,29.61,Clear,0,0,0,0,3,12,2
6/12/2023,5:30 PM,90,59,29.61,Clear,0,0,0,0,2,14,2
6/12/2023,6:00 PM,88,62,29.61,Clear,0,0,0,0,3,15,2
6/12/2023,6:30 PM,88,62,29.64,Clear,0,0,0,0,3,13,2
6/12/2023,7:00 PM,86,70,29.64,Clear,0,0,0,0,3,13,2
6/12/2023,7:30 PM,84,74,29.64,Clear,0,0,0,0,2,14,3
6/12/2023,8:00 PM,84,79,29.67,Clear,0,0,0,0,2,8,2
6/12/2023,8:30 PM,84,79,29.67,Clear,0,0,0,0,2,8,2
6/12/2023,9:00 PM,82,84,29.7,Clear,0,0,0,0,2,7,2
6/12/2023,9:30 PM,82,84,29.7,Clear,0,0,0,0,2,8,2
6/12/2023,10:00 PM,82,84,29.7,Clear,0,0,0,0,2,9,2
6/12/2023,10:30 PM,81,89,29.7,Clear,0,0,0,0,2,8,2
6/12/2023,11:00 PM,81,89,29.7,Clear,0,0,0,0,2,9,2
6/12/2023,11:30 PM,81,89,29.7,Clear,0,0,0,0,2,8,2
06/13/2023,12:00 AM,81,89,29.7,Clear,0,0,0,0,0,3,2
06/13/2023,12:30 AM,79,94,29.7,Clear,0,0,0,0,0,3,2
06/13/2023,1:00 AM,79,94,29.7,Clear,0,0,0,0,0,3,3
06/13/2023,1:30 AM,79,94,29.67,Clear,0,0,0,0,1,3,2
06/13/2023,2:00 AM,79,94,29.67,Clear,0,0,0,0,0,4,2
06/13/2023,2:30 AM,79,94,29.67,Clear,0,0,0,0,0,4,3
06/13/2023,3:00 AM,79,94,29.64,Clear,0,0,0,0,0,3,3
06/13/2023,3:30 AM,79,94,29.64,Clear,0,0,0,0,0,3,1
06/13/2023,4:00 AM,79,94,29.64,Clear,0,0,0,0,1,3,2
06/13/2023,4:30 AM,79,94,29.64,Clear,0,0,0,0,0,3,3
06/13/2023,5:00 AM,79,94,29.64,Clear,0,0,0,0,2,13,1
06/13/2023,5:30 AM,79,94,29.64,Clear,0,0,0,0,2,15,2
06/13/2023,6:00 AM,79,94,29.64,Clear,0,0,0,0,4,15,2
06/13/2023,6:30 AM,79,94,29.67,Clear,0,0,0,0,3,15,2
06/13/2023,7:00 AM,79,94,29.67,Clear,0,0,0,0,3,13,2
06/13/2023,7:30 AM,79,94,29.67,Clear,0,0,0,0,3,16,2
06/13/2023,8:00 AM,81,89,29.7,Clear,0,0,0,0,3,13,2
06/13/2023,8:30 AM,82,84,29.7,Clear,0,0,0,0,3,13,2
06/13/2023,9:00 AM,86,74,29.7,Clear,0,0,0,0,2,7,2
06/13/2023,9:30 AM,88,70,29.7,Clear,0,0,0,0,2,8,2
06/13/2023,10:00 AM,88,70,29.7,Clear,0,0,0,0,2,5,1
06/13/2023,10:30 AM,90,66,29.7,Clear,0,0,0,0,2,8,2
06/13/2023,11:00 AM,90,66,29.7,Clear,0,0,0,0,2,6,1
06/13/2023,11:30 AM,91,59,29.67,Clear,0,0,0,0,2,6,2
06/13/2023,12:00 PM,91,55,29.67,Clear,0,0,0,0,2,5,2
06/13/2023,12:30 PM,91,55,29.67,Clear,0,0,0,0,2,7,2
06/13/2023,1:00 PM,93,49,29.64,Clear,0,0,0,0,2,6,2
06/13/2023,1:30 PM,95,49,29.64,Clear,0,0,0,0,2,6,2
06/13/2023,2:00 PM,95,47,29.64,Clear,0,0,0,0,2,6,2
06/13/2023,2:30 PM,91,52,29.64,Clear,0,0,0,0,2,7,2
06/13/2023,3:00 PM,93,56,29.61,Clear,0,0,0,0,2,6,2
06/13/2023,3:30 PM,91,55,29.61,Clear,0,0,0,0,2,7,2
06/13/2023,4:00 PM,88,66,29.61,Rain,0,0,0,0,2,17,2
06/13/2023,4:30 PM,88,66,29.61,Clear,0,0,0,0,3,17,2
06/13/2023,5:00 PM,88,70,29.61,Clear,0,0,0,0,3,13,2
06/13/2023,5:30 PM,88,66,29.64,Clear,0,0,0,0,2,16,3
06/13/2023,6:00 PM,86,70,29.64,Clear,0,0,0,0,3,15,2
06/13/2023,6:30 PM,86,70,29.64,Clear,0,0,0,0,3,16,2
06/13/2023,7:00 PM,84,70,29.67,Clear,0,0,0,0,3,12,2
06/13/2023,7:30 PM,84,70,29.67,Clear,0,0,0,0,3,11,2
06/13/2023,8:00 PM,82,79,29.67,Clear,0,0,0,0,2,7,2
06/13/2023,8:30 PM,82,79,29.67,Clear,0,0,0,0,2,8,2
06/13/2023,9:00 PM,81,84,29.7,Clear,0,0,0,0,1,8,2
06/13/2023,9:30 PM,81,84,29.7,Clear,0,0,0,0,2,6,2
06/13/2023,10:00 PM,81,84,29.7,Clear,0,0,0,0,2,8,1
06/13/2023,10:30 PM,81,84,29.7,Clear,0,0,0,0,2,9,2
06/13/2023,11:00 PM,79,89,29.7,Clear,0,0,0,0,2,8,2
06/13/2023,11:30 PM,79,89,29.73,Clear,0,0,0,0,2,9,2
06/14/2023,12:00 AM,79,89,29.7,Clear,0,0,0,0,1,3,2
06/14/2023,12:30 AM,79,89,29.7,Clear,0,0,0,0,0,3,3
06/14/2023,1:00 AM,79,89,29.7,Clear,0,0,0,0,0,3,2
06/14/2023,1:30 AM,79,89,29.7,Clear,0,0,0,0,0,3,2
06/14/2023,2:00 AM,79,89,29.7,Clear,0,0,0,0,0,3,2
06/14/2023,2:30 AM,79,94,29.7,Clear,0,0,0,0,0,3,2
06/14/2023,3:00 AM,79,94,29.7,Clear,0,0,0,0,0,4,2
06/14/2023,3:30 AM,77,94,29.7,Clear,0,0,0,0,0,3,2
06/14/2023,4:00 AM,77,94,29.7,Clear,0,0,0,0,0,3,2
06/14/2023,4:30 AM,77,94,29.7,Clear,0,0,0,0,0,3,2
06/14/2023,5:00 AM,77,94,29.7,Clear,0,0,0,0,2,13,2
06/14/2023,5:30 AM,77,94,29.7,Clear,0,0,0,0,3,14,2
06/14/2023,6:00 AM,77,94,29.73,Clear,0,0,0,0,3,14,2
06/14/2023,6:30 AM,77,94,29.73,Clear,0,0,0,0,3,14,2
06/14/2023,7:00 AM,79,89,29.73,Clear,0,0,0,0,3,14,2
06/14/2023,7:30 AM,79,94,29.76,Clear,0,0,0,0,3,15,1
06/14/2023,8:00 AM,82,84,29.76,Clear,0,0,0,0,3,17,1
06/14/2023,8:30 AM,84,79,29.76,Clear,0,0,0,0,2,15,2
06/14/2023,9:00 AM,88,75,29.76,Clear,0,0,0,0,2,7,2
06/14/2023,9:30 AM,88,70,29.76,Clear,0,0,0,0,2,6,1
06/14/2023,10:00 AM,90,62,29.76,Clear,0,0,0,0,2,6,1
06/14/2023,10:30 AM,91,59,29.76,Rain,0,0,0,0,2,7,2
06/14/2023,11:00 AM,81,89,29.76,Rain,0,0,0,0,1,7,1
06/14/2023,11:30 AM,84,79,29.76,Rain,0,0,0,0,1,8,2
06/14/2023,12:00 PM,88,79,29.73,Rain,0,0,0,0,1,7,2
06/14/2023,12:30 PM,90,75,29.73,Clear,0,0,0,0,2,7,2
06/14/2023,1:00 PM,93,59,29.7,Clear,0,0,0,0,2,6,2
06/14/2023,1:30 PM,93,56,29.7,Rain,0,0,0,0,2,7,2
06/14/2023,2:30 PM,86,79,29.67,Rain,0,0,0,0,1,7,2
06/14/2023,3:00 PM,91,59,29.64,Rain,0,0,0,0,1,8,2
06/14/2023,3:30 PM,88,66,29.64,Rain,0,0,0,0,1,8,2
06/14/2023,4:00 PM,88,58,29.64,Rain,0,0,0,0,2,14,2
06/14/2023,4:30 PM,88,62,29.64,Rain,0,0,0,0,2,17,2
06/14/2023,5:00 PM,88,66,29.64,Rain,0,0,0,0,2,16,2
06/14/2023,5:30 PM,88,62,29.67,Clear,0,0,0,0,3,16,2
06/14/2023,6:00 PM,88,66,29.67,Clear,0,0,0,0,2,11,2
06/14/2023,6:30 PM,86,74,29.67,Clear,0,0,0,0,3,13,2
06/14/2023,7:00 PM,86,74,29.7,Clear,0,0,0,0,3,13,2
06/14/2023,7:30 PM,86,74,29.7,Clear,0,0,0,0,3,16,2
06/14/2023,8:00 PM,84,79,29.73,Clear,0,0,0,0,1,8,2
06/14/2023,8:30 PM,84,79,29.73,Clear,0,0,0,0,2,8,2
06/14/2023,9:00 PM,82,84,29.76,Clear,0,0,0,0,2,8,2
06/14/2023,9:30 PM,82,84,29.76,Clear,0,0,0,0,2,8,2
06/14/2023,10:00 PM,82,84,29.76,Clear,0,0,0,0,2,8,2
06/14/2023,10:30 PM,81,89,29.76,Clear,0,0,0,0,2,8,2
06/14/2023,11:00 PM,81,89,29.76,Clear,0,0,0,0,2,6,2
06/14/2023,11:30 PM,81,89,29.76,Clear,0,0,0,0,2,7,2
06/15/2023,12:00 AM,79,94,29.76,Clear,0,0,0,0,0,3,2
06/15/2023,12:30 AM,79,94,29.73,Clear,0,0,0,0,0,3,3
06/15/2023,1:00 AM,79,94,29.73,Clear,0,0,0,0,0,3,2
06/15/2023,1:30 AM,79,94,29.73,Clear,0,0,0,0,1,3,2
06/15/2023,2:00 AM,79,94,29.73,Clear,0,0,0,0,0,3,2
06/15/2023,2:30 AM,79,94,29.7,Clear,0,0,0,0,0,3,2
06/15/2023,3:00 AM,77,100,29.7,Clear,0,0,0,0,1,3,2
06/15/2023,3:30 AM,77,94,29.7,Clear,0,0,0,0,0,3,2
06/15/2023,4:00 AM,77,100,29.67,Clear,0,0,0,0,0,3,2
06/15/2023,4:30 AM,77,100,29.67,Clear,0,0,0,0,0,4,2
06/15/2023,5:00 AM,77,94,29.7,Clear,0,0,0,0,2,12,2
06/15/2023,5:30 AM,77,94,29.7,Clear,0,0,0,0,3,15,2
06/15/2023,6:00 AM,77,94,29.7,Clear,0,0,0,0,3,13,2
06/15/2023,6:30 AM,77,94,29.7,Clear,0,0,0,0,3,15,2
06/15/2023,7:00 AM,79,94,29.7,Clear,0,0,0,0,3,12,2
06/15/2023,7:30 AM,79,94,29.7,Clear,0,0,0,0,3,14,2
06/15/2023,8:00 AM,81,94,29.7,Clear,0,0,0,0,3,16,2
06/15/2023,8:30 AM,82,89,29.73,Clear,0,0,0,0,3,13,2
06/15/2023,9:00 AM,86,79,29.73,Clear,0,0,0,0,2,7,2
06/15/2023,9:30 AM,86,74,29.73,Clear,0,0,0,0,2,7,2
06/15/2023,10:00 AM,90,66,29.73,Clear,0,0,0,0,2,6,2
06/15/2023,10:30 AM,90,62,29.73,Clear,0,0,0,0,2,7,2
06/15/2023,11:00 AM,90,62,29.73,Clear,0,0,0,0,2,7,1
06/15/2023,11:30 AM,91,55,29.73,Clear,0,0,0,0,2,6,2
06/15/2023,12:00 PM,93,56,29.7,Clear,0,0,0,0,2,7,2
06/15/2023,12:30 PM,93,52,29.7,Clear,0,0,0,0,2,7,2
06/15/2023,1:00 PM,93,52,29.7,Clear,0,0,0,0,2,7,2
06/15/2023,1:30 PM,93,52,29.67,Clear,0,0,0,0,2,6,2
06/15/2023,2:00 PM,93,52,29.67,Clear,0,0,0,0,2,7,1
06/15/2023,2:30 PM,91,59,29.64,Rain,0,0,0,0,1,7,2
06/15/2023,3:00 PM,86,66,29.64,Rain,0,0,0,0,2,8,2
06/15/2023,3:30 PM,81,84,29.64,Rain,0,0,0,0,2,8,2
06/15/2023,4:00 PM,81,84,29.64,Rain,0,0,0,0,2,14,3
06/15/2023,4:30 PM,79,89,29.64,Clear,0,0,0,0,3,13,2
06/15/2023,5:00 PM,81,89,29.64,Rain,0,0,0,0,2,17,3
06/15/2023,5:30 PM,81,89,29.64,Clear,0,0,0,0,3,14,3
06/15/2023,6:00 PM,82,89,29.64,Clear,0,0,0,0,3,12,2
06/15/2023,6:30 PM,84,79,29.67,Clear,0,0,0,0,3,15,2
06/15/2023,7:00 PM,84,74,29.67,Clear,0,0,0,0,3,16,2
06/15/2023,7:30 PM,84,70,29.67,Clear,0,0,0,0,3,16,3
06/15/2023,8:00 PM,84,74,29.7,Clear,0,0,0,0,1,8,2
06/15/2023,8:30 PM,84,74,29.7,Clear,0,0,0,0,2,7,2
06/15/2023,9:00 PM,81,89,29.73,Clear,0,0,0,0,2,7,2
06/15/2023,9:30 PM,81,89,29.73,Clear,0,0,0,0,2,8,1
06/15/2023,10:00 PM,81,89,29.73,Clear,0,0,0,0,2,8,2
06/15/2023,10:30 PM,81,89,29.73,Clear,0,0,0,0,2,7,2
06/15/2023,11:00 PM,79,94,29.73,Clear,0,0,0,0,2,8,2
06/15/2023,11:30 PM,79,94,29.73,Clear,0,0,0,0,2,8,2
06/16/2023,12:00 AM,79,94,29.73,Clear,0,0,0,0,0,3,2
06/16/2023,12:30 AM,79,94,29.73,Clear,0,0,0,0,0,3,2
06/16/2023,1:00 AM,79,94,29.7,Clear,0,0,0,0,0,4,2
06/16/2023,1:30 AM,79,94,29.7,Clear,0,0,0,0,1,3,2
06/16/2023,2:00 AM,77,100,29.67,Clear,0,0,0,0,0,3,2
06/16/2023,2:30 AM,77,100,29.67,Clear,0,0,0,0,0,3,2
06/16/2023,3:00 AM,77,100,29.64,Clear,0,0,0,0,0,3,2
06/16/2023,3:30 AM,77,100,29.64,Clear,0,0,0,0,0,3,2
06/16/2023,4:00 AM,77,94,29.64,Clear,0,0,0,0,0,3,2
06/16/2023,4:30 AM,77,94,29.64,Clear,0,0,0,0,0,3,3
06/16/2023,5:00 AM,77,94,29.64,Clear,0,0,0,0,3,16,2
06/16/2023,5:30 AM,77,94,29.67,Clear,0,0,0,0,3,15,2
06/16/2023,6:00 AM,77,94,29.67,Clear,0,0,0,0,2,11,2
06/16/2023,6:30 AM,77,94,29.67,Clear,0,0,0,0,3,14,2
06/16/2023,7:00 AM,77,100,29.7,Clear,0,0,0,0,3,13,2
06/16/2023,7:30 AM,79,94,29.7,Clear,0,0,0,0,3,14,2
06/16/2023,8:00 AM,81,89,29.7,Clear,0,0,0,0,3,15,2
06/16/2023,8:30 AM,82,89,29.7,Clear,0,0,0,0,3,12,2
06/16/2023,9:00 AM,86,79,29.7,Clear,0,0,0,0,2,7,1
06/16/2023,9:30 AM,88,70,29.7,Clear,0,0,0,0,2,6,2
06/16/2023,10:00 AM,90,70,29.7,Clear,0,0,0,0,2,7,2
06/16/2023,10:30 AM,90,66,29.7,Clear,0,0,0,0,2,7,2
06/16/2023,11:00 AM,91,59,29.7,Clear,0,0,0,0,2,7,2
06/16/2023,11:30 AM,91,55,29.67,Clear,0,0,0,0,2,7,2
06/16/2023,12:00 PM,91,55,29.67,Clear,0,0,0,0,2,8,2
06/16/2023,12:30 PM,95,53,29.64,Clear,0,0,0,0,2,6,1
06/16/2023,1:00 PM,93,56,29.64,Clear,0,0,0,0,2,7,1
06/16/2023,1:30 PM,93,49,29.61,Clear,0,0,0,0,2,5,2
06/16/2023,2:00 PM,93,52,29.61,Clear,0,0,0,0,2,6,2
06/16/2023,2:30 PM,95,49,29.61,Clear,0,0,0,0,2,8,1
06/16/2023,3:00 PM,93,49,29.61,Clear,0,0,0,0,2,6,1
06/16/2023,3:30 PM,90,70,29.61,Rain,0,0,0,0,2,7,2
06/16/2023,4:00 PM,91,66,29.58,Clear,0,0,0,0,3,13,2
06/16/2023,4:30 PM,88,75,29.58,Rain,0,0,0,0,2,14,2
06/16/2023,5:00 PM,86,79,29.61,Clear,0,0,0,0,3,14,2
06/16/2023,5:30 PM,84,79,29.61,Clear,0,0,0,0,3,14,2
06/16/2023,6:00 PM,86,79,29.61,Clear,0,0,0,0,3,13,2
06/16/2023,6:30 PM,84,84,29.61,Clear,0,0,0,0,3,12,2
06/16/2023,7:00 PM,84,84,29.64,Clear,0,0,0,0,3,13,2
06/16/2023,7:30 PM,84,84,29.64,Clear,0,0,0,0,3,15,2
06/16/2023,8:00 PM,84,79,29.67,Clear,0,0,0,0,2,8,2
06/16/2023,8:30 PM,84,79,29.67,Clear,0,0,0,0,2,9,2
06/16/2023,9:00 PM,84,79,29.7,Clear,0,0,0,0,2,8,1
06/16/2023,9:30 PM,82,89,29.7,Clear,0,0,0,0,2,8,1
06/16/2023,10:00 PM,82,84,29.73,Clear,0,0,0,0,2,8,2
06/16/2023,10:30 PM,82,84,29.73,Clear,0,0,0,0,2,7,2
06/16/2023,11:00 PM,81,94,29.73,Clear,0,0,0,0,2,9,2
06/16/2023,11:30 PM,81,89,29.73,Clear,0,0,0,0,2,7,2
06/17/2023,12:00 AM,81,89,29.73,Clear,0,0,0,0,0,3,2
06/17/2023,12:30 AM,81,94,29.73,Clear,0,0,0,0,0,3,2
06/17/2023,1:00 AM,79,94,29.7,Clear,0,0,0,0,0,3,3
06/17/2023,1:30 AM,79,94,29.7,Clear,0,0,0,0,0,3,2
06/17/2023,2:00 AM,79,94,29.7,Clear,0,0,0,0,0,3,2
06/17/2023,2:30 AM,79,94,29.67,Clear,0,0,0,0,1,4,2
06/17/2023,3:00 AM,79,94,29.67,Clear,0,0,0,0,0,3,2
06/17/2023,3:30 AM,79,94,29.67,Clear,0,0,0,0,0,3,3
06/17/2023,4:00 AM,79,94,29.67,Clear,0,0,0,0,0,3,2
06/17/2023,4:30 AM,77,100,29.67,Clear,0,0,0,0,0,3,2
06/17/2023,5:00 AM,77,100,29.67,Clear,0,0,0,0,3,11,2
06/17/2023,5:30 AM,77,94,29.67,Clear,0,0,0,0,3,13,2
06/17/2023,6:00 AM,77,94,29.67,Clear,0,0,0,0,3,11,2
06/17/2023,6:30 AM,77,94,29.67,Clear,0,0,0,0,3,13,2
06/17/2023,7:00 AM,79,94,29.7,Clear,0,0,0,0,3,14,2
06/17/2023,7:30 AM,79,94,29.7,Clear,0,0,0,0,3,11,2
06/17/2023,8:00 AM,82,84,29.7,Clear,0,0,0,0,3,16,1
06/17/2023,8:30 AM,84,79,29.73,Clear,0,0,0,0,3,12,1
06/17/2023,9:00 AM,86,74,29.73,Clear,0,0,0,0,2,7,2
06/17/2023,9:30 AM,88,70,29.73,Clear,0,0,0,0,2,8,2
06/17/2023,10:00 AM,90,62,29.73,Clear,0,0,0,0,2,7,2
06/17/2023,10:30 AM,90,62,29.73,Clear,0,0,0,0,2,7,2
06/17/2023,11:00 AM,91,59,29.7,Clear,0,0,0,0,2,6,2
06/17/2023,11:30 AM,91,59,29.7,Clear,0,0,0,0,2,6,2
06/17/2023,12:00 PM,91,55,29.67,Clear,0,0,0,0,2,7,2
06/17/2023,12:30 PM,95,49,29.67,Clear,0,0,0,0,2,7,2
06/17/2023,1:00 PM,95,49,29.67,Clear,0,0,0,0,2,7,2
06/17/2023,1:30 PM,93,52,29.64,Clear,0,0,0,0,2,7,2
06/17/2023,2:00 PM,97,44,29.61,Clear,0,0,0,0,2,7,1
06/17/2023,2:30 PM,90,59,29.61,Rain,0,0,0,0,1,7,2
06/17/2023,3:00 PM,88,66,29.61,Rain,0,0,0,0,1,7,2
06/17/2023,3:30 PM,82,84,29.64,Rain,0,0,0,0,1,7,2
06/17/2023,4:00 PM,75,94,29.67,Clear,0,0,0,0,3,12,2
06/17/2023,4:30 PM,75,94,29.67,Rain,0,0,0,0,2,14,3
06/17/2023,5:00 PM,75,94,29.64,Rain,0,0,0,0,2,15,2
06/17/2023,5:30 PM,75,94,29.67,Rain,0,0,0,0,2,16,2
06/17/2023,6:00 PM,75,94,29.67,Rain,0,0,0,0,2,15,2
06/17/2023,6:30 PM,75,94,29.67,Rain,0,0,0,0,2,16,2
06/17/2023,7:00 PM,75,94,29.67,Clear,0,0,0,0,3,15,2
06/17/2023,7:30 PM,75,94,29.7,Clear,0,0,0,0,3,15,2
06/17/2023,8:00 PM,75,94,29.7,Clear,0,0,0,0,2,8,2
06/17/2023,8:30 PM,77,94,29.73,Clear,0,0,0,0,2,7,2
06/17/2023,9:00 PM,77,94,29.76,Clear,0,0,0,0,2,9,1
06/17/2023,9:30 PM,77,94,29.76,Clear,0,0,0,0,2,8,1
06/17/2023,10:00 PM,77,94,29.76,Clear,1,0,0,1,2,7,2
06/17/2023,10:30 PM,77,94,29.76,Clear,0,0,0,0,2,8,2
06/17/2023,11:00 PM,77,94,29.76,Clear,0,0,0,0,2,9,2
06/17/2023,11:30 PM,77,94,29.76,Clear,0,0,0,0,2,8,2
06/18/2023,12:00 AM,77,94,29.76,Clear,0,0,0,0,0,3,2
06/18/2023,12:30 AM,77,94,29.76,Clear,0,0,0,0,0,3,2
06/18/2023,1:00 AM,77,94,29.76,Clear,0,0,0,0,0,3,2
06/18/2023,1:30 AM,77,94,29.73,Clear,0,0,0,0,1,3,2
06/18/2023,2:00 AM,77,94,29.73,Clear,0,0,0,0,1,3,3
06/18/2023,2:30 AM,77,94,29.73,Clear,0,0,0,0,0,3,2
06/18/2023,3:00 AM,77,94,29.73,Clear,0,0,0,0,0,4,2
06/18/2023,3:30 AM,77,94,29.73,Clear,0,0,0,0,0,3,3
06/18/2023,4:00 AM,77,94,29.73,Clear,0,0,0,0,0,3,2
06/18/2023,4:30 AM,77,94,29.73,Clear,0,0,0,0,0,3,2
06/18/2023,5:00 AM,77,94,29.73,Clear,0,0,0,0,3,14,2
06/18/2023,5:30 AM,77,94,29.73,Clear,0,0,0,0,2,12,2
06/18/2023,6:00 AM,77,94,29.76,Clear,0,0,0,0,3,14,1
06/18/2023,6:30 AM,77,94,29.76,Clear,0,0,0,0,3,13,2
06/18/2023,7:00 AM,77,94,29.76,Clear,0,0,0,0,3,14,2
06/18/2023,7:30 AM,79,89,29.79,Clear,0,0,0,0,3,11,2
06/18/2023,8:00 AM,79,89,29.79,Clear,0,0,0,0,3,14,2
06/18/2023,8:30 AM,81,84,29.79,Clear,0,0,0,0,3,15,2
06/18/2023,9:00 AM,81,84,29.79,Clear,0,0,0,0,2,7,2
06/18/2023,9:30 AM,81,79,29.79,Clear,0,0,0,0,2,7,2
06/18/2023,10:00 AM,81,79,29.79,Clear,0,0,0,0,2,6,2
06/18/2023,10:30 AM,81,79,29.79,Clear,0,0,0,0,2,8,1
06/18/2023,11:00 AM,81,79,29.76,Clear,0,0,0,0,2,7,2
06/18/2023,11:30 AM,82,74,29.76,Clear,0,0,0,0,2,6,2
06/18/2023,12:00 PM,82,74,29.73,Clear,0,0,0,0,2,5,2
06/18/2023,12:30 PM,84,70,29.73,Clear,0,0,0,0,2,8,1
06/18/2023,1:00 PM,84,70,29.73,Clear,0,0,0,0,2,6,2
06/18/2023,1:30 PM,84,70,29.73,Clear,0,0,0,0,2,7,2
06/18/2023,2:00 PM,84,70,29.73,Clear,0,0,0,0,2,6,2
06/18/2023,2:30 PM,84,70,29.73,Rain,0,0,0,0,1,7,2
06/18/2023,3:00 PM,82,74,29.7,Clear,0,0,0,0,2,8,2
06/18/2023,3:30 PM,84,70,29.7,Clear,0,0,0,0,2,6,1
06/18/2023,4:00 PM,84,70,29.7,Clear,0,0,0,0,3,14,2
06/18/2023,4:30 PM,84,70,29.67,Clear,0,0,0,0,3,12,3
06/18/2023,5:00 PM,84,70,29.67,Clear,0,0,0,0,3,12,2
06/18/2023,5:30 PM,84,70,29.7,Clear,0,0,0,0,3,13,2
06/18/2023,6:00 PM,82,74,29.7,Clear,0,0,0,0,3,13,2
06/18/2023,6:30 PM,82,74,29.7,Clear,0,0,0,0,3,12,2
06/18/2023,7:00 PM,82,74,29.73,Clear,0,0,0,0,3,14,2
06/18/2023,7:30 PM,81,79,29.73,Clear,0,0,0,0,3,12,2
06/18/2023,8:00 PM,81,79,29.73,Clear,0,0,0,0,2,8,2
06/18/2023,8:30 PM,81,79,29.73,Clear,0,0,0,0,2,8,2
06/18/2023,9:00 PM,81,84,29.73,Clear,0,0,0,0,2,7,2
06/18/2023,9:30 PM,79,89,29.73,Clear,0,0,0,0,2,8,2
06/18/2023,10:00 PM,79,89,29.73,Clear,0,0,0,0,2,8,2
06/18/2023,10:30 PM,79,89,29.73,Clear,0,0,0,0,2,9,2
06/18/2023,11:00 PM,79,89,29.73,Clear,0,0,0,0,2,8,2
06/18/2023,11:30 PM,77,94,29.73,Clear,0,0,0,0,2,8,2
06/19/2023,12:00 AM,77,94,29.73,Clear,0,0,0,0,0,4,2
06/19/2023,12:30 AM,77,94,29.7,Clear,0,0,0,0,1,3,2
06/19/2023,1:00 AM,77,94,29.7,Clear,0,0,0,0,0,3,2
06/19/2023,1:30 AM,77,94,29.7,Clear,0,0,0,0,0,3,2
06/19/2023,2:00 AM,77,94,29.67,Clear,0,0,0,0,1,3,2
06/19/2023,2:30 AM,77,94,29.67,Clear,0,0,0,0,0,3,2
06/19/2023,3:00 AM,77,94,29.67,Clear,0,0,0,0,1,3,2
06/19/2023,3:30 AM,77,94,29.67,Clear,0,0,0,0,0,4,2
06/19/2023,4:00 AM,77,89,29.67,Clear,0,0,0,0,0,3,2
06/19/2023,4:30 AM,77,89,29.67,Clear,0,0,0,0,0,3,2
06/19/2023,5:00 AM,77,89,29.67,Clear,0,0,0,0,3,14,2
06/19/2023,5:30 AM,77,89,29.67,Clear,0,0,0,0,3,14,2
06/19/2023,6:00 AM,77,94,29.67,Clear,0,0,0,0,3,14,2
06/19/2023,6:30 AM,77,94,29.7,Clear,0,0,0,0,2,13,2
06/19/2023,7:00 AM,77,94,29.7,Clear,0,0,0,0,3,15,2
06/19/2023,7:30 AM,79,89,29.7,Clear,0,0,0,0,3,14,2
06/19/2023,8:00 AM,81,84,29.7,Clear,0,0,0,0,3,13,2
06/19/2023,8:30 AM,82,79,29.73,Clear,0,0,0,0,3,15,2
06/19/2023,9:00 AM,86,70,29.73,Clear,0,0,0,0,2,6,2
06/19/2023,9:30 AM,86,70,29.73,Clear,0,0,0,0,2,7,2
06/19/2023,10:00 AM,88,66,29.73,Clear,0,0,0,0,2,8,2
06/19/2023,10:30 AM,90,62,29.73,Clear,0,0,0,0,2,6,2
06/19/2023,11:00 AM,90,62,29.73,Clear,0,0,0,0,1,8,2
06/19/2023,11:30 AM,90,59,29.73,Clear,0,0,0,0,2,7,2
06/19/2023,12:00 PM,91,55,29.7,Clear,0,0,0,0,2,6,2
06/19/2023,12:30 PM,91,52,29.7,Clear,0,0,0,0,2,7,2
06/19/2023,1:00 PM,95,47,29.67,Clear,0,0,0,0,2,6,2
06/19/2023,1:30 PM,93,49,29.67,Clear,0,0,0,0,2,6,2
06/19/2023,2:00 PM,95,44,29.64,Clear,0,0,0,0,2,6,2
06/19/2023,2:30 PM,93,52,29.64,Clear,0,0,0,0,2,7,2
06/19/2023,3:00 PM,95,41,29.64,Clear,0,0,0,0,2,6,2
06/19/2023,3:30 PM,91,52,29.64,Clear,0,0,0,0,2,6,1
06/19/2023,4:00 PM,90,55,29.64,Rain,0,0,0,0,2,14,2
06/19/2023,4:30 PM,86,70,29.67,Clear,0,0,0,0,3,16,2
06/19/2023,5:00 PM,86,66,29.64,Clear,0,0,0,0,2,15,3
06/19/2023,5:30 PM,88,58,29.67,Clear,0,0,0,0,2,12,2
06/19/2023,6:00 PM,86,66,29.67,Clear,0,0,0,0,3,12,2
06/19/2023,6:30 PM,86,62,29.67,Clear,0,0,0,0,3,14,3
06/19/2023,7:00 PM,84,66,29.67,Clear,0,0,0,0,3,15,2
06/19/2023,7:30 PM,82,74,29.67,Clear,0,0,0,0,3,13,3
06/19/2023,8:00 PM,82,74,29.7,Clear,0,0,0,0,2,9,2
06/19/2023,8:30 PM,81,84,29.7,Clear,0,0,0,0,2,8,2
06/19/2023,9:00 PM,81,84,29.7,Clear,0,0,0,0,2,7,1
06/19/2023,9:30 PM,81,84,29.73,Clear,0,0,0,0,2,7,2
06/19/2023,10:00 PM,79,83,29.73,Clear,0,0,0,0,2,8,2
06/19/2023,10:30 PM,79,83,29.73,Clear,0,0,0,0,2,8,2
06/19/2023,11:00 PM,77,89,29.73,Clear,0,0,0,0,2,7,2
06/19/2023,11:30 PM,79,83,29.76,Clear,0,0,0,0,2,8,2
06/20/2023,12:00 AM,77,89,29.73,Clear,0,0,0,0,0,3,2
06/20/2023,12:30 AM,77,89,29.73,Clear,0,0,0,0,0,3,3
06/20/2023,1:00 AM,75,94,29.73,Clear,0,0,0,0,0,3,2
06/20/2023,1:30 AM,75,94,29.7,Clear,0,0,0,0,0,3,2
06/20/2023,2:00 AM,75,94,29.7,Clear,0,0,0,0,1,3,2
06/20/2023,2:30 AM,75,94,29.7,Clear,0,0,0,0,0,3,2
06/20/2023,3:00 AM,75,94,29.7,Clear,0,0,0,0,0,3,2
06/20/2023,3:30 AM,75,89,29.67,Clear,0,0,0,0,0,4,2
06/20/2023,4:00 AM,75,94,29.67,Clear,0,0,0,0,0,3,2
06/20/2023,4:30 AM,73,100,29.7,Clear,0,0,0,0,0,3,2
06/20/2023,5:00 AM,73,100,29.7,Clear,0,0,0,0,3,14,2
06/20/2023,5:30 AM,73,94,29.7,Clear,0,0,0,0,3,14,2
06/20/2023,6:00 AM,73,100,29.7,Clear,0,0,0,0,3,14,2
06/20/2023,6:30 AM,73,94,29.7,Clear,0,0,0,0,2,16,2
06/20/2023,7:00 AM,75,94,29.7,Clear,0,0,0,0,3,13,2
06/20/2023,7:30 AM,77,89,29.7,Clear,0,0,0,0,2,15,2
06/20/2023,8:00 AM,79,83,29.73,Clear,0,0,0,0,3,16,2
06/20/2023,8:30 AM,82,79,29.73,Clear,0,0,0,0,3,15,1
06/20/2023,9:00 AM,84,74,29.73,Clear,0,0,0,0,1,7,2
06/20/2023,9:30 AM,86,70,29.73,Clear,0,0,0,0,2,6,2
06/20/2023,10:00 AM,90,62,29.73,Clear,0,0,0,0,2,7,1
06/20/2023,10:30 AM,90,62,29.73,Clear,0,0,0,0,2,7,2
06/20/2023,11:00 AM,90,62,29.7,Clear,0,0,0,0,2,6,2
06/20/2023,11:30 AM,91,59,29.7,Clear,0,0,0,0,2,7,2
06/20/2023,12:00 PM,93,56,29.7,Clear,0,0,0,0,2,8,2
06/20/2023,12:30 PM,93,49,29.7,Clear,0,0,0,0,2,7,2
06/20/2023,1:00 PM,95,49,29.67,Clear,0,0,0,0,2,7,2
06/20/2023,1:30 PM,95,49,29.67,Clear,0,0,0,0,2,6,1
06/20/2023,2:00 PM,95,47,29.67,Clear,0,0,0,0,2,7,2
06/20/2023,2:30 PM,95,47,29.64,Clear,0,0,0,0,2,7,2
06/20/2023,3:00 PM,97,41,29.61,Clear,0,0,0,0,2,7,2
06/20/2023,3:30 PM,95,41,29.61,Clear,0,0,0,0,2,7,1
06/20/2023,4:00 PM,97,37,29.61,Clear,0,0,0,0,2,13,2
06/20/2023,4:30 PM,93,56,29.61,Clear,0,0,0,0,3,12,2
06/20/2023,5:00 PM,91,59,29.61,Clear,0,0,0,0,3,15,3
06/20/2023,5:30 PM,91,59,29.61,Clear,0,0,0,0,3,13,2
06/20/2023,6:00 PM,90,66,29.64,Clear,0,0,0,0,3,12,2
06/20/2023,6:30 PM,88,70,29.64,Clear,0,0,0,0,2,13,2
06/20/2023,7:00 PM,88,70,29.64,Clear,0,0,0,0,3,12,2
06/20/2023,7:30 PM,86,70,29.67,Clear,0,0,0,0,3,12,2
06/20/2023,8:00 PM,86,74,29.67,Clear,0,0,0,0,2,9,1
06/20/2023,8:30 PM,86,74,29.7,Clear,0,0,0,0,2,8,2
06/20/2023,9:00 PM,84,74,29.7,Clear,0,0,0,0,2,7,1
06/20/2023,9:30 PM,84,79,29.7,Clear,0,0,0,0,2,7,1
06/20/2023,10:00 PM,82,84,29.7,Clear,0,0,0,0,1,7,2
06/20/2023,10:30 PM,81,89,29.73,Clear,0,0,0,0,2,7,2
06/20/2023,11:00 PM,81,89,29.73,Clear,0,0,0,0,2,8,2
06/20/2023,11:30 PM,81,84,29.73,Clear,0,0,0,0,2,7,2
06/21/2023,12:00 AM,81,84,29.73,Clear,0,0,0,0,0,3,2
06/21/2023,12:30 AM,79,89,29.73,Clear,0,0,0,0,1,3,3
06/21/2023,1:00 AM,79,89,29.73,Clear,0,0,0,0,1,3,3
06/21/2023,1:30 AM,79,89,29.73,Clear,0,0,0,0,0,3,2
06/21/2023,2:00 AM,77,94,29.7,Clear,0,0,0,0,1,3,2
06/21/2023,2:30 AM,77,94,29.7,Clear,0,0,0,0,0,3,2
06/21/2023,3:00 AM,77,89,29.73,Clear,0,0,0,0,0,3,2
06/21/2023,3:30 AM,77,89,29.73,Clear,0,0,0,0,0,3,2
06/21/2023,4:00 AM,75,100,29.73,Clear,0,0,0,0,1,3,2
06/21/2023,4:30 AM,75,100,29.73,Clear,0,0,0,0,0,3,2
06/21/2023,5:00 AM,75,94,29.73,Clear,0,0,0,0,3,14,2
06/21/2023,5:30 AM,75,89,29.73,Clear,0,0,0,0,3,13,2
06/21/2023,6:00 AM,75,89,29.73,Clear,0,0,0,0,3,13,2
06/21/2023,6:30 AM,75,89,29.73,Clear,0,0,0,0,3,14,2
06/21/2023,7:00 AM,75,94,29.76,Clear,0,0,0,0,3,13,2
06/21/2023,7:30 AM,77,89,29.73,Clear,0,0,0,0,3,13,2
06/21/2023,8:00 AM,81,79,29.76,Clear,0,0,0,0,2,13,2
06/21/2023,8:30 AM,82,79,29.76,Clear,0,0,0,0,3,13,2
06/21/2023,9:00 AM,86,70,29.76,Clear,0,0,0,0,2,6,2
06/21/2023,9:30 AM,88,58,29.76,Clear,0,0,0,0,2,7,2
06/21/2023,10:00 AM,90,52,29.76,Clear,0,0,0,0,1,7,1
06/21/2023,10:30 AM,90,52,29.76,Clear,0,0,0,0,2,8,1
06/21/2023,11:00 AM,91,49,29.73,Clear,0,0,0,0,2,7,1
06/21/2023,11:30 AM,91,52,29.73,Clear,0,0,0,0,2,6,1
06/21/2023,12:00 PM,91,49,29.73,Clear,0,0,0,0,2,7,2
06/21/2023,12:30 PM,93,46,29.73,Clear,0,0,0,0,2,7,2
06/21/2023,1:00 PM,95,41,29.7,Clear,0,0,0,0,2,8,1
06/21/2023,1:30 PM,95,41,29.67,Clear,0,0,0,0,2,6,1
06/21/2023,2:00 PM,95,47,29.67,Clear,0,0,0,0,2,7,2
06/21/2023,2:30 PM,93,46,29.67,Clear,0,0,0,0,2,7,2
06/21/2023,3:00 PM,95,41,29.64,Clear,0,0,0,0,2,7,2
06/21/2023,3:30 PM,95,44,29.64,Clear,0,0,0,0,2,6,2
06/21/2023,4:00 PM,95,47,29.61,Clear,0,0,0,0,3,14,2
06/21/2023,4:30 PM,95,47,29.61,Clear,0,0,0,0,2,14,2
06/21/2023,5:00 PM,95,44,29.61,Clear,0,0,0,0,3,16,3
06/21/2023,5:30 PM,93,46,29.61,Clear,0,0,0,0,3,13,2
06/21/2023,6:00 PM,91,46,29.64,Clear,0,0,0,0,2,16,2
06/21/2023,6:30 PM,90,49,29.64,Clear,0,0,0,0,3,15,2
06/21/2023,7:00 PM,90,52,29.64,Clear,0,0,0,0,3,14,2
06/21/2023,7:30 PM,88,55,29.67,Clear,0,0,0,0,2,14,2
06/21/2023,8:00 PM,88,62,29.7,Clear,0,0,0,0,2,7,2
06/21/2023,8:30 PM,88,62,29.7,Clear,0,0,0,0,2,6,2
06/21/2023,9:00 PM,84,74,29.73,Clear,0,0,0,0,2,7,2
06/21/2023,9:30 PM,84,74,29.73,Clear,0,0,0,0,2,6,2
06/21/2023,10:00 PM,84,74,29.73,Clear,0,0,0,0,2,8,1
06/21/2023,10:30 PM,84,74,29.76,Clear,0,0,0,0,2,7,2
06/21/2023,11:00 PM,82,79,29.73,Clear,0,0,0,0,1,7,2
06/21/2023,11:30 PM,81,79,29.73,Clear,0,0,0,0,2,9,2
06/22/2023,12:00 AM,79,83,29.73,Clear,0,0,0,0,0,4,2
06/22/2023,12:30 AM,81,79,29.73,Clear,0,0,0,0,0,4,3
06/22/2023,1:00 AM,79,83,29.73,Clear,0,0,0,0,0,3,2
06/22/2023,1:30 AM,79,83,29.73,Clear,0,0,0,0,0,3,2
06/22/2023,2:00 AM,77,89,29.73,Clear,0,0,0,0,0,3,3
06/22/2023,2:30 AM,79,83,29.73,Clear,0,0,0,0,0,3,3
06/22/2023,3:00 AM,79,83,29.73,Clear,0,0,0,0,0,3,2
06/22/2023,3:30 AM,79,83,29.7,Clear,0,0,0,0,0,3,2
06/22/2023,4:00 AM,77,89,29.73,Clear,0,0,0,0,0,3,2
06/22/2023,4:30 AM,77,89,29.73,Clear,0,0,0,0,0,3,3
06/22/2023,5:00 AM,77,89,29.7,Clear,0,0,0,0,3,12,1
06/22/2023,5:30 AM,77,89,29.7,Clear,0,0,0,0,3,14,2
06/22/2023,6:00 AM,77,89,29.73,Clear,0,0,0,0,3,13,2
06/22/2023,6:30 AM,75,94,29.73,Clear,0,0,0,0,3,16,2
06/22/2023,7:00 AM,77,89,29.73,Clear,0,0,0,0,3,13,2
06/22/2023,7:30 AM,79,83,29.76,Clear,0,0,0,0,2,14,2
06/22/2023,8:00 AM,82,79,29.76,Clear,0,0,0,0,3,13,2
06/22/2023,8:30 AM,84,74,29.76,Clear,0,0,0,0,3,15,2
06/22/2023,9:00 AM,86,70,29.76,Clear,0,0,0,0,2,8,2
06/22/2023,9:30 AM,86,70,29.76,Clear,0,0,0,0,2,8,2
06/22/2023,10:00 AM,88,66,29.76,Clear,0,0,0,0,2,6,2
06/22/2023,10:30 AM,90,62,29.76,Clear,0,0,0,0,2,8,2
06/22/2023,11:00 AM,91,59,29.73,Clear,0,0,0,0,2,7,2
06/22/2023,11:30 AM,90,59,29.73,Clear,0,0,0,0,2,8,2
06/22/2023,12:00 PM,91,55,29.7,Clear,0,0,0,0,2,7,2
06/22/2023,12:30 PM,91,55,29.7,Clear,0,0,0,0,1,7,2
06/22/2023,1:00 PM,91,55,29.67,Clear,0,0,0,0,2,7,1
06/22/2023,1:30 PM,93,49,29.67,Clear,0,0,0,0,2,6,2
06/22/2023,2:00 PM,95,47,29.64,Rain,0,0,0,0,1,7,2
06/22/2023,2:30 PM,91,59,29.64,Rain,0,0,0,0,1,9,2
06/22/2023,3:00 PM,91,63,29.64,Rain,0,0,0,0,1,6,2
06/22/2023,3:30 PM,88,66,29.64,Rain,0,0,0,0,1,8,1
06/22/2023,4:00 PM,79,78,29.64,Rain,0,0,0,0,2,14,2
06/22/2023,4:30 PM,79,78,29.64,Clear,0,0,0,0,3,14,2
06/22/2023,5:00 PM,79,83,29.67,Rain,0,0,0,0,2,17,2
06/22/2023,5:30 PM,79,83,29.64,Clear,0,0,0,0,3,12,2
06/22/2023,6:00 PM,79,83,29.64,Clear,0,0,0,0,3,16,2
06/22/2023,6:30 PM,79,83,29.64,Clear,0,0,0,0,3,11,3
06/22/2023,7:00 PM,77,89,29.67,Clear,0,0,0,0,3,16,2
06/22/2023,7:30 PM,77,89,29.67,Clear,0,0,0,0,3,13,2
06/22/2023,8:00 PM,77,89,29.7,Clear,0,0,0,0,2,10,2
06/22/2023,8:30 PM,77,89,29.7,Clear,0,0,0,0,2,8,1
06/22/2023,9:00 PM,77,94,29.73,Clear,0,0,0,0,2,7,2
06/22/2023,9:30 PM,77,94,29.73,Clear,0,0,0,0,1,7,2
06/22/2023,10:00 PM,77,94,29.73,Clear,0,0,0,0,2,8,2
06/22/2023,10:30 PM,77,94,29.73,Clear,0,0,0,0,2,7,2
06/22/2023,11:00 PM,77,94,29.73,Clear,0,0,0,0,2,8,1
06/22/2023,11:30 PM,77,94,29.73,Clear,0,0,0,0,2,7,2
06/23/2023,12:00 AM,77,94,29.73,Clear,0,0,0,0,0,3,2
06/23/2023,12:30 AM,77,94,29.73,Clear,0,0,0,0,0,4,2
06/23/2023,1:00 AM,77,94,29.7,Clear,0,0,0,0,0,3,2
06/23/2023,1:30 AM,77,94,29.7,Clear,0,0,0,0,1,3,2
06/23/2023,2:00 AM,77,94,29.7,Clear,0,0,0,0,0,3,2
06/23/2023,2:30 AM,75,100,29.67,Clear,0,0,0,0,0,3,2
06/23/2023,3:00 AM,75,100,29.67,Clear,0,0,0,0,1,3,3
06/23/2023,3:30 AM,75,100,29.67,Clear,0,0,0,0,0,3,2
06/23/2023,4:00 AM,75,94,29.67,Clear,0,0,0,0,1,3,2
06/23/2023,4:30 AM,75,94,29.67,Clear,0,0,0,0,0,2,2
06/23/2023,5:00 AM,75,94,29.67,Clear,0,0,0,0,3,17,2
06/23/2023,5:30 AM,75,94,29.67,Clear,0,0,0,0,3,12,2
06/23/2023,6:00 AM,75,94,29.67,Clear,0,0,0,0,3,15,2
06/23/2023,6:30 AM,75,94,29.67,Clear,0,0,0,0,3,13,2
06/23/2023,7:00 AM,77,94,29.7,Clear,0,0,0,0,3,14,1
06/23/2023,7:30 AM,77,94,29.7,Clear,0,0,0,0,3,12,1
06/23/2023,8:00 AM,79,94,29.7,Clear,0,0,0,0,2,15,2
06/23/2023,8:30 AM,82,84,29.7,Clear,0,0,0,0,3,13,2
06/23/2023,9:00 AM,82,84,29.7,Clear,0,0,0,0,2,6,2
06/23/2023,9:30 AM,86,74,29.73,Clear,0,0,0,0,2,6,2
06/23/2023,10:00 AM,88,70,29.73,Clear,0,0,0,0,2,7,1
06/23/2023,10:30 AM,88,66,29.73,Clear,0,0,0,0,2,6,2
06/23/2023,11:00 AM,90,62,29.7,Clear,0,0,0,0,2,7,2
06/23/2023,11:30 AM,91,59,29.7,Clear,0,0,0,0,2,6,2
06/23/2023,12:00 PM,93,56,29.7,Clear,0,0,0,0,2,7,2
06/23/2023,12:30 PM,93,49,29.67,Clear,0,0,0,0,2,6,2
06/23/2023,1:00 PM,93,52,29.67,Clear,0,0,0,0,2,7,1
06/23/2023,1:30 PM,95,47,29.64,Clear,0,0,0,0,2,6,2
06/23/2023,2:00 PM,91,55,29.64,Clear,0,0,0,0,2,6,1
06/23/2023,2:30 PM,91,55,29.64,Clear,0,0,0,0,2,6,2
06/23/2023,3:00 PM,93,56,29.61,Clear,0,0,0,0,2,7,1
06/23/2023,3:30 PM,91,59,29.61,Rain,0,0,0,0,1,8,2
06/23/2023,4:00 PM,88,66,29.61,Clear,0,0,0,0,3,15,3
06/23/2023,4:30 PM,86,70,29.61,Clear,0,0,0,0,3,14,2
06/23/2023,5:00 PM,86,70,29.61,Clear,0,0,0,0,3,15,2
06/23/2023,5:30 PM,86,70,29.61,Clear,0,0,0,0,3,13,2
06/23/2023,6:00 PM,84,79,29.64,Clear,0,0,0,0,3,11,2
06/23/2023,6:30 PM,82,84,29.64,Rain,0,0,0,0,2,17,2
06/23/2023,7:00 PM,82,84,29.64,Clear,0,0,0,0,3,14,2
06/23/2023,7:30 PM,84,74,29.64,Clear,0,0,0,0,3,14,2
06/23/2023,8:00 PM,84,74,29.64,Clear,0,0,0,0,2,6,2
06/23/2023,8:30 PM,82,79,29.67,Clear,0,0,0,0,2,8,2
06/23/2023,9:00 PM,82,79,29.67,Clear,0,0,0,0,2,8,2
06/23/2023,9:30 PM,82,79,29.67,Clear,0,0,0,0,2,9,1
06/23/2023,10:00 PM,81,84,29.67,Clear,0,0,0,0,2,7,1
06/23/2023,10:30 PM,81,84,29.7,Clear,0,0,0,0,2,8,2
06/23/2023,11:00 PM,79,89,29.7,Clear,0,0,0,0,1,8,2
06/23/2023,11:30 PM,79,89,29.7,Clear,0,0,0,0,2,8,2
06/24/2023,12:00 AM,79,89,29.7,Clear,0,0,0,0,1,4,3
06/24/2023,12:30 AM,79,89,29.7,Clear,0,0,0,0,0,3,2
06/24/2023,1:00 AM,79,89,29.7,Clear,0,0,0,0,0,3,2
06/24/2023,1:30 AM,79,89,29.7,Clear,0,0,0,0,1,3,2
06/24/2023,2:00 AM,79,89,29.67,Clear,0,0,0,0,0,3,2
06/24/2023,2:30 AM,79,89,29.67,Clear,0,0,0,0,1,3,2
06/24/2023,3:00 AM,77,94,29.67,Clear,0,0,0,0,0,3,2
06/24/2023,3:30 AM,77,94,29.67,Clear,0,0,0,0,0,3,2
06/24/2023,4:00 AM,77,94,29.67,Clear,0,0,0,0,0,3,3
06/24/2023,4:30 AM,77,94,29.67,Clear,0,0,0,0,1,3,2
06/24/2023,5:00 AM,77,94,29.67,Clear,0,0,0,0,3,13,2
06/24/2023,5:30 AM,77,94,29.67,Clear,0,0,0,0,4,12,2
06/24/2023,6:00 AM,77,94,29.67,Clear,0,0,0,0,3,13,1
06/24/2023,6:30 AM,77,94,29.67,Clear,0,0,0,0,3,11,2
06/24/2023,7:00 AM,77,94,29.7,Clear,0,0,0,0,3,16,2
06/24/2023,7:30 AM,79,94,29.7,Clear,0,0,0,0,3,12,1
06/24/2023,8:00 AM,82,79,29.7,Clear,0,0,0,0,3,13,2
06/24/2023,8:30 AM,84,79,29.7,Clear,0,0,0,0,3,14,1
06/24/2023,9:00 AM,86,70,29.7,Clear,0,0,0,0,2,6,2
06/24/2023,9:30 AM,88,66,29.7,Clear,0,0,0,0,2,7,2
06/24/2023,10:00 AM,90,62,29.7,Clear,0,0,0,0,1,7,2
06/24/2023,10:30 AM,90,62,29.7,Clear,0,0,0,0,2,6,2
06/24/2023,11:00 AM,90,59,29.7,Clear,0,0,0,0,2,8,1
06/24/2023,11:30 AM,91,55,29.67,Clear,0,0,0,0,2,6,2
06/24/2023,12:00 PM,91,55,29.67,Clear,0,0,0,0,2,7,1
06/24/2023,12:30 PM,91,52,29.67,Rain,0,0,0,0,2,7,2
06/24/2023,1:00 PM,90,59,29.64,Rain,0,0,0,0,2,7,1
06/24/2023,1:30 PM,93,46,29.64,Rain,0,0,0,0,1,6,2
06/24/2023,2:00 PM,93,49,29.61,Rain,0,0,0,0,1,8,2
06/24/2023,2:30 PM,95,49,29.61,Rain,0,0,0,0,1,8,2
06/24/2023,3:00 PM,91,55,29.61,Clear,0,0,0,0,2,6,2
06/24/2023,3:30 PM,93,52,29.61,Rain,0,0,0,0,1,8,2
06/24/2023,4:00 PM,90,62,29.61,Rain,0,0,0,0,2,14,2
06/24/2023,4:30 PM,81,84,29.61,Clear,0,0,0,0,3,13,2
06/24/2023,5:00 PM,79,89,29.61,Rain,0,0,0,0,3,14,2
06/24/2023,5:30 PM,81,89,29.61,Rain,0,0,0,0,2,12,2
06/24/2023,6:00 PM,81,84,29.61,Clear,0,0,0,0,3,17,2
06/24/2023,6:30 PM,81,84,29.61,Clear,0,0,0,0,3,12,2
06/24/2023,7:00 PM,81,89,29.64,Clear,0,0,0,0,3,12,2
06/24/2023,7:30 PM,81,89,29.64,Clear,0,0,0,0,3,15,2
06/24/2023,8:00 PM,81,89,29.64,Clear,0,0,0,0,2,8,2
06/24/2023,8:30 PM,79,94,29.67,Clear,0,0,0,0,2,7,2
06/24/2023,9:00 PM,79,94,29.67,Clear,0,0,0,0,2,8,2
06/24/2023,9:30 PM,79,94,29.7,Clear,0,0,0,0,2,10,2
06/24/2023,10:00 PM,79,94,29.7,Clear,0,0,0,0,2,8,2
06/24/2023,10:30 PM,79,94,29.7,Clear,0,0,0,0,2,7,2
06/24/2023,11:00 PM,79,89,29.7,Clear,0,0,0,0,2,7,1
06/24/2023,11:30 PM,79,94,29.7,Clear,0,0,0,0,2,7,2
06/25/2023,12:00 AM,79,94,29.7,Clear,0,0,0,0,0,3,2
06/25/2023,12:30 AM,79,94,29.7,Clear,0,0,0,0,0,3,2
06/25/2023,1:00 AM,77,100,29.7,Clear,1,0,0,1,0,3,2
06/25/2023,1:30 AM,77,94,29.67,Clear,0,0,0,0,0,3,2
06/25/2023,2:00 AM,77,100,29.67,Clear,0,0,0,0,0,3,2
06/25/2023,2:30 AM,77,94,29.67,Clear,0,0,0,0,0,4,3
06/25/2023,3:00 AM,79,94,29.64,Clear,0,0,0,0,1,3,2
06/25/2023,3:30 AM,77,94,29.64,Clear,0,0,0,0,1,3,3
06/25/2023,4:00 AM,77,94,29.64,Clear,0,0,0,0,1,3,2
06/25/2023,4:30 AM,77,94,29.64,Clear,0,0,0,0,1,3,2
06/25/2023,5:00 AM,77,94,29.64,Clear,0,0,0,0,3,16,1
06/25/2023,5:30 AM,77,94,29.64,Clear,0,0,0,0,3,15,2
06/25/2023,6:00 AM,77,94,29.67,Clear,0,0,0,0,3,11,2
06/25/2023,6:30 AM,77,94,29.67,Clear,0,0,0,0,3,16,2
06/25/2023,7:00 AM,77,94,29.67,Clear,0,0,0,0,3,12,2
06/25/2023,7:30 AM,81,89,29.67,Clear,0,0,0,0,3,14,2
06/25/2023,8:00 AM,81,89,29.67,Clear,0,0,0,0,3,16,2
06/25/2023,8:30 AM,82,84,29.7,Clear,0,0,0,0,3,13,2
06/25/2023,9:00 AM,84,79,29.7,Clear,0,0,0,0,2,7,2
06/25/2023,9:30 AM,88,70,29.7,Clear,0,0,0,0,2,6,1
06/25/2023,10:00 AM,88,66,29.7,Clear,0,0,0,0,2,6,2
06/25/2023,10:30 AM,90,62,29.7,Clear,0,0,0,0,2,6,2
06/25/2023,11:00 AM,91,63,29.67,Rain,0,0,0,0,1,7,1
06/25/2023,11:30 AM,90,62,29.67,Rain,0,0,0,0,2,9,2
06/25/2023,12:00 PM,88,62,29.67,Rain,0,0,0,0,1,8,2
06/25/2023,12:30 PM,75,89,29.7,Rain,0,0,0,0,1,6,2
06/25/2023,1:00 PM,75,94,29.7,Clear,0,0,0,0,2,6,1
06/25/2023,1:30 PM,77,94,29.67,Rain,0,0,0,0,1,7,2
06/25/2023,2:00 PM,77,94,29.67,Clear,0,0,0,0,2,6,2
06/25/2023,2:30 PM,77,94,29.67,Clear,0,0,0,0,2,6,2
06/25/2023,3:00 PM,79,94,29.67,Clear,0,0,0,0,2,6,1
06/25/2023,3:30 PM,81,89,29.64,Clear,0,0,0,0,2,7,1
06/25/2023,4:00 PM,82,84,29.64,Clear,0,0,0,0,3,13,3
06/25/2023,4:30 PM,84,79,29.61,Clear,0,0,0,0,2,13,2
06/25/2023,5:00 PM,84,74,29.61,Clear,0,0,0,0,3,13,2
06/25/2023,5:30 PM,84,79,29.61,Clear,0,0,0,0,3,14,3
06/25/2023,6:00 PM,84,79,29.64,Clear,0,0,0,0,3,15,3
06/25/2023,6:30 PM,82,84,29.64,Clear,0,0,0,0,3,14,2
06/25/2023,7:00 PM,82,84,29.64,Clear,0,0,0,0,3,12,2
06/25/2023,7:30 PM,81,89,29.67,Clear,0,0,0,0,3,14,2
06/25/2023,8:00 PM,81,89,29.67,Clear,0,0,0,0,1,7,2
06/25/2023,8:30 PM,81,89,29.7,Clear,0,0,0,0,2,7,2
06/25/2023,9:00 PM,81,89,29.7,Clear,0,0,0,0,2,8,1
06/25/2023,9:30 PM,81,89,29.7,Clear,0,0,0,0,2,8,2
06/25/2023,10:00 PM,79,94,29.7,Clear,0,0,0,0,2,8,2
06/25/2023,10:30 PM,79,89,29.7,Clear,0,0,0,0,2,8,1
06/25/2023,11:00 PM,79,94,29.7,Clear,0,0,0,0,2,7,2
06/25/2023,11:30 PM,77,100,29.73,Clear,0,0,0,0,2,7,2
06/26/2023,12:00 AM,77,100,29.7,Clear,0,0,0,0,0,3,2
06/26/2023,12:30 AM,77,100,29.7,Clear,0,0,0,0,0,3,2
06/26/2023,1:00 AM,77,94,29.7,Clear,0,0,0,0,0,3,2
06/26/2023,1:30 AM,77,94,29.7,Clear,0,0,0,0,0,3,2
06/26/2023,2:00 AM,77,94,29.7,Clear,0,0,0,0,0,3,3
06/26/2023,2:30 AM,75,100,29.67,Clear,0,0,0,0,1,3,2
06/26/2023,3:00 AM,75,100,29.67,Clear,0,0,0,0,0,3,3
06/26/2023,3:30 AM,75,100,29.67,Clear,0,0,0,0,0,3,2
06/26/2023,4:00 AM,75,100,29.67,Clear,0,0,0,0,0,2,2
06/26/2023,4:30 AM,75,100,29.67,Clear,0,0,0,0,0,3,2
06/26/2023,5:00 AM,75,100,29.67,Clear,0,0,0,0,3,15,1
06/26/2023,5:30 AM,75,100,29.67,Clear,0,0,0,0,2,16,2
06/26/2023,6:00 AM,75,100,29.67,Clear,0,0,0,0,3,12,2
06/26/2023,6:30 AM,75,100,29.7,Clear,0,0,0,0,3,12,1
06/26/2023,7:00 AM,77,94,29.7,Mist,0,0,0,0,3,13,2
06/26/2023,7:30 AM,77,100,29.7,Clear,0,0,0,0,3,12,2
06/26/2023,8:00 AM,79,94,29.7,Clear,0,0,0,0,2,15,2
06/26/2023,8:30 AM,84,84,29.7,Clear,0,0,0,0,3,14,1
06/26/2023,9:00 AM,86,70,29.73,Clear,0,0,0,0,2,6,1
06/26/2023,9:30 AM,88,66,29.73,Clear,0,0,0,0,2,7,2
06/26/2023,10:00 AM,88,62,29.73,Clear,0,0,0,0,2,7,1
06/26/2023,10:30 AM,90,62,29.73,Clear,0,0,0,0,2,7,2
06/26/2023,11:00 AM,91,55,29.7,Rain,0,0,0,0,1,6,2
06/26/2023,11:30 AM,91,55,29.7,Rain,0,0,0,0,2,5,2
06/26/2023,12:00 PM,88,62,29.7,Rain,0,0,0,0,1,8,2
06/26/2023,12:30 PM,81,84,29.67,Rain,0,0,0,0,1,7,1
06/26/2023,1:00 PM,90,62,29.67,Rain,0,0,0,0,1,7,1
06/26/2023,1:30 PM,88,70,29.67,Rain,0,0,0,0,1,7,1
06/26/2023,2:00 PM,88,70,29.64,Rain,0,0,0,0,2,7,2
06/26/2023,2:30 PM,88,70,29.64,Rain,0,0,0,0,1,8,1
06/26/2023,3:00 PM,90,62,29.64,Rain,0,0,0,0,1,8,2
06/26/2023,3:30 PM,88,66,29.64,Rain,0,0,0,0,2,6,2
06/26/2023,4:00 PM,86,70,29.64,Rain,0,0,0,0,2,15,2
06/26/2023,4:30 PM,84,74,29.67,Rain,0,0,0,0,2,16,2
06/26/2023,5:00 PM,81,84,29.64,Rain,0,0,0,0,2,15,2
06/26/2023,5:30 PM,82,79,29.64,Rain,0,0,0,0,2,15,3
06/26/2023,6:00 PM,81,84,29.67,Rain,0,0,0,0,2,14,2
06/26/2023,6:30 PM,81,89,29.67,Clear,0,0,0,0,2,13,3
06/26/2023,7:00 PM,81,84,29.67,Clear,0,0,0,0,3,13,2
06/26/2023,7:30 PM,81,89,29.67,Clear,0,0,0,0,3,15,3
06/26/2023,8:00 PM,81,89,29.7,Clear,0,0,0,0,2,8,2
06/26/2023,8:30 PM,81,89,29.7,Clear,0,0,0,0,1,8,2
06/26/2023,9:00 PM,81,89,29.7,Clear,0,0,0,0,1,8,2
06/26/2023,9:30 PM,79,94,29.7,Clear,0,0,0,0,2,7,2
06/26/2023,10:00 PM,79,94,29.7,Clear,0,0,0,0,2,8,2
06/26/2023,10:30 PM,79,94,29.73,Clear,0,0,0,0,1,7,2
06/26/2023,11:00 PM,79,94,29.73,Clear,0,0,0,0,2,9,2
06/26/2023,11:30 PM,79,94,29.73,Clear,0,0,0,0,2,7,2
06/27/2023,12:00 AM,79,94,29.7,Clear,0,0,0,0,0,3,2
06/27/2023,12:30 AM,79,94,29.7,Clear,0,0,0,0,1,3,2
06/27/2023,1:00 AM,77,100,29.7,Clear,0,0,0,0,0,3,2
06/27/2023,1:30 AM,77,100,29.7,Clear,0,0,0,0,0,3,2
06/27/2023,2:00 AM,77,100,29.67,Clear,0,0,0,0,0,3,2
06/27/2023,2:30 AM,77,100,29.67,Clear,0,0,0,0,0,4,2
06/27/2023,3:00 AM,77,94,29.67,Clear,0,0,0,0,1,4,3
06/27/2023,3:30 AM,77,94,29.67,Clear,0,0,0,0,0,3,2
06/27/2023,4:00 AM,77,94,29.67,Clear,0,0,0,0,0,3,2
06/27/2023,4:30 AM,77,94,29.67,Clear,0,0,0,0,0,3,3
06/27/2023,5:00 AM,77,94,29.67,Clear,0,0,0,0,3,15,2
06/27/2023,5:30 AM,77,94,29.67,Clear,0,0,0,0,3,13,2
06/27/2023,6:00 AM,77,94,29.67,Clear,0,0,0,0,3,14,2
06/27/2023,6:30 AM,77,94,29.67,Clear,0,0,0,0,3,11,2
06/27/2023,7:00 AM,77,94,29.7,Clear,0,0,0,0,3,13,1
06/27/2023,7:30 AM,77,94,29.7,Clear,0,0,0,0,2,15,2
06/27/2023,8:00 AM,79,94,29.7,Clear,0,0,0,0,2,15,2
06/27/2023,8:30 AM,81,89,29.73,Clear,0,0,0,0,3,14,2
06/27/2023,9:00 AM,84,84,29.73,Clear,0,0,0,0,2,7,1
06/27/2023,9:30 AM,86,70,29.73,Clear,0,0,0,0,2,6,2
06/27/2023,10:00 AM,88,70,29.73,Clear,0,0,0,0,2,8,1
06/27/2023,10:30 AM,90,62,29.73,Clear,0,0,0,0,2,6,2
06/27/2023,11:00 AM,91,63,29.73,Clear,0,0,0,0,2,6,2
06/27/2023,11:30 AM,91,59,29.7,Clear,0,0,0,0,2,6,2
06/27/2023,12:00 PM,91,59,29.7,Clear,0,0,0,0,2,7,1
06/27/2023,12:30 PM,91,55,29.67,Rain,0,0,0,0,1,8,2
06/27/2023,1:00 PM,86,66,29.67,Rain,0,0,0,0,2,6,2
06/27/2023,1:30 PM,81,74,29.67,Rain,0,0,0,0,1,8,2
06/27/2023,2:00 PM,79,89,29.67,Rain,0,0,0,0,1,8,2
06/27/2023,2:30 PM,77,94,29.67,Rain,0,0,0,0,1,8,1
06/27/2023,3:00 PM,79,89,29.67,Rain,0,0,0,0,1,7,2
06/27/2023,3:30 PM,79,94,29.64,Clear,0,0,0,0,2,7,2
06/27/2023,4:00 PM,81,89,29.64,Clear,0,0,0,0,3,12,2
06/27/2023,4:30 PM,84,79,29.64,Clear,0,0,0,0,3,12,2
06/27/2023,5:00 PM,84,79,29.67,Clear,0,0,0,0,3,16,2
06/27/2023,5:30 PM,84,74,29.67,Clear,0,0,0,0,3,14,2
06/27/2023,6:00 PM,81,79,29.7,Clear,0,0,0,0,3,13,2
06/27/2023,6:30 PM,81,79,29.7,Clear,0,0,0,0,3,16,2
06/27/2023,7:00 PM,81,79,29.7,Clear,0,0,0,0,3,14,3
06/27/2023,7:30 PM,79,83,29.7,Clear,0,0,0,0,3,13,3
06/27/2023,8:00 PM,79,83,29.73,Clear,0,0,0,0,2,8,2
06/27/2023,8:30 PM,79,83,29.73,Clear,0,0,0,0,2,9,2
06/27/2023,9:00 PM,79,83,29.73,Clear,0,0,0,0,2,6,2
06/27/2023,9:30 PM,79,83,29.76,Clear,0,0,0,0,2,6,2
06/27/2023,10:00 PM,79,83,29.76,Clear,0,0,0,0,2,8,2
06/27/2023,10:30 PM,77,89,29.76,Clear,0,0,0,0,2,9,2
06/27/2023,11:00 PM,77,89,29.76,Clear,0,0,0,0,2,7,2
06/27/2023,11:30 PM,77,94,29.76,Clear,0,0,0,0,2,8,2
06/28/2023,12:00 AM,77,94,29.76,Clear,0,0,0,0,0,4,2
06/28/2023,12:30 AM,77,94,29.73,Clear,0,0,0,0,0,3,2
06/28/2023,1:00 AM,77,94,29.73,Clear,0,0,0,0,0,3,2
06/28/2023,1:30 AM,77,94,29.73,Clear,0,0,0,0,1,4,2
06/28/2023,2:00 AM,77,94,29.73,Clear,0,0,0,0,1,3,2
06/28/2023,2:30 AM,77,94,29.73,Clear,0,0,0,0,1,3,2
06/28/2023,3:00 AM,75,100,29.73,Clear,0,0,0,0,0,3,2
06/28/2023,3:30 AM,75,100,29.73,Clear,0,0,0,0,0,3,2
06/28/2023,4:00 AM,75,94,29.7,Clear,0,0,0,0,0,3,2
06/28/2023,4:30 AM,75,100,29.7,Clear,0,0,0,0,0,3,2
06/28/2023,5:00 AM,75,100,29.7,Clear,0,0,0,0,3,14,2
06/28/2023,5:30 AM,75,94,29.7,Clear,0,0,0,0,3,14,2
06/28/2023,6:00 AM,75,94,29.7,Clear,0,0,0,0,3,11,2
06/28/2023,6:30 AM,75,100,29.7,Clear,0,0,0,0,2,16,2
06/28/2023,7:00 AM,77,94,29.73,Clear,0,0,0,0,3,14,1
06/28/2023,7:30 AM,79,89,29.73,Clear,0,0,0,0,3,14,2
06/28/2023,8:00 AM,81,89,29.76,Clear,0,0,0,0,3,14,2
06/28/2023,8:30 AM,82,84,29.76,Clear,0,0,0,0,3,15,2
06/28/2023,9:00 AM,84,74,29.76,Clear,0,0,0,0,2,6,2
06/28/2023,9:30 AM,86,66,29.76,Clear,0,0,0,0,1,7,2
06/28/2023,10:00 AM,88,66,29.76,Clear,0,0,0,0,2,6,1
06/28/2023,10:30 AM,88,66,29.76,Clear,0,0,0,0,2,8,1
06/28/2023,11:00 AM,90,59,29.73,Clear,0,0,0,0,2,8,2
06/28/2023,11:30 AM,90,62,29.73,Clear,0,0,0,0,2,6,2
06/28/2023,12:00 PM,91,55,29.73,Clear,0,0,0,0,2,8,1
06/28/2023,12:30 PM,91,55,29.7,Rain,0,0,0,0,1,7,2
06/28/2023,1:00 PM,84,79,29.7,Rain,0,0,0,0,1,7,2
06/28/2023,1:30 PM,79,94,29.7,Rain,0,0,0,0,1,8,2
06/28/2023,2:00 PM,84,79,29.7,Clear,0,0,0,0,2,6,2
06/28/2023,2:30 PM,86,70,29.67,Clear,0,0,0,0,2,7,2
06/28/2023,3:00 PM,88,62,29.67,Clear,0,0,0,0,2,6,2
06/28/2023,3:30 PM,84,70,29.64,Clear,0,0,0,0,2,6,1
06/28/2023,4:00 PM,84,70,29.64,Clear,0,0,0,0,3,14,2
06/28/2023,4:30 PM,86,66,29.64,Clear,0,0,0,0,3,15,2
06/28/2023,5:00 PM,86,66,29.64,Clear,0,0,0,0,3,12,2
06/28/2023,5:30 PM,86,66,29.64,Clear,0,0,0,0,3,11,2
06/28/2023,6:00 PM,86,66,29.64,Clear,0,0,0,0,3,12,2
06/28/2023,6:30 PM,84,70,29.64,Clear,0,0,0,0,3,12,2
06/28/2023,7:00 PM,82,74,29.67,Clear,0,0,0,0,3,13,2
06/28/2023,7:30 PM,82,79,29.7,Clear,0,0,0,0,3,14,2
06/28/2023,8:00 PM,81,84,29.7,Clear,0,0,0,0,2,8,2
06/28/2023,8:30 PM,81,84,29.7,Clear,0,0,0,0,2,7,2
06/28/2023,9:00 PM,81,84,29.73,Clear,0,0,0,0,1,9,2
06/28/2023,9:30 PM,81,84,29.73,Clear,0,0,0,0,1,7,2
06/28/2023,10:00 PM,81,84,29.76,Clear,0,0,0,0,2,8,2
06/28/2023,10:30 PM,81,84,29.76,Clear,0,0,0,0,2,8,1
06/28/2023,11:00 PM,79,89,29.76,Clear,0,0,0,0,2,7,2
06/28/2023,11:30 PM,79,89,29.76,Clear,0,0,0,0,2,8,1
06/29/2023,12:00 AM,79,89,29.76,Clear,0,0,0,0,1,3,2
06/29/2023,12:30 AM,79,89,29.73,Clear,0,0,0,0,1,3,2
06/29/2023,1:00 AM,79,89,29.73,Clear,0,0,0,0,0,3,2
06/29/2023,1:30 AM,79,89,29.73,Clear,0,0,0,0,0,3,2
06/29/2023,2:00 AM,79,89,29.7,Clear,0,0,0,0,1,3,2
06/29/2023,2:30 AM,79,89,29.7,Clear,0,0,0,0,0,3,3
06/29/2023,3:00 AM,79,89,29.7,Clear,0,0,0,0,0,3,3
06/29/2023,3:30 AM,79,89,29.7,Clear,0,0,0,0,0,3,3
06/29/2023,4:00 AM,77,89,29.7,Clear,0,0,0,0,0,3,2
06/29/2023,4:30 AM,77,89,29.7,Clear,0,0,0,0,0,3,2
06/29/2023,5:00 AM,77,89,29.67,Clear,0,0,0,0,3,11,2
06/29/2023,5:30 AM,77,89,29.7,Clear,0,0,0,0,3,14,2
06/29/2023,6:00 AM,77,89,29.7,Clear,0,0,0,0,3,13,2
06/29/2023,6:30 AM,77,94,29.7,Clear,0,0,0,0,3,15,2
06/29/2023,7:00 AM,77,94,29.7,Clear,0,0,0,0,3,13,2
06/29/2023,7:30 AM,79,89,29.7,Clear,0,0,0,0,3,13,2
06/29/2023,8:00 AM,82,79,29.73,Clear,0,0,0,0,3,13,2
06/29/2023,8:30 AM,82,79,29.73,Clear,0,0,0,0,3,13,2
06/29/2023,9:00 AM,84,74,29.73,Clear,0,0,0,0,2,6,2
06/29/2023,9:30 AM,86,70,29.73,Clear,0,0,0,0,2,7,1
06/29/2023,10:00 AM,88,62,29.73,Clear,0,0,0,0,2,7,2
06/29/2023,10:30 AM,88,66,29.73,Clear,0,0,0,0,2,7,2
06/29/2023,11:00 AM,88,66,29.73,Clear,0,0,0,0,2,7,2
06/29/2023,11:30 AM,88,62,29.73,Clear,0,0,0,0,2,7,2
06/29/2023,12:00 PM,90,62,29.7,Clear,0,0,0,0,2,8,2
06/29/2023,12:30 PM,88,66,29.7,Clear,0,0,0,0,2,8,1
06/29/2023,1:00 PM,86,70,29.7,Clear,0,0,0,0,2,7,2
06/29/2023,1:30 PM,88,66,29.67,Clear,0,0,0,0,2,6,2
06/29/2023,2:00 PM,88,66,29.67,Clear,0,0,0,0,2,8,1
06/29/2023,2:30 PM,88,66,29.64,Clear,0,0,0,0,2,6,2
06/29/2023,3:00 PM,90,62,29.61,Clear,0,0,0,0,2,7,2
06/29/2023,3:30 PM,86,66,29.61,Clear,0,0,0,0,2,7,2
06/29/2023,4:00 PM,88,62,29.61,Clear,0,0,0,0,3,15,2
06/29/2023,4:30 PM,88,62,29.61,Clear,0,0,0,0,3,12,2
06/29/2023,5:00 PM,86,66,29.61,Clear,0,0,0,0,3,13,2
06/29/2023,5:30 PM,86,66,29.61,Clear,0,0,0,0,3,13,3
06/29/2023,6:00 PM,86,62,29.64,Clear,0,0,0,0,3,13,2
06/29/2023,6:30 PM,84,66,29.64,Clear,0,0,0,0,3,12,3
06/29/2023,7:00 PM,84,70,29.64,Clear,0,0,0,0,3,14,2
06/29/2023,7:30 PM,82,74,29.67,Clear,0,0,0,0,3,13,2
06/29/2023,8:00 PM,82,74,29.67,Clear,0,0,0,0,2,8,2
06/29/2023,8:30 PM,82,74,29.7,Clear,0,0,0,0,2,7,2
06/29/2023,9:00 PM,82,74,29.7,Clear,0,0,0,0,1,7,2
06/29/2023,9:30 PM,81,74,29.7,Clear,0,0,0,0,2,7,2
06/29/2023,10:00 PM,81,79,29.7,Clear,0,0,0,0,2,9,2
06/29/2023,10:30 PM,79,83,29.73,Clear,0,0,0,0,2,8,2
06/29/2023,11:00 PM,79,83,29.73,Clear,0,0,0,0,2,8,2
06/29/2023,11:30 PM,79,83,29.73,Clear,0,0,0,0,2,7,1
06/30/2023,12:00 AM,79,83,29.73,Clear,0,0,0,0,1,3,2
06/30/2023,12:30 AM,79,83,29.73,Clear,0,0,0,0,1,3,2
06/30/2023,1:00 AM,77,89,29.7,Clear,0,0,0,0,0,3,2
06/30/2023,1:30 AM,77,89,29.7,Clear,0,0,0,0,0,3,3
06/30/2023,2:00 AM,79,83,29.67,Clear,0,0,0,0,0,2,2
06/30/2023,2:30 AM,77,94,29.67,Clear,0,0,0,0,0,3,2
06/30/2023,3:00 AM,77,94,29.67,Clear,0,0,0,0,0,2,2
06/30/2023,3:30 AM,77,94,29.67,Clear,0,0,0,0,0,3,2
06/30/2023,4:00 AM,77,94,29.67,Clear,0,0,0,0,0,3,2
06/30/2023,4:30 AM,77,94,29.67,Clear,0,0,0,0,0,4,2
06/30/2023,5:00 AM,77,94,29.67,Clear,0,0,0,0,3,12,2
06/30/2023,5:30 AM,77,94,29.67,Clear,0,0,0,0,2,16,1
06/30/2023,6:00 AM,77,94,29.67,Clear,0,0,0,0,2,15,2
06/30/2023,6:30 AM,77,94,29.67,Clear,0,0,0,0,3,14,2
06/30/2023,7:00 AM,79,89,29.67,Clear,0,0,0,0,3,16,2
06/30/2023,7:30 AM,81,89,29.7,Clear,0,0,0,0,3,13,2
06/30/2023,8:00 AM,82,84,29.7,Clear,0,0,0,0,3,13,2
06/30/2023,8:30 AM,82,84,29.73,Clear,0,0,0,0,3,12,1
06/30/2023,9:00 AM,84,79,29.73,Clear,0,0,0,0,2,7,2
06/30/2023,9:30 AM,86,74,29.7,Clear,0,0,0,0,2,6,2
06/30/2023,10:00 AM,86,70,29.73,Clear,0,0,0,0,2,8,2
06/30/2023,10:30 AM,88,70,29.73,Clear,0,0,0,0,2,7,2
06/30/2023,11:00 AM,90,66,29.7,Clear,0,0,0,0,2,8,2
06/30/2023,11:30 AM,90,66,29.7,Clear,0,0,0,0,2,6,1
06/30/2023,12:00 PM,90,70,29.7,Clear,0,0,0,0,2,6,2
06/30/2023,12:30 PM,90,59,29.7,Rain,0,0,0,0,1,6,1
06/30/2023,1:00 PM,88,66,29.7,Rain,0,0,0,0,1,6,1
06/30/2023,1:30 PM,79,94,29.7,Rain,0,0,0,0,1,8,2
06/30/2023,2:00 PM,81,89,29.67,Clear,0,0,0,0,2,6,2
06/30/2023,2:30 PM,82,84,29.67,Clear,0,0,0,0,2,7,1
06/30/2023,3:00 PM,82,84,29.67,Clear,0,0,0,0,2,6,2
06/30/2023,3:30 PM,82,84,29.64,Clear,0,0,0,0,2,6,2
06/30/2023,4:00 PM,82,79,29.64,Clear,0,0,0,0,3,15,3
06/30/2023,4:30 PM,84,74,29.64,Clear,0,0,0,0,3,13,2
06/30/2023,5:00 PM,84,74,29.61,Clear,0,0,0,0,2,14,2
06/30/2023,5:30 PM,84,74,29.61,Clear,0,0,0,0,3,14,2
06/30/2023,6:00 PM,84,74,29.64,Clear,0,0,0,0,2,13,3
06/30/2023,6:30 PM,82,79,29.67,Clear,0,0,0,0,3,14,2
06/30/2023,7:00 PM,82,79,29.64,Clear,0,0,0,0,3,12,2
06/30/2023,7:30 PM,82,79,29.67,Clear,0,0,0,0,3,15,2
06/30/2023,8:00 PM,82,79,29.67,Clear,0,0,0,0,2,8,2
06/30/2023,8:30 PM,82,79,29.67,Clear,0,0,0,0,2,8,2
06/30/2023,9:00 PM,81,84,29.7,Clear,0,0,0,0,2,8,1
06/30/2023,9:30 PM,81,84,29.7,Clear,0,0,0,0,2,7,1
06/30/2023,10:00 PM,81,84,29.7,Clear,0,0,0,0,2,8,2
06/30/2023,10:30 PM,81,89,29.73,Clear,0,0,0,0,2,9,2
06/30/2023,11:00 PM,81,89,29.73,Clear,0,0,0,0,2,9,2
06/30/2023,11:30 PM,81,89,29.73,Clear,0,0,0,0,2,8,2
7/1/2023,12:00 AM,81,89,29.73,Clear,0,0,0,0,0,3,2
7/1/2023,12:30 AM,81,89,29.7,Clear,0,0,0,0,0,4,2
7/1/2023,1:00 AM,79,94,29.67,Clear,0,0,0,0,0,3,3
7/1/2023,1:30 AM,79,94,29.67,Clear,0,0,0,0,0,3,2
7/1/2023,2:00 AM,79,89,29.67,Clear,0,0,0,0,0,3,2
7/1/2023,2:30 AM,79,89,29.67,Clear,0,0,0,0,0,3,2
7/1/2023,3:00 AM,79,89,29.67,Clear,0,0,0,0,0,3,2
7/1/2023,3:30 AM,79,94,29.67,Clear,0,0,0,0,1,3,2
7/1/2023,4:00 AM,79,89,29.67,Clear,0,0,0,0,0,3,2
7/1/2023,4:30 AM,79,89,29.67,Rain,0,0,0,0,0,3,2
7/1/2023,5:00 AM,79,94,29.7,Rain,0,0,0,0,2,13,2
7/1/2023,5:30 AM,79,94,29.7,Rain,0,0,0,0,2,14,2
7/1/2023,6:00 AM,77,94,29.73,Rain,0,0,0,0,2,15,2
7/1/2023,6:30 AM,75,94,29.73,Rain,0,0,0,0,2,14,1
7/1/2023,7:00 AM,75,94,29.73,Rain,0,0,0,0,2,14,2
7/1/2023,7:30 AM,75,100,29.76,Rain,0,0,0,0,2,18,2
7/1/2023,8:00 AM,75,100,29.76,Rain,0,0,0,0,2,13,2
7/1/2023,8:30 AM,75,100,29.76,Rain,0,0,0,0,2,16,2
7/1/2023,9:00 AM,75,100,29.79,Rain,0,0,0,0,2,8,2
7/1/2023,9:30 AM,77,94,29.76,Rain,0,0,0,0,1,8,2
7/1/2023,10:00 AM,79,89,29.79,Clear,0,0,0,0,2,8,2
7/1/2023,10:30 AM,81,84,29.76,Clear,0,0,0,0,2,7,2
7/1/2023,11:00 AM,82,79,29.79,Clear,0,0,0,0,2,7,1
7/1/2023,11:30 AM,82,74,29.76,Clear,0,0,0,0,2,6,2
7/1/2023,12:00 PM,84,70,29.76,Clear,0,0,0,0,2,6,2
7/1/2023,12:30 PM,84,70,29.73,Clear,0,0,0,0,2,7,2
7/1/2023,1:00 PM,84,70,29.73,Clear,0,0,0,0,2,5,2
7/1/2023,1:30 PM,86,66,29.7,Clear,0,0,0,0,2,7,2
7/1/2023,2:00 PM,86,66,29.7,Clear,0,0,0,0,2,7,2
7/1/2023,2:30 PM,86,66,29.67,Clear,0,0,0,0,2,8,2
7/1/2023,3:00 PM,86,66,29.67,Clear,0,0,0,0,2,6,2
7/1/2023,3:30 PM,86,66,29.67,Clear,0,0,0,0,1,7,2
7/1/2023,4:00 PM,84,70,29.67,Clear,0,0,0,0,3,11,2
7/1/2023,4:30 PM,86,66,29.67,Clear,0,0,0,0,3,12,2
7/1/2023,5:00 PM,84,70,29.67,Clear,0,0,0,0,3,13,2
7/1/2023,5:30 PM,84,70,29.67,Clear,0,0,0,0,3,16,2
7/1/2023,6:00 PM,82,74,29.67,Clear,0,0,0,0,2,13,2
7/1/2023,6:30 PM,82,74,29.67,Clear,0,0,0,0,3,14,2
7/1/2023,7:00 PM,82,74,29.67,Clear,0,0,0,0,3,15,2
7/1/2023,7:30 PM,81,79,29.67,Clear,0,0,0,0,2,12,2
7/1/2023,8:00 PM,81,79,29.7,Clear,0,0,0,0,2,7,2
7/1/2023,8:30 PM,81,79,29.7,Clear,0,0,0,0,2,6,2
7/1/2023,9:00 PM,81,79,29.73,Clear,0,0,0,0,2,10,1
7/1/2023,9:30 PM,81,79,29.73,Clear,0,0,0,0,2,9,2
7/1/2023,10:00 PM,81,84,29.73,Clear,0,0,0,0,1,8,2
7/1/2023,10:30 PM,81,84,29.76,Clear,0,0,0,0,2,7,2
7/1/2023,11:00 PM,81,79,29.76,Clear,0,0,0,0,2,8,2
7/1/2023,11:30 PM,81,84,29.76,Clear,0,0,0,0,2,9,2
7/2/2023,12:00 AM,82,79,29.76,Clear,0,0,0,0,1,3,2
7/2/2023,12:30 AM,82,79,29.76,Clear,0,0,0,0,1,3,3
7/2/2023,1:00 AM,81,84,29.76,Clear,0,0,0,0,1,3,2
7/2/2023,1:30 AM,81,84,29.73,Clear,0,0,0,0,0,3,2
7/2/2023,2:00 AM,81,84,29.73,Clear,0,0,0,0,0,3,2
7/2/2023,2:30 AM,81,84,29.73,Clear,0,0,0,0,0,3,2
7/2/2023,3:00 AM,79,83,29.73,Rain,0,0,0,0,0,3,2
7/2/2023,3:30 AM,79,83,29.73,Clear,0,0,0,0,0,3,2
7/2/2023,4:00 AM,77,89,29.7,Clear,0,0,0,0,0,4,2
7/2/2023,4:30 AM,77,89,29.7,Clear,0,0,0,0,1,3,3
7/2/2023,5:00 AM,79,78,29.67,Clear,0,0,0,0,3,14,2
7/2/2023,5:30 AM,79,83,29.67,Clear,0,0,0,0,2,14,2
7/2/2023,6:00 AM,77,89,29.67,Clear,0,0,0,0,3,15,2
7/2/2023,6:30 AM,77,89,29.67,Clear,0,0,0,0,3,12,2
7/2/2023,7:00 AM,77,89,29.7,Clear,0,0,0,0,2,14,2
7/2/2023,7:30 AM,79,89,29.7,Clear,0,0,0,0,3,14,2
7/2/2023,8:00 AM,81,84,29.73,Clear,0,0,0,0,3,14,1
7/2/2023,8:30 AM,84,74,29.73,Clear,0,0,0,0,2,13,2
7/2/2023,9:00 AM,84,74,29.73,Clear,0,0,0,0,2,6,2
7/2/2023,9:30 AM,84,79,29.76,Clear,0,0,0,0,2,7,1
7/2/2023,10:00 AM,84,74,29.76,Clear,0,0,0,0,1,7,2
7/2/2023,10:30 AM,86,74,29.76,Clear,0,0,0,0,2,6,2
7/2/2023,11:00 AM,90,62,29.76,Clear,0,0,0,0,2,7,2
7/2/2023,11:30 AM,90,55,29.73,Clear,0,0,0,0,2,7,1
7/2/2023,12:00 PM,90,55,29.73,Clear,0,0,0,0,2,7,1
7/2/2023,12:30 PM,90,55,29.73,Clear,0,0,0,0,2,7,2
7/2/2023,1:00 PM,88,58,29.73,Clear,0,0,0,0,2,7,2
7/2/2023,1:30 PM,91,52,29.7,Clear,0,0,0,0,2,6,2
7/2/2023,2:00 PM,91,52,29.7,Clear,0,0,0,0,2,7,2
7/2/2023,2:30 PM,91,52,29.67,Clear,0,0,0,0,2,6,2
7/2/2023,3:00 PM,91,49,29.67,Clear,0,0,0,0,2,7,1
7/2/2023,3:30 PM,91,49,29.67,Clear,0,0,0,0,2,8,1
7/2/2023,4:00 PM,91,52,29.64,Clear,0,0,0,0,3,13,2
7/2/2023,4:30 PM,91,52,29.64,Clear,0,0,0,0,3,17,2
7/2/2023,5:00 PM,91,49,29.64,Clear,0,0,0,0,3,13,2
7/2/2023,5:30 PM,91,46,29.67,Clear,0,0,0,0,3,14,2
7/2/2023,6:00 PM,90,52,29.67,Clear,0,0,0,0,3,13,2
7/2/2023,6:30 PM,88,58,29.67,Clear,0,0,0,0,3,13,2
7/2/2023,7:00 PM,86,62,29.7,Clear,0,0,0,0,3,14,2
7/2/2023,7:30 PM,84,66,29.7,Clear,0,0,0,0,3,15,3
7/2/2023,8:00 PM,82,74,29.73,Clear,0,0,0,0,2,8,2
7/2/2023,8:30 PM,82,74,29.73,Clear,0,0,0,0,1,8,2
7/2/2023,9:00 PM,82,79,29.73,Clear,0,0,0,0,2,9,2
7/2/2023,9:30 PM,82,79,29.76,Clear,0,0,0,0,2,8,1
7/2/2023,10:00 PM,82,79,29.76,Clear,0,0,0,0,2,8,2
7/2/2023,10:30 PM,81,89,29.76,Clear,0,0,0,0,2,8,2
7/2/2023,11:00 PM,81,84,29.76,Clear,0,0,0,0,2,9,2
7/2/2023,11:30 PM,79,89,29.79,Clear,0,0,0,0,2,8,2
7/3/2023,12:00 AM,79,89,29.79,Clear,0,0,0,0,0,3,3
7/3/2023,12:30 AM,79,89,29.76,Clear,0,0,0,0,0,3,2
7/3/2023,1:00 AM,79,89,29.76,Clear,0,0,0,0,0,3,2
7/3/2023,1:30 AM,77,94,29.73,Clear,0,0,0,0,0,4,2
7/3/2023,2:00 AM,77,89,29.73,Clear,0,0,0,0,1,4,2
7/3/2023,2:30 AM,77,89,29.73,Clear,0,0,0,0,0,3,3
7/3/2023,3:00 AM,77,89,29.73,Clear,0,0,0,0,1,3,2
7/3/2023,3:30 AM,77,94,29.73,Clear,0,0,0,0,0,3,2
7/3/2023,4:00 AM,77,94,29.7,Clear,0,0,0,0,0,3,2
7/3/2023,4:30 AM,77,94,29.7,Clear,0,0,0,0,0,3,3
7/3/2023,5:00 AM,77,94,29.73,Clear,0,0,0,0,3,11,2
7/3/2023,5:30 AM,77,94,29.73,Clear,0,0,0,0,3,14,2
7/3/2023,6:00 AM,75,100,29.73,Clear,0,0,0,0,3,13,2
7/3/2023,6:30 AM,75,100,29.73,Clear,0,0,0,0,3,17,2
7/3/2023,7:00 AM,77,94,29.73,Clear,0,0,0,0,3,13,2
7/3/2023,7:30 AM,81,84,29.73,Clear,0,0,0,0,3,13,2
7/3/2023,8:00 AM,81,84,29.73,Clear,0,0,0,0,3,13,2
7/3/2023,8:30 AM,82,84,29.76,Clear,0,0,0,0,3,14,2
7/3/2023,9:00 AM,84,79,29.76,Clear,0,0,0,0,2,8,2
7/3/2023,9:30 AM,88,70,29.76,Clear,0,0,0,0,2,7,2
7/3/2023,10:00 AM,88,62,29.76,Clear,0,0,0,0,2,7,2
7/3/2023,10:30 AM,90,62,29.76,Clear,0,0,0,0,2,7,2
7/3/2023,11:00 AM,90,59,29.76,Clear,0,0,0,0,2,7,2
7/3/2023,11:30 AM,91,55,29.73,Clear,0,0,0,0,2,6,2
7/3/2023,12:00 PM,91,52,29.73,Clear,0,0,0,0,2,7,1
7/3/2023,12:30 PM,91,55,29.73,Clear,0,0,0,0,2,7,2
7/3/2023,1:00 PM,91,55,29.7,Clear,0,0,0,0,2,8,2
7/3/2023,1:30 PM,91,55,29.7,Clear,0,0,0,0,2,6,1
7/3/2023,2:00 PM,93,52,29.67,Clear,0,0,0,0,2,7,1
7/3/2023,2:30 PM,93,49,29.67,Clear,0,0,0,0,2,6,2
7/3/2023,3:00 PM,93,52,29.64,Clear,0,0,0,0,2,7,1
7/3/2023,3:30 PM,93,52,29.64,Clear,0,0,0,0,2,7,2
7/3/2023,4:00 PM,93,52,29.64,Clear,0,0,0,0,2,12,2
7/3/2023,4:30 PM,91,55,29.64,Clear,0,0,0,0,3,12,2
7/3/2023,5:00 PM,91,55,29.64,Clear,0,0,0,0,3,13,2
7/3/2023,5:30 PM,90,66,29.64,Clear,0,0,0,0,3,13,3
7/3/2023,6:00 PM,88,66,29.64,Clear,0,0,0,0,3,12,2
7/3/2023,6:30 PM,88,70,29.64,Clear,0,0,0,0,3,15,2
7/3/2023,7:00 PM,86,70,29.64,Clear,0,0,0,0,3,13,2
7/3/2023,7:30 PM,86,74,29.67,Clear,0,0,0,0,3,12,3
7/3/2023,8:00 PM,84,79,29.67,Clear,0,0,0,0,2,7,2
7/3/2023,8:30 PM,82,79,29.7,Clear,0,0,0,0,2,9,2
7/3/2023,9:00 PM,82,79,29.73,Clear,0,0,0,0,2,7,1
7/3/2023,9:30 PM,82,84,29.73,Clear,0,0,0,0,2,8,2
7/3/2023,10:00 PM,82,84,29.73,Clear,0,0,0,0,2,6,2
7/3/2023,10:30 PM,82,84,29.76,Clear,0,0,0,0,2,8,2
7/3/2023,11:00 PM,82,84,29.76,Clear,0,0,0,0,2,7,2
7/3/2023,11:30 PM,81,89,29.76,Clear,0,0,0,0,2,8,2
7/4/2023,12:00 AM,81,89,29.76,Clear,0,0,0,0,0,3,2
7/4/2023,12:30 AM,81,89,29.73,Clear,0,0,0,0,0,3,2
7/4/2023,1:00 AM,81,89,29.73,Clear,0,0,0,0,1,3,2
7/4/2023,1:30 AM,81,89,29.73,Clear,0,0,0,0,0,3,2
7/4/2023,2:00 AM,79,94,29.73,Clear,0,0,0,0,0,3,2
7/4/2023,2:30 AM,79,89,29.73,Clear,0,0,0,0,0,3,2
7/4/2023,3:00 AM,79,89,29.7,Clear,0,0,0,0,1,3,2
7/4/2023,3:30 AM,79,89,29.7,Clear,0,0,0,0,0,3,2
7/4/2023,4:00 AM,79,89,29.7,Clear,0,0,0,0,0,3,2
7/4/2023,4:30 AM,79,89,29.7,Clear,0,0,0,0,0,3,2
7/4/2023,5:00 AM,79,89,29.7,Clear,0,0,0,0,3,13,2
7/4/2023,5:30 AM,77,94,29.7,Clear,0,0,0,0,3,12,2
7/4/2023,6:00 AM,77,100,29.7,Clear,0,0,0,0,2,13,1
7/4/2023,6:30 AM,77,100,29.7,Clear,0,0,0,0,3,14,2
7/4/2023,7:00 AM,79,94,29.7,Clear,0,0,0,0,3,13,2
7/4/2023,7:30 AM,81,89,29.73,Clear,0,0,0,0,3,15,2
7/4/2023,8:00 AM,82,84,29.73,Clear,0,0,0,0,3,13,1
7/4/2023,8:30 AM,84,79,29.73,Clear,0,0,0,0,3,12,2
7/4/2023,9:00 AM,86,74,29.73,Clear,0,0,0,0,2,7,2
7/4/2023,9:30 AM,86,74,29.73,Clear,0,0,0,0,2,7,1
7/4/2023,10:00 AM,88,70,29.73,Clear,0,0,0,0,2,5,1
7/4/2023,10:30 AM,90,66,29.73,Clear,0,0,0,0,2,6,2
7/4/2023,11:00 AM,90,62,29.73,Clear,0,0,0,0,2,7,2
7/4/2023,11:30 AM,91,59,29.7,Clear,0,0,0,0,2,7,2
7/4/2023,12:00 PM,91,59,29.7,Clear,0,0,0,0,2,5,2
7/4/2023,12:30 PM,93,56,29.67,Rain,0,0,0,0,1,7,2
7/4/2023,1:00 PM,93,56,29.67,Clear,0,0,0,0,2,6,1
7/4/2023,1:30 PM,91,55,29.67,Clear,0,0,0,0,2,6,2
7/4/2023,2:00 PM,90,59,29.67,Rain,0,0,0,0,2,7,2
7/4/2023,2:30 PM,88,66,29.64,Rain,0,0,0,0,1,8,1
7/4/2023,3:00 PM,88,70,29.64,Rain,0,0,0,0,1,7,2
7/4/2023,3:30 PM,88,70,29.64,Rain,0,0,0,0,2,6,2
7/4/2023,4:00 PM,90,66,29.61,Clear,0,0,0,0,2,13,2
7/4/2023,4:30 PM,90,62,29.61,Clear,0,0,0,0,3,17,2
7/4/2023,5:00 PM,91,59,29.61,Clear,0,0,0,0,3,12,2
7/4/2023,5:30 PM,90,66,29.61,Clear,0,0,0,0,3,11,2
7/4/2023,6:00 PM,90,66,29.64,Clear,0,0,0,0,3,13,2
7/4/2023,6:30 PM,88,66,29.64,Clear,0,0,0,0,3,15,2
7/4/2023,7:00 PM,86,70,29.64,Clear,0,0,0,0,3,14,2
7/4/2023,7:30 PM,86,74,29.67,Clear,0,0,0,0,3,13,2
7/4/2023,8:00 PM,84,79,29.67,Clear,0,0,0,0,2,8,2
7/4/2023,8:30 PM,84,79,29.7,Clear,0,0,0,0,2,8,2
7/4/2023,9:00 PM,82,84,29.7,Clear,0,0,0,0,2,8,2
7/4/2023,9:30 PM,82,84,29.73,Clear,0,0,0,0,2,9,2
7/4/2023,10:00 PM,82,89,29.73,Clear,0,0,0,0,2,7,2
7/4/2023,10:30 PM,82,84,29.73,Clear,0,0,0,0,2,8,2
7/4/2023,11:00 PM,81,89,29.73,Clear,0,0,0,0,2,7,2
7/4/2023,11:30 PM,81,94,29.73,Clear,0,0,0,0,2,6,2
7/5/2023,12:00 AM,81,94,29.73,Clear,0,0,0,0,0,3,3
7/5/2023,12:30 AM,81,89,29.73,Clear,0,0,0,0,0,3,2
7/5/2023,1:00 AM,81,89,29.7,Clear,0,0,0,0,0,4,2
7/5/2023,1:30 AM,81,89,29.7,Clear,0,0,0,0,0,4,2
7/5/2023,2:00 AM,79,94,29.7,Clear,0,0,0,0,0,3,2
7/5/2023,2:30 AM,79,94,29.7,Clear,0,0,0,0,1,3,2
7/5/2023,3:00 AM,79,94,29.7,Clear,0,0,0,0,1,3,2
7/5/2023,3:30 AM,79,94,29.67,Clear,0,0,0,0,0,4,3
7/5/2023,4:00 AM,79,94,29.67,Clear,0,0,0,0,0,3,3
7/5/2023,4:30 AM,79,94,29.67,Clear,0,0,0,0,1,3,3
7/5/2023,5:00 AM,79,94,29.67,Clear,0,0,0,0,2,14,2
7/5/2023,5:30 AM,79,94,29.67,Clear,0,0,0,0,3,15,2
7/5/2023,6:00 AM,79,94,29.67,Clear,0,0,0,0,3,13,2
7/5/2023,6:30 AM,79,94,29.67,Clear,0,0,0,0,3,14,2
7/5/2023,7:00 AM,79,94,29.7,Clear,0,0,0,0,3,12,2
7/5/2023,7:30 AM,81,89,29.7,Clear,0,0,0,0,3,16,2
7/5/2023,8:00 AM,84,84,29.7,Clear,0,0,0,0,3,13,2
7/5/2023,8:30 AM,86,79,29.7,Clear,0,0,0,0,3,14,1
7/5/2023,9:00 AM,86,74,29.73,Clear,0,0,0,0,2,7,2
7/5/2023,9:30 AM,86,74,29.73,Clear,0,0,0,0,2,7,2
7/5/2023,10:00 AM,90,62,29.73,Clear,0,0,0,0,2,6,2
7/5/2023,10:30 AM,88,66,29.73,Clear,0,0,0,0,2,7,2
7/5/2023,11:00 AM,90,66,29.73,Clear,0,0,0,0,2,6,2
7/5/2023,11:30 AM,90,62,29.7,Clear,0,0,0,0,2,5,2
7/5/2023,12:00 PM,90,62,29.7,Clear,0,0,0,0,2,5,1
7/5/2023,12:30 PM,91,52,29.7,Clear,0,0,0,0,2,7,1
7/5/2023,1:00 PM,93,52,29.7,Clear,0,0,0,0,2,7,2
7/5/2023,1:30 PM,93,52,29.67,Clear,0,0,0,0,2,5,2
7/5/2023,2:00 PM,93,49,29.67,Clear,0,0,0,0,2,6,2
7/5/2023,2:30 PM,95,47,29.67,Clear,0,0,0,0,2,6,1
7/5/2023,3:00 PM,93,52,29.64,Clear,0,0,0,0,2,5,2
7/5/2023,3:30 PM,93,52,29.64,Clear,0,0,0,0,2,6,1
7/5/2023,4:00 PM,93,52,29.61,Clear,0,0,0,0,3,14,2
7/5/2023,4:30 PM,93,56,29.61,Clear,0,0,0,0,3,14,2
7/5/2023,5:00 PM,91,55,29.61,Clear,0,0,0,0,2,14,2
7/5/2023,5:30 PM,90,59,29.61,Rain,0,0,0,0,2,14,2
7/5/2023,6:00 PM,90,59,29.64,Rain,0,0,0,0,2,17,2
7/5/2023,6:30 PM,88,66,29.64,Rain,0,0,0,0,2,14,2
7/5/2023,7:00 PM,86,58,29.67,Clear,0,0,0,0,3,12,2
7/5/2023,7:30 PM,84,66,29.67,Clear,0,0,0,0,3,13,2
7/5/2023,8:00 PM,82,74,29.67,Clear,0,0,0,0,2,7,2
7/5/2023,8:30 PM,81,79,29.7,Clear,0,0,0,0,2,8,2
7/5/2023,9:00 PM,81,79,29.7,Clear,0,0,0,0,2,8,2
7/5/2023,9:30 PM,81,79,29.73,Clear,0,0,0,0,2,9,2
7/5/2023,10:00 PM,79,89,29.73,Clear,0,0,0,0,2,8,2
7/5/2023,10:30 PM,79,83,29.73,Clear,0,0,0,0,2,7,2
7/5/2023,11:00 PM,79,83,29.76,Clear,0,0,0,0,2,8,1
7/5/2023,11:30 PM,79,83,29.76,Clear,0,0,0,0,2,7,2
7/6/2023,12:00 AM,77,89,29.76,Clear,0,0,0,0,0,3,2
7/6/2023,12:30 AM,77,89,29.76,Clear,0,0,0,0,0,3,2
7/6/2023,1:00 AM,79,83,29.73,Clear,0,0,0,0,0,3,2
7/6/2023,1:30 AM,77,89,29.73,Clear,0,0,0,0,0,3,2
7/6/2023,2:00 AM,79,83,29.73,Clear,0,0,0,0,0,3,2
7/6/2023,2:30 AM,79,83,29.73,Clear,0,0,0,0,0,3,3
7/6/2023,3:00 AM,77,89,29.7,Clear,0,0,0,0,0,3,2
7/6/2023,3:30 AM,77,89,29.7,Clear,0,0,0,0,0,4,2
7/6/2023,4:00 AM,77,89,29.7,Clear,0,0,0,0,0,3,2
7/6/2023,4:30 AM,77,89,29.7,Clear,0,0,0,0,0,3,2
7/6/2023,5:00 AM,77,94,29.7,Clear,0,0,0,0,3,14,1
7/6/2023,5:30 AM,77,94,29.7,Clear,0,0,0,0,3,12,2
7/6/2023,6:00 AM,77,94,29.73,Clear,0,0,0,0,3,15,2
7/6/2023,6:30 AM,77,94,29.73,Clear,0,0,0,0,3,13,2
7/6/2023,7:00 AM,77,94,29.73,Clear,0,0,0,0,3,15,2
7/6/2023,7:30 AM,79,89,29.73,Clear,0,0,0,0,2,15,2
7/6/2023,8:00 AM,81,84,29.73,Clear,0,0,0,0,3,14,2
7/6/2023,8:30 AM,82,84,29.73,Clear,0,0,0,0,3,15,2
7/6/2023,9:00 AM,84,74,29.76,Clear,0,0,0,0,2,7,2
7/6/2023,9:30 AM,86,66,29.76,Clear,0,0,0,0,2,6,1
7/6/2023,10:00 AM,88,58,29.76,Clear,0,0,0,0,2,7,2
7/6/2023,10:30 AM,90,55,29.76,Clear,0,0,0,0,2,6,2
7/6/2023,11:00 AM,90,55,29.76,Clear,0,0,0,0,3,7,2
7/6/2023,11:30 AM,91,55,29.76,Clear,0,0,0,0,2,6,2
7/6/2023,12:00 PM,91,52,29.73,Clear,0,0,0,0,2,7,2
7/6/2023,12:30 PM,91,55,29.73,Clear,0,0,0,0,2,6,1
7/6/2023,1:00 PM,91,52,29.7,Clear,0,0,0,0,2,7,2
7/6/2023,1:30 PM,93,52,29.7,Clear,0,0,0,0,2,7,2
7/6/2023,2:00 PM,93,52,29.67,Clear,0,0,0,0,2,7,2
7/6/2023,2:30 PM,95,47,29.67,Clear,0,0,0,0,2,6,1
7/6/2023,3:00 PM,93,49,29.67,Clear,0,0,0,0,2,5,2
7/6/2023,3:30 PM,95,49,29.67,Clear,0,0,0,0,2,7,1
7/6/2023,4:00 PM,95,49,29.64,Clear,0,0,0,0,3,13,2
7/6/2023,4:30 PM,93,52,29.64,Clear,0,0,0,0,3,12,2
7/6/2023,5:00 PM,91,55,29.64,Clear,0,0,0,0,3,14,2
7/6/2023,5:30 PM,91,55,29.64,Clear,0,0,0,0,3,13,3
7/6/2023,6:00 PM,90,59,29.64,Clear,0,0,0,0,3,14,2
7/6/2023,6:30 PM,88,62,29.67,Clear,0,0,0,0,3,11,2
7/6/2023,7:00 PM,88,62,29.67,Clear,0,0,0,0,3,13,2
7/6/2023,7:30 PM,86,66,29.7,Clear,0,0,0,0,3,14,2
7/6/2023,8:00 PM,86,66,29.7,Clear,0,0,0,0,1,9,2
7/6/2023,8:30 PM,84,70,29.73,Clear,0,0,0,0,2,8,2
7/6/2023,9:00 PM,82,74,29.73,Clear,0,0,0,0,1,8,1
7/6/2023,9:30 PM,82,79,29.73,Clear,0,0,0,0,2,8,2
7/6/2023,10:00 PM,81,84,29.73,Clear,0,0,0,0,2,8,1
7/6/2023,10:30 PM,81,84,29.76,Clear,0,0,0,0,2,6,2
7/6/2023,11:00 PM,81,84,29.76,Clear,0,0,0,0,2,8,2
7/6/2023,11:30 PM,81,84,29.76,Clear,0,0,0,0,1,7,2
7/7/2023,12:00 AM,81,84,29.76,Clear,0,0,0,0,0,4,2
7/7/2023,12:30 AM,81,84,29.76,Clear,0,0,0,0,0,3,3
7/7/2023,1:00 AM,79,89,29.76,Clear,0,0,0,0,0,3,2
7/7/2023,1:30 AM,79,89,29.73,Clear,0,0,0,0,1,4,2
7/7/2023,2:00 AM,79,89,29.73,Clear,0,0,0,0,0,3,2
7/7/2023,2:30 AM,79,89,29.73,Clear,0,0,0,0,0,3,2
7/7/2023,3:00 AM,79,89,29.73,Clear,0,0,0,0,0,3,2
7/7/2023,3:30 AM,77,94,29.73,Clear,0,0,0,0,0,3,2
7/7/2023,4:00 AM,77,94,29.73,Clear,0,0,0,0,1,3,2
7/7/2023,4:30 AM,77,94,29.7,Clear,0,0,0,0,0,3,2
7/7/2023,5:00 AM,77,94,29.7,Clear,0,0,0,0,3,15,2
7/7/2023,5:30 AM,77,94,29.7,Clear,0,0,0,0,3,16,2
7/7/2023,6:00 AM,77,94,29.7,Clear,0,0,0,0,3,14,2
7/7/2023,6:30 AM,77,94,29.7,Clear,0,0,0,0,3,13,2
7/7/2023,7:00 AM,79,89,29.73,Clear,0,0,0,0,3,13,2
7/7/2023,7:30 AM,81,84,29.73,Clear,0,0,0,0,3,11,2
7/7/2023,8:00 AM,82,84,29.73,Clear,0,0,0,0,3,14,2
7/7/2023,8:30 AM,84,74,29.76,Clear,0,0,0,0,3,15,1
7/7/2023,9:00 AM,86,70,29.76,Clear,0,0,0,0,2,6,2
7/7/2023,9:30 AM,88,62,29.73,Clear,0,0,0,0,2,7,2
7/7/2023,10:00 AM,90,62,29.76,Clear,0,0,0,0,2,7,2
7/7/2023,10:30 AM,91,59,29.76,Clear,0,0,0,0,2,7,2
7/7/2023,11:00 AM,90,59,29.73,Clear,0,0,0,0,2,7,2
7/7/2023,11:30 AM,91,59,29.73,Clear,0,0,0,0,2,6,2
7/7/2023,12:00 PM,93,52,29.73,Clear,0,0,0,0,2,7,2
7/7/2023,12:30 PM,93,56,29.7,Clear,0,0,0,0,2,6,1
7/7/2023,1:00 PM,91,55,29.7,Clear,0,0,0,0,2,7,2
7/7/2023,1:30 PM,90,66,29.67,Rain,0,0,0,0,1,7,2
7/7/2023,2:00 PM,91,59,29.67,Rain,0,0,0,0,1,8,2
7/7/2023,2:30 PM,91,59,29.67,Rain,0,0,0,0,1,8,1
7/7/2023,3:00 PM,88,66,29.64,Rain,0,0,0,0,1,7,2
7/7/2023,3:30 PM,86,70,29.64,Clear,0,0,0,0,2,7,1
7/7/2023,4:00 PM,86,70,29.64,Rain,0,0,0,0,2,13,2
7/7/2023,4:30 PM,84,74,29.64,Clear,0,0,0,0,3,14,2
7/7/2023,5:00 PM,84,79,29.67,Rain,0,0,0,0,2,13,2
7/7/2023,5:30 PM,84,74,29.64,Clear,0,0,0,0,3,15,2
7/7/2023,6:00 PM,84,74,29.67,Clear,0,0,0,0,3,13,2
7/7/2023,6:30 PM,82,79,29.67,Clear,0,0,0,0,3,15,2
7/7/2023,7:00 PM,82,84,29.67,Clear,0,0,0,0,3,12,3
7/7/2023,7:30 PM,82,84,29.67,Clear,0,0,0,0,3,16,2
7/7/2023,8:00 PM,81,89,29.7,Clear,0,0,0,0,2,7,2
7/7/2023,8:30 PM,81,89,29.7,Clear,0,0,0,0,2,6,2
7/7/2023,9:00 PM,81,89,29.73,Clear,0,0,0,0,1,6,2
7/7/2023,9:30 PM,81,89,29.73,Clear,0,0,0,0,2,8,1
7/7/2023,10:00 PM,81,89,29.76,Clear,0,0,0,0,2,8,2
7/7/2023,10:30 PM,81,89,29.76,Clear,0,0,0,0,2,7,2
7/7/2023,11:00 PM,81,89,29.76,Clear,0,0,0,0,2,7,2
7/7/2023,11:30 PM,81,89,29.76,Clear,0,0,0,0,2,8,2
7/8/2023,12:00 AM,81,89,29.76,Clear,0,0,0,0,1,3,2
7/8/2023,12:30 AM,81,89,29.73,Clear,0,0,0,0,0,3,2
7/8/2023,1:00 AM,81,89,29.73,Clear,0,0,0,0,1,3,2
7/8/2023,1:30 AM,81,89,29.73,Clear,0,0,0,0,0,4,2
7/8/2023,2:00 AM,79,94,29.73,Clear,0,0,0,0,1,3,2
7/8/2023,2:30 AM,79,94,29.7,Clear,0,0,0,0,0,3,2
7/8/2023,3:00 AM,79,94,29.7,Clear,0,0,0,0,0,3,2
7/8/2023,3:30 AM,79,94,29.7,Clear,0,0,0,0,0,3,2
7/8/2023,4:00 AM,81,89,29.7,Clear,0,0,0,0,0,3,2
7/8/2023,4:30 AM,81,89,29.7,Clear,0,0,0,0,0,3,2
7/8/2023,5:00 AM,81,84,29.7,Clear,0,0,0,0,3,15,2
7/8/2023,5:30 AM,79,89,29.7,Clear,0,0,0,0,3,13,2
7/8/2023,6:00 AM,79,89,29.7,Clear,0,0,0,0,3,16,2
7/8/2023,6:30 AM,79,89,29.73,Clear,0,0,0,0,2,15,2
7/8/2023,7:00 AM,81,89,29.73,Clear,0,0,0,0,3,13,2
7/8/2023,7:30 AM,82,84,29.73,Clear,0,0,0,0,3,15,2
7/8/2023,8:00 AM,84,79,29.73,Clear,0,0,0,0,3,15,2
7/8/2023,8:30 AM,84,79,29.73,Clear,0,0,0,0,3,11,2
7/8/2023,9:00 AM,86,74,29.73,Clear,0,0,0,0,2,7,2
7/8/2023,9:30 AM,88,66,29.73,Clear,0,0,0,0,2,7,2
7/8/2023,10:00 AM,90,62,29.73,Clear,0,0,0,0,2,5,2
7/8/2023,10:30 AM,90,62,29.73,Clear,0,0,0,0,2,6,2
7/8/2023,11:00 AM,91,55,29.73,Clear,0,0,0,0,2,7,2
7/8/2023,11:30 AM,91,55,29.73,Clear,0,0,0,0,2,7,2
7/8/2023,12:00 PM,91,59,29.7,Clear,0,0,0,0,2,7,1
7/8/2023,12:30 PM,91,59,29.7,Clear,0,0,0,0,2,6,1
7/8/2023,1:00 PM,93,56,29.7,Clear,0,0,0,0,2,6,1
7/8/2023,1:30 PM,90,62,29.67,Clear,0,0,0,0,2,6,2
7/8/2023,2:00 PM,90,66,29.64,Clear,0,0,0,0,2,7,2
7/8/2023,2:30 PM,90,62,29.64,Rain,0,0,0,0,1,7,1
7/8/2023,3:00 PM,90,62,29.64,Rain,0,0,0,0,1,7,2
7/8/2023,3:30 PM,88,62,29.64,Rain,0,0,0,0,1,8,2
7/8/2023,4:00 PM,82,79,29.64,Rain,0,0,0,0,2,15,2
7/8/2023,4:30 PM,84,74,29.64,Rain,0,0,0,0,2,16,2
7/8/2023,5:00 PM,81,84,29.64,Clear,0,0,0,0,3,14,2
7/8/2023,5:30 PM,82,79,29.67,Clear,0,0,0,0,3,15,2
7/8/2023,6:00 PM,82,79,29.67,Clear,0,0,0,0,3,12,2
7/8/2023,6:30 PM,81,84,29.67,Clear,0,0,0,0,3,11,3
7/8/2023,7:00 PM,81,84,29.67,Clear,0,0,0,0,3,17,2
7/8/2023,7:30 PM,81,84,29.7,Clear,0,0,0,0,2,15,2
7/8/2023,8:00 PM,79,83,29.7,Clear,0,0,0,0,1,7,2
7/8/2023,8:30 PM,81,79,29.7,Clear,0,0,0,0,2,6,2
7/8/2023,9:00 PM,81,84,29.7,Clear,0,0,0,0,2,9,1
7/8/2023,9:30 PM,79,89,29.73,Rain,0,0,0,0,1,8,1
7/8/2023,10:00 PM,79,89,29.73,Rain,0,0,0,0,1,9,2
7/8/2023,10:30 PM,79,89,29.76,Clear,0,0,0,0,1,10,2
7/8/2023,11:00 PM,79,89,29.76,Clear,0,0,0,0,2,7,2
7/8/2023,11:30 PM,79,89,29.76,Clear,0,0,0,0,2,6,1
7/9/2023,12:00 AM,79,89,29.73,Clear,0,0,0,0,0,3,2
7/9/2023,12:30 AM,79,89,29.73,Clear,0,0,0,0,0,3,2
7/9/2023,1:00 AM,79,89,29.73,Clear,0,0,0,0,0,4,2
7/9/2023,1:30 AM,79,89,29.7,Clear,0,0,0,0,0,3,2
7/9/2023,2:00 AM,79,89,29.7,Clear,0,0,0,0,1,3,2
7/9/2023,2:30 AM,79,89,29.7,Clear,0,0,0,0,0,3,2
7/9/2023,3:00 AM,77,94,29.7,Clear,0,0,0,0,0,3,2
7/9/2023,3:30 AM,75,94,29.7,Rain,0,0,0,0,0,3,2
7/9/2023,4:00 AM,75,100,29.7,Rain,0,0,0,0,0,3,2
7/9/2023,4:30 AM,75,100,29.7,Rain,0,0,0,0,0,3,2
7/9/2023,5:00 AM,75,94,29.73,Clear,0,0,0,0,3,12,2
7/9/2023,5:30 AM,75,94,29.73,Clear,0,0,0,0,3,12,2
7/9/2023,6:00 AM,75,100,29.73,Rain,0,0,0,0,2,15,2
7/9/2023,6:30 AM,75,100,29.73,Rain,0,0,0,0,2,14,2
7/9/2023,7:00 AM,75,94,29.76,Rain,0,0,0,0,2,17,1
7/9/2023,7:30 AM,75,100,29.76,Rain,0,0,0,0,2,17,2
7/9/2023,8:00 AM,75,100,29.76,Rain,0,0,0,0,2,18,1
7/9/2023,8:30 AM,77,94,29.76,Rain,0,0,0,0,2,19,2
7/9/2023,9:00 AM,77,94,29.76,Rain,0,0,0,0,1,7,2
7/9/2023,9:30 AM,77,94,29.76,Clear,0,0,0,0,2,6,2
7/9/2023,10:00 AM,79,89,29.76,Clear,0,0,0,0,2,7,2
7/9/2023,10:30 AM,79,89,29.73,Clear,0,0,0,0,2,7,2
7/9/2023,11:00 AM,81,84,29.73,Clear,0,0,0,0,2,8,2
7/9/2023,11:30 AM,82,79,29.7,Clear,0,0,0,0,2,6,2
7/9/2023,12:00 PM,84,74,29.7,Clear,0,0,0,0,2,6,1
7/9/2023,12:30 PM,84,70,29.67,Clear,0,0,0,0,2,7,2
7/9/2023,1:00 PM,84,70,29.7,Clear,0,0,0,0,2,7,2
7/9/2023,1:30 PM,84,70,29.67,Clear,0,0,0,0,2,6,1
7/9/2023,2:00 PM,86,66,29.67,Clear,0,0,0,0,2,7,1
7/9/2023,2:30 PM,86,66,29.67,Clear,0,0,0,0,2,6,2
7/9/2023,3:00 PM,88,58,29.64,Clear,0,0,0,0,2,7,2
7/9/2023,3:30 PM,86,66,29.64,Clear,0,0,0,0,2,7,2
7/9/2023,4:00 PM,86,66,29.64,Clear,0,0,0,0,3,13,2
7/9/2023,4:30 PM,88,62,29.64,Clear,0,0,0,0,3,12,2
7/9/2023,5:00 PM,88,58,29.64,Clear,0,0,0,0,3,12,2
7/9/2023,5:30 PM,86,62,29.64,Clear,0,0,0,0,2,14,2
7/9/2023,6:00 PM,86,62,29.67,Clear,0,0,0,0,3,11,2
7/9/2023,6:30 PM,84,66,29.67,Clear,0,0,0,0,3,12,2
7/9/2023,7:00 PM,82,70,29.67,Clear,0,0,0,0,3,15,2
7/9/2023,7:30 PM,81,79,29.67,Clear,0,0,0,0,3,15,2
7/9/2023,8:00 PM,81,79,29.7,Clear,0,0,0,0,1,8,2
7/9/2023,8:30 PM,81,79,29.7,Clear,0,0,0,0,2,7,2
7/9/2023,9:00 PM,81,79,29.7,Clear,0,0,0,0,2,7,2
7/9/2023,9:30 PM,79,83,29.73,Clear,0,0,0,0,2,8,2
7/9/2023,10:00 PM,79,83,29.73,Clear,0,0,0,0,2,8,2
7/9/2023,10:30 PM,79,83,29.73,Clear,0,0,0,0,2,7,1
7/9/2023,11:00 PM,77,89,29.73,Clear,0,0,0,0,1,8,2
7/9/2023,11:30 PM,77,89,29.73,Clear,0,0,0,0,2,8,2
7/10/2023,12:00 AM,77,94,29.73,Clear,0,0,0,0,0,2,2
7/10/2023,12:30 AM,77,89,29.73,Clear,0,0,0,0,1,4,2
7/10/2023,1:00 AM,77,94,29.73,Clear,0,0,0,0,0,3,3
7/10/2023,1:30 AM,77,89,29.7,Clear,0,0,0,0,0,3,2
7/10/2023,2:00 AM,77,89,29.7,Clear,0,0,0,0,0,3,2
7/10/2023,2:30 AM,77,94,29.7,Clear,0,0,0,0,0,4,3
7/10/2023,3:00 AM,77,89,29.7,Clear,0,0,0,0,0,3,2
7/10/2023,3:30 AM,77,94,29.67,Clear,0,0,0,0,1,3,2
7/10/2023,4:00 AM,77,94,29.67,Clear,0,0,0,0,0,3,3
7/10/2023,4:30 AM,77,94,29.67,Clear,0,0,0,0,0,3,3
7/10/2023,5:00 AM,77,94,29.67,Clear,0,0,0,0,3,17,2
7/10/2023,5:30 AM,75,94,29.7,Clear,0,0,0,0,3,15,2
7/10/2023,6:00 AM,75,100,29.7,Clear,0,0,0,0,3,15,2
7/10/2023,6:30 AM,77,94,29.7,Clear,0,0,0,0,3,14,2
7/10/2023,7:00 AM,77,94,29.7,Clear,0,0,0,0,3,15,2
7/10/2023,7:30 AM,79,89,29.73,Clear,0,0,0,0,3,15,2
7/10/2023,8:00 AM,81,84,29.73,Clear,0,0,0,0,3,16,2
7/10/2023,8:30 AM,81,84,29.73,Clear,0,0,0,0,3,16,1
7/10/2023,9:00 AM,82,79,29.73,Clear,0,0,0,0,2,6,1
7/10/2023,9:30 AM,84,74,29.73,Clear,0,0,0,0,2,6,2
7/10/2023,10:00 AM,84,79,29.73,Clear,0,0,0,0,2,7,2
7/10/2023,10:30 AM,88,70,29.73,Clear,0,0,0,0,2,6,2
7/10/2023,11:00 AM,88,62,29.73,Clear,0,0,0,0,2,7,2
7/10/2023,11:30 AM,90,62,29.7,Clear,0,0,0,0,2,6,2
7/10/2023,12:00 PM,90,59,29.7,Clear,0,0,0,0,2,6,2
7/10/2023,12:30 PM,91,55,29.67,Clear,0,0,0,0,2,6,2
7/10/2023,1:00 PM,90,59,29.67,Clear,0,0,0,0,2,6,2
7/10/2023,1:30 PM,91,55,29.67,Clear,0,0,0,0,2,6,2
7/10/2023,2:00 PM,93,49,29.64,Clear,0,0,0,0,2,8,2
7/10/2023,2:30 PM,91,55,29.64,Clear,0,0,0,0,2,7,2
7/10/2023,3:00 PM,93,52,29.64,Clear,0,0,0,0,2,8,2
7/10/2023,3:30 PM,91,55,29.61,Clear,0,0,0,0,2,7,1
7/10/2023,4:30 PM,88,70,29.61,Rain,0,0,0,0,2,15,3
7/10/2023,5:00 PM,86,74,29.61,Clear,0,0,0,0,3,13,2
7/10/2023,5:30 PM,88,75,29.61,Clear,0,0,0,0,3,15,2
7/10/2023,6:00 PM,88,70,29.64,Clear,0,0,0,0,4,14,2
7/10/2023,6:30 PM,86,74,29.64,Rain,0,0,0,0,2,15,2
7/10/2023,7:00 PM,82,84,29.67,Clear,0,0,0,0,3,13,2
7/10/2023,7:30 PM,82,84,29.7,Rain,0,0,0,0,2,13,2
7/10/2023,8:00 PM,81,89,29.7,Rain,0,0,0,0,1,7,2
7/10/2023,8:30 PM,79,94,29.73,Rain,0,0,0,0,1,9,2
7/10/2023,9:00 PM,79,94,29.73,Rain,0,0,0,0,1,8,2
7/10/2023,9:30 PM,77,94,29.76,Rain,0,0,0,0,1,10,2
7/10/2023,10:00 PM,77,94,29.76,Rain,0,0,0,0,1,7,2
7/10/2023,10:30 PM,77,94,29.76,Rain,0,0,0,0,1,9,2
7/10/2023,11:00 PM,77,94,29.76,Rain,0,0,0,0,1,10,2
7/10/2023,11:30 PM,77,94,29.76,Rain,0,0,0,0,1,7,2
7/11/2023,12:00 AM,77,94,29.73,Rain,0,0,0,0,0,3,2
7/11/2023,12:30 AM,77,94,29.73,Rain,0,0,0,0,0,3,2
7/11/2023,1:00 AM,77,94,29.73,Clear,0,0,0,0,0,3,2
7/11/2023,1:30 AM,77,94,29.7,Clear,0,0,0,0,0,3,2
7/11/2023,2:00 AM,77,94,29.7,Clear,0,0,0,0,1,3,2
7/11/2023,2:30 AM,77,94,29.7,Clear,0,0,0,0,0,3,2
7/11/2023,3:00 AM,77,94,29.7,Clear,0,0,0,0,1,3,2
7/11/2023,3:30 AM,77,94,29.7,Clear,0,0,0,0,0,2,2
7/11/2023,4:00 AM,77,94,29.7,Clear,0,0,0,0,0,3,2
7/11/2023,4:30 AM,75,100,29.7,Mist,0,0,0,0,0,3,2
7/11/2023,5:00 AM,75,100,29.7,Mist,0,0,0,0,3,13,2
7/11/2023,5:30 AM,75,100,29.73,Mist,0,0,0,0,3,13,2
7/11/2023,6:00 AM,75,100,29.73,Clear,0,0,0,0,3,14,2
7/11/2023,6:30 AM,75,100,29.73,Clear,0,0,0,0,3,11,2
7/11/2023,7:00 AM,75,100,29.73,Mist,0,0,0,0,3,13,2
7/11/2023,7:30 AM,77,100,29.76,Clear,0,0,0,0,3,16,1
7/11/2023,8:00 AM,79,94,29.76,Clear,0,0,0,0,3,14,2
7/11/2023,8:30 AM,81,89,29.76,Clear,0,0,0,0,3,13,2
7/11/2023,9:00 AM,82,84,29.76,Clear,0,0,0,0,2,7,1
7/11/2023,9:30 AM,82,79,29.76,Clear,0,0,0,0,2,7,2
7/11/2023,10:00 AM,84,74,29.76,Clear,0,0,0,0,2,7,1
7/11/2023,10:30 AM,86,70,29.76,Clear,0,0,0,0,2,7,2
7/11/2023,11:00 AM,86,70,29.76,Clear,0,0,0,0,2,6,2
7/11/2023,11:30 AM,88,66,29.73,Clear,0,0,0,0,2,6,2
7/11/2023,12:00 PM,88,62,29.73,Clear,0,0,0,0,2,6,2
7/11/2023,12:30 PM,90,62,29.7,Clear,0,0,0,0,2,6,2
7/11/2023,1:00 PM,90,62,29.7,Clear,0,0,0,0,2,7,2
7/11/2023,1:30 PM,90,62,29.7,Clear,0,0,0,0,2,7,2
7/11/2023,2:00 PM,90,62,29.67,Clear,0,0,0,0,2,7,2
7/11/2023,2:30 PM,84,79,29.67,Rain,0,0,0,0,1,7,2
7/11/2023,3:00 PM,86,74,29.67,Clear,0,0,0,0,2,6,1
7/11/2023,3:30 PM,90,62,29.64,Clear,0,0,0,0,2,7,2
7/11/2023,4:00 PM,90,59,29.64,Clear,0,0,0,0,3,13,2
7/11/2023,4:30 PM,90,59,29.64,Clear,0,0,0,0,3,13,2
7/11/2023,5:00 PM,90,59,29.64,Clear,0,0,0,0,3,12,2
7/11/2023,5:30 PM,90,59,29.64,Clear,0,0,0,0,2,12,2
7/11/2023,6:00 PM,88,58,29.64,Clear,0,0,0,0,3,13,3
7/11/2023,6:30 PM,88,55,29.64,Clear,0,0,0,0,2,12,2
7/11/2023,7:00 PM,86,62,29.67,Clear,0,0,0,0,3,13,2
7/11/2023,7:30 PM,86,58,29.67,Clear,0,0,0,0,3,14,2
7/11/2023,8:00 PM,84,66,29.7,Clear,0,0,0,0,2,9,1
7/11/2023,8:30 PM,82,70,29.7,Clear,0,0,0,0,2,8,2
7/11/2023,9:00 PM,82,70,29.73,Clear,0,0,0,0,2,7,2
7/11/2023,9:30 PM,81,74,29.73,Clear,0,0,0,0,1,8,2
7/11/2023,10:00 PM,81,74,29.73,Clear,0,0,0,0,2,9,2
7/11/2023,10:30 PM,81,74,29.73,Clear,0,0,0,0,2,7,2
7/11/2023,11:00 PM,79,78,29.73,Clear,0,0,0,0,2,8,2
7/11/2023,11:30 PM,79,78,29.73,Clear,0,0,0,0,2,8,2
7/12/2023,12:00 AM,79,83,29.73,Clear,0,0,0,0,1,3,2
7/12/2023,12:30 AM,79,83,29.73,Clear,0,0,0,0,0,3,2
7/12/2023,1:00 AM,77,83,29.73,Clear,0,0,0,0,0,3,2
7/12/2023,1:30 AM,77,89,29.73,Clear,0,0,0,0,1,3,2
7/12/2023,2:00 AM,77,89,29.7,Clear,0,0,0,0,0,2,2
7/12/2023,2:30 AM,77,89,29.7,Clear,0,0,0,0,0,3,2
7/12/2023,3:00 AM,77,89,29.7,Clear,0,0,0,0,0,3,2
7/12/2023,3:30 AM,77,89,29.7,Clear,0,0,0,0,0,3,2
7/12/2023,4:00 AM,77,89,29.7,Clear,0,0,0,0,1,3,2
7/12/2023,4:30 AM,77,89,29.7,Clear,0,0,0,0,0,3,3
7/12/2023,5:00 AM,75,94,29.7,Clear,0,0,0,0,3,13,2
7/12/2023,5:30 AM,77,94,29.7,Clear,0,0,0,0,3,14,2
7/12/2023,6:00 AM,77,94,29.7,Clear,0,0,0,0,3,12,2
7/12/2023,6:30 AM,77,94,29.73,Clear,0,0,0,0,3,15,2
7/12/2023,7:00 AM,77,94,29.73,Clear,0,0,0,0,3,17,2
7/12/2023,7:30 AM,77,94,29.73,Clear,0,0,0,0,2,13,2
7/12/2023,8:00 AM,79,89,29.73,Clear,0,0,0,0,2,12,2
7/12/2023,8:30 AM,79,94,29.73,Clear,0,0,0,0,3,13,2
7/12/2023,9:00 AM,84,79,29.76,Clear,0,0,0,0,2,7,2
7/12/2023,9:30 AM,86,70,29.76,Clear,0,0,0,0,2,7,1
7/12/2023,10:00 AM,88,62,29.76,Clear,0,0,0,0,2,7,1
7/12/2023,10:30 AM,88,62,29.76,Clear,0,0,0,0,2,7,2
7/12/2023,11:00 AM,91,55,29.73,Clear,0,0,0,0,2,7,2
7/12/2023,11:30 AM,91,59,29.73,Clear,0,0,0,0,2,6,2
7/12/2023,12:00 PM,90,59,29.73,Clear,0,0,0,0,2,8,2
7/12/2023,12:30 PM,90,59,29.73,Clear,0,0,0,0,2,7,1
7/12/2023,1:00 PM,91,52,29.7,Clear,0,0,0,0,2,8,2
7/12/2023,1:30 PM,91,52,29.7,Rain,0,0,0,0,1,7,2
7/12/2023,2:00 PM,88,66,29.67,Rain,0,0,0,0,1,7,2
7/12/2023,2:30 PM,91,55,29.67,Clear,0,0,0,0,2,7,2
7/12/2023,3:00 PM,93,49,29.64,Clear,0,0,0,0,2,7,1
7/12/2023,3:30 PM,95,47,29.64,Clear,0,0,0,0,2,8,2
7/12/2023,4:00 PM,93,49,29.64,Clear,0,0,0,0,3,16,2
7/12/2023,4:30 PM,93,56,29.64,Rain,0,0,0,0,2,17,2
7/12/2023,5:00 PM,91,52,29.64,Rain,0,0,0,0,2,13,2
7/12/2023,5:30 PM,90,59,29.64,Rain,0,0,0,0,2,19,2
7/12/2023,6:00 PM,88,66,29.64,Clear,0,0,0,0,3,14,2
7/12/2023,6:30 PM,88,66,29.67,Clear,0,0,0,0,3,13,2
7/12/2023,7:00 PM,86,74,29.67,Clear,0,0,0,0,3,14,2
7/12/2023,7:30 PM,82,79,29.7,Rain,0,0,0,0,2,13,2
7/12/2023,8:00 PM,81,89,29.7,Rain,0,0,0,0,1,10,2
7/12/2023,8:30 PM,81,89,29.73,Clear,0,0,0,0,2,8,1
7/12/2023,9:00 PM,81,89,29.73,Clear,0,0,0,0,2,8,2
7/12/2023,9:30 PM,79,94,29.73,Clear,0,0,0,0,2,8,2
7/12/2023,10:00 PM,79,94,29.73,Clear,0,0,0,0,2,9,2
7/12/2023,10:30 PM,79,89,29.76,Clear,0,0,0,0,2,8,2
7/12/2023,11:00 PM,79,94,29.76,Clear,0,0,0,0,2,7,2
7/12/2023,11:30 PM,79,94,29.76,Clear,0,0,0,0,2,8,2
07/13/2023,12:00 AM,79,94,29.76,Clear,0,0,0,0,0,3,2
07/13/2023,12:30 AM,79,89,29.76,Clear,0,0,0,0,0,3,2
07/13/2023,1:00 AM,79,89,29.76,Clear,0,0,0,0,0,4,2
07/13/2023,1:30 AM,79,89,29.73,Clear,0,0,0,0,0,3,2
07/13/2023,2:00 AM,77,94,29.73,Clear,0,0,0,0,0,3,2
07/13/2023,2:30 AM,79,89,29.73,Clear,0,0,0,0,1,3,2
07/13/2023,3:00 AM,77,94,29.73,Clear,0,0,0,0,0,3,3
07/13/2023,3:30 AM,77,94,29.73,Clear,0,0,0,0,1,3,2
07/13/2023,4:00 AM,77,94,29.73,Clear,0,0,0,0,0,3,2
07/13/2023,4:30 AM,79,89,29.73,Clear,0,0,0,0,0,3,2
07/13/2023,5:00 AM,77,94,29.73,Clear,0,0,0,0,3,13,1
07/13/2023,5:30 AM,77,94,29.73,Clear,0,0,0,0,3,14,2
07/13/2023,6:00 AM,77,94,29.73,Clear,0,0,0,0,3,13,2
07/13/2023,6:30 AM,77,94,29.73,Clear,0,0,0,0,3,12,1
07/13/2023,7:00 AM,79,89,29.73,Clear,0,0,0,0,2,14,2
07/13/2023,7:30 AM,81,89,29.76,Clear,0,0,0,0,3,11,2
07/13/2023,8:00 AM,82,84,29.76,Clear,0,0,0,0,3,13,2
07/13/2023,8:30 AM,84,79,29.76,Clear,0,0,0,0,3,13,2
07/13/2023,9:00 AM,86,70,29.76,Clear,0,0,0,0,2,7,2
07/13/2023,9:30 AM,86,70,29.79,Clear,0,0,0,0,2,7,2
07/13/2023,10:00 AM,88,66,29.76,Clear,0,0,0,0,2,7,1
07/13/2023,10:30 AM,90,59,29.76,Clear,0,0,0,0,2,6,2
07/13/2023,11:00 AM,91,59,29.76,Clear,0,0,0,0,2,6,2
07/13/2023,11:30 AM,91,55,29.76,Clear,0,0,0,0,2,6,1
07/13/2023,12:00 PM,91,55,29.73,Clear,0,0,0,0,2,7,2
07/13/2023,12:30 PM,90,59,29.73,Clear,0,0,0,0,2,5,2
07/13/2023,1:00 PM,91,55,29.7,Clear,0,0,0,0,2,6,1
07/13/2023,1:30 PM,91,52,29.7,Clear,0,0,0,0,2,7,2
07/13/2023,2:00 PM,91,55,29.67,Clear,0,0,0,0,2,7,2
07/13/2023,2:30 PM,90,62,29.67,Clear,0,0,0,0,2,8,2
07/13/2023,3:00 PM,88,62,29.67,Clear,0,0,0,0,2,7,2
07/13/2023,3:30 PM,88,62,29.64,Clear,0,0,0,0,2,6,1
07/13/2023,4:00 PM,90,62,29.64,Clear,0,0,0,0,3,14,3
07/13/2023,4:30 PM,88,62,29.64,Clear,0,0,0,0,3,10,2
07/13/2023,5:00 PM,88,66,29.64,Clear,0,0,0,0,3,13,2
07/13/2023,5:30 PM,88,66,29.67,Clear,0,0,0,0,3,14,2
07/13/2023,6:00 PM,86,70,29.67,Clear,0,0,0,0,3,12,2
07/13/2023,6:30 PM,86,70,29.67,Clear,0,0,0,0,4,14,2
07/13/2023,7:00 PM,84,74,29.67,Clear,0,0,0,0,3,15,2
07/13/2023,7:30 PM,84,70,29.7,Clear,0,0,0,0,3,13,2
07/13/2023,8:00 PM,84,74,29.73,Clear,0,0,0,0,2,8,2
07/13/2023,8:30 PM,82,79,29.73,Clear,0,0,0,0,2,7,1
07/13/2023,9:00 PM,82,79,29.76,Clear,0,0,0,0,2,9,2
07/13/2023,9:30 PM,82,79,29.79,Clear,0,0,0,0,2,8,2
07/13/2023,10:00 PM,81,84,29.79,Clear,0,0,0,0,2,7,2
07/13/2023,10:30 PM,81,84,29.79,Clear,0,0,0,0,2,7,2
07/13/2023,11:00 PM,81,84,29.79,Clear,0,0,0,0,2,8,2
07/13/2023,11:30 PM,81,84,29.79,Clear,0,0,0,0,2,7,1
07/14/2023,12:00 AM,81,84,29.79,Clear,0,0,0,0,0,3,2
07/14/2023,12:30 AM,81,84,29.76,Clear,0,0,0,0,0,4,2
07/14/2023,1:00 AM,79,89,29.76,Clear,0,0,0,0,0,3,2
07/14/2023,1:30 AM,79,89,29.76,Clear,0,0,0,0,0,4,2
07/14/2023,2:00 AM,79,89,29.76,Clear,0,0,0,0,0,3,2
07/14/2023,2:30 AM,79,89,29.76,Clear,0,0,0,0,0,3,2
07/14/2023,3:00 AM,79,89,29.73,Clear,0,0,0,0,1,3,2
07/14/2023,3:30 AM,79,89,29.73,Clear,0,0,0,0,0,3,2
07/14/2023,4:00 AM,79,89,29.7,Clear,0,0,0,0,1,3,2
07/14/2023,4:30 AM,79,89,29.7,Clear,0,0,0,0,0,2,2
07/14/2023,5:00 AM,77,94,29.73,Clear,0,0,0,0,3,13,1
07/14/2023,5:30 AM,77,94,29.73,Clear,0,0,0,0,3,14,2
07/14/2023,6:00 AM,79,83,29.73,Clear,0,0,0,0,3,15,1
07/14/2023,6:30 AM,77,94,29.73,Clear,0,0,0,0,3,14,2
07/14/2023,7:00 AM,79,83,29.76,Clear,0,0,0,0,3,13,2
07/14/2023,7:30 AM,81,84,29.76,Clear,0,0,0,0,3,14,2
07/14/2023,8:00 AM,84,70,29.76,Clear,0,0,0,0,3,13,2
07/14/2023,8:30 AM,84,70,29.76,Clear,0,0,0,0,3,13,2
07/14/2023,9:00 AM,86,66,29.79,Clear,0,0,0,0,2,7,2
07/14/2023,9:30 AM,88,58,29.79,Clear,0,0,0,0,2,6,1
07/14/2023,10:00 AM,88,62,29.76,Clear,0,0,0,0,2,6,1
07/14/2023,10:30 AM,90,59,29.76,Clear,0,0,0,0,2,6,2
07/14/2023,11:00 AM,91,52,29.76,Clear,0,0,0,0,2,7,2
07/14/2023,11:30 AM,91,52,29.76,Clear,0,0,0,0,2,7,2
07/14/2023,12:00 PM,91,52,29.73,Clear,0,0,0,0,2,7,2
07/14/2023,12:30 PM,93,46,29.73,Clear,0,0,0,0,2,6,2
07/14/2023,1:00 PM,91,52,29.73,Clear,0,0,0,0,2,6,2
07/14/2023,1:30 PM,91,52,29.7,Clear,0,0,0,0,2,8,2
07/14/2023,2:00 PM,91,55,29.7,Clear,0,0,0,0,2,7,2
07/14/2023,2:30 PM,93,49,29.67,Clear,0,0,0,0,2,7,1
07/14/2023,3:00 PM,93,52,29.67,Clear,0,0,0,0,2,7,1
07/14/2023,3:30 PM,93,52,29.67,Clear,0,0,0,0,2,6,1
07/14/2023,4:00 PM,90,59,29.67,Clear,0,0,0,0,2,13,2
07/14/2023,4:30 PM,90,59,29.67,Clear,0,0,0,0,3,12,2
07/14/2023,5:00 PM,90,62,29.67,Clear,0,0,0,0,3,14,2
07/14/2023,5:30 PM,86,66,29.67,Clear,0,0,0,0,3,14,2
07/14/2023,6:00 PM,86,66,29.7,Clear,0,0,0,0,3,11,2
07/14/2023,6:30 PM,86,66,29.7,Clear,0,0,0,0,3,14,2
07/14/2023,7:00 PM,84,70,29.7,Clear,0,0,0,0,3,14,2
07/14/2023,7:30 PM,84,74,29.73,Clear,0,0,0,0,3,14,2
07/14/2023,8:00 PM,84,74,29.73,Clear,0,0,0,0,2,8,2
07/14/2023,8:30 PM,82,79,29.73,Clear,0,0,0,0,2,8,2
07/14/2023,9:00 PM,82,79,29.73,Clear,0,0,0,0,1,9,2
07/14/2023,9:30 PM,82,79,29.76,Clear,0,0,0,0,2,6,1
07/14/2023,10:00 PM,82,79,29.76,Clear,0,0,0,0,2,8,2
07/14/2023,10:30 PM,81,84,29.76,Clear,0,0,0,0,2,9,2
07/14/2023,11:00 PM,81,89,29.76,Clear,0,0,0,0,2,7,2
07/14/2023,11:30 PM,81,89,29.76,Clear,0,0,0,0,2,8,2
07/15/2023,12:00 AM,79,94,29.73,Clear,0,0,0,0,0,3,2
07/15/2023,12:30 AM,79,89,29.73,Clear,0,0,0,0,0,3,3
07/15/2023,1:00 AM,81,84,29.73,Clear,0,0,0,0,0,3,3
07/15/2023,1:30 AM,81,84,29.73,Clear,0,0,0,0,0,3,3
07/15/2023,2:00 AM,79,89,29.7,Clear,0,0,0,0,0,3,3
07/15/2023,2:30 AM,79,89,29.7,Clear,0,0,0,0,0,3,2
07/15/2023,3:00 AM,79,89,29.7,Clear,0,0,0,0,0,3,2
07/15/2023,3:30 AM,79,89,29.7,Clear,0,0,0,0,1,3,2
07/15/2023,4:00 AM,77,94,29.7,Clear,0,0,0,0,0,3,2
07/15/2023,4:30 AM,77,94,29.7,Clear,0,0,0,0,1,3,2
07/15/2023,5:00 AM,77,94,29.7,Clear,0,0,0,0,3,14,2
07/15/2023,5:30 AM,77,94,29.7,Clear,0,0,0,0,3,15,2
07/15/2023,6:00 AM,77,94,29.7,Clear,0,0,0,0,3,13,2
07/15/2023,6:30 AM,77,94,29.7,Clear,0,0,0,0,3,15,2
07/15/2023,7:00 AM,77,94,29.73,Clear,0,0,0,0,3,13,2
07/15/2023,7:30 AM,81,84,29.73,Clear,0,0,0,0,3,10,2
07/15/2023,8:00 AM,81,89,29.73,Clear,0,0,0,0,3,13,2
07/15/2023,8:30 AM,84,79,29.73,Clear,0,0,0,0,3,14,2
07/15/2023,9:00 AM,84,79,29.73,Clear,0,0,0,0,2,7,2
07/15/2023,9:30 AM,86,74,29.73,Clear,0,0,0,0,2,8,2
07/15/2023,10:00 AM,88,66,29.73,Clear,0,0,0,0,2,7,1
07/15/2023,10:30 AM,90,62,29.73,Clear,0,0,0,0,2,6,2
07/15/2023,11:00 AM,91,59,29.73,Clear,0,0,0,0,2,5,1
07/15/2023,11:30 AM,91,55,29.7,Clear,0,0,0,0,2,6,2
07/15/2023,12:00 PM,91,59,29.7,Clear,0,0,0,0,2,7,2
07/15/2023,12:30 PM,91,59,29.7,Clear,0,0,0,0,2,6,2
07/15/2023,1:00 PM,91,55,29.67,Clear,0,0,0,0,2,6,2
07/15/2023,1:30 PM,93,56,29.67,Clear,0,0,0,0,2,7,2
07/15/2023,2:00 PM,91,55,29.67,Clear,0,0,0,0,2,7,2
07/15/2023,2:30 PM,93,52,29.64,Clear,0,0,0,0,2,7,2
07/15/2023,3:00 PM,91,55,29.64,Clear,0,0,0,0,2,6,2
07/15/2023,3:30 PM,91,55,29.64,Clear,0,0,0,0,2,7,2
07/15/2023,4:00 PM,91,55,29.64,Clear,0,0,0,0,3,15,2
07/15/2023,4:30 PM,90,59,29.64,Clear,0,0,0,0,3,13,2
07/15/2023,5:00 PM,90,59,29.64,Clear,0,0,0,0,2,13,2
07/15/2023,5:30 PM,88,58,29.67,Clear,0,0,0,0,3,13,2
07/15/2023,6:00 PM,88,62,29.67,Clear,0,0,0,0,3,13,2
07/15/2023,6:30 PM,86,62,29.67,Clear,0,0,0,0,3,13,2
07/15/2023,7:00 PM,86,66,29.67,Clear,0,0,0,0,3,17,2
07/15/2023,7:30 PM,84,70,29.67,Clear,0,0,0,0,3,13,2
07/15/2023,8:00 PM,84,74,29.7,Clear,0,0,0,0,2,8,2
07/15/2023,8:30 PM,84,74,29.7,Clear,0,0,0,0,2,7,2
07/15/2023,9:00 PM,82,79,29.73,Clear,0,0,0,0,2,8,2
07/15/2023,9:30 PM,82,79,29.73,Clear,0,0,0,0,2,10,2
07/15/2023,10:00 PM,82,79,29.73,Clear,0,0,0,0,2,8,1
07/15/2023,10:30 PM,82,79,29.73,Clear,0,0,0,0,2,10,2
07/15/2023,11:00 PM,82,79,29.73,Clear,0,0,0,0,2,8,2
07/15/2023,11:30 PM,82,79,29.73,Clear,0,0,0,0,2,8,2
07/16/2023,12:00 AM,81,84,29.73,Clear,0,0,0,0,0,3,2
07/16/2023,12:30 AM,81,84,29.73,Clear,0,0,0,0,0,4,2
07/16/2023,1:00 AM,81,84,29.7,Clear,0,0,0,0,1,3,2
07/16/2023,1:30 AM,81,84,29.7,Clear,0,0,0,0,1,3,3
07/16/2023,2:00 AM,81,84,29.7,Clear,0,0,0,0,0,3,2
07/16/2023,2:30 AM,79,89,29.67,Clear,0,0,0,0,0,3,3
07/16/2023,3:00 AM,79,89,29.67,Clear,0,0,0,0,0,3,2
07/16/2023,3:30 AM,79,89,29.67,Clear,0,0,0,0,0,3,2
07/16/2023,4:00 AM,79,89,29.67,Clear,0,0,0,0,1,3,2
07/16/2023,4:30 AM,79,89,29.67,Clear,0,0,0,0,0,3,2
07/16/2023,5:00 AM,79,89,29.67,Clear,0,0,0,0,3,14,2
07/16/2023,5:30 AM,79,89,29.67,Clear,0,0,0,0,3,11,2
07/16/2023,6:00 AM,79,89,29.67,Clear,0,0,0,0,3,14,2
07/16/2023,6:30 AM,79,89,29.67,Clear,0,0,0,0,2,15,2
07/16/2023,7:00 AM,82,79,29.67,Clear,0,0,0,0,3,12,2
07/16/2023,7:30 AM,82,84,29.67,Clear,0,0,0,0,3,15,1
07/16/2023,8:00 AM,86,74,29.67,Clear,0,0,0,0,3,13,2
07/16/2023,8:30 AM,88,66,29.7,Clear,0,0,0,0,3,14,1
07/16/2023,9:00 AM,90,62,29.7,Clear,0,0,0,0,2,6,2
07/16/2023,9:30 AM,90,59,29.7,Clear,0,0,0,0,2,8,2
07/16/2023,10:00 AM,91,52,29.7,Clear,0,0,0,0,2,9,2
07/16/2023,10:30 AM,91,52,29.7,Clear,0,0,0,0,2,7,1
07/16/2023,11:00 AM,91,52,29.67,Clear,0,0,0,0,2,6,2
07/16/2023,11:30 AM,93,49,29.67,Clear,0,0,0,0,2,6,2
07/16/2023,12:00 PM,93,49,29.67,Clear,0,0,0,0,2,6,1
07/16/2023,12:30 PM,91,52,29.64,Clear,0,0,0,0,2,7,1
07/16/2023,1:00 PM,93,49,29.64,Clear,0,0,0,0,2,6,2
07/16/2023,1:30 PM,93,49,29.61,Clear,0,0,0,0,2,7,1
07/16/2023,2:00 PM,93,44,29.61,Clear,0,0,0,0,2,6,2
07/16/2023,2:30 PM,93,46,29.58,Clear,0,0,0,0,2,7,2
07/16/2023,3:00 PM,93,46,29.58,Clear,0,0,0,0,2,7,2
07/16/2023,3:30 PM,91,49,29.58,Clear,0,0,0,0,2,7,2
07/16/2023,4:00 PM,90,55,29.58,Clear,0,0,0,0,3,12,2
07/16/2023,4:30 PM,90,55,29.58,Clear,0,0,0,0,3,15,3
07/16/2023,5:00 PM,90,59,29.61,Clear,0,0,0,0,3,12,3
07/16/2023,5:30 PM,88,58,29.61,Clear,0,0,0,0,3,14,2
07/16/2023,6:00 PM,88,62,29.64,Clear,0,0,0,0,2,12,3
07/16/2023,6:30 PM,82,70,29.64,Clear,0,0,0,0,3,13,2
07/16/2023,7:00 PM,81,79,29.64,Clear,0,0,0,0,3,14,3
07/16/2023,7:30 PM,81,79,29.64,Clear,0,0,0,0,3,13,2
07/16/2023,8:00 PM,82,79,29.67,Clear,0,0,0,0,2,9,2
07/16/2023,8:30 PM,82,74,29.67,Clear,0,0,0,0,2,7,2
07/16/2023,9:00 PM,84,70,29.67,Clear,0,0,0,0,2,7,2
07/16/2023,9:30 PM,81,84,29.7,Clear,0,0,0,0,2,7,2
07/16/2023,10:00 PM,82,79,29.7,Clear,0,0,0,0,2,9,2
07/16/2023,10:30 PM,82,74,29.7,Clear,0,0,0,0,2,7,2
07/16/2023,11:00 PM,84,70,29.7,Clear,0,0,0,0,2,9,2
07/16/2023,11:30 PM,84,70,29.7,Clear,0,0,0,0,1,7,2
07/17/2023,12:00 AM,84,70,29.7,Clear,0,0,0,0,0,3,2
07/17/2023,12:30 AM,84,70,29.7,Clear,0,0,0,0,1,3,2
07/17/2023,1:00 AM,84,74,29.67,Clear,0,0,0,0,0,3,2
07/17/2023,1:30 AM,84,70,29.67,Clear,0,0,0,0,0,3,3
07/17/2023,2:00 AM,84,70,29.67,Clear,0,0,0,0,0,3,2
07/17/2023,2:30 AM,84,70,29.67,Clear,0,0,0,0,1,3,2
07/17/2023,3:00 AM,84,74,29.64,Clear,0,0,0,0,0,3,2
07/17/2023,3:30 AM,84,74,29.64,Clear,0,0,0,0,0,3,3
07/17/2023,4:00 AM,82,79,29.64,Clear,0,0,0,0,0,3,2
07/17/2023,4:30 AM,82,79,29.64,Clear,0,0,0,0,0,3,2
07/17/2023,5:00 AM,81,84,29.61,Clear,0,0,0,0,3,14,2
07/17/2023,5:30 AM,81,84,29.61,Clear,0,0,0,0,3,13,2
07/17/2023,6:00 AM,79,89,29.61,Clear,0,0,0,0,3,14,1
07/17/2023,6:30 AM,81,84,29.64,Clear,0,0,0,0,3,16,2
07/17/2023,7:00 AM,81,84,29.64,Clear,0,0,0,0,3,15,2
07/17/2023,7:30 AM,82,84,29.64,Clear,1,0,0,0,3,14,2
07/17/2023,8:00 AM,84,79,29.64,Clear,0,0,0,0,3,11,2
07/17/2023,8:30 AM,84,79,29.64,Clear,0,0,0,0,3,13,2
07/17/2023,9:00 AM,88,66,29.67,Clear,0,0,0,0,2,6,2
07/17/2023,9:30 AM,88,66,29.67,Clear,0,0,0,0,2,6,2
07/17/2023,10:00 AM,88,66,29.67,Clear,0,0,0,0,2,8,2
07/17/2023,10:30 AM,90,62,29.67,Clear,0,0,0,0,2,7,2
07/17/2023,11:00 AM,90,62,29.67,Clear,0,0,0,0,2,6,2
07/17/2023,11:30 AM,90,62,29.64,Clear,0,0,0,0,2,7,2
07/17/2023,12:00 PM,91,55,29.64,Clear,0,0,0,0,2,5,2
07/17/2023,12:30 PM,93,56,29.64,Clear,0,0,0,0,2,8,2
07/17/2023,1:00 PM,93,52,29.64,Clear,0,0,0,0,2,7,2
07/17/2023,1:30 PM,91,55,29.61,Clear,0,0,0,0,2,7,1
07/17/2023,2:00 PM,91,55,29.61,Clear,0,0,0,0,2,7,2
07/17/2023,2:30 PM,91,59,29.61,Clear,0,0,0,0,2,8,2
07/17/2023,3:00 PM,91,55,29.61,Clear,0,0,0,0,2,6,1
07/17/2023,3:30 PM,90,55,29.61,Clear,0,0,0,0,2,6,2
07/17/2023,4:00 PM,90,59,29.61,Clear,0,0,0,0,3,11,2
07/17/2023,4:30 PM,88,62,29.61,Clear,0,0,0,0,3,11,2
07/17/2023,5:00 PM,88,62,29.61,Clear,0,0,0,0,3,14,2
07/17/2023,5:30 PM,86,66,29.61,Rain,0,0,0,0,2,14,2
07/17/2023,6:00 PM,84,70,29.64,Clear,0,0,0,0,3,15,2
07/17/2023,6:30 PM,84,70,29.64,Clear,0,0,0,0,3,12,2
07/17/2023,7:00 PM,84,74,29.64,Clear,0,0,0,0,3,13,3
07/17/2023,7:30 PM,84,74,29.64,Clear,0,0,0,0,3,10,2
07/17/2023,8:00 PM,84,74,29.67,Clear,0,0,0,0,1,8,2
07/17/2023,8:30 PM,84,74,29.67,Clear,0,0,0,0,1,7,2
07/17/2023,9:00 PM,84,74,29.67,Clear,0,0,0,0,2,8,2
07/17/2023,9:30 PM,82,79,29.7,Clear,0,0,0,0,2,9,2
07/17/2023,10:00 PM,82,79,29.7,Clear,0,0,0,0,2,8,2
07/17/2023,10:30 PM,84,74,29.7,Clear,0,0,0,0,2,9,2
07/17/2023,11:00 PM,82,79,29.7,Clear,0,0,0,0,2,8,2
07/17/2023,11:30 PM,82,79,29.7,Clear,0,0,0,0,2,8,2
07/18/2023,12:00 AM,81,84,29.7,Clear,0,0,0,0,0,3,2
07/18/2023,12:30 AM,82,79,29.7,Clear,0,0,0,0,1,3,2
07/18/2023,1:00 AM,81,84,29.67,Clear,0,0,0,0,0,3,3
07/18/2023,1:30 AM,81,84,29.67,Rain,0,0,0,0,0,3,2
07/18/2023,2:00 AM,81,84,29.67,Clear,0,0,0,0,1,3,2
07/18/2023,2:30 AM,82,79,29.64,Clear,0,0,0,0,0,3,2
07/18/2023,3:00 AM,82,79,29.64,Clear,0,0,0,0,1,4,2
07/18/2023,3:30 AM,82,79,29.67,Clear,0,0,0,0,0,3,2
07/18/2023,4:00 AM,81,84,29.64,Clear,0,0,0,0,0,3,2
07/18/2023,4:30 AM,79,89,29.64,Clear,0,0,0,0,0,4,2
07/18/2023,5:00 AM,79,89,29.64,Clear,0,0,0,0,2,13,2
07/18/2023,5:30 AM,79,89,29.64,Clear,0,0,0,0,3,15,2
07/18/2023,6:00 AM,81,84,29.64,Clear,0,0,0,0,3,17,2
07/18/2023,6:30 AM,82,79,29.64,Clear,0,0,0,0,3,16,2
07/18/2023,7:00 AM,82,79,29.67,Clear,0,0,0,0,3,13,2
07/18/2023,7:30 AM,82,84,29.7,Clear,0,0,0,0,3,12,2
07/18/2023,8:00 AM,82,84,29.7,Clear,0,0,0,0,3,14,2
07/18/2023,8:30 AM,84,79,29.7,Clear,0,0,0,0,3,14,2
07/18/2023,9:00 AM,86,70,29.7,Clear,0,0,0,0,2,6,2
07/18/2023,9:30 AM,90,62,29.7,Clear,0,0,0,0,2,7,2
07/18/2023,10:00 AM,90,59,29.7,Clear,0,0,0,0,2,7,2
07/18/2023,10:30 AM,90,62,29.7,Clear,0,0,0,0,2,7,1
07/18/2023,11:00 AM,91,59,29.7,Clear,0,0,0,0,2,6,2
07/18/2023,11:30 AM,91,55,29.67,Clear,0,0,0,0,2,6,2
07/18/2023,12:00 PM,91,55,29.67,Clear,0,0,0,0,2,7,2
07/18/2023,12:30 PM,93,52,29.64,Clear,0,0,0,0,2,6,2
07/18/2023,1:00 PM,91,55,29.64,Clear,0,0,0,0,2,9,2
07/18/2023,1:30 PM,93,49,29.64,Clear,0,0,0,0,2,6,2
07/18/2023,2:00 PM,95,47,29.61,Clear,0,0,0,0,2,7,1
07/18/2023,2:30 PM,93,49,29.61,Clear,0,0,0,0,2,7,2
07/18/2023,3:00 PM,91,55,29.61,Clear,0,0,0,0,2,8,2
07/18/2023,3:30 PM,91,52,29.61,Clear,0,0,0,0,2,7,1
07/18/2023,4:00 PM,91,52,29.61,Clear,0,0,0,0,3,15,2
07/18/2023,4:30 PM,91,52,29.61,Clear,0,0,0,0,3,11,3
07/18/2023,5:00 PM,90,59,29.61,Clear,0,0,0,0,3,12,2
07/18/2023,5:30 PM,88,62,29.61,Clear,0,0,0,0,3,14,2
07/18/2023,6:00 PM,88,62,29.61,Clear,0,0,0,0,3,13,3
07/18/2023,6:30 PM,86,66,29.64,Clear,0,0,0,0,3,15,2
07/18/2023,7:00 PM,86,66,29.64,Clear,0,0,0,0,3,13,2
07/18/2023,7:30 PM,86,66,29.64,Clear,0,0,0,0,2,13,2
07/18/2023,8:00 PM,86,66,29.64,Clear,0,0,0,0,2,8,2
07/18/2023,8:30 PM,84,70,29.67,Clear,0,0,0,0,2,9,2
07/18/2023,9:00 PM,84,70,29.67,Clear,0,0,0,0,2,7,2
07/18/2023,9:30 PM,84,74,29.7,Clear,0,0,0,0,2,7,2
07/18/2023,10:00 PM,84,70,29.7,Rain,0,0,0,0,1,7,2
07/18/2023,10:30 PM,82,84,29.7,Clear,0,0,0,0,2,7,2
07/18/2023,11:00 PM,81,84,29.7,Clear,0,0,0,0,2,8,2
07/18/2023,11:30 PM,79,83,29.73,Clear,0,0,0,0,2,8,2
07/19/2023,12:00 AM,77,89,29.73,Rain,0,0,0,0,0,4,2
07/19/2023,12:30 AM,77,94,29.73,Rain,0,0,0,0,0,3,3
07/19/2023,1:00 AM,77,94,29.7,Rain,0,0,0,0,0,4,2
07/19/2023,1:30 AM,77,94,29.7,Clear,0,0,0,0,0,2,3
07/19/2023,2:00 AM,77,94,29.67,Clear,0,0,0,0,0,3,2
07/19/2023,2:30 AM,77,94,29.67,Clear,0,0,0,0,1,4,2
07/19/2023,3:00 AM,77,94,29.64,Clear,0,0,0,0,0,2,2
07/19/2023,3:30 AM,77,94,29.64,Clear,0,0,0,0,0,3,2
07/19/2023,4:00 AM,77,94,29.64,Clear,0,0,0,0,0,3,2
07/19/2023,4:30 AM,77,100,29.64,Rain,0,0,0,0,0,3,2
07/19/2023,5:00 AM,77,94,29.64,Rain,0,0,0,0,2,13,2
07/19/2023,5:30 AM,77,89,29.67,Rain,0,0,0,0,2,15,2
07/19/2023,6:00 AM,75,94,29.67,Rain,0,0,0,0,2,14,2
07/19/2023,6:30 AM,77,89,29.67,Rain,0,0,0,0,2,17,1
07/19/2023,7:00 AM,75,100,29.67,Rain,0,0,0,0,2,15,2
07/19/2023,7:30 AM,75,94,29.67,Rain,0,0,0,0,2,15,2
07/19/2023,8:00 AM,77,89,29.67,Rain,0,0,0,0,2,14,2
07/19/2023,8:30 AM,77,89,29.67,Clear,0,0,0,0,3,14,2
07/19/2023,9:00 AM,79,89,29.67,Clear,0,0,0,0,2,6,2
07/19/2023,9:30 AM,79,89,29.7,Clear,0,0,0,0,2,7,1
07/19/2023,10:00 AM,81,89,29.7,Clear,0,0,0,0,1,7,1
07/19/2023,10:30 AM,82,84,29.7,Clear,0,0,0,0,2,6,2
07/19/2023,11:00 AM,82,84,29.7,Rain,0,0,0,0,1,9,2
07/19/2023,11:30 AM,79,94,29.7,Rain,0,0,0,0,1,6,2
07/19/2023,12:00 PM,82,89,29.67,Rain,0,0,0,0,1,7,1
07/19/2023,12:30 PM,81,89,29.67,Rain,0,0,0,0,1,9,2
07/19/2023,1:00 PM,79,89,29.67,Rain,0,0,0,0,1,8,2
07/19/2023,1:30 PM,81,89,29.67,Rain,0,0,0,0,1,8,2
07/19/2023,2:00 PM,81,89,29.67,Rain,0,0,0,0,1,8,2
07/19/2023,2:30 PM,81,84,29.64,Rain,0,0,0,0,1,7,2
07/19/2023,3:00 PM,81,84,29.64,Rain,0,0,0,0,2,7,2
07/19/2023,3:30 PM,81,84,29.64,Rain,0,0,0,0,1,6,2
07/19/2023,4:00 PM,79,94,29.64,Rain,0,0,0,0,2,14,2
07/19/2023,4:30 PM,79,94,29.61,Rain,0,0,0,0,2,15,2
07/19/2023,5:00 PM,79,94,29.61,Clear,0,0,0,0,3,15,3
07/19/2023,5:30 PM,79,94,29.61,Clear,0,0,0,0,3,12,2
07/19/2023,6:00 PM,79,94,29.64,Clear,0,0,0,0,3,15,2
07/19/2023,6:30 PM,79,94,29.64,Rain,0,0,0,0,2,16,2
07/19/2023,7:00 PM,79,94,29.64,Rain,0,0,0,0,2,15,2
07/19/2023,7:30 PM,79,94,29.67,Rain,0,0,0,0,2,13,2
07/19/2023,8:00 PM,77,100,29.67,Rain,0,0,0,0,1,9,2
07/19/2023,8:30 PM,77,100,29.67,Rain,0,0,0,0,1,8,2
07/19/2023,9:00 PM,77,94,29.7,Rain,0,0,0,0,1,9,2
07/19/2023,9:30 PM,79,89,29.7,Clear,0,0,0,0,1,9,1
07/19/2023,10:00 PM,79,89,29.7,Rain,0,0,0,0,1,8,2
07/19/2023,10:30 PM,77,94,29.7,Rain,0,0,0,0,1,8,2
07/19/2023,11:00 PM,77,94,29.7,Rain,0,0,0,0,1,9,2
07/19/2023,11:30 PM,77,94,29.7,Clear,0,0,0,0,2,8,2
07/20/2023,12:00 AM,77,94,29.7,Clear,0,0,0,0,0,3,3
07/20/2023,12:30 AM,77,94,29.67,Clear,0,0,0,0,0,3,3
07/20/2023,1:00 AM,77,94,29.67,Clear,0,0,0,0,0,4,2
07/20/2023,1:30 AM,77,94,29.67,Clear,0,0,0,0,0,2,3
07/20/2023,2:00 AM,77,94,29.64,Clear,0,0,0,0,0,3,2
07/20/2023,2:30 AM,77,94,29.64,Clear,0,0,0,0,0,3,2
07/20/2023,3:00 AM,77,94,29.64,Clear,0,0,0,0,0,3,3
07/20/2023,3:30 AM,77,94,29.64,Clear,0,0,0,0,0,2,3
07/20/2023,4:00 AM,77,100,29.64,Clear,0,0,0,0,0,3,2
07/20/2023,4:30 AM,77,100,29.64,Clear,0,0,0,0,1,3,3
07/20/2023,5:00 AM,77,100,29.64,Rain,0,0,0,0,2,13,2
07/20/2023,5:30 AM,79,89,29.64,Rain,0,0,0,0,2,15,2
07/20/2023,6:00 AM,79,89,29.64,Rain,0,0,0,0,2,16,2
07/20/2023,6:30 AM,79,89,29.64,Clear,0,0,0,0,3,14,2
07/20/2023,7:00 AM,79,89,29.64,Clear,0,0,0,0,3,14,2
07/20/2023,7:30 AM,81,84,29.67,Clear,0,0,0,0,3,13,2
07/20/2023,8:00 AM,82,79,29.67,Clear,0,0,0,0,3,16,2
07/20/2023,8:30 AM,82,79,29.67,Clear,0,0,0,0,3,12,2
07/20/2023,9:00 AM,84,79,29.67,Clear,0,0,0,0,2,7,1
07/20/2023,9:30 AM,86,74,29.67,Clear,0,0,0,0,2,6,2
07/20/2023,10:00 AM,86,70,29.67,Clear,0,0,0,0,2,6,2
07/20/2023,10:30 AM,86,70,29.67,Clear,0,0,0,0,2,7,2
07/20/2023,11:00 AM,88,66,29.67,Clear,0,0,0,0,2,7,2
07/20/2023,11:30 AM,88,66,29.67,Clear,0,0,0,0,2,7,2
07/20/2023,12:00 PM,90,59,29.64,Clear,0,0,0,0,2,6,2
07/20/2023,12:30 PM,91,59,29.64,Clear,0,0,0,0,2,7,1
07/20/2023,1:00 PM,90,62,29.64,Rain,0,0,0,0,2,8,1
07/20/2023,1:30 PM,88,66,29.64,Rain,0,0,0,0,1,7,1
07/20/2023,2:00 PM,88,66,29.64,Clear,0,0,0,0,2,5,2
07/20/2023,2:30 PM,88,66,29.64,Clear,0,0,0,0,2,7,1
07/20/2023,3:00 PM,88,70,29.64,Clear,0,0,0,0,2,7,2
07/20/2023,3:30 PM,88,70,29.61,Clear,0,0,0,0,2,7,2
07/20/2023,4:00 PM,88,70,29.61,Clear,0,0,0,0,2,14,2
07/20/2023,4:30 PM,88,66,29.61,Clear,0,0,0,0,3,11,3
07/20/2023,5:00 PM,88,62,29.61,Clear,0,0,0,0,3,13,2
07/20/2023,5:30 PM,88,66,29.61,Clear,0,0,0,0,3,11,3
07/20/2023,6:00 PM,86,70,29.61,Clear,0,0,0,0,3,13,2
07/20/2023,6:30 PM,84,70,29.64,Clear,0,0,0,0,3,12,2
07/20/2023,7:00 PM,84,74,29.64,Clear,0,0,0,0,2,14,2
07/20/2023,7:30 PM,82,79,29.67,Clear,0,0,0,0,2,12,2
07/20/2023,8:00 PM,82,79,29.67,Clear,0,0,0,0,2,8,2
07/20/2023,8:30 PM,82,79,29.67,Clear,0,0,0,0,2,8,2
07/20/2023,9:00 PM,82,79,29.67,Clear,0,0,0,0,2,7,2
07/20/2023,9:30 PM,82,74,29.7,Clear,0,0,0,0,2,8,2
07/20/2023,10:00 PM,82,79,29.7,Clear,0,0,0,0,2,8,2
07/20/2023,10:30 PM,81,84,29.73,Clear,0,0,0,0,2,7,2
07/20/2023,11:00 PM,82,79,29.73,Clear,0,0,0,0,1,7,1
07/20/2023,11:30 PM,81,84,29.73,Clear,0,0,0,0,2,9,2
07/21/2023,12:00 AM,81,84,29.7,Clear,0,0,0,0,0,3,2
07/21/2023,12:30 AM,81,84,29.7,Clear,0,0,0,0,0,3,2
07/21/2023,1:00 AM,82,79,29.7,Clear,0,0,0,0,1,3,2
07/21/2023,1:30 AM,81,84,29.67,Clear,0,0,0,0,0,3,2
07/21/2023,2:00 AM,79,89,29.67,Clear,0,0,0,0,0,3,2
07/21/2023,2:30 AM,79,89,29.67,Clear,0,0,0,0,0,4,3
07/21/2023,3:00 AM,81,84,29.67,Clear,0,0,0,0,0,3,2
07/21/2023,3:30 AM,81,84,29.67,Clear,0,0,0,0,0,3,2
07/21/2023,4:00 AM,81,84,29.67,Clear,0,0,0,0,1,3,2
07/21/2023,4:30 AM,81,84,29.64,Clear,0,0,0,0,0,3,2
07/21/2023,5:00 AM,81,84,29.64,Clear,0,0,0,0,3,13,2
07/21/2023,5:30 AM,81,84,29.64,Clear,0,0,0,0,3,14,2
07/21/2023,6:00 AM,81,84,29.67,Clear,0,0,0,0,3,13,2
07/21/2023,6:30 AM,81,84,29.67,Clear,0,0,0,0,3,13,2
07/21/2023,7:00 AM,81,84,29.67,Clear,0,0,0,0,3,15,1
07/21/2023,7:30 AM,81,84,29.67,Clear,0,0,0,0,3,14,2
07/21/2023,8:00 AM,82,79,29.7,Clear,0,0,0,0,3,14,2
07/21/2023,8:30 AM,82,84,29.7,Clear,0,0,0,0,3,14,1
07/21/2023,9:00 AM,82,84,29.7,Clear,0,0,0,0,2,6,1
07/21/2023,9:30 AM,84,79,29.7,Clear,1,1,1,0,2,8,1
07/21/2023,10:00 AM,84,79,29.73,Clear,0,0,0,0,2,7,2
07/21/2023,10:30 AM,86,74,29.73,Clear,0,0,0,0,2,6,1
07/21/2023,11:00 AM,86,74,29.73,Rain,0,0,0,0,2,8,2
07/21/2023,11:30 AM,82,79,29.7,Clear,0,0,0,0,2,8,2
07/21/2023,12:00 PM,84,74,29.7,Clear,0,0,0,0,2,7,1
07/21/2023,12:30 PM,88,66,29.7,Clear,0,0,0,0,2,6,2
07/21/2023,1:00 PM,86,70,29.67,Clear,0,0,0,0,2,7,2
07/21/2023,1:30 PM,86,74,29.67,Clear,0,0,0,0,2,7,2
07/21/2023,2:00 PM,86,74,29.67,Clear,0,0,0,0,2,6,2
07/21/2023,2:30 PM,86,74,29.64,Clear,0,0,0,0,1,6,1
07/21/2023,3:00 PM,88,70,29.64,Clear,0,0,0,0,2,7,2
07/21/2023,3:30 PM,90,66,29.64,Clear,0,0,0,0,2,7,2
07/21/2023,4:00 PM,90,66,29.64,Clear,0,0,0,0,3,13,3
07/21/2023,4:30 PM,88,66,29.64,Clear,0,0,0,0,3,14,2
07/21/2023,5:00 PM,84,79,29.64,Clear,0,0,0,0,3,11,2
07/21/2023,5:30 PM,84,74,29.64,Clear,0,0,0,0,3,12,2
07/21/2023,6:00 PM,84,74,29.64,Clear,0,0,0,0,3,15,2
07/21/2023,6:30 PM,84,74,29.67,Clear,0,0,0,0,3,15,3
07/21/2023,7:00 PM,82,84,29.67,Clear,0,0,0,0,3,13,3
07/21/2023,7:30 PM,82,84,29.7,Clear,0,0,0,0,3,13,2
07/21/2023,8:00 PM,82,84,29.7,Clear,0,0,0,0,2,8,2
07/21/2023,8:30 PM,82,84,29.73,Clear,0,0,0,0,2,8,2
07/21/2023,9:00 PM,82,79,29.73,Clear,0,0,0,0,2,8,2
07/21/2023,9:30 PM,82,84,29.76,Clear,0,0,0,0,2,7,2
07/21/2023,10:00 PM,82,84,29.76,Clear,0,0,0,0,2,8,2
07/21/2023,10:30 PM,81,89,29.76,Clear,0,0,0,0,2,8,2
07/21/2023,11:00 PM,81,89,29.76,Clear,0,0,0,0,2,7,2
07/21/2023,11:30 PM,81,89,29.73,Clear,0,0,0,0,2,8,2
07/22/2023,12:00 AM,81,89,29.73,Clear,0,0,0,0,0,3,2
07/22/2023,12:30 AM,81,89,29.73,Clear,0,0,0,0,0,3,2
07/22/2023,1:00 AM,79,94,29.73,Clear,0,0,0,0,0,3,2
07/22/2023,1:30 AM,79,94,29.73,Clear,0,0,0,0,0,3,2
07/22/2023,2:00 AM,79,83,29.73,Clear,0,0,0,0,1,3,2
07/22/2023,2:30 AM,79,83,29.73,Clear,0,0,0,0,0,3,2
07/22/2023,3:00 AM,77,89,29.7,Clear,0,0,0,0,0,3,2
07/22/2023,3:30 AM,77,89,29.7,Clear,0,0,0,0,0,3,3
07/22/2023,4:00 AM,77,89,29.7,Clear,0,0,0,0,0,3,2
07/22/2023,4:30 AM,77,89,29.7,Clear,0,0,0,0,0,3,2
07/22/2023,5:00 AM,77,83,29.7,Clear,0,0,0,0,2,14,2
07/22/2023,5:30 AM,75,94,29.7,Clear,0,0,0,0,3,15,2
07/22/2023,6:00 AM,75,94,29.7,Clear,0,0,0,0,3,17,2
07/22/2023,6:30 AM,75,94,29.7,Clear,0,0,0,0,2,12,2
07/22/2023,7:00 AM,77,89,29.7,Clear,0,0,0,0,3,13,2
07/22/2023,7:30 AM,77,94,29.7,Clear,0,0,0,0,3,15,2
07/22/2023,8:00 AM,79,89,29.73,Clear,0,0,0,0,3,14,2
07/22/2023,8:30 AM,79,89,29.73,Clear,0,0,0,0,3,14,2
07/22/2023,9:00 AM,81,84,29.76,Clear,0,0,0,0,2,7,1
07/22/2023,9:30 AM,82,79,29.76,Clear,0,0,0,0,2,8,2
07/22/2023,10:00 AM,84,79,29.76,Clear,0,0,0,0,2,7,2
07/22/2023,10:30 AM,84,79,29.76,Clear,0,0,0,0,1,7,1
07/22/2023,11:00 AM,86,74,29.76,Clear,0,0,0,0,2,6,2
07/22/2023,11:30 AM,86,74,29.76,Clear,0,0,0,0,2,7,2
07/22/2023,12:00 PM,88,66,29.73,Clear,0,0,0,0,2,7,2
07/22/2023,12:30 PM,90,62,29.73,Clear,0,0,0,0,2,7,2
07/22/2023,1:00 PM,90,62,29.73,Rain,0,0,0,0,1,7,2
07/22/2023,1:30 PM,90,62,29.7,Rain,0,0,0,0,2,6,2
07/22/2023,2:00 PM,90,62,29.7,Rain,0,0,0,0,2,8,1
07/22/2023,2:30 PM,86,70,29.7,Rain,0,0,0,0,1,7,1
07/22/2023,3:00 PM,90,62,29.67,Clear,0,0,0,0,2,6,2
07/22/2023,3:30 PM,90,62,29.67,Clear,0,0,0,0,2,8,2
07/22/2023,4:00 PM,90,59,29.67,Clear,0,0,0,0,3,14,2
07/22/2023,4:30 PM,90,62,29.67,Clear,0,0,0,0,2,13,2
07/22/2023,5:00 PM,88,70,29.67,Clear,0,0,0,0,3,15,3
07/22/2023,5:30 PM,86,66,29.67,Clear,0,0,0,0,3,14,2
07/22/2023,6:00 PM,84,74,29.7,Clear,0,0,0,0,3,15,2
07/22/2023,6:30 PM,84,74,29.7,Clear,0,0,0,0,3,16,3
07/22/2023,7:00 PM,84,70,29.7,Clear,0,0,0,0,3,13,2
07/22/2023,7:30 PM,82,79,29.73,Clear,0,0,0,0,3,12,2
07/22/2023,8:00 PM,82,79,29.73,Clear,0,0,0,0,2,8,2
07/22/2023,8:30 PM,82,79,29.76,Clear,0,0,0,0,1,9,2
07/22/2023,9:00 PM,81,84,29.76,Clear,0,0,0,0,2,9,2
07/22/2023,9:30 PM,81,84,29.76,Clear,0,0,0,0,1,9,2
07/22/2023,10:00 PM,81,84,29.79,Clear,0,0,0,0,2,9,2
07/22/2023,10:30 PM,81,89,29.79,Clear,0,0,0,0,2,9,1
07/22/2023,11:00 PM,81,89,29.76,Clear,0,0,0,0,1,7,2
07/22/2023,11:30 PM,81,89,29.79,Clear,0,0,0,0,2,6,2
07/23/2023,12:00 AM,79,94,29.76,Clear,0,0,0,0,0,3,2
07/23/2023,12:30 AM,79,94,29.76,Clear,0,0,0,0,0,3,2
07/23/2023,1:00 AM,79,94,29.76,Clear,0,0,0,0,1,3,2
07/23/2023,1:30 AM,79,94,29.76,Clear,0,0,0,0,0,3,2
07/23/2023,2:00 AM,79,94,29.76,Clear,0,0,0,0,0,3,2
07/23/2023,2:30 AM,79,89,29.73,Clear,0,0,0,0,0,3,2
07/23/2023,3:00 AM,79,83,29.73,Clear,0,0,0,0,0,3,3
07/23/2023,3:30 AM,79,89,29.73,Clear,0,0,0,0,0,4,2
07/23/2023,4:00 AM,79,89,29.73,Clear,0,0,0,0,0,3,2
07/23/2023,4:30 AM,79,89,29.73,Clear,0,0,0,0,0,3,2
07/23/2023,5:00 AM,77,94,29.73,Clear,0,0,0,0,3,14,2
07/23/2023,5:30 AM,77,94,29.73,Clear,0,0,0,0,3,13,2
07/23/2023,6:00 AM,77,94,29.73,Clear,0,0,0,0,3,15,2
07/23/2023,6:30 AM,77,94,29.73,Clear,0,0,0,0,3,15,2
07/23/2023,7:00 AM,77,94,29.73,Clear,0,0,0,0,3,14,2
07/23/2023,7:30 AM,77,89,29.76,Clear,0,0,0,0,2,15,2
07/23/2023,8:00 AM,79,83,29.76,Clear,0,0,0,0,3,14,2
07/23/2023,8:30 AM,81,84,29.76,Clear,0,0,0,0,3,13,2
07/23/2023,9:00 AM,82,79,29.76,Clear,0,0,0,0,2,6,2
07/23/2023,9:30 AM,86,70,29.76,Clear,0,0,0,0,2,8,2
07/23/2023,10:00 AM,86,70,29.76,Clear,0,0,0,0,2,7,2
07/23/2023,10:30 AM,88,62,29.76,Clear,0,0,0,0,2,6,2
07/23/2023,11:00 AM,88,66,29.76,Clear,0,0,0,0,2,7,2
07/23/2023,11:30 AM,90,62,29.76,Rain,0,0,0,0,2,8,1
07/23/2023,12:00 PM,90,62,29.73,Clear,0,0,0,0,2,8,1
07/23/2023,12:30 PM,90,59,29.73,Clear,0,0,0,0,2,7,2
07/23/2023,1:00 PM,91,59,29.7,Clear,0,0,0,0,2,7,2
07/23/2023,1:30 PM,90,59,29.7,Clear,0,0,0,0,2,7,1
07/23/2023,2:00 PM,93,52,29.67,Clear,0,0,0,0,2,6,2
07/23/2023,2:30 PM,93,52,29.67,Clear,0,0,0,0,2,7,2
07/23/2023,3:00 PM,93,46,29.64,Clear,0,0,0,0,2,7,2
07/23/2023,3:30 PM,93,49,29.64,Clear,0,0,0,0,2,7,1
07/23/2023,4:00 PM,91,52,29.64,Clear,0,0,0,0,3,14,2
07/23/2023,4:30 PM,91,52,29.64,Clear,0,0,0,0,3,14,2
07/23/2023,5:00 PM,91,52,29.64,Clear,0,0,0,0,2,13,2
07/23/2023,5:30 PM,90,55,29.67,Clear,0,0,0,0,2,13,2
07/23/2023,6:00 PM,88,58,29.67,Clear,0,0,0,0,3,13,2
07/23/2023,6:30 PM,86,70,29.67,Clear,0,0,0,0,2,14,3
07/23/2023,7:00 PM,86,70,29.7,Clear,0,0,0,0,2,14,2
07/23/2023,7:30 PM,84,74,29.7,Clear,0,0,0,0,3,13,2
07/23/2023,8:00 PM,84,74,29.7,Clear,0,0,0,0,2,8,2
07/23/2023,8:30 PM,82,79,29.7,Clear,0,0,0,0,2,9,2
07/23/2023,9:00 PM,82,79,29.7,Clear,0,0,0,0,2,6,2
07/23/2023,9:30 PM,82,79,29.73,Clear,0,0,0,0,1,7,1
07/23/2023,10:00 PM,81,84,29.73,Clear,0,0,0,0,2,9,2
07/23/2023,10:30 PM,81,84,29.73,Clear,0,0,0,0,2,7,2
07/23/2023,11:00 PM,79,89,29.73,Clear,0,0,0,0,1,9,2
07/23/2023,11:30 PM,81,84,29.73,Clear,0,0,0,0,2,9,2
07/24/2023,12:00 AM,79,89,29.73,Clear,0,0,0,0,1,3,3
07/24/2023,12:30 AM,79,89,29.73,Clear,0,0,0,0,0,3,2
07/24/2023,1:00 AM,79,89,29.7,Clear,0,0,0,0,0,3,2
07/24/2023,1:30 AM,79,89,29.7,Clear,0,0,0,0,1,3,2
07/24/2023,2:00 AM,77,94,29.7,Clear,0,0,0,0,0,3,2
07/24/2023,2:30 AM,79,89,29.7,Clear,0,0,0,0,0,3,2
07/24/2023,3:00 AM,77,94,29.7,Clear,0,0,0,0,0,3,2
07/24/2023,3:30 AM,77,94,29.67,Clear,0,0,0,0,1,3,3
07/24/2023,4:00 AM,77,94,29.67,Clear,0,0,0,0,0,3,2
07/24/2023,4:30 AM,77,94,29.67,Clear,0,0,0,0,1,3,2
07/24/2023,5:00 AM,77,100,29.67,Clear,0,0,0,0,3,14,2
07/24/2023,5:30 AM,77,94,29.7,Clear,0,0,0,0,3,13,2
07/24/2023,6:00 AM,77,94,29.7,Clear,0,0,0,0,3,14,2
07/24/2023,6:30 AM,77,94,29.7,Clear,0,0,0,0,2,13,2
07/24/2023,7:00 AM,77,100,29.7,Clear,0,0,0,0,2,14,2
07/24/2023,7:30 AM,79,94,29.73,Clear,0,0,0,0,2,16,2
07/24/2023,8:00 AM,81,89,29.73,Clear,0,0,0,0,3,14,2
07/24/2023,8:30 AM,82,84,29.73,Clear,0,0,0,0,3,14,2
07/24/2023,9:00 AM,86,74,29.73,Clear,0,0,0,0,2,7,2
07/24/2023,9:30 AM,86,70,29.73,Clear,0,0,0,0,2,7,1
07/24/2023,10:00 AM,88,70,29.73,Clear,0,0,0,0,2,7,2
07/24/2023,10:30 AM,88,66,29.73,Clear,0,0,0,0,2,7,2
07/24/2023,11:00 AM,90,62,29.7,Clear,0,0,0,0,2,6,1
07/24/2023,11:30 AM,91,55,29.7,Clear,0,0,0,0,2,6,1
07/24/2023,12:00 PM,93,56,29.7,Clear,0,0,0,0,2,8,1
07/24/2023,12:30 PM,93,52,29.67,Clear,0,0,0,0,2,7,2
07/24/2023,1:00 PM,91,52,29.67,Clear,0,0,0,0,2,7,1
07/24/2023,1:30 PM,93,52,29.67,Clear,0,0,0,0,2,7,1
07/24/2023,2:00 PM,93,49,29.64,Clear,0,0,0,0,2,7,2
07/24/2023,2:30 PM,93,49,29.64,Clear,0,0,0,0,2,6,2
07/24/2023,3:00 PM,93,49,29.64,Clear,0,0,0,0,2,6,2
07/24/2023,3:30 PM,93,49,29.64,Clear,0,0,0,0,2,7,1
07/24/2023,4:00 PM,91,52,29.64,Clear,0,0,0,0,3,14,2
07/24/2023,4:30 PM,93,49,29.61,Clear,0,0,0,0,3,13,2
07/24/2023,5:00 PM,91,52,29.61,Clear,0,0,0,0,3,15,2
07/24/2023,5:30 PM,91,49,29.64,Clear,0,0,0,0,3,12,2
07/24/2023,6:00 PM,90,55,29.64,Clear,0,0,0,0,3,12,3
07/24/2023,6:30 PM,88,58,29.64,Clear,0,0,0,0,3,12,2
07/24/2023,7:00 PM,86,62,29.64,Clear,0,0,0,0,3,14,2
07/24/2023,7:30 PM,86,62,29.67,Clear,0,0,0,0,3,17,2
07/24/2023,8:00 PM,86,62,29.67,Clear,0,0,0,0,2,8,2
07/24/2023,8:30 PM,84,66,29.67,Clear,0,0,0,0,2,8,1
07/24/2023,9:00 PM,84,66,29.7,Clear,0,0,0,0,2,7,2
07/24/2023,9:30 PM,84,70,29.7,Clear,0,0,0,0,2,9,2
07/24/2023,10:00 PM,82,74,29.7,Clear,0,0,0,0,2,7,2
07/24/2023,10:30 PM,81,79,29.73,Clear,0,0,0,0,1,8,2
07/24/2023,11:00 PM,81,79,29.73,Clear,0,0,0,0,2,9,1
07/24/2023,11:30 PM,79,83,29.73,Clear,0,0,0,0,2,7,2
07/25/2023,12:00 AM,79,83,29.73,Clear,0,0,0,0,0,3,3
07/25/2023,12:30 AM,79,89,29.7,Clear,0,0,0,0,1,3,2
07/25/2023,1:00 AM,79,89,29.7,Clear,0,0,0,0,0,3,2
07/25/2023,1:30 AM,79,89,29.7,Clear,0,0,0,0,0,3,2
07/25/2023,2:00 AM,79,89,29.7,Clear,0,0,0,0,0,3,2
07/25/2023,2:30 AM,79,89,29.67,Clear,0,0,0,0,0,3,2
07/25/2023,3:00 AM,79,89,29.67,Clear,0,0,0,0,0,3,2
07/25/2023,3:30 AM,77,94,29.67,Clear,0,0,0,0,0,3,3
07/25/2023,4:00 AM,77,94,29.67,Clear,0,0,0,0,0,3,2
07/25/2023,4:30 AM,77,94,29.67,Clear,0,0,0,0,1,3,2
07/25/2023,5:00 AM,77,94,29.7,Clear,0,0,0,0,2,15,2
07/25/2023,5:30 AM,77,94,29.7,Clear,0,0,0,0,3,14,1
07/25/2023,6:00 AM,77,94,29.7,Clear,0,0,0,0,3,13,1
07/25/2023,6:30 AM,77,94,29.7,Clear,0,0,0,0,3,13,2
07/25/2023,7:00 AM,77,100,29.7,Clear,0,0,0,0,3,12,1
07/25/2023,7:30 AM,79,94,29.73,Clear,0,0,0,0,3,14,2
07/25/2023,8:00 AM,81,89,29.73,Clear,0,0,0,0,3,14,1
07/25/2023,8:30 AM,84,79,29.73,Clear,0,0,0,0,3,15,2
07/25/2023,9:00 AM,86,79,29.73,Clear,0,0,0,0,2,6,2
07/25/2023,9:30 AM,88,70,29.73,Clear,0,0,0,0,2,8,2
07/25/2023,10:00 AM,88,70,29.73,Clear,0,0,0,0,2,7,1
07/25/2023,10:30 AM,88,66,29.73,Clear,0,0,0,0,2,7,2
07/25/2023,11:00 AM,90,62,29.73,Clear,0,0,0,0,2,7,1
07/25/2023,11:30 AM,90,62,29.73,Clear,0,0,0,0,2,6,2
07/25/2023,12:00 PM,90,62,29.7,Clear,0,0,0,0,2,7,2
07/25/2023,12:30 PM,91,59,29.7,Clear,0,0,0,0,2,7,2
07/25/2023,1:00 PM,93,52,29.67,Clear,0,0,0,0,2,6,2
07/25/2023,1:30 PM,93,52,29.67,Clear,0,0,0,0,2,6,1
07/25/2023,2:00 PM,95,49,29.67,Rain,0,0,0,0,1,8,1
07/25/2023,2:30 PM,95,49,29.64,Rain,0,0,0,0,1,7,1
07/25/2023,3:00 PM,95,49,29.64,Clear,0,0,0,0,2,6,1
07/25/2023,3:30 PM,95,49,29.64,Clear,0,0,0,0,2,6,1
07/25/2023,4:00 PM,93,52,29.64,Clear,0,0,0,0,3,13,2
07/25/2023,4:30 PM,93,52,29.64,Clear,0,0,0,0,3,12,3
07/25/2023,5:00 PM,93,49,29.64,Clear,0,0,0,0,3,14,2
07/25/2023,5:30 PM,91,55,29.64,Clear,0,0,0,0,3,15,2
07/25/2023,6:00 PM,90,59,29.64,Clear,0,0,0,0,3,13,2
07/25/2023,6:30 PM,90,59,29.67,Clear,0,0,0,0,3,14,2
07/25/2023,7:00 PM,86,74,29.67,Clear,0,0,0,0,2,13,2
07/25/2023,7:30 PM,86,79,29.7,Clear,0,0,0,0,3,12,2
07/25/2023,8:00 PM,86,74,29.7,Clear,0,0,0,0,2,9,2
07/25/2023,8:30 PM,84,84,29.7,Clear,0,0,0,0,2,7,2
07/25/2023,9:00 PM,84,84,29.7,Clear,0,0,0,0,2,9,2
07/25/2023,9:30 PM,84,84,29.73,Clear,0,0,0,0,2,7,2
07/25/2023,10:00 PM,84,84,29.73,Clear,0,0,0,0,2,7,2
07/25/2023,10:30 PM,82,79,29.73,Clear,0,0,0,0,2,6,2
07/25/2023,11:00 PM,82,79,29.73,Clear,0,0,0,0,2,7,2
07/25/2023,11:30 PM,82,79,29.73,Clear,0,0,0,0,2,8,2
07/26/2023,12:00 AM,81,84,29.73,Clear,0,0,0,0,0,3,3
07/26/2023,12:30 AM,81,84,29.73,Clear,0,0,0,0,0,3,2
07/26/2023,1:00 AM,81,84,29.73,Clear,0,0,0,0,0,3,2
07/26/2023,1:30 AM,81,84,29.73,Clear,0,0,0,0,0,3,2
07/26/2023,2:00 AM,81,84,29.73,Clear,0,0,0,0,0,3,3
07/26/2023,2:30 AM,81,84,29.73,Clear,0,0,0,0,1,4,2
07/26/2023,3:00 AM,81,84,29.73,Clear,0,0,0,0,1,3,3
07/26/2023,3:30 AM,81,84,29.73,Clear,0,0,0,0,1,3,2
07/26/2023,4:00 AM,81,84,29.7,Clear,0,0,0,0,0,3,2
07/26/2023,4:30 AM,81,84,29.7,Clear,0,0,0,0,1,3,2
07/26/2023,5:00 AM,79,94,29.7,Clear,0,0,0,0,3,15,2
07/26/2023,5:30 AM,79,94,29.73,Clear,0,0,0,0,2,12,2
07/26/2023,6:00 AM,79,94,29.73,Clear,0,0,0,0,3,13,2
07/26/2023,6:30 AM,79,94,29.73,Clear,0,0,0,0,3,11,2
07/26/2023,7:00 AM,79,94,29.73,Clear,0,0,0,0,2,14,2
07/26/2023,7:30 AM,81,89,29.76,Clear,0,0,0,0,3,12,2
07/26/2023,8:00 AM,82,84,29.76,Clear,0,0,0,0,3,14,2
07/26/2023,8:30 AM,84,79,29.76,Clear,0,0,0,0,3,15,2
07/26/2023,9:00 AM,86,74,29.76,Clear,0,0,0,0,2,6,2
07/26/2023,9:30 AM,88,66,29.76,Clear,0,0,0,0,2,6,2
07/26/2023,10:00 AM,88,66,29.76,Clear,0,0,0,0,2,7,1
07/26/2023,10:30 AM,90,62,29.76,Clear,0,0,0,0,2,5,2
07/26/2023,11:00 AM,91,59,29.76,Clear,0,0,0,0,1,6,2
07/26/2023,11:30 AM,90,62,29.73,Rain,0,0,0,0,2,7,2
07/26/2023,12:00 PM,84,74,29.73,Rain,0,0,0,0,1,6,1
07/26/2023,12:30 PM,75,94,29.76,Rain,0,0,0,0,2,8,2
07/26/2023,1:00 PM,75,94,29.73,Rain,0,0,0,0,1,7,2
07/26/2023,1:30 PM,75,100,29.73,Clear,0,0,0,0,2,6,2
07/26/2023,2:00 PM,75,94,29.73,Clear,0,0,0,0,2,6,2
07/26/2023,2:30 PM,75,94,29.7,Rain,0,0,0,0,2,7,2
07/26/2023,3:00 PM,77,89,29.7,Rain,0,0,0,0,1,6,2
07/26/2023,3:30 PM,77,94,29.7,Clear,0,0,0,0,2,7,2
07/26/2023,4:00 PM,77,89,29.67,Clear,0,0,0,0,3,13,2
07/26/2023,4:30 PM,79,89,29.67,Clear,0,0,0,0,3,14,3
07/26/2023,5:00 PM,79,89,29.67,Clear,0,0,0,0,3,14,2
07/26/2023,5:30 PM,79,89,29.67,Clear,0,0,0,0,3,13,2
07/26/2023,6:00 PM,79,89,29.67,Clear,0,0,0,0,3,16,2
07/26/2023,6:30 PM,79,89,29.7,Clear,0,0,0,0,3,14,2
07/26/2023,7:00 PM,79,89,29.7,Clear,0,0,0,0,3,15,2
07/26/2023,7:30 PM,77,94,29.7,Clear,0,0,0,0,3,11,2
07/26/2023,8:00 PM,79,89,29.7,Clear,0,0,0,0,2,7,1
07/26/2023,8:30 PM,79,94,29.7,Clear,0,0,0,0,2,7,1
07/26/2023,9:00 PM,79,94,29.73,Clear,0,0,0,0,2,8,2
07/26/2023,9:30 PM,79,94,29.76,Clear,0,0,0,0,2,7,2
07/26/2023,10:00 PM,79,94,29.76,Clear,0,0,0,0,2,7,2
07/26/2023,10:30 PM,79,94,29.76,Clear,0,0,0,0,2,7,1
07/26/2023,11:00 PM,79,94,29.76,Clear,0,0,0,0,2,7,2
07/26/2023,11:30 PM,77,100,29.76,Clear,0,0,0,0,2,7,2
07/27/2023,12:00 AM,77,100,29.76,Clear,0,0,0,0,0,3,2
07/27/2023,12:30 AM,77,100,29.76,Clear,0,0,0,0,1,3,2
07/27/2023,1:00 AM,77,100,29.76,Clear,0,0,0,0,0,3,2
07/27/2023,1:30 AM,77,100,29.76,Clear,0,0,0,0,1,4,2
07/27/2023,2:00 AM,77,100,29.73,Clear,0,0,0,0,0,3,2
07/27/2023,2:30 AM,77,100,29.73,Clear,0,0,0,0,1,3,3
07/27/2023,3:00 AM,77,100,29.73,Clear,0,0,0,0,0,3,2
07/27/2023,3:30 AM,77,100,29.73,Clear,0,0,0,0,0,3,2
07/27/2023,4:00 AM,77,94,29.7,Clear,0,0,0,0,1,3,2
07/27/2023,4:30 AM,77,94,29.7,Clear,0,0,0,0,0,3,2
07/27/2023,5:00 AM,77,100,29.7,Clear,0,0,0,0,3,13,2
07/27/2023,5:30 AM,77,100,29.7,Clear,0,0,0,0,3,12,2
07/27/2023,6:00 AM,77,100,29.73,Clear,0,0,0,0,3,13,2
07/27/2023,6:30 AM,79,94,29.73,Clear,0,0,0,0,3,14,2
07/27/2023,7:00 AM,79,94,29.73,Clear,0,0,0,0,3,17,2
07/27/2023,7:30 AM,81,89,29.76,Clear,0,0,0,0,3,12,2
07/27/2023,8:00 AM,82,89,29.76,Clear,0,0,0,0,3,12,2
07/27/2023,8:30 AM,82,89,29.76,Clear,0,0,0,0,3,12,2
07/27/2023,9:00 AM,86,79,29.76,Clear,0,0,0,0,2,6,2
07/27/2023,9:30 AM,88,70,29.76,Clear,0,0,0,0,2,7,1
07/27/2023,10:00 AM,88,70,29.76,Clear,0,0,0,0,2,6,2
07/27/2023,10:30 AM,90,62,29.76,Clear,0,0,0,0,2,7,2
07/27/2023,11:00 AM,91,63,29.73,Clear,0,0,0,0,2,8,2
07/27/2023,11:30 AM,91,59,29.73,Clear,0,0,0,0,2,7,1
07/27/2023,12:00 PM,91,59,29.73,Clear,0,0,0,0,2,7,1
07/27/2023,12:30 PM,91,59,29.7,Clear,0,0,0,0,2,7,1
07/27/2023,1:00 PM,93,56,29.7,Clear,0,0,0,0,2,7,2
07/27/2023,1:30 PM,93,56,29.67,Clear,0,0,0,0,2,7,1
07/27/2023,2:00 PM,91,59,29.67,Clear,0,0,0,0,2,7,2
07/27/2023,2:30 PM,91,59,29.67,Clear,0,0,0,0,2,8,2
07/27/2023,3:00 PM,91,59,29.67,Clear,0,0,0,0,2,7,2
07/27/2023,3:30 PM,91,59,29.64,Clear,0,0,0,0,2,7,1
07/27/2023,4:00 PM,91,55,29.64,Clear,0,0,0,0,3,14,3
07/27/2023,4:30 PM,91,59,29.64,Clear,0,0,0,0,3,14,2
07/27/2023,5:00 PM,90,59,29.64,Clear,0,0,0,0,3,15,2
07/27/2023,5:30 PM,90,62,29.67,Clear,0,0,0,0,3,16,2
07/27/2023,6:00 PM,88,66,29.67,Clear,0,0,0,0,3,14,2
07/27/2023,6:30 PM,88,62,29.67,Clear,0,0,0,0,3,14,2
07/27/2023,7:00 PM,86,66,29.67,Clear,0,0,0,0,3,13,3
07/27/2023,7:30 PM,86,66,29.7,Clear,0,0,0,0,3,13,2
07/27/2023,8:00 PM,84,70,29.7,Clear,0,0,0,0,2,9,2
07/27/2023,8:30 PM,84,74,29.7,Clear,0,0,0,0,2,8,2
07/27/2023,9:00 PM,84,74,29.73,Clear,0,0,0,0,2,6,2
07/27/2023,9:30 PM,84,74,29.73,Clear,0,0,0,0,2,8,2
07/27/2023,10:00 PM,84,74,29.73,Clear,0,0,0,0,2,7,2
07/27/2023,10:30 PM,84,74,29.76,Clear,0,0,0,0,2,8,2
07/27/2023,11:00 PM,82,79,29.76,Clear,0,0,0,0,2,9,2
07/27/2023,11:30 PM,82,79,29.76,Clear,0,0,0,0,2,7,2
07/28/2023,12:00 AM,82,79,29.73,Clear,0,0,0,0,0,3,2
07/28/2023,12:30 AM,82,79,29.73,Clear,0,0,0,0,0,3,2
07/28/2023,1:00 AM,81,84,29.73,Clear,0,0,0,0,0,3,2
07/28/2023,1:30 AM,81,84,29.73,Clear,0,0,0,0,0,3,2
07/28/2023,2:00 AM,81,84,29.7,Clear,0,0,0,0,0,3,2
07/28/2023,2:30 AM,81,84,29.7,Clear,0,0,0,0,0,3,2
07/28/2023,3:00 AM,81,84,29.67,Clear,0,0,0,0,0,3,3
07/28/2023,3:30 AM,81,84,29.67,Clear,0,0,0,0,0,3,2
07/28/2023,4:00 AM,79,89,29.67,Clear,0,0,0,0,0,3,2
07/28/2023,4:30 AM,81,84,29.67,Clear,0,0,0,0,1,3,2
07/28/2023,5:00 AM,79,89,29.67,Clear,0,0,0,0,2,13,2
07/28/2023,5:30 AM,81,84,29.67,Clear,0,0,0,0,3,11,1
07/28/2023,6:00 AM,81,84,29.67,Clear,0,0,0,0,3,12,2
07/28/2023,6:30 AM,81,84,29.67,Clear,0,0,0,0,3,15,2
07/28/2023,7:00 AM,81,84,29.67,Clear,0,0,0,0,2,15,2
07/28/2023,7:30 AM,81,89,29.7,Clear,0,0,0,0,3,15,2
07/28/2023,8:00 AM,82,84,29.7,Clear,0,0,0,0,3,14,2
07/28/2023,8:30 AM,84,79,29.7,Clear,0,0,0,0,3,12,2
07/28/2023,9:00 AM,86,74,29.7,Clear,0,0,0,0,2,7,2
07/28/2023,9:30 AM,86,74,29.7,Clear,0,0,0,0,2,7,1
07/28/2023,10:00 AM,88,70,29.7,Clear,0,0,0,0,2,7,1
07/28/2023,10:30 AM,90,62,29.7,Clear,0,0,0,0,2,6,1
07/28/2023,11:00 AM,91,59,29.67,Clear,0,0,0,0,2,7,2
07/28/2023,11:30 AM,91,63,29.67,Clear,0,0,0,0,2,7,2
07/28/2023,12:00 PM,90,62,29.67,Clear,0,0,0,0,2,5,2
07/28/2023,12:30 PM,91,59,29.67,Clear,0,0,0,0,2,6,2
07/28/2023,1:00 PM,91,59,29.67,Clear,0,0,0,0,2,7,2
07/28/2023,1:30 PM,90,62,29.64,Clear,0,0,0,0,2,7,2
07/28/2023,2:00 PM,90,62,29.64,Clear,0,0,0,0,2,7,2
07/28/2023,2:30 PM,91,63,29.64,Clear,0,0,0,0,2,7,1
07/28/2023,3:00 PM,90,62,29.64,Clear,0,0,0,0,2,7,2
07/28/2023,3:30 PM,91,59,29.61,Clear,0,0,0,0,2,7,2
07/28/2023,4:00 PM,91,59,29.61,Clear,0,0,0,0,3,15,2
07/28/2023,4:30 PM,90,62,29.61,Clear,0,0,0,0,3,12,2
07/28/2023,5:00 PM,88,66,29.64,Clear,0,0,0,0,3,13,3
07/28/2023,5:30 PM,88,66,29.64,Clear,0,0,0,0,3,17,2
07/28/2023,6:00 PM,88,66,29.64,Clear,0,0,0,0,3,13,2
07/28/2023,6:30 PM,86,70,29.64,Clear,0,0,0,0,3,15,2
07/28/2023,7:00 PM,86,70,29.67,Clear,0,0,0,0,2,15,2
07/28/2023,7:30 PM,86,70,29.67,Clear,0,0,0,0,3,15,2
07/28/2023,8:00 PM,86,70,29.67,Clear,0,0,0,0,2,8,1
07/28/2023,8:30 PM,84,74,29.7,Clear,0,0,0,0,2,6,1
07/28/2023,9:00 PM,84,74,29.7,Clear,0,0,0,0,2,9,1
07/28/2023,9:30 PM,84,74,29.7,Clear,0,0,0,0,2,8,2
07/28/2023,10:00 PM,82,79,29.7,Clear,0,0,0,0,1,9,2
07/28/2023,10:30 PM,82,79,29.7,Clear,0,0,0,0,1,9,2
07/28/2023,11:00 PM,82,79,29.7,Clear,0,0,0,0,2,10,2
07/28/2023,11:30 PM,84,74,29.7,Clear,0,0,0,0,2,7,2
07/29/2023,12:00 AM,82,79,29.7,Clear,0,0,0,0,0,3,2
07/29/2023,12:30 AM,82,79,29.7,Clear,0,0,0,0,0,4,2
07/29/2023,1:00 AM,82,79,29.67,Clear,0,0,0,0,0,3,2
07/29/2023,1:30 AM,82,79,29.67,Clear,0,0,0,0,0,3,2
07/29/2023,2:00 AM,81,84,29.67,Clear,0,0,0,0,0,3,2
07/29/2023,2:30 AM,81,84,29.67,Clear,0,0,0,0,0,3,2
07/29/2023,3:00 AM,79,89,29.67,Clear,0,0,0,0,0,3,3
07/29/2023,3:30 AM,79,89,29.67,Clear,0,0,0,0,0,3,2
07/29/2023,4:00 AM,77,94,29.64,Clear,0,0,0,0,1,3,2
07/29/2023,4:30 AM,77,94,29.64,Clear,0,0,0,0,1,3,2
07/29/2023,5:00 AM,79,89,29.64,Clear,0,0,0,0,3,13,2
07/29/2023,5:30 AM,79,89,29.64,Clear,0,0,0,0,3,13,2
07/29/2023,6:00 AM,79,89,29.64,Clear,0,0,0,0,3,14,2
07/29/2023,6:30 AM,79,89,29.67,Clear,0,0,0,0,3,12,2
07/29/2023,7:00 AM,81,84,29.67,Clear,0,0,0,0,3,13,2
07/29/2023,7:30 AM,81,89,29.67,Clear,0,0,0,0,3,13,2
07/29/2023,8:00 AM,82,84,29.7,Clear,0,0,0,0,3,12,1
07/29/2023,8:30 AM,84,79,29.7,Clear,0,0,0,0,3,13,2
07/29/2023,9:00 AM,84,79,29.7,Clear,0,0,0,0,2,7,2
07/29/2023,9:30 AM,88,66,29.7,Clear,0,0,0,0,2,6,2
07/29/2023,10:00 AM,88,66,29.73,Clear,0,0,0,0,2,6,2
07/29/2023,10:30 AM,90,62,29.7,Clear,0,0,0,0,2,7,2
07/29/2023,11:00 AM,91,59,29.7,Clear,0,0,0,0,2,6,1
07/29/2023,11:30 AM,91,55,29.7,Clear,0,0,0,0,2,7,2
07/29/2023,12:00 PM,91,59,29.7,Clear,0,0,0,0,2,6,2
07/29/2023,12:30 PM,93,52,29.67,Clear,0,0,0,0,2,7,2
07/29/2023,1:00 PM,91,55,29.67,Clear,0,0,0,0,2,6,2
07/29/2023,1:30 PM,91,55,29.64,Clear,0,0,0,0,2,7,2
07/29/2023,2:00 PM,91,55,29.64,Clear,0,0,0,0,2,6,2
07/29/2023,2:30 PM,91,55,29.64,Clear,0,0,0,0,2,6,2
07/29/2023,3:00 PM,91,55,29.61,Clear,0,0,0,0,2,6,2
07/29/2023,3:30 PM,91,55,29.61,Clear,0,0,0,0,2,8,1
07/29/2023,4:00 PM,91,55,29.61,Clear,0,0,0,0,3,15,2
07/29/2023,4:30 PM,91,55,29.61,Clear,0,0,0,0,3,15,2
07/29/2023,5:00 PM,90,59,29.61,Clear,0,0,0,0,3,14,2
07/29/2023,5:30 PM,88,62,29.61,Clear,0,0,0,0,3,14,3
07/29/2023,6:00 PM,88,62,29.64,Clear,0,0,0,0,3,12,2
07/29/2023,6:30 PM,86,66,29.64,Clear,0,0,0,0,3,16,2
07/29/2023,7:00 PM,86,66,29.67,Clear,0,0,0,0,3,15,2
07/29/2023,7:30 PM,86,66,29.67,Clear,0,0,0,0,3,13,2
07/29/2023,8:00 PM,84,70,29.67,Clear,0,0,0,0,2,8,2
07/29/2023,8:30 PM,84,70,29.7,Clear,0,0,0,0,2,7,2
07/29/2023,9:00 PM,84,74,29.7,Clear,0,0,0,0,2,8,1
07/29/2023,9:30 PM,84,74,29.7,Clear,0,0,0,0,2,8,2
07/29/2023,10:00 PM,82,79,29.7,Clear,0,0,0,0,2,9,1
07/29/2023,10:30 PM,82,79,29.73,Clear,0,0,0,0,1,8,2
07/29/2023,11:00 PM,81,84,29.73,Clear,0,0,0,0,2,8,2
07/29/2023,11:30 PM,81,84,29.73,Clear,0,0,0,0,2,8,2
07/30/2023,12:00 AM,81,84,29.7,Clear,0,0,0,0,0,3,2
07/30/2023,12:30 AM,81,84,29.7,Clear,0,0,0,0,0,3,2
07/30/2023,1:00 AM,82,79,29.7,Clear,0,0,0,0,1,3,3
07/30/2023,1:30 AM,82,79,29.7,Clear,0,0,0,0,0,4,2
07/30/2023,2:00 AM,82,79,29.67,Clear,0,0,0,0,0,4,2
07/30/2023,2:30 AM,82,79,29.67,Clear,0,0,0,0,0,3,2
07/30/2023,3:00 AM,79,89,29.67,Clear,0,0,0,0,0,4,2
07/30/2023,3:30 AM,79,89,29.67,Clear,0,0,0,0,0,3,2
07/30/2023,4:00 AM,79,89,29.67,Clear,0,0,0,0,1,3,2
07/30/2023,4:30 AM,79,89,29.67,Clear,0,0,0,0,0,3,2
07/30/2023,5:00 AM,79,89,29.64,Clear,0,0,0,0,3,14,2
07/30/2023,5:30 AM,77,94,29.64,Clear,0,0,0,0,3,14,2
07/30/2023,6:00 AM,77,94,29.67,Clear,0,0,0,0,3,14,1
07/30/2023,6:30 AM,77,94,29.67,Clear,0,0,0,0,3,13,2
07/30/2023,7:00 AM,77,94,29.67,Clear,0,0,0,0,3,14,2
07/30/2023,7:30 AM,79,89,29.7,Clear,0,0,0,0,3,12,2
07/30/2023,8:00 AM,81,89,29.7,Clear,0,0,0,0,3,15,2
07/30/2023,8:30 AM,84,79,29.7,Clear,0,0,0,0,3,13,2
07/30/2023,9:00 AM,86,74,29.7,Clear,0,0,0,0,2,7,2
07/30/2023,9:30 AM,86,70,29.7,Clear,0,0,0,0,2,7,2
07/30/2023,10:00 AM,88,70,29.7,Clear,0,0,0,0,2,5,2
07/30/2023,10:30 AM,88,70,29.7,Clear,0,0,0,0,2,7,2
07/30/2023,11:00 AM,88,70,29.7,Clear,0,0,0,0,2,8,1
07/30/2023,11:30 AM,90,66,29.67,Clear,0,0,0,0,2,6,2
07/30/2023,12:00 PM,88,79,29.67,Clear,0,0,0,0,2,7,2
07/30/2023,12:30 PM,90,70,29.64,Clear,0,0,0,0,2,6,2
07/30/2023,1:00 PM,91,59,29.64,Rain,0,0,0,0,1,8,2
07/30/2023,1:30 PM,90,62,29.64,Rain,0,0,0,0,1,7,2
07/30/2023,2:00 PM,86,74,29.64,Rain,0,0,0,0,1,7,1
07/30/2023,2:30 PM,82,89,29.64,Rain,0,0,0,0,1,7,2
07/30/2023,3:00 PM,82,89,29.61,Clear,0,0,0,0,2,7,2
07/30/2023,3:30 PM,82,89,29.61,Clear,0,0,0,0,2,7,1
07/30/2023,4:00 PM,84,84,29.61,Clear,0,0,0,0,3,10,2
07/30/2023,4:30 PM,86,79,29.61,Rain,0,0,0,0,2,15,2
07/30/2023,5:00 PM,81,84,29.61,Rain,0,0,0,0,2,14,2
07/30/2023,5:30 PM,81,89,29.64,Clear,0,0,0,0,3,13,2
07/30/2023,6:00 PM,81,89,29.64,Clear,0,0,0,0,3,15,2
07/30/2023,6:30 PM,81,84,29.64,Clear,0,0,0,0,3,13,2
07/30/2023,7:00 PM,81,84,29.64,Clear,0,0,0,0,4,14,2
07/30/2023,7:30 PM,81,89,29.67,Clear,0,0,0,0,3,14,2
07/30/2023,8:00 PM,81,89,29.67,Clear,0,0,0,0,2,8,2
07/30/2023,8:30 PM,81,89,29.7,Clear,0,0,0,0,2,8,2
07/30/2023,9:00 PM,81,89,29.7,Clear,0,0,0,0,2,9,2
07/30/2023,9:30 PM,79,94,29.7,Clear,0,0,0,0,2,6,2
07/30/2023,10:00 PM,81,89,29.73,Clear,0,0,0,0,2,7,2
07/30/2023,10:30 PM,79,94,29.76,Clear,0,0,0,0,2,7,2
07/30/2023,11:00 PM,79,94,29.73,Clear,0,0,0,0,2,8,2
07/30/2023,11:30 PM,79,89,29.73,Clear,0,0,0,0,2,9,2
07/31/2023,12:00 AM,77,100,29.73,Rain,0,0,0,0,0,4,2
07/31/2023,12:30 AM,77,94,29.73,Rain,0,0,0,0,0,4,2
07/31/2023,1:00 AM,77,100,29.7,Rain,0,0,0,0,0,4,2
07/31/2023,1:30 AM,77,94,29.7,Rain,0,0,0,0,0,4,2
07/31/2023,2:00 AM,77,94,29.7,Rain,0,0,0,0,0,3,2
07/31/2023,2:30 AM,77,94,29.67,Rain,0,0,0,0,0,3,2
07/31/2023,3:00 AM,77,94,29.7,Rain,0,0,0,0,0,3,2
07/31/2023,3:30 AM,77,94,29.7,Rain,0,0,0,0,0,4,2
07/31/2023,4:00 AM,77,94,29.67,Rain,0,0,0,0,0,4,2
07/31/2023,4:30 AM,77,94,29.67,Rain,0,0,0,0,0,3,2
07/31/2023,5:00 AM,77,94,29.67,Clear,0,0,0,0,3,15,1
07/31/2023,5:30 AM,77,94,29.67,Clear,0,0,0,0,3,11,2
07/31/2023,6:00 AM,77,94,29.7,Clear,0,0,0,0,3,17,2
07/31/2023,6:30 AM,77,94,29.7,Mist,0,0,0,0,3,15,2
07/31/2023,7:00 AM,77,94,29.73,Mist,0,0,0,0,2,12,2
07/31/2023,7:30 AM,77,100,29.73,Mist,0,0,0,0,2,12,2
07/31/2023,8:00 AM,77,100,29.73,Clear,0,0,0,0,2,16,2
07/31/2023,8:30 AM,79,94,29.73,Clear,0,0,0,0,3,15,2
07/31/2023,9:00 AM,81,89,29.73,Clear,0,0,0,0,2,7,1
07/31/2023,9:30 AM,82,84,29.73,Clear,0,0,0,0,2,7,2
07/31/2023,10:00 AM,84,79,29.73,Clear,0,0,0,0,2,7,2
07/31/2023,10:30 AM,86,74,29.73,Clear,0,0,0,0,2,6,2
07/31/2023,11:00 AM,86,74,29.73,Clear,0,0,0,0,2,6,2
07/31/2023,11:30 AM,90,70,29.73,Clear,0,0,0,0,2,6,2
07/31/2023,12:00 PM,86,74,29.7,Rain,0,0,0,0,1,7,2
07/31/2023,12:30 PM,90,66,29.7,Clear,0,0,0,0,2,6,2
07/31/2023,1:00 PM,90,62,29.67,Clear,0,0,0,0,2,7,2
07/31/2023,1:30 PM,90,66,29.67,Rain,0,0,0,0,1,7,2
07/31/2023,2:00 PM,84,84,29.67,Rain,0,0,0,0,1,8,2
07/31/2023,2:30 PM,81,89,29.67,Rain,0,0,0,0,2,7,2
07/31/2023,3:00 PM,79,94,29.67,Rain,0,0,0,0,2,6,2
07/31/2023,3:30 PM,79,94,29.67,Rain,0,0,0,0,1,7,2
07/31/2023,4:00 PM,79,94,29.67,Clear,0,0,0,0,3,14,2
07/31/2023,4:30 PM,79,94,29.64,Clear,0,0,0,0,3,12,2
07/31/2023,5:00 PM,79,94,29.64,Clear,0,0,0,0,3,12,2
07/31/2023,5:30 PM,81,89,29.64,Clear,0,0,0,0,3,14,2
07/31/2023,6:00 PM,81,89,29.64,Clear,0,0,0,0,3,14,2
07/31/2023,6:30 PM,81,89,29.67,Clear,0,0,0,0,3,13,2
07/31/2023,7:00 PM,81,89,29.67,Clear,0,0,0,0,3,14,2
07/31/2023,7:30 PM,79,94,29.67,Clear,0,0,0,0,3,14,2
07/31/2023,8:00 PM,79,94,29.7,Clear,0,0,0,0,2,8,1
07/31/2023,8:30 PM,79,94,29.7,Clear,0,0,0,0,2,7,1
07/31/2023,9:00 PM,79,94,29.7,Clear,0,0,0,0,2,8,2
07/31/2023,9:30 PM,79,94,29.73,Clear,0,0,0,0,2,8,2
07/31/2023,10:00 PM,77,94,29.73,Clear,0,0,0,0,2,9,2
07/31/2023,10:30 PM,79,94,29.73,Clear,0,0,0,0,2,9,2
07/31/2023,11:00 PM,77,100,29.73,Clear,0,0,0,0,2,7,2
07/31/2023,11:30 PM,77,100,29.73,Clear,0,0,0,0,2,8,2
8/1/2023,12:00 AM,77,100,29.73,Clear,0,0,0,0,1,3,2
8/1/2023,12:30 AM,77,100,29.73,Clear,0,0,0,0,1,4,3
8/1/2023,1:00 AM,79,94,29.7,Clear,0,0,0,0,0,3,2
8/1/2023,1:30 AM,79,94,29.7,Clear,0,0,0,0,0,3,2
8/1/2023,2:00 AM,79,94,29.7,Clear,0,0,0,0,0,3,3
8/1/2023,2:30 AM,79,94,29.67,Clear,0,0,0,0,0,3,2
8/1/2023,3:00 AM,79,94,29.67,Clear,0,0,0,0,0,3,2
8/1/2023,3:30 AM,79,94,29.7,Clear,0,0,0,0,0,3,3
8/1/2023,4:00 AM,79,94,29.7,Clear,0,0,0,0,0,3,2
8/1/2023,4:30 AM,79,94,29.7,Rain,0,0,0,0,0,4,2
8/1/2023,5:00 AM,77,94,29.73,Rain,0,0,0,0,2,14,2
8/1/2023,5:30 AM,77,94,29.7,Rain,0,0,0,0,2,14,2
8/1/2023,6:00 AM,77,94,29.7,Rain,0,0,0,0,2,14,2
8/1/2023,6:30 AM,75,100,29.7,Rain,0,0,0,0,2,15,2
8/1/2023,7:00 AM,75,100,29.7,Clear,0,0,0,0,3,11,1
8/1/2023,7:30 AM,75,94,29.73,Clear,0,0,0,0,3,16,2
8/1/2023,8:00 AM,77,89,29.76,Clear,0,0,0,0,3,13,2
8/1/2023,8:30 AM,79,83,29.76,Clear,0,0,0,0,3,12,2
8/1/2023,9:00 AM,81,79,29.76,Clear,0,0,0,0,2,8,2
8/1/2023,9:30 AM,82,79,29.76,Clear,0,0,0,0,2,7,2
8/1/2023,10:00 AM,84,74,29.76,Clear,0,0,0,0,2,7,2
8/1/2023,10:30 AM,84,74,29.76,Clear,0,0,0,0,2,7,1
8/1/2023,11:00 AM,84,74,29.73,Clear,0,0,0,0,2,7,1
8/1/2023,11:30 AM,88,70,29.73,Clear,0,0,0,0,2,6,2
8/1/2023,12:00 PM,88,66,29.73,Clear,0,0,0,0,2,7,2
8/1/2023,12:30 PM,88,66,29.7,Clear,0,0,0,0,2,6,1
8/1/2023,1:00 PM,88,66,29.7,Clear,0,0,0,0,2,7,2
8/1/2023,1:30 PM,88,66,29.67,Clear,0,0,0,0,2,6,2
8/1/2023,2:00 PM,88,66,29.67,Clear,0,0,0,0,2,6,1
8/1/2023,2:30 PM,86,70,29.67,Clear,0,0,0,0,2,7,2
8/1/2023,3:00 PM,88,66,29.67,Rain,0,0,0,0,1,7,2
8/1/2023,3:30 PM,86,70,29.67,Rain,0,0,0,0,1,9,2
8/1/2023,4:00 PM,86,70,29.67,Clear,0,0,0,0,3,12,2
8/1/2023,4:30 PM,86,70,29.67,Clear,0,0,0,0,3,13,2
8/1/2023,5:00 PM,84,79,29.67,Rain,0,0,0,0,2,16,2
8/1/2023,5:30 PM,84,84,29.67,Rain,0,0,0,0,2,18,2
8/1/2023,6:00 PM,82,89,29.7,Rain,0,0,0,0,2,13,2
8/1/2023,6:30 PM,77,94,29.73,Rain,0,0,0,0,2,16,2
8/1/2023,7:00 PM,77,94,29.73,Rain,0,0,0,0,2,14,2
8/1/2023,7:30 PM,77,94,29.73,Rain,0,0,0,0,2,16,3
8/1/2023,8:00 PM,77,94,29.76,Clear,0,0,0,0,2,9,1
8/1/2023,8:30 PM,77,94,29.76,Rain,0,0,0,0,1,9,2
8/1/2023,9:00 PM,77,94,29.76,Rain,0,0,0,0,1,9,2
8/1/2023,9:30 PM,77,94,29.76,Rain,0,0,0,0,1,8,2
8/1/2023,10:00 PM,77,94,29.76,Rain,0,0,0,0,1,8,2
8/1/2023,10:30 PM,77,94,29.76,Rain,0,0,0,0,1,9,2
8/1/2023,11:00 PM,77,100,29.76,Clear,0,0,0,0,1,8,2
8/1/2023,11:30 PM,77,94,29.76,Clear,0,0,0,0,2,9,2
8/2/2023,12:00 AM,77,100,29.76,Clear,0,0,0,0,0,3,2
8/2/2023,12:30 AM,77,100,29.73,Clear,0,0,0,0,0,3,2
8/2/2023,1:00 AM,77,94,29.73,Clear,0,0,0,0,0,3,3
8/2/2023,1:30 AM,77,94,29.73,Clear,0,0,0,0,1,3,2
8/2/2023,2:00 AM,77,94,29.73,Clear,0,0,0,0,0,3,2
8/2/2023,2:30 AM,77,94,29.73,Clear,0,0,0,0,0,3,2
8/2/2023,3:00 AM,77,94,29.7,Clear,0,0,0,0,1,4,2
8/2/2023,3:30 AM,77,94,29.7,Clear,0,0,0,0,0,3,3
8/2/2023,4:00 AM,77,94,29.7,Clear,0,0,0,0,0,3,3
8/2/2023,4:30 AM,77,100,29.7,Clear,0,0,0,0,0,3,3
8/2/2023,5:00 AM,77,100,29.73,Clear,0,0,0,0,3,12,2
8/2/2023,5:30 AM,77,100,29.73,Clear,0,0,0,0,3,12,2
8/2/2023,6:00 AM,77,100,29.73,Clear,0,0,0,0,3,13,2
8/2/2023,6:30 AM,77,100,29.73,Mist,0,0,0,0,3,14,2
8/2/2023,7:00 AM,77,100,29.73,Mist,0,0,0,0,3,15,2
8/2/2023,7:30 AM,77,100,29.76,Mist,0,0,0,0,3,14,1
8/2/2023,8:00 AM,79,94,29.76,Clear,0,0,0,0,3,13,2
8/2/2023,8:30 AM,81,89,29.76,Clear,0,0,0,0,3,13,1
8/2/2023,9:00 AM,82,84,29.76,Clear,0,0,0,0,2,6,1
8/2/2023,9:30 AM,82,84,29.76,Clear,0,0,0,0,2,7,1
8/2/2023,10:00 AM,84,79,29.76,Clear,0,0,0,0,2,8,2
8/2/2023,10:30 AM,84,84,29.76,Clear,0,0,0,0,2,6,2
8/2/2023,11:00 AM,86,74,29.76,Clear,0,0,0,0,2,6,2
8/2/2023,11:30 AM,86,74,29.76,Clear,0,0,0,0,2,6,1
8/2/2023,12:00 PM,88,70,29.76,Clear,0,0,0,0,2,6,1
8/2/2023,12:30 PM,86,74,29.76,Clear,0,0,0,0,2,6,1
8/2/2023,1:00 PM,88,70,29.73,Clear,0,0,0,0,2,8,2
8/2/2023,1:30 PM,86,74,29.73,Clear,0,0,0,0,2,8,2
8/2/2023,2:00 PM,88,70,29.7,Clear,0,0,0,0,2,7,1
8/2/2023,2:30 PM,88,70,29.7,Clear,0,0,0,0,2,6,2
8/2/2023,3:00 PM,88,70,29.7,Clear,0,0,0,0,2,8,1
8/2/2023,3:30 PM,86,74,29.67,Clear,0,0,0,0,2,6,2
8/2/2023,4:00 PM,88,70,29.67,Clear,0,0,0,0,3,15,2
8/2/2023,4:30 PM,88,70,29.67,Clear,0,0,0,0,3,13,2
8/2/2023,5:00 PM,88,70,29.67,Clear,0,0,0,0,2,14,2
8/2/2023,5:30 PM,88,75,29.67,Clear,0,0,0,0,3,13,2
8/2/2023,6:00 PM,86,79,29.67,Clear,0,0,0,0,3,14,2
8/2/2023,6:30 PM,86,62,29.7,Clear,0,0,0,0,3,16,2
8/2/2023,7:00 PM,84,66,29.7,Clear,0,0,0,0,3,12,3
8/2/2023,7:30 PM,84,66,29.73,Clear,0,0,0,0,3,12,3
8/2/2023,8:00 PM,82,74,29.73,Clear,0,0,0,0,2,7,2
8/2/2023,8:30 PM,82,74,29.73,Clear,0,0,0,0,2,7,2
8/2/2023,9:00 PM,82,79,29.76,Clear,0,0,0,0,1,10,2
8/2/2023,9:30 PM,81,84,29.76,Clear,0,0,0,0,1,8,2
8/2/2023,10:00 PM,81,79,29.76,Clear,0,0,0,0,2,8,2
8/2/2023,10:30 PM,81,79,29.79,Clear,0,0,0,0,2,9,2
8/2/2023,11:00 PM,81,84,29.79,Clear,0,0,0,0,2,7,2
8/2/2023,11:30 PM,81,89,29.76,Clear,0,0,0,0,2,8,2
8/3/2023,12:00 AM,79,94,29.76,Clear,0,0,0,0,0,2,2
8/3/2023,12:30 AM,79,94,29.76,Clear,0,0,0,0,1,3,2
8/3/2023,1:00 AM,79,94,29.76,Clear,0,0,0,0,1,3,2
8/3/2023,1:30 AM,79,94,29.73,Clear,0,0,0,0,1,3,2
8/3/2023,2:00 AM,77,100,29.73,Clear,0,0,0,0,1,3,2
8/3/2023,2:30 AM,77,100,29.73,Clear,0,0,0,0,0,4,2
8/3/2023,3:00 AM,77,100,29.73,Clear,0,0,0,0,0,3,2
8/3/2023,3:30 AM,77,100,29.73,Clear,0,0,0,0,0,4,2
8/3/2023,4:00 AM,77,94,29.73,Clear,0,0,0,0,0,3,2
8/3/2023,4:30 AM,77,94,29.73,Clear,0,0,0,0,0,3,2
8/3/2023,5:00 AM,77,100,29.73,Clear,0,0,0,0,3,16,2
8/3/2023,5:30 AM,79,94,29.73,Rain,0,0,0,0,2,15,2
8/3/2023,6:00 AM,79,94,29.73,Clear,0,0,0,0,3,14,2
8/3/2023,6:30 AM,77,100,29.73,Clear,0,0,0,0,3,12,2
8/3/2023,7:00 AM,79,94,29.73,Clear,0,0,0,0,3,13,2
8/3/2023,7:30 AM,79,94,29.76,Clear,0,0,0,0,3,14,1
8/3/2023,8:00 AM,81,89,29.76,Clear,0,0,0,0,3,13,2
8/3/2023,8:30 AM,82,84,29.76,Clear,0,0,0,0,3,14,2
8/3/2023,9:00 AM,84,79,29.76,Clear,0,0,0,0,2,7,2
8/3/2023,9:30 AM,86,79,29.79,Clear,0,0,0,0,2,6,1
8/3/2023,10:00 AM,86,79,29.76,Clear,0,0,0,0,2,7,2
8/3/2023,10:30 AM,90,66,29.76,Clear,0,0,0,0,2,7,1
8/3/2023,11:00 AM,88,66,29.76,Clear,0,0,0,0,2,7,2
8/3/2023,11:30 AM,90,62,29.76,Rain,0,0,0,0,1,7,2
8/3/2023,12:00 PM,88,66,29.73,Rain,0,0,0,0,1,8,1
8/3/2023,12:30 PM,90,62,29.73,Clear,0,0,0,0,2,7,2
8/3/2023,1:00 PM,90,62,29.73,Clear,0,0,0,0,2,6,2
8/3/2023,1:30 PM,91,59,29.7,Clear,0,0,0,0,2,6,2
8/3/2023,2:00 PM,90,62,29.7,Clear,0,0,0,0,2,7,2
8/3/2023,2:30 PM,91,59,29.7,Clear,0,0,0,0,2,6,2
8/3/2023,3:00 PM,90,62,29.67,Clear,0,0,0,0,2,6,2
8/3/2023,3:30 PM,90,62,29.67,Clear,0,0,0,0,2,7,2
8/3/2023,4:00 PM,90,62,29.67,Clear,0,0,0,0,2,13,3
8/3/2023,4:30 PM,90,62,29.67,Clear,0,0,0,0,3,14,3
8/3/2023,5:00 PM,90,59,29.67,Clear,0,0,0,0,2,16,2
8/3/2023,5:30 PM,88,62,29.7,Clear,0,0,0,0,3,14,3
8/3/2023,6:00 PM,88,62,29.7,Clear,0,0,0,0,3,13,2
8/3/2023,6:30 PM,86,66,29.73,Clear,0,0,0,0,3,12,2
8/3/2023,7:00 PM,84,70,29.73,Clear,0,0,0,0,3,15,2
8/3/2023,7:30 PM,84,70,29.76,Clear,0,0,0,0,3,15,2
8/3/2023,8:00 PM,84,70,29.76,Clear,0,0,0,0,2,7,1
8/3/2023,8:30 PM,82,79,29.79,Clear,0,0,0,0,2,8,1
8/3/2023,9:00 PM,82,79,29.79,Clear,0,0,0,0,2,7,2
8/3/2023,9:30 PM,81,84,29.79,Clear,0,0,0,0,2,10,2
8/3/2023,10:00 PM,81,84,29.81,Clear,0,0,0,0,2,8,2
8/3/2023,10:30 PM,81,84,29.81,Clear,0,0,0,0,1,8,2
8/3/2023,11:00 PM,81,89,29.81,Clear,0,0,0,0,2,7,2
8/3/2023,11:30 PM,81,89,29.81,Clear,0,0,0,0,2,8,1
8/4/2023,12:00 AM,81,89,29.79,Clear,0,0,0,0,0,3,3
8/4/2023,12:30 AM,81,89,29.79,Clear,0,0,0,0,0,4,2
8/4/2023,1:00 AM,79,94,29.79,Clear,0,0,0,0,0,3,2
8/4/2023,1:30 AM,79,94,29.79,Clear,0,0,0,0,0,3,2
8/4/2023,2:00 AM,79,94,29.76,Clear,0,0,0,0,0,3,2
8/4/2023,2:30 AM,79,94,29.76,Clear,0,0,0,0,0,4,2
8/4/2023,3:00 AM,77,100,29.76,Clear,0,0,0,0,0,3,2
8/4/2023,3:30 AM,77,100,29.76,Clear,0,0,0,0,1,3,3
8/4/2023,4:00 AM,77,100,29.76,Clear,0,0,0,0,0,3,2
8/4/2023,4:30 AM,77,100,29.76,Clear,0,0,0,0,1,3,2
8/4/2023,5:00 AM,77,100,29.76,Clear,0,0,0,0,3,14,2
8/4/2023,5:30 AM,77,94,29.76,Clear,0,0,0,0,3,13,2
8/4/2023,6:00 AM,77,94,29.76,Clear,0,0,0,0,3,13,1
8/4/2023,6:30 AM,77,100,29.76,Clear,0,0,0,0,2,15,2
8/4/2023,7:00 AM,77,100,29.79,Clear,0,0,0,0,3,13,2
8/4/2023,7:30 AM,79,94,29.79,Clear,0,0,0,0,3,12,2
8/4/2023,8:00 AM,81,94,29.81,Clear,0,0,0,0,3,14,1
8/4/2023,8:30 AM,82,89,29.81,Clear,0,0,0,0,3,14,2
8/4/2023,9:00 AM,82,89,29.81,Clear,0,0,0,0,2,7,1
8/4/2023,9:30 AM,84,89,29.81,Clear,0,0,0,0,2,5,2
8/4/2023,10:00 AM,86,74,29.81,Clear,0,0,0,0,2,6,2
8/4/2023,10:30 AM,88,75,29.81,Clear,0,0,0,0,2,7,2
8/4/2023,11:00 AM,88,70,29.79,Clear,0,0,0,0,2,7,2
8/4/2023,11:30 AM,88,70,29.79,Clear,0,0,0,0,2,7,2
8/4/2023,12:00 PM,90,66,29.79,Clear,0,0,0,0,2,6,2
8/4/2023,12:30 PM,90,66,29.79,Clear,0,0,0,0,2,7,2
8/4/2023,1:00 PM,91,63,29.76,Clear,0,0,0,0,2,7,2
8/4/2023,1:30 PM,86,70,29.79,Rain,0,0,0,0,1,7,2
8/4/2023,2:00 PM,84,74,29.76,Rain,0,0,0,0,1,7,1
8/4/2023,2:30 PM,84,66,29.76,Clear,0,0,0,0,2,7,2
8/4/2023,3:00 PM,84,70,29.73,Clear,0,0,0,0,2,7,2
8/4/2023,3:30 PM,88,66,29.73,Clear,0,0,0,0,2,7,2
8/4/2023,4:00 PM,90,66,29.73,Clear,0,0,0,0,3,15,2
8/4/2023,4:30 PM,90,66,29.73,Clear,0,0,0,0,3,11,2
8/4/2023,5:00 PM,88,70,29.73,Clear,0,0,0,0,3,13,2
8/4/2023,5:30 PM,88,70,29.73,Clear,0,0,0,0,3,13,2
8/4/2023,6:00 PM,86,70,29.73,Clear,0,0,0,0,3,11,2
8/4/2023,6:30 PM,84,74,29.76,Clear,0,0,0,0,3,14,3
8/4/2023,7:00 PM,84,74,29.76,Clear,0,0,0,0,3,15,3
8/4/2023,7:30 PM,82,79,29.76,Clear,0,0,0,0,3,12,2
8/4/2023,8:00 PM,84,74,29.79,Clear,0,0,0,0,1,8,1
8/4/2023,8:30 PM,82,79,29.79,Clear,0,0,0,0,2,8,1
8/4/2023,9:00 PM,82,79,29.81,Clear,0,0,0,0,2,7,2
8/4/2023,9:30 PM,81,89,29.81,Clear,0,0,0,0,2,8,2
8/4/2023,10:00 PM,81,84,29.81,Clear,0,0,0,0,2,7,2
8/4/2023,10:30 PM,81,89,29.84,Clear,0,0,0,0,2,9,2
8/4/2023,11:00 PM,81,89,29.84,Clear,0,0,0,0,2,8,2
8/4/2023,11:30 PM,81,89,29.84,Clear,0,0,0,0,2,8,2
8/5/2023,12:00 AM,81,89,29.84,Clear,0,0,0,0,0,3,2
8/5/2023,12:30 AM,81,89,29.81,Clear,0,0,0,0,0,4,2
8/5/2023,1:00 AM,81,89,29.81,Clear,0,0,0,0,0,3,2
8/5/2023,1:30 AM,81,89,29.81,Clear,0,0,0,0,0,3,2
8/5/2023,2:00 AM,79,94,29.79,Clear,0,0,0,0,0,3,2
8/5/2023,2:30 AM,79,94,29.79,Clear,0,0,0,0,1,3,2
8/5/2023,3:00 AM,79,94,29.79,Clear,0,0,0,0,0,3,3
8/5/2023,3:30 AM,79,94,29.79,Clear,0,0,0,0,1,3,2
8/5/2023,4:00 AM,79,94,29.79,Clear,0,0,0,0,0,3,2
8/5/2023,4:30 AM,79,94,29.79,Clear,0,0,0,0,1,3,3
8/5/2023,5:00 AM,79,94,29.79,Clear,0,0,0,0,3,15,2
8/5/2023,5:30 AM,79,94,29.79,Clear,0,0,0,0,3,13,1
8/5/2023,6:00 AM,79,94,29.81,Clear,0,0,0,0,3,11,2
8/5/2023,6:30 AM,79,94,29.79,Clear,0,0,0,0,3,13,2
8/5/2023,7:00 AM,79,94,29.81,Clear,0,0,0,0,3,14,2
8/5/2023,7:30 AM,81,94,29.81,Clear,0,0,0,0,3,13,2
8/5/2023,8:00 AM,82,89,29.81,Clear,0,0,0,0,3,11,2
8/5/2023,8:30 AM,82,89,29.84,Clear,0,0,0,0,3,12,2
8/5/2023,9:00 AM,84,84,29.84,Clear,0,0,0,0,2,7,2
8/5/2023,9:30 AM,86,79,29.84,Clear,0,0,0,0,2,7,2
8/5/2023,10:00 AM,88,70,29.84,Clear,0,0,0,0,2,6,2
8/5/2023,10:30 AM,90,66,29.84,Rain,0,0,0,0,1,7,2
8/5/2023,11:00 AM,79,89,29.84,Rain,0,0,0,0,1,7,2
8/5/2023,11:30 AM,82,84,29.81,Clear,0,0,0,0,2,7,2
8/5/2023,12:00 PM,86,70,29.81,Clear,0,0,0,0,2,7,1
8/5/2023,12:30 PM,90,66,29.79,Clear,0,0,0,0,2,7,2
8/5/2023,1:00 PM,90,66,29.79,Clear,0,0,0,0,2,7,2
8/5/2023,1:30 PM,91,63,29.76,Clear,0,0,0,0,2,6,2
8/5/2023,2:00 PM,91,55,29.76,Clear,0,0,0,0,2,6,1
8/5/2023,2:30 PM,93,56,29.73,Clear,0,0,0,0,2,7,2
8/5/2023,3:00 PM,91,59,29.73,Clear,0,0,0,0,2,6,2
8/5/2023,3:30 PM,90,55,29.73,Clear,0,0,0,0,2,7,2
8/5/2023,4:00 PM,90,55,29.73,Clear,0,0,0,0,3,13,2
8/5/2023,4:30 PM,90,55,29.73,Clear,0,0,0,0,3,17,2
8/5/2023,5:00 PM,90,55,29.73,Clear,0,0,0,0,3,13,3
8/5/2023,5:30 PM,88,58,29.73,Clear,0,0,0,0,3,13,2
8/5/2023,6:00 PM,88,62,29.76,Clear,0,0,0,0,3,14,2
8/5/2023,6:30 PM,88,62,29.76,Clear,0,0,0,0,3,15,2
8/5/2023,7:00 PM,86,62,29.76,Clear,0,0,0,0,3,14,3
8/5/2023,7:30 PM,84,66,29.76,Clear,0,0,0,0,3,12,2
8/5/2023,8:00 PM,82,79,29.79,Clear,0,0,0,0,2,8,2
8/5/2023,8:30 PM,82,84,29.79,Clear,0,0,0,0,2,7,2
8/5/2023,9:00 PM,81,89,29.81,Clear,0,0,0,0,1,8,1
8/5/2023,9:30 PM,81,89,29.81,Clear,0,0,0,0,2,8,2
8/5/2023,10:00 PM,81,89,29.84,Clear,0,0,0,0,2,7,2
8/5/2023,10:30 PM,81,89,29.84,Clear,0,0,0,0,2,9,1
8/5/2023,11:00 PM,79,94,29.81,Clear,0,0,0,0,2,7,1
8/5/2023,11:30 PM,79,94,29.81,Clear,0,0,0,0,2,7,2
8/6/2023,12:00 AM,79,94,29.81,Clear,0,0,0,0,1,3,2
8/6/2023,12:30 AM,79,94,29.81,Clear,0,0,0,0,0,4,2
8/6/2023,1:00 AM,79,89,29.79,Clear,0,0,0,0,0,3,2
8/6/2023,1:30 AM,79,89,29.79,Clear,0,0,0,0,0,3,2
8/6/2023,2:00 AM,79,94,29.76,Clear,0,0,0,0,0,4,2
8/6/2023,2:30 AM,79,94,29.76,Clear,0,0,0,0,0,3,2
8/6/2023,3:00 AM,77,100,29.76,Clear,0,0,0,0,0,4,2
8/6/2023,3:30 AM,77,100,29.76,Clear,0,0,0,0,1,3,3
8/6/2023,4:00 AM,77,100,29.76,Clear,0,0,0,0,0,3,2
8/6/2023,4:30 AM,77,100,29.76,Clear,0,0,0,0,0,3,2
8/6/2023,5:00 AM,77,100,29.76,Clear,0,0,0,0,3,13,2
8/6/2023,5:30 AM,77,94,29.76,Clear,0,0,0,0,3,15,2
8/6/2023,6:00 AM,77,94,29.76,Clear,0,0,0,0,2,13,2
8/6/2023,6:30 AM,77,100,29.79,Clear,0,0,0,0,3,14,2
8/6/2023,7:00 AM,77,100,29.79,Clear,0,0,0,0,3,15,1
8/6/2023,7:30 AM,79,94,29.79,Clear,0,0,0,0,3,14,2
8/6/2023,8:00 AM,81,89,29.81,Clear,0,0,0,0,3,12,2
8/6/2023,8:30 AM,84,84,29.81,Clear,0,0,0,0,3,15,2
8/6/2023,9:00 AM,86,79,29.79,Clear,0,0,0,0,1,7,2
8/6/2023,9:30 AM,88,70,29.79,Clear,0,0,0,0,2,7,2
8/6/2023,10:00 AM,86,74,29.79,Clear,0,0,0,0,2,6,2
8/6/2023,10:30 AM,88,66,29.79,Clear,0,0,0,0,2,6,1
8/6/2023,11:00 AM,90,59,29.79,Clear,0,0,0,0,2,7,2
8/6/2023,11:30 AM,91,59,29.79,Clear,0,0,0,0,2,6,1
8/6/2023,12:00 PM,91,55,29.76,Rain,0,0,0,0,1,8,2
8/6/2023,12:30 PM,91,55,29.76,Rain,0,0,0,0,1,9,1
8/6/2023,1:00 PM,90,62,29.73,Rain,0,0,0,0,1,7,2
8/6/2023,1:30 PM,91,55,29.73,Rain,0,0,0,0,2,8,2
8/6/2023,2:00 PM,90,62,29.73,Clear,0,0,0,0,2,7,2
8/6/2023,2:30 PM,90,62,29.7,Rain,0,0,0,0,1,8,2
8/6/2023,3:00 PM,86,66,29.7,Rain,0,0,0,0,1,8,2
8/6/2023,3:30 PM,86,66,29.7,Clear,0,0,0,0,2,6,2
8/6/2023,4:00 PM,86,66,29.7,Clear,0,0,0,0,3,15,3
8/6/2023,4:30 PM,86,66,29.7,Clear,0,0,0,0,3,13,2
8/6/2023,5:00 PM,86,66,29.7,Clear,0,0,0,0,3,12,2
8/6/2023,5:30 PM,84,74,29.73,Clear,0,0,0,0,3,14,2
8/6/2023,6:00 PM,84,74,29.73,Clear,0,0,0,0,3,14,3
8/6/2023,6:30 PM,84,74,29.73,Clear,0,0,0,0,3,13,2
8/6/2023,7:00 PM,84,74,29.73,Clear,0,0,0,0,3,14,2
8/6/2023,7:30 PM,82,79,29.73,Clear,0,0,0,0,3,15,2
8/6/2023,8:00 PM,84,74,29.73,Clear,0,0,0,0,2,8,2
8/6/2023,8:30 PM,82,79,29.76,Clear,0,0,0,0,2,6,1
8/6/2023,9:00 PM,82,79,29.76,Clear,0,0,0,0,2,7,2
8/6/2023,9:30 PM,82,74,29.79,Clear,0,0,0,0,2,7,2
8/6/2023,10:00 PM,81,79,29.79,Clear,0,0,0,0,2,8,2
8/6/2023,10:30 PM,81,79,29.79,Clear,0,0,0,0,2,8,2
8/6/2023,11:00 PM,81,79,29.79,Clear,0,0,0,0,2,8,2
8/6/2023,11:30 PM,81,84,29.79,Clear,0,0,0,0,1,8,2
8/7/2023,12:00 AM,81,84,29.79,Clear,0,0,0,0,1,3,2
8/7/2023,12:30 AM,81,84,29.79,Clear,0,0,0,0,0,4,3
8/7/2023,1:00 AM,81,84,29.76,Clear,0,0,0,0,0,3,2
8/7/2023,1:30 AM,81,84,29.76,Clear,0,0,0,0,0,3,2
8/7/2023,2:00 AM,79,89,29.73,Clear,0,0,0,0,0,3,2
8/7/2023,2:30 AM,79,89,29.73,Clear,0,0,0,0,0,3,2
8/7/2023,3:00 AM,79,89,29.7,Clear,0,0,0,0,0,3,2
8/7/2023,3:30 AM,79,89,29.7,Clear,0,0,0,0,0,3,2
8/7/2023,4:00 AM,79,89,29.7,Clear,0,0,0,0,1,3,3
8/7/2023,4:30 AM,79,89,29.7,Clear,0,0,0,0,0,3,2
8/7/2023,5:00 AM,77,94,29.73,Clear,0,0,0,0,3,12,2
8/7/2023,5:30 AM,77,94,29.73,Clear,0,0,0,0,3,13,1
8/7/2023,6:00 AM,77,94,29.73,Clear,0,0,0,0,3,14,2
8/7/2023,6:30 AM,77,94,29.73,Clear,0,0,0,0,2,17,2
8/7/2023,7:00 AM,77,94,29.73,Clear,0,0,0,0,3,15,2
8/7/2023,7:30 AM,79,94,29.73,Clear,0,0,0,0,3,15,2
8/7/2023,8:00 AM,82,84,29.76,Clear,0,0,0,0,3,15,2
8/7/2023,8:30 AM,82,84,29.76,Clear,0,0,0,0,3,14,2
8/7/2023,9:00 AM,82,84,29.76,Clear,0,0,0,0,2,7,1
8/7/2023,9:30 AM,86,74,29.76,Clear,0,0,0,0,2,7,2
8/7/2023,10:00 AM,88,70,29.76,Clear,0,0,0,0,2,7,2
8/7/2023,10:30 AM,88,70,29.76,Clear,0,0,0,0,2,8,2
8/7/2023,11:00 AM,90,66,29.76,Clear,0,0,0,0,2,7,2
8/7/2023,11:30 AM,90,62,29.73,Clear,0,0,0,0,2,7,2
8/7/2023,12:00 PM,91,63,29.73,Rain,0,0,0,0,1,8,1
8/7/2023,12:30 PM,88,62,29.7,Rain,0,0,0,0,1,7,1
8/7/2023,1:00 PM,86,66,29.7,Rain,0,0,0,0,2,7,1
8/7/2023,1:30 PM,90,62,29.7,Clear,0,0,0,0,2,8,2
8/7/2023,2:00 PM,88,66,29.67,Clear,0,0,0,0,2,7,2
8/7/2023,2:30 PM,90,70,29.67,Clear,0,0,0,0,2,7,2
8/7/2023,3:00 PM,90,62,29.64,Clear,0,0,0,0,2,7,2
8/7/2023,3:30 PM,90,59,29.64,Clear,0,0,0,0,2,6,2
8/7/2023,4:00 PM,90,62,29.64,Clear,0,0,0,0,3,12,3
8/7/2023,4:30 PM,90,62,29.64,Clear,0,0,0,0,3,13,2
8/7/2023,5:00 PM,88,66,29.64,Clear,0,0,0,0,3,12,2
8/7/2023,5:30 PM,88,66,29.67,Rain,0,0,0,0,2,13,2
8/7/2023,6:00 PM,86,70,29.67,Rain,0,0,0,0,2,17,2
8/7/2023,6:30 PM,86,66,29.67,Clear,0,0,0,0,3,12,2
8/7/2023,7:00 PM,84,70,29.7,Clear,0,0,0,0,3,15,3
8/7/2023,7:30 PM,82,74,29.7,Clear,0,0,0,0,3,12,2
8/7/2023,8:00 PM,82,74,29.73,Clear,0,0,0,0,1,8,1
8/7/2023,8:30 PM,82,79,29.73,Clear,0,0,0,0,2,7,2
8/7/2023,9:00 PM,82,79,29.73,Clear,0,0,0,0,2,7,2
8/7/2023,9:30 PM,81,84,29.76,Clear,0,0,0,0,2,8,1
8/7/2023,10:00 PM,81,84,29.76,Clear,0,0,0,0,2,7,2
8/7/2023,10:30 PM,81,84,29.76,Clear,0,0,0,0,2,8,2
8/7/2023,11:00 PM,81,84,29.76,Clear,0,0,0,0,2,9,2
8/7/2023,11:30 PM,79,89,29.76,Clear,0,0,0,0,2,9,2
8/8/2023,12:00 AM,79,89,29.73,Clear,0,0,0,0,0,3,2
8/8/2023,12:30 AM,79,89,29.73,Clear,0,0,0,0,1,3,2
8/8/2023,1:00 AM,79,89,29.73,Clear,0,0,0,0,0,4,2
8/8/2023,1:30 AM,79,89,29.73,Clear,0,0,0,0,0,3,2
8/8/2023,2:00 AM,79,89,29.7,Clear,0,0,0,0,1,4,2
8/8/2023,2:30 AM,79,89,29.7,Clear,0,0,0,0,1,3,2
8/8/2023,3:00 AM,79,89,29.7,Clear,0,0,0,0,0,3,2
8/8/2023,3:30 AM,79,94,29.7,Clear,0,0,0,0,0,3,2
8/8/2023,4:00 AM,79,89,29.7,Clear,0,0,0,0,0,3,3
8/8/2023,4:30 AM,77,94,29.7,Clear,0,0,0,0,1,3,2
8/8/2023,5:00 AM,77,100,29.7,Clear,0,0,0,0,3,14,2
8/8/2023,5:30 AM,77,94,29.73,Clear,0,0,0,0,3,15,1
8/8/2023,6:00 AM,77,94,29.73,Clear,0,0,0,0,3,15,2
8/8/2023,6:30 AM,77,94,29.73,Clear,0,0,0,0,3,15,2
8/8/2023,7:00 AM,79,94,29.76,Clear,0,0,0,0,2,11,2
8/8/2023,7:30 AM,79,89,29.79,Clear,0,0,0,0,3,14,2
8/8/2023,8:00 AM,81,84,29.79,Clear,0,0,0,0,3,15,2
8/8/2023,8:30 AM,82,79,29.79,Clear,0,0,0,0,3,16,2
8/8/2023,9:00 AM,84,70,29.81,Clear,0,0,0,0,2,7,2
8/8/2023,9:30 AM,82,74,29.81,Rain,0,0,0,0,2,9,2
8/8/2023,10:30 AM,84,70,29.81,Rain,0,0,0,0,1,8,1
8/8/2023,11:00 AM,82,74,29.79,Clear,0,0,0,0,2,7,2
8/8/2023,11:30 AM,86,66,29.79,Clear,0,0,0,0,2,6,1
8/8/2023,12:00 PM,88,55,29.76,Clear,0,0,0,0,2,7,1
8/8/2023,12:30 PM,90,52,29.73,Clear,0,0,0,0,2,6,2
8/8/2023,1:00 PM,90,52,29.73,Clear,0,0,0,0,2,7,2
8/8/2023,1:30 PM,91,52,29.7,Clear,0,0,0,0,2,8,2
8/8/2023,2:00 PM,93,46,29.7,Clear,0,0,0,0,2,6,2
8/8/2023,2:30 PM,91,49,29.7,Clear,0,0,0,0,2,7,2
8/8/2023,3:00 PM,90,52,29.7,Clear,0,0,0,0,2,6,1
8/8/2023,3:30 PM,90,52,29.7,Clear,0,0,0,0,2,7,2
8/8/2023,4:00 PM,90,49,29.7,Clear,0,0,0,0,3,13,3
8/8/2023,4:30 PM,90,52,29.7,Clear,0,0,0,0,3,13,2
8/8/2023,5:00 PM,90,52,29.7,Clear,0,0,0,0,3,14,2
8/8/2023,5:30 PM,90,52,29.7,Clear,0,0,0,0,3,13,2
8/8/2023,6:00 PM,88,58,29.7,Clear,0,0,0,0,3,13,3
8/8/2023,6:30 PM,86,62,29.7,Clear,0,0,0,0,3,13,2
8/8/2023,7:00 PM,86,62,29.73,Clear,0,0,0,0,3,15,2
8/8/2023,7:30 PM,86,62,29.73,Clear,0,0,0,0,3,14,2
8/8/2023,8:00 PM,84,70,29.73,Clear,0,0,0,0,2,9,2
8/8/2023,8:30 PM,84,70,29.76,Clear,0,0,0,0,2,7,2
8/8/2023,9:00 PM,82,74,29.76,Clear,0,0,0,0,2,8,2
8/8/2023,9:30 PM,81,79,29.79,Clear,0,0,0,0,2,9,2
8/8/2023,10:00 PM,81,79,29.79,Clear,0,0,0,0,2,8,2
8/8/2023,10:30 PM,81,79,29.79,Clear,0,0,0,0,2,7,2
8/8/2023,11:00 PM,81,79,29.79,Clear,0,0,0,0,2,8,2
8/8/2023,11:30 PM,79,89,29.79,Clear,0,0,0,0,2,10,1
8/9/2023,12:00 AM,79,89,29.79,Clear,0,0,0,0,0,3,2
8/9/2023,12:30 AM,79,89,29.79,Clear,0,0,0,0,1,3,3
8/9/2023,1:00 AM,77,94,29.76,Clear,0,0,0,0,0,3,3
8/9/2023,1:30 AM,77,94,29.76,Clear,0,0,0,0,0,3,2
8/9/2023,2:00 AM,77,94,29.76,Clear,0,0,0,0,1,3,2
8/9/2023,2:30 AM,77,94,29.76,Clear,0,0,0,0,0,3,2
8/9/2023,3:00 AM,77,94,29.76,Clear,0,0,0,0,0,3,2
8/9/2023,3:30 AM,77,94,29.76,Clear,0,0,0,0,0,3,2
8/9/2023,4:00 AM,77,94,29.76,Clear,0,0,0,0,0,3,2
8/9/2023,4:30 AM,77,94,29.76,Clear,0,0,0,0,0,3,2
8/9/2023,5:00 AM,77,94,29.76,Clear,0,0,0,0,3,14,2
8/9/2023,5:30 AM,77,94,29.76,Clear,0,0,0,0,3,16,2
8/9/2023,6:00 AM,77,94,29.76,Clear,0,0,0,0,3,18,2
8/9/2023,6:30 AM,75,100,29.76,Clear,0,0,0,0,3,14,2
8/9/2023,7:00 AM,77,94,29.79,Clear,0,0,0,0,3,14,2
8/9/2023,7:30 AM,81,84,29.79,Clear,0,0,0,0,3,15,2
8/9/2023,8:00 AM,82,79,29.79,Clear,0,0,0,0,3,15,2
8/9/2023,8:30 AM,82,79,29.81,Clear,0,0,0,0,3,14,1
8/9/2023,9:00 AM,84,74,29.81,Clear,0,0,0,0,2,6,1
8/9/2023,9:30 AM,86,70,29.81,Clear,0,0,0,0,2,6,2
8/9/2023,10:00 AM,88,66,29.81,Clear,0,0,0,0,2,9,2
8/9/2023,10:30 AM,88,66,29.81,Clear,0,0,0,0,2,6,2
8/9/2023,11:00 AM,90,59,29.79,Clear,0,0,0,0,2,7,2
8/9/2023,11:30 AM,90,59,29.79,Rain,0,0,0,0,1,7,2
8/9/2023,12:00 PM,90,62,29.79,Rain,0,0,0,0,2,7,2
8/9/2023,12:30 PM,82,79,29.76,Rain,0,0,0,0,2,7,2
8/9/2023,1:00 PM,82,79,29.76,Rain,0,0,0,0,2,8,1
8/9/2023,1:30 PM,88,75,29.73,Rain,0,0,0,0,1,8,1
8/9/2023,2:00 PM,86,70,29.73,Clear,0,0,0,0,2,5,2
8/9/2023,2:30 PM,82,79,29.73,Rain,0,0,0,0,2,8,2
8/9/2023,3:00 PM,82,84,29.73,Clear,0,0,0,0,2,8,2
8/9/2023,3:30 PM,90,66,29.7,Clear,0,0,0,0,2,7,1
8/9/2023,4:00 PM,90,66,29.7,Rain,0,0,0,0,2,12,3
8/9/2023,4:30 PM,82,79,29.73,Rain,0,0,0,0,2,17,2
8/9/2023,5:00 PM,79,89,29.73,Clear,0,0,0,0,3,14,3
8/9/2023,5:30 PM,79,89,29.73,Clear,0,0,0,0,2,12,2
8/9/2023,6:00 PM,79,89,29.73,Clear,0,0,0,0,3,15,2
8/9/2023,6:30 PM,79,89,29.73,Clear,0,0,0,0,3,14,2
8/9/2023,7:00 PM,77,94,29.76,Clear,0,0,0,0,3,14,2
8/9/2023,7:30 PM,77,94,29.76,Clear,0,0,0,0,3,14,2
8/9/2023,8:00 PM,77,94,29.79,Clear,0,0,0,0,1,7,2
8/9/2023,8:30 PM,77,94,29.79,Clear,0,0,0,0,2,8,1
8/9/2023,9:00 PM,77,94,29.79,Clear,0,0,0,0,2,7,2
8/9/2023,9:30 PM,77,94,29.81,Clear,0,0,0,0,2,9,2
8/9/2023,10:00 PM,77,94,29.81,Clear,0,0,0,0,2,5,2
8/9/2023,10:30 PM,77,94,29.81,Clear,0,0,0,0,2,8,2
8/9/2023,11:00 PM,77,94,29.81,Clear,0,0,0,0,2,7,2
8/9/2023,11:30 PM,77,94,29.81,Clear,0,0,0,0,2,8,2
8/10/2023,12:00 AM,77,94,29.79,Clear,0,0,0,0,0,3,2
8/10/2023,12:30 AM,77,94,29.79,Clear,0,0,0,0,1,3,2
8/10/2023,1:00 AM,77,94,29.76,Clear,0,0,0,0,0,3,2
8/10/2023,1:30 AM,77,94,29.76,Clear,0,0,0,0,0,3,3
8/10/2023,2:00 AM,77,94,29.76,Clear,0,0,0,0,0,3,2
8/10/2023,2:30 AM,77,94,29.76,Clear,0,0,0,0,0,3,2
8/10/2023,3:00 AM,77,94,29.76,Clear,0,0,0,0,0,4,2
8/10/2023,3:30 AM,77,94,29.76,Clear,0,0,0,0,0,3,3
8/10/2023,4:00 AM,77,94,29.76,Clear,0,0,0,0,0,3,2
8/10/2023,4:30 AM,77,94,29.76,Clear,0,0,0,0,1,3,2
8/10/2023,5:00 AM,77,94,29.76,Clear,0,0,0,0,3,15,1
8/10/2023,5:30 AM,75,100,29.76,Clear,0,0,0,0,3,14,2
8/10/2023,6:00 AM,77,94,29.76,Clear,0,0,0,0,3,12,2
8/10/2023,6:30 AM,75,100,29.76,Clear,0,0,0,0,3,12,2
8/10/2023,7:00 AM,77,94,29.79,Clear,0,0,0,0,3,14,2
8/10/2023,7:30 AM,79,94,29.79,Clear,0,0,0,0,3,16,2
8/10/2023,8:00 AM,81,89,29.79,Clear,0,0,0,0,3,13,2
8/10/2023,8:30 AM,82,84,29.81,Clear,0,0,0,0,3,13,2
8/10/2023,9:00 AM,84,79,29.81,Clear,0,0,0,0,2,6,1
8/10/2023,9:30 AM,86,74,29.81,Clear,0,0,0,0,2,7,1
8/10/2023,10:00 AM,88,66,29.81,Clear,0,0,0,0,2,8,1
8/10/2023,10:30 AM,88,66,29.79,Clear,0,0,0,0,2,6,1
8/10/2023,11:00 AM,90,62,29.79,Clear,0,0,0,0,2,5,2
8/10/2023,11:30 AM,90,62,29.79,Clear,0,0,0,0,2,6,2
8/10/2023,12:00 PM,91,55,29.76,Rain,0,0,0,0,1,6,2
8/10/2023,12:30 PM,90,59,29.76,Rain,0,0,0,0,1,8,1
8/10/2023,1:00 PM,91,63,29.76,Rain,0,0,0,0,1,8,2
8/10/2023,1:30 PM,84,70,29.76,Rain,0,0,0,0,1,7,2
8/10/2023,2:00 PM,81,84,29.76,Rain,0,0,0,0,2,7,2
8/10/2023,2:30 PM,81,84,29.73,Clear,0,0,0,0,2,8,1
8/10/2023,3:00 PM,84,70,29.73,Clear,0,0,0,0,2,7,2
8/10/2023,3:30 PM,84,70,29.73,Clear,0,0,0,0,2,7,2
8/10/2023,4:00 PM,84,70,29.73,Clear,0,0,0,0,3,11,2
8/10/2023,4:30 PM,84,74,29.73,Clear,0,0,0,0,3,14,2
8/10/2023,5:00 PM,86,66,29.7,Clear,0,0,0,0,2,14,2
8/10/2023,5:30 PM,86,66,29.7,Clear,0,0,0,0,3,14,2
8/10/2023,6:30 PM,84,70,29.73,Clear,0,0,0,0,3,12,2
8/10/2023,7:00 PM,82,74,29.76,Clear,0,0,0,0,3,10,2
8/10/2023,7:30 PM,82,74,29.76,Clear,0,0,0,0,3,15,2
8/10/2023,8:00 PM,81,79,29.76,Clear,0,0,0,0,2,10,2
8/10/2023,8:30 PM,82,74,29.76,Clear,0,0,0,0,2,7,2
8/10/2023,9:00 PM,81,79,29.79,Clear,0,0,0,0,2,8,2
8/10/2023,9:30 PM,81,79,29.79,Clear,0,0,0,0,1,8,2
8/10/2023,10:00 PM,79,83,29.79,Clear,0,0,0,0,2,8,2
8/10/2023,10:30 PM,79,83,29.79,Clear,0,0,0,0,2,8,2
8/10/2023,11:00 PM,79,89,29.81,Clear,0,0,0,0,2,8,2
8/10/2023,11:30 PM,79,89,29.79,Clear,0,0,0,0,2,9,2
8/11/2023,12:00 AM,77,94,29.79,Clear,0,0,0,0,0,3,2
8/11/2023,12:30 AM,77,94,29.79,Clear,0,0,0,0,0,3,2
8/11/2023,1:00 AM,79,83,29.79,Clear,0,0,0,0,0,4,2
8/11/2023,1:30 AM,79,83,29.76,Clear,0,0,0,0,1,3,2
8/11/2023,2:00 AM,77,89,29.76,Clear,0,0,0,0,0,3,2
8/11/2023,2:30 AM,77,89,29.76,Clear,0,0,0,0,0,3,2
8/11/2023,3:00 AM,77,89,29.73,Clear,0,0,0,0,0,3,3
8/11/2023,3:30 AM,77,89,29.73,Clear,0,0,0,0,0,3,2
8/11/2023,4:00 AM,75,94,29.73,Clear,0,0,0,0,0,3,2
8/11/2023,4:30 AM,75,94,29.76,Clear,0,0,0,0,1,3,3
8/11/2023,5:00 AM,75,100,29.76,Clear,0,0,0,0,3,11,2
8/11/2023,5:30 AM,75,94,29.76,Clear,0,0,0,0,3,14,2
8/11/2023,6:00 AM,75,94,29.76,Clear,0,0,0,0,3,14,2
8/11/2023,6:30 AM,75,94,29.73,Clear,0,0,0,0,3,13,2
8/11/2023,7:00 AM,77,89,29.76,Clear,0,0,0,0,2,13,2
8/11/2023,7:30 AM,79,83,29.76,Clear,0,0,0,0,3,13,2
8/11/2023,8:00 AM,81,79,29.79,Clear,0,0,0,0,3,14,2
8/11/2023,8:30 AM,82,79,29.79,Clear,0,0,0,0,3,12,2
8/11/2023,9:00 AM,84,79,29.79,Clear,0,0,0,0,2,6,2
8/11/2023,9:30 AM,86,70,29.79,Clear,0,0,0,0,2,7,1
8/11/2023,10:00 AM,86,70,29.79,Clear,0,0,0,0,2,6,2
8/11/2023,10:30 AM,88,62,29.76,Clear,0,0,0,0,2,8,2
8/11/2023,11:00 AM,90,59,29.76,Clear,0,0,0,0,2,7,2
8/11/2023,11:30 AM,90,59,29.76,Clear,0,0,0,0,2,6,2
8/11/2023,12:00 PM,91,55,29.73,Clear,0,0,0,0,2,7,2
8/11/2023,12:30 PM,91,59,29.73,Clear,0,0,0,0,2,6,2
8/11/2023,1:00 PM,90,62,29.7,Clear,0,0,0,0,2,7,2
8/11/2023,1:30 PM,90,55,29.7,Clear,0,0,0,0,2,6,2
8/11/2023,2:00 PM,91,55,29.7,Clear,0,0,0,0,2,7,2
8/11/2023,2:30 PM,91,52,29.67,Clear,0,0,0,0,2,8,1
8/11/2023,3:00 PM,91,52,29.67,Clear,0,0,0,0,2,7,2
8/11/2023,3:30 PM,91,55,29.64,Clear,0,0,0,0,2,6,2
8/11/2023,4:00 PM,91,59,29.64,Clear,0,0,0,0,3,14,2
8/11/2023,4:30 PM,91,55,29.64,Clear,0,0,0,0,3,13,2
8/11/2023,5:00 PM,90,59,29.64,Clear,0,0,0,0,3,14,2
8/11/2023,5:30 PM,90,59,29.64,Clear,0,0,0,0,2,15,2
8/11/2023,6:00 PM,88,62,29.67,Clear,0,0,0,0,3,15,2
8/11/2023,6:30 PM,88,62,29.67,Clear,0,0,0,0,3,15,2
8/11/2023,7:00 PM,86,66,29.67,Clear,0,0,0,0,3,15,2
8/11/2023,7:30 PM,84,70,29.7,Clear,0,0,0,0,3,14,3
8/11/2023,8:00 PM,84,70,29.73,Clear,0,0,0,0,2,7,2
8/11/2023,8:30 PM,84,70,29.73,Clear,0,0,0,0,2,8,2
8/11/2023,9:00 PM,82,74,29.76,Clear,0,0,0,0,2,8,2
8/11/2023,9:30 PM,82,74,29.76,Clear,0,0,0,0,2,7,2
8/11/2023,10:00 PM,82,74,29.76,Clear,0,0,0,0,2,6,2
8/11/2023,10:30 PM,82,79,29.76,Clear,0,0,0,0,2,7,2
8/11/2023,11:00 PM,82,74,29.76,Clear,0,0,0,0,2,9,2
8/11/2023,11:30 PM,81,84,29.76,Clear,0,0,0,0,2,7,2
8/12/2023,12:00 AM,79,89,29.76,Clear,0,0,0,0,1,3,2
8/12/2023,12:30 AM,81,84,29.76,Clear,0,0,0,0,0,3,2
8/12/2023,1:00 AM,79,89,29.76,Clear,0,0,0,0,1,3,3
8/12/2023,1:30 AM,79,89,29.73,Clear,0,0,0,0,1,3,2
8/12/2023,2:00 AM,79,89,29.73,Clear,0,0,0,0,1,3,2
8/12/2023,2:30 AM,79,89,29.73,Clear,0,0,0,0,0,3,3
8/12/2023,3:00 AM,79,89,29.7,Clear,0,0,0,0,1,3,3
8/12/2023,3:30 AM,79,89,29.7,Clear,0,0,0,0,0,3,3
8/12/2023,4:00 AM,79,89,29.7,Clear,0,0,0,0,0,3,2
8/12/2023,4:30 AM,79,89,29.7,Clear,0,0,0,0,0,3,2
8/12/2023,5:00 AM,79,89,29.7,Clear,0,0,0,0,3,15,2
8/12/2023,5:30 AM,79,89,29.7,Clear,0,0,0,0,3,15,2
8/12/2023,6:00 AM,79,89,29.73,Clear,0,0,0,0,3,15,2
8/12/2023,6:30 AM,79,94,29.73,Clear,0,0,0,0,3,13,2
8/12/2023,7:00 AM,79,94,29.73,Clear,0,0,0,0,3,16,2
8/12/2023,7:30 AM,81,89,29.76,Clear,0,0,0,0,2,16,2
8/12/2023,8:00 AM,82,84,29.76,Clear,0,0,0,0,3,12,2
8/12/2023,8:30 AM,84,74,29.76,Clear,0,0,0,0,3,15,1
8/12/2023,9:00 AM,86,70,29.76,Clear,0,0,0,0,2,7,2
8/12/2023,9:30 AM,86,70,29.76,Clear,0,0,0,0,2,6,1
8/12/2023,10:00 AM,88,66,29.76,Clear,0,0,0,0,2,7,2
8/12/2023,10:30 AM,88,62,29.76,Clear,0,0,0,0,2,7,2
8/12/2023,11:00 AM,90,59,29.73,Clear,0,0,0,0,2,7,2
8/12/2023,11:30 AM,91,55,29.73,Clear,0,0,0,0,2,6,2
8/12/2023,12:00 PM,91,55,29.73,Clear,0,0,0,0,2,6,1
8/12/2023,12:30 PM,91,55,29.7,Rain,0,0,0,0,1,6,2
8/12/2023,1:00 PM,91,59,29.7,Clear,0,0,0,0,2,6,2
8/12/2023,1:30 PM,91,52,29.67,Clear,0,0,0,0,2,7,1
8/12/2023,2:00 PM,91,55,29.67,Clear,0,0,0,0,2,6,1
8/12/2023,2:30 PM,91,55,29.67,Clear,0,0,0,0,2,6,2
8/12/2023,3:00 PM,91,55,29.64,Clear,0,0,0,0,2,8,2
8/12/2023,3:30 PM,90,59,29.64,Clear,0,0,0,0,2,7,2
8/12/2023,4:00 PM,88,62,29.64,Clear,0,0,0,0,3,14,2
8/12/2023,4:30 PM,86,66,29.64,Clear,0,0,0,0,3,12,2
8/12/2023,5:00 PM,86,66,29.64,Clear,0,0,0,0,3,13,2
8/12/2023,5:30 PM,86,66,29.64,Clear,0,0,0,0,3,13,2
8/12/2023,6:00 PM,86,70,29.64,Clear,0,0,0,0,3,14,2
8/12/2023,6:30 PM,84,70,29.67,Clear,0,0,0,0,3,14,2
8/12/2023,7:00 PM,84,74,29.67,Clear,0,0,0,0,3,15,3
8/12/2023,7:30 PM,84,70,29.7,Clear,0,0,0,0,3,15,2
8/12/2023,8:00 PM,82,74,29.7,Clear,0,0,0,0,2,7,1
8/12/2023,8:30 PM,82,74,29.73,Clear,0,0,0,0,2,8,2
8/12/2023,9:00 PM,81,79,29.73,Clear,0,0,0,0,2,8,2
8/12/2023,9:30 PM,82,74,29.73,Clear,0,0,0,0,2,7,2
8/12/2023,10:00 PM,81,79,29.73,Clear,0,0,0,0,2,9,1
8/12/2023,10:30 PM,81,79,29.76,Clear,1,0,1,0,2,9,2
8/12/2023,11:00 PM,81,79,29.76,Clear,0,0,0,0,2,8,1
8/12/2023,11:30 PM,79,83,29.76,Clear,0,0,0,0,2,9,2
08/13/2023,12:00 AM,79,83,29.76,Clear,0,0,0,0,1,2,3
08/13/2023,12:30 AM,79,89,29.76,Clear,0,0,0,0,0,3,2
08/13/2023,1:00 AM,79,89,29.73,Clear,0,0,0,0,0,3,3
08/13/2023,1:30 AM,79,89,29.73,Clear,0,0,0,0,0,3,2
08/13/2023,2:00 AM,77,94,29.7,Clear,0,0,0,0,0,3,3
08/13/2023,2:30 AM,77,94,29.7,Clear,0,0,0,0,0,3,3
08/13/2023,3:00 AM,77,94,29.7,Clear,0,0,0,0,0,3,2
08/13/2023,3:30 AM,77,94,29.7,Clear,0,0,0,0,1,3,3
08/13/2023,4:00 AM,77,94,29.7,Clear,0,0,0,0,0,3,2
08/13/2023,4:30 AM,77,94,29.7,Clear,0,0,0,0,0,3,2
08/13/2023,5:00 AM,77,94,29.7,Clear,0,0,0,0,3,12,2
08/13/2023,5:30 AM,77,94,29.7,Clear,0,0,0,0,3,11,2
08/13/2023,6:00 AM,77,94,29.7,Clear,0,0,0,0,3,14,2
08/13/2023,6:30 AM,77,94,29.73,Clear,0,0,0,0,3,15,2
08/13/2023,7:00 AM,79,89,29.73,Clear,0,0,0,0,3,15,2
08/13/2023,7:30 AM,79,89,29.73,Clear,0,0,0,0,2,13,2
08/13/2023,8:00 AM,81,89,29.76,Clear,0,0,0,0,3,11,2
08/13/2023,8:30 AM,84,79,29.76,Clear,0,0,0,0,3,13,2
08/13/2023,9:00 AM,86,70,29.76,Clear,0,0,0,0,2,7,2
08/13/2023,9:30 AM,86,70,29.76,Clear,0,0,0,0,2,6,2
08/13/2023,10:00 AM,88,66,29.76,Clear,0,0,0,0,2,7,2
08/13/2023,10:30 AM,88,62,29.76,Clear,0,0,0,0,2,8,2
08/13/2023,11:00 AM,90,62,29.73,Clear,0,0,0,0,2,7,2
08/13/2023,11:30 AM,90,62,29.73,Clear,0,0,0,0,2,7,2
08/13/2023,12:00 PM,88,62,29.73,Rain,0,0,0,0,1,8,2
08/13/2023,12:30 PM,81,79,29.7,Rain,0,0,0,0,1,8,2
08/13/2023,1:00 PM,88,75,29.7,Clear,0,0,0,0,2,6,1
08/13/2023,1:30 PM,90,66,29.67,Rain,0,0,0,0,1,9,1
08/13/2023,2:00 PM,88,66,29.67,Rain,0,0,0,0,2,7,2
08/13/2023,2:30 PM,88,62,29.67,Clear,0,0,0,0,2,7,1
08/13/2023,3:00 PM,86,66,29.64,Clear,0,0,0,0,2,7,2
08/13/2023,3:30 PM,86,66,29.64,Clear,0,0,0,0,2,7,1
08/13/2023,4:00 PM,86,70,29.61,Clear,0,0,0,0,3,14,2
08/13/2023,4:30 PM,88,62,29.64,Clear,0,0,0,0,3,15,2
08/13/2023,5:00 PM,88,62,29.64,Clear,0,0,0,0,3,13,2
08/13/2023,5:30 PM,86,66,29.64,Clear,0,0,0,0,3,13,3
08/13/2023,6:00 PM,86,66,29.64,Clear,0,0,0,0,3,13,3
08/13/2023,6:30 PM,84,70,29.64,Clear,0,0,0,0,3,14,2
08/13/2023,7:00 PM,84,70,29.67,Clear,0,0,0,0,3,13,2
08/13/2023,7:30 PM,81,84,29.67,Rain,0,0,0,0,2,14,2
08/13/2023,8:00 PM,81,84,29.7,Clear,0,0,0,0,2,7,2
08/13/2023,8:30 PM,79,94,29.73,Clear,0,0,0,0,2,8,2
08/13/2023,9:00 PM,79,89,29.73,Clear,0,0,0,0,2,9,2
08/13/2023,9:30 PM,79,89,29.73,Clear,0,0,0,0,2,7,2
08/13/2023,10:00 PM,79,89,29.76,Clear,0,0,0,0,1,8,2
08/13/2023,10:30 PM,79,89,29.76,Clear,0,0,0,0,2,8,2
08/13/2023,11:00 PM,79,89,29.76,Clear,0,0,0,0,2,8,2
08/13/2023,11:30 PM,79,89,29.76,Clear,0,0,0,0,2,6,2
08/14/2023,12:00 AM,79,83,29.76,Clear,0,0,0,0,0,3,2
08/14/2023,12:30 AM,79,89,29.76,Clear,0,0,0,0,0,3,2
08/14/2023,1:00 AM,79,89,29.73,Clear,0,0,0,0,1,3,2
08/14/2023,1:30 AM,79,94,29.73,Rain,0,0,0,0,0,3,2
08/14/2023,2:00 AM,77,94,29.73,Rain,0,0,0,0,0,4,3
08/14/2023,2:30 AM,77,94,29.73,Rain,0,0,0,0,0,4,3
08/14/2023,3:00 AM,77,94,29.73,Rain,0,0,0,0,0,4,3
08/14/2023,3:30 AM,77,94,29.7,Rain,0,0,0,0,0,3,2
08/14/2023,4:00 AM,77,94,29.7,Clear,0,0,0,0,0,3,2
08/14/2023,4:30 AM,77,94,29.7,Clear,0,0,0,0,1,3,2
08/14/2023,5:00 AM,77,94,29.7,Clear,0,0,0,0,3,14,2
08/14/2023,5:30 AM,77,94,29.7,Clear,0,0,0,0,3,12,2
08/14/2023,6:00 AM,77,94,29.7,Clear,0,0,0,0,3,14,2
08/14/2023,6:30 AM,77,94,29.73,Clear,0,0,0,0,3,15,2
08/14/2023,7:00 AM,77,94,29.73,Clear,0,0,0,0,3,13,2
08/14/2023,7:30 AM,77,94,29.73,Clear,0,0,0,0,3,15,2
08/14/2023,8:00 AM,79,89,29.76,Clear,0,0,0,0,3,15,1
08/14/2023,8:30 AM,82,79,29.76,Clear,0,0,0,0,3,14,2
08/14/2023,9:00 AM,82,79,29.76,Clear,0,0,0,0,2,8,2
08/14/2023,9:30 AM,82,79,29.76,Clear,0,0,0,0,2,7,2
08/14/2023,10:00 AM,84,74,29.79,Clear,0,0,0,0,2,7,2
08/14/2023,10:30 AM,84,74,29.79,Clear,0,0,0,0,2,8,2
08/14/2023,11:00 AM,86,66,29.76,Clear,0,0,0,0,2,7,2
08/14/2023,11:30 AM,86,70,29.76,Rain,0,0,0,0,1,8,2
08/14/2023,12:00 PM,86,70,29.76,Rain,0,0,0,0,1,7,1
08/14/2023,12:30 PM,88,66,29.73,Rain,0,0,0,0,1,7,2
08/14/2023,1:00 PM,86,70,29.73,Rain,0,0,0,0,1,6,2
08/14/2023,1:30 PM,84,74,29.73,Rain,0,0,0,0,1,8,1
08/14/2023,2:00 PM,86,70,29.7,Clear,0,0,0,0,2,7,2
08/14/2023,2:30 PM,84,79,29.7,Rain,0,0,0,0,1,6,2
08/14/2023,3:00 PM,81,89,29.7,Rain,0,0,0,0,2,6,2
08/14/2023,3:30 PM,81,89,29.7,Rain,0,0,0,0,1,7,1
08/14/2023,4:00 PM,79,89,29.7,Rain,0,0,0,0,2,17,3
08/14/2023,4:30 PM,79,89,29.7,Rain,0,0,0,0,2,14,2
08/14/2023,5:00 PM,79,89,29.7,Rain,0,0,0,0,2,17,2
08/14/2023,5:30 PM,77,89,29.7,Rain,0,0,0,0,2,15,2
08/14/2023,6:00 PM,75,100,29.73,Rain,0,0,0,0,2,17,2
08/14/2023,6:30 PM,75,100,29.73,Rain,0,0,0,0,2,16,2
08/14/2023,7:00 PM,75,100,29.73,Rain,0,0,0,0,2,17,2
08/14/2023,7:30 PM,77,94,29.73,Rain,0,0,0,0,2,14,2
08/14/2023,8:00 PM,75,100,29.73,Rain,0,0,0,0,1,9,2
08/14/2023,8:30 PM,75,100,29.76,Rain,0,0,0,0,1,8,1
08/14/2023,9:00 PM,77,94,29.79,Rain,0,0,0,0,1,9,2
08/14/2023,9:30 PM,77,94,29.79,Rain,0,0,0,0,1,9,2
08/14/2023,10:00 PM,77,94,29.79,Rain,0,0,0,0,1,10,2
08/14/2023,10:30 PM,77,94,29.79,Clear,0,0,0,0,2,7,2
08/14/2023,11:00 PM,77,94,29.79,Clear,0,0,0,0,1,8,2
08/14/2023,11:30 PM,77,94,29.79,Clear,0,0,0,0,2,8,2
08/15/2023,12:00 AM,75,100,29.79,Clear,0,0,0,0,0,3,2
08/15/2023,12:30 AM,77,89,29.76,Clear,0,0,0,0,0,3,2
08/15/2023,1:00 AM,77,89,29.76,Rain,0,0,0,0,0,3,2
08/15/2023,1:30 AM,77,94,29.73,Rain,0,0,0,0,0,3,2
08/15/2023,2:00 AM,77,94,29.73,Clear,0,0,0,0,1,3,3
08/15/2023,2:30 AM,77,94,29.73,Clear,0,0,0,0,0,4,2
08/15/2023,3:00 AM,77,94,29.7,Clear,0,0,0,0,0,3,2
08/15/2023,3:30 AM,75,94,29.7,Clear,0,0,0,0,1,3,2
08/15/2023,4:00 AM,77,89,29.7,Clear,0,0,0,0,1,3,2
08/15/2023,4:30 AM,77,94,29.7,Clear,0,0,0,0,0,4,2
08/15/2023,5:00 AM,75,94,29.73,Clear,0,0,0,0,3,13,2
08/15/2023,5:30 AM,75,94,29.73,Clear,0,0,0,0,3,14,2
08/15/2023,6:00 AM,75,94,29.73,Clear,0,0,0,0,3,14,2
08/15/2023,6:30 AM,75,100,29.73,Clear,0,0,0,0,2,13,1
08/15/2023,7:00 AM,77,94,29.73,Clear,0,0,0,0,2,15,2
08/15/2023,7:30 AM,77,94,29.76,Clear,0,0,0,0,3,15,2
08/15/2023,8:00 AM,79,89,29.79,Clear,0,0,0,0,2,13,2
08/15/2023,8:30 AM,81,89,29.79,Clear,0,0,0,0,3,15,2
08/15/2023,9:00 AM,81,89,29.79,Clear,0,0,0,0,2,7,2
08/15/2023,9:30 AM,81,89,29.79,Clear,0,0,0,0,2,8,1
08/15/2023,10:00 AM,82,84,29.79,Clear,0,0,0,0,2,7,2
08/15/2023,10:30 AM,84,79,29.79,Clear,0,0,0,0,2,6,2
08/15/2023,11:00 AM,84,79,29.79,Rain,0,0,0,0,1,8,2
08/15/2023,11:30 AM,82,79,29.79,Rain,0,0,0,0,1,7,2
08/15/2023,12:00 PM,84,79,29.76,Rain,0,0,0,0,1,7,1
08/15/2023,12:30 PM,82,79,29.76,Rain,0,0,0,0,1,7,2
08/15/2023,1:00 PM,84,74,29.73,Clear,0,0,0,0,2,6,1
08/15/2023,1:30 PM,86,70,29.7,Clear,0,0,0,0,2,7,1
08/15/2023,2:00 PM,86,70,29.7,Clear,0,0,0,0,2,6,2
08/15/2023,2:30 PM,88,66,29.7,Clear,0,0,0,0,2,7,1
08/15/2023,3:00 PM,88,66,29.7,Rain,0,0,0,0,1,7,2
08/15/2023,3:30 PM,84,74,29.7,Clear,0,0,0,0,2,8,2
08/15/2023,4:00 PM,84,74,29.7,Clear,0,0,0,0,3,11,2
08/15/2023,4:30 PM,84,74,29.7,Clear,0,0,0,0,3,13,2
08/15/2023,5:00 PM,82,84,29.7,Clear,0,0,0,0,3,14,2
08/15/2023,5:30 PM,82,79,29.7,Clear,0,0,0,0,3,13,2
08/15/2023,6:00 PM,82,79,29.7,Clear,0,0,0,0,3,12,3
08/15/2023,6:30 PM,82,79,29.73,Rain,0,0,0,0,2,14,2
08/15/2023,7:00 PM,81,79,29.73,Rain,0,0,0,0,2,15,2
08/15/2023,7:30 PM,79,83,29.73,Clear,0,0,0,0,3,14,2
08/15/2023,8:00 PM,79,83,29.76,Clear,0,0,0,0,2,8,2
08/15/2023,8:30 PM,79,89,29.76,Clear,0,0,0,0,2,8,1
08/15/2023,9:00 PM,79,89,29.79,Clear,0,0,0,0,2,8,1
08/15/2023,9:30 PM,79,89,29.79,Clear,0,0,0,0,2,8,2
08/15/2023,10:00 PM,79,89,29.79,Clear,0,0,0,0,1,8,2
08/15/2023,10:30 PM,79,89,29.79,Clear,0,0,0,0,2,9,2
08/15/2023,11:00 PM,79,89,29.79,Clear,0,0,0,0,2,9,2
08/15/2023,11:30 PM,79,89,29.79,Clear,0,0,0,0,2,7,2
08/16/2023,12:00 AM,77,94,29.79,Clear,0,0,0,0,0,3,2
08/16/2023,12:30 AM,77,94,29.79,Clear,0,0,0,0,0,3,2
08/16/2023,1:00 AM,79,83,29.76,Clear,0,0,0,0,1,3,2
08/16/2023,1:30 AM,79,83,29.76,Clear,0,0,0,0,0,2,2
08/16/2023,2:00 AM,77,89,29.76,Rain,0,0,0,0,0,4,2
08/16/2023,2:30 AM,77,89,29.76,Rain,0,0,0,0,0,3,2
08/16/2023,3:00 AM,77,89,29.76,Clear,0,0,0,0,0,3,3
08/16/2023,3:30 AM,75,94,29.73,Clear,0,0,0,0,0,3,2
08/16/2023,4:00 AM,77,89,29.73,Clear,0,0,0,0,0,3,2
08/16/2023,4:30 AM,77,89,29.73,Clear,0,0,0,0,0,3,2
08/16/2023,5:00 AM,77,89,29.73,Clear,0,0,0,0,3,12,2
08/16/2023,5:30 AM,75,100,29.73,Clear,0,0,0,0,3,14,2
08/16/2023,6:00 AM,75,94,29.73,Clear,0,0,0,0,3,12,2
08/16/2023,6:30 AM,75,94,29.73,Clear,0,0,0,0,3,13,2
08/16/2023,7:00 AM,77,89,29.76,Clear,0,0,0,0,3,14,2
08/16/2023,7:30 AM,77,94,29.76,Clear,0,0,0,0,3,15,2
08/16/2023,8:00 AM,79,89,29.76,Clear,0,0,0,0,3,14,2
08/16/2023,8:30 AM,79,89,29.79,Clear,0,0,0,0,3,15,2
08/16/2023,9:00 AM,84,74,29.79,Clear,0,0,0,0,2,6,2
08/16/2023,9:30 AM,86,66,29.79,Clear,0,0,0,0,2,8,2
08/16/2023,10:00 AM,88,62,29.79,Clear,0,0,0,0,2,7,2
08/16/2023,10:30 AM,88,62,29.79,Clear,0,0,0,0,2,6,2
08/16/2023,11:00 AM,90,59,29.76,Clear,0,0,0,0,2,6,1
08/16/2023,11:30 AM,90,59,29.76,Clear,0,0,0,0,2,8,1
08/16/2023,12:00 PM,91,55,29.73,Clear,0,0,0,0,2,8,2
08/16/2023,12:30 PM,91,59,29.73,Rain,0,0,0,0,2,8,2
08/16/2023,1:00 PM,77,89,29.76,Rain,0,0,0,0,2,7,2
08/16/2023,1:30 PM,77,94,29.76,Clear,0,0,0,0,2,6,1
08/16/2023,2:00 PM,79,89,29.73,Rain,0,0,0,0,1,7,1
08/16/2023,2:30 PM,79,94,29.73,Rain,0,0,0,0,1,9,2
08/16/2023,3:00 PM,79,94,29.7,Rain,0,0,0,0,1,7,2
08/16/2023,3:30 PM,79,94,29.7,Clear,0,0,0,0,2,8,2
08/16/2023,4:00 PM,79,94,29.7,Clear,0,0,0,0,3,15,2
08/16/2023,4:30 PM,81,89,29.67,Clear,0,0,0,0,3,12,2
08/16/2023,5:00 PM,81,89,29.7,Clear,0,0,0,0,3,14,2
08/16/2023,5:30 PM,82,84,29.67,Clear,0,0,0,0,3,15,2
08/16/2023,6:00 PM,82,84,29.7,Rain,0,0,0,0,2,16,2
08/16/2023,6:30 PM,81,84,29.73,Rain,0,0,0,0,2,15,3
08/16/2023,7:00 PM,79,94,29.73,Clear,0,0,0,0,3,13,2
08/16/2023,7:30 PM,79,89,29.73,Clear,0,0,0,0,3,18,2
08/16/2023,8:00 PM,79,89,29.73,Rain,0,0,0,0,1,10,2
08/16/2023,8:30 PM,77,89,29.76,Clear,0,0,0,0,2,9,2
08/16/2023,9:00 PM,77,94,29.76,Clear,0,0,0,0,2,8,2
08/16/2023,9:30 PM,79,78,29.79,Clear,0,0,0,0,2,9,2
08/16/2023,10:00 PM,77,89,29.79,Clear,0,0,0,0,2,8,2
08/16/2023,10:30 PM,77,89,29.79,Clear,0,0,0,0,2,7,2
08/16/2023,11:00 PM,77,89,29.79,Clear,0,0,0,0,2,8,2
08/16/2023,11:30 PM,77,89,29.79,Clear,0,0,0,0,2,7,2
08/17/2023,12:00 AM,77,89,29.79,Clear,0,0,0,0,1,3,2
08/17/2023,12:30 AM,77,89,29.79,Clear,0,0,0,0,0,3,2
08/17/2023,1:00 AM,77,89,29.76,Clear,0,0,0,0,1,3,2
08/17/2023,1:30 AM,77,89,29.76,Clear,0,0,0,0,0,3,3
08/17/2023,2:00 AM,77,89,29.73,Clear,0,0,0,0,1,3,2
08/17/2023,2:30 AM,77,89,29.73,Clear,0,0,0,0,1,3,2
08/17/2023,3:00 AM,77,89,29.73,Clear,0,0,0,0,0,3,2
08/17/2023,3:30 AM,77,89,29.73,Clear,0,0,0,0,0,4,2
08/17/2023,4:00 AM,75,94,29.73,Clear,0,0,0,0,0,3,3
08/17/2023,4:30 AM,75,94,29.73,Clear,0,0,0,0,0,3,2
08/17/2023,5:00 AM,77,89,29.73,Clear,0,0,0,0,3,13,2
08/17/2023,5:30 AM,75,94,29.73,Clear,0,0,0,0,3,14,2
08/17/2023,6:00 AM,75,94,29.76,Clear,0,0,0,0,3,13,2
08/17/2023,6:30 AM,75,94,29.76,Clear,0,0,0,0,2,15,2
08/17/2023,7:00 AM,77,94,29.76,Clear,0,0,0,0,3,12,2
08/17/2023,7:30 AM,77,94,29.76,Clear,0,0,0,0,3,12,2
08/17/2023,8:00 AM,79,89,29.79,Clear,0,0,0,0,3,12,2
08/17/2023,8:30 AM,81,89,29.79,Clear,0,0,0,0,3,14,2
08/17/2023,9:00 AM,84,74,29.79,Clear,0,0,0,0,2,7,1
08/17/2023,9:30 AM,82,79,29.79,Clear,0,0,0,0,2,7,1
08/17/2023,10:00 AM,84,74,29.79,Clear,0,0,0,0,2,7,2
08/17/2023,10:30 AM,84,70,29.79,Clear,0,0,0,0,1,7,2
08/17/2023,11:00 AM,86,66,29.79,Clear,0,0,0,0,2,7,2
08/17/2023,11:30 AM,86,66,29.79,Clear,0,0,0,0,2,6,2
08/17/2023,12:00 PM,86,66,29.76,Clear,0,0,0,0,2,7,1
08/17/2023,12:30 PM,88,62,29.73,Clear,0,0,0,0,2,7,2
08/17/2023,1:00 PM,90,62,29.73,Clear,0,0,0,0,2,6,2
08/17/2023,1:30 PM,90,59,29.7,Clear,0,0,0,0,2,7,2
08/17/2023,2:00 PM,90,59,29.7,Clear,0,0,0,0,2,6,2
08/17/2023,2:30 PM,90,62,29.67,Clear,0,0,0,0,2,7,2
08/17/2023,3:00 PM,91,55,29.67,Clear,0,0,0,0,2,5,2
08/17/2023,3:30 PM,91,55,29.64,Clear,0,0,0,0,2,6,2
08/17/2023,4:00 PM,91,59,29.64,Clear,0,0,0,0,3,15,2
08/17/2023,4:30 PM,90,59,29.64,Clear,0,0,0,0,3,18,2
08/17/2023,5:00 PM,88,58,29.64,Clear,0,0,0,0,3,14,2
08/17/2023,5:30 PM,88,58,29.64,Clear,0,0,0,0,3,13,2
08/17/2023,6:00 PM,88,62,29.64,Clear,0,0,0,0,3,14,2
08/17/2023,6:30 PM,86,66,29.67,Clear,0,0,0,0,3,14,2
08/17/2023,7:00 PM,84,70,29.67,Clear,0,0,0,0,3,12,2
08/17/2023,7:30 PM,84,70,29.7,Clear,0,0,0,0,3,15,2
08/17/2023,8:00 PM,82,74,29.73,Clear,0,0,0,0,2,8,1
08/17/2023,8:30 PM,82,74,29.73,Clear,0,0,0,0,1,8,2
08/17/2023,9:00 PM,82,74,29.76,Clear,0,0,0,0,2,7,2
08/17/2023,9:30 PM,81,79,29.76,Clear,0,0,0,0,2,7,1
08/17/2023,10:00 PM,81,84,29.76,Clear,0,0,0,0,2,7,2
08/17/2023,10:30 PM,79,89,29.76,Clear,0,0,0,0,2,7,2
08/17/2023,11:00 PM,79,89,29.76,Clear,0,0,0,0,2,7,2
08/17/2023,11:30 PM,79,89,29.76,Clear,0,0,0,0,1,7,2
08/18/2023,12:00 AM,79,89,29.76,Clear,0,0,0,0,0,3,2
08/18/2023,12:30 AM,79,89,29.76,Clear,0,0,0,0,0,3,3
08/18/2023,1:00 AM,79,89,29.76,Clear,0,0,0,0,1,3,2
08/18/2023,1:30 AM,79,89,29.73,Clear,0,0,0,0,0,4,2
08/18/2023,2:00 AM,79,89,29.73,Clear,0,0,0,0,0,2,2
08/18/2023,2:30 AM,79,89,29.73,Clear,0,0,0,0,1,3,2
08/18/2023,3:00 AM,79,89,29.7,Clear,0,0,0,0,0,3,3
08/18/2023,3:30 AM,79,89,29.7,Clear,0,0,0,0,0,3,2
08/18/2023,4:00 AM,79,89,29.7,Clear,0,0,0,0,0,3,2
08/18/2023,4:30 AM,77,94,29.7,Clear,0,0,0,0,0,3,2
08/18/2023,5:00 AM,77,94,29.7,Clear,0,0,0,0,3,15,2
08/18/2023,5:30 AM,77,94,29.7,Clear,0,0,0,0,3,13,2
08/18/2023,6:00 AM,77,94,29.7,Clear,0,0,0,0,3,14,2
08/18/2023,6:30 AM,77,94,29.73,Clear,0,0,0,0,3,14,2
08/18/2023,7:00 AM,79,89,29.73,Clear,0,0,0,0,3,12,2
08/18/2023,7:30 AM,79,94,29.73,Clear,0,0,0,0,4,13,2
08/18/2023,8:00 AM,81,89,29.73,Clear,0,0,0,0,3,14,2
08/18/2023,8:30 AM,81,89,29.73,Clear,0,0,0,0,3,15,2
08/18/2023,9:00 AM,84,79,29.73,Clear,0,0,0,0,2,7,2
08/18/2023,9:30 AM,86,74,29.73,Clear,0,0,0,0,2,8,2
08/18/2023,10:00 AM,88,66,29.73,Clear,0,0,0,0,2,6,2
08/18/2023,10:30 AM,88,62,29.73,Clear,0,0,0,0,2,6,2
08/18/2023,11:00 AM,88,66,29.7,Clear,0,0,0,0,2,7,2
08/18/2023,11:30 AM,90,62,29.7,Clear,0,0,0,0,2,7,2
08/18/2023,12:00 PM,91,59,29.7,Rain,0,0,0,0,2,7,2
08/18/2023,12:30 PM,88,66,29.7,Rain,0,0,0,0,1,9,2
08/18/2023,1:00 PM,91,55,29.67,Clear,0,0,0,0,2,7,1
08/18/2023,1:30 PM,91,55,29.67,Clear,0,0,0,0,2,7,2
08/18/2023,2:00 PM,93,52,29.67,Clear,0,0,0,0,2,7,2
08/18/2023,2:30 PM,91,52,29.64,Clear,0,0,0,0,2,7,1
08/18/2023,3:00 PM,93,46,29.64,Clear,0,0,0,0,2,7,2
08/18/2023,3:30 PM,91,52,29.64,Clear,0,0,0,0,2,8,1
08/18/2023,4:00 PM,91,55,29.64,Clear,0,0,0,0,3,12,2
08/18/2023,4:30 PM,90,59,29.64,Clear,0,0,0,0,3,14,3
08/18/2023,5:00 PM,90,55,29.64,Clear,0,0,0,0,3,13,2
08/18/2023,5:30 PM,90,59,29.64,Clear,0,0,0,0,3,15,3
08/18/2023,6:00 PM,88,62,29.64,Clear,0,0,0,0,3,15,2
08/18/2023,6:30 PM,88,62,29.64,Clear,0,0,0,0,2,14,2
08/18/2023,7:00 PM,86,62,29.67,Clear,0,0,0,0,3,13,2
08/18/2023,7:30 PM,84,70,29.67,Clear,0,0,0,0,3,12,2
08/18/2023,8:00 PM,84,70,29.7,Clear,0,0,0,0,2,9,2
08/18/2023,8:30 PM,84,70,29.7,Clear,0,0,0,0,2,8,2
08/18/2023,9:00 PM,82,74,29.73,Clear,0,0,0,0,2,8,1
08/18/2023,9:30 PM,82,74,29.73,Clear,0,0,0,0,1,8,2
08/18/2023,10:00 PM,82,79,29.73,Clear,0,0,0,0,2,8,2
08/18/2023,10:30 PM,82,74,29.76,Clear,0,0,0,0,2,7,2
08/18/2023,11:00 PM,82,79,29.76,Clear,0,0,0,0,2,8,2
08/18/2023,11:30 PM,81,79,29.76,Clear,0,0,0,0,2,8,2
08/19/2023,12:00 AM,81,84,29.76,Clear,0,0,0,0,0,3,2
08/19/2023,12:30 AM,81,79,29.73,Clear,0,0,0,0,0,3,2
08/19/2023,1:00 AM,79,89,29.73,Clear,0,0,0,0,1,3,2
08/19/2023,1:30 AM,79,89,29.73,Clear,0,0,0,0,0,3,2
08/19/2023,2:00 AM,81,84,29.73,Clear,0,0,0,0,0,3,2
08/19/2023,2:30 AM,79,89,29.73,Clear,0,0,0,0,0,3,2
08/19/2023,3:00 AM,77,94,29.7,Clear,0,0,0,0,0,3,2
08/19/2023,3:30 AM,77,94,29.7,Clear,0,0,0,0,0,3,2
08/19/2023,4:00 AM,77,94,29.7,Clear,0,0,0,0,1,3,2
08/19/2023,4:30 AM,77,94,29.7,Clear,0,0,0,0,0,3,3
08/19/2023,5:00 AM,77,94,29.7,Clear,0,0,0,0,4,15,1
08/19/2023,5:30 AM,77,94,29.7,Clear,0,0,0,0,3,14,2
08/19/2023,6:00 AM,77,94,29.7,Clear,0,0,0,0,3,15,1
08/19/2023,6:30 AM,77,94,29.7,Clear,0,0,0,0,3,14,2
08/19/2023,7:00 AM,77,94,29.7,Clear,0,0,0,0,3,15,2
08/19/2023,7:30 AM,79,94,29.7,Clear,0,0,0,0,3,12,2
08/19/2023,8:00 AM,81,89,29.7,Clear,0,0,0,0,3,14,2
08/19/2023,8:30 AM,84,79,29.7,Clear,0,0,0,0,3,15,2
08/19/2023,9:00 AM,86,74,29.7,Clear,0,0,0,0,2,5,2
08/19/2023,9:30 AM,88,62,29.7,Clear,0,0,0,0,2,6,1
08/19/2023,10:00 AM,88,62,29.7,Clear,0,0,0,0,2,8,1
08/19/2023,10:30 AM,90,59,29.7,Clear,0,0,0,0,2,7,2
08/19/2023,11:00 AM,90,59,29.7,Clear,0,0,0,0,2,7,2
08/19/2023,11:30 AM,90,59,29.7,Clear,0,0,0,0,2,6,2
08/19/2023,12:00 PM,90,59,29.67,Clear,0,0,0,0,2,7,2
08/19/2023,12:30 PM,90,62,29.67,Clear,0,0,0,0,2,7,2
08/19/2023,1:00 PM,90,59,29.67,Clear,0,0,0,0,2,6,2
08/19/2023,1:30 PM,91,55,29.64,Clear,0,0,0,0,2,7,2
08/19/2023,2:00 PM,91,55,29.64,Clear,0,0,0,0,2,6,2
08/19/2023,2:30 PM,93,49,29.61,Clear,0,0,0,0,2,6,2
08/19/2023,3:00 PM,91,55,29.61,Clear,0,0,0,0,2,6,1
08/19/2023,3:30 PM,91,55,29.61,Clear,0,0,0,0,2,5,1
08/19/2023,4:00 PM,91,55,29.61,Clear,0,0,0,0,3,13,2
08/19/2023,4:30 PM,90,59,29.61,Clear,0,0,0,0,3,13,2
08/19/2023,5:00 PM,90,55,29.61,Clear,0,0,0,0,3,15,2
08/19/2023,5:30 PM,88,58,29.61,Clear,0,0,0,0,3,14,2
08/19/2023,6:00 PM,88,62,29.61,Clear,0,0,0,0,3,13,3
08/19/2023,6:30 PM,86,66,29.64,Clear,0,0,0,0,2,14,2
08/19/2023,7:00 PM,86,66,29.64,Clear,0,0,0,0,3,13,2
08/19/2023,7:30 PM,84,70,29.64,Clear,0,0,0,0,3,11,2
08/19/2023,8:00 PM,84,70,29.67,Clear,0,0,0,0,2,8,2
08/19/2023,8:30 PM,82,74,29.67,Clear,0,0,0,0,2,8,2
08/19/2023,9:00 PM,82,79,29.7,Clear,0,0,0,0,2,8,2
08/19/2023,9:30 PM,82,79,29.7,Clear,0,0,0,0,2,9,2
08/19/2023,10:00 PM,81,84,29.7,Clear,0,0,0,0,2,9,2
08/19/2023,10:30 PM,81,84,29.73,Clear,0,0,0,0,1,8,1
08/19/2023,11:00 PM,81,84,29.73,Clear,0,0,0,0,2,6,2
08/19/2023,11:30 PM,81,84,29.7,Clear,0,0,0,0,2,8,1
08/20/2023,12:00 AM,79,89,29.7,Clear,0,0,0,0,1,3,2
08/20/2023,12:30 AM,79,89,29.7,Clear,0,0,0,0,0,3,3
08/20/2023,1:00 AM,79,89,29.7,Clear,0,0,0,0,0,3,2
08/20/2023,1:30 AM,81,84,29.7,Clear,0,0,0,0,1,3,2
08/20/2023,2:00 AM,81,79,29.67,Clear,0,0,0,0,0,3,2
08/20/2023,2:30 AM,79,83,29.67,Clear,0,0,0,0,0,4,2
08/20/2023,3:00 AM,79,83,29.67,Clear,0,0,0,0,0,3,3
08/20/2023,3:30 AM,77,89,29.67,Clear,0,0,0,0,0,3,2
08/20/2023,4:00 AM,77,89,29.67,Clear,0,0,0,0,0,3,2
08/20/2023,4:30 AM,77,89,29.64,Clear,0,0,0,0,0,3,2
08/20/2023,5:00 AM,77,94,29.67,Clear,0,0,0,0,3,13,2
08/20/2023,5:30 AM,77,94,29.67,Clear,0,0,0,0,3,11,1
08/20/2023,6:00 AM,77,94,29.67,Clear,0,0,0,0,4,16,2
08/20/2023,6:30 AM,77,94,29.67,Clear,0,0,0,0,3,13,2
08/20/2023,7:00 AM,77,94,29.67,Clear,0,0,0,0,3,13,2
08/20/2023,7:30 AM,79,83,29.7,Clear,0,0,0,0,3,13,2
08/20/2023,8:00 AM,81,84,29.7,Clear,0,0,0,0,3,12,1
08/20/2023,8:30 AM,82,79,29.7,Clear,0,0,0,0,3,15,2
08/20/2023,9:00 AM,84,74,29.7,Clear,0,0,0,0,2,8,1
08/20/2023,9:30 AM,84,74,29.7,Clear,0,0,0,0,2,7,1
08/20/2023,10:00 AM,86,70,29.7,Clear,0,0,0,0,2,7,2
08/20/2023,10:30 AM,88,66,29.7,Clear,0,0,0,0,2,7,2
08/20/2023,11:00 AM,88,62,29.7,Clear,0,0,0,0,2,6,1
08/20/2023,11:30 AM,90,59,29.7,Clear,0,0,0,0,2,7,2
08/20/2023,12:00 PM,90,59,29.7,Clear,0,0,0,0,2,6,2
08/20/2023,12:30 PM,90,59,29.67,Clear,0,0,0,0,2,6,2
08/20/2023,1:00 PM,90,59,29.67,Clear,0,0,0,0,2,7,2
08/20/2023,1:30 PM,90,55,29.64,Clear,0,0,0,0,2,6,1
08/20/2023,2:00 PM,91,55,29.64,Clear,0,0,0,0,2,8,1
08/20/2023,2:30 PM,90,59,29.64,Rain,0,0,0,0,1,8,2
08/20/2023,3:00 PM,91,55,29.64,Clear,0,0,0,0,2,7,1
08/20/2023,3:30 PM,90,59,29.61,Clear,0,0,0,0,2,8,2
08/20/2023,4:00 PM,90,59,29.61,Clear,0,0,0,0,3,12,2
08/20/2023,4:30 PM,90,62,29.61,Clear,0,0,0,0,3,13,2
08/20/2023,5:00 PM,88,62,29.61,Clear,0,0,0,0,3,16,2
08/20/2023,5:30 PM,88,66,29.61,Clear,0,0,0,0,3,14,3
08/20/2023,6:00 PM,86,66,29.61,Clear,0,0,0,0,3,14,2
08/20/2023,6:30 PM,86,66,29.64,Clear,0,0,0,0,3,15,2
08/20/2023,7:00 PM,84,70,29.64,Clear,0,0,0,0,3,14,2
08/20/2023,7:30 PM,84,70,29.64,Clear,0,0,0,0,3,14,2
08/20/2023,8:00 PM,84,70,29.64,Clear,0,0,0,0,2,8,2
08/20/2023,8:30 PM,84,70,29.67,Clear,0,0,0,0,2,8,2
08/20/2023,9:00 PM,82,79,29.67,Clear,0,0,0,0,2,8,2
08/20/2023,9:30 PM,81,84,29.7,Clear,0,0,0,0,2,9,1
08/20/2023,10:00 PM,81,84,29.7,Clear,0,0,0,0,2,7,2
08/20/2023,10:30 PM,82,79,29.7,Clear,0,0,0,0,2,7,2
08/20/2023,11:00 PM,81,84,29.7,Clear,0,0,0,0,2,7,1
08/20/2023,11:30 PM,79,89,29.7,Clear,0,0,0,0,2,8,2
08/21/2023,12:00 AM,79,89,29.7,Clear,0,0,0,0,0,3,2
08/21/2023,12:30 AM,79,89,29.7,Clear,0,0,0,0,0,4,3
08/21/2023,1:00 AM,77,94,29.7,Clear,0,0,0,0,1,3,2
08/21/2023,1:30 AM,77,94,29.7,Clear,0,0,0,0,0,3,2
08/21/2023,2:00 AM,77,94,29.67,Clear,0,0,0,0,0,3,2
08/21/2023,2:30 AM,79,89,29.67,Clear,0,0,0,0,0,3,2
08/21/2023,3:00 AM,77,94,29.67,Clear,0,0,0,0,1,3,2
08/21/2023,3:30 AM,77,94,29.67,Clear,0,0,0,0,0,3,2
08/21/2023,4:00 AM,77,94,29.67,Clear,0,0,0,0,0,3,3
08/21/2023,4:30 AM,77,94,29.67,Clear,0,0,0,0,0,3,2
08/21/2023,5:00 AM,77,94,29.64,Clear,0,0,0,0,3,14,1
08/21/2023,5:30 AM,77,94,29.67,Clear,0,0,0,0,3,14,2
08/21/2023,6:00 AM,77,94,29.67,Clear,0,0,0,0,3,15,2
08/21/2023,6:30 AM,77,94,29.67,Clear,0,0,0,0,3,13,2
08/21/2023,7:00 AM,77,94,29.67,Clear,0,0,0,0,3,15,1
08/21/2023,7:30 AM,77,94,29.7,Clear,0,0,0,0,3,14,2
08/21/2023,8:00 AM,79,94,29.7,Clear,0,0,0,0,3,15,2
08/21/2023,8:30 AM,81,84,29.7,Clear,0,0,0,0,3,13,1
08/21/2023,9:00 AM,82,84,29.73,Clear,0,0,0,0,2,6,1
08/21/2023,9:30 AM,84,79,29.73,Clear,0,0,0,0,2,7,1
08/21/2023,10:00 AM,86,74,29.73,Clear,0,0,0,0,2,7,2
08/21/2023,10:30 AM,86,70,29.73,Clear,0,0,0,0,2,7,2
08/21/2023,11:00 AM,88,66,29.73,Clear,0,0,0,0,2,7,2
08/21/2023,11:30 AM,88,70,29.7,Clear,0,0,0,0,2,6,1
08/21/2023,12:00 PM,90,62,29.7,Clear,0,0,0,0,2,7,2
08/21/2023,12:30 PM,91,55,29.7,Clear,0,0,0,0,2,7,2
08/21/2023,1:00 PM,91,55,29.67,Clear,0,0,0,0,2,6,2
08/21/2023,1:30 PM,91,55,29.67,Clear,0,0,0,0,2,7,1
08/21/2023,2:00 PM,93,52,29.67,Clear,0,0,0,0,2,6,1
08/21/2023,2:30 PM,91,55,29.64,Clear,0,0,0,0,2,8,1
08/21/2023,3:00 PM,91,55,29.64,Clear,0,0,0,0,2,8,2
08/21/2023,3:30 PM,91,55,29.64,Clear,0,0,0,0,2,6,2
08/21/2023,4:00 PM,91,55,29.61,Clear,0,0,0,0,3,16,2
08/21/2023,4:30 PM,91,55,29.61,Clear,0,0,0,0,3,15,2
08/21/2023,5:00 PM,90,59,29.64,Clear,0,0,0,0,3,14,2
08/21/2023,5:30 PM,90,59,29.64,Clear,0,0,0,0,3,15,3
08/21/2023,6:00 PM,88,62,29.64,Clear,0,0,0,0,3,13,2
08/21/2023,6:30 PM,86,66,29.64,Clear,0,0,0,0,2,11,2
08/21/2023,7:00 PM,84,74,29.67,Clear,0,0,0,0,3,14,2
08/21/2023,7:30 PM,84,74,29.7,Clear,0,0,0,0,3,16,2
08/21/2023,8:00 PM,82,79,29.7,Clear,0,0,0,0,2,7,2
08/21/2023,8:30 PM,82,79,29.7,Clear,0,0,0,0,2,8,2
08/21/2023,9:00 PM,82,79,29.73,Clear,0,0,0,0,1,8,2
08/21/2023,9:30 PM,81,79,29.73,Clear,0,0,0,0,2,8,2
08/21/2023,10:00 PM,81,79,29.73,Clear,0,0,0,0,2,9,2
08/21/2023,10:30 PM,81,79,29.73,Clear,0,0,0,0,2,7,2
08/21/2023,11:00 PM,81,84,29.73,Clear,0,0,0,0,2,9,2
08/21/2023,11:30 PM,79,89,29.76,Clear,0,0,0,0,2,6,2
08/22/2023,12:00 AM,79,89,29.73,Clear,0,0,0,0,0,3,2
08/22/2023,12:30 AM,79,89,29.73,Clear,0,0,0,0,0,3,2
08/22/2023,1:00 AM,79,89,29.7,Clear,0,0,0,0,0,3,2
08/22/2023,1:30 AM,79,89,29.7,Clear,0,0,0,0,0,3,2
08/22/2023,2:00 AM,79,94,29.7,Clear,0,0,0,0,1,3,3
08/22/2023,2:30 AM,79,89,29.7,Clear,0,0,0,0,0,3,2
08/22/2023,3:00 AM,79,89,29.67,Clear,0,0,0,0,0,3,2
08/22/2023,3:30 AM,77,94,29.67,Clear,0,0,0,0,0,3,3
08/22/2023,4:00 AM,77,94,29.67,Clear,0,0,0,0,0,3,2
08/22/2023,4:30 AM,77,94,29.67,Clear,0,0,0,0,0,3,2
08/22/2023,5:00 AM,77,94,29.67,Clear,0,0,0,0,3,15,1
08/22/2023,5:30 AM,77,94,29.67,Clear,0,0,0,0,3,11,1
08/22/2023,6:00 AM,77,94,29.67,Clear,0,0,0,0,3,14,2
08/22/2023,6:30 AM,77,94,29.67,Clear,0,0,0,0,3,12,1
08/22/2023,7:00 AM,77,94,29.7,Clear,0,0,0,0,3,13,2
08/22/2023,7:30 AM,77,94,29.7,Clear,0,0,0,0,3,14,2
08/22/2023,8:00 AM,79,94,29.73,Clear,0,0,0,0,2,12,2
08/22/2023,8:30 AM,81,89,29.73,Clear,0,0,0,0,3,11,2
08/22/2023,9:00 AM,86,74,29.73,Clear,0,0,0,0,2,7,2
08/22/2023,9:30 AM,86,70,29.73,Clear,0,0,0,0,2,8,2
08/22/2023,10:00 AM,86,70,29.73,Clear,0,0,0,0,2,8,2
08/22/2023,10:30 AM,88,66,29.73,Clear,0,0,0,0,2,7,2
08/22/2023,11:00 AM,90,59,29.73,Rain,0,0,0,0,1,7,1
08/22/2023,11:30 AM,90,62,29.73,Clear,0,0,0,0,2,6,2
08/22/2023,12:00 PM,90,59,29.7,Rain,0,0,0,0,1,8,2
08/22/2023,12:30 PM,90,70,29.7,Clear,0,0,0,0,2,7,2
08/22/2023,1:00 PM,84,79,29.7,Clear,0,0,0,0,2,6,1
08/22/2023,1:30 PM,82,79,29.67,Clear,0,0,0,0,2,7,2
08/22/2023,2:00 PM,84,74,29.67,Clear,0,0,0,0,2,7,2
08/22/2023,2:30 PM,86,70,29.64,Clear,0,0,0,0,2,7,2
08/22/2023,3:00 PM,84,74,29.64,Clear,0,0,0,0,2,7,2
08/22/2023,3:30 PM,82,79,29.64,Clear,0,0,0,0,2,7,1
08/22/2023,4:00 PM,82,79,29.67,Clear,0,0,0,0,3,14,2
08/22/2023,4:30 PM,82,79,29.64,Clear,0,0,0,0,2,12,2
08/22/2023,5:00 PM,82,74,29.64,Clear,0,0,0,0,3,16,2
08/22/2023,5:30 PM,82,79,29.64,Clear,0,0,0,0,2,15,2
08/22/2023,6:00 PM,82,74,29.67,Clear,0,0,0,0,3,14,3
08/22/2023,6:30 PM,82,79,29.67,Clear,0,0,0,0,3,12,2
08/22/2023,7:00 PM,81,84,29.67,Clear,0,0,0,0,3,15,2
08/22/2023,7:30 PM,81,84,29.7,Clear,0,0,0,0,3,12,2
08/22/2023,8:00 PM,81,84,29.7,Clear,0,0,0,0,2,9,2
08/22/2023,8:30 PM,81,84,29.7,Clear,0,0,0,0,2,7,2
08/22/2023,9:00 PM,81,84,29.73,Clear,0,0,0,0,1,8,1
08/22/2023,9:30 PM,81,84,29.76,Clear,0,0,0,0,2,8,2
08/22/2023,10:00 PM,81,84,29.76,Clear,0,0,0,0,2,9,1
08/22/2023,10:30 PM,81,84,29.76,Clear,0,0,0,0,2,7,2
08/22/2023,11:00 PM,79,89,29.76,Clear,0,0,0,0,2,5,2
08/22/2023,11:30 PM,79,89,29.76,Clear,0,0,0,0,2,8,1
08/23/2023,12:00 AM,79,89,29.73,Clear,0,0,0,0,0,3,2
08/23/2023,12:30 AM,77,94,29.73,Clear,0,0,0,0,0,3,2
08/23/2023,1:00 AM,77,94,29.73,Clear,0,0,0,0,0,3,2
08/23/2023,1:30 AM,77,94,29.73,Clear,0,0,0,0,1,3,2
08/23/2023,2:00 AM,77,94,29.73,Clear,0,0,0,0,0,3,2
08/23/2023,2:30 AM,77,94,29.7,Clear,0,0,0,0,0,3,2
08/23/2023,3:00 AM,77,94,29.7,Clear,0,0,0,0,1,3,2
08/23/2023,3:30 AM,77,94,29.7,Clear,0,0,0,0,0,3,2
08/23/2023,4:00 AM,75,100,29.7,Clear,0,0,0,0,0,3,2
08/23/2023,4:30 AM,77,89,29.7,Clear,0,0,0,0,0,3,2
08/23/2023,5:00 AM,75,94,29.7,Clear,0,0,0,0,3,12,2
08/23/2023,5:30 AM,75,100,29.7,Clear,0,0,0,0,3,13,1
08/23/2023,6:00 AM,75,94,29.7,Clear,0,0,0,0,3,12,2
08/23/2023,6:30 AM,75,94,29.73,Clear,0,0,0,0,3,14,1
08/23/2023,7:00 AM,77,94,29.73,Clear,0,0,0,0,3,17,2
08/23/2023,7:30 AM,79,89,29.73,Clear,0,0,0,0,3,11,2
08/23/2023,8:00 AM,81,84,29.76,Clear,0,0,0,0,3,12,2
08/23/2023,8:30 AM,82,79,29.76,Clear,0,0,0,0,3,16,2
08/23/2023,9:00 AM,84,70,29.76,Clear,0,0,0,0,2,7,2
08/23/2023,9:30 AM,84,74,29.76,Clear,0,0,0,0,2,6,2
08/23/2023,10:00 AM,88,70,29.76,Clear,0,0,0,0,2,7,2
08/23/2023,10:30 AM,88,62,29.76,Clear,0,0,0,0,2,8,1
08/23/2023,11:00 AM,88,62,29.73,Clear,0,0,0,0,2,6,2
08/23/2023,11:30 AM,88,62,29.73,Clear,0,0,0,0,2,7,2
08/23/2023,12:00 PM,84,74,29.73,Rain,0,0,0,0,1,8,2
08/23/2023,12:30 PM,90,62,29.7,Clear,0,0,0,0,2,7,2
08/23/2023,1:00 PM,90,59,29.67,Clear,0,0,0,0,2,7,2
08/23/2023,1:30 PM,90,62,29.67,Clear,0,0,0,0,2,6,2
08/23/2023,2:00 PM,93,56,29.64,Clear,0,0,0,0,2,7,2
08/23/2023,2:30 PM,93,56,29.64,Clear,0,0,0,0,2,7,2
08/23/2023,3:00 PM,91,59,29.64,Clear,0,0,0,0,2,7,2
08/23/2023,3:30 PM,90,59,29.64,Rain,0,0,0,0,1,6,2
08/23/2023,4:00 PM,90,55,29.61,Clear,0,0,0,0,3,15,2
08/23/2023,4:30 PM,90,55,29.61,Clear,0,0,0,0,3,12,3
08/23/2023,5:00 PM,90,59,29.64,Clear,0,0,0,0,3,11,2
08/23/2023,5:30 PM,90,55,29.64,Clear,0,0,0,0,3,15,2
08/23/2023,6:00 PM,88,58,29.64,Clear,0,0,0,0,3,14,2
08/23/2023,6:30 PM,88,58,29.64,Clear,0,0,0,0,3,15,2
08/23/2023,7:00 PM,86,62,29.64,Clear,0,0,0,0,3,14,2
08/23/2023,7:30 PM,86,62,29.67,Clear,0,0,0,0,3,14,2
08/23/2023,8:00 PM,84,62,29.7,Clear,0,0,0,0,2,9,2
08/23/2023,8:30 PM,82,70,29.7,Clear,0,0,0,0,2,9,2
08/23/2023,9:00 PM,81,79,29.7,Clear,0,0,0,0,2,7,2
08/23/2023,9:30 PM,81,84,29.73,Clear,0,0,0,0,2,7,2
08/23/2023,10:00 PM,79,89,29.73,Clear,0,0,0,0,2,8,1
08/23/2023,10:30 PM,79,89,29.73,Clear,0,0,0,0,1,8,2
08/23/2023,11:00 PM,79,83,29.73,Clear,0,0,0,0,2,8,2
08/23/2023,11:30 PM,79,83,29.73,Clear,0,0,0,0,2,7,2
08/24/2023,12:00 AM,79,89,29.73,Clear,0,0,0,0,0,3,3
08/24/2023,12:30 AM,77,94,29.73,Clear,0,0,0,0,0,3,2
08/24/2023,1:00 AM,77,94,29.7,Clear,0,0,0,0,0,3,2
08/24/2023,1:30 AM,77,94,29.7,Clear,0,0,0,0,0,3,2
08/24/2023,2:00 AM,77,94,29.7,Clear,0,0,0,0,0,3,3
08/24/2023,2:30 AM,77,94,29.67,Clear,0,0,0,0,0,3,2
08/24/2023,3:00 AM,77,94,29.67,Clear,0,0,0,0,0,3,2
08/24/2023,3:30 AM,77,94,29.67,Clear,0,0,0,0,1,3,2
08/24/2023,4:00 AM,77,94,29.7,Clear,0,0,0,0,0,3,2
08/24/2023,4:30 AM,77,94,29.7,Clear,0,0,0,0,0,3,2
08/24/2023,5:00 AM,77,94,29.7,Clear,0,0,0,0,3,12,2
08/24/2023,5:30 AM,75,100,29.7,Clear,0,0,0,0,3,13,2
08/24/2023,6:00 AM,75,100,29.7,Clear,0,0,0,0,3,14,2
08/24/2023,6:30 AM,75,100,29.7,Clear,0,0,0,0,3,16,2
08/24/2023,7:00 AM,77,94,29.7,Clear,0,0,0,0,3,15,1
08/24/2023,7:30 AM,79,94,29.73,Clear,0,0,0,0,3,12,2
08/24/2023,8:00 AM,82,84,29.73,Clear,0,0,0,0,3,14,2
08/24/2023,8:30 AM,84,79,29.76,Clear,0,0,0,0,3,15,2
08/24/2023,9:00 AM,86,70,29.76,Clear,0,0,0,0,2,7,1
08/24/2023,9:30 AM,88,66,29.76,Clear,0,0,0,0,2,8,2
08/24/2023,10:00 AM,88,66,29.76,Clear,0,0,0,0,2,6,2
08/24/2023,10:30 AM,90,62,29.76,Clear,0,0,0,0,2,7,2
08/24/2023,11:00 AM,90,55,29.73,Clear,0,0,0,0,2,7,2
08/24/2023,11:30 AM,91,49,29.73,Clear,0,0,0,0,2,8,2
08/24/2023,12:00 PM,93,46,29.7,Clear,0,0,0,0,2,7,1
08/24/2023,12:30 PM,93,49,29.7,Clear,0,0,0,0,2,7,1
08/24/2023,1:00 PM,91,55,29.67,Clear,0,0,0,0,2,6,2
08/24/2023,1:30 PM,91,59,29.67,Clear,0,0,0,0,2,8,2
08/24/2023,2:00 PM,91,59,29.64,Clear,0,0,0,0,2,7,2
08/24/2023,2:30 PM,91,59,29.64,Clear,0,0,0,0,2,6,1
08/24/2023,3:00 PM,91,59,29.64,Clear,0,0,0,0,2,7,2
08/24/2023,3:30 PM,91,59,29.61,Clear,0,0,0,0,2,7,2
08/24/2023,4:00 PM,91,59,29.61,Clear,0,0,0,0,3,14,2
08/24/2023,4:30 PM,91,59,29.61,Clear,0,0,0,0,3,15,3
08/24/2023,5:00 PM,91,55,29.61,Clear,0,0,0,0,3,12,2
08/24/2023,5:30 PM,90,62,29.64,Clear,0,0,0,0,3,17,3
08/24/2023,6:00 PM,88,66,29.64,Clear,0,0,0,0,2,13,2
08/24/2023,6:30 PM,88,62,29.64,Clear,0,0,0,0,3,14,3
08/24/2023,7:00 PM,86,66,29.67,Clear,0,0,0,0,3,12,3
08/24/2023,7:30 PM,84,74,29.67,Clear,0,0,0,0,3,12,2
08/24/2023,8:00 PM,82,79,29.7,Clear,0,0,0,0,2,8,1
08/24/2023,8:30 PM,82,79,29.7,Clear,0,0,0,0,2,7,2
08/24/2023,9:00 PM,82,79,29.73,Clear,0,0,0,0,1,7,2
08/24/2023,9:30 PM,81,84,29.73,Clear,0,0,0,0,2,8,1
08/24/2023,10:00 PM,81,84,29.76,Clear,0,0,0,0,2,8,2
08/24/2023,10:30 PM,81,84,29.76,Clear,0,0,0,0,2,8,2
08/24/2023,11:00 PM,81,84,29.76,Clear,0,0,0,0,2,8,2
08/24/2023,11:30 PM,79,94,29.76,Clear,0,0,0,0,2,8,1
08/25/2023,12:00 AM,79,89,29.73,Clear,0,0,0,0,1,3,2
08/25/2023,12:30 AM,79,89,29.73,Clear,0,0,0,0,0,3,2
08/25/2023,1:00 AM,79,89,29.73,Clear,0,0,0,0,0,3,2
08/25/2023,1:30 AM,79,89,29.73,Clear,0,0,0,0,0,3,2
08/25/2023,2:00 AM,77,94,29.7,Clear,0,0,0,0,0,3,2
08/25/2023,2:30 AM,77,94,29.7,Clear,0,0,0,0,0,3,2
08/25/2023,3:00 AM,77,94,29.7,Clear,0,0,0,0,0,3,2
08/25/2023,3:30 AM,77,94,29.7,Clear,0,0,0,0,0,3,2
08/25/2023,4:00 AM,77,94,29.7,Clear,0,0,0,0,0,4,2
08/25/2023,4:30 AM,77,94,29.7,Clear,0,0,0,0,1,3,2
08/25/2023,5:00 AM,77,94,29.7,Clear,0,0,0,0,3,16,2
08/25/2023,5:30 AM,77,94,29.7,Clear,0,0,0,0,3,13,2
08/25/2023,6:00 AM,77,94,29.7,Clear,0,0,0,0,3,13,2
08/25/2023,6:30 AM,77,94,29.7,Clear,0,0,0,0,3,13,1
08/25/2023,7:00 AM,79,89,29.7,Clear,0,0,0,0,3,13,2
08/25/2023,7:30 AM,81,84,29.7,Clear,0,0,0,0,3,13,2
08/25/2023,8:00 AM,81,89,29.73,Clear,0,0,0,0,3,13,2
08/25/2023,8:30 AM,84,79,29.73,Clear,1,0,1,0,3,13,2
08/25/2023,9:00 AM,86,70,29.73,Clear,0,0,0,0,2,7,2
08/25/2023,9:30 AM,88,62,29.73,Clear,0,0,0,0,2,7,2
08/25/2023,10:00 AM,88,66,29.73,Clear,0,0,0,0,2,7,2
08/25/2023,10:30 AM,90,62,29.73,Clear,0,0,0,0,2,7,2
08/25/2023,11:00 AM,90,62,29.73,Clear,0,0,0,0,2,7,2
08/25/2023,11:30 AM,90,62,29.7,Clear,0,0,0,0,2,7,2
08/25/2023,12:00 PM,91,55,29.7,Clear,0,0,0,0,2,8,2
08/25/2023,12:30 PM,91,55,29.67,Clear,0,0,0,0,2,6,2
08/25/2023,1:00 PM,95,53,29.67,Clear,0,0,0,0,2,6,2
08/25/2023,1:30 PM,93,52,29.64,Rain,0,0,0,0,1,8,2
08/25/2023,2:00 PM,93,56,29.64,Clear,0,0,0,0,2,7,2
08/25/2023,2:30 PM,93,56,29.64,Clear,0,0,0,0,2,7,2
08/25/2023,3:00 PM,93,56,29.61,Rain,0,0,0,0,1,8,2
08/25/2023,3:30 PM,88,70,29.61,Rain,0,0,0,0,1,7,2
08/25/2023,4:00 PM,81,89,29.64,Rain,0,0,0,0,2,16,3
08/25/2023,4:30 PM,79,89,29.64,Rain,0,0,0,0,2,17,3
08/25/2023,5:00 PM,77,89,29.67,Rain,0,0,0,0,2,16,2
08/25/2023,5:30 PM,77,89,29.67,Clear,0,0,0,0,3,15,2
08/25/2023,6:00 PM,79,83,29.67,Clear,0,0,0,0,2,16,3
08/25/2023,6:30 PM,79,83,29.7,Clear,0,0,0,0,3,14,3
08/25/2023,7:00 PM,77,89,29.7,Clear,0,0,0,0,3,12,2
08/25/2023,7:30 PM,77,89,29.7,Clear,0,0,0,0,3,15,2
08/25/2023,9:00 PM,77,94,29.76,Clear,0,0,0,0,2,9,2
08/25/2023,9:30 PM,77,94,29.76,Clear,0,0,0,0,2,7,2
08/25/2023,10:00 PM,79,94,29.79,Clear,0,0,0,0,2,10,2
08/25/2023,10:30 PM,79,94,29.79,Clear,0,0,0,0,2,8,2
08/25/2023,11:00 PM,79,94,29.79,Clear,0,0,0,0,2,8,2
08/25/2023,11:30 PM,77,100,29.76,Clear,0,0,0,0,2,7,2
08/26/2023,12:00 AM,77,94,29.76,Clear,0,0,0,0,0,3,2
08/26/2023,12:30 AM,77,94,29.76,Clear,0,0,0,0,0,3,2
08/26/2023,1:00 AM,77,94,29.73,Clear,0,0,0,0,0,3,2
08/26/2023,1:30 AM,77,94,29.73,Clear,0,0,0,0,0,3,2
08/26/2023,2:00 AM,77,94,29.73,Clear,0,0,0,0,0,3,2
08/26/2023,2:30 AM,77,94,29.73,Clear,0,0,0,0,1,2,2
08/26/2023,3:00 AM,77,94,29.73,Clear,0,0,0,0,0,3,2
08/26/2023,3:30 AM,75,100,29.73,Clear,0,0,0,0,1,3,2
08/26/2023,4:00 AM,75,94,29.7,Clear,0,0,0,0,0,4,2
08/26/2023,4:30 AM,75,94,29.7,Clear,0,0,0,0,0,3,2
08/26/2023,5:00 AM,75,94,29.7,Clear,0,0,0,0,3,14,1
08/26/2023,5:30 AM,75,94,29.73,Clear,1,0,1,0,2,13,2
08/26/2023,6:00 AM,75,94,29.73,Clear,0,0,0,0,2,15,2
08/26/2023,6:30 AM,75,94,29.73,Clear,0,0,0,0,3,13,2
08/26/2023,7:00 AM,77,94,29.73,Clear,0,0,0,0,3,14,2
08/26/2023,7:30 AM,77,94,29.73,Clear,0,0,0,0,3,14,2
08/26/2023,8:00 AM,79,89,29.76,Clear,0,0,0,0,2,15,2
08/26/2023,8:30 AM,82,84,29.76,Clear,0,0,0,0,2,13,2
08/26/2023,9:00 AM,84,79,29.76,Clear,0,0,0,0,2,6,2
08/26/2023,9:30 AM,86,74,29.76,Clear,0,0,0,0,2,7,2
08/26/2023,10:00 AM,88,66,29.76,Clear,0,0,0,0,2,7,2
08/26/2023,10:30 AM,90,66,29.76,Clear,0,0,0,0,2,7,2
08/26/2023,11:00 AM,90,59,29.76,Rain,0,0,0,0,1,6,1
08/26/2023,11:30 AM,88,62,29.73,Clear,0,0,0,0,2,7,2
08/26/2023,12:00 PM,91,55,29.73,Clear,0,0,0,0,2,6,2
08/26/2023,12:30 PM,86,70,29.73,Clear,0,0,0,0,2,6,2
08/26/2023,1:00 PM,84,70,29.73,Clear,0,0,0,0,2,8,1
08/26/2023,1:30 PM,88,62,29.7,Clear,0,0,0,0,2,6,1
08/26/2023,2:00 PM,88,62,29.7,Clear,0,0,0,0,2,6,2
08/26/2023,2:30 PM,88,58,29.7,Clear,0,0,0,0,2,6,2
08/26/2023,3:00 PM,88,58,29.7,Clear,0,0,0,0,2,7,2
08/26/2023,3:30 PM,88,58,29.7,Clear,0,0,0,0,2,7,2
08/26/2023,4:00 PM,86,62,29.67,Clear,0,0,0,0,3,13,2
08/26/2023,4:30 PM,86,66,29.67,Clear,0,0,0,0,2,16,2
08/26/2023,5:00 PM,86,62,29.67,Clear,0,0,0,0,3,16,3
08/26/2023,5:30 PM,84,66,29.67,Clear,1,0,1,0,3,11,2
08/26/2023,6:00 PM,82,70,29.7,Clear,0,0,0,0,3,13,2
08/26/2023,6:30 PM,82,70,29.7,Clear,0,0,0,0,2,11,3
08/26/2023,7:00 PM,82,74,29.7,Clear,0,0,0,0,3,14,2
08/26/2023,7:30 PM,81,79,29.73,Clear,0,0,0,0,3,13,2
08/26/2023,8:00 PM,81,79,29.73,Clear,0,0,0,0,2,9,2
08/26/2023,8:30 PM,79,83,29.73,Clear,0,0,0,0,2,6,2
08/26/2023,9:00 PM,79,83,29.76,Clear,0,0,0,0,2,7,2
08/26/2023,9:30 PM,79,83,29.76,Clear,0,0,0,0,2,7,2
08/26/2023,10:00 PM,79,83,29.76,Clear,0,0,0,0,2,9,1
08/26/2023,10:30 PM,79,83,29.79,Clear,0,0,0,0,1,8,2
08/26/2023,11:00 PM,79,83,29.79,Clear,0,0,0,0,2,9,2
08/26/2023,11:30 PM,79,89,29.76,Clear,0,0,0,0,1,8,1
08/27/2023,12:00 AM,77,94,29.76,Clear,0,0,0,0,0,3,2
08/27/2023,12:30 AM,77,94,29.73,Clear,0,0,0,0,0,3,2
08/27/2023,1:00 AM,77,89,29.73,Clear,0,0,0,0,0,3,2
08/27/2023,1:30 AM,77,94,29.73,Clear,0,0,0,0,0,4,2
08/27/2023,2:00 AM,77,94,29.7,Clear,0,0,0,0,0,3,2
08/27/2023,2:30 AM,77,89,29.7,Clear,0,0,0,0,0,3,2
08/27/2023,3:00 AM,77,89,29.7,Clear,0,0,0,0,0,4,2
08/27/2023,3:30 AM,75,94,29.7,Clear,0,0,0,0,1,3,2
08/27/2023,4:00 AM,75,94,29.7,Clear,0,0,0,0,0,3,2
08/27/2023,4:30 AM,75,94,29.7,Clear,0,0,0,0,1,3,2
08/27/2023,5:00 AM,77,89,29.7,Clear,0,0,0,0,3,15,2
08/27/2023,5:30 AM,75,94,29.73,Clear,1,0,1,0,3,13,2
08/27/2023,6:00 AM,77,89,29.73,Clear,0,0,0,0,3,15,1
08/27/2023,6:30 AM,75,94,29.73,Clear,0,0,0,0,3,16,2
08/27/2023,7:00 AM,77,89,29.73,Clear,0,0,0,0,3,12,2
08/27/2023,7:30 AM,79,89,29.73,Clear,0,0,0,0,3,14,2
08/27/2023,8:00 AM,81,84,29.76,Clear,0,0,0,0,3,13,2
08/27/2023,8:30 AM,82,84,29.76,Clear,0,0,0,0,3,13,2
08/27/2023,9:00 AM,86,74,29.76,Clear,0,0,0,0,2,6,2
08/27/2023,9:30 AM,86,70,29.76,Clear,0,0,0,0,2,6,2
08/27/2023,10:00 AM,88,66,29.76,Clear,0,0,0,0,2,7,1
08/27/2023,10:30 AM,88,62,29.73,Clear,0,0,0,0,2,6,2
08/27/2023,11:00 AM,88,62,29.73,Clear,0,0,0,0,2,7,2
08/27/2023,11:30 AM,90,59,29.73,Clear,0,0,0,0,2,7,1
08/27/2023,12:00 PM,91,59,29.7,Clear,0,0,0,0,2,6,2
08/27/2023,12:30 PM,93,52,29.7,Clear,0,0,0,0,2,7,2
08/27/2023,1:00 PM,91,55,29.67,Clear,0,0,0,0,2,6,2
08/27/2023,1:30 PM,91,59,29.67,Clear,0,0,0,0,2,6,1
08/27/2023,2:00 PM,93,56,29.64,Rain,0,0,0,0,1,6,1
08/27/2023,2:30 PM,93,56,29.64,Rain,0,0,0,0,1,8,1
08/27/2023,3:00 PM,88,62,29.61,Rain,0,0,0,0,1,8,2
08/27/2023,3:30 PM,88,62,29.61,Rain,0,0,0,0,1,7,2
08/27/2023,4:00 PM,84,74,29.64,Clear,0,0,0,0,3,13,2
08/27/2023,4:30 PM,88,66,29.61,Clear,0,0,0,0,3,14,2
08/27/2023,5:00 PM,88,66,29.61,Clear,0,0,0,0,3,14,2
08/27/2023,5:30 PM,86,70,29.61,Clear,0,0,0,0,3,13,3
08/27/2023,6:00 PM,86,66,29.61,Clear,0,0,0,0,3,17,3
08/27/2023,6:30 PM,86,66,29.64,Clear,0,0,0,0,3,14,2
08/27/2023,7:00 PM,84,70,29.64,Clear,0,0,0,0,3,13,2
08/27/2023,7:30 PM,82,74,29.64,Clear,0,0,0,0,3,13,2
08/27/2023,8:00 PM,82,74,29.67,Clear,0,0,0,0,2,7,2
08/27/2023,8:30 PM,82,74,29.67,Clear,0,0,0,0,2,9,2
08/27/2023,9:00 PM,81,79,29.7,Clear,0,0,0,0,2,8,2
08/27/2023,9:30 PM,81,79,29.7,Clear,0,0,0,0,2,9,2
08/27/2023,10:00 PM,81,84,29.73,Clear,0,0,0,0,2,7,2
08/27/2023,10:30 PM,81,84,29.73,Clear,0,0,0,0,2,10,2
08/27/2023,11:00 PM,81,84,29.73,Clear,0,0,0,0,2,8,2
08/27/2023,11:30 PM,79,89,29.7,Clear,0,0,0,0,1,8,2
08/28/2023,12:00 AM,79,89,29.7,Clear,0,0,0,0,0,3,2
08/28/2023,12:30 AM,79,89,29.7,Clear,0,0,0,0,1,3,2
08/28/2023,1:00 AM,79,89,29.7,Clear,0,0,0,0,0,3,2
08/28/2023,1:30 AM,79,89,29.7,Clear,0,0,0,0,0,3,3
08/28/2023,2:00 AM,77,94,29.67,Clear,0,0,0,0,0,3,2
08/28/2023,2:30 AM,77,94,29.67,Clear,0,0,0,0,1,3,2
08/28/2023,3:00 AM,77,94,29.67,Clear,0,0,0,0,0,3,2
08/28/2023,3:30 AM,77,94,29.67,Clear,0,0,0,0,0,3,2
08/28/2023,4:00 AM,77,94,29.67,Clear,0,0,0,0,1,3,2
08/28/2023,4:30 AM,77,94,29.64,Clear,0,0,0,0,0,3,3
08/28/2023,5:00 AM,77,94,29.67,Clear,0,0,0,0,3,15,2
08/28/2023,5:30 AM,77,94,29.67,Clear,0,0,0,0,3,14,2
08/28/2023,6:00 AM,77,94,29.67,Clear,0,0,0,0,2,13,2
08/28/2023,6:30 AM,77,94,29.67,Clear,0,0,0,0,3,15,1
08/28/2023,7:00 AM,77,94,29.7,Clear,0,0,0,0,3,14,2
08/28/2023,7:30 AM,81,84,29.7,Clear,0,0,0,0,3,12,2
08/28/2023,8:00 AM,82,79,29.7,Clear,0,0,0,0,3,16,2
08/28/2023,8:30 AM,84,74,29.7,Clear,0,0,0,0,3,14,2
08/28/2023,9:00 AM,86,66,29.7,Clear,0,0,0,0,2,6,2
08/28/2023,9:30 AM,86,70,29.7,Clear,0,0,0,0,2,7,2
08/28/2023,10:00 AM,88,66,29.73,Clear,0,0,0,0,2,6,1
08/28/2023,10:30 AM,90,59,29.7,Clear,0,0,0,0,2,6,2
08/28/2023,11:00 AM,90,62,29.7,Clear,0,0,0,0,2,7,1
08/28/2023,11:30 AM,91,55,29.7,Clear,0,0,0,0,2,6,2
08/28/2023,12:00 PM,93,49,29.67,Clear,0,0,0,0,2,6,2
08/28/2023,12:30 PM,93,52,29.67,Clear,0,0,0,0,2,6,1
08/28/2023,1:00 PM,93,52,29.64,Clear,0,0,0,0,2,6,2
08/28/2023,1:30 PM,93,49,29.64,Clear,0,0,0,0,2,7,2
08/28/2023,2:00 PM,93,52,29.61,Clear,0,0,0,0,2,7,2
08/28/2023,2:30 PM,93,52,29.61,Clear,0,0,0,0,2,8,2
08/28/2023,3:00 PM,93,49,29.61,Clear,0,0,0,0,2,7,1
08/28/2023,3:30 PM,93,52,29.61,Clear,0,0,0,0,2,6,2
08/28/2023,4:00 PM,91,55,29.61,Clear,0,0,0,0,3,13,2
08/28/2023,4:30 PM,91,55,29.58,Clear,0,0,0,0,3,14,2
08/28/2023,5:00 PM,91,59,29.61,Clear,0,0,0,0,3,13,3
08/28/2023,5:30 PM,88,62,29.61,Clear,0,0,0,0,3,15,3
08/28/2023,6:00 PM,86,62,29.64,Clear,0,0,0,0,3,15,2
08/28/2023,6:30 PM,86,66,29.64,Clear,0,0,0,0,3,13,2
08/28/2023,7:00 PM,84,70,29.64,Clear,0,0,0,0,3,14,2
08/28/2023,7:30 PM,84,74,29.67,Clear,0,0,0,0,3,14,2
08/28/2023,8:00 PM,82,79,29.67,Clear,0,0,0,0,2,7,1
08/28/2023,8:30 PM,82,79,29.7,Clear,0,0,0,0,2,7,2
08/28/2023,9:00 PM,81,84,29.7,Clear,0,0,0,0,2,8,2
08/28/2023,9:30 PM,79,89,29.7,Clear,0,0,0,0,2,7,2
08/28/2023,10:00 PM,79,83,29.73,Clear,0,0,0,0,1,8,1
08/28/2023,10:30 PM,79,83,29.73,Clear,0,0,0,0,2,9,1
08/28/2023,11:00 PM,79,83,29.73,Clear,0,0,0,0,2,8,2
08/28/2023,11:30 PM,79,83,29.7,Clear,0,0,0,0,2,8,2
08/29/2023,12:00 AM,77,89,29.7,Clear,0,0,0,0,0,3,2
08/29/2023,12:30 AM,77,94,29.7,Clear,0,0,0,0,0,4,2
08/29/2023,1:00 AM,77,94,29.7,Clear,0,0,0,0,0,3,2
08/29/2023,1:30 AM,77,94,29.67,Clear,0,0,0,0,1,3,2
08/29/2023,2:00 AM,77,94,29.67,Clear,0,0,0,0,1,3,2
08/29/2023,2:30 AM,77,94,29.67,Clear,0,0,0,0,0,3,2
08/29/2023,4:00 AM,77,94,29.64,Clear,0,0,0,0,0,4,2
08/29/2023,4:30 AM,77,94,29.64,Clear,0,0,0,0,1,3,2
08/29/2023,5:00 AM,77,94,29.64,Clear,0,0,0,0,3,14,2
08/29/2023,5:30 AM,77,94,29.64,Clear,0,0,0,0,3,15,2
08/29/2023,6:00 AM,77,94,29.64,Clear,0,0,0,0,2,11,2
08/29/2023,6:30 AM,77,94,29.64,Clear,0,0,0,0,2,13,2
08/29/2023,7:00 AM,77,100,29.67,Clear,0,0,0,0,3,13,2
08/29/2023,7:30 AM,81,89,29.67,Clear,0,0,0,0,3,9,2
08/29/2023,8:00 AM,79,94,29.7,Clear,0,0,0,0,3,12,1
08/29/2023,8:30 AM,81,79,29.7,Clear,0,0,0,0,2,15,2
08/29/2023,9:00 AM,84,74,29.7,Clear,0,0,0,0,2,8,2
08/29/2023,9:30 AM,86,70,29.7,Clear,0,0,0,0,2,6,2
08/29/2023,10:00 AM,88,66,29.7,Clear,0,0,0,0,2,6,1
08/29/2023,10:30 AM,88,62,29.7,Clear,0,0,0,0,2,7,2
08/29/2023,11:00 AM,90,59,29.7,Clear,0,0,0,0,2,7,1
08/29/2023,11:30 AM,91,55,29.67,Clear,0,0,0,0,2,8,2
08/29/2023,12:00 PM,90,59,29.67,Clear,0,0,0,0,2,7,2
08/29/2023,12:30 PM,91,59,29.64,Clear,0,0,0,0,2,7,2
08/29/2023,1:00 PM,91,59,29.64,Clear,0,0,0,0,2,7,2
08/29/2023,1:30 PM,91,55,29.61,Clear,0,0,0,0,2,6,1
08/29/2023,2:00 PM,91,55,29.61,Clear,0,0,0,0,2,7,2
08/29/2023,2:30 PM,91,55,29.61,Clear,0,0,0,0,2,8,2
08/29/2023,3:00 PM,90,62,29.61,Rain,0,0,0,0,2,9,2
08/29/2023,3:30 PM,88,58,29.58,Rain,0,0,0,0,1,7,1
08/29/2023,4:00 PM,86,70,29.58,Clear,0,0,0,0,3,14,2
08/29/2023,4:30 PM,86,70,29.58,Clear,0,0,0,0,3,14,2
08/29/2023,5:00 PM,88,66,29.58,Clear,0,0,0,0,3,15,3
08/29/2023,5:30 PM,79,78,29.64,Rain,0,0,0,0,2,16,2
08/29/2023,6:00 PM,77,83,29.64,Clear,0,0,0,0,3,14,3
08/29/2023,6:30 PM,77,89,29.64,Clear,0,0,0,0,3,14,2
08/29/2023,7:00 PM,77,94,29.64,Clear,0,0,0,0,3,12,2
08/29/2023,7:30 PM,77,94,29.64,Clear,0,0,0,0,3,12,2
08/29/2023,8:00 PM,79,89,29.67,Clear,0,0,0,0,2,8,2
08/29/2023,8:30 PM,79,83,29.67,Clear,0,0,0,0,2,8,2
08/29/2023,9:00 PM,79,89,29.7,Clear,0,0,0,0,2,8,2
08/29/2023,9:30 PM,79,89,29.7,Clear,0,0,0,0,2,7,2
08/29/2023,10:00 PM,79,89,29.73,Clear,0,0,0,0,2,8,2
08/29/2023,10:30 PM,79,89,29.73,Clear,0,0,0,0,2,9,2
08/29/2023,11:00 PM,79,94,29.7,Clear,0,0,0,0,2,8,2
08/29/2023,11:30 PM,79,89,29.7,Clear,0,0,0,0,2,9,1
08/30/2023,12:00 AM,79,89,29.7,Clear,0,0,0,0,0,3,3
08/30/2023,12:30 AM,79,94,29.7,Clear,0,0,0,0,0,3,2
08/30/2023,1:00 AM,79,94,29.7,Clear,0,0,0,0,0,3,3
08/30/2023,1:30 AM,79,94,29.67,Clear,0,0,0,0,1,3,2
08/30/2023,2:00 AM,79,89,29.67,Clear,0,0,0,0,0,3,3
08/30/2023,2:30 AM,79,94,29.67,Clear,0,0,0,0,0,3,2
08/30/2023,3:00 AM,79,89,29.67,Clear,0,0,0,0,0,4,3
08/30/2023,3:30 AM,79,94,29.67,Clear,0,0,0,0,1,3,2
08/30/2023,4:00 AM,79,89,29.67,Clear,0,0,0,0,1,3,3
08/30/2023,4:30 AM,77,94,29.67,Clear,0,0,0,0,0,3,3
08/30/2023,5:00 AM,77,94,29.67,Clear,0,0,0,0,2,12,2
08/30/2023,5:30 AM,77,94,29.7,Clear,0,0,0,0,2,14,2
08/30/2023,6:00 AM,77,94,29.7,Clear,0,0,0,0,3,15,1
08/30/2023,6:30 AM,77,94,29.7,Clear,0,0,0,0,3,14,2
08/30/2023,7:00 AM,79,89,29.7,Clear,0,0,0,0,3,15,2
08/30/2023,7:30 AM,79,94,29.7,Clear,0,0,0,0,3,12,2
08/30/2023,8:00 AM,81,89,29.7,Clear,0,0,0,0,3,14,2
08/30/2023,8:30 AM,82,84,29.7,Clear,0,0,0,0,3,14,2
08/30/2023,9:00 AM,84,79,29.7,Clear,0,0,0,0,2,6,2
08/30/2023,9:30 AM,86,74,29.7,Clear,0,0,0,0,2,6,1
08/30/2023,10:00 AM,86,74,29.7,Clear,0,0,0,0,2,7,2
08/30/2023,10:30 AM,90,62,29.7,Clear,0,0,0,0,2,7,1
08/30/2023,11:00 AM,91,59,29.7,Clear,0,0,0,0,2,6,2
08/30/2023,11:30 AM,91,59,29.67,Clear,0,0,0,0,2,6,2
08/30/2023,12:00 PM,93,56,29.67,Clear,0,0,0,0,2,7,2
08/30/2023,12:30 PM,93,56,29.67,Clear,0,0,0,0,2,7,2
08/30/2023,1:00 PM,93,56,29.64,Rain,0,0,0,0,1,6,2
08/30/2023,1:30 PM,91,59,29.64,Rain,0,0,0,0,2,8,2
08/30/2023,2:00 PM,90,62,29.64,Clear,0,0,0,0,2,7,1
08/30/2023,2:30 PM,90,59,29.64,Clear,0,0,0,0,2,6,2
08/30/2023,3:00 PM,88,66,29.64,Clear,0,0,0,0,2,6,2
08/30/2023,3:30 PM,84,74,29.64,Clear,0,0,0,0,2,7,1
08/30/2023,4:00 PM,82,79,29.64,Clear,0,0,0,0,3,15,2
08/30/2023,4:30 PM,82,79,29.64,Clear,0,0,0,0,3,14,2
08/30/2023,5:00 PM,82,84,29.64,Clear,0,0,0,0,3,14,2
08/30/2023,5:30 PM,84,74,29.64,Clear,0,0,0,0,2,12,3
08/30/2023,6:00 PM,84,74,29.64,Clear,0,0,0,0,3,15,2
08/30/2023,6:30 PM,84,74,29.64,Clear,0,0,0,0,3,14,2
08/30/2023,7:00 PM,84,74,29.64,Clear,0,0,0,0,3,12,2
08/30/2023,7:30 PM,82,79,29.67,Clear,0,0,0,0,3,12,3
08/30/2023,8:00 PM,82,79,29.67,Clear,0,0,0,0,2,7,2
08/30/2023,8:30 PM,82,74,29.7,Clear,0,0,0,0,2,8,1
08/30/2023,9:00 PM,81,79,29.7,Clear,0,0,0,0,2,8,2
08/30/2023,9:30 PM,79,89,29.7,Clear,0,0,0,0,2,8,2
08/30/2023,10:00 PM,79,89,29.73,Clear,0,0,0,0,2,7,2
08/30/2023,10:30 PM,79,89,29.73,Clear,0,0,0,0,2,9,1
08/30/2023,11:00 PM,79,89,29.73,Clear,0,0,0,0,2,6,2
08/30/2023,11:30 PM,79,89,29.73,Clear,0,0,0,0,2,7,1
08/31/2023,12:00 AM,79,89,29.73,Clear,0,0,0,0,0,3,2
08/31/2023,12:30 AM,79,89,29.7,Clear,0,0,0,0,1,4,2
08/31/2023,1:00 AM,79,89,29.7,Clear,0,0,0,0,0,3,2
08/31/2023,1:30 AM,79,89,29.7,Clear,0,0,0,0,0,3,2
08/31/2023,2:00 AM,79,89,29.67,Clear,0,0,0,0,0,3,2
08/31/2023,2:30 AM,79,89,29.67,Clear,0,0,0,0,1,4,2
08/31/2023,3:00 AM,79,89,29.67,Clear,0,0,0,0,0,3,2
08/31/2023,3:30 AM,77,94,29.67,Clear,0,0,0,0,0,3,2
08/31/2023,4:00 AM,79,89,29.67,Clear,0,0,0,0,0,3,2
08/31/2023,4:30 AM,79,89,29.67,Clear,0,0,0,0,0,3,2
08/31/2023,5:00 AM,77,94,29.67,Clear,0,0,0,0,3,13,2
08/31/2023,5:30 AM,77,94,29.67,Clear,0,0,0,0,3,15,2
08/31/2023,6:00 AM,77,94,29.67,Clear,0,0,0,0,3,15,2
08/31/2023,6:30 AM,77,94,29.7,Rain,0,0,0,0,2,17,2
08/31/2023,7:00 AM,77,94,29.7,Clear,0,0,0,0,3,12,2
08/31/2023,7:30 AM,79,89,29.73,Clear,0,0,0,0,3,13,2
08/31/2023,8:00 AM,82,84,29.73,Clear,0,0,0,0,3,11,2
08/31/2023,8:30 AM,82,84,29.76,Clear,0,0,0,0,3,14,2
08/31/2023,9:00 AM,82,79,29.76,Clear,0,0,0,0,2,7,2
08/31/2023,9:30 AM,84,74,29.76,Clear,0,0,0,0,2,7,2
08/31/2023,10:00 AM,88,62,29.76,Clear,0,0,0,0,2,7,2
08/31/2023,10:30 AM,88,62,29.76,Clear,0,0,0,0,2,6,2
08/31/2023,11:00 AM,88,62,29.73,Clear,0,0,0,0,2,8,2
08/31/2023,11:30 AM,91,55,29.73,Clear,0,0,0,0,2,6,2
08/31/2023,12:00 PM,91,59,29.73,Clear,0,0,0,0,2,6,2
08/31/2023,12:30 PM,90,59,29.7,Clear,0,0,0,0,2,6,2
08/31/2023,1:00 PM,90,59,29.7,Clear,0,0,0,0,2,8,2
08/31/2023,1:30 PM,90,62,29.67,Clear,0,0,0,0,2,7,2
08/31/2023,2:00 PM,91,55,29.67,Clear,0,0,0,0,2,7,2
08/31/2023,2:30 PM,91,55,29.64,Clear,0,0,0,0,2,7,2
08/31/2023,3:00 PM,91,59,29.64,Rain,0,0,0,0,1,7,1
08/31/2023,3:30 PM,90,59,29.64,Rain,0,0,0,0,1,7,2
08/31/2023,4:00 PM,88,70,29.61,Rain,0,0,0,0,2,16,2
08/31/2023,4:30 PM,90,62,29.61,Rain,0,0,0,0,2,16,2
08/31/2023,5:00 PM,90,59,29.64,Clear,0,0,0,0,3,13,2
08/31/2023,5:30 PM,88,62,29.64,Clear,0,0,0,0,3,15,2
08/31/2023,6:00 PM,88,66,29.64,Clear,0,0,0,0,3,13,2
08/31/2023,6:30 PM,86,66,29.67,Clear,0,0,0,0,3,11,2
08/31/2023,7:00 PM,84,70,29.67,Clear,0,0,0,0,3,13,2
08/31/2023,7:30 PM,82,79,29.7,Clear,0,0,0,0,3,13,2
08/31/2023,8:00 PM,82,79,29.7,Clear,0,0,0,0,2,9,2
08/31/2023,8:30 PM,81,84,29.73,Clear,0,0,0,0,2,7,2
08/31/2023,9:00 PM,81,84,29.73,Clear,0,0,0,0,2,8,2
08/31/2023,9:30 PM,81,89,29.76,Rain,0,0,0,0,1,8,2
08/31/2023,10:00 PM,81,84,29.76,Clear,0,0,0,0,1,8,2
08/31/2023,10:30 PM,79,94,29.76,Clear,0,0,0,0,2,7,2
08/31/2023,11:00 PM,79,89,29.76,Clear,0,0,0,0,2,8,2
08/31/2023,11:30 PM,79,89,29.76,Clear,0,0,0,0,2,7,2
9/1/2023,12:00 AM,79,89,29.73,Clear,0,0,0,0,1,3,2
9/1/2023,12:30 AM,79,89,29.73,Clear,0,0,0,0,1,3,2
9/1/2023,1:00 AM,79,89,29.73,Clear,0,0,0,0,0,3,2
9/1/2023,1:30 AM,79,89,29.73,Clear,0,0,0,0,1,3,2
9/1/2023,2:00 AM,79,89,29.7,Clear,0,0,0,0,0,3,2
9/1/2023,2:30 AM,79,89,29.7,Clear,0,0,0,0,0,2,2
9/1/2023,3:00 AM,79,89,29.7,Clear,0,0,0,0,0,3,2
9/1/2023,3:30 AM,79,89,29.7,Clear,0,0,0,0,0,3,2
9/1/2023,4:00 AM,77,94,29.7,Clear,0,0,0,0,0,3,3
9/1/2023,4:30 AM,77,94,29.7,Clear,0,0,0,0,0,3,2
9/1/2023,5:00 AM,77,94,29.7,Clear,0,0,0,0,3,11,2
9/1/2023,5:30 AM,77,94,29.7,Clear,0,0,0,0,3,16,2
9/1/2023,6:00 AM,77,94,29.67,Clear,0,0,0,0,3,13,2
9/1/2023,6:30 AM,77,94,29.7,Clear,0,0,0,0,3,16,2
9/1/2023,7:00 AM,77,94,29.73,Clear,0,0,0,0,2,13,1
9/1/2023,7:30 AM,77,94,29.73,Clear,0,0,0,0,3,12,2
9/1/2023,8:00 AM,79,89,29.76,Clear,0,0,0,0,3,13,2
9/1/2023,8:30 AM,79,89,29.76,Clear,0,0,0,0,2,13,2
9/1/2023,9:00 AM,81,89,29.76,Rain,0,0,0,0,1,7,2
9/1/2023,9:30 AM,81,89,29.76,Clear,0,0,0,0,2,6,1
9/1/2023,10:00 AM,82,84,29.76,Clear,0,0,0,0,2,7,2
9/1/2023,10:30 AM,84,79,29.76,Clear,0,0,0,0,2,7,2
9/1/2023,11:00 AM,84,79,29.76,Clear,0,0,0,0,2,6,2
9/1/2023,11:30 AM,86,70,29.73,Rain,0,0,0,0,1,7,2
9/1/2023,12:00 PM,88,66,29.73,Rain,0,0,0,0,2,8,2
9/1/2023,12:30 PM,86,70,29.73,Rain,0,0,0,0,1,8,2
9/1/2023,1:00 PM,84,74,29.7,Rain,0,0,0,0,2,7,2
9/1/2023,1:30 PM,81,84,29.7,Rain,0,0,0,0,1,8,1
9/1/2023,2:00 PM,79,94,29.67,Rain,0,0,0,0,1,7,2
9/1/2023,2:30 PM,81,89,29.67,Rain,0,0,0,0,1,8,2
9/1/2023,3:00 PM,82,84,29.67,Clear,0,0,0,0,2,6,2
9/1/2023,3:30 PM,82,79,29.67,Clear,0,0,0,0,2,6,1
9/1/2023,4:00 PM,82,79,29.67,Clear,0,0,0,0,3,14,3
9/1/2023,4:30 PM,84,74,29.64,Clear,0,0,0,0,3,15,2
9/1/2023,5:00 PM,84,79,29.64,Clear,0,0,0,0,3,15,2
9/1/2023,5:30 PM,82,79,29.67,Clear,0,0,0,0,3,16,2
9/1/2023,6:00 PM,82,79,29.67,Rain,0,0,0,0,2,15,2
9/1/2023,6:30 PM,82,79,29.67,Clear,0,0,0,0,3,13,2
9/1/2023,7:00 PM,81,84,29.67,Clear,0,0,0,0,3,13,2
9/1/2023,7:30 PM,81,84,29.7,Rain,0,0,0,0,2,15,2
9/1/2023,8:00 PM,79,89,29.73,Clear,0,0,0,0,2,7,2
9/1/2023,8:30 PM,79,89,29.73,Clear,0,0,0,0,2,8,2
9/1/2023,9:00 PM,79,89,29.73,Rain,0,0,0,0,1,9,2
9/1/2023,9:30 PM,77,94,29.76,Rain,0,0,0,0,1,7,2
9/1/2023,10:00 PM,75,100,29.79,Rain,0,0,0,0,1,9,2
9/1/2023,10:30 PM,75,100,29.76,Rain,0,0,0,0,1,10,2
9/1/2023,11:00 PM,75,94,29.79,Rain,0,0,0,0,1,8,2
9/1/2023,11:30 PM,75,94,29.79,Rain,0,0,0,0,1,8,2
9/2/2023,12:00 AM,75,100,29.76,Rain,0,0,0,0,0,4,2
9/2/2023,12:30 AM,75,100,29.76,Rain,0,0,0,0,0,3,2
9/2/2023,1:00 AM,75,94,29.73,Rain,0,0,0,0,0,3,2
9/2/2023,1:30 AM,75,94,29.73,Clear,0,0,0,0,0,4,2
9/2/2023,2:00 AM,75,94,29.7,Clear,0,0,0,0,0,3,2
9/2/2023,2:30 AM,75,94,29.7,Clear,0,0,0,0,0,3,3
9/2/2023,3:00 AM,77,89,29.7,Rain,0,0,0,0,0,3,2
9/2/2023,3:30 AM,77,89,29.7,Rain,0,0,0,0,0,3,2
9/2/2023,4:00 AM,77,89,29.7,Clear,0,0,0,0,0,3,2
9/2/2023,4:30 AM,77,89,29.67,Clear,0,0,0,0,1,3,2
9/2/2023,5:00 AM,77,89,29.67,Rain,0,0,0,0,2,14,2
9/2/2023,5:30 AM,75,94,29.7,Rain,0,0,0,0,2,15,2
9/2/2023,6:00 AM,75,94,29.7,Rain,0,0,0,0,2,14,1
9/2/2023,6:30 AM,75,94,29.7,Clear,0,0,0,0,3,12,2
9/2/2023,7:00 AM,77,94,29.7,Clear,0,0,0,0,3,13,2
9/2/2023,7:30 AM,77,94,29.7,Clear,0,0,0,0,3,14,2
9/2/2023,8:00 AM,77,94,29.7,Clear,0,0,0,0,3,14,2
9/2/2023,8:30 AM,77,94,29.7,Clear,0,0,0,0,3,14,2
9/2/2023,9:00 AM,81,84,29.7,Clear,0,0,0,0,2,7,2
9/2/2023,9:30 AM,81,89,29.7,Clear,0,0,0,0,2,8,2
9/2/2023,10:00 AM,82,84,29.7,Clear,0,0,0,0,2,6,2
9/2/2023,10:30 AM,84,74,29.7,Clear,0,0,0,0,2,7,1
9/2/2023,11:00 AM,86,70,29.7,Clear,0,0,0,0,2,6,2
9/2/2023,11:30 AM,86,70,29.7,Clear,0,0,0,0,2,7,2
9/2/2023,12:00 PM,86,70,29.7,Clear,0,0,0,0,2,7,1
9/2/2023,12:30 PM,88,66,29.67,Clear,0,0,0,0,2,8,2
9/2/2023,1:00 PM,88,62,29.67,Clear,0,0,0,0,2,6,2
9/2/2023,1:30 PM,88,66,29.64,Clear,0,0,0,0,2,7,2
9/2/2023,2:00 PM,90,62,29.64,Clear,0,0,0,0,2,6,2
9/2/2023,2:30 PM,88,70,29.64,Clear,0,0,0,0,2,8,2
9/2/2023,3:00 PM,88,66,29.61,Clear,0,0,0,0,2,7,1
9/2/2023,3:30 PM,86,74,29.61,Rain,0,0,0,0,1,7,2
9/2/2023,4:00 PM,86,70,29.61,Clear,0,0,0,0,3,14,2
9/2/2023,4:30 PM,84,79,29.61,Rain,0,0,0,0,2,15,3
9/2/2023,5:00 PM,81,84,29.61,Rain,0,0,0,0,2,15,2
9/2/2023,5:30 PM,81,89,29.61,Rain,0,0,0,0,2,16,2
9/2/2023,6:00 PM,79,94,29.64,Rain,0,0,0,0,2,12,2
9/2/2023,6:30 PM,79,89,29.64,Rain,0,0,0,0,2,16,2
9/2/2023,7:00 PM,79,89,29.67,Rain,0,0,0,0,2,16,3
9/2/2023,7:30 PM,79,94,29.64,Rain,0,0,0,0,2,17,2
9/2/2023,8:00 PM,79,89,29.67,Rain,0,0,0,0,1,9,2
9/2/2023,8:30 PM,79,94,29.67,Rain,0,0,0,0,1,8,2
9/2/2023,9:00 PM,79,94,29.67,Clear,0,0,0,0,2,7,2
9/2/2023,9:30 PM,79,94,29.7,Clear,0,0,0,0,2,8,2
9/2/2023,10:00 PM,79,94,29.73,Rain,0,0,0,0,1,9,2
9/2/2023,10:30 PM,79,94,29.73,Rain,0,0,0,0,1,8,2
9/2/2023,11:00 PM,77,100,29.7,Rain,0,0,0,0,1,7,2
9/2/2023,11:30 PM,77,100,29.7,Clear,0,0,0,0,2,6,1
9/3/2023,12:00 AM,77,100,29.7,Clear,0,0,0,0,1,2,2
9/3/2023,12:30 AM,77,100,29.7,Clear,0,0,0,0,0,3,2
9/3/2023,1:00 AM,77,100,29.7,Clear,0,0,0,0,1,3,2
9/3/2023,1:30 AM,77,100,29.67,Clear,0,0,0,0,0,3,3
9/3/2023,2:00 AM,77,100,29.67,Clear,0,0,0,0,0,3,2
9/3/2023,2:30 AM,77,100,29.67,Clear,0,0,0,0,0,3,2
9/3/2023,3:00 AM,77,94,29.67,Rain,0,0,0,0,0,3,2
9/3/2023,3:30 AM,77,94,29.67,Rain,0,0,0,0,0,3,2
9/3/2023,4:00 AM,77,94,29.67,Rain,0,0,0,0,0,3,2
9/3/2023,4:30 AM,77,94,29.67,Rain,0,0,0,0,0,3,2
9/3/2023,5:00 AM,77,94,29.64,Rain,0,0,0,0,2,16,2
9/3/2023,5:30 AM,77,94,29.64,Clear,0,0,0,0,2,16,2
9/3/2023,6:00 AM,75,100,29.67,Clear,0,0,0,0,3,12,2
9/3/2023,6:30 AM,77,94,29.67,Clear,0,0,0,0,3,14,2
9/3/2023,7:00 AM,77,94,29.67,Clear,0,0,0,0,3,14,2
9/3/2023,7:30 AM,77,94,29.67,Clear,0,0,0,0,3,14,2
9/3/2023,8:00 AM,77,100,29.67,Clear,0,0,0,0,3,16,2
9/3/2023,8:30 AM,79,89,29.7,Clear,0,0,0,0,3,13,2
9/3/2023,9:00 AM,81,84,29.7,Clear,0,0,0,0,2,6,2
9/3/2023,9:30 AM,81,89,29.7,Clear,0,0,0,0,2,6,1
9/3/2023,10:00 AM,81,89,29.7,Clear,0,0,0,0,2,7,2
9/3/2023,10:30 AM,82,84,29.7,Clear,0,0,0,0,2,7,2
9/3/2023,11:00 AM,82,84,29.7,Clear,0,0,0,0,2,9,2
9/3/2023,11:30 AM,82,89,29.67,Rain,0,0,0,0,1,8,2
9/3/2023,12:00 PM,84,79,29.67,Rain,0,0,0,0,1,7,1
9/3/2023,12:30 PM,84,74,29.64,Clear,0,0,0,0,2,7,1
9/3/2023,1:00 PM,82,79,29.64,Clear,0,0,0,0,2,7,1
9/3/2023,1:30 PM,84,74,29.64,Clear,0,0,0,0,2,8,2
9/3/2023,2:00 PM,86,70,29.61,Clear,0,0,0,0,2,6,2
9/3/2023,2:30 PM,86,70,29.61,Clear,0,0,0,0,2,6,2
9/3/2023,3:00 PM,86,70,29.58,Clear,0,0,0,0,2,7,2
9/3/2023,3:30 PM,86,74,29.58,Clear,0,0,0,0,2,6,1
9/3/2023,4:00 PM,86,70,29.58,Clear,0,0,0,0,3,15,2
9/3/2023,4:30 PM,86,70,29.58,Clear,0,0,0,0,2,12,2
9/3/2023,5:00 PM,84,74,29.58,Clear,0,0,0,0,3,13,2
9/3/2023,5:30 PM,86,74,29.58,Clear,0,0,0,0,3,15,2
9/3/2023,6:00 PM,84,74,29.58,Clear,0,0,0,0,2,13,2
9/3/2023,6:30 PM,84,74,29.58,Clear,0,0,0,0,3,13,2
9/3/2023,7:00 PM,84,74,29.61,Clear,0,0,0,0,3,14,2
9/3/2023,7:30 PM,82,79,29.61,Clear,0,0,0,0,3,15,2
9/3/2023,8:00 PM,82,79,29.61,Clear,0,0,0,0,2,7,2
9/3/2023,8:30 PM,82,79,29.64,Clear,0,0,0,0,2,8,2
9/3/2023,9:00 PM,81,84,29.64,Clear,0,0,0,0,1,9,2
9/3/2023,9:30 PM,81,84,29.64,Clear,0,0,0,0,2,9,2
9/3/2023,10:00 PM,81,84,29.64,Clear,0,0,0,0,2,8,2
9/3/2023,10:30 PM,81,84,29.67,Clear,0,0,0,0,2,8,2
9/3/2023,11:00 PM,81,84,29.67,Clear,0,0,0,0,2,8,2
9/3/2023,11:30 PM,81,89,29.67,Clear,0,0,0,0,2,8,2
9/4/2023,12:00 AM,79,94,29.67,Clear,1,0,1,0,0,3,2
9/4/2023,12:30 AM,79,94,29.64,Clear,0,0,0,0,0,3,2
9/4/2023,1:00 AM,79,89,29.64,Clear,0,0,0,0,1,3,2
9/4/2023,1:30 AM,79,94,29.64,Clear,0,0,0,0,1,4,3
9/4/2023,2:00 AM,79,89,29.64,Clear,0,0,0,0,0,3,2
9/4/2023,2:30 AM,79,94,29.61,Clear,0,0,0,0,0,3,3
9/4/2023,3:00 AM,77,100,29.61,Rain,0,0,0,0,0,4,2
9/4/2023,3:30 AM,79,94,29.61,Clear,0,0,0,0,1,3,3
9/4/2023,4:00 AM,77,100,29.61,Clear,0,0,0,0,1,3,2
9/4/2023,4:30 AM,77,100,29.61,Clear,0,0,0,0,1,3,2
9/4/2023,5:00 AM,77,100,29.61,Clear,0,0,0,0,3,15,2
9/4/2023,5:30 AM,77,100,29.61,Clear,0,0,0,0,3,15,2
9/4/2023,6:00 AM,77,100,29.61,Clear,0,0,0,0,3,11,2
9/4/2023,6:30 AM,77,100,29.61,Clear,0,0,0,0,3,15,2
9/4/2023,7:00 AM,77,100,29.61,Clear,0,0,0,0,3,15,2
9/4/2023,7:30 AM,79,94,29.64,Clear,0,0,0,0,3,12,2
9/4/2023,8:00 AM,79,94,29.67,Clear,0,0,0,0,3,16,2
9/4/2023,8:30 AM,81,89,29.67,Clear,0,0,0,0,3,14,2
9/4/2023,9:00 AM,82,84,29.67,Clear,0,0,0,0,2,8,2
9/4/2023,9:30 AM,84,79,29.64,Clear,0,0,0,0,2,8,2
9/4/2023,10:00 AM,86,74,29.67,Clear,0,0,0,0,2,7,2
9/4/2023,10:30 AM,86,74,29.67,Clear,0,0,0,0,2,7,2
9/4/2023,11:00 AM,86,74,29.67,Clear,0,0,0,0,2,8,2
9/4/2023,11:30 AM,86,74,29.67,Clear,0,0,0,0,2,7,1
9/4/2023,12:00 PM,86,66,29.67,Rain,0,0,0,0,1,8,2
9/4/2023,12:30 PM,86,70,29.64,Rain,0,0,0,0,1,7,2
9/4/2023,1:00 PM,88,66,29.64,Clear,0,0,0,0,2,7,1
9/4/2023,1:30 PM,88,66,29.61,Rain,0,0,0,0,1,7,1
9/4/2023,2:00 PM,75,94,29.64,Rain,0,0,0,0,1,8,2
9/4/2023,2:30 PM,75,94,29.61,Rain,0,0,0,0,1,8,2
9/4/2023,3:00 PM,75,94,29.64,Rain,0,0,0,0,1,9,2
9/4/2023,3:30 PM,77,94,29.64,Rain,0,0,0,0,1,10,2
9/4/2023,4:00 PM,75,100,29.61,Rain,0,0,0,0,2,14,2
9/4/2023,4:30 PM,75,100,29.61,Rain,0,0,0,0,2,12,2
9/4/2023,5:00 PM,77,94,29.64,Rain,0,0,0,0,2,12,2
9/4/2023,5:30 PM,77,94,29.61,Rain,0,0,0,0,2,15,2
9/4/2023,6:00 PM,77,94,29.61,Clear,0,0,0,0,3,17,2
9/4/2023,6:30 PM,77,94,29.61,Clear,0,0,0,0,2,13,2
9/4/2023,7:00 PM,77,94,29.61,Rain,0,0,0,0,2,15,2
9/4/2023,7:30 PM,77,94,29.64,Clear,0,0,0,0,3,13,2
9/4/2023,8:00 PM,75,100,29.64,Clear,0,0,0,0,2,9,2
9/4/2023,8:30 PM,77,89,29.64,Clear,0,0,0,0,1,8,2
9/4/2023,9:00 PM,77,89,29.64,Clear,0,0,0,0,2,8,2
9/4/2023,9:30 PM,75,94,29.67,Clear,0,0,0,0,2,8,1
9/4/2023,10:00 PM,77,89,29.67,Clear,0,0,0,0,2,7,2
9/4/2023,10:30 PM,77,89,29.7,Clear,0,0,0,0,1,7,1
9/4/2023,11:00 PM,77,89,29.7,Clear,0,0,0,0,2,8,2
9/4/2023,11:30 PM,77,94,29.7,Clear,0,0,0,0,2,9,2
9/5/2023,12:00 AM,77,94,29.7,Clear,0,0,0,0,0,3,2
9/5/2023,12:30 AM,77,94,29.67,Clear,0,0,0,0,0,3,2
9/5/2023,1:00 AM,77,94,29.67,Clear,0,0,0,0,0,3,2
9/5/2023,1:30 AM,77,94,29.67,Clear,0,0,0,0,0,3,2
9/5/2023,2:00 AM,77,94,29.67,Clear,0,0,0,0,0,3,2
9/5/2023,2:30 AM,77,94,29.67,Clear,0,0,0,0,0,3,2
9/5/2023,3:00 AM,75,100,29.64,Clear,0,0,0,0,0,3,2
9/5/2023,3:30 AM,75,100,29.64,Clear,0,0,0,0,1,3,3
9/5/2023,4:00 AM,75,100,29.64,Clear,0,0,0,0,0,3,3
9/5/2023,4:30 AM,75,100,29.64,Clear,0,0,0,0,1,3,3
9/5/2023,5:00 AM,77,94,29.67,Clear,0,0,0,0,3,13,2
9/5/2023,5:30 AM,77,94,29.67,Clear,0,0,0,0,3,15,2
9/5/2023,6:00 AM,75,100,29.67,Clear,0,0,0,0,3,16,2
9/5/2023,6:30 AM,75,100,29.67,Clear,0,0,0,0,3,13,2
9/5/2023,7:00 AM,77,94,29.7,Clear,0,0,0,0,3,14,2
9/5/2023,7:30 AM,77,94,29.7,Clear,0,0,0,0,2,15,2
9/5/2023,8:00 AM,79,89,29.73,Clear,0,0,0,0,3,13,1
9/5/2023,8:30 AM,79,89,29.73,Clear,0,0,0,0,2,13,2
9/5/2023,9:00 AM,79,89,29.73,Rain,0,0,0,0,1,8,1
9/5/2023,9:30 AM,81,89,29.73,Clear,0,0,0,0,2,6,2
9/5/2023,10:00 AM,82,79,29.73,Rain,0,0,0,0,2,7,1
9/5/2023,10:30 AM,82,79,29.73,Rain,0,0,0,0,2,9,1
9/5/2023,11:00 AM,82,79,29.73,Rain,0,0,0,0,1,8,1
9/5/2023,11:30 AM,84,74,29.73,Clear,0,0,0,0,2,6,2
9/5/2023,12:00 PM,86,70,29.73,Clear,0,0,0,0,2,7,2
9/5/2023,12:30 PM,86,66,29.7,Clear,0,0,0,0,2,6,1
9/5/2023,1:00 PM,88,62,29.67,Clear,0,0,0,0,2,7,2
9/5/2023,1:30 PM,84,74,29.7,Rain,0,0,0,0,1,8,2
9/5/2023,2:00 PM,79,89,29.7,Rain,0,0,0,0,1,8,1
9/5/2023,2:30 PM,79,94,29.7,Rain,0,0,0,0,1,7,1
9/5/2023,3:00 PM,79,89,29.7,Rain,0,0,0,0,1,7,2
9/5/2023,3:30 PM,79,89,29.7,Rain,0,0,0,0,1,8,1
9/5/2023,4:00 PM,79,89,29.7,Clear,0,0,0,0,3,17,2
9/5/2023,4:30 PM,79,89,29.67,Clear,0,0,0,0,3,13,2
9/5/2023,5:00 PM,79,83,29.67,Clear,0,0,0,0,3,14,2
9/5/2023,5:30 PM,79,83,29.67,Clear,0,0,0,0,3,12,2
9/5/2023,6:00 PM,79,83,29.67,Clear,0,0,0,0,3,14,2
9/5/2023,6:30 PM,77,89,29.67,Clear,0,0,0,0,3,15,2
9/5/2023,7:00 PM,77,89,29.67,Clear,0,0,0,0,3,15,2
9/5/2023,7:30 PM,77,89,29.7,Clear,0,0,0,0,2,13,2
9/5/2023,8:00 PM,77,83,29.7,Clear,0,0,0,0,1,8,2
9/5/2023,8:30 PM,77,83,29.7,Clear,0,0,0,0,2,6,2
9/5/2023,9:00 PM,77,83,29.73,Clear,0,0,0,0,2,7,2
9/5/2023,9:30 PM,77,83,29.73,Clear,0,0,0,0,2,8,2
9/5/2023,10:00 PM,77,83,29.73,Clear,0,0,0,0,2,7,2
9/5/2023,10:30 PM,75,94,29.73,Clear,0,0,0,0,2,8,2
9/5/2023,11:00 PM,75,89,29.73,Clear,0,0,0,0,2,7,2
9/5/2023,11:30 PM,75,94,29.73,Clear,0,0,0,0,2,8,2
9/6/2023,12:00 AM,75,89,29.73,Clear,0,0,0,0,0,3,2
9/6/2023,12:30 AM,75,89,29.73,Clear,0,0,0,0,1,3,2
9/6/2023,1:00 AM,75,89,29.73,Clear,0,0,0,0,0,3,2
9/6/2023,1:30 AM,75,94,29.73,Clear,0,0,0,0,1,3,2
9/6/2023,2:00 AM,75,89,29.7,Clear,0,0,0,0,0,4,3
9/6/2023,2:30 AM,75,94,29.7,Clear,0,0,0,0,0,3,2
9/6/2023,3:00 AM,75,94,29.7,Clear,0,0,0,0,0,3,2
9/6/2023,3:30 AM,75,94,29.7,Clear,0,0,0,0,0,3,2
9/6/2023,4:00 AM,75,94,29.7,Clear,0,0,0,0,0,4,2
9/6/2023,4:30 AM,75,94,29.7,Clear,0,0,0,0,0,3,2
9/6/2023,5:00 AM,75,94,29.7,Clear,0,0,0,0,3,12,1
9/6/2023,5:30 AM,75,94,29.7,Clear,0,0,0,0,3,14,2
9/6/2023,6:00 AM,75,94,29.7,Clear,0,0,0,0,3,14,2
9/6/2023,6:30 AM,75,94,29.7,Clear,0,0,0,0,3,16,1
9/6/2023,7:00 AM,75,94,29.73,Clear,0,0,0,0,3,12,2
9/6/2023,7:30 AM,77,89,29.73,Clear,0,0,0,0,3,15,2
9/6/2023,8:00 AM,77,89,29.73,Clear,0,0,0,0,3,13,1
9/6/2023,8:30 AM,79,83,29.76,Clear,0,0,0,0,3,14,2
9/6/2023,9:00 AM,81,84,29.76,Clear,0,0,0,0,2,7,2
9/6/2023,9:30 AM,82,79,29.76,Clear,0,0,0,0,2,7,2
9/6/2023,10:00 AM,84,79,29.76,Clear,0,0,0,0,2,7,1
9/6/2023,10:30 AM,86,66,29.76,Clear,0,0,0,0,2,7,2
9/6/2023,11:00 AM,86,66,29.76,Clear,0,0,0,0,2,7,2
9/6/2023,11:30 AM,88,66,29.76,Clear,0,0,0,0,2,6,2
9/6/2023,12:00 PM,88,66,29.73,Clear,0,0,0,0,2,7,1
9/6/2023,12:30 PM,90,66,29.73,Clear,0,0,0,0,2,7,2
9/6/2023,1:00 PM,88,62,29.7,Clear,0,0,0,0,2,6,2
9/6/2023,1:30 PM,90,59,29.7,Clear,0,0,0,0,2,7,1
9/6/2023,2:00 PM,90,59,29.67,Clear,0,0,0,0,2,6,2
9/6/2023,2:30 PM,90,59,29.67,Clear,0,0,0,0,2,7,2
9/6/2023,3:00 PM,90,59,29.67,Clear,0,0,0,0,2,6,1
9/6/2023,3:30 PM,90,59,29.67,Clear,0,0,0,0,2,7,2
9/6/2023,4:00 PM,90,59,29.67,Clear,0,0,0,0,3,15,2
9/6/2023,4:30 PM,90,62,29.67,Clear,0,0,0,0,3,15,2
9/6/2023,5:00 PM,88,66,29.67,Clear,0,0,0,0,3,15,3
9/6/2023,5:30 PM,88,66,29.67,Clear,0,0,0,0,3,13,3
9/6/2023,6:00 PM,88,66,29.7,Clear,0,0,0,0,3,15,3
9/6/2023,6:30 PM,86,70,29.7,Clear,0,0,0,0,3,14,2
9/6/2023,7:00 PM,84,74,29.7,Clear,0,0,0,0,3,13,2
9/6/2023,7:30 PM,84,74,29.73,Clear,0,0,0,0,3,12,2
9/6/2023,8:00 PM,82,74,29.73,Clear,0,0,0,0,2,7,1
9/6/2023,8:30 PM,81,84,29.73,Clear,0,0,0,0,1,9,2
9/6/2023,9:00 PM,81,84,29.76,Clear,0,0,0,0,2,8,2
9/6/2023,9:30 PM,81,84,29.76,Clear,0,0,0,0,2,9,2
9/6/2023,10:00 PM,81,84,29.76,Clear,0,0,0,0,1,8,2
9/6/2023,10:30 PM,79,89,29.76,Clear,0,0,0,0,2,8,2
9/6/2023,11:00 PM,81,84,29.76,Clear,0,0,0,0,2,7,2
9/6/2023,11:30 PM,79,89,29.76,Clear,0,0,0,0,2,7,2
9/7/2023,12:00 AM,79,89,29.76,Clear,0,0,0,0,0,3,3
9/7/2023,12:30 AM,79,89,29.76,Clear,0,0,0,0,0,3,2
9/7/2023,1:00 AM,79,89,29.76,Clear,0,0,0,0,0,3,3
9/7/2023,1:30 AM,77,94,29.73,Clear,0,0,0,0,1,3,2
9/7/2023,2:00 AM,77,94,29.73,Clear,0,0,0,0,0,3,3
9/7/2023,2:30 AM,77,94,29.73,Clear,0,0,0,0,0,3,2
9/7/2023,3:00 AM,79,89,29.73,Clear,0,0,0,0,1,3,2
9/7/2023,3:30 AM,77,94,29.73,Clear,0,0,0,0,0,3,2
9/7/2023,4:00 AM,77,94,29.7,Clear,0,0,0,0,0,3,3
9/7/2023,4:30 AM,77,94,29.7,Clear,0,0,0,0,0,3,2
9/7/2023,5:00 AM,77,94,29.7,Clear,0,0,0,0,3,11,2
9/7/2023,5:30 AM,77,94,29.73,Clear,0,0,0,0,3,15,2
9/7/2023,6:00 AM,77,94,29.73,Clear,0,0,0,0,3,15,2
9/7/2023,6:30 AM,77,94,29.73,Clear,0,0,0,0,3,13,2
9/7/2023,7:00 AM,79,89,29.73,Clear,0,0,0,0,3,14,2
9/7/2023,7:30 AM,79,94,29.76,Clear,0,0,0,0,3,13,1
9/7/2023,8:00 AM,81,84,29.76,Clear,0,0,0,0,3,12,2
9/7/2023,8:30 AM,82,79,29.76,Clear,0,0,0,0,3,14,1
9/7/2023,9:00 AM,84,74,29.76,Clear,0,0,0,0,2,6,1
9/7/2023,9:30 AM,86,70,29.76,Clear,0,0,0,0,2,6,2
9/7/2023,10:00 AM,86,70,29.76,Clear,0,0,0,0,2,6,1
9/7/2023,10:30 AM,86,74,29.76,Clear,0,0,0,0,2,6,1
9/7/2023,11:00 AM,86,70,29.76,Clear,0,0,0,0,2,8,2
9/7/2023,11:30 AM,88,70,29.73,Clear,0,0,0,0,2,7,2
9/7/2023,12:00 PM,88,70,29.73,Clear,0,0,0,0,2,7,2
9/7/2023,12:30 PM,90,62,29.73,Clear,0,0,0,0,2,7,2
9/7/2023,1:00 PM,90,62,29.7,Clear,0,0,0,0,2,7,1
9/7/2023,1:30 PM,90,62,29.7,Clear,0,0,0,0,2,6,2
9/7/2023,2:00 PM,90,62,29.7,Clear,0,0,0,0,2,6,1
9/7/2023,2:30 PM,90,62,29.67,Clear,0,0,0,0,2,6,1
9/7/2023,3:00 PM,90,62,29.67,Clear,0,0,0,0,2,6,2
9/7/2023,3:30 PM,90,62,29.67,Clear,0,0,0,0,2,6,2
9/7/2023,4:00 PM,90,66,29.64,Clear,0,0,0,0,3,12,2
9/7/2023,4:30 PM,88,70,29.64,Rain,0,0,0,0,2,13,2
9/7/2023,5:00 PM,88,70,29.64,Rain,0,0,0,0,2,16,3
9/7/2023,5:30 PM,86,70,29.64,Clear,0,0,0,0,2,13,2
9/7/2023,6:00 PM,86,74,29.67,Clear,0,0,0,0,3,15,2
9/7/2023,6:30 PM,86,74,29.67,Clear,0,0,0,0,2,12,2
9/7/2023,7:00 PM,84,79,29.7,Clear,0,0,0,0,3,15,3
9/7/2023,7:30 PM,84,79,29.7,Clear,0,0,0,0,3,14,2
9/7/2023,8:00 PM,82,84,29.7,Clear,0,0,0,0,2,8,2
9/7/2023,8:30 PM,82,84,29.7,Clear,0,0,0,0,2,9,2
9/7/2023,9:00 PM,82,84,29.73,Clear,0,0,0,0,2,8,2
9/7/2023,9:30 PM,81,89,29.73,Clear,0,0,0,0,2,7,2
9/7/2023,10:00 PM,81,89,29.76,Clear,0,0,0,0,2,8,2
9/7/2023,10:30 PM,81,89,29.76,Clear,0,0,0,0,2,10,2
9/7/2023,11:00 PM,81,89,29.76,Clear,0,0,0,0,2,8,2
9/7/2023,11:30 PM,81,89,29.76,Clear,0,0,0,0,2,8,1
9/8/2023,12:00 AM,79,94,29.76,Clear,0,0,0,0,1,4,3
9/8/2023,12:30 AM,79,94,29.76,Clear,0,0,0,0,0,3,3
9/8/2023,1:00 AM,79,94,29.73,Clear,0,0,0,0,0,3,3
9/8/2023,1:30 AM,79,94,29.73,Clear,0,0,0,0,0,3,2
9/8/2023,2:00 AM,79,94,29.73,Clear,0,0,0,0,0,3,2
9/8/2023,8:30 PM,77,89,29.76,Clear,0,0,0,0,2,8,2
9/8/2023,9:00 PM,77,89,29.76,Rain,0,0,0,0,1,8,2
9/8/2023,9:30 PM,77,94,29.76,Clear,0,0,0,0,2,9,2
9/8/2023,10:00 PM,77,94,29.76,Clear,0,0,0,0,2,9,2
9/8/2023,10:30 PM,77,94,29.79,Clear,0,0,0,0,1,9,2
9/8/2023,11:00 PM,77,94,29.76,Clear,0,0,0,0,2,7,2
9/8/2023,11:30 PM,77,94,29.76,Clear,0,0,0,0,2,7,1
9/9/2023,12:00 AM,77,94,29.76,Clear,0,0,0,0,1,3,2
9/9/2023,12:30 AM,77,94,29.76,Clear,0,0,0,0,0,4,2
9/9/2023,1:00 AM,77,94,29.73,Clear,0,0,0,0,1,3,2
9/9/2023,1:30 AM,77,94,29.73,Clear,0,0,0,0,0,3,2
9/9/2023,2:00 AM,77,94,29.7,Clear,0,0,0,0,0,3,2
9/9/2023,2:30 AM,77,94,29.7,Clear,0,0,0,0,0,3,2
9/9/2023,3:00 AM,75,100,29.67,Clear,0,0,0,0,1,3,2
9/9/2023,3:30 AM,75,100,29.67,Clear,0,0,0,0,0,3,2
9/9/2023,4:00 AM,77,94,29.67,Clear,0,0,0,0,1,3,2
9/9/2023,4:30 AM,77,94,29.67,Clear,0,0,0,0,1,4,3
9/9/2023,5:00 AM,75,100,29.7,Clear,0,0,0,0,3,14,2
9/9/2023,5:30 AM,77,94,29.7,Clear,0,0,0,0,3,13,2
9/9/2023,6:00 AM,77,94,29.67,Clear,0,0,0,0,3,11,2
9/9/2023,6:30 AM,77,94,29.67,Clear,0,0,0,0,3,13,2
9/9/2023,7:00 AM,77,94,29.7,Clear,0,0,0,0,3,17,2
9/9/2023,7:30 AM,77,94,29.73,Clear,0,0,0,0,3,15,2
9/9/2023,8:00 AM,79,89,29.73,Clear,0,0,0,0,3,13,2
9/9/2023,8:30 AM,81,84,29.76,Clear,0,0,0,0,3,12,2
9/9/2023,9:00 AM,82,84,29.73,Clear,0,0,0,0,2,6,2
9/9/2023,9:30 AM,84,79,29.73,Clear,0,0,0,0,2,7,2
9/9/2023,10:00 AM,86,70,29.73,Clear,0,0,0,0,2,7,2
9/9/2023,10:30 AM,88,66,29.73,Clear,0,0,0,0,2,7,2
9/9/2023,11:00 AM,90,62,29.73,Clear,0,0,0,0,2,8,2
9/9/2023,11:30 AM,90,59,29.7,Clear,0,0,0,0,2,7,2
9/9/2023,12:00 PM,90,59,29.7,Clear,0,0,0,0,2,6,2
9/9/2023,12:30 PM,91,55,29.7,Clear,0,0,0,0,2,7,2
9/9/2023,1:00 PM,91,59,29.67,Clear,0,0,0,0,2,6,1
9/9/2023,1:30 PM,82,84,29.67,Rain,0,0,0,0,1,7,2
9/9/2023,2:00 PM,88,75,29.64,Clear,0,0,0,0,2,5,2
9/9/2023,2:30 PM,88,66,29.64,Clear,0,0,0,0,2,7,2
9/9/2023,3:00 PM,86,70,29.61,Clear,0,0,0,0,2,7,2
9/9/2023,3:30 PM,90,62,29.61,Clear,0,0,0,0,2,8,1
9/9/2023,4:00 PM,88,62,29.61,Clear,0,0,0,0,3,14,3
9/9/2023,4:30 PM,88,66,29.61,Clear,0,0,0,0,3,12,2
9/9/2023,5:00 PM,86,66,29.61,Clear,0,0,0,0,3,12,3
9/9/2023,5:30 PM,86,66,29.64,Clear,0,0,0,0,3,12,2
9/9/2023,6:00 PM,86,66,29.64,Clear,0,0,0,0,3,13,2
9/9/2023,6:30 PM,84,70,29.67,Clear,0,0,0,0,3,15,2
9/9/2023,7:00 PM,84,66,29.67,Clear,0,0,0,0,2,13,2
9/9/2023,7:30 PM,84,66,29.67,Clear,0,0,0,0,3,13,2
9/9/2023,8:00 PM,82,70,29.7,Clear,0,0,0,0,2,9,2
9/9/2023,8:30 PM,81,79,29.73,Clear,0,0,0,0,1,7,2
9/9/2023,9:00 PM,82,74,29.73,Clear,0,0,0,0,2,9,2
9/9/2023,9:30 PM,82,74,29.73,Clear,0,0,0,0,2,8,2
9/9/2023,10:00 PM,82,74,29.73,Clear,0,0,0,0,2,8,2
9/9/2023,10:30 PM,82,74,29.73,Clear,0,0,0,0,2,7,1
9/9/2023,11:00 PM,81,84,29.76,Clear,0,0,0,0,2,8,2
9/9/2023,11:30 PM,81,84,29.76,Clear,0,0,0,0,2,7,2
9/10/2023,12:00 AM,79,89,29.73,Clear,0,0,0,0,0,3,2
9/10/2023,12:30 AM,79,89,29.7,Clear,0,0,0,0,0,3,2
9/10/2023,1:00 AM,77,94,29.7,Clear,0,0,0,0,0,3,2
9/10/2023,1:30 AM,77,89,29.7,Clear,0,0,0,0,0,3,2
9/10/2023,2:00 AM,77,89,29.67,Clear,0,0,0,0,0,4,2
9/10/2023,2:30 AM,77,89,29.67,Clear,0,0,0,0,0,3,2
9/10/2023,3:00 AM,77,89,29.67,Clear,0,0,0,0,0,3,2
9/10/2023,3:30 AM,77,89,29.67,Clear,0,0,0,0,0,3,2
9/10/2023,4:00 AM,77,89,29.67,Clear,1,0,1,0,1,3,2
9/10/2023,4:30 AM,77,89,29.67,Clear,0,0,0,0,0,3,2
9/10/2023,5:00 AM,77,89,29.67,Clear,0,0,0,0,3,16,2
9/10/2023,5:30 AM,77,89,29.7,Rain,0,0,0,0,2,15,2
9/10/2023,6:00 AM,77,89,29.7,Rain,0,0,0,0,2,16,2
9/10/2023,6:30 AM,77,89,29.73,Rain,0,0,0,0,2,16,2
9/10/2023,7:00 AM,77,89,29.73,Rain,0,0,0,0,2,15,2
9/10/2023,7:30 AM,75,94,29.73,Rain,0,0,0,0,2,14,2
9/10/2023,8:00 AM,75,94,29.76,Rain,0,0,0,0,2,16,2
9/10/2023,8:30 AM,75,94,29.76,Rain,0,0,0,0,2,16,2
9/10/2023,9:00 AM,75,94,29.76,Rain,0,0,0,0,1,8,2
9/10/2023,9:30 AM,79,83,29.79,Rain,0,0,0,0,1,8,2
9/10/2023,10:00 AM,77,89,29.79,Rain,0,0,0,0,2,8,2
9/10/2023,10:30 AM,79,89,29.79,Rain,0,0,0,0,1,8,2
9/10/2023,11:00 AM,79,89,29.79,Rain,0,0,0,0,2,8,1
9/10/2023,11:30 AM,77,94,29.79,Rain,0,0,0,0,1,8,2
9/10/2023,12:00 PM,77,83,29.79,Rain,0,0,0,0,2,7,2
9/10/2023,12:30 PM,75,94,29.79,Rain,0,0,0,0,1,8,2
9/10/2023,1:00 PM,75,89,29.76,Rain,0,0,0,0,1,8,2
9/10/2023,1:30 PM,77,89,29.76,Rain,0,0,0,0,1,7,2
9/10/2023,2:00 PM,79,83,29.73,Rain,0,0,0,0,2,7,2
9/10/2023,2:30 PM,79,83,29.7,Rain,0,0,0,0,1,8,2
9/10/2023,3:00 PM,79,83,29.7,Clear,0,0,0,0,2,7,1
9/10/2023,3:30 PM,81,74,29.67,Clear,0,0,0,0,2,6,1
9/10/2023,4:00 PM,81,79,29.67,Clear,0,0,0,0,3,13,2
9/10/2023,4:30 PM,81,74,29.67,Clear,0,0,0,0,3,12,2
9/10/2023,5:00 PM,79,83,29.67,Clear,0,0,0,0,3,12,2
9/10/2023,5:30 PM,79,83,29.67,Clear,0,0,0,0,3,13,3
9/10/2023,6:00 PM,79,78,29.67,Clear,0,0,0,0,3,14,3
9/10/2023,6:30 PM,77,89,29.67,Clear,0,0,0,0,3,13,2
9/10/2023,7:00 PM,77,89,29.67,Clear,0,0,0,0,3,12,3
9/10/2023,7:30 PM,77,89,29.67,Clear,1,0,1,1,3,14,2
9/10/2023,8:00 PM,77,83,29.7,Clear,0,0,0,0,2,8,2
9/10/2023,8:30 PM,77,89,29.7,Clear,0,0,0,0,2,7,2
9/10/2023,9:00 PM,75,94,29.73,Clear,0,0,0,0,2,9,1
9/10/2023,9:30 PM,75,94,29.73,Clear,0,0,0,0,2,8,2
9/10/2023,10:00 PM,75,94,29.73,Clear,0,0,0,0,2,7,1
9/10/2023,10:30 PM,75,94,29.76,Clear,0,0,0,0,2,9,2
9/10/2023,11:00 PM,75,94,29.76,Clear,0,0,0,0,2,8,2
9/10/2023,11:30 PM,75,94,29.73,Clear,0,0,0,0,1,8,2
9/11/2023,12:00 AM,75,94,29.73,Clear,0,0,0,0,1,3,2
9/11/2023,12:30 AM,75,94,29.73,Clear,0,0,0,0,0,3,3
9/11/2023,1:00 AM,75,94,29.73,Clear,0,0,0,0,0,3,2
9/11/2023,1:30 AM,75,94,29.73,Clear,0,0,0,0,0,3,2
9/11/2023,2:00 AM,75,94,29.7,Clear,0,0,0,0,1,3,2
9/11/2023,2:30 AM,75,94,29.7,Clear,0,0,0,0,0,3,3
9/11/2023,3:00 AM,75,94,29.7,Clear,0,0,0,0,0,3,2
9/11/2023,3:30 AM,75,94,29.7,Clear,0,0,0,0,0,3,2
9/11/2023,4:00 AM,75,94,29.7,Clear,0,0,0,0,0,3,1
9/11/2023,4:30 AM,75,94,29.7,Clear,0,0,0,0,0,4,2
9/11/2023,5:00 AM,75,94,29.7,Clear,0,0,0,0,3,16,2
9/11/2023,5:30 AM,73,100,29.7,Clear,0,0,0,0,3,14,2
9/11/2023,6:00 AM,73,94,29.7,Clear,0,0,0,0,3,15,1
9/11/2023,6:30 AM,73,100,29.7,Clear,0,0,0,0,3,13,2
9/11/2023,7:00 AM,75,94,29.73,Clear,0,0,0,0,3,14,1
9/11/2023,7:30 AM,75,94,29.73,Clear,0,0,0,0,3,12,2
9/11/2023,8:00 AM,79,89,29.73,Clear,0,0,0,0,3,14,1
9/11/2023,8:30 AM,82,74,29.76,Clear,0,0,0,0,2,12,1
9/11/2023,9:00 AM,84,70,29.76,Clear,0,0,0,0,2,7,2
9/11/2023,9:30 AM,88,62,29.76,Clear,0,0,0,0,2,7,2
9/11/2023,10:00 AM,88,58,29.76,Clear,0,0,0,0,2,7,2
9/11/2023,10:30 AM,90,55,29.76,Clear,0,0,0,0,2,7,2
9/11/2023,11:00 AM,90,55,29.76,Clear,0,0,0,0,2,7,1
9/11/2023,11:30 AM,91,52,29.73,Clear,0,0,0,0,2,6,2
9/11/2023,12:00 PM,91,49,29.73,Clear,0,0,0,0,2,6,2
9/11/2023,12:30 PM,91,49,29.7,Clear,0,0,0,0,2,7,1
9/11/2023,1:00 PM,91,52,29.7,Clear,0,0,0,0,2,6,2
9/11/2023,1:30 PM,91,49,29.67,Clear,0,0,0,0,2,7,2
9/11/2023,2:00 PM,91,52,29.67,Clear,0,0,0,0,2,7,1
9/11/2023,2:30 PM,91,55,29.64,Clear,0,0,0,0,2,7,2
9/11/2023,3:00 PM,91,55,29.64,Clear,0,0,0,0,2,7,2
9/11/2023,3:30 PM,90,55,29.64,Clear,0,0,0,0,2,6,2
9/11/2023,4:00 PM,90,59,29.64,Clear,0,0,0,0,3,13,2
9/11/2023,4:30 PM,88,62,29.64,Clear,0,0,0,0,3,12,2
9/11/2023,5:00 PM,88,66,29.67,Clear,0,0,0,0,3,13,2
9/11/2023,5:30 PM,86,70,29.67,Clear,0,0,0,0,3,12,2
9/11/2023,6:00 PM,84,74,29.67,Clear,0,0,0,0,3,13,2
9/11/2023,6:30 PM,84,74,29.67,Clear,0,0,0,0,4,15,2
9/11/2023,7:00 PM,82,79,29.7,Clear,0,0,0,0,3,13,2
9/11/2023,7:30 PM,82,79,29.7,Clear,0,0,0,0,3,14,3
9/11/2023,8:00 PM,82,79,29.7,Clear,0,0,0,0,2,9,2
9/11/2023,8:30 PM,81,84,29.73,Clear,0,0,0,0,2,7,2
9/11/2023,9:00 PM,81,84,29.76,Clear,0,0,0,0,2,9,2
9/11/2023,9:30 PM,81,84,29.76,Clear,0,0,0,0,2,8,2
9/11/2023,10:00 PM,79,89,29.79,Clear,0,0,0,0,2,9,2
9/11/2023,10:30 PM,79,89,29.79,Clear,0,0,0,0,2,8,2
9/11/2023,11:00 PM,79,89,29.76,Clear,0,0,0,0,2,6,2
9/11/2023,11:30 PM,79,89,29.76,Clear,0,0,0,0,2,8,2
9/12/2023,12:00 AM,79,83,29.76,Clear,0,0,0,0,0,3,2
9/12/2023,12:30 AM,75,94,29.76,Clear,0,0,0,0,1,3,2
9/12/2023,1:00 AM,77,83,29.73,Clear,0,0,0,0,0,3,3
9/12/2023,1:30 AM,77,89,29.73,Clear,0,0,0,0,0,4,3
9/12/2023,2:00 AM,77,94,29.7,Clear,0,0,0,0,0,3,2
9/12/2023,2:30 AM,77,89,29.7,Clear,0,0,0,0,0,3,2
9/12/2023,3:00 AM,77,94,29.73,Clear,0,0,0,0,0,3,3
9/12/2023,3:30 AM,77,94,29.73,Clear,0,0,0,0,1,3,2
9/12/2023,4:00 AM,75,94,29.7,Clear,0,0,0,0,0,3,2
9/12/2023,4:30 AM,75,94,29.7,Clear,0,0,0,0,0,3,2
9/12/2023,5:00 AM,75,94,29.7,Clear,0,0,0,0,3,13,2
9/12/2023,5:30 AM,75,94,29.7,Clear,0,0,0,0,3,14,1
9/12/2023,6:00 AM,75,94,29.73,Clear,0,0,0,0,2,13,2
9/12/2023,6:30 AM,75,94,29.73,Clear,0,0,0,0,3,16,2
9/12/2023,7:00 AM,77,94,29.73,Clear,0,0,0,0,3,13,2
9/12/2023,7:30 AM,77,94,29.73,Clear,0,0,0,0,3,13,2
9/12/2023,8:00 AM,79,89,29.76,Clear,0,0,0,0,3,13,2
9/12/2023,8:30 AM,81,89,29.76,Clear,0,0,0,0,3,13,2
9/12/2023,9:00 AM,84,79,29.76,Clear,0,0,0,0,2,8,2
9/12/2023,9:30 AM,86,74,29.79,Clear,0,0,0,0,1,7,2
9/12/2023,10:00 AM,86,74,29.76,Clear,0,0,0,0,2,7,2
9/12/2023,10:30 AM,90,66,29.76,Clear,0,0,0,0,2,6,2
9/12/2023,11:00 AM,90,62,29.76,Clear,0,0,0,0,2,7,2
9/12/2023,11:30 AM,90,62,29.76,Clear,0,0,0,0,2,6,2
9/12/2023,12:00 PM,90,62,29.73,Clear,0,0,0,0,2,8,2
9/12/2023,12:30 PM,90,62,29.73,Clear,0,0,0,0,2,7,2
9/12/2023,1:00 PM,90,66,29.7,Clear,0,0,0,0,2,8,2
9/12/2023,1:30 PM,90,62,29.7,Clear,0,0,0,0,2,7,2
9/12/2023,2:00 PM,90,66,29.7,Clear,0,0,0,0,2,7,2
9/12/2023,2:30 PM,90,59,29.67,Clear,0,0,0,0,2,7,2
9/12/2023,3:00 PM,90,62,29.67,Clear,0,0,0,0,2,8,2
9/12/2023,3:30 PM,90,62,29.67,Clear,0,0,0,0,2,7,1
9/12/2023,4:00 PM,90,59,29.67,Clear,0,0,0,0,3,14,2
9/12/2023,4:30 PM,90,62,29.67,Clear,0,0,0,0,3,14,2
9/12/2023,5:00 PM,90,59,29.67,Clear,0,0,0,0,3,14,2
9/12/2023,5:30 PM,90,62,29.67,Clear,0,0,0,0,3,14,3
9/12/2023,6:00 PM,88,66,29.7,Clear,0,0,0,0,3,15,2
9/12/2023,6:30 PM,86,70,29.7,Clear,0,0,0,0,3,11,2
9/12/2023,7:00 PM,84,79,29.7,Clear,1,0,0,1,3,15,2
9/12/2023,7:30 PM,84,79,29.73,Clear,0,0,0,0,3,13,2
9/12/2023,8:00 PM,82,79,29.73,Clear,0,0,0,0,1,8,2
9/12/2023,8:30 PM,82,79,29.76,Clear,0,0,0,0,2,8,2
9/12/2023,9:00 PM,82,79,29.76,Clear,0,0,0,0,2,7,2
9/12/2023,9:30 PM,81,84,29.79,Clear,0,0,0,0,2,8,2
9/12/2023,10:00 PM,81,84,29.79,Clear,0,0,0,0,2,7,2
9/12/2023,10:30 PM,81,89,29.79,Clear,0,0,0,0,2,9,2
9/12/2023,11:00 PM,81,89,29.79,Clear,0,0,0,0,2,7,2
9/12/2023,11:30 PM,79,94,29.79,Clear,0,0,0,0,2,8,2
09/13/2023,12:00 AM,79,94,29.79,Clear,0,0,0,0,1,3,2
09/13/2023,12:30 AM,79,94,29.79,Clear,0,0,0,0,0,3,2
09/13/2023,1:00 AM,79,94,29.76,Clear,0,0,0,0,0,3,2
09/13/2023,1:30 AM,79,94,29.76,Clear,0,0,0,0,0,3,2
09/13/2023,2:30 AM,79,89,29.76,Clear,0,0,0,0,0,3,2
09/13/2023,3:00 AM,79,89,29.73,Clear,0,0,0,0,0,3,2
09/13/2023,3:30 AM,79,89,29.73,Clear,0,0,0,0,0,3,2
09/13/2023,4:00 AM,79,89,29.73,Clear,0,0,0,0,0,3,2
09/13/2023,4:30 AM,79,89,29.73,Clear,0,0,0,0,1,3,2
09/13/2023,5:00 AM,79,89,29.73,Clear,0,0,0,0,3,15,2
09/13/2023,5:30 AM,79,89,29.76,Clear,0,0,0,0,2,12,2
09/13/2023,6:00 AM,77,94,29.76,Clear,0,0,0,0,3,13,1
09/13/2023,6:30 AM,77,100,29.76,Clear,0,0,0,0,3,14,2
09/13/2023,7:00 AM,77,94,29.76,Mist,0,0,0,0,3,13,2
09/13/2023,7:30 AM,79,94,29.79,Mist,0,0,0,0,3,16,2
09/13/2023,8:00 AM,81,89,29.79,Mist,0,0,0,0,3,14,2
09/13/2023,8:30 AM,81,84,29.79,Clear,0,0,0,0,3,12,2
09/13/2023,9:00 AM,82,74,29.79,Clear,0,0,0,0,2,7,2
09/13/2023,9:30 AM,84,74,29.79,Clear,0,0,0,0,2,7,2
09/13/2023,10:00 AM,86,70,29.79,Clear,0,0,0,0,2,6,2
09/13/2023,10:30 AM,86,70,29.76,Clear,0,0,0,0,2,6,2
09/13/2023,11:00 AM,86,70,29.76,Clear,0,0,0,0,2,6,2
09/13/2023,11:30 AM,88,66,29.76,Clear,0,0,0,0,2,6,2
09/13/2023,12:00 PM,90,59,29.73,Clear,0,0,0,0,2,7,2
09/13/2023,12:30 PM,88,62,29.73,Clear,0,0,0,0,2,7,2
09/13/2023,1:00 PM,91,59,29.7,Clear,0,0,0,0,2,8,2
09/13/2023,1:30 PM,91,59,29.7,Clear,0,0,0,0,2,7,2
09/13/2023,2:00 PM,91,55,29.67,Clear,0,0,0,0,2,7,1
09/13/2023,2:30 PM,91,55,29.67,Clear,0,0,0,0,2,7,1
09/13/2023,3:00 PM,91,55,29.64,Clear,0,0,0,0,2,7,1
09/13/2023,3:30 PM,91,59,29.64,Clear,0,0,0,0,2,6,2
09/13/2023,4:00 PM,90,52,29.64,Clear,0,0,0,0,3,14,2
09/13/2023,4:30 PM,90,55,29.64,Clear,0,0,0,0,3,13,2
09/13/2023,5:00 PM,88,55,29.64,Clear,0,0,0,0,3,15,2
09/13/2023,5:30 PM,88,58,29.64,Clear,0,0,0,0,3,13,2
09/13/2023,6:00 PM,86,62,29.64,Clear,0,0,0,0,3,13,2
09/13/2023,6:30 PM,84,66,29.67,Clear,0,0,0,0,3,15,2
09/13/2023,7:00 PM,82,70,29.67,Clear,0,0,0,0,3,14,2
09/13/2023,7:30 PM,82,74,29.67,Clear,0,0,0,0,3,12,2
09/13/2023,8:00 PM,82,74,29.7,Clear,0,0,0,0,2,7,2
09/13/2023,8:30 PM,82,74,29.7,Clear,0,0,0,0,2,9,2
09/13/2023,9:00 PM,81,79,29.73,Clear,0,0,0,0,1,8,2
09/13/2023,9:30 PM,81,79,29.73,Clear,0,0,0,0,1,8,2
09/13/2023,10:00 PM,81,79,29.73,Clear,0,0,0,0,2,8,2
09/13/2023,10:30 PM,79,83,29.76,Clear,0,0,0,0,2,7,1
09/13/2023,11:00 PM,79,83,29.76,Clear,0,0,0,0,2,8,2
09/13/2023,11:30 PM,79,83,29.73,Clear,0,0,0,0,2,8,1
09/14/2023,12:30 AM,77,89,29.73,Clear,0,0,0,0,0,3,2
09/14/2023,1:00 AM,77,89,29.73,Clear,0,0,0,0,0,3,2
09/14/2023,1:30 AM,77,89,29.73,Clear,0,0,0,0,0,3,2
09/14/2023,2:00 AM,77,89,29.73,Clear,0,0,0,0,0,3,2
09/14/2023,2:30 AM,77,89,29.7,Clear,0,0,0,0,0,4,2
09/14/2023,3:00 AM,77,89,29.73,Clear,0,0,0,0,0,3,2
09/14/2023,3:30 AM,77,89,29.73,Clear,0,0,0,0,0,4,2
09/14/2023,4:00 AM,75,94,29.7,Clear,0,0,0,0,0,3,2
09/14/2023,4:30 AM,75,94,29.73,Clear,0,0,0,0,0,2,2
09/14/2023,5:00 AM,75,94,29.73,Clear,0,0,0,0,3,14,2
09/14/2023,5:30 AM,75,94,29.73,Clear,0,0,0,0,3,13,2
09/14/2023,6:00 AM,75,94,29.73,Clear,0,0,0,0,2,13,2
09/14/2023,6:30 AM,75,94,29.73,Clear,0,0,0,0,3,14,2
09/14/2023,7:00 AM,75,94,29.73,Clear,0,0,0,0,3,14,2
09/14/2023,7:30 AM,77,94,29.76,Clear,0,0,0,0,3,13,1
09/14/2023,8:00 AM,79,89,29.76,Clear,0,0,0,0,3,14,1
09/14/2023,8:30 AM,81,84,29.76,Clear,0,0,0,0,3,16,2
09/14/2023,9:00 AM,82,79,29.76,Clear,0,0,0,0,2,8,1
09/14/2023,9:30 AM,86,70,29.79,Clear,0,0,0,0,2,7,1
09/14/2023,10:00 AM,86,70,29.79,Clear,0,0,0,0,2,5,2
09/14/2023,10:30 AM,86,70,29.79,Clear,0,0,0,0,2,5,1
09/14/2023,11:00 AM,90,62,29.76,Clear,0,0,0,0,2,6,1
09/14/2023,11:30 AM,90,62,29.76,Clear,0,0,0,0,2,7,2
09/14/2023,12:00 PM,91,59,29.76,Clear,0,0,0,0,2,6,1
09/14/2023,12:30 PM,91,59,29.73,Clear,0,0,0,0,2,7,2
09/14/2023,1:00 PM,90,62,29.7,Clear,0,0,0,0,2,7,2
09/14/2023,1:30 PM,88,66,29.7,Clear,0,0,0,0,2,7,1
09/14/2023,2:00 PM,90,62,29.67,Clear,0,0,0,0,2,8,2
09/14/2023,2:30 PM,90,62,29.67,Clear,0,0,0,0,2,7,2
09/14/2023,3:00 PM,91,59,29.67,Clear,0,0,0,0,2,7,2
09/14/2023,3:30 PM,90,59,29.67,Clear,0,0,0,0,2,6,2
09/14/2023,4:00 PM,88,66,29.67,Clear,0,0,0,0,3,14,2
09/14/2023,4:30 PM,88,66,29.67,Clear,0,0,0,0,3,15,3
09/14/2023,5:00 PM,88,66,29.67,Clear,0,0,0,0,3,13,2
09/14/2023,5:30 PM,86,70,29.67,Clear,0,0,0,0,3,13,2
09/14/2023,6:00 PM,86,70,29.7,Clear,0,0,0,0,3,14,2
09/14/2023,6:30 PM,84,79,29.7,Clear,0,0,0,0,3,13,2
09/14/2023,7:00 PM,84,79,29.7,Clear,0,0,0,0,3,12,2
09/14/2023,7:30 PM,84,74,29.7,Clear,0,0,0,0,3,16,3
09/14/2023,8:00 PM,82,79,29.7,Clear,0,0,0,0,2,7,2
09/14/2023,8:30 PM,82,84,29.73,Clear,0,0,0,0,1,7,2
09/14/2023,9:00 PM,82,84,29.73,Clear,0,0,0,0,2,7,2
09/14/2023,9:30 PM,82,84,29.76,Clear,0,0,0,0,2,8,2
09/14/2023,10:00 PM,82,84,29.76,Clear,0,0,0,0,2,7,2
09/14/2023,10:30 PM,81,84,29.76,Clear,0,0,0,0,2,7,2
09/14/2023,11:00 PM,81,84,29.79,Clear,0,0,0,0,2,7,1
09/14/2023,11:30 PM,81,84,29.76,Clear,0,0,0,0,2,9,2
09/15/2023,12:00 AM,81,84,29.76,Clear,0,0,0,0,1,3,2
09/15/2023,12:30 AM,81,89,29.76,Clear,0,0,0,0,0,3,3
09/15/2023,1:00 AM,79,94,29.73,Clear,0,0,0,0,0,3,2
09/15/2023,1:30 AM,79,94,29.73,Clear,0,0,0,0,0,3,2
09/15/2023,2:00 AM,79,94,29.73,Clear,0,0,0,0,0,3,2
09/15/2023,2:30 AM,79,94,29.73,Clear,0,0,0,0,0,3,2
09/15/2023,3:00 AM,79,94,29.7,Clear,0,0,0,0,1,3,2
09/15/2023,3:30 AM,79,89,29.7,Clear,0,0,0,0,0,2,2
09/15/2023,4:00 AM,79,94,29.7,Clear,0,0,0,0,0,3,2
09/15/2023,4:30 AM,79,94,29.7,Clear,0,0,0,0,0,3,2
09/15/2023,5:00 AM,77,100,29.7,Clear,0,0,0,0,2,13,1
09/15/2023,5:30 AM,77,94,29.7,Clear,0,0,0,0,3,15,2
09/15/2023,6:00 AM,77,100,29.7,Clear,0,0,0,0,2,13,2
09/15/2023,6:30 AM,77,94,29.73,Clear,0,0,0,0,3,14,1
09/15/2023,7:00 AM,79,94,29.73,Clear,0,0,0,0,3,13,1
09/15/2023,7:30 AM,79,94,29.73,Clear,0,0,0,0,3,14,2
09/15/2023,8:00 AM,79,94,29.73,Clear,0,0,0,0,3,14,1
09/15/2023,8:30 AM,82,84,29.76,Clear,0,0,0,0,3,13,2
09/15/2023,9:00 AM,84,79,29.76,Clear,0,0,0,0,2,6,2
09/15/2023,9:30 AM,86,70,29.76,Clear,0,0,0,0,2,7,1
09/15/2023,10:00 AM,88,66,29.76,Clear,0,0,0,0,2,6,1
09/15/2023,10:30 AM,86,66,29.76,Rain,0,0,0,0,1,6,1
09/15/2023,11:00 AM,86,66,29.76,Clear,0,0,0,0,2,7,2
09/15/2023,11:30 AM,88,66,29.73,Clear,0,0,0,0,2,6,2
09/15/2023,12:00 PM,88,62,29.73,Clear,0,0,0,0,2,6,1
09/15/2023,12:30 PM,88,62,29.73,Clear,0,0,0,0,2,7,2
09/15/2023,1:00 PM,88,62,29.7,Clear,0,0,0,0,2,7,1
09/15/2023,1:30 PM,88,62,29.7,Clear,0,0,0,0,1,7,2
09/15/2023,2:00 PM,90,59,29.7,Clear,0,0,0,0,2,6,2
09/15/2023,2:30 PM,90,59,29.67,Clear,0,0,0,0,2,6,2
09/15/2023,3:00 PM,88,58,29.67,Clear,0,0,0,0,2,7,2
09/15/2023,3:30 PM,90,52,29.67,Clear,0,0,0,0,2,8,2
09/15/2023,4:00 PM,88,62,29.67,Clear,0,0,0,0,3,14,2
09/15/2023,4:30 PM,88,58,29.67,Clear,0,0,0,0,3,14,3
09/15/2023,5:00 PM,88,62,29.67,Clear,0,0,0,0,3,14,2
09/15/2023,5:30 PM,86,70,29.67,Clear,0,0,0,0,2,13,3
09/15/2023,6:00 PM,86,70,29.67,Clear,0,0,0,0,3,13,2
09/15/2023,6:30 PM,86,70,29.7,Clear,0,0,0,0,3,15,2
09/15/2023,7:00 PM,84,74,29.7,Clear,0,0,0,0,3,14,2
09/15/2023,7:30 PM,84,74,29.7,Clear,0,0,0,0,2,12,2
09/15/2023,8:00 PM,82,74,29.73,Clear,0,0,0,0,2,9,1
09/15/2023,8:30 PM,82,74,29.73,Clear,0,0,0,0,2,8,1
09/15/2023,9:00 PM,82,79,29.76,Clear,0,0,0,0,2,7,2
09/15/2023,9:30 PM,81,84,29.76,Clear,0,0,0,0,2,8,2
09/15/2023,10:00 PM,81,79,29.76,Clear,0,0,0,0,2,9,2
09/15/2023,10:30 PM,81,79,29.76,Clear,0,0,0,0,2,8,1
09/15/2023,11:00 PM,81,79,29.76,Clear,0,0,0,0,1,8,2
09/15/2023,11:30 PM,79,89,29.76,Clear,0,0,0,0,2,9,2
09/16/2023,12:00 AM,79,89,29.73,Clear,0,0,0,0,0,3,3
09/16/2023,12:30 AM,79,89,29.73,Clear,0,0,0,0,1,3,2
09/16/2023,1:00 AM,77,94,29.73,Clear,0,0,0,0,0,3,2
09/16/2023,1:30 AM,79,89,29.73,Clear,0,0,0,0,0,3,2
09/16/2023,2:00 AM,77,94,29.7,Clear,0,0,0,0,1,3,2
09/16/2023,2:30 AM,79,89,29.7,Clear,0,0,0,0,0,3,2
09/16/2023,3:00 AM,77,94,29.7,Clear,0,0,0,0,0,3,2
09/16/2023,3:30 AM,77,94,29.7,Clear,0,0,0,0,1,3,2
09/16/2023,4:00 AM,77,94,29.7,Clear,0,0,0,0,0,3,2
09/16/2023,4:30 AM,77,94,29.7,Clear,0,0,0,0,0,2,3
09/16/2023,5:00 AM,77,94,29.7,Clear,0,0,0,0,2,19,2
09/16/2023,5:30 AM,77,94,29.7,Clear,0,0,0,0,2,14,2
09/16/2023,6:00 AM,77,94,29.7,Clear,0,0,0,0,3,13,2
09/16/2023,6:30 AM,77,94,29.73,Clear,0,0,0,0,3,12,2
09/16/2023,7:00 AM,77,94,29.73,Clear,0,0,0,0,3,13,2
09/16/2023,7:30 AM,79,94,29.73,Clear,0,0,0,0,3,13,2
09/16/2023,8:00 AM,81,89,29.73,Clear,0,0,0,0,3,14,1
09/16/2023,8:30 AM,84,74,29.76,Clear,0,0,0,0,2,14,2
09/16/2023,9:00 AM,84,79,29.76,Clear,0,0,0,0,2,7,2
09/16/2023,9:30 AM,86,70,29.76,Clear,0,0,0,0,2,7,2
09/16/2023,10:00 AM,88,66,29.76,Clear,0,0,0,0,2,6,2
09/16/2023,10:30 AM,88,66,29.76,Clear,0,0,0,0,2,7,2
09/16/2023,11:00 AM,90,59,29.76,Clear,0,0,0,0,2,5,2
09/16/2023,11:30 AM,90,59,29.73,Clear,0,0,0,0,2,8,2
09/16/2023,12:00 PM,90,55,29.73,Clear,0,0,0,0,2,7,1
09/16/2023,12:30 PM,91,55,29.7,Clear,0,0,0,0,2,6,1
09/16/2023,1:00 PM,93,49,29.67,Clear,0,0,0,0,2,7,2
09/16/2023,1:30 PM,93,49,29.67,Clear,0,0,0,0,2,8,1
09/16/2023,2:00 PM,93,49,29.64,Clear,0,0,0,0,2,7,2
09/16/2023,2:30 PM,93,49,29.64,Clear,0,0,0,0,2,7,2
09/16/2023,3:00 PM,93,49,29.64,Clear,0,0,0,0,2,7,2
09/16/2023,3:30 PM,93,46,29.61,Clear,0,0,0,0,2,8,2
09/16/2023,4:00 PM,93,49,29.61,Clear,0,0,0,0,3,15,3
09/16/2023,4:30 PM,91,52,29.61,Clear,0,0,0,0,3,16,2
09/16/2023,5:00 PM,90,55,29.64,Clear,0,0,0,0,3,14,2
09/16/2023,5:30 PM,86,66,29.64,Clear,0,0,0,0,3,15,2
09/16/2023,6:00 PM,82,79,29.64,Clear,0,0,0,0,3,14,2
09/16/2023,6:30 PM,82,79,29.67,Clear,0,0,0,0,3,14,2
09/16/2023,7:00 PM,81,84,29.67,Clear,0,0,0,0,2,12,2
09/16/2023,7:30 PM,81,84,29.7,Clear,0,0,0,0,3,14,3
09/16/2023,8:00 PM,81,84,29.73,Clear,0,0,0,0,2,7,1
09/16/2023,8:30 PM,81,84,29.73,Clear,0,0,0,0,2,8,1
09/16/2023,9:00 PM,82,79,29.73,Clear,0,0,0,0,2,8,2
09/16/2023,9:30 PM,81,84,29.73,Clear,0,0,0,0,2,7,2
09/16/2023,10:00 PM,81,84,29.76,Clear,0,0,0,0,2,9,2
09/16/2023,10:30 PM,81,89,29.76,Clear,0,0,0,0,2,7,2
09/16/2023,11:00 PM,81,84,29.73,Clear,0,0,0,0,2,9,2
09/16/2023,11:30 PM,79,94,29.73,Clear,0,0,0,0,2,9,2
09/17/2023,12:00 AM,79,94,29.73,Clear,0,0,0,0,0,3,2
09/17/2023,12:30 AM,79,94,29.73,Clear,0,0,0,0,0,2,2
09/17/2023,1:00 AM,79,89,29.73,Clear,0,0,0,0,0,3,2
09/17/2023,1:30 AM,79,94,29.7,Clear,0,0,0,0,1,3,3
09/17/2023,2:00 AM,79,89,29.7,Clear,0,0,0,0,0,3,2
09/17/2023,2:30 AM,79,89,29.67,Clear,0,0,0,0,0,4,2
09/17/2023,3:00 AM,77,94,29.67,Clear,0,0,0,0,0,3,2
09/17/2023,3:30 AM,77,94,29.67,Clear,0,0,0,0,0,3,2
09/17/2023,4:00 AM,77,100,29.67,Clear,0,0,0,0,1,3,2
09/17/2023,4:30 AM,77,94,29.67,Clear,0,0,0,0,0,3,3
09/17/2023,5:00 AM,77,100,29.67,Clear,0,0,0,0,3,15,2
09/17/2023,5:30 AM,77,100,29.7,Clear,0,0,0,0,3,11,2
09/17/2023,6:00 AM,77,94,29.7,Clear,0,0,0,0,3,11,1
09/17/2023,6:30 AM,79,89,29.73,Clear,0,0,0,0,3,14,2
09/17/2023,7:00 AM,77,100,29.73,Clear,0,0,0,0,4,14,2
09/17/2023,7:30 AM,79,94,29.73,Clear,0,0,0,0,3,12,2
09/17/2023,8:00 AM,81,84,29.76,Rain,0,0,0,0,2,16,2
09/17/2023,8:30 AM,79,89,29.76,Rain,0,0,0,0,2,16,2
09/17/2023,9:00 AM,79,94,29.76,Rain,0,0,0,0,1,8,1
09/17/2023,9:30 AM,82,79,29.76,Clear,0,0,0,0,2,7,2
09/17/2023,10:00 AM,84,74,29.76,Clear,0,0,0,0,2,7,2
09/17/2023,10:30 AM,86,66,29.73,Clear,0,0,0,0,2,6,2
09/17/2023,11:00 AM,86,66,29.73,Clear,0,0,0,0,2,7,2
09/17/2023,11:30 AM,88,66,29.73,Clear,0,0,0,0,2,8,2
09/17/2023,12:00 PM,88,62,29.7,Clear,0,0,0,0,2,7,1
09/17/2023,12:30 PM,88,62,29.7,Clear,0,0,0,0,2,6,2
09/17/2023,1:00 PM,88,66,29.67,Clear,0,0,0,0,2,6,2
09/17/2023,1:30 PM,88,66,29.67,Clear,0,0,0,0,2,6,1
09/17/2023,2:00 PM,90,62,29.64,Clear,0,0,0,0,2,6,2
09/17/2023,2:30 PM,88,66,29.64,Clear,0,0,0,0,2,8,2
09/17/2023,3:00 PM,88,62,29.64,Clear,0,0,0,0,2,7,2
09/17/2023,3:30 PM,88,66,29.61,Clear,0,0,0,0,2,7,2
09/17/2023,4:00 PM,90,59,29.61,Clear,0,0,0,0,3,13,2
09/17/2023,4:30 PM,88,62,29.61,Clear,0,0,0,0,3,12,2
09/17/2023,5:00 PM,88,62,29.61,Clear,0,0,0,0,3,12,2
09/17/2023,5:30 PM,88,58,29.61,Clear,0,0,0,0,2,15,3
09/17/2023,6:00 PM,86,62,29.64,Clear,0,0,0,0,3,12,2
09/17/2023,6:30 PM,86,62,29.64,Clear,0,0,0,0,3,14,2
09/17/2023,7:00 PM,84,66,29.64,Clear,0,0,0,0,3,14,2
09/17/2023,7:30 PM,82,70,29.67,Clear,0,0,0,0,2,12,2
09/17/2023,8:00 PM,82,74,29.67,Clear,0,0,0,0,2,7,2
09/17/2023,8:30 PM,81,84,29.7,Clear,0,0,0,0,2,9,2
09/17/2023,9:00 PM,81,84,29.73,Clear,0,0,0,0,2,8,1
09/17/2023,9:30 PM,81,84,29.73,Clear,0,0,0,0,2,8,2
09/17/2023,10:00 PM,81,84,29.73,Clear,0,0,0,0,2,9,2
09/17/2023,10:30 PM,79,89,29.73,Clear,0,0,0,0,2,8,2
09/17/2023,11:00 PM,79,89,29.73,Clear,0,0,0,0,2,8,2
09/17/2023,11:30 PM,79,89,29.73,Clear,0,0,0,0,2,7,2
09/18/2023,12:00 AM,79,89,29.73,Clear,0,0,0,0,0,3,3
09/18/2023,12:30 AM,79,89,29.73,Clear,0,0,0,0,0,3,2
09/18/2023,1:00 AM,79,89,29.7,Clear,0,0,0,0,0,3,2
09/18/2023,1:30 AM,79,89,29.7,Clear,0,0,0,0,0,3,2
09/18/2023,2:00 AM,79,89,29.7,Clear,0,0,0,0,0,4,2
09/18/2023,2:30 AM,79,89,29.7,Clear,0,0,0,0,0,3,2
09/18/2023,3:00 AM,77,94,29.67,Clear,0,0,0,0,0,3,3
09/18/2023,3:30 AM,77,94,29.67,Clear,0,0,0,0,0,3,2
09/18/2023,4:00 AM,77,94,29.67,Clear,0,0,0,0,0,4,2
09/18/2023,4:30 AM,77,94,29.67,Clear,0,0,0,0,0,3,2
09/18/2023,5:00 AM,77,94,29.67,Clear,0,0,0,0,3,12,2
09/18/2023,5:30 AM,77,94,29.67,Clear,0,0,0,0,3,15,1
09/18/2023,6:00 AM,77,94,29.7,Clear,0,0,0,0,3,13,2
09/18/2023,6:30 AM,77,94,29.7,Clear,0,0,0,0,3,14,2
09/18/2023,7:00 AM,79,89,29.7,Clear,0,0,0,0,3,14,2
09/18/2023,7:30 AM,79,89,29.73,Clear,0,0,0,0,3,14,2
09/18/2023,8:00 AM,81,89,29.73,Clear,0,0,0,0,3,13,2
09/18/2023,8:30 AM,84,74,29.76,Clear,0,0,0,0,3,14,2
09/18/2023,9:00 AM,86,74,29.76,Clear,0,0,0,0,2,7,2
09/18/2023,9:30 AM,86,70,29.76,Clear,0,0,0,0,2,6,2
09/18/2023,10:00 AM,88,66,29.76,Clear,0,0,0,0,2,8,2
09/18/2023,10:30 AM,90,62,29.73,Clear,0,0,0,0,2,7,1
09/18/2023,11:00 AM,91,59,29.73,Clear,0,0,0,0,2,7,2
09/18/2023,11:30 AM,91,52,29.73,Clear,0,0,0,0,2,7,2
09/18/2023,12:00 PM,91,55,29.7,Clear,0,0,0,0,2,6,2
09/18/2023,12:30 PM,93,49,29.7,Clear,0,0,0,0,2,6,1
09/18/2023,1:00 PM,93,49,29.7,Clear,0,0,0,0,2,7,1
09/18/2023,1:30 PM,93,49,29.67,Clear,0,0,0,0,2,7,2
09/18/2023,2:00 PM,95,47,29.64,Clear,0,0,0,0,2,7,2
09/18/2023,2:30 PM,93,49,29.64,Clear,0,0,0,0,2,7,2
09/18/2023,3:00 PM,91,59,29.64,Clear,0,0,0,0,2,7,1
09/18/2023,3:30 PM,91,63,29.61,Rain,1,0,1,0,1,8,1
09/18/2023,4:00 PM,90,66,29.61,Rain,0,0,0,0,1,16,2
09/18/2023,4:30 PM,90,66,29.61,Rain,0,0,0,0,2,10,3
09/18/2023,5:00 PM,88,70,29.61,Rain,0,0,0,0,2,19,2
09/18/2023,5:30 PM,86,70,29.64,Rain,0,0,0,0,2,13,2
09/18/2023,6:00 PM,81,79,29.67,Rain,0,0,0,0,2,14,2
09/18/2023,6:30 PM,79,83,29.7,Clear,0,0,0,0,3,14,2
09/18/2023,7:00 PM,77,89,29.7,Clear,0,0,0,0,3,13,2
09/18/2023,7:30 PM,73,94,29.73,Rain,0,0,0,0,2,13,2
09/18/2023,8:00 PM,75,89,29.73,Rain,0,0,0,0,1,9,2
09/18/2023,8:30 PM,73,94,29.73,Clear,0,0,0,0,1,8,2
09/18/2023,9:00 PM,73,94,29.76,Clear,0,0,0,0,2,9,2
09/18/2023,9:30 PM,75,94,29.76,Clear,0,0,0,0,2,8,2
09/18/2023,10:00 PM,75,89,29.79,Clear,0,0,0,0,2,8,2
09/18/2023,10:30 PM,75,94,29.79,Clear,0,0,0,0,1,8,2
09/18/2023,11:00 PM,75,94,29.79,Clear,0,0,0,0,2,8,2
09/18/2023,11:30 PM,75,94,29.79,Clear,0,0,0,0,1,7,2
09/19/2023,12:00 AM,75,94,29.79,Clear,0,0,0,0,1,4,2
09/19/2023,12:30 AM,75,94,29.79,Clear,0,0,0,0,0,3,2
09/19/2023,1:00 AM,75,94,29.79,Clear,0,0,0,0,0,3,2
09/19/2023,1:30 AM,75,94,29.79,Clear,0,0,0,0,0,4,3
09/19/2023,2:00 AM,75,94,29.76,Clear,0,0,0,0,1,3,2
09/19/2023,2:30 AM,75,94,29.76,Clear,0,0,0,0,0,3,3
09/19/2023,3:00 AM,75,94,29.73,Clear,0,0,0,0,0,3,2
09/19/2023,3:30 AM,75,94,29.73,Clear,0,0,0,0,0,3,3
09/19/2023,4:00 AM,73,100,29.73,Clear,0,0,0,0,0,3,2
09/19/2023,4:30 AM,73,100,29.73,Clear,0,0,0,0,1,3,2
09/19/2023,5:00 AM,75,94,29.7,Clear,0,0,0,0,3,13,2
09/19/2023,5:30 AM,75,94,29.7,Clear,0,0,0,0,3,13,2
09/19/2023,6:00 AM,73,100,29.7,Clear,0,0,0,0,3,14,2
09/19/2023,6:30 AM,73,100,29.7,Clear,0,0,0,0,3,12,2
09/19/2023,7:00 AM,75,94,29.73,Clear,0,0,0,0,3,16,2
09/19/2023,7:30 AM,77,94,29.73,Clear,0,0,0,0,3,12,2
09/19/2023,8:00 AM,79,89,29.76,Clear,0,0,0,0,2,15,2
09/19/2023,8:30 AM,81,84,29.76,Clear,0,0,0,0,3,14,2
09/19/2023,9:00 AM,84,74,29.76,Clear,0,0,0,0,2,7,2
09/19/2023,9:30 AM,86,74,29.79,Clear,1,0,0,1,2,7,2
09/19/2023,10:00 AM,86,70,29.79,Clear,0,0,0,0,2,6,2
09/19/2023,10:30 AM,86,70,29.79,Clear,0,0,0,0,2,7,2
09/19/2023,11:00 AM,88,66,29.76,Clear,0,0,0,0,2,6,2
09/19/2023,11:30 AM,88,66,29.76,Clear,0,0,0,0,2,7,2
09/19/2023,12:00 PM,90,66,29.76,Rain,0,0,0,0,1,7,2
09/19/2023,12:30 PM,90,62,29.73,Rain,0,0,0,0,1,9,2
09/19/2023,1:00 PM,88,66,29.73,Rain,0,0,0,0,1,7,2
09/19/2023,1:30 PM,84,84,29.7,Rain,0,0,0,0,1,7,2
09/19/2023,2:00 PM,88,75,29.7,Clear,0,0,0,0,2,7,2
09/19/2023,2:30 PM,88,75,29.67,Clear,0,0,0,0,2,6,2
09/19/2023,3:00 PM,90,62,29.67,Rain,0,0,0,0,1,7,1
09/19/2023,3:30 PM,90,62,29.67,Rain,0,0,0,0,1,8,2
09/19/2023,4:00 PM,90,62,29.64,Rain,0,0,0,0,2,17,2
09/19/2023,4:30 PM,90,62,29.67,Clear,0,0,0,0,2,14,2
09/19/2023,5:00 PM,90,59,29.67,Clear,0,0,0,0,3,12,2
09/19/2023,5:30 PM,88,62,29.67,Clear,0,0,0,0,3,12,2
09/19/2023,6:00 PM,86,70,29.7,Clear,0,0,0,0,3,14,2
09/19/2023,6:30 PM,84,74,29.7,Clear,0,0,0,0,3,16,2
09/19/2023,7:00 PM,84,74,29.73,Clear,0,0,0,0,3,13,2
09/19/2023,7:30 PM,84,74,29.73,Clear,0,0,0,0,3,13,3
09/19/2023,8:00 PM,84,79,29.73,Clear,0,0,0,0,2,9,2
09/19/2023,8:30 PM,82,84,29.76,Clear,0,0,0,0,2,8,1
09/19/2023,9:00 PM,82,84,29.76,Clear,0,0,0,0,2,9,2
09/19/2023,9:30 PM,81,89,29.76,Clear,0,0,0,0,2,8,2
09/19/2023,10:00 PM,81,89,29.79,Clear,0,0,0,0,2,8,2
09/19/2023,10:30 PM,81,89,29.79,Clear,0,0,0,0,2,9,2
09/19/2023,11:00 PM,81,89,29.76,Clear,0,0,0,0,2,9,2
09/19/2023,11:30 PM,81,89,29.76,Clear,0,0,0,0,2,7,2
09/20/2023,12:00 AM,81,84,29.76,Clear,0,0,0,0,0,3,2
09/20/2023,12:30 AM,79,94,29.73,Clear,0,0,0,0,0,4,3
09/20/2023,1:00 AM,79,94,29.73,Clear,0,0,0,0,0,4,2
09/20/2023,1:30 AM,79,94,29.73,Clear,0,0,0,0,0,3,2
09/20/2023,2:00 AM,79,94,29.73,Clear,0,0,0,0,1,3,2
09/20/2023,2:30 AM,79,94,29.73,Clear,0,0,0,0,0,3,2
09/20/2023,3:00 AM,77,100,29.7,Clear,0,0,0,0,0,3,2
09/20/2023,3:30 AM,77,100,29.7,Clear,0,0,0,0,0,3,3
09/20/2023,4:00 AM,77,94,29.7,Clear,0,0,0,0,0,3,2
09/20/2023,4:30 AM,77,94,29.7,Clear,0,0,0,0,0,3,2
09/20/2023,5:00 AM,77,94,29.7,Clear,0,0,0,0,3,12,1
09/20/2023,5:30 AM,77,94,29.7,Clear,0,0,0,0,3,15,2
09/20/2023,6:30 AM,77,94,29.73,Clear,0,0,0,0,3,16,2
09/20/2023,7:00 AM,77,100,29.73,Clear,0,0,0,0,3,13,2
09/20/2023,7:30 AM,79,94,29.76,Clear,0,0,0,0,3,16,2
09/20/2023,8:00 AM,82,84,29.76,Clear,0,0,0,0,3,15,2
09/20/2023,8:30 AM,82,84,29.76,Clear,0,0,0,0,3,14,2
09/20/2023,9:00 AM,86,74,29.76,Clear,0,0,0,0,2,7,1
09/20/2023,9:30 AM,86,74,29.76,Clear,0,0,0,0,2,8,1
09/20/2023,10:00 AM,88,66,29.76,Clear,0,0,0,0,2,7,2
09/20/2023,10:30 AM,90,62,29.76,Clear,0,0,0,0,2,7,2
09/20/2023,11:00 AM,90,59,29.76,Clear,0,0,0,0,2,7,2
09/20/2023,11:30 AM,91,55,29.73,Clear,0,0,0,0,2,6,1
09/20/2023,12:00 PM,90,59,29.73,Clear,0,0,0,0,2,7,2
09/20/2023,12:30 PM,91,55,29.73,Clear,0,0,0,0,2,6,2
09/20/2023,1:00 PM,91,59,29.7,Clear,0,0,0,0,2,7,2
09/20/2023,1:30 PM,91,55,29.67,Clear,0,0,0,0,2,8,1
09/20/2023,2:00 PM,91,52,29.67,Clear,0,0,0,0,2,7,2
09/20/2023,2:30 PM,91,59,29.64,Clear,0,0,0,0,2,6,2
09/20/2023,3:00 PM,91,59,29.64,Clear,0,0,0,0,2,7,1
09/20/2023,3:30 PM,91,63,29.61,Clear,0,0,0,0,2,8,2
09/20/2023,4:00 PM,91,63,29.61,Clear,0,0,0,0,3,17,2
09/20/2023,4:30 PM,90,66,29.64,Clear,0,0,0,0,3,14,2
09/20/2023,5:00 PM,86,70,29.64,Rain,0,0,0,0,2,15,2
09/20/2023,5:30 PM,84,74,29.64,Clear,0,0,0,0,3,14,2
09/20/2023,6:00 PM,84,70,29.64,Clear,0,0,0,0,3,14,3
09/20/2023,6:30 PM,84,70,29.64,Clear,0,0,0,0,3,13,2
09/20/2023,7:00 PM,82,74,29.67,Clear,0,0,0,0,3,14,2
09/20/2023,7:30 PM,82,74,29.7,Clear,0,0,0,0,3,12,2
09/20/2023,8:00 PM,81,79,29.7,Clear,0,0,0,0,2,8,2
09/20/2023,8:30 PM,82,79,29.73,Clear,0,0,0,0,2,8,2
09/20/2023,9:00 PM,81,84,29.73,Clear,0,0,0,0,2,8,1
09/20/2023,9:30 PM,81,84,29.76,Clear,0,0,0,0,2,7,2
09/20/2023,10:00 PM,79,89,29.76,Clear,0,0,0,0,2,7,2
09/20/2023,10:30 PM,79,89,29.76,Clear,0,0,0,0,2,7,1
09/20/2023,11:00 PM,79,89,29.76,Clear,0,0,0,0,2,9,2
09/20/2023,11:30 PM,79,89,29.76,Clear,0,0,0,0,2,7,2
09/21/2023,12:00 AM,79,89,29.76,Clear,0,0,0,0,1,3,2
09/21/2023,12:30 AM,77,100,29.73,Clear,0,0,0,0,0,3,2
09/21/2023,1:00 AM,77,94,29.73,Clear,0,0,0,0,0,3,2
09/21/2023,1:30 AM,77,100,29.7,Clear,0,0,0,0,0,3,2
09/21/2023,2:00 AM,77,94,29.7,Clear,0,0,0,0,0,3,2
09/21/2023,2:30 AM,77,94,29.7,Clear,0,0,0,0,0,3,3
09/21/2023,3:00 AM,77,94,29.7,Clear,0,0,0,0,1,3,2
09/21/2023,3:30 AM,77,94,29.7,Clear,0,0,0,0,0,3,2
09/21/2023,4:00 AM,77,94,29.7,Clear,0,0,0,0,1,3,2
09/21/2023,4:30 AM,77,94,29.7,Clear,0,0,0,0,0,3,3
09/21/2023,5:00 AM,77,94,29.7,Clear,0,0,0,0,3,12,2
09/21/2023,5:30 AM,77,94,29.7,Clear,0,0,0,0,3,13,2
09/21/2023,6:00 AM,77,94,29.7,Clear,0,0,0,0,3,18,2
09/21/2023,6:30 AM,75,100,29.7,Clear,0,0,0,0,3,13,2
09/21/2023,7:00 AM,77,94,29.73,Clear,0,0,0,0,2,12,2
09/21/2023,7:30 AM,79,94,29.73,Clear,0,0,0,0,3,15,2
09/21/2023,8:00 AM,79,94,29.76,Clear,0,0,0,0,3,15,2
09/21/2023,8:30 AM,81,89,29.76,Clear,0,0,0,0,3,13,2
09/21/2023,9:00 AM,84,79,29.76,Clear,0,0,0,0,2,6,1
09/21/2023,9:30 AM,86,70,29.76,Clear,0,0,0,0,2,5,2
09/21/2023,10:00 AM,88,66,29.76,Clear,0,0,0,0,2,6,2
09/21/2023,10:30 AM,88,66,29.76,Clear,0,0,0,0,2,6,2
09/21/2023,11:00 AM,90,59,29.76,Clear,0,0,0,0,2,6,2
09/21/2023,11:30 AM,91,55,29.73,Clear,0,0,0,0,2,8,2
09/21/2023,12:00 PM,93,52,29.73,Clear,0,0,0,0,2,6,2
09/21/2023,12:30 PM,91,55,29.7,Clear,0,0,0,0,2,5,1
09/21/2023,1:00 PM,88,66,29.67,Rain,0,0,0,0,1,6,1
09/21/2023,1:30 PM,77,94,29.67,Clear,0,0,0,0,2,7,2
09/21/2023,2:00 PM,75,94,29.67,Clear,0,0,0,0,2,7,2
09/21/2023,2:30 PM,75,94,29.67,Clear,0,0,0,0,2,7,1
09/21/2023,3:00 PM,75,100,29.7,Rain,0,0,0,0,1,8,2
09/21/2023,3:30 PM,75,100,29.7,Clear,0,0,0,0,2,8,2
09/21/2023,4:00 PM,77,94,29.7,Rain,0,0,0,0,2,15,2
09/21/2023,4:30 PM,75,100,29.7,Rain,0,0,0,0,2,15,2
09/21/2023,5:00 PM,77,94,29.7,Rain,0,0,0,0,2,12,2
09/21/2023,5:30 PM,77,89,29.7,Rain,0,0,0,0,2,16,2
09/21/2023,6:00 PM,77,89,29.7,Rain,0,0,0,0,2,15,2
09/21/2023,6:30 PM,77,89,29.73,Rain,0,0,0,0,2,13,3
09/21/2023,7:00 PM,77,94,29.73,Clear,0,0,0,0,2,13,2
09/21/2023,7:30 PM,75,100,29.73,Clear,0,0,0,0,2,14,2
09/21/2023,8:00 PM,75,100,29.76,Clear,0,0,0,0,2,8,2
09/21/2023,8:30 PM,75,100,29.76,Rain,0,0,0,0,1,8,2
09/21/2023,9:00 PM,75,100,29.79,Rain,0,0,0,0,1,9,2
09/21/2023,9:30 PM,75,100,29.79,Rain,0,0,0,0,1,8,1
09/21/2023,10:00 PM,75,100,29.79,Rain,0,0,0,0,1,10,1
09/21/2023,10:30 PM,75,100,29.76,Clear,0,0,0,0,2,9,2
09/21/2023,11:00 PM,75,100,29.76,Rain,0,0,0,0,1,7,2
09/21/2023,11:30 PM,75,100,29.73,Clear,0,0,0,0,1,8,2
09/22/2023,12:00 AM,75,100,29.73,Clear,0,0,0,0,0,3,2
09/22/2023,12:30 AM,75,100,29.73,Clear,0,0,0,0,0,3,2
09/22/2023,1:00 AM,75,100,29.73,Clear,0,0,0,0,1,3,3
09/22/2023,1:30 AM,75,100,29.73,Clear,0,0,0,0,0,3,2
09/22/2023,2:00 AM,75,100,29.7,Clear,0,0,0,0,1,3,2
09/22/2023,2:30 AM,75,100,29.7,Clear,0,0,0,0,0,3,2
09/22/2023,3:00 AM,75,100,29.7,Clear,0,0,0,0,0,3,2
09/22/2023,3:30 AM,75,100,29.7,Clear,0,0,0,0,0,3,2
09/22/2023,4:00 AM,75,100,29.67,Clear,0,0,0,0,0,3,2
09/22/2023,4:30 AM,75,100,29.67,Clear,0,0,0,0,1,3,2
09/22/2023,5:00 AM,75,100,29.7,Clear,0,0,0,0,3,15,1
09/22/2023,5:30 AM,75,100,29.7,Clear,0,0,0,0,3,12,2
09/22/2023,6:00 AM,75,100,29.7,Clear,0,0,0,0,3,17,2
09/22/2023,6:30 AM,75,100,29.7,Clear,0,0,0,0,3,12,1
09/22/2023,7:00 AM,77,94,29.7,Clear,0,0,0,0,3,13,2
09/22/2023,7:30 AM,77,94,29.73,Clear,0,0,0,0,3,14,2
09/22/2023,8:00 AM,79,89,29.73,Clear,0,0,0,0,3,15,2
09/22/2023,8:30 AM,81,89,29.76,Clear,0,0,0,0,3,12,2
09/22/2023,9:00 AM,81,89,29.76,Clear,0,0,0,0,2,7,1
09/22/2023,9:30 AM,82,84,29.76,Clear,0,0,0,0,2,7,2
09/22/2023,10:00 AM,84,74,29.76,Clear,0,0,0,0,2,8,2
09/22/2023,10:30 AM,86,70,29.76,Clear,0,0,0,0,2,7,2
09/22/2023,11:00 AM,86,70,29.76,Clear,0,0,0,0,2,7,2
09/22/2023,11:30 AM,88,66,29.73,Rain,0,0,0,0,2,8,2
09/22/2023,12:00 PM,88,62,29.73,Rain,0,0,0,0,1,8,2
09/22/2023,12:30 PM,88,66,29.7,Clear,0,0,0,0,2,6,2
09/22/2023,1:00 PM,88,66,29.7,Clear,0,0,0,0,2,8,2
09/22/2023,1:30 PM,88,66,29.67,Rain,0,0,0,0,1,7,1
09/22/2023,2:00 PM,88,66,29.67,Rain,0,0,0,0,1,6,1
09/22/2023,2:30 PM,88,66,29.64,Rain,0,0,0,0,1,7,2
09/22/2023,3:00 PM,82,79,29.64,Rain,0,0,0,0,1,8,1
09/22/2023,3:30 PM,84,74,29.64,Rain,0,0,0,0,1,6,2
09/22/2023,4:00 PM,84,79,29.64,Clear,0,0,0,0,3,13,2
09/22/2023,4:30 PM,84,74,29.64,Rain,0,0,0,0,2,18,2
09/22/2023,5:00 PM,84,74,29.64,Clear,0,0,0,0,3,13,2
09/22/2023,5:30 PM,84,74,29.64,Clear,0,0,0,0,3,17,2
09/22/2023,6:00 PM,82,79,29.67,Clear,0,0,0,0,3,15,3
09/22/2023,6:30 PM,82,79,29.7,Clear,0,0,0,0,3,15,2
09/22/2023,7:00 PM,81,84,29.7,Clear,0,0,0,0,3,14,2
09/22/2023,7:30 PM,81,84,29.7,Clear,0,0,0,0,3,13,2
09/22/2023,8:00 PM,81,84,29.73,Clear,0,0,0,0,2,7,2
09/22/2023,8:30 PM,81,79,29.73,Clear,0,0,0,0,2,8,2
09/22/2023,9:00 PM,79,89,29.73,Clear,0,0,0,0,2,7,1
09/22/2023,9:30 PM,79,89,29.76,Clear,0,0,0,0,2,8,2
09/22/2023,10:00 PM,79,83,29.76,Clear,0,0,0,0,1,8,2
09/22/2023,10:30 PM,79,89,29.76,Clear,0,0,0,0,2,9,2
09/22/2023,11:00 PM,79,89,29.76,Clear,0,0,0,0,2,8,2
09/22/2023,11:30 PM,79,89,29.76,Clear,0,0,0,0,1,8,2
09/23/2023,12:00 AM,79,89,29.76,Clear,0,0,0,0,1,4,2
09/23/2023,12:30 AM,79,89,29.76,Clear,0,0,0,0,0,3,2
09/23/2023,1:00 AM,79,89,29.73,Clear,0,0,0,0,0,3,3
09/23/2023,1:30 AM,77,94,29.73,Clear,0,0,0,0,1,3,2
09/23/2023,2:00 AM,77,94,29.73,Clear,0,0,0,0,0,4,2
09/23/2023,2:30 AM,77,94,29.7,Clear,0,0,0,0,0,3,2
09/23/2023,3:00 AM,77,94,29.67,Clear,0,0,0,0,0,3,2
09/23/2023,3:30 AM,77,94,29.67,Clear,0,0,0,0,1,3,2
09/23/2023,4:00 AM,77,94,29.67,Clear,0,0,0,0,1,4,2
09/23/2023,4:30 AM,77,94,29.67,Clear,0,0,0,0,0,3,3
09/23/2023,5:00 AM,75,100,29.67,Clear,0,0,0,0,2,12,2
09/23/2023,5:30 AM,75,100,29.7,Clear,0,0,0,0,3,15,2
09/23/2023,6:00 AM,75,100,29.7,Clear,0,0,0,0,3,13,2
09/23/2023,6:30 AM,77,94,29.73,Clear,0,0,0,0,3,13,2
09/23/2023,7:00 AM,77,94,29.73,Clear,0,0,0,0,3,13,2
09/23/2023,7:30 AM,79,89,29.73,Clear,0,0,0,0,3,12,1
09/23/2023,8:00 AM,82,84,29.73,Clear,0,0,0,0,3,12,2
09/23/2023,8:30 AM,82,79,29.76,Clear,0,0,0,0,3,13,2
09/23/2023,9:00 AM,84,74,29.76,Clear,0,0,0,0,2,7,2
09/23/2023,9:30 AM,86,70,29.76,Clear,0,0,0,0,2,6,1
09/23/2023,10:00 AM,86,70,29.76,Clear,0,0,0,0,2,7,2
09/23/2023,10:30 AM,86,70,29.76,Clear,0,0,0,0,2,7,2
09/23/2023,11:00 AM,90,62,29.73,Clear,0,0,0,0,2,7,2
09/23/2023,11:30 AM,88,66,29.73,Clear,0,0,0,0,2,7,2
09/23/2023,12:00 PM,88,66,29.7,Clear,0,0,0,0,2,6,2
09/23/2023,12:30 PM,90,62,29.7,Rain,0,0,0,0,1,8,2
09/23/2023,1:00 PM,81,79,29.67,Rain,0,0,0,0,2,7,2
09/23/2023,1:30 PM,82,84,29.67,Rain,0,0,0,0,1,6,2
09/23/2023,2:00 PM,79,94,29.67,Rain,0,0,0,0,1,8,2
09/23/2023,2:30 PM,79,83,29.67,Rain,0,0,0,0,1,7,2
09/23/2023,3:00 PM,77,94,29.67,Rain,0,0,0,0,1,7,2
09/23/2023,3:30 PM,77,100,29.67,Rain,0,0,0,0,1,8,2
09/23/2023,4:00 PM,77,100,29.67,Clear,0,0,0,0,3,12,2
09/23/2023,4:30 PM,79,94,29.67,Clear,0,0,0,0,3,14,2
09/23/2023,5:00 PM,79,94,29.67,Rain,0,0,0,0,2,17,2
09/23/2023,5:30 PM,79,94,29.67,Clear,0,0,0,0,3,13,2
09/23/2023,6:00 PM,79,94,29.67,Clear,0,0,0,0,3,13,2
09/23/2023,6:30 PM,79,94,29.67,Clear,0,0,0,0,3,16,2
09/23/2023,7:00 PM,79,94,29.7,Clear,0,0,0,0,3,14,2
09/23/2023,7:30 PM,79,94,29.7,Clear,0,0,0,0,3,14,3
09/23/2023,8:00 PM,79,94,29.73,Clear,0,0,0,0,2,8,2
09/23/2023,8:30 PM,77,100,29.73,Clear,0,0,0,0,1,7,2
09/23/2023,9:00 PM,77,100,29.73,Clear,0,0,0,0,2,8,2
09/23/2023,9:30 PM,77,100,29.76,Clear,0,0,0,0,2,9,2
09/23/2023,10:00 PM,77,100,29.76,Rain,0,0,0,0,1,8,1
09/23/2023,10:30 PM,77,100,29.76,Clear,0,0,0,0,2,9,2
09/23/2023,11:00 PM,77,100,29.76,Clear,0,0,0,0,2,8,2
09/23/2023,11:30 PM,77,100,29.76,Clear,0,0,0,0,2,8,2
09/24/2023,12:00 AM,77,100,29.76,Clear,0,0,0,0,0,3,2
09/24/2023,12:30 AM,77,100,29.73,Clear,0,0,0,0,1,3,2
09/24/2023,1:00 AM,77,100,29.73,Clear,0,0,0,0,0,3,2
09/24/2023,1:30 AM,77,94,29.7,Clear,0,0,0,0,1,3,2
09/24/2023,2:00 AM,77,94,29.7,Clear,0,0,0,0,0,3,2
09/24/2023,2:30 AM,77,94,29.7,Clear,0,0,0,0,1,3,2
09/24/2023,3:00 AM,77,94,29.67,Clear,0,0,0,0,0,3,2
09/24/2023,3:30 AM,77,94,29.67,Clear,0,0,0,0,1,3,2
09/24/2023,4:00 AM,77,94,29.67,Clear,0,0,0,0,0,3,2
09/24/2023,4:30 AM,77,94,29.67,Clear,0,0,0,0,0,3,2
09/24/2023,5:00 AM,77,94,29.7,Clear,0,0,0,0,2,13,2
09/24/2023,5:30 AM,77,94,29.7,Clear,0,0,0,0,3,13,2
09/24/2023,6:00 AM,77,94,29.73,Clear,0,0,0,0,3,14,2
09/24/2023,6:30 AM,77,94,29.73,Rain,0,0,0,0,2,14,2
09/24/2023,7:00 AM,77,94,29.76,Rain,0,0,0,0,2,14,1
09/24/2023,7:30 AM,77,94,29.79,Rain,0,0,0,0,2,15,2
09/24/2023,8:00 AM,75,94,29.79,Rain,0,0,0,0,2,15,2
09/24/2023,8:30 AM,75,94,29.79,Rain,0,0,0,0,2,14,1
09/24/2023,9:00 AM,75,94,29.79,Clear,0,0,0,0,2,6,2
09/24/2023,9:30 AM,75,94,29.79,Rain,0,0,0,0,1,7,1
09/24/2023,10:00 AM,77,89,29.76,Rain,0,0,0,0,2,8,2
09/24/2023,10:30 AM,77,89,29.76,Rain,0,0,0,0,1,7,1
09/24/2023,11:00 AM,79,83,29.73,Clear,0,0,0,0,2,7,1
09/24/2023,11:30 AM,81,79,29.73,Clear,0,0,0,0,2,7,2
09/24/2023,12:00 PM,84,70,29.7,Clear,0,0,0,0,2,7,1
09/24/2023,12:30 PM,82,74,29.67,Clear,0,0,0,0,2,7,2
09/24/2023,1:00 PM,84,74,29.64,Clear,0,0,0,0,2,7,2
09/24/2023,1:30 PM,82,74,29.64,Clear,0,0,0,0,2,7,2
09/24/2023,2:00 PM,82,79,29.61,Clear,0,0,0,0,2,7,2
09/24/2023,2:30 PM,82,79,29.61,Clear,0,0,0,0,2,6,2
09/24/2023,3:00 PM,84,74,29.61,Clear,0,0,0,0,2,7,1
09/24/2023,3:30 PM,84,74,29.61,Clear,0,0,0,0,2,6,2
09/24/2023,4:00 PM,82,74,29.61,Clear,1,1,1,0,3,14,2
09/24/2023,4:30 PM,82,79,29.61,Clear,0,0,0,0,3,13,3
09/24/2023,5:00 PM,81,89,29.61,Rain,0,0,0,0,2,16,2
09/24/2023,5:30 PM,81,89,29.61,Rain,0,0,0,0,2,14,2
09/24/2023,6:00 PM,79,94,29.64,Rain,0,0,0,0,2,18,2
09/24/2023,6:30 PM,79,94,29.64,Rain,0,0,0,0,2,18,2
09/24/2023,7:00 PM,79,94,29.64,Rain,0,0,0,0,2,13,2
09/24/2023,7:30 PM,79,94,29.67,Clear,0,0,0,0,3,15,2
09/24/2023,8:00 PM,79,89,29.7,Clear,0,0,0,0,2,7,2
09/24/2023,8:30 PM,79,89,29.7,Clear,0,0,0,0,2,8,2
09/24/2023,9:00 PM,79,94,29.73,Clear,0,0,0,0,2,7,2
09/24/2023,9:30 PM,79,94,29.73,Clear,0,0,0,0,2,8,2
09/24/2023,10:00 PM,79,94,29.73,Rain,0,0,0,0,1,9,1
09/24/2023,10:30 PM,79,94,29.73,Clear,0,0,0,0,2,8,1
09/24/2023,11:00 PM,79,94,29.7,Clear,0,0,0,0,2,7,2
09/24/2023,11:30 PM,79,94,29.7,Rain,0,0,0,0,1,9,1
09/25/2023,12:00 AM,77,100,29.67,Clear,0,0,0,0,0,3,2
09/25/2023,12:30 AM,77,100,29.67,Clear,0,0,0,0,0,4,2
09/25/2023,1:00 AM,77,100,29.67,Clear,0,0,0,0,0,4,2
09/25/2023,1:30 AM,77,94,29.67,Clear,0,0,0,0,0,3,2
09/25/2023,2:00 AM,77,94,29.67,Clear,0,0,0,0,0,3,2
09/25/2023,2:30 AM,77,94,29.67,Clear,0,0,0,0,0,3,2
09/25/2023,3:00 AM,77,94,29.64,Clear,0,0,0,0,0,3,2
09/25/2023,3:30 AM,77,94,29.64,Clear,0,0,0,0,0,3,3
09/25/2023,4:00 AM,77,100,29.64,Rain,0,0,0,0,0,3,2
09/25/2023,4:30 AM,77,100,29.64,Rain,0,0,0,0,0,3,2
09/25/2023,5:00 AM,77,94,29.64,Rain,0,0,0,0,2,14,2
09/25/2023,5:30 AM,77,94,29.64,Clear,0,0,0,0,3,11,1
09/25/2023,6:00 AM,77,94,29.67,Clear,0,0,0,0,3,13,1
09/25/2023,6:30 AM,77,94,29.67,Clear,0,0,0,0,3,15,2
09/25/2023,7:00 AM,77,94,29.67,Clear,0,0,0,0,3,15,2
09/25/2023,7:30 AM,79,89,29.67,Clear,0,0,0,0,3,12,2
09/25/2023,8:00 AM,79,89,29.7,Clear,0,0,0,0,3,14,2
09/25/2023,8:30 AM,81,84,29.7,Clear,0,0,0,0,3,13,2
09/25/2023,9:00 AM,82,84,29.73,Clear,0,0,0,0,2,7,1
09/25/2023,9:30 AM,84,79,29.73,Clear,0,0,0,0,2,8,1
09/25/2023,10:00 AM,86,74,29.73,Rain,0,0,0,0,1,7,2
09/25/2023,10:30 AM,88,66,29.7,Clear,0,0,0,0,2,6,2
09/25/2023,11:00 AM,81,84,29.73,Rain,0,0,0,0,1,7,2
09/25/2023,11:30 AM,79,94,29.7,Rain,0,0,0,0,1,7,2
09/25/2023,12:00 PM,81,89,29.67,Rain,0,0,0,0,1,6,2
09/25/2023,12:30 PM,81,89,29.67,Rain,0,0,0,0,1,8,1
09/25/2023,1:00 PM,79,89,29.67,Rain,0,0,0,0,1,7,2
09/25/2023,1:30 PM,79,94,29.64,Rain,0,0,0,0,1,8,2
09/25/2023,2:00 PM,81,89,29.64,Rain,0,0,0,0,1,8,2
09/25/2023,2:30 PM,81,89,29.61,Rain,0,0,0,0,2,7,2
09/25/2023,3:00 PM,81,84,29.61,Rain,0,0,0,0,1,7,1
09/25/2023,3:30 PM,81,84,29.64,Rain,0,0,0,0,1,7,2
09/25/2023,4:00 PM,79,83,29.61,Rain,0,0,0,0,2,15,2
09/25/2023,4:30 PM,77,94,29.61,Rain,0,0,0,0,2,14,2
09/25/2023,5:00 PM,77,94,29.64,Rain,0,0,0,0,2,14,2
09/25/2023,5:30 PM,77,94,29.64,Rain,0,0,0,0,2,11,2
09/25/2023,6:00 PM,77,94,29.64,Rain,0,0,0,0,2,16,2
09/25/2023,6:30 PM,77,94,29.67,Rain,0,0,0,0,2,17,2
09/25/2023,7:00 PM,77,94,29.67,Rain,0,0,0,0,2,14,2
09/25/2023,7:30 PM,77,94,29.7,Rain,0,0,0,0,2,15,2
09/25/2023,8:00 PM,77,94,29.7,Rain,0,0,0,0,1,9,1
09/25/2023,8:30 PM,75,100,29.7,Rain,0,0,0,0,1,8,2
09/25/2023,9:00 PM,75,100,29.7,Rain,0,0,0,0,1,9,2
09/25/2023,9:30 PM,75,100,29.7,Clear,0,0,0,0,1,7,2
09/25/2023,10:00 PM,75,100,29.7,Clear,0,0,0,0,2,8,1
09/25/2023,10:30 PM,75,100,29.73,Clear,0,0,0,0,1,8,2
09/25/2023,11:00 PM,75,100,29.7,Clear,0,0,0,0,2,8,2
09/25/2023,11:30 PM,77,94,29.7,Clear,0,0,0,0,2,7,2
09/26/2023,12:00 AM,75,100,29.7,Clear,0,0,0,0,0,3,2
09/26/2023,12:30 AM,77,94,29.7,Clear,0,0,0,0,1,3,2
09/26/2023,1:00 AM,77,94,29.67,Rain,0,0,0,0,0,3,3
09/26/2023,1:30 AM,77,94,29.67,Clear,0,0,0,0,0,3,2
09/26/2023,2:00 AM,77,94,29.67,Clear,0,0,0,0,0,3,2
09/26/2023,2:30 AM,77,94,29.64,Clear,0,0,0,0,0,3,3
09/26/2023,3:00 AM,77,94,29.64,Clear,0,0,0,0,0,3,2
09/26/2023,3:30 AM,77,94,29.64,Clear,0,0,0,0,0,3,2
09/26/2023,4:00 AM,77,94,29.64,Clear,0,0,0,0,0,3,2
09/26/2023,4:30 AM,77,94,29.64,Clear,0,0,0,0,0,4,2
09/26/2023,5:00 AM,77,94,29.64,Clear,0,0,0,0,3,15,2
09/26/2023,5:30 AM,75,100,29.64,Rain,0,0,0,0,2,14,2
09/26/2023,6:00 AM,77,94,29.67,Rain,0,0,0,0,2,15,2
09/26/2023,6:30 AM,77,94,29.67,Rain,0,0,0,0,2,13,2
09/26/2023,7:00 AM,77,94,29.67,Clear,0,0,0,0,2,13,2
09/26/2023,7:30 AM,77,94,29.7,Clear,0,0,0,0,3,15,2
09/26/2023,8:00 AM,79,89,29.7,Clear,0,0,0,0,3,13,1
09/26/2023,8:30 AM,82,84,29.73,Clear,0,0,0,0,2,14,2
09/26/2023,9:00 AM,79,94,29.73,Rain,0,0,0,0,1,8,2
09/26/2023,9:30 AM,79,94,29.76,Rain,0,0,0,0,1,9,2
09/26/2023,10:00 AM,77,100,29.76,Rain,0,0,0,0,1,8,2
09/26/2023,10:30 AM,79,94,29.73,Rain,0,0,0,0,1,8,1
09/26/2023,11:00 AM,77,94,29.76,Rain,0,0,0,0,1,7,2
09/26/2023,11:30 AM,77,94,29.73,Clear,0,0,0,0,2,7,2
09/26/2023,12:00 PM,77,100,29.73,Rain,0,0,0,0,1,7,2
09/26/2023,12:30 PM,77,100,29.73,Rain,0,0,0,0,2,7,2
09/26/2023,1:00 PM,79,89,29.7,Rain,0,0,0,0,2,6,2
09/26/2023,1:30 PM,81,89,29.7,Rain,0,0,0,0,1,8,1
09/26/2023,2:00 PM,81,84,29.67,Clear,0,0,0,0,2,7,1
09/26/2023,2:30 PM,81,84,29.64,Rain,0,0,0,0,1,8,2
09/26/2023,3:00 PM,79,89,29.64,Rain,0,0,0,0,2,8,2
09/26/2023,3:30 PM,79,94,29.64,Rain,0,0,0,0,1,7,2
09/26/2023,4:00 PM,79,89,29.64,Rain,0,0,0,0,2,15,2
09/26/2023,4:30 PM,79,83,29.64,Rain,0,0,0,0,2,15,2
09/26/2023,5:00 PM,81,79,29.64,Clear,0,0,0,0,3,12,2
09/26/2023,5:30 PM,79,83,29.67,Clear,0,0,0,0,3,11,2
09/26/2023,6:00 PM,79,83,29.67,Clear,0,0,0,0,3,12,2
09/26/2023,6:30 PM,79,89,29.67,Rain,0,0,0,0,2,14,3
09/26/2023,7:00 PM,79,89,29.67,Rain,0,0,0,0,2,17,3
09/26/2023,7:30 PM,77,94,29.67,Rain,0,0,0,0,2,17,2
09/26/2023,8:00 PM,77,94,29.67,Rain,0,0,0,0,1,9,2
09/26/2023,8:30 PM,77,94,29.7,Rain,0,0,0,0,1,10,2
09/26/2023,9:00 PM,77,94,29.7,Clear,0,0,0,0,2,8,2
09/26/2023,9:30 PM,77,94,29.7,Clear,0,0,0,0,2,8,2
09/26/2023,10:00 PM,77,94,29.73,Clear,0,0,0,0,2,7,2
09/26/2023,10:30 PM,77,94,29.73,Clear,0,0,0,0,2,8,2
09/26/2023,11:00 PM,77,94,29.7,Clear,0,0,0,0,1,8,2
09/26/2023,11:30 PM,77,94,29.7,Clear,0,0,0,0,2,8,2
09/27/2023,12:00 AM,77,94,29.7,Clear,0,0,0,0,1,3,2
09/27/2023,12:30 AM,77,94,29.67,Clear,0,0,0,0,0,3,2
09/27/2023,1:00 AM,77,94,29.67,Clear,0,0,0,0,1,4,2
09/27/2023,1:30 AM,77,94,29.67,Clear,0,0,0,0,0,3,2
09/27/2023,2:00 AM,77,94,29.67,Clear,0,0,0,0,0,3,2
09/27/2023,2:30 AM,75,100,29.67,Clear,0,0,0,0,0,3,2
09/27/2023,3:00 AM,77,94,29.64,Clear,0,0,0,0,0,3,2
09/27/2023,3:30 AM,75,100,29.64,Clear,0,0,0,0,0,3,2
09/27/2023,4:00 AM,77,94,29.64,Clear,0,0,0,0,0,4,2
09/27/2023,4:30 AM,75,100,29.64,Clear,0,0,0,0,0,4,2
09/27/2023,5:00 AM,75,100,29.64,Clear,0,0,0,0,3,15,2
09/27/2023,5:30 AM,75,100,29.67,Clear,0,0,0,0,3,13,1
09/27/2023,6:00 AM,75,100,29.67,Clear,0,0,0,0,3,14,2
09/27/2023,6:30 AM,75,100,29.67,Clear,0,0,0,0,3,12,2
09/27/2023,7:00 AM,75,100,29.67,Clear,0,0,0,0,3,15,2
09/27/2023,7:30 AM,77,94,29.67,Clear,0,0,0,0,3,14,1
09/27/2023,8:00 AM,81,84,29.7,Clear,0,0,0,0,3,16,2
09/27/2023,8:30 AM,82,79,29.7,Clear,0,0,0,0,2,14,2
09/27/2023,9:00 AM,84,74,29.73,Clear,0,0,0,0,2,8,2
09/27/2023,9:30 AM,84,74,29.73,Clear,0,0,0,0,2,7,1
09/27/2023,10:00 AM,86,70,29.73,Clear,0,0,0,0,2,7,2
09/27/2023,10:30 AM,86,74,29.73,Clear,0,0,0,0,2,6,2
09/27/2023,11:00 AM,88,70,29.7,Clear,0,0,0,0,2,6,2
09/27/2023,11:30 AM,88,66,29.7,Clear,0,0,0,0,2,7,2
09/27/2023,12:00 PM,90,62,29.67,Clear,0,0,0,0,2,6,1
09/27/2023,12:30 PM,88,66,29.67,Clear,0,0,0,0,2,7,2
09/27/2023,1:00 PM,90,59,29.64,Clear,0,0,0,0,2,8,2
09/27/2023,1:30 PM,90,59,29.64,Clear,0,0,0,0,2,6,2
09/27/2023,2:00 PM,90,52,29.64,Clear,0,0,0,0,2,6,2
09/27/2023,2:30 PM,88,62,29.67,Rain,0,0,0,0,1,8,2
09/27/2023,3:00 PM,79,83,29.67,Rain,0,0,0,0,1,8,2
09/27/2023,3:30 PM,75,94,29.67,Rain,0,0,0,0,1,7,1
09/27/2023,4:00 PM,75,94,29.67,Rain,0,0,0,0,2,16,2
09/27/2023,4:30 PM,75,94,29.7,Rain,0,0,0,0,2,14,3
09/27/2023,5:00 PM,75,94,29.7,Rain,0,0,0,0,2,12,2
09/27/2023,5:30 PM,75,94,29.67,Rain,0,0,0,0,2,14,2
09/27/2023,6:00 PM,75,94,29.67,Clear,0,0,0,0,3,15,3
09/27/2023,6:30 PM,75,94,29.67,Clear,0,0,0,0,3,14,3
09/27/2023,7:00 PM,75,94,29.67,Clear,0,0,0,0,3,14,2
09/27/2023,7:30 PM,75,94,29.7,Clear,0,0,0,0,3,13,2
09/27/2023,8:00 PM,75,94,29.7,Clear,0,0,0,0,2,7,1
09/27/2023,8:30 PM,75,94,29.7,Clear,0,0,0,0,2,8,2
09/27/2023,9:00 PM,75,94,29.7,Clear,0,0,0,0,2,8,2
09/27/2023,9:30 PM,75,94,29.73,Clear,0,0,0,0,2,9,2
09/27/2023,10:00 PM,75,94,29.73,Clear,0,0,0,0,2,7,2
09/27/2023,10:30 PM,75,94,29.73,Clear,0,0,0,0,2,9,2
09/27/2023,11:00 PM,75,94,29.73,Clear,0,0,0,0,2,8,2
09/27/2023,11:30 PM,75,94,29.73,Clear,0,0,0,0,1,8,2
09/28/2023,12:00 AM,75,94,29.73,Clear,0,0,0,0,1,3,2
09/28/2023,12:30 AM,75,94,29.73,Clear,0,0,0,0,0,2,2
09/28/2023,1:00 AM,75,94,29.73,Clear,0,0,0,0,0,3,2
09/28/2023,1:30 AM,75,94,29.7,Clear,0,0,0,0,0,3,2
09/28/2023,2:00 AM,75,94,29.7,Clear,0,0,0,0,0,3,2
09/28/2023,2:30 AM,75,94,29.7,Clear,0,0,0,0,0,3,2
09/28/2023,3:00 AM,75,94,29.7,Clear,0,0,0,0,0,3,2
09/28/2023,3:30 AM,75,94,29.67,Clear,0,0,0,0,0,3,2
09/28/2023,4:00 AM,75,94,29.67,Clear,0,0,0,0,0,3,2
09/28/2023,4:30 AM,75,94,29.67,Clear,0,0,0,0,0,3,3
09/28/2023,5:00 AM,75,94,29.67,Clear,0,0,0,0,3,14,2
09/28/2023,5:30 AM,75,94,29.67,Clear,0,0,0,0,3,14,2
09/28/2023,6:00 AM,75,94,29.7,Clear,0,0,0,0,3,12,2
09/28/2023,6:30 AM,75,94,29.7,Clear,0,0,0,0,3,15,1
09/28/2023,7:00 AM,75,100,29.73,Clear,0,0,0,0,3,13,2
09/28/2023,7:30 AM,77,94,29.73,Clear,0,0,0,0,3,14,2
09/28/2023,8:00 AM,79,89,29.76,Clear,0,0,0,0,3,12,2
09/28/2023,8:30 AM,81,84,29.76,Clear,0,0,0,0,3,12,2
09/28/2023,9:00 AM,82,79,29.76,Clear,0,0,0,0,2,7,1
09/28/2023,9:30 AM,84,74,29.76,Clear,0,0,0,0,2,6,2
09/28/2023,10:00 AM,86,70,29.76,Clear,0,0,0,0,2,7,1
09/28/2023,10:30 AM,88,70,29.76,Clear,0,0,0,0,2,7,2
09/28/2023,11:00 AM,90,66,29.73,Clear,0,0,0,0,2,6,2
09/28/2023,11:30 AM,90,62,29.7,Clear,0,0,0,0,2,6,2
09/28/2023,12:00 PM,90,62,29.7,Clear,0,0,0,0,2,7,2
09/28/2023,12:30 PM,90,62,29.7,Clear,0,0,0,0,2,8,2
09/28/2023,1:00 PM,90,62,29.67,Clear,0,0,0,0,2,8,1
09/28/2023,1:30 PM,91,59,29.64,Clear,0,0,0,0,2,6,2
09/28/2023,2:00 PM,91,59,29.64,Clear,0,0,0,0,2,6,2
09/28/2023,2:30 PM,91,55,29.64,Clear,0,0,0,0,2,6,2
09/28/2023,3:00 PM,91,55,29.61,Clear,0,0,0,0,2,7,2
09/28/2023,3:30 PM,91,59,29.61,Clear,0,0,0,0,2,6,1
09/28/2023,4:00 PM,91,52,29.61,Clear,0,0,0,0,3,13,2
09/28/2023,4:30 PM,91,55,29.61,Clear,0,0,0,0,2,14,3
09/28/2023,5:00 PM,91,55,29.61,Clear,0,0,0,0,3,13,3
09/28/2023,5:30 PM,90,62,29.64,Clear,0,0,0,0,3,14,2
09/28/2023,6:00 PM,88,66,29.64,Clear,0,0,0,0,2,9,2
09/28/2023,6:30 PM,86,70,29.64,Clear,0,0,0,0,3,14,2
09/28/2023,7:00 PM,86,70,29.67,Clear,0,0,0,0,3,11,2
09/28/2023,7:30 PM,84,79,29.7,Clear,0,0,0,0,3,16,2
09/28/2023,8:00 PM,82,84,29.7,Clear,0,0,0,0,2,6,2
09/28/2023,8:30 PM,82,84,29.7,Clear,0,0,0,0,2,7,2
09/28/2023,9:00 PM,82,84,29.73,Clear,0,0,0,0,2,8,2
09/28/2023,9:30 PM,81,89,29.73,Clear,0,0,0,0,1,9,2
09/28/2023,10:00 PM,81,89,29.76,Clear,0,0,0,0,2,7,2
09/28/2023,10:30 PM,81,89,29.76,Clear,0,0,0,0,2,7,2
09/28/2023,11:00 PM,81,89,29.76,Clear,0,0,0,0,2,8,2
09/28/2023,11:30 PM,79,94,29.76,Clear,0,0,0,0,2,6,2
09/29/2023,12:00 AM,79,94,29.76,Clear,0,0,0,0,0,4,2
09/29/2023,12:30 AM,79,94,29.76,Clear,0,0,0,0,0,3,2
09/29/2023,1:00 AM,79,94,29.73,Clear,0,0,0,0,1,3,2
09/29/2023,1:30 AM,79,89,29.73,Clear,0,0,0,0,0,3,3
09/29/2023,2:00 AM,79,94,29.73,Clear,0,0,0,0,0,3,2
09/29/2023,2:30 AM,79,94,29.73,Clear,0,0,0,0,0,3,2
09/29/2023,3:00 AM,79,94,29.73,Clear,0,0,0,0,0,3,2
09/29/2023,3:30 AM,79,94,29.73,Clear,0,0,0,0,0,3,2
09/29/2023,4:00 AM,79,94,29.73,Clear,0,0,0,0,0,3,2
09/29/2023,4:30 AM,77,100,29.73,Clear,0,0,0,0,1,3,2
09/29/2023,5:00 AM,77,94,29.73,Clear,0,0,0,0,3,16,2
09/29/2023,5:30 AM,77,94,29.73,Clear,0,0,0,0,3,15,2
09/29/2023,6:00 AM,77,94,29.73,Clear,0,0,0,0,2,14,2
09/29/2023,6:30 AM,77,100,29.76,Clear,0,0,0,0,4,13,2
09/29/2023,7:00 AM,79,94,29.76,Clear,0,0,0,0,3,12,2
09/29/2023,7:30 AM,81,89,29.79,Clear,0,0,0,0,3,14,2
09/29/2023,8:00 AM,82,84,29.79,Clear,0,0,0,0,2,14,1
09/29/2023,8:30 AM,84,84,29.79,Clear,0,0,0,0,3,14,2
09/29/2023,9:00 AM,86,74,29.79,Clear,0,0,0,0,2,6,2
09/29/2023,9:30 AM,86,79,29.79,Clear,0,0,0,0,2,6,2
09/29/2023,10:00 AM,88,70,29.79,Clear,0,0,0,0,2,7,2
09/29/2023,10:30 AM,90,66,29.79,Clear,0,0,0,0,2,7,1
09/29/2023,11:00 AM,90,62,29.79,Clear,0,0,0,0,2,8,1
09/29/2023,11:30 AM,91,59,29.79,Clear,0,0,0,0,2,5,2
09/29/2023,12:00 PM,91,59,29.79,Rain,0,0,0,0,1,7,2
09/29/2023,12:30 PM,81,84,29.76,Rain,0,0,0,0,1,7,2
09/29/2023,1:00 PM,84,79,29.76,Clear,0,0,0,0,2,7,1
09/29/2023,1:30 PM,86,74,29.73,Clear,0,0,0,0,2,8,2
09/29/2023,2:00 PM,90,70,29.73,Clear,0,0,0,0,2,6,2
09/29/2023,2:30 PM,90,70,29.7,Clear,0,0,0,0,2,6,2
09/29/2023,3:00 PM,90,66,29.7,Clear,0,0,0,0,2,7,2
09/29/2023,3:30 PM,82,79,29.7,Clear,0,0,0,0,2,6,2
09/29/2023,4:00 PM,82,79,29.7,Clear,0,0,0,0,3,15,2
09/29/2023,4:30 PM,84,79,29.7,Clear,0,0,0,0,3,12,2
09/29/2023,5:00 PM,84,79,29.7,Clear,0,0,0,0,3,16,2
09/29/2023,5:30 PM,84,79,29.73,Clear,0,0,0,0,3,15,2
09/29/2023,6:00 PM,82,84,29.73,Clear,0,0,0,0,3,13,2
09/29/2023,6:30 PM,82,84,29.73,Clear,0,0,0,0,3,16,2
09/29/2023,7:00 PM,82,79,29.76,Clear,0,0,0,0,3,17,2
09/29/2023,7:30 PM,82,79,29.76,Clear,0,0,0,0,2,14,2
09/29/2023,8:00 PM,81,84,29.79,Clear,0,0,0,0,2,8,2
09/29/2023,8:30 PM,81,89,29.79,Clear,0,0,0,0,2,8,2
09/29/2023,9:00 PM,81,89,29.81,Clear,0,0,0,0,2,7,2
09/29/2023,9:30 PM,81,89,29.81,Clear,0,0,0,0,2,9,2
09/29/2023,10:00 PM,81,89,29.81,Clear,0,0,0,0,2,8,2
09/29/2023,10:30 PM,79,94,29.84,Clear,0,0,0,0,2,8,1
09/29/2023,11:00 PM,79,94,29.84,Clear,0,0,0,0,1,8,2
09/29/2023,11:30 PM,79,94,29.84,Clear,0,0,0,0,2,8,2
09/30/2023,12:00 AM,79,94,29.81,Clear,0,0,0,0,0,3,2
09/30/2023,12:30 AM,79,94,29.81,Clear,0,0,0,0,0,3,2
09/30/2023,1:00 AM,79,94,29.79,Clear,0,0,0,0,0,3,2
09/30/2023,1:30 AM,79,94,29.79,Clear,0,0,0,0,1,3,2
09/30/2023,2:00 AM,79,94,29.76,Clear,0,0,0,0,1,4,3
09/30/2023,2:30 AM,77,94,29.76,Clear,0,0,0,0,0,3,2
09/30/2023,3:00 AM,77,100,29.76,Clear,0,0,0,0,0,3,2
09/30/2023,3:30 AM,77,100,29.76,Clear,0,0,0,0,0,3,3
09/30/2023,4:00 AM,77,100,29.76,Clear,0,0,0,0,0,3,3
09/30/2023,4:30 AM,77,100,29.76,Clear,0,0,0,0,0,3,2
09/30/2023,5:00 AM,77,94,29.76,Clear,0,0,0,0,3,13,2
09/30/2023,5:30 AM,77,94,29.76,Clear,0,0,0,0,4,12,2
09/30/2023,6:00 AM,77,94,29.76,Mist,0,0,0,0,2,15,2
09/30/2023,6:30 AM,77,94,29.76,Mist,0,0,0,0,3,12,2
09/30/2023,7:00 AM,77,100,29.79,Mist,0,0,0,0,2,14,1
09/30/2023,7:30 AM,79,94,29.79,Mist,0,0,0,0,3,13,2
09/30/2023,8:00 AM,81,89,29.79,Mist,0,0,0,0,3,13,2
09/30/2023,8:30 AM,82,84,29.81,Clear,0,0,0,0,3,13,2
09/30/2023,9:00 AM,84,79,29.81,Clear,0,0,0,0,2,7,1
09/30/2023,9:30 AM,88,62,29.81,Clear,0,0,0,0,2,7,2
09/30/2023,10:00 AM,90,62,29.81,Clear,0,0,0,0,2,7,2
09/30/2023,10:30 AM,90,55,29.81,Clear,0,0,0,0,2,7,2
09/30/2023,11:00 AM,90,55,29.81,Clear,1,0,0,1,2,7,2
09/30/2023,11:30 AM,91,52,29.79,Clear,0,0,0,0,2,8,1
09/30/2023,12:00 PM,93,52,29.79,Clear,0,0,0,0,2,7,2
09/30/2023,12:30 PM,91,52,29.76,Clear,0,0,0,0,2,7,1
09/30/2023,1:00 PM,91,52,29.76,Clear,0,0,0,0,2,7,2
09/30/2023,1:30 PM,91,55,29.73,Clear,0,0,0,0,2,7,2
09/30/2023,2:00 PM,93,52,29.73,Clear,0,0,0,0,2,7,2
09/30/2023,2:30 PM,93,49,29.7,Clear,0,0,0,0,2,6,1
09/30/2023,3:00 PM,93,49,29.7,Clear,0,0,0,0,2,7,2
09/30/2023,3:30 PM,93,49,29.7,Clear,0,0,0,0,2,8,2
09/30/2023,4:00 PM,93,49,29.67,Clear,0,0,0,0,3,16,2
09/30/2023,4:30 PM,90,62,29.67,Clear,0,0,0,0,3,12,2
09/30/2023,5:00 PM,90,62,29.67,Clear,0,0,0,0,3,15,2
09/30/2023,5:30 PM,90,62,29.67,Clear,0,0,0,0,3,15,2
09/30/2023,6:00 PM,90,62,29.67,Clear,0,0,0,0,3,14,2
09/30/2023,6:30 PM,88,66,29.7,Clear,0,0,0,0,2,15,2
09/30/2023,7:00 PM,86,70,29.7,Clear,0,0,0,0,3,13,2
09/30/2023,7:30 PM,86,70,29.7,Clear,0,0,0,0,3,15,2
09/30/2023,8:00 PM,84,79,29.73,Clear,0,0,0,0,2,7,2
09/30/2023,8:30 PM,82,84,29.73,Clear,0,0,0,0,2,8,2
09/30/2023,9:00 PM,82,84,29.76,Clear,0,0,0,0,2,9,2
09/30/2023,9:30 PM,82,84,29.76,Clear,0,0,0,0,2,7,2
09/30/2023,10:00 PM,82,84,29.79,Clear,0,0,0,0,2,7,2
09/30/2023,10:30 PM,81,89,29.79,Clear,0,0,0,0,2,8,2
09/30/2023,11:00 PM,81,89,29.79,Clear,0,0,0,0,2,7,2
09/30/2023,11:30 PM,81,89,29.79,Clear,0,0,0,0,2,8,2
10/1/2023,12:00 AM,79,89,29.79,Clear,0,0,0,0,0,3,2
10/1/2023,12:30 AM,79,89,29.79,Clear,0,0,0,0,0,4,2
10/1/2023,1:00 AM,81,84,29.76,Clear,0,0,0,0,1,3,2
10/1/2023,1:30 AM,81,84,29.76,Clear,0,0,0,0,0,3,2
10/1/2023,2:00 AM,79,89,29.76,Clear,0,0,0,0,0,3,2
10/1/2023,2:30 AM,79,89,29.76,Clear,0,0,0,0,0,3,3
10/1/2023,3:00 AM,79,89,29.73,Clear,0,0,0,0,0,4,2
10/1/2023,3:30 AM,79,89,29.73,Clear,0,0,0,0,1,3,2
10/1/2023,4:00 AM,79,89,29.73,Clear,0,0,0,0,0,3,2
10/1/2023,4:30 AM,77,94,29.73,Clear,0,0,0,0,0,3,3
10/1/2023,5:00 AM,77,94,29.73,Clear,0,0,0,0,3,14,2
10/1/2023,5:30 AM,79,89,29.73,Clear,0,0,0,0,3,13,2
10/1/2023,6:00 AM,77,94,29.73,Clear,0,0,0,0,3,15,2
10/1/2023,6:30 AM,77,89,29.76,Clear,0,0,0,0,3,14,2
10/1/2023,7:00 AM,79,89,29.76,Clear,0,0,0,0,4,13,2
10/1/2023,7:30 AM,81,84,29.76,Clear,0,0,0,0,3,15,1
10/1/2023,8:00 AM,84,79,29.76,Clear,0,0,0,0,3,15,2
10/1/2023,8:30 AM,86,70,29.79,Clear,0,0,0,0,2,13,2
10/1/2023,9:00 AM,88,66,29.79,Clear,0,0,0,0,2,6,2
10/1/2023,9:30 AM,88,62,29.79,Clear,0,0,0,0,2,7,1
10/1/2023,10:00 AM,90,59,29.79,Clear,0,0,0,0,2,7,2
10/1/2023,10:30 AM,90,55,29.79,Clear,0,0,0,0,2,7,2
10/1/2023,11:00 AM,91,52,29.76,Clear,0,0,0,0,2,7,2
10/1/2023,11:30 AM,91,52,29.76,Clear,0,0,0,0,1,6,2
10/1/2023,12:00 PM,91,52,29.73,Clear,0,0,0,0,2,6,1
10/1/2023,12:30 PM,93,56,29.73,Clear,0,0,0,0,2,7,2
10/1/2023,1:00 PM,93,52,29.7,Clear,0,0,0,0,2,7,2
10/1/2023,1:30 PM,91,52,29.7,Clear,0,0,0,0,2,7,2
10/1/2023,2:00 PM,93,52,29.67,Clear,0,0,0,0,2,6,1
10/1/2023,2:30 PM,91,59,29.67,Clear,0,0,0,0,2,6,2
10/1/2023,3:00 PM,93,52,29.67,Clear,0,0,0,0,2,7,1
10/1/2023,3:30 PM,93,52,29.64,Clear,0,0,0,0,2,7,1
10/1/2023,4:00 PM,93,52,29.64,Clear,0,0,0,0,3,10,2
10/1/2023,4:30 PM,91,55,29.61,Clear,0,0,0,0,2,12,2
10/1/2023,5:00 PM,91,52,29.64,Clear,0,0,0,0,3,13,2
10/1/2023,5:30 PM,90,55,29.64,Clear,0,0,0,0,2,14,3
10/1/2023,6:00 PM,88,62,29.64,Clear,0,0,0,0,3,14,2
10/1/2023,6:30 PM,88,62,29.67,Clear,0,0,0,0,2,14,2
10/1/2023,7:00 PM,86,66,29.7,Clear,0,0,0,0,3,14,3
10/1/2023,7:30 PM,86,66,29.7,Clear,0,0,0,0,3,13,3
10/1/2023,8:00 PM,84,70,29.73,Clear,0,0,0,0,2,7,2
10/1/2023,8:30 PM,84,70,29.76,Clear,0,0,0,0,1,8,1
10/1/2023,9:00 PM,82,74,29.76,Clear,0,0,0,0,1,8,2
10/1/2023,9:30 PM,82,74,29.79,Clear,0,0,0,0,2,9,2
10/1/2023,10:00 PM,82,74,29.79,Clear,0,0,0,0,2,7,2
10/1/2023,10:30 PM,81,84,29.79,Clear,0,0,0,0,1,8,2
10/1/2023,11:00 PM,81,84,29.79,Clear,0,0,0,0,2,8,2
10/1/2023,11:30 PM,81,89,29.79,Clear,0,0,0,0,2,10,2
10/2/2023,12:00 AM,79,94,29.79,Clear,0,0,0,0,0,3,2
10/2/2023,12:30 AM,81,89,29.76,Clear,0,0,0,0,0,3,3
10/2/2023,1:00 AM,79,94,29.76,Clear,0,0,0,0,0,3,3
10/2/2023,1:30 AM,79,94,29.76,Clear,0,0,0,0,0,3,2
10/2/2023,2:00 AM,79,94,29.73,Clear,0,0,0,0,0,3,2
10/2/2023,2:30 AM,79,94,29.73,Clear,0,0,0,0,0,2,3
10/2/2023,3:00 AM,79,94,29.73,Clear,0,0,0,0,0,3,2
10/2/2023,3:30 AM,79,94,29.7,Clear,0,0,0,0,1,3,2
10/2/2023,4:00 AM,79,94,29.7,Clear,0,0,0,0,0,3,2
10/2/2023,4:30 AM,79,94,29.73,Clear,0,0,0,0,0,3,3
10/2/2023,5:00 AM,79,94,29.73,Clear,0,0,0,0,3,13,2
10/2/2023,5:30 AM,79,94,29.73,Clear,0,0,0,0,3,14,2
10/2/2023,6:00 AM,77,100,29.76,Mist,0,0,0,0,3,13,2
10/2/2023,6:30 AM,79,94,29.76,Clear,0,0,0,0,3,15,2
10/2/2023,7:00 AM,79,94,29.76,Clear,0,0,0,0,2,13,2
10/2/2023,7:30 AM,79,94,29.79,Clear,0,0,0,0,2,14,2
10/2/2023,8:00 AM,81,89,29.79,Clear,0,0,0,0,3,12,1
10/2/2023,8:30 AM,81,89,29.79,Clear,0,0,0,0,3,14,2
10/2/2023,9:00 AM,84,74,29.81,Clear,0,0,0,0,2,7,2
10/2/2023,9:30 AM,86,70,29.81,Clear,0,0,0,0,2,7,2
10/2/2023,10:00 AM,86,70,29.81,Clear,0,0,0,0,2,6,1
10/2/2023,10:30 AM,86,74,29.79,Clear,0,0,0,0,2,7,2
10/2/2023,11:00 AM,86,74,29.79,Clear,0,0,0,0,2,6,2
10/2/2023,11:30 AM,86,74,29.79,Clear,0,0,0,0,2,6,2
10/2/2023,12:00 PM,88,75,29.76,Clear,0,0,0,0,2,6,2
10/2/2023,12:30 PM,88,66,29.76,Clear,0,0,0,0,2,6,2
10/2/2023,1:00 PM,88,66,29.73,Rain,0,0,0,0,1,8,2
10/2/2023,1:30 PM,88,66,29.73,Clear,0,0,0,0,2,8,2
10/2/2023,2:00 PM,88,66,29.73,Clear,0,0,0,0,2,7,1
10/2/2023,2:30 PM,88,66,29.7,Clear,0,0,0,0,2,8,2
10/2/2023,3:00 PM,88,66,29.7,Clear,0,0,0,0,2,6,2
10/2/2023,3:30 PM,88,66,29.7,Clear,0,0,0,0,2,6,1
10/2/2023,4:00 PM,88,66,29.7,Clear,0,0,0,0,3,13,2
10/2/2023,4:30 PM,88,66,29.7,Clear,0,0,0,0,2,14,3
10/2/2023,5:00 PM,88,66,29.7,Clear,0,0,0,0,3,13,2
10/2/2023,5:30 PM,86,74,29.7,Clear,0,0,0,0,3,12,2
10/2/2023,6:00 PM,86,74,29.7,Clear,0,0,0,0,3,16,2
10/2/2023,6:30 PM,84,74,29.73,Clear,0,0,0,0,3,16,2
10/2/2023,7:00 PM,84,74,29.73,Clear,0,0,0,0,2,15,2
10/2/2023,7:30 PM,82,79,29.76,Clear,0,0,0,0,3,14,2
10/2/2023,8:00 PM,82,79,29.76,Clear,0,0,0,0,2,8,1
10/2/2023,8:30 PM,82,79,29.79,Clear,0,0,0,0,2,7,2
10/2/2023,9:00 PM,82,79,29.79,Clear,0,0,0,0,1,8,1
10/2/2023,9:30 PM,82,84,29.79,Clear,0,0,0,0,2,8,2
10/2/2023,10:00 PM,81,89,29.79,Clear,0,0,0,0,2,7,2
10/2/2023,10:30 PM,81,89,29.79,Clear,0,0,0,0,2,8,1
10/2/2023,11:00 PM,81,89,29.79,Clear,0,0,0,0,2,8,2
10/2/2023,11:30 PM,81,89,29.79,Clear,0,0,0,0,1,8,2
10/3/2023,12:00 AM,81,89,29.79,Clear,0,0,0,0,0,3,2
10/3/2023,12:30 AM,81,89,29.79,Clear,0,0,0,0,0,3,2
10/3/2023,1:00 AM,81,89,29.76,Clear,0,0,0,0,0,4,2
10/3/2023,1:30 AM,81,89,29.76,Clear,0,0,0,0,0,3,2
10/3/2023,2:00 AM,79,94,29.76,Clear,0,0,0,0,0,3,2
10/3/2023,2:30 AM,79,94,29.76,Clear,0,0,0,0,0,3,2
10/3/2023,3:00 AM,79,94,29.76,Clear,0,0,0,0,0,3,2
10/3/2023,3:30 AM,79,94,29.73,Clear,0,0,0,0,1,3,2
10/3/2023,4:00 AM,79,94,29.73,Clear,0,0,0,0,0,3,2
10/3/2023,4:30 AM,79,94,29.73,Clear,0,0,0,0,0,3,2
10/3/2023,5:00 AM,79,94,29.73,Clear,0,0,0,0,3,15,2
10/3/2023,5:30 AM,79,94,29.76,Clear,0,0,0,0,3,11,2
10/3/2023,6:00 AM,79,94,29.76,Clear,0,0,0,0,3,14,2
10/3/2023,6:30 AM,79,94,29.79,Clear,0,0,0,0,3,16,2
10/3/2023,7:00 AM,79,94,29.79,Clear,0,0,0,0,3,11,2
10/3/2023,7:30 AM,79,94,29.79,Clear,0,0,0,0,3,14,2
10/3/2023,8:00 AM,81,89,29.81,Clear,0,0,0,0,3,12,2
10/3/2023,8:30 AM,82,84,29.81,Clear,0,0,0,0,3,13,2
10/3/2023,9:00 AM,86,70,29.81,Clear,0,0,0,0,2,6,2
10/3/2023,9:30 AM,86,66,29.81,Clear,0,0,0,0,2,5,2
10/3/2023,10:00 AM,86,66,29.81,Clear,0,0,0,0,2,6,2
10/3/2023,10:30 AM,88,62,29.81,Clear,0,0,0,0,2,7,2
10/3/2023,11:00 AM,90,59,29.79,Clear,0,0,0,0,2,7,1
10/3/2023,11:30 AM,90,59,29.79,Clear,0,0,0,0,2,8,1
10/3/2023,12:00 PM,91,55,29.76,Clear,0,0,0,0,2,6,1
10/3/2023,12:30 PM,90,59,29.76,Clear,0,0,0,0,2,6,2
10/3/2023,1:00 PM,91,59,29.73,Clear,0,0,0,0,2,5,2
10/3/2023,1:30 PM,90,59,29.7,Clear,0,0,0,0,2,6,1
10/3/2023,2:00 PM,91,59,29.7,Clear,0,0,0,0,2,7,1
10/3/2023,2:30 PM,91,49,29.67,Clear,0,0,0,0,2,8,2
10/3/2023,3:00 PM,91,52,29.67,Clear,0,0,0,0,2,7,2
10/3/2023,3:30 PM,90,52,29.67,Clear,0,0,0,0,2,7,2
10/3/2023,4:00 PM,90,55,29.67,Clear,0,0,0,0,3,14,3
10/3/2023,4:30 PM,90,59,29.67,Clear,0,0,0,0,3,16,3
10/3/2023,5:00 PM,88,62,29.7,Rain,0,0,0,0,2,17,3
10/3/2023,5:30 PM,88,62,29.7,Clear,0,0,0,0,3,13,2
10/3/2023,6:00 PM,84,70,29.7,Clear,0,0,0,0,3,15,2
10/3/2023,6:30 PM,84,70,29.73,Clear,0,0,0,0,3,14,3
10/3/2023,7:00 PM,82,74,29.73,Clear,0,0,0,0,2,16,2
10/3/2023,7:30 PM,82,74,29.76,Clear,0,0,0,0,3,15,2
10/3/2023,8:00 PM,82,74,29.76,Clear,0,0,0,0,2,8,2
10/3/2023,8:30 PM,82,74,29.76,Clear,0,0,0,0,2,7,2
10/3/2023,9:00 PM,82,74,29.79,Clear,0,0,0,0,2,8,2
10/3/2023,9:30 PM,82,74,29.81,Clear,0,0,0,0,2,8,2
10/3/2023,10:00 PM,82,79,29.81,Clear,0,0,0,0,2,8,2
10/3/2023,10:30 PM,81,84,29.81,Clear,0,0,0,0,1,8,2
10/3/2023,11:00 PM,81,84,29.81,Clear,0,0,0,0,2,7,2
10/3/2023,11:30 PM,81,84,29.81,Clear,0,0,0,0,2,8,2
10/4/2023,12:00 AM,81,89,29.79,Clear,0,0,0,0,0,3,2
10/4/2023,12:30 AM,81,89,29.79,Clear,0,0,0,0,1,3,2
10/4/2023,1:00 AM,81,89,29.79,Clear,0,0,0,0,0,3,2
10/4/2023,1:30 AM,81,84,29.76,Clear,0,0,0,0,1,3,2
10/4/2023,2:00 AM,81,89,29.76,Clear,0,0,0,0,0,3,2
10/4/2023,2:30 AM,81,89,29.76,Clear,0,0,0,0,0,3,3
10/4/2023,3:00 AM,79,94,29.73,Clear,0,0,0,0,0,3,3
10/4/2023,3:30 AM,79,94,29.73,Clear,0,0,0,0,0,3,2
10/4/2023,4:00 AM,79,94,29.73,Clear,0,0,0,0,0,3,3
10/4/2023,4:30 AM,79,94,29.73,Clear,0,0,0,0,0,4,3
10/4/2023,5:00 AM,79,94,29.73,Clear,0,0,0,0,3,13,2
10/4/2023,5:30 AM,79,94,29.73,Clear,0,0,0,0,3,17,2
10/4/2023,6:00 AM,79,94,29.73,Clear,0,0,0,0,3,14,2
10/4/2023,6:30 AM,79,94,29.76,Clear,0,0,0,0,2,15,2
10/4/2023,7:00 AM,79,94,29.76,Clear,0,0,0,0,3,11,2
10/4/2023,7:30 AM,82,84,29.79,Clear,0,0,0,0,3,14,2
10/4/2023,8:00 AM,84,79,29.79,Clear,0,0,0,0,3,14,2
10/4/2023,8:30 AM,86,70,29.79,Clear,0,0,0,0,3,15,2
10/4/2023,9:00 AM,86,70,29.79,Clear,0,0,0,0,2,6,1
10/4/2023,9:30 AM,88,66,29.79,Clear,0,0,0,0,2,7,2
10/4/2023,10:00 AM,88,66,29.79,Clear,0,0,0,0,2,7,2
10/4/2023,10:30 AM,90,62,29.79,Clear,0,0,0,0,2,6,2
10/4/2023,11:00 AM,88,62,29.76,Clear,0,0,0,0,2,8,2
10/4/2023,11:30 AM,90,59,29.76,Clear,0,0,0,0,2,7,2
10/4/2023,12:00 PM,90,59,29.73,Clear,0,0,0,0,2,8,2
10/4/2023,12:30 PM,90,62,29.73,Clear,0,0,0,0,2,7,2
10/4/2023,1:00 PM,90,59,29.7,Clear,0,0,0,0,2,7,2
10/4/2023,1:30 PM,93,56,29.67,Clear,0,0,0,0,2,6,1
10/4/2023,2:00 PM,95,49,29.67,Rain,0,0,0,0,2,7,2
10/4/2023,2:30 PM,81,89,29.67,Rain,0,0,0,0,1,7,2
10/4/2023,3:00 PM,77,94,29.67,Rain,0,0,0,0,2,9,1
10/4/2023,3:30 PM,77,94,29.67,Rain,0,0,0,0,1,7,2
10/4/2023,4:00 PM,79,94,29.67,Clear,0,0,0,0,3,12,2
10/4/2023,4:30 PM,79,94,29.67,Clear,0,0,0,0,3,14,2
10/4/2023,5:00 PM,79,94,29.67,Clear,0,0,0,0,3,12,3
10/4/2023,5:30 PM,79,94,29.7,Clear,0,0,0,0,3,16,2
10/4/2023,6:00 PM,79,94,29.7,Clear,0,0,0,0,3,13,2
10/4/2023,6:30 PM,79,94,29.73,Clear,0,0,0,0,3,13,2
10/4/2023,7:00 PM,79,94,29.73,Clear,0,0,0,0,3,13,2
10/4/2023,7:30 PM,79,94,29.73,Clear,0,0,0,0,3,16,2
10/4/2023,8:00 PM,79,94,29.76,Clear,0,0,0,0,2,7,1
10/4/2023,8:30 PM,79,94,29.76,Clear,0,0,0,0,2,9,2
10/4/2023,9:00 PM,79,94,29.76,Clear,0,0,0,0,2,8,2
10/4/2023,9:30 PM,79,94,29.79,Clear,0,0,0,0,2,8,2
10/4/2023,10:00 PM,79,94,29.79,Clear,0,0,0,0,1,9,2
10/4/2023,10:30 PM,79,94,29.79,Clear,0,0,0,0,2,7,2
10/4/2023,11:00 PM,79,94,29.76,Clear,0,0,0,0,2,8,2
10/4/2023,11:30 PM,77,100,29.76,Clear,0,0,0,0,1,7,2
10/5/2023,12:00 AM,77,100,29.76,Clear,0,0,0,0,0,3,2
10/5/2023,12:30 AM,77,100,29.76,Clear,0,0,0,0,0,3,2
10/5/2023,1:00 AM,77,100,29.73,Clear,0,0,0,0,0,3,2
10/5/2023,1:30 AM,77,100,29.73,Clear,0,0,0,0,0,3,2
10/5/2023,2:00 AM,77,100,29.73,Clear,0,0,0,0,0,3,3
10/5/2023,2:30 AM,77,100,29.73,Clear,0,0,0,0,0,3,2
10/5/2023,3:00 AM,77,94,29.7,Clear,0,0,0,0,0,3,2
10/5/2023,3:30 AM,77,94,29.7,Clear,0,0,0,0,0,3,3
10/5/2023,4:00 AM,77,94,29.7,Clear,0,0,0,0,1,3,2
10/5/2023,4:30 AM,77,94,29.7,Clear,0,0,0,0,0,3,2
10/5/2023,5:00 AM,77,94,29.7,Clear,0,0,0,0,2,14,2
10/5/2023,5:30 AM,77,94,29.73,Clear,0,0,0,0,3,15,1
10/5/2023,6:00 AM,77,94,29.73,Clear,0,0,0,0,3,14,2
10/5/2023,6:30 AM,75,100,29.73,Clear,0,0,0,0,3,12,2
10/5/2023,7:00 AM,77,94,29.73,Clear,0,0,0,0,3,16,2
10/5/2023,7:30 AM,79,89,29.76,Clear,0,0,0,0,3,15,2
10/5/2023,8:00 AM,81,89,29.76,Clear,0,0,0,0,3,14,2
10/5/2023,8:30 AM,81,89,29.76,Clear,0,0,0,0,2,13,2
10/5/2023,9:00 AM,84,79,29.76,Clear,0,0,0,0,2,5,2
10/5/2023,9:30 AM,86,70,29.76,Clear,0,0,0,0,2,8,2
10/5/2023,10:00 AM,88,66,29.76,Clear,0,0,0,0,2,8,2
10/5/2023,10:30 AM,88,66,29.76,Clear,0,0,0,0,2,7,1
10/5/2023,11:00 AM,90,62,29.76,Clear,0,0,0,0,2,6,2
10/5/2023,11:30 AM,91,59,29.73,Clear,0,0,0,0,2,6,2
10/5/2023,12:00 PM,91,59,29.73,Clear,0,0,0,0,2,6,2
10/5/2023,12:30 PM,91,55,29.7,Clear,0,0,0,0,2,7,2
10/5/2023,1:00 PM,93,56,29.67,Rain,0,0,0,0,2,6,1
10/5/2023,1:30 PM,91,59,29.67,Rain,0,0,0,0,1,7,2
10/5/2023,2:00 PM,90,66,29.64,Rain,0,0,0,0,1,8,2
10/5/2023,2:30 PM,90,62,29.64,Rain,0,0,0,0,1,6,2
10/5/2023,3:00 PM,90,62,29.64,Rain,0,0,0,0,2,8,1
10/5/2023,3:30 PM,90,62,29.61,Clear,0,0,0,0,2,7,1
10/5/2023,4:00 PM,88,62,29.64,Clear,0,0,0,0,3,13,2
10/5/2023,4:30 PM,86,70,29.64,Clear,0,0,0,0,3,13,2
10/5/2023,5:00 PM,86,70,29.64,Clear,0,0,0,0,3,13,2
10/5/2023,5:30 PM,84,74,29.64,Clear,0,0,0,0,3,14,2
10/5/2023,6:30 PM,82,79,29.67,Clear,0,0,0,0,3,15,2
10/5/2023,7:00 PM,82,79,29.7,Clear,0,0,0,0,3,12,2
10/5/2023,7:30 PM,82,79,29.7,Clear,0,0,0,0,4,17,2
10/5/2023,8:00 PM,81,84,29.7,Clear,0,0,0,0,2,9,2
10/5/2023,8:30 PM,82,74,29.73,Clear,0,0,0,0,2,8,2
10/5/2023,9:00 PM,82,74,29.76,Clear,0,0,0,0,2,8,2
10/5/2023,9:30 PM,82,74,29.76,Clear,0,0,0,0,2,8,1
10/5/2023,10:00 PM,81,79,29.76,Clear,0,0,0,0,1,9,2
10/5/2023,10:30 PM,81,84,29.76,Clear,0,0,0,0,1,9,2
10/5/2023,11:00 PM,81,84,29.73,Clear,0,0,0,0,2,7,2
10/5/2023,11:30 PM,79,89,29.73,Clear,0,0,0,0,2,8,2
10/6/2023,12:00 AM,79,89,29.73,Clear,0,0,0,0,0,4,2
10/6/2023,12:30 AM,79,89,29.73,Clear,0,0,0,0,0,3,2
10/6/2023,1:00 AM,79,89,29.73,Clear,0,0,0,0,0,3,2
10/6/2023,1:30 AM,79,89,29.73,Clear,0,0,0,0,1,3,2
10/6/2023,2:00 AM,79,89,29.7,Clear,0,0,0,0,0,3,3
10/6/2023,2:30 AM,79,89,29.7,Clear,0,0,0,0,1,3,2
10/6/2023,3:00 AM,79,89,29.7,Clear,0,0,0,0,0,3,3
10/6/2023,3:30 AM,79,89,29.7,Clear,0,0,0,0,0,3,2
10/6/2023,4:00 AM,77,94,29.7,Clear,0,0,0,0,0,3,2
10/6/2023,4:30 AM,77,94,29.7,Clear,0,0,0,0,0,3,2
10/6/2023,5:00 AM,77,94,29.7,Clear,0,0,0,0,3,14,2
10/6/2023,5:30 AM,77,94,29.7,Clear,0,0,0,0,3,13,2
10/6/2023,6:00 AM,77,94,29.73,Clear,0,0,0,0,3,12,2
10/6/2023,6:30 AM,77,94,29.73,Clear,0,0,0,0,3,12,1
10/6/2023,7:00 AM,81,89,29.73,Clear,0,0,0,0,3,13,2
10/6/2023,7:30 AM,81,84,29.76,Clear,0,0,0,0,3,14,2
10/6/2023,8:00 AM,82,84,29.76,Clear,0,0,0,0,3,10,2
10/6/2023,8:30 AM,82,79,29.76,Clear,0,0,0,0,3,15,2
10/6/2023,9:00 AM,86,74,29.76,Clear,0,0,0,0,2,6,2
10/6/2023,9:30 AM,86,74,29.76,Clear,0,0,0,0,2,7,2
10/6/2023,10:00 AM,88,66,29.76,Clear,0,0,0,0,2,6,1
10/6/2023,10:30 AM,88,66,29.76,Clear,0,0,0,0,2,6,2
10/6/2023,11:00 AM,90,62,29.76,Clear,0,0,0,0,2,7,2
10/6/2023,11:30 AM,90,59,29.73,Clear,0,0,0,0,2,6,1
10/6/2023,12:00 PM,91,59,29.7,Clear,0,0,0,0,2,8,2
10/6/2023,12:30 PM,90,62,29.7,Clear,0,0,0,0,2,6,2
10/6/2023,1:00 PM,90,62,29.7,Rain,0,0,0,0,2,6,2
10/6/2023,1:30 PM,90,62,29.7,Clear,0,0,0,0,2,7,2
10/6/2023,2:00 PM,86,70,29.67,Rain,0,0,0,0,1,8,2
10/6/2023,2:30 PM,86,74,29.64,Rain,0,0,0,0,1,7,1
10/6/2023,3:00 PM,86,74,29.64,Rain,0,0,0,0,1,8,1
10/6/2023,3:30 PM,90,66,29.64,Rain,0,0,0,0,1,6,2
10/6/2023,4:00 PM,90,62,29.64,Rain,0,0,0,0,2,17,2
10/6/2023,4:30 PM,90,62,29.64,Rain,0,0,0,0,2,14,2
10/6/2023,5:00 PM,86,74,29.64,Rain,0,0,0,0,2,13,2
10/6/2023,5:30 PM,82,79,29.67,Rain,0,0,0,0,2,16,3
10/6/2023,6:00 PM,81,84,29.67,Clear,0,0,0,0,3,14,2
10/6/2023,6:30 PM,81,84,29.67,Clear,0,0,0,0,3,14,2
10/6/2023,7:00 PM,81,84,29.7,Clear,0,0,0,0,3,12,2
10/6/2023,7:30 PM,81,89,29.7,Clear,0,0,0,0,3,15,2
10/6/2023,8:00 PM,81,89,29.73,Clear,0,0,0,0,2,8,2
10/6/2023,8:30 PM,81,89,29.76,Clear,0,0,0,0,2,7,2
10/6/2023,9:00 PM,81,89,29.76,Clear,0,0,0,0,2,8,2
10/6/2023,9:30 PM,81,89,29.76,Clear,0,0,0,0,1,7,2
10/6/2023,10:00 PM,81,89,29.76,Clear,0,0,0,0,2,7,2
10/6/2023,10:30 PM,79,94,29.76,Clear,0,0,0,0,2,9,2
10/6/2023,11:00 PM,79,94,29.76,Clear,0,0,0,0,2,9,2
10/6/2023,11:30 PM,79,94,29.76,Clear,0,0,0,0,2,9,2
10/7/2023,12:00 AM,79,94,29.76,Clear,0,0,0,0,1,3,2
10/7/2023,12:30 AM,79,94,29.76,Clear,0,0,0,0,0,3,3
10/7/2023,1:00 AM,79,94,29.73,Clear,0,0,0,0,0,3,2
10/7/2023,1:30 AM,79,94,29.73,Clear,0,0,0,0,0,2,2
10/7/2023,2:00 AM,79,94,29.73,Clear,0,0,0,0,0,2,2
10/7/2023,2:30 AM,79,94,29.73,Clear,0,0,0,0,0,4,2
10/7/2023,3:00 AM,79,94,29.7,Clear,0,0,0,0,0,3,2
10/7/2023,3:30 AM,77,100,29.7,Clear,0,0,0,0,0,3,2
10/7/2023,4:00 AM,77,100,29.7,Clear,0,0,0,0,0,3,2
10/7/2023,4:30 AM,77,100,29.7,Clear,0,0,0,0,0,4,2
10/7/2023,5:00 AM,77,100,29.7,Clear,0,0,0,0,3,12,2
10/7/2023,5:30 AM,77,100,29.73,Clear,0,0,0,0,3,12,2
10/7/2023,6:00 AM,77,100,29.76,Mist,0,0,0,0,3,16,2
10/7/2023,6:30 AM,77,100,29.76,Mist,0,0,0,0,3,13,2
10/7/2023,7:00 AM,77,100,29.76,Mist,0,0,0,0,3,11,2
10/7/2023,7:30 AM,77,100,29.76,Mist,0,0,0,0,3,14,2
10/7/2023,8:00 AM,79,94,29.79,Clear,0,0,0,0,3,14,2
10/7/2023,8:30 AM,81,89,29.79,Clear,0,0,0,0,3,12,2
10/7/2023,9:00 AM,82,84,29.81,Clear,0,0,0,0,2,7,2
10/7/2023,9:30 AM,84,74,29.81,Clear,0,0,0,0,2,7,2
10/7/2023,10:00 AM,88,70,29.81,Clear,0,0,0,0,2,8,2
10/7/2023,10:30 AM,88,66,29.79,Clear,0,0,0,0,2,7,1
10/7/2023,11:00 AM,88,66,29.79,Clear,0,0,0,0,2,6,2
10/7/2023,11:30 AM,90,66,29.76,Clear,0,0,0,0,2,7,2
10/7/2023,12:00 PM,91,59,29.76,Clear,0,0,0,0,2,7,2
10/7/2023,12:30 PM,91,63,29.73,Clear,0,0,0,0,2,5,1
10/7/2023,1:00 PM,91,59,29.7,Rain,0,0,0,0,1,7,2
10/7/2023,1:30 PM,93,56,29.7,Rain,0,0,0,0,1,7,2
10/7/2023,2:00 PM,91,59,29.67,Clear,0,0,0,0,2,7,2
10/7/2023,3:00 PM,84,84,29.64,Rain,0,0,0,0,1,6,2
10/7/2023,3:30 PM,81,89,29.67,Rain,0,0,0,0,1,8,1
10/7/2023,4:00 PM,77,94,29.67,Rain,0,0,0,0,2,14,2
10/7/2023,4:30 PM,79,94,29.67,Rain,0,0,0,0,2,14,2
10/7/2023,5:00 PM,77,94,29.67,Rain,0,0,0,0,2,14,2
10/7/2023,5:30 PM,77,89,29.7,Clear,0,0,0,0,3,15,2
10/7/2023,6:00 PM,77,94,29.7,Clear,0,0,0,0,3,12,2
10/7/2023,6:30 PM,77,94,29.73,Clear,0,0,0,0,3,11,2
10/7/2023,7:00 PM,77,94,29.73,Clear,0,0,0,0,3,12,2
10/7/2023,7:30 PM,77,94,29.76,Clear,0,0,0,0,2,14,3
10/7/2023,8:00 PM,77,94,29.79,Clear,0,0,0,0,2,8,2
10/7/2023,8:30 PM,77,94,29.79,Clear,0,0,0,0,2,10,2
10/7/2023,9:00 PM,77,94,29.79,Clear,0,0,0,0,2,8,2
10/7/2023,9:30 PM,77,94,29.81,Clear,0,0,0,0,2,8,2
10/7/2023,10:00 PM,77,94,29.81,Clear,0,0,0,0,1,7,2
10/7/2023,10:30 PM,77,100,29.81,Clear,0,0,0,0,2,8,2
10/7/2023,11:00 PM,77,94,29.81,Clear,0,0,0,0,2,8,2
10/7/2023,11:30 PM,77,100,29.79,Clear,0,0,0,0,1,8,2
10/8/2023,12:00 AM,77,94,29.79,Clear,0,0,0,0,0,3,2
10/8/2023,12:30 AM,77,94,29.79,Clear,0,0,0,0,0,4,2
10/8/2023,1:00 AM,77,94,29.76,Clear,1,0,1,1,1,3,2
10/8/2023,1:30 AM,77,94,29.76,Clear,0,0,0,0,0,3,3
10/8/2023,2:00 AM,77,94,29.76,Clear,0,0,0,0,0,3,2
10/8/2023,2:30 AM,77,94,29.76,Clear,0,0,0,0,1,3,2
10/8/2023,3:00 AM,75,100,29.73,Clear,0,0,0,0,0,3,2
10/8/2023,3:30 AM,75,100,29.73,Mist,0,0,0,0,0,3,2
10/8/2023,4:00 AM,75,100,29.76,Clear,0,0,0,0,0,3,2
10/8/2023,4:30 AM,75,100,29.76,Clear,0,0,0,0,1,4,2
10/8/2023,5:00 AM,75,100,29.76,Clear,0,0,0,0,3,11,2
10/8/2023,5:30 AM,75,100,29.76,Clear,0,0,0,0,3,14,2
10/8/2023,6:00 AM,75,100,29.76,Mist,0,0,0,0,3,15,2
10/8/2023,6:30 AM,75,100,29.79,Mist,0,0,0,0,2,14,2
10/8/2023,7:00 AM,75,100,29.79,Mist,0,0,0,0,3,14,2
10/8/2023,7:30 AM,77,94,29.79,Mist,0,0,0,0,3,12,2
10/8/2023,8:00 AM,81,89,29.81,Mist,0,0,0,0,3,13,2
10/8/2023,8:30 AM,81,89,29.81,Clear,0,0,0,0,3,14,2
10/8/2023,9:00 AM,82,84,29.81,Clear,0,0,0,0,2,6,1
10/8/2023,9:30 AM,84,79,29.81,Clear,0,0,0,0,2,7,1
10/8/2023,10:00 AM,86,74,29.81,Clear,0,0,0,0,2,6,1
10/8/2023,10:30 AM,88,70,29.81,Clear,0,0,0,0,2,6,2
10/8/2023,11:00 AM,88,66,29.79,Clear,0,0,0,0,2,6,2
10/8/2023,11:30 AM,90,62,29.79,Clear,0,0,0,0,2,6,2
10/8/2023,12:00 PM,90,62,29.76,Clear,0,0,0,0,2,7,2
10/8/2023,12:30 PM,91,59,29.76,Clear,0,0,0,0,2,6,2
10/8/2023,1:00 PM,91,59,29.73,Clear,0,0,0,0,2,6,1
10/8/2023,1:30 PM,93,59,29.73,Clear,0,0,0,0,2,8,2
10/8/2023,2:00 PM,91,59,29.7,Clear,0,0,0,0,2,6,2
10/8/2023,2:30 PM,91,59,29.7,Clear,0,0,0,0,2,7,1
10/8/2023,3:00 PM,93,56,29.67,Clear,0,0,0,0,2,8,2
10/8/2023,3:30 PM,88,70,29.67,Rain,0,0,0,0,1,7,2
10/8/2023,4:00 PM,84,79,29.67,Rain,0,0,0,0,3,14,2
10/8/2023,4:30 PM,82,84,29.67,Clear,0,0,0,0,3,13,2
10/8/2023,5:00 PM,82,84,29.7,Clear,0,0,0,0,3,14,2
10/8/2023,5:30 PM,82,84,29.73,Clear,0,0,0,0,3,14,2
10/8/2023,6:00 PM,82,84,29.73,Clear,0,0,0,0,3,13,2
10/8/2023,6:30 PM,82,84,29.76,Clear,0,0,0,0,3,12,2
10/8/2023,7:00 PM,82,84,29.79,Clear,0,0,0,0,3,12,3
10/8/2023,7:30 PM,82,84,29.79,Clear,0,0,0,0,3,14,3
10/8/2023,8:00 PM,81,84,29.79,Clear,0,0,0,0,2,8,2
10/8/2023,8:30 PM,81,79,29.81,Clear,0,0,0,0,2,8,2
10/8/2023,9:00 PM,79,83,29.81,Clear,0,0,0,0,2,7,2
10/8/2023,9:30 PM,79,83,29.81,Clear,0,0,0,0,1,8,1
10/8/2023,10:00 PM,79,89,29.81,Clear,0,0,0,0,2,7,1
10/8/2023,10:30 PM,79,89,29.81,Clear,0,0,0,0,2,7,2
10/8/2023,11:00 PM,79,89,29.81,Clear,0,0,0,0,2,9,2
10/8/2023,11:30 PM,79,89,29.81,Clear,0,0,0,0,2,8,2
10/9/2023,12:00 AM,79,89,29.81,Clear,0,0,0,0,0,3,2
10/9/2023,12:30 AM,79,89,29.79,Clear,0,0,0,0,1,2,2
10/9/2023,1:00 AM,79,89,29.79,Clear,0,0,0,0,1,3,2
10/9/2023,1:30 AM,79,89,29.76,Clear,0,0,0,0,0,3,2
10/9/2023,2:00 AM,79,89,29.79,Clear,0,0,0,0,0,3,2
10/9/2023,2:30 AM,77,94,29.76,Clear,0,0,0,0,0,3,3
10/9/2023,3:00 AM,77,94,29.76,Clear,0,0,0,0,0,3,2
10/9/2023,3:30 AM,77,94,29.76,Clear,0,0,0,0,0,3,2
10/9/2023,4:00 AM,77,94,29.76,Clear,0,0,0,0,0,4,2
10/9/2023,4:30 AM,77,94,29.76,Clear,0,0,0,0,0,3,2
10/9/2023,5:00 AM,77,94,29.76,Clear,0,0,0,0,3,13,2
10/9/2023,5:30 AM,77,94,29.76,Clear,0,0,0,0,3,14,2
10/9/2023,6:00 AM,77,94,29.76,Mist,0,0,0,0,3,13,2
10/9/2023,6:30 AM,77,94,29.79,Mist,0,0,0,0,3,14,2
10/9/2023,7:00 AM,77,94,29.79,Mist,0,0,0,0,3,12,2
10/9/2023,7:30 AM,79,94,29.79,Mist,0,0,0,0,2,15,2
10/9/2023,8:00 AM,81,84,29.81,Mist,0,0,0,0,3,14,2
10/9/2023,8:30 AM,82,84,29.81,Clear,0,0,0,0,3,14,2
10/9/2023,9:00 AM,84,79,29.81,Clear,0,0,0,0,2,6,2
10/9/2023,9:30 AM,86,74,29.81,Clear,0,0,0,0,2,5,2
10/9/2023,10:00 AM,86,74,29.81,Clear,0,0,0,0,2,6,2
10/9/2023,10:30 AM,90,66,29.81,Clear,0,0,0,0,2,7,2
10/9/2023,11:00 AM,90,62,29.81,Clear,0,0,0,0,2,7,2
10/9/2023,11:30 AM,91,59,29.79,Clear,0,0,0,0,2,8,2
10/9/2023,12:00 PM,91,55,29.79,Clear,0,0,0,0,2,7,1
10/9/2023,12:30 PM,91,55,29.76,Clear,0,0,0,0,2,7,2
10/9/2023,1:00 PM,93,52,29.76,Clear,0,0,0,0,2,7,2
10/9/2023,1:30 PM,88,66,29.73,Clear,0,0,0,0,2,7,2
10/9/2023,2:00 PM,88,62,29.73,Clear,0,0,0,0,2,7,2
10/9/2023,2:30 PM,82,74,29.73,Clear,0,0,0,0,2,8,1
10/9/2023,3:00 PM,81,89,29.7,Rain,0,0,0,0,2,6,2
10/9/2023,3:30 PM,82,84,29.7,Rain,0,0,0,0,1,8,2
10/9/2023,4:00 PM,82,79,29.7,Clear,0,0,0,0,3,11,2
10/9/2023,4:30 PM,82,84,29.7,Clear,0,0,0,0,3,13,2
10/9/2023,5:00 PM,84,79,29.7,Clear,0,0,0,0,3,13,2
10/9/2023,5:30 PM,84,79,29.73,Clear,0,0,0,0,3,14,2
10/9/2023,6:00 PM,82,79,29.7,Clear,0,0,0,0,3,16,2
10/9/2023,6:30 PM,81,79,29.73,Clear,0,0,0,0,3,13,2
10/9/2023,7:00 PM,81,79,29.73,Clear,0,0,0,0,3,14,2
10/9/2023,7:30 PM,79,89,29.76,Clear,0,0,0,0,3,14,2
10/9/2023,8:00 PM,79,89,29.79,Clear,0,0,0,0,2,7,1
10/9/2023,8:30 PM,79,83,29.79,Clear,0,0,0,0,2,7,2
10/9/2023,9:00 PM,79,89,29.79,Clear,0,0,0,0,2,8,2
10/9/2023,9:30 PM,79,89,29.81,Clear,0,0,0,0,2,8,2
10/9/2023,10:00 PM,79,89,29.81,Clear,0,0,0,0,2,8,2
10/9/2023,10:30 PM,79,89,29.81,Clear,0,0,0,0,2,8,2
10/9/2023,11:00 PM,77,94,29.81,Clear,0,0,0,0,2,7,1
10/9/2023,11:30 PM,79,89,29.81,Clear,0,0,0,0,2,8,2
10/10/2023,12:00 AM,79,89,29.79,Clear,0,0,0,0,0,3,2
10/10/2023,12:30 AM,77,94,29.79,Clear,0,0,0,0,1,4,2
10/10/2023,1:00 AM,77,94,29.76,Clear,0,0,0,0,0,3,2
10/10/2023,1:30 AM,77,94,29.76,Clear,0,0,0,0,0,3,2
10/10/2023,2:00 AM,77,94,29.76,Clear,0,0,0,0,1,3,2
10/10/2023,2:30 AM,77,94,29.76,Clear,0,0,0,0,0,4,3
10/10/2023,3:00 AM,77,94,29.73,Clear,0,0,0,0,0,3,2
10/10/2023,3:30 AM,77,94,29.73,Clear,0,0,0,0,0,4,2
10/10/2023,4:00 AM,75,100,29.73,Clear,0,0,0,0,0,3,2
10/10/2023,4:30 AM,75,100,29.73,Clear,0,0,0,0,0,4,2
10/10/2023,5:00 AM,75,94,29.73,Clear,0,0,0,0,3,14,2
10/10/2023,5:30 AM,75,100,29.73,Clear,0,0,0,0,2,15,1
10/10/2023,6:00 AM,75,94,29.73,Clear,0,0,0,0,3,15,2
10/10/2023,6:30 AM,75,100,29.76,Clear,0,0,0,0,3,13,2
10/10/2023,7:00 AM,77,94,29.76,Clear,0,0,0,0,3,16,2
10/10/2023,7:30 AM,79,89,29.76,Clear,0,0,0,0,3,15,2
10/10/2023,8:00 AM,82,84,29.79,Clear,0,0,0,0,3,17,2
10/10/2023,8:30 AM,81,89,29.79,Clear,0,0,0,0,3,12,2
10/10/2023,9:00 AM,84,79,29.79,Clear,0,0,0,0,2,6,1
10/10/2023,9:30 AM,86,74,29.81,Clear,0,0,0,0,2,7,1
10/10/2023,10:00 AM,88,66,29.81,Clear,0,0,0,0,2,7,2
10/10/2023,10:30 AM,90,62,29.79,Clear,0,0,0,0,2,5,2
10/10/2023,11:00 AM,91,59,29.79,Clear,0,0,0,0,2,6,2
10/10/2023,11:30 AM,91,59,29.76,Clear,0,0,0,0,2,6,1
10/10/2023,12:00 PM,90,59,29.76,Clear,0,0,0,0,2,7,2
10/10/2023,12:30 PM,91,55,29.73,Rain,0,0,0,0,1,8,2
10/10/2023,1:00 PM,93,52,29.7,Rain,0,0,0,0,1,8,2
10/10/2023,1:30 PM,90,59,29.7,Rain,0,0,0,0,1,7,2
10/10/2023,2:00 PM,88,62,29.67,Clear,0,0,0,0,2,7,1
10/10/2023,2:30 PM,90,62,29.67,Rain,0,0,0,0,1,7,2
10/10/2023,3:00 PM,88,70,29.67,Rain,0,0,0,0,1,7,2
10/10/2023,3:30 PM,88,70,29.67,Clear,0,0,0,0,2,7,2
10/10/2023,4:00 PM,82,79,29.67,Rain,0,0,0,0,2,15,2
10/10/2023,4:30 PM,82,79,29.67,Rain,0,0,0,0,2,12,2
10/10/2023,5:00 PM,81,84,29.67,Rain,0,0,0,0,2,15,2
10/10/2023,5:30 PM,82,79,29.67,Clear,0,0,0,0,3,15,2
10/10/2023,6:00 PM,82,79,29.67,Clear,0,0,0,0,3,16,2
10/10/2023,6:30 PM,82,79,29.7,Clear,0,0,0,0,3,14,2
10/10/2023,7:00 PM,81,89,29.7,Clear,0,0,0,0,3,15,3
10/10/2023,7:30 PM,81,89,29.73,Clear,0,0,0,0,2,14,2
10/10/2023,8:00 PM,79,94,29.76,Clear,0,0,0,0,2,8,2
10/10/2023,8:30 PM,79,94,29.76,Clear,0,0,0,0,2,8,2
10/10/2023,9:00 PM,79,94,29.76,Clear,0,0,0,0,2,8,1
10/10/2023,9:30 PM,79,94,29.79,Clear,0,0,0,0,2,8,2
10/10/2023,10:00 PM,81,89,29.79,Clear,0,0,0,0,2,8,2
10/10/2023,10:30 PM,79,94,29.79,Clear,0,0,0,0,2,9,2
10/10/2023,11:00 PM,79,94,29.79,Clear,0,0,0,0,2,9,2
10/10/2023,11:30 PM,79,94,29.79,Clear,0,0,0,0,2,9,2
10/11/2023,12:00 AM,79,94,29.79,Clear,0,0,0,0,1,3,2
10/11/2023,12:30 AM,79,94,29.79,Clear,0,0,0,0,0,3,2
10/11/2023,1:00 AM,79,94,29.76,Clear,0,0,0,0,0,3,2
10/11/2023,1:30 AM,79,94,29.73,Clear,0,0,0,0,0,3,2
10/11/2023,2:00 AM,79,94,29.73,Clear,0,0,0,0,0,3,2
10/11/2023,2:30 AM,77,100,29.73,Clear,0,0,0,0,0,3,2
10/11/2023,3:00 AM,77,100,29.73,Clear,0,0,0,0,0,3,2
10/11/2023,3:30 AM,77,100,29.73,Clear,0,0,0,0,0,3,2
10/11/2023,4:00 AM,77,94,29.73,Mist,0,0,0,0,1,3,3
10/11/2023,4:30 AM,77,94,29.7,Mist,0,0,0,0,0,4,2
10/11/2023,5:00 AM,77,94,29.73,Mist,0,0,0,0,3,11,2
10/11/2023,5:30 AM,77,94,29.73,Mist,0,0,0,0,3,14,1
10/11/2023,6:00 AM,77,94,29.73,Mist,0,0,0,0,2,14,2
10/11/2023,6:30 AM,77,94,29.73,Clear,0,0,0,0,3,15,2
10/11/2023,7:00 AM,77,94,29.76,Clear,0,0,0,0,2,16,2
10/11/2023,7:30 AM,79,94,29.76,Clear,0,0,0,0,3,16,2
10/11/2023,8:00 AM,82,84,29.79,Clear,0,0,0,0,3,14,2
10/11/2023,8:30 AM,84,79,29.79,Clear,0,0,0,0,3,14,2
10/11/2023,9:00 AM,84,79,29.79,Clear,0,0,0,0,2,6,2
10/11/2023,9:30 AM,86,74,29.79,Clear,0,0,0,0,2,6,2
10/11/2023,10:00 AM,88,66,29.79,Clear,0,0,0,0,2,6,2
10/11/2023,10:30 AM,90,62,29.79,Clear,0,0,0,0,2,6,1
10/11/2023,11:00 AM,91,55,29.79,Clear,0,0,0,0,2,8,2
10/11/2023,11:30 AM,91,55,29.76,Clear,0,0,0,0,2,8,2
10/11/2023,12:00 PM,93,56,29.73,Clear,0,0,0,0,2,7,2
10/11/2023,12:30 PM,91,55,29.73,Clear,0,0,0,0,2,7,2
10/11/2023,1:00 PM,91,55,29.7,Clear,0,0,0,0,2,6,1
10/11/2023,1:30 PM,91,63,29.7,Rain,0,0,0,0,1,7,2
10/11/2023,2:00 PM,90,66,29.67,Clear,0,0,0,0,2,6,1
10/11/2023,2:30 PM,91,66,29.67,Clear,0,0,0,0,2,7,2
10/11/2023,3:00 PM,90,70,29.64,Clear,0,0,0,0,2,7,1
10/11/2023,3:30 PM,91,63,29.64,Rain,0,0,0,0,1,8,2
10/11/2023,4:00 PM,90,62,29.64,Rain,0,0,0,0,2,14,2
10/11/2023,4:30 PM,88,66,29.64,Rain,0,0,0,0,2,14,2
10/11/2023,5:00 PM,84,74,29.67,Clear,0,0,0,0,3,13,2
10/11/2023,5:30 PM,77,100,29.7,Clear,0,0,0,0,3,15,2
10/11/2023,6:00 PM,77,100,29.7,Clear,0,0,0,0,3,15,2
10/11/2023,6:30 PM,77,94,29.73,Rain,0,0,0,0,2,15,2
10/11/2023,7:00 PM,77,100,29.73,Clear,0,0,0,0,3,15,2
10/11/2023,7:30 PM,77,100,29.76,Clear,0,0,0,0,3,15,2
10/11/2023,8:00 PM,77,100,29.76,Clear,0,0,0,0,2,9,2
10/11/2023,8:30 PM,77,100,29.79,Rain,0,0,0,0,1,8,2
10/11/2023,9:00 PM,79,94,29.79,Clear,0,0,0,0,2,8,2
10/11/2023,9:30 PM,79,94,29.81,Clear,0,0,0,0,2,8,1
10/11/2023,10:00 PM,77,100,29.81,Clear,0,0,0,0,2,8,2
10/11/2023,10:30 PM,79,94,29.81,Clear,0,0,0,0,2,7,2
10/11/2023,11:00 PM,79,94,29.81,Clear,0,0,0,0,2,8,2
10/11/2023,11:30 PM,79,94,29.79,Clear,0,0,0,0,2,7,2
10/12/2023,12:00 AM,79,94,29.79,Clear,0,0,0,0,0,3,2
10/12/2023,12:30 AM,79,94,29.79,Clear,0,0,0,0,0,4,2
10/12/2023,1:00 AM,79,94,29.79,Clear,0,0,0,0,0,3,2
10/12/2023,1:30 AM,79,94,29.79,Clear,0,0,0,0,0,3,2
10/12/2023,2:00 AM,77,100,29.76,Clear,0,0,0,0,0,3,2
10/12/2023,2:30 AM,77,100,29.76,Clear,0,0,0,0,1,3,2
10/12/2023,3:00 AM,77,100,29.73,Clear,0,0,0,0,0,3,2
10/12/2023,3:30 AM,77,100,29.73,Clear,0,0,0,0,0,3,2
10/12/2023,4:00 AM,77,100,29.73,Clear,0,0,0,0,0,3,3
10/12/2023,4:30 AM,77,100,29.73,Clear,0,0,0,0,1,4,2
10/12/2023,5:00 AM,77,100,29.73,Clear,0,0,0,0,3,15,2
10/12/2023,5:30 AM,77,94,29.76,Clear,0,0,0,0,3,14,2
10/12/2023,6:00 AM,77,94,29.76,Mist,0,0,0,0,3,14,2
10/12/2023,6:30 AM,77,94,29.79,Mist,0,0,0,0,3,13,2
10/12/2023,7:00 AM,77,94,29.79,Mist,0,0,0,0,3,13,2
10/12/2023,7:30 AM,77,94,29.81,Mist,0,0,0,0,3,14,2
10/12/2023,8:00 AM,77,94,29.81,Mist,0,0,0,0,2,15,2
10/12/2023,8:30 AM,77,100,29.81,Clear,0,0,0,0,3,15,2
10/12/2023,9:00 AM,81,89,29.81,Clear,0,0,0,0,2,7,2
10/12/2023,9:30 AM,82,84,29.81,Clear,0,0,0,0,2,6,2
10/12/2023,10:00 AM,84,84,29.81,Clear,0,0,0,0,2,6,2
10/12/2023,10:30 AM,86,74,29.81,Clear,0,0,0,0,2,7,2
10/12/2023,11:00 AM,88,70,29.81,Clear,0,0,0,0,2,7,1
10/12/2023,11:30 AM,90,66,29.79,Clear,0,0,0,0,3,7,1
10/12/2023,12:00 PM,90,62,29.79,Clear,0,0,0,0,2,8,2
10/12/2023,12:30 PM,91,63,29.76,Clear,0,0,0,0,2,6,2
10/12/2023,1:00 PM,91,59,29.73,Clear,0,0,0,0,2,7,2
10/12/2023,1:30 PM,91,63,29.73,Clear,0,0,0,0,2,7,2
10/12/2023,2:00 PM,91,59,29.7,Clear,0,0,0,0,2,6,2
10/12/2023,2:30 PM,93,59,29.67,Clear,0,0,0,0,2,5,2
10/12/2023,3:00 PM,93,56,29.67,Rain,0,0,0,0,1,6,2
10/12/2023,3:30 PM,88,75,29.67,Rain,0,0,0,0,1,7,2
10/12/2023,4:00 PM,81,84,29.67,Rain,0,0,0,0,2,12,2
10/12/2023,4:30 PM,81,84,29.7,Rain,0,0,0,0,2,13,2
10/12/2023,5:00 PM,77,94,29.73,Clear,0,0,0,0,3,13,2
10/12/2023,5:30 PM,77,94,29.73,Rain,0,0,0,0,2,14,3
10/12/2023,6:00 PM,77,94,29.76,Rain,0,0,0,0,2,15,2
10/12/2023,6:30 PM,77,94,29.76,Rain,0,0,0,0,2,14,2
10/12/2023,7:00 PM,77,94,29.79,Rain,0,0,0,0,2,15,2
10/12/2023,7:30 PM,77,94,29.79,Rain,0,0,0,0,2,15,2
10/12/2023,8:00 PM,77,94,29.79,Clear,0,0,0,0,1,7,1
10/12/2023,8:30 PM,77,94,29.81,Clear,0,0,0,0,2,8,2
10/12/2023,9:00 PM,77,94,29.81,Clear,0,0,0,0,2,8,2
10/12/2023,9:30 PM,77,94,29.81,Clear,0,0,0,0,2,8,2
10/12/2023,10:00 PM,77,94,29.81,Clear,0,0,0,0,2,7,2
10/12/2023,10:30 PM,77,94,29.81,Clear,0,0,0,0,2,7,2
10/12/2023,11:00 PM,77,94,29.81,Clear,0,0,0,0,2,7,1
10/12/2023,11:30 PM,77,94,29.81,Clear,0,0,0,0,2,8,2
10/13/2023,12:00 AM,75,100,29.81,Clear,0,0,0,0,0,3,2
10/13/2023,12:30 AM,75,100,29.81,Clear,0,0,0,0,0,3,2
10/13/2023,1:00 AM,75,100,29.79,Clear,0,0,0,0,0,3,2
10/13/2023,1:30 AM,75,100,29.79,Clear,0,0,0,0,0,3,2
10/13/2023,2:00 AM,77,94,29.79,Clear,0,0,0,0,0,3,2
10/13/2023,2:30 AM,77,94,29.76,Clear,0,0,0,0,0,3,2
10/13/2023,3:00 AM,75,100,29.76,Clear,0,0,0,0,0,3,2
10/13/2023,3:30 AM,77,94,29.76,Clear,0,0,0,0,0,3,2
10/13/2023,4:00 AM,75,100,29.76,Clear,0,0,0,0,0,3,2
10/13/2023,4:30 AM,75,100,29.76,Clear,0,0,0,0,0,3,2
10/13/2023,5:00 AM,75,100,29.76,Clear,0,0,0,0,3,14,1
10/13/2023,5:30 AM,75,100,29.79,Clear,0,0,0,0,3,11,2
10/13/2023,6:00 AM,75,100,29.79,Mist,0,0,0,0,3,16,2
10/13/2023,6:30 AM,75,100,29.79,Mist,0,0,0,0,3,14,1
10/13/2023,7:00 AM,77,94,29.79,Mist,0,0,0,0,3,15,1
10/13/2023,7:30 AM,77,100,29.81,Mist,0,0,0,0,3,13,2
10/13/2023,8:00 AM,77,100,29.81,Mist,0,0,0,0,3,15,2
10/13/2023,8:30 AM,81,89,29.81,Mist,0,0,0,0,3,14,2
10/13/2023,9:00 AM,82,84,29.81,Clear,0,0,0,0,2,8,2
10/13/2023,9:30 AM,86,79,29.84,Clear,0,0,0,0,2,6,2
10/13/2023,10:00 AM,88,70,29.81,Clear,0,0,0,0,2,7,2
10/13/2023,10:30 AM,88,70,29.81,Clear,0,0,0,0,2,6,2
10/13/2023,11:00 AM,90,66,29.79,Clear,0,0,0,0,2,6,2
10/13/2023,11:30 AM,90,62,29.79,Clear,0,0,0,0,2,6,2
10/13/2023,12:00 PM,91,66,29.76,Rain,0,0,0,0,1,7,2
10/13/2023,12:30 PM,91,59,29.76,Rain,0,0,0,0,1,9,2
10/13/2023,1:00 PM,90,66,29.73,Clear,0,0,0,0,2,6,2
10/13/2023,1:30 PM,91,59,29.7,Clear,0,0,0,0,2,8,1
10/13/2023,2:00 PM,91,59,29.7,Rain,0,0,0,0,1,7,2
10/13/2023,2:30 PM,93,52,29.67,Rain,0,0,0,0,2,7,2
10/13/2023,3:00 PM,90,66,29.67,Rain,0,0,0,0,2,7,1
10/13/2023,3:30 PM,88,66,29.67,Rain,0,0,0,0,1,8,1
10/13/2023,4:00 PM,84,79,29.7,Rain,0,0,0,0,2,16,2
10/13/2023,4:30 PM,77,94,29.7,Rain,0,0,0,0,2,16,2
10/13/2023,5:00 PM,79,89,29.7,Rain,0,0,0,0,2,15,3
10/13/2023,5:30 PM,79,94,29.7,Clear,0,0,0,0,3,11,2
10/13/2023,6:00 PM,79,94,29.73,Clear,0,0,0,0,3,11,2
10/13/2023,6:30 PM,79,94,29.73,Clear,0,0,0,0,3,14,2
10/13/2023,7:00 PM,79,94,29.76,Clear,0,0,0,0,3,12,2
10/13/2023,7:30 PM,79,94,29.76,Clear,0,0,0,0,3,14,2
10/13/2023,8:00 PM,79,94,29.76,Clear,0,0,0,0,2,7,2
10/13/2023,8:30 PM,79,94,29.76,Clear,0,0,0,0,2,7,2
10/13/2023,9:00 PM,79,94,29.79,Clear,0,0,0,0,2,6,2
10/13/2023,9:30 PM,79,100,29.79,Clear,0,0,0,0,2,9,1
10/13/2023,10:00 PM,79,94,29.79,Clear,0,0,0,0,2,6,2
10/13/2023,10:30 PM,79,94,29.79,Clear,0,0,0,0,2,7,2
10/13/2023,11:00 PM,79,94,29.81,Clear,0,0,0,0,2,8,2
10/13/2023,11:30 PM,79,94,29.79,Clear,0,0,0,0,2,6,2
10/14/2023,12:00 AM,79,100,29.79,Clear,0,0,0,0,0,3,2
10/14/2023,12:30 AM,79,100,29.79,Clear,0,0,0,0,1,3,2
10/14/2023,1:00 AM,79,100,29.79,Clear,0,0,0,0,0,4,2
10/14/2023,1:30 AM,79,100,29.76,Clear,0,0,0,0,0,3,2
10/14/2023,2:00 AM,79,94,29.76,Clear,0,0,0,0,0,3,2
10/14/2023,2:30 AM,79,94,29.76,Clear,0,0,0,0,0,3,2
10/14/2023,3:00 AM,79,94,29.73,Clear,0,0,0,0,0,4,2
10/14/2023,3:30 AM,79,94,29.73,Clear,0,0,0,0,0,3,2
10/14/2023,4:00 AM,79,94,29.73,Clear,0,0,0,0,0,3,3
10/14/2023,4:30 AM,79,94,29.73,Clear,0,0,0,0,0,3,2
10/14/2023,5:00 AM,79,94,29.73,Clear,0,0,0,0,2,14,2
10/14/2023,5:30 AM,77,100,29.73,Clear,0,0,0,0,3,14,1
10/14/2023,6:00 AM,77,100,29.76,Mist,0,0,0,0,3,16,2
10/14/2023,6:30 AM,79,94,29.76,Mist,0,0,0,0,3,13,2
10/14/2023,7:00 AM,79,94,29.76,Mist,0,0,0,0,3,13,2
10/14/2023,7:30 AM,79,94,29.76,Mist,0,0,0,0,3,15,2
10/14/2023,8:00 AM,81,89,29.76,Clear,0,0,0,0,2,13,2
10/14/2023,8:30 AM,82,89,29.79,Clear,0,0,0,0,3,12,1
10/14/2023,9:00 AM,84,84,29.79,Clear,0,0,0,0,2,8,2
10/14/2023,9:30 AM,88,75,29.79,Clear,0,0,0,0,2,6,2
10/14/2023,10:00 AM,88,70,29.79,Clear,0,0,0,0,2,7,1
10/14/2023,10:30 AM,88,70,29.79,Clear,0,0,0,0,2,7,2
10/14/2023,11:00 AM,90,70,29.76,Clear,0,0,0,0,2,9,2
10/14/2023,11:30 AM,91,55,29.76,Clear,0,0,0,0,1,7,1
10/14/2023,12:00 PM,91,59,29.73,Clear,0,0,0,0,2,7,2
10/14/2023,12:30 PM,93,56,29.73,Clear,0,0,0,0,2,7,2
10/14/2023,1:00 PM,93,56,29.7,Rain,0,0,0,0,1,7,2
10/14/2023,1:30 PM,90,62,29.7,Clear,0,0,0,0,2,8,2
10/14/2023,2:00 PM,86,74,29.67,Clear,0,0,0,0,2,7,2
10/14/2023,2:30 PM,86,74,29.67,Clear,0,0,0,0,2,7,2
10/14/2023,3:00 PM,91,59,29.64,Clear,0,0,0,0,2,7,2
10/14/2023,3:30 PM,91,59,29.64,Clear,0,0,0,0,2,5,2
10/14/2023,4:00 PM,91,59,29.64,Clear,0,0,0,0,3,14,2
10/14/2023,4:30 PM,90,59,29.64,Clear,0,0,0,0,3,14,2
10/14/2023,5:00 PM,90,59,29.64,Clear,0,0,0,0,3,16,2
10/14/2023,5:30 PM,88,66,29.67,Clear,0,0,0,0,3,14,3
10/14/2023,6:00 PM,88,66,29.7,Clear,0,0,0,0,3,13,2
10/14/2023,6:30 PM,86,70,29.7,Clear,0,0,0,0,3,14,2
10/14/2023,7:00 PM,84,74,29.7,Clear,0,0,0,0,3,15,2
10/14/2023,7:30 PM,84,74,29.73,Clear,0,0,0,0,3,13,2
10/14/2023,8:00 PM,84,74,29.73,Clear,0,0,0,0,2,7,2
10/14/2023,8:30 PM,84,74,29.73,Clear,0,0,0,0,1,8,2
10/14/2023,9:00 PM,82,79,29.76,Clear,0,0,0,0,2,8,2
10/14/2023,9:30 PM,82,84,29.76,Clear,0,0,0,0,2,8,1
10/14/2023,10:00 PM,82,84,29.76,Clear,0,0,0,0,2,7,2
10/14/2023,10:30 PM,81,89,29.76,Clear,0,0,0,0,1,7,2
10/14/2023,11:00 PM,81,89,29.76,Clear,0,0,0,0,2,7,2
10/14/2023,11:30 PM,81,89,29.76,Clear,0,0,0,0,1,7,2
10/15/2023,12:00 AM,79,94,29.76,Clear,0,0,0,0,0,3,2
10/15/2023,12:30 AM,81,89,29.76,Clear,0,0,0,0,0,4,2
10/15/2023,1:00 AM,79,94,29.73,Clear,0,0,0,0,0,3,2
10/15/2023,1:30 AM,79,94,29.73,Clear,0,0,0,0,0,4,3
10/15/2023,2:00 AM,79,94,29.73,Clear,0,0,0,0,0,3,2
10/15/2023,2:30 AM,79,94,29.73,Clear,0,0,0,0,0,2,2
10/15/2023,3:00 AM,79,89,29.7,Clear,0,0,0,0,0,3,2
10/15/2023,3:30 AM,79,89,29.7,Clear,0,0,0,0,0,3,3
10/15/2023,4:00 AM,79,89,29.7,Clear,0,0,0,0,0,3,2
10/15/2023,4:30 AM,79,89,29.7,Clear,0,0,0,0,0,3,2
10/15/2023,5:00 AM,79,89,29.73,Clear,0,0,0,0,3,14,2
10/15/2023,5:30 AM,77,94,29.7,Clear,0,0,0,0,3,13,2
10/15/2023,6:00 AM,77,94,29.7,Clear,0,0,0,0,3,14,2
10/15/2023,6:30 AM,77,94,29.73,Clear,0,0,0,0,3,12,2
10/15/2023,7:00 AM,77,94,29.73,Clear,0,0,0,0,3,14,2
10/15/2023,7:30 AM,77,94,29.73,Clear,0,0,0,0,3,16,2
10/15/2023,8:00 AM,79,89,29.76,Clear,0,0,0,0,3,14,1
10/15/2023,8:30 AM,79,89,29.76,Clear,0,0,0,0,3,14,2
10/15/2023,9:00 AM,81,84,29.76,Clear,0,0,0,0,2,7,1
10/15/2023,9:30 AM,82,79,29.76,Clear,0,0,0,0,2,7,1
10/15/2023,10:00 AM,82,79,29.73,Clear,0,0,0,0,2,7,2
10/15/2023,10:30 AM,84,74,29.73,Clear,0,0,0,0,2,6,2
10/15/2023,11:00 AM,86,74,29.73,Clear,0,0,0,0,2,6,2
10/15/2023,11:30 AM,88,70,29.73,Clear,0,0,0,0,2,6,2
10/15/2023,12:00 PM,88,70,29.73,Clear,0,0,0,0,2,6,2
10/15/2023,12:30 PM,88,70,29.73,Clear,0,0,0,0,2,6,1
10/15/2023,1:00 PM,88,70,29.7,Rain,0,0,0,0,1,8,2
10/15/2023,1:30 PM,90,66,29.67,Clear,0,0,0,0,2,6,1
10/15/2023,2:00 PM,88,66,29.67,Clear,0,0,0,0,2,6,2
10/15/2023,2:30 PM,88,66,29.64,Clear,0,0,0,0,2,8,1
10/15/2023,3:00 PM,88,66,29.64,Rain,0,0,0,0,2,8,1
10/15/2023,3:30 PM,86,70,29.64,Clear,0,0,0,0,2,7,1
10/15/2023,4:00 PM,86,74,29.64,Clear,0,0,0,0,3,14,2
10/15/2023,4:30 PM,86,70,29.64,Rain,0,0,0,0,2,16,2
10/15/2023,5:00 PM,82,79,29.64,Rain,0,0,0,0,2,15,2
10/15/2023,5:30 PM,79,94,29.67,Rain,0,0,0,0,2,19,3
10/15/2023,6:00 PM,77,94,29.7,Rain,0,0,0,0,2,16,2
10/15/2023,6:30 PM,77,100,29.7,Rain,0,0,0,0,2,14,2
10/15/2023,7:00 PM,79,94,29.7,Rain,0,0,0,0,2,13,3
10/15/2023,7:30 PM,79,89,29.73,Rain,0,0,0,0,2,17,2
10/15/2023,8:00 PM,77,89,29.73,Clear,0,0,0,0,2,8,2
10/15/2023,8:30 PM,77,89,29.76,Clear,0,0,0,0,2,9,2
10/15/2023,9:00 PM,77,89,29.76,Clear,0,0,0,0,2,8,2
10/15/2023,9:30 PM,77,89,29.76,Clear,0,0,0,0,2,8,2
10/15/2023,10:00 PM,77,89,29.73,Clear,0,0,0,0,1,7,1
10/15/2023,10:30 PM,77,89,29.73,Clear,0,0,0,0,2,8,2
10/15/2023,11:00 PM,77,94,29.73,Clear,0,0,0,0,2,8,1
10/15/2023,11:30 PM,77,94,29.73,Clear,0,0,0,0,2,7,2
10/16/2023,12:00 AM,77,94,29.73,Clear,0,0,0,0,0,3,2
10/16/2023,12:30 AM,77,94,29.73,Clear,0,0,0,0,1,3,2
10/16/2023,1:00 AM,77,89,29.7,Clear,0,0,0,0,0,3,2
10/16/2023,1:30 AM,77,94,29.7,Clear,0,0,0,0,0,3,2
10/16/2023,2:00 AM,77,94,29.7,Clear,0,0,0,0,0,3,2
10/16/2023,2:30 AM,77,94,29.7,Clear,0,0,0,0,0,3,2
10/16/2023,3:00 AM,77,94,29.7,Clear,0,0,0,0,0,3,2
10/16/2023,3:30 AM,77,94,29.67,Clear,0,0,0,0,0,4,2
10/16/2023,4:00 AM,77,94,29.67,Clear,0,0,0,0,1,4,3
10/16/2023,4:30 AM,77,94,29.67,Clear,0,0,0,0,0,3,3
10/16/2023,5:00 AM,75,94,29.7,Clear,0,0,0,0,3,15,2
10/16/2023,5:30 AM,75,94,29.7,Clear,0,0,0,0,3,13,2
10/16/2023,6:00 AM,75,94,29.73,Clear,0,0,0,0,3,14,2
10/16/2023,6:30 AM,77,94,29.73,Clear,0,0,0,0,3,16,1
10/16/2023,7:00 AM,77,94,29.73,Clear,0,0,0,0,3,14,2
10/16/2023,7:30 AM,79,89,29.76,Clear,0,0,0,0,3,12,2
10/16/2023,8:00 AM,79,89,29.76,Clear,0,0,0,0,3,13,2
10/16/2023,8:30 AM,81,89,29.76,Clear,0,0,0,0,3,12,2
10/16/2023,9:00 AM,82,79,29.76,Clear,0,0,0,0,2,6,2
10/16/2023,9:30 AM,84,79,29.79,Clear,0,0,0,0,2,8,2
10/16/2023,10:00 AM,88,62,29.76,Clear,0,0,0,0,2,7,2
10/16/2023,10:30 AM,88,62,29.76,Clear,0,0,0,0,2,7,2
10/16/2023,11:00 AM,88,66,29.76,Clear,0,0,0,0,2,7,2
10/16/2023,11:30 AM,88,66,29.73,Clear,0,0,0,0,2,8,2
10/16/2023,12:00 PM,88,66,29.73,Clear,0,0,0,0,2,7,2
10/16/2023,12:30 PM,86,70,29.73,Clear,0,0,0,0,2,7,2
10/16/2023,1:00 PM,90,62,29.7,Clear,0,0,0,0,2,6,2
10/16/2023,1:30 PM,90,66,29.67,Clear,0,0,0,0,2,7,2
10/16/2023,2:00 PM,90,62,29.67,Clear,0,0,0,0,2,8,2
10/16/2023,2:30 PM,90,62,29.64,Rain,0,0,0,0,1,7,2
10/16/2023,3:00 PM,88,66,29.64,Clear,0,0,0,0,2,6,2
10/16/2023,3:30 PM,90,62,29.64,Rain,0,0,0,0,1,8,1
10/16/2023,4:00 PM,88,62,29.64,Clear,0,0,0,0,3,15,2
10/16/2023,4:30 PM,88,62,29.64,Clear,0,0,0,0,3,13,2
10/16/2023,5:00 PM,88,66,29.64,Clear,0,0,0,0,3,13,2
10/16/2023,5:30 PM,86,70,29.64,Clear,0,0,0,0,3,15,3
10/16/2023,6:00 PM,84,74,29.67,Clear,0,0,0,0,3,16,2
10/16/2023,6:30 PM,84,74,29.67,Clear,0,0,0,0,3,12,2
10/16/2023,7:00 PM,82,79,29.67,Clear,0,0,0,0,3,15,2
10/16/2023,7:30 PM,82,79,29.7,Clear,0,0,0,0,3,12,2
10/16/2023,8:00 PM,81,84,29.7,Clear,0,0,0,0,2,9,2
10/16/2023,8:30 PM,81,84,29.73,Clear,0,0,0,0,2,8,2
10/16/2023,9:00 PM,81,84,29.73,Clear,0,0,0,0,2,8,2
10/16/2023,9:30 PM,81,84,29.76,Clear,0,0,0,0,2,8,2
10/16/2023,10:00 PM,81,89,29.76,Clear,0,0,0,0,2,7,2
10/16/2023,10:30 PM,79,94,29.76,Clear,0,0,0,0,2,7,2
10/16/2023,11:00 PM,79,94,29.76,Clear,0,0,0,0,2,8,2
10/16/2023,11:30 PM,79,94,29.76,Clear,0,0,0,0,1,8,2
10/17/2023,12:00 AM,79,94,29.76,Clear,0,0,0,0,0,3,2
10/17/2023,12:30 AM,79,94,29.73,Clear,0,0,0,0,1,4,2
10/17/2023,1:00 AM,79,94,29.73,Clear,0,0,0,0,1,3,2
10/17/2023,1:30 AM,79,94,29.73,Clear,0,0,0,0,0,3,2
10/17/2023,2:00 AM,79,94,29.73,Clear,0,0,0,0,1,3,2
10/17/2023,2:30 AM,79,94,29.73,Clear,0,0,0,0,0,4,2
10/17/2023,3:00 AM,79,94,29.7,Clear,0,0,0,0,0,3,2
10/17/2023,3:30 AM,79,94,29.7,Clear,0,0,0,0,0,3,2
10/17/2023,4:00 AM,79,94,29.7,Clear,0,0,0,0,0,3,2
10/17/2023,4:30 AM,79,94,29.7,Clear,0,0,0,0,0,3,3
10/17/2023,5:00 AM,79,94,29.73,Clear,0,0,0,0,2,13,2
10/17/2023,5:30 AM,79,94,29.73,Clear,0,0,0,0,3,14,2
10/17/2023,6:00 AM,77,100,29.73,Clear,0,0,0,0,3,14,2
10/17/2023,6:30 AM,79,94,29.76,Clear,0,0,0,0,3,13,2
10/17/2023,7:00 AM,79,94,29.76,Clear,0,0,0,0,3,14,2
10/17/2023,7:30 AM,79,89,29.79,Clear,0,0,0,0,3,14,2
10/17/2023,8:00 AM,79,94,29.79,Clear,0,0,0,0,3,12,2
10/17/2023,8:30 AM,79,89,29.81,Clear,0,0,0,0,3,14,2
10/17/2023,9:00 AM,81,84,29.81,Clear,0,0,0,0,2,7,2
10/17/2023,9:30 AM,82,79,29.81,Clear,0,0,0,0,2,7,2
10/17/2023,10:00 AM,82,79,29.79,Clear,0,0,0,0,2,7,1
10/17/2023,10:30 AM,82,79,29.79,Clear,0,0,0,0,2,6,2
10/17/2023,11:00 AM,84,74,29.79,Clear,0,0,0,0,2,7,2
10/17/2023,11:30 AM,84,74,29.79,Clear,0,0,0,0,2,7,2
10/17/2023,12:00 PM,84,74,29.79,Clear,0,0,0,0,2,6,2
10/17/2023,12:30 PM,86,70,29.76,Rain,0,0,0,0,1,7,2
10/17/2023,1:00 PM,86,66,29.73,Rain,0,0,0,0,1,7,2
10/17/2023,1:30 PM,86,66,29.73,Clear,0,0,0,0,2,8,2
10/17/2023,2:00 PM,88,66,29.73,Clear,0,0,0,0,2,7,2
10/17/2023,2:30 PM,86,70,29.7,Clear,0,0,0,0,2,6,2
10/17/2023,3:00 PM,84,74,29.7,Clear,0,0,0,0,2,6,2
10/17/2023,3:30 PM,84,74,29.7,Rain,0,0,0,0,1,7,2
10/17/2023,4:00 PM,84,74,29.7,Clear,0,0,0,0,3,14,2
10/17/2023,4:30 PM,82,79,29.7,Clear,0,0,0,0,3,13,3
10/17/2023,5:00 PM,82,79,29.7,Clear,0,0,0,0,3,14,2
10/17/2023,5:30 PM,82,74,29.7,Clear,0,0,0,0,3,13,2
10/17/2023,6:00 PM,81,79,29.7,Clear,0,0,0,0,3,12,2
10/17/2023,6:30 PM,81,79,29.7,Clear,0,0,0,0,3,14,2
10/17/2023,7:00 PM,79,83,29.73,Clear,0,0,0,0,3,11,2
10/17/2023,7:30 PM,79,83,29.73,Clear,0,0,0,0,3,15,2
10/17/2023,8:00 PM,79,89,29.76,Clear,0,0,0,0,1,7,2
10/17/2023,8:30 PM,79,89,29.79,Clear,0,0,0,0,2,8,2
10/17/2023,9:00 PM,79,89,29.79,Clear,0,0,0,0,2,8,2
10/17/2023,9:30 PM,79,89,29.81,Clear,0,0,0,0,2,8,2
10/17/2023,10:00 PM,77,94,29.81,Clear,0,0,0,0,2,8,2
10/17/2023,10:30 PM,79,89,29.81,Clear,0,0,0,0,2,7,2
10/17/2023,11:00 PM,77,94,29.81,Clear,0,0,0,0,2,9,2
10/17/2023,11:30 PM,77,94,29.79,Clear,0,0,0,0,1,6,2
10/18/2023,12:00 AM,77,94,29.79,Clear,0,0,0,0,1,3,2
10/18/2023,12:30 AM,77,94,29.79,Clear,0,0,0,0,1,3,2
10/18/2023,1:00 AM,77,94,29.76,Clear,0,0,0,0,0,4,2
10/18/2023,1:30 AM,77,94,29.76,Clear,0,0,0,0,0,3,2
10/18/2023,2:00 AM,77,94,29.76,Clear,0,0,0,0,0,4,2
10/18/2023,2:30 AM,77,94,29.76,Clear,0,0,0,0,0,3,2
10/18/2023,3:00 AM,77,94,29.73,Clear,0,0,0,0,0,4,2
10/18/2023,3:30 AM,77,94,29.73,Clear,0,0,0,0,0,3,2
10/18/2023,4:00 AM,77,94,29.73,Clear,0,0,0,0,0,3,2
10/18/2023,4:30 AM,77,94,29.73,Clear,0,0,0,0,0,3,2
10/18/2023,5:00 AM,77,94,29.76,Mist,0,0,0,0,3,16,2
10/18/2023,5:30 AM,77,94,29.76,Clear,0,0,0,0,2,14,2
10/18/2023,6:00 AM,77,94,29.76,Clear,0,0,0,0,3,14,2
10/18/2023,6:30 AM,77,94,29.76,Clear,0,0,0,0,3,14,2
10/18/2023,7:00 AM,77,94,29.79,Clear,0,0,0,0,3,16,2
10/18/2023,7:30 AM,79,89,29.79,Clear,0,0,0,0,3,12,2
10/18/2023,8:00 AM,79,89,29.79,Clear,0,0,0,0,3,15,2
10/18/2023,8:30 AM,82,84,29.79,Clear,0,0,0,0,3,13,2
10/18/2023,9:00 AM,84,79,29.81,Clear,0,0,0,0,2,6,1
10/18/2023,9:30 AM,86,70,29.81,Clear,0,0,0,0,2,6,1
10/18/2023,10:00 AM,86,70,29.81,Clear,0,0,0,0,2,6,2
10/18/2023,10:30 AM,90,62,29.81,Clear,0,0,0,0,2,7,2
10/18/2023,11:00 AM,88,66,29.79,Clear,0,0,0,0,2,8,2
10/18/2023,11:30 AM,90,59,29.76,Clear,0,0,0,0,2,7,2
10/18/2023,12:00 PM,90,55,29.76,Clear,0,0,0,0,2,8,1
10/18/2023,12:30 PM,91,55,29.76,Clear,0,0,0,0,2,6,2
10/18/2023,1:00 PM,93,56,29.73,Clear,0,0,0,0,2,6,2
10/18/2023,1:30 PM,91,55,29.7,Rain,0,0,0,0,1,8,2
10/18/2023,2:00 PM,91,55,29.7,Rain,0,0,0,0,1,8,1
10/18/2023,2:30 PM,91,59,29.67,Clear,0,0,0,0,2,6,2
10/18/2023,3:00 PM,91,55,29.67,Clear,0,0,0,0,2,6,2
10/18/2023,3:30 PM,91,55,29.67,Rain,0,0,0,0,2,7,2
10/18/2023,4:00 PM,88,66,29.67,Clear,0,0,0,0,2,12,3
10/18/2023,4:30 PM,84,74,29.67,Rain,0,0,0,0,2,15,2
10/18/2023,5:00 PM,79,89,29.7,Clear,0,0,0,0,3,10,2
10/18/2023,5:30 PM,79,89,29.7,Rain,0,0,0,0,2,13,2
10/18/2023,6:00 PM,79,89,29.73,Clear,0,0,0,0,3,15,2
10/18/2023,6:30 PM,81,84,29.76,Clear,0,0,0,0,3,14,2
10/18/2023,7:00 PM,81,84,29.76,Clear,0,0,0,0,3,15,3
10/18/2023,7:30 PM,81,84,29.79,Clear,0,0,0,0,3,15,2
10/18/2023,8:00 PM,81,84,29.79,Clear,0,0,0,0,2,6,2
10/18/2023,8:30 PM,79,89,29.79,Clear,0,0,0,0,2,8,2
10/18/2023,9:00 PM,81,84,29.81,Clear,0,0,0,0,2,8,2
10/18/2023,9:30 PM,79,89,29.81,Clear,0,0,0,0,2,7,1
10/18/2023,10:00 PM,79,94,29.81,Clear,0,0,0,0,2,8,2
10/18/2023,10:30 PM,79,89,29.81,Rain,0,0,0,0,1,8,2
10/18/2023,11:00 PM,79,89,29.81,Rain,0,0,0,0,1,7,2
10/18/2023,11:30 PM,79,89,29.81,Rain,0,0,0,0,1,9,2
10/19/2023,12:00 AM,79,94,29.81,Rain,0,0,0,0,0,3,2
10/19/2023,12:30 AM,79,94,29.81,Rain,0,0,0,0,0,4,2
10/19/2023,1:00 AM,77,100,29.79,Rain,0,0,0,0,0,4,2
10/19/2023,1:30 AM,77,100,29.79,Rain,0,0,0,0,0,4,2
10/19/2023,2:00 AM,77,94,29.76,Clear,0,0,0,0,0,3,2
10/19/2023,2:30 AM,77,94,29.76,Clear,0,0,0,0,0,3,2
10/19/2023,3:00 AM,77,94,29.76,Clear,0,0,0,0,0,3,2
10/19/2023,3:30 AM,77,94,29.76,Clear,0,0,0,0,0,4,2
10/19/2023,4:00 AM,77,94,29.73,Clear,0,0,0,0,0,3,2
10/19/2023,4:30 AM,77,94,29.73,Clear,0,0,0,0,0,3,3
10/19/2023,5:00 AM,77,94,29.76,Clear,0,0,0,0,3,11,2
10/19/2023,5:30 AM,77,94,29.76,Clear,0,0,0,0,3,15,2
10/19/2023,6:00 AM,77,94,29.79,Mist,0,0,0,0,3,14,2
10/19/2023,6:30 AM,77,94,29.79,Mist,0,0,0,0,3,16,2
10/19/2023,7:00 AM,77,94,29.79,Mist,0,0,0,0,3,13,2
10/19/2023,7:30 AM,77,100,29.79,Mist,0,0,0,0,3,13,2
10/19/2023,8:00 AM,79,89,29.79,Clear,0,0,0,0,3,12,2
10/19/2023,8:30 AM,82,89,29.81,Clear,0,0,0,0,3,15,2
10/19/2023,9:00 AM,84,79,29.81,Clear,0,0,0,0,2,7,1
10/19/2023,9:30 AM,86,74,29.81,Clear,0,0,0,0,2,7,2
10/19/2023,10:00 AM,86,70,29.81,Clear,0,0,0,0,2,6,2
10/19/2023,10:30 AM,88,62,29.79,Clear,0,0,0,0,2,6,2
10/19/2023,11:00 AM,90,62,29.79,Clear,0,0,0,0,2,7,2
10/19/2023,11:30 AM,91,55,29.79,Clear,0,0,0,0,2,6,2
10/19/2023,12:00 PM,91,55,29.76,Rain,0,0,0,0,1,7,2
10/19/2023,12:30 PM,90,59,29.76,Rain,0,0,0,0,1,7,1
10/19/2023,1:00 PM,88,66,29.76,Rain,0,0,0,0,1,7,2
10/19/2023,1:30 PM,81,79,29.73,Rain,0,0,0,0,1,7,2
10/19/2023,2:00 PM,82,84,29.73,Rain,0,0,0,0,1,7,2
10/19/2023,2:30 PM,86,70,29.7,Clear,0,0,0,0,2,6,2
10/19/2023,3:00 PM,90,66,29.7,Rain,0,0,0,0,1,9,2
10/19/2023,3:30 PM,88,70,29.67,Rain,0,0,0,0,1,7,1
10/19/2023,4:00 PM,82,74,29.7,Rain,0,0,0,0,2,17,2
10/19/2023,4:30 PM,77,94,29.7,Rain,0,0,0,0,2,17,2
10/19/2023,5:00 PM,77,94,29.7,Clear,0,0,0,0,3,13,2
10/19/2023,5:30 PM,77,94,29.7,Clear,0,0,0,0,3,15,2
10/19/2023,6:00 PM,77,94,29.7,Clear,0,0,0,0,2,11,2
10/19/2023,6:30 PM,77,94,29.73,Clear,0,0,0,0,3,11,2
10/19/2023,7:00 PM,77,94,29.73,Clear,0,0,0,0,3,12,2
10/19/2023,7:30 PM,79,89,29.76,Clear,0,0,0,0,2,14,2
10/19/2023,8:00 PM,77,94,29.76,Clear,0,0,0,0,2,9,1
10/19/2023,8:30 PM,79,89,29.79,Clear,0,0,0,0,2,8,2
10/19/2023,9:00 PM,79,89,29.79,Clear,0,0,0,0,2,9,2
10/19/2023,9:30 PM,79,89,29.81,Clear,0,0,0,0,2,8,2
10/19/2023,10:00 PM,79,89,29.81,Clear,0,0,0,0,2,7,2
10/19/2023,10:30 PM,79,89,29.81,Clear,0,0,0,0,2,8,2
10/19/2023,11:00 PM,77,100,29.79,Clear,0,0,0,0,2,9,2
10/19/2023,11:30 PM,77,100,29.79,Clear,0,0,0,0,1,9,2
10/20/2023,12:00 AM,77,100,29.79,Clear,0,0,0,0,0,3,2
10/20/2023,12:30 AM,77,100,29.79,Clear,0,0,0,0,0,3,2
10/20/2023,1:00 AM,77,94,29.79,Clear,0,0,0,0,0,3,3
10/20/2023,1:30 AM,77,94,29.76,Clear,0,0,0,0,0,3,2
10/20/2023,2:00 AM,77,94,29.76,Clear,0,0,0,0,0,2,3
10/20/2023,2:30 AM,77,94,29.76,Clear,0,0,0,0,0,3,2
10/20/2023,3:00 AM,77,94,29.73,Clear,0,0,0,0,0,3,2
10/20/2023,3:30 AM,77,94,29.73,Clear,0,0,0,0,0,3,2
10/20/2023,4:00 AM,77,94,29.73,Mist,0,0,0,0,0,3,2
10/20/2023,4:30 AM,75,100,29.73,Mist,0,0,0,0,0,3,2
10/20/2023,5:00 AM,75,100,29.73,Mist,0,0,0,0,3,15,2
10/20/2023,5:30 AM,75,100,29.76,Mist,0,0,0,0,3,12,2
10/20/2023,6:00 AM,75,100,29.76,Mist,0,0,0,0,3,14,1
10/20/2023,6:30 AM,75,100,29.76,Mist,0,0,0,0,3,12,2
10/20/2023,7:00 AM,77,100,29.79,Mist,0,0,0,0,3,14,2
10/20/2023,7:30 AM,77,94,29.79,Mist,0,0,0,0,3,14,2
10/20/2023,8:00 AM,79,94,29.79,Mist,0,0,0,0,2,13,2
10/20/2023,8:30 AM,82,84,29.79,Clear,0,0,0,0,3,13,2
10/20/2023,9:00 AM,84,79,29.81,Clear,0,0,0,0,2,7,2
10/20/2023,9:30 AM,86,74,29.81,Clear,0,0,0,0,2,7,1
10/20/2023,10:00 AM,88,66,29.81,Clear,0,0,0,0,2,6,2
10/20/2023,10:30 AM,90,62,29.81,Clear,0,0,0,0,2,7,2
10/20/2023,11:00 AM,90,55,29.79,Clear,0,0,0,0,2,7,2
10/20/2023,11:30 AM,90,59,29.76,Rain,0,0,0,0,1,8,2
10/20/2023,12:00 PM,90,59,29.76,Rain,0,0,0,0,1,6,2
10/20/2023,12:30 PM,90,62,29.73,Clear,0,0,0,0,2,6,2
10/20/2023,1:00 PM,91,55,29.73,Clear,0,0,0,0,2,6,1
10/20/2023,1:30 PM,91,55,29.7,Rain,0,0,0,0,1,7,1
10/20/2023,2:00 PM,93,56,29.67,Clear,0,0,0,0,2,6,1
10/20/2023,2:30 PM,90,62,29.67,Rain,0,0,0,0,1,7,1
10/20/2023,3:00 PM,90,66,29.64,Clear,0,0,0,0,2,7,1
10/20/2023,3:30 PM,90,66,29.64,Rain,0,0,0,0,2,7,1
10/20/2023,4:00 PM,90,62,29.64,Clear,0,0,0,0,3,13,2
10/20/2023,4:30 PM,81,84,29.67,Clear,0,0,0,0,3,14,2
10/20/2023,5:00 PM,77,94,29.7,Rain,0,0,0,0,2,14,2
10/20/2023,5:30 PM,77,94,29.7,Rain,0,0,0,0,2,14,3
10/20/2023,6:00 PM,77,94,29.7,Rain,0,0,0,0,2,16,2
10/20/2023,6:30 PM,77,100,29.73,Rain,0,0,0,0,2,18,3
10/20/2023,7:00 PM,77,100,29.73,Rain,0,0,0,0,2,16,2
10/20/2023,7:30 PM,77,100,29.73,Clear,0,0,0,0,3,13,2
10/20/2023,8:00 PM,77,100,29.76,Clear,0,0,0,0,2,7,1
10/20/2023,8:30 PM,79,94,29.76,Clear,0,0,0,0,2,9,2
10/20/2023,9:00 PM,79,94,29.79,Clear,0,0,0,0,2,6,1
10/20/2023,9:30 PM,79,94,29.81,Clear,0,0,0,0,2,9,2
10/20/2023,10:00 PM,77,100,29.79,Clear,0,0,0,0,2,8,2
10/20/2023,10:30 PM,79,94,29.79,Clear,0,0,0,0,1,7,2
10/20/2023,11:00 PM,77,100,29.79,Clear,0,0,0,0,2,7,2
10/20/2023,11:30 PM,77,100,29.79,Clear,0,0,0,0,2,9,2
10/21/2023,12:00 AM,77,100,29.79,Clear,0,0,0,0,0,3,2
10/21/2023,12:30 AM,77,100,29.79,Clear,0,0,0,0,0,3,2
10/21/2023,1:00 AM,77,100,29.79,Clear,0,0,0,0,0,3,2
10/21/2023,1:30 AM,77,100,29.76,Clear,0,0,0,0,0,3,2
10/21/2023,2:00 AM,77,100,29.73,Mist,0,0,0,0,0,3,2
10/21/2023,2:30 AM,77,100,29.73,Mist,0,0,0,0,0,3,3
10/21/2023,3:00 AM,77,100,29.73,Mist,0,0,0,0,1,3,2
10/21/2023,3:30 AM,77,100,29.73,Clear,0,0,0,0,0,3,2
10/21/2023,4:00 AM,77,100,29.73,Clear,0,0,0,0,1,3,2
10/21/2023,4:30 AM,77,94,29.73,Clear,0,0,0,0,1,3,2
10/21/2023,5:00 AM,77,94,29.73,Clear,0,0,0,0,3,13,2
10/21/2023,5:30 AM,77,94,29.73,Clear,0,0,0,0,3,11,2
10/21/2023,6:00 AM,77,94,29.76,Clear,0,0,0,0,3,11,2
10/21/2023,6:30 AM,77,94,29.76,Clear,0,0,0,0,3,13,2
10/21/2023,7:00 AM,77,94,29.76,Clear,0,0,0,0,2,13,2
10/21/2023,7:30 AM,79,89,29.79,Clear,0,0,0,0,3,11,2
10/21/2023,8:00 AM,79,89,29.79,Clear,0,0,0,0,3,14,2
10/21/2023,8:30 AM,79,89,29.81,Clear,0,0,0,0,3,17,2
10/21/2023,9:00 AM,81,89,29.81,Clear,0,0,0,0,2,6,1
10/21/2023,9:30 AM,82,84,29.81,Clear,0,0,0,0,2,6,2
10/21/2023,10:00 AM,84,79,29.81,Clear,0,0,0,0,2,8,1
10/21/2023,10:30 AM,84,79,29.81,Clear,0,0,0,0,2,7,2
10/21/2023,11:00 AM,86,74,29.81,Clear,0,0,0,0,2,6,2
10/21/2023,11:30 AM,86,74,29.81,Clear,0,0,0,0,2,6,2
10/21/2023,12:00 PM,88,70,29.79,Clear,0,0,0,0,2,7,2
10/21/2023,12:30 PM,88,66,29.76,Clear,0,0,0,0,2,6,2
10/21/2023,1:00 PM,90,62,29.76,Clear,0,0,0,0,2,7,2
10/21/2023,1:30 PM,90,66,29.73,Clear,0,0,0,0,2,6,2
10/21/2023,2:00 PM,90,66,29.73,Clear,0,0,0,0,2,7,2
10/21/2023,2:30 PM,91,63,29.7,Clear,0,0,0,0,2,8,2
10/21/2023,3:00 PM,90,62,29.67,Clear,0,0,0,0,2,7,2
10/21/2023,3:30 PM,91,59,29.67,Clear,0,0,0,0,2,7,1
10/21/2023,4:00 PM,90,62,29.67,Clear,0,0,0,0,3,14,2
10/21/2023,4:30 PM,90,62,29.67,Clear,0,0,0,0,3,16,2
10/21/2023,5:00 PM,88,66,29.7,Rain,0,0,0,0,2,17,2
10/21/2023,5:30 PM,88,66,29.73,Rain,0,0,0,0,2,13,2
10/21/2023,6:00 PM,86,70,29.73,Rain,0,0,0,0,2,17,2
10/21/2023,6:30 PM,86,70,29.76,Rain,0,0,0,0,2,14,2
10/21/2023,7:00 PM,81,89,29.79,Rain,0,0,0,0,2,17,2
10/21/2023,7:30 PM,77,94,29.81,Rain,0,0,0,0,2,14,3
10/21/2023,8:00 PM,77,94,29.81,Rain,0,0,0,0,1,8,2
10/21/2023,8:30 PM,77,94,29.84,Rain,0,0,0,0,1,8,2
10/21/2023,9:00 PM,77,94,29.84,Rain,0,0,0,0,1,8,2
10/21/2023,9:30 PM,77,94,29.84,Rain,0,0,0,0,1,8,1
10/21/2023,10:00 PM,77,94,29.81,Clear,0,0,0,0,2,6,2
10/21/2023,10:30 PM,77,94,29.81,Clear,0,0,0,0,2,8,2
10/21/2023,11:00 PM,77,94,29.81,Clear,0,0,0,0,1,9,2
10/21/2023,11:30 PM,77,94,29.81,Clear,0,0,0,0,2,8,2
10/22/2023,12:00 AM,77,94,29.81,Clear,0,0,0,0,0,3,3
10/22/2023,12:30 AM,77,94,29.81,Clear,0,0,0,0,0,3,2
10/22/2023,1:00 AM,75,100,29.79,Clear,0,0,0,0,0,4,2
10/22/2023,1:30 AM,75,100,29.79,Clear,0,0,0,0,0,3,2
10/22/2023,2:00 AM,75,100,29.79,Clear,0,0,0,0,1,3,2
10/22/2023,2:30 AM,75,100,29.76,Clear,0,0,0,0,0,3,2
10/22/2023,3:00 AM,75,94,29.76,Clear,0,0,0,0,0,3,2
10/22/2023,3:30 AM,75,94,29.76,Clear,0,0,0,0,0,3,2
10/22/2023,4:00 AM,75,94,29.76,Mist,0,0,0,0,0,3,2
10/22/2023,4:30 AM,75,94,29.76,Mist,0,0,0,0,1,3,2
10/22/2023,5:00 AM,75,100,29.79,Mist,0,0,0,0,3,12,1
10/22/2023,5:30 AM,75,100,29.79,Mist,0,0,0,0,2,13,2
10/22/2023,6:00 AM,75,100,29.79,Mist,0,0,0,0,2,13,2
10/22/2023,6:30 AM,75,100,29.81,Mist,0,0,0,0,3,14,1
10/22/2023,7:00 AM,75,100,29.81,Mist,0,0,0,0,2,13,2
10/22/2023,7:30 AM,77,94,29.81,Mist,0,0,0,0,3,13,2
10/22/2023,8:00 AM,77,100,29.81,Mist,0,0,0,0,3,13,2
10/22/2023,8:30 AM,81,89,29.84,Clear,0,0,0,0,2,14,2
10/22/2023,9:00 AM,82,84,29.84,Clear,0,0,0,0,2,6,1
10/22/2023,9:30 AM,84,79,29.84,Clear,0,0,0,0,2,7,2
10/22/2023,10:00 AM,86,74,29.84,Clear,0,0,0,0,2,8,2
10/22/2023,10:30 AM,86,70,29.84,Clear,0,0,0,0,2,7,2
10/22/2023,11:00 AM,88,62,29.81,Clear,0,0,0,0,2,7,1
10/22/2023,11:30 AM,88,62,29.79,Clear,0,0,0,0,2,6,1
10/22/2023,12:00 PM,90,59,29.79,Clear,0,0,0,0,2,6,2
10/22/2023,12:30 PM,93,56,29.76,Clear,0,0,0,0,2,6,2
10/22/2023,1:00 PM,91,59,29.73,Clear,0,0,0,0,2,6,2
10/22/2023,1:30 PM,91,59,29.73,Clear,0,0,0,0,2,6,2
10/22/2023,2:00 PM,91,59,29.7,Rain,0,0,0,0,1,8,2
10/22/2023,2:30 PM,84,74,29.7,Rain,0,0,0,0,1,6,1
10/22/2023,3:00 PM,81,74,29.7,Rain,0,0,0,0,1,7,2
10/22/2023,3:30 PM,75,100,29.7,Clear,0,0,0,0,2,6,1
10/22/2023,4:00 PM,75,100,29.73,Clear,0,0,0,0,3,14,2
10/22/2023,4:30 PM,77,94,29.73,Rain,0,0,0,0,2,14,3
10/22/2023,5:00 PM,77,94,29.76,Clear,0,0,0,0,3,11,2
10/22/2023,5:30 PM,77,94,29.76,Clear,0,0,0,0,3,13,2
10/22/2023,6:00 PM,77,94,29.76,Clear,0,0,0,0,3,15,2
10/22/2023,6:30 PM,77,94,29.79,Clear,0,0,0,0,3,13,2
10/22/2023,7:00 PM,77,100,29.79,Clear,0,0,0,0,3,16,2
10/22/2023,7:30 PM,77,100,29.81,Clear,0,0,0,0,3,14,2
10/22/2023,8:00 PM,77,100,29.81,Clear,0,0,0,0,2,8,2
10/22/2023,8:30 PM,77,100,29.84,Clear,0,0,0,0,2,7,2
10/22/2023,9:00 PM,79,89,29.84,Clear,0,0,0,0,2,10,2
10/22/2023,9:30 PM,77,100,29.84,Clear,0,0,0,0,1,7,2
10/22/2023,10:00 PM,77,94,29.84,Clear,0,0,0,0,2,8,2
10/22/2023,10:30 PM,77,89,29.84,Clear,0,0,0,0,2,8,1
10/22/2023,11:00 PM,77,94,29.84,Clear,0,0,0,0,2,7,2
10/22/2023,11:30 PM,77,94,29.84,Clear,0,0,0,0,2,8,2
10/23/2023,12:00 AM,75,100,29.84,Clear,0,0,0,0,0,3,2
10/23/2023,12:30 AM,75,100,29.81,Clear,0,0,0,0,0,3,2
10/23/2023,1:00 AM,75,100,29.81,Clear,0,0,0,0,0,3,2
10/23/2023,1:30 AM,75,94,29.81,Clear,0,0,0,0,0,3,2
10/23/2023,2:00 AM,75,94,29.81,Clear,0,0,0,0,0,4,2
10/23/2023,2:30 AM,75,94,29.79,Clear,0,0,0,0,1,3,2
10/23/2023,3:00 AM,75,94,29.79,Clear,0,0,0,0,0,3,2
10/23/2023,3:30 AM,75,94,29.79,Clear,0,0,0,0,0,3,2
10/23/2023,4:00 AM,75,94,29.79,Clear,0,0,0,0,1,3,2
10/23/2023,4:30 AM,75,94,29.79,Clear,0,0,0,0,0,3,2
10/23/2023,5:00 AM,75,94,29.79,Clear,0,0,0,0,3,16,2
10/23/2023,5:30 AM,73,100,29.79,Clear,0,0,0,0,3,13,2
10/23/2023,6:00 AM,73,100,29.79,Clear,0,0,0,0,3,15,2
10/23/2023,6:30 AM,73,100,29.81,Clear,0,0,0,0,3,13,2
10/23/2023,7:00 AM,75,94,29.81,Clear,0,0,0,0,3,13,2
10/23/2023,7:30 AM,75,94,29.81,Clear,0,0,0,0,3,17,2
10/23/2023,8:00 AM,77,94,29.84,Clear,0,0,0,0,3,15,2
10/23/2023,8:30 AM,77,94,29.84,Clear,0,0,0,0,2,12,2
10/23/2023,9:00 AM,81,84,29.84,Clear,0,0,0,0,2,7,2
10/23/2023,9:30 AM,82,84,29.84,Clear,0,0,0,0,2,7,2
10/23/2023,10:00 AM,84,79,29.84,Clear,0,0,0,0,2,6,2
10/23/2023,10:30 AM,86,66,29.84,Clear,0,0,0,0,2,7,1
10/23/2023,11:00 AM,86,66,29.81,Clear,0,0,0,0,2,7,1
10/23/2023,11:30 AM,84,70,29.81,Clear,0,0,0,0,2,6,2
10/23/2023,12:00 PM,86,62,29.79,Clear,0,0,0,0,2,7,2
10/23/2023,12:30 PM,86,66,29.79,Clear,0,0,0,0,2,6,2
10/23/2023,1:00 PM,86,66,29.79,Clear,0,0,0,0,2,6,2
10/23/2023,1:30 PM,86,62,29.76,Clear,0,0,0,0,2,7,2
10/23/2023,2:00 PM,88,58,29.76,Clear,0,0,0,0,2,7,1
10/23/2023,2:30 PM,88,62,29.73,Clear,0,0,0,0,2,8,2
10/23/2023,3:00 PM,88,62,29.7,Clear,0,0,0,0,2,8,2
10/23/2023,3:30 PM,88,58,29.7,Clear,0,0,0,0,2,7,2
10/23/2023,4:00 PM,88,58,29.7,Clear,0,0,0,0,3,13,2
10/23/2023,4:30 PM,88,62,29.7,Clear,0,0,0,0,3,14,2
10/23/2023,5:00 PM,86,70,29.7,Clear,0,0,0,0,3,13,2
10/23/2023,5:30 PM,86,70,29.7,Clear,0,0,0,0,2,17,2
10/23/2023,6:00 PM,84,74,29.7,Clear,0,0,0,0,3,15,2
10/23/2023,6:30 PM,84,74,29.7,Clear,0,0,0,0,3,11,2
10/23/2023,7:00 PM,82,79,29.7,Clear,0,0,0,0,3,13,2
10/23/2023,7:30 PM,82,79,29.73,Clear,0,0,0,0,2,13,2
10/23/2023,8:00 PM,81,84,29.76,Clear,0,0,0,0,2,9,2
10/23/2023,8:30 PM,81,89,29.76,Clear,0,0,0,0,2,8,2
10/23/2023,9:00 PM,81,89,29.79,Clear,0,0,0,0,2,9,2
10/23/2023,9:30 PM,81,84,29.79,Clear,0,0,0,0,2,9,1
10/23/2023,10:00 PM,79,94,29.79,Clear,0,0,0,0,2,8,2
10/23/2023,10:30 PM,79,89,29.79,Clear,0,0,0,0,2,8,2
10/23/2023,11:00 PM,79,89,29.79,Clear,0,0,0,0,2,8,2
10/23/2023,11:30 PM,79,89,29.79,Clear,0,0,0,0,2,9,2
10/24/2023,12:00 AM,77,94,29.79,Clear,0,0,0,0,0,3,2
10/24/2023,12:30 AM,77,94,29.79,Clear,0,0,0,0,0,3,3
10/24/2023,1:00 AM,77,94,29.76,Clear,0,0,0,0,0,3,2
10/24/2023,1:30 AM,77,94,29.76,Clear,0,0,0,0,0,3,3
10/24/2023,2:00 AM,77,94,29.76,Clear,0,0,0,0,0,3,2
10/24/2023,2:30 AM,77,94,29.76,Clear,0,0,0,0,0,3,3
10/24/2023,3:00 AM,77,94,29.76,Clear,0,0,0,0,0,3,2
10/24/2023,3:30 AM,77,94,29.76,Clear,0,0,0,0,0,3,2
10/24/2023,4:00 AM,77,94,29.76,Clear,0,0,0,0,0,3,2
10/24/2023,4:30 AM,77,94,29.76,Clear,0,0,0,0,0,4,2
10/24/2023,5:00 AM,77,94,29.76,Clear,0,0,0,0,3,12,1
10/24/2023,5:30 AM,77,94,29.76,Clear,0,0,0,0,3,14,2
10/24/2023,6:00 AM,77,94,29.79,Clear,0,0,0,0,4,12,2
10/24/2023,6:30 AM,77,94,29.79,Clear,0,0,0,0,3,15,2
10/24/2023,7:00 AM,77,94,29.79,Clear,0,0,0,0,3,14,2
10/24/2023,7:30 AM,77,94,29.79,Clear,0,0,0,0,3,12,1
10/24/2023,8:00 AM,79,89,29.81,Clear,0,0,0,0,2,15,2
10/24/2023,8:30 AM,79,89,29.81,Clear,0,0,0,0,3,17,2
10/24/2023,9:00 AM,81,89,29.81,Clear,0,0,0,0,2,7,2
10/24/2023,9:30 AM,82,79,29.81,Clear,0,0,0,0,2,6,2
10/24/2023,10:00 AM,84,79,29.81,Clear,0,0,0,0,2,8,1
10/24/2023,10:30 AM,88,70,29.81,Clear,0,0,0,0,2,6,1
10/24/2023,11:00 AM,86,70,29.81,Clear,0,0,0,0,2,6,2
10/24/2023,11:30 AM,88,66,29.79,Clear,0,0,0,0,2,6,2
10/24/2023,12:00 PM,90,59,29.79,Clear,0,0,0,0,2,6,2
10/24/2023,12:30 PM,91,55,29.76,Clear,0,0,0,0,2,6,2
10/24/2023,1:00 PM,91,55,29.73,Clear,0,0,0,0,2,6,2
10/24/2023,1:30 PM,90,59,29.73,Clear,0,0,0,0,2,7,2
10/24/2023,2:00 PM,93,56,29.7,Clear,0,0,0,0,2,8,1
10/24/2023,2:30 PM,91,55,29.67,Clear,0,0,0,0,2,7,2
10/24/2023,3:00 PM,91,52,29.67,Clear,0,0,0,0,2,7,2
10/24/2023,3:30 PM,91,55,29.67,Clear,0,0,0,0,2,7,2
10/24/2023,4:00 PM,91,59,29.67,Rain,0,0,0,0,2,16,2
10/24/2023,4:30 PM,86,70,29.67,Rain,0,0,0,0,2,12,2
10/24/2023,5:00 PM,84,70,29.7,Clear,0,0,0,0,3,13,2
10/24/2023,5:30 PM,84,70,29.7,Clear,0,0,0,0,3,16,3
10/24/2023,6:00 PM,82,79,29.7,Clear,0,0,0,0,3,10,2
10/24/2023,6:30 PM,82,79,29.73,Clear,0,0,0,0,3,13,2
10/24/2023,7:00 PM,81,84,29.76,Clear,0,0,0,0,3,14,2
10/24/2023,7:30 PM,81,84,29.79,Clear,0,0,0,0,3,15,2
10/24/2023,8:00 PM,81,84,29.79,Clear,0,0,0,0,2,7,1
10/24/2023,8:30 PM,79,89,29.79,Clear,0,0,0,0,2,7,2
10/24/2023,9:00 PM,79,89,29.81,Clear,0,0,0,0,2,8,2
10/24/2023,9:30 PM,79,89,29.81,Clear,0,0,0,0,2,8,2
10/24/2023,10:00 PM,79,89,29.81,Clear,0,0,0,0,2,7,2
10/24/2023,10:30 PM,77,94,29.81,Clear,0,0,0,0,1,9,2
10/24/2023,11:00 PM,77,94,29.81,Clear,0,0,0,0,2,7,1
10/24/2023,11:30 PM,77,94,29.81,Clear,0,0,0,0,2,8,2
10/25/2023,12:00 AM,77,94,29.81,Clear,0,0,0,0,0,4,2
10/25/2023,12:30 AM,77,94,29.79,Clear,0,0,0,0,0,4,2
10/25/2023,1:00 AM,77,94,29.79,Clear,0,0,0,0,0,3,2
10/25/2023,1:30 AM,77,94,29.76,Clear,0,0,0,0,0,3,2
10/25/2023,2:00 AM,77,94,29.76,Clear,0,0,0,0,0,3,2
10/25/2023,2:30 AM,77,94,29.76,Clear,0,0,0,0,1,4,2
10/25/2023,3:00 AM,77,94,29.76,Clear,0,0,0,0,0,3,2
10/25/2023,3:30 AM,77,94,29.73,Clear,0,0,0,0,0,3,2
10/25/2023,4:00 AM,75,100,29.76,Clear,0,0,0,0,1,3,2
10/25/2023,4:30 AM,77,94,29.76,Clear,0,0,0,0,0,3,2
10/25/2023,5:00 AM,77,94,29.76,Clear,0,0,0,0,3,14,2
10/25/2023,5:30 AM,77,94,29.76,Clear,0,0,0,0,3,15,2
10/25/2023,6:00 AM,77,94,29.76,Clear,0,0,0,0,2,14,2
10/25/2023,6:30 AM,77,94,29.79,Clear,0,0,0,0,3,12,2
10/25/2023,7:00 AM,79,89,29.79,Clear,0,0,0,0,3,12,2
10/25/2023,7:30 AM,79,89,29.79,Clear,0,0,0,0,3,14,2
10/25/2023,8:00 AM,81,89,29.81,Clear,0,0,0,0,3,14,2
10/25/2023,8:30 AM,82,84,29.81,Clear,0,0,0,0,3,12,2
10/25/2023,9:00 AM,84,79,29.81,Clear,0,0,0,0,2,7,2
10/25/2023,9:30 AM,86,74,29.81,Clear,0,0,0,0,2,6,2
10/25/2023,10:00 AM,88,66,29.81,Clear,0,0,0,0,2,7,2
10/25/2023,10:30 AM,88,66,29.81,Clear,0,0,0,0,2,7,2
10/25/2023,11:00 AM,88,66,29.81,Clear,0,0,0,0,2,6,2
10/25/2023,11:30 AM,90,59,29.79,Rain,0,0,0,0,1,8,2
10/25/2023,12:00 PM,91,55,29.79,Rain,0,0,0,0,2,7,2
10/25/2023,12:30 PM,91,55,29.76,Rain,0,0,0,0,1,6,2
10/25/2023,1:00 PM,90,62,29.76,Rain,0,0,0,0,1,7,2
10/25/2023,1:30 PM,88,66,29.73,Rain,0,0,0,0,1,7,2
10/25/2023,2:00 PM,88,66,29.7,Clear,0,0,0,0,2,7,2
10/25/2023,2:30 PM,88,66,29.7,Clear,0,0,0,0,2,6,2
10/25/2023,3:00 PM,86,74,29.7,Clear,0,0,0,0,2,7,1
10/25/2023,3:30 PM,82,84,29.7,Rain,0,0,0,0,2,7,1
10/25/2023,4:00 PM,81,89,29.7,Rain,0,0,0,0,2,12,2
10/25/2023,4:30 PM,79,89,29.7,Rain,0,0,0,0,2,14,3
10/25/2023,5:00 PM,79,89,29.7,Clear,0,0,0,0,2,14,2
10/25/2023,5:30 PM,79,94,29.7,Clear,0,0,0,0,2,14,2
10/25/2023,6:00 PM,79,94,29.7,Clear,0,0,0,0,3,12,2
10/25/2023,6:30 PM,79,94,29.73,Clear,0,0,0,0,3,15,3
10/25/2023,7:00 PM,79,94,29.73,Clear,0,0,0,0,3,16,2
10/25/2023,7:30 PM,79,94,29.76,Clear,0,0,0,0,3,14,3
10/25/2023,8:00 PM,79,94,29.76,Clear,0,0,0,0,2,7,2
10/25/2023,8:30 PM,79,94,29.79,Clear,0,0,0,0,2,7,1
10/25/2023,9:00 PM,79,94,29.79,Clear,0,0,0,0,2,7,2
10/25/2023,9:30 PM,79,94,29.81,Clear,0,0,0,0,2,8,2
10/25/2023,10:00 PM,77,100,29.79,Clear,0,0,0,0,2,9,2
10/25/2023,10:30 PM,77,94,29.81,Clear,0,0,0,0,2,8,2
10/25/2023,11:00 PM,77,94,29.81,Clear,0,0,0,0,2,9,2
10/25/2023,11:30 PM,77,94,29.81,Clear,0,0,0,0,2,8,2
10/26/2023,12:00 AM,77,94,29.79,Clear,0,0,0,0,0,3,3
10/26/2023,12:30 AM,77,94,29.79,Clear,0,0,0,0,0,3,2
10/26/2023,1:00 AM,77,94,29.76,Clear,0,0,0,0,0,3,2
10/26/2023,1:30 AM,77,94,29.76,Clear,0,0,0,0,1,3,3
10/26/2023,2:00 AM,77,94,29.76,Clear,0,0,0,0,0,3,2
10/26/2023,2:30 AM,77,94,29.76,Clear,0,0,0,0,0,3,3
10/26/2023,3:00 AM,75,100,29.73,Clear,0,0,0,0,0,4,3
10/26/2023,3:30 AM,75,100,29.73,Clear,0,0,0,0,1,3,2
10/26/2023,4:00 AM,75,100,29.73,Clear,0,0,0,0,1,3,2
10/26/2023,4:30 AM,75,100,29.73,Clear,0,0,0,0,1,4,2
10/26/2023,5:00 AM,75,100,29.73,Clear,0,0,0,0,3,15,2
10/26/2023,5:30 AM,75,94,29.76,Clear,0,0,0,0,3,15,2
10/26/2023,6:00 AM,75,94,29.76,Clear,0,0,0,0,3,15,2
10/26/2023,6:30 AM,75,94,29.76,Clear,0,0,0,0,3,13,2
10/26/2023,7:00 AM,75,100,29.76,Clear,0,0,0,0,3,12,2
10/26/2023,7:30 AM,77,94,29.79,Clear,0,0,0,0,3,14,2
10/26/2023,8:00 AM,81,89,29.79,Clear,0,0,0,0,3,13,2
10/26/2023,8:30 AM,82,84,29.79,Clear,0,0,0,0,3,14,2
10/26/2023,9:00 AM,84,79,29.81,Clear,0,0,0,0,2,7,2
10/26/2023,9:30 AM,84,74,29.81,Clear,0,0,0,0,2,7,1
10/26/2023,10:00 AM,88,66,29.81,Clear,0,0,0,0,2,7,2
10/26/2023,10:30 AM,88,70,29.81,Clear,0,0,0,0,2,6,2
10/26/2023,11:00 AM,90,66,29.79,Rain,0,0,0,0,1,8,2
10/26/2023,11:30 AM,90,66,29.79,Clear,0,0,0,0,2,7,2
10/26/2023,12:00 PM,90,62,29.76,Clear,0,0,0,0,2,7,1
10/26/2023,12:30 PM,90,62,29.76,Clear,0,0,0,0,2,7,2
10/26/2023,1:00 PM,90,62,29.73,Clear,0,0,0,0,2,7,2
10/26/2023,1:30 PM,91,63,29.73,Rain,0,0,0,0,2,7,2
10/26/2023,2:00 PM,91,63,29.7,Clear,0,0,0,0,2,7,2
10/26/2023,2:30 PM,88,70,29.67,Clear,0,0,0,0,2,7,2
10/26/2023,3:00 PM,86,70,29.67,Clear,0,0,0,0,2,8,2
10/26/2023,3:30 PM,84,74,29.67,Clear,0,0,0,0,2,6,1
10/26/2023,4:00 PM,84,74,29.67,Rain,0,0,0,0,2,15,2
10/26/2023,4:30 PM,82,79,29.7,Rain,0,0,0,0,2,14,2
10/26/2023,5:00 PM,81,84,29.7,Clear,0,0,0,0,3,14,3
10/26/2023,5:30 PM,81,84,29.7,Clear,0,0,0,0,3,12,2
10/26/2023,6:00 PM,81,84,29.73,Clear,0,0,0,0,3,13,2
10/26/2023,6:30 PM,79,89,29.73,Clear,0,0,0,0,3,11,2
10/26/2023,7:00 PM,79,89,29.76,Rain,0,0,0,0,2,15,2
10/26/2023,7:30 PM,79,94,29.76,Clear,0,0,0,0,3,11,3
10/26/2023,8:00 PM,79,94,29.76,Rain,0,0,0,0,1,8,2
10/26/2023,8:30 PM,79,94,29.79,Rain,0,0,0,0,1,10,1
10/26/2023,9:00 PM,79,94,29.81,Rain,0,0,0,0,1,7,2
10/26/2023,9:30 PM,79,94,29.81,Rain,0,0,0,0,1,9,2
10/26/2023,10:00 PM,79,94,29.84,Clear,0,0,0,0,2,9,2
10/26/2023,10:30 PM,79,94,29.84,Clear,0,0,0,0,2,9,2
10/26/2023,11:00 PM,79,94,29.84,Clear,0,0,0,0,2,7,1
10/26/2023,11:30 PM,77,94,29.81,Rain,0,0,0,0,1,9,2
10/27/2023,12:00 AM,77,89,29.81,Rain,0,0,0,0,0,4,2
10/27/2023,12:30 AM,77,94,29.79,Rain,0,0,0,0,0,4,2
10/27/2023,1:00 AM,77,94,29.79,Clear,0,0,0,0,1,3,2
10/27/2023,1:30 AM,77,94,29.76,Clear,0,0,0,0,0,4,2
10/27/2023,2:00 AM,77,94,29.76,Clear,0,0,0,0,0,3,2
10/27/2023,2:30 AM,75,100,29.73,Clear,0,0,0,0,1,3,2
10/27/2023,3:00 AM,75,100,29.73,Clear,0,0,0,0,0,3,2
10/27/2023,3:30 AM,75,100,29.73,Clear,0,0,0,0,1,3,2
10/27/2023,4:00 AM,75,100,29.73,Clear,0,0,0,0,0,4,2
10/27/2023,4:30 AM,75,100,29.73,Clear,0,0,0,0,0,3,2
10/27/2023,5:00 AM,75,100,29.73,Mist,0,0,0,0,3,13,2
10/27/2023,5:30 AM,75,94,29.73,Mist,0,0,0,0,3,14,2
10/27/2023,6:00 AM,75,94,29.73,Mist,0,0,0,0,3,15,2
10/27/2023,6:30 AM,75,94,29.76,Mist,0,0,0,0,3,14,2
10/27/2023,7:00 AM,75,94,29.79,Mist,0,0,0,0,3,14,2
10/27/2023,7:30 AM,75,100,29.79,Clear,0,0,0,0,3,13,2
10/27/2023,8:00 AM,75,100,29.79,Clear,0,0,0,0,3,12,2
10/27/2023,8:30 AM,81,84,29.79,Clear,0,0,0,0,3,13,2
10/27/2023,9:00 AM,82,84,29.81,Clear,0,0,0,0,2,7,2
10/27/2023,9:30 AM,86,70,29.81,Clear,0,0,0,0,2,7,2
10/27/2023,10:00 AM,86,66,29.81,Clear,0,0,0,0,2,7,1
10/27/2023,10:30 AM,88,66,29.81,Clear,0,0,0,0,2,8,2
10/27/2023,11:00 AM,90,59,29.79,Clear,0,0,0,0,2,7,1
10/27/2023,11:30 AM,91,59,29.79,Clear,0,0,0,0,2,7,2
10/27/2023,12:00 PM,91,52,29.76,Clear,0,0,0,0,2,7,2
10/27/2023,12:30 PM,91,52,29.76,Clear,0,0,0,0,2,6,1
10/27/2023,1:00 PM,91,55,29.73,Clear,0,0,0,0,2,8,2
10/27/2023,1:30 PM,91,52,29.7,Clear,0,0,0,0,2,8,1
10/27/2023,2:00 PM,93,49,29.7,Clear,0,0,0,0,2,6,2
10/27/2023,2:30 PM,93,49,29.67,Clear,0,0,0,0,2,7,1
10/27/2023,3:00 PM,93,46,29.64,Clear,0,0,0,0,2,7,2
10/27/2023,3:30 PM,93,49,29.64,Clear,0,0,0,0,2,6,2
10/27/2023,4:00 PM,93,49,29.64,Clear,0,0,0,0,3,13,2
10/27/2023,4:30 PM,93,49,29.64,Clear,0,0,0,0,3,14,2
10/27/2023,5:00 PM,91,59,29.64,Clear,0,0,0,0,3,14,2
10/27/2023,5:30 PM,90,62,29.64,Clear,0,0,0,0,3,12,2
10/27/2023,6:00 PM,88,70,29.67,Clear,0,0,0,0,3,13,2
10/27/2023,6:30 PM,86,70,29.67,Clear,0,0,0,0,3,14,2
10/27/2023,7:00 PM,86,70,29.7,Clear,0,0,0,0,3,14,2
10/27/2023,7:30 PM,86,70,29.7,Clear,0,0,0,0,3,14,2
10/27/2023,8:00 PM,84,74,29.73,Clear,0,0,0,0,2,8,2
10/27/2023,8:30 PM,84,74,29.73,Clear,0,0,0,0,2,8,2
10/27/2023,9:00 PM,82,84,29.76,Clear,0,0,0,0,2,9,2
10/27/2023,9:30 PM,82,84,29.76,Clear,0,0,0,0,2,8,2
10/27/2023,10:00 PM,82,84,29.76,Clear,0,0,0,0,2,7,2
10/27/2023,10:30 PM,82,79,29.79,Clear,0,0,0,0,2,7,2
10/27/2023,11:00 PM,82,84,29.79,Clear,0,0,0,0,2,8,2
10/27/2023,11:30 PM,81,89,29.79,Clear,0,0,0,0,1,7,2
10/28/2023,12:00 AM,81,89,29.79,Clear,0,0,0,0,0,3,2
10/28/2023,12:30 AM,79,94,29.76,Clear,0,0,0,0,0,3,2
10/28/2023,1:00 AM,79,94,29.76,Clear,0,0,0,0,1,3,3
10/28/2023,1:30 AM,79,94,29.76,Clear,0,0,0,0,0,3,3
10/28/2023,2:00 AM,79,94,29.73,Clear,0,0,0,0,0,3,2
10/28/2023,2:30 AM,79,94,29.73,Clear,0,0,0,0,0,3,2
10/28/2023,3:00 AM,79,94,29.73,Clear,0,0,0,0,0,3,2
10/28/2023,3:30 AM,79,94,29.73,Rain,0,0,0,0,0,3,2
10/28/2023,4:00 AM,79,94,29.73,Clear,0,0,0,0,1,3,2
10/28/2023,4:30 AM,79,94,29.73,Rain,0,0,0,0,0,4,3
10/28/2023,5:00 AM,77,94,29.73,Rain,0,0,0,0,2,17,2
10/28/2023,5:30 AM,77,94,29.73,Rain,0,0,0,0,2,19,1
10/28/2023,6:00 AM,77,100,29.76,Rain,0,0,0,0,2,15,2
10/28/2023,6:30 AM,77,94,29.76,Clear,0,0,0,0,3,14,2
10/28/2023,7:00 AM,77,100,29.76,Clear,0,0,0,0,3,13,2
10/28/2023,7:30 AM,77,94,29.76,Clear,0,0,0,0,3,14,2
10/28/2023,8:00 AM,79,89,29.79,Clear,0,0,0,0,3,12,2
10/28/2023,8:30 AM,79,94,29.81,Clear,0,0,0,0,3,12,1
10/28/2023,9:00 AM,81,94,29.81,Clear,0,0,0,0,2,8,2
10/28/2023,9:30 AM,82,84,29.81,Clear,0,0,0,0,2,9,2
10/28/2023,10:00 AM,86,79,29.81,Clear,0,0,0,0,2,7,2
10/28/2023,10:30 AM,86,70,29.81,Clear,0,0,0,0,2,7,2
10/28/2023,11:00 AM,88,70,29.81,Clear,0,0,0,0,2,7,2
10/28/2023,11:30 AM,88,66,29.79,Clear,0,0,0,0,2,8,2
10/28/2023,12:00 PM,90,62,29.76,Clear,0,0,0,0,2,6,2
10/28/2023,12:30 PM,88,66,29.76,Clear,0,0,0,0,2,6,2
10/28/2023,1:00 PM,90,59,29.73,Clear,0,0,0,0,1,7,2
10/28/2023,1:30 PM,90,62,29.7,Clear,0,0,0,0,2,8,2
10/28/2023,2:00 PM,90,59,29.67,Clear,0,0,0,0,2,8,2
10/28/2023,2:30 PM,90,59,29.67,Rain,0,0,0,0,2,7,2
10/28/2023,3:00 PM,90,55,29.67,Rain,0,0,0,0,1,7,1
10/28/2023,3:30 PM,84,79,29.67,Rain,0,0,0,0,1,7,1
10/28/2023,4:00 PM,81,89,29.67,Rain,0,0,0,0,2,14,3
10/28/2023,4:30 PM,81,84,29.67,Clear,0,0,0,0,3,14,2
10/28/2023,5:00 PM,81,89,29.67,Clear,0,0,0,0,3,12,2
10/28/2023,5:30 PM,81,89,29.7,Clear,0,0,0,0,3,13,2
10/28/2023,6:00 PM,81,89,29.7,Clear,0,0,0,0,3,12,2
10/28/2023,6:30 PM,79,89,29.7,Clear,0,0,0,0,3,14,2
10/28/2023,7:00 PM,79,89,29.73,Clear,0,0,0,0,2,13,2
10/28/2023,7:30 PM,79,94,29.73,Clear,0,0,0,0,3,14,2
10/28/2023,8:00 PM,79,89,29.73,Clear,0,0,0,0,2,9,2
10/28/2023,8:30 PM,77,94,29.76,Clear,0,0,0,0,2,8,2
10/28/2023,9:00 PM,77,94,29.79,Clear,0,0,0,0,2,7,2
10/28/2023,9:30 PM,77,94,29.79,Clear,0,0,0,0,2,7,2
10/28/2023,10:00 PM,77,94,29.79,Clear,0,0,0,0,2,6,1
10/28/2023,10:30 PM,77,94,29.79,Clear,1,1,2,1,2,10,2
10/28/2023,11:00 PM,77,94,29.79,Clear,0,0,0,0,1,8,2
10/28/2023,11:30 PM,77,94,29.79,Clear,0,0,0,0,1,8,2
10/29/2023,12:00 AM,77,94,29.79,Clear,0,0,0,0,0,3,2
10/29/2023,12:30 AM,77,94,29.76,Clear,0,0,0,0,0,3,2
10/29/2023,1:00 AM,77,94,29.76,Clear,0,0,0,0,0,3,2
10/29/2023,1:30 AM,77,94,29.73,Clear,0,0,0,0,0,3,2
10/29/2023,2:00 AM,75,100,29.73,Clear,0,0,0,0,1,3,2
10/29/2023,2:30 AM,75,100,29.73,Clear,0,0,0,0,0,4,3
10/29/2023,3:00 AM,75,100,29.7,Clear,0,0,0,0,0,3,2
10/29/2023,3:30 AM,75,100,29.7,Clear,0,0,0,0,1,4,2
10/29/2023,4:00 AM,75,100,29.7,Clear,0,0,0,0,0,3,2
10/29/2023,4:30 AM,75,100,29.7,Mist,0,0,0,0,0,3,2
10/29/2023,5:00 AM,75,100,29.7,Clear,0,0,0,0,3,13,1
10/29/2023,5:30 AM,75,100,29.7,Clear,0,0,0,0,3,12,2
10/29/2023,6:00 AM,75,100,29.73,Mist,0,0,0,0,3,13,2
10/29/2023,6:30 AM,75,100,29.73,Clear,0,0,0,0,3,15,2
10/29/2023,7:00 AM,77,94,29.73,Clear,0,0,0,0,3,13,2
10/29/2023,7:30 AM,77,94,29.73,Clear,0,0,0,0,3,15,2
10/29/2023,8:00 AM,81,84,29.76,Clear,0,0,0,0,3,13,2
10/29/2023,8:30 AM,81,89,29.76,Clear,0,0,0,0,3,16,2
10/29/2023,9:00 AM,86,70,29.76,Clear,0,0,0,0,2,7,2
10/29/2023,9:30 AM,86,74,29.79,Clear,0,0,0,0,2,7,2
10/29/2023,10:00 AM,86,70,29.79,Clear,0,0,0,0,2,7,2
10/29/2023,10:30 AM,88,66,29.79,Clear,0,0,0,0,2,7,1
10/29/2023,11:00 AM,88,62,29.76,Clear,0,0,0,0,2,7,2
10/29/2023,11:30 AM,90,62,29.76,Clear,0,0,0,0,2,6,1
10/29/2023,12:00 PM,90,62,29.73,Clear,0,0,0,0,2,5,2
10/29/2023,12:30 PM,90,66,29.7,Clear,0,0,0,0,2,7,2
10/29/2023,1:00 PM,90,62,29.7,Clear,0,0,0,0,2,7,2
10/29/2023,1:30 PM,90,59,29.67,Clear,0,0,0,0,2,6,2
10/29/2023,2:00 PM,90,62,29.67,Rain,0,0,0,0,1,7,2
10/29/2023,2:30 PM,88,66,29.64,Rain,0,0,0,0,1,8,2
10/29/2023,3:00 PM,88,70,29.64,Clear,0,0,0,0,2,7,2
10/29/2023,3:30 PM,86,74,29.64,Rain,0,0,0,0,2,6,2
10/29/2023,4:00 PM,86,74,29.67,Clear,0,0,0,0,3,16,2
10/29/2023,4:30 PM,86,70,29.67,Rain,0,0,0,0,2,17,2
10/29/2023,5:00 PM,81,79,29.67,Rain,0,0,0,0,2,12,2
10/29/2023,5:30 PM,79,94,29.67,Rain,0,0,0,0,2,13,3
10/29/2023,6:00 PM,79,94,29.7,Clear,0,0,0,0,3,14,2
10/29/2023,6:30 PM,79,94,29.7,Rain,0,0,0,0,2,15,2
10/29/2023,7:00 PM,79,94,29.7,Rain,0,0,0,0,2,14,2
10/29/2023,7:30 PM,79,94,29.73,Rain,0,0,0,0,2,18,3
10/29/2023,8:00 PM,79,94,29.73,Clear,0,0,0,0,2,9,2
10/29/2023,8:30 PM,79,94,29.76,Rain,0,0,0,0,1,9,2
10/29/2023,9:00 PM,79,94,29.76,Rain,0,0,0,0,1,9,2
10/29/2023,9:30 PM,77,100,29.79,Rain,0,0,0,0,1,8,1
10/29/2023,10:00 PM,77,100,29.79,Rain,0,0,0,0,1,8,2
10/29/2023,10:30 PM,77,100,29.79,Rain,0,0,0,0,1,10,2
10/29/2023,11:00 PM,77,100,29.76,Rain,0,0,0,0,1,7,2
10/29/2023,11:30 PM,77,94,29.76,Clear,0,0,0,0,2,8,2
10/30/2023,12:00 AM,77,100,29.76,Clear,0,0,0,0,0,3,2
10/30/2023,12:30 AM,77,100,29.76,Clear,0,0,0,0,0,3,2
10/30/2023,1:00 AM,77,94,29.73,Clear,0,0,0,0,1,3,2
10/30/2023,1:30 AM,77,94,29.73,Clear,0,0,0,0,0,3,2
10/30/2023,2:00 AM,77,94,29.7,Clear,0,0,0,0,0,3,2
10/30/2023,2:30 AM,77,94,29.7,Clear,0,0,0,0,0,3,2
10/30/2023,3:00 AM,77,94,29.7,Mist,0,0,0,0,0,3,2
10/30/2023,3:30 AM,75,100,29.7,Mist,0,0,0,0,0,3,3
10/30/2023,4:00 AM,75,100,29.7,Mist,0,0,0,0,0,3,2
10/30/2023,4:30 AM,75,100,29.7,Clear,0,0,0,0,0,3,2
10/30/2023,5:00 AM,75,100,29.7,Mist,0,0,0,0,3,11,1
10/30/2023,5:30 AM,77,94,29.7,Mist,0,0,0,0,3,12,1
10/30/2023,6:00 AM,75,94,29.73,Clear,0,0,0,0,3,12,2
10/30/2023,6:30 AM,75,94,29.73,Clear,0,0,0,0,3,14,2
10/30/2023,7:00 AM,75,94,29.73,Clear,0,0,0,0,3,13,2
10/30/2023,7:30 AM,77,94,29.73,Clear,0,0,0,0,3,14,2
10/30/2023,8:00 AM,79,89,29.73,Clear,0,0,0,0,3,13,2
10/30/2023,8:30 AM,81,89,29.76,Clear,0,0,0,0,3,13,1
10/30/2023,9:00 AM,82,84,29.76,Clear,0,0,0,0,2,7,1
10/30/2023,9:30 AM,84,79,29.76,Clear,0,0,0,0,2,6,2
10/30/2023,10:00 AM,84,79,29.76,Clear,0,0,0,0,2,6,2
10/30/2023,10:30 AM,84,79,29.76,Clear,0,0,0,0,2,6,2
10/30/2023,11:00 AM,86,74,29.76,Clear,0,0,0,0,2,6,2
10/30/2023,11:30 AM,86,70,29.73,Clear,0,0,0,0,2,7,2
10/30/2023,12:00 PM,86,74,29.73,Rain,0,0,0,0,1,8,1
10/30/2023,12:30 PM,81,84,29.7,Rain,0,0,0,0,1,6,2
10/30/2023,1:00 PM,86,79,29.7,Clear,0,0,0,0,2,6,2
10/30/2023,1:30 PM,90,70,29.67,Clear,0,0,0,0,2,7,2
10/30/2023,2:00 PM,90,62,29.64,Clear,0,0,0,0,2,6,2
10/30/2023,2:30 PM,90,62,29.64,Rain,0,0,0,0,1,7,2
10/30/2023,3:00 PM,88,70,29.61,Rain,0,0,0,0,2,8,2
10/30/2023,3:30 PM,82,84,29.61,Rain,0,0,0,0,1,7,2
10/30/2023,4:00 PM,82,89,29.64,Rain,0,0,0,0,2,15,2
10/30/2023,4:30 PM,84,84,29.64,Clear,0,0,0,0,3,12,2
10/30/2023,5:00 PM,86,79,29.64,Clear,0,0,0,0,3,13,3
10/30/2023,5:30 PM,84,79,29.64,Clear,0,0,0,0,3,11,2
10/30/2023,6:00 PM,84,74,29.64,Clear,0,0,0,0,3,13,2
10/30/2023,6:30 PM,82,84,29.67,Clear,0,0,0,0,3,13,2
10/30/2023,7:00 PM,84,74,29.67,Clear,0,0,0,0,3,13,2
10/30/2023,7:30 PM,82,84,29.7,Clear,0,0,0,0,3,13,2
10/30/2023,8:00 PM,82,84,29.7,Clear,0,0,0,0,2,7,2
10/30/2023,8:30 PM,81,89,29.73,Clear,0,0,0,0,1,7,2
10/30/2023,9:00 PM,81,89,29.73,Clear,0,0,0,0,2,8,2
10/30/2023,9:30 PM,81,89,29.76,Clear,0,0,0,0,2,8,1
10/30/2023,10:00 PM,81,89,29.76,Rain,0,0,0,0,1,7,1
10/30/2023,10:30 PM,79,94,29.76,Clear,0,0,0,0,2,8,2
10/30/2023,11:00 PM,79,94,29.76,Clear,0,0,0,0,2,6,2
10/30/2023,11:30 PM,79,94,29.76,Clear,0,0,0,0,2,8,2
10/31/2023,12:00 AM,79,94,29.76,Clear,0,0,0,0,1,3,2
10/31/2023,12:30 AM,79,94,29.73,Clear,0,0,0,0,0,2,2
10/31/2023,1:00 AM,79,94,29.73,Clear,0,0,0,0,0,4,2
10/31/2023,1:30 AM,79,94,29.7,Clear,0,0,0,0,0,3,2
10/31/2023,2:00 AM,77,100,29.7,Clear,0,0,0,0,0,3,2
10/31/2023,2:30 AM,79,94,29.7,Clear,0,0,0,0,1,4,2
10/31/2023,3:00 AM,77,100,29.7,Clear,0,0,0,0,0,3,2
10/31/2023,3:30 AM,77,100,29.7,Clear,1,0,1,1,0,3,2
10/31/2023,4:00 AM,79,94,29.67,Clear,0,0,0,0,0,3,2
10/31/2023,4:30 AM,77,100,29.7,Clear,0,0,0,0,0,3,2
10/31/2023,5:00 AM,77,100,29.7,Clear,0,0,0,0,3,12,2
10/31/2023,5:30 AM,77,100,29.7,Clear,0,0,0,0,3,13,2
10/31/2023,6:00 AM,77,100,29.7,Clear,0,0,0,0,3,12,2
10/31/2023,6:30 AM,77,100,29.7,Clear,0,0,0,0,3,12,2
10/31/2023,7:00 AM,79,94,29.73,Clear,0,0,0,0,3,14,2
10/31/2023,7:30 AM,79,94,29.73,Clear,0,0,0,0,3,13,2
10/31/2023,8:00 AM,79,94,29.76,Clear,0,0,0,0,3,15,2
10/31/2023,8:30 AM,81,89,29.76,Clear,0,0,0,0,3,13,2
10/31/2023,9:00 AM,82,89,29.76,Clear,0,0,0,0,2,7,2
10/31/2023,9:30 AM,84,84,29.79,Clear,0,0,0,0,2,7,2
10/31/2023,10:00 AM,84,84,29.79,Clear,0,0,0,0,2,6,2
10/31/2023,10:30 AM,86,74,29.76,Clear,0,0,0,0,2,6,2
10/31/2023,11:00 AM,88,70,29.76,Clear,0,0,0,0,2,7,2
10/31/2023,11:30 AM,86,74,29.76,Clear,0,0,0,0,2,7,2
10/31/2023,12:00 PM,84,84,29.73,Clear,0,0,0,0,2,7,2
10/31/2023,12:30 PM,84,84,29.73,Rain,0,0,0,0,1,9,2
10/31/2023,1:00 PM,82,79,29.7,Clear,0,0,0,0,2,7,1
10/31/2023,1:30 PM,82,79,29.7,Clear,0,0,0,0,2,6,2
10/31/2023,2:00 PM,86,74,29.67,Clear,0,0,0,0,2,6,1
10/31/2023,2:30 PM,86,74,29.67,Clear,0,0,0,0,2,8,2
10/31/2023,3:00 PM,88,70,29.64,Clear,0,0,0,0,2,7,2
10/31/2023,3:30 PM,86,74,29.64,Clear,0,0,0,0,2,6,2
10/31/2023,4:00 PM,86,70,29.64,Clear,0,0,0,0,3,13,2
10/31/2023,4:30 PM,86,74,29.67,Clear,0,0,0,0,3,14,3
10/31/2023,5:00 PM,86,74,29.67,Clear,0,0,0,0,3,14,2
10/31/2023,5:30 PM,86,74,29.67,Clear,0,0,0,0,3,14,2
10/31/2023,6:00 PM,84,74,29.67,Clear,0,0,0,0,3,15,2
10/31/2023,6:30 PM,84,79,29.7,Clear,0,0,0,0,2,12,2
10/31/2023,7:00 PM,82,84,29.7,Clear,0,0,0,0,3,15,2
10/31/2023,7:30 PM,82,84,29.73,Clear,0,0,0,0,3,14,3
10/31/2023,8:00 PM,82,89,29.76,Clear,0,0,0,0,2,7,2
10/31/2023,8:30 PM,82,89,29.76,Clear,0,0,0,0,2,9,2
10/31/2023,9:00 PM,82,89,29.76,Clear,0,0,0,0,2,9,2
10/31/2023,9:30 PM,81,94,29.76,Clear,0,0,0,0,2,8,2
10/31/2023,10:00 PM,81,89,29.79,Clear,0,0,0,0,2,7,2
10/31/2023,10:30 PM,81,94,29.76,Rain,0,0,0,0,1,9,2
10/31/2023,11:00 PM,81,94,29.79,Rain,0,0,0,0,1,9,2
10/31/2023,11:30 PM,77,100,29.76,Rain,0,0,0,0,1,9,2
11/1/2023,12:00 AM,79,94,29.76,Rain,0,0,0,0,0,3,2
11/1/2023,12:30 AM,79,94,29.76,Clear,0,0,0,0,0,3,2
11/1/2023,1:00 AM,79,94,29.73,Clear,0,0,0,0,0,3,2
11/1/2023,1:30 AM,77,100,29.73,Clear,0,0,0,0,0,4,2
11/1/2023,2:00 AM,77,100,29.7,Clear,0,0,0,0,0,4,2
11/1/2023,2:30 AM,77,100,29.7,Clear,0,0,0,0,1,3,2
11/1/2023,3:00 AM,77,100,29.7,Clear,0,0,0,0,0,3,2
11/1/2023,3:30 AM,77,100,29.7,Clear,0,0,0,0,0,3,2
11/1/2023,4:00 AM,77,100,29.7,Clear,0,0,0,0,0,3,3
11/1/2023,4:30 AM,77,100,29.7,Rain,0,0,0,0,0,3,2
11/1/2023,5:00 AM,75,94,29.73,Rain,0,0,0,0,2,14,2
11/1/2023,5:30 AM,75,94,29.73,Rain,0,0,0,0,2,17,2
11/1/2023,6:00 AM,75,94,29.76,Rain,0,0,0,0,2,13,2
11/1/2023,6:30 AM,75,100,29.76,Clear,0,0,0,0,3,14,1
11/1/2023,7:00 AM,77,94,29.76,Clear,0,0,0,0,3,17,2
11/1/2023,7:30 AM,79,94,29.79,Clear,0,0,0,0,3,11,2
11/1/2023,8:00 AM,79,94,29.79,Clear,0,0,0,0,2,13,2
11/1/2023,8:30 AM,82,84,29.79,Clear,0,0,0,0,3,13,2
11/1/2023,9:00 AM,81,89,29.79,Clear,0,0,0,0,2,7,1
11/1/2023,9:30 AM,81,89,29.79,Clear,0,0,0,0,2,8,2
11/1/2023,10:00 AM,81,89,29.81,Rain,0,0,0,0,2,8,2
11/1/2023,10:30 AM,81,89,29.81,Rain,0,0,0,0,1,7,1
11/1/2023,11:00 AM,81,89,29.81,Rain,0,0,0,0,1,7,2
11/1/2023,11:30 AM,81,89,29.79,Rain,0,0,0,0,1,8,2
11/1/2023,12:00 PM,81,89,29.76,Rain,0,0,0,0,1,7,2
11/1/2023,12:30 PM,81,89,29.79,Clear,0,0,0,0,2,7,2
11/1/2023,1:00 PM,81,84,29.73,Clear,0,0,0,0,2,6,2
11/1/2023,1:30 PM,81,89,29.73,Clear,0,0,0,0,2,7,2
11/1/2023,2:00 PM,81,89,29.7,Clear,0,0,0,0,2,8,2
11/1/2023,2:30 PM,81,89,29.7,Clear,0,0,0,0,2,8,1
11/1/2023,3:00 PM,82,84,29.7,Clear,0,0,0,0,2,7,2
11/1/2023,3:30 PM,82,84,29.7,Clear,0,0,0,0,2,8,1
11/1/2023,4:00 PM,84,79,29.7,Clear,0,0,0,0,3,14,2
11/1/2023,4:30 PM,82,84,29.67,Clear,0,0,0,0,4,11,2
11/1/2023,5:00 PM,82,79,29.7,Clear,0,0,0,0,2,14,2
11/1/2023,5:30 PM,82,84,29.7,Clear,0,0,0,0,3,14,2
11/1/2023,6:00 PM,81,89,29.73,Clear,0,0,0,0,3,11,3
11/1/2023,6:30 PM,81,89,29.73,Clear,0,0,0,0,3,14,2
11/1/2023,7:00 PM,81,89,29.76,Clear,0,0,0,0,3,14,2
11/1/2023,7:30 PM,79,94,29.76,Clear,0,0,0,0,3,17,3
11/1/2023,8:00 PM,79,94,29.76,Clear,0,0,0,0,2,8,2
11/1/2023,8:30 PM,79,94,29.76,Clear,0,0,0,0,2,9,2
11/1/2023,9:00 PM,79,94,29.79,Clear,0,0,0,0,2,9,2
11/1/2023,9:30 PM,79,89,29.79,Clear,0,0,0,0,2,9,2
11/1/2023,10:00 PM,79,89,29.79,Clear,0,0,0,0,2,8,1
11/1/2023,10:30 PM,77,94,29.79,Clear,0,0,0,0,1,9,2
11/1/2023,11:00 PM,77,94,29.79,Clear,0,0,0,0,2,8,2
11/1/2023,11:30 PM,77,94,29.79,Clear,0,0,0,0,2,7,2
11/2/2023,12:00 AM,77,94,29.79,Clear,0,0,0,0,0,3,2
11/2/2023,12:30 AM,77,94,29.76,Clear,0,0,0,0,0,3,2
11/2/2023,1:00 AM,77,94,29.76,Clear,0,0,0,0,0,3,2
11/2/2023,1:30 AM,77,94,29.73,Clear,0,0,0,0,0,3,3
11/2/2023,2:00 AM,77,94,29.73,Clear,0,0,0,0,0,3,2
11/2/2023,2:30 AM,75,100,29.73,Clear,0,0,0,0,0,3,2
11/2/2023,3:00 AM,75,100,29.73,Clear,0,0,0,0,0,3,2
11/2/2023,3:30 AM,75,100,29.73,Clear,0,0,0,0,1,3,2
11/2/2023,4:00 AM,75,94,29.7,Clear,0,0,0,0,1,3,2
11/2/2023,4:30 AM,75,100,29.7,Clear,0,0,0,0,0,3,3
11/2/2023,5:00 AM,75,94,29.73,Clear,0,0,0,0,3,15,2
11/2/2023,5:30 AM,75,94,29.73,Clear,0,0,0,0,3,15,2
11/2/2023,6:00 AM,75,100,29.73,Clear,0,0,0,0,3,16,2
11/2/2023,6:30 AM,75,100,29.73,Clear,0,0,0,0,2,17,2
11/2/2023,7:00 AM,77,94,29.76,Clear,0,0,0,0,2,12,2
11/2/2023,7:30 AM,79,89,29.76,Clear,0,0,0,0,3,13,2
11/2/2023,8:00 AM,79,89,29.79,Clear,0,0,0,0,3,13,2
11/2/2023,8:30 AM,81,89,29.79,Clear,0,0,0,0,3,13,2
11/2/2023,9:00 AM,84,79,29.79,Clear,0,0,0,0,2,7,2
11/2/2023,9:30 AM,84,79,29.79,Clear,0,0,0,0,2,7,2
11/2/2023,10:00 AM,84,79,29.79,Clear,0,0,0,0,2,5,1
11/2/2023,10:30 AM,86,74,29.79,Clear,0,0,0,0,2,7,2
11/2/2023,11:00 AM,86,74,29.79,Rain,0,0,0,0,1,7,2
11/2/2023,11:30 AM,86,74,29.79,Rain,0,0,0,0,1,6,2
11/2/2023,12:00 PM,86,79,29.76,Rain,0,0,0,0,1,6,1
11/2/2023,12:30 PM,79,94,29.76,Rain,0,0,0,0,1,9,2
11/2/2023,1:00 PM,81,89,29.73,Rain,0,0,0,0,1,7,2
11/2/2023,1:30 PM,82,89,29.73,Rain,0,0,0,0,1,7,2
11/2/2023,2:00 PM,84,84,29.7,Rain,0,0,0,0,1,8,1
11/2/2023,2:30 PM,84,79,29.7,Rain,0,0,0,0,1,7,1
11/2/2023,3:00 PM,84,79,29.67,Clear,0,0,0,0,2,7,1
11/2/2023,3:30 PM,84,79,29.67,Rain,0,0,0,0,1,7,1
11/2/2023,4:00 PM,84,79,29.7,Rain,0,0,0,0,2,14,2
11/2/2023,4:30 PM,84,79,29.7,Rain,0,0,0,0,2,14,2
11/2/2023,5:00 PM,79,89,29.7,Rain,0,0,0,0,2,14,2
11/2/2023,5:30 PM,77,100,29.73,Rain,0,0,0,0,2,16,3
11/2/2023,6:00 PM,77,94,29.73,Rain,0,0,0,0,2,15,2
11/2/2023,6:30 PM,75,100,29.73,Rain,0,0,0,0,2,15,3
11/2/2023,7:00 PM,77,94,29.73,Rain,0,0,0,0,2,17,2
11/2/2023,7:30 PM,77,94,29.76,Rain,0,0,0,0,2,17,2
11/2/2023,8:00 PM,77,100,29.76,Rain,0,0,0,0,1,9,2
11/2/2023,8:30 PM,77,94,29.76,Rain,0,0,0,0,1,8,2
11/2/2023,9:00 PM,77,94,29.76,Rain,0,0,0,0,1,10,2
11/2/2023,9:30 PM,77,94,29.76,Rain,0,0,0,0,1,9,2
11/2/2023,10:00 PM,75,100,29.76,Rain,0,0,0,0,1,9,2
11/2/2023,10:30 PM,77,94,29.76,Clear,0,0,0,0,2,7,2
11/2/2023,11:00 PM,77,94,29.76,Clear,0,0,0,0,2,8,2
11/2/2023,11:30 PM,77,94,29.76,Clear,0,0,0,0,2,7,2
11/3/2023,12:00 AM,75,100,29.73,Clear,0,0,0,0,0,3,2
11/3/2023,12:30 AM,75,100,29.73,Clear,0,0,0,0,0,3,2
11/3/2023,1:00 AM,75,100,29.73,Clear,0,0,0,0,0,3,2
11/3/2023,1:30 AM,75,100,29.7,Clear,0,0,0,0,0,4,3
11/3/2023,2:00 AM,75,100,29.7,Clear,0,0,0,0,1,3,2
11/3/2023,2:30 AM,75,100,29.7,Clear,0,0,0,0,0,2,2
11/3/2023,3:00 AM,75,100,29.7,Clear,0,0,0,0,0,3,2
11/3/2023,3:30 AM,75,100,29.7,Clear,0,0,0,0,0,3,2
11/3/2023,4:00 AM,75,100,29.7,Mist,0,0,0,0,1,3,2
11/3/2023,4:30 AM,75,100,29.7,Mist,0,0,0,0,0,3,2
11/3/2023,5:00 AM,75,100,29.7,Mist,0,0,0,0,3,12,2
11/3/2023,5:30 AM,75,100,29.7,Mist,0,0,0,0,2,12,1
11/3/2023,6:00 AM,75,100,29.7,Mist,0,0,0,0,3,13,2
11/3/2023,6:30 AM,75,100,29.7,Mist,0,0,0,0,3,11,2
11/3/2023,7:00 AM,77,94,29.7,Mist,0,0,0,0,2,12,2
11/3/2023,7:30 AM,77,100,29.73,Mist,0,0,0,0,3,14,2
11/3/2023,8:00 AM,79,94,29.73,Mist,0,0,0,0,3,14,2
11/3/2023,8:30 AM,81,89,29.76,Clear,0,0,0,0,3,13,2
11/3/2023,9:00 AM,84,79,29.76,Clear,0,0,0,0,2,7,2
11/3/2023,9:30 AM,84,79,29.76,Clear,0,0,0,0,2,7,1
11/3/2023,10:00 AM,84,79,29.76,Clear,0,0,0,0,2,6,2
11/3/2023,10:30 AM,84,79,29.73,Clear,0,0,0,0,2,6,1
11/3/2023,11:00 AM,86,70,29.73,Clear,0,0,0,0,2,6,2
11/3/2023,12:00 PM,90,62,29.7,Clear,0,0,0,0,2,6,2
11/3/2023,12:30 PM,90,62,29.7,Clear,0,0,0,0,2,6,1
11/3/2023,1:00 PM,91,59,29.67,Clear,0,0,0,0,2,8,2
11/3/2023,1:30 PM,90,66,29.64,Clear,0,0,0,0,2,7,2
11/3/2023,2:00 PM,90,66,29.64,Clear,0,0,0,0,2,7,1
11/3/2023,2:30 PM,88,75,29.64,Rain,0,0,0,0,2,8,2
11/3/2023,3:00 PM,90,70,29.61,Clear,0,0,0,0,2,7,2
11/3/2023,3:30 PM,90,70,29.61,Clear,0,0,0,0,2,6,2
11/3/2023,4:00 PM,88,70,29.61,Clear,0,0,0,0,3,13,2
11/3/2023,4:30 PM,86,74,29.61,Rain,0,0,0,0,2,14,2
11/3/2023,5:00 PM,86,74,29.64,Clear,0,0,0,0,3,13,3
11/3/2023,5:30 PM,84,79,29.64,Clear,0,0,0,0,3,14,2
11/3/2023,6:00 PM,84,79,29.67,Clear,0,0,0,0,3,13,2
11/3/2023,6:30 PM,84,79,29.67,Clear,0,0,0,0,3,13,2
11/3/2023,7:00 PM,82,84,29.7,Clear,0,0,0,0,2,12,2
11/3/2023,7:30 PM,82,84,29.7,Clear,0,0,0,0,3,14,2
11/3/2023,8:00 PM,81,84,29.7,Clear,0,0,0,0,2,6,2
11/3/2023,9:00 PM,79,89,29.73,Clear,0,0,0,0,2,8,2
11/3/2023,9:30 PM,77,94,29.73,Clear,0,0,0,0,2,8,2
11/3/2023,10:00 PM,77,94,29.76,Clear,0,0,0,0,2,10,2
11/3/2023,10:30 PM,77,94,29.73,Clear,0,0,0,0,2,7,1
11/3/2023,11:00 PM,77,94,29.73,Clear,0,0,0,0,2,8,2
11/3/2023,11:30 PM,77,94,29.73,Clear,0,0,0,0,2,7,2
11/4/2023,12:00 AM,77,94,29.73,Rain,0,0,0,0,0,3,2
11/4/2023,12:30 AM,77,94,29.73,Rain,0,0,0,0,0,3,2
11/4/2023,1:00 AM,77,94,29.7,Clear,0,0,0,0,0,3,2
11/4/2023,1:30 AM,77,94,29.7,Clear,0,0,0,0,0,3,2
11/4/2023,2:00 AM,75,100,29.67,Clear,0,0,0,0,1,3,2
11/4/2023,3:00 AM,75,100,29.67,Clear,0,0,0,0,0,3,2
11/4/2023,3:30 AM,75,100,29.67,Clear,0,0,0,0,0,3,3
11/4/2023,4:00 AM,75,100,29.67,Clear,0,0,0,0,1,3,3
11/4/2023,4:30 AM,75,100,29.67,Clear,0,0,0,0,1,3,2
11/4/2023,5:00 AM,75,100,29.67,Mist,0,0,0,0,3,13,2
11/4/2023,5:30 AM,75,100,29.7,Mist,0,0,0,0,3,16,2
11/4/2023,6:00 AM,75,100,29.7,Mist,0,0,0,0,3,14,1
11/4/2023,7:00 AM,75,100,29.7,Mist,0,0,0,0,2,14,2
11/4/2023,7:30 AM,77,94,29.7,Mist,0,0,0,0,3,15,2
11/4/2023,8:00 AM,77,100,29.73,Mist,0,0,0,0,3,13,2
11/4/2023,8:30 AM,82,84,29.73,Clear,0,0,0,0,3,14,2
11/4/2023,9:00 AM,84,84,29.76,Clear,0,0,0,0,2,6,1
11/4/2023,10:00 AM,88,70,29.76,Clear,0,0,0,0,2,6,2
11/4/2023,10:30 AM,88,70,29.76,Clear,0,0,0,0,2,7,1
11/4/2023,11:00 AM,86,70,29.73,Clear,0,0,0,0,2,7,1
11/4/2023,11:30 AM,90,66,29.73,Clear,0,0,0,0,2,6,2
11/4/2023,12:00 PM,91,63,29.7,Rain,0,0,0,0,1,7,2
11/4/2023,12:30 PM,88,70,29.7,Rain,0,0,0,0,1,7,1
11/4/2023,1:30 PM,84,84,29.67,Clear,0,0,0,0,2,6,2
11/4/2023,2:00 PM,82,89,29.67,Rain,0,0,0,0,2,8,2
11/4/2023,2:30 PM,82,84,29.64,Rain,0,0,0,0,1,8,2
11/4/2023,3:00 PM,84,84,29.64,Clear,0,0,0,0,2,8,2
11/4/2023,3:30 PM,86,79,29.64,Rain,0,0,0,0,1,6,2
11/4/2023,4:00 PM,86,84,29.64,Clear,0,0,0,0,3,14,2
11/4/2023,4:30 PM,86,74,29.64,Clear,0,0,0,0,3,14,3
11/4/2023,5:00 PM,84,84,29.67,Clear,0,0,0,0,3,12,3
11/4/2023,5:30 PM,81,89,29.67,Clear,0,0,0,0,3,13,2
11/4/2023,6:00 PM,81,84,29.67,Clear,0,0,0,0,3,13,2
11/4/2023,6:30 PM,81,84,29.7,Clear,0,0,0,0,3,12,2
11/4/2023,7:00 PM,79,89,29.7,Clear,0,0,0,0,3,15,2
11/4/2023,7:30 PM,79,89,29.7,Clear,0,0,0,0,3,15,2
11/4/2023,8:00 PM,77,94,29.73,Clear,0,0,0,0,1,8,2
11/4/2023,8:30 PM,79,89,29.73,Clear,0,0,0,0,2,6,2
11/4/2023,9:00 PM,79,83,29.73,Clear,0,0,0,0,2,7,2
11/4/2023,9:30 PM,77,89,29.73,Clear,0,0,0,0,1,9,2
11/4/2023,10:00 PM,77,94,29.76,Clear,0,0,0,0,2,8,2
11/4/2023,10:30 PM,77,94,29.73,Clear,0,0,0,0,2,6,1
11/4/2023,11:00 PM,77,94,29.76,Clear,0,0,0,0,2,9,2
11/4/2023,11:30 PM,77,94,29.73,Clear,0,0,0,0,2,8,1
11/5/2023,12:00 AM,77,94,29.73,Clear,0,0,0,0,0,3,2
11/5/2023,12:30 AM,77,94,29.73,Clear,0,0,0,0,1,3,2
11/5/2023,1:00 AM,77,94,29.7,Clear,0,0,0,0,0,3,2
11/5/2023,1:30 AM,77,94,29.7,Clear,0,0,0,0,1,3,2
11/5/2023,2:00 AM,75,100,29.7,Clear,0,0,0,0,0,3,3
11/5/2023,2:30 AM,75,94,29.67,Clear,0,0,0,0,0,3,2
11/5/2023,3:00 AM,75,94,29.67,Clear,0,0,0,0,0,3,2
11/5/2023,3:30 AM,75,100,29.7,Clear,0,0,0,0,0,3,2
11/5/2023,4:00 AM,75,100,29.7,Clear,0,0,0,0,1,3,2
11/5/2023,4:30 AM,75,94,29.7,Clear,0,0,0,0,0,4,2
11/5/2023,5:00 AM,75,100,29.7,Clear,0,0,0,0,3,15,2
11/5/2023,5:30 AM,75,94,29.7,Clear,0,0,0,0,3,14,2
11/5/2023,6:00 AM,75,100,29.7,Clear,0,0,0,0,3,13,1
11/5/2023,6:30 AM,75,100,29.73,Clear,0,0,0,0,3,15,2
11/5/2023,7:00 AM,77,94,29.73,Clear,0,0,0,0,3,12,2
11/5/2023,7:30 AM,79,94,29.76,Clear,0,0,0,0,3,14,2
11/5/2023,8:00 AM,81,89,29.76,Clear,0,0,0,0,3,12,2
11/5/2023,8:30 AM,84,79,29.79,Clear,0,0,0,0,3,16,2
11/5/2023,9:00 AM,84,89,29.79,Clear,0,0,0,0,2,7,2
11/5/2023,9:30 AM,84,89,29.79,Rain,0,0,0,0,1,7,2
11/5/2023,10:00 AM,81,89,29.79,Rain,0,0,0,0,2,8,1
11/5/2023,10:30 AM,79,94,29.79,Rain,0,0,0,0,1,7,1
11/5/2023,11:00 AM,82,89,29.79,Clear,0,0,0,0,2,6,1
11/5/2023,11:30 AM,84,84,29.76,Clear,0,0,0,0,2,8,2
11/5/2023,12:00 PM,82,79,29.76,Clear,0,0,0,0,2,6,1
11/5/2023,12:30 PM,82,84,29.73,Clear,0,0,0,0,2,7,1
11/5/2023,1:00 PM,84,79,29.73,Clear,0,0,0,0,2,8,1
11/5/2023,1:30 PM,86,79,29.73,Clear,0,0,0,0,2,6,2
11/5/2023,2:00 PM,86,74,29.7,Clear,0,0,0,0,2,6,2
11/5/2023,2:30 PM,84,79,29.67,Clear,0,0,0,0,2,6,2
11/5/2023,3:00 PM,86,70,29.67,Clear,0,0,0,0,2,6,2
11/5/2023,3:30 PM,86,70,29.67,Clear,0,0,0,0,2,6,2
11/5/2023,4:00 PM,86,74,29.67,Clear,0,0,0,0,3,14,2
11/5/2023,4:30 PM,84,79,29.67,Clear,0,0,0,0,2,13,2
11/5/2023,5:00 PM,84,74,29.67,Clear,0,0,0,0,3,13,3
11/5/2023,5:30 PM,82,84,29.7,Clear,0,0,0,0,3,12,2
11/5/2023,6:00 PM,82,84,29.7,Clear,0,0,0,0,3,13,2
11/5/2023,6:30 PM,82,84,29.7,Clear,0,0,0,0,3,15,3
11/5/2023,7:00 PM,81,89,29.73,Clear,0,0,0,0,3,14,3
11/5/2023,7:30 PM,81,89,29.73,Clear,0,0,0,0,3,14,2
11/5/2023,8:00 PM,81,89,29.76,Clear,0,0,0,0,2,7,2
11/5/2023,8:30 PM,81,89,29.76,Clear,0,0,0,0,2,8,2
11/5/2023,9:00 PM,81,89,29.76,Clear,0,0,0,0,1,6,2
11/5/2023,9:30 PM,79,94,29.76,Clear,0,0,0,0,2,8,1
11/5/2023,10:00 PM,79,94,29.76,Clear,0,0,0,0,1,8,2
11/5/2023,10:30 PM,79,89,29.76,Clear,0,0,0,0,2,7,1
11/5/2023,11:00 PM,79,89,29.76,Clear,0,0,0,0,2,7,2
11/5/2023,11:30 PM,77,94,29.76,Clear,0,0,0,0,1,8,2
11/6/2023,12:00 AM,77,100,29.76,Clear,0,0,0,0,0,3,2
11/6/2023,12:30 AM,77,100,29.73,Clear,0,0,0,0,1,3,2
11/6/2023,1:00 AM,77,94,29.73,Clear,0,0,0,0,1,3,2
11/6/2023,1:30 AM,77,94,29.73,Clear,0,0,0,0,0,3,2
11/6/2023,2:00 AM,77,100,29.73,Rain,0,0,0,0,0,4,2
11/6/2023,2:30 AM,77,100,29.73,Clear,0,0,0,0,1,3,2
11/6/2023,3:00 AM,77,94,29.7,Clear,0,0,0,0,0,3,2
11/6/2023,3:30 AM,77,100,29.7,Clear,0,0,0,0,0,3,3
11/6/2023,4:00 AM,77,100,29.7,Clear,0,0,0,0,0,3,2
11/6/2023,4:30 AM,77,100,29.73,Clear,0,0,0,0,0,3,2
11/6/2023,5:00 AM,77,94,29.7,Clear,0,0,0,0,2,16,2
11/6/2023,5:30 AM,77,100,29.73,Rain,0,0,0,0,2,14,2
11/6/2023,6:00 AM,77,100,29.73,Clear,0,0,0,0,3,12,2
11/6/2023,6:30 AM,77,100,29.76,Clear,0,0,0,0,3,15,1
11/6/2023,7:00 AM,77,100,29.76,Clear,0,0,0,0,3,13,2
11/6/2023,7:30 AM,79,94,29.76,Clear,0,0,0,0,3,12,2
11/6/2023,8:00 AM,81,89,29.76,Clear,0,0,0,0,3,14,2
11/6/2023,8:30 AM,82,89,29.76,Clear,0,0,0,0,2,15,2
11/6/2023,9:00 AM,86,79,29.79,Clear,0,0,0,0,2,7,2
11/6/2023,9:30 AM,84,79,29.79,Clear,0,0,0,0,2,7,2
11/6/2023,10:00 AM,88,75,29.79,Clear,0,0,0,0,2,7,2
11/6/2023,10:30 AM,88,75,29.79,Clear,0,0,0,0,2,6,2
11/6/2023,11:00 AM,88,70,29.79,Clear,0,0,0,0,2,7,2
11/6/2023,11:30 AM,90,62,29.76,Clear,0,0,0,0,2,7,2
11/6/2023,12:00 PM,91,63,29.73,Clear,0,0,0,0,2,7,1
11/6/2023,12:30 PM,91,59,29.73,Clear,0,0,0,0,2,7,2
11/6/2023,1:00 PM,91,59,29.7,Clear,0,0,0,0,2,5,2
11/6/2023,1:30 PM,90,66,29.67,Clear,0,0,0,0,1,6,1
11/6/2023,2:00 PM,91,63,29.67,Rain,0,0,0,0,1,6,2
11/6/2023,2:30 PM,91,63,29.64,Clear,0,0,0,0,2,8,2
11/6/2023,3:00 PM,91,63,29.64,Rain,0,0,0,0,1,8,2
11/6/2023,3:30 PM,90,66,29.64,Rain,0,0,0,0,1,7,2
11/6/2023,4:00 PM,90,62,29.64,Clear,0,0,0,0,3,14,2
11/6/2023,4:30 PM,88,70,29.64,Clear,0,0,0,0,3,13,2
11/6/2023,5:00 PM,88,70,29.64,Clear,0,0,0,0,3,13,2
11/6/2023,5:30 PM,86,74,29.64,Clear,0,0,0,0,3,12,2
11/6/2023,6:00 PM,84,79,29.67,Clear,0,0,0,0,3,13,2
11/6/2023,6:30 PM,84,79,29.7,Clear,0,0,0,0,2,13,2
11/6/2023,7:00 PM,84,79,29.7,Clear,0,0,0,0,3,14,2
11/6/2023,7:30 PM,82,84,29.73,Clear,0,0,0,0,3,13,2
11/6/2023,8:00 PM,82,89,29.73,Clear,0,0,0,0,1,8,2
11/6/2023,8:30 PM,82,84,29.76,Clear,0,0,0,0,2,7,1
11/6/2023,9:00 PM,82,84,29.76,Clear,0,0,0,0,2,8,2
11/6/2023,9:30 PM,82,84,29.79,Clear,0,0,0,0,2,7,2
11/6/2023,10:00 PM,81,89,29.79,Clear,0,0,0,0,2,7,2
11/6/2023,10:30 PM,82,89,29.79,Clear,0,0,0,0,2,8,1
11/6/2023,11:00 PM,81,94,29.79,Rain,0,0,0,0,1,9,2
11/6/2023,11:30 PM,81,94,29.76,Clear,0,0,0,0,2,9,2
11/7/2023,12:00 AM,81,89,29.76,Clear,0,0,0,0,0,3,2
11/7/2023,12:30 AM,79,100,29.76,Rain,0,0,0,0,0,4,2
11/7/2023,1:00 AM,79,100,29.76,Clear,0,0,0,0,0,3,3
11/7/2023,1:30 AM,79,94,29.73,Clear,0,0,0,0,0,3,2
11/7/2023,2:00 AM,79,94,29.73,Clear,0,0,0,0,0,4,2
11/7/2023,2:30 AM,79,94,29.73,Clear,0,0,0,0,0,3,3
11/7/2023,3:00 AM,79,94,29.7,Clear,0,0,0,0,0,3,2
11/7/2023,3:30 AM,79,94,29.7,Clear,0,0,0,0,0,3,2
11/7/2023,4:00 AM,79,94,29.7,Clear,0,0,0,0,0,3,2
11/7/2023,4:30 AM,79,94,29.7,Clear,0,0,0,0,1,3,2
11/7/2023,5:00 AM,77,94,29.7,Clear,0,0,0,0,3,13,1
11/7/2023,5:30 AM,77,94,29.7,Clear,0,0,0,0,3,12,2
11/7/2023,6:00 AM,77,94,29.7,Clear,0,0,0,0,3,13,2
11/7/2023,6:30 AM,77,94,29.7,Clear,0,0,0,0,3,15,2
11/7/2023,7:00 AM,79,94,29.73,Clear,0,0,0,0,3,13,1
11/7/2023,7:30 AM,82,84,29.76,Clear,0,0,0,0,3,12,2
11/7/2023,8:00 AM,82,84,29.76,Clear,0,0,0,0,3,14,2
11/7/2023,8:30 AM,84,79,29.79,Clear,0,0,0,0,3,14,2
11/7/2023,9:00 AM,84,79,29.79,Clear,0,0,0,0,2,7,2
11/7/2023,9:30 AM,86,79,29.79,Clear,0,0,0,0,2,6,1
11/7/2023,10:00 AM,88,70,29.79,Clear,0,0,0,0,2,7,1
11/7/2023,10:30 AM,88,66,29.79,Rain,0,0,0,0,1,8,2
11/7/2023,11:00 AM,84,79,29.76,Rain,0,0,0,0,1,8,2
11/7/2023,11:30 AM,81,84,29.76,Rain,0,0,0,0,1,7,2
11/7/2023,12:00 PM,84,79,29.76,Rain,0,0,0,0,1,8,2
11/7/2023,12:30 PM,86,74,29.73,Clear,0,0,0,0,2,6,1
11/7/2023,1:00 PM,86,74,29.73,Clear,0,0,0,0,2,7,1
11/7/2023,1:30 PM,88,70,29.7,Rain,0,0,0,0,1,8,2
11/7/2023,2:00 PM,88,75,29.7,Rain,0,0,0,0,1,7,2
11/7/2023,2:30 PM,88,75,29.67,Rain,0,0,0,0,1,6,1
11/7/2023,3:00 PM,88,70,29.67,Rain,0,0,0,0,2,8,2
11/7/2023,3:30 PM,88,66,29.67,Rain,0,0,0,0,1,8,2
11/7/2023,4:00 PM,86,70,29.67,Clear,0,0,0,0,3,15,2
11/7/2023,4:30 PM,82,84,29.7,Clear,0,0,0,0,3,14,2
11/7/2023,5:00 PM,81,84,29.7,Clear,0,0,0,0,3,13,2
11/7/2023,5:30 PM,81,84,29.67,Clear,0,0,0,0,3,14,2
11/7/2023,6:00 PM,79,89,29.67,Clear,0,0,0,0,3,13,2
11/7/2023,6:30 PM,79,89,29.7,Clear,0,0,0,0,3,13,2
11/7/2023,7:00 PM,79,89,29.73,Clear,0,0,0,0,3,15,2
11/7/2023,7:30 PM,79,89,29.73,Clear,0,0,0,0,3,12,2
11/7/2023,8:00 PM,77,94,29.76,Clear,0,0,0,0,2,8,2
11/7/2023,8:30 PM,79,89,29.76,Clear,0,0,0,0,2,8,2
11/7/2023,9:00 PM,79,89,29.76,Clear,0,0,0,0,2,8,2
11/7/2023,9:30 PM,77,94,29.79,Clear,0,0,0,0,2,8,2
11/7/2023,10:00 PM,77,94,29.79,Clear,0,0,0,0,2,7,2
11/7/2023,10:30 PM,77,94,29.79,Clear,0,0,0,0,1,7,2
11/7/2023,11:00 PM,77,94,29.79,Clear,0,0,0,0,2,7,2
11/7/2023,11:30 PM,77,94,29.76,Clear,0,0,0,0,2,8,2
11/8/2023,12:00 AM,77,94,29.76,Clear,0,0,0,0,1,3,3
11/8/2023,12:30 AM,77,94,29.76,Clear,0,0,0,0,0,3,2
11/8/2023,1:00 AM,77,94,29.73,Clear,0,0,0,0,0,3,3
11/8/2023,1:30 AM,77,94,29.73,Clear,0,0,0,0,1,3,2
11/8/2023,2:00 AM,75,100,29.7,Clear,0,0,0,0,0,3,2
11/8/2023,2:30 AM,75,100,29.7,Clear,0,0,0,0,1,3,2
11/8/2023,3:00 AM,75,100,29.7,Clear,0,0,0,0,0,3,2
11/8/2023,3:30 AM,75,100,29.7,Clear,0,0,0,0,0,3,2
11/8/2023,4:00 AM,75,100,29.7,Clear,0,0,0,0,1,3,2
11/8/2023,4:30 AM,75,100,29.7,Clear,1,0,1,0,0,3,2
11/8/2023,5:00 AM,75,100,29.7,Clear,0,0,0,0,3,14,2
11/8/2023,5:30 AM,75,100,29.7,Clear,0,0,0,0,3,13,2
11/8/2023,6:00 AM,75,100,29.7,Clear,0,0,0,0,3,15,2
11/8/2023,6:30 AM,75,100,29.73,Mist,0,0,0,0,2,13,2
11/8/2023,7:00 AM,75,100,29.73,Mist,0,0,0,0,3,13,1
11/8/2023,7:30 AM,77,94,29.76,Mist,0,0,0,0,3,14,2
11/8/2023,8:00 AM,81,89,29.76,Mist,0,0,0,0,3,12,2
11/8/2023,8:30 AM,82,84,29.79,Clear,0,0,0,0,3,12,2
11/8/2023,9:00 AM,84,79,29.79,Clear,0,0,0,0,2,7,2
11/8/2023,9:30 AM,84,84,29.79,Clear,0,0,0,0,2,8,1
11/8/2023,10:00 AM,86,74,29.79,Clear,0,0,0,0,2,8,2
11/8/2023,10:30 AM,88,66,29.76,Clear,0,0,0,0,2,7,2
11/8/2023,11:00 AM,88,66,29.76,Clear,0,0,0,0,2,7,2
11/8/2023,11:30 AM,88,70,29.76,Rain,0,0,0,0,1,8,2
11/8/2023,12:00 PM,79,94,29.76,Rain,0,0,0,0,1,8,2
11/8/2023,12:30 PM,81,89,29.73,Rain,0,0,0,0,1,8,2
11/8/2023,1:00 PM,81,94,29.73,Rain,0,0,0,0,1,9,2
11/8/2023,1:30 PM,82,84,29.7,Clear,0,0,0,0,2,6,2
11/8/2023,2:00 PM,86,74,29.67,Clear,0,0,0,0,2,6,2
11/8/2023,2:30 PM,88,66,29.67,Clear,0,0,0,0,2,7,2
11/8/2023,3:00 PM,86,70,29.64,Clear,0,0,0,0,2,6,2
11/8/2023,3:30 PM,88,70,29.64,Clear,0,0,0,0,2,7,2
11/8/2023,4:00 PM,88,75,29.64,Clear,0,0,0,0,3,12,3
11/8/2023,4:30 PM,86,74,29.64,Clear,0,0,0,0,3,14,2
11/8/2023,5:00 PM,86,70,29.67,Clear,0,0,0,0,2,13,2
11/8/2023,5:30 PM,84,79,29.67,Clear,0,0,0,0,3,10,2
11/8/2023,6:00 PM,84,79,29.7,Clear,0,0,0,0,3,14,2
11/8/2023,6:30 PM,82,84,29.7,Clear,0,0,0,0,3,13,2
11/8/2023,7:00 PM,82,84,29.7,Clear,0,0,0,0,3,13,3
11/8/2023,7:30 PM,81,89,29.73,Clear,0,0,0,0,3,13,2
11/8/2023,8:00 PM,81,89,29.73,Clear,0,0,0,0,2,8,2
11/8/2023,8:30 PM,81,89,29.73,Clear,0,0,0,0,2,8,2
11/8/2023,9:00 PM,81,94,29.76,Clear,0,0,0,0,2,8,2
11/8/2023,9:30 PM,81,89,29.76,Clear,0,0,0,0,2,8,2
11/8/2023,10:00 PM,81,89,29.76,Clear,0,0,0,0,2,6,2
11/8/2023,10:30 PM,79,94,29.76,Clear,0,0,0,0,2,9,2
11/8/2023,11:00 PM,79,94,29.76,Clear,0,0,0,0,2,6,2
11/8/2023,11:30 PM,79,94,29.76,Clear,0,0,0,0,1,8,2
11/9/2023,12:00 AM,79,94,29.76,Clear,0,0,0,0,0,3,2
11/9/2023,12:30 AM,79,94,29.76,Clear,0,0,0,0,0,3,2
11/9/2023,1:00 AM,77,100,29.73,Clear,0,0,0,0,0,4,3
11/9/2023,1:30 AM,77,100,29.73,Clear,0,0,0,0,0,3,2
11/9/2023,2:00 AM,77,100,29.7,Clear,0,0,0,0,0,3,2
11/9/2023,2:30 AM,77,100,29.7,Clear,0,0,0,0,0,4,2
11/9/2023,3:00 AM,77,100,29.7,Clear,0,0,0,0,0,3,2
11/9/2023,3:30 AM,77,100,29.67,Clear,0,0,0,0,0,3,2
11/9/2023,4:00 AM,77,94,29.7,Clear,0,0,0,0,0,3,2
11/9/2023,4:30 AM,77,94,29.7,Clear,0,0,0,0,0,3,2
11/9/2023,5:00 AM,77,94,29.7,Clear,0,0,0,0,3,14,2
11/9/2023,5:30 AM,77,94,29.7,Clear,0,0,0,0,2,14,1
11/9/2023,6:00 AM,75,100,29.7,Mist,0,0,0,0,3,13,2
11/9/2023,6:30 AM,75,100,29.73,Mist,0,0,0,0,3,13,2
11/9/2023,7:00 AM,77,94,29.73,Mist,0,0,0,0,3,14,2
11/9/2023,7:30 AM,77,94,29.76,Mist,0,0,0,0,3,14,2
11/9/2023,8:00 AM,77,100,29.79,Mist,0,0,0,0,3,13,2
11/9/2023,8:30 AM,79,94,29.79,Mist,0,0,0,0,3,14,2
11/9/2023,9:00 AM,79,100,29.79,Mist,0,0,0,0,2,7,1
11/9/2023,9:30 AM,81,94,29.79,Mist,0,0,0,0,2,7,1
11/9/2023,10:00 AM,82,89,29.79,Mist,0,0,0,0,2,7,1
11/9/2023,10:30 AM,82,89,29.81,Rain,0,0,0,0,1,7,2
11/9/2023,11:00 AM,82,89,29.79,Mist,0,0,0,0,2,7,2
11/9/2023,11:30 AM,84,84,29.79,Clear,0,0,0,0,1,6,2
11/9/2023,12:00 PM,84,84,29.76,Clear,0,0,0,0,2,7,2
11/9/2023,12:30 PM,84,84,29.76,Clear,0,0,0,0,2,7,2
11/9/2023,1:00 PM,86,70,29.73,Clear,0,0,0,0,2,7,2
11/9/2023,1:30 PM,86,74,29.7,Clear,0,0,0,0,2,7,1
11/9/2023,2:00 PM,88,70,29.7,Clear,0,0,0,0,2,6,2
11/9/2023,2:30 PM,88,70,29.67,Clear,0,0,0,0,2,8,2
11/9/2023,3:00 PM,90,66,29.67,Clear,0,0,0,0,2,7,2
11/9/2023,3:30 PM,86,79,29.64,Clear,0,0,0,0,2,7,1
11/9/2023,4:00 PM,88,70,29.67,Rain,0,0,0,0,2,14,2
11/9/2023,4:30 PM,86,79,29.67,Clear,0,0,0,0,3,14,2
11/9/2023,5:00 PM,86,74,29.67,Clear,0,0,0,0,3,13,2
11/9/2023,5:30 PM,86,79,29.7,Rain,0,0,0,0,2,16,2
11/9/2023,6:00 PM,81,79,29.7,Rain,0,0,0,0,2,14,2
11/9/2023,6:30 PM,77,83,29.73,Rain,0,0,0,0,2,16,2
11/9/2023,7:00 PM,75,89,29.73,Rain,0,0,0,0,2,15,2
11/9/2023,7:30 PM,75,94,29.76,Rain,0,0,0,0,2,18,2
11/9/2023,8:00 PM,75,100,29.76,Rain,0,0,0,0,1,10,2
11/9/2023,8:30 PM,75,100,29.79,Clear,0,0,0,0,2,8,2
11/9/2023,9:00 PM,75,100,29.79,Clear,0,0,0,0,2,9,2
11/9/2023,9:30 PM,75,100,29.79,Clear,0,0,0,0,2,7,2
11/9/2023,10:00 PM,75,100,29.79,Clear,0,0,0,0,2,6,2
11/9/2023,10:30 PM,75,100,29.79,Clear,0,0,0,0,2,7,2
11/9/2023,11:00 PM,77,94,29.79,Clear,0,0,0,0,1,7,2
11/9/2023,11:30 PM,77,94,29.79,Clear,0,0,0,0,2,8,1
11/10/2023,12:00 AM,77,94,29.79,Clear,0,0,0,0,0,3,2
11/10/2023,12:30 AM,77,94,29.76,Clear,0,0,0,0,0,3,2
11/10/2023,1:00 AM,77,94,29.76,Clear,0,0,0,0,0,3,2
11/10/2023,1:30 AM,75,100,29.76,Clear,0,0,0,0,1,4,2
11/10/2023,2:00 AM,75,100,29.73,Clear,0,0,0,0,1,4,2
11/10/2023,2:30 AM,75,100,29.73,Clear,0,0,0,0,0,3,2
11/10/2023,3:00 AM,75,100,29.73,Clear,0,0,0,0,0,3,2
11/10/2023,3:30 AM,75,100,29.73,Clear,0,0,0,0,0,3,2
11/10/2023,4:00 AM,75,100,29.73,Clear,0,0,0,0,1,3,2
11/10/2023,4:30 AM,75,100,29.73,Mist,0,0,0,0,0,3,2
11/10/2023,5:00 AM,75,100,29.73,Mist,0,0,0,0,3,14,1
11/10/2023,5:30 AM,75,100,29.73,Mist,0,0,0,0,2,14,2
11/10/2023,6:00 AM,75,100,29.76,Mist,0,0,0,0,3,16,2
11/10/2023,6:30 AM,75,100,29.76,Mist,0,0,0,0,3,14,2
11/10/2023,7:00 AM,75,100,29.76,Mist,0,0,0,0,3,14,2
11/10/2023,7:30 AM,75,100,29.79,Mist,0,0,0,0,3,13,2
11/10/2023,8:00 AM,77,100,29.81,Mist,0,0,0,0,3,13,2
11/10/2023,8:30 AM,79,94,29.81,Clear,0,0,0,0,3,13,2
11/10/2023,9:00 AM,82,84,29.81,Clear,0,0,0,0,2,6,2
11/10/2023,9:30 AM,84,79,29.81,Clear,0,0,0,0,2,7,2
11/10/2023,10:00 AM,88,70,29.81,Clear,0,0,0,0,2,6,2
11/10/2023,10:30 AM,88,70,29.81,Clear,0,0,0,0,2,7,2
11/10/2023,11:00 AM,90,66,29.79,Clear,0,0,0,0,2,6,2
11/10/2023,11:30 AM,90,62,29.79,Clear,0,0,0,0,2,8,1
11/10/2023,12:00 PM,88,70,29.76,Clear,0,0,0,0,2,6,2
11/10/2023,12:30 PM,90,70,29.76,Clear,0,0,0,0,2,6,2
11/10/2023,1:00 PM,90,62,29.73,Clear,0,0,0,0,2,7,2
11/10/2023,1:30 PM,88,70,29.7,Rain,0,0,0,0,1,9,2
11/10/2023,2:00 PM,90,66,29.7,Rain,0,0,0,0,1,6,2
11/10/2023,2:30 PM,90,66,29.7,Rain,0,0,0,0,1,6,2
11/10/2023,3:00 PM,86,74,29.7,Clear,0,0,0,0,2,6,2
11/10/2023,3:30 PM,82,84,29.67,Clear,0,0,0,0,2,7,1
11/10/2023,4:00 PM,82,84,29.7,Rain,0,0,0,0,2,15,3
11/10/2023,4:30 PM,77,100,29.73,Clear,0,0,0,0,3,12,2
11/10/2023,5:00 PM,77,94,29.73,Rain,0,0,0,0,2,17,2
11/10/2023,5:30 PM,77,94,29.73,Clear,0,0,0,0,3,15,3
11/10/2023,6:00 PM,75,94,29.73,Clear,0,0,0,0,3,14,3
11/10/2023,6:30 PM,75,94,29.73,Clear,0,0,0,0,3,11,2
11/10/2023,7:00 PM,75,100,29.76,Clear,0,0,0,0,3,13,2
11/10/2023,7:30 PM,77,94,29.79,Clear,0,0,0,0,3,15,2
11/10/2023,8:00 PM,77,94,29.79,Clear,0,0,0,0,2,9,2
11/10/2023,8:30 PM,77,94,29.79,Clear,0,0,0,0,2,9,1
11/10/2023,9:00 PM,77,94,29.81,Clear,0,0,0,0,2,7,1
11/10/2023,9:30 PM,75,100,29.81,Clear,0,0,0,0,2,7,2
11/10/2023,10:00 PM,77,94,29.81,Clear,0,0,0,0,2,7,2
11/10/2023,10:30 PM,77,94,29.81,Clear,0,0,0,0,2,8,2
11/10/2023,11:00 PM,75,100,29.81,Clear,0,0,0,0,2,8,2
11/10/2023,11:30 PM,75,100,29.81,Clear,0,0,0,0,2,8,2
11/11/2023,12:00 AM,75,100,29.79,Clear,0,0,0,0,0,3,3
11/11/2023,12:30 AM,75,100,29.79,Clear,0,0,0,0,1,3,2
11/11/2023,1:00 AM,75,100,29.79,Clear,0,0,0,0,1,3,2
11/11/2023,1:30 AM,75,100,29.76,Clear,0,0,0,0,0,3,2
11/11/2023,2:00 AM,75,100,29.76,Clear,0,0,0,0,0,3,2
11/11/2023,2:30 AM,75,100,29.76,Clear,0,0,0,0,0,3,2
11/11/2023,3:00 AM,75,100,29.73,Clear,0,0,0,0,0,3,3
11/11/2023,3:30 AM,77,94,29.73,Clear,0,0,0,0,0,3,3
11/11/2023,4:00 AM,77,94,29.73,Rain,0,0,0,0,0,3,2
11/11/2023,4:30 AM,77,94,29.73,Rain,0,0,0,0,0,4,3
11/11/2023,5:00 AM,77,94,29.73,Rain,0,0,0,0,2,18,2
11/11/2023,5:30 AM,77,100,29.73,Rain,0,0,0,0,2,14,2
11/11/2023,6:00 AM,77,94,29.76,Rain,0,0,0,0,2,14,1
11/11/2023,6:30 AM,77,94,29.76,Rain,0,0,0,0,2,16,2
11/11/2023,7:00 AM,77,94,29.76,Rain,0,0,0,0,2,16,2
11/11/2023,7:30 AM,77,94,29.79,Mist,0,0,0,0,3,15,2
11/11/2023,8:00 AM,79,94,29.81,Clear,0,0,0,0,3,17,2
11/11/2023,8:30 AM,81,89,29.81,Clear,0,0,0,0,3,14,2
11/11/2023,9:00 AM,82,84,29.81,Clear,0,0,0,0,2,7,2
11/11/2023,9:30 AM,82,89,29.81,Clear,0,0,0,0,2,7,2
11/11/2023,10:00 AM,82,89,29.81,Clear,0,0,0,0,2,7,2
11/11/2023,10:30 AM,84,84,29.81,Clear,0,0,0,0,2,8,1
11/11/2023,11:00 AM,84,79,29.81,Clear,0,0,0,0,2,6,1
11/11/2023,11:30 AM,84,84,29.81,Clear,0,0,0,0,2,6,2
11/11/2023,12:00 PM,84,79,29.79,Clear,0,0,0,0,2,6,2
11/11/2023,12:30 PM,84,74,29.76,Clear,0,0,0,0,2,6,1
11/11/2023,1:00 PM,86,70,29.76,Clear,0,0,0,0,2,7,2
11/11/2023,1:30 PM,86,74,29.73,Clear,0,0,0,0,2,8,2
11/11/2023,2:00 PM,86,74,29.73,Clear,0,0,0,0,2,8,2
11/11/2023,2:30 PM,88,70,29.7,Clear,0,0,0,0,2,7,2
11/11/2023,3:00 PM,84,79,29.7,Rain,0,0,0,0,1,7,2
11/11/2023,3:30 PM,84,79,29.7,Rain,0,0,0,0,1,9,2
11/11/2023,4:00 PM,82,84,29.73,Clear,0,0,0,0,3,13,2
11/11/2023,4:30 PM,82,84,29.73,Clear,0,0,0,0,3,13,2
11/11/2023,5:00 PM,82,79,29.73,Rain,0,0,0,0,2,16,2
11/11/2023,5:30 PM,82,84,29.76,Rain,0,0,0,0,2,15,3
11/11/2023,6:00 PM,79,89,29.76,Rain,0,0,0,0,2,16,2
11/11/2023,6:30 PM,79,89,29.76,Clear,0,0,0,0,3,13,2
11/11/2023,7:00 PM,79,89,29.79,Clear,0,0,0,0,3,15,2
11/11/2023,7:30 PM,79,94,29.79,Clear,0,0,0,0,3,16,2
11/11/2023,8:00 PM,77,100,29.81,Rain,0,0,0,0,1,8,2
11/11/2023,8:30 PM,77,94,29.79,Rain,0,0,0,0,1,8,2
11/11/2023,9:00 PM,77,94,29.79,Rain,0,0,0,0,1,8,2
11/11/2023,9:30 PM,77,100,29.81,Rain,0,0,0,0,1,9,2
11/11/2023,10:00 PM,77,94,29.81,Rain,0,0,0,0,1,10,2
11/11/2023,10:30 PM,77,94,29.81,Rain,0,0,0,0,1,8,1
11/11/2023,11:00 PM,77,94,29.81,Rain,0,0,0,0,1,8,2
11/11/2023,11:30 PM,77,94,29.81,Clear,0,0,0,0,1,7,1
11/12/2023,12:00 AM,77,94,29.79,Clear,0,0,0,0,1,3,2
11/12/2023,12:30 AM,77,94,29.79,Clear,0,0,0,0,0,3,2
11/12/2023,1:00 AM,77,94,29.76,Clear,0,0,0,0,0,3,2
11/12/2023,1:30 AM,77,94,29.76,Clear,0,0,0,0,1,3,2
11/12/2023,2:00 AM,77,94,29.76,Clear,0,0,0,0,0,3,2
11/12/2023,2:30 AM,77,94,29.73,Mist,0,0,0,0,0,3,2
11/12/2023,3:00 AM,75,100,29.73,Mist,0,0,0,0,0,4,2
11/12/2023,3:30 AM,77,94,29.73,Mist,0,0,0,0,0,4,2
11/12/2023,4:00 AM,77,94,29.73,Mist,0,0,0,0,0,3,2
11/12/2023,4:30 AM,77,94,29.73,Mist,0,0,0,0,0,4,2
11/12/2023,5:00 AM,75,100,29.73,Mist,0,0,0,0,2,14,2
11/12/2023,5:30 AM,75,100,29.76,Mist,0,0,0,0,4,13,2
11/12/2023,6:00 AM,77,94,29.76,Clear,0,0,0,0,3,14,2
11/12/2023,6:30 AM,77,94,29.76,Mist,0,0,0,0,3,14,2
11/12/2023,7:00 AM,75,100,29.76,Mist,0,0,0,0,3,12,2
11/12/2023,7:30 AM,77,94,29.79,Clear,0,0,0,0,3,11,2
11/12/2023,8:00 AM,79,94,29.79,Clear,0,0,0,0,3,13,2
11/12/2023,8:30 AM,81,84,29.79,Clear,0,0,0,0,3,14,2
11/12/2023,9:00 AM,82,84,29.79,Clear,0,0,0,0,2,8,2
11/12/2023,9:30 AM,84,79,29.81,Clear,0,0,0,0,2,7,2
11/12/2023,10:00 AM,82,79,29.81,Clear,0,0,0,0,2,8,2
11/12/2023,10:30 AM,84,74,29.79,Clear,0,0,0,0,2,7,2
11/12/2023,11:00 AM,84,74,29.79,Clear,0,0,0,0,2,6,2
11/12/2023,11:30 AM,86,70,29.79,Clear,0,0,0,0,2,7,2
11/12/2023,12:00 PM,86,74,29.76,Clear,0,0,0,0,2,7,2
11/12/2023,12:30 PM,86,70,29.73,Rain,0,0,0,0,1,9,2
11/12/2023,1:00 PM,86,70,29.73,Rain,0,0,0,0,1,8,2
11/12/2023,1:30 PM,86,70,29.7,Clear,0,0,0,0,2,7,1
11/12/2023,2:00 PM,88,66,29.7,Clear,0,0,0,0,2,6,2
11/12/2023,2:30 PM,86,70,29.67,Clear,0,0,0,0,2,8,2
11/12/2023,3:00 PM,88,66,29.64,Clear,0,0,0,0,1,8,2
11/12/2023,3:30 PM,86,70,29.64,Clear,0,0,0,0,2,6,2
11/12/2023,4:00 PM,88,66,29.64,Clear,0,0,0,0,3,13,2
11/12/2023,4:30 PM,86,70,29.64,Clear,0,0,0,0,3,13,2
11/12/2023,5:00 PM,86,74,29.67,Clear,0,0,0,0,3,16,2
11/12/2023,5:30 PM,84,79,29.67,Clear,0,0,0,0,3,11,2
11/12/2023,6:00 PM,84,79,29.7,Clear,0,0,0,0,3,12,2
11/12/2023,6:30 PM,84,79,29.7,Clear,0,0,0,0,3,13,2
11/12/2023,7:00 PM,82,84,29.73,Clear,0,0,0,0,3,12,2
11/12/2023,7:30 PM,82,84,29.73,Clear,0,0,0,0,3,14,2
11/12/2023,8:00 PM,82,84,29.76,Clear,0,0,0,0,2,8,1
11/12/2023,8:30 PM,82,84,29.76,Clear,0,0,0,0,2,8,2
11/12/2023,9:00 PM,82,84,29.76,Clear,0,0,0,0,2,8,2
11/12/2023,9:30 PM,81,89,29.79,Clear,0,0,0,0,1,8,2
11/12/2023,10:00 PM,81,89,29.79,Clear,0,0,0,0,2,8,2
11/12/2023,10:30 PM,81,89,29.79,Clear,0,0,0,0,2,9,1
11/12/2023,11:00 PM,81,89,29.79,Clear,0,0,0,0,2,7,2
11/12/2023,11:30 PM,81,89,29.79,Clear,0,0,0,0,2,6,2
11/13/2023,12:00 AM,81,89,29.76,Clear,0,0,0,0,0,3,2
11/13/2023,12:30 AM,81,89,29.76,Clear,0,0,0,0,0,3,2
11/13/2023,1:00 AM,81,89,29.76,Clear,0,0,0,0,0,4,2
11/13/2023,1:30 AM,81,89,29.73,Clear,0,0,0,0,0,3,2
11/13/2023,2:00 AM,79,94,29.73,Clear,0,0,0,0,0,3,2
11/13/2023,2:30 AM,79,94,29.7,Clear,0,0,0,0,1,3,2
11/13/2023,3:00 AM,79,94,29.7,Clear,0,0,0,0,0,3,2
11/13/2023,3:30 AM,79,94,29.7,Clear,0,0,0,0,1,4,2
11/13/2023,4:00 AM,79,94,29.7,Clear,0,0,0,0,0,3,2
11/13/2023,4:30 AM,77,100,29.7,Clear,0,0,0,0,0,3,2
11/13/2023,5:00 AM,77,100,29.7,Clear,0,0,0,0,3,10,2
11/13/2023,5:30 AM,77,100,29.7,Clear,0,0,0,0,3,13,2
11/13/2023,6:00 AM,77,100,29.7,Clear,0,0,0,0,3,16,2
11/13/2023,6:30 AM,77,100,29.73,Clear,0,0,0,0,3,13,1
11/13/2023,7:00 AM,77,100,29.73,Clear,0,0,0,0,3,14,2
11/13/2023,7:30 AM,79,94,29.73,Clear,0,0,0,0,3,13,2
11/13/2023,8:00 AM,82,84,29.76,Clear,0,0,0,0,3,14,2
11/13/2023,8:30 AM,84,79,29.76,Clear,0,0,0,0,3,15,1
11/13/2023,9:00 AM,86,74,29.76,Clear,0,0,0,0,2,6,2
11/13/2023,9:30 AM,88,70,29.76,Clear,0,0,0,0,2,7,2
11/13/2023,10:00 AM,88,70,29.79,Clear,0,0,0,0,2,5,2
11/13/2023,10:30 AM,88,70,29.76,Clear,0,0,0,0,2,7,2
11/13/2023,11:00 AM,90,66,29.76,Clear,0,0,0,0,2,7,2
11/13/2023,11:30 AM,90,66,29.76,Clear,0,0,0,0,2,7,2
11/13/2023,12:00 PM,90,66,29.73,Rain,0,0,0,0,1,5,1
11/13/2023,12:30 PM,90,66,29.73,Rain,0,0,0,0,1,8,2
11/13/2023,1:00 PM,86,74,29.7,Rain,0,0,0,0,1,7,2
11/13/2023,1:30 PM,88,70,29.7,Clear,0,0,0,0,2,7,2
11/13/2023,2:00 PM,88,70,29.67,Rain,0,0,0,0,2,8,2
11/13/2023,2:30 PM,88,75,29.67,Rain,0,0,0,0,1,9,2
11/13/2023,3:00 PM,88,75,29.64,Clear,0,0,0,0,2,7,2
11/13/2023,3:30 PM,88,75,29.67,Clear,0,0,0,0,2,6,2
11/13/2023,4:00 PM,86,74,29.67,Rain,0,0,0,0,2,16,3
11/13/2023,4:30 PM,84,74,29.7,Rain,0,0,0,0,2,17,2
11/13/2023,5:00 PM,84,79,29.7,Rain,0,0,0,0,2,18,2
11/13/2023,5:30 PM,84,79,29.7,Rain,0,0,0,0,2,16,2
11/13/2023,6:00 PM,84,79,29.73,Rain,0,0,0,0,2,16,2
11/13/2023,6:30 PM,82,79,29.76,Rain,0,0,0,0,2,14,2
11/13/2023,7:00 PM,81,89,29.76,Rain,0,0,0,0,2,17,2
11/13/2023,7:30 PM,77,89,29.79,Rain,0,0,0,0,2,18,2
11/13/2023,8:00 PM,77,94,29.81,Rain,0,0,0,0,1,9,2
11/13/2023,8:30 PM,75,100,29.81,Clear,0,0,0,0,2,8,2
11/13/2023,9:00 PM,77,94,29.81,Rain,0,0,0,0,1,8,2
11/13/2023,9:30 PM,77,94,29.81,Rain,0,0,0,0,1,8,2
11/13/2023,10:00 PM,77,94,29.81,Rain,0,0,0,0,1,8,2
11/13/2023,10:30 PM,77,94,29.81,Rain,0,0,0,0,1,7,2
11/13/2023,11:00 PM,77,94,29.81,Clear,0,0,0,0,2,8,2
11/13/2023,11:30 PM,77,94,29.81,Clear,0,0,0,0,2,8,2
11/14/2023,12:00 AM,77,94,29.81,Clear,0,0,0,0,0,4,2
11/14/2023,12:30 AM,77,94,29.81,Clear,0,0,0,0,0,4,2
11/14/2023,1:00 AM,77,94,29.79,Clear,0,0,0,0,0,3,2
11/14/2023,1:30 AM,77,94,29.76,Clear,0,0,0,0,0,3,3
11/14/2023,2:00 AM,77,94,29.76,Clear,0,0,0,0,0,3,2
11/14/2023,2:30 AM,77,94,29.76,Clear,0,0,0,0,0,4,2
11/14/2023,3:00 AM,77,94,29.76,Clear,0,0,0,0,1,3,2
11/14/2023,3:30 AM,77,94,29.76,Clear,0,0,0,0,0,3,2
11/14/2023,4:00 AM,77,94,29.76,Clear,0,0,0,0,0,3,2
11/14/2023,4:30 AM,77,94,29.76,Clear,0,0,0,0,0,3,2
11/14/2023,5:00 AM,77,94,29.73,Clear,0,0,0,0,3,15,2
11/14/2023,5:30 AM,77,94,29.76,Clear,0,0,0,0,3,13,2
11/14/2023,6:00 AM,77,94,29.76,Clear,0,0,0,0,3,16,2
11/14/2023,6:30 AM,77,94,29.76,Rain,0,0,0,0,2,15,2
11/14/2023,7:00 AM,77,94,29.76,Clear,0,0,0,0,3,13,2
11/14/2023,7:30 AM,77,100,29.76,Clear,0,0,0,0,3,13,2
11/14/2023,8:00 AM,79,94,29.79,Clear,0,0,0,0,3,15,2
11/14/2023,8:30 AM,82,84,29.81,Clear,0,0,0,0,3,14,2
11/14/2023,9:00 AM,82,84,29.81,Clear,0,0,0,0,2,7,2
11/14/2023,9:30 AM,84,84,29.81,Clear,0,0,0,0,2,7,2
11/14/2023,10:00 AM,86,79,29.81,Clear,0,0,0,0,2,7,2
11/14/2023,10:30 AM,88,70,29.81,Clear,0,0,0,0,2,8,2
11/14/2023,11:00 AM,88,75,29.81,Clear,0,0,0,0,2,7,2
11/14/2023,11:30 AM,88,70,29.79,Clear,0,0,0,0,2,7,2
11/14/2023,12:00 PM,86,79,29.79,Rain,0,0,0,0,2,8,2
11/14/2023,12:30 PM,84,84,29.76,Rain,0,0,0,0,2,7,2
11/14/2023,1:00 PM,86,79,29.76,Clear,0,0,0,0,2,7,2
11/14/2023,1:30 PM,84,74,29.73,Clear,0,0,0,0,2,7,2
11/14/2023,2:00 PM,84,74,29.73,Clear,0,0,0,0,2,7,1
11/14/2023,2:30 PM,86,70,29.7,Clear,0,0,0,0,2,7,1
11/14/2023,3:00 PM,86,74,29.67,Clear,0,0,0,0,2,7,2
11/14/2023,3:30 PM,86,74,29.67,Clear,0,0,0,0,2,7,2
11/14/2023,4:00 PM,84,79,29.7,Rain,0,0,0,0,2,13,2
11/14/2023,4:30 PM,82,89,29.7,Rain,0,0,0,0,2,15,2
11/14/2023,5:00 PM,82,84,29.7,Rain,0,0,0,0,2,17,2
11/14/2023,5:30 PM,81,94,29.7,Clear,0,0,0,0,2,15,2
11/14/2023,6:00 PM,81,94,29.73,Clear,0,0,0,0,3,14,2
11/14/2023,6:30 PM,81,94,29.73,Clear,0,0,0,0,3,12,2
11/14/2023,7:00 PM,81,89,29.73,Clear,0,0,0,0,3,13,2
11/14/2023,7:30 PM,81,89,29.76,Clear,0,0,0,0,3,13,2
11/14/2023,8:00 PM,81,89,29.76,Clear,0,0,0,0,2,8,2
11/14/2023,8:30 PM,81,89,29.79,Clear,0,0,0,0,2,8,2
11/14/2023,9:00 PM,79,94,29.79,Clear,0,0,0,0,2,8,2
11/14/2023,9:30 PM,79,94,29.79,Clear,0,0,0,0,2,10,2
11/14/2023,10:00 PM,79,94,29.79,Clear,0,0,0,0,2,9,2
11/14/2023,10:30 PM,79,94,29.79,Clear,0,0,0,0,2,8,2
11/14/2023,11:00 PM,79,94,29.79,Clear,0,0,0,0,2,8,1
11/14/2023,11:30 PM,79,94,29.79,Clear,0,0,0,0,2,7,2
11/15/2023,12:00 AM,79,94,29.76,Clear,0,0,0,0,0,3,2
11/15/2023,12:30 AM,79,94,29.79,Clear,0,0,0,0,0,3,2
11/15/2023,1:00 AM,77,100,29.76,Clear,0,0,0,0,0,3,2
11/15/2023,1:30 AM,77,100,29.76,Clear,0,0,0,0,0,4,2
11/15/2023,2:00 AM,77,100,29.76,Clear,0,0,0,0,0,3,2
11/15/2023,2:30 AM,77,100,29.76,Clear,0,0,0,0,0,3,2
11/15/2023,3:00 AM,77,100,29.73,Clear,0,0,0,0,0,3,3
11/15/2023,3:30 AM,77,100,29.73,Clear,0,0,0,0,0,3,2
11/15/2023,4:00 AM,77,100,29.73,Clear,0,0,0,0,0,3,2
11/15/2023,4:30 AM,77,94,29.73,Clear,0,0,0,0,0,3,2
11/15/2023,5:00 AM,77,94,29.76,Clear,0,0,0,0,3,14,2
11/15/2023,5:30 AM,77,94,29.76,Clear,0,0,0,0,3,12,2
11/15/2023,6:00 AM,77,94,29.76,Clear,0,0,0,0,3,14,2
11/15/2023,6:30 AM,77,100,29.79,Clear,0,0,0,0,2,13,2
11/15/2023,7:00 AM,77,100,29.79,Clear,0,0,0,0,3,15,2
11/15/2023,7:30 AM,77,100,29.79,Rain,0,0,0,0,2,18,2
11/15/2023,8:00 AM,79,94,29.81,Rain,0,0,0,0,2,16,1
11/15/2023,8:30 AM,82,89,29.81,Clear,0,0,0,0,3,11,2
11/15/2023,9:00 AM,82,84,29.81,Clear,0,0,0,0,2,6,2
11/15/2023,9:30 AM,82,84,29.81,Clear,0,0,0,0,2,7,1
11/15/2023,10:00 AM,82,89,29.81,Clear,0,0,0,0,2,7,2
11/15/2023,10:30 AM,82,84,29.81,Clear,0,0,0,0,2,6,2
11/15/2023,11:00 AM,84,79,29.81,Clear,0,0,0,0,2,6,2
11/15/2023,11:30 AM,84,79,29.79,Clear,0,0,0,0,2,8,1
11/15/2023,12:00 PM,86,74,29.79,Clear,0,0,0,0,1,6,1
11/15/2023,12:30 PM,88,70,29.76,Clear,0,0,0,0,2,7,1
11/15/2023,1:00 PM,88,70,29.76,Rain,0,0,0,0,1,8,2
11/15/2023,1:30 PM,88,70,29.73,Rain,0,0,0,0,1,7,2
11/15/2023,2:00 PM,86,70,29.73,Clear,0,0,0,0,1,7,2
11/15/2023,2:30 PM,86,74,29.7,Clear,0,0,0,0,2,7,2
11/15/2023,3:00 PM,86,70,29.7,Clear,0,0,0,0,2,7,1
11/15/2023,3:30 PM,84,84,29.73,Clear,0,0,0,0,2,7,2
11/15/2023,4:00 PM,84,79,29.73,Rain,0,0,0,0,2,15,2
11/15/2023,4:30 PM,82,84,29.73,Rain,0,0,0,0,2,13,2
11/15/2023,5:00 PM,81,89,29.73,Rain,0,0,0,0,2,16,3
11/15/2023,5:30 PM,81,89,29.73,Rain,0,0,0,0,2,16,2
11/15/2023,6:00 PM,79,94,29.76,Rain,0,0,0,0,2,15,2
11/15/2023,6:30 PM,79,94,29.79,Rain,0,0,0,0,2,18,2
11/15/2023,7:00 PM,79,94,29.79,Rain,0,0,0,0,2,16,2
11/15/2023,7:30 PM,75,100,29.79,Rain,0,0,0,0,2,15,2
11/15/2023,8:00 PM,77,94,29.81,Rain,0,0,0,0,1,7,2
11/15/2023,8:30 PM,77,94,29.81,Rain,0,0,0,0,1,8,1
11/15/2023,9:00 PM,77,94,29.81,Rain,0,0,0,0,1,9,2
11/15/2023,9:30 PM,77,94,29.81,Rain,0,0,0,0,1,10,2
11/15/2023,10:00 PM,77,94,29.81,Clear,0,0,0,0,2,9,2
11/15/2023,10:30 PM,77,94,29.79,Clear,0,0,0,0,2,9,2
11/15/2023,11:00 PM,77,94,29.79,Clear,0,0,0,0,2,8,1
11/15/2023,11:30 PM,77,94,29.79,Clear,0,0,0,0,2,7,2
11/16/2023,12:00 AM,77,94,29.79,Clear,0,0,0,0,0,3,2
11/16/2023,12:30 AM,77,94,29.76,Clear,0,0,0,0,0,3,2
11/16/2023,1:00 AM,77,100,29.76,Clear,0,0,0,0,0,3,2
11/16/2023,1:30 AM,77,94,29.79,Clear,0,0,0,0,1,3,2
11/16/2023,2:00 AM,77,100,29.76,Rain,0,0,0,0,0,4,2
11/16/2023,2:30 AM,77,100,29.76,Rain,0,0,0,0,0,3,3
11/16/2023,3:00 AM,77,100,29.76,Rain,0,0,0,0,0,3,2
11/16/2023,3:30 AM,77,100,29.76,Rain,0,0,0,0,0,4,2
11/16/2023,4:00 AM,77,100,29.73,Rain,0,0,0,0,0,4,3
11/16/2023,4:30 AM,77,100,29.73,Clear,0,0,0,0,1,3,2
11/16/2023,5:00 AM,77,100,29.76,Clear,0,0,0,0,3,14,2
11/16/2023,5:30 AM,77,100,29.76,Clear,0,0,0,0,3,12,2
11/16/2023,6:00 AM,77,100,29.76,Rain,0,0,0,0,2,13,2
11/16/2023,6:30 AM,75,100,29.79,Rain,0,0,0,0,2,18,2
11/16/2023,7:00 AM,75,100,29.79,Rain,0,0,0,0,2,15,2
11/16/2023,7:30 AM,77,94,29.81,Rain,0,0,0,0,2,14,2
11/16/2023,8:00 AM,77,94,29.84,Clear,0,0,0,0,3,14,2
11/16/2023,8:30 AM,75,100,29.84,Rain,0,0,0,0,2,16,2
11/16/2023,9:00 AM,77,94,29.84,Rain,0,0,0,0,1,9,1
11/16/2023,9:30 AM,77,94,29.87,Rain,0,0,0,0,1,8,2
11/16/2023,10:00 AM,77,94,29.87,Rain,0,0,0,0,2,8,2
11/16/2023,10:30 AM,77,94,29.87,Rain,0,0,0,0,1,8,1
11/16/2023,11:00 AM,77,94,29.84,Rain,0,0,0,0,1,7,2
11/16/2023,11:30 AM,77,89,29.84,Rain,0,0,0,0,1,7,2
11/16/2023,12:00 PM,77,94,29.81,Rain,0,0,0,0,1,8,1
11/16/2023,12:30 PM,77,94,29.79,Rain,0,0,0,0,1,8,2
11/16/2023,1:00 PM,77,100,29.79,Rain,0,0,0,0,1,8,1
11/16/2023,1:30 PM,79,94,29.79,Rain,0,0,0,0,1,7,2
11/16/2023,2:00 PM,79,94,29.79,Rain,0,0,0,0,1,8,2
11/16/2023,2:30 PM,79,89,29.79,Clear,0,0,0,0,2,6,1
11/16/2023,3:00 PM,79,94,29.76,Clear,0,0,0,0,2,7,2
11/16/2023,3:30 PM,79,94,29.73,Clear,0,0,0,0,2,7,1
11/16/2023,4:00 PM,79,89,29.73,Clear,0,0,0,0,4,14,2
11/16/2023,4:30 PM,79,89,29.73,Clear,0,0,0,0,3,13,2
11/16/2023,5:00 PM,79,89,29.73,Clear,0,0,0,0,3,12,2
11/16/2023,5:30 PM,77,94,29.73,Clear,0,0,0,0,2,15,2
11/16/2023,6:00 PM,77,94,29.76,Rain,0,0,0,0,2,18,2
11/16/2023,6:30 PM,77,94,29.76,Rain,0,0,0,0,2,16,2
11/16/2023,7:00 PM,77,94,29.79,Rain,0,0,0,0,2,15,2
11/16/2023,7:30 PM,77,94,29.79,Rain,0,0,0,0,2,16,2
11/16/2023,8:00 PM,77,94,29.79,Clear,0,0,0,0,2,9,1
11/16/2023,8:30 PM,77,94,29.81,Rain,0,0,0,0,1,7,2
11/16/2023,9:00 PM,77,94,29.81,Rain,0,0,0,0,1,10,2
11/16/2023,9:30 PM,77,94,29.81,Clear,0,0,0,0,1,7,1
11/16/2023,10:00 PM,77,94,29.81,Clear,0,0,0,0,2,7,2
11/16/2023,10:30 PM,77,94,29.81,Clear,0,0,0,0,2,7,2
11/16/2023,11:00 PM,77,94,29.81,Clear,0,0,0,0,2,8,2
11/16/2023,11:30 PM,77,94,29.81,Clear,0,0,0,0,2,7,2
11/17/2023,12:00 AM,77,94,29.81,Clear,0,0,0,0,0,3,2
11/17/2023,12:30 AM,77,94,29.81,Clear,0,0,0,0,0,4,2
11/17/2023,1:00 AM,77,94,29.81,Clear,0,0,0,0,0,3,2
11/17/2023,1:30 AM,77,94,29.79,Clear,0,0,0,0,0,3,2
11/17/2023,2:00 AM,75,100,29.79,Clear,0,0,0,0,0,3,2
11/17/2023,2:30 AM,75,100,29.76,Clear,0,0,0,0,0,4,3
11/17/2023,3:00 AM,75,100,29.79,Clear,0,0,0,0,0,3,3
11/17/2023,3:30 AM,75,100,29.76,Clear,0,0,0,0,0,3,2
11/17/2023,4:00 AM,75,100,29.76,Clear,0,0,0,0,0,3,2
11/17/2023,4:30 AM,75,100,29.76,Mist,0,0,0,0,1,3,3
11/17/2023,5:00 AM,75,100,29.79,Clear,0,0,0,0,2,16,2
11/17/2023,5:30 AM,75,100,29.79,Clear,0,0,0,0,3,13,1
11/17/2023,6:00 AM,77,94,29.79,Rain,0,0,0,0,2,14,2
11/17/2023,6:30 AM,77,94,29.81,Rain,0,0,0,0,2,16,2
11/17/2023,7:00 AM,77,94,29.81,Rain,0,0,0,0,2,15,2
11/17/2023,7:30 AM,77,94,29.81,Rain,0,0,0,0,2,16,2
11/17/2023,8:00 AM,77,94,29.81,Rain,0,0,0,0,2,13,2
11/17/2023,8:30 AM,77,94,29.84,Rain,0,0,0,0,2,17,2
11/17/2023,9:00 AM,77,100,29.84,Rain,0,0,0,0,2,7,2
11/17/2023,9:30 AM,77,100,29.84,Rain,0,0,0,0,1,8,2
11/17/2023,10:00 AM,79,94,29.84,Rain,0,0,0,0,1,6,2
11/17/2023,10:30 AM,79,89,29.84,Clear,0,0,0,0,2,6,2
11/17/2023,11:00 AM,79,94,29.84,Clear,0,0,0,0,2,7,1
11/17/2023,11:30 AM,79,94,29.81,Clear,0,0,0,0,2,6,2
11/17/2023,12:00 PM,81,89,29.81,Clear,0,0,0,0,2,6,2
11/17/2023,12:30 PM,82,84,29.79,Clear,0,0,0,0,2,7,2
11/17/2023,1:00 PM,82,84,29.79,Clear,0,0,0,0,2,6,1
11/17/2023,1:30 PM,82,84,29.76,Clear,0,0,0,0,1,6,2
11/17/2023,2:00 PM,84,79,29.76,Clear,0,0,0,0,2,6,1
11/17/2023,2:30 PM,84,79,29.73,Clear,0,0,0,0,2,6,1
11/17/2023,3:00 PM,84,79,29.73,Clear,0,0,0,0,2,8,2
11/17/2023,3:30 PM,82,84,29.7,Clear,0,0,0,0,2,6,2
11/17/2023,4:00 PM,82,84,29.73,Clear,0,0,0,0,3,14,2
11/17/2023,4:30 PM,82,84,29.73,Rain,0,0,0,0,2,14,2
11/17/2023,5:00 PM,82,84,29.73,Clear,0,0,0,0,3,12,2
11/17/2023,5:30 PM,81,89,29.73,Clear,0,0,0,0,3,12,2
11/17/2023,6:00 PM,81,89,29.73,Clear,0,0,0,0,3,13,2
11/17/2023,6:30 PM,81,89,29.73,Clear,0,0,0,0,2,13,3
11/17/2023,7:00 PM,81,89,29.76,Clear,0,0,0,0,3,12,3
11/17/2023,7:30 PM,79,94,29.76,Clear,0,0,0,0,2,12,2
11/17/2023,8:00 PM,79,94,29.79,Clear,0,0,0,0,2,9,2
11/17/2023,8:30 PM,79,94,29.79,Clear,0,0,0,0,1,9,2
11/17/2023,9:00 PM,79,94,29.79,Clear,0,0,0,0,1,8,2
11/17/2023,9:30 PM,79,94,29.81,Clear,0,0,0,0,2,7,1
11/17/2023,10:00 PM,79,94,29.81,Clear,0,0,0,0,2,8,1
11/17/2023,10:30 PM,79,94,29.81,Clear,0,0,0,0,2,9,2
11/17/2023,11:00 PM,79,94,29.81,Clear,0,0,0,0,2,8,2
11/17/2023,11:30 PM,79,94,29.81,Clear,0,0,0,0,2,9,2
11/18/2023,12:00 AM,77,100,29.79,Clear,0,0,0,0,0,3,2
11/18/2023,12:30 AM,77,100,29.79,Clear,0,0,0,0,0,3,2
11/18/2023,1:00 AM,77,100,29.79,Clear,0,0,0,0,0,3,2
11/18/2023,1:30 AM,77,100,29.79,Clear,0,0,0,0,1,3,2
11/18/2023,2:00 AM,77,100,29.79,Clear,0,0,0,0,0,4,2
11/18/2023,2:30 AM,77,100,29.79,Rain,0,0,0,0,0,4,2
11/18/2023,3:00 AM,77,94,29.76,Rain,0,0,0,0,0,3,3
11/18/2023,3:30 AM,77,94,29.79,Rain,0,0,0,0,0,4,2
11/18/2023,4:00 AM,77,94,29.79,Clear,0,0,0,0,0,3,2
11/18/2023,4:30 AM,77,94,29.79,Rain,0,0,0,0,0,4,2
11/18/2023,5:00 AM,77,94,29.76,Rain,0,0,0,0,2,17,2
11/18/2023,5:30 AM,77,94,29.76,Rain,0,0,0,0,2,16,2
11/18/2023,6:00 AM,77,94,29.76,Rain,0,0,0,0,2,11,2
11/18/2023,6:30 AM,77,94,29.76,Clear,0,0,0,0,3,14,2
11/18/2023,7:00 AM,77,94,29.79,Clear,0,0,0,0,3,13,2
11/18/2023,7:30 AM,77,94,29.79,Clear,0,0,0,0,3,14,2
11/18/2023,8:00 AM,79,89,29.81,Clear,0,0,0,0,2,14,2
11/18/2023,8:30 AM,79,94,29.81,Clear,0,0,0,0,3,15,2
11/18/2023,9:00 AM,79,94,29.81,Clear,0,0,0,0,2,6,2
11/18/2023,9:30 AM,81,89,29.84,Rain,0,0,0,0,1,8,1
11/18/2023,10:00 AM,81,89,29.84,Rain,0,0,0,0,1,7,2
11/18/2023,10:30 AM,79,94,29.84,Rain,0,0,0,0,2,8,1
11/18/2023,11:00 AM,79,94,29.84,Rain,0,0,0,0,1,6,1
11/18/2023,11:30 AM,79,94,29.84,Rain,0,0,0,0,2,7,2
11/18/2023,12:00 PM,79,89,29.81,Rain,0,0,0,0,1,8,2
11/18/2023,12:30 PM,79,89,29.79,Rain,0,0,0,0,1,6,2
11/18/2023,1:00 PM,79,89,29.79,Rain,0,0,0,0,1,7,2
11/18/2023,1:30 PM,79,89,29.76,Rain,0,0,0,0,2,8,2
11/18/2023,2:00 PM,79,89,29.73,Rain,0,0,0,0,1,6,1
11/18/2023,2:30 PM,79,89,29.73,Clear,0,0,0,0,2,8,2
11/18/2023,3:00 PM,79,89,29.7,Clear,0,0,0,0,2,7,2
11/18/2023,3:30 PM,79,89,29.7,Clear,0,0,0,0,2,7,1
11/18/2023,4:00 PM,81,84,29.7,Clear,0,0,0,0,3,13,2
11/18/2023,4:30 PM,79,83,29.73,Clear,0,0,0,0,3,13,2
11/18/2023,5:00 PM,79,89,29.73,Clear,0,0,0,0,3,14,2
11/18/2023,5:30 PM,79,89,29.73,Clear,0,0,0,0,3,11,2
11/18/2023,6:00 PM,79,89,29.76,Clear,0,0,0,0,3,12,2
11/18/2023,6:30 PM,79,89,29.76,Clear,0,0,0,0,3,14,2
11/18/2023,7:00 PM,79,89,29.76,Clear,0,0,0,0,3,15,2
11/18/2023,7:30 PM,79,89,29.79,Clear,0,0,0,0,2,16,2
11/18/2023,8:00 PM,79,89,29.79,Rain,0,0,0,0,1,6,2
11/18/2023,8:30 PM,79,89,29.79,Clear,0,0,0,0,2,8,2
11/18/2023,9:00 PM,79,89,29.81,Clear,0,0,0,0,2,7,1
11/18/2023,9:30 PM,79,89,29.81,Clear,0,0,0,0,2,8,2
11/18/2023,10:00 PM,77,94,29.81,Clear,0,0,0,0,2,8,2
11/18/2023,10:30 PM,79,89,29.81,Rain,0,0,0,0,1,10,2
11/18/2023,11:00 PM,77,94,29.81,Clear,0,0,0,0,2,7,2
11/18/2023,11:30 PM,79,89,29.81,Clear,0,0,0,0,2,9,2
11/19/2023,12:00 AM,79,89,29.81,Clear,0,0,0,0,0,3,2
11/19/2023,12:30 AM,79,89,29.79,Clear,0,0,0,0,0,3,2
11/19/2023,1:00 AM,77,94,29.79,Rain,0,0,0,0,0,4,3
11/19/2023,1:30 AM,77,94,29.79,Rain,0,0,0,0,0,3,2
11/19/2023,2:00 AM,77,94,29.79,Rain,0,0,0,0,0,4,2
11/19/2023,2:30 AM,77,94,29.79,Rain,0,0,0,0,0,3,2
11/19/2023,3:00 AM,77,94,29.76,Rain,0,0,0,0,0,4,2
11/19/2023,3:30 AM,77,94,29.76,Rain,0,0,0,0,0,4,2
11/19/2023,4:00 AM,75,100,29.76,Rain,0,0,0,0,0,4,2
11/19/2023,4:30 AM,75,100,29.76,Rain,0,0,0,0,0,4,2
11/19/2023,5:00 AM,75,100,29.79,Rain,0,0,0,0,2,15,2
11/19/2023,5:30 AM,75,100,29.76,Rain,0,0,0,0,2,13,2
11/19/2023,6:00 AM,75,100,29.79,Rain,0,0,0,0,2,12,2
11/19/2023,6:30 AM,77,94,29.79,Rain,0,0,0,0,2,15,2
11/19/2023,7:00 AM,77,94,29.79,Rain,0,0,0,0,2,15,2
11/19/2023,7:30 AM,77,94,29.79,Rain,0,0,0,0,2,17,2
11/19/2023,8:00 AM,79,94,29.81,Clear,0,0,0,0,3,11,2
11/19/2023,8:30 AM,79,89,29.81,Clear,0,0,0,0,3,14,1
11/19/2023,9:00 AM,79,89,29.81,Rain,0,0,0,0,2,7,2
11/19/2023,9:30 AM,81,89,29.81,Rain,0,0,0,0,1,7,1
11/19/2023,10:00 AM,79,94,29.81,Rain,0,0,0,0,1,8,2
11/19/2023,10:30 AM,79,94,29.81,Rain,0,0,0,0,1,8,2
11/19/2023,11:00 AM,79,94,29.81,Rain,0,0,0,0,1,7,2
11/19/2023,11:30 AM,79,94,29.79,Rain,0,0,0,0,1,7,2
11/19/2023,12:00 PM,79,94,29.79,Rain,0,0,0,0,1,8,1
11/19/2023,12:30 PM,81,89,29.76,Rain,0,0,0,0,1,7,1
11/19/2023,1:00 PM,82,84,29.76,Rain,0,0,0,0,1,7,2
11/19/2023,1:30 PM,82,89,29.73,Rain,0,0,0,0,1,8,1
11/19/2023,2:00 PM,84,79,29.73,Rain,0,0,0,0,1,7,1
11/19/2023,2:30 PM,84,84,29.73,Rain,0,0,0,0,1,8,2
11/19/2023,3:00 PM,82,89,29.7,Clear,0,0,0,0,2,6,2
11/19/2023,3:30 PM,84,84,29.7,Clear,0,0,0,0,2,7,1
11/19/2023,4:00 PM,84,79,29.7,Clear,0,0,0,0,3,14,2
11/19/2023,4:30 PM,82,84,29.7,Clear,0,0,0,0,3,14,2
11/19/2023,5:00 PM,82,79,29.7,Clear,0,0,0,0,3,15,3
11/19/2023,5:30 PM,82,79,29.73,Clear,0,0,0,0,3,13,2
11/19/2023,6:00 PM,82,79,29.73,Clear,0,0,0,0,3,14,2
11/19/2023,6:30 PM,81,79,29.73,Clear,0,0,0,0,3,15,2
11/19/2023,7:00 PM,81,84,29.76,Clear,0,0,0,0,3,15,2
11/19/2023,7:30 PM,81,84,29.76,Clear,0,0,0,0,3,15,2
11/19/2023,8:00 PM,81,84,29.79,Clear,0,0,0,0,1,7,2
11/19/2023,8:30 PM,81,84,29.79,Clear,0,0,0,0,2,9,1
11/19/2023,9:00 PM,81,79,29.79,Clear,0,0,0,0,2,8,2
11/19/2023,9:30 PM,79,83,29.79,Clear,0,0,0,0,2,8,1
11/19/2023,10:00 PM,79,83,29.79,Clear,0,0,0,0,2,8,2
11/19/2023,10:30 PM,79,83,29.79,Clear,0,0,0,0,2,7,1
11/19/2023,11:00 PM,79,89,29.79,Clear,0,0,0,0,2,8,2
11/19/2023,11:30 PM,79,89,29.79,Clear,0,0,0,0,2,8,2
11/20/2023,12:00 AM,79,89,29.79,Clear,0,0,0,0,0,3,2
11/20/2023,12:30 AM,77,94,29.79,Clear,0,0,0,0,0,3,2
11/20/2023,1:00 AM,77,94,29.76,Clear,0,0,0,0,0,3,2
11/20/2023,1:30 AM,77,94,29.76,Clear,0,0,0,0,0,4,2
11/20/2023,2:00 AM,77,94,29.73,Clear,0,0,0,0,0,3,2
11/20/2023,2:30 AM,77,94,29.73,Clear,0,0,0,0,1,3,2
11/20/2023,3:00 AM,77,94,29.73,Rain,0,0,0,0,0,4,2
11/20/2023,3:30 AM,77,94,29.73,Clear,0,0,0,0,0,3,2
11/20/2023,4:00 AM,77,94,29.7,Clear,0,0,0,0,0,4,2
11/20/2023,4:30 AM,77,94,29.7,Clear,0,0,0,0,1,3,2
11/20/2023,5:00 AM,77,94,29.73,Clear,0,0,0,0,3,13,2
11/20/2023,5:30 AM,77,94,29.73,Rain,0,0,0,0,2,15,2
11/20/2023,6:00 AM,77,94,29.73,Rain,0,0,0,0,2,17,2
11/20/2023,6:30 AM,77,100,29.73,Clear,0,0,0,0,3,12,2
11/20/2023,7:00 AM,77,100,29.76,Rain,0,0,0,0,2,14,2
11/20/2023,7:30 AM,77,100,29.76,Rain,0,0,0,0,2,16,2
11/20/2023,8:00 AM,79,94,29.79,Rain,0,0,0,0,2,14,2
11/20/2023,8:30 AM,81,89,29.79,Clear,0,0,0,0,3,14,2
11/20/2023,9:00 AM,81,89,29.79,Clear,0,0,0,0,2,6,2
11/20/2023,9:30 AM,81,89,29.79,Clear,0,0,0,0,2,7,1
11/20/2023,10:00 AM,81,89,29.79,Rain,0,0,0,0,1,7,2
11/20/2023,10:30 AM,82,89,29.79,Clear,0,0,0,0,2,7,2
11/20/2023,11:00 AM,82,89,29.76,Clear,0,0,0,0,2,6,2
11/20/2023,11:30 AM,84,79,29.76,Rain,0,0,0,0,1,8,2
11/20/2023,12:00 PM,81,84,29.76,Rain,0,0,0,0,1,8,2
11/20/2023,12:30 PM,82,89,29.76,Rain,0,0,0,0,1,7,2
11/20/2023,1:00 PM,84,74,29.73,Rain,0,0,0,0,1,8,1
11/20/2023,1:30 PM,82,84,29.73,Rain,0,0,0,0,1,7,2
11/20/2023,2:00 PM,82,84,29.73,Clear,0,0,0,0,2,5,2
11/20/2023,2:30 PM,84,79,29.7,Clear,0,0,0,0,2,6,1
11/20/2023,3:00 PM,84,74,29.7,Clear,0,0,0,0,2,8,2
11/20/2023,3:30 PM,84,74,29.7,Clear,0,0,0,0,2,6,1
11/20/2023,4:00 PM,84,74,29.73,Clear,0,0,0,0,3,13,3
11/20/2023,4:30 PM,82,79,29.73,Clear,0,0,0,0,3,13,2
11/20/2023,5:00 PM,82,84,29.73,Clear,0,0,0,0,3,14,2
11/20/2023,5:30 PM,82,79,29.73,Clear,0,0,0,0,3,14,3
11/20/2023,6:00 PM,82,79,29.73,Clear,0,0,0,0,3,13,3
11/20/2023,6:30 PM,81,84,29.73,Clear,0,0,0,0,2,14,2
11/20/2023,7:00 PM,81,84,29.73,Clear,0,0,0,0,3,13,2
11/20/2023,7:30 PM,79,89,29.76,Clear,0,0,0,0,3,14,3
11/20/2023,8:00 PM,79,89,29.76,Clear,0,0,0,0,2,9,1
11/20/2023,8:30 PM,79,89,29.79,Clear,0,0,0,0,2,8,2
11/20/2023,9:00 PM,79,89,29.79,Clear,0,0,0,0,2,8,2
11/20/2023,9:30 PM,77,100,29.79,Rain,0,0,0,0,1,8,2
11/20/2023,10:00 PM,79,94,29.79,Clear,0,0,0,0,2,9,2
11/20/2023,10:30 PM,77,94,29.79,Clear,0,0,0,0,2,7,2
11/20/2023,11:00 PM,79,89,29.79,Clear,0,0,0,0,2,8,2
11/20/2023,11:30 PM,79,89,29.79,Clear,0,0,0,0,2,8,2
11/21/2023,12:00 AM,79,94,29.76,Clear,0,0,0,0,1,3,2
11/21/2023,12:30 AM,79,94,29.76,Clear,0,0,0,0,0,4,2
11/21/2023,1:00 AM,79,94,29.73,Clear,0,0,0,0,0,3,2
11/21/2023,1:30 AM,77,100,29.73,Clear,0,0,0,0,1,3,2
11/21/2023,2:00 AM,77,100,29.73,Clear,0,0,0,0,0,3,2
11/21/2023,2:30 AM,79,94,29.73,Clear,0,0,0,0,1,3,2
11/21/2023,3:00 AM,79,94,29.7,Clear,0,0,0,0,1,3,2
11/21/2023,3:30 AM,79,94,29.7,Clear,0,0,0,0,0,2,2
11/21/2023,4:00 AM,79,94,29.7,Clear,0,0,0,0,0,2,2
11/21/2023,4:30 AM,79,89,29.7,Clear,0,0,0,0,0,4,2
11/21/2023,5:00 AM,79,89,29.7,Clear,0,0,0,0,3,17,2
11/21/2023,5:30 AM,79,89,29.7,Clear,0,0,0,0,2,12,2
11/21/2023,6:00 AM,77,94,29.73,Clear,0,0,0,0,4,14,2
11/21/2023,6:30 AM,79,89,29.73,Clear,0,0,0,0,2,13,2
11/21/2023,7:00 AM,79,89,29.76,Clear,0,0,0,0,3,15,1
11/21/2023,7:30 AM,79,94,29.76,Rain,0,0,0,0,2,16,2
11/21/2023,8:00 AM,79,94,29.76,Clear,0,0,0,0,3,14,2
11/21/2023,8:30 AM,81,89,29.79,Rain,0,0,0,0,2,16,2
11/21/2023,9:00 AM,79,94,29.79,Clear,0,0,0,0,2,6,1
11/21/2023,9:30 AM,79,89,29.79,Clear,0,0,0,0,2,6,1
11/21/2023,10:00 AM,81,84,29.79,Clear,0,0,0,0,2,7,2
11/21/2023,10:30 AM,81,84,29.79,Clear,0,0,0,0,2,8,1
11/21/2023,11:00 AM,81,84,29.79,Clear,0,0,0,0,2,5,1
11/21/2023,11:30 AM,81,84,29.76,Rain,0,0,0,0,1,7,2
11/21/2023,12:00 PM,81,89,29.76,Rain,0,0,0,0,2,7,2
11/21/2023,12:30 PM,82,84,29.73,Rain,0,0,0,0,1,8,2
11/21/2023,1:00 PM,82,79,29.73,Clear,0,0,0,0,2,8,2
11/21/2023,1:30 PM,82,79,29.7,Clear,0,0,0,0,2,7,2
11/21/2023,2:00 PM,82,79,29.7,Clear,0,0,0,0,2,6,2
11/21/2023,2:30 PM,82,79,29.67,Rain,0,0,0,0,1,7,1
11/21/2023,3:00 PM,82,79,29.67,Rain,0,0,0,0,1,6,2
11/21/2023,3:30 PM,82,79,29.67,Rain,0,0,0,0,1,8,2
11/21/2023,4:00 PM,81,89,29.67,Rain,0,0,0,0,2,14,2
11/21/2023,4:30 PM,81,89,29.67,Rain,0,0,0,0,2,14,2
11/21/2023,5:00 PM,79,94,29.67,Rain,0,0,0,0,2,15,2
11/21/2023,5:30 PM,77,94,29.7,Rain,0,0,0,0,2,16,2
11/21/2023,6:00 PM,77,94,29.7,Rain,0,0,0,0,2,16,3
11/21/2023,6:30 PM,77,94,29.7,Rain,0,0,0,0,2,16,2
11/21/2023,7:00 PM,77,94,29.73,Rain,0,0,0,0,2,15,2
11/21/2023,7:30 PM,77,94,29.73,Clear,0,0,0,0,3,13,2
11/21/2023,8:00 PM,77,94,29.73,Clear,0,0,0,0,2,8,2
11/21/2023,8:30 PM,77,94,29.76,Clear,0,0,0,0,2,9,2
11/21/2023,9:00 PM,77,94,29.76,Clear,0,0,0,0,2,8,2
11/21/2023,9:30 PM,77,94,29.76,Clear,0,0,0,0,2,8,2
11/21/2023,10:00 PM,77,100,29.76,Clear,0,0,0,0,2,8,1
11/21/2023,10:30 PM,77,94,29.76,Clear,0,0,0,0,2,8,2
11/21/2023,11:00 PM,77,94,29.76,Clear,0,0,0,0,2,7,2
11/21/2023,11:30 PM,77,94,29.76,Clear,0,0,0,0,1,8,1
11/22/2023,12:00 AM,77,94,29.73,Clear,0,0,0,0,0,3,2
11/22/2023,12:30 AM,77,94,29.73,Clear,0,0,0,0,0,2,2
11/22/2023,1:00 AM,77,100,29.73,Clear,0,0,0,0,0,3,2
11/22/2023,1:30 AM,77,100,29.73,Clear,0,0,0,0,0,3,2
11/22/2023,2:00 AM,75,100,29.7,Clear,0,0,0,0,0,3,2
11/22/2023,2:30 AM,75,100,29.7,Clear,0,0,0,0,0,3,2
11/22/2023,3:00 AM,75,100,29.67,Clear,0,0,0,0,1,3,2
11/22/2023,3:30 AM,75,100,29.67,Clear,0,0,0,0,0,3,3
11/22/2023,4:00 AM,75,100,29.67,Mist,0,0,0,0,0,4,2
11/22/2023,4:30 AM,75,100,29.67,Mist,0,0,0,0,0,3,2
11/22/2023,5:00 AM,75,100,29.7,Clear,0,0,0,0,3,11,1
11/22/2023,5:30 AM,75,100,29.7,Clear,0,0,0,0,3,16,2
11/22/2023,6:00 AM,75,94,29.7,Clear,0,0,0,0,3,13,2
11/22/2023,6:30 AM,77,94,29.73,Clear,0,0,0,0,3,15,2
11/22/2023,7:00 AM,77,94,29.73,Clear,0,0,0,0,3,11,2
11/22/2023,7:30 AM,77,94,29.73,Clear,0,0,0,0,3,15,2
11/22/2023,8:00 AM,77,94,29.76,Clear,0,0,0,0,3,13,2
11/22/2023,8:30 AM,77,89,29.76,Rain,0,0,0,0,2,15,2
11/22/2023,9:00 AM,77,89,29.76,Rain,0,0,0,0,1,8,1
11/22/2023,9:30 AM,77,89,29.79,Clear,0,0,0,0,2,7,2
11/22/2023,10:00 AM,79,83,29.79,Rain,0,0,0,0,1,6,2
11/22/2023,10:30 AM,77,94,29.79,Rain,0,0,0,0,2,7,1
11/22/2023,11:00 AM,79,89,29.79,Rain,0,0,0,0,1,9,2
11/22/2023,11:30 AM,79,89,29.76,Rain,0,0,0,0,1,6,2
11/22/2023,12:00 PM,79,89,29.73,Rain,0,0,0,0,1,7,2
11/22/2023,12:30 PM,77,94,29.73,Rain,0,0,0,0,2,6,1
11/22/2023,1:00 PM,79,94,29.7,Rain,0,0,0,0,2,7,2
11/22/2023,1:30 PM,79,94,29.7,Rain,0,0,0,0,1,7,2
11/22/2023,2:00 PM,81,89,29.67,Clear,0,0,0,0,2,7,2
11/22/2023,2:30 PM,79,89,29.64,Clear,0,0,0,0,2,6,2
11/22/2023,3:00 PM,79,94,29.64,Rain,0,0,0,0,1,9,2
11/22/2023,3:30 PM,81,84,29.64,Clear,0,0,0,0,2,7,2
11/22/2023,4:00 PM,81,84,29.64,Clear,0,0,0,0,3,13,2
11/22/2023,4:30 PM,81,84,29.64,Clear,0,0,0,0,3,14,2
11/22/2023,5:00 PM,81,84,29.64,Clear,0,0,0,0,3,13,2
11/22/2023,5:30 PM,81,84,29.64,Clear,0,0,0,0,2,13,2
11/22/2023,6:00 PM,81,84,29.67,Clear,0,0,0,0,2,16,3
11/22/2023,6:30 PM,79,89,29.67,Clear,0,0,0,0,2,15,2
11/22/2023,7:00 PM,79,89,29.7,Clear,0,0,0,0,3,13,2
11/22/2023,7:30 PM,77,94,29.7,Clear,0,0,0,0,3,14,2
11/22/2023,8:00 PM,77,94,29.73,Clear,0,0,0,0,2,8,2
11/22/2023,8:30 PM,77,94,29.73,Clear,0,0,0,0,2,8,1
11/22/2023,9:00 PM,77,94,29.76,Clear,0,0,0,0,2,7,2
11/22/2023,9:30 PM,77,94,29.76,Clear,0,0,0,0,2,8,2
11/22/2023,10:00 PM,77,100,29.76,Clear,0,0,0,0,2,7,1
11/22/2023,10:30 PM,77,94,29.76,Clear,0,0,0,0,2,9,1
11/22/2023,11:00 PM,77,94,29.73,Clear,0,0,0,0,2,9,1
11/22/2023,11:30 PM,77,94,29.73,Clear,0,0,0,0,1,8,2
11/23/2023,12:00 AM,77,94,29.73,Clear,0,0,0,0,1,3,2
11/23/2023,12:30 AM,77,94,29.73,Clear,0,0,0,0,1,3,2
11/23/2023,1:00 AM,77,94,29.73,Clear,0,0,0,0,0,3,2
11/23/2023,1:30 AM,77,94,29.7,Clear,0,0,0,0,0,3,2
11/23/2023,2:00 AM,77,94,29.7,Clear,0,0,0,0,0,3,2
11/23/2023,2:30 AM,77,94,29.67,Clear,0,0,0,0,0,3,2
11/23/2023,3:00 AM,77,94,29.67,Clear,0,0,0,0,0,3,2
11/23/2023,3:30 AM,77,94,29.67,Clear,0,0,0,0,1,3,2
11/23/2023,4:00 AM,77,94,29.67,Clear,0,0,0,0,0,3,2
11/23/2023,4:30 AM,77,94,29.67,Clear,0,0,0,0,0,3,2
11/23/2023,5:00 AM,77,94,29.67,Clear,0,0,0,0,2,13,2
11/23/2023,5:30 AM,77,94,29.67,Clear,0,0,0,0,3,14,2
11/23/2023,6:00 AM,77,94,29.7,Clear,0,0,0,0,3,11,2
11/23/2023,6:30 AM,77,94,29.7,Mist,0,0,0,0,3,15,2
11/23/2023,7:00 AM,77,94,29.7,Clear,0,0,0,0,3,11,2
11/23/2023,7:30 AM,77,94,29.73,Clear,0,0,0,0,3,13,2
11/23/2023,8:00 AM,79,89,29.73,Clear,0,0,0,0,3,14,2
11/23/2023,8:30 AM,81,89,29.76,Clear,0,0,0,0,3,15,2
11/23/2023,9:00 AM,81,84,29.76,Clear,0,0,0,0,2,7,2
11/23/2023,9:30 AM,82,79,29.76,Clear,0,0,0,0,2,7,2
11/23/2023,10:00 AM,82,79,29.76,Clear,0,0,0,0,2,7,2
11/23/2023,10:30 AM,84,79,29.76,Clear,0,0,0,0,2,8,1
11/23/2023,11:00 AM,81,89,29.73,Rain,0,0,0,0,1,6,2
11/23/2023,11:30 AM,81,84,29.73,Rain,0,0,0,0,2,8,1
11/23/2023,12:00 PM,81,89,29.73,Rain,0,0,0,0,1,7,2
11/23/2023,12:30 PM,81,84,29.7,Clear,0,0,0,0,2,7,2
11/23/2023,1:00 PM,77,94,29.7,Rain,0,0,0,0,2,7,2
11/23/2023,1:30 PM,77,94,29.67,Rain,0,0,0,0,1,9,1
11/23/2023,2:00 PM,79,89,29.67,Rain,0,0,0,0,1,6,1
11/23/2023,2:30 PM,81,89,29.64,Clear,0,0,0,0,2,7,2
11/23/2023,3:00 PM,81,84,29.64,Clear,0,0,0,0,2,6,2
11/23/2023,3:30 PM,81,84,29.64,Clear,0,0,0,0,2,7,2
11/23/2023,4:00 PM,81,84,29.64,Clear,0,0,0,0,3,15,2
11/23/2023,4:30 PM,81,89,29.64,Clear,0,0,0,0,3,14,2
11/23/2023,5:00 PM,81,89,29.64,Clear,0,0,0,0,3,14,2
11/23/2023,5:30 PM,81,84,29.64,Clear,0,0,0,0,2,13,2
11/23/2023,6:00 PM,79,89,29.67,Rain,0,0,0,0,2,14,2
11/23/2023,6:30 PM,79,89,29.67,Rain,0,0,0,0,2,14,2
11/23/2023,7:00 PM,79,89,29.7,Rain,0,0,0,0,2,15,2
11/23/2023,7:30 PM,79,89,29.7,Rain,0,0,0,0,2,15,2
11/23/2023,8:00 PM,79,89,29.73,Clear,0,0,0,0,2,7,2
11/23/2023,8:30 PM,79,89,29.73,Clear,0,0,0,0,2,9,1
11/23/2023,9:00 PM,79,94,29.73,Rain,0,0,0,0,1,9,1
11/23/2023,9:30 PM,79,94,29.73,Rain,0,0,0,0,1,9,2
11/23/2023,10:00 PM,79,94,29.73,Clear,0,0,0,0,2,8,2
11/23/2023,10:30 PM,79,94,29.73,Clear,0,0,0,0,2,8,2
11/23/2023,11:00 PM,77,100,29.73,Clear,0,0,0,0,2,7,2
11/23/2023,11:30 PM,77,100,29.7,Clear,0,0,0,0,1,8,2
11/24/2023,12:00 AM,77,94,29.7,Clear,0,0,0,0,0,3,3
11/24/2023,12:30 AM,77,94,29.7,Clear,0,0,0,0,1,3,2
11/24/2023,1:00 AM,77,94,29.7,Clear,0,0,0,0,0,3,3
11/24/2023,1:30 AM,77,94,29.7,Clear,0,0,0,0,0,3,2
11/24/2023,2:00 AM,77,94,29.67,Clear,0,0,0,0,1,3,2
11/24/2023,2:30 AM,77,94,29.67,Clear,0,0,0,0,0,3,2
11/24/2023,3:00 AM,77,100,29.67,Clear,0,0,0,0,0,3,2
11/24/2023,3:30 AM,77,94,29.67,Clear,0,0,0,0,0,3,2
11/24/2023,4:00 AM,77,94,29.67,Clear,0,0,0,0,1,3,2
11/24/2023,4:30 AM,77,94,29.67,Clear,0,0,0,0,1,3,3
11/24/2023,5:00 AM,77,94,29.67,Rain,0,0,0,0,2,14,2
11/24/2023,5:30 AM,77,94,29.67,Rain,0,0,0,0,2,18,2
11/24/2023,6:00 AM,77,94,29.7,Rain,0,0,0,0,2,14,2
11/24/2023,6:30 AM,77,94,29.7,Clear,0,0,0,0,3,13,2
11/24/2023,7:00 AM,77,94,29.73,Clear,0,0,0,0,3,15,2
11/24/2023,7:30 AM,77,94,29.76,Clear,0,0,0,0,3,15,2
11/24/2023,8:00 AM,77,94,29.76,Clear,0,0,0,0,3,16,2
11/24/2023,8:30 AM,77,94,29.79,Clear,0,0,0,0,2,15,2
11/24/2023,9:00 AM,77,94,29.79,Clear,0,0,0,0,2,6,2
11/24/2023,9:30 AM,79,89,29.79,Clear,0,0,0,0,2,6,2
11/24/2023,10:00 AM,79,94,29.79,Rain,0,0,0,0,1,8,1
11/24/2023,10:30 AM,81,84,29.79,Clear,0,0,0,0,2,7,2
11/24/2023,11:00 AM,81,89,29.76,Clear,0,0,0,0,2,7,2
11/24/2023,11:30 AM,82,84,29.76,Clear,0,0,0,0,2,6,2
11/24/2023,12:00 PM,82,84,29.73,Clear,0,0,0,0,2,7,2
11/24/2023,12:30 PM,84,79,29.73,Clear,0,0,0,0,2,7,1
11/24/2023,1:00 PM,86,74,29.7,Clear,0,0,0,0,2,7,1
11/24/2023,1:30 PM,88,66,29.7,Rain,0,0,0,0,1,7,2
11/24/2023,2:00 PM,84,79,29.67,Rain,0,0,0,0,2,7,2
11/24/2023,2:30 PM,84,79,29.67,Rain,0,0,0,0,1,8,2
11/24/2023,3:00 PM,79,89,29.67,Rain,0,0,0,0,1,7,2
11/24/2023,3:30 PM,79,89,29.67,Rain,0,0,0,0,1,7,2
11/24/2023,4:00 PM,79,94,29.67,Rain,0,0,0,0,2,14,2
11/24/2023,4:30 PM,77,94,29.67,Rain,0,0,0,0,2,16,3
11/24/2023,5:00 PM,77,94,29.7,Clear,0,0,0,0,2,12,2
11/24/2023,5:30 PM,77,94,29.7,Clear,0,0,0,0,3,15,2
11/24/2023,6:00 PM,77,94,29.7,Clear,0,0,0,0,3,15,2
11/24/2023,6:30 PM,77,94,29.73,Rain,0,0,0,0,2,15,2
11/24/2023,7:00 PM,77,94,29.73,Clear,0,0,0,0,3,13,2
11/24/2023,7:30 PM,77,94,29.73,Clear,0,0,0,0,2,15,2
11/24/2023,8:00 PM,77,94,29.73,Clear,0,0,0,0,2,7,2
11/24/2023,8:30 PM,77,94,29.76,Clear,0,0,0,0,2,8,2
11/24/2023,9:00 PM,77,94,29.76,Clear,0,0,0,0,2,8,2
11/24/2023,9:30 PM,77,94,29.76,Clear,0,0,0,0,2,8,2
11/24/2023,10:00 PM,77,94,29.76,Clear,0,0,0,0,2,9,2
11/24/2023,10:30 PM,77,94,29.76,Clear,0,0,0,0,2,8,2
11/24/2023,11:00 PM,77,94,29.76,Clear,0,0,0,0,2,8,2
11/24/2023,11:30 PM,77,94,29.76,Clear,0,0,0,0,1,6,2
11/25/2023,12:00 AM,77,94,29.76,Clear,0,0,0,0,0,3,2
11/25/2023,12:30 AM,77,89,29.73,Clear,0,0,0,0,0,3,3
11/25/2023,1:00 AM,77,89,29.73,Clear,0,0,0,0,0,3,2
11/25/2023,1:30 AM,77,94,29.7,Clear,0,0,0,0,1,3,2
11/25/2023,2:00 AM,77,94,29.7,Clear,0,0,0,0,0,3,3
11/25/2023,2:30 AM,77,89,29.67,Clear,0,0,0,0,1,2,2
11/25/2023,3:00 AM,77,89,29.67,Clear,0,0,0,0,0,3,2
11/25/2023,3:30 AM,77,89,29.67,Clear,0,0,0,0,1,3,2
11/25/2023,4:00 AM,75,94,29.67,Clear,0,0,0,0,0,3,3
11/25/2023,4:30 AM,75,100,29.67,Clear,0,0,0,0,0,3,2
11/25/2023,5:00 AM,75,94,29.67,Clear,0,0,0,0,3,16,1
11/25/2023,5:30 AM,77,94,29.67,Clear,0,0,0,0,3,11,1
11/25/2023,6:00 AM,77,94,29.67,Clear,0,0,0,0,3,15,2
11/25/2023,6:30 AM,75,100,29.67,Clear,0,0,0,0,3,13,2
11/25/2023,7:00 AM,77,94,29.7,Clear,0,0,0,0,2,13,2
11/25/2023,7:30 AM,77,94,29.7,Clear,0,0,0,0,3,15,2
11/25/2023,8:00 AM,79,89,29.73,Clear,0,0,0,0,3,14,2
11/25/2023,8:30 AM,79,94,29.73,Clear,0,0,0,0,3,13,2
11/25/2023,9:00 AM,79,94,29.76,Rain,0,0,0,0,2,9,2
11/25/2023,9:30 AM,81,89,29.76,Rain,0,0,0,0,2,9,1
11/25/2023,10:00 AM,81,89,29.76,Clear,0,0,0,0,2,7,2
11/25/2023,10:30 AM,82,79,29.76,Rain,0,0,0,0,1,8,2
11/25/2023,11:00 AM,79,83,29.76,Rain,0,0,0,0,1,7,2
11/25/2023,11:30 AM,81,84,29.73,Rain,0,0,0,0,1,7,2
11/25/2023,12:00 PM,82,84,29.73,Clear,0,0,0,0,2,7,2
11/25/2023,12:30 PM,81,84,29.7,Rain,0,0,0,0,1,8,2
11/25/2023,1:00 PM,75,94,29.73,Rain,0,0,0,0,1,7,1
11/25/2023,1:30 PM,75,94,29.7,Rain,0,0,0,0,1,8,2
11/25/2023,2:00 PM,75,94,29.7,Rain,0,0,0,0,1,7,2
11/25/2023,2:30 PM,75,100,29.67,Rain,0,0,0,0,1,8,2
11/25/2023,3:00 PM,75,100,29.67,Rain,0,0,0,0,1,9,2
11/25/2023,3:30 PM,77,94,29.67,Rain,0,0,0,0,1,6,2
11/25/2023,4:00 PM,75,100,29.67,Rain,0,0,0,0,2,14,2
11/25/2023,4:30 PM,75,100,29.67,Rain,0,0,0,0,2,15,2
11/25/2023,5:00 PM,77,94,29.67,Rain,0,0,0,0,2,16,2
11/25/2023,5:30 PM,77,94,29.7,Clear,0,0,0,0,3,13,2
11/25/2023,6:00 PM,77,94,29.7,Clear,0,0,0,0,3,14,2
11/25/2023,6:30 PM,77,94,29.7,Clear,0,0,0,0,3,13,2
11/25/2023,7:00 PM,77,94,29.73,Clear,0,0,0,0,3,16,2
11/25/2023,7:30 PM,75,100,29.73,Rain,0,0,0,0,2,14,3
11/25/2023,8:00 PM,77,94,29.76,Rain,0,0,0,0,1,8,2
11/25/2023,8:30 PM,77,94,29.76,Rain,0,0,0,0,1,9,2
11/25/2023,9:00 PM,77,94,29.79,Rain,0,0,0,0,1,8,2
11/25/2023,9:30 PM,75,100,29.79,Rain,0,0,0,0,1,8,2
11/25/2023,10:00 PM,77,94,29.76,Rain,0,0,0,0,1,7,2
11/25/2023,10:30 PM,75,100,29.79,Rain,0,0,0,0,1,8,2
11/25/2023,11:00 PM,75,100,29.76,Rain,0,0,0,0,1,9,2
11/25/2023,11:30 PM,75,100,29.76,Rain,0,0,0,0,1,8,1
11/26/2023,12:00 AM,75,100,29.76,Rain,0,0,0,0,0,3,2
11/26/2023,12:30 AM,75,100,29.76,Rain,0,0,0,0,0,3,2
11/26/2023,1:00 AM,75,100,29.73,Rain,0,0,0,0,0,4,2
11/26/2023,1:30 AM,75,100,29.76,Clear,0,0,0,0,1,4,2
11/26/2023,2:00 AM,75,100,29.73,Clear,0,0,0,0,1,3,2
11/26/2023,2:30 AM,73,100,29.76,Clear,0,0,0,0,0,3,2
11/26/2023,3:00 AM,73,94,29.73,Rain,0,0,0,0,0,3,2
11/26/2023,3:30 AM,73,100,29.73,Rain,0,0,0,0,0,4,2
11/26/2023,4:00 AM,73,100,29.7,Rain,0,0,0,0,0,3,2
11/26/2023,4:30 AM,73,100,29.73,Rain,0,0,0,0,0,3,2
11/26/2023,5:00 AM,73,100,29.73,Rain,0,0,0,0,2,14,1
11/26/2023,5:30 AM,73,100,29.73,Rain,0,0,0,0,2,16,2
11/26/2023,6:00 AM,73,100,29.73,Rain,0,0,0,0,1,14,2
11/26/2023,6:30 AM,73,100,29.73,Rain,0,0,0,0,2,15,1
11/26/2023,7:00 AM,73,100,29.76,Rain,0,0,0,0,2,17,2
11/26/2023,7:30 AM,73,100,29.76,Rain,0,0,0,0,2,14,2
11/26/2023,8:00 AM,73,100,29.79,Rain,0,0,0,0,2,14,2
11/26/2023,8:30 AM,73,100,29.79,Rain,0,0,0,0,2,15,2
11/26/2023,9:00 AM,73,100,29.81,Rain,0,0,0,0,1,8,2
11/26/2023,9:30 AM,73,100,29.81,Rain,0,0,0,0,1,5,2
11/26/2023,10:00 AM,75,94,29.81,Rain,0,0,0,0,1,6,2
11/26/2023,10:30 AM,75,94,29.81,Rain,0,0,0,0,1,7,2
11/26/2023,11:00 AM,75,94,29.79,Rain,0,0,0,0,1,7,2
11/26/2023,11:30 AM,75,94,29.79,Rain,0,0,0,0,1,7,2
11/26/2023,12:00 PM,75,100,29.79,Rain,0,0,0,0,1,8,2
11/26/2023,12:30 PM,75,94,29.76,Rain,0,0,0,0,1,9,2
11/26/2023,1:00 PM,75,100,29.76,Rain,0,0,0,0,2,7,1
11/26/2023,1:30 PM,75,100,29.73,Rain,0,0,0,0,1,7,1
11/26/2023,2:00 PM,77,89,29.7,Rain,0,0,0,0,1,7,2
11/26/2023,2:30 PM,77,94,29.7,Rain,0,0,0,0,2,9,2
11/26/2023,3:00 PM,77,94,29.7,Clear,0,0,0,0,2,8,2
11/26/2023,3:30 PM,77,94,29.7,Clear,0,0,0,0,2,6,1
11/26/2023,4:00 PM,77,94,29.7,Clear,0,0,0,0,3,12,2
11/26/2023,4:30 PM,77,94,29.7,Clear,0,0,0,0,3,12,2
11/26/2023,5:00 PM,77,94,29.7,Rain,0,0,0,0,2,14,2
11/26/2023,5:30 PM,77,94,29.7,Clear,0,0,0,0,3,11,2
11/26/2023,6:00 PM,75,100,29.73,Clear,0,0,0,0,3,15,2
11/26/2023,6:30 PM,75,100,29.73,Clear,0,0,0,0,3,15,2
11/26/2023,7:00 PM,77,94,29.73,Clear,0,0,0,0,3,14,2
11/26/2023,7:30 PM,77,94,29.73,Clear,0,0,0,0,2,13,2
11/26/2023,8:00 PM,75,100,29.76,Clear,0,0,0,0,2,8,2
11/26/2023,8:30 PM,75,100,29.76,Clear,0,0,0,0,2,9,2
11/26/2023,9:00 PM,75,100,29.76,Clear,0,0,0,0,2,8,2
11/26/2023,9:30 PM,75,100,29.76,Clear,0,0,0,0,2,7,2
11/26/2023,10:00 PM,75,100,29.76,Clear,0,0,0,0,1,8,2
11/26/2023,10:30 PM,75,100,29.76,Clear,0,0,0,0,2,7,2
11/26/2023,11:00 PM,75,100,29.76,Clear,0,0,0,0,2,8,2
11/26/2023,11:30 PM,75,100,29.73,Clear,0,0,0,0,2,10,2
11/27/2023,12:00 AM,75,100,29.73,Clear,0,0,0,0,1,2,2
11/27/2023,12:30 AM,75,100,29.73,Clear,0,0,0,0,0,3,2
11/27/2023,1:00 AM,75,100,29.73,Clear,0,0,0,0,0,3,2
11/27/2023,1:30 AM,75,100,29.73,Clear,0,0,0,0,0,3,2
11/27/2023,2:00 AM,75,100,29.73,Clear,0,0,0,0,0,3,2
11/27/2023,2:30 AM,75,100,29.7,Clear,0,0,0,0,0,3,2
11/27/2023,3:00 AM,75,100,29.67,Clear,0,0,0,0,0,3,2
11/27/2023,3:30 AM,75,100,29.67,Clear,0,0,0,0,0,3,3
11/27/2023,4:00 AM,75,100,29.67,Clear,0,0,0,0,0,3,2
11/27/2023,4:30 AM,75,94,29.7,Clear,0,0,0,0,0,3,3
11/27/2023,5:00 AM,75,94,29.7,Clear,0,0,0,0,3,11,2
11/27/2023,5:30 AM,75,94,29.7,Clear,0,0,0,0,3,13,2
11/27/2023,6:00 AM,75,94,29.7,Rain,0,0,0,0,2,14,2
11/27/2023,6:30 AM,75,94,29.7,Clear,0,0,0,0,3,12,2
11/27/2023,7:00 AM,75,94,29.7,Clear,0,0,0,0,3,14,1
11/27/2023,7:30 AM,77,94,29.73,Clear,0,0,0,0,3,15,1
11/27/2023,8:00 AM,77,94,29.76,Clear,0,0,0,0,3,13,2
11/27/2023,8:30 AM,79,89,29.76,Clear,0,0,0,0,3,16,2
11/27/2023,9:00 AM,79,89,29.79,Clear,0,0,0,0,2,6,2
11/27/2023,9:30 AM,81,84,29.79,Clear,0,0,0,0,2,7,2
11/27/2023,10:00 AM,81,84,29.76,Clear,0,0,0,0,2,8,1
11/27/2023,10:30 AM,81,84,29.76,Clear,0,0,0,0,2,6,2
11/27/2023,11:00 AM,82,84,29.76,Clear,0,0,0,0,2,7,2
11/27/2023,11:30 AM,84,74,29.76,Clear,0,0,0,0,2,8,2
11/27/2023,12:00 PM,82,89,29.73,Clear,0,0,0,0,2,7,2
11/27/2023,12:30 PM,82,84,29.73,Clear,0,0,0,0,2,6,1
11/27/2023,1:00 PM,82,84,29.73,Clear,0,0,0,0,2,7,2
11/27/2023,1:30 PM,82,84,29.7,Clear,0,0,0,0,2,7,1
11/27/2023,2:00 PM,82,84,29.7,Clear,0,0,0,0,1,6,1
11/27/2023,2:30 PM,84,79,29.7,Clear,0,0,0,0,2,6,2
11/27/2023,3:00 PM,84,79,29.67,Clear,0,0,0,0,2,6,2
11/27/2023,3:30 PM,84,79,29.67,Clear,0,0,0,0,2,7,2
11/27/2023,4:00 PM,82,84,29.67,Clear,0,0,0,0,3,13,2
11/27/2023,4:30 PM,82,79,29.67,Clear,0,0,0,0,3,16,2
11/27/2023,5:00 PM,82,79,29.67,Clear,0,0,0,0,3,13,2
11/27/2023,5:30 PM,82,79,29.67,Clear,0,0,0,0,2,14,2
11/27/2023,6:00 PM,81,84,29.67,Clear,0,0,0,0,3,15,2
11/27/2023,6:30 PM,81,79,29.7,Clear,0,0,0,0,3,14,3
11/27/2023,7:00 PM,81,79,29.7,Clear,0,0,0,0,2,11,3
11/27/2023,7:30 PM,79,78,29.73,Clear,0,0,0,0,2,14,2
11/27/2023,8:00 PM,79,83,29.73,Clear,0,0,0,0,2,7,2
11/27/2023,8:30 PM,79,83,29.76,Rain,0,0,0,0,1,8,2
11/27/2023,9:00 PM,77,94,29.76,Rain,0,0,0,0,1,8,2
11/27/2023,9:30 PM,77,94,29.76,Rain,0,0,0,0,1,8,2
11/27/2023,10:00 PM,77,94,29.76,Rain,0,0,0,0,1,9,1
11/27/2023,10:30 PM,77,94,29.76,Rain,0,0,0,0,1,8,2
11/27/2023,11:00 PM,77,94,29.76,Rain,0,0,0,0,1,7,2
11/27/2023,11:30 PM,77,94,29.76,Rain,0,0,0,0,1,9,1
11/28/2023,12:00 AM,75,100,29.76,Rain,0,0,0,0,0,4,2
11/28/2023,12:30 AM,77,94,29.73,Rain,0,0,0,0,0,4,3
11/28/2023,1:00 AM,77,94,29.73,Rain,0,0,0,0,0,3,3
11/28/2023,1:30 AM,77,94,29.7,Rain,0,0,0,0,0,3,3
11/28/2023,2:00 AM,77,94,29.7,Rain,0,0,0,0,0,3,2
11/28/2023,2:30 AM,77,94,29.7,Rain,0,0,0,0,0,4,2
11/28/2023,3:00 AM,77,94,29.7,Rain,0,0,0,0,0,4,3
11/28/2023,3:30 AM,77,94,29.7,Rain,0,0,0,0,0,4,2
11/28/2023,4:00 AM,77,94,29.7,Clear,0,0,0,0,0,3,2
11/28/2023,4:30 AM,75,100,29.7,Rain,0,0,0,0,0,3,2
11/28/2023,5:00 AM,77,94,29.67,Rain,0,0,0,0,2,17,2
11/28/2023,5:30 AM,75,100,29.7,Rain,0,0,0,0,2,13,1
11/28/2023,6:00 AM,75,100,29.7,Rain,0,0,0,0,2,12,1
11/28/2023,6:30 AM,75,100,29.7,Rain,0,0,0,0,2,14,2
11/28/2023,7:00 AM,77,94,29.7,Rain,0,0,0,0,2,16,2
11/28/2023,7:30 AM,77,94,29.73,Clear,0,0,0,0,3,15,2
11/28/2023,8:00 AM,79,89,29.73,Clear,0,0,0,0,3,13,2
11/28/2023,8:30 AM,81,84,29.73,Clear,0,0,0,0,3,13,2
11/28/2023,9:00 AM,81,84,29.76,Clear,0,0,0,0,2,6,2
11/28/2023,9:30 AM,82,79,29.73,Clear,0,0,0,0,2,8,2
11/28/2023,10:00 AM,82,84,29.73,Rain,0,0,0,0,1,9,2
11/28/2023,10:30 AM,81,89,29.73,Clear,0,0,0,0,2,7,2
11/28/2023,11:00 AM,82,89,29.73,Clear,0,0,0,0,2,6,2
11/28/2023,11:30 AM,84,84,29.73,Clear,0,0,0,0,2,7,2
11/28/2023,12:00 PM,84,84,29.7,Clear,0,0,0,0,2,7,2
11/28/2023,12:30 PM,86,79,29.7,Clear,0,0,0,0,2,6,2
11/28/2023,1:00 PM,86,79,29.67,Clear,0,0,0,0,2,6,1
11/28/2023,1:30 PM,86,74,29.67,Clear,0,0,0,0,2,6,2
11/28/2023,2:00 PM,86,74,29.67,Clear,0,0,0,0,2,8,1
11/28/2023,2:30 PM,86,74,29.64,Clear,0,0,0,0,2,6,1
11/28/2023,3:00 PM,86,70,29.64,Clear,0,0,0,0,2,6,2
11/28/2023,3:30 PM,84,74,29.64,Rain,0,0,0,0,1,8,2
11/28/2023,4:00 PM,81,89,29.64,Clear,0,0,0,0,3,13,2
11/28/2023,4:30 PM,79,94,29.64,Rain,0,0,0,0,2,14,2
11/28/2023,5:00 PM,81,89,29.64,Rain,0,0,0,0,2,16,2
11/28/2023,5:30 PM,81,89,29.64,Clear,0,0,0,0,3,14,2
11/28/2023,6:00 PM,81,89,29.64,Clear,0,0,0,0,3,16,3
11/28/2023,6:30 PM,81,84,29.67,Clear,0,0,0,0,3,13,3
11/28/2023,7:00 PM,81,84,29.67,Clear,0,0,0,0,3,14,2
11/28/2023,7:30 PM,79,89,29.67,Rain,0,0,0,0,2,16,2
11/28/2023,8:00 PM,77,94,29.67,Clear,0,0,0,0,2,8,2
11/28/2023,8:30 PM,79,89,29.7,Clear,0,0,0,0,2,8,2
11/28/2023,9:00 PM,79,89,29.7,Clear,0,0,0,0,2,8,2
11/28/2023,9:30 PM,77,94,29.7,Clear,0,0,0,0,2,6,2
11/28/2023,10:00 PM,77,94,29.7,Clear,0,0,0,0,1,8,2
11/28/2023,10:30 PM,77,94,29.7,Clear,0,0,0,0,2,8,1
11/28/2023,11:00 PM,77,94,29.7,Clear,0,0,0,0,2,8,2
11/28/2023,11:30 PM,75,100,29.7,Clear,0,0,0,0,2,9,2
11/29/2023,12:00 AM,75,100,29.67,Clear,0,0,0,0,0,2,2
11/29/2023,12:30 AM,75,100,29.7,Clear,0,0,0,0,0,3,2
11/29/2023,1:00 AM,75,100,29.67,Clear,0,0,0,0,1,3,2
11/29/2023,1:30 AM,75,100,29.67,Clear,0,0,0,0,0,3,2
11/29/2023,2:00 AM,75,100,29.67,Clear,0,0,0,0,0,3,2
11/29/2023,2:30 AM,77,94,29.67,Clear,0,0,0,0,0,3,2
11/29/2023,3:00 AM,75,100,29.67,Clear,0,0,0,0,0,3,2
11/29/2023,3:30 AM,75,100,29.64,Clear,0,0,0,0,0,3,2
11/29/2023,4:00 AM,75,100,29.64,Clear,0,0,0,0,1,3,2
11/29/2023,4:30 AM,77,94,29.64,Clear,0,0,0,0,0,3,2
11/29/2023,5:00 AM,77,94,29.64,Clear,0,0,0,0,3,15,2
11/29/2023,5:30 AM,77,94,29.64,Clear,0,0,0,0,3,14,2
11/29/2023,6:00 AM,77,94,29.64,Rain,0,0,0,0,2,14,2
11/29/2023,6:30 AM,77,94,29.67,Rain,0,0,0,0,2,13,2
11/29/2023,7:00 AM,79,89,29.67,Rain,0,0,0,0,2,17,2
11/29/2023,7:30 AM,79,89,29.7,Rain,0,0,0,0,2,18,2
11/29/2023,8:00 AM,79,94,29.7,Clear,0,0,0,0,3,17,2
11/29/2023,8:30 AM,79,94,29.73,Clear,0,0,0,0,2,15,2
11/29/2023,9:00 AM,81,89,29.73,Rain,0,0,0,0,1,7,2
11/29/2023,9:30 AM,81,89,29.73,Rain,0,0,0,0,1,8,2
11/29/2023,10:00 AM,81,89,29.73,Clear,0,0,0,0,2,7,2
11/29/2023,10:30 AM,82,84,29.73,Rain,0,0,0,0,1,9,2
11/29/2023,11:00 AM,81,89,29.73,Rain,0,0,0,0,1,8,1
11/29/2023,11:30 AM,79,94,29.73,Rain,0,0,0,0,1,5,2
11/29/2023,12:00 PM,77,100,29.73,Clear,0,0,0,0,2,7,1
11/29/2023,12:30 PM,79,94,29.7,Rain,0,0,0,0,1,8,1
11/29/2023,1:00 PM,79,94,29.67,Rain,0,0,0,0,1,6,2
11/29/2023,1:30 PM,79,94,29.67,Clear,0,0,0,0,2,6,1
11/29/2023,2:00 PM,77,100,29.67,Clear,0,0,0,0,2,6,2
11/29/2023,2:30 PM,77,100,29.67,Rain,0,0,0,0,2,8,2
11/29/2023,3:00 PM,77,100,29.67,Clear,0,0,0,0,2,6,2
11/29/2023,3:30 PM,77,100,29.67,Clear,0,0,0,0,2,7,2
11/29/2023,4:00 PM,77,100,29.67,Rain,0,0,0,0,2,12,2
11/29/2023,4:30 PM,77,100,29.67,Rain,0,0,0,0,2,15,2
11/29/2023,5:00 PM,77,100,29.7,Rain,0,0,0,0,2,15,2
11/29/2023,5:30 PM,77,100,29.7,Rain,0,0,0,0,2,16,2
11/29/2023,6:00 PM,75,100,29.7,Rain,0,0,0,0,2,15,2
11/29/2023,6:30 PM,75,100,29.73,Clear,0,0,0,0,3,12,2
11/29/2023,7:00 PM,77,100,29.73,Clear,0,0,0,0,3,15,2
11/29/2023,7:30 PM,75,100,29.73,Rain,0,0,0,0,2,14,2
11/29/2023,8:00 PM,77,100,29.76,Rain,0,0,0,0,1,9,1
11/29/2023,8:30 PM,77,100,29.76,Clear,0,0,0,0,2,7,2
11/29/2023,9:00 PM,77,100,29.76,Rain,0,0,0,0,1,8,2
11/29/2023,9:30 PM,77,100,29.76,Rain,0,0,0,0,1,7,1
11/29/2023,10:00 PM,75,100,29.76,Rain,0,0,0,0,1,8,1
11/29/2023,10:30 PM,77,100,29.76,Rain,0,0,0,0,1,8,2
11/29/2023,11:00 PM,77,100,29.76,Rain,0,0,0,0,1,9,2
11/29/2023,11:30 PM,77,100,29.76,Rain,0,0,0,0,1,10,2
11/30/2023,12:00 AM,75,100,29.76,Rain,0,0,0,0,0,4,2
11/30/2023,12:30 AM,75,100,29.76,Rain,0,0,0,0,0,3,2
11/30/2023,1:00 AM,75,100,29.76,Rain,0,0,0,0,0,3,2
11/30/2023,1:30 AM,75,100,29.76,Rain,0,0,0,0,0,2,2
11/30/2023,2:00 AM,75,100,29.76,Rain,0,0,0,0,0,3,2
11/30/2023,2:30 AM,75,100,29.76,Rain,0,0,0,0,0,3,2
11/30/2023,3:00 AM,75,100,29.73,Rain,0,0,0,0,0,4,2
11/30/2023,3:30 AM,75,100,29.73,Rain,0,0,0,0,0,3,2
11/30/2023,4:00 AM,75,100,29.73,Rain,0,0,0,0,0,4,2
11/30/2023,4:30 AM,75,100,29.73,Rain,0,0,0,0,0,4,3
11/30/2023,5:00 AM,75,100,29.7,Rain,0,0,0,0,2,15,2
11/30/2023,5:30 AM,75,100,29.73,Rain,0,0,0,0,2,18,2
11/30/2023,6:00 AM,75,100,29.73,Rain,0,0,0,0,2,17,2
11/30/2023,6:30 AM,75,100,29.73,Rain,0,0,0,0,2,17,2
11/30/2023,7:00 AM,75,100,29.76,Rain,0,0,0,0,2,16,2
11/30/2023,7:30 AM,75,100,29.76,Rain,0,0,0,0,2,12,2
11/30/2023,8:00 AM,75,100,29.79,Rain,0,0,0,0,2,15,2
11/30/2023,8:30 AM,77,100,29.79,Rain,0,0,0,0,2,15,1
11/30/2023,9:00 AM,77,100,29.79,Rain,0,0,0,0,1,8,2
11/30/2023,9:30 AM,77,100,29.81,Rain,0,0,0,0,2,8,2
11/30/2023,10:00 AM,79,94,29.81,Clear,0,0,0,0,2,7,2
11/30/2023,10:30 AM,81,94,29.79,Clear,0,0,0,0,2,6,2
11/30/2023,11:00 AM,82,89,29.79,Clear,0,0,0,0,2,7,2
11/30/2023,11:30 AM,82,89,29.76,Clear,0,0,0,0,2,7,1
11/30/2023,12:00 PM,84,84,29.73,Clear,0,0,0,0,2,7,2
11/30/2023,12:30 PM,84,84,29.73,Clear,0,0,0,0,2,8,2
11/30/2023,1:00 PM,84,84,29.73,Clear,0,0,0,0,2,7,1
11/30/2023,1:30 PM,84,84,29.7,Clear,0,0,0,0,2,7,1
11/30/2023,2:00 PM,82,89,29.7,Clear,0,0,0,0,2,7,2
11/30/2023,2:30 PM,82,84,29.7,Clear,0,0,0,0,2,7,1
11/30/2023,3:00 PM,84,84,29.7,Clear,0,0,0,0,2,6,1
11/30/2023,3:30 PM,84,79,29.7,Clear,0,0,0,0,2,7,2
11/30/2023,4:00 PM,84,74,29.67,Clear,0,0,0,0,3,14,2
11/30/2023,4:30 PM,82,84,29.67,Clear,0,0,0,0,2,14,2
11/30/2023,5:00 PM,82,84,29.67,Clear,0,0,0,0,2,15,2
11/30/2023,5:30 PM,82,84,29.67,Clear,0,0,0,0,3,14,2
11/30/2023,6:00 PM,81,84,29.7,Clear,0,0,0,0,3,15,2
11/30/2023,6:30 PM,81,89,29.7,Clear,0,0,0,0,3,12,2
11/30/2023,7:00 PM,79,89,29.7,Clear,0,0,0,0,3,15,2
11/30/2023,7:30 PM,79,94,29.73,Clear,0,0,0,0,3,12,2
11/30/2023,8:00 PM,79,94,29.73,Clear,0,0,0,0,2,8,2
11/30/2023,8:30 PM,79,94,29.76,Clear,0,0,0,0,2,8,2
11/30/2023,9:00 PM,79,94,29.76,Clear,0,0,0,0,2,7,1
11/30/2023,9:30 PM,77,94,29.76,Clear,0,0,0,0,2,7,2
11/30/2023,10:00 PM,77,94,29.76,Clear,0,0,0,0,2,8,2
11/30/2023,10:30 PM,77,100,29.79,Clear,0,0,0,0,2,9,2
11/30/2023,11:00 PM,77,94,29.76,Clear,0,0,0,0,1,7,2
11/30/2023,11:30 PM,77,94,29.76,Clear,0,0,0,0,1,8,1
12/1/2023,12:00 AM,77,94,29.76,Clear,0,0,0,0,0,3,3
12/1/2023,12:30 AM,77,94,29.76,Clear,0,0,0,0,0,3,2
12/1/2023,1:00 AM,77,94,29.73,Clear,0,0,0,0,0,4,2
12/1/2023,1:30 AM,77,94,29.73,Clear,0,0,0,0,0,3,2
12/1/2023,2:00 AM,77,94,29.73,Clear,0,0,0,0,0,3,2
12/1/2023,2:30 AM,77,100,29.73,Rain,0,0,0,0,0,3,2
12/1/2023,3:00 AM,77,100,29.7,Clear,0,0,0,0,0,3,2
12/1/2023,3:30 AM,77,100,29.7,Clear,0,0,0,0,0,4,2
12/1/2023,4:00 AM,77,94,29.7,Clear,0,0,0,0,0,3,2
12/1/2023,4:30 AM,77,94,29.7,Clear,0,0,0,0,0,3,2
12/1/2023,5:00 AM,77,100,29.7,Clear,0,0,0,0,3,14,2
12/1/2023,5:30 AM,77,100,29.7,Clear,0,0,0,0,3,15,2
12/1/2023,6:00 AM,77,100,29.7,Clear,0,0,0,0,2,11,2
12/1/2023,6:30 AM,77,94,29.73,Clear,0,0,0,0,3,14,2
12/1/2023,7:00 AM,77,100,29.73,Clear,0,0,0,0,3,12,2
12/1/2023,7:30 AM,77,100,29.73,Clear,0,0,0,0,3,14,2
12/1/2023,8:00 AM,79,100,29.76,Clear,0,0,0,0,3,15,2
12/1/2023,8:30 AM,81,94,29.76,Rain,0,0,0,0,2,14,2
12/1/2023,9:00 AM,81,94,29.76,Rain,0,0,0,0,1,6,2
12/1/2023,9:30 AM,81,94,29.76,Rain,0,0,0,0,1,6,2
12/1/2023,10:00 AM,84,89,29.76,Rain,0,0,0,0,1,9,2
12/1/2023,10:30 AM,82,89,29.76,Rain,0,0,0,0,1,6,2
12/1/2023,11:00 AM,82,89,29.73,Clear,0,0,0,0,2,7,2
12/1/2023,11:30 AM,84,89,29.73,Clear,0,0,0,0,2,8,2
12/1/2023,12:00 PM,82,89,29.73,Rain,0,0,0,0,1,7,2
12/1/2023,12:30 PM,84,89,29.7,Clear,0,0,0,0,2,7,2
12/1/2023,1:00 PM,84,84,29.7,Clear,0,0,0,0,2,5,1
12/1/2023,1:30 PM,84,84,29.7,Clear,0,0,0,0,2,6,1
12/1/2023,2:00 PM,84,84,29.67,Clear,0,0,0,0,2,7,1
12/1/2023,2:30 PM,84,84,29.67,Clear,0,0,0,0,2,6,2
12/1/2023,3:00 PM,84,84,29.67,Clear,0,0,0,0,2,7,2
12/1/2023,3:30 PM,84,84,29.64,Clear,0,0,0,0,2,8,2
12/1/2023,4:00 PM,84,84,29.64,Clear,0,0,0,0,3,14,2
12/1/2023,4:30 PM,84,84,29.67,Clear,0,0,0,0,3,13,2
12/1/2023,5:00 PM,84,84,29.67,Rain,0,0,0,0,2,15,3
12/1/2023,5:30 PM,82,84,29.67,Rain,0,0,0,0,2,16,2
12/1/2023,6:00 PM,82,84,29.67,Clear,0,0,0,0,4,13,2
12/1/2023,6:30 PM,82,84,29.7,Clear,0,0,0,0,4,15,2
12/1/2023,7:00 PM,82,84,29.7,Clear,0,0,0,0,3,14,2
12/1/2023,7:30 PM,82,84,29.73,Clear,0,0,0,0,3,11,2
12/1/2023,8:00 PM,82,84,29.73,Rain,0,0,0,0,1,8,2
12/1/2023,8:30 PM,77,94,29.76,Rain,0,0,0,0,1,7,2
12/1/2023,9:00 PM,77,100,29.76,Rain,0,0,0,0,1,7,2
12/1/2023,9:30 PM,77,100,29.76,Clear,0,0,0,0,2,7,2
12/1/2023,10:00 PM,77,100,29.76,Clear,0,0,0,0,2,7,2
12/1/2023,10:30 PM,77,100,29.76,Rain,0,0,0,0,1,9,2
12/1/2023,11:00 PM,77,100,29.79,Rain,0,0,0,0,1,8,2
12/1/2023,11:30 PM,77,94,29.79,Rain,0,0,0,0,1,10,2
12/2/2023,12:00 AM,75,100,29.76,Clear,0,0,0,0,0,3,2
12/2/2023,12:30 AM,75,100,29.76,Clear,0,0,0,0,1,3,2
12/2/2023,1:00 AM,75,100,29.73,Clear,0,0,0,0,0,3,2
12/2/2023,1:30 AM,75,100,29.73,Clear,0,0,0,0,0,3,2
12/2/2023,2:00 AM,75,94,29.7,Clear,0,0,0,0,0,3,2
12/2/2023,2:30 AM,75,94,29.7,Clear,0,0,0,0,0,4,2
12/2/2023,3:00 AM,73,100,29.7,Clear,0,0,0,0,0,3,3
12/2/2023,3:30 AM,73,100,29.67,Clear,0,0,0,0,0,3,2
12/2/2023,4:00 AM,73,100,29.67,Clear,0,0,0,0,0,3,3
12/2/2023,4:30 AM,73,100,29.67,Clear,0,0,0,0,0,3,2
12/2/2023,5:00 AM,73,100,29.7,Clear,0,0,0,0,3,15,2
12/2/2023,5:30 AM,73,100,29.7,Clear,0,0,0,0,2,14,2
12/2/2023,6:00 AM,73,100,29.7,Clear,0,0,0,0,3,15,2
12/2/2023,6:30 AM,73,100,29.73,Clear,0,0,0,0,3,14,2
12/2/2023,7:00 AM,75,100,29.73,Clear,0,0,0,0,3,15,1
12/2/2023,7:30 AM,75,100,29.76,Clear,0,0,0,0,3,12,2
12/2/2023,8:00 AM,77,94,29.79,Rain,0,0,0,0,2,12,2
12/2/2023,8:30 AM,77,100,29.79,Rain,0,0,0,0,2,14,2
12/2/2023,9:00 AM,79,94,29.79,Rain,0,0,0,0,2,8,2
12/2/2023,9:30 AM,81,94,29.79,Rain,0,0,0,0,1,9,2
12/2/2023,10:00 AM,81,94,29.79,Clear,0,0,0,0,2,7,2
12/2/2023,10:30 AM,82,89,29.79,Clear,0,0,0,0,2,8,2
12/2/2023,11:00 AM,82,89,29.79,Rain,0,0,0,0,2,7,2
12/2/2023,11:30 AM,79,100,29.76,Rain,0,0,0,0,1,7,1
12/2/2023,12:00 PM,81,94,29.76,Rain,0,0,0,0,1,6,1
12/2/2023,12:30 PM,81,94,29.73,Clear,0,0,0,0,2,7,2
12/2/2023,1:00 PM,82,84,29.73,Rain,0,0,0,0,2,8,2
12/2/2023,1:30 PM,81,89,29.7,Rain,0,0,0,0,1,8,1
12/2/2023,2:00 PM,82,89,29.7,Rain,0,0,0,0,2,7,2
12/2/2023,2:30 PM,82,89,29.7,Rain,0,0,0,0,1,7,2
12/2/2023,3:00 PM,79,94,29.7,Rain,0,0,0,0,1,8,2
12/2/2023,3:30 PM,79,89,29.67,Rain,0,0,0,0,2,7,1
12/2/2023,4:00 PM,79,94,29.67,Rain,0,0,0,0,2,16,2
12/2/2023,4:30 PM,79,94,29.67,Rain,0,0,0,0,2,15,2
12/2/2023,5:00 PM,77,94,29.7,Rain,0,0,0,0,2,15,2
12/2/2023,5:30 PM,77,94,29.7,Rain,0,0,0,0,2,16,2
12/2/2023,6:00 PM,77,94,29.7,Clear,0,0,0,0,3,13,3
12/2/2023,6:30 PM,75,100,29.7,Clear,0,0,0,0,3,15,2
12/2/2023,7:00 PM,75,94,29.7,Clear,0,0,0,0,3,14,2
12/2/2023,7:30 PM,75,100,29.73,Clear,0,0,0,0,3,14,3
12/2/2023,8:00 PM,75,100,29.73,Clear,0,0,0,0,2,8,1
12/2/2023,8:30 PM,75,100,29.73,Clear,0,0,0,0,2,8,2
12/2/2023,9:00 PM,75,100,29.73,Clear,0,0,0,0,2,7,2
12/2/2023,9:30 PM,75,100,29.73,Clear,0,0,0,0,2,6,2
12/2/2023,10:00 PM,75,100,29.73,Clear,0,0,0,0,2,7,2
12/2/2023,10:30 PM,75,100,29.73,Clear,0,0,0,0,2,7,2
12/2/2023,11:00 PM,75,100,29.73,Rain,0,0,0,0,1,9,1
12/2/2023,11:30 PM,77,94,29.73,Rain,0,0,0,0,1,9,2
12/3/2023,12:00 AM,77,94,29.73,Clear,0,0,0,0,0,3,2
12/3/2023,12:30 AM,75,100,29.73,Clear,0,0,0,0,0,4,2
12/3/2023,1:00 AM,77,94,29.73,Rain,0,0,0,0,0,3,3
12/3/2023,1:30 AM,77,94,29.73,Clear,0,0,0,0,0,3,2
12/3/2023,2:00 AM,75,100,29.7,Clear,0,0,0,0,0,3,2
12/3/2023,2:30 AM,75,100,29.7,Clear,0,0,0,0,0,3,2
12/3/2023,3:00 AM,75,100,29.7,Clear,0,0,0,0,0,3,2
12/3/2023,3:30 AM,75,100,29.67,Clear,0,0,0,0,1,2,2
12/3/2023,4:00 AM,75,100,29.67,Clear,0,0,0,0,0,3,3
12/3/2023,4:30 AM,75,100,29.67,Clear,0,0,0,0,0,3,2
12/3/2023,5:00 AM,75,100,29.7,Clear,0,0,0,0,3,11,1
12/3/2023,5:30 AM,75,100,29.7,Clear,0,0,0,0,3,14,1
12/3/2023,6:00 AM,75,100,29.7,Clear,0,0,0,0,3,14,2
12/3/2023,6:30 AM,75,100,29.7,Clear,0,0,0,0,3,15,2
12/3/2023,7:00 AM,75,100,29.73,Clear,0,0,0,0,3,14,2
12/3/2023,7:30 AM,75,100,29.73,Clear,0,0,0,0,3,11,2
12/3/2023,8:00 AM,77,100,29.76,Clear,0,0,0,0,3,15,2
12/3/2023,8:30 AM,79,100,29.79,Clear,0,0,0,0,2,13,2
12/3/2023,9:00 AM,81,94,29.79,Clear,0,0,0,0,2,7,2
12/3/2023,9:30 AM,82,89,29.79,Clear,0,0,0,0,2,6,1
12/3/2023,10:00 AM,82,89,29.76,Clear,0,0,0,0,2,7,2
12/3/2023,10:30 AM,84,89,29.76,Clear,0,0,0,0,2,7,2
12/3/2023,11:00 AM,86,84,29.76,Clear,0,0,0,0,2,8,1
12/3/2023,11:30 AM,86,79,29.76,Clear,0,0,0,0,2,7,2
12/3/2023,12:00 PM,86,84,29.73,Clear,0,0,0,0,2,8,2
12/3/2023,12:30 PM,84,84,29.73,Clear,0,0,0,0,2,6,2
12/3/2023,1:00 PM,88,79,29.7,Clear,0,0,0,0,2,6,1
12/3/2023,1:30 PM,88,75,29.7,Clear,0,0,0,0,2,5,1
12/3/2023,2:00 PM,88,75,29.67,Rain,0,0,0,0,1,8,1
12/3/2023,2:30 PM,86,79,29.67,Clear,0,0,0,0,2,7,2
12/3/2023,3:00 PM,86,74,29.67,Clear,0,0,0,0,2,6,2
12/3/2023,3:30 PM,86,74,29.67,Clear,0,0,0,0,2,6,1
12/3/2023,4:00 PM,84,79,29.67,Clear,0,0,0,0,3,13,3
12/3/2023,4:30 PM,84,79,29.67,Clear,0,0,0,0,3,16,2
12/3/2023,5:00 PM,82,79,29.7,Clear,0,0,0,0,3,14,2
12/3/2023,5:30 PM,82,79,29.7,Clear,0,0,0,0,3,16,2
12/3/2023,6:00 PM,81,84,29.7,Clear,0,0,0,0,3,14,2
12/3/2023,6:30 PM,81,84,29.73,Clear,0,0,0,0,3,13,2
12/3/2023,7:00 PM,81,84,29.73,Clear,0,0,0,0,3,13,2
12/3/2023,7:30 PM,79,89,29.76,Clear,0,0,0,0,3,15,2
12/3/2023,8:00 PM,79,89,29.76,Clear,0,0,0,0,1,8,2
12/3/2023,8:30 PM,79,89,29.76,Clear,0,0,0,0,1,8,2
12/3/2023,9:00 PM,77,94,29.79,Clear,0,0,0,0,2,9,2
12/3/2023,9:30 PM,77,94,29.79,Clear,0,0,0,0,2,6,2
12/3/2023,10:00 PM,77,94,29.79,Clear,0,0,0,0,2,8,1
12/3/2023,10:30 PM,77,94,29.79,Clear,0,0,0,0,2,8,2
12/3/2023,11:00 PM,77,94,29.79,Clear,0,0,0,0,2,10,2
12/3/2023,11:30 PM,77,94,29.79,Clear,0,0,0,0,2,7,1
12/4/2023,12:00 AM,77,100,29.76,Clear,0,0,0,0,0,3,2
12/4/2023,12:30 AM,77,100,29.76,Clear,0,0,0,0,0,3,2
12/4/2023,1:00 AM,77,100,29.76,Clear,0,0,0,0,1,3,2
12/4/2023,1:30 AM,77,94,29.73,Clear,0,0,0,0,0,3,2
12/4/2023,2:00 AM,77,94,29.7,Clear,0,0,0,0,0,4,2
12/4/2023,2:30 AM,77,94,29.7,Clear,0,0,0,0,1,3,2
12/4/2023,3:00 AM,77,94,29.7,Clear,0,0,0,0,0,3,2
12/4/2023,3:30 AM,77,94,29.7,Clear,0,0,0,0,0,4,2
12/4/2023,4:00 AM,77,94,29.7,Clear,0,0,0,0,0,4,2
12/4/2023,4:30 AM,77,94,29.7,Clear,0,0,0,0,0,3,2
12/4/2023,5:00 AM,75,100,29.7,Clear,0,0,0,0,3,14,2
12/4/2023,5:30 AM,75,100,29.7,Clear,0,0,0,0,3,15,2
12/4/2023,6:00 AM,75,100,29.7,Clear,0,0,0,0,3,13,2
12/4/2023,6:30 AM,75,100,29.73,Clear,0,0,0,0,3,16,2
12/4/2023,7:00 AM,77,94,29.73,Clear,0,0,0,0,3,13,2
12/4/2023,7:30 AM,79,94,29.76,Clear,0,0,0,0,3,16,2
12/4/2023,8:00 AM,81,89,29.76,Clear,0,0,0,0,3,15,1
12/4/2023,8:30 AM,81,89,29.76,Clear,0,0,0,0,3,15,2
12/4/2023,9:00 AM,82,89,29.76,Clear,0,0,0,0,2,7,2
12/4/2023,9:30 AM,86,84,29.76,Clear,0,0,0,0,2,7,1
12/4/2023,10:00 AM,86,84,29.76,Clear,0,0,0,0,2,7,2
12/4/2023,10:30 AM,86,84,29.76,Clear,0,0,0,0,2,7,1
12/4/2023,11:00 AM,88,79,29.76,Clear,0,0,0,0,2,7,2
12/4/2023,11:30 AM,88,75,29.73,Clear,0,0,0,0,2,7,2
12/4/2023,12:00 PM,90,70,29.73,Clear,0,0,0,0,2,6,2
12/4/2023,12:30 PM,91,66,29.7,Clear,0,0,0,0,2,6,2
12/4/2023,1:00 PM,91,66,29.7,Clear,0,0,0,0,2,7,2
12/4/2023,1:30 PM,90,66,29.67,Clear,0,0,0,0,2,7,2
12/4/2023,2:00 PM,91,66,29.67,Clear,0,0,0,0,2,6,2
12/4/2023,2:30 PM,88,70,29.67,Clear,0,0,0,0,2,7,1
12/4/2023,3:00 PM,88,75,29.64,Clear,0,0,0,0,2,6,2
12/4/2023,3:30 PM,88,75,29.64,Rain,0,0,0,0,1,8,2
12/4/2023,4:00 PM,86,74,29.64,Rain,0,0,0,0,2,18,2
12/4/2023,4:30 PM,84,79,29.67,Clear,0,0,0,0,3,13,3
12/4/2023,5:00 PM,84,79,29.7,Clear,0,0,0,0,3,16,2
12/4/2023,5:30 PM,82,84,29.7,Clear,0,0,0,0,3,15,2
12/4/2023,6:00 PM,82,84,29.7,Clear,0,0,0,0,2,13,2
12/4/2023,6:30 PM,82,84,29.7,Clear,0,0,0,0,3,14,3
12/4/2023,7:00 PM,81,89,29.73,Clear,0,0,0,0,2,14,2
12/4/2023,7:30 PM,81,89,29.73,Clear,0,0,0,0,3,15,2
12/4/2023,8:00 PM,81,89,29.73,Clear,0,0,0,0,2,7,2
12/4/2023,8:30 PM,81,89,29.76,Clear,0,0,0,0,2,8,1
12/4/2023,9:00 PM,79,94,29.76,Clear,0,0,0,0,2,9,1
12/4/2023,9:30 PM,79,94,29.76,Clear,0,0,0,0,2,8,2
12/4/2023,10:00 PM,79,94,29.76,Clear,0,0,0,0,2,8,1
12/4/2023,10:30 PM,79,94,29.76,Clear,0,0,0,0,1,7,2
12/4/2023,11:00 PM,77,100,29.76,Clear,0,0,0,0,2,7,2
12/4/2023,11:30 PM,77,100,29.76,Clear,0,0,0,0,2,7,2
12/5/2023,12:00 AM,77,100,29.73,Clear,0,0,0,0,0,3,2
12/5/2023,12:30 AM,77,100,29.73,Clear,0,0,0,0,1,4,2
12/5/2023,1:00 AM,77,100,29.73,Clear,0,0,0,0,0,4,2
12/5/2023,1:30 AM,77,100,29.73,Clear,0,0,0,0,1,3,2
12/5/2023,2:00 AM,77,100,29.73,Clear,0,0,0,0,0,3,3
12/5/2023,2:30 AM,77,100,29.7,Clear,0,0,0,0,0,3,2
12/5/2023,3:00 AM,77,100,29.7,Clear,0,0,0,0,0,3,3
12/5/2023,3:30 AM,77,100,29.7,Clear,0,0,0,0,1,3,2
12/5/2023,4:00 AM,77,94,29.7,Clear,0,0,0,0,1,3,2
12/5/2023,4:30 AM,77,94,29.7,Clear,0,0,0,0,0,3,2
12/5/2023,5:00 AM,77,100,29.7,Clear,0,0,0,0,3,15,1
12/5/2023,5:30 AM,77,100,29.7,Clear,0,0,0,0,3,12,1
12/5/2023,6:00 AM,77,94,29.7,Clear,0,0,0,0,4,13,1
12/5/2023,6:30 AM,77,94,29.73,Clear,0,0,0,0,3,16,2
12/5/2023,7:00 AM,77,100,29.73,Clear,0,0,0,0,3,14,2
12/5/2023,7:30 AM,79,100,29.73,Clear,0,0,0,0,3,13,2
12/5/2023,8:00 AM,81,94,29.76,Clear,0,0,0,0,3,14,2
12/5/2023,8:30 AM,82,89,29.76,Clear,0,0,0,0,3,14,1
12/5/2023,9:00 AM,84,89,29.76,Clear,0,0,0,0,2,7,2
12/5/2023,9:30 AM,86,84,29.76,Clear,0,0,0,0,2,7,1
12/5/2023,10:00 AM,86,84,29.76,Clear,0,0,0,0,2,8,2
12/5/2023,10:30 AM,88,79,29.76,Clear,0,0,0,0,2,6,2
12/5/2023,11:00 AM,86,79,29.76,Clear,0,0,0,0,2,7,1
12/5/2023,11:30 AM,88,79,29.76,Rain,0,0,0,0,1,7,1
12/5/2023,12:00 PM,88,79,29.73,Rain,0,0,0,0,1,7,2
12/5/2023,12:30 PM,90,70,29.73,Rain,0,0,0,0,1,8,2
12/5/2023,1:00 PM,90,70,29.7,Rain,0,0,0,0,1,8,2
12/5/2023,1:30 PM,88,75,29.7,Rain,0,0,0,0,1,6,2
12/5/2023,2:00 PM,84,79,29.67,Rain,0,0,0,0,1,7,2
12/5/2023,2:30 PM,84,84,29.67,Clear,0,0,0,0,2,7,2
12/5/2023,3:00 PM,86,79,29.67,Clear,0,0,0,0,2,6,1
12/5/2023,3:30 PM,88,75,29.67,Clear,0,0,0,0,2,6,2
12/5/2023,4:00 PM,86,74,29.67,Clear,0,0,0,0,3,13,2
12/5/2023,4:30 PM,86,74,29.67,Rain,0,0,0,0,2,16,3
12/5/2023,5:00 PM,84,79,29.67,Rain,0,0,0,0,2,15,2
12/5/2023,5:30 PM,82,84,29.7,Rain,0,0,0,0,2,13,2
12/5/2023,6:00 PM,82,84,29.7,Clear,0,0,0,0,3,14,2
12/5/2023,6:30 PM,82,84,29.73,Clear,0,0,0,0,3,12,2
12/5/2023,7:00 PM,81,89,29.73,Clear,0,0,0,0,3,15,2
12/5/2023,7:30 PM,81,89,29.76,Clear,0,0,0,0,3,13,2
12/5/2023,8:00 PM,79,94,29.76,Clear,0,0,0,0,2,9,1
12/5/2023,8:30 PM,79,94,29.76,Clear,0,0,0,0,2,9,2
12/5/2023,9:00 PM,79,94,29.79,Clear,0,0,0,0,2,8,2
12/5/2023,9:30 PM,79,94,29.79,Clear,0,0,0,0,2,6,2
12/5/2023,10:00 PM,79,94,29.79,Clear,0,0,0,0,2,8,2
12/5/2023,10:30 PM,77,100,29.79,Clear,0,0,0,0,2,9,2
12/5/2023,11:00 PM,79,94,29.79,Rain,0,0,0,0,1,8,2
12/5/2023,11:30 PM,79,94,29.79,Rain,0,0,0,0,1,8,1
12/6/2023,12:00 AM,77,100,29.79,Rain,0,0,0,0,0,3,3
12/6/2023,12:30 AM,77,100,29.79,Rain,0,0,0,0,0,3,3
12/6/2023,1:00 AM,77,100,29.76,Rain,0,0,0,0,0,4,3
12/6/2023,1:30 AM,77,100,29.76,Clear,0,0,0,0,0,3,3
12/6/2023,2:00 AM,77,100,29.76,Clear,0,0,0,0,1,3,2
12/6/2023,2:30 AM,77,100,29.73,Clear,0,0,0,0,0,3,2
12/6/2023,3:00 AM,77,100,29.73,Clear,0,0,0,0,0,3,2
12/6/2023,3:30 AM,77,100,29.73,Rain,0,0,0,0,0,4,3
12/6/2023,4:00 AM,77,100,29.73,Rain,0,0,0,0,0,3,2
12/6/2023,4:30 AM,77,100,29.73,Clear,0,0,0,0,1,2,3
12/6/2023,5:00 AM,77,100,29.73,Clear,0,0,0,0,3,13,2
12/6/2023,5:30 AM,77,100,29.76,Clear,0,0,0,0,3,15,2
12/6/2023,6:00 AM,77,94,29.76,Clear,0,0,0,0,3,13,2
12/6/2023,6:30 AM,77,94,29.76,Clear,0,0,0,0,2,13,2
12/6/2023,7:00 AM,77,100,29.76,Clear,0,0,0,0,3,13,2
12/6/2023,7:30 AM,79,94,29.79,Clear,0,0,0,0,3,16,2
12/6/2023,8:00 AM,79,100,29.79,Clear,0,0,0,0,3,13,2
12/6/2023,8:30 AM,81,94,29.79,Clear,0,0,0,0,3,12,2
12/6/2023,9:00 AM,82,94,29.79,Clear,0,0,0,0,2,6,2
12/6/2023,9:30 AM,84,89,29.79,Clear,0,0,0,0,2,6,2
12/6/2023,10:00 AM,86,84,29.79,Clear,0,0,0,0,2,7,2
12/6/2023,10:30 AM,86,84,29.79,Clear,0,0,0,0,1,6,2
12/6/2023,11:00 AM,88,75,29.79,Clear,0,0,0,0,2,7,2
12/6/2023,11:30 AM,88,75,29.76,Clear,0,0,0,0,2,7,2
12/6/2023,12:00 PM,90,70,29.76,Clear,0,0,0,0,2,7,2
12/6/2023,12:30 PM,90,66,29.73,Clear,0,0,0,0,2,7,2
12/6/2023,1:00 PM,90,66,29.73,Clear,0,0,0,0,2,6,2
12/6/2023,1:30 PM,91,63,29.7,Clear,0,0,0,0,2,7,2
12/6/2023,2:00 PM,90,62,29.7,Clear,0,0,0,0,2,6,2
12/6/2023,2:30 PM,90,62,29.7,Clear,0,0,0,0,2,7,2
12/6/2023,3:00 PM,90,62,29.7,Clear,0,0,0,0,2,6,1
12/6/2023,3:30 PM,90,62,29.67,Clear,0,0,0,0,2,6,2
12/6/2023,4:00 PM,90,62,29.7,Clear,0,0,0,0,3,12,2
12/6/2023,4:30 PM,88,66,29.7,Clear,0,0,0,0,2,13,2
12/6/2023,5:00 PM,88,66,29.7,Clear,0,0,0,0,3,14,2
12/6/2023,5:30 PM,86,70,29.7,Clear,0,0,0,0,3,14,2
12/6/2023,6:00 PM,84,74,29.73,Clear,0,0,0,0,3,13,2
12/6/2023,6:30 PM,84,74,29.73,Clear,0,0,0,0,3,13,2
12/6/2023,7:00 PM,82,79,29.73,Clear,0,0,0,0,2,15,3
12/6/2023,7:30 PM,82,84,29.76,Clear,0,0,0,0,3,15,2
12/6/2023,8:00 PM,82,84,29.79,Clear,0,0,0,0,2,8,2
12/6/2023,8:30 PM,81,89,29.79,Clear,0,0,0,0,2,7,2
12/6/2023,9:00 PM,81,89,29.79,Clear,0,0,0,0,2,7,2
12/6/2023,9:30 PM,81,89,29.79,Clear,0,0,0,0,2,8,2
12/6/2023,10:00 PM,79,94,29.79,Clear,0,0,0,0,2,8,2
12/6/2023,10:30 PM,81,89,29.79,Clear,0,0,0,0,2,9,2
12/6/2023,11:00 PM,77,94,29.79,Clear,0,0,0,0,2,7,2
12/6/2023,11:30 PM,77,94,29.79,Clear,0,0,0,0,2,8,1
12/7/2023,12:00 AM,79,94,29.79,Clear,0,0,0,0,0,3,2
12/7/2023,12:30 AM,79,94,29.79,Clear,0,0,0,0,0,3,2
12/7/2023,1:00 AM,77,100,29.76,Clear,0,0,0,0,0,3,2
12/7/2023,1:30 AM,77,94,29.76,Clear,0,0,0,0,1,3,2
12/7/2023,2:00 AM,77,94,29.73,Clear,0,0,0,0,0,3,2
12/7/2023,2:30 AM,77,94,29.73,Clear,0,0,0,0,0,3,2
12/7/2023,3:00 AM,75,100,29.73,Clear,0,0,0,0,0,3,3
12/7/2023,3:30 AM,75,100,29.73,Clear,0,0,0,0,0,3,3
12/7/2023,4:00 AM,75,100,29.73,Clear,0,0,0,0,0,3,3
12/7/2023,4:30 AM,75,100,29.73,Clear,0,0,0,0,0,3,2
12/7/2023,5:00 AM,77,100,29.73,Clear,0,0,0,0,3,10,1
12/7/2023,5:30 AM,77,94,29.73,Clear,0,0,0,0,3,13,2
12/7/2023,6:00 AM,77,94,29.73,Clear,0,0,0,0,3,14,2
12/7/2023,6:30 AM,77,94,29.76,Clear,0,0,0,0,3,12,2
12/7/2023,7:00 AM,77,94,29.76,Clear,0,0,0,0,3,17,2
12/7/2023,7:30 AM,77,94,29.79,Clear,0,0,0,0,3,15,2
12/7/2023,8:00 AM,79,94,29.79,Clear,0,0,0,0,3,14,2
12/7/2023,8:30 AM,81,94,29.79,Clear,0,0,0,0,3,12,2
12/7/2023,9:00 AM,82,89,29.81,Clear,0,0,0,0,2,6,1
12/7/2023,9:30 AM,82,89,29.81,Clear,0,0,0,0,2,6,2
12/7/2023,10:00 AM,84,84,29.81,Clear,0,0,0,0,2,6,2
12/7/2023,10:30 AM,86,84,29.81,Clear,0,0,0,0,2,7,2
12/7/2023,11:00 AM,82,84,29.81,Rain,0,0,0,0,1,7,2
12/7/2023,11:30 AM,75,100,29.81,Rain,0,0,0,0,1,8,2
12/7/2023,12:00 PM,77,94,29.79,Rain,0,0,0,0,1,7,2
12/7/2023,12:30 PM,79,94,29.79,Rain,0,0,0,0,1,9,2
12/7/2023,1:00 PM,79,94,29.76,Rain,1,1,1,0,1,7,1
12/7/2023,1:30 PM,81,94,29.76,Clear,0,0,0,0,2,6,2
12/7/2023,2:00 PM,82,89,29.73,Clear,0,0,0,0,2,6,2
12/7/2023,2:30 PM,82,89,29.73,Clear,0,0,0,0,2,6,2
12/7/2023,3:00 PM,81,89,29.73,Rain,0,0,0,0,1,9,2
12/7/2023,3:30 PM,81,94,29.73,Clear,0,0,0,0,2,7,1
12/7/2023,4:00 PM,81,94,29.7,Rain,0,0,0,0,2,14,2
12/7/2023,4:30 PM,81,94,29.73,Rain,0,0,0,0,2,16,2
12/7/2023,5:00 PM,81,89,29.73,Clear,0,0,0,0,3,12,2
12/7/2023,5:30 PM,81,89,29.73,Clear,0,0,0,0,3,16,2
12/7/2023,6:00 PM,81,89,29.73,Clear,0,0,0,0,3,13,2
12/7/2023,6:30 PM,81,89,29.73,Clear,0,0,0,0,3,13,3
12/7/2023,7:00 PM,79,94,29.76,Clear,0,0,0,0,3,12,2
12/7/2023,7:30 PM,79,94,29.76,Clear,0,0,0,0,3,13,2
12/7/2023,8:00 PM,79,89,29.79,Clear,0,0,0,0,2,8,1
12/7/2023,8:30 PM,79,89,29.79,Clear,0,0,0,0,1,8,1
12/7/2023,9:00 PM,77,100,29.79,Clear,0,0,0,0,2,7,2
12/7/2023,9:30 PM,77,100,29.79,Clear,0,0,0,0,1,6,2
12/7/2023,10:00 PM,77,100,29.81,Clear,0,0,0,0,2,8,1
12/7/2023,10:30 PM,77,94,29.79,Clear,0,0,0,0,2,8,1
12/7/2023,11:00 PM,77,94,29.79,Clear,0,0,0,0,1,8,2
12/7/2023,11:30 PM,77,94,29.79,Clear,0,0,0,0,2,7,1
12/8/2023,12:00 AM,77,94,29.79,Clear,0,0,0,0,0,4,2
12/8/2023,12:30 AM,77,94,29.79,Clear,0,0,0,0,0,3,2
12/8/2023,1:00 AM,77,94,29.76,Clear,0,0,0,0,0,3,2
12/8/2023,1:30 AM,75,100,29.76,Clear,0,0,0,0,0,3,2
12/8/2023,2:00 AM,75,100,29.76,Clear,0,0,0,0,0,3,3
12/8/2023,2:30 AM,75,100,29.76,Clear,0,0,0,0,1,4,3
12/8/2023,3:00 AM,75,100,29.73,Clear,0,0,0,0,0,3,3
12/8/2023,3:30 AM,75,100,29.73,Clear,0,0,0,0,0,3,2
12/8/2023,4:00 AM,75,100,29.73,Clear,0,0,0,0,0,3,2
12/8/2023,4:30 AM,75,100,29.73,Clear,0,0,0,0,0,3,2
12/8/2023,5:00 AM,75,100,29.73,Clear,0,0,0,0,3,16,2
12/8/2023,5:30 AM,75,100,29.76,Clear,0,0,0,0,3,14,2
12/8/2023,6:00 AM,75,94,29.76,Clear,0,0,0,0,3,15,1
12/8/2023,6:30 AM,75,94,29.76,Clear,0,0,0,0,3,11,2
12/8/2023,7:00 AM,75,100,29.79,Clear,0,0,0,0,3,17,2
12/8/2023,7:30 AM,77,94,29.79,Clear,0,0,0,0,3,12,2
12/8/2023,8:00 AM,79,94,29.81,Clear,0,0,0,0,3,15,2
12/8/2023,8:30 AM,81,94,29.81,Clear,0,0,0,0,2,15,2
12/8/2023,9:00 AM,82,89,29.81,Clear,0,0,0,0,2,6,2
12/8/2023,9:30 AM,86,84,29.81,Clear,0,0,0,0,2,5,2
12/8/2023,10:00 AM,86,79,29.79,Clear,0,0,0,0,2,7,2
12/8/2023,10:30 AM,86,79,29.79,Clear,0,0,0,0,2,6,2
12/8/2023,11:00 AM,88,75,29.79,Clear,0,0,0,0,2,6,2
12/8/2023,11:30 AM,88,75,29.76,Clear,0,0,0,0,2,7,1
12/8/2023,12:00 PM,90,70,29.76,Clear,0,0,0,0,2,7,1
12/8/2023,12:30 PM,90,66,29.73,Clear,0,0,0,0,2,7,2
12/8/2023,1:00 PM,90,66,29.73,Clear,0,0,0,0,2,7,1
12/8/2023,1:30 PM,90,66,29.7,Clear,0,0,0,0,2,7,2
12/8/2023,2:00 PM,90,66,29.7,Clear,0,0,0,0,2,7,1
12/8/2023,2:30 PM,90,62,29.67,Clear,0,0,0,0,2,7,2
12/8/2023,3:00 PM,90,66,29.67,Clear,0,0,0,0,2,7,2
12/8/2023,3:30 PM,90,66,29.67,Clear,0,0,0,0,2,6,1
12/8/2023,4:00 PM,88,66,29.67,Clear,0,0,0,0,3,12,2
12/8/2023,4:30 PM,88,66,29.7,Clear,0,0,0,0,3,15,2
12/8/2023,5:00 PM,86,70,29.7,Clear,0,0,0,0,3,14,2
12/8/2023,5:30 PM,86,70,29.7,Clear,0,0,0,0,3,12,2
12/8/2023,6:00 PM,84,74,29.7,Clear,0,0,0,0,3,13,2
12/8/2023,6:30 PM,82,79,29.73,Clear,0,0,0,0,3,15,2
12/8/2023,7:00 PM,82,79,29.73,Clear,0,0,0,0,3,11,2
12/8/2023,7:30 PM,82,79,29.76,Clear,0,0,0,0,3,14,2
12/8/2023,8:00 PM,82,79,29.76,Clear,0,0,0,0,2,7,2
12/8/2023,8:30 PM,81,84,29.79,Clear,0,0,0,0,1,7,2
12/8/2023,9:00 PM,79,89,29.79,Clear,0,0,0,0,2,8,1
12/8/2023,9:30 PM,79,89,29.79,Clear,0,0,0,0,2,8,2
12/8/2023,10:00 PM,79,89,29.79,Clear,0,0,0,0,2,7,2
12/8/2023,10:30 PM,79,89,29.79,Clear,0,0,0,0,2,7,2
12/8/2023,11:00 PM,77,94,29.79,Clear,0,0,0,0,2,8,2
12/8/2023,11:30 PM,77,94,29.79,Clear,0,0,0,0,2,8,2
12/9/2023,12:00 AM,77,94,29.79,Clear,0,0,0,0,0,3,2
12/9/2023,12:30 AM,77,94,29.79,Clear,0,0,0,0,0,3,2
12/9/2023,1:00 AM,77,94,29.76,Clear,0,0,0,0,0,3,2
12/9/2023,1:30 AM,77,94,29.76,Clear,0,0,0,0,0,3,3
12/9/2023,2:00 AM,77,94,29.76,Clear,0,0,0,0,0,3,2
12/9/2023,2:30 AM,77,94,29.73,Clear,0,0,0,0,0,3,2
12/9/2023,3:00 AM,75,100,29.73,Clear,0,0,0,0,0,3,3
12/9/2023,3:30 AM,75,100,29.73,Clear,0,0,0,0,0,4,2
12/9/2023,4:00 AM,75,100,29.73,Clear,0,0,0,0,0,3,3
12/9/2023,4:30 AM,75,100,29.73,Clear,0,0,0,0,0,3,2
12/9/2023,5:00 AM,75,100,29.73,Clear,0,0,0,0,2,14,2
12/9/2023,5:30 AM,75,94,29.73,Clear,0,0,0,0,3,14,1
12/9/2023,6:00 AM,75,94,29.73,Clear,0,0,0,0,3,15,2
12/9/2023,6:30 AM,75,94,29.76,Clear,0,0,0,0,3,14,2
12/9/2023,7:00 AM,75,100,29.76,Clear,0,0,0,0,3,15,2
12/9/2023,7:30 AM,79,94,29.76,Clear,0,0,0,0,2,12,2
12/9/2023,8:00 AM,82,89,29.79,Clear,0,0,0,0,3,14,2
12/9/2023,8:30 AM,84,89,29.79,Clear,0,0,0,0,3,12,2
12/9/2023,9:00 AM,84,89,29.79,Clear,0,0,0,0,2,7,1
12/9/2023,9:30 AM,84,84,29.81,Clear,0,0,0,0,2,7,2
12/9/2023,10:00 AM,86,84,29.79,Clear,0,0,0,0,2,7,2
12/9/2023,10:30 AM,88,79,29.79,Clear,0,0,0,0,2,7,2
12/9/2023,11:00 AM,90,75,29.79,Clear,0,0,0,0,2,6,2
12/9/2023,11:30 AM,90,75,29.76,Clear,0,0,0,0,2,7,1
12/9/2023,12:00 PM,90,70,29.76,Clear,0,0,0,0,2,6,1
12/9/2023,12:30 PM,90,66,29.73,Clear,0,0,0,0,2,6,2
12/9/2023,1:00 PM,91,63,29.73,Clear,0,0,0,0,2,6,2
12/9/2023,1:30 PM,91,63,29.73,Clear,0,0,0,0,2,8,2
12/9/2023,2:00 PM,91,59,29.7,Clear,0,0,0,0,2,6,2
12/9/2023,2:30 PM,91,59,29.7,Clear,0,0,0,0,2,6,2
12/9/2023,3:00 PM,90,59,29.67,Clear,0,0,0,0,2,7,2
12/9/2023,3:30 PM,90,59,29.67,Clear,0,0,0,0,2,7,2
12/9/2023,4:00 PM,90,59,29.67,Clear,0,0,0,0,3,13,2
12/9/2023,4:30 PM,90,59,29.67,Clear,0,0,0,0,3,14,2
12/9/2023,5:00 PM,88,62,29.67,Clear,0,0,0,0,3,13,2
12/9/2023,5:30 PM,88,62,29.67,Clear,0,0,0,0,3,15,2
12/9/2023,6:00 PM,86,66,29.67,Clear,0,0,0,0,3,14,2
12/9/2023,6:30 PM,84,70,29.7,Clear,0,0,0,0,3,13,2
12/9/2023,7:00 PM,82,74,29.7,Clear,0,0,0,0,3,17,2
12/9/2023,7:30 PM,82,79,29.7,Clear,0,0,0,0,3,13,3
12/9/2023,8:00 PM,82,74,29.73,Clear,0,0,0,0,2,6,2
12/9/2023,8:30 PM,82,79,29.73,Clear,0,0,0,0,1,9,2
12/9/2023,9:00 PM,81,84,29.73,Clear,0,0,0,0,2,8,2
12/9/2023,9:30 PM,79,89,29.73,Clear,0,0,0,0,2,8,2
12/9/2023,10:00 PM,79,89,29.73,Clear,0,0,0,0,2,7,2
12/9/2023,10:30 PM,77,89,29.73,Clear,0,0,0,0,2,7,1
12/9/2023,11:00 PM,77,89,29.73,Clear,0,0,0,0,1,8,2
12/9/2023,11:30 PM,77,89,29.73,Clear,0,0,0,0,2,9,2
12/10/2023,12:00 AM,77,89,29.73,Clear,0,0,0,0,0,3,2
12/10/2023,12:30 AM,75,94,29.73,Clear,0,0,0,0,0,3,2
12/10/2023,1:00 AM,75,94,29.73,Clear,0,0,0,0,1,3,2
12/10/2023,1:30 AM,75,94,29.73,Clear,0,0,0,0,0,4,2
12/10/2023,2:00 AM,75,94,29.73,Clear,0,0,0,0,0,3,2
12/10/2023,2:30 AM,75,94,29.7,Clear,0,0,0,0,1,3,2
12/10/2023,3:00 AM,75,94,29.7,Clear,0,0,0,0,0,3,2
12/10/2023,3:30 AM,75,94,29.7,Clear,0,0,0,0,0,3,2
12/10/2023,4:00 AM,75,94,29.7,Clear,0,0,0,0,0,3,2
12/10/2023,4:30 AM,75,94,29.7,Clear,0,0,0,0,1,2,2
12/10/2023,5:00 AM,75,100,29.7,Clear,0,0,0,0,3,14,2
12/10/2023,5:30 AM,75,100,29.7,Clear,0,0,0,0,3,14,2
12/10/2023,6:00 AM,75,100,29.73,Clear,0,0,0,0,3,12,2
12/10/2023,6:30 AM,75,100,29.73,Clear,0,0,0,0,3,15,1
12/10/2023,7:00 AM,77,94,29.73,Clear,0,0,0,0,2,13,2
12/10/2023,7:30 AM,77,100,29.73,Clear,0,0,0,0,3,13,2
12/10/2023,8:00 AM,79,94,29.76,Clear,0,0,0,0,3,12,2
12/10/2023,8:30 AM,82,94,29.76,Clear,0,0,0,0,2,14,2
12/10/2023,9:00 AM,82,89,29.76,Clear,0,0,0,0,2,7,1
12/10/2023,9:30 AM,82,89,29.76,Clear,0,0,0,0,2,7,2
12/10/2023,10:00 AM,84,84,29.76,Clear,0,0,0,0,2,6,2
12/10/2023,10:30 AM,86,84,29.76,Clear,0,0,0,0,2,6,2
12/10/2023,11:00 AM,88,84,29.76,Clear,0,0,0,0,2,6,2
12/10/2023,11:30 AM,86,79,29.76,Rain,0,0,0,0,2,9,2
12/10/2023,12:00 PM,82,84,29.73,Clear,0,0,0,0,2,8,1
12/10/2023,12:30 PM,86,84,29.73,Rain,0,0,0,0,1,8,1
12/10/2023,1:00 PM,86,84,29.7,Clear,0,0,0,0,2,7,2
12/10/2023,1:30 PM,90,75,29.67,Clear,0,0,0,0,2,7,1
12/10/2023,2:00 PM,90,70,29.67,Clear,0,0,0,0,2,7,2
12/10/2023,2:30 PM,90,70,29.64,Clear,0,0,0,0,2,8,2
12/10/2023,3:00 PM,90,70,29.64,Clear,0,0,0,0,2,6,2
12/10/2023,3:30 PM,90,70,29.64,Clear,0,0,0,0,2,7,2
12/10/2023,4:00 PM,88,75,29.64,Clear,0,0,0,0,3,14,2
12/10/2023,4:30 PM,88,70,29.64,Clear,0,0,0,0,3,11,2
12/10/2023,5:00 PM,86,74,29.64,Clear,0,0,0,0,3,13,2
12/10/2023,5:30 PM,86,70,29.67,Clear,0,0,0,0,3,12,2
12/10/2023,6:00 PM,84,74,29.67,Clear,0,0,0,0,3,15,2
12/10/2023,6:30 PM,82,84,29.67,Clear,0,0,0,0,3,14,3
12/10/2023,7:00 PM,82,79,29.67,Clear,0,0,0,0,2,14,2
12/10/2023,7:30 PM,81,89,29.7,Clear,0,0,0,0,3,14,2
12/10/2023,8:00 PM,81,89,29.7,Clear,0,0,0,0,2,7,2
12/10/2023,8:30 PM,79,94,29.7,Clear,0,0,0,0,2,6,2
12/10/2023,9:00 PM,79,89,29.73,Clear,0,0,0,0,2,6,2
12/10/2023,9:30 PM,79,94,29.73,Clear,0,0,0,0,2,8,2
12/10/2023,10:00 PM,79,89,29.73,Clear,0,0,0,0,1,10,2
12/10/2023,10:30 PM,77,94,29.73,Clear,0,0,0,0,1,8,2
12/10/2023,11:00 PM,77,100,29.73,Clear,0,0,0,0,2,8,2
12/10/2023,11:30 PM,77,94,29.73,Clear,0,0,0,0,2,8,2
12/11/2023,12:00 AM,77,100,29.73,Clear,0,0,0,0,0,3,2
12/11/2023,12:30 AM,77,94,29.73,Clear,0,0,0,0,1,3,2
12/11/2023,1:00 AM,77,94,29.73,Clear,0,0,0,0,0,3,2
12/11/2023,1:30 AM,77,94,29.7,Clear,0,0,0,0,0,3,2
12/11/2023,2:00 AM,77,94,29.7,Clear,0,0,0,0,0,3,2
12/11/2023,2:30 AM,77,94,29.7,Clear,0,0,0,0,0,3,2
12/11/2023,3:00 AM,77,94,29.7,Clear,0,0,0,0,0,3,2
12/11/2023,3:30 AM,75,100,29.7,Clear,0,0,0,0,0,3,2
12/11/2023,4:00 AM,77,94,29.7,Clear,0,0,0,0,0,4,2
12/11/2023,4:30 AM,77,94,29.7,Clear,0,0,0,0,0,3,2
12/11/2023,5:00 AM,75,100,29.7,Clear,0,0,0,0,3,14,2
12/11/2023,5:30 AM,75,100,29.7,Clear,0,0,0,0,3,12,2
12/11/2023,6:00 AM,77,94,29.7,Clear,0,0,0,0,2,16,2
12/11/2023,6:30 AM,75,100,29.7,Mist,0,0,0,0,3,13,2
12/11/2023,7:00 AM,77,94,29.73,Mist,0,0,0,0,3,14,1
12/11/2023,7:30 AM,79,94,29.73,Clear,0,0,0,0,3,14,2
12/11/2023,8:00 AM,81,94,29.76,Clear,0,0,0,0,3,14,2
12/11/2023,8:30 AM,82,94,29.76,Clear,0,0,0,0,3,14,2
12/11/2023,9:00 AM,82,89,29.76,Clear,0,0,0,0,2,7,2
12/11/2023,9:30 AM,84,89,29.76,Clear,0,0,0,0,2,6,2
12/11/2023,10:00 AM,84,89,29.76,Clear,0,0,0,0,2,7,2
12/11/2023,10:30 AM,84,89,29.76,Clear,0,0,0,0,2,6,2
12/11/2023,11:00 AM,86,79,29.76,Clear,0,0,0,0,2,7,2
12/11/2023,11:30 AM,88,79,29.76,Clear,0,0,0,0,2,6,2
12/11/2023,12:00 PM,86,79,29.76,Clear,0,0,0,0,2,7,2
12/11/2023,12:30 PM,86,79,29.73,Rain,0,0,0,0,2,7,1
12/11/2023,1:00 PM,86,79,29.73,Rain,0,0,0,0,1,7,2
12/11/2023,1:30 PM,88,79,29.7,Rain,0,0,0,0,1,8,2
12/11/2023,2:00 PM,84,84,29.7,Rain,0,0,0,0,1,8,2
12/11/2023,2:30 PM,88,75,29.67,Clear,0,0,0,0,2,7,1
12/11/2023,3:00 PM,88,75,29.67,Clear,0,0,0,0,2,7,2
12/11/2023,3:30 PM,88,70,29.67,Clear,0,0,0,0,2,7,2
12/11/2023,4:00 PM,88,70,29.67,Clear,0,0,0,0,3,12,2
12/11/2023,4:30 PM,88,70,29.67,Clear,0,0,0,0,3,15,2
12/11/2023,5:00 PM,86,74,29.67,Clear,0,0,0,0,3,14,2
12/11/2023,5:30 PM,84,79,29.67,Clear,0,0,0,0,3,13,2
12/11/2023,6:00 PM,84,79,29.67,Clear,0,0,0,0,4,15,2
12/11/2023,6:30 PM,82,84,29.7,Clear,0,0,0,0,2,13,2
12/11/2023,7:00 PM,82,84,29.7,Clear,0,0,0,0,2,14,2
12/11/2023,7:30 PM,81,89,29.73,Clear,0,0,0,0,3,15,2
12/11/2023,8:00 PM,81,89,29.73,Clear,0,0,0,0,2,8,2
12/11/2023,8:30 PM,81,89,29.73,Clear,0,0,0,0,2,7,2
12/11/2023,9:00 PM,81,89,29.73,Clear,0,0,0,0,2,8,2
12/11/2023,9:30 PM,79,94,29.76,Clear,0,0,0,0,2,8,2
12/11/2023,10:00 PM,79,94,29.73,Clear,0,0,0,0,2,7,2
12/11/2023,10:30 PM,79,94,29.73,Clear,0,0,0,0,2,8,2
12/11/2023,11:00 PM,79,94,29.73,Clear,0,0,0,0,2,8,2
12/11/2023,11:30 PM,79,94,29.73,Clear,0,0,0,0,2,7,2
12/12/2023,12:00 AM,77,100,29.73,Clear,0,0,0,0,1,3,2
12/12/2023,12:30 AM,77,100,29.73,Clear,0,0,0,0,0,3,2
12/12/2023,1:00 AM,77,94,29.73,Clear,0,0,0,0,1,3,2
12/12/2023,1:30 AM,77,100,29.73,Clear,0,0,0,0,0,3,2
12/12/2023,2:00 AM,77,94,29.7,Clear,0,0,0,0,1,2,2
12/12/2023,2:30 AM,77,100,29.7,Clear,0,0,0,0,0,3,2
12/12/2023,3:00 AM,77,94,29.67,Clear,0,0,0,0,0,3,2
12/12/2023,3:30 AM,77,94,29.67,Clear,0,0,0,0,0,3,2
12/12/2023,4:00 AM,75,100,29.7,Clear,0,0,0,0,0,3,2
12/12/2023,4:30 AM,75,100,29.7,Clear,0,0,0,0,1,3,2
12/12/2023,5:00 AM,75,100,29.7,Clear,0,0,0,0,3,15,2
12/12/2023,5:30 AM,75,94,29.7,Clear,0,0,0,0,3,11,2
12/12/2023,6:00 AM,75,94,29.7,Clear,0,0,0,0,3,11,2
12/12/2023,6:30 AM,75,94,29.7,Clear,0,0,0,0,2,13,2
12/12/2023,7:00 AM,75,100,29.73,Clear,0,0,0,0,3,14,2
12/12/2023,7:30 AM,77,100,29.73,Clear,0,0,0,0,3,13,1
12/12/2023,8:00 AM,81,94,29.76,Clear,0,0,0,0,3,15,2
12/12/2023,8:30 AM,84,84,29.76,Clear,0,0,0,0,3,14,2
12/12/2023,9:00 AM,84,84,29.79,Clear,0,0,0,0,2,8,2
12/12/2023,9:30 AM,86,84,29.79,Clear,0,0,0,0,2,8,1
12/12/2023,10:00 AM,86,79,29.79,Clear,0,0,0,0,2,6,1
12/12/2023,10:30 AM,86,74,29.79,Clear,0,0,0,0,2,7,1
12/12/2023,11:00 AM,90,70,29.76,Clear,0,0,0,0,2,6,2
12/12/2023,11:30 AM,90,66,29.76,Clear,0,0,0,0,2,7,2
12/12/2023,12:00 PM,90,66,29.76,Clear,0,0,0,0,2,6,1
12/12/2023,12:30 PM,90,66,29.73,Clear,0,0,0,0,2,7,2
12/12/2023,1:00 PM,90,62,29.73,Clear,0,0,0,0,2,7,2
12/12/2023,1:30 PM,90,62,29.7,Clear,0,0,0,0,2,7,2
12/12/2023,2:00 PM,90,62,29.7,Clear,0,0,0,0,2,7,2
12/12/2023,2:30 PM,90,62,29.67,Clear,0,0,0,0,2,7,2
12/12/2023,3:00 PM,90,62,29.67,Clear,0,0,0,0,2,6,2
12/12/2023,3:30 PM,88,62,29.67,Clear,0,0,0,0,2,5,1
12/12/2023,4:00 PM,86,66,29.67,Clear,0,0,0,0,3,12,2
12/12/2023,4:30 PM,86,66,29.67,Clear,0,0,0,0,3,16,2
12/12/2023,5:00 PM,86,66,29.67,Clear,0,0,0,0,3,12,3
12/12/2023,5:30 PM,84,70,29.67,Clear,0,0,0,0,3,15,2
12/12/2023,6:00 PM,82,79,29.7,Clear,0,0,0,0,3,13,2
12/12/2023,6:30 PM,82,79,29.7,Clear,0,0,0,0,3,16,2
12/12/2023,7:00 PM,82,79,29.7,Clear,0,0,0,0,3,14,2
12/12/2023,7:30 PM,82,79,29.73,Clear,0,0,0,0,3,13,2
12/12/2023,8:00 PM,81,84,29.73,Clear,0,0,0,0,2,7,2
12/12/2023,8:30 PM,81,84,29.73,Clear,0,0,0,0,2,8,2
12/12/2023,9:00 PM,79,89,29.76,Clear,0,0,0,0,1,7,2
12/12/2023,9:30 PM,79,89,29.76,Clear,0,0,0,0,2,9,2
12/12/2023,10:00 PM,79,89,29.76,Clear,0,0,0,0,2,9,1
12/12/2023,10:30 PM,79,89,29.76,Clear,0,0,0,0,2,6,2
12/12/2023,11:00 PM,77,94,29.76,Clear,0,0,0,0,2,8,2
12/12/2023,11:30 PM,77,94,29.76,Clear,0,0,0,0,2,8,2
12/13/2023,12:00 AM,77,94,29.76,Clear,0,0,0,0,0,3,2
12/13/2023,12:30 AM,77,94,29.76,Clear,0,0,0,0,0,3,3
12/13/2023,1:00 AM,77,94,29.76,Clear,0,0,0,0,1,3,2
12/13/2023,1:30 AM,77,94,29.73,Clear,0,0,0,0,0,3,2
12/13/2023,2:00 AM,75,100,29.73,Clear,0,0,0,0,0,3,2
12/13/2023,2:30 AM,75,100,29.73,Clear,0,0,0,0,0,3,2
12/13/2023,3:00 AM,75,100,29.7,Clear,0,0,0,0,0,3,2
12/13/2023,3:30 AM,75,100,29.7,Clear,0,0,0,0,0,3,3
12/13/2023,4:00 AM,75,100,29.7,Clear,0,0,0,0,0,3,3
12/13/2023,4:30 AM,75,100,29.7,Clear,0,0,0,0,1,4,2
12/13/2023,5:00 AM,77,94,29.7,Clear,0,0,0,0,2,14,2
12/13/2023,5:30 AM,75,100,29.7,Clear,0,0,0,0,3,13,2
12/13/2023,6:00 AM,75,100,29.73,Clear,0,0,0,0,3,12,2
12/13/2023,6:30 AM,75,100,29.73,Clear,0,0,0,0,3,16,2
12/13/2023,7:00 AM,77,94,29.73,Clear,0,0,0,0,3,14,2
12/13/2023,7:30 AM,79,94,29.73,Rain,0,0,0,0,2,15,2
12/13/2023,8:00 AM,81,94,29.76,Clear,0,0,0,0,3,19,2
12/13/2023,8:30 AM,82,89,29.76,Clear,0,0,0,0,4,14,2
12/13/2023,9:00 AM,84,84,29.79,Clear,0,0,0,0,2,7,2
12/13/2023,9:30 AM,84,84,29.79,Clear,0,0,0,0,2,7,2
12/13/2023,10:00 AM,84,84,29.79,Rain,0,0,0,0,1,7,2
12/13/2023,10:30 AM,82,84,29.79,Rain,0,0,0,0,1,9,2
12/13/2023,11:00 AM,81,89,29.79,Rain,0,0,0,0,1,8,1
12/13/2023,11:30 AM,81,89,29.79,Rain,0,0,0,0,1,8,2
12/13/2023,12:00 PM,82,89,29.76,Clear,0,0,0,0,2,7,2
12/13/2023,12:30 PM,82,89,29.76,Rain,0,0,0,0,1,6,2
12/13/2023,1:00 PM,82,89,29.73,Rain,0,0,0,0,1,7,2
12/13/2023,1:30 PM,82,89,29.73,Clear,0,0,0,0,2,6,2
12/13/2023,2:00 PM,84,84,29.7,Clear,0,0,0,0,2,8,2
12/13/2023,2:30 PM,82,84,29.7,Clear,0,0,0,0,2,6,2
12/13/2023,3:00 PM,84,84,29.7,Clear,0,0,0,0,2,6,2
12/13/2023,3:30 PM,84,79,29.7,Clear,0,0,0,0,2,6,2
12/13/2023,4:00 PM,81,84,29.7,Rain,0,0,0,0,2,15,2
12/13/2023,4:30 PM,77,94,29.7,Rain,0,0,0,0,2,14,2
12/13/2023,5:00 PM,79,94,29.7,Clear,0,0,0,0,3,15,2
12/13/2023,5:30 PM,79,94,29.7,Clear,0,0,0,0,3,16,3
12/13/2023,6:00 PM,79,94,29.73,Rain,0,0,0,0,2,15,2
12/13/2023,6:30 PM,79,94,29.73,Clear,0,0,0,0,3,12,3
12/13/2023,7:00 PM,77,100,29.73,Clear,0,0,0,0,3,15,2
12/13/2023,7:30 PM,77,94,29.76,Clear,0,0,0,0,3,11,2
12/13/2023,8:00 PM,77,94,29.76,Clear,0,0,0,0,2,7,2
12/13/2023,8:30 PM,77,94,29.76,Clear,0,0,0,0,2,8,2
12/13/2023,9:00 PM,77,100,29.79,Clear,0,0,0,0,1,9,2
12/13/2023,9:30 PM,77,100,29.79,Clear,0,0,0,0,2,9,2
12/13/2023,10:00 PM,77,100,29.79,Rain,0,0,0,0,1,8,2
12/13/2023,10:30 PM,77,100,29.79,Rain,0,0,0,0,1,9,2
12/13/2023,11:00 PM,77,100,29.81,Rain,0,0,0,0,1,7,2
12/13/2023,11:30 PM,77,94,29.79,Rain,0,0,0,0,1,8,1
12/14/2023,12:00 AM,75,100,29.79,Rain,0,0,0,0,0,4,2
12/14/2023,12:30 AM,75,100,29.79,Rain,0,0,0,0,0,3,2
12/14/2023,1:00 AM,75,100,29.79,Rain,0,0,0,0,0,3,2
12/14/2023,1:30 AM,75,100,29.79,Clear,0,0,0,0,0,3,3
12/14/2023,2:00 AM,75,100,29.76,Clear,0,0,0,0,0,4,3
12/14/2023,2:30 AM,75,100,29.76,Clear,0,0,0,0,0,3,3
12/14/2023,3:00 AM,75,100,29.73,Clear,0,0,0,0,0,4,2
12/14/2023,3:30 AM,75,100,29.73,Clear,0,0,0,0,0,3,2
12/14/2023,4:00 AM,75,100,29.73,Clear,0,0,0,0,0,3,2
12/14/2023,4:30 AM,75,100,29.73,Clear,0,0,0,0,0,3,2
12/14/2023,5:00 AM,75,100,29.73,Clear,0,0,0,0,3,11,2
12/14/2023,5:30 AM,75,100,29.73,Rain,0,0,0,0,2,16,2
12/14/2023,6:00 AM,77,94,29.73,Clear,0,0,0,0,3,10,2
12/14/2023,6:30 AM,77,94,29.73,Clear,0,0,0,0,2,13,2
12/14/2023,7:00 AM,77,94,29.76,Clear,0,0,0,0,2,14,2
12/14/2023,7:30 AM,77,100,29.76,Clear,0,0,0,0,3,14,2
12/14/2023,8:00 AM,79,94,29.79,Clear,0,0,0,0,4,15,2
12/14/2023,8:30 AM,79,100,29.81,Clear,0,0,0,0,3,14,2
12/14/2023,9:00 AM,79,100,29.81,Rain,0,0,0,0,1,6,2
12/14/2023,9:30 AM,79,100,29.81,Rain,0,0,0,0,1,6,2
12/14/2023,10:00 AM,81,94,29.81,Rain,0,0,0,0,1,9,2
12/14/2023,10:30 AM,82,94,29.81,Clear,0,0,0,0,2,6,2
12/14/2023,11:00 AM,84,89,29.81,Clear,0,0,0,0,2,6,2
12/14/2023,11:30 AM,84,89,29.79,Rain,0,0,0,0,1,7,2
12/14/2023,12:00 PM,81,89,29.79,Rain,0,0,0,0,1,8,2
12/14/2023,12:30 PM,82,89,29.79,Rain,0,0,0,0,1,8,2
12/14/2023,1:00 PM,82,94,29.76,Rain,0,0,0,0,2,6,2
12/14/2023,1:30 PM,82,89,29.76,Clear,0,0,0,0,2,7,2
12/14/2023,2:00 PM,84,84,29.73,Clear,0,0,0,0,2,8,1
12/14/2023,2:30 PM,84,84,29.73,Clear,0,0,0,0,2,8,1
12/14/2023,3:00 PM,84,84,29.7,Clear,0,0,0,0,2,7,1
12/14/2023,3:30 PM,84,84,29.7,Rain,0,0,0,0,1,8,2
12/14/2023,4:00 PM,84,84,29.7,Clear,0,0,0,0,3,15,2
12/14/2023,4:30 PM,82,89,29.7,Rain,0,0,0,0,2,13,2
12/14/2023,5:00 PM,82,89,29.7,Rain,0,0,0,0,2,16,3
12/14/2023,5:30 PM,79,94,29.73,Rain,0,0,0,0,2,13,2
12/14/2023,6:00 PM,79,94,29.73,Clear,0,0,0,0,3,15,2
12/14/2023,6:30 PM,79,94,29.73,Clear,0,0,0,0,3,17,3
12/14/2023,7:00 PM,79,94,29.73,Clear,0,0,0,0,3,14,2
12/14/2023,7:30 PM,79,94,29.76,Clear,0,0,0,0,3,13,2
12/14/2023,8:00 PM,79,94,29.79,Clear,0,0,0,0,2,9,2
12/14/2023,8:30 PM,79,100,29.79,Rain,0,0,0,0,1,7,2
12/14/2023,9:00 PM,79,100,29.79,Clear,0,0,0,0,2,8,2
12/14/2023,9:30 PM,79,94,29.79,Clear,0,0,0,0,2,7,2
12/14/2023,10:00 PM,79,94,29.79,Clear,0,0,0,0,2,9,2
12/14/2023,10:30 PM,79,94,29.79,Clear,0,0,0,0,2,8,2
12/14/2023,11:00 PM,79,94,29.79,Clear,0,0,0,0,2,10,2
12/14/2023,11:30 PM,79,94,29.79,Clear,0,0,0,0,2,9,2
12/15/2023,12:00 AM,79,94,29.79,Clear,0,0,0,0,0,3,2
12/15/2023,12:30 AM,77,100,29.76,Clear,0,0,0,0,0,3,2
12/15/2023,1:00 AM,79,94,29.76,Clear,0,0,0,0,0,3,2
12/15/2023,1:30 AM,79,94,29.76,Clear,0,0,0,0,0,4,2
12/15/2023,2:00 AM,79,94,29.73,Rain,0,0,0,0,0,3,2
12/15/2023,2:30 AM,79,94,29.73,Clear,0,0,0,0,0,3,2
12/15/2023,3:00 AM,79,94,29.73,Clear,0,0,0,0,0,3,3
12/15/2023,3:30 AM,77,100,29.73,Clear,0,0,0,0,0,3,2
12/15/2023,4:00 AM,77,100,29.7,Rain,0,0,0,0,0,3,2
12/15/2023,4:30 AM,77,100,29.7,Rain,0,0,0,0,0,3,2
12/15/2023,5:00 AM,77,100,29.7,Rain,0,0,0,0,2,13,2
12/15/2023,5:30 AM,77,100,29.73,Rain,0,0,0,0,2,16,2
12/15/2023,6:00 AM,77,100,29.73,Rain,0,0,0,0,2,16,2
12/15/2023,6:30 AM,77,100,29.73,Clear,0,0,0,0,3,14,2
12/15/2023,7:00 AM,77,100,29.76,Rain,0,0,0,0,2,18,2
12/15/2023,7:30 AM,77,100,29.76,Rain,0,0,0,0,2,16,2
12/15/2023,8:00 AM,77,100,29.79,Rain,0,0,0,0,2,14,2
12/15/2023,8:30 AM,77,100,29.79,Clear,0,0,0,0,3,14,2
12/15/2023,9:00 AM,79,94,29.79,Clear,0,0,0,0,2,7,1
12/15/2023,9:30 AM,79,100,29.79,Rain,0,0,0,0,1,7,2
12/15/2023,10:00 AM,79,100,29.79,Rain,0,0,0,0,2,8,2
12/15/2023,10:30 AM,79,100,29.79,Rain,0,0,0,0,2,8,2
12/15/2023,11:00 AM,79,94,29.79,Rain,0,0,0,0,1,8,2
12/15/2023,11:30 AM,77,100,29.79,Rain,0,0,0,0,1,7,2
12/15/2023,12:00 PM,77,94,29.79,Rain,0,0,0,0,1,7,1
12/15/2023,12:30 PM,77,100,29.76,Rain,0,0,0,0,1,8,1
12/15/2023,1:00 PM,79,100,29.76,Clear,0,0,0,0,2,6,1
12/15/2023,1:30 PM,79,100,29.76,Rain,0,0,0,0,2,8,2
12/15/2023,2:00 PM,79,100,29.73,Rain,0,0,0,0,1,8,2
12/15/2023,2:30 PM,79,100,29.73,Rain,0,0,0,0,2,7,2
12/15/2023,3:00 PM,79,100,29.7,Rain,0,0,0,0,2,8,1
12/15/2023,3:30 PM,79,100,29.7,Rain,0,0,0,0,2,7,2
12/15/2023,4:00 PM,79,100,29.7,Clear,0,0,0,0,3,15,2
12/15/2023,4:30 PM,79,100,29.7,Clear,0,0,0,0,3,12,3
12/15/2023,5:00 PM,79,100,29.7,Clear,0,0,0,0,3,13,3
12/15/2023,5:30 PM,79,100,29.7,Clear,0,0,0,0,3,13,3
12/15/2023,6:00 PM,79,100,29.73,Clear,0,0,0,0,3,15,2
12/15/2023,6:30 PM,79,100,29.73,Clear,0,0,0,0,3,12,2
12/15/2023,7:00 PM,79,100,29.73,Clear,0,0,0,0,3,12,2
12/15/2023,7:30 PM,79,100,29.73,Rain,0,0,0,0,2,13,2
12/15/2023,8:00 PM,79,100,29.76,Clear,0,0,0,0,2,9,2
12/15/2023,8:30 PM,79,100,29.76,Clear,0,0,0,0,2,7,2
12/15/2023,9:00 PM,79,94,29.76,Clear,0,0,0,0,2,7,2
12/15/2023,9:30 PM,79,94,29.79,Clear,0,0,0,0,2,8,2
12/15/2023,10:00 PM,77,100,29.79,Clear,0,0,0,0,2,7,2
12/15/2023,10:30 PM,77,100,29.79,Clear,0,0,0,0,2,8,2
12/15/2023,11:00 PM,77,100,29.79,Clear,0,0,0,0,2,8,2
12/15/2023,11:30 PM,77,100,29.76,Clear,0,0,0,0,2,8,2
12/16/2023,12:00 AM,77,100,29.76,Clear,0,0,0,0,0,4,2
12/16/2023,12:30 AM,77,100,29.76,Clear,0,0,0,0,0,3,2
12/16/2023,1:00 AM,77,100,29.76,Clear,0,0,0,0,1,3,2
12/16/2023,1:30 AM,77,100,29.76,Clear,0,0,0,0,0,3,2
12/16/2023,2:00 AM,77,100,29.73,Clear,0,0,0,0,0,3,2
12/16/2023,2:30 AM,77,100,29.73,Clear,0,0,0,0,1,3,2
12/16/2023,3:00 AM,77,100,29.73,Clear,0,0,0,0,0,4,2
12/16/2023,3:30 AM,77,100,29.73,Clear,0,0,0,0,1,3,2
12/16/2023,4:00 AM,77,100,29.7,Clear,0,0,0,0,1,3,2
12/16/2023,4:30 AM,77,100,29.7,Clear,0,0,0,0,0,3,3
12/16/2023,5:00 AM,77,100,29.7,Clear,0,0,0,0,3,15,2
12/16/2023,5:30 AM,77,100,29.73,Clear,0,0,0,0,3,13,2
12/16/2023,6:00 AM,77,94,29.73,Clear,0,0,0,0,3,13,2
12/16/2023,6:30 AM,77,94,29.73,Clear,0,0,0,0,3,12,2
12/16/2023,7:00 AM,77,100,29.76,Clear,0,0,0,0,3,13,2
12/16/2023,7:30 AM,79,94,29.76,Clear,0,0,0,0,3,15,2
12/16/2023,8:00 AM,81,94,29.79,Clear,0,0,0,0,3,15,2
12/16/2023,8:30 AM,82,89,29.79,Clear,0,0,0,0,3,14,2
12/16/2023,9:00 AM,82,89,29.79,Clear,0,0,0,0,2,6,2
12/16/2023,9:30 AM,86,84,29.79,Clear,0,0,0,0,2,6,1
12/16/2023,10:00 AM,84,89,29.79,Clear,0,0,0,0,2,7,1
12/16/2023,10:30 AM,86,84,29.79,Clear,0,0,0,0,2,5,2
12/16/2023,11:00 AM,88,79,29.79,Clear,0,0,0,0,2,7,2
12/16/2023,11:30 AM,88,75,29.79,Clear,0,0,0,0,2,8,1
12/16/2023,12:00 PM,90,70,29.76,Clear,0,0,0,0,2,7,2
12/16/2023,12:30 PM,90,66,29.76,Clear,0,0,0,0,2,8,2
12/16/2023,1:00 PM,90,66,29.73,Clear,0,0,0,0,2,6,2
12/16/2023,1:30 PM,90,66,29.73,Clear,0,0,0,0,2,6,1
12/16/2023,2:00 PM,90,66,29.7,Clear,0,0,0,0,2,8,2
12/16/2023,2:30 PM,90,62,29.7,Clear,0,0,0,0,2,7,2
12/16/2023,3:00 PM,90,62,29.7,Clear,0,0,0,0,2,7,2
12/16/2023,3:30 PM,90,62,29.67,Clear,0,0,0,0,2,8,2
12/16/2023,4:00 PM,88,66,29.67,Clear,0,0,0,0,3,15,2
12/16/2023,4:30 PM,88,66,29.7,Clear,0,0,0,0,3,15,2
12/16/2023,5:00 PM,86,70,29.7,Clear,0,0,0,0,3,15,3
12/16/2023,5:30 PM,84,74,29.7,Clear,0,0,0,0,3,14,2
12/16/2023,6:00 PM,84,74,29.73,Clear,0,0,0,0,3,14,2
12/16/2023,6:30 PM,82,79,29.73,Clear,0,0,0,0,2,11,2
12/16/2023,7:00 PM,82,79,29.73,Clear,0,0,0,0,3,12,3
12/16/2023,7:30 PM,81,84,29.73,Clear,0,0,0,0,3,15,2
12/16/2023,8:00 PM,81,84,29.76,Clear,0,0,0,0,2,8,2
12/16/2023,8:30 PM,81,84,29.76,Clear,0,0,0,0,2,7,2
12/16/2023,9:00 PM,79,89,29.76,Clear,0,0,0,0,2,8,2
12/16/2023,9:30 PM,79,89,29.79,Clear,0,0,0,0,2,8,2
12/16/2023,10:00 PM,77,94,29.79,Clear,0,0,0,0,2,7,2
12/16/2023,10:30 PM,77,94,29.79,Clear,0,0,0,0,1,7,2
12/16/2023,11:00 PM,77,94,29.79,Clear,0,0,0,0,2,8,2
12/16/2023,11:30 PM,77,94,29.79,Clear,0,0,0,0,2,6,2
12/17/2023,12:00 AM,77,94,29.79,Clear,0,0,0,0,0,3,2
12/17/2023,12:30 AM,75,100,29.79,Clear,0,0,0,0,0,3,2
12/17/2023,1:00 AM,75,94,29.76,Clear,0,0,0,0,0,3,2
12/17/2023,1:30 AM,75,94,29.76,Clear,0,0,0,0,1,3,2
12/17/2023,2:00 AM,75,94,29.76,Clear,0,0,0,0,0,3,2
12/17/2023,2:30 AM,75,94,29.73,Clear,0,0,0,0,0,3,2
12/17/2023,3:00 AM,75,94,29.73,Clear,0,0,0,0,1,3,2
12/17/2023,3:30 AM,75,94,29.73,Clear,0,0,0,0,0,3,2
12/17/2023,4:00 AM,75,94,29.73,Clear,0,0,0,0,1,3,2
12/17/2023,4:30 AM,73,100,29.73,Clear,0,0,0,0,1,3,2
12/17/2023,5:00 AM,73,100,29.73,Clear,0,0,0,0,3,15,1
12/17/2023,5:30 AM,73,100,29.76,Clear,0,0,0,0,3,14,2
12/17/2023,6:00 AM,73,100,29.73,Clear,0,0,0,0,3,13,2
12/17/2023,6:30 AM,73,100,29.76,Clear,0,0,0,0,3,14,1
12/17/2023,7:00 AM,75,94,29.76,Clear,0,0,0,0,3,13,2
12/17/2023,7:30 AM,79,94,29.76,Clear,0,0,0,0,3,14,2
12/17/2023,8:00 AM,81,94,29.79,Clear,0,0,0,0,3,14,2
12/17/2023,8:30 AM,82,89,29.79,Clear,0,0,0,0,3,16,2
12/17/2023,9:00 AM,84,89,29.79,Clear,0,0,0,0,2,8,2
12/17/2023,9:30 AM,84,84,29.79,Clear,0,0,0,0,2,7,2
12/17/2023,10:00 AM,86,79,29.79,Clear,0,0,0,0,2,8,1
12/17/2023,10:30 AM,86,79,29.79,Clear,0,0,0,0,2,7,1
12/17/2023,11:00 AM,90,75,29.76,Clear,0,0,0,0,2,6,2
12/17/2023,11:30 AM,90,70,29.76,Clear,0,0,0,0,2,6,2
12/17/2023,12:00 PM,90,70,29.76,Clear,0,0,0,0,2,7,2
12/17/2023,12:30 PM,90,66,29.73,Clear,0,0,0,0,2,7,1
12/17/2023,1:00 PM,90,66,29.73,Clear,0,0,0,0,2,6,2
12/17/2023,1:30 PM,90,66,29.7,Clear,0,0,0,0,2,7,2
12/17/2023,2:00 PM,90,62,29.7,Clear,0,0,0,0,2,7,2
12/17/2023,2:30 PM,90,66,29.7,Clear,0,0,0,0,2,7,1
12/17/2023,3:00 PM,90,62,29.7,Clear,0,0,0,0,2,6,2
12/17/2023,3:30 PM,90,62,29.7,Clear,0,0,0,0,2,5,2
12/17/2023,4:00 PM,88,66,29.7,Clear,0,0,0,0,3,15,2
12/17/2023,4:30 PM,88,70,29.7,Clear,0,0,0,0,3,13,2
12/17/2023,5:00 PM,86,70,29.7,Clear,0,0,0,0,3,13,3
12/17/2023,5:30 PM,86,74,29.7,Clear,0,0,0,0,3,12,2
12/17/2023,6:00 PM,84,74,29.7,Clear,0,0,0,0,3,14,2
12/17/2023,6:30 PM,82,79,29.73,Clear,0,0,0,0,3,13,2
12/17/2023,7:00 PM,82,79,29.73,Clear,0,0,0,0,3,14,2
12/17/2023,7:30 PM,82,79,29.73,Clear,0,0,0,0,3,15,2
12/17/2023,8:00 PM,81,84,29.76,Clear,0,0,0,0,2,9,2
12/17/2023,8:30 PM,81,84,29.76,Clear,0,0,0,0,2,8,2
12/17/2023,9:00 PM,81,84,29.79,Clear,0,0,0,0,1,6,2
12/17/2023,9:30 PM,81,84,29.79,Clear,0,0,0,0,2,7,2
12/17/2023,10:00 PM,81,84,29.79,Clear,0,0,0,0,2,7,2
12/17/2023,10:30 PM,81,84,29.79,Clear,0,0,0,0,2,8,2
12/17/2023,11:00 PM,79,89,29.79,Clear,0,0,0,0,2,7,2
12/17/2023,11:30 PM,77,94,29.79,Clear,0,0,0,0,2,10,2
12/18/2023,12:00 AM,77,94,29.79,Clear,0,0,0,0,1,3,2
12/18/2023,12:30 AM,77,94,29.76,Clear,0,0,0,0,1,3,2
12/18/2023,1:00 AM,77,94,29.76,Clear,0,0,0,0,0,3,2
12/18/2023,1:30 AM,75,100,29.76,Clear,0,0,0,0,1,3,3
12/18/2023,2:00 AM,77,94,29.73,Clear,0,0,0,0,0,3,2
12/18/2023,2:30 AM,77,94,29.73,Clear,0,0,0,0,0,3,2
12/18/2023,3:00 AM,75,100,29.73,Clear,0,0,0,0,0,3,3
12/18/2023,3:30 AM,75,100,29.73,Clear,0,0,0,0,0,3,2
12/18/2023,4:00 AM,75,100,29.73,Clear,0,0,0,0,0,3,2
12/18/2023,4:30 AM,75,100,29.73,Clear,0,0,0,0,0,3,2
12/18/2023,5:00 AM,75,100,29.73,Clear,0,0,0,0,3,15,2
12/18/2023,5:30 AM,75,100,29.73,Clear,0,0,0,0,3,15,2
12/18/2023,6:00 AM,75,100,29.76,Rain,0,0,0,0,2,14,2
12/18/2023,6:30 AM,75,100,29.76,Rain,0,0,0,0,3,15,2
12/18/2023,7:00 AM,75,100,29.79,Clear,0,0,0,0,3,14,2
12/18/2023,7:30 AM,79,94,29.79,Clear,0,0,0,0,3,13,2
12/18/2023,8:00 AM,82,89,29.79,Clear,0,0,0,0,3,14,2
12/18/2023,8:30 AM,82,89,29.81,Clear,0,0,0,0,3,14,2
12/18/2023,9:00 AM,84,84,29.81,Clear,0,0,0,0,2,6,1
12/18/2023,9:30 AM,86,84,29.81,Clear,0,0,0,0,2,7,2
12/18/2023,10:30 AM,88,75,29.81,Clear,0,0,0,0,2,7,2
12/18/2023,11:00 AM,88,75,29.81,Clear,0,0,0,0,2,6,1
12/18/2023,11:30 AM,88,75,29.79,Clear,0,0,0,0,2,8,2
12/18/2023,12:00 PM,90,66,29.79,Clear,0,0,0,0,2,7,1
12/18/2023,12:30 PM,91,63,29.79,Clear,0,0,0,0,2,5,2
12/18/2023,1:00 PM,90,62,29.76,Clear,0,0,0,0,2,7,1
12/18/2023,1:30 PM,90,62,29.76,Clear,0,0,0,0,2,7,2
12/18/2023,2:00 PM,90,62,29.73,Clear,0,0,0,0,2,7,2
12/18/2023,2:30 PM,90,62,29.73,Clear,0,0,0,0,2,7,2
12/18/2023,3:00 PM,90,62,29.7,Clear,0,0,0,0,2,7,2
12/18/2023,3:30 PM,88,66,29.7,Clear,0,0,0,0,2,5,2
12/18/2023,4:00 PM,90,62,29.7,Clear,0,0,0,0,3,11,3
12/18/2023,4:30 PM,86,70,29.7,Clear,0,0,0,0,3,12,2
12/18/2023,5:00 PM,86,70,29.73,Clear,0,0,0,0,3,13,3
12/18/2023,5:30 PM,86,70,29.73,Clear,0,0,0,0,3,15,3
12/18/2023,6:00 PM,84,74,29.73,Clear,0,0,0,0,3,14,2
12/18/2023,6:30 PM,82,79,29.73,Clear,0,0,0,0,3,13,2
12/18/2023,7:00 PM,82,79,29.76,Clear,0,0,0,0,3,16,2
12/18/2023,7:30 PM,82,79,29.76,Clear,0,0,0,0,3,13,3
12/18/2023,8:00 PM,82,79,29.79,Clear,0,0,0,0,2,8,2
12/18/2023,8:30 PM,81,84,29.79,Clear,0,0,0,0,2,7,2
12/18/2023,9:00 PM,81,84,29.79,Clear,0,0,0,0,2,7,1
12/18/2023,9:30 PM,81,84,29.81,Clear,0,0,0,0,2,8,2
12/18/2023,10:00 PM,79,89,29.81,Clear,0,0,0,0,2,6,2
12/18/2023,10:30 PM,77,94,29.81,Clear,0,0,0,0,2,8,2
12/18/2023,11:00 PM,79,89,29.81,Clear,0,0,0,0,2,9,2
12/18/2023,11:30 PM,77,89,29.79,Clear,0,0,0,0,2,8,2
12/19/2023,12:00 AM,75,100,29.79,Clear,0,0,0,0,0,3,2
12/19/2023,12:30 AM,75,94,29.79,Clear,0,0,0,0,0,4,2
12/19/2023,1:00 AM,75,94,29.79,Clear,0,0,0,0,0,3,2
12/19/2023,1:30 AM,75,94,29.79,Clear,0,0,0,0,0,3,2
12/19/2023,2:00 AM,75,94,29.76,Clear,0,0,0,0,0,4,3
12/19/2023,2:30 AM,75,100,29.76,Clear,0,0,0,0,0,3,3
12/19/2023,3:00 AM,75,100,29.73,Clear,0,0,0,0,0,3,2
12/19/2023,3:30 AM,77,94,29.73,Clear,0,0,0,0,0,3,2
12/19/2023,4:00 AM,75,100,29.73,Clear,0,0,0,0,0,3,3
12/19/2023,4:30 AM,77,94,29.76,Rain,0,0,0,0,0,4,2
12/19/2023,5:00 AM,75,100,29.76,Clear,0,0,0,0,2,14,2
12/19/2023,5:30 AM,75,100,29.76,Clear,0,0,0,0,3,12,2
12/19/2023,6:00 AM,75,100,29.76,Clear,0,0,0,0,3,13,2
12/19/2023,6:30 AM,75,100,29.76,Clear,0,0,0,0,3,12,2
12/19/2023,7:00 AM,75,100,29.79,Clear,0,0,0,0,3,13,2
12/19/2023,7:30 AM,77,100,29.79,Clear,0,0,0,0,2,13,1
12/19/2023,8:00 AM,79,94,29.81,Clear,0,0,0,0,3,13,2
12/19/2023,8:30 AM,82,89,29.81,Clear,0,0,0,0,4,14,2
12/19/2023,9:00 AM,82,89,29.81,Clear,0,0,0,0,2,7,2
12/19/2023,9:30 AM,84,89,29.81,Clear,0,0,0,0,2,8,2
12/19/2023,10:00 AM,86,84,29.81,Clear,0,0,0,0,2,7,1
12/19/2023,10:30 AM,86,84,29.81,Clear,0,0,0,0,2,6,2
12/19/2023,11:00 AM,88,79,29.79,Rain,0,0,0,0,1,8,2
12/19/2023,11:30 AM,90,70,29.79,Clear,0,0,0,0,2,7,2
12/19/2023,12:00 PM,90,70,29.79,Clear,0,0,0,0,2,6,1
12/19/2023,12:30 PM,90,70,29.76,Clear,0,0,0,0,2,7,2
12/19/2023,1:00 PM,90,66,29.76,Clear,0,0,0,0,2,7,2
12/19/2023,1:30 PM,91,63,29.73,Clear,0,0,0,0,2,6,2
12/19/2023,2:00 PM,90,66,29.73,Clear,0,0,0,0,2,6,1
12/19/2023,2:30 PM,90,66,29.73,Clear,0,0,0,0,2,7,2
12/19/2023,3:00 PM,86,74,29.7,Clear,0,0,0,0,2,7,2
12/19/2023,3:30 PM,84,79,29.7,Clear,0,0,0,0,2,7,2
12/19/2023,4:00 PM,84,79,29.7,Clear,0,0,0,0,3,12,3
12/19/2023,4:30 PM,81,84,29.73,Clear,0,0,0,0,3,16,2
12/19/2023,5:00 PM,82,84,29.73,Clear,0,0,0,0,3,14,3
12/19/2023,5:30 PM,81,84,29.73,Clear,0,0,0,0,3,13,2
12/19/2023,6:00 PM,79,89,29.73,Clear,0,0,0,0,3,13,2
12/19/2023,6:30 PM,79,89,29.76,Clear,0,0,0,0,3,16,2
12/19/2023,7:00 PM,79,89,29.76,Clear,0,0,0,0,3,12,2
12/19/2023,7:30 PM,79,89,29.76,Clear,0,0,0,0,3,15,2
12/19/2023,8:00 PM,79,89,29.79,Clear,0,0,0,0,2,8,2
12/19/2023,8:30 PM,79,94,29.79,Rain,0,0,0,0,1,8,2
12/19/2023,9:00 PM,77,94,29.81,Rain,0,0,0,0,1,9,2
12/19/2023,9:30 PM,79,94,29.81,Clear,0,0,0,0,2,8,2
12/19/2023,10:00 PM,77,94,29.81,Clear,0,0,0,0,2,8,2
12/19/2023,10:30 PM,77,94,29.81,Clear,0,0,0,0,2,7,2
12/19/2023,11:00 PM,77,94,29.81,Clear,0,0,0,0,2,8,2
12/19/2023,11:30 PM,77,94,29.81,Clear,0,0,0,0,2,7,2
12/20/2023,12:00 AM,77,94,29.81,Rain,0,0,0,0,0,3,2
12/20/2023,12:30 AM,77,94,29.79,Rain,0,0,0,0,0,4,2
12/20/2023,1:00 AM,77,94,29.79,Rain,0,0,0,0,0,3,2
12/20/2023,1:30 AM,77,100,29.79,Rain,0,0,0,0,0,3,2
12/20/2023,2:00 AM,77,100,29.76,Clear,0,0,0,0,0,3,2
12/20/2023,2:30 AM,77,100,29.76,Clear,0,0,0,0,0,3,2
12/20/2023,3:00 AM,77,94,29.73,Clear,0,0,0,0,0,3,2
12/20/2023,3:30 AM,77,94,29.73,Clear,0,0,0,0,1,3,2
12/20/2023,4:00 AM,75,100,29.73,Clear,0,0,0,0,0,3,2
12/20/2023,4:30 AM,75,100,29.73,Clear,0,0,0,0,0,3,2
12/20/2023,5:00 AM,75,100,29.73,Clear,0,0,0,0,2,12,2
12/20/2023,5:30 AM,75,100,29.73,Clear,0,0,0,0,3,14,2
12/20/2023,6:00 AM,75,100,29.76,Clear,0,0,0,0,3,13,1
12/20/2023,6:30 AM,75,100,29.76,Clear,0,0,0,0,3,15,2
12/20/2023,7:00 AM,75,100,29.76,Clear,0,0,0,0,3,14,2
12/20/2023,7:30 AM,75,100,29.79,Clear,0,0,0,0,3,15,1
12/20/2023,8:00 AM,77,100,29.79,Clear,0,0,0,0,3,13,2
12/20/2023,8:30 AM,79,100,29.81,Clear,0,0,0,0,3,13,2
12/20/2023,9:00 AM,82,94,29.81,Clear,0,0,0,0,2,7,2
12/20/2023,9:30 AM,81,94,29.81,Rain,0,0,0,0,1,8,2
12/20/2023,10:00 AM,79,94,29.81,Rain,0,0,0,0,1,7,2
12/20/2023,10:30 AM,81,100,29.81,Rain,0,0,0,0,1,7,2
12/20/2023,11:00 AM,82,89,29.79,Clear,0,0,0,0,2,7,2
12/20/2023,11:30 AM,84,89,29.79,Clear,0,0,0,0,2,7,1
12/20/2023,12:00 PM,84,89,29.79,Clear,0,0,0,0,2,7,2
12/20/2023,12:30 PM,84,89,29.76,Clear,0,0,0,0,2,8,2
12/20/2023,1:00 PM,86,84,29.73,Clear,0,0,0,0,2,8,2
12/20/2023,1:30 PM,86,79,29.73,Clear,0,0,0,0,2,7,2
12/20/2023,2:00 PM,86,79,29.7,Clear,0,0,0,0,2,6,1
12/20/2023,2:30 PM,86,79,29.7,Clear,0,0,0,0,2,6,2
12/20/2023,3:00 PM,88,79,29.7,Clear,0,0,0,0,2,5,2
12/20/2023,3:30 PM,84,79,29.7,Clear,0,0,0,0,2,7,2
12/20/2023,4:00 PM,81,89,29.7,Clear,0,0,0,0,3,15,3
12/20/2023,4:30 PM,82,84,29.7,Rain,0,0,0,0,2,17,2
12/20/2023,5:00 PM,81,89,29.7,Clear,0,0,0,0,3,15,2
12/20/2023,5:30 PM,81,89,29.7,Clear,0,0,0,0,3,13,2
12/20/2023,6:00 PM,81,84,29.73,Clear,0,0,0,0,3,14,3
12/20/2023,6:30 PM,79,89,29.73,Clear,0,0,0,0,3,11,2
12/20/2023,7:00 PM,79,89,29.73,Clear,0,0,0,0,3,13,2
12/20/2023,7:30 PM,79,89,29.76,Clear,0,0,0,0,3,15,2
12/20/2023,8:00 PM,77,94,29.76,Clear,0,0,0,0,2,8,2
12/20/2023,8:30 PM,77,94,29.76,Clear,0,0,0,0,2,7,2
12/20/2023,9:00 PM,77,94,29.79,Clear,0,0,0,0,2,7,2
12/20/2023,9:30 PM,77,94,29.79,Clear,0,0,0,0,2,8,2
12/20/2023,10:00 PM,77,94,29.79,Clear,0,0,0,0,2,8,2
12/20/2023,10:30 PM,77,94,29.79,Clear,0,0,0,0,2,9,2
12/20/2023,11:00 PM,77,94,29.79,Clear,0,0,0,0,2,8,2
12/20/2023,11:30 PM,77,94,29.79,Clear,0,0,0,0,2,8,2
12/21/2023,12:00 AM,77,94,29.79,Clear,0,0,0,0,1,3,3
12/21/2023,12:30 AM,75,100,29.76,Clear,0,0,0,0,1,3,3
12/21/2023,1:00 AM,75,100,29.76,Clear,0,0,0,0,0,3,2
12/21/2023,1:30 AM,75,100,29.76,Clear,0,0,0,0,0,3,2
12/21/2023,2:00 AM,75,100,29.73,Clear,0,0,0,0,0,3,2
12/21/2023,2:30 AM,77,94,29.73,Clear,0,0,0,0,0,3,2
12/21/2023,3:00 AM,77,94,29.73,Clear,0,0,0,0,1,3,2
12/21/2023,3:30 AM,77,94,29.73,Rain,0,0,0,0,0,4,2
12/21/2023,4:00 AM,77,94,29.73,Clear,0,0,0,0,0,3,2
12/21/2023,4:30 AM,77,94,29.73,Rain,0,0,0,0,0,4,2
12/21/2023,5:00 AM,77,94,29.73,Clear,0,0,0,0,3,12,2
12/21/2023,5:30 AM,77,94,29.73,Clear,0,0,0,0,3,13,2
12/21/2023,6:00 AM,77,94,29.73,Clear,0,0,0,0,3,14,2
12/21/2023,6:30 AM,75,100,29.76,Clear,0,0,0,0,3,12,2
12/21/2023,7:00 AM,75,100,29.76,Clear,0,0,0,0,3,15,1
12/21/2023,7:30 AM,77,100,29.76,Clear,0,0,0,0,2,15,2
12/21/2023,8:00 AM,79,94,29.79,Rain,0,0,0,0,2,16,2
12/21/2023,8:30 AM,81,89,29.79,Clear,0,0,0,0,3,13,2
12/21/2023,9:00 AM,82,89,29.79,Clear,0,0,0,0,2,7,2
12/21/2023,9:30 AM,84,89,29.79,Clear,0,0,0,0,2,6,1
12/21/2023,10:00 AM,84,84,29.81,Clear,0,0,0,0,2,8,1
12/21/2023,10:30 AM,84,84,29.81,Rain,0,0,0,0,1,7,2
12/21/2023,11:00 AM,77,89,29.81,Rain,0,0,0,0,2,8,2
12/21/2023,11:30 AM,77,94,29.81,Rain,0,0,0,0,1,8,1
12/21/2023,12:00 PM,79,94,29.81,Rain,0,0,0,0,1,7,2
12/21/2023,12:30 PM,79,94,29.79,Rain,0,0,0,0,1,6,1
12/21/2023,1:00 PM,81,89,29.76,Clear,0,0,0,0,2,6,1
12/21/2023,1:30 PM,81,94,29.76,Clear,0,0,0,0,2,8,1
12/21/2023,2:00 PM,84,89,29.73,Clear,0,0,0,0,2,7,1
12/21/2023,2:30 PM,84,89,29.73,Clear,0,0,0,0,2,5,2
12/21/2023,3:00 PM,86,84,29.7,Clear,0,0,0,0,2,7,1
12/21/2023,3:30 PM,84,84,29.7,Clear,0,0,0,0,2,7,2
12/21/2023,4:00 PM,84,84,29.7,Clear,0,0,0,0,3,15,2
12/21/2023,4:30 PM,86,79,29.7,Clear,0,0,0,0,3,11,2
12/21/2023,5:00 PM,86,74,29.7,Clear,0,0,0,0,3,13,2
12/21/2023,5:30 PM,84,79,29.7,Clear,0,0,0,0,3,12,2
12/21/2023,6:00 PM,84,74,29.73,Clear,0,0,0,0,3,11,2
12/21/2023,6:30 PM,82,79,29.73,Clear,0,0,0,0,3,15,3
12/21/2023,7:00 PM,81,84,29.76,Clear,0,0,0,0,3,13,3
12/21/2023,7:30 PM,81,84,29.76,Clear,0,0,0,0,3,15,2
12/21/2023,8:00 PM,79,89,29.76,Clear,0,0,0,0,2,8,2
12/21/2023,8:30 PM,79,89,29.79,Clear,0,0,0,0,2,7,1
12/21/2023,9:00 PM,77,94,29.79,Clear,0,0,0,0,2,8,1
12/21/2023,9:30 PM,77,94,29.81,Clear,0,0,0,0,2,8,1
12/21/2023,10:00 PM,77,94,29.81,Clear,0,0,0,0,2,9,2
12/21/2023,10:30 PM,77,94,29.81,Clear,0,0,0,0,2,8,2
12/21/2023,11:00 PM,77,94,29.81,Clear,0,0,0,0,2,9,2
12/21/2023,11:30 PM,77,94,29.81,Clear,0,0,0,0,2,10,2
12/22/2023,12:00 AM,77,94,29.81,Clear,0,0,0,0,0,3,2
12/22/2023,12:30 AM,77,94,29.81,Clear,0,0,0,0,0,3,2
12/22/2023,1:00 AM,75,94,29.79,Clear,0,0,0,0,0,3,2
12/22/2023,1:30 AM,75,94,29.79,Clear,0,0,0,0,0,3,3
12/22/2023,2:00 AM,75,94,29.76,Clear,0,0,0,0,0,3,3
12/22/2023,2:30 AM,75,94,29.76,Clear,0,0,0,0,0,4,3
12/22/2023,3:00 AM,75,94,29.76,Clear,0,0,0,0,0,3,3
12/22/2023,3:30 AM,75,94,29.76,Clear,0,0,0,0,0,3,2
12/22/2023,4:00 AM,75,94,29.76,Clear,0,0,0,0,0,2,2
12/22/2023,4:30 AM,75,94,29.76,Clear,0,0,0,0,0,3,2
12/22/2023,5:00 AM,75,94,29.76,Clear,0,0,0,0,3,13,2
12/22/2023,5:30 AM,73,100,29.76,Clear,0,0,0,0,3,13,2
12/22/2023,6:00 AM,75,100,29.76,Clear,0,0,0,0,3,12,1
12/22/2023,6:30 AM,75,100,29.76,Clear,0,0,0,0,3,12,2
12/22/2023,7:00 AM,75,100,29.79,Clear,0,0,0,0,3,12,2
12/22/2023,7:30 AM,77,94,29.79,Clear,0,0,0,0,3,15,2
12/22/2023,8:00 AM,79,94,29.81,Clear,0,0,0,0,3,13,2
12/22/2023,8:30 AM,81,94,29.81,Clear,0,0,0,0,3,14,2
12/22/2023,9:00 AM,82,89,29.81,Rain,0,0,0,0,1,7,1
12/22/2023,9:30 AM,82,84,29.84,Rain,0,0,0,0,1,7,2
12/22/2023,10:00 AM,82,89,29.81,Rain,0,0,0,0,1,8,2
12/22/2023,10:30 AM,86,79,29.81,Clear,0,0,0,0,2,7,2
12/22/2023,11:00 AM,86,79,29.81,Clear,0,0,0,0,2,7,2
12/22/2023,11:30 AM,86,79,29.79,Clear,0,0,0,0,2,7,2
12/22/2023,12:00 PM,86,74,29.79,Clear,0,0,0,0,2,6,2
12/22/2023,12:30 PM,86,74,29.79,Clear,0,0,0,0,2,7,2
12/22/2023,1:00 PM,88,70,29.76,Clear,0,0,0,0,2,6,2
12/22/2023,1:30 PM,88,70,29.76,Clear,0,0,0,0,2,7,2
12/22/2023,2:00 PM,90,66,29.73,Clear,0,0,0,0,2,8,1
12/22/2023,2:30 PM,86,74,29.73,Clear,0,0,0,0,2,6,1
12/22/2023,3:00 PM,86,70,29.73,Clear,0,0,0,0,2,6,2
12/22/2023,3:30 PM,84,74,29.73,Clear,0,0,0,0,2,6,2
12/22/2023,4:00 PM,86,70,29.73,Clear,0,0,0,0,3,13,3
12/22/2023,4:30 PM,86,70,29.73,Clear,0,0,0,0,3,15,2
12/22/2023,5:00 PM,84,74,29.73,Clear,0,0,0,0,3,14,2
12/22/2023,5:30 PM,82,79,29.73,Rain,0,0,0,0,2,17,2
12/22/2023,6:00 PM,82,79,29.76,Clear,0,0,0,0,3,14,2
12/22/2023,6:30 PM,81,84,29.76,Clear,0,0,0,0,3,13,2
12/22/2023,7:00 PM,81,84,29.79,Clear,0,0,0,0,3,14,2
12/22/2023,7:30 PM,81,84,29.79,Clear,0,0,0,0,3,15,2
12/22/2023,8:00 PM,79,89,29.81,Clear,0,0,0,0,2,8,2
12/22/2023,8:30 PM,81,84,29.81,Clear,0,0,0,0,2,7,2
12/22/2023,9:00 PM,81,84,29.81,Clear,0,0,0,0,2,7,2
12/22/2023,9:30 PM,81,84,29.84,Clear,0,0,0,0,2,8,2
12/22/2023,10:00 PM,79,89,29.84,Clear,0,0,0,0,2,7,2
12/22/2023,10:30 PM,81,84,29.84,Clear,0,0,0,0,2,9,2
12/22/2023,11:00 PM,81,84,29.84,Clear,0,0,0,0,2,7,1
12/22/2023,11:30 PM,81,84,29.81,Clear,0,0,0,0,2,8,2
12/23/2023,12:00 AM,81,84,29.81,Clear,0,0,0,0,0,3,3
12/23/2023,12:30 AM,79,89,29.81,Clear,0,0,0,0,0,3,2
12/23/2023,1:00 AM,79,89,29.81,Clear,0,0,0,0,0,3,2
12/23/2023,1:30 AM,79,89,29.79,Clear,0,0,0,0,0,3,2
12/23/2023,2:00 AM,79,83,29.79,Clear,0,0,0,0,0,3,3
12/23/2023,2:30 AM,81,84,29.76,Clear,0,0,0,0,0,3,2
12/23/2023,3:00 AM,81,84,29.76,Clear,0,0,0,0,0,3,3
12/23/2023,3:30 AM,79,89,29.76,Clear,0,0,0,0,1,3,2
12/23/2023,4:00 AM,79,89,29.76,Clear,0,0,0,0,0,3,2
12/23/2023,4:30 AM,79,89,29.76,Clear,0,0,0,0,1,3,3
12/23/2023,5:00 AM,79,89,29.76,Clear,0,0,0,0,3,11,1
12/23/2023,5:30 AM,81,84,29.76,Clear,0,0,0,0,3,14,2
12/23/2023,6:00 AM,79,89,29.76,Clear,0,0,0,0,3,13,2
12/23/2023,6:30 AM,79,89,29.76,Rain,0,0,0,0,2,18,2
12/23/2023,7:00 AM,79,89,29.79,Rain,0,0,0,0,2,17,1
12/23/2023,7:30 AM,79,89,29.79,Rain,0,0,0,0,2,15,2
12/23/2023,8:00 AM,79,89,29.81,Rain,0,0,0,0,2,16,2
12/23/2023,8:30 AM,77,94,29.81,Rain,0,0,0,0,2,12,2
12/23/2023,9:00 AM,79,89,29.84,Clear,0,0,0,0,2,6,1
12/23/2023,9:30 AM,79,94,29.84,Clear,0,0,0,0,2,7,1
12/23/2023,10:00 AM,81,89,29.84,Clear,0,0,0,0,2,6,2
12/23/2023,10:30 AM,81,89,29.81,Rain,0,0,0,0,1,7,2
12/23/2023,11:00 AM,84,84,29.81,Rain,0,0,0,0,1,6,1
12/23/2023,11:30 AM,84,79,29.81,Clear,0,0,0,0,2,7,1
12/23/2023,12:00 PM,84,79,29.79,Rain,0,0,0,0,1,7,2
12/23/2023,12:30 PM,81,89,29.79,Rain,0,0,0,0,1,7,2
12/23/2023,1:00 PM,79,89,29.79,Rain,0,0,0,0,1,9,2
12/23/2023,1:30 PM,81,89,29.79,Rain,0,0,0,0,1,7,1
12/23/2023,2:00 PM,79,89,29.76,Rain,0,0,0,0,1,6,2
12/23/2023,2:30 PM,79,89,29.76,Clear,0,0,0,0,2,6,1
12/23/2023,3:00 PM,79,89,29.76,Rain,0,0,0,0,1,9,1
12/23/2023,3:30 PM,79,94,29.76,Rain,0,0,0,0,1,7,2
12/23/2023,4:00 PM,79,89,29.76,Rain,0,0,0,0,2,14,2
12/23/2023,4:30 PM,77,94,29.76,Rain,0,0,0,0,2,14,2
12/23/2023,5:00 PM,77,94,29.76,Rain,0,0,0,0,2,14,3
12/23/2023,5:30 PM,77,94,29.76,Clear,0,0,0,0,2,13,2
12/23/2023,6:00 PM,77,94,29.79,Clear,0,0,0,0,3,13,2
12/23/2023,6:30 PM,77,94,29.79,Clear,0,0,0,0,3,15,2
12/23/2023,7:00 PM,77,94,29.79,Clear,0,0,0,0,3,14,2
12/23/2023,7:30 PM,77,94,29.81,Rain,0,0,0,0,2,15,2
12/23/2023,8:00 PM,77,94,29.81,Rain,0,0,0,0,1,8,2
12/23/2023,8:30 PM,77,94,29.81,Clear,0,0,0,0,2,8,2
12/23/2023,9:00 PM,77,94,29.84,Rain,0,0,0,0,1,8,1
12/23/2023,9:30 PM,77,94,29.84,Rain,0,0,0,0,1,9,2
12/23/2023,10:00 PM,77,94,29.84,Rain,0,0,0,0,1,10,1
12/23/2023,10:30 PM,77,94,29.84,Rain,0,0,0,0,1,9,2
12/23/2023,11:00 PM,77,94,29.84,Rain,0,0,0,0,1,8,2
12/23/2023,11:30 PM,77,94,29.84,Rain,0,0,0,0,1,9,2
12/24/2023,12:00 AM,77,94,29.84,Rain,0,0,0,0,0,3,3
12/24/2023,12:30 AM,77,94,29.81,Rain,0,0,0,0,0,3,2
12/24/2023,1:00 AM,77,100,29.81,Rain,1,0,0,1,0,3,2
12/24/2023,1:30 AM,77,100,29.81,Rain,0,0,0,0,0,3,2
12/24/2023,2:00 AM,77,100,29.81,Rain,0,0,0,0,0,4,2
12/24/2023,2:30 AM,77,94,29.79,Rain,0,0,0,0,0,4,2
12/24/2023,3:00 AM,77,100,29.79,Rain,0,0,0,0,0,4,2
12/24/2023,3:30 AM,77,94,29.79,Rain,0,0,0,0,0,3,3
12/24/2023,4:00 AM,77,100,29.76,Rain,0,0,0,0,0,3,3
12/24/2023,4:30 AM,77,100,29.76,Rain,0,0,0,0,0,3,2
12/24/2023,5:00 AM,77,100,29.76,Rain,0,0,0,0,2,16,2
12/24/2023,5:30 AM,77,100,29.79,Rain,0,0,0,0,2,14,2
12/24/2023,6:00 AM,77,100,29.79,Rain,0,0,0,0,2,16,2
12/24/2023,6:30 AM,77,94,29.79,Rain,0,0,0,0,2,13,2
12/24/2023,7:00 AM,77,94,29.81,Rain,0,0,0,0,2,16,2
12/24/2023,7:30 AM,77,94,29.84,Rain,0,0,0,0,2,13,2
12/24/2023,8:00 AM,77,94,29.84,Rain,0,0,0,0,2,16,1
12/24/2023,8:30 AM,77,94,29.84,Rain,0,0,0,0,2,16,2
12/24/2023,9:00 AM,77,100,29.84,Rain,0,0,0,0,1,7,2
12/24/2023,9:30 AM,77,100,29.87,Rain,0,0,0,0,1,8,2
12/24/2023,10:00 AM,79,94,29.84,Rain,0,0,0,0,1,8,2
12/24/2023,10:30 AM,79,94,29.84,Rain,0,0,0,0,1,7,2
12/24/2023,11:00 AM,79,94,29.84,Rain,0,0,0,0,1,8,2
12/24/2023,11:30 AM,77,100,29.84,Rain,0,0,0,0,1,7,1
12/24/2023,12:00 PM,79,94,29.84,Rain,0,0,0,0,1,7,2
12/24/2023,12:30 PM,81,89,29.81,Rain,0,0,0,0,1,8,2
12/24/2023,1:00 PM,79,94,29.81,Rain,0,0,0,0,1,7,1
12/24/2023,1:30 PM,81,89,29.79,Rain,0,0,0,0,1,6,2
12/24/2023,2:00 PM,81,89,29.76,Rain,0,0,0,0,1,7,2
12/24/2023,2:30 PM,81,94,29.76,Rain,0,0,0,0,1,8,2
12/24/2023,3:00 PM,79,94,29.76,Rain,0,0,0,0,1,9,1
12/24/2023,3:30 PM,81,89,29.73,Rain,0,0,0,0,1,8,1
12/24/2023,4:00 PM,79,94,29.73,Rain,0,0,0,0,2,14,3
12/24/2023,4:30 PM,81,89,29.73,Rain,0,0,0,0,2,12,3
12/24/2023,5:00 PM,81,89,29.76,Rain,0,0,0,0,2,15,3
12/24/2023,5:30 PM,81,89,29.76,Rain,0,0,0,0,2,17,2
12/24/2023,6:00 PM,79,94,29.76,Rain,0,0,0,0,2,15,2
12/24/2023,6:30 PM,79,94,29.79,Rain,0,0,0,0,2,12,2
12/24/2023,7:00 PM,79,94,29.79,Rain,0,0,0,0,2,16,3
12/24/2023,7:30 PM,77,94,29.79,Rain,0,0,0,0,2,15,3
12/24/2023,8:00 PM,79,94,29.81,Rain,0,0,0,0,1,8,2
12/24/2023,8:30 PM,79,94,29.81,Rain,0,0,0,0,1,9,2
12/24/2023,9:00 PM,79,94,29.84,Rain,0,0,0,0,1,7,1
12/24/2023,9:30 PM,79,94,29.84,Rain,0,0,0,0,1,9,2
12/24/2023,10:00 PM,79,94,29.84,Rain,0,0,0,0,1,8,2
12/24/2023,10:30 PM,75,100,29.84,Clear,0,0,0,0,2,7,2
12/24/2023,11:00 PM,75,100,29.84,Clear,0,0,0,0,2,9,2
12/24/2023,11:30 PM,77,100,29.81,Clear,0,0,0,0,2,8,2
12/25/2023,12:00 AM,77,100,29.81,Rain,0,0,0,0,0,3,2
12/25/2023,12:30 AM,77,100,29.81,Rain,0,0,0,0,0,4,2
12/25/2023,1:00 AM,77,100,29.81,Rain,0,0,0,0,0,3,2
12/25/2023,1:30 AM,77,100,29.81,Rain,0,0,0,0,0,4,2
12/25/2023,2:00 AM,77,94,29.81,Rain,0,0,0,0,0,3,2
12/25/2023,2:30 AM,77,94,29.79,Rain,0,0,0,0,0,3,2
12/25/2023,3:00 AM,77,94,29.79,Rain,0,0,0,0,0,3,3
12/25/2023,3:30 AM,77,100,29.76,Rain,0,0,0,0,0,3,2
12/25/2023,4:00 AM,79,94,29.76,Rain,0,0,0,0,0,4,2
12/25/2023,4:30 AM,79,94,29.76,Rain,0,0,0,0,0,4,2
12/25/2023,5:00 AM,77,94,29.79,Rain,0,0,0,0,2,17,2
12/25/2023,5:30 AM,77,100,29.79,Rain,0,0,0,0,2,15,2
12/25/2023,6:00 AM,79,94,29.79,Clear,0,0,0,0,3,14,1
12/25/2023,6:30 AM,77,94,29.79,Rain,0,0,0,0,2,16,2
12/25/2023,7:00 AM,79,89,29.81,Rain,0,0,0,0,2,17,1
12/25/2023,7:30 AM,77,94,29.81,Rain,0,0,0,0,2,16,2
12/25/2023,8:00 AM,77,94,29.84,Rain,0,0,0,0,2,14,2
12/25/2023,8:30 AM,79,94,29.84,Rain,0,0,0,0,2,16,2
12/25/2023,9:00 AM,79,94,29.87,Rain,0,0,0,0,1,7,2
12/25/2023,9:30 AM,79,94,29.87,Rain,0,0,0,0,1,8,2
12/25/2023,10:00 AM,79,94,29.87,Rain,0,0,0,0,1,6,2
12/25/2023,10:30 AM,77,94,29.87,Rain,0,0,0,0,1,9,2
12/25/2023,11:00 AM,77,100,29.87,Rain,0,0,0,0,1,8,1
12/25/2023,11:30 AM,79,94,29.84,Rain,0,0,0,0,1,7,1
12/25/2023,12:00 PM,81,94,29.84,Rain,0,0,0,0,1,7,2
12/25/2023,12:30 PM,81,89,29.84,Rain,0,0,0,0,1,8,2
12/25/2023,1:00 PM,79,94,29.81,Rain,0,0,0,0,1,7,2
12/25/2023,1:30 PM,79,89,29.81,Rain,0,0,0,0,1,7,2
12/25/2023,2:00 PM,79,94,29.81,Rain,0,0,0,0,1,8,1
12/25/2023,2:30 PM,77,100,29.79,Rain,0,0,0,0,1,7,1
12/25/2023,3:00 PM,79,94,29.79,Rain,0,0,0,0,1,7,1
12/25/2023,3:30 PM,79,94,29.76,Rain,0,0,0,0,1,7,2
12/25/2023,4:00 PM,81,89,29.76,Rain,0,0,0,0,2,17,2
12/25/2023,4:30 PM,81,89,29.76,Rain,0,0,0,0,2,16,2
12/25/2023,5:00 PM,79,94,29.79,Rain,0,0,0,0,2,13,2
12/25/2023,5:30 PM,81,89,29.79,Rain,0,0,0,0,2,17,2
12/25/2023,6:00 PM,79,94,29.79,Rain,0,0,0,0,2,16,2
12/25/2023,6:30 PM,79,89,29.79,Clear,0,0,0,0,3,14,2
12/25/2023,7:00 PM,79,89,29.79,Clear,0,0,0,0,3,12,2
12/25/2023,7:30 PM,79,89,29.81,Clear,0,0,0,0,3,11,3
12/25/2023,8:00 PM,79,89,29.84,Rain,0,0,0,0,1,8,2
12/25/2023,8:30 PM,79,89,29.84,Rain,0,0,0,0,1,7,2
12/25/2023,9:00 PM,79,89,29.84,Rain,0,0,0,0,1,8,2
12/25/2023,9:30 PM,79,89,29.87,Rain,0,0,0,0,1,9,1
12/25/2023,10:00 PM,79,89,29.87,Clear,0,0,0,0,2,7,1
12/25/2023,10:30 PM,79,89,29.87,Clear,0,0,0,0,2,9,2
12/25/2023,11:00 PM,79,89,29.84,Clear,0,0,0,0,2,9,2
12/25/2023,11:30 PM,79,89,29.84,Clear,0,0,0,0,2,8,2
12/26/2023,12:00 AM,79,89,29.84,Clear,0,0,0,0,0,3,2
12/26/2023,12:30 AM,79,89,29.84,Clear,0,0,0,0,0,3,2
12/26/2023,1:00 AM,79,89,29.84,Clear,0,0,0,0,1,3,2
12/26/2023,1:30 AM,79,89,29.81,Clear,0,0,0,0,0,3,2
12/26/2023,2:00 AM,77,89,29.81,Rain,0,0,0,0,0,3,2
12/26/2023,2:30 AM,77,89,29.81,Rain,0,0,0,0,0,4,2
12/26/2023,3:00 AM,77,89,29.79,Rain,0,0,0,0,0,3,2
12/26/2023,3:30 AM,77,89,29.81,Rain,0,0,0,0,0,4,2
12/26/2023,4:00 AM,75,100,29.81,Rain,0,0,0,0,0,4,2
12/26/2023,4:30 AM,75,100,29.81,Rain,0,0,0,0,0,3,2
12/26/2023,5:00 AM,75,94,29.79,Rain,0,0,0,0,2,15,2
12/26/2023,5:30 AM,75,94,29.81,Rain,0,0,0,0,2,11,2
12/26/2023,6:00 AM,75,100,29.81,Rain,0,0,0,0,2,14,2
12/26/2023,6:30 AM,75,100,29.81,Rain,0,0,0,0,2,18,2
12/26/2023,7:00 AM,75,100,29.81,Rain,0,0,0,0,2,14,2
12/26/2023,7:30 AM,75,100,29.84,Rain,0,0,0,0,2,14,2
12/26/2023,8:00 AM,75,100,29.84,Rain,0,0,0,0,2,14,2
12/26/2023,8:30 AM,75,100,29.87,Rain,0,0,0,0,2,14,2
12/26/2023,9:00 AM,75,100,29.87,Rain,0,0,0,0,1,7,2
12/26/2023,9:30 AM,77,94,29.87,Rain,0,0,0,0,2,7,1
12/26/2023,10:00 AM,77,94,29.87,Rain,0,0,0,0,1,9,2
12/26/2023,10:30 AM,77,100,29.87,Rain,0,0,0,0,1,7,2
12/26/2023,11:00 AM,77,100,29.87,Rain,0,0,0,0,1,7,1
12/26/2023,11:30 AM,77,100,29.87,Rain,0,0,0,0,2,9,2
12/26/2023,12:00 PM,77,100,29.87,Rain,0,0,0,0,2,7,2
12/26/2023,12:30 PM,77,100,29.84,Rain,0,0,0,0,2,8,2
12/26/2023,1:00 PM,82,89,29.84,Clear,0,0,0,0,2,7,1
12/26/2023,1:30 PM,82,84,29.81,Clear,0,0,0,0,2,6,2
12/26/2023,2:00 PM,84,84,29.81,Clear,0,0,0,0,2,7,2
12/26/2023,2:30 PM,82,84,29.79,Clear,0,0,0,0,2,6,2
12/26/2023,3:00 PM,82,84,29.79,Clear,0,0,0,0,2,6,1
12/26/2023,3:30 PM,82,84,29.79,Clear,0,0,0,0,2,6,2
12/26/2023,4:00 PM,82,84,29.79,Clear,0,0,0,0,3,13,2
12/26/2023,4:30 PM,82,79,29.79,Clear,0,0,0,0,3,14,3
12/26/2023,5:00 PM,81,89,29.81,Clear,0,0,0,0,3,11,2
12/26/2023,5:30 PM,81,89,29.81,Clear,0,0,0,0,3,13,2
12/26/2023,6:00 PM,81,89,29.81,Rain,0,0,0,0,2,15,2
12/26/2023,6:30 PM,81,84,29.84,Rain,0,0,0,0,2,15,3
12/26/2023,7:00 PM,79,89,29.84,Rain,0,0,0,0,2,14,2
12/26/2023,7:30 PM,79,89,29.84,Clear,0,0,0,0,3,12,2
12/26/2023,8:00 PM,79,89,29.84,Clear,0,0,0,0,2,8,2
12/26/2023,8:30 PM,79,89,29.87,Clear,0,0,0,0,2,8,2
12/26/2023,9:00 PM,79,89,29.87,Clear,0,0,0,0,2,8,1
12/26/2023,9:30 PM,79,89,29.87,Clear,0,0,0,0,2,9,2
12/26/2023,10:00 PM,79,89,29.87,Clear,0,0,0,0,2,8,1
12/26/2023,10:30 PM,79,89,29.87,Clear,0,0,0,0,2,9,2
12/26/2023,11:00 PM,79,89,29.87,Clear,0,0,0,0,2,8,2
12/26/2023,11:30 PM,79,89,29.87,Clear,0,0,0,0,2,9,2
12/27/2023,12:00 AM,79,89,29.87,Clear,0,0,0,0,0,3,2
12/27/2023,12:30 AM,81,84,29.87,Clear,0,0,0,0,0,3,3
12/27/2023,1:00 AM,79,83,29.87,Clear,0,0,0,0,0,3,3
12/27/2023,1:30 AM,79,83,29.87,Clear,0,0,0,0,0,3,2
12/27/2023,2:00 AM,79,83,29.84,Clear,0,0,0,0,0,3,2
12/27/2023,2:30 AM,79,83,29.84,Clear,0,0,0,0,0,3,2
12/27/2023,3:00 AM,79,89,29.81,Clear,0,0,0,0,1,3,2
12/27/2023,3:30 AM,79,83,29.81,Clear,0,0,0,0,0,3,2
12/27/2023,4:00 AM,79,89,29.81,Clear,0,0,0,0,0,3,2
12/27/2023,4:30 AM,77,94,29.81,Clear,0,0,0,0,0,4,2
12/27/2023,5:00 AM,77,94,29.81,Clear,0,0,0,0,3,13,2
12/27/2023,5:30 AM,77,89,29.81,Clear,0,0,0,0,3,14,1
12/27/2023,6:00 AM,77,94,29.81,Clear,0,0,0,0,3,14,2
12/27/2023,6:30 AM,77,94,29.81,Clear,0,0,0,0,3,14,2
12/27/2023,7:00 AM,77,94,29.84,Clear,0,0,0,0,2,15,2
12/27/2023,7:30 AM,77,94,29.84,Clear,0,0,0,0,3,14,2
12/27/2023,8:00 AM,81,89,29.87,Clear,0,0,0,0,3,16,2
12/27/2023,8:30 AM,82,84,29.87,Clear,0,0,0,0,3,14,2
12/27/2023,9:00 AM,82,89,29.87,Clear,0,0,0,0,2,6,2
12/27/2023,9:30 AM,82,84,29.87,Clear,0,0,0,0,2,7,1
12/27/2023,10:00 AM,84,84,29.87,Clear,0,0,0,0,2,8,2
12/27/2023,10:30 AM,86,74,29.87,Clear,0,0,0,0,2,6,1
12/27/2023,11:00 AM,86,74,29.87,Clear,0,0,0,0,2,7,2
12/27/2023,11:30 AM,86,74,29.87,Clear,0,0,0,0,2,8,2
12/27/2023,12:00 PM,86,74,29.84,Clear,0,0,0,0,2,7,1
12/27/2023,12:30 PM,86,70,29.84,Clear,0,0,0,0,2,5,2
12/27/2023,1:00 PM,86,74,29.84,Clear,0,0,0,0,2,6,2
12/27/2023,1:30 PM,86,70,29.81,Clear,0,0,0,0,2,8,1
12/27/2023,2:00 PM,88,70,29.81,Clear,0,0,0,0,2,5,2
12/27/2023,2:30 PM,88,66,29.79,Clear,0,0,0,0,2,7,1
12/27/2023,3:00 PM,86,70,29.79,Clear,0,0,0,0,2,8,1
12/27/2023,3:30 PM,86,70,29.79,Rain,0,0,0,0,1,7,2
12/27/2023,4:00 PM,79,89,29.79,Rain,0,0,0,0,2,13,3
12/27/2023,4:30 PM,81,84,29.79,Clear,0,0,0,0,3,14,2
12/27/2023,5:00 PM,81,89,29.79,Clear,0,0,0,0,3,15,2
12/27/2023,5:30 PM,81,89,29.79,Clear,0,0,0,0,3,14,2
12/27/2023,6:00 PM,81,89,29.79,Clear,0,0,0,0,3,14,2
12/27/2023,6:30 PM,81,84,29.79,Clear,0,0,0,0,3,14,2
12/27/2023,7:00 PM,81,84,29.81,Clear,0,0,0,0,2,15,2
12/27/2023,7:30 PM,81,84,29.81,Clear,0,0,0,0,3,13,2
12/27/2023,8:00 PM,81,84,29.84,Clear,0,0,0,0,2,8,2
12/27/2023,8:30 PM,81,84,29.84,Clear,0,0,0,0,2,7,2
12/27/2023,9:00 PM,81,84,29.84,Clear,0,0,0,0,2,8,2
12/27/2023,9:30 PM,81,84,29.84,Clear,0,0,0,0,1,9,2
12/27/2023,10:00 PM,79,89,29.87,Rain,0,0,0,0,1,10,2
12/27/2023,10:30 PM,79,89,29.87,Clear,0,0,0,0,2,7,2
12/27/2023,11:00 PM,81,84,29.84,Clear,0,0,0,0,2,8,1
12/27/2023,11:30 PM,79,89,29.84,Clear,0,0,0,0,2,6,2
12/28/2023,12:00 AM,79,89,29.84,Clear,0,0,0,0,0,3,2
12/28/2023,12:30 AM,79,89,29.84,Clear,0,0,0,0,0,3,2
12/28/2023,1:00 AM,79,89,29.81,Clear,0,0,0,0,0,4,2
12/28/2023,1:30 AM,79,89,29.81,Clear,0,0,0,0,0,3,3
12/28/2023,2:00 AM,79,89,29.79,Clear,0,0,0,0,0,3,2
12/28/2023,2:30 AM,79,89,29.79,Clear,0,0,0,0,0,3,2
12/28/2023,3:00 AM,79,89,29.79,Clear,0,0,0,0,0,4,3
12/28/2023,3:30 AM,79,89,29.76,Clear,0,0,0,0,0,3,2
12/28/2023,4:00 AM,79,89,29.76,Clear,0,0,0,0,0,3,2
12/28/2023,4:30 AM,79,94,29.76,Clear,0,0,0,0,0,3,2
12/28/2023,5:00 AM,79,94,29.76,Clear,0,0,0,0,3,14,2
12/28/2023,5:30 AM,79,94,29.79,Rain,0,0,0,0,2,16,2
12/28/2023,6:00 AM,77,94,29.79,Rain,0,0,0,0,2,16,2
12/28/2023,6:30 AM,77,94,29.79,Clear,0,0,0,0,3,13,2
12/28/2023,7:00 AM,77,94,29.79,Rain,0,0,0,0,2,13,2
12/28/2023,7:30 AM,77,100,29.81,Rain,0,0,0,0,2,15,2
12/28/2023,8:00 AM,79,94,29.81,Rain,0,0,0,0,2,17,2
12/28/2023,8:30 AM,81,89,29.84,Rain,0,0,0,0,2,14,2
12/28/2023,9:00 AM,79,94,29.84,Rain,0,0,0,0,2,7,2
12/28/2023,9:30 AM,79,94,29.87,Rain,0,0,0,0,2,8,2
12/28/2023,10:00 AM,79,94,29.87,Rain,0,0,0,0,1,8,1
12/28/2023,10:30 AM,82,84,29.84,Clear,0,0,0,0,2,7,2
12/28/2023,11:00 AM,82,84,29.84,Clear,0,0,0,0,2,6,1
12/28/2023,11:30 AM,84,79,29.81,Clear,0,0,0,0,2,7,2
12/28/2023,12:00 PM,86,79,29.81,Clear,0,0,0,0,2,6,1
12/28/2023,12:30 PM,86,79,29.79,Clear,0,0,0,0,2,7,2
12/28/2023,1:00 PM,86,74,29.79,Clear,0,0,0,0,2,8,1
12/28/2023,1:30 PM,88,75,29.79,Clear,0,0,0,0,2,7,1
12/28/2023,2:00 PM,88,70,29.76,Clear,0,0,0,0,2,7,1
12/28/2023,2:30 PM,88,70,29.73,Clear,0,0,0,0,2,8,2
12/28/2023,3:00 PM,86,74,29.73,Clear,0,0,0,0,2,7,2
12/28/2023,3:30 PM,86,74,29.73,Clear,0,0,0,0,2,6,2
12/28/2023,4:00 PM,86,74,29.73,Clear,0,0,0,0,3,13,3
12/28/2023,4:30 PM,84,79,29.73,Rain,0,0,0,0,2,16,2
12/28/2023,5:00 PM,82,84,29.73,Rain,0,0,0,0,2,16,2
12/28/2023,5:30 PM,82,84,29.73,Clear,0,0,0,0,3,11,3
12/28/2023,6:00 PM,82,84,29.73,Rain,0,0,0,0,2,12,2
12/28/2023,6:30 PM,82,79,29.73,Clear,0,0,0,0,3,14,2
12/28/2023,7:00 PM,82,84,29.76,Clear,0,0,0,0,3,14,2
12/28/2023,7:30 PM,82,79,29.76,Clear,0,0,0,0,3,11,2
12/28/2023,8:00 PM,82,84,29.76,Clear,0,0,0,0,1,8,1
12/28/2023,8:30 PM,82,84,29.79,Clear,0,0,0,0,1,8,2
12/28/2023,9:00 PM,82,84,29.79,Clear,0,0,0,0,2,6,2
12/28/2023,9:30 PM,82,84,29.79,Clear,0,0,0,0,2,7,2
12/28/2023,10:00 PM,82,84,29.81,Clear,0,0,0,0,2,9,2
12/28/2023,10:30 PM,82,84,29.81,Clear,0,0,0,0,2,8,2
12/28/2023,11:00 PM,82,84,29.81,Clear,0,0,0,0,1,7,1
12/28/2023,11:30 PM,82,84,29.81,Clear,0,0,0,0,2,8,2
12/29/2023,12:00 AM,82,84,29.79,Clear,0,0,0,0,0,4,2
12/29/2023,12:30 AM,81,89,29.79,Rain,0,0,0,0,0,3,2
12/29/2023,1:00 AM,79,94,29.79,Rain,0,0,0,0,0,3,2
12/29/2023,1:30 AM,79,94,29.79,Rain,0,0,0,0,0,4,2
12/29/2023,2:00 AM,79,94,29.76,Clear,0,0,0,0,0,3,2
12/29/2023,2:30 AM,81,89,29.76,Clear,0,0,0,0,0,4,2
12/29/2023,3:00 AM,79,94,29.73,Rain,0,0,0,0,0,3,2
12/29/2023,3:30 AM,79,94,29.73,Clear,0,0,0,0,0,4,2
12/29/2023,4:00 AM,79,94,29.73,Clear,0,0,0,0,0,4,2
12/29/2023,4:30 AM,79,94,29.73,Clear,0,0,0,0,0,3,2
12/29/2023,5:00 AM,79,94,29.73,Clear,0,0,0,0,3,13,2
12/29/2023,5:30 AM,79,94,29.73,Clear,0,0,0,0,3,12,2
12/29/2023,6:00 AM,79,94,29.73,Clear,0,0,0,0,3,12,2
12/29/2023,6:30 AM,79,94,29.76,Rain,0,0,0,0,2,14,2
12/29/2023,7:00 AM,81,89,29.76,Clear,0,0,0,0,3,13,2
12/29/2023,7:30 AM,81,89,29.79,Rain,0,0,0,0,2,16,2
12/29/2023,8:00 AM,81,94,29.79,Rain,0,0,0,0,2,13,2
12/29/2023,8:30 AM,81,89,29.81,Rain,0,0,0,0,2,15,2
12/29/2023,9:00 AM,79,94,29.81,Rain,0,0,0,0,1,8,2
12/29/2023,9:30 AM,82,89,29.81,Rain,0,0,0,0,1,7,2
12/29/2023,10:00 AM,84,89,29.81,Clear,0,0,0,0,2,6,2
12/29/2023,10:30 AM,84,89,29.81,Clear,0,0,0,0,2,8,2
12/29/2023,11:00 AM,84,89,29.81,Rain,0,0,0,0,1,8,2
12/29/2023,11:30 AM,86,84,29.79,Clear,0,0,0,0,2,6,2
12/29/2023,12:00 PM,86,84,29.79,Clear,0,0,0,0,2,7,2
12/29/2023,12:30 PM,86,79,29.76,Rain,0,0,0,0,1,8,2
12/29/2023,1:00 PM,88,75,29.76,Clear,0,0,0,0,2,7,1
12/29/2023,1:30 PM,86,79,29.76,Clear,0,0,0,0,2,7,2
12/29/2023,2:00 PM,88,75,29.73,Clear,0,0,0,0,2,8,2
12/29/2023,2:30 PM,86,79,29.7,Clear,0,0,0,0,2,7,2
12/29/2023,3:00 PM,86,79,29.7,Clear,0,0,0,0,2,7,1
12/29/2023,3:30 PM,86,74,29.7,Clear,0,0,0,0,2,6,1
12/29/2023,4:00 PM,84,79,29.7,Clear,0,0,0,0,3,16,3
12/29/2023,4:30 PM,82,84,29.7,Clear,0,0,0,0,3,14,2
12/29/2023,5:00 PM,82,84,29.7,Clear,0,0,0,0,3,14,3
12/29/2023,5:30 PM,82,84,29.7,Clear,0,0,0,0,3,14,2
12/29/2023,6:00 PM,82,84,29.73,Clear,0,0,0,0,3,13,2
12/29/2023,6:30 PM,81,89,29.73,Clear,0,0,0,0,3,13,2
12/29/2023,7:00 PM,81,89,29.73,Clear,0,0,0,0,2,13,2
12/29/2023,7:30 PM,81,89,29.76,Clear,0,0,0,0,3,17,3
12/29/2023,8:00 PM,81,89,29.79,Clear,0,0,0,0,2,8,2
12/29/2023,8:30 PM,81,89,29.79,Clear,0,0,0,0,2,8,2
12/29/2023,9:00 PM,81,89,29.79,Clear,0,0,0,0,2,8,2
12/29/2023,9:30 PM,81,89,29.79,Clear,0,0,0,0,2,7,2
12/29/2023,10:00 PM,81,89,29.79,Clear,0,0,0,0,1,8,1
12/29/2023,10:30 PM,81,89,29.79,Clear,0,0,0,0,2,8,2
12/29/2023,11:00 PM,81,89,29.79,Clear,0,0,0,0,1,8,2
12/29/2023,11:30 PM,81,89,29.79,Clear,0,0,0,0,2,8,2
12/30/2023,12:00 AM,81,89,29.79,Clear,0,0,0,0,0,4,2
12/30/2023,12:30 AM,81,89,29.79,Clear,0,0,0,0,1,3,3
12/30/2023,1:00 AM,81,89,29.79,Clear,0,0,0,0,0,3,2
12/30/2023,1:30 AM,81,89,29.76,Clear,0,0,0,0,0,3,2
12/30/2023,2:00 AM,79,94,29.76,Clear,0,0,0,0,0,3,2
12/30/2023,2:30 AM,79,94,29.76,Clear,0,0,0,0,0,3,2
12/30/2023,3:00 AM,79,94,29.73,Clear,0,0,0,0,0,4,2
12/30/2023,3:30 AM,79,94,29.73,Rain,0,0,0,0,0,3,2
12/30/2023,4:00 AM,77,94,29.73,Rain,0,0,0,0,0,4,2
12/30/2023,4:30 AM,77,94,29.73,Rain,0,0,0,0,0,4,3
12/30/2023,5:00 AM,77,94,29.73,Clear,0,0,0,0,3,16,2
12/30/2023,5:30 AM,77,94,29.73,Clear,0,0,0,0,3,16,2
12/30/2023,6:00 AM,77,94,29.73,Clear,0,0,0,0,3,12,1
12/30/2023,6:30 AM,77,94,29.73,Clear,0,0,0,0,3,14,2
12/30/2023,7:00 AM,77,94,29.76,Clear,0,0,0,0,3,12,1
12/30/2023,7:30 AM,77,100,29.76,Clear,0,0,0,0,2,14,2
12/30/2023,8:00 AM,79,94,29.79,Clear,0,0,0,0,3,15,2
12/30/2023,8:30 AM,81,94,29.79,Clear,0,0,0,0,2,15,2
12/30/2023,9:00 AM,81,94,29.79,Clear,0,0,0,0,2,6,1
12/30/2023,9:30 AM,82,89,29.79,Clear,0,0,0,0,2,6,1
12/30/2023,10:00 AM,82,89,29.79,Clear,0,0,0,0,2,7,2
12/30/2023,10:30 AM,86,84,29.79,Clear,0,0,0,0,2,6,1
12/30/2023,11:00 AM,86,84,29.79,Clear,0,0,0,0,2,8,1
12/30/2023,11:30 AM,88,79,29.79,Clear,0,0,0,0,2,7,2
12/30/2023,12:00 PM,88,75,29.76,Clear,0,0,0,0,2,7,2
12/30/2023,12:30 PM,88,70,29.76,Rain,0,0,0,0,1,7,2
12/30/2023,1:00 PM,88,75,29.76,Clear,0,0,0,0,2,6,1
12/30/2023,1:30 PM,88,75,29.73,Clear,0,0,0,0,2,7,1
12/30/2023,2:00 PM,88,70,29.73,Clear,0,0,0,0,2,8,2
12/30/2023,2:30 PM,88,70,29.7,Clear,0,0,0,0,2,7,2
12/30/2023,3:00 PM,88,70,29.7,Clear,0,0,0,0,2,6,2
12/30/2023,3:30 PM,88,70,29.7,Clear,0,0,0,0,2,7,2
12/30/2023,4:00 PM,88,66,29.7,Clear,0,0,0,0,3,13,2
12/30/2023,4:30 PM,88,70,29.7,Clear,0,0,0,0,3,13,2
12/30/2023,5:00 PM,86,70,29.7,Clear,0,0,0,0,3,14,3
12/30/2023,5:30 PM,84,74,29.7,Clear,0,0,0,0,3,13,2
12/30/2023,6:00 PM,84,74,29.73,Clear,0,0,0,0,3,15,2
12/30/2023,6:30 PM,82,79,29.73,Clear,0,0,0,0,3,13,2
12/30/2023,7:00 PM,82,84,29.76,Clear,0,0,0,0,3,14,2
12/30/2023,7:30 PM,82,79,29.76,Clear,0,0,0,0,3,12,2
12/30/2023,8:00 PM,81,89,29.79,Clear,0,0,0,0,2,9,2
12/30/2023,8:30 PM,81,89,29.79,Clear,0,0,0,0,2,9,2
12/30/2023,9:00 PM,81,89,29.79,Clear,0,0,0,0,2,8,2
12/30/2023,9:30 PM,81,84,29.81,Clear,0,0,0,0,2,8,2
12/30/2023,10:00 PM,79,94,29.81,Clear,0,0,0,0,2,7,2
12/30/2023,10:30 PM,79,89,29.81,Clear,0,0,0,0,2,8,2
12/30/2023,11:00 PM,77,94,29.81,Clear,0,0,0,0,2,9,2
12/30/2023,11:30 PM,79,89,29.81,Clear,0,0,0,0,1,7,2
12/31/2023,12:00 AM,79,89,29.81,Clear,0,0,0,0,0,3,2
12/31/2023,12:30 AM,77,94,29.79,Clear,0,0,0,0,0,3,2
12/31/2023,1:00 AM,77,94,29.79,Clear,0,0,0,0,0,3,2
12/31/2023,1:30 AM,77,94,29.79,Clear,0,0,0,0,0,3,2
12/31/2023,2:00 AM,77,94,29.79,Clear,0,0,0,0,1,3,2
12/31/2023,2:30 AM,77,94,29.76,Clear,0,0,0,0,0,3,2
12/31/2023,3:00 AM,77,94,29.76,Clear,0,0,0,0,0,3,3
12/31/2023,3:30 AM,77,94,29.73,Clear,0,0,0,0,1,3,2
12/31/2023,4:00 AM,75,100,29.73,Clear,0,0,0,0,0,3,2
12/31/2023,4:30 AM,75,100,29.76,Clear,0,0,0,0,0,3,2
12/31/2023,5:00 AM,75,100,29.76,Clear,0,0,0,0,3,14,2
12/31/2023,5:30 AM,75,100,29.76,Clear,0,0,0,0,3,14,2
12/31/2023,6:00 AM,75,100,29.76,Clear,0,0,0,0,3,17,2
12/31/2023,6:30 AM,75,100,29.79,Clear,0,0,0,0,3,14,2
12/31/2023,7:00 AM,75,100,29.79,Clear,0,0,0,0,3,13,1
12/31/2023,7:30 AM,77,100,29.79,Clear,0,0,0,0,3,15,2
12/31/2023,8:00 AM,79,100,29.81,Clear,0,0,0,0,3,12,2
12/31/2023,8:30 AM,82,89,29.81,Clear,0,0,0,0,3,15,2
12/31/2023,9:00 AM,84,84,29.81,Clear,0,0,0,0,2,6,2
12/31/2023,9:30 AM,84,84,29.81,Clear,0,0,0,0,3,6,2
12/31/2023,10:00 AM,86,84,29.81,Clear,0,0,0,0,2,6,2
12/31/2023,10:30 AM,88,75,29.81,Clear,0,0,0,0,2,7,2
12/31/2023,11:00 AM,90,70,29.81,Clear,0,0,0,0,2,7,2
12/31/2023,11:30 AM,88,75,29.79,Clear,0,0,0,0,1,7,2
12/31/2023,12:00 PM,88,70,29.79,Clear,0,0,0,0,2,7,2
12/31/2023,12:30 PM,90,66,29.79,Clear,0,0,0,0,2,7,2
12/31/2023,1:00 PM,90,66,29.76,Clear,0,0,0,0,2,7,2
12/31/2023,1:30 PM,90,66,29.76,Clear,0,0,0,0,2,8,2
12/31/2023,2:00 PM,90,66,29.73,Clear,0,0,0,0,2,8,1
12/31/2023,2:30 PM,90,66,29.73,Clear,0,0,0,0,2,7,2
12/31/2023,3:00 PM,90,66,29.7,Clear,0,0,0,0,2,8,2
12/31/2023,3:30 PM,88,66,29.7,Clear,0,0,0,0,2,7,2
12/31/2023,4:00 PM,88,66,29.7,Clear,0,0,0,0,3,12,3
12/31/2023,4:30 PM,86,70,29.7,Clear,0,0,0,0,3,14,2
12/31/2023,5:00 PM,86,70,29.7,Clear,0,0,0,0,3,11,3
12/31/2023,5:30 PM,84,74,29.7,Clear,0,0,0,0,3,14,2
12/31/2023,6:00 PM,84,74,29.7,Clear,0,0,0,0,3,15,2
12/31/2023,6:30 PM,82,79,29.73,Clear,0,0,0,0,3,13,2
12/31/2023,7:00 PM,82,79,29.73,Clear,0,0,0,0,2,15,2
12/31/2023,7:30 PM,81,84,29.73,Clear,0,0,0,0,3,12,2
12/31/2023,8:00 PM,81,84,29.76,Clear,0,0,0,0,2,9,2
12/31/2023,8:30 PM,81,84,29.79,Clear,0,0,0,0,2,8,2
12/31/2023,9:00 PM,81,84,29.79,Clear,0,0,0,0,2,8,2
12/31/2023,9:30 PM,81,84,29.79,Clear,0,0,0,0,2,8,2
12/31/2023,10:00 PM,81,84,29.79,Clear,0,0,0,0,1,7,2
12/31/2023,10:30 PM,79,89,29.79,Clear,0,0,0,0,2,8,1
12/31/2023,11:00 PM,79,89,29.79,Clear,0,0,0,0,2,8,1
12/31/2023,11:30 PM,77,94,29.79,Clear,0,0,0,0,2,9,2
