date,time,temperature_F,humidity_%,wind_speed_kmh,pressure_in,condition,รถที่เกิดเหตุ,เกิดเหตุ,รถน้อยกว่า4ล้อacc,รถ4ล้อacc,รถมากกว่า4ล้อacc,รถน้อยกว่า4ล้อทั้งหมด,รถ4ล้อทั้งหมด,รถมากกว่า4ล้อทั้งหมด
1/1/2023,12:00 AM,72,94,3,29.84,Clear,0,0,0,0,0,,,
1/1/2023,12:30 AM,72,94,3,29.84,Clear,0,0,0,0,0,,,
1/1/2023,1:00 AM,72,94,0,29.84,Clear,0,0,0,0,0,,,
1/1/2023,1:30 AM,72,94,3,29.84,Clear,0,0,0,0,0,,,
1/1/2023,2:00 AM,72,94,5,29.81,Clear,0,0,0,0,0,,,
1/1/2023,2:30 AM,72,94,6,29.81,Clear,0,0,0,0,0,,,
1/1/2023,3:00 AM,70,100,5,29.81,Clear,0,0,0,0,0,,,
1/1/2023,3:30 AM,70,100,0,29.81,Clear,0,0,0,0,0,,,
1/1/2023,4:00 AM,70,100,0,29.81,Clear,0,0,0,0,0,,,
1/1/2023,4:30 AM,70,100,0,29.81,Clear,0,0,0,0,0,,,
1/1/2023,5:00 AM,70,100,0,29.79,Clear,0,0,0,0,0,,,
1/1/2023,5:30 AM,72,94,2,29.81,Clear,0,0,0,0,0,,,
1/1/2023,6:00 AM,70,100,0,29.81,Clear,0,0,0,0,0,,,
1/1/2023,6:30 AM,70,100,0,29.81,Clear,0,0,0,0,0,,,
1/1/2023,7:00 AM,70,100,0,29.81,Clear,0,0,0,0,0,,,
1/1/2023,7:30 AM,73,94,0,29.84,Clear,0,0,0,0,0,,,
1/1/2023,8:00 AM,75,94,1,29.84,Clear,0,0,0,0,0,,,
1/1/2023,8:30 AM,77,94,2,29.84,Clear,0,0,0,0,0,,,
1/1/2023,9:00 AM,81,84,5,29.87,Clear,0,0,0,0,0,,,
1/1/2023,9:30 AM,81,84,8,29.87,Clear,0,0,0,0,0,,,
1/1/2023,10:00 AM,84,79,9,29.87,Clear,0,0,0,0,0,,,
1/1/2023,10:30 AM,82,79,10,29.84,Clear,0,0,0,0,0,,,
1/1/2023,11:00 AM,86,70,12,29.84,Clear,0,0,0,0,0,,,
1/1/2023,11:30 AM,84,66,13,29.84,Clear,0,0,0,0,0,,,
1/1/2023,12:00 PM,88,58,14,29.81,Clear,0,0,0,0,0,,,
1/1/2023,12:30 PM,88,55,15,29.81,Clear,0,0,0,0,0,,,
1/1/2023,1:00 PM,88,52,13,29.79,Clear,0,0,0,0,0,,,
1/1/2023,1:30 PM,88,55,13,29.76,Clear,0,0,0,0,0,,,
1/1/2023,2:00 PM,88,55,12,29.76,Clear,0,0,0,0,0,,,
1/1/2023,2:30 PM,88,55,15,29.73,Clear,0,0,0,0,0,,,
1/1/2023,3:00 PM,88,52,13,29.73,Clear,0,0,0,0,0,,,
1/1/2023,3:30 PM,88,55,12,29.73,Clear,0,0,0,0,0,,,
1/1/2023,4:00 PM,86,58,10,29.73,Clear,0,0,0,0,0,,,
1/1/2023,4:30 PM,86,55,12,29.73,Clear,0,0,0,0,0,,,
1/1/2023,5:00 PM,84,62,12,29.73,Clear,0,0,0,0,0,,,
1/1/2023,5:30 PM,84,62,9,29.73,Clear,0,0,0,0,0,,,
1/1/2023,6:00 PM,82,66,9,29.76,Clear,0,0,0,0,0,,,
1/1/2023,6:30 PM,81,70,8,29.76,Clear,0,0,0,0,0,,,
1/1/2023,7:00 PM,79,78,6,29.79,Clear,0,0,0,0,0,,,
1/1/2023,7:30 PM,79,78,3,29.79,Clear,0,0,0,0,0,,,
1/1/2023,8:00 PM,77,83,2,29.81,Clear,0,0,0,0,0,,,
1/1/2023,8:30 PM,75,83,3,29.81,Clear,0,0,0,0,0,,,
1/1/2023,9:00 PM,73,88,3,29.84,Clear,0,0,0,0,0,,,
1/1/2023,9:30 PM,73,88,2,29.84,Clear,0,0,0,0,0,,,
1/1/2023,10:00 PM,73,88,2,29.84,Clear,0,0,0,0,0,,,
1/1/2023,10:30 PM,72,94,0,29.84,Clear,0,0,0,0,0,,,
1/1/2023,11:00 PM,72,94,2,29.84,Clear,0,0,0,0,0,,,
1/1/2023,11:30 PM,72,94,3,29.84,Clear,0,0,0,0,0,,,
1/2/2023,12:00 AM,72,94,2,29.84,Clear,0,0,0,0,0,,,
1/2/2023,12:30 AM,72,94,2,29.84,Clear,0,0,0,0,0,,,
1/2/2023,1:00 AM,72,94,2,29.84,Clear,0,0,0,0,0,,,
1/2/2023,1:30 AM,72,94,0,29.84,Clear,2,1,1,1,0,,,
1/2/2023,2:00 AM,72,94,3,29.81,Clear,0,0,0,0,0,,,
1/2/2023,2:30 AM,72,94,5,29.81,Clear,0,0,0,0,0,,,
1/2/2023,3:00 AM,70,100,2,29.81,Clear,0,0,0,0,0,,,
1/2/2023,3:30 AM,70,100,2,29.81,Clear,0,0,0,0,0,,,
1/2/2023,4:00 AM,70,100,2,29.81,Clear,0,0,0,0,0,,,
1/2/2023,4:30 AM,70,100,2,29.81,Clear,0,0,0,0,0,,,
1/2/2023,5:00 AM,70,100,2,29.81,Clear,0,0,0,0,0,,,
1/2/2023,5:30 AM,70,100,2,29.81,Clear,0,0,0,0,0,,,
1/2/2023,6:00 AM,73,94,3,29.81,Clear,0,0,0,0,0,,,
1/2/2023,6:30 AM,72,94,2,29.81,Clear,0,0,0,0,0,,,
1/2/2023,7:00 AM,70,100,2,29.84,Clear,0,0,0,0,0,,,
1/2/2023,7:30 AM,72,100,0,29.84,Clear,0,0,0,0,0,,,
1/2/2023,8:00 AM,75,94,3,29.84,Clear,0,0,0,0,0,,,
1/2/2023,8:30 AM,75,94,2,29.87,Clear,0,0,0,0,0,,,
1/2/2023,9:00 AM,79,89,2,29.87,Clear,0,0,0,0,0,,,
1/2/2023,9:30 AM,81,89,6,29.87,Clear,0,0,0,0,0,,,
1/2/2023,10:00 AM,81,89,7,29.87,Clear,0,0,0,0,0,,,
1/2/2023,10:30 AM,82,84,8,29.87,Clear,0,0,0,0,0,,,
1/2/2023,11:00 AM,84,74,9,29.87,Clear,0,0,0,0,0,,,
1/2/2023,11:30 AM,84,74,12,29.87,Clear,0,0,0,0,0,,,
1/2/2023,12:00 PM,84,70,12,29.84,Clear,0,0,0,0,0,,,
1/2/2023,12:30 PM,86,66,12,29.84,Clear,0,0,0,0,0,,,
1/2/2023,1:00 PM,86,66,12,29.81,Clear,0,0,0,0,0,,,
1/2/2023,1:30 PM,86,66,9,29.81,Clear,0,0,0,0,0,,,
1/2/2023,2:00 PM,86,62,12,29.79,Clear,0,0,0,0,0,,,
1/2/2023,2:30 PM,84,66,13,29.79,Clear,0,0,0,0,0,,,
1/2/2023,3:00 PM,86,66,12,29.76,Clear,0,0,0,0,0,,,
1/2/2023,3:30 PM,84,70,13,29.76,Clear,0,0,0,0,0,,,
1/2/2023,4:00 PM,84,70,10,29.76,Clear,0,0,0,0,0,,,
1/2/2023,4:30 PM,82,74,10,29.76,Clear,0,0,0,0,0,,,
1/2/2023,5:00 PM,82,70,10,29.76,Clear,0,0,0,0,0,,,
1/2/2023,5:30 PM,82,70,9,29.76,Clear,0,0,0,0,0,,,
1/2/2023,6:00 PM,81,74,9,29.79,Clear,0,0,0,0,0,,,
1/2/2023,6:30 PM,81,74,6,29.79,Clear,0,0,0,0,0,,,
1/2/2023,7:00 PM,79,78,5,29.81,Clear,0,0,0,0,0,,,
1/2/2023,7:30 PM,79,83,5,29.81,Clear,0,0,0,0,0,,,
1/2/2023,8:00 PM,79,83,6,29.84,Clear,0,0,0,0,0,,,
1/2/2023,8:30 PM,79,83,5,29.84,Clear,0,0,0,0,0,,,
1/2/2023,9:00 PM,79,83,5,29.84,Clear,0,0,0,0,0,,,
1/2/2023,9:30 PM,77,89,3,29.87,Clear,0,0,0,0,0,,,
1/2/2023,10:00 PM,77,89,3,29.87,Clear,0,0,0,0,0,,,
1/2/2023,10:30 PM,75,89,3,29.87,Clear,0,0,0,0,0,,,
1/2/2023,11:00 PM,75,94,5,29.84,Clear,0,0,0,0,0,,,
1/2/2023,11:30 PM,75,94,3,29.84,Clear,0,0,0,0,0,,,
1/3/2023,12:00 AM,77,89,3,29.84,Clear,0,0,0,0,0,,,
1/3/2023,12:30 AM,75,94,5,29.84,Clear,0,0,0,0,0,,,
1/3/2023,1:00 AM,75,94,5,29.84,Clear,0,0,0,0,0,,,
1/3/2023,1:30 AM,75,94,3,29.84,Clear,0,0,0,0,0,,,
1/3/2023,2:00 AM,73,94,0,29.81,Clear,0,0,0,0,0,,,
1/3/2023,2:30 AM,73,94,0,29.81,Clear,0,0,0,0,0,,,
1/3/2023,3:00 AM,73,100,5,29.79,Clear,0,0,0,0,0,,,
1/3/2023,3:30 AM,73,100,5,29.79,Clear,0,0,0,0,0,,,
1/3/2023,4:00 AM,73,94,3,29.79,Clear,0,0,0,0,0,,,
1/3/2023,4:30 AM,73,94,2,29.79,Clear,0,0,0,0,0,,,
1/3/2023,5:00 AM,73,100,3,29.79,Clear,0,0,0,0,0,,,
1/3/2023,5:30 AM,73,100,3,29.81,Clear,0,0,0,0,0,,,
1/3/2023,6:00 AM,72,100,2,29.81,Clear,0,0,0,0,0,,,
1/3/2023,6:30 AM,72,100,5,29.81,Clear,0,0,0,0,0,,,
1/3/2023,7:00 AM,72,100,0,29.81,Clear,0,0,0,0,0,,,
1/3/2023,7:30 AM,73,100,5,29.84,Clear,0,0,0,0,0,,,
1/3/2023,8:00 AM,77,94,5,29.84,Clear,0,0,0,0,0,,,
1/3/2023,8:30 AM,79,94,6,29.84,Clear,0,0,0,0,0,,,
1/3/2023,9:00 AM,81,89,7,29.84,Clear,0,0,0,0,0,,,
1/3/2023,9:30 AM,82,84,8,29.84,Clear,0,0,0,0,0,,,
1/3/2023,10:00 AM,82,84,8,29.84,Clear,0,0,0,0,0,,,
1/3/2023,10:30 AM,84,79,9,29.84,Clear,0,0,0,0,0,,,
1/3/2023,11:00 AM,86,74,13,29.84,Clear,0,0,0,0,0,,,
1/3/2023,11:30 AM,86,74,12,29.84,Clear,0,0,0,0,0,,,
1/3/2023,12:00 PM,88,66,16,29.81,Rain,0,0,0,0,0,,,
1/3/2023,12:30 PM,86,74,8,29.81,Clear,0,0,0,0,0,,,
1/3/2023,1:00 PM,88,66,14,29.79,Clear,0,0,0,0,0,,,
1/3/2023,1:30 PM,88,66,15,29.79,Clear,0,0,0,0,0,,,
1/3/2023,2:00 PM,88,62,14,29.76,Clear,0,0,0,0,0,,,
1/3/2023,2:30 PM,88,62,14,29.76,Clear,0,0,0,0,0,,,
1/3/2023,3:00 PM,86,66,14,29.73,Clear,0,0,0,0,0,,,
1/3/2023,3:30 PM,84,70,12,29.73,Clear,0,0,0,0,0,,,
1/3/2023,4:00 PM,84,70,7,29.73,Clear,0,0,0,0,0,,,
1/3/2023,4:30 PM,84,70,8,29.73,Clear,0,0,0,0,0,,,
1/3/2023,5:00 PM,84,70,9,29.73,Clear,0,0,0,0,0,,,
1/3/2023,5:30 PM,84,70,9,29.73,Clear,0,0,0,0,0,,,
1/3/2023,6:00 PM,82,74,9,29.76,Clear,0,0,0,0,0,,,
1/3/2023,6:30 PM,81,79,6,29.76,Clear,1,1,0,1,0,,,
1/3/2023,7:00 PM,81,79,3,29.79,Clear,0,0,0,0,0,,,
1/3/2023,7:30 PM,79,83,0,29.79,Clear,0,0,0,0,0,,,
1/3/2023,8:00 PM,79,89,5,29.81,Rain,0,0,0,0,0,,,
1/3/2023,8:30 PM,79,89,2,29.81,Clear,0,0,0,0,0,,,
1/3/2023,9:00 PM,77,89,2,29.84,Clear,0,0,0,0,0,,,
1/3/2023,9:30 PM,77,89,2,29.84,Clear,0,0,0,0,0,,,
1/3/2023,10:00 PM,77,94,2,29.84,Clear,0,0,0,0,0,,,
1/3/2023,10:30 PM,77,89,10,29.84,Rain,0,0,0,0,0,,,
1/3/2023,11:00 PM,75,94,3,29.84,Rain,0,0,0,0,0,,,
1/3/2023,11:30 PM,75,94,2,29.84,Rain,0,0,0,0,0,,,
1/4/2023,12:00 AM,75,94,2,29.84,Clear,0,0,0,0,0,,,
1/4/2023,12:30 AM,75,100,3,29.84,Clear,0,0,0,0,0,,,
1/4/2023,1:00 AM,75,100,5,29.84,Rain,0,0,0,0,0,,,
1/4/2023,1:30 AM,75,94,5,29.81,Clear,0,0,0,0,0,,,
1/4/2023,2:00 AM,75,94,3,29.81,Clear,0,0,0,0,0,,,
1/4/2023,2:30 AM,75,94,5,29.79,Clear,0,0,0,0,0,,,
1/4/2023,3:00 AM,73,100,6,29.79,Clear,0,0,0,0,0,,,
1/4/2023,3:30 AM,73,94,6,29.79,Clear,0,0,0,0,0,,,
1/4/2023,4:00 AM,73,94,0,29.79,Clear,0,0,0,0,0,,,
1/4/2023,4:30 AM,73,94,2,29.79,Clear,0,0,0,0,0,,,
1/4/2023,5:00 AM,72,100,0,29.79,Clear,0,0,0,0,0,,,
1/4/2023,5:30 AM,72,100,0,29.79,Clear,0,0,0,0,0,,,
1/4/2023,6:00 AM,72,100,0,29.79,Clear,0,0,0,0,0,,,
1/4/2023,6:30 AM,72,100,1,29.79,Clear,0,0,0,0,0,,,
1/4/2023,7:00 AM,72,100,3,29.81,Clear,0,0,0,0,0,,,
1/4/2023,7:30 AM,73,100,1,29.81,Clear,0,0,0,0,0,,,
1/4/2023,8:00 AM,75,94,2,29.81,Clear,0,0,0,0,0,,,
1/4/2023,8:30 AM,75,100,2,29.84,Clear,0,0,0,0,0,,,
1/4/2023,9:00 AM,77,94,2,29.84,Rain,0,0,0,0,0,,,
1/4/2023,9:30 AM,81,89,2,29.84,Clear,0,0,0,0,0,,,
1/4/2023,10:00 AM,82,84,6,29.84,Rain,0,0,0,0,0,,,
1/4/2023,10:30 AM,82,89,7,29.84,Clear,0,0,0,0,0,,,
1/4/2023,11:00 AM,81,89,9,29.84,Rain,0,0,0,0,0,,,
1/4/2023,11:30 AM,75,94,6,29.81,Rain,0,0,0,0,0,,,
1/4/2023,12:00 PM,77,94,5,29.81,Rain,0,0,0,0,0,,,
1/4/2023,12:30 PM,79,94,7,29.81,Rain,0,0,0,0,0,,,
1/4/2023,1:00 PM,82,89,7,29.79,Clear,0,0,0,0,0,,,
1/4/2023,1:30 PM,82,89,8,29.76,Clear,0,0,0,0,0,,,
1/4/2023,2:00 PM,82,84,8,29.76,Clear,0,0,0,0,0,,,
1/4/2023,2:30 PM,84,79,10,29.73,Rain,0,0,0,0,0,,,
1/4/2023,3:00 PM,81,89,10,29.73,Rain,0,0,0,0,0,,,
1/4/2023,3:30 PM,81,89,8,29.73,Rain,0,0,0,0,0,,,
1/4/2023,4:00 PM,81,89,7,29.73,Clear,0,0,0,0,0,,,
1/4/2023,4:30 PM,82,84,7,29.73,Clear,0,0,0,0,0,,,
1/4/2023,5:00 PM,82,84,6,29.73,Rain,0,0,0,0,0,,,
1/4/2023,5:30 PM,81,84,6,29.76,Rain,0,0,0,0,0,,,
1/4/2023,6:00 PM,79,83,8,29.76,Rain,0,0,0,0,0,,,
1/4/2023,6:30 PM,77,89,6,29.76,Rain,0,0,0,0,0,,,
1/4/2023,7:00 PM,77,94,5,29.79,Clear,0,0,0,0,0,,,
1/4/2023,7:30 PM,77,94,3,29.79,Clear,0,0,0,0,0,,,
1/4/2023,8:00 PM,77,94,2,29.81,Clear,0,0,0,0,0,,,
1/4/2023,8:30 PM,77,94,5,29.81,Clear,0,0,0,0,0,,,
1/4/2023,9:00 PM,77,94,3,29.84,Clear,0,0,0,0,0,,,
1/4/2023,9:30 PM,77,94,3,29.84,Clear,0,0,0,0,0,,,
1/4/2023,10:00 PM,75,100,5,29.84,Clear,0,0,0,0,0,,,
1/4/2023,10:30 PM,75,100,6,29.84,Clear,0,0,0,0,0,,,
1/4/2023,11:00 PM,75,94,3,29.84,Clear,0,0,0,0,0,,,
1/4/2023,11:30 PM,75,94,3,29.81,Clear,0,0,0,0,0,,,
1/5/2023,12:00 AM,75,94,2,29.84,Clear,0,0,0,0,0,,,
1/5/2023,12:30 AM,75,94,2,29.81,Clear,0,0,0,0,0,,,
1/5/2023,1:00 AM,75,94,3,29.81,Clear,0,0,0,0,0,,,
1/5/2023,1:30 AM,75,94,3,29.81,Clear,0,0,0,0,0,,,
1/5/2023,2:00 AM,75,94,3,29.79,Clear,0,0,0,0,0,,,
1/5/2023,2:30 AM,75,94,3,29.79,Clear,0,0,0,0,0,,,
1/5/2023,3:00 AM,75,94,2,29.76,Clear,0,0,0,0,0,,,
1/5/2023,3:30 AM,75,94,3,29.76,Clear,0,0,0,0,0,,,
1/5/2023,4:00 AM,75,94,2,29.76,Clear,0,0,0,0,0,,,
1/5/2023,4:30 AM,75,94,2,29.76,Clear,0,0,0,0,0,,,
1/5/2023,5:00 AM,73,100,3,29.76,Clear,0,0,0,0,0,,,
1/5/2023,5:30 AM,73,100,3,29.76,Clear,0,0,0,0,0,,,
1/5/2023,6:00 AM,75,94,0,29.76,Clear,0,0,0,0,0,,,
1/5/2023,6:30 AM,75,94,0,29.76,Clear,0,0,0,0,0,,,
1/5/2023,7:00 AM,75,94,0,29.79,Clear,0,0,0,0,0,,,
1/5/2023,7:30 AM,75,100,2,29.79,Clear,0,0,0,0,0,,,
1/5/2023,8:00 AM,77,94,3,29.81,Clear,0,0,0,0,0,,,
1/5/2023,8:30 AM,77,100,3,29.81,Clear,0,0,0,0,0,,,
1/5/2023,9:00 AM,79,94,5,29.81,Clear,0,0,0,0,0,,,
1/5/2023,9:30 AM,81,89,7,29.81,Clear,0,0,0,0,0,,,
1/5/2023,10:00 AM,82,89,9,29.84,Clear,0,0,0,0,0,,,
1/5/2023,10:30 AM,82,89,9,29.81,Clear,0,0,0,0,0,,,
1/5/2023,11:00 AM,84,84,12,29.81,Clear,0,0,0,0,0,,,
1/5/2023,11:30 AM,86,74,13,29.81,Clear,0,0,0,0,0,,,
1/5/2023,12:00 PM,86,74,15,29.79,Clear,0,0,0,0,0,,,
1/5/2023,12:30 PM,88,70,14,29.79,Clear,0,0,0,0,0,,,
1/5/2023,1:00 PM,88,66,13,29.76,Clear,0,0,0,0,0,,,
1/5/2023,1:30 PM,88,66,14,29.76,Clear,0,0,0,0,0,,,
1/5/2023,2:00 PM,84,79,10,29.73,Clear,0,0,0,0,0,,,
1/5/2023,2:30 PM,86,70,13,29.73,Clear,0,0,0,0,0,,,
1/5/2023,3:00 PM,86,70,12,29.73,Clear,0,0,0,0,0,,,
1/5/2023,3:30 PM,86,66,13,29.7,Clear,0,0,0,0,0,,,
1/5/2023,4:00 PM,86,66,13,29.7,Clear,0,0,0,0,0,,,
1/5/2023,4:30 PM,86,70,12,29.7,Clear,0,0,0,0,0,,,
1/5/2023,5:00 PM,84,70,12,29.7,Clear,0,0,0,0,0,,,
1/5/2023,5:30 PM,82,74,9,29.7,Clear,0,0,0,0,0,,,
1/5/2023,6:00 PM,82,74,8,29.73,Clear,0,0,0,0,0,,,
1/5/2023,6:30 PM,81,79,7,29.73,Clear,0,0,0,0,0,,,
1/5/2023,7:00 PM,81,79,5,29.76,Clear,0,0,0,0,0,,,
1/5/2023,7:30 PM,81,84,3,29.76,Clear,0,0,0,0,0,,,
1/5/2023,8:00 PM,79,83,3,29.76,Clear,0,0,0,0,0,,,
1/5/2023,8:30 PM,79,89,2,29.79,Clear,0,0,0,0,0,,,
1/5/2023,9:00 PM,77,89,3,29.79,Clear,0,0,0,0,0,,,
1/5/2023,9:30 PM,77,89,5,29.79,Clear,0,0,0,0,0,,,
1/5/2023,10:00 PM,77,89,3,29.81,Clear,0,0,0,0,0,,,
1/5/2023,10:30 PM,75,94,3,29.81,Clear,0,0,0,0,0,,,
1/5/2023,11:00 PM,77,94,5,29.79,Clear,0,0,0,0,0,,,
1/5/2023,11:30 PM,77,89,5,29.79,Clear,0,0,0,0,0,,,
1/6/2023,12:00 AM,77,94,3,29.79,Clear,0,0,0,0,0,,,
1/6/2023,12:30 AM,75,94,3,29.79,Clear,0,0,0,0,0,,,
1/6/2023,1:00 AM,73,100,3,29.79,Clear,0,0,0,0,0,,,
1/6/2023,1:30 AM,73,94,3,29.79,Clear,0,0,0,0,0,,,
1/6/2023,2:00 AM,75,94,3,29.76,Clear,0,0,0,0,0,,,
1/6/2023,2:30 AM,75,94,3,29.76,Clear,0,0,0,0,0,,,
1/6/2023,3:00 AM,75,94,0,29.76,Clear,0,0,0,0,0,,,
1/6/2023,3:30 AM,75,94,0,29.76,Clear,0,0,0,0,0,,,
1/6/2023,4:00 AM,75,94,3,29.73,Clear,0,0,0,0,0,,,
1/6/2023,4:30 AM,75,94,3,29.73,Clear,0,0,0,0,0,,,
1/6/2023,5:00 AM,75,94,9,29.76,Clear,0,0,0,0,0,,,
1/6/2023,5:30 AM,75,100,2,29.76,Clear,0,0,0,0,0,,,
1/6/2023,6:00 AM,75,94,2,29.76,Clear,0,0,0,0,0,,,
1/6/2023,6:30 AM,75,94,5,29.76,Clear,0,0,0,0,0,,,
1/6/2023,7:00 AM,75,94,0,29.76,Clear,0,0,0,0,0,,,
1/6/2023,7:30 AM,75,100,3,29.79,Rain,0,0,0,0,0,,,
1/6/2023,8:00 AM,77,94,2,29.79,Rain,0,0,0,0,0,,,
1/6/2023,8:30 AM,77,94,3,29.81,Clear,0,0,0,0,0,,,
1/6/2023,9:00 AM,75,94,6,29.81,Rain,0,0,0,0,0,,,
1/6/2023,9:30 AM,75,94,6,29.81,Rain,0,0,0,0,0,,,
1/6/2023,10:00 AM,75,100,6,29.84,Rain,0,0,0,0,0,,,
1/6/2023,10:30 AM,79,94,3,29.84,Clear,0,0,0,0,0,,,
1/6/2023,11:00 AM,82,89,3,29.84,Clear,0,0,0,0,0,,,
1/6/2023,11:30 AM,77,89,6,29.84,Rain,0,0,0,0,0,,,
1/6/2023,12:00 PM,79,89,6,29.81,Clear,0,0,0,0,0,,,
1/6/2023,12:30 PM,77,94,9,29.81,Rain,0,0,0,0,0,,,
1/6/2023,1:00 PM,79,89,8,29.79,Rain,0,0,0,0,0,,,
1/6/2023,1:30 PM,79,94,6,29.79,Clear,0,0,0,0,0,,,
1/6/2023,2:00 PM,79,94,6,29.76,Clear,0,0,0,0,0,,,
1/6/2023,2:30 PM,81,89,6,29.76,Rain,0,0,0,0,0,,,
1/6/2023,3:00 PM,79,94,12,29.73,Rain,0,0,0,0,0,,,
1/6/2023,3:30 PM,77,94,13,29.73,Rain,0,0,0,0,0,,,
1/6/2023,4:00 PM,77,94,8,29.73,Clear,0,0,0,0,0,,,
1/6/2023,4:30 PM,79,89,10,29.76,Clear,0,0,0,0,0,,,
1/6/2023,5:00 PM,77,89,10,29.76,Clear,0,0,0,0,0,,,
1/6/2023,5:30 PM,77,89,9,29.76,Clear,0,0,0,0,0,,,
1/6/2023,6:00 PM,75,94,3,29.76,Clear,0,0,0,0,0,,,
1/6/2023,6:30 PM,75,94,2,29.76,Rain,0,0,0,0,0,,,
1/6/2023,7:00 PM,75,89,7,29.79,Clear,0,0,0,0,0,,,
1/6/2023,7:30 PM,75,89,5,29.79,Clear,0,0,0,0,0,,,
1/6/2023,8:00 PM,73,94,6,29.79,Clear,0,0,0,0,0,,,
1/6/2023,8:30 PM,73,94,0,29.81,Clear,0,0,0,0,0,,,
1/6/2023,9:00 PM,73,94,2,29.81,Clear,0,0,0,0,0,,,
1/6/2023,9:30 PM,73,94,0,29.81,Clear,0,0,0,0,0,,,
1/6/2023,10:00 PM,73,94,2,29.81,Clear,0,0,0,0,0,,,
1/6/2023,10:30 PM,73,100,3,29.81,Clear,0,0,0,0,0,,,
1/6/2023,11:00 PM,75,94,6,29.81,Rain,0,0,0,0,0,,,
1/6/2023,11:30 PM,73,94,6,29.81,Rain,0,0,0,0,0,,,
1/7/2023,12:00 AM,73,94,1,29.81,Rain,0,0,0,0,0,,,
1/7/2023,12:30 AM,73,94,2,29.81,Clear,0,0,0,0,0,,,
1/7/2023,1:00 AM,73,94,2,29.81,Rain,0,0,0,0,0,,,
1/7/2023,1:30 AM,73,94,6,29.81,Rain,0,0,0,0,0,,,
1/7/2023,2:00 AM,73,94,0,29.79,Rain,0,0,0,0,0,,,
1/7/2023,2:30 AM,73,94,2,29.79,Rain,0,0,0,0,0,,,
1/7/2023,3:00 AM,73,94,0,29.76,Rain,0,0,0,0,0,,,
1/7/2023,3:30 AM,73,94,2,29.76,Clear,0,0,0,0,0,,,
1/7/2023,4:00 AM,73,94,0,29.73,Clear,0,0,0,0,0,,,
1/7/2023,4:30 AM,73,94,0,29.73,Clear,0,0,0,0,0,,,
1/7/2023,5:00 AM,73,100,2,29.73,Clear,0,0,0,0,0,,,
1/7/2023,5:30 AM,73,100,5,29.73,Clear,0,0,0,0,0,,,
1/7/2023,6:00 AM,73,100,6,29.76,Rain,0,0,0,0,0,,,
1/7/2023,6:30 AM,73,100,5,29.76,Clear,0,0,0,0,0,,,
1/7/2023,7:00 AM,73,100,6,29.76,Rain,0,0,0,0,0,,,
1/7/2023,7:30 AM,73,100,7,29.79,Rain,0,0,0,0,0,,,
1/7/2023,8:00 AM,73,100,7,29.79,Rain,0,0,0,0,0,,,
1/7/2023,8:30 AM,73,100,5,29.81,Rain,0,0,0,0,0,,,
1/7/2023,9:00 AM,73,100,5,29.81,Rain,0,0,0,0,0,,,
1/7/2023,9:30 AM,73,100,5,29.81,Rain,0,0,0,0,0,,,
1/7/2023,10:00 AM,73,100,5,29.81,Rain,0,0,0,0,0,,,
1/7/2023,10:30 AM,73,100,6,29.81,Rain,0,0,0,0,0,,,
1/7/2023,11:00 AM,73,100,2,29.81,Rain,0,0,0,0,0,,,
1/7/2023,11:30 AM,73,100,0,29.81,Rain,0,0,0,0,0,,,
1/7/2023,12:00 PM,73,100,2,29.79,Rain,0,0,0,0,0,,,
1/7/2023,12:30 PM,73,100,2,29.79,Rain,0,0,0,0,0,,,
1/7/2023,1:00 PM,73,100,0,29.79,Rain,0,0,0,0,0,,,
1/7/2023,1:30 PM,73,100,0,29.76,Rain,0,0,0,0,0,,,
1/7/2023,2:00 PM,75,100,0,29.73,Rain,0,0,0,0,0,,,
1/7/2023,2:30 PM,75,100,2,29.73,Rain,0,0,0,0,0,,,
1/7/2023,3:00 PM,75,94,0,29.73,Rain,0,0,0,0,0,,,
1/7/2023,3:30 PM,75,94,5,29.7,Rain,0,0,0,0,0,,,
1/7/2023,4:00 PM,73,100,5,29.7,Rain,0,0,0,0,0,,,
1/7/2023,4:30 PM,73,100,2,29.7,Rain,0,0,0,0,0,,,
1/7/2023,5:00 PM,73,100,2,29.73,Rain,0,0,0,0,0,,,
1/7/2023,5:30 PM,73,100,0,29.73,Rain,0,0,0,0,0,,,
1/7/2023,6:00 PM,73,100,2,29.73,Rain,0,0,0,0,0,,,
1/7/2023,6:30 PM,73,100,0,29.73,Rain,0,0,0,0,0,,,
1/7/2023,7:00 PM,73,100,0,29.76,Rain,0,0,0,0,0,,,
1/7/2023,7:30 PM,73,100,0,29.76,Rain,0,0,0,0,0,,,
1/7/2023,8:00 PM,73,100,0,29.79,Clear,0,0,0,0,0,,,
1/7/2023,8:30 PM,73,100,3,29.79,Rain,0,0,0,0,0,,,
1/7/2023,9:00 PM,73,100,3,29.79,Rain,0,0,0,0,0,,,
1/7/2023,9:30 PM,73,100,2,29.81,Rain,0,0,0,0,0,,,
1/7/2023,10:00 PM,73,100,2,29.81,Rain,0,0,0,0,0,,,
1/7/2023,10:30 PM,73,100,5,29.81,Rain,0,0,0,0,0,,,
1/7/2023,11:00 PM,73,100,3,29.81,Rain,0,0,0,0,0,,,
1/7/2023,11:30 PM,73,100,3,29.79,Rain,0,0,0,0,0,,,
1/8/2023,12:00 AM,73,100,3,29.79,Rain,0,0,0,0,0,,,
1/8/2023,12:30 AM,73,100,3,29.79,Rain,0,0,0,0,0,,,
1/8/2023,1:00 AM,73,100,2,29.79,Rain,0,0,0,0,0,,,
1/8/2023,1:30 AM,73,100,0,29.79,Rain,0,0,0,0,0,,,
1/8/2023,2:00 AM,73,100,0,29.76,Clear,0,0,0,0,0,,,
1/8/2023,2:30 AM,73,100,0,29.76,Clear,0,0,0,0,0,,,
1/8/2023,3:00 AM,73,100,0,29.73,Clear,0,0,0,0,0,,,
1/8/2023,3:30 AM,73,100,2,29.73,Clear,0,0,0,0,0,,,
1/8/2023,4:00 AM,73,100,3,29.73,Clear,0,0,0,0,0,,,
1/8/2023,4:30 AM,73,100,2,29.73,Clear,0,0,0,0,0,,,
1/8/2023,5:00 AM,73,100,2,29.73,Clear,0,0,0,0,0,,,
1/8/2023,5:30 AM,73,100,0,29.73,Rain,0,0,0,0,0,,,
1/8/2023,6:00 AM,73,100,0,29.73,Clear,0,0,0,0,0,,,
1/8/2023,6:30 AM,73,100,0,29.76,Clear,0,0,0,0,0,,,
1/8/2023,7:00 AM,73,100,0,29.76,Clear,0,0,0,0,0,,,
1/8/2023,7:30 AM,73,100,0,29.76,Clear,0,0,0,0,0,,,
1/8/2023,8:00 AM,75,94,0,29.79,Clear,0,0,0,0,0,,,
1/8/2023,8:30 AM,75,94,0,29.79,Clear,0,0,0,0,0,,,
1/8/2023,9:00 AM,77,94,3,29.79,Clear,0,0,0,0,0,,,
1/8/2023,9:30 AM,77,94,3,29.81,Clear,0,0,0,0,0,,,
1/8/2023,10:00 AM,77,94,5,29.81,Clear,0,0,0,0,0,,,
1/8/2023,10:30 AM,77,94,6,29.81,Clear,0,0,0,0,0,,,
1/8/2023,11:00 AM,79,89,5,29.81,Clear,0,0,0,0,0,,,
1/8/2023,11:30 AM,79,89,5,29.81,Rain,0,0,0,0,0,,,
1/8/2023,12:00 PM,81,89,8,29.79,Clear,0,0,0,0,0,,,
1/8/2023,12:30 PM,79,89,9,29.79,Clear,0,0,0,0,0,,,
1/8/2023,1:00 PM,79,89,6,29.76,Clear,0,0,0,0,0,,,
1/8/2023,1:30 PM,82,84,6,29.76,Clear,0,0,0,0,0,,,
1/8/2023,2:00 PM,79,89,7,29.73,Rain,0,0,0,0,0,,,
1/8/2023,2:30 PM,79,94,3,29.73,Rain,0,0,0,0,0,,,
1/8/2023,3:00 PM,82,84,9,29.7,Clear,0,0,0,0,0,,,
1/8/2023,3:30 PM,82,84,8,29.7,Clear,0,0,0,0,0,,,
1/8/2023,4:00 PM,81,84,8,29.7,Clear,0,0,0,0,0,,,
1/8/2023,4:30 PM,81,84,9,29.7,Clear,0,0,0,0,0,,,
1/8/2023,5:00 PM,81,84,8,29.7,Clear,0,0,0,0,0,,,
1/8/2023,5:30 PM,79,83,7,29.73,Clear,0,0,0,0,0,,,
1/8/2023,6:00 PM,79,83,7,29.73,Clear,0,0,0,0,0,,,
1/8/2023,6:30 PM,77,89,5,29.76,Clear,0,0,0,0,0,,,
1/8/2023,7:00 PM,77,89,6,29.76,Rain,0,0,0,0,0,,,
1/8/2023,7:30 PM,77,89,5,29.79,Clear,0,0,0,0,0,,,
1/8/2023,8:00 PM,75,94,3,29.79,Clear,0,0,0,0,0,,,
1/8/2023,8:30 PM,75,94,3,29.79,Clear,0,0,0,0,0,,,
1/8/2023,9:00 PM,75,94,3,29.79,Clear,0,0,0,0,0,,,
1/8/2023,9:30 PM,75,94,2,29.81,Clear,0,0,0,0,0,,,
1/8/2023,10:00 PM,75,94,0,29.81,Clear,0,0,0,0,0,,,
1/8/2023,10:30 PM,75,94,2,29.81,Clear,0,0,0,0,0,,,
1/8/2023,11:00 PM,75,94,3,29.81,Clear,0,0,0,0,0,,,
1/8/2023,11:30 PM,75,94,3,29.81,Clear,0,0,0,0,0,,,
1/9/2023,12:00 AM,75,94,5,29.81,Rain,0,0,0,0,0,,,
1/9/2023,12:30 AM,75,94,3,29.81,Rain,0,0,0,0,0,,,
1/9/2023,1:00 AM,73,100,5,29.81,Rain,0,0,0,0,0,,,
1/9/2023,1:30 AM,73,100,5,29.79,Rain,0,0,0,0,0,,,
1/9/2023,2:00 AM,73,100,3,29.79,Rain,0,0,0,0,0,,,
1/9/2023,2:30 AM,73,100,3,29.79,Rain,0,0,0,0,0,,,
1/9/2023,3:00 AM,73,100,0,29.76,Rain,0,0,0,0,0,,,
1/9/2023,3:30 AM,73,100,5,29.76,Rain,0,0,0,0,0,,,
1/9/2023,4:00 AM,73,100,2,29.76,Rain,0,0,0,0,0,,,
1/9/2023,4:30 AM,73,100,2,29.76,Rain,0,0,0,0,0,,,
1/9/2023,5:00 AM,73,100,2,29.76,Rain,0,0,0,0,0,,,
1/9/2023,5:30 AM,73,100,3,29.76,Rain,0,0,0,0,0,,,
1/9/2023,6:00 AM,73,100,5,29.76,Rain,0,0,0,0,0,,,
1/9/2023,6:30 AM,73,100,3,29.79,Rain,0,0,0,0,0,,,
1/9/2023,7:00 AM,73,100,5,29.79,Rain,0,0,0,0,0,,,
1/9/2023,7:30 AM,73,100,3,29.81,Rain,0,0,0,0,0,,,
1/9/2023,8:00 AM,73,100,3,29.81,Clear,0,0,0,0,0,,,
1/9/2023,8:30 AM,75,100,0,29.84,Clear,0,0,0,0,0,,,
1/9/2023,9:00 AM,75,100,0,29.84,Clear,0,0,0,0,0,,,
1/9/2023,9:30 AM,77,94,5,29.84,Clear,0,0,0,0,0,,,
1/9/2023,10:00 AM,79,94,6,29.81,Clear,0,0,0,0,0,,,
1/9/2023,10:30 AM,81,89,6,29.81,Clear,0,0,0,0,0,,,
1/9/2023,11:00 AM,81,89,6,29.81,Clear,0,0,0,0,0,,,
1/9/2023,11:30 AM,81,89,7,29.81,Clear,0,0,0,0,0,,,
1/9/2023,12:00 PM,82,84,7,29.81,Clear,0,0,0,0,0,,,
1/9/2023,12:30 PM,82,84,6,29.79,Clear,0,0,0,0,0,,,
1/9/2023,1:00 PM,84,79,7,29.76,Clear,0,0,0,0,0,,,
1/9/2023,1:30 PM,82,84,6,29.76,Clear,0,0,0,0,0,,,
1/9/2023,2:00 PM,84,79,8,29.73,Clear,0,0,0,0,0,,,
1/9/2023,2:30 PM,84,79,9,29.73,Clear,0,0,0,0,0,,,
1/9/2023,3:00 PM,82,79,9,29.73,Clear,0,0,0,0,0,,,
1/9/2023,3:30 PM,82,79,10,29.73,Clear,0,0,0,0,0,,,
1/9/2023,4:00 PM,82,79,8,29.73,Clear,0,0,0,0,0,,,
1/9/2023,4:30 PM,82,79,10,29.73,Clear,0,0,0,0,0,,,
1/9/2023,5:00 PM,82,79,7,29.73,Clear,0,0,0,0,0,,,
1/9/2023,5:30 PM,81,79,8,29.73,Clear,0,0,0,0,0,,,
1/9/2023,6:00 PM,79,89,5,29.73,Clear,0,0,0,0,0,,,
1/9/2023,6:30 PM,79,89,6,29.76,Clear,0,0,0,0,0,,,
1/9/2023,7:00 PM,79,89,5,29.76,Clear,0,0,0,0,0,,,
1/9/2023,7:30 PM,77,94,5,29.76,Clear,0,0,0,0,0,,,
1/9/2023,8:00 PM,77,94,3,29.79,Clear,0,0,0,0,0,,,
1/9/2023,8:30 PM,77,94,2,29.79,Clear,0,0,0,0,0,,,
1/9/2023,9:00 PM,77,94,2,29.81,Clear,0,0,0,0,0,,,
1/9/2023,9:30 PM,77,94,0,29.81,Clear,0,0,0,0,0,,,
1/9/2023,10:00 PM,77,94,3,29.81,Clear,0,0,0,0,0,,,
1/9/2023,10:30 PM,77,94,3,29.81,Clear,0,0,0,0,0,,,
1/9/2023,11:00 PM,75,100,3,29.81,Clear,0,0,0,0,0,,,
1/9/2023,11:30 PM,77,94,3,29.81,Clear,0,0,0,0,0,,,
1/10/2023,12:00 AM,75,100,2,29.81,Clear,0,0,0,0,0,,,
1/10/2023,12:30 AM,75,100,2,29.79,Clear,0,0,0,0,0,,,
1/10/2023,1:00 AM,75,100,0,29.79,Clear,0,0,0,0,0,,,
1/10/2023,1:30 AM,75,100,0,29.79,Clear,0,0,0,0,0,,,
1/10/2023,2:00 AM,75,94,2,29.76,Clear,0,0,0,0,0,,,
1/10/2023,2:30 AM,75,94,2,29.76,Clear,0,0,0,0,0,,,
1/10/2023,3:00 AM,75,100,2,29.76,Clear,0,0,0,0,0,,,
1/10/2023,3:30 AM,75,100,2,29.76,Clear,0,0,0,0,0,,,
1/10/2023,4:00 AM,75,100,2,29.76,Clear,0,0,0,0,0,,,
1/10/2023,4:30 AM,75,100,3,29.76,Clear,0,0,0,0,0,,,
1/10/2023,5:00 AM,75,100,3,29.76,Clear,0,0,0,0,0,,,
1/10/2023,5:30 AM,75,100,0,29.76,Clear,0,0,0,0,0,,,
1/10/2023,6:00 AM,75,94,2,29.76,Clear,0,0,0,0,0,,,
1/10/2023,6:30 AM,75,94,3,29.76,Clear,0,0,0,0,0,,,
1/10/2023,7:00 AM,75,94,2,29.76,Clear,0,0,0,0,0,,,
1/10/2023,7:30 AM,75,100,2,29.79,Clear,0,0,0,0,0,,,
1/10/2023,8:00 AM,77,94,2,29.79,Clear,0,0,0,0,0,,,
1/10/2023,8:30 AM,79,94,2,29.81,Clear,0,0,0,0,0,,,
1/10/2023,9:00 AM,79,94,0,29.81,Clear,0,0,0,0,0,,,
1/10/2023,9:30 AM,81,89,5,29.81,Clear,0,0,0,0,0,,,
1/10/2023,10:00 AM,81,89,7,29.81,Rain,0,0,0,0,0,,,
1/10/2023,10:30 AM,77,94,7,29.81,Rain,0,0,0,0,0,,,
1/10/2023,11:00 AM,75,100,3,29.81,Rain,0,0,0,0,0,,,
1/10/2023,11:30 AM,77,94,3,29.79,Rain,0,0,0,0,0,,,
1/10/2023,12:00 PM,79,94,0,29.79,Rain,0,0,0,0,0,,,
1/10/2023,12:30 PM,79,94,5,29.79,Rain,0,0,0,0,0,,,
1/10/2023,1:00 PM,81,89,3,29.76,Clear,0,0,0,0,0,,,
1/10/2023,1:30 PM,82,84,2,29.73,Clear,0,0,0,0,0,,,
1/10/2023,2:00 PM,82,89,2,29.73,Clear,0,0,0,0,0,,,
1/10/2023,2:30 PM,84,84,2,29.7,Clear,0,0,0,0,0,,,
1/10/2023,3:00 PM,84,79,1,29.7,Clear,0,0,0,0,0,,,
1/10/2023,3:30 PM,84,79,5,29.7,Clear,0,0,0,0,0,,,
1/10/2023,4:00 PM,84,79,6,29.67,Clear,0,0,0,0,0,,,
1/10/2023,4:30 PM,84,79,7,29.67,Clear,0,0,0,0,0,,,
1/10/2023,5:00 PM,82,79,7,29.7,Clear,0,0,0,0,0,,,
1/10/2023,5:30 PM,82,79,6,29.7,Clear,0,0,0,0,0,,,
1/10/2023,6:00 PM,81,84,6,29.73,Clear,0,0,0,0,0,,,
1/10/2023,6:30 PM,81,84,3,29.73,Clear,0,0,0,0,0,,,
1/10/2023,7:00 PM,81,84,3,29.73,Clear,0,0,0,0,0,,,
1/10/2023,7:30 PM,79,89,0,29.76,Clear,0,0,0,0,0,,,
1/10/2023,8:00 PM,77,94,2,29.76,Clear,0,0,0,0,0,,,
1/10/2023,8:30 PM,79,89,2,29.76,Clear,0,0,0,0,0,,,
1/10/2023,9:00 PM,77,94,0,29.79,Clear,0,0,0,0,0,,,
1/10/2023,9:30 PM,77,94,2,29.79,Clear,0,0,0,0,0,,,
1/10/2023,10:00 PM,77,94,2,29.79,Clear,0,0,0,0,0,,,
1/10/2023,10:30 PM,77,94,1,29.79,Clear,0,0,0,0,0,,,
1/10/2023,11:00 PM,77,94,1,29.79,Clear,0,0,0,0,0,,,
1/10/2023,11:30 PM,75,100,1,29.79,Clear,0,0,0,0,0,,,
1/11/2023,12:00 AM,75,100,0,29.79,Clear,0,0,0,0,0,,,
1/11/2023,12:30 AM,75,94,3,29.79,Clear,0,0,0,0,0,,,
1/11/2023,1:00 AM,75,94,3,29.79,Clear,0,0,0,0,0,,,
1/11/2023,1:30 AM,75,100,3,29.76,Clear,0,0,0,0,0,,,
1/11/2023,2:00 AM,75,100,2,29.76,Clear,0,0,0,0,0,,,
1/11/2023,2:30 AM,75,94,0,29.76,Clear,0,0,0,0,0,,,
1/11/2023,3:00 AM,73,100,2,29.73,Clear,0,0,0,0,0,,,
1/11/2023,3:30 AM,75,94,1,29.73,Clear,0,0,0,0,0,,,
1/11/2023,4:00 AM,73,100,0,29.73,Clear,0,0,0,0,0,,,
1/11/2023,4:30 AM,73,100,0,29.73,Clear,0,0,0,0,0,,,
1/11/2023,5:00 AM,73,100,0,29.73,Clear,0,0,0,0,0,,,
1/11/2023,5:30 AM,72,100,0,29.73,Clear,0,0,0,0,0,,,
1/11/2023,6:00 AM,72,100,0,29.73,Clear,0,0,0,0,0,,,
1/11/2023,6:30 AM,72,100,1,29.73,Mist,0,0,0,0,0,,,
1/11/2023,7:00 AM,72,100,0,29.73,Mist,0,0,0,0,0,,,
1/11/2023,7:30 AM,73,100,1,29.76,Mist,0,0,0,0,0,,,
1/11/2023,8:00 AM,75,100,0,29.76,Mist,0,0,0,0,0,,,
1/11/2023,8:30 AM,77,100,0,29.79,Mist,0,0,0,0,0,,,
1/11/2023,9:00 AM,81,89,2,29.79,Clear,0,0,0,0,0,,,
1/11/2023,9:30 AM,82,89,0,29.79,Clear,0,0,0,0,0,,,
1/11/2023,10:00 AM,84,84,2,29.79,Clear,0,0,0,0,0,,,
1/11/2023,10:30 AM,84,84,3,29.79,Clear,0,0,0,0,0,,,
1/11/2023,11:00 AM,88,75,3,29.79,Clear,0,0,0,0,0,,,
1/11/2023,11:30 AM,88,75,3,29.76,Clear,0,0,0,0,0,,,
1/11/2023,12:00 PM,86,74,5,29.76,Clear,0,0,0,0,0,,,
1/11/2023,12:30 PM,88,75,5,29.73,Clear,0,0,0,0,0,,,
1/11/2023,1:00 PM,88,70,3,29.73,Clear,0,0,0,0,0,,,
1/11/2023,1:30 PM,91,63,7,29.7,Clear,0,0,0,0,0,,,
1/11/2023,2:00 PM,90,62,7,29.7,Clear,0,0,0,0,0,,,
1/11/2023,2:30 PM,88,66,8,29.67,Clear,0,0,0,0,0,,,
1/11/2023,3:00 PM,88,66,7,29.67,Clear,0,0,0,0,0,,,
1/11/2023,3:30 PM,88,66,8,29.64,Clear,0,0,0,0,0,,,
1/11/2023,4:00 PM,86,70,8,29.64,Rain,0,0,0,0,0,,,
1/11/2023,4:30 PM,86,70,8,29.64,Rain,0,0,0,0,0,,,
1/11/2023,5:00 PM,84,74,7,29.64,Clear,0,0,0,0,0,,,
1/11/2023,5:30 PM,84,74,7,29.67,Clear,0,0,0,0,0,,,
1/11/2023,6:00 PM,82,79,5,29.67,Rain,0,0,0,0,0,,,
1/11/2023,6:30 PM,81,84,5,29.67,Clear,0,0,0,0,0,,,
1/11/2023,7:00 PM,81,84,5,29.7,Clear,0,0,0,0,0,,,
1/11/2023,7:30 PM,79,89,2,29.7,Clear,0,0,0,0,0,,,
1/11/2023,8:00 PM,79,89,2,29.73,Clear,0,0,0,0,0,,,
1/11/2023,8:30 PM,77,94,2,29.73,Clear,0,0,0,0,0,,,
1/11/2023,9:00 PM,77,94,3,29.76,Clear,0,0,0,0,0,,,
1/11/2023,9:30 PM,77,94,2,29.76,Clear,0,0,0,0,0,,,
1/11/2023,10:00 PM,77,94,2,29.79,Clear,0,0,0,0,0,,,
1/11/2023,10:30 PM,77,94,3,29.79,Clear,0,0,0,0,0,,,
1/11/2023,11:00 PM,77,94,0,29.79,Clear,0,0,0,0,0,,,
1/11/2023,11:30 PM,77,94,2,29.79,Clear,0,0,0,0,0,,,
1/12/2023,12:00 AM,77,94,2,29.79,Clear,0,0,0,0,0,,,
1/12/2023,12:30 AM,75,100,3,29.76,Clear,0,0,0,0,0,,,
1/12/2023,1:00 AM,75,100,2,29.76,Clear,0,0,0,0,0,,,
1/12/2023,1:30 AM,75,94,0,29.76,Clear,0,0,0,0,0,,,
1/12/2023,2:00 AM,75,94,2,29.76,Clear,0,0,0,0,0,,,
1/12/2023,2:30 AM,73,100,0,29.73,Clear,0,0,0,0,0,,,
1/12/2023,3:00 AM,75,94,5,29.73,Clear,0,0,0,0,0,,,
1/12/2023,3:30 AM,75,94,5,29.73,Clear,0,0,0,0,0,,,
1/12/2023,4:00 AM,73,100,2,29.7,Clear,0,0,0,0,0,,,
1/12/2023,4:30 AM,73,100,0,29.7,Clear,0,0,0,0,0,,,
1/12/2023,5:00 AM,73,100,0,29.7,Clear,0,0,0,0,0,,,
1/12/2023,5:30 AM,73,100,0,29.7,Clear,0,0,0,0,0,,,
1/12/2023,6:00 AM,73,100,0,29.7,Mist,0,0,0,0,0,,,
1/12/2023,6:30 AM,73,94,0,29.7,Mist,0,0,0,0,0,,,
1/12/2023,7:00 AM,73,94,0,29.73,Mist,0,0,0,0,0,,,
1/12/2023,7:30 AM,75,94,0,29.73,Mist,0,0,0,0,0,,,
1/12/2023,8:00 AM,77,100,0,29.76,Mist,0,0,0,0,0,,,
1/12/2023,8:30 AM,79,94,2,29.76,Clear,0,0,0,0,0,,,
1/12/2023,9:00 AM,81,94,0,29.79,Clear,0,0,0,0,0,,,
1/12/2023,9:30 AM,82,89,2,29.79,Clear,0,0,0,0,0,,,
1/12/2023,10:00 AM,84,84,2,29.79,Clear,0,0,0,0,0,,,
1/12/2023,10:30 AM,86,79,3,29.79,Clear,0,0,0,0,0,,,
1/12/2023,11:00 AM,88,79,3,29.76,Clear,0,0,0,0,0,,,
1/12/2023,11:30 AM,90,70,6,29.76,Clear,0,0,0,0,0,,,
1/12/2023,12:00 PM,90,70,5,29.73,Clear,0,0,0,0,0,,,
1/12/2023,12:30 PM,90,66,7,29.73,Clear,0,0,0,0,0,,,
1/12/2023,1:00 PM,90,62,6,29.7,Clear,0,0,0,0,0,,,
1/12/2023,1:30 PM,91,63,9,29.7,Clear,0,0,0,0,0,,,
1/12/2023,2:00 PM,90,62,7,29.67,Clear,0,0,0,0,0,,,
1/12/2023,2:30 PM,90,62,7,29.67,Clear,0,0,0,0,0,,,
1/12/2023,3:00 PM,90,62,7,29.64,Clear,0,0,0,0,0,,,
1/12/2023,3:30 PM,90,62,8,29.64,Clear,0,0,0,0,0,,,
1/12/2023,4:00 PM,90,62,8,29.64,Clear,0,0,0,0,0,,,
1/12/2023,4:30 PM,90,62,8,29.64,Clear,0,0,0,0,0,,,
1/12/2023,5:00 PM,86,70,8,29.64,Clear,0,0,0,0,0,,,
1/12/2023,5:30 PM,84,70,7,29.67,Clear,0,0,0,0,0,,,
1/12/2023,6:00 PM,82,79,6,29.67,Clear,0,0,0,0,0,,,
1/12/2023,6:30 PM,82,79,10,29.67,Clear,0,0,0,0,0,,,
1/12/2023,7:00 PM,81,84,9,29.7,Clear,0,0,0,0,0,,,
1/12/2023,7:30 PM,81,84,3,29.7,Clear,0,0,0,0,0,,,
1/12/2023,8:00 PM,79,89,2,29.73,Clear,0,0,0,0,0,,,
1/12/2023,8:30 PM,79,89,0,29.73,Clear,0,0,0,0,0,,,
1/12/2023,9:00 PM,79,89,2,29.76,Clear,0,0,0,0,0,,,
1/12/2023,9:30 PM,79,89,2,29.76,Clear,0,0,0,0,0,,,
1/12/2023,10:00 PM,79,89,0,29.76,Clear,0,0,0,0,0,,,
1/12/2023,10:30 PM,77,94,0,29.76,Clear,0,0,0,0,0,,,
1/12/2023,11:00 PM,77,94,2,29.76,Clear,0,0,0,0,0,,,
1/12/2023,11:30 PM,77,94,3,29.76,Clear,0,0,0,0,0,,,
01/13/2023,12:00 AM,77,94,2,29.79,Clear,0,0,0,0,0,,,
01/13/2023,12:30 AM,77,94,0,29.76,Clear,0,0,0,0,0,,,
01/13/2023,1:00 AM,77,94,2,29.76,Clear,0,0,0,0,0,,,
01/13/2023,1:30 AM,77,94,0,29.76,Clear,0,0,0,0,0,,,
01/13/2023,2:00 AM,77,94,2,29.73,Clear,0,0,0,0,0,,,
01/13/2023,2:30 AM,77,94,2,29.73,Clear,0,0,0,0,0,,,
01/13/2023,3:00 AM,77,94,3,29.73,Clear,0,0,0,0,0,,,
01/13/2023,3:30 AM,77,94,3,29.73,Clear,0,0,0,0,0,,,
01/13/2023,4:00 AM,77,94,0,29.73,Clear,0,0,0,0,0,,,
01/13/2023,4:30 AM,77,94,0,29.73,Clear,0,0,0,0,0,,,
01/13/2023,5:00 AM,77,94,2,29.73,Clear,0,0,0,0,0,,,
01/13/2023,5:30 AM,77,94,2,29.76,Clear,0,0,0,0,0,,,
01/13/2023,6:00 AM,75,100,2,29.73,Clear,0,0,0,0,0,,,
01/13/2023,6:30 AM,75,100,0,29.76,Clear,0,0,0,0,0,,,
01/13/2023,7:00 AM,75,100,2,29.76,Clear,0,0,0,0,0,,,
01/13/2023,7:30 AM,77,94,0,29.79,Clear,0,0,0,0,0,,,
01/13/2023,8:00 AM,77,100,1,29.79,Clear,0,0,0,0,0,,,
01/13/2023,8:30 AM,79,94,0,29.79,Clear,0,0,0,0,0,,,
01/13/2023,9:00 AM,81,94,2,29.81,Clear,0,0,0,0,0,,,
01/13/2023,9:30 AM,82,89,0,29.81,Clear,0,0,0,0,0,,,
01/13/2023,10:00 AM,84,84,2,29.81,Clear,0,0,0,0,0,,,
01/13/2023,10:30 AM,86,84,2,29.81,Clear,0,0,0,0,0,,,
01/13/2023,11:00 AM,86,84,3,29.79,Clear,0,0,0,0,0,,,
01/13/2023,11:30 AM,88,75,3,29.79,Clear,0,0,0,0,0,,,
01/13/2023,12:00 PM,90,75,2,29.79,Clear,0,0,0,0,0,,,
01/13/2023,12:30 PM,90,70,6,29.76,Clear,0,0,0,0,0,,,
01/13/2023,1:00 PM,91,66,3,29.76,Clear,0,0,0,0,0,,,
01/13/2023,1:30 PM,90,66,6,29.73,Clear,0,0,0,0,0,,,
01/13/2023,2:00 PM,88,70,10,29.73,Clear,0,0,0,0,0,,,
01/13/2023,2:30 PM,88,66,9,29.7,Clear,0,0,0,0,0,,,
01/13/2023,3:00 PM,88,66,10,29.67,Clear,0,0,0,0,0,,,
01/13/2023,3:30 PM,86,66,10,29.67,Clear,0,0,0,0,0,,,
01/13/2023,4:00 PM,88,66,10,29.67,Clear,0,0,0,0,0,,,
01/13/2023,4:30 PM,86,66,12,29.67,Clear,0,0,0,0,0,,,
01/13/2023,5:00 PM,84,70,6,29.7,Clear,0,0,0,0,0,,,
01/13/2023,5:30 PM,82,74,6,29.7,Clear,0,0,0,0,0,,,
01/13/2023,6:00 PM,82,74,5,29.7,Clear,0,0,0,0,0,,,
01/13/2023,6:30 PM,81,79,3,29.73,Clear,0,0,0,0,0,,,
01/13/2023,7:00 PM,81,79,2,29.73,Clear,0,0,0,0,0,,,
01/13/2023,7:30 PM,81,79,3,29.73,Clear,0,0,0,0,0,,,
01/13/2023,8:00 PM,81,79,3,29.76,Clear,0,0,0,0,0,,,
01/13/2023,8:30 PM,79,89,5,29.76,Clear,0,0,0,0,0,,,
01/13/2023,9:00 PM,79,83,2,29.79,Clear,0,0,0,0,0,,,
01/13/2023,9:30 PM,77,89,0,29.79,Clear,0,0,0,0,0,,,
01/13/2023,10:00 PM,75,94,0,29.79,Clear,0,0,0,0,0,,,
01/13/2023,10:30 PM,75,94,0,29.79,Clear,0,0,0,0,0,,,
01/13/2023,11:00 PM,75,94,3,29.79,Clear,0,0,0,0,0,,,
01/13/2023,11:30 PM,75,94,3,29.79,Clear,0,0,0,0,0,,,
01/14/2023,12:00 AM,75,94,2,29.76,Clear,0,0,0,0,0,,,
01/14/2023,12:30 AM,75,94,2,29.76,Clear,0,0,0,0,0,,,
01/14/2023,1:00 AM,73,100,2,29.76,Clear,0,0,0,0,0,,,
01/14/2023,1:30 AM,73,100,0,29.76,Clear,0,0,0,0,0,,,
01/14/2023,2:00 AM,73,100,0,29.73,Clear,0,0,0,0,0,,,
01/14/2023,2:30 AM,73,100,0,29.73,Clear,0,0,0,0,0,,,
01/14/2023,3:00 AM,73,94,0,29.7,Clear,0,0,0,0,0,,,
01/14/2023,3:30 AM,73,94,0,29.7,Clear,0,0,0,0,0,,,
01/14/2023,4:00 AM,73,94,2,29.7,Clear,0,0,0,0,0,,,
01/14/2023,4:30 AM,73,94,2,29.7,Clear,0,0,0,0,0,,,
01/14/2023,5:00 AM,73,94,0,29.73,Clear,0,0,0,0,0,,,
01/14/2023,5:30 AM,73,94,2,29.73,Clear,0,0,0,0,0,,,
01/14/2023,6:00 AM,72,100,0,29.73,Clear,0,0,0,0,0,,,
01/14/2023,6:30 AM,72,100,0,29.73,Clear,0,0,0,0,0,,,
01/14/2023,7:00 AM,72,100,2,29.73,Clear,0,0,0,0,0,,,
01/14/2023,7:30 AM,73,100,2,29.76,Clear,0,0,0,0,0,,,
01/14/2023,8:00 AM,77,94,2,29.76,Clear,0,0,0,0,0,,,
01/14/2023,8:30 AM,79,94,0,29.79,Clear,0,0,0,0,0,,,
01/14/2023,9:00 AM,81,94,0,29.79,Clear,0,0,0,0,0,,,
01/14/2023,9:30 AM,84,89,2,29.79,Clear,0,0,0,0,0,,,
01/14/2023,10:00 AM,84,84,3,29.79,Clear,2,1,0,1,1,,,
01/14/2023,10:30 AM,86,79,3,29.79,Clear,0,0,0,0,0,,,
01/14/2023,11:00 AM,88,75,3,29.79,Clear,0,0,0,0,0,,,
01/14/2023,11:30 AM,90,70,3,29.76,Clear,0,0,0,0,0,,,
01/14/2023,12:00 PM,90,66,5,29.76,Clear,0,0,0,0,0,,,
01/14/2023,12:30 PM,91,63,6,29.73,Clear,0,0,0,0,0,,,
01/14/2023,1:00 PM,91,63,6,29.73,Clear,0,0,0,0,0,,,
01/14/2023,1:30 PM,91,55,3,29.7,Clear,0,0,0,0,0,,,
01/14/2023,2:00 PM,91,55,3,29.67,Clear,0,0,0,0,0,,,
01/14/2023,2:30 PM,93,52,6,29.67,Clear,0,0,0,0,0,,,
01/14/2023,3:00 PM,91,55,6,29.64,Clear,0,0,0,0,0,,,
01/14/2023,3:30 PM,93,49,7,29.64,Clear,0,0,0,0,0,,,
01/14/2023,4:00 PM,91,52,8,29.61,Clear,0,0,0,0,0,,,
01/14/2023,4:30 PM,90,59,9,29.61,Clear,0,0,0,0,0,,,
01/14/2023,5:00 PM,88,62,8,29.64,Clear,0,0,0,0,0,,,
01/14/2023,5:30 PM,86,66,7,29.64,Clear,0,0,0,0,0,,,
01/14/2023,6:00 PM,84,70,6,29.67,Clear,0,0,0,0,0,,,
01/14/2023,6:30 PM,84,70,3,29.67,Clear,0,0,0,0,0,,,
01/14/2023,7:00 PM,81,79,3,29.67,Clear,0,0,0,0,0,,,
01/14/2023,7:30 PM,79,83,2,29.7,Clear,0,0,0,0,0,,,
01/14/2023,8:00 PM,77,89,0,29.7,Clear,0,0,0,0,0,,,
01/14/2023,8:30 PM,77,94,0,29.73,Clear,0,0,0,0,0,,,
01/14/2023,9:00 PM,77,89,3,29.73,Clear,0,0,0,0,0,,,
01/14/2023,9:30 PM,77,94,2,29.76,Clear,0,0,0,0,0,,,
01/14/2023,10:00 PM,77,94,1,29.76,Clear,0,0,0,0,0,,,
01/14/2023,10:30 PM,77,94,0,29.73,Clear,0,0,0,0,0,,,
01/14/2023,11:00 PM,75,94,2,29.73,Clear,0,0,0,0,0,,,
01/14/2023,11:30 PM,75,94,2,29.73,Clear,0,0,0,0,0,,,
01/15/2023,12:00 AM,75,94,3,29.73,Clear,0,0,0,0,0,,,
01/15/2023,12:30 AM,75,94,0,29.73,Clear,0,0,0,0,0,,,
01/15/2023,1:00 AM,75,100,2,29.73,Clear,0,0,0,0,0,,,
01/15/2023,1:30 AM,75,100,2,29.73,Clear,0,0,0,0,0,,,
01/15/2023,2:00 AM,75,100,0,29.7,Clear,0,0,0,0,0,,,
01/15/2023,2:30 AM,75,100,0,29.67,Clear,0,0,0,0,0,,,
01/15/2023,3:00 AM,75,100,3,29.67,Clear,0,0,0,0,0,,,
01/15/2023,3:30 AM,75,100,5,29.67,Clear,0,0,0,0,0,,,
01/15/2023,4:00 AM,75,100,0,29.67,Clear,0,0,0,0,0,,,
01/15/2023,4:30 AM,75,100,0,29.67,Clear,0,0,0,0,0,,,
01/15/2023,5:00 AM,75,94,0,29.67,Clear,0,0,0,0,0,,,
01/15/2023,5:30 AM,75,94,2,29.7,Clear,0,0,0,0,0,,,
01/15/2023,6:00 AM,75,94,2,29.7,Clear,0,0,0,0,0,,,
01/15/2023,6:30 AM,73,100,0,29.7,Clear,0,0,0,0,0,,,
01/15/2023,7:00 AM,73,100,2,29.7,Clear,0,0,0,0,0,,,
01/15/2023,7:30 AM,77,94,2,29.7,Clear,0,0,0,0,0,,,
01/15/2023,8:00 AM,77,94,2,29.73,Clear,0,0,0,0,0,,,
01/15/2023,8:30 AM,79,94,2,29.73,Clear,0,0,0,0,0,,,
01/15/2023,9:00 AM,81,94,3,29.73,Clear,0,0,0,0,0,,,
01/15/2023,9:30 AM,82,89,2,29.76,Clear,0,0,0,0,0,,,
01/15/2023,10:00 AM,84,84,2,29.76,Clear,0,0,0,0,0,,,
01/15/2023,10:30 AM,88,79,3,29.76,Clear,0,0,0,0,0,,,
01/15/2023,11:00 AM,90,75,2,29.73,Clear,0,0,0,0,0,,,
01/15/2023,11:30 AM,91,71,3,29.73,Clear,0,0,0,0,0,,,
01/15/2023,12:00 PM,91,71,5,29.73,Clear,0,0,0,0,0,,,
01/15/2023,12:30 PM,93,63,3,29.7,Clear,0,0,0,0,0,,,
01/15/2023,1:00 PM,90,66,3,29.67,Clear,0,0,0,0,0,,,
01/15/2023,1:30 PM,91,63,3,29.67,Clear,0,0,0,0,0,,,
01/15/2023,2:00 PM,95,56,5,29.64,Clear,0,0,0,0,0,,,
01/15/2023,2:30 PM,95,53,3,29.64,Clear,0,0,0,0,0,,,
01/15/2023,3:00 PM,91,63,10,29.61,Clear,0,0,0,0,0,,,
01/15/2023,3:30 PM,90,66,8,29.61,Clear,0,0,0,0,0,,,
01/15/2023,4:00 PM,90,66,9,29.61,Clear,0,0,0,0,0,,,
01/15/2023,4:30 PM,88,70,9,29.61,Clear,0,0,0,0,0,,,
01/15/2023,5:00 PM,86,74,8,29.64,Clear,0,0,0,0,0,,,
01/15/2023,5:30 PM,86,74,7,29.64,Clear,0,0,0,0,0,,,
01/15/2023,6:00 PM,84,74,5,29.67,Clear,0,0,0,0,0,,,
01/15/2023,6:30 PM,84,74,5,29.67,Clear,0,0,0,0,0,,,
01/15/2023,7:00 PM,82,84,6,29.67,Clear,0,0,0,0,0,,,
01/15/2023,7:30 PM,82,79,5,29.7,Clear,0,0,0,0,0,,,
01/15/2023,8:00 PM,81,89,5,29.7,Clear,0,0,0,0,0,,,
01/15/2023,9:00 PM,79,89,0,29.73,Clear,0,0,0,0,0,,,
01/15/2023,9:30 PM,79,89,2,29.73,Clear,0,0,0,0,0,,,
01/15/2023,10:00 PM,77,94,0,29.76,Clear,0,0,0,0,0,,,
01/15/2023,10:30 PM,77,94,2,29.76,Clear,0,0,0,0,0,,,
01/15/2023,11:00 PM,77,94,2,29.76,Clear,0,0,0,0,0,,,
01/15/2023,11:30 PM,79,94,3,29.73,Clear,0,0,0,0,0,,,
01/16/2023,12:00 AM,77,94,3,29.73,Clear,0,0,0,0,0,,,
01/16/2023,12:30 AM,77,94,2,29.73,Clear,0,0,0,0,0,,,
01/16/2023,1:00 AM,77,94,3,29.73,Clear,0,0,0,0,0,,,
01/16/2023,1:30 AM,77,94,5,29.73,Clear,0,0,0,0,0,,,
01/16/2023,2:00 AM,77,94,2,29.7,Clear,0,0,0,0,0,,,
01/16/2023,2:30 AM,77,94,2,29.7,Clear,0,0,0,0,0,,,
01/16/2023,3:00 AM,77,94,3,29.7,Clear,0,0,0,0,0,,,
01/16/2023,3:30 AM,75,100,1,29.7,Clear,0,0,0,0,0,,,
01/16/2023,4:00 AM,75,100,0,29.7,Clear,0,0,0,0,0,,,
01/16/2023,4:30 AM,77,94,0,29.7,Clear,0,0,0,0,0,,,
01/16/2023,5:00 AM,75,100,3,29.7,Clear,0,0,0,0,0,,,
01/16/2023,5:30 AM,75,100,0,29.7,Clear,0,0,0,0,0,,,
01/16/2023,6:00 AM,75,100,3,29.7,Clear,0,0,0,0,0,,,
01/16/2023,6:30 AM,75,100,0,29.73,Clear,0,0,0,0,0,,,
01/16/2023,7:00 AM,75,100,6,29.73,Rain,0,0,0,0,0,,,
01/16/2023,7:30 AM,77,100,3,29.76,Clear,0,0,0,0,0,,,
01/16/2023,8:00 AM,77,100,0,29.76,Clear,0,0,0,0,0,,,
01/16/2023,8:30 AM,79,94,0,29.79,Clear,0,0,0,0,0,,,
01/16/2023,9:00 AM,81,89,2,29.79,Clear,0,0,0,0,0,,,
01/16/2023,9:30 AM,82,84,7,29.81,Clear,0,0,0,0,0,,,
01/16/2023,10:00 AM,82,84,7,29.81,Clear,0,0,0,0,0,,,
01/16/2023,10:30 AM,84,79,8,29.79,Clear,0,0,0,0,0,,,
01/16/2023,11:00 AM,86,79,6,29.79,Clear,0,0,0,0,0,,,
01/16/2023,11:30 AM,88,70,8,29.79,Clear,0,0,0,0,0,,,
01/16/2023,12:00 PM,88,70,12,29.79,Clear,0,0,0,0,0,,,
01/16/2023,12:30 PM,88,66,10,29.76,Clear,0,0,0,0,0,,,
01/16/2023,1:00 PM,88,66,12,29.76,Clear,0,0,0,0,0,,,
01/16/2023,1:30 PM,88,66,12,29.73,Clear,0,0,0,0,0,,,
01/16/2023,2:00 PM,88,66,12,29.73,Clear,0,0,0,0,0,,,
01/16/2023,2:30 PM,86,66,15,29.7,Clear,0,0,0,0,0,,,
01/16/2023,3:00 PM,88,62,13,29.7,Clear,0,0,0,0,0,,,
01/16/2023,3:30 PM,86,66,10,29.7,Clear,0,0,0,0,0,,,
01/16/2023,4:00 PM,88,62,9,29.7,Clear,0,0,0,0,0,,,
01/16/2023,4:30 PM,88,62,13,29.67,Clear,0,0,0,0,0,,,
01/16/2023,5:00 PM,86,62,12,29.7,Clear,0,0,0,0,0,,,
01/16/2023,5:30 PM,86,62,9,29.7,Clear,0,0,0,0,0,,,
01/16/2023,6:00 PM,84,66,8,29.7,Clear,0,0,0,0,0,,,
01/16/2023,6:30 PM,82,70,7,29.73,Clear,0,0,0,0,0,,,
01/16/2023,7:00 PM,81,74,5,29.73,Clear,0,0,0,0,0,,,
01/16/2023,7:30 PM,81,74,5,29.73,Clear,0,0,0,0,0,,,
01/16/2023,8:00 PM,79,78,3,29.76,Clear,0,0,0,0,0,,,
01/16/2023,8:30 PM,75,89,0,29.76,Clear,0,0,0,0,0,,,
01/16/2023,9:00 PM,73,88,5,29.79,Clear,0,0,0,0,0,,,
01/16/2023,9:30 PM,73,94,5,29.79,Clear,0,0,0,0,0,,,
01/16/2023,10:00 PM,73,88,5,29.79,Clear,0,0,0,0,0,,,
01/16/2023,10:30 PM,72,94,3,29.79,Clear,0,0,0,0,0,,,
01/16/2023,11:00 PM,72,94,2,29.79,Clear,0,0,0,0,0,,,
01/16/2023,11:30 PM,72,94,0,29.79,Clear,0,0,0,0,0,,,
01/17/2023,12:00 AM,70,100,0,29.79,Clear,0,0,0,0,0,,,
01/17/2023,12:30 AM,70,100,0,29.79,Clear,0,0,0,0,0,,,
01/17/2023,1:00 AM,70,94,2,29.76,Clear,0,0,0,0,0,,,
01/17/2023,1:30 AM,70,94,2,29.76,Clear,0,0,0,0,0,,,
01/17/2023,2:00 AM,70,94,2,29.76,Clear,0,0,0,0,0,,,
01/17/2023,2:30 AM,70,94,1,29.73,Clear,0,0,0,0,0,,,
01/17/2023,3:00 AM,68,100,0,29.73,Clear,0,0,0,0,0,,,
01/17/2023,3:30 AM,68,100,0,29.73,Clear,0,0,0,0,0,,,
01/17/2023,4:00 AM,68,94,2,29.73,Clear,0,0,0,0,0,,,
01/17/2023,4:30 AM,66,100,2,29.76,Clear,0,0,0,0,0,,,
01/17/2023,5:00 AM,66,100,1,29.76,Clear,0,0,0,0,0,,,
01/17/2023,5:30 AM,66,100,2,29.76,Clear,0,0,0,0,0,,,
01/17/2023,6:00 AM,66,100,2,29.76,Clear,0,0,0,0,0,,,
01/17/2023,6:30 AM,66,100,2,29.79,Clear,0,0,0,0,0,,,
01/17/2023,7:00 AM,66,100,2,29.79,Clear,0,0,0,0,0,,,
01/17/2023,7:30 AM,68,94,2,29.79,Clear,0,0,0,0,0,,,
01/17/2023,8:00 AM,70,100,2,29.81,Clear,0,0,0,0,0,,,
01/17/2023,8:30 AM,73,94,0,29.81,Clear,0,0,0,0,0,,,
01/17/2023,9:00 AM,77,94,2,29.81,Clear,0,0,0,0,0,,,
01/17/2023,9:30 AM,81,89,2,29.84,Clear,0,0,0,0,0,,,
01/17/2023,10:00 AM,84,79,2,29.81,Clear,0,0,0,0,0,,,
01/17/2023,10:30 AM,84,79,3,29.81,Clear,0,0,0,0,0,,,
01/17/2023,11:00 AM,84,74,6,29.81,Clear,0,0,0,0,0,,,
01/17/2023,11:30 AM,84,74,6,29.81,Clear,0,0,0,0,0,,,
01/17/2023,12:00 PM,86,70,8,29.79,Clear,0,0,0,0,0,,,
01/17/2023,12:30 PM,88,66,9,29.79,Clear,0,0,0,0,0,,,
01/17/2023,1:00 PM,88,58,10,29.76,Clear,0,0,0,0,0,,,
01/17/2023,1:30 PM,90,55,12,29.76,Clear,0,0,0,0,0,,,
01/17/2023,2:00 PM,90,52,12,29.73,Clear,0,0,0,0,0,,,
01/17/2023,2:30 PM,90,52,13,29.73,Clear,0,0,0,0,0,,,
01/17/2023,3:00 PM,90,52,12,29.7,Clear,0,0,0,0,0,,,
01/17/2023,3:30 PM,88,58,12,29.7,Clear,0,0,0,0,0,,,
01/17/2023,4:00 PM,88,58,13,29.7,Clear,0,0,0,0,0,,,
01/17/2023,4:30 PM,86,62,14,29.7,Clear,0,0,0,0,0,,,
01/17/2023,5:00 PM,86,62,14,29.73,Clear,0,0,0,0,0,,,
01/17/2023,5:30 PM,84,66,13,29.73,Clear,0,0,0,0,0,,,
01/17/2023,6:00 PM,82,74,13,29.73,Clear,0,0,0,0,0,,,
01/17/2023,6:30 PM,82,70,10,29.76,Clear,0,0,0,0,0,,,
01/17/2023,7:00 PM,81,74,9,29.76,Clear,0,0,0,0,0,,,
01/17/2023,7:30 PM,81,74,8,29.76,Clear,0,0,0,0,0,,,
01/17/2023,8:00 PM,79,78,6,29.79,Clear,0,0,0,0,0,,,
01/17/2023,8:30 PM,79,78,6,29.79,Clear,0,0,0,0,0,,,
01/17/2023,9:00 PM,77,78,3,29.81,Clear,0,0,0,0,0,,,
01/17/2023,9:30 PM,73,88,0,29.81,Clear,0,0,0,0,0,,,
01/17/2023,10:00 PM,73,88,2,29.81,Clear,0,0,0,0,0,,,
01/17/2023,10:30 PM,73,88,2,29.81,Clear,0,0,0,0,0,,,
01/17/2023,11:00 PM,72,94,2,29.81,Clear,0,0,0,0,0,,,
01/17/2023,11:30 PM,72,94,2,29.81,Clear,0,0,0,0,0,,,
01/18/2023,12:00 AM,72,94,5,29.81,Clear,0,0,0,0,0,,,
01/18/2023,12:30 AM,72,94,5,29.81,Clear,0,0,0,0,0,,,
01/18/2023,1:00 AM,72,94,0,29.81,Clear,0,0,0,0,0,,,
01/18/2023,1:30 AM,72,94,2,29.79,Clear,0,0,0,0,0,,,
01/18/2023,2:00 AM,72,94,2,29.79,Clear,0,0,0,0,0,,,
01/18/2023,2:30 AM,72,94,3,29.79,Clear,0,0,0,0,0,,,
01/18/2023,3:00 AM,72,94,0,29.76,Clear,0,0,0,0,0,,,
01/18/2023,3:30 AM,72,94,0,29.76,Clear,0,0,0,0,0,,,
01/18/2023,4:00 AM,72,94,1,29.76,Clear,0,0,0,0,0,,,
01/18/2023,4:30 AM,70,100,3,29.76,Clear,0,0,0,0,0,,,
01/18/2023,5:00 AM,70,100,2,29.76,Clear,0,0,0,0,0,,,
01/18/2023,5:30 AM,72,94,2,29.76,Clear,0,0,0,0,0,,,
01/18/2023,6:00 AM,72,94,3,29.79,Clear,0,0,0,0,0,,,
01/18/2023,6:30 AM,72,94,3,29.79,Clear,0,0,0,0,0,,,
01/18/2023,7:00 AM,72,100,2,29.79,Clear,0,0,0,0,0,,,
01/18/2023,7:30 AM,73,100,2,29.79,Clear,0,0,0,0,0,,,
01/18/2023,8:00 AM,77,94,0,29.81,Clear,0,0,0,0,0,,,
01/18/2023,8:30 AM,79,89,3,29.81,Clear,0,0,0,0,0,,,
01/18/2023,9:00 AM,82,84,8,29.84,Clear,0,0,0,0,0,,,
01/18/2023,9:30 AM,84,79,10,29.84,Clear,0,0,0,0,0,,,
01/18/2023,10:00 AM,84,79,10,29.84,Clear,0,0,0,0,0,,,
01/18/2023,10:30 AM,86,74,13,29.84,Clear,0,0,0,0,0,,,
01/18/2023,11:00 AM,84,74,13,29.84,Rain,0,0,0,0,0,,,
01/18/2023,11:30 AM,84,74,14,29.84,Rain,0,0,0,0,0,,,
01/18/2023,12:00 PM,84,70,9,29.81,Rain,0,0,0,0,0,,,
01/18/2023,12:30 PM,84,70,12,29.81,Rain,0,0,0,0,0,,,
01/18/2023,1:00 PM,77,89,13,29.81,Rain,0,0,0,0,0,,,
01/18/2023,1:30 PM,81,89,9,29.79,Clear,0,0,0,0,0,,,
01/18/2023,2:00 PM,82,79,5,29.76,Rain,0,0,0,0,0,,,
01/18/2023,2:30 PM,86,74,8,29.73,Clear,0,0,0,0,0,,,
01/18/2023,3:00 PM,84,74,13,29.73,Clear,0,0,0,0,0,,,
01/18/2023,3:30 PM,84,70,16,29.73,Clear,0,0,0,0,0,,,
01/18/2023,4:00 PM,84,70,12,29.73,Clear,0,0,0,0,0,,,
01/18/2023,4:30 PM,84,70,14,29.73,Clear,0,0,0,0,0,,,
01/18/2023,5:00 PM,82,74,14,29.73,Clear,0,0,0,0,0,,,
01/18/2023,5:30 PM,84,70,12,29.73,Clear,0,0,0,0,0,,,
01/18/2023,6:00 PM,82,74,13,29.76,Clear,0,0,0,0,0,,,
01/18/2023,6:30 PM,81,79,8,29.76,Clear,0,0,0,0,0,,,
01/18/2023,7:00 PM,81,79,7,29.76,Clear,0,0,0,0,0,,,
01/18/2023,7:30 PM,81,79,5,29.79,Clear,0,0,0,0,0,,,
01/18/2023,8:00 PM,81,79,6,29.79,Clear,0,0,0,0,0,,,
01/18/2023,8:30 PM,81,79,6,29.79,Clear,0,0,0,0,0,,,
01/18/2023,9:00 PM,81,79,5,29.81,Clear,0,0,0,0,0,,,
01/18/2023,9:30 PM,81,79,7,29.81,Rain,0,0,0,0,0,,,
01/18/2023,10:00 PM,77,89,9,29.81,Rain,0,0,0,0,0,,,
01/18/2023,10:30 PM,77,89,3,29.84,Rain,0,0,0,0,0,,,
01/18/2023,11:00 PM,75,94,2,29.81,Clear,0,0,0,0,0,,,
01/18/2023,11:30 PM,75,94,1,29.81,Rain,0,0,0,0,0,,,
01/19/2023,12:00 AM,75,94,2,29.81,Clear,0,0,0,0,0,,,
01/19/2023,12:30 AM,75,94,5,29.81,Clear,0,0,0,0,0,,,
01/19/2023,1:00 AM,75,94,5,29.81,Rain,0,0,0,0,0,,,
01/19/2023,1:30 AM,75,94,3,29.79,Clear,0,0,0,0,0,,,
01/19/2023,2:00 AM,75,94,6,29.79,Rain,0,0,0,0,0,,,
01/19/2023,2:30 AM,73,94,2,29.79,Clear,0,0,0,0,0,,,
01/19/2023,3:00 AM,73,94,2,29.76,Clear,0,0,0,0,0,,,
01/19/2023,3:30 AM,73,94,2,29.76,Clear,0,0,0,0,0,,,
01/19/2023,4:00 AM,73,94,3,29.76,Clear,0,0,0,0,0,,,
01/19/2023,4:30 AM,72,100,2,29.76,Clear,0,0,0,0,0,,,
01/19/2023,5:00 AM,72,94,3,29.76,Clear,0,0,0,0,0,,,
01/19/2023,5:30 AM,72,100,0,29.76,Clear,0,0,0,0,0,,,
01/19/2023,6:00 AM,72,94,0,29.76,Clear,0,0,0,0,0,,,
01/19/2023,6:30 AM,70,100,0,29.76,Clear,0,0,0,0,0,,,
01/19/2023,7:00 AM,70,100,0,29.76,Clear,0,0,0,0,0,,,
01/19/2023,7:30 AM,72,100,0,29.79,Clear,0,0,0,0,0,,,
01/19/2023,8:00 AM,75,100,3,29.79,Clear,0,0,0,0,0,,,
01/19/2023,8:30 AM,79,94,2,29.81,Clear,0,0,0,0,0,,,
01/19/2023,9:00 AM,81,89,5,29.81,Clear,0,0,0,0,0,,,
01/19/2023,9:30 AM,82,84,2,29.81,Clear,0,0,0,0,0,,,
01/19/2023,10:00 AM,82,84,7,29.81,Clear,0,0,0,0,0,,,
01/19/2023,10:30 AM,84,74,12,29.81,Clear,0,0,0,0,0,,,
01/19/2023,11:00 AM,84,74,13,29.81,Clear,0,0,0,0,0,,,
01/19/2023,11:30 AM,86,70,13,29.81,Clear,0,0,0,0,0,,,
01/19/2023,12:00 PM,86,66,15,29.79,Clear,0,0,0,0,0,,,
01/19/2023,12:30 PM,86,66,15,29.79,Clear,0,0,0,0,0,,,
01/19/2023,1:00 PM,86,66,16,29.76,Clear,0,0,0,0,0,,,
01/19/2023,1:30 PM,88,62,15,29.76,Clear,0,0,0,0,0,,,
01/19/2023,2:00 PM,88,62,14,29.73,Clear,0,0,0,0,0,,,
01/19/2023,2:30 PM,88,62,15,29.73,Clear,0,0,0,0,0,,,
01/19/2023,3:00 PM,86,66,14,29.73,Clear,0,0,0,0,0,,,
01/19/2023,3:30 PM,86,66,15,29.73,Clear,0,0,0,0,0,,,
01/19/2023,4:00 PM,86,66,12,29.7,Clear,0,0,0,0,0,,,
01/19/2023,4:30 PM,84,70,9,29.7,Clear,0,0,0,0,0,,,
01/19/2023,5:00 PM,84,70,10,29.73,Clear,0,0,0,0,0,,,
01/19/2023,5:30 PM,82,74,8,29.73,Clear,0,0,0,0,0,,,
01/19/2023,6:00 PM,82,74,10,29.73,Clear,0,0,0,0,0,,,
01/19/2023,6:30 PM,81,79,7,29.76,Clear,0,0,0,0,0,,,
01/19/2023,7:00 PM,81,79,6,29.76,Clear,0,0,0,0,0,,,
01/19/2023,7:30 PM,81,79,7,29.76,Clear,0,0,0,0,0,,,
01/19/2023,8:00 PM,81,84,3,29.76,Clear,0,0,0,0,0,,,
01/19/2023,8:30 PM,79,83,5,29.79,Clear,0,0,0,0,0,,,
01/19/2023,9:00 PM,79,83,7,29.79,Clear,0,0,0,0,0,,,
01/19/2023,9:30 PM,79,83,6,29.79,Clear,0,0,0,0,0,,,
01/19/2023,10:00 PM,79,83,5,29.79,Clear,0,0,0,0,0,,,
01/19/2023,10:30 PM,79,83,5,29.79,Clear,0,0,0,0,0,,,
01/19/2023,11:00 PM,79,83,0,29.79,Clear,0,0,0,0,0,,,
01/19/2023,11:30 PM,77,89,5,29.79,Clear,0,0,0,0,0,,,
01/20/2023,12:00 AM,75,89,3,29.79,Clear,0,0,0,0,0,,,
01/20/2023,12:30 AM,75,89,3,29.79,Clear,0,0,0,0,0,,,
01/20/2023,1:00 AM,75,94,3,29.76,Clear,0,0,0,0,0,,,
01/20/2023,1:30 AM,75,94,6,29.76,Rain,0,0,0,0,0,,,
01/20/2023,2:00 AM,75,94,6,29.76,Rain,0,0,0,0,0,,,
01/20/2023,2:30 AM,75,94,6,29.73,Rain,0,0,0,0,0,,,
01/20/2023,3:00 AM,75,94,7,29.73,Rain,0,0,0,0,0,,,
01/20/2023,3:30 AM,75,94,7,29.73,Rain,0,0,0,0,0,,,
01/20/2023,4:00 AM,75,94,3,29.7,Rain,0,0,0,0,0,,,
01/20/2023,4:30 AM,75,94,2,29.7,Rain,0,0,0,0,0,,,
01/20/2023,5:00 AM,75,94,0,29.7,Rain,0,0,0,0,0,,,
01/20/2023,5:30 AM,75,94,2,29.73,Rain,0,0,0,0,0,,,
01/20/2023,6:00 AM,75,94,5,29.73,Rain,0,0,0,0,0,,,
01/20/2023,6:30 AM,75,94,3,29.73,Rain,0,0,0,0,0,,,
01/20/2023,7:00 AM,75,94,0,29.76,Rain,0,0,0,0,0,,,
01/20/2023,7:30 AM,75,100,5,29.79,Rain,0,0,0,0,0,,,
01/20/2023,8:00 AM,75,94,3,29.79,Rain,0,0,0,0,0,,,
01/20/2023,8:30 AM,75,94,2,29.79,Rain,0,0,0,0,0,,,
01/20/2023,9:00 AM,75,100,0,29.81,Clear,0,0,0,0,0,,,
01/20/2023,9:30 AM,77,94,0,29.81,Clear,0,0,0,0,0,,,
01/20/2023,10:00 AM,77,94,0,29.81,Clear,0,0,0,0,0,,,
01/20/2023,10:30 AM,77,94,0,29.81,Rain,0,0,0,0,0,,,
01/20/2023,11:00 AM,77,94,3,29.81,Rain,0,0,0,0,0,,,
01/20/2023,11:30 AM,77,94,5,29.81,Rain,0,0,0,0,0,,,
01/20/2023,12:00 PM,77,94,0,29.79,Clear,0,0,0,0,0,,,
01/20/2023,12:30 PM,77,94,0,29.79,Clear,0,0,0,0,0,,,
01/20/2023,1:30 PM,81,89,6,29.76,Clear,0,0,0,0,0,,,
01/20/2023,2:00 PM,81,89,8,29.73,Clear,0,0,0,0,0,,,
01/20/2023,2:30 PM,82,84,10,29.7,Rain,0,0,0,0,0,,,
01/20/2023,3:00 PM,79,89,12,29.7,Rain,0,0,0,0,0,,,
01/20/2023,3:30 PM,77,94,7,29.7,Rain,0,0,0,0,0,,,
01/20/2023,4:00 PM,77,94,6,29.7,Clear,0,0,0,0,0,,,
01/20/2023,4:30 PM,77,94,6,29.7,Rain,0,0,0,0,0,,,
01/20/2023,5:00 PM,77,94,6,29.7,Rain,0,0,0,0,0,,,
01/20/2023,5:30 PM,77,94,5,29.7,Clear,0,0,0,0,0,,,
01/20/2023,6:00 PM,77,94,3,29.7,Clear,0,0,0,0,0,,,
01/20/2023,6:30 PM,77,94,5,29.7,Clear,0,0,0,0,0,,,
01/20/2023,7:00 PM,77,94,2,29.73,Clear,0,0,0,0,0,,,
01/20/2023,7:30 PM,77,94,6,29.73,Clear,0,0,0,0,0,,,
01/20/2023,8:00 PM,77,94,3,29.76,Clear,0,0,0,0,0,,,
01/20/2023,8:30 PM,77,94,3,29.76,Clear,0,0,0,0,0,,,
01/20/2023,9:00 PM,77,94,3,29.79,Clear,0,0,0,0,0,,,
01/20/2023,9:30 PM,77,94,5,29.79,Clear,0,0,0,0,0,,,
01/20/2023,10:00 PM,77,94,3,29.79,Rain,0,0,0,0,0,,,
01/20/2023,10:30 PM,75,100,9,29.79,Rain,0,0,0,0,0,,,
01/20/2023,11:00 PM,75,100,6,29.79,Rain,0,0,0,0,0,,,
01/20/2023,11:30 PM,75,94,7,29.79,Clear,0,0,0,0,0,,,
01/21/2023,12:00 AM,75,94,6,29.79,Clear,0,0,0,0,0,,,
01/21/2023,12:30 AM,75,94,5,29.79,Clear,0,0,0,0,0,,,
01/21/2023,1:00 AM,75,94,2,29.76,Clear,0,0,0,0,0,,,
01/21/2023,1:30 AM,75,100,3,29.76,Clear,0,0,0,0,0,,,
01/21/2023,2:00 AM,75,94,2,29.73,Clear,0,0,0,0,0,,,
01/21/2023,2:30 AM,75,94,2,29.73,Clear,0,0,0,0,0,,,
01/21/2023,3:00 AM,73,100,0,29.7,Clear,0,0,0,0,0,,,
01/21/2023,3:30 AM,73,100,0,29.7,Clear,0,0,0,0,0,,,
01/21/2023,4:00 AM,75,94,5,29.7,Clear,0,0,0,0,0,,,
01/21/2023,4:30 AM,75,94,5,29.7,Clear,0,0,0,0,0,,,
01/21/2023,5:00 AM,75,100,3,29.7,Rain,0,0,0,0,0,,,
01/21/2023,5:30 AM,75,100,0,29.7,Rain,0,0,0,0,0,,,
01/21/2023,6:00 AM,75,100,5,29.7,Rain,0,0,0,0,0,,,
01/21/2023,6:30 AM,75,100,3,29.73,Rain,0,0,0,0,0,,,
01/21/2023,7:00 AM,75,100,3,29.73,Clear,0,0,0,0,0,,,
01/21/2023,7:30 AM,75,100,0,29.73,Rain,0,0,0,0,0,,,
01/21/2023,8:00 AM,75,100,0,29.76,Clear,0,0,0,0,0,,,
01/21/2023,8:30 AM,77,94,0,29.76,Clear,0,0,0,0,0,,,
01/21/2023,9:00 AM,79,94,0,29.76,Clear,0,0,0,0,0,,,
01/21/2023,9:30 AM,81,94,0,29.79,Clear,0,0,0,0,0,,,
01/21/2023,10:00 AM,81,89,3,29.76,Clear,0,0,0,0,0,,,
01/21/2023,10:30 AM,82,89,7,29.76,Clear,0,0,0,0,0,,,
01/21/2023,11:00 AM,82,89,12,29.76,Clear,0,0,0,0,0,,,
01/21/2023,11:30 AM,82,84,7,29.76,Clear,0,0,0,0,0,,,
01/21/2023,12:00 PM,81,89,12,29.76,Rain,0,0,0,0,0,,,
01/21/2023,12:30 PM,79,94,5,29.73,Rain,0,0,0,0,0,,,
01/21/2023,1:00 PM,81,94,7,29.73,Clear,0,0,0,0,0,,,
01/21/2023,1:30 PM,82,89,7,29.7,Clear,0,0,0,0,0,,,
01/21/2023,2:00 PM,82,89,9,29.7,Clear,0,0,0,0,0,,,
01/21/2023,2:30 PM,82,84,10,29.67,Clear,0,0,0,0,0,,,
01/21/2023,3:00 PM,82,84,10,29.67,Clear,0,0,0,0,0,,,
01/21/2023,3:30 PM,82,84,8,29.67,Clear,0,0,0,0,0,,,
01/21/2023,4:00 PM,82,84,7,29.67,Rain,0,0,0,0,0,,,
01/21/2023,4:30 PM,82,84,10,29.67,Clear,0,0,0,0,0,,,
01/21/2023,5:00 PM,82,79,10,29.67,Clear,0,0,0,0,0,,,
01/21/2023,5:30 PM,82,79,8,29.67,Clear,0,0,0,0,0,,,
01/21/2023,6:00 PM,81,84,7,29.7,Clear,0,0,0,0,0,,,
01/21/2023,6:30 PM,81,84,7,29.7,Clear,0,0,0,0,0,,,
01/21/2023,7:00 PM,81,84,7,29.7,Clear,0,0,0,0,0,,,
01/21/2023,7:30 PM,81,84,7,29.7,Clear,0,0,0,0,0,,,
01/21/2023,8:00 PM,81,84,6,29.73,Clear,0,0,0,0,0,,,
01/21/2023,8:30 PM,81,84,3,29.73,Clear,0,0,0,0,0,,,
01/21/2023,9:00 PM,81,84,5,29.76,Clear,0,0,0,0,0,,,
01/21/2023,9:30 PM,79,89,3,29.76,Clear,0,0,0,0,0,,,
01/21/2023,10:00 PM,79,89,6,29.76,Clear,0,0,0,0,0,,,
01/21/2023,10:30 PM,79,89,6,29.76,Rain,0,0,0,0,0,,,
01/21/2023,11:00 PM,79,89,5,29.76,Clear,0,0,0,0,0,,,
01/21/2023,11:30 PM,77,94,3,29.76,Clear,0,0,0,0,0,,,
01/22/2023,12:00 AM,77,94,3,29.76,Clear,0,0,0,0,0,,,
01/22/2023,12:30 AM,77,94,8,29.76,Rain,0,0,0,0,0,,,
01/22/2023,1:00 AM,77,94,2,29.73,Clear,0,0,0,0,0,,,
01/22/2023,1:30 AM,75,94,7,29.73,Rain,0,0,0,0,0,,,
01/22/2023,2:00 AM,75,94,6,29.73,Rain,0,0,0,0,0,,,
01/22/2023,2:30 AM,75,100,3,29.7,Rain,0,0,0,0,0,,,
01/22/2023,3:00 AM,75,94,2,29.7,Clear,0,0,0,0,0,,,
01/22/2023,3:30 AM,75,94,2,29.7,Clear,0,0,0,0,0,,,
01/22/2023,4:00 AM,75,100,3,29.7,Rain,0,0,0,0,0,,,
01/22/2023,4:30 AM,75,94,2,29.67,Rain,0,0,0,0,0,,,
01/22/2023,5:00 AM,75,100,0,29.67,Clear,0,0,0,0,0,,,
01/22/2023,5:30 AM,75,94,3,29.67,Rain,0,0,0,0,0,,,
01/22/2023,6:00 AM,75,100,7,29.67,Rain,0,0,0,0,0,,,
01/22/2023,6:30 AM,75,100,2,29.7,Rain,0,0,0,0,0,,,
01/22/2023,7:00 AM,75,100,0,29.7,Clear,0,0,0,0,0,,,
01/22/2023,7:30 AM,75,100,0,29.7,Clear,0,0,0,0,0,,,
01/22/2023,8:00 AM,77,100,0,29.73,Rain,0,0,0,0,0,,,
01/22/2023,8:30 AM,77,100,2,29.73,Clear,0,0,0,0,0,,,
01/22/2023,9:00 AM,81,94,0,29.73,Clear,0,0,0,0,0,,,
01/22/2023,9:30 AM,81,94,5,29.76,Clear,0,0,0,0,0,,,
01/22/2023,10:00 AM,82,84,9,29.76,Clear,0,0,0,0,0,,,
01/22/2023,10:30 AM,82,89,6,29.76,Clear,0,0,0,0,0,,,
01/22/2023,11:00 AM,82,89,9,29.76,Rain,0,0,0,0,0,,,
01/22/2023,11:30 AM,84,84,14,29.73,Clear,0,0,0,0,0,,,
01/22/2023,12:00 PM,86,79,15,29.73,Clear,0,0,0,0,0,,,
01/22/2023,12:30 PM,84,84,17,29.7,Rain,0,0,0,0,0,,,
01/22/2023,1:00 PM,86,74,16,29.7,Clear,0,0,0,0,0,,,
01/22/2023,1:30 PM,86,74,16,29.67,Clear,0,0,0,0,0,,,
01/22/2023,2:00 PM,88,70,14,29.67,Clear,0,0,0,0,0,,,
01/22/2023,2:30 PM,84,74,16,29.67,Rain,0,0,0,0,0,,,
01/22/2023,3:00 PM,86,70,17,29.64,Clear,0,0,0,0,0,,,
01/22/2023,3:30 PM,88,66,18,29.64,Clear,0,0,0,0,0,,,
01/22/2023,4:00 PM,86,70,18,29.64,Clear,0,0,0,0,0,,,
01/22/2023,4:30 PM,86,70,17,29.64,Clear,0,0,0,0,0,,,
01/22/2023,5:00 PM,84,70,13,29.64,Clear,0,0,0,0,0,,,
01/22/2023,5:30 PM,84,74,13,29.67,Clear,0,0,0,0,0,,,
01/22/2023,6:00 PM,82,79,12,29.67,Clear,0,0,0,0,0,,,
01/22/2023,6:30 PM,81,84,7,29.67,Clear,0,0,0,0,0,,,
01/22/2023,7:00 PM,79,83,12,29.7,Clear,0,0,0,0,0,,,
01/22/2023,7:30 PM,79,83,6,29.7,Clear,0,0,0,0,0,,,
01/22/2023,8:00 PM,79,83,6,29.7,Clear,0,0,0,0,0,,,
01/22/2023,8:30 PM,79,89,6,29.73,Clear,0,0,0,0,0,,,
01/22/2023,9:00 PM,77,89,6,29.73,Clear,0,0,0,0,0,,,
01/22/2023,9:30 PM,77,89,6,29.73,Clear,0,0,0,0,0,,,
01/22/2023,10:00 PM,77,94,6,29.73,Clear,0,0,0,0,0,,,
01/22/2023,10:30 PM,77,94,6,29.73,Clear,0,0,0,0,0,,,
01/22/2023,11:00 PM,77,94,6,29.73,Clear,0,0,0,0,0,,,
01/22/2023,11:30 PM,77,94,3,29.73,Clear,0,0,0,0,0,,,
01/23/2023,12:00 AM,75,100,5,29.73,Clear,0,0,0,0,0,,,
01/23/2023,12:30 AM,75,100,5,29.7,Clear,0,0,0,0,0,,,
01/23/2023,1:00 AM,75,100,5,29.7,Clear,0,0,0,0,0,,,
01/23/2023,1:30 AM,75,100,6,29.7,Clear,0,0,0,0,0,,,
01/23/2023,2:00 AM,77,94,3,29.67,Clear,0,0,0,0,0,,,
01/23/2023,2:30 AM,77,94,2,29.67,Clear,0,0,0,0,0,,,
01/23/2023,3:00 AM,77,94,5,29.67,Clear,0,0,0,0,0,,,
01/23/2023,3:30 AM,77,94,3,29.67,Clear,0,0,0,0,0,,,
01/23/2023,4:00 AM,75,94,2,29.67,Clear,0,0,0,0,0,,,
01/23/2023,4:30 AM,75,94,0,29.67,Clear,0,0,0,0,0,,,
01/23/2023,5:00 AM,75,100,0,29.67,Clear,0,0,0,0,0,,,
01/23/2023,5:30 AM,75,100,0,29.67,Clear,0,0,0,0,0,,,
01/23/2023,6:00 AM,75,100,0,29.67,Clear,0,0,0,0,0,,,
01/23/2023,6:30 AM,75,94,0,29.7,Clear,0,0,0,0,0,,,
01/23/2023,7:00 AM,75,94,3,29.7,Clear,0,0,0,0,0,,,
01/23/2023,7:30 AM,75,100,2,29.7,Clear,0,0,0,0,0,,,
01/23/2023,8:00 AM,79,94,3,29.73,Clear,0,0,0,0,0,,,
01/23/2023,8:30 AM,79,94,3,29.73,Clear,0,0,0,0,0,,,
01/23/2023,9:00 AM,81,89,10,29.73,Clear,0,0,0,0,0,,,
01/23/2023,9:30 AM,82,84,9,29.73,Rain,0,0,0,0,0,,,
01/23/2023,10:00 AM,82,84,12,29.73,Rain,0,0,0,0,0,,,
01/23/2023,10:30 AM,86,79,13,29.73,Clear,0,0,0,0,0,,,
01/23/2023,11:00 AM,86,79,13,29.73,Rain,0,0,0,0,0,,,
01/23/2023,11:30 AM,86,74,15,29.7,Rain,0,0,0,0,0,,,
01/23/2023,12:00 PM,86,70,12,29.7,Rain,0,0,0,0,0,,,
01/23/2023,12:30 PM,81,84,13,29.7,Rain,0,0,0,0,0,,,
01/23/2023,1:00 PM,82,84,7,29.67,Rain,0,0,0,0,0,,,
01/23/2023,1:30 PM,86,79,13,29.67,Clear,0,0,0,0,0,,,
01/23/2023,2:00 PM,88,70,14,29.64,Clear,0,0,0,0,0,,,
01/23/2023,2:30 PM,88,66,15,29.64,Clear,0,0,0,0,0,,,
01/23/2023,3:00 PM,88,66,18,29.61,Clear,0,0,0,0,0,,,
01/23/2023,3:30 PM,88,66,20,29.61,Clear,0,0,0,0,0,,,
01/23/2023,4:00 PM,86,66,17,29.64,Clear,0,0,0,0,0,,,
01/23/2023,4:30 PM,86,66,16,29.64,Clear,0,0,0,0,0,,,
01/23/2023,5:00 PM,84,74,14,29.64,Clear,0,0,0,0,0,,,
01/23/2023,5:30 PM,84,70,15,29.64,Clear,0,0,0,0,0,,,
01/23/2023,6:00 PM,82,74,13,29.64,Clear,0,0,0,0,0,,,
01/23/2023,6:30 PM,82,74,9,29.67,Clear,0,0,0,0,0,,,
01/23/2023,7:00 PM,81,79,6,29.67,Clear,0,0,0,0,0,,,
01/23/2023,7:30 PM,81,84,7,29.7,Clear,0,0,0,0,0,,,
01/23/2023,8:00 PM,81,84,5,29.7,Clear,0,0,0,0,0,,,
01/23/2023,8:30 PM,79,89,3,29.7,Clear,0,0,0,0,0,,,
01/23/2023,9:00 PM,81,84,2,29.73,Clear,0,0,0,0,0,,,
01/23/2023,9:30 PM,81,84,3,29.73,Clear,0,0,0,0,0,,,
01/23/2023,10:00 PM,77,94,3,29.73,Clear,0,0,0,0,0,,,
01/23/2023,10:30 PM,79,89,3,29.73,Clear,0,0,0,0,0,,,
01/23/2023,11:00 PM,79,89,6,29.73,Clear,0,0,0,0,0,,,
01/23/2023,11:30 PM,79,89,2,29.73,Clear,0,0,0,0,0,,,
01/24/2023,12:00 AM,77,94,3,29.73,Clear,0,0,0,0,0,,,
01/24/2023,12:30 AM,77,94,3,29.73,Clear,0,0,0,0,0,,,
01/24/2023,1:00 AM,77,94,0,29.7,Clear,0,0,0,0,0,,,
01/24/2023,1:30 AM,77,94,0,29.7,Clear,0,0,0,0,0,,,
01/24/2023,2:00 AM,77,94,2,29.7,Rain,0,0,0,0,0,,,
01/24/2023,2:30 AM,77,94,2,29.7,Rain,0,0,0,0,0,,,
01/24/2023,3:00 AM,77,94,0,29.67,Rain,0,0,0,0,0,,,
01/24/2023,3:30 AM,77,94,0,29.67,Rain,0,0,0,0,0,,,
01/24/2023,4:00 AM,77,94,0,29.67,Clear,0,0,0,0,0,,,
01/24/2023,4:30 AM,77,94,2,29.67,Clear,0,0,0,0,0,,,
01/24/2023,5:00 AM,75,100,5,29.7,Rain,0,0,0,0,0,,,
01/24/2023,5:30 AM,75,94,3,29.7,Clear,0,0,0,0,0,,,
01/24/2023,6:00 AM,75,94,3,29.7,Clear,0,0,0,0,0,,,
01/24/2023,6:30 AM,75,94,2,29.7,Clear,0,0,0,0,0,,,
01/24/2023,7:00 AM,75,94,3,29.7,Clear,0,0,0,0,0,,,
01/24/2023,7:30 AM,75,100,3,29.73,Clear,0,0,0,0,0,,,
01/24/2023,8:00 AM,75,100,6,29.73,Rain,0,0,0,0,0,,,
01/24/2023,8:30 AM,77,94,5,29.73,Rain,0,0,0,0,0,,,
01/24/2023,9:00 AM,77,100,5,29.76,Rain,0,0,0,0,0,,,
01/24/2023,9:30 AM,79,94,3,29.76,Rain,0,0,0,0,0,,,
01/24/2023,10:00 AM,81,89,5,29.76,Clear,0,0,0,0,0,,,
01/24/2023,10:30 AM,82,89,9,29.76,Clear,0,0,0,0,0,,,
01/24/2023,11:00 AM,84,89,14,29.76,Clear,0,0,0,0,0,,,
01/24/2023,11:30 AM,86,74,16,29.73,Clear,0,0,0,0,0,,,
01/24/2023,12:00 PM,86,74,17,29.73,Clear,0,0,0,0,0,,,
01/24/2023,12:30 PM,88,70,18,29.73,Clear,0,0,0,0,0,,,
01/24/2023,1:00 PM,88,66,21,29.7,Clear,0,0,0,0,0,,,
01/24/2023,1:30 PM,88,66,15,29.7,Clear,0,0,0,0,0,,,
01/24/2023,2:00 PM,86,70,17,29.7,Clear,0,0,0,0,0,,,
01/24/2023,2:30 PM,88,66,16,29.67,Clear,0,0,0,0,0,,,
01/24/2023,3:00 PM,88,66,16,29.67,Clear,0,0,0,0,0,,,
01/24/2023,3:30 PM,86,70,14,29.64,Rain,0,0,0,0,0,,,
01/24/2023,4:00 PM,82,74,14,29.67,Rain,0,0,0,0,0,,,
01/24/2023,4:30 PM,82,79,13,29.67,Clear,0,0,0,0,0,,,
01/24/2023,5:00 PM,84,70,15,29.67,Clear,0,0,0,0,0,,,
01/24/2023,5:30 PM,82,74,17,29.67,Clear,0,0,0,0,0,,,
01/24/2023,6:00 PM,82,74,8,29.67,Clear,0,0,0,0,0,,,
01/24/2023,6:30 PM,81,79,8,29.67,Clear,0,0,0,0,0,,,
01/24/2023,7:00 PM,81,79,6,29.7,Clear,0,0,0,0,0,,,
01/24/2023,7:30 PM,79,83,9,29.7,Clear,0,0,0,0,0,,,
01/24/2023,8:00 PM,81,79,9,29.73,Clear,0,0,0,0,0,,,
01/24/2023,8:30 PM,81,79,9,29.73,Clear,0,0,0,0,0,,,
01/24/2023,9:00 PM,81,79,10,29.73,Clear,0,0,0,0,0,,,
01/24/2023,9:30 PM,81,79,10,29.73,Clear,0,0,0,0,0,,,
01/24/2023,10:00 PM,81,79,10,29.73,Clear,0,0,0,0,0,,,
01/24/2023,10:30 PM,79,83,9,29.73,Clear,0,0,0,0,0,,,
01/24/2023,11:00 PM,79,83,7,29.73,Clear,0,0,0,0,0,,,
01/24/2023,11:30 PM,79,83,7,29.73,Clear,0,0,0,0,0,,,
01/25/2023,12:00 AM,77,83,3,29.73,Clear,0,0,0,0,0,,,
01/25/2023,12:30 AM,75,89,3,29.73,Clear,0,0,0,0,0,,,
01/25/2023,1:00 AM,75,89,5,29.7,Clear,0,0,0,0,0,,,
01/25/2023,1:30 AM,75,89,3,29.7,Clear,0,0,0,0,0,,,
01/25/2023,2:00 AM,75,89,2,29.7,Clear,0,0,0,0,0,,,
01/25/2023,2:30 AM,75,89,5,29.67,Clear,0,0,0,0,0,,,
01/25/2023,3:00 AM,75,89,5,29.67,Clear,0,0,0,0,0,,,
01/25/2023,3:30 AM,75,89,5,29.67,Clear,0,0,0,0,0,,,
01/25/2023,4:00 AM,75,89,2,29.67,Clear,0,0,0,0,0,,,
01/25/2023,4:30 AM,73,94,2,29.67,Clear,0,0,0,0,0,,,
01/25/2023,5:00 AM,73,94,0,29.67,Clear,0,0,0,0,0,,,
01/25/2023,5:30 AM,73,94,3,29.67,Clear,0,0,0,0,0,,,
01/25/2023,6:00 AM,73,94,0,29.67,Clear,0,0,0,0,0,,,
01/25/2023,6:30 AM,73,94,0,29.7,Clear,0,0,0,0,0,,,
01/25/2023,7:00 AM,73,94,3,29.7,Clear,0,0,0,0,0,,,
01/25/2023,7:30 AM,75,94,6,29.73,Rain,0,0,0,0,0,,,
01/25/2023,8:00 AM,77,94,3,29.73,Clear,0,0,0,0,0,,,
01/25/2023,8:30 AM,81,84,2,29.73,Clear,0,0,0,0,0,,,
01/25/2023,9:00 AM,82,84,6,29.73,Rain,0,0,0,0,0,,,
01/25/2023,9:30 AM,81,84,8,29.76,Rain,0,0,0,0,0,,,
01/25/2023,10:00 AM,82,79,8,29.73,Rain,0,0,0,0,0,,,
01/25/2023,10:30 AM,82,79,9,29.76,Rain,0,0,0,0,0,,,
01/25/2023,11:00 AM,82,79,10,29.73,Rain,0,0,0,0,0,,,
01/25/2023,11:30 AM,82,79,8,29.73,Clear,0,0,0,0,0,,,
01/25/2023,12:00 PM,84,70,12,29.73,Rain,0,0,0,0,0,,,
01/25/2023,12:30 PM,84,70,9,29.7,Clear,0,0,0,0,0,,,
01/25/2023,1:00 PM,79,78,13,29.7,Rain,0,0,0,0,0,,,
01/25/2023,1:30 PM,79,83,5,29.7,Rain,0,0,0,0,0,,,
01/25/2023,2:00 PM,82,74,9,29.67,Clear,0,0,0,0,0,,,
01/25/2023,2:30 PM,82,74,7,29.67,Clear,0,0,0,0,0,,,
01/25/2023,3:00 PM,84,70,17,29.64,Rain,0,0,0,0,0,,,
01/25/2023,3:30 PM,79,83,12,29.64,Rain,0,0,0,0,0,,,
01/25/2023,4:00 PM,81,84,10,29.64,Rain,0,0,0,0,0,,,
01/25/2023,4:30 PM,81,79,10,29.67,Rain,0,0,0,0,0,,,
01/25/2023,5:00 PM,79,83,8,29.67,Rain,0,0,0,0,0,,,
01/25/2023,5:30 PM,79,83,2,29.7,Rain,0,0,0,0,0,,,
01/25/2023,6:00 PM,79,83,2,29.7,Rain,0,0,0,0,0,,,
01/25/2023,6:30 PM,77,89,2,29.7,Rain,0,0,0,0,0,,,
01/25/2023,7:00 PM,77,89,7,29.73,Clear,0,0,0,0,0,,,
01/25/2023,7:30 PM,79,83,9,29.73,Clear,0,0,0,0,0,,,
01/25/2023,8:00 PM,79,78,7,29.73,Clear,0,0,0,0,0,,,
01/25/2023,8:30 PM,79,78,7,29.76,Clear,0,0,0,0,0,,,
01/25/2023,9:00 PM,79,78,8,29.76,Clear,0,0,0,0,0,,,
01/25/2023,9:30 PM,79,78,9,29.76,Clear,0,0,0,0,0,,,
01/25/2023,10:00 PM,79,78,8,29.76,Clear,0,0,0,0,0,,,
01/25/2023,10:30 PM,79,78,6,29.76,Clear,0,0,0,0,0,,,
01/25/2023,11:00 PM,77,83,6,29.76,Clear,0,0,0,0,0,,,
01/25/2023,11:30 PM,77,83,7,29.79,Clear,0,0,0,0,0,,,
01/26/2023,12:00 AM,77,83,7,29.79,Clear,0,0,0,0,0,,,
01/26/2023,12:30 AM,77,83,2,29.76,Clear,0,0,0,0,0,,,
01/26/2023,1:00 AM,77,83,1,29.76,Clear,0,0,0,0,0,,,
01/26/2023,1:30 AM,75,89,0,29.76,Clear,0,0,0,0,0,,,
01/26/2023,2:00 AM,75,89,3,29.73,Clear,0,0,0,0,0,,,
01/26/2023,2:30 AM,75,89,3,29.73,Clear,0,0,0,0,0,,,
01/26/2023,3:00 AM,75,89,2,29.73,Clear,0,0,0,0,0,,,
01/26/2023,3:30 AM,75,89,0,29.73,Clear,0,0,0,0,0,,,
01/26/2023,4:00 AM,75,89,5,29.7,Clear,0,0,0,0,0,,,
01/26/2023,4:30 AM,75,89,1,29.7,Clear,0,0,0,0,0,,,
01/26/2023,5:00 AM,75,89,0,29.7,Clear,0,0,0,0,0,,,
01/26/2023,5:30 AM,73,94,2,29.73,Clear,0,0,0,0,0,,,
01/26/2023,6:00 AM,75,89,5,29.73,Clear,0,0,0,0,0,,,
01/26/2023,6:30 AM,75,89,2,29.73,Clear,0,0,0,0,0,,,
01/26/2023,7:00 AM,73,94,2,29.73,Clear,0,0,0,0,0,,,
01/26/2023,7:30 AM,75,94,2,29.76,Clear,0,0,0,0,0,,,
01/26/2023,8:00 AM,77,89,3,29.76,Clear,0,0,0,0,0,,,
01/26/2023,8:30 AM,79,83,3,29.76,Clear,0,0,0,0,0,,,
01/26/2023,9:00 AM,81,84,7,29.76,Clear,0,0,0,0,0,,,
01/26/2023,9:30 AM,82,79,12,29.76,Clear,0,0,0,0,0,,,
01/26/2023,10:00 AM,84,74,14,29.76,Clear,0,0,0,0,0,,,
01/26/2023,10:30 AM,84,70,13,29.76,Clear,0,0,0,0,0,,,
01/26/2023,11:00 AM,84,70,10,29.76,Clear,0,0,0,0,0,,,
01/26/2023,11:30 AM,86,66,15,29.76,Clear,0,0,0,0,0,,,
01/26/2023,12:00 PM,86,62,15,29.73,Clear,0,0,0,0,0,,,
01/26/2023,12:30 PM,86,62,16,29.73,Clear,0,0,0,0,0,,,
01/26/2023,1:00 PM,88,58,14,29.73,Clear,0,0,0,0,0,,,
01/26/2023,1:30 PM,88,58,14,29.7,Clear,0,0,0,0,0,,,
01/26/2023,2:00 PM,88,62,12,29.7,Clear,0,0,0,0,0,,,
01/26/2023,2:30 PM,88,58,14,29.67,Clear,0,0,0,0,0,,,
01/26/2023,3:00 PM,86,62,12,29.67,Clear,0,0,0,0,0,,,
01/26/2023,3:30 PM,86,62,14,29.67,Clear,0,0,0,0,0,,,
01/26/2023,4:00 PM,84,66,13,29.67,Clear,0,0,0,0,0,,,
01/26/2023,4:30 PM,84,66,9,29.67,Clear,0,0,0,0,0,,,
01/26/2023,5:00 PM,82,70,12,29.7,Clear,0,0,0,0,0,,,
01/26/2023,5:30 PM,82,74,10,29.7,Clear,0,0,0,0,0,,,
01/26/2023,6:00 PM,81,79,9,29.7,Clear,0,0,0,0,0,,,
01/26/2023,6:30 PM,81,79,7,29.7,Clear,0,0,0,0,0,,,
01/26/2023,7:00 PM,81,79,5,29.7,Clear,0,0,0,0,0,,,
01/26/2023,7:30 PM,79,83,5,29.7,Clear,0,0,0,0,0,,,
01/26/2023,8:00 PM,79,83,3,29.73,Clear,0,0,0,0,0,,,
01/26/2023,8:30 PM,77,89,2,29.73,Clear,0,0,0,0,0,,,
01/26/2023,9:00 PM,77,89,3,29.73,Clear,0,0,0,0,0,,,
01/26/2023,9:30 PM,77,89,2,29.73,Clear,0,0,0,0,0,,,
01/26/2023,10:00 PM,75,94,0,29.73,Clear,0,0,0,0,0,,,
01/26/2023,10:30 PM,75,94,3,29.73,Clear,0,0,0,0,0,,,
01/26/2023,11:00 PM,75,94,2,29.73,Clear,0,0,0,0,0,,,
01/26/2023,11:30 PM,75,94,1,29.73,Clear,0,0,0,0,0,,,
01/27/2023,12:00 AM,75,94,0,29.73,Clear,0,0,0,0,0,,,
01/27/2023,12:30 AM,75,100,0,29.73,Clear,0,0,0,0,0,,,
01/27/2023,1:00 AM,75,100,0,29.73,Clear,0,0,0,0,0,,,
01/27/2023,1:30 AM,75,100,2,29.73,Clear,0,0,0,0,0,,,
01/27/2023,2:00 AM,75,100,0,29.73,Clear,0,0,0,0,0,,,
01/27/2023,2:30 AM,75,100,2,29.7,Clear,0,0,0,0,0,,,
01/27/2023,3:00 AM,75,100,0,29.7,Clear,0,0,0,0,0,,,
01/27/2023,3:30 AM,75,100,1,29.7,Clear,0,0,0,0,0,,,
01/27/2023,4:00 AM,75,100,0,29.7,Clear,0,0,0,0,0,,,
01/27/2023,4:30 AM,75,100,1,29.7,Clear,0,0,0,0,0,,,
01/27/2023,5:00 AM,75,100,0,29.7,Clear,0,0,0,0,0,,,
01/27/2023,5:30 AM,75,100,2,29.73,Clear,0,0,0,0,0,,,
01/27/2023,6:00 AM,75,100,0,29.73,Clear,0,0,0,0,0,,,
01/27/2023,6:30 AM,75,100,1,29.73,Clear,0,0,0,0,0,,,
01/27/2023,7:00 AM,75,100,0,29.73,Clear,0,0,0,0,0,,,
01/27/2023,7:30 AM,75,100,3,29.76,Clear,0,0,0,0,0,,,
01/27/2023,8:00 AM,77,94,5,29.76,Clear,0,0,0,0,0,,,
01/27/2023,8:30 AM,79,94,2,29.76,Clear,0,0,0,0,0,,,
01/27/2023,9:00 AM,81,89,3,29.79,Clear,0,0,0,0,0,,,
01/27/2023,9:30 AM,81,89,5,29.79,Clear,0,0,0,0,0,,,
01/27/2023,10:00 AM,81,89,8,29.79,Clear,0,0,0,0,0,,,
01/27/2023,10:30 AM,82,84,7,29.76,Clear,0,0,0,0,0,,,
01/27/2023,11:00 AM,82,79,8,29.76,Clear,0,0,0,0,0,,,
01/27/2023,11:30 AM,82,79,8,29.76,Rain,0,0,0,0,0,,,
01/27/2023,12:00 PM,84,74,9,29.73,Rain,0,0,0,0,0,,,
01/27/2023,12:30 PM,84,74,10,29.73,Clear,0,0,0,0,0,,,
01/27/2023,1:00 PM,82,74,10,29.7,Clear,0,0,0,0,0,,,
01/27/2023,1:30 PM,82,74,7,29.7,Clear,0,0,0,0,0,,,
01/27/2023,2:00 PM,84,70,6,29.67,Clear,0,0,0,0,0,,,
01/27/2023,2:30 PM,84,74,5,29.67,Rain,0,0,0,0,0,,,
01/27/2023,3:00 PM,84,70,9,29.64,Clear,0,0,0,0,0,,,
01/27/2023,3:30 PM,84,70,7,29.64,Clear,0,0,0,0,0,,,
01/27/2023,4:00 PM,86,66,9,29.64,Clear,0,0,0,0,0,,,
01/27/2023,4:30 PM,86,66,10,29.64,Clear,0,0,0,0,0,,,
01/27/2023,5:00 PM,84,70,12,29.64,Clear,0,0,0,0,0,,,
01/27/2023,5:30 PM,82,74,10,29.64,Clear,0,0,0,0,0,,,
01/27/2023,6:00 PM,82,70,10,29.67,Clear,0,0,0,0,0,,,
01/27/2023,6:30 PM,81,74,7,29.67,Clear,0,0,0,0,0,,,
01/27/2023,7:00 PM,81,74,5,29.7,Clear,0,0,0,0,0,,,
01/27/2023,7:30 PM,79,78,5,29.7,Clear,0,0,0,0,0,,,
01/27/2023,8:00 PM,77,83,5,29.73,Clear,0,0,0,0,0,,,
01/27/2023,8:30 PM,79,83,3,29.73,Clear,0,0,0,0,0,,,
01/27/2023,9:00 PM,77,89,7,29.73,Clear,0,0,0,0,0,,,
01/27/2023,9:30 PM,77,89,3,29.76,Clear,0,0,0,0,0,,,
01/27/2023,10:00 PM,79,83,5,29.76,Clear,0,0,0,0,0,,,
01/27/2023,10:30 PM,77,89,6,29.76,Clear,0,0,0,0,0,,,
01/27/2023,11:00 PM,77,89,3,29.73,Clear,0,0,0,0,0,,,
01/27/2023,11:30 PM,77,89,3,29.73,Clear,0,0,0,0,0,,,
01/28/2023,12:00 AM,77,89,3,29.73,Clear,0,0,0,0,0,,,
01/28/2023,12:30 AM,75,94,2,29.73,Clear,0,0,0,0,0,,,
01/28/2023,1:00 AM,75,94,3,29.7,Clear,0,0,0,0,0,,,
01/28/2023,1:30 AM,75,94,3,29.7,Rain,0,0,0,0,0,,,
01/28/2023,2:00 AM,75,94,0,29.7,Rain,0,0,0,0,0,,,
01/28/2023,2:30 AM,75,94,2,29.7,Rain,0,0,0,0,0,,,
01/28/2023,3:00 AM,75,94,2,29.67,Clear,0,0,0,0,0,,,
01/28/2023,3:30 AM,75,94,2,29.67,Clear,0,0,0,0,0,,,
01/28/2023,4:00 AM,75,94,0,29.67,Clear,0,0,0,0,0,,,
01/28/2023,4:30 AM,75,94,0,29.67,Clear,0,0,0,0,0,,,
01/28/2023,5:00 AM,75,94,2,29.67,Clear,0,0,0,0,0,,,
01/28/2023,5:30 AM,75,94,0,29.67,Clear,0,0,0,0,0,,,
01/28/2023,6:00 AM,73,100,2,29.7,Clear,0,0,0,0,0,,,
01/28/2023,6:30 AM,75,94,2,29.7,Clear,0,0,0,0,0,,,
01/28/2023,7:00 AM,75,94,2,29.73,Clear,0,0,0,0,0,,,
01/28/2023,7:30 AM,75,94,0,29.73,Clear,0,0,0,0,0,,,
01/28/2023,8:00 AM,75,100,2,29.73,Clear,0,0,0,0,0,,,
01/28/2023,8:30 AM,77,94,0,29.76,Clear,0,0,0,0,0,,,
01/28/2023,9:00 AM,79,89,2,29.76,Clear,0,0,0,0,0,,,
01/28/2023,9:30 AM,79,94,2,29.76,Clear,0,0,0,0,0,,,
01/28/2023,10:00 AM,82,84,0,29.76,Clear,0,0,0,0,0,,,
01/28/2023,10:30 AM,84,79,5,29.73,Clear,0,0,0,0,0,,,
01/28/2023,11:00 AM,82,84,3,29.73,Clear,0,0,0,0,0,,,
01/28/2023,11:30 AM,81,89,5,29.7,Rain,0,0,0,0,0,,,
01/28/2023,12:00 PM,84,79,7,29.7,Clear,0,0,0,0,0,,,
01/28/2023,12:30 PM,84,79,9,29.67,Clear,0,0,0,0,0,,,
01/28/2023,1:00 PM,86,70,9,29.67,Clear,0,0,0,0,0,,,
01/28/2023,1:30 PM,84,70,10,29.67,Clear,0,0,0,0,0,,,
01/28/2023,2:00 PM,82,74,10,29.64,Clear,0,0,0,0,0,,,
01/28/2023,2:30 PM,82,74,10,29.64,Clear,0,0,0,0,0,,,
01/28/2023,3:00 PM,82,74,12,29.64,Clear,0,0,0,0,0,,,
01/28/2023,3:30 PM,79,83,16,29.64,Rain,0,0,0,0,0,,,
01/28/2023,4:00 PM,77,89,10,29.64,Rain,0,0,0,0,0,,,
01/28/2023,4:30 PM,79,83,9,29.64,Rain,0,0,0,0,0,,,
01/28/2023,5:00 PM,79,83,9,29.67,Rain,0,0,0,0,0,,,
01/28/2023,5:30 PM,77,89,9,29.67,Rain,0,0,0,0,0,,,
01/28/2023,6:00 PM,75,94,7,29.7,Rain,0,0,0,0,0,,,
01/28/2023,6:30 PM,75,94,6,29.7,Rain,0,0,0,0,0,,,
01/28/2023,7:00 PM,75,94,8,29.73,Rain,0,0,0,0,0,,,
01/28/2023,7:30 PM,75,94,7,29.73,Rain,0,0,0,0,0,,,
01/28/2023,8:00 PM,75,94,7,29.73,Rain,0,0,0,0,0,,,
01/28/2023,8:30 PM,75,94,6,29.76,Rain,0,0,0,0,0,,,
01/28/2023,9:00 PM,75,94,6,29.76,Rain,0,0,0,0,0,,,
01/28/2023,9:30 PM,75,94,9,29.76,Rain,0,0,0,0,0,,,
01/28/2023,10:00 PM,73,100,5,29.76,Rain,0,0,0,0,0,,,
01/28/2023,10:30 PM,73,100,5,29.76,Rain,0,0,0,0,0,,,
01/28/2023,11:00 PM,73,94,6,29.76,Rain,0,0,0,0,0,,,
01/28/2023,11:30 PM,73,94,5,29.76,Rain,0,0,0,0,0,,,
01/29/2023,12:00 AM,73,94,3,29.73,Rain,0,0,0,0,0,,,
01/29/2023,12:30 AM,73,94,5,29.73,Clear,0,0,0,0,0,,,
01/29/2023,1:00 AM,73,94,5,29.73,Rain,0,0,0,0,0,,,
01/29/2023,1:30 AM,73,94,5,29.73,Rain,0,0,0,0,0,,,
01/29/2023,2:00 AM,73,94,5,29.7,Rain,0,0,0,0,0,,,
01/29/2023,2:30 AM,73,94,6,29.7,Clear,0,0,0,0,0,,,
01/29/2023,3:00 AM,73,94,5,29.67,Clear,0,0,0,0,0,,,
01/29/2023,3:30 AM,73,100,5,29.67,Rain,0,0,0,0,0,,,
01/29/2023,4:00 AM,73,100,2,29.67,Clear,0,0,0,0,0,,,
01/29/2023,4:30 AM,73,100,2,29.67,Clear,0,0,0,0,0,,,
01/29/2023,5:00 AM,73,100,3,29.67,Clear,0,0,0,0,0,,,
01/29/2023,5:30 AM,73,100,3,29.67,Clear,0,0,0,0,0,,,
01/29/2023,6:00 AM,73,100,2,29.7,Clear,0,0,0,0,0,,,
01/29/2023,6:30 AM,73,100,2,29.7,Clear,0,0,0,0,0,,,
01/29/2023,7:00 AM,73,100,2,29.7,Clear,0,0,0,0,0,,,
01/29/2023,7:30 AM,73,100,2,29.73,Clear,0,0,0,0,0,,,
01/29/2023,8:00 AM,75,100,2,29.73,Clear,0,0,0,0,0,,,
01/29/2023,8:30 AM,77,94,3,29.76,Clear,0,0,0,0,0,,,
01/29/2023,9:00 AM,79,94,7,29.76,Clear,0,0,0,0,0,,,
01/29/2023,9:30 AM,81,89,9,29.76,Clear,0,0,0,0,0,,,
01/29/2023,10:00 AM,81,89,12,29.76,Clear,0,0,0,0,0,,,
01/29/2023,10:30 AM,82,84,12,29.76,Clear,0,0,0,0,0,,,
01/29/2023,11:00 AM,82,79,12,29.76,Clear,0,0,0,0,0,,,
01/29/2023,11:30 AM,81,84,10,29.76,Rain,0,0,0,0,0,,,
01/29/2023,12:00 PM,81,84,16,29.73,Clear,0,0,0,0,0,,,
01/29/2023,12:30 PM,77,89,12,29.73,Rain,0,0,0,0,0,,,
01/29/2023,1:00 PM,79,89,9,29.7,Clear,0,0,0,0,0,,,
01/29/2023,1:30 PM,81,84,7,29.7,Clear,0,0,0,0,0,,,
01/29/2023,2:00 PM,81,84,8,29.7,Clear,0,0,0,0,0,,,
01/29/2023,2:30 PM,81,84,14,29.67,Clear,0,0,0,0,0,,,
01/29/2023,3:00 PM,77,89,13,29.7,Rain,0,0,0,0,0,,,
01/29/2023,3:30 PM,77,89,7,29.67,Rain,0,0,0,0,0,,,
01/29/2023,4:00 PM,77,89,3,29.7,Rain,0,0,0,0,0,,,
01/29/2023,4:30 PM,77,89,3,29.7,Rain,0,0,0,0,0,,,
01/29/2023,5:00 PM,77,89,8,29.7,Clear,0,0,0,0,0,,,
01/29/2023,5:30 PM,75,94,5,29.7,Clear,0,0,0,0,0,,,
01/29/2023,6:00 PM,75,94,5,29.7,Clear,0,0,0,0,0,,,
01/29/2023,6:30 PM,75,94,3,29.73,Clear,0,0,0,0,0,,,
01/29/2023,7:00 PM,75,94,2,29.73,Clear,0,0,0,0,0,,,
01/29/2023,7:30 PM,75,94,3,29.73,Clear,0,0,0,0,0,,,
01/29/2023,8:00 PM,75,94,3,29.73,Clear,0,0,0,0,0,,,
01/29/2023,8:30 PM,75,94,3,29.76,Clear,0,0,0,0,0,,,
01/29/2023,9:00 PM,75,94,2,29.76,Clear,0,0,0,0,0,,,
01/29/2023,9:30 PM,75,94,8,29.79,Clear,0,0,0,0,0,,,
01/29/2023,10:00 PM,75,94,7,29.79,Clear,0,0,0,0,0,,,
01/29/2023,10:30 PM,75,94,5,29.79,Clear,0,0,0,0,0,,,
01/29/2023,11:00 PM,75,94,3,29.79,Clear,0,0,0,0,0,,,
01/29/2023,11:30 PM,75,89,2,29.76,Clear,0,0,0,0,0,,,
01/30/2023,12:00 AM,75,89,3,29.79,Clear,0,0,0,0,0,,,
01/30/2023,12:30 AM,75,94,10,29.79,Clear,0,0,0,0,0,,,
01/30/2023,1:00 AM,75,94,5,29.76,Clear,0,0,0,0,0,,,
01/30/2023,1:30 AM,75,94,3,29.76,Clear,0,0,0,0,0,,,
01/30/2023,2:00 AM,75,94,3,29.76,Clear,0,0,0,0,0,,,
01/30/2023,2:30 AM,75,94,3,29.73,Clear,0,0,0,0,0,,,
01/30/2023,3:00 AM,75,94,3,29.73,Clear,0,0,0,0,0,,,
01/30/2023,3:30 AM,75,94,0,29.73,Clear,0,0,0,0,0,,,
01/30/2023,4:00 AM,75,94,0,29.73,Clear,0,0,0,0,0,,,
01/30/2023,4:30 AM,75,94,0,29.73,Clear,0,0,0,0,0,,,
01/30/2023,5:00 AM,73,100,1,29.73,Clear,0,0,0,0,0,,,
01/30/2023,5:30 AM,75,94,10,29.73,Rain,0,0,0,0,0,,,
01/30/2023,6:00 AM,73,100,6,29.76,Clear,0,0,0,0,0,,,
01/30/2023,6:30 AM,73,100,3,29.76,Clear,0,0,0,0,0,,,
01/30/2023,7:00 AM,73,100,3,29.76,Clear,0,0,0,0,0,,,
01/30/2023,7:30 AM,73,100,3,29.76,Clear,0,0,0,0,0,,,
01/30/2023,8:00 AM,75,94,5,29.79,Clear,0,0,0,0,0,,,
01/30/2023,8:30 AM,77,94,6,29.79,Clear,0,0,0,0,0,,,
01/30/2023,9:00 AM,79,89,7,29.79,Clear,0,0,0,0,0,,,
01/30/2023,9:30 AM,81,89,8,29.79,Clear,0,0,0,0,0,,,
01/30/2023,10:00 AM,81,89,7,29.81,Clear,0,0,0,0,0,,,
01/30/2023,10:30 AM,81,84,6,29.81,Clear,0,0,0,0,0,,,
01/30/2023,11:00 AM,79,89,7,29.79,Rain,0,0,0,0,0,,,
01/30/2023,11:30 AM,77,89,16,29.81,Rain,0,0,0,0,0,,,
01/30/2023,12:00 PM,75,94,7,29.79,Rain,0,0,0,0,0,,,
01/30/2023,12:30 PM,77,89,0,29.79,Rain,0,0,0,0,0,,,
01/30/2023,1:00 PM,77,94,0,29.76,Clear,0,0,0,0,0,,,
01/30/2023,1:30 PM,77,94,0,29.76,Clear,0,0,0,0,0,,,
01/30/2023,2:00 PM,77,94,2,29.73,Clear,0,0,0,0,0,,,
01/30/2023,2:30 PM,81,84,8,29.73,Clear,0,0,0,0,0,,,
01/30/2023,3:00 PM,81,79,10,29.7,Clear,0,0,0,0,0,,,
01/30/2023,3:30 PM,79,83,8,29.7,Clear,0,0,0,0,0,,,
01/30/2023,4:00 PM,81,79,9,29.7,Clear,0,0,0,0,0,,,
01/30/2023,4:30 PM,79,83,10,29.7,Clear,0,0,0,0,0,,,
01/30/2023,5:00 PM,79,83,10,29.7,Clear,0,0,0,0,0,,,
01/30/2023,5:30 PM,79,78,10,29.73,Clear,0,0,0,0,0,,,
01/30/2023,6:00 PM,79,78,9,29.73,Clear,0,0,0,0,0,,,
01/30/2023,6:30 PM,79,78,13,29.73,Clear,0,0,0,0,0,,,
01/30/2023,7:00 PM,79,74,12,29.76,Clear,0,0,0,0,0,,,
01/30/2023,7:30 PM,75,89,13,29.76,Clear,0,0,0,0,0,,,
01/30/2023,8:00 PM,73,94,9,29.76,Clear,0,0,0,0,0,,,
01/30/2023,8:30 PM,73,94,7,29.79,Rain,0,0,0,0,0,,,
01/30/2023,9:00 PM,73,94,5,29.79,Rain,0,0,0,0,0,,,
01/30/2023,9:30 PM,73,94,8,29.79,Rain,0,0,0,0,0,,,
01/30/2023,10:00 PM,73,94,7,29.79,Rain,0,0,0,0,0,,,
01/30/2023,10:30 PM,73,94,3,29.79,Clear,0,0,0,0,0,,,
01/30/2023,11:00 PM,73,94,2,29.79,Clear,0,0,0,0,0,,,
01/30/2023,11:30 PM,73,94,2,29.79,Clear,0,0,0,0,0,,,
01/31/2023,12:00 AM,73,94,0,29.79,Clear,0,0,0,0,0,,,
01/31/2023,12:30 AM,72,100,0,29.79,Clear,0,0,0,0,0,,,
01/31/2023,1:00 AM,72,100,0,29.76,Clear,0,0,0,0,0,,,
01/31/2023,1:30 AM,72,100,3,29.76,Clear,0,0,0,0,0,,,
01/31/2023,2:00 AM,72,100,3,29.73,Clear,0,0,0,0,0,,,
01/31/2023,2:30 AM,72,100,2,29.73,Clear,0,0,0,0,0,,,
01/31/2023,3:00 AM,72,100,2,29.73,Clear,0,0,0,0,0,,,
01/31/2023,3:30 AM,73,94,5,29.73,Clear,0,0,0,0,0,,,
01/31/2023,4:00 AM,73,94,5,29.73,Clear,0,0,0,0,0,,,
01/31/2023,4:30 AM,73,94,5,29.73,Clear,0,0,0,0,0,,,
01/31/2023,5:00 AM,73,100,3,29.73,Clear,0,0,0,0,0,,,
01/31/2023,5:30 AM,73,100,0,29.73,Clear,0,0,0,0,0,,,
01/31/2023,6:00 AM,73,94,2,29.73,Clear,0,0,0,0,0,,,
01/31/2023,6:30 AM,73,94,1,29.73,Clear,0,0,0,0,0,,,
01/31/2023,7:00 AM,73,100,1,29.76,Clear,0,0,0,0,0,,,
01/31/2023,7:30 AM,73,100,5,29.76,Clear,0,0,0,0,0,,,
01/31/2023,8:00 AM,75,94,3,29.79,Clear,0,0,0,0,0,,,
01/31/2023,8:30 AM,77,94,3,29.79,Clear,0,0,0,0,0,,,
01/31/2023,9:00 AM,79,83,7,29.79,Clear,0,0,0,0,0,,,
01/31/2023,9:30 AM,81,84,9,29.79,Clear,0,0,0,0,0,,,
01/31/2023,10:00 AM,81,84,7,29.79,Clear,0,0,0,0,0,,,
01/31/2023,10:30 AM,82,79,10,29.79,Clear,0,0,0,0,0,,,
01/31/2023,11:00 AM,82,79,8,29.79,Clear,0,0,0,0,0,,,
01/31/2023,11:30 AM,82,74,10,29.79,Clear,0,0,0,0,0,,,
01/31/2023,12:00 PM,84,70,13,29.79,Clear,0,0,0,0,0,,,
01/31/2023,12:30 PM,84,70,13,29.76,Clear,0,0,0,0,0,,,
01/31/2023,1:00 PM,84,66,17,29.76,Clear,0,0,0,0,0,,,
01/31/2023,1:30 PM,84,66,14,29.73,Clear,0,0,0,0,0,,,
01/31/2023,2:00 PM,82,70,14,29.73,Clear,0,0,0,0,0,,,
01/31/2023,2:30 PM,82,70,13,29.7,Clear,0,0,0,0,0,,,
01/31/2023,3:00 PM,82,74,12,29.7,Clear,0,0,0,0,0,,,
01/31/2023,3:30 PM,82,70,10,29.67,Clear,0,0,0,0,0,,,
01/31/2023,4:00 PM,82,70,13,29.67,Clear,0,0,0,0,0,,,
01/31/2023,4:30 PM,81,79,10,29.67,Clear,0,0,0,0,0,,,
01/31/2023,5:00 PM,81,74,12,29.7,Clear,0,0,0,0,0,,,
01/31/2023,5:30 PM,81,74,8,29.7,Clear,0,0,0,0,0,,,
01/31/2023,6:00 PM,81,79,9,29.7,Clear,2,1,0,2,0,,,
01/31/2023,6:30 PM,79,83,8,29.7,Clear,0,0,0,0,0,,,
01/31/2023,7:00 PM,79,83,6,29.7,Clear,0,0,0,0,0,,,
01/31/2023,7:30 PM,79,83,3,29.73,Clear,0,0,0,0,0,,,
01/31/2023,8:00 PM,77,89,2,29.73,Clear,0,0,0,0,0,,,
01/31/2023,8:30 PM,77,89,2,29.73,Clear,0,0,0,0,0,,,
01/31/2023,9:00 PM,77,89,3,29.76,Clear,0,0,0,0,0,,,
01/31/2023,9:30 PM,77,89,3,29.76,Clear,0,0,0,0,0,,,
01/31/2023,10:00 PM,75,94,2,29.76,Clear,0,0,0,0,0,,,
01/31/2023,10:30 PM,75,94,0,29.76,Rain,0,0,0,0,0,,,
01/31/2023,11:00 PM,75,94,1,29.76,Clear,0,0,0,0,0,,,
01/31/2023,11:30 PM,75,94,0,29.76,Clear,0,0,0,0,0,,,
2/1/2023,12:00 AM,75,94,0,29.76,Clear,0,0,0,0,0,,,
2/1/2023,12:30 AM,75,94,0,29.76,Clear,0,0,0,0,0,,,
2/1/2023,1:00 AM,75,94,0,29.76,Clear,0,0,0,0,0,,,
2/1/2023,1:30 AM,75,94,2,29.73,Clear,0,0,0,0,0,,,
2/1/2023,2:00 AM,75,94,3,29.73,Clear,0,0,0,0,0,,,
2/1/2023,2:30 AM,75,94,2,29.73,Clear,0,0,0,0,0,,,
2/1/2023,3:00 AM,73,100,0,29.7,Clear,0,0,0,0,0,,,
2/1/2023,3:30 AM,73,100,0,29.7,Clear,0,0,0,0,0,,,
2/1/2023,4:00 AM,73,94,0,29.7,Clear,0,0,0,0,0,,,
2/1/2023,4:30 AM,73,100,1,29.7,Clear,0,0,0,0,0,,,
2/1/2023,5:00 AM,73,100,3,29.7,Clear,0,0,0,0,0,,,
2/1/2023,5:30 AM,73,100,0,29.7,Clear,0,0,0,0,0,,,
2/1/2023,6:00 AM,73,94,2,29.7,Clear,0,0,0,0,0,,,
2/1/2023,6:30 AM,73,94,3,29.73,Clear,0,0,0,0,0,,,
2/1/2023,7:00 AM,73,94,0,29.73,Clear,0,0,0,0,0,,,
2/1/2023,7:30 AM,73,100,0,29.76,Clear,0,0,0,0,0,,,
2/1/2023,8:00 AM,75,94,2,29.76,Clear,0,0,0,0,0,,,
2/1/2023,8:30 AM,77,94,2,29.79,Clear,0,0,0,0,0,,,
2/1/2023,9:00 AM,79,89,0,29.79,Clear,1,1,0,1,0,,,
2/1/2023,9:30 AM,81,89,5,29.79,Clear,0,0,0,0,0,,,
2/1/2023,10:00 AM,84,79,8,29.79,Clear,0,0,0,0,0,,,
2/1/2023,10:30 AM,86,74,8,29.76,Clear,0,0,0,0,0,,,
2/1/2023,11:00 AM,86,70,10,29.76,Clear,0,0,0,0,0,,,
2/1/2023,11:30 AM,90,66,12,29.76,Clear,0,0,0,0,0,,,
2/1/2023,12:00 PM,86,66,12,29.73,Clear,0,0,0,0,0,,,
2/1/2023,12:30 PM,88,62,12,29.73,Clear,0,0,0,0,0,,,
2/1/2023,1:00 PM,88,62,8,29.7,Clear,0,0,0,0,0,,,
2/1/2023,1:30 PM,90,59,10,29.7,Clear,0,0,0,0,0,,,
2/1/2023,2:00 PM,90,59,10,29.67,Clear,0,0,0,0,0,,,
2/1/2023,2:30 PM,88,58,14,29.67,Clear,0,0,0,0,0,,,
2/1/2023,3:00 PM,88,58,12,29.64,Clear,0,0,0,0,0,,,
2/1/2023,3:30 PM,88,58,14,29.64,Clear,0,0,0,0,0,,,
2/1/2023,4:00 PM,88,58,13,29.64,Clear,0,0,0,0,0,,,
2/1/2023,4:30 PM,86,62,13,29.64,Clear,0,0,0,0,0,,,
2/1/2023,5:00 PM,86,62,14,29.64,Clear,0,0,0,0,0,,,
2/1/2023,5:30 PM,84,66,15,29.67,Clear,0,0,0,0,0,,,
2/1/2023,6:00 PM,82,70,13,29.67,Clear,0,0,0,0,0,,,
2/1/2023,6:30 PM,81,74,13,29.7,Clear,0,0,0,0,0,,,
2/1/2023,7:00 PM,81,74,7,29.7,Clear,0,0,0,0,0,,,
2/1/2023,7:30 PM,81,74,5,29.7,Clear,0,0,0,0,0,,,
2/1/2023,8:00 PM,77,83,3,29.73,Clear,0,0,0,0,0,,,
2/1/2023,8:30 PM,75,89,2,29.73,Clear,0,0,0,0,0,,,
2/1/2023,9:00 PM,75,89,2,29.73,Clear,0,0,0,0,0,,,
2/1/2023,9:30 PM,75,89,3,29.73,Clear,0,0,0,0,0,,,
2/1/2023,10:00 PM,75,89,3,29.76,Clear,0,0,0,0,0,,,
2/1/2023,10:30 PM,75,89,3,29.76,Clear,0,0,0,0,0,,,
2/1/2023,11:00 PM,73,94,3,29.76,Clear,0,0,0,0,0,,,
2/1/2023,11:30 PM,73,94,0,29.76,Clear,0,0,0,0,0,,,
2/2/2023,12:00 AM,73,100,0,29.76,Clear,0,0,0,0,0,,,
2/2/2023,12:30 AM,73,94,0,29.76,Clear,0,0,0,0,0,,,
2/2/2023,1:00 AM,73,94,0,29.73,Clear,0,0,0,0,0,,,
2/2/2023,1:30 AM,73,94,3,29.73,Clear,0,0,0,0,0,,,
2/2/2023,2:00 AM,73,94,2,29.73,Clear,0,0,0,0,0,,,
2/2/2023,2:30 AM,73,94,2,29.7,Clear,0,0,0,0,0,,,
2/2/2023,3:00 AM,73,94,2,29.7,Clear,0,0,0,0,0,,,
2/2/2023,3:30 AM,73,94,2,29.7,Clear,0,0,0,0,0,,,
2/2/2023,4:00 AM,73,94,0,29.7,Clear,0,0,0,0,0,,,
2/2/2023,4:30 AM,73,94,0,29.7,Clear,0,0,0,0,0,,,
2/2/2023,5:00 AM,73,94,0,29.7,Clear,1,1,0,1,0,,,
2/2/2023,5:30 AM,73,94,0,29.7,Clear,0,0,0,0,0,,,
2/2/2023,6:00 AM,73,94,0,29.73,Clear,0,0,0,0,0,,,
2/2/2023,6:30 AM,73,94,0,29.73,Clear,0,0,0,0,0,,,
2/2/2023,7:00 AM,73,100,2,29.73,Clear,0,0,0,0,0,,,
2/2/2023,7:30 AM,73,100,0,29.76,Clear,0,0,0,0,0,,,
2/2/2023,8:00 AM,75,100,3,29.76,Clear,0,0,0,0,0,,,
2/2/2023,8:30 AM,77,94,6,29.79,Rain,0,0,0,0,0,,,
2/2/2023,9:00 AM,77,94,5,29.79,Rain,0,0,0,0,0,,,
2/2/2023,9:30 AM,75,100,3,29.79,Rain,0,0,0,0,0,,,
2/2/2023,10:00 AM,77,94,3,29.79,Rain,0,0,0,0,0,,,
2/2/2023,10:30 AM,79,94,5,29.76,Clear,0,0,0,0,0,,,
2/2/2023,11:00 AM,82,84,0,29.76,Clear,0,0,0,0,0,,,
2/2/2023,11:30 AM,84,84,5,29.73,Clear,0,0,0,0,0,,,
2/2/2023,12:00 PM,84,79,2,29.73,Clear,0,0,0,0,0,,,
2/2/2023,12:30 PM,86,74,6,29.73,Clear,0,0,0,0,0,,,
2/2/2023,1:00 PM,88,66,10,29.7,Clear,0,0,0,0,0,,,
2/2/2023,1:30 PM,90,59,14,29.7,Clear,0,0,0,0,0,,,
2/2/2023,2:00 PM,90,55,13,29.67,Clear,0,0,0,0,0,,,
2/2/2023,2:30 PM,90,59,13,29.67,Clear,0,0,0,0,0,,,
2/2/2023,3:00 PM,88,58,14,29.64,Clear,0,0,0,0,0,,,
2/2/2023,3:30 PM,88,58,13,29.64,Clear,0,0,0,0,0,,,
2/2/2023,4:00 PM,86,62,14,29.64,Clear,0,0,0,0,0,,,
2/2/2023,4:30 PM,86,62,16,29.64,Clear,0,0,0,0,0,,,
2/2/2023,5:00 PM,84,66,15,29.67,Clear,0,0,0,0,0,,,
2/2/2023,5:30 PM,84,70,10,29.67,Clear,0,0,0,0,0,,,
2/2/2023,6:00 PM,82,74,10,29.67,Clear,0,0,0,0,0,,,
2/2/2023,6:30 PM,81,79,12,29.67,Clear,0,0,0,0,0,,,
2/2/2023,7:00 PM,81,79,8,29.67,Clear,0,0,0,0,0,,,
2/2/2023,7:30 PM,81,79,6,29.67,Clear,0,0,0,0,0,,,
2/2/2023,8:00 PM,79,83,8,29.7,Clear,0,0,0,0,0,,,
2/2/2023,8:30 PM,79,83,5,29.73,Clear,0,0,0,0,0,,,
2/2/2023,9:00 PM,79,83,5,29.73,Clear,0,0,0,0,0,,,
2/2/2023,9:30 PM,79,89,5,29.73,Clear,0,0,0,0,0,,,
2/2/2023,10:00 PM,79,89,3,29.73,Clear,0,0,0,0,0,,,
2/2/2023,10:30 PM,79,89,3,29.73,Clear,0,0,0,0,0,,,
2/2/2023,11:00 PM,79,89,2,29.73,Clear,0,0,0,0,0,,,
2/2/2023,11:30 PM,79,89,0,29.76,Clear,0,0,0,0,0,,,
2/3/2023,12:00 AM,79,89,3,29.76,Clear,0,0,0,0,0,,,
2/3/2023,12:30 AM,79,89,2,29.76,Clear,0,0,0,0,0,,,
2/3/2023,1:00 AM,75,94,3,29.73,Rain,0,0,0,0,0,,,
2/3/2023,1:30 AM,75,94,2,29.73,Rain,0,0,0,0,0,,,
2/3/2023,2:00 AM,75,94,3,29.7,Rain,0,0,0,0,0,,,
2/3/2023,2:30 AM,75,94,3,29.7,Rain,0,0,0,0,0,,,
2/3/2023,3:00 AM,75,94,5,29.7,Clear,0,0,0,0,0,,,
2/3/2023,3:30 AM,75,94,3,29.7,Clear,0,0,0,0,0,,,
2/3/2023,4:00 AM,75,94,3,29.67,Clear,0,0,0,0,0,,,
2/3/2023,4:30 AM,75,94,3,29.67,Clear,0,0,0,0,0,,,
2/3/2023,5:00 AM,75,94,3,29.7,Clear,0,0,0,0,0,,,
2/3/2023,5:30 AM,75,94,5,29.7,Rain,0,0,0,0,0,,,
2/3/2023,6:00 AM,75,94,5,29.7,Rain,0,0,0,0,0,,,
2/3/2023,6:30 AM,75,94,5,29.73,Rain,0,0,0,0,0,,,
2/3/2023,7:00 AM,75,94,2,29.73,Rain,0,0,0,0,0,,,
2/3/2023,7:30 AM,75,94,0,29.73,Rain,0,0,0,0,0,,,
2/3/2023,8:00 AM,75,94,3,29.76,Rain,0,0,0,0,0,,,
2/3/2023,8:30 AM,75,100,6,29.76,Rain,0,0,0,0,0,,,
2/3/2023,9:00 AM,75,100,3,29.76,Rain,2,1,0,1,1,,,
2/3/2023,9:30 AM,75,100,3,29.79,Rain,0,0,0,0,0,,,
2/3/2023,10:00 AM,75,100,5,29.79,Rain,0,0,0,0,0,,,
2/3/2023,10:30 AM,75,100,5,29.76,Rain,0,0,0,0,0,,,
2/3/2023,11:00 AM,75,100,5,29.79,Rain,0,0,0,0,0,,,
2/3/2023,11:30 AM,77,100,3,29.76,Rain,0,0,0,0,0,,,
2/3/2023,12:00 PM,77,100,6,29.76,Rain,0,0,0,0,0,,,
2/3/2023,12:30 PM,77,100,5,29.76,Rain,0,0,0,0,0,,,
2/3/2023,1:00 PM,77,94,6,29.73,Rain,0,0,0,0,0,,,
2/3/2023,1:30 PM,79,94,9,29.7,Clear,0,0,0,0,0,,,
2/3/2023,2:00 PM,79,89,8,29.7,Rain,0,0,0,0,0,,,
2/3/2023,2:30 PM,81,84,6,29.67,Clear,0,0,0,0,0,,,
2/3/2023,3:00 PM,81,89,8,29.67,Clear,0,0,0,0,0,,,
2/3/2023,3:30 PM,81,84,6,29.67,Rain,0,0,0,0,0,,,
2/3/2023,4:00 PM,81,84,5,29.67,Clear,0,0,0,0,0,,,
2/3/2023,4:30 PM,81,89,7,29.67,Clear,0,0,0,0,0,,,
2/3/2023,5:00 PM,81,89,7,29.67,Clear,0,0,0,0,0,,,
2/3/2023,5:30 PM,81,89,7,29.67,Clear,0,0,0,0,0,,,
2/3/2023,6:00 PM,81,89,7,29.67,Clear,0,0,0,0,0,,,
2/3/2023,6:30 PM,79,89,6,29.67,Clear,0,0,0,0,0,,,
2/3/2023,7:00 PM,79,89,6,29.7,Clear,0,0,0,0,0,,,
2/3/2023,7:30 PM,79,89,3,29.7,Clear,0,0,0,0,0,,,
2/3/2023,8:00 PM,79,89,5,29.7,Clear,0,0,0,0,0,,,
2/3/2023,8:30 PM,79,89,5,29.73,Clear,0,0,0,0,0,,,
2/3/2023,9:00 PM,79,89,6,29.73,Clear,0,0,0,0,0,,,
2/3/2023,9:30 PM,79,89,3,29.73,Clear,0,0,0,0,0,,,
2/3/2023,10:00 PM,79,89,3,29.73,Clear,0,0,0,0,0,,,
2/3/2023,10:30 PM,77,94,2,29.73,Clear,0,0,0,0,0,,,
2/3/2023,11:00 PM,77,94,0,29.73,Clear,0,0,0,0,0,,,
2/3/2023,11:30 PM,77,94,2,29.73,Clear,0,0,0,0,0,,,
2/4/2023,12:00 AM,77,94,7,29.73,Clear,0,0,0,0,0,,,
2/4/2023,12:30 AM,79,89,6,29.73,Clear,0,0,0,0,0,,,
2/4/2023,1:00 AM,79,89,6,29.7,Clear,0,0,0,0,0,,,
2/4/2023,1:30 AM,79,89,7,29.7,Clear,0,0,0,0,0,,,
2/4/2023,2:00 AM,79,89,5,29.7,Clear,0,0,0,0,0,,,
2/4/2023,2:30 AM,79,89,5,29.67,Clear,0,0,0,0,0,,,
2/4/2023,3:00 AM,77,94,7,29.67,Clear,0,0,0,0,0,,,
2/4/2023,3:30 AM,77,89,9,29.67,Clear,0,0,0,0,0,,,
2/4/2023,4:00 AM,75,94,7,29.67,Clear,0,0,0,0,0,,,
2/4/2023,4:30 AM,75,94,6,29.67,Clear,0,0,0,0,0,,,
2/4/2023,5:00 AM,77,89,2,29.67,Clear,0,0,0,0,0,,,
2/4/2023,5:30 AM,77,94,2,29.67,Clear,0,0,0,0,0,,,
2/4/2023,6:00 AM,77,89,2,29.67,Clear,0,0,0,0,0,,,
2/4/2023,6:30 AM,77,89,6,29.7,Clear,0,0,0,0,0,,,
2/4/2023,7:00 AM,77,94,7,29.7,Clear,0,0,0,0,0,,,
2/4/2023,7:30 AM,79,89,10,29.73,Clear,0,0,0,0,0,,,
2/4/2023,8:00 AM,81,89,10,29.73,Clear,0,0,0,0,0,,,
2/4/2023,8:30 AM,82,84,9,29.73,Clear,0,0,0,0,0,,,
2/4/2023,9:00 AM,82,79,10,29.76,Clear,0,0,0,0,0,,,
2/4/2023,9:30 AM,84,79,8,29.76,Clear,0,0,0,0,0,,,
2/4/2023,10:00 AM,84,79,12,29.76,Clear,0,0,0,0,0,,,
2/4/2023,10:30 AM,86,70,15,29.76,Clear,0,0,0,0,0,,,
2/4/2023,11:00 AM,88,66,12,29.76,Clear,0,0,0,0,0,,,
2/4/2023,11:30 AM,86,70,9,29.73,Clear,0,0,0,0,0,,,
2/4/2023,12:00 PM,86,70,10,29.73,Clear,0,0,0,0,0,,,
2/4/2023,12:30 PM,88,66,10,29.7,Clear,0,0,0,0,0,,,
2/4/2023,1:00 PM,86,70,9,29.7,Clear,0,0,0,0,0,,,
2/4/2023,1:30 PM,88,66,10,29.67,Clear,0,0,0,0,0,,,
2/4/2023,2:00 PM,88,66,13,29.67,Clear,0,0,0,0,0,,,
2/4/2023,2:30 PM,88,66,14,29.64,Clear,0,0,0,0,0,,,
2/4/2023,3:00 PM,90,62,15,29.64,Clear,0,0,0,0,0,,,
2/4/2023,3:30 PM,88,66,14,29.64,Clear,0,0,0,0,0,,,
2/4/2023,4:00 PM,86,70,15,29.64,Clear,0,0,0,0,0,,,
2/4/2023,4:30 PM,88,66,16,29.64,Clear,0,0,0,0,0,,,
2/4/2023,5:00 PM,86,66,15,29.64,Clear,0,0,0,0,0,,,
2/4/2023,5:30 PM,84,70,16,29.64,Clear,0,0,0,0,0,,,
2/4/2023,6:00 PM,84,70,17,29.64,Clear,0,0,0,0,0,,,
2/4/2023,6:30 PM,81,79,16,29.67,Clear,0,0,0,0,0,,,
2/4/2023,7:00 PM,81,84,14,29.67,Clear,0,0,0,0,0,,,
2/4/2023,7:30 PM,81,79,12,29.67,Clear,0,0,0,0,0,,,
2/4/2023,8:00 PM,79,83,9,29.7,Clear,0,0,0,0,0,,,
2/4/2023,8:30 PM,79,83,8,29.7,Clear,0,0,0,0,0,,,
2/4/2023,9:00 PM,79,83,9,29.73,Clear,0,0,0,0,0,,,
2/4/2023,9:30 PM,79,89,8,29.73,Clear,0,0,0,0,0,,,
2/4/2023,10:00 PM,79,89,3,29.73,Rain,0,0,0,0,0,,,
2/4/2023,10:30 PM,77,89,1,29.73,Clear,0,0,0,0,0,,,
2/4/2023,11:00 PM,77,89,1,29.73,Clear,0,0,0,0,0,,,
2/4/2023,11:30 PM,75,94,2,29.73,Clear,0,0,0,0,0,,,
2/5/2023,12:00 AM,75,94,0,29.73,Clear,0,0,0,0,0,,,
2/5/2023,12:30 AM,75,94,0,29.73,Clear,0,0,0,0,0,,,
2/5/2023,1:00 AM,75,94,0,29.73,Clear,0,0,0,0,0,,,
2/5/2023,1:30 AM,73,100,0,29.7,Clear,0,0,0,0,0,,,
2/5/2023,2:00 AM,75,94,3,29.7,Clear,0,0,0,0,0,,,
2/5/2023,2:30 AM,75,94,6,29.67,Clear,0,0,0,0,0,,,
2/5/2023,3:00 AM,75,94,7,29.67,Clear,0,0,0,0,0,,,
2/5/2023,3:30 AM,75,94,6,29.64,Clear,0,0,0,0,0,,,
2/5/2023,4:00 AM,73,100,5,29.64,Clear,0,0,0,0,0,,,
2/5/2023,4:30 AM,73,94,5,29.67,Clear,0,0,0,0,0,,,
2/5/2023,5:00 AM,73,100,3,29.67,Clear,0,0,0,0,0,,,
2/5/2023,5:30 AM,73,94,2,29.67,Clear,0,0,0,0,0,,,
2/5/2023,6:00 AM,73,94,5,29.67,Clear,0,0,0,0,0,,,
2/5/2023,6:30 AM,73,94,1,29.67,Clear,0,0,0,0,0,,,
2/5/2023,7:00 AM,73,94,6,29.7,Clear,0,0,0,0,0,,,
2/5/2023,7:30 AM,75,100,2,29.7,Clear,0,0,0,0,0,,,
2/5/2023,8:00 AM,79,89,3,29.73,Clear,0,0,0,0,0,,,
2/5/2023,8:30 AM,81,89,5,29.73,Clear,0,0,0,0,0,,,
2/5/2023,9:00 AM,82,84,7,29.73,Clear,0,0,0,0,0,,,
2/5/2023,9:30 AM,84,84,10,29.73,Clear,0,0,0,0,0,,,
2/5/2023,10:00 AM,86,74,13,29.76,Clear,0,0,0,0,0,,,
2/5/2023,10:30 AM,86,70,10,29.76,Clear,0,0,0,0,0,,,
2/5/2023,11:00 AM,88,66,14,29.73,Clear,0,0,0,0,0,,,
2/5/2023,11:30 AM,88,66,12,29.73,Clear,0,0,0,0,0,,,
2/5/2023,12:00 PM,90,62,13,29.7,Clear,0,0,0,0,0,,,
2/5/2023,12:30 PM,90,62,14,29.7,Clear,0,0,0,0,0,,,
2/5/2023,1:00 PM,90,59,15,29.67,Clear,0,0,0,0,0,,,
2/5/2023,1:30 PM,90,59,15,29.67,Clear,0,0,0,0,0,,,
2/5/2023,2:00 PM,90,59,14,29.64,Clear,0,0,0,0,0,,,
2/5/2023,2:30 PM,88,62,16,29.64,Clear,0,0,0,0,0,,,
2/5/2023,3:00 PM,86,66,20,29.64,Clear,0,0,0,0,0,,,
2/5/2023,3:30 PM,86,66,14,29.64,Clear,0,0,0,0,0,,,
2/5/2023,4:00 PM,86,66,16,29.64,Clear,0,0,0,0,0,,,
2/5/2023,4:30 PM,86,66,14,29.64,Clear,0,0,0,0,0,,,
2/5/2023,5:00 PM,86,66,17,29.64,Clear,0,0,0,0,0,,,
2/5/2023,5:30 PM,82,74,15,29.64,Clear,0,0,0,0,0,,,
2/5/2023,6:00 PM,82,74,12,29.64,Clear,0,0,0,0,0,,,
2/5/2023,6:30 PM,81,79,7,29.67,Clear,0,0,0,0,0,,,
2/5/2023,7:00 PM,81,79,8,29.67,Clear,0,0,0,0,0,,,
2/5/2023,7:30 PM,81,79,7,29.7,Clear,0,0,0,0,0,,,
2/5/2023,8:00 PM,81,84,8,29.7,Clear,0,0,0,0,0,,,
2/5/2023,8:30 PM,81,84,9,29.73,Clear,0,0,0,0,0,,,
2/5/2023,9:00 PM,81,84,8,29.73,Clear,0,0,0,0,0,,,
2/5/2023,9:30 PM,79,89,5,29.73,Clear,0,0,0,0,0,,,
2/5/2023,10:00 PM,79,89,3,29.73,Clear,0,0,0,0,0,,,
2/5/2023,10:30 PM,79,89,3,29.76,Clear,0,0,0,0,0,,,
2/5/2023,11:00 PM,77,94,1,29.73,Clear,0,0,0,0,0,,,
2/5/2023,11:30 PM,77,89,2,29.73,Clear,0,0,0,0,0,,,
2/6/2023,12:00 AM,77,89,2,29.73,Clear,0,0,0,0,0,,,
2/6/2023,12:30 AM,75,94,2,29.73,Clear,0,0,0,0,0,,,
2/6/2023,1:00 AM,77,94,2,29.73,Clear,0,0,0,0,0,,,
2/6/2023,1:30 AM,77,94,3,29.73,Clear,0,0,0,0,0,,,
2/6/2023,2:00 AM,77,94,1,29.7,Clear,0,0,0,0,0,,,
2/6/2023,2:30 AM,77,94,0,29.7,Clear,0,0,0,0,0,,,
2/6/2023,3:00 AM,77,94,0,29.7,Clear,0,0,0,0,0,,,
2/6/2023,3:30 AM,77,94,0,29.7,Clear,0,0,0,0,0,,,
2/6/2023,4:00 AM,77,94,6,29.7,Rain,0,0,0,0,0,,,
2/6/2023,4:30 AM,77,94,3,29.7,Clear,0,0,0,0,0,,,
2/6/2023,5:00 AM,75,94,0,29.7,Rain,0,0,0,0,0,,,
2/6/2023,5:30 AM,75,94,3,29.7,Clear,0,0,0,0,0,,,
2/6/2023,6:00 AM,75,94,3,29.73,Clear,0,0,0,0,0,,,
2/6/2023,6:30 AM,75,94,2,29.73,Clear,0,0,0,0,0,,,
2/6/2023,7:00 AM,75,100,0,29.73,Clear,0,0,0,0,0,,,
2/6/2023,7:30 AM,75,100,2,29.76,Clear,0,0,0,0,0,,,
2/6/2023,8:00 AM,77,94,1,29.76,Clear,0,0,0,0,0,,,
2/6/2023,8:30 AM,79,94,2,29.76,Clear,0,0,0,0,0,,,
2/6/2023,9:00 AM,81,89,5,29.79,Clear,0,0,0,0,0,,,
2/6/2023,9:30 AM,81,89,6,29.79,Clear,0,0,0,0,0,,,
2/6/2023,10:00 AM,82,84,8,29.79,Clear,0,0,0,0,0,,,
2/6/2023,10:30 AM,86,74,12,29.79,Clear,0,0,0,0,0,,,
2/6/2023,11:00 AM,86,74,12,29.79,Clear,0,0,0,0,0,,,
2/6/2023,11:30 AM,86,74,9,29.76,Clear,0,0,0,0,0,,,
2/6/2023,12:00 PM,88,66,12,29.76,Clear,0,0,0,0,0,,,
2/6/2023,12:30 PM,88,66,10,29.73,Clear,0,0,0,0,0,,,
2/6/2023,1:00 PM,90,62,12,29.7,Clear,0,0,0,0,0,,,
2/6/2023,1:30 PM,88,62,12,29.7,Clear,0,0,0,0,0,,,
2/6/2023,2:00 PM,90,59,13,29.67,Clear,0,0,0,0,0,,,
2/6/2023,2:30 PM,88,62,12,29.67,Clear,0,0,0,0,0,,,
2/6/2023,3:00 PM,88,62,9,29.67,Clear,0,0,0,0,0,,,
2/6/2023,3:30 PM,88,58,12,29.64,Clear,0,0,0,0,0,,,
2/6/2023,4:00 PM,88,62,13,29.64,Clear,0,0,0,0,0,,,
2/6/2023,4:30 PM,86,66,12,29.67,Clear,0,0,0,0,0,,,
2/6/2023,5:00 PM,86,62,12,29.67,Clear,0,0,0,0,0,,,
2/6/2023,5:30 PM,84,70,10,29.67,Clear,0,0,0,0,0,,,
2/6/2023,6:00 PM,82,74,8,29.67,Clear,0,0,0,0,0,,,
2/6/2023,6:30 PM,81,79,8,29.7,Clear,0,0,0,0,0,,,
2/6/2023,7:00 PM,81,79,6,29.7,Clear,0,0,0,0,0,,,
2/6/2023,7:30 PM,79,83,5,29.7,Clear,0,0,0,0,0,,,
2/6/2023,8:00 PM,79,83,6,29.73,Clear,0,0,0,0,0,,,
2/6/2023,8:30 PM,77,89,3,29.73,Clear,0,0,0,0,0,,,
2/6/2023,9:00 PM,77,89,3,29.76,Clear,0,0,0,0,0,,,
2/6/2023,9:30 PM,77,89,3,29.76,Clear,0,0,0,0,0,,,
2/6/2023,10:00 PM,77,89,5,29.76,Clear,0,0,0,0,0,,,
2/6/2023,10:30 PM,75,94,2,29.76,Clear,0,0,0,0,0,,,
2/6/2023,11:00 PM,75,94,3,29.76,Clear,0,0,0,0,0,,,
2/6/2023,11:30 PM,75,94,2,29.76,Clear,0,0,0,0,0,,,
2/7/2023,12:00 AM,75,94,0,29.73,Clear,0,0,0,0,0,,,
2/7/2023,12:30 AM,75,94,2,29.73,Clear,0,0,0,0,0,,,
2/7/2023,1:00 AM,75,94,2,29.73,Clear,0,0,0,0,0,,,
2/7/2023,1:30 AM,75,94,2,29.73,Clear,0,0,0,0,0,,,
2/7/2023,2:00 AM,75,94,2,29.7,Clear,0,0,0,0,0,,,
2/7/2023,2:30 AM,75,94,2,29.7,Clear,0,0,0,0,0,,,
2/7/2023,3:00 AM,75,94,2,29.7,Clear,0,0,0,0,0,,,
2/7/2023,3:30 AM,75,94,2,29.67,Clear,0,0,0,0,0,,,
2/7/2023,4:00 AM,73,100,0,29.67,Clear,0,0,0,0,0,,,
2/7/2023,4:30 AM,73,100,0,29.67,Clear,0,0,0,0,0,,,
2/7/2023,5:00 AM,73,94,0,29.7,Clear,0,0,0,0,0,,,
2/7/2023,5:30 AM,73,94,0,29.7,Clear,0,0,0,0,0,,,
2/7/2023,6:00 AM,72,100,0,29.7,Clear,0,0,0,0,0,,,
2/7/2023,6:30 AM,73,100,2,29.7,Clear,0,0,0,0,0,,,
2/7/2023,7:00 AM,73,100,2,29.7,Clear,0,0,0,0,0,,,
2/7/2023,7:30 AM,75,94,3,29.73,Clear,0,0,0,0,0,,,
2/7/2023,8:00 AM,77,94,0,29.73,Clear,0,0,0,0,0,,,
2/7/2023,8:30 AM,81,89,7,29.76,Clear,0,0,0,0,0,,,
2/7/2023,9:00 AM,82,84,7,29.76,Clear,0,0,0,0,0,,,
2/7/2023,9:30 AM,82,84,8,29.79,Clear,0,0,0,0,0,,,
2/7/2023,10:00 AM,84,79,10,29.79,Clear,0,0,0,0,0,,,
2/7/2023,10:30 AM,86,70,9,29.76,Clear,0,0,0,0,0,,,
2/7/2023,11:00 AM,88,66,13,29.76,Clear,0,0,0,0,0,,,
2/7/2023,11:30 AM,88,66,12,29.76,Clear,0,0,0,0,0,,,
2/7/2023,12:00 PM,88,66,10,29.73,Clear,0,0,0,0,0,,,
2/7/2023,12:30 PM,90,59,13,29.73,Clear,0,0,0,0,0,,,
2/7/2023,1:00 PM,90,59,13,29.73,Clear,0,0,0,0,0,,,
2/7/2023,1:30 PM,90,59,13,29.7,Clear,0,0,0,0,0,,,
2/7/2023,2:00 PM,90,59,14,29.7,Clear,0,0,0,0,0,,,
2/7/2023,2:30 PM,90,59,13,29.67,Clear,0,0,0,0,0,,,
2/7/2023,3:00 PM,88,62,13,29.67,Clear,0,0,0,0,0,,,
2/7/2023,3:30 PM,88,58,12,29.67,Clear,0,0,0,0,0,,,
2/7/2023,4:00 PM,88,62,9,29.64,Clear,0,0,0,0,0,,,
2/7/2023,4:30 PM,86,70,12,29.67,Clear,0,0,0,0,0,,,
2/7/2023,5:00 PM,86,70,12,29.67,Clear,0,0,0,0,0,,,
2/7/2023,5:30 PM,84,74,10,29.67,Clear,0,0,0,0,0,,,
2/7/2023,6:00 PM,82,74,9,29.7,Clear,0,0,0,0,0,,,
2/7/2023,6:30 PM,82,74,7,29.7,Clear,0,0,0,0,0,,,
2/7/2023,7:00 PM,81,79,6,29.73,Clear,0,0,0,0,0,,,
2/7/2023,7:30 PM,81,79,5,29.73,Clear,0,0,0,0,0,,,
2/7/2023,8:00 PM,81,79,3,29.73,Clear,0,0,0,0,0,,,
2/7/2023,8:30 PM,79,83,3,29.76,Clear,0,0,0,0,0,,,
2/7/2023,9:00 PM,79,83,5,29.76,Clear,0,0,0,0,0,,,
2/7/2023,9:30 PM,79,83,3,29.76,Clear,0,0,0,0,0,,,
2/7/2023,10:00 PM,77,89,3,29.76,Clear,0,0,0,0,0,,,
2/7/2023,10:30 PM,77,89,5,29.76,Clear,0,0,0,0,0,,,
2/7/2023,11:00 PM,75,94,3,29.76,Clear,0,0,0,0,0,,,
2/7/2023,11:30 PM,75,94,3,29.76,Clear,0,0,0,0,0,,,
2/8/2023,12:00 AM,77,89,5,29.76,Clear,0,0,0,0,0,,,
2/8/2023,12:30 AM,77,89,3,29.76,Clear,0,0,0,0,0,,,
2/8/2023,1:00 AM,75,89,3,29.73,Clear,0,0,0,0,0,,,
2/8/2023,1:30 AM,75,89,2,29.73,Clear,0,0,0,0,0,,,
2/8/2023,2:00 AM,73,94,3,29.73,Clear,0,0,0,0,0,,,
2/8/2023,2:30 AM,73,94,3,29.7,Clear,0,0,0,0,0,,,
2/8/2023,3:00 AM,73,94,5,29.7,Clear,0,0,0,0,0,,,
2/8/2023,3:30 AM,73,94,6,29.7,Clear,0,0,0,0,0,,,
2/8/2023,4:00 AM,73,94,3,29.7,Clear,0,0,0,0,0,,,
2/8/2023,4:30 AM,73,94,3,29.7,Clear,0,0,0,0,0,,,
2/8/2023,5:00 AM,72,100,5,29.7,Clear,0,0,0,0,0,,,
2/8/2023,5:30 AM,73,100,6,29.7,Clear,0,0,0,0,0,,,
2/8/2023,6:00 AM,73,100,3,29.7,Clear,0,0,0,0,0,,,
2/8/2023,6:30 AM,72,100,0,29.7,Clear,0,0,0,0,0,,,
2/8/2023,7:00 AM,72,100,0,29.73,Clear,0,0,0,0,0,,,
2/8/2023,7:30 AM,73,100,3,29.73,Clear,0,0,0,0,0,,,
2/8/2023,8:00 AM,75,100,2,29.76,Clear,0,0,0,0,0,,,
2/8/2023,8:30 AM,77,94,2,29.76,Clear,0,0,0,0,0,,,
2/8/2023,9:00 AM,81,94,6,29.76,Clear,0,0,0,0,0,,,
2/8/2023,9:30 AM,82,89,7,29.76,Clear,0,0,0,0,0,,,
2/8/2023,10:00 AM,81,89,6,29.76,Rain,0,0,0,0,0,,,
2/8/2023,10:30 AM,82,84,7,29.76,Clear,0,0,0,0,0,,,
2/8/2023,11:00 AM,84,79,9,29.76,Clear,0,0,0,0,0,,,
2/8/2023,11:30 AM,86,74,12,29.76,Clear,0,0,0,0,0,,,
2/8/2023,12:00 PM,88,66,14,29.73,Clear,0,0,0,0,0,,,
2/8/2023,12:30 PM,88,62,15,29.73,Clear,0,0,0,0,0,,,
2/8/2023,1:00 PM,88,62,13,29.7,Clear,0,0,0,0,0,,,
2/8/2023,1:30 PM,88,62,14,29.7,Clear,0,0,0,0,0,,,
2/8/2023,2:00 PM,90,59,16,29.7,Clear,0,0,0,0,0,,,
2/8/2023,2:30 PM,90,59,17,29.67,Clear,0,0,0,0,0,,,
2/8/2023,3:00 PM,88,62,15,29.67,Clear,0,0,0,0,0,,,
2/8/2023,3:30 PM,88,62,15,29.64,Clear,0,0,0,0,0,,,
2/8/2023,4:00 PM,88,62,15,29.64,Clear,0,0,0,0,0,,,
2/8/2023,4:30 PM,86,66,14,29.64,Clear,0,0,0,0,0,,,
2/8/2023,5:00 PM,84,66,15,29.64,Clear,0,0,0,0,0,,,
2/8/2023,5:30 PM,84,70,13,29.67,Clear,0,0,0,0,0,,,
2/8/2023,6:00 PM,82,74,12,29.67,Clear,0,0,0,0,0,,,
2/8/2023,6:30 PM,82,74,8,29.67,Clear,0,0,0,0,0,,,
2/8/2023,7:00 PM,81,79,8,29.7,Clear,0,0,0,0,0,,,
2/8/2023,7:30 PM,81,79,7,29.7,Clear,0,0,0,0,0,,,
2/8/2023,8:00 PM,81,79,8,29.7,Clear,0,0,0,0,0,,,
2/8/2023,8:30 PM,79,83,6,29.73,Clear,0,0,0,0,0,,,
2/8/2023,9:00 PM,79,83,3,29.73,Clear,0,0,0,0,0,,,
2/8/2023,9:30 PM,77,89,5,29.73,Clear,0,0,0,0,0,,,
2/8/2023,10:00 PM,75,94,3,29.76,Clear,0,0,0,0,0,,,
2/8/2023,10:30 PM,75,94,0,29.76,Clear,0,0,0,0,0,,,
2/8/2023,11:00 PM,75,94,0,29.76,Clear,0,0,0,0,0,,,
2/8/2023,11:30 PM,75,94,0,29.73,Clear,0,0,0,0,0,,,
2/9/2023,12:00 AM,75,94,2,29.73,Clear,0,0,0,0,0,,,
2/9/2023,12:30 AM,75,94,2,29.73,Clear,0,0,0,0,0,,,
2/9/2023,1:00 AM,75,94,0,29.73,Clear,0,0,0,0,0,,,
2/9/2023,1:30 AM,75,94,0,29.73,Clear,0,0,0,0,0,,,
2/9/2023,2:00 AM,73,94,0,29.7,Clear,0,0,0,0,0,,,
2/9/2023,2:30 AM,73,94,0,29.7,Clear,0,0,0,0,0,,,
2/9/2023,3:00 AM,73,94,3,29.7,Clear,0,0,0,0,0,,,
2/9/2023,3:30 AM,73,94,3,29.7,Clear,0,0,0,0,0,,,
2/9/2023,4:00 AM,73,94,3,29.67,Clear,0,0,0,0,0,,,
2/9/2023,4:30 AM,73,94,5,29.7,Clear,0,0,0,0,0,,,
2/9/2023,5:00 AM,72,100,0,29.7,Clear,0,0,0,0,0,,,
2/9/2023,5:30 AM,72,100,3,29.7,Clear,0,0,0,0,0,,,
2/9/2023,6:00 AM,72,100,2,29.7,Clear,0,0,0,0,0,,,
2/9/2023,6:30 AM,72,100,0,29.7,Clear,0,0,0,0,0,,,
2/9/2023,7:00 AM,72,100,0,29.73,Clear,0,0,0,0,0,,,
2/9/2023,7:30 AM,73,100,0,29.73,Clear,0,0,0,0,0,,,
2/9/2023,8:00 AM,75,94,0,29.76,Clear,0,0,0,0,0,,,
2/9/2023,8:30 AM,77,94,0,29.76,Clear,0,0,0,0,0,,,
2/9/2023,9:00 AM,79,94,3,29.76,Clear,0,0,0,0,0,,,
2/9/2023,9:30 AM,82,84,6,29.79,Clear,0,0,0,0,0,,,
2/9/2023,10:00 AM,84,79,3,29.79,Clear,0,0,0,0,0,,,
2/9/2023,10:30 AM,86,74,10,29.76,Clear,0,0,0,0,0,,,
2/9/2023,11:00 AM,86,70,13,29.76,Clear,0,0,0,0,0,,,
2/9/2023,11:30 AM,88,66,12,29.73,Clear,0,0,0,0,0,,,
2/9/2023,12:00 PM,88,62,10,29.73,Clear,0,0,0,0,0,,,
2/9/2023,12:30 PM,90,59,8,29.73,Clear,0,0,0,0,0,,,
2/9/2023,1:00 PM,90,59,7,29.7,Clear,0,0,0,0,0,,,
2/9/2023,1:30 PM,90,55,9,29.67,Clear,0,0,0,0,0,,,
2/9/2023,2:00 PM,91,52,10,29.67,Clear,0,0,0,0,0,,,
2/9/2023,2:30 PM,90,55,12,29.64,Clear,0,0,0,0,0,,,
2/9/2023,3:00 PM,90,59,10,29.64,Clear,0,0,0,0,0,,,
2/9/2023,3:30 PM,90,59,13,29.61,Clear,0,0,0,0,0,,,
2/9/2023,4:00 PM,90,59,10,29.64,Clear,0,0,0,0,0,,,
2/9/2023,4:30 PM,88,62,13,29.64,Clear,0,0,0,0,0,,,
2/9/2023,5:00 PM,88,62,13,29.64,Clear,0,0,0,0,0,,,
2/9/2023,5:30 PM,86,66,12,29.64,Clear,0,0,0,0,0,,,
2/9/2023,6:00 PM,84,70,10,29.67,Clear,0,0,0,0,0,,,
2/9/2023,6:30 PM,82,74,7,29.67,Clear,0,0,0,0,0,,,
2/9/2023,7:00 PM,82,74,6,29.67,Clear,0,0,0,0,0,,,
2/9/2023,7:30 PM,82,74,6,29.67,Clear,0,0,0,0,0,,,
2/9/2023,8:00 PM,81,79,5,29.7,Clear,0,0,0,0,0,,,
2/9/2023,8:30 PM,81,79,6,29.7,Clear,0,0,0,0,0,,,
2/9/2023,9:00 PM,81,79,6,29.73,Clear,0,0,0,0,0,,,
2/9/2023,9:30 PM,81,84,6,29.73,Clear,0,0,0,0,0,,,
2/9/2023,10:00 PM,81,84,6,29.76,Clear,0,0,0,0,0,,,
2/9/2023,10:30 PM,79,89,7,29.76,Clear,0,0,0,0,0,,,
2/9/2023,11:00 PM,79,89,6,29.76,Clear,0,0,0,0,0,,,
2/9/2023,11:30 PM,79,89,3,29.76,Clear,0,0,0,0,0,,,
2/10/2023,12:00 AM,79,89,5,29.76,Clear,0,0,0,0,0,,,
2/10/2023,12:30 AM,79,89,3,29.73,Clear,0,0,0,0,0,,,
2/10/2023,1:00 AM,75,94,2,29.73,Clear,0,0,0,0,0,,,
2/10/2023,1:30 AM,75,94,3,29.73,Clear,0,0,0,0,0,,,
2/10/2023,2:00 AM,75,94,5,29.7,Clear,0,0,0,0,0,,,
2/10/2023,3:00 AM,73,100,3,29.7,Clear,0,0,0,0,0,,,
2/10/2023,3:30 AM,73,94,2,29.7,Clear,0,0,0,0,0,,,
2/10/2023,4:00 AM,73,94,3,29.7,Clear,0,0,0,0,0,,,
2/10/2023,4:30 AM,73,94,3,29.7,Clear,0,0,0,0,0,,,
2/10/2023,5:00 AM,73,94,3,29.7,Clear,0,0,0,0,0,,,
2/10/2023,5:30 AM,73,94,3,29.7,Clear,0,0,0,0,0,,,
2/10/2023,6:00 AM,73,94,5,29.7,Clear,0,0,0,0,0,,,
2/10/2023,6:30 AM,73,94,5,29.7,Clear,0,0,0,0,0,,,
2/10/2023,7:00 AM,72,100,1,29.73,Clear,0,0,0,0,0,,,
2/10/2023,7:30 AM,75,100,3,29.73,Clear,0,0,0,0,0,,,
2/10/2023,8:00 AM,77,94,5,29.73,Clear,0,0,0,0,0,,,
2/10/2023,8:30 AM,81,89,7,29.76,Clear,0,0,0,0,0,,,
2/10/2023,9:00 AM,82,84,8,29.79,Clear,0,0,0,0,0,,,
2/10/2023,9:30 AM,84,79,9,29.79,Clear,0,0,0,0,0,,,
2/10/2023,10:00 AM,84,74,10,29.79,Clear,0,0,0,0,0,,,
2/10/2023,10:30 AM,86,74,9,29.79,Clear,0,0,0,0,0,,,
2/10/2023,11:00 AM,86,70,9,29.79,Clear,0,0,0,0,0,,,
2/10/2023,11:30 AM,86,70,9,29.76,Clear,0,0,0,0,0,,,
2/10/2023,12:00 PM,90,62,13,29.76,Clear,0,0,0,0,0,,,
2/10/2023,12:30 PM,88,62,10,29.73,Clear,0,0,0,0,0,,,
2/10/2023,1:00 PM,90,59,10,29.73,Clear,0,0,0,0,0,,,
2/10/2023,1:30 PM,90,59,9,29.7,Clear,0,0,0,0,0,,,
2/10/2023,2:00 PM,91,55,9,29.7,Clear,1,1,0,1,0,,,
2/10/2023,2:30 PM,91,59,10,29.67,Clear,0,0,0,0,0,,,
2/10/2023,3:00 PM,90,62,10,29.64,Clear,0,0,0,0,0,,,
2/10/2023,3:30 PM,90,62,9,29.64,Clear,0,0,0,0,0,,,
2/10/2023,4:00 PM,88,66,10,29.64,Clear,0,0,0,0,0,,,
2/10/2023,4:30 PM,86,70,10,29.64,Clear,0,0,0,0,0,,,
2/10/2023,5:00 PM,86,70,8,29.64,Clear,0,0,0,0,0,,,
2/10/2023,5:30 PM,86,70,9,29.67,Clear,0,0,0,0,0,,,
2/10/2023,6:00 PM,84,70,8,29.67,Clear,0,0,0,0,0,,,
2/10/2023,6:30 PM,82,79,8,29.67,Clear,0,0,0,0,0,,,
2/10/2023,7:00 PM,82,79,8,29.7,Clear,0,0,0,0,0,,,
2/10/2023,7:30 PM,81,84,7,29.7,Clear,0,0,0,0,0,,,
2/10/2023,8:00 PM,81,84,6,29.73,Clear,0,0,0,0,0,,,
2/10/2023,8:30 PM,81,84,3,29.73,Clear,0,0,0,0,0,,,
2/10/2023,9:00 PM,81,84,5,29.73,Clear,0,0,0,0,0,,,
2/10/2023,9:30 PM,81,84,5,29.76,Clear,0,0,0,0,0,,,
2/10/2023,10:00 PM,79,89,3,29.76,Clear,0,0,0,0,0,,,
2/10/2023,10:30 PM,77,94,3,29.76,Clear,0,0,0,0,0,,,
2/10/2023,11:00 PM,77,89,3,29.76,Clear,0,0,0,0,0,,,
2/10/2023,11:30 PM,79,89,5,29.76,Clear,0,0,0,0,0,,,
2/11/2023,12:00 AM,77,89,2,29.76,Clear,0,0,0,0,0,,,
2/11/2023,12:30 AM,75,94,2,29.76,Clear,0,0,0,0,0,,,
2/11/2023,1:00 AM,75,94,3,29.76,Clear,0,0,0,0,0,,,
2/11/2023,1:30 AM,75,94,2,29.76,Clear,0,0,0,0,0,,,
2/11/2023,2:00 AM,75,94,0,29.73,Clear,0,0,0,0,0,,,
2/11/2023,2:30 AM,75,94,2,29.73,Clear,0,0,0,0,0,,,
2/11/2023,3:00 AM,75,100,3,29.73,Clear,0,0,0,0,0,,,
2/11/2023,3:30 AM,77,94,3,29.73,Clear,0,0,0,0,0,,,
2/11/2023,4:00 AM,77,94,3,29.7,Clear,0,0,0,0,0,,,
2/11/2023,4:30 AM,77,94,2,29.7,Clear,0,0,0,0,0,,,
2/11/2023,5:00 AM,75,100,3,29.7,Clear,0,0,0,0,0,,,
2/11/2023,5:30 AM,75,100,0,29.7,Clear,0,0,0,0,0,,,
2/11/2023,6:00 AM,75,100,0,29.73,Clear,0,0,0,0,0,,,
2/11/2023,6:30 AM,75,94,1,29.73,Clear,0,0,0,0,0,,,
2/11/2023,7:00 AM,75,94,2,29.73,Clear,0,0,0,0,0,,,
2/11/2023,7:30 AM,77,94,1,29.73,Clear,0,0,0,0,0,,,
2/11/2023,8:00 AM,79,94,2,29.76,Clear,0,0,0,0,0,,,
2/11/2023,8:30 AM,81,94,3,29.76,Clear,0,0,0,0,0,,,
2/11/2023,9:00 AM,82,89,8,29.79,Clear,0,0,0,0,0,,,
2/11/2023,9:30 AM,82,84,6,29.79,Clear,0,0,0,0,0,,,
2/11/2023,10:00 AM,86,79,7,29.79,Clear,0,0,0,0,0,,,
2/11/2023,10:30 AM,88,75,7,29.79,Clear,0,0,0,0,0,,,
2/11/2023,11:00 AM,84,79,9,29.79,Clear,0,0,0,0,0,,,
2/11/2023,11:30 AM,88,70,9,29.76,Clear,0,0,0,0,0,,,
2/11/2023,12:00 PM,88,66,10,29.76,Clear,0,0,0,0,0,,,
2/11/2023,12:30 PM,90,62,14,29.73,Clear,0,0,0,0,0,,,
2/11/2023,1:00 PM,90,62,14,29.73,Clear,0,0,0,0,0,,,
2/11/2023,1:30 PM,90,62,12,29.73,Clear,0,0,0,0,0,,,
2/11/2023,2:00 PM,90,59,12,29.7,Clear,0,0,0,0,0,,,
2/11/2023,2:30 PM,90,62,9,29.7,Clear,0,0,0,0,0,,,
2/11/2023,3:00 PM,90,59,9,29.7,Clear,0,0,0,0,0,,,
2/11/2023,3:30 PM,90,59,10,29.67,Clear,0,0,0,0,0,,,
2/11/2023,4:00 PM,88,62,9,29.67,Clear,0,0,0,0,0,,,
2/11/2023,4:30 PM,88,66,13,29.67,Clear,0,0,0,0,0,,,
2/11/2023,5:00 PM,86,66,10,29.67,Clear,0,0,0,0,0,,,
2/11/2023,5:30 PM,86,66,12,29.67,Clear,0,0,0,0,0,,,
2/11/2023,6:00 PM,84,70,10,29.67,Clear,0,0,0,0,0,,,
2/11/2023,6:30 PM,82,74,8,29.7,Clear,0,0,0,0,0,,,
2/11/2023,7:00 PM,81,79,6,29.7,Clear,0,0,0,0,0,,,
2/11/2023,7:30 PM,81,79,7,29.7,Clear,0,0,0,0,0,,,
2/11/2023,8:00 PM,81,79,7,29.73,Clear,0,0,0,0,0,,,
2/11/2023,8:30 PM,79,83,7,29.73,Clear,0,0,0,0,0,,,
2/11/2023,9:00 PM,79,83,5,29.76,Clear,0,0,0,0,0,,,
2/11/2023,9:30 PM,79,83,5,29.76,Clear,0,0,0,0,0,,,
2/11/2023,10:00 PM,77,89,3,29.76,Clear,0,0,0,0,0,,,
2/11/2023,10:30 PM,77,89,0,29.76,Clear,0,0,0,0,0,,,
2/11/2023,11:00 PM,77,94,2,29.76,Clear,0,0,0,0,0,,,
2/11/2023,11:30 PM,75,94,2,29.79,Clear,0,0,0,0,0,,,
2/12/2023,12:00 AM,75,94,2,29.76,Clear,0,0,0,0,0,,,
2/12/2023,12:30 AM,73,100,3,29.76,Clear,0,0,0,0,0,,,
2/12/2023,1:00 AM,73,100,3,29.76,Clear,0,0,0,0,0,,,
2/12/2023,1:30 AM,75,94,3,29.73,Clear,0,0,0,0,0,,,
2/12/2023,2:00 AM,75,94,5,29.73,Clear,0,0,0,0,0,,,
2/12/2023,2:30 AM,75,94,5,29.73,Clear,0,0,0,0,0,,,
2/12/2023,3:00 AM,73,94,2,29.73,Clear,0,0,0,0,0,,,
2/12/2023,3:30 AM,73,94,2,29.73,Clear,0,0,0,0,0,,,
2/12/2023,4:00 AM,73,94,0,29.7,Clear,0,0,0,0,0,,,
2/12/2023,4:30 AM,73,94,0,29.7,Clear,0,0,0,0,0,,,
2/12/2023,5:00 AM,72,100,0,29.73,Clear,0,0,0,0,0,,,
2/12/2023,5:30 AM,72,100,0,29.73,Clear,0,0,0,0,0,,,
2/12/2023,6:00 AM,72,100,0,29.73,Clear,0,0,0,0,0,,,
2/12/2023,6:30 AM,72,100,0,29.73,Clear,0,0,0,0,0,,,
2/12/2023,7:00 AM,72,100,0,29.76,Clear,0,0,0,0,0,,,
2/12/2023,7:30 AM,73,100,0,29.76,Clear,0,0,0,0,0,,,
2/12/2023,8:00 AM,75,100,2,29.79,Clear,0,0,0,0,0,,,
2/12/2023,8:30 AM,79,94,2,29.79,Clear,0,0,0,0,0,,,
2/12/2023,9:00 AM,81,89,3,29.79,Clear,0,0,0,0,0,,,
2/12/2023,9:30 AM,82,89,5,29.79,Clear,0,0,0,0,0,,,
2/12/2023,10:00 AM,82,84,5,29.81,Clear,0,0,0,0,0,,,
2/12/2023,10:30 AM,86,79,5,29.79,Clear,0,0,0,0,0,,,
2/12/2023,11:00 AM,86,79,6,29.79,Clear,0,0,0,0,0,,,
2/12/2023,11:30 AM,88,75,8,29.79,Clear,0,0,0,0,0,,,
2/12/2023,12:00 PM,88,70,8,29.76,Clear,0,0,0,0,0,,,
2/12/2023,12:30 PM,90,62,7,29.76,Clear,0,0,0,0,0,,,
2/12/2023,1:00 PM,90,59,9,29.73,Clear,0,0,0,0,0,,,
2/12/2023,1:30 PM,90,59,10,29.73,Clear,0,0,0,0,0,,,
2/12/2023,2:00 PM,90,59,9,29.73,Clear,0,0,0,0,0,,,
2/12/2023,2:30 PM,88,62,9,29.73,Clear,0,0,0,0,0,,,
2/12/2023,3:00 PM,90,55,9,29.7,Clear,0,0,0,0,0,,,
2/12/2023,3:30 PM,88,62,10,29.7,Clear,0,0,0,0,0,,,
2/12/2023,4:00 PM,88,58,8,29.7,Clear,0,0,0,0,0,,,
2/12/2023,4:30 PM,88,58,10,29.7,Clear,0,0,0,0,0,,,
2/12/2023,5:00 PM,86,62,10,29.7,Clear,0,0,0,0,0,,,
2/12/2023,5:30 PM,84,70,9,29.7,Clear,0,0,0,0,0,,,
2/12/2023,6:00 PM,82,74,7,29.7,Clear,0,0,0,0,0,,,
2/12/2023,6:30 PM,82,74,7,29.73,Clear,0,0,0,0,0,,,
2/12/2023,7:00 PM,81,79,5,29.73,Clear,0,0,0,0,0,,,
2/12/2023,7:30 PM,81,79,5,29.76,Clear,0,0,0,0,0,,,
2/12/2023,8:00 PM,79,83,5,29.76,Clear,0,0,0,0,0,,,
2/12/2023,8:30 PM,77,83,5,29.79,Clear,0,0,0,0,0,,,
2/12/2023,9:00 PM,77,83,3,29.79,Clear,0,0,0,0,0,,,
2/12/2023,9:30 PM,77,89,2,29.79,Clear,0,0,0,0,0,,,
2/12/2023,10:00 PM,75,89,3,29.79,Clear,0,0,0,0,0,,,
2/12/2023,10:30 PM,75,94,3,29.79,Clear,0,0,0,0,0,,,
2/12/2023,11:00 PM,75,89,5,29.79,Clear,0,0,0,0,0,,,
2/12/2023,11:30 PM,73,94,2,29.79,Clear,0,0,0,0,0,,,
02/13/2023,12:00 AM,73,94,3,29.79,Clear,0,0,0,0,0,,,
02/13/2023,12:30 AM,73,94,5,29.79,Clear,0,0,0,0,0,,,
02/13/2023,1:00 AM,73,94,5,29.76,Clear,0,0,0,0,0,,,
02/13/2023,1:30 AM,73,94,5,29.76,Clear,0,0,0,0,0,,,
02/13/2023,2:00 AM,73,94,1,29.76,Clear,0,0,0,0,0,,,
02/13/2023,2:30 AM,72,100,2,29.73,Clear,0,0,0,0,0,,,
02/13/2023,3:00 AM,72,100,0,29.73,Clear,0,0,0,0,0,,,
02/13/2023,3:30 AM,72,100,1,29.73,Clear,0,0,0,0,0,,,
02/13/2023,4:00 AM,72,94,1,29.73,Clear,0,0,0,0,0,,,
02/13/2023,4:30 AM,72,94,0,29.73,Clear,0,0,0,0,0,,,
02/13/2023,5:00 AM,72,94,3,29.73,Clear,0,0,0,0,0,,,
02/13/2023,5:30 AM,72,94,1,29.73,Clear,0,0,0,0,0,,,
02/13/2023,6:00 AM,70,100,2,29.73,Clear,0,0,0,0,0,,,
02/13/2023,6:30 AM,72,94,3,29.76,Clear,0,0,0,0,0,,,
02/13/2023,7:00 AM,72,94,0,29.76,Clear,0,0,0,0,0,,,
02/13/2023,7:30 AM,72,100,0,29.79,Clear,0,0,0,0,0,,,
02/13/2023,8:00 AM,75,94,0,29.79,Clear,0,0,0,0,0,,,
02/13/2023,8:30 AM,79,89,1,29.79,Clear,2,1,0,2,0,,,
02/13/2023,9:00 AM,82,89,2,29.79,Clear,0,0,0,0,0,,,
02/13/2023,9:30 AM,82,84,6,29.79,Clear,0,0,0,0,0,,,
02/13/2023,10:00 AM,84,79,7,29.79,Clear,0,0,0,0,0,,,
02/13/2023,10:30 AM,86,74,6,29.79,Clear,0,0,0,0,0,,,
02/13/2023,11:00 AM,88,75,3,29.79,Clear,0,0,0,0,0,,,
02/13/2023,11:30 AM,90,66,7,29.76,Clear,0,0,0,0,0,,,
02/13/2023,12:00 PM,90,66,8,29.76,Clear,0,0,0,0,0,,,
02/13/2023,12:30 PM,90,59,12,29.76,Clear,0,0,0,0,0,,,
02/13/2023,1:00 PM,91,52,12,29.73,Clear,0,0,0,0,0,,,
02/13/2023,1:30 PM,91,52,10,29.73,Clear,0,0,0,0,0,,,
02/13/2023,2:00 PM,90,55,8,29.7,Clear,0,0,0,0,0,,,
02/13/2023,2:30 PM,91,49,10,29.7,Clear,0,0,0,0,0,,,
02/13/2023,3:00 PM,91,49,9,29.7,Clear,0,0,0,0,0,,,
02/13/2023,3:30 PM,90,55,12,29.67,Clear,0,0,0,0,0,,,
02/13/2023,4:00 PM,88,62,9,29.67,Clear,0,0,0,0,0,,,
02/13/2023,4:30 PM,88,66,9,29.67,Clear,0,0,0,0,0,,,
02/13/2023,5:00 PM,86,66,9,29.67,Clear,0,0,0,0,0,,,
02/13/2023,5:30 PM,86,70,8,29.7,Clear,0,0,0,0,0,,,
02/13/2023,6:00 PM,84,70,12,29.7,Clear,0,0,0,0,0,,,
02/13/2023,6:30 PM,82,74,8,29.7,Clear,0,0,0,0,0,,,
02/13/2023,7:00 PM,81,79,7,29.73,Clear,0,0,0,0,0,,,
02/13/2023,7:30 PM,81,79,3,29.76,Clear,0,0,0,0,0,,,
02/13/2023,8:00 PM,81,79,5,29.76,Clear,0,0,0,0,0,,,
02/13/2023,8:30 PM,79,83,3,29.79,Clear,0,0,0,0,0,,,
02/13/2023,9:00 PM,79,83,3,29.79,Clear,0,0,0,0,0,,,
02/13/2023,9:30 PM,79,83,3,29.79,Clear,0,0,0,0,0,,,
02/13/2023,10:00 PM,79,83,3,29.79,Clear,0,0,0,0,0,,,
02/13/2023,10:30 PM,77,89,5,29.79,Clear,0,0,0,0,0,,,
02/13/2023,11:00 PM,75,89,5,29.79,Clear,0,0,0,0,0,,,
02/13/2023,11:30 PM,75,89,3,29.79,Clear,0,0,0,0,0,,,
02/14/2023,12:00 AM,73,94,1,29.79,Clear,0,0,0,0,0,,,
02/14/2023,12:30 AM,73,94,0,29.79,Clear,0,0,0,0,0,,,
02/14/2023,1:00 AM,73,94,2,29.76,Clear,0,0,0,0,0,,,
02/14/2023,1:30 AM,73,94,3,29.76,Clear,0,0,0,0,0,,,
02/14/2023,2:00 AM,72,100,0,29.76,Clear,0,0,0,0,0,,,
02/14/2023,2:30 AM,72,100,0,29.76,Clear,0,0,0,0,0,,,
02/14/2023,3:00 AM,72,100,0,29.73,Clear,0,0,0,0,0,,,
02/14/2023,3:30 AM,72,100,0,29.73,Clear,0,0,0,0,0,,,
02/14/2023,4:00 AM,72,100,3,29.73,Clear,0,0,0,0,0,,,
02/14/2023,4:30 AM,72,100,3,29.73,Clear,0,0,0,0,0,,,
02/14/2023,5:00 AM,72,94,0,29.73,Clear,0,0,0,0,0,,,
02/14/2023,5:30 AM,72,94,0,29.73,Clear,0,0,0,0,0,,,
02/14/2023,6:00 AM,70,100,0,29.73,Clear,0,0,0,0,0,,,
02/14/2023,6:30 AM,70,100,0,29.76,Clear,0,0,0,0,0,,,
02/14/2023,7:00 AM,70,100,0,29.76,Clear,0,0,0,0,0,,,
02/14/2023,7:30 AM,72,100,0,29.76,Clear,0,0,0,0,0,,,
02/14/2023,8:00 AM,77,94,0,29.79,Clear,0,0,0,0,0,,,
02/14/2023,8:30 AM,79,94,2,29.79,Clear,0,0,0,0,0,,,
02/14/2023,9:00 AM,81,89,3,29.79,Clear,0,0,0,0,0,,,
02/14/2023,9:30 AM,84,84,5,29.79,Clear,0,0,0,0,0,,,
02/14/2023,10:00 AM,84,79,8,29.79,Clear,0,0,0,0,0,,,
02/14/2023,10:30 AM,84,79,10,29.79,Clear,0,0,0,0,0,,,
02/14/2023,11:00 AM,88,75,10,29.76,Clear,0,0,0,0,0,,,
02/14/2023,11:30 AM,86,70,12,29.76,Clear,0,0,0,0,0,,,
02/14/2023,12:00 PM,88,66,9,29.73,Clear,0,0,0,0,0,,,
02/14/2023,12:30 PM,88,62,12,29.73,Clear,0,0,0,0,0,,,
02/14/2023,1:00 PM,88,62,8,29.7,Clear,0,0,0,0,0,,,
02/14/2023,1:30 PM,88,62,10,29.7,Clear,0,0,0,0,0,,,
02/14/2023,2:00 PM,88,62,13,29.7,Clear,0,0,0,0,0,,,
02/14/2023,2:30 PM,88,62,13,29.67,Clear,0,0,0,0,0,,,
02/14/2023,3:00 PM,88,62,13,29.67,Clear,3,1,0,3,0,,,
02/14/2023,3:30 PM,88,58,13,29.67,Clear,0,0,0,0,0,,,
02/14/2023,4:00 PM,88,55,12,29.67,Clear,0,0,0,0,0,,,
02/14/2023,4:30 PM,88,58,9,29.67,Clear,0,0,0,0,0,,,
02/14/2023,5:00 PM,86,58,9,29.67,Clear,0,0,0,0,0,,,
02/14/2023,5:30 PM,86,62,9,29.67,Clear,0,0,0,0,0,,,
02/14/2023,6:00 PM,84,66,10,29.67,Clear,0,0,0,0,0,,,
02/14/2023,6:30 PM,82,70,8,29.67,Clear,0,0,0,0,0,,,
02/14/2023,7:00 PM,82,70,7,29.7,Clear,0,0,0,0,0,,,
02/14/2023,7:30 PM,81,79,7,29.7,Clear,0,0,0,0,0,,,
02/14/2023,8:00 PM,81,79,5,29.7,Clear,0,0,0,0,0,,,
02/14/2023,8:30 PM,79,83,3,29.73,Clear,0,0,0,0,0,,,
02/14/2023,9:00 PM,75,89,5,29.73,Clear,0,0,0,0,0,,,
02/14/2023,9:30 PM,75,89,3,29.76,Clear,0,0,0,0,0,,,
02/14/2023,10:00 PM,73,94,3,29.76,Clear,0,0,0,0,0,,,
02/14/2023,10:30 PM,73,94,3,29.76,Clear,0,0,0,0,0,,,
02/14/2023,11:00 PM,75,94,5,29.76,Clear,0,0,0,0,0,,,
02/14/2023,11:30 PM,75,94,5,29.76,Clear,0,0,0,0,0,,,
02/15/2023,12:00 AM,73,94,2,29.76,Clear,0,0,0,0,0,,,
02/15/2023,12:30 AM,73,94,0,29.76,Clear,0,0,0,0,0,,,
02/15/2023,1:00 AM,72,100,3,29.73,Clear,0,0,0,0,0,,,
02/15/2023,1:30 AM,72,100,3,29.73,Clear,0,0,0,0,0,,,
02/15/2023,2:00 AM,72,94,0,29.73,Clear,0,0,0,0,0,,,
02/15/2023,2:30 AM,72,94,0,29.73,Clear,0,0,0,0,0,,,
02/15/2023,3:00 AM,72,94,2,29.7,Clear,0,0,0,0,0,,,
02/15/2023,3:30 AM,72,94,2,29.7,Clear,0,0,0,0,0,,,
02/15/2023,4:00 AM,72,94,0,29.7,Clear,0,0,0,0,0,,,
02/15/2023,4:30 AM,72,94,0,29.7,Clear,0,0,0,0,0,,,
02/15/2023,5:00 AM,70,100,2,29.7,Clear,0,0,0,0,0,,,
02/15/2023,5:30 AM,70,100,0,29.7,Clear,0,0,0,0,0,,,
02/15/2023,6:00 AM,70,100,0,29.73,Clear,0,0,0,0,0,,,
02/15/2023,6:30 AM,70,94,3,29.73,Clear,0,0,0,0,0,,,
02/15/2023,7:00 AM,70,100,2,29.76,Clear,0,0,0,0,0,,,
02/15/2023,7:30 AM,73,94,2,29.76,Clear,0,0,0,0,0,,,
02/15/2023,8:00 AM,73,100,0,29.76,Clear,0,0,0,0,0,,,
02/15/2023,8:30 AM,79,94,3,29.79,Clear,0,0,0,0,0,,,
02/15/2023,9:00 AM,82,84,3,29.79,Clear,0,0,0,0,0,,,
02/15/2023,9:30 AM,84,79,6,29.79,Clear,0,0,0,0,0,,,
02/15/2023,10:00 AM,86,74,9,29.79,Clear,0,0,0,0,0,,,
02/15/2023,10:30 AM,86,74,9,29.79,Clear,0,0,0,0,0,,,
02/15/2023,11:00 AM,88,66,13,29.79,Clear,0,0,0,0,0,,,
02/15/2023,11:30 AM,88,62,10,29.79,Clear,0,0,0,0,0,,,
02/15/2023,12:00 PM,90,59,10,29.76,Clear,0,0,0,0,0,,,
02/15/2023,12:30 PM,90,55,12,29.73,Clear,0,0,0,0,0,,,
02/15/2023,1:00 PM,90,55,13,29.73,Clear,0,0,0,0,0,,,
02/15/2023,1:30 PM,90,59,15,29.7,Clear,0,0,0,0,0,,,
02/15/2023,2:00 PM,90,59,14,29.7,Clear,0,0,0,0,0,,,
02/15/2023,2:30 PM,90,59,15,29.7,Clear,0,0,0,0,0,,,
02/15/2023,3:00 PM,90,55,14,29.67,Clear,0,0,0,0,0,,,
02/15/2023,3:30 PM,88,58,15,29.67,Clear,0,0,0,0,0,,,
02/15/2023,4:00 PM,88,62,15,29.67,Clear,0,0,0,0,0,,,
02/15/2023,4:30 PM,86,66,16,29.7,Clear,0,0,0,0,0,,,
02/15/2023,5:00 PM,84,66,15,29.7,Clear,0,0,0,0,0,,,
02/15/2023,5:30 PM,84,66,16,29.7,Clear,0,0,0,0,0,,,
02/15/2023,6:00 PM,82,70,13,29.7,Clear,0,0,0,0,0,,,
02/15/2023,6:30 PM,82,70,12,29.73,Clear,0,0,0,0,0,,,
02/15/2023,7:00 PM,81,70,10,29.73,Clear,0,0,0,0,0,,,
02/15/2023,7:30 PM,81,74,10,29.73,Clear,0,0,0,0,0,,,
02/15/2023,8:00 PM,79,74,9,29.76,Clear,0,0,0,0,0,,,
02/15/2023,8:30 PM,79,74,7,29.76,Clear,0,0,0,0,0,,,
02/15/2023,9:00 PM,79,74,8,29.76,Clear,0,0,0,0,0,,,
02/15/2023,9:30 PM,77,78,6,29.79,Clear,0,0,0,0,0,,,
02/15/2023,10:00 PM,75,83,3,29.79,Clear,0,0,0,0,0,,,
02/15/2023,10:30 PM,73,88,3,29.79,Clear,0,0,0,0,0,,,
02/15/2023,11:00 PM,72,94,1,29.79,Clear,0,0,0,0,0,,,
02/15/2023,11:30 PM,72,94,2,29.79,Clear,0,0,0,0,0,,,
02/16/2023,12:00 AM,72,94,0,29.79,Clear,0,0,0,0,0,,,
02/16/2023,12:30 AM,72,94,0,29.79,Clear,0,0,0,0,0,,,
02/16/2023,1:00 AM,72,94,0,29.79,Clear,0,0,0,0,0,,,
02/16/2023,1:30 AM,70,94,0,29.79,Clear,0,0,0,0,0,,,
02/16/2023,2:00 AM,70,94,5,29.76,Clear,0,0,0,0,0,,,
02/16/2023,2:30 AM,70,94,6,29.76,Clear,0,0,0,0,0,,,
02/16/2023,3:00 AM,70,94,3,29.73,Clear,0,0,0,0,0,,,
02/16/2023,3:30 AM,70,94,2,29.73,Clear,0,0,0,0,0,,,
02/16/2023,4:00 AM,70,94,2,29.73,Clear,0,0,0,0,0,,,
02/16/2023,4:30 AM,70,94,3,29.73,Clear,0,0,0,0,0,,,
02/16/2023,5:00 AM,70,94,3,29.73,Clear,0,0,0,0,0,,,
02/16/2023,5:30 AM,68,100,3,29.76,Clear,0,0,0,0,0,,,
02/16/2023,6:00 AM,68,100,5,29.76,Clear,0,0,0,0,0,,,
02/16/2023,6:30 AM,68,100,3,29.76,Clear,0,0,0,0,0,,,
02/16/2023,7:00 AM,70,94,2,29.76,Clear,0,0,0,0,0,,,
02/16/2023,7:30 AM,72,94,5,29.79,Clear,0,0,0,0,0,,,
02/16/2023,8:00 AM,75,94,3,29.79,Clear,0,0,0,0,0,,,
02/16/2023,8:30 AM,79,89,8,29.79,Clear,0,0,0,0,0,,,
02/16/2023,9:00 AM,82,79,12,29.79,Clear,0,0,0,0,0,,,
02/16/2023,9:30 AM,84,74,10,29.81,Clear,0,0,0,0,0,,,
02/16/2023,10:00 AM,84,74,10,29.81,Clear,0,0,0,0,0,,,
02/16/2023,10:30 AM,86,66,15,29.81,Clear,0,0,0,0,0,,,
02/16/2023,11:00 AM,88,58,21,29.79,Clear,0,0,0,0,0,,,
02/16/2023,11:30 AM,88,58,18,29.79,Clear,0,0,0,0,0,,,
02/16/2023,12:00 PM,90,52,21,29.79,Clear,0,0,0,0,0,,,
02/16/2023,12:30 PM,90,52,20,29.79,Clear,0,0,0,0,0,,,
02/16/2023,1:00 PM,90,52,21,29.76,Clear,0,0,0,0,0,,,
02/16/2023,1:30 PM,90,55,20,29.76,Clear,0,0,0,0,0,,,
02/16/2023,2:00 PM,90,52,18,29.73,Clear,0,0,0,0,0,,,
02/16/2023,2:30 PM,90,55,18,29.73,Clear,0,0,0,0,0,,,
02/16/2023,3:00 PM,90,55,18,29.7,Clear,0,0,0,0,0,,,
02/16/2023,3:30 PM,90,52,17,29.7,Clear,0,0,0,0,0,,,
02/16/2023,4:00 PM,88,58,17,29.7,Clear,0,0,0,0,0,,,
02/16/2023,4:30 PM,88,58,15,29.7,Clear,0,0,0,0,0,,,
02/16/2023,5:00 PM,86,62,16,29.7,Clear,0,0,0,0,0,,,
02/16/2023,5:30 PM,86,62,16,29.7,Clear,0,0,0,0,0,,,
02/16/2023,6:00 PM,84,66,14,29.73,Clear,0,0,0,0,0,,,
02/16/2023,6:30 PM,82,70,12,29.73,Clear,0,0,0,0,0,,,
02/16/2023,7:00 PM,82,74,16,29.73,Clear,0,0,0,0,0,,,
02/16/2023,7:30 PM,81,79,13,29.76,Clear,0,0,0,0,0,,,
02/16/2023,8:00 PM,81,79,14,29.76,Clear,0,0,0,0,0,,,
02/16/2023,8:30 PM,81,79,12,29.79,Clear,0,0,0,0,0,,,
02/16/2023,9:00 PM,79,78,9,29.79,Clear,0,0,0,0,0,,,
02/16/2023,9:30 PM,79,78,5,29.81,Clear,0,0,0,0,0,,,
02/16/2023,10:00 PM,77,83,0,29.81,Clear,0,0,0,0,0,,,
02/16/2023,10:30 PM,77,83,3,29.81,Rain,0,0,0,0,0,,,
02/16/2023,11:00 PM,75,89,3,29.81,Clear,0,0,0,0,0,,,
02/16/2023,11:30 PM,75,89,0,29.81,Clear,0,0,0,0,0,,,
02/17/2023,12:00 AM,75,94,5,29.81,Rain,0,0,0,0,0,,,
02/17/2023,12:30 AM,75,94,3,29.81,Rain,0,0,0,0,0,,,
02/17/2023,1:00 AM,75,94,2,29.81,Clear,0,0,0,0,0,,,
02/17/2023,1:30 AM,75,94,3,29.81,Clear,0,0,0,0,0,,,
02/17/2023,2:00 AM,75,94,3,29.79,Clear,0,0,0,0,0,,,
02/17/2023,2:30 AM,75,94,3,29.79,Clear,0,0,0,0,0,,,
02/17/2023,3:00 AM,73,100,2,29.79,Clear,0,0,0,0,0,,,
02/17/2023,3:30 AM,73,100,2,29.76,Clear,0,0,0,0,0,,,
02/17/2023,4:00 AM,73,100,5,29.76,Clear,0,0,0,0,0,,,
02/17/2023,4:30 AM,73,100,3,29.76,Clear,0,0,0,0,0,,,
02/17/2023,5:00 AM,73,94,5,29.76,Clear,0,0,0,0,0,,,
02/17/2023,5:30 AM,73,94,3,29.76,Clear,0,0,0,0,0,,,
02/17/2023,6:00 AM,73,94,3,29.76,Clear,0,0,0,0,0,,,
02/17/2023,6:30 AM,73,94,5,29.79,Clear,0,0,0,0,0,,,
02/17/2023,7:00 AM,73,100,6,29.79,Clear,0,0,0,0,0,,,
02/17/2023,7:30 AM,75,100,5,29.79,Clear,0,0,0,0,0,,,
02/17/2023,8:00 AM,77,94,5,29.79,Clear,0,0,0,0,0,,,
02/17/2023,8:30 AM,81,84,3,29.79,Clear,0,0,0,0,0,,,
02/17/2023,9:00 AM,82,84,7,29.81,Clear,0,0,0,0,0,,,
02/17/2023,9:30 AM,84,79,16,29.81,Clear,0,0,0,0,0,,,
02/17/2023,10:00 AM,86,74,15,29.81,Clear,0,0,0,0,0,,,
02/17/2023,10:30 AM,86,70,17,29.81,Clear,0,0,0,0,0,,,
02/17/2023,11:00 AM,88,66,15,29.81,Clear,0,0,0,0,0,,,
02/17/2023,11:30 AM,88,58,18,29.79,Clear,0,0,0,0,0,,,
02/17/2023,12:00 PM,90,59,17,29.79,Clear,0,0,0,0,0,,,
02/17/2023,12:30 PM,90,55,16,29.76,Clear,0,0,0,0,0,,,
02/17/2023,1:00 PM,90,55,20,29.76,Clear,0,0,0,0,0,,,
02/17/2023,1:30 PM,90,55,18,29.73,Clear,0,0,0,0,0,,,
02/17/2023,2:00 PM,90,52,18,29.73,Clear,0,0,0,0,0,,,
02/17/2023,2:30 PM,90,55,18,29.7,Clear,0,0,0,0,0,,,
02/17/2023,3:00 PM,90,52,18,29.7,Clear,0,0,0,0,0,,,
02/17/2023,3:30 PM,90,55,16,29.7,Clear,0,0,0,0,0,,,
02/17/2023,4:00 PM,88,58,16,29.7,Clear,0,0,0,0,0,,,
02/17/2023,4:30 PM,88,55,16,29.7,Clear,0,0,0,0,0,,,
02/17/2023,5:00 PM,86,62,13,29.7,Clear,0,0,0,0,0,,,
02/17/2023,5:30 PM,84,66,13,29.7,Clear,0,0,0,0,0,,,
02/17/2023,6:00 PM,84,66,14,29.73,Clear,0,0,0,0,0,,,
02/17/2023,7:00 PM,81,74,13,29.73,Clear,0,0,0,0,0,,,
02/17/2023,7:30 PM,81,74,12,29.76,Clear,0,0,0,0,0,,,
02/17/2023,8:00 PM,81,79,9,29.76,Clear,0,0,0,0,0,,,
02/17/2023,8:30 PM,81,79,7,29.79,Clear,0,0,0,0,0,,,
02/17/2023,9:00 PM,81,79,7,29.79,Clear,0,0,0,0,0,,,
02/17/2023,9:30 PM,79,83,6,29.79,Clear,0,0,0,0,0,,,
02/17/2023,10:00 PM,81,79,7,29.79,Clear,0,0,0,0,0,,,
02/17/2023,10:30 PM,79,83,5,29.81,Clear,0,0,0,0,0,,,
02/17/2023,11:00 PM,79,83,5,29.81,Clear,0,0,0,0,0,,,
02/17/2023,11:30 PM,79,83,5,29.81,Clear,0,0,0,0,0,,,
02/18/2023,12:00 AM,79,83,3,29.81,Clear,0,0,0,0,0,,,
02/18/2023,12:30 AM,77,89,5,29.81,Clear,0,0,0,0,0,,,
02/18/2023,1:00 AM,75,89,6,29.81,Clear,0,0,0,0,0,,,
02/18/2023,1:30 AM,75,89,3,29.79,Clear,0,0,0,0,0,,,
02/18/2023,2:00 AM,75,89,3,29.79,Clear,0,0,0,0,0,,,
02/18/2023,2:30 AM,73,94,2,29.79,Clear,0,0,0,0,0,,,
02/18/2023,3:00 AM,73,94,5,29.76,Clear,0,0,0,0,0,,,
02/18/2023,3:30 AM,73,94,5,29.76,Clear,0,0,0,0,0,,,
02/18/2023,4:00 AM,73,94,5,29.76,Clear,0,0,0,0,0,,,
02/18/2023,4:30 AM,73,94,6,29.76,Clear,0,0,0,0,0,,,
02/18/2023,5:00 AM,75,94,5,29.76,Rain,0,0,0,0,0,,,
02/18/2023,5:30 AM,75,94,9,29.76,Rain,0,0,0,0,0,,,
02/18/2023,6:00 AM,75,94,2,29.76,Clear,3,1,0,3,0,,,
02/18/2023,6:30 AM,75,94,3,29.76,Clear,0,0,0,0,0,,,
02/18/2023,7:00 AM,73,100,1,29.79,Clear,0,0,0,0,0,,,
02/18/2023,7:30 AM,75,94,3,29.79,Clear,0,0,0,0,0,,,
02/18/2023,8:00 AM,77,94,2,29.79,Clear,0,0,0,0,0,,,
02/18/2023,8:30 AM,79,89,2,29.81,Clear,0,0,0,0,0,,,
02/18/2023,9:00 AM,81,89,3,29.81,Clear,0,0,0,0,0,,,
02/18/2023,9:30 AM,82,84,5,29.81,Rain,0,0,0,0,0,,,
02/18/2023,10:00 AM,84,79,7,29.81,Clear,0,0,0,0,0,,,
02/18/2023,10:30 AM,86,79,13,29.81,Clear,0,0,0,0,0,,,
02/18/2023,11:30 AM,86,70,13,29.79,Clear,0,0,0,0,0,,,
02/18/2023,12:00 PM,88,66,15,29.79,Clear,0,0,0,0,0,,,
02/18/2023,12:30 PM,86,70,12,29.76,Clear,0,0,0,0,0,,,
02/18/2023,1:00 PM,88,66,15,29.76,Clear,0,0,0,0,0,,,
02/18/2023,1:30 PM,90,62,16,29.73,Clear,0,0,0,0,0,,,
02/18/2023,2:00 PM,90,59,16,29.7,Clear,0,0,0,0,0,,,
02/18/2023,2:30 PM,90,59,14,29.7,Clear,0,0,0,0,0,,,
02/18/2023,3:00 PM,90,59,16,29.67,Clear,0,0,0,0,0,,,
02/18/2023,3:30 PM,90,59,16,29.67,Clear,0,0,0,0,0,,,
02/18/2023,4:00 PM,88,62,14,29.67,Clear,0,0,0,0,0,,,
02/18/2023,4:30 PM,88,62,13,29.67,Clear,0,0,0,0,0,,,
02/18/2023,5:00 PM,86,66,13,29.67,Clear,0,0,0,0,0,,,
02/18/2023,5:30 PM,86,66,14,29.7,Clear,0,0,0,0,0,,,
02/18/2023,6:00 PM,82,74,13,29.7,Clear,0,0,0,0,0,,,
02/18/2023,6:30 PM,82,74,12,29.73,Clear,0,0,0,0,0,,,
02/18/2023,7:00 PM,82,74,9,29.73,Clear,0,0,0,0,0,,,
02/18/2023,7:30 PM,81,79,7,29.73,Clear,0,0,0,0,0,,,
02/18/2023,8:00 PM,81,79,7,29.76,Clear,0,0,0,0,0,,,
02/18/2023,8:30 PM,79,83,3,29.76,Clear,0,0,0,0,0,,,
02/18/2023,9:00 PM,79,83,2,29.76,Clear,0,0,0,0,0,,,
02/18/2023,9:30 PM,79,83,5,29.79,Clear,0,0,0,0,0,,,
02/18/2023,10:00 PM,77,89,3,29.79,Clear,0,0,0,0,0,,,
02/18/2023,10:30 PM,77,89,3,29.79,Clear,0,0,0,0,0,,,
02/18/2023,11:00 PM,77,89,3,29.81,Clear,0,0,0,0,0,,,
02/18/2023,11:30 PM,77,89,6,29.81,Clear,0,0,0,0,0,,,
02/19/2023,12:00 AM,77,89,6,29.81,Clear,0,0,0,0,0,,,
02/19/2023,12:30 AM,75,94,3,29.79,Clear,0,0,0,0,0,,,
02/19/2023,1:00 AM,75,94,5,29.79,Clear,0,0,0,0,0,,,
02/19/2023,2:00 AM,73,94,3,29.79,Clear,0,0,0,0,0,,,
02/19/2023,2:30 AM,73,94,0,29.76,Clear,0,0,0,0,0,,,
02/19/2023,3:00 AM,73,94,2,29.76,Clear,0,0,0,0,0,,,
02/19/2023,3:30 AM,73,94,0,29.76,Clear,0,0,0,0,0,,,
02/19/2023,4:00 AM,73,94,0,29.73,Clear,0,0,0,0,0,,,
02/19/2023,4:30 AM,73,94,2,29.73,Clear,0,0,0,0,0,,,
02/19/2023,5:00 AM,73,94,0,29.73,Clear,0,0,0,0,0,,,
02/19/2023,5:30 AM,73,94,0,29.73,Clear,0,0,0,0,0,,,
02/19/2023,6:00 AM,73,100,2,29.76,Clear,0,0,0,0,0,,,
02/19/2023,6:30 AM,75,94,3,29.76,Clear,0,0,0,0,0,,,
02/19/2023,7:00 AM,73,100,3,29.79,Clear,0,0,0,0,0,,,
02/19/2023,7:30 AM,77,94,2,29.79,Clear,0,0,0,0,0,,,
02/19/2023,8:00 AM,79,94,3,29.79,Clear,0,0,0,0,0,,,
02/19/2023,8:30 AM,82,84,5,29.81,Clear,0,0,0,0,0,,,
02/19/2023,9:00 AM,82,84,7,29.81,Clear,0,0,0,0,0,,,
02/19/2023,9:30 AM,84,79,10,29.81,Clear,0,0,0,0,0,,,
02/19/2023,10:30 AM,86,70,13,29.81,Clear,0,0,0,0,0,,,
02/19/2023,11:00 AM,88,66,14,29.81,Clear,0,0,0,0,0,,,
02/19/2023,11:30 AM,86,66,14,29.81,Clear,0,0,0,0,0,,,
02/19/2023,12:00 PM,86,66,13,29.79,Clear,0,0,0,0,0,,,
02/19/2023,12:30 PM,86,66,10,29.79,Clear,0,0,0,0,0,,,
02/19/2023,1:00 PM,86,66,9,29.79,Clear,0,0,0,0,0,,,
02/19/2023,1:30 PM,86,66,9,29.76,Clear,0,0,0,0,0,,,
02/19/2023,2:00 PM,86,66,9,29.76,Clear,0,0,0,0,0,,,
02/19/2023,2:30 PM,86,66,8,29.73,Clear,0,0,0,0,0,,,
02/19/2023,3:00 PM,84,70,9,29.73,Clear,0,0,0,0,0,,,
02/19/2023,3:30 PM,84,74,9,29.7,Clear,0,0,0,0,0,,,
02/19/2023,4:00 PM,84,74,10,29.7,Clear,0,0,0,0,0,,,
02/19/2023,4:30 PM,84,74,10,29.7,Clear,0,0,0,0,0,,,
02/19/2023,5:00 PM,82,79,9,29.7,Clear,0,0,0,0,0,,,
02/19/2023,5:30 PM,82,74,7,29.7,Clear,0,0,0,0,0,,,
02/19/2023,6:00 PM,82,79,7,29.7,Clear,0,0,0,0,0,,,
02/19/2023,6:30 PM,82,79,6,29.7,Clear,0,0,0,0,0,,,
02/19/2023,7:00 PM,81,79,5,29.7,Clear,0,0,0,0,0,,,
02/19/2023,7:30 PM,81,79,6,29.73,Clear,0,0,0,0,0,,,
02/19/2023,8:00 PM,81,79,5,29.73,Clear,0,0,0,0,0,,,
02/19/2023,8:30 PM,79,83,5,29.76,Clear,0,0,0,0,0,,,
02/19/2023,9:00 PM,79,83,5,29.76,Clear,0,0,0,0,0,,,
02/19/2023,9:30 PM,79,83,5,29.79,Clear,0,0,0,0,0,,,
02/19/2023,10:00 PM,77,89,5,29.79,Clear,0,0,0,0,0,,,
02/19/2023,10:30 PM,77,89,3,29.79,Clear,0,0,0,0,0,,,
02/19/2023,11:00 PM,75,94,2,29.76,Clear,0,0,0,0,0,,,
02/19/2023,11:30 PM,75,94,3,29.76,Clear,0,0,0,0,0,,,
02/20/2023,12:00 AM,75,94,1,29.76,Clear,0,0,0,0,0,,,
02/20/2023,12:30 AM,73,100,2,29.76,Clear,0,0,0,0,0,,,
02/20/2023,1:00 AM,73,100,2,29.76,Clear,0,0,0,0,0,,,
02/20/2023,1:30 AM,73,100,2,29.76,Clear,0,0,0,0,0,,,
02/20/2023,2:00 AM,73,100,0,29.73,Clear,0,0,0,0,0,,,
02/20/2023,2:30 AM,73,94,1,29.73,Clear,0,0,0,0,0,,,
02/20/2023,3:00 AM,73,94,2,29.73,Clear,0,0,0,0,0,,,
02/20/2023,3:30 AM,73,94,3,29.73,Clear,0,0,0,0,0,,,
02/20/2023,4:00 AM,73,94,0,29.73,Clear,0,0,0,0,0,,,
02/20/2023,4:30 AM,72,100,3,29.73,Clear,0,0,0,0,0,,,
02/20/2023,5:00 AM,72,100,2,29.73,Clear,0,0,0,0,0,,,
02/20/2023,5:30 AM,72,100,2,29.73,Clear,0,0,0,0,0,,,
02/20/2023,6:00 AM,72,100,3,29.73,Clear,0,0,0,0,0,,,
02/20/2023,6:30 AM,72,100,1,29.73,Clear,0,0,0,0,0,,,
02/20/2023,7:00 AM,72,100,3,29.76,Clear,0,0,0,0,0,,,
02/20/2023,7:30 AM,73,100,5,29.76,Clear,0,0,0,0,0,,,
02/20/2023,8:00 AM,77,94,6,29.79,Clear,0,0,0,0,0,,,
02/20/2023,8:30 AM,79,89,7,29.79,Clear,0,0,0,0,0,,,
02/20/2023,9:00 AM,81,84,8,29.79,Clear,0,0,0,0,0,,,
02/20/2023,9:30 AM,84,79,10,29.81,Clear,0,0,0,0,0,,,
02/20/2023,10:00 AM,86,74,9,29.81,Clear,0,0,0,0,0,,,
02/20/2023,10:30 AM,86,70,9,29.79,Clear,0,0,0,0,0,,,
02/20/2023,11:00 AM,86,70,10,29.79,Clear,0,0,0,0,0,,,
02/20/2023,11:30 AM,86,66,9,29.79,Clear,0,0,0,0,0,,,
02/20/2023,12:00 PM,90,62,10,29.76,Clear,0,0,0,0,0,,,
02/20/2023,12:30 PM,90,59,9,29.76,Clear,0,0,0,0,0,,,
02/20/2023,1:00 PM,90,59,13,29.73,Clear,0,0,0,0,0,,,
02/20/2023,1:30 PM,90,55,12,29.73,Clear,0,0,0,0,0,,,
02/20/2023,2:00 PM,91,55,14,29.7,Clear,0,0,0,0,0,,,
02/20/2023,2:30 PM,90,59,12,29.7,Clear,0,0,0,0,0,,,
02/20/2023,3:00 PM,88,62,12,29.67,Clear,0,0,0,0,0,,,
02/20/2023,3:30 PM,88,62,12,29.67,Clear,0,0,0,0,0,,,
02/20/2023,4:00 PM,90,62,13,29.67,Clear,0,0,0,0,0,,,
02/20/2023,4:30 PM,88,66,12,29.67,Clear,0,0,0,0,0,,,
02/20/2023,5:00 PM,88,62,10,29.67,Clear,0,0,0,0,0,,,
02/20/2023,5:30 PM,88,62,14,29.67,Clear,0,0,0,0,0,,,
02/20/2023,6:00 PM,84,66,15,29.7,Clear,0,0,0,0,0,,,
02/20/2023,6:30 PM,82,74,12,29.7,Clear,0,0,0,0,0,,,
02/20/2023,7:00 PM,82,74,14,29.73,Clear,0,0,0,0,0,,,
02/20/2023,7:30 PM,81,79,10,29.73,Clear,0,0,0,0,0,,,
02/20/2023,8:00 PM,81,79,9,29.76,Clear,0,0,0,0,0,,,
02/20/2023,8:30 PM,81,79,9,29.76,Clear,0,0,0,0,0,,,
02/20/2023,9:00 PM,81,79,7,29.76,Clear,0,0,0,0,0,,,
02/20/2023,9:30 PM,79,83,5,29.79,Clear,0,0,0,0,0,,,
02/20/2023,10:00 PM,79,83,3,29.79,Clear,0,0,0,0,0,,,
02/20/2023,10:30 PM,77,89,2,29.79,Clear,0,0,0,0,0,,,
02/20/2023,11:00 PM,75,94,0,29.79,Clear,0,0,0,0,0,,,
02/20/2023,11:30 PM,75,89,3,29.79,Clear,0,0,0,0,0,,,
02/21/2023,12:00 AM,75,89,5,29.79,Clear,0,0,0,0,0,,,
02/21/2023,1:00 AM,73,94,2,29.79,Clear,0,0,0,0,0,,,
02/21/2023,1:30 AM,73,94,2,29.79,Clear,0,0,0,0,0,,,
02/21/2023,2:00 AM,75,94,3,29.76,Clear,0,0,0,0,0,,,
02/21/2023,2:30 AM,75,94,3,29.76,Clear,0,0,0,0,0,,,
02/21/2023,3:00 AM,73,94,5,29.76,Clear,0,0,0,0,0,,,
02/21/2023,3:30 AM,73,94,6,29.76,Clear,0,0,0,0,0,,,
02/21/2023,4:00 AM,73,94,2,29.76,Clear,0,0,0,0,0,,,
02/21/2023,4:30 AM,72,100,3,29.76,Clear,0,0,0,0,0,,,
02/21/2023,5:00 AM,72,94,2,29.76,Clear,0,0,0,0,0,,,
02/21/2023,5:30 AM,72,100,2,29.76,Clear,0,0,0,0,0,,,
02/21/2023,6:00 AM,72,100,3,29.76,Clear,0,0,0,0,0,,,
02/21/2023,6:30 AM,72,94,5,29.79,Clear,0,0,0,0,0,,,
02/21/2023,7:00 AM,72,100,3,29.79,Clear,0,0,0,0,0,,,
02/21/2023,7:30 AM,73,100,0,29.79,Clear,0,0,0,0,0,,,
02/21/2023,8:00 AM,79,89,6,29.81,Clear,0,0,0,0,0,,,
02/21/2023,8:30 AM,82,79,6,29.81,Clear,0,0,0,0,0,,,
02/21/2023,9:00 AM,82,79,13,29.81,Clear,0,0,0,0,0,,,
02/21/2023,9:30 AM,86,74,10,29.81,Clear,0,0,0,0,0,,,
02/21/2023,10:00 AM,86,70,9,29.81,Clear,0,0,0,0,0,,,
02/21/2023,10:30 AM,88,66,10,29.81,Clear,0,0,0,0,0,,,
02/21/2023,11:00 AM,86,70,12,29.81,Clear,0,0,0,0,0,,,
02/21/2023,11:30 AM,90,59,9,29.79,Clear,0,0,0,0,0,,,
02/21/2023,12:00 PM,88,62,10,29.79,Clear,0,0,0,0,0,,,
02/21/2023,12:30 PM,88,62,9,29.76,Clear,0,0,0,0,0,,,
02/21/2023,1:30 PM,88,62,13,29.76,Clear,0,0,0,0,0,,,
02/21/2023,2:00 PM,88,62,13,29.73,Clear,0,0,0,0,0,,,
02/21/2023,2:30 PM,90,59,15,29.73,Clear,0,0,0,0,0,,,
02/21/2023,3:00 PM,90,62,17,29.7,Clear,0,0,0,0,0,,,
02/21/2023,3:30 PM,88,62,17,29.7,Clear,0,0,0,0,0,,,
02/21/2023,4:00 PM,88,62,15,29.7,Clear,0,0,0,0,0,,,
02/21/2023,4:30 PM,86,66,16,29.7,Clear,0,0,0,0,0,,,
02/21/2023,5:00 PM,86,66,16,29.73,Clear,0,0,0,0,0,,,
02/21/2023,5:30 PM,84,70,17,29.73,Clear,0,0,0,0,0,,,
02/21/2023,6:00 PM,84,70,12,29.73,Clear,0,0,0,0,0,,,
02/21/2023,6:30 PM,82,74,10,29.73,Clear,0,0,0,0,0,,,
02/21/2023,7:00 PM,82,74,8,29.76,Clear,0,0,0,0,0,,,
02/21/2023,7:30 PM,81,79,12,29.79,Clear,0,0,0,0,0,,,
02/21/2023,8:00 PM,81,79,10,29.79,Clear,0,0,0,0,0,,,
02/21/2023,8:30 PM,81,79,9,29.79,Clear,0,0,0,0,0,,,
02/21/2023,9:00 PM,81,79,8,29.79,Clear,0,0,0,0,0,,,
02/21/2023,9:30 PM,81,79,7,29.81,Clear,0,0,0,0,0,,,
02/21/2023,10:00 PM,79,83,5,29.81,Clear,0,0,0,0,0,,,
02/21/2023,10:30 PM,79,83,2,29.81,Clear,0,0,0,0,0,,,
02/21/2023,11:00 PM,79,83,5,29.81,Clear,0,0,0,0,0,,,
02/21/2023,11:30 PM,77,89,3,29.81,Clear,0,0,0,0,0,,,
02/22/2023,12:30 AM,75,89,3,29.79,Clear,0,0,0,0,0,,,
02/22/2023,1:00 AM,75,89,0,29.79,Clear,0,0,0,0,0,,,
02/22/2023,1:30 AM,73,94,0,29.79,Clear,0,0,0,0,0,,,
02/22/2023,2:00 AM,73,94,3,29.79,Clear,0,0,0,0,0,,,
02/22/2023,2:30 AM,73,94,3,29.79,Clear,0,0,0,0,0,,,
02/22/2023,3:00 AM,73,94,5,29.76,Clear,0,0,0,0,0,,,
02/22/2023,3:30 AM,73,94,3,29.76,Clear,0,0,0,0,0,,,
02/22/2023,4:00 AM,72,94,3,29.76,Clear,0,0,0,0,0,,,
02/22/2023,4:30 AM,72,94,3,29.76,Clear,0,0,0,0,0,,,
02/22/2023,5:30 AM,72,94,5,29.76,Clear,0,0,0,0,0,,,
02/22/2023,6:00 AM,72,100,3,29.79,Clear,0,0,0,0,0,,,
02/22/2023,6:30 AM,72,100,2,29.79,Clear,0,0,0,0,0,,,
02/22/2023,7:00 AM,72,100,2,29.79,Clear,0,0,0,0,0,,,
02/22/2023,7:30 AM,73,94,6,29.81,Clear,0,0,0,0,0,,,
02/22/2023,8:00 AM,77,89,6,29.81,Clear,0,0,0,0,0,,,
02/22/2023,8:30 AM,79,89,6,29.81,Clear,0,0,0,0,0,,,
02/22/2023,9:00 AM,82,79,5,29.81,Clear,0,0,0,0,0,,,
02/22/2023,9:30 AM,84,74,8,29.81,Clear,0,0,0,0,0,,,
02/22/2023,10:00 AM,86,70,12,29.81,Clear,0,0,0,0,0,,,
02/22/2023,10:30 AM,86,70,13,29.81,Clear,0,0,0,0,0,,,
02/22/2023,11:00 AM,86,66,12,29.81,Clear,0,0,0,0,0,,,
02/22/2023,11:30 AM,88,62,13,29.81,Clear,0,0,0,0,0,,,
02/22/2023,12:00 PM,90,59,16,29.79,Clear,0,0,0,0,0,,,
02/22/2023,12:30 PM,90,55,15,29.79,Clear,0,0,0,0,0,,,
02/22/2023,1:00 PM,90,55,14,29.76,Clear,0,0,0,0,0,,,
02/22/2023,1:30 PM,91,52,14,29.76,Clear,0,0,0,0,0,,,
02/22/2023,2:00 PM,90,55,16,29.73,Clear,0,0,0,0,0,,,
02/22/2023,2:30 PM,90,55,14,29.73,Clear,0,0,0,0,0,,,
02/22/2023,3:00 PM,90,59,14,29.73,Clear,0,0,0,0,0,,,
02/22/2023,3:30 PM,90,55,15,29.7,Clear,0,0,0,0,0,,,
02/22/2023,4:00 PM,88,62,15,29.7,Clear,0,0,0,0,0,,,
02/22/2023,4:30 PM,88,58,15,29.73,Clear,0,0,0,0,0,,,
02/22/2023,5:00 PM,86,58,16,29.73,Clear,0,0,0,0,0,,,
02/22/2023,5:30 PM,84,62,16,29.73,Clear,0,0,0,0,0,,,
02/22/2023,6:00 PM,84,62,10,29.73,Clear,0,0,0,0,0,,,
02/22/2023,6:30 PM,82,70,10,29.73,Clear,0,0,0,0,0,,,
02/22/2023,7:00 PM,82,70,10,29.76,Clear,0,0,0,0,0,,,
02/22/2023,7:30 PM,81,74,10,29.76,Clear,0,0,0,0,0,,,
02/22/2023,8:00 PM,81,79,8,29.76,Clear,0,0,0,0,0,,,
02/22/2023,8:30 PM,81,79,8,29.79,Clear,0,0,0,0,0,,,
02/22/2023,9:00 PM,81,79,6,29.79,Clear,0,0,0,0,0,,,
02/22/2023,9:30 PM,81,79,6,29.81,Clear,0,0,0,0,0,,,
02/22/2023,10:00 PM,79,83,5,29.81,Clear,0,0,0,0,0,,,
02/22/2023,10:30 PM,79,83,6,29.81,Clear,0,0,0,0,0,,,
02/22/2023,11:00 PM,79,83,5,29.81,Clear,0,0,0,0,0,,,
02/22/2023,11:30 PM,79,83,6,29.81,Clear,0,0,0,0,0,,,
02/23/2023,12:00 AM,75,89,2,29.81,Clear,0,0,0,0,0,,,
02/23/2023,12:30 AM,75,89,0,29.81,Clear,0,0,0,0,0,,,
02/23/2023,1:00 AM,73,94,0,29.79,Clear,0,0,0,0,0,,,
02/23/2023,1:30 AM,73,94,0,29.79,Clear,0,0,0,0,0,,,
02/23/2023,2:00 AM,72,94,5,29.76,Clear,0,0,0,0,0,,,
02/23/2023,2:30 AM,72,94,5,29.76,Clear,0,0,0,0,0,,,
02/23/2023,3:00 AM,72,100,3,29.76,Clear,0,0,0,0,0,,,
02/23/2023,3:30 AM,72,100,3,29.76,Clear,0,0,0,0,0,,,
02/23/2023,4:00 AM,72,94,5,29.76,Clear,0,0,0,0,0,,,
02/23/2023,4:30 AM,72,94,6,29.76,Clear,0,0,0,0,0,,,
02/23/2023,5:00 AM,72,94,2,29.73,Clear,0,0,0,0,0,,,
02/23/2023,5:30 AM,70,100,2,29.76,Clear,0,0,0,0,0,,,
02/23/2023,6:00 AM,70,100,3,29.76,Clear,0,0,0,0,0,,,
02/23/2023,6:30 AM,70,100,3,29.76,Clear,0,0,0,0,0,,,
02/23/2023,7:00 AM,70,100,0,29.76,Clear,0,0,0,0,0,,,
02/23/2023,7:30 AM,72,100,2,29.79,Clear,0,0,0,0,0,,,
02/23/2023,8:00 AM,73,100,3,29.79,Clear,0,0,0,0,0,,,
02/23/2023,8:30 AM,77,94,5,29.79,Clear,0,0,0,0,0,,,
02/23/2023,9:00 AM,81,84,7,29.81,Clear,0,0,0,0,0,,,
02/23/2023,9:30 AM,82,79,7,29.81,Clear,0,0,0,0,0,,,
02/23/2023,10:00 AM,84,74,10,29.81,Clear,0,0,0,0,0,,,
02/23/2023,10:30 AM,84,74,12,29.81,Clear,0,0,0,0,0,,,
02/23/2023,11:00 AM,86,70,12,29.79,Clear,0,0,0,0,0,,,
02/23/2023,11:30 AM,88,62,10,29.79,Clear,0,0,0,0,0,,,
02/23/2023,12:00 PM,88,62,10,29.76,Clear,0,0,0,0,0,,,
02/23/2023,12:30 PM,88,58,13,29.76,Clear,0,0,0,0,0,,,
02/23/2023,1:00 PM,90,55,13,29.76,Clear,0,0,0,0,0,,,
02/23/2023,1:30 PM,88,58,12,29.73,Clear,0,0,0,0,0,,,
02/23/2023,2:00 PM,88,58,14,29.73,Clear,0,0,0,0,0,,,
02/23/2023,2:30 PM,90,55,14,29.73,Clear,0,0,0,0,0,,,
02/23/2023,3:00 PM,90,52,14,29.7,Clear,0,0,0,0,0,,,
02/23/2023,3:30 PM,90,55,13,29.7,Clear,0,0,0,0,0,,,
02/23/2023,4:00 PM,90,52,12,29.7,Clear,0,0,0,0,0,,,
02/23/2023,4:30 PM,88,55,9,29.7,Clear,0,0,0,0,0,,,
02/23/2023,5:00 PM,88,58,12,29.7,Clear,0,0,0,0,0,,,
02/23/2023,5:30 PM,86,58,14,29.7,Clear,0,0,0,0,0,,,
02/23/2023,6:00 PM,84,66,9,29.7,Clear,0,0,0,0,0,,,
02/23/2023,6:30 PM,82,70,9,29.7,Clear,0,0,0,0,0,,,
02/23/2023,7:00 PM,82,70,9,29.73,Clear,0,0,0,0,0,,,
02/23/2023,7:30 PM,81,74,8,29.73,Clear,0,0,0,0,0,,,
02/23/2023,8:00 PM,81,79,7,29.73,Clear,0,0,0,0,0,,,
02/23/2023,8:30 PM,81,79,7,29.76,Clear,0,0,0,0,0,,,
02/23/2023,9:00 PM,79,83,6,29.79,Clear,0,0,0,0,0,,,
02/23/2023,9:30 PM,77,89,6,29.79,Clear,0,0,0,0,0,,,
02/23/2023,10:00 PM,75,89,5,29.79,Clear,0,0,0,0,0,,,
02/23/2023,10:30 PM,75,94,5,29.79,Clear,0,0,0,0,0,,,
02/23/2023,11:00 PM,75,94,5,29.79,Clear,0,0,0,0,0,,,
02/23/2023,11:30 PM,75,89,3,29.79,Clear,0,0,0,0,0,,,
02/24/2023,12:00 AM,73,94,0,29.79,Clear,0,0,0,0,0,,,
02/24/2023,12:30 AM,73,94,2,29.79,Clear,0,0,0,0,0,,,
02/24/2023,1:00 AM,73,94,0,29.79,Clear,0,0,0,0,0,,,
02/24/2023,1:30 AM,73,94,0,29.79,Clear,0,0,0,0,0,,,
02/24/2023,2:00 AM,72,94,0,29.76,Clear,0,0,0,0,0,,,
02/24/2023,2:30 AM,72,94,0,29.76,Clear,0,0,0,0,0,,,
02/24/2023,3:00 AM,72,94,0,29.76,Clear,0,0,0,0,0,,,
02/24/2023,3:30 AM,72,94,2,29.73,Clear,0,0,0,0,0,,,
02/24/2023,4:00 AM,70,100,5,29.73,Clear,0,0,0,0,0,,,
02/24/2023,4:30 AM,70,100,5,29.73,Clear,0,0,0,0,0,,,
02/24/2023,5:00 AM,70,100,3,29.73,Clear,0,0,0,0,0,,,
02/24/2023,5:30 AM,70,94,2,29.73,Clear,0,0,0,0,0,,,
02/24/2023,6:00 AM,70,94,0,29.76,Clear,0,0,0,0,0,,,
02/24/2023,6:30 AM,70,94,2,29.76,Clear,0,0,0,0,0,,,
02/24/2023,7:00 AM,70,94,0,29.76,Clear,0,0,0,0,0,,,
02/24/2023,7:30 AM,72,100,2,29.76,Clear,0,0,0,0,0,,,
02/24/2023,8:00 AM,75,94,3,29.79,Clear,0,0,0,0,0,,,
02/24/2023,8:30 AM,79,89,3,29.79,Clear,0,0,0,0,0,,,
02/24/2023,9:00 AM,81,84,7,29.79,Clear,0,0,0,0,0,,,
02/24/2023,9:30 AM,84,79,9,29.79,Clear,0,0,0,0,0,,,
02/24/2023,10:00 AM,84,79,10,29.79,Clear,0,0,0,0,0,,,
02/24/2023,10:30 AM,86,70,10,29.79,Clear,0,0,0,0,0,,,
02/24/2023,11:00 AM,88,66,13,29.79,Clear,0,0,0,0,0,,,
02/24/2023,11:30 AM,88,66,10,29.76,Clear,0,0,0,0,0,,,
02/24/2023,12:00 PM,90,59,12,29.76,Clear,0,0,0,0,0,,,
02/24/2023,12:30 PM,88,58,9,29.76,Clear,0,0,0,0,0,,,
02/24/2023,1:00 PM,88,58,10,29.73,Clear,0,0,0,0,0,,,
02/24/2023,1:30 PM,90,55,9,29.73,Clear,0,0,0,0,0,,,
02/24/2023,2:00 PM,90,55,12,29.73,Clear,0,0,0,0,0,,,
02/24/2023,2:30 PM,90,55,12,29.7,Clear,0,0,0,0,0,,,
02/24/2023,3:00 PM,90,55,9,29.7,Clear,0,0,0,0,0,,,
02/24/2023,3:30 PM,90,55,10,29.7,Clear,0,0,0,0,0,,,
02/24/2023,4:00 PM,90,55,9,29.7,Clear,0,0,0,0,0,,,
02/24/2023,4:30 PM,90,55,13,29.7,Clear,0,0,0,0,0,,,
02/24/2023,5:00 PM,88,58,10,29.7,Clear,0,0,0,0,0,,,
02/24/2023,5:30 PM,88,58,13,29.7,Clear,0,0,0,0,0,,,
02/24/2023,6:00 PM,84,66,14,29.7,Clear,0,0,0,0,0,,,
02/24/2023,6:30 PM,82,74,13,29.73,Clear,0,0,0,0,0,,,
02/24/2023,7:00 PM,82,74,10,29.73,Clear,0,0,0,0,0,,,
02/24/2023,7:30 PM,81,79,8,29.76,Clear,0,0,0,0,0,,,
02/24/2023,8:00 PM,81,79,7,29.76,Clear,0,0,0,0,0,,,
02/24/2023,8:30 PM,81,79,7,29.79,Clear,0,0,0,0,0,,,
02/24/2023,9:00 PM,79,83,6,29.79,Clear,0,0,0,0,0,,,
02/24/2023,9:30 PM,79,83,5,29.81,Clear,0,0,0,0,0,,,
02/24/2023,10:00 PM,79,83,5,29.81,Clear,0,0,0,0,0,,,
02/24/2023,10:30 PM,77,89,5,29.81,Clear,0,0,0,0,0,,,
02/24/2023,11:00 PM,75,94,2,29.81,Clear,0,0,0,0,0,,,
02/24/2023,11:30 PM,77,89,2,29.81,Clear,0,0,0,0,0,,,
02/25/2023,12:00 AM,75,94,2,29.81,Clear,0,0,0,0,0,,,
02/25/2023,12:30 AM,75,94,0,29.81,Clear,0,0,0,0,0,,,
02/25/2023,1:00 AM,75,94,0,29.81,Clear,0,0,0,0,0,,,
02/25/2023,1:30 AM,75,89,0,29.79,Clear,0,0,0,0,0,,,
02/25/2023,2:00 AM,75,89,0,29.79,Clear,0,0,0,0,0,,,
02/25/2023,2:30 AM,73,94,2,29.79,Clear,0,0,0,0,0,,,
02/25/2023,3:00 AM,75,94,3,29.76,Clear,0,0,0,0,0,,,
02/25/2023,3:30 AM,75,94,3,29.76,Clear,0,0,0,0,0,,,
02/25/2023,4:00 AM,73,100,2,29.76,Clear,0,0,0,0,0,,,
02/25/2023,4:30 AM,73,100,3,29.76,Clear,0,0,0,0,0,,,
02/25/2023,5:00 AM,73,100,0,29.76,Clear,0,0,0,0,0,,,
02/25/2023,5:30 AM,73,100,5,29.79,Clear,0,0,0,0,0,,,
02/25/2023,6:00 AM,73,100,5,29.79,Clear,0,0,0,0,0,,,
02/25/2023,6:30 AM,73,94,5,29.79,Clear,0,0,0,0,0,,,
02/25/2023,7:00 AM,73,94,2,29.81,Clear,0,0,0,0,0,,,
02/25/2023,7:30 AM,73,100,2,29.81,Clear,0,0,0,0,0,,,
02/25/2023,8:00 AM,77,94,1,29.81,Clear,0,0,0,0,0,,,
02/25/2023,8:30 AM,79,89,2,29.84,Clear,0,0,0,0,0,,,
02/25/2023,9:00 AM,81,84,2,29.84,Clear,0,0,0,0,0,,,
02/25/2023,9:30 AM,82,84,5,29.84,Clear,0,0,0,0,0,,,
02/25/2023,10:00 AM,84,79,3,29.84,Clear,0,0,0,0,0,,,
02/25/2023,10:30 AM,84,79,2,29.84,Clear,0,0,0,0,0,,,
02/25/2023,11:00 AM,86,74,5,29.84,Clear,0,0,0,0,0,,,
02/25/2023,11:30 AM,88,66,10,29.81,Clear,0,0,0,0,0,,,
02/25/2023,12:00 PM,88,62,12,29.81,Clear,0,0,0,0,0,,,
02/25/2023,12:30 PM,90,59,14,29.79,Clear,0,0,0,0,0,,,
02/25/2023,1:00 PM,88,58,15,29.79,Clear,0,0,0,0,0,,,
02/25/2023,1:30 PM,90,55,13,29.79,Clear,0,0,0,0,0,,,
02/25/2023,2:00 PM,88,62,15,29.76,Clear,0,0,0,0,0,,,
02/25/2023,2:30 PM,88,62,15,29.76,Clear,0,0,0,0,0,,,
02/25/2023,3:00 PM,88,58,21,29.76,Clear,0,0,0,0,0,,,
02/25/2023,3:30 PM,86,66,17,29.76,Clear,0,0,0,0,0,,,
02/25/2023,4:00 PM,86,66,16,29.76,Clear,0,0,0,0,0,,,
02/25/2023,4:30 PM,86,66,16,29.76,Clear,0,0,0,0,0,,,
02/25/2023,5:00 PM,84,70,18,29.76,Clear,0,0,0,0,0,,,
02/25/2023,5:30 PM,82,70,20,29.76,Clear,0,0,0,0,0,,,
02/25/2023,6:00 PM,82,70,18,29.76,Clear,0,0,0,0,0,,,
02/25/2023,6:30 PM,81,74,17,29.79,Clear,0,0,0,0,0,,,
02/25/2023,7:00 PM,81,74,17,29.79,Clear,0,0,0,0,0,,,
02/25/2023,7:30 PM,81,74,15,29.81,Clear,0,0,0,0,0,,,
02/25/2023,8:00 PM,79,78,10,29.81,Clear,0,0,0,0,0,,,
02/25/2023,8:30 PM,79,74,10,29.84,Clear,0,0,0,0,0,,,
02/25/2023,9:00 PM,79,74,8,29.84,Clear,0,0,0,0,0,,,
02/25/2023,9:30 PM,79,74,3,29.84,Clear,0,0,0,0,0,,,
02/25/2023,10:00 PM,79,74,0,29.87,Clear,0,0,0,0,0,,,
02/25/2023,10:30 PM,79,78,5,29.87,Clear,0,0,0,0,0,,,
02/25/2023,11:00 PM,77,78,2,29.87,Clear,0,0,0,0,0,,,
02/25/2023,11:30 PM,75,83,1,29.87,Clear,0,0,0,0,0,,,
02/26/2023,12:00 AM,75,83,2,29.87,Clear,0,0,0,0,0,,,
02/26/2023,12:30 AM,75,83,1,29.87,Clear,0,0,0,0,0,,,
02/26/2023,1:00 AM,73,88,3,29.87,Clear,0,0,0,0,0,,,
02/26/2023,1:30 AM,73,88,2,29.84,Clear,0,0,0,0,0,,,
02/26/2023,2:00 AM,73,88,0,29.84,Clear,0,0,0,0,0,,,
02/26/2023,2:30 AM,72,94,0,29.84,Clear,0,0,0,0,0,,,
02/26/2023,3:00 AM,72,94,2,29.84,Clear,0,0,0,0,0,,,
02/26/2023,3:30 AM,72,94,3,29.81,Clear,0,0,0,0,0,,,
02/26/2023,4:00 AM,72,94,2,29.81,Clear,0,0,0,0,0,,,
02/26/2023,4:30 AM,72,94,2,29.81,Clear,0,0,0,0,0,,,
02/26/2023,5:00 AM,73,88,6,29.81,Clear,0,0,0,0,0,,,
02/26/2023,5:30 AM,75,83,5,29.84,Clear,0,0,0,0,0,,,
02/26/2023,6:00 AM,75,89,5,29.84,Clear,0,0,0,0,0,,,
02/26/2023,6:30 AM,72,94,5,29.84,Clear,0,0,0,0,0,,,
02/26/2023,7:00 AM,72,94,3,29.87,Clear,0,0,0,0,0,,,
02/26/2023,7:30 AM,75,89,3,29.87,Clear,0,0,0,0,0,,,
02/26/2023,8:00 AM,81,79,5,29.87,Clear,0,0,0,0,0,,,
02/26/2023,8:30 AM,81,79,8,29.87,Clear,0,0,0,0,0,,,
02/26/2023,9:00 AM,82,74,14,29.87,Clear,0,0,0,0,0,,,
02/26/2023,9:30 AM,86,66,17,29.9,Clear,0,0,0,0,0,,,
02/26/2023,10:00 AM,84,66,17,29.9,Clear,0,0,0,0,0,,,
02/26/2023,10:30 AM,86,62,20,29.87,Clear,0,0,0,0,0,,,
02/26/2023,11:00 AM,86,62,20,29.87,Clear,0,0,0,0,0,,,
02/26/2023,11:30 AM,88,58,20,29.87,Clear,0,0,0,0,0,,,
02/26/2023,12:00 PM,88,58,18,29.84,Clear,0,0,0,0,0,,,
02/26/2023,12:30 PM,90,55,21,29.84,Clear,0,0,0,0,0,,,
02/26/2023,1:00 PM,88,58,20,29.84,Clear,0,0,0,0,0,,,
02/26/2023,1:30 PM,90,55,22,29.81,Clear,0,0,0,0,0,,,
02/26/2023,2:00 PM,88,58,21,29.81,Clear,0,0,0,0,0,,,
02/26/2023,2:30 PM,88,58,18,29.79,Clear,0,0,0,0,0,,,
02/26/2023,3:00 PM,88,58,17,29.79,Clear,0,0,0,0,0,,,
02/26/2023,3:30 PM,86,58,18,29.79,Clear,0,0,0,0,0,,,
02/26/2023,4:00 PM,86,58,17,29.79,Clear,0,0,0,0,0,,,
02/26/2023,4:30 PM,86,58,20,29.79,Clear,0,0,0,0,0,,,
02/26/2023,5:00 PM,84,62,21,29.81,Clear,0,0,0,0,0,,,
02/26/2023,5:30 PM,84,62,16,29.81,Clear,0,0,0,0,0,,,
02/26/2023,6:00 PM,82,66,16,29.81,Clear,0,0,0,0,0,,,
02/26/2023,6:30 PM,82,70,14,29.84,Clear,0,0,0,0,0,,,
02/26/2023,7:00 PM,81,70,9,29.84,Clear,0,0,0,0,0,,,
02/26/2023,7:30 PM,81,70,9,29.84,Clear,0,0,0,0,0,,,
02/26/2023,8:00 PM,79,78,7,29.87,Clear,0,0,0,0,0,,,
02/26/2023,8:30 PM,79,78,5,29.87,Clear,0,0,0,0,0,,,
02/26/2023,9:00 PM,77,83,3,29.87,Clear,0,0,0,0,0,,,
02/26/2023,9:30 PM,75,83,2,29.87,Clear,0,0,0,0,0,,,
02/26/2023,10:00 PM,73,88,2,29.9,Clear,0,0,0,0,0,,,
02/26/2023,10:30 PM,73,88,2,29.9,Clear,0,0,0,0,0,,,
02/26/2023,11:00 PM,73,88,2,29.9,Clear,0,0,0,0,0,,,
02/26/2023,11:30 PM,73,88,3,29.9,Clear,0,0,0,0,0,,,
02/27/2023,12:00 AM,73,88,5,29.9,Clear,0,0,0,0,0,,,
02/27/2023,12:30 AM,73,88,3,29.87,Clear,0,0,0,0,0,,,
02/27/2023,1:00 AM,73,88,3,29.87,Clear,0,0,0,0,0,,,
02/27/2023,1:30 AM,73,94,0,29.87,Clear,0,0,0,0,0,,,
02/27/2023,2:00 AM,73,94,0,29.87,Clear,0,0,0,0,0,,,
02/27/2023,2:30 AM,73,94,0,29.87,Clear,0,0,0,0,0,,,
02/27/2023,3:00 AM,72,94,0,29.84,Clear,0,0,0,0,0,,,
02/27/2023,3:30 AM,72,94,0,29.84,Clear,0,0,0,0,0,,,
02/27/2023,4:00 AM,72,94,5,29.84,Clear,0,0,0,0,0,,,
02/27/2023,4:30 AM,72,94,3,29.84,Clear,0,0,0,0,0,,,
02/27/2023,5:00 AM,72,94,2,29.84,Clear,0,0,0,0,0,,,
02/27/2023,5:30 AM,72,94,2,29.84,Clear,0,0,0,0,0,,,
02/27/2023,6:00 AM,73,94,2,29.84,Clear,0,0,0,0,0,,,
02/27/2023,6:30 AM,73,94,2,29.84,Clear,0,0,0,0,0,,,
02/27/2023,7:00 AM,72,100,2,29.87,Clear,0,0,0,0,0,,,
02/27/2023,7:30 AM,73,100,2,29.87,Clear,0,0,0,0,0,,,
02/27/2023,8:00 AM,77,94,3,29.87,Clear,0,0,0,0,0,,,
02/27/2023,8:30 AM,79,89,6,29.9,Clear,0,0,0,0,0,,,
02/27/2023,9:00 AM,81,89,8,29.9,Clear,0,0,0,0,0,,,
02/27/2023,9:30 AM,82,84,10,29.9,Clear,0,0,0,0,0,,,
02/27/2023,10:00 AM,84,74,10,29.9,Clear,0,0,0,0,0,,,
02/27/2023,10:30 AM,86,70,14,29.9,Clear,0,0,0,0,0,,,
02/27/2023,11:00 AM,86,66,13,29.9,Clear,0,0,0,0,0,,,
02/27/2023,11:30 AM,88,62,13,29.87,Clear,0,0,0,0,0,,,
02/27/2023,12:00 PM,86,66,8,29.87,Clear,0,0,0,0,0,,,
02/27/2023,12:30 PM,86,62,12,29.84,Clear,0,0,0,0,0,,,
02/27/2023,1:00 PM,86,62,12,29.84,Clear,0,0,0,0,0,,,
02/27/2023,1:30 PM,86,62,15,29.81,Clear,0,0,0,0,0,,,
02/27/2023,2:00 PM,82,74,10,29.81,Rain,0,0,0,0,0,,,
02/27/2023,2:30 PM,82,74,13,29.81,Clear,0,0,0,0,0,,,
02/27/2023,3:00 PM,84,66,13,29.79,Clear,0,0,0,0,0,,,
02/27/2023,3:30 PM,86,62,13,29.79,Clear,0,0,0,0,0,,,
02/27/2023,4:00 PM,86,62,14,29.79,Clear,0,0,0,0,0,,,
02/27/2023,4:30 PM,86,58,14,29.79,Clear,0,0,0,0,0,,,
02/27/2023,5:00 PM,84,62,12,29.79,Clear,0,0,0,0,0,,,
02/27/2023,5:30 PM,84,66,12,29.79,Clear,0,0,0,0,0,,,
02/27/2023,6:00 PM,84,66,9,29.79,Clear,0,0,0,0,0,,,
02/27/2023,6:30 PM,82,70,8,29.81,Clear,0,0,0,0,0,,,
02/27/2023,7:00 PM,81,74,12,29.81,Clear,0,0,0,0,0,,,
02/27/2023,7:30 PM,81,79,6,29.81,Clear,0,0,0,0,0,,,
02/27/2023,8:00 PM,79,83,6,29.81,Clear,0,0,0,0,0,,,
02/27/2023,8:30 PM,79,83,6,29.81,Clear,0,0,0,0,0,,,
02/27/2023,9:00 PM,79,83,6,29.84,Clear,0,0,0,0,0,,,
02/27/2023,9:30 PM,79,83,0,29.84,Clear,0,0,0,0,0,,,
02/27/2023,10:00 PM,75,89,0,29.87,Clear,0,0,0,0,0,,,
02/27/2023,10:30 PM,75,89,0,29.87,Clear,0,0,0,0,0,,,
02/27/2023,11:00 PM,75,89,0,29.87,Clear,0,0,0,0,0,,,
02/27/2023,11:30 PM,73,94,0,29.87,Clear,0,0,0,0,0,,,
02/28/2023,12:00 AM,73,94,3,29.87,Clear,0,0,0,0,0,,,
02/28/2023,12:30 AM,73,94,0,29.84,Clear,0,0,0,0,0,,,
02/28/2023,1:00 AM,73,94,0,29.84,Clear,0,0,0,0,0,,,
02/28/2023,1:30 AM,73,94,0,29.84,Clear,0,0,0,0,0,,,
02/28/2023,2:00 AM,72,100,0,29.81,Clear,0,0,0,0,0,,,
02/28/2023,2:30 AM,72,100,0,29.81,Clear,0,0,0,0,0,,,
02/28/2023,3:00 AM,72,94,0,29.81,Clear,0,0,0,0,0,,,
02/28/2023,3:30 AM,72,94,0,29.81,Clear,0,0,0,0,0,,,
02/28/2023,4:00 AM,72,100,0,29.81,Clear,0,0,0,0,0,,,
02/28/2023,4:30 AM,72,94,0,29.81,Clear,0,0,0,0,0,,,
02/28/2023,5:00 AM,72,100,0,29.81,Clear,0,0,0,0,0,,,
02/28/2023,5:30 AM,72,100,0,29.81,Clear,0,0,0,0,0,,,
02/28/2023,6:00 AM,73,94,3,29.84,Clear,0,0,0,0,0,,,
02/28/2023,6:30 AM,73,94,0,29.84,Rain,0,0,0,0,0,,,
02/28/2023,7:00 AM,73,100,0,29.84,Clear,0,0,0,0,0,,,
02/28/2023,7:30 AM,75,94,0,29.84,Clear,0,0,0,0,0,,,
02/28/2023,8:00 AM,75,94,0,29.84,Clear,0,0,0,0,0,,,
02/28/2023,8:30 AM,79,89,0,29.87,Clear,0,0,0,0,0,,,
02/28/2023,9:00 AM,79,94,0,29.87,Clear,0,0,0,0,0,,,
02/28/2023,9:30 AM,82,79,2,29.87,Clear,0,0,0,0,0,,,
02/28/2023,10:00 AM,82,84,3,29.87,Clear,0,0,0,0,0,,,
02/28/2023,10:30 AM,84,79,6,29.87,Clear,0,0,0,0,0,,,
02/28/2023,11:00 AM,84,74,12,29.87,Clear,0,0,0,0,0,,,
02/28/2023,11:30 AM,82,79,9,29.84,Clear,0,0,0,0,0,,,
02/28/2023,12:00 PM,84,74,9,29.84,Rain,0,0,0,0,0,,,
02/28/2023,12:30 PM,82,79,8,29.84,Rain,0,0,0,0,0,,,
02/28/2023,1:00 PM,82,79,12,29.81,Rain,0,0,0,0,0,,,
02/28/2023,1:30 PM,82,79,12,29.81,Clear,0,0,0,0,0,,,
02/28/2023,2:00 PM,84,74,9,29.81,Clear,0,0,0,0,0,,,
02/28/2023,2:30 PM,82,74,7,29.79,Rain,0,0,0,0,0,,,
02/28/2023,3:00 PM,84,70,10,29.79,Clear,0,0,0,0,0,,,
02/28/2023,3:30 PM,82,74,10,29.79,Clear,0,0,0,0,0,,,
02/28/2023,4:00 PM,84,70,9,29.79,Clear,0,0,0,0,0,,,
02/28/2023,4:30 PM,84,70,9,29.79,Clear,0,0,0,0,0,,,
02/28/2023,5:00 PM,82,74,10,29.79,Clear,0,0,0,0,0,,,
02/28/2023,5:30 PM,81,79,9,29.79,Clear,0,0,0,0,0,,,
02/28/2023,6:00 PM,81,79,9,29.81,Clear,0,0,0,0,0,,,
02/28/2023,6:30 PM,81,79,7,29.81,Clear,0,0,0,0,0,,,
02/28/2023,7:00 PM,79,83,5,29.81,Clear,0,0,0,0,0,,,
02/28/2023,7:30 PM,79,83,5,29.84,Clear,0,0,0,0,0,,,
02/28/2023,8:00 PM,79,83,6,29.84,Clear,0,0,0,0,0,,,
02/28/2023,8:30 PM,79,83,6,29.84,Clear,0,0,0,0,0,,,
02/28/2023,9:00 PM,79,83,7,29.87,Clear,0,0,0,0,0,,,
02/28/2023,9:30 PM,77,89,8,29.87,Clear,0,0,0,0,0,,,
02/28/2023,10:00 PM,77,89,6,29.87,Clear,0,0,0,0,0,,,
02/28/2023,10:30 PM,75,94,5,29.87,Clear,0,0,0,0,0,,,
02/28/2023,11:00 PM,75,94,5,29.87,Clear,0,0,0,0,0,,,
02/28/2023,11:30 PM,75,94,3,29.87,Clear,0,0,0,0,0,,,
3/1/2023,12:00 AM,75,94,2,29.87,Clear,0,0,0,0,0,,,
3/1/2023,12:30 AM,75,94,0,29.87,Clear,0,0,0,0,0,,,
3/1/2023,1:00 AM,75,94,0,29.84,Clear,0,0,0,0,0,,,
3/1/2023,1:30 AM,75,94,0,29.84,Clear,0,0,0,0,0,,,
3/1/2023,2:00 AM,75,94,0,29.84,Rain,0,0,0,0,0,,,
3/1/2023,2:30 AM,75,94,2,29.81,Rain,0,0,0,0,0,,,
3/1/2023,3:00 AM,75,94,0,29.81,Rain,0,0,0,0,0,,,
3/1/2023,3:30 AM,75,94,2,29.81,Clear,0,0,0,0,0,,,
3/1/2023,4:00 AM,75,94,3,29.81,Clear,0,0,0,0,0,,,
3/1/2023,4:30 AM,75,94,3,29.79,Clear,0,0,0,0,0,,,
3/1/2023,5:00 AM,75,94,0,29.79,Clear,0,0,0,0,0,,,
3/1/2023,5:30 AM,75,94,0,29.81,Clear,0,0,0,0,0,,,
3/1/2023,6:00 AM,75,94,3,29.81,Clear,0,0,0,0,0,,,
3/1/2023,6:30 AM,75,94,0,29.81,Clear,0,0,0,0,0,,,
3/1/2023,7:00 AM,73,100,0,29.81,Clear,0,0,0,0,0,,,
3/1/2023,7:30 AM,75,100,1,29.84,Clear,0,0,0,0,0,,,
3/1/2023,8:00 AM,75,100,0,29.84,Clear,0,0,0,0,0,,,
3/1/2023,8:30 AM,77,94,1,29.84,Clear,0,0,0,0,0,,,
3/1/2023,9:00 AM,77,94,1,29.87,Clear,0,0,0,0,0,,,
3/1/2023,9:30 AM,79,94,2,29.87,Clear,0,0,0,0,0,,,
3/1/2023,10:00 AM,81,89,1,29.87,Clear,0,0,0,0,0,,,
3/1/2023,10:30 AM,81,89,3,29.87,Rain,0,0,0,0,0,,,
3/1/2023,11:00 AM,82,84,2,29.87,Clear,0,0,0,0,0,,,
3/1/2023,11:30 AM,82,84,5,29.87,Clear,0,0,0,0,0,,,
3/1/2023,12:00 PM,82,84,5,29.84,Clear,0,0,0,0,0,,,
3/1/2023,12:30 PM,84,79,3,29.84,Clear,0,0,0,0,0,,,
3/1/2023,1:00 PM,84,79,6,29.84,Clear,0,0,0,0,0,,,
3/1/2023,1:30 PM,82,84,6,29.81,Clear,0,0,0,0,0,,,
3/1/2023,2:00 PM,77,89,12,29.81,Rain,0,0,0,0,0,,,
3/1/2023,2:30 PM,75,94,6,29.81,Rain,0,0,0,0,0,,,
3/1/2023,3:00 PM,77,94,6,29.81,Rain,0,0,0,0,0,,,
3/1/2023,3:30 PM,75,94,5,29.81,Rain,0,0,0,0,0,,,
3/1/2023,4:00 PM,75,100,6,29.79,Rain,0,0,0,0,0,,,
3/1/2023,4:30 PM,75,100,2,29.79,Rain,0,0,0,0,0,,,
3/1/2023,5:00 PM,77,94,1,29.79,Rain,0,0,0,0,0,,,
3/1/2023,5:30 PM,77,94,3,29.79,Rain,0,0,0,0,0,,,
3/1/2023,6:00 PM,77,94,2,29.81,Clear,0,0,0,0,0,,,
3/1/2023,6:30 PM,77,94,3,29.81,Clear,0,0,0,0,0,,,
3/1/2023,7:00 PM,75,100,3,29.81,Clear,0,0,0,0,0,,,
3/1/2023,7:30 PM,75,94,0,29.84,Clear,0,0,0,0,0,,,
3/1/2023,8:00 PM,75,100,2,29.84,Clear,0,0,0,0,0,,,
3/1/2023,8:30 PM,75,100,2,29.84,Clear,0,0,0,0,0,,,
3/1/2023,9:00 PM,75,100,0,29.87,Clear,0,0,0,0,0,,,
3/1/2023,9:30 PM,75,94,0,29.87,Clear,0,0,0,0,0,,,
3/1/2023,10:00 PM,75,100,0,29.87,Clear,0,0,0,0,0,,,
3/1/2023,10:30 PM,75,100,2,29.87,Clear,0,0,0,0,0,,,
3/1/2023,11:00 PM,75,100,0,29.87,Clear,0,0,0,0,0,,,
3/1/2023,11:30 PM,75,100,0,29.87,Clear,0,0,0,0,0,,,
3/2/2023,12:00 AM,75,94,3,29.87,Clear,0,0,0,0,0,,,
3/2/2023,12:30 AM,75,100,3,29.87,Clear,0,0,0,0,0,,,
3/2/2023,1:00 AM,73,100,2,29.84,Clear,0,0,0,0,0,,,
3/2/2023,1:30 AM,73,100,2,29.84,Clear,0,0,0,0,0,,,
3/2/2023,2:00 AM,73,100,0,29.81,Mist,0,0,0,0,0,,,
3/2/2023,2:30 AM,73,100,0,29.81,Mist,0,0,0,0,0,,,
3/2/2023,3:00 AM,73,94,0,29.81,Clear,0,0,0,0,0,,,
3/2/2023,3:30 AM,73,94,0,29.81,Clear,0,0,0,0,0,,,
3/2/2023,4:00 AM,73,100,2,29.79,Clear,0,0,0,0,0,,,
3/2/2023,4:30 AM,73,94,2,29.79,Clear,0,0,0,0,0,,,
3/2/2023,5:00 AM,73,94,2,29.79,Clear,0,0,0,0,0,,,
3/2/2023,5:30 AM,72,100,2,29.79,Clear,0,0,0,0,0,,,
3/2/2023,6:00 AM,73,100,2,29.81,Clear,0,0,0,0,0,,,
3/2/2023,6:30 AM,72,100,0,29.81,Clear,0,0,0,0,0,,,
3/2/2023,7:00 AM,73,100,0,29.81,Clear,0,0,0,0,0,,,
3/2/2023,7:30 AM,75,94,0,29.84,Clear,0,0,0,0,0,,,
3/2/2023,8:00 AM,77,100,3,29.84,Clear,0,0,0,0,0,,,
3/2/2023,8:30 AM,79,100,9,29.84,Clear,0,0,0,0,0,,,
3/2/2023,9:00 AM,81,89,9,29.84,Clear,0,0,0,0,0,,,
3/2/2023,9:30 AM,82,89,13,29.87,Clear,0,0,0,0,0,,,
3/2/2023,10:00 AM,82,84,15,29.87,Clear,0,0,0,0,0,,,
3/2/2023,10:30 AM,86,79,16,29.84,Clear,0,0,0,0,0,,,
3/2/2023,11:00 AM,88,70,16,29.84,Clear,0,0,0,0,0,,,
3/2/2023,11:30 AM,86,74,15,29.84,Clear,0,0,0,0,0,,,
3/2/2023,12:00 PM,88,66,16,29.81,Clear,0,0,0,0,0,,,
3/2/2023,12:30 PM,90,62,18,29.81,Clear,0,0,0,0,0,,,
3/2/2023,1:00 PM,90,62,18,29.79,Clear,0,0,0,0,0,,,
3/2/2023,1:30 PM,90,59,17,29.79,Clear,0,0,0,0,0,,,
3/2/2023,2:00 PM,90,62,15,29.76,Clear,0,0,0,0,0,,,
3/2/2023,2:30 PM,90,59,18,29.76,Clear,0,0,0,0,0,,,
3/2/2023,3:00 PM,90,59,20,29.76,Clear,0,0,0,0,0,,,
3/2/2023,3:30 PM,88,62,16,29.76,Clear,0,0,0,0,0,,,
3/2/2023,4:00 PM,88,62,16,29.73,Clear,0,0,0,0,0,,,
3/2/2023,4:30 PM,86,62,17,29.76,Clear,0,0,0,0,0,,,
3/2/2023,5:00 PM,84,66,15,29.76,Clear,0,0,0,0,0,,,
3/2/2023,5:30 PM,84,70,15,29.76,Clear,0,0,0,0,0,,,
3/2/2023,6:00 PM,84,70,12,29.76,Clear,0,0,0,0,0,,,
3/2/2023,6:30 PM,82,74,14,29.76,Clear,0,0,0,0,0,,,
3/2/2023,7:00 PM,81,79,9,29.79,Clear,0,0,0,0,0,,,
3/2/2023,7:30 PM,81,79,9,29.79,Clear,0,0,0,0,0,,,
3/2/2023,8:00 PM,81,79,7,29.79,Clear,0,0,0,0,0,,,
3/2/2023,8:30 PM,81,79,9,29.81,Clear,0,0,0,0,0,,,
3/2/2023,9:00 PM,81,79,7,29.81,Clear,0,0,0,0,0,,,
3/2/2023,9:30 PM,79,83,3,29.84,Clear,0,0,0,0,0,,,
3/2/2023,10:00 PM,77,89,0,29.84,Clear,0,0,0,0,0,,,
3/2/2023,10:30 PM,75,94,0,29.87,Clear,0,0,0,0,0,,,
3/2/2023,11:00 PM,75,94,0,29.87,Clear,0,0,0,0,0,,,
3/2/2023,11:30 PM,75,94,2,29.87,Clear,0,0,0,0,0,,,
3/3/2023,12:00 AM,79,89,0,29.84,Clear,0,0,0,0,0,,,
3/3/2023,12:30 AM,79,83,2,29.84,Clear,0,0,0,0,0,,,
3/3/2023,1:00 AM,79,83,6,29.84,Clear,0,0,0,0,0,,,
3/3/2023,1:30 AM,77,89,6,29.81,Clear,0,0,0,0,0,,,
3/3/2023,2:00 AM,77,89,3,29.81,Clear,0,0,0,0,0,,,
3/3/2023,2:30 AM,77,89,5,29.81,Clear,0,0,0,0,0,,,
3/3/2023,3:00 AM,75,94,2,29.81,Clear,0,0,0,0,0,,,
3/3/2023,3:30 AM,75,89,0,29.81,Clear,0,0,0,0,0,,,
3/3/2023,4:00 AM,75,94,0,29.81,Clear,0,0,0,0,0,,,
3/3/2023,4:30 AM,75,89,0,29.81,Clear,0,0,0,0,0,,,
3/3/2023,5:00 AM,73,94,0,29.81,Clear,0,0,0,0,0,,,
3/3/2023,5:30 AM,73,94,2,29.81,Clear,0,0,0,0,0,,,
3/3/2023,6:00 AM,73,100,5,29.81,Clear,0,0,0,0,0,,,
3/3/2023,6:30 AM,75,94,5,29.84,Clear,0,0,0,0,0,,,
3/3/2023,7:00 AM,75,94,5,29.84,Clear,0,0,0,0,0,,,
3/3/2023,7:30 AM,75,94,3,29.87,Clear,0,0,0,0,0,,,
3/3/2023,8:00 AM,79,89,2,29.87,Clear,0,0,0,0,0,,,
3/3/2023,8:30 AM,81,84,1,29.9,Clear,0,0,0,0,0,,,
3/3/2023,9:00 AM,81,84,9,29.9,Clear,0,0,0,0,0,,,
3/3/2023,9:30 AM,84,79,14,29.9,Clear,0,0,0,0,0,,,
3/3/2023,10:00 AM,84,74,13,29.93,Clear,0,0,0,0,0,,,
3/3/2023,10:30 AM,86,70,13,29.93,Clear,0,0,0,0,0,,,
3/3/2023,11:00 AM,86,70,10,29.9,Clear,0,0,0,0,0,,,
3/3/2023,11:30 AM,88,62,14,29.9,Clear,0,0,0,0,0,,,
3/3/2023,12:00 PM,90,59,15,29.87,Clear,0,0,0,0,0,,,
3/3/2023,12:30 PM,88,62,15,29.87,Clear,0,0,0,0,0,,,
3/3/2023,1:00 PM,90,59,17,29.84,Clear,0,0,0,0,0,,,
3/3/2023,1:30 PM,90,59,17,29.84,Clear,0,0,0,0,0,,,
3/3/2023,2:00 PM,90,59,17,29.81,Clear,0,0,0,0,0,,,
3/3/2023,2:30 PM,90,59,15,29.81,Clear,0,0,0,0,0,,,
3/3/2023,3:00 PM,90,55,17,29.79,Clear,0,0,0,0,0,,,
3/3/2023,3:30 PM,90,55,16,29.79,Clear,0,0,0,0,0,,,
3/3/2023,4:00 PM,88,58,16,29.79,Clear,0,0,0,0,0,,,
3/3/2023,4:30 PM,88,55,16,29.79,Clear,0,0,0,0,0,,,
3/3/2023,5:00 PM,88,52,18,29.79,Clear,0,0,0,0,0,,,
3/3/2023,5:30 PM,86,62,15,29.81,Clear,0,0,0,0,0,,,
3/3/2023,6:00 PM,84,66,14,29.84,Clear,0,0,0,0,0,,,
3/3/2023,6:30 PM,82,70,14,29.84,Clear,0,0,0,0,0,,,
3/3/2023,7:00 PM,81,79,12,29.84,Clear,0,0,0,0,0,,,
3/3/2023,7:30 PM,81,79,10,29.87,Clear,0,0,0,0,0,,,
3/3/2023,8:00 PM,81,79,6,29.87,Clear,0,0,0,0,0,,,
3/3/2023,8:30 PM,81,79,8,29.87,Clear,0,0,0,0,0,,,
3/3/2023,9:00 PM,81,79,6,29.9,Clear,0,0,0,0,0,,,
3/3/2023,9:30 PM,81,79,6,29.9,Clear,0,0,0,0,0,,,
3/3/2023,10:00 PM,81,79,6,29.9,Clear,0,0,0,0,0,,,
3/3/2023,10:30 PM,79,83,5,29.9,Clear,0,0,0,0,0,,,
3/3/2023,11:00 PM,79,83,7,29.9,Clear,0,0,0,0,0,,,
3/3/2023,11:30 PM,79,83,5,29.9,Clear,0,0,0,0,0,,,
3/4/2023,12:00 AM,79,83,3,29.9,Clear,0,0,0,0,0,,,
3/4/2023,12:30 AM,77,89,0,29.9,Clear,0,0,0,0,0,,,
3/4/2023,1:00 AM,75,94,0,29.87,Clear,0,0,0,0,0,,,
3/4/2023,1:30 AM,75,89,3,29.87,Clear,0,0,0,0,0,,,
3/4/2023,2:00 AM,75,89,3,29.84,Clear,0,0,0,0,0,,,
3/4/2023,2:30 AM,73,94,0,29.84,Clear,0,0,0,0,0,,,
3/4/2023,3:00 AM,73,94,0,29.84,Clear,0,0,0,0,0,,,
3/4/2023,3:30 AM,73,94,0,29.84,Clear,0,0,0,0,0,,,
3/4/2023,4:00 AM,73,94,0,29.84,Clear,0,0,0,0,0,,,
3/4/2023,4:30 AM,73,94,0,29.84,Clear,0,0,0,0,0,,,
3/4/2023,5:00 AM,73,94,0,29.84,Clear,0,0,0,0,0,,,
3/4/2023,5:30 AM,73,94,0,29.84,Clear,0,0,0,0,0,,,
3/4/2023,6:00 AM,73,94,0,29.87,Clear,0,0,0,0,0,,,
3/4/2023,6:30 AM,72,100,0,29.87,Clear,0,0,0,0,0,,,
3/4/2023,7:00 AM,73,94,5,29.87,Clear,0,0,0,0,0,,,
3/4/2023,7:30 AM,73,100,2,29.9,Clear,0,0,0,0,0,,,
3/4/2023,8:00 AM,75,94,0,29.9,Clear,0,0,0,0,0,,,
3/4/2023,8:30 AM,77,94,0,29.9,Clear,0,0,0,0,0,,,
3/4/2023,9:00 AM,81,84,0,29.93,Clear,0,0,0,0,0,,,
3/4/2023,9:30 AM,82,79,5,29.93,Clear,0,0,0,0,0,,,
3/4/2023,10:00 AM,84,74,9,29.93,Clear,0,0,0,0,0,,,
3/4/2023,10:30 AM,84,74,8,29.93,Clear,0,0,0,0,0,,,
3/4/2023,11:00 AM,86,66,12,29.93,Clear,0,0,0,0,0,,,
3/4/2023,11:30 AM,86,66,14,29.9,Clear,0,0,0,0,0,,,
3/4/2023,12:00 PM,88,58,16,29.9,Clear,0,0,0,0,0,,,
3/4/2023,12:30 PM,88,58,18,29.87,Clear,0,0,0,0,0,,,
3/4/2023,1:00 PM,88,58,18,29.87,Clear,0,0,0,0,0,,,
3/4/2023,1:30 PM,88,58,16,29.84,Clear,0,0,0,0,0,,,
3/4/2023,2:00 PM,88,58,18,29.84,Clear,0,0,0,0,0,,,
3/4/2023,2:30 PM,88,58,20,29.81,Clear,0,0,0,0,0,,,
3/4/2023,3:00 PM,86,62,18,29.81,Clear,0,0,0,0,0,,,
3/4/2023,3:30 PM,86,62,17,29.81,Clear,0,0,0,0,0,,,
3/4/2023,4:00 PM,86,62,17,29.81,Clear,0,0,0,0,0,,,
3/4/2023,4:30 PM,84,66,20,29.81,Clear,0,0,0,0,0,,,
3/4/2023,5:00 PM,84,62,18,29.81,Clear,0,0,0,0,0,,,
3/4/2023,5:30 PM,82,66,14,29.81,Clear,0,0,0,0,0,,,
3/4/2023,6:00 PM,82,66,12,29.81,Clear,0,0,0,0,0,,,
3/4/2023,6:30 PM,81,74,12,29.84,Clear,0,0,0,0,0,,,
3/4/2023,7:00 PM,81,74,10,29.84,Clear,0,0,0,0,0,,,
3/4/2023,7:30 PM,81,74,9,29.84,Clear,0,0,0,0,0,,,
3/4/2023,8:00 PM,79,78,6,29.87,Clear,0,0,0,0,0,,,
3/4/2023,8:30 PM,77,83,3,29.87,Clear,0,0,0,0,0,,,
3/4/2023,9:00 PM,77,83,5,29.87,Clear,0,0,0,0,0,,,
3/4/2023,9:30 PM,77,83,7,29.9,Clear,0,0,0,0,0,,,
3/4/2023,10:00 PM,77,83,6,29.9,Clear,0,0,0,0,0,,,
3/4/2023,10:30 PM,77,83,6,29.9,Clear,0,0,0,0,0,,,
3/4/2023,11:00 PM,77,83,5,29.9,Clear,0,0,0,0,0,,,
3/4/2023,11:30 PM,75,89,6,29.9,Clear,0,0,0,0,0,,,
3/5/2023,12:00 AM,75,89,3,29.87,Clear,0,0,0,0,0,,,
3/5/2023,12:30 AM,73,88,2,29.87,Clear,0,0,0,0,0,,,
3/5/2023,1:00 AM,73,88,0,29.87,Clear,0,0,0,0,0,,,
3/5/2023,1:30 AM,72,94,0,29.84,Clear,0,0,0,0,0,,,
3/5/2023,2:00 AM,72,94,0,29.84,Clear,0,0,0,0,0,,,
3/5/2023,2:30 AM,72,94,0,29.84,Clear,0,0,0,0,0,,,
3/5/2023,3:00 AM,72,94,0,29.84,Clear,0,0,0,0,0,,,
3/5/2023,3:30 AM,72,94,0,29.81,Clear,0,0,0,0,0,,,
3/5/2023,4:00 AM,72,94,0,29.81,Clear,0,0,0,0,0,,,
3/5/2023,4:30 AM,72,94,2,29.81,Clear,0,0,0,0,0,,,
3/5/2023,5:00 AM,70,100,0,29.81,Clear,1,1,0,1,0,,,
3/5/2023,5:30 AM,70,100,0,29.84,Clear,0,0,0,0,0,,,
3/5/2023,6:00 AM,70,94,0,29.84,Clear,0,0,0,0,0,,,
3/5/2023,6:30 AM,70,94,0,29.84,Clear,0,0,0,0,0,,,
3/5/2023,7:00 AM,70,94,3,29.87,Clear,0,0,0,0,0,,,
3/5/2023,7:30 AM,70,100,3,29.87,Clear,0,0,0,0,0,,,
3/5/2023,8:00 AM,73,100,0,29.9,Clear,0,0,0,0,0,,,
3/5/2023,8:30 AM,79,89,5,29.9,Clear,0,0,0,0,0,,,
3/5/2023,9:00 AM,81,84,7,29.9,Clear,0,0,0,0,0,,,
3/5/2023,9:30 AM,84,74,15,29.9,Clear,0,0,0,0,0,,,
3/5/2023,10:00 AM,84,70,13,29.93,Clear,0,0,0,0,0,,,
3/5/2023,10:30 AM,86,62,14,29.93,Clear,0,0,0,0,0,,,
3/5/2023,11:00 AM,86,62,15,29.9,Clear,0,0,0,0,0,,,
3/5/2023,11:30 AM,88,55,16,29.9,Clear,0,0,0,0,0,,,
3/5/2023,12:00 PM,88,55,17,29.87,Clear,0,0,0,0,0,,,
3/5/2023,12:30 PM,88,52,21,29.87,Clear,0,0,0,0,0,,,
3/5/2023,1:00 PM,88,52,20,29.84,Clear,0,0,0,0,0,,,
3/5/2023,1:30 PM,88,52,18,29.84,Clear,0,0,0,0,0,,,
3/5/2023,2:00 PM,90,49,14,29.84,Clear,0,0,0,0,0,,,
3/5/2023,2:30 PM,90,49,15,29.81,Clear,0,0,0,0,0,,,
3/5/2023,3:00 PM,88,55,15,29.81,Clear,0,0,0,0,0,,,
3/5/2023,3:30 PM,88,55,16,29.79,Clear,0,0,0,0,0,,,
3/5/2023,4:00 PM,88,52,17,29.79,Clear,0,0,0,0,0,,,
3/5/2023,4:30 PM,88,52,15,29.79,Clear,0,0,0,0,0,,,
3/5/2023,5:00 PM,86,55,15,29.81,Clear,0,0,0,0,0,,,
3/5/2023,5:30 PM,86,51,15,29.81,Clear,0,0,0,0,0,,,
3/5/2023,6:00 PM,82,62,15,29.81,Clear,0,0,0,0,0,,,
3/5/2023,6:30 PM,82,62,13,29.81,Clear,0,0,0,0,0,,,
3/5/2023,7:00 PM,81,70,8,29.84,Clear,0,0,0,0,0,,,
3/5/2023,7:30 PM,81,74,7,29.84,Clear,0,0,0,0,0,,,
3/5/2023,8:00 PM,79,74,8,29.84,Clear,0,0,0,0,0,,,
3/5/2023,8:30 PM,79,78,6,29.84,Clear,0,0,0,0,0,,,
3/5/2023,9:00 PM,79,78,5,29.87,Clear,0,0,0,0,0,,,
3/5/2023,9:30 PM,77,78,6,29.87,Clear,0,0,0,0,0,,,
3/5/2023,10:00 PM,77,78,7,29.87,Clear,0,0,0,0,0,,,
3/5/2023,10:30 PM,77,83,7,29.87,Clear,0,0,0,0,0,,,
3/5/2023,11:00 PM,77,78,8,29.87,Clear,0,0,0,0,0,,,
3/5/2023,11:30 PM,77,78,9,29.87,Clear,0,0,0,0,0,,,
3/6/2023,12:00 AM,75,83,6,29.87,Clear,0,0,0,0,0,,,
3/6/2023,12:30 AM,75,83,6,29.87,Clear,0,0,0,0,0,,,
3/6/2023,1:00 AM,75,83,7,29.87,Clear,0,0,0,0,0,,,
3/6/2023,1:30 AM,75,83,7,29.84,Clear,0,0,0,0,0,,,
3/6/2023,2:00 AM,73,88,6,29.81,Clear,0,0,0,0,0,,,
3/6/2023,2:30 AM,73,88,6,29.81,Clear,0,0,0,0,0,,,
3/6/2023,3:00 AM,72,88,0,29.81,Clear,0,0,0,0,0,,,
3/6/2023,3:30 AM,72,88,0,29.81,Clear,0,0,0,0,0,,,
3/6/2023,4:00 AM,70,94,0,29.81,Clear,0,0,0,0,0,,,
3/6/2023,4:30 AM,70,94,0,29.81,Clear,0,0,0,0,0,,,
3/6/2023,5:00 AM,68,100,0,29.81,Clear,0,0,0,0,0,,,
3/6/2023,5:30 AM,68,94,2,29.81,Clear,0,0,0,0,0,,,
3/6/2023,6:00 AM,68,100,3,29.81,Clear,0,0,0,0,0,,,
3/6/2023,6:30 AM,68,100,0,29.81,Clear,0,0,0,0,0,,,
3/6/2023,7:00 AM,68,100,0,29.84,Clear,0,0,0,0,0,,,
3/6/2023,7:30 AM,68,100,2,29.84,Clear,0,0,0,0,0,,,
3/6/2023,8:00 AM,73,94,2,29.87,Clear,0,0,0,0,0,,,
3/6/2023,8:30 AM,77,89,2,29.87,Clear,0,0,0,0,0,,,
3/6/2023,9:00 AM,81,79,6,29.87,Clear,0,0,0,0,0,,,
3/6/2023,9:30 AM,82,74,15,29.87,Clear,0,0,0,0,0,,,
3/6/2023,10:00 AM,84,70,15,29.87,Clear,0,0,0,0,0,,,
3/6/2023,10:30 AM,84,66,15,29.87,Clear,0,0,0,0,0,,,
3/6/2023,11:00 AM,88,55,17,29.87,Clear,0,0,0,0,0,,,
3/6/2023,11:30 AM,86,55,18,29.87,Clear,0,0,0,0,0,,,
3/6/2023,12:00 PM,88,49,20,29.84,Clear,0,0,0,0,0,,,
3/6/2023,12:30 PM,88,49,21,29.84,Clear,0,0,0,0,0,,,
3/6/2023,1:00 PM,90,46,21,29.81,Clear,0,0,0,0,0,,,
3/6/2023,1:30 PM,88,49,18,29.79,Clear,0,0,0,0,0,,,
3/6/2023,2:00 PM,88,49,18,29.79,Clear,0,0,0,0,0,,,
3/6/2023,2:30 PM,88,52,16,29.76,Clear,0,0,0,0,0,,,
3/6/2023,3:00 PM,90,49,20,29.76,Clear,0,0,0,0,0,,,
3/6/2023,3:30 PM,88,52,20,29.76,Clear,0,0,0,0,0,,,
3/6/2023,4:00 PM,88,55,18,29.76,Clear,0,0,0,0,0,,,
3/6/2023,4:30 PM,86,58,18,29.76,Clear,0,0,0,0,0,,,
3/6/2023,5:00 PM,86,58,20,29.76,Clear,0,0,0,0,0,,,
3/6/2023,5:30 PM,84,62,16,29.76,Clear,0,0,0,0,0,,,
3/6/2023,6:00 PM,82,66,14,29.79,Clear,0,0,0,0,0,,,
3/6/2023,6:30 PM,81,70,13,29.79,Clear,0,0,0,0,0,,,
3/6/2023,7:00 PM,81,70,7,29.79,Clear,0,0,0,0,0,,,
3/6/2023,7:30 PM,79,74,7,29.81,Clear,0,0,0,0,0,,,
3/6/2023,8:00 PM,79,74,7,29.81,Clear,0,0,0,0,0,,,
3/6/2023,8:30 PM,79,74,6,29.84,Clear,0,0,0,0,0,,,
3/6/2023,9:00 PM,79,74,5,29.84,Clear,0,0,0,0,0,,,
3/6/2023,9:30 PM,79,74,5,29.84,Clear,0,0,0,0,0,,,
3/6/2023,10:00 PM,75,78,0,29.84,Clear,0,0,0,0,0,,,
3/6/2023,10:30 PM,73,88,0,29.87,Clear,0,0,0,0,0,,,
3/6/2023,11:00 PM,73,88,5,29.87,Clear,0,0,0,0,0,,,
3/6/2023,11:30 PM,73,88,3,29.87,Clear,0,0,0,0,0,,,
3/7/2023,12:00 AM,72,94,3,29.87,Clear,0,0,0,0,0,,,
3/7/2023,12:30 AM,72,94,0,29.84,Clear,0,0,0,0,0,,,
3/7/2023,1:00 AM,72,94,2,29.84,Clear,0,0,0,0,0,,,
3/7/2023,1:30 AM,72,94,0,29.84,Clear,0,0,0,0,0,,,
3/7/2023,2:00 AM,73,94,3,29.81,Clear,0,0,0,0,0,,,
3/7/2023,2:30 AM,73,94,3,29.81,Clear,0,0,0,0,0,,,
3/7/2023,3:00 AM,72,94,1,29.81,Clear,0,0,0,0,0,,,
3/7/2023,3:30 AM,72,94,2,29.81,Clear,0,0,0,0,0,,,
3/7/2023,4:00 AM,70,100,0,29.79,Clear,0,0,0,0,0,,,
3/7/2023,4:30 AM,70,94,0,29.79,Clear,0,0,0,0,0,,,
3/7/2023,5:00 AM,70,94,3,29.79,Clear,0,0,0,0,0,,,
3/7/2023,5:30 AM,70,94,3,29.81,Clear,0,0,0,0,0,,,
3/7/2023,6:00 AM,70,94,5,29.81,Clear,0,0,0,0,0,,,
3/7/2023,6:30 AM,70,94,0,29.81,Clear,0,0,0,0,0,,,
3/7/2023,7:00 AM,70,94,0,29.81,Clear,0,0,0,0,0,,,
3/7/2023,7:30 AM,72,94,0,29.84,Clear,0,0,0,0,0,,,
3/7/2023,8:00 AM,75,94,3,29.84,Clear,0,0,0,0,0,,,
3/7/2023,8:30 AM,79,83,0,29.84,Clear,0,0,0,0,0,,,
3/7/2023,9:00 AM,81,84,6,29.84,Clear,0,0,0,0,0,,,
3/7/2023,9:30 AM,82,79,9,29.87,Clear,0,0,0,0,0,,,
3/7/2023,10:00 AM,84,74,10,29.87,Clear,0,0,0,0,0,,,
3/7/2023,10:30 AM,86,66,10,29.87,Clear,0,0,0,0,0,,,
3/7/2023,11:00 AM,86,62,13,29.84,Clear,0,0,0,0,0,,,
3/7/2023,11:30 AM,88,58,15,29.84,Clear,0,0,0,0,0,,,
3/7/2023,12:00 PM,88,58,15,29.84,Clear,0,0,0,0,0,,,
3/7/2023,12:30 PM,88,55,15,29.81,Clear,0,0,0,0,0,,,
3/7/2023,1:00 PM,88,55,15,29.81,Clear,0,0,0,0,0,,,
3/7/2023,1:30 PM,88,55,15,29.79,Clear,0,0,0,0,0,,,
3/7/2023,2:00 PM,88,55,16,29.79,Clear,0,0,0,0,0,,,
3/7/2023,2:30 PM,90,52,16,29.79,Clear,0,0,0,0,0,,,
3/7/2023,3:00 PM,88,55,15,29.76,Clear,0,0,0,0,0,,,
3/7/2023,3:30 PM,88,55,15,29.76,Clear,0,0,0,0,0,,,
3/7/2023,4:00 PM,88,55,14,29.76,Clear,0,0,0,0,0,,,
3/7/2023,4:30 PM,86,58,16,29.76,Clear,0,0,0,0,0,,,
3/7/2023,5:00 PM,86,62,16,29.76,Clear,0,0,0,0,0,,,
3/7/2023,5:30 PM,84,62,16,29.76,Clear,0,0,0,0,0,,,
3/7/2023,6:00 PM,82,66,14,29.79,Clear,0,0,0,0,0,,,
3/7/2023,6:30 PM,82,70,13,29.79,Clear,0,0,0,0,0,,,
3/7/2023,7:00 PM,81,70,7,29.79,Clear,0,0,0,0,0,,,
3/7/2023,7:30 PM,81,70,6,29.81,Clear,0,0,0,0,0,,,
3/7/2023,8:00 PM,81,74,8,29.81,Clear,0,0,0,0,0,,,
3/7/2023,8:30 PM,81,74,6,29.84,Clear,0,0,0,0,0,,,
3/7/2023,9:00 PM,79,78,8,29.84,Clear,0,0,0,0,0,,,
3/7/2023,9:30 PM,79,78,7,29.84,Clear,0,0,0,0,0,,,
3/7/2023,10:00 PM,79,83,6,29.84,Clear,0,0,0,0,0,,,
3/7/2023,10:30 PM,79,78,5,29.87,Clear,0,0,0,0,0,,,
3/7/2023,11:00 PM,77,83,0,29.84,Clear,0,0,0,0,0,,,
3/7/2023,11:30 PM,75,89,0,29.87,Clear,0,0,0,0,0,,,
3/8/2023,12:00 AM,73,94,0,29.84,Clear,0,0,0,0,0,,,
3/8/2023,12:30 AM,73,88,0,29.84,Clear,0,0,0,0,0,,,
3/8/2023,1:00 AM,73,88,5,29.84,Clear,0,0,0,0,0,,,
3/8/2023,1:30 AM,73,88,5,29.84,Clear,0,0,0,0,0,,,
3/8/2023,2:00 AM,72,94,5,29.81,Clear,0,0,0,0,0,,,
3/8/2023,2:30 AM,72,94,5,29.81,Clear,0,0,0,0,0,,,
3/8/2023,3:00 AM,72,94,3,29.81,Clear,0,0,0,0,0,,,
3/8/2023,3:30 AM,72,94,3,29.81,Clear,0,0,0,0,0,,,
3/8/2023,4:00 AM,72,94,2,29.79,Clear,0,0,0,0,0,,,
3/8/2023,4:30 AM,72,94,2,29.79,Clear,0,0,0,0,0,,,
3/8/2023,5:00 AM,70,100,6,29.79,Clear,0,0,0,0,0,,,
3/8/2023,5:30 AM,72,94,0,29.79,Clear,0,0,0,0,0,,,
3/8/2023,6:00 AM,70,100,2,29.79,Clear,0,0,0,0,0,,,
3/8/2023,6:30 AM,70,100,2,29.81,Clear,0,0,0,0,0,,,
3/8/2023,7:00 AM,70,100,0,29.81,Clear,0,0,0,0,0,,,
3/8/2023,7:30 AM,72,100,5,29.84,Clear,0,0,0,0,0,,,
3/8/2023,8:00 AM,77,94,3,29.84,Clear,0,0,0,0,0,,,
3/8/2023,8:30 AM,79,89,2,29.84,Clear,0,0,0,0,0,,,
3/8/2023,9:00 AM,82,79,6,29.84,Clear,0,0,0,0,0,,,
3/8/2023,9:30 AM,84,74,7,29.87,Clear,0,0,0,0,0,,,
3/8/2023,10:00 AM,86,70,9,29.87,Clear,0,0,0,0,0,,,
3/8/2023,10:30 AM,88,66,13,29.84,Clear,0,0,0,0,0,,,
3/8/2023,11:00 AM,88,62,12,29.84,Clear,0,0,0,0,0,,,
3/8/2023,11:30 AM,90,55,12,29.81,Clear,0,0,0,0,0,,,
3/8/2023,12:00 PM,90,52,15,29.81,Clear,0,0,0,0,0,,,
3/8/2023,12:30 PM,90,52,15,29.81,Clear,0,0,0,0,0,,,
3/8/2023,1:00 PM,90,55,15,29.79,Clear,0,0,0,0,0,,,
3/8/2023,1:30 PM,90,55,15,29.79,Clear,0,0,0,0,0,,,
3/8/2023,2:00 PM,90,55,14,29.76,Clear,0,0,0,0,0,,,
3/8/2023,2:30 PM,90,55,14,29.76,Clear,0,0,0,0,0,,,
3/8/2023,3:00 PM,90,55,12,29.76,Clear,0,0,0,0,0,,,
3/8/2023,3:30 PM,88,58,13,29.73,Clear,0,0,0,0,0,,,
3/8/2023,4:00 PM,88,58,14,29.73,Clear,0,0,0,0,0,,,
3/8/2023,4:30 PM,88,58,16,29.76,Clear,0,0,0,0,0,,,
3/8/2023,5:00 PM,86,62,14,29.76,Clear,0,0,0,0,0,,,
3/8/2023,5:30 PM,84,66,14,29.76,Clear,0,0,0,0,0,,,
3/8/2023,6:00 PM,84,66,17,29.76,Clear,0,0,0,0,0,,,
3/8/2023,6:30 PM,82,70,12,29.76,Clear,0,0,0,0,0,,,
3/8/2023,7:00 PM,81,74,3,29.76,Clear,0,0,0,0,0,,,
3/8/2023,7:30 PM,81,74,9,29.79,Clear,0,0,0,0,0,,,
3/8/2023,8:00 PM,81,74,8,29.79,Clear,0,0,0,0,0,,,
3/8/2023,8:30 PM,81,74,8,29.81,Clear,0,0,0,0,0,,,
3/8/2023,9:00 PM,79,83,6,29.81,Clear,0,0,0,0,0,,,
3/8/2023,9:30 PM,79,83,7,29.81,Clear,0,0,0,0,0,,,
3/8/2023,10:00 PM,79,83,6,29.81,Clear,0,0,0,0,0,,,
3/8/2023,10:30 PM,79,83,5,29.81,Clear,0,0,0,0,0,,,
3/8/2023,11:00 PM,77,83,5,29.81,Clear,0,0,0,0,0,,,
3/8/2023,11:30 PM,75,89,0,29.81,Clear,0,0,0,0,0,,,
3/9/2023,12:00 AM,75,89,0,29.81,Clear,0,0,0,0,0,,,
3/9/2023,12:30 AM,77,83,0,29.81,Clear,0,0,0,0,0,,,
3/9/2023,1:00 AM,73,94,3,29.79,Clear,0,0,0,0,0,,,
3/9/2023,1:30 AM,73,94,2,29.79,Clear,0,0,0,0,0,,,
3/9/2023,2:00 AM,72,94,0,29.76,Clear,0,0,0,0,0,,,
3/9/2023,2:30 AM,72,94,0,29.76,Clear,0,0,0,0,0,,,
3/9/2023,3:00 AM,72,94,5,29.76,Clear,0,0,0,0,0,,,
3/9/2023,3:30 AM,72,94,5,29.76,Clear,0,0,0,0,0,,,
3/9/2023,4:00 AM,72,94,0,29.76,Clear,0,0,0,0,0,,,
3/9/2023,4:30 AM,72,94,0,29.76,Clear,0,0,0,0,0,,,
3/9/2023,5:00 AM,72,94,0,29.76,Clear,0,0,0,0,0,,,
3/9/2023,5:30 AM,72,94,3,29.76,Clear,0,0,0,0,0,,,
3/9/2023,6:00 AM,72,94,0,29.76,Clear,0,0,0,0,0,,,
3/9/2023,6:30 AM,72,100,0,29.76,Clear,0,0,0,0,0,,,
3/9/2023,7:00 AM,72,100,3,29.79,Clear,0,0,0,0,0,,,
3/9/2023,7:30 AM,75,94,6,29.79,Clear,0,0,0,0,0,,,
3/9/2023,8:00 AM,79,89,6,29.79,Clear,0,0,0,0,0,,,
3/9/2023,8:30 AM,81,84,8,29.81,Clear,0,0,0,0,0,,,
3/9/2023,9:00 AM,82,84,10,29.81,Clear,0,0,0,0,0,,,
3/9/2023,9:30 AM,84,79,13,29.81,Clear,0,0,0,0,0,,,
3/9/2023,10:00 AM,84,74,14,29.81,Clear,0,0,0,0,0,,,
3/9/2023,10:30 AM,86,70,14,29.81,Clear,0,0,0,0,0,,,
3/9/2023,11:00 AM,88,62,12,29.79,Clear,0,0,0,0,0,,,
3/9/2023,11:30 AM,90,59,15,29.79,Clear,0,0,0,0,0,,,
3/9/2023,12:00 PM,90,55,17,29.79,Clear,0,0,0,0,0,,,
3/9/2023,12:30 PM,90,55,16,29.76,Clear,0,0,0,0,0,,,
3/9/2023,1:00 PM,90,52,16,29.76,Clear,0,0,0,0,0,,,
3/9/2023,1:30 PM,88,55,17,29.76,Clear,0,0,0,0,0,,,
3/9/2023,2:00 PM,88,58,14,29.73,Clear,0,0,0,0,0,,,
3/9/2023,2:30 PM,88,58,16,29.73,Clear,0,0,0,0,0,,,
3/9/2023,3:00 PM,88,58,13,29.73,Clear,0,0,0,0,0,,,
3/9/2023,3:30 PM,88,58,13,29.7,Clear,0,0,0,0,0,,,
3/9/2023,4:00 PM,86,62,14,29.7,Clear,0,0,0,0,0,,,
3/9/2023,4:30 PM,88,58,16,29.7,Clear,0,0,0,0,0,,,
3/9/2023,5:00 PM,86,62,16,29.73,Clear,0,0,0,0,0,,,
3/9/2023,5:30 PM,84,66,14,29.73,Clear,0,0,0,0,0,,,
3/9/2023,6:00 PM,82,70,15,29.73,Clear,0,0,0,0,0,,,
3/9/2023,6:30 PM,82,70,13,29.73,Clear,0,0,0,0,0,,,
3/9/2023,7:00 PM,82,70,12,29.76,Clear,0,0,0,0,0,,,
3/9/2023,7:30 PM,81,74,9,29.76,Clear,0,0,0,0,0,,,
3/9/2023,8:00 PM,81,74,9,29.76,Clear,0,0,0,0,0,,,
3/9/2023,8:30 PM,81,79,8,29.79,Clear,0,0,0,0,0,,,
3/9/2023,9:00 PM,81,79,7,29.79,Clear,0,0,0,0,0,,,
3/9/2023,9:30 PM,81,79,7,29.81,Clear,0,0,0,0,0,,,
3/9/2023,10:00 PM,81,79,7,29.81,Clear,0,0,0,0,0,,,
3/9/2023,10:30 PM,81,79,3,29.81,Clear,0,0,0,0,0,,,
3/9/2023,11:00 PM,79,83,0,29.81,Clear,0,0,0,0,0,,,
3/9/2023,11:30 PM,79,83,1,29.81,Clear,0,0,0,0,0,,,
3/10/2023,12:00 AM,79,83,2,29.79,Clear,0,0,0,0,0,,,
3/10/2023,12:30 AM,79,83,0,29.79,Clear,0,0,0,0,0,,,
3/10/2023,1:00 AM,77,89,0,29.79,Clear,0,0,0,0,0,,,
3/10/2023,1:30 AM,77,89,2,29.76,Clear,0,0,0,0,0,,,
3/10/2023,2:00 AM,77,89,3,29.76,Clear,0,0,0,0,0,,,
3/10/2023,2:30 AM,77,89,0,29.76,Clear,0,0,0,0,0,,,
3/10/2023,3:00 AM,75,94,0,29.73,Clear,0,0,0,0,0,,,
3/10/2023,3:30 AM,75,94,0,29.73,Clear,0,0,0,0,0,,,
3/10/2023,4:00 AM,75,94,0,29.73,Clear,0,0,0,0,0,,,
3/10/2023,4:30 AM,73,100,0,29.73,Clear,0,0,0,0,0,,,
3/10/2023,5:00 AM,73,100,0,29.73,Clear,0,0,0,0,0,,,
3/10/2023,5:30 AM,73,94,0,29.73,Clear,0,0,0,0,0,,,
3/10/2023,6:00 AM,73,94,0,29.76,Clear,0,0,0,0,0,,,
3/10/2023,6:30 AM,73,94,0,29.76,Clear,0,0,0,0,0,,,
3/10/2023,7:00 AM,73,100,3,29.79,Clear,0,0,0,0,0,,,
3/10/2023,7:30 AM,75,94,2,29.79,Clear,0,0,0,0,0,,,
3/10/2023,8:00 AM,77,94,3,29.79,Clear,0,0,0,0,0,,,
3/10/2023,8:30 AM,81,89,3,29.81,Clear,0,0,0,0,0,,,
3/10/2023,9:00 AM,81,89,2,29.81,Clear,0,0,0,0,0,,,
3/10/2023,9:30 AM,84,74,9,29.81,Clear,0,0,0,0,0,,,
3/10/2023,10:00 AM,86,70,13,29.81,Clear,0,0,0,0,0,,,
3/10/2023,10:30 AM,88,62,14,29.81,Clear,0,0,0,0,0,,,
3/10/2023,11:00 AM,88,58,13,29.81,Clear,0,0,0,0,0,,,
3/10/2023,11:30 AM,90,52,14,29.79,Clear,0,0,0,0,0,,,
3/10/2023,12:00 PM,86,55,14,29.79,Clear,0,0,0,0,0,,,
3/10/2023,12:30 PM,88,55,13,29.76,Clear,0,0,0,0,0,,,
3/10/2023,1:00 PM,88,55,12,29.76,Clear,0,0,0,0,0,,,
3/10/2023,1:30 PM,90,55,13,29.73,Clear,0,0,0,0,0,,,
3/10/2023,2:00 PM,88,58,13,29.73,Clear,0,0,0,0,0,,,
3/10/2023,2:30 PM,90,52,13,29.73,Clear,0,0,0,0,0,,,
3/10/2023,3:00 PM,90,55,14,29.7,Clear,0,0,0,0,0,,,
3/10/2023,3:30 PM,90,55,14,29.7,Clear,0,0,0,0,0,,,
3/10/2023,4:00 PM,88,58,15,29.67,Clear,0,0,0,0,0,,,
3/10/2023,4:30 PM,86,62,12,29.7,Clear,0,0,0,0,0,,,
3/10/2023,5:00 PM,84,66,14,29.7,Clear,0,0,0,0,0,,,
3/10/2023,5:30 PM,84,66,14,29.7,Clear,0,0,0,0,0,,,
3/10/2023,6:00 PM,82,70,13,29.7,Clear,0,0,0,0,0,,,
3/10/2023,6:30 PM,82,70,12,29.7,Clear,0,0,0,0,0,,,
3/10/2023,7:00 PM,81,74,10,29.73,Clear,0,0,0,0,0,,,
3/10/2023,7:30 PM,81,74,9,29.73,Clear,0,0,0,0,0,,,
3/10/2023,8:00 PM,81,79,8,29.76,Clear,0,0,0,0,0,,,
3/10/2023,8:30 PM,81,79,7,29.76,Clear,0,0,0,0,0,,,
3/10/2023,9:00 PM,79,83,8,29.76,Clear,0,0,0,0,0,,,
3/10/2023,9:30 PM,79,83,8,29.79,Clear,0,0,0,0,0,,,
3/10/2023,10:00 PM,79,83,7,29.79,Clear,0,0,0,0,0,,,
3/10/2023,10:30 PM,79,83,6,29.79,Clear,0,0,0,0,0,,,
3/10/2023,11:00 PM,77,89,5,29.81,Clear,0,0,0,0,0,,,
3/10/2023,11:30 PM,77,89,5,29.81,Rain,0,0,0,0,0,,,
3/11/2023,12:00 AM,77,89,3,29.81,Clear,0,0,0,0,0,,,
3/11/2023,12:30 AM,77,89,3,29.79,Clear,0,0,0,0,0,,,
3/11/2023,1:00 AM,75,89,2,29.79,Clear,0,0,0,0,0,,,
3/11/2023,1:30 AM,73,94,0,29.79,Clear,0,0,0,0,0,,,
3/11/2023,2:00 AM,73,94,0,29.76,Clear,0,0,0,0,0,,,
3/11/2023,2:30 AM,73,94,0,29.76,Clear,0,0,0,0,0,,,
3/11/2023,3:00 AM,72,94,0,29.76,Clear,0,0,0,0,0,,,
3/11/2023,3:30 AM,72,100,0,29.76,Clear,0,0,0,0,0,,,
3/11/2023,4:00 AM,72,94,2,29.76,Clear,0,0,0,0,0,,,
3/11/2023,4:30 AM,72,94,2,29.76,Clear,0,0,0,0,0,,,
3/11/2023,5:00 AM,72,94,0,29.73,Clear,0,0,0,0,0,,,
3/11/2023,5:30 AM,72,94,2,29.76,Clear,0,0,0,0,0,,,
3/11/2023,6:00 AM,72,94,5,29.76,Clear,0,0,0,0,0,,,
3/11/2023,6:30 AM,72,94,2,29.76,Clear,0,0,0,0,0,,,
3/11/2023,7:00 AM,72,100,1,29.79,Clear,0,0,0,0,0,,,
3/11/2023,7:30 AM,73,100,0,29.79,Clear,0,0,0,0,0,,,
3/11/2023,8:00 AM,79,83,1,29.79,Clear,0,0,0,0,0,,,
3/11/2023,8:30 AM,81,89,1,29.79,Clear,0,0,0,0,0,,,
3/11/2023,9:00 AM,82,84,8,29.81,Clear,0,0,0,0,0,,,
3/11/2023,9:30 AM,84,79,10,29.81,Clear,0,0,0,0,0,,,
3/11/2023,10:00 AM,86,70,12,29.81,Clear,0,0,0,0,0,,,
3/11/2023,10:30 AM,88,58,12,29.81,Clear,0,0,0,0,0,,,
3/11/2023,11:00 AM,88,58,12,29.81,Clear,0,0,0,0,0,,,
3/11/2023,11:30 AM,90,52,14,29.81,Clear,0,0,0,0,0,,,
3/11/2023,12:00 PM,90,52,15,29.79,Clear,0,0,0,0,0,,,
3/11/2023,12:30 PM,90,52,15,29.79,Clear,0,0,0,0,0,,,
3/11/2023,1:00 PM,90,55,14,29.79,Clear,0,0,0,0,0,,,
3/11/2023,1:30 PM,90,55,14,29.76,Clear,0,0,0,0,0,,,
3/11/2023,2:00 PM,88,58,14,29.76,Clear,0,0,0,0,0,,,
3/11/2023,2:30 PM,90,55,13,29.73,Clear,0,0,0,0,0,,,
3/11/2023,3:00 PM,88,58,12,29.73,Clear,0,0,0,0,0,,,
3/11/2023,3:30 PM,88,58,12,29.73,Clear,0,0,0,0,0,,,
3/11/2023,4:00 PM,88,58,12,29.73,Clear,0,0,0,0,0,,,
3/11/2023,4:30 PM,88,58,13,29.73,Clear,0,0,0,0,0,,,
3/11/2023,5:00 PM,88,58,13,29.73,Clear,0,0,0,0,0,,,
3/11/2023,5:30 PM,86,62,12,29.73,Clear,0,0,0,0,0,,,
3/11/2023,6:00 PM,84,66,12,29.73,Clear,0,0,0,0,0,,,
3/11/2023,6:30 PM,82,66,10,29.73,Clear,0,0,0,0,0,,,
3/11/2023,7:00 PM,81,70,6,29.76,Clear,0,0,0,0,0,,,
3/11/2023,7:30 PM,81,70,6,29.76,Clear,0,0,0,0,0,,,
3/11/2023,8:00 PM,79,74,2,29.76,Clear,0,0,0,0,0,,,
3/11/2023,8:30 PM,77,78,2,29.79,Clear,0,0,0,0,0,,,
3/11/2023,9:00 PM,77,78,1,29.79,Clear,0,0,0,0,0,,,
3/11/2023,9:30 PM,73,83,0,29.81,Clear,0,0,0,0,0,,,
3/11/2023,10:00 PM,75,83,0,29.81,Clear,0,0,0,0,0,,,
3/11/2023,10:30 PM,72,88,2,29.81,Clear,0,0,0,0,0,,,
3/11/2023,11:00 PM,72,88,2,29.81,Clear,0,0,0,0,0,,,
3/11/2023,11:30 PM,72,88,0,29.81,Clear,0,0,0,0,0,,,
3/12/2023,12:00 AM,70,94,0,29.81,Clear,0,0,0,0,0,,,
3/12/2023,12:30 AM,70,94,0,29.81,Clear,0,0,0,0,0,,,
3/12/2023,1:00 AM,70,94,0,29.79,Clear,0,0,0,0,0,,,
3/12/2023,1:30 AM,70,94,0,29.79,Clear,0,0,0,0,0,,,
3/12/2023,2:00 AM,70,94,0,29.76,Clear,0,0,0,0,0,,,
3/12/2023,2:30 AM,70,94,0,29.76,Clear,0,0,0,0,0,,,
3/12/2023,3:00 AM,70,94,0,29.76,Clear,0,0,0,0,0,,,
3/12/2023,3:30 AM,70,94,0,29.76,Clear,0,0,0,0,0,,,
3/12/2023,4:00 AM,68,100,0,29.76,Clear,0,0,0,0,0,,,
3/12/2023,4:30 AM,68,100,0,29.76,Clear,0,0,0,0,0,,,
3/12/2023,5:00 AM,70,94,0,29.76,Clear,0,0,0,0,0,,,
3/12/2023,5:30 AM,70,94,0,29.76,Clear,0,0,0,0,0,,,
3/12/2023,6:00 AM,68,100,0,29.76,Clear,0,0,0,0,0,,,
3/12/2023,6:30 AM,68,100,0,29.76,Clear,0,0,0,0,0,,,
3/12/2023,7:00 AM,68,100,0,29.79,Clear,0,0,0,0,0,,,
3/12/2023,7:30 AM,72,94,0,29.79,Clear,0,0,0,0,0,,,
3/12/2023,8:00 AM,73,100,3,29.79,Clear,0,0,0,0,0,,,
3/12/2023,8:30 AM,79,89,3,29.81,Clear,0,0,0,0,0,,,
3/12/2023,9:00 AM,81,84,8,29.81,Clear,0,0,0,0,0,,,
3/12/2023,9:30 AM,82,79,12,29.81,Clear,0,0,0,0,0,,,
3/12/2023,10:00 AM,86,70,14,29.81,Clear,0,0,0,0,0,,,
3/12/2023,10:30 AM,86,70,13,29.81,Clear,0,0,0,0,0,,,
3/12/2023,11:00 AM,88,62,13,29.81,Clear,0,0,0,0,0,,,
3/12/2023,11:30 AM,86,62,12,29.79,Clear,0,0,0,0,0,,,
3/12/2023,12:00 PM,90,55,13,29.79,Clear,0,0,0,0,0,,,
3/12/2023,12:30 PM,88,58,14,29.76,Clear,0,0,0,0,0,,,
3/12/2023,1:00 PM,90,55,15,29.76,Clear,0,0,0,0,0,,,
3/12/2023,1:30 PM,90,55,14,29.76,Clear,0,0,0,0,0,,,
3/12/2023,2:00 PM,88,58,16,29.73,Clear,0,0,0,0,0,,,
3/12/2023,2:30 PM,90,55,16,29.73,Clear,0,0,0,0,0,,,
3/12/2023,3:00 PM,90,55,16,29.7,Clear,0,0,0,0,0,,,
3/12/2023,3:30 PM,88,58,17,29.7,Clear,0,0,0,0,0,,,
3/12/2023,4:00 PM,88,58,16,29.7,Clear,0,0,0,0,0,,,
3/12/2023,4:30 PM,88,58,16,29.7,Clear,0,0,0,0,0,,,
3/12/2023,5:00 PM,86,62,15,29.7,Clear,0,0,0,0,0,,,
3/12/2023,5:30 PM,84,66,15,29.7,Clear,0,0,0,0,0,,,
3/12/2023,6:00 PM,82,70,12,29.7,Clear,0,0,0,0,0,,,
3/12/2023,6:30 PM,82,70,10,29.73,Clear,0,0,0,0,0,,,
3/12/2023,7:00 PM,81,74,12,29.73,Clear,0,0,0,0,0,,,
3/12/2023,7:30 PM,81,79,9,29.76,Clear,0,0,0,0,0,,,
3/12/2023,8:00 PM,81,79,6,29.76,Clear,0,0,0,0,0,,,
3/12/2023,8:30 PM,81,79,7,29.79,Clear,0,0,0,0,0,,,
3/12/2023,9:00 PM,79,83,8,29.79,Clear,0,0,0,0,0,,,
3/12/2023,9:30 PM,79,83,7,29.79,Clear,0,0,0,0,0,,,
3/12/2023,10:00 PM,79,83,6,29.79,Clear,0,0,0,0,0,,,
3/12/2023,10:30 PM,79,83,5,29.81,Clear,0,0,0,0,0,,,
3/12/2023,11:00 PM,79,83,5,29.81,Clear,0,0,0,0,0,,,
3/12/2023,11:30 PM,79,83,5,29.81,Clear,0,0,0,0,0,,,
03/13/2023,12:00 AM,75,89,0,29.81,Clear,0,0,0,0,0,,,
03/13/2023,12:30 AM,75,89,0,29.81,Clear,0,0,0,0,0,,,
03/13/2023,1:00 AM,75,89,0,29.79,Clear,0,0,0,0,0,,,
03/13/2023,1:30 AM,75,89,0,29.79,Clear,0,0,0,0,0,,,
03/13/2023,2:00 AM,73,94,0,29.76,Clear,0,0,0,0,0,,,
03/13/2023,2:30 AM,73,94,0,29.76,Clear,0,0,0,0,0,,,
03/13/2023,3:00 AM,73,94,0,29.76,Clear,0,0,0,0,0,,,
03/13/2023,3:30 AM,73,94,0,29.76,Clear,0,0,0,0,0,,,
03/13/2023,4:00 AM,75,94,0,29.76,Clear,0,0,0,0,0,,,
03/13/2023,4:30 AM,75,94,0,29.76,Clear,0,0,0,0,0,,,
03/13/2023,5:00 AM,73,94,5,29.76,Clear,0,0,0,0,0,,,
03/13/2023,5:30 AM,75,89,7,29.76,Clear,0,0,0,0,0,,,
03/13/2023,6:00 AM,73,94,5,29.76,Clear,0,0,0,0,0,,,
03/13/2023,6:30 AM,72,94,0,29.79,Clear,0,0,0,0,0,,,
03/13/2023,7:00 AM,72,94,0,29.79,Clear,0,0,0,0,0,,,
03/13/2023,7:30 AM,73,94,0,29.79,Clear,0,0,0,0,0,,,
03/13/2023,8:00 AM,79,78,2,29.79,Clear,0,0,0,0,0,,,
03/13/2023,8:30 AM,79,83,5,29.81,Clear,0,0,0,0,0,,,
03/13/2023,9:00 AM,82,74,10,29.81,Clear,0,0,0,0,0,,,
03/13/2023,9:30 AM,84,66,9,29.81,Clear,0,0,0,0,0,,,
03/13/2023,10:00 AM,86,62,15,29.81,Clear,0,0,0,0,0,,,
03/13/2023,10:30 AM,86,58,16,29.81,Clear,0,0,0,0,0,,,
03/13/2023,11:00 AM,88,55,16,29.79,Clear,0,0,0,0,0,,,
03/13/2023,11:30 AM,88,55,18,29.79,Clear,0,0,0,0,0,,,
03/13/2023,12:00 PM,90,52,20,29.76,Clear,0,0,0,0,0,,,
03/13/2023,12:30 PM,90,49,16,29.76,Clear,0,0,0,0,0,,,
03/13/2023,1:00 PM,90,49,20,29.73,Clear,0,0,0,0,0,,,
03/13/2023,1:30 PM,90,49,21,29.7,Clear,0,0,0,0,0,,,
03/13/2023,2:00 PM,90,49,21,29.7,Clear,0,0,0,0,0,,,
03/13/2023,2:30 PM,90,52,21,29.7,Clear,0,0,0,0,0,,,
03/13/2023,3:00 PM,90,49,20,29.7,Clear,0,0,0,0,0,,,
03/13/2023,3:30 PM,90,49,17,29.67,Clear,0,0,0,0,0,,,
03/13/2023,4:00 PM,90,49,20,29.67,Clear,0,0,0,0,0,,,
03/13/2023,4:30 PM,88,52,16,29.67,Clear,0,0,0,0,0,,,
03/13/2023,5:00 PM,88,52,17,29.67,Clear,0,0,0,0,0,,,
03/13/2023,5:30 PM,86,58,15,29.67,Clear,0,0,0,0,0,,,
03/13/2023,6:00 PM,84,58,15,29.7,Clear,0,0,0,0,0,,,
03/13/2023,6:30 PM,82,66,12,29.7,Clear,0,0,0,0,0,,,
03/13/2023,7:00 PM,81,70,12,29.73,Clear,0,0,0,0,0,,,
03/13/2023,7:30 PM,81,70,10,29.73,Clear,0,0,0,0,0,,,
03/13/2023,8:00 PM,81,70,9,29.73,Clear,0,0,0,0,0,,,
03/13/2023,8:30 PM,79,74,5,29.76,Clear,0,0,0,0,0,,,
03/13/2023,9:00 PM,77,78,8,29.76,Clear,0,0,0,0,0,,,
03/13/2023,9:30 PM,77,78,7,29.79,Clear,0,0,0,0,0,,,
03/13/2023,10:00 PM,77,78,7,29.79,Clear,0,0,0,0,0,,,
03/13/2023,10:30 PM,75,83,3,29.79,Clear,0,0,0,0,0,,,
03/13/2023,11:00 PM,73,83,0,29.79,Clear,0,0,0,0,0,,,
03/13/2023,11:30 PM,72,88,0,29.79,Clear,0,0,0,0,0,,,
03/14/2023,12:00 AM,72,88,0,29.79,Clear,0,0,0,0,0,,,
03/14/2023,12:30 AM,70,94,0,29.79,Clear,0,0,0,0,0,,,
03/14/2023,1:00 AM,70,94,2,29.76,Clear,0,0,0,0,0,,,
03/14/2023,1:30 AM,70,94,0,29.76,Clear,0,0,0,0,0,,,
03/14/2023,2:00 AM,70,94,0,29.73,Clear,0,0,0,0,0,,,
03/14/2023,2:30 AM,70,94,0,29.73,Clear,0,0,0,0,0,,,
03/14/2023,3:00 AM,68,94,0,29.73,Clear,0,0,0,0,0,,,
03/14/2023,3:30 AM,70,94,0,29.73,Clear,0,0,0,0,0,,,
03/14/2023,4:00 AM,70,94,2,29.73,Clear,0,0,0,0,0,,,
03/14/2023,4:30 AM,70,94,2,29.73,Clear,0,0,0,0,0,,,
03/14/2023,5:00 AM,70,94,0,29.73,Clear,0,0,0,0,0,,,
03/14/2023,5:30 AM,70,94,3,29.73,Clear,0,0,0,0,0,,,
03/14/2023,6:00 AM,68,100,2,29.73,Clear,0,0,0,0,0,,,
03/14/2023,6:30 AM,68,94,0,29.73,Clear,0,0,0,0,0,,,
03/14/2023,7:00 AM,68,94,2,29.73,Clear,0,0,0,0,0,,,
03/14/2023,7:30 AM,70,100,6,29.76,Clear,0,0,0,0,0,,,
03/14/2023,8:00 AM,72,94,0,29.76,Clear,0,0,0,0,0,,,
03/14/2023,8:30 AM,75,89,2,29.76,Clear,0,0,0,0,0,,,
03/14/2023,9:00 AM,81,79,8,29.79,Clear,0,0,0,0,0,,,
03/14/2023,9:30 AM,84,70,13,29.79,Clear,0,0,0,0,0,,,
03/14/2023,10:00 AM,86,62,9,29.79,Clear,0,0,0,0,0,,,
03/14/2023,10:30 AM,88,58,12,29.76,Clear,0,0,0,0,0,,,
03/14/2023,11:00 AM,90,49,15,29.76,Clear,0,0,0,0,0,,,
03/14/2023,11:30 AM,90,46,14,29.73,Clear,0,0,0,0,0,,,
03/14/2023,12:00 PM,90,49,14,29.73,Clear,0,0,0,0,0,,,
03/14/2023,12:30 PM,90,49,16,29.7,Clear,0,0,0,0,0,,,
03/14/2023,1:00 PM,90,52,16,29.7,Clear,0,0,0,0,0,,,
03/14/2023,1:30 PM,90,52,15,29.67,Clear,0,0,0,0,0,,,
03/14/2023,2:00 PM,90,52,14,29.67,Clear,0,0,0,0,0,,,
03/14/2023,2:30 PM,91,49,15,29.64,Clear,0,0,0,0,0,,,
03/14/2023,3:00 PM,90,52,15,29.64,Clear,0,0,0,0,0,,,
03/14/2023,3:30 PM,88,55,16,29.64,Clear,0,0,0,0,0,,,
03/14/2023,4:00 PM,88,55,17,29.64,Clear,0,0,0,0,0,,,
03/14/2023,4:30 PM,88,55,20,29.64,Clear,0,0,0,0,0,,,
03/14/2023,5:00 PM,86,58,20,29.64,Clear,0,0,0,0,0,,,
03/14/2023,5:30 PM,84,62,14,29.64,Clear,0,0,0,0,0,,,
03/14/2023,6:00 PM,84,58,15,29.67,Clear,0,0,0,0,0,,,
03/14/2023,6:30 PM,82,62,14,29.67,Clear,0,0,0,0,0,,,
03/14/2023,7:00 PM,81,70,12,29.67,Clear,0,0,0,0,0,,,
03/14/2023,7:30 PM,81,70,10,29.7,Clear,0,0,0,0,0,,,
03/14/2023,8:00 PM,81,70,13,29.7,Clear,0,0,0,0,0,,,
03/14/2023,8:30 PM,79,74,10,29.7,Clear,0,0,0,0,0,,,
03/14/2023,9:00 PM,79,74,3,29.73,Clear,0,0,0,0,0,,,
03/14/2023,9:30 PM,77,78,6,29.73,Clear,0,0,0,0,0,,,
03/14/2023,10:00 PM,77,78,6,29.76,Clear,0,0,0,0,0,,,
03/14/2023,10:30 PM,75,83,3,29.76,Clear,0,0,0,0,0,,,
03/14/2023,11:00 PM,75,83,3,29.76,Clear,0,0,0,0,0,,,
03/14/2023,11:30 PM,73,88,0,29.76,Clear,0,0,0,0,0,,,
03/15/2023,12:00 AM,72,88,0,29.76,Clear,0,0,0,0,0,,,
03/15/2023,12:30 AM,72,88,0,29.76,Clear,0,0,0,0,0,,,
03/15/2023,1:00 AM,72,88,0,29.73,Clear,0,0,0,0,0,,,
03/15/2023,1:30 AM,72,88,0,29.73,Clear,0,0,0,0,0,,,
03/15/2023,2:00 AM,72,88,0,29.73,Clear,0,0,0,0,0,,,
03/15/2023,2:30 AM,72,88,0,29.73,Clear,0,0,0,0,0,,,
03/15/2023,3:00 AM,70,94,0,29.7,Clear,0,0,0,0,0,,,
03/15/2023,3:30 AM,70,94,2,29.7,Clear,0,0,0,0,0,,,
03/15/2023,4:00 AM,68,100,5,29.7,Clear,0,0,0,0,0,,,
03/15/2023,4:30 AM,68,100,5,29.7,Clear,0,0,0,0,0,,,
03/15/2023,5:00 AM,68,100,3,29.73,Clear,0,0,0,0,0,,,
03/15/2023,5:30 AM,70,94,7,29.73,Clear,0,0,0,0,0,,,
03/15/2023,6:00 AM,70,94,3,29.73,Clear,0,0,0,0,0,,,
03/15/2023,8:00 AM,75,89,5,29.79,Clear,0,0,0,0,0,,,
03/15/2023,8:30 AM,79,83,5,29.79,Clear,0,0,0,0,0,,,
03/15/2023,9:00 AM,81,79,7,29.79,Clear,0,0,0,0,0,,,
03/15/2023,9:30 AM,82,74,9,29.81,Clear,0,0,0,0,0,,,
03/15/2023,10:00 AM,84,66,13,29.81,Clear,0,0,0,0,0,,,
03/15/2023,10:30 AM,86,62,14,29.79,Clear,0,0,0,0,0,,,
03/15/2023,11:00 AM,86,55,13,29.79,Clear,0,0,0,0,0,,,
03/15/2023,11:30 AM,88,49,13,29.79,Clear,0,0,0,0,0,,,
03/15/2023,12:00 PM,90,49,10,29.76,Clear,0,0,0,0,0,,,
03/16/2023,5:00 AM,70,94,3,29.73,Clear,0,0,0,0,0,,,
03/16/2023,10:00 AM,84,74,13,29.81,Clear,0,0,0,0,0,,,
03/16/2023,10:30 AM,86,66,13,29.81,Clear,0,0,0,0,0,,,
03/16/2023,11:00 AM,90,59,13,29.81,Clear,0,0,0,0,0,,,
03/16/2023,11:30 AM,90,55,17,29.79,Clear,0,0,0,0,0,,,
03/16/2023,12:00 PM,90,52,14,29.79,Clear,0,0,0,0,0,,,
03/16/2023,1:30 PM,90,52,14,29.76,Clear,0,0,0,0,0,,,
03/16/2023,2:30 PM,90,55,13,29.73,Clear,0,0,0,0,0,,,
03/16/2023,3:00 PM,88,58,15,29.73,Clear,0,0,0,0,0,,,
03/16/2023,3:30 PM,88,58,15,29.7,Clear,0,0,0,0,0,,,
03/16/2023,4:00 PM,86,62,15,29.7,Clear,0,0,0,0,0,,,
03/16/2023,5:00 PM,86,66,16,29.7,Clear,0,0,0,0,0,,,
03/16/2023,5:30 PM,84,66,15,29.7,Clear,0,0,0,0,0,,,
03/16/2023,6:00 PM,82,70,14,29.73,Clear,0,0,0,0,0,,,
03/16/2023,6:30 PM,82,70,12,29.73,Clear,0,0,0,0,0,,,
03/16/2023,7:00 PM,81,74,10,29.73,Clear,0,0,0,0,0,,,
03/16/2023,7:30 PM,81,74,10,29.76,Clear,0,0,0,0,0,,,
03/16/2023,8:00 PM,81,74,12,29.76,Clear,0,0,0,0,0,,,
03/16/2023,8:30 PM,81,74,8,29.79,Clear,0,0,0,0,0,,,
03/16/2023,9:00 PM,81,79,6,29.79,Clear,0,0,0,0,0,,,
03/16/2023,9:30 PM,81,79,7,29.79,Clear,0,0,0,0,0,,,
03/16/2023,10:00 PM,79,83,6,29.79,Clear,0,0,0,0,0,,,
03/16/2023,10:30 PM,79,83,5,29.79,Clear,0,0,0,0,0,,,
03/16/2023,11:00 PM,79,83,3,29.81,Clear,0,0,0,0,0,,,
03/16/2023,11:30 PM,75,89,2,29.81,Clear,0,0,0,0,0,,,
03/17/2023,12:00 AM,75,89,0,29.81,Clear,0,0,0,0,0,,,
03/17/2023,12:30 AM,73,94,2,29.79,Clear,0,0,0,0,0,,,
03/17/2023,1:00 AM,73,94,3,29.79,Clear,0,0,0,0,0,,,
03/17/2023,1:30 AM,73,94,3,29.79,Clear,0,0,0,0,0,,,
03/17/2023,2:00 AM,73,94,5,29.76,Clear,0,0,0,0,0,,,
03/17/2023,2:30 AM,73,94,5,29.76,Clear,0,0,0,0,0,,,
03/17/2023,3:00 AM,73,94,3,29.73,Clear,0,0,0,0,0,,,
03/17/2023,3:30 AM,73,94,3,29.73,Clear,0,0,0,0,0,,,
03/17/2023,4:00 AM,73,94,5,29.73,Clear,0,0,0,0,0,,,
03/17/2023,4:30 AM,73,94,5,29.73,Clear,0,0,0,0,0,,,
03/17/2023,5:00 AM,72,94,0,29.73,Clear,0,0,0,0,0,,,
03/17/2023,5:30 AM,72,94,2,29.73,Clear,0,0,0,0,0,,,
03/17/2023,6:00 AM,72,94,5,29.76,Clear,0,0,0,0,0,,,
03/17/2023,6:30 AM,72,94,5,29.76,Clear,0,0,0,0,0,,,
03/17/2023,7:00 AM,72,100,3,29.76,Clear,0,0,0,0,0,,,
03/17/2023,7:30 AM,75,94,5,29.79,Clear,0,0,0,0,0,,,
03/17/2023,8:00 AM,79,89,2,29.79,Clear,0,0,0,0,0,,,
03/17/2023,8:30 AM,81,84,2,29.79,Clear,0,0,0,0,0,,,
03/17/2023,9:00 AM,84,79,5,29.81,Clear,0,0,0,0,0,,,
03/17/2023,9:30 AM,84,74,10,29.81,Clear,0,0,0,0,0,,,
03/17/2023,10:00 AM,86,70,12,29.81,Clear,0,0,0,0,0,,,
03/17/2023,10:30 AM,90,59,12,29.81,Clear,0,0,0,0,0,,,
03/17/2023,11:00 AM,88,62,12,29.79,Clear,0,0,0,0,0,,,
03/17/2023,11:30 AM,90,55,13,29.79,Clear,0,0,0,0,0,,,
03/17/2023,12:00 PM,91,49,14,29.76,Clear,0,0,0,0,0,,,
03/17/2023,12:30 PM,91,49,13,29.76,Clear,0,0,0,0,0,,,
03/17/2023,1:00 PM,91,49,13,29.73,Clear,0,0,0,0,0,,,
03/17/2023,1:30 PM,91,52,13,29.73,Clear,0,0,0,0,0,,,
03/17/2023,2:00 PM,91,52,13,29.73,Clear,0,0,0,0,0,,,
03/17/2023,2:30 PM,90,55,14,29.7,Clear,0,0,0,0,0,,,
03/17/2023,3:00 PM,90,55,14,29.7,Clear,0,0,0,0,0,,,
03/17/2023,3:30 PM,90,59,15,29.7,Clear,0,0,0,0,0,,,
03/17/2023,4:00 PM,88,58,14,29.67,Clear,0,0,0,0,0,,,
03/17/2023,4:30 PM,88,58,12,29.7,Clear,0,0,0,0,0,,,
03/17/2023,5:00 PM,84,66,13,29.7,Clear,0,0,0,0,0,,,
03/17/2023,5:30 PM,86,66,13,29.7,Clear,0,0,0,0,0,,,
03/17/2023,6:00 PM,84,66,13,29.73,Clear,0,0,0,0,0,,,
03/17/2023,6:30 PM,82,70,13,29.73,Clear,0,0,0,0,0,,,
03/17/2023,7:00 PM,81,79,12,29.73,Clear,0,0,0,0,0,,,
03/17/2023,7:30 PM,81,79,7,29.73,Clear,0,0,0,0,0,,,
03/17/2023,8:00 PM,81,79,9,29.76,Clear,0,0,0,0,0,,,
03/17/2023,8:30 PM,81,79,6,29.76,Clear,0,0,0,0,0,,,
03/17/2023,9:00 PM,81,79,7,29.76,Clear,0,0,0,0,0,,,
03/17/2023,9:30 PM,79,83,7,29.76,Clear,0,0,0,0,0,,,
03/17/2023,10:00 PM,79,83,5,29.79,Clear,0,0,0,0,0,,,
03/17/2023,10:30 PM,77,89,6,29.79,Clear,0,0,0,0,0,,,
03/17/2023,11:00 PM,77,89,5,29.79,Clear,0,0,0,0,0,,,
03/17/2023,11:30 PM,77,89,3,29.79,Clear,0,0,0,0,0,,,
03/18/2023,12:00 AM,75,94,0,29.76,Clear,0,0,0,0,0,,,
03/18/2023,12:30 AM,75,89,2,29.76,Clear,0,0,0,0,0,,,
03/18/2023,1:00 AM,73,94,3,29.73,Clear,0,0,0,0,0,,,
03/18/2023,1:30 AM,73,94,3,29.73,Clear,0,0,0,0,0,,,
03/18/2023,2:00 AM,73,94,2,29.73,Clear,0,0,0,0,0,,,
03/18/2023,2:30 AM,73,94,0,29.73,Clear,0,0,0,0,0,,,
03/18/2023,3:00 AM,73,94,5,29.7,Clear,0,0,0,0,0,,,
03/18/2023,3:30 AM,73,94,5,29.7,Clear,0,0,0,0,0,,,
03/18/2023,4:00 AM,75,94,6,29.7,Clear,0,0,0,0,0,,,
03/18/2023,4:30 AM,75,94,6,29.7,Clear,0,0,0,0,0,,,
03/18/2023,5:00 AM,75,94,6,29.7,Clear,0,0,0,0,0,,,
03/18/2023,5:30 AM,75,94,5,29.73,Clear,0,0,0,0,0,,,
03/18/2023,6:00 AM,75,94,6,29.73,Clear,0,0,0,0,0,,,
03/18/2023,6:30 AM,75,94,5,29.73,Clear,0,0,0,0,0,,,
03/18/2023,7:00 AM,75,94,5,29.73,Clear,0,0,0,0,0,,,
03/18/2023,7:30 AM,77,89,5,29.76,Clear,0,0,0,0,0,,,
03/18/2023,8:00 AM,79,89,5,29.76,Clear,0,0,0,0,0,,,
03/18/2023,8:30 AM,81,84,7,29.76,Clear,0,0,0,0,0,,,
03/18/2023,9:00 AM,82,79,9,29.79,Clear,0,0,0,0,0,,,
03/18/2023,9:30 AM,86,74,9,29.79,Clear,0,0,0,0,0,,,
03/18/2023,10:00 AM,86,70,10,29.79,Clear,0,0,0,0,0,,,
03/18/2023,10:30 AM,86,70,8,29.79,Clear,0,0,0,0,0,,,
03/18/2023,11:00 AM,88,62,9,29.76,Clear,0,0,0,0,0,,,
03/18/2023,11:30 AM,90,59,10,29.76,Clear,0,0,0,0,0,,,
03/18/2023,12:00 PM,91,55,12,29.73,Clear,0,0,0,0,0,,,
03/18/2023,12:30 PM,91,52,9,29.73,Clear,0,0,0,0,0,,,
03/18/2023,1:00 PM,91,52,10,29.73,Clear,0,0,0,0,0,,,
03/18/2023,1:30 PM,93,49,10,29.7,Clear,0,0,0,0,0,,,
03/18/2023,2:00 PM,91,52,12,29.7,Clear,0,0,0,0,0,,,
03/18/2023,2:30 PM,90,55,12,29.67,Clear,0,0,0,0,0,,,
03/18/2023,3:00 PM,90,55,13,29.67,Clear,0,0,0,0,0,,,
03/18/2023,3:30 PM,91,52,12,29.67,Clear,0,0,0,0,0,,,
03/18/2023,4:00 PM,90,55,13,29.64,Clear,0,0,0,0,0,,,
03/18/2023,4:30 PM,88,62,12,29.67,Clear,0,0,0,0,0,,,
03/18/2023,5:00 PM,86,66,12,29.67,Clear,0,0,0,0,0,,,
03/18/2023,5:30 PM,86,62,12,29.67,Clear,0,0,0,0,0,,,
03/18/2023,6:00 PM,84,66,10,29.67,Clear,0,0,0,0,0,,,
03/18/2023,6:30 PM,82,70,10,29.67,Clear,0,0,0,0,0,,,
03/18/2023,7:00 PM,82,70,9,29.7,Clear,0,0,0,0,0,,,
03/18/2023,7:30 PM,81,74,8,29.7,Clear,0,0,0,0,0,,,
03/18/2023,8:00 PM,81,74,9,29.73,Clear,0,0,0,0,0,,,
03/18/2023,8:30 PM,81,79,5,29.73,Clear,0,0,0,0,0,,,
03/18/2023,9:00 PM,81,79,8,29.76,Clear,0,0,0,0,0,,,
03/18/2023,9:30 PM,79,83,7,29.76,Clear,0,0,0,0,0,,,
03/18/2023,10:00 PM,79,83,6,29.76,Clear,0,0,0,0,0,,,
03/18/2023,10:30 PM,79,83,6,29.76,Clear,0,0,0,0,0,,,
03/18/2023,11:00 PM,77,89,2,29.79,Clear,0,0,0,0,0,,,
03/18/2023,11:30 PM,77,89,2,29.76,Clear,0,0,0,0,0,,,
03/19/2023,12:00 AM,77,89,5,29.76,Clear,0,0,0,0,0,,,
03/19/2023,12:30 AM,77,89,5,29.73,Clear,0,0,0,0,0,,,
03/19/2023,1:00 AM,75,94,5,29.73,Clear,0,0,0,0,0,,,
03/19/2023,1:30 AM,75,94,5,29.73,Clear,0,0,0,0,0,,,
03/19/2023,2:00 AM,77,89,5,29.7,Clear,0,0,0,0,0,,,
03/19/2023,2:30 AM,77,89,5,29.7,Clear,0,0,0,0,0,,,
03/19/2023,3:00 AM,77,89,0,29.7,Clear,0,0,0,0,0,,,
03/19/2023,3:30 AM,77,89,0,29.7,Clear,0,0,0,0,0,,,
03/19/2023,4:00 AM,73,94,0,29.67,Clear,0,0,0,0,0,,,
03/19/2023,4:30 AM,73,94,0,29.7,Clear,0,0,0,0,0,,,
03/19/2023,5:00 AM,73,94,0,29.7,Clear,0,0,0,0,0,,,
03/19/2023,5:30 AM,72,100,0,29.7,Clear,0,0,0,0,0,,,
03/19/2023,6:00 AM,73,94,0,29.7,Clear,0,0,0,0,0,,,
03/19/2023,6:30 AM,72,100,0,29.7,Clear,0,0,0,0,0,,,
03/19/2023,7:00 AM,73,94,5,29.73,Clear,0,0,0,0,0,,,
03/19/2023,7:30 AM,75,94,5,29.73,Clear,0,0,0,0,0,,,
03/19/2023,8:00 AM,81,84,3,29.73,Clear,0,0,0,0,0,,,
03/19/2023,8:30 AM,82,79,6,29.76,Clear,0,0,0,0,0,,,
03/19/2023,9:00 AM,84,79,7,29.76,Clear,0,0,0,0,0,,,
03/19/2023,9:30 AM,84,74,6,29.79,Clear,0,0,0,0,0,,,
03/19/2023,10:00 AM,86,70,10,29.76,Clear,0,0,0,0,0,,,
03/19/2023,10:30 AM,88,66,9,29.76,Clear,0,0,0,0,0,,,
03/19/2023,11:00 AM,90,59,7,29.76,Clear,0,0,0,0,0,,,
03/19/2023,11:30 AM,91,55,8,29.76,Clear,0,0,0,0,0,,,
03/19/2023,12:00 PM,91,55,13,29.73,Clear,0,0,0,0,0,,,
03/19/2023,12:30 PM,91,55,13,29.73,Clear,0,0,0,0,0,,,
03/19/2023,1:00 PM,91,55,13,29.7,Clear,0,0,0,0,0,,,
03/19/2023,1:30 PM,91,55,14,29.67,Clear,0,0,0,0,0,,,
03/19/2023,2:00 PM,93,52,13,29.67,Clear,0,0,0,0,0,,,
03/19/2023,2:30 PM,93,56,12,29.64,Clear,0,0,0,0,0,,,
03/19/2023,3:00 PM,91,55,14,29.64,Clear,0,0,0,0,0,,,
03/19/2023,3:30 PM,91,55,12,29.64,Clear,0,0,0,0,0,,,
03/19/2023,4:00 PM,90,59,14,29.64,Clear,0,0,0,0,0,,,
03/19/2023,4:30 PM,90,59,14,29.61,Clear,0,0,0,0,0,,,
03/19/2023,5:00 PM,90,59,13,29.61,Clear,0,0,0,0,0,,,
03/19/2023,5:30 PM,88,62,12,29.64,Clear,0,0,0,0,0,,,
03/19/2023,6:00 PM,84,70,12,29.64,Clear,0,0,0,0,0,,,
03/19/2023,6:30 PM,84,70,9,29.64,Clear,0,0,0,0,0,,,
03/19/2023,7:00 PM,82,74,8,29.67,Clear,0,0,0,0,0,,,
03/19/2023,7:30 PM,82,74,8,29.67,Clear,0,0,0,0,0,,,
03/19/2023,8:00 PM,82,79,6,29.7,Clear,0,0,0,0,0,,,
03/19/2023,8:30 PM,81,84,5,29.7,Clear,0,0,0,0,0,,,
03/19/2023,9:00 PM,81,84,6,29.7,Clear,0,0,0,0,0,,,
03/19/2023,9:30 PM,81,84,5,29.7,Clear,0,0,0,0,0,,,
03/19/2023,10:00 PM,81,84,5,29.73,Clear,0,0,0,0,0,,,
03/19/2023,10:30 PM,81,84,5,29.73,Clear,0,0,0,0,0,,,
03/19/2023,11:00 PM,81,84,5,29.73,Clear,0,0,0,0,0,,,
03/19/2023,11:30 PM,79,89,5,29.73,Clear,0,0,0,0,0,,,
03/20/2023,12:00 AM,79,89,3,29.73,Clear,0,0,0,0,0,,,
03/20/2023,12:30 AM,79,89,6,29.73,Clear,0,0,0,0,0,,,
03/20/2023,1:00 AM,81,84,5,29.7,Clear,0,0,0,0,0,,,
03/20/2023,1:30 AM,79,89,5,29.7,Clear,0,0,0,0,0,,,
03/20/2023,2:00 AM,79,89,6,29.7,Clear,0,0,0,0,0,,,
03/20/2023,2:30 AM,79,89,5,29.7,Clear,0,0,0,0,0,,,
03/20/2023,3:00 AM,77,94,3,29.7,Clear,0,0,0,0,0,,,
03/20/2023,3:30 AM,77,89,3,29.67,Clear,0,0,0,0,0,,,
03/20/2023,4:00 AM,75,94,2,29.67,Clear,0,0,0,0,0,,,
03/20/2023,4:30 AM,75,94,2,29.67,Clear,0,0,0,0,0,,,
03/20/2023,5:00 AM,77,94,3,29.67,Clear,0,0,0,0,0,,,
03/20/2023,5:30 AM,77,94,3,29.67,Clear,0,0,0,0,0,,,
03/20/2023,6:00 AM,75,94,5,29.7,Clear,0,0,0,0,0,,,
03/20/2023,6:30 AM,75,94,3,29.7,Clear,0,0,0,0,0,,,
03/20/2023,7:00 AM,75,94,3,29.7,Clear,0,0,0,0,0,,,
03/20/2023,7:30 AM,79,94,5,29.73,Clear,0,0,0,0,0,,,
03/20/2023,8:00 AM,81,89,1,29.73,Clear,0,0,0,0,0,,,
03/20/2023,8:30 AM,82,89,6,29.76,Clear,0,0,0,0,0,,,
03/20/2023,9:00 AM,84,84,8,29.76,Clear,0,0,0,0,0,,,
03/20/2023,9:30 AM,84,79,8,29.76,Clear,0,0,0,0,0,,,
03/20/2023,10:00 AM,88,70,7,29.76,Clear,0,0,0,0,0,,,
03/20/2023,10:30 AM,90,66,9,29.76,Clear,0,0,0,0,0,,,
03/20/2023,11:00 AM,91,63,10,29.73,Clear,0,0,0,0,0,,,
03/20/2023,11:30 AM,90,62,8,29.73,Clear,0,0,0,0,0,,,
03/20/2023,12:00 PM,91,59,12,29.7,Clear,0,0,0,0,0,,,
03/20/2023,12:30 PM,93,56,10,29.7,Clear,0,0,0,0,0,,,
03/20/2023,1:00 PM,93,52,13,29.7,Clear,0,0,0,0,0,,,
03/20/2023,1:30 PM,93,52,9,29.67,Clear,0,0,0,0,0,,,
03/20/2023,2:00 PM,93,49,13,29.64,Clear,0,0,0,0,0,,,
03/20/2023,2:30 PM,93,52,13,29.64,Clear,0,0,0,0,0,,,
03/20/2023,3:00 PM,91,59,13,29.61,Clear,0,0,0,0,0,,,
03/20/2023,3:30 PM,90,62,13,29.61,Clear,0,0,0,0,0,,,
03/20/2023,4:00 PM,90,62,10,29.61,Clear,0,0,0,0,0,,,
03/20/2023,4:30 PM,88,66,12,29.61,Clear,0,0,0,0,0,,,
03/20/2023,5:00 PM,88,66,12,29.61,Clear,0,0,0,0,0,,,
03/20/2023,5:30 PM,86,70,10,29.61,Clear,0,0,0,0,0,,,
03/20/2023,6:00 PM,84,74,10,29.64,Clear,0,0,0,0,0,,,
03/20/2023,6:30 PM,82,79,8,29.64,Clear,0,0,0,0,0,,,
03/20/2023,7:00 PM,82,79,6,29.67,Clear,0,0,0,0,0,,,
03/20/2023,7:30 PM,81,84,8,29.67,Clear,0,0,0,0,0,,,
03/20/2023,8:00 PM,81,84,5,29.7,Clear,0,0,0,0,0,,,
03/20/2023,8:30 PM,81,84,7,29.7,Clear,0,0,0,0,0,,,
03/20/2023,9:00 PM,81,84,6,29.7,Clear,0,0,0,0,0,,,
03/20/2023,9:30 PM,81,84,6,29.73,Clear,0,0,0,0,0,,,
03/20/2023,10:00 PM,79,89,3,29.73,Clear,0,0,0,0,0,,,
03/20/2023,10:30 PM,79,89,2,29.76,Clear,0,0,0,0,0,,,
03/20/2023,11:00 PM,77,94,2,29.76,Clear,0,0,0,0,0,,,
03/20/2023,11:30 PM,77,89,3,29.76,Clear,0,0,0,0,0,,,
03/21/2023,12:00 AM,75,94,0,29.76,Clear,0,0,0,0,0,,,
03/21/2023,12:30 AM,75,94,3,29.73,Clear,0,0,0,0,0,,,
03/21/2023,1:00 AM,75,94,2,29.73,Clear,0,0,0,0,0,,,
03/21/2023,1:30 AM,75,94,2,29.73,Clear,0,0,0,0,0,,,
03/21/2023,2:00 AM,75,94,0,29.7,Clear,0,0,0,0,0,,,
03/21/2023,2:30 AM,75,94,0,29.7,Clear,0,0,0,0,0,,,
03/21/2023,3:00 AM,73,100,0,29.67,Clear,0,0,0,0,0,,,
03/21/2023,3:30 AM,73,94,0,29.67,Clear,0,0,0,0,0,,,
03/21/2023,4:00 AM,73,94,0,29.67,Clear,0,0,0,0,0,,,
03/21/2023,4:30 AM,73,100,0,29.67,Clear,0,0,0,0,0,,,
03/21/2023,5:00 AM,73,94,0,29.67,Clear,0,0,0,0,0,,,
03/21/2023,5:30 AM,73,100,0,29.67,Clear,0,0,0,0,0,,,
03/21/2023,6:00 AM,73,94,0,29.7,Clear,0,0,0,0,0,,,
03/21/2023,6:30 AM,73,94,0,29.7,Clear,0,0,0,0,0,,,
03/21/2023,7:00 AM,73,100,0,29.7,Clear,0,0,0,0,0,,,
03/21/2023,7:30 AM,75,94,0,29.73,Clear,0,0,0,0,0,,,
03/21/2023,8:00 AM,77,100,2,29.73,Clear,0,0,0,0,0,,,
03/21/2023,8:30 AM,79,94,3,29.76,Clear,0,0,0,0,0,,,
03/21/2023,9:00 AM,81,89,5,29.76,Clear,0,0,0,0,0,,,
03/21/2023,9:30 AM,82,84,3,29.76,Clear,0,0,0,0,0,,,
03/21/2023,10:00 AM,86,74,6,29.76,Clear,0,0,0,0,0,,,
03/21/2023,10:30 AM,86,74,8,29.76,Clear,0,0,0,0,0,,,
03/21/2023,11:00 AM,88,66,8,29.76,Clear,0,0,0,0,0,,,
03/21/2023,11:30 AM,88,66,7,29.73,Clear,0,0,0,0,0,,,
03/21/2023,12:00 PM,88,62,6,29.73,Clear,0,0,0,0,0,,,
03/21/2023,12:30 PM,90,59,5,29.73,Clear,0,0,0,0,0,,,
03/21/2023,1:00 PM,90,59,3,29.7,Clear,0,0,0,0,0,,,
03/21/2023,1:30 PM,90,55,5,29.7,Clear,0,0,0,0,0,,,
03/21/2023,2:00 PM,91,55,5,29.67,Clear,0,0,0,0,0,,,
03/21/2023,2:30 PM,91,55,5,29.64,Clear,0,0,0,0,0,,,
03/21/2023,3:00 PM,90,59,7,29.64,Clear,0,0,0,0,0,,,
03/21/2023,3:30 PM,88,62,8,29.64,Clear,0,0,0,0,0,,,
03/21/2023,4:00 PM,88,66,9,29.64,Clear,0,0,0,0,0,,,
03/21/2023,4:30 PM,88,66,8,29.64,Clear,0,0,0,0,0,,,
03/21/2023,5:00 PM,86,70,8,29.61,Clear,0,0,0,0,0,,,
03/21/2023,5:30 PM,84,74,10,29.64,Clear,0,0,0,0,0,,,
03/21/2023,6:00 PM,84,74,8,29.64,Clear,0,0,0,0,0,,,
03/21/2023,6:30 PM,82,79,6,29.67,Clear,0,0,0,0,0,,,
03/21/2023,7:00 PM,82,79,6,29.67,Clear,0,0,0,0,0,,,
03/21/2023,7:30 PM,81,84,6,29.7,Clear,0,0,0,0,0,,,
03/21/2023,8:00 PM,81,84,3,29.7,Clear,0,0,0,0,0,,,
03/21/2023,8:30 PM,81,84,3,29.7,Clear,0,0,0,0,0,,,
03/21/2023,9:00 PM,81,84,3,29.7,Clear,0,0,0,0,0,,,
03/21/2023,9:30 PM,81,84,5,29.7,Clear,0,0,0,0,0,,,
03/21/2023,10:00 PM,81,84,3,29.7,Clear,0,0,0,0,0,,,
03/21/2023,10:30 PM,79,89,2,29.73,Clear,0,0,0,0,0,,,
03/21/2023,11:00 PM,79,89,0,29.73,Clear,0,0,0,0,0,,,
03/21/2023,11:30 PM,79,89,5,29.73,Clear,0,0,0,0,0,,,
03/22/2023,12:00 AM,79,89,5,29.7,Clear,0,0,0,0,0,,,
03/22/2023,12:30 AM,79,89,5,29.7,Clear,0,0,0,0,0,,,
03/22/2023,1:00 AM,79,89,2,29.67,Clear,0,0,0,0,0,,,
03/22/2023,1:30 AM,79,89,3,29.67,Clear,0,0,0,0,0,,,
03/22/2023,2:00 AM,75,94,0,29.64,Clear,0,0,0,0,0,,,
03/22/2023,2:30 AM,77,94,0,29.64,Clear,0,0,0,0,0,,,
03/22/2023,3:00 AM,75,94,2,29.64,Clear,0,0,0,0,0,,,
03/22/2023,3:30 AM,75,94,2,29.64,Clear,0,0,0,0,0,,,
03/22/2023,4:00 AM,75,94,3,29.64,Clear,0,0,0,0,0,,,
03/22/2023,4:30 AM,75,94,2,29.64,Clear,0,0,0,0,0,,,
03/22/2023,5:00 AM,75,100,3,29.64,Clear,0,0,0,0,0,,,
03/22/2023,5:30 AM,75,100,2,29.64,Clear,0,0,0,0,0,,,
03/22/2023,6:00 AM,75,100,2,29.64,Clear,0,0,0,0,0,,,
03/22/2023,6:30 AM,75,94,2,29.64,Clear,0,0,0,0,0,,,
03/22/2023,7:00 AM,75,100,3,29.67,Clear,0,0,0,0,0,,,
03/22/2023,7:30 AM,77,94,5,29.67,Clear,0,0,0,0,0,,,
03/22/2023,8:00 AM,79,94,3,29.7,Clear,0,0,0,0,0,,,
03/22/2023,8:30 AM,81,89,3,29.7,Clear,0,0,0,0,0,,,
03/22/2023,9:00 AM,82,84,3,29.73,Clear,0,0,0,0,0,,,
03/22/2023,9:30 AM,86,79,3,29.73,Clear,0,0,0,0,0,,,
03/22/2023,10:00 AM,88,79,7,29.73,Clear,0,0,0,0,0,,,
03/22/2023,10:30 AM,86,79,6,29.73,Clear,0,0,0,0,0,,,
03/22/2023,11:00 AM,90,70,3,29.73,Clear,0,0,0,0,0,,,
03/22/2023,11:30 AM,90,66,6,29.7,Clear,0,0,0,0,0,,,
03/22/2023,12:00 PM,88,66,5,29.7,Clear,0,0,0,0,0,,,
03/22/2023,12:30 PM,93,59,3,29.67,Clear,0,0,0,0,0,,,
03/22/2023,1:00 PM,93,52,5,29.67,Clear,0,0,0,0,0,,,
03/22/2023,1:30 PM,93,56,7,29.64,Clear,0,0,0,0,0,,,
03/22/2023,2:00 PM,91,59,5,29.64,Clear,0,0,0,0,0,,,
03/22/2023,2:30 PM,91,59,7,29.61,Clear,0,0,0,0,0,,,
03/22/2023,3:00 PM,93,56,6,29.61,Clear,0,0,0,0,0,,,
03/22/2023,3:30 PM,93,56,6,29.58,Clear,0,0,0,0,0,,,
03/22/2023,4:00 PM,93,56,8,29.58,Clear,0,0,0,0,0,,,
03/22/2023,4:30 PM,91,59,9,29.58,Clear,0,0,0,0,0,,,
03/22/2023,5:00 PM,91,59,9,29.58,Clear,0,0,0,0,0,,,
03/22/2023,5:30 PM,90,62,10,29.58,Clear,0,0,0,0,0,,,
03/22/2023,6:00 PM,88,66,9,29.58,Clear,2,1,0,2,0,,,
03/22/2023,6:30 PM,86,70,9,29.58,Clear,0,0,0,0,0,,,
03/22/2023,7:00 PM,84,74,8,29.61,Clear,0,0,0,0,0,,,
03/22/2023,7:30 PM,82,79,9,29.64,Clear,0,0,0,0,0,,,
03/22/2023,8:00 PM,82,79,6,29.64,Clear,0,0,0,0,0,,,
03/22/2023,8:30 PM,81,84,3,29.67,Clear,0,0,0,0,0,,,
03/22/2023,9:00 PM,81,84,3,29.7,Clear,0,0,0,0,0,,,
03/22/2023,9:30 PM,81,89,2,29.7,Clear,0,0,0,0,0,,,
03/22/2023,10:00 PM,81,89,2,29.7,Clear,0,0,0,0,0,,,
03/22/2023,10:30 PM,81,89,5,29.7,Clear,0,0,0,0,0,,,
03/22/2023,11:00 PM,81,89,0,29.7,Clear,0,0,0,0,0,,,
03/22/2023,11:30 PM,81,89,3,29.7,Clear,0,0,0,0,0,,,
03/23/2023,12:00 AM,81,89,0,29.7,Clear,0,0,0,0,0,,,
03/23/2023,12:30 AM,81,89,2,29.67,Clear,0,0,0,0,0,,,
03/23/2023,1:00 AM,81,89,0,29.67,Clear,0,0,0,0,0,,,
03/23/2023,1:30 AM,79,94,0,29.67,Clear,0,0,0,0,0,,,
03/23/2023,2:00 AM,79,94,2,29.67,Clear,0,0,0,0,0,,,
03/23/2023,2:30 AM,79,94,3,29.64,Clear,0,0,0,0,0,,,
03/23/2023,3:00 AM,79,89,0,29.64,Clear,0,0,0,0,0,,,
03/23/2023,3:30 AM,79,89,0,29.64,Clear,0,0,0,0,0,,,
03/23/2023,4:00 AM,79,89,3,29.64,Clear,0,0,0,0,0,,,
03/23/2023,4:30 AM,79,89,3,29.64,Clear,0,0,0,0,0,,,
03/23/2023,5:00 AM,77,94,0,29.64,Clear,0,0,0,0,0,,,
03/23/2023,5:30 AM,77,94,0,29.67,Clear,0,0,0,0,0,,,
03/23/2023,6:00 AM,77,100,0,29.67,Clear,0,0,0,0,0,,,
03/23/2023,6:30 AM,77,100,2,29.67,Clear,0,0,0,0,0,,,
03/23/2023,7:00 AM,77,100,0,29.67,Clear,0,0,0,0,0,,,
03/23/2023,7:30 AM,79,94,0,29.7,Clear,0,0,0,0,0,,,
03/23/2023,8:00 AM,82,89,3,29.7,Clear,0,0,0,0,0,,,
03/23/2023,8:30 AM,86,79,2,29.73,Clear,0,0,0,0,0,,,
03/23/2023,9:00 AM,84,84,2,29.73,Clear,0,0,0,0,0,,,
03/23/2023,9:30 AM,88,75,5,29.73,Clear,0,0,0,0,0,,,
03/23/2023,10:00 AM,88,75,5,29.73,Clear,0,0,0,0,0,,,
03/23/2023,10:30 AM,91,66,6,29.73,Clear,0,0,0,0,0,,,
03/23/2023,11:00 AM,90,66,7,29.73,Clear,0,0,0,0,0,,,
03/23/2023,11:30 AM,91,63,6,29.73,Clear,0,0,0,0,0,,,
03/23/2023,12:00 PM,91,63,3,29.7,Clear,0,0,0,0,0,,,
03/23/2023,12:30 PM,93,59,7,29.7,Clear,0,0,0,0,0,,,
03/23/2023,1:00 PM,93,59,8,29.67,Clear,0,0,0,0,0,,,
03/23/2023,1:30 PM,93,59,10,29.64,Rain,0,0,0,0,0,,,
03/23/2023,2:00 PM,91,63,9,29.64,Clear,0,0,0,0,0,,,
03/23/2023,2:30 PM,93,59,9,29.61,Clear,0,0,0,0,0,,,
03/23/2023,3:00 PM,91,59,8,29.61,Clear,0,0,0,0,0,,,
03/23/2023,3:30 PM,88,66,6,29.61,Clear,0,0,0,0,0,,,
03/23/2023,4:00 PM,82,70,12,29.61,Rain,0,0,0,0,0,,,
03/23/2023,4:30 PM,84,70,3,29.61,Clear,0,0,0,0,0,,,
03/23/2023,5:00 PM,82,70,5,29.58,Clear,0,0,0,0,0,,,
03/23/2023,5:30 PM,81,79,0,29.58,Clear,0,0,0,0,0,,,
03/23/2023,6:00 PM,81,79,0,29.61,Clear,0,0,0,0,0,,,
03/23/2023,6:30 PM,81,79,0,29.64,Clear,0,0,0,0,0,,,
03/23/2023,7:00 PM,79,83,0,29.67,Clear,0,0,0,0,0,,,
03/23/2023,7:30 PM,79,83,0,29.67,Clear,0,0,0,0,0,,,
03/23/2023,8:00 PM,79,83,5,29.7,Clear,0,0,0,0,0,,,
03/23/2023,8:30 PM,79,83,5,29.7,Clear,0,0,0,0,0,,,
03/23/2023,9:00 PM,77,94,3,29.7,Clear,0,0,0,0,0,,,
03/23/2023,9:30 PM,77,94,3,29.73,Clear,0,0,0,0,0,,,
03/23/2023,10:00 PM,77,94,0,29.73,Clear,0,0,0,0,0,,,
03/23/2023,10:30 PM,77,89,0,29.73,Clear,0,0,0,0,0,,,
03/23/2023,11:00 PM,77,94,2,29.7,Clear,0,0,0,0,0,,,
03/23/2023,11:30 PM,77,94,3,29.7,Clear,0,0,0,0,0,,,
03/24/2023,12:00 AM,77,94,0,29.7,Clear,0,0,0,0,0,,,
03/24/2023,12:30 AM,77,94,0,29.7,Clear,0,0,0,0,0,,,
03/24/2023,1:00 AM,77,94,0,29.7,Clear,0,0,0,0,0,,,
03/24/2023,1:30 AM,75,94,0,29.67,Clear,0,0,0,0,0,,,
03/24/2023,2:00 AM,75,94,0,29.67,Clear,0,0,0,0,0,,,
03/24/2023,2:30 AM,75,94,0,29.67,Clear,0,0,0,0,0,,,
03/24/2023,3:00 AM,75,94,2,29.67,Clear,0,0,0,0,0,,,
03/24/2023,3:30 AM,75,94,0,29.64,Clear,0,0,0,0,0,,,
03/24/2023,4:00 AM,75,94,3,29.64,Clear,0,0,0,0,0,,,
03/24/2023,4:30 AM,75,94,0,29.64,Clear,0,0,0,0,0,,,
03/24/2023,5:00 AM,73,100,0,29.64,Clear,0,0,0,0,0,,,
03/24/2023,5:30 AM,73,100,0,29.64,Clear,0,0,0,0,0,,,
03/24/2023,6:00 AM,73,94,0,29.67,Clear,0,0,0,0,0,,,
03/24/2023,6:30 AM,73,94,2,29.7,Clear,0,0,0,0,0,,,
03/24/2023,7:00 AM,75,94,0,29.7,Clear,0,0,0,0,0,,,
03/24/2023,7:30 AM,77,94,2,29.73,Clear,0,0,0,0,0,,,
03/24/2023,8:00 AM,79,94,0,29.73,Clear,0,0,0,0,0,,,
03/24/2023,8:30 AM,81,94,3,29.73,Clear,0,0,0,0,0,,,
03/24/2023,9:00 AM,84,84,3,29.76,Clear,0,0,0,0,0,,,
03/24/2023,9:30 AM,88,79,3,29.76,Clear,0,0,0,0,0,,,
03/24/2023,10:00 AM,90,75,3,29.76,Clear,0,0,0,0,0,,,
03/24/2023,10:30 AM,91,71,3,29.76,Clear,0,0,0,0,0,,,
03/24/2023,11:00 AM,91,66,6,29.73,Clear,0,0,0,0,0,,,
03/24/2023,11:30 AM,91,66,5,29.73,Clear,0,0,0,0,0,,,
03/24/2023,12:00 PM,95,56,8,29.73,Clear,0,0,0,0,0,,,
03/24/2023,12:30 PM,95,53,9,29.7,Clear,0,0,0,0,0,,,
03/24/2023,1:00 PM,97,50,12,29.7,Clear,0,0,0,0,0,,,
03/24/2023,1:30 PM,95,53,7,29.67,Clear,0,0,0,0,0,,,
03/24/2023,2:00 PM,95,53,10,29.64,Clear,0,0,0,0,0,,,
03/24/2023,2:30 PM,93,56,10,29.64,Clear,0,0,0,0,0,,,
03/24/2023,3:00 PM,93,56,10,29.64,Clear,0,0,0,0,0,,,
03/24/2023,3:30 PM,93,56,9,29.61,Clear,0,0,0,0,0,,,
03/24/2023,4:00 PM,93,56,10,29.61,Clear,0,0,0,0,0,,,
03/24/2023,4:30 PM,93,56,10,29.61,Clear,0,0,0,0,0,,,
03/24/2023,5:00 PM,91,59,10,29.61,Clear,0,0,0,0,0,,,
03/24/2023,5:30 PM,90,62,8,29.61,Clear,0,0,0,0,0,,,
03/24/2023,6:00 PM,88,66,7,29.61,Clear,0,0,0,0,0,,,
03/24/2023,6:30 PM,88,62,6,29.61,Clear,0,0,0,0,0,,,
03/24/2023,7:00 PM,86,66,0,29.61,Clear,0,0,0,0,0,,,
03/24/2023,7:30 PM,84,70,2,29.64,Clear,0,0,0,0,0,,,
03/24/2023,8:00 PM,82,74,5,29.67,Clear,0,0,0,0,0,,,
03/24/2023,8:30 PM,81,79,3,29.67,Clear,0,0,0,0,0,,,
03/24/2023,9:00 PM,79,83,0,29.7,Clear,0,0,0,0,0,,,
03/24/2023,9:30 PM,77,89,0,29.7,Clear,0,0,0,0,0,,,
03/24/2023,10:00 PM,77,89,0,29.7,Clear,0,0,0,0,0,,,
03/24/2023,10:30 PM,75,89,0,29.73,Clear,0,0,0,0,0,,,
03/24/2023,11:00 PM,75,94,0,29.73,Clear,0,0,0,0,0,,,
03/24/2023,11:30 PM,75,89,0,29.73,Clear,0,0,0,0,0,,,
03/25/2023,12:00 AM,75,94,0,29.73,Clear,0,0,0,0,0,,,
03/25/2023,12:30 AM,75,89,0,29.73,Clear,0,0,0,0,0,,,
03/25/2023,1:00 AM,73,94,2,29.73,Clear,0,0,0,0,0,,,
03/25/2023,1:30 AM,73,94,3,29.7,Clear,0,0,0,0,0,,,
03/25/2023,2:00 AM,73,94,3,29.7,Clear,0,0,0,0,0,,,
03/25/2023,2:30 AM,73,94,2,29.7,Clear,0,0,0,0,0,,,
03/25/2023,3:00 AM,73,94,2,29.7,Clear,0,0,0,0,0,,,
03/25/2023,3:30 AM,73,94,2,29.67,Clear,0,0,0,0,0,,,
03/25/2023,4:00 AM,72,100,0,29.67,Clear,0,0,0,0,0,,,
03/25/2023,4:30 AM,72,100,0,29.67,Clear,0,0,0,0,0,,,
03/25/2023,5:00 AM,72,100,0,29.67,Clear,0,0,0,0,0,,,
03/25/2023,5:30 AM,72,94,0,29.67,Clear,0,0,0,0,0,,,
03/25/2023,6:00 AM,72,94,2,29.67,Clear,0,0,0,0,0,,,
03/25/2023,6:30 AM,72,94,0,29.7,Clear,0,0,0,0,0,,,
03/25/2023,7:00 AM,73,94,0,29.7,Mist,0,0,0,0,0,,,
03/25/2023,7:30 AM,75,94,0,29.73,Clear,0,0,0,0,0,,,
03/25/2023,8:00 AM,77,100,2,29.76,Clear,0,0,0,0,0,,,
03/25/2023,8:30 AM,82,89,2,29.76,Clear,0,0,0,0,0,,,
03/25/2023,9:00 AM,84,84,5,29.76,Clear,0,0,0,0,0,,,
03/25/2023,9:30 AM,88,75,6,29.76,Clear,0,0,0,0,0,,,
03/25/2023,10:00 AM,90,70,6,29.76,Clear,0,0,0,0,0,,,
03/25/2023,10:30 AM,90,70,7,29.76,Clear,0,0,0,0,0,,,
03/25/2023,11:00 AM,91,63,8,29.76,Clear,0,0,0,0,0,,,
03/25/2023,11:30 AM,93,56,6,29.76,Clear,0,0,0,0,0,,,
03/25/2023,12:00 PM,95,44,6,29.73,Clear,0,0,0,0,0,,,
03/25/2023,12:30 PM,95,47,6,29.73,Clear,0,0,0,0,0,,,
03/25/2023,1:00 PM,97,44,9,29.7,Clear,0,0,0,0,0,,,
03/25/2023,1:30 PM,95,47,10,29.67,Clear,0,0,0,0,0,,,
03/25/2023,2:00 PM,95,41,8,29.67,Clear,0,0,0,0,0,,,
03/25/2023,2:30 PM,97,39,8,29.64,Clear,0,0,0,0,0,,,
03/25/2023,3:00 PM,95,39,10,29.64,Clear,0,0,0,0,0,,,
03/25/2023,3:30 PM,95,39,10,29.64,Clear,0,0,0,0,0,,,
03/25/2023,4:00 PM,93,41,13,29.64,Clear,0,0,0,0,0,,,
03/25/2023,4:30 PM,93,41,13,29.61,Clear,0,0,0,0,0,,,
03/25/2023,5:00 PM,91,46,12,29.61,Clear,0,0,0,0,0,,,
03/25/2023,5:30 PM,90,55,9,29.64,Clear,0,0,0,0,0,,,
03/25/2023,6:00 PM,88,58,6,29.64,Clear,0,0,0,0,0,,,
03/25/2023,6:30 PM,86,62,6,29.64,Clear,0,0,0,0,0,,,
03/25/2023,7:00 PM,84,66,6,29.67,Clear,0,0,0,0,0,,,
03/25/2023,7:30 PM,82,74,5,29.7,Clear,0,0,0,0,0,,,
03/25/2023,8:00 PM,79,78,3,29.7,Clear,0,0,0,0,0,,,
03/25/2023,8:30 PM,77,83,0,29.73,Clear,0,0,0,0,0,,,
03/25/2023,9:00 PM,75,89,1,29.73,Clear,0,0,0,0,0,,,
03/25/2023,9:30 PM,75,89,0,29.73,Clear,0,0,0,0,0,,,
03/25/2023,10:00 PM,75,89,0,29.73,Clear,0,0,0,0,0,,,
03/25/2023,10:30 PM,73,94,1,29.73,Clear,0,0,0,0,0,,,
03/25/2023,11:00 PM,73,94,5,29.73,Clear,0,0,0,0,0,,,
03/25/2023,11:30 PM,72,94,3,29.73,Clear,0,0,0,0,0,,,
03/26/2023,12:00 AM,72,94,3,29.73,Clear,0,0,0,0,0,,,
03/26/2023,12:30 AM,72,94,3,29.73,Clear,0,0,0,0,0,,,
03/26/2023,1:00 AM,72,94,5,29.7,Clear,0,0,0,0,0,,,
03/26/2023,1:30 AM,72,94,5,29.7,Clear,0,0,0,0,0,,,
03/26/2023,2:00 AM,72,94,6,29.7,Clear,0,0,0,0,0,,,
03/26/2023,2:30 AM,70,94,0,29.67,Clear,0,0,0,0,0,,,
03/26/2023,3:00 AM,70,94,0,29.67,Clear,0,0,0,0,0,,,
03/26/2023,3:30 AM,70,94,0,29.67,Clear,0,0,0,0,0,,,
03/26/2023,4:00 AM,70,94,0,29.67,Clear,0,0,0,0,0,,,
03/26/2023,4:30 AM,70,94,0,29.67,Clear,0,0,0,0,0,,,
03/26/2023,5:00 AM,68,100,0,29.67,Clear,0,0,0,0,0,,,
03/26/2023,5:30 AM,68,100,0,29.67,Clear,0,0,0,0,0,,,
03/26/2023,6:00 AM,68,100,3,29.7,Clear,0,0,0,0,0,,,
03/26/2023,6:30 AM,68,100,3,29.7,Clear,0,0,0,0,0,,,
03/26/2023,7:00 AM,70,94,0,29.73,Clear,0,0,0,0,0,,,
03/26/2023,7:30 AM,73,94,0,29.73,Clear,0,0,0,0,0,,,
03/26/2023,8:00 AM,77,94,0,29.76,Clear,0,0,0,0,0,,,
03/26/2023,8:30 AM,81,89,0,29.76,Clear,0,0,0,0,0,,,
03/26/2023,9:00 AM,84,84,3,29.76,Clear,0,0,0,0,0,,,
03/26/2023,9:30 AM,86,79,0,29.76,Clear,0,0,0,0,0,,,
03/26/2023,10:00 AM,88,75,3,29.76,Clear,0,0,0,0,0,,,
03/26/2023,10:30 AM,91,71,6,29.73,Clear,0,0,0,0,0,,,
03/26/2023,11:00 AM,91,63,5,29.73,Clear,0,0,0,0,0,,,
03/26/2023,11:30 AM,95,53,5,29.7,Clear,1,1,0,1,0,,,
03/26/2023,12:00 PM,93,52,5,29.7,Clear,0,0,0,0,0,,,
03/26/2023,12:30 PM,97,44,6,29.67,Clear,0,0,0,0,0,,,
03/26/2023,1:00 PM,99,42,7,29.64,Clear,0,0,0,0,0,,,
03/26/2023,1:30 PM,97,44,6,29.64,Clear,0,0,0,0,0,,,
03/26/2023,2:00 PM,97,41,6,29.64,Clear,0,0,0,0,0,,,
03/26/2023,2:30 PM,99,39,6,29.61,Clear,0,0,0,0,0,,,
03/26/2023,3:00 PM,97,44,10,29.58,Clear,0,0,0,0,0,,,
03/26/2023,3:30 PM,95,49,12,29.58,Clear,0,0,0,0,0,,,
03/26/2023,4:00 PM,93,49,13,29.58,Clear,0,0,0,0,0,,,
03/26/2023,4:30 PM,93,52,10,29.58,Clear,0,0,0,0,0,,,
03/26/2023,5:00 PM,91,55,13,29.58,Clear,0,0,0,0,0,,,
03/26/2023,5:30 PM,91,52,10,29.58,Clear,0,0,0,0,0,,,
03/26/2023,6:00 PM,88,62,7,29.61,Clear,0,0,0,0,0,,,
03/26/2023,6:30 PM,86,66,6,29.61,Clear,0,0,0,0,0,,,
03/26/2023,7:00 PM,84,70,6,29.61,Clear,0,0,0,0,0,,,
03/26/2023,7:30 PM,84,70,3,29.64,Clear,0,0,0,0,0,,,
03/26/2023,8:00 PM,82,74,1,29.64,Clear,0,0,0,0,0,,,
03/26/2023,8:30 PM,79,83,2,29.67,Clear,0,0,0,0,0,,,
03/26/2023,9:00 PM,79,83,2,29.67,Clear,0,0,0,0,0,,,
03/26/2023,9:30 PM,77,89,0,29.7,Clear,0,0,0,0,0,,,
03/26/2023,10:00 PM,77,89,0,29.7,Clear,0,0,0,0,0,,,
03/26/2023,10:30 PM,77,89,0,29.73,Clear,0,0,0,0,0,,,
03/26/2023,11:00 PM,75,89,0,29.73,Clear,0,0,0,0,0,,,
03/26/2023,11:30 PM,75,89,2,29.73,Clear,0,0,0,0,0,,,
03/27/2023,12:00 AM,75,89,5,29.73,Clear,0,0,0,0,0,,,
03/27/2023,12:30 AM,73,94,3,29.7,Clear,0,0,0,0,0,,,
03/27/2023,1:00 AM,73,94,2,29.7,Clear,0,0,0,0,0,,,
03/27/2023,1:30 AM,73,88,2,29.67,Clear,0,0,0,0,0,,,
03/27/2023,2:00 AM,72,94,0,29.67,Clear,0,0,0,0,0,,,
03/27/2023,2:30 AM,73,94,2,29.64,Clear,0,0,0,0,0,,,
03/27/2023,3:00 AM,72,94,3,29.64,Clear,0,0,0,0,0,,,
03/27/2023,3:30 AM,72,94,1,29.64,Clear,0,0,0,0,0,,,
03/27/2023,4:00 AM,72,94,3,29.64,Clear,0,0,0,0,0,,,
03/27/2023,4:30 AM,72,94,3,29.64,Clear,0,0,0,0,0,,,
03/27/2023,5:00 AM,72,94,3,29.64,Clear,0,0,0,0,0,,,
03/27/2023,5:30 AM,72,94,0,29.67,Clear,0,0,0,0,0,,,
03/27/2023,6:00 AM,70,100,0,29.67,Clear,0,0,0,0,0,,,
03/27/2023,6:30 AM,70,100,0,29.67,Clear,0,0,0,0,0,,,
03/27/2023,7:00 AM,72,94,2,29.7,Clear,0,0,0,0,0,,,
03/27/2023,7:30 AM,73,94,2,29.7,Clear,0,0,0,0,0,,,
03/27/2023,8:00 AM,75,89,2,29.73,Clear,0,0,0,0,0,,,
03/27/2023,8:30 AM,81,89,2,29.73,Clear,0,0,0,0,0,,,
03/27/2023,9:00 AM,84,79,5,29.73,Clear,0,0,0,0,0,,,
03/27/2023,9:30 AM,86,79,3,29.73,Clear,0,0,0,0,0,,,
03/27/2023,10:00 AM,90,66,3,29.73,Clear,0,0,0,0,0,,,
03/27/2023,10:30 AM,91,63,5,29.73,Clear,0,0,0,0,0,,,
03/27/2023,11:00 AM,93,56,6,29.7,Clear,0,0,0,0,0,,,
03/27/2023,11:30 AM,93,49,6,29.7,Clear,0,0,0,0,0,,,
03/27/2023,12:00 PM,97,44,6,29.67,Clear,0,0,0,0,0,,,
03/27/2023,12:30 PM,97,47,7,29.67,Clear,0,0,0,0,0,,,
03/27/2023,1:00 PM,93,52,10,29.67,Clear,0,0,0,0,0,,,
03/27/2023,1:30 PM,95,49,10,29.64,Clear,0,0,0,0,0,,,
03/27/2023,2:00 PM,95,47,10,29.64,Clear,0,0,0,0,0,,,
03/27/2023,2:30 PM,95,47,12,29.64,Clear,0,0,0,0,0,,,
03/27/2023,3:00 PM,93,52,12,29.61,Clear,0,0,0,0,0,,,
03/27/2023,3:30 PM,93,52,13,29.61,Clear,0,0,0,0,0,,,
03/27/2023,4:00 PM,91,55,13,29.61,Clear,0,0,0,0,0,,,
03/27/2023,4:30 PM,91,55,10,29.61,Clear,0,0,0,0,0,,,
03/27/2023,5:00 PM,88,62,8,29.64,Clear,0,0,0,0,0,,,
03/27/2023,5:30 PM,88,66,7,29.64,Clear,0,0,0,0,0,,,
03/27/2023,6:00 PM,86,66,10,29.64,Clear,0,0,0,0,0,,,
03/27/2023,6:30 PM,84,74,10,29.64,Clear,0,0,0,0,0,,,
03/27/2023,7:00 PM,84,74,9,29.67,Clear,0,0,0,0,0,,,
03/27/2023,7:30 PM,82,79,3,29.67,Clear,0,0,0,0,0,,,
03/27/2023,8:00 PM,82,79,5,29.7,Clear,0,0,0,0,0,,,
03/27/2023,8:30 PM,82,79,6,29.7,Clear,0,0,0,0,0,,,
03/27/2023,9:00 PM,82,79,6,29.7,Clear,0,0,0,0,0,,,
03/27/2023,9:30 PM,81,84,5,29.7,Clear,0,0,0,0,0,,,
03/27/2023,10:00 PM,81,84,3,29.73,Clear,0,0,0,0,0,,,
03/27/2023,10:30 PM,79,89,5,29.73,Clear,0,0,0,0,0,,,
03/27/2023,11:00 PM,79,89,6,29.73,Clear,0,0,0,0,0,,,
03/27/2023,11:30 PM,79,89,5,29.7,Clear,0,0,0,0,0,,,
03/28/2023,12:00 AM,79,89,3,29.7,Clear,0,0,0,0,0,,,
03/28/2023,12:30 AM,77,94,3,29.7,Clear,0,0,0,0,0,,,
03/28/2023,1:00 AM,77,94,3,29.7,Clear,0,0,0,0,0,,,
03/28/2023,1:30 AM,77,89,5,29.7,Clear,0,0,0,0,0,,,
03/28/2023,2:00 AM,75,94,0,29.67,Clear,0,0,0,0,0,,,
03/28/2023,2:30 AM,75,94,3,29.67,Clear,0,0,0,0,0,,,
03/28/2023,3:00 AM,75,94,5,29.67,Clear,0,0,0,0,0,,,
03/28/2023,3:30 AM,75,94,0,29.67,Clear,0,0,0,0,0,,,
03/28/2023,4:00 AM,75,94,0,29.67,Clear,0,0,0,0,0,,,
03/28/2023,4:30 AM,75,94,0,29.67,Clear,0,0,0,0,0,,,
03/28/2023,5:00 AM,75,94,0,29.67,Clear,0,0,0,0,0,,,
03/28/2023,5:30 AM,73,100,0,29.7,Clear,0,0,0,0,0,,,
03/28/2023,6:00 AM,73,100,0,29.7,Clear,0,0,0,0,0,,,
03/28/2023,6:30 AM,75,94,0,29.73,Clear,0,0,0,0,0,,,
03/28/2023,7:00 AM,77,94,3,29.73,Clear,0,0,0,0,0,,,
03/28/2023,7:30 AM,77,100,0,29.73,Clear,0,0,0,0,0,,,
03/28/2023,8:00 AM,81,89,2,29.76,Clear,0,0,0,0,0,,,
03/28/2023,8:30 AM,84,84,6,29.76,Clear,0,0,0,0,0,,,
03/28/2023,9:00 AM,86,84,6,29.76,Clear,0,0,0,0,0,,,
03/28/2023,9:30 AM,88,79,7,29.79,Clear,0,0,0,0,0,,,
03/28/2023,10:00 AM,90,75,5,29.79,Clear,0,0,0,0,0,,,
03/28/2023,10:30 AM,90,70,3,29.79,Clear,0,0,0,0,0,,,
03/28/2023,11:00 AM,90,70,6,29.76,Clear,0,0,0,0,0,,,
03/28/2023,11:30 AM,90,66,6,29.76,Clear,0,0,0,0,0,,,
03/28/2023,12:00 PM,91,63,7,29.73,Clear,0,0,0,0,0,,,
03/28/2023,12:30 PM,91,63,10,29.73,Clear,0,0,0,0,0,,,
03/28/2023,1:00 PM,91,63,12,29.7,Clear,0,0,0,0,0,,,
03/28/2023,1:30 PM,93,56,10,29.7,Clear,0,0,0,0,0,,,
03/28/2023,2:00 PM,91,59,8,29.67,Clear,0,0,0,0,0,,,
03/28/2023,2:30 PM,95,56,13,29.64,Clear,0,0,0,0,0,,,
03/28/2023,3:00 PM,93,59,12,29.64,Clear,0,0,0,0,0,,,
03/28/2023,3:30 PM,93,59,13,29.64,Clear,0,0,0,0,0,,,
03/28/2023,4:00 PM,91,59,13,29.64,Clear,0,0,0,0,0,,,
03/28/2023,4:30 PM,90,62,12,29.64,Clear,0,0,0,0,0,,,
03/28/2023,5:00 PM,88,66,7,29.64,Clear,0,0,0,0,0,,,
03/28/2023,5:30 PM,88,66,8,29.64,Clear,0,0,0,0,0,,,
03/28/2023,6:00 PM,86,70,10,29.67,Clear,0,0,0,0,0,,,
03/28/2023,6:30 PM,86,70,7,29.67,Clear,0,0,0,0,0,,,
03/28/2023,7:00 PM,84,74,2,29.7,Clear,0,0,0,0,0,,,
03/28/2023,7:30 PM,84,74,2,29.7,Clear,0,0,0,0,0,,,
03/28/2023,8:00 PM,84,70,3,29.7,Clear,0,0,0,0,0,,,
03/28/2023,8:30 PM,82,79,6,29.73,Clear,0,0,0,0,0,,,
03/28/2023,9:00 PM,81,79,3,29.73,Clear,0,0,0,0,0,,,
03/28/2023,9:30 PM,79,83,5,29.73,Clear,0,0,0,0,0,,,
03/28/2023,10:00 PM,79,89,3,29.76,Clear,0,0,0,0,0,,,
03/28/2023,10:30 PM,77,89,3,29.76,Clear,0,0,0,0,0,,,
03/28/2023,11:00 PM,77,89,3,29.76,Clear,0,0,0,0,0,,,
03/28/2023,11:30 PM,79,83,3,29.76,Clear,0,0,0,0,0,,,
03/29/2023,12:00 AM,75,94,5,29.73,Clear,0,0,0,0,0,,,
03/29/2023,12:30 AM,77,89,5,29.73,Clear,0,0,0,0,0,,,
03/29/2023,1:00 AM,77,89,5,29.73,Clear,0,0,0,0,0,,,
03/29/2023,1:30 AM,77,89,3,29.73,Clear,0,0,0,0,0,,,
03/29/2023,2:00 AM,75,89,2,29.73,Clear,0,0,0,0,0,,,
03/29/2023,2:30 AM,75,89,0,29.73,Clear,0,0,0,0,0,,,
03/29/2023,3:00 AM,73,94,0,29.7,Clear,0,0,0,0,0,,,
03/29/2023,3:30 AM,73,94,0,29.7,Clear,0,0,0,0,0,,,
03/29/2023,4:00 AM,73,94,3,29.7,Clear,0,0,0,0,0,,,
03/29/2023,4:30 AM,73,94,3,29.7,Clear,0,0,0,0,0,,,
03/29/2023,5:00 AM,73,94,1,29.7,Clear,0,0,0,0,0,,,
03/29/2023,5:30 AM,73,94,0,29.73,Clear,0,0,0,0,0,,,
03/29/2023,6:00 AM,73,94,1,29.73,Clear,0,0,0,0,0,,,
03/29/2023,6:30 AM,73,94,2,29.73,Clear,0,0,0,0,0,,,
03/29/2023,7:00 AM,73,100,0,29.76,Clear,0,0,0,0,0,,,
03/29/2023,7:30 AM,77,94,1,29.76,Clear,0,0,0,0,0,,,
03/29/2023,8:00 AM,81,89,5,29.79,Clear,0,0,0,0,0,,,
03/29/2023,8:30 AM,82,89,5,29.79,Clear,0,0,0,0,0,,,
03/29/2023,9:00 AM,86,79,5,29.79,Clear,0,0,0,0,0,,,
03/29/2023,9:30 AM,88,75,3,29.79,Clear,0,0,0,0,0,,,
03/29/2023,10:00 AM,91,66,7,29.79,Clear,0,0,0,0,0,,,
03/29/2023,10:30 AM,91,63,10,29.79,Clear,0,0,0,0,0,,,
03/29/2023,11:00 AM,93,59,7,29.79,Clear,0,0,0,0,0,,,
03/29/2023,11:30 AM,93,56,7,29.76,Clear,0,0,0,0,0,,,
03/29/2023,12:00 PM,93,56,10,29.76,Clear,0,0,0,0,0,,,
03/29/2023,12:30 PM,93,56,8,29.73,Clear,0,0,0,0,0,,,
03/29/2023,1:00 PM,93,56,13,29.73,Clear,0,0,0,0,0,,,
03/29/2023,1:30 PM,93,56,12,29.73,Clear,0,0,0,0,0,,,
03/29/2023,2:00 PM,95,49,10,29.7,Clear,0,0,0,0,0,,,
03/29/2023,2:30 PM,95,47,13,29.67,Clear,0,0,0,0,0,,,
03/29/2023,3:00 PM,95,47,13,29.67,Clear,0,0,0,0,0,,,
03/29/2023,3:30 PM,93,49,12,29.67,Clear,0,0,0,0,0,,,
03/29/2023,4:00 PM,93,52,10,29.64,Clear,0,0,0,0,0,,,
03/29/2023,4:30 PM,91,55,14,29.64,Clear,0,0,0,0,0,,,
03/29/2023,5:00 PM,91,55,10,29.67,Clear,0,0,0,0,0,,,
03/29/2023,5:30 PM,90,62,15,29.67,Clear,0,0,0,0,0,,,
03/29/2023,6:00 PM,86,66,10,29.67,Clear,0,0,0,0,0,,,
03/29/2023,6:30 PM,86,66,9,29.7,Clear,0,0,0,0,0,,,
03/29/2023,7:00 PM,84,70,10,29.7,Clear,0,0,0,0,0,,,
03/29/2023,7:30 PM,84,74,6,29.7,Clear,0,0,0,0,0,,,
03/29/2023,8:00 PM,82,74,6,29.7,Clear,0,0,0,0,0,,,
03/29/2023,8:30 PM,79,83,2,29.73,Clear,0,0,0,0,0,,,
03/29/2023,9:00 PM,79,83,5,29.73,Clear,0,0,0,0,0,,,
03/29/2023,9:30 PM,79,83,2,29.73,Clear,0,0,0,0,0,,,
03/29/2023,10:00 PM,77,89,0,29.76,Clear,0,0,0,0,0,,,
03/29/2023,10:30 PM,77,89,2,29.76,Clear,0,0,0,0,0,,,
03/29/2023,11:00 PM,77,89,0,29.76,Clear,0,0,0,0,0,,,
03/29/2023,11:30 PM,75,94,0,29.76,Clear,0,0,0,0,0,,,
03/30/2023,12:00 AM,75,94,0,29.76,Clear,0,0,0,0,0,,,
03/30/2023,12:30 AM,75,94,1,29.73,Clear,0,0,0,0,0,,,
03/30/2023,1:00 AM,73,94,0,29.73,Clear,0,0,0,0,0,,,
03/30/2023,1:30 AM,73,94,3,29.73,Clear,0,0,0,0,0,,,
03/30/2023,2:00 AM,73,100,0,29.7,Clear,0,0,0,0,0,,,
03/30/2023,2:30 AM,73,94,0,29.7,Clear,0,0,0,0,0,,,
03/30/2023,3:00 AM,73,94,0,29.67,Clear,0,0,0,0,0,,,
03/30/2023,3:30 AM,73,94,0,29.67,Clear,0,0,0,0,0,,,
03/30/2023,4:00 AM,73,94,0,29.67,Clear,0,0,0,0,0,,,
03/30/2023,4:30 AM,73,94,0,29.67,Clear,0,0,0,0,0,,,
03/30/2023,5:00 AM,73,94,0,29.67,Clear,0,0,0,0,0,,,
03/30/2023,5:30 AM,72,100,3,29.67,Clear,0,0,0,0,0,,,
03/30/2023,6:00 AM,73,94,0,29.7,Clear,0,0,0,0,0,,,
03/30/2023,6:30 AM,73,94,0,29.7,Clear,0,0,0,0,0,,,
03/30/2023,7:00 AM,73,94,0,29.73,Clear,0,0,0,0,0,,,
03/30/2023,7:30 AM,75,94,3,29.73,Clear,0,0,0,0,0,,,
03/30/2023,8:00 AM,79,94,3,29.76,Clear,0,0,0,0,0,,,
03/30/2023,8:30 AM,82,89,0,29.76,Clear,0,0,0,0,0,,,
03/30/2023,9:00 AM,84,84,3,29.76,Clear,0,0,0,0,0,,,
03/30/2023,9:30 AM,88,75,3,29.76,Clear,0,0,0,0,0,,,
03/30/2023,10:00 AM,90,70,6,29.76,Clear,0,0,0,0,0,,,
03/30/2023,10:30 AM,91,63,6,29.76,Clear,0,0,0,0,0,,,
03/30/2023,11:00 AM,90,62,9,29.76,Clear,0,0,0,0,0,,,
03/30/2023,11:30 AM,93,56,6,29.76,Clear,0,0,0,0,0,,,
03/30/2023,12:00 PM,93,49,8,29.73,Clear,0,0,0,0,0,,,
03/30/2023,12:30 PM,93,49,9,29.73,Clear,0,0,0,0,0,,,
03/30/2023,1:00 PM,93,52,10,29.7,Clear,0,0,0,0,0,,,
03/30/2023,1:30 PM,93,49,8,29.7,Clear,0,0,0,0,0,,,
03/30/2023,2:00 PM,95,41,10,29.67,Clear,0,0,0,0,0,,,
03/30/2023,2:30 PM,95,41,9,29.67,Clear,0,0,0,0,0,,,
03/30/2023,3:00 PM,93,44,10,29.67,Clear,0,0,0,0,0,,,
03/30/2023,3:30 PM,93,41,8,29.64,Clear,0,0,0,0,0,,,
03/30/2023,4:00 PM,91,52,9,29.64,Clear,0,0,0,0,0,,,
03/30/2023,4:30 PM,91,52,10,29.61,Clear,0,0,0,0,0,,,
03/30/2023,5:00 PM,90,55,10,29.61,Clear,0,0,0,0,0,,,
03/30/2023,5:30 PM,88,58,9,29.64,Clear,0,0,0,0,0,,,
03/30/2023,6:00 PM,88,58,8,29.64,Clear,0,0,0,0,0,,,
03/30/2023,6:30 PM,86,62,8,29.64,Clear,0,0,0,0,0,,,
03/30/2023,7:00 PM,84,66,5,29.67,Clear,0,0,0,0,0,,,
03/30/2023,7:30 PM,82,70,2,29.67,Clear,0,0,0,0,0,,,
03/30/2023,8:00 PM,81,74,1,29.7,Clear,0,0,0,0,0,,,
03/30/2023,8:30 PM,79,78,0,29.7,Clear,0,0,0,0,0,,,
03/30/2023,9:00 PM,77,83,2,29.73,Clear,0,0,0,0,0,,,
03/30/2023,9:30 PM,75,89,3,29.73,Clear,0,0,0,0,0,,,
03/30/2023,10:00 PM,75,89,2,29.76,Clear,0,0,0,0,0,,,
03/30/2023,10:30 PM,77,89,3,29.76,Clear,0,0,0,0,0,,,
03/30/2023,11:00 PM,75,89,0,29.76,Clear,0,0,0,0,0,,,
03/30/2023,11:30 PM,73,94,0,29.73,Clear,0,0,0,0,0,,,
03/31/2023,12:00 AM,73,94,0,29.73,Clear,0,0,0,0,0,,,
03/31/2023,12:30 AM,73,94,0,29.73,Clear,0,0,0,0,0,,,
03/31/2023,1:00 AM,72,94,0,29.7,Clear,0,0,0,0,0,,,
03/31/2023,1:30 AM,72,94,0,29.7,Clear,0,0,0,0,0,,,
03/31/2023,2:00 AM,72,94,2,29.7,Clear,0,0,0,0,0,,,
03/31/2023,2:30 AM,72,94,0,29.67,Clear,0,0,0,0,0,,,
03/31/2023,3:00 AM,72,94,0,29.67,Clear,0,0,0,0,0,,,
03/31/2023,3:30 AM,72,94,0,29.67,Clear,0,0,0,0,0,,,
03/31/2023,4:00 AM,70,94,0,29.67,Clear,0,0,0,0,0,,,
03/31/2023,4:30 AM,70,94,0,29.67,Clear,0,0,0,0,0,,,
03/31/2023,5:00 AM,70,94,0,29.67,Clear,0,0,0,0,0,,,
03/31/2023,5:30 AM,70,94,0,29.67,Clear,0,0,0,0,0,,,
03/31/2023,6:00 AM,70,94,0,29.7,Clear,0,0,0,0,0,,,
03/31/2023,6:30 AM,70,94,0,29.7,Clear,0,0,0,0,0,,,
03/31/2023,7:00 AM,70,100,0,29.7,Clear,0,0,0,0,0,,,
03/31/2023,7:30 AM,72,100,0,29.73,Clear,0,0,0,0,0,,,
03/31/2023,8:00 AM,75,94,0,29.73,Clear,0,0,0,0,0,,,
03/31/2023,8:30 AM,82,84,2,29.76,Clear,0,0,0,0,0,,,
03/31/2023,9:00 AM,84,84,0,29.76,Clear,0,0,0,0,0,,,
03/31/2023,9:30 AM,86,74,3,29.76,Clear,0,0,0,0,0,,,
03/31/2023,10:00 AM,88,75,5,29.76,Clear,0,0,0,0,0,,,
03/31/2023,10:30 AM,90,66,7,29.76,Clear,0,0,0,0,0,,,
03/31/2023,11:00 AM,91,63,5,29.76,Clear,0,0,0,0,0,,,
03/31/2023,11:30 AM,91,59,7,29.73,Clear,0,0,0,0,0,,,
03/31/2023,12:00 PM,93,52,8,29.73,Clear,0,0,0,0,0,,,
03/31/2023,12:30 PM,95,47,12,29.7,Clear,0,0,0,0,0,,,
03/31/2023,1:00 PM,95,47,13,29.7,Clear,0,0,0,0,0,,,
03/31/2023,1:30 PM,95,44,13,29.67,Clear,0,0,0,0,0,,,
03/31/2023,2:00 PM,95,44,13,29.67,Clear,0,0,0,0,0,,,
03/31/2023,2:30 PM,95,44,12,29.64,Clear,0,0,0,0,0,,,
03/31/2023,3:00 PM,95,44,13,29.64,Clear,0,0,0,0,0,,,
03/31/2023,3:30 PM,95,41,15,29.64,Clear,0,0,0,0,0,,,
03/31/2023,4:00 PM,93,44,13,29.64,Clear,0,0,0,0,0,,,
03/31/2023,4:30 PM,93,44,13,29.61,Clear,0,0,0,0,0,,,
03/31/2023,5:00 PM,91,49,13,29.61,Clear,0,0,0,0,0,,,
03/31/2023,5:30 PM,90,52,14,29.64,Clear,0,0,0,0,0,,,
03/31/2023,6:00 PM,88,58,13,29.64,Clear,0,0,0,0,0,,,
03/31/2023,6:30 PM,86,62,10,29.67,Clear,0,0,0,0,0,,,
03/31/2023,7:00 PM,84,66,8,29.67,Clear,0,0,0,0,0,,,
03/31/2023,7:30 PM,84,66,5,29.67,Clear,0,0,0,0,0,,,
03/31/2023,8:00 PM,82,74,2,29.7,Clear,0,0,0,0,0,,,
03/31/2023,8:30 PM,81,79,2,29.7,Clear,0,0,0,0,0,,,
03/31/2023,9:00 PM,81,79,3,29.73,Clear,0,0,0,0,0,,,
03/31/2023,9:30 PM,79,83,3,29.73,Clear,0,0,0,0,0,,,
03/31/2023,10:00 PM,77,83,0,29.73,Clear,0,0,0,0,0,,,
03/31/2023,10:30 PM,75,89,3,29.73,Clear,0,0,0,0,0,,,
03/31/2023,11:00 PM,75,89,3,29.73,Clear,0,0,0,0,0,,,
03/31/2023,11:30 PM,75,89,0,29.73,Clear,0,0,0,0,0,,,
4/1/2023,12:00 AM,75,94,1,29.73,Clear,0,0,0,0,0,,,
4/1/2023,12:30 AM,75,94,0,29.73,Clear,0,0,0,0,0,,,
4/1/2023,1:00 AM,73,94,0,29.7,Clear,0,0,0,0,0,,,
4/1/2023,1:30 AM,73,94,0,29.7,Clear,0,0,0,0,0,,,
4/1/2023,2:00 AM,73,94,0,29.7,Clear,0,0,0,0,0,,,
4/1/2023,2:30 AM,75,94,0,29.7,Clear,0,0,0,0,0,,,
4/1/2023,3:00 AM,73,100,0,29.67,Clear,0,0,0,0,0,,,
4/1/2023,3:30 AM,73,94,0,29.67,Clear,0,0,0,0,0,,,
4/1/2023,4:00 AM,73,94,0,29.67,Clear,0,0,0,0,0,,,
4/1/2023,4:30 AM,73,94,0,29.67,Clear,0,0,0,0,0,,,
4/1/2023,5:00 AM,73,94,2,29.7,Clear,0,0,0,0,0,,,
4/1/2023,5:30 AM,72,100,0,29.7,Clear,0,0,0,0,0,,,
4/1/2023,6:00 AM,73,94,0,29.7,Clear,0,0,0,0,0,,,
4/1/2023,6:30 AM,73,94,0,29.7,Clear,0,0,0,0,0,,,
4/1/2023,7:00 AM,73,100,0,29.73,Clear,0,0,0,0,0,,,
4/1/2023,7:30 AM,75,94,0,29.73,Clear,0,0,0,0,0,,,
4/1/2023,8:00 AM,77,100,0,29.73,Clear,0,0,0,0,0,,,
4/1/2023,8:30 AM,82,84,0,29.76,Clear,0,0,0,0,0,,,
4/1/2023,9:00 AM,84,79,2,29.76,Clear,0,0,0,0,0,,,
4/1/2023,9:30 AM,88,75,2,29.76,Clear,0,0,0,0,0,,,
4/1/2023,10:00 AM,88,66,8,29.76,Clear,0,0,0,0,0,,,
4/1/2023,10:30 AM,90,62,6,29.76,Clear,0,0,0,0,0,,,
4/1/2023,11:00 AM,91,55,6,29.76,Clear,0,0,0,0,0,,,
4/1/2023,11:30 AM,93,49,8,29.73,Clear,0,0,0,0,0,,,
4/1/2023,12:00 PM,93,49,7,29.73,Clear,0,0,0,0,0,,,
4/1/2023,12:30 PM,95,47,8,29.7,Clear,0,0,0,0,0,,,
4/1/2023,1:00 PM,95,44,8,29.67,Clear,0,0,0,0,0,,,
4/1/2023,1:30 PM,97,39,8,29.67,Clear,0,0,0,0,0,,,
4/1/2023,2:00 PM,95,44,8,29.64,Clear,0,0,0,0,0,,,
4/1/2023,2:30 PM,97,34,12,29.64,Clear,0,0,0,0,0,,,
4/1/2023,3:00 PM,97,32,9,29.61,Clear,0,0,0,0,0,,,
4/1/2023,3:30 PM,97,30,9,29.61,Clear,0,0,0,0,0,,,
4/1/2023,4:00 PM,95,39,12,29.61,Clear,0,0,0,0,0,,,
4/1/2023,4:30 PM,93,38,12,29.61,Clear,0,0,0,0,0,,,
4/1/2023,5:00 PM,93,38,12,29.61,Clear,0,0,0,0,0,,,
4/1/2023,5:30 PM,90,46,9,29.61,Clear,0,0,0,0,0,,,
4/1/2023,6:00 PM,90,49,9,29.61,Clear,0,0,0,0,0,,,
4/1/2023,6:30 PM,86,58,9,29.64,Clear,0,0,0,0,0,,,
4/1/2023,7:00 PM,84,66,8,29.64,Clear,0,0,0,0,0,,,
4/1/2023,7:30 PM,82,74,8,29.67,Clear,0,0,0,0,0,,,
4/1/2023,8:00 PM,81,79,5,29.67,Clear,0,0,0,0,0,,,
4/1/2023,8:30 PM,82,79,6,29.7,Clear,0,0,0,0,0,,,
4/1/2023,9:00 PM,81,79,2,29.7,Clear,0,0,0,0,0,,,
4/1/2023,9:30 PM,77,83,0,29.73,Clear,0,0,0,0,0,,,
4/1/2023,10:00 PM,77,89,0,29.73,Clear,0,0,0,0,0,,,
4/1/2023,10:30 PM,75,94,5,29.73,Clear,0,0,0,0,0,,,
4/1/2023,11:00 PM,75,94,2,29.76,Clear,0,0,0,0,0,,,
4/1/2023,11:30 PM,75,89,2,29.76,Clear,0,0,0,0,0,,,
4/2/2023,12:00 AM,75,89,0,29.73,Clear,0,0,0,0,0,,,
4/2/2023,12:30 AM,73,94,0,29.73,Clear,0,0,0,0,0,,,
4/2/2023,1:00 AM,73,94,0,29.73,Clear,0,0,0,0,0,,,
4/2/2023,1:30 AM,73,94,0,29.7,Clear,0,0,0,0,0,,,
4/2/2023,2:00 AM,73,94,0,29.7,Clear,0,0,0,0,0,,,
4/2/2023,2:30 AM,73,94,0,29.7,Clear,0,0,0,0,0,,,
4/2/2023,3:00 AM,73,94,0,29.67,Clear,0,0,0,0,0,,,
4/2/2023,3:30 AM,73,94,0,29.67,Clear,0,0,0,0,0,,,
4/2/2023,4:00 AM,73,94,0,29.67,Clear,0,0,0,0,0,,,
4/2/2023,4:30 AM,73,94,0,29.67,Clear,0,0,0,0,0,,,
4/2/2023,5:00 AM,72,94,0,29.67,Clear,0,0,0,0,0,,,
4/2/2023,5:30 AM,72,94,0,29.67,Clear,0,0,0,0,0,,,
4/2/2023,6:00 AM,72,94,0,29.7,Clear,0,0,0,0,0,,,
4/2/2023,6:30 AM,72,94,0,29.7,Clear,0,0,0,0,0,,,
4/2/2023,7:00 AM,73,94,0,29.7,Clear,0,0,0,0,0,,,
4/2/2023,7:30 AM,75,94,0,29.73,Clear,0,0,0,0,0,,,
4/2/2023,8:00 AM,77,94,0,29.73,Clear,0,0,0,0,0,,,
4/2/2023,8:30 AM,81,89,0,29.76,Clear,0,0,0,0,0,,,
4/2/2023,9:00 AM,86,79,0,29.76,Clear,0,0,0,0,0,,,
4/2/2023,9:30 AM,88,79,3,29.76,Clear,0,0,0,0,0,,,
4/2/2023,10:00 AM,88,75,2,29.76,Clear,0,0,0,0,0,,,
4/2/2023,10:30 AM,91,63,5,29.73,Clear,0,0,0,0,0,,,
4/2/2023,11:00 AM,91,59,6,29.73,Clear,0,0,0,0,0,,,
4/2/2023,11:30 AM,93,49,5,29.73,Clear,0,0,0,0,0,,,
4/2/2023,12:00 PM,95,44,6,29.7,Clear,0,0,0,0,0,,,
4/2/2023,12:30 PM,95,47,6,29.67,Clear,0,0,0,0,0,,,
4/2/2023,1:00 PM,97,44,5,29.67,Clear,0,0,0,0,0,,,
4/2/2023,1:30 PM,95,47,10,29.64,Clear,0,0,0,0,0,,,
4/2/2023,2:00 PM,97,44,8,29.64,Clear,0,0,0,0,0,,,
4/2/2023,2:30 PM,97,44,8,29.61,Clear,0,0,0,0,0,,,
4/2/2023,3:00 PM,95,49,13,29.58,Clear,0,0,0,0,0,,,
4/2/2023,3:30 PM,95,49,10,29.58,Clear,0,0,0,0,0,,,
4/2/2023,4:00 PM,91,55,9,29.58,Rain,0,0,0,0,0,,,
4/2/2023,4:30 PM,86,66,10,29.58,Rain,0,0,0,0,0,,,
4/2/2023,5:00 PM,84,66,10,29.58,Clear,0,0,0,0,0,,,
4/2/2023,5:30 PM,84,66,0,29.61,Clear,0,0,0,0,0,,,
4/2/2023,6:00 PM,84,70,3,29.61,Clear,0,0,0,0,0,,,
4/2/2023,6:30 PM,82,74,5,29.61,Clear,0,0,0,0,0,,,
4/2/2023,7:00 PM,82,74,2,29.64,Clear,0,0,0,0,0,,,
4/2/2023,7:30 PM,81,79,5,29.67,Clear,0,0,0,0,0,,,
4/2/2023,8:00 PM,81,79,0,29.67,Clear,0,0,0,0,0,,,
4/2/2023,8:30 PM,79,83,3,29.7,Clear,0,0,0,0,0,,,
4/2/2023,9:00 PM,79,89,1,29.7,Clear,0,0,0,0,0,,,
4/2/2023,9:30 PM,79,89,3,29.7,Clear,0,0,0,0,0,,,
4/2/2023,10:00 PM,79,89,3,29.73,Clear,0,0,0,0,0,,,
4/2/2023,10:30 PM,79,89,1,29.73,Clear,0,0,0,0,0,,,
4/2/2023,11:00 PM,77,89,0,29.73,Clear,0,0,0,0,0,,,
4/2/2023,11:30 PM,77,89,0,29.73,Clear,0,0,0,0,0,,,
4/3/2023,12:00 AM,77,89,0,29.7,Clear,0,0,0,0,0,,,
4/3/2023,12:30 AM,77,89,0,29.7,Clear,0,0,0,0,0,,,
4/3/2023,1:00 AM,77,89,0,29.7,Clear,0,0,0,0,0,,,
4/3/2023,1:30 AM,77,89,0,29.7,Clear,0,0,0,0,0,,,
4/3/2023,2:00 AM,77,89,0,29.67,Clear,0,0,0,0,0,,,
4/3/2023,2:30 AM,77,89,0,29.64,Clear,0,0,0,0,0,,,
4/3/2023,3:00 AM,75,94,0,29.64,Clear,0,0,0,0,0,,,
4/3/2023,3:30 AM,75,94,3,29.64,Clear,0,0,0,0,0,,,
4/3/2023,4:00 AM,75,94,2,29.64,Clear,0,0,0,0,0,,,
4/3/2023,4:30 AM,75,94,2,29.64,Clear,0,0,0,0,0,,,
4/3/2023,5:00 AM,73,100,0,29.64,Clear,0,0,0,0,0,,,
4/3/2023,5:30 AM,75,94,0,29.67,Clear,0,0,0,0,0,,,
4/3/2023,6:00 AM,73,100,0,29.67,Clear,0,0,0,0,0,,,
4/3/2023,6:30 AM,73,100,0,29.7,Clear,0,0,0,0,0,,,
4/3/2023,7:00 AM,75,94,0,29.7,Clear,0,0,0,0,0,,,
4/3/2023,7:30 AM,77,94,0,29.73,Clear,0,0,0,0,0,,,
4/3/2023,8:00 AM,79,94,1,29.73,Clear,0,0,0,0,0,,,
4/3/2023,8:30 AM,81,89,3,29.76,Clear,0,0,0,0,0,,,
4/3/2023,9:00 AM,84,84,2,29.76,Clear,0,0,0,0,0,,,
4/3/2023,9:30 AM,86,79,6,29.76,Clear,0,0,0,0,0,,,
4/3/2023,10:00 AM,88,75,7,29.76,Clear,2,1,0,0,2,,,
4/3/2023,10:30 AM,88,75,8,29.76,Clear,0,0,0,0,0,,,
4/3/2023,11:00 AM,90,70,7,29.76,Clear,0,0,0,0,0,,,
4/3/2023,11:30 AM,90,66,7,29.73,Clear,0,0,0,0,0,,,
4/3/2023,12:00 PM,90,66,9,29.73,Clear,0,0,0,0,0,,,
4/3/2023,12:30 PM,90,66,14,29.73,Rain,0,0,0,0,0,,,
4/3/2023,1:00 PM,88,66,8,29.7,Rain,0,0,0,0,0,,,
4/3/2023,1:30 PM,91,63,8,29.7,Clear,0,0,0,0,0,,,
4/3/2023,2:00 PM,91,59,7,29.67,Clear,0,0,0,0,0,,,
4/3/2023,2:30 PM,91,59,5,29.64,Clear,0,0,0,0,0,,,
4/3/2023,3:00 PM,93,56,5,29.64,Clear,0,0,0,0,0,,,
4/3/2023,3:30 PM,93,56,6,29.61,Clear,0,0,0,0,0,,,
4/3/2023,4:00 PM,91,59,6,29.61,Clear,0,0,0,0,0,,,
4/3/2023,4:30 PM,91,59,5,29.61,Clear,0,0,0,0,0,,,
4/3/2023,5:00 PM,90,62,6,29.61,Clear,0,0,0,0,0,,,
4/3/2023,5:30 PM,90,62,6,29.61,Rain,0,0,0,0,0,,,
4/3/2023,6:00 PM,84,66,10,29.64,Rain,0,0,0,0,0,,,
4/3/2023,6:30 PM,81,74,8,29.67,Rain,0,0,0,0,0,,,
4/3/2023,7:00 PM,81,70,5,29.67,Clear,0,0,0,0,0,,,
4/3/2023,7:30 PM,79,78,2,29.67,Clear,0,0,0,0,0,,,
4/3/2023,8:00 PM,79,78,0,29.7,Clear,0,0,0,0,0,,,
4/3/2023,8:30 PM,77,83,5,29.7,Clear,0,0,0,0,0,,,
4/3/2023,9:00 PM,77,83,3,29.7,Clear,0,0,0,0,0,,,
4/3/2023,9:30 PM,75,89,0,29.73,Clear,0,0,0,0,0,,,
4/3/2023,10:00 PM,75,89,0,29.73,Clear,0,0,0,0,0,,,
4/3/2023,10:30 PM,75,89,0,29.73,Clear,0,0,0,0,0,,,
4/3/2023,11:00 PM,75,89,0,29.73,Clear,0,0,0,0,0,,,
4/3/2023,11:30 PM,75,94,0,29.73,Clear,0,0,0,0,0,,,
4/4/2023,12:00 AM,75,94,2,29.7,Clear,0,0,0,0,0,,,
4/4/2023,12:30 AM,75,94,1,29.7,Clear,0,0,0,0,0,,,
4/4/2023,1:00 AM,75,94,0,29.7,Clear,0,0,0,0,0,,,
4/4/2023,1:30 AM,75,94,0,29.7,Clear,0,0,0,0,0,,,
4/4/2023,2:00 AM,75,89,0,29.67,Clear,0,0,0,0,0,,,
4/4/2023,2:30 AM,75,89,0,29.67,Clear,0,0,0,0,0,,,
4/4/2023,3:00 AM,75,94,0,29.64,Clear,0,0,0,0,0,,,
4/4/2023,3:30 AM,75,94,0,29.64,Clear,0,0,0,0,0,,,
4/4/2023,4:00 AM,75,94,0,29.64,Clear,0,0,0,0,0,,,
4/4/2023,4:30 AM,75,94,0,29.64,Clear,0,0,0,0,0,,,
4/4/2023,5:00 AM,75,94,0,29.64,Clear,0,0,0,0,0,,,
4/4/2023,5:30 AM,73,100,0,29.67,Clear,0,0,0,0,0,,,
4/4/2023,6:00 AM,73,94,0,29.67,Clear,0,0,0,0,0,,,
4/4/2023,6:30 AM,73,94,0,29.67,Clear,0,0,0,0,0,,,
4/4/2023,7:00 AM,75,94,0,29.7,Clear,0,0,0,0,0,,,
4/4/2023,7:30 AM,79,94,0,29.7,Clear,0,0,0,0,0,,,
4/4/2023,8:00 AM,82,89,2,29.7,Clear,0,0,0,0,0,,,
4/4/2023,8:30 AM,84,84,3,29.7,Clear,0,0,0,0,0,,,
4/4/2023,9:00 AM,86,79,6,29.73,Clear,0,0,0,0,0,,,
4/4/2023,9:30 AM,90,70,5,29.73,Clear,0,0,0,0,0,,,
4/4/2023,10:00 AM,91,66,8,29.73,Clear,0,0,0,0,0,,,
4/4/2023,10:30 AM,93,59,6,29.73,Clear,0,0,0,0,0,,,
4/4/2023,11:00 AM,95,49,7,29.7,Clear,0,0,0,0,0,,,
4/4/2023,11:30 AM,95,47,7,29.7,Clear,0,0,0,0,0,,,
4/4/2023,12:00 PM,97,44,9,29.7,Clear,0,0,0,0,0,,,
4/4/2023,12:30 PM,97,44,6,29.67,Clear,0,0,0,0,0,,,
4/4/2023,1:00 PM,99,42,7,29.67,Clear,0,0,0,0,0,,,
4/4/2023,1:30 PM,95,44,10,29.64,Clear,0,0,0,0,0,,,
4/4/2023,2:00 PM,100,39,8,29.61,Clear,0,0,0,0,0,,,
4/4/2023,2:30 PM,97,47,7,29.61,Clear,0,0,0,0,0,,,
4/4/2023,3:00 PM,97,47,3,29.58,Clear,0,0,0,0,0,,,
4/4/2023,3:30 PM,99,44,6,29.58,Clear,0,0,0,0,0,,,
4/4/2023,4:00 PM,88,66,15,29.58,Rain,0,0,0,0,0,,,
4/4/2023,4:30 PM,84,70,14,29.55,Rain,0,0,0,0,0,,,
4/4/2023,5:00 PM,77,83,16,29.58,Clear,0,0,0,0,0,,,
4/4/2023,5:30 PM,75,89,5,29.61,Rain,0,0,0,0,0,,,
4/4/2023,6:00 PM,75,89,7,29.61,Clear,0,0,0,0,0,,,
4/4/2023,6:30 PM,75,94,3,29.64,Clear,0,0,0,0,0,,,
4/4/2023,7:00 PM,75,94,3,29.64,Clear,0,0,0,0,0,,,
4/4/2023,7:30 PM,75,94,6,29.67,Clear,0,0,0,0,0,,,
4/4/2023,8:00 PM,77,94,2,29.67,Clear,0,0,0,0,0,,,
4/4/2023,8:30 PM,75,94,1,29.67,Clear,0,0,0,0,0,,,
4/4/2023,9:00 PM,75,94,0,29.7,Clear,0,0,0,0,0,,,
4/4/2023,9:30 PM,75,94,2,29.7,Clear,0,0,0,0,0,,,
4/4/2023,10:00 PM,75,94,0,29.7,Clear,0,0,0,0,0,,,
4/4/2023,10:30 PM,75,94,0,29.73,Clear,0,0,0,0,0,,,
4/4/2023,11:00 PM,75,100,0,29.73,Clear,0,0,0,0,0,,,
4/4/2023,11:30 PM,75,100,0,29.7,Clear,0,0,0,0,0,,,
4/5/2023,12:00 AM,75,94,3,29.7,Clear,0,0,0,0,0,,,
4/5/2023,12:30 AM,75,94,2,29.7,Clear,0,0,0,0,0,,,
4/5/2023,1:00 AM,75,94,0,29.7,Clear,0,0,0,0,0,,,
4/5/2023,1:30 AM,75,94,0,29.67,Clear,0,0,0,0,0,,,
4/5/2023,2:00 AM,75,94,0,29.67,Clear,0,0,0,0,0,,,
4/5/2023,2:30 AM,75,94,0,29.67,Clear,0,0,0,0,0,,,
4/5/2023,3:00 AM,75,94,0,29.64,Clear,0,0,0,0,0,,,
4/5/2023,3:30 AM,73,100,0,29.64,Clear,0,0,0,0,0,,,
4/5/2023,4:00 AM,75,94,0,29.64,Clear,0,0,0,0,0,,,
4/5/2023,4:30 AM,73,100,0,29.64,Clear,0,0,0,0,0,,,
4/5/2023,5:00 AM,73,100,0,29.64,Clear,0,0,0,0,0,,,
4/5/2023,5:30 AM,73,100,0,29.67,Clear,0,0,0,0,0,,,
4/5/2023,6:00 AM,73,100,0,29.67,Clear,0,0,0,0,0,,,
4/5/2023,6:30 AM,73,100,0,29.67,Clear,0,0,0,0,0,,,
4/5/2023,7:00 AM,75,100,0,29.7,Clear,0,0,0,0,0,,,
4/5/2023,7:30 AM,77,100,2,29.7,Clear,0,0,0,0,0,,,
4/5/2023,8:00 AM,79,100,2,29.73,Clear,0,0,0,0,0,,,
4/5/2023,8:30 AM,82,89,2,29.73,Clear,0,0,0,0,0,,,
4/5/2023,9:00 AM,84,89,6,29.73,Clear,0,0,0,0,0,,,
4/5/2023,9:30 AM,86,84,7,29.76,Clear,0,0,0,0,0,,,
4/5/2023,10:00 AM,88,79,8,29.76,Clear,0,0,0,0,0,,,
4/5/2023,10:30 AM,90,75,9,29.73,Clear,0,0,0,0,0,,,
4/5/2023,11:00 AM,91,71,8,29.73,Clear,0,0,0,0,0,,,
4/5/2023,11:30 AM,91,66,8,29.73,Clear,0,0,0,0,0,,,
4/5/2023,12:00 PM,95,59,7,29.73,Clear,0,0,0,0,0,,,
4/5/2023,12:30 PM,93,59,5,29.7,Clear,0,0,0,0,0,,,
4/5/2023,1:00 PM,91,59,5,29.7,Clear,0,0,0,0,0,,,
4/5/2023,1:30 PM,93,59,6,29.64,Clear,0,0,0,0,0,,,
4/5/2023,2:00 PM,95,53,14,29.64,Clear,0,0,0,0,0,,,
4/5/2023,2:30 PM,77,83,18,29.61,Rain,0,0,0,0,0,,,
4/5/2023,3:00 PM,79,83,9,29.61,Rain,0,0,0,0,0,,,
4/5/2023,3:30 PM,79,83,6,29.64,Rain,0,0,0,0,0,,,
4/5/2023,4:00 PM,79,83,2,29.64,Clear,0,0,0,0,0,,,
4/5/2023,4:30 PM,79,89,5,29.64,Rain,0,0,0,0,0,,,
4/5/2023,5:00 PM,77,94,1,29.61,Clear,0,0,0,0,0,,,
4/5/2023,5:30 PM,77,94,3,29.64,Clear,0,0,0,0,0,,,
4/5/2023,6:00 PM,77,94,2,29.67,Clear,0,0,0,0,0,,,
4/5/2023,6:30 PM,77,94,0,29.67,Clear,0,0,0,0,0,,,
4/5/2023,7:00 PM,75,94,2,29.7,Clear,0,0,0,0,0,,,
4/5/2023,7:30 PM,75,94,0,29.7,Clear,0,0,0,0,0,,,
4/5/2023,8:00 PM,75,94,0,29.73,Clear,0,0,0,0,0,,,
4/5/2023,8:30 PM,75,94,2,29.73,Clear,0,0,0,0,0,,,
4/5/2023,9:00 PM,75,94,3,29.73,Clear,0,0,0,0,0,,,
4/5/2023,9:30 PM,75,94,2,29.73,Clear,0,0,0,0,0,,,
4/5/2023,10:00 PM,75,94,7,29.73,Clear,0,0,0,0,0,,,
4/5/2023,10:30 PM,75,94,6,29.73,Clear,0,0,0,0,0,,,
4/5/2023,11:00 PM,75,94,5,29.76,Clear,0,0,0,0,0,,,
4/5/2023,11:30 PM,75,94,5,29.73,Clear,0,0,0,0,0,,,
4/6/2023,12:00 AM,75,94,5,29.73,Clear,0,0,0,0,0,,,
4/6/2023,12:30 AM,75,94,2,29.73,Clear,0,0,0,0,0,,,
4/6/2023,1:00 AM,75,94,2,29.7,Clear,0,0,0,0,0,,,
4/6/2023,1:30 AM,75,94,1,29.7,Clear,0,0,0,0,0,,,
4/6/2023,2:00 AM,73,100,2,29.67,Clear,0,0,0,0,0,,,
4/6/2023,2:30 AM,73,100,2,29.67,Clear,0,0,0,0,0,,,
4/6/2023,3:00 AM,73,100,3,29.67,Clear,0,0,0,0,0,,,
4/6/2023,3:30 AM,73,100,2,29.67,Clear,0,0,0,0,0,,,
4/6/2023,4:00 AM,73,94,0,29.64,Clear,0,0,0,0,0,,,
4/6/2023,4:30 AM,73,94,0,29.67,Clear,0,0,0,0,0,,,
4/6/2023,5:00 AM,72,100,1,29.64,Clear,0,0,0,0,0,,,
4/6/2023,5:30 AM,72,100,0,29.67,Clear,0,0,0,0,0,,,
4/6/2023,6:00 AM,72,100,2,29.67,Clear,0,0,0,0,0,,,
4/6/2023,6:30 AM,72,100,0,29.7,Clear,0,0,0,0,0,,,
4/6/2023,7:00 AM,73,94,2,29.7,Clear,0,0,0,0,0,,,
4/6/2023,7:30 AM,75,100,1,29.73,Clear,0,0,0,0,0,,,
4/6/2023,8:00 AM,77,100,2,29.73,Clear,0,0,0,0,0,,,
4/6/2023,8:30 AM,81,89,3,29.76,Clear,0,0,0,0,0,,,
4/6/2023,9:00 AM,82,84,8,29.76,Clear,0,0,0,0,0,,,
4/6/2023,9:30 AM,84,84,8,29.76,Clear,0,0,0,0,0,,,
4/6/2023,10:00 AM,86,84,6,29.76,Clear,0,0,0,0,0,,,
4/6/2023,10:30 AM,90,79,3,29.76,Clear,0,0,0,0,0,,,
4/6/2023,11:00 AM,90,75,6,29.73,Clear,0,0,0,0,0,,,
4/6/2023,11:30 AM,91,66,3,29.73,Clear,0,0,0,0,0,,,
4/6/2023,12:00 PM,93,59,5,29.73,Clear,0,0,0,0,0,,,
4/6/2023,12:30 PM,95,56,5,29.7,Clear,0,0,0,0,0,,,
4/6/2023,1:00 PM,95,53,3,29.67,Clear,0,0,0,0,0,,,
4/6/2023,1:30 PM,97,50,2,29.67,Clear,0,0,0,0,0,,,
4/6/2023,2:00 PM,97,50,6,29.64,Clear,0,0,0,0,0,,,
4/6/2023,2:30 PM,95,47,2,29.64,Rain,0,0,0,0,0,,,
4/6/2023,3:00 PM,91,59,10,29.61,Rain,0,0,0,0,0,,,
4/6/2023,3:30 PM,91,63,8,29.61,Rain,0,0,0,0,0,,,
4/6/2023,4:00 PM,84,66,7,29.61,Rain,0,0,0,0,0,,,
4/6/2023,4:30 PM,84,74,8,29.61,Clear,0,0,0,0,0,,,
4/6/2023,5:00 PM,82,79,10,29.64,Clear,0,0,0,0,0,,,
4/6/2023,5:30 PM,79,78,12,29.64,Clear,0,0,0,0,0,,,
4/6/2023,6:00 PM,79,83,6,29.64,Clear,0,0,0,0,0,,,
4/6/2023,6:30 PM,79,83,2,29.64,Clear,0,0,0,0,0,,,
4/6/2023,7:00 PM,77,89,2,29.67,Clear,0,0,0,0,0,,,
4/6/2023,7:30 PM,77,89,3,29.67,Clear,0,0,0,0,0,,,
4/6/2023,8:00 PM,77,89,0,29.7,Clear,0,0,0,0,0,,,
4/6/2023,8:30 PM,77,89,0,29.7,Clear,0,0,0,0,0,,,
4/6/2023,9:00 PM,75,94,2,29.7,Clear,0,0,0,0,0,,,
4/6/2023,9:30 PM,75,94,2,29.73,Clear,0,0,0,0,0,,,
4/6/2023,10:00 PM,75,89,0,29.73,Clear,0,0,0,0,0,,,
4/6/2023,10:30 PM,75,89,0,29.73,Clear,0,0,0,0,0,,,
4/6/2023,11:00 PM,73,94,0,29.76,Clear,0,0,0,0,0,,,
4/6/2023,11:30 PM,73,94,0,29.76,Clear,0,0,0,0,0,,,
4/7/2023,12:00 AM,73,94,0,29.73,Clear,0,0,0,0,0,,,
4/7/2023,12:30 AM,73,94,0,29.73,Clear,0,0,0,0,0,,,
4/7/2023,1:00 AM,73,94,0,29.73,Clear,0,0,0,0,0,,,
4/7/2023,1:30 AM,73,94,0,29.73,Clear,0,0,0,0,0,,,
4/7/2023,2:00 AM,73,94,0,29.7,Clear,0,0,0,0,0,,,
4/7/2023,2:30 AM,73,94,0,29.7,Clear,0,0,0,0,0,,,
4/7/2023,3:00 AM,73,94,0,29.7,Clear,0,0,0,0,0,,,
4/7/2023,3:30 AM,73,94,0,29.7,Clear,0,0,0,0,0,,,
4/7/2023,4:00 AM,72,100,0,29.7,Clear,0,0,0,0,0,,,
4/7/2023,4:30 AM,72,100,0,29.7,Clear,0,0,0,0,0,,,
4/7/2023,5:00 AM,72,100,0,29.7,Clear,0,0,0,0,0,,,
4/7/2023,5:30 AM,72,100,0,29.7,Clear,0,0,0,0,0,,,
4/7/2023,6:00 AM,72,100,0,29.7,Clear,0,0,0,0,0,,,
4/7/2023,6:30 AM,73,94,0,29.73,Clear,0,0,0,0,0,,,
4/7/2023,7:00 AM,73,100,0,29.73,Clear,0,0,0,0,0,,,
4/7/2023,7:30 AM,75,100,0,29.73,Clear,0,0,0,0,0,,,
4/7/2023,8:00 AM,79,94,0,29.76,Clear,0,0,0,0,0,,,
4/7/2023,8:30 AM,82,89,0,29.76,Clear,0,0,0,0,0,,,
4/7/2023,9:00 AM,86,84,0,29.79,Clear,0,0,0,0,0,,,
4/7/2023,9:30 AM,88,79,0,29.79,Clear,0,0,0,0,0,,,
4/7/2023,10:00 AM,90,70,2,29.79,Clear,0,0,0,0,0,,,
4/7/2023,10:30 AM,91,66,3,29.79,Clear,0,0,0,0,0,,,
4/7/2023,11:00 AM,93,59,6,29.76,Clear,0,0,0,0,0,,,
4/7/2023,11:30 AM,93,56,2,29.76,Clear,0,0,0,0,0,,,
4/7/2023,12:00 PM,95,49,5,29.76,Clear,0,0,0,0,0,,,
4/7/2023,12:30 PM,97,47,3,29.73,Clear,0,0,0,0,0,,,
4/7/2023,1:00 PM,97,47,5,29.7,Clear,0,0,0,0,0,,,
4/7/2023,1:30 PM,95,49,6,29.7,Clear,0,0,0,0,0,,,
4/7/2023,2:00 PM,93,49,8,29.67,Clear,0,0,0,0,0,,,
4/7/2023,2:30 PM,97,47,7,29.67,Clear,0,0,0,0,0,,,
4/7/2023,3:00 PM,95,49,12,29.67,Clear,0,0,0,0,0,,,
4/7/2023,3:30 PM,95,47,13,29.64,Clear,0,0,0,0,0,,,
4/7/2023,4:00 PM,93,49,10,29.64,Clear,0,0,0,0,0,,,
4/7/2023,4:30 PM,93,46,10,29.64,Clear,0,0,0,0,0,,,
4/7/2023,5:00 PM,91,52,9,29.67,Clear,0,0,0,0,0,,,
4/7/2023,5:30 PM,90,55,8,29.67,Clear,0,0,0,0,0,,,
4/7/2023,6:00 PM,88,58,5,29.67,Clear,0,0,0,0,0,,,
4/7/2023,6:30 PM,86,62,2,29.67,Clear,0,0,0,0,0,,,
4/7/2023,7:00 PM,84,70,0,29.7,Clear,0,0,0,0,0,,,
4/7/2023,7:30 PM,81,79,0,29.7,Clear,0,0,0,0,0,,,
4/7/2023,8:00 PM,81,79,3,29.73,Clear,0,0,0,0,0,,,
4/7/2023,8:30 PM,79,83,0,29.76,Clear,0,0,0,0,0,,,
4/7/2023,9:00 PM,79,83,2,29.76,Clear,0,0,0,0,0,,,
4/7/2023,9:30 PM,79,83,0,29.79,Clear,0,0,0,0,0,,,
4/7/2023,10:00 PM,77,89,0,29.79,Clear,0,0,0,0,0,,,
4/7/2023,10:30 PM,77,89,0,29.79,Clear,0,0,0,0,0,,,
4/7/2023,11:00 PM,77,89,0,29.79,Clear,0,0,0,0,0,,,
4/7/2023,11:30 PM,75,94,0,29.79,Clear,0,0,0,0,0,,,
4/8/2023,12:00 AM,75,94,0,29.79,Clear,0,0,0,0,0,,,
4/8/2023,12:30 AM,77,94,2,29.79,Clear,0,0,0,0,0,,,
4/8/2023,1:00 AM,75,94,2,29.76,Clear,0,0,0,0,0,,,
4/8/2023,1:30 AM,75,94,0,29.76,Clear,0,0,0,0,0,,,
4/8/2023,2:00 AM,75,94,0,29.76,Clear,0,0,0,0,0,,,
4/8/2023,2:30 AM,75,94,0,29.73,Clear,0,0,0,0,0,,,
4/8/2023,3:00 AM,75,94,0,29.73,Clear,0,0,0,0,0,,,
4/8/2023,3:30 AM,73,100,0,29.73,Clear,0,0,0,0,0,,,
4/8/2023,4:00 AM,73,100,0,29.73,Clear,0,0,0,0,0,,,
4/8/2023,4:30 AM,73,100,0,29.73,Clear,0,0,0,0,0,,,
4/8/2023,5:00 AM,73,100,0,29.76,Clear,0,0,0,0,0,,,
4/8/2023,5:30 AM,73,94,2,29.76,Clear,0,0,0,0,0,,,
4/8/2023,6:00 AM,73,100,0,29.76,Clear,0,0,0,0,0,,,
4/8/2023,6:30 AM,73,100,0,29.79,Clear,0,0,0,0,0,,,
4/8/2023,7:00 AM,75,94,0,29.79,Clear,0,0,0,0,0,,,
4/8/2023,7:30 AM,77,100,0,29.81,Clear,0,0,0,0,0,,,
4/8/2023,8:00 AM,82,89,0,29.81,Clear,0,0,0,0,0,,,
4/8/2023,8:30 AM,86,84,0,29.81,Clear,0,0,0,0,0,,,
4/8/2023,9:00 AM,86,84,1,29.81,Clear,0,0,0,0,0,,,
4/8/2023,9:30 AM,90,70,5,29.81,Clear,0,0,0,0,0,,,
4/8/2023,10:00 AM,90,70,6,29.81,Clear,0,0,0,0,0,,,
4/8/2023,10:30 AM,90,66,7,29.81,Clear,0,0,0,0,0,,,
4/8/2023,11:00 AM,91,63,5,29.81,Clear,0,0,0,0,0,,,
4/8/2023,11:30 AM,91,59,7,29.81,Clear,0,0,0,0,0,,,
4/8/2023,12:00 PM,93,56,9,29.79,Clear,0,0,0,0,0,,,
4/8/2023,12:30 PM,93,52,12,29.79,Clear,0,0,0,0,0,,,
4/8/2023,1:00 PM,95,49,13,29.76,Clear,0,0,0,0,0,,,
4/8/2023,1:30 PM,93,52,13,29.76,Clear,0,0,0,0,0,,,
4/8/2023,2:00 PM,95,49,14,29.73,Clear,0,0,0,0,0,,,
4/8/2023,2:30 PM,93,52,13,29.73,Clear,0,0,0,0,0,,,
4/8/2023,3:00 PM,95,47,12,29.73,Clear,0,0,0,0,0,,,
4/8/2023,3:30 PM,93,52,13,29.7,Clear,0,0,0,0,0,,,
4/8/2023,4:00 PM,91,55,10,29.7,Clear,0,0,0,0,0,,,
4/8/2023,4:30 PM,91,55,13,29.7,Clear,0,0,0,0,0,,,
4/8/2023,5:00 PM,90,62,12,29.7,Clear,0,0,0,0,0,,,
4/8/2023,5:30 PM,90,62,10,29.7,Clear,0,0,0,0,0,,,
4/8/2023,6:00 PM,88,66,9,29.73,Clear,0,0,0,0,0,,,
4/8/2023,6:30 PM,86,70,7,29.73,Clear,0,0,0,0,0,,,
4/8/2023,7:00 PM,84,74,6,29.73,Clear,0,0,0,0,0,,,
4/8/2023,7:30 PM,84,74,5,29.76,Clear,0,0,0,0,0,,,
4/8/2023,8:00 PM,84,74,0,29.76,Clear,0,0,0,0,0,,,
4/8/2023,8:30 PM,84,74,3,29.76,Clear,0,0,0,0,0,,,
4/8/2023,9:00 PM,82,84,3,29.79,Clear,0,0,0,0,0,,,
4/8/2023,9:30 PM,82,84,2,29.79,Clear,0,0,0,0,0,,,
4/8/2023,10:00 PM,81,84,3,29.79,Clear,0,0,0,0,0,,,
4/8/2023,10:30 PM,81,84,3,29.79,Clear,0,0,0,0,0,,,
4/8/2023,11:00 PM,79,89,3,29.81,Clear,0,0,0,0,0,,,
4/8/2023,11:30 PM,79,89,5,29.81,Clear,0,0,0,0,0,,,
4/9/2023,12:00 AM,79,89,7,29.81,Clear,0,0,0,0,0,,,
4/9/2023,12:30 AM,79,89,6,29.81,Clear,0,0,0,0,0,,,
4/9/2023,1:00 AM,77,94,0,29.81,Clear,0,0,0,0,0,,,
4/9/2023,1:30 AM,77,94,0,29.81,Clear,0,0,0,0,0,,,
4/9/2023,2:00 AM,77,94,2,29.79,Clear,0,0,0,0,0,,,
4/9/2023,2:30 AM,77,94,3,29.79,Clear,0,0,0,0,0,,,
4/9/2023,3:00 AM,75,94,0,29.76,Clear,0,0,0,0,0,,,
4/9/2023,3:30 AM,75,94,0,29.76,Clear,0,0,0,0,0,,,
4/9/2023,4:00 AM,75,100,0,29.76,Clear,0,0,0,0,0,,,
4/9/2023,4:30 AM,75,100,0,29.76,Clear,0,0,0,0,0,,,
4/9/2023,5:00 AM,75,94,0,29.76,Clear,0,0,0,0,0,,,
4/9/2023,5:30 AM,75,94,0,29.79,Clear,0,0,0,0,0,,,
4/9/2023,6:00 AM,75,94,0,29.79,Clear,0,0,0,0,0,,,
4/9/2023,6:30 AM,75,94,0,29.79,Clear,0,0,0,0,0,,,
4/9/2023,7:00 AM,77,94,0,29.79,Clear,0,0,0,0,0,,,
4/9/2023,7:30 AM,79,94,2,29.79,Clear,0,0,0,0,0,,,
4/9/2023,8:00 AM,82,89,0,29.81,Clear,0,0,0,0,0,,,
4/9/2023,8:30 AM,84,89,0,29.81,Clear,0,0,0,0,0,,,
4/9/2023,9:00 AM,86,84,7,29.81,Clear,0,0,0,0,0,,,
4/9/2023,9:30 AM,88,75,6,29.81,Clear,0,0,0,0,0,,,
4/9/2023,10:00 AM,90,66,7,29.81,Clear,0,0,0,0,0,,,
4/9/2023,10:30 AM,91,63,10,29.81,Clear,0,0,0,0,0,,,
4/9/2023,11:00 AM,91,59,8,29.81,Clear,0,0,0,0,0,,,
4/9/2023,11:30 AM,93,52,8,29.81,Clear,0,0,0,0,0,,,
4/9/2023,12:00 PM,95,47,13,29.79,Clear,0,0,0,0,0,,,
4/9/2023,12:30 PM,95,44,16,29.79,Clear,0,0,0,0,0,,,
4/9/2023,1:00 PM,95,44,15,29.79,Clear,0,0,0,0,0,,,
4/9/2023,1:30 PM,95,47,12,29.76,Clear,0,0,0,0,0,,,
4/9/2023,2:00 PM,95,47,10,29.73,Clear,0,0,0,0,0,,,
4/9/2023,2:30 PM,95,47,13,29.73,Clear,0,0,0,0,0,,,
4/9/2023,3:00 PM,95,49,9,29.73,Clear,0,0,0,0,0,,,
4/9/2023,3:30 PM,95,49,9,29.7,Clear,0,0,0,0,0,,,
4/9/2023,4:00 PM,93,52,10,29.7,Clear,0,0,0,0,0,,,
4/9/2023,4:30 PM,93,52,10,29.7,Clear,0,0,0,0,0,,,
4/9/2023,5:00 PM,91,55,10,29.7,Clear,0,0,0,0,0,,,
4/9/2023,5:30 PM,90,59,12,29.7,Clear,0,0,0,0,0,,,
4/9/2023,6:00 PM,88,62,10,29.7,Clear,0,0,0,0,0,,,
4/9/2023,6:30 PM,86,66,8,29.7,Clear,0,0,0,0,0,,,
4/9/2023,7:00 PM,86,66,6,29.73,Clear,0,0,0,0,0,,,
4/9/2023,7:30 PM,84,74,6,29.73,Clear,0,0,0,0,0,,,
4/9/2023,8:00 PM,84,74,5,29.76,Clear,0,0,0,0,0,,,
4/9/2023,8:30 PM,82,79,3,29.76,Clear,0,0,0,0,0,,,
4/9/2023,9:00 PM,81,84,2,29.76,Clear,0,0,0,0,0,,,
4/9/2023,9:30 PM,81,84,2,29.79,Clear,0,0,0,0,0,,,
4/9/2023,10:00 PM,79,89,3,29.79,Clear,0,0,0,0,0,,,
4/9/2023,10:30 PM,79,89,5,29.81,Clear,0,0,0,0,0,,,
4/9/2023,11:00 PM,79,89,3,29.79,Clear,0,0,0,0,0,,,
4/9/2023,11:30 PM,77,89,0,29.79,Clear,0,0,0,0,0,,,
4/10/2023,12:00 AM,77,94,2,29.79,Clear,0,0,0,0,0,,,
4/10/2023,12:30 AM,79,89,3,29.79,Clear,0,0,0,0,0,,,
4/10/2023,1:00 AM,77,89,0,29.76,Clear,0,0,0,0,0,,,
4/10/2023,1:30 AM,77,89,2,29.76,Clear,0,0,0,0,0,,,
4/10/2023,2:00 AM,77,94,0,29.73,Clear,0,0,0,0,0,,,
4/10/2023,2:30 AM,77,94,0,29.73,Clear,0,0,0,0,0,,,
4/10/2023,3:00 AM,75,94,0,29.73,Clear,0,0,0,0,0,,,
4/10/2023,3:30 AM,75,94,0,29.73,Clear,0,0,0,0,0,,,
4/10/2023,4:00 AM,75,94,0,29.73,Clear,0,0,0,0,0,,,
4/10/2023,4:30 AM,73,100,2,29.73,Clear,0,0,0,0,0,,,
4/10/2023,5:00 AM,73,100,0,29.73,Clear,0,0,0,0,0,,,
4/10/2023,5:30 AM,73,100,0,29.73,Clear,0,0,0,0,0,,,
4/10/2023,6:00 AM,73,94,0,29.73,Clear,0,0,0,0,0,,,
4/10/2023,6:30 AM,73,94,0,29.76,Clear,0,0,0,0,0,,,
4/10/2023,7:00 AM,73,100,5,29.76,Clear,0,0,0,0,0,,,
4/10/2023,7:30 AM,75,100,3,29.79,Clear,0,0,0,0,0,,,
4/10/2023,8:00 AM,79,94,5,29.79,Clear,0,0,0,0,0,,,
4/10/2023,8:30 AM,82,89,2,29.79,Clear,0,0,0,0,0,,,
4/10/2023,9:00 AM,84,84,1,29.79,Clear,0,0,0,0,0,,,
4/10/2023,9:30 AM,86,79,2,29.81,Clear,0,0,0,0,0,,,
4/10/2023,10:00 AM,88,75,0,29.81,Clear,0,0,0,0,0,,,
4/10/2023,10:30 AM,90,70,5,29.79,Clear,0,0,0,0,0,,,
4/10/2023,11:00 AM,90,70,6,29.79,Clear,0,0,0,0,0,,,
4/10/2023,11:30 AM,91,63,5,29.79,Clear,0,0,0,0,0,,,
4/10/2023,12:00 PM,93,56,3,29.76,Clear,0,0,0,0,0,,,
4/10/2023,12:30 PM,93,56,5,29.76,Clear,0,0,0,0,0,,,
4/10/2023,1:00 PM,95,53,2,29.73,Clear,0,0,0,0,0,,,
4/10/2023,1:30 PM,95,53,6,29.73,Clear,0,0,0,0,0,,,
4/10/2023,2:00 PM,95,49,5,29.7,Clear,0,0,0,0,0,,,
4/10/2023,2:30 PM,95,49,8,29.67,Clear,0,0,0,0,0,,,
4/10/2023,3:00 PM,95,49,6,29.67,Clear,0,0,0,0,0,,,
4/10/2023,3:30 PM,95,49,8,29.64,Clear,0,0,0,0,0,,,
4/10/2023,4:00 PM,95,47,9,29.64,Clear,0,0,0,0,0,,,
4/10/2023,4:30 PM,93,52,8,29.64,Clear,0,0,0,0,0,,,
4/10/2023,5:00 PM,93,56,9,29.64,Clear,0,0,0,0,0,,,
4/10/2023,5:30 PM,91,59,12,29.64,Clear,0,0,0,0,0,,,
4/10/2023,6:00 PM,90,62,9,29.67,Clear,0,0,0,0,0,,,
4/10/2023,6:30 PM,88,66,7,29.67,Clear,0,0,0,0,0,,,
4/10/2023,7:00 PM,86,70,7,29.7,Clear,0,0,0,0,0,,,
4/10/2023,7:30 PM,86,70,6,29.7,Clear,0,0,0,0,0,,,
4/10/2023,8:00 PM,84,74,7,29.7,Clear,0,0,0,0,0,,,
4/10/2023,8:30 PM,82,79,0,29.73,Clear,0,0,0,0,0,,,
4/10/2023,9:00 PM,81,84,2,29.76,Clear,0,0,0,0,0,,,
4/10/2023,9:30 PM,81,84,0,29.76,Clear,0,0,0,0,0,,,
4/10/2023,10:00 PM,81,84,0,29.76,Clear,0,0,0,0,0,,,
4/10/2023,10:30 PM,81,89,0,29.76,Clear,0,0,0,0,0,,,
4/10/2023,11:00 PM,79,89,0,29.79,Clear,0,0,0,0,0,,,
4/10/2023,11:30 PM,79,89,0,29.76,Clear,0,0,0,0,0,,,
4/11/2023,12:00 AM,79,89,0,29.76,Clear,0,0,0,0,0,,,
4/11/2023,12:30 AM,79,89,0,29.76,Clear,0,0,0,0,0,,,
4/11/2023,1:00 AM,77,94,0,29.76,Clear,0,0,0,0,0,,,
4/11/2023,1:30 AM,77,94,0,29.73,Clear,0,0,0,0,0,,,
4/11/2023,2:00 AM,77,89,0,29.73,Clear,0,0,0,0,0,,,
4/11/2023,2:30 AM,77,89,0,29.73,Clear,0,0,0,0,0,,,
4/11/2023,3:00 AM,75,94,0,29.7,Clear,0,0,0,0,0,,,
4/11/2023,3:30 AM,75,94,0,29.7,Clear,0,0,0,0,0,,,
4/11/2023,4:00 AM,75,94,0,29.73,Clear,0,0,0,0,0,,,
4/11/2023,4:30 AM,75,94,0,29.73,Clear,0,0,0,0,0,,,
4/11/2023,5:00 AM,75,94,0,29.73,Clear,0,0,0,0,0,,,
4/11/2023,5:30 AM,75,94,0,29.73,Clear,0,0,0,0,0,,,
4/11/2023,6:00 AM,75,94,0,29.73,Clear,0,0,0,0,0,,,
4/11/2023,6:30 AM,75,94,0,29.73,Clear,0,0,0,0,0,,,
4/11/2023,7:00 AM,75,100,0,29.73,Clear,0,0,0,0,0,,,
4/11/2023,7:30 AM,77,94,0,29.73,Clear,0,0,0,0,0,,,
4/11/2023,8:00 AM,79,94,0,29.76,Clear,0,0,0,0,0,,,
4/11/2023,8:30 AM,82,94,0,29.76,Clear,0,0,0,0,0,,,
4/11/2023,9:00 AM,86,84,0,29.76,Clear,0,0,0,0,0,,,
4/11/2023,9:30 AM,88,79,0,29.76,Clear,0,0,0,0,0,,,
4/11/2023,10:00 AM,90,75,2,29.76,Clear,0,0,0,0,0,,,
4/11/2023,10:30 AM,91,71,3,29.76,Clear,0,0,0,0,0,,,
4/11/2023,11:00 AM,91,66,3,29.76,Clear,0,0,0,0,0,,,
4/11/2023,11:30 AM,93,63,7,29.73,Clear,0,0,0,0,0,,,
4/11/2023,12:00 PM,93,59,6,29.73,Clear,0,0,0,0,0,,,
4/11/2023,12:30 PM,95,53,7,29.7,Clear,0,0,0,0,0,,,
4/11/2023,1:00 PM,95,53,7,29.7,Clear,0,0,0,0,0,,,
4/11/2023,1:30 PM,97,50,3,29.67,Clear,0,0,0,0,0,,,
4/11/2023,2:00 PM,95,53,6,29.64,Clear,0,0,0,0,0,,,
4/11/2023,2:30 PM,95,53,9,29.64,Clear,0,0,0,0,0,,,
4/11/2023,3:00 PM,95,53,8,29.64,Clear,0,0,0,0,0,,,
4/11/2023,3:30 PM,95,53,10,29.61,Clear,0,0,0,0,0,,,
4/11/2023,4:00 PM,95,53,9,29.61,Clear,0,0,0,0,0,,,
4/11/2023,4:30 PM,95,56,7,29.61,Clear,0,0,0,0,0,,,
4/11/2023,5:00 PM,93,56,7,29.61,Clear,0,0,0,0,0,,,
4/11/2023,5:30 PM,91,59,9,29.64,Clear,0,0,0,0,0,,,
4/11/2023,6:00 PM,91,55,10,29.64,Clear,0,0,0,0,0,,,
4/11/2023,6:30 PM,90,59,7,29.64,Clear,0,0,0,0,0,,,
4/11/2023,7:00 PM,88,62,5,29.67,Clear,0,0,0,0,0,,,
4/11/2023,7:30 PM,86,66,6,29.67,Clear,0,0,0,0,0,,,
4/11/2023,8:00 PM,82,74,3,29.7,Clear,0,0,0,0,0,,,
4/11/2023,8:30 PM,81,79,0,29.7,Clear,0,0,0,0,0,,,
4/11/2023,9:00 PM,81,79,0,29.73,Clear,0,0,0,0,0,,,
4/11/2023,9:30 PM,79,83,1,29.73,Clear,0,0,0,0,0,,,
4/11/2023,10:00 PM,79,83,0,29.73,Clear,0,0,0,0,0,,,
4/11/2023,10:30 PM,79,83,0,29.76,Clear,0,0,0,0,0,,,
4/11/2023,11:00 PM,77,89,0,29.76,Clear,0,0,0,0,0,,,
4/11/2023,11:30 PM,77,89,0,29.73,Clear,0,0,0,0,0,,,
4/12/2023,12:00 AM,77,89,0,29.73,Clear,0,0,0,0,0,,,
4/12/2023,12:30 AM,77,89,0,29.73,Clear,0,0,0,0,0,,,
4/12/2023,1:00 AM,75,94,0,29.7,Clear,0,0,0,0,0,,,
4/12/2023,1:30 AM,75,94,0,29.7,Clear,0,0,0,0,0,,,
4/12/2023,2:00 AM,75,94,0,29.7,Clear,0,0,0,0,0,,,
4/12/2023,2:30 AM,75,94,0,29.7,Clear,0,0,0,0,0,,,
4/12/2023,3:00 AM,75,94,0,29.67,Clear,0,0,0,0,0,,,
4/12/2023,3:30 AM,75,94,0,29.67,Clear,0,0,0,0,0,,,
4/12/2023,4:00 AM,75,94,0,29.7,Clear,0,0,0,0,0,,,
4/12/2023,4:30 AM,73,100,0,29.7,Clear,0,0,0,0,0,,,
4/12/2023,5:00 AM,73,100,0,29.7,Clear,0,0,0,0,0,,,
4/12/2023,5:30 AM,73,94,0,29.7,Clear,0,0,0,0,0,,,
4/12/2023,6:00 AM,73,94,0,29.7,Clear,0,0,0,0,0,,,
4/12/2023,6:30 AM,73,100,0,29.7,Clear,0,0,0,0,0,,,
4/12/2023,7:00 AM,73,100,0,29.73,Clear,0,0,0,0,0,,,
4/12/2023,7:30 AM,75,94,0,29.73,Clear,0,0,0,0,0,,,
4/12/2023,8:00 AM,79,94,0,29.76,Clear,0,0,0,0,0,,,
4/12/2023,8:30 AM,82,84,2,29.76,Clear,0,0,0,0,0,,,
4/12/2023,9:00 AM,86,84,0,29.76,Clear,0,0,0,0,0,,,
4/12/2023,9:30 AM,90,75,0,29.76,Clear,0,0,0,0,0,,,
4/12/2023,10:00 AM,91,71,0,29.76,Clear,0,0,0,0,0,,,
4/12/2023,10:30 AM,91,66,2,29.76,Clear,0,0,0,0,0,,,
4/12/2023,11:00 AM,95,56,5,29.73,Clear,0,0,0,0,0,,,
4/12/2023,11:30 AM,95,53,2,29.73,Clear,0,0,0,0,0,,,
4/12/2023,12:00 PM,97,50,5,29.7,Clear,0,0,0,0,0,,,
4/12/2023,12:30 PM,99,47,6,29.7,Clear,0,0,0,0,0,,,
4/12/2023,1:00 PM,99,42,6,29.67,Clear,0,0,0,0,0,,,
4/12/2023,1:30 PM,100,39,5,29.64,Clear,0,0,0,0,0,,,
4/12/2023,2:00 PM,99,44,5,29.64,Clear,0,0,0,0,0,,,
4/12/2023,2:30 PM,99,44,3,29.64,Clear,0,0,0,0,0,,,
4/12/2023,3:00 PM,99,44,5,29.61,Clear,0,0,0,0,0,,,
4/12/2023,3:30 PM,99,47,6,29.61,Clear,1,1,0,1,0,,,
4/12/2023,4:00 PM,95,53,8,29.61,Clear,0,0,0,0,0,,,
4/12/2023,4:30 PM,93,59,7,29.61,Clear,0,0,0,0,0,,,
4/12/2023,5:00 PM,93,59,12,29.61,Clear,0,0,0,0,0,,,
4/12/2023,5:30 PM,88,66,16,29.61,Rain,0,0,0,0,0,,,
4/12/2023,6:00 PM,82,84,0,29.61,Clear,0,0,0,0,0,,,
4/12/2023,6:30 PM,81,84,0,29.64,Clear,0,0,0,0,0,,,
4/12/2023,7:00 PM,81,89,0,29.64,Clear,2,1,1,1,0,,,
4/12/2023,7:30 PM,79,94,0,29.67,Clear,0,0,0,0,0,,,
4/12/2023,8:00 PM,79,94,0,29.67,Clear,0,0,0,0,0,,,
4/12/2023,8:30 PM,79,94,0,29.7,Clear,0,0,0,0,0,,,
4/12/2023,9:00 PM,79,94,0,29.7,Clear,0,0,0,0,0,,,
4/12/2023,9:30 PM,79,94,0,29.7,Clear,0,0,0,0,0,,,
4/12/2023,10:00 PM,79,94,0,29.73,Clear,0,0,0,0,0,,,
4/12/2023,10:30 PM,79,94,2,29.73,Clear,0,0,0,0,0,,,
4/12/2023,11:00 PM,79,94,0,29.73,Clear,0,0,0,0,0,,,
4/12/2023,11:30 PM,77,94,0,29.73,Clear,0,0,0,0,0,,,
04/13/2023,12:00 AM,77,94,0,29.7,Clear,0,0,0,0,0,,,
04/13/2023,12:30 AM,77,94,0,29.7,Clear,0,0,0,0,0,,,
04/13/2023,1:00 AM,77,94,0,29.7,Clear,0,0,0,0,0,,,
04/13/2023,1:30 AM,77,94,0,29.7,Clear,0,0,0,0,0,,,
04/13/2023,2:00 AM,77,94,0,29.7,Clear,1,1,0,1,0,,,
04/13/2023,2:30 AM,77,100,0,29.67,Clear,0,0,0,0,0,,,
04/13/2023,3:00 AM,77,94,0,29.67,Clear,0,0,0,0,0,,,
04/13/2023,3:30 AM,77,100,2,29.67,Clear,0,0,0,0,0,,,
04/13/2023,4:00 AM,77,100,2,29.67,Clear,0,0,0,0,0,,,
04/13/2023,4:30 AM,77,100,0,29.67,Clear,0,0,0,0,0,,,
04/13/2023,5:00 AM,77,94,0,29.7,Clear,0,0,0,0,0,,,
04/13/2023,5:30 AM,77,94,0,29.7,Clear,0,0,0,0,0,,,
04/13/2023,6:00 AM,75,100,0,29.7,Clear,0,0,0,0,0,,,
04/13/2023,6:30 AM,75,100,0,29.7,Clear,0,0,0,0,0,,,
04/13/2023,7:00 AM,75,100,0,29.73,Clear,0,0,0,0,0,,,
04/13/2023,7:30 AM,79,94,0,29.73,Clear,0,0,0,0,0,,,
04/13/2023,8:00 AM,81,94,0,29.73,Clear,0,0,0,0,0,,,
04/13/2023,8:30 AM,84,89,0,29.76,Clear,0,0,0,0,0,,,
04/13/2023,9:00 AM,88,84,1,29.76,Clear,0,0,0,0,0,,,
04/13/2023,9:30 AM,90,79,1,29.76,Clear,0,0,0,0,0,,,
04/13/2023,10:00 AM,91,75,2,29.76,Clear,0,0,0,0,0,,,
04/13/2023,10:30 AM,93,67,2,29.76,Clear,0,0,0,0,0,,,
04/13/2023,11:00 AM,95,63,2,29.73,Clear,0,0,0,0,0,,,
04/13/2023,11:30 AM,95,59,2,29.73,Clear,0,0,0,0,0,,,
04/13/2023,12:00 PM,97,56,5,29.7,Clear,0,0,0,0,0,,,
04/13/2023,12:30 PM,99,50,2,29.7,Clear,0,0,0,0,0,,,
04/13/2023,1:00 PM,99,47,5,29.67,Clear,0,0,0,0,0,,,
04/13/2023,1:30 PM,97,50,3,29.64,Clear,0,0,0,0,0,,,
04/13/2023,2:00 PM,99,47,2,29.64,Clear,0,0,0,0,0,,,
04/13/2023,2:30 PM,100,44,2,29.61,Clear,0,0,0,0,0,,,
04/13/2023,3:00 PM,99,47,7,29.61,Clear,0,0,0,0,0,,,
04/13/2023,3:30 PM,97,50,6,29.58,Clear,0,0,0,0,0,,,
04/13/2023,4:00 PM,95,56,8,29.58,Rain,0,0,0,0,0,,,
04/13/2023,4:30 PM,90,62,9,29.58,Rain,0,0,0,0,0,,,
04/13/2023,5:00 PM,79,78,21,29.61,Clear,0,0,0,0,0,,,
04/13/2023,5:30 PM,77,89,7,29.61,Rain,0,0,0,0,0,,,
04/13/2023,6:00 PM,77,89,5,29.61,Clear,0,0,0,0,0,,,
04/13/2023,6:30 PM,79,89,1,29.64,Clear,0,0,0,0,0,,,
04/13/2023,7:00 PM,77,94,0,29.64,Clear,0,0,0,0,0,,,
04/13/2023,7:30 PM,77,94,0,29.67,Clear,0,0,0,0,0,,,
04/13/2023,8:00 PM,77,94,0,29.67,Clear,0,0,0,0,0,,,
04/13/2023,8:30 PM,77,94,0,29.67,Clear,0,0,0,0,0,,,
04/13/2023,9:00 PM,77,94,2,29.7,Clear,0,0,0,0,0,,,
04/13/2023,9:30 PM,77,94,0,29.7,Clear,0,0,0,0,0,,,
04/13/2023,10:30 PM,77,94,0,29.73,Clear,0,0,0,0,0,,,
04/13/2023,11:00 PM,77,94,0,29.73,Clear,0,0,0,0,0,,,
04/13/2023,11:30 PM,77,94,0,29.73,Clear,0,0,0,0,0,,,
04/14/2023,12:00 AM,77,94,0,29.73,Clear,0,0,0,0,0,,,
04/14/2023,12:30 AM,77,94,0,29.7,Clear,0,0,0,0,0,,,
04/14/2023,1:00 AM,75,100,0,29.7,Clear,0,0,0,0,0,,,
04/14/2023,1:30 AM,77,94,0,29.7,Clear,0,0,0,0,0,,,
04/14/2023,2:00 AM,77,94,0,29.67,Clear,0,0,0,0,0,,,
04/14/2023,2:30 AM,75,100,0,29.67,Clear,0,0,0,0,0,,,
04/14/2023,3:00 AM,75,100,0,29.67,Clear,0,0,0,0,0,,,
04/14/2023,3:30 AM,75,100,0,29.67,Clear,0,0,0,0,0,,,
04/14/2023,4:00 AM,75,100,0,29.67,Clear,0,0,0,0,0,,,
04/14/2023,4:30 AM,75,100,0,29.67,Clear,0,0,0,0,0,,,
04/14/2023,5:00 AM,75,100,0,29.67,Clear,0,0,0,0,0,,,
04/14/2023,5:30 AM,75,100,0,29.67,Clear,0,0,0,0,0,,,
04/14/2023,6:00 AM,75,94,0,29.67,Clear,0,0,0,0,0,,,
04/14/2023,6:30 AM,75,94,0,29.7,Clear,0,0,0,0,0,,,
04/14/2023,7:00 AM,75,100,0,29.7,Clear,0,0,0,0,0,,,
04/14/2023,7:30 AM,77,100,0,29.7,Clear,0,0,0,0,0,,,
04/14/2023,8:00 AM,79,100,0,29.73,Clear,0,0,0,0,0,,,
04/14/2023,8:30 AM,82,94,0,29.73,Clear,0,0,0,0,0,,,
04/14/2023,9:00 AM,84,89,1,29.76,Clear,0,0,0,0,0,,,
04/14/2023,9:30 AM,88,84,2,29.76,Clear,0,0,0,0,0,,,
04/14/2023,10:00 AM,90,79,5,29.76,Clear,0,0,0,0,0,,,
04/14/2023,10:30 AM,91,75,3,29.73,Clear,0,0,0,0,0,,,
04/14/2023,11:00 AM,93,71,3,29.73,Clear,0,0,0,0,0,,,
04/14/2023,11:30 AM,95,63,3,29.7,Clear,0,0,0,0,0,,,
04/14/2023,12:00 PM,97,60,5,29.7,Clear,0,0,0,0,0,,,
04/14/2023,12:30 PM,97,56,3,29.67,Clear,0,0,0,0,0,,,
04/14/2023,1:00 PM,97,53,6,29.67,Clear,0,0,0,0,0,,,
04/14/2023,1:30 PM,99,50,5,29.64,Clear,0,0,0,0,0,,,
04/14/2023,2:00 PM,99,50,5,29.64,Clear,0,0,0,0,0,,,
04/14/2023,2:30 PM,100,47,1,29.61,Clear,0,0,0,0,0,,,
04/14/2023,3:00 PM,99,47,5,29.61,Clear,0,0,0,0,0,,,
04/14/2023,3:30 PM,99,47,6,29.58,Clear,0,0,0,0,0,,,
04/14/2023,4:00 PM,95,56,10,29.58,Clear,0,0,0,0,0,,,
04/14/2023,4:30 PM,91,63,10,29.58,Clear,0,0,0,0,0,,,
04/14/2023,5:00 PM,90,66,10,29.61,Clear,0,0,0,0,0,,,
04/14/2023,5:30 PM,86,70,8,29.61,Clear,0,0,0,0,0,,,
04/14/2023,6:00 PM,86,70,6,29.61,Clear,0,0,0,0,0,,,
04/14/2023,6:30 PM,86,70,7,29.61,Clear,0,0,0,0,0,,,
04/14/2023,7:00 PM,84,74,2,29.61,Clear,0,0,0,0,0,,,
04/14/2023,7:30 PM,82,79,5,29.64,Clear,0,0,0,0,0,,,
04/14/2023,8:00 PM,82,79,5,29.64,Clear,0,0,0,0,0,,,
04/14/2023,8:30 PM,82,84,0,29.67,Clear,0,0,0,0,0,,,
04/14/2023,9:00 PM,82,84,0,29.67,Clear,0,0,0,0,0,,,
04/14/2023,9:30 PM,82,84,0,29.7,Clear,0,0,0,0,0,,,
04/14/2023,10:00 PM,81,89,0,29.7,Clear,0,0,0,0,0,,,
04/14/2023,10:30 PM,81,89,2,29.7,Clear,0,0,0,0,0,,,
04/14/2023,11:00 PM,81,89,0,29.73,Clear,0,0,0,0,0,,,
04/14/2023,11:30 PM,79,94,0,29.7,Clear,0,0,0,0,0,,,
04/15/2023,12:00 AM,79,94,0,29.7,Clear,0,0,0,0,0,,,
04/15/2023,12:30 AM,79,94,0,29.7,Clear,0,0,0,0,0,,,
04/15/2023,1:00 AM,79,89,0,29.67,Clear,0,0,0,0,0,,,
04/15/2023,1:30 AM,79,94,1,29.67,Clear,0,0,0,0,0,,,
04/15/2023,2:00 AM,79,94,0,29.67,Clear,0,0,0,0,0,,,
04/15/2023,2:30 AM,77,94,0,29.67,Clear,0,0,0,0,0,,,
04/15/2023,3:00 AM,77,94,0,29.64,Clear,0,0,0,0,0,,,
04/15/2023,3:30 AM,77,94,0,29.64,Clear,0,0,0,0,0,,,
04/15/2023,4:00 AM,75,100,0,29.64,Clear,0,0,0,0,0,,,
04/15/2023,4:30 AM,75,100,0,29.64,Clear,0,0,0,0,0,,,
04/15/2023,5:00 AM,75,100,0,29.67,Clear,0,0,0,0,0,,,
04/15/2023,5:30 AM,75,94,0,29.67,Clear,0,0,0,0,0,,,
04/15/2023,6:00 AM,75,94,0,29.67,Clear,0,0,0,0,0,,,
04/15/2023,6:30 AM,75,100,0,29.67,Clear,0,0,0,0,0,,,
04/15/2023,7:00 AM,77,94,0,29.7,Clear,0,0,0,0,0,,,
04/15/2023,7:30 AM,79,94,0,29.7,Clear,0,0,0,0,0,,,
04/15/2023,8:00 AM,81,94,2,29.7,Clear,0,0,0,0,0,,,
04/15/2023,8:30 AM,84,89,2,29.73,Clear,0,0,0,0,0,,,
04/15/2023,9:00 AM,88,84,2,29.73,Clear,0,0,0,0,0,,,
04/15/2023,9:30 AM,90,75,3,29.73,Clear,0,0,0,0,0,,,
04/15/2023,10:00 AM,91,75,6,29.73,Clear,0,0,0,0,0,,,
04/15/2023,10:30 AM,93,71,5,29.73,Clear,0,0,0,0,0,,,
04/15/2023,11:00 AM,95,63,3,29.7,Clear,0,0,0,0,0,,,
04/15/2023,11:30 AM,95,59,6,29.7,Clear,0,0,0,0,0,,,
04/15/2023,12:00 PM,97,53,5,29.7,Clear,0,0,0,0,0,,,
04/15/2023,12:30 PM,97,53,5,29.67,Clear,0,0,0,0,0,,,
04/15/2023,1:00 PM,97,50,7,29.64,Clear,0,0,0,0,0,,,
04/15/2023,1:30 PM,99,47,8,29.64,Clear,0,0,0,0,0,,,
04/15/2023,2:00 PM,97,50,8,29.61,Clear,0,0,0,0,0,,,
04/15/2023,2:30 PM,97,53,6,29.61,Clear,0,0,0,0,0,,,
04/15/2023,3:00 PM,97,53,9,29.58,Clear,0,0,0,0,0,,,
04/15/2023,3:30 PM,97,53,10,29.58,Clear,0,0,0,0,0,,,
04/15/2023,4:00 PM,95,53,13,29.58,Clear,0,0,0,0,0,,,
04/15/2023,4:30 PM,93,56,14,29.58,Clear,0,0,0,0,0,,,
04/15/2023,5:00 PM,93,56,10,29.58,Clear,0,0,0,0,0,,,
04/15/2023,5:30 PM,91,63,14,29.58,Clear,0,0,0,0,0,,,
04/15/2023,6:00 PM,90,66,9,29.58,Clear,0,0,0,0,0,,,
04/15/2023,6:30 PM,88,70,8,29.58,Clear,0,0,0,0,0,,,
04/15/2023,7:00 PM,88,66,7,29.61,Clear,0,0,0,0,0,,,
04/15/2023,7:30 PM,86,74,8,29.61,Clear,0,0,0,0,0,,,
04/15/2023,8:00 PM,86,74,6,29.64,Clear,0,0,0,0,0,,,
04/15/2023,8:30 PM,82,79,5,29.64,Clear,0,0,0,0,0,,,
04/15/2023,9:00 PM,82,79,2,29.67,Clear,0,0,0,0,0,,,
04/15/2023,9:30 PM,81,84,5,29.67,Clear,0,0,0,0,0,,,
04/15/2023,10:00 PM,82,84,6,29.7,Clear,0,0,0,0,0,,,
04/15/2023,10:30 PM,81,84,3,29.7,Clear,0,0,0,0,0,,,
04/15/2023,11:00 PM,81,84,2,29.7,Clear,0,0,0,0,0,,,
04/15/2023,11:30 PM,79,89,2,29.7,Clear,0,0,0,0,0,,,
04/16/2023,12:00 AM,79,89,0,29.7,Clear,0,0,0,0,0,,,
04/16/2023,12:30 AM,77,94,0,29.67,Clear,0,0,0,0,0,,,
04/16/2023,1:00 AM,79,89,2,29.67,Clear,0,0,0,0,0,,,
04/16/2023,1:30 AM,77,94,0,29.67,Clear,0,0,0,0,0,,,
04/16/2023,2:00 AM,77,94,0,29.64,Clear,0,0,0,0,0,,,
04/16/2023,2:30 AM,77,94,0,29.64,Clear,0,0,0,0,0,,,
04/16/2023,3:00 AM,77,94,0,29.64,Clear,0,0,0,0,0,,,
04/16/2023,3:30 AM,77,94,0,29.64,Clear,0,0,0,0,0,,,
04/16/2023,4:00 AM,75,100,0,29.64,Clear,0,0,0,0,0,,,
04/16/2023,4:30 AM,75,100,0,29.64,Clear,0,0,0,0,0,,,
04/16/2023,5:00 AM,75,100,0,29.64,Clear,0,0,0,0,0,,,
04/16/2023,5:30 AM,75,100,0,29.64,Clear,0,0,0,0,0,,,
04/16/2023,6:00 AM,75,94,0,29.64,Mist,0,0,0,0,0,,,
04/16/2023,6:30 AM,75,100,0,29.64,Mist,0,0,0,0,0,,,
04/16/2023,7:00 AM,75,100,0,29.67,Mist,0,0,0,0,0,,,
04/16/2023,7:30 AM,77,100,0,29.67,Mist,0,0,0,0,0,,,
04/16/2023,8:00 AM,81,94,0,29.7,Mist,1,1,0,1,0,,,
04/16/2023,8:30 AM,82,89,0,29.73,Clear,0,0,0,0,0,,,
04/16/2023,9:00 AM,82,89,0,29.73,Clear,0,0,0,0,0,,,
04/16/2023,9:30 AM,88,79,1,29.73,Clear,0,0,0,0,0,,,
04/16/2023,10:00 AM,88,79,2,29.76,Clear,0,0,0,0,0,,,
04/16/2023,10:30 AM,90,75,6,29.76,Clear,0,0,0,0,0,,,
04/16/2023,11:00 AM,90,70,9,29.76,Clear,0,0,0,0,0,,,
04/16/2023,11:30 AM,90,66,10,29.76,Clear,0,0,0,0,0,,,
04/16/2023,12:00 PM,90,66,9,29.73,Clear,0,0,0,0,0,,,
04/16/2023,12:30 PM,88,66,12,29.73,Clear,0,0,0,0,0,,,
04/16/2023,1:00 PM,88,70,10,29.7,Clear,0,0,0,0,0,,,
04/16/2023,1:30 PM,88,70,12,29.7,Clear,0,0,0,0,0,,,
04/16/2023,2:00 PM,88,70,10,29.67,Clear,0,0,0,0,0,,,
04/16/2023,2:30 PM,88,66,8,29.64,Clear,0,0,0,0,0,,,
04/16/2023,3:00 PM,88,66,8,29.64,Clear,0,0,0,0,0,,,
04/16/2023,3:30 PM,88,66,9,29.61,Clear,0,0,0,0,0,,,
04/16/2023,4:00 PM,88,66,6,29.61,Clear,0,0,0,0,0,,,
04/16/2023,4:30 PM,88,66,5,29.61,Clear,0,0,0,0,0,,,
04/16/2023,5:00 PM,88,66,3,29.61,Clear,0,0,0,0,0,,,
04/16/2023,5:30 PM,88,66,5,29.58,Clear,0,0,0,0,0,,,
04/16/2023,6:00 PM,84,79,0,29.58,Clear,0,0,0,0,0,,,
04/16/2023,6:30 PM,82,79,3,29.61,Clear,0,0,0,0,0,,,
04/16/2023,7:00 PM,81,84,0,29.61,Clear,0,0,0,0,0,,,
04/16/2023,7:30 PM,79,89,0,29.64,Clear,0,0,0,0,0,,,
04/16/2023,8:00 PM,79,89,0,29.64,Clear,0,0,0,0,0,,,
04/16/2023,8:30 PM,79,89,0,29.64,Clear,0,0,0,0,0,,,
04/16/2023,9:00 PM,77,94,0,29.67,Clear,0,0,0,0,0,,,
04/16/2023,9:30 PM,77,94,0,29.67,Clear,0,0,0,0,0,,,
04/16/2023,10:00 PM,77,94,0,29.7,Clear,0,0,0,0,0,,,
04/16/2023,10:30 PM,77,94,1,29.7,Clear,0,0,0,0,0,,,
04/16/2023,11:00 PM,75,94,0,29.7,Clear,0,0,0,0,0,,,
04/16/2023,11:30 PM,75,94,0,29.73,Clear,0,0,0,0,0,,,
04/17/2023,12:00 AM,75,94,0,29.7,Clear,0,0,0,0,0,,,
04/17/2023,12:30 AM,75,94,0,29.7,Clear,0,0,0,0,0,,,
04/17/2023,1:00 AM,75,94,0,29.7,Clear,0,0,0,0,0,,,
04/17/2023,1:30 AM,75,94,0,29.7,Clear,0,0,0,0,0,,,
04/17/2023,2:00 AM,75,94,0,29.67,Clear,0,0,0,0,0,,,
04/17/2023,2:30 AM,73,100,3,29.67,Clear,0,0,0,0,0,,,
04/17/2023,3:00 AM,73,100,2,29.67,Clear,0,0,0,0,0,,,
04/17/2023,3:30 AM,73,94,1,29.67,Clear,0,0,0,0,0,,,
04/17/2023,4:00 AM,73,100,0,29.67,Clear,0,0,0,0,0,,,
04/17/2023,4:30 AM,73,94,1,29.67,Clear,0,0,0,0,0,,,
04/17/2023,5:00 AM,73,94,0,29.67,Clear,0,0,0,0,0,,,
04/17/2023,5:30 AM,73,100,0,29.7,Clear,0,0,0,0,0,,,
04/17/2023,6:00 AM,73,100,0,29.67,Clear,0,0,0,0,0,,,
04/17/2023,6:30 AM,73,100,5,29.7,Mist,0,0,0,0,0,,,
04/17/2023,7:00 AM,75,100,2,29.7,Mist,0,0,0,0,0,,,
04/17/2023,7:30 AM,77,94,1,29.73,Mist,0,0,0,0,0,,,
04/17/2023,8:00 AM,79,94,0,29.73,Mist,0,0,0,0,0,,,
04/17/2023,8:30 AM,81,94,1,29.76,Clear,0,0,0,0,0,,,
04/17/2023,9:00 AM,84,89,2,29.76,Clear,0,0,0,0,0,,,
04/17/2023,9:30 AM,88,79,0,29.76,Clear,0,0,0,0,0,,,
04/17/2023,10:00 AM,90,75,2,29.76,Clear,0,0,0,0,0,,,
04/17/2023,10:30 AM,91,66,0,29.76,Clear,0,0,0,0,0,,,
04/17/2023,11:00 AM,93,63,5,29.76,Clear,0,0,0,0,0,,,
04/17/2023,11:30 AM,93,59,6,29.73,Clear,0,0,0,0,0,,,
04/17/2023,12:00 PM,93,59,6,29.73,Clear,0,0,0,0,0,,,
04/17/2023,12:30 PM,95,53,0,29.7,Clear,0,0,0,0,0,,,
04/17/2023,1:00 PM,93,56,2,29.7,Clear,0,0,0,0,0,,,
04/17/2023,1:30 PM,95,53,0,29.67,Clear,0,0,0,0,0,,,
04/17/2023,2:00 PM,95,53,5,29.64,Clear,0,0,0,0,0,,,
04/17/2023,2:30 PM,95,53,5,29.64,Clear,0,0,0,0,0,,,
04/17/2023,3:00 PM,97,47,2,29.61,Clear,0,0,0,0,0,,,
04/17/2023,3:30 PM,95,49,0,29.61,Clear,0,0,0,0,0,,,
04/17/2023,4:00 PM,95,49,2,29.61,Clear,0,0,0,0,0,,,
04/17/2023,4:30 PM,95,49,5,29.61,Clear,0,0,0,0,0,,,
04/17/2023,5:00 PM,95,49,6,29.61,Clear,0,0,0,0,0,,,
04/17/2023,5:30 PM,93,52,7,29.61,Clear,2,1,1,0,1,,,
04/17/2023,6:00 PM,91,59,8,29.64,Clear,0,0,0,0,0,,,
04/17/2023,6:30 PM,90,62,6,29.64,Clear,0,0,0,0,0,,,
04/17/2023,7:00 PM,88,66,5,29.64,Clear,0,0,0,0,0,,,
04/17/2023,7:30 PM,86,70,0,29.67,Clear,0,0,0,0,0,,,
04/17/2023,8:00 PM,82,79,2,29.67,Clear,0,0,0,0,0,,,
04/17/2023,8:30 PM,84,79,5,29.7,Clear,0,0,0,0,0,,,
04/17/2023,9:00 PM,84,79,0,29.73,Clear,0,0,0,0,0,,,
04/17/2023,9:30 PM,84,79,0,29.73,Clear,0,0,0,0,0,,,
04/17/2023,10:00 PM,82,79,0,29.73,Clear,0,0,0,0,0,,,
04/17/2023,10:30 PM,81,84,0,29.73,Clear,0,0,0,0,0,,,
04/17/2023,11:00 PM,79,89,0,29.76,Clear,0,0,0,0,0,,,
04/17/2023,11:30 PM,79,89,0,29.73,Clear,0,0,0,0,0,,,
04/18/2023,12:00 AM,79,89,0,29.73,Clear,0,0,0,0,0,,,
04/18/2023,12:30 AM,79,89,0,29.73,Clear,0,0,0,0,0,,,
04/18/2023,1:00 AM,77,94,0,29.7,Clear,0,0,0,0,0,,,
04/18/2023,1:30 AM,77,94,0,29.7,Clear,0,0,0,0,0,,,
04/18/2023,2:00 AM,77,94,0,29.7,Clear,0,0,0,0,0,,,
04/18/2023,2:30 AM,77,94,0,29.7,Clear,0,0,0,0,0,,,
04/18/2023,3:00 AM,77,94,0,29.7,Clear,0,0,0,0,0,,,
04/18/2023,3:30 AM,77,94,0,29.67,Clear,0,0,0,0,0,,,
04/18/2023,4:00 AM,77,94,0,29.67,Clear,0,0,0,0,0,,,
04/18/2023,4:30 AM,77,94,0,29.67,Clear,0,0,0,0,0,,,
04/18/2023,5:00 AM,75,100,0,29.7,Clear,0,0,0,0,0,,,
04/18/2023,5:30 AM,75,100,0,29.7,Clear,0,0,0,0,0,,,
04/18/2023,6:00 AM,75,94,0,29.7,Clear,0,0,0,0,0,,,
04/18/2023,6:30 AM,75,100,0,29.7,Mist,0,0,0,0,0,,,
04/18/2023,7:00 AM,77,94,0,29.73,Mist,0,0,0,0,0,,,
04/18/2023,7:30 AM,79,94,0,29.73,Mist,0,0,0,0,0,,,
04/18/2023,8:00 AM,81,94,0,29.76,Mist,0,0,0,0,0,,,
04/18/2023,8:30 AM,84,89,0,29.76,Clear,0,0,0,0,0,,,
04/18/2023,9:00 AM,88,84,0,29.79,Clear,1,1,0,0,0,,,
04/18/2023,9:30 AM,90,75,0,29.76,Clear,0,0,0,0,0,,,
04/18/2023,10:00 AM,90,75,0,29.76,Clear,0,0,0,0,0,,,
04/18/2023,10:30 AM,91,71,2,29.76,Clear,0,0,0,0,0,,,
04/18/2023,11:00 AM,93,67,2,29.76,Clear,0,0,0,0,0,,,
04/18/2023,11:30 AM,95,59,6,29.76,Clear,0,0,0,0,0,,,
04/18/2023,12:00 PM,95,56,2,29.73,Clear,0,0,0,0,0,,,
04/18/2023,12:30 PM,97,53,2,29.7,Clear,0,0,0,0,0,,,
04/18/2023,1:00 PM,97,50,5,29.7,Clear,0,0,0,0,0,,,
04/18/2023,1:30 PM,99,47,2,29.67,Clear,0,0,0,0,0,,,
04/18/2023,2:00 PM,97,53,8,29.67,Clear,0,0,0,0,0,,,
04/18/2023,2:30 PM,91,66,9,29.64,Rain,0,0,0,0,0,,,
04/18/2023,3:00 PM,91,59,6,29.64,Rain,0,0,0,0,0,,,
04/18/2023,3:30 PM,86,66,13,29.64,Clear,0,0,0,0,0,,,
04/18/2023,4:00 PM,84,70,12,29.64,Clear,0,0,0,0,0,,,
04/18/2023,4:30 PM,82,79,6,29.64,Clear,0,0,0,0,0,,,
04/18/2023,5:00 PM,82,79,5,29.64,Clear,0,0,0,0,0,,,
04/18/2023,5:30 PM,82,79,2,29.64,Clear,0,0,0,0,0,,,
04/18/2023,6:00 PM,82,79,2,29.67,Clear,0,0,0,0,0,,,
04/18/2023,6:30 PM,81,84,5,29.67,Clear,0,0,0,0,0,,,
04/18/2023,7:00 PM,81,84,3,29.67,Clear,0,0,0,0,0,,,
04/18/2023,7:30 PM,79,89,0,29.67,Clear,0,0,0,0,0,,,
04/18/2023,8:00 PM,79,89,0,29.7,Clear,0,0,0,0,0,,,
04/18/2023,8:30 PM,79,89,0,29.7,Clear,0,0,0,0,0,,,
04/18/2023,9:00 PM,79,89,0,29.7,Clear,0,0,0,0,0,,,
04/18/2023,9:30 PM,79,89,0,29.7,Clear,0,0,0,0,0,,,
04/18/2023,10:00 PM,77,94,0,29.73,Clear,0,0,0,0,0,,,
04/18/2023,10:30 PM,77,94,0,29.73,Clear,0,0,0,0,0,,,
04/18/2023,11:00 PM,77,94,1,29.73,Clear,0,0,0,0,0,,,
04/18/2023,11:30 PM,77,94,3,29.73,Clear,0,0,0,0,0,,,
04/19/2023,12:00 AM,77,94,2,29.73,Clear,0,0,0,0,0,,,
04/19/2023,12:30 AM,77,94,2,29.73,Clear,0,0,0,0,0,,,
04/19/2023,1:00 AM,77,94,0,29.7,Clear,0,0,0,0,0,,,
04/19/2023,1:30 AM,77,94,0,29.7,Clear,0,0,0,0,0,,,
04/19/2023,2:00 AM,77,94,0,29.67,Clear,0,0,0,0,0,,,
04/19/2023,2:30 AM,75,100,0,29.67,Clear,0,0,0,0,0,,,
04/19/2023,3:00 AM,75,100,0,29.67,Clear,0,0,0,0,0,,,
04/19/2023,3:30 AM,75,94,0,29.64,Clear,0,0,0,0,0,,,
04/19/2023,4:00 AM,75,100,0,29.64,Clear,0,0,0,0,0,,,
04/19/2023,4:30 AM,75,100,0,29.64,Clear,0,0,0,0,0,,,
04/19/2023,5:00 AM,75,100,0,29.64,Clear,0,0,0,0,0,,,
04/19/2023,5:30 AM,75,100,0,29.64,Mist,0,0,0,0,0,,,
04/19/2023,6:00 AM,75,94,0,29.67,Mist,0,0,0,0,0,,,
04/19/2023,6:30 AM,75,100,0,29.67,Mist,0,0,0,0,0,,,
04/19/2023,7:00 AM,77,94,0,29.67,Mist,0,0,0,0,0,,,
04/19/2023,7:30 AM,79,94,2,29.7,Mist,0,0,0,0,0,,,
04/19/2023,8:00 AM,81,94,0,29.7,Clear,0,0,0,0,0,,,
04/19/2023,8:30 AM,84,89,0,29.7,Clear,0,0,0,0,0,,,
04/19/2023,9:00 AM,86,84,2,29.7,Clear,0,0,0,0,0,,,
04/19/2023,9:30 AM,90,79,0,29.7,Clear,0,0,0,0,0,,,
04/19/2023,10:00 AM,91,75,0,29.7,Clear,0,0,0,0,0,,,
04/19/2023,10:30 AM,91,75,2,29.7,Clear,0,0,0,0,0,,,
04/19/2023,11:00 AM,93,67,0,29.67,Clear,0,0,0,0,0,,,
04/19/2023,11:30 AM,97,60,3,29.67,Clear,0,0,0,0,0,,,
04/19/2023,12:00 PM,95,59,2,29.64,Clear,0,0,0,0,0,,,
04/19/2023,12:30 PM,95,56,3,29.64,Clear,0,0,0,0,0,,,
04/19/2023,1:00 PM,93,59,7,29.61,Clear,0,0,0,0,0,,,
04/19/2023,1:30 PM,99,50,6,29.61,Clear,0,0,0,0,0,,,
04/19/2023,2:00 PM,97,53,9,29.58,Clear,0,0,0,0,0,,,
04/19/2023,2:30 PM,97,56,7,29.55,Clear,0,0,0,0,0,,,
04/19/2023,3:00 PM,97,53,9,29.52,Clear,0,0,0,0,0,,,
04/19/2023,3:30 PM,91,63,15,29.52,Rain,0,0,0,0,0,,,
04/19/2023,4:00 PM,90,66,14,29.58,Clear,0,0,0,0,0,,,
04/19/2023,4:30 PM,82,74,13,29.55,Rain,0,0,0,0,0,,,
04/19/2023,5:00 PM,79,83,5,29.55,Rain,0,0,0,0,0,,,
04/19/2023,5:30 PM,79,83,0,29.55,Clear,0,0,0,0,0,,,
04/19/2023,6:00 PM,81,84,0,29.55,Clear,0,0,0,0,0,,,
04/19/2023,6:30 PM,79,89,2,29.55,Clear,0,0,0,0,0,,,
04/19/2023,7:00 PM,79,89,0,29.58,Clear,0,0,0,0,0,,,
04/19/2023,7:30 PM,79,89,0,29.58,Clear,0,0,0,0,0,,,
04/19/2023,8:00 PM,79,89,0,29.61,Clear,0,0,0,0,0,,,
04/19/2023,8:30 PM,77,89,3,29.61,Clear,0,0,0,0,0,,,
04/19/2023,9:00 PM,79,83,2,29.64,Clear,0,0,0,0,0,,,
04/19/2023,9:30 PM,79,83,0,29.64,Clear,0,0,0,0,0,,,
04/19/2023,10:00 PM,77,94,2,29.67,Clear,0,0,0,0,0,,,
04/19/2023,10:30 PM,79,89,0,29.67,Clear,0,0,0,0,0,,,
04/19/2023,11:00 PM,79,89,3,29.67,Clear,0,0,0,0,0,,,
04/19/2023,11:30 PM,79,89,0,29.67,Clear,0,0,0,0,0,,,
04/20/2023,12:00 AM,79,89,3,29.64,Clear,0,0,0,0,0,,,
04/20/2023,12:30 AM,77,94,0,29.64,Clear,0,0,0,0,0,,,
04/20/2023,1:00 AM,77,94,2,29.61,Clear,0,0,0,0,0,,,
04/20/2023,1:30 AM,77,94,1,29.61,Clear,0,0,0,0,0,,,
04/20/2023,2:00 AM,77,94,0,29.61,Clear,0,0,0,0,0,,,
04/20/2023,2:30 AM,77,94,0,29.58,Clear,0,0,0,0,0,,,
04/20/2023,3:00 AM,75,94,0,29.58,Clear,0,0,0,0,0,,,
04/20/2023,3:30 AM,75,94,0,29.58,Clear,0,0,0,0,0,,,
04/20/2023,4:00 AM,75,94,3,29.58,Clear,0,0,0,0,0,,,
04/20/2023,4:30 AM,75,94,3,29.58,Clear,0,0,0,0,0,,,
04/20/2023,5:00 AM,75,94,0,29.58,Clear,0,0,0,0,0,,,
04/20/2023,5:30 AM,75,94,0,29.61,Clear,0,0,0,0,0,,,
04/20/2023,6:00 AM,75,94,0,29.61,Clear,0,0,0,0,0,,,
04/20/2023,6:30 AM,75,94,0,29.61,Clear,0,0,0,0,0,,,
04/20/2023,7:00 AM,77,94,0,29.61,Clear,0,0,0,0,0,,,
04/20/2023,7:30 AM,79,94,1,29.64,Clear,0,0,0,0,0,,,
04/20/2023,8:00 AM,82,89,2,29.64,Clear,0,0,0,0,0,,,
04/20/2023,8:30 AM,84,89,5,29.64,Clear,0,0,0,0,0,,,
04/20/2023,9:00 AM,86,84,6,29.67,Clear,0,0,0,0,0,,,
04/20/2023,9:30 AM,88,79,6,29.67,Clear,0,0,0,0,0,,,
04/20/2023,10:00 AM,90,75,6,29.67,Clear,0,0,0,0,0,,,
04/20/2023,10:30 AM,91,66,7,29.67,Clear,0,0,0,0,0,,,
04/20/2023,11:00 AM,93,63,6,29.67,Clear,0,0,0,0,0,,,
04/20/2023,11:30 AM,95,56,8,29.64,Clear,0,0,0,0,0,,,
04/20/2023,12:00 PM,95,53,10,29.64,Clear,0,0,0,0,0,,,
04/20/2023,12:30 PM,97,50,8,29.64,Clear,0,0,0,0,0,,,
04/20/2023,1:00 PM,95,49,9,29.61,Clear,0,0,0,0,0,,,
04/20/2023,1:30 PM,95,56,9,29.61,Clear,0,0,0,0,0,,,
04/20/2023,2:00 PM,95,56,9,29.58,Clear,0,0,0,0,0,,,
04/20/2023,2:30 PM,95,53,13,29.58,Clear,0,0,0,0,0,,,
04/20/2023,3:00 PM,93,56,12,29.58,Clear,0,0,0,0,0,,,
04/20/2023,3:30 PM,93,56,12,29.55,Clear,0,0,0,0,0,,,
04/20/2023,4:00 PM,91,55,9,29.55,Clear,0,0,0,0,0,,,
04/20/2023,4:30 PM,93,49,8,29.52,Clear,0,0,0,0,0,,,
04/20/2023,5:00 PM,91,52,7,29.52,Clear,0,0,0,0,0,,,
04/20/2023,5:30 PM,90,62,7,29.55,Clear,0,0,0,0,0,,,
04/20/2023,6:00 PM,90,55,6,29.55,Clear,0,0,0,0,0,,,
04/20/2023,6:30 PM,86,58,6,29.55,Clear,0,0,0,0,0,,,
04/20/2023,7:00 PM,84,70,6,29.55,Clear,0,0,0,0,0,,,
04/20/2023,7:30 PM,82,79,6,29.58,Clear,0,0,0,0,0,,,
04/20/2023,8:00 PM,82,79,7,29.58,Clear,0,0,0,0,0,,,
04/20/2023,8:30 PM,81,89,6,29.58,Clear,0,0,0,0,0,,,
04/20/2023,9:00 PM,81,89,5,29.61,Clear,0,0,0,0,0,,,
04/20/2023,9:30 PM,81,89,3,29.61,Clear,0,0,0,0,0,,,
04/20/2023,10:00 PM,81,89,5,29.61,Clear,0,0,0,0,0,,,
04/20/2023,10:30 PM,81,89,5,29.61,Clear,0,0,0,0,0,,,
04/20/2023,11:00 PM,79,94,6,29.64,Clear,0,0,0,0,0,,,
04/20/2023,11:30 PM,79,94,5,29.61,Clear,0,0,0,0,0,,,
04/21/2023,12:00 AM,79,94,5,29.64,Clear,0,0,0,0,0,,,
04/21/2023,12:30 AM,79,94,2,29.61,Clear,0,0,0,0,0,,,
04/21/2023,1:00 AM,79,89,2,29.61,Clear,0,0,0,0,0,,,
04/21/2023,1:30 AM,79,94,3,29.61,Clear,0,0,0,0,0,,,
04/21/2023,2:00 AM,79,94,3,29.58,Clear,0,0,0,0,0,,,
04/21/2023,2:30 AM,79,94,3,29.58,Clear,0,0,0,0,0,,,
04/21/2023,3:00 AM,79,94,3,29.58,Clear,0,0,0,0,0,,,
04/21/2023,3:30 AM,79,94,3,29.58,Clear,0,0,0,0,0,,,
04/21/2023,4:00 AM,79,94,0,29.58,Clear,0,0,0,0,0,,,
04/21/2023,4:30 AM,79,94,0,29.58,Clear,0,0,0,0,0,,,
04/21/2023,5:00 AM,79,94,0,29.58,Clear,0,0,0,0,0,,,
04/21/2023,5:30 AM,79,94,2,29.61,Clear,0,0,0,0,0,,,
04/21/2023,6:00 AM,79,94,0,29.61,Clear,0,0,0,0,0,,,
04/21/2023,6:30 AM,79,94,0,29.61,Clear,0,0,0,0,0,,,
04/21/2023,7:00 AM,79,94,3,29.64,Clear,0,0,0,0,0,,,
04/21/2023,7:30 AM,81,94,6,29.64,Clear,0,0,0,0,0,,,
04/21/2023,8:00 AM,82,89,3,29.67,Clear,0,0,0,0,0,,,
04/21/2023,8:30 AM,86,84,6,29.67,Clear,0,0,0,0,0,,,
04/21/2023,9:00 AM,88,79,7,29.7,Clear,0,0,0,0,0,,,
04/21/2023,9:30 AM,90,75,3,29.7,Clear,0,0,0,0,0,,,
04/21/2023,10:00 AM,91,75,3,29.7,Clear,0,0,0,0,0,,,
04/21/2023,10:30 AM,93,67,6,29.7,Clear,0,0,0,0,0,,,
04/21/2023,11:00 AM,95,63,2,29.67,Clear,0,0,0,0,0,,,
04/21/2023,11:30 AM,97,56,5,29.67,Clear,0,0,0,0,0,,,
04/21/2023,12:00 PM,97,53,1,29.64,Clear,0,0,0,0,0,,,
04/21/2023,12:30 PM,99,50,5,29.64,Clear,0,0,0,0,0,,,
04/21/2023,1:00 PM,95,53,6,29.61,Clear,0,0,0,0,0,,,
04/21/2023,1:30 PM,97,50,6,29.58,Clear,0,0,0,0,0,,,
04/21/2023,2:00 PM,100,44,5,29.58,Clear,0,0,0,0,0,,,
04/21/2023,2:30 PM,99,47,7,29.55,Clear,0,0,0,0,0,,,
04/21/2023,3:00 PM,97,47,5,29.55,Clear,0,0,0,0,0,,,
04/21/2023,3:30 PM,100,44,3,29.52,Clear,0,0,0,0,0,,,
04/21/2023,4:00 PM,95,56,8,29.52,Clear,0,0,0,0,0,,,
04/21/2023,4:30 PM,90,62,12,29.52,Rain,0,0,0,0,0,,,
04/21/2023,5:00 PM,84,79,5,29.52,Clear,0,0,0,0,0,,,
04/21/2023,5:30 PM,88,75,10,29.52,Clear,0,0,0,0,0,,,
04/21/2023,6:00 PM,86,74,6,29.52,Clear,0,0,0,0,0,,,
04/21/2023,6:30 PM,84,79,1,29.52,Clear,0,0,0,0,0,,,
04/21/2023,7:00 PM,82,84,0,29.55,Clear,0,0,0,0,0,,,
04/21/2023,7:30 PM,82,84,0,29.58,Clear,0,0,0,0,0,,,
04/21/2023,8:00 PM,82,84,0,29.58,Clear,0,0,0,0,0,,,
04/21/2023,8:30 PM,82,84,0,29.58,Clear,0,0,0,0,0,,,
04/21/2023,9:00 PM,82,84,3,29.61,Clear,0,0,0,0,0,,,
04/21/2023,9:30 PM,82,84,5,29.64,Clear,0,0,0,0,0,,,
04/21/2023,10:00 PM,82,89,5,29.64,Clear,0,0,0,0,0,,,
04/21/2023,10:30 PM,82,89,3,29.64,Clear,0,0,0,0,0,,,
04/21/2023,11:00 PM,82,89,5,29.64,Clear,0,0,0,0,0,,,
04/21/2023,11:30 PM,81,94,5,29.64,Clear,0,0,0,0,0,,,
04/22/2023,12:00 AM,81,94,2,29.64,Clear,0,0,0,0,0,,,
04/22/2023,12:30 AM,81,94,2,29.61,Clear,0,0,0,0,0,,,
04/22/2023,1:00 AM,79,94,3,29.61,Clear,0,0,0,0,0,,,
04/22/2023,1:30 AM,79,94,2,29.61,Clear,0,0,0,0,0,,,
04/22/2023,2:00 AM,79,94,0,29.58,Clear,0,0,0,0,0,,,
04/22/2023,2:30 AM,79,94,0,29.58,Clear,0,0,0,0,0,,,
04/22/2023,3:00 AM,77,100,0,29.58,Clear,0,0,0,0,0,,,
04/22/2023,3:30 AM,77,100,0,29.58,Clear,0,0,0,0,0,,,
04/22/2023,4:00 AM,77,94,0,29.58,Clear,0,0,0,0,0,,,
04/22/2023,4:30 AM,77,94,0,29.58,Clear,0,0,0,0,0,,,
04/22/2023,5:00 AM,77,100,0,29.58,Clear,0,0,0,0,0,,,
04/22/2023,5:30 AM,77,94,0,29.61,Clear,0,0,0,0,0,,,
04/22/2023,6:00 AM,77,94,0,29.61,Clear,0,0,0,0,0,,,
04/22/2023,6:30 AM,77,94,0,29.64,Clear,0,0,0,0,0,,,
04/22/2023,7:00 AM,79,94,0,29.64,Clear,0,0,0,0,0,,,
04/22/2023,7:30 AM,81,94,0,29.64,Clear,0,0,0,0,0,,,
04/22/2023,8:00 AM,82,94,2,29.67,Clear,0,0,0,0,0,,,
04/22/2023,8:30 AM,86,89,3,29.67,Clear,0,0,0,0,0,,,
04/22/2023,9:00 AM,88,79,2,29.67,Clear,0,0,0,0,0,,,
04/22/2023,9:30 AM,91,79,2,29.67,Clear,0,0,0,0,0,,,
04/22/2023,10:00 AM,91,75,3,29.67,Clear,0,0,0,0,0,,,
04/22/2023,10:30 AM,95,63,5,29.67,Clear,0,0,0,0,0,,,
04/22/2023,11:00 AM,95,59,3,29.64,Clear,0,0,0,0,0,,,
04/22/2023,11:30 AM,93,59,8,29.64,Rain,0,0,0,0,0,,,
04/22/2023,12:00 PM,93,56,15,29.64,Rain,0,0,0,0,0,,,
04/22/2023,12:30 PM,93,59,9,29.64,Rain,0,0,0,0,0,,,
04/22/2023,1:00 PM,84,70,14,29.64,Clear,0,0,0,0,0,,,
04/22/2023,1:30 PM,79,78,8,29.64,Clear,0,0,0,0,0,,,
04/22/2023,2:00 PM,77,83,3,29.61,Rain,0,0,0,0,0,,,
04/22/2023,2:30 PM,77,89,3,29.61,Rain,0,0,0,0,0,,,
04/22/2023,3:00 PM,77,89,2,29.58,Rain,0,0,0,0,0,,,
04/22/2023,3:30 PM,77,89,2,29.58,Rain,0,0,0,0,0,,,
04/22/2023,4:00 PM,77,89,0,29.58,Rain,0,0,0,0,0,,,
04/22/2023,4:30 PM,79,89,2,29.58,Rain,0,0,0,0,0,,,
04/22/2023,5:00 PM,77,94,3,29.58,Clear,0,0,0,0,0,,,
04/22/2023,5:30 PM,77,94,3,29.55,Clear,0,0,0,0,0,,,
04/22/2023,6:00 PM,77,94,1,29.55,Clear,0,0,0,0,0,,,
04/22/2023,6:30 PM,77,94,3,29.58,Clear,0,0,0,0,0,,,
04/22/2023,7:00 PM,77,94,0,29.58,Clear,0,0,0,0,0,,,
04/22/2023,7:30 PM,77,94,0,29.58,Clear,0,0,0,0,0,,,
04/22/2023,8:00 PM,77,94,3,29.61,Clear,0,0,0,0,0,,,
04/22/2023,8:30 PM,77,94,3,29.64,Clear,0,0,0,0,0,,,
04/22/2023,9:00 PM,75,100,3,29.64,Clear,0,0,0,0,0,,,
04/22/2023,9:30 PM,77,94,0,29.64,Clear,0,0,0,0,0,,,
04/22/2023,10:00 PM,75,100,0,29.67,Clear,0,0,0,0,0,,,
04/22/2023,10:30 PM,77,94,0,29.67,Clear,0,0,0,0,0,,,
04/22/2023,11:00 PM,75,100,0,29.64,Clear,0,0,0,0,0,,,
04/22/2023,11:30 PM,75,100,0,29.67,Clear,0,0,0,0,0,,,
04/23/2023,12:00 AM,75,94,0,29.67,Clear,0,0,0,0,0,,,
04/23/2023,12:30 AM,75,94,0,29.67,Clear,0,0,0,0,0,,,
04/23/2023,1:00 AM,75,100,0,29.64,Clear,0,0,0,0,0,,,
04/23/2023,1:30 AM,75,94,2,29.64,Clear,0,0,0,0,0,,,
04/23/2023,2:00 AM,75,94,2,29.61,Clear,0,0,0,0,0,,,
04/23/2023,2:30 AM,75,94,0,29.61,Clear,0,0,0,0,0,,,
04/23/2023,3:00 AM,73,100,0,29.61,Clear,0,0,0,0,0,,,
04/23/2023,3:30 AM,73,100,0,29.61,Clear,0,0,0,0,0,,,
04/23/2023,4:00 AM,73,100,0,29.61,Clear,0,0,0,0,0,,,
04/23/2023,4:30 AM,73,100,0,29.61,Clear,0,0,0,0,0,,,
04/23/2023,5:00 AM,73,100,0,29.64,Mist,0,0,0,0,0,,,
04/23/2023,5:30 AM,73,100,0,29.64,Clear,0,0,0,0,0,,,
04/23/2023,6:00 AM,73,100,0,29.64,Clear,0,0,0,0,0,,,
04/23/2023,6:30 AM,73,100,0,29.67,Clear,0,0,0,0,0,,,
04/23/2023,7:00 AM,75,100,0,29.67,Clear,0,0,0,0,0,,,
04/23/2023,7:30 AM,77,100,0,29.7,Clear,0,0,0,0,0,,,
04/23/2023,8:00 AM,79,94,0,29.7,Clear,0,0,0,0,0,,,
04/23/2023,8:30 AM,81,94,0,29.7,Clear,0,0,0,0,0,,,
04/23/2023,9:00 AM,86,84,0,29.73,Clear,0,0,0,0,0,,,
04/23/2023,9:30 AM,88,84,0,29.7,Clear,0,0,0,0,0,,,
04/23/2023,10:00 AM,90,79,5,29.73,Clear,0,0,0,0,0,,,
04/23/2023,10:30 AM,91,75,6,29.7,Clear,0,0,0,0,0,,,
04/23/2023,11:00 AM,93,71,7,29.7,Clear,0,0,0,0,0,,,
04/23/2023,11:30 AM,93,67,5,29.7,Clear,0,0,0,0,0,,,
04/23/2023,12:00 PM,93,63,8,29.7,Clear,0,0,0,0,0,,,
04/23/2023,12:30 PM,93,59,7,29.67,Clear,0,0,0,0,0,,,
04/23/2023,1:00 PM,95,56,5,29.64,Clear,0,0,0,0,0,,,
04/23/2023,1:30 PM,93,59,3,29.64,Rain,0,0,0,0,0,,,
04/23/2023,2:00 PM,81,79,7,29.61,Rain,0,0,0,0,0,,,
04/23/2023,2:30 PM,84,84,3,29.61,Rain,0,0,0,0,0,,,
04/23/2023,3:00 PM,84,84,6,29.61,Rain,0,0,0,0,0,,,
04/23/2023,3:30 PM,84,89,7,29.61,Clear,0,0,0,0,0,,,
04/23/2023,4:00 PM,84,84,8,29.64,Rain,0,0,0,0,0,,,
04/23/2023,4:30 PM,77,89,9,29.64,Rain,0,0,0,0,0,,,
04/23/2023,5:00 PM,75,94,7,29.61,Rain,0,0,0,0,0,,,
04/23/2023,5:30 PM,75,89,6,29.61,Clear,0,0,0,0,0,,,
04/23/2023,6:00 PM,75,94,0,29.64,Clear,0,0,0,0,0,,,
04/23/2023,6:30 PM,75,94,2,29.64,Rain,0,0,0,0,0,,,
04/23/2023,7:00 PM,75,94,0,29.64,Clear,0,0,0,0,0,,,
04/23/2023,7:30 PM,75,94,2,29.64,Clear,0,0,0,0,0,,,
04/23/2023,8:00 PM,75,94,5,29.64,Clear,0,0,0,0,0,,,
04/23/2023,8:30 PM,75,94,2,29.67,Clear,0,0,0,0,0,,,
04/23/2023,9:00 PM,75,94,3,29.67,Clear,0,0,0,0,0,,,
04/23/2023,9:30 PM,75,94,0,29.7,Clear,0,0,0,0,0,,,
04/23/2023,10:00 PM,75,94,1,29.7,Clear,0,0,0,0,0,,,
04/23/2023,10:30 PM,75,94,2,29.7,Clear,0,0,0,0,0,,,
04/23/2023,11:00 PM,75,94,0,29.7,Clear,0,0,0,0,0,,,
04/23/2023,11:30 PM,75,94,0,29.7,Clear,0,0,0,0,0,,,
04/24/2023,12:00 AM,75,94,0,29.7,Clear,0,0,0,0,0,,,
04/24/2023,12:30 AM,75,94,2,29.7,Clear,0,0,0,0,0,,,
04/24/2023,1:00 AM,75,94,0,29.67,Clear,0,0,0,0,0,,,
04/24/2023,1:30 AM,73,100,0,29.67,Clear,0,0,0,0,0,,,
04/24/2023,2:00 AM,73,100,1,29.64,Clear,0,0,0,0,0,,,
04/24/2023,2:30 AM,73,100,2,29.64,Clear,0,0,0,0,0,,,
04/24/2023,3:00 AM,73,100,0,29.64,Clear,0,0,0,0,0,,,
04/24/2023,3:30 AM,73,100,3,29.64,Clear,0,0,0,0,0,,,
04/24/2023,4:00 AM,73,100,1,29.64,Clear,0,0,0,0,0,,,
04/24/2023,4:30 AM,73,100,3,29.64,Clear,0,0,0,0,0,,,
04/24/2023,5:00 AM,73,100,0,29.67,Clear,0,0,0,0,0,,,
04/24/2023,5:30 AM,73,100,0,29.67,Clear,0,0,0,0,0,,,
04/24/2023,6:00 AM,73,94,0,29.7,Clear,0,0,0,0,0,,,
04/24/2023,6:30 AM,73,100,0,29.7,Clear,0,0,0,0,0,,,
04/24/2023,7:00 AM,73,100,0,29.73,Clear,0,0,0,0,0,,,
04/24/2023,7:30 AM,75,100,0,29.73,Clear,0,0,0,0,0,,,
04/24/2023,8:00 AM,77,100,0,29.76,Clear,0,0,0,0,0,,,
04/24/2023,8:30 AM,81,94,0,29.76,Clear,0,0,0,0,0,,,
04/24/2023,9:00 AM,86,84,2,29.76,Clear,0,0,0,0,0,,,
04/24/2023,9:30 AM,90,79,0,29.76,Clear,0,0,0,0,0,,,
04/24/2023,10:00 AM,90,79,7,29.76,Clear,0,0,0,0,0,,,
04/24/2023,10:30 AM,91,71,6,29.76,Clear,0,0,0,0,0,,,
04/24/2023,11:00 AM,93,67,6,29.73,Clear,0,0,0,0,0,,,
04/24/2023,11:30 AM,93,63,5,29.73,Clear,0,0,0,0,0,,,
04/24/2023,12:00 PM,93,59,8,29.73,Clear,0,0,0,0,0,,,
04/24/2023,12:30 PM,91,66,8,29.7,Clear,0,0,0,0,0,,,
04/24/2023,1:00 PM,93,59,8,29.7,Clear,0,0,0,0,0,,,
04/24/2023,1:30 PM,93,56,9,29.67,Clear,0,0,0,0,0,,,
04/24/2023,2:00 PM,95,56,12,29.67,Clear,0,0,0,0,0,,,
04/24/2023,2:30 PM,95,53,8,29.64,Clear,0,0,0,0,0,,,
04/24/2023,3:00 PM,95,49,9,29.64,Clear,0,0,0,0,0,,,
04/24/2023,3:30 PM,95,53,13,29.64,Clear,0,0,0,0,0,,,
04/24/2023,4:00 PM,93,56,12,29.64,Clear,0,0,0,0,0,,,
04/24/2023,4:30 PM,91,55,10,29.64,Clear,0,0,0,0,0,,,
04/24/2023,5:00 PM,90,62,8,29.64,Clear,0,0,0,0,0,,,
04/24/2023,5:30 PM,88,66,9,29.64,Clear,0,0,0,0,0,,,
04/24/2023,6:00 PM,88,66,9,29.64,Clear,0,0,0,0,0,,,
04/24/2023,6:30 PM,86,74,7,29.67,Clear,0,0,0,0,0,,,
04/24/2023,7:00 PM,86,74,7,29.67,Clear,0,0,0,0,0,,,
04/24/2023,7:30 PM,84,79,3,29.7,Clear,0,0,0,0,0,,,
04/24/2023,8:00 PM,84,79,2,29.7,Clear,0,0,0,0,0,,,
04/24/2023,8:30 PM,84,79,3,29.7,Clear,0,0,0,0,0,,,
04/24/2023,9:00 PM,84,79,5,29.7,Clear,0,0,0,0,0,,,
04/24/2023,9:30 PM,82,84,0,29.7,Clear,0,0,0,0,0,,,
04/24/2023,10:00 PM,82,84,0,29.7,Clear,0,0,0,0,0,,,
04/24/2023,10:30 PM,81,89,0,29.7,Clear,0,0,0,0,0,,,
04/24/2023,11:00 PM,81,89,0,29.7,Clear,0,0,0,0,0,,,
04/24/2023,11:30 PM,81,89,0,29.7,Clear,0,0,0,0,0,,,
04/25/2023,12:00 AM,79,94,0,29.7,Clear,0,0,0,0,0,,,
04/25/2023,12:30 AM,79,94,0,29.7,Clear,0,0,0,0,0,,,
04/25/2023,1:00 AM,79,94,0,29.67,Clear,0,0,0,0,0,,,
04/25/2023,1:30 AM,79,94,0,29.67,Clear,0,0,0,0,0,,,
04/25/2023,2:00 AM,77,94,0,29.67,Clear,0,0,0,0,0,,,
04/25/2023,2:30 AM,77,94,0,29.64,Clear,0,0,0,0,0,,,
04/25/2023,3:00 AM,77,94,0,29.64,Clear,0,0,0,0,0,,,
04/25/2023,3:30 AM,77,94,0,29.64,Clear,0,0,0,0,0,,,
04/25/2023,4:00 AM,75,100,0,29.64,Clear,0,0,0,0,0,,,
04/25/2023,4:30 AM,75,100,0,29.64,Clear,0,0,0,0,0,,,
04/25/2023,5:00 AM,75,100,0,29.64,Clear,0,0,0,0,0,,,
04/25/2023,5:30 AM,75,100,5,29.67,Clear,0,0,0,0,0,,,
04/25/2023,6:00 AM,75,100,0,29.64,Clear,0,0,0,0,0,,,
04/25/2023,6:30 AM,75,100,0,29.67,Clear,0,0,0,0,0,,,
04/25/2023,7:00 AM,77,100,0,29.67,Clear,0,0,0,0,0,,,
04/25/2023,7:30 AM,81,94,0,29.67,Clear,0,0,0,0,0,,,
04/25/2023,8:00 AM,82,94,2,29.7,Clear,0,0,0,0,0,,,
04/25/2023,8:30 AM,86,84,1,29.7,Clear,0,0,0,0,0,,,
04/25/2023,9:00 AM,88,84,5,29.7,Clear,0,0,0,0,0,,,
04/25/2023,9:30 AM,90,75,3,29.7,Clear,0,0,0,0,0,,,
04/25/2023,10:00 AM,90,75,3,29.7,Clear,0,0,0,0,0,,,
04/25/2023,10:30 AM,91,71,9,29.7,Clear,0,0,0,0,0,,,
04/25/2023,11:00 AM,91,66,5,29.7,Clear,0,0,0,0,0,,,
04/25/2023,11:30 AM,91,63,7,29.7,Clear,0,0,0,0,0,,,
04/25/2023,12:00 PM,93,59,7,29.7,Clear,0,0,0,0,0,,,
04/25/2023,12:30 PM,95,53,13,29.67,Clear,0,0,0,0,0,,,
04/25/2023,1:00 PM,95,49,15,29.67,Clear,0,0,0,0,0,,,
04/25/2023,1:30 PM,97,47,16,29.64,Clear,0,0,0,0,0,,,
04/25/2023,2:00 PM,97,50,16,29.64,Clear,0,0,0,0,0,,,
04/25/2023,2:30 PM,97,47,17,29.61,Clear,0,0,0,0,0,,,
04/25/2023,3:00 PM,95,49,13,29.61,Clear,0,0,0,0,0,,,
04/25/2023,3:30 PM,93,52,15,29.61,Clear,0,0,0,0,0,,,
04/25/2023,4:00 PM,93,52,14,29.61,Clear,0,0,0,0,0,,,
04/25/2023,4:30 PM,93,56,12,29.58,Clear,0,0,0,0,0,,,
04/25/2023,5:00 PM,91,59,14,29.61,Clear,0,0,0,0,0,,,
04/25/2023,5:30 PM,90,62,13,29.61,Clear,0,0,0,0,0,,,
04/25/2023,6:00 PM,90,62,9,29.61,Clear,0,0,0,0,0,,,
04/25/2023,6:30 PM,88,66,8,29.61,Clear,0,0,0,0,0,,,
04/25/2023,7:00 PM,86,66,6,29.61,Clear,0,0,0,0,0,,,
04/25/2023,7:30 PM,86,70,7,29.61,Clear,0,0,0,0,0,,,
04/25/2023,8:00 PM,82,79,5,29.64,Clear,0,0,0,0,0,,,
04/25/2023,8:30 PM,81,79,2,29.67,Clear,0,0,0,0,0,,,
04/25/2023,9:00 PM,79,89,0,29.67,Clear,0,0,0,0,0,,,
04/25/2023,9:30 PM,79,89,2,29.67,Clear,0,0,0,0,0,,,
04/25/2023,10:00 PM,77,94,3,29.7,Clear,0,0,0,0,0,,,
04/25/2023,10:30 PM,77,94,3,29.7,Clear,0,0,0,0,0,,,
04/25/2023,11:00 PM,77,94,2,29.7,Clear,0,0,0,0,0,,,
04/25/2023,11:30 PM,77,94,0,29.7,Clear,0,0,0,0,0,,,
04/26/2023,12:00 AM,77,94,0,29.67,Clear,0,0,0,0,0,,,
04/26/2023,12:30 AM,77,94,0,29.67,Clear,0,0,0,0,0,,,
04/26/2023,1:00 AM,77,94,0,29.67,Clear,0,0,0,0,0,,,
04/26/2023,1:30 AM,75,94,0,29.67,Clear,0,0,0,0,0,,,
04/26/2023,2:00 AM,75,100,0,29.67,Clear,0,0,0,0,0,,,
04/26/2023,2:30 AM,75,94,0,29.64,Clear,0,0,0,0,0,,,
04/26/2023,3:00 AM,75,100,0,29.64,Clear,0,0,0,0,0,,,
04/26/2023,3:30 AM,75,100,0,29.64,Clear,0,0,0,0,0,,,
04/26/2023,4:00 AM,75,94,0,29.61,Clear,0,0,0,0,0,,,
04/26/2023,4:30 AM,75,94,0,29.61,Clear,0,0,0,0,0,,,
04/26/2023,5:00 AM,75,100,0,29.64,Clear,0,0,0,0,0,,,
04/26/2023,5:30 AM,75,100,0,29.64,Clear,0,0,0,0,0,,,
04/26/2023,6:00 AM,75,100,0,29.67,Clear,0,0,0,0,0,,,
04/26/2023,6:30 AM,75,94,0,29.67,Clear,0,0,0,0,0,,,
04/26/2023,7:00 AM,77,94,0,29.67,Clear,0,0,0,0,0,,,
04/26/2023,7:30 AM,79,94,0,29.7,Clear,0,0,0,0,0,,,
04/26/2023,8:00 AM,84,89,0,29.7,Clear,0,0,0,0,0,,,
04/26/2023,8:30 AM,86,84,0,29.7,Clear,0,0,0,0,0,,,
04/26/2023,9:00 AM,86,84,0,29.73,Clear,0,0,0,0,0,,,
04/26/2023,9:30 AM,90,79,2,29.7,Clear,0,0,0,0,0,,,
04/26/2023,10:00 AM,90,75,6,29.7,Clear,0,0,0,0,0,,,
04/26/2023,10:30 AM,90,75,7,29.7,Clear,0,0,0,0,0,,,
04/26/2023,11:00 AM,90,70,9,29.67,Clear,0,0,0,0,0,,,
04/26/2023,11:30 AM,93,63,7,29.67,Clear,0,0,0,0,0,,,
04/26/2023,12:00 PM,93,59,8,29.67,Clear,0,0,0,0,0,,,
04/26/2023,12:30 PM,93,59,9,29.64,Clear,0,0,0,0,0,,,
04/26/2023,1:00 PM,93,56,9,29.64,Clear,0,0,0,0,0,,,
04/26/2023,1:30 PM,95,56,10,29.61,Clear,0,0,0,0,0,,,
04/26/2023,2:00 PM,95,53,13,29.61,Clear,0,0,0,0,0,,,
04/26/2023,2:30 PM,95,53,13,29.58,Clear,0,0,0,0,0,,,
04/26/2023,3:00 PM,95,53,14,29.58,Clear,0,0,0,0,0,,,
04/26/2023,3:30 PM,95,53,14,29.58,Clear,0,0,0,0,0,,,
04/26/2023,4:00 PM,91,59,16,29.58,Clear,0,0,0,0,0,,,
04/26/2023,4:30 PM,93,56,16,29.55,Clear,0,0,0,0,0,,,
04/26/2023,5:00 PM,91,59,15,29.55,Clear,0,0,0,0,0,,,
04/26/2023,5:30 PM,91,55,14,29.58,Clear,0,0,0,0,0,,,
04/26/2023,6:00 PM,90,59,13,29.58,Clear,0,0,0,0,0,,,
04/26/2023,6:30 PM,88,66,12,29.58,Clear,0,0,0,0,0,,,
04/26/2023,7:00 PM,86,70,8,29.61,Clear,0,0,0,0,0,,,
04/26/2023,7:30 PM,86,70,7,29.61,Clear,0,0,0,0,0,,,
04/26/2023,8:00 PM,84,79,7,29.64,Clear,0,0,0,0,0,,,
04/26/2023,8:30 PM,84,79,6,29.64,Clear,0,0,0,0,0,,,
04/26/2023,9:00 PM,82,84,3,29.67,Clear,0,0,0,0,0,,,
04/26/2023,9:30 PM,82,84,6,29.67,Clear,0,0,0,0,0,,,
04/26/2023,10:00 PM,82,84,5,29.7,Clear,0,0,0,0,0,,,
04/26/2023,10:30 PM,82,84,5,29.7,Clear,0,0,0,0,0,,,
04/26/2023,11:00 PM,82,84,3,29.7,Clear,0,0,0,0,0,,,
04/26/2023,11:30 PM,81,89,2,29.7,Clear,0,0,0,0,0,,,
04/27/2023,12:00 AM,79,89,0,29.7,Clear,0,0,0,0,0,,,
04/27/2023,12:30 AM,79,89,3,29.7,Rain,0,0,0,0,0,,,
04/27/2023,1:00 AM,79,89,5,29.67,Rain,0,0,0,0,0,,,
04/27/2023,1:30 AM,77,94,0,29.67,Clear,0,0,0,0,0,,,
04/27/2023,2:00 AM,77,94,0,29.64,Clear,0,0,0,0,0,,,
04/27/2023,2:30 AM,77,94,2,29.64,Clear,0,0,0,0,0,,,
04/27/2023,3:00 AM,77,94,3,29.64,Clear,0,0,0,0,0,,,
04/27/2023,3:30 AM,75,100,3,29.64,Clear,0,0,0,0,0,,,
04/27/2023,4:00 AM,75,100,3,29.64,Clear,0,0,0,0,0,,,
04/27/2023,4:30 AM,77,94,3,29.64,Clear,0,0,0,0,0,,,
04/27/2023,5:00 AM,77,94,3,29.64,Clear,0,0,0,0,0,,,
04/27/2023,5:30 AM,77,94,5,29.64,Clear,0,0,0,0,0,,,
04/27/2023,6:00 AM,77,94,5,29.67,Clear,0,0,0,0,0,,,
04/27/2023,6:30 AM,77,94,0,29.67,Clear,0,0,0,0,0,,,
04/27/2023,7:00 AM,77,100,2,29.67,Clear,0,0,0,0,0,,,
04/27/2023,7:30 AM,79,94,3,29.7,Clear,0,0,0,0,0,,,
04/27/2023,8:00 AM,82,89,2,29.7,Clear,0,0,0,0,0,,,
04/27/2023,8:30 AM,84,89,3,29.73,Clear,0,0,0,0,0,,,
04/27/2023,9:00 AM,86,79,5,29.73,Clear,0,0,0,0,0,,,
04/27/2023,9:30 AM,88,79,6,29.73,Clear,0,0,0,0,0,,,
04/27/2023,10:00 AM,90,75,9,29.73,Clear,0,0,0,0,0,,,
04/27/2023,10:30 AM,91,66,12,29.73,Clear,0,0,0,0,0,,,
04/27/2023,11:00 AM,93,63,6,29.7,Clear,0,0,0,0,0,,,
04/27/2023,11:30 AM,93,59,10,29.7,Clear,0,0,0,0,0,,,
04/27/2023,12:00 PM,95,53,10,29.7,Clear,0,0,0,0,0,,,
04/27/2023,12:30 PM,93,56,9,29.67,Clear,0,0,0,0,0,,,
04/27/2023,1:00 PM,95,53,13,29.67,Clear,0,0,0,0,0,,,
04/27/2023,1:30 PM,95,49,14,29.64,Clear,0,0,0,0,0,,,
04/27/2023,2:00 PM,95,47,13,29.64,Clear,0,0,0,0,0,,,
04/27/2023,2:30 PM,95,47,12,29.61,Clear,0,0,0,0,0,,,
04/27/2023,3:00 PM,95,47,14,29.61,Clear,0,0,0,0,0,,,
04/27/2023,3:30 PM,95,47,14,29.61,Clear,0,0,0,0,0,,,
04/27/2023,4:00 PM,93,49,14,29.58,Clear,0,0,0,0,0,,,
04/27/2023,4:30 PM,93,46,12,29.58,Clear,0,0,0,0,0,,,
04/27/2023,5:00 PM,91,52,13,29.61,Clear,0,0,0,0,0,,,
04/27/2023,5:30 PM,90,59,10,29.61,Clear,0,0,0,0,0,,,
04/27/2023,6:00 PM,88,66,10,29.61,Clear,0,0,0,0,0,,,
04/27/2023,6:30 PM,86,70,9,29.64,Clear,0,0,0,0,0,,,
04/27/2023,7:00 PM,84,74,7,29.64,Clear,0,0,0,0,0,,,
04/27/2023,7:30 PM,84,79,7,29.67,Clear,0,0,0,0,0,,,
04/27/2023,8:00 PM,84,79,6,29.67,Clear,0,0,0,0,0,,,
04/27/2023,8:30 PM,82,84,5,29.67,Clear,0,0,0,0,0,,,
04/27/2023,9:00 PM,81,84,0,29.7,Clear,0,0,0,0,0,,,
04/27/2023,9:30 PM,79,89,0,29.73,Clear,0,0,0,0,0,,,
04/27/2023,10:00 PM,79,89,0,29.73,Clear,0,0,0,0,0,,,
04/27/2023,10:30 PM,79,89,1,29.73,Clear,0,0,0,0,0,,,
04/27/2023,11:00 PM,79,89,0,29.73,Clear,0,0,0,0,0,,,
04/27/2023,11:30 PM,77,94,0,29.73,Clear,0,0,0,0,0,,,
04/28/2023,12:00 AM,77,94,0,29.73,Clear,0,0,0,0,0,,,
04/28/2023,12:30 AM,77,94,0,29.7,Clear,0,0,0,0,0,,,
04/28/2023,1:00 AM,77,94,0,29.7,Clear,0,0,0,0,0,,,
04/28/2023,1:30 AM,77,94,1,29.7,Clear,0,0,0,0,0,,,
04/28/2023,2:00 AM,77,94,0,29.67,Clear,0,0,0,0,0,,,
04/28/2023,2:30 AM,77,94,0,29.67,Clear,0,0,0,0,0,,,
04/28/2023,3:00 AM,77,94,0,29.67,Clear,0,0,0,0,0,,,
04/28/2023,3:30 AM,77,94,0,29.67,Clear,0,0,0,0,0,,,
04/28/2023,4:00 AM,75,94,0,29.67,Clear,0,0,0,0,0,,,
04/28/2023,4:30 AM,75,100,0,29.67,Clear,0,0,0,0,0,,,
04/28/2023,5:00 AM,75,94,0,29.67,Clear,0,0,0,0,0,,,
04/28/2023,5:30 AM,75,94,0,29.7,Clear,0,0,0,0,0,,,
04/28/2023,6:00 AM,75,94,0,29.7,Clear,0,0,0,0,0,,,
04/28/2023,6:30 AM,75,94,0,29.7,Clear,0,0,0,0,0,,,
04/28/2023,7:00 AM,77,94,0,29.7,Clear,0,0,0,0,0,,,
04/28/2023,7:30 AM,77,100,0,29.73,Clear,0,0,0,0,0,,,
04/28/2023,8:00 AM,81,94,0,29.73,Clear,0,0,0,0,0,,,
04/28/2023,8:30 AM,86,84,0,29.73,Clear,0,0,0,0,0,,,
04/28/2023,9:00 AM,88,79,0,29.73,Clear,0,0,0,0,0,,,
04/28/2023,9:30 AM,88,79,5,29.73,Clear,0,0,0,0,0,,,
04/28/2023,10:00 AM,90,70,5,29.73,Clear,0,0,0,0,0,,,
04/28/2023,10:30 AM,91,66,7,29.73,Clear,0,0,0,0,0,,,
04/28/2023,11:00 AM,93,59,5,29.73,Clear,0,0,0,0,0,,,
04/28/2023,11:30 AM,93,59,9,29.73,Clear,0,0,0,0,0,,,
04/28/2023,12:00 PM,95,53,8,29.7,Clear,0,0,0,0,0,,,
04/28/2023,12:30 PM,95,53,7,29.7,Clear,0,0,0,0,0,,,
04/28/2023,1:00 PM,93,59,9,29.67,Clear,0,0,0,0,0,,,
04/28/2023,1:30 PM,95,56,10,29.67,Clear,0,0,0,0,0,,,
04/28/2023,2:00 PM,93,56,10,29.64,Clear,0,0,0,0,0,,,
04/28/2023,2:30 PM,95,56,9,29.61,Clear,0,0,0,0,0,,,
04/28/2023,3:00 PM,93,59,10,29.61,Clear,0,0,0,0,0,,,
04/28/2023,3:30 PM,93,59,8,29.58,Clear,0,0,0,0,0,,,
04/28/2023,4:00 PM,93,56,12,29.58,Clear,0,0,0,0,0,,,
04/28/2023,4:30 PM,93,59,9,29.58,Clear,0,0,0,0,0,,,
04/28/2023,5:00 PM,91,63,12,29.58,Clear,0,0,0,0,0,,,
04/28/2023,5:30 PM,90,66,9,29.61,Clear,0,0,0,0,0,,,
04/28/2023,6:00 PM,88,70,7,29.61,Clear,0,0,0,0,0,,,
04/28/2023,6:30 PM,88,70,5,29.64,Clear,0,0,0,0,0,,,
04/28/2023,7:00 PM,86,74,5,29.64,Clear,0,0,0,0,0,,,
04/28/2023,7:30 PM,86,74,0,29.67,Clear,0,0,0,0,0,,,
04/28/2023,8:00 PM,82,84,6,29.67,Clear,0,0,0,0,0,,,
04/28/2023,8:30 PM,82,79,2,29.7,Clear,0,0,0,0,0,,,
04/28/2023,9:00 PM,81,84,2,29.7,Clear,0,0,0,0,0,,,
04/28/2023,9:30 PM,81,89,2,29.73,Clear,0,0,0,0,0,,,
04/28/2023,10:00 PM,81,84,0,29.73,Clear,0,0,0,0,0,,,
04/28/2023,10:30 PM,79,89,0,29.73,Clear,0,0,0,0,0,,,
04/28/2023,11:00 PM,79,89,0,29.73,Clear,0,0,0,0,0,,,
04/28/2023,11:30 PM,79,89,3,29.73,Clear,0,0,0,0,0,,,
04/29/2023,12:00 AM,79,89,3,29.7,Clear,0,0,0,0,0,,,
04/29/2023,12:30 AM,77,94,0,29.7,Clear,0,0,0,0,0,,,
04/29/2023,1:00 AM,77,94,0,29.7,Clear,0,0,0,0,0,,,
04/29/2023,1:30 AM,77,94,0,29.67,Clear,0,0,0,0,0,,,
04/29/2023,2:00 AM,77,94,0,29.64,Clear,0,0,0,0,0,,,
04/29/2023,2:30 AM,77,94,0,29.64,Clear,0,0,0,0,0,,,
04/29/2023,3:00 AM,77,94,0,29.64,Clear,0,0,0,0,0,,,
04/29/2023,3:30 AM,77,94,0,29.64,Clear,0,0,0,0,0,,,
04/29/2023,4:00 AM,77,94,0,29.64,Clear,0,0,0,0,0,,,
04/29/2023,4:30 AM,77,94,0,29.64,Clear,0,0,0,0,0,,,
04/29/2023,5:00 AM,77,94,0,29.64,Clear,0,0,0,0,0,,,
04/29/2023,5:30 AM,77,94,3,29.67,Clear,0,0,0,0,0,,,
04/29/2023,6:00 AM,77,94,0,29.67,Clear,0,0,0,0,0,,,
04/29/2023,6:30 AM,77,94,2,29.67,Clear,0,0,0,0,0,,,
04/29/2023,7:00 AM,77,100,0,29.67,Clear,0,0,0,0,0,,,
04/29/2023,7:30 AM,79,100,2,29.7,Clear,0,0,0,0,0,,,
04/29/2023,8:00 AM,82,89,3,29.7,Clear,0,0,0,0,0,,,
04/29/2023,8:30 AM,84,89,3,29.73,Clear,0,0,0,0,0,,,
04/29/2023,9:00 AM,88,79,0,29.73,Clear,0,0,0,0,0,,,
04/29/2023,9:30 AM,90,75,0,29.73,Clear,0,0,0,0,0,,,
04/29/2023,10:00 AM,91,71,3,29.73,Clear,0,0,0,0,0,,,
04/29/2023,10:30 AM,91,66,7,29.7,Clear,0,0,0,0,0,,,
04/29/2023,11:00 AM,95,63,5,29.7,Clear,0,0,0,0,0,,,
04/29/2023,11:30 AM,91,63,3,29.7,Clear,0,0,0,0,0,,,
04/29/2023,12:00 PM,97,56,5,29.67,Clear,0,0,0,0,0,,,
04/29/2023,12:30 PM,97,53,6,29.67,Clear,0,0,0,0,0,,,
04/29/2023,1:00 PM,97,53,5,29.64,Clear,0,0,0,0,0,,,
04/29/2023,1:30 PM,93,56,3,29.61,Rain,0,0,0,0,0,,,
04/29/2023,2:00 PM,91,63,7,29.61,Rain,0,0,0,0,0,,,
04/29/2023,2:30 PM,84,74,9,29.58,Clear,0,0,0,0,0,,,
04/29/2023,3:00 PM,84,74,12,29.61,Clear,0,0,0,0,0,,,
04/29/2023,3:30 PM,82,79,5,29.58,Clear,0,0,0,0,0,,,
04/29/2023,4:00 PM,84,79,3,29.58,Clear,0,0,0,0,0,,,
04/29/2023,4:30 PM,86,74,3,29.58,Clear,0,0,0,0,0,,,
04/29/2023,5:00 PM,84,79,3,29.58,Clear,0,0,0,0,0,,,
04/29/2023,5:30 PM,82,84,5,29.61,Clear,0,0,0,0,0,,,
04/29/2023,6:00 PM,82,84,2,29.61,Clear,0,0,0,0,0,,,
04/29/2023,6:30 PM,81,89,3,29.61,Clear,0,0,0,0,0,,,
04/29/2023,7:00 PM,81,89,3,29.64,Clear,0,0,0,0,0,,,
04/29/2023,7:30 PM,79,94,2,29.64,Clear,0,0,0,0,0,,,
04/29/2023,8:00 PM,79,94,3,29.67,Clear,0,0,0,0,0,,,
04/29/2023,8:30 PM,79,89,0,29.67,Clear,0,0,0,0,0,,,
04/29/2023,9:00 PM,79,89,0,29.7,Clear,0,0,0,0,0,,,
04/29/2023,9:30 PM,79,89,6,29.7,Clear,0,0,0,0,0,,,
04/29/2023,10:00 PM,77,94,0,29.7,Clear,0,0,0,0,0,,,
04/29/2023,10:30 PM,77,94,0,29.7,Clear,0,0,0,0,0,,,
04/29/2023,11:00 PM,77,94,0,29.7,Clear,0,0,0,0,0,,,
04/29/2023,11:30 PM,77,94,0,29.7,Clear,0,0,0,0,0,,,
04/30/2023,12:00 AM,77,94,0,29.67,Clear,0,0,0,0,0,,,
04/30/2023,12:30 AM,77,94,0,29.67,Clear,0,0,0,0,0,,,
04/30/2023,1:00 AM,77,94,0,29.67,Clear,0,0,0,0,0,,,
04/30/2023,1:30 AM,75,100,0,29.64,Clear,0,0,0,0,0,,,
04/30/2023,2:00 AM,75,100,0,29.64,Clear,0,0,0,0,0,,,
04/30/2023,2:30 AM,75,100,0,29.61,Clear,0,0,0,0,0,,,
04/30/2023,3:00 AM,75,100,0,29.61,Clear,0,0,0,0,0,,,
04/30/2023,3:30 AM,75,100,0,29.61,Clear,0,0,0,0,0,,,
04/30/2023,4:00 AM,75,100,0,29.61,Clear,0,0,0,0,0,,,
04/30/2023,4:30 AM,75,100,0,29.61,Clear,0,0,0,0,0,,,
04/30/2023,5:00 AM,75,94,0,29.61,Clear,0,0,0,0,0,,,
04/30/2023,5:30 AM,75,94,0,29.61,Clear,0,0,0,0,0,,,
04/30/2023,6:00 AM,75,94,0,29.61,Clear,0,0,0,0,0,,,
04/30/2023,6:30 AM,75,100,0,29.64,Clear,0,0,0,0,0,,,
04/30/2023,7:00 AM,77,94,1,29.64,Clear,0,0,0,0,0,,,
04/30/2023,7:30 AM,79,100,0,29.64,Clear,0,0,0,0,0,,,
04/30/2023,8:00 AM,84,89,0,29.67,Clear,0,0,0,0,0,,,
04/30/2023,8:30 AM,86,89,3,29.67,Clear,0,0,0,0,0,,,
04/30/2023,9:00 AM,88,84,6,29.67,Clear,0,0,0,0,0,,,
04/30/2023,9:30 AM,90,75,5,29.67,Clear,0,0,0,0,0,,,
04/30/2023,10:00 AM,91,71,8,29.7,Clear,0,0,0,0,0,,,
04/30/2023,10:30 AM,93,67,8,29.7,Clear,0,0,0,0,0,,,
04/30/2023,11:00 AM,93,63,8,29.7,Clear,0,0,0,0,0,,,
04/30/2023,11:30 AM,93,63,7,29.67,Clear,0,0,0,0,0,,,
04/30/2023,12:00 PM,95,59,8,29.67,Clear,0,0,0,0,0,,,
04/30/2023,12:30 PM,95,59,8,29.64,Clear,0,0,0,0,0,,,
04/30/2023,1:00 PM,95,56,8,29.61,Clear,0,0,0,0,0,,,
04/30/2023,1:30 PM,95,53,9,29.61,Clear,0,0,0,0,0,,,
04/30/2023,2:00 PM,97,50,12,29.58,Clear,0,0,0,0,0,,,
04/30/2023,2:30 PM,95,53,12,29.58,Clear,0,0,0,0,0,,,
04/30/2023,3:00 PM,95,49,15,29.58,Clear,0,0,0,0,0,,,
04/30/2023,3:30 PM,95,53,13,29.55,Clear,0,0,0,0,0,,,
04/30/2023,4:00 PM,93,56,14,29.55,Clear,0,0,0,0,0,,,
04/30/2023,4:30 PM,91,59,15,29.55,Clear,0,0,0,0,0,,,
04/30/2023,5:00 PM,91,59,15,29.58,Clear,0,0,0,0,0,,,
04/30/2023,5:30 PM,90,66,14,29.58,Clear,0,0,0,0,0,,,
04/30/2023,6:00 PM,90,66,12,29.58,Clear,0,0,0,0,0,,,
04/30/2023,6:30 PM,88,70,12,29.61,Clear,0,0,0,0,0,,,
04/30/2023,7:00 PM,86,74,10,29.61,Clear,0,0,0,0,0,,,
04/30/2023,7:30 PM,86,74,6,29.64,Clear,0,0,0,0,0,,,
04/30/2023,8:00 PM,86,74,7,29.64,Clear,0,0,0,0,0,,,
04/30/2023,8:30 PM,86,74,8,29.67,Clear,0,0,0,0,0,,,
04/30/2023,9:00 PM,86,74,7,29.67,Clear,0,0,0,0,0,,,
04/30/2023,9:30 PM,84,79,6,29.67,Clear,0,0,0,0,0,,,
04/30/2023,10:00 PM,82,84,3,29.7,Clear,0,0,0,0,0,,,
04/30/2023,10:30 PM,81,89,0,29.7,Clear,0,0,0,0,0,,,
04/30/2023,11:00 PM,81,89,0,29.7,Clear,0,0,0,0,0,,,
04/30/2023,11:30 PM,81,89,0,29.7,Clear,0,0,0,0,0,,,
5/1/2023,12:00 AM,81,89,0,29.67,Clear,0,0,0,0,0,,,
5/1/2023,12:30 AM,79,94,0,29.67,Clear,0,0,0,0,0,,,
5/1/2023,1:00 AM,79,94,0,29.64,Clear,0,0,0,0,0,,,
5/1/2023,1:30 AM,79,94,0,29.64,Clear,0,0,0,0,0,,,
5/1/2023,2:00 AM,79,94,0,29.64,Clear,0,0,0,0,0,,,
5/1/2023,2:30 AM,79,94,0,29.61,Clear,0,0,0,0,0,,,
5/1/2023,3:00 AM,79,94,2,29.61,Clear,0,0,0,0,0,,,
5/1/2023,3:30 AM,77,94,0,29.61,Clear,0,0,0,0,0,,,
5/1/2023,4:00 AM,77,94,2,29.61,Clear,0,0,0,0,0,,,
5/1/2023,4:30 AM,77,94,0,29.61,Clear,0,0,0,0,0,,,
5/1/2023,5:00 AM,77,94,0,29.61,Clear,0,0,0,0,0,,,
5/1/2023,5:30 AM,77,94,0,29.61,Clear,0,0,0,0,0,,,
5/1/2023,6:00 AM,75,100,0,29.64,Clear,0,0,0,0,0,,,
5/1/2023,6:30 AM,77,100,3,29.64,Clear,0,0,0,0,0,,,
5/1/2023,7:00 AM,79,94,3,29.67,Clear,0,0,0,0,0,,,
5/1/2023,7:30 AM,81,94,0,29.67,Clear,0,0,0,0,0,,,
5/1/2023,8:00 AM,84,89,1,29.67,Clear,0,0,0,0,0,,,
5/1/2023,8:30 AM,84,89,0,29.67,Clear,0,0,0,0,0,,,
5/1/2023,9:00 AM,90,75,0,29.7,Clear,0,0,0,0,0,,,
5/1/2023,9:30 AM,90,75,5,29.7,Clear,0,0,0,0,0,,,
5/1/2023,10:00 AM,91,66,2,29.7,Clear,0,0,0,0,0,,,
5/1/2023,10:30 AM,93,63,5,29.7,Clear,0,0,0,0,0,,,
5/1/2023,11:00 AM,93,59,6,29.67,Clear,0,0,0,0,0,,,
5/1/2023,11:30 AM,93,56,9,29.67,Clear,0,0,0,0,0,,,
5/1/2023,12:00 PM,95,53,9,29.67,Clear,0,0,0,0,0,,,
5/1/2023,12:30 PM,95,53,6,29.64,Clear,0,0,0,0,0,,,
5/1/2023,1:00 PM,97,50,5,29.64,Rain,0,0,0,0,0,,,
5/1/2023,1:30 PM,82,79,5,29.61,Rain,0,0,0,0,0,,,
5/1/2023,2:00 PM,90,70,5,29.61,Clear,0,0,0,0,0,,,
5/1/2023,2:30 PM,93,59,14,29.58,Clear,0,0,0,0,0,,,
5/1/2023,3:00 PM,84,74,6,29.58,Clear,0,0,0,0,0,,,
5/1/2023,3:30 PM,84,79,0,29.58,Clear,0,0,0,0,0,,,
5/1/2023,4:00 PM,86,74,0,29.58,Clear,0,0,0,0,0,,,
5/1/2023,4:30 PM,90,62,10,29.58,Clear,0,0,0,0,0,,,
5/1/2023,5:00 PM,90,62,14,29.58,Clear,0,0,0,0,0,,,
5/1/2023,5:30 PM,88,66,14,29.58,Clear,0,0,0,0,0,,,
5/1/2023,6:00 PM,88,70,13,29.58,Clear,0,0,0,0,0,,,
5/1/2023,6:30 PM,86,74,8,29.61,Clear,0,0,0,0,0,,,
5/1/2023,7:00 PM,86,74,7,29.61,Clear,0,0,0,0,0,,,
5/1/2023,7:30 PM,86,79,5,29.61,Clear,0,0,0,0,0,,,
5/1/2023,8:00 PM,84,84,6,29.64,Clear,0,0,0,0,0,,,
5/1/2023,8:30 PM,84,84,6,29.67,Clear,0,0,0,0,0,,,
5/1/2023,9:00 PM,84,84,5,29.67,Clear,0,0,0,0,0,,,
5/1/2023,9:30 PM,82,84,5,29.7,Clear,0,0,0,0,0,,,
5/1/2023,10:00 PM,82,84,0,29.7,Clear,0,0,0,0,0,,,
5/1/2023,10:30 PM,81,89,2,29.7,Clear,0,0,0,0,0,,,
5/1/2023,11:00 PM,81,89,5,29.7,Clear,0,0,0,0,0,,,
5/1/2023,11:30 PM,79,94,0,29.7,Clear,0,0,0,0,0,,,
5/2/2023,12:00 AM,79,94,2,29.7,Clear,0,0,0,0,0,,,
5/2/2023,12:30 AM,79,94,2,29.7,Clear,0,0,0,0,0,,,
5/2/2023,1:00 AM,79,94,0,29.7,Clear,0,0,0,0,0,,,
5/2/2023,1:30 AM,79,94,0,29.67,Clear,0,0,0,0,0,,,
5/2/2023,2:00 AM,79,94,1,29.67,Clear,0,0,0,0,0,,,
5/2/2023,2:30 AM,77,100,0,29.64,Clear,0,0,0,0,0,,,
5/2/2023,3:00 AM,77,94,0,29.64,Clear,0,0,0,0,0,,,
5/2/2023,3:30 AM,77,94,1,29.64,Clear,0,0,0,0,0,,,
5/2/2023,4:00 AM,79,94,5,29.64,Clear,0,0,0,0,0,,,
5/2/2023,4:30 AM,77,100,5,29.61,Clear,0,0,0,0,0,,,
5/2/2023,5:00 AM,77,94,5,29.64,Clear,0,0,0,0,0,,,
5/2/2023,5:30 AM,77,94,2,29.64,Clear,0,0,0,0,0,,,
5/2/2023,6:00 AM,77,94,0,29.64,Clear,0,0,0,0,0,,,
5/2/2023,6:30 AM,77,94,3,29.67,Clear,0,0,0,0,0,,,
5/2/2023,7:00 AM,79,94,2,29.67,Clear,0,0,0,0,0,,,
5/2/2023,7:30 AM,79,94,0,29.7,Clear,0,0,0,0,0,,,
5/2/2023,8:00 AM,82,89,0,29.7,Clear,0,0,0,0,0,,,
5/2/2023,8:30 AM,84,89,0,29.7,Clear,0,0,0,0,0,,,
5/2/2023,9:00 AM,84,89,0,29.73,Clear,0,0,0,0,0,,,
5/2/2023,9:30 AM,88,79,2,29.73,Clear,0,0,0,0,0,,,
5/2/2023,10:00 AM,91,75,3,29.73,Clear,0,0,0,0,0,,,
5/2/2023,10:30 AM,91,71,5,29.73,Rain,0,0,0,0,0,,,
5/2/2023,11:00 AM,86,74,9,29.73,Rain,0,0,0,0,0,,,
5/2/2023,11:30 AM,82,84,6,29.73,Clear,0,0,0,0,0,,,
5/2/2023,12:00 PM,88,79,5,29.7,Clear,0,0,0,0,0,,,
5/2/2023,12:30 PM,86,79,7,29.7,Rain,0,0,0,0,0,,,
5/2/2023,1:00 PM,82,84,9,29.7,Clear,0,0,0,0,0,,,
5/2/2023,1:30 PM,81,89,6,29.67,Rain,0,0,0,0,0,,,
5/2/2023,2:00 PM,82,89,5,29.67,Rain,0,0,0,0,0,,,
5/2/2023,2:30 PM,82,89,6,29.67,Rain,0,0,0,0,0,,,
5/2/2023,3:00 PM,77,94,12,29.67,Rain,0,0,0,0,0,,,
5/2/2023,3:30 PM,77,94,5,29.67,Clear,0,0,0,0,0,,,
5/2/2023,4:00 PM,77,94,5,29.67,Rain,0,0,0,0,0,,,
5/2/2023,4:30 PM,79,89,7,29.67,Clear,0,0,0,0,0,,,
5/2/2023,5:00 PM,79,94,3,29.64,Clear,0,0,0,0,0,,,
5/2/2023,5:30 PM,79,94,0,29.64,Clear,0,0,0,0,0,,,
5/2/2023,6:00 PM,79,94,0,29.64,Clear,0,0,0,0,0,,,
5/2/2023,6:30 PM,79,94,0,29.64,Clear,0,0,0,0,0,,,
5/2/2023,7:00 PM,77,94,0,29.67,Clear,0,0,0,0,0,,,
5/2/2023,7:30 PM,77,100,5,29.67,Clear,0,0,0,0,0,,,
5/2/2023,8:00 PM,77,100,5,29.67,Clear,0,0,0,0,0,,,
5/2/2023,8:30 PM,77,94,0,29.7,Clear,0,0,0,0,0,,,
5/2/2023,9:00 PM,77,94,0,29.73,Clear,0,0,0,0,0,,,
5/2/2023,9:30 PM,77,94,0,29.73,Clear,0,0,0,0,0,,,
5/2/2023,10:00 PM,77,94,5,29.76,Clear,0,0,0,0,0,,,
5/2/2023,10:30 PM,77,94,5,29.76,Clear,0,0,0,0,0,,,
5/2/2023,11:00 PM,77,94,2,29.76,Clear,0,0,0,0,0,,,
5/2/2023,11:30 PM,77,94,0,29.73,Clear,0,0,0,0,0,,,
5/3/2023,12:00 AM,77,94,2,29.73,Clear,0,0,0,0,0,,,
5/3/2023,12:30 AM,77,94,2,29.73,Clear,0,0,0,0,0,,,
5/3/2023,1:00 AM,75,100,5,29.7,Clear,0,0,0,0,0,,,
5/3/2023,1:30 AM,75,100,3,29.7,Clear,0,0,0,0,0,,,
5/3/2023,2:00 AM,75,100,3,29.7,Clear,0,0,0,0,0,,,
5/3/2023,2:30 AM,75,100,0,29.67,Clear,0,0,0,0,0,,,
5/3/2023,3:00 AM,75,100,5,29.67,Clear,0,0,0,0,0,,,
5/3/2023,3:30 AM,75,100,0,29.67,Clear,0,0,0,0,0,,,
5/3/2023,4:00 AM,75,100,3,29.67,Clear,0,0,0,0,0,,,
5/3/2023,4:30 AM,75,100,3,29.67,Clear,0,0,0,0,0,,,
5/3/2023,5:00 AM,75,100,0,29.7,Clear,0,0,0,0,0,,,
5/3/2023,5:30 AM,75,94,0,29.7,Clear,0,0,0,0,0,,,
5/3/2023,6:00 AM,75,94,0,29.7,Clear,0,0,0,0,0,,,
5/3/2023,6:30 AM,75,100,0,29.73,Clear,0,0,0,0,0,,,
5/3/2023,7:00 AM,75,100,0,29.73,Clear,0,0,0,0,0,,,
5/3/2023,7:30 AM,77,100,0,29.73,Clear,0,0,0,0,0,,,
5/3/2023,8:00 AM,81,94,0,29.76,Clear,0,0,0,0,0,,,
5/3/2023,8:30 AM,84,89,3,29.76,Clear,0,0,0,0,0,,,
5/3/2023,9:00 AM,84,89,5,29.76,Clear,0,0,0,0,0,,,
5/3/2023,9:30 AM,88,84,5,29.76,Clear,0,0,0,0,0,,,
5/3/2023,10:00 AM,88,79,8,29.76,Clear,0,0,0,0,0,,,
5/3/2023,10:30 AM,90,75,7,29.76,Clear,0,0,0,0,0,,,
5/3/2023,11:00 AM,91,71,8,29.76,Clear,0,0,0,0,0,,,
5/3/2023,11:30 AM,93,63,7,29.73,Clear,0,0,0,0,0,,,
5/3/2023,12:00 PM,93,63,9,29.73,Clear,0,0,0,0,0,,,
5/3/2023,12:30 PM,95,56,10,29.73,Clear,0,0,0,0,0,,,
5/3/2023,1:00 PM,93,59,14,29.7,Rain,0,0,0,0,0,,,
5/3/2023,1:30 PM,91,63,12,29.7,Clear,1,1,0,0,0,,,
5/3/2023,2:00 PM,91,63,9,29.67,Clear,0,0,0,0,0,,,
5/3/2023,2:30 PM,93,59,12,29.64,Clear,0,0,0,0,0,,,
5/3/2023,3:00 PM,93,59,10,29.64,Clear,0,0,0,0,0,,,
5/3/2023,3:30 PM,91,63,10,29.61,Clear,0,0,0,0,0,,,
5/3/2023,4:00 PM,90,70,9,29.64,Clear,0,0,0,0,0,,,
5/3/2023,4:30 PM,88,70,9,29.64,Clear,0,0,0,0,0,,,
5/3/2023,5:00 PM,88,70,8,29.61,Clear,0,0,0,0,0,,,
5/3/2023,5:30 PM,88,70,8,29.64,Clear,0,0,0,0,0,,,
5/3/2023,6:00 PM,86,74,6,29.67,Clear,0,0,0,0,0,,,
5/3/2023,6:30 PM,86,74,8,29.67,Clear,0,0,0,0,0,,,
5/3/2023,7:00 PM,84,79,5,29.67,Clear,0,0,0,0,0,,,
5/3/2023,7:30 PM,84,79,6,29.7,Clear,0,0,0,0,0,,,
5/3/2023,8:00 PM,82,84,3,29.7,Clear,0,0,0,0,0,,,
5/3/2023,8:30 PM,81,89,2,29.7,Clear,0,0,0,0,0,,,
5/3/2023,9:00 PM,81,89,3,29.73,Clear,0,0,0,0,0,,,
5/3/2023,9:30 PM,79,89,2,29.73,Clear,0,0,0,0,0,,,
5/3/2023,10:00 PM,79,89,3,29.73,Clear,0,0,0,0,0,,,
5/3/2023,10:30 PM,79,89,3,29.73,Clear,0,0,0,0,0,,,
5/3/2023,11:00 PM,77,94,3,29.73,Clear,0,0,0,0,0,,,
5/3/2023,11:30 PM,77,94,5,29.73,Clear,0,0,0,0,0,,,
5/4/2023,12:00 AM,77,94,2,29.7,Clear,0,0,0,0,0,,,
5/4/2023,12:30 AM,77,94,0,29.7,Clear,0,0,0,0,0,,,
5/4/2023,1:00 AM,77,94,2,29.67,Clear,0,0,0,0,0,,,
5/4/2023,1:30 AM,77,94,0,29.67,Clear,0,0,0,0,0,,,
5/4/2023,2:00 AM,75,100,0,29.67,Clear,0,0,0,0,0,,,
5/4/2023,2:30 AM,75,100,0,29.67,Clear,0,0,0,0,0,,,
5/4/2023,3:00 AM,75,100,0,29.64,Clear,0,0,0,0,0,,,
5/4/2023,3:30 AM,75,100,0,29.64,Clear,0,0,0,0,0,,,
5/4/2023,4:00 AM,75,100,0,29.64,Clear,0,0,0,0,0,,,
5/4/2023,4:30 AM,75,100,0,29.64,Clear,0,0,0,0,0,,,
5/4/2023,5:00 AM,75,100,0,29.64,Clear,0,0,0,0,0,,,
5/4/2023,5:30 AM,75,94,0,29.67,Clear,0,0,0,0,0,,,
5/4/2023,6:00 AM,75,94,0,29.67,Clear,0,0,0,0,0,,,
5/4/2023,6:30 AM,75,100,0,29.67,Clear,0,0,0,0,0,,,
5/4/2023,7:00 AM,77,100,0,29.7,Clear,0,0,0,0,0,,,
5/4/2023,7:30 AM,81,94,0,29.7,Clear,0,0,0,0,0,,,
5/4/2023,8:00 AM,82,94,0,29.73,Clear,0,0,0,0,0,,,
5/4/2023,8:30 AM,86,84,2,29.73,Clear,0,0,0,0,0,,,
5/4/2023,9:00 AM,88,79,2,29.73,Clear,0,0,0,0,0,,,
5/4/2023,9:30 AM,90,75,2,29.73,Clear,0,0,0,0,0,,,
5/4/2023,10:00 AM,91,71,2,29.73,Clear,0,0,0,0,0,,,
5/4/2023,10:30 AM,91,71,5,29.73,Clear,0,0,0,0,0,,,
5/4/2023,11:00 AM,93,63,6,29.73,Clear,0,0,0,0,0,,,
5/4/2023,11:30 AM,91,66,2,29.73,Clear,0,0,0,0,0,,,
5/4/2023,12:00 PM,95,59,5,29.7,Clear,0,0,0,0,0,,,
5/4/2023,12:30 PM,93,59,6,29.7,Clear,0,0,0,0,0,,,
5/4/2023,1:00 PM,95,53,2,29.67,Clear,0,0,0,0,0,,,
5/4/2023,1:30 PM,95,56,12,29.67,Rain,0,0,0,0,0,,,
5/4/2023,2:00 PM,84,74,13,29.64,Clear,0,0,0,0,0,,,
5/4/2023,2:30 PM,84,70,7,29.64,Rain,0,0,0,0,0,,,
5/4/2023,3:00 PM,88,70,6,29.61,Clear,0,0,0,0,0,,,
5/4/2023,3:30 PM,91,63,7,29.58,Clear,0,0,0,0,0,,,
5/4/2023,4:00 PM,93,59,6,29.58,Clear,0,0,0,0,0,,,
5/4/2023,4:30 PM,93,59,7,29.58,Clear,0,0,0,0,0,,,
5/4/2023,5:00 PM,84,74,7,29.58,Clear,0,0,0,0,0,,,
5/4/2023,5:30 PM,84,79,0,29.58,Clear,0,0,0,0,0,,,
5/4/2023,6:00 PM,84,79,2,29.61,Clear,0,0,0,0,0,,,
5/4/2023,6:30 PM,82,84,0,29.61,Clear,0,0,0,0,0,,,
5/4/2023,7:00 PM,81,89,0,29.64,Clear,0,0,0,0,0,,,
5/4/2023,7:30 PM,81,89,0,29.64,Clear,0,0,0,0,0,,,
5/4/2023,8:00 PM,81,89,0,29.67,Clear,0,0,0,0,0,,,
5/4/2023,8:30 PM,79,89,3,29.67,Clear,0,0,0,0,0,,,
5/4/2023,9:00 PM,79,89,5,29.7,Clear,0,0,0,0,0,,,
5/4/2023,9:30 PM,79,94,2,29.7,Clear,0,0,0,0,0,,,
5/4/2023,10:00 PM,77,94,0,29.7,Clear,0,0,0,0,0,,,
5/4/2023,10:30 PM,77,94,0,29.7,Clear,0,0,0,0,0,,,
5/4/2023,11:00 PM,77,94,0,29.67,Clear,0,0,0,0,0,,,
5/4/2023,11:30 PM,77,94,0,29.67,Clear,0,0,0,0,0,,,
5/5/2023,12:00 AM,77,94,0,29.67,Clear,0,0,0,0,0,,,
5/5/2023,12:30 AM,77,94,0,29.67,Clear,0,0,0,0,0,,,
5/5/2023,1:00 AM,75,100,2,29.67,Clear,0,0,0,0,0,,,
5/5/2023,1:30 AM,75,100,2,29.64,Clear,0,0,0,0,0,,,
5/5/2023,2:00 AM,75,94,0,29.64,Clear,0,0,0,0,0,,,
5/5/2023,2:30 AM,75,100,0,29.64,Clear,0,0,0,0,0,,,
5/5/2023,3:00 AM,75,100,1,29.61,Clear,0,0,0,0,0,,,
5/5/2023,3:30 AM,75,100,0,29.61,Clear,0,0,0,0,0,,,
5/5/2023,4:00 AM,75,94,0,29.61,Clear,0,0,0,0,0,,,
5/5/2023,4:30 AM,75,94,0,29.61,Clear,0,0,0,0,0,,,
5/5/2023,5:00 AM,75,94,0,29.64,Clear,0,0,0,0,0,,,
5/5/2023,5:30 AM,75,94,0,29.64,Clear,0,0,0,0,0,,,
5/5/2023,6:00 AM,73,100,0,29.64,Clear,0,0,0,0,0,,,
5/5/2023,6:30 AM,75,94,2,29.64,Clear,0,0,0,0,0,,,
5/5/2023,7:00 AM,75,100,2,29.64,Clear,0,0,0,0,0,,,
5/5/2023,7:30 AM,77,100,3,29.67,Clear,0,0,0,0,0,,,
5/5/2023,8:00 AM,81,94,2,29.67,Clear,0,0,0,0,0,,,
5/5/2023,8:30 AM,84,89,2,29.67,Clear,0,0,0,0,0,,,
5/5/2023,9:00 AM,88,79,2,29.67,Clear,0,0,0,0,0,,,
5/5/2023,9:30 AM,90,75,5,29.67,Clear,0,0,0,0,0,,,
5/5/2023,10:00 AM,91,75,3,29.67,Clear,0,0,0,0,0,,,
5/5/2023,10:30 AM,93,71,6,29.67,Clear,0,0,0,0,0,,,
5/5/2023,11:00 AM,93,67,5,29.67,Clear,0,0,0,0,0,,,
5/5/2023,11:30 AM,95,63,5,29.64,Clear,0,0,0,0,0,,,
5/5/2023,12:00 PM,95,63,9,29.64,Clear,0,0,0,0,0,,,
5/5/2023,12:30 PM,97,56,3,29.64,Clear,0,0,0,0,0,,,
5/5/2023,1:00 PM,97,56,8,29.61,Clear,0,0,0,0,0,,,
5/5/2023,1:30 PM,97,53,6,29.58,Clear,0,0,0,0,0,,,
5/5/2023,2:00 PM,95,56,7,29.58,Rain,0,0,0,0,0,,,
5/5/2023,2:30 PM,93,59,8,29.55,Rain,0,0,0,0,0,,,
5/5/2023,3:00 PM,95,56,12,29.52,Rain,0,0,0,0,0,,,
5/5/2023,3:30 PM,93,59,13,29.52,Rain,0,0,0,0,0,,,
5/5/2023,4:00 PM,86,74,5,29.52,Rain,0,0,0,0,0,,,
5/5/2023,4:30 PM,82,89,2,29.52,Rain,0,0,0,0,0,,,
5/5/2023,5:00 PM,82,84,5,29.55,Clear,0,0,0,0,0,,,
5/5/2023,5:30 PM,81,89,2,29.52,Rain,0,0,0,0,0,,,
5/5/2023,6:00 PM,81,89,3,29.55,Rain,0,0,0,0,0,,,
5/5/2023,6:30 PM,81,89,5,29.55,Clear,0,0,0,0,0,,,
5/5/2023,7:00 PM,81,89,0,29.55,Clear,0,0,0,0,0,,,
5/5/2023,7:30 PM,81,89,0,29.58,Clear,0,0,0,0,0,,,
5/5/2023,8:00 PM,81,89,0,29.58,Clear,0,0,0,0,0,,,
5/5/2023,8:30 PM,81,89,2,29.61,Clear,0,0,0,0,0,,,
5/5/2023,9:00 PM,79,94,3,29.64,Clear,0,0,0,0,0,,,
5/5/2023,9:30 PM,79,94,3,29.64,Clear,0,0,0,0,0,,,
5/5/2023,10:00 PM,79,94,3,29.64,Clear,0,0,0,0,0,,,
5/5/2023,10:30 PM,79,100,3,29.64,Clear,0,0,0,0,0,,,
5/5/2023,11:00 PM,79,100,3,29.64,Clear,0,0,0,0,0,,,
5/5/2023,11:30 PM,79,100,3,29.64,Clear,0,0,0,0,0,,,
5/6/2023,12:00 AM,79,94,2,29.64,Clear,0,0,0,0,0,,,
5/6/2023,12:30 AM,79,94,2,29.64,Clear,0,0,0,0,0,,,
5/6/2023,1:00 AM,79,94,0,29.61,Clear,0,0,0,0,0,,,
5/6/2023,1:30 AM,79,94,0,29.61,Clear,0,0,0,0,0,,,
5/6/2023,2:00 AM,79,94,0,29.61,Clear,0,0,0,0,0,,,
5/6/2023,2:30 AM,79,94,0,29.61,Clear,0,0,0,0,0,,,
5/6/2023,3:00 AM,77,100,0,29.61,Clear,0,0,0,0,0,,,
5/6/2023,3:30 AM,77,100,2,29.58,Clear,0,0,0,0,0,,,
5/6/2023,4:00 AM,77,94,2,29.58,Clear,0,0,0,0,0,,,
5/6/2023,4:30 AM,77,94,0,29.58,Clear,0,0,0,0,0,,,
5/6/2023,5:00 AM,77,100,1,29.58,Clear,0,0,0,0,0,,,
5/6/2023,5:30 AM,77,100,0,29.58,Clear,0,0,0,0,0,,,
5/6/2023,6:00 AM,77,100,0,29.58,Clear,0,0,0,0,0,,,
5/6/2023,6:30 AM,77,100,0,29.61,Clear,0,0,0,0,0,,,
5/6/2023,7:00 AM,79,94,0,29.61,Clear,0,0,0,0,0,,,
5/6/2023,7:30 AM,81,100,0,29.64,Clear,0,0,0,0,0,,,
5/6/2023,8:00 AM,82,94,1,29.64,Clear,0,0,0,0,0,,,
5/6/2023,8:30 AM,84,89,2,29.64,Clear,0,0,0,0,0,,,
5/6/2023,9:00 AM,88,79,0,29.64,Clear,0,0,0,0,0,,,
5/6/2023,9:30 AM,90,79,0,29.64,Clear,0,0,0,0,0,,,
5/6/2023,10:00 AM,91,75,3,29.64,Clear,0,0,0,0,0,,,
5/6/2023,10:30 AM,93,71,2,29.64,Clear,0,0,0,0,0,,,
5/6/2023,11:00 AM,95,63,6,29.64,Clear,0,0,0,0,0,,,
5/6/2023,11:30 AM,95,59,3,29.64,Clear,0,0,0,0,0,,,
5/6/2023,12:00 PM,95,56,5,29.61,Clear,0,0,0,0,0,,,
5/6/2023,12:30 PM,99,50,2,29.61,Clear,0,0,0,0,0,,,
5/6/2023,1:00 PM,95,56,6,29.58,Clear,0,0,0,0,0,,,
5/6/2023,1:30 PM,95,56,5,29.58,Clear,0,0,0,0,0,,,
5/6/2023,2:00 PM,95,53,3,29.55,Clear,0,0,0,0,0,,,
5/6/2023,2:30 PM,93,56,8,29.52,Rain,0,0,0,0,0,,,
5/6/2023,3:00 PM,90,66,9,29.52,Rain,0,0,0,0,0,,,
5/6/2023,3:30 PM,91,75,7,29.52,Clear,0,0,0,0,0,,,
5/6/2023,4:00 PM,91,66,14,29.52,Clear,0,0,0,0,0,,,
5/6/2023,4:30 PM,88,75,10,29.52,Rain,0,0,0,0,0,,,
5/6/2023,5:00 PM,86,74,10,29.52,Rain,0,0,0,0,0,,,
5/6/2023,5:30 PM,86,74,3,29.52,Rain,0,0,0,0,0,,,
5/6/2023,6:00 PM,86,74,5,29.52,Clear,0,0,0,0,0,,,
5/6/2023,6:30 PM,84,79,3,29.52,Clear,0,0,0,0,0,,,
5/6/2023,7:00 PM,84,79,5,29.55,Clear,0,0,0,0,0,,,
5/6/2023,7:30 PM,84,79,3,29.55,Clear,0,0,0,0,0,,,
5/6/2023,8:00 PM,82,84,2,29.58,Clear,0,0,0,0,0,,,
5/6/2023,8:30 PM,82,84,2,29.58,Clear,0,0,0,0,0,,,
5/6/2023,9:00 PM,82,84,2,29.61,Clear,0,0,0,0,0,,,
5/6/2023,9:30 PM,82,84,2,29.64,Clear,0,0,0,0,0,,,
5/6/2023,10:00 PM,82,84,0,29.64,Clear,0,0,0,0,0,,,
5/6/2023,10:30 PM,82,84,0,29.64,Clear,0,0,0,0,0,,,
5/6/2023,11:00 PM,82,89,2,29.64,Clear,0,0,0,0,0,,,
5/6/2023,11:30 PM,81,94,3,29.64,Clear,0,0,0,0,0,,,
5/7/2023,12:00 AM,81,94,5,29.64,Clear,0,0,0,0,0,,,
5/7/2023,12:30 AM,81,89,5,29.61,Clear,0,0,0,0,0,,,
5/7/2023,1:00 AM,81,89,3,29.61,Clear,0,0,0,0,0,,,
5/7/2023,1:30 AM,79,94,3,29.61,Clear,0,0,0,0,0,,,
5/7/2023,2:00 AM,79,94,2,29.58,Clear,0,0,0,0,0,,,
5/7/2023,2:30 AM,79,94,0,29.58,Clear,0,0,0,0,0,,,
5/7/2023,3:00 AM,79,94,3,29.58,Clear,0,0,0,0,0,,,
5/7/2023,3:30 AM,79,94,5,29.58,Clear,0,0,0,0,0,,,
5/7/2023,4:00 AM,79,94,6,29.61,Clear,0,0,0,0,0,,,
5/7/2023,4:30 AM,79,94,5,29.58,Clear,0,0,0,0,0,,,
5/7/2023,5:00 AM,79,94,3,29.58,Clear,0,0,0,0,0,,,
5/7/2023,5:30 AM,79,94,6,29.61,Clear,0,0,0,0,0,,,
5/7/2023,6:00 AM,79,94,7,29.61,Clear,0,0,0,0,0,,,
5/7/2023,6:30 AM,79,94,5,29.61,Clear,0,0,0,0,0,,,
5/7/2023,7:00 AM,79,94,3,29.61,Clear,0,0,0,0,0,,,
5/7/2023,7:30 AM,81,94,6,29.64,Clear,0,0,0,0,0,,,
5/7/2023,8:00 AM,82,89,5,29.64,Clear,0,0,0,0,0,,,
5/7/2023,8:30 AM,82,89,6,29.64,Clear,0,0,0,0,0,,,
5/7/2023,9:00 AM,86,84,6,29.67,Clear,0,0,0,0,0,,,
5/7/2023,9:30 AM,88,79,5,29.67,Clear,0,0,0,0,0,,,
5/7/2023,10:00 AM,90,75,6,29.64,Clear,0,0,0,0,0,,,
5/7/2023,10:30 AM,90,75,6,29.64,Clear,0,0,0,0,0,,,
5/7/2023,11:00 AM,91,71,7,29.64,Clear,0,0,0,0,0,,,
5/7/2023,11:30 AM,91,66,8,29.64,Clear,0,0,0,0,0,,,
5/7/2023,12:00 PM,93,63,8,29.61,Clear,0,0,0,0,0,,,
5/7/2023,12:30 PM,95,59,12,29.61,Clear,0,0,0,0,0,,,
5/7/2023,1:00 PM,95,59,12,29.58,Clear,0,0,0,0,0,,,
5/7/2023,1:30 PM,95,56,13,29.58,Clear,0,0,0,0,0,,,
5/7/2023,2:00 PM,97,53,13,29.55,Clear,0,0,0,0,0,,,
5/7/2023,2:30 PM,95,56,14,29.55,Clear,0,0,0,0,0,,,
5/7/2023,3:00 PM,95,59,12,29.55,Clear,0,0,0,0,0,,,
5/7/2023,3:30 PM,93,59,14,29.52,Clear,0,0,0,0,0,,,
5/7/2023,4:00 PM,91,63,13,29.52,Clear,0,0,0,0,0,,,
5/7/2023,4:30 PM,91,63,12,29.52,Clear,0,0,0,0,0,,,
5/7/2023,5:00 PM,90,66,10,29.52,Clear,0,0,0,0,0,,,
5/7/2023,5:30 PM,88,70,10,29.52,Clear,0,0,0,0,0,,,
5/7/2023,6:00 PM,88,70,7,29.55,Clear,0,0,0,0,0,,,
5/7/2023,6:30 PM,86,74,6,29.58,Clear,0,0,0,0,0,,,
5/7/2023,7:00 PM,84,74,6,29.55,Clear,0,0,0,0,0,,,
5/7/2023,7:30 PM,84,74,6,29.58,Clear,0,0,0,0,0,,,
5/7/2023,8:00 PM,84,74,5,29.58,Clear,0,0,0,0,0,,,
5/7/2023,8:30 PM,82,79,3,29.61,Clear,0,0,0,0,0,,,
5/7/2023,9:00 PM,82,84,2,29.61,Clear,0,0,0,0,0,,,
5/7/2023,9:30 PM,82,84,2,29.61,Clear,0,0,0,0,0,,,
5/7/2023,10:00 PM,82,84,2,29.64,Clear,0,0,0,0,0,,,
5/7/2023,10:30 PM,82,84,1,29.64,Clear,0,0,0,0,0,,,
5/7/2023,11:00 PM,81,89,2,29.64,Clear,0,0,0,0,0,,,
5/7/2023,11:30 PM,81,89,2,29.64,Clear,0,0,0,0,0,,,
5/8/2023,12:00 AM,81,89,5,29.64,Clear,0,0,0,0,0,,,
5/8/2023,12:30 AM,81,89,5,29.61,Clear,0,0,0,0,0,,,
5/8/2023,1:00 AM,81,89,3,29.61,Clear,0,0,0,0,0,,,
5/8/2023,1:30 AM,81,89,3,29.61,Clear,0,0,0,0,0,,,
5/8/2023,2:00 AM,81,89,2,29.58,Clear,0,0,0,0,0,,,
5/8/2023,2:30 AM,81,89,2,29.58,Clear,0,0,0,0,0,,,
5/8/2023,3:00 AM,79,94,0,29.58,Clear,0,0,0,0,0,,,
5/8/2023,3:30 AM,79,94,0,29.58,Clear,0,0,0,0,0,,,
5/8/2023,4:00 AM,79,94,0,29.58,Clear,0,0,0,0,0,,,
5/8/2023,4:30 AM,79,94,3,29.58,Clear,0,0,0,0,0,,,
5/8/2023,5:00 AM,79,94,3,29.58,Clear,0,0,0,0,0,,,
5/8/2023,5:30 AM,79,94,3,29.58,Clear,0,0,0,0,0,,,
5/8/2023,6:00 AM,79,94,3,29.58,Clear,0,0,0,0,0,,,
5/8/2023,6:30 AM,79,94,5,29.61,Clear,0,0,0,0,0,,,
5/8/2023,7:00 AM,81,89,5,29.61,Clear,0,0,0,0,0,,,
5/8/2023,7:30 AM,81,94,5,29.61,Clear,0,0,0,0,0,,,
5/8/2023,8:00 AM,84,84,5,29.64,Clear,0,0,0,0,0,,,
5/8/2023,8:30 AM,84,84,5,29.64,Clear,0,0,0,0,0,,,
5/8/2023,9:00 AM,86,84,5,29.64,Clear,0,0,0,0,0,,,
5/8/2023,9:30 AM,88,79,2,29.64,Clear,0,0,0,0,0,,,
5/8/2023,10:00 AM,91,71,5,29.64,Clear,0,0,0,0,0,,,
5/8/2023,10:30 AM,93,67,5,29.67,Clear,0,0,0,0,0,,,
5/8/2023,11:00 AM,93,59,6,29.64,Clear,0,0,0,0,0,,,
5/8/2023,11:30 AM,95,56,8,29.64,Clear,0,0,0,0,0,,,
5/8/2023,12:00 PM,95,56,7,29.64,Clear,0,0,0,0,0,,,
5/8/2023,12:30 PM,95,56,6,29.64,Clear,0,0,0,0,0,,,
5/8/2023,1:00 PM,95,56,3,29.61,Clear,0,0,0,0,0,,,
5/8/2023,1:30 PM,95,56,2,29.58,Clear,0,0,0,0,0,,,
5/8/2023,2:00 PM,97,53,5,29.58,Clear,0,0,0,0,0,,,
5/8/2023,2:30 PM,97,53,2,29.58,Clear,0,0,0,0,0,,,
5/8/2023,3:00 PM,97,53,3,29.55,Clear,0,0,0,0,0,,,
5/8/2023,3:30 PM,95,56,7,29.55,Clear,0,0,0,0,0,,,
5/8/2023,4:00 PM,93,59,6,29.52,Clear,0,0,0,0,0,,,
5/8/2023,4:30 PM,93,59,6,29.52,Clear,0,0,0,0,0,,,
5/8/2023,5:00 PM,93,59,6,29.52,Clear,0,0,0,0,0,,,
5/8/2023,5:30 PM,93,59,8,29.52,Clear,0,0,0,0,0,,,
5/8/2023,6:00 PM,91,63,5,29.52,Clear,0,0,0,0,0,,,
5/8/2023,6:30 PM,90,66,5,29.55,Clear,0,0,0,0,0,,,
5/8/2023,7:00 PM,86,74,0,29.55,Clear,0,0,0,0,0,,,
5/8/2023,7:30 PM,84,79,3,29.58,Clear,0,0,0,0,0,,,
5/8/2023,8:00 PM,84,79,3,29.58,Clear,0,0,0,0,0,,,
5/8/2023,8:30 PM,84,79,2,29.61,Clear,0,0,0,0,0,,,
5/8/2023,9:00 PM,82,84,3,29.61,Clear,0,0,0,0,0,,,
5/8/2023,9:30 PM,82,84,2,29.64,Clear,0,0,0,0,0,,,
5/8/2023,10:00 PM,82,84,3,29.67,Clear,0,0,0,0,0,,,
5/8/2023,10:30 PM,82,84,3,29.67,Clear,0,0,0,0,0,,,
5/8/2023,11:00 PM,81,89,2,29.67,Clear,0,0,0,0,0,,,
5/8/2023,11:30 PM,81,89,0,29.67,Clear,0,0,0,0,0,,,
5/9/2023,12:00 AM,81,89,2,29.67,Clear,0,0,0,0,0,,,
5/9/2023,12:30 AM,81,89,0,29.67,Clear,0,0,0,0,0,,,
5/9/2023,1:00 AM,81,89,2,29.64,Clear,0,0,0,0,0,,,
5/9/2023,1:30 AM,81,89,0,29.64,Clear,0,0,0,0,0,,,
5/9/2023,2:00 AM,79,94,0,29.64,Clear,0,0,0,0,0,,,
5/9/2023,2:30 AM,79,94,0,29.64,Clear,0,0,0,0,0,,,
5/9/2023,3:00 AM,81,89,3,29.61,Clear,0,0,0,0,0,,,
5/9/2023,3:30 AM,81,89,3,29.61,Clear,0,0,0,0,0,,,
5/9/2023,4:00 AM,79,94,5,29.61,Clear,0,0,0,0,0,,,
5/9/2023,4:30 AM,79,94,5,29.61,Clear,0,0,0,0,0,,,
5/9/2023,5:00 AM,79,94,3,29.64,Clear,0,0,0,0,0,,,
5/9/2023,5:30 AM,79,94,5,29.64,Clear,0,0,0,0,0,,,
5/9/2023,6:00 AM,79,94,5,29.64,Clear,0,0,0,0,0,,,
5/9/2023,6:30 AM,79,94,2,29.64,Clear,0,0,0,0,0,,,
5/9/2023,7:00 AM,79,94,0,29.64,Clear,0,0,0,0,0,,,
5/9/2023,7:30 AM,81,94,0,29.64,Clear,0,0,0,0,0,,,
5/9/2023,8:00 AM,82,89,3,29.67,Clear,0,0,0,0,0,,,
5/9/2023,8:30 AM,84,89,0,29.67,Clear,0,0,0,0,0,,,
5/9/2023,9:00 AM,86,84,2,29.67,Clear,0,0,0,0,0,,,
5/9/2023,9:30 AM,88,79,2,29.67,Clear,0,0,0,0,0,,,
5/9/2023,10:00 AM,90,75,7,29.67,Clear,0,0,0,0,0,,,
5/9/2023,10:30 AM,90,75,6,29.64,Clear,0,0,0,0,0,,,
5/9/2023,11:00 AM,93,67,6,29.64,Clear,0,0,0,0,0,,,
5/9/2023,11:30 AM,95,59,6,29.64,Clear,0,0,0,0,0,,,
5/9/2023,12:00 PM,97,56,2,29.61,Clear,0,0,0,0,0,,,
5/9/2023,12:30 PM,97,53,6,29.61,Clear,0,0,0,0,0,,,
5/9/2023,1:00 PM,97,53,6,29.61,Clear,0,0,0,0,0,,,
5/9/2023,1:30 PM,97,53,3,29.58,Clear,0,0,0,0,0,,,
5/9/2023,2:00 PM,97,53,7,29.58,Clear,0,0,0,0,0,,,
5/9/2023,2:30 PM,99,47,6,29.55,Clear,0,0,0,0,0,,,
5/9/2023,3:00 PM,99,47,6,29.55,Clear,0,0,0,0,0,,,
5/9/2023,3:30 PM,97,50,6,29.55,Clear,0,0,0,0,0,,,
5/9/2023,4:00 PM,97,50,3,29.55,Clear,0,0,0,0,0,,,
5/9/2023,4:30 PM,95,56,5,29.52,Clear,0,0,0,0,0,,,
5/9/2023,5:00 PM,93,59,7,29.52,Rain,0,0,0,0,0,,,
5/9/2023,5:30 PM,86,66,10,29.55,Rain,0,0,0,0,0,,,
5/9/2023,6:00 PM,82,74,24,29.58,Rain,0,0,0,0,0,,,
5/9/2023,6:30 PM,81,79,7,29.61,Rain,0,0,0,0,0,,,
5/9/2023,7:00 PM,79,83,0,29.64,Rain,0,0,0,0,0,,,
5/9/2023,7:30 PM,77,89,3,29.61,Rain,0,0,0,0,0,,,
5/9/2023,8:00 PM,79,89,3,29.67,Clear,0,0,0,0,0,,,
5/9/2023,8:30 PM,79,89,0,29.67,Clear,0,0,0,0,0,,,
5/9/2023,9:00 PM,79,89,3,29.67,Clear,0,0,0,0,0,,,
5/9/2023,9:30 PM,79,89,5,29.67,Clear,0,0,0,0,0,,,
5/9/2023,10:00 PM,79,89,2,29.7,Clear,0,0,0,0,0,,,
5/9/2023,10:30 PM,79,89,2,29.7,Clear,0,0,0,0,0,,,
5/9/2023,11:00 PM,79,89,5,29.7,Clear,0,0,0,0,0,,,
5/9/2023,11:30 PM,79,94,3,29.7,Clear,0,0,0,0,0,,,
5/10/2023,12:00 AM,79,94,3,29.7,Clear,0,0,0,0,0,,,
5/10/2023,12:30 AM,79,94,2,29.7,Clear,0,0,0,0,0,,,
5/10/2023,1:00 AM,79,94,0,29.67,Clear,0,0,0,0,0,,,
5/10/2023,1:30 AM,79,94,0,29.67,Rain,0,0,0,0,0,,,
5/10/2023,2:00 AM,77,100,2,29.67,Clear,0,0,0,0,0,,,
5/10/2023,2:30 AM,77,100,2,29.64,Clear,0,0,0,0,0,,,
5/10/2023,3:00 AM,77,94,5,29.64,Clear,0,0,0,0,0,,,
5/10/2023,3:30 AM,77,94,5,29.64,Clear,0,0,0,0,0,,,
5/10/2023,4:00 AM,77,94,3,29.64,Clear,0,0,0,0,0,,,
5/10/2023,4:30 AM,77,94,3,29.64,Clear,0,0,0,0,0,,,
5/10/2023,5:00 AM,77,100,2,29.64,Clear,0,0,0,0,0,,,
5/10/2023,5:30 AM,77,100,0,29.67,Clear,0,0,0,0,0,,,
5/10/2023,6:00 AM,77,100,3,29.67,Rain,0,0,0,0,0,,,
5/10/2023,6:30 AM,77,100,2,29.7,Clear,0,0,0,0,0,,,
5/10/2023,7:00 AM,79,94,3,29.7,Clear,0,0,0,0,0,,,
5/10/2023,7:30 AM,79,100,6,29.7,Clear,0,0,0,0,0,,,
5/10/2023,8:00 AM,81,94,5,29.7,Clear,0,0,0,0,0,,,
5/10/2023,8:30 AM,82,89,3,29.7,Clear,0,0,0,0,0,,,
5/10/2023,9:00 AM,84,84,3,29.7,Clear,0,0,0,0,0,,,
5/10/2023,9:30 AM,86,79,2,29.7,Clear,0,0,0,0,0,,,
5/10/2023,10:00 AM,86,79,2,29.73,Clear,0,0,0,0,0,,,
5/10/2023,10:30 AM,90,75,3,29.7,Clear,0,0,0,0,0,,,
5/10/2023,11:00 AM,91,66,7,29.7,Clear,0,0,0,0,0,,,
5/10/2023,11:30 AM,93,59,7,29.7,Clear,0,0,0,0,0,,,
5/10/2023,12:00 PM,93,59,8,29.7,Clear,0,0,0,0,0,,,
5/10/2023,12:30 PM,93,56,7,29.67,Clear,0,0,0,0,0,,,
5/10/2023,1:00 PM,95,53,7,29.67,Clear,0,0,0,0,0,,,
5/10/2023,1:30 PM,95,49,6,29.64,Clear,0,0,0,0,0,,,
5/10/2023,2:00 PM,93,52,8,29.64,Clear,0,0,0,0,0,,,
5/10/2023,2:30 PM,93,56,9,29.64,Clear,0,0,0,0,0,,,
5/10/2023,3:00 PM,93,59,9,29.61,Clear,0,0,0,0,0,,,
5/10/2023,3:30 PM,91,63,7,29.61,Clear,0,0,0,0,0,,,
5/10/2023,4:00 PM,91,59,7,29.61,Clear,0,0,0,0,0,,,
5/10/2023,4:30 PM,91,59,7,29.61,Clear,0,0,0,0,0,,,
5/10/2023,5:00 PM,90,62,7,29.61,Clear,0,0,0,0,0,,,
5/10/2023,5:30 PM,90,66,6,29.61,Clear,0,0,0,0,0,,,
5/10/2023,6:00 PM,88,70,6,29.64,Clear,0,0,0,0,0,,,
5/10/2023,6:30 PM,86,74,7,29.64,Clear,0,0,0,0,0,,,
5/10/2023,7:00 PM,86,74,5,29.64,Clear,0,0,0,0,0,,,
5/10/2023,7:30 PM,84,79,3,29.67,Clear,0,0,0,0,0,,,
5/10/2023,8:00 PM,84,79,5,29.67,Clear,0,0,0,0,0,,,
5/10/2023,8:30 PM,82,84,2,29.67,Clear,0,0,0,0,0,,,
5/10/2023,9:00 PM,81,84,0,29.67,Clear,0,0,0,0,0,,,
5/10/2023,9:30 PM,79,89,0,29.7,Clear,0,0,0,0,0,,,
5/10/2023,10:00 PM,79,89,0,29.7,Clear,0,0,0,0,0,,,
5/10/2023,10:30 PM,79,89,0,29.7,Clear,0,0,0,0,0,,,
5/10/2023,11:00 PM,77,94,2,29.73,Clear,0,0,0,0,0,,,
5/10/2023,11:30 PM,77,94,3,29.7,Clear,0,0,0,0,0,,,
5/11/2023,12:00 AM,77,94,3,29.7,Clear,0,0,0,0,0,,,
5/11/2023,12:30 AM,77,94,0,29.7,Clear,0,0,0,0,0,,,
5/11/2023,1:00 AM,77,94,2,29.7,Clear,0,0,0,0,0,,,
5/11/2023,1:30 AM,77,94,0,29.7,Clear,0,0,0,0,0,,,
5/11/2023,2:00 AM,75,100,0,29.7,Clear,0,0,0,0,0,,,
5/11/2023,2:30 AM,75,94,0,29.7,Clear,0,0,0,0,0,,,
5/11/2023,3:00 AM,75,94,0,29.7,Clear,0,0,0,0,0,,,
5/11/2023,3:30 AM,75,94,0,29.7,Clear,0,0,0,0,0,,,
5/11/2023,4:00 AM,75,94,0,29.7,Clear,0,0,0,0,0,,,
5/11/2023,4:30 AM,73,100,0,29.7,Clear,0,0,0,0,0,,,
5/11/2023,5:00 AM,73,100,0,29.7,Clear,0,0,0,0,0,,,
5/11/2023,5:30 AM,73,100,0,29.7,Clear,0,0,0,0,0,,,
5/11/2023,6:00 AM,73,100,0,29.7,Clear,0,0,0,0,0,,,
5/11/2023,6:30 AM,73,100,0,29.73,Clear,0,0,0,0,0,,,
5/11/2023,7:00 AM,77,94,0,29.73,Clear,0,0,0,0,0,,,
5/11/2023,7:30 AM,79,94,0,29.76,Clear,0,0,0,0,0,,,
5/11/2023,8:00 AM,82,89,0,29.76,Clear,0,0,0,0,0,,,
5/11/2023,8:30 AM,88,84,0,29.76,Clear,0,0,0,0,0,,,
5/11/2023,9:00 AM,88,79,3,29.76,Clear,0,0,0,0,0,,,
5/11/2023,9:30 AM,88,79,5,29.76,Clear,0,0,0,0,0,,,
5/11/2023,10:00 AM,91,75,7,29.76,Clear,0,0,0,0,0,,,
5/11/2023,10:30 AM,91,71,8,29.76,Clear,0,0,0,0,0,,,
5/11/2023,11:00 AM,93,67,10,29.73,Clear,0,0,0,0,0,,,
5/11/2023,11:30 AM,93,59,9,29.73,Clear,0,0,0,0,0,,,
5/11/2023,12:00 PM,95,56,9,29.73,Clear,0,0,0,0,0,,,
5/11/2023,12:30 PM,95,56,9,29.7,Clear,0,0,0,0,0,,,
5/11/2023,1:00 PM,93,56,9,29.7,Clear,0,0,0,0,0,,,
5/11/2023,1:30 PM,93,59,9,29.67,Clear,0,0,0,0,0,,,
5/11/2023,2:00 PM,95,56,12,29.67,Clear,0,0,0,0,0,,,
5/11/2023,2:30 PM,95,56,10,29.67,Clear,0,0,0,0,0,,,
5/11/2023,3:00 PM,95,56,9,29.64,Clear,0,0,0,0,0,,,
5/11/2023,3:30 PM,95,53,10,29.64,Clear,0,0,0,0,0,,,
5/11/2023,4:00 PM,95,56,14,29.64,Clear,0,0,0,0,0,,,
5/11/2023,4:30 PM,93,56,13,29.64,Clear,0,0,0,0,0,,,
5/11/2023,5:00 PM,93,56,13,29.61,Clear,0,0,0,0,0,,,
5/11/2023,5:30 PM,91,59,12,29.64,Clear,0,0,0,0,0,,,
5/11/2023,6:00 PM,90,62,12,29.64,Clear,0,0,0,0,0,,,
5/11/2023,6:30 PM,88,66,8,29.64,Clear,0,0,0,0,0,,,
5/11/2023,7:00 PM,86,74,5,29.64,Clear,0,0,0,0,0,,,
5/11/2023,7:30 PM,84,79,5,29.67,Clear,0,0,0,0,0,,,
5/11/2023,8:00 PM,84,79,5,29.67,Clear,0,0,0,0,0,,,
5/11/2023,8:30 PM,82,84,0,29.7,Clear,0,0,0,0,0,,,
5/11/2023,9:00 PM,81,84,0,29.7,Clear,0,0,0,0,0,,,
5/11/2023,9:30 PM,81,84,0,29.7,Clear,0,0,0,0,0,,,
5/11/2023,10:00 PM,81,89,2,29.73,Clear,0,0,0,0,0,,,
5/11/2023,10:30 PM,81,89,2,29.73,Clear,0,0,0,0,0,,,
5/11/2023,11:00 PM,81,89,0,29.73,Clear,0,0,0,0,0,,,
5/11/2023,11:30 PM,79,89,3,29.73,Clear,0,0,0,0,0,,,
5/12/2023,12:00 AM,79,89,0,29.73,Clear,0,0,0,0,0,,,
5/12/2023,12:30 AM,77,94,0,29.73,Clear,0,0,0,0,0,,,
5/12/2023,1:00 AM,77,94,0,29.73,Clear,0,0,0,0,0,,,
5/12/2023,1:30 AM,77,94,0,29.73,Clear,0,0,0,0,0,,,
5/12/2023,2:00 AM,77,94,0,29.7,Clear,0,0,0,0,0,,,
5/12/2023,2:30 AM,75,100,0,29.7,Clear,0,0,0,0,0,,,
5/12/2023,3:00 AM,75,94,0,29.7,Clear,0,0,0,0,0,,,
5/12/2023,3:30 AM,75,94,0,29.7,Clear,0,0,0,0,0,,,
5/12/2023,4:00 AM,75,94,0,29.7,Clear,0,0,0,0,0,,,
5/12/2023,4:30 AM,75,94,0,29.7,Clear,0,0,0,0,0,,,
5/12/2023,5:00 AM,75,94,0,29.7,Clear,0,0,0,0,0,,,
5/12/2023,5:30 AM,75,94,0,29.7,Clear,0,0,0,0,0,,,
5/12/2023,6:00 AM,75,94,0,29.73,Clear,0,0,0,0,0,,,
5/12/2023,6:30 AM,75,100,0,29.73,Clear,0,0,0,0,0,,,
5/12/2023,7:00 AM,77,100,0,29.76,Clear,0,0,0,0,0,,,
5/12/2023,7:30 AM,81,94,0,29.76,Clear,0,0,0,0,0,,,
5/12/2023,8:00 AM,84,89,3,29.76,Clear,0,0,0,0,0,,,
5/12/2023,8:30 AM,88,79,3,29.76,Clear,0,0,0,0,0,,,
5/12/2023,9:00 AM,90,75,3,29.76,Clear,0,0,0,0,0,,,
5/12/2023,9:30 AM,91,71,3,29.76,Clear,0,0,0,0,0,,,
5/12/2023,10:00 AM,93,67,5,29.76,Clear,0,0,0,0,0,,,
5/12/2023,10:30 AM,93,63,7,29.76,Clear,0,0,0,0,0,,,
5/12/2023,11:00 AM,93,59,8,29.73,Clear,0,0,0,0,0,,,
5/12/2023,11:30 AM,93,56,6,29.73,Clear,0,0,0,0,0,,,
5/12/2023,12:00 PM,97,44,8,29.73,Clear,0,0,0,0,0,,,
5/12/2023,12:30 PM,97,50,7,29.7,Clear,0,0,0,0,0,,,
5/12/2023,1:00 PM,99,44,8,29.7,Clear,0,0,0,0,0,,,
5/12/2023,1:30 PM,97,47,6,29.67,Clear,0,0,0,0,0,,,
5/12/2023,2:00 PM,97,47,9,29.67,Clear,0,0,0,0,0,,,
5/12/2023,2:30 PM,97,47,9,29.64,Clear,0,0,0,0,0,,,
5/12/2023,3:00 PM,95,49,8,29.64,Clear,0,0,0,0,0,,,
5/12/2023,3:30 PM,93,52,10,29.64,Clear,0,0,0,0,0,,,
5/12/2023,4:00 PM,95,53,10,29.64,Clear,0,0,0,0,0,,,
5/12/2023,4:30 PM,95,53,8,29.61,Clear,0,0,0,0,0,,,
5/12/2023,5:00 PM,93,56,9,29.61,Clear,0,0,0,0,0,,,
5/12/2023,5:30 PM,91,59,7,29.64,Clear,0,0,0,0,0,,,
5/12/2023,6:00 PM,91,59,7,29.64,Clear,0,0,0,0,0,,,
5/12/2023,6:30 PM,90,62,7,29.64,Clear,0,0,0,0,0,,,
5/12/2023,7:00 PM,88,66,5,29.67,Clear,0,0,0,0,0,,,
5/12/2023,7:30 PM,86,70,5,29.7,Clear,0,0,0,0,0,,,
5/12/2023,8:00 PM,84,74,3,29.7,Clear,0,0,0,0,0,,,
5/12/2023,8:30 PM,82,79,0,29.7,Clear,0,0,0,0,0,,,
5/12/2023,9:00 PM,81,84,0,29.73,Clear,0,0,0,0,0,,,
5/12/2023,9:30 PM,82,79,5,29.73,Clear,0,0,0,0,0,,,
5/12/2023,10:00 PM,81,84,0,29.76,Clear,0,0,0,0,0,,,
5/12/2023,10:30 PM,79,89,0,29.76,Clear,0,0,0,0,0,,,
5/12/2023,11:00 PM,79,89,0,29.76,Clear,0,0,0,0,0,,,
5/12/2023,11:30 PM,77,94,0,29.76,Clear,0,0,0,0,0,,,
05/13/2023,12:00 AM,77,94,5,29.76,Clear,0,0,0,0,0,,,
05/13/2023,12:30 AM,77,94,3,29.76,Clear,0,0,0,0,0,,,
05/13/2023,1:00 AM,77,94,0,29.76,Clear,0,0,0,0,0,,,
05/13/2023,1:30 AM,77,94,0,29.76,Clear,0,0,0,0,0,,,
05/13/2023,2:00 AM,77,94,0,29.73,Clear,0,0,0,0,0,,,
05/13/2023,2:30 AM,77,94,0,29.73,Clear,0,0,0,0,0,,,
05/13/2023,3:00 AM,75,100,5,29.73,Clear,0,0,0,0,0,,,
05/13/2023,3:30 AM,75,100,5,29.73,Clear,0,0,0,0,0,,,
05/13/2023,4:00 AM,75,100,0,29.73,Clear,0,0,0,0,0,,,
05/13/2023,4:30 AM,75,100,0,29.73,Clear,0,0,0,0,0,,,
05/13/2023,5:00 AM,75,94,0,29.73,Clear,0,0,0,0,0,,,
05/13/2023,5:30 AM,75,94,0,29.73,Clear,0,0,0,0,0,,,
05/13/2023,6:00 AM,75,94,0,29.76,Clear,0,0,0,0,0,,,
05/13/2023,6:30 AM,75,94,0,29.76,Clear,0,0,0,0,0,,,
05/13/2023,7:00 AM,79,94,0,29.76,Clear,0,0,0,0,0,,,
05/13/2023,7:30 AM,82,89,2,29.76,Clear,0,0,0,0,0,,,
05/13/2023,8:00 AM,84,89,2,29.76,Clear,0,0,0,0,0,,,
05/13/2023,8:30 AM,88,79,2,29.79,Clear,0,0,0,0,0,,,
05/13/2023,9:00 AM,91,71,3,29.79,Clear,0,0,0,0,0,,,
05/13/2023,9:30 AM,93,63,3,29.79,Clear,0,0,0,0,0,,,
05/13/2023,10:00 AM,93,63,5,29.76,Clear,0,0,0,0,0,,,
05/13/2023,10:30 AM,95,56,6,29.76,Clear,0,0,0,0,0,,,
05/13/2023,11:00 AM,93,56,7,29.73,Clear,0,0,0,0,0,,,
05/13/2023,11:30 AM,97,53,5,29.73,Clear,0,0,0,0,0,,,
05/13/2023,12:00 PM,99,47,7,29.73,Clear,0,0,0,0,0,,,
05/13/2023,12:30 PM,99,44,5,29.7,Clear,0,0,0,0,0,,,
05/13/2023,1:00 PM,99,44,5,29.7,Clear,0,0,0,0,0,,,
05/13/2023,1:30 PM,99,44,6,29.67,Clear,0,0,0,0,0,,,
05/13/2023,2:00 PM,97,47,5,29.67,Clear,0,0,0,0,0,,,
05/13/2023,2:30 PM,99,44,7,29.64,Clear,0,0,0,0,0,,,
05/13/2023,3:00 PM,99,44,6,29.64,Clear,0,0,0,0,0,,,
05/13/2023,3:30 PM,99,47,10,29.64,Clear,0,0,0,0,0,,,
05/13/2023,4:00 PM,97,50,10,29.61,Clear,0,0,0,0,0,,,
05/13/2023,4:30 PM,95,53,10,29.61,Clear,0,0,0,0,0,,,
05/13/2023,5:00 PM,93,56,9,29.61,Clear,0,0,0,0,0,,,
05/13/2023,5:30 PM,93,56,9,29.64,Clear,0,0,0,0,0,,,
05/13/2023,6:00 PM,90,62,6,29.64,Rain,0,0,0,0,0,,,
05/13/2023,6:30 PM,84,79,7,29.64,Clear,0,0,0,0,0,,,
05/13/2023,7:00 PM,82,89,0,29.67,Clear,0,0,0,0,0,,,
05/13/2023,7:30 PM,82,89,5,29.67,Clear,0,0,0,0,0,,,
05/13/2023,8:00 PM,81,89,3,29.7,Clear,0,0,0,0,0,,,
05/13/2023,8:30 PM,81,89,0,29.7,Clear,0,0,0,0,0,,,
05/13/2023,9:00 PM,79,94,3,29.73,Clear,0,0,0,0,0,,,
05/13/2023,9:30 PM,79,94,0,29.73,Clear,0,0,0,0,0,,,
05/13/2023,10:00 PM,79,94,3,29.76,Clear,0,0,0,0,0,,,
05/13/2023,10:30 PM,79,94,3,29.76,Clear,0,0,0,0,0,,,
05/13/2023,11:00 PM,79,94,0,29.76,Clear,0,0,0,0,0,,,
05/13/2023,11:30 PM,77,100,0,29.76,Clear,0,0,0,0,0,,,
05/14/2023,12:00 AM,77,100,3,29.76,Clear,0,0,0,0,0,,,
05/14/2023,12:30 AM,77,94,2,29.76,Clear,0,0,0,0,0,,,
05/14/2023,1:00 AM,77,94,0,29.73,Clear,0,0,0,0,0,,,
05/14/2023,1:30 AM,77,94,0,29.73,Clear,0,0,0,0,0,,,
05/14/2023,2:00 AM,77,94,0,29.73,Clear,0,0,0,0,0,,,
05/14/2023,2:30 AM,77,94,0,29.7,Clear,0,0,0,0,0,,,
05/14/2023,3:00 AM,75,100,0,29.7,Clear,0,0,0,0,0,,,
05/14/2023,3:30 AM,75,100,0,29.7,Clear,0,0,0,0,0,,,
05/14/2023,4:00 AM,75,100,0,29.7,Clear,0,0,0,0,0,,,
05/14/2023,4:30 AM,75,100,0,29.73,Clear,0,0,0,0,0,,,
05/14/2023,5:00 AM,75,100,0,29.73,Clear,0,0,0,0,0,,,
05/14/2023,5:30 AM,75,100,0,29.73,Clear,0,0,0,0,0,,,
05/14/2023,6:00 AM,75,100,0,29.73,Clear,0,0,0,0,0,,,
05/14/2023,6:30 AM,75,100,0,29.73,Clear,0,0,0,0,0,,,
05/14/2023,7:00 AM,77,100,0,29.76,Clear,0,0,0,0,0,,,
05/14/2023,7:30 AM,79,100,0,29.76,Clear,0,0,0,0,0,,,
05/14/2023,8:00 AM,84,89,0,29.76,Clear,0,0,0,0,0,,,
05/14/2023,8:30 AM,86,84,2,29.76,Clear,0,0,0,0,0,,,
05/14/2023,9:00 AM,90,79,3,29.76,Clear,0,0,0,0,0,,,
05/14/2023,9:30 AM,91,75,2,29.76,Clear,0,0,0,0,0,,,
05/14/2023,10:00 AM,95,67,2,29.76,Clear,0,0,0,0,0,,,
05/14/2023,10:30 AM,95,63,3,29.76,Clear,0,0,0,0,0,,,
05/14/2023,11:00 AM,95,59,6,29.76,Clear,0,0,0,0,0,,,
05/14/2023,11:30 AM,97,53,7,29.73,Clear,0,0,0,0,0,,,
05/14/2023,12:00 PM,97,53,12,29.73,Clear,0,0,0,0,0,,,
05/14/2023,12:30 PM,90,62,13,29.73,Clear,0,0,0,0,0,,,
05/14/2023,1:00 PM,93,59,13,29.73,Clear,0,0,0,0,0,,,
05/14/2023,1:30 PM,88,70,7,29.7,Clear,0,0,0,0,0,,,
05/14/2023,2:00 PM,90,70,8,29.7,Clear,0,0,0,0,0,,,
05/14/2023,2:30 PM,91,66,8,29.67,Clear,0,0,0,0,0,,,
05/14/2023,3:00 PM,91,66,7,29.67,Clear,0,0,0,0,0,,,
05/14/2023,3:30 PM,91,63,7,29.64,Clear,0,0,0,0,0,,,
05/14/2023,4:00 PM,91,63,10,29.64,Clear,0,0,0,0,0,,,
05/14/2023,4:30 PM,93,56,12,29.64,Clear,0,0,0,0,0,,,
05/14/2023,5:00 PM,91,59,10,29.64,Clear,0,0,0,0,0,,,
05/14/2023,5:30 PM,91,59,10,29.64,Clear,0,0,0,0,0,,,
05/14/2023,6:00 PM,90,62,8,29.67,Clear,0,0,0,0,0,,,
05/14/2023,6:30 PM,88,66,8,29.67,Clear,0,0,0,0,0,,,
05/14/2023,7:00 PM,88,66,7,29.7,Clear,0,0,0,0,0,,,
05/14/2023,7:30 PM,86,70,5,29.7,Clear,0,0,0,0,0,,,
05/14/2023,8:00 PM,84,74,2,29.73,Clear,0,0,0,0,0,,,
05/14/2023,8:30 PM,82,79,3,29.73,Clear,0,0,0,0,0,,,
05/14/2023,9:00 PM,82,79,2,29.76,Clear,0,0,0,0,0,,,
05/14/2023,9:30 PM,82,79,0,29.76,Clear,0,0,0,0,0,,,
05/14/2023,10:00 PM,81,89,0,29.76,Clear,0,0,0,0,0,,,
05/14/2023,10:30 PM,81,84,2,29.76,Clear,0,0,0,0,0,,,
05/14/2023,11:00 PM,79,89,0,29.76,Clear,0,0,0,0,0,,,
05/14/2023,11:30 PM,79,94,5,29.76,Clear,0,0,0,0,0,,,
05/15/2023,12:00 AM,79,89,2,29.76,Clear,0,0,0,0,0,,,
05/15/2023,12:30 AM,79,89,2,29.76,Clear,0,0,0,0,0,,,
05/15/2023,1:00 AM,79,89,0,29.76,Clear,0,0,0,0,0,,,
05/15/2023,1:30 AM,79,89,0,29.73,Clear,0,0,0,0,0,,,
05/15/2023,2:00 AM,77,94,0,29.73,Clear,0,0,0,0,0,,,
05/15/2023,2:30 AM,77,94,0,29.73,Clear,0,0,0,0,0,,,
05/15/2023,3:00 AM,77,94,0,29.7,Clear,0,0,0,0,0,,,
05/15/2023,3:30 AM,77,94,0,29.7,Clear,0,0,0,0,0,,,
05/15/2023,4:00 AM,77,94,0,29.7,Clear,0,0,0,0,0,,,
05/15/2023,4:30 AM,77,94,0,29.7,Clear,0,0,0,0,0,,,
05/15/2023,5:00 AM,75,100,0,29.7,Clear,0,0,0,0,0,,,
05/15/2023,5:30 AM,75,94,0,29.73,Clear,0,0,0,0,0,,,
05/15/2023,6:00 AM,75,94,0,29.73,Clear,0,0,0,0,0,,,
05/15/2023,6:30 AM,75,94,0,29.76,Clear,0,0,0,0,0,,,
05/15/2023,7:00 AM,79,94,0,29.76,Clear,0,0,0,0,0,,,
05/15/2023,7:30 AM,81,94,3,29.76,Clear,0,0,0,0,0,,,
05/15/2023,8:00 AM,82,94,0,29.76,Clear,0,0,0,0,0,,,
05/15/2023,8:30 AM,86,84,2,29.79,Clear,0,0,0,0,0,,,
05/15/2023,9:00 AM,91,75,6,29.79,Clear,0,0,0,0,0,,,
05/15/2023,9:30 AM,91,71,5,29.79,Clear,0,0,0,0,0,,,
05/15/2023,10:00 AM,91,71,7,29.79,Clear,0,0,0,0,0,,,
05/15/2023,10:30 AM,93,63,9,29.79,Clear,0,0,0,0,0,,,
05/15/2023,11:00 AM,95,56,10,29.79,Clear,0,0,0,0,0,,,
05/15/2023,11:30 AM,97,50,9,29.76,Clear,0,0,0,0,0,,,
05/15/2023,12:00 PM,97,50,9,29.76,Clear,0,0,0,0,0,,,
05/15/2023,12:30 PM,99,47,8,29.73,Clear,0,0,0,0,0,,,
05/15/2023,1:00 PM,97,50,9,29.73,Clear,0,0,0,0,0,,,
05/15/2023,1:30 PM,97,50,9,29.7,Rain,0,0,0,0,0,,,
05/15/2023,2:00 PM,86,74,8,29.7,Rain,0,0,0,0,0,,,
05/15/2023,2:30 PM,86,74,9,29.67,Rain,0,0,0,0,0,,,
05/15/2023,3:00 PM,81,89,7,29.67,Rain,0,0,0,0,0,,,
05/15/2023,3:30 PM,81,89,7,29.67,Rain,0,0,0,0,0,,,
05/15/2023,4:00 PM,81,89,2,29.67,Clear,0,0,0,0,0,,,
05/15/2023,4:30 PM,81,89,2,29.67,Clear,0,0,0,0,0,,,
05/15/2023,5:00 PM,81,94,0,29.67,Clear,0,0,0,0,0,,,
05/15/2023,5:30 PM,81,94,0,29.67,Clear,0,0,0,0,0,,,
05/15/2023,6:00 PM,81,89,0,29.7,Clear,0,0,0,0,0,,,
05/15/2023,6:30 PM,81,94,0,29.7,Clear,0,0,0,0,0,,,
05/15/2023,7:00 PM,81,94,0,29.7,Clear,0,0,0,0,0,,,
05/15/2023,7:30 PM,81,94,0,29.73,Clear,0,0,0,0,0,,,
05/15/2023,8:00 PM,81,94,5,29.76,Clear,0,0,0,0,0,,,
05/15/2023,8:30 PM,81,94,2,29.76,Clear,0,0,0,0,0,,,
05/15/2023,9:00 PM,81,94,3,29.79,Clear,0,0,0,0,0,,,
05/15/2023,9:30 PM,79,94,0,29.79,Clear,0,0,0,0,0,,,
05/15/2023,10:00 PM,79,94,2,29.79,Clear,0,0,0,0,0,,,
05/15/2023,10:30 PM,81,94,5,29.79,Clear,0,0,0,0,0,,,
05/15/2023,11:00 PM,81,94,2,29.81,Clear,0,0,0,0,0,,,
05/15/2023,11:30 PM,81,94,3,29.79,Clear,0,0,0,0,0,,,
05/16/2023,12:00 AM,79,100,2,29.81,Clear,0,0,0,0,0,,,
05/16/2023,12:30 AM,79,94,0,29.81,Clear,0,0,0,0,0,,,
05/16/2023,1:00 AM,79,94,8,29.79,Clear,0,0,0,0,0,,,
05/16/2023,1:30 AM,77,89,15,29.79,Rain,0,0,0,0,0,,,
05/16/2023,2:00 AM,73,94,7,29.76,Rain,0,0,0,0,0,,,
05/16/2023,2:30 AM,73,94,7,29.76,Rain,0,0,0,0,0,,,
05/16/2023,3:00 AM,73,94,0,29.76,Clear,0,0,0,0,0,,,
05/16/2023,3:30 AM,73,94,2,29.76,Clear,0,0,0,0,0,,,
05/16/2023,4:00 AM,73,100,5,29.73,Clear,0,0,0,0,0,,,
05/16/2023,4:30 AM,73,100,6,29.73,Clear,0,0,0,0,0,,,
05/16/2023,5:00 AM,73,100,0,29.76,Rain,0,0,0,0,0,,,
05/16/2023,5:30 AM,73,100,2,29.73,Clear,0,0,0,0,0,,,
05/16/2023,6:00 AM,73,100,2,29.76,Clear,0,0,0,0,0,,,
05/16/2023,6:30 AM,73,100,0,29.76,Clear,0,0,0,0,0,,,
05/16/2023,7:00 AM,73,100,5,29.79,Rain,0,0,0,0,0,,,
05/16/2023,7:30 AM,75,94,3,29.79,Rain,0,0,0,0,0,,,
05/16/2023,8:00 AM,77,94,0,29.79,Clear,0,0,0,0,0,,,
05/16/2023,8:30 AM,79,94,0,29.79,Clear,0,0,0,0,0,,,
05/16/2023,9:00 AM,81,89,0,29.81,Clear,0,0,0,0,0,,,
05/16/2023,9:30 AM,86,84,2,29.81,Clear,0,0,0,0,0,,,
05/16/2023,10:00 AM,88,79,0,29.81,Clear,0,0,0,0,0,,,
05/16/2023,10:30 AM,90,75,0,29.81,Clear,0,0,0,0,0,,,
05/16/2023,11:00 AM,91,71,5,29.79,Clear,0,0,0,0,0,,,
05/16/2023,11:30 AM,91,71,3,29.79,Clear,0,0,0,0,0,,,
05/16/2023,12:00 PM,93,63,5,29.76,Clear,0,0,0,0,0,,,
05/16/2023,12:30 PM,95,59,6,29.76,Clear,0,0,0,0,0,,,
05/16/2023,1:00 PM,93,59,6,29.73,Clear,0,0,0,0,0,,,
05/16/2023,1:30 PM,95,56,0,29.73,Clear,0,0,0,0,0,,,
05/16/2023,2:00 PM,95,56,3,29.7,Rain,0,0,0,0,0,,,
05/16/2023,2:30 PM,93,56,6,29.67,Rain,0,0,0,0,0,,,
05/16/2023,3:00 PM,91,63,9,29.67,Clear,0,0,0,0,0,,,
05/16/2023,3:30 PM,93,56,7,29.67,Clear,0,0,0,0,0,,,
05/16/2023,4:00 PM,93,59,7,29.67,Clear,0,0,0,0,0,,,
05/16/2023,4:30 PM,93,59,12,29.67,Clear,0,0,0,0,0,,,
05/16/2023,5:00 PM,91,63,9,29.67,Clear,0,0,0,0,0,,,
05/16/2023,5:30 PM,88,66,8,29.67,Clear,0,0,0,0,0,,,
05/16/2023,6:00 PM,86,74,8,29.7,Clear,0,0,0,0,0,,,
05/16/2023,6:30 PM,86,74,6,29.73,Clear,0,0,0,0,0,,,
05/16/2023,7:00 PM,86,74,5,29.73,Clear,0,0,0,0,0,,,
05/16/2023,7:30 PM,84,79,5,29.73,Clear,0,0,0,0,0,,,
05/16/2023,8:00 PM,84,79,0,29.76,Clear,0,0,0,0,0,,,
05/16/2023,8:30 PM,82,84,2,29.76,Clear,0,0,0,0,0,,,
05/16/2023,9:00 PM,82,84,3,29.79,Clear,0,0,0,0,0,,,
05/16/2023,9:30 PM,81,89,0,29.79,Clear,0,0,0,0,0,,,
05/16/2023,10:00 PM,79,94,0,29.81,Clear,0,0,0,0,0,,,
05/16/2023,10:30 PM,79,94,0,29.81,Clear,0,0,0,0,0,,,
05/16/2023,11:00 PM,79,94,0,29.81,Clear,0,0,0,0,0,,,
05/16/2023,11:30 PM,79,94,0,29.81,Clear,0,0,0,0,0,,,
05/17/2023,12:00 AM,79,89,0,29.79,Clear,0,0,0,0,0,,,
05/17/2023,12:30 AM,77,94,0,29.79,Clear,0,0,0,0,0,,,
05/17/2023,1:00 AM,77,94,0,29.79,Clear,0,0,0,0,0,,,
05/17/2023,1:30 AM,77,94,5,29.76,Clear,0,0,0,0,0,,,
05/17/2023,2:00 AM,77,94,3,29.76,Clear,0,0,0,0,0,,,
05/17/2023,2:30 AM,77,94,2,29.76,Clear,0,0,0,0,0,,,
05/17/2023,3:00 AM,77,94,2,29.76,Clear,0,0,0,0,0,,,
05/17/2023,3:30 AM,77,94,2,29.73,Clear,0,0,0,0,0,,,
05/17/2023,4:00 AM,77,94,2,29.76,Clear,0,0,0,0,0,,,
05/17/2023,4:30 AM,77,94,0,29.76,Clear,0,0,0,0,0,,,
05/17/2023,5:00 AM,75,100,2,29.76,Clear,0,0,0,0,0,,,
05/17/2023,5:30 AM,75,100,0,29.76,Clear,0,0,0,0,0,,,
05/17/2023,6:00 AM,75,100,5,29.76,Clear,0,0,0,0,0,,,
05/17/2023,6:30 AM,75,100,3,29.76,Clear,0,0,0,0,0,,,
05/17/2023,7:00 AM,77,100,2,29.79,Clear,0,0,0,0,0,,,
05/17/2023,7:30 AM,81,94,0,29.79,Clear,0,0,0,0,0,,,
05/17/2023,8:00 AM,84,89,0,29.81,Clear,0,0,0,0,0,,,
05/17/2023,8:30 AM,86,84,5,29.81,Clear,0,0,0,0,0,,,
05/17/2023,9:00 AM,88,79,2,29.81,Clear,0,0,0,0,0,,,
05/17/2023,9:30 AM,90,75,0,29.81,Clear,0,0,0,0,0,,,
05/17/2023,10:00 AM,91,75,2,29.81,Clear,0,0,0,0,0,,,
05/17/2023,10:30 AM,93,67,2,29.81,Rain,0,0,0,0,0,,,
05/17/2023,11:00 AM,91,66,2,29.81,Rain,0,0,0,0,0,,,
05/17/2023,11:30 AM,84,74,10,29.79,Clear,0,0,0,0,0,,,
05/17/2023,12:00 PM,88,75,10,29.79,Rain,0,0,0,0,0,,,
05/17/2023,12:30 PM,95,59,6,29.76,Clear,0,0,0,0,0,,,
05/17/2023,1:00 PM,97,50,3,29.76,Clear,0,0,0,0,0,,,
05/17/2023,1:30 PM,97,50,7,29.73,Clear,0,0,0,0,0,,,
05/17/2023,2:00 PM,97,47,5,29.7,Clear,0,0,0,0,0,,,
05/17/2023,2:30 PM,95,53,6,29.7,Clear,0,0,0,0,0,,,
05/17/2023,3:00 PM,84,70,12,29.67,Rain,0,0,0,0,0,,,
05/17/2023,3:30 PM,77,89,12,29.7,Clear,0,0,0,0,0,,,
05/17/2023,4:00 PM,75,94,15,29.73,Clear,0,0,0,0,0,,,
05/17/2023,4:30 PM,73,94,7,29.7,Rain,0,0,0,0,0,,,
05/17/2023,5:00 PM,75,94,6,29.7,Rain,0,0,0,0,0,,,
05/17/2023,5:30 PM,75,94,5,29.73,Rain,0,0,0,0,0,,,
05/17/2023,6:00 PM,75,94,3,29.73,Clear,0,0,0,0,0,,,
05/17/2023,6:30 PM,75,94,3,29.73,Rain,0,0,0,0,0,,,
05/17/2023,7:00 PM,75,94,5,29.73,Clear,0,0,0,0,0,,,
05/17/2023,7:30 PM,75,94,0,29.76,Clear,0,0,0,0,0,,,
05/17/2023,8:00 PM,75,94,0,29.79,Clear,0,0,0,0,0,,,
05/17/2023,8:30 PM,75,94,3,29.79,Clear,0,0,0,0,0,,,
05/17/2023,9:00 PM,75,94,3,29.81,Clear,0,0,0,0,0,,,
05/17/2023,9:30 PM,75,94,2,29.81,Clear,0,0,0,0,0,,,
05/17/2023,10:00 PM,75,100,3,29.81,Clear,0,0,0,0,0,,,
05/17/2023,10:30 PM,75,100,0,29.81,Clear,0,0,0,0,0,,,
05/17/2023,11:00 PM,75,100,1,29.81,Clear,0,0,0,0,0,,,
05/17/2023,11:30 PM,75,100,0,29.81,Clear,0,0,0,0,0,,,
05/18/2023,12:00 AM,75,100,0,29.81,Clear,0,0,0,0,0,,,
05/18/2023,12:30 AM,75,100,0,29.79,Clear,0,0,0,0,0,,,
05/18/2023,1:00 AM,75,94,0,29.79,Clear,0,0,0,0,0,,,
05/18/2023,1:30 AM,75,94,0,29.79,Clear,0,0,0,0,0,,,
05/18/2023,2:00 AM,75,100,0,29.76,Clear,0,0,0,0,0,,,
05/18/2023,2:30 AM,75,100,0,29.76,Clear,0,0,0,0,0,,,
05/18/2023,3:00 AM,75,94,0,29.76,Clear,0,0,0,0,0,,,
05/18/2023,3:30 AM,75,94,0,29.76,Clear,0,0,0,0,0,,,
05/18/2023,4:00 AM,75,94,0,29.73,Clear,0,0,0,0,0,,,
05/18/2023,4:30 AM,75,94,0,29.73,Clear,0,0,0,0,0,,,
05/18/2023,5:00 AM,75,94,0,29.76,Clear,0,0,0,0,0,,,
05/18/2023,5:30 AM,75,100,0,29.76,Clear,0,0,0,0,0,,,
05/18/2023,6:00 AM,75,94,0,29.76,Clear,0,0,0,0,0,,,
05/18/2023,6:30 AM,75,100,0,29.79,Clear,0,0,0,0,0,,,
05/18/2023,7:00 AM,75,100,2,29.79,Clear,0,0,0,0,0,,,
05/18/2023,7:30 AM,77,100,1,29.81,Clear,0,0,0,0,0,,,
05/18/2023,8:00 AM,81,94,3,29.81,Clear,0,0,0,0,0,,,
05/18/2023,8:30 AM,82,94,2,29.81,Clear,0,0,0,0,0,,,
05/18/2023,9:00 AM,84,89,3,29.84,Clear,0,0,0,0,0,,,
05/18/2023,9:30 AM,88,84,5,29.84,Clear,0,0,0,0,0,,,
05/18/2023,10:00 AM,90,79,6,29.84,Clear,0,0,0,0,0,,,
05/18/2023,10:30 AM,90,79,8,29.81,Rain,0,0,0,0,0,,,
05/18/2023,11:00 AM,82,84,14,29.84,Rain,0,0,0,0,0,,,
05/18/2023,11:30 AM,82,84,8,29.81,Rain,0,0,0,0,0,,,
05/18/2023,12:00 PM,82,84,8,29.81,Rain,0,0,0,0,0,,,
05/18/2023,12:30 PM,88,75,8,29.79,Clear,0,0,0,0,0,,,
05/18/2023,1:00 PM,90,70,10,29.79,Clear,0,0,0,0,0,,,
05/18/2023,1:30 PM,91,63,10,29.76,Clear,0,0,0,0,0,,,
05/18/2023,2:00 PM,91,63,10,29.76,Clear,0,0,0,0,0,,,
05/18/2023,2:30 PM,93,59,7,29.73,Clear,0,0,0,0,0,,,
05/18/2023,3:00 PM,91,59,10,29.7,Clear,0,0,0,0,0,,,
05/18/2023,3:30 PM,91,59,9,29.7,Clear,0,0,0,0,0,,,
05/18/2023,4:00 PM,90,62,12,29.7,Clear,0,0,0,0,0,,,
05/18/2023,4:30 PM,90,62,9,29.7,Clear,0,0,0,0,0,,,
05/18/2023,5:00 PM,90,59,12,29.7,Clear,0,0,0,0,0,,,
05/18/2023,5:30 PM,90,62,8,29.7,Clear,0,0,0,0,0,,,
05/18/2023,6:00 PM,88,66,6,29.7,Clear,0,0,0,0,0,,,
05/18/2023,6:30 PM,84,74,0,29.7,Clear,0,0,0,0,0,,,
05/18/2023,7:00 PM,82,79,0,29.73,Clear,0,0,0,0,0,,,
05/18/2023,7:30 PM,81,84,0,29.73,Clear,0,0,0,0,0,,,
05/18/2023,8:00 PM,79,89,0,29.76,Clear,0,0,0,0,0,,,
05/18/2023,8:30 PM,79,89,0,29.76,Clear,0,0,0,0,0,,,
05/18/2023,9:00 PM,79,83,0,29.76,Clear,0,0,0,0,0,,,
05/18/2023,9:30 PM,77,94,0,29.79,Clear,0,0,0,0,0,,,
05/18/2023,10:00 PM,77,94,0,29.79,Clear,0,0,0,0,0,,,
05/18/2023,10:30 PM,77,94,0,29.79,Clear,0,0,0,0,0,,,
05/18/2023,11:00 PM,77,94,0,29.79,Clear,0,0,0,0,0,,,
05/18/2023,11:30 PM,77,94,0,29.79,Clear,0,0,0,0,0,,,
05/19/2023,12:00 AM,77,94,0,29.76,Clear,0,0,0,0,0,,,
05/19/2023,12:30 AM,77,94,0,29.76,Clear,0,0,0,0,0,,,
05/19/2023,1:00 AM,77,94,0,29.73,Clear,0,0,0,0,0,,,
05/19/2023,1:30 AM,77,94,0,29.73,Clear,0,0,0,0,0,,,
05/19/2023,2:00 AM,77,94,0,29.73,Clear,0,0,0,0,0,,,
05/19/2023,2:30 AM,75,100,0,29.73,Clear,0,0,0,0,0,,,
05/19/2023,3:00 AM,75,100,0,29.7,Clear,0,0,0,0,0,,,
05/19/2023,3:30 AM,75,100,0,29.7,Clear,0,0,0,0,0,,,
05/19/2023,4:00 AM,75,94,0,29.7,Clear,0,0,0,0,0,,,
05/19/2023,4:30 AM,75,94,0,29.7,Clear,0,0,0,0,0,,,
05/19/2023,5:00 AM,75,100,2,29.73,Clear,0,0,0,0,0,,,
05/19/2023,5:30 AM,75,100,0,29.73,Clear,0,0,0,0,0,,,
05/19/2023,6:00 AM,75,94,0,29.73,Clear,0,0,0,0,0,,,
05/19/2023,6:30 AM,77,94,0,29.73,Clear,0,0,0,0,0,,,
05/19/2023,7:00 AM,79,100,0,29.73,Clear,0,0,0,0,0,,,
05/19/2023,7:30 AM,82,89,0,29.73,Clear,0,0,0,0,0,,,
05/19/2023,8:00 AM,84,89,0,29.76,Clear,0,0,0,0,0,,,
05/19/2023,8:30 AM,88,84,2,29.76,Clear,0,0,0,0,0,,,
05/19/2023,9:00 AM,90,75,0,29.76,Clear,0,0,0,0,0,,,
05/19/2023,9:30 AM,90,75,6,29.76,Clear,0,0,0,0,0,,,
05/19/2023,10:00 AM,91,66,7,29.79,Clear,0,0,0,0,0,,,
05/19/2023,10:30 AM,91,66,8,29.76,Clear,0,0,0,0,0,,,
05/19/2023,11:00 AM,93,59,9,29.76,Clear,0,0,0,0,0,,,
05/19/2023,11:30 AM,93,59,9,29.76,Clear,0,0,0,0,0,,,
05/19/2023,12:00 PM,93,56,7,29.73,Clear,0,0,0,0,0,,,
05/19/2023,12:30 PM,91,63,7,29.73,Clear,0,0,0,0,0,,,
05/19/2023,1:00 PM,91,63,12,29.73,Rain,0,0,0,0,0,,,
05/19/2023,1:30 PM,84,79,8,29.73,Clear,0,0,0,0,0,,,
05/19/2023,2:00 PM,81,84,5,29.73,Rain,0,0,0,0,0,,,
05/19/2023,2:30 PM,81,89,3,29.7,Rain,0,0,0,0,0,,,
05/19/2023,3:00 PM,82,89,7,29.67,Clear,0,0,0,0,0,,,
05/19/2023,3:30 PM,84,84,3,29.67,Clear,0,0,0,0,0,,,
05/19/2023,4:00 PM,82,89,3,29.67,Clear,0,0,0,0,0,,,
05/19/2023,4:30 PM,82,89,5,29.67,Clear,0,0,0,0,0,,,
05/19/2023,5:00 PM,82,84,3,29.64,Clear,0,0,0,0,0,,,
05/19/2023,5:30 PM,82,89,5,29.67,Clear,0,0,0,0,0,,,
05/19/2023,6:00 PM,82,84,3,29.67,Clear,0,0,0,0,0,,,
05/19/2023,6:30 PM,81,89,5,29.67,Clear,0,0,0,0,0,,,
05/19/2023,7:00 PM,81,89,6,29.67,Clear,0,0,0,0,0,,,
05/19/2023,7:30 PM,81,89,5,29.7,Clear,0,0,0,0,0,,,
05/19/2023,8:00 PM,81,89,6,29.7,Clear,0,0,0,0,0,,,
05/19/2023,8:30 PM,81,89,6,29.7,Clear,0,0,0,0,0,,,
05/19/2023,9:00 PM,81,89,6,29.73,Clear,0,0,0,0,0,,,
05/19/2023,9:30 PM,79,94,6,29.73,Clear,0,0,0,0,0,,,
05/19/2023,10:00 PM,79,94,6,29.73,Clear,0,0,0,0,0,,,
05/19/2023,10:30 PM,79,94,5,29.73,Clear,0,0,0,0,0,,,
05/19/2023,11:00 PM,79,94,3,29.73,Clear,0,0,0,0,0,,,
05/19/2023,11:30 PM,79,94,2,29.73,Clear,0,0,0,0,0,,,
05/20/2023,12:00 AM,79,94,5,29.73,Clear,0,0,0,0,0,,,
05/20/2023,12:30 AM,79,94,5,29.73,Clear,0,0,0,0,0,,,
05/20/2023,1:00 AM,79,94,5,29.7,Clear,0,0,0,0,0,,,
05/20/2023,1:30 AM,79,94,6,29.7,Clear,0,0,0,0,0,,,
05/20/2023,2:00 AM,79,94,6,29.7,Clear,0,0,0,0,0,,,
05/20/2023,2:30 AM,79,94,6,29.7,Clear,0,0,0,0,0,,,
05/20/2023,3:00 AM,79,94,5,29.67,Clear,0,0,0,0,0,,,
05/20/2023,3:30 AM,79,94,5,29.67,Clear,0,0,0,0,0,,,
05/20/2023,4:00 AM,79,94,3,29.67,Clear,0,0,0,0,0,,,
05/20/2023,4:30 AM,79,94,2,29.67,Clear,0,0,0,0,0,,,
05/20/2023,5:00 AM,79,94,3,29.67,Clear,0,0,0,0,0,,,
05/20/2023,5:30 AM,79,94,1,29.67,Clear,0,0,0,0,0,,,
05/20/2023,6:00 AM,79,94,2,29.67,Clear,0,0,0,0,0,,,
05/20/2023,6:30 AM,79,94,6,29.7,Clear,0,0,0,0,0,,,
05/20/2023,7:00 AM,79,94,8,29.73,Clear,0,0,0,0,0,,,
05/20/2023,7:30 AM,81,89,6,29.73,Clear,0,0,0,0,0,,,
05/20/2023,8:00 AM,84,84,3,29.73,Clear,0,0,0,0,0,,,
05/20/2023,8:30 AM,86,79,5,29.73,Clear,0,0,0,0,0,,,
05/20/2023,9:00 AM,88,75,5,29.73,Clear,0,0,0,0,0,,,
05/20/2023,9:30 AM,90,70,6,29.73,Clear,0,0,0,0,0,,,
05/20/2023,10:00 AM,90,70,9,29.73,Clear,0,0,0,0,0,,,
05/20/2023,10:30 AM,91,66,7,29.73,Clear,0,0,0,0,0,,,
05/20/2023,11:00 AM,91,63,9,29.73,Clear,0,0,0,0,0,,,
05/20/2023,11:30 AM,93,56,8,29.73,Clear,0,0,0,0,0,,,
05/20/2023,12:00 PM,93,59,6,29.7,Clear,0,0,0,0,0,,,
05/20/2023,12:30 PM,93,56,6,29.7,Clear,0,0,0,0,0,,,
05/20/2023,1:00 PM,95,56,7,29.67,Clear,0,0,0,0,0,,,
05/20/2023,1:30 PM,93,59,10,29.67,Clear,0,0,0,0,0,,,
05/20/2023,2:00 PM,95,56,7,29.64,Clear,0,0,0,0,0,,,
05/20/2023,2:30 PM,93,56,8,29.64,Clear,0,0,0,0,0,,,
05/20/2023,3:00 PM,93,56,7,29.64,Clear,0,0,0,0,0,,,
05/20/2023,3:30 PM,93,59,7,29.61,Clear,0,0,0,0,0,,,
05/20/2023,4:00 PM,91,59,8,29.61,Rain,0,0,0,0,0,,,
05/20/2023,4:30 PM,93,56,8,29.61,Rain,0,0,0,0,0,,,
05/20/2023,5:00 PM,91,59,9,29.61,Clear,0,0,0,0,0,,,
05/20/2023,5:30 PM,91,59,9,29.64,Clear,0,0,0,0,0,,,
05/20/2023,6:00 PM,90,62,9,29.64,Clear,0,0,0,0,0,,,
05/20/2023,6:30 PM,88,66,8,29.64,Clear,0,0,0,0,0,,,
05/20/2023,7:00 PM,86,70,7,29.67,Clear,0,0,0,0,0,,,
05/20/2023,7:30 PM,86,70,6,29.67,Clear,0,0,0,0,0,,,
05/20/2023,8:00 PM,84,74,8,29.67,Clear,0,0,0,0,0,,,
05/20/2023,8:30 PM,84,74,7,29.7,Clear,0,0,0,0,0,,,
05/20/2023,9:00 PM,84,74,6,29.73,Clear,0,0,0,0,0,,,
05/20/2023,9:30 PM,82,79,6,29.73,Clear,0,0,0,0,0,,,
05/20/2023,10:00 PM,82,84,0,29.73,Clear,0,0,0,0,0,,,
05/20/2023,10:30 PM,81,89,0,29.73,Clear,0,0,0,0,0,,,
05/20/2023,11:00 PM,81,84,0,29.73,Clear,0,0,0,0,0,,,
05/20/2023,11:30 PM,81,84,0,29.76,Clear,0,0,0,0,0,,,
05/21/2023,12:00 AM,79,89,0,29.73,Clear,0,0,0,0,0,,,
05/21/2023,12:30 AM,79,89,0,29.73,Clear,0,0,0,0,0,,,
05/21/2023,1:00 AM,79,94,0,29.73,Clear,0,0,0,0,0,,,
05/21/2023,1:30 AM,79,94,0,29.73,Clear,0,0,0,0,0,,,
05/21/2023,2:00 AM,79,94,0,29.7,Clear,0,0,0,0,0,,,
05/21/2023,2:30 AM,79,94,0,29.7,Clear,0,0,0,0,0,,,
05/21/2023,3:00 AM,79,94,0,29.67,Clear,0,0,0,0,0,,,
05/21/2023,3:30 AM,79,94,0,29.67,Clear,0,0,0,0,0,,,
05/21/2023,4:00 AM,79,94,0,29.67,Clear,0,0,0,0,0,,,
05/21/2023,4:30 AM,77,100,0,29.67,Clear,0,0,0,0,0,,,
05/21/2023,5:00 AM,77,100,1,29.67,Clear,0,0,0,0,0,,,
05/21/2023,5:30 AM,77,94,1,29.7,Clear,0,0,0,0,0,,,
05/21/2023,6:00 AM,77,94,1,29.7,Clear,0,0,0,0,0,,,
05/21/2023,6:30 AM,77,100,0,29.7,Clear,0,0,0,0,0,,,
05/21/2023,7:00 AM,79,94,3,29.73,Clear,0,0,0,0,0,,,
05/21/2023,7:30 AM,81,94,2,29.73,Clear,0,0,0,0,0,,,
05/21/2023,8:00 AM,82,89,8,29.76,Clear,0,0,0,0,0,,,
05/21/2023,8:30 AM,84,84,9,29.76,Clear,0,0,0,0,0,,,
05/21/2023,9:00 AM,86,79,10,29.79,Clear,0,0,0,0,0,,,
05/21/2023,9:30 AM,86,79,9,29.79,Clear,0,0,0,0,0,,,
05/21/2023,10:00 AM,88,75,12,29.79,Clear,0,0,0,0,0,,,
05/21/2023,10:30 AM,86,79,10,29.79,Clear,0,0,0,0,0,,,
05/21/2023,11:00 AM,86,74,9,29.79,Clear,0,0,0,0,0,,,
05/21/2023,11:30 AM,84,74,15,29.79,Rain,0,0,0,0,0,,,
05/21/2023,12:00 PM,86,70,14,29.76,Clear,0,0,0,0,0,,,
05/21/2023,12:30 PM,88,70,10,29.73,Clear,0,0,0,0,0,,,
05/21/2023,1:00 PM,91,63,9,29.73,Clear,0,0,0,0,0,,,
05/21/2023,1:30 PM,91,59,9,29.7,Clear,0,0,0,0,0,,,
05/21/2023,2:00 PM,91,55,13,29.7,Clear,0,0,0,0,0,,,
05/21/2023,2:30 PM,90,59,13,29.7,Clear,0,0,0,0,0,,,
05/21/2023,3:00 PM,91,52,10,29.67,Clear,0,0,0,0,0,,,
05/21/2023,3:30 PM,90,59,10,29.67,Clear,0,0,0,0,0,,,
05/21/2023,4:00 PM,90,59,12,29.67,Clear,0,0,0,0,0,,,
05/21/2023,4:30 PM,90,62,10,29.67,Clear,0,0,0,0,0,,,
05/21/2023,5:00 PM,90,59,8,29.67,Clear,0,0,0,0,0,,,
05/21/2023,5:30 PM,90,59,8,29.67,Clear,0,0,0,0,0,,,
05/21/2023,6:00 PM,88,62,9,29.67,Clear,0,0,0,0,0,,,
05/21/2023,6:30 PM,86,66,6,29.7,Clear,0,0,0,0,0,,,
05/21/2023,7:00 PM,86,66,8,29.7,Clear,0,0,0,0,0,,,
05/21/2023,7:30 PM,84,70,7,29.73,Clear,0,0,0,0,0,,,
05/21/2023,8:00 PM,84,74,7,29.73,Clear,0,0,0,0,0,,,
05/21/2023,8:30 PM,82,79,8,29.73,Clear,0,0,0,0,0,,,
05/21/2023,9:00 PM,82,79,8,29.76,Clear,0,0,0,0,0,,,
05/21/2023,9:30 PM,82,79,5,29.76,Clear,0,0,0,0,0,,,
05/21/2023,10:00 PM,81,84,5,29.76,Clear,0,0,0,0,0,,,
05/21/2023,10:30 PM,81,84,5,29.76,Clear,0,0,0,0,0,,,
05/21/2023,11:00 PM,81,84,5,29.79,Clear,0,0,0,0,0,,,
05/21/2023,11:30 PM,79,89,5,29.76,Clear,0,0,0,0,0,,,
05/22/2023,12:00 AM,79,89,5,29.76,Clear,0,0,0,0,0,,,
05/22/2023,12:30 AM,79,89,3,29.76,Clear,0,0,0,0,0,,,
05/22/2023,1:00 AM,79,89,5,29.76,Clear,0,0,0,0,0,,,
05/22/2023,1:30 AM,79,89,5,29.73,Clear,0,0,0,0,0,,,
05/22/2023,2:00 AM,79,89,3,29.73,Clear,0,0,0,0,0,,,
05/22/2023,2:30 AM,79,89,3,29.73,Clear,0,0,0,0,0,,,
05/22/2023,3:00 AM,79,89,2,29.73,Clear,0,0,0,0,0,,,
05/22/2023,3:30 AM,77,94,0,29.73,Clear,0,0,0,0,0,,,
05/22/2023,4:00 AM,77,94,0,29.73,Clear,0,0,0,0,0,,,
05/22/2023,4:30 AM,77,94,2,29.73,Clear,0,0,0,0,0,,,
05/22/2023,5:00 AM,79,89,6,29.73,Clear,0,0,0,0,0,,,
05/22/2023,5:30 AM,79,89,5,29.73,Clear,0,0,0,0,0,,,
05/22/2023,6:00 AM,79,89,6,29.73,Clear,0,0,0,0,0,,,
05/22/2023,6:30 AM,79,89,5,29.76,Clear,0,0,0,0,0,,,
05/22/2023,7:00 AM,79,89,7,29.76,Clear,0,0,0,0,0,,,
05/22/2023,7:30 AM,81,84,7,29.76,Clear,0,0,0,0,0,,,
05/22/2023,8:00 AM,82,84,5,29.76,Clear,0,0,0,0,0,,,
05/22/2023,8:30 AM,84,79,5,29.79,Clear,0,0,0,0,0,,,
05/22/2023,9:00 AM,84,79,6,29.79,Clear,0,0,0,0,0,,,
05/22/2023,9:30 AM,86,74,6,29.79,Clear,0,0,0,0,0,,,
05/22/2023,10:00 AM,86,74,9,29.79,Clear,2,1,0,0,2,,,
05/22/2023,10:30 AM,88,75,10,29.79,Clear,0,0,0,0,0,,,
05/22/2023,11:00 AM,88,70,12,29.79,Clear,0,0,0,0,0,,,
05/22/2023,11:30 AM,90,70,10,29.79,Clear,0,0,0,0,0,,,
05/22/2023,12:00 PM,88,70,15,29.79,Clear,0,0,0,0,0,,,
05/22/2023,12:30 PM,86,70,12,29.79,Rain,0,0,0,0,0,,,
05/22/2023,1:00 PM,86,66,10,29.79,Clear,0,0,0,0,0,,,
05/22/2023,1:30 PM,84,70,9,29.76,Clear,0,0,0,0,0,,,
05/22/2023,2:00 PM,84,74,9,29.73,Rain,0,0,0,0,0,,,
05/22/2023,2:30 PM,86,70,10,29.73,Clear,0,0,0,0,0,,,
05/22/2023,3:00 PM,86,70,10,29.7,Clear,0,0,0,0,0,,,
05/22/2023,3:30 PM,88,66,8,29.7,Clear,0,0,0,0,0,,,
05/22/2023,4:00 PM,90,62,8,29.7,Clear,0,0,0,0,0,,,
05/22/2023,4:30 PM,88,66,8,29.7,Clear,0,0,0,0,0,,,
05/22/2023,5:00 PM,86,70,8,29.7,Clear,0,0,0,0,0,,,
05/22/2023,5:30 PM,86,70,7,29.7,Clear,0,0,0,0,0,,,
05/22/2023,6:00 PM,86,70,6,29.73,Clear,0,0,0,0,0,,,
05/22/2023,6:30 PM,84,74,5,29.73,Clear,0,0,0,0,0,,,
05/22/2023,7:00 PM,82,79,6,29.73,Clear,0,0,0,0,0,,,
05/22/2023,7:30 PM,82,74,5,29.76,Clear,0,0,0,0,0,,,
05/22/2023,8:00 PM,81,79,3,29.76,Clear,0,0,0,0,0,,,
05/22/2023,8:30 PM,79,83,3,29.79,Clear,0,0,0,0,0,,,
05/22/2023,9:00 PM,79,83,5,29.79,Clear,0,0,0,0,0,,,
05/22/2023,9:30 PM,79,83,6,29.79,Clear,0,0,0,0,0,,,
05/22/2023,10:00 PM,77,89,6,29.79,Clear,0,0,0,0,0,,,
05/22/2023,10:30 PM,77,89,2,29.81,Clear,0,0,0,0,0,,,
05/22/2023,11:00 PM,77,89,3,29.81,Clear,0,0,0,0,0,,,
05/22/2023,11:30 PM,75,94,3,29.79,Clear,0,0,0,0,0,,,
05/23/2023,12:00 AM,75,94,3,29.79,Clear,0,0,0,0,0,,,
05/23/2023,12:30 AM,75,94,2,29.79,Clear,0,0,0,0,0,,,
05/23/2023,1:00 AM,75,94,2,29.76,Clear,0,0,0,0,0,,,
05/23/2023,1:30 AM,75,94,0,29.76,Clear,0,0,0,0,0,,,
05/23/2023,2:00 AM,75,94,2,29.76,Clear,0,0,0,0,0,,,
05/23/2023,2:30 AM,73,100,0,29.76,Clear,0,0,0,0,0,,,
05/23/2023,3:00 AM,73,100,0,29.73,Clear,0,0,0,0,0,,,
05/23/2023,3:30 AM,75,94,1,29.73,Clear,0,0,0,0,0,,,
05/23/2023,4:00 AM,75,94,2,29.73,Clear,0,0,0,0,0,,,
05/23/2023,4:30 AM,75,94,2,29.73,Clear,0,0,0,0,0,,,
05/23/2023,5:00 AM,75,94,2,29.76,Clear,0,0,0,0,0,,,
05/23/2023,5:30 AM,75,94,3,29.76,Clear,0,0,0,0,0,,,
05/23/2023,6:00 AM,75,94,5,29.76,Clear,0,0,0,0,0,,,
05/23/2023,6:30 AM,75,94,5,29.76,Clear,0,0,0,0,0,,,
05/23/2023,7:00 AM,77,94,5,29.76,Clear,1,1,0,0,0,,,
05/23/2023,7:30 AM,81,89,6,29.79,Clear,0,0,0,0,0,,,
05/23/2023,8:00 AM,82,89,6,29.79,Clear,0,0,0,0,0,,,
05/23/2023,8:30 AM,84,84,7,29.79,Clear,0,0,0,0,0,,,
05/23/2023,9:00 AM,86,84,6,29.79,Clear,0,0,0,0,0,,,
05/23/2023,9:30 AM,88,79,5,29.79,Clear,0,0,0,0,0,,,
05/23/2023,10:00 AM,90,75,6,29.79,Clear,0,0,0,0,0,,,
05/23/2023,10:30 AM,90,75,7,29.79,Clear,0,0,0,0,0,,,
05/23/2023,11:00 AM,90,75,7,29.79,Clear,0,0,0,0,0,,,
05/23/2023,11:30 AM,91,71,7,29.76,Clear,0,0,0,0,0,,,
05/23/2023,12:00 PM,91,63,7,29.76,Clear,0,0,0,0,0,,,
05/23/2023,12:30 PM,95,59,8,29.73,Clear,0,0,0,0,0,,,
05/23/2023,1:00 PM,93,56,9,29.73,Clear,0,0,0,0,0,,,
05/23/2023,1:30 PM,93,59,9,29.73,Clear,0,0,0,0,0,,,
05/23/2023,2:00 PM,91,63,12,29.7,Clear,0,0,0,0,0,,,
05/23/2023,2:30 PM,93,59,10,29.7,Clear,0,0,0,0,0,,,
05/23/2023,3:00 PM,95,56,10,29.67,Clear,0,0,0,0,0,,,
05/23/2023,3:30 PM,95,56,12,29.67,Clear,0,0,0,0,0,,,
05/23/2023,4:00 PM,93,59,9,29.67,Clear,0,0,0,0,0,,,
05/23/2023,4:30 PM,93,59,12,29.67,Clear,0,0,0,0,0,,,
05/23/2023,5:00 PM,91,63,12,29.67,Clear,0,0,0,0,0,,,
05/23/2023,5:30 PM,90,62,13,29.67,Clear,0,0,0,0,0,,,
05/23/2023,6:00 PM,90,62,10,29.67,Clear,0,0,0,0,0,,,
05/23/2023,6:30 PM,88,66,9,29.67,Clear,0,0,0,0,0,,,
05/23/2023,7:00 PM,86,70,6,29.7,Clear,0,0,0,0,0,,,
05/23/2023,7:30 PM,84,74,6,29.7,Clear,0,0,0,0,0,,,
05/23/2023,8:00 PM,82,79,6,29.7,Clear,0,0,0,0,0,,,
05/23/2023,8:30 PM,82,79,6,29.73,Clear,0,0,0,0,0,,,
05/23/2023,9:00 PM,82,79,5,29.73,Clear,0,0,0,0,0,,,
05/23/2023,9:30 PM,81,84,5,29.73,Clear,0,0,0,0,0,,,
05/23/2023,10:00 PM,79,89,3,29.76,Clear,0,0,0,0,0,,,
05/23/2023,10:30 PM,79,89,3,29.76,Clear,0,0,0,0,0,,,
05/23/2023,11:00 PM,79,89,0,29.76,Clear,0,0,0,0,0,,,
05/23/2023,11:30 PM,79,89,2,29.76,Clear,0,0,0,0,0,,,
05/24/2023,12:00 AM,77,94,5,29.76,Clear,0,0,0,0,0,,,
05/24/2023,12:30 AM,77,94,5,29.76,Clear,0,0,0,0,0,,,
05/24/2023,1:00 AM,77,94,3,29.73,Clear,0,0,0,0,0,,,
05/24/2023,1:30 AM,77,94,2,29.73,Clear,0,0,0,0,0,,,
05/24/2023,2:00 AM,77,94,3,29.73,Clear,0,0,0,0,0,,,
05/24/2023,2:30 AM,77,94,3,29.73,Clear,0,0,0,0,0,,,
05/24/2023,3:00 AM,77,94,2,29.73,Clear,0,0,0,0,0,,,
05/24/2023,3:30 AM,77,94,2,29.73,Clear,1,1,0,0,1,,,
05/24/2023,4:00 AM,77,94,0,29.7,Clear,0,0,0,0,0,,,
05/24/2023,4:30 AM,77,94,0,29.7,Clear,0,0,0,0,0,,,
05/24/2023,5:00 AM,77,94,2,29.7,Clear,0,0,0,0,0,,,
05/24/2023,5:30 AM,77,94,5,29.7,Clear,0,0,0,0,0,,,
05/24/2023,6:00 AM,77,94,5,29.73,Clear,0,0,0,0,0,,,
05/24/2023,6:30 AM,77,94,3,29.73,Clear,0,0,0,0,0,,,
05/24/2023,7:00 AM,77,100,5,29.73,Clear,0,0,0,0,0,,,
05/24/2023,7:30 AM,79,94,2,29.76,Clear,0,0,0,0,0,,,
05/24/2023,8:00 AM,81,94,5,29.76,Clear,0,0,0,0,0,,,
05/24/2023,8:30 AM,82,94,5,29.76,Clear,0,0,0,0,0,,,
05/24/2023,9:00 AM,86,84,7,29.79,Clear,0,0,0,0,0,,,
05/24/2023,9:30 AM,88,84,7,29.79,Clear,0,0,0,0,0,,,
05/24/2023,10:00 AM,90,75,6,29.79,Clear,0,0,0,0,0,,,
05/24/2023,10:30 AM,90,70,9,29.79,Clear,0,0,0,0,0,,,
05/24/2023,11:00 AM,91,66,9,29.79,Clear,0,0,0,0,0,,,
05/24/2023,11:30 AM,93,59,8,29.76,Clear,0,0,0,0,0,,,
05/24/2023,12:00 PM,93,59,9,29.76,Clear,0,0,0,0,0,,,
05/24/2023,12:30 PM,93,56,10,29.76,Clear,0,0,0,0,0,,,
05/24/2023,1:00 PM,93,56,10,29.73,Clear,0,0,0,0,0,,,
05/24/2023,1:30 PM,93,56,12,29.7,Clear,0,0,0,0,0,,,
05/24/2023,2:00 PM,93,56,10,29.7,Clear,0,0,0,0,0,,,
05/24/2023,2:30 PM,95,53,8,29.67,Clear,0,0,0,0,0,,,
05/24/2023,3:00 PM,95,49,14,29.67,Clear,0,0,0,0,0,,,
05/24/2023,3:30 PM,93,56,12,29.67,Clear,0,0,0,0,0,,,
05/24/2023,4:00 PM,93,59,13,29.67,Clear,0,0,0,0,0,,,
05/24/2023,4:30 PM,91,63,10,29.67,Clear,0,0,0,0,0,,,
05/24/2023,5:00 PM,91,63,12,29.64,Clear,0,0,0,0,0,,,
05/24/2023,5:30 PM,91,63,10,29.67,Clear,0,0,0,0,0,,,
05/24/2023,6:00 PM,90,62,10,29.67,Clear,0,0,0,0,0,,,
05/24/2023,6:30 PM,88,66,8,29.67,Clear,0,0,0,0,0,,,
05/24/2023,7:00 PM,86,70,9,29.7,Clear,0,0,0,0,0,,,
05/24/2023,7:30 PM,84,74,7,29.7,Clear,0,0,0,0,0,,,
05/24/2023,8:00 PM,84,74,6,29.73,Clear,0,0,0,0,0,,,
05/24/2023,8:30 PM,82,79,3,29.73,Clear,0,0,0,0,0,,,
05/24/2023,9:00 PM,82,84,2,29.73,Clear,0,0,0,0,0,,,
05/24/2023,9:30 PM,82,84,5,29.76,Clear,0,0,0,0,0,,,
05/24/2023,10:00 PM,81,89,5,29.76,Clear,0,0,0,0,0,,,
05/24/2023,10:30 PM,81,89,3,29.76,Clear,0,0,0,0,0,,,
05/24/2023,11:00 PM,81,84,5,29.76,Clear,0,0,0,0,0,,,
05/24/2023,11:30 PM,79,94,5,29.76,Clear,0,0,0,0,0,,,
05/25/2023,12:00 AM,79,89,5,29.76,Clear,0,0,0,0,0,,,
05/25/2023,12:30 AM,79,89,5,29.76,Clear,0,0,0,0,0,,,
05/25/2023,1:00 AM,79,89,2,29.76,Clear,0,0,0,0,0,,,
05/25/2023,1:30 AM,79,89,2,29.76,Clear,0,0,0,0,0,,,
05/25/2023,2:00 AM,77,94,0,29.73,Clear,0,0,0,0,0,,,
05/25/2023,2:30 AM,77,94,0,29.73,Clear,0,0,0,0,0,,,
05/25/2023,3:00 AM,77,94,0,29.73,Clear,0,0,0,0,0,,,
05/25/2023,3:30 AM,77,94,0,29.73,Clear,0,0,0,0,0,,,
05/25/2023,4:00 AM,75,100,0,29.73,Clear,0,0,0,0,0,,,
05/25/2023,4:30 AM,75,100,2,29.73,Clear,0,0,0,0,0,,,
05/25/2023,5:00 AM,75,100,2,29.73,Clear,0,0,0,0,0,,,
05/25/2023,5:30 AM,75,94,3,29.73,Clear,0,0,0,0,0,,,
05/25/2023,6:00 AM,75,100,5,29.73,Clear,0,0,0,0,0,,,
05/25/2023,6:30 AM,75,100,5,29.73,Clear,0,0,0,0,0,,,
05/25/2023,7:00 AM,77,100,5,29.73,Clear,0,0,0,0,0,,,
05/25/2023,7:30 AM,81,94,3,29.76,Clear,0,0,0,0,0,,,
05/25/2023,8:00 AM,84,89,5,29.76,Clear,0,0,0,0,0,,,
05/25/2023,8:30 AM,84,89,3,29.76,Clear,0,0,0,0,0,,,
05/25/2023,9:00 AM,88,79,8,29.79,Clear,0,0,0,0,0,,,
05/25/2023,9:30 AM,90,75,8,29.79,Clear,0,0,0,0,0,,,
05/25/2023,10:00 AM,91,71,8,29.79,Clear,0,0,0,0,0,,,
05/25/2023,10:30 AM,91,66,9,29.79,Clear,0,0,0,0,0,,,
05/25/2023,11:00 AM,93,59,8,29.76,Clear,0,0,0,0,0,,,
05/25/2023,11:30 AM,95,56,10,29.76,Clear,0,0,0,0,0,,,
05/25/2023,12:00 PM,93,59,10,29.76,Clear,0,0,0,0,0,,,
05/25/2023,12:30 PM,93,59,12,29.73,Clear,0,0,0,0,0,,,
05/25/2023,1:00 PM,93,59,9,29.73,Clear,0,0,0,0,0,,,
05/25/2023,1:30 PM,95,56,10,29.7,Clear,0,0,0,0,0,,,
05/25/2023,2:00 PM,95,56,12,29.7,Clear,0,0,0,0,0,,,
05/25/2023,2:30 PM,93,59,12,29.67,Clear,0,0,0,0,0,,,
05/25/2023,3:30 PM,93,59,14,29.67,Rain,0,0,0,0,0,,,
05/25/2023,4:00 PM,93,59,14,29.67,Rain,0,0,0,0,0,,,
05/25/2023,4:30 PM,91,55,13,29.67,Clear,0,0,0,0,0,,,
05/25/2023,5:00 PM,90,59,13,29.67,Clear,0,0,0,0,0,,,
05/25/2023,5:30 PM,90,62,8,29.67,Clear,0,0,0,0,0,,,
05/25/2023,6:00 PM,88,66,7,29.67,Clear,0,0,0,0,0,,,
05/25/2023,6:30 PM,86,70,8,29.67,Clear,0,0,0,0,0,,,
05/25/2023,7:00 PM,86,70,7,29.7,Clear,0,0,0,0,0,,,
05/25/2023,7:30 PM,86,70,7,29.7,Clear,0,0,0,0,0,,,
05/25/2023,8:00 PM,84,74,6,29.7,Clear,0,0,0,0,0,,,
05/25/2023,8:30 PM,84,74,6,29.73,Clear,2,1,1,0,1,,,
05/25/2023,9:00 PM,82,79,5,29.76,Clear,0,0,0,0,0,,,
05/25/2023,9:30 PM,82,79,3,29.76,Clear,0,0,0,0,0,,,
05/25/2023,10:00 PM,81,84,3,29.76,Clear,0,0,0,0,0,,,
05/25/2023,10:30 PM,81,84,3,29.76,Clear,0,0,0,0,0,,,
05/25/2023,11:00 PM,81,89,3,29.79,Clear,0,0,0,0,0,,,
05/25/2023,11:30 PM,81,84,5,29.76,Clear,0,0,0,0,0,,,
05/26/2023,12:00 AM,79,89,3,29.76,Clear,0,0,0,0,0,,,
05/26/2023,12:30 AM,79,89,2,29.76,Clear,0,0,0,0,0,,,
05/26/2023,1:00 AM,79,94,3,29.76,Clear,0,0,0,0,0,,,
05/26/2023,1:30 AM,79,94,3,29.73,Clear,0,0,0,0,0,,,
05/26/2023,2:00 AM,79,89,2,29.73,Clear,0,0,0,0,0,,,
05/26/2023,2:30 AM,79,89,0,29.73,Clear,0,0,0,0,0,,,
05/26/2023,3:00 AM,77,94,0,29.73,Clear,0,0,0,0,0,,,
05/26/2023,3:30 AM,77,94,0,29.7,Clear,0,0,0,0,0,,,
05/26/2023,4:00 AM,77,94,0,29.7,Clear,0,0,0,0,0,,,
05/26/2023,4:30 AM,77,94,0,29.7,Clear,0,0,0,0,0,,,
05/26/2023,5:00 AM,77,94,1,29.7,Clear,0,0,0,0,0,,,
05/26/2023,5:30 AM,77,94,0,29.7,Clear,0,0,0,0,0,,,
05/26/2023,6:00 AM,77,94,0,29.73,Clear,0,0,0,0,0,,,
05/26/2023,6:30 AM,77,94,0,29.73,Clear,0,0,0,0,0,,,
05/26/2023,7:00 AM,79,94,3,29.73,Clear,0,0,0,0,0,,,
05/26/2023,7:30 AM,79,94,3,29.73,Clear,0,0,0,0,0,,,
05/26/2023,8:00 AM,82,89,3,29.76,Clear,0,0,0,0,0,,,
05/26/2023,8:30 AM,84,89,2,29.76,Clear,0,0,0,0,0,,,
05/26/2023,9:00 AM,88,79,0,29.79,Clear,0,0,0,0,0,,,
05/26/2023,9:30 AM,90,75,3,29.76,Clear,0,0,0,0,0,,,
05/26/2023,10:00 AM,91,71,2,29.76,Clear,0,0,0,0,0,,,
05/26/2023,10:30 AM,91,66,2,29.76,Clear,0,0,0,0,0,,,
05/26/2023,11:00 AM,93,63,2,29.76,Clear,0,0,0,0,0,,,
05/26/2023,11:30 AM,91,66,2,29.76,Clear,0,0,0,0,0,,,
05/26/2023,12:00 PM,91,63,3,29.76,Rain,0,0,0,0,0,,,
05/26/2023,12:30 PM,86,70,7,29.76,Rain,0,0,0,0,0,,,
05/26/2023,1:00 PM,79,83,2,29.76,Rain,0,0,0,0,0,,,
05/26/2023,1:30 PM,81,84,6,29.73,Clear,0,0,0,0,0,,,
05/26/2023,2:00 PM,82,84,3,29.7,Clear,0,0,0,0,0,,,
05/26/2023,2:30 PM,86,79,5,29.7,Clear,0,0,0,0,0,,,
05/26/2023,3:00 PM,86,79,3,29.7,Clear,0,0,0,0,0,,,
05/26/2023,3:30 PM,86,79,6,29.7,Clear,0,0,0,0,0,,,
05/26/2023,4:00 PM,86,79,9,29.67,Clear,0,0,0,0,0,,,
05/26/2023,4:30 PM,86,79,9,29.67,Clear,0,0,0,0,0,,,
05/26/2023,5:00 PM,84,79,9,29.67,Clear,0,0,0,0,0,,,
05/26/2023,5:30 PM,84,79,8,29.67,Rain,0,0,0,0,0,,,
05/26/2023,6:00 PM,81,89,7,29.7,Rain,0,0,0,0,0,,,
05/26/2023,6:30 PM,79,94,9,29.73,Rain,0,0,0,0,0,,,
05/26/2023,7:00 PM,81,89,6,29.73,Rain,0,0,0,0,0,,,
05/26/2023,7:30 PM,79,94,6,29.73,Clear,0,0,0,0,0,,,
05/26/2023,8:00 PM,79,94,0,29.73,Clear,0,0,0,0,0,,,
05/26/2023,8:30 PM,79,94,0,29.73,Clear,0,0,0,0,0,,,
05/26/2023,9:00 PM,79,94,5,29.76,Clear,0,0,0,0,0,,,
05/26/2023,9:30 PM,79,89,7,29.76,Clear,0,0,0,0,0,,,
05/26/2023,10:00 PM,79,89,7,29.76,Clear,0,0,0,0,0,,,
05/26/2023,10:30 PM,77,94,6,29.79,Clear,0,0,0,0,0,,,
05/26/2023,11:00 PM,79,94,6,29.79,Clear,0,0,0,0,0,,,
05/26/2023,11:30 PM,79,94,5,29.79,Clear,0,0,0,0,0,,,
05/27/2023,12:00 AM,79,89,5,29.76,Clear,0,0,0,0,0,,,
05/27/2023,12:30 AM,79,89,5,29.76,Clear,0,0,0,0,0,,,
05/27/2023,1:00 AM,79,89,7,29.76,Clear,0,0,0,0,0,,,
05/27/2023,1:30 AM,79,89,6,29.73,Clear,0,0,0,0,0,,,
05/27/2023,2:00 AM,79,89,5,29.73,Clear,0,0,0,0,0,,,
05/27/2023,2:30 AM,79,94,5,29.73,Clear,0,0,0,0,0,,,
05/27/2023,3:00 AM,79,89,7,29.7,Clear,0,0,0,0,0,,,
05/27/2023,3:30 AM,79,89,6,29.7,Clear,0,0,0,0,0,,,
05/27/2023,4:00 AM,79,89,6,29.7,Clear,0,0,0,0,0,,,
05/27/2023,4:30 AM,79,89,7,29.67,Clear,0,0,0,0,0,,,
05/27/2023,5:00 AM,79,89,7,29.67,Clear,0,0,0,0,0,,,
05/27/2023,5:30 AM,79,89,5,29.67,Clear,0,0,0,0,0,,,
05/27/2023,6:00 AM,79,89,6,29.67,Clear,0,0,0,0,0,,,
05/27/2023,6:30 AM,79,89,7,29.67,Clear,0,0,0,0,0,,,
05/27/2023,7:00 AM,81,84,6,29.7,Clear,0,0,0,0,0,,,
05/27/2023,7:30 AM,81,89,5,29.7,Clear,0,0,0,0,0,,,
05/27/2023,8:00 AM,82,84,6,29.73,Clear,0,0,0,0,0,,,
05/27/2023,8:30 AM,84,79,6,29.73,Clear,0,0,0,0,0,,,
05/27/2023,9:00 AM,84,79,7,29.73,Clear,0,0,0,0,0,,,
05/27/2023,9:30 AM,84,79,6,29.73,Clear,0,0,0,0,0,,,
05/27/2023,10:00 AM,86,70,9,29.73,Clear,0,0,0,0,0,,,
05/27/2023,10:30 AM,88,66,12,29.73,Clear,0,0,0,0,0,,,
05/27/2023,11:00 AM,90,62,13,29.73,Clear,0,0,0,0,0,,,
05/27/2023,11:30 AM,90,62,14,29.7,Clear,0,0,0,0,0,,,
05/27/2023,12:00 PM,84,74,6,29.7,Rain,0,0,0,0,0,,,
05/27/2023,12:30 PM,88,66,8,29.67,Clear,0,0,0,0,0,,,
05/27/2023,1:00 PM,90,62,15,29.67,Clear,0,0,0,0,0,,,
05/27/2023,1:30 PM,88,66,15,29.67,Clear,0,0,0,0,0,,,
05/27/2023,2:00 PM,84,74,10,29.64,Clear,0,0,0,0,0,,,
05/27/2023,2:30 PM,88,66,9,29.64,Clear,0,0,0,0,0,,,
05/27/2023,3:00 PM,90,62,9,29.61,Clear,0,0,0,0,0,,,
05/27/2023,3:30 PM,90,62,8,29.61,Clear,0,0,0,0,0,,,
05/27/2023,4:00 PM,91,55,10,29.61,Clear,0,0,0,0,0,,,
05/27/2023,4:30 PM,90,59,10,29.61,Clear,0,0,0,0,0,,,
05/27/2023,5:00 PM,90,59,12,29.61,Clear,0,0,0,0,0,,,
05/27/2023,5:30 PM,90,59,9,29.61,Clear,0,0,0,0,0,,,
05/27/2023,6:00 PM,88,62,8,29.61,Clear,0,0,0,0,0,,,
05/27/2023,6:30 PM,86,66,7,29.61,Clear,0,0,0,0,0,,,
05/27/2023,7:00 PM,86,70,5,29.64,Clear,0,0,0,0,0,,,
05/27/2023,7:30 PM,84,74,8,29.64,Clear,0,0,0,0,0,,,
05/27/2023,8:00 PM,84,70,7,29.64,Clear,0,0,0,0,0,,,
05/27/2023,8:30 PM,82,74,5,29.67,Clear,0,0,0,0,0,,,
05/27/2023,9:00 PM,82,79,0,29.67,Clear,0,0,0,0,0,,,
05/27/2023,9:30 PM,82,79,2,29.7,Clear,0,0,0,0,0,,,
05/27/2023,10:00 PM,82,79,2,29.7,Clear,0,0,0,0,0,,,
05/27/2023,10:30 PM,82,79,3,29.7,Clear,0,0,0,0,0,,,
05/27/2023,11:00 PM,81,84,0,29.7,Clear,0,0,0,0,0,,,
05/27/2023,11:30 PM,81,84,0,29.7,Clear,0,0,0,0,0,,,
05/28/2023,12:00 AM,81,84,2,29.67,Clear,0,0,0,0,0,,,
05/28/2023,12:30 AM,81,84,0,29.67,Clear,0,0,0,0,0,,,
05/28/2023,1:00 AM,81,89,3,29.67,Clear,0,0,0,0,0,,,
05/28/2023,1:30 AM,81,84,3,29.64,Clear,0,0,0,0,0,,,
05/28/2023,2:00 AM,81,84,2,29.64,Clear,0,0,0,0,0,,,
05/28/2023,2:30 AM,81,79,5,29.64,Clear,0,0,0,0,0,,,
05/28/2023,3:00 AM,79,89,6,29.64,Rain,0,0,0,0,0,,,
05/28/2023,3:30 AM,77,100,3,29.64,Rain,0,0,0,0,0,,,
05/28/2023,4:00 AM,77,100,2,29.64,Clear,0,0,0,0,0,,,
05/28/2023,4:30 AM,77,100,5,29.64,Clear,0,0,0,0,0,,,
05/28/2023,5:00 AM,79,94,0,29.64,Clear,0,0,0,0,0,,,
05/28/2023,5:30 AM,79,94,3,29.64,Clear,0,0,0,0,0,,,
05/28/2023,6:00 AM,77,100,5,29.67,Clear,0,0,0,0,0,,,
05/28/2023,6:30 AM,79,94,6,29.67,Clear,0,0,0,0,0,,,
05/28/2023,7:00 AM,79,94,5,29.67,Clear,0,0,0,0,0,,,
05/28/2023,7:30 AM,79,94,6,29.67,Clear,0,0,0,0,0,,,
05/28/2023,8:00 AM,81,89,6,29.67,Clear,0,0,0,0,0,,,
05/28/2023,8:30 AM,82,84,5,29.67,Clear,0,0,0,0,0,,,
05/28/2023,9:00 AM,86,84,6,29.67,Clear,0,0,0,0,0,,,
05/28/2023,9:30 AM,86,74,7,29.67,Clear,0,0,0,0,0,,,
05/28/2023,10:00 AM,88,75,8,29.7,Clear,0,0,0,0,0,,,
05/28/2023,10:30 AM,88,70,7,29.67,Clear,0,0,0,0,0,,,
05/28/2023,11:00 AM,90,66,9,29.67,Clear,0,0,0,0,0,,,
05/28/2023,11:30 AM,88,66,14,29.67,Clear,0,0,0,0,0,,,
05/28/2023,12:00 PM,90,62,9,29.67,Rain,0,0,0,0,0,,,
05/28/2023,12:30 PM,82,74,21,29.67,Rain,0,0,0,0,0,,,
05/28/2023,1:00 PM,81,89,7,29.67,Rain,0,0,0,0,0,,,
05/28/2023,1:30 PM,81,89,6,29.64,Rain,0,0,0,0,0,,,
05/28/2023,2:00 PM,81,89,2,29.64,Clear,0,0,0,0,0,,,
05/28/2023,2:30 PM,81,89,5,29.64,Clear,0,0,0,0,0,,,
05/28/2023,3:00 PM,81,89,5,29.64,Clear,0,0,0,0,0,,,
05/28/2023,3:30 PM,82,84,5,29.61,Clear,0,0,0,0,0,,,
05/28/2023,4:00 PM,82,74,5,29.61,Clear,0,0,0,0,0,,,
05/28/2023,4:30 PM,84,74,6,29.61,Clear,0,0,0,0,0,,,
05/28/2023,5:00 PM,84,74,3,29.61,Clear,0,0,0,0,0,,,
05/28/2023,5:30 PM,82,79,2,29.61,Clear,0,0,0,0,0,,,
05/28/2023,6:00 PM,82,84,2,29.64,Clear,0,0,0,0,0,,,
05/28/2023,6:30 PM,82,84,2,29.64,Clear,0,0,0,0,0,,,
05/28/2023,7:00 PM,82,84,2,29.67,Clear,0,0,0,0,0,,,
05/28/2023,7:30 PM,82,79,5,29.67,Clear,0,0,0,0,0,,,
05/28/2023,8:00 PM,82,79,5,29.67,Clear,0,0,0,0,0,,,
05/28/2023,8:30 PM,81,84,5,29.67,Clear,0,0,0,0,0,,,
05/28/2023,9:00 PM,81,84,6,29.67,Clear,0,0,0,0,0,,,
05/28/2023,9:30 PM,82,79,8,29.67,Clear,0,0,0,0,0,,,
05/28/2023,10:00 PM,82,79,3,29.7,Clear,0,0,0,0,0,,,
05/28/2023,10:30 PM,82,79,3,29.7,Clear,0,0,0,0,0,,,
05/28/2023,11:00 PM,81,84,3,29.7,Clear,0,0,0,0,0,,,
05/28/2023,11:30 PM,81,84,5,29.7,Clear,0,0,0,0,0,,,
05/29/2023,12:00 AM,79,89,2,29.7,Clear,0,0,0,0,0,,,
05/29/2023,12:30 AM,81,84,6,29.7,Clear,0,0,0,0,0,,,
05/29/2023,1:00 AM,79,89,0,29.7,Clear,0,0,0,0,0,,,
05/29/2023,1:30 AM,79,89,0,29.67,Clear,0,0,0,0,0,,,
05/29/2023,2:00 AM,79,89,0,29.67,Clear,0,0,0,0,0,,,
05/29/2023,2:30 AM,79,89,0,29.67,Clear,0,0,0,0,0,,,
05/29/2023,3:00 AM,77,94,3,29.64,Clear,0,0,0,0,0,,,
05/29/2023,3:30 AM,77,94,0,29.64,Clear,0,0,0,0,0,,,
05/29/2023,4:00 AM,77,94,3,29.64,Clear,0,0,0,0,0,,,
05/29/2023,4:30 AM,77,94,3,29.64,Clear,0,0,0,0,0,,,
05/29/2023,5:00 AM,77,94,3,29.64,Clear,0,0,0,0,0,,,
05/29/2023,5:30 AM,77,94,2,29.64,Clear,0,0,0,0,0,,,
05/29/2023,6:00 AM,77,94,0,29.67,Clear,0,0,0,0,0,,,
05/29/2023,6:30 AM,77,94,0,29.67,Clear,0,0,0,0,0,,,
05/29/2023,7:00 AM,79,89,2,29.7,Clear,0,0,0,0,0,,,
05/29/2023,7:30 AM,81,89,5,29.7,Clear,0,0,0,0,0,,,
05/29/2023,8:00 AM,82,84,5,29.7,Clear,0,0,0,0,0,,,
05/29/2023,8:30 AM,84,79,5,29.73,Clear,0,0,0,0,0,,,
05/29/2023,9:00 AM,84,74,6,29.73,Clear,0,0,0,0,0,,,
05/29/2023,9:30 AM,88,70,2,29.73,Clear,0,0,0,0,0,,,
05/29/2023,10:00 AM,90,62,5,29.7,Clear,0,0,0,0,0,,,
05/29/2023,10:30 AM,90,62,6,29.7,Clear,0,0,0,0,0,,,
05/29/2023,11:00 AM,91,59,6,29.7,Clear,0,0,0,0,0,,,
05/29/2023,11:30 AM,91,59,10,29.7,Clear,0,0,0,0,0,,,
05/29/2023,12:00 PM,90,62,10,29.7,Clear,0,0,0,0,0,,,
05/29/2023,12:30 PM,93,56,13,29.67,Clear,0,0,0,0,0,,,
05/29/2023,1:00 PM,91,55,14,29.67,Clear,0,0,0,0,0,,,
05/29/2023,1:30 PM,93,52,10,29.67,Clear,0,0,0,0,0,,,
05/29/2023,2:00 PM,91,55,14,29.64,Clear,0,0,0,0,0,,,
05/29/2023,2:30 PM,91,55,15,29.64,Rain,0,0,0,0,0,,,
05/29/2023,3:00 PM,91,59,12,29.64,Clear,0,0,0,0,0,,,
05/29/2023,3:30 PM,91,55,14,29.64,Clear,0,0,0,0,0,,,
05/29/2023,4:00 PM,91,55,15,29.64,Clear,0,0,0,0,0,,,
05/29/2023,4:30 PM,90,59,13,29.64,Clear,0,0,0,0,0,,,
05/29/2023,5:00 PM,90,55,14,29.64,Clear,0,0,0,0,0,,,
05/29/2023,5:30 PM,88,58,14,29.64,Clear,0,0,0,0,0,,,
05/29/2023,6:00 PM,88,62,6,29.67,Clear,0,0,0,0,0,,,
05/29/2023,6:30 PM,86,66,7,29.67,Clear,0,0,0,0,0,,,
05/29/2023,7:00 PM,86,66,8,29.7,Clear,0,0,0,0,0,,,
05/29/2023,7:30 PM,84,74,8,29.7,Clear,0,0,0,0,0,,,
05/29/2023,8:00 PM,84,70,8,29.7,Clear,0,0,0,0,0,,,
05/29/2023,8:30 PM,84,70,10,29.7,Clear,0,0,0,0,0,,,
05/29/2023,9:00 PM,84,70,6,29.7,Clear,0,0,0,0,0,,,
05/29/2023,9:30 PM,82,74,6,29.7,Clear,0,0,0,0,0,,,
05/29/2023,10:00 PM,82,74,5,29.73,Clear,0,0,0,0,0,,,
05/29/2023,10:30 PM,82,79,6,29.73,Clear,0,0,0,0,0,,,
05/29/2023,11:00 PM,81,84,6,29.73,Clear,0,0,0,0,0,,,
05/29/2023,11:30 PM,81,84,5,29.73,Clear,0,0,0,0,0,,,
05/30/2023,12:00 AM,81,84,2,29.7,Clear,0,0,0,0,0,,,
05/30/2023,12:30 AM,79,89,3,29.7,Clear,0,0,0,0,0,,,
05/30/2023,1:00 AM,81,84,5,29.7,Clear,0,0,0,0,0,,,
05/30/2023,1:30 AM,81,84,5,29.7,Clear,0,0,0,0,0,,,
05/30/2023,2:00 AM,81,84,5,29.7,Clear,0,0,0,0,0,,,
05/30/2023,2:30 AM,81,84,5,29.67,Clear,0,0,0,0,0,,,
05/30/2023,3:00 AM,81,84,6,29.67,Clear,0,0,0,0,0,,,
05/30/2023,3:30 AM,81,84,5,29.67,Clear,0,0,0,0,0,,,
05/30/2023,4:00 AM,81,84,3,29.67,Clear,0,0,0,0,0,,,
05/30/2023,4:30 AM,81,84,3,29.67,Clear,0,0,0,0,0,,,
05/30/2023,5:00 AM,81,84,3,29.64,Clear,0,0,0,0,0,,,
05/30/2023,5:30 AM,81,84,5,29.67,Clear,0,0,0,0,0,,,
05/30/2023,6:00 AM,79,89,5,29.67,Clear,0,0,0,0,0,,,
05/30/2023,6:30 AM,79,89,5,29.67,Clear,0,0,0,0,0,,,
05/30/2023,7:00 AM,82,79,5,29.7,Clear,0,0,0,0,0,,,
05/30/2023,7:30 AM,84,79,3,29.7,Clear,0,0,0,0,0,,,
05/30/2023,8:00 AM,84,79,6,29.7,Clear,0,0,0,0,0,,,
05/30/2023,8:30 AM,86,74,5,29.7,Clear,0,0,0,0,0,,,
05/30/2023,9:00 AM,79,89,14,29.73,Rain,0,0,0,0,0,,,
05/30/2023,9:30 AM,84,84,8,29.73,Clear,0,0,0,0,0,,,
05/30/2023,10:00 AM,88,70,12,29.73,Clear,0,0,0,0,0,,,
05/30/2023,10:30 AM,88,70,14,29.73,Clear,0,0,0,0,0,,,
05/30/2023,11:00 AM,90,62,16,29.7,Clear,0,0,0,0,0,,,
05/30/2023,11:30 AM,91,59,14,29.7,Clear,0,0,0,0,0,,,
05/30/2023,12:00 PM,91,55,14,29.7,Clear,0,0,0,0,0,,,
05/30/2023,12:30 PM,93,56,14,29.7,Rain,0,0,0,0,0,,,
05/30/2023,1:00 PM,93,56,13,29.67,Rain,0,0,0,0,0,,,
05/30/2023,1:30 PM,86,70,13,29.67,Rain,0,0,0,0,0,,,
05/30/2023,2:00 PM,86,74,9,29.64,Rain,0,0,0,0,0,,,
05/30/2023,2:30 PM,88,70,12,29.64,Clear,0,0,0,0,0,,,
05/30/2023,3:00 PM,86,74,5,29.64,Clear,0,0,0,0,0,,,
05/30/2023,3:30 PM,86,74,6,29.64,Clear,0,0,0,0,0,,,
05/30/2023,4:00 PM,86,70,9,29.64,Clear,0,0,0,0,0,,,
05/30/2023,4:30 PM,86,70,7,29.64,Clear,0,0,0,0,0,,,
05/30/2023,5:00 PM,84,79,6,29.64,Clear,0,0,0,0,0,,,
05/30/2023,5:30 PM,86,74,5,29.67,Clear,0,0,0,0,0,,,
05/30/2023,6:00 PM,86,74,3,29.67,Clear,0,0,0,0,0,,,
05/30/2023,6:30 PM,84,74,6,29.67,Clear,0,0,0,0,0,,,
05/30/2023,7:00 PM,84,74,6,29.67,Clear,0,0,0,0,0,,,
05/30/2023,7:30 PM,82,79,2,29.67,Clear,0,0,0,0,0,,,
05/30/2023,8:00 PM,82,79,2,29.67,Clear,0,0,0,0,0,,,
05/30/2023,8:30 PM,82,79,5,29.7,Clear,0,0,0,0,0,,,
05/30/2023,9:00 PM,82,79,5,29.7,Clear,0,0,0,0,0,,,
05/30/2023,9:30 PM,82,79,3,29.7,Clear,0,0,0,0,0,,,
05/30/2023,10:00 PM,82,79,6,29.73,Clear,0,0,0,0,0,,,
05/30/2023,10:30 PM,81,84,3,29.73,Clear,0,0,0,0,0,,,
05/30/2023,11:00 PM,81,89,2,29.73,Clear,0,0,0,0,0,,,
05/30/2023,11:30 PM,81,89,2,29.73,Clear,0,0,0,0,0,,,
05/31/2023,12:00 AM,81,89,0,29.73,Clear,0,0,0,0,0,,,
05/31/2023,12:30 AM,79,94,2,29.7,Clear,0,0,0,0,0,,,
05/31/2023,1:00 AM,79,94,5,29.7,Clear,0,0,0,0,0,,,
05/31/2023,1:30 AM,79,94,3,29.7,Clear,0,0,0,0,0,,,
05/31/2023,2:00 AM,79,94,2,29.67,Clear,0,0,0,0,0,,,
05/31/2023,2:30 AM,79,94,2,29.67,Clear,0,0,0,0,0,,,
05/31/2023,3:00 AM,79,94,1,29.67,Clear,0,0,0,0,0,,,
05/31/2023,3:30 AM,79,94,0,29.67,Clear,0,0,0,0,0,,,
05/31/2023,4:00 AM,79,94,3,29.67,Clear,0,0,0,0,0,,,
05/31/2023,4:30 AM,79,94,2,29.67,Clear,0,0,0,0,0,,,
05/31/2023,5:00 AM,79,94,0,29.67,Clear,0,0,0,0,0,,,
05/31/2023,5:30 AM,81,84,7,29.67,Clear,0,0,0,0,0,,,
05/31/2023,6:00 AM,81,84,6,29.7,Clear,0,0,0,0,0,,,
05/31/2023,6:30 AM,79,89,6,29.7,Clear,0,0,0,0,0,,,
05/31/2023,7:00 AM,81,84,5,29.7,Clear,0,0,0,0,0,,,
05/31/2023,7:30 AM,82,84,6,29.7,Clear,0,0,0,0,0,,,
05/31/2023,8:00 AM,84,74,6,29.73,Clear,0,0,0,0,0,,,
05/31/2023,8:30 AM,86,74,6,29.73,Clear,0,0,0,0,0,,,
05/31/2023,9:00 AM,84,79,6,29.73,Clear,0,0,0,0,0,,,
05/31/2023,9:30 AM,86,66,10,29.73,Clear,0,0,0,0,0,,,
05/31/2023,10:00 AM,88,66,8,29.73,Clear,0,0,0,0,0,,,
05/31/2023,10:30 AM,86,70,10,29.73,Clear,0,0,0,0,0,,,
05/31/2023,11:00 AM,88,62,9,29.7,Clear,0,0,0,0,0,,,
05/31/2023,11:30 AM,90,66,7,29.7,Clear,0,0,0,0,0,,,
05/31/2023,12:00 PM,90,62,14,29.7,Clear,0,0,0,0,0,,,
05/31/2023,12:30 PM,91,59,14,29.67,Clear,0,0,0,0,0,,,
05/31/2023,1:00 PM,91,59,17,29.67,Rain,0,0,0,0,0,,,
05/31/2023,1:30 PM,91,59,13,29.64,Clear,0,0,0,0,0,,,
05/31/2023,2:00 PM,90,62,14,29.64,Clear,0,0,0,0,0,,,
05/31/2023,2:30 PM,90,62,12,29.64,Clear,0,0,0,0,0,,,
05/31/2023,3:00 PM,90,62,15,29.61,Clear,0,0,0,0,0,,,
05/31/2023,3:30 PM,90,66,15,29.61,Clear,0,0,0,0,0,,,
05/31/2023,4:00 PM,90,66,10,29.61,Clear,0,0,0,0,0,,,
05/31/2023,4:30 PM,88,70,14,29.61,Clear,0,0,0,0,0,,,
05/31/2023,5:00 PM,88,66,12,29.61,Clear,0,0,0,0,0,,,
05/31/2023,5:30 PM,86,70,10,29.64,Clear,0,0,0,0,0,,,
05/31/2023,6:00 PM,86,70,8,29.64,Clear,0,0,0,0,0,,,
05/31/2023,6:30 PM,86,70,8,29.64,Clear,0,0,0,0,0,,,
05/31/2023,7:00 PM,84,74,7,29.67,Clear,0,0,0,0,0,,,
05/31/2023,7:30 PM,84,74,6,29.67,Clear,0,0,0,0,0,,,
05/31/2023,8:00 PM,82,79,6,29.67,Clear,0,0,0,0,0,,,
05/31/2023,8:30 PM,82,79,6,29.7,Clear,0,0,0,0,0,,,
05/31/2023,9:00 PM,82,79,5,29.7,Clear,0,0,0,0,0,,,
05/31/2023,9:30 PM,84,74,9,29.7,Clear,0,0,0,0,0,,,
05/31/2023,10:00 PM,82,79,3,29.7,Clear,0,0,0,0,0,,,
05/31/2023,10:30 PM,82,79,5,29.7,Clear,0,0,0,0,0,,,
05/31/2023,11:00 PM,82,79,7,29.73,Clear,0,0,0,0,0,,,
05/31/2023,11:30 PM,82,79,8,29.73,Clear,0,0,0,0,0,,,
6/1/2023,12:00 AM,82,79,6,29.7,Clear,0,0,0,0,0,,,
6/1/2023,12:30 AM,82,79,6,29.7,Clear,0,0,0,0,0,,,
6/1/2023,1:00 AM,82,79,5,29.7,Clear,0,0,0,0,0,,,
6/1/2023,1:30 AM,82,79,5,29.7,Clear,0,0,0,0,0,,,
6/1/2023,2:00 AM,82,79,5,29.67,Clear,0,0,0,0,0,,,
6/1/2023,2:30 AM,82,79,5,29.67,Clear,0,0,0,0,0,,,
6/1/2023,3:00 AM,81,84,3,29.64,Clear,0,0,0,0,0,,,
6/1/2023,3:30 AM,81,84,5,29.64,Clear,0,0,0,0,0,,,
6/1/2023,4:00 AM,79,94,3,29.64,Clear,0,0,0,0,0,,,
6/1/2023,4:30 AM,79,94,0,29.64,Clear,0,0,0,0,0,,,
6/1/2023,5:00 AM,79,94,2,29.64,Clear,0,0,0,0,0,,,
6/1/2023,5:30 AM,79,94,2,29.64,Clear,0,0,0,0,0,,,
6/1/2023,6:00 AM,79,94,2,29.67,Clear,0,0,0,0,0,,,
6/1/2023,6:30 AM,79,94,3,29.67,Clear,0,0,0,0,0,,,
6/1/2023,7:00 AM,79,94,2,29.67,Clear,0,0,0,0,0,,,
6/1/2023,7:30 AM,81,89,3,29.7,Clear,0,0,0,0,0,,,
6/1/2023,8:00 AM,82,84,5,29.7,Clear,0,0,0,0,0,,,
6/1/2023,8:30 AM,86,74,6,29.7,Clear,0,0,0,0,0,,,
6/1/2023,9:00 AM,86,74,10,29.73,Clear,0,0,0,0,0,,,
6/1/2023,9:30 AM,88,66,10,29.73,Clear,0,0,0,0,0,,,
6/1/2023,10:00 AM,88,66,12,29.73,Clear,0,0,0,0,0,,,
6/1/2023,10:30 AM,90,59,10,29.73,Clear,0,0,0,0,0,,,
6/1/2023,11:00 AM,90,62,12,29.7,Clear,0,0,0,0,0,,,
6/1/2023,11:30 AM,90,59,10,29.7,Clear,0,0,0,0,0,,,
6/1/2023,12:00 PM,91,59,9,29.7,Clear,0,0,0,0,0,,,
6/1/2023,12:30 PM,91,55,14,29.67,Clear,0,0,0,0,0,,,
6/1/2023,1:00 PM,93,52,13,29.67,Clear,0,0,0,0,0,,,
6/1/2023,1:30 PM,93,59,13,29.64,Clear,0,0,0,0,0,,,
6/1/2023,2:00 PM,93,52,12,29.64,Clear,0,0,0,0,0,,,
6/1/2023,2:30 PM,93,52,15,29.61,Clear,0,0,0,0,0,,,
6/1/2023,3:00 PM,93,52,12,29.61,Clear,0,0,0,0,0,,,
6/1/2023,3:30 PM,93,52,12,29.61,Clear,0,0,0,0,0,,,
6/1/2023,4:00 PM,93,52,12,29.61,Clear,0,0,0,0,0,,,
6/1/2023,4:30 PM,91,55,12,29.61,Clear,0,0,0,0,0,,,
6/1/2023,5:00 PM,90,59,14,29.64,Clear,0,0,0,0,0,,,
6/1/2023,5:30 PM,88,62,10,29.64,Clear,0,0,0,0,0,,,
6/1/2023,6:00 PM,86,66,9,29.64,Clear,0,0,0,0,0,,,
6/1/2023,6:30 PM,86,66,6,29.64,Clear,0,0,0,0,0,,,
6/1/2023,7:00 PM,86,66,7,29.64,Clear,0,0,0,0,0,,,
6/1/2023,7:30 PM,86,66,5,29.64,Clear,0,0,0,0,0,,,
6/1/2023,8:00 PM,84,70,5,29.67,Clear,0,0,0,0,0,,,
6/1/2023,8:30 PM,84,74,5,29.67,Clear,0,0,0,0,0,,,
6/1/2023,9:00 PM,84,74,2,29.67,Clear,0,0,0,0,0,,,
6/1/2023,9:30 PM,82,79,0,29.7,Clear,0,0,0,0,0,,,
6/1/2023,10:00 PM,82,79,0,29.7,Clear,0,0,0,0,0,,,
6/1/2023,10:30 PM,81,84,0,29.7,Clear,0,0,0,0,0,,,
6/1/2023,11:00 PM,81,84,0,29.7,Clear,0,0,0,0,0,,,
6/1/2023,11:30 PM,79,94,0,29.7,Clear,0,0,0,0,0,,,
6/2/2023,12:00 AM,79,89,0,29.7,Clear,0,0,0,0,0,,,
6/2/2023,12:30 AM,79,89,0,29.7,Clear,0,0,0,0,0,,,
6/2/2023,1:00 AM,79,89,3,29.7,Clear,0,0,0,0,0,,,
6/2/2023,1:30 AM,79,89,3,29.7,Clear,0,0,0,0,0,,,
6/2/2023,2:00 AM,79,89,0,29.67,Clear,0,0,0,0,0,,,
6/2/2023,2:30 AM,79,89,0,29.67,Clear,0,0,0,0,0,,,
6/2/2023,3:00 AM,79,89,2,29.67,Clear,0,0,0,0,0,,,
6/2/2023,3:30 AM,79,89,2,29.67,Clear,0,0,0,0,0,,,
6/2/2023,4:00 AM,77,94,3,29.64,Clear,0,0,0,0,0,,,
6/2/2023,4:30 AM,77,94,3,29.64,Clear,0,0,0,0,0,,,
6/2/2023,5:00 AM,79,89,0,29.67,Clear,0,0,0,0,0,,,
6/2/2023,5:30 AM,77,94,2,29.67,Clear,0,0,0,0,0,,,
6/2/2023,6:00 AM,77,94,3,29.67,Clear,0,0,0,0,0,,,
6/2/2023,6:30 AM,77,94,3,29.67,Clear,0,0,0,0,0,,,
6/2/2023,7:00 AM,79,94,0,29.7,Clear,0,0,0,0,0,,,
6/2/2023,7:30 AM,81,89,2,29.7,Clear,0,0,0,0,0,,,
6/2/2023,8:00 AM,82,84,3,29.7,Clear,2,1,0,2,0,,,
6/2/2023,8:30 AM,84,79,3,29.7,Clear,0,0,0,0,0,,,
6/2/2023,9:00 AM,86,74,3,29.7,Clear,0,0,0,0,0,,,
6/2/2023,9:30 AM,90,59,9,29.73,Clear,0,0,0,0,0,,,
6/2/2023,10:00 AM,91,55,10,29.7,Clear,0,0,0,0,0,,,
6/2/2023,10:30 AM,91,55,13,29.7,Clear,0,0,0,0,0,,,
6/2/2023,11:00 AM,91,55,13,29.7,Clear,0,0,0,0,0,,,
6/2/2023,11:30 AM,93,56,10,29.67,Clear,0,0,0,0,0,,,
6/2/2023,12:00 PM,95,49,10,29.67,Clear,0,0,0,0,0,,,
6/2/2023,12:30 PM,93,52,12,29.67,Clear,0,0,0,0,0,,,
6/2/2023,1:00 PM,95,53,10,29.67,Rain,0,0,0,0,0,,,
6/2/2023,1:30 PM,93,56,10,29.64,Clear,0,0,0,0,0,,,
6/2/2023,2:00 PM,93,56,12,29.64,Clear,0,0,0,0,0,,,
6/2/2023,2:30 PM,93,52,12,29.64,Clear,0,0,0,0,0,,,
6/2/2023,3:00 PM,95,53,12,29.64,Rain,0,0,0,0,0,,,
6/2/2023,3:30 PM,93,56,13,29.64,Clear,0,0,0,0,0,,,
6/2/2023,4:00 PM,93,56,13,29.61,Clear,0,0,0,0,0,,,
6/2/2023,4:30 PM,93,56,13,29.61,Clear,0,0,0,0,0,,,
6/2/2023,5:00 PM,91,59,13,29.61,Clear,0,0,0,0,0,,,
6/2/2023,5:30 PM,91,55,13,29.61,Clear,0,0,0,0,0,,,
6/2/2023,6:00 PM,90,59,12,29.64,Clear,0,0,0,0,0,,,
6/2/2023,6:30 PM,90,59,10,29.64,Clear,0,0,0,0,0,,,
6/2/2023,7:00 PM,88,62,6,29.64,Clear,0,0,0,0,0,,,
6/2/2023,7:30 PM,86,70,7,29.67,Clear,0,0,0,0,0,,,
6/2/2023,8:00 PM,86,70,6,29.67,Clear,0,0,0,0,0,,,
6/2/2023,8:30 PM,86,70,7,29.7,Clear,0,0,0,0,0,,,
6/2/2023,9:00 PM,84,74,6,29.7,Clear,0,0,0,0,0,,,
6/2/2023,9:30 PM,84,74,6,29.73,Clear,0,0,0,0,0,,,
6/2/2023,10:00 PM,84,74,5,29.73,Clear,0,0,0,0,0,,,
6/2/2023,10:30 PM,84,74,6,29.73,Clear,0,0,0,0,0,,,
6/2/2023,11:00 PM,84,74,5,29.73,Clear,0,0,0,0,0,,,
6/2/2023,11:30 PM,84,74,5,29.73,Clear,0,0,0,0,0,,,
6/3/2023,12:00 AM,82,79,3,29.73,Clear,0,0,0,0,0,,,
6/3/2023,12:30 AM,82,79,3,29.73,Clear,0,0,0,0,0,,,
6/3/2023,1:00 AM,82,84,5,29.7,Clear,0,0,0,0,0,,,
6/3/2023,1:30 AM,82,84,5,29.7,Clear,0,0,0,0,0,,,
6/3/2023,2:00 AM,81,89,2,29.7,Clear,0,0,0,0,0,,,
6/3/2023,2:30 AM,81,89,2,29.7,Clear,0,0,0,0,0,,,
6/3/2023,3:00 AM,81,89,3,29.67,Clear,0,0,0,0,0,,,
6/3/2023,3:30 AM,79,94,3,29.67,Clear,0,0,0,0,0,,,
6/3/2023,4:00 AM,79,94,0,29.7,Clear,0,0,0,0,0,,,
6/3/2023,4:30 AM,79,94,0,29.7,Clear,0,0,0,0,0,,,
6/3/2023,5:00 AM,79,94,0,29.7,Clear,0,0,0,0,0,,,
6/3/2023,5:30 AM,79,94,0,29.7,Clear,0,0,0,0,0,,,
6/3/2023,6:00 AM,79,94,5,29.7,Clear,0,0,0,0,0,,,
6/3/2023,6:30 AM,79,94,2,29.7,Clear,0,0,0,0,0,,,
6/3/2023,7:00 AM,79,94,2,29.73,Clear,1,1,0,1,0,,,
6/3/2023,7:30 AM,79,94,2,29.73,Clear,0,0,0,0,0,,,
6/3/2023,8:00 AM,82,84,2,29.73,Clear,0,0,0,0,0,,,
6/3/2023,8:30 AM,84,79,2,29.73,Clear,0,0,0,0,0,,,
6/3/2023,9:00 AM,88,70,6,29.73,Clear,0,0,0,0,0,,,
6/3/2023,9:30 AM,88,70,6,29.73,Clear,0,0,0,0,0,,,
6/3/2023,10:00 AM,90,62,6,29.73,Clear,0,0,0,0,0,,,
6/3/2023,10:30 AM,91,59,3,29.73,Clear,0,0,0,0,0,,,
6/3/2023,11:00 AM,91,59,5,29.73,Clear,0,0,0,0,0,,,
6/3/2023,11:30 AM,93,52,9,29.7,Clear,0,0,0,0,0,,,
6/3/2023,12:00 PM,93,52,10,29.7,Clear,0,0,0,0,0,,,
6/3/2023,12:30 PM,93,52,8,29.7,Clear,0,0,0,0,0,,,
6/3/2023,1:00 PM,93,52,9,29.67,Clear,0,0,0,0,0,,,
6/3/2023,1:30 PM,91,59,7,29.67,Clear,0,0,0,0,0,,,
6/3/2023,2:00 PM,86,70,8,29.67,Rain,0,0,0,0,0,,,
6/3/2023,2:30 PM,86,74,7,29.64,Rain,0,0,0,0,0,,,
6/3/2023,3:00 PM,88,75,7,29.64,Clear,0,0,0,0,0,,,
6/3/2023,3:30 PM,90,62,7,29.61,Clear,0,0,0,0,0,,,
6/3/2023,4:00 PM,90,59,13,29.61,Clear,0,0,0,0,0,,,
6/3/2023,4:30 PM,90,59,9,29.61,Clear,0,0,0,0,0,,,
6/3/2023,5:00 PM,88,62,8,29.64,Clear,0,0,0,0,0,,,
6/3/2023,5:30 PM,88,66,7,29.64,Clear,0,0,0,0,0,,,
6/3/2023,6:00 PM,86,66,10,29.67,Clear,0,0,0,0,0,,,
6/3/2023,6:30 PM,86,70,10,29.67,Clear,0,0,0,0,0,,,
6/3/2023,7:00 PM,82,79,9,29.67,Clear,0,0,0,0,0,,,
6/3/2023,7:30 PM,82,74,8,29.7,Clear,0,0,0,0,0,,,
6/3/2023,8:00 PM,82,70,6,29.7,Clear,0,0,0,0,0,,,
6/3/2023,8:30 PM,81,79,6,29.73,Clear,0,0,0,0,0,,,
6/3/2023,9:00 PM,81,79,5,29.73,Clear,0,0,0,0,0,,,
6/3/2023,9:30 PM,81,79,6,29.76,Clear,0,0,0,0,0,,,
6/3/2023,10:00 PM,81,84,3,29.76,Clear,0,0,0,0,0,,,
6/3/2023,10:30 PM,81,84,2,29.76,Clear,0,0,0,0,0,,,
6/3/2023,11:00 PM,81,84,2,29.76,Clear,0,0,0,0,0,,,
6/3/2023,11:30 PM,79,89,3,29.76,Clear,0,0,0,0,0,,,
6/4/2023,12:00 AM,79,89,2,29.73,Clear,0,0,0,0,0,,,
6/4/2023,12:30 AM,79,89,2,29.73,Clear,0,0,0,0,0,,,
6/4/2023,1:00 AM,79,89,0,29.73,Clear,0,0,0,0,0,,,
6/4/2023,1:30 AM,79,89,5,29.73,Clear,0,0,0,0,0,,,
6/4/2023,2:00 AM,77,94,3,29.7,Clear,0,0,0,0,0,,,
6/4/2023,2:30 AM,77,94,3,29.7,Clear,0,0,0,0,0,,,
6/4/2023,3:00 AM,77,94,2,29.7,Clear,0,0,0,0,0,,,
6/4/2023,3:30 AM,77,94,2,29.7,Clear,0,0,0,0,0,,,
6/4/2023,4:00 AM,77,94,5,29.7,Rain,0,0,0,0,0,,,
6/4/2023,4:30 AM,77,94,6,29.7,Rain,0,0,0,0,0,,,
6/4/2023,5:00 AM,77,94,3,29.7,Rain,0,0,0,0,0,,,
6/4/2023,5:30 AM,77,94,3,29.7,Rain,0,0,0,0,0,,,
6/4/2023,6:00 AM,77,94,5,29.7,Clear,0,0,0,0,0,,,
6/4/2023,6:30 AM,77,94,3,29.7,Clear,0,0,0,0,0,,,
6/4/2023,7:00 AM,77,94,3,29.7,Clear,0,0,0,0,0,,,
6/4/2023,7:30 AM,79,89,3,29.73,Clear,0,0,0,0,0,,,
6/4/2023,8:00 AM,79,94,3,29.73,Clear,0,0,0,0,0,,,
6/4/2023,8:30 AM,81,89,5,29.73,Clear,0,0,0,0,0,,,
6/4/2023,9:00 AM,81,89,5,29.76,Clear,0,0,0,0,0,,,
6/4/2023,9:30 AM,84,79,6,29.76,Clear,0,0,0,0,0,,,
6/4/2023,10:00 AM,86,79,7,29.73,Clear,0,0,0,0,0,,,
6/4/2023,10:30 AM,88,70,6,29.76,Clear,0,0,0,0,0,,,
6/4/2023,11:00 AM,88,70,6,29.73,Clear,0,0,0,0,0,,,
6/4/2023,11:30 AM,90,62,7,29.73,Clear,0,0,0,0,0,,,
6/4/2023,12:00 PM,91,52,10,29.7,Clear,0,0,0,0,0,,,
6/4/2023,12:30 PM,91,52,9,29.7,Clear,0,0,0,0,0,,,
6/4/2023,1:00 PM,91,55,7,29.67,Clear,0,0,0,0,0,,,
6/4/2023,1:30 PM,95,49,12,29.64,Clear,0,0,0,0,0,,,
6/4/2023,2:00 PM,95,47,10,29.64,Clear,0,0,0,0,0,,,
6/4/2023,2:30 PM,95,47,12,29.64,Clear,0,0,0,0,0,,,
6/4/2023,3:00 PM,93,52,9,29.61,Clear,0,0,0,0,0,,,
6/4/2023,3:30 PM,93,52,12,29.61,Clear,0,0,0,0,0,,,
6/4/2023,4:00 PM,93,46,12,29.61,Clear,0,0,0,0,0,,,
6/4/2023,4:30 PM,93,46,10,29.61,Clear,0,0,0,0,0,,,
6/4/2023,5:00 PM,93,46,9,29.61,Clear,0,0,0,0,0,,,
6/4/2023,5:30 PM,93,49,9,29.61,Clear,0,0,0,0,0,,,
6/4/2023,6:00 PM,91,49,8,29.61,Clear,0,0,0,0,0,,,
6/4/2023,6:30 PM,90,52,7,29.61,Clear,0,0,0,0,0,,,
6/4/2023,7:00 PM,88,55,8,29.64,Clear,0,0,0,0,0,,,
6/4/2023,7:30 PM,88,55,8,29.64,Clear,0,0,0,0,0,,,
6/4/2023,8:00 PM,86,58,7,29.64,Clear,0,0,0,0,0,,,
6/4/2023,8:30 PM,86,62,9,29.67,Clear,0,0,0,0,0,,,
6/4/2023,9:00 PM,84,66,8,29.67,Clear,0,0,0,0,0,,,
6/4/2023,9:30 PM,84,66,6,29.7,Clear,0,0,0,0,0,,,
6/4/2023,10:00 PM,84,62,6,29.7,Clear,0,0,0,0,0,,,
6/4/2023,10:30 PM,82,70,5,29.73,Clear,0,0,0,0,0,,,
6/4/2023,11:00 PM,82,70,5,29.73,Clear,0,0,0,0,0,,,
6/4/2023,11:30 PM,81,79,0,29.73,Clear,0,0,0,0,0,,,
6/5/2023,12:00 AM,81,79,0,29.7,Clear,0,0,0,0,0,,,
6/5/2023,12:30 AM,81,79,0,29.7,Clear,0,0,0,0,0,,,
6/5/2023,1:00 AM,79,83,0,29.7,Clear,0,0,0,0,0,,,
6/5/2023,1:30 AM,79,83,2,29.67,Clear,0,0,0,0,0,,,
6/5/2023,2:00 AM,79,83,0,29.67,Clear,0,0,0,0,0,,,
6/5/2023,2:30 AM,79,83,0,29.67,Clear,0,0,0,0,0,,,
6/5/2023,3:00 AM,77,89,0,29.67,Clear,0,0,0,0,0,,,
6/5/2023,3:30 AM,77,89,0,29.67,Clear,0,0,0,0,0,,,
6/5/2023,4:00 AM,77,94,0,29.64,Clear,0,0,0,0,0,,,
6/5/2023,4:30 AM,77,89,2,29.64,Clear,0,0,0,0,0,,,
6/5/2023,5:00 AM,77,94,2,29.64,Clear,0,0,0,0,0,,,
6/5/2023,5:30 AM,77,94,2,29.64,Clear,0,0,0,0,0,,,
6/5/2023,6:00 AM,77,94,0,29.64,Clear,0,0,0,0,0,,,
6/5/2023,6:30 AM,77,94,0,29.64,Clear,0,0,0,0,0,,,
6/5/2023,7:00 AM,79,94,2,29.67,Clear,0,0,0,0,0,,,
6/5/2023,7:30 AM,82,84,0,29.67,Clear,0,0,0,0,0,,,
6/5/2023,8:00 AM,82,84,3,29.7,Clear,0,0,0,0,0,,,
6/5/2023,8:30 AM,86,74,0,29.7,Clear,0,0,0,0,0,,,
6/5/2023,9:00 AM,88,70,2,29.7,Clear,0,0,0,0,0,,,
6/5/2023,9:30 AM,90,66,3,29.7,Clear,0,0,0,0,0,,,
6/5/2023,10:00 AM,91,59,3,29.7,Clear,0,0,0,0,0,,,
6/5/2023,10:30 AM,93,56,8,29.7,Clear,0,0,0,0,0,,,
6/5/2023,11:00 AM,91,55,10,29.7,Clear,0,0,0,0,0,,,
6/5/2023,11:30 AM,91,55,12,29.7,Clear,0,0,0,0,0,,,
6/5/2023,12:00 PM,91,59,13,29.67,Rain,0,0,0,0,0,,,
6/5/2023,12:30 PM,86,66,12,29.67,Rain,0,0,0,0,0,,,
6/5/2023,1:00 PM,81,89,7,29.67,Rain,0,0,0,0,0,,,
6/5/2023,1:30 PM,82,79,5,29.64,Clear,0,0,0,0,0,,,
6/5/2023,2:00 PM,82,84,7,29.64,Clear,0,0,0,0,0,,,
6/5/2023,2:30 PM,82,84,6,29.64,Clear,0,0,0,0,0,,,
6/5/2023,3:00 PM,84,79,5,29.61,Clear,0,0,0,0,0,,,
6/5/2023,3:30 PM,84,79,6,29.61,Clear,0,0,0,0,0,,,
6/5/2023,4:00 PM,86,74,5,29.61,Clear,0,0,0,0,0,,,
6/5/2023,4:30 PM,88,70,3,29.61,Clear,0,0,0,0,0,,,
6/5/2023,5:00 PM,88,70,6,29.58,Clear,0,0,0,0,0,,,
6/5/2023,5:30 PM,90,59,10,29.61,Clear,0,0,0,0,0,,,
6/5/2023,6:00 PM,88,62,8,29.61,Clear,0,0,0,0,0,,,
6/5/2023,6:30 PM,86,66,9,29.61,Clear,0,0,0,0,0,,,
6/5/2023,7:00 PM,86,66,9,29.64,Clear,0,0,0,0,0,,,
6/5/2023,7:30 PM,86,66,7,29.64,Clear,0,0,0,0,0,,,
6/5/2023,8:00 PM,84,74,5,29.67,Clear,0,0,0,0,0,,,
6/5/2023,8:30 PM,84,74,5,29.67,Clear,0,0,0,0,0,,,
6/5/2023,9:00 PM,82,79,3,29.7,Clear,0,0,0,0,0,,,
6/5/2023,9:30 PM,82,79,5,29.7,Clear,0,0,0,0,0,,,
6/5/2023,10:00 PM,82,79,5,29.7,Clear,0,0,0,0,0,,,
6/5/2023,10:30 PM,82,79,3,29.7,Clear,0,0,0,0,0,,,
6/5/2023,11:00 PM,81,84,3,29.7,Clear,0,0,0,0,0,,,
6/5/2023,11:30 PM,81,84,3,29.7,Clear,0,0,0,0,0,,,
6/6/2023,12:00 AM,81,84,5,29.7,Clear,0,0,0,0,0,,,
6/6/2023,12:30 AM,81,84,5,29.7,Clear,0,0,0,0,0,,,
6/6/2023,1:00 AM,79,94,3,29.7,Clear,0,0,0,0,0,,,
6/6/2023,1:30 AM,79,94,3,29.67,Clear,0,0,0,0,0,,,
6/6/2023,2:00 AM,79,94,2,29.67,Clear,0,0,0,0,0,,,
6/6/2023,2:30 AM,79,94,0,29.67,Clear,0,0,0,0,0,,,
6/6/2023,3:00 AM,79,94,0,29.64,Clear,0,0,0,0,0,,,
6/6/2023,3:30 AM,79,94,0,29.64,Clear,0,0,0,0,0,,,
6/6/2023,4:00 AM,79,94,2,29.64,Clear,0,0,0,0,0,,,
6/6/2023,4:30 AM,79,94,2,29.64,Clear,0,0,0,0,0,,,
6/6/2023,5:00 AM,79,94,2,29.64,Clear,0,0,0,0,0,,,
6/6/2023,5:30 AM,79,94,5,29.64,Rain,0,0,0,0,0,,,
6/6/2023,6:00 AM,79,89,6,29.67,Rain,0,0,0,0,0,,,
6/6/2023,6:30 AM,79,89,6,29.67,Clear,0,0,0,0,0,,,
6/6/2023,7:00 AM,79,89,5,29.67,Clear,0,0,0,0,0,,,
6/6/2023,7:30 AM,81,84,5,29.7,Clear,0,0,0,0,0,,,
6/6/2023,8:00 AM,82,79,6,29.7,Clear,0,0,0,0,0,,,
6/6/2023,8:30 AM,82,79,6,29.7,Clear,0,0,0,0,0,,,
6/6/2023,9:00 AM,84,74,6,29.7,Clear,0,0,0,0,0,,,
6/6/2023,9:30 AM,86,70,6,29.7,Clear,0,0,0,0,0,,,
6/6/2023,10:00 AM,86,74,6,29.7,Clear,0,0,0,0,0,,,
6/6/2023,10:30 AM,88,70,6,29.7,Clear,0,0,0,0,0,,,
6/6/2023,11:00 AM,91,59,12,29.67,Clear,0,0,0,0,0,,,
6/6/2023,11:30 AM,91,59,14,29.67,Clear,1,1,0,1,0,,,
6/6/2023,12:00 PM,91,59,10,29.67,Clear,0,0,0,0,0,,,
6/6/2023,12:30 PM,91,59,12,29.64,Clear,0,0,0,0,0,,,
6/6/2023,1:00 PM,93,52,13,29.64,Clear,0,0,0,0,0,,,
6/6/2023,1:30 PM,95,53,14,29.64,Clear,0,0,0,0,0,,,
6/6/2023,2:00 PM,93,49,15,29.64,Clear,0,0,0,0,0,,,
6/6/2023,2:30 PM,91,55,14,29.64,Clear,0,0,0,0,0,,,
6/6/2023,3:00 PM,91,55,12,29.61,Clear,0,0,0,0,0,,,
6/6/2023,3:30 PM,91,55,15,29.61,Clear,0,0,0,0,0,,,
6/6/2023,4:00 PM,90,62,9,29.61,Clear,0,0,0,0,0,,,
6/6/2023,4:30 PM,82,84,14,29.64,Rain,0,0,0,0,0,,,
6/6/2023,5:00 PM,81,84,15,29.64,Rain,0,0,0,0,0,,,
6/6/2023,5:30 PM,79,89,8,29.67,Rain,0,0,0,0,0,,,
6/6/2023,6:00 PM,77,94,5,29.67,Clear,0,0,0,0,0,,,
6/6/2023,6:30 PM,77,89,5,29.67,Rain,0,0,0,0,0,,,
6/6/2023,7:00 PM,77,89,2,29.67,Rain,1,1,0,1,0,,,
6/6/2023,7:30 PM,77,89,8,29.7,Rain,0,0,0,0,0,,,
6/6/2023,8:00 PM,77,89,3,29.7,Rain,0,0,0,0,0,,,
6/6/2023,8:30 PM,77,89,3,29.7,Rain,0,0,0,0,0,,,
6/6/2023,9:00 PM,77,94,5,29.73,Rain,0,0,0,0,0,,,
6/6/2023,9:30 PM,77,89,6,29.73,Rain,0,0,0,0,0,,,
6/6/2023,10:00 PM,77,89,6,29.73,Rain,0,0,0,0,0,,,
6/6/2023,10:30 PM,75,94,6,29.73,Rain,0,0,0,0,0,,,
6/6/2023,11:00 PM,75,94,2,29.73,Clear,0,0,0,0,0,,,
6/6/2023,11:30 PM,77,89,6,29.73,Clear,0,0,0,0,0,,,
6/7/2023,12:00 AM,77,94,3,29.73,Clear,0,0,0,0,0,,,
6/7/2023,12:30 AM,77,94,3,29.73,Clear,0,0,0,0,0,,,
6/7/2023,1:00 AM,77,89,8,29.7,Clear,0,0,0,0,0,,,
6/7/2023,1:30 AM,77,94,8,29.67,Rain,0,0,0,0,0,,,
6/7/2023,2:00 AM,77,94,3,29.67,Clear,0,0,0,0,0,,,
6/7/2023,2:30 AM,77,94,3,29.67,Clear,0,0,0,0,0,,,
6/7/2023,3:00 AM,77,94,3,29.67,Clear,0,0,0,0,0,,,
6/7/2023,3:30 AM,77,94,3,29.67,Clear,0,0,0,0,0,,,
6/7/2023,4:00 AM,77,94,2,29.67,Clear,0,0,0,0,0,,,
6/7/2023,4:30 AM,77,94,2,29.64,Clear,0,0,0,0,0,,,
6/7/2023,5:00 AM,77,94,2,29.64,Clear,0,0,0,0,0,,,
6/7/2023,5:30 AM,77,94,3,29.67,Clear,0,0,0,0,0,,,
6/7/2023,6:00 AM,75,100,2,29.67,Mist,0,0,0,0,0,,,
6/7/2023,6:30 AM,75,100,0,29.67,Mist,0,0,0,0,0,,,
6/7/2023,7:00 AM,77,94,0,29.7,Clear,0,0,0,0,0,,,
6/7/2023,7:30 AM,77,94,0,29.7,Clear,0,0,0,0,0,,,
6/7/2023,8:00 AM,81,84,3,29.7,Clear,0,0,0,0,0,,,
6/7/2023,8:30 AM,82,84,5,29.73,Clear,0,0,0,0,0,,,
6/7/2023,9:00 AM,86,74,3,29.73,Clear,0,0,0,0,0,,,
6/7/2023,9:30 AM,86,74,2,29.73,Clear,0,0,0,0,0,,,
6/7/2023,10:00 AM,90,66,2,29.73,Clear,0,0,0,0,0,,,
6/7/2023,10:30 AM,88,70,3,29.73,Clear,0,0,0,0,0,,,
6/7/2023,11:00 AM,90,66,3,29.73,Clear,0,0,0,0,0,,,
6/7/2023,11:30 AM,91,59,12,29.73,Clear,0,0,0,0,0,,,
6/7/2023,12:00 PM,91,59,13,29.7,Clear,0,0,0,0,0,,,
6/7/2023,12:30 PM,93,52,10,29.7,Clear,0,0,0,0,0,,,
6/7/2023,1:00 PM,91,59,13,29.67,Clear,0,0,0,0,0,,,
6/7/2023,1:30 PM,93,52,10,29.67,Clear,0,0,0,0,0,,,
6/7/2023,2:00 PM,93,56,13,29.67,Clear,0,0,0,0,0,,,
6/7/2023,2:30 PM,91,59,12,29.67,Rain,0,0,0,0,0,,,
6/7/2023,3:00 PM,93,56,13,29.64,Rain,0,0,0,0,0,,,
6/7/2023,3:30 PM,88,58,12,29.64,Clear,0,0,0,0,0,,,
6/7/2023,4:00 PM,86,62,7,29.64,Clear,0,0,0,0,0,,,
6/7/2023,4:30 PM,82,70,6,29.64,Clear,0,0,0,0,0,,,
6/7/2023,5:00 PM,82,74,5,29.64,Clear,0,0,0,0,0,,,
6/7/2023,5:30 PM,82,74,5,29.64,Clear,0,0,0,0,0,,,
6/7/2023,6:00 PM,82,74,5,29.64,Clear,0,0,0,0,0,,,
6/7/2023,6:30 PM,81,79,3,29.64,Clear,0,0,0,0,0,,,
6/7/2023,7:00 PM,81,79,0,29.64,Clear,0,0,0,0,0,,,
6/7/2023,7:30 PM,81,79,2,29.64,Clear,0,0,0,0,0,,,
6/7/2023,8:00 PM,81,79,2,29.67,Clear,0,0,0,0,0,,,
6/7/2023,8:30 PM,81,84,5,29.7,Clear,0,0,0,0,0,,,
6/7/2023,9:00 PM,81,84,3,29.7,Clear,0,0,0,0,0,,,
6/7/2023,9:30 PM,79,89,2,29.7,Clear,0,0,0,0,0,,,
6/7/2023,10:00 PM,79,89,2,29.73,Clear,0,0,0,0,0,,,
6/7/2023,10:30 PM,79,89,2,29.73,Clear,0,0,0,0,0,,,
6/7/2023,11:00 PM,79,89,2,29.73,Clear,2,1,1,0,1,,,
6/7/2023,11:30 PM,79,89,2,29.73,Clear,0,0,0,0,0,,,
6/8/2023,12:00 AM,79,89,0,29.73,Clear,0,0,0,0,0,,,
6/8/2023,12:30 AM,79,89,2,29.73,Clear,0,0,0,0,0,,,
6/8/2023,1:00 AM,79,89,2,29.73,Clear,0,0,0,0,0,,,
6/8/2023,1:30 AM,79,89,0,29.73,Clear,0,0,0,0,0,,,
6/8/2023,2:00 AM,79,89,2,29.73,Clear,0,0,0,0,0,,,
6/8/2023,2:30 AM,79,89,2,29.73,Clear,0,0,0,0,0,,,
6/8/2023,3:00 AM,79,89,0,29.73,Clear,0,0,0,0,0,,,
6/8/2023,3:30 AM,77,94,0,29.7,Clear,0,0,0,0,0,,,
6/8/2023,4:00 AM,77,94,0,29.7,Clear,0,0,0,0,0,,,
6/8/2023,4:30 AM,77,94,0,29.7,Clear,0,0,0,0,0,,,
6/8/2023,5:00 AM,77,100,2,29.7,Clear,0,0,0,0,0,,,
6/8/2023,5:30 AM,77,94,0,29.7,Clear,0,0,0,0,0,,,
6/8/2023,6:00 AM,77,94,0,29.7,Clear,0,0,0,0,0,,,
6/8/2023,6:30 AM,77,100,0,29.7,Clear,0,0,0,0,0,,,
6/8/2023,7:00 AM,79,94,0,29.73,Clear,0,0,0,0,0,,,
6/8/2023,7:30 AM,82,84,0,29.73,Clear,0,0,0,0,0,,,
6/8/2023,8:00 AM,82,79,2,29.73,Clear,0,0,0,0,0,,,
6/8/2023,8:30 AM,84,79,3,29.73,Clear,0,0,0,0,0,,,
6/8/2023,9:00 AM,86,79,2,29.73,Clear,0,0,0,0,0,,,
6/8/2023,9:30 AM,88,70,2,29.73,Clear,0,0,0,0,0,,,
6/8/2023,10:00 AM,90,62,2,29.73,Clear,0,0,0,0,0,,,
6/8/2023,10:30 AM,90,66,5,29.73,Clear,0,0,0,0,0,,,
6/8/2023,11:00 AM,91,59,3,29.73,Clear,0,0,0,0,0,,,
6/8/2023,11:30 AM,91,59,6,29.73,Clear,0,0,0,0,0,,,
6/8/2023,12:00 PM,91,55,3,29.7,Clear,0,0,0,0,0,,,
6/8/2023,12:30 PM,93,56,3,29.7,Clear,0,0,0,0,0,,,
6/8/2023,1:00 PM,93,52,5,29.67,Clear,0,0,0,0,0,,,
6/8/2023,1:30 PM,95,47,7,29.67,Clear,0,0,0,0,0,,,
6/8/2023,2:00 PM,93,46,9,29.67,Clear,0,0,0,0,0,,,
6/8/2023,2:30 PM,95,47,10,29.64,Clear,0,0,0,0,0,,,
6/8/2023,3:00 PM,93,52,12,29.64,Clear,0,0,0,0,0,,,
6/8/2023,3:30 PM,93,52,9,29.64,Clear,0,0,0,0,0,,,
6/8/2023,4:00 PM,93,49,10,29.64,Clear,0,0,0,0,0,,,
6/8/2023,4:30 PM,91,52,9,29.64,Clear,0,0,0,0,0,,,
6/8/2023,5:00 PM,91,52,7,29.64,Clear,0,0,0,0,0,,,
6/8/2023,5:30 PM,91,52,6,29.64,Clear,0,0,0,0,0,,,
6/8/2023,6:00 PM,90,59,3,29.67,Clear,0,0,0,0,0,,,
6/8/2023,6:30 PM,86,79,6,29.67,Clear,0,0,0,0,0,,,
6/8/2023,7:00 PM,86,79,3,29.67,Clear,0,0,0,0,0,,,
6/8/2023,7:30 PM,84,84,5,29.67,Clear,0,0,0,0,0,,,
6/8/2023,8:00 PM,84,79,3,29.7,Clear,0,0,0,0,0,,,
6/8/2023,8:30 PM,84,84,2,29.7,Clear,0,0,0,0,0,,,
6/8/2023,9:00 PM,84,84,0,29.7,Clear,0,0,0,0,0,,,
6/8/2023,9:30 PM,82,89,2,29.73,Clear,0,0,0,0,0,,,
6/8/2023,10:00 PM,82,89,0,29.73,Clear,0,0,0,0,0,,,
6/8/2023,10:30 PM,82,84,0,29.73,Clear,0,0,0,0,0,,,
6/8/2023,11:00 PM,81,89,0,29.73,Clear,0,0,0,0,0,,,
6/8/2023,11:30 PM,81,94,0,29.73,Clear,0,0,0,0,0,,,
6/9/2023,12:00 AM,81,89,0,29.7,Clear,0,0,0,0,0,,,
6/9/2023,12:30 AM,81,89,2,29.7,Clear,0,0,0,0,0,,,
6/9/2023,1:00 AM,81,89,3,29.7,Clear,0,0,0,0,0,,,
6/9/2023,1:30 AM,79,94,2,29.67,Clear,0,0,0,0,0,,,
6/9/2023,2:00 AM,79,94,2,29.67,Clear,0,0,0,0,0,,,
6/9/2023,2:30 AM,79,94,0,29.67,Clear,0,0,0,0,0,,,
6/9/2023,3:00 AM,79,94,2,29.67,Clear,0,0,0,0,0,,,
6/9/2023,3:30 AM,79,94,0,29.67,Clear,0,0,0,0,0,,,
6/9/2023,4:00 AM,79,94,2,29.67,Clear,0,0,0,0,0,,,
6/9/2023,4:30 AM,79,94,0,29.67,Clear,0,0,0,0,0,,,
6/9/2023,5:00 AM,79,94,0,29.67,Clear,0,0,0,0,0,,,
6/9/2023,5:30 AM,79,94,2,29.67,Clear,0,0,0,0,0,,,
6/9/2023,6:00 AM,79,94,0,29.67,Clear,0,0,0,0,0,,,
6/9/2023,6:30 AM,79,94,2,29.67,Clear,0,0,0,0,0,,,
6/9/2023,7:00 AM,79,94,3,29.67,Clear,0,0,0,0,0,,,
6/9/2023,7:30 AM,81,89,0,29.7,Clear,0,0,0,0,0,,,
6/9/2023,8:00 AM,81,89,0,29.7,Clear,0,0,0,0,0,,,
6/9/2023,8:30 AM,82,89,3,29.7,Clear,0,0,0,0,0,,,
6/9/2023,9:00 AM,82,89,3,29.7,Clear,0,0,0,0,0,,,
6/9/2023,9:30 AM,88,75,3,29.7,Clear,0,0,0,0,0,,,
6/9/2023,10:00 AM,90,66,3,29.7,Clear,0,0,0,0,0,,,
6/9/2023,10:30 AM,91,59,6,29.7,Clear,0,0,0,0,0,,,
6/9/2023,11:00 AM,91,59,7,29.7,Clear,0,0,0,0,0,,,
6/9/2023,11:30 AM,91,59,7,29.67,Clear,0,0,0,0,0,,,
6/9/2023,12:00 PM,91,59,7,29.67,Clear,0,0,0,0,0,,,
6/9/2023,12:30 PM,93,49,8,29.64,Clear,0,0,0,0,0,,,
6/9/2023,1:00 PM,93,56,6,29.64,Clear,0,0,0,0,0,,,
6/9/2023,1:30 PM,93,52,9,29.64,Clear,0,0,0,0,0,,,
6/9/2023,2:00 PM,95,47,13,29.61,Rain,0,0,0,0,0,,,
6/9/2023,2:30 PM,90,62,8,29.61,Clear,0,0,0,0,0,,,
6/9/2023,3:00 PM,88,66,7,29.61,Clear,0,0,0,0,0,,,
6/9/2023,3:30 PM,88,66,6,29.61,Clear,0,0,0,0,0,,,
6/9/2023,4:00 PM,91,59,14,29.61,Clear,0,0,0,0,0,,,
6/9/2023,4:30 PM,91,59,13,29.61,Clear,0,0,0,0,0,,,
6/9/2023,5:00 PM,91,59,9,29.61,Clear,0,0,0,0,0,,,
6/9/2023,5:30 PM,91,59,8,29.61,Clear,0,0,0,0,0,,,
6/9/2023,6:00 PM,90,62,8,29.61,Clear,0,0,0,0,0,,,
6/9/2023,6:30 PM,88,66,6,29.61,Clear,0,0,0,0,0,,,
6/9/2023,7:00 PM,88,70,6,29.64,Clear,0,0,0,0,0,,,
6/9/2023,7:30 PM,86,70,6,29.67,Clear,0,0,0,0,0,,,
6/9/2023,8:00 PM,86,74,6,29.67,Clear,0,0,0,0,0,,,
6/9/2023,8:30 PM,84,79,3,29.67,Clear,0,0,0,0,0,,,
6/9/2023,9:00 PM,84,79,3,29.7,Clear,0,0,0,0,0,,,
6/9/2023,9:30 PM,82,84,5,29.73,Clear,0,0,0,0,0,,,
6/9/2023,10:00 PM,82,84,1,29.7,Clear,0,0,0,0,0,,,
6/9/2023,10:30 PM,82,84,0,29.7,Clear,0,0,0,0,0,,,
6/9/2023,11:00 PM,81,89,0,29.7,Clear,0,0,0,0,0,,,
6/9/2023,11:30 PM,81,89,0,29.67,Clear,0,0,0,0,0,,,
6/10/2023,12:00 AM,81,89,3,29.67,Clear,0,0,0,0,0,,,
6/10/2023,12:30 AM,81,89,5,29.67,Clear,0,0,0,0,0,,,
6/10/2023,1:00 AM,79,94,3,29.67,Clear,0,0,0,0,0,,,
6/10/2023,1:30 AM,79,94,2,29.64,Clear,0,0,0,0,0,,,
6/10/2023,2:00 AM,79,94,5,29.64,Clear,0,0,0,0,0,,,
6/10/2023,2:30 AM,79,94,3,29.64,Clear,0,0,0,0,0,,,
6/10/2023,3:00 AM,79,94,5,29.64,Clear,0,0,0,0,0,,,
6/10/2023,3:30 AM,79,94,0,29.64,Clear,0,0,0,0,0,,,
6/10/2023,4:00 AM,77,100,0,29.61,Clear,0,0,0,0,0,,,
6/10/2023,4:30 AM,77,100,0,29.61,Clear,0,0,0,0,0,,,
6/10/2023,5:00 AM,77,100,0,29.61,Clear,0,0,0,0,0,,,
6/10/2023,5:30 AM,77,100,2,29.64,Clear,0,0,0,0,0,,,
6/10/2023,6:00 AM,77,94,2,29.64,Clear,0,0,0,0,0,,,
6/10/2023,6:30 AM,77,100,3,29.67,Clear,0,0,0,0,0,,,
6/10/2023,7:00 AM,79,94,2,29.67,Clear,0,0,0,0,0,,,
6/10/2023,7:30 AM,81,89,5,29.67,Clear,0,0,0,0,0,,,
6/10/2023,8:00 AM,84,84,3,29.7,Clear,0,0,0,0,0,,,
6/10/2023,8:30 AM,86,74,5,29.7,Clear,0,0,0,0,0,,,
6/10/2023,9:00 AM,88,70,5,29.7,Clear,0,0,0,0,0,,,
6/10/2023,9:30 AM,88,70,6,29.7,Clear,0,0,0,0,0,,,
6/10/2023,10:00 AM,90,66,6,29.7,Clear,0,0,0,0,0,,,
6/10/2023,10:30 AM,90,66,6,29.67,Clear,0,0,0,0,0,,,
6/10/2023,11:00 AM,91,63,7,29.67,Clear,0,0,0,0,0,,,
6/10/2023,11:30 AM,90,66,7,29.67,Clear,0,0,0,0,0,,,
6/10/2023,12:00 PM,93,52,9,29.64,Rain,0,0,0,0,0,,,
6/10/2023,12:30 PM,90,59,14,29.64,Clear,0,0,0,0,0,,,
6/10/2023,1:00 PM,90,62,14,29.64,Clear,0,0,0,0,0,,,
6/10/2023,1:30 PM,88,62,14,29.64,Rain,0,0,0,0,0,,,
6/10/2023,2:00 PM,86,70,7,29.61,Clear,0,0,0,0,0,,,
6/10/2023,2:30 PM,88,66,8,29.61,Clear,0,0,0,0,0,,,
6/10/2023,3:00 PM,93,52,14,29.61,Clear,0,0,0,0,0,,,
6/10/2023,3:30 PM,84,70,6,29.64,Clear,0,0,0,0,0,,,
6/10/2023,4:00 PM,82,79,3,29.61,Clear,0,0,0,0,0,,,
6/10/2023,4:30 PM,82,79,6,29.61,Clear,0,0,0,0,0,,,
6/10/2023,5:00 PM,84,74,5,29.64,Clear,0,0,0,0,0,,,
6/10/2023,5:30 PM,84,70,10,29.64,Clear,0,0,0,0,0,,,
6/10/2023,6:00 PM,82,74,6,29.64,Clear,0,0,0,0,0,,,
6/10/2023,6:30 PM,82,74,9,29.64,Clear,0,0,0,0,0,,,
6/10/2023,7:00 PM,82,74,3,29.67,Clear,0,0,0,0,0,,,
6/10/2023,7:30 PM,81,84,3,29.67,Clear,0,0,0,0,0,,,
6/10/2023,8:00 PM,81,84,3,29.67,Clear,0,0,0,0,0,,,
6/10/2023,8:30 PM,81,79,3,29.67,Clear,0,0,0,0,0,,,
6/10/2023,9:00 PM,81,84,5,29.67,Clear,0,0,0,0,0,,,
6/10/2023,9:30 PM,79,89,5,29.67,Clear,0,0,0,0,0,,,
6/10/2023,10:00 PM,79,89,5,29.67,Clear,0,0,0,0,0,,,
6/10/2023,10:30 PM,79,89,5,29.67,Clear,0,0,0,0,0,,,
6/10/2023,11:00 PM,79,89,3,29.67,Clear,0,0,0,0,0,,,
6/10/2023,11:30 PM,77,94,2,29.67,Clear,0,0,0,0,0,,,
6/11/2023,12:00 AM,79,89,0,29.67,Clear,0,0,0,0,0,,,
6/11/2023,12:30 AM,79,89,0,29.67,Clear,0,0,0,0,0,,,
6/11/2023,1:00 AM,77,94,0,29.67,Clear,0,0,0,0,0,,,
6/11/2023,1:30 AM,77,94,0,29.67,Clear,0,0,0,0,0,,,
6/11/2023,2:00 AM,77,100,2,29.64,Clear,0,0,0,0,0,,,
6/11/2023,2:30 AM,77,94,2,29.64,Clear,0,0,0,0,0,,,
6/11/2023,3:00 AM,77,100,2,29.64,Clear,0,0,0,0,0,,,
6/11/2023,3:30 AM,79,94,0,29.64,Clear,0,0,0,0,0,,,
6/11/2023,4:00 AM,79,94,2,29.64,Clear,0,0,0,0,0,,,
6/11/2023,4:30 AM,79,94,2,29.64,Clear,0,0,0,0,0,,,
6/11/2023,5:00 AM,79,94,2,29.64,Clear,0,0,0,0,0,,,
6/11/2023,5:30 AM,79,94,2,29.64,Clear,0,0,0,0,0,,,
6/11/2023,6:00 AM,79,94,2,29.64,Clear,0,0,0,0,0,,,
6/11/2023,6:30 AM,79,94,0,29.67,Clear,0,0,0,0,0,,,
6/11/2023,7:00 AM,79,94,0,29.67,Clear,0,0,0,0,0,,,
6/11/2023,7:30 AM,81,89,3,29.67,Clear,0,0,0,0,0,,,
6/11/2023,8:00 AM,84,84,3,29.67,Clear,0,0,0,0,0,,,
6/11/2023,8:30 AM,84,79,6,29.67,Clear,0,0,0,0,0,,,
6/11/2023,9:00 AM,88,70,6,29.67,Clear,0,0,0,0,0,,,
6/11/2023,9:30 AM,88,70,8,29.7,Clear,0,0,0,0,0,,,
6/11/2023,10:00 AM,90,66,7,29.7,Clear,0,0,0,0,0,,,
6/11/2023,10:30 AM,90,66,8,29.7,Rain,0,0,0,0,0,,,
6/11/2023,11:00 AM,86,79,2,29.7,Rain,0,0,0,0,0,,,
6/11/2023,11:30 AM,86,74,2,29.67,Rain,0,0,0,0,0,,,
6/11/2023,12:00 PM,86,74,7,29.64,Rain,0,0,0,0,0,,,
6/11/2023,12:30 PM,82,79,13,29.67,Rain,0,0,0,0,0,,,
6/11/2023,1:00 PM,81,89,7,29.67,Rain,0,0,0,0,0,,,
6/11/2023,1:30 PM,81,89,0,29.64,Rain,0,0,0,0,0,,,
6/11/2023,2:00 PM,82,84,2,29.64,Rain,0,0,0,0,0,,,
6/11/2023,2:30 PM,82,89,3,29.61,Rain,0,0,0,0,0,,,
6/11/2023,3:00 PM,84,84,5,29.61,Rain,0,0,0,0,0,,,
6/11/2023,3:30 PM,88,70,5,29.58,Clear,0,0,0,0,0,,,
6/11/2023,4:00 PM,88,70,7,29.61,Clear,0,0,0,0,0,,,
6/11/2023,4:30 PM,88,66,9,29.61,Clear,0,0,0,0,0,,,
6/11/2023,5:00 PM,88,66,7,29.61,Clear,0,0,0,0,0,,,
6/11/2023,5:30 PM,88,66,8,29.61,Clear,0,0,0,0,0,,,
6/11/2023,6:00 PM,86,70,6,29.61,Clear,0,0,0,0,0,,,
6/11/2023,6:30 PM,81,89,6,29.64,Rain,0,0,0,0,0,,,
6/11/2023,7:00 PM,81,89,2,29.64,Clear,0,0,0,0,0,,,
6/11/2023,7:30 PM,81,89,6,29.64,Clear,0,0,0,0,0,,,
6/11/2023,8:00 PM,82,84,5,29.67,Clear,0,0,0,0,0,,,
6/11/2023,8:30 PM,81,89,3,29.67,Clear,0,0,0,0,0,,,
6/11/2023,9:00 PM,81,89,5,29.67,Clear,0,0,0,0,0,,,
6/11/2023,9:30 PM,81,89,3,29.7,Clear,0,0,0,0,0,,,
6/11/2023,10:00 PM,81,89,3,29.7,Clear,0,0,0,0,0,,,
6/11/2023,10:30 PM,79,94,2,29.7,Clear,0,0,0,0,0,,,
6/11/2023,11:00 PM,79,94,0,29.7,Clear,0,0,0,0,0,,,
6/11/2023,11:30 PM,79,94,0,29.7,Clear,0,0,0,0,0,,,
6/12/2023,12:00 AM,79,94,0,29.67,Clear,0,0,0,0,0,,,
6/12/2023,12:30 AM,79,94,0,29.67,Clear,0,0,0,0,0,,,
6/12/2023,1:00 AM,77,100,0,29.64,Clear,0,0,0,0,0,,,
6/12/2023,1:30 AM,77,100,0,29.64,Clear,0,0,0,0,0,,,
6/12/2023,2:00 AM,79,94,5,29.61,Clear,0,0,0,0,0,,,
6/12/2023,2:30 AM,79,94,3,29.61,Clear,0,0,0,0,0,,,
6/12/2023,3:00 AM,79,94,5,29.64,Clear,0,0,0,0,0,,,
6/12/2023,3:30 AM,79,94,5,29.61,Clear,0,0,0,0,0,,,
6/12/2023,4:00 AM,77,94,3,29.64,Clear,0,0,0,0,0,,,
6/12/2023,4:30 AM,77,94,2,29.64,Clear,0,0,0,0,0,,,
6/12/2023,5:00 AM,77,94,0,29.64,Clear,0,0,0,0,0,,,
6/12/2023,5:30 AM,77,94,0,29.64,Clear,0,0,0,0,0,,,
6/12/2023,6:00 AM,77,94,0,29.67,Clear,0,0,0,0,0,,,
6/12/2023,6:30 AM,77,94,0,29.67,Clear,0,0,0,0,0,,,
6/12/2023,7:00 AM,79,94,0,29.67,Clear,0,0,0,0,0,,,
6/12/2023,7:30 AM,79,94,0,29.67,Clear,0,0,0,0,0,,,
6/12/2023,8:00 AM,79,94,0,29.67,Clear,0,0,0,0,0,,,
6/12/2023,8:30 AM,81,94,0,29.7,Clear,0,0,0,0,0,,,
6/12/2023,9:00 AM,81,94,0,29.7,Clear,0,0,0,0,0,,,
6/12/2023,9:30 AM,84,84,2,29.7,Clear,0,0,0,0,0,,,
6/12/2023,10:00 AM,88,79,0,29.7,Clear,0,0,0,0,0,,,
6/12/2023,10:30 AM,90,66,6,29.7,Clear,0,0,0,0,0,,,
6/12/2023,11:00 AM,91,59,7,29.67,Clear,0,0,0,0,0,,,
6/12/2023,11:30 AM,91,59,7,29.67,Clear,0,0,0,0,0,,,
6/12/2023,12:00 PM,91,55,8,29.64,Clear,0,0,0,0,0,,,
6/12/2023,12:30 PM,93,52,9,29.64,Clear,0,0,0,0,0,,,
6/12/2023,1:30 PM,93,56,13,29.64,Rain,0,0,0,0,0,,,
6/12/2023,2:00 PM,93,49,14,29.64,Rain,0,0,0,0,0,,,
6/12/2023,2:30 PM,90,52,10,29.61,Clear,0,0,0,0,0,,,
6/12/2023,3:00 PM,90,55,7,29.61,Clear,0,0,0,0,0,,,
6/12/2023,3:30 PM,88,58,8,29.61,Clear,0,0,0,0,0,,,
6/12/2023,4:00 PM,88,58,9,29.61,Clear,0,0,0,0,0,,,
6/12/2023,4:30 PM,88,62,7,29.61,Clear,0,0,0,0,0,,,
6/12/2023,5:00 PM,90,59,8,29.61,Clear,0,0,0,0,0,,,
6/12/2023,5:30 PM,90,59,5,29.61,Clear,0,0,0,0,0,,,
6/12/2023,6:00 PM,88,62,7,29.61,Clear,0,0,0,0,0,,,
6/12/2023,6:30 PM,88,62,6,29.64,Clear,0,0,0,0,0,,,
6/12/2023,7:00 PM,86,70,0,29.64,Clear,0,0,0,0,0,,,
6/12/2023,7:30 PM,84,74,2,29.64,Clear,0,0,0,0,0,,,
6/12/2023,8:00 PM,84,79,3,29.67,Clear,0,0,0,0,0,,,
6/12/2023,8:30 PM,84,79,5,29.67,Clear,0,0,0,0,0,,,
6/12/2023,9:00 PM,82,84,3,29.7,Clear,0,0,0,0,0,,,
6/12/2023,9:30 PM,82,84,3,29.7,Clear,0,0,0,0,0,,,
6/12/2023,10:00 PM,82,84,2,29.7,Clear,0,0,0,0,0,,,
6/12/2023,10:30 PM,81,89,0,29.7,Clear,0,0,0,0,0,,,
6/12/2023,11:00 PM,81,89,0,29.7,Clear,0,0,0,0,0,,,
6/12/2023,11:30 PM,81,89,2,29.7,Clear,0,0,0,0,0,,,
06/13/2023,12:00 AM,81,89,3,29.7,Clear,0,0,0,0,0,,,
06/13/2023,12:30 AM,79,94,2,29.7,Clear,0,0,0,0,0,,,
06/13/2023,1:00 AM,79,94,0,29.7,Clear,0,0,0,0,0,,,
06/13/2023,1:30 AM,79,94,0,29.67,Clear,0,0,0,0,0,,,
06/13/2023,2:00 AM,79,94,0,29.67,Clear,0,0,0,0,0,,,
06/13/2023,2:30 AM,79,94,0,29.67,Clear,0,0,0,0,0,,,
06/13/2023,3:00 AM,79,94,1,29.64,Clear,0,0,0,0,0,,,
06/13/2023,3:30 AM,79,94,0,29.64,Clear,0,0,0,0,0,,,
06/13/2023,4:00 AM,79,94,3,29.64,Clear,0,0,0,0,0,,,
06/13/2023,4:30 AM,79,94,2,29.64,Clear,0,0,0,0,0,,,
06/13/2023,5:00 AM,79,94,3,29.64,Clear,0,0,0,0,0,,,
06/13/2023,5:30 AM,79,94,2,29.64,Clear,0,0,0,0,0,,,
06/13/2023,6:00 AM,79,94,0,29.64,Clear,0,0,0,0,0,,,
06/13/2023,6:30 AM,79,94,2,29.67,Clear,0,0,0,0,0,,,
06/13/2023,7:00 AM,79,94,0,29.67,Clear,0,0,0,0,0,,,
06/13/2023,7:30 AM,79,94,0,29.67,Clear,0,0,0,0,0,,,
06/13/2023,8:00 AM,81,89,2,29.7,Clear,0,0,0,0,0,,,
06/13/2023,8:30 AM,82,84,5,29.7,Clear,0,0,0,0,0,,,
06/13/2023,9:00 AM,86,74,7,29.7,Clear,0,0,0,0,0,,,
06/13/2023,9:30 AM,88,70,8,29.7,Clear,0,0,0,0,0,,,
06/13/2023,10:00 AM,88,70,8,29.7,Clear,0,0,0,0,0,,,
06/13/2023,10:30 AM,90,66,8,29.7,Clear,0,0,0,0,0,,,
06/13/2023,11:00 AM,90,66,9,29.7,Clear,0,0,0,0,0,,,
06/13/2023,11:30 AM,91,59,10,29.67,Clear,0,0,0,0,0,,,
06/13/2023,12:00 PM,91,55,12,29.67,Clear,0,0,0,0,0,,,
06/13/2023,12:30 PM,91,55,10,29.67,Clear,0,0,0,0,0,,,
06/13/2023,1:00 PM,93,49,13,29.64,Clear,0,0,0,0,0,,,
06/13/2023,1:30 PM,95,49,10,29.64,Clear,0,0,0,0,0,,,
06/13/2023,2:00 PM,95,47,10,29.64,Clear,0,0,0,0,0,,,
06/13/2023,2:30 PM,91,52,10,29.64,Clear,0,0,0,0,0,,,
06/13/2023,3:00 PM,93,56,8,29.61,Clear,0,0,0,0,0,,,
06/13/2023,3:30 PM,91,55,9,29.61,Clear,0,0,0,0,0,,,
06/13/2023,4:00 PM,88,66,6,29.61,Rain,0,0,0,0,0,,,
06/13/2023,4:30 PM,88,66,2,29.61,Clear,0,0,0,0,0,,,
06/13/2023,5:00 PM,88,70,7,29.61,Clear,0,0,0,0,0,,,
06/13/2023,5:30 PM,88,66,17,29.64,Clear,0,0,0,0,0,,,
06/13/2023,6:00 PM,86,70,7,29.64,Clear,0,0,0,0,0,,,
06/13/2023,6:30 PM,86,70,5,29.64,Clear,0,0,0,0,0,,,
06/13/2023,7:00 PM,84,70,7,29.67,Clear,0,0,0,0,0,,,
06/13/2023,7:30 PM,84,70,3,29.67,Clear,0,0,0,0,0,,,
06/13/2023,8:00 PM,82,79,3,29.67,Clear,0,0,0,0,0,,,
06/13/2023,8:30 PM,82,79,2,29.67,Clear,0,0,0,0,0,,,
06/13/2023,9:00 PM,81,84,0,29.7,Clear,0,0,0,0,0,,,
06/13/2023,9:30 PM,81,84,0,29.7,Clear,0,0,0,0,0,,,
06/13/2023,10:00 PM,81,84,0,29.7,Clear,0,0,0,0,0,,,
06/13/2023,10:30 PM,81,84,5,29.7,Clear,0,0,0,0,0,,,
06/13/2023,11:00 PM,79,89,2,29.7,Clear,0,0,0,0,0,,,
06/13/2023,11:30 PM,79,89,2,29.73,Clear,0,0,0,0,0,,,
06/14/2023,12:00 AM,79,89,0,29.7,Clear,0,0,0,0,0,,,
06/14/2023,12:30 AM,79,89,0,29.7,Clear,0,0,0,0,0,,,
06/14/2023,1:00 AM,79,89,0,29.7,Clear,0,0,0,0,0,,,
06/14/2023,1:30 AM,79,89,0,29.7,Clear,0,0,0,0,0,,,
06/14/2023,2:00 AM,79,89,0,29.7,Clear,0,0,0,0,0,,,
06/14/2023,2:30 AM,79,94,2,29.7,Clear,0,0,0,0,0,,,
06/14/2023,3:00 AM,79,94,2,29.7,Clear,0,0,0,0,0,,,
06/14/2023,3:30 AM,77,94,3,29.7,Clear,0,0,0,0,0,,,
06/14/2023,4:00 AM,77,94,0,29.7,Clear,0,0,0,0,0,,,
06/14/2023,4:30 AM,77,94,0,29.7,Clear,0,0,0,0,0,,,
06/14/2023,5:00 AM,77,94,0,29.7,Clear,0,0,0,0,0,,,
06/14/2023,5:30 AM,77,94,2,29.7,Clear,0,0,0,0,0,,,
06/14/2023,6:00 AM,77,94,0,29.73,Clear,0,0,0,0,0,,,
06/14/2023,6:30 AM,77,94,2,29.73,Clear,0,0,0,0,0,,,
06/14/2023,7:00 AM,79,89,2,29.73,Clear,0,0,0,0,0,,,
06/14/2023,7:30 AM,79,94,3,29.76,Clear,0,0,0,0,0,,,
06/14/2023,8:00 AM,82,84,2,29.76,Clear,0,0,0,0,0,,,
06/14/2023,8:30 AM,84,79,3,29.76,Clear,0,0,0,0,0,,,
06/14/2023,9:00 AM,88,75,3,29.76,Clear,0,0,0,0,0,,,
06/14/2023,9:30 AM,88,70,2,29.76,Clear,0,0,0,0,0,,,
06/14/2023,10:00 AM,90,62,3,29.76,Clear,0,0,0,0,0,,,
06/14/2023,10:30 AM,91,59,6,29.76,Rain,0,0,0,0,0,,,
06/14/2023,11:00 AM,81,89,5,29.76,Rain,0,0,0,0,0,,,
06/14/2023,11:30 AM,84,79,3,29.76,Rain,0,0,0,0,0,,,
06/14/2023,12:00 PM,88,79,2,29.73,Rain,0,0,0,0,0,,,
06/14/2023,12:30 PM,90,75,0,29.73,Clear,0,0,0,0,0,,,
06/14/2023,1:00 PM,93,59,3,29.7,Clear,0,0,0,0,0,,,
06/14/2023,1:30 PM,93,56,5,29.7,Rain,0,0,0,0,0,,,
06/14/2023,2:30 PM,86,79,2,29.67,Rain,0,0,0,0,0,,,
06/14/2023,3:00 PM,91,59,3,29.64,Rain,0,0,0,0,0,,,
06/14/2023,3:30 PM,88,66,12,29.64,Rain,0,0,0,0,0,,,
06/14/2023,4:00 PM,88,58,8,29.64,Rain,0,0,0,0,0,,,
06/14/2023,4:30 PM,88,62,5,29.64,Rain,0,0,0,0,0,,,
06/14/2023,5:00 PM,88,66,0,29.64,Rain,0,0,0,0,0,,,
06/14/2023,5:30 PM,88,62,0,29.67,Clear,0,0,0,0,0,,,
06/14/2023,6:00 PM,88,66,0,29.67,Clear,0,0,0,0,0,,,
06/14/2023,6:30 PM,86,74,6,29.67,Clear,0,0,0,0,0,,,
06/14/2023,7:00 PM,86,74,6,29.7,Clear,0,0,0,0,0,,,
06/14/2023,7:30 PM,86,74,7,29.7,Clear,0,0,0,0,0,,,
06/14/2023,8:00 PM,84,79,5,29.73,Clear,0,0,0,0,0,,,
06/14/2023,8:30 PM,84,79,3,29.73,Clear,0,0,0,0,0,,,
06/14/2023,9:00 PM,82,84,3,29.76,Clear,0,0,0,0,0,,,
06/14/2023,9:30 PM,82,84,2,29.76,Clear,0,0,0,0,0,,,
06/14/2023,10:00 PM,82,84,3,29.76,Clear,0,0,0,0,0,,,
06/14/2023,10:30 PM,81,89,0,29.76,Clear,0,0,0,0,0,,,
06/14/2023,11:00 PM,81,89,2,29.76,Clear,0,0,0,0,0,,,
06/14/2023,11:30 PM,81,89,2,29.76,Clear,0,0,0,0,0,,,
06/15/2023,12:00 AM,79,94,2,29.76,Clear,0,0,0,0,0,,,
06/15/2023,12:30 AM,79,94,0,29.73,Clear,0,0,0,0,0,,,
06/15/2023,1:00 AM,79,94,0,29.73,Clear,0,0,0,0,0,,,
06/15/2023,1:30 AM,79,94,3,29.73,Clear,0,0,0,0,0,,,
06/15/2023,2:00 AM,79,94,2,29.73,Clear,0,0,0,0,0,,,
06/15/2023,2:30 AM,79,94,0,29.7,Clear,0,0,0,0,0,,,
06/15/2023,3:00 AM,77,100,0,29.7,Clear,0,0,0,0,0,,,
06/15/2023,3:30 AM,77,94,0,29.7,Clear,0,0,0,0,0,,,
06/15/2023,4:00 AM,77,100,0,29.67,Clear,0,0,0,0,0,,,
06/15/2023,4:30 AM,77,100,0,29.67,Clear,0,0,0,0,0,,,
06/15/2023,5:00 AM,77,94,3,29.7,Clear,0,0,0,0,0,,,
06/15/2023,5:30 AM,77,94,3,29.7,Clear,0,0,0,0,0,,,
06/15/2023,6:00 AM,77,94,2,29.7,Clear,0,0,0,0,0,,,
06/15/2023,6:30 AM,77,94,0,29.7,Clear,0,0,0,0,0,,,
06/15/2023,7:00 AM,79,94,0,29.7,Clear,0,0,0,0,0,,,
06/15/2023,7:30 AM,79,94,3,29.7,Clear,0,0,0,0,0,,,
06/15/2023,8:00 AM,81,94,3,29.7,Clear,0,0,0,0,0,,,
06/15/2023,8:30 AM,82,89,5,29.73,Clear,0,0,0,0,0,,,
06/15/2023,9:00 AM,86,79,5,29.73,Clear,0,0,0,0,0,,,
06/15/2023,9:30 AM,86,74,3,29.73,Clear,0,0,0,0,0,,,
06/15/2023,10:00 AM,90,66,5,29.73,Clear,0,0,0,0,0,,,
06/15/2023,10:30 AM,90,62,6,29.73,Clear,0,0,0,0,0,,,
06/15/2023,11:00 AM,90,62,7,29.73,Clear,0,0,0,0,0,,,
06/15/2023,11:30 AM,91,55,6,29.73,Clear,0,0,0,0,0,,,
06/15/2023,12:00 PM,93,56,2,29.7,Clear,0,0,0,0,0,,,
06/15/2023,12:30 PM,93,52,5,29.7,Clear,0,0,0,0,0,,,
06/15/2023,1:00 PM,93,52,3,29.7,Clear,0,0,0,0,0,,,
06/15/2023,1:30 PM,93,52,5,29.67,Clear,0,0,0,0,0,,,
06/15/2023,2:00 PM,93,52,9,29.67,Clear,0,0,0,0,0,,,
06/15/2023,2:30 PM,91,59,6,29.64,Rain,0,0,0,0,0,,,
06/15/2023,3:00 PM,86,66,8,29.64,Rain,0,0,0,0,0,,,
06/15/2023,3:30 PM,81,84,6,29.64,Rain,0,0,0,0,0,,,
06/15/2023,4:00 PM,81,84,8,29.64,Rain,0,0,0,0,0,,,
06/15/2023,4:30 PM,79,89,3,29.64,Clear,0,0,0,0,0,,,
06/15/2023,5:00 PM,81,89,5,29.64,Rain,0,0,0,0,0,,,
06/15/2023,5:30 PM,81,89,6,29.64,Clear,0,0,0,0,0,,,
06/15/2023,6:00 PM,82,89,6,29.64,Clear,0,0,0,0,0,,,
06/15/2023,6:30 PM,84,79,6,29.67,Clear,0,0,0,0,0,,,
06/15/2023,7:00 PM,84,74,7,29.67,Clear,0,0,0,0,0,,,
06/15/2023,7:30 PM,84,70,5,29.67,Clear,0,0,0,0,0,,,
06/15/2023,8:00 PM,84,74,2,29.7,Clear,0,0,0,0,0,,,
06/15/2023,8:30 PM,84,74,3,29.7,Clear,0,0,0,0,0,,,
06/15/2023,9:00 PM,81,89,0,29.73,Clear,0,0,0,0,0,,,
06/15/2023,9:30 PM,81,89,0,29.73,Clear,0,0,0,0,0,,,
06/15/2023,10:00 PM,81,89,0,29.73,Clear,0,0,0,0,0,,,
06/15/2023,10:30 PM,81,89,0,29.73,Clear,0,0,0,0,0,,,
06/15/2023,11:00 PM,79,94,0,29.73,Clear,0,0,0,0,0,,,
06/15/2023,11:30 PM,79,94,0,29.73,Clear,0,0,0,0,0,,,
06/16/2023,12:00 AM,79,94,0,29.73,Clear,0,0,0,0,0,,,
06/16/2023,12:30 AM,79,94,0,29.73,Clear,0,0,0,0,0,,,
06/16/2023,1:00 AM,79,94,0,29.7,Clear,0,0,0,0,0,,,
06/16/2023,1:30 AM,79,94,0,29.7,Clear,0,0,0,0,0,,,
06/16/2023,2:00 AM,77,100,0,29.67,Clear,0,0,0,0,0,,,
06/16/2023,2:30 AM,77,100,0,29.67,Clear,0,0,0,0,0,,,
06/16/2023,3:00 AM,77,100,0,29.64,Clear,0,0,0,0,0,,,
06/16/2023,3:30 AM,77,100,0,29.64,Clear,0,0,0,0,0,,,
06/16/2023,4:00 AM,77,94,7,29.64,Clear,0,0,0,0,0,,,
06/16/2023,4:30 AM,77,94,5,29.64,Clear,0,0,0,0,0,,,
06/16/2023,5:00 AM,77,94,2,29.64,Clear,0,0,0,0,0,,,
06/16/2023,5:30 AM,77,94,2,29.67,Clear,0,0,0,0,0,,,
06/16/2023,6:00 AM,77,94,0,29.67,Clear,0,0,0,0,0,,,
06/16/2023,6:30 AM,77,94,0,29.67,Clear,0,0,0,0,0,,,
06/16/2023,7:00 AM,77,100,0,29.7,Clear,0,0,0,0,0,,,
06/16/2023,7:30 AM,79,94,3,29.7,Clear,0,0,0,0,0,,,
06/16/2023,8:00 AM,81,89,2,29.7,Clear,0,0,0,0,0,,,
06/16/2023,8:30 AM,82,89,2,29.7,Clear,0,0,0,0,0,,,
06/16/2023,9:00 AM,86,79,3,29.7,Clear,0,0,0,0,0,,,
06/16/2023,9:30 AM,88,70,3,29.7,Clear,0,0,0,0,0,,,
06/16/2023,10:00 AM,90,70,3,29.7,Clear,0,0,0,0,0,,,
06/16/2023,10:30 AM,90,66,3,29.7,Clear,0,0,0,0,0,,,
06/16/2023,11:00 AM,91,59,3,29.7,Clear,0,0,0,0,0,,,
06/16/2023,11:30 AM,91,55,6,29.67,Clear,0,0,0,0,0,,,
06/16/2023,12:00 PM,91,55,5,29.67,Clear,0,0,0,0,0,,,
06/16/2023,12:30 PM,95,53,5,29.64,Clear,0,0,0,0,0,,,
06/16/2023,1:00 PM,93,56,8,29.64,Clear,0,0,0,0,0,,,
06/16/2023,1:30 PM,93,49,7,29.61,Clear,0,0,0,0,0,,,
06/16/2023,2:00 PM,93,52,8,29.61,Clear,0,0,0,0,0,,,
06/16/2023,2:30 PM,95,49,8,29.61,Clear,0,0,0,0,0,,,
06/16/2023,3:00 PM,93,49,7,29.61,Clear,0,0,0,0,0,,,
06/16/2023,3:30 PM,90,70,8,29.61,Rain,0,0,0,0,0,,,
06/16/2023,4:00 PM,91,66,14,29.58,Clear,0,0,0,0,0,,,
06/16/2023,4:30 PM,88,75,8,29.58,Rain,0,0,0,0,0,,,
06/16/2023,5:00 PM,86,79,6,29.61,Clear,0,0,0,0,0,,,
06/16/2023,5:30 PM,84,79,6,29.61,Clear,0,0,0,0,0,,,
06/16/2023,6:00 PM,86,79,5,29.61,Clear,0,0,0,0,0,,,
06/16/2023,6:30 PM,84,84,3,29.61,Clear,0,0,0,0,0,,,
06/16/2023,7:00 PM,84,84,0,29.64,Clear,0,0,0,0,0,,,
06/16/2023,7:30 PM,84,84,0,29.64,Clear,0,0,0,0,0,,,
06/16/2023,8:00 PM,84,79,0,29.67,Clear,0,0,0,0,0,,,
06/16/2023,8:30 PM,84,79,2,29.67,Clear,0,0,0,0,0,,,
06/16/2023,9:00 PM,84,79,2,29.7,Clear,0,0,0,0,0,,,
06/16/2023,9:30 PM,82,89,2,29.7,Clear,0,0,0,0,0,,,
06/16/2023,10:00 PM,82,84,0,29.73,Clear,0,0,0,0,0,,,
06/16/2023,10:30 PM,82,84,0,29.73,Clear,0,0,0,0,0,,,
06/16/2023,11:00 PM,81,94,0,29.73,Clear,0,0,0,0,0,,,
06/16/2023,11:30 PM,81,89,0,29.73,Clear,0,0,0,0,0,,,
06/17/2023,12:00 AM,81,89,0,29.73,Clear,0,0,0,0,0,,,
06/17/2023,12:30 AM,81,94,2,29.73,Clear,0,0,0,0,0,,,
06/17/2023,1:00 AM,79,94,0,29.7,Clear,0,0,0,0,0,,,
06/17/2023,1:30 AM,79,94,2,29.7,Clear,0,0,0,0,0,,,
06/17/2023,2:00 AM,79,94,2,29.7,Clear,0,0,0,0,0,,,
06/17/2023,2:30 AM,79,94,0,29.67,Clear,0,0,0,0,0,,,
06/17/2023,3:00 AM,79,94,0,29.67,Clear,0,0,0,0,0,,,
06/17/2023,3:30 AM,79,94,0,29.67,Clear,0,0,0,0,0,,,
06/17/2023,4:00 AM,79,94,0,29.67,Clear,0,0,0,0,0,,,
06/17/2023,4:30 AM,77,100,0,29.67,Clear,0,0,0,0,0,,,
06/17/2023,5:00 AM,77,100,0,29.67,Clear,0,0,0,0,0,,,
06/17/2023,5:30 AM,77,94,2,29.67,Clear,0,0,0,0,0,,,
06/17/2023,6:00 AM,77,94,3,29.67,Clear,0,0,0,0,0,,,
06/17/2023,6:30 AM,77,94,2,29.67,Clear,0,0,0,0,0,,,
06/17/2023,7:00 AM,79,94,0,29.7,Clear,0,0,0,0,0,,,
06/17/2023,7:30 AM,79,94,2,29.7,Clear,0,0,0,0,0,,,
06/17/2023,8:00 AM,82,84,2,29.7,Clear,0,0,0,0,0,,,
06/17/2023,8:30 AM,84,79,3,29.73,Clear,0,0,0,0,0,,,
06/17/2023,9:00 AM,86,74,0,29.73,Clear,0,0,0,0,0,,,
06/17/2023,9:30 AM,88,70,3,29.73,Clear,0,0,0,0,0,,,
06/17/2023,10:00 AM,90,62,5,29.73,Clear,0,0,0,0,0,,,
06/17/2023,10:30 AM,90,62,6,29.73,Clear,0,0,0,0,0,,,
06/17/2023,11:00 AM,91,59,6,29.7,Clear,0,0,0,0,0,,,
06/17/2023,11:30 AM,91,59,6,29.7,Clear,0,0,0,0,0,,,
06/17/2023,12:00 PM,91,55,5,29.67,Clear,0,0,0,0,0,,,
06/17/2023,12:30 PM,95,49,7,29.67,Clear,0,0,0,0,0,,,
06/17/2023,1:00 PM,95,49,7,29.67,Clear,0,0,0,0,0,,,
06/17/2023,1:30 PM,93,52,6,29.64,Clear,0,0,0,0,0,,,
06/17/2023,2:00 PM,97,44,7,29.61,Clear,0,0,0,0,0,,,
06/17/2023,2:30 PM,90,59,12,29.61,Rain,0,0,0,0,0,,,
06/17/2023,3:00 PM,88,66,5,29.61,Rain,0,0,0,0,0,,,
06/17/2023,3:30 PM,82,84,7,29.64,Rain,0,0,0,0,0,,,
06/17/2023,4:00 PM,75,94,18,29.67,Clear,0,0,0,0,0,,,
06/17/2023,4:30 PM,75,94,13,29.67,Rain,0,0,0,0,0,,,
06/17/2023,5:00 PM,75,94,5,29.64,Rain,0,0,0,0,0,,,
06/17/2023,5:30 PM,75,94,3,29.67,Rain,0,0,0,0,0,,,
06/17/2023,6:00 PM,75,94,2,29.67,Rain,0,0,0,0,0,,,
06/17/2023,6:30 PM,75,94,3,29.67,Rain,0,0,0,0,0,,,
06/17/2023,7:00 PM,75,94,3,29.67,Clear,0,0,0,0,0,,,
06/17/2023,7:30 PM,75,94,2,29.7,Clear,0,0,0,0,0,,,
06/17/2023,8:00 PM,75,94,3,29.7,Clear,0,0,0,0,0,,,
06/17/2023,8:30 PM,77,94,3,29.73,Clear,0,0,0,0,0,,,
06/17/2023,9:00 PM,77,94,5,29.76,Clear,0,0,0,0,0,,,
06/17/2023,9:30 PM,77,94,3,29.76,Clear,0,0,0,0,0,,,
06/17/2023,10:00 PM,77,94,0,29.76,Clear,1,1,0,0,1,,,
06/17/2023,10:30 PM,77,94,0,29.76,Clear,0,0,0,0,0,,,
06/17/2023,11:00 PM,77,94,2,29.76,Clear,0,0,0,0,0,,,
06/17/2023,11:30 PM,77,94,0,29.76,Clear,0,0,0,0,0,,,
06/18/2023,12:00 AM,77,94,0,29.76,Clear,0,0,0,0,0,,,
06/18/2023,12:30 AM,77,94,0,29.76,Clear,0,0,0,0,0,,,
06/18/2023,1:00 AM,77,94,3,29.76,Clear,0,0,0,0,0,,,
06/18/2023,1:30 AM,77,94,0,29.73,Clear,0,0,0,0,0,,,
06/18/2023,2:00 AM,77,94,1,29.73,Clear,0,0,0,0,0,,,
06/18/2023,2:30 AM,77,94,0,29.73,Clear,0,0,0,0,0,,,
06/18/2023,3:00 AM,77,94,2,29.73,Clear,0,0,0,0,0,,,
06/18/2023,3:30 AM,77,94,0,29.73,Clear,0,0,0,0,0,,,
06/18/2023,4:00 AM,77,94,0,29.73,Clear,0,0,0,0,0,,,
06/18/2023,4:30 AM,77,94,0,29.73,Clear,0,0,0,0,0,,,
06/18/2023,5:00 AM,77,94,0,29.73,Clear,0,0,0,0,0,,,
06/18/2023,5:30 AM,77,94,2,29.73,Clear,0,0,0,0,0,,,
06/18/2023,6:00 AM,77,94,5,29.76,Clear,0,0,0,0,0,,,
06/18/2023,6:30 AM,77,94,5,29.76,Clear,0,0,0,0,0,,,
06/18/2023,7:00 AM,77,94,6,29.76,Clear,0,0,0,0,0,,,
06/18/2023,7:30 AM,79,89,0,29.79,Clear,0,0,0,0,0,,,
06/18/2023,8:00 AM,79,89,1,29.79,Clear,0,0,0,0,0,,,
06/18/2023,8:30 AM,81,84,7,29.79,Clear,0,0,0,0,0,,,
06/18/2023,9:00 AM,81,84,5,29.79,Clear,0,0,0,0,0,,,
06/18/2023,9:30 AM,81,79,6,29.79,Clear,0,0,0,0,0,,,
06/18/2023,10:00 AM,81,79,3,29.79,Clear,0,0,0,0,0,,,
06/18/2023,10:30 AM,81,79,3,29.79,Clear,0,0,0,0,0,,,
06/18/2023,11:00 AM,81,79,5,29.76,Clear,0,0,0,0,0,,,
06/18/2023,11:30 AM,82,74,6,29.76,Clear,0,0,0,0,0,,,
06/18/2023,12:00 PM,82,74,6,29.73,Clear,0,0,0,0,0,,,
06/18/2023,12:30 PM,84,70,2,29.73,Clear,0,0,0,0,0,,,
06/18/2023,1:00 PM,84,70,0,29.73,Clear,0,0,0,0,0,,,
06/18/2023,1:30 PM,84,70,3,29.73,Clear,0,0,0,0,0,,,
06/18/2023,2:00 PM,84,70,3,29.73,Clear,0,0,0,0,0,,,
06/18/2023,2:30 PM,84,70,1,29.73,Rain,0,0,0,0,0,,,
06/18/2023,3:00 PM,82,74,3,29.7,Clear,0,0,0,0,0,,,
06/18/2023,3:30 PM,84,70,2,29.7,Clear,0,0,0,0,0,,,
06/18/2023,4:00 PM,84,70,2,29.7,Clear,0,0,0,0,0,,,
06/18/2023,4:30 PM,84,70,0,29.67,Clear,0,0,0,0,0,,,
06/18/2023,5:00 PM,84,70,0,29.67,Clear,0,0,0,0,0,,,
06/18/2023,5:30 PM,84,70,0,29.7,Clear,0,0,0,0,0,,,
06/18/2023,6:00 PM,82,74,0,29.7,Clear,0,0,0,0,0,,,
06/18/2023,6:30 PM,82,74,0,29.7,Clear,0,0,0,0,0,,,
06/18/2023,7:00 PM,82,74,0,29.73,Clear,0,0,0,0,0,,,
06/18/2023,7:30 PM,81,79,0,29.73,Clear,0,0,0,0,0,,,
06/18/2023,8:00 PM,81,79,0,29.73,Clear,0,0,0,0,0,,,
06/18/2023,8:30 PM,81,79,0,29.73,Clear,0,0,0,0,0,,,
06/18/2023,9:00 PM,81,84,0,29.73,Clear,0,0,0,0,0,,,
06/18/2023,9:30 PM,79,89,0,29.73,Clear,0,0,0,0,0,,,
06/18/2023,10:00 PM,79,89,0,29.73,Clear,0,0,0,0,0,,,
06/18/2023,10:30 PM,79,89,0,29.73,Clear,0,0,0,0,0,,,
06/18/2023,11:00 PM,79,89,0,29.73,Clear,0,0,0,0,0,,,
06/18/2023,11:30 PM,77,94,0,29.73,Clear,0,0,0,0,0,,,
06/19/2023,12:00 AM,77,94,0,29.73,Clear,0,0,0,0,0,,,
06/19/2023,12:30 AM,77,94,0,29.7,Clear,0,0,0,0,0,,,
06/19/2023,1:00 AM,77,94,0,29.7,Clear,0,0,0,0,0,,,
06/19/2023,1:30 AM,77,94,0,29.7,Clear,0,0,0,0,0,,,
06/19/2023,2:00 AM,77,94,0,29.67,Clear,0,0,0,0,0,,,
06/19/2023,2:30 AM,77,94,0,29.67,Clear,0,0,0,0,0,,,
06/19/2023,3:00 AM,77,94,0,29.67,Clear,0,0,0,0,0,,,
06/19/2023,3:30 AM,77,94,0,29.67,Clear,0,0,0,0,0,,,
06/19/2023,4:00 AM,77,89,0,29.67,Clear,0,0,0,0,0,,,
06/19/2023,4:30 AM,77,89,1,29.67,Clear,0,0,0,0,0,,,
06/19/2023,5:00 AM,77,89,2,29.67,Clear,0,0,0,0,0,,,
06/19/2023,5:30 AM,77,89,0,29.67,Clear,0,0,0,0,0,,,
06/19/2023,6:00 AM,77,94,0,29.67,Clear,0,0,0,0,0,,,
06/19/2023,6:30 AM,77,94,0,29.7,Clear,0,0,0,0,0,,,
06/19/2023,7:00 AM,77,94,0,29.7,Clear,0,0,0,0,0,,,
06/19/2023,7:30 AM,79,89,0,29.7,Clear,0,0,0,0,0,,,
06/19/2023,8:00 AM,81,84,0,29.7,Clear,0,0,0,0,0,,,
06/19/2023,8:30 AM,82,79,2,29.73,Clear,0,0,0,0,0,,,
06/19/2023,9:00 AM,86,70,3,29.73,Clear,0,0,0,0,0,,,
06/19/2023,9:30 AM,86,70,3,29.73,Clear,0,0,0,0,0,,,
06/19/2023,10:00 AM,88,66,2,29.73,Clear,0,0,0,0,0,,,
06/19/2023,10:30 AM,90,62,3,29.73,Clear,0,0,0,0,0,,,
06/19/2023,11:00 AM,90,62,3,29.73,Clear,0,0,0,0,0,,,
06/19/2023,11:30 AM,90,59,3,29.73,Clear,0,0,0,0,0,,,
06/19/2023,12:00 PM,91,55,7,29.7,Clear,0,0,0,0,0,,,
06/19/2023,12:30 PM,91,52,9,29.7,Clear,0,0,0,0,0,,,
06/19/2023,1:00 PM,95,47,10,29.67,Clear,0,0,0,0,0,,,
06/19/2023,1:30 PM,93,49,8,29.67,Clear,0,0,0,0,0,,,
06/19/2023,2:00 PM,95,44,8,29.64,Clear,0,0,0,0,0,,,
06/19/2023,2:30 PM,93,52,8,29.64,Clear,0,0,0,0,0,,,
06/19/2023,3:00 PM,95,41,14,29.64,Clear,0,0,0,0,0,,,
06/19/2023,3:30 PM,91,52,14,29.64,Clear,0,0,0,0,0,,,
06/19/2023,4:00 PM,90,55,12,29.64,Rain,0,0,0,0,0,,,
06/19/2023,4:30 PM,86,70,8,29.67,Clear,0,0,0,0,0,,,
06/19/2023,5:00 PM,86,66,7,29.64,Clear,0,0,0,0,0,,,
06/19/2023,5:30 PM,88,58,3,29.67,Clear,0,0,0,0,0,,,
06/19/2023,6:00 PM,86,66,5,29.67,Clear,0,0,0,0,0,,,
06/19/2023,6:30 PM,86,62,2,29.67,Clear,0,0,0,0,0,,,
06/19/2023,7:00 PM,84,66,0,29.67,Clear,0,0,0,0,0,,,
06/19/2023,7:30 PM,82,74,2,29.67,Clear,0,0,0,0,0,,,
06/19/2023,8:00 PM,82,74,0,29.7,Clear,0,0,0,0,0,,,
06/19/2023,8:30 PM,81,84,0,29.7,Clear,0,0,0,0,0,,,
06/19/2023,9:00 PM,81,84,1,29.7,Clear,0,0,0,0,0,,,
06/19/2023,9:30 PM,81,84,0,29.73,Clear,0,0,0,0,0,,,
06/19/2023,10:00 PM,79,83,0,29.73,Clear,0,0,0,0,0,,,
06/19/2023,10:30 PM,79,83,0,29.73,Clear,0,0,0,0,0,,,
06/19/2023,11:00 PM,77,89,3,29.73,Clear,0,0,0,0,0,,,
06/19/2023,11:30 PM,79,83,6,29.76,Clear,0,0,0,0,0,,,
06/20/2023,12:00 AM,77,89,0,29.73,Clear,0,0,0,0,0,,,
06/20/2023,12:30 AM,77,89,0,29.73,Clear,0,0,0,0,0,,,
06/20/2023,1:00 AM,75,94,0,29.73,Clear,0,0,0,0,0,,,
06/20/2023,1:30 AM,75,94,0,29.7,Clear,0,0,0,0,0,,,
06/20/2023,2:00 AM,75,94,0,29.7,Clear,0,0,0,0,0,,,
06/20/2023,2:30 AM,75,94,0,29.7,Clear,0,0,0,0,0,,,
06/20/2023,3:00 AM,75,94,0,29.7,Clear,0,0,0,0,0,,,
06/20/2023,3:30 AM,75,89,0,29.67,Clear,0,0,0,0,0,,,
06/20/2023,4:00 AM,75,94,0,29.67,Clear,0,0,0,0,0,,,
06/20/2023,4:30 AM,73,100,0,29.7,Clear,0,0,0,0,0,,,
06/20/2023,5:00 AM,73,100,0,29.7,Clear,0,0,0,0,0,,,
06/20/2023,5:30 AM,73,94,0,29.7,Clear,0,0,0,0,0,,,
06/20/2023,6:00 AM,73,100,0,29.7,Clear,0,0,0,0,0,,,
06/20/2023,6:30 AM,73,94,0,29.7,Clear,0,0,0,0,0,,,
06/20/2023,7:00 AM,75,94,0,29.7,Clear,0,0,0,0,0,,,
06/20/2023,7:30 AM,77,89,0,29.7,Clear,0,0,0,0,0,,,
06/20/2023,8:00 AM,79,83,0,29.73,Clear,0,0,0,0,0,,,
06/20/2023,8:30 AM,82,79,0,29.73,Clear,0,0,0,0,0,,,
06/20/2023,9:00 AM,84,74,0,29.73,Clear,0,0,0,0,0,,,
06/20/2023,9:30 AM,86,70,2,29.73,Clear,0,0,0,0,0,,,
06/20/2023,10:00 AM,90,62,2,29.73,Clear,0,0,0,0,0,,,
06/20/2023,10:30 AM,90,62,0,29.73,Clear,0,0,0,0,0,,,
06/20/2023,11:00 AM,90,62,2,29.7,Clear,0,0,0,0,0,,,
06/20/2023,11:30 AM,91,59,5,29.7,Clear,0,0,0,0,0,,,
06/20/2023,12:00 PM,93,56,3,29.7,Clear,0,0,0,0,0,,,
06/20/2023,12:30 PM,93,49,3,29.7,Clear,0,0,0,0,0,,,
06/20/2023,1:00 PM,95,49,6,29.67,Clear,0,0,0,0,0,,,
06/20/2023,1:30 PM,95,49,5,29.67,Clear,0,0,0,0,0,,,
06/20/2023,2:00 PM,95,47,5,29.67,Clear,0,0,0,0,0,,,
06/20/2023,2:30 PM,95,47,10,29.64,Clear,0,0,0,0,0,,,
06/20/2023,3:00 PM,97,41,10,29.61,Clear,0,0,0,0,0,,,
06/20/2023,3:30 PM,95,41,10,29.61,Clear,0,0,0,0,0,,,
06/20/2023,4:00 PM,97,37,10,29.61,Clear,0,0,0,0,0,,,
06/20/2023,4:30 PM,93,56,7,29.61,Clear,0,0,0,0,0,,,
06/20/2023,5:00 PM,91,59,7,29.61,Clear,0,0,0,0,0,,,
06/20/2023,5:30 PM,91,59,7,29.61,Clear,0,0,0,0,0,,,
06/20/2023,6:00 PM,90,66,7,29.64,Clear,0,0,0,0,0,,,
06/20/2023,6:30 PM,88,70,6,29.64,Clear,0,0,0,0,0,,,
06/20/2023,7:00 PM,88,70,5,29.64,Clear,0,0,0,0,0,,,
06/20/2023,7:30 PM,86,70,2,29.67,Clear,0,0,0,0,0,,,
06/20/2023,8:00 PM,86,74,0,29.67,Clear,0,0,0,0,0,,,
06/20/2023,8:30 PM,86,74,0,29.7,Clear,0,0,0,0,0,,,
06/20/2023,9:00 PM,84,74,0,29.7,Clear,0,0,0,0,0,,,
06/20/2023,9:30 PM,84,79,0,29.7,Clear,0,0,0,0,0,,,
06/20/2023,10:00 PM,82,84,0,29.7,Clear,0,0,0,0,0,,,
06/20/2023,10:30 PM,81,89,0,29.73,Clear,0,0,0,0,0,,,
06/20/2023,11:00 PM,81,89,0,29.73,Clear,0,0,0,0,0,,,
06/20/2023,11:30 PM,81,84,0,29.73,Clear,0,0,0,0,0,,,
06/21/2023,12:00 AM,81,84,0,29.73,Clear,0,0,0,0,0,,,
06/21/2023,12:30 AM,79,89,0,29.73,Clear,0,0,0,0,0,,,
06/21/2023,1:00 AM,79,89,0,29.73,Clear,0,0,0,0,0,,,
06/21/2023,1:30 AM,79,89,0,29.73,Clear,0,0,0,0,0,,,
06/21/2023,2:00 AM,77,94,0,29.7,Clear,0,0,0,0,0,,,
06/21/2023,2:30 AM,77,94,0,29.7,Clear,0,0,0,0,0,,,
06/21/2023,3:00 AM,77,89,0,29.73,Clear,0,0,0,0,0,,,
06/21/2023,3:30 AM,77,89,0,29.73,Clear,0,0,0,0,0,,,
06/21/2023,4:00 AM,75,100,0,29.73,Clear,0,0,0,0,0,,,
06/21/2023,4:30 AM,75,100,0,29.73,Clear,0,0,0,0,0,,,
06/21/2023,5:00 AM,75,94,3,29.73,Clear,0,0,0,0,0,,,
06/21/2023,5:30 AM,75,89,0,29.73,Clear,0,0,0,0,0,,,
06/21/2023,6:00 AM,75,89,0,29.73,Clear,0,0,0,0,0,,,
06/21/2023,6:30 AM,75,89,0,29.73,Clear,0,0,0,0,0,,,
06/21/2023,7:00 AM,75,94,0,29.76,Clear,0,0,0,0,0,,,
06/21/2023,7:30 AM,77,89,0,29.73,Clear,0,0,0,0,0,,,
06/21/2023,8:00 AM,81,79,0,29.76,Clear,0,0,0,0,0,,,
06/21/2023,8:30 AM,82,79,0,29.76,Clear,0,0,0,0,0,,,
06/21/2023,9:00 AM,86,70,0,29.76,Clear,0,0,0,0,0,,,
06/21/2023,9:30 AM,88,58,0,29.76,Clear,0,0,0,0,0,,,
06/21/2023,10:00 AM,90,52,2,29.76,Clear,0,0,0,0,0,,,
06/21/2023,10:30 AM,90,52,2,29.76,Clear,0,0,0,0,0,,,
06/21/2023,11:00 AM,91,49,2,29.73,Clear,0,0,0,0,0,,,
06/21/2023,11:30 AM,91,52,7,29.73,Clear,0,0,0,0,0,,,
06/21/2023,12:00 PM,91,49,6,29.73,Clear,0,0,0,0,0,,,
06/21/2023,12:30 PM,93,46,6,29.73,Clear,0,0,0,0,0,,,
06/21/2023,1:00 PM,95,41,7,29.7,Clear,0,0,0,0,0,,,
06/21/2023,1:30 PM,95,41,8,29.67,Clear,0,0,0,0,0,,,
06/21/2023,2:00 PM,95,47,7,29.67,Clear,0,0,0,0,0,,,
06/21/2023,2:30 PM,93,46,5,29.67,Clear,0,0,0,0,0,,,
06/21/2023,3:00 PM,95,41,5,29.64,Clear,0,0,0,0,0,,,
06/21/2023,3:30 PM,95,44,6,29.64,Clear,0,0,0,0,0,,,
06/21/2023,4:00 PM,95,47,7,29.61,Clear,0,0,0,0,0,,,
06/21/2023,4:30 PM,95,47,7,29.61,Clear,0,0,0,0,0,,,
06/21/2023,5:00 PM,95,44,6,29.61,Clear,0,0,0,0,0,,,
06/21/2023,5:30 PM,93,46,9,29.61,Clear,0,0,0,0,0,,,
06/21/2023,6:00 PM,91,46,7,29.64,Clear,0,0,0,0,0,,,
06/21/2023,6:30 PM,90,49,6,29.64,Clear,0,0,0,0,0,,,
06/21/2023,7:00 PM,90,52,2,29.64,Clear,0,0,0,0,0,,,
06/21/2023,7:30 PM,88,55,2,29.67,Clear,0,0,0,0,0,,,
06/21/2023,8:00 PM,88,62,3,29.7,Clear,0,0,0,0,0,,,
06/21/2023,8:30 PM,88,62,0,29.7,Clear,0,0,0,0,0,,,
06/21/2023,9:00 PM,84,74,2,29.73,Clear,0,0,0,0,0,,,
06/21/2023,9:30 PM,84,74,3,29.73,Clear,0,0,0,0,0,,,
06/21/2023,10:00 PM,84,74,0,29.73,Clear,0,0,0,0,0,,,
06/21/2023,10:30 PM,84,74,0,29.76,Clear,0,0,0,0,0,,,
06/21/2023,11:00 PM,82,79,3,29.73,Clear,0,0,0,0,0,,,
06/21/2023,11:30 PM,81,79,5,29.73,Clear,0,0,0,0,0,,,
06/22/2023,12:00 AM,79,83,6,29.73,Clear,0,0,0,0,0,,,
06/22/2023,12:30 AM,81,79,3,29.73,Clear,0,0,0,0,0,,,
06/22/2023,1:00 AM,79,83,0,29.73,Clear,0,0,0,0,0,,,
06/22/2023,1:30 AM,79,83,0,29.73,Clear,0,0,0,0,0,,,
06/22/2023,2:00 AM,77,89,0,29.73,Clear,0,0,0,0,0,,,
06/22/2023,2:30 AM,79,83,0,29.73,Clear,0,0,0,0,0,,,
06/22/2023,3:00 AM,79,83,0,29.73,Clear,0,0,0,0,0,,,
06/22/2023,3:30 AM,79,83,0,29.7,Clear,0,0,0,0,0,,,
06/22/2023,4:00 AM,77,89,0,29.73,Clear,0,0,0,0,0,,,
06/22/2023,4:30 AM,77,89,0,29.73,Clear,0,0,0,0,0,,,
06/22/2023,5:00 AM,77,89,0,29.7,Clear,0,0,0,0,0,,,
06/22/2023,5:30 AM,77,89,0,29.7,Clear,0,0,0,0,0,,,
06/22/2023,6:00 AM,77,89,0,29.73,Clear,0,0,0,0,0,,,
06/22/2023,6:30 AM,75,94,0,29.73,Clear,0,0,0,0,0,,,
06/22/2023,7:00 AM,77,89,2,29.73,Clear,0,0,0,0,0,,,
06/22/2023,7:30 AM,79,83,0,29.76,Clear,0,0,0,0,0,,,
06/22/2023,8:00 AM,82,79,0,29.76,Clear,0,0,0,0,0,,,
06/22/2023,8:30 AM,84,74,0,29.76,Clear,0,0,0,0,0,,,
06/22/2023,9:00 AM,86,70,0,29.76,Clear,0,0,0,0,0,,,
06/22/2023,9:30 AM,86,70,0,29.76,Clear,0,0,0,0,0,,,
06/22/2023,10:00 AM,88,66,3,29.76,Clear,0,0,0,0,0,,,
06/22/2023,10:30 AM,90,62,3,29.76,Clear,0,0,0,0,0,,,
06/22/2023,11:00 AM,91,59,2,29.73,Clear,0,0,0,0,0,,,
06/22/2023,11:30 AM,90,59,5,29.73,Clear,0,0,0,0,0,,,
06/22/2023,12:00 PM,91,55,3,29.7,Clear,0,0,0,0,0,,,
06/22/2023,12:30 PM,91,55,5,29.7,Clear,0,0,0,0,0,,,
06/22/2023,1:00 PM,91,55,3,29.67,Clear,0,0,0,0,0,,,
06/22/2023,1:30 PM,93,49,5,29.67,Clear,0,0,0,0,0,,,
06/22/2023,2:00 PM,95,47,5,29.64,Rain,0,0,0,0,0,,,
06/22/2023,2:30 PM,91,59,13,29.64,Rain,0,0,0,0,0,,,
06/22/2023,3:00 PM,91,63,10,29.64,Rain,0,0,0,0,0,,,
06/22/2023,3:30 PM,88,66,12,29.64,Rain,0,0,0,0,0,,,
06/22/2023,4:00 PM,79,78,21,29.64,Rain,0,0,0,0,0,,,
06/22/2023,4:30 PM,79,78,10,29.64,Clear,0,0,0,0,0,,,
06/22/2023,5:00 PM,79,83,7,29.67,Rain,0,0,0,0,0,,,
06/22/2023,5:30 PM,79,83,6,29.64,Clear,0,0,0,0,0,,,
06/22/2023,6:00 PM,79,83,3,29.64,Clear,0,0,0,0,0,,,
06/22/2023,6:30 PM,79,83,2,29.64,Clear,0,0,0,0,0,,,
06/22/2023,7:00 PM,77,89,2,29.67,Clear,0,0,0,0,0,,,
06/22/2023,7:30 PM,77,89,0,29.67,Clear,0,0,0,0,0,,,
06/22/2023,8:00 PM,77,89,0,29.7,Clear,0,0,0,0,0,,,
06/22/2023,8:30 PM,77,89,3,29.7,Clear,0,0,0,0,0,,,
06/22/2023,9:00 PM,77,94,0,29.73,Clear,0,0,0,0,0,,,
06/22/2023,9:30 PM,77,94,1,29.73,Clear,0,0,0,0,0,,,
06/22/2023,10:00 PM,77,94,0,29.73,Clear,0,0,0,0,0,,,
06/22/2023,10:30 PM,77,94,0,29.73,Clear,0,0,0,0,0,,,
06/22/2023,11:00 PM,77,94,0,29.73,Clear,0,0,0,0,0,,,
06/22/2023,11:30 PM,77,94,0,29.73,Clear,0,0,0,0,0,,,
06/23/2023,12:00 AM,77,94,0,29.73,Clear,0,0,0,0,0,,,
06/23/2023,12:30 AM,77,94,0,29.73,Clear,0,0,0,0,0,,,
06/23/2023,1:00 AM,77,94,0,29.7,Clear,0,0,0,0,0,,,
06/23/2023,1:30 AM,77,94,0,29.7,Clear,0,0,0,0,0,,,
06/23/2023,2:00 AM,77,94,0,29.7,Clear,0,0,0,0,0,,,
06/23/2023,2:30 AM,75,100,0,29.67,Clear,0,0,0,0,0,,,
06/23/2023,3:00 AM,75,100,0,29.67,Clear,0,0,0,0,0,,,
06/23/2023,3:30 AM,75,100,0,29.67,Clear,0,0,0,0,0,,,
06/23/2023,4:00 AM,75,94,0,29.67,Clear,0,0,0,0,0,,,
06/23/2023,4:30 AM,75,94,0,29.67,Clear,0,0,0,0,0,,,
06/23/2023,5:00 AM,75,94,0,29.67,Clear,0,0,0,0,0,,,
06/23/2023,5:30 AM,75,94,0,29.67,Clear,0,0,0,0,0,,,
06/23/2023,6:00 AM,75,94,0,29.67,Clear,0,0,0,0,0,,,
06/23/2023,6:30 AM,75,94,0,29.67,Clear,0,0,0,0,0,,,
06/23/2023,7:00 AM,77,94,0,29.7,Clear,0,0,0,0,0,,,
06/23/2023,7:30 AM,77,94,0,29.7,Clear,0,0,0,0,0,,,
06/23/2023,8:00 AM,79,94,0,29.7,Clear,0,0,0,0,0,,,
06/23/2023,8:30 AM,82,84,0,29.7,Clear,0,0,0,0,0,,,
06/23/2023,9:00 AM,82,84,0,29.7,Clear,0,0,0,0,0,,,
06/23/2023,9:30 AM,86,74,3,29.73,Clear,0,0,0,0,0,,,
06/23/2023,10:00 AM,88,70,3,29.73,Clear,0,0,0,0,0,,,
06/23/2023,10:30 AM,88,66,5,29.73,Clear,0,0,0,0,0,,,
06/23/2023,11:00 AM,90,62,5,29.7,Clear,0,0,0,0,0,,,
06/23/2023,11:30 AM,91,59,3,29.7,Clear,0,0,0,0,0,,,
06/23/2023,12:00 PM,93,56,2,29.7,Clear,0,0,0,0,0,,,
06/23/2023,12:30 PM,93,49,9,29.67,Clear,0,0,0,0,0,,,
06/23/2023,1:00 PM,93,52,10,29.67,Clear,0,0,0,0,0,,,
06/23/2023,1:30 PM,95,47,7,29.64,Clear,0,0,0,0,0,,,
06/23/2023,2:00 PM,91,55,9,29.64,Clear,0,0,0,0,0,,,
06/23/2023,2:30 PM,91,55,9,29.64,Clear,0,0,0,0,0,,,
06/23/2023,3:00 PM,93,56,8,29.61,Clear,0,0,0,0,0,,,
06/23/2023,3:30 PM,91,59,13,29.61,Rain,0,0,0,0,0,,,
06/23/2023,4:00 PM,88,66,10,29.61,Clear,0,0,0,0,0,,,
06/23/2023,4:30 PM,86,70,13,29.61,Clear,0,0,0,0,0,,,
06/23/2023,5:00 PM,86,70,8,29.61,Clear,0,0,0,0,0,,,
06/23/2023,5:30 PM,86,70,0,29.61,Clear,0,0,0,0,0,,,
06/23/2023,6:00 PM,84,79,2,29.64,Clear,0,0,0,0,0,,,
06/23/2023,6:30 PM,82,84,2,29.64,Rain,0,0,0,0,0,,,
06/23/2023,7:00 PM,82,84,0,29.64,Clear,0,0,0,0,0,,,
06/23/2023,7:30 PM,84,74,2,29.64,Clear,0,0,0,0,0,,,
06/23/2023,8:00 PM,84,74,2,29.64,Clear,0,0,0,0,0,,,
06/23/2023,8:30 PM,82,79,0,29.67,Clear,0,0,0,0,0,,,
06/23/2023,9:00 PM,82,79,0,29.67,Clear,0,0,0,0,0,,,
06/23/2023,9:30 PM,82,79,0,29.67,Clear,0,0,0,0,0,,,
06/23/2023,10:00 PM,81,84,0,29.67,Clear,0,0,0,0,0,,,
06/23/2023,10:30 PM,81,84,0,29.7,Clear,0,0,0,0,0,,,
06/23/2023,11:00 PM,79,89,0,29.7,Clear,0,0,0,0,0,,,
06/23/2023,11:30 PM,79,89,0,29.7,Clear,0,0,0,0,0,,,
06/24/2023,12:00 AM,79,89,0,29.7,Clear,0,0,0,0,0,,,
06/24/2023,12:30 AM,79,89,0,29.7,Clear,0,0,0,0,0,,,
06/24/2023,1:00 AM,79,89,0,29.7,Clear,0,0,0,0,0,,,
06/24/2023,1:30 AM,79,89,0,29.7,Clear,0,0,0,0,0,,,
06/24/2023,2:00 AM,79,89,0,29.67,Clear,0,0,0,0,0,,,
06/24/2023,2:30 AM,79,89,0,29.67,Clear,0,0,0,0,0,,,
06/24/2023,3:00 AM,77,94,0,29.67,Clear,0,0,0,0,0,,,
06/24/2023,3:30 AM,77,94,0,29.67,Clear,0,0,0,0,0,,,
06/24/2023,4:00 AM,77,94,0,29.67,Clear,0,0,0,0,0,,,
06/24/2023,4:30 AM,77,94,0,29.67,Clear,0,0,0,0,0,,,
06/24/2023,5:00 AM,77,94,0,29.67,Clear,0,0,0,0,0,,,
06/24/2023,5:30 AM,77,94,0,29.67,Clear,0,0,0,0,0,,,
06/24/2023,6:00 AM,77,94,0,29.67,Clear,0,0,0,0,0,,,
06/24/2023,6:30 AM,77,94,0,29.67,Clear,0,0,0,0,0,,,
06/24/2023,7:00 AM,77,94,0,29.7,Clear,0,0,0,0,0,,,
06/24/2023,7:30 AM,79,94,0,29.7,Clear,0,0,0,0,0,,,
06/24/2023,8:00 AM,82,79,0,29.7,Clear,0,0,0,0,0,,,
06/24/2023,8:30 AM,84,79,3,29.7,Clear,0,0,0,0,0,,,
06/24/2023,9:00 AM,86,70,0,29.7,Clear,0,0,0,0,0,,,
06/24/2023,9:30 AM,88,66,3,29.7,Clear,0,0,0,0,0,,,
06/24/2023,10:00 AM,90,62,5,29.7,Clear,0,0,0,0,0,,,
06/24/2023,10:30 AM,90,62,5,29.7,Clear,0,0,0,0,0,,,
06/24/2023,11:00 AM,90,59,3,29.7,Clear,0,0,0,0,0,,,
06/24/2023,11:30 AM,91,55,2,29.67,Clear,0,0,0,0,0,,,
06/24/2023,12:00 PM,91,55,6,29.67,Clear,0,0,0,0,0,,,
06/24/2023,12:30 PM,91,52,2,29.67,Rain,0,0,0,0,0,,,
06/24/2023,1:00 PM,90,59,10,29.64,Rain,0,0,0,0,0,,,
06/24/2023,1:30 PM,93,46,9,29.64,Rain,0,0,0,0,0,,,
06/24/2023,2:00 PM,93,49,6,29.61,Rain,0,0,0,0,0,,,
06/24/2023,2:30 PM,95,49,6,29.61,Rain,0,0,0,0,0,,,
06/24/2023,3:00 PM,91,55,9,29.61,Clear,0,0,0,0,0,,,
06/24/2023,3:30 PM,93,52,5,29.61,Rain,0,0,0,0,0,,,
06/24/2023,4:00 PM,90,62,7,29.61,Rain,0,0,0,0,0,,,
06/24/2023,4:30 PM,81,84,15,29.61,Clear,0,0,0,0,0,,,
06/24/2023,5:00 PM,79,89,5,29.61,Rain,0,0,0,0,0,,,
06/24/2023,5:30 PM,81,89,7,29.61,Rain,0,0,0,0,0,,,
06/24/2023,6:00 PM,81,84,3,29.61,Clear,0,0,0,0,0,,,
06/24/2023,6:30 PM,81,84,0,29.61,Clear,0,0,0,0,0,,,
06/24/2023,7:00 PM,81,89,0,29.64,Clear,0,0,0,0,0,,,
06/24/2023,7:30 PM,81,89,0,29.64,Clear,0,0,0,0,0,,,
06/24/2023,8:00 PM,81,89,0,29.64,Clear,0,0,0,0,0,,,
06/24/2023,8:30 PM,79,94,0,29.67,Clear,0,0,0,0,0,,,
06/24/2023,9:00 PM,79,94,0,29.67,Clear,0,0,0,0,0,,,
06/24/2023,9:30 PM,79,94,0,29.7,Clear,0,0,0,0,0,,,
06/24/2023,10:00 PM,79,94,0,29.7,Clear,0,0,0,0,0,,,
06/24/2023,10:30 PM,79,94,0,29.7,Clear,0,0,0,0,0,,,
06/24/2023,11:00 PM,79,89,0,29.7,Clear,0,0,0,0,0,,,
06/24/2023,11:30 PM,79,94,0,29.7,Clear,0,0,0,0,0,,,
06/25/2023,12:00 AM,79,94,0,29.7,Clear,0,0,0,0,0,,,
06/25/2023,12:30 AM,79,94,0,29.7,Clear,0,0,0,0,0,,,
06/25/2023,1:00 AM,77,100,0,29.7,Clear,1,1,0,0,1,,,
06/25/2023,1:30 AM,77,94,0,29.67,Clear,0,0,0,0,0,,,
06/25/2023,2:00 AM,77,100,0,29.67,Clear,0,0,0,0,0,,,
06/25/2023,2:30 AM,77,94,0,29.67,Clear,0,0,0,0,0,,,
06/25/2023,3:00 AM,79,94,0,29.64,Clear,0,0,0,0,0,,,
06/25/2023,3:30 AM,77,94,0,29.64,Clear,0,0,0,0,0,,,
06/25/2023,4:00 AM,77,94,0,29.64,Clear,0,0,0,0,0,,,
06/25/2023,4:30 AM,77,94,0,29.64,Clear,0,0,0,0,0,,,
06/25/2023,5:00 AM,77,94,0,29.64,Clear,0,0,0,0,0,,,
06/25/2023,5:30 AM,77,94,0,29.64,Clear,0,0,0,0,0,,,
06/25/2023,6:00 AM,77,94,0,29.67,Clear,0,0,0,0,0,,,
06/25/2023,6:30 AM,77,94,0,29.67,Clear,0,0,0,0,0,,,
06/25/2023,7:00 AM,77,94,0,29.67,Clear,0,0,0,0,0,,,
06/25/2023,7:30 AM,81,89,0,29.67,Clear,0,0,0,0,0,,,
06/25/2023,8:00 AM,81,89,0,29.67,Clear,0,0,0,0,0,,,
06/25/2023,8:30 AM,82,84,2,29.7,Clear,0,0,0,0,0,,,
06/25/2023,9:00 AM,84,79,0,29.7,Clear,0,0,0,0,0,,,
06/25/2023,9:30 AM,88,70,0,29.7,Clear,0,0,0,0,0,,,
06/25/2023,10:00 AM,88,66,0,29.7,Clear,0,0,0,0,0,,,
06/25/2023,10:30 AM,90,62,0,29.7,Clear,0,0,0,0,0,,,
06/25/2023,11:00 AM,91,63,2,29.67,Rain,0,0,0,0,0,,,
06/25/2023,11:30 AM,90,62,5,29.67,Rain,0,0,0,0,0,,,
06/25/2023,12:00 PM,88,62,8,29.67,Rain,0,0,0,0,0,,,
06/25/2023,12:30 PM,75,89,18,29.7,Rain,0,0,0,0,0,,,
06/25/2023,1:00 PM,75,94,5,29.7,Clear,0,0,0,0,0,,,
06/25/2023,1:30 PM,77,94,2,29.67,Rain,0,0,0,0,0,,,
06/25/2023,2:00 PM,77,94,5,29.67,Clear,0,0,0,0,0,,,
06/25/2023,2:30 PM,77,94,0,29.67,Clear,0,0,0,0,0,,,
06/25/2023,3:00 PM,79,94,3,29.67,Clear,0,0,0,0,0,,,
06/25/2023,3:30 PM,81,89,2,29.64,Clear,0,0,0,0,0,,,
06/25/2023,4:00 PM,82,84,3,29.64,Clear,0,0,0,0,0,,,
06/25/2023,4:30 PM,84,79,2,29.61,Clear,0,0,0,0,0,,,
06/25/2023,5:00 PM,84,74,5,29.61,Clear,0,0,0,0,0,,,
06/25/2023,5:30 PM,84,79,3,29.61,Clear,0,0,0,0,0,,,
06/25/2023,6:00 PM,84,79,0,29.64,Clear,0,0,0,0,0,,,
06/25/2023,6:30 PM,82,84,0,29.64,Clear,0,0,0,0,0,,,
06/25/2023,7:00 PM,82,84,0,29.64,Clear,0,0,0,0,0,,,
06/25/2023,7:30 PM,81,89,0,29.67,Clear,0,0,0,0,0,,,
06/25/2023,8:00 PM,81,89,0,29.67,Clear,0,0,0,0,0,,,
06/25/2023,8:30 PM,81,89,0,29.7,Clear,0,0,0,0,0,,,
06/25/2023,9:00 PM,81,89,6,29.7,Clear,0,0,0,0,0,,,
06/25/2023,9:30 PM,81,89,3,29.7,Clear,0,0,0,0,0,,,
06/25/2023,10:00 PM,79,94,3,29.7,Clear,0,0,0,0,0,,,
06/25/2023,10:30 PM,79,89,0,29.7,Clear,0,0,0,0,0,,,
06/25/2023,11:00 PM,79,94,0,29.7,Clear,0,0,0,0,0,,,
06/25/2023,11:30 PM,77,100,0,29.73,Clear,0,0,0,0,0,,,
06/26/2023,12:00 AM,77,100,0,29.7,Clear,0,0,0,0,0,,,
06/26/2023,12:30 AM,77,100,0,29.7,Clear,0,0,0,0,0,,,
06/26/2023,1:00 AM,77,94,0,29.7,Clear,0,0,0,0,0,,,
06/26/2023,1:30 AM,77,94,0,29.7,Clear,0,0,0,0,0,,,
06/26/2023,2:00 AM,77,94,0,29.7,Clear,0,0,0,0,0,,,
06/26/2023,2:30 AM,75,100,2,29.67,Clear,0,0,0,0,0,,,
06/26/2023,3:00 AM,75,100,2,29.67,Clear,0,0,0,0,0,,,
06/26/2023,3:30 AM,75,100,2,29.67,Clear,0,0,0,0,0,,,
06/26/2023,4:00 AM,75,100,1,29.67,Clear,0,0,0,0,0,,,
06/26/2023,4:30 AM,75,100,3,29.67,Clear,0,0,0,0,0,,,
06/26/2023,5:00 AM,75,100,0,29.67,Clear,0,0,0,0,0,,,
06/26/2023,5:30 AM,75,100,2,29.67,Clear,0,0,0,0,0,,,
06/26/2023,6:00 AM,75,100,0,29.67,Clear,0,0,0,0,0,,,
06/26/2023,6:30 AM,75,100,1,29.7,Clear,0,0,0,0,0,,,
06/26/2023,7:00 AM,77,94,0,29.7,Mist,0,0,0,0,0,,,
06/26/2023,7:30 AM,77,100,0,29.7,Clear,0,0,0,0,0,,,
06/26/2023,8:00 AM,79,94,2,29.7,Clear,0,0,0,0,0,,,
06/26/2023,8:30 AM,84,84,0,29.7,Clear,0,0,0,0,0,,,
06/26/2023,9:00 AM,86,70,0,29.73,Clear,0,0,0,0,0,,,
06/26/2023,9:30 AM,88,66,0,29.73,Clear,0,0,0,0,0,,,
06/26/2023,10:00 AM,88,62,2,29.73,Clear,0,0,0,0,0,,,
06/26/2023,10:30 AM,90,62,3,29.73,Clear,0,0,0,0,0,,,
06/26/2023,11:00 AM,91,55,2,29.7,Rain,0,0,0,0,0,,,
06/26/2023,11:30 AM,91,55,3,29.7,Rain,0,0,0,0,0,,,
06/26/2023,12:00 PM,88,62,10,29.7,Rain,0,0,0,0,0,,,
06/26/2023,12:30 PM,81,84,10,29.67,Rain,0,0,0,0,0,,,
06/26/2023,1:00 PM,90,62,7,29.67,Rain,0,0,0,0,0,,,
06/26/2023,1:30 PM,88,70,9,29.67,Rain,0,0,0,0,0,,,
06/26/2023,2:00 PM,88,70,13,29.64,Rain,0,0,0,0,0,,,
06/26/2023,2:30 PM,88,70,10,29.64,Rain,0,0,0,0,0,,,
06/26/2023,3:00 PM,90,62,14,29.64,Rain,0,0,0,0,0,,,
06/26/2023,3:30 PM,88,66,10,29.64,Rain,0,0,0,0,0,,,
06/26/2023,4:00 PM,86,70,6,29.64,Rain,0,0,0,0,0,,,
06/26/2023,4:30 PM,84,74,0,29.67,Rain,0,0,0,0,0,,,
06/26/2023,5:00 PM,81,84,6,29.64,Rain,0,0,0,0,0,,,
06/26/2023,5:30 PM,82,79,2,29.64,Rain,0,0,0,0,0,,,
06/26/2023,6:00 PM,81,84,3,29.67,Rain,0,0,0,0,0,,,
06/26/2023,6:30 PM,81,89,3,29.67,Clear,0,0,0,0,0,,,
06/26/2023,7:00 PM,81,84,5,29.67,Clear,0,0,0,0,0,,,
06/26/2023,7:30 PM,81,89,2,29.67,Clear,0,0,0,0,0,,,
06/26/2023,8:00 PM,81,89,0,29.7,Clear,0,0,0,0,0,,,
06/26/2023,8:30 PM,81,89,3,29.7,Clear,0,0,0,0,0,,,
06/26/2023,9:00 PM,81,89,3,29.7,Clear,0,0,0,0,0,,,
06/26/2023,9:30 PM,79,94,0,29.7,Clear,0,0,0,0,0,,,
06/26/2023,10:00 PM,79,94,0,29.7,Clear,0,0,0,0,0,,,
06/26/2023,10:30 PM,79,94,0,29.73,Clear,0,0,0,0,0,,,
06/26/2023,11:00 PM,79,94,0,29.73,Clear,0,0,0,0,0,,,
06/26/2023,11:30 PM,79,94,0,29.73,Clear,0,0,0,0,0,,,
06/27/2023,12:00 AM,79,94,0,29.7,Clear,0,0,0,0,0,,,
06/27/2023,12:30 AM,79,94,0,29.7,Clear,0,0,0,0,0,,,
06/27/2023,1:00 AM,77,100,0,29.7,Clear,0,0,0,0,0,,,
06/27/2023,1:30 AM,77,100,0,29.7,Clear,0,0,0,0,0,,,
06/27/2023,2:00 AM,77,100,0,29.67,Clear,0,0,0,0,0,,,
06/27/2023,2:30 AM,77,100,0,29.67,Clear,0,0,0,0,0,,,
06/27/2023,3:00 AM,77,94,2,29.67,Clear,0,0,0,0,0,,,
06/27/2023,3:30 AM,77,94,0,29.67,Clear,0,0,0,0,0,,,
06/27/2023,4:00 AM,77,94,0,29.67,Clear,0,0,0,0,0,,,
06/27/2023,4:30 AM,77,94,0,29.67,Clear,0,0,0,0,0,,,
06/27/2023,5:00 AM,77,94,0,29.67,Clear,0,0,0,0,0,,,
06/27/2023,5:30 AM,77,94,0,29.67,Clear,0,0,0,0,0,,,
06/27/2023,6:00 AM,77,94,0,29.67,Clear,0,0,0,0,0,,,
06/27/2023,6:30 AM,77,94,0,29.67,Clear,0,0,0,0,0,,,
06/27/2023,7:00 AM,77,94,0,29.7,Clear,0,0,0,0,0,,,
06/27/2023,7:30 AM,77,94,0,29.7,Clear,0,0,0,0,0,,,
06/27/2023,8:00 AM,79,94,3,29.7,Clear,0,0,0,0,0,,,
06/27/2023,8:30 AM,81,89,2,29.73,Clear,0,0,0,0,0,,,
06/27/2023,9:00 AM,84,84,5,29.73,Clear,0,0,0,0,0,,,
06/27/2023,9:30 AM,86,70,5,29.73,Clear,0,0,0,0,0,,,
06/27/2023,10:00 AM,88,70,2,29.73,Clear,0,0,0,0,0,,,
06/27/2023,10:30 AM,90,62,5,29.73,Clear,0,0,0,0,0,,,
06/27/2023,11:00 AM,91,63,2,29.73,Clear,0,0,0,0,0,,,
06/27/2023,11:30 AM,91,59,3,29.7,Clear,0,0,0,0,0,,,
06/27/2023,12:00 PM,91,59,2,29.7,Clear,0,0,0,0,0,,,
06/27/2023,12:30 PM,91,55,2,29.67,Rain,0,0,0,0,0,,,
06/27/2023,1:00 PM,86,66,15,29.67,Rain,0,0,0,0,0,,,
06/27/2023,1:30 PM,81,74,12,29.67,Rain,0,0,0,0,0,,,
06/27/2023,2:00 PM,79,89,8,29.67,Rain,0,0,0,0,0,,,
06/27/2023,2:30 PM,77,94,6,29.67,Rain,0,0,0,0,0,,,
06/27/2023,3:00 PM,79,89,1,29.67,Rain,0,0,0,0,0,,,
06/27/2023,3:30 PM,79,94,2,29.64,Clear,0,0,0,0,0,,,
06/27/2023,4:00 PM,81,89,5,29.64,Clear,0,0,0,0,0,,,
06/27/2023,4:30 PM,84,79,6,29.64,Clear,0,0,0,0,0,,,
06/27/2023,5:00 PM,84,79,6,29.67,Clear,0,0,0,0,0,,,
06/27/2023,5:30 PM,84,74,15,29.67,Clear,0,0,0,0,0,,,
06/27/2023,6:00 PM,81,79,14,29.7,Clear,0,0,0,0,0,,,
06/27/2023,6:30 PM,81,79,8,29.7,Clear,0,0,0,0,0,,,
06/27/2023,7:00 PM,81,79,3,29.7,Clear,0,0,0,0,0,,,
06/27/2023,7:30 PM,79,83,3,29.7,Clear,0,0,0,0,0,,,
06/27/2023,8:00 PM,79,83,0,29.73,Clear,0,0,0,0,0,,,
06/27/2023,8:30 PM,79,83,2,29.73,Clear,0,0,0,0,0,,,
06/27/2023,9:00 PM,79,83,3,29.73,Clear,0,0,0,0,0,,,
06/27/2023,9:30 PM,79,83,2,29.76,Clear,0,0,0,0,0,,,
06/27/2023,10:00 PM,79,83,3,29.76,Clear,0,0,0,0,0,,,
06/27/2023,10:30 PM,77,89,3,29.76,Clear,0,0,0,0,0,,,
06/27/2023,11:00 PM,77,89,0,29.76,Clear,0,0,0,0,0,,,
06/27/2023,11:30 PM,77,94,2,29.76,Clear,0,0,0,0,0,,,
06/28/2023,12:00 AM,77,94,0,29.76,Clear,0,0,0,0,0,,,
06/28/2023,12:30 AM,77,94,0,29.73,Clear,0,0,0,0,0,,,
06/28/2023,1:00 AM,77,94,0,29.73,Clear,0,0,0,0,0,,,
06/28/2023,1:30 AM,77,94,0,29.73,Clear,0,0,0,0,0,,,
06/28/2023,2:00 AM,77,94,0,29.73,Clear,0,0,0,0,0,,,
06/28/2023,2:30 AM,77,94,2,29.73,Clear,0,0,0,0,0,,,
06/28/2023,3:00 AM,75,100,0,29.73,Clear,0,0,0,0,0,,,
06/28/2023,3:30 AM,75,100,0,29.73,Clear,0,0,0,0,0,,,
06/28/2023,4:00 AM,75,94,1,29.7,Clear,0,0,0,0,0,,,
06/28/2023,4:30 AM,75,100,2,29.7,Clear,0,0,0,0,0,,,
06/28/2023,5:00 AM,75,100,1,29.7,Clear,0,0,0,0,0,,,
06/28/2023,5:30 AM,75,94,0,29.7,Clear,0,0,0,0,0,,,
06/28/2023,6:00 AM,75,94,0,29.7,Clear,0,0,0,0,0,,,
06/28/2023,6:30 AM,75,100,0,29.7,Clear,0,0,0,0,0,,,
06/28/2023,7:00 AM,77,94,2,29.73,Clear,0,0,0,0,0,,,
06/28/2023,7:30 AM,79,89,1,29.73,Clear,0,0,0,0,0,,,
06/28/2023,8:00 AM,81,89,6,29.76,Clear,0,0,0,0,0,,,
06/28/2023,8:30 AM,82,84,6,29.76,Clear,0,0,0,0,0,,,
06/28/2023,9:00 AM,84,74,6,29.76,Clear,0,0,0,0,0,,,
06/28/2023,9:30 AM,86,66,5,29.76,Clear,0,0,0,0,0,,,
06/28/2023,10:00 AM,88,66,3,29.76,Clear,0,0,0,0,0,,,
06/28/2023,10:30 AM,88,66,6,29.76,Clear,0,0,0,0,0,,,
06/28/2023,11:00 AM,90,59,8,29.73,Clear,0,0,0,0,0,,,
06/28/2023,11:30 AM,90,62,6,29.73,Clear,0,0,0,0,0,,,
06/28/2023,12:00 PM,91,55,5,29.73,Clear,0,0,0,0,0,,,
06/28/2023,12:30 PM,91,55,5,29.7,Rain,0,0,0,0,0,,,
06/28/2023,1:00 PM,84,79,14,29.7,Rain,0,0,0,0,0,,,
06/28/2023,1:30 PM,79,94,16,29.7,Rain,0,0,0,0,0,,,
06/28/2023,2:00 PM,84,79,9,29.7,Clear,0,0,0,0,0,,,
06/28/2023,2:30 PM,86,70,15,29.67,Clear,0,0,0,0,0,,,
06/28/2023,3:00 PM,88,62,15,29.67,Clear,0,0,0,0,0,,,
06/28/2023,3:30 PM,84,70,7,29.64,Clear,0,0,0,0,0,,,
06/28/2023,4:00 PM,84,70,6,29.64,Clear,0,0,0,0,0,,,
06/28/2023,4:30 PM,86,66,8,29.64,Clear,0,0,0,0,0,,,
06/28/2023,5:00 PM,86,66,10,29.64,Clear,0,0,0,0,0,,,
06/28/2023,5:30 PM,86,66,9,29.64,Clear,0,0,0,0,0,,,
06/28/2023,6:00 PM,86,66,5,29.64,Clear,0,0,0,0,0,,,
06/28/2023,6:30 PM,84,70,7,29.64,Clear,0,0,0,0,0,,,
06/28/2023,7:00 PM,82,74,1,29.67,Clear,0,0,0,0,0,,,
06/28/2023,7:30 PM,82,79,3,29.7,Clear,0,0,0,0,0,,,
06/28/2023,8:00 PM,81,84,3,29.7,Clear,0,0,0,0,0,,,
06/28/2023,8:30 PM,81,84,3,29.7,Clear,0,0,0,0,0,,,
06/28/2023,9:00 PM,81,84,2,29.73,Clear,0,0,0,0,0,,,
06/28/2023,9:30 PM,81,84,5,29.73,Clear,0,0,0,0,0,,,
06/28/2023,10:00 PM,81,84,6,29.76,Clear,0,0,0,0,0,,,
06/28/2023,10:30 PM,81,84,5,29.76,Clear,0,0,0,0,0,,,
06/28/2023,11:00 PM,79,89,5,29.76,Clear,0,0,0,0,0,,,
06/28/2023,11:30 PM,79,89,2,29.76,Clear,0,0,0,0,0,,,
06/29/2023,12:00 AM,79,89,3,29.76,Clear,0,0,0,0,0,,,
06/29/2023,12:30 AM,79,89,2,29.73,Clear,0,0,0,0,0,,,
06/29/2023,1:00 AM,79,89,2,29.73,Clear,0,0,0,0,0,,,
06/29/2023,1:30 AM,79,89,3,29.73,Clear,0,0,0,0,0,,,
06/29/2023,2:00 AM,79,89,5,29.7,Clear,0,0,0,0,0,,,
06/29/2023,2:30 AM,79,89,3,29.7,Clear,0,0,0,0,0,,,
06/29/2023,3:00 AM,79,89,2,29.7,Clear,0,0,0,0,0,,,
06/29/2023,3:30 AM,79,89,3,29.7,Clear,0,0,0,0,0,,,
06/29/2023,4:00 AM,77,89,3,29.7,Clear,0,0,0,0,0,,,
06/29/2023,4:30 AM,77,89,3,29.7,Clear,0,0,0,0,0,,,
06/29/2023,5:00 AM,77,89,5,29.67,Clear,0,0,0,0,0,,,
06/29/2023,5:30 AM,77,89,2,29.7,Clear,0,0,0,0,0,,,
06/29/2023,6:00 AM,77,89,2,29.7,Clear,0,0,0,0,0,,,
06/29/2023,6:30 AM,77,94,3,29.7,Clear,0,0,0,0,0,,,
06/29/2023,7:00 AM,77,94,6,29.7,Clear,0,0,0,0,0,,,
06/29/2023,7:30 AM,79,89,3,29.7,Clear,0,0,0,0,0,,,
06/29/2023,8:00 AM,82,79,6,29.73,Clear,0,0,0,0,0,,,
06/29/2023,8:30 AM,82,79,7,29.73,Clear,0,0,0,0,0,,,
06/29/2023,9:00 AM,84,74,7,29.73,Clear,0,0,0,0,0,,,
06/29/2023,9:30 AM,86,70,8,29.73,Clear,0,0,0,0,0,,,
06/29/2023,10:00 AM,88,62,9,29.73,Clear,0,0,0,0,0,,,
06/29/2023,10:30 AM,88,66,10,29.73,Clear,0,0,0,0,0,,,
06/29/2023,11:00 AM,88,66,13,29.73,Clear,0,0,0,0,0,,,
06/29/2023,11:30 AM,88,62,13,29.73,Clear,0,0,0,0,0,,,
06/29/2023,12:00 PM,90,62,12,29.7,Clear,0,0,0,0,0,,,
06/29/2023,12:30 PM,88,66,16,29.7,Clear,0,0,0,0,0,,,
06/29/2023,1:00 PM,86,70,12,29.7,Clear,0,0,0,0,0,,,
06/29/2023,1:30 PM,88,66,12,29.67,Clear,0,0,0,0,0,,,
06/29/2023,2:00 PM,88,66,12,29.67,Clear,0,0,0,0,0,,,
06/29/2023,2:30 PM,88,66,10,29.64,Clear,0,0,0,0,0,,,
06/29/2023,3:00 PM,90,62,13,29.61,Clear,0,0,0,0,0,,,
06/29/2023,3:30 PM,86,66,12,29.61,Clear,0,0,0,0,0,,,
06/29/2023,4:00 PM,88,62,14,29.61,Clear,0,0,0,0,0,,,
06/29/2023,4:30 PM,88,62,10,29.61,Clear,0,0,0,0,0,,,
06/29/2023,5:00 PM,86,66,12,29.61,Clear,0,0,0,0,0,,,
06/29/2023,5:30 PM,86,66,10,29.61,Clear,0,0,0,0,0,,,
06/29/2023,6:00 PM,86,62,8,29.64,Clear,0,0,0,0,0,,,
06/29/2023,6:30 PM,84,66,7,29.64,Clear,0,0,0,0,0,,,
06/29/2023,7:00 PM,84,70,8,29.64,Clear,0,0,0,0,0,,,
06/29/2023,7:30 PM,82,74,6,29.67,Clear,0,0,0,0,0,,,
06/29/2023,8:00 PM,82,74,6,29.67,Clear,0,0,0,0,0,,,
06/29/2023,8:30 PM,82,74,5,29.7,Clear,0,0,0,0,0,,,
06/29/2023,9:00 PM,82,74,5,29.7,Clear,0,0,0,0,0,,,
06/29/2023,9:30 PM,81,74,0,29.7,Clear,0,0,0,0,0,,,
06/29/2023,10:00 PM,81,79,3,29.7,Clear,0,0,0,0,0,,,
06/29/2023,10:30 PM,79,83,0,29.73,Clear,0,0,0,0,0,,,
06/29/2023,11:00 PM,79,83,3,29.73,Clear,0,0,0,0,0,,,
06/29/2023,11:30 PM,79,83,3,29.73,Clear,0,0,0,0,0,,,
06/30/2023,12:00 AM,79,83,2,29.73,Clear,0,0,0,0,0,,,
06/30/2023,12:30 AM,79,83,3,29.73,Clear,0,0,0,0,0,,,
06/30/2023,1:00 AM,77,89,2,29.7,Clear,0,0,0,0,0,,,
06/30/2023,1:30 AM,77,89,3,29.7,Clear,0,0,0,0,0,,,
06/30/2023,2:00 AM,79,83,5,29.67,Clear,0,0,0,0,0,,,
06/30/2023,2:30 AM,77,94,5,29.67,Clear,0,0,0,0,0,,,
06/30/2023,3:00 AM,77,94,3,29.67,Clear,0,0,0,0,0,,,
06/30/2023,3:30 AM,77,94,3,29.67,Clear,0,0,0,0,0,,,
06/30/2023,4:00 AM,77,94,3,29.67,Clear,0,0,0,0,0,,,
06/30/2023,4:30 AM,77,94,2,29.67,Clear,0,0,0,0,0,,,
06/30/2023,5:00 AM,77,94,3,29.67,Clear,0,0,0,0,0,,,
06/30/2023,5:30 AM,77,94,0,29.67,Clear,0,0,0,0,0,,,
06/30/2023,6:00 AM,77,94,2,29.67,Clear,0,0,0,0,0,,,
06/30/2023,6:30 AM,77,94,1,29.67,Clear,0,0,0,0,0,,,
06/30/2023,7:00 AM,79,89,0,29.67,Clear,0,0,0,0,0,,,
06/30/2023,7:30 AM,81,89,3,29.7,Clear,0,0,0,0,0,,,
06/30/2023,8:00 AM,82,84,7,29.7,Clear,0,0,0,0,0,,,
06/30/2023,8:30 AM,82,84,8,29.73,Clear,0,0,0,0,0,,,
06/30/2023,9:00 AM,84,79,7,29.73,Clear,0,0,0,0,0,,,
06/30/2023,9:30 AM,86,74,8,29.7,Clear,0,0,0,0,0,,,
06/30/2023,10:00 AM,86,70,6,29.73,Clear,0,0,0,0,0,,,
06/30/2023,10:30 AM,88,70,7,29.73,Clear,0,0,0,0,0,,,
06/30/2023,11:00 AM,90,66,8,29.7,Clear,0,0,0,0,0,,,
06/30/2023,11:30 AM,90,66,6,29.7,Clear,0,0,0,0,0,,,
06/30/2023,12:00 PM,90,70,9,29.7,Clear,0,0,0,0,0,,,
06/30/2023,12:30 PM,90,59,12,29.7,Rain,0,0,0,0,0,,,
06/30/2023,1:00 PM,88,66,17,29.7,Rain,0,0,0,0,0,,,
06/30/2023,1:30 PM,79,94,9,29.7,Rain,0,0,0,0,0,,,
06/30/2023,2:00 PM,81,89,7,29.67,Clear,0,0,0,0,0,,,
06/30/2023,2:30 PM,82,84,5,29.67,Clear,0,0,0,0,0,,,
06/30/2023,3:00 PM,82,84,7,29.67,Clear,0,0,0,0,0,,,
06/30/2023,3:30 PM,82,84,7,29.64,Clear,0,0,0,0,0,,,
06/30/2023,4:00 PM,82,79,7,29.64,Clear,0,0,0,0,0,,,
06/30/2023,4:30 PM,84,74,7,29.64,Clear,0,0,0,0,0,,,
06/30/2023,5:00 PM,84,74,7,29.61,Clear,0,0,0,0,0,,,
06/30/2023,5:30 PM,84,74,9,29.61,Clear,0,0,0,0,0,,,
06/30/2023,6:00 PM,84,74,8,29.64,Clear,0,0,0,0,0,,,
06/30/2023,6:30 PM,82,79,9,29.67,Clear,0,0,0,0,0,,,
06/30/2023,7:00 PM,82,79,8,29.64,Clear,0,0,0,0,0,,,
06/30/2023,7:30 PM,82,79,5,29.67,Clear,0,0,0,0,0,,,
06/30/2023,8:00 PM,82,79,7,29.67,Clear,0,0,0,0,0,,,
06/30/2023,8:30 PM,82,79,5,29.67,Clear,0,0,0,0,0,,,
06/30/2023,9:00 PM,81,84,3,29.7,Clear,0,0,0,0,0,,,
06/30/2023,9:30 PM,81,84,3,29.7,Clear,0,0,0,0,0,,,
06/30/2023,10:00 PM,81,84,5,29.7,Clear,0,0,0,0,0,,,
06/30/2023,10:30 PM,81,89,6,29.73,Clear,0,0,0,0,0,,,
06/30/2023,11:00 PM,81,89,3,29.73,Clear,0,0,0,0,0,,,
06/30/2023,11:30 PM,81,89,3,29.73,Clear,0,0,0,0,0,,,
7/1/2023,12:00 AM,81,89,3,29.73,Clear,0,0,0,0,0,,,
7/1/2023,12:30 AM,81,89,2,29.7,Clear,0,0,0,0,0,,,
7/1/2023,1:00 AM,79,94,2,29.67,Clear,0,0,0,0,0,,,
7/1/2023,1:30 AM,79,94,5,29.67,Clear,0,0,0,0,0,,,
7/1/2023,2:00 AM,79,89,3,29.67,Clear,0,0,0,0,0,,,
7/1/2023,2:30 AM,79,89,2,29.67,Clear,0,0,0,0,0,,,
7/1/2023,3:00 AM,79,89,2,29.67,Clear,0,0,0,0,0,,,
7/1/2023,3:30 AM,79,94,5,29.67,Clear,0,0,0,0,0,,,
7/1/2023,4:00 AM,79,89,5,29.67,Clear,0,0,0,0,0,,,
7/1/2023,4:30 AM,79,89,8,29.67,Rain,0,0,0,0,0,,,
7/1/2023,5:00 AM,79,94,5,29.7,Rain,0,0,0,0,0,,,
7/1/2023,5:30 AM,79,94,3,29.7,Rain,0,0,0,0,0,,,
7/1/2023,6:00 AM,77,94,8,29.73,Rain,0,0,0,0,0,,,
7/1/2023,6:30 AM,75,94,9,29.73,Rain,0,0,0,0,0,,,
7/1/2023,7:00 AM,75,94,5,29.73,Rain,0,0,0,0,0,,,
7/1/2023,7:30 AM,75,100,3,29.76,Rain,0,0,0,0,0,,,
7/1/2023,8:00 AM,75,100,5,29.76,Rain,0,0,0,0,0,,,
7/1/2023,8:30 AM,75,100,3,29.76,Rain,0,0,0,0,0,,,
7/1/2023,9:00 AM,75,100,5,29.79,Rain,0,0,0,0,0,,,
7/1/2023,9:30 AM,77,94,6,29.76,Rain,0,0,0,0,0,,,
7/1/2023,10:00 AM,79,89,7,29.79,Clear,0,0,0,0,0,,,
7/1/2023,10:30 AM,81,84,7,29.76,Clear,0,0,0,0,0,,,
7/1/2023,11:00 AM,82,79,8,29.79,Clear,0,0,0,0,0,,,
7/1/2023,11:30 AM,82,74,10,29.76,Clear,0,0,0,0,0,,,
7/1/2023,12:00 PM,84,70,12,29.76,Clear,0,0,0,0,0,,,
7/1/2023,12:30 PM,84,70,15,29.73,Clear,0,0,0,0,0,,,
7/1/2023,1:00 PM,84,70,10,29.73,Clear,0,0,0,0,0,,,
7/1/2023,1:30 PM,86,66,9,29.7,Clear,0,0,0,0,0,,,
7/1/2023,2:00 PM,86,66,15,29.7,Clear,0,0,0,0,0,,,
7/1/2023,2:30 PM,86,66,12,29.67,Clear,0,0,0,0,0,,,
7/1/2023,3:00 PM,86,66,12,29.67,Clear,0,0,0,0,0,,,
7/1/2023,3:30 PM,86,66,13,29.67,Clear,0,0,0,0,0,,,
7/1/2023,4:00 PM,84,70,9,29.67,Clear,0,0,0,0,0,,,
7/1/2023,4:30 PM,86,66,9,29.67,Clear,0,0,0,0,0,,,
7/1/2023,5:00 PM,84,70,8,29.67,Clear,0,0,0,0,0,,,
7/1/2023,5:30 PM,84,70,8,29.67,Clear,0,0,0,0,0,,,
7/1/2023,6:00 PM,82,74,8,29.67,Clear,0,0,0,0,0,,,
7/1/2023,6:30 PM,82,74,10,29.67,Clear,0,0,0,0,0,,,
7/1/2023,7:00 PM,82,74,7,29.67,Clear,0,0,0,0,0,,,
7/1/2023,7:30 PM,81,79,3,29.67,Clear,0,0,0,0,0,,,
7/1/2023,8:00 PM,81,79,6,29.7,Clear,0,0,0,0,0,,,
7/1/2023,8:30 PM,81,79,6,29.7,Clear,0,0,0,0,0,,,
7/1/2023,9:00 PM,81,79,6,29.73,Clear,0,0,0,0,0,,,
7/1/2023,9:30 PM,81,79,6,29.73,Clear,0,0,0,0,0,,,
7/1/2023,10:00 PM,81,84,7,29.73,Clear,0,0,0,0,0,,,
7/1/2023,10:30 PM,81,84,9,29.76,Clear,0,0,0,0,0,,,
7/1/2023,11:00 PM,81,79,6,29.76,Clear,0,0,0,0,0,,,
7/1/2023,11:30 PM,81,84,6,29.76,Clear,0,0,0,0,0,,,
7/2/2023,12:00 AM,82,79,7,29.76,Clear,0,0,0,0,0,,,
7/2/2023,12:30 AM,82,79,7,29.76,Clear,0,0,0,0,0,,,
7/2/2023,1:00 AM,81,84,5,29.76,Clear,0,0,0,0,0,,,
7/2/2023,1:30 AM,81,84,5,29.73,Clear,0,0,0,0,0,,,
7/2/2023,2:00 AM,81,84,7,29.73,Clear,0,0,0,0,0,,,
7/2/2023,2:30 AM,81,84,6,29.73,Clear,0,0,0,0,0,,,
7/2/2023,3:00 AM,79,83,10,29.73,Rain,0,0,0,0,0,,,
7/2/2023,3:30 AM,79,83,6,29.73,Clear,0,0,0,0,0,,,
7/2/2023,4:00 AM,77,89,5,29.7,Clear,0,0,0,0,0,,,
7/2/2023,4:30 AM,77,89,6,29.7,Clear,0,0,0,0,0,,,
7/2/2023,5:00 AM,79,78,8,29.67,Clear,0,0,0,0,0,,,
7/2/2023,5:30 AM,79,83,5,29.67,Clear,0,0,0,0,0,,,
7/2/2023,6:00 AM,77,89,2,29.67,Clear,0,0,0,0,0,,,
7/2/2023,6:30 AM,77,89,5,29.67,Clear,0,0,0,0,0,,,
7/2/2023,7:00 AM,77,89,0,29.7,Clear,0,0,0,0,0,,,
7/2/2023,7:30 AM,79,89,2,29.7,Clear,0,0,0,0,0,,,
7/2/2023,8:00 AM,81,84,3,29.73,Clear,0,0,0,0,0,,,
7/2/2023,8:30 AM,84,74,0,29.73,Clear,0,0,0,0,0,,,
7/2/2023,9:00 AM,84,74,0,29.73,Clear,0,0,0,0,0,,,
7/2/2023,9:30 AM,84,79,6,29.76,Clear,0,0,0,0,0,,,
7/2/2023,10:00 AM,84,74,5,29.76,Clear,0,0,0,0,0,,,
7/2/2023,10:30 AM,86,74,2,29.76,Clear,0,0,0,0,0,,,
7/2/2023,11:00 AM,90,62,9,29.76,Clear,0,0,0,0,0,,,
7/2/2023,11:30 AM,90,55,9,29.73,Clear,0,0,0,0,0,,,
7/2/2023,12:00 PM,90,55,9,29.73,Clear,0,0,0,0,0,,,
7/2/2023,12:30 PM,90,55,12,29.73,Clear,0,0,0,0,0,,,
7/2/2023,1:00 PM,88,58,12,29.73,Clear,0,0,0,0,0,,,
7/2/2023,1:30 PM,91,52,8,29.7,Clear,0,0,0,0,0,,,
7/2/2023,2:00 PM,91,52,13,29.7,Clear,0,0,0,0,0,,,
7/2/2023,2:30 PM,91,52,8,29.67,Clear,0,0,0,0,0,,,
7/2/2023,3:00 PM,91,49,10,29.67,Clear,0,0,0,0,0,,,
7/2/2023,3:30 PM,91,49,9,29.67,Clear,0,0,0,0,0,,,
7/2/2023,4:00 PM,91,52,10,29.64,Clear,0,0,0,0,0,,,
7/2/2023,4:30 PM,91,52,7,29.64,Clear,0,0,0,0,0,,,
7/2/2023,5:00 PM,91,49,8,29.64,Clear,0,0,0,0,0,,,
7/2/2023,5:30 PM,91,46,7,29.67,Clear,0,0,0,0,0,,,
7/2/2023,6:00 PM,90,52,7,29.67,Clear,0,0,0,0,0,,,
7/2/2023,6:30 PM,88,58,5,29.67,Clear,0,0,0,0,0,,,
7/2/2023,7:00 PM,86,62,3,29.7,Clear,0,0,0,0,0,,,
7/2/2023,7:30 PM,84,66,3,29.7,Clear,0,0,0,0,0,,,
7/2/2023,8:00 PM,82,74,0,29.73,Clear,0,0,0,0,0,,,
7/2/2023,8:30 PM,82,74,0,29.73,Clear,0,0,0,0,0,,,
7/2/2023,9:00 PM,82,79,0,29.73,Clear,0,0,0,0,0,,,
7/2/2023,9:30 PM,82,79,0,29.76,Clear,0,0,0,0,0,,,
7/2/2023,10:00 PM,82,79,0,29.76,Clear,0,0,0,0,0,,,
7/2/2023,10:30 PM,81,89,0,29.76,Clear,0,0,0,0,0,,,
7/2/2023,11:00 PM,81,84,0,29.76,Clear,0,0,0,0,0,,,
7/2/2023,11:30 PM,79,89,0,29.79,Clear,0,0,0,0,0,,,
7/3/2023,12:00 AM,79,89,0,29.79,Clear,0,0,0,0,0,,,
7/3/2023,12:30 AM,79,89,0,29.76,Clear,0,0,0,0,0,,,
7/3/2023,1:00 AM,79,89,0,29.76,Clear,0,0,0,0,0,,,
7/3/2023,1:30 AM,77,94,0,29.73,Clear,0,0,0,0,0,,,
7/3/2023,2:00 AM,77,89,5,29.73,Clear,0,0,0,0,0,,,
7/3/2023,2:30 AM,77,89,5,29.73,Clear,0,0,0,0,0,,,
7/3/2023,3:00 AM,77,89,1,29.73,Clear,0,0,0,0,0,,,
7/3/2023,3:30 AM,77,94,2,29.73,Clear,0,0,0,0,0,,,
7/3/2023,4:00 AM,77,94,2,29.7,Clear,0,0,0,0,0,,,
7/3/2023,4:30 AM,77,94,2,29.7,Clear,0,0,0,0,0,,,
7/3/2023,5:00 AM,77,94,2,29.73,Clear,0,0,0,0,0,,,
7/3/2023,5:30 AM,77,94,0,29.73,Clear,0,0,0,0,0,,,
7/3/2023,6:00 AM,75,100,2,29.73,Clear,0,0,0,0,0,,,
7/3/2023,6:30 AM,75,100,0,29.73,Clear,0,0,0,0,0,,,
7/3/2023,7:00 AM,77,94,0,29.73,Clear,0,0,0,0,0,,,
7/3/2023,7:30 AM,81,84,0,29.73,Clear,0,0,0,0,0,,,
7/3/2023,8:00 AM,81,84,0,29.73,Clear,0,0,0,0,0,,,
7/3/2023,8:30 AM,82,84,2,29.76,Clear,0,0,0,0,0,,,
7/3/2023,9:00 AM,84,79,2,29.76,Clear,0,0,0,0,0,,,
7/3/2023,9:30 AM,88,70,3,29.76,Clear,0,0,0,0,0,,,
7/3/2023,10:00 AM,88,62,3,29.76,Clear,0,0,0,0,0,,,
7/3/2023,10:30 AM,90,62,0,29.76,Clear,0,0,0,0,0,,,
7/3/2023,11:00 AM,90,59,2,29.76,Clear,0,0,0,0,0,,,
7/3/2023,11:30 AM,91,55,2,29.73,Clear,0,0,0,0,0,,,
7/3/2023,12:00 PM,91,52,3,29.73,Clear,0,0,0,0,0,,,
7/3/2023,12:30 PM,91,55,3,29.73,Clear,0,0,0,0,0,,,
7/3/2023,1:00 PM,91,55,5,29.7,Clear,0,0,0,0,0,,,
7/3/2023,1:30 PM,91,55,0,29.7,Clear,0,0,0,0,0,,,
7/3/2023,2:00 PM,93,52,5,29.67,Clear,0,0,0,0,0,,,
7/3/2023,2:30 PM,93,49,3,29.67,Clear,0,0,0,0,0,,,
7/3/2023,3:00 PM,93,52,3,29.64,Clear,0,0,0,0,0,,,
7/3/2023,3:30 PM,93,52,6,29.64,Clear,0,0,0,0,0,,,
7/3/2023,4:00 PM,93,52,6,29.64,Clear,0,0,0,0,0,,,
7/3/2023,4:30 PM,91,55,5,29.64,Clear,0,0,0,0,0,,,
7/3/2023,5:00 PM,91,55,5,29.64,Clear,0,0,0,0,0,,,
7/3/2023,5:30 PM,90,66,6,29.64,Clear,0,0,0,0,0,,,
7/3/2023,6:00 PM,88,66,7,29.64,Clear,0,0,0,0,0,,,
7/3/2023,6:30 PM,88,70,5,29.64,Clear,0,0,0,0,0,,,
7/3/2023,7:00 PM,86,70,5,29.64,Clear,0,0,0,0,0,,,
7/3/2023,7:30 PM,86,74,6,29.67,Clear,0,0,0,0,0,,,
7/3/2023,8:00 PM,84,79,6,29.67,Clear,0,0,0,0,0,,,
7/3/2023,8:30 PM,82,79,3,29.7,Clear,0,0,0,0,0,,,
7/3/2023,9:00 PM,82,79,0,29.73,Clear,0,0,0,0,0,,,
7/3/2023,9:30 PM,82,84,0,29.73,Clear,0,0,0,0,0,,,
7/3/2023,10:00 PM,82,84,0,29.73,Clear,0,0,0,0,0,,,
7/3/2023,10:30 PM,82,84,0,29.76,Clear,0,0,0,0,0,,,
7/3/2023,11:00 PM,82,84,0,29.76,Clear,0,0,0,0,0,,,
7/3/2023,11:30 PM,81,89,3,29.76,Clear,0,0,0,0,0,,,
7/4/2023,12:00 AM,81,89,2,29.76,Clear,0,0,0,0,0,,,
7/4/2023,12:30 AM,81,89,2,29.73,Clear,0,0,0,0,0,,,
7/4/2023,1:00 AM,81,89,5,29.73,Clear,0,0,0,0,0,,,
7/4/2023,1:30 AM,81,89,5,29.73,Clear,0,0,0,0,0,,,
7/4/2023,2:00 AM,79,94,5,29.73,Clear,0,0,0,0,0,,,
7/4/2023,2:30 AM,79,89,5,29.73,Clear,0,0,0,0,0,,,
7/4/2023,3:00 AM,79,89,3,29.7,Clear,0,0,0,0,0,,,
7/4/2023,3:30 AM,79,89,0,29.7,Clear,0,0,0,0,0,,,
7/4/2023,4:00 AM,79,89,3,29.7,Clear,0,0,0,0,0,,,
7/4/2023,4:30 AM,79,89,2,29.7,Clear,0,0,0,0,0,,,
7/4/2023,5:00 AM,79,89,0,29.7,Clear,0,0,0,0,0,,,
7/4/2023,5:30 AM,77,94,0,29.7,Clear,0,0,0,0,0,,,
7/4/2023,6:00 AM,77,100,0,29.7,Clear,0,0,0,0,0,,,
7/4/2023,6:30 AM,77,100,0,29.7,Clear,0,0,0,0,0,,,
7/4/2023,7:00 AM,79,94,0,29.7,Clear,0,0,0,0,0,,,
7/4/2023,7:30 AM,81,89,2,29.73,Clear,0,0,0,0,0,,,
7/4/2023,8:00 AM,82,84,1,29.73,Clear,0,0,0,0,0,,,
7/4/2023,8:30 AM,84,79,2,29.73,Clear,0,0,0,0,0,,,
7/4/2023,9:00 AM,86,74,3,29.73,Clear,0,0,0,0,0,,,
7/4/2023,9:30 AM,86,74,3,29.73,Clear,0,0,0,0,0,,,
7/4/2023,10:00 AM,88,70,0,29.73,Clear,0,0,0,0,0,,,
7/4/2023,10:30 AM,90,66,3,29.73,Clear,0,0,0,0,0,,,
7/4/2023,11:00 AM,90,62,2,29.73,Clear,0,0,0,0,0,,,
7/4/2023,11:30 AM,91,59,3,29.7,Clear,0,0,0,0,0,,,
7/4/2023,12:00 PM,91,59,3,29.7,Clear,0,0,0,0,0,,,
7/4/2023,12:30 PM,93,56,6,29.67,Rain,0,0,0,0,0,,,
7/4/2023,1:00 PM,93,56,2,29.67,Clear,0,0,0,0,0,,,
7/4/2023,1:30 PM,91,55,3,29.67,Clear,0,0,0,0,0,,,
7/4/2023,2:00 PM,90,59,10,29.67,Rain,0,0,0,0,0,,,
7/4/2023,2:30 PM,88,66,10,29.64,Rain,0,0,0,0,0,,,
7/4/2023,3:00 PM,88,70,8,29.64,Rain,0,0,0,0,0,,,
7/4/2023,3:30 PM,88,70,5,29.64,Rain,0,0,0,0,0,,,
7/4/2023,4:00 PM,90,66,6,29.61,Clear,0,0,0,0,0,,,
7/4/2023,4:30 PM,90,62,7,29.61,Clear,0,0,0,0,0,,,
7/4/2023,5:00 PM,91,59,7,29.61,Clear,0,0,0,0,0,,,
7/4/2023,5:30 PM,90,66,9,29.61,Clear,0,0,0,0,0,,,
7/4/2023,6:00 PM,90,66,6,29.64,Clear,0,0,0,0,0,,,
7/4/2023,6:30 PM,88,66,6,29.64,Clear,0,0,0,0,0,,,
7/4/2023,7:00 PM,86,70,5,29.64,Clear,0,0,0,0,0,,,
7/4/2023,7:30 PM,86,74,6,29.67,Clear,0,0,0,0,0,,,
7/4/2023,8:00 PM,84,79,5,29.67,Clear,0,0,0,0,0,,,
7/4/2023,8:30 PM,84,79,7,29.7,Clear,0,0,0,0,0,,,
7/4/2023,9:00 PM,82,84,3,29.7,Clear,0,0,0,0,0,,,
7/4/2023,9:30 PM,82,84,3,29.73,Clear,0,0,0,0,0,,,
7/4/2023,10:00 PM,82,89,0,29.73,Clear,0,0,0,0,0,,,
7/4/2023,10:30 PM,82,84,1,29.73,Clear,0,0,0,0,0,,,
7/4/2023,11:00 PM,81,89,3,29.73,Clear,0,0,0,0,0,,,
7/4/2023,11:30 PM,81,94,3,29.73,Clear,0,0,0,0,0,,,
7/5/2023,12:00 AM,81,94,5,29.73,Clear,0,0,0,0,0,,,
7/5/2023,12:30 AM,81,89,1,29.73,Clear,0,0,0,0,0,,,
7/5/2023,1:00 AM,81,89,0,29.7,Clear,0,0,0,0,0,,,
7/5/2023,1:30 AM,81,89,0,29.7,Clear,0,0,0,0,0,,,
7/5/2023,2:00 AM,79,94,0,29.7,Clear,0,0,0,0,0,,,
7/5/2023,2:30 AM,79,94,0,29.7,Clear,0,0,0,0,0,,,
7/5/2023,3:00 AM,79,94,0,29.7,Clear,0,0,0,0,0,,,
7/5/2023,3:30 AM,79,94,0,29.67,Clear,0,0,0,0,0,,,
7/5/2023,4:00 AM,79,94,0,29.67,Clear,0,0,0,0,0,,,
7/5/2023,4:30 AM,79,94,0,29.67,Clear,0,0,0,0,0,,,
7/5/2023,5:00 AM,79,94,0,29.67,Clear,0,0,0,0,0,,,
7/5/2023,5:30 AM,79,94,0,29.67,Clear,0,0,0,0,0,,,
7/5/2023,6:00 AM,79,94,0,29.67,Clear,0,0,0,0,0,,,
7/5/2023,6:30 AM,79,94,0,29.67,Clear,0,0,0,0,0,,,
7/5/2023,7:00 AM,79,94,0,29.7,Clear,0,0,0,0,0,,,
7/5/2023,7:30 AM,81,89,0,29.7,Clear,0,0,0,0,0,,,
7/5/2023,8:00 AM,84,84,0,29.7,Clear,0,0,0,0,0,,,
7/5/2023,8:30 AM,86,79,0,29.7,Clear,0,0,0,0,0,,,
7/5/2023,9:00 AM,86,74,0,29.73,Clear,0,0,0,0,0,,,
7/5/2023,9:30 AM,86,74,0,29.73,Clear,0,0,0,0,0,,,
7/5/2023,10:00 AM,90,62,0,29.73,Clear,0,0,0,0,0,,,
7/5/2023,10:30 AM,88,66,5,29.73,Clear,0,0,0,0,0,,,
7/5/2023,11:00 AM,90,66,6,29.73,Clear,0,0,0,0,0,,,
7/5/2023,11:30 AM,90,62,2,29.7,Clear,0,0,0,0,0,,,
7/5/2023,12:00 PM,90,62,3,29.7,Clear,0,0,0,0,0,,,
7/5/2023,12:30 PM,91,52,6,29.7,Clear,0,0,0,0,0,,,
7/5/2023,1:00 PM,93,52,6,29.7,Clear,0,0,0,0,0,,,
7/5/2023,1:30 PM,93,52,2,29.67,Clear,0,0,0,0,0,,,
7/5/2023,2:00 PM,93,49,6,29.67,Clear,0,0,0,0,0,,,
7/5/2023,2:30 PM,95,47,6,29.67,Clear,0,0,0,0,0,,,
7/5/2023,3:00 PM,93,52,10,29.64,Clear,0,0,0,0,0,,,
7/5/2023,3:30 PM,93,52,9,29.64,Clear,0,0,0,0,0,,,
7/5/2023,4:00 PM,93,52,7,29.61,Clear,0,0,0,0,0,,,
7/5/2023,4:30 PM,93,56,8,29.61,Clear,0,0,0,0,0,,,
7/5/2023,5:00 PM,91,55,8,29.61,Clear,0,0,0,0,0,,,
7/5/2023,5:30 PM,90,59,7,29.61,Rain,0,0,0,0,0,,,
7/5/2023,6:00 PM,90,59,6,29.64,Rain,0,0,0,0,0,,,
7/5/2023,6:30 PM,88,66,5,29.64,Rain,0,0,0,0,0,,,
7/5/2023,7:00 PM,86,58,7,29.67,Clear,0,0,0,0,0,,,
7/5/2023,7:30 PM,84,66,2,29.67,Clear,0,0,0,0,0,,,
7/5/2023,8:00 PM,82,74,6,29.67,Clear,0,0,0,0,0,,,
7/5/2023,8:30 PM,81,79,3,29.7,Clear,0,0,0,0,0,,,
7/5/2023,9:00 PM,81,79,3,29.7,Clear,0,0,0,0,0,,,
7/5/2023,9:30 PM,81,79,0,29.73,Clear,0,0,0,0,0,,,
7/5/2023,10:00 PM,79,89,2,29.73,Clear,0,0,0,0,0,,,
7/5/2023,10:30 PM,79,83,3,29.73,Clear,0,0,0,0,0,,,
7/5/2023,11:00 PM,79,83,5,29.76,Clear,0,0,0,0,0,,,
7/5/2023,11:30 PM,79,83,0,29.76,Clear,0,0,0,0,0,,,
7/6/2023,12:00 AM,77,89,0,29.76,Clear,0,0,0,0,0,,,
7/6/2023,12:30 AM,77,89,0,29.76,Clear,0,0,0,0,0,,,
7/6/2023,1:00 AM,79,83,2,29.73,Clear,0,0,0,0,0,,,
7/6/2023,1:30 AM,77,89,2,29.73,Clear,0,0,0,0,0,,,
7/6/2023,2:00 AM,79,83,0,29.73,Clear,0,0,0,0,0,,,
7/6/2023,2:30 AM,79,83,0,29.73,Clear,0,0,0,0,0,,,
7/6/2023,3:00 AM,77,89,2,29.7,Clear,0,0,0,0,0,,,
7/6/2023,3:30 AM,77,89,0,29.7,Clear,0,0,0,0,0,,,
7/6/2023,4:00 AM,77,89,0,29.7,Clear,0,0,0,0,0,,,
7/6/2023,4:30 AM,77,89,0,29.7,Clear,0,0,0,0,0,,,
7/6/2023,5:00 AM,77,94,0,29.7,Clear,0,0,0,0,0,,,
7/6/2023,5:30 AM,77,94,0,29.7,Clear,0,0,0,0,0,,,
7/6/2023,6:00 AM,77,94,0,29.73,Clear,0,0,0,0,0,,,
7/6/2023,6:30 AM,77,94,0,29.73,Clear,0,0,0,0,0,,,
7/6/2023,7:00 AM,77,94,0,29.73,Clear,0,0,0,0,0,,,
7/6/2023,7:30 AM,79,89,0,29.73,Clear,0,0,0,0,0,,,
7/6/2023,8:00 AM,81,84,0,29.73,Clear,0,0,0,0,0,,,
7/6/2023,8:30 AM,82,84,0,29.73,Clear,0,0,0,0,0,,,
7/6/2023,9:00 AM,84,74,2,29.76,Clear,0,0,0,0,0,,,
7/6/2023,9:30 AM,86,66,5,29.76,Clear,0,0,0,0,0,,,
7/6/2023,10:00 AM,88,58,6,29.76,Clear,0,0,0,0,0,,,
7/6/2023,10:30 AM,90,55,5,29.76,Clear,0,0,0,0,0,,,
7/6/2023,11:00 AM,90,55,3,29.76,Clear,0,0,0,0,0,,,
7/6/2023,11:30 AM,91,55,2,29.76,Clear,0,0,0,0,0,,,
7/6/2023,12:00 PM,91,52,3,29.73,Clear,0,0,0,0,0,,,
7/6/2023,12:30 PM,91,55,2,29.73,Clear,0,0,0,0,0,,,
7/6/2023,1:00 PM,91,52,6,29.7,Clear,0,0,0,0,0,,,
7/6/2023,1:30 PM,93,52,6,29.7,Clear,0,0,0,0,0,,,
7/6/2023,2:00 PM,93,52,3,29.67,Clear,0,0,0,0,0,,,
7/6/2023,2:30 PM,95,47,3,29.67,Clear,0,0,0,0,0,,,
7/6/2023,3:00 PM,93,49,7,29.67,Clear,0,0,0,0,0,,,
7/6/2023,3:30 PM,95,49,9,29.67,Clear,0,0,0,0,0,,,
7/6/2023,4:00 PM,95,49,7,29.64,Clear,0,0,0,0,0,,,
7/6/2023,4:30 PM,93,52,7,29.64,Clear,0,0,0,0,0,,,
7/6/2023,5:00 PM,91,55,8,29.64,Clear,0,0,0,0,0,,,
7/6/2023,5:30 PM,91,55,10,29.64,Clear,0,0,0,0,0,,,
7/6/2023,6:00 PM,90,59,9,29.64,Clear,0,0,0,0,0,,,
7/6/2023,6:30 PM,88,62,7,29.67,Clear,0,0,0,0,0,,,
7/6/2023,7:00 PM,88,62,7,29.67,Clear,0,0,0,0,0,,,
7/6/2023,7:30 PM,86,66,3,29.7,Clear,0,0,0,0,0,,,
7/6/2023,8:00 PM,86,66,6,29.7,Clear,0,0,0,0,0,,,
7/6/2023,8:30 PM,84,70,2,29.73,Clear,0,0,0,0,0,,,
7/6/2023,9:00 PM,82,74,2,29.73,Clear,0,0,0,0,0,,,
7/6/2023,9:30 PM,82,79,2,29.73,Clear,0,0,0,0,0,,,
7/6/2023,10:00 PM,81,84,0,29.73,Clear,0,0,0,0,0,,,
7/6/2023,10:30 PM,81,84,0,29.76,Clear,0,0,0,0,0,,,
7/6/2023,11:00 PM,81,84,0,29.76,Clear,0,0,0,0,0,,,
7/6/2023,11:30 PM,81,84,0,29.76,Clear,0,0,0,0,0,,,
7/7/2023,12:00 AM,81,84,0,29.76,Clear,0,0,0,0,0,,,
7/7/2023,12:30 AM,81,84,0,29.76,Clear,0,0,0,0,0,,,
7/7/2023,1:00 AM,79,89,0,29.76,Clear,0,0,0,0,0,,,
7/7/2023,1:30 AM,79,89,0,29.73,Clear,0,0,0,0,0,,,
7/7/2023,2:00 AM,79,89,0,29.73,Clear,0,0,0,0,0,,,
7/7/2023,2:30 AM,79,89,2,29.73,Clear,0,0,0,0,0,,,
7/7/2023,3:00 AM,79,89,0,29.73,Clear,0,0,0,0,0,,,
7/7/2023,3:30 AM,77,94,0,29.73,Clear,0,0,0,0,0,,,
7/7/2023,4:00 AM,77,94,3,29.73,Clear,0,0,0,0,0,,,
7/7/2023,4:30 AM,77,94,2,29.7,Clear,0,0,0,0,0,,,
7/7/2023,5:00 AM,77,94,3,29.7,Clear,0,0,0,0,0,,,
7/7/2023,5:30 AM,77,94,2,29.7,Clear,0,0,0,0,0,,,
7/7/2023,6:00 AM,77,94,0,29.7,Clear,0,0,0,0,0,,,
7/7/2023,6:30 AM,77,94,0,29.7,Clear,0,0,0,0,0,,,
7/7/2023,7:00 AM,79,89,0,29.73,Clear,0,0,0,0,0,,,
7/7/2023,7:30 AM,81,84,2,29.73,Clear,0,0,0,0,0,,,
7/7/2023,8:00 AM,82,84,2,29.73,Clear,0,0,0,0,0,,,
7/7/2023,8:30 AM,84,74,2,29.76,Clear,0,0,0,0,0,,,
7/7/2023,9:00 AM,86,70,2,29.76,Clear,0,0,0,0,0,,,
7/7/2023,9:30 AM,88,62,2,29.73,Clear,0,0,0,0,0,,,
7/7/2023,10:00 AM,90,62,3,29.76,Clear,0,0,0,0,0,,,
7/7/2023,10:30 AM,91,59,5,29.76,Clear,0,0,0,0,0,,,
7/7/2023,11:00 AM,90,59,5,29.73,Clear,0,0,0,0,0,,,
7/7/2023,11:30 AM,91,59,5,29.73,Clear,0,0,0,0,0,,,
7/7/2023,12:00 PM,93,52,6,29.73,Clear,0,0,0,0,0,,,
7/7/2023,12:30 PM,93,56,5,29.7,Clear,0,0,0,0,0,,,
7/7/2023,1:00 PM,91,55,8,29.7,Clear,0,0,0,0,0,,,
7/7/2023,1:30 PM,90,66,9,29.67,Rain,0,0,0,0,0,,,
7/7/2023,2:00 PM,91,59,8,29.67,Rain,0,0,0,0,0,,,
7/7/2023,2:30 PM,91,59,12,29.67,Rain,0,0,0,0,0,,,
7/7/2023,3:00 PM,88,66,12,29.64,Rain,0,0,0,0,0,,,
7/7/2023,3:30 PM,86,70,9,29.64,Clear,0,0,0,0,0,,,
7/7/2023,4:00 PM,86,70,7,29.64,Rain,0,0,0,0,0,,,
7/7/2023,4:30 PM,84,74,6,29.64,Clear,0,0,0,0,0,,,
7/7/2023,5:00 PM,84,79,5,29.67,Rain,0,0,0,0,0,,,
7/7/2023,5:30 PM,84,74,2,29.64,Clear,0,0,0,0,0,,,
7/7/2023,6:00 PM,84,74,0,29.67,Clear,0,0,0,0,0,,,
7/7/2023,6:30 PM,82,79,2,29.67,Clear,0,0,0,0,0,,,
7/7/2023,7:00 PM,82,84,5,29.67,Clear,0,0,0,0,0,,,
7/7/2023,7:30 PM,82,84,5,29.67,Clear,0,0,0,0,0,,,
7/7/2023,8:00 PM,81,89,3,29.7,Clear,0,0,0,0,0,,,
7/7/2023,8:30 PM,81,89,3,29.7,Clear,0,0,0,0,0,,,
7/7/2023,9:00 PM,81,89,5,29.73,Clear,0,0,0,0,0,,,
7/7/2023,9:30 PM,81,89,3,29.73,Clear,0,0,0,0,0,,,
7/7/2023,10:00 PM,81,89,3,29.76,Clear,0,0,0,0,0,,,
7/7/2023,10:30 PM,81,89,2,29.76,Clear,0,0,0,0,0,,,
7/7/2023,11:00 PM,81,89,3,29.76,Clear,0,0,0,0,0,,,
7/7/2023,11:30 PM,81,89,2,29.76,Clear,0,0,0,0,0,,,
7/8/2023,12:00 AM,81,89,2,29.76,Clear,0,0,0,0,0,,,
7/8/2023,12:30 AM,81,89,2,29.73,Clear,0,0,0,0,0,,,
7/8/2023,1:00 AM,81,89,2,29.73,Clear,0,0,0,0,0,,,
7/8/2023,1:30 AM,81,89,3,29.73,Clear,0,0,0,0,0,,,
7/8/2023,2:00 AM,79,94,2,29.73,Clear,0,0,0,0,0,,,
7/8/2023,2:30 AM,79,94,3,29.7,Clear,0,0,0,0,0,,,
7/8/2023,3:00 AM,79,94,3,29.7,Clear,0,0,0,0,0,,,
7/8/2023,3:30 AM,79,94,3,29.7,Clear,0,0,0,0,0,,,
7/8/2023,4:00 AM,81,89,3,29.7,Clear,0,0,0,0,0,,,
7/8/2023,4:30 AM,81,89,5,29.7,Clear,0,0,0,0,0,,,
7/8/2023,5:00 AM,81,84,6,29.7,Clear,0,0,0,0,0,,,
7/8/2023,5:30 AM,79,89,6,29.7,Clear,0,0,0,0,0,,,
7/8/2023,6:00 AM,79,89,5,29.7,Clear,0,0,0,0,0,,,
7/8/2023,6:30 AM,79,89,5,29.73,Clear,0,0,0,0,0,,,
7/8/2023,7:00 AM,81,89,3,29.73,Clear,0,0,0,0,0,,,
7/8/2023,7:30 AM,82,84,5,29.73,Clear,0,0,0,0,0,,,
7/8/2023,8:00 AM,84,79,6,29.73,Clear,0,0,0,0,0,,,
7/8/2023,8:30 AM,84,79,6,29.73,Clear,0,0,0,0,0,,,
7/8/2023,9:00 AM,86,74,8,29.73,Clear,0,0,0,0,0,,,
7/8/2023,9:30 AM,88,66,13,29.73,Clear,0,0,0,0,0,,,
7/8/2023,10:00 AM,90,62,10,29.73,Clear,0,0,0,0,0,,,
7/8/2023,10:30 AM,90,62,12,29.73,Clear,0,0,0,0,0,,,
7/8/2023,11:00 AM,91,55,12,29.73,Clear,0,0,0,0,0,,,
7/8/2023,11:30 AM,91,55,9,29.73,Clear,0,0,0,0,0,,,
7/8/2023,12:00 PM,91,59,8,29.7,Clear,0,0,0,0,0,,,
7/8/2023,12:30 PM,91,59,10,29.7,Clear,0,0,0,0,0,,,
7/8/2023,1:00 PM,93,56,7,29.7,Clear,0,0,0,0,0,,,
7/8/2023,1:30 PM,90,62,9,29.67,Clear,0,0,0,0,0,,,
7/8/2023,2:00 PM,90,66,13,29.64,Clear,0,0,0,0,0,,,
7/8/2023,2:30 PM,90,62,10,29.64,Rain,0,0,0,0,0,,,
7/8/2023,3:00 PM,90,62,9,29.64,Rain,0,0,0,0,0,,,
7/8/2023,3:30 PM,88,62,12,29.64,Rain,0,0,0,0,0,,,
7/8/2023,4:00 PM,82,79,10,29.64,Rain,0,0,0,0,0,,,
7/8/2023,4:30 PM,84,74,8,29.64,Rain,0,0,0,0,0,,,
7/8/2023,5:00 PM,81,84,3,29.64,Clear,0,0,0,0,0,,,
7/8/2023,5:30 PM,82,79,5,29.67,Clear,0,0,0,0,0,,,
7/8/2023,6:00 PM,82,79,2,29.67,Clear,0,0,0,0,0,,,
7/8/2023,6:30 PM,81,84,2,29.67,Clear,0,0,0,0,0,,,
7/8/2023,7:00 PM,81,84,3,29.67,Clear,0,0,0,0,0,,,
7/8/2023,7:30 PM,81,84,3,29.7,Clear,0,0,0,0,0,,,
7/8/2023,8:00 PM,79,83,5,29.7,Clear,0,0,0,0,0,,,
7/8/2023,8:30 PM,81,79,3,29.7,Clear,0,0,0,0,0,,,
7/8/2023,9:00 PM,81,84,3,29.7,Clear,0,0,0,0,0,,,
7/8/2023,9:30 PM,79,89,6,29.73,Rain,0,0,0,0,0,,,
7/8/2023,10:00 PM,79,89,3,29.73,Rain,0,0,0,0,0,,,
7/8/2023,10:30 PM,79,89,6,29.76,Clear,0,0,0,0,0,,,
7/8/2023,11:00 PM,79,89,5,29.76,Clear,0,0,0,0,0,,,
7/8/2023,11:30 PM,79,89,3,29.76,Clear,0,0,0,0,0,,,
7/9/2023,12:00 AM,79,89,5,29.73,Clear,0,0,0,0,0,,,
7/9/2023,12:30 AM,79,89,5,29.73,Clear,0,0,0,0,0,,,
7/9/2023,1:00 AM,79,89,6,29.73,Clear,0,0,0,0,0,,,
7/9/2023,1:30 AM,79,89,7,29.7,Clear,0,0,0,0,0,,,
7/9/2023,2:00 AM,79,89,7,29.7,Clear,0,0,0,0,0,,,
7/9/2023,2:30 AM,79,89,8,29.7,Clear,0,0,0,0,0,,,
7/9/2023,3:00 AM,77,94,9,29.7,Clear,0,0,0,0,0,,,
7/9/2023,3:30 AM,75,94,10,29.7,Rain,0,0,0,0,0,,,
7/9/2023,4:00 AM,75,100,6,29.7,Rain,0,0,0,0,0,,,
7/9/2023,4:30 AM,75,100,6,29.7,Rain,0,0,0,0,0,,,
7/9/2023,5:00 AM,75,94,2,29.73,Clear,0,0,0,0,0,,,
7/9/2023,5:30 AM,75,94,2,29.73,Clear,0,0,0,0,0,,,
7/9/2023,6:00 AM,75,100,5,29.73,Rain,0,0,0,0,0,,,
7/9/2023,6:30 AM,75,100,3,29.73,Rain,0,0,0,0,0,,,
7/9/2023,7:00 AM,75,94,0,29.76,Rain,0,0,0,0,0,,,
7/9/2023,7:30 AM,75,100,2,29.76,Rain,0,0,0,0,0,,,
7/9/2023,8:00 AM,75,100,3,29.76,Rain,0,0,0,0,0,,,
7/9/2023,8:30 AM,77,94,3,29.76,Rain,0,0,0,0,0,,,
7/9/2023,9:00 AM,77,94,5,29.76,Rain,0,0,0,0,0,,,
7/9/2023,9:30 AM,77,94,7,29.76,Clear,0,0,0,0,0,,,
7/9/2023,10:00 AM,79,89,7,29.76,Clear,0,0,0,0,0,,,
7/9/2023,10:30 AM,79,89,7,29.73,Clear,0,0,0,0,0,,,
7/9/2023,11:00 AM,81,84,6,29.73,Clear,0,0,0,0,0,,,
7/9/2023,11:30 AM,82,79,7,29.7,Clear,0,0,0,0,0,,,
7/9/2023,12:00 PM,84,74,8,29.7,Clear,0,0,0,0,0,,,
7/9/2023,12:30 PM,84,70,12,29.67,Clear,0,0,0,0,0,,,
7/9/2023,1:00 PM,84,70,10,29.7,Clear,0,0,0,0,0,,,
7/9/2023,1:30 PM,84,70,10,29.67,Clear,0,0,0,0,0,,,
7/9/2023,2:00 PM,86,66,9,29.67,Clear,0,0,0,0,0,,,
7/9/2023,2:30 PM,86,66,9,29.67,Clear,0,0,0,0,0,,,
7/9/2023,3:00 PM,88,58,10,29.64,Clear,0,0,0,0,0,,,
7/9/2023,3:30 PM,86,66,9,29.64,Clear,0,0,0,0,0,,,
7/9/2023,4:00 PM,86,66,12,29.64,Clear,0,0,0,0,0,,,
7/9/2023,4:30 PM,88,62,9,29.64,Clear,0,0,0,0,0,,,
7/9/2023,5:00 PM,88,58,12,29.64,Clear,0,0,0,0,0,,,
7/9/2023,5:30 PM,86,62,7,29.64,Clear,0,0,0,0,0,,,
7/9/2023,6:00 PM,86,62,6,29.67,Clear,0,0,0,0,0,,,
7/9/2023,6:30 PM,84,66,7,29.67,Clear,0,0,0,0,0,,,
7/9/2023,7:00 PM,82,70,6,29.67,Clear,0,0,0,0,0,,,
7/9/2023,7:30 PM,81,79,5,29.67,Clear,0,0,0,0,0,,,
7/9/2023,8:00 PM,81,79,2,29.7,Clear,0,0,0,0,0,,,
7/9/2023,8:30 PM,81,79,5,29.7,Clear,0,0,0,0,0,,,
7/9/2023,9:00 PM,81,79,6,29.7,Clear,0,0,0,0,0,,,
7/9/2023,9:30 PM,79,83,2,29.73,Clear,0,0,0,0,0,,,
7/9/2023,10:00 PM,79,83,3,29.73,Clear,0,0,0,0,0,,,
7/9/2023,10:30 PM,79,83,2,29.73,Clear,0,0,0,0,0,,,
7/9/2023,11:00 PM,77,89,0,29.73,Clear,0,0,0,0,0,,,
7/9/2023,11:30 PM,77,89,3,29.73,Clear,0,0,0,0,0,,,
7/10/2023,12:00 AM,77,94,2,29.73,Clear,0,0,0,0,0,,,
7/10/2023,12:30 AM,77,89,2,29.73,Clear,0,0,0,0,0,,,
7/10/2023,1:00 AM,77,94,0,29.73,Clear,0,0,0,0,0,,,
7/10/2023,1:30 AM,77,89,2,29.7,Clear,0,0,0,0,0,,,
7/10/2023,2:00 AM,77,89,2,29.7,Clear,0,0,0,0,0,,,
7/10/2023,2:30 AM,77,94,0,29.7,Clear,0,0,0,0,0,,,
7/10/2023,3:00 AM,77,89,0,29.7,Clear,0,0,0,0,0,,,
7/10/2023,3:30 AM,77,94,0,29.67,Clear,0,0,0,0,0,,,
7/10/2023,4:00 AM,77,94,0,29.67,Clear,0,0,0,0,0,,,
7/10/2023,4:30 AM,77,94,0,29.67,Clear,0,0,0,0,0,,,
7/10/2023,5:00 AM,77,94,0,29.67,Clear,0,0,0,0,0,,,
7/10/2023,5:30 AM,75,94,0,29.7,Clear,0,0,0,0,0,,,
7/10/2023,6:00 AM,75,100,0,29.7,Clear,0,0,0,0,0,,,
7/10/2023,6:30 AM,77,94,0,29.7,Clear,0,0,0,0,0,,,
7/10/2023,7:00 AM,77,94,0,29.7,Clear,0,0,0,0,0,,,
7/10/2023,7:30 AM,79,89,2,29.73,Clear,0,0,0,0,0,,,
7/10/2023,8:00 AM,81,84,3,29.73,Clear,0,0,0,0,0,,,
7/10/2023,8:30 AM,81,84,2,29.73,Clear,0,0,0,0,0,,,
7/10/2023,9:00 AM,82,79,2,29.73,Clear,0,0,0,0,0,,,
7/10/2023,9:30 AM,84,74,2,29.73,Clear,0,0,0,0,0,,,
7/10/2023,10:00 AM,84,79,3,29.73,Clear,0,0,0,0,0,,,
7/10/2023,10:30 AM,88,70,2,29.73,Clear,0,0,0,0,0,,,
7/10/2023,11:00 AM,88,62,5,29.73,Clear,0,0,0,0,0,,,
7/10/2023,11:30 AM,90,62,3,29.7,Clear,0,0,0,0,0,,,
7/10/2023,12:00 PM,90,59,2,29.7,Clear,0,0,0,0,0,,,
7/10/2023,12:30 PM,91,55,3,29.67,Clear,0,0,0,0,0,,,
7/10/2023,1:00 PM,90,59,7,29.67,Clear,0,0,0,0,0,,,
7/10/2023,1:30 PM,91,55,3,29.67,Clear,0,0,0,0,0,,,
7/10/2023,2:00 PM,93,49,6,29.64,Clear,0,0,0,0,0,,,
7/10/2023,2:30 PM,91,55,5,29.64,Clear,0,0,0,0,0,,,
7/10/2023,3:00 PM,93,52,3,29.64,Clear,0,0,0,0,0,,,
7/10/2023,3:30 PM,91,55,6,29.61,Clear,0,0,0,0,0,,,
7/10/2023,4:30 PM,88,70,5,29.61,Rain,0,0,0,0,0,,,
7/10/2023,5:00 PM,86,74,7,29.61,Clear,0,0,0,0,0,,,
7/10/2023,5:30 PM,88,75,5,29.61,Clear,0,0,0,0,0,,,
7/10/2023,6:00 PM,88,70,7,29.64,Clear,0,0,0,0,0,,,
7/10/2023,6:30 PM,86,74,5,29.64,Rain,0,0,0,0,0,,,
7/10/2023,7:00 PM,82,84,8,29.67,Clear,0,0,0,0,0,,,
7/10/2023,7:30 PM,82,84,5,29.7,Rain,0,0,0,0,0,,,
7/10/2023,8:00 PM,81,89,8,29.7,Rain,0,0,0,0,0,,,
7/10/2023,8:30 PM,79,94,6,29.73,Rain,0,0,0,0,0,,,
7/10/2023,9:00 PM,79,94,10,29.73,Rain,0,0,0,0,0,,,
7/10/2023,9:30 PM,77,94,3,29.76,Rain,0,0,0,0,0,,,
7/10/2023,10:00 PM,77,94,0,29.76,Rain,0,0,0,0,0,,,
7/10/2023,10:30 PM,77,94,1,29.76,Rain,0,0,0,0,0,,,
7/10/2023,11:00 PM,77,94,2,29.76,Rain,0,0,0,0,0,,,
7/10/2023,11:30 PM,77,94,2,29.76,Rain,0,0,0,0,0,,,
7/11/2023,12:00 AM,77,94,0,29.73,Rain,0,0,0,0,0,,,
7/11/2023,12:30 AM,77,94,0,29.73,Rain,0,0,0,0,0,,,
7/11/2023,1:00 AM,77,94,0,29.73,Clear,0,0,0,0,0,,,
7/11/2023,1:30 AM,77,94,0,29.7,Clear,0,0,0,0,0,,,
7/11/2023,2:00 AM,77,94,2,29.7,Clear,0,0,0,0,0,,,
7/11/2023,2:30 AM,77,94,2,29.7,Clear,0,0,0,0,0,,,
7/11/2023,3:00 AM,77,94,2,29.7,Clear,0,0,0,0,0,,,
7/11/2023,3:30 AM,77,94,2,29.7,Clear,0,0,0,0,0,,,
7/11/2023,4:00 AM,77,94,3,29.7,Clear,0,0,0,0,0,,,
7/11/2023,4:30 AM,75,100,0,29.7,Mist,0,0,0,0,0,,,
7/11/2023,5:00 AM,75,100,2,29.7,Mist,0,0,0,0,0,,,
7/11/2023,5:30 AM,75,100,6,29.73,Mist,0,0,0,0,0,,,
7/11/2023,6:00 AM,75,100,2,29.73,Clear,0,0,0,0,0,,,
7/11/2023,6:30 AM,75,100,0,29.73,Clear,0,0,0,0,0,,,
7/11/2023,7:00 AM,75,100,5,29.73,Mist,0,0,0,0,0,,,
7/11/2023,7:30 AM,77,100,3,29.76,Clear,0,0,0,0,0,,,
7/11/2023,8:00 AM,79,94,5,29.76,Clear,0,0,0,0,0,,,
7/11/2023,8:30 AM,81,89,6,29.76,Clear,0,0,0,0,0,,,
7/11/2023,9:00 AM,82,84,8,29.76,Clear,0,0,0,0,0,,,
7/11/2023,9:30 AM,82,79,7,29.76,Clear,0,0,0,0,0,,,
7/11/2023,10:00 AM,84,74,7,29.76,Clear,0,0,0,0,0,,,
7/11/2023,10:30 AM,86,70,8,29.76,Clear,0,0,0,0,0,,,
7/11/2023,11:00 AM,86,70,8,29.76,Clear,0,0,0,0,0,,,
7/11/2023,11:30 AM,88,66,7,29.73,Clear,0,0,0,0,0,,,
7/11/2023,12:00 PM,88,62,6,29.73,Clear,0,0,0,0,0,,,
7/11/2023,12:30 PM,90,62,8,29.7,Clear,0,0,0,0,0,,,
7/11/2023,1:00 PM,90,62,7,29.7,Clear,0,0,0,0,0,,,
7/11/2023,1:30 PM,90,62,7,29.7,Clear,0,0,0,0,0,,,
7/11/2023,2:00 PM,90,62,6,29.67,Clear,0,0,0,0,0,,,
7/11/2023,2:30 PM,84,79,8,29.67,Rain,0,0,0,0,0,,,
7/11/2023,3:00 PM,86,74,7,29.67,Clear,0,0,0,0,0,,,
7/11/2023,3:30 PM,90,62,1,29.64,Clear,0,0,0,0,0,,,
7/11/2023,4:00 PM,90,59,3,29.64,Clear,0,0,0,0,0,,,
7/11/2023,4:30 PM,90,59,9,29.64,Clear,0,0,0,0,0,,,
7/11/2023,5:00 PM,90,59,8,29.64,Clear,0,0,0,0,0,,,
7/11/2023,5:30 PM,90,59,10,29.64,Clear,0,0,0,0,0,,,
7/11/2023,6:00 PM,88,58,10,29.64,Clear,0,0,0,0,0,,,
7/11/2023,6:30 PM,88,55,7,29.64,Clear,0,0,0,0,0,,,
7/11/2023,7:00 PM,86,62,6,29.67,Clear,0,0,0,0,0,,,
7/11/2023,7:30 PM,86,58,5,29.67,Clear,0,0,0,0,0,,,
7/11/2023,8:00 PM,84,66,3,29.7,Clear,0,0,0,0,0,,,
7/11/2023,8:30 PM,82,70,3,29.7,Clear,0,0,0,0,0,,,
7/11/2023,9:00 PM,82,70,3,29.73,Clear,0,0,0,0,0,,,
7/11/2023,9:30 PM,81,74,2,29.73,Clear,0,0,0,0,0,,,
7/11/2023,10:00 PM,81,74,2,29.73,Clear,0,0,0,0,0,,,
7/11/2023,10:30 PM,81,74,0,29.73,Clear,0,0,0,0,0,,,
7/11/2023,11:00 PM,79,78,2,29.73,Clear,0,0,0,0,0,,,
7/11/2023,11:30 PM,79,78,3,29.73,Clear,0,0,0,0,0,,,
7/12/2023,12:00 AM,79,83,3,29.73,Clear,0,0,0,0,0,,,
7/12/2023,12:30 AM,79,83,3,29.73,Clear,0,0,0,0,0,,,
7/12/2023,1:00 AM,77,83,2,29.73,Clear,0,0,0,0,0,,,
7/12/2023,1:30 AM,77,89,2,29.73,Clear,0,0,0,0,0,,,
7/12/2023,2:00 AM,77,89,0,29.7,Clear,0,0,0,0,0,,,
7/12/2023,2:30 AM,77,89,0,29.7,Clear,0,0,0,0,0,,,
7/12/2023,3:00 AM,77,89,0,29.7,Clear,0,0,0,0,0,,,
7/12/2023,3:30 AM,77,89,0,29.7,Clear,0,0,0,0,0,,,
7/12/2023,4:00 AM,77,89,0,29.7,Clear,0,0,0,0,0,,,
7/12/2023,4:30 AM,77,89,0,29.7,Clear,0,0,0,0,0,,,
7/12/2023,5:00 AM,75,94,3,29.7,Clear,0,0,0,0,0,,,
7/12/2023,5:30 AM,77,94,2,29.7,Clear,0,0,0,0,0,,,
7/12/2023,6:00 AM,77,94,0,29.7,Clear,0,0,0,0,0,,,
7/12/2023,6:30 AM,77,94,2,29.73,Clear,0,0,0,0,0,,,
7/12/2023,7:00 AM,77,94,2,29.73,Clear,0,0,0,0,0,,,
7/12/2023,7:30 AM,77,94,2,29.73,Clear,0,0,0,0,0,,,
7/12/2023,8:00 AM,79,89,3,29.73,Clear,0,0,0,0,0,,,
7/12/2023,8:30 AM,79,94,3,29.73,Clear,0,0,0,0,0,,,
7/12/2023,9:00 AM,84,79,3,29.76,Clear,0,0,0,0,0,,,
7/12/2023,9:30 AM,86,70,3,29.76,Clear,0,0,0,0,0,,,
7/12/2023,10:00 AM,88,62,3,29.76,Clear,0,0,0,0,0,,,
7/12/2023,10:30 AM,88,62,3,29.76,Clear,0,0,0,0,0,,,
7/12/2023,11:00 AM,91,55,2,29.73,Clear,0,0,0,0,0,,,
7/12/2023,11:30 AM,91,59,3,29.73,Clear,0,0,0,0,0,,,
7/12/2023,12:00 PM,90,59,5,29.73,Clear,0,0,0,0,0,,,
7/12/2023,12:30 PM,90,59,2,29.73,Clear,0,0,0,0,0,,,
7/12/2023,1:00 PM,91,52,6,29.7,Clear,0,0,0,0,0,,,
7/12/2023,1:30 PM,91,52,2,29.7,Rain,0,0,0,0,0,,,
7/12/2023,2:00 PM,88,66,8,29.67,Rain,0,0,0,0,0,,,
7/12/2023,2:30 PM,91,55,8,29.67,Clear,0,0,0,0,0,,,
7/12/2023,3:00 PM,93,49,6,29.64,Clear,0,0,0,0,0,,,
7/12/2023,3:30 PM,95,47,3,29.64,Clear,0,0,0,0,0,,,
7/12/2023,4:00 PM,93,49,7,29.64,Clear,0,0,0,0,0,,,
7/12/2023,4:30 PM,93,56,6,29.64,Rain,0,0,0,0,0,,,
7/12/2023,5:00 PM,91,52,3,29.64,Rain,0,0,0,0,0,,,
7/12/2023,5:30 PM,90,59,6,29.64,Rain,0,0,0,0,0,,,
7/12/2023,6:00 PM,88,66,6,29.64,Clear,0,0,0,0,0,,,
7/12/2023,6:30 PM,88,66,2,29.67,Clear,0,0,0,0,0,,,
7/12/2023,7:00 PM,86,74,5,29.67,Clear,0,0,0,0,0,,,
7/12/2023,7:30 PM,82,79,8,29.7,Rain,0,0,0,0,0,,,
7/12/2023,8:00 PM,81,89,3,29.7,Rain,0,0,0,0,0,,,
7/12/2023,8:30 PM,81,89,3,29.73,Clear,0,0,0,0,0,,,
7/12/2023,9:00 PM,81,89,3,29.73,Clear,0,0,0,0,0,,,
7/12/2023,9:30 PM,79,94,3,29.73,Clear,0,0,0,0,0,,,
7/12/2023,10:00 PM,79,94,0,29.73,Clear,0,0,0,0,0,,,
7/12/2023,10:30 PM,79,89,0,29.76,Clear,0,0,0,0,0,,,
7/12/2023,11:00 PM,79,94,0,29.76,Clear,0,0,0,0,0,,,
7/12/2023,11:30 PM,79,94,0,29.76,Clear,0,0,0,0,0,,,
07/13/2023,12:00 AM,79,94,0,29.76,Clear,0,0,0,0,0,,,
07/13/2023,12:30 AM,79,89,0,29.76,Clear,0,0,0,0,0,,,
07/13/2023,1:00 AM,79,89,0,29.76,Clear,0,0,0,0,0,,,
07/13/2023,1:30 AM,79,89,0,29.73,Clear,0,0,0,0,0,,,
07/13/2023,2:00 AM,77,94,0,29.73,Clear,0,0,0,0,0,,,
07/13/2023,2:30 AM,79,89,0,29.73,Clear,0,0,0,0,0,,,
07/13/2023,3:00 AM,77,94,0,29.73,Clear,0,0,0,0,0,,,
07/13/2023,3:30 AM,77,94,0,29.73,Clear,0,0,0,0,0,,,
07/13/2023,4:00 AM,77,94,0,29.73,Clear,0,0,0,0,0,,,
07/13/2023,4:30 AM,79,89,0,29.73,Clear,0,0,0,0,0,,,
07/13/2023,5:00 AM,77,94,2,29.73,Clear,0,0,0,0,0,,,
07/13/2023,5:30 AM,77,94,2,29.73,Clear,0,0,0,0,0,,,
07/13/2023,6:00 AM,77,94,2,29.73,Clear,0,0,0,0,0,,,
07/13/2023,6:30 AM,77,94,2,29.73,Clear,0,0,0,0,0,,,
07/13/2023,7:00 AM,79,89,0,29.73,Clear,0,0,0,0,0,,,
07/13/2023,7:30 AM,81,89,1,29.76,Clear,0,0,0,0,0,,,
07/13/2023,8:00 AM,82,84,3,29.76,Clear,0,0,0,0,0,,,
07/13/2023,8:30 AM,84,79,5,29.76,Clear,0,0,0,0,0,,,
07/13/2023,9:00 AM,86,70,5,29.76,Clear,0,0,0,0,0,,,
07/13/2023,9:30 AM,86,70,5,29.79,Clear,0,0,0,0,0,,,
07/13/2023,10:00 AM,88,66,5,29.76,Clear,0,0,0,0,0,,,
07/13/2023,10:30 AM,90,59,9,29.76,Clear,0,0,0,0,0,,,
07/13/2023,11:00 AM,91,59,8,29.76,Clear,0,0,0,0,0,,,
07/13/2023,11:30 AM,91,55,8,29.76,Clear,0,0,0,0,0,,,
07/13/2023,12:00 PM,91,55,6,29.73,Clear,0,0,0,0,0,,,
07/13/2023,12:30 PM,90,59,15,29.73,Clear,0,0,0,0,0,,,
07/13/2023,1:00 PM,91,55,10,29.7,Clear,0,0,0,0,0,,,
07/13/2023,1:30 PM,91,52,10,29.7,Clear,0,0,0,0,0,,,
07/13/2023,2:00 PM,91,55,12,29.67,Clear,0,0,0,0,0,,,
07/13/2023,2:30 PM,90,62,13,29.67,Clear,0,0,0,0,0,,,
07/13/2023,3:00 PM,88,62,15,29.67,Clear,0,0,0,0,0,,,
07/13/2023,3:30 PM,88,62,10,29.64,Clear,0,0,0,0,0,,,
07/13/2023,4:00 PM,90,62,10,29.64,Clear,0,0,0,0,0,,,
07/13/2023,4:30 PM,88,62,10,29.64,Clear,0,0,0,0,0,,,
07/13/2023,5:00 PM,88,66,9,29.64,Clear,0,0,0,0,0,,,
07/13/2023,5:30 PM,88,66,9,29.67,Clear,0,0,0,0,0,,,
07/13/2023,6:00 PM,86,70,8,29.67,Clear,0,0,0,0,0,,,
07/13/2023,6:30 PM,86,70,8,29.67,Clear,0,0,0,0,0,,,
07/13/2023,7:00 PM,84,74,6,29.67,Clear,0,0,0,0,0,,,
07/13/2023,7:30 PM,84,70,6,29.7,Clear,0,0,0,0,0,,,
07/13/2023,8:00 PM,84,74,8,29.73,Clear,0,0,0,0,0,,,
07/13/2023,8:30 PM,82,79,7,29.73,Clear,0,0,0,0,0,,,
07/13/2023,9:00 PM,82,79,5,29.76,Clear,0,0,0,0,0,,,
07/13/2023,9:30 PM,82,79,3,29.79,Clear,0,0,0,0,0,,,
07/13/2023,10:00 PM,81,84,2,29.79,Clear,0,0,0,0,0,,,
07/13/2023,10:30 PM,81,84,2,29.79,Clear,0,0,0,0,0,,,
07/13/2023,11:00 PM,81,84,0,29.79,Clear,0,0,0,0,0,,,
07/13/2023,11:30 PM,81,84,3,29.79,Clear,0,0,0,0,0,,,
07/14/2023,12:00 AM,81,84,2,29.79,Clear,0,0,0,0,0,,,
07/14/2023,12:30 AM,81,84,0,29.76,Clear,0,0,0,0,0,,,
07/14/2023,1:00 AM,79,89,2,29.76,Clear,0,0,0,0,0,,,
07/14/2023,1:30 AM,79,89,2,29.76,Clear,0,0,0,0,0,,,
07/14/2023,2:00 AM,79,89,0,29.76,Clear,0,0,0,0,0,,,
07/14/2023,2:30 AM,79,89,0,29.76,Clear,0,0,0,0,0,,,
07/14/2023,3:00 AM,79,89,0,29.73,Clear,0,0,0,0,0,,,
07/14/2023,3:30 AM,79,89,0,29.73,Clear,0,0,0,0,0,,,
07/14/2023,4:00 AM,79,89,0,29.7,Clear,0,0,0,0,0,,,
07/14/2023,4:30 AM,79,89,0,29.7,Clear,0,0,0,0,0,,,
07/14/2023,5:00 AM,77,94,0,29.73,Clear,0,0,0,0,0,,,
07/14/2023,5:30 AM,77,94,0,29.73,Clear,0,0,0,0,0,,,
07/14/2023,6:00 AM,79,83,0,29.73,Clear,0,0,0,0,0,,,
07/14/2023,6:30 AM,77,94,2,29.73,Clear,0,0,0,0,0,,,
07/14/2023,7:00 AM,79,83,2,29.76,Clear,0,0,0,0,0,,,
07/14/2023,7:30 AM,81,84,0,29.76,Clear,0,0,0,0,0,,,
07/14/2023,8:00 AM,84,70,0,29.76,Clear,0,0,0,0,0,,,
07/14/2023,8:30 AM,84,70,2,29.76,Clear,0,0,0,0,0,,,
07/14/2023,9:00 AM,86,66,2,29.79,Clear,0,0,0,0,0,,,
07/14/2023,9:30 AM,88,58,6,29.79,Clear,0,0,0,0,0,,,
07/14/2023,10:00 AM,88,62,3,29.76,Clear,0,0,0,0,0,,,
07/14/2023,10:30 AM,90,59,6,29.76,Clear,0,0,0,0,0,,,
07/14/2023,11:00 AM,91,52,15,29.76,Clear,0,0,0,0,0,,,
07/14/2023,11:30 AM,91,52,15,29.76,Clear,0,0,0,0,0,,,
07/14/2023,12:00 PM,91,52,10,29.73,Clear,0,0,0,0,0,,,
07/14/2023,12:30 PM,93,46,10,29.73,Clear,0,0,0,0,0,,,
07/14/2023,1:00 PM,91,52,14,29.73,Clear,0,0,0,0,0,,,
07/14/2023,1:30 PM,91,52,14,29.7,Clear,0,0,0,0,0,,,
07/14/2023,2:00 PM,91,55,14,29.7,Clear,0,0,0,0,0,,,
07/14/2023,2:30 PM,93,49,14,29.67,Clear,0,0,0,0,0,,,
07/14/2023,3:00 PM,93,52,14,29.67,Clear,0,0,0,0,0,,,
07/14/2023,3:30 PM,93,52,13,29.67,Clear,0,0,0,0,0,,,
07/14/2023,4:00 PM,90,59,12,29.67,Clear,0,0,0,0,0,,,
07/14/2023,4:30 PM,90,59,12,29.67,Clear,0,0,0,0,0,,,
07/14/2023,5:00 PM,90,62,13,29.67,Clear,0,0,0,0,0,,,
07/14/2023,5:30 PM,86,66,9,29.67,Clear,0,0,0,0,0,,,
07/14/2023,6:00 PM,86,66,9,29.7,Clear,0,0,0,0,0,,,
07/14/2023,6:30 PM,86,66,8,29.7,Clear,0,0,0,0,0,,,
07/14/2023,7:00 PM,84,70,6,29.7,Clear,0,0,0,0,0,,,
07/14/2023,7:30 PM,84,74,5,29.73,Clear,0,0,0,0,0,,,
07/14/2023,8:00 PM,84,74,5,29.73,Clear,0,0,0,0,0,,,
07/14/2023,8:30 PM,82,79,5,29.73,Clear,0,0,0,0,0,,,
07/14/2023,9:00 PM,82,79,5,29.73,Clear,0,0,0,0,0,,,
07/14/2023,9:30 PM,82,79,3,29.76,Clear,0,0,0,0,0,,,
07/14/2023,10:00 PM,82,79,3,29.76,Clear,0,0,0,0,0,,,
07/14/2023,10:30 PM,81,84,0,29.76,Clear,0,0,0,0,0,,,
07/14/2023,11:00 PM,81,89,0,29.76,Clear,0,0,0,0,0,,,
07/14/2023,11:30 PM,81,89,0,29.76,Clear,0,0,0,0,0,,,
07/15/2023,12:00 AM,79,94,0,29.73,Clear,0,0,0,0,0,,,
07/15/2023,12:30 AM,79,89,0,29.73,Clear,0,0,0,0,0,,,
07/15/2023,1:00 AM,81,84,2,29.73,Clear,0,0,0,0,0,,,
07/15/2023,1:30 AM,81,84,0,29.73,Clear,0,0,0,0,0,,,
07/15/2023,2:00 AM,79,89,2,29.7,Clear,0,0,0,0,0,,,
07/15/2023,2:30 AM,79,89,2,29.7,Clear,0,0,0,0,0,,,
07/15/2023,3:00 AM,79,89,0,29.7,Clear,0,0,0,0,0,,,
07/15/2023,3:30 AM,79,89,0,29.7,Clear,0,0,0,0,0,,,
07/15/2023,4:00 AM,77,94,2,29.7,Clear,0,0,0,0,0,,,
07/15/2023,4:30 AM,77,94,2,29.7,Clear,0,0,0,0,0,,,
07/15/2023,5:00 AM,77,94,0,29.7,Clear,0,0,0,0,0,,,
07/15/2023,5:30 AM,77,94,0,29.7,Clear,0,0,0,0,0,,,
07/15/2023,6:00 AM,77,94,3,29.7,Clear,0,0,0,0,0,,,
07/15/2023,6:30 AM,77,94,3,29.7,Clear,0,0,0,0,0,,,
07/15/2023,7:00 AM,77,94,2,29.73,Clear,0,0,0,0,0,,,
07/15/2023,7:30 AM,81,84,3,29.73,Clear,0,0,0,0,0,,,
07/15/2023,8:00 AM,81,89,3,29.73,Clear,0,0,0,0,0,,,
07/15/2023,8:30 AM,84,79,0,29.73,Clear,0,0,0,0,0,,,
07/15/2023,9:00 AM,84,79,2,29.73,Clear,0,0,0,0,0,,,
07/15/2023,9:30 AM,86,74,5,29.73,Clear,0,0,0,0,0,,,
07/15/2023,10:00 AM,88,66,12,29.73,Clear,0,0,0,0,0,,,
07/15/2023,10:30 AM,90,62,9,29.73,Clear,0,0,0,0,0,,,
07/15/2023,11:00 AM,91,59,9,29.73,Clear,0,0,0,0,0,,,
07/15/2023,11:30 AM,91,55,15,29.7,Clear,0,0,0,0,0,,,
07/15/2023,12:00 PM,91,59,10,29.7,Clear,0,0,0,0,0,,,
07/15/2023,12:30 PM,91,59,10,29.7,Clear,0,0,0,0,0,,,
07/15/2023,1:00 PM,91,55,15,29.67,Clear,0,0,0,0,0,,,
07/15/2023,1:30 PM,93,56,13,29.67,Clear,0,0,0,0,0,,,
07/15/2023,2:00 PM,91,55,14,29.67,Clear,0,0,0,0,0,,,
07/15/2023,2:30 PM,93,52,14,29.64,Clear,0,0,0,0,0,,,
07/15/2023,3:00 PM,91,55,15,29.64,Clear,0,0,0,0,0,,,
07/15/2023,3:30 PM,91,55,16,29.64,Clear,0,0,0,0,0,,,
07/15/2023,4:00 PM,91,55,13,29.64,Clear,0,0,0,0,0,,,
07/15/2023,4:30 PM,90,59,14,29.64,Clear,0,0,0,0,0,,,
07/15/2023,5:00 PM,90,59,10,29.64,Clear,0,0,0,0,0,,,
07/15/2023,5:30 PM,88,58,10,29.67,Clear,0,0,0,0,0,,,
07/15/2023,6:00 PM,88,62,12,29.67,Clear,0,0,0,0,0,,,
07/15/2023,6:30 PM,86,62,9,29.67,Clear,0,0,0,0,0,,,
07/15/2023,7:00 PM,86,66,7,29.67,Clear,0,0,0,0,0,,,
07/15/2023,7:30 PM,84,70,8,29.67,Clear,0,0,0,0,0,,,
07/15/2023,8:00 PM,84,74,6,29.7,Clear,0,0,0,0,0,,,
07/15/2023,8:30 PM,84,74,5,29.7,Clear,0,0,0,0,0,,,
07/15/2023,9:00 PM,82,79,7,29.73,Clear,0,0,0,0,0,,,
07/15/2023,9:30 PM,82,79,5,29.73,Clear,0,0,0,0,0,,,
07/15/2023,10:00 PM,82,79,0,29.73,Clear,0,0,0,0,0,,,
07/15/2023,10:30 PM,82,79,3,29.73,Clear,0,0,0,0,0,,,
07/15/2023,11:00 PM,82,79,2,29.73,Clear,0,0,0,0,0,,,
07/15/2023,11:30 PM,82,79,5,29.73,Clear,0,0,0,0,0,,,
07/16/2023,12:00 AM,81,84,3,29.73,Clear,0,0,0,0,0,,,
07/16/2023,12:30 AM,81,84,2,29.73,Clear,0,0,0,0,0,,,
07/16/2023,1:00 AM,81,84,2,29.7,Clear,0,0,0,0,0,,,
07/16/2023,1:30 AM,81,84,3,29.7,Clear,0,0,0,0,0,,,
07/16/2023,2:00 AM,81,84,2,29.7,Clear,0,0,0,0,0,,,
07/16/2023,2:30 AM,79,89,2,29.67,Clear,0,0,0,0,0,,,
07/16/2023,3:00 AM,79,89,3,29.67,Clear,0,0,0,0,0,,,
07/16/2023,3:30 AM,79,89,1,29.67,Clear,0,0,0,0,0,,,
07/16/2023,4:00 AM,79,89,5,29.67,Clear,0,0,0,0,0,,,
07/16/2023,4:30 AM,79,89,3,29.67,Clear,0,0,0,0,0,,,
07/16/2023,5:00 AM,79,89,5,29.67,Clear,0,0,0,0,0,,,
07/16/2023,5:30 AM,79,89,5,29.67,Clear,0,0,0,0,0,,,
07/16/2023,6:00 AM,79,89,3,29.67,Clear,0,0,0,0,0,,,
07/16/2023,6:30 AM,79,89,3,29.67,Clear,0,0,0,0,0,,,
07/16/2023,7:00 AM,82,79,3,29.67,Clear,0,0,0,0,0,,,
07/16/2023,7:30 AM,82,84,5,29.67,Clear,0,0,0,0,0,,,
07/16/2023,8:00 AM,86,74,2,29.67,Clear,0,0,0,0,0,,,
07/16/2023,8:30 AM,88,66,7,29.7,Clear,0,0,0,0,0,,,
07/16/2023,9:00 AM,90,62,9,29.7,Clear,0,0,0,0,0,,,
07/16/2023,9:30 AM,90,59,10,29.7,Clear,0,0,0,0,0,,,
07/16/2023,10:00 AM,91,52,12,29.7,Clear,0,0,0,0,0,,,
07/16/2023,10:30 AM,91,52,15,29.7,Clear,0,0,0,0,0,,,
07/16/2023,11:00 AM,91,52,13,29.67,Clear,0,0,0,0,0,,,
07/16/2023,11:30 AM,93,49,14,29.67,Clear,0,0,0,0,0,,,
07/16/2023,12:00 PM,93,49,12,29.67,Clear,0,0,0,0,0,,,
07/16/2023,12:30 PM,91,52,16,29.64,Clear,0,0,0,0,0,,,
07/16/2023,1:00 PM,93,49,13,29.64,Clear,0,0,0,0,0,,,
07/16/2023,1:30 PM,93,49,17,29.61,Clear,0,0,0,0,0,,,
07/16/2023,2:00 PM,93,44,21,29.61,Clear,0,0,0,0,0,,,
07/16/2023,2:30 PM,93,46,15,29.58,Clear,0,0,0,0,0,,,
07/16/2023,3:00 PM,93,46,16,29.58,Clear,0,0,0,0,0,,,
07/16/2023,3:30 PM,91,49,16,29.58,Clear,0,0,0,0,0,,,
07/16/2023,4:00 PM,90,55,14,29.58,Clear,0,0,0,0,0,,,
07/16/2023,4:30 PM,90,55,9,29.58,Clear,0,0,0,0,0,,,
07/16/2023,5:00 PM,90,59,10,29.61,Clear,0,0,0,0,0,,,
07/16/2023,5:30 PM,88,58,10,29.61,Clear,0,0,0,0,0,,,
07/16/2023,6:00 PM,88,62,8,29.64,Clear,0,0,0,0,0,,,
07/16/2023,6:30 PM,82,70,10,29.64,Clear,0,0,0,0,0,,,
07/16/2023,7:00 PM,81,79,6,29.64,Clear,0,0,0,0,0,,,
07/16/2023,7:30 PM,81,79,6,29.64,Clear,0,0,0,0,0,,,
07/16/2023,8:00 PM,82,79,6,29.67,Clear,0,0,0,0,0,,,
07/16/2023,8:30 PM,82,74,9,29.67,Clear,0,0,0,0,0,,,
07/16/2023,9:00 PM,84,70,8,29.67,Clear,0,0,0,0,0,,,
07/16/2023,9:30 PM,81,84,0,29.7,Clear,0,0,0,0,0,,,
07/16/2023,10:00 PM,82,79,7,29.7,Clear,0,0,0,0,0,,,
07/16/2023,10:30 PM,82,74,7,29.7,Clear,0,0,0,0,0,,,
07/16/2023,11:00 PM,84,70,7,29.7,Clear,0,0,0,0,0,,,
07/16/2023,11:30 PM,84,70,7,29.7,Clear,0,0,0,0,0,,,
07/17/2023,12:00 AM,84,70,7,29.7,Clear,0,0,0,0,0,,,
07/17/2023,12:30 AM,84,70,8,29.7,Clear,0,0,0,0,0,,,
07/17/2023,1:00 AM,84,74,8,29.67,Clear,0,0,0,0,0,,,
07/17/2023,1:30 AM,84,70,8,29.67,Clear,0,0,0,0,0,,,
07/17/2023,2:00 AM,84,70,6,29.67,Clear,0,0,0,0,0,,,
07/17/2023,2:30 AM,84,70,7,29.67,Clear,0,0,0,0,0,,,
07/17/2023,3:00 AM,84,74,6,29.64,Clear,0,0,0,0,0,,,
07/17/2023,3:30 AM,84,74,6,29.64,Clear,0,0,0,0,0,,,
07/17/2023,4:00 AM,82,79,5,29.64,Clear,0,0,0,0,0,,,
07/17/2023,4:30 AM,82,79,5,29.64,Clear,0,0,0,0,0,,,
07/17/2023,5:00 AM,81,84,2,29.61,Clear,0,0,0,0,0,,,
07/17/2023,5:30 AM,81,84,0,29.61,Clear,0,0,0,0,0,,,
07/17/2023,6:00 AM,79,89,0,29.61,Clear,0,0,0,0,0,,,
07/17/2023,6:30 AM,81,84,0,29.64,Clear,0,0,0,0,0,,,
07/17/2023,7:00 AM,81,84,0,29.64,Clear,0,0,0,0,0,,,
07/17/2023,7:30 AM,82,84,0,29.64,Clear,1,1,0,0,0,,,
07/17/2023,8:00 AM,84,79,2,29.64,Clear,0,0,0,0,0,,,
07/17/2023,8:30 AM,84,79,5,29.64,Clear,0,0,0,0,0,,,
07/17/2023,9:00 AM,88,66,9,29.67,Clear,0,0,0,0,0,,,
07/17/2023,9:30 AM,88,66,9,29.67,Clear,0,0,0,0,0,,,
07/17/2023,10:00 AM,88,66,8,29.67,Clear,0,0,0,0,0,,,
07/17/2023,10:30 AM,90,62,8,29.67,Clear,0,0,0,0,0,,,
07/17/2023,11:00 AM,90,62,8,29.67,Clear,0,0,0,0,0,,,
07/17/2023,11:30 AM,90,62,12,29.64,Clear,0,0,0,0,0,,,
07/17/2023,12:00 PM,91,55,14,29.64,Clear,0,0,0,0,0,,,
07/17/2023,12:30 PM,93,56,14,29.64,Clear,0,0,0,0,0,,,
07/17/2023,1:00 PM,93,52,13,29.64,Clear,0,0,0,0,0,,,
07/17/2023,1:30 PM,91,55,13,29.61,Clear,0,0,0,0,0,,,
07/17/2023,2:00 PM,91,55,14,29.61,Clear,0,0,0,0,0,,,
07/17/2023,2:30 PM,91,59,15,29.61,Clear,0,0,0,0,0,,,
07/17/2023,3:00 PM,91,55,14,29.61,Clear,0,0,0,0,0,,,
07/17/2023,3:30 PM,90,55,15,29.61,Clear,0,0,0,0,0,,,
07/17/2023,4:00 PM,90,59,10,29.61,Clear,0,0,0,0,0,,,
07/17/2023,4:30 PM,88,62,13,29.61,Clear,0,0,0,0,0,,,
07/17/2023,5:00 PM,88,62,9,29.61,Clear,0,0,0,0,0,,,
07/17/2023,5:30 PM,86,66,14,29.61,Rain,0,0,0,0,0,,,
07/17/2023,6:00 PM,84,70,10,29.64,Clear,0,0,0,0,0,,,
07/17/2023,6:30 PM,84,70,8,29.64,Clear,0,0,0,0,0,,,
07/17/2023,7:00 PM,84,74,10,29.64,Clear,0,0,0,0,0,,,
07/17/2023,7:30 PM,84,74,8,29.64,Clear,0,0,0,0,0,,,
07/17/2023,8:00 PM,84,74,5,29.67,Clear,0,0,0,0,0,,,
07/17/2023,8:30 PM,84,74,3,29.67,Clear,0,0,0,0,0,,,
07/17/2023,9:00 PM,84,74,5,29.67,Clear,0,0,0,0,0,,,
07/17/2023,9:30 PM,82,79,5,29.7,Clear,0,0,0,0,0,,,
07/17/2023,10:00 PM,82,79,3,29.7,Clear,0,0,0,0,0,,,
07/17/2023,10:30 PM,84,74,3,29.7,Clear,0,0,0,0,0,,,
07/17/2023,11:00 PM,82,79,6,29.7,Clear,0,0,0,0,0,,,
07/17/2023,11:30 PM,82,79,3,29.7,Clear,0,0,0,0,0,,,
07/18/2023,12:00 AM,81,84,3,29.7,Clear,0,0,0,0,0,,,
07/18/2023,12:30 AM,82,79,6,29.7,Clear,0,0,0,0,0,,,
07/18/2023,1:00 AM,81,84,5,29.67,Clear,0,0,0,0,0,,,
07/18/2023,1:30 AM,81,84,7,29.67,Rain,0,0,0,0,0,,,
07/18/2023,2:00 AM,81,84,7,29.67,Clear,0,0,0,0,0,,,
07/18/2023,2:30 AM,82,79,7,29.64,Clear,0,0,0,0,0,,,
07/18/2023,3:00 AM,82,79,5,29.64,Clear,0,0,0,0,0,,,
07/18/2023,3:30 AM,82,79,2,29.67,Clear,0,0,0,0,0,,,
07/18/2023,4:00 AM,81,84,1,29.64,Clear,0,0,0,0,0,,,
07/18/2023,4:30 AM,79,89,1,29.64,Clear,0,0,0,0,0,,,
07/18/2023,5:00 AM,79,89,0,29.64,Clear,0,0,0,0,0,,,
07/18/2023,5:30 AM,79,89,2,29.64,Clear,0,0,0,0,0,,,
07/18/2023,6:00 AM,81,84,6,29.64,Clear,0,0,0,0,0,,,
07/18/2023,6:30 AM,82,79,8,29.64,Clear,0,0,0,0,0,,,
07/18/2023,7:00 AM,82,79,7,29.67,Clear,0,0,0,0,0,,,
07/18/2023,7:30 AM,82,84,5,29.7,Clear,0,0,0,0,0,,,
07/18/2023,8:00 AM,82,84,7,29.7,Clear,0,0,0,0,0,,,
07/18/2023,8:30 AM,84,79,6,29.7,Clear,0,0,0,0,0,,,
07/18/2023,9:00 AM,86,70,8,29.7,Clear,0,0,0,0,0,,,
07/18/2023,9:30 AM,90,62,13,29.7,Clear,0,0,0,0,0,,,
07/18/2023,10:00 AM,90,59,12,29.7,Clear,0,0,0,0,0,,,
07/18/2023,10:30 AM,90,62,12,29.7,Clear,0,0,0,0,0,,,
07/18/2023,11:00 AM,91,59,12,29.7,Clear,0,0,0,0,0,,,
07/18/2023,11:30 AM,91,55,13,29.67,Clear,0,0,0,0,0,,,
07/18/2023,12:00 PM,91,55,12,29.67,Clear,0,0,0,0,0,,,
07/18/2023,12:30 PM,93,52,15,29.64,Clear,0,0,0,0,0,,,
07/18/2023,1:00 PM,91,55,12,29.64,Clear,0,0,0,0,0,,,
07/18/2023,1:30 PM,93,49,17,29.64,Clear,0,0,0,0,0,,,
07/18/2023,2:00 PM,95,47,17,29.61,Clear,0,0,0,0,0,,,
07/18/2023,2:30 PM,93,49,15,29.61,Clear,0,0,0,0,0,,,
07/18/2023,3:00 PM,91,55,17,29.61,Clear,0,0,0,0,0,,,
07/18/2023,3:30 PM,91,52,15,29.61,Clear,0,0,0,0,0,,,
07/18/2023,4:00 PM,91,52,15,29.61,Clear,0,0,0,0,0,,,
07/18/2023,4:30 PM,91,52,13,29.61,Clear,0,0,0,0,0,,,
07/18/2023,5:00 PM,90,59,10,29.61,Clear,0,0,0,0,0,,,
07/18/2023,5:30 PM,88,62,9,29.61,Clear,0,0,0,0,0,,,
07/18/2023,6:00 PM,88,62,6,29.61,Clear,0,0,0,0,0,,,
07/18/2023,6:30 PM,86,66,5,29.64,Clear,0,0,0,0,0,,,
07/18/2023,7:00 PM,86,66,7,29.64,Clear,0,0,0,0,0,,,
07/18/2023,7:30 PM,86,66,7,29.64,Clear,0,0,0,0,0,,,
07/18/2023,8:00 PM,86,66,8,29.64,Clear,0,0,0,0,0,,,
07/18/2023,8:30 PM,84,70,7,29.67,Clear,0,0,0,0,0,,,
07/18/2023,9:00 PM,84,70,5,29.67,Clear,0,0,0,0,0,,,
07/18/2023,9:30 PM,84,74,3,29.7,Clear,0,0,0,0,0,,,
07/18/2023,10:00 PM,84,70,0,29.7,Rain,0,0,0,0,0,,,
07/18/2023,10:30 PM,82,84,0,29.7,Clear,0,0,0,0,0,,,
07/18/2023,11:00 PM,81,84,6,29.7,Clear,0,0,0,0,0,,,
07/18/2023,11:30 PM,79,83,5,29.73,Clear,0,0,0,0,0,,,
07/19/2023,12:00 AM,77,89,2,29.73,Rain,0,0,0,0,0,,,
07/19/2023,12:30 AM,77,94,2,29.73,Rain,0,0,0,0,0,,,
07/19/2023,1:00 AM,77,94,2,29.7,Rain,0,0,0,0,0,,,
07/19/2023,1:30 AM,77,94,3,29.7,Clear,0,0,0,0,0,,,
07/19/2023,2:00 AM,77,94,2,29.67,Clear,0,0,0,0,0,,,
07/19/2023,2:30 AM,77,94,2,29.67,Clear,0,0,0,0,0,,,
07/19/2023,3:00 AM,77,94,2,29.64,Clear,0,0,0,0,0,,,
07/19/2023,3:30 AM,77,94,2,29.64,Clear,0,0,0,0,0,,,
07/19/2023,4:00 AM,77,94,3,29.64,Clear,0,0,0,0,0,,,
07/19/2023,4:30 AM,77,100,7,29.64,Rain,0,0,0,0,0,,,
07/19/2023,5:00 AM,77,94,6,29.64,Rain,0,0,0,0,0,,,
07/19/2023,5:30 AM,77,89,2,29.67,Rain,0,0,0,0,0,,,
07/19/2023,6:00 AM,75,94,10,29.67,Rain,0,0,0,0,0,,,
07/19/2023,6:30 AM,77,89,2,29.67,Rain,0,0,0,0,0,,,
07/19/2023,7:00 AM,75,100,7,29.67,Rain,0,0,0,0,0,,,
07/19/2023,7:30 AM,75,94,5,29.67,Rain,0,0,0,0,0,,,
07/19/2023,8:00 AM,77,89,8,29.67,Rain,0,0,0,0,0,,,
07/19/2023,8:30 AM,77,89,7,29.67,Clear,0,0,0,0,0,,,
07/19/2023,9:00 AM,79,89,7,29.67,Clear,0,0,0,0,0,,,
07/19/2023,9:30 AM,79,89,7,29.7,Clear,0,0,0,0,0,,,
07/19/2023,10:00 AM,81,89,6,29.7,Clear,0,0,0,0,0,,,
07/19/2023,10:30 AM,82,84,8,29.7,Clear,0,0,0,0,0,,,
07/19/2023,11:00 AM,82,84,7,29.7,Rain,0,0,0,0,0,,,
07/19/2023,11:30 AM,79,94,7,29.7,Rain,0,0,0,0,0,,,
07/19/2023,12:00 PM,82,89,6,29.67,Rain,0,0,0,0,0,,,
07/19/2023,12:30 PM,81,89,7,29.67,Rain,0,0,0,0,0,,,
07/19/2023,1:00 PM,79,89,7,29.67,Rain,0,0,0,0,0,,,
07/19/2023,1:30 PM,81,89,3,29.67,Rain,0,0,0,0,0,,,
07/19/2023,2:00 PM,81,89,6,29.67,Rain,0,0,0,0,0,,,
07/19/2023,2:30 PM,81,84,8,29.64,Rain,0,0,0,0,0,,,
07/19/2023,3:00 PM,81,84,7,29.64,Rain,0,0,0,0,0,,,
07/19/2023,3:30 PM,81,84,6,29.64,Rain,0,0,0,0,0,,,
07/19/2023,4:00 PM,79,94,5,29.64,Rain,0,0,0,0,0,,,
07/19/2023,4:30 PM,79,94,6,29.61,Rain,0,0,0,0,0,,,
07/19/2023,5:00 PM,79,94,3,29.61,Clear,0,0,0,0,0,,,
07/19/2023,5:30 PM,79,94,5,29.61,Clear,0,0,0,0,0,,,
07/19/2023,6:00 PM,79,94,0,29.64,Clear,0,0,0,0,0,,,
07/19/2023,6:30 PM,79,94,0,29.64,Rain,0,0,0,0,0,,,
07/19/2023,7:00 PM,79,94,3,29.64,Rain,0,0,0,0,0,,,
07/19/2023,7:30 PM,79,94,3,29.67,Rain,0,0,0,0,0,,,
07/19/2023,8:00 PM,77,100,3,29.67,Rain,0,0,0,0,0,,,
07/19/2023,8:30 PM,77,100,0,29.67,Rain,0,0,0,0,0,,,
07/19/2023,9:00 PM,77,94,5,29.7,Rain,0,0,0,0,0,,,
07/19/2023,9:30 PM,79,89,6,29.7,Clear,0,0,0,0,0,,,
07/19/2023,10:00 PM,79,89,6,29.7,Rain,0,0,0,0,0,,,
07/19/2023,10:30 PM,77,94,5,29.7,Rain,0,0,0,0,0,,,
07/19/2023,11:00 PM,77,94,5,29.7,Rain,0,0,0,0,0,,,
07/19/2023,11:30 PM,77,94,5,29.7,Clear,0,0,0,0,0,,,
07/20/2023,12:00 AM,77,94,3,29.7,Clear,0,0,0,0,0,,,
07/20/2023,12:30 AM,77,94,5,29.67,Clear,0,0,0,0,0,,,
07/20/2023,1:00 AM,77,94,3,29.67,Clear,0,0,0,0,0,,,
07/20/2023,1:30 AM,77,94,2,29.67,Clear,0,0,0,0,0,,,
07/20/2023,2:00 AM,77,94,3,29.64,Clear,0,0,0,0,0,,,
07/20/2023,2:30 AM,77,94,2,29.64,Clear,0,0,0,0,0,,,
07/20/2023,3:00 AM,77,94,0,29.64,Clear,0,0,0,0,0,,,
07/20/2023,3:30 AM,77,94,0,29.64,Clear,0,0,0,0,0,,,
07/20/2023,4:00 AM,77,100,0,29.64,Clear,0,0,0,0,0,,,
07/20/2023,4:30 AM,77,100,0,29.64,Clear,0,0,0,0,0,,,
07/20/2023,5:00 AM,77,100,5,29.64,Rain,0,0,0,0,0,,,
07/20/2023,5:30 AM,79,89,7,29.64,Rain,0,0,0,0,0,,,
07/20/2023,6:00 AM,79,89,5,29.64,Rain,0,0,0,0,0,,,
07/20/2023,6:30 AM,79,89,2,29.64,Clear,0,0,0,0,0,,,
07/20/2023,7:00 AM,79,89,1,29.64,Clear,0,0,0,0,0,,,
07/20/2023,7:30 AM,81,84,6,29.67,Clear,0,0,0,0,0,,,
07/20/2023,8:00 AM,82,79,5,29.67,Clear,0,0,0,0,0,,,
07/20/2023,8:30 AM,82,79,7,29.67,Clear,0,0,0,0,0,,,
07/20/2023,9:00 AM,84,79,7,29.67,Clear,0,0,0,0,0,,,
07/20/2023,9:30 AM,86,74,6,29.67,Clear,0,0,0,0,0,,,
07/20/2023,10:00 AM,86,70,13,29.67,Clear,0,0,0,0,0,,,
07/20/2023,10:30 AM,86,70,9,29.67,Clear,0,0,0,0,0,,,
07/20/2023,11:00 AM,88,66,10,29.67,Clear,0,0,0,0,0,,,
07/20/2023,11:30 AM,88,66,13,29.67,Clear,0,0,0,0,0,,,
07/20/2023,12:00 PM,90,59,15,29.64,Clear,0,0,0,0,0,,,
07/20/2023,12:30 PM,91,59,13,29.64,Clear,0,0,0,0,0,,,
07/20/2023,1:00 PM,90,62,13,29.64,Rain,0,0,0,0,0,,,
07/20/2023,1:30 PM,88,66,12,29.64,Rain,0,0,0,0,0,,,
07/20/2023,2:00 PM,88,66,12,29.64,Clear,0,0,0,0,0,,,
07/20/2023,2:30 PM,88,66,12,29.64,Clear,0,0,0,0,0,,,
07/20/2023,3:00 PM,88,70,9,29.64,Clear,0,0,0,0,0,,,
07/20/2023,3:30 PM,88,70,9,29.61,Clear,0,0,0,0,0,,,
07/20/2023,4:00 PM,88,70,8,29.61,Clear,0,0,0,0,0,,,
07/20/2023,4:30 PM,88,66,9,29.61,Clear,0,0,0,0,0,,,
07/20/2023,5:00 PM,88,62,10,29.61,Clear,0,0,0,0,0,,,
07/20/2023,5:30 PM,88,66,10,29.61,Clear,0,0,0,0,0,,,
07/20/2023,6:00 PM,86,70,8,29.61,Clear,0,0,0,0,0,,,
07/20/2023,6:30 PM,84,70,7,29.64,Clear,0,0,0,0,0,,,
07/20/2023,7:00 PM,84,74,7,29.64,Clear,0,0,0,0,0,,,
07/20/2023,7:30 PM,82,79,6,29.67,Clear,0,0,0,0,0,,,
07/20/2023,8:00 PM,82,79,6,29.67,Clear,0,0,0,0,0,,,
07/20/2023,8:30 PM,82,79,6,29.67,Clear,0,0,0,0,0,,,
07/20/2023,9:00 PM,82,79,6,29.67,Clear,0,0,0,0,0,,,
07/20/2023,9:30 PM,82,74,7,29.7,Clear,0,0,0,0,0,,,
07/20/2023,10:00 PM,82,79,7,29.7,Clear,0,0,0,0,0,,,
07/20/2023,10:30 PM,81,84,0,29.73,Clear,0,0,0,0,0,,,
07/20/2023,11:00 PM,82,79,0,29.73,Clear,0,0,0,0,0,,,
07/20/2023,11:30 PM,81,84,0,29.73,Clear,0,0,0,0,0,,,
07/21/2023,12:00 AM,81,84,6,29.7,Clear,0,0,0,0,0,,,
07/21/2023,12:30 AM,81,84,5,29.7,Clear,0,0,0,0,0,,,
07/21/2023,1:00 AM,82,79,7,29.7,Clear,0,0,0,0,0,,,
07/21/2023,1:30 AM,81,84,3,29.67,Clear,0,0,0,0,0,,,
07/21/2023,2:00 AM,79,89,3,29.67,Clear,0,0,0,0,0,,,
07/21/2023,2:30 AM,79,89,3,29.67,Clear,0,0,0,0,0,,,
07/21/2023,3:00 AM,81,84,5,29.67,Clear,0,0,0,0,0,,,
07/21/2023,3:30 AM,81,84,3,29.67,Clear,0,0,0,0,0,,,
07/21/2023,4:00 AM,81,84,7,29.67,Clear,0,0,0,0,0,,,
07/21/2023,4:30 AM,81,84,7,29.64,Clear,0,0,0,0,0,,,
07/21/2023,5:00 AM,81,84,6,29.64,Clear,0,0,0,0,0,,,
07/21/2023,5:30 AM,81,84,5,29.64,Clear,0,0,0,0,0,,,
07/21/2023,6:00 AM,81,84,3,29.67,Clear,0,0,0,0,0,,,
07/21/2023,6:30 AM,81,84,3,29.67,Clear,0,0,0,0,0,,,
07/21/2023,7:00 AM,81,84,3,29.67,Clear,0,0,0,0,0,,,
07/21/2023,7:30 AM,81,84,3,29.67,Clear,0,0,0,0,0,,,
07/21/2023,8:00 AM,82,79,3,29.7,Clear,0,0,0,0,0,,,
07/21/2023,8:30 AM,82,84,5,29.7,Clear,0,0,0,0,0,,,
07/21/2023,9:00 AM,82,84,5,29.7,Clear,0,0,0,0,0,,,
07/21/2023,9:30 AM,84,79,5,29.7,Clear,2,1,1,1,0,,,
07/21/2023,10:00 AM,84,79,6,29.73,Clear,0,0,0,0,0,,,
07/21/2023,10:30 AM,86,74,7,29.73,Clear,0,0,0,0,0,,,
07/21/2023,11:00 AM,86,74,7,29.73,Rain,0,0,0,0,0,,,
07/21/2023,11:30 AM,82,79,10,29.7,Clear,0,0,0,0,0,,,
07/21/2023,12:00 PM,84,74,8,29.7,Clear,0,0,0,0,0,,,
07/21/2023,12:30 PM,88,66,8,29.7,Clear,0,0,0,0,0,,,
07/21/2023,1:00 PM,86,70,8,29.67,Clear,0,0,0,0,0,,,
07/21/2023,1:30 PM,86,74,7,29.67,Clear,0,0,0,0,0,,,
07/21/2023,2:00 PM,86,74,9,29.67,Clear,0,0,0,0,0,,,
07/21/2023,2:30 PM,86,74,8,29.64,Clear,0,0,0,0,0,,,
07/21/2023,3:00 PM,88,70,9,29.64,Clear,0,0,0,0,0,,,
07/21/2023,3:30 PM,90,66,6,29.64,Clear,0,0,0,0,0,,,
07/21/2023,4:00 PM,90,66,7,29.64,Clear,0,0,0,0,0,,,
07/21/2023,4:30 PM,88,66,7,29.64,Clear,0,0,0,0,0,,,
07/21/2023,5:00 PM,84,79,7,29.64,Clear,0,0,0,0,0,,,
07/21/2023,5:30 PM,84,74,6,29.64,Clear,0,0,0,0,0,,,
07/21/2023,6:00 PM,84,74,5,29.64,Clear,0,0,0,0,0,,,
07/21/2023,6:30 PM,84,74,3,29.67,Clear,0,0,0,0,0,,,
07/21/2023,7:00 PM,82,84,3,29.67,Clear,0,0,0,0,0,,,
07/21/2023,7:30 PM,82,84,6,29.7,Clear,0,0,0,0,0,,,
07/21/2023,8:00 PM,82,84,5,29.7,Clear,0,0,0,0,0,,,
07/21/2023,8:30 PM,82,84,6,29.73,Clear,0,0,0,0,0,,,
07/21/2023,9:00 PM,82,79,7,29.73,Clear,0,0,0,0,0,,,
07/21/2023,9:30 PM,82,84,3,29.76,Clear,0,0,0,0,0,,,
07/21/2023,10:00 PM,82,84,2,29.76,Clear,0,0,0,0,0,,,
07/21/2023,10:30 PM,81,89,2,29.76,Clear,0,0,0,0,0,,,
07/21/2023,11:00 PM,81,89,0,29.76,Clear,0,0,0,0,0,,,
07/21/2023,11:30 PM,81,89,0,29.73,Clear,0,0,0,0,0,,,
07/22/2023,12:00 AM,81,89,0,29.73,Clear,0,0,0,0,0,,,
07/22/2023,12:30 AM,81,89,5,29.73,Clear,0,0,0,0,0,,,
07/22/2023,1:00 AM,79,94,3,29.73,Clear,0,0,0,0,0,,,
07/22/2023,1:30 AM,79,94,2,29.73,Clear,0,0,0,0,0,,,
07/22/2023,2:00 AM,79,83,8,29.73,Clear,0,0,0,0,0,,,
07/22/2023,2:30 AM,79,83,8,29.73,Clear,0,0,0,0,0,,,
07/22/2023,3:00 AM,77,89,5,29.7,Clear,0,0,0,0,0,,,
07/22/2023,3:30 AM,77,89,2,29.7,Clear,0,0,0,0,0,,,
07/22/2023,4:00 AM,77,89,3,29.7,Clear,0,0,0,0,0,,,
07/22/2023,4:30 AM,77,89,3,29.7,Clear,0,0,0,0,0,,,
07/22/2023,5:00 AM,77,83,6,29.7,Clear,0,0,0,0,0,,,
07/22/2023,5:30 AM,75,94,5,29.7,Clear,0,0,0,0,0,,,
07/22/2023,6:00 AM,75,94,3,29.7,Clear,0,0,0,0,0,,,
07/22/2023,6:30 AM,75,94,0,29.7,Clear,0,0,0,0,0,,,
07/22/2023,7:00 AM,77,89,0,29.7,Clear,0,0,0,0,0,,,
07/22/2023,7:30 AM,77,94,3,29.7,Clear,0,0,0,0,0,,,
07/22/2023,8:00 AM,79,89,3,29.73,Clear,0,0,0,0,0,,,
07/22/2023,8:30 AM,79,89,3,29.73,Clear,0,0,0,0,0,,,
07/22/2023,9:00 AM,81,84,2,29.76,Clear,0,0,0,0,0,,,
07/22/2023,9:30 AM,82,79,5,29.76,Clear,0,0,0,0,0,,,
07/22/2023,10:00 AM,84,79,7,29.76,Clear,0,0,0,0,0,,,
07/22/2023,10:30 AM,84,79,8,29.76,Clear,0,0,0,0,0,,,
07/22/2023,11:00 AM,86,74,7,29.76,Clear,0,0,0,0,0,,,
07/22/2023,11:30 AM,86,74,7,29.76,Clear,0,0,0,0,0,,,
07/22/2023,12:00 PM,88,66,10,29.73,Clear,0,0,0,0,0,,,
07/22/2023,12:30 PM,90,62,10,29.73,Clear,0,0,0,0,0,,,
07/22/2023,1:00 PM,90,62,9,29.73,Rain,0,0,0,0,0,,,
07/22/2023,1:30 PM,90,62,9,29.7,Rain,0,0,0,0,0,,,
07/22/2023,2:00 PM,90,62,13,29.7,Rain,0,0,0,0,0,,,
07/22/2023,2:30 PM,86,70,10,29.7,Rain,0,0,0,0,0,,,
07/22/2023,3:00 PM,90,62,7,29.67,Clear,0,0,0,0,0,,,
07/22/2023,3:30 PM,90,62,9,29.67,Clear,0,0,0,0,0,,,
07/22/2023,4:00 PM,90,59,7,29.67,Clear,0,0,0,0,0,,,
07/22/2023,4:30 PM,90,62,9,29.67,Clear,0,0,0,0,0,,,
07/22/2023,5:00 PM,88,70,6,29.67,Clear,0,0,0,0,0,,,
07/22/2023,5:30 PM,86,66,8,29.67,Clear,0,0,0,0,0,,,
07/22/2023,6:00 PM,84,74,7,29.7,Clear,0,0,0,0,0,,,
07/22/2023,6:30 PM,84,74,6,29.7,Clear,0,0,0,0,0,,,
07/22/2023,7:00 PM,84,70,5,29.7,Clear,0,0,0,0,0,,,
07/22/2023,7:30 PM,82,79,3,29.73,Clear,0,0,0,0,0,,,
07/22/2023,8:00 PM,82,79,3,29.73,Clear,0,0,0,0,0,,,
07/22/2023,8:30 PM,82,79,0,29.76,Clear,0,0,0,0,0,,,
07/22/2023,9:00 PM,81,84,0,29.76,Clear,0,0,0,0,0,,,
07/22/2023,9:30 PM,81,84,0,29.76,Clear,0,0,0,0,0,,,
07/22/2023,10:00 PM,81,84,0,29.79,Clear,0,0,0,0,0,,,
07/22/2023,10:30 PM,81,89,3,29.79,Clear,0,0,0,0,0,,,
07/22/2023,11:00 PM,81,89,0,29.76,Clear,0,0,0,0,0,,,
07/22/2023,11:30 PM,81,89,0,29.79,Clear,0,0,0,0,0,,,
07/23/2023,12:00 AM,79,94,0,29.76,Clear,0,0,0,0,0,,,
07/23/2023,12:30 AM,79,94,3,29.76,Clear,0,0,0,0,0,,,
07/23/2023,1:00 AM,79,94,3,29.76,Clear,0,0,0,0,0,,,
07/23/2023,1:30 AM,79,94,2,29.76,Clear,0,0,0,0,0,,,
07/23/2023,2:00 AM,79,94,1,29.76,Clear,0,0,0,0,0,,,
07/23/2023,2:30 AM,79,89,5,29.73,Clear,0,0,0,0,0,,,
07/23/2023,3:00 AM,79,83,2,29.73,Clear,0,0,0,0,0,,,
07/23/2023,3:30 AM,79,89,1,29.73,Clear,0,0,0,0,0,,,
07/23/2023,4:00 AM,79,89,2,29.73,Clear,0,0,0,0,0,,,
07/23/2023,4:30 AM,79,89,6,29.73,Clear,0,0,0,0,0,,,
07/23/2023,5:00 AM,77,94,0,29.73,Clear,0,0,0,0,0,,,
07/23/2023,5:30 AM,77,94,3,29.73,Clear,0,0,0,0,0,,,
07/23/2023,6:00 AM,77,94,2,29.73,Clear,0,0,0,0,0,,,
07/23/2023,6:30 AM,77,94,5,29.73,Clear,0,0,0,0,0,,,
07/23/2023,7:00 AM,77,94,2,29.73,Clear,0,0,0,0,0,,,
07/23/2023,7:30 AM,77,89,2,29.76,Clear,0,0,0,0,0,,,
07/23/2023,8:00 AM,79,83,3,29.76,Clear,0,0,0,0,0,,,
07/23/2023,8:30 AM,81,84,2,29.76,Clear,0,0,0,0,0,,,
07/23/2023,9:00 AM,82,79,3,29.76,Clear,0,0,0,0,0,,,
07/23/2023,9:30 AM,86,70,5,29.76,Clear,0,0,0,0,0,,,
07/23/2023,10:00 AM,86,70,5,29.76,Clear,0,0,0,0,0,,,
07/23/2023,10:30 AM,88,62,12,29.76,Clear,0,0,0,0,0,,,
07/23/2023,11:00 AM,88,66,6,29.76,Clear,0,0,0,0,0,,,
07/23/2023,11:30 AM,90,62,7,29.76,Rain,0,0,0,0,0,,,
07/23/2023,12:00 PM,90,62,7,29.73,Clear,0,0,0,0,0,,,
07/23/2023,12:30 PM,90,59,9,29.73,Clear,0,0,0,0,0,,,
07/23/2023,1:00 PM,91,59,8,29.7,Clear,0,0,0,0,0,,,
07/23/2023,1:30 PM,90,59,6,29.7,Clear,0,0,0,0,0,,,
07/23/2023,2:00 PM,93,52,12,29.67,Clear,0,0,0,0,0,,,
07/23/2023,2:30 PM,93,52,12,29.67,Clear,0,0,0,0,0,,,
07/23/2023,3:00 PM,93,46,15,29.64,Clear,0,0,0,0,0,,,
07/23/2023,3:30 PM,93,49,12,29.64,Clear,0,0,0,0,0,,,
07/23/2023,4:00 PM,91,52,14,29.64,Clear,0,0,0,0,0,,,
07/23/2023,4:30 PM,91,52,13,29.64,Clear,0,0,0,0,0,,,
07/23/2023,5:00 PM,91,52,12,29.64,Clear,0,0,0,0,0,,,
07/23/2023,5:30 PM,90,55,9,29.67,Clear,0,0,0,0,0,,,
07/23/2023,6:00 PM,88,58,9,29.67,Clear,0,0,0,0,0,,,
07/23/2023,6:30 PM,86,70,6,29.67,Clear,0,0,0,0,0,,,
07/23/2023,7:00 PM,86,70,3,29.7,Clear,0,0,0,0,0,,,
07/23/2023,7:30 PM,84,74,5,29.7,Clear,0,0,0,0,0,,,
07/23/2023,8:00 PM,84,74,3,29.7,Clear,0,0,0,0,0,,,
07/23/2023,8:30 PM,82,79,3,29.7,Clear,0,0,0,0,0,,,
07/23/2023,9:00 PM,82,79,3,29.7,Clear,0,0,0,0,0,,,
07/23/2023,9:30 PM,82,79,3,29.73,Clear,0,0,0,0,0,,,
07/23/2023,10:00 PM,81,84,2,29.73,Clear,0,0,0,0,0,,,
07/23/2023,10:30 PM,81,84,2,29.73,Clear,0,0,0,0,0,,,
07/23/2023,11:00 PM,79,89,0,29.73,Clear,0,0,0,0,0,,,
07/23/2023,11:30 PM,81,84,3,29.73,Clear,0,0,0,0,0,,,
07/24/2023,12:00 AM,79,89,2,29.73,Clear,0,0,0,0,0,,,
07/24/2023,12:30 AM,79,89,3,29.73,Clear,0,0,0,0,0,,,
07/24/2023,1:00 AM,79,89,2,29.7,Clear,0,0,0,0,0,,,
07/24/2023,1:30 AM,79,89,0,29.7,Clear,0,0,0,0,0,,,
07/24/2023,2:00 AM,77,94,2,29.7,Clear,0,0,0,0,0,,,
07/24/2023,2:30 AM,79,89,2,29.7,Clear,0,0,0,0,0,,,
07/24/2023,3:00 AM,77,94,0,29.7,Clear,0,0,0,0,0,,,
07/24/2023,3:30 AM,77,94,0,29.67,Clear,0,0,0,0,0,,,
07/24/2023,4:00 AM,77,94,2,29.67,Clear,0,0,0,0,0,,,
07/24/2023,4:30 AM,77,94,0,29.67,Clear,0,0,0,0,0,,,
07/24/2023,5:00 AM,77,100,0,29.67,Clear,0,0,0,0,0,,,
07/24/2023,5:30 AM,77,94,0,29.7,Clear,0,0,0,0,0,,,
07/24/2023,6:00 AM,77,94,0,29.7,Clear,0,0,0,0,0,,,
07/24/2023,6:30 AM,77,94,0,29.7,Clear,0,0,0,0,0,,,
07/24/2023,7:00 AM,77,100,0,29.7,Clear,0,0,0,0,0,,,
07/24/2023,7:30 AM,79,94,0,29.73,Clear,0,0,0,0,0,,,
07/24/2023,8:00 AM,81,89,3,29.73,Clear,0,0,0,0,0,,,
07/24/2023,8:30 AM,82,84,3,29.73,Clear,0,0,0,0,0,,,
07/24/2023,9:00 AM,86,74,3,29.73,Clear,0,0,0,0,0,,,
07/24/2023,9:30 AM,86,70,5,29.73,Clear,0,0,0,0,0,,,
07/24/2023,10:00 AM,88,70,7,29.73,Clear,0,0,0,0,0,,,
07/24/2023,10:30 AM,88,66,5,29.73,Clear,0,0,0,0,0,,,
07/24/2023,11:00 AM,90,62,7,29.7,Clear,0,0,0,0,0,,,
07/24/2023,11:30 AM,91,55,9,29.7,Clear,0,0,0,0,0,,,
07/24/2023,12:00 PM,93,56,12,29.7,Clear,0,0,0,0,0,,,
07/24/2023,12:30 PM,93,52,12,29.67,Clear,0,0,0,0,0,,,
07/24/2023,1:00 PM,91,52,10,29.67,Clear,0,0,0,0,0,,,
07/24/2023,1:30 PM,93,52,12,29.67,Clear,0,0,0,0,0,,,
07/24/2023,2:00 PM,93,49,13,29.64,Clear,0,0,0,0,0,,,
07/24/2023,2:30 PM,93,49,14,29.64,Clear,0,0,0,0,0,,,
07/24/2023,3:00 PM,93,49,17,29.64,Clear,0,0,0,0,0,,,
07/24/2023,3:30 PM,93,49,13,29.64,Clear,0,0,0,0,0,,,
07/24/2023,4:00 PM,91,52,13,29.64,Clear,0,0,0,0,0,,,
07/24/2023,4:30 PM,93,49,12,29.61,Clear,0,0,0,0,0,,,
07/24/2023,5:00 PM,91,52,10,29.61,Clear,0,0,0,0,0,,,
07/24/2023,5:30 PM,91,49,12,29.64,Clear,0,0,0,0,0,,,
07/24/2023,6:00 PM,90,55,8,29.64,Clear,0,0,0,0,0,,,
07/24/2023,6:30 PM,88,58,8,29.64,Clear,0,0,0,0,0,,,
07/24/2023,7:00 PM,86,62,6,29.64,Clear,0,0,0,0,0,,,
07/24/2023,7:30 PM,86,62,6,29.67,Clear,0,0,0,0,0,,,
07/24/2023,8:00 PM,86,62,6,29.67,Clear,0,0,0,0,0,,,
07/24/2023,8:30 PM,84,66,6,29.67,Clear,0,0,0,0,0,,,
07/24/2023,9:00 PM,84,66,6,29.7,Clear,0,0,0,0,0,,,
07/24/2023,9:30 PM,84,70,6,29.7,Clear,0,0,0,0,0,,,
07/24/2023,10:00 PM,82,74,2,29.7,Clear,0,0,0,0,0,,,
07/24/2023,10:30 PM,81,79,0,29.73,Clear,0,0,0,0,0,,,
07/24/2023,11:00 PM,81,79,0,29.73,Clear,0,0,0,0,0,,,
07/24/2023,11:30 PM,79,83,0,29.73,Clear,0,0,0,0,0,,,
07/25/2023,12:00 AM,79,83,0,29.73,Clear,0,0,0,0,0,,,
07/25/2023,12:30 AM,79,89,2,29.7,Clear,0,0,0,0,0,,,
07/25/2023,1:00 AM,79,89,0,29.7,Clear,0,0,0,0,0,,,
07/25/2023,1:30 AM,79,89,0,29.7,Clear,0,0,0,0,0,,,
07/25/2023,2:00 AM,79,89,0,29.7,Clear,0,0,0,0,0,,,
07/25/2023,2:30 AM,79,89,0,29.67,Clear,0,0,0,0,0,,,
07/25/2023,3:00 AM,79,89,0,29.67,Clear,0,0,0,0,0,,,
07/25/2023,3:30 AM,77,94,0,29.67,Clear,0,0,0,0,0,,,
07/25/2023,4:00 AM,77,94,0,29.67,Clear,0,0,0,0,0,,,
07/25/2023,4:30 AM,77,94,0,29.67,Clear,0,0,0,0,0,,,
07/25/2023,5:00 AM,77,94,0,29.7,Clear,0,0,0,0,0,,,
07/25/2023,5:30 AM,77,94,0,29.7,Clear,0,0,0,0,0,,,
07/25/2023,6:00 AM,77,94,0,29.7,Clear,0,0,0,0,0,,,
07/25/2023,6:30 AM,77,94,0,29.7,Clear,0,0,0,0,0,,,
07/25/2023,7:00 AM,77,100,0,29.7,Clear,0,0,0,0,0,,,
07/25/2023,7:30 AM,79,94,0,29.73,Clear,0,0,0,0,0,,,
07/25/2023,8:00 AM,81,89,0,29.73,Clear,0,0,0,0,0,,,
07/25/2023,8:30 AM,84,79,1,29.73,Clear,0,0,0,0,0,,,
07/25/2023,9:00 AM,86,79,0,29.73,Clear,0,0,0,0,0,,,
07/25/2023,9:30 AM,88,70,3,29.73,Clear,0,0,0,0,0,,,
07/25/2023,10:00 AM,88,70,3,29.73,Clear,0,0,0,0,0,,,
07/25/2023,10:30 AM,88,66,2,29.73,Clear,0,0,0,0,0,,,
07/25/2023,11:00 AM,90,62,5,29.73,Clear,0,0,0,0,0,,,
07/25/2023,11:30 AM,90,62,3,29.73,Clear,0,0,0,0,0,,,
07/25/2023,12:00 PM,90,62,3,29.7,Clear,0,0,0,0,0,,,
07/25/2023,12:30 PM,91,59,7,29.7,Clear,0,0,0,0,0,,,
07/25/2023,1:00 PM,93,52,8,29.67,Clear,0,0,0,0,0,,,
07/25/2023,1:30 PM,93,52,8,29.67,Clear,0,0,0,0,0,,,
07/25/2023,2:00 PM,95,49,8,29.67,Rain,0,0,0,0,0,,,
07/25/2023,2:30 PM,95,49,12,29.64,Rain,0,0,0,0,0,,,
07/25/2023,3:00 PM,95,49,10,29.64,Clear,0,0,0,0,0,,,
07/25/2023,3:30 PM,95,49,9,29.64,Clear,0,0,0,0,0,,,
07/25/2023,4:00 PM,93,52,9,29.64,Clear,0,0,0,0,0,,,
07/25/2023,4:30 PM,93,52,7,29.64,Clear,0,0,0,0,0,,,
07/25/2023,5:00 PM,93,49,8,29.64,Clear,0,0,0,0,0,,,
07/25/2023,5:30 PM,91,55,9,29.64,Clear,0,0,0,0,0,,,
07/25/2023,6:00 PM,90,59,7,29.64,Clear,0,0,0,0,0,,,
07/25/2023,6:30 PM,90,59,6,29.67,Clear,0,0,0,0,0,,,
07/25/2023,7:00 PM,86,74,5,29.67,Clear,0,0,0,0,0,,,
07/25/2023,7:30 PM,86,79,5,29.7,Clear,0,0,0,0,0,,,
07/25/2023,8:00 PM,86,74,2,29.7,Clear,0,0,0,0,0,,,
07/25/2023,8:30 PM,84,84,0,29.7,Clear,0,0,0,0,0,,,
07/25/2023,9:00 PM,84,84,0,29.7,Clear,0,0,0,0,0,,,
07/25/2023,9:30 PM,84,84,0,29.73,Clear,0,0,0,0,0,,,
07/25/2023,10:00 PM,84,84,0,29.73,Clear,0,0,0,0,0,,,
07/25/2023,10:30 PM,82,79,0,29.73,Clear,0,0,0,0,0,,,
07/25/2023,11:00 PM,82,79,0,29.73,Clear,0,0,0,0,0,,,
07/25/2023,11:30 PM,82,79,0,29.73,Clear,0,0,0,0,0,,,
07/26/2023,12:00 AM,81,84,2,29.73,Clear,0,0,0,0,0,,,
07/26/2023,12:30 AM,81,84,2,29.73,Clear,0,0,0,0,0,,,
07/26/2023,1:00 AM,81,84,0,29.73,Clear,0,0,0,0,0,,,
07/26/2023,1:30 AM,81,84,0,29.73,Clear,0,0,0,0,0,,,
07/26/2023,2:00 AM,81,84,0,29.73,Clear,0,0,0,0,0,,,
07/26/2023,2:30 AM,81,84,0,29.73,Clear,0,0,0,0,0,,,
07/26/2023,3:00 AM,81,84,0,29.73,Clear,0,0,0,0,0,,,
07/26/2023,3:30 AM,81,84,0,29.73,Clear,0,0,0,0,0,,,
07/26/2023,4:00 AM,81,84,0,29.7,Clear,0,0,0,0,0,,,
07/26/2023,4:30 AM,81,84,0,29.7,Clear,0,0,0,0,0,,,
07/26/2023,5:00 AM,79,94,0,29.7,Clear,0,0,0,0,0,,,
07/26/2023,5:30 AM,79,94,0,29.73,Clear,0,0,0,0,0,,,
07/26/2023,6:00 AM,79,94,0,29.73,Clear,0,0,0,0,0,,,
07/26/2023,6:30 AM,79,94,0,29.73,Clear,0,0,0,0,0,,,
07/26/2023,7:00 AM,79,94,0,29.73,Clear,0,0,0,0,0,,,
07/26/2023,7:30 AM,81,89,2,29.76,Clear,0,0,0,0,0,,,
07/26/2023,8:00 AM,82,84,2,29.76,Clear,0,0,0,0,0,,,
07/26/2023,8:30 AM,84,79,2,29.76,Clear,0,0,0,0,0,,,
07/26/2023,9:00 AM,86,74,0,29.76,Clear,0,0,0,0,0,,,
07/26/2023,9:30 AM,88,66,3,29.76,Clear,0,0,0,0,0,,,
07/26/2023,10:00 AM,88,66,3,29.76,Clear,0,0,0,0,0,,,
07/26/2023,10:30 AM,90,62,5,29.76,Clear,0,0,0,0,0,,,
07/26/2023,11:00 AM,91,59,5,29.76,Clear,0,0,0,0,0,,,
07/26/2023,11:30 AM,90,62,7,29.73,Rain,0,0,0,0,0,,,
07/26/2023,12:00 PM,84,74,18,29.73,Rain,0,0,0,0,0,,,
07/26/2023,12:30 PM,75,94,9,29.76,Rain,0,0,0,0,0,,,
07/26/2023,1:00 PM,75,94,3,29.73,Rain,0,0,0,0,0,,,
07/26/2023,1:30 PM,75,100,6,29.73,Clear,0,0,0,0,0,,,
07/26/2023,2:00 PM,75,94,2,29.73,Clear,0,0,0,0,0,,,
07/26/2023,2:30 PM,75,94,1,29.7,Rain,0,0,0,0,0,,,
07/26/2023,3:00 PM,77,89,2,29.7,Rain,0,0,0,0,0,,,
07/26/2023,3:30 PM,77,94,5,29.7,Clear,0,0,0,0,0,,,
07/26/2023,4:00 PM,77,89,2,29.67,Clear,0,0,0,0,0,,,
07/26/2023,4:30 PM,79,89,2,29.67,Clear,0,0,0,0,0,,,
07/26/2023,5:00 PM,79,89,3,29.67,Clear,0,0,0,0,0,,,
07/26/2023,5:30 PM,79,89,3,29.67,Clear,0,0,0,0,0,,,
07/26/2023,6:00 PM,79,89,2,29.67,Clear,0,0,0,0,0,,,
07/26/2023,6:30 PM,79,89,2,29.7,Clear,0,0,0,0,0,,,
07/26/2023,7:00 PM,79,89,2,29.7,Clear,0,0,0,0,0,,,
07/26/2023,7:30 PM,77,94,2,29.7,Clear,0,0,0,0,0,,,
07/26/2023,8:00 PM,79,89,0,29.7,Clear,0,0,0,0,0,,,
07/26/2023,8:30 PM,79,94,0,29.7,Clear,0,0,0,0,0,,,
07/26/2023,9:00 PM,79,94,0,29.73,Clear,0,0,0,0,0,,,
07/26/2023,9:30 PM,79,94,0,29.76,Clear,0,0,0,0,0,,,
07/26/2023,10:00 PM,79,94,0,29.76,Clear,0,0,0,0,0,,,
07/26/2023,10:30 PM,79,94,0,29.76,Clear,0,0,0,0,0,,,
07/26/2023,11:00 PM,79,94,2,29.76,Clear,0,0,0,0,0,,,
07/26/2023,11:30 PM,77,100,5,29.76,Clear,0,0,0,0,0,,,
07/27/2023,12:00 AM,77,100,2,29.76,Clear,0,0,0,0,0,,,
07/27/2023,12:30 AM,77,100,2,29.76,Clear,0,0,0,0,0,,,
07/27/2023,1:00 AM,77,100,0,29.76,Clear,0,0,0,0,0,,,
07/27/2023,1:30 AM,77,100,0,29.76,Clear,0,0,0,0,0,,,
07/27/2023,2:00 AM,77,100,0,29.73,Clear,0,0,0,0,0,,,
07/27/2023,2:30 AM,77,100,2,29.73,Clear,0,0,0,0,0,,,
07/27/2023,3:00 AM,77,100,3,29.73,Clear,0,0,0,0,0,,,
07/27/2023,3:30 AM,77,100,3,29.73,Clear,0,0,0,0,0,,,
07/27/2023,4:00 AM,77,94,0,29.7,Clear,0,0,0,0,0,,,
07/27/2023,4:30 AM,77,94,0,29.7,Clear,0,0,0,0,0,,,
07/27/2023,5:00 AM,77,100,2,29.7,Clear,0,0,0,0,0,,,
07/27/2023,5:30 AM,77,100,3,29.7,Clear,0,0,0,0,0,,,
07/27/2023,6:00 AM,77,100,3,29.73,Clear,0,0,0,0,0,,,
07/27/2023,6:30 AM,79,94,0,29.73,Clear,0,0,0,0,0,,,
07/27/2023,7:00 AM,79,94,3,29.73,Clear,0,0,0,0,0,,,
07/27/2023,7:30 AM,81,89,6,29.76,Clear,0,0,0,0,0,,,
07/27/2023,8:00 AM,82,89,5,29.76,Clear,0,0,0,0,0,,,
07/27/2023,8:30 AM,82,89,3,29.76,Clear,0,0,0,0,0,,,
07/27/2023,9:00 AM,86,79,6,29.76,Clear,0,0,0,0,0,,,
07/27/2023,9:30 AM,88,70,8,29.76,Clear,0,0,0,0,0,,,
07/27/2023,10:00 AM,88,70,7,29.76,Clear,0,0,0,0,0,,,
07/27/2023,10:30 AM,90,62,13,29.76,Clear,0,0,0,0,0,,,
07/27/2023,11:00 AM,91,63,13,29.73,Clear,0,0,0,0,0,,,
07/27/2023,11:30 AM,91,59,14,29.73,Clear,0,0,0,0,0,,,
07/27/2023,12:00 PM,91,59,13,29.73,Clear,0,0,0,0,0,,,
07/27/2023,12:30 PM,91,59,15,29.7,Clear,0,0,0,0,0,,,
07/27/2023,1:00 PM,93,56,14,29.7,Clear,0,0,0,0,0,,,
07/27/2023,1:30 PM,93,56,14,29.67,Clear,0,0,0,0,0,,,
07/27/2023,2:00 PM,91,59,14,29.67,Clear,0,0,0,0,0,,,
07/27/2023,2:30 PM,91,59,10,29.67,Clear,0,0,0,0,0,,,
07/27/2023,3:00 PM,91,59,14,29.67,Clear,0,0,0,0,0,,,
07/27/2023,3:30 PM,91,59,15,29.64,Clear,0,0,0,0,0,,,
07/27/2023,4:00 PM,91,55,15,29.64,Clear,0,0,0,0,0,,,
07/27/2023,4:30 PM,91,59,15,29.64,Clear,0,0,0,0,0,,,
07/27/2023,5:00 PM,90,59,13,29.64,Clear,0,0,0,0,0,,,
07/27/2023,5:30 PM,90,62,12,29.67,Clear,0,0,0,0,0,,,
07/27/2023,6:00 PM,88,66,12,29.67,Clear,0,0,0,0,0,,,
07/27/2023,6:30 PM,88,62,10,29.67,Clear,0,0,0,0,0,,,
07/27/2023,7:00 PM,86,66,9,29.67,Clear,0,0,0,0,0,,,
07/27/2023,7:30 PM,86,66,9,29.7,Clear,0,0,0,0,0,,,
07/27/2023,8:00 PM,84,70,9,29.7,Clear,0,0,0,0,0,,,
07/27/2023,8:30 PM,84,74,9,29.7,Clear,0,0,0,0,0,,,
07/27/2023,9:00 PM,84,74,9,29.73,Clear,0,0,0,0,0,,,
07/27/2023,9:30 PM,84,74,9,29.73,Clear,0,0,0,0,0,,,
07/27/2023,10:00 PM,84,74,10,29.73,Clear,0,0,0,0,0,,,
07/27/2023,10:30 PM,84,74,9,29.76,Clear,0,0,0,0,0,,,
07/27/2023,11:00 PM,82,79,6,29.76,Clear,0,0,0,0,0,,,
07/27/2023,11:30 PM,82,79,5,29.76,Clear,0,0,0,0,0,,,
07/28/2023,12:00 AM,82,79,6,29.73,Clear,0,0,0,0,0,,,
07/28/2023,12:30 AM,82,79,6,29.73,Clear,0,0,0,0,0,,,
07/28/2023,1:00 AM,81,84,2,29.73,Clear,0,0,0,0,0,,,
07/28/2023,1:30 AM,81,84,0,29.73,Clear,0,0,0,0,0,,,
07/28/2023,2:00 AM,81,84,2,29.7,Clear,0,0,0,0,0,,,
07/28/2023,2:30 AM,81,84,3,29.7,Clear,0,0,0,0,0,,,
07/28/2023,3:00 AM,81,84,2,29.67,Clear,0,0,0,0,0,,,
07/28/2023,3:30 AM,81,84,2,29.67,Clear,0,0,0,0,0,,,
07/28/2023,4:00 AM,79,89,3,29.67,Clear,0,0,0,0,0,,,
07/28/2023,4:30 AM,81,84,3,29.67,Clear,0,0,0,0,0,,,
07/28/2023,5:00 AM,79,89,6,29.67,Clear,0,0,0,0,0,,,
07/28/2023,5:30 AM,81,84,5,29.67,Clear,0,0,0,0,0,,,
07/28/2023,6:00 AM,81,84,5,29.67,Clear,0,0,0,0,0,,,
07/28/2023,6:30 AM,81,84,6,29.67,Clear,0,0,0,0,0,,,
07/28/2023,7:00 AM,81,84,5,29.67,Clear,0,0,0,0,0,,,
07/28/2023,7:30 AM,81,89,3,29.7,Clear,0,0,0,0,0,,,
07/28/2023,8:00 AM,82,84,6,29.7,Clear,0,0,0,0,0,,,
07/28/2023,8:30 AM,84,79,6,29.7,Clear,0,0,0,0,0,,,
07/28/2023,9:00 AM,86,74,7,29.7,Clear,0,0,0,0,0,,,
07/28/2023,9:30 AM,86,74,7,29.7,Clear,0,0,0,0,0,,,
07/28/2023,10:00 AM,88,70,9,29.7,Clear,0,0,0,0,0,,,
07/28/2023,10:30 AM,90,62,14,29.7,Clear,0,0,0,0,0,,,
07/28/2023,11:00 AM,91,59,13,29.67,Clear,0,0,0,0,0,,,
07/28/2023,11:30 AM,91,63,15,29.67,Clear,0,0,0,0,0,,,
07/28/2023,12:00 PM,90,62,14,29.67,Clear,0,0,0,0,0,,,
07/28/2023,12:30 PM,91,59,13,29.67,Clear,0,0,0,0,0,,,
07/28/2023,1:00 PM,91,59,15,29.67,Clear,0,0,0,0,0,,,
07/28/2023,1:30 PM,90,62,15,29.64,Clear,0,0,0,0,0,,,
07/28/2023,2:00 PM,90,62,13,29.64,Clear,0,0,0,0,0,,,
07/28/2023,2:30 PM,91,63,12,29.64,Clear,0,0,0,0,0,,,
07/28/2023,3:00 PM,90,62,14,29.64,Clear,0,0,0,0,0,,,
07/28/2023,3:30 PM,91,59,13,29.61,Clear,0,0,0,0,0,,,
07/28/2023,4:00 PM,91,59,14,29.61,Clear,0,0,0,0,0,,,
07/28/2023,4:30 PM,90,62,14,29.61,Clear,0,0,0,0,0,,,
07/28/2023,5:00 PM,88,66,12,29.64,Clear,0,0,0,0,0,,,
07/28/2023,5:30 PM,88,66,12,29.64,Clear,0,0,0,0,0,,,
07/28/2023,6:00 PM,88,66,10,29.64,Clear,0,0,0,0,0,,,
07/28/2023,6:30 PM,86,70,7,29.64,Clear,0,0,0,0,0,,,
07/28/2023,7:00 PM,86,70,5,29.67,Clear,0,0,0,0,0,,,
07/28/2023,7:30 PM,86,70,6,29.67,Clear,0,0,0,0,0,,,
07/28/2023,8:00 PM,86,70,7,29.67,Clear,0,0,0,0,0,,,
07/28/2023,8:30 PM,84,74,8,29.7,Clear,0,0,0,0,0,,,
07/28/2023,9:00 PM,84,74,6,29.7,Clear,0,0,0,0,0,,,
07/28/2023,9:30 PM,84,74,3,29.7,Clear,0,0,0,0,0,,,
07/28/2023,10:00 PM,82,79,5,29.7,Clear,0,0,0,0,0,,,
07/28/2023,10:30 PM,82,79,6,29.7,Clear,0,0,0,0,0,,,
07/28/2023,11:00 PM,82,79,8,29.7,Clear,0,0,0,0,0,,,
07/28/2023,11:30 PM,84,74,10,29.7,Clear,0,0,0,0,0,,,
07/29/2023,12:00 AM,82,79,6,29.7,Clear,0,0,0,0,0,,,
07/29/2023,12:30 AM,82,79,5,29.7,Clear,0,0,0,0,0,,,
07/29/2023,1:00 AM,82,79,6,29.67,Clear,0,0,0,0,0,,,
07/29/2023,1:30 AM,82,79,6,29.67,Clear,0,0,0,0,0,,,
07/29/2023,2:00 AM,81,84,0,29.67,Clear,0,0,0,0,0,,,
07/29/2023,2:30 AM,81,84,0,29.67,Clear,0,0,0,0,0,,,
07/29/2023,3:00 AM,79,89,2,29.67,Clear,0,0,0,0,0,,,
07/29/2023,3:30 AM,79,89,0,29.67,Clear,0,0,0,0,0,,,
07/29/2023,4:00 AM,77,94,3,29.64,Clear,0,0,0,0,0,,,
07/29/2023,4:30 AM,77,94,3,29.64,Clear,0,0,0,0,0,,,
07/29/2023,5:00 AM,79,89,6,29.64,Clear,0,0,0,0,0,,,
07/29/2023,5:30 AM,79,89,5,29.64,Clear,0,0,0,0,0,,,
07/29/2023,6:00 AM,79,89,5,29.64,Clear,0,0,0,0,0,,,
07/29/2023,6:30 AM,79,89,5,29.67,Clear,0,0,0,0,0,,,
07/29/2023,7:00 AM,81,84,5,29.67,Clear,0,0,0,0,0,,,
07/29/2023,7:30 AM,81,89,6,29.67,Clear,0,0,0,0,0,,,
07/29/2023,8:00 AM,82,84,5,29.7,Clear,0,0,0,0,0,,,
07/29/2023,8:30 AM,84,79,6,29.7,Clear,0,0,0,0,0,,,
07/29/2023,9:00 AM,84,79,5,29.7,Clear,0,0,0,0,0,,,
07/29/2023,9:30 AM,88,66,8,29.7,Clear,0,0,0,0,0,,,
07/29/2023,10:00 AM,88,66,10,29.73,Clear,0,0,0,0,0,,,
07/29/2023,10:30 AM,90,62,13,29.7,Clear,0,0,0,0,0,,,
07/29/2023,11:00 AM,91,59,13,29.7,Clear,0,0,0,0,0,,,
07/29/2023,11:30 AM,91,55,14,29.7,Clear,0,0,0,0,0,,,
07/29/2023,12:00 PM,91,59,15,29.7,Clear,0,0,0,0,0,,,
07/29/2023,12:30 PM,93,52,14,29.67,Clear,0,0,0,0,0,,,
07/29/2023,1:00 PM,91,55,14,29.67,Clear,0,0,0,0,0,,,
07/29/2023,1:30 PM,91,55,13,29.64,Clear,0,0,0,0,0,,,
07/29/2023,2:00 PM,91,55,14,29.64,Clear,0,0,0,0,0,,,
07/29/2023,2:30 PM,91,55,13,29.64,Clear,0,0,0,0,0,,,
07/29/2023,3:00 PM,91,55,15,29.61,Clear,0,0,0,0,0,,,
07/29/2023,3:30 PM,91,55,14,29.61,Clear,0,0,0,0,0,,,
07/29/2023,4:00 PM,91,55,13,29.61,Clear,0,0,0,0,0,,,
07/29/2023,4:30 PM,91,55,13,29.61,Clear,0,0,0,0,0,,,
07/29/2023,5:00 PM,90,59,10,29.61,Clear,0,0,0,0,0,,,
07/29/2023,5:30 PM,88,62,13,29.61,Clear,0,0,0,0,0,,,
07/29/2023,6:00 PM,88,62,9,29.64,Clear,0,0,0,0,0,,,
07/29/2023,6:30 PM,86,66,8,29.64,Clear,0,0,0,0,0,,,
07/29/2023,7:00 PM,86,66,9,29.67,Clear,0,0,0,0,0,,,
07/29/2023,7:30 PM,86,66,9,29.67,Clear,0,0,0,0,0,,,
07/29/2023,8:00 PM,84,70,8,29.67,Clear,0,0,0,0,0,,,
07/29/2023,8:30 PM,84,70,7,29.7,Clear,0,0,0,0,0,,,
07/29/2023,9:00 PM,84,74,7,29.7,Clear,0,0,0,0,0,,,
07/29/2023,9:30 PM,84,74,6,29.7,Clear,0,0,0,0,0,,,
07/29/2023,10:00 PM,82,79,3,29.7,Clear,0,0,0,0,0,,,
07/29/2023,10:30 PM,82,79,2,29.73,Clear,0,0,0,0,0,,,
07/29/2023,11:00 PM,81,84,3,29.73,Clear,0,0,0,0,0,,,
07/29/2023,11:30 PM,81,84,2,29.73,Clear,0,0,0,0,0,,,
07/30/2023,12:00 AM,81,84,5,29.7,Clear,0,0,0,0,0,,,
07/30/2023,12:30 AM,81,84,3,29.7,Clear,0,0,0,0,0,,,
07/30/2023,1:00 AM,82,79,6,29.7,Clear,0,0,0,0,0,,,
07/30/2023,1:30 AM,82,79,6,29.7,Clear,0,0,0,0,0,,,
07/30/2023,2:00 AM,82,79,7,29.67,Clear,0,0,0,0,0,,,
07/30/2023,2:30 AM,82,79,8,29.67,Clear,0,0,0,0,0,,,
07/30/2023,3:00 AM,79,89,5,29.67,Clear,0,0,0,0,0,,,
07/30/2023,3:30 AM,79,89,3,29.67,Clear,0,0,0,0,0,,,
07/30/2023,4:00 AM,79,89,2,29.67,Clear,0,0,0,0,0,,,
07/30/2023,4:30 AM,79,89,2,29.67,Clear,0,0,0,0,0,,,
07/30/2023,5:00 AM,79,89,1,29.64,Clear,0,0,0,0,0,,,
07/30/2023,5:30 AM,77,94,2,29.64,Clear,0,0,0,0,0,,,
07/30/2023,6:00 AM,77,94,3,29.67,Clear,0,0,0,0,0,,,
07/30/2023,6:30 AM,77,94,2,29.67,Clear,0,0,0,0,0,,,
07/30/2023,7:00 AM,77,94,3,29.67,Clear,0,0,0,0,0,,,
07/30/2023,7:30 AM,79,89,3,29.7,Clear,0,0,0,0,0,,,
07/30/2023,8:00 AM,81,89,2,29.7,Clear,0,0,0,0,0,,,
07/30/2023,8:30 AM,84,79,2,29.7,Clear,0,0,0,0,0,,,
07/30/2023,9:00 AM,86,74,7,29.7,Clear,0,0,0,0,0,,,
07/30/2023,9:30 AM,86,70,7,29.7,Clear,0,0,0,0,0,,,
07/30/2023,10:00 AM,88,70,6,29.7,Clear,0,0,0,0,0,,,
07/30/2023,10:30 AM,88,70,6,29.7,Clear,0,0,0,0,0,,,
07/30/2023,11:00 AM,88,70,6,29.7,Clear,0,0,0,0,0,,,
07/30/2023,11:30 AM,90,66,8,29.67,Clear,0,0,0,0,0,,,
07/30/2023,12:00 PM,88,79,7,29.67,Clear,0,0,0,0,0,,,
07/30/2023,12:30 PM,90,70,7,29.64,Clear,0,0,0,0,0,,,
07/30/2023,1:00 PM,91,59,10,29.64,Rain,0,0,0,0,0,,,
07/30/2023,1:30 PM,90,62,8,29.64,Rain,0,0,0,0,0,,,
07/30/2023,2:00 PM,86,74,6,29.64,Rain,0,0,0,0,0,,,
07/30/2023,2:30 PM,82,89,7,29.64,Rain,0,0,0,0,0,,,
07/30/2023,3:00 PM,82,89,5,29.61,Clear,0,0,0,0,0,,,
07/30/2023,3:30 PM,82,89,3,29.61,Clear,0,0,0,0,0,,,
07/30/2023,4:00 PM,84,84,2,29.61,Clear,0,0,0,0,0,,,
07/30/2023,4:30 PM,86,79,8,29.61,Rain,0,0,0,0,0,,,
07/30/2023,5:00 PM,81,84,12,29.61,Rain,0,0,0,0,0,,,
07/30/2023,5:30 PM,81,89,6,29.64,Clear,0,0,0,0,0,,,
07/30/2023,6:00 PM,81,89,6,29.64,Clear,0,0,0,0,0,,,
07/30/2023,6:30 PM,81,84,2,29.64,Clear,0,0,0,0,0,,,
07/30/2023,7:00 PM,81,84,3,29.64,Clear,0,0,0,0,0,,,
07/30/2023,7:30 PM,81,89,2,29.67,Clear,0,0,0,0,0,,,
07/30/2023,8:00 PM,81,89,0,29.67,Clear,0,0,0,0,0,,,
07/30/2023,8:30 PM,81,89,0,29.7,Clear,0,0,0,0,0,,,
07/30/2023,9:00 PM,81,89,3,29.7,Clear,0,0,0,0,0,,,
07/30/2023,9:30 PM,79,94,2,29.7,Clear,0,0,0,0,0,,,
07/30/2023,10:00 PM,81,89,2,29.73,Clear,0,0,0,0,0,,,
07/30/2023,10:30 PM,79,94,3,29.76,Clear,0,0,0,0,0,,,
07/30/2023,11:00 PM,79,94,5,29.73,Clear,0,0,0,0,0,,,
07/30/2023,11:30 PM,79,89,6,29.73,Clear,0,0,0,0,0,,,
07/31/2023,12:00 AM,77,100,0,29.73,Rain,0,0,0,0,0,,,
07/31/2023,12:30 AM,77,94,2,29.73,Rain,0,0,0,0,0,,,
07/31/2023,1:00 AM,77,100,3,29.7,Rain,0,0,0,0,0,,,
07/31/2023,1:30 AM,77,94,2,29.7,Rain,0,0,0,0,0,,,
07/31/2023,2:00 AM,77,94,3,29.7,Rain,0,0,0,0,0,,,
07/31/2023,2:30 AM,77,94,3,29.67,Rain,0,0,0,0,0,,,
07/31/2023,3:00 AM,77,94,6,29.7,Rain,0,0,0,0,0,,,
07/31/2023,3:30 AM,77,94,6,29.7,Rain,0,0,0,0,0,,,
07/31/2023,4:00 AM,77,94,3,29.67,Rain,0,0,0,0,0,,,
07/31/2023,4:30 AM,77,94,2,29.67,Rain,0,0,0,0,0,,,
07/31/2023,5:00 AM,77,94,3,29.67,Clear,0,0,0,0,0,,,
07/31/2023,5:30 AM,77,94,0,29.67,Clear,0,0,0,0,0,,,
07/31/2023,6:00 AM,77,94,2,29.7,Clear,0,0,0,0,0,,,
07/31/2023,6:30 AM,77,94,3,29.7,Mist,0,0,0,0,0,,,
07/31/2023,7:00 AM,77,94,3,29.73,Mist,0,0,0,0,0,,,
07/31/2023,7:30 AM,77,100,3,29.73,Mist,0,0,0,0,0,,,
07/31/2023,8:00 AM,77,100,2,29.73,Clear,0,0,0,0,0,,,
07/31/2023,8:30 AM,79,94,5,29.73,Clear,0,0,0,0,0,,,
07/31/2023,9:00 AM,81,89,6,29.73,Clear,0,0,0,0,0,,,
07/31/2023,9:30 AM,82,84,7,29.73,Clear,0,0,0,0,0,,,
07/31/2023,10:00 AM,84,79,6,29.73,Clear,0,0,0,0,0,,,
07/31/2023,10:30 AM,86,74,6,29.73,Clear,0,0,0,0,0,,,
07/31/2023,11:00 AM,86,74,6,29.73,Clear,0,0,0,0,0,,,
07/31/2023,11:30 AM,90,70,6,29.73,Clear,0,0,0,0,0,,,
07/31/2023,12:00 PM,86,74,5,29.7,Rain,0,0,0,0,0,,,
07/31/2023,12:30 PM,90,66,3,29.7,Clear,0,0,0,0,0,,,
07/31/2023,1:00 PM,90,62,1,29.67,Clear,0,0,0,0,0,,,
07/31/2023,1:30 PM,90,66,0,29.67,Rain,0,0,0,0,0,,,
07/31/2023,2:00 PM,84,84,6,29.67,Rain,0,0,0,0,0,,,
07/31/2023,2:30 PM,81,89,5,29.67,Rain,0,0,0,0,0,,,
07/31/2023,3:00 PM,79,94,6,29.67,Rain,0,0,0,0,0,,,
07/31/2023,3:30 PM,79,94,5,29.67,Rain,0,0,0,0,0,,,
07/31/2023,4:00 PM,79,94,3,29.67,Clear,0,0,0,0,0,,,
07/31/2023,4:30 PM,79,94,3,29.64,Clear,0,0,0,0,0,,,
07/31/2023,5:00 PM,79,94,5,29.64,Clear,0,0,0,0,0,,,
07/31/2023,5:30 PM,81,89,5,29.64,Clear,0,0,0,0,0,,,
07/31/2023,6:00 PM,81,89,2,29.64,Clear,0,0,0,0,0,,,
07/31/2023,6:30 PM,81,89,2,29.67,Clear,0,0,0,0,0,,,
07/31/2023,7:00 PM,81,89,0,29.67,Clear,0,0,0,0,0,,,
07/31/2023,7:30 PM,79,94,0,29.67,Clear,0,0,0,0,0,,,
07/31/2023,8:00 PM,79,94,0,29.7,Clear,0,0,0,0,0,,,
07/31/2023,8:30 PM,79,94,3,29.7,Clear,0,0,0,0,0,,,
07/31/2023,9:00 PM,79,94,2,29.7,Clear,0,0,0,0,0,,,
07/31/2023,9:30 PM,79,94,2,29.73,Clear,0,0,0,0,0,,,
07/31/2023,10:00 PM,77,94,0,29.73,Clear,0,0,0,0,0,,,
07/31/2023,10:30 PM,79,94,0,29.73,Clear,0,0,0,0,0,,,
07/31/2023,11:00 PM,77,100,2,29.73,Clear,0,0,0,0,0,,,
07/31/2023,11:30 PM,77,100,3,29.73,Clear,0,0,0,0,0,,,
8/1/2023,12:00 AM,77,100,0,29.73,Clear,0,0,0,0,0,,,
8/1/2023,12:30 AM,77,100,0,29.73,Clear,0,0,0,0,0,,,
8/1/2023,1:00 AM,79,94,3,29.7,Clear,0,0,0,0,0,,,
8/1/2023,1:30 AM,79,94,3,29.7,Clear,0,0,0,0,0,,,
8/1/2023,2:00 AM,79,94,2,29.7,Clear,0,0,0,0,0,,,
8/1/2023,2:30 AM,79,94,2,29.67,Clear,0,0,0,0,0,,,
8/1/2023,3:00 AM,79,94,5,29.67,Clear,0,0,0,0,0,,,
8/1/2023,3:30 AM,79,94,3,29.7,Clear,0,0,0,0,0,,,
8/1/2023,4:00 AM,79,94,3,29.7,Clear,0,0,0,0,0,,,
8/1/2023,4:30 AM,79,94,3,29.7,Rain,0,0,0,0,0,,,
8/1/2023,5:00 AM,77,94,7,29.73,Rain,0,0,0,0,0,,,
8/1/2023,5:30 AM,77,94,3,29.7,Rain,0,0,0,0,0,,,
8/1/2023,6:00 AM,77,94,5,29.7,Rain,0,0,0,0,0,,,
8/1/2023,6:30 AM,75,100,5,29.7,Rain,0,0,0,0,0,,,
8/1/2023,7:00 AM,75,100,5,29.7,Clear,0,0,0,0,0,,,
8/1/2023,7:30 AM,75,94,6,29.73,Clear,0,0,0,0,0,,,
8/1/2023,8:00 AM,77,89,7,29.76,Clear,0,0,0,0,0,,,
8/1/2023,8:30 AM,79,83,5,29.76,Clear,0,0,0,0,0,,,
8/1/2023,9:00 AM,81,79,5,29.76,Clear,0,0,0,0,0,,,
8/1/2023,9:30 AM,82,79,6,29.76,Clear,0,0,0,0,0,,,
8/1/2023,10:00 AM,84,74,3,29.76,Clear,0,0,0,0,0,,,
8/1/2023,10:30 AM,84,74,5,29.76,Clear,0,0,0,0,0,,,
8/1/2023,11:00 AM,84,74,2,29.73,Clear,0,0,0,0,0,,,
8/1/2023,11:30 AM,88,70,3,29.73,Clear,0,0,0,0,0,,,
8/1/2023,12:00 PM,88,66,8,29.73,Clear,0,0,0,0,0,,,
8/1/2023,12:30 PM,88,66,7,29.7,Clear,0,0,0,0,0,,,
8/1/2023,1:00 PM,88,66,10,29.7,Clear,0,0,0,0,0,,,
8/1/2023,1:30 PM,88,66,10,29.67,Clear,0,0,0,0,0,,,
8/1/2023,2:00 PM,88,66,10,29.67,Clear,0,0,0,0,0,,,
8/1/2023,2:30 PM,86,70,10,29.67,Clear,0,0,0,0,0,,,
8/1/2023,3:00 PM,88,66,7,29.67,Rain,0,0,0,0,0,,,
8/1/2023,3:30 PM,86,70,8,29.67,Rain,0,0,0,0,0,,,
8/1/2023,4:00 PM,86,70,7,29.67,Clear,0,0,0,0,0,,,
8/1/2023,4:30 PM,86,70,7,29.67,Clear,0,0,0,0,0,,,
8/1/2023,5:00 PM,84,79,6,29.67,Rain,0,0,0,0,0,,,
8/1/2023,5:30 PM,84,84,6,29.67,Rain,0,0,0,0,0,,,
8/1/2023,6:00 PM,82,89,8,29.7,Rain,0,0,0,0,0,,,
8/1/2023,6:30 PM,77,94,15,29.73,Rain,0,0,0,0,0,,,
8/1/2023,7:00 PM,77,94,3,29.73,Rain,0,0,0,0,0,,,
8/1/2023,7:30 PM,77,94,3,29.73,Rain,0,0,0,0,0,,,
8/1/2023,8:00 PM,77,94,0,29.76,Clear,0,0,0,0,0,,,
8/1/2023,8:30 PM,77,94,2,29.76,Rain,0,0,0,0,0,,,
8/1/2023,9:00 PM,77,94,5,29.76,Rain,0,0,0,0,0,,,
8/1/2023,9:30 PM,77,94,2,29.76,Rain,0,0,0,0,0,,,
8/1/2023,10:00 PM,77,94,3,29.76,Rain,0,0,0,0,0,,,
8/1/2023,10:30 PM,77,94,0,29.76,Rain,0,0,0,0,0,,,
8/1/2023,11:00 PM,77,100,0,29.76,Clear,0,0,0,0,0,,,
8/1/2023,11:30 PM,77,94,0,29.76,Clear,0,0,0,0,0,,,
8/2/2023,12:00 AM,77,100,0,29.76,Clear,0,0,0,0,0,,,
8/2/2023,12:30 AM,77,100,0,29.73,Clear,0,0,0,0,0,,,
8/2/2023,1:00 AM,77,94,2,29.73,Clear,0,0,0,0,0,,,
8/2/2023,1:30 AM,77,94,2,29.73,Clear,0,0,0,0,0,,,
8/2/2023,2:00 AM,77,94,3,29.73,Clear,0,0,0,0,0,,,
8/2/2023,2:30 AM,77,94,0,29.73,Clear,0,0,0,0,0,,,
8/2/2023,3:00 AM,77,94,0,29.7,Clear,0,0,0,0,0,,,
8/2/2023,3:30 AM,77,94,0,29.7,Clear,0,0,0,0,0,,,
8/2/2023,4:00 AM,77,94,0,29.7,Clear,0,0,0,0,0,,,
8/2/2023,4:30 AM,77,100,0,29.7,Clear,0,0,0,0,0,,,
8/2/2023,5:00 AM,77,100,0,29.73,Clear,0,0,0,0,0,,,
8/2/2023,5:30 AM,77,100,0,29.73,Clear,0,0,0,0,0,,,
8/2/2023,6:00 AM,77,100,0,29.73,Clear,0,0,0,0,0,,,
8/2/2023,6:30 AM,77,100,0,29.73,Mist,0,0,0,0,0,,,
8/2/2023,7:00 AM,77,100,0,29.73,Mist,0,0,0,0,0,,,
8/2/2023,7:30 AM,77,100,0,29.76,Mist,0,0,0,0,0,,,
8/2/2023,8:00 AM,79,94,2,29.76,Clear,0,0,0,0,0,,,
8/2/2023,8:30 AM,81,89,0,29.76,Clear,0,0,0,0,0,,,
8/2/2023,9:00 AM,82,84,0,29.76,Clear,0,0,0,0,0,,,
8/2/2023,9:30 AM,82,84,0,29.76,Clear,0,0,0,0,0,,,
8/2/2023,10:00 AM,84,79,5,29.76,Clear,0,0,0,0,0,,,
8/2/2023,10:30 AM,84,84,3,29.76,Clear,0,0,0,0,0,,,
8/2/2023,11:00 AM,86,74,3,29.76,Clear,0,0,0,0,0,,,
8/2/2023,11:30 AM,86,74,3,29.76,Clear,0,0,0,0,0,,,
8/2/2023,12:00 PM,88,70,0,29.76,Clear,0,0,0,0,0,,,
8/2/2023,12:30 PM,86,74,3,29.76,Clear,0,0,0,0,0,,,
8/2/2023,1:00 PM,88,70,2,29.73,Clear,0,0,0,0,0,,,
8/2/2023,1:30 PM,86,74,3,29.73,Clear,0,0,0,0,0,,,
8/2/2023,2:00 PM,88,70,3,29.7,Clear,0,0,0,0,0,,,
8/2/2023,2:30 PM,88,70,1,29.7,Clear,0,0,0,0,0,,,
8/2/2023,3:00 PM,88,70,2,29.7,Clear,0,0,0,0,0,,,
8/2/2023,3:30 PM,86,74,3,29.67,Clear,0,0,0,0,0,,,
8/2/2023,4:00 PM,88,70,2,29.67,Clear,0,0,0,0,0,,,
8/2/2023,4:30 PM,88,70,3,29.67,Clear,0,0,0,0,0,,,
8/2/2023,5:00 PM,88,70,5,29.67,Clear,0,0,0,0,0,,,
8/2/2023,5:30 PM,88,75,3,29.67,Clear,0,0,0,0,0,,,
8/2/2023,6:00 PM,86,79,3,29.67,Clear,0,0,0,0,0,,,
8/2/2023,6:30 PM,86,62,6,29.7,Clear,0,0,0,0,0,,,
8/2/2023,7:00 PM,84,66,6,29.7,Clear,0,0,0,0,0,,,
8/2/2023,7:30 PM,84,66,2,29.73,Clear,0,0,0,0,0,,,
8/2/2023,8:00 PM,82,74,0,29.73,Clear,0,0,0,0,0,,,
8/2/2023,8:30 PM,82,74,0,29.73,Clear,0,0,0,0,0,,,
8/2/2023,9:00 PM,82,79,1,29.76,Clear,0,0,0,0,0,,,
8/2/2023,9:30 PM,81,84,3,29.76,Clear,0,0,0,0,0,,,
8/2/2023,10:00 PM,81,79,2,29.76,Clear,0,0,0,0,0,,,
8/2/2023,10:30 PM,81,79,3,29.79,Clear,0,0,0,0,0,,,
8/2/2023,11:00 PM,81,84,3,29.79,Clear,0,0,0,0,0,,,
8/2/2023,11:30 PM,81,89,3,29.76,Clear,0,0,0,0,0,,,
8/3/2023,12:00 AM,79,94,0,29.76,Clear,0,0,0,0,0,,,
8/3/2023,12:30 AM,79,94,0,29.76,Clear,0,0,0,0,0,,,
8/3/2023,1:00 AM,79,94,0,29.76,Clear,0,0,0,0,0,,,
8/3/2023,1:30 AM,79,94,0,29.73,Clear,0,0,0,0,0,,,
8/3/2023,2:00 AM,77,100,0,29.73,Clear,0,0,0,0,0,,,
8/3/2023,2:30 AM,77,100,0,29.73,Clear,0,0,0,0,0,,,
8/3/2023,3:00 AM,77,100,1,29.73,Clear,0,0,0,0,0,,,
8/3/2023,3:30 AM,77,100,1,29.73,Clear,0,0,0,0,0,,,
8/3/2023,4:00 AM,77,94,2,29.73,Clear,0,0,0,0,0,,,
8/3/2023,4:30 AM,77,94,0,29.73,Clear,0,0,0,0,0,,,
8/3/2023,5:00 AM,77,100,3,29.73,Clear,0,0,0,0,0,,,
8/3/2023,5:30 AM,79,94,0,29.73,Rain,0,0,0,0,0,,,
8/3/2023,6:00 AM,79,94,2,29.73,Clear,0,0,0,0,0,,,
8/3/2023,6:30 AM,77,100,2,29.73,Clear,0,0,0,0,0,,,
8/3/2023,7:00 AM,79,94,2,29.73,Clear,0,0,0,0,0,,,
8/3/2023,7:30 AM,79,94,3,29.76,Clear,0,0,0,0,0,,,
8/3/2023,8:00 AM,81,89,1,29.76,Clear,0,0,0,0,0,,,
8/3/2023,8:30 AM,82,84,3,29.76,Clear,0,0,0,0,0,,,
8/3/2023,9:00 AM,84,79,6,29.76,Clear,0,0,0,0,0,,,
8/3/2023,9:30 AM,86,79,3,29.79,Clear,0,0,0,0,0,,,
8/3/2023,10:00 AM,86,79,3,29.76,Clear,0,0,0,0,0,,,
8/3/2023,10:30 AM,90,66,9,29.76,Clear,0,0,0,0,0,,,
8/3/2023,11:00 AM,88,66,9,29.76,Clear,0,0,0,0,0,,,
8/3/2023,11:30 AM,90,62,8,29.76,Rain,0,0,0,0,0,,,
8/3/2023,12:00 PM,88,66,12,29.73,Rain,0,0,0,0,0,,,
8/3/2023,12:30 PM,90,62,9,29.73,Clear,0,0,0,0,0,,,
8/3/2023,1:00 PM,90,62,10,29.73,Clear,0,0,0,0,0,,,
8/3/2023,1:30 PM,91,59,14,29.7,Clear,0,0,0,0,0,,,
8/3/2023,2:00 PM,90,62,13,29.7,Clear,0,0,0,0,0,,,
8/3/2023,2:30 PM,91,59,10,29.7,Clear,0,0,0,0,0,,,
8/3/2023,3:00 PM,90,62,13,29.67,Clear,0,0,0,0,0,,,
8/3/2023,3:30 PM,90,62,10,29.67,Clear,0,0,0,0,0,,,
8/3/2023,4:00 PM,90,62,8,29.67,Clear,0,0,0,0,0,,,
8/3/2023,4:30 PM,90,62,9,29.67,Clear,0,0,0,0,0,,,
8/3/2023,5:00 PM,90,59,9,29.67,Clear,0,0,0,0,0,,,
8/3/2023,5:30 PM,88,62,9,29.7,Clear,0,0,0,0,0,,,
8/3/2023,6:00 PM,88,62,6,29.7,Clear,0,0,0,0,0,,,
8/3/2023,6:30 PM,86,66,7,29.73,Clear,0,0,0,0,0,,,
8/3/2023,7:00 PM,84,70,3,29.73,Clear,0,0,0,0,0,,,
8/3/2023,7:30 PM,84,70,0,29.76,Clear,0,0,0,0,0,,,
8/3/2023,8:00 PM,84,70,3,29.76,Clear,0,0,0,0,0,,,
8/3/2023,8:30 PM,82,79,3,29.79,Clear,0,0,0,0,0,,,
8/3/2023,9:00 PM,82,79,3,29.79,Clear,0,0,0,0,0,,,
8/3/2023,9:30 PM,81,84,3,29.79,Clear,0,0,0,0,0,,,
8/3/2023,10:00 PM,81,84,0,29.81,Clear,0,0,0,0,0,,,
8/3/2023,10:30 PM,81,84,2,29.81,Clear,0,0,0,0,0,,,
8/3/2023,11:00 PM,81,89,0,29.81,Clear,0,0,0,0,0,,,
8/3/2023,11:30 PM,81,89,0,29.81,Clear,0,0,0,0,0,,,
8/4/2023,12:00 AM,81,89,0,29.79,Clear,0,0,0,0,0,,,
8/4/2023,12:30 AM,81,89,0,29.79,Clear,0,0,0,0,0,,,
8/4/2023,1:00 AM,79,94,0,29.79,Clear,0,0,0,0,0,,,
8/4/2023,1:30 AM,79,94,0,29.79,Clear,0,0,0,0,0,,,
8/4/2023,2:00 AM,79,94,0,29.76,Clear,0,0,0,0,0,,,
8/4/2023,2:30 AM,79,94,0,29.76,Clear,0,0,0,0,0,,,
8/4/2023,3:00 AM,77,100,0,29.76,Clear,0,0,0,0,0,,,
8/4/2023,3:30 AM,77,100,0,29.76,Clear,0,0,0,0,0,,,
8/4/2023,4:00 AM,77,100,0,29.76,Clear,0,0,0,0,0,,,
8/4/2023,4:30 AM,77,100,0,29.76,Clear,0,0,0,0,0,,,
8/4/2023,5:00 AM,77,100,0,29.76,Clear,0,0,0,0,0,,,
8/4/2023,5:30 AM,77,94,0,29.76,Clear,0,0,0,0,0,,,
8/4/2023,6:00 AM,77,94,0,29.76,Clear,0,0,0,0,0,,,
8/4/2023,6:30 AM,77,100,0,29.76,Clear,0,0,0,0,0,,,
8/4/2023,7:00 AM,77,100,0,29.79,Clear,0,0,0,0,0,,,
8/4/2023,7:30 AM,79,94,0,29.79,Clear,0,0,0,0,0,,,
8/4/2023,8:00 AM,81,94,0,29.81,Clear,0,0,0,0,0,,,
8/4/2023,8:30 AM,82,89,0,29.81,Clear,0,0,0,0,0,,,
8/4/2023,9:00 AM,82,89,0,29.81,Clear,0,0,0,0,0,,,
8/4/2023,9:30 AM,84,89,1,29.81,Clear,0,0,0,0,0,,,
8/4/2023,10:00 AM,86,74,7,29.81,Clear,0,0,0,0,0,,,
8/4/2023,10:30 AM,88,75,6,29.81,Clear,0,0,0,0,0,,,
8/4/2023,11:00 AM,88,70,7,29.79,Clear,0,0,0,0,0,,,
8/4/2023,11:30 AM,88,70,7,29.79,Clear,0,0,0,0,0,,,
8/4/2023,12:00 PM,90,66,7,29.79,Clear,0,0,0,0,0,,,
8/4/2023,12:30 PM,90,66,9,29.79,Clear,0,0,0,0,0,,,
8/4/2023,1:00 PM,91,63,10,29.76,Clear,0,0,0,0,0,,,
8/4/2023,1:30 PM,86,70,15,29.79,Rain,0,0,0,0,0,,,
8/4/2023,2:00 PM,84,74,12,29.76,Rain,0,0,0,0,0,,,
8/4/2023,2:30 PM,84,66,8,29.76,Clear,0,0,0,0,0,,,
8/4/2023,3:00 PM,84,70,9,29.73,Clear,0,0,0,0,0,,,
8/4/2023,3:30 PM,88,66,8,29.73,Clear,0,0,0,0,0,,,
8/4/2023,4:00 PM,90,66,9,29.73,Clear,0,0,0,0,0,,,
8/4/2023,4:30 PM,90,66,9,29.73,Clear,0,0,0,0,0,,,
8/4/2023,5:00 PM,88,70,13,29.73,Clear,0,0,0,0,0,,,
8/4/2023,5:30 PM,88,70,9,29.73,Clear,0,0,0,0,0,,,
8/4/2023,6:00 PM,86,70,7,29.73,Clear,0,0,0,0,0,,,
8/4/2023,6:30 PM,84,74,8,29.76,Clear,0,0,0,0,0,,,
8/4/2023,7:00 PM,84,74,5,29.76,Clear,0,0,0,0,0,,,
8/4/2023,7:30 PM,82,79,6,29.76,Clear,0,0,0,0,0,,,
8/4/2023,8:00 PM,84,74,7,29.79,Clear,0,0,0,0,0,,,
8/4/2023,8:30 PM,82,79,5,29.79,Clear,0,0,0,0,0,,,
8/4/2023,9:00 PM,82,79,5,29.81,Clear,0,0,0,0,0,,,
8/4/2023,9:30 PM,81,89,0,29.81,Clear,0,0,0,0,0,,,
8/4/2023,10:00 PM,81,84,0,29.81,Clear,0,0,0,0,0,,,
8/4/2023,10:30 PM,81,89,0,29.84,Clear,0,0,0,0,0,,,
8/4/2023,11:00 PM,81,89,0,29.84,Clear,0,0,0,0,0,,,
8/4/2023,11:30 PM,81,89,0,29.84,Clear,0,0,0,0,0,,,
8/5/2023,12:00 AM,81,89,0,29.84,Clear,0,0,0,0,0,,,
8/5/2023,12:30 AM,81,89,0,29.81,Clear,0,0,0,0,0,,,
8/5/2023,1:00 AM,81,89,0,29.81,Clear,0,0,0,0,0,,,
8/5/2023,1:30 AM,81,89,0,29.81,Clear,0,0,0,0,0,,,
8/5/2023,2:00 AM,79,94,0,29.79,Clear,0,0,0,0,0,,,
8/5/2023,2:30 AM,79,94,0,29.79,Clear,0,0,0,0,0,,,
8/5/2023,3:00 AM,79,94,0,29.79,Clear,0,0,0,0,0,,,
8/5/2023,3:30 AM,79,94,0,29.79,Clear,0,0,0,0,0,,,
8/5/2023,4:00 AM,79,94,0,29.79,Clear,0,0,0,0,0,,,
8/5/2023,4:30 AM,79,94,0,29.79,Clear,0,0,0,0,0,,,
8/5/2023,5:00 AM,79,94,0,29.79,Clear,0,0,0,0,0,,,
8/5/2023,5:30 AM,79,94,0,29.79,Clear,0,0,0,0,0,,,
8/5/2023,6:00 AM,79,94,0,29.81,Clear,0,0,0,0,0,,,
8/5/2023,6:30 AM,79,94,0,29.79,Clear,0,0,0,0,0,,,
8/5/2023,7:00 AM,79,94,0,29.81,Clear,0,0,0,0,0,,,
8/5/2023,7:30 AM,81,94,0,29.81,Clear,0,0,0,0,0,,,
8/5/2023,8:00 AM,82,89,2,29.81,Clear,0,0,0,0,0,,,
8/5/2023,8:30 AM,82,89,0,29.84,Clear,0,0,0,0,0,,,
8/5/2023,9:00 AM,84,84,0,29.84,Clear,0,0,0,0,0,,,
8/5/2023,9:30 AM,86,79,2,29.84,Clear,0,0,0,0,0,,,
8/5/2023,10:00 AM,88,70,3,29.84,Clear,0,0,0,0,0,,,
8/5/2023,10:30 AM,90,66,8,29.84,Rain,0,0,0,0,0,,,
8/5/2023,11:00 AM,79,89,7,29.84,Rain,0,0,0,0,0,,,
8/5/2023,11:30 AM,82,84,6,29.81,Clear,0,0,0,0,0,,,
8/5/2023,12:00 PM,86,70,8,29.81,Clear,0,0,0,0,0,,,
8/5/2023,12:30 PM,90,66,7,29.79,Clear,0,0,0,0,0,,,
8/5/2023,1:00 PM,90,66,6,29.79,Clear,0,0,0,0,0,,,
8/5/2023,1:30 PM,91,63,7,29.76,Clear,0,0,0,0,0,,,
8/5/2023,2:00 PM,91,55,12,29.76,Clear,0,0,0,0,0,,,
8/5/2023,2:30 PM,93,56,10,29.73,Clear,0,0,0,0,0,,,
8/5/2023,3:00 PM,91,59,18,29.73,Clear,0,0,0,0,0,,,
8/5/2023,3:30 PM,90,55,16,29.73,Clear,0,0,0,0,0,,,
8/5/2023,4:00 PM,90,55,12,29.73,Clear,0,0,0,0,0,,,
8/5/2023,4:30 PM,90,55,13,29.73,Clear,0,0,0,0,0,,,
8/5/2023,5:00 PM,90,55,10,29.73,Clear,0,0,0,0,0,,,
8/5/2023,5:30 PM,88,58,7,29.73,Clear,0,0,0,0,0,,,
8/5/2023,6:00 PM,88,62,7,29.76,Clear,0,0,0,0,0,,,
8/5/2023,6:30 PM,88,62,6,29.76,Clear,0,0,0,0,0,,,
8/5/2023,7:00 PM,86,62,3,29.76,Clear,0,0,0,0,0,,,
8/5/2023,7:30 PM,84,66,0,29.76,Clear,0,0,0,0,0,,,
8/5/2023,8:00 PM,82,79,0,29.79,Clear,0,0,0,0,0,,,
8/5/2023,8:30 PM,82,84,0,29.79,Clear,0,0,0,0,0,,,
8/5/2023,9:00 PM,81,89,0,29.81,Clear,0,0,0,0,0,,,
8/5/2023,9:30 PM,81,89,0,29.81,Clear,0,0,0,0,0,,,
8/5/2023,10:00 PM,81,89,0,29.84,Clear,0,0,0,0,0,,,
8/5/2023,10:30 PM,81,89,0,29.84,Clear,0,0,0,0,0,,,
8/5/2023,11:00 PM,79,94,0,29.81,Clear,0,0,0,0,0,,,
8/5/2023,11:30 PM,79,94,0,29.81,Clear,0,0,0,0,0,,,
8/6/2023,12:00 AM,79,94,5,29.81,Clear,0,0,0,0,0,,,
8/6/2023,12:30 AM,79,94,0,29.81,Clear,0,0,0,0,0,,,
8/6/2023,1:00 AM,79,89,0,29.79,Clear,0,0,0,0,0,,,
8/6/2023,1:30 AM,79,89,0,29.79,Clear,0,0,0,0,0,,,
8/6/2023,2:00 AM,79,94,0,29.76,Clear,0,0,0,0,0,,,
8/6/2023,2:30 AM,79,94,0,29.76,Clear,0,0,0,0,0,,,
8/6/2023,3:00 AM,77,100,0,29.76,Clear,0,0,0,0,0,,,
8/6/2023,3:30 AM,77,100,1,29.76,Clear,0,0,0,0,0,,,
8/6/2023,4:00 AM,77,100,0,29.76,Clear,0,0,0,0,0,,,
8/6/2023,4:30 AM,77,100,0,29.76,Clear,0,0,0,0,0,,,
8/6/2023,5:00 AM,77,100,0,29.76,Clear,0,0,0,0,0,,,
8/6/2023,5:30 AM,77,94,0,29.76,Clear,0,0,0,0,0,,,
8/6/2023,6:00 AM,77,94,0,29.76,Clear,0,0,0,0,0,,,
8/6/2023,6:30 AM,77,100,1,29.79,Clear,0,0,0,0,0,,,
8/6/2023,7:00 AM,77,100,0,29.79,Clear,0,0,0,0,0,,,
8/6/2023,7:30 AM,79,94,1,29.79,Clear,0,0,0,0,0,,,
8/6/2023,8:00 AM,81,89,0,29.81,Clear,0,0,0,0,0,,,
8/6/2023,8:30 AM,84,84,0,29.81,Clear,0,0,0,0,0,,,
8/6/2023,9:00 AM,86,79,2,29.79,Clear,0,0,0,0,0,,,
8/6/2023,9:30 AM,88,70,3,29.79,Clear,0,0,0,0,0,,,
8/6/2023,10:00 AM,86,74,3,29.79,Clear,0,0,0,0,0,,,
8/6/2023,10:30 AM,88,66,5,29.79,Clear,0,0,0,0,0,,,
8/6/2023,11:00 AM,90,59,8,29.79,Clear,0,0,0,0,0,,,
8/6/2023,11:30 AM,91,59,8,29.79,Clear,0,0,0,0,0,,,
8/6/2023,12:00 PM,91,55,10,29.76,Rain,0,0,0,0,0,,,
8/6/2023,12:30 PM,91,55,16,29.76,Rain,0,0,0,0,0,,,
8/6/2023,1:00 PM,90,62,13,29.73,Rain,0,0,0,0,0,,,
8/6/2023,1:30 PM,91,55,16,29.73,Rain,0,0,0,0,0,,,
8/6/2023,2:00 PM,90,62,14,29.73,Clear,0,0,0,0,0,,,
8/6/2023,2:30 PM,90,62,17,29.7,Rain,0,0,0,0,0,,,
8/6/2023,3:00 PM,86,66,14,29.7,Rain,0,0,0,0,0,,,
8/6/2023,3:30 PM,86,66,9,29.7,Clear,0,0,0,0,0,,,
8/6/2023,4:00 PM,86,66,8,29.7,Clear,0,0,0,0,0,,,
8/6/2023,4:30 PM,86,66,6,29.7,Clear,0,0,0,0,0,,,
8/6/2023,5:00 PM,86,66,6,29.7,Clear,0,0,0,0,0,,,
8/6/2023,5:30 PM,84,74,6,29.73,Clear,0,0,0,0,0,,,
8/6/2023,6:00 PM,84,74,6,29.73,Clear,0,0,0,0,0,,,
8/6/2023,6:30 PM,84,74,5,29.73,Clear,0,0,0,0,0,,,
8/6/2023,7:00 PM,84,74,6,29.73,Clear,0,0,0,0,0,,,
8/6/2023,7:30 PM,82,79,3,29.73,Clear,0,0,0,0,0,,,
8/6/2023,8:00 PM,84,74,6,29.73,Clear,0,0,0,0,0,,,
8/6/2023,8:30 PM,82,79,3,29.76,Clear,0,0,0,0,0,,,
8/6/2023,9:00 PM,82,79,6,29.76,Clear,0,0,0,0,0,,,
8/6/2023,9:30 PM,82,74,7,29.79,Clear,0,0,0,0,0,,,
8/6/2023,10:00 PM,81,79,3,29.79,Clear,0,0,0,0,0,,,
8/6/2023,10:30 PM,81,79,5,29.79,Clear,0,0,0,0,0,,,
8/6/2023,11:00 PM,81,79,2,29.79,Clear,0,0,0,0,0,,,
8/6/2023,11:30 PM,81,84,2,29.79,Clear,0,0,0,0,0,,,
8/7/2023,12:00 AM,81,84,0,29.79,Clear,0,0,0,0,0,,,
8/7/2023,12:30 AM,81,84,2,29.79,Clear,0,0,0,0,0,,,
8/7/2023,1:00 AM,81,84,5,29.76,Clear,0,0,0,0,0,,,
8/7/2023,1:30 AM,81,84,5,29.76,Clear,0,0,0,0,0,,,
8/7/2023,2:00 AM,79,89,0,29.73,Clear,0,0,0,0,0,,,
8/7/2023,2:30 AM,79,89,0,29.73,Clear,0,0,0,0,0,,,
8/7/2023,3:00 AM,79,89,0,29.7,Clear,0,0,0,0,0,,,
8/7/2023,3:30 AM,79,89,0,29.7,Clear,0,0,0,0,0,,,
8/7/2023,4:00 AM,79,89,2,29.7,Clear,0,0,0,0,0,,,
8/7/2023,4:30 AM,79,89,2,29.7,Clear,0,0,0,0,0,,,
8/7/2023,5:00 AM,77,94,0,29.73,Clear,0,0,0,0,0,,,
8/7/2023,5:30 AM,77,94,0,29.73,Clear,0,0,0,0,0,,,
8/7/2023,6:00 AM,77,94,0,29.73,Clear,0,0,0,0,0,,,
8/7/2023,6:30 AM,77,94,0,29.73,Clear,0,0,0,0,0,,,
8/7/2023,7:00 AM,77,94,0,29.73,Clear,0,0,0,0,0,,,
8/7/2023,7:30 AM,79,94,0,29.73,Clear,0,0,0,0,0,,,
8/7/2023,8:00 AM,82,84,5,29.76,Clear,0,0,0,0,0,,,
8/7/2023,8:30 AM,82,84,5,29.76,Clear,0,0,0,0,0,,,
8/7/2023,9:00 AM,82,84,5,29.76,Clear,0,0,0,0,0,,,
8/7/2023,9:30 AM,86,74,0,29.76,Clear,0,0,0,0,0,,,
8/7/2023,10:00 AM,88,70,0,29.76,Clear,0,0,0,0,0,,,
8/7/2023,10:30 AM,88,70,3,29.76,Clear,0,0,0,0,0,,,
8/7/2023,11:00 AM,90,66,0,29.76,Clear,0,0,0,0,0,,,
8/7/2023,11:30 AM,90,62,3,29.73,Clear,0,0,0,0,0,,,
8/7/2023,12:00 PM,91,63,7,29.73,Rain,0,0,0,0,0,,,
8/7/2023,12:30 PM,88,62,14,29.7,Rain,0,0,0,0,0,,,
8/7/2023,1:00 PM,86,66,8,29.7,Rain,0,0,0,0,0,,,
8/7/2023,1:30 PM,90,62,6,29.7,Clear,0,0,0,0,0,,,
8/7/2023,2:00 PM,88,66,6,29.67,Clear,0,0,0,0,0,,,
8/7/2023,2:30 PM,90,70,5,29.67,Clear,0,0,0,0,0,,,
8/7/2023,3:00 PM,90,62,13,29.64,Clear,0,0,0,0,0,,,
8/7/2023,3:30 PM,90,59,13,29.64,Clear,0,0,0,0,0,,,
8/7/2023,4:00 PM,90,62,9,29.64,Clear,0,0,0,0,0,,,
8/7/2023,4:30 PM,90,62,8,29.64,Clear,0,0,0,0,0,,,
8/7/2023,5:00 PM,88,66,9,29.64,Clear,0,0,0,0,0,,,
8/7/2023,5:30 PM,88,66,12,29.67,Rain,0,0,0,0,0,,,
8/7/2023,6:00 PM,86,70,9,29.67,Rain,0,0,0,0,0,,,
8/7/2023,6:30 PM,86,66,10,29.67,Clear,0,0,0,0,0,,,
8/7/2023,7:00 PM,84,70,6,29.7,Clear,0,0,0,0,0,,,
8/7/2023,7:30 PM,82,74,0,29.7,Clear,0,0,0,0,0,,,
8/7/2023,8:00 PM,82,74,5,29.73,Clear,0,0,0,0,0,,,
8/7/2023,8:30 PM,82,79,0,29.73,Clear,0,0,0,0,0,,,
8/7/2023,9:00 PM,82,79,5,29.73,Clear,0,0,0,0,0,,,
8/7/2023,9:30 PM,81,84,2,29.76,Clear,0,0,0,0,0,,,
8/7/2023,10:00 PM,81,84,0,29.76,Clear,0,0,0,0,0,,,
8/7/2023,10:30 PM,81,84,0,29.76,Clear,0,0,0,0,0,,,
8/7/2023,11:00 PM,81,84,0,29.76,Clear,0,0,0,0,0,,,
8/7/2023,11:30 PM,79,89,0,29.76,Clear,0,0,0,0,0,,,
8/8/2023,12:00 AM,79,89,0,29.73,Clear,0,0,0,0,0,,,
8/8/2023,12:30 AM,79,89,0,29.73,Clear,0,0,0,0,0,,,
8/8/2023,1:00 AM,79,89,0,29.73,Clear,0,0,0,0,0,,,
8/8/2023,1:30 AM,79,89,0,29.73,Clear,0,0,0,0,0,,,
8/8/2023,2:00 AM,79,89,0,29.7,Clear,0,0,0,0,0,,,
8/8/2023,2:30 AM,79,89,0,29.7,Clear,0,0,0,0,0,,,
8/8/2023,3:00 AM,79,89,0,29.7,Clear,0,0,0,0,0,,,
8/8/2023,3:30 AM,79,94,0,29.7,Clear,0,0,0,0,0,,,
8/8/2023,4:00 AM,79,89,0,29.7,Clear,0,0,0,0,0,,,
8/8/2023,4:30 AM,77,94,0,29.7,Clear,0,0,0,0,0,,,
8/8/2023,5:00 AM,77,100,0,29.7,Clear,0,0,0,0,0,,,
8/8/2023,5:30 AM,77,94,0,29.73,Clear,0,0,0,0,0,,,
8/8/2023,6:00 AM,77,94,0,29.73,Clear,0,0,0,0,0,,,
8/8/2023,6:30 AM,77,94,0,29.73,Clear,0,0,0,0,0,,,
8/8/2023,7:00 AM,79,94,0,29.76,Clear,0,0,0,0,0,,,
8/8/2023,7:30 AM,79,89,6,29.79,Clear,0,0,0,0,0,,,
8/8/2023,8:00 AM,81,84,5,29.79,Clear,0,0,0,0,0,,,
8/8/2023,8:30 AM,82,79,7,29.79,Clear,0,0,0,0,0,,,
8/8/2023,9:00 AM,84,70,10,29.81,Clear,0,0,0,0,0,,,
8/8/2023,9:30 AM,82,74,13,29.81,Rain,0,0,0,0,0,,,
8/8/2023,10:30 AM,84,70,15,29.81,Rain,0,0,0,0,0,,,
8/8/2023,11:00 AM,82,74,12,29.79,Clear,0,0,0,0,0,,,
8/8/2023,11:30 AM,86,66,7,29.79,Clear,0,0,0,0,0,,,
8/8/2023,12:00 PM,88,55,9,29.76,Clear,0,0,0,0,0,,,
8/8/2023,12:30 PM,90,52,10,29.73,Clear,0,0,0,0,0,,,
8/8/2023,1:00 PM,90,52,8,29.73,Clear,0,0,0,0,0,,,
8/8/2023,1:30 PM,91,52,8,29.7,Clear,0,0,0,0,0,,,
8/8/2023,2:00 PM,93,46,10,29.7,Clear,0,0,0,0,0,,,
8/8/2023,2:30 PM,91,49,17,29.7,Clear,0,0,0,0,0,,,
8/8/2023,3:00 PM,90,52,15,29.7,Clear,0,0,0,0,0,,,
8/8/2023,3:30 PM,90,52,9,29.7,Clear,0,0,0,0,0,,,
8/8/2023,4:00 PM,90,49,9,29.7,Clear,0,0,0,0,0,,,
8/8/2023,4:30 PM,90,52,9,29.7,Clear,0,0,0,0,0,,,
8/8/2023,5:00 PM,90,52,9,29.7,Clear,0,0,0,0,0,,,
8/8/2023,5:30 PM,90,52,9,29.7,Clear,0,0,0,0,0,,,
8/8/2023,6:00 PM,88,58,7,29.7,Clear,0,0,0,0,0,,,
8/8/2023,6:30 PM,86,62,5,29.7,Clear,0,0,0,0,0,,,
8/8/2023,7:00 PM,86,62,5,29.73,Clear,0,0,0,0,0,,,
8/8/2023,7:30 PM,86,62,5,29.73,Clear,0,0,0,0,0,,,
8/8/2023,8:00 PM,84,70,5,29.73,Clear,0,0,0,0,0,,,
8/8/2023,8:30 PM,84,70,6,29.76,Clear,0,0,0,0,0,,,
8/8/2023,9:00 PM,82,74,5,29.76,Clear,0,0,0,0,0,,,
8/8/2023,9:30 PM,81,79,3,29.79,Clear,0,0,0,0,0,,,
8/8/2023,10:00 PM,81,79,3,29.79,Clear,0,0,0,0,0,,,
8/8/2023,10:30 PM,81,79,5,29.79,Clear,0,0,0,0,0,,,
8/8/2023,11:00 PM,81,79,5,29.79,Clear,0,0,0,0,0,,,
8/8/2023,11:30 PM,79,89,5,29.79,Clear,0,0,0,0,0,,,
8/9/2023,12:00 AM,79,89,5,29.79,Clear,0,0,0,0,0,,,
8/9/2023,12:30 AM,79,89,2,29.79,Clear,0,0,0,0,0,,,
8/9/2023,1:00 AM,77,94,0,29.76,Clear,0,0,0,0,0,,,
8/9/2023,1:30 AM,77,94,0,29.76,Clear,0,0,0,0,0,,,
8/9/2023,2:00 AM,77,94,0,29.76,Clear,0,0,0,0,0,,,
8/9/2023,2:30 AM,77,94,0,29.76,Clear,0,0,0,0,0,,,
8/9/2023,3:00 AM,77,94,0,29.76,Clear,0,0,0,0,0,,,
8/9/2023,3:30 AM,77,94,0,29.76,Clear,0,0,0,0,0,,,
8/9/2023,4:00 AM,77,94,0,29.76,Clear,0,0,0,0,0,,,
8/9/2023,4:30 AM,77,94,0,29.76,Clear,0,0,0,0,0,,,
8/9/2023,5:00 AM,77,94,0,29.76,Clear,0,0,0,0,0,,,
8/9/2023,5:30 AM,77,94,0,29.76,Clear,0,0,0,0,0,,,
8/9/2023,6:00 AM,77,94,0,29.76,Clear,0,0,0,0,0,,,
8/9/2023,6:30 AM,75,100,0,29.76,Clear,0,0,0,0,0,,,
8/9/2023,7:00 AM,77,94,0,29.79,Clear,0,0,0,0,0,,,
8/9/2023,7:30 AM,81,84,0,29.79,Clear,0,0,0,0,0,,,
8/9/2023,8:00 AM,82,79,0,29.79,Clear,0,0,0,0,0,,,
8/9/2023,8:30 AM,82,79,2,29.81,Clear,0,0,0,0,0,,,
8/9/2023,9:00 AM,84,74,3,29.81,Clear,0,0,0,0,0,,,
8/9/2023,9:30 AM,86,70,5,29.81,Clear,0,0,0,0,0,,,
8/9/2023,10:00 AM,88,66,3,29.81,Clear,0,0,0,0,0,,,
8/9/2023,10:30 AM,88,66,5,29.81,Clear,0,0,0,0,0,,,
8/9/2023,11:00 AM,90,59,2,29.79,Clear,0,0,0,0,0,,,
8/9/2023,11:30 AM,90,59,5,29.79,Rain,0,0,0,0,0,,,
8/9/2023,12:00 PM,90,62,6,29.79,Rain,0,0,0,0,0,,,
8/9/2023,12:30 PM,82,79,8,29.76,Rain,0,0,0,0,0,,,
8/9/2023,1:00 PM,82,79,8,29.76,Rain,0,0,0,0,0,,,
8/9/2023,1:30 PM,88,75,3,29.73,Rain,0,0,0,0,0,,,
8/9/2023,2:00 PM,86,70,9,29.73,Clear,0,0,0,0,0,,,
8/9/2023,2:30 PM,82,79,8,29.73,Rain,0,0,0,0,0,,,
8/9/2023,3:00 PM,82,84,3,29.73,Clear,0,0,0,0,0,,,
8/9/2023,3:30 PM,90,66,2,29.7,Clear,0,0,0,0,0,,,
8/9/2023,4:00 PM,90,66,5,29.7,Rain,0,0,0,0,0,,,
8/9/2023,4:30 PM,82,79,14,29.73,Rain,0,0,0,0,0,,,
8/9/2023,5:00 PM,79,89,6,29.73,Clear,0,0,0,0,0,,,
8/9/2023,5:30 PM,79,89,2,29.73,Clear,0,0,0,0,0,,,
8/9/2023,6:00 PM,79,89,3,29.73,Clear,0,0,0,0,0,,,
8/9/2023,6:30 PM,79,89,2,29.73,Clear,0,0,0,0,0,,,
8/9/2023,7:00 PM,77,94,0,29.76,Clear,0,0,0,0,0,,,
8/9/2023,7:30 PM,77,94,0,29.76,Clear,0,0,0,0,0,,,
8/9/2023,8:00 PM,77,94,0,29.79,Clear,0,0,0,0,0,,,
8/9/2023,8:30 PM,77,94,0,29.79,Clear,0,0,0,0,0,,,
8/9/2023,9:00 PM,77,94,0,29.79,Clear,0,0,0,0,0,,,
8/9/2023,9:30 PM,77,94,0,29.81,Clear,0,0,0,0,0,,,
8/9/2023,10:00 PM,77,94,0,29.81,Clear,0,0,0,0,0,,,
8/9/2023,10:30 PM,77,94,0,29.81,Clear,0,0,0,0,0,,,
8/9/2023,11:00 PM,77,94,0,29.81,Clear,0,0,0,0,0,,,
8/9/2023,11:30 PM,77,94,0,29.81,Clear,0,0,0,0,0,,,
8/10/2023,12:00 AM,77,94,0,29.79,Clear,0,0,0,0,0,,,
8/10/2023,12:30 AM,77,94,0,29.79,Clear,0,0,0,0,0,,,
8/10/2023,1:00 AM,77,94,0,29.76,Clear,0,0,0,0,0,,,
8/10/2023,1:30 AM,77,94,2,29.76,Clear,0,0,0,0,0,,,
8/10/2023,2:00 AM,77,94,0,29.76,Clear,0,0,0,0,0,,,
8/10/2023,2:30 AM,77,94,0,29.76,Clear,0,0,0,0,0,,,
8/10/2023,3:00 AM,77,94,0,29.76,Clear,0,0,0,0,0,,,
8/10/2023,3:30 AM,77,94,0,29.76,Clear,0,0,0,0,0,,,
8/10/2023,4:00 AM,77,94,0,29.76,Clear,0,0,0,0,0,,,
8/10/2023,4:30 AM,77,94,0,29.76,Clear,0,0,0,0,0,,,
8/10/2023,5:00 AM,77,94,1,29.76,Clear,0,0,0,0,0,,,
8/10/2023,5:30 AM,75,100,3,29.76,Clear,0,0,0,0,0,,,
8/10/2023,6:00 AM,77,94,2,29.76,Clear,0,0,0,0,0,,,
8/10/2023,6:30 AM,75,100,2,29.76,Clear,0,0,0,0,0,,,
8/10/2023,7:00 AM,77,94,3,29.79,Clear,0,0,0,0,0,,,
8/10/2023,7:30 AM,79,94,1,29.79,Clear,0,0,0,0,0,,,
8/10/2023,8:00 AM,81,89,2,29.79,Clear,0,0,0,0,0,,,
8/10/2023,8:30 AM,82,84,3,29.81,Clear,0,0,0,0,0,,,
8/10/2023,9:00 AM,84,79,2,29.81,Clear,0,0,0,0,0,,,
8/10/2023,9:30 AM,86,74,3,29.81,Clear,0,0,0,0,0,,,
8/10/2023,10:00 AM,88,66,6,29.81,Clear,0,0,0,0,0,,,
8/10/2023,10:30 AM,88,66,5,29.79,Clear,0,0,0,0,0,,,
8/10/2023,11:00 AM,90,62,6,29.79,Clear,0,0,0,0,0,,,
8/10/2023,11:30 AM,90,62,7,29.79,Clear,0,0,0,0,0,,,
8/10/2023,12:00 PM,91,55,7,29.76,Rain,0,0,0,0,0,,,
8/10/2023,12:30 PM,90,59,10,29.76,Rain,0,0,0,0,0,,,
8/10/2023,1:00 PM,91,63,8,29.76,Rain,0,0,0,0,0,,,
8/10/2023,1:30 PM,84,70,18,29.76,Rain,0,0,0,0,0,,,
8/10/2023,2:00 PM,81,84,13,29.76,Rain,0,0,0,0,0,,,
8/10/2023,2:30 PM,81,84,7,29.73,Clear,0,0,0,0,0,,,
8/10/2023,3:00 PM,84,70,14,29.73,Clear,0,0,0,0,0,,,
8/10/2023,3:30 PM,84,70,12,29.73,Clear,0,0,0,0,0,,,
8/10/2023,4:00 PM,84,70,8,29.73,Clear,0,0,0,0,0,,,
8/10/2023,4:30 PM,84,74,9,29.73,Clear,0,0,0,0,0,,,
8/10/2023,5:00 PM,86,66,9,29.7,Clear,0,0,0,0,0,,,
8/10/2023,5:30 PM,86,66,9,29.7,Clear,0,0,0,0,0,,,
8/10/2023,6:30 PM,84,70,7,29.73,Clear,0,0,0,0,0,,,
8/10/2023,7:00 PM,82,74,7,29.76,Clear,0,0,0,0,0,,,
8/10/2023,7:30 PM,82,74,7,29.76,Clear,0,0,0,0,0,,,
8/10/2023,8:00 PM,81,79,7,29.76,Clear,0,0,0,0,0,,,
8/10/2023,8:30 PM,82,74,6,29.76,Clear,0,0,0,0,0,,,
8/10/2023,9:00 PM,81,79,5,29.79,Clear,0,0,0,0,0,,,
8/10/2023,9:30 PM,81,79,5,29.79,Clear,0,0,0,0,0,,,
8/10/2023,10:00 PM,79,83,3,29.79,Clear,0,0,0,0,0,,,
8/10/2023,10:30 PM,79,83,2,29.79,Clear,0,0,0,0,0,,,
8/10/2023,11:00 PM,79,89,0,29.81,Clear,0,0,0,0,0,,,
8/10/2023,11:30 PM,79,89,0,29.79,Clear,0,0,0,0,0,,,
8/11/2023,12:00 AM,77,94,0,29.79,Clear,0,0,0,0,0,,,
8/11/2023,12:30 AM,77,94,0,29.79,Clear,0,0,0,0,0,,,
8/11/2023,1:00 AM,79,83,3,29.79,Clear,0,0,0,0,0,,,
8/11/2023,1:30 AM,79,83,3,29.76,Clear,0,0,0,0,0,,,
8/11/2023,2:00 AM,77,89,0,29.76,Clear,0,0,0,0,0,,,
8/11/2023,2:30 AM,77,89,0,29.76,Clear,0,0,0,0,0,,,
8/11/2023,3:00 AM,77,89,0,29.73,Clear,0,0,0,0,0,,,
8/11/2023,3:30 AM,77,89,0,29.73,Clear,0,0,0,0,0,,,
8/11/2023,4:00 AM,75,94,0,29.73,Clear,0,0,0,0,0,,,
8/11/2023,4:30 AM,75,94,0,29.76,Clear,0,0,0,0,0,,,
8/11/2023,5:00 AM,75,100,0,29.76,Clear,0,0,0,0,0,,,
8/11/2023,5:30 AM,75,94,0,29.76,Clear,0,0,0,0,0,,,
8/11/2023,6:00 AM,75,94,0,29.76,Clear,0,0,0,0,0,,,
8/11/2023,6:30 AM,75,94,3,29.73,Clear,0,0,0,0,0,,,
8/11/2023,7:00 AM,77,89,2,29.76,Clear,0,0,0,0,0,,,
8/11/2023,7:30 AM,79,83,0,29.76,Clear,0,0,0,0,0,,,
8/11/2023,8:00 AM,81,79,3,29.79,Clear,0,0,0,0,0,,,
8/11/2023,8:30 AM,82,79,5,29.79,Clear,0,0,0,0,0,,,
8/11/2023,9:00 AM,84,79,3,29.79,Clear,0,0,0,0,0,,,
8/11/2023,9:30 AM,86,70,5,29.79,Clear,0,0,0,0,0,,,
8/11/2023,10:00 AM,86,70,6,29.79,Clear,0,0,0,0,0,,,
8/11/2023,10:30 AM,88,62,9,29.76,Clear,0,0,0,0,0,,,
8/11/2023,11:00 AM,90,59,9,29.76,Clear,0,0,0,0,0,,,
8/11/2023,11:30 AM,90,59,9,29.76,Clear,0,0,0,0,0,,,
8/11/2023,12:00 PM,91,55,9,29.73,Clear,0,0,0,0,0,,,
8/11/2023,12:30 PM,91,59,13,29.73,Clear,0,0,0,0,0,,,
8/11/2023,1:00 PM,90,62,16,29.7,Clear,0,0,0,0,0,,,
8/11/2023,1:30 PM,90,55,10,29.7,Clear,0,0,0,0,0,,,
8/11/2023,2:00 PM,91,55,13,29.7,Clear,0,0,0,0,0,,,
8/11/2023,2:30 PM,91,52,15,29.67,Clear,0,0,0,0,0,,,
8/11/2023,3:00 PM,91,52,12,29.67,Clear,0,0,0,0,0,,,
8/11/2023,3:30 PM,91,55,12,29.64,Clear,0,0,0,0,0,,,
8/11/2023,4:00 PM,91,59,12,29.64,Clear,0,0,0,0,0,,,
8/11/2023,4:30 PM,91,55,12,29.64,Clear,0,0,0,0,0,,,
8/11/2023,5:00 PM,90,59,12,29.64,Clear,0,0,0,0,0,,,
8/11/2023,5:30 PM,90,59,12,29.64,Clear,0,0,0,0,0,,,
8/11/2023,6:00 PM,88,62,10,29.67,Clear,0,0,0,0,0,,,
8/11/2023,6:30 PM,88,62,9,29.67,Clear,0,0,0,0,0,,,
8/11/2023,7:00 PM,86,66,8,29.67,Clear,0,0,0,0,0,,,
8/11/2023,7:30 PM,84,70,6,29.7,Clear,0,0,0,0,0,,,
8/11/2023,8:00 PM,84,70,7,29.73,Clear,0,0,0,0,0,,,
8/11/2023,8:30 PM,84,70,6,29.73,Clear,0,0,0,0,0,,,
8/11/2023,9:00 PM,82,74,6,29.76,Clear,0,0,0,0,0,,,
8/11/2023,9:30 PM,82,74,0,29.76,Clear,0,0,0,0,0,,,
8/11/2023,10:00 PM,82,74,0,29.76,Clear,0,0,0,0,0,,,
8/11/2023,10:30 PM,82,79,0,29.76,Clear,0,0,0,0,0,,,
8/11/2023,11:00 PM,82,74,0,29.76,Clear,0,0,0,0,0,,,
8/11/2023,11:30 PM,81,84,0,29.76,Clear,0,0,0,0,0,,,
8/12/2023,12:00 AM,79,89,0,29.76,Clear,0,0,0,0,0,,,
8/12/2023,12:30 AM,81,84,0,29.76,Clear,0,0,0,0,0,,,
8/12/2023,1:00 AM,79,89,0,29.76,Clear,0,0,0,0,0,,,
8/12/2023,1:30 AM,79,89,0,29.73,Clear,0,0,0,0,0,,,
8/12/2023,2:00 AM,79,89,0,29.73,Clear,0,0,0,0,0,,,
8/12/2023,2:30 AM,79,89,0,29.73,Clear,0,0,0,0,0,,,
8/12/2023,3:00 AM,79,89,0,29.7,Clear,0,0,0,0,0,,,
8/12/2023,3:30 AM,79,89,0,29.7,Clear,0,0,0,0,0,,,
8/12/2023,4:00 AM,79,89,2,29.7,Clear,0,0,0,0,0,,,
8/12/2023,4:30 AM,79,89,0,29.7,Clear,0,0,0,0,0,,,
8/12/2023,5:00 AM,79,89,0,29.7,Clear,0,0,0,0,0,,,
8/12/2023,5:30 AM,79,89,0,29.7,Clear,0,0,0,0,0,,,
8/12/2023,6:00 AM,79,89,0,29.73,Clear,0,0,0,0,0,,,
8/12/2023,6:30 AM,79,94,0,29.73,Clear,0,0,0,0,0,,,
8/12/2023,7:00 AM,79,94,0,29.73,Clear,0,0,0,0,0,,,
8/12/2023,7:30 AM,81,89,0,29.76,Clear,0,0,0,0,0,,,
8/12/2023,8:00 AM,82,84,0,29.76,Clear,0,0,0,0,0,,,
8/12/2023,8:30 AM,84,74,3,29.76,Clear,0,0,0,0,0,,,
8/12/2023,9:00 AM,86,70,9,29.76,Clear,0,0,0,0,0,,,
8/12/2023,9:30 AM,86,70,9,29.76,Clear,0,0,0,0,0,,,
8/12/2023,10:00 AM,88,66,7,29.76,Clear,0,0,0,0,0,,,
8/12/2023,10:30 AM,88,62,10,29.76,Clear,0,0,0,0,0,,,
8/12/2023,11:00 AM,90,59,12,29.73,Clear,0,0,0,0,0,,,
8/12/2023,11:30 AM,91,55,13,29.73,Clear,0,0,0,0,0,,,
8/12/2023,12:00 PM,91,55,10,29.73,Clear,0,0,0,0,0,,,
8/12/2023,12:30 PM,91,55,12,29.7,Rain,0,0,0,0,0,,,
8/12/2023,1:00 PM,91,59,6,29.7,Clear,0,0,0,0,0,,,
8/12/2023,1:30 PM,91,52,13,29.67,Clear,0,0,0,0,0,,,
8/12/2023,2:00 PM,91,55,15,29.67,Clear,0,0,0,0,0,,,
8/12/2023,2:30 PM,91,55,12,29.67,Clear,0,0,0,0,0,,,
8/12/2023,3:00 PM,91,55,14,29.64,Clear,0,0,0,0,0,,,
8/12/2023,3:30 PM,90,59,20,29.64,Clear,0,0,0,0,0,,,
8/12/2023,4:00 PM,88,62,15,29.64,Clear,0,0,0,0,0,,,
8/12/2023,4:30 PM,86,66,7,29.64,Clear,0,0,0,0,0,,,
8/12/2023,5:00 PM,86,66,8,29.64,Clear,0,0,0,0,0,,,
8/12/2023,5:30 PM,86,66,10,29.64,Clear,0,0,0,0,0,,,
8/12/2023,6:00 PM,86,70,12,29.64,Clear,0,0,0,0,0,,,
8/12/2023,6:30 PM,84,70,7,29.67,Clear,0,0,0,0,0,,,
8/12/2023,7:00 PM,84,74,7,29.67,Clear,0,0,0,0,0,,,
8/12/2023,7:30 PM,84,70,6,29.7,Clear,0,0,0,0,0,,,
8/12/2023,8:00 PM,82,74,5,29.7,Clear,0,0,0,0,0,,,
8/12/2023,8:30 PM,82,74,3,29.73,Clear,0,0,0,0,0,,,
8/12/2023,9:00 PM,81,79,2,29.73,Clear,0,0,0,0,0,,,
8/12/2023,9:30 PM,82,74,3,29.73,Clear,0,0,0,0,0,,,
8/12/2023,10:00 PM,81,79,0,29.73,Clear,0,0,0,0,0,,,
8/12/2023,10:30 PM,81,79,0,29.76,Clear,1,1,0,1,0,,,
8/12/2023,11:00 PM,81,79,0,29.76,Clear,0,0,0,0,0,,,
8/12/2023,11:30 PM,79,83,0,29.76,Clear,0,0,0,0,0,,,
08/13/2023,12:00 AM,79,83,0,29.76,Clear,0,0,0,0,0,,,
08/13/2023,12:30 AM,79,89,0,29.76,Clear,0,0,0,0,0,,,
08/13/2023,1:00 AM,79,89,0,29.73,Clear,0,0,0,0,0,,,
08/13/2023,1:30 AM,79,89,0,29.73,Clear,0,0,0,0,0,,,
08/13/2023,2:00 AM,77,94,0,29.7,Clear,0,0,0,0,0,,,
08/13/2023,2:30 AM,77,94,0,29.7,Clear,0,0,0,0,0,,,
08/13/2023,3:00 AM,77,94,0,29.7,Clear,0,0,0,0,0,,,
08/13/2023,3:30 AM,77,94,0,29.7,Clear,0,0,0,0,0,,,
08/13/2023,4:00 AM,77,94,2,29.7,Clear,0,0,0,0,0,,,
08/13/2023,4:30 AM,77,94,2,29.7,Clear,0,0,0,0,0,,,
08/13/2023,5:00 AM,77,94,2,29.7,Clear,0,0,0,0,0,,,
08/13/2023,5:30 AM,77,94,5,29.7,Clear,0,0,0,0,0,,,
08/13/2023,6:00 AM,77,94,0,29.7,Clear,0,0,0,0,0,,,
08/13/2023,6:30 AM,77,94,0,29.73,Clear,0,0,0,0,0,,,
08/13/2023,7:00 AM,79,89,0,29.73,Clear,0,0,0,0,0,,,
08/13/2023,7:30 AM,79,89,3,29.73,Clear,0,0,0,0,0,,,
08/13/2023,8:00 AM,81,89,5,29.76,Clear,0,0,0,0,0,,,
08/13/2023,8:30 AM,84,79,5,29.76,Clear,0,0,0,0,0,,,
08/13/2023,9:00 AM,86,70,2,29.76,Clear,0,0,0,0,0,,,
08/13/2023,9:30 AM,86,70,3,29.76,Clear,0,0,0,0,0,,,
08/13/2023,10:00 AM,88,66,3,29.76,Clear,0,0,0,0,0,,,
08/13/2023,10:30 AM,88,62,5,29.76,Clear,0,0,0,0,0,,,
08/13/2023,11:00 AM,90,62,3,29.73,Clear,0,0,0,0,0,,,
08/13/2023,11:30 AM,90,62,7,29.73,Clear,0,0,0,0,0,,,
08/13/2023,12:00 PM,88,62,12,29.73,Rain,0,0,0,0,0,,,
08/13/2023,12:30 PM,81,79,10,29.7,Rain,0,0,0,0,0,,,
08/13/2023,1:00 PM,88,75,7,29.7,Clear,0,0,0,0,0,,,
08/13/2023,1:30 PM,90,66,15,29.67,Rain,0,0,0,0,0,,,
08/13/2023,2:00 PM,88,66,8,29.67,Rain,0,0,0,0,0,,,
08/13/2023,2:30 PM,88,62,8,29.67,Clear,0,0,0,0,0,,,
08/13/2023,3:00 PM,86,66,9,29.64,Clear,0,0,0,0,0,,,
08/13/2023,3:30 PM,86,66,8,29.64,Clear,0,0,0,0,0,,,
08/13/2023,4:00 PM,86,70,7,29.61,Clear,0,0,0,0,0,,,
08/13/2023,4:30 PM,88,62,8,29.64,Clear,0,0,0,0,0,,,
08/13/2023,5:00 PM,88,62,7,29.64,Clear,0,0,0,0,0,,,
08/13/2023,5:30 PM,86,66,8,29.64,Clear,0,0,0,0,0,,,
08/13/2023,6:00 PM,86,66,9,29.64,Clear,0,0,0,0,0,,,
08/13/2023,6:30 PM,84,70,8,29.64,Clear,0,0,0,0,0,,,
08/13/2023,7:00 PM,84,70,7,29.67,Clear,0,0,0,0,0,,,
08/13/2023,7:30 PM,81,84,9,29.67,Rain,0,0,0,0,0,,,
08/13/2023,8:00 PM,81,84,5,29.7,Clear,0,0,0,0,0,,,
08/13/2023,8:30 PM,79,94,3,29.73,Clear,0,0,0,0,0,,,
08/13/2023,9:00 PM,79,89,2,29.73,Clear,0,0,0,0,0,,,
08/13/2023,9:30 PM,79,89,1,29.73,Clear,0,0,0,0,0,,,
08/13/2023,10:00 PM,79,89,5,29.76,Clear,0,0,0,0,0,,,
08/13/2023,10:30 PM,79,89,0,29.76,Clear,0,0,0,0,0,,,
08/13/2023,11:00 PM,79,89,3,29.76,Clear,0,0,0,0,0,,,
08/13/2023,11:30 PM,79,89,3,29.76,Clear,0,0,0,0,0,,,
08/14/2023,12:00 AM,79,83,5,29.76,Clear,0,0,0,0,0,,,
08/14/2023,12:30 AM,79,89,3,29.76,Clear,0,0,0,0,0,,,
08/14/2023,1:00 AM,79,89,2,29.73,Clear,0,0,0,0,0,,,
08/14/2023,1:30 AM,79,94,5,29.73,Rain,0,0,0,0,0,,,
08/14/2023,2:00 AM,77,94,3,29.73,Rain,0,0,0,0,0,,,
08/14/2023,2:30 AM,77,94,3,29.73,Rain,0,0,0,0,0,,,
08/14/2023,3:00 AM,77,94,2,29.73,Rain,0,0,0,0,0,,,
08/14/2023,3:30 AM,77,94,2,29.7,Rain,0,0,0,0,0,,,
08/14/2023,4:00 AM,77,94,5,29.7,Clear,0,0,0,0,0,,,
08/14/2023,4:30 AM,77,94,2,29.7,Clear,0,0,0,0,0,,,
08/14/2023,5:00 AM,77,94,3,29.7,Clear,0,0,0,0,0,,,
08/14/2023,5:30 AM,77,94,2,29.7,Clear,0,0,0,0,0,,,
08/14/2023,6:00 AM,77,94,1,29.7,Clear,0,0,0,0,0,,,
08/14/2023,6:30 AM,77,94,3,29.73,Clear,0,0,0,0,0,,,
08/14/2023,7:00 AM,77,94,3,29.73,Clear,0,0,0,0,0,,,
08/14/2023,7:30 AM,77,94,3,29.73,Clear,0,0,0,0,0,,,
08/14/2023,8:00 AM,79,89,3,29.76,Clear,0,0,0,0,0,,,
08/14/2023,8:30 AM,82,79,5,29.76,Clear,0,0,0,0,0,,,
08/14/2023,9:00 AM,82,79,6,29.76,Clear,0,0,0,0,0,,,
08/14/2023,9:30 AM,82,79,8,29.76,Clear,0,0,0,0,0,,,
08/14/2023,10:00 AM,84,74,8,29.79,Clear,0,0,0,0,0,,,
08/14/2023,10:30 AM,84,74,9,29.79,Clear,0,0,0,0,0,,,
08/14/2023,11:00 AM,86,66,10,29.76,Clear,0,0,0,0,0,,,
08/14/2023,11:30 AM,86,70,9,29.76,Rain,0,0,0,0,0,,,
08/14/2023,12:00 PM,86,70,10,29.76,Rain,0,0,0,0,0,,,
08/14/2023,12:30 PM,88,66,9,29.73,Rain,0,0,0,0,0,,,
08/14/2023,1:00 PM,86,70,13,29.73,Rain,0,0,0,0,0,,,
08/14/2023,1:30 PM,84,74,7,29.73,Rain,0,0,0,0,0,,,
08/14/2023,2:00 PM,86,70,12,29.7,Clear,0,0,0,0,0,,,
08/14/2023,2:30 PM,84,79,9,29.7,Rain,0,0,0,0,0,,,
08/14/2023,3:00 PM,81,89,7,29.7,Rain,0,0,0,0,0,,,
08/14/2023,3:30 PM,81,89,10,29.7,Rain,0,0,0,0,0,,,
08/14/2023,4:00 PM,79,89,7,29.7,Rain,0,0,0,0,0,,,
08/14/2023,4:30 PM,79,89,6,29.7,Rain,0,0,0,0,0,,,
08/14/2023,5:00 PM,79,89,7,29.7,Rain,0,0,0,0,0,,,
08/14/2023,5:30 PM,77,89,8,29.7,Rain,0,0,0,0,0,,,
08/14/2023,6:00 PM,75,100,6,29.73,Rain,0,0,0,0,0,,,
08/14/2023,6:30 PM,75,100,5,29.73,Rain,0,0,0,0,0,,,
08/14/2023,7:00 PM,75,100,5,29.73,Rain,0,0,0,0,0,,,
08/14/2023,7:30 PM,77,94,2,29.73,Rain,0,0,0,0,0,,,
08/14/2023,8:00 PM,75,100,5,29.73,Rain,0,0,0,0,0,,,
08/14/2023,8:30 PM,75,100,0,29.76,Rain,0,0,0,0,0,,,
08/14/2023,9:00 PM,77,94,0,29.79,Rain,0,0,0,0,0,,,
08/14/2023,9:30 PM,77,94,3,29.79,Rain,0,0,0,0,0,,,
08/14/2023,10:00 PM,77,94,2,29.79,Rain,0,0,0,0,0,,,
08/14/2023,10:30 PM,77,94,5,29.79,Clear,0,0,0,0,0,,,
08/14/2023,11:00 PM,77,94,3,29.79,Clear,0,0,0,0,0,,,
08/14/2023,11:30 PM,77,94,3,29.79,Clear,0,0,0,0,0,,,
08/15/2023,12:00 AM,75,100,2,29.79,Clear,0,0,0,0,0,,,
08/15/2023,12:30 AM,77,89,5,29.76,Clear,0,0,0,0,0,,,
08/15/2023,1:00 AM,77,89,2,29.76,Rain,0,0,0,0,0,,,
08/15/2023,1:30 AM,77,94,5,29.73,Rain,0,0,0,0,0,,,
08/15/2023,2:00 AM,77,94,6,29.73,Clear,0,0,0,0,0,,,
08/15/2023,2:30 AM,77,94,5,29.73,Clear,0,0,0,0,0,,,
08/15/2023,3:00 AM,77,94,5,29.7,Clear,0,0,0,0,0,,,
08/15/2023,3:30 AM,75,94,3,29.7,Clear,0,0,0,0,0,,,
08/15/2023,4:00 AM,77,89,2,29.7,Clear,0,0,0,0,0,,,
08/15/2023,4:30 AM,77,94,3,29.7,Clear,0,0,0,0,0,,,
08/15/2023,5:00 AM,75,94,5,29.73,Clear,0,0,0,0,0,,,
08/15/2023,5:30 AM,75,94,3,29.73,Clear,0,0,0,0,0,,,
08/15/2023,6:00 AM,75,94,3,29.73,Clear,0,0,0,0,0,,,
08/15/2023,6:30 AM,75,100,2,29.73,Clear,0,0,0,0,0,,,
08/15/2023,7:00 AM,77,94,3,29.73,Clear,0,0,0,0,0,,,
08/15/2023,7:30 AM,77,94,2,29.76,Clear,0,0,0,0,0,,,
08/15/2023,8:00 AM,79,89,6,29.79,Clear,0,0,0,0,0,,,
08/15/2023,8:30 AM,81,89,3,29.79,Clear,0,0,0,0,0,,,
08/15/2023,9:00 AM,81,89,3,29.79,Clear,0,0,0,0,0,,,
08/15/2023,9:30 AM,81,89,5,29.79,Clear,0,0,0,0,0,,,
08/15/2023,10:00 AM,82,84,3,29.79,Clear,0,0,0,0,0,,,
08/15/2023,10:30 AM,84,79,5,29.79,Clear,0,0,0,0,0,,,
08/15/2023,11:00 AM,84,79,7,29.79,Rain,0,0,0,0,0,,,
08/15/2023,11:30 AM,82,79,10,29.79,Rain,0,0,0,0,0,,,
08/15/2023,12:00 PM,84,79,10,29.76,Rain,0,0,0,0,0,,,
08/15/2023,12:30 PM,82,79,12,29.76,Rain,0,0,0,0,0,,,
08/15/2023,1:00 PM,84,74,9,29.73,Clear,0,0,0,0,0,,,
08/15/2023,1:30 PM,86,70,12,29.7,Clear,0,0,0,0,0,,,
08/15/2023,2:00 PM,86,70,12,29.7,Clear,0,0,0,0,0,,,
08/15/2023,2:30 PM,88,66,14,29.7,Clear,0,0,0,0,0,,,
08/15/2023,3:00 PM,88,66,15,29.7,Rain,0,0,0,0,0,,,
08/15/2023,3:30 PM,84,74,12,29.7,Clear,0,0,0,0,0,,,
08/15/2023,4:00 PM,84,74,7,29.7,Clear,0,0,0,0,0,,,
08/15/2023,4:30 PM,84,74,6,29.7,Clear,0,0,0,0,0,,,
08/15/2023,5:00 PM,82,84,7,29.7,Clear,0,0,0,0,0,,,
08/15/2023,5:30 PM,82,79,7,29.7,Clear,0,0,0,0,0,,,
08/15/2023,6:00 PM,82,79,7,29.7,Clear,0,0,0,0,0,,,
08/15/2023,6:30 PM,82,79,3,29.73,Rain,0,0,0,0,0,,,
08/15/2023,7:00 PM,81,79,3,29.73,Rain,0,0,0,0,0,,,
08/15/2023,7:30 PM,79,83,0,29.73,Clear,0,0,0,0,0,,,
08/15/2023,8:00 PM,79,83,2,29.76,Clear,0,0,0,0,0,,,
08/15/2023,8:30 PM,79,89,2,29.76,Clear,0,0,0,0,0,,,
08/15/2023,9:00 PM,79,89,0,29.79,Clear,0,0,0,0,0,,,
08/15/2023,9:30 PM,79,89,3,29.79,Clear,0,0,0,0,0,,,
08/15/2023,10:00 PM,79,89,0,29.79,Clear,0,0,0,0,0,,,
08/15/2023,10:30 PM,79,89,5,29.79,Clear,0,0,0,0,0,,,
08/15/2023,11:00 PM,79,89,0,29.79,Clear,0,0,0,0,0,,,
08/15/2023,11:30 PM,79,89,2,29.79,Clear,0,0,0,0,0,,,
08/16/2023,12:00 AM,77,94,0,29.79,Clear,0,0,0,0,0,,,
08/16/2023,12:30 AM,77,94,0,29.79,Clear,0,0,0,0,0,,,
08/16/2023,1:00 AM,79,83,2,29.76,Clear,0,0,0,0,0,,,
08/16/2023,1:30 AM,79,83,2,29.76,Clear,0,0,0,0,0,,,
08/16/2023,2:00 AM,77,89,14,29.76,Rain,0,0,0,0,0,,,
08/16/2023,2:30 AM,77,89,10,29.76,Rain,0,0,0,0,0,,,
08/16/2023,3:00 AM,77,89,3,29.76,Clear,0,0,0,0,0,,,
08/16/2023,3:30 AM,75,94,5,29.73,Clear,0,0,0,0,0,,,
08/16/2023,4:00 AM,77,89,0,29.73,Clear,0,0,0,0,0,,,
08/16/2023,4:30 AM,77,89,0,29.73,Clear,0,0,0,0,0,,,
08/16/2023,5:00 AM,77,89,0,29.73,Clear,0,0,0,0,0,,,
08/16/2023,5:30 AM,75,100,0,29.73,Clear,0,0,0,0,0,,,
08/16/2023,6:00 AM,75,94,2,29.73,Clear,0,0,0,0,0,,,
08/16/2023,6:30 AM,75,94,2,29.73,Clear,0,0,0,0,0,,,
08/16/2023,7:00 AM,77,89,2,29.76,Clear,0,0,0,0,0,,,
08/16/2023,7:30 AM,77,94,3,29.76,Clear,0,0,0,0,0,,,
08/16/2023,8:00 AM,79,89,0,29.76,Clear,0,0,0,0,0,,,
08/16/2023,8:30 AM,79,89,0,29.79,Clear,0,0,0,0,0,,,
08/16/2023,9:00 AM,84,74,0,29.79,Clear,0,0,0,0,0,,,
08/16/2023,9:30 AM,86,66,0,29.79,Clear,0,0,0,0,0,,,
08/16/2023,10:00 AM,88,62,2,29.79,Clear,0,0,0,0,0,,,
08/16/2023,10:30 AM,88,62,3,29.79,Clear,0,0,0,0,0,,,
08/16/2023,11:00 AM,90,59,5,29.76,Clear,0,0,0,0,0,,,
08/16/2023,11:30 AM,90,59,6,29.76,Clear,0,0,0,0,0,,,
08/16/2023,12:00 PM,91,55,6,29.73,Clear,0,0,0,0,0,,,
08/16/2023,12:30 PM,91,59,12,29.73,Rain,0,0,0,0,0,,,
08/16/2023,1:00 PM,77,89,9,29.76,Rain,0,0,0,0,0,,,
08/16/2023,1:30 PM,77,94,2,29.76,Clear,0,0,0,0,0,,,
08/16/2023,2:00 PM,79,89,1,29.73,Rain,0,0,0,0,0,,,
08/16/2023,2:30 PM,79,94,5,29.73,Rain,0,0,0,0,0,,,
08/16/2023,3:00 PM,79,94,3,29.7,Rain,0,0,0,0,0,,,
08/16/2023,3:30 PM,79,94,3,29.7,Clear,0,0,0,0,0,,,
08/16/2023,4:00 PM,79,94,5,29.7,Clear,0,0,0,0,0,,,
08/16/2023,4:30 PM,81,89,2,29.67,Clear,0,0,0,0,0,,,
08/16/2023,5:00 PM,81,89,3,29.7,Clear,0,0,0,0,0,,,
08/16/2023,5:30 PM,82,84,3,29.67,Clear,0,0,0,0,0,,,
08/16/2023,6:00 PM,82,84,5,29.7,Rain,0,0,0,0,0,,,
08/16/2023,6:30 PM,81,84,7,29.73,Rain,0,0,0,0,0,,,
08/16/2023,7:00 PM,79,94,5,29.73,Clear,0,0,0,0,0,,,
08/16/2023,7:30 PM,79,89,3,29.73,Clear,0,0,0,0,0,,,
08/16/2023,8:00 PM,79,89,2,29.73,Rain,0,0,0,0,0,,,
08/16/2023,8:30 PM,77,89,3,29.76,Clear,0,0,0,0,0,,,
08/16/2023,9:00 PM,77,94,6,29.76,Clear,0,0,0,0,0,,,
08/16/2023,9:30 PM,79,78,0,29.79,Clear,0,0,0,0,0,,,
08/16/2023,10:00 PM,77,89,2,29.79,Clear,0,0,0,0,0,,,
08/16/2023,10:30 PM,77,89,2,29.79,Clear,0,0,0,0,0,,,
08/16/2023,11:00 PM,77,89,0,29.79,Clear,0,0,0,0,0,,,
08/16/2023,11:30 PM,77,89,0,29.79,Clear,0,0,0,0,0,,,
08/17/2023,12:00 AM,77,89,2,29.79,Clear,0,0,0,0,0,,,
08/17/2023,12:30 AM,77,89,3,29.79,Clear,0,0,0,0,0,,,
08/17/2023,1:00 AM,77,89,3,29.76,Clear,0,0,0,0,0,,,
08/17/2023,1:30 AM,77,89,3,29.76,Clear,0,0,0,0,0,,,
08/17/2023,2:00 AM,77,89,0,29.73,Clear,0,0,0,0,0,,,
08/17/2023,2:30 AM,77,89,0,29.73,Clear,0,0,0,0,0,,,
08/17/2023,3:00 AM,77,89,3,29.73,Clear,0,0,0,0,0,,,
08/17/2023,3:30 AM,77,89,2,29.73,Clear,0,0,0,0,0,,,
08/17/2023,4:00 AM,75,94,3,29.73,Clear,0,0,0,0,0,,,
08/17/2023,4:30 AM,75,94,3,29.73,Clear,0,0,0,0,0,,,
08/17/2023,5:00 AM,77,89,2,29.73,Clear,0,0,0,0,0,,,
08/17/2023,5:30 AM,75,94,0,29.73,Clear,0,0,0,0,0,,,
08/17/2023,6:00 AM,75,94,0,29.76,Clear,0,0,0,0,0,,,
08/17/2023,6:30 AM,75,94,0,29.76,Clear,0,0,0,0,0,,,
08/17/2023,7:00 AM,77,94,0,29.76,Clear,0,0,0,0,0,,,
08/17/2023,7:30 AM,77,94,3,29.76,Clear,0,0,0,0,0,,,
08/17/2023,8:00 AM,79,89,5,29.79,Clear,0,0,0,0,0,,,
08/17/2023,8:30 AM,81,89,6,29.79,Clear,0,0,0,0,0,,,
08/17/2023,9:00 AM,84,74,7,29.79,Clear,0,0,0,0,0,,,
08/17/2023,9:30 AM,82,79,7,29.79,Clear,0,0,0,0,0,,,
08/17/2023,10:00 AM,84,74,6,29.79,Clear,0,0,0,0,0,,,
08/17/2023,10:30 AM,84,70,8,29.79,Clear,0,0,0,0,0,,,
08/17/2023,11:00 AM,86,66,8,29.79,Clear,0,0,0,0,0,,,
08/17/2023,11:30 AM,86,66,9,29.79,Clear,0,0,0,0,0,,,
08/17/2023,12:00 PM,86,66,9,29.76,Clear,0,0,0,0,0,,,
08/17/2023,12:30 PM,88,62,8,29.73,Clear,0,0,0,0,0,,,
08/17/2023,1:00 PM,90,62,7,29.73,Clear,0,0,0,0,0,,,
08/17/2023,1:30 PM,90,59,9,29.7,Clear,0,0,0,0,0,,,
08/17/2023,2:00 PM,90,59,6,29.7,Clear,0,0,0,0,0,,,
08/17/2023,2:30 PM,90,62,9,29.67,Clear,0,0,0,0,0,,,
08/17/2023,3:00 PM,91,55,9,29.67,Clear,0,0,0,0,0,,,
08/17/2023,3:30 PM,91,55,10,29.64,Clear,0,0,0,0,0,,,
08/17/2023,4:00 PM,91,59,10,29.64,Clear,0,0,0,0,0,,,
08/17/2023,4:30 PM,90,59,10,29.64,Clear,0,0,0,0,0,,,
08/17/2023,5:00 PM,88,58,9,29.64,Clear,0,0,0,0,0,,,
08/17/2023,5:30 PM,88,58,10,29.64,Clear,0,0,0,0,0,,,
08/17/2023,6:00 PM,88,62,9,29.64,Clear,0,0,0,0,0,,,
08/17/2023,6:30 PM,86,66,8,29.67,Clear,0,0,0,0,0,,,
08/17/2023,7:00 PM,84,70,7,29.67,Clear,0,0,0,0,0,,,
08/17/2023,7:30 PM,84,70,7,29.7,Clear,0,0,0,0,0,,,
08/17/2023,8:00 PM,82,74,5,29.73,Clear,0,0,0,0,0,,,
08/17/2023,8:30 PM,82,74,5,29.73,Clear,0,0,0,0,0,,,
08/17/2023,9:00 PM,82,74,1,29.76,Clear,0,0,0,0,0,,,
08/17/2023,9:30 PM,81,79,0,29.76,Clear,0,0,0,0,0,,,
08/17/2023,10:00 PM,81,84,0,29.76,Clear,0,0,0,0,0,,,
08/17/2023,10:30 PM,79,89,2,29.76,Clear,0,0,0,0,0,,,
08/17/2023,11:00 PM,79,89,0,29.76,Clear,0,0,0,0,0,,,
08/17/2023,11:30 PM,79,89,0,29.76,Clear,0,0,0,0,0,,,
08/18/2023,12:00 AM,79,89,0,29.76,Clear,0,0,0,0,0,,,
08/18/2023,12:30 AM,79,89,0,29.76,Clear,0,0,0,0,0,,,
08/18/2023,1:00 AM,79,89,6,29.76,Clear,0,0,0,0,0,,,
08/18/2023,1:30 AM,79,89,5,29.73,Clear,0,0,0,0,0,,,
08/18/2023,2:00 AM,79,89,6,29.73,Clear,0,0,0,0,0,,,
08/18/2023,2:30 AM,79,89,5,29.73,Clear,0,0,0,0,0,,,
08/18/2023,3:00 AM,79,89,0,29.7,Clear,0,0,0,0,0,,,
08/18/2023,3:30 AM,79,89,0,29.7,Clear,0,0,0,0,0,,,
08/18/2023,4:00 AM,79,89,2,29.7,Clear,0,0,0,0,0,,,
08/18/2023,4:30 AM,77,94,0,29.7,Clear,0,0,0,0,0,,,
08/18/2023,5:00 AM,77,94,0,29.7,Clear,0,0,0,0,0,,,
08/18/2023,5:30 AM,77,94,0,29.7,Clear,0,0,0,0,0,,,
08/18/2023,6:00 AM,77,94,0,29.7,Clear,0,0,0,0,0,,,
08/18/2023,6:30 AM,77,94,0,29.73,Clear,0,0,0,0,0,,,
08/18/2023,7:00 AM,79,89,2,29.73,Clear,0,0,0,0,0,,,
08/18/2023,7:30 AM,79,94,2,29.73,Clear,0,0,0,0,0,,,
08/18/2023,8:00 AM,81,89,2,29.73,Clear,0,0,0,0,0,,,
08/18/2023,8:30 AM,81,89,3,29.73,Clear,0,0,0,0,0,,,
08/18/2023,9:00 AM,84,79,6,29.73,Clear,0,0,0,0,0,,,
08/18/2023,9:30 AM,86,74,5,29.73,Clear,0,0,0,0,0,,,
08/18/2023,10:00 AM,88,66,10,29.73,Clear,0,0,0,0,0,,,
08/18/2023,10:30 AM,88,62,10,29.73,Clear,0,0,0,0,0,,,
08/18/2023,11:00 AM,88,66,8,29.7,Clear,0,0,0,0,0,,,
08/18/2023,11:30 AM,90,62,8,29.7,Clear,0,0,0,0,0,,,
08/18/2023,12:00 PM,91,59,10,29.7,Rain,0,0,0,0,0,,,
08/18/2023,12:30 PM,88,66,12,29.7,Rain,0,0,0,0,0,,,
08/18/2023,1:00 PM,91,55,9,29.67,Clear,0,0,0,0,0,,,
08/18/2023,1:30 PM,91,55,10,29.67,Clear,0,0,0,0,0,,,
08/18/2023,2:00 PM,93,52,15,29.67,Clear,0,0,0,0,0,,,
08/18/2023,2:30 PM,91,52,15,29.64,Clear,0,0,0,0,0,,,
08/18/2023,3:00 PM,93,46,16,29.64,Clear,0,0,0,0,0,,,
08/18/2023,3:30 PM,91,52,13,29.64,Clear,0,0,0,0,0,,,
08/18/2023,4:00 PM,91,55,13,29.64,Clear,0,0,0,0,0,,,
08/18/2023,4:30 PM,90,59,13,29.64,Clear,0,0,0,0,0,,,
08/18/2023,5:00 PM,90,55,10,29.64,Clear,0,0,0,0,0,,,
08/18/2023,5:30 PM,90,59,10,29.64,Clear,0,0,0,0,0,,,
08/18/2023,6:00 PM,88,62,10,29.64,Clear,0,0,0,0,0,,,
08/18/2023,6:30 PM,88,62,9,29.64,Clear,0,0,0,0,0,,,
08/18/2023,7:00 PM,86,62,8,29.67,Clear,0,0,0,0,0,,,
08/18/2023,7:30 PM,84,70,8,29.67,Clear,0,0,0,0,0,,,
08/18/2023,8:00 PM,84,70,8,29.7,Clear,0,0,0,0,0,,,
08/18/2023,8:30 PM,84,70,7,29.7,Clear,0,0,0,0,0,,,
08/18/2023,9:00 PM,82,74,6,29.73,Clear,0,0,0,0,0,,,
08/18/2023,9:30 PM,82,74,7,29.73,Clear,0,0,0,0,0,,,
08/18/2023,10:00 PM,82,79,7,29.73,Clear,0,0,0,0,0,,,
08/18/2023,10:30 PM,82,74,7,29.76,Clear,0,0,0,0,0,,,
08/18/2023,11:00 PM,82,79,6,29.76,Clear,0,0,0,0,0,,,
08/18/2023,11:30 PM,81,79,3,29.76,Clear,0,0,0,0,0,,,
08/19/2023,12:00 AM,81,84,3,29.76,Clear,0,0,0,0,0,,,
08/19/2023,12:30 AM,81,79,2,29.73,Clear,0,0,0,0,0,,,
08/19/2023,1:00 AM,79,89,2,29.73,Clear,0,0,0,0,0,,,
08/19/2023,1:30 AM,79,89,2,29.73,Clear,0,0,0,0,0,,,
08/19/2023,2:00 AM,81,84,2,29.73,Clear,0,0,0,0,0,,,
08/19/2023,2:30 AM,79,89,2,29.73,Clear,0,0,0,0,0,,,
08/19/2023,3:00 AM,77,94,0,29.7,Clear,0,0,0,0,0,,,
08/19/2023,3:30 AM,77,94,0,29.7,Clear,0,0,0,0,0,,,
08/19/2023,4:00 AM,77,94,2,29.7,Clear,0,0,0,0,0,,,
08/19/2023,4:30 AM,77,94,1,29.7,Clear,0,0,0,0,0,,,
08/19/2023,5:00 AM,77,94,2,29.7,Clear,0,0,0,0,0,,,
08/19/2023,5:30 AM,77,94,2,29.7,Clear,0,0,0,0,0,,,
08/19/2023,6:00 AM,77,94,2,29.7,Clear,0,0,0,0,0,,,
08/19/2023,6:30 AM,77,94,2,29.7,Clear,0,0,0,0,0,,,
08/19/2023,7:00 AM,77,94,2,29.7,Clear,0,0,0,0,0,,,
08/19/2023,7:30 AM,79,94,3,29.7,Clear,0,0,0,0,0,,,
08/19/2023,8:00 AM,81,89,3,29.7,Clear,0,0,0,0,0,,,
08/19/2023,8:30 AM,84,79,3,29.7,Clear,0,0,0,0,0,,,
08/19/2023,9:00 AM,86,74,3,29.7,Clear,0,0,0,0,0,,,
08/19/2023,9:30 AM,88,62,3,29.7,Clear,0,0,0,0,0,,,
08/19/2023,10:00 AM,88,62,7,29.7,Clear,0,0,0,0,0,,,
08/19/2023,10:30 AM,90,59,7,29.7,Clear,0,0,0,0,0,,,
08/19/2023,11:00 AM,90,59,5,29.7,Clear,0,0,0,0,0,,,
08/19/2023,11:30 AM,90,59,8,29.7,Clear,0,0,0,0,0,,,
08/19/2023,12:00 PM,90,59,9,29.67,Clear,0,0,0,0,0,,,
08/19/2023,12:30 PM,90,62,13,29.67,Clear,0,0,0,0,0,,,
08/19/2023,1:00 PM,90,59,10,29.67,Clear,0,0,0,0,0,,,
08/19/2023,1:30 PM,91,55,13,29.64,Clear,0,0,0,0,0,,,
08/19/2023,2:00 PM,91,55,12,29.64,Clear,0,0,0,0,0,,,
08/19/2023,2:30 PM,93,49,10,29.61,Clear,0,0,0,0,0,,,
08/19/2023,3:00 PM,91,55,14,29.61,Clear,0,0,0,0,0,,,
08/19/2023,3:30 PM,91,55,14,29.61,Clear,0,0,0,0,0,,,
08/19/2023,4:00 PM,91,55,13,29.61,Clear,0,0,0,0,0,,,
08/19/2023,4:30 PM,90,59,13,29.61,Clear,0,0,0,0,0,,,
08/19/2023,5:00 PM,90,55,14,29.61,Clear,0,0,0,0,0,,,
08/19/2023,5:30 PM,88,58,9,29.61,Clear,0,0,0,0,0,,,
08/19/2023,6:00 PM,88,62,8,29.61,Clear,0,0,0,0,0,,,
08/19/2023,6:30 PM,86,66,9,29.64,Clear,0,0,0,0,0,,,
08/19/2023,7:00 PM,86,66,6,29.64,Clear,0,0,0,0,0,,,
08/19/2023,7:30 PM,84,70,6,29.64,Clear,0,0,0,0,0,,,
08/19/2023,8:00 PM,84,70,5,29.67,Clear,0,0,0,0,0,,,
08/19/2023,8:30 PM,82,74,5,29.67,Clear,0,0,0,0,0,,,
08/19/2023,9:00 PM,82,79,3,29.7,Clear,0,0,0,0,0,,,
08/19/2023,9:30 PM,82,79,5,29.7,Clear,0,0,0,0,0,,,
08/19/2023,10:00 PM,81,84,5,29.7,Clear,0,0,0,0,0,,,
08/19/2023,10:30 PM,81,84,3,29.73,Clear,0,0,0,0,0,,,
08/19/2023,11:00 PM,81,84,5,29.73,Clear,0,0,0,0,0,,,
08/19/2023,11:30 PM,81,84,3,29.7,Clear,0,0,0,0,0,,,
08/20/2023,12:00 AM,79,89,2,29.7,Clear,0,0,0,0,0,,,
08/20/2023,12:30 AM,79,89,0,29.7,Clear,0,0,0,0,0,,,
08/20/2023,1:00 AM,79,89,0,29.7,Clear,0,0,0,0,0,,,
08/20/2023,1:30 AM,81,84,3,29.7,Clear,0,0,0,0,0,,,
08/20/2023,2:00 AM,81,79,5,29.67,Clear,0,0,0,0,0,,,
08/20/2023,2:30 AM,79,83,2,29.67,Clear,0,0,0,0,0,,,
08/20/2023,3:00 AM,79,83,1,29.67,Clear,0,0,0,0,0,,,
08/20/2023,3:30 AM,77,89,5,29.67,Clear,0,0,0,0,0,,,
08/20/2023,4:00 AM,77,89,2,29.67,Clear,0,0,0,0,0,,,
08/20/2023,4:30 AM,77,89,2,29.64,Clear,0,0,0,0,0,,,
08/20/2023,5:00 AM,77,94,2,29.67,Clear,0,0,0,0,0,,,
08/20/2023,5:30 AM,77,94,1,29.67,Clear,0,0,0,0,0,,,
08/20/2023,6:00 AM,77,94,3,29.67,Clear,0,0,0,0,0,,,
08/20/2023,6:30 AM,77,94,3,29.67,Clear,0,0,0,0,0,,,
08/20/2023,7:00 AM,77,94,1,29.67,Clear,0,0,0,0,0,,,
08/20/2023,7:30 AM,79,83,3,29.7,Clear,0,0,0,0,0,,,
08/20/2023,8:00 AM,81,84,3,29.7,Clear,0,0,0,0,0,,,
08/20/2023,8:30 AM,82,79,2,29.7,Clear,0,0,0,0,0,,,
08/20/2023,9:00 AM,84,74,3,29.7,Clear,0,0,0,0,0,,,
08/20/2023,9:30 AM,84,74,6,29.7,Clear,0,0,0,0,0,,,
08/20/2023,10:00 AM,86,70,6,29.7,Clear,0,0,0,0,0,,,
08/20/2023,10:30 AM,88,66,5,29.7,Clear,0,0,0,0,0,,,
08/20/2023,11:00 AM,88,62,5,29.7,Clear,0,0,0,0,0,,,
08/20/2023,11:30 AM,90,59,2,29.7,Clear,0,0,0,0,0,,,
08/20/2023,12:00 PM,90,59,6,29.7,Clear,0,0,0,0,0,,,
08/20/2023,12:30 PM,90,59,6,29.67,Clear,0,0,0,0,0,,,
08/20/2023,1:00 PM,90,59,7,29.67,Clear,0,0,0,0,0,,,
08/20/2023,1:30 PM,90,55,13,29.64,Clear,0,0,0,0,0,,,
08/20/2023,2:00 PM,91,55,12,29.64,Clear,0,0,0,0,0,,,
08/20/2023,2:30 PM,90,59,10,29.64,Rain,0,0,0,0,0,,,
08/20/2023,3:00 PM,91,55,10,29.64,Clear,0,0,0,0,0,,,
08/20/2023,3:30 PM,90,59,9,29.61,Clear,0,0,0,0,0,,,
08/20/2023,4:00 PM,90,59,13,29.61,Clear,0,0,0,0,0,,,
08/20/2023,4:30 PM,90,62,12,29.61,Clear,0,0,0,0,0,,,
08/20/2023,5:00 PM,88,62,10,29.61,Clear,0,0,0,0,0,,,
08/20/2023,5:30 PM,88,66,9,29.61,Clear,0,0,0,0,0,,,
08/20/2023,6:00 PM,86,66,10,29.61,Clear,0,0,0,0,0,,,
08/20/2023,6:30 PM,86,66,8,29.64,Clear,0,0,0,0,0,,,
08/20/2023,7:00 PM,84,70,5,29.64,Clear,0,0,0,0,0,,,
08/20/2023,7:30 PM,84,70,6,29.64,Clear,0,0,0,0,0,,,
08/20/2023,8:00 PM,84,70,7,29.64,Clear,0,0,0,0,0,,,
08/20/2023,8:30 PM,84,70,6,29.67,Clear,0,0,0,0,0,,,
08/20/2023,9:00 PM,82,79,6,29.67,Clear,0,0,0,0,0,,,
08/20/2023,9:30 PM,81,84,3,29.7,Clear,0,0,0,0,0,,,
08/20/2023,10:00 PM,81,84,3,29.7,Clear,0,0,0,0,0,,,
08/20/2023,10:30 PM,82,79,3,29.7,Clear,0,0,0,0,0,,,
08/20/2023,11:00 PM,81,84,0,29.7,Clear,0,0,0,0,0,,,
08/20/2023,11:30 PM,79,89,2,29.7,Clear,0,0,0,0,0,,,
08/21/2023,12:00 AM,79,89,0,29.7,Clear,0,0,0,0,0,,,
08/21/2023,12:30 AM,79,89,2,29.7,Clear,0,0,0,0,0,,,
08/21/2023,1:00 AM,77,94,5,29.7,Clear,0,0,0,0,0,,,
08/21/2023,1:30 AM,77,94,5,29.7,Clear,0,0,0,0,0,,,
08/21/2023,2:00 AM,77,94,0,29.67,Clear,0,0,0,0,0,,,
08/21/2023,2:30 AM,79,89,0,29.67,Clear,0,0,0,0,0,,,
08/21/2023,3:00 AM,77,94,0,29.67,Clear,0,0,0,0,0,,,
08/21/2023,3:30 AM,77,94,0,29.67,Clear,0,0,0,0,0,,,
08/21/2023,4:00 AM,77,94,0,29.67,Clear,0,0,0,0,0,,,
08/21/2023,4:30 AM,77,94,0,29.67,Clear,0,0,0,0,0,,,
08/21/2023,5:00 AM,77,94,0,29.64,Clear,0,0,0,0,0,,,
08/21/2023,5:30 AM,77,94,0,29.67,Clear,0,0,0,0,0,,,
08/21/2023,6:00 AM,77,94,3,29.67,Clear,0,0,0,0,0,,,
08/21/2023,6:30 AM,77,94,2,29.67,Clear,0,0,0,0,0,,,
08/21/2023,7:00 AM,77,94,2,29.67,Clear,0,0,0,0,0,,,
08/21/2023,7:30 AM,77,94,3,29.7,Clear,0,0,0,0,0,,,
08/21/2023,8:00 AM,79,94,5,29.7,Clear,0,0,0,0,0,,,
08/21/2023,8:30 AM,81,84,5,29.7,Clear,0,0,0,0,0,,,
08/21/2023,9:00 AM,82,84,7,29.73,Clear,0,0,0,0,0,,,
08/21/2023,9:30 AM,84,79,6,29.73,Clear,0,0,0,0,0,,,
08/21/2023,10:00 AM,86,74,6,29.73,Clear,0,0,0,0,0,,,
08/21/2023,10:30 AM,86,70,6,29.73,Clear,0,0,0,0,0,,,
08/21/2023,11:00 AM,88,66,5,29.73,Clear,0,0,0,0,0,,,
08/21/2023,11:30 AM,88,70,5,29.7,Clear,0,0,0,0,0,,,
08/21/2023,12:00 PM,90,62,8,29.7,Clear,0,0,0,0,0,,,
08/21/2023,12:30 PM,91,55,12,29.7,Clear,0,0,0,0,0,,,
08/21/2023,1:00 PM,91,55,12,29.67,Clear,0,0,0,0,0,,,
08/21/2023,1:30 PM,91,55,13,29.67,Clear,0,0,0,0,0,,,
08/21/2023,2:00 PM,93,52,15,29.67,Clear,0,0,0,0,0,,,
08/21/2023,2:30 PM,91,55,14,29.64,Clear,0,0,0,0,0,,,
08/21/2023,3:00 PM,91,55,14,29.64,Clear,0,0,0,0,0,,,
08/21/2023,3:30 PM,91,55,13,29.64,Clear,0,0,0,0,0,,,
08/21/2023,4:00 PM,91,55,13,29.61,Clear,0,0,0,0,0,,,
08/21/2023,4:30 PM,91,55,13,29.61,Clear,0,0,0,0,0,,,
08/21/2023,5:00 PM,90,59,13,29.64,Clear,0,0,0,0,0,,,
08/21/2023,5:30 PM,90,59,10,29.64,Clear,0,0,0,0,0,,,
08/21/2023,6:00 PM,88,62,9,29.64,Clear,0,0,0,0,0,,,
08/21/2023,6:30 PM,86,66,7,29.64,Clear,0,0,0,0,0,,,
08/21/2023,7:00 PM,84,74,6,29.67,Clear,0,0,0,0,0,,,
08/21/2023,7:30 PM,84,74,5,29.7,Clear,0,0,0,0,0,,,
08/21/2023,8:00 PM,82,79,5,29.7,Clear,0,0,0,0,0,,,
08/21/2023,8:30 PM,82,79,5,29.7,Clear,0,0,0,0,0,,,
08/21/2023,9:00 PM,82,79,5,29.73,Clear,0,0,0,0,0,,,
08/21/2023,9:30 PM,81,79,5,29.73,Clear,0,0,0,0,0,,,
08/21/2023,10:00 PM,81,79,2,29.73,Clear,0,0,0,0,0,,,
08/21/2023,10:30 PM,81,79,0,29.73,Clear,0,0,0,0,0,,,
08/21/2023,11:00 PM,81,84,0,29.73,Clear,0,0,0,0,0,,,
08/21/2023,11:30 PM,79,89,0,29.76,Clear,0,0,0,0,0,,,
08/22/2023,12:00 AM,79,89,5,29.73,Clear,0,0,0,0,0,,,
08/22/2023,12:30 AM,79,89,2,29.73,Clear,0,0,0,0,0,,,
08/22/2023,1:00 AM,79,89,2,29.7,Clear,0,0,0,0,0,,,
08/22/2023,1:30 AM,79,89,2,29.7,Clear,0,0,0,0,0,,,
08/22/2023,2:00 AM,79,94,0,29.7,Clear,0,0,0,0,0,,,
08/22/2023,2:30 AM,79,89,0,29.7,Clear,0,0,0,0,0,,,
08/22/2023,3:00 AM,79,89,2,29.67,Clear,0,0,0,0,0,,,
08/22/2023,3:30 AM,77,94,0,29.67,Clear,0,0,0,0,0,,,
08/22/2023,4:00 AM,77,94,0,29.67,Clear,0,0,0,0,0,,,
08/22/2023,4:30 AM,77,94,0,29.67,Clear,0,0,0,0,0,,,
08/22/2023,5:00 AM,77,94,0,29.67,Clear,0,0,0,0,0,,,
08/22/2023,5:30 AM,77,94,0,29.67,Clear,0,0,0,0,0,,,
08/22/2023,6:00 AM,77,94,0,29.67,Clear,0,0,0,0,0,,,
08/22/2023,6:30 AM,77,94,3,29.67,Clear,0,0,0,0,0,,,
08/22/2023,7:00 AM,77,94,0,29.7,Clear,0,0,0,0,0,,,
08/22/2023,7:30 AM,77,94,2,29.7,Clear,0,0,0,0,0,,,
08/22/2023,8:00 AM,79,94,3,29.73,Clear,0,0,0,0,0,,,
08/22/2023,8:30 AM,81,89,3,29.73,Clear,0,0,0,0,0,,,
08/22/2023,9:00 AM,86,74,3,29.73,Clear,0,0,0,0,0,,,
08/22/2023,9:30 AM,86,70,3,29.73,Clear,0,0,0,0,0,,,
08/22/2023,10:00 AM,86,70,5,29.73,Clear,0,0,0,0,0,,,
08/22/2023,10:30 AM,88,66,6,29.73,Clear,0,0,0,0,0,,,
08/22/2023,11:00 AM,90,59,5,29.73,Rain,0,0,0,0,0,,,
08/22/2023,11:30 AM,90,62,6,29.73,Clear,0,0,0,0,0,,,
08/22/2023,12:00 PM,90,59,7,29.7,Rain,0,0,0,0,0,,,
08/22/2023,12:30 PM,90,70,6,29.7,Clear,0,0,0,0,0,,,
08/22/2023,1:00 PM,84,79,14,29.7,Clear,0,0,0,0,0,,,
08/22/2023,1:30 PM,82,79,9,29.67,Clear,0,0,0,0,0,,,
08/22/2023,2:00 PM,84,74,13,29.67,Clear,0,0,0,0,0,,,
08/22/2023,2:30 PM,86,70,9,29.64,Clear,0,0,0,0,0,,,
08/22/2023,3:00 PM,84,74,10,29.64,Clear,0,0,0,0,0,,,
08/22/2023,3:30 PM,82,79,10,29.64,Clear,0,0,0,0,0,,,
08/22/2023,4:00 PM,82,79,8,29.67,Clear,0,0,0,0,0,,,
08/22/2023,4:30 PM,82,79,8,29.64,Clear,0,0,0,0,0,,,
08/22/2023,5:00 PM,82,74,7,29.64,Clear,0,0,0,0,0,,,
08/22/2023,5:30 PM,82,79,6,29.64,Clear,0,0,0,0,0,,,
08/22/2023,6:00 PM,82,74,6,29.67,Clear,0,0,0,0,0,,,
08/22/2023,6:30 PM,82,79,5,29.67,Clear,0,0,0,0,0,,,
08/22/2023,7:00 PM,81,84,3,29.67,Clear,0,0,0,0,0,,,
08/22/2023,7:30 PM,81,84,2,29.7,Clear,0,0,0,0,0,,,
08/22/2023,8:00 PM,81,84,3,29.7,Clear,0,0,0,0,0,,,
08/22/2023,8:30 PM,81,84,3,29.7,Clear,0,0,0,0,0,,,
08/22/2023,9:00 PM,81,84,2,29.73,Clear,0,0,0,0,0,,,
08/22/2023,9:30 PM,81,84,3,29.76,Clear,0,0,0,0,0,,,
08/22/2023,10:00 PM,81,84,3,29.76,Clear,0,0,0,0,0,,,
08/22/2023,10:30 PM,81,84,3,29.76,Clear,0,0,0,0,0,,,
08/22/2023,11:00 PM,79,89,0,29.76,Clear,0,0,0,0,0,,,
08/22/2023,11:30 PM,79,89,2,29.76,Clear,0,0,0,0,0,,,
08/23/2023,12:00 AM,79,89,2,29.73,Clear,0,0,0,0,0,,,
08/23/2023,12:30 AM,77,94,0,29.73,Clear,0,0,0,0,0,,,
08/23/2023,1:00 AM,77,94,2,29.73,Clear,0,0,0,0,0,,,
08/23/2023,1:30 AM,77,94,2,29.73,Clear,0,0,0,0,0,,,
08/23/2023,2:00 AM,77,94,0,29.73,Clear,0,0,0,0,0,,,
08/23/2023,2:30 AM,77,94,0,29.7,Clear,0,0,0,0,0,,,
08/23/2023,3:00 AM,77,94,0,29.7,Clear,0,0,0,0,0,,,
08/23/2023,3:30 AM,77,94,2,29.7,Clear,0,0,0,0,0,,,
08/23/2023,4:00 AM,75,100,3,29.7,Clear,0,0,0,0,0,,,
08/23/2023,4:30 AM,77,89,2,29.7,Clear,0,0,0,0,0,,,
08/23/2023,5:00 AM,75,94,3,29.7,Clear,0,0,0,0,0,,,
08/23/2023,5:30 AM,75,100,3,29.7,Clear,0,0,0,0,0,,,
08/23/2023,6:00 AM,75,94,0,29.7,Clear,0,0,0,0,0,,,
08/23/2023,6:30 AM,75,94,0,29.73,Clear,0,0,0,0,0,,,
08/23/2023,7:00 AM,77,94,5,29.73,Clear,0,0,0,0,0,,,
08/23/2023,7:30 AM,79,89,3,29.73,Clear,0,0,0,0,0,,,
08/23/2023,8:00 AM,81,84,3,29.76,Clear,0,0,0,0,0,,,
08/23/2023,8:30 AM,82,79,5,29.76,Clear,0,0,0,0,0,,,
08/23/2023,9:00 AM,84,70,5,29.76,Clear,0,0,0,0,0,,,
08/23/2023,9:30 AM,84,74,6,29.76,Clear,0,0,0,0,0,,,
08/23/2023,10:00 AM,88,70,5,29.76,Clear,0,0,0,0,0,,,
08/23/2023,10:30 AM,88,62,3,29.76,Clear,0,0,0,0,0,,,
08/23/2023,11:00 AM,88,62,7,29.73,Clear,0,0,0,0,0,,,
08/23/2023,11:30 AM,88,62,9,29.73,Clear,0,0,0,0,0,,,
08/23/2023,12:00 PM,84,74,5,29.73,Rain,0,0,0,0,0,,,
08/23/2023,12:30 PM,90,62,5,29.7,Clear,0,0,0,0,0,,,
08/23/2023,1:00 PM,90,59,8,29.67,Clear,0,0,0,0,0,,,
08/23/2023,1:30 PM,90,62,8,29.67,Clear,0,0,0,0,0,,,
08/23/2023,2:00 PM,93,56,12,29.64,Clear,0,0,0,0,0,,,
08/23/2023,2:30 PM,93,56,15,29.64,Clear,0,0,0,0,0,,,
08/23/2023,3:00 PM,91,59,16,29.64,Clear,0,0,0,0,0,,,
08/23/2023,3:30 PM,90,59,13,29.64,Rain,0,0,0,0,0,,,
08/23/2023,4:00 PM,90,55,12,29.61,Clear,0,0,0,0,0,,,
08/23/2023,4:30 PM,90,55,13,29.61,Clear,0,0,0,0,0,,,
08/23/2023,5:00 PM,90,59,9,29.64,Clear,0,0,0,0,0,,,
08/23/2023,5:30 PM,90,55,9,29.64,Clear,0,0,0,0,0,,,
08/23/2023,6:00 PM,88,58,8,29.64,Clear,0,0,0,0,0,,,
08/23/2023,6:30 PM,88,58,9,29.64,Clear,0,0,0,0,0,,,
08/23/2023,7:00 PM,86,62,5,29.64,Clear,0,0,0,0,0,,,
08/23/2023,7:30 PM,86,62,6,29.67,Clear,0,0,0,0,0,,,
08/23/2023,8:00 PM,84,62,5,29.7,Clear,0,0,0,0,0,,,
08/23/2023,8:30 PM,82,70,3,29.7,Clear,0,0,0,0,0,,,
08/23/2023,9:00 PM,81,79,1,29.7,Clear,0,0,0,0,0,,,
08/23/2023,9:30 PM,81,84,3,29.73,Clear,0,0,0,0,0,,,
08/23/2023,10:00 PM,79,89,3,29.73,Clear,0,0,0,0,0,,,
08/23/2023,10:30 PM,79,89,0,29.73,Clear,0,0,0,0,0,,,
08/23/2023,11:00 PM,79,83,0,29.73,Clear,0,0,0,0,0,,,
08/23/2023,11:30 PM,79,83,2,29.73,Clear,0,0,0,0,0,,,
08/24/2023,12:00 AM,79,89,2,29.73,Clear,0,0,0,0,0,,,
08/24/2023,12:30 AM,77,94,2,29.73,Clear,0,0,0,0,0,,,
08/24/2023,1:00 AM,77,94,0,29.7,Clear,0,0,0,0,0,,,
08/24/2023,1:30 AM,77,94,0,29.7,Clear,0,0,0,0,0,,,
08/24/2023,2:00 AM,77,94,0,29.7,Clear,0,0,0,0,0,,,
08/24/2023,2:30 AM,77,94,1,29.67,Clear,0,0,0,0,0,,,
08/24/2023,3:00 AM,77,94,0,29.67,Clear,0,0,0,0,0,,,
08/24/2023,3:30 AM,77,94,2,29.67,Clear,0,0,0,0,0,,,
08/24/2023,4:00 AM,77,94,1,29.7,Clear,0,0,0,0,0,,,
08/24/2023,4:30 AM,77,94,1,29.7,Clear,0,0,0,0,0,,,
08/24/2023,5:00 AM,77,94,0,29.7,Clear,0,0,0,0,0,,,
08/24/2023,5:30 AM,75,100,0,29.7,Clear,0,0,0,0,0,,,
08/24/2023,6:00 AM,75,100,0,29.7,Clear,0,0,0,0,0,,,
08/24/2023,6:30 AM,75,100,0,29.7,Clear,0,0,0,0,0,,,
08/24/2023,7:00 AM,77,94,0,29.7,Clear,0,0,0,0,0,,,
08/24/2023,7:30 AM,79,94,0,29.73,Clear,0,0,0,0,0,,,
08/24/2023,8:00 AM,82,84,3,29.73,Clear,0,0,0,0,0,,,
08/24/2023,8:30 AM,84,79,3,29.76,Clear,0,0,0,0,0,,,
08/24/2023,9:00 AM,86,70,6,29.76,Clear,0,0,0,0,0,,,
08/24/2023,9:30 AM,88,66,6,29.76,Clear,0,0,0,0,0,,,
08/24/2023,10:00 AM,88,66,5,29.76,Clear,0,0,0,0,0,,,
08/24/2023,10:30 AM,90,62,6,29.76,Clear,0,0,0,0,0,,,
08/24/2023,11:00 AM,90,55,6,29.73,Clear,0,0,0,0,0,,,
08/24/2023,11:30 AM,91,49,6,29.73,Clear,0,0,0,0,0,,,
08/24/2023,12:00 PM,93,46,9,29.7,Clear,0,0,0,0,0,,,
08/24/2023,12:30 PM,93,49,8,29.7,Clear,0,0,0,0,0,,,
08/24/2023,1:00 PM,91,55,6,29.67,Clear,0,0,0,0,0,,,
08/24/2023,1:30 PM,91,59,10,29.67,Clear,0,0,0,0,0,,,
08/24/2023,2:00 PM,91,59,9,29.64,Clear,0,0,0,0,0,,,
08/24/2023,2:30 PM,91,59,9,29.64,Clear,0,0,0,0,0,,,
08/24/2023,3:00 PM,91,59,10,29.64,Clear,0,0,0,0,0,,,
08/24/2023,3:30 PM,91,59,9,29.61,Clear,0,0,0,0,0,,,
08/24/2023,4:00 PM,91,59,8,29.61,Clear,0,0,0,0,0,,,
08/24/2023,4:30 PM,91,59,8,29.61,Clear,0,0,0,0,0,,,
08/24/2023,5:00 PM,91,55,10,29.61,Clear,0,0,0,0,0,,,
08/24/2023,5:30 PM,90,62,12,29.64,Clear,0,0,0,0,0,,,
08/24/2023,6:00 PM,88,66,9,29.64,Clear,0,0,0,0,0,,,
08/24/2023,6:30 PM,88,62,7,29.64,Clear,0,0,0,0,0,,,
08/24/2023,7:00 PM,86,66,6,29.67,Clear,0,0,0,0,0,,,
08/24/2023,7:30 PM,84,74,6,29.67,Clear,0,0,0,0,0,,,
08/24/2023,8:00 PM,82,79,5,29.7,Clear,0,0,0,0,0,,,
08/24/2023,8:30 PM,82,79,5,29.7,Clear,0,0,0,0,0,,,
08/24/2023,9:00 PM,82,79,6,29.73,Clear,0,0,0,0,0,,,
08/24/2023,9:30 PM,81,84,5,29.73,Clear,0,0,0,0,0,,,
08/24/2023,10:00 PM,81,84,5,29.76,Clear,0,0,0,0,0,,,
08/24/2023,10:30 PM,81,84,2,29.76,Clear,0,0,0,0,0,,,
08/24/2023,11:00 PM,81,84,2,29.76,Clear,0,0,0,0,0,,,
08/24/2023,11:30 PM,79,94,2,29.76,Clear,0,0,0,0,0,,,
08/25/2023,12:00 AM,79,89,2,29.73,Clear,0,0,0,0,0,,,
08/25/2023,12:30 AM,79,89,0,29.73,Clear,0,0,0,0,0,,,
08/25/2023,1:00 AM,79,89,0,29.73,Clear,0,0,0,0,0,,,
08/25/2023,1:30 AM,79,89,0,29.73,Clear,0,0,0,0,0,,,
08/25/2023,2:00 AM,77,94,0,29.7,Clear,0,0,0,0,0,,,
08/25/2023,2:30 AM,77,94,0,29.7,Clear,0,0,0,0,0,,,
08/25/2023,3:00 AM,77,94,0,29.7,Clear,0,0,0,0,0,,,
08/25/2023,3:30 AM,77,94,0,29.7,Clear,0,0,0,0,0,,,
08/25/2023,4:00 AM,77,94,0,29.7,Clear,0,0,0,0,0,,,
08/25/2023,4:30 AM,77,94,0,29.7,Clear,0,0,0,0,0,,,
08/25/2023,5:00 AM,77,94,0,29.7,Clear,0,0,0,0,0,,,
08/25/2023,5:30 AM,77,94,0,29.7,Clear,0,0,0,0,0,,,
08/25/2023,6:00 AM,77,94,0,29.7,Clear,0,0,0,0,0,,,
08/25/2023,6:30 AM,77,94,0,29.7,Clear,0,0,0,0,0,,,
08/25/2023,7:00 AM,79,89,0,29.7,Clear,0,0,0,0,0,,,
08/25/2023,7:30 AM,81,84,0,29.7,Clear,0,0,0,0,0,,,
08/25/2023,8:00 AM,81,89,3,29.73,Clear,0,0,0,0,0,,,
08/25/2023,8:30 AM,84,79,2,29.73,Clear,1,1,0,1,0,,,
08/25/2023,9:00 AM,86,70,3,29.73,Clear,0,0,0,0,0,,,
08/25/2023,9:30 AM,88,62,5,29.73,Clear,0,0,0,0,0,,,
08/25/2023,10:00 AM,88,66,6,29.73,Clear,0,0,0,0,0,,,
08/25/2023,10:30 AM,90,62,5,29.73,Clear,0,0,0,0,0,,,
08/25/2023,11:00 AM,90,62,7,29.73,Clear,0,0,0,0,0,,,
08/25/2023,11:30 AM,90,62,5,29.7,Clear,0,0,0,0,0,,,
08/25/2023,12:00 PM,91,55,5,29.7,Clear,0,0,0,0,0,,,
08/25/2023,12:30 PM,91,55,3,29.67,Clear,0,0,0,0,0,,,
08/25/2023,1:00 PM,95,53,5,29.67,Clear,0,0,0,0,0,,,
08/25/2023,1:30 PM,93,52,6,29.64,Rain,0,0,0,0,0,,,
08/25/2023,2:00 PM,93,56,8,29.64,Clear,0,0,0,0,0,,,
08/25/2023,2:30 PM,93,56,8,29.64,Clear,0,0,0,0,0,,,
08/25/2023,3:00 PM,93,56,8,29.61,Rain,0,0,0,0,0,,,
08/25/2023,3:30 PM,88,70,13,29.61,Rain,0,0,0,0,0,,,
08/25/2023,4:00 PM,81,89,12,29.64,Rain,0,0,0,0,0,,,
08/25/2023,4:30 PM,79,89,8,29.64,Rain,0,0,0,0,0,,,
08/25/2023,5:00 PM,77,89,7,29.67,Rain,0,0,0,0,0,,,
08/25/2023,5:30 PM,77,89,5,29.67,Clear,0,0,0,0,0,,,
08/25/2023,6:00 PM,79,83,2,29.67,Clear,0,0,0,0,0,,,
08/25/2023,6:30 PM,79,83,0,29.7,Clear,0,0,0,0,0,,,
08/25/2023,7:00 PM,77,89,0,29.7,Clear,0,0,0,0,0,,,
08/25/2023,7:30 PM,77,89,3,29.7,Clear,0,0,0,0,0,,,
08/25/2023,9:00 PM,77,94,2,29.76,Clear,0,0,0,0,0,,,
08/25/2023,9:30 PM,77,94,2,29.76,Clear,0,0,0,0,0,,,
08/25/2023,10:00 PM,79,94,2,29.79,Clear,0,0,0,0,0,,,
08/25/2023,10:30 PM,79,94,0,29.79,Clear,0,0,0,0,0,,,
08/25/2023,11:00 PM,79,94,0,29.79,Clear,0,0,0,0,0,,,
08/25/2023,11:30 PM,77,100,0,29.76,Clear,0,0,0,0,0,,,
08/26/2023,12:00 AM,77,94,0,29.76,Clear,0,0,0,0,0,,,
08/26/2023,12:30 AM,77,94,0,29.76,Clear,0,0,0,0,0,,,
08/26/2023,1:00 AM,77,94,0,29.73,Clear,0,0,0,0,0,,,
08/26/2023,1:30 AM,77,94,0,29.73,Clear,0,0,0,0,0,,,
08/26/2023,2:00 AM,77,94,0,29.73,Clear,0,0,0,0,0,,,
08/26/2023,2:30 AM,77,94,2,29.73,Clear,0,0,0,0,0,,,
08/26/2023,3:00 AM,77,94,2,29.73,Clear,0,0,0,0,0,,,
08/26/2023,3:30 AM,75,100,2,29.73,Clear,0,0,0,0,0,,,
08/26/2023,4:00 AM,75,94,0,29.7,Clear,0,0,0,0,0,,,
08/26/2023,4:30 AM,75,94,0,29.7,Clear,0,0,0,0,0,,,
08/26/2023,5:00 AM,75,94,0,29.7,Clear,0,0,0,0,0,,,
08/26/2023,5:30 AM,75,94,2,29.73,Clear,1,1,0,1,0,,,
08/26/2023,6:00 AM,75,94,0,29.73,Clear,0,0,0,0,0,,,
08/26/2023,6:30 AM,75,94,0,29.73,Clear,0,0,0,0,0,,,
08/26/2023,7:00 AM,77,94,0,29.73,Clear,0,0,0,0,0,,,
08/26/2023,7:30 AM,77,94,3,29.73,Clear,0,0,0,0,0,,,
08/26/2023,8:00 AM,79,89,3,29.76,Clear,0,0,0,0,0,,,
08/26/2023,8:30 AM,82,84,2,29.76,Clear,0,0,0,0,0,,,
08/26/2023,9:00 AM,84,79,0,29.76,Clear,0,0,0,0,0,,,
08/26/2023,9:30 AM,86,74,3,29.76,Clear,0,0,0,0,0,,,
08/26/2023,10:00 AM,88,66,5,29.76,Clear,0,0,0,0,0,,,
08/26/2023,10:30 AM,90,66,6,29.76,Clear,0,0,0,0,0,,,
08/26/2023,11:00 AM,90,59,5,29.76,Rain,0,0,0,0,0,,,
08/26/2023,11:30 AM,88,62,15,29.73,Clear,0,0,0,0,0,,,
08/26/2023,12:00 PM,91,55,13,29.73,Clear,0,0,0,0,0,,,
08/26/2023,12:30 PM,86,70,13,29.73,Clear,0,0,0,0,0,,,
08/26/2023,1:00 PM,84,70,17,29.73,Clear,0,0,0,0,0,,,
08/26/2023,1:30 PM,88,62,15,29.7,Clear,0,0,0,0,0,,,
08/26/2023,2:00 PM,88,62,14,29.7,Clear,0,0,0,0,0,,,
08/26/2023,2:30 PM,88,58,15,29.7,Clear,0,0,0,0,0,,,
08/26/2023,3:00 PM,88,58,14,29.7,Clear,0,0,0,0,0,,,
08/26/2023,3:30 PM,88,58,12,29.7,Clear,0,0,0,0,0,,,
08/26/2023,4:00 PM,86,62,13,29.67,Clear,0,0,0,0,0,,,
08/26/2023,4:30 PM,86,66,12,29.67,Clear,0,0,0,0,0,,,
08/26/2023,5:00 PM,86,62,9,29.67,Clear,0,0,0,0,0,,,
08/26/2023,5:30 PM,84,66,10,29.67,Clear,1,1,0,1,0,,,
08/26/2023,6:00 PM,82,70,7,29.7,Clear,0,0,0,0,0,,,
08/26/2023,6:30 PM,82,70,6,29.7,Clear,0,0,0,0,0,,,
08/26/2023,7:00 PM,82,74,10,29.7,Clear,0,0,0,0,0,,,
08/26/2023,7:30 PM,81,79,7,29.73,Clear,0,0,0,0,0,,,
08/26/2023,8:00 PM,81,79,6,29.73,Clear,0,0,0,0,0,,,
08/26/2023,8:30 PM,79,83,5,29.73,Clear,0,0,0,0,0,,,
08/26/2023,9:00 PM,79,83,5,29.76,Clear,0,0,0,0,0,,,
08/26/2023,9:30 PM,79,83,5,29.76,Clear,0,0,0,0,0,,,
08/26/2023,10:00 PM,79,83,5,29.76,Clear,0,0,0,0,0,,,
08/26/2023,10:30 PM,79,83,7,29.79,Clear,0,0,0,0,0,,,
08/26/2023,11:00 PM,79,83,6,29.79,Clear,0,0,0,0,0,,,
08/26/2023,11:30 PM,79,89,3,29.76,Clear,0,0,0,0,0,,,
08/27/2023,12:00 AM,77,94,5,29.76,Clear,0,0,0,0,0,,,
08/27/2023,12:30 AM,77,94,3,29.73,Clear,0,0,0,0,0,,,
08/27/2023,1:00 AM,77,89,0,29.73,Clear,0,0,0,0,0,,,
08/27/2023,1:30 AM,77,94,0,29.73,Clear,0,0,0,0,0,,,
08/27/2023,2:00 AM,77,94,0,29.7,Clear,0,0,0,0,0,,,
08/27/2023,2:30 AM,77,89,0,29.7,Clear,0,0,0,0,0,,,
08/27/2023,3:00 AM,77,89,2,29.7,Clear,0,0,0,0,0,,,
08/27/2023,3:30 AM,75,94,2,29.7,Clear,0,0,0,0,0,,,
08/27/2023,4:00 AM,75,94,2,29.7,Clear,0,0,0,0,0,,,
08/27/2023,4:30 AM,75,94,2,29.7,Clear,0,0,0,0,0,,,
08/27/2023,5:00 AM,77,89,5,29.7,Clear,0,0,0,0,0,,,
08/27/2023,5:30 AM,75,94,2,29.73,Clear,1,1,0,1,0,,,
08/27/2023,6:00 AM,77,89,3,29.73,Clear,0,0,0,0,0,,,
08/27/2023,6:30 AM,75,94,0,29.73,Clear,0,0,0,0,0,,,
08/27/2023,7:00 AM,77,89,0,29.73,Clear,0,0,0,0,0,,,
08/27/2023,7:30 AM,79,89,1,29.73,Clear,0,0,0,0,0,,,
08/27/2023,8:00 AM,81,84,2,29.76,Clear,0,0,0,0,0,,,
08/27/2023,8:30 AM,82,84,5,29.76,Clear,0,0,0,0,0,,,
08/27/2023,9:00 AM,86,74,6,29.76,Clear,0,0,0,0,0,,,
08/27/2023,9:30 AM,86,70,3,29.76,Clear,0,0,0,0,0,,,
08/27/2023,10:00 AM,88,66,2,29.76,Clear,0,0,0,0,0,,,
08/27/2023,10:30 AM,88,62,3,29.73,Clear,0,0,0,0,0,,,
08/27/2023,11:00 AM,88,62,3,29.73,Clear,0,0,0,0,0,,,
08/27/2023,11:30 AM,90,59,6,29.73,Clear,0,0,0,0,0,,,
08/27/2023,12:00 PM,91,59,5,29.7,Clear,0,0,0,0,0,,,
08/27/2023,12:30 PM,93,52,5,29.7,Clear,0,0,0,0,0,,,
08/27/2023,1:00 PM,91,55,6,29.67,Clear,0,0,0,0,0,,,
08/27/2023,1:30 PM,91,59,7,29.67,Clear,0,0,0,0,0,,,
08/27/2023,2:00 PM,93,56,12,29.64,Rain,0,0,0,0,0,,,
08/27/2023,2:30 PM,93,56,13,29.64,Rain,0,0,0,0,0,,,
08/27/2023,3:00 PM,88,62,6,29.61,Rain,0,0,0,0,0,,,
08/27/2023,3:30 PM,88,62,6,29.61,Rain,0,0,0,0,0,,,
08/27/2023,4:00 PM,84,74,3,29.64,Clear,0,0,0,0,0,,,
08/27/2023,4:30 PM,88,66,9,29.61,Clear,0,0,0,0,0,,,
08/27/2023,5:00 PM,88,66,9,29.61,Clear,0,0,0,0,0,,,
08/27/2023,5:30 PM,86,70,10,29.61,Clear,0,0,0,0,0,,,
08/27/2023,6:00 PM,86,66,8,29.61,Clear,0,0,0,0,0,,,
08/27/2023,6:30 PM,86,66,6,29.64,Clear,0,0,0,0,0,,,
08/27/2023,7:00 PM,84,70,7,29.64,Clear,0,0,0,0,0,,,
08/27/2023,7:30 PM,82,74,6,29.64,Clear,0,0,0,0,0,,,
08/27/2023,8:00 PM,82,74,6,29.67,Clear,0,0,0,0,0,,,
08/27/2023,8:30 PM,82,74,5,29.67,Clear,0,0,0,0,0,,,
08/27/2023,9:00 PM,81,79,5,29.7,Clear,0,0,0,0,0,,,
08/27/2023,9:30 PM,81,79,6,29.7,Clear,0,0,0,0,0,,,
08/27/2023,10:00 PM,81,84,3,29.73,Clear,0,0,0,0,0,,,
08/27/2023,10:30 PM,81,84,3,29.73,Clear,0,0,0,0,0,,,
08/27/2023,11:00 PM,81,84,2,29.73,Clear,0,0,0,0,0,,,
08/27/2023,11:30 PM,79,89,2,29.7,Clear,0,0,0,0,0,,,
08/28/2023,12:00 AM,79,89,0,29.7,Clear,0,0,0,0,0,,,
08/28/2023,12:30 AM,79,89,0,29.7,Clear,0,0,0,0,0,,,
08/28/2023,1:00 AM,79,89,0,29.7,Clear,0,0,0,0,0,,,
08/28/2023,1:30 AM,79,89,0,29.7,Clear,0,0,0,0,0,,,
08/28/2023,2:00 AM,77,94,0,29.67,Clear,0,0,0,0,0,,,
08/28/2023,2:30 AM,77,94,0,29.67,Clear,0,0,0,0,0,,,
08/28/2023,3:00 AM,77,94,0,29.67,Clear,0,0,0,0,0,,,
08/28/2023,3:30 AM,77,94,0,29.67,Clear,0,0,0,0,0,,,
08/28/2023,4:00 AM,77,94,0,29.67,Clear,0,0,0,0,0,,,
08/28/2023,4:30 AM,77,94,0,29.64,Clear,0,0,0,0,0,,,
08/28/2023,5:00 AM,77,94,2,29.67,Clear,0,0,0,0,0,,,
08/28/2023,5:30 AM,77,94,2,29.67,Clear,0,0,0,0,0,,,
08/28/2023,6:00 AM,77,94,0,29.67,Clear,0,0,0,0,0,,,
08/28/2023,6:30 AM,77,94,2,29.67,Clear,0,0,0,0,0,,,
08/28/2023,7:00 AM,77,94,0,29.7,Clear,0,0,0,0,0,,,
08/28/2023,7:30 AM,81,84,0,29.7,Clear,0,0,0,0,0,,,
08/28/2023,8:00 AM,82,79,2,29.7,Clear,0,0,0,0,0,,,
08/28/2023,8:30 AM,84,74,5,29.7,Clear,0,0,0,0,0,,,
08/28/2023,9:00 AM,86,66,3,29.7,Clear,0,0,0,0,0,,,
08/28/2023,9:30 AM,86,70,2,29.7,Clear,0,0,0,0,0,,,
08/28/2023,10:00 AM,88,66,6,29.73,Clear,0,0,0,0,0,,,
08/28/2023,10:30 AM,90,59,8,29.7,Clear,0,0,0,0,0,,,
08/28/2023,11:00 AM,90,62,9,29.7,Clear,0,0,0,0,0,,,
08/28/2023,11:30 AM,91,55,10,29.7,Clear,0,0,0,0,0,,,
08/28/2023,12:00 PM,93,49,10,29.67,Clear,0,0,0,0,0,,,
08/28/2023,12:30 PM,93,52,10,29.67,Clear,0,0,0,0,0,,,
08/28/2023,1:00 PM,93,52,9,29.64,Clear,0,0,0,0,0,,,
08/28/2023,1:30 PM,93,49,14,29.64,Clear,0,0,0,0,0,,,
08/28/2023,2:00 PM,93,52,12,29.61,Clear,0,0,0,0,0,,,
08/28/2023,2:30 PM,93,52,15,29.61,Clear,0,0,0,0,0,,,
08/28/2023,3:00 PM,93,49,15,29.61,Clear,0,0,0,0,0,,,
08/28/2023,3:30 PM,93,52,13,29.61,Clear,0,0,0,0,0,,,
08/28/2023,4:00 PM,91,55,10,29.61,Clear,0,0,0,0,0,,,
08/28/2023,4:30 PM,91,55,12,29.58,Clear,0,0,0,0,0,,,
08/28/2023,5:00 PM,91,59,12,29.61,Clear,0,0,0,0,0,,,
08/28/2023,5:30 PM,88,62,13,29.61,Clear,0,0,0,0,0,,,
08/28/2023,6:00 PM,86,62,12,29.64,Clear,0,0,0,0,0,,,
08/28/2023,6:30 PM,86,66,9,29.64,Clear,0,0,0,0,0,,,
08/28/2023,7:00 PM,84,70,7,29.64,Clear,0,0,0,0,0,,,
08/28/2023,7:30 PM,84,74,7,29.67,Clear,0,0,0,0,0,,,
08/28/2023,8:00 PM,82,79,6,29.67,Clear,0,0,0,0,0,,,
08/28/2023,8:30 PM,82,79,5,29.7,Clear,0,0,0,0,0,,,
08/28/2023,9:00 PM,81,84,8,29.7,Clear,0,0,0,0,0,,,
08/28/2023,9:30 PM,79,89,3,29.7,Clear,0,0,0,0,0,,,
08/28/2023,10:00 PM,79,83,3,29.73,Clear,0,0,0,0,0,,,
08/28/2023,10:30 PM,79,83,3,29.73,Clear,0,0,0,0,0,,,
08/28/2023,11:00 PM,79,83,0,29.73,Clear,0,0,0,0,0,,,
08/28/2023,11:30 PM,79,83,3,29.7,Clear,0,0,0,0,0,,,
08/29/2023,12:00 AM,77,89,2,29.7,Clear,0,0,0,0,0,,,
08/29/2023,12:30 AM,77,94,2,29.7,Clear,0,0,0,0,0,,,
08/29/2023,1:00 AM,77,94,0,29.7,Clear,0,0,0,0,0,,,
08/29/2023,1:30 AM,77,94,2,29.67,Clear,0,0,0,0,0,,,
08/29/2023,2:00 AM,77,94,2,29.67,Clear,0,0,0,0,0,,,
08/29/2023,2:30 AM,77,94,3,29.67,Clear,0,0,0,0,0,,,
08/29/2023,4:00 AM,77,94,2,29.64,Clear,0,0,0,0,0,,,
08/29/2023,4:30 AM,77,94,2,29.64,Clear,0,0,0,0,0,,,
08/29/2023,5:00 AM,77,94,2,29.64,Clear,0,0,0,0,0,,,
08/29/2023,5:30 AM,77,94,0,29.64,Clear,0,0,0,0,0,,,
08/29/2023,6:00 AM,77,94,2,29.64,Clear,0,0,0,0,0,,,
08/29/2023,6:30 AM,77,94,0,29.64,Clear,0,0,0,0,0,,,
08/29/2023,7:00 AM,77,100,0,29.67,Clear,0,0,0,0,0,,,
08/29/2023,7:30 AM,81,89,2,29.67,Clear,0,0,0,0,0,,,
08/29/2023,8:00 AM,79,94,6,29.7,Clear,0,0,0,0,0,,,
08/29/2023,8:30 AM,81,79,8,29.7,Clear,0,0,0,0,0,,,
08/29/2023,9:00 AM,84,74,6,29.7,Clear,0,0,0,0,0,,,
08/29/2023,9:30 AM,86,70,7,29.7,Clear,0,0,0,0,0,,,
08/29/2023,10:00 AM,88,66,7,29.7,Clear,0,0,0,0,0,,,
08/29/2023,10:30 AM,88,62,12,29.7,Clear,0,0,0,0,0,,,
08/29/2023,11:00 AM,90,59,12,29.7,Clear,0,0,0,0,0,,,
08/29/2023,11:30 AM,91,55,10,29.67,Clear,0,0,0,0,0,,,
08/29/2023,12:00 PM,90,59,10,29.67,Clear,0,0,0,0,0,,,
08/29/2023,12:30 PM,91,59,14,29.64,Clear,0,0,0,0,0,,,
08/29/2023,1:00 PM,91,59,10,29.64,Clear,0,0,0,0,0,,,
08/29/2023,1:30 PM,91,55,13,29.61,Clear,0,0,0,0,0,,,
08/29/2023,2:00 PM,91,55,10,29.61,Clear,0,0,0,0,0,,,
08/29/2023,2:30 PM,91,55,10,29.61,Clear,0,0,0,0,0,,,
08/29/2023,3:00 PM,90,62,10,29.61,Rain,0,0,0,0,0,,,
08/29/2023,3:30 PM,88,58,15,29.58,Rain,0,0,0,0,0,,,
08/29/2023,4:00 PM,86,70,10,29.58,Clear,0,0,0,0,0,,,
08/29/2023,4:30 PM,86,70,9,29.58,Clear,0,0,0,0,0,,,
08/29/2023,5:00 PM,88,66,8,29.58,Clear,0,0,0,0,0,,,
08/29/2023,5:30 PM,79,78,28,29.64,Rain,0,0,0,0,0,,,
08/29/2023,6:00 PM,77,83,5,29.64,Clear,0,0,0,0,0,,,
08/29/2023,6:30 PM,77,89,3,29.64,Clear,0,0,0,0,0,,,
08/29/2023,7:00 PM,77,94,3,29.64,Clear,0,0,0,0,0,,,
08/29/2023,7:30 PM,77,94,0,29.64,Clear,0,0,0,0,0,,,
08/29/2023,8:00 PM,79,89,0,29.67,Clear,0,0,0,0,0,,,
08/29/2023,8:30 PM,79,83,3,29.67,Clear,0,0,0,0,0,,,
08/29/2023,9:00 PM,79,89,5,29.7,Clear,0,0,0,0,0,,,
08/29/2023,9:30 PM,79,89,3,29.7,Clear,0,0,0,0,0,,,
08/29/2023,10:00 PM,79,89,5,29.73,Clear,0,0,0,0,0,,,
08/29/2023,10:30 PM,79,89,3,29.73,Clear,0,0,0,0,0,,,
08/29/2023,11:00 PM,79,94,2,29.7,Clear,0,0,0,0,0,,,
08/29/2023,11:30 PM,79,89,3,29.7,Clear,0,0,0,0,0,,,
08/30/2023,12:00 AM,79,89,6,29.7,Clear,0,0,0,0,0,,,
08/30/2023,12:30 AM,79,94,3,29.7,Clear,0,0,0,0,0,,,
08/30/2023,1:00 AM,79,94,3,29.7,Clear,0,0,0,0,0,,,
08/30/2023,1:30 AM,79,94,5,29.67,Clear,0,0,0,0,0,,,
08/30/2023,2:00 AM,79,89,6,29.67,Clear,0,0,0,0,0,,,
08/30/2023,2:30 AM,79,94,3,29.67,Clear,0,0,0,0,0,,,
08/30/2023,3:00 AM,79,89,5,29.67,Clear,0,0,0,0,0,,,
08/30/2023,3:30 AM,79,94,2,29.67,Clear,0,0,0,0,0,,,
08/30/2023,4:00 AM,79,89,3,29.67,Clear,0,0,0,0,0,,,
08/30/2023,4:30 AM,77,94,3,29.67,Clear,0,0,0,0,0,,,
08/30/2023,5:00 AM,77,94,5,29.67,Clear,0,0,0,0,0,,,
08/30/2023,5:30 AM,77,94,5,29.7,Clear,0,0,0,0,0,,,
08/30/2023,6:00 AM,77,94,6,29.7,Clear,0,0,0,0,0,,,
08/30/2023,6:30 AM,77,94,6,29.7,Clear,0,0,0,0,0,,,
08/30/2023,7:00 AM,79,89,5,29.7,Clear,0,0,0,0,0,,,
08/30/2023,7:30 AM,79,94,6,29.7,Clear,0,0,0,0,0,,,
08/30/2023,8:00 AM,81,89,6,29.7,Clear,0,0,0,0,0,,,
08/30/2023,8:30 AM,82,84,6,29.7,Clear,0,0,0,0,0,,,
08/30/2023,9:00 AM,84,79,7,29.7,Clear,0,0,0,0,0,,,
08/30/2023,9:30 AM,86,74,6,29.7,Clear,0,0,0,0,0,,,
08/30/2023,10:00 AM,86,74,7,29.7,Clear,0,0,0,0,0,,,
08/30/2023,10:30 AM,90,62,10,29.7,Clear,0,0,0,0,0,,,
08/30/2023,11:00 AM,91,59,13,29.7,Clear,0,0,0,0,0,,,
08/30/2023,11:30 AM,91,59,9,29.67,Clear,0,0,0,0,0,,,
08/30/2023,12:00 PM,93,56,15,29.67,Clear,0,0,0,0,0,,,
08/30/2023,12:30 PM,93,56,12,29.67,Clear,0,0,0,0,0,,,
08/30/2023,1:00 PM,93,56,16,29.64,Rain,0,0,0,0,0,,,
08/30/2023,1:30 PM,91,59,16,29.64,Rain,0,0,0,0,0,,,
08/30/2023,2:00 PM,90,62,10,29.64,Clear,0,0,0,0,0,,,
08/30/2023,2:30 PM,90,59,8,29.64,Clear,0,0,0,0,0,,,
08/30/2023,3:00 PM,88,66,7,29.64,Clear,0,0,0,0,0,,,
08/30/2023,3:30 PM,84,74,6,29.64,Clear,0,0,0,0,0,,,
08/30/2023,4:00 PM,82,79,6,29.64,Clear,0,0,0,0,0,,,
08/30/2023,4:30 PM,82,79,7,29.64,Clear,0,0,0,0,0,,,
08/30/2023,5:00 PM,82,84,5,29.64,Clear,0,0,0,0,0,,,
08/30/2023,5:30 PM,84,74,9,29.64,Clear,0,0,0,0,0,,,
08/30/2023,6:00 PM,84,74,6,29.64,Clear,0,0,0,0,0,,,
08/30/2023,6:30 PM,84,74,8,29.64,Clear,0,0,0,0,0,,,
08/30/2023,7:00 PM,84,74,6,29.64,Clear,0,0,0,0,0,,,
08/30/2023,7:30 PM,82,79,7,29.67,Clear,0,0,0,0,0,,,
08/30/2023,8:00 PM,82,79,8,29.67,Clear,0,0,0,0,0,,,
08/30/2023,8:30 PM,82,74,5,29.7,Clear,0,0,0,0,0,,,
08/30/2023,9:00 PM,81,79,3,29.7,Clear,0,0,0,0,0,,,
08/30/2023,9:30 PM,79,89,3,29.7,Clear,0,0,0,0,0,,,
08/30/2023,10:00 PM,79,89,3,29.73,Clear,0,0,0,0,0,,,
08/30/2023,10:30 PM,79,89,3,29.73,Clear,0,0,0,0,0,,,
08/30/2023,11:00 PM,79,89,2,29.73,Clear,0,0,0,0,0,,,
08/30/2023,11:30 PM,79,89,2,29.73,Clear,0,0,0,0,0,,,
08/31/2023,12:00 AM,79,89,3,29.73,Clear,0,0,0,0,0,,,
08/31/2023,12:30 AM,79,89,6,29.7,Clear,0,0,0,0,0,,,
08/31/2023,1:00 AM,79,89,3,29.7,Clear,0,0,0,0,0,,,
08/31/2023,1:30 AM,79,89,5,29.7,Clear,0,0,0,0,0,,,
08/31/2023,2:00 AM,79,89,3,29.67,Clear,0,0,0,0,0,,,
08/31/2023,2:30 AM,79,89,3,29.67,Clear,0,0,0,0,0,,,
08/31/2023,3:00 AM,79,89,5,29.67,Clear,0,0,0,0,0,,,
08/31/2023,3:30 AM,77,94,5,29.67,Clear,0,0,0,0,0,,,
08/31/2023,4:00 AM,79,89,2,29.67,Clear,0,0,0,0,0,,,
08/31/2023,4:30 AM,79,89,2,29.67,Clear,0,0,0,0,0,,,
08/31/2023,5:00 AM,77,94,2,29.67,Clear,0,0,0,0,0,,,
08/31/2023,5:30 AM,77,94,2,29.67,Clear,0,0,0,0,0,,,
08/31/2023,6:00 AM,77,94,3,29.67,Clear,0,0,0,0,0,,,
08/31/2023,6:30 AM,77,94,2,29.7,Rain,0,0,0,0,0,,,
08/31/2023,7:00 AM,77,94,2,29.7,Clear,0,0,0,0,0,,,
08/31/2023,7:30 AM,79,89,5,29.73,Clear,0,0,0,0,0,,,
08/31/2023,8:00 AM,82,84,5,29.73,Clear,0,0,0,0,0,,,
08/31/2023,8:30 AM,82,84,7,29.76,Clear,0,0,0,0,0,,,
08/31/2023,9:00 AM,82,79,7,29.76,Clear,0,0,0,0,0,,,
08/31/2023,9:30 AM,84,74,8,29.76,Clear,0,0,0,0,0,,,
08/31/2023,10:00 AM,88,62,10,29.76,Clear,0,0,0,0,0,,,
08/31/2023,10:30 AM,88,62,12,29.76,Clear,0,0,0,0,0,,,
08/31/2023,11:00 AM,88,62,12,29.73,Clear,0,0,0,0,0,,,
08/31/2023,11:30 AM,91,55,18,29.73,Clear,0,0,0,0,0,,,
08/31/2023,12:00 PM,91,59,14,29.73,Clear,0,0,0,0,0,,,
08/31/2023,12:30 PM,90,59,17,29.7,Clear,0,0,0,0,0,,,
08/31/2023,1:00 PM,90,59,17,29.7,Clear,0,0,0,0,0,,,
08/31/2023,1:30 PM,90,62,14,29.67,Clear,0,0,0,0,0,,,
08/31/2023,2:00 PM,91,55,18,29.67,Clear,0,0,0,0,0,,,
08/31/2023,2:30 PM,91,55,13,29.64,Clear,0,0,0,0,0,,,
08/31/2023,3:00 PM,91,59,12,29.64,Rain,0,0,0,0,0,,,
08/31/2023,3:30 PM,90,59,12,29.64,Rain,0,0,0,0,0,,,
08/31/2023,4:00 PM,88,70,10,29.61,Rain,0,0,0,0,0,,,
08/31/2023,4:30 PM,90,62,13,29.61,Rain,0,0,0,0,0,,,
08/31/2023,5:00 PM,90,59,13,29.64,Clear,0,0,0,0,0,,,
08/31/2023,5:30 PM,88,62,10,29.64,Clear,0,0,0,0,0,,,
08/31/2023,6:00 PM,88,66,8,29.64,Clear,0,0,0,0,0,,,
08/31/2023,6:30 PM,86,66,13,29.67,Clear,0,0,0,0,0,,,
08/31/2023,7:00 PM,84,70,10,29.67,Clear,0,0,0,0,0,,,
08/31/2023,7:30 PM,82,79,5,29.7,Clear,0,0,0,0,0,,,
08/31/2023,8:00 PM,82,79,5,29.7,Clear,0,0,0,0,0,,,
08/31/2023,8:30 PM,81,84,5,29.73,Clear,0,0,0,0,0,,,
08/31/2023,9:00 PM,81,84,2,29.73,Clear,0,0,0,0,0,,,
08/31/2023,9:30 PM,81,89,2,29.76,Rain,0,0,0,0,0,,,
08/31/2023,10:00 PM,81,84,10,29.76,Clear,0,0,0,0,0,,,
08/31/2023,10:30 PM,79,94,0,29.76,Clear,0,0,0,0,0,,,
08/31/2023,11:00 PM,79,89,6,29.76,Clear,0,0,0,0,0,,,
08/31/2023,11:30 PM,79,89,3,29.76,Clear,0,0,0,0,0,,,
9/1/2023,12:00 AM,79,89,7,29.73,Clear,0,0,0,0,0,,,
9/1/2023,12:30 AM,79,89,7,29.73,Clear,0,0,0,0,0,,,
9/1/2023,1:00 AM,79,89,2,29.73,Clear,0,0,0,0,0,,,
9/1/2023,1:30 AM,79,89,3,29.73,Clear,0,0,0,0,0,,,
9/1/2023,2:00 AM,79,89,5,29.7,Clear,0,0,0,0,0,,,
9/1/2023,2:30 AM,79,89,6,29.7,Clear,0,0,0,0,0,,,
9/1/2023,3:00 AM,79,89,3,29.7,Clear,0,0,0,0,0,,,
9/1/2023,3:30 AM,79,89,3,29.7,Clear,0,0,0,0,0,,,
9/1/2023,4:00 AM,77,94,6,29.7,Clear,0,0,0,0,0,,,
9/1/2023,4:30 AM,77,94,6,29.7,Clear,0,0,0,0,0,,,
9/1/2023,5:00 AM,77,94,2,29.7,Clear,0,0,0,0,0,,,
9/1/2023,5:30 AM,77,94,2,29.7,Clear,0,0,0,0,0,,,
9/1/2023,6:00 AM,77,94,5,29.67,Clear,0,0,0,0,0,,,
9/1/2023,6:30 AM,77,94,2,29.7,Clear,0,0,0,0,0,,,
9/1/2023,7:00 AM,77,94,0,29.73,Clear,0,0,0,0,0,,,
9/1/2023,7:30 AM,77,94,2,29.73,Clear,0,0,0,0,0,,,
9/1/2023,8:00 AM,79,89,2,29.76,Clear,0,0,0,0,0,,,
9/1/2023,8:30 AM,79,89,2,29.76,Clear,0,0,0,0,0,,,
9/1/2023,9:00 AM,81,89,7,29.76,Rain,0,0,0,0,0,,,
9/1/2023,9:30 AM,81,89,6,29.76,Clear,0,0,0,0,0,,,
9/1/2023,10:00 AM,82,84,7,29.76,Clear,0,0,0,0,0,,,
9/1/2023,10:30 AM,84,79,7,29.76,Clear,0,0,0,0,0,,,
9/1/2023,11:00 AM,84,79,7,29.76,Clear,0,0,0,0,0,,,
9/1/2023,11:30 AM,86,70,9,29.73,Rain,0,0,0,0,0,,,
9/1/2023,12:00 PM,88,66,7,29.73,Rain,0,0,0,0,0,,,
9/1/2023,12:30 PM,86,70,12,29.73,Rain,0,0,0,0,0,,,
9/1/2023,1:00 PM,84,74,10,29.7,Rain,0,0,0,0,0,,,
9/1/2023,1:30 PM,81,84,16,29.7,Rain,0,0,0,0,0,,,
9/1/2023,2:00 PM,79,94,6,29.67,Rain,0,0,0,0,0,,,
9/1/2023,2:30 PM,81,89,8,29.67,Rain,0,0,0,0,0,,,
9/1/2023,3:00 PM,82,84,7,29.67,Clear,0,0,0,0,0,,,
9/1/2023,3:30 PM,82,79,9,29.67,Clear,0,0,0,0,0,,,
9/1/2023,4:00 PM,82,79,8,29.67,Clear,0,0,0,0,0,,,
9/1/2023,4:30 PM,84,74,7,29.64,Clear,0,0,0,0,0,,,
9/1/2023,5:00 PM,84,79,5,29.64,Clear,0,0,0,0,0,,,
9/1/2023,5:30 PM,82,79,5,29.67,Clear,0,0,0,0,0,,,
9/1/2023,6:00 PM,82,79,5,29.67,Rain,0,0,0,0,0,,,
9/1/2023,6:30 PM,82,79,6,29.67,Clear,0,0,0,0,0,,,
9/1/2023,7:00 PM,81,84,5,29.67,Clear,0,0,0,0,0,,,
9/1/2023,7:30 PM,81,84,0,29.7,Rain,0,0,0,0,0,,,
9/1/2023,8:00 PM,79,89,5,29.73,Clear,0,0,0,0,0,,,
9/1/2023,8:30 PM,79,89,3,29.73,Clear,0,0,0,0,0,,,
9/1/2023,9:00 PM,79,89,7,29.73,Rain,0,0,0,0,0,,,
9/1/2023,9:30 PM,77,94,12,29.76,Rain,0,0,0,0,0,,,
9/1/2023,10:00 PM,75,100,3,29.79,Rain,0,0,0,0,0,,,
9/1/2023,10:30 PM,75,100,2,29.76,Rain,0,0,0,0,0,,,
9/1/2023,11:00 PM,75,94,2,29.79,Rain,0,0,0,0,0,,,
9/1/2023,11:30 PM,75,94,13,29.79,Rain,0,0,0,0,0,,,
9/2/2023,12:00 AM,75,100,3,29.76,Rain,0,0,0,0,0,,,
9/2/2023,12:30 AM,75,100,3,29.76,Rain,0,0,0,0,0,,,
9/2/2023,1:00 AM,75,94,5,29.73,Rain,0,0,0,0,0,,,
9/2/2023,1:30 AM,75,94,5,29.73,Clear,0,0,0,0,0,,,
9/2/2023,2:00 AM,75,94,2,29.7,Clear,0,0,0,0,0,,,
9/2/2023,2:30 AM,75,94,2,29.7,Clear,0,0,0,0,0,,,
9/2/2023,3:00 AM,77,89,3,29.7,Rain,0,0,0,0,0,,,
9/2/2023,3:30 AM,77,89,3,29.7,Rain,0,0,0,0,0,,,
9/2/2023,4:00 AM,77,89,7,29.7,Clear,0,0,0,0,0,,,
9/2/2023,4:30 AM,77,89,7,29.67,Clear,0,0,0,0,0,,,
9/2/2023,5:00 AM,77,89,8,29.67,Rain,0,0,0,0,0,,,
9/2/2023,5:30 AM,75,94,6,29.7,Rain,0,0,0,0,0,,,
9/2/2023,6:00 AM,75,94,3,29.7,Rain,0,0,0,0,0,,,
9/2/2023,6:30 AM,75,94,3,29.7,Clear,0,0,0,0,0,,,
9/2/2023,7:00 AM,77,94,3,29.7,Clear,0,0,0,0,0,,,
9/2/2023,7:30 AM,77,94,6,29.7,Clear,0,0,0,0,0,,,
9/2/2023,8:00 AM,77,94,6,29.7,Clear,0,0,0,0,0,,,
9/2/2023,8:30 AM,77,94,6,29.7,Clear,0,0,0,0,0,,,
9/2/2023,9:00 AM,81,84,2,29.7,Clear,0,0,0,0,0,,,
9/2/2023,9:30 AM,81,89,2,29.7,Clear,0,0,0,0,0,,,
9/2/2023,10:00 AM,82,84,3,29.7,Clear,0,0,0,0,0,,,
9/2/2023,10:30 AM,84,74,6,29.7,Clear,0,0,0,0,0,,,
9/2/2023,11:00 AM,86,70,9,29.7,Clear,0,0,0,0,0,,,
9/2/2023,11:30 AM,86,70,9,29.7,Clear,0,0,0,0,0,,,
9/2/2023,12:00 PM,86,70,9,29.7,Clear,0,0,0,0,0,,,
9/2/2023,12:30 PM,88,66,12,29.67,Clear,0,0,0,0,0,,,
9/2/2023,1:00 PM,88,62,13,29.67,Clear,0,0,0,0,0,,,
9/2/2023,1:30 PM,88,66,13,29.64,Clear,0,0,0,0,0,,,
9/2/2023,2:00 PM,90,62,13,29.64,Clear,0,0,0,0,0,,,
9/2/2023,2:30 PM,88,70,7,29.64,Clear,0,0,0,0,0,,,
9/2/2023,3:00 PM,88,66,10,29.61,Clear,0,0,0,0,0,,,
9/2/2023,3:30 PM,86,74,12,29.61,Rain,0,0,0,0,0,,,
9/2/2023,4:00 PM,86,70,7,29.61,Clear,0,0,0,0,0,,,
9/2/2023,4:30 PM,84,79,7,29.61,Rain,0,0,0,0,0,,,
9/2/2023,5:00 PM,81,84,9,29.61,Rain,0,0,0,0,0,,,
9/2/2023,5:30 PM,81,89,6,29.61,Rain,0,0,0,0,0,,,
9/2/2023,6:00 PM,79,94,6,29.64,Rain,0,0,0,0,0,,,
9/2/2023,6:30 PM,79,89,8,29.64,Rain,0,0,0,0,0,,,
9/2/2023,7:00 PM,79,89,3,29.67,Rain,0,0,0,0,0,,,
9/2/2023,7:30 PM,79,94,3,29.64,Rain,0,0,0,0,0,,,
9/2/2023,8:00 PM,79,89,2,29.67,Rain,0,0,0,0,0,,,
9/2/2023,8:30 PM,79,94,1,29.67,Rain,0,0,0,0,0,,,
9/2/2023,9:00 PM,79,94,2,29.67,Clear,0,0,0,0,0,,,
9/2/2023,9:30 PM,79,94,3,29.7,Clear,0,0,0,0,0,,,
9/2/2023,10:00 PM,79,94,0,29.73,Rain,0,0,0,0,0,,,
9/2/2023,10:30 PM,79,94,2,29.73,Rain,0,0,0,0,0,,,
9/2/2023,11:00 PM,77,100,3,29.7,Rain,0,0,0,0,0,,,
9/2/2023,11:30 PM,77,100,3,29.7,Clear,0,0,0,0,0,,,
9/3/2023,12:00 AM,77,100,1,29.7,Clear,0,0,0,0,0,,,
9/3/2023,12:30 AM,77,100,0,29.7,Clear,0,0,0,0,0,,,
9/3/2023,1:00 AM,77,100,0,29.7,Clear,0,0,0,0,0,,,
9/3/2023,1:30 AM,77,100,2,29.67,Clear,0,0,0,0,0,,,
9/3/2023,2:00 AM,77,100,3,29.67,Clear,0,0,0,0,0,,,
9/3/2023,2:30 AM,77,100,3,29.67,Clear,0,0,0,0,0,,,
9/3/2023,3:00 AM,77,94,2,29.67,Rain,0,0,0,0,0,,,
9/3/2023,3:30 AM,77,94,2,29.67,Rain,0,0,0,0,0,,,
9/3/2023,4:00 AM,77,94,0,29.67,Rain,0,0,0,0,0,,,
9/3/2023,4:30 AM,77,94,3,29.67,Rain,0,0,0,0,0,,,
9/3/2023,5:00 AM,77,94,2,29.64,Rain,0,0,0,0,0,,,
9/3/2023,5:30 AM,77,94,3,29.64,Clear,0,0,0,0,0,,,
9/3/2023,6:00 AM,75,100,2,29.67,Clear,0,0,0,0,0,,,
9/3/2023,6:30 AM,77,94,2,29.67,Clear,0,0,0,0,0,,,
9/3/2023,7:00 AM,77,94,5,29.67,Clear,0,0,0,0,0,,,
9/3/2023,7:30 AM,77,94,3,29.67,Clear,0,0,0,0,0,,,
9/3/2023,8:00 AM,77,100,0,29.67,Clear,0,0,0,0,0,,,
9/3/2023,8:30 AM,79,89,0,29.7,Clear,0,0,0,0,0,,,
9/3/2023,9:00 AM,81,84,0,29.7,Clear,0,0,0,0,0,,,
9/3/2023,9:30 AM,81,89,5,29.7,Clear,0,0,0,0,0,,,
9/3/2023,10:00 AM,81,89,7,29.7,Clear,0,0,0,0,0,,,
9/3/2023,10:30 AM,82,84,9,29.7,Clear,0,0,0,0,0,,,
9/3/2023,11:00 AM,82,84,10,29.7,Clear,0,0,0,0,0,,,
9/3/2023,11:30 AM,82,89,7,29.67,Rain,0,0,0,0,0,,,
9/3/2023,12:00 PM,84,79,9,29.67,Rain,0,0,0,0,0,,,
9/3/2023,12:30 PM,84,74,12,29.64,Clear,0,0,0,0,0,,,
9/3/2023,1:00 PM,82,79,9,29.64,Clear,0,0,0,0,0,,,
9/3/2023,1:30 PM,84,74,9,29.64,Clear,0,0,0,0,0,,,
9/3/2023,2:00 PM,86,70,8,29.61,Clear,0,0,0,0,0,,,
9/3/2023,2:30 PM,86,70,9,29.61,Clear,0,0,0,0,0,,,
9/3/2023,3:00 PM,86,70,8,29.58,Clear,0,0,0,0,0,,,
9/3/2023,3:30 PM,86,74,7,29.58,Clear,0,0,0,0,0,,,
9/3/2023,4:00 PM,86,70,7,29.58,Clear,0,0,0,0,0,,,
9/3/2023,4:30 PM,86,70,6,29.58,Clear,0,0,0,0,0,,,
9/3/2023,5:00 PM,84,74,6,29.58,Clear,0,0,0,0,0,,,
9/3/2023,5:30 PM,86,74,5,29.58,Clear,0,0,0,0,0,,,
9/3/2023,6:00 PM,84,74,6,29.58,Clear,0,0,0,0,0,,,
9/3/2023,6:30 PM,84,74,7,29.58,Clear,0,0,0,0,0,,,
9/3/2023,7:00 PM,84,74,6,29.61,Clear,0,0,0,0,0,,,
9/3/2023,7:30 PM,82,79,0,29.61,Clear,0,0,0,0,0,,,
9/3/2023,8:00 PM,82,79,5,29.61,Clear,0,0,0,0,0,,,
9/3/2023,8:30 PM,82,79,6,29.64,Clear,0,0,0,0,0,,,
9/3/2023,9:00 PM,81,84,6,29.64,Clear,0,0,0,0,0,,,
9/3/2023,9:30 PM,81,84,5,29.64,Clear,0,0,0,0,0,,,
9/3/2023,10:00 PM,81,84,3,29.64,Clear,0,0,0,0,0,,,
9/3/2023,10:30 PM,81,84,5,29.67,Clear,0,0,0,0,0,,,
9/3/2023,11:00 PM,81,84,0,29.67,Clear,0,0,0,0,0,,,
9/3/2023,11:30 PM,81,89,0,29.67,Clear,0,0,0,0,0,,,
9/4/2023,12:00 AM,79,94,2,29.67,Clear,1,1,0,1,0,,,
9/4/2023,12:30 AM,79,94,0,29.64,Clear,0,0,0,0,0,,,
9/4/2023,1:00 AM,79,89,0,29.64,Clear,0,0,0,0,0,,,
9/4/2023,1:30 AM,79,94,0,29.64,Clear,0,0,0,0,0,,,
9/4/2023,2:00 AM,79,89,3,29.64,Clear,0,0,0,0,0,,,
9/4/2023,2:30 AM,79,94,2,29.61,Clear,0,0,0,0,0,,,
9/4/2023,3:00 AM,77,100,0,29.61,Rain,0,0,0,0,0,,,
9/4/2023,3:30 AM,79,94,2,29.61,Clear,0,0,0,0,0,,,
9/4/2023,4:00 AM,77,100,2,29.61,Clear,0,0,0,0,0,,,
9/4/2023,4:30 AM,77,100,3,29.61,Clear,0,0,0,0,0,,,
9/4/2023,5:00 AM,77,100,0,29.61,Clear,0,0,0,0,0,,,
9/4/2023,5:30 AM,77,100,3,29.61,Clear,0,0,0,0,0,,,
9/4/2023,6:00 AM,77,100,5,29.61,Clear,0,0,0,0,0,,,
9/4/2023,6:30 AM,77,100,2,29.61,Clear,0,0,0,0,0,,,
9/4/2023,7:00 AM,77,100,2,29.61,Clear,0,0,0,0,0,,,
9/4/2023,7:30 AM,79,94,3,29.64,Clear,0,0,0,0,0,,,
9/4/2023,8:00 AM,79,94,3,29.67,Clear,0,0,0,0,0,,,
9/4/2023,8:30 AM,81,89,3,29.67,Clear,0,0,0,0,0,,,
9/4/2023,9:00 AM,82,84,3,29.67,Clear,0,0,0,0,0,,,
9/4/2023,9:30 AM,84,79,6,29.64,Clear,0,0,0,0,0,,,
9/4/2023,10:00 AM,86,74,6,29.67,Clear,0,0,0,0,0,,,
9/4/2023,10:30 AM,86,74,7,29.67,Clear,0,0,0,0,0,,,
9/4/2023,11:00 AM,86,74,8,29.67,Clear,0,0,0,0,0,,,
9/4/2023,11:30 AM,86,74,9,29.67,Clear,0,0,0,0,0,,,
9/4/2023,12:00 PM,86,66,8,29.67,Rain,0,0,0,0,0,,,
9/4/2023,12:30 PM,86,70,7,29.64,Rain,0,0,0,0,0,,,
9/4/2023,1:00 PM,88,66,10,29.64,Clear,0,0,0,0,0,,,
9/4/2023,1:30 PM,88,66,9,29.61,Rain,0,0,0,0,0,,,
9/4/2023,2:00 PM,75,94,14,29.64,Rain,0,0,0,0,0,,,
9/4/2023,2:30 PM,75,94,6,29.61,Rain,0,0,0,0,0,,,
9/4/2023,3:00 PM,75,94,3,29.64,Rain,0,0,0,0,0,,,
9/4/2023,3:30 PM,77,94,2,29.64,Rain,0,0,0,0,0,,,
9/4/2023,4:00 PM,75,100,3,29.61,Rain,0,0,0,0,0,,,
9/4/2023,4:30 PM,75,100,5,29.61,Rain,0,0,0,0,0,,,
9/4/2023,5:00 PM,77,94,3,29.64,Rain,0,0,0,0,0,,,
9/4/2023,5:30 PM,77,94,3,29.61,Rain,0,0,0,0,0,,,
9/4/2023,6:00 PM,77,94,2,29.61,Clear,0,0,0,0,0,,,
9/4/2023,6:30 PM,77,94,3,29.61,Clear,0,0,0,0,0,,,
9/4/2023,7:00 PM,77,94,5,29.61,Rain,0,0,0,0,0,,,
9/4/2023,7:30 PM,77,94,5,29.64,Clear,0,0,0,0,0,,,
9/4/2023,8:00 PM,75,100,3,29.64,Clear,0,0,0,0,0,,,
9/4/2023,8:30 PM,77,89,7,29.64,Clear,0,0,0,0,0,,,
9/4/2023,9:00 PM,77,89,6,29.64,Clear,0,0,0,0,0,,,
9/4/2023,9:30 PM,75,94,6,29.67,Clear,0,0,0,0,0,,,
9/4/2023,10:00 PM,77,89,6,29.67,Clear,0,0,0,0,0,,,
9/4/2023,10:30 PM,77,89,2,29.7,Clear,0,0,0,0,0,,,
9/4/2023,11:00 PM,77,89,5,29.7,Clear,0,0,0,0,0,,,
9/4/2023,11:30 PM,77,94,3,29.7,Clear,0,0,0,0,0,,,
9/5/2023,12:00 AM,77,94,2,29.7,Clear,0,0,0,0,0,,,
9/5/2023,12:30 AM,77,94,2,29.67,Clear,0,0,0,0,0,,,
9/5/2023,1:00 AM,77,94,2,29.67,Clear,0,0,0,0,0,,,
9/5/2023,1:30 AM,77,94,2,29.67,Clear,0,0,0,0,0,,,
9/5/2023,2:00 AM,77,94,3,29.67,Clear,0,0,0,0,0,,,
9/5/2023,2:30 AM,77,94,3,29.67,Clear,0,0,0,0,0,,,
9/5/2023,3:00 AM,75,100,3,29.64,Clear,0,0,0,0,0,,,
9/5/2023,3:30 AM,75,100,3,29.64,Clear,0,0,0,0,0,,,
9/5/2023,4:00 AM,75,100,3,29.64,Clear,0,0,0,0,0,,,
9/5/2023,4:30 AM,75,100,3,29.64,Clear,0,0,0,0,0,,,
9/5/2023,5:00 AM,77,94,0,29.67,Clear,0,0,0,0,0,,,
9/5/2023,5:30 AM,77,94,0,29.67,Clear,0,0,0,0,0,,,
9/5/2023,6:00 AM,75,100,0,29.67,Clear,0,0,0,0,0,,,
9/5/2023,6:30 AM,75,100,0,29.67,Clear,0,0,0,0,0,,,
9/5/2023,7:00 AM,77,94,2,29.7,Clear,0,0,0,0,0,,,
9/5/2023,7:30 AM,77,94,2,29.7,Clear,0,0,0,0,0,,,
9/5/2023,8:00 AM,79,89,2,29.73,Clear,0,0,0,0,0,,,
9/5/2023,8:30 AM,79,89,0,29.73,Clear,0,0,0,0,0,,,
9/5/2023,9:00 AM,79,89,3,29.73,Rain,0,0,0,0,0,,,
9/5/2023,9:30 AM,81,89,5,29.73,Clear,0,0,0,0,0,,,
9/5/2023,10:00 AM,82,79,5,29.73,Rain,0,0,0,0,0,,,
9/5/2023,10:30 AM,82,79,7,29.73,Rain,0,0,0,0,0,,,
9/5/2023,11:00 AM,82,79,5,29.73,Rain,0,0,0,0,0,,,
9/5/2023,11:30 AM,84,74,3,29.73,Clear,0,0,0,0,0,,,
9/5/2023,12:00 PM,86,70,5,29.73,Clear,0,0,0,0,0,,,
9/5/2023,12:30 PM,86,66,12,29.7,Clear,0,0,0,0,0,,,
9/5/2023,1:00 PM,88,62,8,29.67,Clear,0,0,0,0,0,,,
9/5/2023,1:30 PM,84,74,10,29.7,Rain,0,0,0,0,0,,,
9/5/2023,2:00 PM,79,89,13,29.7,Rain,0,0,0,0,0,,,
9/5/2023,2:30 PM,79,94,8,29.7,Rain,0,0,0,0,0,,,
9/5/2023,3:00 PM,79,89,6,29.7,Rain,0,0,0,0,0,,,
9/5/2023,3:30 PM,79,89,6,29.7,Rain,0,0,0,0,0,,,
9/5/2023,4:00 PM,79,89,6,29.7,Clear,0,0,0,0,0,,,
9/5/2023,4:30 PM,79,89,5,29.67,Clear,0,0,0,0,0,,,
9/5/2023,5:00 PM,79,83,6,29.67,Clear,0,0,0,0,0,,,
9/5/2023,5:30 PM,79,83,3,29.67,Clear,0,0,0,0,0,,,
9/5/2023,6:00 PM,79,83,0,29.67,Clear,0,0,0,0,0,,,
9/5/2023,6:30 PM,77,89,0,29.67,Clear,0,0,0,0,0,,,
9/5/2023,7:00 PM,77,89,3,29.67,Clear,0,0,0,0,0,,,
9/5/2023,7:30 PM,77,89,0,29.7,Clear,0,0,0,0,0,,,
9/5/2023,8:00 PM,77,83,5,29.7,Clear,0,0,0,0,0,,,
9/5/2023,8:30 PM,77,83,5,29.7,Clear,0,0,0,0,0,,,
9/5/2023,9:00 PM,77,83,6,29.73,Clear,0,0,0,0,0,,,
9/5/2023,9:30 PM,77,83,6,29.73,Clear,0,0,0,0,0,,,
9/5/2023,10:00 PM,77,83,5,29.73,Clear,0,0,0,0,0,,,
9/5/2023,10:30 PM,75,94,3,29.73,Clear,0,0,0,0,0,,,
9/5/2023,11:00 PM,75,89,1,29.73,Clear,0,0,0,0,0,,,
9/5/2023,11:30 PM,75,94,2,29.73,Clear,0,0,0,0,0,,,
9/6/2023,12:00 AM,75,89,3,29.73,Clear,0,0,0,0,0,,,
9/6/2023,12:30 AM,75,89,3,29.73,Clear,0,0,0,0,0,,,
9/6/2023,1:00 AM,75,89,2,29.73,Clear,0,0,0,0,0,,,
9/6/2023,1:30 AM,75,94,2,29.73,Clear,0,0,0,0,0,,,
9/6/2023,2:00 AM,75,89,3,29.7,Clear,0,0,0,0,0,,,
9/6/2023,2:30 AM,75,94,3,29.7,Clear,0,0,0,0,0,,,
9/6/2023,3:00 AM,75,94,2,29.7,Clear,0,0,0,0,0,,,
9/6/2023,3:30 AM,75,94,2,29.7,Clear,0,0,0,0,0,,,
9/6/2023,4:00 AM,75,94,7,29.7,Clear,0,0,0,0,0,,,
9/6/2023,4:30 AM,75,94,6,29.7,Clear,0,0,0,0,0,,,
9/6/2023,5:00 AM,75,94,1,29.7,Clear,0,0,0,0,0,,,
9/6/2023,5:30 AM,75,94,2,29.7,Clear,0,0,0,0,0,,,
9/6/2023,6:00 AM,75,94,0,29.7,Clear,0,0,0,0,0,,,
9/6/2023,6:30 AM,75,94,2,29.7,Clear,0,0,0,0,0,,,
9/6/2023,7:00 AM,75,94,0,29.73,Clear,0,0,0,0,0,,,
9/6/2023,7:30 AM,77,89,0,29.73,Clear,0,0,0,0,0,,,
9/6/2023,8:00 AM,77,89,0,29.73,Clear,0,0,0,0,0,,,
9/6/2023,8:30 AM,79,83,0,29.76,Clear,0,0,0,0,0,,,
9/6/2023,9:00 AM,81,84,0,29.76,Clear,0,0,0,0,0,,,
9/6/2023,9:30 AM,82,79,2,29.76,Clear,0,0,0,0,0,,,
9/6/2023,10:00 AM,84,79,2,29.76,Clear,0,0,0,0,0,,,
9/6/2023,10:30 AM,86,66,2,29.76,Clear,0,0,0,0,0,,,
9/6/2023,11:00 AM,86,66,2,29.76,Clear,0,0,0,0,0,,,
9/6/2023,11:30 AM,88,66,3,29.76,Clear,0,0,0,0,0,,,
9/6/2023,12:00 PM,88,66,6,29.73,Clear,0,0,0,0,0,,,
9/6/2023,12:30 PM,90,66,2,29.73,Clear,0,0,0,0,0,,,
9/6/2023,1:00 PM,88,62,6,29.7,Clear,0,0,0,0,0,,,
9/6/2023,1:30 PM,90,59,5,29.7,Clear,0,0,0,0,0,,,
9/6/2023,2:00 PM,90,59,3,29.67,Clear,0,0,0,0,0,,,
9/6/2023,2:30 PM,90,59,6,29.67,Clear,0,0,0,0,0,,,
9/6/2023,3:00 PM,90,59,6,29.67,Clear,0,0,0,0,0,,,
9/6/2023,3:30 PM,90,59,7,29.67,Clear,0,0,0,0,0,,,
9/6/2023,4:00 PM,90,59,8,29.67,Clear,0,0,0,0,0,,,
9/6/2023,4:30 PM,90,62,8,29.67,Clear,0,0,0,0,0,,,
9/6/2023,5:00 PM,88,66,7,29.67,Clear,0,0,0,0,0,,,
9/6/2023,5:30 PM,88,66,6,29.67,Clear,0,0,0,0,0,,,
9/6/2023,6:00 PM,88,66,6,29.7,Clear,0,0,0,0,0,,,
9/6/2023,6:30 PM,86,70,5,29.7,Clear,0,0,0,0,0,,,
9/6/2023,7:00 PM,84,74,7,29.7,Clear,0,0,0,0,0,,,
9/6/2023,7:30 PM,84,74,6,29.73,Clear,0,0,0,0,0,,,
9/6/2023,8:00 PM,82,74,6,29.73,Clear,0,0,0,0,0,,,
9/6/2023,8:30 PM,81,84,6,29.73,Clear,0,0,0,0,0,,,
9/6/2023,9:00 PM,81,84,7,29.76,Clear,0,0,0,0,0,,,
9/6/2023,9:30 PM,81,84,6,29.76,Clear,0,0,0,0,0,,,
9/6/2023,10:00 PM,81,84,6,29.76,Clear,0,0,0,0,0,,,
9/6/2023,10:30 PM,79,89,5,29.76,Clear,0,0,0,0,0,,,
9/6/2023,11:00 PM,81,84,6,29.76,Clear,0,0,0,0,0,,,
9/6/2023,11:30 PM,79,89,3,29.76,Clear,0,0,0,0,0,,,
9/7/2023,12:00 AM,79,89,5,29.76,Clear,0,0,0,0,0,,,
9/7/2023,12:30 AM,79,89,5,29.76,Clear,0,0,0,0,0,,,
9/7/2023,1:00 AM,79,89,5,29.76,Clear,0,0,0,0,0,,,
9/7/2023,1:30 AM,77,94,2,29.73,Clear,0,0,0,0,0,,,
9/7/2023,2:00 AM,77,94,3,29.73,Clear,0,0,0,0,0,,,
9/7/2023,2:30 AM,77,94,5,29.73,Clear,0,0,0,0,0,,,
9/7/2023,3:00 AM,79,89,5,29.73,Clear,0,0,0,0,0,,,
9/7/2023,3:30 AM,77,94,3,29.73,Clear,0,0,0,0,0,,,
9/7/2023,4:00 AM,77,94,5,29.7,Clear,0,0,0,0,0,,,
9/7/2023,4:30 AM,77,94,5,29.7,Clear,0,0,0,0,0,,,
9/7/2023,5:00 AM,77,94,3,29.7,Clear,0,0,0,0,0,,,
9/7/2023,5:30 AM,77,94,2,29.73,Clear,0,0,0,0,0,,,
9/7/2023,6:00 AM,77,94,3,29.73,Clear,0,0,0,0,0,,,
9/7/2023,6:30 AM,77,94,3,29.73,Clear,0,0,0,0,0,,,
9/7/2023,7:00 AM,79,89,3,29.73,Clear,0,0,0,0,0,,,
9/7/2023,7:30 AM,79,94,3,29.76,Clear,0,0,0,0,0,,,
9/7/2023,8:00 AM,81,84,5,29.76,Clear,0,0,0,0,0,,,
9/7/2023,8:30 AM,82,79,6,29.76,Clear,0,0,0,0,0,,,
9/7/2023,9:00 AM,84,74,7,29.76,Clear,0,0,0,0,0,,,
9/7/2023,9:30 AM,86,70,7,29.76,Clear,0,0,0,0,0,,,
9/7/2023,10:00 AM,86,70,6,29.76,Clear,0,0,0,0,0,,,
9/7/2023,10:30 AM,86,74,6,29.76,Clear,0,0,0,0,0,,,
9/7/2023,11:00 AM,86,70,6,29.76,Clear,0,0,0,0,0,,,
9/7/2023,11:30 AM,88,70,5,29.73,Clear,0,0,0,0,0,,,
9/7/2023,12:00 PM,88,70,3,29.73,Clear,0,0,0,0,0,,,
9/7/2023,12:30 PM,90,62,5,29.73,Clear,0,0,0,0,0,,,
9/7/2023,1:00 PM,90,62,5,29.7,Clear,0,0,0,0,0,,,
9/7/2023,1:30 PM,90,62,5,29.7,Clear,0,0,0,0,0,,,
9/7/2023,2:00 PM,90,62,5,29.7,Clear,0,0,0,0,0,,,
9/7/2023,2:30 PM,90,62,6,29.67,Clear,0,0,0,0,0,,,
9/7/2023,3:00 PM,90,62,3,29.67,Clear,0,0,0,0,0,,,
9/7/2023,3:30 PM,90,62,5,29.67,Clear,0,0,0,0,0,,,
9/7/2023,4:00 PM,90,66,5,29.64,Clear,0,0,0,0,0,,,
9/7/2023,4:30 PM,88,70,7,29.64,Rain,0,0,0,0,0,,,
9/7/2023,5:00 PM,88,70,6,29.64,Rain,0,0,0,0,0,,,
9/7/2023,5:30 PM,86,70,6,29.64,Clear,0,0,0,0,0,,,
9/7/2023,6:00 PM,86,74,5,29.67,Clear,0,0,0,0,0,,,
9/7/2023,6:30 PM,86,74,3,29.67,Clear,0,0,0,0,0,,,
9/7/2023,7:00 PM,84,79,2,29.7,Clear,0,0,0,0,0,,,
9/7/2023,7:30 PM,84,79,5,29.7,Clear,0,0,0,0,0,,,
9/7/2023,8:00 PM,82,84,5,29.7,Clear,0,0,0,0,0,,,
9/7/2023,8:30 PM,82,84,5,29.7,Clear,0,0,0,0,0,,,
9/7/2023,9:00 PM,82,84,5,29.73,Clear,0,0,0,0,0,,,
9/7/2023,9:30 PM,81,89,2,29.73,Clear,0,0,0,0,0,,,
9/7/2023,10:00 PM,81,89,2,29.76,Clear,0,0,0,0,0,,,
9/7/2023,10:30 PM,81,89,3,29.76,Clear,0,0,0,0,0,,,
9/7/2023,11:00 PM,81,89,2,29.76,Clear,0,0,0,0,0,,,
9/7/2023,11:30 PM,81,89,0,29.76,Clear,0,0,0,0,0,,,
9/8/2023,12:00 AM,79,94,0,29.76,Clear,0,0,0,0,0,,,
9/8/2023,12:30 AM,79,94,0,29.76,Clear,0,0,0,0,0,,,
9/8/2023,1:00 AM,79,94,0,29.73,Clear,0,0,0,0,0,,,
9/8/2023,1:30 AM,79,94,0,29.73,Clear,0,0,0,0,0,,,
9/8/2023,2:00 AM,79,94,0,29.73,Clear,0,0,0,0,0,,,
9/8/2023,8:30 PM,77,89,5,29.76,Clear,0,0,0,0,0,,,
9/8/2023,9:00 PM,77,89,2,29.76,Rain,0,0,0,0,0,,,
9/8/2023,9:30 PM,77,94,5,29.76,Clear,0,0,0,0,0,,,
9/8/2023,10:00 PM,77,94,0,29.76,Clear,0,0,0,0,0,,,
9/8/2023,10:30 PM,77,94,0,29.79,Clear,0,0,0,0,0,,,
9/8/2023,11:00 PM,77,94,0,29.76,Clear,0,0,0,0,0,,,
9/8/2023,11:30 PM,77,94,2,29.76,Clear,0,0,0,0,0,,,
9/9/2023,12:00 AM,77,94,2,29.76,Clear,0,0,0,0,0,,,
9/9/2023,12:30 AM,77,94,2,29.76,Clear,0,0,0,0,0,,,
9/9/2023,1:00 AM,77,94,3,29.73,Clear,0,0,0,0,0,,,
9/9/2023,1:30 AM,77,94,3,29.73,Clear,0,0,0,0,0,,,
9/9/2023,2:00 AM,77,94,2,29.7,Clear,0,0,0,0,0,,,
9/9/2023,2:30 AM,77,94,0,29.7,Clear,0,0,0,0,0,,,
9/9/2023,3:00 AM,75,100,0,29.67,Clear,0,0,0,0,0,,,
9/9/2023,3:30 AM,75,100,0,29.67,Clear,0,0,0,0,0,,,
9/9/2023,4:00 AM,77,94,2,29.67,Clear,0,0,0,0,0,,,
9/9/2023,4:30 AM,77,94,0,29.67,Clear,0,0,0,0,0,,,
9/9/2023,5:00 AM,75,100,3,29.7,Clear,0,0,0,0,0,,,
9/9/2023,5:30 AM,77,94,3,29.7,Clear,0,0,0,0,0,,,
9/9/2023,6:00 AM,77,94,2,29.67,Clear,0,0,0,0,0,,,
9/9/2023,6:30 AM,77,94,3,29.67,Clear,0,0,0,0,0,,,
9/9/2023,7:00 AM,77,94,3,29.7,Clear,0,0,0,0,0,,,
9/9/2023,7:30 AM,77,94,3,29.73,Clear,0,0,0,0,0,,,
9/9/2023,8:00 AM,79,89,3,29.73,Clear,0,0,0,0,0,,,
9/9/2023,8:30 AM,81,84,5,29.76,Clear,0,0,0,0,0,,,
9/9/2023,9:00 AM,82,84,3,29.73,Clear,0,0,0,0,0,,,
9/9/2023,9:30 AM,84,79,5,29.73,Clear,0,0,0,0,0,,,
9/9/2023,10:00 AM,86,70,3,29.73,Clear,0,0,0,0,0,,,
9/9/2023,10:30 AM,88,66,3,29.73,Clear,0,0,0,0,0,,,
9/9/2023,11:00 AM,90,62,6,29.73,Clear,0,0,0,0,0,,,
9/9/2023,11:30 AM,90,59,6,29.7,Clear,0,0,0,0,0,,,
9/9/2023,12:00 PM,90,59,5,29.7,Clear,0,0,0,0,0,,,
9/9/2023,12:30 PM,91,55,6,29.7,Clear,0,0,0,0,0,,,
9/9/2023,1:00 PM,91,59,6,29.67,Clear,0,0,0,0,0,,,
9/9/2023,1:30 PM,82,84,8,29.67,Rain,0,0,0,0,0,,,
9/9/2023,2:00 PM,88,75,5,29.64,Clear,0,0,0,0,0,,,
9/9/2023,2:30 PM,88,66,14,29.64,Clear,0,0,0,0,0,,,
9/9/2023,3:00 PM,86,70,10,29.61,Clear,0,0,0,0,0,,,
9/9/2023,3:30 PM,90,62,10,29.61,Clear,0,0,0,0,0,,,
9/9/2023,4:00 PM,88,62,10,29.61,Clear,0,0,0,0,0,,,
9/9/2023,4:30 PM,88,66,12,29.61,Clear,0,0,0,0,0,,,
9/9/2023,5:00 PM,86,66,10,29.61,Clear,0,0,0,0,0,,,
9/9/2023,5:30 PM,86,66,7,29.64,Clear,0,0,0,0,0,,,
9/9/2023,6:00 PM,86,66,9,29.64,Clear,0,0,0,0,0,,,
9/9/2023,6:30 PM,84,70,6,29.67,Clear,0,0,0,0,0,,,
9/9/2023,7:00 PM,84,66,6,29.67,Clear,0,0,0,0,0,,,
9/9/2023,7:30 PM,84,66,3,29.67,Clear,0,0,0,0,0,,,
9/9/2023,8:00 PM,82,70,2,29.7,Clear,0,0,0,0,0,,,
9/9/2023,8:30 PM,81,79,3,29.73,Clear,0,0,0,0,0,,,
9/9/2023,9:00 PM,82,74,6,29.73,Clear,0,0,0,0,0,,,
9/9/2023,9:30 PM,82,74,6,29.73,Clear,0,0,0,0,0,,,
9/9/2023,10:00 PM,82,74,5,29.73,Clear,0,0,0,0,0,,,
9/9/2023,10:30 PM,82,74,6,29.73,Clear,0,0,0,0,0,,,
9/9/2023,11:00 PM,81,84,8,29.76,Clear,0,0,0,0,0,,,
9/9/2023,11:30 PM,81,84,8,29.76,Clear,0,0,0,0,0,,,
9/10/2023,12:00 AM,79,89,2,29.73,Clear,0,0,0,0,0,,,
9/10/2023,12:30 AM,79,89,2,29.7,Clear,0,0,0,0,0,,,
9/10/2023,1:00 AM,77,94,5,29.7,Clear,0,0,0,0,0,,,
9/10/2023,1:30 AM,77,89,5,29.7,Clear,0,0,0,0,0,,,
9/10/2023,2:00 AM,77,89,3,29.67,Clear,0,0,0,0,0,,,
9/10/2023,2:30 AM,77,89,2,29.67,Clear,0,0,0,0,0,,,
9/10/2023,3:00 AM,77,89,0,29.67,Clear,0,0,0,0,0,,,
9/10/2023,3:30 AM,77,89,3,29.67,Clear,0,0,0,0,0,,,
9/10/2023,4:00 AM,77,89,2,29.67,Clear,1,1,0,1,0,,,
9/10/2023,4:30 AM,77,89,2,29.67,Clear,0,0,0,0,0,,,
9/10/2023,5:00 AM,77,89,0,29.67,Clear,0,0,0,0,0,,,
9/10/2023,5:30 AM,77,89,6,29.7,Rain,0,0,0,0,0,,,
9/10/2023,6:00 AM,77,89,0,29.7,Rain,0,0,0,0,0,,,
9/10/2023,6:30 AM,77,89,2,29.73,Rain,0,0,0,0,0,,,
9/10/2023,7:00 AM,77,89,7,29.73,Rain,0,0,0,0,0,,,
9/10/2023,7:30 AM,75,94,5,29.73,Rain,0,0,0,0,0,,,
9/10/2023,8:00 AM,75,94,6,29.76,Rain,0,0,0,0,0,,,
9/10/2023,8:30 AM,75,94,7,29.76,Rain,0,0,0,0,0,,,
9/10/2023,9:00 AM,75,94,5,29.76,Rain,0,0,0,0,0,,,
9/10/2023,9:30 AM,79,83,9,29.79,Rain,0,0,0,0,0,,,
9/10/2023,10:00 AM,77,89,9,29.79,Rain,0,0,0,0,0,,,
9/10/2023,10:30 AM,79,89,8,29.79,Rain,0,0,0,0,0,,,
9/10/2023,11:00 AM,79,89,8,29.79,Rain,0,0,0,0,0,,,
9/10/2023,11:30 AM,77,94,7,29.79,Rain,0,0,0,0,0,,,
9/10/2023,12:00 PM,77,83,10,29.79,Rain,0,0,0,0,0,,,
9/10/2023,12:30 PM,75,94,7,29.79,Rain,0,0,0,0,0,,,
9/10/2023,1:00 PM,75,89,6,29.76,Rain,0,0,0,0,0,,,
9/10/2023,1:30 PM,77,89,6,29.76,Rain,0,0,0,0,0,,,
9/10/2023,2:00 PM,79,83,8,29.73,Rain,0,0,0,0,0,,,
9/10/2023,2:30 PM,79,83,7,29.7,Rain,0,0,0,0,0,,,
9/10/2023,3:00 PM,79,83,8,29.7,Clear,0,0,0,0,0,,,
9/10/2023,3:30 PM,81,74,8,29.67,Clear,0,0,0,0,0,,,
9/10/2023,4:00 PM,81,79,9,29.67,Clear,0,0,0,0,0,,,
9/10/2023,4:30 PM,81,74,7,29.67,Clear,0,0,0,0,0,,,
9/10/2023,5:00 PM,79,83,6,29.67,Clear,0,0,0,0,0,,,
9/10/2023,5:30 PM,79,83,6,29.67,Clear,0,0,0,0,0,,,
9/10/2023,6:00 PM,79,78,5,29.67,Clear,0,0,0,0,0,,,
9/10/2023,6:30 PM,77,89,3,29.67,Clear,0,0,0,0,0,,,
9/10/2023,7:00 PM,77,89,3,29.67,Clear,0,0,0,0,0,,,
9/10/2023,7:30 PM,77,89,2,29.67,Clear,2,1,0,1,1,,,
9/10/2023,8:00 PM,77,83,3,29.7,Clear,0,0,0,0,0,,,
9/10/2023,8:30 PM,77,89,2,29.7,Clear,0,0,0,0,0,,,
9/10/2023,9:00 PM,75,94,3,29.73,Clear,0,0,0,0,0,,,
9/10/2023,9:30 PM,75,94,2,29.73,Clear,0,0,0,0,0,,,
9/10/2023,10:00 PM,75,94,2,29.73,Clear,0,0,0,0,0,,,
9/10/2023,10:30 PM,75,94,0,29.76,Clear,0,0,0,0,0,,,
9/10/2023,11:00 PM,75,94,0,29.76,Clear,0,0,0,0,0,,,
9/10/2023,11:30 PM,75,94,0,29.73,Clear,0,0,0,0,0,,,
9/11/2023,12:00 AM,75,94,0,29.73,Clear,0,0,0,0,0,,,
9/11/2023,12:30 AM,75,94,0,29.73,Clear,0,0,0,0,0,,,
9/11/2023,1:00 AM,75,94,0,29.73,Clear,0,0,0,0,0,,,
9/11/2023,1:30 AM,75,94,0,29.73,Clear,0,0,0,0,0,,,
9/11/2023,2:00 AM,75,94,0,29.7,Clear,0,0,0,0,0,,,
9/11/2023,2:30 AM,75,94,0,29.7,Clear,0,0,0,0,0,,,
9/11/2023,3:00 AM,75,94,0,29.7,Clear,0,0,0,0,0,,,
9/11/2023,3:30 AM,75,94,0,29.7,Clear,0,0,0,0,0,,,
9/11/2023,4:00 AM,75,94,0,29.7,Clear,0,0,0,0,0,,,
9/11/2023,4:30 AM,75,94,0,29.7,Clear,0,0,0,0,0,,,
9/11/2023,5:00 AM,75,94,0,29.7,Clear,0,0,0,0,0,,,
9/11/2023,5:30 AM,73,100,3,29.7,Clear,0,0,0,0,0,,,
9/11/2023,6:00 AM,73,94,1,29.7,Clear,0,0,0,0,0,,,
9/11/2023,6:30 AM,73,100,2,29.7,Clear,0,0,0,0,0,,,
9/11/2023,7:00 AM,75,94,2,29.73,Clear,0,0,0,0,0,,,
9/11/2023,7:30 AM,75,94,2,29.73,Clear,0,0,0,0,0,,,
9/11/2023,8:00 AM,79,89,0,29.73,Clear,0,0,0,0,0,,,
9/11/2023,8:30 AM,82,74,0,29.76,Clear,0,0,0,0,0,,,
9/11/2023,9:00 AM,84,70,0,29.76,Clear,0,0,0,0,0,,,
9/11/2023,9:30 AM,88,62,1,29.76,Clear,0,0,0,0,0,,,
9/11/2023,10:00 AM,88,58,0,29.76,Clear,0,0,0,0,0,,,
9/11/2023,10:30 AM,90,55,2,29.76,Clear,0,0,0,0,0,,,
9/11/2023,11:00 AM,90,55,7,29.76,Clear,0,0,0,0,0,,,
9/11/2023,11:30 AM,91,52,5,29.73,Clear,0,0,0,0,0,,,
9/11/2023,12:00 PM,91,49,7,29.73,Clear,0,0,0,0,0,,,
9/11/2023,12:30 PM,91,49,5,29.7,Clear,0,0,0,0,0,,,
9/11/2023,1:00 PM,91,52,7,29.7,Clear,0,0,0,0,0,,,
9/11/2023,1:30 PM,91,49,6,29.67,Clear,0,0,0,0,0,,,
9/11/2023,2:00 PM,91,52,5,29.67,Clear,0,0,0,0,0,,,
9/11/2023,2:30 PM,91,55,6,29.64,Clear,0,0,0,0,0,,,
9/11/2023,3:00 PM,91,55,8,29.64,Clear,0,0,0,0,0,,,
9/11/2023,3:30 PM,90,55,6,29.64,Clear,0,0,0,0,0,,,
9/11/2023,4:00 PM,90,59,7,29.64,Clear,0,0,0,0,0,,,
9/11/2023,4:30 PM,88,62,6,29.64,Clear,0,0,0,0,0,,,
9/11/2023,5:00 PM,88,66,5,29.67,Clear,0,0,0,0,0,,,
9/11/2023,5:30 PM,86,70,6,29.67,Clear,0,0,0,0,0,,,
9/11/2023,6:00 PM,84,74,3,29.67,Clear,0,0,0,0,0,,,
9/11/2023,6:30 PM,84,74,6,29.67,Clear,0,0,0,0,0,,,
9/11/2023,7:00 PM,82,79,3,29.7,Clear,0,0,0,0,0,,,
9/11/2023,7:30 PM,82,79,5,29.7,Clear,0,0,0,0,0,,,
9/11/2023,8:00 PM,82,79,3,29.7,Clear,0,0,0,0,0,,,
9/11/2023,8:30 PM,81,84,2,29.73,Clear,0,0,0,0,0,,,
9/11/2023,9:00 PM,81,84,2,29.76,Clear,0,0,0,0,0,,,
9/11/2023,9:30 PM,81,84,0,29.76,Clear,0,0,0,0,0,,,
9/11/2023,10:00 PM,79,89,0,29.79,Clear,0,0,0,0,0,,,
9/11/2023,10:30 PM,79,89,6,29.79,Clear,0,0,0,0,0,,,
9/11/2023,11:00 PM,79,89,3,29.76,Clear,0,0,0,0,0,,,
9/11/2023,11:30 PM,79,89,3,29.76,Clear,0,0,0,0,0,,,
9/12/2023,12:00 AM,79,83,2,29.76,Clear,0,0,0,0,0,,,
9/12/2023,12:30 AM,75,94,6,29.76,Clear,0,0,0,0,0,,,
9/12/2023,1:00 AM,77,83,2,29.73,Clear,0,0,0,0,0,,,
9/12/2023,1:30 AM,77,89,0,29.73,Clear,0,0,0,0,0,,,
9/12/2023,2:00 AM,77,94,0,29.7,Clear,0,0,0,0,0,,,
9/12/2023,2:30 AM,77,89,0,29.7,Clear,0,0,0,0,0,,,
9/12/2023,3:00 AM,77,94,0,29.73,Clear,0,0,0,0,0,,,
9/12/2023,3:30 AM,77,94,0,29.73,Clear,0,0,0,0,0,,,
9/12/2023,4:00 AM,75,94,0,29.7,Clear,0,0,0,0,0,,,
9/12/2023,4:30 AM,75,94,0,29.7,Clear,0,0,0,0,0,,,
9/12/2023,5:00 AM,75,94,3,29.7,Clear,0,0,0,0,0,,,
9/12/2023,5:30 AM,75,94,0,29.7,Clear,0,0,0,0,0,,,
9/12/2023,6:00 AM,75,94,2,29.73,Clear,0,0,0,0,0,,,
9/12/2023,6:30 AM,75,94,0,29.73,Clear,0,0,0,0,0,,,
9/12/2023,7:00 AM,77,94,2,29.73,Clear,0,0,0,0,0,,,
9/12/2023,7:30 AM,77,94,2,29.73,Clear,0,0,0,0,0,,,
9/12/2023,8:00 AM,79,89,2,29.76,Clear,0,0,0,0,0,,,
9/12/2023,8:30 AM,81,89,3,29.76,Clear,0,0,0,0,0,,,
9/12/2023,9:00 AM,84,79,3,29.76,Clear,0,0,0,0,0,,,
9/12/2023,9:30 AM,86,74,5,29.79,Clear,0,0,0,0,0,,,
9/12/2023,10:00 AM,86,74,8,29.76,Clear,0,0,0,0,0,,,
9/12/2023,10:30 AM,90,66,7,29.76,Clear,0,0,0,0,0,,,
9/12/2023,11:00 AM,90,62,7,29.76,Clear,0,0,0,0,0,,,
9/12/2023,11:30 AM,90,62,9,29.76,Clear,0,0,0,0,0,,,
9/12/2023,12:00 PM,90,62,8,29.73,Clear,0,0,0,0,0,,,
9/12/2023,12:30 PM,90,62,8,29.73,Clear,0,0,0,0,0,,,
9/12/2023,1:00 PM,90,66,7,29.7,Clear,0,0,0,0,0,,,
9/12/2023,1:30 PM,90,62,9,29.7,Clear,0,0,0,0,0,,,
9/12/2023,2:00 PM,90,66,7,29.7,Clear,0,0,0,0,0,,,
9/12/2023,2:30 PM,90,59,10,29.67,Clear,0,0,0,0,0,,,
9/12/2023,3:00 PM,90,62,8,29.67,Clear,0,0,0,0,0,,,
9/12/2023,3:30 PM,90,62,8,29.67,Clear,0,0,0,0,0,,,
9/12/2023,4:00 PM,90,59,9,29.67,Clear,0,0,0,0,0,,,
9/12/2023,4:30 PM,90,62,6,29.67,Clear,0,0,0,0,0,,,
9/12/2023,5:00 PM,90,59,6,29.67,Clear,0,0,0,0,0,,,
9/12/2023,5:30 PM,90,62,3,29.67,Clear,0,0,0,0,0,,,
9/12/2023,6:00 PM,88,66,5,29.7,Clear,0,0,0,0,0,,,
9/12/2023,6:30 PM,86,70,7,29.7,Clear,0,0,0,0,0,,,
9/12/2023,7:00 PM,84,79,5,29.7,Clear,1,1,0,0,1,,,
9/12/2023,7:30 PM,84,79,6,29.73,Clear,0,0,0,0,0,,,
9/12/2023,8:00 PM,82,79,5,29.73,Clear,0,0,0,0,0,,,
9/12/2023,8:30 PM,82,79,3,29.76,Clear,0,0,0,0,0,,,
9/12/2023,9:00 PM,82,79,2,29.76,Clear,0,0,0,0,0,,,
9/12/2023,9:30 PM,81,84,3,29.79,Clear,0,0,0,0,0,,,
9/12/2023,10:00 PM,81,84,0,29.79,Clear,0,0,0,0,0,,,
9/12/2023,10:30 PM,81,89,0,29.79,Clear,0,0,0,0,0,,,
9/12/2023,11:00 PM,81,89,0,29.79,Clear,0,0,0,0,0,,,
9/12/2023,11:30 PM,79,94,0,29.79,Clear,0,0,0,0,0,,,
09/13/2023,12:00 AM,79,94,2,29.79,Clear,0,0,0,0,0,,,
09/13/2023,12:30 AM,79,94,0,29.79,Clear,0,0,0,0,0,,,
09/13/2023,1:00 AM,79,94,3,29.76,Clear,0,0,0,0,0,,,
09/13/2023,1:30 AM,79,94,3,29.76,Clear,0,0,0,0,0,,,
09/13/2023,2:30 AM,79,89,2,29.76,Clear,0,0,0,0,0,,,
09/13/2023,3:00 AM,79,89,0,29.73,Clear,0,0,0,0,0,,,
09/13/2023,3:30 AM,79,89,2,29.73,Clear,0,0,0,0,0,,,
09/13/2023,4:00 AM,79,89,0,29.73,Clear,0,0,0,0,0,,,
09/13/2023,4:30 AM,79,89,0,29.73,Clear,0,0,0,0,0,,,
09/13/2023,5:00 AM,79,89,0,29.73,Clear,0,0,0,0,0,,,
09/13/2023,5:30 AM,79,89,0,29.76,Clear,0,0,0,0,0,,,
09/13/2023,6:00 AM,77,94,1,29.76,Clear,0,0,0,0,0,,,
09/13/2023,6:30 AM,77,100,0,29.76,Clear,0,0,0,0,0,,,
09/13/2023,7:00 AM,77,94,2,29.76,Mist,0,0,0,0,0,,,
09/13/2023,7:30 AM,79,94,5,29.79,Mist,0,0,0,0,0,,,
09/13/2023,8:00 AM,81,89,3,29.79,Mist,0,0,0,0,0,,,
09/13/2023,8:30 AM,81,84,3,29.79,Clear,0,0,0,0,0,,,
09/13/2023,9:00 AM,82,74,7,29.79,Clear,0,0,0,0,0,,,
09/13/2023,9:30 AM,84,74,8,29.79,Clear,0,0,0,0,0,,,
09/13/2023,10:00 AM,86,70,7,29.79,Clear,0,0,0,0,0,,,
09/13/2023,10:30 AM,86,70,9,29.76,Clear,0,0,0,0,0,,,
09/13/2023,11:00 AM,86,70,7,29.76,Clear,0,0,0,0,0,,,
09/13/2023,11:30 AM,88,66,9,29.76,Clear,0,0,0,0,0,,,
09/13/2023,12:00 PM,90,59,10,29.73,Clear,0,0,0,0,0,,,
09/13/2023,12:30 PM,88,62,9,29.73,Clear,0,0,0,0,0,,,
09/13/2023,1:00 PM,91,59,8,29.7,Clear,0,0,0,0,0,,,
09/13/2023,1:30 PM,91,59,6,29.7,Clear,0,0,0,0,0,,,
09/13/2023,2:00 PM,91,55,9,29.67,Clear,0,0,0,0,0,,,
09/13/2023,2:30 PM,91,55,8,29.67,Clear,0,0,0,0,0,,,
09/13/2023,3:00 PM,91,55,8,29.64,Clear,0,0,0,0,0,,,
09/13/2023,3:30 PM,91,59,8,29.64,Clear,0,0,0,0,0,,,
09/13/2023,4:00 PM,90,52,9,29.64,Clear,0,0,0,0,0,,,
09/13/2023,4:30 PM,90,55,7,29.64,Clear,0,0,0,0,0,,,
09/13/2023,5:00 PM,88,55,6,29.64,Clear,0,0,0,0,0,,,
09/13/2023,5:30 PM,88,58,6,29.64,Clear,0,0,0,0,0,,,
09/13/2023,6:00 PM,86,62,6,29.64,Clear,0,0,0,0,0,,,
09/13/2023,6:30 PM,84,66,3,29.67,Clear,0,0,0,0,0,,,
09/13/2023,7:00 PM,82,70,2,29.67,Clear,0,0,0,0,0,,,
09/13/2023,7:30 PM,82,74,3,29.67,Clear,0,0,0,0,0,,,
09/13/2023,8:00 PM,82,74,5,29.7,Clear,0,0,0,0,0,,,
09/13/2023,8:30 PM,82,74,3,29.7,Clear,0,0,0,0,0,,,
09/13/2023,9:00 PM,81,79,3,29.73,Clear,0,0,0,0,0,,,
09/13/2023,9:30 PM,81,79,2,29.73,Clear,0,0,0,0,0,,,
09/13/2023,10:00 PM,81,79,3,29.73,Clear,0,0,0,0,0,,,
09/13/2023,10:30 PM,79,83,5,29.76,Clear,0,0,0,0,0,,,
09/13/2023,11:00 PM,79,83,3,29.76,Clear,0,0,0,0,0,,,
09/13/2023,11:30 PM,79,83,0,29.73,Clear,0,0,0,0,0,,,
09/14/2023,12:30 AM,77,89,0,29.73,Clear,0,0,0,0,0,,,
09/14/2023,1:00 AM,77,89,2,29.73,Clear,0,0,0,0,0,,,
09/14/2023,1:30 AM,77,89,0,29.73,Clear,0,0,0,0,0,,,
09/14/2023,2:00 AM,77,89,2,29.73,Clear,0,0,0,0,0,,,
09/14/2023,2:30 AM,77,89,0,29.7,Clear,0,0,0,0,0,,,
09/14/2023,3:00 AM,77,89,0,29.73,Clear,0,0,0,0,0,,,
09/14/2023,3:30 AM,77,89,0,29.73,Clear,0,0,0,0,0,,,
09/14/2023,4:00 AM,75,94,0,29.7,Clear,0,0,0,0,0,,,
09/14/2023,4:30 AM,75,94,0,29.73,Clear,0,0,0,0,0,,,
09/14/2023,5:00 AM,75,94,0,29.73,Clear,0,0,0,0,0,,,
09/14/2023,5:30 AM,75,94,2,29.73,Clear,0,0,0,0,0,,,
09/14/2023,6:00 AM,75,94,3,29.73,Clear,0,0,0,0,0,,,
09/14/2023,6:30 AM,75,94,5,29.73,Clear,0,0,0,0,0,,,
09/14/2023,7:00 AM,75,94,2,29.73,Clear,0,0,0,0,0,,,
09/14/2023,7:30 AM,77,94,0,29.76,Clear,0,0,0,0,0,,,
09/14/2023,8:00 AM,79,89,3,29.76,Clear,0,0,0,0,0,,,
09/14/2023,8:30 AM,81,84,3,29.76,Clear,0,0,0,0,0,,,
09/14/2023,9:00 AM,82,79,2,29.76,Clear,0,0,0,0,0,,,
09/14/2023,9:30 AM,86,70,2,29.79,Clear,0,0,0,0,0,,,
09/14/2023,10:00 AM,86,70,3,29.79,Clear,0,0,0,0,0,,,
09/14/2023,10:30 AM,86,70,5,29.79,Clear,0,0,0,0,0,,,
09/14/2023,11:00 AM,90,62,8,29.76,Clear,0,0,0,0,0,,,
09/14/2023,11:30 AM,90,62,8,29.76,Clear,0,0,0,0,0,,,
09/14/2023,12:00 PM,91,59,9,29.76,Clear,0,0,0,0,0,,,
09/14/2023,12:30 PM,91,59,8,29.73,Clear,0,0,0,0,0,,,
09/14/2023,1:00 PM,90,62,14,29.7,Clear,0,0,0,0,0,,,
09/14/2023,1:30 PM,88,66,8,29.7,Clear,0,0,0,0,0,,,
09/14/2023,2:00 PM,90,62,12,29.67,Clear,0,0,0,0,0,,,
09/14/2023,2:30 PM,90,62,10,29.67,Clear,0,0,0,0,0,,,
09/14/2023,3:00 PM,91,59,8,29.67,Clear,0,0,0,0,0,,,
09/14/2023,3:30 PM,90,59,7,29.67,Clear,0,0,0,0,0,,,
09/14/2023,4:00 PM,88,66,8,29.67,Clear,0,0,0,0,0,,,
09/14/2023,4:30 PM,88,66,8,29.67,Clear,0,0,0,0,0,,,
09/14/2023,5:00 PM,88,66,8,29.67,Clear,0,0,0,0,0,,,
09/14/2023,5:30 PM,86,70,8,29.67,Clear,0,0,0,0,0,,,
09/14/2023,6:00 PM,86,70,7,29.7,Clear,0,0,0,0,0,,,
09/14/2023,6:30 PM,84,79,7,29.7,Clear,0,0,0,0,0,,,
09/14/2023,7:00 PM,84,79,6,29.7,Clear,0,0,0,0,0,,,
09/14/2023,7:30 PM,84,74,5,29.7,Clear,0,0,0,0,0,,,
09/14/2023,8:00 PM,82,79,2,29.7,Clear,0,0,0,0,0,,,
09/14/2023,8:30 PM,82,84,3,29.73,Clear,0,0,0,0,0,,,
09/14/2023,9:00 PM,82,84,3,29.73,Clear,0,0,0,0,0,,,
09/14/2023,9:30 PM,82,84,6,29.76,Clear,0,0,0,0,0,,,
09/14/2023,10:00 PM,82,84,5,29.76,Clear,0,0,0,0,0,,,
09/14/2023,10:30 PM,81,84,3,29.76,Clear,0,0,0,0,0,,,
09/14/2023,11:00 PM,81,84,1,29.79,Clear,0,0,0,0,0,,,
09/14/2023,11:30 PM,81,84,2,29.76,Clear,0,0,0,0,0,,,
09/15/2023,12:00 AM,81,84,2,29.76,Clear,0,0,0,0,0,,,
09/15/2023,12:30 AM,81,89,0,29.76,Clear,0,0,0,0,0,,,
09/15/2023,1:00 AM,79,94,2,29.73,Clear,0,0,0,0,0,,,
09/15/2023,1:30 AM,79,94,5,29.73,Clear,0,0,0,0,0,,,
09/15/2023,2:00 AM,79,94,3,29.73,Clear,0,0,0,0,0,,,
09/15/2023,2:30 AM,79,94,2,29.73,Clear,0,0,0,0,0,,,
09/15/2023,3:00 AM,79,94,1,29.7,Clear,0,0,0,0,0,,,
09/15/2023,3:30 AM,79,89,2,29.7,Clear,0,0,0,0,0,,,
09/15/2023,4:00 AM,79,94,0,29.7,Clear,0,0,0,0,0,,,
09/15/2023,4:30 AM,79,94,0,29.7,Clear,0,0,0,0,0,,,
09/15/2023,5:00 AM,77,100,1,29.7,Clear,0,0,0,0,0,,,
09/15/2023,5:30 AM,77,94,6,29.7,Clear,0,0,0,0,0,,,
09/15/2023,6:00 AM,77,100,5,29.7,Clear,0,0,0,0,0,,,
09/15/2023,6:30 AM,77,94,3,29.73,Clear,0,0,0,0,0,,,
09/15/2023,7:00 AM,79,94,2,29.73,Clear,0,0,0,0,0,,,
09/15/2023,7:30 AM,79,94,2,29.73,Clear,0,0,0,0,0,,,
09/15/2023,8:00 AM,79,94,3,29.73,Clear,0,0,0,0,0,,,
09/15/2023,8:30 AM,82,84,2,29.76,Clear,0,0,0,0,0,,,
09/15/2023,9:00 AM,84,79,3,29.76,Clear,0,0,0,0,0,,,
09/15/2023,9:30 AM,86,70,3,29.76,Clear,0,0,0,0,0,,,
09/15/2023,10:00 AM,88,66,9,29.76,Clear,0,0,0,0,0,,,
09/15/2023,10:30 AM,86,66,12,29.76,Rain,0,0,0,0,0,,,
09/15/2023,11:00 AM,86,66,8,29.76,Clear,0,0,0,0,0,,,
09/15/2023,11:30 AM,88,66,9,29.73,Clear,0,0,0,0,0,,,
09/15/2023,12:00 PM,88,62,8,29.73,Clear,0,0,0,0,0,,,
09/15/2023,12:30 PM,88,62,8,29.73,Clear,0,0,0,0,0,,,
09/15/2023,1:00 PM,88,62,9,29.7,Clear,0,0,0,0,0,,,
09/15/2023,1:30 PM,88,62,9,29.7,Clear,0,0,0,0,0,,,
09/15/2023,2:00 PM,90,59,9,29.7,Clear,0,0,0,0,0,,,
09/15/2023,2:30 PM,90,59,8,29.67,Clear,0,0,0,0,0,,,
09/15/2023,3:00 PM,88,58,8,29.67,Clear,0,0,0,0,0,,,
09/15/2023,3:30 PM,90,52,12,29.67,Clear,0,0,0,0,0,,,
09/15/2023,4:00 PM,88,62,9,29.67,Clear,0,0,0,0,0,,,
09/15/2023,4:30 PM,88,58,10,29.67,Clear,0,0,0,0,0,,,
09/15/2023,5:00 PM,88,62,7,29.67,Clear,0,0,0,0,0,,,
09/15/2023,5:30 PM,86,70,7,29.67,Clear,0,0,0,0,0,,,
09/15/2023,6:00 PM,86,70,6,29.67,Clear,0,0,0,0,0,,,
09/15/2023,6:30 PM,86,70,6,29.7,Clear,0,0,0,0,0,,,
09/15/2023,7:00 PM,84,74,5,29.7,Clear,0,0,0,0,0,,,
09/15/2023,7:30 PM,84,74,3,29.7,Clear,0,0,0,0,0,,,
09/15/2023,8:00 PM,82,74,0,29.73,Clear,0,0,0,0,0,,,
09/15/2023,8:30 PM,82,74,0,29.73,Clear,0,0,0,0,0,,,
09/15/2023,9:00 PM,82,79,0,29.76,Clear,0,0,0,0,0,,,
09/15/2023,9:30 PM,81,84,5,29.76,Clear,0,0,0,0,0,,,
09/15/2023,10:00 PM,81,79,5,29.76,Clear,0,0,0,0,0,,,
09/15/2023,10:30 PM,81,79,0,29.76,Clear,0,0,0,0,0,,,
09/15/2023,11:00 PM,81,79,0,29.76,Clear,0,0,0,0,0,,,
09/15/2023,11:30 PM,79,89,0,29.76,Clear,0,0,0,0,0,,,
09/16/2023,12:00 AM,79,89,2,29.73,Clear,0,0,0,0,0,,,
09/16/2023,12:30 AM,79,89,3,29.73,Clear,0,0,0,0,0,,,
09/16/2023,1:00 AM,77,94,3,29.73,Clear,0,0,0,0,0,,,
09/16/2023,1:30 AM,79,89,5,29.73,Clear,0,0,0,0,0,,,
09/16/2023,2:00 AM,77,94,2,29.7,Clear,0,0,0,0,0,,,
09/16/2023,2:30 AM,79,89,0,29.7,Clear,0,0,0,0,0,,,
09/16/2023,3:00 AM,77,94,0,29.7,Clear,0,0,0,0,0,,,
09/16/2023,3:30 AM,77,94,2,29.7,Clear,0,0,0,0,0,,,
09/16/2023,4:00 AM,77,94,3,29.7,Clear,0,0,0,0,0,,,
09/16/2023,4:30 AM,77,94,2,29.7,Clear,0,0,0,0,0,,,
09/16/2023,5:00 AM,77,94,0,29.7,Clear,0,0,0,0,0,,,
09/16/2023,5:30 AM,77,94,3,29.7,Clear,0,0,0,0,0,,,
09/16/2023,6:00 AM,77,94,3,29.7,Clear,0,0,0,0,0,,,
09/16/2023,6:30 AM,77,94,0,29.73,Clear,0,0,0,0,0,,,
09/16/2023,7:00 AM,77,94,0,29.73,Clear,0,0,0,0,0,,,
09/16/2023,7:30 AM,79,94,2,29.73,Clear,0,0,0,0,0,,,
09/16/2023,8:00 AM,81,89,5,29.73,Clear,0,0,0,0,0,,,
09/16/2023,8:30 AM,84,74,6,29.76,Clear,0,0,0,0,0,,,
09/16/2023,9:00 AM,84,79,6,29.76,Clear,0,0,0,0,0,,,
09/16/2023,9:30 AM,86,70,8,29.76,Clear,0,0,0,0,0,,,
09/16/2023,10:00 AM,88,66,6,29.76,Clear,0,0,0,0,0,,,
09/16/2023,10:30 AM,88,66,6,29.76,Clear,0,0,0,0,0,,,
09/16/2023,11:00 AM,90,59,5,29.76,Clear,0,0,0,0,0,,,
09/16/2023,11:30 AM,90,59,3,29.73,Clear,0,0,0,0,0,,,
09/16/2023,12:00 PM,90,55,8,29.73,Clear,0,0,0,0,0,,,
09/16/2023,12:30 PM,91,55,9,29.7,Clear,0,0,0,0,0,,,
09/16/2023,1:00 PM,93,49,9,29.67,Clear,0,0,0,0,0,,,
09/16/2023,1:30 PM,93,49,9,29.67,Clear,0,0,0,0,0,,,
09/16/2023,2:00 PM,93,49,9,29.64,Clear,0,0,0,0,0,,,
09/16/2023,2:30 PM,93,49,10,29.64,Clear,0,0,0,0,0,,,
09/16/2023,3:00 PM,93,49,9,29.64,Clear,0,0,0,0,0,,,
09/16/2023,3:30 PM,93,46,10,29.61,Clear,0,0,0,0,0,,,
09/16/2023,4:00 PM,93,49,9,29.61,Clear,0,0,0,0,0,,,
09/16/2023,4:30 PM,91,52,10,29.61,Clear,0,0,0,0,0,,,
09/16/2023,5:00 PM,90,55,10,29.64,Clear,0,0,0,0,0,,,
09/16/2023,5:30 PM,86,66,5,29.64,Clear,0,0,0,0,0,,,
09/16/2023,6:00 PM,82,79,8,29.64,Clear,0,0,0,0,0,,,
09/16/2023,6:30 PM,82,79,7,29.67,Clear,0,0,0,0,0,,,
09/16/2023,7:00 PM,81,84,5,29.67,Clear,0,0,0,0,0,,,
09/16/2023,7:30 PM,81,84,3,29.7,Clear,0,0,0,0,0,,,
09/16/2023,8:00 PM,81,84,0,29.73,Clear,0,0,0,0,0,,,
09/16/2023,8:30 PM,81,84,0,29.73,Clear,0,0,0,0,0,,,
09/16/2023,9:00 PM,82,79,2,29.73,Clear,0,0,0,0,0,,,
09/16/2023,9:30 PM,81,84,3,29.73,Clear,0,0,0,0,0,,,
09/16/2023,10:00 PM,81,84,2,29.76,Clear,0,0,0,0,0,,,
09/16/2023,10:30 PM,81,89,0,29.76,Clear,0,0,0,0,0,,,
09/16/2023,11:00 PM,81,84,0,29.73,Clear,0,0,0,0,0,,,
09/16/2023,11:30 PM,79,94,1,29.73,Clear,0,0,0,0,0,,,
09/17/2023,12:00 AM,79,94,0,29.73,Clear,0,0,0,0,0,,,
09/17/2023,12:30 AM,79,94,0,29.73,Clear,0,0,0,0,0,,,
09/17/2023,1:00 AM,79,89,2,29.73,Clear,0,0,0,0,0,,,
09/17/2023,1:30 AM,79,94,0,29.7,Clear,0,0,0,0,0,,,
09/17/2023,2:00 AM,79,89,0,29.7,Clear,0,0,0,0,0,,,
09/17/2023,2:30 AM,79,89,1,29.67,Clear,0,0,0,0,0,,,
09/17/2023,3:00 AM,77,94,0,29.67,Clear,0,0,0,0,0,,,
09/17/2023,3:30 AM,77,94,2,29.67,Clear,0,0,0,0,0,,,
09/17/2023,4:00 AM,77,100,1,29.67,Clear,0,0,0,0,0,,,
09/17/2023,4:30 AM,77,94,0,29.67,Clear,0,0,0,0,0,,,
09/17/2023,5:00 AM,77,100,0,29.67,Clear,0,0,0,0,0,,,
09/17/2023,5:30 AM,77,100,2,29.7,Clear,0,0,0,0,0,,,
09/17/2023,6:00 AM,77,94,0,29.7,Clear,0,0,0,0,0,,,
09/17/2023,6:30 AM,79,89,0,29.73,Clear,0,0,0,0,0,,,
09/17/2023,7:00 AM,77,100,5,29.73,Clear,0,0,0,0,0,,,
09/17/2023,7:30 AM,79,94,7,29.73,Clear,0,0,0,0,0,,,
09/17/2023,8:00 AM,81,84,10,29.76,Rain,0,0,0,0,0,,,
09/17/2023,8:30 AM,79,89,9,29.76,Rain,0,0,0,0,0,,,
09/17/2023,9:00 AM,79,94,7,29.76,Rain,0,0,0,0,0,,,
09/17/2023,9:30 AM,82,79,8,29.76,Clear,0,0,0,0,0,,,
09/17/2023,10:00 AM,84,74,8,29.76,Clear,0,0,0,0,0,,,
09/17/2023,10:30 AM,86,66,8,29.73,Clear,0,0,0,0,0,,,
09/17/2023,11:00 AM,86,66,7,29.73,Clear,0,0,0,0,0,,,
09/17/2023,11:30 AM,88,66,7,29.73,Clear,0,0,0,0,0,,,
09/17/2023,12:00 PM,88,62,9,29.7,Clear,0,0,0,0,0,,,
09/17/2023,12:30 PM,88,62,9,29.7,Clear,0,0,0,0,0,,,
09/17/2023,1:00 PM,88,66,6,29.67,Clear,0,0,0,0,0,,,
09/17/2023,1:30 PM,88,66,6,29.67,Clear,0,0,0,0,0,,,
09/17/2023,2:00 PM,90,62,7,29.64,Clear,0,0,0,0,0,,,
09/17/2023,2:30 PM,88,66,6,29.64,Clear,0,0,0,0,0,,,
09/17/2023,3:00 PM,88,62,9,29.64,Clear,0,0,0,0,0,,,
09/17/2023,3:30 PM,88,66,7,29.61,Clear,0,0,0,0,0,,,
09/17/2023,4:00 PM,90,59,9,29.61,Clear,0,0,0,0,0,,,
09/17/2023,4:30 PM,88,62,8,29.61,Clear,0,0,0,0,0,,,
09/17/2023,5:00 PM,88,62,10,29.61,Clear,0,0,0,0,0,,,
09/17/2023,5:30 PM,88,58,9,29.61,Clear,0,0,0,0,0,,,
09/17/2023,6:00 PM,86,62,7,29.64,Clear,0,0,0,0,0,,,
09/17/2023,6:30 PM,86,62,7,29.64,Clear,0,0,0,0,0,,,
09/17/2023,7:00 PM,84,66,6,29.64,Clear,0,0,0,0,0,,,
09/17/2023,7:30 PM,82,70,6,29.67,Clear,0,0,0,0,0,,,
09/17/2023,8:00 PM,82,74,6,29.67,Clear,0,0,0,0,0,,,
09/17/2023,8:30 PM,81,84,3,29.7,Clear,0,0,0,0,0,,,
09/17/2023,9:00 PM,81,84,3,29.73,Clear,0,0,0,0,0,,,
09/17/2023,9:30 PM,81,84,5,29.73,Clear,0,0,0,0,0,,,
09/17/2023,10:00 PM,81,84,5,29.73,Clear,0,0,0,0,0,,,
09/17/2023,10:30 PM,79,89,3,29.73,Clear,0,0,0,0,0,,,
09/17/2023,11:00 PM,79,89,2,29.73,Clear,0,0,0,0,0,,,
09/17/2023,11:30 PM,79,89,0,29.73,Clear,0,0,0,0,0,,,
09/18/2023,12:00 AM,79,89,3,29.73,Clear,0,0,0,0,0,,,
09/18/2023,12:30 AM,79,89,2,29.73,Clear,0,0,0,0,0,,,
09/18/2023,1:00 AM,79,89,0,29.7,Clear,0,0,0,0,0,,,
09/18/2023,1:30 AM,79,89,0,29.7,Clear,0,0,0,0,0,,,
09/18/2023,2:00 AM,79,89,0,29.7,Clear,0,0,0,0,0,,,
09/18/2023,2:30 AM,79,89,0,29.7,Clear,0,0,0,0,0,,,
09/18/2023,3:00 AM,77,94,0,29.67,Clear,0,0,0,0,0,,,
09/18/2023,3:30 AM,77,94,0,29.67,Clear,0,0,0,0,0,,,
09/18/2023,4:00 AM,77,94,0,29.67,Clear,0,0,0,0,0,,,
09/18/2023,4:30 AM,77,94,0,29.67,Clear,0,0,0,0,0,,,
09/18/2023,5:00 AM,77,94,1,29.67,Clear,0,0,0,0,0,,,
09/18/2023,5:30 AM,77,94,0,29.67,Clear,0,0,0,0,0,,,
09/18/2023,6:00 AM,77,94,0,29.7,Clear,0,0,0,0,0,,,
09/18/2023,6:30 AM,77,94,0,29.7,Clear,0,0,0,0,0,,,
09/18/2023,7:00 AM,79,89,3,29.7,Clear,0,0,0,0,0,,,
09/18/2023,7:30 AM,79,89,3,29.73,Clear,0,0,0,0,0,,,
09/18/2023,8:00 AM,81,89,3,29.73,Clear,0,0,0,0,0,,,
09/18/2023,8:30 AM,84,74,2,29.76,Clear,0,0,0,0,0,,,
09/18/2023,9:00 AM,86,74,2,29.76,Clear,0,0,0,0,0,,,
09/18/2023,9:30 AM,86,70,5,29.76,Clear,0,0,0,0,0,,,
09/18/2023,10:00 AM,88,66,5,29.76,Clear,0,0,0,0,0,,,
09/18/2023,10:30 AM,90,62,5,29.73,Clear,0,0,0,0,0,,,
09/18/2023,11:00 AM,91,59,5,29.73,Clear,0,0,0,0,0,,,
09/18/2023,11:30 AM,91,52,7,29.73,Clear,0,0,0,0,0,,,
09/18/2023,12:00 PM,91,55,6,29.7,Clear,0,0,0,0,0,,,
09/18/2023,12:30 PM,93,49,6,29.7,Clear,0,0,0,0,0,,,
09/18/2023,1:00 PM,93,49,3,29.7,Clear,0,0,0,0,0,,,
09/18/2023,1:30 PM,93,49,5,29.67,Clear,0,0,0,0,0,,,
09/18/2023,2:00 PM,95,47,3,29.64,Clear,0,0,0,0,0,,,
09/18/2023,2:30 PM,93,49,7,29.64,Clear,0,0,0,0,0,,,
09/18/2023,3:00 PM,91,59,9,29.64,Clear,0,0,0,0,0,,,
09/18/2023,3:30 PM,91,63,13,29.61,Rain,1,1,0,1,0,,,
09/18/2023,4:00 PM,90,66,14,29.61,Rain,0,0,0,0,0,,,
09/18/2023,4:30 PM,90,66,13,29.61,Rain,0,0,0,0,0,,,
09/18/2023,5:00 PM,88,70,13,29.61,Rain,0,0,0,0,0,,,
09/18/2023,5:30 PM,86,70,13,29.64,Rain,0,0,0,0,0,,,
09/18/2023,6:00 PM,81,79,10,29.67,Rain,0,0,0,0,0,,,
09/18/2023,6:30 PM,79,83,5,29.7,Clear,0,0,0,0,0,,,
09/18/2023,7:00 PM,77,89,12,29.7,Clear,0,0,0,0,0,,,
09/18/2023,7:30 PM,73,94,10,29.73,Rain,0,0,0,0,0,,,
09/18/2023,8:00 PM,75,89,6,29.73,Rain,0,0,0,0,0,,,
09/18/2023,8:30 PM,73,94,5,29.73,Clear,0,0,0,0,0,,,
09/18/2023,9:00 PM,73,94,0,29.76,Clear,0,0,0,0,0,,,
09/18/2023,9:30 PM,75,94,6,29.76,Clear,0,0,0,0,0,,,
09/18/2023,10:00 PM,75,89,5,29.79,Clear,0,0,0,0,0,,,
09/18/2023,10:30 PM,75,94,0,29.79,Clear,0,0,0,0,0,,,
09/18/2023,11:00 PM,75,94,3,29.79,Clear,0,0,0,0,0,,,
09/18/2023,11:30 PM,75,94,3,29.79,Clear,0,0,0,0,0,,,
09/19/2023,12:00 AM,75,94,3,29.79,Clear,0,0,0,0,0,,,
09/19/2023,12:30 AM,75,94,5,29.79,Clear,0,0,0,0,0,,,
09/19/2023,1:00 AM,75,94,2,29.79,Clear,0,0,0,0,0,,,
09/19/2023,1:30 AM,75,94,1,29.79,Clear,0,0,0,0,0,,,
09/19/2023,2:00 AM,75,94,5,29.76,Clear,0,0,0,0,0,,,
09/19/2023,2:30 AM,75,94,5,29.76,Clear,0,0,0,0,0,,,
09/19/2023,3:00 AM,75,94,2,29.73,Clear,0,0,0,0,0,,,
09/19/2023,3:30 AM,75,94,2,29.73,Clear,0,0,0,0,0,,,
09/19/2023,4:00 AM,73,100,0,29.73,Clear,0,0,0,0,0,,,
09/19/2023,4:30 AM,73,100,1,29.73,Clear,0,0,0,0,0,,,
09/19/2023,5:00 AM,75,94,0,29.7,Clear,0,0,0,0,0,,,
09/19/2023,5:30 AM,75,94,1,29.7,Clear,0,0,0,0,0,,,
09/19/2023,6:00 AM,73,100,2,29.7,Clear,0,0,0,0,0,,,
09/19/2023,6:30 AM,73,100,5,29.7,Clear,0,0,0,0,0,,,
09/19/2023,7:00 AM,75,94,0,29.73,Clear,0,0,0,0,0,,,
09/19/2023,7:30 AM,77,94,0,29.73,Clear,0,0,0,0,0,,,
09/19/2023,8:00 AM,79,89,1,29.76,Clear,0,0,0,0,0,,,
09/19/2023,8:30 AM,81,84,1,29.76,Clear,0,0,0,0,0,,,
09/19/2023,9:00 AM,84,74,2,29.76,Clear,0,0,0,0,0,,,
09/19/2023,9:30 AM,86,74,2,29.79,Clear,1,1,0,0,1,,,
09/19/2023,10:00 AM,86,70,3,29.79,Clear,0,0,0,0,0,,,
09/19/2023,10:30 AM,86,70,3,29.79,Clear,0,0,0,0,0,,,
09/19/2023,11:00 AM,88,66,5,29.76,Clear,0,0,0,0,0,,,
09/19/2023,11:30 AM,88,66,2,29.76,Clear,0,0,0,0,0,,,
09/19/2023,12:00 PM,90,66,2,29.76,Rain,0,0,0,0,0,,,
09/19/2023,12:30 PM,90,62,5,29.73,Rain,0,0,0,0,0,,,
09/19/2023,1:00 PM,88,66,13,29.73,Rain,0,0,0,0,0,,,
09/19/2023,1:30 PM,84,84,5,29.7,Rain,0,0,0,0,0,,,
09/19/2023,2:00 PM,88,75,3,29.7,Clear,0,0,0,0,0,,,
09/19/2023,2:30 PM,88,75,8,29.67,Clear,0,0,0,0,0,,,
09/19/2023,3:00 PM,90,62,9,29.67,Rain,0,0,0,0,0,,,
09/19/2023,3:30 PM,90,62,9,29.67,Rain,0,0,0,0,0,,,
09/19/2023,4:00 PM,90,62,8,29.64,Rain,0,0,0,0,0,,,
09/19/2023,4:30 PM,90,62,10,29.67,Clear,0,0,0,0,0,,,
09/19/2023,5:00 PM,90,59,9,29.67,Clear,0,0,0,0,0,,,
09/19/2023,5:30 PM,88,62,10,29.67,Clear,0,0,0,0,0,,,
09/19/2023,6:00 PM,86,70,9,29.7,Clear,0,0,0,0,0,,,
09/19/2023,6:30 PM,84,74,6,29.7,Clear,0,0,0,0,0,,,
09/19/2023,7:00 PM,84,74,6,29.73,Clear,0,0,0,0,0,,,
09/19/2023,7:30 PM,84,74,5,29.73,Clear,0,0,0,0,0,,,
09/19/2023,8:00 PM,84,79,3,29.73,Clear,0,0,0,0,0,,,
09/19/2023,8:30 PM,82,84,0,29.76,Clear,0,0,0,0,0,,,
09/19/2023,9:00 PM,82,84,0,29.76,Clear,0,0,0,0,0,,,
09/19/2023,9:30 PM,81,89,0,29.76,Clear,0,0,0,0,0,,,
09/19/2023,10:00 PM,81,89,3,29.79,Clear,0,0,0,0,0,,,
09/19/2023,10:30 PM,81,89,3,29.79,Clear,0,0,0,0,0,,,
09/19/2023,11:00 PM,81,89,2,29.76,Clear,0,0,0,0,0,,,
09/19/2023,11:30 PM,81,89,3,29.76,Clear,0,0,0,0,0,,,
09/20/2023,12:00 AM,81,84,3,29.76,Clear,0,0,0,0,0,,,
09/20/2023,12:30 AM,79,94,0,29.73,Clear,0,0,0,0,0,,,
09/20/2023,1:00 AM,79,94,2,29.73,Clear,0,0,0,0,0,,,
09/20/2023,1:30 AM,79,94,0,29.73,Clear,0,0,0,0,0,,,
09/20/2023,2:00 AM,79,94,2,29.73,Clear,0,0,0,0,0,,,
09/20/2023,2:30 AM,79,94,2,29.73,Clear,0,0,0,0,0,,,
09/20/2023,3:00 AM,77,100,0,29.7,Clear,0,0,0,0,0,,,
09/20/2023,3:30 AM,77,100,0,29.7,Clear,0,0,0,0,0,,,
09/20/2023,4:00 AM,77,94,0,29.7,Clear,0,0,0,0,0,,,
09/20/2023,4:30 AM,77,94,0,29.7,Clear,0,0,0,0,0,,,
09/20/2023,5:00 AM,77,94,0,29.7,Clear,0,0,0,0,0,,,
09/20/2023,5:30 AM,77,94,0,29.7,Clear,0,0,0,0,0,,,
09/20/2023,6:30 AM,77,94,0,29.73,Clear,0,0,0,0,0,,,
09/20/2023,7:00 AM,77,100,0,29.73,Clear,0,0,0,0,0,,,
09/20/2023,7:30 AM,79,94,2,29.76,Clear,0,0,0,0,0,,,
09/20/2023,8:00 AM,82,84,0,29.76,Clear,0,0,0,0,0,,,
09/20/2023,8:30 AM,82,84,3,29.76,Clear,0,0,0,0,0,,,
09/20/2023,9:00 AM,86,74,2,29.76,Clear,0,0,0,0,0,,,
09/20/2023,9:30 AM,86,74,5,29.76,Clear,0,0,0,0,0,,,
09/20/2023,10:00 AM,88,66,5,29.76,Clear,0,0,0,0,0,,,
09/20/2023,10:30 AM,90,62,5,29.76,Clear,0,0,0,0,0,,,
09/20/2023,11:00 AM,90,59,7,29.76,Clear,0,0,0,0,0,,,
09/20/2023,11:30 AM,91,55,6,29.73,Clear,0,0,0,0,0,,,
09/20/2023,12:00 PM,90,59,7,29.73,Clear,0,0,0,0,0,,,
09/20/2023,12:30 PM,91,55,7,29.73,Clear,0,0,0,0,0,,,
09/20/2023,1:00 PM,91,59,9,29.7,Clear,0,0,0,0,0,,,
09/20/2023,1:30 PM,91,55,10,29.67,Clear,0,0,0,0,0,,,
09/20/2023,2:00 PM,91,52,10,29.67,Clear,0,0,0,0,0,,,
09/20/2023,2:30 PM,91,59,10,29.64,Clear,0,0,0,0,0,,,
09/20/2023,3:00 PM,91,59,8,29.64,Clear,0,0,0,0,0,,,
09/20/2023,3:30 PM,91,63,6,29.61,Clear,0,0,0,0,0,,,
09/20/2023,4:00 PM,91,63,9,29.61,Clear,0,0,0,0,0,,,
09/20/2023,4:30 PM,90,66,16,29.64,Clear,0,0,0,0,0,,,
09/20/2023,5:00 PM,86,70,16,29.64,Rain,0,0,0,0,0,,,
09/20/2023,5:30 PM,84,74,14,29.64,Clear,0,0,0,0,0,,,
09/20/2023,6:00 PM,84,70,10,29.64,Clear,0,0,0,0,0,,,
09/20/2023,6:30 PM,84,70,6,29.64,Clear,0,0,0,0,0,,,
09/20/2023,7:00 PM,82,74,2,29.67,Clear,0,0,0,0,0,,,
09/20/2023,7:30 PM,82,74,3,29.7,Clear,0,0,0,0,0,,,
09/20/2023,8:00 PM,81,79,0,29.7,Clear,0,0,0,0,0,,,
09/20/2023,8:30 PM,82,79,3,29.73,Clear,0,0,0,0,0,,,
09/20/2023,9:00 PM,81,84,0,29.73,Clear,0,0,0,0,0,,,
09/20/2023,9:30 PM,81,84,0,29.76,Clear,0,0,0,0,0,,,
09/20/2023,10:00 PM,79,89,0,29.76,Clear,0,0,0,0,0,,,
09/20/2023,10:30 PM,79,89,2,29.76,Clear,0,0,0,0,0,,,
09/20/2023,11:00 PM,79,89,1,29.76,Clear,0,0,0,0,0,,,
09/20/2023,11:30 PM,79,89,2,29.76,Clear,0,0,0,0,0,,,
09/21/2023,12:00 AM,79,89,2,29.76,Clear,0,0,0,0,0,,,
09/21/2023,12:30 AM,77,100,5,29.73,Clear,0,0,0,0,0,,,
09/21/2023,1:00 AM,77,94,3,29.73,Clear,0,0,0,0,0,,,
09/21/2023,1:30 AM,77,100,3,29.7,Clear,0,0,0,0,0,,,
09/21/2023,2:00 AM,77,94,2,29.7,Clear,0,0,0,0,0,,,
09/21/2023,2:30 AM,77,94,2,29.7,Clear,0,0,0,0,0,,,
09/21/2023,3:00 AM,77,94,3,29.7,Clear,0,0,0,0,0,,,
09/21/2023,3:30 AM,77,94,0,29.7,Clear,0,0,0,0,0,,,
09/21/2023,4:00 AM,77,94,3,29.7,Clear,0,0,0,0,0,,,
09/21/2023,4:30 AM,77,94,2,29.7,Clear,0,0,0,0,0,,,
09/21/2023,5:00 AM,77,94,2,29.7,Clear,0,0,0,0,0,,,
09/21/2023,5:30 AM,77,94,2,29.7,Clear,0,0,0,0,0,,,
09/21/2023,6:00 AM,77,94,0,29.7,Clear,0,0,0,0,0,,,
09/21/2023,6:30 AM,75,100,1,29.7,Clear,0,0,0,0,0,,,
09/21/2023,7:00 AM,77,94,2,29.73,Clear,0,0,0,0,0,,,
09/21/2023,7:30 AM,79,94,1,29.73,Clear,0,0,0,0,0,,,
09/21/2023,8:00 AM,79,94,3,29.76,Clear,0,0,0,0,0,,,
09/21/2023,8:30 AM,81,89,2,29.76,Clear,0,0,0,0,0,,,
09/21/2023,9:00 AM,84,79,3,29.76,Clear,0,0,0,0,0,,,
09/21/2023,9:30 AM,86,70,6,29.76,Clear,0,0,0,0,0,,,
09/21/2023,10:00 AM,88,66,2,29.76,Clear,0,0,0,0,0,,,
09/21/2023,10:30 AM,88,66,5,29.76,Clear,0,0,0,0,0,,,
09/21/2023,11:00 AM,90,59,3,29.76,Clear,0,0,0,0,0,,,
09/21/2023,11:30 AM,91,55,5,29.73,Clear,0,0,0,0,0,,,
09/21/2023,12:00 PM,93,52,2,29.73,Clear,0,0,0,0,0,,,
09/21/2023,12:30 PM,91,55,5,29.7,Clear,0,0,0,0,0,,,
09/21/2023,1:00 PM,88,66,9,29.67,Rain,0,0,0,0,0,,,
09/21/2023,1:30 PM,77,94,17,29.67,Clear,0,0,0,0,0,,,
09/21/2023,2:00 PM,75,94,14,29.67,Clear,0,0,0,0,0,,,
09/21/2023,2:30 PM,75,94,6,29.67,Clear,0,0,0,0,0,,,
09/21/2023,3:00 PM,75,100,3,29.7,Rain,0,0,0,0,0,,,
09/21/2023,3:30 PM,75,100,8,29.7,Clear,0,0,0,0,0,,,
09/21/2023,4:00 PM,77,94,6,29.7,Rain,0,0,0,0,0,,,
09/21/2023,4:30 PM,75,100,3,29.7,Rain,0,0,0,0,0,,,
09/21/2023,5:00 PM,77,94,5,29.7,Rain,0,0,0,0,0,,,
09/21/2023,5:30 PM,77,89,5,29.7,Rain,0,0,0,0,0,,,
09/21/2023,6:00 PM,77,89,2,29.7,Rain,0,0,0,0,0,,,
09/21/2023,6:30 PM,77,89,2,29.73,Rain,0,0,0,0,0,,,
09/21/2023,7:00 PM,77,94,0,29.73,Clear,0,0,0,0,0,,,
09/21/2023,7:30 PM,75,100,3,29.73,Clear,0,0,0,0,0,,,
09/21/2023,8:00 PM,75,100,2,29.76,Clear,0,0,0,0,0,,,
09/21/2023,8:30 PM,75,100,3,29.76,Rain,0,0,0,0,0,,,
09/21/2023,9:00 PM,75,100,3,29.79,Rain,0,0,0,0,0,,,
09/21/2023,9:30 PM,75,100,3,29.79,Rain,0,0,0,0,0,,,
09/21/2023,10:00 PM,75,100,2,29.79,Rain,0,0,0,0,0,,,
09/21/2023,10:30 PM,75,100,0,29.76,Clear,0,0,0,0,0,,,
09/21/2023,11:00 PM,75,100,3,29.76,Rain,0,0,0,0,0,,,
09/21/2023,11:30 PM,75,100,3,29.73,Clear,0,0,0,0,0,,,
09/22/2023,12:00 AM,75,100,0,29.73,Clear,0,0,0,0,0,,,
09/22/2023,12:30 AM,75,100,3,29.73,Clear,0,0,0,0,0,,,
09/22/2023,1:00 AM,75,100,3,29.73,Clear,0,0,0,0,0,,,
09/22/2023,1:30 AM,75,100,5,29.73,Clear,0,0,0,0,0,,,
09/22/2023,2:00 AM,75,100,6,29.7,Clear,0,0,0,0,0,,,
09/22/2023,2:30 AM,75,100,3,29.7,Clear,0,0,0,0,0,,,
09/22/2023,3:00 AM,75,100,2,29.7,Clear,0,0,0,0,0,,,
09/22/2023,3:30 AM,75,100,3,29.7,Clear,0,0,0,0,0,,,
09/22/2023,4:00 AM,75,100,0,29.67,Clear,0,0,0,0,0,,,
09/22/2023,4:30 AM,75,100,0,29.67,Clear,0,0,0,0,0,,,
09/22/2023,5:00 AM,75,100,3,29.7,Clear,0,0,0,0,0,,,
09/22/2023,5:30 AM,75,100,3,29.7,Clear,0,0,0,0,0,,,
09/22/2023,6:00 AM,75,100,0,29.7,Clear,0,0,0,0,0,,,
09/22/2023,6:30 AM,75,100,0,29.7,Clear,0,0,0,0,0,,,
09/22/2023,7:00 AM,77,94,0,29.7,Clear,0,0,0,0,0,,,
09/22/2023,7:30 AM,77,94,3,29.73,Clear,0,0,0,0,0,,,
09/22/2023,8:00 AM,79,89,2,29.73,Clear,0,0,0,0,0,,,
09/22/2023,8:30 AM,81,89,5,29.76,Clear,0,0,0,0,0,,,
09/22/2023,9:00 AM,81,89,6,29.76,Clear,0,0,0,0,0,,,
09/22/2023,9:30 AM,82,84,5,29.76,Clear,0,0,0,0,0,,,
09/22/2023,10:00 AM,84,74,6,29.76,Clear,0,0,0,0,0,,,
09/22/2023,10:30 AM,86,70,5,29.76,Clear,0,0,0,0,0,,,
09/22/2023,11:00 AM,86,70,5,29.76,Clear,0,0,0,0,0,,,
09/22/2023,11:30 AM,88,66,5,29.73,Rain,0,0,0,0,0,,,
09/22/2023,12:00 PM,88,62,5,29.73,Rain,0,0,0,0,0,,,
09/22/2023,12:30 PM,88,66,9,29.7,Clear,0,0,0,0,0,,,
09/22/2023,1:00 PM,88,66,7,29.7,Clear,0,0,0,0,0,,,
09/22/2023,1:30 PM,88,66,6,29.67,Rain,0,0,0,0,0,,,
09/22/2023,2:00 PM,88,66,13,29.67,Rain,0,0,0,0,0,,,
09/22/2023,2:30 PM,88,66,12,29.64,Rain,0,0,0,0,0,,,
09/22/2023,3:00 PM,82,79,13,29.64,Rain,0,0,0,0,0,,,
09/22/2023,3:30 PM,84,74,8,29.64,Rain,0,0,0,0,0,,,
09/22/2023,4:00 PM,84,79,9,29.64,Clear,0,0,0,0,0,,,
09/22/2023,4:30 PM,84,74,9,29.64,Rain,0,0,0,0,0,,,
09/22/2023,5:00 PM,84,74,8,29.64,Clear,0,0,0,0,0,,,
09/22/2023,5:30 PM,84,74,8,29.64,Clear,0,0,0,0,0,,,
09/22/2023,6:00 PM,82,79,6,29.67,Clear,0,0,0,0,0,,,
09/22/2023,6:30 PM,82,79,6,29.7,Clear,0,0,0,0,0,,,
09/22/2023,7:00 PM,81,84,3,29.7,Clear,0,0,0,0,0,,,
09/22/2023,7:30 PM,81,84,3,29.7,Clear,0,0,0,0,0,,,
09/22/2023,8:00 PM,81,84,2,29.73,Clear,0,0,0,0,0,,,
09/22/2023,8:30 PM,81,79,3,29.73,Clear,0,0,0,0,0,,,
09/22/2023,9:00 PM,79,89,2,29.73,Clear,0,0,0,0,0,,,
09/22/2023,9:30 PM,79,89,5,29.76,Clear,0,0,0,0,0,,,
09/22/2023,10:00 PM,79,83,3,29.76,Clear,0,0,0,0,0,,,
09/22/2023,10:30 PM,79,89,0,29.76,Clear,0,0,0,0,0,,,
09/22/2023,11:00 PM,79,89,2,29.76,Clear,0,0,0,0,0,,,
09/22/2023,11:30 PM,79,89,2,29.76,Clear,0,0,0,0,0,,,
09/23/2023,12:00 AM,79,89,3,29.76,Clear,0,0,0,0,0,,,
09/23/2023,12:30 AM,79,89,2,29.76,Clear,0,0,0,0,0,,,
09/23/2023,1:00 AM,79,89,2,29.73,Clear,0,0,0,0,0,,,
09/23/2023,1:30 AM,77,94,2,29.73,Clear,0,0,0,0,0,,,
09/23/2023,2:00 AM,77,94,1,29.73,Clear,0,0,0,0,0,,,
09/23/2023,2:30 AM,77,94,1,29.7,Clear,0,0,0,0,0,,,
09/23/2023,3:00 AM,77,94,3,29.67,Clear,0,0,0,0,0,,,
09/23/2023,3:30 AM,77,94,0,29.67,Clear,0,0,0,0,0,,,
09/23/2023,4:00 AM,77,94,2,29.67,Clear,0,0,0,0,0,,,
09/23/2023,4:30 AM,77,94,1,29.67,Clear,0,0,0,0,0,,,
09/23/2023,5:00 AM,75,100,3,29.67,Clear,0,0,0,0,0,,,
09/23/2023,5:30 AM,75,100,3,29.7,Clear,0,0,0,0,0,,,
09/23/2023,6:00 AM,75,100,3,29.7,Clear,0,0,0,0,0,,,
09/23/2023,6:30 AM,77,94,2,29.73,Clear,0,0,0,0,0,,,
09/23/2023,7:00 AM,77,94,1,29.73,Clear,0,0,0,0,0,,,
09/23/2023,7:30 AM,79,89,2,29.73,Clear,0,0,0,0,0,,,
09/23/2023,8:00 AM,82,84,2,29.73,Clear,0,0,0,0,0,,,
09/23/2023,8:30 AM,82,79,2,29.76,Clear,0,0,0,0,0,,,
09/23/2023,9:00 AM,84,74,1,29.76,Clear,0,0,0,0,0,,,
09/23/2023,9:30 AM,86,70,5,29.76,Clear,0,0,0,0,0,,,
09/23/2023,10:00 AM,86,70,3,29.76,Clear,0,0,0,0,0,,,
09/23/2023,10:30 AM,86,70,3,29.76,Clear,0,0,0,0,0,,,
09/23/2023,11:00 AM,90,62,5,29.73,Clear,0,0,0,0,0,,,
09/23/2023,11:30 AM,88,66,6,29.73,Clear,0,0,0,0,0,,,
09/23/2023,12:00 PM,88,66,6,29.7,Clear,0,0,0,0,0,,,
09/23/2023,12:30 PM,90,62,3,29.7,Rain,0,0,0,0,0,,,
09/23/2023,1:00 PM,81,79,7,29.67,Rain,0,0,0,0,0,,,
09/23/2023,1:30 PM,82,84,3,29.67,Rain,0,0,0,0,0,,,
09/23/2023,2:00 PM,79,94,7,29.67,Rain,0,0,0,0,0,,,
09/23/2023,2:30 PM,79,83,6,29.67,Rain,0,0,0,0,0,,,
09/23/2023,3:00 PM,77,94,5,29.67,Rain,0,0,0,0,0,,,
09/23/2023,3:30 PM,77,100,5,29.67,Rain,0,0,0,0,0,,,
09/23/2023,4:00 PM,77,100,5,29.67,Clear,0,0,0,0,0,,,
09/23/2023,4:30 PM,79,94,2,29.67,Clear,0,0,0,0,0,,,
09/23/2023,5:00 PM,79,94,1,29.67,Rain,0,0,0,0,0,,,
09/23/2023,5:30 PM,79,94,3,29.67,Clear,0,0,0,0,0,,,
09/23/2023,6:00 PM,79,94,3,29.67,Clear,0,0,0,0,0,,,
09/23/2023,6:30 PM,79,94,2,29.67,Clear,0,0,0,0,0,,,
09/23/2023,7:00 PM,79,94,2,29.7,Clear,0,0,0,0,0,,,
09/23/2023,7:30 PM,79,94,2,29.7,Clear,0,0,0,0,0,,,
09/23/2023,8:00 PM,79,94,0,29.73,Clear,0,0,0,0,0,,,
09/23/2023,8:30 PM,77,100,0,29.73,Clear,0,0,0,0,0,,,
09/23/2023,9:00 PM,77,100,0,29.73,Clear,0,0,0,0,0,,,
09/23/2023,9:30 PM,77,100,0,29.76,Clear,0,0,0,0,0,,,
09/23/2023,10:00 PM,77,100,0,29.76,Rain,0,0,0,0,0,,,
09/23/2023,10:30 PM,77,100,0,29.76,Clear,0,0,0,0,0,,,
09/23/2023,11:00 PM,77,100,3,29.76,Clear,0,0,0,0,0,,,
09/23/2023,11:30 PM,77,100,3,29.76,Clear,0,0,0,0,0,,,
09/24/2023,12:00 AM,77,100,2,29.76,Clear,0,0,0,0,0,,,
09/24/2023,12:30 AM,77,100,3,29.73,Clear,0,0,0,0,0,,,
09/24/2023,1:00 AM,77,100,2,29.73,Clear,0,0,0,0,0,,,
09/24/2023,1:30 AM,77,94,3,29.7,Clear,0,0,0,0,0,,,
09/24/2023,2:00 AM,77,94,3,29.7,Clear,0,0,0,0,0,,,
09/24/2023,2:30 AM,77,94,2,29.7,Clear,0,0,0,0,0,,,
09/24/2023,3:00 AM,77,94,3,29.67,Clear,0,0,0,0,0,,,
09/24/2023,3:30 AM,77,94,2,29.67,Clear,0,0,0,0,0,,,
09/24/2023,4:00 AM,77,94,0,29.67,Clear,0,0,0,0,0,,,
09/24/2023,4:30 AM,77,94,0,29.67,Clear,0,0,0,0,0,,,
09/24/2023,5:00 AM,77,94,3,29.7,Clear,0,0,0,0,0,,,
09/24/2023,5:30 AM,77,94,2,29.7,Clear,0,0,0,0,0,,,
09/24/2023,6:00 AM,77,94,7,29.73,Clear,0,0,0,0,0,,,
09/24/2023,6:30 AM,77,94,8,29.73,Rain,0,0,0,0,0,,,
09/24/2023,7:00 AM,77,94,8,29.76,Rain,0,0,0,0,0,,,
09/24/2023,7:30 AM,77,94,3,29.79,Rain,0,0,0,0,0,,,
09/24/2023,8:00 AM,75,94,5,29.79,Rain,0,0,0,0,0,,,
09/24/2023,8:30 AM,75,94,5,29.79,Rain,0,0,0,0,0,,,
09/24/2023,9:00 AM,75,94,8,29.79,Clear,0,0,0,0,0,,,
09/24/2023,9:30 AM,75,94,6,29.79,Rain,0,0,0,0,0,,,
09/24/2023,10:00 AM,77,89,5,29.76,Rain,0,0,0,0,0,,,
09/24/2023,10:30 AM,77,89,5,29.76,Rain,0,0,0,0,0,,,
09/24/2023,11:00 AM,79,83,6,29.73,Clear,0,0,0,0,0,,,
09/24/2023,11:30 AM,81,79,6,29.73,Clear,0,0,0,0,0,,,
09/24/2023,12:00 PM,84,70,0,29.7,Clear,0,0,0,0,0,,,
09/24/2023,12:30 PM,82,74,6,29.67,Clear,0,0,0,0,0,,,
09/24/2023,1:00 PM,84,74,7,29.64,Clear,0,0,0,0,0,,,
09/24/2023,1:30 PM,82,74,9,29.64,Clear,0,0,0,0,0,,,
09/24/2023,2:00 PM,82,79,7,29.61,Clear,0,0,0,0,0,,,
09/24/2023,2:30 PM,82,79,9,29.61,Clear,0,0,0,0,0,,,
09/24/2023,3:00 PM,84,74,10,29.61,Clear,0,0,0,0,0,,,
09/24/2023,3:30 PM,84,74,10,29.61,Clear,0,0,0,0,0,,,
09/24/2023,4:00 PM,82,74,9,29.61,Clear,2,1,1,1,0,,,
09/24/2023,4:30 PM,82,79,6,29.61,Clear,0,0,0,0,0,,,
09/24/2023,5:00 PM,81,89,5,29.61,Rain,0,0,0,0,0,,,
09/24/2023,5:30 PM,81,89,6,29.61,Rain,0,0,0,0,0,,,
09/24/2023,6:00 PM,79,94,6,29.64,Rain,0,0,0,0,0,,,
09/24/2023,6:30 PM,79,94,5,29.64,Rain,0,0,0,0,0,,,
09/24/2023,7:00 PM,79,94,5,29.64,Rain,0,0,0,0,0,,,
09/24/2023,7:30 PM,79,94,7,29.67,Clear,0,0,0,0,0,,,
09/24/2023,8:00 PM,79,89,7,29.7,Clear,0,0,0,0,0,,,
09/24/2023,8:30 PM,79,89,6,29.7,Clear,0,0,0,0,0,,,
09/24/2023,9:00 PM,79,94,3,29.73,Clear,0,0,0,0,0,,,
09/24/2023,9:30 PM,79,94,3,29.73,Clear,0,0,0,0,0,,,
09/24/2023,10:00 PM,79,94,3,29.73,Rain,0,0,0,0,0,,,
09/24/2023,10:30 PM,79,94,5,29.73,Clear,0,0,0,0,0,,,
09/24/2023,11:00 PM,79,94,1,29.7,Clear,0,0,0,0,0,,,
09/24/2023,11:30 PM,79,94,0,29.7,Rain,0,0,0,0,0,,,
09/25/2023,12:00 AM,77,100,0,29.67,Clear,0,0,0,0,0,,,
09/25/2023,12:30 AM,77,100,0,29.67,Clear,0,0,0,0,0,,,
09/25/2023,1:00 AM,77,100,0,29.67,Clear,0,0,0,0,0,,,
09/25/2023,1:30 AM,77,94,0,29.67,Clear,0,0,0,0,0,,,
09/25/2023,2:00 AM,77,94,0,29.67,Clear,0,0,0,0,0,,,
09/25/2023,2:30 AM,77,94,0,29.67,Clear,0,0,0,0,0,,,
09/25/2023,3:00 AM,77,94,0,29.64,Clear,0,0,0,0,0,,,
09/25/2023,3:30 AM,77,94,2,29.64,Clear,0,0,0,0,0,,,
09/25/2023,4:00 AM,77,100,0,29.64,Rain,0,0,0,0,0,,,
09/25/2023,4:30 AM,77,100,0,29.64,Rain,0,0,0,0,0,,,
09/25/2023,5:00 AM,77,94,3,29.64,Rain,0,0,0,0,0,,,
09/25/2023,5:30 AM,77,94,2,29.64,Clear,0,0,0,0,0,,,
09/25/2023,6:00 AM,77,94,2,29.67,Clear,0,0,0,0,0,,,
09/25/2023,6:30 AM,77,94,3,29.67,Clear,0,0,0,0,0,,,
09/25/2023,7:00 AM,77,94,2,29.67,Clear,0,0,0,0,0,,,
09/25/2023,7:30 AM,79,89,3,29.67,Clear,0,0,0,0,0,,,
09/25/2023,8:00 AM,79,89,0,29.7,Clear,0,0,0,0,0,,,
09/25/2023,8:30 AM,81,84,3,29.7,Clear,0,0,0,0,0,,,
09/25/2023,9:00 AM,82,84,2,29.73,Clear,0,0,0,0,0,,,
09/25/2023,9:30 AM,84,79,2,29.73,Clear,0,0,0,0,0,,,
09/25/2023,10:00 AM,86,74,5,29.73,Rain,0,0,0,0,0,,,
09/25/2023,10:30 AM,88,66,9,29.7,Clear,0,0,0,0,0,,,
09/25/2023,11:00 AM,81,84,14,29.73,Rain,0,0,0,0,0,,,
09/25/2023,11:30 AM,79,94,7,29.7,Rain,0,0,0,0,0,,,
09/25/2023,12:00 PM,81,89,2,29.67,Rain,0,0,0,0,0,,,
09/25/2023,12:30 PM,81,89,3,29.67,Rain,0,0,0,0,0,,,
09/25/2023,1:00 PM,79,89,14,29.67,Rain,0,0,0,0,0,,,
09/25/2023,1:30 PM,79,94,5,29.64,Rain,0,0,0,0,0,,,
09/25/2023,2:00 PM,81,89,3,29.64,Rain,0,0,0,0,0,,,
09/25/2023,2:30 PM,81,89,9,29.61,Rain,0,0,0,0,0,,,
09/25/2023,3:00 PM,81,84,2,29.61,Rain,0,0,0,0,0,,,
09/25/2023,3:30 PM,81,84,8,29.64,Rain,0,0,0,0,0,,,
09/25/2023,4:00 PM,79,83,7,29.61,Rain,0,0,0,0,0,,,
09/25/2023,4:30 PM,77,94,5,29.61,Rain,0,0,0,0,0,,,
09/25/2023,5:00 PM,77,94,5,29.64,Rain,0,0,0,0,0,,,
09/25/2023,5:30 PM,77,94,5,29.64,Rain,0,0,0,0,0,,,
09/25/2023,6:00 PM,77,94,5,29.64,Rain,0,0,0,0,0,,,
09/25/2023,6:30 PM,77,94,5,29.67,Rain,0,0,0,0,0,,,
09/25/2023,7:00 PM,77,94,3,29.67,Rain,0,0,0,0,0,,,
09/25/2023,7:30 PM,77,94,3,29.7,Rain,0,0,0,0,0,,,
09/25/2023,8:00 PM,77,94,2,29.7,Rain,0,0,0,0,0,,,
09/25/2023,8:30 PM,75,100,5,29.7,Rain,0,0,0,0,0,,,
09/25/2023,9:00 PM,75,100,2,29.7,Rain,0,0,0,0,0,,,
09/25/2023,9:30 PM,75,100,2,29.7,Clear,0,0,0,0,0,,,
09/25/2023,10:00 PM,75,100,0,29.7,Clear,0,0,0,0,0,,,
09/25/2023,10:30 PM,75,100,0,29.73,Clear,0,0,0,0,0,,,
09/25/2023,11:00 PM,75,100,0,29.7,Clear,0,0,0,0,0,,,
09/25/2023,11:30 PM,77,94,2,29.7,Clear,0,0,0,0,0,,,
09/26/2023,12:00 AM,75,100,2,29.7,Clear,0,0,0,0,0,,,
09/26/2023,12:30 AM,77,94,0,29.7,Clear,0,0,0,0,0,,,
09/26/2023,1:00 AM,77,94,2,29.67,Rain,0,0,0,0,0,,,
09/26/2023,1:30 AM,77,94,2,29.67,Clear,0,0,0,0,0,,,
09/26/2023,2:00 AM,77,94,5,29.67,Clear,0,0,0,0,0,,,
09/26/2023,2:30 AM,77,94,6,29.64,Clear,0,0,0,0,0,,,
09/26/2023,3:00 AM,77,94,6,29.64,Clear,0,0,0,0,0,,,
09/26/2023,3:30 AM,77,94,7,29.64,Clear,0,0,0,0,0,,,
09/26/2023,4:00 AM,77,94,3,29.64,Clear,0,0,0,0,0,,,
09/26/2023,4:30 AM,77,94,3,29.64,Clear,0,0,0,0,0,,,
09/26/2023,5:00 AM,77,94,5,29.64,Clear,0,0,0,0,0,,,
09/26/2023,5:30 AM,75,100,5,29.64,Rain,0,0,0,0,0,,,
09/26/2023,6:00 AM,77,94,5,29.67,Rain,0,0,0,0,0,,,
09/26/2023,6:30 AM,77,94,6,29.67,Rain,0,0,0,0,0,,,
09/26/2023,7:00 AM,77,94,6,29.67,Clear,0,0,0,0,0,,,
09/26/2023,7:30 AM,77,94,6,29.7,Clear,0,0,0,0,0,,,
09/26/2023,8:00 AM,79,89,3,29.7,Clear,0,0,0,0,0,,,
09/26/2023,8:30 AM,82,84,5,29.73,Clear,0,0,0,0,0,,,
09/26/2023,9:00 AM,79,94,9,29.73,Rain,0,0,0,0,0,,,
09/26/2023,9:30 AM,79,94,6,29.76,Rain,0,0,0,0,0,,,
09/26/2023,10:00 AM,77,100,3,29.76,Rain,0,0,0,0,0,,,
09/26/2023,10:30 AM,79,94,5,29.73,Rain,0,0,0,0,0,,,
09/26/2023,11:00 AM,77,94,7,29.76,Rain,0,0,0,0,0,,,
09/26/2023,11:30 AM,77,94,3,29.73,Clear,0,0,0,0,0,,,
09/26/2023,12:00 PM,77,100,3,29.73,Rain,0,0,0,0,0,,,
09/26/2023,12:30 PM,77,100,2,29.73,Rain,0,0,0,0,0,,,
09/26/2023,1:00 PM,79,89,5,29.7,Rain,0,0,0,0,0,,,
09/26/2023,1:30 PM,81,89,7,29.7,Rain,0,0,0,0,0,,,
09/26/2023,2:00 PM,81,84,8,29.67,Clear,0,0,0,0,0,,,
09/26/2023,2:30 PM,81,84,9,29.64,Rain,0,0,0,0,0,,,
09/26/2023,3:00 PM,79,89,9,29.64,Rain,0,0,0,0,0,,,
09/26/2023,3:30 PM,79,94,6,29.64,Rain,0,0,0,0,0,,,
09/26/2023,4:00 PM,79,89,3,29.64,Rain,0,0,0,0,0,,,
09/26/2023,4:30 PM,79,83,3,29.64,Rain,0,0,0,0,0,,,
09/26/2023,5:00 PM,81,79,1,29.64,Clear,0,0,0,0,0,,,
09/26/2023,5:30 PM,79,83,2,29.67,Clear,0,0,0,0,0,,,
09/26/2023,6:00 PM,79,83,3,29.67,Clear,0,0,0,0,0,,,
09/26/2023,6:30 PM,79,89,2,29.67,Rain,0,0,0,0,0,,,
09/26/2023,7:00 PM,79,89,5,29.67,Rain,0,0,0,0,0,,,
09/26/2023,7:30 PM,77,94,5,29.67,Rain,0,0,0,0,0,,,
09/26/2023,8:00 PM,77,94,1,29.67,Rain,0,0,0,0,0,,,
09/26/2023,8:30 PM,77,94,0,29.7,Rain,0,0,0,0,0,,,
09/26/2023,9:00 PM,77,94,3,29.7,Clear,0,0,0,0,0,,,
09/26/2023,9:30 PM,77,94,5,29.7,Clear,0,0,0,0,0,,,
09/26/2023,10:00 PM,77,94,2,29.73,Clear,0,0,0,0,0,,,
09/26/2023,10:30 PM,77,94,0,29.73,Clear,0,0,0,0,0,,,
09/26/2023,11:00 PM,77,94,0,29.7,Clear,0,0,0,0,0,,,
09/26/2023,11:30 PM,77,94,0,29.7,Clear,0,0,0,0,0,,,
09/27/2023,12:00 AM,77,94,0,29.7,Clear,0,0,0,0,0,,,
09/27/2023,12:30 AM,77,94,0,29.67,Clear,0,0,0,0,0,,,
09/27/2023,1:00 AM,77,94,0,29.67,Clear,0,0,0,0,0,,,
09/27/2023,1:30 AM,77,94,0,29.67,Clear,0,0,0,0,0,,,
09/27/2023,2:00 AM,77,94,0,29.67,Clear,0,0,0,0,0,,,
09/27/2023,2:30 AM,75,100,0,29.67,Clear,0,0,0,0,0,,,
09/27/2023,3:00 AM,77,94,0,29.64,Clear,0,0,0,0,0,,,
09/27/2023,3:30 AM,75,100,0,29.64,Clear,0,0,0,0,0,,,
09/27/2023,4:00 AM,77,94,0,29.64,Clear,0,0,0,0,0,,,
09/27/2023,4:30 AM,75,100,0,29.64,Clear,0,0,0,0,0,,,
09/27/2023,5:00 AM,75,100,0,29.64,Clear,0,0,0,0,0,,,
09/27/2023,5:30 AM,75,100,0,29.67,Clear,0,0,0,0,0,,,
09/27/2023,6:00 AM,75,100,0,29.67,Clear,0,0,0,0,0,,,
09/27/2023,6:30 AM,75,100,0,29.67,Clear,0,0,0,0,0,,,
09/27/2023,7:00 AM,75,100,0,29.67,Clear,0,0,0,0,0,,,
09/27/2023,7:30 AM,77,94,2,29.67,Clear,0,0,0,0,0,,,
09/27/2023,8:00 AM,81,84,5,29.7,Clear,0,0,0,0,0,,,
09/27/2023,8:30 AM,82,79,3,29.7,Clear,0,0,0,0,0,,,
09/27/2023,9:00 AM,84,74,3,29.73,Clear,0,0,0,0,0,,,
09/27/2023,9:30 AM,84,74,5,29.73,Clear,0,0,0,0,0,,,
09/27/2023,10:00 AM,86,70,7,29.73,Clear,0,0,0,0,0,,,
09/27/2023,10:30 AM,86,74,5,29.73,Clear,0,0,0,0,0,,,
09/27/2023,11:00 AM,88,70,7,29.7,Clear,0,0,0,0,0,,,
09/27/2023,11:30 AM,88,66,10,29.7,Clear,0,0,0,0,0,,,
09/27/2023,12:00 PM,90,62,10,29.67,Clear,0,0,0,0,0,,,
09/27/2023,12:30 PM,88,66,8,29.67,Clear,0,0,0,0,0,,,
09/27/2023,1:00 PM,90,59,9,29.64,Clear,0,0,0,0,0,,,
09/27/2023,1:30 PM,90,59,10,29.64,Clear,0,0,0,0,0,,,
09/27/2023,2:00 PM,90,52,9,29.64,Clear,0,0,0,0,0,,,
09/27/2023,2:30 PM,88,62,13,29.67,Rain,0,0,0,0,0,,,
09/27/2023,3:00 PM,79,83,17,29.67,Rain,0,0,0,0,0,,,
09/27/2023,3:30 PM,75,94,8,29.67,Rain,0,0,0,0,0,,,
09/27/2023,4:00 PM,75,94,7,29.67,Rain,0,0,0,0,0,,,
09/27/2023,4:30 PM,75,94,9,29.7,Rain,0,0,0,0,0,,,
09/27/2023,5:00 PM,75,94,7,29.7,Rain,0,0,0,0,0,,,
09/27/2023,5:30 PM,75,94,0,29.67,Rain,0,0,0,0,0,,,
09/27/2023,6:00 PM,75,94,2,29.67,Clear,0,0,0,0,0,,,
09/27/2023,6:30 PM,75,94,5,29.67,Clear,0,0,0,0,0,,,
09/27/2023,7:00 PM,75,94,5,29.67,Clear,0,0,0,0,0,,,
09/27/2023,7:30 PM,75,94,3,29.7,Clear,0,0,0,0,0,,,
09/27/2023,8:00 PM,75,94,3,29.7,Clear,0,0,0,0,0,,,
09/27/2023,8:30 PM,75,94,0,29.7,Clear,0,0,0,0,0,,,
09/27/2023,9:00 PM,75,94,1,29.7,Clear,0,0,0,0,0,,,
09/27/2023,9:30 PM,75,94,0,29.73,Clear,0,0,0,0,0,,,
09/27/2023,10:00 PM,75,94,5,29.73,Clear,0,0,0,0,0,,,
09/27/2023,10:30 PM,75,94,5,29.73,Clear,0,0,0,0,0,,,
09/27/2023,11:00 PM,75,94,3,29.73,Clear,0,0,0,0,0,,,
09/27/2023,11:30 PM,75,94,6,29.73,Clear,0,0,0,0,0,,,
09/28/2023,12:00 AM,75,94,1,29.73,Clear,0,0,0,0,0,,,
09/28/2023,12:30 AM,75,94,3,29.73,Clear,0,0,0,0,0,,,
09/28/2023,1:00 AM,75,94,3,29.73,Clear,0,0,0,0,0,,,
09/28/2023,1:30 AM,75,94,2,29.7,Clear,0,0,0,0,0,,,
09/28/2023,2:00 AM,75,94,3,29.7,Clear,0,0,0,0,0,,,
09/28/2023,2:30 AM,75,94,3,29.7,Clear,0,0,0,0,0,,,
09/28/2023,3:00 AM,75,94,2,29.7,Clear,0,0,0,0,0,,,
09/28/2023,3:30 AM,75,94,2,29.67,Clear,0,0,0,0,0,,,
09/28/2023,4:00 AM,75,94,2,29.67,Clear,0,0,0,0,0,,,
09/28/2023,4:30 AM,75,94,2,29.67,Clear,0,0,0,0,0,,,
09/28/2023,5:00 AM,75,94,2,29.67,Clear,0,0,0,0,0,,,
09/28/2023,5:30 AM,75,94,3,29.67,Clear,0,0,0,0,0,,,
09/28/2023,6:00 AM,75,94,3,29.7,Clear,0,0,0,0,0,,,
09/28/2023,6:30 AM,75,94,0,29.7,Clear,0,0,0,0,0,,,
09/28/2023,7:00 AM,75,100,1,29.73,Clear,0,0,0,0,0,,,
09/28/2023,7:30 AM,77,94,3,29.73,Clear,0,0,0,0,0,,,
09/28/2023,8:00 AM,79,89,2,29.76,Clear,0,0,0,0,0,,,
09/28/2023,8:30 AM,81,84,0,29.76,Clear,0,0,0,0,0,,,
09/28/2023,9:00 AM,82,79,3,29.76,Clear,0,0,0,0,0,,,
09/28/2023,9:30 AM,84,74,3,29.76,Clear,0,0,0,0,0,,,
09/28/2023,10:00 AM,86,70,3,29.76,Clear,0,0,0,0,0,,,
09/28/2023,10:30 AM,88,70,6,29.76,Clear,0,0,0,0,0,,,
09/28/2023,11:00 AM,90,66,3,29.73,Clear,0,0,0,0,0,,,
09/28/2023,11:30 AM,90,62,8,29.7,Clear,0,0,0,0,0,,,
09/28/2023,12:00 PM,90,62,9,29.7,Clear,0,0,0,0,0,,,
09/28/2023,12:30 PM,90,62,8,29.7,Clear,0,0,0,0,0,,,
09/28/2023,1:00 PM,90,62,5,29.67,Clear,0,0,0,0,0,,,
09/28/2023,1:30 PM,91,59,10,29.64,Clear,0,0,0,0,0,,,
09/28/2023,2:00 PM,91,59,9,29.64,Clear,0,0,0,0,0,,,
09/28/2023,2:30 PM,91,55,9,29.64,Clear,0,0,0,0,0,,,
09/28/2023,3:00 PM,91,55,8,29.61,Clear,0,0,0,0,0,,,
09/28/2023,3:30 PM,91,59,8,29.61,Clear,0,0,0,0,0,,,
09/28/2023,4:00 PM,91,52,8,29.61,Clear,0,0,0,0,0,,,
09/28/2023,4:30 PM,91,55,8,29.61,Clear,0,0,0,0,0,,,
09/28/2023,5:00 PM,91,55,6,29.61,Clear,0,0,0,0,0,,,
09/28/2023,5:30 PM,90,62,5,29.64,Clear,0,0,0,0,0,,,
09/28/2023,6:00 PM,88,66,5,29.64,Clear,0,0,0,0,0,,,
09/28/2023,6:30 PM,86,70,2,29.64,Clear,0,0,0,0,0,,,
09/28/2023,7:00 PM,86,70,3,29.67,Clear,0,0,0,0,0,,,
09/28/2023,7:30 PM,84,79,0,29.7,Clear,0,0,0,0,0,,,
09/28/2023,8:00 PM,82,84,0,29.7,Clear,0,0,0,0,0,,,
09/28/2023,8:30 PM,82,84,0,29.7,Clear,0,0,0,0,0,,,
09/28/2023,9:00 PM,82,84,0,29.73,Clear,0,0,0,0,0,,,
09/28/2023,9:30 PM,81,89,0,29.73,Clear,0,0,0,0,0,,,
09/28/2023,10:00 PM,81,89,0,29.76,Clear,0,0,0,0,0,,,
09/28/2023,10:30 PM,81,89,0,29.76,Clear,0,0,0,0,0,,,
09/28/2023,11:00 PM,81,89,0,29.76,Clear,0,0,0,0,0,,,
09/28/2023,11:30 PM,79,94,0,29.76,Clear,0,0,0,0,0,,,
09/29/2023,12:00 AM,79,94,5,29.76,Clear,0,0,0,0,0,,,
09/29/2023,12:30 AM,79,94,6,29.76,Clear,0,0,0,0,0,,,
09/29/2023,1:00 AM,79,94,2,29.73,Clear,0,0,0,0,0,,,
09/29/2023,1:30 AM,79,89,3,29.73,Clear,0,0,0,0,0,,,
09/29/2023,2:00 AM,79,94,0,29.73,Clear,0,0,0,0,0,,,
09/29/2023,2:30 AM,79,94,0,29.73,Clear,0,0,0,0,0,,,
09/29/2023,3:00 AM,79,94,0,29.73,Clear,0,0,0,0,0,,,
09/29/2023,3:30 AM,79,94,0,29.73,Clear,0,0,0,0,0,,,
09/29/2023,4:00 AM,79,94,0,29.73,Clear,0,0,0,0,0,,,
09/29/2023,4:30 AM,77,100,0,29.73,Clear,0,0,0,0,0,,,
09/29/2023,5:00 AM,77,94,0,29.73,Clear,0,0,0,0,0,,,
09/29/2023,5:30 AM,77,94,0,29.73,Clear,0,0,0,0,0,,,
09/29/2023,6:00 AM,77,94,0,29.73,Clear,0,0,0,0,0,,,
09/29/2023,6:30 AM,77,100,0,29.76,Clear,0,0,0,0,0,,,
09/29/2023,7:00 AM,79,94,0,29.76,Clear,0,0,0,0,0,,,
09/29/2023,7:30 AM,81,89,0,29.79,Clear,0,0,0,0,0,,,
09/29/2023,8:00 AM,82,84,0,29.79,Clear,0,0,0,0,0,,,
09/29/2023,8:30 AM,84,84,0,29.79,Clear,0,0,0,0,0,,,
09/29/2023,9:00 AM,86,74,0,29.79,Clear,0,0,0,0,0,,,
09/29/2023,9:30 AM,86,79,0,29.79,Clear,0,0,0,0,0,,,
09/29/2023,10:00 AM,88,70,0,29.79,Clear,0,0,0,0,0,,,
09/29/2023,10:30 AM,90,66,3,29.79,Clear,0,0,0,0,0,,,
09/29/2023,11:00 AM,90,62,6,29.79,Clear,0,0,0,0,0,,,
09/29/2023,11:30 AM,91,59,6,29.79,Clear,0,0,0,0,0,,,
09/29/2023,12:00 PM,91,59,15,29.79,Rain,0,0,0,0,0,,,
09/29/2023,12:30 PM,81,84,12,29.76,Rain,0,0,0,0,0,,,
09/29/2023,1:00 PM,84,79,9,29.76,Clear,0,0,0,0,0,,,
09/29/2023,1:30 PM,86,74,9,29.73,Clear,0,0,0,0,0,,,
09/29/2023,2:00 PM,90,70,7,29.73,Clear,0,0,0,0,0,,,
09/29/2023,2:30 PM,90,70,7,29.7,Clear,0,0,0,0,0,,,
09/29/2023,3:00 PM,90,66,7,29.7,Clear,0,0,0,0,0,,,
09/29/2023,3:30 PM,82,79,9,29.7,Clear,0,0,0,0,0,,,
09/29/2023,4:00 PM,82,79,6,29.7,Clear,0,0,0,0,0,,,
09/29/2023,4:30 PM,84,79,6,29.7,Clear,0,0,0,0,0,,,
09/29/2023,5:00 PM,84,79,5,29.7,Clear,0,0,0,0,0,,,
09/29/2023,5:30 PM,84,79,0,29.73,Clear,0,0,0,0,0,,,
09/29/2023,6:00 PM,82,84,5,29.73,Clear,0,0,0,0,0,,,
09/29/2023,6:30 PM,82,84,0,29.73,Clear,0,0,0,0,0,,,
09/29/2023,7:00 PM,82,79,0,29.76,Clear,0,0,0,0,0,,,
09/29/2023,7:30 PM,82,79,3,29.76,Clear,0,0,0,0,0,,,
09/29/2023,8:00 PM,81,84,1,29.79,Clear,0,0,0,0,0,,,
09/29/2023,8:30 PM,81,89,0,29.79,Clear,0,0,0,0,0,,,
09/29/2023,9:00 PM,81,89,0,29.81,Clear,0,0,0,0,0,,,
09/29/2023,9:30 PM,81,89,0,29.81,Clear,0,0,0,0,0,,,
09/29/2023,10:00 PM,81,89,0,29.81,Clear,0,0,0,0,0,,,
09/29/2023,10:30 PM,79,94,5,29.84,Clear,0,0,0,0,0,,,
09/29/2023,11:00 PM,79,94,0,29.84,Clear,0,0,0,0,0,,,
09/29/2023,11:30 PM,79,94,0,29.84,Clear,0,0,0,0,0,,,
09/30/2023,12:00 AM,79,94,0,29.81,Clear,0,0,0,0,0,,,
09/30/2023,12:30 AM,79,94,0,29.81,Clear,0,0,0,0,0,,,
09/30/2023,1:00 AM,79,94,0,29.79,Clear,0,0,0,0,0,,,
09/30/2023,1:30 AM,79,94,0,29.79,Clear,0,0,0,0,0,,,
09/30/2023,2:00 AM,79,94,0,29.76,Clear,0,0,0,0,0,,,
09/30/2023,2:30 AM,77,94,0,29.76,Clear,0,0,0,0,0,,,
09/30/2023,3:00 AM,77,100,0,29.76,Clear,0,0,0,0,0,,,
09/30/2023,3:30 AM,77,100,0,29.76,Clear,0,0,0,0,0,,,
09/30/2023,4:00 AM,77,100,0,29.76,Clear,0,0,0,0,0,,,
09/30/2023,4:30 AM,77,100,2,29.76,Clear,0,0,0,0,0,,,
09/30/2023,5:00 AM,77,94,0,29.76,Clear,0,0,0,0,0,,,
09/30/2023,5:30 AM,77,94,0,29.76,Clear,0,0,0,0,0,,,
09/30/2023,6:00 AM,77,94,0,29.76,Mist,0,0,0,0,0,,,
09/30/2023,6:30 AM,77,94,0,29.76,Mist,0,0,0,0,0,,,
09/30/2023,7:00 AM,77,100,0,29.79,Mist,0,0,0,0,0,,,
09/30/2023,7:30 AM,79,94,0,29.79,Mist,0,0,0,0,0,,,
09/30/2023,8:00 AM,81,89,0,29.79,Mist,0,0,0,0,0,,,
09/30/2023,8:30 AM,82,84,0,29.81,Clear,0,0,0,0,0,,,
09/30/2023,9:00 AM,84,79,5,29.81,Clear,0,0,0,0,0,,,
09/30/2023,9:30 AM,88,62,6,29.81,Clear,0,0,0,0,0,,,
09/30/2023,10:00 AM,90,62,5,29.81,Clear,0,0,0,0,0,,,
09/30/2023,10:30 AM,90,55,5,29.81,Clear,0,0,0,0,0,,,
09/30/2023,11:00 AM,90,55,2,29.81,Clear,1,1,0,0,1,,,
09/30/2023,11:30 AM,91,52,2,29.79,Clear,0,0,0,0,0,,,
09/30/2023,12:00 PM,93,52,3,29.79,Clear,0,0,0,0,0,,,
09/30/2023,12:30 PM,91,52,2,29.76,Clear,0,0,0,0,0,,,
09/30/2023,1:00 PM,91,52,3,29.76,Clear,0,0,0,0,0,,,
09/30/2023,1:30 PM,91,55,7,29.73,Clear,0,0,0,0,0,,,
09/30/2023,2:00 PM,93,52,5,29.73,Clear,0,0,0,0,0,,,
09/30/2023,2:30 PM,93,49,3,29.7,Clear,0,0,0,0,0,,,
09/30/2023,3:00 PM,93,49,2,29.7,Clear,0,0,0,0,0,,,
09/30/2023,3:30 PM,93,49,0,29.7,Clear,0,0,0,0,0,,,
09/30/2023,4:00 PM,93,49,5,29.67,Clear,0,0,0,0,0,,,
09/30/2023,4:30 PM,90,62,8,29.67,Clear,0,0,0,0,0,,,
09/30/2023,5:00 PM,90,62,5,29.67,Clear,0,0,0,0,0,,,
09/30/2023,5:30 PM,90,62,5,29.67,Clear,0,0,0,0,0,,,
09/30/2023,6:00 PM,90,62,2,29.67,Clear,0,0,0,0,0,,,
09/30/2023,6:30 PM,88,66,0,29.7,Clear,0,0,0,0,0,,,
09/30/2023,7:00 PM,86,70,3,29.7,Clear,0,0,0,0,0,,,
09/30/2023,7:30 PM,86,70,0,29.7,Clear,0,0,0,0,0,,,
09/30/2023,8:00 PM,84,79,2,29.73,Clear,0,0,0,0,0,,,
09/30/2023,8:30 PM,82,84,0,29.73,Clear,0,0,0,0,0,,,
09/30/2023,9:00 PM,82,84,0,29.76,Clear,0,0,0,0,0,,,
09/30/2023,9:30 PM,82,84,0,29.76,Clear,0,0,0,0,0,,,
09/30/2023,10:00 PM,82,84,0,29.79,Clear,0,0,0,0,0,,,
09/30/2023,10:30 PM,81,89,0,29.79,Clear,0,0,0,0,0,,,
09/30/2023,11:00 PM,81,89,0,29.79,Clear,0,0,0,0,0,,,
09/30/2023,11:30 PM,81,89,0,29.79,Clear,0,0,0,0,0,,,
10/1/2023,12:00 AM,79,89,2,29.79,Clear,0,0,0,0,0,,,
10/1/2023,12:30 AM,79,89,3,29.79,Clear,0,0,0,0,0,,,
10/1/2023,1:00 AM,81,84,0,29.76,Clear,0,0,0,0,0,,,
10/1/2023,1:30 AM,81,84,0,29.76,Clear,0,0,0,0,0,,,
10/1/2023,2:00 AM,79,89,0,29.76,Clear,0,0,0,0,0,,,
10/1/2023,2:30 AM,79,89,0,29.76,Clear,0,0,0,0,0,,,
10/1/2023,3:00 AM,79,89,0,29.73,Clear,0,0,0,0,0,,,
10/1/2023,3:30 AM,79,89,0,29.73,Clear,0,0,0,0,0,,,
10/1/2023,4:00 AM,79,89,0,29.73,Clear,0,0,0,0,0,,,
10/1/2023,4:30 AM,77,94,0,29.73,Clear,0,0,0,0,0,,,
10/1/2023,5:00 AM,77,94,0,29.73,Clear,0,0,0,0,0,,,
10/1/2023,5:30 AM,79,89,0,29.73,Clear,0,0,0,0,0,,,
10/1/2023,6:00 AM,77,94,0,29.73,Clear,0,0,0,0,0,,,
10/1/2023,6:30 AM,77,89,0,29.76,Clear,0,0,0,0,0,,,
10/1/2023,7:00 AM,79,89,0,29.76,Clear,0,0,0,0,0,,,
10/1/2023,7:30 AM,81,84,0,29.76,Clear,0,0,0,0,0,,,
10/1/2023,8:00 AM,84,79,0,29.76,Clear,0,0,0,0,0,,,
10/1/2023,8:30 AM,86,70,0,29.79,Clear,0,0,0,0,0,,,
10/1/2023,9:00 AM,88,66,0,29.79,Clear,0,0,0,0,0,,,
10/1/2023,9:30 AM,88,62,1,29.79,Clear,0,0,0,0,0,,,
10/1/2023,10:00 AM,90,59,3,29.79,Clear,0,0,0,0,0,,,
10/1/2023,10:30 AM,90,55,5,29.79,Clear,0,0,0,0,0,,,
10/1/2023,11:00 AM,91,52,1,29.76,Clear,0,0,0,0,0,,,
10/1/2023,11:30 AM,91,52,2,29.76,Clear,0,0,0,0,0,,,
10/1/2023,12:00 PM,91,52,6,29.73,Clear,0,0,0,0,0,,,
10/1/2023,12:30 PM,93,56,3,29.73,Clear,0,0,0,0,0,,,
10/1/2023,1:00 PM,93,52,5,29.7,Clear,0,0,0,0,0,,,
10/1/2023,1:30 PM,91,52,9,29.7,Clear,0,0,0,0,0,,,
10/1/2023,2:00 PM,93,52,8,29.67,Clear,0,0,0,0,0,,,
10/1/2023,2:30 PM,91,59,6,29.67,Clear,0,0,0,0,0,,,
10/1/2023,3:00 PM,93,52,9,29.67,Clear,0,0,0,0,0,,,
10/1/2023,3:30 PM,93,52,9,29.64,Clear,0,0,0,0,0,,,
10/1/2023,4:00 PM,93,52,9,29.64,Clear,0,0,0,0,0,,,
10/1/2023,4:30 PM,91,55,10,29.61,Clear,0,0,0,0,0,,,
10/1/2023,5:00 PM,91,52,9,29.64,Clear,0,0,0,0,0,,,
10/1/2023,5:30 PM,90,55,9,29.64,Clear,0,0,0,0,0,,,
10/1/2023,6:00 PM,88,62,8,29.64,Clear,0,0,0,0,0,,,
10/1/2023,6:30 PM,88,62,6,29.67,Clear,0,0,0,0,0,,,
10/1/2023,7:00 PM,86,66,7,29.7,Clear,0,0,0,0,0,,,
10/1/2023,7:30 PM,86,66,7,29.7,Clear,0,0,0,0,0,,,
10/1/2023,8:00 PM,84,70,5,29.73,Clear,0,0,0,0,0,,,
10/1/2023,8:30 PM,84,70,6,29.76,Clear,0,0,0,0,0,,,
10/1/2023,9:00 PM,82,74,3,29.76,Clear,0,0,0,0,0,,,
10/1/2023,9:30 PM,82,74,0,29.79,Clear,0,0,0,0,0,,,
10/1/2023,10:00 PM,82,74,0,29.79,Clear,0,0,0,0,0,,,
10/1/2023,10:30 PM,81,84,0,29.79,Clear,0,0,0,0,0,,,
10/1/2023,11:00 PM,81,84,0,29.79,Clear,0,0,0,0,0,,,
10/1/2023,11:30 PM,81,89,0,29.79,Clear,0,0,0,0,0,,,
10/2/2023,12:00 AM,79,94,0,29.79,Clear,0,0,0,0,0,,,
10/2/2023,12:30 AM,81,89,0,29.76,Clear,0,0,0,0,0,,,
10/2/2023,1:00 AM,79,94,0,29.76,Clear,0,0,0,0,0,,,
10/2/2023,1:30 AM,79,94,0,29.76,Clear,0,0,0,0,0,,,
10/2/2023,2:00 AM,79,94,0,29.73,Clear,0,0,0,0,0,,,
10/2/2023,2:30 AM,79,94,0,29.73,Clear,0,0,0,0,0,,,
10/2/2023,3:00 AM,79,94,0,29.73,Clear,0,0,0,0,0,,,
10/2/2023,3:30 AM,79,94,0,29.7,Clear,0,0,0,0,0,,,
10/2/2023,4:00 AM,79,94,0,29.7,Clear,0,0,0,0,0,,,
10/2/2023,4:30 AM,79,94,0,29.73,Clear,0,0,0,0,0,,,
10/2/2023,5:00 AM,79,94,0,29.73,Clear,0,0,0,0,0,,,
10/2/2023,5:30 AM,79,94,0,29.73,Clear,0,0,0,0,0,,,
10/2/2023,6:00 AM,77,100,0,29.76,Mist,0,0,0,0,0,,,
10/2/2023,6:30 AM,79,94,0,29.76,Clear,0,0,0,0,0,,,
10/2/2023,7:00 AM,79,94,0,29.76,Clear,0,0,0,0,0,,,
10/2/2023,7:30 AM,79,94,0,29.79,Clear,0,0,0,0,0,,,
10/2/2023,8:00 AM,81,89,0,29.79,Clear,0,0,0,0,0,,,
10/2/2023,8:30 AM,81,89,0,29.79,Clear,0,0,0,0,0,,,
10/2/2023,9:00 AM,84,74,0,29.81,Clear,0,0,0,0,0,,,
10/2/2023,9:30 AM,86,70,0,29.81,Clear,0,0,0,0,0,,,
10/2/2023,10:00 AM,86,70,2,29.81,Clear,0,0,0,0,0,,,
10/2/2023,10:30 AM,86,74,2,29.79,Clear,0,0,0,0,0,,,
10/2/2023,11:00 AM,86,74,3,29.79,Clear,0,0,0,0,0,,,
10/2/2023,11:30 AM,86,74,3,29.79,Clear,0,0,0,0,0,,,
10/2/2023,12:00 PM,88,75,2,29.76,Clear,0,0,0,0,0,,,
10/2/2023,12:30 PM,88,66,6,29.76,Clear,0,0,0,0,0,,,
10/2/2023,1:00 PM,88,66,9,29.73,Rain,0,0,0,0,0,,,
10/2/2023,1:30 PM,88,66,9,29.73,Clear,0,0,0,0,0,,,
10/2/2023,2:00 PM,88,66,7,29.73,Clear,0,0,0,0,0,,,
10/2/2023,2:30 PM,88,66,8,29.7,Clear,0,0,0,0,0,,,
10/2/2023,3:00 PM,88,66,10,29.7,Clear,0,0,0,0,0,,,
10/2/2023,3:30 PM,88,66,8,29.7,Clear,0,0,0,0,0,,,
10/2/2023,4:00 PM,88,66,7,29.7,Clear,0,0,0,0,0,,,
10/2/2023,4:30 PM,88,66,7,29.7,Clear,0,0,0,0,0,,,
10/2/2023,5:00 PM,88,66,6,29.7,Clear,0,0,0,0,0,,,
10/2/2023,5:30 PM,86,74,6,29.7,Clear,0,0,0,0,0,,,
10/2/2023,6:00 PM,86,74,3,29.7,Clear,0,0,0,0,0,,,
10/2/2023,6:30 PM,84,74,5,29.73,Clear,0,0,0,0,0,,,
10/2/2023,7:00 PM,84,74,5,29.73,Clear,0,0,0,0,0,,,
10/2/2023,7:30 PM,82,79,5,29.76,Clear,0,0,0,0,0,,,
10/2/2023,8:00 PM,82,79,3,29.76,Clear,0,0,0,0,0,,,
10/2/2023,8:30 PM,82,79,2,29.79,Clear,0,0,0,0,0,,,
10/2/2023,9:00 PM,82,79,2,29.79,Clear,0,0,0,0,0,,,
10/2/2023,9:30 PM,82,84,0,29.79,Clear,0,0,0,0,0,,,
10/2/2023,10:00 PM,81,89,0,29.79,Clear,0,0,0,0,0,,,
10/2/2023,10:30 PM,81,89,0,29.79,Clear,0,0,0,0,0,,,
10/2/2023,11:00 PM,81,89,6,29.79,Clear,0,0,0,0,0,,,
10/2/2023,11:30 PM,81,89,5,29.79,Clear,0,0,0,0,0,,,
10/3/2023,12:00 AM,81,89,0,29.79,Clear,0,0,0,0,0,,,
10/3/2023,12:30 AM,81,89,5,29.79,Clear,0,0,0,0,0,,,
10/3/2023,1:00 AM,81,89,6,29.76,Clear,0,0,0,0,0,,,
10/3/2023,1:30 AM,81,89,2,29.76,Clear,0,0,0,0,0,,,
10/3/2023,2:00 AM,79,94,0,29.76,Clear,0,0,0,0,0,,,
10/3/2023,2:30 AM,79,94,0,29.76,Clear,0,0,0,0,0,,,
10/3/2023,3:00 AM,79,94,0,29.76,Clear,0,0,0,0,0,,,
10/3/2023,3:30 AM,79,94,0,29.73,Clear,0,0,0,0,0,,,
10/3/2023,4:00 AM,79,94,0,29.73,Clear,0,0,0,0,0,,,
10/3/2023,4:30 AM,79,94,0,29.73,Clear,0,0,0,0,0,,,
10/3/2023,5:00 AM,79,94,0,29.73,Clear,0,0,0,0,0,,,
10/3/2023,5:30 AM,79,94,0,29.76,Clear,0,0,0,0,0,,,
10/3/2023,6:00 AM,79,94,0,29.76,Clear,0,0,0,0,0,,,
10/3/2023,6:30 AM,79,94,0,29.79,Clear,0,0,0,0,0,,,
10/3/2023,7:00 AM,79,94,0,29.79,Clear,0,0,0,0,0,,,
10/3/2023,7:30 AM,79,94,1,29.79,Clear,0,0,0,0,0,,,
10/3/2023,8:00 AM,81,89,5,29.81,Clear,0,0,0,0,0,,,
10/3/2023,8:30 AM,82,84,6,29.81,Clear,0,0,0,0,0,,,
10/3/2023,9:00 AM,86,70,8,29.81,Clear,0,0,0,0,0,,,
10/3/2023,9:30 AM,86,66,12,29.81,Clear,0,0,0,0,0,,,
10/3/2023,10:00 AM,86,66,10,29.81,Clear,0,0,0,0,0,,,
10/3/2023,10:30 AM,88,62,7,29.81,Clear,0,0,0,0,0,,,
10/3/2023,11:00 AM,90,59,8,29.79,Clear,0,0,0,0,0,,,
10/3/2023,11:30 AM,90,59,5,29.79,Clear,0,0,0,0,0,,,
10/3/2023,12:00 PM,91,55,2,29.76,Clear,0,0,0,0,0,,,
10/3/2023,12:30 PM,90,59,5,29.76,Clear,0,0,0,0,0,,,
10/3/2023,1:00 PM,91,59,7,29.73,Clear,0,0,0,0,0,,,
10/3/2023,1:30 PM,90,59,8,29.7,Clear,0,0,0,0,0,,,
10/3/2023,2:00 PM,91,59,6,29.7,Clear,0,0,0,0,0,,,
10/3/2023,2:30 PM,91,49,13,29.67,Clear,0,0,0,0,0,,,
10/3/2023,3:00 PM,91,52,10,29.67,Clear,0,0,0,0,0,,,
10/3/2023,3:30 PM,90,52,10,29.67,Clear,0,0,0,0,0,,,
10/3/2023,4:00 PM,90,55,13,29.67,Clear,0,0,0,0,0,,,
10/3/2023,4:30 PM,90,59,9,29.67,Clear,0,0,0,0,0,,,
10/3/2023,5:00 PM,88,62,8,29.7,Rain,0,0,0,0,0,,,
10/3/2023,5:30 PM,88,62,8,29.7,Clear,0,0,0,0,0,,,
10/3/2023,6:00 PM,84,70,10,29.7,Clear,0,0,0,0,0,,,
10/3/2023,6:30 PM,84,70,9,29.73,Clear,0,0,0,0,0,,,
10/3/2023,7:00 PM,82,74,5,29.73,Clear,0,0,0,0,0,,,
10/3/2023,7:30 PM,82,74,3,29.76,Clear,0,0,0,0,0,,,
10/3/2023,8:00 PM,82,74,0,29.76,Clear,0,0,0,0,0,,,
10/3/2023,8:30 PM,82,74,0,29.76,Clear,0,0,0,0,0,,,
10/3/2023,9:00 PM,82,74,0,29.79,Clear,0,0,0,0,0,,,
10/3/2023,9:30 PM,82,74,0,29.81,Clear,0,0,0,0,0,,,
10/3/2023,10:00 PM,82,79,0,29.81,Clear,0,0,0,0,0,,,
10/3/2023,10:30 PM,81,84,0,29.81,Clear,0,0,0,0,0,,,
10/3/2023,11:00 PM,81,84,0,29.81,Clear,0,0,0,0,0,,,
10/3/2023,11:30 PM,81,84,0,29.81,Clear,0,0,0,0,0,,,
10/4/2023,12:00 AM,81,89,0,29.79,Clear,0,0,0,0,0,,,
10/4/2023,12:30 AM,81,89,0,29.79,Clear,0,0,0,0,0,,,
10/4/2023,1:00 AM,81,89,0,29.79,Clear,0,0,0,0,0,,,
10/4/2023,1:30 AM,81,84,0,29.76,Clear,0,0,0,0,0,,,
10/4/2023,2:00 AM,81,89,0,29.76,Clear,0,0,0,0,0,,,
10/4/2023,2:30 AM,81,89,0,29.76,Clear,0,0,0,0,0,,,
10/4/2023,3:00 AM,79,94,0,29.73,Clear,0,0,0,0,0,,,
10/4/2023,3:30 AM,79,94,0,29.73,Clear,0,0,0,0,0,,,
10/4/2023,4:00 AM,79,94,0,29.73,Clear,0,0,0,0,0,,,
10/4/2023,4:30 AM,79,94,0,29.73,Clear,0,0,0,0,0,,,
10/4/2023,5:00 AM,79,94,0,29.73,Clear,0,0,0,0,0,,,
10/4/2023,5:30 AM,79,94,0,29.73,Clear,0,0,0,0,0,,,
10/4/2023,6:00 AM,79,94,0,29.73,Clear,0,0,0,0,0,,,
10/4/2023,6:30 AM,79,94,0,29.76,Clear,0,0,0,0,0,,,
10/4/2023,7:00 AM,79,94,0,29.76,Clear,0,0,0,0,0,,,
10/4/2023,7:30 AM,82,84,0,29.79,Clear,0,0,0,0,0,,,
10/4/2023,8:00 AM,84,79,2,29.79,Clear,0,0,0,0,0,,,
10/4/2023,8:30 AM,86,70,0,29.79,Clear,0,0,0,0,0,,,
10/4/2023,9:00 AM,86,70,5,29.79,Clear,0,0,0,0,0,,,
10/4/2023,9:30 AM,88,66,5,29.79,Clear,0,0,0,0,0,,,
10/4/2023,10:00 AM,88,66,5,29.79,Clear,0,0,0,0,0,,,
10/4/2023,10:30 AM,90,62,3,29.79,Clear,0,0,0,0,0,,,
10/4/2023,11:00 AM,88,62,6,29.76,Clear,0,0,0,0,0,,,
10/4/2023,11:30 AM,90,59,3,29.76,Clear,0,0,0,0,0,,,
10/4/2023,12:00 PM,90,59,0,29.73,Clear,0,0,0,0,0,,,
10/4/2023,12:30 PM,90,62,3,29.73,Clear,0,0,0,0,0,,,
10/4/2023,1:00 PM,90,59,2,29.7,Clear,0,0,0,0,0,,,
10/4/2023,1:30 PM,93,56,0,29.67,Clear,0,0,0,0,0,,,
10/4/2023,2:00 PM,95,49,2,29.67,Rain,0,0,0,0,0,,,
10/4/2023,2:30 PM,81,89,17,29.67,Rain,0,0,0,0,0,,,
10/4/2023,3:00 PM,77,94,7,29.67,Rain,0,0,0,0,0,,,
10/4/2023,3:30 PM,77,94,0,29.67,Rain,0,0,0,0,0,,,
10/4/2023,4:00 PM,79,94,3,29.67,Clear,0,0,0,0,0,,,
10/4/2023,4:30 PM,79,94,2,29.67,Clear,0,0,0,0,0,,,
10/4/2023,5:00 PM,79,94,0,29.67,Clear,0,0,0,0,0,,,
10/4/2023,5:30 PM,79,94,0,29.7,Clear,0,0,0,0,0,,,
10/4/2023,6:00 PM,79,94,3,29.7,Clear,0,0,0,0,0,,,
10/4/2023,6:30 PM,79,94,0,29.73,Clear,0,0,0,0,0,,,
10/4/2023,7:00 PM,79,94,0,29.73,Clear,0,0,0,0,0,,,
10/4/2023,7:30 PM,79,94,1,29.73,Clear,0,0,0,0,0,,,
10/4/2023,8:00 PM,79,94,0,29.76,Clear,0,0,0,0,0,,,
10/4/2023,8:30 PM,79,94,0,29.76,Clear,0,0,0,0,0,,,
10/4/2023,9:00 PM,79,94,0,29.76,Clear,0,0,0,0,0,,,
10/4/2023,9:30 PM,79,94,0,29.79,Clear,0,0,0,0,0,,,
10/4/2023,10:00 PM,79,94,0,29.79,Clear,0,0,0,0,0,,,
10/4/2023,10:30 PM,79,94,0,29.79,Clear,0,0,0,0,0,,,
10/4/2023,11:00 PM,79,94,0,29.76,Clear,0,0,0,0,0,,,
10/4/2023,11:30 PM,77,100,0,29.76,Clear,0,0,0,0,0,,,
10/5/2023,12:00 AM,77,100,0,29.76,Clear,0,0,0,0,0,,,
10/5/2023,12:30 AM,77,100,0,29.76,Clear,0,0,0,0,0,,,
10/5/2023,1:00 AM,77,100,0,29.73,Clear,0,0,0,0,0,,,
10/5/2023,1:30 AM,77,100,0,29.73,Clear,0,0,0,0,0,,,
10/5/2023,2:00 AM,77,100,0,29.73,Clear,0,0,0,0,0,,,
10/5/2023,2:30 AM,77,100,0,29.73,Clear,0,0,0,0,0,,,
10/5/2023,3:00 AM,77,94,0,29.7,Clear,0,0,0,0,0,,,
10/5/2023,3:30 AM,77,94,0,29.7,Clear,0,0,0,0,0,,,
10/5/2023,4:00 AM,77,94,0,29.7,Clear,0,0,0,0,0,,,
10/5/2023,4:30 AM,77,94,0,29.7,Clear,0,0,0,0,0,,,
10/5/2023,5:00 AM,77,94,0,29.7,Clear,0,0,0,0,0,,,
10/5/2023,5:30 AM,77,94,0,29.73,Clear,0,0,0,0,0,,,
10/5/2023,6:00 AM,77,94,0,29.73,Clear,0,0,0,0,0,,,
10/5/2023,6:30 AM,75,100,0,29.73,Clear,0,0,0,0,0,,,
10/5/2023,7:00 AM,77,94,0,29.73,Clear,0,0,0,0,0,,,
10/5/2023,7:30 AM,79,89,0,29.76,Clear,0,0,0,0,0,,,
10/5/2023,8:00 AM,81,89,0,29.76,Clear,0,0,0,0,0,,,
10/5/2023,8:30 AM,81,89,0,29.76,Clear,0,0,0,0,0,,,
10/5/2023,9:00 AM,84,79,0,29.76,Clear,0,0,0,0,0,,,
10/5/2023,9:30 AM,86,70,0,29.76,Clear,0,0,0,0,0,,,
10/5/2023,10:00 AM,88,66,3,29.76,Clear,0,0,0,0,0,,,
10/5/2023,10:30 AM,88,66,2,29.76,Clear,0,0,0,0,0,,,
10/5/2023,11:00 AM,90,62,0,29.76,Clear,0,0,0,0,0,,,
10/5/2023,11:30 AM,91,59,0,29.73,Clear,0,0,0,0,0,,,
10/5/2023,12:00 PM,91,59,2,29.73,Clear,0,0,0,0,0,,,
10/5/2023,12:30 PM,91,55,0,29.7,Clear,0,0,0,0,0,,,
10/5/2023,1:00 PM,93,56,0,29.67,Rain,0,0,0,0,0,,,
10/5/2023,1:30 PM,91,59,2,29.67,Rain,0,0,0,0,0,,,
10/5/2023,2:00 PM,90,66,13,29.64,Rain,0,0,0,0,0,,,
10/5/2023,2:30 PM,90,62,13,29.64,Rain,0,0,0,0,0,,,
10/5/2023,3:00 PM,90,62,10,29.64,Rain,0,0,0,0,0,,,
10/5/2023,3:30 PM,90,62,14,29.61,Clear,0,0,0,0,0,,,
10/5/2023,4:00 PM,88,62,13,29.64,Clear,0,0,0,0,0,,,
10/5/2023,4:30 PM,86,70,9,29.64,Clear,0,0,0,0,0,,,
10/5/2023,5:00 PM,86,70,8,29.64,Clear,0,0,0,0,0,,,
10/5/2023,5:30 PM,84,74,6,29.64,Clear,0,0,0,0,0,,,
10/5/2023,6:30 PM,82,79,0,29.67,Clear,0,0,0,0,0,,,
10/5/2023,7:00 PM,82,79,0,29.7,Clear,0,0,0,0,0,,,
10/5/2023,7:30 PM,82,79,0,29.7,Clear,0,0,0,0,0,,,
10/5/2023,8:00 PM,81,84,5,29.7,Clear,0,0,0,0,0,,,
10/5/2023,8:30 PM,82,74,8,29.73,Clear,0,0,0,0,0,,,
10/5/2023,9:00 PM,82,74,5,29.76,Clear,0,0,0,0,0,,,
10/5/2023,9:30 PM,82,74,3,29.76,Clear,0,0,0,0,0,,,
10/5/2023,10:00 PM,81,79,0,29.76,Clear,0,0,0,0,0,,,
10/5/2023,10:30 PM,81,84,0,29.76,Clear,0,0,0,0,0,,,
10/5/2023,11:00 PM,81,84,0,29.73,Clear,0,0,0,0,0,,,
10/5/2023,11:30 PM,79,89,0,29.73,Clear,0,0,0,0,0,,,
10/6/2023,12:00 AM,79,89,0,29.73,Clear,0,0,0,0,0,,,
10/6/2023,12:30 AM,79,89,0,29.73,Clear,0,0,0,0,0,,,
10/6/2023,1:00 AM,79,89,0,29.73,Clear,0,0,0,0,0,,,
10/6/2023,1:30 AM,79,89,0,29.73,Clear,0,0,0,0,0,,,
10/6/2023,2:00 AM,79,89,0,29.7,Clear,0,0,0,0,0,,,
10/6/2023,2:30 AM,79,89,0,29.7,Clear,0,0,0,0,0,,,
10/6/2023,3:00 AM,79,89,0,29.7,Clear,0,0,0,0,0,,,
10/6/2023,3:30 AM,79,89,0,29.7,Clear,0,0,0,0,0,,,
10/6/2023,4:00 AM,77,94,0,29.7,Clear,0,0,0,0,0,,,
10/6/2023,4:30 AM,77,94,0,29.7,Clear,0,0,0,0,0,,,
10/6/2023,5:00 AM,77,94,0,29.7,Clear,0,0,0,0,0,,,
10/6/2023,5:30 AM,77,94,0,29.7,Clear,0,0,0,0,0,,,
10/6/2023,6:00 AM,77,94,0,29.73,Clear,0,0,0,0,0,,,
10/6/2023,6:30 AM,77,94,0,29.73,Clear,0,0,0,0,0,,,
10/6/2023,7:00 AM,81,89,0,29.73,Clear,0,0,0,0,0,,,
10/6/2023,7:30 AM,81,84,0,29.76,Clear,0,0,0,0,0,,,
10/6/2023,8:00 AM,82,84,0,29.76,Clear,0,0,0,0,0,,,
10/6/2023,8:30 AM,82,79,2,29.76,Clear,0,0,0,0,0,,,
10/6/2023,9:00 AM,86,74,7,29.76,Clear,0,0,0,0,0,,,
10/6/2023,9:30 AM,86,74,3,29.76,Clear,0,0,0,0,0,,,
10/6/2023,10:00 AM,88,66,6,29.76,Clear,0,0,0,0,0,,,
10/6/2023,10:30 AM,88,66,9,29.76,Clear,0,0,0,0,0,,,
10/6/2023,11:00 AM,90,62,9,29.76,Clear,0,0,0,0,0,,,
10/6/2023,11:30 AM,90,59,8,29.73,Clear,0,0,0,0,0,,,
10/6/2023,12:00 PM,91,59,6,29.7,Clear,0,0,0,0,0,,,
10/6/2023,12:30 PM,90,62,3,29.7,Clear,0,0,0,0,0,,,
10/6/2023,1:00 PM,90,62,2,29.7,Rain,0,0,0,0,0,,,
10/6/2023,1:30 PM,90,62,5,29.7,Clear,0,0,0,0,0,,,
10/6/2023,2:00 PM,86,70,12,29.67,Rain,0,0,0,0,0,,,
10/6/2023,2:30 PM,86,74,8,29.64,Rain,0,0,0,0,0,,,
10/6/2023,3:00 PM,86,74,5,29.64,Rain,0,0,0,0,0,,,
10/6/2023,3:30 PM,90,66,2,29.64,Rain,0,0,0,0,0,,,
10/6/2023,4:00 PM,90,62,10,29.64,Rain,0,0,0,0,0,,,
10/6/2023,4:30 PM,90,62,9,29.64,Rain,0,0,0,0,0,,,
10/6/2023,5:00 PM,86,74,9,29.64,Rain,0,0,0,0,0,,,
10/6/2023,5:30 PM,82,79,9,29.67,Rain,0,0,0,0,0,,,
10/6/2023,6:00 PM,81,84,6,29.67,Clear,0,0,0,0,0,,,
10/6/2023,6:30 PM,81,84,3,29.67,Clear,0,0,0,0,0,,,
10/6/2023,7:00 PM,81,84,3,29.7,Clear,0,0,0,0,0,,,
10/6/2023,7:30 PM,81,89,5,29.7,Clear,0,0,0,0,0,,,
10/6/2023,8:00 PM,81,89,0,29.73,Clear,0,0,0,0,0,,,
10/6/2023,8:30 PM,81,89,0,29.76,Clear,0,0,0,0,0,,,
10/6/2023,9:00 PM,81,89,0,29.76,Clear,0,0,0,0,0,,,
10/6/2023,9:30 PM,81,89,0,29.76,Clear,0,0,0,0,0,,,
10/6/2023,10:00 PM,81,89,0,29.76,Clear,0,0,0,0,0,,,
10/6/2023,10:30 PM,79,94,0,29.76,Clear,0,0,0,0,0,,,
10/6/2023,11:00 PM,79,94,0,29.76,Clear,0,0,0,0,0,,,
10/6/2023,11:30 PM,79,94,0,29.76,Clear,0,0,0,0,0,,,
10/7/2023,12:00 AM,79,94,0,29.76,Clear,0,0,0,0,0,,,
10/7/2023,12:30 AM,79,94,0,29.76,Clear,0,0,0,0,0,,,
10/7/2023,1:00 AM,79,94,0,29.73,Clear,0,0,0,0,0,,,
10/7/2023,1:30 AM,79,94,0,29.73,Clear,0,0,0,0,0,,,
10/7/2023,2:00 AM,79,94,0,29.73,Clear,0,0,0,0,0,,,
10/7/2023,2:30 AM,79,94,0,29.73,Clear,0,0,0,0,0,,,
10/7/2023,3:00 AM,79,94,0,29.7,Clear,0,0,0,0,0,,,
10/7/2023,3:30 AM,77,100,0,29.7,Clear,0,0,0,0,0,,,
10/7/2023,4:00 AM,77,100,0,29.7,Clear,0,0,0,0,0,,,
10/7/2023,4:30 AM,77,100,0,29.7,Clear,0,0,0,0,0,,,
10/7/2023,5:00 AM,77,100,0,29.7,Clear,0,0,0,0,0,,,
10/7/2023,5:30 AM,77,100,0,29.73,Clear,0,0,0,0,0,,,
10/7/2023,6:00 AM,77,100,0,29.76,Mist,0,0,0,0,0,,,
10/7/2023,6:30 AM,77,100,3,29.76,Mist,0,0,0,0,0,,,
10/7/2023,7:00 AM,77,100,3,29.76,Mist,0,0,0,0,0,,,
10/7/2023,7:30 AM,77,100,2,29.76,Mist,0,0,0,0,0,,,
10/7/2023,8:00 AM,79,94,5,29.79,Clear,0,0,0,0,0,,,
10/7/2023,8:30 AM,81,89,0,29.79,Clear,0,0,0,0,0,,,
10/7/2023,9:00 AM,82,84,0,29.81,Clear,0,0,0,0,0,,,
10/7/2023,9:30 AM,84,74,0,29.81,Clear,0,0,0,0,0,,,
10/7/2023,10:00 AM,88,70,0,29.81,Clear,0,0,0,0,0,,,
10/7/2023,10:30 AM,88,66,0,29.79,Clear,0,0,0,0,0,,,
10/7/2023,11:00 AM,88,66,0,29.79,Clear,0,0,0,0,0,,,
10/7/2023,11:30 AM,90,66,0,29.76,Clear,0,0,0,0,0,,,
10/7/2023,12:00 PM,91,59,2,29.76,Clear,0,0,0,0,0,,,
10/7/2023,12:30 PM,91,63,2,29.73,Clear,0,0,0,0,0,,,
10/7/2023,1:00 PM,91,59,5,29.7,Rain,0,0,0,0,0,,,
10/7/2023,1:30 PM,93,56,3,29.7,Rain,0,0,0,0,0,,,
10/7/2023,2:00 PM,91,59,7,29.67,Clear,0,0,0,0,0,,,
10/7/2023,3:00 PM,84,84,9,29.64,Rain,0,0,0,0,0,,,
10/7/2023,3:30 PM,81,89,8,29.67,Rain,0,0,0,0,0,,,
10/7/2023,4:00 PM,77,94,8,29.67,Rain,0,0,0,0,0,,,
10/7/2023,4:30 PM,79,94,3,29.67,Rain,0,0,0,0,0,,,
10/7/2023,5:00 PM,77,94,5,29.67,Rain,0,0,0,0,0,,,
10/7/2023,5:30 PM,77,89,0,29.7,Clear,0,0,0,0,0,,,
10/7/2023,6:00 PM,77,94,0,29.7,Clear,0,0,0,0,0,,,
10/7/2023,6:30 PM,77,94,0,29.73,Clear,0,0,0,0,0,,,
10/7/2023,7:00 PM,77,94,0,29.73,Clear,0,0,0,0,0,,,
10/7/2023,7:30 PM,77,94,0,29.76,Clear,0,0,0,0,0,,,
10/7/2023,8:00 PM,77,94,0,29.79,Clear,0,0,0,0,0,,,
10/7/2023,8:30 PM,77,94,0,29.79,Clear,0,0,0,0,0,,,
10/7/2023,9:00 PM,77,94,0,29.79,Clear,0,0,0,0,0,,,
10/7/2023,9:30 PM,77,94,5,29.81,Clear,0,0,0,0,0,,,
10/7/2023,10:00 PM,77,94,2,29.81,Clear,0,0,0,0,0,,,
10/7/2023,10:30 PM,77,100,0,29.81,Clear,0,0,0,0,0,,,
10/7/2023,11:00 PM,77,94,0,29.81,Clear,0,0,0,0,0,,,
10/7/2023,11:30 PM,77,100,0,29.79,Clear,0,0,0,0,0,,,
10/8/2023,12:00 AM,77,94,0,29.79,Clear,0,0,0,0,0,,,
10/8/2023,12:30 AM,77,94,0,29.79,Clear,0,0,0,0,0,,,
10/8/2023,1:00 AM,77,94,0,29.76,Clear,2,1,0,1,1,,,
10/8/2023,1:30 AM,77,94,0,29.76,Clear,0,0,0,0,0,,,
10/8/2023,2:00 AM,77,94,0,29.76,Clear,0,0,0,0,0,,,
10/8/2023,2:30 AM,77,94,0,29.76,Clear,0,0,0,0,0,,,
10/8/2023,3:00 AM,75,100,0,29.73,Clear,0,0,0,0,0,,,
10/8/2023,3:30 AM,75,100,0,29.73,Mist,0,0,0,0,0,,,
10/8/2023,4:00 AM,75,100,0,29.76,Clear,0,0,0,0,0,,,
10/8/2023,4:30 AM,75,100,0,29.76,Clear,0,0,0,0,0,,,
10/8/2023,5:00 AM,75,100,0,29.76,Clear,0,0,0,0,0,,,
10/8/2023,5:30 AM,75,100,0,29.76,Clear,0,0,0,0,0,,,
10/8/2023,6:00 AM,75,100,0,29.76,Mist,0,0,0,0,0,,,
10/8/2023,6:30 AM,75,100,0,29.79,Mist,0,0,0,0,0,,,
10/8/2023,7:00 AM,75,100,2,29.79,Mist,0,0,0,0,0,,,
10/8/2023,7:30 AM,77,94,0,29.79,Mist,0,0,0,0,0,,,
10/8/2023,8:00 AM,81,89,0,29.81,Mist,0,0,0,0,0,,,
10/8/2023,8:30 AM,81,89,0,29.81,Clear,0,0,0,0,0,,,
10/8/2023,9:00 AM,82,84,0,29.81,Clear,0,0,0,0,0,,,
10/8/2023,9:30 AM,84,79,2,29.81,Clear,0,0,0,0,0,,,
10/8/2023,10:00 AM,86,74,3,29.81,Clear,0,0,0,0,0,,,
10/8/2023,10:30 AM,88,70,2,29.81,Clear,0,0,0,0,0,,,
10/8/2023,11:00 AM,88,66,2,29.79,Clear,0,0,0,0,0,,,
10/8/2023,11:30 AM,90,62,3,29.79,Clear,0,0,0,0,0,,,
10/8/2023,12:00 PM,90,62,7,29.76,Clear,0,0,0,0,0,,,
10/8/2023,12:30 PM,91,59,5,29.76,Clear,0,0,0,0,0,,,
10/8/2023,1:00 PM,91,59,6,29.73,Clear,0,0,0,0,0,,,
10/8/2023,1:30 PM,93,59,8,29.73,Clear,0,0,0,0,0,,,
10/8/2023,2:00 PM,91,59,10,29.7,Clear,0,0,0,0,0,,,
10/8/2023,2:30 PM,91,59,9,29.7,Clear,0,0,0,0,0,,,
10/8/2023,3:00 PM,93,56,10,29.67,Clear,0,0,0,0,0,,,
10/8/2023,3:30 PM,88,70,9,29.67,Rain,0,0,0,0,0,,,
10/8/2023,4:00 PM,84,79,9,29.67,Rain,0,0,0,0,0,,,
10/8/2023,4:30 PM,82,84,6,29.67,Clear,0,0,0,0,0,,,
10/8/2023,5:00 PM,82,84,6,29.7,Clear,0,0,0,0,0,,,
10/8/2023,5:30 PM,82,84,5,29.73,Clear,0,0,0,0,0,,,
10/8/2023,6:00 PM,82,84,3,29.73,Clear,0,0,0,0,0,,,
10/8/2023,6:30 PM,82,84,1,29.76,Clear,0,0,0,0,0,,,
10/8/2023,7:00 PM,82,84,5,29.79,Clear,0,0,0,0,0,,,
10/8/2023,7:30 PM,82,84,5,29.79,Clear,0,0,0,0,0,,,
10/8/2023,8:00 PM,81,84,6,29.79,Clear,0,0,0,0,0,,,
10/8/2023,8:30 PM,81,79,5,29.81,Clear,0,0,0,0,0,,,
10/8/2023,9:00 PM,79,83,5,29.81,Clear,0,0,0,0,0,,,
10/8/2023,9:30 PM,79,83,2,29.81,Clear,0,0,0,0,0,,,
10/8/2023,10:00 PM,79,89,5,29.81,Clear,0,0,0,0,0,,,
10/8/2023,10:30 PM,79,89,2,29.81,Clear,0,0,0,0,0,,,
10/8/2023,11:00 PM,79,89,0,29.81,Clear,0,0,0,0,0,,,
10/8/2023,11:30 PM,79,89,0,29.81,Clear,0,0,0,0,0,,,
10/9/2023,12:00 AM,79,89,2,29.81,Clear,0,0,0,0,0,,,
10/9/2023,12:30 AM,79,89,3,29.79,Clear,0,0,0,0,0,,,
10/9/2023,1:00 AM,79,89,0,29.79,Clear,0,0,0,0,0,,,
10/9/2023,1:30 AM,79,89,0,29.76,Clear,0,0,0,0,0,,,
10/9/2023,2:00 AM,79,89,0,29.79,Clear,0,0,0,0,0,,,
10/9/2023,2:30 AM,77,94,0,29.76,Clear,0,0,0,0,0,,,
10/9/2023,3:00 AM,77,94,0,29.76,Clear,0,0,0,0,0,,,
10/9/2023,3:30 AM,77,94,0,29.76,Clear,0,0,0,0,0,,,
10/9/2023,4:00 AM,77,94,0,29.76,Clear,0,0,0,0,0,,,
10/9/2023,4:30 AM,77,94,0,29.76,Clear,0,0,0,0,0,,,
10/9/2023,5:00 AM,77,94,0,29.76,Clear,0,0,0,0,0,,,
10/9/2023,5:30 AM,77,94,0,29.76,Clear,0,0,0,0,0,,,
10/9/2023,6:00 AM,77,94,0,29.76,Mist,0,0,0,0,0,,,
10/9/2023,6:30 AM,77,94,0,29.79,Mist,0,0,0,0,0,,,
10/9/2023,7:00 AM,77,94,0,29.79,Mist,0,0,0,0,0,,,
10/9/2023,7:30 AM,79,94,0,29.79,Mist,0,0,0,0,0,,,
10/9/2023,8:00 AM,81,84,0,29.81,Mist,0,0,0,0,0,,,
10/9/2023,8:30 AM,82,84,2,29.81,Clear,0,0,0,0,0,,,
10/9/2023,9:00 AM,84,79,2,29.81,Clear,0,0,0,0,0,,,
10/9/2023,9:30 AM,86,74,0,29.81,Clear,0,0,0,0,0,,,
10/9/2023,10:00 AM,86,74,2,29.81,Clear,0,0,0,0,0,,,
10/9/2023,10:30 AM,90,66,2,29.81,Clear,0,0,0,0,0,,,
10/9/2023,11:00 AM,90,62,2,29.81,Clear,0,0,0,0,0,,,
10/9/2023,11:30 AM,91,59,1,29.79,Clear,0,0,0,0,0,,,
10/9/2023,12:00 PM,91,55,5,29.79,Clear,0,0,0,0,0,,,
10/9/2023,12:30 PM,91,55,5,29.76,Clear,0,0,0,0,0,,,
10/9/2023,1:00 PM,93,52,2,29.76,Clear,0,0,0,0,0,,,
10/9/2023,1:30 PM,88,66,13,29.73,Clear,0,0,0,0,0,,,
10/9/2023,2:00 PM,88,62,8,29.73,Clear,0,0,0,0,0,,,
10/9/2023,2:30 PM,82,74,13,29.73,Clear,0,0,0,0,0,,,
10/9/2023,3:00 PM,81,89,9,29.7,Rain,0,0,0,0,0,,,
10/9/2023,3:30 PM,82,84,5,29.7,Rain,0,0,0,0,0,,,
10/9/2023,4:00 PM,82,79,7,29.7,Clear,0,0,0,0,0,,,
10/9/2023,4:30 PM,82,84,3,29.7,Clear,0,0,0,0,0,,,
10/9/2023,5:00 PM,84,79,0,29.7,Clear,0,0,0,0,0,,,
10/9/2023,5:30 PM,84,79,3,29.73,Clear,0,0,0,0,0,,,
10/9/2023,6:00 PM,82,79,0,29.7,Clear,0,0,0,0,0,,,
10/9/2023,6:30 PM,81,79,3,29.73,Clear,0,0,0,0,0,,,
10/9/2023,7:00 PM,81,79,0,29.73,Clear,0,0,0,0,0,,,
10/9/2023,7:30 PM,79,89,0,29.76,Clear,0,0,0,0,0,,,
10/9/2023,8:00 PM,79,89,3,29.79,Clear,0,0,0,0,0,,,
10/9/2023,8:30 PM,79,83,1,29.79,Clear,0,0,0,0,0,,,
10/9/2023,9:00 PM,79,89,0,29.79,Clear,0,0,0,0,0,,,
10/9/2023,9:30 PM,79,89,3,29.81,Clear,0,0,0,0,0,,,
10/9/2023,10:00 PM,79,89,3,29.81,Clear,0,0,0,0,0,,,
10/9/2023,10:30 PM,79,89,3,29.81,Clear,0,0,0,0,0,,,
10/9/2023,11:00 PM,77,94,3,29.81,Clear,0,0,0,0,0,,,
10/9/2023,11:30 PM,79,89,2,29.81,Clear,0,0,0,0,0,,,
10/10/2023,12:00 AM,79,89,0,29.79,Clear,0,0,0,0,0,,,
10/10/2023,12:30 AM,77,94,0,29.79,Clear,0,0,0,0,0,,,
10/10/2023,1:00 AM,77,94,0,29.76,Clear,0,0,0,0,0,,,
10/10/2023,1:30 AM,77,94,0,29.76,Clear,0,0,0,0,0,,,
10/10/2023,2:00 AM,77,94,0,29.76,Clear,0,0,0,0,0,,,
10/10/2023,2:30 AM,77,94,0,29.76,Clear,0,0,0,0,0,,,
10/10/2023,3:00 AM,77,94,0,29.73,Clear,0,0,0,0,0,,,
10/10/2023,3:30 AM,77,94,0,29.73,Clear,0,0,0,0,0,,,
10/10/2023,4:00 AM,75,100,0,29.73,Clear,0,0,0,0,0,,,
10/10/2023,4:30 AM,75,100,0,29.73,Clear,0,0,0,0,0,,,
10/10/2023,5:00 AM,75,94,3,29.73,Clear,0,0,0,0,0,,,
10/10/2023,5:30 AM,75,100,2,29.73,Clear,0,0,0,0,0,,,
10/10/2023,6:00 AM,75,94,0,29.73,Clear,0,0,0,0,0,,,
10/10/2023,6:30 AM,75,100,0,29.76,Clear,0,0,0,0,0,,,
10/10/2023,7:00 AM,77,94,0,29.76,Clear,0,0,0,0,0,,,
10/10/2023,7:30 AM,79,89,2,29.76,Clear,0,0,0,0,0,,,
10/10/2023,8:00 AM,82,84,0,29.79,Clear,0,0,0,0,0,,,
10/10/2023,8:30 AM,81,89,2,29.79,Clear,0,0,0,0,0,,,
10/10/2023,9:00 AM,84,79,2,29.79,Clear,0,0,0,0,0,,,
10/10/2023,9:30 AM,86,74,2,29.81,Clear,0,0,0,0,0,,,
10/10/2023,10:00 AM,88,66,2,29.81,Clear,0,0,0,0,0,,,
10/10/2023,10:30 AM,90,62,5,29.79,Clear,0,0,0,0,0,,,
10/10/2023,11:00 AM,91,59,3,29.79,Clear,0,0,0,0,0,,,
10/10/2023,11:30 AM,91,59,2,29.76,Clear,0,0,0,0,0,,,
10/10/2023,12:00 PM,90,59,5,29.76,Clear,0,0,0,0,0,,,
10/10/2023,12:30 PM,91,55,3,29.73,Rain,0,0,0,0,0,,,
10/10/2023,1:00 PM,93,52,5,29.7,Rain,0,0,0,0,0,,,
10/10/2023,1:30 PM,90,59,13,29.7,Rain,0,0,0,0,0,,,
10/10/2023,2:00 PM,88,62,6,29.67,Clear,0,0,0,0,0,,,
10/10/2023,2:30 PM,90,62,9,29.67,Rain,0,0,0,0,0,,,
10/10/2023,3:00 PM,88,70,13,29.67,Rain,0,0,0,0,0,,,
10/10/2023,3:30 PM,88,70,8,29.67,Clear,0,0,0,0,0,,,
10/10/2023,4:00 PM,82,79,10,29.67,Rain,0,0,0,0,0,,,
10/10/2023,4:30 PM,82,79,0,29.67,Rain,0,0,0,0,0,,,
10/10/2023,5:00 PM,81,84,5,29.67,Rain,0,0,0,0,0,,,
10/10/2023,5:30 PM,82,79,2,29.67,Clear,0,0,0,0,0,,,
10/10/2023,6:00 PM,82,79,2,29.67,Clear,0,0,0,0,0,,,
10/10/2023,6:30 PM,82,79,1,29.7,Clear,0,0,0,0,0,,,
10/10/2023,7:00 PM,81,89,3,29.7,Clear,0,0,0,0,0,,,
10/10/2023,7:30 PM,81,89,3,29.73,Clear,0,0,0,0,0,,,
10/10/2023,8:00 PM,79,94,6,29.76,Clear,0,0,0,0,0,,,
10/10/2023,8:30 PM,79,94,2,29.76,Clear,0,0,0,0,0,,,
10/10/2023,9:00 PM,79,94,2,29.76,Clear,0,0,0,0,0,,,
10/10/2023,9:30 PM,79,94,0,29.79,Clear,0,0,0,0,0,,,
10/10/2023,10:00 PM,81,89,1,29.79,Clear,0,0,0,0,0,,,
10/10/2023,10:30 PM,79,94,3,29.79,Clear,0,0,0,0,0,,,
10/10/2023,11:00 PM,79,94,0,29.79,Clear,0,0,0,0,0,,,
10/10/2023,11:30 PM,79,94,2,29.79,Clear,0,0,0,0,0,,,
10/11/2023,12:00 AM,79,94,3,29.79,Clear,0,0,0,0,0,,,
10/11/2023,12:30 AM,79,94,3,29.79,Clear,0,0,0,0,0,,,
10/11/2023,1:00 AM,79,94,2,29.76,Clear,0,0,0,0,0,,,
10/11/2023,1:30 AM,79,94,2,29.73,Clear,0,0,0,0,0,,,
10/11/2023,2:00 AM,79,94,0,29.73,Clear,0,0,0,0,0,,,
10/11/2023,2:30 AM,77,100,0,29.73,Clear,0,0,0,0,0,,,
10/11/2023,3:00 AM,77,100,0,29.73,Clear,0,0,0,0,0,,,
10/11/2023,3:30 AM,77,100,0,29.73,Clear,0,0,0,0,0,,,
10/11/2023,4:00 AM,77,94,2,29.73,Mist,0,0,0,0,0,,,
10/11/2023,4:30 AM,77,94,2,29.7,Mist,0,0,0,0,0,,,
10/11/2023,5:00 AM,77,94,2,29.73,Mist,0,0,0,0,0,,,
10/11/2023,5:30 AM,77,94,1,29.73,Mist,0,0,0,0,0,,,
10/11/2023,6:00 AM,77,94,1,29.73,Mist,0,0,0,0,0,,,
10/11/2023,6:30 AM,77,94,2,29.73,Clear,0,0,0,0,0,,,
10/11/2023,7:00 AM,77,94,3,29.76,Clear,0,0,0,0,0,,,
10/11/2023,7:30 AM,79,94,2,29.76,Clear,0,0,0,0,0,,,
10/11/2023,8:00 AM,82,84,3,29.79,Clear,0,0,0,0,0,,,
10/11/2023,8:30 AM,84,79,1,29.79,Clear,0,0,0,0,0,,,
10/11/2023,9:00 AM,84,79,1,29.79,Clear,0,0,0,0,0,,,
10/11/2023,9:30 AM,86,74,3,29.79,Clear,0,0,0,0,0,,,
10/11/2023,10:00 AM,88,66,3,29.79,Clear,0,0,0,0,0,,,
10/11/2023,10:30 AM,90,62,2,29.79,Clear,0,0,0,0,0,,,
10/11/2023,11:00 AM,91,55,2,29.79,Clear,0,0,0,0,0,,,
10/11/2023,11:30 AM,91,55,2,29.76,Clear,0,0,0,0,0,,,
10/11/2023,12:00 PM,93,56,3,29.73,Clear,0,0,0,0,0,,,
10/11/2023,12:30 PM,91,55,3,29.73,Clear,0,0,0,0,0,,,
10/11/2023,1:00 PM,91,55,2,29.7,Clear,0,0,0,0,0,,,
10/11/2023,1:30 PM,91,63,9,29.7,Rain,0,0,0,0,0,,,
10/11/2023,2:00 PM,90,66,14,29.67,Clear,0,0,0,0,0,,,
10/11/2023,2:30 PM,91,66,9,29.67,Clear,0,0,0,0,0,,,
10/11/2023,3:00 PM,90,70,9,29.64,Clear,0,0,0,0,0,,,
10/11/2023,3:30 PM,91,63,8,29.64,Rain,0,0,0,0,0,,,
10/11/2023,4:00 PM,90,62,7,29.64,Rain,0,0,0,0,0,,,
10/11/2023,4:30 PM,88,66,5,29.64,Rain,0,0,0,0,0,,,
10/11/2023,5:00 PM,84,74,14,29.67,Clear,0,0,0,0,0,,,
10/11/2023,5:30 PM,77,100,12,29.7,Clear,0,0,0,0,0,,,
10/11/2023,6:00 PM,77,100,7,29.7,Clear,0,0,0,0,0,,,
10/11/2023,6:30 PM,77,94,3,29.73,Rain,0,0,0,0,0,,,
10/11/2023,7:00 PM,77,100,0,29.73,Clear,0,0,0,0,0,,,
10/11/2023,7:30 PM,77,100,0,29.76,Clear,0,0,0,0,0,,,
10/11/2023,8:00 PM,77,100,5,29.76,Clear,0,0,0,0,0,,,
10/11/2023,8:30 PM,77,100,3,29.79,Rain,0,0,0,0,0,,,
10/11/2023,9:00 PM,79,94,2,29.79,Clear,0,0,0,0,0,,,
10/11/2023,9:30 PM,79,94,2,29.81,Clear,0,0,0,0,0,,,
10/11/2023,10:00 PM,77,100,1,29.81,Clear,0,0,0,0,0,,,
10/11/2023,10:30 PM,79,94,2,29.81,Clear,0,0,0,0,0,,,
10/11/2023,11:00 PM,79,94,2,29.81,Clear,0,0,0,0,0,,,
10/11/2023,11:30 PM,79,94,3,29.79,Clear,0,0,0,0,0,,,
10/12/2023,12:00 AM,79,94,2,29.79,Clear,0,0,0,0,0,,,
10/12/2023,12:30 AM,79,94,2,29.79,Clear,0,0,0,0,0,,,
10/12/2023,1:00 AM,79,94,0,29.79,Clear,0,0,0,0,0,,,
10/12/2023,1:30 AM,79,94,2,29.79,Clear,0,0,0,0,0,,,
10/12/2023,2:00 AM,77,100,3,29.76,Clear,0,0,0,0,0,,,
10/12/2023,2:30 AM,77,100,2,29.76,Clear,0,0,0,0,0,,,
10/12/2023,3:00 AM,77,100,2,29.73,Clear,0,0,0,0,0,,,
10/12/2023,3:30 AM,77,100,2,29.73,Clear,0,0,0,0,0,,,
10/12/2023,4:00 AM,77,100,2,29.73,Clear,0,0,0,0,0,,,
10/12/2023,4:30 AM,77,100,2,29.73,Clear,0,0,0,0,0,,,
10/12/2023,5:00 AM,77,100,2,29.73,Clear,0,0,0,0,0,,,
10/12/2023,5:30 AM,77,94,3,29.76,Clear,0,0,0,0,0,,,
10/12/2023,6:00 AM,77,94,2,29.76,Mist,0,0,0,0,0,,,
10/12/2023,6:30 AM,77,94,2,29.79,Mist,0,0,0,0,0,,,
10/12/2023,7:00 AM,77,94,2,29.79,Mist,0,0,0,0,0,,,
10/12/2023,7:30 AM,77,94,3,29.81,Mist,0,0,0,0,0,,,
10/12/2023,8:00 AM,77,94,3,29.81,Mist,0,0,0,0,0,,,
10/12/2023,8:30 AM,77,100,2,29.81,Clear,0,0,0,0,0,,,
10/12/2023,9:00 AM,81,89,2,29.81,Clear,0,0,0,0,0,,,
10/12/2023,9:30 AM,82,84,3,29.81,Clear,0,0,0,0,0,,,
10/12/2023,10:00 AM,84,84,3,29.81,Clear,0,0,0,0,0,,,
10/12/2023,10:30 AM,86,74,2,29.81,Clear,0,0,0,0,0,,,
10/12/2023,11:00 AM,88,70,2,29.81,Clear,0,0,0,0,0,,,
10/12/2023,11:30 AM,90,66,2,29.79,Clear,0,0,0,0,0,,,
10/12/2023,12:00 PM,90,62,3,29.79,Clear,0,0,0,0,0,,,
10/12/2023,12:30 PM,91,63,5,29.76,Clear,0,0,0,0,0,,,
10/12/2023,1:00 PM,91,59,3,29.73,Clear,0,0,0,0,0,,,
10/12/2023,1:30 PM,91,63,5,29.73,Clear,0,0,0,0,0,,,
10/12/2023,2:00 PM,91,59,3,29.7,Clear,0,0,0,0,0,,,
10/12/2023,2:30 PM,93,59,5,29.67,Clear,0,0,0,0,0,,,
10/12/2023,3:00 PM,93,56,3,29.67,Rain,0,0,0,0,0,,,
10/12/2023,3:30 PM,88,75,14,29.67,Rain,0,0,0,0,0,,,
10/12/2023,4:00 PM,81,84,13,29.67,Rain,0,0,0,0,0,,,
10/12/2023,4:30 PM,81,84,10,29.7,Rain,0,0,0,0,0,,,
10/12/2023,5:00 PM,77,94,8,29.73,Clear,0,0,0,0,0,,,
10/12/2023,5:30 PM,77,94,3,29.73,Rain,0,0,0,0,0,,,
10/12/2023,6:00 PM,77,94,5,29.76,Rain,0,0,0,0,0,,,
10/12/2023,6:30 PM,77,94,3,29.76,Rain,0,0,0,0,0,,,
10/12/2023,7:00 PM,77,94,0,29.79,Rain,0,0,0,0,0,,,
10/12/2023,7:30 PM,77,94,3,29.79,Rain,0,0,0,0,0,,,
10/12/2023,8:00 PM,77,94,3,29.79,Clear,0,0,0,0,0,,,
10/12/2023,8:30 PM,77,94,3,29.81,Clear,0,0,0,0,0,,,
10/12/2023,9:00 PM,77,94,2,29.81,Clear,0,0,0,0,0,,,
10/12/2023,9:30 PM,77,94,3,29.81,Clear,0,0,0,0,0,,,
10/12/2023,10:00 PM,77,94,2,29.81,Clear,0,0,0,0,0,,,
10/12/2023,10:30 PM,77,94,2,29.81,Clear,0,0,0,0,0,,,
10/12/2023,11:00 PM,77,94,0,29.81,Clear,0,0,0,0,0,,,
10/12/2023,11:30 PM,77,94,2,29.81,Clear,0,0,0,0,0,,,
10/13/2023,12:00 AM,75,100,0,29.81,Clear,0,0,0,0,0,,,
10/13/2023,12:30 AM,75,100,2,29.81,Clear,0,0,0,0,0,,,
10/13/2023,1:00 AM,75,100,3,29.79,Clear,0,0,0,0,0,,,
10/13/2023,1:30 AM,75,100,3,29.79,Clear,0,0,0,0,0,,,
10/13/2023,2:00 AM,77,94,2,29.79,Clear,0,0,0,0,0,,,
10/13/2023,2:30 AM,77,94,3,29.76,Clear,0,0,0,0,0,,,
10/13/2023,3:00 AM,75,100,3,29.76,Clear,0,0,0,0,0,,,
10/13/2023,3:30 AM,77,94,0,29.76,Clear,0,0,0,0,0,,,
10/13/2023,4:00 AM,75,100,1,29.76,Clear,0,0,0,0,0,,,
10/13/2023,4:30 AM,75,100,2,29.76,Clear,0,0,0,0,0,,,
10/13/2023,5:00 AM,75,100,0,29.76,Clear,0,0,0,0,0,,,
10/13/2023,5:30 AM,75,100,2,29.79,Clear,0,0,0,0,0,,,
10/13/2023,6:00 AM,75,100,3,29.79,Mist,0,0,0,0,0,,,
10/13/2023,6:30 AM,75,100,3,29.79,Mist,0,0,0,0,0,,,
10/13/2023,7:00 AM,77,94,5,29.79,Mist,0,0,0,0,0,,,
10/13/2023,7:30 AM,77,100,0,29.81,Mist,0,0,0,0,0,,,
10/13/2023,8:00 AM,77,100,2,29.81,Mist,0,0,0,0,0,,,
10/13/2023,8:30 AM,81,89,2,29.81,Mist,0,0,0,0,0,,,
10/13/2023,9:00 AM,82,84,2,29.81,Clear,0,0,0,0,0,,,
10/13/2023,9:30 AM,86,79,0,29.84,Clear,0,0,0,0,0,,,
10/13/2023,10:00 AM,88,70,5,29.81,Clear,0,0,0,0,0,,,
10/13/2023,10:30 AM,88,70,5,29.81,Clear,0,0,0,0,0,,,
10/13/2023,11:00 AM,90,66,5,29.79,Clear,0,0,0,0,0,,,
10/13/2023,11:30 AM,90,62,2,29.79,Clear,0,0,0,0,0,,,
10/13/2023,12:00 PM,91,66,3,29.76,Rain,0,0,0,0,0,,,
10/13/2023,12:30 PM,91,59,3,29.76,Rain,0,0,0,0,0,,,
10/13/2023,1:00 PM,90,66,12,29.73,Clear,0,0,0,0,0,,,
10/13/2023,1:30 PM,91,59,6,29.7,Clear,0,0,0,0,0,,,
10/13/2023,2:00 PM,91,59,6,29.7,Rain,0,0,0,0,0,,,
10/13/2023,2:30 PM,93,52,7,29.67,Rain,0,0,0,0,0,,,
10/13/2023,3:00 PM,90,66,6,29.67,Rain,0,0,0,0,0,,,
10/13/2023,3:30 PM,88,66,14,29.67,Rain,0,0,0,0,0,,,
10/13/2023,4:00 PM,84,79,7,29.7,Rain,0,0,0,0,0,,,
10/13/2023,4:30 PM,77,94,5,29.7,Rain,0,0,0,0,0,,,
10/13/2023,5:00 PM,79,89,6,29.7,Rain,0,0,0,0,0,,,
10/13/2023,5:30 PM,79,94,3,29.7,Clear,0,0,0,0,0,,,
10/13/2023,6:00 PM,79,94,6,29.73,Clear,0,0,0,0,0,,,
10/13/2023,6:30 PM,79,94,5,29.73,Clear,0,0,0,0,0,,,
10/13/2023,7:00 PM,79,94,5,29.76,Clear,0,0,0,0,0,,,
10/13/2023,7:30 PM,79,94,3,29.76,Clear,0,0,0,0,0,,,
10/13/2023,8:00 PM,79,94,5,29.76,Clear,0,0,0,0,0,,,
10/13/2023,8:30 PM,79,94,3,29.76,Clear,0,0,0,0,0,,,
10/13/2023,9:00 PM,79,94,0,29.79,Clear,0,0,0,0,0,,,
10/13/2023,9:30 PM,79,100,3,29.79,Clear,0,0,0,0,0,,,
10/13/2023,10:00 PM,79,94,0,29.79,Clear,0,0,0,0,0,,,
10/13/2023,10:30 PM,79,94,0,29.79,Clear,0,0,0,0,0,,,
10/13/2023,11:00 PM,79,94,0,29.81,Clear,0,0,0,0,0,,,
10/13/2023,11:30 PM,79,94,2,29.79,Clear,0,0,0,0,0,,,
10/14/2023,12:00 AM,79,100,0,29.79,Clear,0,0,0,0,0,,,
10/14/2023,12:30 AM,79,100,0,29.79,Clear,0,0,0,0,0,,,
10/14/2023,1:00 AM,79,100,2,29.79,Clear,0,0,0,0,0,,,
10/14/2023,1:30 AM,79,100,2,29.76,Clear,0,0,0,0,0,,,
10/14/2023,2:00 AM,79,94,2,29.76,Clear,0,0,0,0,0,,,
10/14/2023,2:30 AM,79,94,2,29.76,Clear,0,0,0,0,0,,,
10/14/2023,3:00 AM,79,94,0,29.73,Clear,0,0,0,0,0,,,
10/14/2023,3:30 AM,79,94,0,29.73,Clear,0,0,0,0,0,,,
10/14/2023,4:00 AM,79,94,0,29.73,Clear,0,0,0,0,0,,,
10/14/2023,4:30 AM,79,94,1,29.73,Clear,0,0,0,0,0,,,
10/14/2023,5:00 AM,79,94,5,29.73,Clear,0,0,0,0,0,,,
10/14/2023,5:30 AM,77,100,0,29.73,Clear,0,0,0,0,0,,,
10/14/2023,6:00 AM,77,100,2,29.76,Mist,0,0,0,0,0,,,
10/14/2023,6:30 AM,79,94,3,29.76,Mist,0,0,0,0,0,,,
10/14/2023,7:00 AM,79,94,3,29.76,Mist,0,0,0,0,0,,,
10/14/2023,7:30 AM,79,94,3,29.76,Mist,0,0,0,0,0,,,
10/14/2023,8:00 AM,81,89,2,29.76,Clear,0,0,0,0,0,,,
10/14/2023,8:30 AM,82,89,2,29.79,Clear,0,0,0,0,0,,,
10/14/2023,9:00 AM,84,84,3,29.79,Clear,0,0,0,0,0,,,
10/14/2023,9:30 AM,88,75,1,29.79,Clear,0,0,0,0,0,,,
10/14/2023,10:00 AM,88,70,3,29.79,Clear,0,0,0,0,0,,,
10/14/2023,10:30 AM,88,70,3,29.79,Clear,0,0,0,0,0,,,
10/14/2023,11:00 AM,90,70,2,29.76,Clear,0,0,0,0,0,,,
10/14/2023,11:30 AM,91,55,8,29.76,Clear,0,0,0,0,0,,,
10/14/2023,12:00 PM,91,59,9,29.73,Clear,0,0,0,0,0,,,
10/14/2023,12:30 PM,93,56,8,29.73,Clear,0,0,0,0,0,,,
10/14/2023,1:00 PM,93,56,9,29.7,Rain,0,0,0,0,0,,,
10/14/2023,1:30 PM,90,62,6,29.7,Clear,0,0,0,0,0,,,
10/14/2023,2:00 PM,86,74,7,29.67,Clear,0,0,0,0,0,,,
10/14/2023,2:30 PM,86,74,5,29.67,Clear,0,0,0,0,0,,,
10/14/2023,3:00 PM,91,59,12,29.64,Clear,0,0,0,0,0,,,
10/14/2023,3:30 PM,91,59,10,29.64,Clear,0,0,0,0,0,,,
10/14/2023,4:00 PM,91,59,10,29.64,Clear,0,0,0,0,0,,,
10/14/2023,4:30 PM,90,59,10,29.64,Clear,0,0,0,0,0,,,
10/14/2023,5:00 PM,90,59,9,29.64,Clear,0,0,0,0,0,,,
10/14/2023,5:30 PM,88,66,7,29.67,Clear,0,0,0,0,0,,,
10/14/2023,6:00 PM,88,66,6,29.7,Clear,0,0,0,0,0,,,
10/14/2023,6:30 PM,86,70,6,29.7,Clear,0,0,0,0,0,,,
10/14/2023,7:00 PM,84,74,5,29.7,Clear,0,0,0,0,0,,,
10/14/2023,7:30 PM,84,74,9,29.73,Clear,0,0,0,0,0,,,
10/14/2023,8:00 PM,84,74,6,29.73,Clear,0,0,0,0,0,,,
10/14/2023,8:30 PM,84,74,5,29.73,Clear,0,0,0,0,0,,,
10/14/2023,9:00 PM,82,79,0,29.76,Clear,0,0,0,0,0,,,
10/14/2023,9:30 PM,82,84,3,29.76,Clear,0,0,0,0,0,,,
10/14/2023,10:00 PM,82,84,0,29.76,Clear,0,0,0,0,0,,,
10/14/2023,10:30 PM,81,89,3,29.76,Clear,0,0,0,0,0,,,
10/14/2023,11:00 PM,81,89,3,29.76,Clear,0,0,0,0,0,,,
10/14/2023,11:30 PM,81,89,3,29.76,Clear,0,0,0,0,0,,,
10/15/2023,12:00 AM,79,94,5,29.76,Clear,0,0,0,0,0,,,
10/15/2023,12:30 AM,81,89,2,29.76,Clear,0,0,0,0,0,,,
10/15/2023,1:00 AM,79,94,2,29.73,Clear,0,0,0,0,0,,,
10/15/2023,1:30 AM,79,94,1,29.73,Clear,0,0,0,0,0,,,
10/15/2023,2:00 AM,79,94,3,29.73,Clear,0,0,0,0,0,,,
10/15/2023,2:30 AM,79,94,3,29.73,Clear,0,0,0,0,0,,,
10/15/2023,3:00 AM,79,89,5,29.7,Clear,0,0,0,0,0,,,
10/15/2023,3:30 AM,79,89,3,29.7,Clear,0,0,0,0,0,,,
10/15/2023,4:00 AM,79,89,6,29.7,Clear,0,0,0,0,0,,,
10/15/2023,4:30 AM,79,89,8,29.7,Clear,0,0,0,0,0,,,
10/15/2023,5:00 AM,79,89,5,29.73,Clear,0,0,0,0,0,,,
10/15/2023,5:30 AM,77,94,3,29.7,Clear,0,0,0,0,0,,,
10/15/2023,6:00 AM,77,94,2,29.7,Clear,0,0,0,0,0,,,
10/15/2023,6:30 AM,77,94,5,29.73,Clear,0,0,0,0,0,,,
10/15/2023,7:00 AM,77,94,3,29.73,Clear,0,0,0,0,0,,,
10/15/2023,7:30 AM,77,94,5,29.73,Clear,0,0,0,0,0,,,
10/15/2023,8:00 AM,79,89,5,29.76,Clear,0,0,0,0,0,,,
10/15/2023,8:30 AM,79,89,5,29.76,Clear,0,0,0,0,0,,,
10/15/2023,9:00 AM,81,84,5,29.76,Clear,0,0,0,0,0,,,
10/15/2023,9:30 AM,82,79,3,29.76,Clear,0,0,0,0,0,,,
10/15/2023,10:00 AM,82,79,6,29.73,Clear,0,0,0,0,0,,,
10/15/2023,10:30 AM,84,74,7,29.73,Clear,0,0,0,0,0,,,
10/15/2023,11:00 AM,86,74,8,29.73,Clear,0,0,0,0,0,,,
10/15/2023,11:30 AM,88,70,8,29.73,Clear,0,0,0,0,0,,,
10/15/2023,12:00 PM,88,70,7,29.73,Clear,0,0,0,0,0,,,
10/15/2023,12:30 PM,88,70,9,29.73,Clear,0,0,0,0,0,,,
10/15/2023,1:00 PM,88,70,7,29.7,Rain,0,0,0,0,0,,,
10/15/2023,1:30 PM,90,66,9,29.67,Clear,0,0,0,0,0,,,
10/15/2023,2:00 PM,88,66,10,29.67,Clear,0,0,0,0,0,,,
10/15/2023,2:30 PM,88,66,7,29.64,Clear,0,0,0,0,0,,,
10/15/2023,3:00 PM,88,66,7,29.64,Rain,0,0,0,0,0,,,
10/15/2023,3:30 PM,86,70,7,29.64,Clear,0,0,0,0,0,,,
10/15/2023,4:00 PM,86,74,5,29.64,Clear,0,0,0,0,0,,,
10/15/2023,4:30 PM,86,70,6,29.64,Rain,0,0,0,0,0,,,
10/15/2023,5:00 PM,82,79,9,29.64,Rain,0,0,0,0,0,,,
10/15/2023,5:30 PM,79,94,10,29.67,Rain,0,0,0,0,0,,,
10/15/2023,6:00 PM,77,94,0,29.7,Rain,0,0,0,0,0,,,
10/15/2023,6:30 PM,77,100,5,29.7,Rain,0,0,0,0,0,,,
10/15/2023,7:00 PM,79,94,6,29.7,Rain,0,0,0,0,0,,,
10/15/2023,7:30 PM,79,89,3,29.73,Rain,0,0,0,0,0,,,
10/15/2023,8:00 PM,77,89,6,29.73,Clear,0,0,0,0,0,,,
10/15/2023,8:30 PM,77,89,6,29.76,Clear,0,0,0,0,0,,,
10/15/2023,9:00 PM,77,89,3,29.76,Clear,0,0,0,0,0,,,
10/15/2023,9:30 PM,77,89,2,29.76,Clear,0,0,0,0,0,,,
10/15/2023,10:00 PM,77,89,2,29.73,Clear,0,0,0,0,0,,,
10/15/2023,10:30 PM,77,89,3,29.73,Clear,0,0,0,0,0,,,
10/15/2023,11:00 PM,77,94,3,29.73,Clear,0,0,0,0,0,,,
10/15/2023,11:30 PM,77,94,5,29.73,Clear,0,0,0,0,0,,,
10/16/2023,12:00 AM,77,94,3,29.73,Clear,0,0,0,0,0,,,
10/16/2023,12:30 AM,77,94,3,29.73,Clear,0,0,0,0,0,,,
10/16/2023,1:00 AM,77,89,2,29.7,Clear,0,0,0,0,0,,,
10/16/2023,1:30 AM,77,94,0,29.7,Clear,0,0,0,0,0,,,
10/16/2023,2:00 AM,77,94,0,29.7,Clear,0,0,0,0,0,,,
10/16/2023,2:30 AM,77,94,1,29.7,Clear,0,0,0,0,0,,,
10/16/2023,3:00 AM,77,94,3,29.7,Clear,0,0,0,0,0,,,
10/16/2023,3:30 AM,77,94,1,29.67,Clear,0,0,0,0,0,,,
10/16/2023,4:00 AM,77,94,2,29.67,Clear,0,0,0,0,0,,,
10/16/2023,4:30 AM,77,94,2,29.67,Clear,0,0,0,0,0,,,
10/16/2023,5:00 AM,75,94,1,29.7,Clear,0,0,0,0,0,,,
10/16/2023,5:30 AM,75,94,1,29.7,Clear,0,0,0,0,0,,,
10/16/2023,6:00 AM,75,94,3,29.73,Clear,0,0,0,0,0,,,
10/16/2023,6:30 AM,77,94,2,29.73,Clear,0,0,0,0,0,,,
10/16/2023,7:00 AM,77,94,1,29.73,Clear,0,0,0,0,0,,,
10/16/2023,7:30 AM,79,89,5,29.76,Clear,0,0,0,0,0,,,
10/16/2023,8:00 AM,79,89,7,29.76,Clear,0,0,0,0,0,,,
10/16/2023,8:30 AM,81,89,6,29.76,Clear,0,0,0,0,0,,,
10/16/2023,9:00 AM,82,79,6,29.76,Clear,0,0,0,0,0,,,
10/16/2023,9:30 AM,84,79,7,29.79,Clear,0,0,0,0,0,,,
10/16/2023,10:00 AM,88,62,6,29.76,Clear,0,0,0,0,0,,,
10/16/2023,10:30 AM,88,62,7,29.76,Clear,0,0,0,0,0,,,
10/16/2023,11:00 AM,88,66,8,29.76,Clear,0,0,0,0,0,,,
10/16/2023,11:30 AM,88,66,6,29.73,Clear,0,0,0,0,0,,,
10/16/2023,12:00 PM,88,66,9,29.73,Clear,0,0,0,0,0,,,
10/16/2023,12:30 PM,86,70,7,29.73,Clear,0,0,0,0,0,,,
10/16/2023,1:00 PM,90,62,7,29.7,Clear,0,0,0,0,0,,,
10/16/2023,1:30 PM,90,66,9,29.67,Clear,0,0,0,0,0,,,
10/16/2023,2:00 PM,90,62,9,29.67,Clear,0,0,0,0,0,,,
10/16/2023,2:30 PM,90,62,8,29.64,Rain,0,0,0,0,0,,,
10/16/2023,3:00 PM,88,66,9,29.64,Clear,0,0,0,0,0,,,
10/16/2023,3:30 PM,90,62,8,29.64,Rain,0,0,0,0,0,,,
10/16/2023,4:00 PM,88,62,7,29.64,Clear,0,0,0,0,0,,,
10/16/2023,4:30 PM,88,62,8,29.64,Clear,0,0,0,0,0,,,
10/16/2023,5:00 PM,88,66,5,29.64,Clear,0,0,0,0,0,,,
10/16/2023,5:30 PM,86,70,7,29.64,Clear,0,0,0,0,0,,,
10/16/2023,6:00 PM,84,74,6,29.67,Clear,0,0,0,0,0,,,
10/16/2023,6:30 PM,84,74,5,29.67,Clear,0,0,0,0,0,,,
10/16/2023,7:00 PM,82,79,5,29.67,Clear,0,0,0,0,0,,,
10/16/2023,7:30 PM,82,79,5,29.7,Clear,0,0,0,0,0,,,
10/16/2023,8:00 PM,81,84,5,29.7,Clear,0,0,0,0,0,,,
10/16/2023,8:30 PM,81,84,5,29.73,Clear,0,0,0,0,0,,,
10/16/2023,9:00 PM,81,84,6,29.73,Clear,0,0,0,0,0,,,
10/16/2023,9:30 PM,81,84,6,29.76,Clear,0,0,0,0,0,,,
10/16/2023,10:00 PM,81,89,7,29.76,Clear,0,0,0,0,0,,,
10/16/2023,10:30 PM,79,94,3,29.76,Clear,0,0,0,0,0,,,
10/16/2023,11:00 PM,79,94,3,29.76,Clear,0,0,0,0,0,,,
10/16/2023,11:30 PM,79,94,3,29.76,Clear,0,0,0,0,0,,,
10/17/2023,12:00 AM,79,94,3,29.76,Clear,0,0,0,0,0,,,
10/17/2023,12:30 AM,79,94,2,29.73,Clear,0,0,0,0,0,,,
10/17/2023,1:00 AM,79,94,1,29.73,Clear,0,0,0,0,0,,,
10/17/2023,1:30 AM,79,94,1,29.73,Clear,0,0,0,0,0,,,
10/17/2023,2:00 AM,79,94,1,29.73,Clear,0,0,0,0,0,,,
10/17/2023,2:30 AM,79,94,1,29.73,Clear,0,0,0,0,0,,,
10/17/2023,3:00 AM,79,94,2,29.7,Clear,0,0,0,0,0,,,
10/17/2023,3:30 AM,79,94,2,29.7,Clear,0,0,0,0,0,,,
10/17/2023,4:00 AM,79,94,1,29.7,Clear,0,0,0,0,0,,,
10/17/2023,4:30 AM,79,94,2,29.7,Clear,0,0,0,0,0,,,
10/17/2023,5:00 AM,79,94,3,29.73,Clear,0,0,0,0,0,,,
10/17/2023,5:30 AM,79,94,6,29.73,Clear,0,0,0,0,0,,,
10/17/2023,6:00 AM,77,100,5,29.73,Clear,0,0,0,0,0,,,
10/17/2023,6:30 AM,79,94,5,29.76,Clear,0,0,0,0,0,,,
10/17/2023,7:00 AM,79,94,2,29.76,Clear,0,0,0,0,0,,,
10/17/2023,7:30 AM,79,89,6,29.79,Clear,0,0,0,0,0,,,
10/17/2023,8:00 AM,79,94,5,29.79,Clear,0,0,0,0,0,,,
10/17/2023,8:30 AM,79,89,6,29.81,Clear,0,0,0,0,0,,,
10/17/2023,9:00 AM,81,84,7,29.81,Clear,0,0,0,0,0,,,
10/17/2023,9:30 AM,82,79,7,29.81,Clear,0,0,0,0,0,,,
10/17/2023,10:00 AM,82,79,8,29.79,Clear,0,0,0,0,0,,,
10/17/2023,10:30 AM,82,79,9,29.79,Clear,0,0,0,0,0,,,
10/17/2023,11:00 AM,84,74,8,29.79,Clear,0,0,0,0,0,,,
10/17/2023,11:30 AM,84,74,6,29.79,Clear,0,0,0,0,0,,,
10/17/2023,12:00 PM,84,74,6,29.79,Clear,0,0,0,0,0,,,
10/17/2023,12:30 PM,86,70,9,29.76,Rain,0,0,0,0,0,,,
10/17/2023,1:00 PM,86,66,12,29.73,Rain,0,0,0,0,0,,,
10/17/2023,1:30 PM,86,66,10,29.73,Clear,0,0,0,0,0,,,
10/17/2023,2:00 PM,88,66,9,29.73,Clear,0,0,0,0,0,,,
10/17/2023,2:30 PM,86,70,12,29.7,Clear,0,0,0,0,0,,,
10/17/2023,3:00 PM,84,74,12,29.7,Clear,0,0,0,0,0,,,
10/17/2023,3:30 PM,84,74,9,29.7,Rain,0,0,0,0,0,,,
10/17/2023,4:00 PM,84,74,9,29.7,Clear,0,0,0,0,0,,,
10/17/2023,4:30 PM,82,79,10,29.7,Clear,0,0,0,0,0,,,
10/17/2023,5:00 PM,82,79,7,29.7,Clear,0,0,0,0,0,,,
10/17/2023,5:30 PM,82,74,7,29.7,Clear,0,0,0,0,0,,,
10/17/2023,6:00 PM,81,79,5,29.7,Clear,0,0,0,0,0,,,
10/17/2023,6:30 PM,81,79,3,29.7,Clear,0,0,0,0,0,,,
10/17/2023,7:00 PM,79,83,0,29.73,Clear,0,0,0,0,0,,,
10/17/2023,7:30 PM,79,83,0,29.73,Clear,0,0,0,0,0,,,
10/17/2023,8:00 PM,79,89,0,29.76,Clear,0,0,0,0,0,,,
10/17/2023,8:30 PM,79,89,2,29.79,Clear,0,0,0,0,0,,,
10/17/2023,9:00 PM,79,89,2,29.79,Clear,0,0,0,0,0,,,
10/17/2023,9:30 PM,79,89,2,29.81,Clear,0,0,0,0,0,,,
10/17/2023,10:00 PM,77,94,0,29.81,Clear,0,0,0,0,0,,,
10/17/2023,10:30 PM,79,89,0,29.81,Clear,0,0,0,0,0,,,
10/17/2023,11:00 PM,77,94,2,29.81,Clear,0,0,0,0,0,,,
10/17/2023,11:30 PM,77,94,2,29.79,Clear,0,0,0,0,0,,,
10/18/2023,12:00 AM,77,94,0,29.79,Clear,0,0,0,0,0,,,
10/18/2023,12:30 AM,77,94,0,29.79,Clear,0,0,0,0,0,,,
10/18/2023,1:00 AM,77,94,3,29.76,Clear,0,0,0,0,0,,,
10/18/2023,1:30 AM,77,94,3,29.76,Clear,0,0,0,0,0,,,
10/18/2023,2:00 AM,77,94,3,29.76,Clear,0,0,0,0,0,,,
10/18/2023,2:30 AM,77,94,2,29.76,Clear,0,0,0,0,0,,,
10/18/2023,3:00 AM,77,94,2,29.73,Clear,0,0,0,0,0,,,
10/18/2023,3:30 AM,77,94,2,29.73,Clear,0,0,0,0,0,,,
10/18/2023,4:00 AM,77,94,0,29.73,Clear,0,0,0,0,0,,,
10/18/2023,4:30 AM,77,94,0,29.73,Clear,0,0,0,0,0,,,
10/18/2023,5:00 AM,77,94,0,29.76,Mist,0,0,0,0,0,,,
10/18/2023,5:30 AM,77,94,2,29.76,Clear,0,0,0,0,0,,,
10/18/2023,6:00 AM,77,94,0,29.76,Clear,0,0,0,0,0,,,
10/18/2023,6:30 AM,77,94,0,29.76,Clear,0,0,0,0,0,,,
10/18/2023,7:00 AM,77,94,0,29.79,Clear,0,0,0,0,0,,,
10/18/2023,7:30 AM,79,89,3,29.79,Clear,0,0,0,0,0,,,
10/18/2023,8:00 AM,79,89,3,29.79,Clear,0,0,0,0,0,,,
10/18/2023,8:30 AM,82,84,1,29.79,Clear,0,0,0,0,0,,,
10/18/2023,9:00 AM,84,79,2,29.81,Clear,0,0,0,0,0,,,
10/18/2023,9:30 AM,86,70,2,29.81,Clear,0,0,0,0,0,,,
10/18/2023,10:00 AM,86,70,2,29.81,Clear,0,0,0,0,0,,,
10/18/2023,10:30 AM,90,62,2,29.81,Clear,0,0,0,0,0,,,
10/18/2023,11:00 AM,88,66,6,29.79,Clear,0,0,0,0,0,,,
10/18/2023,11:30 AM,90,59,2,29.76,Clear,0,0,0,0,0,,,
10/18/2023,12:00 PM,90,55,3,29.76,Clear,0,0,0,0,0,,,
10/18/2023,12:30 PM,91,55,2,29.76,Clear,0,0,0,0,0,,,
10/18/2023,1:00 PM,93,56,5,29.73,Clear,0,0,0,0,0,,,
10/18/2023,1:30 PM,91,55,3,29.7,Rain,0,0,0,0,0,,,
10/18/2023,2:00 PM,91,55,2,29.7,Rain,0,0,0,0,0,,,
10/18/2023,2:30 PM,91,59,3,29.67,Clear,0,0,0,0,0,,,
10/18/2023,3:00 PM,91,55,3,29.67,Clear,0,0,0,0,0,,,
10/18/2023,3:30 PM,91,55,0,29.67,Rain,0,0,0,0,0,,,
10/18/2023,4:00 PM,88,66,12,29.67,Clear,0,0,0,0,0,,,
10/18/2023,4:30 PM,84,74,16,29.67,Rain,0,0,0,0,0,,,
10/18/2023,5:00 PM,79,89,7,29.7,Clear,0,0,0,0,0,,,
10/18/2023,5:30 PM,79,89,5,29.7,Rain,0,0,0,0,0,,,
10/18/2023,6:00 PM,79,89,3,29.73,Clear,0,0,0,0,0,,,
10/18/2023,6:30 PM,81,84,0,29.76,Clear,0,0,0,0,0,,,
10/18/2023,7:00 PM,81,84,3,29.76,Clear,0,0,0,0,0,,,
10/18/2023,7:30 PM,81,84,5,29.79,Clear,0,0,0,0,0,,,
10/18/2023,8:00 PM,81,84,5,29.79,Clear,0,0,0,0,0,,,
10/18/2023,8:30 PM,79,89,3,29.79,Clear,0,0,0,0,0,,,
10/18/2023,9:00 PM,81,84,3,29.81,Clear,0,0,0,0,0,,,
10/18/2023,9:30 PM,79,89,3,29.81,Clear,0,0,0,0,0,,,
10/18/2023,10:00 PM,79,94,3,29.81,Clear,0,0,0,0,0,,,
10/18/2023,10:30 PM,79,89,5,29.81,Rain,0,0,0,0,0,,,
10/18/2023,11:00 PM,79,89,2,29.81,Rain,0,0,0,0,0,,,
10/18/2023,11:30 PM,79,89,2,29.81,Rain,0,0,0,0,0,,,
10/19/2023,12:00 AM,79,94,0,29.81,Rain,0,0,0,0,0,,,
10/19/2023,12:30 AM,79,94,0,29.81,Rain,0,0,0,0,0,,,
10/19/2023,1:00 AM,77,100,5,29.79,Rain,0,0,0,0,0,,,
10/19/2023,1:30 AM,77,100,3,29.79,Rain,0,0,0,0,0,,,
10/19/2023,2:00 AM,77,94,3,29.76,Clear,0,0,0,0,0,,,
10/19/2023,2:30 AM,77,94,3,29.76,Clear,0,0,0,0,0,,,
10/19/2023,3:00 AM,77,94,2,29.76,Clear,0,0,0,0,0,,,
10/19/2023,3:30 AM,77,94,2,29.76,Clear,0,0,0,0,0,,,
10/19/2023,4:00 AM,77,94,3,29.73,Clear,0,0,0,0,0,,,
10/19/2023,4:30 AM,77,94,2,29.73,Clear,0,0,0,0,0,,,
10/19/2023,5:00 AM,77,94,2,29.76,Clear,0,0,0,0,0,,,
10/19/2023,5:30 AM,77,94,0,29.76,Clear,0,0,0,0,0,,,
10/19/2023,6:00 AM,77,94,2,29.79,Mist,0,0,0,0,0,,,
10/19/2023,6:30 AM,77,94,5,29.79,Mist,0,0,0,0,0,,,
10/19/2023,7:00 AM,77,94,2,29.79,Mist,0,0,0,0,0,,,
10/19/2023,7:30 AM,77,100,0,29.79,Mist,0,0,0,0,0,,,
10/19/2023,8:00 AM,79,89,0,29.79,Clear,0,0,0,0,0,,,
10/19/2023,8:30 AM,82,89,0,29.81,Clear,0,0,0,0,0,,,
10/19/2023,9:00 AM,84,79,3,29.81,Clear,0,0,0,0,0,,,
10/19/2023,9:30 AM,86,74,3,29.81,Clear,0,0,0,0,0,,,
10/19/2023,10:00 AM,86,70,5,29.81,Clear,0,0,0,0,0,,,
10/19/2023,10:30 AM,88,62,3,29.79,Clear,0,0,0,0,0,,,
10/19/2023,11:00 AM,90,62,5,29.79,Clear,0,0,0,0,0,,,
10/19/2023,11:30 AM,91,55,7,29.79,Clear,0,0,0,0,0,,,
10/19/2023,12:00 PM,91,55,3,29.76,Rain,0,0,0,0,0,,,
10/19/2023,12:30 PM,90,59,3,29.76,Rain,0,0,0,0,0,,,
10/19/2023,1:00 PM,88,66,12,29.76,Rain,0,0,0,0,0,,,
10/19/2023,1:30 PM,81,79,15,29.73,Rain,0,0,0,0,0,,,
10/19/2023,2:00 PM,82,84,3,29.73,Rain,0,0,0,0,0,,,
10/19/2023,2:30 PM,86,70,6,29.7,Clear,0,0,0,0,0,,,
10/19/2023,3:00 PM,90,66,6,29.7,Rain,0,0,0,0,0,,,
10/19/2023,3:30 PM,88,70,7,29.67,Rain,0,0,0,0,0,,,
10/19/2023,4:00 PM,82,74,8,29.7,Rain,0,0,0,0,0,,,
10/19/2023,4:30 PM,77,94,3,29.7,Rain,0,0,0,0,0,,,
10/19/2023,5:00 PM,77,94,3,29.7,Clear,0,0,0,0,0,,,
10/19/2023,5:30 PM,77,94,5,29.7,Clear,0,0,0,0,0,,,
10/19/2023,6:00 PM,77,94,3,29.7,Clear,0,0,0,0,0,,,
10/19/2023,6:30 PM,77,94,3,29.73,Clear,0,0,0,0,0,,,
10/19/2023,7:00 PM,77,94,2,29.73,Clear,0,0,0,0,0,,,
10/19/2023,7:30 PM,79,89,0,29.76,Clear,0,0,0,0,0,,,
10/19/2023,8:00 PM,77,94,2,29.76,Clear,0,0,0,0,0,,,
10/19/2023,8:30 PM,79,89,2,29.79,Clear,0,0,0,0,0,,,
10/19/2023,9:00 PM,79,89,0,29.79,Clear,0,0,0,0,0,,,
10/19/2023,9:30 PM,79,89,6,29.81,Clear,0,0,0,0,0,,,
10/19/2023,10:00 PM,79,89,1,29.81,Clear,0,0,0,0,0,,,
10/19/2023,10:30 PM,79,89,0,29.81,Clear,0,0,0,0,0,,,
10/19/2023,11:00 PM,77,100,0,29.79,Clear,0,0,0,0,0,,,
10/19/2023,11:30 PM,77,100,2,29.79,Clear,0,0,0,0,0,,,
10/20/2023,12:00 AM,77,100,3,29.79,Clear,0,0,0,0,0,,,
10/20/2023,12:30 AM,77,100,3,29.79,Clear,0,0,0,0,0,,,
10/20/2023,1:00 AM,77,94,2,29.79,Clear,0,0,0,0,0,,,
10/20/2023,1:30 AM,77,94,0,29.76,Clear,0,0,0,0,0,,,
10/20/2023,2:00 AM,77,94,0,29.76,Clear,0,0,0,0,0,,,
10/20/2023,2:30 AM,77,94,0,29.76,Clear,0,0,0,0,0,,,
10/20/2023,3:00 AM,77,94,0,29.73,Clear,0,0,0,0,0,,,
10/20/2023,3:30 AM,77,94,0,29.73,Clear,0,0,0,0,0,,,
10/20/2023,4:00 AM,77,94,0,29.73,Mist,0,0,0,0,0,,,
10/20/2023,4:30 AM,75,100,0,29.73,Mist,0,0,0,0,0,,,
10/20/2023,5:00 AM,75,100,0,29.73,Mist,0,0,0,0,0,,,
10/20/2023,5:30 AM,75,100,0,29.76,Mist,0,0,0,0,0,,,
10/20/2023,6:00 AM,75,100,0,29.76,Mist,0,0,0,0,0,,,
10/20/2023,6:30 AM,75,100,0,29.76,Mist,0,0,0,0,0,,,
10/20/2023,7:00 AM,77,100,0,29.79,Mist,0,0,0,0,0,,,
10/20/2023,7:30 AM,77,94,3,29.79,Mist,0,0,0,0,0,,,
10/20/2023,8:00 AM,79,94,0,29.79,Mist,0,0,0,0,0,,,
10/20/2023,8:30 AM,82,84,0,29.79,Clear,0,0,0,0,0,,,
10/20/2023,9:00 AM,84,79,0,29.81,Clear,0,0,0,0,0,,,
10/20/2023,9:30 AM,86,74,0,29.81,Clear,0,0,0,0,0,,,
10/20/2023,10:00 AM,88,66,1,29.81,Clear,0,0,0,0,0,,,
10/20/2023,10:30 AM,90,62,3,29.81,Clear,0,0,0,0,0,,,
10/20/2023,11:00 AM,90,55,3,29.79,Clear,0,0,0,0,0,,,
10/20/2023,11:30 AM,90,59,5,29.76,Rain,0,0,0,0,0,,,
10/20/2023,12:00 PM,90,59,3,29.76,Rain,0,0,0,0,0,,,
10/20/2023,12:30 PM,90,62,9,29.73,Clear,0,0,0,0,0,,,
10/20/2023,1:00 PM,91,55,3,29.73,Clear,0,0,0,0,0,,,
10/20/2023,1:30 PM,91,55,3,29.7,Rain,0,0,0,0,0,,,
10/20/2023,2:00 PM,93,56,6,29.67,Clear,0,0,0,0,0,,,
10/20/2023,2:30 PM,90,62,8,29.67,Rain,0,0,0,0,0,,,
10/20/2023,3:00 PM,90,66,6,29.64,Clear,0,0,0,0,0,,,
10/20/2023,3:30 PM,90,66,10,29.64,Rain,0,0,0,0,0,,,
10/20/2023,4:00 PM,90,62,10,29.64,Clear,0,0,0,0,0,,,
10/20/2023,4:30 PM,81,84,13,29.67,Clear,0,0,0,0,0,,,
10/20/2023,5:00 PM,77,94,7,29.7,Rain,0,0,0,0,0,,,
10/20/2023,5:30 PM,77,94,7,29.7,Rain,0,0,0,0,0,,,
10/20/2023,6:00 PM,77,94,6,29.7,Rain,0,0,0,0,0,,,
10/20/2023,6:30 PM,77,100,5,29.73,Rain,0,0,0,0,0,,,
10/20/2023,7:00 PM,77,100,5,29.73,Rain,0,0,0,0,0,,,
10/20/2023,7:30 PM,77,100,3,29.73,Clear,0,0,0,0,0,,,
10/20/2023,8:00 PM,77,100,0,29.76,Clear,0,0,0,0,0,,,
10/20/2023,8:30 PM,79,94,0,29.76,Clear,0,0,0,0,0,,,
10/20/2023,9:00 PM,79,94,0,29.79,Clear,0,0,0,0,0,,,
10/20/2023,9:30 PM,79,94,6,29.81,Clear,0,0,0,0,0,,,
10/20/2023,10:00 PM,77,100,2,29.79,Clear,0,0,0,0,0,,,
10/20/2023,10:30 PM,79,94,5,29.79,Clear,0,0,0,0,0,,,
10/20/2023,11:00 PM,77,100,5,29.79,Clear,0,0,0,0,0,,,
10/20/2023,11:30 PM,77,100,3,29.79,Clear,0,0,0,0,0,,,
10/21/2023,12:00 AM,77,100,0,29.79,Clear,0,0,0,0,0,,,
10/21/2023,12:30 AM,77,100,0,29.79,Clear,0,0,0,0,0,,,
10/21/2023,1:00 AM,77,100,0,29.79,Clear,0,0,0,0,0,,,
10/21/2023,1:30 AM,77,100,0,29.76,Clear,0,0,0,0,0,,,
10/21/2023,2:00 AM,77,100,0,29.73,Mist,0,0,0,0,0,,,
10/21/2023,2:30 AM,77,100,0,29.73,Mist,0,0,0,0,0,,,
10/21/2023,3:00 AM,77,100,0,29.73,Mist,0,0,0,0,0,,,
10/21/2023,3:30 AM,77,100,0,29.73,Clear,0,0,0,0,0,,,
10/21/2023,4:00 AM,77,100,2,29.73,Clear,0,0,0,0,0,,,
10/21/2023,4:30 AM,77,94,0,29.73,Clear,0,0,0,0,0,,,
10/21/2023,5:00 AM,77,94,0,29.73,Clear,0,0,0,0,0,,,
10/21/2023,5:30 AM,77,94,2,29.73,Clear,0,0,0,0,0,,,
10/21/2023,6:00 AM,77,94,3,29.76,Clear,0,0,0,0,0,,,
10/21/2023,6:30 AM,77,94,0,29.76,Clear,0,0,0,0,0,,,
10/21/2023,7:00 AM,77,94,0,29.76,Clear,0,0,0,0,0,,,
10/21/2023,7:30 AM,79,89,3,29.79,Clear,0,0,0,0,0,,,
10/21/2023,8:00 AM,79,89,5,29.79,Clear,0,0,0,0,0,,,
10/21/2023,8:30 AM,79,89,6,29.81,Clear,0,0,0,0,0,,,
10/21/2023,9:00 AM,81,89,6,29.81,Clear,0,0,0,0,0,,,
10/21/2023,9:30 AM,82,84,6,29.81,Clear,0,0,0,0,0,,,
10/21/2023,10:00 AM,84,79,5,29.81,Clear,0,0,0,0,0,,,
10/21/2023,10:30 AM,84,79,5,29.81,Clear,0,0,0,0,0,,,
10/21/2023,11:00 AM,86,74,6,29.81,Clear,0,0,0,0,0,,,
10/21/2023,11:30 AM,86,74,6,29.81,Clear,0,0,0,0,0,,,
10/21/2023,12:00 PM,88,70,8,29.79,Clear,0,0,0,0,0,,,
10/21/2023,12:30 PM,88,66,6,29.76,Clear,0,0,0,0,0,,,
10/21/2023,1:00 PM,90,62,7,29.76,Clear,0,0,0,0,0,,,
10/21/2023,1:30 PM,90,66,7,29.73,Clear,0,0,0,0,0,,,
10/21/2023,2:00 PM,90,66,5,29.73,Clear,0,0,0,0,0,,,
10/21/2023,2:30 PM,91,63,7,29.7,Clear,0,0,0,0,0,,,
10/21/2023,3:00 PM,90,62,7,29.67,Clear,0,0,0,0,0,,,
10/21/2023,3:30 PM,91,59,8,29.67,Clear,0,0,0,0,0,,,
10/21/2023,4:00 PM,90,62,8,29.67,Clear,0,0,0,0,0,,,
10/21/2023,4:30 PM,90,62,8,29.67,Clear,0,0,0,0,0,,,
10/21/2023,5:00 PM,88,66,7,29.7,Rain,0,0,0,0,0,,,
10/21/2023,5:30 PM,88,66,6,29.73,Rain,0,0,0,0,0,,,
10/21/2023,6:00 PM,86,70,3,29.73,Rain,0,0,0,0,0,,,
10/21/2023,6:30 PM,86,70,5,29.76,Rain,0,0,0,0,0,,,
10/21/2023,7:00 PM,81,89,7,29.79,Rain,0,0,0,0,0,,,
10/21/2023,7:30 PM,77,94,7,29.81,Rain,0,0,0,0,0,,,
10/21/2023,8:00 PM,77,94,8,29.81,Rain,0,0,0,0,0,,,
10/21/2023,8:30 PM,77,94,7,29.84,Rain,0,0,0,0,0,,,
10/21/2023,9:00 PM,77,94,6,29.84,Rain,0,0,0,0,0,,,
10/21/2023,9:30 PM,77,94,2,29.84,Rain,0,0,0,0,0,,,
10/21/2023,10:00 PM,77,94,0,29.81,Clear,0,0,0,0,0,,,
10/21/2023,10:30 PM,77,94,3,29.81,Clear,0,0,0,0,0,,,
10/21/2023,11:00 PM,77,94,3,29.81,Clear,0,0,0,0,0,,,
10/21/2023,11:30 PM,77,94,1,29.81,Clear,0,0,0,0,0,,,
10/22/2023,12:00 AM,77,94,2,29.81,Clear,0,0,0,0,0,,,
10/22/2023,12:30 AM,77,94,0,29.81,Clear,0,0,0,0,0,,,
10/22/2023,1:00 AM,75,100,0,29.79,Clear,0,0,0,0,0,,,
10/22/2023,1:30 AM,75,100,2,29.79,Clear,0,0,0,0,0,,,
10/22/2023,2:00 AM,75,100,0,29.79,Clear,0,0,0,0,0,,,
10/22/2023,2:30 AM,75,100,1,29.76,Clear,0,0,0,0,0,,,
10/22/2023,3:00 AM,75,94,3,29.76,Clear,0,0,0,0,0,,,
10/22/2023,3:30 AM,75,94,0,29.76,Clear,0,0,0,0,0,,,
10/22/2023,4:00 AM,75,94,3,29.76,Mist,0,0,0,0,0,,,
10/22/2023,4:30 AM,75,94,2,29.76,Mist,0,0,0,0,0,,,
10/22/2023,5:00 AM,75,100,2,29.79,Mist,0,0,0,0,0,,,
10/22/2023,5:30 AM,75,100,5,29.79,Mist,0,0,0,0,0,,,
10/22/2023,6:00 AM,75,100,5,29.79,Mist,0,0,0,0,0,,,
10/22/2023,6:30 AM,75,100,3,29.81,Mist,0,0,0,0,0,,,
10/22/2023,7:00 AM,75,100,3,29.81,Mist,0,0,0,0,0,,,
10/22/2023,7:30 AM,77,94,2,29.81,Mist,0,0,0,0,0,,,
10/22/2023,8:00 AM,77,100,2,29.81,Mist,0,0,0,0,0,,,
10/22/2023,8:30 AM,81,89,2,29.84,Clear,0,0,0,0,0,,,
10/22/2023,9:00 AM,82,84,2,29.84,Clear,0,0,0,0,0,,,
10/22/2023,9:30 AM,84,79,3,29.84,Clear,0,0,0,0,0,,,
10/22/2023,10:00 AM,86,74,2,29.84,Clear,0,0,0,0,0,,,
10/22/2023,10:30 AM,86,70,3,29.84,Clear,0,0,0,0,0,,,
10/22/2023,11:00 AM,88,62,3,29.81,Clear,0,0,0,0,0,,,
10/22/2023,11:30 AM,88,62,3,29.79,Clear,0,0,0,0,0,,,
10/22/2023,12:00 PM,90,59,3,29.79,Clear,0,0,0,0,0,,,
10/22/2023,12:30 PM,93,56,2,29.76,Clear,0,0,0,0,0,,,
10/22/2023,1:00 PM,91,59,5,29.73,Clear,0,0,0,0,0,,,
10/22/2023,1:30 PM,91,59,5,29.73,Clear,0,0,0,0,0,,,
10/22/2023,2:00 PM,91,59,7,29.7,Rain,0,0,0,0,0,,,
10/22/2023,2:30 PM,84,74,13,29.7,Rain,0,0,0,0,0,,,
10/22/2023,3:00 PM,81,74,15,29.7,Rain,0,0,0,0,0,,,
10/22/2023,3:30 PM,75,100,16,29.7,Clear,0,0,0,0,0,,,
10/22/2023,4:00 PM,75,100,10,29.73,Clear,0,0,0,0,0,,,
10/22/2023,4:30 PM,77,94,8,29.73,Rain,0,0,0,0,0,,,
10/22/2023,5:00 PM,77,94,7,29.76,Clear,0,0,0,0,0,,,
10/22/2023,5:30 PM,77,94,3,29.76,Clear,0,0,0,0,0,,,
10/22/2023,6:00 PM,77,94,2,29.76,Clear,0,0,0,0,0,,,
10/22/2023,6:30 PM,77,94,0,29.79,Clear,0,0,0,0,0,,,
10/22/2023,7:00 PM,77,100,2,29.79,Clear,0,0,0,0,0,,,
10/22/2023,7:30 PM,77,100,0,29.81,Clear,0,0,0,0,0,,,
10/22/2023,8:00 PM,77,100,2,29.81,Clear,0,0,0,0,0,,,
10/22/2023,8:30 PM,77,100,5,29.84,Clear,0,0,0,0,0,,,
10/22/2023,9:00 PM,79,89,3,29.84,Clear,0,0,0,0,0,,,
10/22/2023,9:30 PM,77,100,5,29.84,Clear,0,0,0,0,0,,,
10/22/2023,10:00 PM,77,94,5,29.84,Clear,0,0,0,0,0,,,
10/22/2023,10:30 PM,77,89,3,29.84,Clear,0,0,0,0,0,,,
10/22/2023,11:00 PM,77,94,1,29.84,Clear,0,0,0,0,0,,,
10/22/2023,11:30 PM,77,94,2,29.84,Clear,0,0,0,0,0,,,
10/23/2023,12:00 AM,75,100,3,29.84,Clear,0,0,0,0,0,,,
10/23/2023,12:30 AM,75,100,2,29.81,Clear,0,0,0,0,0,,,
10/23/2023,1:00 AM,75,100,2,29.81,Clear,0,0,0,0,0,,,
10/23/2023,1:30 AM,75,94,0,29.81,Clear,0,0,0,0,0,,,
10/23/2023,2:00 AM,75,94,0,29.81,Clear,0,0,0,0,0,,,
10/23/2023,2:30 AM,75,94,2,29.79,Clear,0,0,0,0,0,,,
10/23/2023,3:00 AM,75,94,3,29.79,Clear,0,0,0,0,0,,,
10/23/2023,3:30 AM,75,94,2,29.79,Clear,0,0,0,0,0,,,
10/23/2023,4:00 AM,75,94,1,29.79,Clear,0,0,0,0,0,,,
10/23/2023,4:30 AM,75,94,0,29.79,Clear,0,0,0,0,0,,,
10/23/2023,5:00 AM,75,94,3,29.79,Clear,0,0,0,0,0,,,
10/23/2023,5:30 AM,73,100,3,29.79,Clear,0,0,0,0,0,,,
10/23/2023,6:00 AM,73,100,2,29.79,Clear,0,0,0,0,0,,,
10/23/2023,6:30 AM,73,100,2,29.81,Clear,0,0,0,0,0,,,
10/23/2023,7:00 AM,75,94,0,29.81,Clear,0,0,0,0,0,,,
10/23/2023,7:30 AM,75,94,0,29.81,Clear,0,0,0,0,0,,,
10/23/2023,8:00 AM,77,94,0,29.84,Clear,0,0,0,0,0,,,
10/23/2023,8:30 AM,77,94,2,29.84,Clear,0,0,0,0,0,,,
10/23/2023,9:00 AM,81,84,3,29.84,Clear,0,0,0,0,0,,,
10/23/2023,9:30 AM,82,84,2,29.84,Clear,0,0,0,0,0,,,
10/23/2023,10:00 AM,84,79,3,29.84,Clear,0,0,0,0,0,,,
10/23/2023,10:30 AM,86,66,2,29.84,Clear,0,0,0,0,0,,,
10/23/2023,11:00 AM,86,66,3,29.81,Clear,0,0,0,0,0,,,
10/23/2023,11:30 AM,84,70,3,29.81,Clear,0,0,0,0,0,,,
10/23/2023,12:00 PM,86,62,3,29.79,Clear,0,0,0,0,0,,,
10/23/2023,12:30 PM,86,66,5,29.79,Clear,0,0,0,0,0,,,
10/23/2023,1:00 PM,86,66,6,29.79,Clear,0,0,0,0,0,,,
10/23/2023,1:30 PM,86,62,6,29.76,Clear,0,0,0,0,0,,,
10/23/2023,2:00 PM,88,58,5,29.76,Clear,0,0,0,0,0,,,
10/23/2023,2:30 PM,88,62,6,29.73,Clear,0,0,0,0,0,,,
10/23/2023,3:00 PM,88,62,6,29.7,Clear,0,0,0,0,0,,,
10/23/2023,3:30 PM,88,58,3,29.7,Clear,0,0,0,0,0,,,
10/23/2023,4:00 PM,88,58,5,29.7,Clear,0,0,0,0,0,,,
10/23/2023,4:30 PM,88,62,5,29.7,Clear,0,0,0,0,0,,,
10/23/2023,5:00 PM,86,70,5,29.7,Clear,0,0,0,0,0,,,
10/23/2023,5:30 PM,86,70,3,29.7,Clear,0,0,0,0,0,,,
10/23/2023,6:00 PM,84,74,5,29.7,Clear,0,0,0,0,0,,,
10/23/2023,6:30 PM,84,74,3,29.7,Clear,0,0,0,0,0,,,
10/23/2023,7:00 PM,82,79,2,29.7,Clear,0,0,0,0,0,,,
10/23/2023,7:30 PM,82,79,0,29.73,Clear,0,0,0,0,0,,,
10/23/2023,8:00 PM,81,84,5,29.76,Clear,0,0,0,0,0,,,
10/23/2023,8:30 PM,81,89,0,29.76,Clear,0,0,0,0,0,,,
10/23/2023,9:00 PM,81,89,2,29.79,Clear,0,0,0,0,0,,,
10/23/2023,9:30 PM,81,84,0,29.79,Clear,0,0,0,0,0,,,
10/23/2023,10:00 PM,79,94,3,29.79,Clear,0,0,0,0,0,,,
10/23/2023,10:30 PM,79,89,2,29.79,Clear,0,0,0,0,0,,,
10/23/2023,11:00 PM,79,89,3,29.79,Clear,0,0,0,0,0,,,
10/23/2023,11:30 PM,79,89,5,29.79,Clear,0,0,0,0,0,,,
10/24/2023,12:00 AM,77,94,2,29.79,Clear,0,0,0,0,0,,,
10/24/2023,12:30 AM,77,94,0,29.79,Clear,0,0,0,0,0,,,
10/24/2023,1:00 AM,77,94,0,29.76,Clear,0,0,0,0,0,,,
10/24/2023,1:30 AM,77,94,0,29.76,Clear,0,0,0,0,0,,,
10/24/2023,2:00 AM,77,94,3,29.76,Clear,0,0,0,0,0,,,
10/24/2023,2:30 AM,77,94,3,29.76,Clear,0,0,0,0,0,,,
10/24/2023,3:00 AM,77,94,3,29.76,Clear,0,0,0,0,0,,,
10/24/2023,3:30 AM,77,94,1,29.76,Clear,0,0,0,0,0,,,
10/24/2023,4:00 AM,77,94,3,29.76,Clear,0,0,0,0,0,,,
10/24/2023,4:30 AM,77,94,3,29.76,Clear,0,0,0,0,0,,,
10/24/2023,5:00 AM,77,94,5,29.76,Clear,0,0,0,0,0,,,
10/24/2023,5:30 AM,77,94,3,29.76,Clear,0,0,0,0,0,,,
10/24/2023,6:00 AM,77,94,3,29.79,Clear,0,0,0,0,0,,,
10/24/2023,6:30 AM,77,94,2,29.79,Clear,0,0,0,0,0,,,
10/24/2023,7:00 AM,77,94,0,29.79,Clear,0,0,0,0,0,,,
10/24/2023,7:30 AM,77,94,2,29.79,Clear,0,0,0,0,0,,,
10/24/2023,8:00 AM,79,89,2,29.81,Clear,0,0,0,0,0,,,
10/24/2023,8:30 AM,79,89,0,29.81,Clear,0,0,0,0,0,,,
10/24/2023,9:00 AM,81,89,1,29.81,Clear,0,0,0,0,0,,,
10/24/2023,9:30 AM,82,79,1,29.81,Clear,0,0,0,0,0,,,
10/24/2023,10:00 AM,84,79,2,29.81,Clear,0,0,0,0,0,,,
10/24/2023,10:30 AM,88,70,2,29.81,Clear,0,0,0,0,0,,,
10/24/2023,11:00 AM,86,70,3,29.81,Clear,0,0,0,0,0,,,
10/24/2023,11:30 AM,88,66,5,29.79,Clear,0,0,0,0,0,,,
10/24/2023,12:00 PM,90,59,3,29.79,Clear,0,0,0,0,0,,,
10/24/2023,12:30 PM,91,55,3,29.76,Clear,0,0,0,0,0,,,
10/24/2023,1:00 PM,91,55,5,29.73,Clear,0,0,0,0,0,,,
10/24/2023,1:30 PM,90,59,7,29.73,Clear,0,0,0,0,0,,,
10/24/2023,2:00 PM,93,56,2,29.7,Clear,0,0,0,0,0,,,
10/24/2023,2:30 PM,91,55,3,29.67,Clear,0,0,0,0,0,,,
10/24/2023,3:00 PM,91,52,7,29.67,Clear,0,0,0,0,0,,,
10/24/2023,3:30 PM,91,55,7,29.67,Clear,0,0,0,0,0,,,
10/24/2023,4:00 PM,91,59,7,29.67,Rain,0,0,0,0,0,,,
10/24/2023,4:30 PM,86,70,13,29.67,Rain,0,0,0,0,0,,,
10/24/2023,5:00 PM,84,70,10,29.7,Clear,0,0,0,0,0,,,
10/24/2023,5:30 PM,84,70,6,29.7,Clear,0,0,0,0,0,,,
10/24/2023,6:00 PM,82,79,5,29.7,Clear,0,0,0,0,0,,,
10/24/2023,6:30 PM,82,79,3,29.73,Clear,0,0,0,0,0,,,
10/24/2023,7:00 PM,81,84,1,29.76,Clear,0,0,0,0,0,,,
10/24/2023,7:30 PM,81,84,3,29.79,Clear,0,0,0,0,0,,,
10/24/2023,8:00 PM,81,84,3,29.79,Clear,0,0,0,0,0,,,
10/24/2023,8:30 PM,79,89,3,29.79,Clear,0,0,0,0,0,,,
10/24/2023,9:00 PM,79,89,0,29.81,Clear,0,0,0,0,0,,,
10/24/2023,9:30 PM,79,89,3,29.81,Clear,0,0,0,0,0,,,
10/24/2023,10:00 PM,79,89,1,29.81,Clear,0,0,0,0,0,,,
10/24/2023,10:30 PM,77,94,5,29.81,Clear,0,0,0,0,0,,,
10/24/2023,11:00 PM,77,94,3,29.81,Clear,0,0,0,0,0,,,
10/24/2023,11:30 PM,77,94,3,29.81,Clear,0,0,0,0,0,,,
10/25/2023,12:00 AM,77,94,2,29.81,Clear,0,0,0,0,0,,,
10/25/2023,12:30 AM,77,94,5,29.79,Clear,0,0,0,0,0,,,
10/25/2023,1:00 AM,77,94,1,29.79,Clear,0,0,0,0,0,,,
10/25/2023,1:30 AM,77,94,2,29.76,Clear,0,0,0,0,0,,,
10/25/2023,2:00 AM,77,94,2,29.76,Clear,0,0,0,0,0,,,
10/25/2023,2:30 AM,77,94,2,29.76,Clear,0,0,0,0,0,,,
10/25/2023,3:00 AM,77,94,2,29.76,Clear,0,0,0,0,0,,,
10/25/2023,3:30 AM,77,94,3,29.73,Clear,0,0,0,0,0,,,
10/25/2023,4:00 AM,75,100,1,29.76,Clear,0,0,0,0,0,,,
10/25/2023,4:30 AM,77,94,2,29.76,Clear,0,0,0,0,0,,,
10/25/2023,5:00 AM,77,94,5,29.76,Clear,0,0,0,0,0,,,
10/25/2023,5:30 AM,77,94,5,29.76,Clear,0,0,0,0,0,,,
10/25/2023,6:00 AM,77,94,3,29.76,Clear,0,0,0,0,0,,,
10/25/2023,6:30 AM,77,94,3,29.79,Clear,0,0,0,0,0,,,
10/25/2023,7:00 AM,79,89,2,29.79,Clear,0,0,0,0,0,,,
10/25/2023,7:30 AM,79,89,3,29.79,Clear,0,0,0,0,0,,,
10/25/2023,8:00 AM,81,89,5,29.81,Clear,0,0,0,0,0,,,
10/25/2023,8:30 AM,82,84,5,29.81,Clear,0,0,0,0,0,,,
10/25/2023,9:00 AM,84,79,6,29.81,Clear,0,0,0,0,0,,,
10/25/2023,9:30 AM,86,74,6,29.81,Clear,0,0,0,0,0,,,
10/25/2023,10:00 AM,88,66,5,29.81,Clear,0,0,0,0,0,,,
10/25/2023,10:30 AM,88,66,6,29.81,Clear,0,0,0,0,0,,,
10/25/2023,11:00 AM,88,66,5,29.81,Clear,0,0,0,0,0,,,
10/25/2023,11:30 AM,90,59,2,29.79,Rain,0,0,0,0,0,,,
10/25/2023,12:00 PM,91,55,3,29.79,Rain,0,0,0,0,0,,,
10/25/2023,12:30 PM,91,55,3,29.76,Rain,0,0,0,0,0,,,
10/25/2023,1:00 PM,90,62,8,29.76,Rain,0,0,0,0,0,,,
10/25/2023,1:30 PM,88,66,9,29.73,Rain,0,0,0,0,0,,,
10/25/2023,2:00 PM,88,66,7,29.7,Clear,0,0,0,0,0,,,
10/25/2023,2:30 PM,88,66,10,29.7,Clear,0,0,0,0,0,,,
10/25/2023,3:00 PM,86,74,9,29.7,Clear,0,0,0,0,0,,,
10/25/2023,3:30 PM,82,84,9,29.7,Rain,0,0,0,0,0,,,
10/25/2023,4:00 PM,81,89,5,29.7,Rain,0,0,0,0,0,,,
10/25/2023,4:30 PM,79,89,1,29.7,Rain,0,0,0,0,0,,,
10/25/2023,5:00 PM,79,89,2,29.7,Clear,0,0,0,0,0,,,
10/25/2023,5:30 PM,79,94,2,29.7,Clear,0,0,0,0,0,,,
10/25/2023,6:00 PM,79,94,3,29.7,Clear,0,0,0,0,0,,,
10/25/2023,6:30 PM,79,94,3,29.73,Clear,0,0,0,0,0,,,
10/25/2023,7:00 PM,79,94,2,29.73,Clear,0,0,0,0,0,,,
10/25/2023,7:30 PM,79,94,1,29.76,Clear,0,0,0,0,0,,,
10/25/2023,8:00 PM,79,94,3,29.76,Clear,0,0,0,0,0,,,
10/25/2023,8:30 PM,79,94,2,29.79,Clear,0,0,0,0,0,,,
10/25/2023,9:00 PM,79,94,0,29.79,Clear,0,0,0,0,0,,,
10/25/2023,9:30 PM,79,94,0,29.81,Clear,0,0,0,0,0,,,
10/25/2023,10:00 PM,77,100,1,29.79,Clear,0,0,0,0,0,,,
10/25/2023,10:30 PM,77,94,0,29.81,Clear,0,0,0,0,0,,,
10/25/2023,11:00 PM,77,94,2,29.81,Clear,0,0,0,0,0,,,
10/25/2023,11:30 PM,77,94,0,29.81,Clear,0,0,0,0,0,,,
10/26/2023,12:00 AM,77,94,0,29.79,Clear,0,0,0,0,0,,,
10/26/2023,12:30 AM,77,94,0,29.79,Clear,0,0,0,0,0,,,
10/26/2023,1:00 AM,77,94,0,29.76,Clear,0,0,0,0,0,,,
10/26/2023,1:30 AM,77,94,0,29.76,Clear,0,0,0,0,0,,,
10/26/2023,2:00 AM,77,94,3,29.76,Clear,0,0,0,0,0,,,
10/26/2023,2:30 AM,77,94,3,29.76,Clear,0,0,0,0,0,,,
10/26/2023,3:00 AM,75,100,3,29.73,Clear,0,0,0,0,0,,,
10/26/2023,3:30 AM,75,100,2,29.73,Clear,0,0,0,0,0,,,
10/26/2023,4:00 AM,75,100,0,29.73,Clear,0,0,0,0,0,,,
10/26/2023,4:30 AM,75,100,0,29.73,Clear,0,0,0,0,0,,,
10/26/2023,5:00 AM,75,100,0,29.73,Clear,0,0,0,0,0,,,
10/26/2023,5:30 AM,75,94,2,29.76,Clear,0,0,0,0,0,,,
10/26/2023,6:00 AM,75,94,2,29.76,Clear,0,0,0,0,0,,,
10/26/2023,6:30 AM,75,94,1,29.76,Clear,0,0,0,0,0,,,
10/26/2023,7:00 AM,75,100,1,29.76,Clear,0,0,0,0,0,,,
10/26/2023,7:30 AM,77,94,2,29.79,Clear,0,0,0,0,0,,,
10/26/2023,8:00 AM,81,89,0,29.79,Clear,0,0,0,0,0,,,
10/26/2023,8:30 AM,82,84,2,29.79,Clear,0,0,0,0,0,,,
10/26/2023,9:00 AM,84,79,5,29.81,Clear,0,0,0,0,0,,,
10/26/2023,9:30 AM,84,74,3,29.81,Clear,0,0,0,0,0,,,
10/26/2023,10:00 AM,88,66,3,29.81,Clear,0,0,0,0,0,,,
10/26/2023,10:30 AM,88,70,2,29.81,Clear,0,0,0,0,0,,,
10/26/2023,11:00 AM,90,66,5,29.79,Rain,0,0,0,0,0,,,
10/26/2023,11:30 AM,90,66,2,29.79,Clear,0,0,0,0,0,,,
10/26/2023,12:00 PM,90,62,3,29.76,Clear,0,0,0,0,0,,,
10/26/2023,12:30 PM,90,62,7,29.76,Clear,0,0,0,0,0,,,
10/26/2023,1:00 PM,90,62,5,29.73,Clear,0,0,0,0,0,,,
10/26/2023,1:30 PM,91,63,9,29.73,Rain,0,0,0,0,0,,,
10/26/2023,2:00 PM,91,63,9,29.7,Clear,0,0,0,0,0,,,
10/26/2023,2:30 PM,88,70,12,29.67,Clear,0,0,0,0,0,,,
10/26/2023,3:00 PM,86,70,10,29.67,Clear,0,0,0,0,0,,,
10/26/2023,3:30 PM,84,74,7,29.67,Clear,0,0,0,0,0,,,
10/26/2023,4:00 PM,84,74,7,29.67,Rain,0,0,0,0,0,,,
10/26/2023,4:30 PM,82,79,7,29.7,Rain,0,0,0,0,0,,,
10/26/2023,5:00 PM,81,84,2,29.7,Clear,0,0,0,0,0,,,
10/26/2023,5:30 PM,81,84,6,29.7,Clear,0,0,0,0,0,,,
10/26/2023,6:00 PM,81,84,5,29.73,Clear,0,0,0,0,0,,,
10/26/2023,6:30 PM,79,89,7,29.73,Clear,0,0,0,0,0,,,
10/26/2023,7:00 PM,79,89,5,29.76,Rain,0,0,0,0,0,,,
10/26/2023,7:30 PM,79,94,2,29.76,Clear,0,0,0,0,0,,,
10/26/2023,8:00 PM,79,94,2,29.76,Rain,0,0,0,0,0,,,
10/26/2023,8:30 PM,79,94,1,29.79,Rain,0,0,0,0,0,,,
10/26/2023,9:00 PM,79,94,5,29.81,Rain,0,0,0,0,0,,,
10/26/2023,9:30 PM,79,94,5,29.81,Rain,0,0,0,0,0,,,
10/26/2023,10:00 PM,79,94,2,29.84,Clear,0,0,0,0,0,,,
10/26/2023,10:30 PM,79,94,3,29.84,Clear,0,0,0,0,0,,,
10/26/2023,11:00 PM,79,94,2,29.84,Clear,0,0,0,0,0,,,
10/26/2023,11:30 PM,77,94,5,29.81,Rain,0,0,0,0,0,,,
10/27/2023,12:00 AM,77,89,3,29.81,Rain,0,0,0,0,0,,,
10/27/2023,12:30 AM,77,94,2,29.79,Rain,0,0,0,0,0,,,
10/27/2023,1:00 AM,77,94,5,29.79,Clear,0,0,0,0,0,,,
10/27/2023,1:30 AM,77,94,2,29.76,Clear,0,0,0,0,0,,,
10/27/2023,2:00 AM,77,94,2,29.76,Clear,0,0,0,0,0,,,
10/27/2023,2:30 AM,75,100,2,29.73,Clear,0,0,0,0,0,,,
10/27/2023,3:00 AM,75,100,0,29.73,Clear,0,0,0,0,0,,,
10/27/2023,3:30 AM,75,100,0,29.73,Clear,0,0,0,0,0,,,
10/27/2023,4:00 AM,75,100,0,29.73,Clear,0,0,0,0,0,,,
10/27/2023,4:30 AM,75,100,0,29.73,Clear,0,0,0,0,0,,,
10/27/2023,5:00 AM,75,100,2,29.73,Mist,0,0,0,0,0,,,
10/27/2023,5:30 AM,75,94,0,29.73,Mist,0,0,0,0,0,,,
10/27/2023,6:00 AM,75,94,3,29.73,Mist,0,0,0,0,0,,,
10/27/2023,6:30 AM,75,94,2,29.76,Mist,0,0,0,0,0,,,
10/27/2023,7:00 AM,75,94,2,29.79,Mist,0,0,0,0,0,,,
10/27/2023,7:30 AM,75,100,3,29.79,Clear,0,0,0,0,0,,,
10/27/2023,8:00 AM,75,100,2,29.79,Clear,0,0,0,0,0,,,
10/27/2023,8:30 AM,81,84,2,29.79,Clear,0,0,0,0,0,,,
10/27/2023,9:00 AM,82,84,3,29.81,Clear,0,0,0,0,0,,,
10/27/2023,9:30 AM,86,70,3,29.81,Clear,0,0,0,0,0,,,
10/27/2023,10:00 AM,86,66,5,29.81,Clear,0,0,0,0,0,,,
10/27/2023,10:30 AM,88,66,6,29.81,Clear,0,0,0,0,0,,,
10/27/2023,11:00 AM,90,59,3,29.79,Clear,0,0,0,0,0,,,
10/27/2023,11:30 AM,91,59,3,29.79,Clear,0,0,0,0,0,,,
10/27/2023,12:00 PM,91,52,2,29.76,Clear,0,0,0,0,0,,,
10/27/2023,12:30 PM,91,52,5,29.76,Clear,0,0,0,0,0,,,
10/27/2023,1:00 PM,91,55,5,29.73,Clear,0,0,0,0,0,,,
10/27/2023,1:30 PM,91,52,5,29.7,Clear,0,0,0,0,0,,,
10/27/2023,2:00 PM,93,49,7,29.7,Clear,0,0,0,0,0,,,
10/27/2023,2:30 PM,93,49,5,29.67,Clear,0,0,0,0,0,,,
10/27/2023,3:00 PM,93,46,3,29.64,Clear,0,0,0,0,0,,,
10/27/2023,3:30 PM,93,49,5,29.64,Clear,0,0,0,0,0,,,
10/27/2023,4:00 PM,93,49,0,29.64,Clear,0,0,0,0,0,,,
10/27/2023,4:30 PM,93,49,3,29.64,Clear,0,0,0,0,0,,,
10/27/2023,5:00 PM,91,59,6,29.64,Clear,0,0,0,0,0,,,
10/27/2023,5:30 PM,90,62,7,29.64,Clear,0,0,0,0,0,,,
10/27/2023,6:00 PM,88,70,5,29.67,Clear,0,0,0,0,0,,,
10/27/2023,6:30 PM,86,70,6,29.67,Clear,0,0,0,0,0,,,
10/27/2023,7:00 PM,86,70,0,29.7,Clear,0,0,0,0,0,,,
10/27/2023,7:30 PM,86,70,3,29.7,Clear,0,0,0,0,0,,,
10/27/2023,8:00 PM,84,74,3,29.73,Clear,0,0,0,0,0,,,
10/27/2023,8:30 PM,84,74,5,29.73,Clear,0,0,0,0,0,,,
10/27/2023,9:00 PM,82,84,3,29.76,Clear,0,0,0,0,0,,,
10/27/2023,9:30 PM,82,84,2,29.76,Clear,0,0,0,0,0,,,
10/27/2023,10:00 PM,82,84,0,29.76,Clear,0,0,0,0,0,,,
10/27/2023,10:30 PM,82,79,0,29.79,Clear,0,0,0,0,0,,,
10/27/2023,11:00 PM,82,84,1,29.79,Clear,0,0,0,0,0,,,
10/27/2023,11:30 PM,81,89,1,29.79,Clear,0,0,0,0,0,,,
10/28/2023,12:00 AM,81,89,0,29.79,Clear,0,0,0,0,0,,,
10/28/2023,12:30 AM,79,94,0,29.76,Clear,0,0,0,0,0,,,
10/28/2023,1:00 AM,79,94,0,29.76,Clear,0,0,0,0,0,,,
10/28/2023,1:30 AM,79,94,0,29.76,Clear,0,0,0,0,0,,,
10/28/2023,2:00 AM,79,94,1,29.73,Clear,0,0,0,0,0,,,
10/28/2023,2:30 AM,79,94,0,29.73,Clear,0,0,0,0,0,,,
10/28/2023,3:00 AM,79,94,0,29.73,Clear,0,0,0,0,0,,,
10/28/2023,3:30 AM,79,94,3,29.73,Rain,0,0,0,0,0,,,
10/28/2023,4:00 AM,79,94,2,29.73,Clear,0,0,0,0,0,,,
10/28/2023,4:30 AM,79,94,5,29.73,Rain,0,0,0,0,0,,,
10/28/2023,5:00 AM,77,94,7,29.73,Rain,0,0,0,0,0,,,
10/28/2023,5:30 AM,77,94,2,29.73,Rain,0,0,0,0,0,,,
10/28/2023,6:00 AM,77,100,3,29.76,Rain,0,0,0,0,0,,,
10/28/2023,6:30 AM,77,94,1,29.76,Clear,0,0,0,0,0,,,
10/28/2023,7:00 AM,77,100,3,29.76,Clear,0,0,0,0,0,,,
10/28/2023,7:30 AM,77,94,1,29.76,Clear,0,0,0,0,0,,,
10/28/2023,8:00 AM,79,89,1,29.79,Clear,0,0,0,0,0,,,
10/28/2023,8:30 AM,79,94,1,29.81,Clear,0,0,0,0,0,,,
10/28/2023,9:00 AM,81,94,0,29.81,Clear,0,0,0,0,0,,,
10/28/2023,9:30 AM,82,84,0,29.81,Clear,0,0,0,0,0,,,
10/28/2023,10:00 AM,86,79,3,29.81,Clear,0,0,0,0,0,,,
10/28/2023,10:30 AM,86,70,3,29.81,Clear,0,0,0,0,0,,,
10/28/2023,11:00 AM,88,70,6,29.81,Clear,0,0,0,0,0,,,
10/28/2023,11:30 AM,88,66,5,29.79,Clear,0,0,0,0,0,,,
10/28/2023,12:00 PM,90,62,6,29.76,Clear,0,0,0,0,0,,,
10/28/2023,12:30 PM,88,66,6,29.76,Clear,0,0,0,0,0,,,
10/28/2023,1:00 PM,90,59,6,29.73,Clear,0,0,0,0,0,,,
10/28/2023,1:30 PM,90,62,6,29.7,Clear,0,0,0,0,0,,,
10/28/2023,2:00 PM,90,59,8,29.67,Clear,0,0,0,0,0,,,
10/28/2023,2:30 PM,90,59,7,29.67,Rain,0,0,0,0,0,,,
10/28/2023,3:00 PM,90,55,3,29.67,Rain,0,0,0,0,0,,,
10/28/2023,3:30 PM,84,79,7,29.67,Rain,0,0,0,0,0,,,
10/28/2023,4:00 PM,81,89,7,29.67,Rain,0,0,0,0,0,,,
10/28/2023,4:30 PM,81,84,6,29.67,Clear,0,0,0,0,0,,,
10/28/2023,5:00 PM,81,89,5,29.67,Clear,0,0,0,0,0,,,
10/28/2023,5:30 PM,81,89,3,29.7,Clear,0,0,0,0,0,,,
10/28/2023,6:00 PM,81,89,6,29.7,Clear,0,0,0,0,0,,,
10/28/2023,6:30 PM,79,89,2,29.7,Clear,0,0,0,0,0,,,
10/28/2023,7:00 PM,79,89,3,29.73,Clear,0,0,0,0,0,,,
10/28/2023,7:30 PM,79,94,3,29.73,Clear,0,0,0,0,0,,,
10/28/2023,8:00 PM,79,89,3,29.73,Clear,0,0,0,0,0,,,
10/28/2023,8:30 PM,77,94,3,29.76,Clear,0,0,0,0,0,,,
10/28/2023,9:00 PM,77,94,3,29.79,Clear,0,0,0,0,0,,,
10/28/2023,9:30 PM,77,94,2,29.79,Clear,0,0,0,0,0,,,
10/28/2023,10:00 PM,77,94,2,29.79,Clear,0,0,0,0,0,,,
10/28/2023,10:30 PM,77,94,2,29.79,Clear,4,1,1,2,1,,,
10/28/2023,11:00 PM,77,94,3,29.79,Clear,0,0,0,0,0,,,
10/28/2023,11:30 PM,77,94,3,29.79,Clear,0,0,0,0,0,,,
10/29/2023,12:00 AM,77,94,1,29.79,Clear,0,0,0,0,0,,,
10/29/2023,12:30 AM,77,94,0,29.76,Clear,0,0,0,0,0,,,
10/29/2023,1:00 AM,77,94,0,29.76,Clear,0,0,0,0,0,,,
10/29/2023,1:30 AM,77,94,0,29.73,Clear,0,0,0,0,0,,,
10/29/2023,2:00 AM,75,100,0,29.73,Clear,0,0,0,0,0,,,
10/29/2023,2:30 AM,75,100,0,29.73,Clear,0,0,0,0,0,,,
10/29/2023,3:00 AM,75,100,2,29.7,Clear,0,0,0,0,0,,,
10/29/2023,3:30 AM,75,100,2,29.7,Clear,0,0,0,0,0,,,
10/29/2023,4:00 AM,75,100,0,29.7,Clear,0,0,0,0,0,,,
10/29/2023,4:30 AM,75,100,0,29.7,Mist,0,0,0,0,0,,,
10/29/2023,5:00 AM,75,100,2,29.7,Clear,0,0,0,0,0,,,
10/29/2023,5:30 AM,75,100,2,29.7,Clear,0,0,0,0,0,,,
10/29/2023,6:00 AM,75,100,2,29.73,Mist,0,0,0,0,0,,,
10/29/2023,6:30 AM,75,100,2,29.73,Clear,0,0,0,0,0,,,
10/29/2023,7:00 AM,77,94,3,29.73,Clear,0,0,0,0,0,,,
10/29/2023,7:30 AM,77,94,3,29.73,Clear,0,0,0,0,0,,,
10/29/2023,8:00 AM,81,84,0,29.76,Clear,0,0,0,0,0,,,
10/29/2023,8:30 AM,81,89,3,29.76,Clear,0,0,0,0,0,,,
10/29/2023,9:00 AM,86,70,0,29.76,Clear,0,0,0,0,0,,,
10/29/2023,9:30 AM,86,74,3,29.79,Clear,0,0,0,0,0,,,
10/29/2023,10:00 AM,86,70,5,29.79,Clear,0,0,0,0,0,,,
10/29/2023,10:30 AM,88,66,6,29.79,Clear,0,0,0,0,0,,,
10/29/2023,11:00 AM,88,62,7,29.76,Clear,0,0,0,0,0,,,
10/29/2023,11:30 AM,90,62,9,29.76,Clear,0,0,0,0,0,,,
10/29/2023,12:00 PM,90,62,9,29.73,Clear,0,0,0,0,0,,,
10/29/2023,12:30 PM,90,66,10,29.7,Clear,0,0,0,0,0,,,
10/29/2023,1:00 PM,90,62,10,29.7,Clear,0,0,0,0,0,,,
10/29/2023,1:30 PM,90,59,12,29.67,Clear,0,0,0,0,0,,,
10/29/2023,2:00 PM,90,62,13,29.67,Rain,0,0,0,0,0,,,
10/29/2023,2:30 PM,88,66,12,29.64,Rain,0,0,0,0,0,,,
10/29/2023,3:00 PM,88,70,13,29.64,Clear,0,0,0,0,0,,,
10/29/2023,3:30 PM,86,74,12,29.64,Rain,0,0,0,0,0,,,
10/29/2023,4:00 PM,86,74,10,29.67,Clear,0,0,0,0,0,,,
10/29/2023,4:30 PM,86,70,6,29.67,Rain,0,0,0,0,0,,,
10/29/2023,5:00 PM,81,79,6,29.67,Rain,0,0,0,0,0,,,
10/29/2023,5:30 PM,79,94,2,29.67,Rain,0,0,0,0,0,,,
10/29/2023,6:00 PM,79,94,5,29.7,Clear,0,0,0,0,0,,,
10/29/2023,6:30 PM,79,94,5,29.7,Rain,0,0,0,0,0,,,
10/29/2023,7:00 PM,79,94,1,29.7,Rain,0,0,0,0,0,,,
10/29/2023,7:30 PM,79,94,2,29.73,Rain,0,0,0,0,0,,,
10/29/2023,8:00 PM,79,94,0,29.73,Clear,0,0,0,0,0,,,
10/29/2023,8:30 PM,79,94,0,29.76,Rain,0,0,0,0,0,,,
10/29/2023,9:00 PM,79,94,6,29.76,Rain,0,0,0,0,0,,,
10/29/2023,9:30 PM,77,100,5,29.79,Rain,0,0,0,0,0,,,
10/29/2023,10:00 PM,77,100,5,29.79,Rain,0,0,0,0,0,,,
10/29/2023,10:30 PM,77,100,5,29.79,Rain,0,0,0,0,0,,,
10/29/2023,11:00 PM,77,100,5,29.76,Rain,0,0,0,0,0,,,
10/29/2023,11:30 PM,77,94,2,29.76,Clear,0,0,0,0,0,,,
10/30/2023,12:00 AM,77,100,0,29.76,Clear,0,0,0,0,0,,,
10/30/2023,12:30 AM,77,100,1,29.76,Clear,0,0,0,0,0,,,
10/30/2023,1:00 AM,77,94,0,29.73,Clear,0,0,0,0,0,,,
10/30/2023,1:30 AM,77,94,0,29.73,Clear,0,0,0,0,0,,,
10/30/2023,2:00 AM,77,94,1,29.7,Clear,0,0,0,0,0,,,
10/30/2023,2:30 AM,77,94,0,29.7,Clear,0,0,0,0,0,,,
10/30/2023,3:00 AM,77,94,1,29.7,Mist,0,0,0,0,0,,,
10/30/2023,3:30 AM,75,100,0,29.7,Mist,0,0,0,0,0,,,
10/30/2023,4:00 AM,75,100,2,29.7,Mist,0,0,0,0,0,,,
10/30/2023,4:30 AM,75,100,2,29.7,Clear,0,0,0,0,0,,,
10/30/2023,5:00 AM,75,100,2,29.7,Mist,0,0,0,0,0,,,
10/30/2023,5:30 AM,77,94,3,29.7,Mist,0,0,0,0,0,,,
10/30/2023,6:00 AM,75,94,3,29.73,Clear,0,0,0,0,0,,,
10/30/2023,6:30 AM,75,94,0,29.73,Clear,0,0,0,0,0,,,
10/30/2023,7:00 AM,75,94,1,29.73,Clear,0,0,0,0,0,,,
10/30/2023,7:30 AM,77,94,2,29.73,Clear,0,0,0,0,0,,,
10/30/2023,8:00 AM,79,89,2,29.73,Clear,0,0,0,0,0,,,
10/30/2023,8:30 AM,81,89,2,29.76,Clear,0,0,0,0,0,,,
10/30/2023,9:00 AM,82,84,0,29.76,Clear,0,0,0,0,0,,,
10/30/2023,9:30 AM,84,79,3,29.76,Clear,0,0,0,0,0,,,
10/30/2023,10:00 AM,84,79,5,29.76,Clear,0,0,0,0,0,,,
10/30/2023,10:30 AM,84,79,5,29.76,Clear,0,0,0,0,0,,,
10/30/2023,11:00 AM,86,74,8,29.76,Clear,0,0,0,0,0,,,
10/30/2023,11:30 AM,86,70,8,29.73,Clear,0,0,0,0,0,,,
10/30/2023,12:00 PM,86,74,8,29.73,Rain,0,0,0,0,0,,,
10/30/2023,12:30 PM,81,84,6,29.7,Rain,0,0,0,0,0,,,
10/30/2023,1:00 PM,86,79,6,29.7,Clear,0,0,0,0,0,,,
10/30/2023,1:30 PM,90,70,2,29.67,Clear,0,0,0,0,0,,,
10/30/2023,2:00 PM,90,62,7,29.64,Clear,0,0,0,0,0,,,
10/30/2023,2:30 PM,90,62,8,29.64,Rain,0,0,0,0,0,,,
10/30/2023,3:00 PM,88,70,12,29.61,Rain,0,0,0,0,0,,,
10/30/2023,3:30 PM,82,84,10,29.61,Rain,0,0,0,0,0,,,
10/30/2023,4:00 PM,82,89,3,29.64,Rain,0,0,0,0,0,,,
10/30/2023,4:30 PM,84,84,5,29.64,Clear,0,0,0,0,0,,,
10/30/2023,5:00 PM,86,79,5,29.64,Clear,0,0,0,0,0,,,
10/30/2023,5:30 PM,84,79,5,29.64,Clear,0,0,0,0,0,,,
10/30/2023,6:00 PM,84,74,6,29.64,Clear,0,0,0,0,0,,,
10/30/2023,6:30 PM,82,84,8,29.67,Clear,0,0,0,0,0,,,
10/30/2023,7:00 PM,84,74,5,29.67,Clear,0,0,0,0,0,,,
10/30/2023,7:30 PM,82,84,3,29.7,Clear,0,0,0,0,0,,,
10/30/2023,8:00 PM,82,84,3,29.7,Clear,0,0,0,0,0,,,
10/30/2023,8:30 PM,81,89,5,29.73,Clear,0,0,0,0,0,,,
10/30/2023,9:00 PM,81,89,5,29.73,Clear,0,0,0,0,0,,,
10/30/2023,9:30 PM,81,89,3,29.76,Clear,0,0,0,0,0,,,
10/30/2023,10:00 PM,81,89,5,29.76,Rain,0,0,0,0,0,,,
10/30/2023,10:30 PM,79,94,3,29.76,Clear,0,0,0,0,0,,,
10/30/2023,11:00 PM,79,94,0,29.76,Clear,0,0,0,0,0,,,
10/30/2023,11:30 PM,79,94,3,29.76,Clear,0,0,0,0,0,,,
10/31/2023,12:00 AM,79,94,2,29.76,Clear,0,0,0,0,0,,,
10/31/2023,12:30 AM,79,94,3,29.73,Clear,0,0,0,0,0,,,
10/31/2023,1:00 AM,79,94,0,29.73,Clear,0,0,0,0,0,,,
10/31/2023,1:30 AM,79,94,2,29.7,Clear,0,0,0,0,0,,,
10/31/2023,2:00 AM,77,100,3,29.7,Clear,0,0,0,0,0,,,
10/31/2023,2:30 AM,79,94,0,29.7,Clear,0,0,0,0,0,,,
10/31/2023,3:00 AM,77,100,1,29.7,Clear,0,0,0,0,0,,,
10/31/2023,3:30 AM,77,100,2,29.7,Clear,2,1,0,1,1,,,
10/31/2023,4:00 AM,79,94,0,29.67,Clear,0,0,0,0,0,,,
10/31/2023,4:30 AM,77,100,0,29.7,Clear,0,0,0,0,0,,,
10/31/2023,5:00 AM,77,100,0,29.7,Clear,0,0,0,0,0,,,
10/31/2023,5:30 AM,77,100,1,29.7,Clear,0,0,0,0,0,,,
10/31/2023,6:00 AM,77,100,2,29.7,Clear,0,0,0,0,0,,,
10/31/2023,6:30 AM,77,100,0,29.7,Clear,0,0,0,0,0,,,
10/31/2023,7:00 AM,79,94,0,29.73,Clear,0,0,0,0,0,,,
10/31/2023,7:30 AM,79,94,2,29.73,Clear,0,0,0,0,0,,,
10/31/2023,8:00 AM,79,94,3,29.76,Clear,0,0,0,0,0,,,
10/31/2023,8:30 AM,81,89,2,29.76,Clear,0,0,0,0,0,,,
10/31/2023,9:00 AM,82,89,2,29.76,Clear,0,0,0,0,0,,,
10/31/2023,9:30 AM,84,84,3,29.79,Clear,0,0,0,0,0,,,
10/31/2023,10:00 AM,84,84,2,29.79,Clear,0,0,0,0,0,,,
10/31/2023,10:30 AM,86,74,2,29.76,Clear,0,0,0,0,0,,,
10/31/2023,11:00 AM,88,70,6,29.76,Clear,0,0,0,0,0,,,
10/31/2023,11:30 AM,86,74,7,29.76,Clear,0,0,0,0,0,,,
10/31/2023,12:00 PM,84,84,9,29.73,Clear,0,0,0,0,0,,,
10/31/2023,12:30 PM,84,84,8,29.73,Rain,0,0,0,0,0,,,
10/31/2023,1:00 PM,82,79,7,29.7,Clear,0,0,0,0,0,,,
10/31/2023,1:30 PM,82,79,6,29.7,Clear,0,0,0,0,0,,,
10/31/2023,2:00 PM,86,74,6,29.67,Clear,0,0,0,0,0,,,
10/31/2023,2:30 PM,86,74,7,29.67,Clear,0,0,0,0,0,,,
10/31/2023,3:00 PM,88,70,8,29.64,Clear,0,0,0,0,0,,,
10/31/2023,3:30 PM,86,74,9,29.64,Clear,0,0,0,0,0,,,
10/31/2023,4:00 PM,86,70,8,29.64,Clear,0,0,0,0,0,,,
10/31/2023,4:30 PM,86,74,5,29.67,Clear,0,0,0,0,0,,,
10/31/2023,5:00 PM,86,74,6,29.67,Clear,0,0,0,0,0,,,
10/31/2023,5:30 PM,86,74,7,29.67,Clear,0,0,0,0,0,,,
10/31/2023,6:00 PM,84,74,3,29.67,Clear,0,0,0,0,0,,,
10/31/2023,6:30 PM,84,79,5,29.7,Clear,0,0,0,0,0,,,
10/31/2023,7:00 PM,82,84,5,29.7,Clear,0,0,0,0,0,,,
10/31/2023,7:30 PM,82,84,3,29.73,Clear,0,0,0,0,0,,,
10/31/2023,8:00 PM,82,89,5,29.76,Clear,0,0,0,0,0,,,
10/31/2023,8:30 PM,82,89,5,29.76,Clear,0,0,0,0,0,,,
10/31/2023,9:00 PM,82,89,3,29.76,Clear,0,0,0,0,0,,,
10/31/2023,9:30 PM,81,94,1,29.76,Clear,0,0,0,0,0,,,
10/31/2023,10:00 PM,81,89,3,29.79,Clear,0,0,0,0,0,,,
10/31/2023,10:30 PM,81,94,0,29.76,Rain,0,0,0,0,0,,,
10/31/2023,11:00 PM,81,94,1,29.79,Rain,0,0,0,0,0,,,
10/31/2023,11:30 PM,77,100,6,29.76,Rain,0,0,0,0,0,,,
11/1/2023,12:00 AM,79,94,2,29.76,Rain,0,0,0,0,0,,,
11/1/2023,12:30 AM,79,94,6,29.76,Clear,0,0,0,0,0,,,
11/1/2023,1:00 AM,79,94,3,29.73,Clear,0,0,0,0,0,,,
11/1/2023,1:30 AM,77,100,2,29.73,Clear,0,0,0,0,0,,,
11/1/2023,2:00 AM,77,100,2,29.7,Clear,0,0,0,0,0,,,
11/1/2023,2:30 AM,77,100,0,29.7,Clear,0,0,0,0,0,,,
11/1/2023,3:00 AM,77,100,0,29.7,Clear,0,0,0,0,0,,,
11/1/2023,3:30 AM,77,100,0,29.7,Clear,0,0,0,0,0,,,
11/1/2023,4:00 AM,77,100,0,29.7,Clear,0,0,0,0,0,,,
11/1/2023,4:30 AM,77,100,3,29.7,Rain,0,0,0,0,0,,,
11/1/2023,5:00 AM,75,94,9,29.73,Rain,0,0,0,0,0,,,
11/1/2023,5:30 AM,75,94,2,29.73,Rain,0,0,0,0,0,,,
11/1/2023,6:00 AM,75,94,5,29.76,Rain,0,0,0,0,0,,,
11/1/2023,6:30 AM,75,100,7,29.76,Clear,0,0,0,0,0,,,
11/1/2023,7:00 AM,77,94,5,29.76,Clear,0,0,0,0,0,,,
11/1/2023,7:30 AM,79,94,6,29.79,Clear,0,0,0,0,0,,,
11/1/2023,8:00 AM,79,94,3,29.79,Clear,0,0,0,0,0,,,
11/1/2023,8:30 AM,82,84,0,29.79,Clear,0,0,0,0,0,,,
11/1/2023,9:00 AM,81,89,3,29.79,Clear,0,0,0,0,0,,,
11/1/2023,9:30 AM,81,89,2,29.79,Clear,0,0,0,0,0,,,
11/1/2023,10:00 AM,81,89,2,29.81,Rain,0,0,0,0,0,,,
11/1/2023,10:30 AM,81,89,6,29.81,Rain,0,0,0,0,0,,,
11/1/2023,11:00 AM,81,89,7,29.81,Rain,0,0,0,0,0,,,
11/1/2023,11:30 AM,81,89,8,29.79,Rain,0,0,0,0,0,,,
11/1/2023,12:00 PM,81,89,5,29.76,Rain,0,0,0,0,0,,,
11/1/2023,12:30 PM,81,89,6,29.79,Clear,0,0,0,0,0,,,
11/1/2023,1:00 PM,81,84,6,29.73,Clear,0,0,0,0,0,,,
11/1/2023,1:30 PM,81,89,3,29.73,Clear,0,0,0,0,0,,,
11/1/2023,2:00 PM,81,89,6,29.7,Clear,0,0,0,0,0,,,
11/1/2023,2:30 PM,81,89,3,29.7,Clear,0,0,0,0,0,,,
11/1/2023,3:00 PM,82,84,3,29.7,Clear,0,0,0,0,0,,,
11/1/2023,3:30 PM,82,84,6,29.7,Clear,0,0,0,0,0,,,
11/1/2023,4:00 PM,84,79,7,29.7,Clear,0,0,0,0,0,,,
11/1/2023,4:30 PM,82,84,6,29.67,Clear,0,0,0,0,0,,,
11/1/2023,5:00 PM,82,79,6,29.7,Clear,0,0,0,0,0,,,
11/1/2023,5:30 PM,82,84,2,29.7,Clear,0,0,0,0,0,,,
11/1/2023,6:00 PM,81,89,0,29.73,Clear,0,0,0,0,0,,,
11/1/2023,6:30 PM,81,89,3,29.73,Clear,0,0,0,0,0,,,
11/1/2023,7:00 PM,81,89,5,29.76,Clear,0,0,0,0,0,,,
11/1/2023,7:30 PM,79,94,5,29.76,Clear,0,0,0,0,0,,,
11/1/2023,8:00 PM,79,94,5,29.76,Clear,0,0,0,0,0,,,
11/1/2023,8:30 PM,79,94,0,29.76,Clear,0,0,0,0,0,,,
11/1/2023,9:00 PM,79,94,0,29.79,Clear,0,0,0,0,0,,,
11/1/2023,9:30 PM,79,89,3,29.79,Clear,0,0,0,0,0,,,
11/1/2023,10:00 PM,79,89,3,29.79,Clear,0,0,0,0,0,,,
11/1/2023,10:30 PM,77,94,0,29.79,Clear,0,0,0,0,0,,,
11/1/2023,11:00 PM,77,94,2,29.79,Clear,0,0,0,0,0,,,
11/1/2023,11:30 PM,77,94,5,29.79,Clear,0,0,0,0,0,,,
11/2/2023,12:00 AM,77,94,5,29.79,Clear,0,0,0,0,0,,,
11/2/2023,12:30 AM,77,94,3,29.76,Clear,0,0,0,0,0,,,
11/2/2023,1:00 AM,77,94,6,29.76,Clear,0,0,0,0,0,,,
11/2/2023,1:30 AM,77,94,5,29.73,Clear,0,0,0,0,0,,,
11/2/2023,2:00 AM,77,94,0,29.73,Clear,0,0,0,0,0,,,
11/2/2023,2:30 AM,75,100,3,29.73,Clear,0,0,0,0,0,,,
11/2/2023,3:00 AM,75,100,2,29.73,Clear,0,0,0,0,0,,,
11/2/2023,3:30 AM,75,100,2,29.73,Clear,0,0,0,0,0,,,
11/2/2023,4:00 AM,75,94,2,29.7,Clear,0,0,0,0,0,,,
11/2/2023,4:30 AM,75,100,2,29.7,Clear,0,0,0,0,0,,,
11/2/2023,5:00 AM,75,94,0,29.73,Clear,0,0,0,0,0,,,
11/2/2023,5:30 AM,75,94,2,29.73,Clear,0,0,0,0,0,,,
11/2/2023,6:00 AM,75,100,1,29.73,Clear,0,0,0,0,0,,,
11/2/2023,6:30 AM,75,100,5,29.73,Clear,0,0,0,0,0,,,
11/2/2023,7:00 AM,77,94,0,29.76,Clear,0,0,0,0,0,,,
11/2/2023,7:30 AM,79,89,2,29.76,Clear,0,0,0,0,0,,,
11/2/2023,8:00 AM,79,89,5,29.79,Clear,0,0,0,0,0,,,
11/2/2023,8:30 AM,81,89,5,29.79,Clear,0,0,0,0,0,,,
11/2/2023,9:00 AM,84,79,3,29.79,Clear,0,0,0,0,0,,,
11/2/2023,9:30 AM,84,79,5,29.79,Clear,0,0,0,0,0,,,
11/2/2023,10:00 AM,84,79,6,29.79,Clear,0,0,0,0,0,,,
11/2/2023,10:30 AM,86,74,6,29.79,Clear,0,0,0,0,0,,,
11/2/2023,11:00 AM,86,74,6,29.79,Rain,0,0,0,0,0,,,
11/2/2023,11:30 AM,86,74,7,29.79,Rain,0,0,0,0,0,,,
11/2/2023,12:00 PM,86,79,5,29.76,Rain,0,0,0,0,0,,,
11/2/2023,12:30 PM,79,94,8,29.76,Rain,0,0,0,0,0,,,
11/2/2023,1:00 PM,81,89,15,29.73,Rain,0,0,0,0,0,,,
11/2/2023,1:30 PM,82,89,12,29.73,Rain,0,0,0,0,0,,,
11/2/2023,2:00 PM,84,84,9,29.7,Rain,0,0,0,0,0,,,
11/2/2023,2:30 PM,84,79,6,29.7,Rain,0,0,0,0,0,,,
11/2/2023,3:00 PM,84,79,8,29.67,Clear,0,0,0,0,0,,,
11/2/2023,3:30 PM,84,79,9,29.67,Rain,0,0,0,0,0,,,
11/2/2023,4:00 PM,84,79,9,29.7,Rain,0,0,0,0,0,,,
11/2/2023,4:30 PM,84,79,9,29.7,Rain,0,0,0,0,0,,,
11/2/2023,5:00 PM,79,89,15,29.7,Rain,0,0,0,0,0,,,
11/2/2023,5:30 PM,77,100,12,29.73,Rain,0,0,0,0,0,,,
11/2/2023,6:00 PM,77,94,6,29.73,Rain,0,0,0,0,0,,,
11/2/2023,6:30 PM,75,100,5,29.73,Rain,0,0,0,0,0,,,
11/2/2023,7:00 PM,77,94,6,29.73,Rain,0,0,0,0,0,,,
11/2/2023,7:30 PM,77,94,2,29.76,Rain,0,0,0,0,0,,,
11/2/2023,8:00 PM,77,100,0,29.76,Rain,0,0,0,0,0,,,
11/2/2023,8:30 PM,77,94,2,29.76,Rain,0,0,0,0,0,,,
11/2/2023,9:00 PM,77,94,3,29.76,Rain,0,0,0,0,0,,,
11/2/2023,9:30 PM,77,94,2,29.76,Rain,0,0,0,0,0,,,
11/2/2023,10:00 PM,75,100,0,29.76,Rain,0,0,0,0,0,,,
11/2/2023,10:30 PM,77,94,2,29.76,Clear,0,0,0,0,0,,,
11/2/2023,11:00 PM,77,94,3,29.76,Clear,0,0,0,0,0,,,
11/2/2023,11:30 PM,77,94,0,29.76,Clear,0,0,0,0,0,,,
11/3/2023,12:00 AM,75,100,5,29.73,Clear,0,0,0,0,0,,,
11/3/2023,12:30 AM,75,100,3,29.73,Clear,0,0,0,0,0,,,
11/3/2023,1:00 AM,75,100,3,29.73,Clear,0,0,0,0,0,,,
11/3/2023,1:30 AM,75,100,0,29.7,Clear,0,0,0,0,0,,,
11/3/2023,2:00 AM,75,100,2,29.7,Clear,0,0,0,0,0,,,
11/3/2023,2:30 AM,75,100,2,29.7,Clear,0,0,0,0,0,,,
11/3/2023,3:00 AM,75,100,3,29.7,Clear,0,0,0,0,0,,,
11/3/2023,3:30 AM,75,100,0,29.7,Clear,0,0,0,0,0,,,
11/3/2023,4:00 AM,75,100,0,29.7,Mist,0,0,0,0,0,,,
11/3/2023,4:30 AM,75,100,0,29.7,Mist,0,0,0,0,0,,,
11/3/2023,5:00 AM,75,100,0,29.7,Mist,0,0,0,0,0,,,
11/3/2023,5:30 AM,75,100,0,29.7,Mist,0,0,0,0,0,,,
11/3/2023,6:00 AM,75,100,0,29.7,Mist,0,0,0,0,0,,,
11/3/2023,6:30 AM,75,100,0,29.7,Mist,0,0,0,0,0,,,
11/3/2023,7:00 AM,77,94,0,29.7,Mist,0,0,0,0,0,,,
11/3/2023,7:30 AM,77,100,0,29.73,Mist,0,0,0,0,0,,,
11/3/2023,8:00 AM,79,94,3,29.73,Mist,0,0,0,0,0,,,
11/3/2023,8:30 AM,81,89,0,29.76,Clear,0,0,0,0,0,,,
11/3/2023,9:00 AM,84,79,1,29.76,Clear,0,0,0,0,0,,,
11/3/2023,9:30 AM,84,79,3,29.76,Clear,0,0,0,0,0,,,
11/3/2023,10:00 AM,84,79,2,29.76,Clear,0,0,0,0,0,,,
11/3/2023,10:30 AM,84,79,5,29.73,Clear,0,0,0,0,0,,,
11/3/2023,11:00 AM,86,70,3,29.73,Clear,0,0,0,0,0,,,
11/3/2023,12:00 PM,90,62,2,29.7,Clear,0,0,0,0,0,,,
11/3/2023,12:30 PM,90,62,5,29.7,Clear,0,0,0,0,0,,,
11/3/2023,1:00 PM,91,59,7,29.67,Clear,0,0,0,0,0,,,
11/3/2023,1:30 PM,90,66,7,29.64,Clear,0,0,0,0,0,,,
11/3/2023,2:00 PM,90,66,9,29.64,Clear,0,0,0,0,0,,,
11/3/2023,2:30 PM,88,75,10,29.64,Rain,0,0,0,0,0,,,
11/3/2023,3:00 PM,90,70,12,29.61,Clear,0,0,0,0,0,,,
11/3/2023,3:30 PM,90,70,13,29.61,Clear,0,0,0,0,0,,,
11/3/2023,4:00 PM,88,70,13,29.61,Clear,0,0,0,0,0,,,
11/3/2023,4:30 PM,86,74,9,29.61,Rain,0,0,0,0,0,,,
11/3/2023,5:00 PM,86,74,5,29.64,Clear,0,0,0,0,0,,,
11/3/2023,5:30 PM,84,79,6,29.64,Clear,0,0,0,0,0,,,
11/3/2023,6:00 PM,84,79,3,29.67,Clear,0,0,0,0,0,,,
11/3/2023,6:30 PM,84,79,5,29.67,Clear,0,0,0,0,0,,,
11/3/2023,7:00 PM,82,84,2,29.7,Clear,0,0,0,0,0,,,
11/3/2023,7:30 PM,82,84,2,29.7,Clear,0,0,0,0,0,,,
11/3/2023,8:00 PM,81,84,1,29.7,Clear,0,0,0,0,0,,,
11/3/2023,9:00 PM,79,89,2,29.73,Clear,0,0,0,0,0,,,
11/3/2023,9:30 PM,77,94,0,29.73,Clear,0,0,0,0,0,,,
11/3/2023,10:00 PM,77,94,2,29.76,Clear,0,0,0,0,0,,,
11/3/2023,10:30 PM,77,94,0,29.73,Clear,0,0,0,0,0,,,
11/3/2023,11:00 PM,77,94,2,29.73,Clear,0,0,0,0,0,,,
11/3/2023,11:30 PM,77,94,2,29.73,Clear,0,0,0,0,0,,,
11/4/2023,12:00 AM,77,94,2,29.73,Rain,0,0,0,0,0,,,
11/4/2023,12:30 AM,77,94,1,29.73,Rain,0,0,0,0,0,,,
11/4/2023,1:00 AM,77,94,2,29.7,Clear,0,0,0,0,0,,,
11/4/2023,1:30 AM,77,94,1,29.7,Clear,0,0,0,0,0,,,
11/4/2023,2:00 AM,75,100,0,29.67,Clear,0,0,0,0,0,,,
11/4/2023,3:00 AM,75,100,0,29.67,Clear,0,0,0,0,0,,,
11/4/2023,3:30 AM,75,100,0,29.67,Clear,0,0,0,0,0,,,
11/4/2023,4:00 AM,75,100,2,29.67,Clear,0,0,0,0,0,,,
11/4/2023,4:30 AM,75,100,2,29.67,Clear,0,0,0,0,0,,,
11/4/2023,5:00 AM,75,100,3,29.67,Mist,0,0,0,0,0,,,
11/4/2023,5:30 AM,75,100,0,29.7,Mist,0,0,0,0,0,,,
11/4/2023,6:00 AM,75,100,0,29.7,Mist,0,0,0,0,0,,,
11/4/2023,7:00 AM,75,100,0,29.7,Mist,0,0,0,0,0,,,
11/4/2023,7:30 AM,77,94,0,29.7,Mist,0,0,0,0,0,,,
11/4/2023,8:00 AM,77,100,1,29.73,Mist,0,0,0,0,0,,,
11/4/2023,8:30 AM,82,84,0,29.73,Clear,0,0,0,0,0,,,
11/4/2023,9:00 AM,84,84,2,29.76,Clear,0,0,0,0,0,,,
11/4/2023,10:00 AM,88,70,3,29.76,Clear,0,0,0,0,0,,,
11/4/2023,10:30 AM,88,70,6,29.76,Clear,0,0,0,0,0,,,
11/4/2023,11:00 AM,86,70,5,29.73,Clear,0,0,0,0,0,,,
11/4/2023,11:30 AM,90,66,3,29.73,Clear,0,0,0,0,0,,,
11/4/2023,12:00 PM,91,63,6,29.7,Rain,0,0,0,0,0,,,
11/4/2023,12:30 PM,88,70,7,29.7,Rain,0,0,0,0,0,,,
11/4/2023,1:30 PM,84,84,2,29.67,Clear,0,0,0,0,0,,,
11/4/2023,2:00 PM,82,89,5,29.67,Rain,0,0,0,0,0,,,
11/4/2023,2:30 PM,82,84,3,29.64,Rain,0,0,0,0,0,,,
11/4/2023,3:00 PM,84,84,3,29.64,Clear,0,0,0,0,0,,,
11/4/2023,3:30 PM,86,79,3,29.64,Rain,0,0,0,0,0,,,
11/4/2023,4:00 PM,86,84,2,29.64,Clear,0,0,0,0,0,,,
11/4/2023,4:30 PM,86,74,2,29.64,Clear,0,0,0,0,0,,,
11/4/2023,5:00 PM,84,84,5,29.67,Clear,0,0,0,0,0,,,
11/4/2023,5:30 PM,81,89,3,29.67,Clear,0,0,0,0,0,,,
11/4/2023,6:00 PM,81,84,3,29.67,Clear,0,0,0,0,0,,,
11/4/2023,6:30 PM,81,84,2,29.7,Clear,0,0,0,0,0,,,
11/4/2023,7:00 PM,79,89,5,29.7,Clear,0,0,0,0,0,,,
11/4/2023,7:30 PM,79,89,3,29.7,Clear,0,0,0,0,0,,,
11/4/2023,8:00 PM,77,94,3,29.73,Clear,0,0,0,0,0,,,
11/4/2023,8:30 PM,79,89,0,29.73,Clear,0,0,0,0,0,,,
11/4/2023,9:00 PM,79,83,3,29.73,Clear,0,0,0,0,0,,,
11/4/2023,9:30 PM,77,89,0,29.73,Clear,0,0,0,0,0,,,
11/4/2023,10:00 PM,77,94,0,29.76,Clear,0,0,0,0,0,,,
11/4/2023,10:30 PM,77,94,0,29.73,Clear,0,0,0,0,0,,,
11/4/2023,11:00 PM,77,94,0,29.76,Clear,0,0,0,0,0,,,
11/4/2023,11:30 PM,77,94,0,29.73,Clear,0,0,0,0,0,,,
11/5/2023,12:00 AM,77,94,2,29.73,Clear,0,0,0,0,0,,,
11/5/2023,12:30 AM,77,94,1,29.73,Clear,0,0,0,0,0,,,
11/5/2023,1:00 AM,77,94,0,29.7,Clear,0,0,0,0,0,,,
11/5/2023,1:30 AM,77,94,0,29.7,Clear,0,0,0,0,0,,,
11/5/2023,2:00 AM,75,100,2,29.7,Clear,0,0,0,0,0,,,
11/5/2023,2:30 AM,75,94,0,29.67,Clear,0,0,0,0,0,,,
11/5/2023,3:00 AM,75,94,2,29.67,Clear,0,0,0,0,0,,,
11/5/2023,3:30 AM,75,100,0,29.7,Clear,0,0,0,0,0,,,
11/5/2023,4:00 AM,75,100,0,29.7,Clear,0,0,0,0,0,,,
11/5/2023,4:30 AM,75,94,0,29.7,Clear,0,0,0,0,0,,,
11/5/2023,5:00 AM,75,100,1,29.7,Clear,0,0,0,0,0,,,
11/5/2023,5:30 AM,75,94,0,29.7,Clear,0,0,0,0,0,,,
11/5/2023,6:00 AM,75,100,2,29.7,Clear,0,0,0,0,0,,,
11/5/2023,6:30 AM,75,100,0,29.73,Clear,0,0,0,0,0,,,
11/5/2023,7:00 AM,77,94,2,29.73,Clear,0,0,0,0,0,,,
11/5/2023,7:30 AM,79,94,2,29.76,Clear,0,0,0,0,0,,,
11/5/2023,8:00 AM,81,89,0,29.76,Clear,0,0,0,0,0,,,
11/5/2023,8:30 AM,84,79,3,29.79,Clear,0,0,0,0,0,,,
11/5/2023,9:00 AM,84,89,6,29.79,Clear,0,0,0,0,0,,,
11/5/2023,9:30 AM,84,89,6,29.79,Rain,0,0,0,0,0,,,
11/5/2023,10:00 AM,81,89,7,29.79,Rain,0,0,0,0,0,,,
11/5/2023,10:30 AM,79,94,2,29.79,Rain,0,0,0,0,0,,,
11/5/2023,11:00 AM,82,89,3,29.79,Clear,0,0,0,0,0,,,
11/5/2023,11:30 AM,84,84,2,29.76,Clear,0,0,0,0,0,,,
11/5/2023,12:00 PM,82,79,9,29.76,Clear,0,0,0,0,0,,,
11/5/2023,12:30 PM,82,84,8,29.73,Clear,0,0,0,0,0,,,
11/5/2023,1:00 PM,84,79,7,29.73,Clear,0,0,0,0,0,,,
11/5/2023,1:30 PM,86,79,8,29.73,Clear,0,0,0,0,0,,,
11/5/2023,2:00 PM,86,74,9,29.7,Clear,0,0,0,0,0,,,
11/5/2023,2:30 PM,84,79,9,29.67,Clear,0,0,0,0,0,,,
11/5/2023,3:00 PM,86,70,9,29.67,Clear,0,0,0,0,0,,,
11/5/2023,3:30 PM,86,70,8,29.67,Clear,0,0,0,0,0,,,
11/5/2023,4:00 PM,86,74,8,29.67,Clear,0,0,0,0,0,,,
11/5/2023,4:30 PM,84,79,8,29.67,Clear,0,0,0,0,0,,,
11/5/2023,5:00 PM,84,74,7,29.67,Clear,0,0,0,0,0,,,
11/5/2023,5:30 PM,82,84,6,29.7,Clear,0,0,0,0,0,,,
11/5/2023,6:00 PM,82,84,6,29.7,Clear,0,0,0,0,0,,,
11/5/2023,6:30 PM,82,84,5,29.7,Clear,0,0,0,0,0,,,
11/5/2023,7:00 PM,81,89,3,29.73,Clear,0,0,0,0,0,,,
11/5/2023,7:30 PM,81,89,3,29.73,Clear,0,0,0,0,0,,,
11/5/2023,8:00 PM,81,89,3,29.76,Clear,0,0,0,0,0,,,
11/5/2023,8:30 PM,81,89,2,29.76,Clear,0,0,0,0,0,,,
11/5/2023,9:00 PM,81,89,5,29.76,Clear,0,0,0,0,0,,,
11/5/2023,9:30 PM,79,94,3,29.76,Clear,0,0,0,0,0,,,
11/5/2023,10:00 PM,79,94,5,29.76,Clear,0,0,0,0,0,,,
11/5/2023,10:30 PM,79,89,1,29.76,Clear,0,0,0,0,0,,,
11/5/2023,11:00 PM,79,89,0,29.76,Clear,0,0,0,0,0,,,
11/5/2023,11:30 PM,77,94,0,29.76,Clear,0,0,0,0,0,,,
11/6/2023,12:00 AM,77,100,2,29.76,Clear,0,0,0,0,0,,,
11/6/2023,12:30 AM,77,100,0,29.73,Clear,0,0,0,0,0,,,
11/6/2023,1:00 AM,77,94,0,29.73,Clear,0,0,0,0,0,,,
11/6/2023,1:30 AM,77,94,0,29.73,Clear,0,0,0,0,0,,,
11/6/2023,2:00 AM,77,100,1,29.73,Rain,0,0,0,0,0,,,
11/6/2023,2:30 AM,77,100,0,29.73,Clear,0,0,0,0,0,,,
11/6/2023,3:00 AM,77,94,2,29.7,Clear,0,0,0,0,0,,,
11/6/2023,3:30 AM,77,100,2,29.7,Clear,0,0,0,0,0,,,
11/6/2023,4:00 AM,77,100,2,29.7,Clear,0,0,0,0,0,,,
11/6/2023,4:30 AM,77,100,2,29.73,Clear,0,0,0,0,0,,,
11/6/2023,5:00 AM,77,94,0,29.7,Clear,0,0,0,0,0,,,
11/6/2023,5:30 AM,77,100,2,29.73,Rain,0,0,0,0,0,,,
11/6/2023,6:00 AM,77,100,2,29.73,Clear,0,0,0,0,0,,,
11/6/2023,6:30 AM,77,100,0,29.76,Clear,0,0,0,0,0,,,
11/6/2023,7:00 AM,77,100,3,29.76,Clear,0,0,0,0,0,,,
11/6/2023,7:30 AM,79,94,3,29.76,Clear,0,0,0,0,0,,,
11/6/2023,8:00 AM,81,89,1,29.76,Clear,0,0,0,0,0,,,
11/6/2023,8:30 AM,82,89,2,29.76,Clear,0,0,0,0,0,,,
11/6/2023,9:00 AM,86,79,2,29.79,Clear,0,0,0,0,0,,,
11/6/2023,9:30 AM,84,79,0,29.79,Clear,0,0,0,0,0,,,
11/6/2023,10:00 AM,88,75,3,29.79,Clear,0,0,0,0,0,,,
11/6/2023,10:30 AM,88,75,3,29.79,Clear,0,0,0,0,0,,,
11/6/2023,11:00 AM,88,70,3,29.79,Clear,0,0,0,0,0,,,
11/6/2023,11:30 AM,90,62,3,29.76,Clear,0,0,0,0,0,,,
11/6/2023,12:00 PM,91,63,2,29.73,Clear,0,0,0,0,0,,,
11/6/2023,12:30 PM,91,59,3,29.73,Clear,0,0,0,0,0,,,
11/6/2023,1:00 PM,91,59,6,29.7,Clear,0,0,0,0,0,,,
11/6/2023,1:30 PM,90,66,7,29.67,Clear,0,0,0,0,0,,,
11/6/2023,2:00 PM,91,63,9,29.67,Rain,0,0,0,0,0,,,
11/6/2023,2:30 PM,91,63,9,29.64,Clear,0,0,0,0,0,,,
11/6/2023,3:00 PM,91,63,8,29.64,Rain,0,0,0,0,0,,,
11/6/2023,3:30 PM,90,66,7,29.64,Rain,0,0,0,0,0,,,
11/6/2023,4:00 PM,90,62,7,29.64,Clear,0,0,0,0,0,,,
11/6/2023,4:30 PM,88,70,9,29.64,Clear,0,0,0,0,0,,,
11/6/2023,5:00 PM,88,70,10,29.64,Clear,0,0,0,0,0,,,
11/6/2023,5:30 PM,86,74,7,29.64,Clear,0,0,0,0,0,,,
11/6/2023,6:00 PM,84,79,6,29.67,Clear,0,0,0,0,0,,,
11/6/2023,6:30 PM,84,79,5,29.7,Clear,0,0,0,0,0,,,
11/6/2023,7:00 PM,84,79,1,29.7,Clear,0,0,0,0,0,,,
11/6/2023,7:30 PM,82,84,0,29.73,Clear,0,0,0,0,0,,,
11/6/2023,8:00 PM,82,89,1,29.73,Clear,0,0,0,0,0,,,
11/6/2023,8:30 PM,82,84,0,29.76,Clear,0,0,0,0,0,,,
11/6/2023,9:00 PM,82,84,3,29.76,Clear,0,0,0,0,0,,,
11/6/2023,9:30 PM,82,84,3,29.79,Clear,0,0,0,0,0,,,
11/6/2023,10:00 PM,81,89,2,29.79,Clear,0,0,0,0,0,,,
11/6/2023,10:30 PM,82,89,0,29.79,Clear,0,0,0,0,0,,,
11/6/2023,11:00 PM,81,94,3,29.79,Rain,0,0,0,0,0,,,
11/6/2023,11:30 PM,81,94,3,29.76,Clear,0,0,0,0,0,,,
11/7/2023,12:00 AM,81,89,0,29.76,Clear,0,0,0,0,0,,,
11/7/2023,12:30 AM,79,100,0,29.76,Rain,0,0,0,0,0,,,
11/7/2023,1:00 AM,79,100,0,29.76,Clear,0,0,0,0,0,,,
11/7/2023,1:30 AM,79,94,0,29.73,Clear,0,0,0,0,0,,,
11/7/2023,2:00 AM,79,94,0,29.73,Clear,0,0,0,0,0,,,
11/7/2023,2:30 AM,79,94,1,29.73,Clear,0,0,0,0,0,,,
11/7/2023,3:00 AM,79,94,3,29.7,Clear,0,0,0,0,0,,,
11/7/2023,3:30 AM,79,94,1,29.7,Clear,0,0,0,0,0,,,
11/7/2023,4:00 AM,79,94,2,29.7,Clear,0,0,0,0,0,,,
11/7/2023,4:30 AM,79,94,3,29.7,Clear,0,0,0,0,0,,,
11/7/2023,5:00 AM,77,94,2,29.7,Clear,0,0,0,0,0,,,
11/7/2023,5:30 AM,77,94,1,29.7,Clear,0,0,0,0,0,,,
11/7/2023,6:00 AM,77,94,1,29.7,Clear,0,0,0,0,0,,,
11/7/2023,6:30 AM,77,94,0,29.7,Clear,0,0,0,0,0,,,
11/7/2023,7:00 AM,79,94,0,29.73,Clear,0,0,0,0,0,,,
11/7/2023,7:30 AM,82,84,0,29.76,Clear,0,0,0,0,0,,,
11/7/2023,8:00 AM,82,84,0,29.76,Clear,0,0,0,0,0,,,
11/7/2023,8:30 AM,84,79,2,29.79,Clear,0,0,0,0,0,,,
11/7/2023,9:00 AM,84,79,3,29.79,Clear,0,0,0,0,0,,,
11/7/2023,9:30 AM,86,79,3,29.79,Clear,0,0,0,0,0,,,
11/7/2023,10:00 AM,88,70,3,29.79,Clear,0,0,0,0,0,,,
11/7/2023,10:30 AM,88,66,2,29.79,Rain,0,0,0,0,0,,,
11/7/2023,11:00 AM,84,79,5,29.76,Rain,0,0,0,0,0,,,
11/7/2023,11:30 AM,81,84,9,29.76,Rain,0,0,0,0,0,,,
11/7/2023,12:00 PM,84,79,8,29.76,Rain,0,0,0,0,0,,,
11/7/2023,12:30 PM,86,74,8,29.73,Clear,0,0,0,0,0,,,
11/7/2023,1:00 PM,86,74,9,29.73,Clear,0,0,0,0,0,,,
11/7/2023,1:30 PM,88,70,10,29.7,Rain,0,0,0,0,0,,,
11/7/2023,2:00 PM,88,75,8,29.7,Rain,0,0,0,0,0,,,
11/7/2023,2:30 PM,88,75,6,29.67,Rain,0,0,0,0,0,,,
11/7/2023,3:00 PM,88,70,8,29.67,Rain,0,0,0,0,0,,,
11/7/2023,3:30 PM,88,66,8,29.67,Rain,0,0,0,0,0,,,
11/7/2023,4:00 PM,86,70,9,29.67,Clear,0,0,0,0,0,,,
11/7/2023,4:30 PM,82,84,6,29.7,Clear,0,0,0,0,0,,,
11/7/2023,5:00 PM,81,84,8,29.7,Clear,0,0,0,0,0,,,
11/7/2023,5:30 PM,81,84,0,29.67,Clear,0,0,0,0,0,,,
11/7/2023,6:00 PM,79,89,5,29.67,Clear,0,0,0,0,0,,,
11/7/2023,6:30 PM,79,89,3,29.7,Clear,0,0,0,0,0,,,
11/7/2023,7:00 PM,79,89,5,29.73,Clear,0,0,0,0,0,,,
11/7/2023,7:30 PM,79,89,3,29.73,Clear,0,0,0,0,0,,,
11/7/2023,8:00 PM,77,94,0,29.76,Clear,0,0,0,0,0,,,
11/7/2023,8:30 PM,79,89,0,29.76,Clear,0,0,0,0,0,,,
11/7/2023,9:00 PM,79,89,0,29.76,Clear,0,0,0,0,0,,,
11/7/2023,9:30 PM,77,94,0,29.79,Clear,0,0,0,0,0,,,
11/7/2023,10:00 PM,77,94,0,29.79,Clear,0,0,0,0,0,,,
11/7/2023,10:30 PM,77,94,3,29.79,Clear,0,0,0,0,0,,,
11/7/2023,11:00 PM,77,94,2,29.79,Clear,0,0,0,0,0,,,
11/7/2023,11:30 PM,77,94,3,29.76,Clear,0,0,0,0,0,,,
11/8/2023,12:00 AM,77,94,0,29.76,Clear,0,0,0,0,0,,,
11/8/2023,12:30 AM,77,94,0,29.76,Clear,0,0,0,0,0,,,
11/8/2023,1:00 AM,77,94,0,29.73,Clear,0,0,0,0,0,,,
11/8/2023,1:30 AM,77,94,2,29.73,Clear,0,0,0,0,0,,,
11/8/2023,2:00 AM,75,100,2,29.7,Clear,0,0,0,0,0,,,
11/8/2023,2:30 AM,75,100,2,29.7,Clear,0,0,0,0,0,,,
11/8/2023,3:00 AM,75,100,0,29.7,Clear,0,0,0,0,0,,,
11/8/2023,3:30 AM,75,100,0,29.7,Clear,0,0,0,0,0,,,
11/8/2023,4:00 AM,75,100,0,29.7,Clear,0,0,0,0,0,,,
11/8/2023,4:30 AM,75,100,2,29.7,Clear,1,1,0,1,0,,,
11/8/2023,5:00 AM,75,100,1,29.7,Clear,0,0,0,0,0,,,
11/8/2023,5:30 AM,75,100,0,29.7,Clear,0,0,0,0,0,,,
11/8/2023,6:00 AM,75,100,0,29.7,Clear,0,0,0,0,0,,,
11/8/2023,6:30 AM,75,100,1,29.73,Mist,0,0,0,0,0,,,
11/8/2023,7:00 AM,75,100,2,29.73,Mist,0,0,0,0,0,,,
11/8/2023,7:30 AM,77,94,1,29.76,Mist,0,0,0,0,0,,,
11/8/2023,8:00 AM,81,89,0,29.76,Mist,0,0,0,0,0,,,
11/8/2023,8:30 AM,82,84,0,29.79,Clear,0,0,0,0,0,,,
11/8/2023,9:00 AM,84,79,2,29.79,Clear,0,0,0,0,0,,,
11/8/2023,9:30 AM,84,84,2,29.79,Clear,0,0,0,0,0,,,
11/8/2023,10:00 AM,86,74,2,29.79,Clear,0,0,0,0,0,,,
11/8/2023,10:30 AM,88,66,3,29.76,Clear,0,0,0,0,0,,,
11/8/2023,11:00 AM,88,66,5,29.76,Clear,0,0,0,0,0,,,
11/8/2023,11:30 AM,88,70,6,29.76,Rain,0,0,0,0,0,,,
11/8/2023,12:00 PM,79,94,7,29.76,Rain,0,0,0,0,0,,,
11/8/2023,12:30 PM,81,89,3,29.73,Rain,0,0,0,0,0,,,
11/8/2023,1:00 PM,81,94,3,29.73,Rain,0,0,0,0,0,,,
11/8/2023,1:30 PM,82,84,7,29.7,Clear,0,0,0,0,0,,,
11/8/2023,2:00 PM,86,74,2,29.67,Clear,0,0,0,0,0,,,
11/8/2023,2:30 PM,88,66,9,29.67,Clear,0,0,0,0,0,,,
11/8/2023,3:00 PM,86,70,5,29.64,Clear,0,0,0,0,0,,,
11/8/2023,3:30 PM,88,70,5,29.64,Clear,0,0,0,0,0,,,
11/8/2023,4:00 PM,88,75,7,29.64,Clear,0,0,0,0,0,,,
11/8/2023,4:30 PM,86,74,9,29.64,Clear,0,0,0,0,0,,,
11/8/2023,5:00 PM,86,70,8,29.67,Clear,0,0,0,0,0,,,
11/8/2023,5:30 PM,84,79,7,29.67,Clear,0,0,0,0,0,,,
11/8/2023,6:00 PM,84,79,5,29.7,Clear,0,0,0,0,0,,,
11/8/2023,6:30 PM,82,84,3,29.7,Clear,0,0,0,0,0,,,
11/8/2023,7:00 PM,82,84,6,29.7,Clear,0,0,0,0,0,,,
11/8/2023,7:30 PM,81,89,0,29.73,Clear,0,0,0,0,0,,,
11/8/2023,8:00 PM,81,89,2,29.73,Clear,0,0,0,0,0,,,
11/8/2023,8:30 PM,81,89,2,29.73,Clear,0,0,0,0,0,,,
11/8/2023,9:00 PM,81,94,5,29.76,Clear,0,0,0,0,0,,,
11/8/2023,9:30 PM,81,89,3,29.76,Clear,0,0,0,0,0,,,
11/8/2023,10:00 PM,81,89,5,29.76,Clear,0,0,0,0,0,,,
11/8/2023,10:30 PM,79,94,0,29.76,Clear,0,0,0,0,0,,,
11/8/2023,11:00 PM,79,94,0,29.76,Clear,0,0,0,0,0,,,
11/8/2023,11:30 PM,79,94,0,29.76,Clear,0,0,0,0,0,,,
11/9/2023,12:00 AM,79,94,0,29.76,Clear,0,0,0,0,0,,,
11/9/2023,12:30 AM,79,94,0,29.76,Clear,0,0,0,0,0,,,
11/9/2023,1:00 AM,77,100,0,29.73,Clear,0,0,0,0,0,,,
11/9/2023,1:30 AM,77,100,0,29.73,Clear,0,0,0,0,0,,,
11/9/2023,2:00 AM,77,100,0,29.7,Clear,0,0,0,0,0,,,
11/9/2023,2:30 AM,77,100,0,29.7,Clear,0,0,0,0,0,,,
11/9/2023,3:00 AM,77,100,5,29.7,Clear,0,0,0,0,0,,,
11/9/2023,3:30 AM,77,100,3,29.67,Clear,0,0,0,0,0,,,
11/9/2023,4:00 AM,77,94,0,29.7,Clear,0,0,0,0,0,,,
11/9/2023,4:30 AM,77,94,1,29.7,Clear,0,0,0,0,0,,,
11/9/2023,5:00 AM,77,94,0,29.7,Clear,0,0,0,0,0,,,
11/9/2023,5:30 AM,77,94,2,29.7,Clear,0,0,0,0,0,,,
11/9/2023,6:00 AM,75,100,1,29.7,Mist,0,0,0,0,0,,,
11/9/2023,6:30 AM,75,100,2,29.73,Mist,0,0,0,0,0,,,
11/9/2023,7:00 AM,77,94,1,29.73,Mist,0,0,0,0,0,,,
11/9/2023,7:30 AM,77,94,3,29.76,Mist,0,0,0,0,0,,,
11/9/2023,8:00 AM,77,100,3,29.79,Mist,0,0,0,0,0,,,
11/9/2023,8:30 AM,79,94,2,29.79,Mist,0,0,0,0,0,,,
11/9/2023,9:00 AM,79,100,3,29.79,Mist,0,0,0,0,0,,,
11/9/2023,9:30 AM,81,94,2,29.79,Mist,0,0,0,0,0,,,
11/9/2023,10:00 AM,82,89,1,29.79,Mist,0,0,0,0,0,,,
11/9/2023,10:30 AM,82,89,2,29.81,Rain,0,0,0,0,0,,,
11/9/2023,11:00 AM,82,89,2,29.79,Mist,0,0,0,0,0,,,
11/9/2023,11:30 AM,84,84,2,29.79,Clear,0,0,0,0,0,,,
11/9/2023,12:00 PM,84,84,1,29.76,Clear,0,0,0,0,0,,,
11/9/2023,12:30 PM,84,84,2,29.76,Clear,0,0,0,0,0,,,
11/9/2023,1:00 PM,86,70,1,29.73,Clear,0,0,0,0,0,,,
11/9/2023,1:30 PM,86,74,3,29.7,Clear,0,0,0,0,0,,,
11/9/2023,2:00 PM,88,70,3,29.7,Clear,0,0,0,0,0,,,
11/9/2023,2:30 PM,88,70,3,29.67,Clear,0,0,0,0,0,,,
11/9/2023,3:00 PM,90,66,3,29.67,Clear,0,0,0,0,0,,,
11/9/2023,3:30 PM,86,79,7,29.64,Clear,0,0,0,0,0,,,
11/9/2023,4:00 PM,88,70,3,29.67,Rain,0,0,0,0,0,,,
11/9/2023,4:30 PM,86,79,6,29.67,Clear,0,0,0,0,0,,,
11/9/2023,5:00 PM,86,74,5,29.67,Clear,0,0,0,0,0,,,
11/9/2023,5:30 PM,86,79,5,29.7,Rain,0,0,0,0,0,,,
11/9/2023,6:00 PM,81,79,13,29.7,Rain,0,0,0,0,0,,,
11/9/2023,6:30 PM,77,83,6,29.73,Rain,0,0,0,0,0,,,
11/9/2023,7:00 PM,75,89,7,29.73,Rain,0,0,0,0,0,,,
11/9/2023,7:30 PM,75,94,2,29.76,Rain,0,0,0,0,0,,,
11/9/2023,8:00 PM,75,100,3,29.76,Rain,0,0,0,0,0,,,
11/9/2023,8:30 PM,75,100,2,29.79,Clear,0,0,0,0,0,,,
11/9/2023,9:00 PM,75,100,2,29.79,Clear,0,0,0,0,0,,,
11/9/2023,9:30 PM,75,100,2,29.79,Clear,0,0,0,0,0,,,
11/9/2023,10:00 PM,75,100,1,29.79,Clear,0,0,0,0,0,,,
11/9/2023,10:30 PM,75,100,0,29.79,Clear,0,0,0,0,0,,,
11/9/2023,11:00 PM,77,94,0,29.79,Clear,0,0,0,0,0,,,
11/9/2023,11:30 PM,77,94,2,29.79,Clear,0,0,0,0,0,,,
11/10/2023,12:00 AM,77,94,0,29.79,Clear,0,0,0,0,0,,,
11/10/2023,12:30 AM,77,94,2,29.76,Clear,0,0,0,0,0,,,
11/10/2023,1:00 AM,77,94,0,29.76,Clear,0,0,0,0,0,,,
11/10/2023,1:30 AM,75,100,2,29.76,Clear,0,0,0,0,0,,,
11/10/2023,2:00 AM,75,100,1,29.73,Clear,0,0,0,0,0,,,
11/10/2023,2:30 AM,75,100,2,29.73,Clear,0,0,0,0,0,,,
11/10/2023,3:00 AM,75,100,2,29.73,Clear,0,0,0,0,0,,,
11/10/2023,3:30 AM,75,100,2,29.73,Clear,0,0,0,0,0,,,
11/10/2023,4:00 AM,75,100,0,29.73,Clear,0,0,0,0,0,,,
11/10/2023,4:30 AM,75,100,0,29.73,Mist,0,0,0,0,0,,,
11/10/2023,5:00 AM,75,100,3,29.73,Mist,0,0,0,0,0,,,
11/10/2023,5:30 AM,75,100,1,29.73,Mist,0,0,0,0,0,,,
11/10/2023,6:00 AM,75,100,0,29.76,Mist,0,0,0,0,0,,,
11/10/2023,6:30 AM,75,100,0,29.76,Mist,0,0,0,0,0,,,
11/10/2023,7:00 AM,75,100,2,29.76,Mist,0,0,0,0,0,,,
11/10/2023,7:30 AM,75,100,2,29.79,Mist,0,0,0,0,0,,,
11/10/2023,8:00 AM,77,100,3,29.81,Mist,0,0,0,0,0,,,
11/10/2023,8:30 AM,79,94,3,29.81,Clear,0,0,0,0,0,,,
11/10/2023,9:00 AM,82,84,2,29.81,Clear,0,0,0,0,0,,,
11/10/2023,9:30 AM,84,79,2,29.81,Clear,0,0,0,0,0,,,
11/10/2023,10:00 AM,88,70,2,29.81,Clear,0,0,0,0,0,,,
11/10/2023,10:30 AM,88,70,2,29.81,Clear,0,0,0,0,0,,,
11/10/2023,11:00 AM,90,66,2,29.79,Clear,0,0,0,0,0,,,
11/10/2023,11:30 AM,90,62,2,29.79,Clear,0,0,0,0,0,,,
11/10/2023,12:00 PM,88,70,2,29.76,Clear,0,0,0,0,0,,,
11/10/2023,12:30 PM,90,70,7,29.76,Clear,0,0,0,0,0,,,
11/10/2023,1:00 PM,90,62,3,29.73,Clear,0,0,0,0,0,,,
11/10/2023,1:30 PM,88,70,7,29.7,Rain,0,0,0,0,0,,,
11/10/2023,2:00 PM,90,66,6,29.7,Rain,0,0,0,0,0,,,
11/10/2023,2:30 PM,90,66,5,29.7,Rain,0,0,0,0,0,,,
11/10/2023,3:00 PM,86,74,6,29.7,Clear,0,0,0,0,0,,,
11/10/2023,3:30 PM,82,84,7,29.67,Clear,0,0,0,0,0,,,
11/10/2023,4:00 PM,82,84,8,29.7,Rain,0,0,0,0,0,,,
11/10/2023,4:30 PM,77,100,7,29.73,Clear,0,0,0,0,0,,,
11/10/2023,5:00 PM,77,94,7,29.73,Rain,0,0,0,0,0,,,
11/10/2023,5:30 PM,77,94,5,29.73,Clear,0,0,0,0,0,,,
11/10/2023,6:00 PM,75,94,6,29.73,Clear,0,0,0,0,0,,,
11/10/2023,6:30 PM,75,94,1,29.73,Clear,0,0,0,0,0,,,
11/10/2023,7:00 PM,75,100,2,29.76,Clear,0,0,0,0,0,,,
11/10/2023,7:30 PM,77,94,3,29.79,Clear,0,0,0,0,0,,,
11/10/2023,8:00 PM,77,94,2,29.79,Clear,0,0,0,0,0,,,
11/10/2023,8:30 PM,77,94,0,29.79,Clear,0,0,0,0,0,,,
11/10/2023,9:00 PM,77,94,2,29.81,Clear,0,0,0,0,0,,,
11/10/2023,9:30 PM,75,100,2,29.81,Clear,0,0,0,0,0,,,
11/10/2023,10:00 PM,77,94,3,29.81,Clear,0,0,0,0,0,,,
11/10/2023,10:30 PM,77,94,2,29.81,Clear,0,0,0,0,0,,,
11/10/2023,11:00 PM,75,100,0,29.81,Clear,0,0,0,0,0,,,
11/10/2023,11:30 PM,75,100,1,29.81,Clear,0,0,0,0,0,,,
11/11/2023,12:00 AM,75,100,1,29.79,Clear,0,0,0,0,0,,,
11/11/2023,12:30 AM,75,100,2,29.79,Clear,0,0,0,0,0,,,
11/11/2023,1:00 AM,75,100,1,29.79,Clear,0,0,0,0,0,,,
11/11/2023,1:30 AM,75,100,1,29.76,Clear,0,0,0,0,0,,,
11/11/2023,2:00 AM,75,100,0,29.76,Clear,0,0,0,0,0,,,
11/11/2023,2:30 AM,75,100,0,29.76,Clear,0,0,0,0,0,,,
11/11/2023,3:00 AM,75,100,3,29.73,Clear,0,0,0,0,0,,,
11/11/2023,3:30 AM,77,94,3,29.73,Clear,0,0,0,0,0,,,
11/11/2023,4:00 AM,77,94,5,29.73,Rain,0,0,0,0,0,,,
11/11/2023,4:30 AM,77,94,0,29.73,Rain,0,0,0,0,0,,,
11/11/2023,5:00 AM,77,94,2,29.73,Rain,0,0,0,0,0,,,
11/11/2023,5:30 AM,77,100,0,29.73,Rain,0,0,0,0,0,,,
11/11/2023,6:00 AM,77,94,3,29.76,Rain,0,0,0,0,0,,,
11/11/2023,6:30 AM,77,94,3,29.76,Rain,0,0,0,0,0,,,
11/11/2023,7:00 AM,77,94,3,29.76,Rain,0,0,0,0,0,,,
11/11/2023,7:30 AM,77,94,5,29.79,Mist,0,0,0,0,0,,,
11/11/2023,8:00 AM,79,94,2,29.81,Clear,0,0,0,0,0,,,
11/11/2023,8:30 AM,81,89,0,29.81,Clear,0,0,0,0,0,,,
11/11/2023,9:00 AM,82,84,1,29.81,Clear,0,0,0,0,0,,,
11/11/2023,9:30 AM,82,89,1,29.81,Clear,0,0,0,0,0,,,
11/11/2023,10:00 AM,82,89,0,29.81,Clear,0,0,0,0,0,,,
11/11/2023,10:30 AM,84,84,1,29.81,Clear,0,0,0,0,0,,,
11/11/2023,11:00 AM,84,79,2,29.81,Clear,0,0,0,0,0,,,
11/11/2023,11:30 AM,84,84,3,29.81,Clear,0,0,0,0,0,,,
11/11/2023,12:00 PM,84,79,6,29.79,Clear,0,0,0,0,0,,,
11/11/2023,12:30 PM,84,74,6,29.76,Clear,0,0,0,0,0,,,
11/11/2023,1:00 PM,86,70,6,29.76,Clear,0,0,0,0,0,,,
11/11/2023,1:30 PM,86,74,7,29.73,Clear,0,0,0,0,0,,,
11/11/2023,2:00 PM,86,74,8,29.73,Clear,0,0,0,0,0,,,
11/11/2023,2:30 PM,88,70,9,29.7,Clear,0,0,0,0,0,,,
11/11/2023,3:00 PM,84,79,10,29.7,Rain,0,0,0,0,0,,,
11/11/2023,3:30 PM,84,79,9,29.7,Rain,0,0,0,0,0,,,
11/11/2023,4:00 PM,82,84,7,29.73,Clear,0,0,0,0,0,,,
11/11/2023,4:30 PM,82,84,7,29.73,Clear,0,0,0,0,0,,,
11/11/2023,5:00 PM,82,79,5,29.73,Rain,0,0,0,0,0,,,
11/11/2023,5:30 PM,82,84,0,29.76,Rain,0,0,0,0,0,,,
11/11/2023,6:00 PM,79,89,5,29.76,Rain,0,0,0,0,0,,,
11/11/2023,6:30 PM,79,89,3,29.76,Clear,0,0,0,0,0,,,
11/11/2023,7:00 PM,79,89,2,29.79,Clear,0,0,0,0,0,,,
11/11/2023,7:30 PM,79,94,2,29.79,Clear,0,0,0,0,0,,,
11/11/2023,8:00 PM,77,100,8,29.81,Rain,0,0,0,0,0,,,
11/11/2023,8:30 PM,77,94,6,29.79,Rain,0,0,0,0,0,,,
11/11/2023,9:00 PM,77,94,5,29.79,Rain,0,0,0,0,0,,,
11/11/2023,9:30 PM,77,100,3,29.81,Rain,0,0,0,0,0,,,
11/11/2023,10:00 PM,77,94,5,29.81,Rain,0,0,0,0,0,,,
11/11/2023,10:30 PM,77,94,3,29.81,Rain,0,0,0,0,0,,,
11/11/2023,11:00 PM,77,94,2,29.81,Rain,0,0,0,0,0,,,
11/11/2023,11:30 PM,77,94,2,29.81,Clear,0,0,0,0,0,,,
11/12/2023,12:00 AM,77,94,5,29.79,Clear,0,0,0,0,0,,,
11/12/2023,12:30 AM,77,94,0,29.79,Clear,0,0,0,0,0,,,
11/12/2023,1:00 AM,77,94,3,29.76,Clear,0,0,0,0,0,,,
11/12/2023,1:30 AM,77,94,1,29.76,Clear,0,0,0,0,0,,,
11/12/2023,2:00 AM,77,94,2,29.76,Clear,0,0,0,0,0,,,
11/12/2023,2:30 AM,77,94,2,29.73,Mist,0,0,0,0,0,,,
11/12/2023,3:00 AM,75,100,2,29.73,Mist,0,0,0,0,0,,,
11/12/2023,3:30 AM,77,94,0,29.73,Mist,0,0,0,0,0,,,
11/12/2023,4:00 AM,77,94,2,29.73,Mist,0,0,0,0,0,,,
11/12/2023,4:30 AM,77,94,2,29.73,Mist,0,0,0,0,0,,,
11/12/2023,5:00 AM,75,100,2,29.73,Mist,0,0,0,0,0,,,
11/12/2023,5:30 AM,75,100,0,29.76,Mist,0,0,0,0,0,,,
11/12/2023,6:00 AM,77,94,2,29.76,Clear,0,0,0,0,0,,,
11/12/2023,6:30 AM,77,94,2,29.76,Mist,0,0,0,0,0,,,
11/12/2023,7:00 AM,75,100,3,29.76,Mist,0,0,0,0,0,,,
11/12/2023,7:30 AM,77,94,0,29.79,Clear,0,0,0,0,0,,,
11/12/2023,8:00 AM,79,94,1,29.79,Clear,0,0,0,0,0,,,
11/12/2023,8:30 AM,81,84,2,29.79,Clear,0,0,0,0,0,,,
11/12/2023,9:00 AM,82,84,5,29.79,Clear,0,0,0,0,0,,,
11/12/2023,9:30 AM,84,79,7,29.81,Clear,0,0,0,0,0,,,
11/12/2023,10:00 AM,82,79,6,29.81,Clear,0,0,0,0,0,,,
11/12/2023,10:30 AM,84,74,7,29.79,Clear,0,0,0,0,0,,,
11/12/2023,11:00 AM,84,74,6,29.79,Clear,0,0,0,0,0,,,
11/12/2023,11:30 AM,86,70,5,29.79,Clear,0,0,0,0,0,,,
11/12/2023,12:00 PM,86,74,7,29.76,Clear,0,0,0,0,0,,,
11/12/2023,12:30 PM,86,70,6,29.73,Rain,0,0,0,0,0,,,
11/12/2023,1:00 PM,86,70,7,29.73,Rain,0,0,0,0,0,,,
11/12/2023,1:30 PM,86,70,7,29.7,Clear,0,0,0,0,0,,,
11/12/2023,2:00 PM,88,66,7,29.7,Clear,0,0,0,0,0,,,
11/12/2023,2:30 PM,86,70,7,29.67,Clear,0,0,0,0,0,,,
11/12/2023,3:00 PM,88,66,7,29.64,Clear,0,0,0,0,0,,,
11/12/2023,3:30 PM,86,70,8,29.64,Clear,0,0,0,0,0,,,
11/12/2023,4:00 PM,88,66,6,29.64,Clear,0,0,0,0,0,,,
11/12/2023,4:30 PM,86,70,6,29.64,Clear,0,0,0,0,0,,,
11/12/2023,5:00 PM,86,74,8,29.67,Clear,0,0,0,0,0,,,
11/12/2023,5:30 PM,84,79,6,29.67,Clear,0,0,0,0,0,,,
11/12/2023,6:00 PM,84,79,5,29.7,Clear,0,0,0,0,0,,,
11/12/2023,6:30 PM,84,79,5,29.7,Clear,0,0,0,0,0,,,
11/12/2023,7:00 PM,82,84,8,29.73,Clear,0,0,0,0,0,,,
11/12/2023,7:30 PM,82,84,7,29.73,Clear,0,0,0,0,0,,,
11/12/2023,8:00 PM,82,84,5,29.76,Clear,0,0,0,0,0,,,
11/12/2023,8:30 PM,82,84,3,29.76,Clear,0,0,0,0,0,,,
11/12/2023,9:00 PM,82,84,2,29.76,Clear,0,0,0,0,0,,,
11/12/2023,9:30 PM,81,89,0,29.79,Clear,0,0,0,0,0,,,
11/12/2023,10:00 PM,81,89,2,29.79,Clear,0,0,0,0,0,,,
11/12/2023,10:30 PM,81,89,5,29.79,Clear,0,0,0,0,0,,,
11/12/2023,11:00 PM,81,89,3,29.79,Clear,0,0,0,0,0,,,
11/12/2023,11:30 PM,81,89,2,29.79,Clear,0,0,0,0,0,,,
11/13/2023,12:00 AM,81,89,2,29.76,Clear,0,0,0,0,0,,,
11/13/2023,12:30 AM,81,89,2,29.76,Clear,0,0,0,0,0,,,
11/13/2023,1:00 AM,81,89,0,29.76,Clear,0,0,0,0,0,,,
11/13/2023,1:30 AM,81,89,2,29.73,Clear,0,0,0,0,0,,,
11/13/2023,2:00 AM,79,94,2,29.73,Clear,0,0,0,0,0,,,
11/13/2023,2:30 AM,79,94,1,29.7,Clear,0,0,0,0,0,,,
11/13/2023,3:00 AM,79,94,0,29.7,Clear,0,0,0,0,0,,,
11/13/2023,3:30 AM,79,94,0,29.7,Clear,0,0,0,0,0,,,
11/13/2023,4:00 AM,79,94,2,29.7,Clear,0,0,0,0,0,,,
11/13/2023,4:30 AM,77,100,0,29.7,Clear,0,0,0,0,0,,,
11/13/2023,5:00 AM,77,100,0,29.7,Clear,0,0,0,0,0,,,
11/13/2023,5:30 AM,77,100,0,29.7,Clear,0,0,0,0,0,,,
11/13/2023,6:00 AM,77,100,0,29.7,Clear,0,0,0,0,0,,,
11/13/2023,6:30 AM,77,100,0,29.73,Clear,0,0,0,0,0,,,
11/13/2023,7:00 AM,77,100,2,29.73,Clear,0,0,0,0,0,,,
11/13/2023,7:30 AM,79,94,2,29.73,Clear,0,0,0,0,0,,,
11/13/2023,8:00 AM,82,84,2,29.76,Clear,0,0,0,0,0,,,
11/13/2023,8:30 AM,84,79,2,29.76,Clear,0,0,0,0,0,,,
11/13/2023,9:00 AM,86,74,2,29.76,Clear,0,0,0,0,0,,,
11/13/2023,9:30 AM,88,70,3,29.76,Clear,0,0,0,0,0,,,
11/13/2023,10:00 AM,88,70,2,29.79,Clear,0,0,0,0,0,,,
11/13/2023,10:30 AM,88,70,5,29.76,Clear,0,0,0,0,0,,,
11/13/2023,11:00 AM,90,66,6,29.76,Clear,0,0,0,0,0,,,
11/13/2023,11:30 AM,90,66,5,29.76,Clear,0,0,0,0,0,,,
11/13/2023,12:00 PM,90,66,7,29.73,Rain,0,0,0,0,0,,,
11/13/2023,12:30 PM,90,66,8,29.73,Rain,0,0,0,0,0,,,
11/13/2023,1:00 PM,86,74,9,29.7,Rain,0,0,0,0,0,,,
11/13/2023,1:30 PM,88,70,9,29.7,Clear,0,0,0,0,0,,,
11/13/2023,2:00 PM,88,70,8,29.67,Rain,0,0,0,0,0,,,
11/13/2023,2:30 PM,88,75,8,29.67,Rain,0,0,0,0,0,,,
11/13/2023,3:00 PM,88,75,9,29.64,Clear,0,0,0,0,0,,,
11/13/2023,3:30 PM,88,75,8,29.67,Clear,0,0,0,0,0,,,
11/13/2023,4:00 PM,86,74,7,29.67,Rain,0,0,0,0,0,,,
11/13/2023,4:30 PM,84,74,8,29.7,Rain,0,0,0,0,0,,,
11/13/2023,5:00 PM,84,79,7,29.7,Rain,0,0,0,0,0,,,
11/13/2023,5:30 PM,84,79,5,29.7,Rain,0,0,0,0,0,,,
11/13/2023,6:00 PM,84,79,5,29.73,Rain,0,0,0,0,0,,,
11/13/2023,6:30 PM,82,79,6,29.76,Rain,0,0,0,0,0,,,
11/13/2023,7:00 PM,81,89,7,29.76,Rain,0,0,0,0,0,,,
11/13/2023,7:30 PM,77,89,5,29.79,Rain,0,0,0,0,0,,,
11/13/2023,8:00 PM,77,94,3,29.81,Rain,0,0,0,0,0,,,
11/13/2023,8:30 PM,75,100,2,29.81,Clear,0,0,0,0,0,,,
11/13/2023,9:00 PM,77,94,2,29.81,Rain,0,0,0,0,0,,,
11/13/2023,9:30 PM,77,94,2,29.81,Rain,0,0,0,0,0,,,
11/13/2023,10:00 PM,77,94,3,29.81,Rain,0,0,0,0,0,,,
11/13/2023,10:30 PM,77,94,2,29.81,Rain,0,0,0,0,0,,,
11/13/2023,11:00 PM,77,94,2,29.81,Clear,0,0,0,0,0,,,
11/13/2023,11:30 PM,77,94,3,29.81,Clear,0,0,0,0,0,,,
11/14/2023,12:00 AM,77,94,2,29.81,Clear,0,0,0,0,0,,,
11/14/2023,12:30 AM,77,94,3,29.81,Clear,0,0,0,0,0,,,
11/14/2023,1:00 AM,77,94,5,29.79,Clear,0,0,0,0,0,,,
11/14/2023,1:30 AM,77,94,5,29.76,Clear,0,0,0,0,0,,,
11/14/2023,2:00 AM,77,94,5,29.76,Clear,0,0,0,0,0,,,
11/14/2023,2:30 AM,77,94,6,29.76,Clear,0,0,0,0,0,,,
11/14/2023,3:00 AM,77,94,5,29.76,Clear,0,0,0,0,0,,,
11/14/2023,3:30 AM,77,94,6,29.76,Clear,0,0,0,0,0,,,
11/14/2023,4:00 AM,77,94,5,29.76,Clear,0,0,0,0,0,,,
11/14/2023,4:30 AM,77,94,5,29.76,Clear,0,0,0,0,0,,,
11/14/2023,5:00 AM,77,94,5,29.73,Clear,0,0,0,0,0,,,
11/14/2023,5:30 AM,77,94,1,29.76,Clear,0,0,0,0,0,,,
11/14/2023,6:00 AM,77,94,1,29.76,Clear,0,0,0,0,0,,,
11/14/2023,6:30 AM,77,94,2,29.76,Rain,0,0,0,0,0,,,
11/14/2023,7:00 AM,77,94,1,29.76,Clear,0,0,0,0,0,,,
11/14/2023,7:30 AM,77,100,2,29.76,Clear,0,0,0,0,0,,,
11/14/2023,8:00 AM,79,94,1,29.79,Clear,0,0,0,0,0,,,
11/14/2023,8:30 AM,82,84,0,29.81,Clear,0,0,0,0,0,,,
11/14/2023,9:00 AM,82,84,1,29.81,Clear,0,0,0,0,0,,,
11/14/2023,9:30 AM,84,84,3,29.81,Clear,0,0,0,0,0,,,
11/14/2023,10:00 AM,86,79,2,29.81,Clear,0,0,0,0,0,,,
11/14/2023,10:30 AM,88,70,2,29.81,Clear,0,0,0,0,0,,,
11/14/2023,11:00 AM,88,75,5,29.81,Clear,0,0,0,0,0,,,
11/14/2023,11:30 AM,88,70,5,29.79,Clear,0,0,0,0,0,,,
11/14/2023,12:00 PM,86,79,8,29.79,Rain,0,0,0,0,0,,,
11/14/2023,12:30 PM,84,84,5,29.76,Rain,0,0,0,0,0,,,
11/14/2023,1:00 PM,86,79,8,29.76,Clear,0,0,0,0,0,,,
11/14/2023,1:30 PM,84,74,8,29.73,Clear,0,0,0,0,0,,,
11/14/2023,2:00 PM,84,74,8,29.73,Clear,0,0,0,0,0,,,
11/14/2023,2:30 PM,86,70,7,29.7,Clear,0,0,0,0,0,,,
11/14/2023,3:00 PM,86,74,8,29.67,Clear,0,0,0,0,0,,,
11/14/2023,3:30 PM,86,74,8,29.67,Clear,0,0,0,0,0,,,
11/14/2023,4:00 PM,84,79,7,29.7,Rain,0,0,0,0,0,,,
11/14/2023,4:30 PM,82,89,6,29.7,Rain,0,0,0,0,0,,,
11/14/2023,5:00 PM,82,84,6,29.7,Rain,0,0,0,0,0,,,
11/14/2023,5:30 PM,81,94,3,29.7,Clear,0,0,0,0,0,,,
11/14/2023,6:00 PM,81,94,3,29.73,Clear,0,0,0,0,0,,,
11/14/2023,6:30 PM,81,94,3,29.73,Clear,0,0,0,0,0,,,
11/14/2023,7:00 PM,81,89,5,29.73,Clear,0,0,0,0,0,,,
11/14/2023,7:30 PM,81,89,3,29.76,Clear,0,0,0,0,0,,,
11/14/2023,8:00 PM,81,89,3,29.76,Clear,0,0,0,0,0,,,
11/14/2023,8:30 PM,81,89,6,29.79,Clear,0,0,0,0,0,,,
11/14/2023,9:00 PM,79,94,3,29.79,Clear,0,0,0,0,0,,,
11/14/2023,9:30 PM,79,94,5,29.79,Clear,0,0,0,0,0,,,
11/14/2023,10:00 PM,79,94,3,29.79,Clear,0,0,0,0,0,,,
11/14/2023,10:30 PM,79,94,3,29.79,Clear,0,0,0,0,0,,,
11/14/2023,11:00 PM,79,94,2,29.79,Clear,0,0,0,0,0,,,
11/14/2023,11:30 PM,79,94,1,29.79,Clear,0,0,0,0,0,,,
11/15/2023,12:00 AM,79,94,2,29.76,Clear,0,0,0,0,0,,,
11/15/2023,12:30 AM,79,94,2,29.79,Clear,0,0,0,0,0,,,
11/15/2023,1:00 AM,77,100,0,29.76,Clear,0,0,0,0,0,,,
11/15/2023,1:30 AM,77,100,2,29.76,Clear,0,0,0,0,0,,,
11/15/2023,2:00 AM,77,100,3,29.76,Clear,0,0,0,0,0,,,
11/15/2023,2:30 AM,77,100,0,29.76,Clear,0,0,0,0,0,,,
11/15/2023,3:00 AM,77,100,2,29.73,Clear,0,0,0,0,0,,,
11/15/2023,3:30 AM,77,100,0,29.73,Clear,0,0,0,0,0,,,
11/15/2023,4:00 AM,77,100,0,29.73,Clear,0,0,0,0,0,,,
11/15/2023,4:30 AM,77,94,3,29.73,Clear,0,0,0,0,0,,,
11/15/2023,5:00 AM,77,94,3,29.76,Clear,0,0,0,0,0,,,
11/15/2023,5:30 AM,77,94,2,29.76,Clear,0,0,0,0,0,,,
11/15/2023,6:00 AM,77,94,0,29.76,Clear,0,0,0,0,0,,,
11/15/2023,6:30 AM,77,100,2,29.79,Clear,0,0,0,0,0,,,
11/15/2023,7:00 AM,77,100,0,29.79,Clear,0,0,0,0,0,,,
11/15/2023,7:30 AM,77,100,0,29.79,Rain,0,0,0,0,0,,,
11/15/2023,8:00 AM,79,94,3,29.81,Rain,0,0,0,0,0,,,
11/15/2023,8:30 AM,82,89,5,29.81,Clear,0,0,0,0,0,,,
11/15/2023,9:00 AM,82,84,5,29.81,Clear,0,0,0,0,0,,,
11/15/2023,9:30 AM,82,84,5,29.81,Clear,0,0,0,0,0,,,
11/15/2023,10:00 AM,82,89,8,29.81,Clear,0,0,0,0,0,,,
11/15/2023,10:30 AM,82,84,8,29.81,Clear,0,0,0,0,0,,,
11/15/2023,11:00 AM,84,79,8,29.81,Clear,0,0,0,0,0,,,
11/15/2023,11:30 AM,84,79,9,29.79,Clear,0,0,0,0,0,,,
11/15/2023,12:00 PM,86,74,8,29.79,Clear,0,0,0,0,0,,,
11/15/2023,12:30 PM,88,70,8,29.76,Clear,0,0,0,0,0,,,
11/15/2023,1:00 PM,88,70,8,29.76,Rain,0,0,0,0,0,,,
11/15/2023,1:30 PM,88,70,9,29.73,Rain,0,0,0,0,0,,,
11/15/2023,2:00 PM,86,70,8,29.73,Clear,0,0,0,0,0,,,
11/15/2023,2:30 PM,86,74,9,29.7,Clear,0,0,0,0,0,,,
11/15/2023,3:00 PM,86,70,9,29.7,Clear,0,0,0,0,0,,,
11/15/2023,3:30 PM,84,84,9,29.73,Clear,0,0,0,0,0,,,
11/15/2023,4:00 PM,84,79,10,29.73,Rain,0,0,0,0,0,,,
11/15/2023,4:30 PM,82,84,7,29.73,Rain,0,0,0,0,0,,,
11/15/2023,5:00 PM,81,89,2,29.73,Rain,0,0,0,0,0,,,
11/15/2023,5:30 PM,81,89,7,29.73,Rain,0,0,0,0,0,,,
11/15/2023,6:00 PM,79,94,5,29.76,Rain,0,0,0,0,0,,,
11/15/2023,6:30 PM,79,94,2,29.79,Rain,0,0,0,0,0,,,
11/15/2023,7:00 PM,79,94,1,29.79,Rain,0,0,0,0,0,,,
11/15/2023,7:30 PM,75,100,8,29.79,Rain,0,0,0,0,0,,,
11/15/2023,8:00 PM,77,94,7,29.81,Rain,0,0,0,0,0,,,
11/15/2023,8:30 PM,77,94,5,29.81,Rain,0,0,0,0,0,,,
11/15/2023,9:00 PM,77,94,3,29.81,Rain,0,0,0,0,0,,,
11/15/2023,9:30 PM,77,94,3,29.81,Rain,0,0,0,0,0,,,
11/15/2023,10:00 PM,77,94,6,29.81,Clear,0,0,0,0,0,,,
11/15/2023,10:30 PM,77,94,5,29.79,Clear,0,0,0,0,0,,,
11/15/2023,11:00 PM,77,94,3,29.79,Clear,0,0,0,0,0,,,
11/15/2023,11:30 PM,77,94,2,29.79,Clear,0,0,0,0,0,,,
11/16/2023,12:00 AM,77,94,3,29.79,Clear,0,0,0,0,0,,,
11/16/2023,12:30 AM,77,94,6,29.76,Clear,0,0,0,0,0,,,
11/16/2023,1:00 AM,77,100,3,29.76,Clear,0,0,0,0,0,,,
11/16/2023,1:30 AM,77,94,3,29.79,Clear,0,0,0,0,0,,,
11/16/2023,2:00 AM,77,100,3,29.76,Rain,0,0,0,0,0,,,
11/16/2023,2:30 AM,77,100,3,29.76,Rain,0,0,0,0,0,,,
11/16/2023,3:00 AM,77,100,2,29.76,Rain,0,0,0,0,0,,,
11/16/2023,3:30 AM,77,100,3,29.76,Rain,0,0,0,0,0,,,
11/16/2023,4:00 AM,77,100,3,29.73,Rain,0,0,0,0,0,,,
11/16/2023,4:30 AM,77,100,0,29.73,Clear,0,0,0,0,0,,,
11/16/2023,5:00 AM,77,100,0,29.76,Clear,0,0,0,0,0,,,
11/16/2023,5:30 AM,77,100,3,29.76,Clear,0,0,0,0,0,,,
11/16/2023,6:00 AM,77,100,5,29.76,Rain,0,0,0,0,0,,,
11/16/2023,6:30 AM,75,100,7,29.79,Rain,0,0,0,0,0,,,
11/16/2023,7:00 AM,75,100,7,29.79,Rain,0,0,0,0,0,,,
11/16/2023,7:30 AM,77,94,6,29.81,Rain,0,0,0,0,0,,,
11/16/2023,8:00 AM,77,94,3,29.84,Clear,0,0,0,0,0,,,
11/16/2023,8:30 AM,75,100,8,29.84,Rain,0,0,0,0,0,,,
11/16/2023,9:00 AM,77,94,12,29.84,Rain,0,0,0,0,0,,,
11/16/2023,9:30 AM,77,94,7,29.87,Rain,0,0,0,0,0,,,
11/16/2023,10:00 AM,77,94,3,29.87,Rain,0,0,0,0,0,,,
11/16/2023,10:30 AM,77,94,7,29.87,Rain,0,0,0,0,0,,,
11/16/2023,11:00 AM,77,94,8,29.84,Rain,0,0,0,0,0,,,
11/16/2023,11:30 AM,77,89,5,29.84,Rain,0,0,0,0,0,,,
11/16/2023,12:00 PM,77,94,6,29.81,Rain,0,0,0,0,0,,,
11/16/2023,12:30 PM,77,94,7,29.79,Rain,0,0,0,0,0,,,
11/16/2023,1:00 PM,77,100,5,29.79,Rain,0,0,0,0,0,,,
11/16/2023,1:30 PM,79,94,5,29.79,Rain,0,0,0,0,0,,,
11/16/2023,2:00 PM,79,94,6,29.79,Rain,0,0,0,0,0,,,
11/16/2023,2:30 PM,79,89,7,29.79,Clear,0,0,0,0,0,,,
11/16/2023,3:00 PM,79,94,5,29.76,Clear,0,0,0,0,0,,,
11/16/2023,3:30 PM,79,94,6,29.73,Clear,0,0,0,0,0,,,
11/16/2023,4:00 PM,79,89,6,29.73,Clear,0,0,0,0,0,,,
11/16/2023,4:30 PM,79,89,6,29.73,Clear,0,0,0,0,0,,,
11/16/2023,5:00 PM,79,89,5,29.73,Clear,0,0,0,0,0,,,
11/16/2023,5:30 PM,77,94,3,29.73,Clear,0,0,0,0,0,,,
11/16/2023,6:00 PM,77,94,2,29.76,Rain,0,0,0,0,0,,,
11/16/2023,6:30 PM,77,94,3,29.76,Rain,0,0,0,0,0,,,
11/16/2023,7:00 PM,77,94,0,29.79,Rain,0,0,0,0,0,,,
11/16/2023,7:30 PM,77,94,3,29.79,Rain,0,0,0,0,0,,,
11/16/2023,8:00 PM,77,94,3,29.79,Clear,0,0,0,0,0,,,
11/16/2023,8:30 PM,77,94,2,29.81,Rain,0,0,0,0,0,,,
11/16/2023,9:00 PM,77,94,0,29.81,Rain,0,0,0,0,0,,,
11/16/2023,9:30 PM,77,94,0,29.81,Clear,0,0,0,0,0,,,
11/16/2023,10:00 PM,77,94,2,29.81,Clear,0,0,0,0,0,,,
11/16/2023,10:30 PM,77,94,0,29.81,Clear,0,0,0,0,0,,,
11/16/2023,11:00 PM,77,94,0,29.81,Clear,0,0,0,0,0,,,
11/16/2023,11:30 PM,77,94,0,29.81,Clear,0,0,0,0,0,,,
11/17/2023,12:00 AM,77,94,0,29.81,Clear,0,0,0,0,0,,,
11/17/2023,12:30 AM,77,94,0,29.81,Clear,0,0,0,0,0,,,
11/17/2023,1:00 AM,77,94,0,29.81,Clear,0,0,0,0,0,,,
11/17/2023,1:30 AM,77,94,0,29.79,Clear,0,0,0,0,0,,,
11/17/2023,2:00 AM,75,100,0,29.79,Clear,0,0,0,0,0,,,
11/17/2023,2:30 AM,75,100,1,29.76,Clear,0,0,0,0,0,,,
11/17/2023,3:00 AM,75,100,1,29.79,Clear,0,0,0,0,0,,,
11/17/2023,3:30 AM,75,100,0,29.76,Clear,0,0,0,0,0,,,
11/17/2023,4:00 AM,75,100,2,29.76,Clear,0,0,0,0,0,,,
11/17/2023,4:30 AM,75,100,3,29.76,Mist,0,0,0,0,0,,,
11/17/2023,5:00 AM,75,100,3,29.79,Clear,0,0,0,0,0,,,
11/17/2023,5:30 AM,75,100,5,29.79,Clear,0,0,0,0,0,,,
11/17/2023,6:00 AM,77,94,3,29.79,Rain,0,0,0,0,0,,,
11/17/2023,6:30 AM,77,94,2,29.81,Rain,0,0,0,0,0,,,
11/17/2023,7:00 AM,77,94,5,29.81,Rain,0,0,0,0,0,,,
11/17/2023,7:30 AM,77,94,5,29.81,Rain,0,0,0,0,0,,,
11/17/2023,8:00 AM,77,94,6,29.81,Rain,0,0,0,0,0,,,
11/17/2023,8:30 AM,77,94,2,29.84,Rain,0,0,0,0,0,,,
11/17/2023,9:00 AM,77,100,5,29.84,Rain,0,0,0,0,0,,,
11/17/2023,9:30 AM,77,100,5,29.84,Rain,0,0,0,0,0,,,
11/17/2023,10:00 AM,79,94,6,29.84,Rain,0,0,0,0,0,,,
11/17/2023,10:30 AM,79,89,5,29.84,Clear,0,0,0,0,0,,,
11/17/2023,11:00 AM,79,94,5,29.84,Clear,0,0,0,0,0,,,
11/17/2023,11:30 AM,79,94,5,29.81,Clear,0,0,0,0,0,,,
11/17/2023,12:00 PM,81,89,3,29.81,Clear,0,0,0,0,0,,,
11/17/2023,12:30 PM,82,84,5,29.79,Clear,0,0,0,0,0,,,
11/17/2023,1:00 PM,82,84,5,29.79,Clear,0,0,0,0,0,,,
11/17/2023,1:30 PM,82,84,5,29.76,Clear,0,0,0,0,0,,,
11/17/2023,2:00 PM,84,79,7,29.76,Clear,0,0,0,0,0,,,
11/17/2023,2:30 PM,84,79,6,29.73,Clear,0,0,0,0,0,,,
11/17/2023,3:00 PM,84,79,7,29.73,Clear,0,0,0,0,0,,,
11/17/2023,3:30 PM,82,84,6,29.7,Clear,0,0,0,0,0,,,
11/17/2023,4:00 PM,82,84,6,29.73,Clear,0,0,0,0,0,,,
11/17/2023,4:30 PM,82,84,7,29.73,Rain,0,0,0,0,0,,,
11/17/2023,5:00 PM,82,84,5,29.73,Clear,0,0,0,0,0,,,
11/17/2023,5:30 PM,81,89,2,29.73,Clear,0,0,0,0,0,,,
11/17/2023,6:00 PM,81,89,3,29.73,Clear,0,0,0,0,0,,,
11/17/2023,6:30 PM,81,89,5,29.73,Clear,0,0,0,0,0,,,
11/17/2023,7:00 PM,81,89,5,29.76,Clear,0,0,0,0,0,,,
11/17/2023,7:30 PM,79,94,3,29.76,Clear,0,0,0,0,0,,,
11/17/2023,8:00 PM,79,94,3,29.79,Clear,0,0,0,0,0,,,
11/17/2023,8:30 PM,79,94,3,29.79,Clear,0,0,0,0,0,,,
11/17/2023,9:00 PM,79,94,3,29.79,Clear,0,0,0,0,0,,,
11/17/2023,9:30 PM,79,94,5,29.81,Clear,0,0,0,0,0,,,
11/17/2023,10:00 PM,79,94,3,29.81,Clear,0,0,0,0,0,,,
11/17/2023,10:30 PM,79,94,6,29.81,Clear,0,0,0,0,0,,,
11/17/2023,11:00 PM,79,94,5,29.81,Clear,0,0,0,0,0,,,
11/17/2023,11:30 PM,79,94,5,29.81,Clear,0,0,0,0,0,,,
11/18/2023,12:00 AM,77,100,2,29.79,Clear,0,0,0,0,0,,,
11/18/2023,12:30 AM,77,100,0,29.79,Clear,0,0,0,0,0,,,
11/18/2023,1:00 AM,77,100,0,29.79,Clear,0,0,0,0,0,,,
11/18/2023,1:30 AM,77,100,0,29.79,Clear,0,0,0,0,0,,,
11/18/2023,2:00 AM,77,100,3,29.79,Clear,0,0,0,0,0,,,
11/18/2023,2:30 AM,77,100,6,29.79,Rain,0,0,0,0,0,,,
11/18/2023,3:00 AM,77,94,6,29.76,Rain,0,0,0,0,0,,,
11/18/2023,3:30 AM,77,94,6,29.79,Rain,0,0,0,0,0,,,
11/18/2023,4:00 AM,77,94,5,29.79,Clear,0,0,0,0,0,,,
11/18/2023,4:30 AM,77,94,5,29.79,Rain,0,0,0,0,0,,,
11/18/2023,5:00 AM,77,94,3,29.76,Rain,0,0,0,0,0,,,
11/18/2023,5:30 AM,77,94,5,29.76,Rain,0,0,0,0,0,,,
11/18/2023,6:00 AM,77,94,6,29.76,Rain,0,0,0,0,0,,,
11/18/2023,6:30 AM,77,94,3,29.76,Clear,0,0,0,0,0,,,
11/18/2023,7:00 AM,77,94,3,29.79,Clear,0,0,0,0,0,,,
11/18/2023,7:30 AM,77,94,6,29.79,Clear,0,0,0,0,0,,,
11/18/2023,8:00 AM,79,89,3,29.81,Clear,0,0,0,0,0,,,
11/18/2023,8:30 AM,79,94,3,29.81,Clear,0,0,0,0,0,,,
11/18/2023,9:00 AM,79,94,5,29.81,Clear,0,0,0,0,0,,,
11/18/2023,9:30 AM,81,89,9,29.84,Rain,0,0,0,0,0,,,
11/18/2023,10:00 AM,81,89,8,29.84,Rain,0,0,0,0,0,,,
11/18/2023,10:30 AM,79,94,2,29.84,Rain,0,0,0,0,0,,,
11/18/2023,11:00 AM,79,94,7,29.84,Rain,0,0,0,0,0,,,
11/18/2023,11:30 AM,79,94,7,29.84,Rain,0,0,0,0,0,,,
11/18/2023,12:00 PM,79,89,8,29.81,Rain,0,0,0,0,0,,,
11/18/2023,12:30 PM,79,89,5,29.79,Rain,0,0,0,0,0,,,
11/18/2023,1:00 PM,79,89,2,29.79,Rain,0,0,0,0,0,,,
11/18/2023,1:30 PM,79,89,0,29.76,Rain,0,0,0,0,0,,,
11/18/2023,2:00 PM,79,89,5,29.73,Rain,0,0,0,0,0,,,
11/18/2023,2:30 PM,79,89,5,29.73,Clear,0,0,0,0,0,,,
11/18/2023,3:00 PM,79,89,5,29.7,Clear,0,0,0,0,0,,,
11/18/2023,3:30 PM,79,89,3,29.7,Clear,0,0,0,0,0,,,
11/18/2023,4:00 PM,81,84,6,29.7,Clear,0,0,0,0,0,,,
11/18/2023,4:30 PM,79,83,7,29.73,Clear,0,0,0,0,0,,,
11/18/2023,5:00 PM,79,89,9,29.73,Clear,0,0,0,0,0,,,
11/18/2023,5:30 PM,79,89,7,29.73,Clear,0,0,0,0,0,,,
11/18/2023,6:00 PM,79,89,7,29.76,Clear,0,0,0,0,0,,,
11/18/2023,6:30 PM,79,89,5,29.76,Clear,0,0,0,0,0,,,
11/18/2023,7:00 PM,79,89,5,29.76,Clear,0,0,0,0,0,,,
11/18/2023,7:30 PM,79,89,5,29.79,Clear,0,0,0,0,0,,,
11/18/2023,8:00 PM,79,89,3,29.79,Rain,0,0,0,0,0,,,
11/18/2023,8:30 PM,79,89,8,29.79,Clear,0,0,0,0,0,,,
11/18/2023,9:00 PM,79,89,6,29.81,Clear,0,0,0,0,0,,,
11/18/2023,9:30 PM,79,89,5,29.81,Clear,0,0,0,0,0,,,
11/18/2023,10:00 PM,77,94,3,29.81,Clear,0,0,0,0,0,,,
11/18/2023,10:30 PM,79,89,2,29.81,Rain,0,0,0,0,0,,,
11/18/2023,11:00 PM,77,94,3,29.81,Clear,0,0,0,0,0,,,
11/18/2023,11:30 PM,79,89,3,29.81,Clear,0,0,0,0,0,,,
11/19/2023,12:00 AM,79,89,3,29.81,Clear,0,0,0,0,0,,,
11/19/2023,12:30 AM,79,89,5,29.79,Clear,0,0,0,0,0,,,
11/19/2023,1:00 AM,77,94,3,29.79,Rain,0,0,0,0,0,,,
11/19/2023,1:30 AM,77,94,9,29.79,Rain,0,0,0,0,0,,,
11/19/2023,2:00 AM,77,94,5,29.79,Rain,0,0,0,0,0,,,
11/19/2023,2:30 AM,77,94,5,29.79,Rain,0,0,0,0,0,,,
11/19/2023,3:00 AM,77,94,3,29.76,Rain,0,0,0,0,0,,,
11/19/2023,3:30 AM,77,94,3,29.76,Rain,0,0,0,0,0,,,
11/19/2023,4:00 AM,75,100,8,29.76,Rain,0,0,0,0,0,,,
11/19/2023,4:30 AM,75,100,2,29.76,Rain,0,0,0,0,0,,,
11/19/2023,5:00 AM,75,100,2,29.79,Rain,0,0,0,0,0,,,
11/19/2023,5:30 AM,75,100,7,29.76,Rain,0,0,0,0,0,,,
11/19/2023,6:00 AM,75,100,6,29.79,Rain,0,0,0,0,0,,,
11/19/2023,6:30 AM,77,94,5,29.79,Rain,0,0,0,0,0,,,
11/19/2023,7:00 AM,77,94,2,29.79,Rain,0,0,0,0,0,,,
11/19/2023,7:30 AM,77,94,3,29.79,Rain,0,0,0,0,0,,,
11/19/2023,8:00 AM,79,94,1,29.81,Clear,0,0,0,0,0,,,
11/19/2023,8:30 AM,79,89,3,29.81,Clear,0,0,0,0,0,,,
11/19/2023,9:00 AM,79,89,3,29.81,Rain,0,0,0,0,0,,,
11/19/2023,9:30 AM,81,89,3,29.81,Rain,0,0,0,0,0,,,
11/19/2023,10:00 AM,79,94,7,29.81,Rain,0,0,0,0,0,,,
11/19/2023,10:30 AM,79,94,7,29.81,Rain,0,0,0,0,0,,,
11/19/2023,11:00 AM,79,94,5,29.81,Rain,0,0,0,0,0,,,
11/19/2023,11:30 AM,79,94,2,29.79,Rain,0,0,0,0,0,,,
11/19/2023,12:00 PM,79,94,3,29.79,Rain,0,0,0,0,0,,,
11/19/2023,12:30 PM,81,89,3,29.76,Rain,0,0,0,0,0,,,
11/19/2023,1:00 PM,82,84,3,29.76,Rain,0,0,0,0,0,,,
11/19/2023,1:30 PM,82,89,6,29.73,Rain,0,0,0,0,0,,,
11/19/2023,2:00 PM,84,79,12,29.73,Rain,0,0,0,0,0,,,
11/19/2023,2:30 PM,84,84,15,29.73,Rain,0,0,0,0,0,,,
11/19/2023,3:00 PM,82,89,12,29.7,Clear,0,0,0,0,0,,,
11/19/2023,3:30 PM,84,84,13,29.7,Clear,0,0,0,0,0,,,
11/19/2023,4:00 PM,84,79,12,29.7,Clear,0,0,0,0,0,,,
11/19/2023,4:30 PM,82,84,7,29.7,Clear,0,0,0,0,0,,,
11/19/2023,5:00 PM,82,79,5,29.7,Clear,0,0,0,0,0,,,
11/19/2023,5:30 PM,82,79,6,29.73,Clear,0,0,0,0,0,,,
11/19/2023,6:00 PM,82,79,7,29.73,Clear,0,0,0,0,0,,,
11/19/2023,6:30 PM,81,79,6,29.73,Clear,0,0,0,0,0,,,
11/19/2023,7:00 PM,81,84,2,29.76,Clear,0,0,0,0,0,,,
11/19/2023,7:30 PM,81,84,3,29.76,Clear,0,0,0,0,0,,,
11/19/2023,8:00 PM,81,84,2,29.79,Clear,0,0,0,0,0,,,
11/19/2023,8:30 PM,81,84,3,29.79,Clear,0,0,0,0,0,,,
11/19/2023,9:00 PM,81,79,5,29.79,Clear,0,0,0,0,0,,,
11/19/2023,9:30 PM,79,83,3,29.79,Clear,0,0,0,0,0,,,
11/19/2023,10:00 PM,79,83,5,29.79,Clear,0,0,0,0,0,,,
11/19/2023,10:30 PM,79,83,3,29.79,Clear,0,0,0,0,0,,,
11/19/2023,11:00 PM,79,89,3,29.79,Clear,0,0,0,0,0,,,
11/19/2023,11:30 PM,79,89,0,29.79,Clear,0,0,0,0,0,,,
11/20/2023,12:00 AM,79,89,0,29.79,Clear,0,0,0,0,0,,,
11/20/2023,12:30 AM,77,94,2,29.79,Clear,0,0,0,0,0,,,
11/20/2023,1:00 AM,77,94,3,29.76,Clear,0,0,0,0,0,,,
11/20/2023,1:30 AM,77,94,0,29.76,Clear,0,0,0,0,0,,,
11/20/2023,2:00 AM,77,94,0,29.73,Clear,0,0,0,0,0,,,
11/20/2023,2:30 AM,77,94,3,29.73,Clear,0,0,0,0,0,,,
11/20/2023,3:00 AM,77,94,5,29.73,Rain,0,0,0,0,0,,,
11/20/2023,3:30 AM,77,94,2,29.73,Clear,0,0,0,0,0,,,
11/20/2023,4:00 AM,77,94,0,29.7,Clear,0,0,0,0,0,,,
11/20/2023,4:30 AM,77,94,5,29.7,Clear,0,0,0,0,0,,,
11/20/2023,5:00 AM,77,94,5,29.73,Clear,0,0,0,0,0,,,
11/20/2023,5:30 AM,77,94,1,29.73,Rain,0,0,0,0,0,,,
11/20/2023,6:00 AM,77,94,1,29.73,Rain,0,0,0,0,0,,,
11/20/2023,6:30 AM,77,100,1,29.73,Clear,0,0,0,0,0,,,
11/20/2023,7:00 AM,77,100,0,29.76,Rain,0,0,0,0,0,,,
11/20/2023,7:30 AM,77,100,0,29.76,Rain,0,0,0,0,0,,,
11/20/2023,8:00 AM,79,94,3,29.79,Rain,0,0,0,0,0,,,
11/20/2023,8:30 AM,81,89,3,29.79,Clear,0,0,0,0,0,,,
11/20/2023,9:00 AM,81,89,5,29.79,Clear,0,0,0,0,0,,,
11/20/2023,9:30 AM,81,89,3,29.79,Clear,0,0,0,0,0,,,
11/20/2023,10:00 AM,81,89,3,29.79,Rain,0,0,0,0,0,,,
11/20/2023,10:30 AM,82,89,3,29.79,Clear,0,0,0,0,0,,,
11/20/2023,11:00 AM,82,89,6,29.76,Clear,0,0,0,0,0,,,
11/20/2023,11:30 AM,84,79,8,29.76,Rain,0,0,0,0,0,,,
11/20/2023,12:00 PM,81,84,9,29.76,Rain,0,0,0,0,0,,,
11/20/2023,12:30 PM,82,89,3,29.76,Rain,0,0,0,0,0,,,
11/20/2023,1:00 PM,84,74,12,29.73,Rain,0,0,0,0,0,,,
11/20/2023,1:30 PM,82,84,9,29.73,Rain,0,0,0,0,0,,,
11/20/2023,2:00 PM,82,84,6,29.73,Clear,0,0,0,0,0,,,
11/20/2023,2:30 PM,84,79,9,29.7,Clear,0,0,0,0,0,,,
11/20/2023,3:00 PM,84,74,9,29.7,Clear,0,0,0,0,0,,,
11/20/2023,3:30 PM,84,74,8,29.7,Clear,0,0,0,0,0,,,
11/20/2023,4:00 PM,84,74,7,29.73,Clear,0,0,0,0,0,,,
11/20/2023,4:30 PM,82,79,6,29.73,Clear,0,0,0,0,0,,,
11/20/2023,5:00 PM,82,84,6,29.73,Clear,0,0,0,0,0,,,
11/20/2023,5:30 PM,82,79,8,29.73,Clear,0,0,0,0,0,,,
11/20/2023,6:00 PM,82,79,8,29.73,Clear,0,0,0,0,0,,,
11/20/2023,6:30 PM,81,84,6,29.73,Clear,0,0,0,0,0,,,
11/20/2023,7:00 PM,81,84,3,29.73,Clear,0,0,0,0,0,,,
11/20/2023,7:30 PM,79,89,0,29.76,Clear,0,0,0,0,0,,,
11/20/2023,8:00 PM,79,89,0,29.76,Clear,0,0,0,0,0,,,
11/20/2023,8:30 PM,79,89,0,29.79,Clear,0,0,0,0,0,,,
11/20/2023,9:00 PM,79,89,2,29.79,Clear,0,0,0,0,0,,,
11/20/2023,9:30 PM,77,100,0,29.79,Rain,0,0,0,0,0,,,
11/20/2023,10:00 PM,79,94,2,29.79,Clear,0,0,0,0,0,,,
11/20/2023,10:30 PM,77,94,5,29.79,Clear,0,0,0,0,0,,,
11/20/2023,11:00 PM,79,89,3,29.79,Clear,0,0,0,0,0,,,
11/20/2023,11:30 PM,79,89,5,29.79,Clear,0,0,0,0,0,,,
11/21/2023,12:00 AM,79,94,5,29.76,Clear,0,0,0,0,0,,,
11/21/2023,12:30 AM,79,94,5,29.76,Clear,0,0,0,0,0,,,
11/21/2023,1:00 AM,79,94,5,29.73,Clear,0,0,0,0,0,,,
11/21/2023,1:30 AM,77,100,2,29.73,Clear,0,0,0,0,0,,,
11/21/2023,2:00 AM,77,100,2,29.73,Clear,0,0,0,0,0,,,
11/21/2023,2:30 AM,79,94,3,29.73,Clear,0,0,0,0,0,,,
11/21/2023,3:00 AM,79,94,3,29.7,Clear,0,0,0,0,0,,,
11/21/2023,3:30 AM,79,94,5,29.7,Clear,0,0,0,0,0,,,
11/21/2023,4:00 AM,79,94,5,29.7,Clear,0,0,0,0,0,,,
11/21/2023,4:30 AM,79,89,3,29.7,Clear,0,0,0,0,0,,,
11/21/2023,5:00 AM,79,89,3,29.7,Clear,0,0,0,0,0,,,
11/21/2023,5:30 AM,79,89,2,29.7,Clear,0,0,0,0,0,,,
11/21/2023,6:00 AM,77,94,3,29.73,Clear,0,0,0,0,0,,,
11/21/2023,6:30 AM,79,89,6,29.73,Clear,0,0,0,0,0,,,
11/21/2023,7:00 AM,79,89,6,29.76,Clear,0,0,0,0,0,,,
11/21/2023,7:30 AM,79,94,6,29.76,Rain,0,0,0,0,0,,,
11/21/2023,8:00 AM,79,94,5,29.76,Clear,0,0,0,0,0,,,
11/21/2023,8:30 AM,81,89,8,29.79,Rain,0,0,0,0,0,,,
11/21/2023,9:00 AM,79,94,9,29.79,Clear,0,0,0,0,0,,,
11/21/2023,9:30 AM,79,89,7,29.79,Clear,0,0,0,0,0,,,
11/21/2023,10:00 AM,81,84,7,29.79,Clear,0,0,0,0,0,,,
11/21/2023,10:30 AM,81,84,8,29.79,Clear,0,0,0,0,0,,,
11/21/2023,11:00 AM,81,84,6,29.79,Clear,0,0,0,0,0,,,
11/21/2023,11:30 AM,81,84,7,29.76,Rain,0,0,0,0,0,,,
11/21/2023,12:00 PM,81,89,6,29.76,Rain,0,0,0,0,0,,,
11/21/2023,12:30 PM,82,84,5,29.73,Rain,0,0,0,0,0,,,
11/21/2023,1:00 PM,82,79,7,29.73,Clear,0,0,0,0,0,,,
11/21/2023,1:30 PM,82,79,6,29.7,Clear,0,0,0,0,0,,,
11/21/2023,2:00 PM,82,79,7,29.7,Clear,0,0,0,0,0,,,
11/21/2023,2:30 PM,82,79,6,29.67,Rain,0,0,0,0,0,,,
11/21/2023,3:00 PM,82,79,5,29.67,Rain,0,0,0,0,0,,,
11/21/2023,3:30 PM,82,79,7,29.67,Rain,0,0,0,0,0,,,
11/21/2023,4:00 PM,81,89,5,29.67,Rain,0,0,0,0,0,,,
11/21/2023,4:30 PM,81,89,5,29.67,Rain,0,0,0,0,0,,,
11/21/2023,5:00 PM,79,94,9,29.67,Rain,0,0,0,0,0,,,
11/21/2023,5:30 PM,77,94,5,29.7,Rain,0,0,0,0,0,,,
11/21/2023,6:00 PM,77,94,3,29.7,Rain,0,0,0,0,0,,,
11/21/2023,6:30 PM,77,94,2,29.7,Rain,0,0,0,0,0,,,
11/21/2023,7:00 PM,77,94,6,29.73,Rain,0,0,0,0,0,,,
11/21/2023,7:30 PM,77,94,3,29.73,Clear,0,0,0,0,0,,,
11/21/2023,8:00 PM,77,94,3,29.73,Clear,0,0,0,0,0,,,
11/21/2023,8:30 PM,77,94,3,29.76,Clear,0,0,0,0,0,,,
11/21/2023,9:00 PM,77,94,0,29.76,Clear,0,0,0,0,0,,,
11/21/2023,9:30 PM,77,94,2,29.76,Clear,0,0,0,0,0,,,
11/21/2023,10:00 PM,77,100,5,29.76,Clear,0,0,0,0,0,,,
11/21/2023,10:30 PM,77,94,3,29.76,Clear,0,0,0,0,0,,,
11/21/2023,11:00 PM,77,94,3,29.76,Clear,0,0,0,0,0,,,
11/21/2023,11:30 PM,77,94,2,29.76,Clear,0,0,0,0,0,,,
11/22/2023,12:00 AM,77,94,3,29.73,Clear,0,0,0,0,0,,,
11/22/2023,12:30 AM,77,94,3,29.73,Clear,0,0,0,0,0,,,
11/22/2023,1:00 AM,77,100,5,29.73,Clear,0,0,0,0,0,,,
11/22/2023,1:30 AM,77,100,5,29.73,Clear,0,0,0,0,0,,,
11/22/2023,2:00 AM,75,100,3,29.7,Clear,0,0,0,0,0,,,
11/22/2023,2:30 AM,75,100,2,29.7,Clear,0,0,0,0,0,,,
11/22/2023,3:00 AM,75,100,0,29.67,Clear,0,0,0,0,0,,,
11/22/2023,3:30 AM,75,100,0,29.67,Clear,0,0,0,0,0,,,
11/22/2023,4:00 AM,75,100,3,29.67,Mist,0,0,0,0,0,,,
11/22/2023,4:30 AM,75,100,2,29.67,Mist,0,0,0,0,0,,,
11/22/2023,5:00 AM,75,100,2,29.7,Clear,0,0,0,0,0,,,
11/22/2023,5:30 AM,75,100,5,29.7,Clear,0,0,0,0,0,,,
11/22/2023,6:00 AM,75,94,2,29.7,Clear,0,0,0,0,0,,,
11/22/2023,6:30 AM,77,94,2,29.73,Clear,0,0,0,0,0,,,
11/22/2023,7:00 AM,77,94,0,29.73,Clear,0,0,0,0,0,,,
11/22/2023,7:30 AM,77,94,0,29.73,Clear,0,0,0,0,0,,,
11/22/2023,8:00 AM,77,94,5,29.76,Clear,0,0,0,0,0,,,
11/22/2023,8:30 AM,77,89,7,29.76,Rain,0,0,0,0,0,,,
11/22/2023,9:00 AM,77,89,6,29.76,Rain,0,0,0,0,0,,,
11/22/2023,9:30 AM,77,89,7,29.79,Clear,0,0,0,0,0,,,
11/22/2023,10:00 AM,79,83,0,29.79,Rain,0,0,0,0,0,,,
11/22/2023,10:30 AM,77,94,3,29.79,Rain,0,0,0,0,0,,,
11/22/2023,11:00 AM,79,89,1,29.79,Rain,0,0,0,0,0,,,
11/22/2023,11:30 AM,79,89,3,29.76,Rain,0,0,0,0,0,,,
11/22/2023,12:00 PM,79,89,3,29.73,Rain,0,0,0,0,0,,,
11/22/2023,12:30 PM,77,94,5,29.73,Rain,0,0,0,0,0,,,
11/22/2023,1:00 PM,79,94,5,29.7,Rain,0,0,0,0,0,,,
11/22/2023,1:30 PM,79,94,6,29.7,Rain,0,0,0,0,0,,,
11/22/2023,2:00 PM,81,89,5,29.67,Clear,0,0,0,0,0,,,
11/22/2023,2:30 PM,79,89,5,29.64,Clear,0,0,0,0,0,,,
11/22/2023,3:00 PM,79,94,5,29.64,Rain,0,0,0,0,0,,,
11/22/2023,3:30 PM,81,84,3,29.64,Clear,0,0,0,0,0,,,
11/22/2023,4:00 PM,81,84,3,29.64,Clear,0,0,0,0,0,,,
11/22/2023,4:30 PM,81,84,5,29.64,Clear,0,0,0,0,0,,,
11/22/2023,5:00 PM,81,84,3,29.64,Clear,0,0,0,0,0,,,
11/22/2023,5:30 PM,81,84,5,29.64,Clear,0,0,0,0,0,,,
11/22/2023,6:00 PM,81,84,3,29.67,Clear,0,0,0,0,0,,,
11/22/2023,6:30 PM,79,89,5,29.67,Clear,0,0,0,0,0,,,
11/22/2023,7:00 PM,79,89,6,29.7,Clear,0,0,0,0,0,,,
11/22/2023,7:30 PM,77,94,6,29.7,Clear,0,0,0,0,0,,,
11/22/2023,8:00 PM,77,94,5,29.73,Clear,0,0,0,0,0,,,
11/22/2023,8:30 PM,77,94,3,29.73,Clear,0,0,0,0,0,,,
11/22/2023,9:00 PM,77,94,3,29.76,Clear,0,0,0,0,0,,,
11/22/2023,9:30 PM,77,94,3,29.76,Clear,0,0,0,0,0,,,
11/22/2023,10:00 PM,77,100,2,29.76,Clear,0,0,0,0,0,,,
11/22/2023,10:30 PM,77,94,3,29.76,Clear,0,0,0,0,0,,,
11/22/2023,11:00 PM,77,94,2,29.73,Clear,0,0,0,0,0,,,
11/22/2023,11:30 PM,77,94,0,29.73,Clear,0,0,0,0,0,,,
11/23/2023,12:00 AM,77,94,3,29.73,Clear,0,0,0,0,0,,,
11/23/2023,12:30 AM,77,94,2,29.73,Clear,0,0,0,0,0,,,
11/23/2023,1:00 AM,77,94,3,29.73,Clear,0,0,0,0,0,,,
11/23/2023,1:30 AM,77,94,2,29.7,Clear,0,0,0,0,0,,,
11/23/2023,2:00 AM,77,94,3,29.7,Clear,0,0,0,0,0,,,
11/23/2023,2:30 AM,77,94,3,29.67,Clear,0,0,0,0,0,,,
11/23/2023,3:00 AM,77,94,3,29.67,Clear,0,0,0,0,0,,,
11/23/2023,3:30 AM,77,94,0,29.67,Clear,0,0,0,0,0,,,
11/23/2023,4:00 AM,77,94,0,29.67,Clear,0,0,0,0,0,,,
11/23/2023,4:30 AM,77,94,0,29.67,Clear,0,0,0,0,0,,,
11/23/2023,5:00 AM,77,94,0,29.67,Clear,0,0,0,0,0,,,
11/23/2023,5:30 AM,77,94,0,29.67,Clear,0,0,0,0,0,,,
11/23/2023,6:00 AM,77,94,0,29.7,Clear,0,0,0,0,0,,,
11/23/2023,6:30 AM,77,94,0,29.7,Mist,0,0,0,0,0,,,
11/23/2023,7:00 AM,77,94,0,29.7,Clear,0,0,0,0,0,,,
11/23/2023,7:30 AM,77,94,0,29.73,Clear,0,0,0,0,0,,,
11/23/2023,8:00 AM,79,89,0,29.73,Clear,0,0,0,0,0,,,
11/23/2023,8:30 AM,81,89,3,29.76,Clear,0,0,0,0,0,,,
11/23/2023,9:00 AM,81,84,5,29.76,Clear,0,0,0,0,0,,,
11/23/2023,9:30 AM,82,79,6,29.76,Clear,0,0,0,0,0,,,
11/23/2023,10:00 AM,82,79,6,29.76,Clear,0,0,0,0,0,,,
11/23/2023,10:30 AM,84,79,5,29.76,Clear,0,0,0,0,0,,,
11/23/2023,11:00 AM,81,89,7,29.73,Rain,0,0,0,0,0,,,
11/23/2023,11:30 AM,81,84,7,29.73,Rain,0,0,0,0,0,,,
11/23/2023,12:00 PM,81,89,9,29.73,Rain,0,0,0,0,0,,,
11/23/2023,12:30 PM,81,84,10,29.7,Clear,0,0,0,0,0,,,
11/23/2023,1:00 PM,77,94,6,29.7,Rain,0,0,0,0,0,,,
11/23/2023,1:30 PM,77,94,5,29.67,Rain,0,0,0,0,0,,,
11/23/2023,2:00 PM,79,89,2,29.67,Rain,0,0,0,0,0,,,
11/23/2023,2:30 PM,81,89,3,29.64,Clear,0,0,0,0,0,,,
11/23/2023,3:00 PM,81,84,5,29.64,Clear,0,0,0,0,0,,,
11/23/2023,3:30 PM,81,84,2,29.64,Clear,0,0,0,0,0,,,
11/23/2023,4:00 PM,81,84,3,29.64,Clear,0,0,0,0,0,,,
11/23/2023,4:30 PM,81,89,3,29.64,Clear,0,0,0,0,0,,,
11/23/2023,5:00 PM,81,89,3,29.64,Clear,0,0,0,0,0,,,
11/23/2023,5:30 PM,81,84,5,29.64,Clear,0,0,0,0,0,,,
11/23/2023,6:00 PM,79,89,3,29.67,Rain,0,0,0,0,0,,,
11/23/2023,6:30 PM,79,89,3,29.67,Rain,0,0,0,0,0,,,
11/23/2023,7:00 PM,79,89,2,29.7,Rain,0,0,0,0,0,,,
11/23/2023,7:30 PM,79,89,3,29.7,Rain,0,0,0,0,0,,,
11/23/2023,8:00 PM,79,89,2,29.73,Clear,0,0,0,0,0,,,
11/23/2023,8:30 PM,79,89,3,29.73,Clear,0,0,0,0,0,,,
11/23/2023,9:00 PM,79,94,3,29.73,Rain,0,0,0,0,0,,,
11/23/2023,9:30 PM,79,94,3,29.73,Rain,0,0,0,0,0,,,
11/23/2023,10:00 PM,79,94,3,29.73,Clear,0,0,0,0,0,,,
11/23/2023,10:30 PM,79,94,3,29.73,Clear,0,0,0,0,0,,,
11/23/2023,11:00 PM,77,100,3,29.73,Clear,0,0,0,0,0,,,
11/23/2023,11:30 PM,77,100,3,29.7,Clear,0,0,0,0,0,,,
11/24/2023,12:00 AM,77,94,3,29.7,Clear,0,0,0,0,0,,,
11/24/2023,12:30 AM,77,94,3,29.7,Clear,0,0,0,0,0,,,
11/24/2023,1:00 AM,77,94,2,29.7,Clear,0,0,0,0,0,,,
11/24/2023,1:30 AM,77,94,2,29.7,Clear,0,0,0,0,0,,,
11/24/2023,2:00 AM,77,94,0,29.67,Clear,0,0,0,0,0,,,
11/24/2023,2:30 AM,77,94,2,29.67,Clear,0,0,0,0,0,,,
11/24/2023,3:00 AM,77,100,2,29.67,Clear,0,0,0,0,0,,,
11/24/2023,3:30 AM,77,94,0,29.67,Clear,0,0,0,0,0,,,
11/24/2023,4:00 AM,77,94,2,29.67,Clear,0,0,0,0,0,,,
11/24/2023,4:30 AM,77,94,1,29.67,Clear,0,0,0,0,0,,,
11/24/2023,5:00 AM,77,94,3,29.67,Rain,0,0,0,0,0,,,
11/24/2023,5:30 AM,77,94,2,29.67,Rain,0,0,0,0,0,,,
11/24/2023,6:00 AM,77,94,1,29.7,Rain,0,0,0,0,0,,,
11/24/2023,6:30 AM,77,94,3,29.7,Clear,0,0,0,0,0,,,
11/24/2023,7:00 AM,77,94,6,29.73,Clear,0,0,0,0,0,,,
11/24/2023,7:30 AM,77,94,6,29.76,Clear,0,0,0,0,0,,,
11/24/2023,8:00 AM,77,94,5,29.76,Clear,0,0,0,0,0,,,
11/24/2023,8:30 AM,77,94,3,29.79,Clear,0,0,0,0,0,,,
11/24/2023,9:00 AM,77,94,2,29.79,Clear,0,0,0,0,0,,,
11/24/2023,9:30 AM,79,89,2,29.79,Clear,0,0,0,0,0,,,
11/24/2023,10:00 AM,79,94,3,29.79,Rain,0,0,0,0,0,,,
11/24/2023,10:30 AM,81,84,5,29.79,Clear,0,0,0,0,0,,,
11/24/2023,11:00 AM,81,89,5,29.76,Clear,0,0,0,0,0,,,
11/24/2023,11:30 AM,82,84,2,29.76,Clear,0,0,0,0,0,,,
11/24/2023,12:00 PM,82,84,2,29.73,Clear,0,0,0,0,0,,,
11/24/2023,12:30 PM,84,79,2,29.73,Clear,0,0,0,0,0,,,
11/24/2023,1:00 PM,86,74,3,29.7,Clear,0,0,0,0,0,,,
11/24/2023,1:30 PM,88,66,5,29.7,Rain,0,0,0,0,0,,,
11/24/2023,2:00 PM,84,79,10,29.67,Rain,0,0,0,0,0,,,
11/24/2023,2:30 PM,84,79,8,29.67,Rain,0,0,0,0,0,,,
11/24/2023,3:00 PM,79,89,12,29.67,Rain,0,0,0,0,0,,,
11/24/2023,3:30 PM,79,89,3,29.67,Rain,0,0,0,0,0,,,
11/24/2023,4:00 PM,79,94,6,29.67,Rain,0,0,0,0,0,,,
11/24/2023,4:30 PM,77,94,6,29.67,Rain,0,0,0,0,0,,,
11/24/2023,5:00 PM,77,94,5,29.7,Clear,0,0,0,0,0,,,
11/24/2023,5:30 PM,77,94,6,29.7,Clear,0,0,0,0,0,,,
11/24/2023,6:00 PM,77,94,6,29.7,Clear,0,0,0,0,0,,,
11/24/2023,6:30 PM,77,94,5,29.73,Rain,0,0,0,0,0,,,
11/24/2023,7:00 PM,77,94,6,29.73,Clear,0,0,0,0,0,,,
11/24/2023,7:30 PM,77,94,5,29.73,Clear,0,0,0,0,0,,,
11/24/2023,8:00 PM,77,94,5,29.73,Clear,0,0,0,0,0,,,
11/24/2023,8:30 PM,77,94,3,29.76,Clear,0,0,0,0,0,,,
11/24/2023,9:00 PM,77,94,5,29.76,Clear,0,0,0,0,0,,,
11/24/2023,9:30 PM,77,94,3,29.76,Clear,0,0,0,0,0,,,
11/24/2023,10:00 PM,77,94,2,29.76,Clear,0,0,0,0,0,,,
11/24/2023,10:30 PM,77,94,3,29.76,Clear,0,0,0,0,0,,,
11/24/2023,11:00 PM,77,94,3,29.76,Clear,0,0,0,0,0,,,
11/24/2023,11:30 PM,77,94,5,29.76,Clear,0,0,0,0,0,,,
11/25/2023,12:00 AM,77,94,6,29.76,Clear,0,0,0,0,0,,,
11/25/2023,12:30 AM,77,89,7,29.73,Clear,0,0,0,0,0,,,
11/25/2023,1:00 AM,77,89,3,29.73,Clear,0,0,0,0,0,,,
11/25/2023,1:30 AM,77,94,3,29.7,Clear,0,0,0,0,0,,,
11/25/2023,2:00 AM,77,94,3,29.7,Clear,0,0,0,0,0,,,
11/25/2023,2:30 AM,77,89,3,29.67,Clear,0,0,0,0,0,,,
11/25/2023,3:00 AM,77,89,3,29.67,Clear,0,0,0,0,0,,,
11/25/2023,3:30 AM,77,89,3,29.67,Clear,0,0,0,0,0,,,
11/25/2023,4:00 AM,75,94,3,29.67,Clear,0,0,0,0,0,,,
11/25/2023,4:30 AM,75,100,3,29.67,Clear,0,0,0,0,0,,,
11/25/2023,5:00 AM,75,94,3,29.67,Clear,0,0,0,0,0,,,
11/25/2023,5:30 AM,77,94,6,29.67,Clear,0,0,0,0,0,,,
11/25/2023,6:00 AM,77,94,5,29.67,Clear,0,0,0,0,0,,,
11/25/2023,6:30 AM,75,100,3,29.67,Clear,0,0,0,0,0,,,
11/25/2023,7:00 AM,77,94,2,29.7,Clear,0,0,0,0,0,,,
11/25/2023,7:30 AM,77,94,3,29.7,Clear,0,0,0,0,0,,,
11/25/2023,8:00 AM,79,89,5,29.73,Clear,0,0,0,0,0,,,
11/25/2023,8:30 AM,79,94,3,29.73,Clear,0,0,0,0,0,,,
11/25/2023,9:00 AM,79,94,5,29.76,Rain,0,0,0,0,0,,,
11/25/2023,9:30 AM,81,89,5,29.76,Rain,0,0,0,0,0,,,
11/25/2023,10:00 AM,81,89,5,29.76,Clear,0,0,0,0,0,,,
11/25/2023,10:30 AM,82,79,3,29.76,Rain,0,0,0,0,0,,,
11/25/2023,11:00 AM,79,83,5,29.76,Rain,0,0,0,0,0,,,
11/25/2023,11:30 AM,81,84,2,29.73,Rain,0,0,0,0,0,,,
11/25/2023,12:00 PM,82,84,6,29.73,Clear,0,0,0,0,0,,,
11/25/2023,12:30 PM,81,84,10,29.7,Rain,0,0,0,0,0,,,
11/25/2023,1:00 PM,75,94,3,29.73,Rain,0,0,0,0,0,,,
11/25/2023,1:30 PM,75,94,2,29.7,Rain,0,0,0,0,0,,,
11/25/2023,2:00 PM,75,94,6,29.7,Rain,0,0,0,0,0,,,
11/25/2023,2:30 PM,75,100,5,29.67,Rain,0,0,0,0,0,,,
11/25/2023,3:00 PM,75,100,5,29.67,Rain,0,0,0,0,0,,,
11/25/2023,3:30 PM,77,94,5,29.67,Rain,0,0,0,0,0,,,
11/25/2023,4:00 PM,75,100,6,29.67,Rain,0,0,0,0,0,,,
11/25/2023,4:30 PM,75,100,2,29.67,Rain,0,0,0,0,0,,,
11/25/2023,5:00 PM,77,94,5,29.67,Rain,0,0,0,0,0,,,
11/25/2023,5:30 PM,77,94,6,29.7,Clear,0,0,0,0,0,,,
11/25/2023,6:00 PM,77,94,3,29.7,Clear,0,0,0,0,0,,,
11/25/2023,6:30 PM,77,94,0,29.7,Clear,0,0,0,0,0,,,
11/25/2023,7:00 PM,77,94,5,29.73,Clear,0,0,0,0,0,,,
11/25/2023,7:30 PM,75,100,5,29.73,Rain,0,0,0,0,0,,,
11/25/2023,8:00 PM,77,94,2,29.76,Rain,0,0,0,0,0,,,
11/25/2023,8:30 PM,77,94,2,29.76,Rain,0,0,0,0,0,,,
11/25/2023,9:00 PM,77,94,6,29.79,Rain,0,0,0,0,0,,,
11/25/2023,9:30 PM,75,100,5,29.79,Rain,0,0,0,0,0,,,
11/25/2023,10:00 PM,77,94,6,29.76,Rain,0,0,0,0,0,,,
11/25/2023,10:30 PM,75,100,3,29.79,Rain,0,0,0,0,0,,,
11/25/2023,11:00 PM,75,100,5,29.76,Rain,0,0,0,0,0,,,
11/25/2023,11:30 PM,75,100,7,29.76,Rain,0,0,0,0,0,,,
11/26/2023,12:00 AM,75,100,5,29.76,Rain,0,0,0,0,0,,,
11/26/2023,12:30 AM,75,100,5,29.76,Rain,0,0,0,0,0,,,
11/26/2023,1:00 AM,75,100,6,29.73,Rain,0,0,0,0,0,,,
11/26/2023,1:30 AM,75,100,2,29.76,Clear,0,0,0,0,0,,,
11/26/2023,2:00 AM,75,100,5,29.73,Clear,0,0,0,0,0,,,
11/26/2023,2:30 AM,73,100,12,29.76,Clear,0,0,0,0,0,,,
11/26/2023,3:00 AM,73,94,5,29.73,Rain,0,0,0,0,0,,,
11/26/2023,3:30 AM,73,100,6,29.73,Rain,0,0,0,0,0,,,
11/26/2023,4:00 AM,73,100,6,29.7,Rain,0,0,0,0,0,,,
11/26/2023,4:30 AM,73,100,5,29.73,Rain,0,0,0,0,0,,,
11/26/2023,5:00 AM,73,100,0,29.73,Rain,0,0,0,0,0,,,
11/26/2023,5:30 AM,73,100,1,29.73,Rain,0,0,0,0,0,,,
11/26/2023,6:00 AM,73,100,2,29.73,Rain,0,0,0,0,0,,,
11/26/2023,6:30 AM,73,100,0,29.73,Rain,0,0,0,0,0,,,
11/26/2023,7:00 AM,73,100,3,29.76,Rain,0,0,0,0,0,,,
11/26/2023,7:30 AM,73,100,1,29.76,Rain,0,0,0,0,0,,,
11/26/2023,8:00 AM,73,100,2,29.79,Rain,0,0,0,0,0,,,
11/26/2023,8:30 AM,73,100,0,29.79,Rain,0,0,0,0,0,,,
11/26/2023,9:00 AM,73,100,0,29.81,Rain,0,0,0,0,0,,,
11/26/2023,9:30 AM,73,100,2,29.81,Rain,0,0,0,0,0,,,
11/26/2023,10:00 AM,75,94,1,29.81,Rain,0,0,0,0,0,,,
11/26/2023,10:30 AM,75,94,2,29.81,Rain,0,0,0,0,0,,,
11/26/2023,11:00 AM,75,94,2,29.79,Rain,0,0,0,0,0,,,
11/26/2023,11:30 AM,75,94,3,29.79,Rain,0,0,0,0,0,,,
11/26/2023,12:00 PM,75,100,6,29.79,Rain,0,0,0,0,0,,,
11/26/2023,12:30 PM,75,94,2,29.76,Rain,0,0,0,0,0,,,
11/26/2023,1:00 PM,75,100,2,29.76,Rain,0,0,0,0,0,,,
11/26/2023,1:30 PM,75,100,3,29.73,Rain,0,0,0,0,0,,,
11/26/2023,2:00 PM,77,89,3,29.7,Rain,0,0,0,0,0,,,
11/26/2023,2:30 PM,77,94,3,29.7,Rain,0,0,0,0,0,,,
11/26/2023,3:00 PM,77,94,6,29.7,Clear,0,0,0,0,0,,,
11/26/2023,3:30 PM,77,94,5,29.7,Clear,0,0,0,0,0,,,
11/26/2023,4:00 PM,77,94,6,29.7,Clear,0,0,0,0,0,,,
11/26/2023,4:30 PM,77,94,5,29.7,Clear,0,0,0,0,0,,,
11/26/2023,5:00 PM,77,94,5,29.7,Rain,0,0,0,0,0,,,
11/26/2023,5:30 PM,77,94,6,29.7,Clear,0,0,0,0,0,,,
11/26/2023,6:00 PM,75,100,5,29.73,Clear,0,0,0,0,0,,,
11/26/2023,6:30 PM,75,100,3,29.73,Clear,0,0,0,0,0,,,
11/26/2023,7:00 PM,77,94,2,29.73,Clear,0,0,0,0,0,,,
11/26/2023,7:30 PM,77,94,3,29.73,Clear,0,0,0,0,0,,,
11/26/2023,8:00 PM,75,100,2,29.76,Clear,0,0,0,0,0,,,
11/26/2023,8:30 PM,75,100,2,29.76,Clear,0,0,0,0,0,,,
11/26/2023,9:00 PM,75,100,2,29.76,Clear,0,0,0,0,0,,,
11/26/2023,9:30 PM,75,100,0,29.76,Clear,0,0,0,0,0,,,
11/26/2023,10:00 PM,75,100,2,29.76,Clear,0,0,0,0,0,,,
11/26/2023,10:30 PM,75,100,3,29.76,Clear,0,0,0,0,0,,,
11/26/2023,11:00 PM,75,100,3,29.76,Clear,0,0,0,0,0,,,
11/26/2023,11:30 PM,75,100,3,29.73,Clear,0,0,0,0,0,,,
11/27/2023,12:00 AM,75,100,5,29.73,Clear,0,0,0,0,0,,,
11/27/2023,12:30 AM,75,100,3,29.73,Clear,0,0,0,0,0,,,
11/27/2023,1:00 AM,75,100,1,29.73,Clear,0,0,0,0,0,,,
11/27/2023,1:30 AM,75,100,3,29.73,Clear,0,0,0,0,0,,,
11/27/2023,2:00 AM,75,100,5,29.73,Clear,0,0,0,0,0,,,
11/27/2023,2:30 AM,75,100,3,29.7,Clear,0,0,0,0,0,,,
11/27/2023,3:00 AM,75,100,2,29.67,Clear,0,0,0,0,0,,,
11/27/2023,3:30 AM,75,100,2,29.67,Clear,0,0,0,0,0,,,
11/27/2023,4:00 AM,75,100,1,29.67,Clear,0,0,0,0,0,,,
11/27/2023,4:30 AM,75,94,2,29.7,Clear,0,0,0,0,0,,,
11/27/2023,5:00 AM,75,94,5,29.7,Clear,0,0,0,0,0,,,
11/27/2023,5:30 AM,75,94,5,29.7,Clear,0,0,0,0,0,,,
11/27/2023,6:00 AM,75,94,6,29.7,Rain,0,0,0,0,0,,,
11/27/2023,6:30 AM,75,94,0,29.7,Clear,0,0,0,0,0,,,
11/27/2023,7:00 AM,75,94,3,29.7,Clear,0,0,0,0,0,,,
11/27/2023,7:30 AM,77,94,5,29.73,Clear,0,0,0,0,0,,,
11/27/2023,8:00 AM,77,94,5,29.76,Clear,0,0,0,0,0,,,
11/27/2023,8:30 AM,79,89,5,29.76,Clear,0,0,0,0,0,,,
11/27/2023,9:00 AM,79,89,7,29.79,Clear,0,0,0,0,0,,,
11/27/2023,9:30 AM,81,84,7,29.79,Clear,0,0,0,0,0,,,
11/27/2023,10:00 AM,81,84,7,29.76,Clear,0,0,0,0,0,,,
11/27/2023,10:30 AM,81,84,6,29.76,Clear,0,0,0,0,0,,,
11/27/2023,11:00 AM,82,84,7,29.76,Clear,0,0,0,0,0,,,
11/27/2023,11:30 AM,84,74,8,29.76,Clear,0,0,0,0,0,,,
11/27/2023,12:00 PM,82,89,13,29.73,Clear,0,0,0,0,0,,,
11/27/2023,12:30 PM,82,84,14,29.73,Clear,0,0,0,0,0,,,
11/27/2023,1:00 PM,82,84,14,29.73,Clear,0,0,0,0,0,,,
11/27/2023,1:30 PM,82,84,12,29.7,Clear,0,0,0,0,0,,,
11/27/2023,2:00 PM,82,84,10,29.7,Clear,0,0,0,0,0,,,
11/27/2023,2:30 PM,84,79,12,29.7,Clear,0,0,0,0,0,,,
11/27/2023,3:00 PM,84,79,10,29.67,Clear,0,0,0,0,0,,,
11/27/2023,3:30 PM,84,79,17,29.67,Clear,0,0,0,0,0,,,
11/27/2023,4:00 PM,82,84,14,29.67,Clear,0,0,0,0,0,,,
11/27/2023,4:30 PM,82,79,13,29.67,Clear,0,0,0,0,0,,,
11/27/2023,5:00 PM,82,79,10,29.67,Clear,0,0,0,0,0,,,
11/27/2023,5:30 PM,82,79,8,29.67,Clear,0,0,0,0,0,,,
11/27/2023,6:00 PM,81,84,8,29.67,Clear,0,0,0,0,0,,,
11/27/2023,6:30 PM,81,79,7,29.7,Clear,0,0,0,0,0,,,
11/27/2023,7:00 PM,81,79,7,29.7,Clear,0,0,0,0,0,,,
11/27/2023,7:30 PM,79,78,7,29.73,Clear,0,0,0,0,0,,,
11/27/2023,8:00 PM,79,83,7,29.73,Clear,0,0,0,0,0,,,
11/27/2023,8:30 PM,79,83,8,29.76,Rain,0,0,0,0,0,,,
11/27/2023,9:00 PM,77,94,5,29.76,Rain,0,0,0,0,0,,,
11/27/2023,9:30 PM,77,94,7,29.76,Rain,0,0,0,0,0,,,
11/27/2023,10:00 PM,77,94,7,29.76,Rain,0,0,0,0,0,,,
11/27/2023,10:30 PM,77,94,5,29.76,Rain,0,0,0,0,0,,,
11/27/2023,11:00 PM,77,94,3,29.76,Rain,0,0,0,0,0,,,
11/27/2023,11:30 PM,77,94,2,29.76,Rain,0,0,0,0,0,,,
11/28/2023,12:00 AM,75,100,5,29.76,Rain,0,0,0,0,0,,,
11/28/2023,12:30 AM,77,94,3,29.73,Rain,0,0,0,0,0,,,
11/28/2023,1:00 AM,77,94,7,29.73,Rain,0,0,0,0,0,,,
11/28/2023,1:30 AM,77,94,6,29.7,Rain,0,0,0,0,0,,,
11/28/2023,2:00 AM,77,94,7,29.7,Rain,0,0,0,0,0,,,
11/28/2023,2:30 AM,77,94,8,29.7,Rain,0,0,0,0,0,,,
11/28/2023,3:00 AM,77,94,3,29.7,Rain,0,0,0,0,0,,,
11/28/2023,3:30 AM,77,94,2,29.7,Rain,0,0,0,0,0,,,
11/28/2023,4:00 AM,77,94,0,29.7,Clear,0,0,0,0,0,,,
11/28/2023,4:30 AM,75,100,2,29.7,Rain,0,0,0,0,0,,,
11/28/2023,5:00 AM,77,94,0,29.67,Rain,0,0,0,0,0,,,
11/28/2023,5:30 AM,75,100,3,29.7,Rain,0,0,0,0,0,,,
11/28/2023,6:00 AM,75,100,2,29.7,Rain,0,0,0,0,0,,,
11/28/2023,6:30 AM,75,100,2,29.7,Rain,0,0,0,0,0,,,
11/28/2023,7:00 AM,77,94,3,29.7,Rain,0,0,0,0,0,,,
11/28/2023,7:30 AM,77,94,3,29.73,Clear,0,0,0,0,0,,,
11/28/2023,8:00 AM,79,89,5,29.73,Clear,0,0,0,0,0,,,
11/28/2023,8:30 AM,81,84,3,29.73,Clear,0,0,0,0,0,,,
11/28/2023,9:00 AM,81,84,2,29.76,Clear,0,0,0,0,0,,,
11/28/2023,9:30 AM,82,79,6,29.73,Clear,0,0,0,0,0,,,
11/28/2023,10:00 AM,82,84,7,29.73,Rain,0,0,0,0,0,,,
11/28/2023,10:30 AM,81,89,12,29.73,Clear,0,0,0,0,0,,,
11/28/2023,11:00 AM,82,89,10,29.73,Clear,0,0,0,0,0,,,
11/28/2023,11:30 AM,84,84,9,29.73,Clear,0,0,0,0,0,,,
11/28/2023,12:00 PM,84,84,12,29.7,Clear,0,0,0,0,0,,,
11/28/2023,12:30 PM,86,79,15,29.7,Clear,0,0,0,0,0,,,
11/28/2023,1:00 PM,86,79,15,29.67,Clear,0,0,0,0,0,,,
11/28/2023,1:30 PM,86,74,15,29.67,Clear,0,0,0,0,0,,,
11/28/2023,2:00 PM,86,74,17,29.67,Clear,0,0,0,0,0,,,
11/28/2023,2:30 PM,86,74,16,29.64,Clear,0,0,0,0,0,,,
11/28/2023,3:00 PM,86,70,17,29.64,Clear,0,0,0,0,0,,,
11/28/2023,3:30 PM,84,74,17,29.64,Rain,0,0,0,0,0,,,
11/28/2023,4:00 PM,81,89,13,29.64,Clear,0,0,0,0,0,,,
11/28/2023,4:30 PM,79,94,9,29.64,Rain,0,0,0,0,0,,,
11/28/2023,5:00 PM,81,89,8,29.64,Rain,0,0,0,0,0,,,
11/28/2023,5:30 PM,81,89,9,29.64,Clear,0,0,0,0,0,,,
11/28/2023,6:00 PM,81,89,10,29.64,Clear,0,0,0,0,0,,,
11/28/2023,6:30 PM,81,84,8,29.67,Clear,0,0,0,0,0,,,
11/28/2023,7:00 PM,81,84,7,29.67,Clear,0,0,0,0,0,,,
11/28/2023,7:30 PM,79,89,7,29.67,Rain,0,0,0,0,0,,,
11/28/2023,8:00 PM,77,94,5,29.67,Clear,0,0,0,0,0,,,
11/28/2023,8:30 PM,79,89,5,29.7,Clear,0,0,0,0,0,,,
11/28/2023,9:00 PM,79,89,5,29.7,Clear,0,0,0,0,0,,,
11/28/2023,9:30 PM,77,94,1,29.7,Clear,0,0,0,0,0,,,
11/28/2023,10:00 PM,77,94,2,29.7,Clear,0,0,0,0,0,,,
11/28/2023,10:30 PM,77,94,0,29.7,Clear,0,0,0,0,0,,,
11/28/2023,11:00 PM,77,94,0,29.7,Clear,0,0,0,0,0,,,
11/28/2023,11:30 PM,75,100,0,29.7,Clear,0,0,0,0,0,,,
11/29/2023,12:00 AM,75,100,2,29.67,Clear,0,0,0,0,0,,,
11/29/2023,12:30 AM,75,100,3,29.7,Clear,0,0,0,0,0,,,
11/29/2023,1:00 AM,75,100,3,29.67,Clear,0,0,0,0,0,,,
11/29/2023,1:30 AM,75,100,2,29.67,Clear,0,0,0,0,0,,,
11/29/2023,2:00 AM,75,100,3,29.67,Clear,0,0,0,0,0,,,
11/29/2023,2:30 AM,77,94,1,29.67,Clear,0,0,0,0,0,,,
11/29/2023,3:00 AM,75,100,3,29.67,Clear,0,0,0,0,0,,,
11/29/2023,3:30 AM,75,100,3,29.64,Clear,0,0,0,0,0,,,
11/29/2023,4:00 AM,75,100,1,29.64,Clear,0,0,0,0,0,,,
11/29/2023,4:30 AM,77,94,6,29.64,Clear,0,0,0,0,0,,,
11/29/2023,5:00 AM,77,94,6,29.64,Clear,0,0,0,0,0,,,
11/29/2023,5:30 AM,77,94,7,29.64,Clear,0,0,0,0,0,,,
11/29/2023,6:00 AM,77,94,10,29.64,Rain,0,0,0,0,0,,,
11/29/2023,6:30 AM,77,94,8,29.67,Rain,0,0,0,0,0,,,
11/29/2023,7:00 AM,79,89,9,29.67,Rain,0,0,0,0,0,,,
11/29/2023,7:30 AM,79,89,5,29.7,Rain,0,0,0,0,0,,,
11/29/2023,8:00 AM,79,94,1,29.7,Clear,0,0,0,0,0,,,
11/29/2023,8:30 AM,79,94,5,29.73,Clear,0,0,0,0,0,,,
11/29/2023,9:00 AM,81,89,6,29.73,Rain,0,0,0,0,0,,,
11/29/2023,9:30 AM,81,89,6,29.73,Rain,0,0,0,0,0,,,
11/29/2023,10:00 AM,81,89,3,29.73,Clear,0,0,0,0,0,,,
11/29/2023,10:30 AM,82,84,3,29.73,Rain,0,0,0,0,0,,,
11/29/2023,11:00 AM,81,89,5,29.73,Rain,0,0,0,0,0,,,
11/29/2023,11:30 AM,79,94,13,29.73,Rain,0,0,0,0,0,,,
11/29/2023,12:00 PM,77,100,0,29.73,Clear,0,0,0,0,0,,,
11/29/2023,12:30 PM,79,94,0,29.7,Rain,0,0,0,0,0,,,
11/29/2023,1:00 PM,79,94,0,29.67,Rain,0,0,0,0,0,,,
11/29/2023,1:30 PM,79,94,0,29.67,Clear,0,0,0,0,0,,,
11/29/2023,2:00 PM,77,100,0,29.67,Clear,0,0,0,0,0,,,
11/29/2023,2:30 PM,77,100,0,29.67,Rain,0,0,0,0,0,,,
11/29/2023,3:00 PM,77,100,0,29.67,Clear,0,0,0,0,0,,,
11/29/2023,3:30 PM,77,100,0,29.67,Clear,0,0,0,0,0,,,
11/29/2023,4:00 PM,77,100,0,29.67,Rain,0,0,0,0,0,,,
11/29/2023,4:30 PM,77,100,0,29.67,Rain,0,0,0,0,0,,,
11/29/2023,5:00 PM,77,100,0,29.7,Rain,0,0,0,0,0,,,
11/29/2023,5:30 PM,77,100,0,29.7,Rain,0,0,0,0,0,,,
11/29/2023,6:00 PM,75,100,0,29.7,Rain,0,0,0,0,0,,,
11/29/2023,6:30 PM,75,100,0,29.73,Clear,0,0,0,0,0,,,
11/29/2023,7:00 PM,77,100,0,29.73,Clear,0,0,0,0,0,,,
11/29/2023,7:30 PM,75,100,0,29.73,Rain,0,0,0,0,0,,,
11/29/2023,8:00 PM,77,100,0,29.76,Rain,0,0,0,0,0,,,
11/29/2023,8:30 PM,77,100,0,29.76,Clear,0,0,0,0,0,,,
11/29/2023,9:00 PM,77,100,0,29.76,Rain,0,0,0,0,0,,,
11/29/2023,9:30 PM,77,100,0,29.76,Rain,0,0,0,0,0,,,
11/29/2023,10:00 PM,75,100,0,29.76,Rain,0,0,0,0,0,,,
11/29/2023,10:30 PM,77,100,0,29.76,Rain,0,0,0,0,0,,,
11/29/2023,11:00 PM,77,100,0,29.76,Rain,0,0,0,0,0,,,
11/29/2023,11:30 PM,77,100,0,29.76,Rain,0,0,0,0,0,,,
11/30/2023,12:00 AM,75,100,0,29.76,Rain,0,0,0,0,0,,,
11/30/2023,12:30 AM,75,100,0,29.76,Rain,0,0,0,0,0,,,
11/30/2023,1:00 AM,75,100,0,29.76,Rain,0,0,0,0,0,,,
11/30/2023,1:30 AM,75,100,0,29.76,Rain,0,0,0,0,0,,,
11/30/2023,2:00 AM,75,100,0,29.76,Rain,0,0,0,0,0,,,
11/30/2023,2:30 AM,75,100,0,29.76,Rain,0,0,0,0,0,,,
11/30/2023,3:00 AM,75,100,0,29.73,Rain,0,0,0,0,0,,,
11/30/2023,3:30 AM,75,100,0,29.73,Rain,0,0,0,0,0,,,
11/30/2023,4:00 AM,75,100,0,29.73,Rain,0,0,0,0,0,,,
11/30/2023,4:30 AM,75,100,0,29.73,Rain,0,0,0,0,0,,,
11/30/2023,5:00 AM,75,100,0,29.7,Rain,0,0,0,0,0,,,
11/30/2023,5:30 AM,75,100,0,29.73,Rain,0,0,0,0,0,,,
11/30/2023,6:00 AM,75,100,0,29.73,Rain,0,0,0,0,0,,,
11/30/2023,6:30 AM,75,100,0,29.73,Rain,0,0,0,0,0,,,
11/30/2023,7:00 AM,75,100,0,29.76,Rain,0,0,0,0,0,,,
11/30/2023,7:30 AM,75,100,0,29.76,Rain,0,0,0,0,0,,,
11/30/2023,8:00 AM,75,100,0,29.79,Rain,0,0,0,0,0,,,
11/30/2023,8:30 AM,77,100,0,29.79,Rain,0,0,0,0,0,,,
11/30/2023,9:00 AM,77,100,0,29.79,Rain,0,0,0,0,0,,,
11/30/2023,9:30 AM,77,100,0,29.81,Rain,0,0,0,0,0,,,
11/30/2023,10:00 AM,79,94,0,29.81,Clear,0,0,0,0,0,,,
11/30/2023,10:30 AM,81,94,5,29.79,Clear,0,0,0,0,0,,,
11/30/2023,11:00 AM,82,89,6,29.79,Clear,0,0,0,0,0,,,
11/30/2023,11:30 AM,82,89,6,29.76,Clear,0,0,0,0,0,,,
11/30/2023,12:00 PM,84,84,12,29.73,Clear,0,0,0,0,0,,,
11/30/2023,12:30 PM,84,84,7,29.73,Clear,0,0,0,0,0,,,
11/30/2023,1:00 PM,84,84,9,29.73,Clear,0,0,0,0,0,,,
11/30/2023,1:30 PM,84,84,13,29.7,Clear,0,0,0,0,0,,,
11/30/2023,2:00 PM,82,89,12,29.7,Clear,0,0,0,0,0,,,
11/30/2023,2:30 PM,82,84,8,29.7,Clear,0,0,0,0,0,,,
11/30/2023,3:00 PM,84,84,5,29.7,Clear,0,0,0,0,0,,,
11/30/2023,3:30 PM,84,79,7,29.7,Clear,0,0,0,0,0,,,
11/30/2023,4:00 PM,84,74,8,29.67,Clear,0,0,0,0,0,,,
11/30/2023,4:30 PM,82,84,7,29.67,Clear,0,0,0,0,0,,,
11/30/2023,5:00 PM,82,84,7,29.67,Clear,0,0,0,0,0,,,
11/30/2023,5:30 PM,82,84,6,29.67,Clear,0,0,0,0,0,,,
11/30/2023,6:00 PM,81,84,3,29.7,Clear,0,0,0,0,0,,,
11/30/2023,6:30 PM,81,89,2,29.7,Clear,0,0,0,0,0,,,
11/30/2023,7:00 PM,79,89,5,29.7,Clear,0,0,0,0,0,,,
11/30/2023,7:30 PM,79,94,5,29.73,Clear,0,0,0,0,0,,,
11/30/2023,8:00 PM,79,94,5,29.73,Clear,0,0,0,0,0,,,
11/30/2023,8:30 PM,79,94,2,29.76,Clear,0,0,0,0,0,,,
11/30/2023,9:00 PM,79,94,1,29.76,Clear,0,0,0,0,0,,,
11/30/2023,9:30 PM,77,94,3,29.76,Clear,0,0,0,0,0,,,
11/30/2023,10:00 PM,77,94,2,29.76,Clear,0,0,0,0,0,,,
11/30/2023,10:30 PM,77,100,3,29.79,Clear,0,0,0,0,0,,,
11/30/2023,11:00 PM,77,94,0,29.76,Clear,0,0,0,0,0,,,
11/30/2023,11:30 PM,77,94,2,29.76,Clear,0,0,0,0,0,,,
12/1/2023,12:00 AM,77,94,5,29.76,Clear,0,0,0,0,0,,,
12/1/2023,12:30 AM,77,94,5,29.76,Clear,0,0,0,0,0,,,
12/1/2023,1:00 AM,77,94,3,29.73,Clear,0,0,0,0,0,,,
12/1/2023,1:30 AM,77,94,6,29.73,Clear,0,0,0,0,0,,,
12/1/2023,2:00 AM,77,94,5,29.73,Clear,0,0,0,0,0,,,
12/1/2023,2:30 AM,77,100,5,29.73,Rain,0,0,0,0,0,,,
12/1/2023,3:00 AM,77,100,5,29.7,Clear,0,0,0,0,0,,,
12/1/2023,3:30 AM,77,100,3,29.7,Clear,0,0,0,0,0,,,
12/1/2023,4:00 AM,77,94,5,29.7,Clear,0,0,0,0,0,,,
12/1/2023,4:30 AM,77,94,2,29.7,Clear,0,0,0,0,0,,,
12/1/2023,5:00 AM,77,100,5,29.7,Clear,0,0,0,0,0,,,
12/1/2023,5:30 AM,77,100,2,29.7,Clear,0,0,0,0,0,,,
12/1/2023,6:00 AM,77,100,3,29.7,Clear,0,0,0,0,0,,,
12/1/2023,6:30 AM,77,94,3,29.73,Clear,0,0,0,0,0,,,
12/1/2023,7:00 AM,77,100,6,29.73,Clear,0,0,0,0,0,,,
12/1/2023,7:30 AM,77,100,6,29.73,Clear,0,0,0,0,0,,,
12/1/2023,8:00 AM,79,100,5,29.76,Clear,0,0,0,0,0,,,
12/1/2023,8:30 AM,81,94,5,29.76,Rain,0,0,0,0,0,,,
12/1/2023,9:00 AM,81,94,6,29.76,Rain,0,0,0,0,0,,,
12/1/2023,9:30 AM,81,94,8,29.76,Rain,0,0,0,0,0,,,
12/1/2023,10:00 AM,84,89,10,29.76,Rain,0,0,0,0,0,,,
12/1/2023,10:30 AM,82,89,12,29.76,Rain,0,0,0,0,0,,,
12/1/2023,11:00 AM,82,89,10,29.73,Clear,0,0,0,0,0,,,
12/1/2023,11:30 AM,84,89,10,29.73,Clear,0,0,0,0,0,,,
12/1/2023,12:00 PM,82,89,12,29.73,Rain,0,0,0,0,0,,,
12/1/2023,12:30 PM,84,89,12,29.7,Clear,0,0,0,0,0,,,
12/1/2023,1:00 PM,84,84,12,29.7,Clear,0,0,0,0,0,,,
12/1/2023,1:30 PM,84,84,10,29.7,Clear,0,0,0,0,0,,,
12/1/2023,2:00 PM,84,84,12,29.67,Clear,0,0,0,0,0,,,
12/1/2023,2:30 PM,84,84,13,29.67,Clear,0,0,0,0,0,,,
12/1/2023,3:00 PM,84,84,13,29.67,Clear,0,0,0,0,0,,,
12/1/2023,3:30 PM,84,84,9,29.64,Clear,0,0,0,0,0,,,
12/1/2023,4:00 PM,84,84,10,29.64,Clear,0,0,0,0,0,,,
12/1/2023,4:30 PM,84,84,12,29.67,Clear,0,0,0,0,0,,,
12/1/2023,5:00 PM,84,84,13,29.67,Rain,0,0,0,0,0,,,
12/1/2023,5:30 PM,82,84,12,29.67,Rain,0,0,0,0,0,,,
12/1/2023,6:00 PM,82,84,12,29.67,Clear,0,0,0,0,0,,,
12/1/2023,6:30 PM,82,84,9,29.7,Clear,0,0,0,0,0,,,
12/1/2023,7:00 PM,82,84,6,29.7,Clear,0,0,0,0,0,,,
12/1/2023,7:30 PM,82,84,5,29.73,Clear,0,0,0,0,0,,,
12/1/2023,8:00 PM,82,84,7,29.73,Rain,0,0,0,0,0,,,
12/1/2023,8:30 PM,77,94,8,29.76,Rain,0,0,0,0,0,,,
12/1/2023,9:00 PM,77,100,6,29.76,Rain,0,0,0,0,0,,,
12/1/2023,9:30 PM,77,100,3,29.76,Clear,0,0,0,0,0,,,
12/1/2023,10:00 PM,77,100,6,29.76,Clear,0,0,0,0,0,,,
12/1/2023,10:30 PM,77,100,5,29.76,Rain,0,0,0,0,0,,,
12/1/2023,11:00 PM,77,100,12,29.79,Rain,0,0,0,0,0,,,
12/1/2023,11:30 PM,77,94,8,29.79,Rain,0,0,0,0,0,,,
12/2/2023,12:00 AM,75,100,5,29.76,Clear,0,0,0,0,0,,,
12/2/2023,12:30 AM,75,100,0,29.76,Clear,0,0,0,0,0,,,
12/2/2023,1:00 AM,75,100,3,29.73,Clear,0,0,0,0,0,,,
12/2/2023,1:30 AM,75,100,5,29.73,Clear,0,0,0,0,0,,,
12/2/2023,2:00 AM,75,94,6,29.7,Clear,0,0,0,0,0,,,
12/2/2023,2:30 AM,75,94,3,29.7,Clear,0,0,0,0,0,,,
12/2/2023,3:00 AM,73,100,2,29.7,Clear,0,0,0,0,0,,,
12/2/2023,3:30 AM,73,100,0,29.67,Clear,0,0,0,0,0,,,
12/2/2023,4:00 AM,73,100,2,29.67,Clear,0,0,0,0,0,,,
12/2/2023,4:30 AM,73,100,5,29.67,Clear,0,0,0,0,0,,,
12/2/2023,5:00 AM,73,100,5,29.7,Clear,0,0,0,0,0,,,
12/2/2023,5:30 AM,73,100,5,29.7,Clear,0,0,0,0,0,,,
12/2/2023,6:00 AM,73,100,2,29.7,Clear,0,0,0,0,0,,,
12/2/2023,6:30 AM,73,100,2,29.73,Clear,0,0,0,0,0,,,
12/2/2023,7:00 AM,75,100,2,29.73,Clear,0,0,0,0,0,,,
12/2/2023,7:30 AM,75,100,5,29.76,Clear,0,0,0,0,0,,,
12/2/2023,8:00 AM,77,94,3,29.79,Rain,0,0,0,0,0,,,
12/2/2023,8:30 AM,77,100,0,29.79,Rain,0,0,0,0,0,,,
12/2/2023,9:00 AM,79,94,2,29.79,Rain,0,0,0,0,0,,,
12/2/2023,9:30 AM,81,94,3,29.79,Rain,0,0,0,0,0,,,
12/2/2023,10:00 AM,81,94,2,29.79,Clear,0,0,0,0,0,,,
12/2/2023,10:30 AM,82,89,2,29.79,Clear,0,0,0,0,0,,,
12/2/2023,11:00 AM,82,89,3,29.79,Rain,0,0,0,0,0,,,
12/2/2023,11:30 AM,79,100,6,29.76,Rain,0,0,0,0,0,,,
12/2/2023,12:00 PM,81,94,8,29.76,Rain,0,0,0,0,0,,,
12/2/2023,12:30 PM,81,94,6,29.73,Clear,0,0,0,0,0,,,
12/2/2023,1:00 PM,82,84,5,29.73,Rain,0,0,0,0,0,,,
12/2/2023,1:30 PM,81,89,6,29.7,Rain,0,0,0,0,0,,,
12/2/2023,2:00 PM,82,89,3,29.7,Rain,0,0,0,0,0,,,
12/2/2023,2:30 PM,82,89,3,29.7,Rain,0,0,0,0,0,,,
12/2/2023,3:00 PM,79,94,8,29.7,Rain,0,0,0,0,0,,,
12/2/2023,3:30 PM,79,89,12,29.67,Rain,0,0,0,0,0,,,
12/2/2023,4:00 PM,79,94,3,29.67,Rain,0,0,0,0,0,,,
12/2/2023,4:30 PM,79,94,5,29.67,Rain,0,0,0,0,0,,,
12/2/2023,5:00 PM,77,94,9,29.7,Rain,0,0,0,0,0,,,
12/2/2023,5:30 PM,77,94,7,29.7,Rain,0,0,0,0,0,,,
12/2/2023,6:00 PM,77,94,0,29.7,Clear,0,0,0,0,0,,,
12/2/2023,6:30 PM,75,100,6,29.7,Clear,0,0,0,0,0,,,
12/2/2023,7:00 PM,75,94,5,29.7,Clear,0,0,0,0,0,,,
12/2/2023,7:30 PM,75,100,5,29.73,Clear,0,0,0,0,0,,,
12/2/2023,8:00 PM,75,100,2,29.73,Clear,0,0,0,0,0,,,
12/2/2023,8:30 PM,75,100,0,29.73,Clear,0,0,0,0,0,,,
12/2/2023,9:00 PM,75,100,0,29.73,Clear,0,0,0,0,0,,,
12/2/2023,9:30 PM,75,100,3,29.73,Clear,0,0,0,0,0,,,
12/2/2023,10:00 PM,75,100,3,29.73,Clear,0,0,0,0,0,,,
12/2/2023,10:30 PM,75,100,2,29.73,Clear,0,0,0,0,0,,,
12/2/2023,11:00 PM,75,100,2,29.73,Rain,0,0,0,0,0,,,
12/2/2023,11:30 PM,77,94,1,29.73,Rain,0,0,0,0,0,,,
12/3/2023,12:00 AM,77,94,0,29.73,Clear,0,0,0,0,0,,,
12/3/2023,12:30 AM,75,100,2,29.73,Clear,0,0,0,0,0,,,
12/3/2023,1:00 AM,77,94,2,29.73,Rain,0,0,0,0,0,,,
12/3/2023,1:30 AM,77,94,3,29.73,Clear,0,0,0,0,0,,,
12/3/2023,2:00 AM,75,100,2,29.7,Clear,0,0,0,0,0,,,
12/3/2023,2:30 AM,75,100,3,29.7,Clear,0,0,0,0,0,,,
12/3/2023,3:00 AM,75,100,3,29.7,Clear,0,0,0,0,0,,,
12/3/2023,3:30 AM,75,100,3,29.67,Clear,0,0,0,0,0,,,
12/3/2023,4:00 AM,75,100,2,29.67,Clear,0,0,0,0,0,,,
12/3/2023,4:30 AM,75,100,0,29.67,Clear,0,0,0,0,0,,,
12/3/2023,5:00 AM,75,100,3,29.7,Clear,0,0,0,0,0,,,
12/3/2023,5:30 AM,75,100,1,29.7,Clear,0,0,0,0,0,,,
12/3/2023,6:00 AM,75,100,2,29.7,Clear,0,0,0,0,0,,,
12/3/2023,6:30 AM,75,100,2,29.7,Clear,0,0,0,0,0,,,
12/3/2023,7:00 AM,75,100,3,29.73,Clear,0,0,0,0,0,,,
12/3/2023,7:30 AM,75,100,5,29.73,Clear,0,0,0,0,0,,,
12/3/2023,8:00 AM,77,100,5,29.76,Clear,0,0,0,0,0,,,
12/3/2023,8:30 AM,79,100,6,29.79,Clear,0,0,0,0,0,,,
12/3/2023,9:00 AM,81,94,2,29.79,Clear,0,0,0,0,0,,,
12/3/2023,9:30 AM,82,89,3,29.79,Clear,0,0,0,0,0,,,
12/3/2023,10:00 AM,82,89,5,29.76,Clear,0,0,0,0,0,,,
12/3/2023,10:30 AM,84,89,9,29.76,Clear,0,0,0,0,0,,,
12/3/2023,11:00 AM,86,84,9,29.76,Clear,0,0,0,0,0,,,
12/3/2023,11:30 AM,86,79,10,29.76,Clear,0,0,0,0,0,,,
12/3/2023,12:00 PM,86,84,12,29.73,Clear,0,0,0,0,0,,,
12/3/2023,12:30 PM,84,84,12,29.73,Clear,0,0,0,0,0,,,
12/3/2023,1:00 PM,88,79,10,29.7,Clear,0,0,0,0,0,,,
12/3/2023,1:30 PM,88,75,8,29.7,Clear,0,0,0,0,0,,,
12/3/2023,2:00 PM,88,75,8,29.67,Rain,0,0,0,0,0,,,
12/3/2023,2:30 PM,86,79,13,29.67,Clear,0,0,0,0,0,,,
12/3/2023,3:00 PM,86,74,12,29.67,Clear,0,0,0,0,0,,,
12/3/2023,3:30 PM,86,74,13,29.67,Clear,0,0,0,0,0,,,
12/3/2023,4:00 PM,84,79,13,29.67,Clear,0,0,0,0,0,,,
12/3/2023,4:30 PM,84,79,13,29.67,Clear,0,0,0,0,0,,,
12/3/2023,5:00 PM,82,79,9,29.7,Clear,0,0,0,0,0,,,
12/3/2023,5:30 PM,82,79,8,29.7,Clear,0,0,0,0,0,,,
12/3/2023,6:00 PM,81,84,6,29.7,Clear,0,0,0,0,0,,,
12/3/2023,6:30 PM,81,84,5,29.73,Clear,0,0,0,0,0,,,
12/3/2023,7:00 PM,81,84,5,29.73,Clear,0,0,0,0,0,,,
12/3/2023,7:30 PM,79,89,2,29.76,Clear,0,0,0,0,0,,,
12/3/2023,8:00 PM,79,89,0,29.76,Clear,0,0,0,0,0,,,
12/3/2023,8:30 PM,79,89,2,29.76,Clear,0,0,0,0,0,,,
12/3/2023,9:00 PM,77,94,1,29.79,Clear,0,0,0,0,0,,,
12/3/2023,9:30 PM,77,94,2,29.79,Clear,0,0,0,0,0,,,
12/3/2023,10:00 PM,77,94,0,29.79,Clear,0,0,0,0,0,,,
12/3/2023,10:30 PM,77,94,0,29.79,Clear,0,0,0,0,0,,,
12/3/2023,11:00 PM,77,94,3,29.79,Clear,0,0,0,0,0,,,
12/3/2023,11:30 PM,77,94,2,29.79,Clear,0,0,0,0,0,,,
12/4/2023,12:00 AM,77,100,5,29.76,Clear,0,0,0,0,0,,,
12/4/2023,12:30 AM,77,100,5,29.76,Clear,0,0,0,0,0,,,
12/4/2023,1:00 AM,77,100,1,29.76,Clear,0,0,0,0,0,,,
12/4/2023,1:30 AM,77,94,0,29.73,Clear,0,0,0,0,0,,,
12/4/2023,2:00 AM,77,94,3,29.7,Clear,0,0,0,0,0,,,
12/4/2023,2:30 AM,77,94,3,29.7,Clear,0,0,0,0,0,,,
12/4/2023,3:00 AM,77,94,3,29.7,Clear,0,0,0,0,0,,,
12/4/2023,3:30 AM,77,94,2,29.7,Clear,0,0,0,0,0,,,
12/4/2023,4:00 AM,77,94,0,29.7,Clear,0,0,0,0,0,,,
12/4/2023,4:30 AM,77,94,0,29.7,Clear,0,0,0,0,0,,,
12/4/2023,5:00 AM,75,100,2,29.7,Clear,0,0,0,0,0,,,
12/4/2023,5:30 AM,75,100,2,29.7,Clear,0,0,0,0,0,,,
12/4/2023,6:00 AM,75,100,3,29.7,Clear,0,0,0,0,0,,,
12/4/2023,6:30 AM,75,100,5,29.73,Clear,0,0,0,0,0,,,
12/4/2023,7:00 AM,77,94,5,29.73,Clear,0,0,0,0,0,,,
12/4/2023,7:30 AM,79,94,2,29.76,Clear,0,0,0,0,0,,,
12/4/2023,8:00 AM,81,89,6,29.76,Clear,0,0,0,0,0,,,
12/4/2023,8:30 AM,81,89,3,29.76,Clear,0,0,0,0,0,,,
12/4/2023,9:00 AM,82,89,3,29.76,Clear,0,0,0,0,0,,,
12/4/2023,9:30 AM,86,84,9,29.76,Clear,0,0,0,0,0,,,
12/4/2023,10:00 AM,86,84,9,29.76,Clear,0,0,0,0,0,,,
12/4/2023,10:30 AM,86,84,10,29.76,Clear,0,0,0,0,0,,,
12/4/2023,11:00 AM,88,79,9,29.76,Clear,0,0,0,0,0,,,
12/4/2023,11:30 AM,88,75,9,29.73,Clear,0,0,0,0,0,,,
12/4/2023,12:00 PM,90,70,8,29.73,Clear,0,0,0,0,0,,,
12/4/2023,12:30 PM,91,66,8,29.7,Clear,0,0,0,0,0,,,
12/4/2023,1:00 PM,91,66,8,29.7,Clear,0,0,0,0,0,,,
12/4/2023,1:30 PM,90,66,8,29.67,Clear,0,0,0,0,0,,,
12/4/2023,2:00 PM,91,66,7,29.67,Clear,0,0,0,0,0,,,
12/4/2023,2:30 PM,88,70,10,29.67,Clear,0,0,0,0,0,,,
12/4/2023,3:00 PM,88,75,10,29.64,Clear,0,0,0,0,0,,,
12/4/2023,3:30 PM,88,75,14,29.64,Rain,0,0,0,0,0,,,
12/4/2023,4:00 PM,86,74,16,29.64,Rain,0,0,0,0,0,,,
12/4/2023,4:30 PM,84,79,17,29.67,Clear,0,0,0,0,0,,,
12/4/2023,5:00 PM,84,79,13,29.7,Clear,0,0,0,0,0,,,
12/4/2023,5:30 PM,82,84,10,29.7,Clear,0,0,0,0,0,,,
12/4/2023,6:00 PM,82,84,6,29.7,Clear,0,0,0,0,0,,,
12/4/2023,6:30 PM,82,84,7,29.7,Clear,0,0,0,0,0,,,
12/4/2023,7:00 PM,81,89,8,29.73,Clear,0,0,0,0,0,,,
12/4/2023,7:30 PM,81,89,2,29.73,Clear,0,0,0,0,0,,,
12/4/2023,8:00 PM,81,89,1,29.73,Clear,0,0,0,0,0,,,
12/4/2023,8:30 PM,81,89,3,29.76,Clear,0,0,0,0,0,,,
12/4/2023,9:00 PM,79,94,5,29.76,Clear,0,0,0,0,0,,,
12/4/2023,9:30 PM,79,94,5,29.76,Clear,0,0,0,0,0,,,
12/4/2023,10:00 PM,79,94,2,29.76,Clear,0,0,0,0,0,,,
12/4/2023,10:30 PM,79,94,1,29.76,Clear,0,0,0,0,0,,,
12/4/2023,11:00 PM,77,100,5,29.76,Clear,0,0,0,0,0,,,
12/4/2023,11:30 PM,77,100,5,29.76,Clear,0,0,0,0,0,,,
12/5/2023,12:00 AM,77,100,5,29.73,Clear,0,0,0,0,0,,,
12/5/2023,12:30 AM,77,100,3,29.73,Clear,0,0,0,0,0,,,
12/5/2023,1:00 AM,77,100,5,29.73,Clear,0,0,0,0,0,,,
12/5/2023,1:30 AM,77,100,2,29.73,Clear,0,0,0,0,0,,,
12/5/2023,2:00 AM,77,100,3,29.73,Clear,0,0,0,0,0,,,
12/5/2023,2:30 AM,77,100,1,29.7,Clear,0,0,0,0,0,,,
12/5/2023,3:00 AM,77,100,0,29.7,Clear,0,0,0,0,0,,,
12/5/2023,3:30 AM,77,100,0,29.7,Clear,0,0,0,0,0,,,
12/5/2023,4:00 AM,77,94,0,29.7,Clear,0,0,0,0,0,,,
12/5/2023,4:30 AM,77,94,0,29.7,Clear,0,0,0,0,0,,,
12/5/2023,5:00 AM,77,100,5,29.7,Clear,0,0,0,0,0,,,
12/5/2023,5:30 AM,77,100,3,29.7,Clear,0,0,0,0,0,,,
12/5/2023,6:00 AM,77,94,2,29.7,Clear,0,0,0,0,0,,,
12/5/2023,6:30 AM,77,94,3,29.73,Clear,0,0,0,0,0,,,
12/5/2023,7:00 AM,77,100,6,29.73,Clear,0,0,0,0,0,,,
12/5/2023,7:30 AM,79,100,3,29.73,Clear,0,0,0,0,0,,,
12/5/2023,8:00 AM,81,94,3,29.76,Clear,0,0,0,0,0,,,
12/5/2023,8:30 AM,82,89,2,29.76,Clear,0,0,0,0,0,,,
12/5/2023,9:00 AM,84,89,3,29.76,Clear,0,0,0,0,0,,,
12/5/2023,9:30 AM,86,84,3,29.76,Clear,0,0,0,0,0,,,
12/5/2023,10:00 AM,86,84,7,29.76,Clear,0,0,0,0,0,,,
12/5/2023,10:30 AM,88,79,7,29.76,Clear,0,0,0,0,0,,,
12/5/2023,11:00 AM,86,79,9,29.76,Clear,0,0,0,0,0,,,
12/5/2023,11:30 AM,88,79,10,29.76,Rain,0,0,0,0,0,,,
12/5/2023,12:00 PM,88,79,10,29.73,Rain,0,0,0,0,0,,,
12/5/2023,12:30 PM,90,70,9,29.73,Rain,0,0,0,0,0,,,
12/5/2023,1:00 PM,90,70,10,29.7,Rain,0,0,0,0,0,,,
12/5/2023,1:30 PM,88,75,8,29.7,Rain,0,0,0,0,0,,,
12/5/2023,2:00 PM,84,79,7,29.67,Rain,0,0,0,0,0,,,
12/5/2023,2:30 PM,84,84,8,29.67,Clear,0,0,0,0,0,,,
12/5/2023,3:00 PM,86,79,6,29.67,Clear,0,0,0,0,0,,,
12/5/2023,3:30 PM,88,75,8,29.67,Clear,0,0,0,0,0,,,
12/5/2023,4:00 PM,86,74,8,29.67,Clear,0,0,0,0,0,,,
12/5/2023,4:30 PM,86,74,8,29.67,Rain,0,0,0,0,0,,,
12/5/2023,5:00 PM,84,79,7,29.67,Rain,0,0,0,0,0,,,
12/5/2023,5:30 PM,82,84,6,29.7,Rain,0,0,0,0,0,,,
12/5/2023,6:00 PM,82,84,5,29.7,Clear,0,0,0,0,0,,,
12/5/2023,6:30 PM,82,84,2,29.73,Clear,0,0,0,0,0,,,
12/5/2023,7:00 PM,81,89,2,29.73,Clear,0,0,0,0,0,,,
12/5/2023,7:30 PM,81,89,2,29.76,Clear,0,0,0,0,0,,,
12/5/2023,8:00 PM,79,94,3,29.76,Clear,0,0,0,0,0,,,
12/5/2023,8:30 PM,79,94,3,29.76,Clear,0,0,0,0,0,,,
12/5/2023,9:00 PM,79,94,2,29.79,Clear,0,0,0,0,0,,,
12/5/2023,9:30 PM,79,94,5,29.79,Clear,0,0,0,0,0,,,
12/5/2023,10:00 PM,79,94,5,29.79,Clear,0,0,0,0,0,,,
12/5/2023,10:30 PM,77,100,5,29.79,Clear,0,0,0,0,0,,,
12/5/2023,11:00 PM,79,94,5,29.79,Rain,0,0,0,0,0,,,
12/5/2023,11:30 PM,79,94,3,29.79,Rain,0,0,0,0,0,,,
12/6/2023,12:00 AM,77,100,3,29.79,Rain,0,0,0,0,0,,,
12/6/2023,12:30 AM,77,100,0,29.79,Rain,0,0,0,0,0,,,
12/6/2023,1:00 AM,77,100,0,29.76,Rain,0,0,0,0,0,,,
12/6/2023,1:30 AM,77,100,2,29.76,Clear,0,0,0,0,0,,,
12/6/2023,2:00 AM,77,100,1,29.76,Clear,0,0,0,0,0,,,
12/6/2023,2:30 AM,77,100,2,29.73,Clear,0,0,0,0,0,,,
12/6/2023,3:00 AM,77,100,3,29.73,Clear,0,0,0,0,0,,,
12/6/2023,3:30 AM,77,100,3,29.73,Rain,0,0,0,0,0,,,
12/6/2023,4:00 AM,77,100,2,29.73,Rain,0,0,0,0,0,,,
12/6/2023,4:30 AM,77,100,3,29.73,Clear,0,0,0,0,0,,,
12/6/2023,5:00 AM,77,100,2,29.73,Clear,0,0,0,0,0,,,
12/6/2023,5:30 AM,77,100,3,29.76,Clear,0,0,0,0,0,,,
12/6/2023,6:00 AM,77,94,0,29.76,Clear,0,0,0,0,0,,,
12/6/2023,6:30 AM,77,94,0,29.76,Clear,0,0,0,0,0,,,
12/6/2023,7:00 AM,77,100,0,29.76,Clear,0,0,0,0,0,,,
12/6/2023,7:30 AM,79,94,2,29.79,Clear,0,0,0,0,0,,,
12/6/2023,8:00 AM,79,100,1,29.79,Clear,0,0,0,0,0,,,
12/6/2023,8:30 AM,81,94,3,29.79,Clear,0,0,0,0,0,,,
12/6/2023,9:00 AM,82,94,3,29.79,Clear,0,0,0,0,0,,,
12/6/2023,9:30 AM,84,89,6,29.79,Clear,0,0,0,0,0,,,
12/6/2023,10:00 AM,86,84,9,29.79,Clear,0,0,0,0,0,,,
12/6/2023,10:30 AM,86,84,8,29.79,Clear,0,0,0,0,0,,,
12/6/2023,11:00 AM,88,75,10,29.79,Clear,0,0,0,0,0,,,
12/6/2023,11:30 AM,88,75,9,29.76,Clear,0,0,0,0,0,,,
12/6/2023,12:00 PM,90,70,13,29.76,Clear,0,0,0,0,0,,,
12/6/2023,12:30 PM,90,66,15,29.73,Clear,0,0,0,0,0,,,
12/6/2023,1:00 PM,90,66,14,29.73,Clear,0,0,0,0,0,,,
12/6/2023,1:30 PM,91,63,13,29.7,Clear,0,0,0,0,0,,,
12/6/2023,2:00 PM,90,62,13,29.7,Clear,0,0,0,0,0,,,
12/6/2023,2:30 PM,90,62,12,29.7,Clear,0,0,0,0,0,,,
12/6/2023,3:00 PM,90,62,14,29.7,Clear,0,0,0,0,0,,,
12/6/2023,3:30 PM,90,62,14,29.67,Clear,0,0,0,0,0,,,
12/6/2023,4:00 PM,90,62,14,29.7,Clear,0,0,0,0,0,,,
12/6/2023,4:30 PM,88,66,14,29.7,Clear,0,0,0,0,0,,,
12/6/2023,5:00 PM,88,66,13,29.7,Clear,0,0,0,0,0,,,
12/6/2023,5:30 PM,86,70,8,29.7,Clear,0,0,0,0,0,,,
12/6/2023,6:00 PM,84,74,8,29.73,Clear,0,0,0,0,0,,,
12/6/2023,6:30 PM,84,74,6,29.73,Clear,0,0,0,0,0,,,
12/6/2023,7:00 PM,82,79,7,29.73,Clear,0,0,0,0,0,,,
12/6/2023,7:30 PM,82,84,7,29.76,Clear,0,0,0,0,0,,,
12/6/2023,8:00 PM,82,84,6,29.79,Clear,0,0,0,0,0,,,
12/6/2023,8:30 PM,81,89,6,29.79,Clear,0,0,0,0,0,,,
12/6/2023,9:00 PM,81,89,6,29.79,Clear,0,0,0,0,0,,,
12/6/2023,9:30 PM,81,89,5,29.79,Clear,0,0,0,0,0,,,
12/6/2023,10:00 PM,79,94,6,29.79,Clear,0,0,0,0,0,,,
12/6/2023,10:30 PM,81,89,5,29.79,Clear,0,0,0,0,0,,,
12/6/2023,11:00 PM,77,94,3,29.79,Clear,0,0,0,0,0,,,
12/6/2023,11:30 PM,77,94,2,29.79,Clear,0,0,0,0,0,,,
12/7/2023,12:00 AM,79,94,3,29.79,Clear,0,0,0,0,0,,,
12/7/2023,12:30 AM,79,94,5,29.79,Clear,0,0,0,0,0,,,
12/7/2023,1:00 AM,77,100,2,29.76,Clear,0,0,0,0,0,,,
12/7/2023,1:30 AM,77,94,5,29.76,Clear,0,0,0,0,0,,,
12/7/2023,2:00 AM,77,94,2,29.73,Clear,0,0,0,0,0,,,
12/7/2023,2:30 AM,77,94,2,29.73,Clear,0,0,0,0,0,,,
12/7/2023,3:00 AM,75,100,3,29.73,Clear,0,0,0,0,0,,,
12/7/2023,3:30 AM,75,100,1,29.73,Clear,0,0,0,0,0,,,
12/7/2023,4:00 AM,75,100,2,29.73,Clear,0,0,0,0,0,,,
12/7/2023,4:30 AM,75,100,1,29.73,Clear,0,0,0,0,0,,,
12/7/2023,5:00 AM,77,100,3,29.73,Clear,0,0,0,0,0,,,
12/7/2023,5:30 AM,77,94,3,29.73,Clear,0,0,0,0,0,,,
12/7/2023,6:00 AM,77,94,3,29.73,Clear,0,0,0,0,0,,,
12/7/2023,6:30 AM,77,94,0,29.76,Clear,0,0,0,0,0,,,
12/7/2023,7:00 AM,77,94,0,29.76,Clear,0,0,0,0,0,,,
12/7/2023,7:30 AM,77,94,3,29.79,Clear,0,0,0,0,0,,,
12/7/2023,8:00 AM,79,94,3,29.79,Clear,0,0,0,0,0,,,
12/7/2023,8:30 AM,81,94,3,29.79,Clear,0,0,0,0,0,,,
12/7/2023,9:00 AM,82,89,0,29.81,Clear,0,0,0,0,0,,,
12/7/2023,9:30 AM,82,89,0,29.81,Clear,0,0,0,0,0,,,
12/7/2023,10:00 AM,84,84,3,29.81,Clear,0,0,0,0,0,,,
12/7/2023,10:30 AM,86,84,2,29.81,Clear,0,0,0,0,0,,,
12/7/2023,11:00 AM,82,84,17,29.81,Rain,0,0,0,0,0,,,
12/7/2023,11:30 AM,75,100,6,29.81,Rain,0,0,0,0,0,,,
12/7/2023,12:00 PM,77,94,3,29.79,Rain,0,0,0,0,0,,,
12/7/2023,12:30 PM,79,94,3,29.79,Rain,0,0,0,0,0,,,
12/7/2023,1:00 PM,79,94,5,29.76,Rain,2,1,1,1,0,,,
12/7/2023,1:30 PM,81,94,6,29.76,Clear,0,0,0,0,0,,,
12/7/2023,2:00 PM,82,89,7,29.73,Clear,0,0,0,0,0,,,
12/7/2023,2:30 PM,82,89,7,29.73,Clear,0,0,0,0,0,,,
12/7/2023,3:00 PM,81,89,7,29.73,Rain,0,0,0,0,0,,,
12/7/2023,3:30 PM,81,94,6,29.73,Clear,0,0,0,0,0,,,
12/7/2023,4:00 PM,81,94,3,29.7,Rain,0,0,0,0,0,,,
12/7/2023,4:30 PM,81,94,6,29.73,Rain,0,0,0,0,0,,,
12/7/2023,5:00 PM,81,89,6,29.73,Clear,0,0,0,0,0,,,
12/7/2023,5:30 PM,81,89,5,29.73,Clear,0,0,0,0,0,,,
12/7/2023,6:00 PM,81,89,6,29.73,Clear,0,0,0,0,0,,,
12/7/2023,6:30 PM,81,89,3,29.73,Clear,0,0,0,0,0,,,
12/7/2023,7:00 PM,79,94,3,29.76,Clear,0,0,0,0,0,,,
12/7/2023,7:30 PM,79,94,5,29.76,Clear,0,0,0,0,0,,,
12/7/2023,8:00 PM,79,89,3,29.79,Clear,0,0,0,0,0,,,
12/7/2023,8:30 PM,79,89,2,29.79,Clear,0,0,0,0,0,,,
12/7/2023,9:00 PM,77,100,2,29.79,Clear,0,0,0,0,0,,,
12/7/2023,9:30 PM,77,100,3,29.79,Clear,0,0,0,0,0,,,
12/7/2023,10:00 PM,77,100,5,29.81,Clear,0,0,0,0,0,,,
12/7/2023,10:30 PM,77,94,3,29.79,Clear,0,0,0,0,0,,,
12/7/2023,11:00 PM,77,94,2,29.79,Clear,0,0,0,0,0,,,
12/7/2023,11:30 PM,77,94,0,29.79,Clear,0,0,0,0,0,,,
12/8/2023,12:00 AM,77,94,3,29.79,Clear,0,0,0,0,0,,,
12/8/2023,12:30 AM,77,94,2,29.79,Clear,0,0,0,0,0,,,
12/8/2023,1:00 AM,77,94,2,29.76,Clear,0,0,0,0,0,,,
12/8/2023,1:30 AM,75,100,3,29.76,Clear,0,0,0,0,0,,,
12/8/2023,2:00 AM,75,100,3,29.76,Clear,0,0,0,0,0,,,
12/8/2023,2:30 AM,75,100,0,29.76,Clear,0,0,0,0,0,,,
12/8/2023,3:00 AM,75,100,0,29.73,Clear,0,0,0,0,0,,,
12/8/2023,3:30 AM,75,100,0,29.73,Clear,0,0,0,0,0,,,
12/8/2023,4:00 AM,75,100,1,29.73,Clear,0,0,0,0,0,,,
12/8/2023,4:30 AM,75,100,0,29.73,Clear,0,0,0,0,0,,,
12/8/2023,5:00 AM,75,100,0,29.73,Clear,0,0,0,0,0,,,
12/8/2023,5:30 AM,75,100,0,29.76,Clear,0,0,0,0,0,,,
12/8/2023,6:00 AM,75,94,3,29.76,Clear,0,0,0,0,0,,,
12/8/2023,6:30 AM,75,94,0,29.76,Clear,0,0,0,0,0,,,
12/8/2023,7:00 AM,75,100,0,29.79,Clear,0,0,0,0,0,,,
12/8/2023,7:30 AM,77,94,2,29.79,Clear,0,0,0,0,0,,,
12/8/2023,8:00 AM,79,94,5,29.81,Clear,0,0,0,0,0,,,
12/8/2023,8:30 AM,81,94,6,29.81,Clear,0,0,0,0,0,,,
12/8/2023,9:00 AM,82,89,3,29.81,Clear,0,0,0,0,0,,,
12/8/2023,9:30 AM,86,84,7,29.81,Clear,0,0,0,0,0,,,
12/8/2023,10:00 AM,86,79,9,29.79,Clear,0,0,0,0,0,,,
12/8/2023,10:30 AM,86,79,12,29.79,Clear,0,0,0,0,0,,,
12/8/2023,11:00 AM,88,75,15,29.79,Clear,0,0,0,0,0,,,
12/8/2023,11:30 AM,88,75,14,29.76,Clear,0,0,0,0,0,,,
12/8/2023,12:00 PM,90,70,15,29.76,Clear,0,0,0,0,0,,,
12/8/2023,12:30 PM,90,66,14,29.73,Clear,0,0,0,0,0,,,
12/8/2023,1:00 PM,90,66,13,29.73,Clear,0,0,0,0,0,,,
12/8/2023,1:30 PM,90,66,14,29.7,Clear,0,0,0,0,0,,,
12/8/2023,2:00 PM,90,66,13,29.7,Clear,0,0,0,0,0,,,
12/8/2023,2:30 PM,90,62,15,29.67,Clear,0,0,0,0,0,,,
12/8/2023,3:00 PM,90,66,14,29.67,Clear,0,0,0,0,0,,,
12/8/2023,3:30 PM,90,66,15,29.67,Clear,0,0,0,0,0,,,
12/8/2023,4:00 PM,88,66,15,29.67,Clear,0,0,0,0,0,,,
12/8/2023,4:30 PM,88,66,14,29.7,Clear,0,0,0,0,0,,,
12/8/2023,5:00 PM,86,70,13,29.7,Clear,0,0,0,0,0,,,
12/8/2023,5:30 PM,86,70,10,29.7,Clear,0,0,0,0,0,,,
12/8/2023,6:00 PM,84,74,9,29.7,Clear,0,0,0,0,0,,,
12/8/2023,6:30 PM,82,79,8,29.73,Clear,0,0,0,0,0,,,
12/8/2023,7:00 PM,82,79,8,29.73,Clear,0,0,0,0,0,,,
12/8/2023,7:30 PM,82,79,7,29.76,Clear,0,0,0,0,0,,,
12/8/2023,8:00 PM,82,79,5,29.76,Clear,0,0,0,0,0,,,
12/8/2023,8:30 PM,81,84,3,29.79,Clear,0,0,0,0,0,,,
12/8/2023,9:00 PM,79,89,3,29.79,Clear,0,0,0,0,0,,,
12/8/2023,9:30 PM,79,89,0,29.79,Clear,0,0,0,0,0,,,
12/8/2023,10:00 PM,79,89,0,29.79,Clear,0,0,0,0,0,,,
12/8/2023,10:30 PM,79,89,0,29.79,Clear,0,0,0,0,0,,,
12/8/2023,11:00 PM,77,94,2,29.79,Clear,0,0,0,0,0,,,
12/8/2023,11:30 PM,77,94,3,29.79,Clear,0,0,0,0,0,,,
12/9/2023,12:00 AM,77,94,3,29.79,Clear,0,0,0,0,0,,,
12/9/2023,12:30 AM,77,94,3,29.79,Clear,0,0,0,0,0,,,
12/9/2023,1:00 AM,77,94,3,29.76,Clear,0,0,0,0,0,,,
12/9/2023,1:30 AM,77,94,2,29.76,Clear,0,0,0,0,0,,,
12/9/2023,2:00 AM,77,94,2,29.76,Clear,0,0,0,0,0,,,
12/9/2023,2:30 AM,77,94,0,29.73,Clear,0,0,0,0,0,,,
12/9/2023,3:00 AM,75,100,0,29.73,Clear,0,0,0,0,0,,,
12/9/2023,3:30 AM,75,100,2,29.73,Clear,0,0,0,0,0,,,
12/9/2023,4:00 AM,75,100,3,29.73,Clear,0,0,0,0,0,,,
12/9/2023,4:30 AM,75,100,0,29.73,Clear,0,0,0,0,0,,,
12/9/2023,5:00 AM,75,100,0,29.73,Clear,0,0,0,0,0,,,
12/9/2023,5:30 AM,75,94,0,29.73,Clear,0,0,0,0,0,,,
12/9/2023,6:00 AM,75,94,3,29.73,Clear,0,0,0,0,0,,,
12/9/2023,6:30 AM,75,94,2,29.76,Clear,0,0,0,0,0,,,
12/9/2023,7:00 AM,75,100,5,29.76,Clear,0,0,0,0,0,,,
12/9/2023,7:30 AM,79,94,2,29.76,Clear,0,0,0,0,0,,,
12/9/2023,8:00 AM,82,89,0,29.79,Clear,0,0,0,0,0,,,
12/9/2023,8:30 AM,84,89,3,29.79,Clear,0,0,0,0,0,,,
12/9/2023,9:00 AM,84,89,5,29.79,Clear,0,0,0,0,0,,,
12/9/2023,9:30 AM,84,84,6,29.81,Clear,0,0,0,0,0,,,
12/9/2023,10:00 AM,86,84,8,29.79,Clear,0,0,0,0,0,,,
12/9/2023,10:30 AM,88,79,8,29.79,Clear,0,0,0,0,0,,,
12/9/2023,11:00 AM,90,75,10,29.79,Clear,0,0,0,0,0,,,
12/9/2023,11:30 AM,90,75,9,29.76,Clear,0,0,0,0,0,,,
12/9/2023,12:00 PM,90,70,12,29.76,Clear,0,0,0,0,0,,,
12/9/2023,12:30 PM,90,66,13,29.73,Clear,0,0,0,0,0,,,
12/9/2023,1:00 PM,91,63,13,29.73,Clear,0,0,0,0,0,,,
12/9/2023,1:30 PM,91,63,15,29.73,Clear,0,0,0,0,0,,,
12/9/2023,2:00 PM,91,59,14,29.7,Clear,0,0,0,0,0,,,
12/9/2023,2:30 PM,91,59,15,29.7,Clear,0,0,0,0,0,,,
12/9/2023,3:00 PM,90,59,15,29.67,Clear,0,0,0,0,0,,,
12/9/2023,3:30 PM,90,59,15,29.67,Clear,0,0,0,0,0,,,
12/9/2023,4:00 PM,90,59,14,29.67,Clear,0,0,0,0,0,,,
12/9/2023,4:30 PM,90,59,13,29.67,Clear,0,0,0,0,0,,,
12/9/2023,5:00 PM,88,62,10,29.67,Clear,0,0,0,0,0,,,
12/9/2023,5:30 PM,88,62,10,29.67,Clear,0,0,0,0,0,,,
12/9/2023,6:00 PM,86,66,9,29.67,Clear,0,0,0,0,0,,,
12/9/2023,6:30 PM,84,70,9,29.7,Clear,0,0,0,0,0,,,
12/9/2023,7:00 PM,82,74,8,29.7,Clear,0,0,0,0,0,,,
12/9/2023,7:30 PM,82,79,7,29.7,Clear,0,0,0,0,0,,,
12/9/2023,8:00 PM,82,74,8,29.73,Clear,0,0,0,0,0,,,
12/9/2023,8:30 PM,82,79,7,29.73,Clear,0,0,0,0,0,,,
12/9/2023,9:00 PM,81,84,5,29.73,Clear,0,0,0,0,0,,,
12/9/2023,9:30 PM,79,89,5,29.73,Clear,0,0,0,0,0,,,
12/9/2023,10:00 PM,79,89,3,29.73,Clear,0,0,0,0,0,,,
12/9/2023,10:30 PM,77,89,3,29.73,Clear,0,0,0,0,0,,,
12/9/2023,11:00 PM,77,89,6,29.73,Clear,0,0,0,0,0,,,
12/9/2023,11:30 PM,77,89,2,29.73,Clear,0,0,0,0,0,,,
12/10/2023,12:00 AM,77,89,0,29.73,Clear,0,0,0,0,0,,,
12/10/2023,12:30 AM,75,94,1,29.73,Clear,0,0,0,0,0,,,
12/10/2023,1:00 AM,75,94,0,29.73,Clear,0,0,0,0,0,,,
12/10/2023,1:30 AM,75,94,0,29.73,Clear,0,0,0,0,0,,,
12/10/2023,2:00 AM,75,94,3,29.73,Clear,0,0,0,0,0,,,
12/10/2023,2:30 AM,75,94,5,29.7,Clear,0,0,0,0,0,,,
12/10/2023,3:00 AM,75,94,2,29.7,Clear,0,0,0,0,0,,,
12/10/2023,3:30 AM,75,94,3,29.7,Clear,0,0,0,0,0,,,
12/10/2023,4:00 AM,75,94,3,29.7,Clear,0,0,0,0,0,,,
12/10/2023,4:30 AM,75,94,2,29.7,Clear,0,0,0,0,0,,,
12/10/2023,5:00 AM,75,100,0,29.7,Clear,0,0,0,0,0,,,
12/10/2023,5:30 AM,75,100,2,29.7,Clear,0,0,0,0,0,,,
12/10/2023,6:00 AM,75,100,3,29.73,Clear,0,0,0,0,0,,,
12/10/2023,6:30 AM,75,100,3,29.73,Clear,0,0,0,0,0,,,
12/10/2023,7:00 AM,77,94,0,29.73,Clear,0,0,0,0,0,,,
12/10/2023,7:30 AM,77,100,2,29.73,Clear,0,0,0,0,0,,,
12/10/2023,8:00 AM,79,94,3,29.76,Clear,0,0,0,0,0,,,
12/10/2023,8:30 AM,82,94,2,29.76,Clear,0,0,0,0,0,,,
12/10/2023,9:00 AM,82,89,3,29.76,Clear,0,0,0,0,0,,,
12/10/2023,9:30 AM,82,89,5,29.76,Clear,0,0,0,0,0,,,
12/10/2023,10:00 AM,84,84,2,29.76,Clear,0,0,0,0,0,,,
12/10/2023,10:30 AM,86,84,2,29.76,Clear,0,0,0,0,0,,,
12/10/2023,11:00 AM,88,84,3,29.76,Clear,0,0,0,0,0,,,
12/10/2023,11:30 AM,86,79,10,29.76,Rain,0,0,0,0,0,,,
12/10/2023,12:00 PM,82,84,6,29.73,Clear,0,0,0,0,0,,,
12/10/2023,12:30 PM,86,84,7,29.73,Rain,0,0,0,0,0,,,
12/10/2023,1:00 PM,86,84,5,29.7,Clear,0,0,0,0,0,,,
12/10/2023,1:30 PM,90,75,8,29.67,Clear,0,0,0,0,0,,,
12/10/2023,2:00 PM,90,70,6,29.67,Clear,0,0,0,0,0,,,
12/10/2023,2:30 PM,90,70,9,29.64,Clear,0,0,0,0,0,,,
12/10/2023,3:00 PM,90,70,7,29.64,Clear,0,0,0,0,0,,,
12/10/2023,3:30 PM,90,70,9,29.64,Clear,0,0,0,0,0,,,
12/10/2023,4:00 PM,88,75,13,29.64,Clear,0,0,0,0,0,,,
12/10/2023,4:30 PM,88,70,10,29.64,Clear,0,0,0,0,0,,,
12/10/2023,5:00 PM,86,74,8,29.64,Clear,0,0,0,0,0,,,
12/10/2023,5:30 PM,86,70,8,29.67,Clear,0,0,0,0,0,,,
12/10/2023,6:00 PM,84,74,6,29.67,Clear,0,0,0,0,0,,,
12/10/2023,6:30 PM,82,84,5,29.67,Clear,0,0,0,0,0,,,
12/10/2023,7:00 PM,82,79,3,29.67,Clear,0,0,0,0,0,,,
12/10/2023,7:30 PM,81,89,5,29.7,Clear,0,0,0,0,0,,,
12/10/2023,8:00 PM,81,89,3,29.7,Clear,0,0,0,0,0,,,
12/10/2023,8:30 PM,79,94,3,29.7,Clear,0,0,0,0,0,,,
12/10/2023,9:00 PM,79,89,3,29.73,Clear,0,0,0,0,0,,,
12/10/2023,9:30 PM,79,94,3,29.73,Clear,0,0,0,0,0,,,
12/10/2023,10:00 PM,79,89,5,29.73,Clear,0,0,0,0,0,,,
12/10/2023,10:30 PM,77,94,2,29.73,Clear,0,0,0,0,0,,,
12/10/2023,11:00 PM,77,100,2,29.73,Clear,0,0,0,0,0,,,
12/10/2023,11:30 PM,77,94,5,29.73,Clear,0,0,0,0,0,,,
12/11/2023,12:00 AM,77,100,3,29.73,Clear,0,0,0,0,0,,,
12/11/2023,12:30 AM,77,94,3,29.73,Clear,0,0,0,0,0,,,
12/11/2023,1:00 AM,77,94,2,29.73,Clear,0,0,0,0,0,,,
12/11/2023,1:30 AM,77,94,0,29.7,Clear,0,0,0,0,0,,,
12/11/2023,2:00 AM,77,94,0,29.7,Clear,0,0,0,0,0,,,
12/11/2023,2:30 AM,77,94,1,29.7,Clear,0,0,0,0,0,,,
12/11/2023,3:00 AM,77,94,2,29.7,Clear,0,0,0,0,0,,,
12/11/2023,3:30 AM,75,100,0,29.7,Clear,0,0,0,0,0,,,
12/11/2023,4:00 AM,77,94,3,29.7,Clear,0,0,0,0,0,,,
12/11/2023,4:30 AM,77,94,0,29.7,Clear,0,0,0,0,0,,,
12/11/2023,5:00 AM,75,100,0,29.7,Clear,0,0,0,0,0,,,
12/11/2023,5:30 AM,75,100,1,29.7,Clear,0,0,0,0,0,,,
12/11/2023,6:00 AM,77,94,2,29.7,Clear,0,0,0,0,0,,,
12/11/2023,6:30 AM,75,100,0,29.7,Mist,0,0,0,0,0,,,
12/11/2023,7:00 AM,77,94,0,29.73,Mist,0,0,0,0,0,,,
12/11/2023,7:30 AM,79,94,1,29.73,Clear,0,0,0,0,0,,,
12/11/2023,8:00 AM,81,94,5,29.76,Clear,0,0,0,0,0,,,
12/11/2023,8:30 AM,82,94,3,29.76,Clear,0,0,0,0,0,,,
12/11/2023,9:00 AM,82,89,2,29.76,Clear,0,0,0,0,0,,,
12/11/2023,9:30 AM,84,89,5,29.76,Clear,0,0,0,0,0,,,
12/11/2023,10:00 AM,84,89,5,29.76,Clear,0,0,0,0,0,,,
12/11/2023,10:30 AM,84,89,7,29.76,Clear,0,0,0,0,0,,,
12/11/2023,11:00 AM,86,79,9,29.76,Clear,0,0,0,0,0,,,
12/11/2023,11:30 AM,88,79,8,29.76,Clear,0,0,0,0,0,,,
12/11/2023,12:00 PM,86,79,8,29.76,Clear,0,0,0,0,0,,,
12/11/2023,12:30 PM,86,79,14,29.73,Rain,0,0,0,0,0,,,
12/11/2023,1:00 PM,86,79,12,29.73,Rain,0,0,0,0,0,,,
12/11/2023,1:30 PM,88,79,9,29.7,Rain,0,0,0,0,0,,,
12/11/2023,2:00 PM,84,84,9,29.7,Rain,0,0,0,0,0,,,
12/11/2023,2:30 PM,88,75,10,29.67,Clear,0,0,0,0,0,,,
12/11/2023,3:00 PM,88,75,13,29.67,Clear,0,0,0,0,0,,,
12/11/2023,3:30 PM,88,70,14,29.67,Clear,0,0,0,0,0,,,
12/11/2023,4:00 PM,88,70,13,29.67,Clear,0,0,0,0,0,,,
12/11/2023,4:30 PM,88,70,13,29.67,Clear,0,0,0,0,0,,,
12/11/2023,5:00 PM,86,74,10,29.67,Clear,0,0,0,0,0,,,
12/11/2023,5:30 PM,84,79,10,29.67,Clear,0,0,0,0,0,,,
12/11/2023,6:00 PM,84,79,5,29.67,Clear,0,0,0,0,0,,,
12/11/2023,6:30 PM,82,84,5,29.7,Clear,0,0,0,0,0,,,
12/11/2023,7:00 PM,82,84,6,29.7,Clear,0,0,0,0,0,,,
12/11/2023,7:30 PM,81,89,6,29.73,Clear,0,0,0,0,0,,,
12/11/2023,8:00 PM,81,89,6,29.73,Clear,0,0,0,0,0,,,
12/11/2023,8:30 PM,81,89,5,29.73,Clear,0,0,0,0,0,,,
12/11/2023,9:00 PM,81,89,3,29.73,Clear,0,0,0,0,0,,,
12/11/2023,9:30 PM,79,94,5,29.76,Clear,0,0,0,0,0,,,
12/11/2023,10:00 PM,79,94,5,29.73,Clear,0,0,0,0,0,,,
12/11/2023,10:30 PM,79,94,1,29.73,Clear,0,0,0,0,0,,,
12/11/2023,11:00 PM,79,94,1,29.73,Clear,0,0,0,0,0,,,
12/11/2023,11:30 PM,79,94,2,29.73,Clear,0,0,0,0,0,,,
12/12/2023,12:00 AM,77,100,1,29.73,Clear,0,0,0,0,0,,,
12/12/2023,12:30 AM,77,100,6,29.73,Clear,0,0,0,0,0,,,
12/12/2023,1:00 AM,77,94,3,29.73,Clear,0,0,0,0,0,,,
12/12/2023,1:30 AM,77,100,5,29.73,Clear,0,0,0,0,0,,,
12/12/2023,2:00 AM,77,94,3,29.7,Clear,0,0,0,0,0,,,
12/12/2023,2:30 AM,77,100,2,29.7,Clear,0,0,0,0,0,,,
12/12/2023,3:00 AM,77,94,2,29.67,Clear,0,0,0,0,0,,,
12/12/2023,3:30 AM,77,94,0,29.67,Clear,0,0,0,0,0,,,
12/12/2023,4:00 AM,75,100,0,29.7,Clear,0,0,0,0,0,,,
12/12/2023,4:30 AM,75,100,1,29.7,Clear,0,0,0,0,0,,,
12/12/2023,5:00 AM,75,100,3,29.7,Clear,0,0,0,0,0,,,
12/12/2023,5:30 AM,75,94,1,29.7,Clear,0,0,0,0,0,,,
12/12/2023,6:00 AM,75,94,5,29.7,Clear,0,0,0,0,0,,,
12/12/2023,6:30 AM,75,94,2,29.7,Clear,0,0,0,0,0,,,
12/12/2023,7:00 AM,75,100,3,29.73,Clear,0,0,0,0,0,,,
12/12/2023,7:30 AM,77,100,2,29.73,Clear,0,0,0,0,0,,,
12/12/2023,8:00 AM,81,94,3,29.76,Clear,0,0,0,0,0,,,
12/12/2023,8:30 AM,84,84,5,29.76,Clear,0,0,0,0,0,,,
12/12/2023,9:00 AM,84,84,6,29.79,Clear,0,0,0,0,0,,,
12/12/2023,9:30 AM,86,84,6,29.79,Clear,0,0,0,0,0,,,
12/12/2023,10:00 AM,86,79,10,29.79,Clear,0,0,0,0,0,,,
12/12/2023,10:30 AM,86,74,15,29.79,Clear,0,0,0,0,0,,,
12/12/2023,11:00 AM,90,70,15,29.76,Clear,0,0,0,0,0,,,
12/12/2023,11:30 AM,90,66,15,29.76,Clear,0,0,0,0,0,,,
12/12/2023,12:00 PM,90,66,15,29.76,Clear,0,0,0,0,0,,,
12/12/2023,12:30 PM,90,66,14,29.73,Clear,0,0,0,0,0,,,
12/12/2023,1:00 PM,90,62,16,29.73,Clear,0,0,0,0,0,,,
12/12/2023,1:30 PM,90,62,16,29.7,Clear,0,0,0,0,0,,,
12/12/2023,2:00 PM,90,62,15,29.7,Clear,0,0,0,0,0,,,
12/12/2023,2:30 PM,90,62,16,29.67,Clear,0,0,0,0,0,,,
12/12/2023,3:00 PM,90,62,16,29.67,Clear,0,0,0,0,0,,,
12/12/2023,3:30 PM,88,62,14,29.67,Clear,0,0,0,0,0,,,
12/12/2023,4:00 PM,86,66,13,29.67,Clear,0,0,0,0,0,,,
12/12/2023,4:30 PM,86,66,10,29.67,Clear,0,0,0,0,0,,,
12/12/2023,5:00 PM,86,66,13,29.67,Clear,0,0,0,0,0,,,
12/12/2023,5:30 PM,84,70,12,29.67,Clear,0,0,0,0,0,,,
12/12/2023,6:00 PM,82,79,7,29.7,Clear,0,0,0,0,0,,,
12/12/2023,6:30 PM,82,79,6,29.7,Clear,0,0,0,0,0,,,
12/12/2023,7:00 PM,82,79,7,29.7,Clear,0,0,0,0,0,,,
12/12/2023,7:30 PM,82,79,9,29.73,Clear,0,0,0,0,0,,,
12/12/2023,8:00 PM,81,84,9,29.73,Clear,0,0,0,0,0,,,
12/12/2023,8:30 PM,81,84,7,29.73,Clear,0,0,0,0,0,,,
12/12/2023,9:00 PM,79,89,6,29.76,Clear,0,0,0,0,0,,,
12/12/2023,9:30 PM,79,89,5,29.76,Clear,0,0,0,0,0,,,
12/12/2023,10:00 PM,79,89,5,29.76,Clear,0,0,0,0,0,,,
12/12/2023,10:30 PM,79,89,3,29.76,Clear,0,0,0,0,0,,,
12/12/2023,11:00 PM,77,94,3,29.76,Clear,0,0,0,0,0,,,
12/12/2023,11:30 PM,77,94,3,29.76,Clear,0,0,0,0,0,,,
12/13/2023,12:00 AM,77,94,5,29.76,Clear,0,0,0,0,0,,,
12/13/2023,12:30 AM,77,94,3,29.76,Clear,0,0,0,0,0,,,
12/13/2023,1:00 AM,77,94,3,29.76,Clear,0,0,0,0,0,,,
12/13/2023,1:30 AM,77,94,3,29.73,Clear,0,0,0,0,0,,,
12/13/2023,2:00 AM,75,100,0,29.73,Clear,0,0,0,0,0,,,
12/13/2023,2:30 AM,75,100,0,29.73,Clear,0,0,0,0,0,,,
12/13/2023,3:00 AM,75,100,0,29.7,Clear,0,0,0,0,0,,,
12/13/2023,3:30 AM,75,100,0,29.7,Clear,0,0,0,0,0,,,
12/13/2023,4:00 AM,75,100,2,29.7,Clear,0,0,0,0,0,,,
12/13/2023,4:30 AM,75,100,2,29.7,Clear,0,0,0,0,0,,,
12/13/2023,5:00 AM,77,94,0,29.7,Clear,0,0,0,0,0,,,
12/13/2023,5:30 AM,75,100,2,29.7,Clear,0,0,0,0,0,,,
12/13/2023,6:00 AM,75,100,0,29.73,Clear,0,0,0,0,0,,,
12/13/2023,6:30 AM,75,100,3,29.73,Clear,0,0,0,0,0,,,
12/13/2023,7:00 AM,77,94,0,29.73,Clear,0,0,0,0,0,,,
12/13/2023,7:30 AM,79,94,3,29.73,Rain,0,0,0,0,0,,,
12/13/2023,8:00 AM,81,94,2,29.76,Clear,0,0,0,0,0,,,
12/13/2023,8:30 AM,82,89,5,29.76,Clear,0,0,0,0,0,,,
12/13/2023,9:00 AM,84,84,7,29.79,Clear,0,0,0,0,0,,,
12/13/2023,9:30 AM,84,84,9,29.79,Clear,0,0,0,0,0,,,
12/13/2023,10:00 AM,84,84,15,29.79,Rain,0,0,0,0,0,,,
12/13/2023,10:30 AM,82,84,12,29.79,Rain,0,0,0,0,0,,,
12/13/2023,11:00 AM,81,89,10,29.79,Rain,0,0,0,0,0,,,
12/13/2023,11:30 AM,81,89,5,29.79,Rain,0,0,0,0,0,,,
12/13/2023,12:00 PM,82,89,2,29.76,Clear,0,0,0,0,0,,,
12/13/2023,12:30 PM,82,89,3,29.76,Rain,0,0,0,0,0,,,
12/13/2023,1:00 PM,82,89,9,29.73,Rain,0,0,0,0,0,,,
12/13/2023,1:30 PM,82,89,6,29.73,Clear,0,0,0,0,0,,,
12/13/2023,2:00 PM,84,84,14,29.7,Clear,0,0,0,0,0,,,
12/13/2023,2:30 PM,82,84,10,29.7,Clear,0,0,0,0,0,,,
12/13/2023,3:00 PM,84,84,9,29.7,Clear,0,0,0,0,0,,,
12/13/2023,3:30 PM,84,79,9,29.7,Clear,0,0,0,0,0,,,
12/13/2023,4:00 PM,81,84,17,29.7,Rain,0,0,0,0,0,,,
12/13/2023,4:30 PM,77,94,6,29.7,Rain,0,0,0,0,0,,,
12/13/2023,5:00 PM,79,94,2,29.7,Clear,0,0,0,0,0,,,
12/13/2023,5:30 PM,79,94,1,29.7,Clear,0,0,0,0,0,,,
12/13/2023,6:00 PM,79,94,9,29.73,Rain,0,0,0,0,0,,,
12/13/2023,6:30 PM,79,94,0,29.73,Clear,0,0,0,0,0,,,
12/13/2023,7:00 PM,77,100,0,29.73,Clear,0,0,0,0,0,,,
12/13/2023,7:30 PM,77,94,5,29.76,Clear,0,0,0,0,0,,,
12/13/2023,8:00 PM,77,94,3,29.76,Clear,0,0,0,0,0,,,
12/13/2023,8:30 PM,77,94,3,29.76,Clear,0,0,0,0,0,,,
12/13/2023,9:00 PM,77,100,3,29.79,Clear,0,0,0,0,0,,,
12/13/2023,9:30 PM,77,100,0,29.79,Clear,0,0,0,0,0,,,
12/13/2023,10:00 PM,77,100,2,29.79,Rain,0,0,0,0,0,,,
12/13/2023,10:30 PM,77,100,1,29.79,Rain,0,0,0,0,0,,,
12/13/2023,11:00 PM,77,100,7,29.81,Rain,0,0,0,0,0,,,
12/13/2023,11:30 PM,77,94,5,29.79,Rain,0,0,0,0,0,,,
12/14/2023,12:00 AM,75,100,5,29.79,Rain,0,0,0,0,0,,,
12/14/2023,12:30 AM,75,100,6,29.79,Rain,0,0,0,0,0,,,
12/14/2023,1:00 AM,75,100,8,29.79,Rain,0,0,0,0,0,,,
12/14/2023,1:30 AM,75,100,7,29.79,Clear,0,0,0,0,0,,,
12/14/2023,2:00 AM,75,100,3,29.76,Clear,0,0,0,0,0,,,
12/14/2023,2:30 AM,75,100,3,29.76,Clear,0,0,0,0,0,,,
12/14/2023,3:00 AM,75,100,0,29.73,Clear,0,0,0,0,0,,,
12/14/2023,3:30 AM,75,100,0,29.73,Clear,0,0,0,0,0,,,
12/14/2023,4:00 AM,75,100,5,29.73,Clear,0,0,0,0,0,,,
12/14/2023,4:30 AM,75,100,3,29.73,Clear,0,0,0,0,0,,,
12/14/2023,5:00 AM,75,100,5,29.73,Clear,0,0,0,0,0,,,
12/14/2023,5:30 AM,75,100,3,29.73,Rain,0,0,0,0,0,,,
12/14/2023,6:00 AM,77,94,0,29.73,Clear,0,0,0,0,0,,,
12/14/2023,6:30 AM,77,94,3,29.73,Clear,0,0,0,0,0,,,
12/14/2023,7:00 AM,77,94,3,29.76,Clear,0,0,0,0,0,,,
12/14/2023,7:30 AM,77,100,3,29.76,Clear,0,0,0,0,0,,,
12/14/2023,8:00 AM,79,94,5,29.79,Clear,0,0,0,0,0,,,
12/14/2023,8:30 AM,79,100,8,29.81,Clear,0,0,0,0,0,,,
12/14/2023,9:00 AM,79,100,7,29.81,Rain,0,0,0,0,0,,,
12/14/2023,9:30 AM,79,100,6,29.81,Rain,0,0,0,0,0,,,
12/14/2023,10:00 AM,81,94,1,29.81,Rain,0,0,0,0,0,,,
12/14/2023,10:30 AM,82,94,1,29.81,Clear,0,0,0,0,0,,,
12/14/2023,11:00 AM,84,89,9,29.81,Clear,0,0,0,0,0,,,
12/14/2023,11:30 AM,84,89,10,29.79,Rain,0,0,0,0,0,,,
12/14/2023,12:00 PM,81,89,8,29.79,Rain,0,0,0,0,0,,,
12/14/2023,12:30 PM,82,89,3,29.79,Rain,0,0,0,0,0,,,
12/14/2023,1:00 PM,82,94,5,29.76,Rain,0,0,0,0,0,,,
12/14/2023,1:30 PM,82,89,6,29.76,Clear,0,0,0,0,0,,,
12/14/2023,2:00 PM,84,84,7,29.73,Clear,0,0,0,0,0,,,
12/14/2023,2:30 PM,84,84,7,29.73,Clear,0,0,0,0,0,,,
12/14/2023,3:00 PM,84,84,8,29.7,Clear,0,0,0,0,0,,,
12/14/2023,3:30 PM,84,84,12,29.7,Rain,0,0,0,0,0,,,
12/14/2023,4:00 PM,84,84,7,29.7,Clear,0,0,0,0,0,,,
12/14/2023,4:30 PM,82,89,5,29.7,Rain,0,0,0,0,0,,,
12/14/2023,5:00 PM,82,89,9,29.7,Rain,0,0,0,0,0,,,
12/14/2023,5:30 PM,79,94,6,29.73,Rain,0,0,0,0,0,,,
12/14/2023,6:00 PM,79,94,6,29.73,Clear,0,0,0,0,0,,,
12/14/2023,6:30 PM,79,94,5,29.73,Clear,0,0,0,0,0,,,
12/14/2023,7:00 PM,79,94,5,29.73,Clear,0,0,0,0,0,,,
12/14/2023,7:30 PM,79,94,7,29.76,Clear,0,0,0,0,0,,,
12/14/2023,8:00 PM,79,94,6,29.79,Clear,0,0,0,0,0,,,
12/14/2023,8:30 PM,79,100,5,29.79,Rain,0,0,0,0,0,,,
12/14/2023,9:00 PM,79,100,3,29.79,Clear,0,0,0,0,0,,,
12/14/2023,9:30 PM,79,94,2,29.79,Clear,0,0,0,0,0,,,
12/14/2023,10:00 PM,79,94,3,29.79,Clear,0,0,0,0,0,,,
12/14/2023,10:30 PM,79,94,3,29.79,Clear,0,0,0,0,0,,,
12/14/2023,11:00 PM,79,94,2,29.79,Clear,0,0,0,0,0,,,
12/14/2023,11:30 PM,79,94,3,29.79,Clear,0,0,0,0,0,,,
12/15/2023,12:00 AM,79,94,3,29.79,Clear,0,0,0,0,0,,,
12/15/2023,12:30 AM,77,100,5,29.76,Clear,0,0,0,0,0,,,
12/15/2023,1:00 AM,79,94,5,29.76,Clear,0,0,0,0,0,,,
12/15/2023,1:30 AM,79,94,5,29.76,Clear,0,0,0,0,0,,,
12/15/2023,2:00 AM,79,94,1,29.73,Rain,0,0,0,0,0,,,
12/15/2023,2:30 AM,79,94,3,29.73,Clear,0,0,0,0,0,,,
12/15/2023,3:00 AM,79,94,3,29.73,Clear,0,0,0,0,0,,,
12/15/2023,3:30 AM,77,100,5,29.73,Clear,0,0,0,0,0,,,
12/15/2023,4:00 AM,77,100,2,29.7,Rain,0,0,0,0,0,,,
12/15/2023,4:30 AM,77,100,2,29.7,Rain,0,0,0,0,0,,,
12/15/2023,5:00 AM,77,100,3,29.7,Rain,0,0,0,0,0,,,
12/15/2023,5:30 AM,77,100,3,29.73,Rain,0,0,0,0,0,,,
12/15/2023,6:00 AM,77,100,12,29.73,Rain,0,0,0,0,0,,,
12/15/2023,6:30 AM,77,100,6,29.73,Clear,0,0,0,0,0,,,
12/15/2023,7:00 AM,77,100,3,29.76,Rain,0,0,0,0,0,,,
12/15/2023,7:30 AM,77,100,6,29.76,Rain,0,0,0,0,0,,,
12/15/2023,8:00 AM,77,100,2,29.79,Rain,0,0,0,0,0,,,
12/15/2023,8:30 AM,77,100,3,29.79,Clear,0,0,0,0,0,,,
12/15/2023,9:00 AM,79,94,1,29.79,Clear,0,0,0,0,0,,,
12/15/2023,9:30 AM,79,100,3,29.79,Rain,0,0,0,0,0,,,
12/15/2023,10:00 AM,79,100,3,29.79,Rain,0,0,0,0,0,,,
12/15/2023,10:30 AM,79,100,5,29.79,Rain,0,0,0,0,0,,,
12/15/2023,11:00 AM,79,94,6,29.79,Rain,0,0,0,0,0,,,
12/15/2023,11:30 AM,77,100,3,29.79,Rain,0,0,0,0,0,,,
12/15/2023,12:00 PM,77,94,10,29.79,Rain,0,0,0,0,0,,,
12/15/2023,12:30 PM,77,100,5,29.76,Rain,0,0,0,0,0,,,
12/15/2023,1:00 PM,79,100,5,29.76,Clear,0,0,0,0,0,,,
12/15/2023,1:30 PM,79,100,5,29.76,Rain,0,0,0,0,0,,,
12/15/2023,2:00 PM,79,100,6,29.73,Rain,0,0,0,0,0,,,
12/15/2023,2:30 PM,79,100,5,29.73,Rain,0,0,0,0,0,,,
12/15/2023,3:00 PM,79,100,3,29.7,Rain,0,0,0,0,0,,,
12/15/2023,3:30 PM,79,100,5,29.7,Rain,0,0,0,0,0,,,
12/15/2023,4:00 PM,79,100,2,29.7,Clear,0,0,0,0,0,,,
12/15/2023,4:30 PM,79,100,2,29.7,Clear,0,0,0,0,0,,,
12/15/2023,5:00 PM,79,100,2,29.7,Clear,0,0,0,0,0,,,
12/15/2023,5:30 PM,79,100,1,29.7,Clear,0,0,0,0,0,,,
12/15/2023,6:00 PM,79,100,0,29.73,Clear,0,0,0,0,0,,,
12/15/2023,6:30 PM,79,100,3,29.73,Clear,0,0,0,0,0,,,
12/15/2023,7:00 PM,79,100,3,29.73,Clear,0,0,0,0,0,,,
12/15/2023,7:30 PM,79,100,3,29.73,Rain,0,0,0,0,0,,,
12/15/2023,8:00 PM,79,100,3,29.76,Clear,0,0,0,0,0,,,
12/15/2023,8:30 PM,79,100,3,29.76,Clear,0,0,0,0,0,,,
12/15/2023,9:00 PM,79,94,3,29.76,Clear,0,0,0,0,0,,,
12/15/2023,9:30 PM,79,94,2,29.79,Clear,0,0,0,0,0,,,
12/15/2023,10:00 PM,77,100,5,29.79,Clear,0,0,0,0,0,,,
12/15/2023,10:30 PM,77,100,0,29.79,Clear,0,0,0,0,0,,,
12/15/2023,11:00 PM,77,100,5,29.79,Clear,0,0,0,0,0,,,
12/15/2023,11:30 PM,77,100,3,29.76,Clear,0,0,0,0,0,,,
12/16/2023,12:00 AM,77,100,3,29.76,Clear,0,0,0,0,0,,,
12/16/2023,12:30 AM,77,100,0,29.76,Clear,0,0,0,0,0,,,
12/16/2023,1:00 AM,77,100,2,29.76,Clear,0,0,0,0,0,,,
12/16/2023,1:30 AM,77,100,1,29.76,Clear,0,0,0,0,0,,,
12/16/2023,2:00 AM,77,100,0,29.73,Clear,0,0,0,0,0,,,
12/16/2023,2:30 AM,77,100,3,29.73,Clear,0,0,0,0,0,,,
12/16/2023,3:00 AM,77,100,3,29.73,Clear,0,0,0,0,0,,,
12/16/2023,3:30 AM,77,100,2,29.73,Clear,0,0,0,0,0,,,
12/16/2023,4:00 AM,77,100,0,29.7,Clear,0,0,0,0,0,,,
12/16/2023,4:30 AM,77,100,3,29.7,Clear,0,0,0,0,0,,,
12/16/2023,5:00 AM,77,100,5,29.7,Clear,0,0,0,0,0,,,
12/16/2023,5:30 AM,77,100,3,29.73,Clear,0,0,0,0,0,,,
12/16/2023,6:00 AM,77,94,0,29.73,Clear,0,0,0,0,0,,,
12/16/2023,6:30 AM,77,94,5,29.73,Clear,0,0,0,0,0,,,
12/16/2023,7:00 AM,77,100,1,29.76,Clear,0,0,0,0,0,,,
12/16/2023,7:30 AM,79,94,5,29.76,Clear,0,0,0,0,0,,,
12/16/2023,8:00 AM,81,94,3,29.79,Clear,0,0,0,0,0,,,
12/16/2023,8:30 AM,82,89,2,29.79,Clear,0,0,0,0,0,,,
12/16/2023,9:00 AM,82,89,3,29.79,Clear,0,0,0,0,0,,,
12/16/2023,9:30 AM,86,84,8,29.79,Clear,0,0,0,0,0,,,
12/16/2023,10:00 AM,84,89,9,29.79,Clear,0,0,0,0,0,,,
12/16/2023,10:30 AM,86,84,13,29.79,Clear,0,0,0,0,0,,,
12/16/2023,11:00 AM,88,79,13,29.79,Clear,0,0,0,0,0,,,
12/16/2023,11:30 AM,88,75,14,29.79,Clear,0,0,0,0,0,,,
12/16/2023,12:00 PM,90,70,14,29.76,Clear,0,0,0,0,0,,,
12/16/2023,12:30 PM,90,66,16,29.76,Clear,0,0,0,0,0,,,
12/16/2023,1:00 PM,90,66,17,29.73,Clear,0,0,0,0,0,,,
12/16/2023,1:30 PM,90,66,15,29.73,Clear,0,0,0,0,0,,,
12/16/2023,2:00 PM,90,66,13,29.7,Clear,0,0,0,0,0,,,
12/16/2023,2:30 PM,90,62,17,29.7,Clear,0,0,0,0,0,,,
12/16/2023,3:00 PM,90,62,15,29.7,Clear,0,0,0,0,0,,,
12/16/2023,3:30 PM,90,62,14,29.67,Clear,0,0,0,0,0,,,
12/16/2023,4:00 PM,88,66,17,29.67,Clear,0,0,0,0,0,,,
12/16/2023,4:30 PM,88,66,16,29.7,Clear,0,0,0,0,0,,,
12/16/2023,5:00 PM,86,70,15,29.7,Clear,0,0,0,0,0,,,
12/16/2023,5:30 PM,84,74,14,29.7,Clear,0,0,0,0,0,,,
12/16/2023,6:00 PM,84,74,14,29.73,Clear,0,0,0,0,0,,,
12/16/2023,6:30 PM,82,79,8,29.73,Clear,0,0,0,0,0,,,
12/16/2023,7:00 PM,82,79,7,29.73,Clear,0,0,0,0,0,,,
12/16/2023,7:30 PM,81,84,6,29.73,Clear,0,0,0,0,0,,,
12/16/2023,8:00 PM,81,84,6,29.76,Clear,0,0,0,0,0,,,
12/16/2023,8:30 PM,81,84,6,29.76,Clear,0,0,0,0,0,,,
12/16/2023,9:00 PM,79,89,5,29.76,Clear,0,0,0,0,0,,,
12/16/2023,9:30 PM,79,89,6,29.79,Clear,0,0,0,0,0,,,
12/16/2023,10:00 PM,77,94,0,29.79,Clear,0,0,0,0,0,,,
12/16/2023,10:30 PM,77,94,3,29.79,Clear,0,0,0,0,0,,,
12/16/2023,11:00 PM,77,94,3,29.79,Clear,0,0,0,0,0,,,
12/16/2023,11:30 PM,77,94,2,29.79,Clear,0,0,0,0,0,,,
12/17/2023,12:00 AM,77,94,5,29.79,Clear,0,0,0,0,0,,,
12/17/2023,12:30 AM,75,100,2,29.79,Clear,0,0,0,0,0,,,
12/17/2023,1:00 AM,75,94,2,29.76,Clear,0,0,0,0,0,,,
12/17/2023,1:30 AM,75,94,5,29.76,Clear,0,0,0,0,0,,,
12/17/2023,2:00 AM,75,94,5,29.76,Clear,0,0,0,0,0,,,
12/17/2023,2:30 AM,75,94,1,29.73,Clear,0,0,0,0,0,,,
12/17/2023,3:00 AM,75,94,3,29.73,Clear,0,0,0,0,0,,,
12/17/2023,3:30 AM,75,94,3,29.73,Clear,0,0,0,0,0,,,
12/17/2023,4:00 AM,75,94,2,29.73,Clear,0,0,0,0,0,,,
12/17/2023,4:30 AM,73,100,3,29.73,Clear,0,0,0,0,0,,,
12/17/2023,5:00 AM,73,100,2,29.73,Clear,0,0,0,0,0,,,
12/17/2023,5:30 AM,73,100,1,29.76,Clear,0,0,0,0,0,,,
12/17/2023,6:00 AM,73,100,3,29.73,Clear,0,0,0,0,0,,,
12/17/2023,6:30 AM,73,100,2,29.76,Clear,0,0,0,0,0,,,
12/17/2023,7:00 AM,75,94,3,29.76,Clear,0,0,0,0,0,,,
12/17/2023,7:30 AM,79,94,6,29.76,Clear,0,0,0,0,0,,,
12/17/2023,8:00 AM,81,94,3,29.79,Clear,0,0,0,0,0,,,
12/17/2023,8:30 AM,82,89,7,29.79,Clear,0,0,0,0,0,,,
12/17/2023,9:00 AM,84,89,10,29.79,Clear,0,0,0,0,0,,,
12/17/2023,9:30 AM,84,84,13,29.79,Clear,0,0,0,0,0,,,
12/17/2023,10:00 AM,86,79,14,29.79,Clear,0,0,0,0,0,,,
12/17/2023,10:30 AM,86,79,16,29.79,Clear,0,0,0,0,0,,,
12/17/2023,11:00 AM,90,75,18,29.76,Clear,0,0,0,0,0,,,
12/17/2023,11:30 AM,90,70,16,29.76,Clear,0,0,0,0,0,,,
12/17/2023,12:00 PM,90,70,16,29.76,Clear,0,0,0,0,0,,,
12/17/2023,12:30 PM,90,66,20,29.73,Clear,0,0,0,0,0,,,
12/17/2023,1:00 PM,90,66,16,29.73,Clear,0,0,0,0,0,,,
12/17/2023,1:30 PM,90,66,16,29.7,Clear,0,0,0,0,0,,,
12/17/2023,2:00 PM,90,62,18,29.7,Clear,0,0,0,0,0,,,
12/17/2023,2:30 PM,90,66,17,29.7,Clear,0,0,0,0,0,,,
12/17/2023,3:00 PM,90,62,20,29.7,Clear,0,0,0,0,0,,,
12/17/2023,3:30 PM,90,62,18,29.7,Clear,0,0,0,0,0,,,
12/17/2023,4:00 PM,88,66,14,29.7,Clear,0,0,0,0,0,,,
12/17/2023,4:30 PM,88,70,15,29.7,Clear,0,0,0,0,0,,,
12/17/2023,5:00 PM,86,70,14,29.7,Clear,0,0,0,0,0,,,
12/17/2023,5:30 PM,86,74,14,29.7,Clear,0,0,0,0,0,,,
12/17/2023,6:00 PM,84,74,14,29.7,Clear,0,0,0,0,0,,,
12/17/2023,6:30 PM,82,79,10,29.73,Clear,0,0,0,0,0,,,
12/17/2023,7:00 PM,82,79,9,29.73,Clear,0,0,0,0,0,,,
12/17/2023,7:30 PM,82,79,9,29.73,Clear,0,0,0,0,0,,,
12/17/2023,8:00 PM,81,84,8,29.76,Clear,0,0,0,0,0,,,
12/17/2023,8:30 PM,81,84,6,29.76,Clear,0,0,0,0,0,,,
12/17/2023,9:00 PM,81,84,6,29.79,Clear,0,0,0,0,0,,,
12/17/2023,9:30 PM,81,84,7,29.79,Clear,0,0,0,0,0,,,
12/17/2023,10:00 PM,81,84,2,29.79,Clear,0,0,0,0,0,,,
12/17/2023,10:30 PM,81,84,3,29.79,Clear,0,0,0,0,0,,,
12/17/2023,11:00 PM,79,89,3,29.79,Clear,0,0,0,0,0,,,
12/17/2023,11:30 PM,77,94,3,29.79,Clear,0,0,0,0,0,,,
12/18/2023,12:00 AM,77,94,0,29.79,Clear,0,0,0,0,0,,,
12/18/2023,12:30 AM,77,94,0,29.76,Clear,0,0,0,0,0,,,
12/18/2023,1:00 AM,77,94,0,29.76,Clear,0,0,0,0,0,,,
12/18/2023,1:30 AM,75,100,1,29.76,Clear,0,0,0,0,0,,,
12/18/2023,2:00 AM,77,94,3,29.73,Clear,0,0,0,0,0,,,
12/18/2023,2:30 AM,77,94,0,29.73,Clear,0,0,0,0,0,,,
12/18/2023,3:00 AM,75,100,5,29.73,Clear,0,0,0,0,0,,,
12/18/2023,3:30 AM,75,100,1,29.73,Clear,0,0,0,0,0,,,
12/18/2023,4:00 AM,75,100,0,29.73,Clear,0,0,0,0,0,,,
12/18/2023,4:30 AM,75,100,0,29.73,Clear,0,0,0,0,0,,,
12/18/2023,5:00 AM,75,100,0,29.73,Clear,0,0,0,0,0,,,
12/18/2023,5:30 AM,75,100,2,29.73,Clear,0,0,0,0,0,,,
12/18/2023,6:00 AM,75,100,1,29.76,Rain,0,0,0,0,0,,,
12/18/2023,6:30 AM,75,100,0,29.76,Rain,0,0,0,0,0,,,
12/18/2023,7:00 AM,75,100,0,29.79,Clear,0,0,0,0,0,,,
12/18/2023,7:30 AM,79,94,2,29.79,Clear,0,0,0,0,0,,,
12/18/2023,8:00 AM,82,89,2,29.79,Clear,0,0,0,0,0,,,
12/18/2023,8:30 AM,82,89,7,29.81,Clear,0,0,0,0,0,,,
12/18/2023,9:00 AM,84,84,14,29.81,Clear,0,0,0,0,0,,,
12/18/2023,9:30 AM,86,84,10,29.81,Clear,0,0,0,0,0,,,
12/18/2023,10:30 AM,88,75,14,29.81,Clear,0,0,0,0,0,,,
12/18/2023,11:00 AM,88,75,16,29.81,Clear,0,0,0,0,0,,,
12/18/2023,11:30 AM,88,75,16,29.79,Clear,0,0,0,0,0,,,
12/18/2023,12:00 PM,90,66,20,29.79,Clear,0,0,0,0,0,,,
12/18/2023,12:30 PM,91,63,16,29.79,Clear,0,0,0,0,0,,,
12/18/2023,1:00 PM,90,62,20,29.76,Clear,0,0,0,0,0,,,
12/18/2023,1:30 PM,90,62,17,29.76,Clear,0,0,0,0,0,,,
12/18/2023,2:00 PM,90,62,17,29.73,Clear,0,0,0,0,0,,,
12/18/2023,2:30 PM,90,62,18,29.73,Clear,0,0,0,0,0,,,
12/18/2023,3:00 PM,90,62,16,29.7,Clear,0,0,0,0,0,,,
12/18/2023,3:30 PM,88,66,15,29.7,Clear,0,0,0,0,0,,,
12/18/2023,4:00 PM,90,62,15,29.7,Clear,0,0,0,0,0,,,
12/18/2023,4:30 PM,86,70,15,29.7,Clear,0,0,0,0,0,,,
12/18/2023,5:00 PM,86,70,15,29.73,Clear,0,0,0,0,0,,,
12/18/2023,5:30 PM,86,70,13,29.73,Clear,0,0,0,0,0,,,
12/18/2023,6:00 PM,84,74,12,29.73,Clear,0,0,0,0,0,,,
12/18/2023,6:30 PM,82,79,9,29.73,Clear,0,0,0,0,0,,,
12/18/2023,7:00 PM,82,79,10,29.76,Clear,0,0,0,0,0,,,
12/18/2023,7:30 PM,82,79,7,29.76,Clear,0,0,0,0,0,,,
12/18/2023,8:00 PM,82,79,7,29.79,Clear,0,0,0,0,0,,,
12/18/2023,8:30 PM,81,84,5,29.79,Clear,0,0,0,0,0,,,
12/18/2023,9:00 PM,81,84,5,29.79,Clear,0,0,0,0,0,,,
12/18/2023,9:30 PM,81,84,2,29.81,Clear,0,0,0,0,0,,,
12/18/2023,10:00 PM,79,89,1,29.81,Clear,0,0,0,0,0,,,
12/18/2023,10:30 PM,77,94,3,29.81,Clear,0,0,0,0,0,,,
12/18/2023,11:00 PM,79,89,0,29.81,Clear,0,0,0,0,0,,,
12/18/2023,11:30 PM,77,89,0,29.79,Clear,0,0,0,0,0,,,
12/19/2023,12:00 AM,75,100,3,29.79,Clear,0,0,0,0,0,,,
12/19/2023,12:30 AM,75,94,3,29.79,Clear,0,0,0,0,0,,,
12/19/2023,1:00 AM,75,94,5,29.79,Clear,0,0,0,0,0,,,
12/19/2023,1:30 AM,75,94,5,29.79,Clear,0,0,0,0,0,,,
12/19/2023,2:00 AM,75,94,0,29.76,Clear,0,0,0,0,0,,,
12/19/2023,2:30 AM,75,100,3,29.76,Clear,0,0,0,0,0,,,
12/19/2023,3:00 AM,75,100,3,29.73,Clear,0,0,0,0,0,,,
12/19/2023,3:30 AM,77,94,2,29.73,Clear,0,0,0,0,0,,,
12/19/2023,4:00 AM,75,100,3,29.73,Clear,0,0,0,0,0,,,
12/19/2023,4:30 AM,77,94,12,29.76,Rain,0,0,0,0,0,,,
12/19/2023,5:00 AM,75,100,0,29.76,Clear,0,0,0,0,0,,,
12/19/2023,5:30 AM,75,100,0,29.76,Clear,0,0,0,0,0,,,
12/19/2023,6:00 AM,75,100,0,29.76,Clear,0,0,0,0,0,,,
12/19/2023,6:30 AM,75,100,1,29.76,Clear,0,0,0,0,0,,,
12/19/2023,7:00 AM,75,100,3,29.79,Clear,0,0,0,0,0,,,
12/19/2023,7:30 AM,77,100,5,29.79,Clear,0,0,0,0,0,,,
12/19/2023,8:00 AM,79,94,5,29.81,Clear,0,0,0,0,0,,,
12/19/2023,8:30 AM,82,89,3,29.81,Clear,0,0,0,0,0,,,
12/19/2023,9:00 AM,82,89,6,29.81,Clear,0,0,0,0,0,,,
12/19/2023,9:30 AM,84,89,8,29.81,Clear,0,0,0,0,0,,,
12/19/2023,10:00 AM,86,84,9,29.81,Clear,0,0,0,0,0,,,
12/19/2023,10:30 AM,86,84,15,29.81,Clear,0,0,0,0,0,,,
12/19/2023,11:00 AM,88,79,16,29.79,Rain,0,0,0,0,0,,,
12/19/2023,11:30 AM,90,70,22,29.79,Clear,0,0,0,0,0,,,
12/19/2023,12:00 PM,90,70,18,29.79,Clear,0,0,0,0,0,,,
12/19/2023,12:30 PM,90,70,18,29.76,Clear,0,0,0,0,0,,,
12/19/2023,1:00 PM,90,66,17,29.76,Clear,0,0,0,0,0,,,
12/19/2023,1:30 PM,91,63,18,29.73,Clear,0,0,0,0,0,,,
12/19/2023,2:00 PM,90,66,18,29.73,Clear,0,0,0,0,0,,,
12/19/2023,2:30 PM,90,66,17,29.73,Clear,0,0,0,0,0,,,
12/19/2023,3:00 PM,86,74,12,29.7,Clear,0,0,0,0,0,,,
12/19/2023,3:30 PM,84,79,10,29.7,Clear,0,0,0,0,0,,,
12/19/2023,4:00 PM,84,79,14,29.7,Clear,0,0,0,0,0,,,
12/19/2023,4:30 PM,81,84,15,29.73,Clear,0,0,0,0,0,,,
12/19/2023,5:00 PM,82,84,9,29.73,Clear,0,0,0,0,0,,,
12/19/2023,5:30 PM,81,84,8,29.73,Clear,0,0,0,0,0,,,
12/19/2023,6:00 PM,79,89,6,29.73,Clear,0,0,0,0,0,,,
12/19/2023,6:30 PM,79,89,6,29.76,Clear,0,0,0,0,0,,,
12/19/2023,7:00 PM,79,89,5,29.76,Clear,0,0,0,0,0,,,
12/19/2023,7:30 PM,79,89,5,29.76,Clear,0,0,0,0,0,,,
12/19/2023,8:00 PM,79,89,3,29.79,Clear,0,0,0,0,0,,,
12/19/2023,8:30 PM,79,94,7,29.79,Rain,0,0,0,0,0,,,
12/19/2023,9:00 PM,77,94,6,29.81,Rain,0,0,0,0,0,,,
12/19/2023,9:30 PM,79,94,5,29.81,Clear,0,0,0,0,0,,,
12/19/2023,10:00 PM,77,94,3,29.81,Clear,0,0,0,0,0,,,
12/19/2023,10:30 PM,77,94,5,29.81,Clear,0,0,0,0,0,,,
12/19/2023,11:00 PM,77,94,3,29.81,Clear,0,0,0,0,0,,,
12/19/2023,11:30 PM,77,94,2,29.81,Clear,0,0,0,0,0,,,
12/20/2023,12:00 AM,77,94,2,29.81,Rain,0,0,0,0,0,,,
12/20/2023,12:30 AM,77,94,2,29.79,Rain,0,0,0,0,0,,,
12/20/2023,1:00 AM,77,94,2,29.79,Rain,0,0,0,0,0,,,
12/20/2023,1:30 AM,77,100,5,29.79,Rain,0,0,0,0,0,,,
12/20/2023,2:00 AM,77,100,1,29.76,Clear,0,0,0,0,0,,,
12/20/2023,2:30 AM,77,100,2,29.76,Clear,0,0,0,0,0,,,
12/20/2023,3:00 AM,77,94,3,29.73,Clear,0,0,0,0,0,,,
12/20/2023,3:30 AM,77,94,5,29.73,Clear,0,0,0,0,0,,,
12/20/2023,4:00 AM,75,100,2,29.73,Clear,0,0,0,0,0,,,
12/20/2023,4:30 AM,75,100,2,29.73,Clear,0,0,0,0,0,,,
12/20/2023,5:00 AM,75,100,0,29.73,Clear,0,0,0,0,0,,,
12/20/2023,5:30 AM,75,100,2,29.73,Clear,0,0,0,0,0,,,
12/20/2023,6:00 AM,75,100,1,29.76,Clear,0,0,0,0,0,,,
12/20/2023,6:30 AM,75,100,2,29.76,Clear,0,0,0,0,0,,,
12/20/2023,7:00 AM,75,100,3,29.76,Clear,0,0,0,0,0,,,
12/20/2023,7:30 AM,75,100,2,29.79,Clear,0,0,0,0,0,,,
12/20/2023,8:00 AM,77,100,2,29.79,Clear,0,0,0,0,0,,,
12/20/2023,8:30 AM,79,100,0,29.81,Clear,0,0,0,0,0,,,
12/20/2023,9:00 AM,82,94,1,29.81,Clear,0,0,0,0,0,,,
12/20/2023,9:30 AM,81,94,3,29.81,Rain,0,0,0,0,0,,,
12/20/2023,10:00 AM,79,94,2,29.81,Rain,0,0,0,0,0,,,
12/20/2023,10:30 AM,81,100,6,29.81,Rain,0,0,0,0,0,,,
12/20/2023,11:00 AM,82,89,7,29.79,Clear,0,0,0,0,0,,,
12/20/2023,11:30 AM,84,89,7,29.79,Clear,0,0,0,0,0,,,
12/20/2023,12:00 PM,84,89,8,29.79,Clear,0,0,0,0,0,,,
12/20/2023,12:30 PM,84,89,8,29.76,Clear,0,0,0,0,0,,,
12/20/2023,1:00 PM,86,84,8,29.73,Clear,0,0,0,0,0,,,
12/20/2023,1:30 PM,86,79,9,29.73,Clear,0,0,0,0,0,,,
12/20/2023,2:00 PM,86,79,13,29.7,Clear,0,0,0,0,0,,,
12/20/2023,2:30 PM,86,79,12,29.7,Clear,0,0,0,0,0,,,
12/20/2023,3:00 PM,88,79,13,29.7,Clear,0,0,0,0,0,,,
12/20/2023,3:30 PM,84,79,18,29.7,Clear,0,0,0,0,0,,,
12/20/2023,4:00 PM,81,89,12,29.7,Clear,0,0,0,0,0,,,
12/20/2023,4:30 PM,82,84,9,29.7,Rain,0,0,0,0,0,,,
12/20/2023,5:00 PM,81,89,8,29.7,Clear,0,0,0,0,0,,,
12/20/2023,5:30 PM,81,89,5,29.7,Clear,0,0,0,0,0,,,
12/20/2023,6:00 PM,81,84,6,29.73,Clear,0,0,0,0,0,,,
12/20/2023,6:30 PM,79,89,5,29.73,Clear,0,0,0,0,0,,,
12/20/2023,7:00 PM,79,89,5,29.73,Clear,0,0,0,0,0,,,
12/20/2023,7:30 PM,79,89,5,29.76,Clear,0,0,0,0,0,,,
12/20/2023,8:00 PM,77,94,5,29.76,Clear,0,0,0,0,0,,,
12/20/2023,8:30 PM,77,94,3,29.76,Clear,0,0,0,0,0,,,
12/20/2023,9:00 PM,77,94,3,29.79,Clear,0,0,0,0,0,,,
12/20/2023,9:30 PM,77,94,3,29.79,Clear,0,0,0,0,0,,,
12/20/2023,10:00 PM,77,94,3,29.79,Clear,0,0,0,0,0,,,
12/20/2023,10:30 PM,77,94,1,29.79,Clear,0,0,0,0,0,,,
12/20/2023,11:00 PM,77,94,2,29.79,Clear,0,0,0,0,0,,,
12/20/2023,11:30 PM,77,94,5,29.79,Clear,0,0,0,0,0,,,
12/21/2023,12:00 AM,77,94,3,29.79,Clear,0,0,0,0,0,,,
12/21/2023,12:30 AM,75,100,5,29.76,Clear,0,0,0,0,0,,,
12/21/2023,1:00 AM,75,100,2,29.76,Clear,0,0,0,0,0,,,
12/21/2023,1:30 AM,75,100,1,29.76,Clear,0,0,0,0,0,,,
12/21/2023,2:00 AM,75,100,0,29.73,Clear,0,0,0,0,0,,,
12/21/2023,2:30 AM,77,94,2,29.73,Clear,0,0,0,0,0,,,
12/21/2023,3:00 AM,77,94,2,29.73,Clear,0,0,0,0,0,,,
12/21/2023,3:30 AM,77,94,1,29.73,Rain,0,0,0,0,0,,,
12/21/2023,4:00 AM,77,94,2,29.73,Clear,0,0,0,0,0,,,
12/21/2023,4:30 AM,77,94,6,29.73,Rain,0,0,0,0,0,,,
12/21/2023,5:00 AM,77,94,3,29.73,Clear,0,0,0,0,0,,,
12/21/2023,5:30 AM,77,94,3,29.73,Clear,0,0,0,0,0,,,
12/21/2023,6:00 AM,77,94,3,29.73,Clear,0,0,0,0,0,,,
12/21/2023,6:30 AM,75,100,2,29.76,Clear,0,0,0,0,0,,,
12/21/2023,7:00 AM,75,100,0,29.76,Clear,0,0,0,0,0,,,
12/21/2023,7:30 AM,77,100,2,29.76,Clear,0,0,0,0,0,,,
12/21/2023,8:00 AM,79,94,2,29.79,Rain,0,0,0,0,0,,,
12/21/2023,8:30 AM,81,89,3,29.79,Clear,0,0,0,0,0,,,
12/21/2023,9:00 AM,82,89,6,29.79,Clear,0,0,0,0,0,,,
12/21/2023,9:30 AM,84,89,6,29.79,Clear,0,0,0,0,0,,,
12/21/2023,10:00 AM,84,84,6,29.81,Clear,0,0,0,0,0,,,
12/21/2023,10:30 AM,84,84,7,29.81,Rain,0,0,0,0,0,,,
12/21/2023,11:00 AM,77,89,10,29.81,Rain,0,0,0,0,0,,,
12/21/2023,11:30 AM,77,94,2,29.81,Rain,0,0,0,0,0,,,
12/21/2023,12:00 PM,79,94,8,29.81,Rain,0,0,0,0,0,,,
12/21/2023,12:30 PM,79,94,6,29.79,Rain,0,0,0,0,0,,,
12/21/2023,1:00 PM,81,89,5,29.76,Clear,0,0,0,0,0,,,
12/21/2023,1:30 PM,81,94,6,29.76,Clear,0,0,0,0,0,,,
12/21/2023,2:00 PM,84,89,8,29.73,Clear,0,0,0,0,0,,,
12/21/2023,2:30 PM,84,89,6,29.73,Clear,0,0,0,0,0,,,
12/21/2023,3:00 PM,86,84,8,29.7,Clear,0,0,0,0,0,,,
12/21/2023,3:30 PM,84,84,6,29.7,Clear,0,0,0,0,0,,,
12/21/2023,4:00 PM,84,84,6,29.7,Clear,0,0,0,0,0,,,
12/21/2023,4:30 PM,86,79,7,29.7,Clear,0,0,0,0,0,,,
12/21/2023,5:00 PM,86,74,7,29.7,Clear,0,0,0,0,0,,,
12/21/2023,5:30 PM,84,79,8,29.7,Clear,0,0,0,0,0,,,
12/21/2023,6:00 PM,84,74,7,29.73,Clear,0,0,0,0,0,,,
12/21/2023,6:30 PM,82,79,6,29.73,Clear,0,0,0,0,0,,,
12/21/2023,7:00 PM,81,84,5,29.76,Clear,0,0,0,0,0,,,
12/21/2023,7:30 PM,81,84,6,29.76,Clear,0,0,0,0,0,,,
12/21/2023,8:00 PM,79,89,5,29.76,Clear,0,0,0,0,0,,,
12/21/2023,8:30 PM,79,89,3,29.79,Clear,0,0,0,0,0,,,
12/21/2023,9:00 PM,77,94,2,29.79,Clear,0,0,0,0,0,,,
12/21/2023,9:30 PM,77,94,2,29.81,Clear,0,0,0,0,0,,,
12/21/2023,10:00 PM,77,94,3,29.81,Clear,0,0,0,0,0,,,
12/21/2023,10:30 PM,77,94,3,29.81,Clear,0,0,0,0,0,,,
12/21/2023,11:00 PM,77,94,5,29.81,Clear,0,0,0,0,0,,,
12/21/2023,11:30 PM,77,94,3,29.81,Clear,0,0,0,0,0,,,
12/22/2023,12:00 AM,77,94,2,29.81,Clear,0,0,0,0,0,,,
12/22/2023,12:30 AM,77,94,3,29.81,Clear,0,0,0,0,0,,,
12/22/2023,1:00 AM,75,94,3,29.79,Clear,0,0,0,0,0,,,
12/22/2023,1:30 AM,75,94,2,29.79,Clear,0,0,0,0,0,,,
12/22/2023,2:00 AM,75,94,3,29.76,Clear,0,0,0,0,0,,,
12/22/2023,2:30 AM,75,94,3,29.76,Clear,0,0,0,0,0,,,
12/22/2023,3:00 AM,75,94,5,29.76,Clear,0,0,0,0,0,,,
12/22/2023,3:30 AM,75,94,0,29.76,Clear,0,0,0,0,0,,,
12/22/2023,4:00 AM,75,94,0,29.76,Clear,0,0,0,0,0,,,
12/22/2023,4:30 AM,75,94,0,29.76,Clear,0,0,0,0,0,,,
12/22/2023,5:00 AM,75,94,0,29.76,Clear,0,0,0,0,0,,,
12/22/2023,5:30 AM,73,100,0,29.76,Clear,0,0,0,0,0,,,
12/22/2023,6:00 AM,75,100,0,29.76,Clear,0,0,0,0,0,,,
12/22/2023,6:30 AM,75,100,0,29.76,Clear,0,0,0,0,0,,,
12/22/2023,7:00 AM,75,100,5,29.79,Clear,0,0,0,0,0,,,
12/22/2023,7:30 AM,77,94,2,29.79,Clear,0,0,0,0,0,,,
12/22/2023,8:00 AM,79,94,3,29.81,Clear,0,0,0,0,0,,,
12/22/2023,8:30 AM,81,94,5,29.81,Clear,0,0,0,0,0,,,
12/22/2023,9:00 AM,82,89,9,29.81,Rain,0,0,0,0,0,,,
12/22/2023,9:30 AM,82,84,10,29.84,Rain,0,0,0,0,0,,,
12/22/2023,10:00 AM,82,89,10,29.81,Rain,0,0,0,0,0,,,
12/22/2023,10:30 AM,86,79,12,29.81,Clear,0,0,0,0,0,,,
12/22/2023,11:00 AM,86,79,15,29.81,Clear,0,0,0,0,0,,,
12/22/2023,11:30 AM,86,79,14,29.79,Clear,0,0,0,0,0,,,
12/22/2023,12:00 PM,86,74,17,29.79,Clear,0,0,0,0,0,,,
12/22/2023,12:30 PM,86,74,20,29.79,Clear,0,0,0,0,0,,,
12/22/2023,1:00 PM,88,70,18,29.76,Clear,0,0,0,0,0,,,
12/22/2023,1:30 PM,88,70,17,29.76,Clear,0,0,0,0,0,,,
12/22/2023,2:00 PM,90,66,17,29.73,Clear,0,0,0,0,0,,,
12/22/2023,2:30 PM,86,74,21,29.73,Clear,0,0,0,0,0,,,
12/22/2023,3:00 PM,86,70,17,29.73,Clear,0,0,0,0,0,,,
12/22/2023,3:30 PM,84,74,15,29.73,Clear,0,0,0,0,0,,,
12/22/2023,4:00 PM,86,70,15,29.73,Clear,0,0,0,0,0,,,
12/22/2023,4:30 PM,86,70,16,29.73,Clear,0,0,0,0,0,,,
12/22/2023,5:00 PM,84,74,13,29.73,Clear,0,0,0,0,0,,,
12/22/2023,5:30 PM,82,79,14,29.73,Rain,0,0,0,0,0,,,
12/22/2023,6:00 PM,82,79,15,29.76,Clear,0,0,0,0,0,,,
12/22/2023,6:30 PM,81,84,9,29.76,Clear,0,0,0,0,0,,,
12/22/2023,7:00 PM,81,84,7,29.79,Clear,0,0,0,0,0,,,
12/22/2023,7:30 PM,81,84,5,29.79,Clear,0,0,0,0,0,,,
12/22/2023,8:00 PM,79,89,5,29.81,Clear,0,0,0,0,0,,,
12/22/2023,8:30 PM,81,84,7,29.81,Clear,0,0,0,0,0,,,
12/22/2023,9:00 PM,81,84,6,29.81,Clear,0,0,0,0,0,,,
12/22/2023,9:30 PM,81,84,7,29.84,Clear,0,0,0,0,0,,,
12/22/2023,10:00 PM,79,89,7,29.84,Clear,0,0,0,0,0,,,
12/22/2023,10:30 PM,81,84,7,29.84,Clear,0,0,0,0,0,,,
12/22/2023,11:00 PM,81,84,7,29.84,Clear,0,0,0,0,0,,,
12/22/2023,11:30 PM,81,84,6,29.81,Clear,0,0,0,0,0,,,
12/23/2023,12:00 AM,81,84,7,29.81,Clear,0,0,0,0,0,,,
12/23/2023,12:30 AM,79,89,5,29.81,Clear,0,0,0,0,0,,,
12/23/2023,1:00 AM,79,89,6,29.81,Clear,0,0,0,0,0,,,
12/23/2023,1:30 AM,79,89,6,29.79,Clear,0,0,0,0,0,,,
12/23/2023,2:00 AM,79,83,8,29.79,Clear,0,0,0,0,0,,,
12/23/2023,2:30 AM,81,84,7,29.76,Clear,0,0,0,0,0,,,
12/23/2023,3:00 AM,81,84,6,29.76,Clear,0,0,0,0,0,,,
12/23/2023,3:30 AM,79,89,6,29.76,Clear,0,0,0,0,0,,,
12/23/2023,4:00 AM,79,89,6,29.76,Clear,0,0,0,0,0,,,
12/23/2023,4:30 AM,79,89,8,29.76,Clear,0,0,0,0,0,,,
12/23/2023,5:00 AM,79,89,6,29.76,Clear,0,0,0,0,0,,,
12/23/2023,5:30 AM,81,84,7,29.76,Clear,0,0,0,0,0,,,
12/23/2023,6:00 AM,79,89,6,29.76,Clear,0,0,0,0,0,,,
12/23/2023,6:30 AM,79,89,5,29.76,Rain,0,0,0,0,0,,,
12/23/2023,7:00 AM,79,89,3,29.79,Rain,0,0,0,0,0,,,
12/23/2023,7:30 AM,79,89,5,29.79,Rain,0,0,0,0,0,,,
12/23/2023,8:00 AM,79,89,7,29.81,Rain,0,0,0,0,0,,,
12/23/2023,8:30 AM,77,94,8,29.81,Rain,0,0,0,0,0,,,
12/23/2023,9:00 AM,79,89,7,29.84,Clear,0,0,0,0,0,,,
12/23/2023,9:30 AM,79,94,6,29.84,Clear,0,0,0,0,0,,,
12/23/2023,10:00 AM,81,89,5,29.84,Clear,0,0,0,0,0,,,
12/23/2023,10:30 AM,81,89,7,29.81,Rain,0,0,0,0,0,,,
12/23/2023,11:00 AM,84,84,12,29.81,Rain,0,0,0,0,0,,,
12/23/2023,11:30 AM,84,79,14,29.81,Clear,0,0,0,0,0,,,
12/23/2023,12:00 PM,84,79,13,29.79,Rain,0,0,0,0,0,,,
12/23/2023,12:30 PM,81,89,10,29.79,Rain,0,0,0,0,0,,,
12/23/2023,1:00 PM,79,89,7,29.79,Rain,0,0,0,0,0,,,
12/23/2023,1:30 PM,81,89,8,29.79,Rain,0,0,0,0,0,,,
12/23/2023,2:00 PM,79,89,8,29.76,Rain,0,0,0,0,0,,,
12/23/2023,2:30 PM,79,89,9,29.76,Clear,0,0,0,0,0,,,
12/23/2023,3:00 PM,79,89,7,29.76,Rain,0,0,0,0,0,,,
12/23/2023,3:30 PM,79,94,6,29.76,Rain,0,0,0,0,0,,,
12/23/2023,4:00 PM,79,89,7,29.76,Rain,0,0,0,0,0,,,
12/23/2023,4:30 PM,77,94,6,29.76,Rain,0,0,0,0,0,,,
12/23/2023,5:00 PM,77,94,8,29.76,Rain,0,0,0,0,0,,,
12/23/2023,5:30 PM,77,94,5,29.76,Clear,0,0,0,0,0,,,
12/23/2023,6:00 PM,77,94,5,29.79,Clear,0,0,0,0,0,,,
12/23/2023,6:30 PM,77,94,6,29.79,Clear,0,0,0,0,0,,,
12/23/2023,7:00 PM,77,94,3,29.79,Clear,0,0,0,0,0,,,
12/23/2023,7:30 PM,77,94,7,29.81,Rain,0,0,0,0,0,,,
12/23/2023,8:00 PM,77,94,7,29.81,Rain,0,0,0,0,0,,,
12/23/2023,8:30 PM,77,94,5,29.81,Clear,0,0,0,0,0,,,
12/23/2023,9:00 PM,77,94,9,29.84,Rain,0,0,0,0,0,,,
12/23/2023,9:30 PM,77,94,5,29.84,Rain,0,0,0,0,0,,,
12/23/2023,10:00 PM,77,94,5,29.84,Rain,0,0,0,0,0,,,
12/23/2023,10:30 PM,77,94,6,29.84,Rain,0,0,0,0,0,,,
12/23/2023,11:00 PM,77,94,9,29.84,Rain,0,0,0,0,0,,,
12/23/2023,11:30 PM,77,94,6,29.84,Rain,0,0,0,0,0,,,
12/24/2023,12:00 AM,77,94,5,29.84,Rain,0,0,0,0,0,,,
12/24/2023,12:30 AM,77,94,5,29.81,Rain,0,0,0,0,0,,,
12/24/2023,1:00 AM,77,100,6,29.81,Rain,1,1,0,0,1,,,
12/24/2023,1:30 AM,77,100,5,29.81,Rain,0,0,0,0,0,,,
12/24/2023,2:00 AM,77,100,5,29.81,Rain,0,0,0,0,0,,,
12/24/2023,2:30 AM,77,94,6,29.79,Rain,0,0,0,0,0,,,
12/24/2023,3:00 AM,77,100,9,29.79,Rain,0,0,0,0,0,,,
12/24/2023,3:30 AM,77,94,5,29.79,Rain,0,0,0,0,0,,,
12/24/2023,4:00 AM,77,100,7,29.76,Rain,0,0,0,0,0,,,
12/24/2023,4:30 AM,77,100,5,29.76,Rain,0,0,0,0,0,,,
12/24/2023,5:00 AM,77,100,7,29.76,Rain,0,0,0,0,0,,,
12/24/2023,5:30 AM,77,100,5,29.79,Rain,0,0,0,0,0,,,
12/24/2023,6:00 AM,77,100,5,29.79,Rain,0,0,0,0,0,,,
12/24/2023,6:30 AM,77,94,6,29.79,Rain,0,0,0,0,0,,,
12/24/2023,7:00 AM,77,94,12,29.81,Rain,0,0,0,0,0,,,
12/24/2023,7:30 AM,77,94,9,29.84,Rain,0,0,0,0,0,,,
12/24/2023,8:00 AM,77,94,6,29.84,Rain,0,0,0,0,0,,,
12/24/2023,8:30 AM,77,94,5,29.84,Rain,0,0,0,0,0,,,
12/24/2023,9:00 AM,77,100,7,29.84,Rain,0,0,0,0,0,,,
12/24/2023,9:30 AM,77,100,8,29.87,Rain,0,0,0,0,0,,,
12/24/2023,10:00 AM,79,94,8,29.84,Rain,0,0,0,0,0,,,
12/24/2023,10:30 AM,79,94,10,29.84,Rain,0,0,0,0,0,,,
12/24/2023,11:00 AM,79,94,12,29.84,Rain,0,0,0,0,0,,,
12/24/2023,11:30 AM,77,100,10,29.84,Rain,0,0,0,0,0,,,
12/24/2023,12:00 PM,79,94,6,29.84,Rain,0,0,0,0,0,,,
12/24/2023,12:30 PM,81,89,8,29.81,Rain,0,0,0,0,0,,,
12/24/2023,1:00 PM,79,94,9,29.81,Rain,0,0,0,0,0,,,
12/24/2023,1:30 PM,81,89,9,29.79,Rain,0,0,0,0,0,,,
12/24/2023,2:00 PM,81,89,10,29.76,Rain,0,0,0,0,0,,,
12/24/2023,2:30 PM,81,94,14,29.76,Rain,0,0,0,0,0,,,
12/24/2023,3:00 PM,79,94,12,29.76,Rain,0,0,0,0,0,,,
12/24/2023,3:30 PM,81,89,8,29.73,Rain,0,0,0,0,0,,,
12/24/2023,4:00 PM,79,94,13,29.73,Rain,0,0,0,0,0,,,
12/24/2023,4:30 PM,81,89,7,29.73,Rain,0,0,0,0,0,,,
12/24/2023,5:00 PM,81,89,9,29.76,Rain,0,0,0,0,0,,,
12/24/2023,5:30 PM,81,89,7,29.76,Rain,0,0,0,0,0,,,
12/24/2023,6:00 PM,79,94,10,29.76,Rain,0,0,0,0,0,,,
12/24/2023,6:30 PM,79,94,8,29.79,Rain,0,0,0,0,0,,,
12/24/2023,7:00 PM,79,94,10,29.79,Rain,0,0,0,0,0,,,
12/24/2023,7:30 PM,77,94,7,29.79,Rain,0,0,0,0,0,,,
12/24/2023,8:00 PM,79,94,9,29.81,Rain,0,0,0,0,0,,,
12/24/2023,8:30 PM,79,94,9,29.81,Rain,0,0,0,0,0,,,
12/24/2023,9:00 PM,79,94,9,29.84,Rain,0,0,0,0,0,,,
12/24/2023,9:30 PM,79,94,7,29.84,Rain,0,0,0,0,0,,,
12/24/2023,10:00 PM,79,94,6,29.84,Rain,0,0,0,0,0,,,
12/24/2023,10:30 PM,75,100,15,29.84,Clear,0,0,0,0,0,,,
12/24/2023,11:00 PM,75,100,17,29.84,Clear,0,0,0,0,0,,,
12/24/2023,11:30 PM,77,100,12,29.81,Clear,0,0,0,0,0,,,
12/25/2023,12:00 AM,77,100,10,29.81,Rain,0,0,0,0,0,,,
12/25/2023,12:30 AM,77,100,13,29.81,Rain,0,0,0,0,0,,,
12/25/2023,1:00 AM,77,100,15,29.81,Rain,0,0,0,0,0,,,
12/25/2023,1:30 AM,77,100,7,29.81,Rain,0,0,0,0,0,,,
12/25/2023,2:00 AM,77,94,14,29.81,Rain,0,0,0,0,0,,,
12/25/2023,2:30 AM,77,94,9,29.79,Rain,0,0,0,0,0,,,
12/25/2023,3:00 AM,77,94,9,29.79,Rain,0,0,0,0,0,,,
12/25/2023,3:30 AM,77,100,8,29.76,Rain,0,0,0,0,0,,,
12/25/2023,4:00 AM,79,94,7,29.76,Rain,0,0,0,0,0,,,
12/25/2023,4:30 AM,79,94,10,29.76,Rain,0,0,0,0,0,,,
12/25/2023,5:00 AM,77,94,7,29.79,Rain,0,0,0,0,0,,,
12/25/2023,5:30 AM,77,100,3,29.79,Rain,0,0,0,0,0,,,
12/25/2023,6:00 AM,79,94,9,29.79,Clear,0,0,0,0,0,,,
12/25/2023,6:30 AM,77,94,6,29.79,Rain,0,0,0,0,0,,,
12/25/2023,7:00 AM,79,89,13,29.81,Rain,0,0,0,0,0,,,
12/25/2023,7:30 AM,77,94,13,29.81,Rain,0,0,0,0,0,,,
12/25/2023,8:00 AM,77,94,8,29.84,Rain,0,0,0,0,0,,,
12/25/2023,8:30 AM,79,94,10,29.84,Rain,0,0,0,0,0,,,
12/25/2023,9:00 AM,79,94,8,29.87,Rain,0,0,0,0,0,,,
12/25/2023,9:30 AM,79,94,10,29.87,Rain,0,0,0,0,0,,,
12/25/2023,10:00 AM,79,94,10,29.87,Rain,0,0,0,0,0,,,
12/25/2023,10:30 AM,77,94,13,29.87,Rain,0,0,0,0,0,,,
12/25/2023,11:00 AM,77,100,8,29.87,Rain,0,0,0,0,0,,,
12/25/2023,11:30 AM,79,94,6,29.84,Rain,0,0,0,0,0,,,
12/25/2023,12:00 PM,81,94,9,29.84,Rain,0,0,0,0,0,,,
12/25/2023,12:30 PM,81,89,7,29.84,Rain,0,0,0,0,0,,,
12/25/2023,1:00 PM,79,94,8,29.81,Rain,0,0,0,0,0,,,
12/25/2023,1:30 PM,79,89,10,29.81,Rain,0,0,0,0,0,,,
12/25/2023,2:00 PM,79,94,7,29.81,Rain,0,0,0,0,0,,,
12/25/2023,2:30 PM,77,100,9,29.79,Rain,0,0,0,0,0,,,
12/25/2023,3:00 PM,79,94,6,29.79,Rain,0,0,0,0,0,,,
12/25/2023,3:30 PM,79,94,9,29.76,Rain,0,0,0,0,0,,,
12/25/2023,4:00 PM,81,89,8,29.76,Rain,0,0,0,0,0,,,
12/25/2023,4:30 PM,81,89,12,29.76,Rain,0,0,0,0,0,,,
12/25/2023,5:00 PM,79,94,7,29.79,Rain,0,0,0,0,0,,,
12/25/2023,5:30 PM,81,89,7,29.79,Rain,0,0,0,0,0,,,
12/25/2023,6:00 PM,79,94,8,29.79,Rain,0,0,0,0,0,,,
12/25/2023,6:30 PM,79,89,5,29.79,Clear,0,0,0,0,0,,,
12/25/2023,7:00 PM,79,89,6,29.79,Clear,0,0,0,0,0,,,
12/25/2023,7:30 PM,79,89,5,29.81,Clear,0,0,0,0,0,,,
12/25/2023,8:00 PM,79,89,8,29.84,Rain,0,0,0,0,0,,,
12/25/2023,8:30 PM,79,89,6,29.84,Rain,0,0,0,0,0,,,
12/25/2023,9:00 PM,79,89,6,29.84,Rain,0,0,0,0,0,,,
12/25/2023,9:30 PM,79,89,8,29.87,Rain,0,0,0,0,0,,,
12/25/2023,10:00 PM,79,89,8,29.87,Clear,0,0,0,0,0,,,
12/25/2023,10:30 PM,79,89,7,29.87,Clear,0,0,0,0,0,,,
12/25/2023,11:00 PM,79,89,6,29.84,Clear,0,0,0,0,0,,,
12/25/2023,11:30 PM,79,89,6,29.84,Clear,0,0,0,0,0,,,
12/26/2023,12:00 AM,79,89,7,29.84,Clear,0,0,0,0,0,,,
12/26/2023,12:30 AM,79,89,7,29.84,Clear,0,0,0,0,0,,,
12/26/2023,1:00 AM,79,89,5,29.84,Clear,0,0,0,0,0,,,
12/26/2023,1:30 AM,79,89,6,29.81,Clear,0,0,0,0,0,,,
12/26/2023,2:00 AM,77,89,8,29.81,Rain,0,0,0,0,0,,,
12/26/2023,2:30 AM,77,89,3,29.81,Rain,0,0,0,0,0,,,
12/26/2023,3:00 AM,77,89,5,29.79,Rain,0,0,0,0,0,,,
12/26/2023,3:30 AM,77,89,7,29.81,Rain,0,0,0,0,0,,,
12/26/2023,4:00 AM,75,100,2,29.81,Rain,0,0,0,0,0,,,
12/26/2023,4:30 AM,75,100,5,29.81,Rain,0,0,0,0,0,,,
12/26/2023,5:00 AM,75,94,2,29.79,Rain,0,0,0,0,0,,,
12/26/2023,5:30 AM,75,94,0,29.81,Rain,0,0,0,0,0,,,
12/26/2023,6:00 AM,75,100,1,29.81,Rain,0,0,0,0,0,,,
12/26/2023,6:30 AM,75,100,2,29.81,Rain,0,0,0,0,0,,,
12/26/2023,7:00 AM,75,100,1,29.81,Rain,0,0,0,0,0,,,
12/26/2023,7:30 AM,75,100,5,29.84,Rain,0,0,0,0,0,,,
12/26/2023,8:00 AM,75,100,3,29.84,Rain,0,0,0,0,0,,,
12/26/2023,8:30 AM,75,100,2,29.87,Rain,0,0,0,0,0,,,
12/26/2023,9:00 AM,75,100,3,29.87,Rain,0,0,0,0,0,,,
12/26/2023,9:30 AM,77,94,5,29.87,Rain,0,0,0,0,0,,,
12/26/2023,10:00 AM,77,94,3,29.87,Rain,0,0,0,0,0,,,
12/26/2023,10:30 AM,77,100,0,29.87,Rain,0,0,0,0,0,,,
12/26/2023,11:00 AM,77,100,3,29.87,Rain,0,0,0,0,0,,,
12/26/2023,11:30 AM,77,100,5,29.87,Rain,0,0,0,0,0,,,
12/26/2023,12:00 PM,77,100,2,29.87,Rain,0,0,0,0,0,,,
12/26/2023,12:30 PM,77,100,2,29.84,Rain,0,0,0,0,0,,,
12/26/2023,1:00 PM,82,89,8,29.84,Clear,0,0,0,0,0,,,
12/26/2023,1:30 PM,82,84,9,29.81,Clear,0,0,0,0,0,,,
12/26/2023,2:00 PM,84,84,14,29.81,Clear,0,0,0,0,0,,,
12/26/2023,2:30 PM,82,84,12,29.79,Clear,0,0,0,0,0,,,
12/26/2023,3:00 PM,82,84,9,29.79,Clear,0,0,0,0,0,,,
12/26/2023,3:30 PM,82,84,10,29.79,Clear,0,0,0,0,0,,,
12/26/2023,4:00 PM,82,84,7,29.79,Clear,0,0,0,0,0,,,
12/26/2023,4:30 PM,82,79,12,29.79,Clear,0,0,0,0,0,,,
12/26/2023,5:00 PM,81,89,8,29.81,Clear,0,0,0,0,0,,,
12/26/2023,5:30 PM,81,89,7,29.81,Clear,0,0,0,0,0,,,
12/26/2023,6:00 PM,81,89,6,29.81,Rain,0,0,0,0,0,,,
12/26/2023,6:30 PM,81,84,7,29.84,Rain,0,0,0,0,0,,,
12/26/2023,7:00 PM,79,89,6,29.84,Rain,0,0,0,0,0,,,
12/26/2023,7:30 PM,79,89,6,29.84,Clear,0,0,0,0,0,,,
12/26/2023,8:00 PM,79,89,5,29.84,Clear,0,0,0,0,0,,,
12/26/2023,8:30 PM,79,89,6,29.87,Clear,0,0,0,0,0,,,
12/26/2023,9:00 PM,79,89,5,29.87,Clear,0,0,0,0,0,,,
12/26/2023,9:30 PM,79,89,6,29.87,Clear,0,0,0,0,0,,,
12/26/2023,10:00 PM,79,89,5,29.87,Clear,0,0,0,0,0,,,
12/26/2023,10:30 PM,79,89,5,29.87,Clear,0,0,0,0,0,,,
12/26/2023,11:00 PM,79,89,3,29.87,Clear,0,0,0,0,0,,,
12/26/2023,11:30 PM,79,89,3,29.87,Clear,0,0,0,0,0,,,
12/27/2023,12:00 AM,79,89,7,29.87,Clear,0,0,0,0,0,,,
12/27/2023,12:30 AM,81,84,9,29.87,Clear,0,0,0,0,0,,,
12/27/2023,1:00 AM,79,83,6,29.87,Clear,0,0,0,0,0,,,
12/27/2023,1:30 AM,79,83,5,29.87,Clear,0,0,0,0,0,,,
12/27/2023,2:00 AM,79,83,5,29.84,Clear,0,0,0,0,0,,,
12/27/2023,2:30 AM,79,83,3,29.84,Clear,0,0,0,0,0,,,
12/27/2023,3:00 AM,79,89,6,29.81,Clear,0,0,0,0,0,,,
12/27/2023,3:30 AM,79,83,5,29.81,Clear,0,0,0,0,0,,,
12/27/2023,4:00 AM,79,89,3,29.81,Clear,0,0,0,0,0,,,
12/27/2023,4:30 AM,77,94,5,29.81,Clear,0,0,0,0,0,,,
12/27/2023,5:00 AM,77,94,5,29.81,Clear,0,0,0,0,0,,,
12/27/2023,5:30 AM,77,89,2,29.81,Clear,0,0,0,0,0,,,
12/27/2023,6:00 AM,77,94,3,29.81,Clear,0,0,0,0,0,,,
12/27/2023,6:30 AM,77,94,5,29.81,Clear,0,0,0,0,0,,,
12/27/2023,7:00 AM,77,94,6,29.84,Clear,0,0,0,0,0,,,
12/27/2023,7:30 AM,77,94,3,29.84,Clear,0,0,0,0,0,,,
12/27/2023,8:00 AM,81,89,3,29.87,Clear,0,0,0,0,0,,,
12/27/2023,8:30 AM,82,84,8,29.87,Clear,0,0,0,0,0,,,
12/27/2023,9:00 AM,82,89,12,29.87,Clear,0,0,0,0,0,,,
12/27/2023,9:30 AM,82,84,12,29.87,Clear,0,0,0,0,0,,,
12/27/2023,10:00 AM,84,84,12,29.87,Clear,0,0,0,0,0,,,
12/27/2023,10:30 AM,86,74,14,29.87,Clear,0,0,0,0,0,,,
12/27/2023,11:00 AM,86,74,15,29.87,Clear,0,0,0,0,0,,,
12/27/2023,11:30 AM,86,74,14,29.87,Clear,0,0,0,0,0,,,
12/27/2023,12:00 PM,86,74,17,29.84,Clear,0,0,0,0,0,,,
12/27/2023,12:30 PM,86,70,12,29.84,Clear,0,0,0,0,0,,,
12/27/2023,1:00 PM,86,74,13,29.84,Clear,0,0,0,0,0,,,
12/27/2023,1:30 PM,86,70,14,29.81,Clear,0,0,0,0,0,,,
12/27/2023,2:00 PM,88,70,16,29.81,Clear,0,0,0,0,0,,,
12/27/2023,2:30 PM,88,66,15,29.79,Clear,0,0,0,0,0,,,
12/27/2023,3:00 PM,86,70,14,29.79,Clear,0,0,0,0,0,,,
12/27/2023,3:30 PM,86,70,13,29.79,Rain,0,0,0,0,0,,,
12/27/2023,4:00 PM,79,89,10,29.79,Rain,0,0,0,0,0,,,
12/27/2023,4:30 PM,81,84,7,29.79,Clear,0,0,0,0,0,,,
12/27/2023,5:00 PM,81,89,9,29.79,Clear,0,0,0,0,0,,,
12/27/2023,5:30 PM,81,89,10,29.79,Clear,0,0,0,0,0,,,
12/27/2023,6:00 PM,81,89,7,29.79,Clear,0,0,0,0,0,,,
12/27/2023,6:30 PM,81,84,7,29.79,Clear,0,0,0,0,0,,,
12/27/2023,7:00 PM,81,84,6,29.81,Clear,0,0,0,0,0,,,
12/27/2023,7:30 PM,81,84,8,29.81,Clear,0,0,0,0,0,,,
12/27/2023,8:00 PM,81,84,9,29.84,Clear,0,0,0,0,0,,,
12/27/2023,8:30 PM,81,84,8,29.84,Clear,0,0,0,0,0,,,
12/27/2023,9:00 PM,81,84,6,29.84,Clear,0,0,0,0,0,,,
12/27/2023,9:30 PM,81,84,7,29.84,Clear,0,0,0,0,0,,,
12/27/2023,10:00 PM,79,89,7,29.87,Rain,0,0,0,0,0,,,
12/27/2023,10:30 PM,79,89,7,29.87,Clear,0,0,0,0,0,,,
12/27/2023,11:00 PM,81,84,8,29.84,Clear,0,0,0,0,0,,,
12/27/2023,11:30 PM,79,89,9,29.84,Clear,0,0,0,0,0,,,
12/28/2023,12:00 AM,79,89,7,29.84,Clear,0,0,0,0,0,,,
12/28/2023,12:30 AM,79,89,7,29.84,Clear,0,0,0,0,0,,,
12/28/2023,1:00 AM,79,89,7,29.81,Clear,0,0,0,0,0,,,
12/28/2023,1:30 AM,79,89,7,29.81,Clear,0,0,0,0,0,,,
12/28/2023,2:00 AM,79,89,8,29.79,Clear,0,0,0,0,0,,,
12/28/2023,2:30 AM,79,89,8,29.79,Clear,0,0,0,0,0,,,
12/28/2023,3:00 AM,79,89,5,29.79,Clear,0,0,0,0,0,,,
12/28/2023,3:30 AM,79,89,5,29.76,Clear,0,0,0,0,0,,,
12/28/2023,4:00 AM,79,89,6,29.76,Clear,0,0,0,0,0,,,
12/28/2023,4:30 AM,79,94,9,29.76,Clear,0,0,0,0,0,,,
12/28/2023,5:00 AM,79,94,5,29.76,Clear,0,0,0,0,0,,,
12/28/2023,5:30 AM,79,94,7,29.79,Rain,0,0,0,0,0,,,
12/28/2023,6:00 AM,77,94,3,29.79,Rain,0,0,0,0,0,,,
12/28/2023,6:30 AM,77,94,0,29.79,Clear,0,0,0,0,0,,,
12/28/2023,7:00 AM,77,94,3,29.79,Rain,0,0,0,0,0,,,
12/28/2023,7:30 AM,77,100,3,29.81,Rain,0,0,0,0,0,,,
12/28/2023,8:00 AM,79,94,3,29.81,Rain,0,0,0,0,0,,,
12/28/2023,8:30 AM,81,89,5,29.84,Rain,0,0,0,0,0,,,
12/28/2023,9:00 AM,79,94,12,29.84,Rain,0,0,0,0,0,,,
12/28/2023,9:30 AM,79,94,12,29.87,Rain,0,0,0,0,0,,,
12/28/2023,10:00 AM,79,94,14,29.87,Rain,0,0,0,0,0,,,
12/28/2023,10:30 AM,82,84,13,29.84,Clear,0,0,0,0,0,,,
12/28/2023,11:00 AM,82,84,15,29.84,Clear,0,0,0,0,0,,,
12/28/2023,11:30 AM,84,79,12,29.81,Clear,0,0,0,0,0,,,
12/28/2023,12:00 PM,86,79,16,29.81,Clear,0,0,0,0,0,,,
12/28/2023,12:30 PM,86,79,18,29.79,Clear,0,0,0,0,0,,,
12/28/2023,1:00 PM,86,74,18,29.79,Clear,0,0,0,0,0,,,
12/28/2023,1:30 PM,88,75,18,29.79,Clear,0,0,0,0,0,,,
12/28/2023,2:00 PM,88,70,18,29.76,Clear,0,0,0,0,0,,,
12/28/2023,2:30 PM,88,70,17,29.73,Clear,0,0,0,0,0,,,
12/28/2023,3:00 PM,86,74,20,29.73,Clear,0,0,0,0,0,,,
12/28/2023,3:30 PM,86,74,20,29.73,Clear,0,0,0,0,0,,,
12/28/2023,4:00 PM,86,74,18,29.73,Clear,0,0,0,0,0,,,
12/28/2023,4:30 PM,84,79,12,29.73,Rain,0,0,0,0,0,,,
12/28/2023,5:00 PM,82,84,10,29.73,Rain,0,0,0,0,0,,,
12/28/2023,5:30 PM,82,84,10,29.73,Clear,0,0,0,0,0,,,
12/28/2023,6:00 PM,82,84,13,29.73,Rain,0,0,0,0,0,,,
12/28/2023,6:30 PM,82,79,13,29.73,Clear,0,0,0,0,0,,,
12/28/2023,7:00 PM,82,84,12,29.76,Clear,0,0,0,0,0,,,
12/28/2023,7:30 PM,82,79,10,29.76,Clear,0,0,0,0,0,,,
12/28/2023,8:00 PM,82,84,10,29.76,Clear,0,0,0,0,0,,,
12/28/2023,8:30 PM,82,84,13,29.79,Clear,0,0,0,0,0,,,
12/28/2023,9:00 PM,82,84,12,29.79,Clear,0,0,0,0,0,,,
12/28/2023,9:30 PM,82,84,13,29.79,Clear,0,0,0,0,0,,,
12/28/2023,10:00 PM,82,84,10,29.81,Clear,0,0,0,0,0,,,
12/28/2023,10:30 PM,82,84,12,29.81,Clear,0,0,0,0,0,,,
12/28/2023,11:00 PM,82,84,10,29.81,Clear,0,0,0,0,0,,,
12/28/2023,11:30 PM,82,84,10,29.81,Clear,0,0,0,0,0,,,
12/29/2023,12:00 AM,82,84,9,29.79,Clear,0,0,0,0,0,,,
12/29/2023,12:30 AM,81,89,7,29.79,Rain,0,0,0,0,0,,,
12/29/2023,1:00 AM,79,94,6,29.79,Rain,0,0,0,0,0,,,
12/29/2023,1:30 AM,79,94,7,29.79,Rain,0,0,0,0,0,,,
12/29/2023,2:00 AM,79,94,8,29.76,Clear,0,0,0,0,0,,,
12/29/2023,2:30 AM,81,89,8,29.76,Clear,0,0,0,0,0,,,
12/29/2023,3:00 AM,79,94,6,29.73,Rain,0,0,0,0,0,,,
12/29/2023,3:30 AM,79,94,7,29.73,Clear,0,0,0,0,0,,,
12/29/2023,4:00 AM,79,94,3,29.73,Clear,0,0,0,0,0,,,
12/29/2023,4:30 AM,79,94,5,29.73,Clear,0,0,0,0,0,,,
12/29/2023,5:00 AM,79,94,6,29.73,Clear,0,0,0,0,0,,,
12/29/2023,5:30 AM,79,94,5,29.73,Clear,0,0,0,0,0,,,
12/29/2023,6:00 AM,79,94,7,29.73,Clear,0,0,0,0,0,,,
12/29/2023,6:30 AM,79,94,7,29.76,Rain,0,0,0,0,0,,,
12/29/2023,7:00 AM,81,89,7,29.76,Clear,0,0,0,0,0,,,
12/29/2023,7:30 AM,81,89,5,29.79,Rain,0,0,0,0,0,,,
12/29/2023,8:00 AM,81,94,9,29.79,Rain,0,0,0,0,0,,,
12/29/2023,8:30 AM,81,89,8,29.81,Rain,0,0,0,0,0,,,
12/29/2023,9:00 AM,79,94,9,29.81,Rain,0,0,0,0,0,,,
12/29/2023,9:30 AM,82,89,9,29.81,Rain,0,0,0,0,0,,,
12/29/2023,10:00 AM,84,89,14,29.81,Clear,0,0,0,0,0,,,
12/29/2023,10:30 AM,84,89,14,29.81,Clear,0,0,0,0,0,,,
12/29/2023,11:00 AM,84,89,17,29.81,Rain,0,0,0,0,0,,,
12/29/2023,11:30 AM,86,84,15,29.79,Clear,0,0,0,0,0,,,
12/29/2023,12:00 PM,86,84,17,29.79,Clear,0,0,0,0,0,,,
12/29/2023,12:30 PM,86,79,18,29.76,Rain,0,0,0,0,0,,,
12/29/2023,1:00 PM,88,75,18,29.76,Clear,0,0,0,0,0,,,
12/29/2023,1:30 PM,86,79,20,29.76,Clear,0,0,0,0,0,,,
12/29/2023,2:00 PM,88,75,21,29.73,Clear,0,0,0,0,0,,,
12/29/2023,2:30 PM,86,79,18,29.7,Clear,0,0,0,0,0,,,
12/29/2023,3:00 PM,86,79,16,29.7,Clear,0,0,0,0,0,,,
12/29/2023,3:30 PM,86,74,17,29.7,Clear,0,0,0,0,0,,,
12/29/2023,4:00 PM,84,79,17,29.7,Clear,0,0,0,0,0,,,
12/29/2023,4:30 PM,82,84,12,29.7,Clear,0,0,0,0,0,,,
12/29/2023,5:00 PM,82,84,14,29.7,Clear,0,0,0,0,0,,,
12/29/2023,5:30 PM,82,84,13,29.7,Clear,0,0,0,0,0,,,
12/29/2023,6:00 PM,82,84,13,29.73,Clear,0,0,0,0,0,,,
12/29/2023,6:30 PM,81,89,8,29.73,Clear,0,0,0,0,0,,,
12/29/2023,7:00 PM,81,89,6,29.73,Clear,0,0,0,0,0,,,
12/29/2023,7:30 PM,81,89,8,29.76,Clear,0,0,0,0,0,,,
12/29/2023,8:00 PM,81,89,9,29.79,Clear,0,0,0,0,0,,,
12/29/2023,8:30 PM,81,89,8,29.79,Clear,0,0,0,0,0,,,
12/29/2023,9:00 PM,81,89,7,29.79,Clear,0,0,0,0,0,,,
12/29/2023,9:30 PM,81,89,8,29.79,Clear,0,0,0,0,0,,,
12/29/2023,10:00 PM,81,89,6,29.79,Clear,0,0,0,0,0,,,
12/29/2023,10:30 PM,81,89,6,29.79,Clear,0,0,0,0,0,,,
12/29/2023,11:00 PM,81,89,7,29.79,Clear,0,0,0,0,0,,,
12/29/2023,11:30 PM,81,89,8,29.79,Clear,0,0,0,0,0,,,
12/30/2023,12:00 AM,81,89,5,29.79,Clear,0,0,0,0,0,,,
12/30/2023,12:30 AM,81,89,1,29.79,Clear,0,0,0,0,0,,,
12/30/2023,1:00 AM,81,89,3,29.79,Clear,0,0,0,0,0,,,
12/30/2023,1:30 AM,81,89,1,29.76,Clear,0,0,0,0,0,,,
12/30/2023,2:00 AM,79,94,0,29.76,Clear,0,0,0,0,0,,,
12/30/2023,2:30 AM,79,94,3,29.76,Clear,0,0,0,0,0,,,
12/30/2023,3:00 AM,79,94,0,29.73,Clear,0,0,0,0,0,,,
12/30/2023,3:30 AM,79,94,7,29.73,Rain,0,0,0,0,0,,,
12/30/2023,4:00 AM,77,94,5,29.73,Rain,0,0,0,0,0,,,
12/30/2023,4:30 AM,77,94,3,29.73,Rain,0,0,0,0,0,,,
12/30/2023,5:00 AM,77,94,5,29.73,Clear,0,0,0,0,0,,,
12/30/2023,5:30 AM,77,94,3,29.73,Clear,0,0,0,0,0,,,
12/30/2023,6:00 AM,77,94,3,29.73,Clear,0,0,0,0,0,,,
12/30/2023,6:30 AM,77,94,0,29.73,Clear,0,0,0,0,0,,,
12/30/2023,7:00 AM,77,94,0,29.76,Clear,0,0,0,0,0,,,
12/30/2023,7:30 AM,77,100,2,29.76,Clear,0,0,0,0,0,,,
12/30/2023,8:00 AM,79,94,3,29.79,Clear,0,0,0,0,0,,,
12/30/2023,8:30 AM,81,94,5,29.79,Clear,0,0,0,0,0,,,
12/30/2023,9:00 AM,81,94,6,29.79,Clear,0,0,0,0,0,,,
12/30/2023,9:30 AM,82,89,9,29.79,Clear,0,0,0,0,0,,,
12/30/2023,10:00 AM,82,89,12,29.79,Clear,0,0,0,0,0,,,
12/30/2023,10:30 AM,86,84,21,29.79,Clear,0,0,0,0,0,,,
12/30/2023,11:00 AM,86,84,17,29.79,Clear,0,0,0,0,0,,,
12/30/2023,11:30 AM,88,79,17,29.79,Clear,0,0,0,0,0,,,
12/30/2023,12:00 PM,88,75,16,29.76,Clear,0,0,0,0,0,,,
12/30/2023,12:30 PM,88,70,20,29.76,Rain,0,0,0,0,0,,,
12/30/2023,1:00 PM,88,75,15,29.76,Clear,0,0,0,0,0,,,
12/30/2023,1:30 PM,88,75,15,29.73,Clear,0,0,0,0,0,,,
12/30/2023,2:00 PM,88,70,15,29.73,Clear,0,0,0,0,0,,,
12/30/2023,2:30 PM,88,70,15,29.7,Clear,0,0,0,0,0,,,
12/30/2023,3:00 PM,88,70,16,29.7,Clear,0,0,0,0,0,,,
12/30/2023,3:30 PM,88,70,16,29.7,Clear,0,0,0,0,0,,,
12/30/2023,4:00 PM,88,66,15,29.7,Clear,0,0,0,0,0,,,
12/30/2023,4:30 PM,88,70,14,29.7,Clear,0,0,0,0,0,,,
12/30/2023,5:00 PM,86,70,17,29.7,Clear,0,0,0,0,0,,,
12/30/2023,5:30 PM,84,74,14,29.7,Clear,0,0,0,0,0,,,
12/30/2023,6:00 PM,84,74,15,29.73,Clear,0,0,0,0,0,,,
12/30/2023,6:30 PM,82,79,9,29.73,Clear,0,0,0,0,0,,,
12/30/2023,7:00 PM,82,84,10,29.76,Clear,0,0,0,0,0,,,
12/30/2023,7:30 PM,82,79,8,29.76,Clear,0,0,0,0,0,,,
12/30/2023,8:00 PM,81,89,6,29.79,Clear,0,0,0,0,0,,,
12/30/2023,8:30 PM,81,89,6,29.79,Clear,0,0,0,0,0,,,
12/30/2023,9:00 PM,81,89,6,29.79,Clear,0,0,0,0,0,,,
12/30/2023,9:30 PM,81,84,7,29.81,Clear,0,0,0,0,0,,,
12/30/2023,10:00 PM,79,94,5,29.81,Clear,0,0,0,0,0,,,
12/30/2023,10:30 PM,79,89,5,29.81,Clear,0,0,0,0,0,,,
12/30/2023,11:00 PM,77,94,5,29.81,Clear,0,0,0,0,0,,,
12/30/2023,11:30 PM,79,89,2,29.81,Clear,0,0,0,0,0,,,
12/31/2023,12:00 AM,79,89,3,29.81,Clear,0,0,0,0,0,,,
12/31/2023,12:30 AM,77,94,3,29.79,Clear,0,0,0,0,0,,,
12/31/2023,1:00 AM,77,94,3,29.79,Clear,0,0,0,0,0,,,
12/31/2023,1:30 AM,77,94,5,29.79,Clear,0,0,0,0,0,,,
12/31/2023,2:00 AM,77,94,1,29.79,Clear,0,0,0,0,0,,,
12/31/2023,2:30 AM,77,94,5,29.76,Clear,0,0,0,0,0,,,
12/31/2023,3:00 AM,77,94,3,29.76,Clear,0,0,0,0,0,,,
12/31/2023,3:30 AM,77,94,3,29.73,Clear,0,0,0,0,0,,,
12/31/2023,4:00 AM,75,100,0,29.73,Clear,0,0,0,0,0,,,
12/31/2023,4:30 AM,75,100,1,29.76,Clear,0,0,0,0,0,,,
12/31/2023,5:00 AM,75,100,3,29.76,Clear,0,0,0,0,0,,,
12/31/2023,5:30 AM,75,100,2,29.76,Clear,0,0,0,0,0,,,
12/31/2023,6:00 AM,75,100,2,29.76,Clear,0,0,0,0,0,,,
12/31/2023,6:30 AM,75,100,0,29.79,Clear,0,0,0,0,0,,,
12/31/2023,7:00 AM,75,100,0,29.79,Clear,0,0,0,0,0,,,
12/31/2023,7:30 AM,77,100,3,29.79,Clear,0,0,0,0,0,,,
12/31/2023,8:00 AM,79,100,0,29.81,Clear,0,0,0,0,0,,,
12/31/2023,8:30 AM,82,89,5,29.81,Clear,0,0,0,0,0,,,
12/31/2023,9:00 AM,84,84,8,29.81,Clear,0,0,0,0,0,,,
12/31/2023,9:30 AM,84,84,12,29.81,Clear,0,0,0,0,0,,,
12/31/2023,10:00 AM,86,84,12,29.81,Clear,0,0,0,0,0,,,
12/31/2023,10:30 AM,88,75,10,29.81,Clear,0,0,0,0,0,,,
12/31/2023,11:00 AM,90,70,14,29.81,Clear,0,0,0,0,0,,,
12/31/2023,11:30 AM,88,75,14,29.79,Clear,0,0,0,0,0,,,
12/31/2023,12:00 PM,88,70,14,29.79,Clear,0,0,0,0,0,,,
12/31/2023,12:30 PM,90,66,15,29.79,Clear,0,0,0,0,0,,,
12/31/2023,1:00 PM,90,66,15,29.76,Clear,0,0,0,0,0,,,
12/31/2023,1:30 PM,90,66,14,29.76,Clear,0,0,0,0,0,,,
12/31/2023,2:00 PM,90,66,14,29.73,Clear,0,0,0,0,0,,,
12/31/2023,2:30 PM,90,66,13,29.73,Clear,0,0,0,0,0,,,
12/31/2023,3:00 PM,90,66,16,29.7,Clear,0,0,0,0,0,,,
12/31/2023,3:30 PM,88,66,15,29.7,Clear,0,0,0,0,0,,,
12/31/2023,4:00 PM,88,66,15,29.7,Clear,0,0,0,0,0,,,
12/31/2023,4:30 PM,86,70,14,29.7,Clear,0,0,0,0,0,,,
12/31/2023,5:00 PM,86,70,13,29.7,Clear,0,0,0,0,0,,,
12/31/2023,5:30 PM,84,74,12,29.7,Clear,0,0,0,0,0,,,
12/31/2023,6:00 PM,84,74,12,29.7,Clear,0,0,0,0,0,,,
12/31/2023,6:30 PM,82,79,10,29.73,Clear,0,0,0,0,0,,,
12/31/2023,7:00 PM,82,79,7,29.73,Clear,0,0,0,0,0,,,
12/31/2023,7:30 PM,81,84,6,29.73,Clear,0,0,0,0,0,,,
12/31/2023,8:00 PM,81,84,6,29.76,Clear,0,0,0,0,0,,,
12/31/2023,8:30 PM,81,84,7,29.79,Clear,0,0,0,0,0,,,
12/31/2023,9:00 PM,81,84,6,29.79,Clear,0,0,0,0,0,,,
12/31/2023,9:30 PM,81,84,7,29.79,Clear,0,0,0,0,0,,,
12/31/2023,10:00 PM,81,84,7,29.79,Clear,0,0,0,0,0,,,
12/31/2023,10:30 PM,79,89,6,29.79,Clear,0,0,0,0,0,,,
12/31/2023,11:00 PM,79,89,3,29.79,Clear,0,0,0,0,0,,,
12/31/2023,11:30 PM,77,94,0,29.79,Clear,0,0,0,0,0,,,
