datetime,เกิดเหตุ,temperature_F,humidity_%,pressure_in,vehicles_lt_4_wheels,vehicles_4_wheels,vehicles_gt_4_wheels,day_of_week,is_weekend,is_holiday,year
2020-01-01,0,80.92041666666667,74.97375000000001,29.818749999999998,108.0,540.0,84.0,2,0,1,2020
2020-01-02,0,81.845,78.11354166666666,29.743750000000002,104.0,448.0,96.0,3,0,0,2020
2020-01-03,0,81.63875,75.49458333333334,29.70875,95.0,383.0,107.0,4,0,0,2020
2020-01-04,0,85.61770833333333,75.92458333333333,29.66604166666667,84.0,345.0,103.0,5,1,0,2020
2020-01-05,0,83.28208333333333,78.66395833333333,29.666666666666668,80.0,375.0,97.0,6,1,0,2020
2020-01-06,0,83.51916666666666,81.13020833333333,29.715,86.0,388.0,95.0,0,0,0,2020
2020-01-07,0,80.03937499999999,92.78708333333333,29.647916666666664,92.0,390.0,98.0,1,0,0,2020
2020-01-08,0,79.24604166666667,94.24958333333332,29.61791666666667,94.0,340.0,102.0,2,0,0,2020
2020-01-09,0,82.924375,83.94,29.622708333333332,100.0,357.0,105.0,3,0,0,2020
2020-01-10,0,80.43020833333334,92.35645833333332,29.624791666666667,98.0,427.0,100.0,4,0,0,2020
2020-01-11,0,79.983125,90.39583333333333,29.715208333333333,99.0,403.0,97.0,5,1,1,2020
2020-01-12,0,74.86416666666666,100.0,29.705833333333334,86.0,404.0,99.0,6,1,0,2020
2020-01-13,0,81.52958333333333,78.55270833333334,29.67979166666667,82.0,358.0,105.0,0,0,0,2020
2020-01-14,0,80.74020833333334,76.7075,29.714166666666667,93.0,346.0,99.0,1,0,0,2020
2020-01-15,0,79.808125,76.27374999999999,29.72791666666667,90.0,361.0,103.0,2,0,0,2020
2020-01-16,0,78.91479166666666,78.038125,29.745,88.0,400.0,99.0,3,0,0,2020
2020-01-17,0,80.73854166666666,79.50291666666666,29.760208333333335,79.0,485.0,93.0,4,0,0,2020
2020-01-18,0,82.58,77.953125,29.740624999999998,82.0,648.0,98.0,5,1,0,2020
2020-01-19,0,82.28270833333333,79.45020833333334,29.74145833333333,80.0,584.0,98.0,6,1,0,2020
2020-01-20,0,82.72708333333334,76.70666666666666,29.769375,81.0,419.0,104.0,0,0,0,2020
2020-01-21,0,82.69500000000001,77.13854166666667,29.810625,86.0,391.0,98.0,1,0,0,2020
2020-01-22,0,82.235,77.045625,29.786458333333332,78.0,448.0,101.0,2,0,0,2020
2020-01-23,1,82.77979166666667,78.86,29.75708333333333,79.0,491.0,101.0,3,0,0,2020
2020-01-24,0,81.20916666666666,72.91041666666666,29.752291666666665,85.0,426.0,94.0,4,0,0,2020
2020-01-25,1,79.67375,75.02958333333333,29.72458333333333,86.0,458.0,95.0,5,1,0,2020
2020-01-26,0,80.42270833333333,78.97500000000001,29.703541666666666,87.0,458.0,99.0,6,1,0,2020
2020-01-27,1,80.54041666666667,77.718125,29.695625000000003,85.0,417.0,97.0,0,0,0,2020
2020-01-28,0,81.08895833333334,79.72708333333334,29.701666666666668,86.0,346.0,99.0,1,0,0,2020
2020-01-29,0,82.62729166666666,75.93770833333333,29.749791666666667,84.0,349.0,111.0,2,0,0,2020
2020-01-30,0,81.56416666666667,76.17458333333333,29.730208333333334,86.0,335.0,118.0,3,0,0,2020
2020-01-31,0,81.81854166666666,75.73541666666667,29.732916666666668,88.0,397.0,104.0,4,0,0,2020
2020-02-01,1,81.0425,78.56708333333333,29.832291666666666,94.0,479.0,99.0,5,1,0,2020
2020-02-02,0,82.92770833333333,70.888125,29.79104166666667,97.0,438.0,99.0,6,1,0,2020
2020-02-03,0,82.02520833333334,75.24958333333333,29.705,97.0,390.0,108.0,0,0,0,2020
2020-02-04,0,82.87145833333334,85.32354166666667,29.67979166666667,87.0,409.0,103.0,1,0,0,2020
2020-02-05,0,84.00333333333333,79.17458333333333,29.64708333333333,91.0,388.0,105.0,2,0,0,2020
2020-02-06,0,82.78083333333333,88.14583333333333,29.702291666666667,83.0,387.0,107.0,3,0,0,2020
2020-02-07,0,81.70833333333333,88.13625,29.614583333333332,84.0,389.0,97.0,4,0,0,2020
2020-02-08,0,80.518125,92.02395833333333,29.603333333333335,100.0,439.0,93.0,5,1,1,2020
2020-02-09,0,81.87354166666667,87.26958333333333,29.6575,93.0,502.0,91.0,6,1,0,2020
2020-02-10,0,79.09041666666667,93.143125,29.641666666666666,88.0,601.0,84.0,0,0,1,2020
2020-02-11,0,78.65791666666667,94.833125,29.722291666666667,75.0,436.0,94.0,1,0,0,2020
2020-02-12,0,76.76541666666667,97.25,29.668541666666666,72.0,385.0,101.0,2,0,0,2020
2020-02-13,0,81.65208333333332,84.61020833333333,29.750833333333333,83.0,420.0,101.0,3,0,0,2020
2020-02-14,0,83.030625,82.01375,29.706875,83.0,425.0,104.0,4,0,0,2020
2020-02-15,0,82.376875,78.895,29.734583333333333,98.0,512.0,98.0,5,1,0,2020
2020-02-16,0,81.35604166666667,78.403125,29.76375,106.0,580.0,99.0,6,1,0,2020
2020-02-17,1,81.21958333333333,79.374375,29.776458333333334,88.0,453.0,108.0,0,0,0,2020
2020-02-18,0,80.54541666666667,83.736875,29.784583333333334,79.0,365.0,116.0,1,0,0,2020
2020-02-19,0,81.81125,74.36354166666666,29.79375,87.0,381.0,108.0,2,0,0,2020
2020-02-20,0,81.56270833333333,74.27666666666667,29.783958333333334,90.0,357.0,103.0,3,0,0,2020
2020-02-21,0,82.29208333333334,73.75666666666667,29.821875000000002,86.0,389.0,109.0,4,0,0,2020
2020-02-22,0,81.4375,74.600625,29.824375,93.0,492.0,102.0,5,1,0,2020
2020-02-23,0,81.93791666666667,74.20645833333333,29.805000000000003,103.0,462.0,98.0,6,1,0,2020
2020-02-24,0,82.526875,71.895625,29.766666666666666,99.0,375.0,96.0,0,0,0,2020
2020-02-25,0,81.30875,75.38875,29.73645833333333,91.0,352.0,99.0,1,0,0,2020
2020-02-26,0,81.99374999999999,75.41875,29.74145833333333,81.0,367.0,101.0,2,0,0,2020
2020-02-27,0,82.22916666666667,76.15916666666666,29.715416666666666,84.0,376.0,95.0,3,0,0,2020
2020-02-28,1,82.38270833333333,76.005625,29.702083333333334,90.0,425.0,97.0,4,0,0,2020
2020-02-29,1,81.80083333333333,74.55791666666667,29.693541666666665,89.0,464.0,97.0,5,1,0,2020
2020-03-01,0,82.181875,77.09020833333334,29.79895833333333,85.0,486.0,97.0,6,1,0,2020
2020-03-02,0,80.70479166666667,72.25020833333333,29.787291666666665,79.0,523.0,110.0,0,0,0,2020
2020-03-03,0,82.92770833333334,76.16104166666666,29.7075,78.0,418.0,111.0,1,0,0,2020
2020-03-04,0,83.77083333333333,81.48270833333333,29.696875000000002,79.0,339.0,96.0,2,0,0,2020
2020-03-05,0,84.32166666666667,77.52833333333334,29.64979166666667,83.0,314.0,89.0,3,0,0,2020
2020-03-06,0,80.06854166666666,94.61062500000001,29.678749999999997,91.0,325.0,94.0,4,0,0,2020
2020-03-07,0,79.67645833333333,96.29854166666667,29.65416666666667,90.0,381.0,101.0,5,1,0,2020
2020-03-08,0,81.03208333333333,88.64520833333334,29.579583333333332,96.0,424.0,95.0,6,1,0,2020
2020-03-09,0,82.49479166666667,84.54875,29.657916666666665,91.0,394.0,101.0,0,0,0,2020
2020-03-10,0,80.129375,85.73229166666665,29.67395833333333,85.0,381.0,110.0,1,0,0,2020
2020-03-11,0,79.83333333333333,91.91645833333332,29.718958333333333,79.0,341.0,110.0,2,0,0,2020
2020-03-12,1,77.19333333333334,97.04812500000001,29.689999999999998,85.0,339.0,109.0,3,0,0,2020
2020-03-13,0,83.821875,76.48854166666666,29.74729166666667,99.0,392.0,107.0,4,0,0,2020
2020-03-14,0,85.324375,75.25395833333333,29.69666666666667,97.0,519.0,109.0,5,1,0,2020
2020-03-15,0,85.54166666666667,74.28208333333333,29.705,96.0,482.0,98.0,6,1,0,2020
2020-03-16,0,85.43541666666665,70.81041666666667,29.730416666666667,94.0,420.0,95.0,0,0,0,2020
2020-03-17,0,83.71979166666667,69.92083333333333,29.757291666666664,93.0,419.0,106.0,1,0,0,2020
2020-03-18,0,82.36729166666667,73.20104166666667,29.730833333333333,85.0,391.0,121.0,2,0,0,2020
2020-03-19,0,82.76875,68.835,29.717291666666668,81.0,366.0,116.0,3,0,0,2020
2020-03-20,1,82.550625,68.88458333333334,29.726249999999997,84.0,370.0,101.0,4,0,0,2020
2020-03-21,0,82.30833333333334,68.81875000000001,29.74416666666667,90.0,427.0,91.0,5,1,0,2020
2020-03-22,1,82.43520833333334,72.00812499999999,29.72375,96.0,436.0,97.0,6,1,0,2020
2020-03-23,0,83.73125,73.62895833333333,29.6975,90.0,378.0,105.0,0,0,0,2020
2020-03-24,0,85.10645833333334,73.86,29.65833333333333,87.0,385.0,106.0,1,0,0,2020
2020-03-25,0,84.67812500000001,72.838125,29.639583333333334,89.0,428.0,101.0,2,0,0,2020
2020-03-26,1,85.29229166666667,73.861875,29.672916666666666,92.0,335.0,97.0,3,0,0,2020
2020-03-27,1,85.735,73.94729166666666,29.69458333333333,85.0,322.0,98.0,4,0,0,2020
2020-03-28,0,84.958125,76.26145833333334,29.672291666666666,88.0,462.0,102.0,5,1,0,2020
2020-03-29,0,84.699375,74.1425,29.650833333333335,95.0,511.0,108.0,6,1,0,2020
2020-03-30,0,84.38375,69.47500000000001,29.68541666666667,88.0,411.0,109.0,0,0,0,2020
2020-03-31,0,83.885625,71.95625,29.678541666666664,86.0,418.0,103.0,1,0,0,2020
2020-04-01,0,81.763125,75.72645833333333,29.7525,81.0,441.0,103.0,2,0,0,2020
2020-04-02,0,79.65145833333334,72.88145833333333,29.76,85.0,386.0,110.0,3,0,0,2020
2020-04-03,1,83.11749999999999,76.98395833333333,29.703958333333333,86.0,383.0,110.0,4,0,0,2020
2020-04-04,0,84.26666666666667,72.76625,29.70104166666667,82.0,407.0,99.0,5,1,0,2020
2020-04-05,0,83.16729166666667,77.09875,29.671875,87.0,436.0,84.0,6,1,0,2020
2020-04-06,0,82.13437499999999,85.68374999999999,29.68041666666667,101.0,471.0,85.0,0,0,1,2020
2020-04-07,0,80.98854166666666,91.34458333333333,29.672916666666666,105.0,442.0,103.0,1,0,0,2020
2020-04-08,0,82.16416666666667,92.91187500000001,29.578333333333333,93.0,443.0,110.0,2,0,0,2020
2020-04-09,0,79.674375,90.68708333333335,29.653958333333335,84.0,405.0,107.0,3,0,0,2020
2020-04-10,0,81.60312499999999,83.41604166666666,29.684791666666666,82.0,360.0,103.0,4,0,0,2020
2020-04-11,0,79.839375,91.75,29.722916666666666,87.0,400.0,99.0,5,1,0,2020
2020-04-12,0,78.47020833333333,94.825625,29.694791666666664,77.0,420.0,98.0,6,1,0,2020
2020-04-13,0,86.56270833333333,72.65895833333333,29.687291666666667,81.0,392.0,94.0,0,0,0,2020
2020-04-14,0,86.09125,71.10416666666667,29.70125,82.0,377.0,98.0,1,0,0,2020
2020-04-15,0,85.6725,72.08958333333334,29.70104166666667,87.0,323.0,104.0,2,0,0,2020
2020-04-16,0,83.77604166666667,81.37375,29.683125,96.0,347.0,102.0,3,0,0,2020
2020-04-17,0,82.55104166666666,84.66104166666666,29.706041666666668,79.0,455.0,100.0,4,0,0,2020
2020-04-18,0,85.01895833333333,76.02104166666668,29.715208333333333,86.0,495.0,98.0,5,1,0,2020
2020-04-19,0,85.60041666666666,74.450625,29.691875,92.0,457.0,99.0,6,1,0,2020
2020-04-20,0,85.72645833333333,76.62125,29.67895833333333,86.0,367.0,98.0,0,0,0,2020
2020-04-21,1,86.81229166666667,73.94458333333334,29.66875,76.0,401.0,97.0,1,0,0,2020
2020-04-22,0,86.156875,77.141875,29.66208333333333,76.0,389.0,100.0,2,0,0,2020
2020-04-23,0,85.0,78.36416666666666,29.674583333333334,75.0,322.0,95.0,3,0,0,2020
2020-04-24,1,85.388125,74.40833333333333,29.668541666666666,83.0,348.0,96.0,4,0,0,2020
2020-04-25,0,85.585625,73.5475,29.669166666666666,92.0,445.0,93.0,5,1,0,2020
2020-04-26,0,81.71229166666667,84.20833333333333,29.71166666666667,91.0,413.0,106.0,6,1,0,2020
2020-04-27,1,82.99833333333333,79.66166666666668,29.724166666666665,86.0,397.0,114.0,0,0,0,2020
2020-04-28,1,81.40583333333333,79.675,29.72375,89.0,409.0,102.0,1,0,0,2020
2020-04-29,0,82.64729166666667,75.00166666666667,29.684375,93.0,497.0,101.0,2,0,0,2020
2020-04-30,0,83.57833333333333,76.35166666666667,29.69729166666667,99.0,631.0,92.0,3,0,0,2020
2020-05-01,0,80.28791666666667,77.3125,29.754583333333333,98.0,705.0,82.0,4,0,1,2020
2020-05-02,1,80.41791666666667,75.84291666666667,29.737708333333334,82.0,460.0,91.0,5,1,0,2020
2020-05-03,1,82.92604166666666,78.13166666666667,29.715625,85.0,402.0,97.0,6,1,0,2020
2020-05-04,0,82.02875,79.92979166666667,29.714791666666667,94.0,517.0,93.0,0,0,1,2020
2020-05-05,0,83.90375,80.76833333333333,29.651458333333334,88.0,606.0,88.0,1,0,0,2020
2020-05-06,0,82.31875000000001,81.154375,29.688541666666666,89.0,575.0,88.0,2,0,1,2020
2020-05-07,0,80.45875,88.18770833333333,29.633125000000003,87.0,398.0,106.0,3,0,0,2020
2020-05-08,0,82.086875,91.60354166666667,29.606041666666666,88.0,409.0,109.0,4,0,0,2020
2020-05-09,0,82.24249999999999,84.22875,29.623541666666668,98.0,474.0,95.0,5,1,0,2020
2020-05-10,0,82.25937499999999,84.48791666666666,29.661875,95.0,493.0,97.0,6,1,0,2020
2020-05-11,1,80.13458333333334,91.85541666666667,29.716041666666666,85.0,386.0,110.0,0,0,0,2020
2020-05-12,0,79.225625,88.01645833333333,29.72458333333333,80.0,411.0,116.0,1,0,0,2020
2020-05-13,0,82.02479166666667,89.458125,29.632499999999997,69.0,425.0,108.0,2,0,0,2020
2020-05-14,0,83.95291666666667,83.899375,29.63416666666667,75.0,360.0,104.0,3,0,0,2020
2020-05-15,0,82.76333333333334,86.21729166666667,29.579375,79.0,392.0,100.0,4,0,0,2020
2020-05-16,0,81.64979166666667,92.44687499999999,29.580624999999998,76.0,471.0,103.0,5,1,0,2020
2020-05-17,0,80.32604166666667,92.80479166666667,29.617500000000003,84.0,453.0,102.0,6,1,0,2020
2020-05-18,1,84.35270833333333,80.7175,29.576875,89.0,379.0,100.0,0,0,0,2020
2020-05-19,0,84.25166666666667,83.28604166666666,29.594583333333333,93.0,391.0,106.0,1,0,0,2020
2020-05-20,0,83.83437500000001,83.58125,29.626875,94.0,357.0,117.0,2,0,0,2020
2020-05-21,0,84.82000000000001,78.80708333333332,29.64916666666667,102.0,372.0,117.0,3,0,0,2020
2020-05-22,0,83.09375,85.8825,29.636041666666667,98.0,415.0,111.0,4,0,0,2020
2020-05-23,0,84.65125,80.55833333333332,29.6575,83.0,477.0,95.0,5,1,0,2020
2020-05-24,0,83.63625,86.07687499999999,29.684375,85.0,461.0,89.0,6,1,0,2020
2020-05-25,0,84.11208333333333,82.55479166666667,29.707708333333333,85.0,325.0,93.0,0,0,0,2020
2020-05-26,0,81.34458333333333,91.77770833333334,29.73229166666667,84.0,292.0,101.0,1,0,0,2020
2020-05-27,0,82.17791666666666,84.75,29.709791666666664,83.0,362.0,96.0,2,0,0,2020
2020-05-28,0,82.941875,84.2725,29.682291666666668,89.0,404.0,98.0,3,0,0,2020
2020-05-29,0,80.65875,93.88541666666667,29.705416666666665,89.0,444.0,103.0,4,0,0,2020
2020-05-30,0,81.94645833333333,88.66083333333334,29.71875,85.0,452.0,93.0,5,1,0,2020
2020-05-31,0,81.43916666666667,89.83875,29.736875,93.0,421.0,96.0,6,1,0,2020
2020-06-01,0,80.401875,77.16854166666667,29.765,87.0,348.0,97.0,0,0,0,2020
2020-06-02,2,81.145625,76.56416666666667,29.759375000000002,94.0,430.0,102.0,1,0,0,2020
2020-06-03,0,82.40479166666667,80.76395833333333,29.754375,99.0,550.0,105.0,2,0,1,2020
2020-06-04,0,83.95625,77.68708333333333,29.703541666666666,93.0,423.0,104.0,3,0,0,2020
2020-06-05,0,85.40375,77.64833333333333,29.631666666666664,102.0,420.0,100.0,4,0,0,2020
2020-06-06,0,84.28833333333334,75.55125,29.670208333333335,101.0,524.0,97.0,5,1,0,2020
2020-06-07,0,78.50020833333333,91.52020833333334,29.623333333333335,93.0,530.0,96.0,6,1,0,2020
2020-06-08,0,82.29208333333334,90.66770833333334,29.633750000000003,94.0,455.0,96.0,0,0,0,2020
2020-06-09,0,82.53750000000001,81.98875,29.64854166666667,106.0,391.0,93.0,1,0,0,2020
2020-06-10,0,82.54770833333333,89.23958333333333,29.64645833333333,102.0,277.0,98.0,2,0,0,2020
2020-06-11,0,81.84458333333333,86.625,29.712500000000002,95.0,292.0,110.0,3,0,0,2020
2020-06-12,0,79.58666666666666,87.33625,29.74208333333333,91.0,364.0,111.0,4,0,0,2020
2020-06-13,0,82.95854166666666,80.47145833333333,29.60291666666667,95.0,403.0,104.0,5,1,0,2020
2020-06-14,0,80.401875,89.70604166666668,29.63,90.0,463.0,100.0,6,1,0,2020
2020-06-15,0,82.26916666666666,85.97229166666666,29.666875,80.0,371.0,105.0,0,0,0,2020
2020-06-16,0,79.56020833333334,92.135625,29.681250000000002,89.0,329.0,106.0,1,0,0,2020
2020-06-17,0,80.84875,86.02541666666667,29.675625,87.0,381.0,109.0,2,0,0,2020
2020-06-18,1,81.22354166666666,82.59666666666666,29.696250000000003,77.0,351.0,114.0,3,0,0,2020
2020-06-19,0,81.88083333333334,84.67541666666666,29.68104166666667,79.0,364.0,110.0,4,0,0,2020
2020-06-20,0,81.16520833333333,89.97125,29.660625,88.0,466.0,98.0,5,1,0,2020
2020-06-21,0,81.278125,89.60979166666668,29.618958333333335,96.0,436.0,91.0,6,1,0,2020
2020-06-22,0,80.39208333333333,93.54145833333332,29.614583333333332,99.0,339.0,90.0,0,0,0,2020
2020-06-23,0,81.20625,89.83395833333333,29.644166666666667,85.0,309.0,96.0,1,0,0,2020
2020-06-24,0,80.39916666666666,91.20854166666668,29.643541666666668,76.0,332.0,101.0,2,0,0,2020
2020-06-25,0,81.2675,83.20645833333333,29.631249999999998,85.0,433.0,102.0,3,0,0,2020
2020-06-26,0,79.52416666666666,91.60520833333334,29.651458333333334,83.0,460.0,102.0,4,0,0,2020
2020-06-27,0,81.70854166666668,86.02041666666668,29.647499999999997,75.0,454.0,102.0,5,1,0,2020
2020-06-28,0,83.76458333333333,83.03229166666667,29.635833333333334,72.0,424.0,102.0,6,1,0,2020
2020-06-29,0,79.04229166666667,96.00375000000001,29.641666666666666,77.0,395.0,95.0,0,0,0,2020
2020-06-30,0,81.37354166666667,83.64645833333333,29.645416666666666,84.0,388.0,94.0,1,0,0,2020
2020-07-01,0,80.61979166666667,78.71520833333334,29.742708333333336,85.0,447.0,96.0,2,0,0,2020
2020-07-02,0,81.50333333333333,73.70479166666667,29.775208333333335,92.0,495.0,104.0,3,0,0,2020
2020-07-03,0,83.49458333333332,77.42875,29.76375,95.0,520.0,107.0,4,0,0,2020
2020-07-04,0,85.51895833333333,75.15729166666667,29.68875,100.0,543.0,94.0,5,1,0,2020
2020-07-05,0,84.08604166666667,82.51479166666667,29.622083333333332,105.0,568.0,89.0,6,1,1,2020
2020-07-06,0,82.23104166666667,85.37291666666665,29.66333333333333,101.0,524.0,85.0,0,0,1,2020
2020-07-07,1,79.62354166666667,88.86312500000001,29.660208333333333,96.0,458.0,83.0,1,0,1,2020
2020-07-08,0,83.77125,83.62125,29.62291666666667,100.0,490.0,92.0,2,0,0,2020
2020-07-09,1,80.82729166666667,90.13666666666667,29.659583333333334,82.0,496.0,106.0,3,0,0,2020
2020-07-10,1,81.23104166666667,87.14083333333333,29.629791666666666,80.0,416.0,103.0,4,0,0,2020
2020-07-11,0,80.12541666666667,91.54145833333332,29.722916666666666,86.0,448.0,99.0,5,1,0,2020
2020-07-12,3,79.19291666666668,86.12583333333333,29.749583333333334,94.0,438.0,101.0,6,1,0,2020
2020-07-13,0,78.49854166666667,94.9575,29.657916666666665,80.0,391.0,105.0,0,0,0,2020
2020-07-14,0,81.04166666666667,84.40520833333333,29.635416666666668,74.0,396.0,108.0,1,0,0,2020
2020-07-15,0,83.27125,82.76479166666667,29.621458333333333,74.0,468.0,105.0,2,0,0,2020
2020-07-16,1,80.68708333333333,90.80375,29.617500000000003,74.0,419.0,105.0,3,0,0,2020
2020-07-17,0,80.92791666666666,87.9525,29.636041666666667,81.0,401.0,104.0,4,0,0,2020
2020-07-18,0,80.36895833333334,89.24874999999999,29.653750000000002,88.0,461.0,96.0,5,1,0,2020
2020-07-19,0,82.16333333333334,84.88437499999999,29.625833333333333,82.0,473.0,97.0,6,1,0,2020
2020-07-20,0,80.87333333333333,90.40541666666667,29.625833333333333,74.0,439.0,104.0,0,0,0,2020
2020-07-21,0,79.89770833333334,91.62541666666668,29.63875,81.0,366.0,103.0,1,0,0,2020
2020-07-22,0,80.54854166666667,89.42395833333335,29.648124999999997,88.0,382.0,99.0,2,0,0,2020
2020-07-23,1,80.61166666666666,90.28020833333333,29.64645833333333,93.0,469.0,103.0,3,0,0,2020
2020-07-24,0,80.79145833333332,88.34770833333333,29.652291666666667,91.0,502.0,109.0,4,0,0,2020
2020-07-25,0,81.33749999999999,84.75479166666666,29.637708333333332,96.0,475.0,94.0,5,1,0,2020
2020-07-26,0,81.48916666666666,84.77625,29.63875,98.0,419.0,90.0,6,1,0,2020
2020-07-27,0,81.60875,89.348125,29.619791666666668,92.0,491.0,92.0,0,0,1,2020
2020-07-28,1,81.86208333333333,88.30395833333334,29.633958333333336,93.0,515.0,96.0,1,0,1,2020
2020-07-29,0,81.29145833333332,85.620625,29.656875,87.0,505.0,95.0,2,0,0,2020
2020-07-30,0,82.189375,85.51083333333334,29.660625,79.0,403.0,96.0,3,0,0,2020
2020-07-31,0,78.72145833333333,95.41395833333333,29.63875,86.0,400.0,96.0,4,0,0,2020
2020-08-01,0,82.681875,77.5925,29.70875,104.0,439.0,92.0,5,1,0,2020
2020-08-02,0,80.391875,73.47395833333333,29.7925,107.0,434.0,98.0,6,1,0,2020
2020-08-03,0,83.83145833333333,73.65479166666667,29.709791666666664,86.0,447.0,108.0,0,0,0,2020
2020-08-04,0,84.96604166666667,75.72166666666666,29.702291666666667,91.0,439.0,107.0,1,0,0,2020
2020-08-05,0,81.92395833333333,90.03416666666668,29.628333333333334,97.0,378.0,101.0,2,0,0,2020
2020-08-06,0,82.37291666666667,83.564375,29.650000000000002,94.0,342.0,94.0,3,0,0,2020
2020-08-07,0,80.90104166666667,87.156875,29.667708333333334,87.0,342.0,96.0,4,0,0,2020
2020-08-08,0,83.84125,83.37625,29.61854166666667,90.0,466.0,89.0,5,1,0,2020
2020-08-09,0,81.83729166666667,88.87458333333332,29.6775,88.0,469.0,85.0,6,1,0,2020
2020-08-10,0,79.06229166666667,94.48458333333333,29.60291666666667,91.0,428.0,96.0,0,0,0,2020
2020-08-11,0,78.17999999999999,99.73583333333333,29.759375000000002,96.0,416.0,100.0,1,0,0,2020
2020-08-12,0,79.59125,86.9925,29.743958333333335,94.0,503.0,89.0,2,0,1,2020
2020-08-13,0,79.89270833333333,86.098125,29.685833333333335,90.0,438.0,97.0,3,0,0,2020
2020-08-14,0,79.13020833333333,87.05833333333334,29.66395833333333,94.0,410.0,110.0,4,0,0,2020
2020-08-15,0,82.65166666666666,81.74020833333334,29.659583333333334,96.0,428.0,107.0,5,1,0,2020
2020-08-16,0,82.84166666666667,83.07541666666667,29.663541666666664,91.0,405.0,108.0,6,1,0,2020
2020-08-17,1,82.80499999999999,82.42020833333333,29.642291666666665,95.0,351.0,112.0,0,0,0,2020
2020-08-18,0,82.988125,81.58604166666667,29.6375,91.0,360.0,108.0,1,0,0,2020
2020-08-19,0,80.324375,91.74395833333334,29.624791666666667,87.0,355.0,104.0,2,0,0,2020
2020-08-20,0,82.9775,80.88020833333333,29.638333333333335,87.0,364.0,107.0,3,0,0,2020
2020-08-21,0,81.41833333333334,86.45208333333333,29.67979166666667,93.0,363.0,110.0,4,0,0,2020
2020-08-22,0,81.63020833333333,87.76354166666665,29.690625,96.0,500.0,102.0,5,1,0,2020
2020-08-23,0,81.59979166666666,90.34104166666667,29.69395833333333,83.0,493.0,100.0,6,1,0,2020
2020-08-24,0,80.51770833333333,89.41625,29.685625,75.0,394.0,104.0,0,0,0,2020
2020-08-25,0,80.735,85.69916666666667,29.68479166666667,75.0,341.0,107.0,1,0,0,2020
2020-08-26,0,82.931875,83.08270833333334,29.6725,85.0,334.0,105.0,2,0,0,2020
2020-08-27,0,84.13041666666668,80.95833333333333,29.643541666666668,88.0,357.0,112.0,3,0,0,2020
2020-08-28,0,82.83437500000001,85.17958333333333,29.613541666666666,83.0,413.0,108.0,4,0,0,2020
2020-08-29,0,83.79479166666667,82.2175,29.60354166666667,86.0,470.0,100.0,5,1,0,2020
2020-08-30,0,83.311875,82.84833333333333,29.596041666666665,101.0,479.0,104.0,6,1,0,2020
2020-08-31,0,82.66291666666667,87.99333333333334,29.60729166666667,104.0,446.0,93.0,0,0,0,2020
2020-09-01,0,82.00645833333333,75.29875,29.709166666666665,102.0,460.0,89.0,1,0,0,2020
2020-09-02,0,80.00666666666667,79.48208333333334,29.77625,95.0,504.0,98.0,2,0,0,2020
2020-09-03,0,84.574375,73.19583333333334,29.655833333333334,98.0,526.0,91.0,3,0,0,2020
2020-09-04,0,85.839375,72.53791666666667,29.709791666666664,102.0,552.0,83.0,4,0,1,2020
2020-09-05,0,83.76166666666667,83.85083333333334,29.62625,91.0,570.0,97.0,5,1,0,2020
2020-09-06,1,85.17645833333333,76.68395833333334,29.631041666666665,84.0,540.0,105.0,6,1,0,2020
2020-09-07,0,81.96229166666667,83.17291666666667,29.64125,91.0,457.0,103.0,0,0,1,2020
2020-09-08,0,84.66104166666666,79.91458333333334,29.620833333333334,96.0,479.0,98.0,1,0,0,2020
2020-09-09,1,80.40125,91.628125,29.658541666666668,89.0,538.0,97.0,2,0,0,2020
2020-09-10,0,79.775625,91.45833333333333,29.610625,82.0,478.0,103.0,3,0,0,2020
2020-09-11,1,76.655625,100.0,29.745416666666667,88.0,419.0,100.0,4,0,0,2020
2020-09-12,0,80.56270833333333,88.63145833333334,29.704791666666665,106.0,374.0,97.0,5,1,0,2020
2020-09-13,0,81.058125,86.315625,29.699583333333333,108.0,398.0,105.0,6,1,0,2020
2020-09-14,1,78.30645833333334,96.16250000000001,29.67395833333333,97.0,362.0,107.0,0,0,0,2020
2020-09-15,0,81.14270833333333,86.18729166666667,29.67833333333333,86.0,361.0,98.0,1,0,0,2020
2020-09-16,0,79.77958333333333,95.10270833333334,29.680000000000003,79.0,382.0,105.0,2,0,0,2020
2020-09-17,1,82.001875,86.13270833333333,29.638333333333335,83.0,404.0,106.0,3,0,0,2020
2020-09-18,0,77.899375,97.55041666666666,29.593541666666667,86.0,384.0,103.0,4,0,0,2020
2020-09-19,0,79.91625,88.04145833333332,29.60229166666667,96.0,421.0,93.0,5,1,0,2020
2020-09-20,0,81.32375,85.374375,29.666875,98.0,393.0,91.0,6,1,0,2020
2020-09-21,1,84.13229166666666,83.87854166666666,29.666666666666668,88.0,339.0,98.0,0,0,0,2020
2020-09-22,0,81.56458333333333,88.74541666666666,29.6675,92.0,384.0,104.0,1,0,0,2020
2020-09-23,0,80.88104166666666,91.39520833333334,29.678541666666664,88.0,416.0,102.0,2,0,0,2020
2020-09-24,0,81.49833333333333,83.53875000000001,29.717083333333335,84.0,402.0,102.0,3,0,0,2020
2020-09-25,0,79.99229166666667,89.55979166666667,29.710416666666664,83.0,437.0,104.0,4,0,0,2020
2020-09-26,0,82.03625,81.564375,29.69395833333333,88.0,454.0,93.0,5,1,0,2020
2020-09-27,0,80.17812500000001,86.72520833333333,29.675416666666667,90.0,444.0,89.0,6,1,0,2020
2020-09-28,0,77.69833333333334,93.086875,29.660208333333333,85.0,344.0,99.0,0,0,0,2020
2020-09-29,0,81.42291666666667,80.12979166666666,29.652291666666667,82.0,387.0,97.0,1,0,0,2020
2020-09-30,1,79.489375,93.3275,29.630208333333332,87.0,435.0,103.0,2,0,0,2020
2020-10-01,0,81.04,80.89041666666667,29.70104166666667,98.0,377.0,106.0,3,0,0,2020
2020-10-02,0,79.480625,85.51666666666667,29.76770833333333,91.0,405.0,98.0,4,0,0,2020
2020-10-03,0,83.32520833333334,80.72104166666666,29.653125,95.0,464.0,92.0,5,1,0,2020
2020-10-04,0,85.00916666666667,70.846875,29.738333333333333,88.0,441.0,91.0,6,1,0,2020
2020-10-05,0,83.66208333333334,86.98729166666668,29.630208333333332,79.0,391.0,97.0,0,0,0,2020
2020-10-06,0,81.891875,87.92895833333334,29.64645833333333,103.0,360.0,95.0,1,0,0,2020
2020-10-07,0,80.71625,89.20375,29.662499999999998,92.0,346.0,92.0,2,0,0,2020
2020-10-08,0,82.76375,87.08645833333333,29.665000000000003,85.0,359.0,99.0,3,0,0,2020
2020-10-09,0,79.87395833333333,91.979375,29.618125000000003,97.0,381.0,103.0,4,0,0,2020
2020-10-10,1,77.86020833333333,96.87416666666667,29.612291666666668,103.0,419.0,94.0,5,1,0,2020
2020-10-11,0,79.88895833333333,87.75,29.67625,89.0,362.0,96.0,6,1,0,2020
2020-10-12,0,78.98875,90.5,29.705833333333334,81.0,402.0,92.0,0,0,0,2020
2020-10-13,0,76.47729166666666,99.43291666666666,29.630625,86.0,531.0,87.0,1,0,1,2020
2020-10-14,0,81.11708333333333,84.88250000000001,29.633750000000003,88.0,461.0,104.0,2,0,0,2020
2020-10-15,0,80.01875,93.51666666666667,29.631249999999998,88.0,422.0,106.0,3,0,0,2020
2020-10-16,0,81.21791666666667,88.73479166666668,29.601249999999997,91.0,418.0,101.0,4,0,0,2020
2020-10-17,0,80.09333333333333,94.07791666666667,29.596041666666665,90.0,517.0,92.0,5,1,0,2020
2020-10-18,0,80.32729166666667,91.311875,29.629583333333333,87.0,533.0,90.0,6,1,0,2020
2020-10-19,0,81.63666666666667,88.520625,29.64,85.0,399.0,101.0,0,0,0,2020
2020-10-20,0,82.435625,86.40833333333335,29.651458333333334,83.0,404.0,103.0,1,0,0,2020
2020-10-21,0,80.86874999999999,91.470625,29.674375,89.0,490.0,109.0,2,0,0,2020
2020-10-22,1,77.69354166666666,95.22875,29.675833333333333,93.0,405.0,98.0,3,0,0,2020
2020-10-23,0,77.39375,95.958125,29.667291666666667,100.0,430.0,89.0,4,0,1,2020
2020-10-24,0,79.41291666666667,91.52083333333333,29.689999999999998,96.0,529.0,93.0,5,1,0,2020
2020-10-25,0,80.468125,91.194375,29.699791666666666,86.0,462.0,97.0,6,1,0,2020
2020-10-26,0,78.54666666666667,94.35812499999999,28.238541666666666,79.0,335.0,102.0,0,0,0,2020
2020-10-27,0,82.24291666666666,82.95583333333333,29.655416666666667,92.0,322.0,102.0,1,0,0,2020
2020-10-28,0,82.92979166666667,81.55479166666667,29.655833333333334,93.0,357.0,101.0,2,0,0,2020
2020-10-29,0,81.42979166666667,85.635625,29.677291666666665,85.0,325.0,102.0,3,0,0,2020
2020-10-30,1,81.61,88.248125,29.681458333333335,91.0,332.0,108.0,4,0,0,2020
2020-10-31,0,80.75104166666667,89.64583333333333,29.706875,93.0,384.0,100.0,5,1,0,2020
2020-11-01,0,81.58041666666666,79.35416666666667,29.703125,90.0,431.0,96.0,6,1,0,2020
2020-11-02,0,81.086875,84.30291666666666,29.767916666666665,84.0,372.0,99.0,0,0,0,2020
2020-11-03,0,83.15166666666667,82.20229166666667,29.700833333333335,80.0,337.0,97.0,1,0,0,2020
2020-11-04,0,85.27083333333333,69.3575,29.734791666666666,83.0,400.0,99.0,2,0,0,2020
2020-11-05,0,81.79520833333333,89.25666666666666,29.64645833333333,85.0,354.0,103.0,3,0,0,2020
2020-11-06,0,83.99270833333334,83.28104166666667,29.631874999999997,86.0,399.0,105.0,4,0,0,2020
2020-11-07,1,80.30416666666666,89.6225,29.647291666666664,88.0,540.0,107.0,5,1,0,2020
2020-11-08,0,84.15604166666667,79.5625,29.666458333333335,90.0,465.0,101.0,6,1,0,2020
2020-11-09,1,80.50541666666666,85.81479166666666,29.661458333333332,83.0,363.0,101.0,0,0,0,2020
2020-11-10,0,77.02291666666666,99.374375,29.603125000000002,81.0,356.0,100.0,1,0,0,2020
2020-11-11,1,81.11125,85.89416666666666,29.684166666666666,83.0,387.0,106.0,2,0,0,2020
2020-11-12,0,80.25750000000001,88.038125,29.697083333333335,80.0,342.0,106.0,3,0,0,2020
2020-11-13,0,79.98125,93.99958333333332,29.672708333333333,78.0,308.0,108.0,4,0,0,2020
2020-11-14,1,80.77479166666667,90.37625000000001,29.6675,83.0,366.0,96.0,5,1,0,2020
2020-11-15,0,81.543125,88.185,29.689999999999998,86.0,407.0,102.0,6,1,0,2020
2020-11-16,0,81.93583333333333,86.70229166666667,29.691041666666667,90.0,393.0,101.0,0,0,0,2020
2020-11-17,1,78.85479166666666,94.984375,29.66541666666667,97.0,397.0,96.0,1,0,0,2020
2020-11-18,1,79.940625,91.958125,29.655,100.0,507.0,89.0,2,0,0,2020
2020-11-19,0,81.50916666666667,89.43729166666667,29.649583333333336,97.0,555.0,86.0,3,0,1,2020
2020-11-20,0,79.95020833333334,95.58270833333334,29.65833333333333,94.0,482.0,91.0,4,0,1,2020
2020-11-21,0,78.25125,97.64541666666666,29.679166666666664,91.0,480.0,91.0,5,1,0,2020
2020-11-22,0,78.29145833333334,95.25,29.713333333333335,84.0,547.0,94.0,6,1,0,2020
2020-11-23,0,78.48833333333333,94.333125,29.724999999999998,96.0,472.0,93.0,0,0,0,2020
2020-11-24,1,78.77979166666667,91.56208333333332,29.709166666666665,100.0,416.0,99.0,1,0,0,2020
2020-11-25,0,77.06458333333333,99.49895833333333,29.688125,89.0,404.0,101.0,2,0,0,2020
2020-11-26,0,78.95791666666666,94.36479166666668,29.682083333333335,75.0,378.0,94.0,3,0,0,2020
2020-11-27,1,76.52145833333334,99.8625,29.697916666666668,80.0,408.0,90.0,4,0,0,2020
2020-11-28,0,81.02312500000001,89.77083333333333,29.70958333333333,82.0,450.0,95.0,5,1,0,2020
2020-11-29,0,79.99979166666667,88.02125000000001,29.700416666666666,89.0,406.0,99.0,6,1,0,2020
2020-11-30,0,78.42979166666667,98.7075,29.68041666666667,74.0,383.0,96.0,0,0,0,2020
2020-12-01,0,81.16166666666668,80.59916666666668,29.683958333333333,74.0,350.0,101.0,1,0,0,2020
2020-12-02,1,79.388125,90.00999999999999,29.78333333333333,82.0,349.0,104.0,2,0,0,2020
2020-12-03,1,83.78,76.37354166666667,29.744791666666668,73.0,351.0,98.0,3,0,0,2020
2020-12-04,0,86.29520833333333,74.525625,29.693125,68.0,378.0,92.0,4,0,0,2020
2020-12-05,1,80.95812500000001,92.958125,29.65041666666667,83.0,525.0,89.0,5,1,1,2020
2020-12-06,0,80.47145833333333,90.41812499999999,29.617291666666663,92.0,598.0,96.0,6,1,0,2020
2020-12-07,1,79.811875,82.76270833333334,29.021041666666665,87.0,684.0,94.0,0,0,1,2020
2020-12-08,0,82.670625,85.631875,29.687916666666666,84.0,513.0,100.0,1,0,0,2020
2020-12-09,1,79.94375000000001,92.00770833333333,29.696875000000002,95.0,544.0,93.0,2,0,0,2020
2020-12-10,0,77.33375,98.18708333333332,29.59645833333333,105.0,681.0,92.0,3,0,1,2020
2020-12-11,0,82.170625,88.25166666666667,29.681875,109.0,499.0,90.0,4,0,1,2020
2020-12-12,0,79.85875,92.524375,29.67895833333333,101.0,451.0,94.0,5,1,0,2020
2020-12-13,0,77.80125,98.145,29.668541666666666,90.0,515.0,101.0,6,1,0,2020
2020-12-14,0,80.499375,87.18708333333335,29.66875,88.0,485.0,94.0,0,0,0,2020
2020-12-15,0,81.318125,87.74979166666667,29.704583333333332,93.0,508.0,93.0,1,0,0,2020
2020-12-16,0,80.25958333333334,88.37479166666667,29.71666666666667,82.0,388.0,94.0,2,0,0,2020
2020-12-17,0,74.925,100.0,29.72083333333333,78.0,331.0,91.0,3,0,0,2020
2020-12-18,1,76.00020833333333,99.87395833333333,29.708541666666665,86.0,378.0,100.0,4,0,0,2020
2020-12-19,0,78.30666666666666,93.70833333333333,29.716875,84.0,437.0,97.0,5,1,0,2020
2020-12-20,0,77.06458333333333,99.12458333333332,29.729791666666667,81.0,417.0,94.0,6,1,0,2020
2020-12-21,2,78.50208333333333,90.54124999999999,29.705624999999998,89.0,367.0,98.0,0,0,0,2020
2020-12-22,0,78.17416666666666,86.55104166666666,29.695833333333336,90.0,364.0,108.0,1,0,0,2020
2020-12-23,0,78.67020833333333,88.04541666666667,29.658125,79.0,346.0,103.0,2,0,0,2020
2020-12-24,0,77.27979166666667,98.256875,29.636041666666667,79.0,334.0,101.0,3,0,0,2020
2020-12-25,0,79.52958333333333,89.33833333333332,29.646874999999998,82.0,376.0,103.0,4,0,0,2020
2020-12-26,1,79.091875,93.96125,29.685625,87.0,418.0,96.0,5,1,0,2020
2020-12-27,1,79.13625,89.041875,29.689999999999998,84.0,385.0,96.0,6,1,0,2020
2020-12-28,0,80.96145833333334,84.18729166666667,29.670625,77.0,377.0,105.0,0,0,0,2020
2020-12-29,0,81.02229166666667,81.85458333333334,29.673541666666665,82.0,386.0,108.0,1,0,0,2020
2020-12-30,0,80.49041666666666,83.4275,29.674791666666668,86.0,444.0,104.0,2,0,0,2020
2020-12-31,2,79.05645833333334,86.51895833333333,29.700625000000002,94.0,484.0,96.0,3,0,1,2020
2021-01-01,0,79.1475,85.2725,29.721875,95.0,467.0,82.0,4,0,1,2021
2021-01-02,0,80.49395833333334,81.65104166666667,29.765208333333334,95.0,517.0,87.0,5,1,0,2021
2021-01-03,0,82.465625,76.46854166666667,29.761041666666667,92.0,501.0,89.0,6,1,0,2021
2021-01-04,0,82.145625,87.89541666666668,29.615416666666665,87.0,412.0,99.0,0,0,0,2021
2021-01-05,0,81.88770833333334,85.28208333333333,29.713333333333335,82.0,386.0,101.0,1,0,0,2021
2021-01-06,0,80.89520833333333,100.0,29.67,84.0,345.0,102.0,2,0,0,2021
2021-01-07,0,81.0,100.0,29.67,80.0,335.0,103.0,3,0,0,2021
2021-01-08,0,81.0,100.0,29.67,88.0,369.0,97.0,4,0,0,2021
2021-01-09,0,81.0,100.0,29.67,92.0,501.0,85.0,5,1,1,2021
2021-01-10,0,81.0,100.0,29.67,93.0,503.0,91.0,6,1,0,2021
2021-01-11,0,81.0,100.0,29.67,92.0,388.0,102.0,0,0,0,2021
2021-01-12,0,81.0,100.0,29.67,90.0,394.0,102.0,1,0,0,2021
2021-01-13,0,77.79916666666666,84.74666666666667,29.734791666666666,101.0,485.0,102.0,2,0,0,2021
2021-01-14,0,77.69916666666667,87.83666666666666,29.726875000000003,94.0,434.0,101.0,3,0,0,2021
2021-01-15,0,78.43333333333334,84.395,29.68375,89.0,434.0,96.0,4,0,0,2021
2021-01-16,0,80.81520833333333,79.66541666666667,29.691458333333333,86.0,505.0,99.0,5,1,0,2021
2021-01-17,0,79.06979166666666,86.17750000000001,29.72666666666667,80.0,458.0,104.0,6,1,0,2021
2021-01-18,0,78.63479166666666,81.095625,29.74416666666667,88.0,374.0,113.0,0,0,0,2021
2021-01-19,0,79.39375,74.579375,29.724791666666665,83.0,365.0,114.0,1,0,0,2021
2021-01-20,1,79.18520833333334,79.00729166666666,29.735208333333333,77.0,384.0,98.0,2,0,0,2021
2021-01-21,0,78.77229166666667,82.369375,29.711041666666663,78.0,440.0,92.0,3,0,0,2021
2021-01-22,0,79.31625,80.67395833333333,29.698125,80.0,452.0,97.0,4,0,0,2021
2021-01-23,0,80.32791666666667,82.66437499999999,29.697083333333335,93.0,466.0,97.0,5,1,0,2021
2021-01-24,0,80.600625,84.79166666666667,29.707291666666666,98.0,438.0,97.0,6,1,0,2021
2021-01-25,0,80.54854166666667,80.14270833333333,29.709999999999997,88.0,395.0,104.0,0,0,0,2021
2021-01-26,0,79.560625,80.60625,29.69125,84.0,346.0,103.0,1,0,0,2021
2021-01-27,0,80.28750000000001,83.00375,29.695833333333336,83.0,322.0,105.0,2,0,0,2021
2021-01-28,0,81.51520833333333,80.49458333333332,29.729166666666668,87.0,380.0,116.0,3,0,0,2021
2021-01-29,1,80.23458333333333,78.068125,29.743750000000002,90.0,405.0,104.0,4,0,0,2021
2021-01-30,0,79.54354166666667,77.02479166666667,29.746041666666667,93.0,420.0,93.0,5,1,0,2021
2021-01-31,0,79.08208333333333,81.36145833333333,29.764166666666668,99.0,479.0,95.0,6,1,0,2021
2021-02-01,0,77.94125,91.841875,29.719375,93.0,424.0,103.0,0,0,0,2021
2021-02-02,0,81.02875,79.1475,29.768333333333334,91.0,364.0,104.0,1,0,0,2021
2021-02-03,1,82.69875,76.55479166666667,29.758125000000003,83.0,375.0,104.0,2,0,0,2021
2021-02-04,0,83.24208333333333,81.12666666666667,29.645,81.0,361.0,107.0,3,0,0,2021
2021-02-05,0,80.85979166666667,86.24458333333332,29.695833333333336,83.0,360.0,103.0,4,0,0,2021
2021-02-06,0,81.0,100.0,29.67,94.0,436.0,97.0,5,1,0,2021
2021-02-07,0,81.0,100.0,29.67,97.0,452.0,96.0,6,1,0,2021
2021-02-08,0,81.0,100.0,29.67,81.0,353.0,106.0,0,0,0,2021
2021-02-09,0,81.0,100.0,29.67,73.0,389.0,106.0,1,0,0,2021
2021-02-10,0,81.0,100.0,29.67,83.0,435.0,105.0,2,0,0,2021
2021-02-11,0,81.0,100.0,29.67,79.0,439.0,100.0,3,0,0,2021
2021-02-12,0,81.0,100.0,29.67,84.0,526.0,87.0,4,0,1,2021
2021-02-13,0,81.15541666666667,78.54541666666667,29.76,86.0,522.0,95.0,5,1,0,2021
2021-02-14,0,80.51083333333334,76.673125,29.765208333333334,87.0,529.0,102.0,6,1,0,2021
2021-02-15,0,77.30208333333333,86.63125000000001,29.74,90.0,414.0,102.0,0,0,0,2021
2021-02-16,0,80.26333333333334,75.53708333333334,29.71020833333333,94.0,373.0,99.0,1,0,0,2021
2021-02-17,0,79.21270833333334,74.41479166666666,29.742708333333336,82.0,415.0,98.0,2,0,0,2021
2021-02-18,0,78.00500000000001,71.51187499999999,29.79479166666667,84.0,361.0,101.0,3,0,0,2021
2021-02-19,0,79.765625,70.625,29.794375,99.0,366.0,105.0,4,0,0,2021
2021-02-20,0,79.25395833333333,73.79229166666667,29.76625,99.0,495.0,109.0,5,1,0,2021
2021-02-21,0,79.82583333333334,75.71270833333334,29.75375,91.0,477.0,98.0,6,1,0,2021
2021-02-22,0,80.75541666666666,66.42104166666667,29.745833333333334,89.0,413.0,99.0,0,0,0,2021
2021-02-23,0,78.06041666666667,77.49625,29.716041666666666,89.0,408.0,108.0,1,0,0,2021
2021-02-24,0,79.423125,77.038125,29.694999999999997,87.0,334.0,106.0,2,0,0,2021
2021-02-25,0,81.596875,76.88979166666667,29.660416666666666,95.0,340.0,105.0,3,0,0,2021
2021-02-26,1,82.266875,64.09083333333334,29.660416666666666,107.0,434.0,95.0,4,0,1,2021
2021-02-27,0,82.27979166666667,72.11541666666666,29.65125,90.0,529.0,96.0,5,1,0,2021
2021-02-28,0,81.82541666666667,75.48041666666667,29.694374999999997,81.0,495.0,98.0,6,1,0,2021
2021-03-01,1,78.108125,91.82187499999999,29.69666666666667,82.0,395.0,104.0,0,0,0,2021
2021-03-02,0,79.45645833333333,76.88416666666667,29.756041666666665,97.0,412.0,104.0,1,0,0,2021
2021-03-03,0,83.58791666666666,75.52229166666667,29.76125,99.0,443.0,111.0,2,0,0,2021
2021-03-04,0,82.17041666666667,88.4775,29.635,93.0,382.0,113.0,3,0,0,2021
2021-03-05,1,82.54583333333333,84.18166666666666,29.65416666666667,83.0,403.0,107.0,4,0,0,2021
2021-03-06,0,81.0,100.0,29.67,87.0,474.0,101.0,5,1,0,2021
2021-03-07,0,81.0,100.0,29.67,94.0,471.0,95.0,6,1,0,2021
2021-03-08,0,81.0,100.0,29.67,90.0,407.0,103.0,0,0,0,2021
2021-03-09,0,81.0,100.0,29.67,79.0,379.0,91.0,1,0,0,2021
2021-03-10,0,81.0,100.0,29.67,79.0,350.0,96.0,2,0,0,2021
2021-03-11,0,81.0,100.0,29.67,95.0,353.0,98.0,3,0,0,2021
2021-03-12,0,81.0,100.0,29.67,87.0,404.0,101.0,4,0,0,2021
2021-03-13,0,82.44500000000001,76.25625000000001,29.778958333333335,89.0,412.0,99.0,5,1,0,2021
2021-03-14,0,81.83104166666666,76.21770833333333,29.734791666666666,93.0,379.0,104.0,6,1,0,2021
2021-03-15,0,82.25750000000001,77.78791666666667,29.71104166666667,89.0,334.0,110.0,0,0,0,2021
2021-03-16,0,82.14416666666666,76.15520833333333,29.707291666666666,91.0,368.0,105.0,1,0,0,2021
2021-03-17,0,81.60770833333333,78.20770833333333,29.70125,89.0,378.0,102.0,2,0,0,2021
2021-03-18,0,81.49062500000001,74.67020833333333,29.69541666666667,87.0,351.0,103.0,3,0,0,2021
2021-03-19,0,80.84666666666666,76.28979166666666,29.6825,90.0,398.0,103.0,4,0,0,2021
2021-03-20,0,81.643125,76.67604166666666,29.64708333333333,94.0,477.0,97.0,5,1,0,2021
2021-03-21,0,82.86749999999999,78.23333333333333,29.64833333333333,89.0,446.0,96.0,6,1,0,2021
2021-03-22,0,83.33479166666667,77.67979166666667,29.710416666666664,88.0,489.0,101.0,0,0,0,2021
2021-03-23,0,81.9175,82.19125,29.728333333333335,91.0,415.0,106.0,1,0,0,2021
2021-03-24,0,81.23083333333334,91.18791666666668,29.698333333333334,96.0,389.0,101.0,2,0,0,2021
2021-03-25,0,82.20812500000001,82.653125,29.68875,95.0,412.0,97.0,3,0,0,2021
2021-03-26,0,80.56333333333333,92.35125,29.68875,89.0,388.0,95.0,4,0,0,2021
2021-03-27,1,82.52229166666667,82.79145833333334,29.663124999999997,93.0,367.0,92.0,5,1,0,2021
2021-03-28,0,80.08541666666666,91.45833333333333,29.664583333333336,80.0,382.0,97.0,6,1,0,2021
2021-03-29,0,81.50041666666667,84.58375,29.653333333333332,80.0,364.0,107.0,0,0,0,2021
2021-03-30,0,83.038125,84.999375,29.622708333333335,93.0,380.0,101.0,1,0,0,2021
2021-03-31,1,82.88229166666666,84.64604166666668,29.600624999999997,91.0,395.0,101.0,2,0,0,2021
2021-04-01,0,78.08666666666666,94.75020833333333,29.69729166666667,88.0,392.0,100.0,3,0,0,2021
2021-04-02,0,78.64020833333333,74.956875,29.77416666666667,93.0,378.0,98.0,4,0,0,2021
2021-04-03,0,83.02604166666667,80.37666666666667,29.765625,91.0,450.0,100.0,5,1,0,2021
2021-04-04,0,81.41291666666667,93.79166666666667,29.665833333333335,82.0,459.0,104.0,6,1,0,2021
2021-04-05,0,82.714375,88.52083333333333,29.651875,85.0,422.0,101.0,0,0,0,2021
2021-04-06,0,81.0,100.0,29.67,91.0,505.0,97.0,1,0,1,2021
2021-04-07,1,81.0,100.0,29.67,95.0,484.0,103.0,2,0,0,2021
2021-04-08,0,81.0,100.0,29.67,96.0,515.0,113.0,3,0,0,2021
2021-04-09,0,81.0,100.0,29.67,85.0,498.0,100.0,4,0,0,2021
2021-04-10,0,81.0,100.0,29.67,87.0,490.0,94.0,5,1,0,2021
2021-04-11,0,81.0,100.0,29.67,100.0,463.0,96.0,6,1,0,2021
2021-04-12,0,81.0,100.0,29.67,103.0,502.0,94.0,0,0,1,2021
2021-04-13,0,80.60625,86.91708333333334,29.748125,105.0,539.0,87.0,1,0,1,2021
2021-04-14,0,80.20104166666667,85.10458333333334,29.74729166666667,100.0,538.0,88.0,2,0,1,2021
2021-04-15,0,79.685,92.85333333333334,29.725416666666664,101.0,543.0,90.0,3,0,1,2021
2021-04-16,1,81.73770833333333,85.52145833333333,29.722083333333334,94.0,568.0,92.0,4,0,0,2021
2021-04-17,0,82.63645833333334,85.60416666666667,29.754791666666666,95.0,565.0,91.0,5,1,0,2021
2021-04-18,0,82.38729166666667,83.42583333333333,29.754791666666666,87.0,484.0,96.0,6,1,0,2021
2021-04-19,1,83.03229166666667,81.42854166666667,29.722916666666666,81.0,422.0,97.0,0,0,0,2021
2021-04-20,1,81.91729166666667,83.08437500000001,29.707708333333333,85.0,363.0,99.0,1,0,0,2021
2021-04-21,0,83.244375,81.47208333333333,29.705624999999998,90.0,341.0,105.0,2,0,0,2021
2021-04-22,0,81.2275,93.65104166666667,29.708541666666665,82.0,375.0,105.0,3,0,0,2021
2021-04-23,1,81.19145833333333,89.05291666666666,29.69875,87.0,385.0,95.0,4,0,0,2021
2021-04-24,0,81.30166666666666,80.40791666666667,29.70625,105.0,483.0,100.0,5,1,0,2021
2021-04-25,0,82.13041666666668,80.7975,29.710624999999997,114.0,506.0,99.0,6,1,0,2021
2021-04-26,0,80.99583333333334,85.92041666666667,29.700625000000002,85.0,447.0,104.0,0,0,0,2021
2021-04-27,0,79.42979166666667,88.47333333333334,29.728125000000002,83.0,423.0,107.0,1,0,0,2021
2021-04-28,1,80.72687499999999,85.498125,29.740624999999998,81.0,435.0,102.0,2,0,0,2021
2021-04-29,0,79.913125,87.24041666666666,29.72854166666667,83.0,484.0,92.0,3,0,0,2021
2021-04-30,1,78.875,88.79145833333332,29.718333333333334,103.0,525.0,87.0,4,0,0,2021
2021-05-01,0,78.67604166666666,94.45875000000001,29.707916666666666,115.0,524.0,86.0,5,1,1,2021
2021-05-02,0,80.335,77.32104166666666,29.749166666666667,100.0,497.0,97.0,6,1,0,2021
2021-05-03,0,83.41270833333333,77.45291666666667,29.766875,94.0,549.0,92.0,0,0,1,2021
2021-05-04,0,83.06,84.979375,29.699166666666667,92.0,581.0,91.0,1,0,1,2021
2021-05-05,0,80.189375,98.10270833333334,29.665833333333335,89.0,515.0,90.0,2,0,0,2021
2021-05-06,1,81.0,100.0,29.67,90.0,475.0,92.0,3,0,0,2021
2021-05-07,0,81.0,100.0,29.67,91.0,499.0,103.0,4,0,0,2021
2021-05-08,0,81.0,100.0,29.67,88.0,466.0,99.0,5,1,0,2021
2021-05-09,0,81.0,100.0,29.67,83.0,444.0,103.0,6,1,0,2021
2021-05-10,0,81.0,100.0,29.67,82.0,363.0,104.0,0,0,0,2021
2021-05-11,0,81.0,100.0,29.67,82.0,325.0,105.0,1,0,0,2021
2021-05-12,0,81.0,100.0,29.67,90.0,332.0,111.0,2,0,0,2021
2021-05-13,0,83.33749999999999,84.18729166666667,29.610416666666666,86.0,368.0,110.0,3,0,0,2021
2021-05-14,0,84.08729166666667,84.43708333333333,29.61854166666667,79.0,444.0,99.0,4,0,0,2021
2021-05-15,0,84.05333333333333,84.56708333333333,29.63354166666667,80.0,460.0,95.0,5,1,0,2021
2021-05-16,1,82.08916666666667,87.73041666666667,29.644583333333333,100.0,422.0,100.0,6,1,0,2021
2021-05-17,1,82.8925,86.07916666666667,29.654583333333335,93.0,428.0,99.0,0,0,0,2021
2021-05-18,0,82.645,83.041875,29.68041666666667,79.0,451.0,95.0,1,0,0,2021
2021-05-19,1,79.16437499999999,93.34520833333333,29.683333333333334,75.0,396.0,97.0,2,0,0,2021
2021-05-20,0,82.98875,85.1075,29.686875,75.0,395.0,103.0,3,0,0,2021
2021-05-21,1,79.49645833333334,95.41250000000001,29.718125,84.0,457.0,99.0,4,0,0,2021
2021-05-22,0,79.70666666666666,92.22874999999999,29.692291666666666,93.0,442.0,106.0,5,1,0,2021
2021-05-23,0,83.31020833333334,81.24604166666667,29.673541666666665,102.0,444.0,101.0,6,1,0,2021
2021-05-24,0,84.60437499999999,79.84875000000001,29.687291666666667,96.0,399.0,101.0,0,0,0,2021
2021-05-25,0,82.438125,83.50937499999999,29.68625,89.0,387.0,98.0,1,0,0,2021
2021-05-26,0,82.12375,88.291875,29.677083333333332,87.0,429.0,90.0,2,0,1,2021
2021-05-27,0,80.52125,88.59458333333333,29.698333333333334,90.0,389.0,99.0,3,0,0,2021
2021-05-28,0,81.78937499999999,84.89666666666666,29.714375,95.0,363.0,100.0,4,0,0,2021
2021-05-29,0,84.43229166666667,78.66458333333334,29.698541666666667,102.0,479.0,100.0,5,1,0,2021
2021-05-30,0,81.86145833333333,91.61291666666666,29.668125,94.0,495.0,102.0,6,1,0,2021
2021-05-31,0,83.65479166666667,85.49541666666666,29.640833333333333,84.0,412.0,102.0,0,0,0,2021
2021-06-01,0,79.165,91.54166666666667,29.683333333333334,84.0,423.0,102.0,1,0,0,2021
2021-06-02,0,81.70291666666667,76.52083333333333,29.722916666666666,90.0,446.0,93.0,2,0,0,2021
2021-06-03,0,82.506875,80.75333333333333,29.7825,103.0,494.0,89.0,3,0,1,2021
2021-06-04,1,82.19270833333333,86.66458333333333,29.713541666666668,84.0,433.0,93.0,4,0,0,2021
2021-06-05,0,78.1875,98.14604166666668,29.721249999999998,82.0,480.0,98.0,5,1,0,2021
2021-06-06,0,81.0,100.0,29.67,85.0,535.0,97.0,6,1,0,2021
2021-06-07,0,81.0,100.0,29.67,87.0,401.0,96.0,0,0,0,2021
2021-06-08,0,81.0,100.0,29.67,90.0,379.0,100.0,1,0,0,2021
2021-06-09,0,81.0,100.0,29.67,87.0,416.0,104.0,2,0,0,2021
2021-06-10,0,81.0,100.0,29.67,95.0,354.0,107.0,3,0,0,2021
2021-06-11,0,81.0,100.0,29.67,86.0,404.0,103.0,4,0,0,2021
2021-06-12,1,81.0,100.0,29.67,88.0,523.0,93.0,5,1,0,2021
2021-06-13,0,81.0,100.0,29.67,87.0,438.0,92.0,6,1,0,2021
2021-06-14,1,81.0,100.0,29.67,85.0,351.0,97.0,0,0,0,2021
2021-06-15,0,81.0,100.0,29.67,85.0,373.0,99.0,1,0,0,2021
2021-06-16,0,81.0,100.0,29.67,87.0,380.0,101.0,2,0,0,2021
2021-06-17,0,81.0,100.0,29.67,83.0,393.0,102.0,3,0,0,2021
2021-06-18,0,81.0,100.0,29.67,90.0,468.0,96.0,4,0,0,2021
2021-06-19,0,81.0,100.0,29.67,91.0,548.0,96.0,5,1,0,2021
2021-06-20,0,81.0,100.0,29.67,94.0,507.0,95.0,6,1,0,2021
2021-06-21,0,81.0,100.0,29.67,90.0,390.0,93.0,0,0,0,2021
2021-06-22,2,81.0,100.0,29.67,84.0,401.0,98.0,1,0,0,2021
2021-06-23,0,81.0,100.0,29.67,81.0,391.0,106.0,2,0,0,2021
2021-06-24,0,81.0,100.0,29.67,81.0,386.0,109.0,3,0,0,2021
2021-06-25,0,81.0,100.0,29.67,78.0,408.0,108.0,4,0,0,2021
2021-06-26,0,81.0,100.0,29.67,84.0,461.0,105.0,5,1,0,2021
2021-06-27,0,81.0,100.0,29.67,91.0,490.0,95.0,6,1,0,2021
2021-06-28,0,81.0,100.0,29.67,82.0,417.0,91.0,0,0,0,2021
2021-06-29,1,81.0,100.0,29.67,97.0,431.0,103.0,1,0,0,2021
2021-06-30,0,81.0,100.0,29.67,109.0,370.0,113.0,2,0,0,2021
2021-07-01,1,81.00791666666667,85.26520833333333,29.659166666666668,100.0,348.0,108.0,3,0,0,2021
2021-07-02,1,81.10541666666667,78.88208333333334,29.721875,92.0,386.0,96.0,4,0,0,2021
2021-07-03,0,81.86333333333333,77.39791666666666,29.775833333333335,90.0,420.0,100.0,5,1,0,2021
2021-07-04,0,80.4375,88.9175,29.74354166666667,83.0,397.0,102.0,6,1,0,2021
2021-07-05,0,81.49458333333334,88.62520833333333,29.709374999999998,82.0,388.0,99.0,0,0,0,2021
2021-07-06,0,81.0,100.0,29.67,86.0,381.0,104.0,1,0,0,2021
2021-07-07,0,81.0,100.0,29.67,99.0,388.0,101.0,2,0,0,2021
2021-07-08,0,81.0,100.0,29.67,104.0,408.0,95.0,3,0,0,2021
2021-07-09,0,81.0,100.0,29.67,91.0,451.0,94.0,4,0,0,2021
2021-07-10,0,81.0,100.0,29.67,99.0,553.0,101.0,5,1,0,2021
2021-07-11,0,81.0,100.0,29.67,89.0,491.0,100.0,6,1,0,2021
2021-07-12,0,81.0,100.0,29.67,85.0,402.0,97.0,0,0,0,2021
2021-07-13,0,81.0,100.0,29.67,83.0,371.0,101.0,1,0,0,2021
2021-07-14,1,81.0,100.0,29.67,88.0,372.0,103.0,2,0,0,2021
2021-07-15,0,81.0,100.0,29.67,91.0,342.0,103.0,3,0,0,2021
2021-07-16,0,81.0,100.0,29.67,89.0,350.0,101.0,4,0,0,2021
2021-07-17,0,81.0,100.0,29.67,84.0,435.0,101.0,5,1,0,2021
2021-07-18,0,81.0,100.0,29.67,81.0,474.0,94.0,6,1,0,2021
2021-07-19,0,81.0,100.0,29.67,72.0,436.0,101.0,0,0,0,2021
2021-07-20,0,81.0,100.0,29.67,84.0,362.0,109.0,1,0,0,2021
2021-07-21,0,81.0,100.0,29.67,84.0,340.0,110.0,2,0,0,2021
2021-07-22,0,81.0,100.0,29.67,81.0,317.0,113.0,3,0,0,2021
2021-07-23,0,81.0,100.0,29.67,88.0,376.0,95.0,4,0,0,2021
2021-07-24,0,81.0,100.0,29.67,90.0,552.0,79.0,5,1,1,2021
2021-07-25,0,81.0,100.0,29.67,84.0,523.0,81.0,6,1,1,2021
2021-07-26,0,81.0,100.0,29.67,90.0,465.0,88.0,0,0,1,2021
2021-07-27,0,81.0,100.0,29.67,88.0,419.0,95.0,1,0,0,2021
2021-07-28,0,81.0,100.0,29.67,95.0,493.0,103.0,2,0,1,2021
2021-07-29,0,81.0,100.0,29.67,90.0,374.0,107.0,3,0,0,2021
2021-07-30,0,81.0,100.0,29.67,83.0,383.0,96.0,4,0,0,2021
2021-07-31,0,81.0,100.0,29.67,82.0,515.0,87.0,5,1,0,2021
2021-08-01,0,81.14625,81.64208333333333,29.645208333333333,89.0,510.0,95.0,6,1,0,2021
2021-08-02,0,81.14395833333333,81.11854166666667,29.714375,85.0,431.0,102.0,0,0,0,2021
2021-08-03,0,80.69875,78.92458333333333,29.787916666666664,83.0,425.0,102.0,1,0,0,2021
2021-08-04,0,81.8475,83.3225,29.71166666666667,93.0,383.0,104.0,2,0,0,2021
2021-08-05,0,81.60333333333334,91.66666666666667,29.693541666666665,86.0,402.0,105.0,3,0,0,2021
2021-08-06,1,81.0,100.0,29.67,86.0,439.0,101.0,4,0,0,2021
2021-08-07,0,81.0,100.0,29.67,87.0,506.0,93.0,5,1,0,2021
2021-08-08,0,81.0,100.0,29.67,85.0,510.0,96.0,6,1,0,2021
2021-08-09,0,81.0,100.0,29.67,88.0,383.0,97.0,0,0,0,2021
2021-08-10,0,81.0,100.0,29.67,92.0,333.0,103.0,1,0,0,2021
2021-08-11,0,81.0,100.0,29.67,91.0,379.0,104.0,2,0,0,2021
2021-08-12,2,81.0,100.0,29.67,91.0,492.0,89.0,3,0,1,2021
2021-08-13,0,81.0,100.0,29.67,90.0,504.0,102.0,4,0,0,2021
2021-08-14,0,81.0,100.0,29.67,94.0,548.0,104.0,5,1,0,2021
2021-08-15,0,81.0,100.0,29.67,107.0,569.0,93.0,6,1,0,2021
2021-08-16,0,81.0,100.0,29.67,102.0,492.0,95.0,0,0,0,2021
2021-08-17,0,81.0,100.0,29.67,108.0,387.0,101.0,1,0,0,2021
2021-08-18,0,81.0,100.0,29.67,91.0,353.0,97.0,2,0,0,2021
2021-08-19,0,81.0,100.0,29.67,82.0,379.0,99.0,3,0,0,2021
2021-08-20,1,81.0,100.0,29.67,75.0,374.0,100.0,4,0,0,2021
2021-08-21,0,81.0,100.0,29.67,76.0,494.0,100.0,5,1,0,2021
2021-08-22,0,81.0,100.0,29.67,90.0,493.0,101.0,6,1,0,2021
2021-08-23,0,81.0,100.0,29.67,88.0,399.0,103.0,0,0,0,2021
2021-08-24,0,81.0,100.0,29.67,89.0,350.0,97.0,1,0,0,2021
2021-08-25,0,81.0,100.0,29.67,89.0,419.0,98.0,2,0,0,2021
2021-08-26,0,81.0,100.0,29.67,87.0,446.0,107.0,3,0,0,2021
2021-08-27,0,81.0,100.0,29.67,82.0,448.0,109.0,4,0,0,2021
2021-08-28,0,81.0,100.0,29.67,90.0,413.0,98.0,5,1,0,2021
2021-08-29,0,81.0,100.0,29.67,91.0,405.0,94.0,6,1,0,2021
2021-08-30,0,81.0,100.0,29.67,86.0,380.0,96.0,0,0,0,2021
2021-08-31,0,81.0,100.0,29.67,98.0,354.0,100.0,1,0,0,2021
2021-09-01,0,80.11020833333333,79.57708333333333,29.674791666666668,98.0,338.0,98.0,2,0,0,2021
2021-09-02,0,80.24374999999999,81.699375,29.688958333333332,92.0,371.0,93.0,3,0,0,2021
2021-09-03,0,81.316875,76.53770833333333,29.784166666666668,89.0,402.0,100.0,4,0,0,2021
2021-09-04,0,82.22729166666666,80.703125,29.707083333333333,85.0,515.0,99.0,5,1,0,2021
2021-09-05,0,83.14812500000001,84.74958333333333,29.668958333333336,89.0,459.0,102.0,6,1,0,2021
2021-09-06,0,81.0,100.0,29.67,87.0,362.0,99.0,0,0,0,2021
2021-09-07,1,81.0,100.0,29.67,87.0,364.0,105.0,1,0,0,2021
2021-09-08,0,81.0,100.0,29.67,81.0,333.0,107.0,2,0,0,2021
2021-09-09,0,81.0,100.0,29.67,79.0,334.0,102.0,3,0,0,2021
2021-09-10,0,81.0,100.0,29.67,81.0,385.0,101.0,4,0,0,2021
2021-09-11,0,81.0,100.0,29.67,100.0,474.0,101.0,5,1,0,2021
2021-09-12,0,81.0,100.0,29.67,93.0,431.0,104.0,6,1,0,2021
2021-09-13,0,81.0,100.0,29.67,85.0,389.0,111.0,0,0,0,2021
2021-09-14,0,81.0,100.0,29.67,83.0,352.0,110.0,1,0,0,2021
2021-09-15,0,81.0,100.0,29.67,76.0,318.0,107.0,2,0,0,2021
2021-09-16,0,81.0,100.0,29.67,85.0,324.0,105.0,3,0,0,2021
2021-09-17,2,81.0,100.0,29.67,80.0,373.0,104.0,4,0,0,2021
2021-09-18,0,81.0,100.0,29.67,82.0,471.0,101.0,5,1,0,2021
2021-09-19,0,81.0,100.0,29.67,97.0,504.0,99.0,6,1,0,2021
2021-09-20,0,81.0,100.0,29.67,101.0,439.0,99.0,0,0,0,2021
2021-09-21,0,81.0,100.0,29.67,86.0,364.0,103.0,1,0,0,2021
2021-09-22,0,81.0,100.0,29.67,91.0,341.0,105.0,2,0,0,2021
2021-09-23,0,81.0,100.0,29.67,92.0,371.0,95.0,3,0,0,2021
2021-09-24,0,81.0,100.0,29.67,102.0,448.0,98.0,4,0,1,2021
2021-09-25,0,81.0,100.0,29.67,105.0,441.0,104.0,5,1,0,2021
2021-09-26,0,81.0,100.0,29.67,93.0,436.0,96.0,6,1,0,2021
2021-09-27,0,81.0,100.0,29.67,95.0,427.0,96.0,0,0,0,2021
2021-09-28,0,81.0,100.0,29.67,93.0,421.0,101.0,1,0,0,2021
2021-09-29,0,81.0,100.0,29.67,80.0,415.0,101.0,2,0,0,2021
2021-09-30,0,81.0,100.0,29.67,74.0,401.0,107.0,3,0,0,2021
2021-10-01,0,75.69333333333333,91.26437499999999,29.7025,81.0,416.0,109.0,4,0,0,2021
2021-10-02,0,80.07083333333334,81.328125,29.683541666666667,86.0,458.0,98.0,5,1,0,2021
2021-10-03,0,81.14979166666667,75.41104166666666,29.781041666666667,85.0,391.0,96.0,6,1,0,2021
2021-10-04,2,83.045625,80.47145833333333,29.727500000000003,79.0,358.0,102.0,0,0,0,2021
2021-10-05,0,82.27791666666667,91.401875,29.651875,73.0,371.0,106.0,1,0,0,2021
2021-10-06,0,81.0,100.0,29.67,80.0,372.0,106.0,2,0,0,2021
2021-10-07,0,81.0,100.0,29.67,76.0,311.0,100.0,3,0,0,2021
2021-10-08,0,81.0,100.0,29.67,77.0,317.0,97.0,4,0,0,2021
2021-10-09,0,81.0,100.0,29.67,85.0,390.0,102.0,5,1,0,2021
2021-10-10,0,81.0,100.0,29.67,90.0,475.0,102.0,6,1,0,2021
2021-10-11,0,81.0,100.0,29.67,98.0,392.0,100.0,0,0,0,2021
2021-10-12,0,81.0,100.0,29.67,100.0,376.0,102.0,1,0,0,2021
2021-10-13,0,81.0,100.0,29.67,97.0,427.0,94.0,2,0,1,2021
2021-10-14,0,81.0,100.0,29.67,86.0,438.0,102.0,3,0,0,2021
2021-10-15,0,81.0,100.0,29.67,75.0,481.0,102.0,4,0,0,2021
2021-10-16,0,81.0,100.0,29.67,82.0,437.0,100.0,5,1,0,2021
2021-10-17,0,81.0,100.0,29.67,87.0,373.0,99.0,6,1,0,2021
2021-10-18,0,81.0,100.0,29.67,79.0,336.0,101.0,0,0,0,2021
2021-10-19,0,81.0,100.0,29.67,85.0,353.0,101.0,1,0,0,2021
2021-10-20,1,81.0,100.0,29.67,88.0,321.0,107.0,2,0,0,2021
2021-10-21,0,81.0,100.0,29.67,88.0,346.0,115.0,3,0,0,2021
2021-10-22,0,81.0,100.0,29.67,88.0,406.0,104.0,4,0,0,2021
2021-10-23,0,81.0,100.0,29.67,88.0,553.0,92.0,5,1,1,2021
2021-10-24,0,81.0,100.0,29.67,95.0,577.0,92.0,6,1,0,2021
2021-10-25,0,81.0,100.0,29.67,90.0,529.0,96.0,0,0,1,2021
2021-10-26,0,81.0,100.0,29.67,85.0,453.0,102.0,1,0,0,2021
2021-10-27,0,81.0,100.0,29.67,80.0,399.0,102.0,2,0,0,2021
2021-10-28,0,81.0,100.0,29.67,79.0,373.0,107.0,3,0,0,2021
2021-10-29,0,81.0,100.0,29.67,90.0,370.0,107.0,4,0,0,2021
2021-10-30,0,81.0,100.0,29.67,90.0,410.0,97.0,5,1,0,2021
2021-10-31,0,81.0,100.0,29.67,86.0,486.0,93.0,6,1,0,2021
2021-11-01,1,76.28666666666668,90.66645833333332,29.71875,84.0,411.0,96.0,0,0,0,2021
2021-11-02,0,81.586875,80.31395833333333,29.703333333333333,86.0,375.0,96.0,1,0,0,2021
2021-11-03,0,81.78020833333333,74.65208333333334,29.770833333333332,88.0,411.0,99.0,2,0,0,2021
2021-11-04,0,84.09479166666667,80.925,29.749583333333334,80.0,415.0,102.0,3,0,0,2021
2021-11-05,0,83.68583333333333,84.37520833333333,29.645,86.0,412.0,105.0,4,0,0,2021
2021-11-06,0,81.0,100.0,29.67,96.0,474.0,104.0,5,1,0,2021
2021-11-07,0,81.0,100.0,29.67,83.0,418.0,107.0,6,1,0,2021
2021-11-08,0,81.0,100.0,29.67,82.0,358.0,116.0,0,0,0,2021
2021-11-09,0,81.0,100.0,29.67,83.0,394.0,111.0,1,0,0,2021
2021-11-10,0,81.0,100.0,29.67,80.0,455.0,101.0,2,0,0,2021
2021-11-11,0,81.0,100.0,29.67,79.0,405.0,103.0,3,0,0,2021
2021-11-12,0,81.0,100.0,29.67,81.0,375.0,99.0,4,0,0,2021
2021-11-13,0,81.0,100.0,29.67,100.0,375.0,98.0,5,1,0,2021
2021-11-14,1,81.0,100.0,29.67,106.0,465.0,97.0,6,1,0,2021
2021-11-15,0,81.0,100.0,29.67,100.0,446.0,99.0,0,0,0,2021
2021-11-16,1,81.0,100.0,29.67,93.0,388.0,103.0,1,0,0,2021
2021-11-17,0,81.0,100.0,29.67,80.0,373.0,109.0,2,0,0,2021
2021-11-18,0,81.0,100.0,29.67,79.0,347.0,115.0,3,0,0,2021
2021-11-19,0,81.0,100.0,29.67,92.0,314.0,109.0,4,0,0,2021
2021-11-20,0,81.0,100.0,29.67,103.0,443.0,107.0,5,1,0,2021
2021-11-21,0,81.0,100.0,29.67,98.0,514.0,106.0,6,1,0,2021
2021-11-22,0,81.0,100.0,29.67,98.0,463.0,106.0,0,0,0,2021
2021-11-23,0,81.0,100.0,29.67,96.0,409.0,109.0,1,0,0,2021
2021-11-24,0,81.0,100.0,29.67,96.0,354.0,106.0,2,0,0,2021
2021-11-25,0,81.0,100.0,29.67,90.0,369.0,100.0,3,0,0,2021
2021-11-26,0,81.0,100.0,29.67,93.0,348.0,102.0,4,0,0,2021
2021-11-27,1,81.0,100.0,29.67,92.0,385.0,105.0,5,1,0,2021
2021-11-28,0,81.0,100.0,29.67,92.0,422.0,105.0,6,1,0,2021
2021-11-29,0,81.0,100.0,29.67,85.0,426.0,105.0,0,0,0,2021
2021-11-30,0,81.0,100.0,29.67,82.0,389.0,103.0,1,0,0,2021
2021-12-01,0,78.11583333333333,87.22916666666667,29.721666666666668,77.0,451.0,102.0,2,0,0,2021
2021-12-02,0,82.84020833333334,79.59479166666667,29.73229166666667,79.0,461.0,99.0,3,0,0,2021
2021-12-03,1,83.25208333333333,76.69458333333334,29.784791666666667,89.0,424.0,96.0,4,0,0,2021
2021-12-04,1,80.87291666666667,85.96125,29.760833333333334,93.0,504.0,100.0,5,1,0,2021
2021-12-05,0,80.42145833333333,93.04166666666667,29.638125,95.0,605.0,94.0,6,1,1,2021
2021-12-06,0,81.0,100.0,29.67,96.0,620.0,95.0,0,0,1,2021
2021-12-07,0,81.0,100.0,29.67,88.0,537.0,107.0,1,0,0,2021
2021-12-08,0,81.0,100.0,29.67,84.0,448.0,103.0,2,0,0,2021
2021-12-09,0,81.0,100.0,29.67,83.0,371.0,98.0,3,0,0,2021
2021-12-10,0,81.0,100.0,29.67,94.0,448.0,90.0,4,0,1,2021
2021-12-11,0,81.0,100.0,29.67,90.0,470.0,91.0,5,1,0,2021
2021-12-12,0,81.0,100.0,29.67,88.0,467.0,95.0,6,1,0,2021
2021-12-13,0,81.0,100.0,29.67,94.0,418.0,96.0,0,0,0,2021
2021-12-14,0,81.0,100.0,29.67,96.0,381.0,103.0,1,0,0,2021
2021-12-15,0,81.0,100.0,29.67,93.0,339.0,107.0,2,0,0,2021
2021-12-16,0,81.0,100.0,29.67,91.0,362.0,104.0,3,0,0,2021
2021-12-17,1,81.0,100.0,29.67,88.0,407.0,100.0,4,0,0,2021
2021-12-18,1,81.0,100.0,29.67,93.0,480.0,93.0,5,1,0,2021
2021-12-19,0,81.0,100.0,29.67,91.0,466.0,90.0,6,1,0,2021
2021-12-20,0,81.0,100.0,29.67,97.0,389.0,96.0,0,0,0,2021
2021-12-21,0,81.0,100.0,29.67,84.0,386.0,95.0,1,0,0,2021
2021-12-22,0,81.0,100.0,29.67,72.0,410.0,102.0,2,0,0,2021
2021-12-23,0,81.0,100.0,29.67,77.0,396.0,106.0,3,0,0,2021
2021-12-24,0,81.0,100.0,29.67,78.0,393.0,100.0,4,0,0,2021
2021-12-25,0,81.0,100.0,29.67,88.0,512.0,89.0,5,1,0,2021
2021-12-26,0,81.0,100.0,29.67,91.0,522.0,93.0,6,1,0,2021
2021-12-27,1,81.0,100.0,29.67,77.0,438.0,100.0,0,0,0,2021
2021-12-28,0,81.0,100.0,29.67,79.0,386.0,110.0,1,0,0,2021
2021-12-29,3,81.0,100.0,29.67,83.0,414.0,107.0,2,0,0,2021
2021-12-30,1,81.0,100.0,29.67,88.0,450.0,92.0,3,0,0,2021
2021-12-31,0,81.0,100.0,29.67,102.0,620.0,78.0,4,0,1,2021
2022-01-01,0,77.12645833333333,92.03229166666667,29.790833333333335,96.0,559.0,96.0,5,1,1,2022
2022-01-02,0,81.84291666666667,77.245625,29.711875000000003,98.0,552.0,93.0,6,1,0,2022
2022-01-03,1,81.74854166666667,80.81270833333333,29.751458333333332,101.0,512.0,94.0,0,0,1,2022
2022-01-04,0,81.86145833333333,81.35416666666667,29.70104166666667,88.0,416.0,97.0,1,0,0,2022
2022-01-05,0,79.24020833333334,94.06958333333334,29.615,79.0,397.0,105.0,2,0,0,2022
2022-01-06,1,82.50583333333333,78.86145833333333,29.645,78.0,368.0,98.0,3,0,0,2022
2022-01-07,0,80.23354166666667,88.55895833333334,29.60354166666667,87.0,397.0,96.0,4,0,0,2022
2022-01-08,0,81.73083333333334,80.829375,29.63291666666667,92.0,476.0,92.0,5,1,1,2022
2022-01-09,0,79.27104166666666,88.50895833333334,29.675833333333333,85.0,488.0,99.0,6,1,0,2022
2022-01-10,0,79.90541666666667,82.68770833333333,29.7,80.0,421.0,99.0,0,0,0,2022
2022-01-11,1,80.77104166666668,83.01583333333333,29.704791666666665,84.0,408.0,98.0,1,0,0,2022
2022-01-12,1,78.57270833333334,90.2425,29.690208333333334,85.0,377.0,100.0,2,0,0,2022
2022-01-13,0,78.85041666666667,73.77125,29.814166666666665,97.0,377.0,99.0,3,0,0,2022
2022-01-14,0,78.67729166666668,75.354375,29.80333333333333,90.0,406.0,102.0,4,0,0,2022
2022-01-15,0,78.31708333333333,77.24895833333333,29.792083333333334,92.0,466.0,99.0,5,1,0,2022
2022-01-16,0,79.80895833333334,77.80041666666666,29.786041666666666,91.0,507.0,96.0,6,1,0,2022
2022-01-17,0,79.573125,80.92979166666667,29.790833333333335,82.0,506.0,102.0,0,0,0,2022
2022-01-18,0,78.78333333333333,79.00750000000001,29.776458333333334,83.0,406.0,110.0,1,0,0,2022
2022-01-19,0,78.85291666666667,79.97687499999999,29.746666666666666,82.0,381.0,106.0,2,0,0,2022
2022-01-20,0,79.15375,79.88604166666667,29.732083333333335,82.0,389.0,106.0,3,0,0,2022
2022-01-21,0,80.42,78.598125,29.741666666666664,82.0,415.0,98.0,4,0,0,2022
2022-01-22,0,80.66770833333334,79.08312500000001,29.710624999999997,86.0,462.0,89.0,5,1,0,2022
2022-01-23,0,80.6275,79.005625,29.707916666666666,85.0,453.0,93.0,6,1,0,2022
2022-01-24,0,80.29729166666667,80.70625,29.707916666666666,88.0,423.0,99.0,0,0,0,2022
2022-01-25,0,80.06458333333333,81.10541666666667,29.719166666666666,87.0,389.0,101.0,1,0,0,2022
2022-01-26,1,80.82375,78.64895833333334,29.727500000000003,88.0,374.0,104.0,2,0,0,2022
2022-01-27,0,82.23,75.69270833333333,29.723541666666666,78.0,368.0,102.0,3,0,0,2022
2022-01-28,0,81.42770833333334,77.12458333333333,29.738958333333333,81.0,402.0,99.0,4,0,0,2022
2022-01-29,0,81.27291666666666,78.89625,29.733125,89.0,436.0,98.0,5,1,0,2022
2022-01-30,0,80.55729166666667,78.33437500000001,29.72,92.0,441.0,93.0,6,1,0,2022
2022-01-31,0,80.93958333333333,78.37458333333333,29.711249999999996,86.0,411.0,101.0,0,0,0,2022
2022-02-01,0,78.36583333333333,88.35208333333333,29.779791666666668,95.0,404.0,98.0,1,0,0,2022
2022-02-02,0,81.31770833333333,79.11749999999999,29.73645833333333,90.0,386.0,101.0,2,0,0,2022
2022-02-03,1,81.87729166666666,81.02083333333333,29.744375,84.0,425.0,104.0,3,0,0,2022
2022-02-04,0,78.41125,91.49958333333335,29.731875,85.0,406.0,108.0,4,0,0,2022
2022-02-05,0,80.37875,91.21854166666667,29.621666666666666,101.0,418.0,105.0,5,1,0,2022
2022-02-06,0,83.45854166666668,75.56229166666667,29.668125,109.0,395.0,100.0,6,1,0,2022
2022-02-07,1,82.32541666666667,81.389375,29.595416666666665,87.0,380.0,105.0,0,0,0,2022
2022-02-08,0,80.744375,84.393125,29.64375,75.0,440.0,109.0,1,0,0,2022
2022-02-09,0,81.98333333333333,77.813125,29.6925,74.0,455.0,116.0,2,0,0,2022
2022-02-10,1,79.371875,86.870625,29.677291666666665,83.0,385.0,103.0,3,0,0,2022
2022-02-11,0,80.52645833333334,82.80291666666666,29.702291666666667,93.0,375.0,104.0,4,0,0,2022
2022-02-12,1,76.92583333333333,92.11500000000001,29.666666666666668,97.0,452.0,99.0,5,1,0,2022
2022-02-13,0,82.35583333333334,79.36770833333334,29.624791666666667,91.0,424.0,95.0,6,1,0,2022
2022-02-14,0,80.84458333333333,82.9275,29.643333333333334,89.0,382.0,101.0,0,0,0,2022
2022-02-15,1,81.26875,84.05145833333333,29.647499999999997,103.0,425.0,96.0,1,0,0,2022
2022-02-16,0,79.96208333333333,87.91520833333334,29.61645833333333,109.0,456.0,86.0,2,0,1,2022
2022-02-17,0,78.45041666666667,88.763125,29.63270833333333,96.0,363.0,99.0,3,0,0,2022
2022-02-18,0,82.7275,82.07770833333333,29.665833333333335,89.0,352.0,111.0,4,0,0,2022
2022-02-19,0,82.59625,80.83395833333334,29.72,90.0,558.0,106.0,5,1,0,2022
2022-02-20,1,78.62291666666667,88.958125,29.716041666666666,87.0,583.0,94.0,6,1,0,2022
2022-02-21,0,81.51583333333333,79.91645833333332,29.72083333333333,82.0,444.0,97.0,0,0,0,2022
2022-02-22,0,82.86166666666666,78.04041666666667,29.748958333333334,83.0,427.0,102.0,1,0,0,2022
2022-02-23,0,82.02854166666667,80.40708333333333,29.782708333333332,92.0,389.0,104.0,2,0,0,2022
2022-02-24,0,78.66604166666667,88.6075,29.805208333333336,92.0,369.0,102.0,3,0,0,2022
2022-02-25,1,74.43791666666667,98.30416666666667,29.792916666666667,100.0,377.0,96.0,4,0,0,2022
2022-02-26,1,76.03270833333333,95.93770833333333,29.760833333333334,92.0,415.0,95.0,5,1,0,2022
2022-02-27,0,78.41520833333333,91.179375,29.757499999999997,89.0,431.0,95.0,6,1,0,2022
2022-02-28,0,80.4775,83.01645833333333,29.754166666666666,84.0,419.0,105.0,0,0,0,2022
2022-03-01,0,76.80145833333333,95.25416666666666,29.7625,91.0,408.0,104.0,1,0,0,2022
2022-03-02,0,81.75020833333333,80.28208333333333,29.726249999999997,92.0,387.0,100.0,2,0,0,2022
2022-03-03,1,81.63458333333334,79.815625,29.743750000000002,87.0,370.0,101.0,3,0,0,2022
2022-03-04,0,78.54666666666667,90.715625,29.734583333333333,87.0,386.0,108.0,4,0,0,2022
2022-03-05,0,81.09854166666666,88.87104166666667,29.6525,89.0,411.0,111.0,5,1,0,2022
2022-03-06,1,83.99062500000001,74.99520833333334,29.67833333333333,94.0,391.0,102.0,6,1,0,2022
2022-03-07,0,81.27916666666667,87.59895833333333,29.608958333333334,96.0,349.0,104.0,0,0,0,2022
2022-03-08,1,80.13458333333334,84.94125,29.692708333333332,89.0,373.0,100.0,1,0,0,2022
2022-03-09,0,82.55125,77.49708333333334,29.675833333333333,92.0,388.0,99.0,2,0,0,2022
2022-03-10,0,78.49083333333333,91.445,29.667916666666667,97.0,410.0,102.0,3,0,0,2022
2022-03-11,0,80.11770833333334,84.249375,29.70958333333333,94.0,438.0,104.0,4,0,0,2022
2022-03-12,1,75.75,95.64916666666666,29.653333333333332,96.0,534.0,101.0,5,1,0,2022
2022-03-13,0,82.53937499999999,80.45,29.642083333333332,106.0,498.0,94.0,6,1,0,2022
2022-03-14,0,79.80291666666666,94.38958333333333,29.65125,95.0,382.0,92.0,0,0,0,2022
2022-03-15,0,82.01479166666667,83.44229166666666,29.635833333333334,93.0,404.0,104.0,1,0,0,2022
2022-03-16,0,81.38041666666668,83.19666666666667,29.63416666666667,92.0,431.0,109.0,2,0,0,2022
2022-03-17,0,82.35083333333334,82.12875,29.639583333333334,98.0,404.0,105.0,3,0,0,2022
2022-03-18,0,82.92958333333333,77.79479166666667,29.630625,111.0,412.0,102.0,4,0,0,2022
2022-03-19,0,81.28833333333334,88.17458333333333,29.619791666666668,104.0,510.0,99.0,5,1,0,2022
2022-03-20,0,79.705625,90.70770833333334,29.640833333333333,84.0,495.0,98.0,6,1,0,2022
2022-03-21,0,83.36791666666666,78.25791666666667,29.67979166666667,76.0,418.0,98.0,0,0,0,2022
2022-03-22,0,81.94125,84.130625,29.704166666666666,71.0,323.0,102.0,1,0,0,2022
2022-03-23,0,82.34645833333333,83.02416666666666,29.703333333333333,80.0,318.0,96.0,2,0,0,2022
2022-03-24,0,83.44541666666667,80.405,29.6925,88.0,369.0,103.0,3,0,0,2022
2022-03-25,0,83.09083333333334,81.52645833333334,29.722708333333333,94.0,463.0,103.0,4,0,0,2022
2022-03-26,1,82.87770833333333,79.59333333333333,29.74020833333333,92.0,577.0,112.0,5,1,0,2022
2022-03-27,0,81.69625,81.41291666666667,29.739166666666666,90.0,479.0,109.0,6,1,0,2022
2022-03-28,0,82.29208333333334,79.89375,29.7175,87.0,408.0,111.0,0,0,0,2022
2022-03-29,0,83.33749999999999,77.48229166666667,29.70375,84.0,441.0,104.0,1,0,0,2022
2022-03-30,0,83.71062500000001,78.02875,29.689791666666665,83.0,445.0,105.0,2,0,0,2022
2022-03-31,0,80.831875,88.13958333333333,29.70625,73.0,383.0,106.0,3,0,0,2022
2022-04-01,0,80.30479166666667,83.76166666666667,29.771874999999998,71.0,372.0,101.0,4,0,0,2022
2022-04-02,0,82.34833333333333,77.575625,29.711458333333336,80.0,404.0,99.0,5,1,0,2022
2022-04-03,1,82.67666666666666,78.03791666666667,29.732083333333335,89.0,411.0,97.0,6,1,0,2022
2022-04-04,0,77.21229166666667,94.54666666666667,29.75375,90.0,415.0,101.0,0,0,0,2022
2022-04-05,0,79.5225,92.55645833333334,29.66979166666667,86.0,377.0,113.0,1,0,0,2022
2022-04-06,0,82.74958333333333,82.31166666666667,29.698125,82.0,359.0,103.0,2,0,1,2022
2022-04-07,0,78.56479166666666,89.336875,29.643124999999998,86.0,373.0,103.0,3,0,0,2022
2022-04-08,0,81.64375,83.64229166666667,29.700625,91.0,392.0,102.0,4,0,0,2022
2022-04-09,0,82.31395833333333,74.62895833333333,29.699583333333333,99.0,488.0,101.0,5,1,0,2022
2022-04-10,0,81.14395833333333,84.03416666666666,29.677291666666665,96.0,536.0,98.0,6,1,0,2022
2022-04-11,0,79.24958333333333,90.18708333333335,29.738125,89.0,443.0,103.0,0,0,0,2022
2022-04-12,0,77.59833333333334,92.93916666666667,29.643541666666668,96.0,512.0,98.0,1,0,0,2022
2022-04-13,0,82.13437499999999,82.7275,29.644583333333333,102.0,660.0,84.0,2,0,1,2022
2022-04-14,0,82.13250000000001,83.86958333333332,29.64,100.0,518.0,87.0,3,0,1,2022
2022-04-15,0,82.04166666666667,86.68854166666667,29.65354166666667,102.0,374.0,89.0,4,0,1,2022
2022-04-16,0,84.09479166666667,80.43916666666667,29.63270833333333,94.0,425.0,90.0,5,1,0,2022
2022-04-17,1,82.43354166666667,84.19291666666666,29.64,81.0,476.0,103.0,6,1,0,2022
2022-04-18,0,83.94895833333334,79.355625,29.674166666666665,82.0,431.0,107.0,0,0,0,2022
2022-04-19,0,82.16770833333334,84.90520833333333,29.710416666666664,90.0,393.0,108.0,1,0,0,2022
2022-04-20,0,80.59666666666666,90.47729166666666,29.711250000000003,89.0,389.0,104.0,2,0,0,2022
2022-04-21,1,83.191875,81.858125,29.67958333333333,76.0,382.0,115.0,3,0,0,2022
2022-04-22,0,84.723125,78.16708333333334,29.68166666666667,85.0,399.0,114.0,4,0,0,2022
2022-04-23,0,84.76020833333332,77.763125,29.668125,94.0,404.0,103.0,5,1,0,2022
2022-04-24,1,84.83541666666666,79.29541666666667,29.64270833333333,94.0,369.0,101.0,6,1,0,2022
2022-04-25,0,83.59416666666667,79.65229166666667,29.638333333333335,88.0,359.0,101.0,0,0,0,2022
2022-04-26,0,82.515,82.58125,29.655625,87.0,387.0,102.0,1,0,0,2022
2022-04-27,0,84.04604166666667,77.52041666666666,29.636041666666667,85.0,414.0,104.0,2,0,0,2022
2022-04-28,0,86.055,74.39125,29.635625,87.0,381.0,107.0,3,0,0,2022
2022-04-29,0,82.52458333333333,84.95666666666666,29.64979166666667,86.0,445.0,105.0,4,0,0,2022
2022-04-30,0,81.32416666666667,86.20687500000001,29.634583333333335,92.0,517.0,98.0,5,1,0,2022
2022-05-01,0,80.15895833333333,84.50479166666666,29.775625,92.0,575.0,91.0,6,1,1,2022
2022-05-02,0,81.76270833333334,77.61729166666667,29.730625,90.0,639.0,87.0,0,0,1,2022
2022-05-03,0,80.605625,86.30458333333333,29.719166666666666,90.0,493.0,96.0,1,0,0,2022
2022-05-04,0,79.00958333333334,90.47729166666666,29.778125,105.0,483.0,93.0,2,0,1,2022
2022-05-05,0,80.5,90.39541666666668,29.622708333333332,92.0,414.0,93.0,3,0,0,2022
2022-05-06,0,79.85270833333333,83.17812500000001,29.691666666666666,86.0,446.0,96.0,4,0,0,2022
2022-05-07,0,82.24062500000001,76.82770833333333,29.637291666666666,98.0,537.0,98.0,5,1,0,2022
2022-05-08,1,83.725625,74.77145833333334,29.686666666666667,98.0,485.0,99.0,6,1,0,2022
2022-05-09,2,81.73875,81.52499999999999,29.705,89.0,373.0,100.0,0,0,0,2022
2022-05-10,0,80.00145833333333,88.53604166666666,29.695625000000003,87.0,361.0,109.0,1,0,0,2022
2022-05-11,0,77.56458333333333,93.77187500000001,29.76354166666667,80.0,343.0,107.0,2,0,0,2022
2022-05-12,2,77.74041666666666,93.49583333333334,29.683541666666667,78.0,334.0,103.0,3,0,0,2022
2022-05-13,0,84.605625,76.45854166666668,29.668541666666666,77.0,399.0,100.0,4,0,0,2022
2022-05-14,0,83.59104166666667,82.51875,29.677916666666665,95.0,545.0,94.0,5,1,0,2022
2022-05-15,0,84.060625,81.689375,29.702708333333334,105.0,552.0,88.0,6,1,1,2022
2022-05-16,0,79.795,86.82958333333333,29.721875,93.0,459.0,89.0,0,0,1,2022
2022-05-17,0,82.41791666666667,80.67416666666666,29.696250000000003,83.0,366.0,96.0,1,0,0,2022
2022-05-18,0,82.58,82.71770833333333,29.720416666666665,88.0,341.0,97.0,2,0,0,2022
2022-05-19,0,84.10979166666667,76.31729166666666,29.73375,102.0,351.0,97.0,3,0,0,2022
2022-05-20,1,83.32354166666667,76.83916666666667,29.7075,97.0,449.0,96.0,4,0,0,2022
2022-05-21,0,83.90354166666667,76.26916666666666,29.664583333333336,90.0,535.0,96.0,5,1,0,2022
2022-05-22,0,83.94125,74.806875,29.61208333333333,82.0,418.0,95.0,6,1,0,2022
2022-05-23,0,84.66166666666666,75.90291666666667,29.621666666666666,75.0,394.0,102.0,0,0,0,2022
2022-05-24,0,85.09229166666667,74.011875,29.6875,78.0,353.0,109.0,1,0,0,2022
2022-05-25,1,82.07916666666667,79.77708333333334,29.735208333333333,77.0,394.0,106.0,2,0,0,2022
2022-05-26,0,83.19354166666666,75.55979166666667,29.687916666666666,80.0,399.0,113.0,3,0,0,2022
2022-05-27,0,83.291875,77.49875,29.659166666666668,84.0,366.0,110.0,4,0,0,2022
2022-05-28,0,80.55854166666667,83.95083333333334,29.663124999999997,84.0,412.0,95.0,5,1,0,2022
2022-05-29,0,78.77166666666666,89.6275,29.673333333333332,82.0,426.0,93.0,6,1,0,2022
2022-05-30,0,79.36916666666667,88.94229166666668,29.651666666666667,85.0,372.0,97.0,0,0,0,2022
2022-05-31,1,82.85583333333334,79.35354166666666,29.622708333333335,85.0,357.0,103.0,1,0,0,2022
2022-06-01,0,80.34958333333334,85.64229166666667,29.781666666666666,76.0,361.0,105.0,2,0,0,2022
2022-06-02,0,82.51958333333333,72.203125,29.75708333333333,79.0,355.0,98.0,3,0,0,2022
2022-06-03,0,79.64208333333333,87.92562500000001,29.7025,93.0,451.0,90.0,4,0,1,2022
2022-06-04,0,79.75395833333333,89.41583333333334,29.771041666666665,95.0,461.0,94.0,5,1,0,2022
2022-06-05,0,80.12708333333333,93.13770833333332,29.597291666666667,97.0,430.0,102.0,6,1,0,2022
2022-06-06,0,80.58083333333333,84.94208333333333,29.673541666666665,83.0,370.0,103.0,0,0,0,2022
2022-06-07,0,82.233125,84.43416666666667,29.676666666666666,78.0,335.0,103.0,1,0,0,2022
2022-06-08,0,77.30854166666667,87.813125,29.67833333333333,84.0,367.0,98.0,2,0,0,2022
2022-06-09,0,80.27624999999999,88.58354166666668,29.705416666666665,76.0,344.0,110.0,3,0,0,2022
2022-06-10,0,78.77083333333333,91.54958333333333,29.694791666666664,79.0,312.0,107.0,4,0,0,2022
2022-06-11,0,77.996875,89.55666666666667,29.7675,93.0,333.0,99.0,5,1,0,2022
2022-06-12,1,80.94666666666667,83.57187499999999,29.665833333333335,90.0,356.0,95.0,6,1,0,2022
2022-06-13,0,82.15166666666667,82.31854166666666,29.67895833333333,89.0,412.0,101.0,0,0,0,2022
2022-06-14,0,80.25020833333333,90.20875000000001,29.678124999999998,89.0,403.0,103.0,1,0,0,2022
2022-06-15,0,80.66979166666667,89.67041666666667,29.694999999999997,79.0,366.0,98.0,2,0,0,2022
2022-06-16,0,82.69375000000001,80.77625,29.704791666666665,73.0,363.0,94.0,3,0,0,2022
2022-06-17,0,80.65333333333334,88.39833333333333,29.715416666666666,74.0,420.0,98.0,4,0,0,2022
2022-06-18,0,81.36104166666667,82.34833333333333,29.711249999999996,84.0,479.0,105.0,5,1,0,2022
2022-06-19,0,81.35666666666667,83.53395833333333,29.682083333333335,81.0,513.0,103.0,6,1,0,2022
2022-06-20,0,82.014375,84.855625,29.633333333333336,77.0,448.0,97.0,0,0,0,2022
2022-06-21,0,81.73916666666666,81.986875,29.631249999999998,75.0,421.0,101.0,1,0,0,2022
2022-06-22,1,83.24083333333333,78.02624999999999,29.6775,85.0,382.0,100.0,2,0,0,2022
2022-06-23,0,79.6875,89.33395833333333,29.705624999999998,94.0,369.0,101.0,3,0,0,2022
2022-06-24,0,79.97958333333334,81.88312499999999,29.691041666666667,89.0,351.0,107.0,4,0,0,2022
2022-06-25,0,82.630625,76.20083333333334,29.6375,94.0,410.0,112.0,5,1,0,2022
2022-06-26,0,82.19375000000001,81.12020833333334,29.663541666666664,96.0,434.0,104.0,6,1,0,2022
2022-06-27,0,83.77604166666667,79.56041666666667,29.672291666666666,94.0,435.0,100.0,0,0,0,2022
2022-06-28,0,84.12729166666666,78.93020833333334,29.652708333333333,89.0,426.0,105.0,1,0,0,2022
2022-06-29,1,84.34666666666666,76.33458333333333,29.609166666666667,84.0,420.0,110.0,2,0,0,2022
2022-06-30,1,80.52979166666667,84.41666666666667,29.6075,91.0,417.0,105.0,3,0,0,2022
2022-07-01,1,81.10979166666667,82.274375,29.788541666666664,82.0,466.0,98.0,4,0,0,2022
2022-07-02,0,81.75125,78.09125,29.756041666666665,86.0,448.0,96.0,5,1,0,2022
2022-07-03,0,81.50270833333333,83.78020833333333,29.705624999999998,95.0,410.0,93.0,6,1,0,2022
2022-07-04,0,82.24083333333333,82.52583333333332,29.738958333333333,86.0,405.0,94.0,0,0,0,2022
2022-07-05,0,80.9375,90.94645833333334,29.594583333333333,79.0,369.0,102.0,1,0,0,2022
2022-07-06,0,81.27270833333334,83.72333333333334,29.6825,79.0,308.0,106.0,2,0,0,2022
2022-07-07,0,83.79,80.60583333333334,29.670416666666668,84.0,345.0,108.0,3,0,0,2022
2022-07-08,0,81.49041666666666,80.2675,29.645416666666666,96.0,380.0,105.0,4,0,0,2022
2022-07-09,0,81.89229166666667,79.121875,29.715625,101.0,389.0,101.0,5,1,0,2022
2022-07-10,0,77.83333333333333,91.18187499999999,29.713125,100.0,432.0,103.0,6,1,0,2022
2022-07-11,0,79.22166666666666,86.31083333333333,29.756874999999997,100.0,451.0,101.0,0,0,0,2022
2022-07-12,1,80.87354166666667,84.43395833333334,29.679374999999997,99.0,600.0,93.0,1,0,0,2022
2022-07-13,0,81.34729166666666,82.77270833333333,29.62125,104.0,698.0,81.0,2,0,1,2022
2022-07-14,0,82.71208333333333,81.630625,29.617708333333336,103.0,639.0,84.0,3,0,1,2022
2022-07-15,0,83.89020833333333,77.24291666666666,29.632916666666663,95.0,599.0,92.0,4,0,1,2022
2022-07-16,0,83.11895833333334,81.67395833333333,29.656458333333333,91.0,496.0,96.0,5,1,0,2022
2022-07-17,0,80.600625,88.14729166666666,29.68958333333333,103.0,461.0,86.0,6,1,0,2022
2022-07-18,0,83.64125,78.85458333333334,29.65416666666667,101.0,437.0,91.0,0,0,0,2022
2022-07-19,0,82.31625,78.323125,29.638125000000002,92.0,466.0,91.0,1,0,0,2022
2022-07-20,0,83.06645833333333,76.96791666666667,29.645,87.0,410.0,97.0,2,0,0,2022
2022-07-21,0,82.02875,83.52583333333332,29.67375,89.0,378.0,94.0,3,0,0,2022
2022-07-22,0,82.89041666666667,82.89979166666667,29.708125,86.0,388.0,92.0,4,0,0,2022
2022-07-23,0,81.920625,82.03791666666667,29.690416666666668,89.0,386.0,94.0,5,1,0,2022
2022-07-24,0,82.064375,81.3,29.647916666666664,87.0,411.0,96.0,6,1,0,2022
2022-07-25,0,82.29770833333333,81.420625,29.64708333333333,91.0,419.0,98.0,0,0,0,2022
2022-07-26,0,80.98270833333333,85.43833333333333,29.645208333333333,98.0,396.0,99.0,1,0,0,2022
2022-07-27,0,81.986875,80.89791666666666,29.635625,97.0,538.0,92.0,2,0,0,2022
2022-07-28,0,80.45854166666666,87.18791666666668,29.642916666666665,122.0,655.0,83.0,3,0,1,2022
2022-07-29,0,83.35375,78.54166666666667,29.637708333333332,103.0,650.0,89.0,4,0,1,2022
2022-07-30,0,81.16166666666668,87.47520833333334,29.647291666666664,97.0,513.0,101.0,5,1,0,2022
2022-07-31,0,83.09645833333333,80.69666666666667,29.61,96.0,545.0,96.0,6,1,0,2022
2022-08-01,0,81.655,82.22104166666666,29.784166666666668,102.0,527.0,97.0,0,0,0,2022
2022-08-02,1,81.793125,82.141875,29.738125,94.0,388.0,102.0,1,0,0,2022
2022-08-03,0,80.04541666666667,86.39833333333333,29.699375,90.0,364.0,101.0,2,0,0,2022
2022-08-04,0,81.30708333333332,83.82416666666667,29.734375,81.0,347.0,98.0,3,0,0,2022
2022-08-05,0,82.11416666666666,88.711875,29.596666666666668,79.0,388.0,97.0,4,0,0,2022
2022-08-06,1,80.58104166666666,85.80479166666667,29.685208333333335,87.0,455.0,91.0,5,1,0,2022
2022-08-07,0,83.98145833333334,80.15729166666667,29.65875,88.0,465.0,92.0,6,1,0,2022
2022-08-08,0,81.94104166666666,83.25229166666666,29.648125000000004,81.0,414.0,97.0,0,0,0,2022
2022-08-09,1,80.56583333333333,82.79708333333333,29.741666666666664,86.0,341.0,99.0,1,0,0,2022
2022-08-10,0,79.13333333333334,87.00770833333333,29.724999999999998,91.0,341.0,101.0,2,0,0,2022
2022-08-11,0,81.94104166666666,80.41604166666666,29.744375,90.0,429.0,101.0,3,0,0,2022
2022-08-12,0,75.83708333333333,95.99229166666667,29.704791666666665,96.0,517.0,93.0,4,0,1,2022
2022-08-13,0,82.95666666666666,78.468125,29.676875,109.0,428.0,93.0,5,1,0,2022
2022-08-14,0,81.84979166666666,79.95291666666667,29.689166666666665,106.0,388.0,97.0,6,1,0,2022
2022-08-15,0,81.6575,78.15666666666667,29.70104166666667,95.0,332.0,108.0,0,0,0,2022
2022-08-16,0,79.74625,85.885625,29.69729166666667,91.0,379.0,107.0,1,0,0,2022
2022-08-17,0,81.72770833333333,80.78750000000001,29.687083333333334,85.0,437.0,106.0,2,0,0,2022
2022-08-18,0,83.376875,77.34291666666667,29.671041666666667,93.0,447.0,105.0,3,0,0,2022
2022-08-19,0,81.89791666666666,81.41458333333334,29.67375,97.0,391.0,103.0,4,0,0,2022
2022-08-20,0,83.48916666666666,74.93124999999999,29.66416666666667,82.0,392.0,103.0,5,1,0,2022
2022-08-21,0,79.924375,79.57583333333334,29.66875,74.0,418.0,99.0,6,1,0,2022
2022-08-22,0,81.80104166666666,75.29541666666667,29.676666666666666,80.0,448.0,99.0,0,0,0,2022
2022-08-23,0,80.01145833333334,81.89979166666667,29.687708333333333,82.0,416.0,105.0,1,0,0,2022
2022-08-24,0,82.22020833333333,77.8525,29.652083333333334,82.0,400.0,99.0,2,0,0,2022
2022-08-25,0,83.05479166666667,76.87875,29.626875,83.0,387.0,90.0,3,0,0,2022
2022-08-26,0,82.596875,77.28958333333334,29.651875,87.0,356.0,102.0,4,0,0,2022
2022-08-27,0,79.85458333333334,87.96333333333332,29.67625,105.0,436.0,101.0,5,1,0,2022
2022-08-28,0,79.905,86.01145833333334,29.661041666666666,98.0,500.0,88.0,6,1,0,2022
2022-08-29,0,80.26708333333333,87.90520833333333,29.667083333333334,87.0,466.0,95.0,0,0,0,2022
2022-08-30,0,81.761875,84.11354166666666,29.675833333333333,83.0,374.0,104.0,1,0,0,2022
2022-08-31,0,80.52625,86.151875,29.653958333333335,86.0,365.0,105.0,2,0,0,2022
2022-09-01,1,80.44875,81.63437499999999,29.75854166666667,95.0,420.0,111.0,3,0,0,2022
2022-09-02,0,82.59875,79.03916666666667,29.733333333333334,100.0,445.0,112.0,4,0,0,2022
2022-09-03,0,81.41770833333334,82.65375,29.686666666666667,88.0,500.0,103.0,5,1,0,2022
2022-09-04,0,81.85041666666667,81.69875,29.713958333333334,83.0,460.0,99.0,6,1,0,2022
2022-09-05,0,80.68145833333334,91.995625,29.633750000000003,88.0,383.0,103.0,0,0,0,2022
2022-09-06,0,82.29166666666667,81.42604166666666,29.672291666666666,88.0,357.0,98.0,1,0,0,2022
2022-09-07,0,84.24083333333333,77.97895833333332,29.627291666666665,84.0,384.0,102.0,2,0,0,2022
2022-09-08,0,82.57520833333334,80.00479166666666,29.653125000000003,80.0,388.0,106.0,3,0,0,2022
2022-09-09,1,82.57583333333334,78.16145833333333,29.73645833333333,73.0,445.0,104.0,4,0,0,2022
2022-09-10,0,77.68729166666667,91.37895833333333,29.751666666666665,87.0,487.0,102.0,5,1,0,2022
2022-09-11,1,79.2725,91.57145833333334,29.74229166666667,85.0,446.0,103.0,6,1,0,2022
2022-09-12,0,74.04166666666667,97.125,29.708333333333332,85.0,391.0,95.0,0,0,0,2022
2022-09-13,0,80.46854166666667,82.21479166666667,29.730625,81.0,360.0,100.0,1,0,0,2022
2022-09-14,0,80.74625,80.72354166666666,29.766875,75.0,342.0,100.0,2,0,0,2022
2022-09-15,0,81.443125,77.385,29.75583333333333,78.0,364.0,102.0,3,0,0,2022
2022-09-16,0,79.70958333333333,85.38270833333333,29.702916666666667,84.0,464.0,105.0,4,0,0,2022
2022-09-17,0,82.76666666666667,77.72,29.682916666666667,87.0,521.0,103.0,5,1,0,2022
2022-09-18,0,81.44229166666666,80.62125,29.719166666666666,95.0,489.0,98.0,6,1,0,2022
2022-09-19,0,82.77708333333334,75.50916666666667,29.72520833333333,104.0,392.0,103.0,0,0,0,2022
2022-09-20,0,79.19854166666667,84.84625,29.717916666666667,101.0,361.0,111.0,1,0,0,2022
2022-09-21,0,80.6375,82.42395833333333,29.68875,89.0,350.0,104.0,2,0,0,2022
2022-09-22,0,78.7175,83.55895833333334,29.6975,83.0,388.0,102.0,3,0,0,2022
2022-09-23,0,79.63833333333334,83.41687499999999,29.694791666666664,80.0,425.0,106.0,4,0,0,2022
2022-09-24,1,81.093125,79.41291666666667,29.66541666666667,86.0,446.0,103.0,5,1,0,2022
2022-09-25,1,80.674375,82.39520833333333,29.67,99.0,456.0,108.0,6,1,0,2022
2022-09-26,0,83.33895833333334,74.94145833333333,29.669375000000002,88.0,443.0,105.0,0,0,0,2022
2022-09-27,2,81.111875,82.27895833333334,29.661041666666666,80.0,375.0,110.0,1,0,0,2022
2022-09-28,0,77.95958333333333,91.56979166666667,29.628125,76.0,383.0,111.0,2,0,0,2022
2022-09-29,0,79.5625,88.27666666666666,29.616874999999997,80.0,392.0,109.0,3,0,0,2022
2022-09-30,0,79.50354166666666,86.85104166666667,29.675,88.0,327.0,104.0,4,0,0,2022
2022-10-01,0,79.52833333333334,81.65041666666666,29.781875,89.0,415.0,101.0,5,1,0,2022
2022-10-02,0,81.24395833333334,78.82625,29.727083333333336,86.0,431.0,98.0,6,1,0,2022
2022-10-03,0,83.5125,76.24062500000001,29.674791666666668,83.0,412.0,92.0,0,0,0,2022
2022-10-04,0,82.74249999999999,78.74416666666666,29.68958333333333,82.0,365.0,103.0,1,0,0,2022
2022-10-05,1,82.64999999999999,85.26125,29.641875,69.0,428.0,107.0,2,0,0,2022
2022-10-06,0,80.62125,88.56041666666665,29.692916666666665,78.0,400.0,105.0,3,0,0,2022
2022-10-07,0,83.09104166666667,80.211875,29.643541666666664,93.0,479.0,106.0,4,0,0,2022
2022-10-08,0,83.93479166666667,75.13541666666667,29.639583333333334,98.0,481.0,104.0,5,1,0,2022
2022-10-09,0,82.373125,77.54,29.726041666666664,101.0,476.0,94.0,6,1,0,2022
2022-10-10,0,77.67791666666666,92.63145833333334,29.767916666666665,88.0,450.0,87.0,0,0,0,2022
2022-10-11,1,77.46395833333334,93.90666666666668,29.735625,91.0,479.0,91.0,1,0,0,2022
2022-10-12,0,76.11520833333334,96.2575,29.686041666666668,85.0,490.0,101.0,2,0,0,2022
2022-10-13,0,78.23708333333333,87.67,29.7175,100.0,521.0,99.0,3,0,1,2022
2022-10-14,0,80.82729166666667,81.03979166666666,29.683125,108.0,539.0,101.0,4,0,1,2022
2022-10-15,0,80.04187499999999,84.14458333333333,29.661458333333332,89.0,422.0,98.0,5,1,0,2022
2022-10-16,0,77.75708333333334,91.64354166666668,29.726249999999997,89.0,411.0,92.0,6,1,0,2022
2022-10-17,0,81.10083333333334,82.41645833333332,29.723125,97.0,402.0,99.0,0,0,0,2022
2022-10-18,0,77.399375,94.97958333333334,29.698125,99.0,381.0,103.0,1,0,0,2022
2022-10-19,1,78.9475,89.97000000000001,29.682083333333335,88.0,352.0,106.0,2,0,0,2022
2022-10-20,0,79.92229166666667,88.17041666666667,29.698541666666667,90.0,392.0,100.0,3,0,0,2022
2022-10-21,0,80.17270833333333,87.09729166666666,29.734583333333333,86.0,366.0,101.0,4,0,0,2022
2022-10-22,0,80.02666666666667,86.21791666666667,29.771666666666665,83.0,474.0,105.0,5,1,0,2022
2022-10-23,0,79.91854166666667,86.83229166666666,29.7675,88.0,551.0,87.0,6,1,1,2022
2022-10-24,1,79.02291666666666,88.54208333333334,29.75208333333333,89.0,533.0,85.0,0,0,1,2022
2022-10-25,1,81.84520833333333,83.59645833333333,29.737291666666668,84.0,537.0,91.0,1,0,0,2022
2022-10-26,0,79.8125,86.88916666666667,29.718958333333333,84.0,476.0,102.0,2,0,0,2022
2022-10-27,0,78.25020833333333,89.569375,29.691041666666667,87.0,367.0,104.0,3,0,0,2022
2022-10-28,0,79.00979166666666,88.97208333333333,29.661458333333332,91.0,340.0,102.0,4,0,0,2022
2022-10-29,0,81.22895833333332,83.81395833333333,29.65833333333333,96.0,388.0,96.0,5,1,0,2022
2022-10-30,0,80.90916666666666,82.93041666666666,29.675,87.0,422.0,92.0,6,1,0,2022
2022-10-31,1,79.87291666666667,84.13041666666668,29.69604166666667,93.0,398.0,91.0,0,0,0,2022
2022-11-01,0,79.88312499999999,80.50791666666667,29.79375,87.0,351.0,99.0,1,0,0,2022
2022-11-02,0,81.17875,80.29041666666667,29.703958333333333,96.0,364.0,111.0,2,0,0,2022
2022-11-03,1,81.95416666666667,80.16833333333334,29.665000000000003,100.0,380.0,110.0,3,0,0,2022
2022-11-04,0,82.62708333333333,77.73520833333333,29.687083333333334,89.0,452.0,100.0,4,0,0,2022
2022-11-05,1,81.28791666666667,88.00604166666666,29.66875,84.0,586.0,94.0,5,1,0,2022
2022-11-06,0,80.57354166666667,83.87875,29.700208333333332,78.0,497.0,95.0,6,1,0,2022
2022-11-07,1,84.03208333333333,76.36541666666666,29.66,73.0,344.0,102.0,0,0,0,2022
2022-11-08,0,83.32583333333334,77.38083333333334,29.652083333333334,74.0,320.0,108.0,1,0,0,2022
2022-11-09,0,79.375,86.6875,29.724999999999998,78.0,336.0,99.0,2,0,0,2022
2022-11-10,1,79.54166666666667,90.645625,29.756874999999997,82.0,395.0,99.0,3,0,0,2022
2022-11-11,0,76.66979166666667,96.84291666666667,29.726875000000003,94.0,437.0,95.0,4,0,0,2022
2022-11-12,0,78.284375,90.995625,29.707708333333333,92.0,458.0,86.0,5,1,0,2022
2022-11-13,0,78.42791666666666,93.00208333333335,29.683125,88.0,469.0,89.0,6,1,0,2022
2022-11-14,0,77.86104166666667,94.966875,29.686666666666667,87.0,361.0,102.0,0,0,0,2022
2022-11-15,0,79.81166666666667,87.26666666666667,29.6875,90.0,409.0,106.0,1,0,0,2022
2022-11-16,1,79.54520833333333,90.65895833333333,29.665208333333336,88.0,372.0,102.0,2,0,0,2022
2022-11-17,0,79.729375,91.89916666666666,29.673541666666665,81.0,310.0,100.0,3,0,0,2022
2022-11-18,0,79.80145833333333,89.65458333333333,29.700416666666666,81.0,407.0,100.0,4,0,0,2022
2022-11-19,0,79.61333333333333,87.25270833333333,29.68041666666667,97.0,599.0,99.0,5,1,0,2022
2022-11-20,0,77.93770833333333,91.901875,29.64916666666667,96.0,448.0,100.0,6,1,0,2022
2022-11-21,0,80.064375,86.73666666666666,29.633750000000003,78.0,364.0,96.0,0,0,0,2022
2022-11-22,0,79.74833333333333,85.5175,29.646666666666665,74.0,383.0,97.0,1,0,0,2022
2022-11-23,0,78.52312500000001,91.410625,29.659583333333334,80.0,386.0,101.0,2,0,0,2022
2022-11-24,0,80.064375,83.87645833333333,29.67958333333333,90.0,389.0,99.0,3,0,0,2022
2022-11-25,0,81.15666666666667,83.53958333333334,29.7075,92.0,481.0,93.0,4,0,0,2022
2022-11-26,0,80.17104166666667,87.16000000000001,29.71083333333333,83.0,478.0,95.0,5,1,0,2022
2022-11-27,0,80.735,84.42416666666666,29.68958333333333,74.0,432.0,98.0,6,1,0,2022
2022-11-28,0,80.78,83.880625,29.69458333333333,71.0,425.0,104.0,0,0,0,2022
2022-11-29,0,81.82166666666667,82.47354166666666,29.702916666666667,78.0,401.0,105.0,1,0,0,2022
2022-11-30,0,82.25979166666666,81.00833333333334,29.703333333333333,86.0,480.0,106.0,2,0,0,2022
2022-12-01,0,79.91437499999999,75.49166666666666,29.801458333333333,107.0,418.0,108.0,3,0,0,2022
2022-12-02,0,81.54791666666667,78.66145833333333,29.679583333333337,103.0,345.0,98.0,4,0,0,2022
2022-12-03,0,82.24979166666667,81.34291666666667,29.644166666666667,98.0,360.0,93.0,5,1,0,2022
2022-12-04,0,81.723125,82.08395833333334,29.66416666666667,88.0,464.0,85.0,6,1,0,2022
2022-12-05,0,83.65708333333333,78.56645833333333,29.677291666666665,76.0,492.0,90.0,0,0,1,2022
2022-12-06,0,80.49020833333334,85.359375,29.70875,76.0,370.0,103.0,1,0,0,2022
2022-12-07,0,79.19645833333333,86.47083333333335,29.667708333333334,79.0,342.0,108.0,2,0,0,2022
2022-12-08,0,83.00541666666668,80.3025,29.66416666666667,88.0,324.0,109.0,3,0,0,2022
2022-12-09,0,79.23291666666667,86.30125,29.704375,93.0,361.0,100.0,4,0,0,2022
2022-12-10,0,80.09458333333333,86.31645833333333,29.7525,94.0,436.0,92.0,5,1,1,2022
2022-12-11,0,80.43145833333334,88.24125,29.6925,92.0,432.0,89.0,6,1,0,2022
2022-12-12,0,77.62375,92.05395833333334,29.6975,98.0,404.0,89.0,0,0,1,2022
2022-12-13,0,78.64562500000001,90.320625,29.6975,84.0,364.0,99.0,1,0,0,2022
2022-12-14,1,79.31729166666666,83.92999999999999,29.714791666666667,78.0,360.0,108.0,2,0,0,2022
2022-12-15,0,79.85854166666667,84.41145833333333,29.675,74.0,402.0,110.0,3,0,0,2022
2022-12-16,0,82.05916666666667,81.21041666666666,29.645208333333333,85.0,404.0,106.0,4,0,0,2022
2022-12-17,0,77.01979166666666,92.36166666666666,29.672916666666666,89.0,472.0,105.0,5,1,0,2022
2022-12-18,0,73.00333333333333,99.544375,29.669375000000002,93.0,487.0,104.0,6,1,0,2022
2022-12-19,0,74.60125000000001,97.18354166666667,29.678124999999998,85.0,438.0,103.0,0,0,0,2022
2022-12-20,0,77.33520833333334,95.535625,29.67,93.0,432.0,110.0,1,0,0,2022
2022-12-21,0,76.173125,98.77104166666668,29.685625,87.0,414.0,101.0,2,0,0,2022
2022-12-22,0,78.791875,89.100625,29.701875,84.0,366.0,100.0,3,0,0,2022
2022-12-23,0,78.40729166666667,87.58208333333333,29.715416666666666,94.0,391.0,101.0,4,0,0,2022
2022-12-24,0,77.95979166666667,84.02354166666667,29.74208333333333,94.0,464.0,98.0,5,1,0,2022
2022-12-25,1,77.94333333333334,82.53458333333333,29.790000000000003,87.0,382.0,98.0,6,1,0,2022
2022-12-26,0,76.73270833333333,84.88020833333333,29.824375,81.0,339.0,100.0,0,0,0,2022
2022-12-27,0,76.905625,83.33104166666666,29.820833333333336,100.0,370.0,106.0,1,0,0,2022
2022-12-28,0,77.08083333333333,83.76583333333333,29.824166666666667,107.0,419.0,115.0,2,0,0,2022
2022-12-29,0,75.83,85.10104166666666,29.844791666666666,91.0,408.0,105.0,3,0,0,2022
2022-12-30,0,76.40708333333333,83.45604166666666,29.851041666666664,88.0,582.0,85.0,4,0,1,2022
2022-12-31,1,77.50270833333333,84.420625,29.835624999999997,97.0,754.0,85.0,5,1,1,2022
2023-01-01,0,77.88125000000001,80.89416666666666,29.805833333333336,96.0,578.0,84.0,6,1,1,2023
2023-01-02,1,79.376875,82.041875,29.720208333333332,96.0,643.0,91.0,0,0,1,2023
2023-01-03,0,76.5725,93.780625,29.832708333333333,90.0,614.0,91.0,1,0,1,2023
2023-01-04,0,82.69708333333334,72.884375,29.692291666666666,74.0,510.0,105.0,2,0,0,2023
2023-01-05,0,84.31645833333333,80.26083333333334,29.641041666666666,75.0,452.0,112.0,3,0,0,2023
2023-01-06,0,85.18916666666667,72.899375,29.66979166666667,82.0,429.0,105.0,4,0,0,2023
2023-01-07,0,80.76875,82.36541666666666,29.712708333333335,86.0,467.0,104.0,5,1,0,2023
2023-01-08,0,80.61687500000001,85.84875,29.716875,92.0,432.0,101.0,6,1,0,2023
2023-01-09,0,79.98666666666666,86.68,29.715833333333332,81.0,393.0,106.0,0,0,0,2023
2023-01-10,0,84.95479166666667,71.83708333333333,29.73229166666667,73.0,389.0,113.0,1,0,0,2023
2023-01-11,0,79.33166666666666,91.49020833333333,29.748333333333335,83.0,350.0,106.0,2,0,0,2023
2023-01-12,0,79.92229166666667,92.07937499999998,29.720208333333332,83.0,365.0,109.0,3,0,0,2023
2023-01-13,0,80.83875,84.924375,29.750208333333333,82.0,420.0,110.0,4,0,0,2023
2023-01-14,1,80.504375,82.74083333333333,29.720625,88.0,525.0,99.0,5,1,1,2023
2023-01-15,0,81.62083333333332,84.69791666666667,29.69604166666667,93.0,405.0,99.0,6,1,0,2023
2023-01-16,0,80.001875,83.6575,29.741041666666664,81.0,299.0,104.0,0,0,0,2023
2023-01-17,0,77.19687499999999,81.94291666666668,29.770208333333333,82.0,337.0,108.0,1,0,0,2023
2023-01-18,0,78.27354166666667,84.73666666666666,29.787291666666665,98.0,368.0,103.0,2,0,0,2023
2023-01-19,0,79.2475,83.03208333333333,29.772291666666664,104.0,351.0,101.0,3,0,0,2023
2023-01-20,0,76.50166666666667,93.508125,29.754583333333333,93.0,359.0,100.0,4,0,0,2023
2023-01-21,0,78.58854166666667,91.02666666666666,29.72645833333333,97.0,386.0,96.0,5,1,0,2023
2023-01-22,0,79.60000000000001,87.78229166666667,29.704583333333332,85.0,368.0,103.0,6,1,0,2023
2023-01-23,0,80.37583333333333,85.44333333333333,29.688541666666666,80.0,356.0,112.0,0,0,0,2023
2023-01-24,0,80.23854166666666,84.35833333333333,29.707291666666666,83.0,344.0,103.0,1,0,0,2023
2023-01-25,0,78.23833333333333,83.78708333333333,29.709791666666664,83.0,330.0,95.0,2,0,0,2023
2023-01-26,0,79.59270833333333,80.07312499999999,29.72520833333333,87.0,382.0,98.0,3,0,0,2023
2023-01-27,0,78.99979166666667,86.18166666666667,29.715416666666666,87.0,384.0,102.0,4,0,0,2023
2023-01-28,0,77.24979166666667,89.51395833333333,29.705624999999998,84.0,451.0,95.0,5,1,0,2023
2023-01-29,0,75.96229166666667,92.70270833333335,29.72375,93.0,442.0,94.0,6,1,0,2023
2023-01-30,0,76.18854166666667,90.75875,29.758333333333336,92.0,395.0,99.0,0,0,0,2023
2023-01-31,1,77.431875,86.31229166666667,29.743125000000003,81.0,369.0,97.0,1,0,0,2023
2023-02-01,1,77.67645833333333,84.72479166666666,29.823958333333334,76.0,394.0,103.0,2,0,0,2023
2023-02-02,1,79.03958333333334,84.08979166666667,29.715833333333332,78.0,400.0,105.0,3,0,0,2023
2023-02-03,0,80.1725,83.05104166666666,29.81041666666667,78.0,419.0,102.0,4,0,0,2023
2023-02-04,0,81.96374999999999,77.04333333333334,29.682291666666668,86.0,494.0,92.0,5,1,0,2023
2023-02-05,0,79.87541666666667,91.07041666666667,29.684166666666666,88.0,442.0,102.0,6,1,0,2023
2023-02-06,1,85.65166666666666,72.17375,29.675208333333334,85.0,365.0,109.0,0,0,0,2023
2023-02-07,0,84.03208333333333,71.75583333333333,29.715625,84.0,397.0,102.0,1,0,0,2023
2023-02-08,0,81.95979166666667,83.405625,29.729791666666667,82.0,415.0,99.0,2,0,0,2023
2023-02-09,0,80.10541666666667,86.1275,29.68166666666667,87.0,433.0,105.0,3,0,0,2023
2023-02-10,0,83.0,81.13875,29.752291666666665,97.0,438.0,100.0,4,0,0,2023
2023-02-11,0,79.00416666666666,90.47416666666668,29.743750000000002,97.0,451.0,93.0,5,1,0,2023
2023-02-12,0,76.84708333333333,96.18854166666667,29.726249999999997,86.0,511.0,93.0,6,1,0,2023
2023-02-13,1,80.05312500000001,80.64166666666667,29.74791666666667,92.0,387.0,96.0,0,0,0,2023
2023-02-14,1,79.21020833333334,82.33666666666666,29.734375,88.0,406.0,100.0,1,0,0,2023
2023-02-15,0,79.24020833333334,79.93583333333333,29.73875,86.0,450.0,93.0,2,0,0,2023
2023-02-16,0,79.36520833333334,77.73875,29.76375,88.0,394.0,92.0,3,0,0,2023
2023-02-17,0,80.99416666666667,78.22,29.769166666666667,81.0,360.0,105.0,4,0,0,2023
2023-02-18,1,80.58020833333333,80.78604166666666,29.761041666666667,87.0,457.0,102.0,5,1,0,2023
2023-02-19,0,79.505,83.03458333333333,29.760416666666668,94.0,465.0,94.0,6,1,0,2023
2023-02-20,0,80.381875,80.87354166666667,29.743958333333335,96.0,433.0,102.0,0,0,0,2023
2023-02-21,0,80.54125,79.690625,29.771874999999998,87.0,345.0,104.0,1,0,0,2023
2023-02-22,0,80.64270833333333,77.49270833333334,29.777291666666667,79.0,304.0,104.0,2,0,0,2023
2023-02-23,0,79.62145833333334,79.52875,29.76,82.0,330.0,100.0,3,0,0,2023
2023-02-24,0,79.92583333333333,79.26333333333334,29.756666666666664,85.0,381.0,102.0,4,0,0,2023
2023-02-25,0,79.92791666666666,80.02291666666666,29.801875,92.0,502.0,103.0,5,1,0,2023
2023-02-26,0,79.6425,75.51541666666667,29.845208333333332,90.0,456.0,110.0,6,1,0,2023
2023-02-27,0,78.78979166666666,80.99041666666666,29.845416666666665,88.0,397.0,100.0,0,0,0,2023
2023-02-28,0,77.910625,86.18229166666667,29.832708333333333,85.0,392.0,100.0,1,0,0,2023
2023-03-01,1,79.2025,84.96166666666666,29.803749999999997,84.0,381.0,103.0,2,0,0,2023
2023-03-02,1,77.363125,92.71104166666667,29.717916666666667,87.0,341.0,99.0,3,0,0,2023
2023-03-03,0,81.48708333333333,77.471875,29.848958333333332,88.0,336.0,94.0,4,0,0,2023
2023-03-04,1,81.60645833333334,80.064375,29.688333333333333,90.0,354.0,90.0,5,1,0,2023
2023-03-05,1,82.78791666666667,83.50020833333333,29.701875,90.0,423.0,93.0,6,1,0,2023
2023-03-06,1,84.35000000000001,76.00937499999999,29.698125,97.0,541.0,88.0,0,0,1,2023
2023-03-07,0,84.15729166666667,75.46958333333333,29.713125,91.0,517.0,96.0,1,0,0,2023
2023-03-08,0,83.53854166666666,79.17270833333333,29.74020833333333,87.0,493.0,99.0,2,0,0,2023
2023-03-09,0,80.77875,85.54729166666668,29.648750000000003,84.0,423.0,102.0,3,0,0,2023
2023-03-10,0,83.89458333333333,75.89208333333333,29.756041666666665,92.0,415.0,102.0,4,0,0,2023
2023-03-11,0,81.14416666666666,85.67666666666666,29.698958333333334,101.0,374.0,90.0,5,1,0,2023
2023-03-12,0,79.751875,90.38041666666668,29.726249999999997,102.0,396.0,89.0,6,1,0,2023
2023-03-13,0,80.505625,73.285625,29.75583333333333,97.0,396.0,101.0,0,0,0,2023
2023-03-14,0,78.95041666666667,74.57416666666667,29.72,79.0,319.0,106.0,1,0,0,2023
2023-03-15,0,79.406875,73.63895833333333,29.754166666666666,70.0,343.0,103.0,2,0,0,2023
2023-03-16,0,80.136875,75.56458333333333,29.755416666666665,81.0,342.0,102.0,3,0,0,2023
2023-03-17,0,80.86,77.19354166666666,29.754583333333333,94.0,375.0,94.0,4,0,0,2023
2023-03-18,0,81.48708333333333,76.78958333333334,29.726875000000003,90.0,437.0,92.0,5,1,0,2023
2023-03-19,0,82.32791666666667,76.80479166666667,29.703125,90.0,437.0,95.0,6,1,0,2023
2023-03-20,0,82.90208333333334,78.88083333333334,29.69458333333333,90.0,467.0,102.0,0,0,0,2023
2023-03-21,0,80.98104166666667,81.59083333333334,29.699166666666667,92.0,394.0,107.0,1,0,0,2023
2023-03-22,1,83.15354166666667,79.74062500000001,29.658541666666665,80.0,346.0,98.0,2,0,0,2023
2023-03-23,0,82.54104166666666,81.4375,29.671666666666667,76.0,337.0,95.0,3,0,0,2023
2023-03-24,0,82.99770833333334,78.39229166666667,29.67979166666667,79.0,378.0,97.0,4,0,0,2023
2023-03-25,0,81.94125,75.31666666666666,29.699166666666667,99.0,491.0,100.0,5,1,0,2023
2023-03-26,1,81.6975,76.12666666666667,29.676666666666666,102.0,515.0,96.0,6,1,0,2023
2023-03-27,0,82.218125,76.44916666666667,29.675833333333333,82.0,406.0,110.0,0,0,0,2023
2023-03-28,0,82.95875,79.36520833333334,29.706666666666667,80.0,389.0,107.0,1,0,0,2023
2023-03-29,0,82.80125,76.27312500000001,29.726875000000003,81.0,363.0,97.0,2,0,0,2023
2023-03-30,0,81.87854166666666,75.66458333333334,29.704375,80.0,358.0,98.0,3,0,0,2023
2023-03-31,0,81.66833333333334,74.74791666666667,29.69604166666667,85.0,388.0,101.0,4,0,0,2023
2023-04-01,0,76.99875,92.80520833333333,29.797708333333333,92.0,497.0,101.0,5,1,0,2023
2023-04-02,0,81.37479166666667,81.12125,29.696250000000003,101.0,484.0,103.0,6,1,0,2023
2023-04-03,0,79.46979166666667,79.17354166666667,29.865,93.0,401.0,101.0,0,0,0,2023
2023-04-04,0,81.68729166666667,79.75020833333333,29.6675,80.0,478.0,102.0,1,0,0,2023
2023-04-05,0,82.52041666666666,83.61395833333333,29.668333333333333,86.0,436.0,99.0,2,0,0,2023
2023-04-06,0,84.59291666666667,71.974375,29.688125,98.0,493.0,93.0,3,0,1,2023
2023-04-07,0,84.506875,77.67270833333333,29.694374999999997,109.0,464.0,102.0,4,0,0,2023
2023-04-08,0,82.748125,82.581875,29.778125,97.0,501.0,99.0,5,1,0,2023
2023-04-09,1,79.06145833333333,89.98979166666668,29.639166666666668,91.0,613.0,93.0,6,1,0,2023
2023-04-10,0,81.92604166666666,84.640625,29.741666666666664,82.0,517.0,99.0,0,0,0,2023
2023-04-11,0,80.23916666666666,88.04145833333332,29.700833333333335,86.0,501.0,109.0,1,0,0,2023
2023-04-12,0,81.53958333333334,87.20291666666667,29.722083333333334,98.0,571.0,101.0,2,0,0,2023
2023-04-13,1,83.34020833333334,82.31791666666666,29.684166666666666,96.0,634.0,89.0,3,0,1,2023
2023-04-14,0,84.32395833333334,80.65083333333332,29.673541666666665,94.0,583.0,87.0,4,0,1,2023
2023-04-15,0,85.49145833333334,77.29375,29.658958333333334,94.0,482.0,88.0,5,1,1,2023
2023-04-16,1,81.56645833333333,84.29708333333333,29.669166666666666,104.0,436.0,86.0,6,1,0,2023
2023-04-17,1,83.90583333333333,77.24645833333334,29.689375,102.0,534.0,85.0,0,0,1,2023
2023-04-18,1,82.80125,82.18104166666667,29.702083333333334,83.0,507.0,94.0,1,0,0,2023
2023-04-19,0,82.66083333333333,82.99354166666667,29.638333333333335,78.0,453.0,100.0,2,0,0,2023
2023-04-20,0,84.15416666666667,77.46270833333334,29.60375,89.0,409.0,102.0,3,0,0,2023
2023-04-21,0,85.7725,78.51375,29.60354166666667,92.0,407.0,102.0,4,0,0,2023
2023-04-22,0,80.40166666666667,88.34729166666666,29.618750000000002,96.0,423.0,98.0,5,1,0,2023
2023-04-23,0,79.27479166666667,89.1875,29.656041666666667,86.0,435.0,99.0,6,1,0,2023
2023-04-24,0,83.11125,80.719375,29.687708333333333,76.0,388.0,105.0,0,0,0,2023
2023-04-25,0,84.40520833333333,78.37125,29.65833333333333,79.0,377.0,98.0,1,0,0,2023
2023-04-26,0,84.30291666666666,78.47729166666666,29.647291666666664,86.0,356.0,97.0,2,0,0,2023
2023-04-27,0,84.42395833333333,76.99291666666666,29.668125,88.0,385.0,102.0,3,0,0,2023
2023-04-28,0,84.17604166666666,78.686875,29.68041666666667,85.0,427.0,100.0,4,0,0,2023
2023-04-29,0,82.45083333333334,83.74333333333333,29.66125,87.0,429.0,100.0,5,1,0,2023
2023-04-30,0,84.84270833333333,78.568125,29.635625,87.0,502.0,106.0,6,1,0,2023
2023-05-01,0,79.479375,85.74979166666667,29.773958333333336,91.0,601.0,100.0,0,0,1,2023
2023-05-02,0,80.58125,81.815,29.692708333333332,81.0,566.0,101.0,1,0,0,2023
2023-05-03,1,79.39583333333333,75.47354166666666,29.849999999999998,87.0,561.0,100.0,2,0,0,2023
2023-05-04,0,79.14166666666667,88.26020833333332,29.688125,102.0,586.0,85.0,3,0,1,2023
2023-05-05,0,82.77666666666667,84.7025,29.61645833333333,98.0,558.0,93.0,4,0,1,2023
2023-05-06,0,83.24770833333334,77.16645833333334,29.663750000000004,97.0,536.0,102.0,5,1,0,2023
2023-05-07,0,84.78208333333333,74.83375,29.688541666666666,99.0,506.0,97.0,6,1,0,2023
2023-05-08,0,83.71,79.27270833333334,29.792291666666667,101.0,521.0,95.0,0,0,0,2023
2023-05-09,0,78.40166666666666,87.93374999999999,29.694374999999997,108.0,479.0,101.0,1,0,0,2023
2023-05-10,0,82.719375,79.8025,29.713333333333335,105.0,380.0,105.0,2,0,0,2023
2023-05-11,0,80.111875,88.49208333333333,29.727083333333336,88.0,388.0,97.0,3,0,0,2023
2023-05-12,0,81.37270833333334,89.21333333333332,29.72791666666667,79.0,446.0,97.0,4,0,0,2023
2023-05-13,0,85.3675,76.86666666666666,29.717083333333335,87.0,486.0,102.0,5,1,0,2023
2023-05-14,0,84.38479166666666,79.50916666666667,29.720625,88.0,490.0,101.0,6,1,0,2023
2023-05-15,0,82.880625,84.73791666666666,29.736874999999998,82.0,481.0,94.0,0,0,0,2023
2023-05-16,0,82.835,81.84104166666667,29.755208333333332,89.0,447.0,100.0,1,0,0,2023
2023-05-17,0,80.56291666666667,86.63854166666665,29.766875,92.0,392.0,106.0,2,0,0,2023
2023-05-18,0,81.561875,84.42041666666667,29.76770833333333,88.0,353.0,102.0,3,0,0,2023
2023-05-19,0,81.68791666666667,86.5425,29.720625,91.0,382.0,109.0,4,0,0,2023
2023-05-20,0,85.395625,76.47166666666666,29.689375,104.0,469.0,107.0,5,1,0,2023
2023-05-21,0,83.60604166666667,78.82125,29.723125,102.0,516.0,101.0,6,1,0,2023
2023-05-22,1,82.16416666666667,80.189375,29.754791666666666,97.0,372.0,104.0,0,0,0,2023
2023-05-23,1,83.501875,79.336875,29.738958333333333,89.0,367.0,95.0,1,0,0,2023
2023-05-24,1,84.37125,78.48416666666667,29.72791666666667,94.0,424.0,103.0,2,0,0,2023
2023-05-25,1,84.58729166666667,77.83624999999999,29.731875,98.0,417.0,100.0,3,0,0,2023
2023-05-26,0,81.84166666666667,85.70479166666667,29.733333333333334,89.0,438.0,98.0,4,0,0,2023
2023-05-27,0,83.70583333333333,76.63604166666667,29.682291666666668,91.0,487.0,98.0,5,1,0,2023
2023-05-28,0,81.791875,83.82583333333334,29.65833333333333,98.0,491.0,92.0,6,1,0,2023
2023-05-29,0,84.318125,74.06708333333333,29.680208333333336,83.0,417.0,96.0,0,0,0,2023
2023-05-30,0,83.816875,77.47354166666666,29.685208333333335,80.0,381.0,106.0,1,0,0,2023
2023-05-31,0,84.20645833333333,76.68458333333334,29.680833333333336,92.0,418.0,103.0,2,0,0,2023
2023-06-01,0,75.88395833333333,93.44083333333333,29.78333333333333,85.0,477.0,104.0,3,0,0,2023
2023-06-02,0,80.505625,82.80520833333334,29.721666666666668,81.0,471.0,94.0,4,0,0,2023
2023-06-03,0,78.72375000000001,74.98666666666666,29.822916666666668,91.0,484.0,82.0,5,1,1,2023
2023-06-04,0,80.18958333333333,83.97333333333333,29.691666666666666,88.0,446.0,88.0,6,1,0,2023
2023-06-05,0,84.658125,81.67999999999999,29.5925,86.0,462.0,87.0,0,0,1,2023
2023-06-06,2,82.31125,80.439375,29.673541666666665,86.0,447.0,94.0,1,0,0,2023
2023-06-07,0,84.47958333333334,71.93625,29.713958333333334,93.0,359.0,97.0,2,0,0,2023
2023-06-08,0,83.03791666666667,79.25020833333333,29.761458333333334,81.0,380.0,95.0,3,0,0,2023
2023-06-09,0,81.723125,79.05479166666667,29.718541666666667,84.0,385.0,93.0,4,0,0,2023
2023-06-10,0,82.75770833333333,80.87520833333333,29.714583333333334,91.0,402.0,97.0,5,1,0,2023
2023-06-11,0,83.03333333333333,83.12708333333333,29.72645833333333,88.0,452.0,98.0,6,1,0,2023
2023-06-12,0,82.37479166666667,85.080625,29.752291666666665,86.0,357.0,101.0,0,0,0,2023
2023-06-13,0,84.18791666666667,77.32916666666667,29.665625000000002,85.0,332.0,106.0,1,0,0,2023
2023-06-14,0,83.51520833333333,79.79083333333334,29.71375,82.0,320.0,108.0,2,0,0,2023
2023-06-15,0,82.80729166666667,81.79395833333334,29.697708333333335,85.0,369.0,99.0,3,0,0,2023
2023-06-16,0,83.97166666666666,80.26520833333333,29.665208333333336,84.0,432.0,97.0,4,0,0,2023
2023-06-17,1,81.38791666666667,83.68770833333333,29.6925,93.0,482.0,94.0,5,1,0,2023
2023-06-18,0,80.12875,83.1575,29.7375,92.0,465.0,102.0,6,1,0,2023
2023-06-19,0,83.26166666666667,75.16833333333334,29.690833333333334,92.0,379.0,102.0,0,0,0,2023
2023-06-20,0,84.079375,74.15895833333333,29.687291666666667,94.0,321.0,101.0,1,0,0,2023
2023-06-21,0,85.19333333333334,68.25020833333333,29.706666666666667,89.0,336.0,99.0,2,0,0,2023
2023-06-22,0,81.75375,78.45291666666667,29.706875,87.0,383.0,99.0,3,0,0,2023
2023-06-23,0,82.64166666666667,79.19250000000001,29.673125,79.0,404.0,99.0,4,0,0,2023
2023-06-24,0,82.7725,79.91291666666667,29.665208333333336,81.0,462.0,94.0,5,1,0,2023
2023-06-25,1,80.52187500000001,87.10479166666666,29.67,88.0,438.0,93.0,6,1,0,2023
2023-06-26,0,81.41479166666666,84.568125,29.685208333333335,81.0,363.0,101.0,0,0,0,2023
2023-06-27,0,80.63604166666667,84.78937499999999,29.696875000000002,83.0,340.0,106.0,1,0,0,2023
2023-06-28,0,81.53083333333333,81.13625,29.712083333333336,82.0,403.0,100.0,2,0,0,2023
2023-06-29,0,82.68041666666666,76.44895833333334,29.691041666666667,77.0,382.0,95.0,3,0,0,2023
2023-06-30,0,81.674375,82.54958333333333,29.684375,81.0,382.0,97.0,4,0,0,2023
2023-07-01,0,73.18208333333334,98.534375,29.77145833333333,94.0,453.0,102.0,5,1,0,2023
2023-07-02,0,80.41083333333333,81.63604166666667,29.719375,86.0,469.0,100.0,6,1,0,2023
2023-07-03,0,79.23833333333333,77.04041666666667,29.817083333333333,87.0,391.0,95.0,0,0,0,2023
2023-07-04,0,82.51770833333333,76.87166666666667,29.72375,90.0,330.0,97.0,1,0,0,2023
2023-07-05,0,85.18583333333333,79.28458333333333,29.5975,79.0,336.0,98.0,2,0,0,2023
2023-07-06,1,82.26541666666667,79.57708333333333,29.685208333333335,73.0,336.0,111.0,3,0,0,2023
2023-07-07,0,83.29145833333332,78.81833333333334,29.711875000000003,79.0,391.0,113.0,4,0,0,2023
2023-07-08,0,83.42625,77.71020833333334,29.719375,90.0,480.0,102.0,5,1,0,2023
2023-07-09,0,82.980625,80.31833333333333,29.718958333333333,102.0,497.0,88.0,6,1,0,2023
2023-07-10,0,80.57208333333334,87.861875,29.74208333333333,97.0,390.0,88.0,0,0,0,2023
2023-07-11,0,81.29145833333332,85.82979166666667,29.732708333333335,90.0,336.0,93.0,1,0,0,2023
2023-07-12,1,78.84625,93.406875,29.764166666666668,76.0,307.0,97.0,2,0,0,2023
2023-07-13,0,83.64604166666668,76.37375,29.727083333333336,72.0,349.0,103.0,3,0,0,2023
2023-07-14,0,84.41895833333334,72.62270833333334,29.73125,79.0,395.0,104.0,4,0,0,2023
2023-07-15,0,84.30708333333332,74.45229166666667,29.699375,93.0,430.0,113.0,5,1,0,2023
2023-07-16,0,85.281875,69.60979166666667,29.661875,101.0,443.0,105.0,6,1,0,2023
2023-07-17,1,85.485,70.44333333333334,29.648958333333336,86.0,390.0,106.0,0,0,0,2023
2023-07-18,0,85.51937500000001,70.16541666666667,29.660416666666666,80.0,367.0,106.0,1,0,0,2023
2023-07-19,0,78.46,91.60604166666667,29.66875,80.0,388.0,112.0,2,0,0,2023
2023-07-20,0,82.89604166666668,78.92395833333333,29.655208333333334,82.0,383.0,112.0,3,0,0,2023
2023-07-21,1,83.025625,79.84145833333334,29.68541666666667,89.0,359.0,106.0,4,0,0,2023
2023-07-22,0,82.36729166666667,79.73145833333334,29.722708333333333,89.0,424.0,100.0,5,1,0,2023
2023-07-23,0,83.84270833333333,75.30604166666667,29.718958333333333,92.0,464.0,103.0,6,1,0,2023
2023-07-24,0,84.47958333333334,72.74833333333333,29.68625,102.0,433.0,115.0,0,0,0,2023
2023-07-25,0,85.00770833333333,74.74229166666667,29.693749999999998,103.0,375.0,103.0,1,0,0,2023
2023-07-26,0,80.33458333333333,86.541875,29.72520833333333,94.0,466.0,105.0,2,0,0,2023
2023-07-27,0,84.33604166666667,77.188125,29.714791666666667,79.0,585.0,97.0,3,0,0,2023
2023-07-28,0,85.15583333333333,73.57729166666667,29.676875,77.0,576.0,87.0,4,0,1,2023
2023-07-29,0,84.936875,72.33875,29.670208333333335,85.0,474.0,92.0,5,1,0,2023
2023-07-30,0,82.23104166666667,83.5225,29.672708333333333,86.0,480.0,98.0,6,1,0,2023
2023-07-31,0,80.11354166666666,89.65604166666667,29.69666666666667,96.0,512.0,95.0,0,0,1,2023
2023-08-01,0,76.20625,93.42312500000001,29.764791666666667,108.0,544.0,86.0,1,0,1,2023
2023-08-02,0,79.50916666666667,83.345,29.714791666666667,107.0,595.0,87.0,2,0,1,2023
2023-08-03,0,80.13208333333334,77.47479166666666,29.8025,93.0,457.0,97.0,3,0,0,2023
2023-08-04,0,83.35479166666667,77.50791666666667,29.765833333333333,90.0,427.0,102.0,4,0,0,2023
2023-08-05,0,86.26687500000001,76.71791666666667,29.599999999999998,91.0,453.0,105.0,5,1,0,2023
2023-08-06,0,84.831875,75.61333333333333,29.699375,80.0,453.0,106.0,6,1,0,2023
2023-08-07,0,83.336875,78.99020833333334,29.70375,82.0,390.0,111.0,0,0,0,2023
2023-08-08,0,83.32833333333333,73.72791666666667,29.740416666666665,93.0,369.0,112.0,1,0,0,2023
2023-08-09,0,78.03208333333333,91.926875,29.748125,86.0,364.0,101.0,2,0,0,2023
2023-08-10,1,81.58333333333333,83.56020833333334,29.764791666666667,83.0,378.0,95.0,3,0,0,2023
2023-08-11,1,80.74020833333334,87.35562499999999,29.724375,98.0,466.0,92.0,4,0,0,2023
2023-08-12,0,81.55125,84.45291666666667,29.75208333333333,110.0,540.0,91.0,5,1,1,2023
2023-08-13,0,82.31020833333334,79.596875,29.70895833333333,98.0,480.0,105.0,6,1,0,2023
2023-08-14,0,79.33875,87.81041666666665,29.737083333333334,93.0,448.0,98.0,0,0,1,2023
2023-08-15,0,80.065,85.30916666666667,29.744583333333335,92.0,447.0,104.0,1,0,0,2023
2023-08-16,0,79.78395833333333,85.28375,29.748125,96.0,428.0,111.0,2,0,0,2023
2023-08-17,0,82.24249999999999,77.10020833333333,29.7325,85.0,400.0,103.0,3,0,0,2023
2023-08-18,0,84.03625,74.33875,29.701666666666668,89.0,362.0,94.0,4,0,0,2023
2023-08-19,0,84.01166666666667,74.40375,29.68104166666667,89.0,449.0,89.0,5,1,0,2023
2023-08-20,0,83.46,75.14958333333333,29.66875,86.0,561.0,93.0,6,1,0,2023
2023-08-21,0,83.23666666666666,77.16916666666667,29.683958333333333,89.0,434.0,103.0,0,0,0,2023
2023-08-22,0,81.47729166666666,82.40708333333333,29.69666666666667,83.0,401.0,107.0,1,0,0,2023
2023-08-23,0,82.9775,76.18041666666666,29.70125,86.0,382.0,112.0,2,0,0,2023
2023-08-24,0,83.72958333333334,76.16354166666666,29.696875000000002,87.0,370.0,111.0,3,0,0,2023
2023-08-25,1,81.88645833333334,81.6575,29.705,81.0,401.0,110.0,4,0,0,2023
2023-08-26,2,81.41479166666666,79.38895833333333,29.72791666666667,86.0,485.0,104.0,5,1,0,2023
2023-08-27,1,82.78583333333334,76.76166666666667,29.695833333333336,88.0,484.0,104.0,6,1,0,2023
2023-08-28,0,83.859375,74.681875,29.67125,84.0,401.0,108.0,0,0,0,2023
2023-08-29,0,81.83979166666667,80.49875,29.661041666666666,79.0,403.0,105.0,1,0,0,2023
2023-08-30,0,82.72895833333332,79.97333333333334,29.677916666666665,94.0,492.0,104.0,2,0,0,2023
2023-08-31,0,83.32145833333333,77.26083333333334,29.697916666666668,92.0,469.0,103.0,3,0,0,2023
2023-09-01,0,77.29291666666667,92.23270833333333,29.78125,83.0,411.0,96.0,4,0,0,2023
2023-09-02,0,80.59666666666666,80.65958333333333,29.7075,81.0,424.0,97.0,5,1,0,2023
2023-09-03,0,80.525625,77.42583333333333,29.770208333333333,86.0,464.0,94.0,6,1,0,2023
2023-09-04,0,84.18791666666667,75.369375,29.769583333333333,80.0,389.0,93.0,0,0,0,2023
2023-09-05,0,85.17833333333333,78.70583333333333,29.628958333333333,91.0,360.0,96.0,1,0,0,2023
2023-09-06,0,84.92583333333333,77.02145833333334,29.665833333333335,84.0,389.0,100.0,2,0,0,2023
2023-09-07,0,80.18541666666667,82.55979166666667,29.705624999999998,81.0,399.0,109.0,3,0,0,2023
2023-09-08,0,80.64458333333333,84.69208333333333,29.769166666666667,81.0,463.0,115.0,4,0,0,2023
2023-09-09,0,82.22145833333333,79.15916666666666,29.6925,87.0,527.0,111.0,5,1,0,2023
2023-09-10,0,81.53937499999999,82.46249999999999,29.77,105.0,510.0,103.0,6,1,0,2023
2023-09-11,0,79.79625,89.93104166666666,29.735833333333332,108.0,415.0,98.0,0,0,0,2023
2023-09-12,0,82.306875,81.60083333333334,29.735,83.0,447.0,98.0,1,0,0,2023
2023-09-13,0,83.12291666666667,76.21020833333334,29.72583333333333,78.0,338.0,99.0,2,0,0,2023
2023-09-14,0,82.54458333333334,78.59083333333334,29.726041666666664,83.0,341.0,101.0,3,0,0,2023
2023-09-15,0,83.05833333333334,77.98354166666667,29.720625,104.0,465.0,105.0,4,0,0,2023
2023-09-16,0,83.45333333333333,76.51020833333334,29.70520833333333,102.0,554.0,93.0,5,1,0,2023
2023-09-17,0,82.401875,79.40479166666667,29.692708333333332,90.0,478.0,99.0,6,1,0,2023
2023-09-18,1,82.199375,78.92833333333333,29.704166666666666,87.0,409.0,108.0,0,0,0,2023
2023-09-19,1,81.81645833333333,81.32020833333333,29.733958333333334,92.0,389.0,106.0,1,0,0,2023
2023-09-20,0,83.25270833333333,78.67979166666667,29.710624999999997,82.0,349.0,98.0,2,0,0,2023
2023-09-21,0,78.83291666666666,89.38979166666667,29.72458333333333,78.0,318.0,101.0,3,0,0,2023
2023-09-22,0,80.468125,85.09270833333333,29.70958333333333,74.0,339.0,101.0,4,0,0,2023
2023-09-23,0,79.57333333333334,89.31020833333334,29.71104166666667,83.0,444.0,93.0,5,1,0,2023
2023-09-24,1,78.77604166666667,89.441875,29.694791666666664,97.0,486.0,88.0,6,1,0,2023
2023-09-25,0,78.40958333333333,91.86979166666667,29.67125,93.0,447.0,94.0,0,0,0,2023
2023-09-26,0,77.87729166666666,92.32833333333333,29.684166666666666,87.0,443.0,104.0,1,0,0,2023
2023-09-27,0,78.85479166666666,87.16666666666667,29.68375,91.0,424.0,99.0,2,0,0,2023
2023-09-28,0,82.52499999999999,78.99291666666666,29.696250000000003,87.0,450.0,98.0,3,0,0,2023
2023-09-29,0,82.33875,83.890625,29.758124999999996,82.0,478.0,108.0,4,0,0,2023
2023-09-30,1,84.25916666666667,76.34791666666666,29.757499999999997,90.0,470.0,114.0,5,1,0,2023
2023-10-01,0,78.149375,92.00375000000001,29.76375,99.0,440.0,108.0,6,1,0,2023
2023-10-02,1,80.944375,81.45479166666667,29.719583333333333,100.0,350.0,100.0,0,0,0,2023
2023-10-03,0,81.01,77.39958333333333,29.75916666666667,84.0,299.0,101.0,1,0,0,2023
2023-10-04,0,83.69,77.32208333333334,29.73625,82.0,357.0,106.0,2,0,0,2023
2023-10-05,0,83.87333333333333,80.44125,29.668125,108.0,397.0,105.0,3,0,0,2023
2023-10-06,0,82.77979166666667,80.65770833333333,29.65416666666667,109.0,379.0,101.0,4,0,0,2023
2023-10-07,0,82.32395833333334,80.30624999999999,29.692916666666665,102.0,460.0,99.0,5,1,0,2023
2023-10-08,0,81.564375,80.840625,29.767083333333332,96.0,431.0,105.0,6,1,0,2023
2023-10-09,2,77.29958333333333,88.00770833333333,29.71875,83.0,379.0,111.0,0,0,0,2023
2023-10-10,0,81.724375,82.941875,29.74291666666667,86.0,348.0,108.0,1,0,0,2023
2023-10-11,0,79.40708333333333,89.52770833333334,29.760208333333335,88.0,367.0,112.0,2,0,0,2023
2023-10-12,0,80.954375,87.24854166666667,29.70875,98.0,417.0,104.0,3,0,0,2023
2023-10-13,0,80.97041666666667,87.05125,29.765,94.0,519.0,88.0,4,0,1,2023
2023-10-14,0,83.93166666666666,79.77583333333334,29.733125,89.0,527.0,92.0,5,1,0,2023
2023-10-15,0,80.92166666666667,84.72875,29.714583333333334,95.0,443.0,100.0,6,1,0,2023
2023-10-16,0,82.11395833333333,80.73958333333333,29.70958333333333,93.0,386.0,105.0,0,0,0,2023
2023-10-17,0,80.72604166666666,84.87583333333333,29.749375,85.0,360.0,102.0,1,0,0,2023
2023-10-18,0,81.99187500000001,81.16291666666667,29.75854166666667,81.0,363.0,101.0,2,0,0,2023
2023-10-19,0,80.56270833333333,85.64708333333334,29.763125000000002,83.0,380.0,104.0,3,0,0,2023
2023-10-20,0,81.11166666666666,85.61395833333334,29.748958333333334,96.0,354.0,101.0,4,0,0,2023
2023-10-21,0,81.55416666666666,84.50229166666666,29.765416666666667,94.0,343.0,101.0,5,1,0,2023
2023-10-22,0,79.25708333333334,88.58458333333333,29.788124999999997,89.0,369.0,99.0,6,1,0,2023
2023-10-23,0,80.55875,82.188125,29.779375,85.0,381.0,92.0,0,0,1,2023
2023-10-24,0,81.84125,81.10458333333334,29.763333333333335,88.0,318.0,93.0,1,0,0,2023
2023-10-25,0,80.904375,85.49208333333333,29.764583333333334,94.0,316.0,99.0,2,0,0,2023
2023-10-26,0,80.94458333333334,85.16291666666667,29.759583333333335,94.0,331.0,109.0,3,0,0,2023
2023-10-27,0,83.25229166666666,77.015,29.739583333333332,77.0,349.0,104.0,4,0,0,2023
2023-10-28,1,81.19833333333334,85.565,29.745416666666667,89.0,391.0,100.0,5,1,0,2023
2023-10-29,0,80.83749999999999,86.03979166666666,29.726041666666664,97.0,433.0,94.0,6,1,0,2023
2023-10-30,0,80.985,86.23812500000001,29.70895833333333,97.0,470.0,100.0,0,0,0,2023
2023-10-31,1,81.63,87.01979166666666,29.719375,94.0,470.0,100.0,1,0,0,2023
2023-11-01,0,79.68708333333333,87.23291666666667,29.735625,77.0,396.0,98.0,2,0,0,2023
2023-11-02,0,81.21270833333334,82.03020833333333,29.73125,76.0,390.0,101.0,3,0,0,2023
2023-11-03,0,79.90333333333334,76.99875,29.77416666666667,78.0,480.0,104.0,4,0,0,2023
2023-11-04,0,84.20854166666668,76.46645833333334,29.708125,86.0,593.0,103.0,5,1,0,2023
2023-11-05,0,84.200625,78.91104166666666,29.699375,79.0,543.0,102.0,6,1,0,2023
2023-11-06,0,82.09833333333334,84.939375,29.655208333333334,78.0,429.0,96.0,0,0,0,2023
2023-11-07,0,82.308125,78.34666666666666,29.707916666666666,89.0,384.0,103.0,1,0,0,2023
2023-11-08,0,83.43958333333333,74.015625,29.73229166666667,86.0,366.0,105.0,2,0,0,2023
2023-11-09,0,81.985,76.98708333333333,29.712500000000002,97.0,349.0,106.0,3,0,0,2023
2023-11-10,0,82.11583333333333,84.05375,29.74083333333333,107.0,382.0,107.0,4,0,0,2023
2023-11-11,0,79.56083333333333,89.49437499999999,29.76875,114.0,425.0,103.0,5,1,0,2023
2023-11-12,0,81.28770833333333,88.05333333333334,29.716875,106.0,490.0,99.0,6,1,0,2023
2023-11-13,0,82.04541666666667,84.78166666666667,29.73875,87.0,393.0,105.0,0,0,0,2023
2023-11-14,0,80.81104166666667,87.81833333333333,29.761666666666667,92.0,357.0,103.0,1,0,0,2023
2023-11-15,0,80.04375,89.62354166666667,29.770625,83.0,439.0,102.0,2,0,0,2023
2023-11-16,0,77.20395833333333,95.195625,29.78833333333333,83.0,419.0,110.0,3,0,0,2023
2023-11-17,0,78.73875,92.38770833333332,29.784375,86.0,382.0,108.0,4,0,0,2023
2023-11-18,0,78.43125,91.74583333333334,29.782083333333333,94.0,374.0,102.0,5,1,0,2023
2023-11-19,0,79.358125,89.20520833333335,29.771666666666665,90.0,378.0,100.0,6,1,0,2023
2023-11-20,0,79.813125,88.50770833333333,29.751041666666666,86.0,313.0,107.0,0,0,0,2023
2023-11-21,0,79.096875,90.35479166666666,29.732083333333335,82.0,302.0,95.0,1,0,0,2023
2023-11-22,0,77.62895833333333,92.78604166666666,29.712500000000002,79.0,383.0,100.0,2,0,0,2023
2023-11-23,0,78.91479166666666,90.31666666666666,29.699583333333333,84.0,353.0,110.0,3,0,0,2023
2023-11-24,0,78.46041666666666,91.18291666666666,29.718541666666667,90.0,371.0,102.0,4,0,0,2023
2023-11-25,0,77.03375,93.46458333333334,29.717083333333335,93.0,441.0,98.0,5,1,0,2023
2023-11-26,0,74.79875,97.87166666666667,29.746666666666666,88.0,523.0,96.0,6,1,0,2023
2023-11-27,0,78.689375,89.07770833333332,29.720208333333332,94.0,442.0,106.0,0,0,0,2023
2023-11-28,0,79.56458333333333,89.203125,29.694166666666664,89.0,363.0,100.0,1,0,0,2023
2023-11-29,0,77.25916666666667,96.6775,29.699791666666666,84.0,409.0,96.0,2,0,0,2023
2023-11-30,0,78.59125,93.25791666666667,29.739166666666666,87.0,421.0,95.0,3,0,0,2023
2023-12-01,0,80.77708333333334,84.678125,29.723958333333332,86.0,455.0,101.0,4,0,0,2023
2023-12-02,0,79.69333333333334,82.98208333333334,29.74875,89.0,501.0,104.0,5,1,0,2023
2023-12-03,0,79.01520833333333,78.980625,29.76770833333333,91.0,447.0,98.0,6,1,0,2023
2023-12-04,2,83.63250000000001,78.99979166666667,29.690208333333334,84.0,433.0,97.0,0,0,0,2023
2023-12-05,0,85.25458333333333,75.15375,29.707083333333333,85.0,474.0,86.0,1,0,1,2023
2023-12-06,0,83.735,78.481875,29.654583333333335,85.0,430.0,102.0,2,0,0,2023
2023-12-07,0,83.33333333333333,76.34604166666666,29.708125,82.0,426.0,110.0,3,0,0,2023
2023-12-08,1,83.829375,74.50500000000001,29.71229166666667,78.0,421.0,95.0,4,0,0,2023
2023-12-09,1,82.87520833333333,78.92,29.72854166666667,76.0,430.0,86.0,5,1,0,2023
2023-12-10,0,80.63020833333333,87.39999999999999,29.767083333333332,92.0,541.0,86.0,6,1,1,2023
2023-12-11,0,81.35000000000001,84.06333333333333,29.74354166666667,97.0,539.0,93.0,0,0,1,2023
2023-12-12,0,81.800625,83.13020833333333,29.721875,91.0,424.0,103.0,1,0,0,2023
2023-12-13,0,78.74020833333334,93.155625,29.742708333333336,83.0,368.0,103.0,2,0,0,2023
2023-12-14,0,79.0625,94.46708333333333,29.76125,83.0,339.0,96.0,3,0,0,2023
2023-12-15,0,78.219375,98.59020833333334,29.748958333333334,88.0,404.0,98.0,4,0,0,2023
2023-12-16,0,81.92,85.439375,29.745416666666667,95.0,501.0,95.0,5,1,0,2023
2023-12-17,0,81.61895833333334,83.39041666666667,29.74875,95.0,469.0,95.0,6,1,0,2023
2023-12-18,0,81.87604166666667,83.23229166666667,29.76354166666667,92.0,356.0,91.0,0,0,0,2023
2023-12-19,0,80.50020833333333,87.979375,29.768958333333334,92.0,380.0,91.0,1,0,0,2023
2023-12-20,0,79.21645833333334,92.60020833333334,29.75916666666667,95.0,380.0,101.0,2,0,0,2023
2023-12-21,0,79.47291666666666,90.59479166666667,29.76,87.0,385.0,107.0,3,0,0,2023
2023-12-22,0,80.59708333333333,85.33520833333334,29.781458333333333,92.0,383.0,108.0,4,0,0,2023
2023-12-23,0,79.01,89.81666666666666,29.79375,91.0,446.0,101.0,5,1,0,2023
2023-12-24,1,78.22375,95.10041666666666,29.8025,83.0,456.0,98.0,6,1,0,2023
2023-12-25,0,78.52312500000001,93.20666666666666,29.814791666666665,85.0,390.0,104.0,0,0,0,2023
2023-12-26,0,78.35229166666666,91.58166666666666,29.832916666666666,86.0,319.0,113.0,1,0,0,2023
2023-12-27,0,81.23645833333333,83.77854166666667,29.831041666666664,89.0,344.0,103.0,2,0,0,2023
2023-12-28,0,81.4975,85.33375000000001,29.787499999999998,89.0,470.0,90.0,3,0,0,2023
2023-12-29,0,81.93375,87.54583333333333,29.761666666666667,102.0,537.0,93.0,4,0,1,2023
2023-12-30,0,82.03958333333334,85.14229166666667,29.757291666666664,98.0,470.0,99.0,5,1,0,2023
2023-12-31,0,81.93458333333334,83.78708333333334,29.765833333333333,91.0,462.0,87.0,6,1,1,2023
2024-01-01,0,81.22937499999999,83.1775,29.756666666666664,103.0,457.0,83.0,0,0,1,2024
2024-01-02,0,80.89020833333333,81.01333333333334,29.838541666666668,96.0,459.0,95.0,1,0,0,2024
2024-01-03,0,83.155,77.23604166666667,29.748333333333335,86.0,429.0,97.0,2,0,0,2024
2024-01-04,0,84.62145833333334,78.575625,29.71625,77.0,425.0,100.0,3,0,0,2024
2024-01-05,1,86.38791666666667,76.53166666666667,29.586875000000003,77.0,479.0,108.0,4,0,0,2024
2024-01-06,1,82.68395833333334,87.01895833333333,29.720208333333332,89.0,545.0,102.0,5,1,0,2024
2024-01-07,0,82.79166666666667,82.14104166666667,29.70125,87.0,464.0,105.0,6,1,0,2024
2024-01-08,0,82.81041666666667,82.375625,29.73125,83.0,373.0,109.0,0,0,0,2024
2024-01-09,0,83.52895833333334,76.9175,29.667916666666667,94.0,363.0,105.0,1,0,0,2024
2024-01-10,0,82.310625,79.765625,29.670833333333334,95.0,390.0,104.0,2,0,0,2024
2024-01-11,0,83.08375,77.12270833333334,29.71666666666667,97.0,377.0,108.0,3,0,0,2024
2024-01-12,0,79.71645833333334,86.23562500000001,29.667708333333334,92.0,413.0,106.0,4,0,0,2024
2024-01-13,0,80.31,81.90541666666667,29.75583333333333,98.0,558.0,90.0,5,1,1,2024
2024-01-14,0,79.75791666666667,80.40375,29.772499999999997,114.0,591.0,94.0,6,1,0,2024
2024-01-15,0,81.15479166666667,80.46020833333334,29.755,109.0,469.0,104.0,0,0,0,2024
2024-01-16,1,82.24208333333333,82.10104166666666,29.750833333333333,91.0,377.0,97.0,1,0,0,2024
2024-01-17,0,82.59645833333333,76.84083333333334,29.74416666666667,80.0,329.0,96.0,2,0,0,2024
2024-01-18,0,80.814375,81.69020833333333,29.756249999999998,77.0,379.0,109.0,3,0,0,2024
2024-01-19,0,81.52104166666668,81.23729166666666,29.753333333333334,85.0,406.0,105.0,4,0,0,2024
2024-01-20,1,80.79395833333334,81.07083333333334,29.76375,87.0,446.0,102.0,5,1,0,2024
2024-01-21,0,80.34229166666667,83.464375,29.785833333333333,89.0,470.0,95.0,6,1,0,2024
2024-01-22,0,79.08520833333334,88.07020833333333,29.796666666666667,90.0,403.0,94.0,0,0,0,2024
2024-01-23,1,79.91270833333333,85.52770833333334,29.808958333333333,94.0,398.0,98.0,1,0,0,2024
2024-01-24,0,79.81625,88.40708333333333,29.81625,94.0,365.0,99.0,2,0,0,2024
2024-01-25,0,79.61291666666666,90.27458333333334,29.850416666666664,90.0,395.0,100.0,3,0,0,2024
2024-01-26,1,80.70479166666667,85.52270833333334,29.868333333333336,83.0,452.0,107.0,4,0,0,2024
2024-01-27,0,80.23125,83.38645833333334,29.855416666666667,81.0,491.0,103.0,5,1,0,2024
2024-01-28,0,80.518125,81.589375,29.85354166666667,94.0,484.0,100.0,6,1,0,2024
2024-01-29,0,81.04916666666666,79.46729166666667,29.844166666666666,94.0,429.0,101.0,0,0,0,2024
2024-01-30,0,81.64083333333333,77.10979166666667,29.841250000000002,84.0,316.0,98.0,1,0,0,2024
2024-01-31,0,80.91479166666666,80.07583333333334,29.829583333333332,93.0,341.0,97.0,2,0,0,2024
2024-02-01,0,81.60791666666667,82.55854166666667,29.751875,86.0,448.0,106.0,3,0,0,2024
2024-02-02,0,80.89166666666667,81.75958333333334,29.81041666666667,91.0,395.0,104.0,4,0,0,2024
2024-02-03,0,83.69125,77.43479166666667,29.750208333333333,93.0,396.0,96.0,5,1,0,2024
2024-02-04,0,86.19687499999999,72.25541666666668,29.678749999999997,90.0,466.0,104.0,6,1,0,2024
2024-02-05,0,86.50395833333333,77.65791666666667,29.615416666666665,88.0,469.0,106.0,0,0,0,2024
2024-02-06,0,81.49666666666667,89.13791666666667,29.749583333333334,82.0,422.0,102.0,1,0,0,2024
2024-02-07,1,83.32375,77.63604166666667,29.66208333333333,84.0,367.0,98.0,2,0,0,2024
2024-02-08,0,82.62791666666666,81.05354166666667,29.71166666666667,87.0,398.0,95.0,3,0,0,2024
2024-02-09,0,82.034375,83.703125,29.676041666666666,83.0,440.0,95.0,4,0,0,2024
2024-02-10,1,83.19125,80.9275,29.691666666666666,83.0,419.0,93.0,5,1,0,2024
2024-02-11,0,80.77624999999999,85.85666666666667,29.723333333333333,88.0,387.0,91.0,6,1,0,2024
2024-02-12,0,80.59604166666666,84.130625,29.66416666666667,89.0,354.0,98.0,0,0,0,2024
2024-02-13,0,82.02854166666667,75.04875,29.8275,95.0,380.0,103.0,1,0,0,2024
2024-02-14,0,82.28770833333333,80.82625,29.794375,91.0,360.0,105.0,2,0,0,2024
2024-02-15,0,83.21104166666667,76.88291666666667,29.802916666666665,96.0,344.0,108.0,3,0,0,2024
2024-02-16,0,82.59395833333333,77.04916666666666,29.796666666666667,99.0,373.0,111.0,4,0,0,2024
2024-02-17,0,82.15208333333334,74.67229166666667,29.772916666666664,94.0,493.0,110.0,5,1,0,2024
2024-02-18,0,81.78750000000001,78.74979166666667,29.775208333333335,93.0,540.0,104.0,6,1,0,2024
2024-02-19,0,83.810625,77.74854166666667,29.77333333333333,87.0,433.0,104.0,0,0,0,2024
2024-02-20,0,83.76958333333333,78.96416666666667,29.763333333333335,82.0,401.0,107.0,1,0,0,2024
2024-02-21,0,83.13666666666667,77.43479166666667,29.755208333333332,87.0,417.0,106.0,2,0,0,2024
2024-02-22,0,82.38229166666666,77.401875,29.778125,85.0,434.0,96.0,3,0,0,2024
2024-02-23,1,82.48166666666667,75.72520833333333,29.786666666666665,82.0,481.0,101.0,4,0,0,2024
2024-02-24,0,83.07125,74.13854166666667,29.77333333333333,91.0,581.0,89.0,5,1,1,2024
2024-02-25,0,83.54875,74.47791666666667,29.760416666666668,91.0,589.0,90.0,6,1,0,2024
2024-02-26,0,84.18583333333333,73.22125,29.75125,98.0,573.0,96.0,0,0,1,2024
2024-02-27,0,83.53458333333333,73.71645833333334,29.74291666666667,110.0,450.0,111.0,1,0,0,2024
2024-02-28,0,84.400625,71.36333333333333,29.719166666666666,102.0,360.0,105.0,2,0,0,2024
2024-02-29,0,82.71,72.80645833333334,29.738958333333333,83.0,355.0,98.0,3,0,0,2024
2024-03-01,1,81.48104166666667,82.776875,29.749166666666667,69.0,426.0,100.0,4,0,0,2024
2024-03-02,0,81.22916666666667,81.37395833333333,29.82020833333333,78.0,505.0,97.0,5,1,0,2024
2024-03-03,0,83.46395833333334,77.34645833333333,29.74,91.0,467.0,91.0,6,1,0,2024
2024-03-04,0,86.79208333333332,72.69458333333334,29.690625,86.0,397.0,105.0,0,0,0,2024
2024-03-05,0,86.41458333333333,79.03604166666666,29.651041666666668,81.0,333.0,103.0,1,0,0,2024
2024-03-06,0,83.75916666666667,83.44687499999999,29.74083333333333,75.0,354.0,101.0,2,0,0,2024
2024-03-07,0,83.61562500000001,74.89145833333333,29.6775,79.0,422.0,103.0,3,0,0,2024
2024-03-08,1,81.10416666666667,85.236875,29.719791666666666,100.0,438.0,101.0,4,0,0,2024
2024-03-09,0,82.920625,76.31270833333333,29.710624999999997,101.0,453.0,107.0,5,1,0,2024
2024-03-10,0,80.68333333333334,88.97375,29.7175,81.0,426.0,109.0,6,1,0,2024
2024-03-11,0,80.73041666666667,85.67666666666666,29.70375,77.0,375.0,105.0,0,0,0,2024
2024-03-12,0,80.43604166666667,88.123125,29.675208333333334,75.0,380.0,100.0,1,0,0,2024
2024-03-13,1,83.43124999999999,72.40666666666667,29.790208333333336,79.0,333.0,106.0,2,0,0,2024
2024-03-14,1,84.54729166666667,73.64687500000001,29.769583333333333,80.0,336.0,104.0,3,0,0,2024
2024-03-15,1,84.44729166666666,73.14395833333333,29.762916666666666,77.0,383.0,98.0,4,0,0,2024
2024-03-16,0,83.67979166666667,72.50020833333333,29.785833333333333,89.0,520.0,96.0,5,1,0,2024
2024-03-17,0,84.41791666666667,73.62270833333334,29.770416666666666,82.0,457.0,96.0,6,1,0,2024
2024-03-18,0,83.12333333333333,73.86354166666666,29.74354166666667,83.0,377.0,103.0,0,0,0,2024
2024-03-19,0,82.718125,73.41270833333333,29.753958333333333,88.0,384.0,100.0,1,0,0,2024
2024-03-20,0,82.87875,71.88958333333333,29.786041666666666,85.0,401.0,103.0,2,0,0,2024
2024-03-21,1,83.69687499999999,71.535625,29.754375,84.0,374.0,103.0,3,0,0,2024
2024-03-22,1,82.79333333333334,75.08729166666667,29.687708333333333,87.0,397.0,102.0,4,0,0,2024
2024-03-23,0,84.96020833333334,74.14791666666666,29.698125,87.0,496.0,106.0,5,1,0,2024
2024-03-24,0,85.23354166666667,74.95458333333333,29.738958333333333,83.0,511.0,103.0,6,1,0,2024
2024-03-25,0,83.72583333333334,73.74625,29.740416666666665,80.0,386.0,101.0,0,0,0,2024
2024-03-26,0,82.425625,79.455625,29.760625,76.0,350.0,102.0,1,0,0,2024
2024-03-27,0,85.08541666666666,76.00958333333334,29.802291666666665,83.0,371.0,102.0,2,0,0,2024
2024-03-28,0,85.86520833333333,76.42104166666667,29.750833333333333,83.0,376.0,101.0,3,0,0,2024
2024-03-29,0,86.02125000000001,76.588125,29.730833333333333,77.0,371.0,107.0,4,0,0,2024
2024-03-30,0,83.67812500000001,82.810625,29.78375,86.0,375.0,97.0,5,1,0,2024
2024-03-31,0,83.826875,81.17645833333333,29.780833333333334,97.0,411.0,92.0,6,1,0,2024
2024-04-01,0,81.97354166666666,80.95708333333333,29.753958333333333,94.0,405.0,104.0,0,0,0,2024
2024-04-02,0,81.71020833333334,81.18395833333334,29.831666666666667,94.0,342.0,105.0,1,0,0,2024
2024-04-03,1,83.534375,76.56270833333333,29.73375,82.0,292.0,106.0,2,0,0,2024
2024-04-04,0,86.565625,72.69333333333334,29.686041666666668,76.0,333.0,105.0,3,0,0,2024
2024-04-05,0,84.11916666666666,83.14999999999999,29.659583333333334,79.0,377.0,96.0,4,0,0,2024
2024-04-06,0,85.93541666666665,75.79625,29.7175,89.0,447.0,96.0,5,1,1,2024
2024-04-07,0,81.95041666666667,79.749375,29.71666666666667,100.0,474.0,104.0,6,1,0,2024
2024-04-08,0,80.46770833333333,82.33312500000001,29.733333333333334,86.0,492.0,96.0,0,0,1,2024
2024-04-09,0,83.62,75.59458333333333,29.687708333333333,75.0,509.0,99.0,1,0,0,2024
2024-04-10,0,80.98479166666667,85.54583333333333,29.713541666666668,79.0,500.0,106.0,2,0,0,2024
2024-04-11,0,79.52083333333333,91.041875,29.7,91.0,523.0,99.0,3,0,0,2024
2024-04-12,0,78.745,89.68374999999999,29.678749999999997,96.0,558.0,86.0,4,0,1,2024
2024-04-13,2,85.79229166666666,72.291875,29.70104166666667,88.0,506.0,89.0,5,1,1,2024
2024-04-14,0,85.48291666666667,74.25020833333333,29.722083333333334,94.0,505.0,95.0,6,1,1,2024
2024-04-15,0,86.585,73.22916666666667,29.723958333333332,103.0,547.0,96.0,0,0,1,2024
2024-04-16,2,86.28395833333333,72.07375,29.698958333333334,93.0,570.0,93.0,1,0,1,2024
2024-04-17,1,86.04354166666667,73.655,29.68875,90.0,467.0,98.0,2,0,0,2024
2024-04-18,0,86.91854166666667,71.92104166666667,29.664583333333336,85.0,387.0,103.0,3,0,0,2024
2024-04-19,0,84.86770833333334,78.72395833333333,29.637291666666666,78.0,378.0,103.0,4,0,0,2024
2024-04-20,1,83.83,84.61729166666667,29.637708333333332,85.0,431.0,100.0,5,1,0,2024
2024-04-21,0,84.66541666666667,82.74708333333334,29.6525,99.0,426.0,88.0,6,1,0,2024
2024-04-22,0,86.47520833333334,79.58541666666666,29.640833333333333,83.0,360.0,87.0,0,0,0,2024
2024-04-23,0,86.72020833333333,75.54020833333333,29.62875,73.0,365.0,91.0,1,0,0,2024
2024-04-24,0,86.79354166666667,73.82729166666667,29.626458333333332,79.0,430.0,102.0,2,0,0,2024
2024-04-25,0,86.18708333333332,78.49062500000001,29.627916666666668,84.0,447.0,107.0,3,0,0,2024
2024-04-26,0,84.64770833333334,82.73729166666666,29.632499999999997,87.0,420.0,110.0,4,0,0,2024
2024-04-27,0,87.57583333333334,71.23708333333333,29.622291666666666,91.0,479.0,102.0,5,1,0,2024
2024-04-28,0,83.66333333333334,82.969375,29.657916666666665,88.0,503.0,100.0,6,1,0,2024
2024-04-29,0,86.36729166666667,78.50770833333333,29.665000000000003,86.0,525.0,104.0,0,0,0,2024
2024-04-30,0,87.16416666666667,76.02291666666666,29.62125,89.0,447.0,109.0,1,0,0,2024
2024-05-01,0,80.64729166666667,81.84979166666666,29.766041666666666,88.0,432.0,97.0,2,0,1,2024
2024-05-02,0,81.17645833333333,80.53395833333333,29.831458333333334,91.0,422.0,104.0,3,0,0,2024
2024-05-03,0,83.91083333333334,78.51354166666667,29.720208333333332,95.0,391.0,98.0,4,0,0,2024
2024-05-04,0,85.76291666666667,69.56104166666667,29.664583333333336,94.0,494.0,90.0,5,1,1,2024
2024-05-05,0,83.54729166666667,84.925625,29.64375,80.0,496.0,91.0,6,1,0,2024
2024-05-06,0,86.87958333333334,69.95479166666667,29.726874999999996,82.0,449.0,87.0,0,0,1,2024
2024-05-07,0,79.75729166666666,83.43041666666666,29.68958333333333,83.0,389.0,95.0,1,0,0,2024
2024-05-08,0,81.030625,82.38458333333334,29.71166666666667,80.0,334.0,96.0,2,0,0,2024
2024-05-09,0,83.626875,76.36125,29.64270833333333,81.0,354.0,100.0,3,0,0,2024
2024-05-10,0,78.52229166666667,92.78354166666666,29.70958333333333,89.0,444.0,100.0,4,0,0,2024
2024-05-11,0,79.188125,88.77895833333334,29.717083333333335,90.0,558.0,98.0,5,1,0,2024
2024-05-12,0,78.32020833333333,91.09583333333335,29.675416666666667,89.0,477.0,106.0,6,1,0,2024
2024-05-13,0,84.64729166666667,81.09145833333334,29.679583333333337,98.0,399.0,102.0,0,0,0,2024
2024-05-14,2,86.496875,78.81145833333333,29.674166666666668,91.0,395.0,100.0,1,0,0,2024
2024-05-15,0,87.40854166666666,76.32770833333333,29.68166666666667,81.0,454.0,102.0,2,0,0,2024
2024-05-16,0,81.55479166666667,91.22166666666668,29.689166666666665,76.0,444.0,100.0,3,0,0,2024
2024-05-17,0,82.80145833333333,87.710625,29.675833333333333,89.0,488.0,103.0,4,0,0,2024
2024-05-18,0,84.51354166666667,84.863125,29.635833333333334,90.0,567.0,106.0,5,1,0,2024
2024-05-19,0,84.72541666666667,83.28416666666666,29.605833333333333,89.0,507.0,99.0,6,1,0,2024
2024-05-20,0,84.20416666666667,85.61166666666666,29.615416666666665,85.0,414.0,98.0,0,0,0,2024
2024-05-21,0,83.57166666666667,85.57229166666667,29.639583333333334,95.0,459.0,92.0,1,0,0,2024
2024-05-22,0,84.30916666666667,83.8125,29.64833333333333,104.0,505.0,89.0,2,0,1,2024
2024-05-23,0,83.96020833333334,79.91354166666666,29.648750000000003,90.0,470.0,101.0,3,0,0,2024
2024-05-24,0,86.25,76.48291666666667,29.642916666666665,79.0,494.0,100.0,4,0,0,2024
2024-05-25,0,84.72729166666666,79.54333333333334,29.659166666666668,77.0,506.0,95.0,5,1,0,2024
2024-05-26,1,86.15875,77.104375,29.673333333333332,77.0,431.0,93.0,6,1,0,2024
2024-05-27,0,85.41333333333334,80.06854166666666,29.660833333333333,75.0,404.0,103.0,0,0,0,2024
2024-05-28,0,86.29729166666665,77.16333333333334,29.66208333333333,83.0,366.0,102.0,1,0,0,2024
2024-05-29,0,85.31145833333333,83.659375,29.650833333333335,88.0,346.0,102.0,2,0,0,2024
2024-05-30,0,85.01479166666667,84.831875,29.650000000000002,86.0,371.0,105.0,3,0,0,2024
2024-05-31,0,81.98958333333333,90.29,29.67958333333333,94.0,397.0,100.0,4,0,0,2024
2024-06-01,0,80.903125,83.16666666666667,29.77145833333333,91.0,503.0,97.0,5,1,0,2024
2024-06-02,1,80.86541666666666,81.74854166666667,29.8275,92.0,498.0,96.0,6,1,0,2024
2024-06-03,0,84.22229166666666,76.300625,29.687083333333334,95.0,505.0,92.0,0,0,1,2024
2024-06-04,0,84.66416666666667,70.83166666666666,29.673125,79.0,411.0,100.0,1,0,0,2024
2024-06-05,0,82.8275,84.74458333333334,29.66625,83.0,340.0,102.0,2,0,0,2024
2024-06-06,0,86.65291666666667,69.714375,29.73229166666667,88.0,334.0,95.0,3,0,0,2024
2024-06-07,1,81.45229166666667,81.995,29.630208333333332,86.0,388.0,88.0,4,0,0,2024
2024-06-08,0,82.79916666666666,77.70291666666667,29.695625000000003,90.0,484.0,88.0,5,1,0,2024
2024-06-09,0,82.85583333333334,82.41291666666667,29.64708333333333,91.0,487.0,95.0,6,1,0,2024
2024-06-10,0,80.26,86.62541666666668,29.718958333333333,85.0,353.0,102.0,0,0,0,2024
2024-06-11,0,78.49270833333334,90.486875,29.742708333333336,85.0,313.0,97.0,1,0,0,2024
2024-06-12,0,81.153125,83.791875,29.659166666666668,80.0,356.0,97.0,2,0,0,2024
2024-06-13,1,85.08166666666666,70.703125,29.723125,76.0,399.0,103.0,3,0,0,2024
2024-06-14,1,85.94729166666667,70.62104166666667,29.665000000000003,84.0,440.0,103.0,4,0,0,2024
2024-06-15,0,85.06395833333333,75.05145833333333,29.640208333333334,98.0,476.0,102.0,5,1,0,2024
2024-06-16,1,80.53604166666666,88.50458333333334,29.676458333333333,91.0,486.0,105.0,6,1,0,2024
2024-06-17,0,80.84833333333333,81.25604166666666,29.702083333333334,76.0,419.0,103.0,0,0,0,2024
2024-06-18,0,82.77833333333334,76.82041666666667,29.674583333333334,81.0,401.0,99.0,1,0,0,2024
2024-06-19,0,81.74791666666667,82.32458333333334,29.660833333333333,88.0,354.0,99.0,2,0,0,2024
2024-06-20,0,83.43604166666667,75.60458333333334,29.6525,91.0,319.0,102.0,3,0,0,2024
2024-06-21,0,80.0575,82.95541666666666,29.659166666666668,89.0,320.0,102.0,4,0,0,2024
2024-06-22,0,80.016875,83.79583333333333,29.646041666666665,83.0,383.0,98.0,5,1,0,2024
2024-06-23,0,80.4375,76.49166666666666,29.66270833333333,94.0,444.0,94.0,6,1,0,2024
2024-06-24,0,81.09083333333334,82.26958333333333,29.66416666666667,98.0,397.0,102.0,0,0,0,2024
2024-06-25,0,82.124375,78.130625,29.633125000000003,87.0,341.0,104.0,1,0,0,2024
2024-06-26,0,83.04520833333333,79.69104166666666,29.637916666666666,83.0,410.0,99.0,2,0,0,2024
2024-06-27,0,83.02291666666666,80.86604166666667,29.681875,85.0,402.0,98.0,3,0,0,2024
2024-06-28,0,81.16145833333333,84.29020833333333,29.692083333333333,80.0,393.0,103.0,4,0,0,2024
2024-06-29,0,82.64604166666668,83.93729166666667,29.69458333333333,90.0,440.0,99.0,5,1,0,2024
2024-06-30,0,83.06583333333333,81.07416666666667,29.73125,97.0,460.0,93.0,6,1,0,2024
2024-07-01,0,79.598125,91.171875,29.78125,85.0,419.0,104.0,0,0,0,2024
2024-07-02,4,81.755625,80.29541666666667,29.79479166666667,83.0,366.0,110.0,1,0,0,2024
2024-07-03,0,83.95041666666667,74.00041666666667,29.674166666666668,77.0,340.0,100.0,2,0,0,2024
2024-07-04,1,83.51083333333334,72.64,29.66395833333333,78.0,324.0,99.0,3,0,0,2024
2024-07-05,0,84.65895833333333,83.29041666666667,29.703958333333333,76.0,388.0,98.0,4,0,0,2024
2024-07-06,0,83.90145833333334,80.69125,29.706041666666668,91.0,507.0,100.0,5,1,0,2024
2024-07-07,0,82.70645833333333,78.50729166666666,29.64375,98.0,465.0,99.0,6,1,0,2024
2024-07-08,0,82.54958333333333,78.77854166666667,29.71291666666667,91.0,344.0,96.0,0,0,0,2024
2024-07-09,0,78.44500000000001,88.84375,29.704375,81.0,424.0,99.0,1,0,0,2024
2024-07-10,1,81.94479166666666,83.24,29.735208333333333,84.0,478.0,104.0,2,0,0,2024
2024-07-11,0,80.95854166666666,84.95833333333333,29.727500000000003,95.0,452.0,102.0,3,0,0,2024
2024-07-12,0,80.99020833333334,87.19479166666667,29.672708333333333,100.0,413.0,96.0,4,0,0,2024
2024-07-13,0,83.03750000000001,79.979375,29.626666666666665,95.0,442.0,99.0,5,1,0,2024
2024-07-14,0,82.04166666666667,80.725625,29.636666666666667,92.0,458.0,100.0,6,1,0,2024
2024-07-15,0,83.52833333333334,76.84291666666667,29.627499999999998,79.0,428.0,104.0,0,0,0,2024
2024-07-16,0,82.99875,83.090625,29.628125,73.0,361.0,102.0,1,0,0,2024
2024-07-17,0,79.123125,91.73562500000001,29.650625,83.0,325.0,105.0,2,0,0,2024
2024-07-18,0,84.1025,78.829375,29.64833333333333,96.0,324.0,107.0,3,0,0,2024
2024-07-19,0,83.20458333333333,82.72208333333333,29.641458333333333,92.0,355.0,98.0,4,0,0,2024
2024-07-20,0,84.37458333333333,78.965625,29.667708333333334,98.0,449.0,87.0,5,1,1,2024
2024-07-21,0,83.75979166666666,80.15104166666667,29.686458333333334,98.0,499.0,82.0,6,1,1,2024
2024-07-22,0,85.329375,79.00583333333334,29.688125,98.0,467.0,94.0,0,0,1,2024
2024-07-23,0,84.67520833333333,78.343125,29.690208333333334,94.0,433.0,101.0,1,0,0,2024
2024-07-24,0,84.296875,77.52916666666667,29.63270833333333,90.0,414.0,98.0,2,0,0,2024
2024-07-25,0,85.340625,73.73645833333333,29.590625,92.0,438.0,101.0,3,0,0,2024
2024-07-26,0,83.70645833333333,81.388125,29.620416666666667,83.0,434.0,109.0,4,0,0,2024
2024-07-27,1,84.49625,77.34666666666666,29.651458333333334,91.0,440.0,105.0,5,1,0,2024
2024-07-28,0,81.92291666666667,83.75937499999999,29.644375,100.0,494.0,94.0,6,1,1,2024
2024-07-29,1,79.77104166666668,85.45666666666666,29.658125,92.0,518.0,91.0,0,0,1,2024
2024-07-30,0,82.06875000000001,81.81020833333334,29.685208333333335,87.0,428.0,108.0,1,0,0,2024
2024-07-31,0,82.34666666666666,83.16583333333334,29.728958333333335,88.0,351.0,110.0,2,0,0,2024
2024-08-01,1,81.33479166666667,86.75416666666666,29.769375,91.0,339.0,93.0,3,0,0,2024
2024-08-02,0,82.24145833333334,79.10208333333334,29.7675,87.0,399.0,89.0,4,0,0,2024
2024-08-03,0,82.12145833333334,77.36854166666667,29.703125,81.0,428.0,94.0,5,1,0,2024
2024-08-04,0,85.57041666666667,73.96604166666667,29.685625,81.0,427.0,97.0,6,1,0,2024
2024-08-05,1,85.78041666666667,77.98041666666667,29.682708333333334,75.0,395.0,99.0,0,0,0,2024
2024-08-06,1,85.38395833333334,75.92833333333333,29.683333333333334,78.0,373.0,100.0,1,0,0,2024
2024-08-07,2,83.22291666666666,77.26833333333333,29.641041666666666,89.0,407.0,96.0,2,0,0,2024
2024-08-08,0,83.82187499999999,77.246875,29.700625,87.0,390.0,107.0,3,0,0,2024
2024-08-09,0,78.76729166666667,88.63645833333334,29.737291666666668,98.0,424.0,109.0,4,0,0,2024
2024-08-10,0,80.93520833333334,84.13145833333333,29.74145833333333,102.0,516.0,105.0,5,1,0,2024
2024-08-11,0,77.98104166666667,89.890625,29.734166666666667,84.0,495.0,96.0,6,1,0,2024
2024-08-12,0,83.064375,79.88,29.686041666666668,85.0,483.0,97.0,0,0,1,2024
2024-08-13,0,83.890625,76.71666666666667,29.662916666666664,90.0,369.0,104.0,1,0,0,2024
2024-08-14,0,81.58125,85.18083333333333,29.674583333333334,88.0,328.0,104.0,2,0,0,2024
2024-08-15,0,82.22875,83.58604166666667,29.652916666666666,90.0,405.0,106.0,3,0,0,2024
2024-08-16,0,82.84291666666667,84.53395833333333,29.637916666666666,92.0,427.0,103.0,4,0,0,2024
2024-08-17,0,82.06229166666667,84.03645833333333,29.673125,93.0,439.0,105.0,5,1,0,2024
2024-08-18,0,81.26479166666667,86.2625,29.690208333333334,94.0,428.0,105.0,6,1,0,2024
2024-08-19,0,81.62645833333333,83.393125,29.688541666666666,85.0,406.0,103.0,0,0,0,2024
2024-08-20,0,80.47,81.24249999999999,29.719583333333333,81.0,394.0,102.0,1,0,0,2024
2024-08-21,1,82.81750000000001,75.27041666666666,29.720416666666665,87.0,365.0,92.0,2,0,0,2024
2024-08-22,0,82.03958333333334,83.73333333333333,29.713125,91.0,376.0,95.0,3,0,0,2024
2024-08-23,0,78.70833333333333,90.90395833333334,29.751458333333332,92.0,416.0,106.0,4,0,0,2024
2024-08-24,0,82.060625,79.68541666666667,29.734166666666667,98.0,511.0,101.0,5,1,0,2024
2024-08-25,0,78.73125,87.87666666666667,29.721875,90.0,537.0,92.0,6,1,0,2024
2024-08-26,0,80.76645833333333,83.76895833333333,29.700833333333335,83.0,477.0,97.0,0,0,0,2024
2024-08-27,0,79.165,87.77333333333333,29.717083333333335,82.0,431.0,106.0,1,0,0,2024
2024-08-28,0,78.96416666666667,85.708125,29.717708333333334,88.0,391.0,107.0,2,0,0,2024
2024-08-29,1,81.53979166666666,83.82958333333333,29.700833333333335,95.0,458.0,110.0,3,0,0,2024
2024-08-30,0,83.815625,76.40020833333334,29.694374999999997,102.0,488.0,104.0,4,0,0,2024
2024-08-31,0,82.64604166666668,80.66625,29.704166666666666,114.0,476.0,97.0,5,1,0,2024
2024-09-01,1,80.905625,86.909375,29.7525,100.0,408.0,100.0,6,1,0,2024
2024-09-02,1,81.935625,78.07604166666667,29.8025,92.0,349.0,101.0,0,0,0,2024
2024-09-03,0,80.37708333333333,85.78625,29.733541666666667,89.0,385.0,101.0,1,0,0,2024
2024-09-04,0,86.20833333333333,74.11395833333333,29.685625,87.0,326.0,101.0,2,0,0,2024
2024-09-05,0,86.33958333333334,78.76895833333333,29.655625,89.0,313.0,96.0,3,0,0,2024
2024-09-06,0,84.22500000000001,73.743125,29.68541666666667,83.0,394.0,89.0,4,0,0,2024
2024-09-07,1,82.29020833333333,81.69645833333333,29.67979166666667,94.0,512.0,98.0,5,1,0,2024
2024-09-08,0,82.13979166666667,83.45229166666667,29.702291666666667,94.0,442.0,99.0,6,1,0,2024
2024-09-09,0,80.041875,80.89375,29.6975,88.0,379.0,98.0,0,0,0,2024
2024-09-10,0,79.50583333333334,88.726875,29.706458333333334,85.0,372.0,100.0,1,0,0,2024
2024-09-11,0,77.443125,93.18770833333333,29.731041666666666,84.0,390.0,103.0,2,0,0,2024
2024-09-12,0,78.43625,91.22604166666667,29.696458333333336,87.0,359.0,103.0,3,0,0,2024
2024-09-13,0,79.58145833333333,84.793125,29.695416666666663,82.0,374.0,102.0,4,0,0,2024
2024-09-14,1,79.43520833333334,87.60833333333333,29.655208333333334,91.0,459.0,92.0,5,1,0,2024
2024-09-15,0,78.22854166666666,91.25229166666666,29.653333333333332,82.0,478.0,100.0,6,1,0,2024
2024-09-16,0,78.57979166666667,88.97229166666666,29.643333333333334,74.0,388.0,112.0,0,0,0,2024
2024-09-17,0,78.97937499999999,86.86958333333332,29.618958333333335,77.0,327.0,113.0,1,0,0,2024
2024-09-18,0,78.421875,85.58437500000001,29.58791666666667,93.0,344.0,110.0,2,0,0,2024
2024-09-19,0,80.00520833333333,84.85833333333333,29.580624999999998,98.0,386.0,109.0,3,0,0,2024
2024-09-20,1,80.10104166666666,84.5,29.613125,89.0,405.0,102.0,4,0,0,2024
2024-09-21,0,80.71062500000001,84.50354166666666,29.631874999999997,93.0,449.0,106.0,5,1,0,2024
2024-09-22,0,80.39,88.16375,29.64833333333333,94.0,447.0,117.0,6,1,0,2024
2024-09-23,0,80.97937499999999,84.16125,29.693125,94.0,428.0,106.0,0,0,0,2024
2024-09-24,0,78.88458333333334,90.54625,29.719166666666666,92.0,369.0,105.0,1,0,0,2024
2024-09-25,0,80.14,87.54791666666667,29.721249999999998,84.0,392.0,106.0,2,0,0,2024
2024-09-26,1,80.01354166666667,86.17833333333334,29.712083333333336,78.0,423.0,101.0,3,0,0,2024
2024-09-27,0,82.064375,81.22645833333333,29.69395833333333,81.0,446.0,97.0,4,0,0,2024
2024-09-28,0,82.62104166666667,84.85458333333334,29.693541666666665,86.0,620.0,98.0,5,1,0,2024
2024-09-29,1,83.399375,79.11208333333333,29.707083333333333,97.0,468.0,93.0,6,1,0,2024
2024-09-30,0,82.329375,82.35270833333333,29.685000000000002,95.0,335.0,93.0,0,0,0,2024
2024-10-01,0,81.531875,85.328125,29.733958333333334,87.0,351.0,93.0,1,0,0,2024
2024-10-02,0,82.33708333333333,75.32291666666667,29.842708333333334,97.0,388.0,95.0,2,0,0,2024
2024-10-03,0,82.71791666666667,77.53166666666667,29.78,108.0,369.0,96.0,3,0,0,2024
2024-10-04,1,86.09916666666668,76.52104166666668,29.714375,91.0,418.0,99.0,4,0,0,2024
2024-10-05,1,83.33520833333334,85.48562500000001,29.68104166666667,92.0,511.0,98.0,5,1,0,2024
2024-10-06,0,84.38520833333332,73.17229166666667,29.714583333333334,100.0,448.0,93.0,6,1,0,2024
2024-10-07,0,81.88395833333333,82.60145833333333,29.73125,91.0,371.0,99.0,0,0,0,2024
2024-10-08,0,83.09291666666667,78.50875,29.681458333333335,85.0,380.0,101.0,1,0,0,2024
2024-10-09,0,82.50770833333333,75.594375,29.679166666666664,83.0,423.0,95.0,2,0,0,2024
2024-10-10,0,79.80833333333334,89.42791666666666,29.67979166666667,89.0,457.0,98.0,3,0,0,2024
2024-10-11,0,80.090625,85.98,29.718958333333333,95.0,503.0,110.0,4,0,0,2024
2024-10-12,0,78.81791666666668,90.8675,29.675,94.0,550.0,108.0,5,1,0,2024
2024-10-13,2,80.28604166666666,87.78770833333334,29.69395833333333,102.0,567.0,88.0,6,1,1,2024
2024-10-14,2,80.47354166666666,89.03770833333334,29.690833333333334,99.0,496.0,87.0,0,0,1,2024
2024-10-15,0,80.1875,90.41645833333332,29.7175,86.0,395.0,90.0,1,0,0,2024
2024-10-16,0,81.61,84.27625,29.719583333333333,87.0,348.0,97.0,2,0,0,2024
2024-10-17,0,81.22375,85.93395833333334,29.7175,98.0,372.0,101.0,3,0,0,2024
2024-10-18,0,80.46645833333334,83.78020833333333,29.714166666666667,103.0,441.0,99.0,4,0,0,2024
2024-10-19,0,81.08562500000001,82.50041666666667,29.725624999999997,113.0,449.0,98.0,5,1,0,2024
2024-10-20,0,82.07375,80.03020833333333,29.745833333333334,105.0,424.0,94.0,6,1,0,2024
2024-10-21,0,83.703125,73.74729166666667,29.736041666666665,88.0,356.0,99.0,0,0,0,2024
2024-10-22,0,82.66541666666667,71.9775,29.718958333333333,84.0,355.0,102.0,1,0,0,2024
2024-10-23,0,81.44916666666667,80.149375,29.731666666666666,86.0,447.0,99.0,2,0,1,2024
2024-10-24,0,80.26875,86.79770833333333,29.721041666666665,86.0,407.0,102.0,3,0,0,2024
2024-10-25,0,79.72979166666667,84.82125,29.71083333333333,81.0,374.0,109.0,4,0,0,2024
2024-10-26,0,80.12708333333333,83.21854166666667,29.679166666666664,91.0,432.0,103.0,5,1,0,2024
2024-10-27,0,79.15958333333333,89.18291666666666,29.644583333333333,109.0,522.0,100.0,6,1,0,2024
2024-10-28,0,81.16958333333334,85.220625,29.634375000000002,96.0,447.0,101.0,0,0,0,2024
2024-10-29,0,80.93895833333333,85.57416666666667,29.681875,88.0,350.0,101.0,1,0,0,2024
2024-10-30,0,82.84125,79.78791666666667,29.718125,94.0,344.0,100.0,2,0,0,2024
2024-10-31,0,81.95125,81.89604166666668,29.717916666666667,93.0,316.0,114.0,3,0,0,2024
2024-11-01,0,81.22708333333334,84.28583333333333,29.757916666666663,88.0,435.0,110.0,4,0,0,2024
2024-11-02,0,82.556875,71.779375,29.876666666666665,94.0,553.0,96.0,5,1,0,2024
2024-11-03,1,82.52041666666666,72.614375,29.80125,89.0,475.0,98.0,6,1,0,2024
2024-11-04,1,85.37020833333332,70.62666666666667,29.71166666666667,86.0,362.0,100.0,0,0,0,2024
2024-11-05,1,85.53145833333333,80.24854166666667,29.713958333333334,92.0,307.0,104.0,1,0,0,2024
2024-11-06,0,85.39020833333332,69.20708333333333,29.736874999999998,93.0,326.0,99.0,2,0,0,2024
2024-11-07,0,81.36562500000001,83.28479166666666,29.703333333333333,93.0,303.0,95.0,3,0,0,2024
2024-11-08,0,84.43583333333333,76.27479166666667,29.645208333333333,87.0,350.0,97.0,4,0,0,2024
2024-11-09,0,83.73270833333333,76.75541666666668,29.698958333333334,87.0,404.0,96.0,5,1,0,2024
2024-11-10,0,80.52083333333333,90.82208333333334,29.67833333333333,89.0,411.0,93.0,6,1,0,2024
2024-11-11,0,81.31270833333333,86.52875,29.702708333333334,90.0,450.0,93.0,0,0,0,2024
2024-11-12,0,80.79354166666667,82.615,29.645833333333332,86.0,412.0,99.0,1,0,0,2024
2024-11-13,0,81.413125,82.38708333333334,29.66979166666667,80.0,341.0,97.0,2,0,0,2024
2024-11-14,0,81.00208333333333,87.43020833333333,29.676041666666666,88.0,314.0,94.0,3,0,0,2024
2024-11-15,0,82.56229166666667,81.34708333333333,29.678541666666664,90.0,344.0,90.0,4,0,0,2024
2024-11-16,0,82.47979166666667,82.235,29.663749999999997,79.0,415.0,90.0,5,1,0,2024
2024-11-17,1,83.19708333333334,80.22208333333333,29.663541666666664,90.0,548.0,93.0,6,1,0,2024
2024-11-18,0,82.75625000000001,78.40583333333333,29.660208333333333,82.0,539.0,109.0,0,0,0,2024
2024-11-19,0,82.56479166666666,78.43041666666666,29.684583333333332,73.0,410.0,110.0,1,0,0,2024
2024-11-20,0,80.79166666666667,83.83354166666666,29.67625,84.0,381.0,110.0,2,0,0,2024
2024-11-21,0,78.56625,91.214375,29.662916666666664,86.0,395.0,110.0,3,0,0,2024
2024-11-22,0,78.1825,91.600625,29.684166666666666,80.0,415.0,100.0,4,0,0,2024
2024-11-23,0,80.090625,87.9925,29.67625,81.0,457.0,102.0,5,1,0,2024
2024-11-24,0,79.79145833333332,90.04312499999999,29.68375,91.0,435.0,95.0,6,1,0,2024
2024-11-25,0,79.894375,92.32270833333332,29.66875,95.0,391.0,91.0,0,0,0,2024
2024-11-26,0,76.11,96.841875,29.68104166666667,91.0,374.0,98.0,1,0,0,2024
2024-11-27,0,73.955,97.12541666666668,29.710416666666664,82.0,328.0,99.0,2,0,0,2024
2024-11-28,0,74.58395833333333,96.22395833333333,29.71166666666667,86.0,330.0,107.0,3,0,0,2024
2024-11-29,1,75.94250000000001,95.21229166666666,29.706875,99.0,355.0,108.0,4,0,0,2024
2024-11-30,0,77.97541666666667,91.41291666666666,29.685625,102.0,398.0,99.0,5,1,0,2024
2024-12-01,0,80.20083333333334,83.91458333333334,29.756249999999998,94.0,429.0,94.0,6,1,0,2024
2024-12-02,0,82.25395833333333,71.20854166666666,29.860416666666666,78.0,429.0,99.0,0,0,0,2024
2024-12-03,0,82.1875,74.82625,29.804166666666664,80.0,387.0,103.0,1,0,0,2024
2024-12-04,0,86.52833333333332,71.33895833333334,29.699791666666666,87.0,395.0,100.0,2,0,0,2024
2024-12-05,0,85.70437500000001,79.08562500000001,29.695625000000003,98.0,495.0,92.0,3,0,1,2024
2024-12-06,0,85.03604166666666,66.78479166666666,29.75,90.0,474.0,93.0,4,0,0,2024
2024-12-07,1,79.92458333333333,88.22333333333334,29.67958333333333,87.0,434.0,90.0,5,1,0,2024
2024-12-08,0,83.54583333333333,74.15875,29.648333333333337,91.0,399.0,93.0,6,1,0,2024
2024-12-09,0,81.55229166666668,81.88666666666667,29.715416666666666,95.0,392.0,94.0,0,0,0,2024
2024-12-10,0,80.00916666666667,89.295,29.693125,97.0,425.0,93.0,1,0,1,2024
2024-12-11,0,78.42395833333333,91.214375,29.69729166666667,90.0,341.0,90.0,2,0,0,2024
2024-12-12,0,77.61729166666667,93.03770833333334,29.629166666666666,85.0,320.0,92.0,3,0,0,2024
2024-12-13,1,76.810625,95.75416666666666,29.64979166666667,73.0,440.0,100.0,4,0,0,2024
2024-12-14,0,77.10604166666667,94.23895833333334,29.678749999999997,79.0,585.0,99.0,5,1,0,2024
2024-12-15,0,80.78041666666667,84.58208333333333,29.707083333333333,82.0,455.0,99.0,6,1,0,2024
2024-12-16,0,77.51145833333334,94.59229166666667,29.746458333333333,87.0,382.0,106.0,0,0,0,2024
2024-12-17,0,79.03937499999999,90.09875,29.74354166666667,84.0,391.0,101.0,1,0,0,2024
2024-12-18,0,79.74249999999999,85.8525,29.72729166666667,80.0,410.0,107.0,2,0,0,2024
2024-12-19,0,78.40166666666667,88.55458333333333,29.735208333333333,82.0,416.0,111.0,3,0,0,2024
2024-12-20,0,79.92020833333333,82.43208333333332,29.7225,91.0,419.0,104.0,4,0,0,2024
2024-12-21,0,80.20833333333333,79.126875,29.733333333333334,97.0,485.0,95.0,5,1,0,2024
2024-12-22,0,79.46770833333333,82.33541666666666,29.71291666666667,93.0,502.0,103.0,6,1,0,2024
2024-12-23,0,78.33354166666668,85.51958333333333,29.710624999999997,87.0,404.0,99.0,0,0,0,2024
2024-12-24,0,78.46541666666667,82.38416666666667,29.72729166666667,88.0,376.0,99.0,1,0,0,2024
2024-12-25,0,78.89562500000001,81.54916666666666,29.749583333333334,85.0,404.0,95.0,2,0,0,2024
2024-12-26,0,79.74374999999999,82.29395833333334,29.761875,78.0,401.0,95.0,3,0,0,2024
2024-12-27,1,80.4475,87.64958333333334,29.756874999999997,86.0,504.0,93.0,4,0,0,2024
2024-12-28,1,81.98833333333333,80.59270833333333,29.76125,101.0,531.0,95.0,5,1,0,2024
2024-12-29,0,79.88250000000001,85.23479166666667,29.76625,106.0,549.0,98.0,6,1,0,2024
2024-12-30,1,80.27583333333332,81.19687499999999,29.7825,97.0,658.0,93.0,0,0,1,2024
2024-12-31,0,79.870625,80.97229166666666,29.766041666666666,89.0,654.0,86.0,1,0,1,2024
