date,time,temperature_F,humidity_%,wind_speed_kmh,pressure_in,condition
01/01/2023,12:00 AM,72.00,94.00,3.33,29.83,Clear
01/01/2023,12:30 AM,71.71,94.86,3.57,29.83,Clear
01/01/2023,01:00 AM,71.50,95.50,3.12,29.82,Clear
01/01/2023,01:30 AM,71.33,96.00,2.78,29.82,Clear
01/01/2023,02:00 AM,71.20,96.40,2.50,29.82,Clear
01/01/2023,02:30 AM,71.09,96.73,2.27,29.82,Clear
01/01/2023,03:00 AM,71.09,96.73,2.18,29.82,Clear
01/01/2023,03:30 AM,70.91,97.27,1.91,29.81,Clear
01/01/2023,04:00 AM,70.73,97.82,1.91,29.81,Clear
01/01/2023,04:30 AM,70.55,98.36,1.64,29.81,Clear
01/01/2023,05:00 AM,70.64,98.36,1.18,29.81,Clear
01/01/2023,05:30 AM,70.91,98.36,0.73,29.81,Clear
01/01/2023,06:00 AM,71.55,97.82,0.45,29.82,Clear
01/01/2023,06:30 AM,72.55,96.36,0.91,29.82,Clear
01/01/2023,07:00 AM,73.55,94.91,1.64,29.83,Clear
01/01/2023,07:30 AM,74.82,93.00,2.45,29.83,Clear
01/01/2023,08:00 AM,75.91,91.09,3.36,29.84,Clear
01/01/2023,08:30 AM,77.18,88.91,4.27,29.84,Clear
01/01/2023,09:00 AM,78.45,85.82,5.45,29.84,Clear
01/01/2023,09:30 AM,80.09,82.00,6.73,29.84,Clear
01/01/2023,10:00 AM,81.73,77.91,8.09,29.84,Clear
01/01/2023,10:30 AM,83.09,74.09,9.27,29.84,Clear
01/01/2023,11:00 AM,84.27,70.55,10.36,29.83,Clear
01/01/2023,11:30 AM,85.27,67.00,11.27,29.82,Clear
01/01/2023,12:00 PM,85.91,64.36,12.18,29.81,Clear
01/01/2023,12:30 PM,86.55,61.45,12.64,29.80,Clear
01/01/2023,01:00 PM,86.91,59.27,12.91,29.79,Clear
01/01/2023,01:30 PM,87.27,57.36,12.91,29.78,Clear
01/01/2023,02:00 PM,87.27,56.00,12.91,29.77,Clear
01/01/2023,02:30 PM,87.27,55.64,12.82,29.76,Clear
01/01/2023,03:00 PM,86.91,56.00,12.36,29.75,Clear
01/01/2023,03:30 PM,86.36,57.00,11.82,29.74,Clear
01/01/2023,04:00 PM,85.73,58.64,11.36,29.74,Clear
01/01/2023,04:30 PM,84.91,60.73,10.73,29.74,Clear
01/01/2023,05:00 PM,84.09,62.82,9.91,29.75,Clear
01/01/2023,05:30 PM,83.09,65.36,8.73,29.75,Clear
01/01/2023,06:00 PM,81.91,68.18,7.82,29.76,Clear
01/01/2023,06:30 PM,80.55,71.18,7.00,29.77,Clear
01/01/2023,07:00 PM,79.36,73.91,6.27,29.78,Clear
01/01/2023,07:30 PM,78.18,76.91,5.36,29.79,Clear
01/01/2023,08:00 PM,77.09,79.82,4.27,29.80,Clear
01/01/2023,08:30 PM,76.00,82.73,3.64,29.81,Clear
01/01/2023,09:00 PM,75.09,85.27,3.09,29.82,Clear
01/01/2023,09:30 PM,74.27,87.45,2.55,29.83,Clear
01/01/2023,10:00 PM,73.64,88.91,2.18,29.83,Clear
01/01/2023,10:30 PM,73.00,90.36,2.09,29.83,Clear
01/01/2023,11:00 PM,72.55,91.36,1.91,29.84,Clear
01/01/2023,11:30 PM,72.27,92.36,1.91,29.84,Clear
02/01/2023,12:00 AM,72.18,92.91,2.09,29.83,Clear
02/01/2023,12:30 AM,71.91,94.00,2.09,29.83,Clear
02/01/2023,01:00 AM,71.64,95.09,2.09,29.83,Clear
02/01/2023,01:30 AM,71.45,95.64,2.27,29.83,Clear
02/01/2023,02:00 AM,71.27,96.18,2.27,29.82,Clear
02/01/2023,02:30 AM,71.09,96.73,2.18,29.82,Clear
02/01/2023,03:00 AM,70.91,97.27,2.18,29.82,Clear
02/01/2023,03:30 AM,71.00,97.27,2.27,29.82,Clear
02/01/2023,04:00 AM,71.00,97.27,2.27,29.81,Clear
02/01/2023,04:30 AM,70.82,97.82,2.45,29.81,Clear
02/01/2023,05:00 AM,70.82,98.36,2.18,29.82,Clear
02/01/2023,05:30 AM,71.09,98.36,2.00,29.82,Clear
02/01/2023,06:00 AM,71.55,97.82,2.00,29.82,Clear
02/01/2023,06:30 AM,72.36,96.82,2.00,29.83,Clear
02/01/2023,07:00 AM,73.36,95.82,2.36,29.83,Clear
02/01/2023,07:30 AM,74.36,94.82,2.82,29.84,Clear
02/01/2023,08:00 AM,75.45,93.36,3.36,29.85,Clear
02/01/2023,08:30 AM,76.73,91.00,4.00,29.85,Clear
02/01/2023,09:00 AM,77.73,89.18,4.82,29.86,Clear
02/01/2023,09:30 AM,78.82,87.00,5.73,29.86,Clear
02/01/2023,10:00 AM,80.27,83.91,6.64,29.86,Clear
02/01/2023,10:30 AM,81.55,80.82,7.73,29.86,Clear
02/01/2023,11:00 AM,82.55,78.27,8.27,29.85,Clear
02/01/2023,11:30 AM,83.55,75.36,9.18,29.85,Clear
02/01/2023,12:00 PM,84.00,73.27,10.18,29.84,Clear
02/01/2023,12:30 PM,84.45,71.18,10.73,29.83,Clear
02/01/2023,01:00 PM,84.73,69.45,11.27,29.82,Clear
02/01/2023,01:30 PM,84.91,68.18,11.45,29.81,Clear
02/01/2023,02:00 PM,84.73,68.18,11.55,29.80,Clear
02/01/2023,02:30 PM,84.55,67.82,11.36,29.79,Clear
02/01/2023,03:00 PM,84.36,67.82,11.09,29.78,Clear
02/01/2023,03:30 PM,83.91,68.55,10.82,29.78,Clear
02/01/2023,04:00 PM,83.45,69.27,10.27,29.78,Clear
02/01/2023,04:30 PM,82.82,70.36,9.91,29.78,Clear
02/01/2023,05:00 PM,82.18,72.27,9.27,29.78,Clear
02/01/2023,05:30 PM,81.73,73.82,8.64,29.78,Clear
02/01/2023,06:00 PM,81.09,75.36,8.00,29.79,Clear
02/01/2023,06:30 PM,80.64,76.55,7.27,29.80,Clear
02/01/2023,07:00 PM,80.00,78.27,6.64,29.81,Clear
02/01/2023,07:30 PM,79.55,79.64,6.00,29.82,Clear
02/01/2023,08:00 PM,78.91,81.36,5.36,29.83,Clear
02/01/2023,08:30 PM,78.27,83.55,5.00,29.83,Clear
02/01/2023,09:00 PM,77.73,85.36,4.45,29.84,Clear
02/01/2023,09:30 PM,77.36,86.73,4.18,29.84,Clear
02/01/2023,10:00 PM,77.00,88.18,4.18,29.85,Clear
02/01/2023,10:30 PM,76.64,89.18,4.18,29.85,Clear
02/01/2023,11:00 PM,76.27,90.18,3.91,29.85,Clear
02/01/2023,11:30 PM,75.73,91.18,3.45,29.85,Clear
03/01/2023,12:00 AM,75.18,92.18,3.00,29.84,Clear
03/01/2023,12:30 AM,74.82,93.18,3.18,29.84,Clear
03/01/2023,01:00 AM,74.45,94.18,3.36,29.83,Clear
03/01/2023,01:30 AM,74.27,94.64,3.36,29.82,Clear
03/01/2023,02:00 AM,74.09,94.64,3.09,29.82,Clear
03/01/2023,02:30 AM,73.91,95.18,3.09,29.81,Clear
03/01/2023,03:00 AM,73.55,96.18,3.09,29.81,Clear
03/01/2023,03:30 AM,73.27,96.73,2.82,29.81,Clear
03/01/2023,04:00 AM,73.00,97.27,2.82,29.80,Clear
03/01/2023,04:30 AM,72.73,97.82,2.55,29.80,Clear
03/01/2023,05:00 AM,72.73,98.36,3.00,29.80,Clear
03/01/2023,05:30 AM,73.09,98.36,3.45,29.81,Clear
03/01/2023,06:00 AM,73.64,97.82,3.55,29.81,Clear
03/01/2023,06:30 AM,74.36,96.82,3.73,29.82,Clear
03/01/2023,07:00 AM,75.18,95.91,4.18,29.82,Clear
03/01/2023,07:30 AM,76.00,95.00,4.73,29.82,Clear
03/01/2023,08:00 AM,77.00,93.09,5.27,29.83,Clear
03/01/2023,08:30 AM,78.18,90.73,6.18,29.83,Clear
03/01/2023,09:00 AM,79.45,88.36,7.09,29.83,Clear
03/01/2023,09:30 AM,80.91,85.27,8.09,29.83,Clear
03/01/2023,10:00 AM,82.18,82.91,8.82,29.83,Clear
03/01/2023,10:30 AM,83.55,79.82,9.64,29.83,Clear
03/01/2023,11:00 AM,84.55,77.27,10.55,29.83,Clear
03/01/2023,11:30 AM,85.36,74.36,11.27,29.82,Clear
03/01/2023,12:00 PM,86.00,71.91,11.91,29.81,Rain
03/01/2023,12:30 PM,86.36,70.27,12.45,29.80,Clear
03/01/2023,01:00 PM,86.55,69.00,12.82,29.79,Clear
03/01/2023,01:30 PM,86.55,68.18,12.64,29.78,Clear
03/01/2023,02:00 PM,86.36,67.82,12.18,29.77,Clear
03/01/2023,02:30 PM,86.18,67.45,11.91,29.76,Clear
03/01/2023,03:00 PM,85.82,67.82,11.27,29.75,Clear
03/01/2023,03:30 PM,85.45,67.82,11.36,29.75,Clear
03/01/2023,04:00 PM,84.82,69.00,10.64,29.75,Clear
03/01/2023,04:30 PM,84.18,70.18,9.55,29.75,Clear
03/01/2023,05:00 PM,83.36,72.09,8.27,29.75,Clear
03/01/2023,05:30 PM,82.55,74.55,7.45,29.75,Clear
03/01/2023,06:00 PM,81.91,76.64,6.36,29.76,Clear
03/01/2023,06:30 PM,81.27,78.36,5.45,29.77,Clear
03/01/2023,07:00 PM,80.64,80.09,5.00,29.78,Clear
03/01/2023,07:30 PM,80.00,82.27,4.45,29.79,Clear
03/01/2023,08:00 PM,79.36,84.00,4.55,29.80,Rain
03/01/2023,08:30 PM,78.55,86.18,4.00,29.81,Clear
03/01/2023,09:00 PM,77.91,88.00,3.36,29.82,Clear
03/01/2023,09:30 PM,77.36,89.36,3.00,29.83,Clear
03/01/2023,10:00 PM,76.82,91.27,3.00,29.83,Clear
03/01/2023,10:30 PM,76.45,92.82,3.45,29.83,Rain
03/01/2023,11:00 PM,76.09,93.27,3.45,29.83,Rain
03/01/2023,11:30 PM,75.73,93.73,3.55,29.83,Rain
04/01/2023,12:00 AM,75.55,94.18,3.82,29.83,Clear
04/01/2023,12:30 AM,75.18,95.18,4.18,29.83,Clear
04/01/2023,01:00 AM,74.82,95.18,4.55,29.82,Rain
04/01/2023,01:30 AM,74.45,95.64,3.64,29.82,Clear
04/01/2023,02:00 AM,74.27,95.64,3.55,29.81,Clear
04/01/2023,02:30 AM,74.00,96.18,3.36,29.81,Clear
04/01/2023,03:00 AM,73.73,96.73,3.18,29.80,Clear
04/01/2023,03:30 AM,73.45,96.73,2.91,29.80,Clear
04/01/2023,04:00 AM,73.18,96.73,2.55,29.79,Clear
04/01/2023,04:30 AM,72.91,97.27,2.36,29.79,Clear
04/01/2023,05:00 AM,72.73,97.82,2.18,29.79,Clear
04/01/2023,05:30 AM,72.73,97.82,1.91,29.80,Clear
04/01/2023,06:00 AM,72.91,97.82,1.55,29.80,Clear
04/01/2023,06:30 AM,73.27,97.82,1.18,29.80,Clear
04/01/2023,07:00 AM,74.00,97.36,1.36,29.81,Clear
04/01/2023,07:30 AM,74.82,96.45,1.73,29.81,Clear
04/01/2023,08:00 AM,75.73,95.45,2.36,29.82,Clear
04/01/2023,08:30 AM,76.55,94.45,3.18,29.82,Clear
04/01/2023,09:00 AM,76.82,93.91,3.73,29.82,Rain
04/01/2023,09:30 AM,77.27,93.36,4.09,29.83,Clear
04/01/2023,10:00 AM,77.91,92.82,4.45,29.83,Rain
04/01/2023,10:30 AM,78.73,91.82,5.00,29.82,Rain
04/01/2023,11:00 AM,79.36,91.36,5.55,29.82,Rain
04/01/2023,11:30 AM,80.00,89.91,6.09,29.81,Rain
04/01/2023,12:00 PM,80.64,88.55,6.82,29.80,Rain
04/01/2023,12:30 PM,80.64,88.55,7.55,29.79,Rain
04/01/2023,01:00 PM,80.55,89.00,7.73,29.78,Clear
04/01/2023,01:30 PM,80.45,89.00,7.73,29.77,Clear
04/01/2023,02:00 PM,80.55,88.55,7.55,29.76,Clear
04/01/2023,02:30 PM,81.18,87.64,7.55,29.76,Rain
04/01/2023,03:00 PM,81.55,86.73,7.64,29.75,Rain
04/01/2023,03:30 PM,81.55,85.73,7.73,29.75,Rain
04/01/2023,04:00 PM,81.09,85.73,7.64,29.74,Clear
04/01/2023,04:30 PM,80.64,86.18,7.36,29.75,Clear
04/01/2023,05:00 PM,80.18,87.09,6.91,29.75,Rain
04/01/2023,05:30 PM,79.55,88.45,6.18,29.76,Rain
04/01/2023,06:00 PM,79.18,88.91,5.73,29.76,Rain
04/01/2023,06:30 PM,78.82,89.36,5.27,29.77,Rain
04/01/2023,07:00 PM,78.45,89.82,4.91,29.78,Clear
04/01/2023,07:30 PM,77.82,91.27,4.73,29.79,Clear
04/01/2023,08:00 PM,77.18,92.73,4.73,29.80,Clear
04/01/2023,08:30 PM,76.64,93.64,4.45,29.81,Clear
04/01/2023,09:00 PM,76.27,94.64,4.00,29.82,Clear
04/01/2023,09:30 PM,76.09,95.09,3.64,29.82,Clear
04/01/2023,10:00 PM,75.91,95.09,3.36,29.82,Clear
04/01/2023,10:30 PM,75.73,95.09,3.36,29.83,Clear
04/01/2023,11:00 PM,75.55,95.09,3.45,29.83,Clear
04/01/2023,11:30 PM,75.36,95.09,3.27,29.82,Clear
05/01/2023,12:00 AM,75.18,95.09,3.27,29.82,Clear
05/01/2023,12:30 AM,75.00,95.09,3.18,29.81,Clear
05/01/2023,01:00 AM,75.00,94.55,3.00,29.81,Clear
05/01/2023,01:30 AM,75.00,94.00,2.64,29.80,Clear
05/01/2023,02:00 AM,75.00,94.00,2.55,29.79,Clear
05/01/2023,02:30 AM,74.82,94.55,2.55,29.79,Clear
05/01/2023,03:00 AM,74.64,95.09,2.64,29.78,Clear
05/01/2023,03:30 AM,74.64,95.09,2.45,29.77,Clear
05/01/2023,04:00 AM,74.64,95.09,2.18,29.77,Clear
05/01/2023,04:30 AM,74.64,95.09,1.91,29.77,Clear
05/01/2023,05:00 AM,74.64,95.64,1.82,29.77,Clear
05/01/2023,05:30 AM,74.82,95.64,1.82,29.77,Clear
05/01/2023,06:00 AM,75.00,96.18,1.91,29.77,Clear
05/01/2023,06:30 AM,75.36,96.18,2.09,29.78,Clear
05/01/2023,07:00 AM,75.91,95.73,2.55,29.78,Clear
05/01/2023,07:30 AM,76.55,95.27,3.18,29.79,Clear
05/01/2023,08:00 AM,77.36,94.27,3.73,29.80,Clear
05/01/2023,08:30 AM,78.36,92.82,4.55,29.80,Clear
05/01/2023,09:00 AM,79.36,91.00,5.73,29.80,Clear
05/01/2023,09:30 AM,80.36,89.18,7.09,29.81,Clear
05/01/2023,10:00 AM,81.55,87.00,8.36,29.81,Clear
05/01/2023,10:30 AM,82.73,83.91,9.36,29.80,Clear
05/01/2023,11:00 AM,83.73,81.36,10.36,29.80,Clear
05/01/2023,11:30 AM,84.36,79.45,11.00,29.79,Clear
05/01/2023,12:00 PM,85.00,77.27,11.73,29.79,Clear
05/01/2023,12:30 PM,85.45,75.55,12.18,29.78,Clear
05/01/2023,01:00 PM,85.82,73.45,12.55,29.77,Clear
05/01/2023,01:30 PM,86.18,71.36,12.91,29.76,Clear
05/01/2023,02:00 PM,86.36,70.09,12.91,29.75,Clear
05/01/2023,02:30 PM,86.18,69.73,12.82,29.74,Clear
05/01/2023,03:00 PM,85.82,69.73,12.27,29.73,Clear
05/01/2023,03:30 PM,85.27,70.09,11.73,29.72,Clear
05/01/2023,04:00 PM,84.64,71.27,11.18,29.72,Clear
05/01/2023,04:30 PM,84.00,72.45,10.36,29.72,Clear
05/01/2023,05:00 PM,83.73,72.91,9.73,29.72,Clear
05/01/2023,05:30 PM,83.09,74.09,8.82,29.72,Clear
05/01/2023,06:00 PM,82.45,75.82,7.91,29.73,Clear
05/01/2023,06:30 PM,81.64,77.91,7.00,29.74,Clear
05/01/2023,07:00 PM,80.82,80.00,6.27,29.75,Clear
05/01/2023,07:30 PM,80.00,81.73,5.45,29.76,Clear
05/01/2023,08:00 PM,79.18,83.91,4.64,29.77,Clear
05/01/2023,08:30 PM,78.73,85.73,4.27,29.77,Clear
05/01/2023,09:00 PM,78.27,87.09,4.00,29.78,Clear
05/01/2023,09:30 PM,77.91,88.45,3.64,29.79,Clear
05/01/2023,10:00 PM,77.36,89.82,3.45,29.79,Clear
05/01/2023,10:30 PM,76.64,91.27,3.45,29.79,Clear
05/01/2023,11:00 PM,76.09,92.27,3.45,29.79,Clear
05/01/2023,11:30 PM,75.73,92.73,3.55,29.79,Clear
06/01/2023,12:00 AM,75.55,93.18,3.55,29.79,Clear
06/01/2023,12:30 AM,75.36,93.64,3.09,29.79,Clear
06/01/2023,01:00 AM,75.18,94.09,2.82,29.78,Clear
06/01/2023,01:30 AM,75.18,94.09,2.82,29.77,Clear
06/01/2023,02:00 AM,75.00,94.09,2.64,29.77,Clear
06/01/2023,02:30 AM,74.82,94.55,3.00,29.77,Clear
06/01/2023,03:00 AM,74.64,95.09,2.91,29.76,Clear
06/01/2023,03:30 AM,74.64,95.09,2.82,29.76,Clear
06/01/2023,04:00 AM,74.82,94.55,3.00,29.76,Clear
06/01/2023,04:30 AM,75.00,94.55,2.73,29.75,Clear
06/01/2023,05:00 AM,75.00,95.09,2.73,29.76,Clear
06/01/2023,05:30 AM,75.18,95.09,2.64,29.76,Clear
06/01/2023,06:00 AM,75.36,95.09,2.91,29.76,Clear
06/01/2023,06:30 AM,75.36,95.09,3.45,29.77,Clear
06/01/2023,07:00 AM,75.36,95.09,3.73,29.78,Clear
06/01/2023,07:30 AM,75.36,95.64,4.00,29.79,Rain
06/01/2023,08:00 AM,75.73,95.64,3.45,29.79,Rain
06/01/2023,08:30 AM,76.36,94.64,3.55,29.80,Clear
06/01/2023,09:00 AM,76.55,94.18,3.91,29.81,Rain
06/01/2023,09:30 AM,76.91,93.73,4.00,29.81,Rain
06/01/2023,10:00 AM,77.09,93.73,4.82,29.82,Rain
06/01/2023,10:30 AM,77.45,92.73,5.27,29.82,Clear
06/01/2023,11:00 AM,77.64,92.73,5.64,29.82,Clear
06/01/2023,11:30 AM,77.82,92.73,5.91,29.81,Rain
06/01/2023,12:00 PM,78.36,92.27,5.91,29.81,Clear
06/01/2023,12:30 PM,78.73,92.27,6.45,29.80,Rain
06/01/2023,01:00 PM,78.91,91.73,7.09,29.79,Rain
06/01/2023,01:30 PM,78.73,91.73,7.55,29.78,Clear
06/01/2023,02:00 PM,78.45,91.73,8.18,29.77,Clear
06/01/2023,02:30 PM,78.45,91.73,8.55,29.77,Rain
06/01/2023,03:00 PM,78.27,91.73,8.82,29.76,Rain
06/01/2023,03:30 PM,78.09,91.73,8.27,29.76,Rain
06/01/2023,04:00 PM,77.73,92.18,7.73,29.75,Clear
06/01/2023,04:30 PM,77.36,91.73,7.82,29.75,Clear
06/01/2023,05:00 PM,77.00,91.27,7.73,29.76,Clear
06/01/2023,05:30 PM,76.27,91.73,7.73,29.76,Clear
06/01/2023,06:00 PM,75.73,91.73,6.64,29.77,Clear
06/01/2023,06:30 PM,75.36,91.73,5.64,29.77,Rain
06/01/2023,07:00 PM,75.00,91.73,4.91,29.78,Clear
06/01/2023,07:30 PM,74.45,92.18,4.18,29.79,Clear
06/01/2023,08:00 PM,74.09,93.18,3.55,29.79,Clear
06/01/2023,08:30 PM,73.91,93.64,3.27,29.80,Clear
06/01/2023,09:00 PM,73.73,93.64,3.55,29.80,Clear
06/01/2023,09:30 PM,73.55,93.64,3.45,29.80,Clear
06/01/2023,10:00 PM,73.36,94.09,3.00,29.81,Clear
06/01/2023,10:30 PM,73.18,94.55,2.73,29.81,Clear
06/01/2023,11:00 PM,73.18,94.55,2.73,29.81,Rain
06/01/2023,11:30 PM,73.18,94.55,2.73,29.81,Rain
07/01/2023,12:00 AM,73.18,94.55,2.73,29.81,Rain
07/01/2023,12:30 AM,73.18,94.55,2.73,29.80,Clear
07/01/2023,01:00 AM,73.18,94.55,2.73,29.80,Rain
07/01/2023,01:30 AM,73.18,94.00,2.45,29.79,Rain
07/01/2023,02:00 AM,73.00,94.00,1.91,29.78,Rain
07/01/2023,02:30 AM,73.00,94.55,1.55,29.78,Rain
07/01/2023,03:00 AM,73.00,95.09,1.91,29.77,Rain
07/01/2023,03:30 AM,73.00,95.64,2.27,29.76,Clear
07/01/2023,04:00 AM,73.00,96.18,2.55,29.76,Clear
07/01/2023,04:30 AM,73.00,96.73,2.55,29.75,Clear
07/01/2023,05:00 AM,73.00,97.27,3.18,29.75,Clear
07/01/2023,05:30 AM,73.00,97.82,3.64,29.75,Clear
07/01/2023,06:00 AM,73.00,98.36,4.09,29.76,Rain
07/01/2023,06:30 AM,73.00,98.91,4.36,29.76,Clear
07/01/2023,07:00 AM,73.00,99.45,4.82,29.77,Rain
07/01/2023,07:30 AM,73.00,100.00,5.27,29.78,Rain
07/01/2023,08:00 AM,73.00,100.00,5.64,29.79,Rain
07/01/2023,08:30 AM,73.00,100.00,5.36,29.79,Rain
07/01/2023,09:00 AM,73.00,100.00,4.82,29.80,Rain
07/01/2023,09:30 AM,73.00,100.00,4.55,29.80,Rain
07/01/2023,10:00 AM,73.00,100.00,4.18,29.80,Rain
07/01/2023,10:30 AM,73.00,100.00,3.55,29.80,Rain
07/01/2023,11:00 AM,73.00,100.00,2.91,29.80,Rain
07/01/2023,11:30 AM,73.18,100.00,2.45,29.79,Rain
07/01/2023,12:00 PM,73.36,100.00,2.18,29.79,Rain
07/01/2023,12:30 PM,73.55,99.45,1.73,29.78,Rain
07/01/2023,01:00 PM,73.73,98.91,1.73,29.77,Rain
07/01/2023,01:30 PM,73.73,98.91,1.64,29.76,Rain
07/01/2023,02:00 PM,73.73,98.91,1.64,29.75,Rain
07/01/2023,02:30 PM,73.73,98.91,1.82,29.74,Rain
07/01/2023,03:00 PM,73.73,98.91,1.64,29.74,Rain
07/01/2023,03:30 PM,73.73,98.91,1.64,29.73,Rain
07/01/2023,04:00 PM,73.73,98.91,1.64,29.72,Rain
07/01/2023,04:30 PM,73.73,98.91,1.64,29.72,Rain
07/01/2023,05:00 PM,73.55,98.91,1.64,29.73,Rain
07/01/2023,05:30 PM,73.36,98.91,1.45,29.73,Rain
07/01/2023,06:00 PM,73.18,99.45,1.73,29.74,Rain
07/01/2023,06:30 PM,73.00,100.00,1.55,29.75,Rain
07/01/2023,07:00 PM,73.00,100.00,1.27,29.76,Rain
07/01/2023,07:30 PM,73.00,100.00,1.27,29.77,Rain
07/01/2023,08:00 PM,73.00,100.00,1.55,29.77,Clear
07/01/2023,08:30 PM,73.00,100.00,1.82,29.78,Rain
07/01/2023,09:00 PM,73.00,100.00,1.91,29.79,Rain
07/01/2023,09:30 PM,73.00,100.00,2.18,29.79,Rain
07/01/2023,10:00 PM,73.00,100.00,2.45,29.79,Rain
07/01/2023,10:30 PM,73.00,100.00,2.64,29.80,Rain
07/01/2023,11:00 PM,73.00,100.00,2.64,29.80,Rain
07/01/2023,11:30 PM,73.00,100.00,2.36,29.79,Rain
08/01/2023,12:00 AM,73.00,100.00,2.09,29.79,Rain
08/01/2023,12:30 AM,73.00,100.00,1.91,29.78,Rain
08/01/2023,01:00 AM,73.00,100.00,1.91,29.78,Rain
08/01/2023,01:30 AM,73.00,100.00,1.73,29.77,Rain
08/01/2023,02:00 AM,73.00,100.00,1.64,29.76,Clear
08/01/2023,02:30 AM,73.00,100.00,1.55,29.76,Clear
08/01/2023,03:00 AM,73.00,100.00,1.27,29.75,Clear
08/01/2023,03:30 AM,73.00,100.00,1.00,29.75,Clear
08/01/2023,04:00 AM,73.00,100.00,0.82,29.74,Clear
08/01/2023,04:30 AM,73.00,100.00,0.82,29.74,Clear
08/01/2023,05:00 AM,73.00,100.00,0.82,29.74,Clear
08/01/2023,05:30 AM,73.18,99.45,0.82,29.74,Rain
08/01/2023,06:00 AM,73.36,98.91,0.82,29.75,Clear
08/01/2023,06:30 AM,73.73,98.36,0.91,29.75,Clear
08/01/2023,07:00 AM,74.09,97.82,0.91,29.76,Clear
08/01/2023,07:30 AM,74.45,97.27,1.18,29.77,Clear
08/01/2023,08:00 AM,74.82,96.73,1.55,29.78,Clear
08/01/2023,08:30 AM,75.36,95.73,2.00,29.78,Clear
08/01/2023,09:00 AM,75.91,94.73,2.45,29.79,Clear
08/01/2023,09:30 AM,76.64,93.73,3.18,29.79,Clear
08/01/2023,10:00 AM,77.18,92.73,4.00,29.80,Clear
08/01/2023,10:30 AM,77.73,91.73,4.55,29.80,Clear
08/01/2023,11:00 AM,78.36,90.82,5.09,29.79,Clear
08/01/2023,11:30 AM,78.73,90.36,5.73,29.79,Rain
08/01/2023,12:00 PM,78.91,90.36,5.73,29.78,Clear
08/01/2023,12:30 PM,79.36,89.45,6.27,29.77,Clear
08/01/2023,01:00 PM,79.82,88.55,6.55,29.76,Clear
08/01/2023,01:30 PM,80.18,87.64,6.73,29.75,Clear
08/01/2023,02:00 PM,80.36,87.18,7.09,29.74,Rain
08/01/2023,02:30 PM,80.55,86.73,7.36,29.73,Rain
08/01/2023,03:00 PM,80.36,86.18,7.27,29.73,Clear
08/01/2023,03:30 PM,80.36,85.64,7.09,29.72,Clear
08/01/2023,04:00 PM,80.18,85.64,7.00,29.72,Clear
08/01/2023,04:30 PM,79.73,86.09,7.00,29.72,Clear
08/01/2023,05:00 PM,79.55,86.09,6.82,29.73,Clear
08/01/2023,05:30 PM,79.18,86.09,6.82,29.73,Clear
08/01/2023,06:00 PM,78.55,87.00,6.27,29.74,Clear
08/01/2023,06:30 PM,77.91,87.91,5.82,29.75,Clear
08/01/2023,07:00 PM,77.36,88.82,5.27,29.76,Rain
08/01/2023,07:30 PM,76.82,89.73,4.45,29.77,Clear
08/01/2023,08:00 PM,76.27,90.64,3.91,29.78,Clear
08/01/2023,08:30 PM,75.91,91.64,3.55,29.79,Clear
08/01/2023,09:00 PM,75.55,92.64,3.18,29.79,Clear
08/01/2023,09:30 PM,75.36,93.09,3.18,29.80,Clear
08/01/2023,10:00 PM,75.18,93.55,2.91,29.80,Clear
08/01/2023,10:30 PM,74.82,94.55,2.91,29.80,Clear
08/01/2023,11:00 PM,74.64,95.09,3.09,29.80,Clear
08/01/2023,11:30 PM,74.45,95.64,3.09,29.80,Clear
09/01/2023,12:00 AM,74.27,96.18,3.09,29.80,Rain
09/01/2023,12:30 AM,74.09,96.73,2.91,29.80,Rain
09/01/2023,01:00 AM,73.91,97.27,3.36,29.80,Rain
09/01/2023,01:30 AM,73.73,97.82,3.36,29.79,Rain
09/01/2023,02:00 AM,73.55,98.36,3.27,29.79,Rain
09/01/2023,02:30 AM,73.36,98.91,3.18,29.78,Rain
09/01/2023,03:00 AM,73.18,99.45,3.00,29.78,Rain
09/01/2023,03:30 AM,73.00,100.00,3.18,29.77,Rain
09/01/2023,04:00 AM,73.00,100.00,3.00,29.77,Rain
09/01/2023,04:30 AM,73.00,100.00,3.00,29.77,Rain
09/01/2023,05:00 AM,73.00,100.00,3.00,29.77,Rain
09/01/2023,05:30 AM,73.00,100.00,3.00,29.77,Rain
09/01/2023,06:00 AM,73.18,100.00,3.00,29.78,Rain
09/01/2023,06:30 AM,73.36,100.00,2.55,29.79,Rain
09/01/2023,07:00 AM,73.73,99.45,2.82,29.80,Rain
09/01/2023,07:30 AM,74.27,98.91,3.18,29.80,Rain
09/01/2023,08:00 AM,75.00,97.91,3.55,29.81,Clear
09/01/2023,08:30 AM,75.73,96.91,3.82,29.81,Clear
09/01/2023,09:00 AM,76.45,95.91,4.00,29.81,Clear
09/01/2023,09:30 AM,77.27,94.45,4.36,29.82,Clear
09/01/2023,10:00 AM,78.09,93.00,4.45,29.82,Clear
09/01/2023,10:30 AM,79.09,91.09,4.82,29.81,Clear
09/01/2023,11:00 AM,79.91,89.64,5.09,29.81,Clear
09/01/2023,11:30 AM,80.73,87.73,5.82,29.80,Clear
09/01/2023,12:00 PM,81.55,85.82,6.64,29.79,Clear
09/01/2023,12:30 PM,82.00,84.45,7.00,29.78,Clear
09/01/2023,01:00 PM,82.27,83.09,7.36,29.77,Clear
09/01/2023,01:30 PM,82.36,82.18,7.55,29.76,Clear
09/01/2023,02:00 PM,82.45,81.27,7.91,29.76,Clear
09/01/2023,02:30 PM,82.55,80.36,7.91,29.75,Clear
09/01/2023,03:00 PM,82.45,79.91,8.00,29.74,Clear
09/01/2023,03:30 PM,82.18,80.36,7.91,29.74,Clear
09/01/2023,04:00 PM,81.73,81.27,7.82,29.74,Clear
09/01/2023,04:30 PM,81.45,81.73,7.73,29.74,Clear
09/01/2023,05:00 PM,80.82,83.09,7.45,29.74,Clear
09/01/2023,05:30 PM,80.18,84.45,6.91,29.74,Clear
09/01/2023,06:00 PM,79.73,85.82,6.27,29.75,Clear
09/01/2023,06:30 PM,79.27,87.18,5.55,29.76,Clear
09/01/2023,07:00 PM,78.82,88.55,4.82,29.76,Clear
09/01/2023,07:30 PM,78.36,89.91,4.18,29.77,Clear
09/01/2023,08:00 PM,77.91,91.27,3.82,29.78,Clear
09/01/2023,08:30 PM,77.36,93.18,3.36,29.79,Clear
09/01/2023,09:00 PM,77.18,93.64,3.18,29.79,Clear
09/01/2023,09:30 PM,76.82,94.64,2.82,29.80,Clear
09/01/2023,10:00 PM,76.45,95.64,2.55,29.80,Clear
09/01/2023,10:30 PM,76.27,96.18,2.09,29.80,Clear
09/01/2023,11:00 PM,76.09,96.73,1.82,29.80,Clear
09/01/2023,11:30 PM,75.91,96.73,1.82,29.80,Clear
10/01/2023,12:00 AM,75.73,96.73,1.82,29.80,Clear
10/01/2023,12:30 AM,75.55,97.27,2.00,29.79,Clear
10/01/2023,01:00 AM,75.36,97.82,1.91,29.79,Clear
10/01/2023,01:30 AM,75.18,98.36,1.82,29.78,Clear
10/01/2023,02:00 AM,75.18,98.36,1.82,29.78,Clear
10/01/2023,02:30 AM,75.00,98.91,1.82,29.77,Clear
10/01/2023,03:00 AM,75.00,98.91,1.64,29.77,Clear
10/01/2023,03:30 AM,75.00,98.36,1.64,29.77,Clear
10/01/2023,04:00 AM,75.00,97.82,1.91,29.76,Clear
10/01/2023,04:30 AM,75.00,97.27,2.09,29.76,Clear
10/01/2023,05:00 AM,75.00,97.82,2.09,29.76,Clear
10/01/2023,05:30 AM,75.18,97.82,2.09,29.77,Clear
10/01/2023,06:00 AM,75.55,97.27,2.09,29.77,Clear
10/01/2023,06:30 AM,75.91,96.73,1.91,29.77,Clear
10/01/2023,07:00 AM,76.45,95.73,2.18,29.78,Clear
10/01/2023,07:30 AM,77.00,94.73,2.55,29.78,Clear
10/01/2023,08:00 AM,77.18,94.18,2.91,29.79,Clear
10/01/2023,08:30 AM,77.18,94.18,3.18,29.79,Clear
10/01/2023,09:00 AM,77.36,94.18,3.27,29.80,Clear
10/01/2023,09:30 AM,77.73,94.18,3.00,29.80,Clear
10/01/2023,10:00 AM,78.09,94.18,3.27,29.80,Rain
10/01/2023,10:30 AM,78.64,93.18,3.36,29.80,Rain
10/01/2023,11:00 AM,79.09,92.27,3.36,29.79,Rain
10/01/2023,11:30 AM,79.36,91.82,3.36,29.79,Rain
10/01/2023,12:00 PM,79.82,90.91,3.55,29.78,Rain
10/01/2023,12:30 PM,80.09,90.00,3.18,29.77,Rain
10/01/2023,01:00 PM,80.36,89.09,3.00,29.76,Clear
10/01/2023,01:30 PM,81.00,87.73,2.91,29.74,Clear
10/01/2023,02:00 PM,81.82,85.82,3.27,29.73,Clear
10/01/2023,02:30 PM,82.27,84.45,3.64,29.72,Clear
10/01/2023,03:00 PM,82.55,83.09,4.18,29.71,Clear
10/01/2023,03:30 PM,82.73,82.18,4.27,29.71,Clear
10/01/2023,04:00 PM,82.73,81.73,4.27,29.71,Clear
10/01/2023,04:30 PM,82.64,81.73,4.36,29.71,Clear
10/01/2023,05:00 PM,82.36,81.73,4.18,29.71,Clear
10/01/2023,05:30 PM,81.73,82.64,4.18,29.71,Clear
10/01/2023,06:00 PM,81.27,83.55,4.27,29.72,Clear
10/01/2023,06:30 PM,80.64,84.91,3.82,29.73,Clear
10/01/2023,07:00 PM,80.00,86.27,3.45,29.74,Clear
10/01/2023,07:30 PM,79.36,87.64,3.00,29.75,Clear
10/01/2023,08:00 PM,78.91,89.00,2.45,29.76,Clear
10/01/2023,08:30 PM,78.45,90.36,2.00,29.77,Clear
10/01/2023,09:00 PM,77.91,91.82,1.55,29.77,Clear
10/01/2023,09:30 PM,77.36,93.27,1.27,29.78,Clear
10/01/2023,10:00 PM,76.82,94.18,1.27,29.78,Clear
10/01/2023,10:30 PM,76.45,94.64,1.55,29.78,Clear
10/01/2023,11:00 PM,76.27,95.18,1.64,29.78,Clear
10/01/2023,11:30 PM,75.91,96.18,1.64,29.78,Clear
11/01/2023,12:00 AM,75.73,96.18,1.64,29.78,Clear
11/01/2023,12:30 AM,75.36,96.73,1.64,29.78,Clear
11/01/2023,01:00 AM,75.18,96.73,1.55,29.77,Clear
11/01/2023,01:30 AM,74.82,97.27,1.45,29.77,Clear
11/01/2023,02:00 AM,74.45,97.82,1.36,29.76,Clear
11/01/2023,02:30 AM,74.27,97.82,1.27,29.75,Clear
11/01/2023,03:00 AM,74.00,97.82,1.27,29.75,Clear
11/01/2023,03:30 AM,73.73,98.36,1.00,29.74,Clear
11/01/2023,04:00 AM,73.45,98.91,0.82,29.74,Clear
11/01/2023,04:30 AM,73.18,98.91,0.55,29.74,Clear
11/01/2023,05:00 AM,73.00,98.91,0.45,29.74,Clear
11/01/2023,05:30 AM,73.00,99.45,0.45,29.74,Clear
11/01/2023,06:00 AM,73.36,99.45,0.27,29.74,Clear
11/01/2023,06:30 AM,73.91,99.00,0.36,29.75,Mist
11/01/2023,07:00 AM,74.73,98.00,0.36,29.75,Mist
11/01/2023,07:30 AM,75.73,96.55,0.55,29.76,Mist
11/01/2023,08:00 AM,76.73,95.09,0.82,29.76,Mist
11/01/2023,08:30 AM,78.18,92.82,1.09,29.77,Mist
11/01/2023,09:00 AM,79.64,90.55,1.36,29.77,Clear
11/01/2023,09:30 AM,80.91,88.18,1.73,29.77,Clear
11/01/2023,10:00 AM,82.36,85.91,2.18,29.77,Clear
11/01/2023,10:30 AM,83.73,83.18,2.36,29.77,Clear
11/01/2023,11:00 AM,85.18,79.82,3.00,29.77,Clear
11/01/2023,11:30 AM,86.36,76.36,3.64,29.76,Clear
11/01/2023,12:00 PM,87.00,74.27,4.18,29.75,Clear
11/01/2023,12:30 PM,87.55,72.18,4.82,29.74,Clear
11/01/2023,01:00 PM,87.91,70.55,5.36,29.72,Clear
11/01/2023,01:30 PM,88.09,69.27,5.82,29.71,Clear
11/01/2023,02:00 PM,87.91,68.82,6.27,29.69,Clear
11/01/2023,02:30 PM,87.55,68.73,6.64,29.68,Clear
11/01/2023,03:00 PM,87.36,68.73,6.82,29.68,Clear
11/01/2023,03:30 PM,86.82,69.09,6.82,29.67,Clear
11/01/2023,04:00 PM,86.18,70.36,7.00,29.66,Rain
11/01/2023,04:30 PM,85.27,72.27,6.82,29.66,Rain
11/01/2023,05:00 PM,84.27,74.73,6.36,29.66,Rain
11/01/2023,05:30 PM,83.45,76.82,5.82,29.67,Rain
11/01/2023,06:00 PM,82.45,79.36,5.36,29.68,Rain
11/01/2023,06:30 PM,81.45,81.91,4.91,29.69,Clear
11/01/2023,07:00 PM,80.64,84.09,4.36,29.70,Clear
11/01/2023,07:30 PM,79.82,86.27,3.82,29.71,Clear
11/01/2023,08:00 PM,79.18,88.09,3.45,29.72,Clear
11/01/2023,08:30 PM,78.55,89.91,2.82,29.74,Clear
11/01/2023,09:00 PM,78.09,91.27,2.55,29.75,Clear
11/01/2023,09:30 PM,77.73,92.18,2.27,29.76,Clear
11/01/2023,10:00 PM,77.18,93.64,2.09,29.76,Clear
11/01/2023,10:30 PM,76.82,94.64,2.09,29.77,Clear
11/01/2023,11:00 PM,76.45,95.09,1.91,29.77,Clear
11/01/2023,11:30 PM,76.27,95.09,1.91,29.77,Clear
12/01/2023,12:00 AM,75.91,95.64,1.64,29.77,Clear
12/01/2023,12:30 AM,75.73,95.64,1.91,29.77,Clear
12/01/2023,01:00 AM,75.55,95.64,2.18,29.76,Clear
12/01/2023,01:30 AM,75.18,96.18,2.09,29.75,Clear
12/01/2023,02:00 AM,74.82,96.73,2.09,29.75,Clear
12/01/2023,02:30 AM,74.45,97.27,1.91,29.74,Clear
12/01/2023,03:00 AM,74.09,97.82,1.73,29.73,Clear
12/01/2023,03:30 AM,73.91,97.82,1.45,29.72,Clear
12/01/2023,04:00 AM,73.73,97.27,1.27,29.72,Clear
12/01/2023,04:30 AM,73.55,97.27,1.27,29.72,Clear
12/01/2023,05:00 AM,73.55,97.27,1.09,29.71,Clear
12/01/2023,05:30 AM,73.91,97.27,1.09,29.72,Clear
12/01/2023,06:00 AM,74.27,97.27,0.82,29.72,Mist
12/01/2023,06:30 AM,74.82,97.27,0.36,29.72,Mist
12/01/2023,07:00 AM,75.64,96.27,0.36,29.73,Mist
12/01/2023,07:30 AM,76.64,94.82,0.55,29.74,Mist
12/01/2023,08:00 AM,77.82,92.91,0.82,29.75,Mist
12/01/2023,08:30 AM,79.18,91.00,1.09,29.75,Clear
12/01/2023,09:00 AM,80.73,88.27,1.64,29.76,Clear
12/01/2023,09:30 AM,82.27,86.09,2.09,29.76,Clear
12/01/2023,10:00 AM,83.82,83.55,2.73,29.76,Clear
12/01/2023,10:30 AM,85.18,80.64,3.27,29.76,Clear
12/01/2023,11:00 AM,86.45,77.27,4.09,29.75,Clear
12/01/2023,11:30 AM,87.45,74.36,4.55,29.75,Clear
12/01/2023,12:00 PM,88.27,71.45,5.18,29.74,Clear
12/01/2023,12:30 PM,89.00,69.00,5.64,29.72,Clear
12/01/2023,01:00 PM,89.55,67.00,6.18,29.71,Clear
12/01/2023,01:30 PM,89.91,65.45,6.64,29.69,Clear
12/01/2023,02:00 PM,90.09,63.91,7.09,29.68,Clear
12/01/2023,02:30 PM,89.73,63.91,7.27,29.67,Clear
12/01/2023,03:00 PM,89.18,63.91,7.45,29.67,Clear
12/01/2023,03:30 PM,88.45,65.09,7.36,29.66,Clear
12/01/2023,04:00 PM,87.73,66.64,7.73,29.66,Clear
12/01/2023,04:30 PM,86.82,68.55,7.73,29.66,Clear
12/01/2023,05:00 PM,86.00,70.55,7.36,29.66,Clear
12/01/2023,05:30 PM,85.00,73.00,6.91,29.67,Clear
12/01/2023,06:00 PM,84.00,75.45,6.27,29.68,Clear
12/01/2023,06:30 PM,83.00,77.91,5.73,29.69,Clear
12/01/2023,07:00 PM,82.00,80.36,5.18,29.70,Clear
12/01/2023,07:30 PM,81.00,82.82,4.45,29.71,Clear
12/01/2023,08:00 PM,80.18,85.00,3.73,29.72,Clear
12/01/2023,08:30 PM,79.55,87.18,3.27,29.73,Clear
12/01/2023,09:00 PM,79.09,88.55,3.00,29.74,Clear
12/01/2023,09:30 PM,78.64,89.91,2.27,29.75,Clear
12/01/2023,10:00 PM,78.27,90.82,1.45,29.75,Clear
12/01/2023,10:30 PM,77.91,91.73,1.36,29.76,Clear
12/01/2023,11:00 PM,77.73,92.18,1.18,29.76,Clear
12/01/2023,11:30 PM,77.55,92.64,1.36,29.76,Clear
13/01/2023,12:00 AM,77.36,93.09,1.36,29.76,Clear
13/01/2023,12:30 AM,77.18,93.55,1.45,29.75,Clear
13/01/2023,01:00 AM,77.00,94.00,1.73,29.75,Clear
13/01/2023,01:30 AM,77.00,94.00,1.73,29.75,Clear
13/01/2023,02:00 AM,77.00,94.00,1.55,29.75,Clear
13/01/2023,02:30 AM,77.00,94.00,1.45,29.74,Clear
13/01/2023,03:00 AM,77.00,94.00,1.45,29.74,Clear
13/01/2023,03:30 AM,76.82,94.55,1.64,29.74,Clear
13/01/2023,04:00 AM,76.64,95.09,1.45,29.74,Clear
13/01/2023,04:30 AM,76.45,95.64,1.64,29.74,Clear
13/01/2023,05:00 AM,76.45,95.64,1.45,29.74,Clear
13/01/2023,05:30 AM,76.45,96.18,1.36,29.75,Clear
13/01/2023,06:00 AM,76.64,96.18,1.09,29.75,Clear
13/01/2023,06:30 AM,77.00,96.18,1.00,29.76,Clear
13/01/2023,07:00 AM,77.45,95.73,1.00,29.77,Clear
13/01/2023,07:30 AM,78.09,94.82,1.18,29.78,Clear
13/01/2023,08:00 AM,78.91,93.91,1.18,29.78,Clear
13/01/2023,08:30 AM,79.73,93.00,1.27,29.79,Clear
13/01/2023,09:00 AM,80.91,90.73,1.36,29.79,Clear
13/01/2023,09:30 AM,82.27,88.45,1.55,29.79,Clear
13/01/2023,10:00 AM,83.64,85.73,1.91,29.79,Clear
13/01/2023,10:30 AM,84.91,83.18,2.18,29.79,Clear
13/01/2023,11:00 AM,86.09,80.09,2.64,29.79,Clear
13/01/2023,11:30 AM,86.91,77.91,3.55,29.78,Clear
13/01/2023,12:00 PM,87.55,75.36,4.18,29.77,Clear
13/01/2023,12:30 PM,88.09,73.27,5.09,29.76,Clear
13/01/2023,01:00 PM,88.27,71.64,5.82,29.75,Clear
13/01/2023,01:30 PM,88.45,70.00,6.55,29.73,Clear
13/01/2023,02:00 PM,88.45,68.36,7.36,29.72,Clear
13/01/2023,02:30 PM,88.09,67.91,7.64,29.71,Clear
13/01/2023,03:00 PM,87.36,67.82,8.00,29.71,Clear
13/01/2023,03:30 PM,86.64,68.18,7.91,29.70,Clear
13/01/2023,04:00 PM,85.73,69.36,7.91,29.70,Clear
13/01/2023,04:30 PM,84.91,70.55,7.55,29.70,Clear
13/01/2023,05:00 PM,84.27,71.36,6.91,29.70,Clear
13/01/2023,05:30 PM,83.64,72.55,6.36,29.70,Clear
13/01/2023,06:00 PM,82.82,74.64,5.91,29.71,Clear
13/01/2023,06:30 PM,82.18,76.18,5.18,29.72,Clear
13/01/2023,07:00 PM,81.18,78.27,4.27,29.73,Clear
13/01/2023,07:30 PM,80.18,80.82,3.18,29.74,Clear
13/01/2023,08:00 PM,79.36,83.00,2.64,29.75,Clear
13/01/2023,08:30 PM,78.73,84.82,2.36,29.76,Clear
13/01/2023,09:00 PM,78.09,86.64,2.18,29.77,Clear
13/01/2023,09:30 PM,77.55,88.00,2.09,29.77,Clear
13/01/2023,10:00 PM,77.00,89.36,2.09,29.77,Clear
13/01/2023,10:30 PM,76.27,91.27,2.00,29.78,Clear
13/01/2023,11:00 PM,75.55,93.18,1.73,29.78,Clear
13/01/2023,11:30 PM,75.00,94.18,1.27,29.77,Clear
14/01/2023,12:00 AM,74.45,95.73,1.09,29.77,Clear
14/01/2023,12:30 AM,74.09,96.18,1.09,29.76,Clear
14/01/2023,01:00 AM,73.91,96.18,1.09,29.75,Clear
14/01/2023,01:30 AM,73.73,96.18,1.27,29.74,Clear
14/01/2023,02:00 AM,73.55,96.18,1.18,29.74,Clear
14/01/2023,02:30 AM,73.36,96.18,0.91,29.73,Clear
14/01/2023,03:00 AM,73.18,96.18,0.91,29.73,Clear
14/01/2023,03:30 AM,72.91,96.73,0.73,29.72,Clear
14/01/2023,04:00 AM,72.82,96.73,0.55,29.72,Clear
14/01/2023,04:30 AM,72.73,96.73,0.73,29.72,Clear
14/01/2023,05:00 AM,72.73,96.73,0.91,29.72,Clear
14/01/2023,05:30 AM,73.09,96.18,1.09,29.72,Clear
14/01/2023,06:00 AM,73.64,96.18,1.09,29.73,Clear
14/01/2023,06:30 AM,74.36,96.18,1.09,29.74,Clear
14/01/2023,07:00 AM,75.36,95.73,1.09,29.75,Clear
14/01/2023,07:30 AM,76.36,94.82,1.18,29.76,Clear
14/01/2023,08:00 AM,77.55,93.45,1.45,29.76,Clear
14/01/2023,08:30 AM,78.91,91.73,1.55,29.77,Clear
14/01/2023,09:00 AM,80.55,89.00,1.82,29.77,Clear
14/01/2023,09:30 AM,82.18,85.91,2.27,29.77,Clear
14/01/2023,10:00 AM,83.91,82.55,2.64,29.77,Clear
14/01/2023,10:30 AM,85.55,79.18,3.00,29.77,Clear
14/01/2023,11:00 AM,86.82,75.64,3.09,29.77,Clear
14/01/2023,11:30 AM,87.91,72.09,3.36,29.75,Clear
14/01/2023,12:00 PM,89.00,68.27,3.91,29.74,Clear
14/01/2023,12:30 PM,89.64,65.18,4.27,29.73,Clear
14/01/2023,01:00 PM,90.45,62.00,4.64,29.72,Clear
14/01/2023,01:30 PM,90.91,59.55,5.09,29.70,Clear
14/01/2023,02:00 PM,91.09,58.09,5.64,29.68,Clear
14/01/2023,02:30 PM,90.91,57.36,6.09,29.67,Clear
14/01/2023,03:00 PM,90.55,57.36,6.27,29.66,Clear
14/01/2023,03:30 PM,89.91,58.00,6.27,29.66,Clear
14/01/2023,04:00 PM,89.27,58.64,6.00,29.65,Clear
14/01/2023,04:30 PM,88.36,60.82,6.00,29.65,Clear
14/01/2023,05:00 PM,87.27,63.36,5.91,29.65,Clear
14/01/2023,05:30 PM,85.82,66.73,5.36,29.65,Clear
14/01/2023,06:00 PM,84.55,70.27,4.82,29.66,Clear
14/01/2023,06:30 PM,83.09,73.91,4.45,29.67,Clear
14/01/2023,07:00 PM,81.82,77.73,3.91,29.68,Clear
14/01/2023,07:30 PM,80.64,80.91,3.18,29.70,Clear
14/01/2023,08:00 PM,79.64,83.82,2.45,29.71,Clear
14/01/2023,08:30 PM,78.64,86.36,2.00,29.71,Clear
14/01/2023,09:00 PM,77.82,88.55,1.64,29.72,Clear
14/01/2023,09:30 PM,77.00,90.73,1.64,29.72,Clear
14/01/2023,10:00 PM,76.45,92.09,1.36,29.73,Clear
14/01/2023,10:30 PM,76.09,93.64,1.36,29.73,Clear
14/01/2023,11:00 PM,75.91,94.64,1.55,29.74,Clear
14/01/2023,11:30 PM,75.73,95.18,1.55,29.73,Clear
15/01/2023,12:00 AM,75.55,96.18,1.27,29.73,Clear
15/01/2023,12:30 AM,75.36,96.73,1.36,29.72,Clear
15/01/2023,01:00 AM,75.18,97.27,1.73,29.71,Clear
15/01/2023,01:30 AM,75.00,97.82,1.73,29.71,Clear
15/01/2023,02:00 AM,75.00,98.36,1.55,29.70,Clear
15/01/2023,02:30 AM,75.00,98.36,1.36,29.69,Clear
15/01/2023,03:00 AM,75.00,98.36,1.27,29.69,Clear
15/01/2023,03:30 AM,75.00,98.36,1.45,29.69,Clear
15/01/2023,04:00 AM,74.82,98.36,1.27,29.69,Clear
15/01/2023,04:30 AM,74.64,98.36,1.27,29.68,Clear
15/01/2023,05:00 AM,74.82,97.82,1.45,29.68,Clear
15/01/2023,05:30 AM,75.00,97.27,1.64,29.69,Clear
15/01/2023,06:00 AM,75.36,96.73,1.55,29.69,Clear
15/01/2023,06:30 AM,75.91,96.18,1.36,29.70,Clear
15/01/2023,07:00 AM,76.55,95.18,1.55,29.71,Clear
15/01/2023,07:30 AM,77.36,93.73,1.73,29.72,Clear
15/01/2023,08:00 AM,78.55,92.36,2.00,29.72,Clear
15/01/2023,08:30 AM,79.91,90.64,2.00,29.73,Clear
15/01/2023,09:00 AM,81.36,88.55,2.09,29.73,Clear
15/01/2023,09:30 AM,83.00,85.91,2.55,29.73,Clear
15/01/2023,10:00 AM,84.82,82.55,2.64,29.73,Clear
15/01/2023,10:30 AM,86.00,80.00,2.73,29.73,Clear
15/01/2023,11:00 AM,87.27,77.18,2.82,29.72,Clear
15/01/2023,11:30 AM,88.73,73.73,3.09,29.72,Clear
15/01/2023,12:00 PM,90.00,70.00,3.09,29.71,Clear
15/01/2023,12:30 PM,90.82,67.64,3.82,29.69,Clear
15/01/2023,01:00 PM,91.36,66.00,4.36,29.68,Clear
15/01/2023,01:30 PM,91.55,64.82,4.91,29.67,Clear
15/01/2023,02:00 PM,91.36,64.36,5.55,29.66,Clear
15/01/2023,02:30 PM,90.91,64.64,6.00,29.65,Clear
15/01/2023,03:00 PM,90.45,64.91,6.18,29.64,Clear
15/01/2023,03:30 PM,89.64,65.91,6.36,29.64,Clear
15/01/2023,04:00 PM,89.09,66.64,6.55,29.64,Clear
15/01/2023,04:30 PM,88.27,68.55,6.82,29.64,Clear
15/01/2023,05:00 PM,87.09,70.64,6.82,29.64,Clear
15/01/2023,05:30 PM,85.82,73.91,7.00,29.65,Clear
15/01/2023,06:00 PM,85.30,75.00,6.70,29.65,Clear
15/01/2023,06:30 PM,84.20,77.30,5.90,29.66,Clear
15/01/2023,07:00 PM,83.10,79.60,5.20,29.68,Clear
15/01/2023,07:30 PM,82.00,82.00,4.30,29.69,Clear
15/01/2023,08:00 PM,81.10,84.00,3.70,29.70,Clear
15/01/2023,08:30 PM,80.20,86.00,3.20,29.71,Clear
15/01/2023,09:00 PM,79.70,88.00,3.00,29.72,Clear
15/01/2023,09:30 PM,79.00,90.00,2.80,29.73,Clear
15/01/2023,10:00 PM,78.50,91.00,2.40,29.73,Clear
15/01/2023,10:30 PM,78.00,92.50,2.20,29.74,Clear
15/01/2023,11:00 PM,77.60,93.00,2.20,29.74,Clear
15/01/2023,11:30 PM,77.55,93.09,2.18,29.74,Clear
16/01/2023,12:00 AM,77.36,93.55,2.36,29.73,Clear
16/01/2023,12:30 AM,77.18,94.00,2.45,29.73,Clear
16/01/2023,01:00 AM,77.00,94.55,2.55,29.72,Clear
16/01/2023,01:30 AM,76.82,95.09,2.36,29.72,Clear
16/01/2023,02:00 AM,76.82,95.09,2.18,29.71,Clear
16/01/2023,02:30 AM,76.45,95.64,2.18,29.71,Clear
16/01/2023,03:00 AM,76.27,96.18,1.91,29.71,Clear
16/01/2023,03:30 AM,76.09,96.73,2.00,29.71,Clear
16/01/2023,04:00 AM,75.91,97.27,1.73,29.71,Clear
16/01/2023,04:30 AM,75.73,97.82,1.82,29.71,Clear
16/01/2023,05:00 AM,75.73,98.36,1.91,29.71,Clear
16/01/2023,05:30 AM,75.73,98.91,1.73,29.72,Clear
16/01/2023,06:00 AM,75.91,98.91,1.45,29.72,Clear
16/01/2023,06:30 AM,76.45,97.91,1.55,29.73,Clear
16/01/2023,07:00 AM,77.09,96.45,2.18,29.74,Rain
16/01/2023,07:30 AM,77.55,95.55,2.82,29.75,Clear
16/01/2023,08:00 AM,78.36,93.64,3.27,29.76,Clear
16/01/2023,08:30 AM,79.36,91.73,3.82,29.77,Clear
16/01/2023,09:00 AM,80.55,89.00,4.27,29.78,Clear
16/01/2023,09:30 AM,81.73,86.27,5.36,29.78,Clear
16/01/2023,10:00 AM,82.91,83.18,5.73,29.79,Clear
16/01/2023,10:30 AM,83.91,80.09,6.55,29.79,Clear
16/01/2023,11:00 AM,84.91,77.00,7.64,29.78,Clear
16/01/2023,11:30 AM,85.73,74.45,8.73,29.78,Clear
16/01/2023,12:00 PM,86.18,72.36,9.91,29.77,Clear
16/01/2023,12:30 PM,86.73,70.36,10.45,29.76,Clear
16/01/2023,01:00 PM,87.09,68.73,10.73,29.75,Clear
16/01/2023,01:30 PM,87.45,67.18,10.82,29.74,Clear
16/01/2023,02:00 PM,87.64,65.64,11.45,29.73,Clear
16/01/2023,02:30 PM,87.45,64.91,11.82,29.72,Clear
16/01/2023,03:00 PM,87.27,64.18,11.55,29.71,Clear
16/01/2023,03:30 PM,86.91,64.18,11.36,29.71,Clear
16/01/2023,04:00 PM,86.36,64.55,10.91,29.71,Clear
16/01/2023,04:30 PM,85.73,65.27,10.27,29.71,Clear
16/01/2023,05:00 PM,85.09,66.00,9.64,29.71,Clear
16/01/2023,05:30 PM,84.45,67.09,8.55,29.71,Clear
16/01/2023,06:00 PM,83.27,69.55,7.36,29.72,Clear
16/01/2023,06:30 PM,82.09,71.55,6.91,29.72,Clear
16/01/2023,07:00 PM,80.73,74.45,6.55,29.73,Clear
16/01/2023,07:30 PM,79.36,76.82,5.82,29.74,Clear
16/01/2023,08:00 PM,78.09,79.73,5.00,29.75,Clear
16/01/2023,08:30 PM,76.82,82.64,4.36,29.76,Clear
16/01/2023,09:00 PM,75.73,85.18,3.64,29.77,Clear
16/01/2023,09:30 PM,74.64,87.91,3.00,29.77,Clear
16/01/2023,10:00 PM,73.64,90.27,2.55,29.78,Clear
16/01/2023,10:30 PM,72.64,92.09,2.27,29.78,Clear
16/01/2023,11:00 PM,71.82,93.55,2.18,29.78,Clear
16/01/2023,11:30 PM,71.36,94.00,2.36,29.78,Clear
17/01/2023,12:00 AM,71.09,94.55,2.00,29.78,Clear
17/01/2023,12:30 AM,70.64,95.09,1.55,29.77,Clear
17/01/2023,01:00 AM,70.18,96.18,1.09,29.77,Clear
17/01/2023,01:30 AM,69.82,96.18,1.00,29.76,Clear
17/01/2023,02:00 AM,69.27,96.73,1.00,29.76,Clear
17/01/2023,02:30 AM,68.73,97.27,1.09,29.75,Clear
17/01/2023,03:00 AM,68.36,97.27,1.27,29.75,Clear
17/01/2023,03:30 AM,68.00,97.27,1.45,29.75,Clear
17/01/2023,04:00 AM,67.64,97.82,1.45,29.75,Clear
17/01/2023,04:30 AM,67.27,98.36,1.45,29.75,Clear
17/01/2023,05:00 AM,67.09,98.36,1.45,29.76,Clear
17/01/2023,05:30 AM,67.09,98.91,1.55,29.76,Clear
17/01/2023,06:00 AM,67.55,98.36,1.55,29.77,Clear
17/01/2023,06:30 AM,68.36,97.82,1.73,29.78,Clear
17/01/2023,07:00 AM,69.55,97.36,1.73,29.79,Clear
17/01/2023,07:30 AM,71.18,95.45,1.73,29.79,Clear
17/01/2023,08:00 AM,72.82,93.55,1.91,29.80,Clear
17/01/2023,08:30 AM,74.45,91.18,2.27,29.80,Clear
17/01/2023,09:00 AM,76.09,88.82,2.64,29.81,Clear
17/01/2023,09:30 AM,77.91,86.09,3.18,29.81,Clear
17/01/2023,10:00 AM,79.91,83.00,3.82,29.81,Clear
17/01/2023,10:30 AM,81.73,79.73,4.55,29.80,Clear
17/01/2023,11:00 AM,83.55,75.64,5.45,29.80,Clear
17/01/2023,11:30 AM,85.09,71.82,6.55,29.79,Clear
17/01/2023,12:00 PM,86.27,68.00,7.55,29.79,Clear
17/01/2023,12:30 PM,87.09,64.64,8.45,29.77,Clear
17/01/2023,01:00 PM,87.45,62.73,9.36,29.76,Clear
17/01/2023,01:30 PM,87.82,60.82,10.27,29.75,Clear
17/01/2023,02:00 PM,88.00,59.73,11.00,29.74,Clear
17/01/2023,02:30 PM,88.18,58.64,11.73,29.74,Clear
17/01/2023,03:00 PM,88.00,58.27,12.18,29.73,Clear
17/01/2023,03:30 PM,87.45,59.00,12.55,29.72,Clear
17/01/2023,04:00 PM,86.91,60.09,12.55,29.72,Clear
17/01/2023,04:30 PM,86.09,61.82,12.27,29.72,Clear
17/01/2023,05:00 PM,85.27,63.82,11.91,29.73,Clear
17/01/2023,05:30 PM,84.27,66.18,11.27,29.73,Clear
17/01/2023,06:00 PM,83.27,68.55,10.73,29.74,Clear
17/01/2023,06:30 PM,82.27,70.36,9.91,29.75,Clear
17/01/2023,07:00 PM,80.91,73.09,8.73,29.76,Clear
17/01/2023,07:30 PM,79.73,75.45,7.64,29.77,Clear
17/01/2023,08:00 PM,78.55,77.82,6.55,29.78,Clear
17/01/2023,08:30 PM,77.45,80.36,5.55,29.79,Clear
17/01/2023,09:00 PM,76.55,82.18,4.55,29.79,Clear
17/01/2023,09:30 PM,75.64,84.36,4.09,29.80,Clear
17/01/2023,10:00 PM,74.82,86.18,3.73,29.80,Clear
17/01/2023,10:30 PM,74.00,88.00,3.00,29.81,Clear
17/01/2023,11:00 PM,73.36,89.45,2.64,29.81,Clear
17/01/2023,11:30 PM,72.73,90.91,2.27,29.81,Clear
18/01/2023,12:00 AM,72.27,92.36,2.27,29.80,Clear
18/01/2023,12:30 AM,72.18,92.91,2.27,29.80,Clear
18/01/2023,01:00 AM,72.09,93.45,2.09,29.80,Clear
18/01/2023,01:30 AM,72.00,94.00,2.00,29.79,Clear
18/01/2023,02:00 AM,71.82,94.55,2.09,29.79,Clear
18/01/2023,02:30 AM,71.64,95.09,2.09,29.78,Clear
18/01/2023,03:00 AM,71.64,95.09,1.82,29.78,Clear
18/01/2023,03:30 AM,71.64,95.09,1.64,29.78,Clear
18/01/2023,04:00 AM,71.64,95.09,1.91,29.77,Clear
18/01/2023,04:30 AM,71.64,95.64,1.91,29.77,Clear
18/01/2023,05:00 AM,71.73,96.18,1.91,29.77,Clear
18/01/2023,05:30 AM,72.18,96.18,1.64,29.78,Clear
18/01/2023,06:00 AM,72.82,95.73,1.91,29.78,Clear
18/01/2023,06:30 AM,73.73,94.82,2.64,29.79,Clear
18/01/2023,07:00 AM,74.82,93.45,3.45,29.79,Clear
18/01/2023,07:30 AM,76.09,91.55,4.09,29.80,Clear
18/01/2023,08:00 AM,77.55,89.18,5.09,29.81,Clear
18/01/2023,08:30 AM,78.64,87.36,6.09,29.82,Clear
18/01/2023,09:00 AM,79.73,85.55,7.09,29.82,Clear
18/01/2023,09:30 AM,80.82,83.36,7.64,29.82,Clear
18/01/2023,10:00 AM,81.91,80.64,8.55,29.82,Clear
18/01/2023,10:30 AM,82.27,79.64,9.55,29.83,Clear
18/01/2023,11:00 AM,82.64,79.18,10.36,29.82,Rain
18/01/2023,11:30 AM,82.91,78.27,10.55,29.82,Rain
18/01/2023,12:00 PM,83.27,77.36,10.55,29.81,Rain
18/01/2023,12:30 PM,83.27,76.91,10.82,29.80,Rain
18/01/2023,01:00 PM,83.27,76.09,11.36,29.79,Rain
18/01/2023,01:30 PM,83.09,75.73,11.27,29.78,Clear
18/01/2023,02:00 PM,83.09,75.36,11.36,29.77,Rain
18/01/2023,02:30 PM,82.91,75.36,11.36,29.76,Clear
18/01/2023,03:00 PM,82.91,75.36,11.64,29.75,Clear
18/01/2023,03:30 PM,82.73,75.73,11.73,29.75,Clear
18/01/2023,04:00 PM,83.09,74.82,11.27,29.74,Clear
18/01/2023,04:30 PM,83.09,73.91,11.09,29.74,Clear
18/01/2023,05:00 PM,83.00,73.91,11.09,29.74,Clear
18/01/2023,05:30 PM,82.55,74.36,10.91,29.75,Clear
18/01/2023,06:00 PM,82.27,74.82,10.27,29.75,Clear
18/01/2023,06:30 PM,82.00,75.64,9.27,29.76,Clear
18/01/2023,07:00 PM,81.73,76.45,8.82,29.77,Clear
18/01/2023,07:30 PM,81.09,78.18,8.36,29.78,Clear
18/01/2023,08:00 PM,80.64,79.55,7.36,29.79,Clear
18/01/2023,08:30 PM,79.82,81.73,6.45,29.79,Clear
18/01/2023,09:00 PM,79.18,83.55,5.36,29.80,Clear
18/01/2023,09:30 PM,78.64,84.91,4.82,29.80,Rain
18/01/2023,10:00 PM,78.09,86.27,4.64,29.81,Rain
18/01/2023,10:30 PM,77.55,87.64,4.64,29.81,Rain
18/01/2023,11:00 PM,77.00,89.00,4.36,29.81,Clear
18/01/2023,11:30 PM,76.45,90.36,4.36,29.81,Rain
19/01/2023,12:00 AM,75.73,91.73,4.09,29.81,Clear
19/01/2023,12:30 AM,75.00,93.09,3.64,29.80,Clear
19/01/2023,01:00 AM,74.64,93.55,3.00,29.80,Rain
19/01/2023,01:30 AM,74.27,94.00,3.00,29.79,Clear
19/01/2023,02:00 AM,74.00,94.55,3.00,29.79,Rain
19/01/2023,02:30 AM,73.73,94.55,3.18,29.78,Clear
19/01/2023,03:00 AM,73.45,95.09,3.00,29.78,Clear
19/01/2023,03:30 AM,73.18,95.09,2.55,29.77,Clear
19/01/2023,04:00 AM,72.73,95.64,2.09,29.77,Clear
19/01/2023,04:30 AM,72.27,96.18,1.82,29.77,Clear
19/01/2023,05:00 AM,72.00,96.73,1.27,29.77,Clear
19/01/2023,05:30 AM,72.18,97.27,1.36,29.77,Clear
19/01/2023,06:00 AM,72.73,97.27,1.36,29.77,Clear
19/01/2023,06:30 AM,73.45,96.82,1.64,29.77,Clear
19/01/2023,07:00 AM,74.27,95.91,1.55,29.78,Clear
19/01/2023,07:30 AM,75.18,94.45,2.00,29.78,Clear
19/01/2023,08:00 AM,76.27,92.64,2.82,29.79,Clear
19/01/2023,08:30 AM,77.36,90.27,4.00,29.79,Clear
19/01/2023,09:00 AM,78.64,88.09,5.18,29.80,Clear
19/01/2023,09:30 AM,80.09,85.00,6.55,29.80,Clear
19/01/2023,10:00 AM,81.55,81.91,7.91,29.80,Clear
19/01/2023,10:30 AM,82.82,78.82,9.36,29.80,Clear
19/01/2023,11:00 AM,84.00,75.36,10.45,29.80,Clear
19/01/2023,11:30 AM,84.82,72.45,11.55,29.79,Clear
19/01/2023,12:00 PM,85.45,70.00,12.45,29.78,Clear
19/01/2023,12:30 PM,85.82,68.36,13.55,29.78,Clear
19/01/2023,01:00 PM,86.18,66.73,14.27,29.77,Clear
19/01/2023,01:30 PM,86.36,66.00,14.27,29.76,Clear
19/01/2023,02:00 PM,86.36,65.64,13.91,29.75,Clear
19/01/2023,02:30 PM,86.18,65.64,13.64,29.74,Clear
19/01/2023,03:00 PM,85.82,66.36,13.00,29.74,Clear
19/01/2023,03:30 PM,85.45,67.09,12.55,29.73,Clear
19/01/2023,04:00 PM,85.00,68.27,11.73,29.73,Clear
19/01/2023,04:30 PM,84.36,69.82,10.91,29.73,Clear
19/01/2023,05:00 PM,83.73,71.36,10.27,29.73,Clear
19/01/2023,05:30 PM,83.09,73.36,9.18,29.74,Clear
19/01/2023,06:00 PM,82.45,74.91,8.36,29.74,Clear
19/01/2023,06:30 PM,81.82,76.45,7.64,29.75,Clear
19/01/2023,07:00 PM,81.18,78.00,7.09,29.75,Clear
19/01/2023,07:30 PM,80.73,79.18,6.73,29.76,Clear
19/01/2023,08:00 PM,80.27,80.36,6.27,29.77,Clear
19/01/2023,08:30 PM,80.00,81.18,5.55,29.77,Clear
19/01/2023,09:00 PM,79.55,82.55,5.09,29.78,Clear
19/01/2023,09:30 PM,79.00,83.45,4.73,29.78,Clear
19/01/2023,10:00 PM,78.45,84.36,4.45,29.78,Clear
19/01/2023,10:30 PM,77.91,85.73,4.09,29.78,Clear
19/01/2023,11:00 PM,77.36,86.64,4.36,29.78,Clear
19/01/2023,11:30 PM,77.00,87.64,4.45,29.78,Clear
20/01/2023,12:00 AM,76.64,88.64,4.36,29.78,Clear
20/01/2023,12:30 AM,76.27,89.64,4.45,29.77,Clear
20/01/2023,01:00 AM,75.91,90.64,4.64,29.77,Clear
20/01/2023,01:30 AM,75.55,91.64,4.45,29.76,Rain
20/01/2023,02:00 AM,75.18,92.64,4.64,29.75,Rain
20/01/2023,02:30 AM,75.00,93.09,4.18,29.74,Rain
20/01/2023,03:00 AM,75.00,93.55,4.09,29.74,Rain
20/01/2023,03:30 AM,75.00,94.00,4.27,29.73,Rain
20/01/2023,04:00 AM,75.00,94.00,4.27,29.73,Rain
20/01/2023,04:30 AM,75.00,94.00,3.73,29.73,Rain
20/01/2023,05:00 AM,75.00,94.55,3.64,29.73,Rain
20/01/2023,05:30 AM,75.00,94.55,3.36,29.74,Rain
20/01/2023,06:00 AM,75.00,94.55,2.91,29.74,Rain
20/01/2023,06:30 AM,75.00,95.09,2.27,29.75,Rain
20/01/2023,07:00 AM,75.18,95.09,2.00,29.76,Rain
20/01/2023,07:30 AM,75.36,95.09,1.82,29.77,Rain
20/01/2023,08:00 AM,75.55,95.09,1.82,29.78,Rain
20/01/2023,08:30 AM,75.73,95.09,1.91,29.79,Rain
20/01/2023,09:00 AM,75.91,95.09,1.91,29.79,Clear
20/01/2023,09:30 AM,76.09,95.09,1.64,29.80,Clear
20/01/2023,10:00 AM,76.27,95.09,1.64,29.80,Clear
20/01/2023,10:30 AM,76.40,94.60,1.30,29.80,Rain
20/01/2023,11:00 AM,77.00,94.10,1.60,29.80,Rain
20/01/2023,11:30 AM,77.60,93.60,2.20,29.79,Rain
20/01/2023,12:00 PM,78.30,92.00,3.20,29.78,Clear
20/01/2023,12:30 PM,78.50,91.50,4.40,29.77,Clear
20/01/2023,01:00 PM,78.50,91.50,5.10,29.76,Clear
20/01/2023,01:30 PM,78.50,91.50,5.70,29.75,Clear
20/01/2023,02:00 PM,78.50,91.50,6.00,29.74,Clear
20/01/2023,02:30 PM,78.50,91.50,6.10,29.73,Rain
20/01/2023,03:00 PM,78.50,91.50,6.60,29.72,Rain
20/01/2023,03:30 PM,78.50,91.50,6.90,29.71,Rain
20/01/2023,04:00 PM,78.36,91.73,6.73,29.71,Clear
20/01/2023,04:30 PM,78.00,92.18,6.36,29.71,Rain
20/01/2023,05:00 PM,77.64,92.64,6.18,29.71,Rain
20/01/2023,05:30 PM,77.18,93.55,5.55,29.71,Clear
20/01/2023,06:00 PM,77.00,94.00,4.73,29.72,Clear
20/01/2023,06:30 PM,77.00,94.00,4.36,29.72,Clear
20/01/2023,07:00 PM,77.00,94.00,4.27,29.73,Clear
20/01/2023,07:30 PM,77.00,94.00,4.00,29.74,Clear
20/01/2023,08:00 PM,76.82,94.55,4.27,29.75,Clear
20/01/2023,08:30 PM,76.64,95.09,4.36,29.76,Clear
20/01/2023,09:00 PM,76.45,95.09,4.73,29.77,Clear
20/01/2023,09:30 PM,76.27,95.09,4.82,29.77,Clear
20/01/2023,10:00 PM,76.09,95.09,5.09,29.78,Rain
20/01/2023,10:30 PM,75.91,95.09,4.73,29.78,Rain
20/01/2023,11:00 PM,75.73,95.64,4.73,29.78,Rain
20/01/2023,11:30 PM,75.55,95.64,4.64,29.78,Clear
21/01/2023,12:00 AM,75.36,95.64,4.55,29.77,Clear
21/01/2023,12:30 AM,75.00,96.18,4.09,29.77,Clear
21/01/2023,01:00 AM,74.64,96.73,3.82,29.76,Clear
21/01/2023,01:30 AM,74.64,96.18,3.45,29.75,Clear
21/01/2023,02:00 AM,74.64,95.64,3.36,29.74,Clear
21/01/2023,02:30 AM,74.64,96.18,3.00,29.73,Clear
21/01/2023,03:00 AM,74.64,96.73,2.45,29.72,Clear
21/01/2023,03:30 AM,74.64,97.27,2.45,29.72,Clear
21/01/2023,04:00 AM,74.64,97.82,2.55,29.71,Clear
21/01/2023,04:30 AM,74.64,97.82,2.55,29.71,Clear
21/01/2023,05:00 AM,74.64,98.36,2.36,29.71,Rain
21/01/2023,05:30 AM,74.64,98.91,2.18,29.71,Rain
21/01/2023,06:00 AM,75.00,98.36,2.18,29.72,Rain
21/01/2023,06:30 AM,75.55,97.82,2.18,29.72,Rain
21/01/2023,07:00 AM,76.09,97.82,1.73,29.73,Clear
21/01/2023,07:30 AM,76.64,97.36,1.55,29.74,Rain
21/01/2023,08:00 AM,77.27,96.36,1.91,29.74,Clear
21/01/2023,08:30 AM,77.91,95.36,3.00,29.75,Clear
21/01/2023,09:00 AM,78.55,93.91,3.18,29.75,Clear
21/01/2023,09:30 AM,79.09,92.91,4.00,29.76,Clear
21/01/2023,10:00 AM,79.45,92.36,4.18,29.76,Clear
21/01/2023,10:30 AM,80.00,91.82,4.82,29.76,Clear
21/01/2023,11:00 AM,80.64,90.82,5.45,29.75,Clear
21/01/2023,11:30 AM,81.09,90.36,6.27,29.75,Clear
21/01/2023,12:00 PM,81.36,89.45,7.18,29.74,Rain
21/01/2023,12:30 PM,81.45,88.55,8.09,29.73,Rain
21/01/2023,01:00 PM,81.55,88.09,8.55,29.72,Clear
21/01/2023,01:30 PM,81.55,87.64,8.55,29.71,Clear
21/01/2023,02:00 PM,81.55,87.18,8.36,29.70,Clear
21/01/2023,02:30 PM,81.55,86.73,8.64,29.69,Clear
21/01/2023,03:00 PM,81.64,85.82,8.27,29.69,Clear
21/01/2023,03:30 PM,81.82,84.91,8.45,29.68,Clear
21/01/2023,04:00 PM,81.82,84.00,8.45,29.68,Rain
21/01/2023,04:30 PM,81.73,83.55,8.45,29.68,Clear
21/01/2023,05:00 PM,81.64,83.09,8.27,29.68,Clear
21/01/2023,05:30 PM,81.55,83.09,7.91,29.69,Clear
21/01/2023,06:00 PM,81.45,83.09,7.27,29.69,Clear
21/01/2023,06:30 PM,81.36,83.09,7.00,29.70,Clear
21/01/2023,07:00 PM,81.09,83.55,6.64,29.71,Clear
21/01/2023,07:30 PM,80.82,84.00,6.27,29.72,Clear
21/01/2023,08:00 PM,80.55,84.91,5.91,29.72,Clear
21/01/2023,08:30 PM,80.27,85.82,5.64,29.73,Clear
21/01/2023,09:00 PM,79.91,86.73,5.27,29.74,Clear
21/01/2023,09:30 PM,79.55,87.64,4.91,29.74,Clear
21/01/2023,10:00 PM,79.18,88.55,5.00,29.75,Clear
21/01/2023,10:30 PM,78.82,89.45,4.55,29.75,Rain
21/01/2023,11:00 PM,78.27,90.36,4.64,29.75,Clear
21/01/2023,11:30 PM,77.73,91.27,4.91,29.75,Clear
22/01/2023,12:00 AM,77.18,92.73,4.73,29.75,Clear
22/01/2023,12:30 AM,76.82,93.18,4.64,29.74,Rain
22/01/2023,01:00 AM,76.45,93.64,4.27,29.74,Clear
22/01/2023,01:30 AM,76.09,94.64,4.00,29.73,Rain
22/01/2023,02:00 AM,75.73,95.09,3.73,29.72,Rain
22/01/2023,02:30 AM,75.55,95.64,3.45,29.71,Rain
22/01/2023,03:00 AM,75.36,95.64,3.45,29.71,Clear
22/01/2023,03:30 AM,75.18,96.18,3.36,29.70,Clear
22/01/2023,04:00 AM,75.00,96.73,3.36,29.69,Rain
22/01/2023,04:30 AM,75.00,97.27,2.73,29.69,Rain
22/01/2023,05:00 AM,75.00,97.82,2.18,29.69,Clear
22/01/2023,05:30 AM,75.18,97.82,1.91,29.69,Rain
22/01/2023,06:00 AM,75.36,98.36,1.91,29.69,Rain
22/01/2023,06:30 AM,75.91,98.36,1.73,29.70,Rain
22/01/2023,07:00 AM,76.45,97.82,1.91,29.70,Clear
22/01/2023,07:30 AM,77.09,96.91,2.55,29.71,Clear
22/01/2023,08:00 AM,77.73,95.91,3.09,29.72,Rain
22/01/2023,08:30 AM,78.36,95.45,3.64,29.73,Clear
22/01/2023,09:00 AM,79.18,94.00,4.27,29.73,Clear
22/01/2023,09:30 AM,80.18,92.09,5.45,29.74,Clear
22/01/2023,10:00 AM,81.00,90.64,7.00,29.74,Clear
22/01/2023,10:30 AM,82.00,88.27,8.45,29.74,Clear
22/01/2023,11:00 AM,82.82,85.91,9.91,29.73,Rain
22/01/2023,11:30 AM,83.82,83.18,11.00,29.72,Clear
22/01/2023,12:00 PM,84.09,81.36,12.45,29.72,Clear
22/01/2023,12:30 PM,84.55,79.18,13.55,29.71,Rain
22/01/2023,01:00 PM,85.09,77.55,14.36,29.70,Clear
22/01/2023,01:30 PM,85.45,75.82,15.45,29.69,Clear
22/01/2023,02:00 PM,85.82,74.09,16.18,29.68,Clear
22/01/2023,02:30 PM,85.82,72.82,16.09,29.67,Rain
22/01/2023,03:00 PM,85.64,72.36,15.91,29.66,Clear
22/01/2023,03:30 PM,85.45,71.91,15.45,29.66,Clear
22/01/2023,04:00 PM,85.00,72.82,14.64,29.66,Clear
22/01/2023,04:30 PM,84.36,73.64,14.27,29.66,Clear
22/01/2023,05:00 PM,83.55,74.82,13.55,29.66,Clear
22/01/2023,05:30 PM,83.09,75.64,12.64,29.66,Clear
22/01/2023,06:00 PM,82.45,77.36,11.64,29.67,Clear
22/01/2023,06:30 PM,81.45,79.45,10.55,29.68,Clear
22/01/2023,07:00 PM,80.64,81.18,9.45,29.69,Clear
22/01/2023,07:30 PM,79.82,83.36,8.45,29.70,Clear
22/01/2023,08:00 PM,79.18,85.55,7.82,29.71,Clear
22/01/2023,08:30 PM,78.55,87.36,7.18,29.71,Clear
22/01/2023,09:00 PM,78.09,88.73,6.36,29.72,Clear
22/01/2023,09:30 PM,77.55,90.18,6.18,29.72,Clear
22/01/2023,10:00 PM,77.18,91.73,5.55,29.72,Clear
22/01/2023,10:30 PM,76.82,93.27,5.45,29.72,Clear
22/01/2023,11:00 PM,76.45,94.82,5.45,29.72,Clear
22/01/2023,11:30 PM,76.27,95.27,5.18,29.72,Clear
23/01/2023,12:00 AM,76.27,95.73,4.82,29.71,Clear
23/01/2023,12:30 AM,76.27,96.18,4.73,29.71,Clear
23/01/2023,01:00 AM,76.27,96.18,4.45,29.70,Clear
23/01/2023,01:30 AM,76.09,96.18,4.09,29.69,Clear
23/01/2023,02:00 AM,75.91,96.18,3.55,29.69,Clear
23/01/2023,02:30 AM,75.73,96.73,3.27,29.68,Clear
23/01/2023,03:00 AM,75.73,96.73,2.82,29.68,Clear
23/01/2023,03:30 AM,75.73,96.73,2.36,29.68,Clear
23/01/2023,04:00 AM,75.73,96.18,1.91,29.68,Clear
23/01/2023,04:30 AM,75.73,95.64,1.64,29.68,Clear
23/01/2023,05:00 AM,75.55,96.18,1.55,29.68,Clear
23/01/2023,05:30 AM,75.73,96.18,1.64,29.68,Clear
23/01/2023,06:00 AM,75.91,96.18,1.45,29.69,Clear
23/01/2023,06:30 AM,76.27,95.73,2.09,29.69,Clear
23/01/2023,07:00 AM,76.91,94.82,2.73,29.70,Clear
23/01/2023,07:30 AM,77.55,93.91,3.82,29.71,Clear
23/01/2023,08:00 AM,78.55,92.00,5.00,29.71,Clear
23/01/2023,08:30 AM,79.55,90.09,6.18,29.72,Clear
23/01/2023,09:00 AM,80.55,87.73,7.55,29.72,Clear
23/01/2023,09:30 AM,81.55,85.55,8.64,29.72,Rain
23/01/2023,10:00 AM,82.09,84.64,9.55,29.72,Rain
23/01/2023,10:30 AM,82.73,83.18,10.00,29.72,Clear
23/01/2023,11:00 AM,83.36,81.82,10.91,29.71,Rain
23/01/2023,11:30 AM,84.18,79.64,11.91,29.70,Rain
23/01/2023,12:00 PM,84.82,77.55,12.36,29.69,Rain
23/01/2023,12:30 PM,85.36,75.91,13.18,29.68,Rain
23/01/2023,01:00 PM,85.91,74.27,13.91,29.67,Rain
23/01/2023,01:30 PM,85.91,73.09,14.27,29.66,Clear
23/01/2023,02:00 PM,85.91,71.91,14.55,29.66,Clear
23/01/2023,02:30 PM,85.73,71.91,14.45,29.65,Clear
23/01/2023,03:00 PM,85.55,71.91,14.73,29.65,Clear
23/01/2023,03:30 PM,85.64,71.00,14.73,29.64,Clear
23/01/2023,04:00 PM,85.64,70.09,14.91,29.64,Clear
23/01/2023,04:30 PM,85.18,70.09,14.27,29.64,Clear
23/01/2023,05:00 PM,84.55,71.36,13.64,29.65,Clear
23/01/2023,05:30 PM,83.91,73.00,12.73,29.65,Clear
23/01/2023,06:00 PM,83.09,75.09,11.36,29.66,Clear
23/01/2023,06:30 PM,82.45,76.73,9.73,29.67,Clear
23/01/2023,07:00 PM,82.00,78.36,8.45,29.68,Clear
23/01/2023,07:30 PM,81.18,80.91,7.27,29.69,Clear
23/01/2023,08:00 PM,80.73,82.27,6.27,29.69,Clear
23/01/2023,08:30 PM,80.27,84.00,5.45,29.70,Clear
23/01/2023,09:00 PM,80.00,85.36,4.45,29.71,Clear
23/01/2023,09:30 PM,79.55,87.18,3.91,29.72,Clear
23/01/2023,10:00 PM,79.18,88.55,3.64,29.72,Clear
23/01/2023,10:30 PM,78.82,89.45,3.00,29.72,Clear
23/01/2023,11:00 PM,78.45,90.36,2.55,29.72,Clear
23/01/2023,11:30 PM,78.27,90.82,2.45,29.72,Clear
24/01/2023,12:00 AM,77.91,91.73,2.45,29.72,Clear
24/01/2023,12:30 AM,77.55,92.64,2.18,29.71,Clear
24/01/2023,01:00 AM,77.55,92.64,1.91,29.71,Clear
24/01/2023,01:30 AM,77.36,93.09,1.64,29.70,Clear
24/01/2023,02:00 AM,77.18,93.55,1.27,29.70,Rain
24/01/2023,02:30 AM,76.82,94.55,1.55,29.69,Rain
24/01/2023,03:00 AM,76.64,94.55,1.55,29.69,Rain
24/01/2023,03:30 AM,76.45,94.55,1.55,29.69,Rain
24/01/2023,04:00 AM,76.27,94.55,1.73,29.69,Clear
24/01/2023,04:30 AM,76.09,94.55,2.00,29.69,Clear
24/01/2023,05:00 AM,75.91,95.09,2.09,29.69,Rain
24/01/2023,05:30 AM,75.73,95.64,2.45,29.69,Clear
24/01/2023,06:00 AM,75.73,95.64,2.91,29.70,Clear
24/01/2023,06:30 AM,75.73,96.18,3.36,29.71,Clear
24/01/2023,07:00 AM,75.91,96.18,3.64,29.72,Clear
24/01/2023,07:30 AM,76.27,95.73,3.91,29.72,Clear
24/01/2023,08:00 AM,76.91,94.73,4.27,29.73,Rain
24/01/2023,08:30 AM,77.73,94.27,5.27,29.74,Rain
24/01/2023,09:00 AM,78.73,92.45,6.45,29.74,Rain
24/01/2023,09:30 AM,79.73,90.64,7.82,29.74,Rain
24/01/2023,10:00 AM,80.91,88.45,9.18,29.74,Clear
24/01/2023,10:30 AM,82.09,85.36,10.82,29.74,Clear
24/01/2023,11:00 AM,83.27,82.27,11.64,29.74,Clear
24/01/2023,11:30 AM,84.09,80.09,12.73,29.74,Clear
24/01/2023,12:00 PM,85.09,77.00,13.73,29.73,Clear
24/01/2023,12:30 PM,85.91,74.45,14.91,29.72,Clear
24/01/2023,01:00 PM,86.36,72.73,15.73,29.71,Clear
24/01/2023,01:30 PM,86.36,71.36,16.18,29.70,Clear
24/01/2023,02:00 PM,86.18,70.45,16.09,29.69,Clear
24/01/2023,02:30 PM,86.00,70.09,16.00,29.69,Clear
24/01/2023,03:00 PM,85.64,70.09,16.00,29.68,Clear
24/01/2023,03:30 PM,85.09,70.45,15.09,29.68,Rain
24/01/2023,04:00 PM,84.45,71.64,13.91,29.67,Rain
24/01/2023,04:30 PM,83.82,72.82,13.09,29.67,Clear
24/01/2023,05:00 PM,83.18,74.00,12.36,29.67,Clear
24/01/2023,05:30 PM,82.55,75.18,11.73,29.68,Clear
24/01/2023,06:00 PM,81.91,76.36,11.09,29.68,Clear
24/01/2023,06:30 PM,81.45,77.18,10.73,29.69,Clear
24/01/2023,07:00 PM,81.36,77.64,10.36,29.70,Clear
24/01/2023,07:30 PM,81.27,77.64,10.09,29.70,Clear
24/01/2023,08:00 PM,80.82,78.82,9.55,29.71,Clear
24/01/2023,08:30 PM,80.55,79.64,8.64,29.71,Clear
24/01/2023,09:00 PM,80.27,80.45,8.55,29.72,Clear
24/01/2023,09:30 PM,79.91,80.82,8.09,29.72,Clear
24/01/2023,10:00 PM,79.36,81.73,7.82,29.73,Clear
24/01/2023,10:30 PM,79.00,82.27,7.45,29.73,Clear
24/01/2023,11:00 PM,78.45,83.18,6.91,29.72,Clear
24/01/2023,11:30 PM,77.91,84.09,6.27,29.72,Clear
25/01/2023,12:00 AM,77.36,85.00,5.82,29.72,Clear
25/01/2023,12:30 AM,76.82,85.91,5.36,29.71,Clear
25/01/2023,01:00 AM,76.27,86.82,4.91,29.71,Clear
25/01/2023,01:30 AM,75.91,87.36,4.27,29.70,Clear
25/01/2023,02:00 AM,75.36,88.36,3.82,29.69,Clear
25/01/2023,02:30 AM,74.82,89.36,3.18,29.69,Clear
25/01/2023,03:00 AM,74.45,90.36,3.18,29.68,Clear
25/01/2023,03:30 AM,74.27,90.82,2.91,29.68,Clear
25/01/2023,04:00 AM,74.09,91.27,2.45,29.68,Clear
25/01/2023,04:30 AM,73.91,91.73,2.45,29.68,Clear
25/01/2023,05:00 AM,73.91,92.18,2.82,29.68,Clear
25/01/2023,05:30 AM,74.09,92.64,2.64,29.69,Clear
25/01/2023,06:00 AM,74.64,92.18,2.36,29.69,Clear
25/01/2023,06:30 AM,75.27,91.73,2.45,29.70,Clear
25/01/2023,07:00 AM,75.82,91.27,3.00,29.71,Clear
25/01/2023,07:30 AM,76.64,89.91,3.55,29.71,Rain
25/01/2023,08:00 AM,77.45,88.55,4.36,29.72,Clear
25/01/2023,08:30 AM,78.27,87.18,5.00,29.72,Clear
25/01/2023,09:00 AM,79.09,85.82,5.73,29.73,Rain
25/01/2023,09:30 AM,80.09,83.64,6.82,29.73,Rain
25/01/2023,10:00 AM,81.09,81.45,7.36,29.73,Rain
25/01/2023,10:30 AM,81.45,80.00,8.00,29.73,Rain
25/01/2023,11:00 AM,81.64,79.00,8.18,29.73,Rain
25/01/2023,11:30 AM,81.73,78.09,8.82,29.72,Clear
25/01/2023,12:00 PM,81.73,77.18,8.91,29.72,Rain
25/01/2023,12:30 PM,82.00,75.91,9.73,29.71,Clear
25/01/2023,01:00 PM,81.73,76.27,10.09,29.70,Rain
25/01/2023,01:30 PM,81.64,76.73,10.18,29.69,Rain
25/01/2023,02:00 PM,81.55,76.73,10.18,29.68,Clear
25/01/2023,02:30 PM,81.27,77.09,10.18,29.68,Clear
25/01/2023,03:00 PM,80.82,78.27,9.27,29.67,Rain
25/01/2023,03:30 PM,80.36,79.45,8.64,29.67,Rain
25/01/2023,04:00 PM,80.18,80.45,7.64,29.67,Rain
25/01/2023,04:30 PM,80.00,81.00,7.82,29.68,Rain
25/01/2023,05:00 PM,79.73,81.82,7.82,29.68,Rain
25/01/2023,05:30 PM,79.45,82.18,7.82,29.69,Rain
25/01/2023,06:00 PM,79.00,82.91,6.91,29.70,Rain
25/01/2023,06:30 PM,79.00,82.45,6.55,29.71,Rain
25/01/2023,07:00 PM,78.82,81.91,6.45,29.72,Clear
25/01/2023,07:30 PM,78.64,81.82,6.27,29.73,Clear
25/01/2023,08:00 PM,78.64,81.36,6.09,29.74,Clear
25/01/2023,08:30 PM,78.45,81.36,6.45,29.74,Clear
25/01/2023,09:00 PM,78.27,81.36,6.91,29.75,Clear
25/01/2023,09:30 PM,78.27,80.82,7.36,29.76,Clear
25/01/2023,10:00 PM,78.27,80.27,6.91,29.76,Clear
25/01/2023,10:30 PM,78.09,80.27,6.18,29.76,Clear
25/01/2023,11:00 PM,77.73,81.27,5.55,29.77,Clear
25/01/2023,11:30 PM,77.36,82.27,5.18,29.76,Clear
26/01/2023,12:00 AM,77.00,83.27,4.73,29.76,Clear
26/01/2023,12:30 AM,76.64,84.27,4.09,29.76,Clear
26/01/2023,01:00 AM,76.27,85.27,3.36,29.75,Clear
26/01/2023,01:30 AM,75.91,86.27,3.27,29.75,Clear
26/01/2023,02:00 AM,75.73,86.82,2.82,29.74,Clear
26/01/2023,02:30 AM,75.55,87.36,2.18,29.74,Clear
26/01/2023,03:00 AM,75.18,88.36,1.73,29.73,Clear
26/01/2023,03:30 AM,75.00,88.91,2.00,29.73,Clear
26/01/2023,04:00 AM,74.82,89.45,2.09,29.72,Clear
26/01/2023,04:30 AM,74.64,89.91,2.27,29.72,Clear
26/01/2023,05:00 AM,74.64,90.36,2.18,29.72,Clear
26/01/2023,05:30 AM,74.82,90.36,2.18,29.73,Clear
26/01/2023,06:00 AM,75.18,89.82,2.27,29.73,Clear
26/01/2023,06:30 AM,75.73,89.36,2.91,29.73,Clear
26/01/2023,07:00 AM,76.36,88.45,3.55,29.74,Clear
26/01/2023,07:30 AM,77.18,87.09,4.73,29.74,Clear
26/01/2023,08:00 AM,78.00,85.36,5.91,29.75,Clear
26/01/2023,08:30 AM,79.00,83.18,6.64,29.75,Clear
26/01/2023,09:00 AM,80.00,81.09,7.55,29.75,Clear
26/01/2023,09:30 AM,81.00,78.64,8.73,29.75,Clear
26/01/2023,10:00 AM,82.18,75.73,10.00,29.75,Clear
26/01/2023,10:30 AM,83.36,72.45,11.09,29.75,Clear
26/01/2023,11:00 AM,84.36,69.64,12.09,29.75,Clear
26/01/2023,11:30 AM,85.18,67.73,12.91,29.74,Clear
26/01/2023,12:00 PM,85.82,65.36,13.55,29.73,Clear
26/01/2023,12:30 PM,86.18,63.82,13.55,29.72,Clear
26/01/2023,01:00 PM,86.36,62.73,13.55,29.72,Clear
26/01/2023,01:30 PM,86.36,62.36,13.55,29.71,Clear
26/01/2023,02:00 PM,86.36,62.00,13.45,29.70,Clear
26/01/2023,02:30 PM,86.00,62.36,13.18,29.69,Clear
26/01/2023,03:00 PM,85.64,63.45,12.73,29.69,Clear
26/01/2023,03:30 PM,85.18,65.00,12.09,29.69,Clear
26/01/2023,04:00 PM,84.55,66.91,11.45,29.69,Clear
26/01/2023,04:30 PM,83.91,68.82,10.64,29.69,Clear
26/01/2023,05:00 PM,83.09,70.73,10.00,29.69,Clear
26/01/2023,05:30 PM,82.27,73.00,9.00,29.69,Clear
26/01/2023,06:00 PM,81.45,75.45,8.09,29.70,Clear
26/01/2023,06:30 PM,80.64,77.91,7.09,29.70,Clear
26/01/2023,07:00 PM,80.00,80.00,6.09,29.71,Clear
26/01/2023,07:30 PM,79.18,82.55,5.27,29.71,Clear
26/01/2023,08:00 PM,78.55,84.73,4.45,29.72,Clear
26/01/2023,08:30 PM,77.91,86.55,3.73,29.72,Clear
26/01/2023,09:00 PM,77.36,87.91,3.00,29.72,Clear
26/01/2023,09:30 PM,76.82,89.27,2.36,29.72,Clear
26/01/2023,10:00 PM,76.27,91.18,1.91,29.73,Clear
26/01/2023,10:30 PM,75.91,92.73,1.45,29.73,Clear
26/01/2023,11:00 PM,75.55,94.27,1.36,29.73,Clear
26/01/2023,11:30 PM,75.36,95.27,1.18,29.73,Clear
27/01/2023,12:00 AM,75.18,96.27,1.09,29.73,Clear
27/01/2023,12:30 AM,75.00,97.27,0.91,29.72,Clear
27/01/2023,01:00 AM,75.00,97.82,1.00,29.72,Clear
27/01/2023,01:30 AM,75.00,98.36,0.73,29.72,Clear
27/01/2023,02:00 AM,75.00,98.91,0.64,29.72,Clear
27/01/2023,02:30 AM,75.00,99.45,0.55,29.71,Clear
27/01/2023,03:00 AM,75.00,100.00,0.73,29.71,Clear
27/01/2023,03:30 AM,75.00,100.00,0.73,29.71,Clear
27/01/2023,04:00 AM,75.00,100.00,0.82,29.71,Clear
27/01/2023,04:30 AM,75.00,100.00,0.64,29.71,Clear
27/01/2023,05:00 AM,75.00,100.00,0.91,29.72,Clear
27/01/2023,05:30 AM,75.18,99.45,1.18,29.72,Clear
27/01/2023,06:00 AM,75.55,98.91,1.36,29.73,Clear
27/01/2023,06:30 AM,76.09,97.91,1.55,29.74,Clear
27/01/2023,07:00 AM,76.64,96.91,2.00,29.74,Clear
27/01/2023,07:30 AM,77.18,95.91,2.64,29.75,Clear
27/01/2023,08:00 AM,77.82,94.45,3.27,29.76,Clear
27/01/2023,08:30 AM,78.45,92.55,3.82,29.76,Clear
27/01/2023,09:00 AM,79.09,90.64,4.55,29.76,Clear
27/01/2023,09:30 AM,79.91,88.27,5.27,29.76,Clear
27/01/2023,10:00 AM,80.73,85.91,6.18,29.76,Clear
27/01/2023,10:30 AM,81.36,83.55,6.82,29.76,Clear
27/01/2023,11:00 AM,81.82,81.73,7.00,29.75,Clear
27/01/2023,11:30 AM,82.27,79.55,7.36,29.74,Rain
27/01/2023,12:00 PM,82.55,78.18,7.55,29.73,Rain
27/01/2023,12:30 PM,82.82,76.45,7.91,29.72,Clear
27/01/2023,01:00 PM,83.09,74.73,7.82,29.71,Clear
27/01/2023,01:30 PM,83.45,73.09,8.00,29.69,Clear
27/01/2023,02:00 PM,83.82,71.91,8.18,29.68,Clear
27/01/2023,02:30 PM,84.00,71.09,8.55,29.67,Rain
27/01/2023,03:00 PM,83.82,71.09,8.64,29.66,Clear
27/01/2023,03:30 PM,83.64,70.73,8.64,29.66,Clear
27/01/2023,04:00 PM,83.55,70.73,8.36,29.66,Clear
27/01/2023,04:30 PM,83.45,70.73,8.18,29.66,Clear
27/01/2023,05:00 PM,83.00,71.45,8.09,29.66,Clear
27/01/2023,05:30 PM,82.36,72.27,8.09,29.66,Clear
27/01/2023,06:00 PM,81.91,73.45,7.55,29.67,Clear
27/01/2023,06:30 PM,81.27,75.18,7.55,29.68,Clear
27/01/2023,07:00 PM,80.45,77.27,7.00,29.69,Clear
27/01/2023,07:30 PM,79.82,78.82,6.55,29.70,Clear
27/01/2023,08:00 PM,79.18,80.55,6.00,29.71,Clear
27/01/2023,08:30 PM,78.73,81.91,5.36,29.72,Clear
27/01/2023,09:00 PM,78.27,83.64,4.73,29.73,Clear
27/01/2023,09:30 PM,77.91,85.00,4.36,29.73,Clear
27/01/2023,10:00 PM,77.36,86.82,4.09,29.74,Clear
27/01/2023,10:30 PM,77.00,88.27,3.91,29.74,Clear
27/01/2023,11:00 PM,76.82,89.27,3.73,29.73,Clear
27/01/2023,11:30 PM,76.45,90.27,3.45,29.73,Clear
28/01/2023,12:00 AM,76.27,90.73,3.00,29.73,Clear
28/01/2023,12:30 AM,76.09,91.18,2.91,29.72,Clear
28/01/2023,01:00 AM,75.73,92.18,2.64,29.71,Clear
28/01/2023,01:30 AM,75.55,92.64,2.09,29.70,Rain
28/01/2023,02:00 AM,75.36,93.09,1.82,29.70,Rain
28/01/2023,02:30 AM,75.18,93.55,1.73,29.69,Rain
28/01/2023,03:00 AM,75.00,94.00,1.45,29.69,Clear
28/01/2023,03:30 AM,74.82,94.55,1.45,29.68,Clear
28/01/2023,04:00 AM,74.82,94.55,1.36,29.68,Clear
28/01/2023,04:30 AM,74.82,94.55,1.27,29.69,Clear
28/01/2023,05:00 AM,74.82,94.55,1.27,29.69,Clear
28/01/2023,05:30 AM,74.82,95.09,1.27,29.69,Clear
28/01/2023,06:00 AM,75.00,95.09,1.09,29.70,Clear
28/01/2023,06:30 AM,75.36,94.64,1.09,29.71,Clear
28/01/2023,07:00 AM,75.73,94.64,1.27,29.72,Clear
28/01/2023,07:30 AM,76.36,93.73,1.27,29.72,Clear
28/01/2023,08:00 AM,77.18,92.36,1.55,29.73,Clear
28/01/2023,08:30 AM,77.82,91.45,1.82,29.74,Clear
28/01/2023,09:00 AM,78.55,90.45,2.09,29.74,Clear
28/01/2023,09:30 AM,79.36,89.09,2.55,29.74,Clear
28/01/2023,10:00 AM,80.18,87.73,3.18,29.73,Clear
28/01/2023,10:30 AM,81.18,85.55,4.00,29.72,Clear
28/01/2023,11:00 AM,82.00,82.82,4.73,29.72,Clear
28/01/2023,11:30 AM,82.45,81.00,5.64,29.71,Rain
28/01/2023,12:00 PM,82.73,79.64,6.36,29.70,Clear
28/01/2023,12:30 PM,83.00,77.82,7.27,29.69,Clear
28/01/2023,01:00 PM,82.73,77.73,8.73,29.68,Clear
28/01/2023,01:30 PM,82.09,78.64,9.18,29.67,Clear
28/01/2023,02:00 PM,81.82,78.55,9.73,29.66,Clear
28/01/2023,02:30 PM,81.64,78.00,10.09,29.66,Clear
28/01/2023,03:00 PM,81.00,78.91,10.27,29.65,Clear
28/01/2023,03:30 PM,80.18,80.27,10.09,29.66,Rain
28/01/2023,04:00 PM,79.18,82.45,9.82,29.66,Rain
28/01/2023,04:30 PM,78.36,84.64,9.64,29.66,Rain
28/01/2023,05:00 PM,77.73,86.45,9.36,29.67,Rain
28/01/2023,05:30 PM,77.09,88.27,9.09,29.68,Rain
28/01/2023,06:00 PM,76.45,90.09,8.55,29.69,Rain
28/01/2023,06:30 PM,76.09,91.09,7.64,29.70,Rain
28/01/2023,07:00 PM,75.91,91.55,7.55,29.71,Rain
28/01/2023,07:30 PM,75.36,93.09,7.18,29.72,Rain
28/01/2023,08:00 PM,74.82,94.64,6.82,29.73,Rain
28/01/2023,08:30 PM,74.45,95.09,6.55,29.74,Rain
28/01/2023,09:00 PM,74.27,95.09,6.36,29.75,Rain
28/01/2023,09:30 PM,74.09,95.09,6.09,29.75,Rain
28/01/2023,10:00 PM,73.91,95.09,5.82,29.75,Rain
28/01/2023,10:30 PM,73.73,95.09,5.64,29.75,Rain
28/01/2023,11:00 PM,73.55,95.09,5.45,29.75,Rain
28/01/2023,11:30 PM,73.36,95.09,5.36,29.74,Rain
29/01/2023,12:00 AM,73.18,95.09,5.36,29.74,Rain
29/01/2023,12:30 AM,73.00,95.09,5.00,29.73,Clear
29/01/2023,01:00 AM,73.00,95.09,5.00,29.72,Rain
29/01/2023,01:30 AM,73.00,95.09,4.73,29.71,Rain
29/01/2023,02:00 AM,73.00,95.64,4.36,29.71,Rain
29/01/2023,02:30 AM,73.00,96.18,4.18,29.70,Clear
29/01/2023,03:00 AM,73.00,96.73,4.18,29.69,Clear
29/01/2023,03:30 AM,73.00,97.27,3.91,29.69,Rain
29/01/2023,04:00 AM,73.00,97.82,3.64,29.69,Clear
29/01/2023,04:30 AM,73.00,98.36,3.36,29.68,Clear
29/01/2023,05:00 AM,73.00,98.91,3.09,29.69,Clear
29/01/2023,05:30 AM,73.18,99.45,2.73,29.69,Clear
29/01/2023,06:00 AM,73.55,99.45,2.55,29.70,Clear
29/01/2023,06:30 AM,74.09,98.91,2.73,29.71,Clear
29/01/2023,07:00 AM,74.82,97.91,3.36,29.71,Clear
29/01/2023,07:30 AM,75.55,96.91,4.27,29.72,Clear
29/01/2023,08:00 AM,76.36,95.45,5.09,29.73,Clear
29/01/2023,08:30 AM,77.18,93.55,5.91,29.74,Clear
29/01/2023,09:00 AM,77.91,92.09,6.64,29.74,Clear
29/01/2023,09:30 AM,78.64,90.64,7.91,29.75,Clear
29/01/2023,10:00 AM,79.00,89.64,8.82,29.75,Clear
29/01/2023,10:30 AM,79.55,88.64,9.45,29.75,Clear
29/01/2023,11:00 AM,80.09,87.18,9.91,29.74,Clear
29/01/2023,11:30 AM,80.45,86.27,10.36,29.74,Rain
29/01/2023,12:00 PM,80.64,85.36,11.00,29.73,Clear
29/01/2023,12:30 PM,80.27,85.36,11.36,29.72,Rain
29/01/2023,01:00 PM,79.91,85.36,10.91,29.72,Clear
29/01/2023,01:30 PM,79.45,85.82,10.09,29.71,Clear
29/01/2023,02:00 PM,79.00,86.73,9.27,29.71,Clear
29/01/2023,02:30 PM,78.64,87.18,9.09,29.70,Clear
29/01/2023,03:00 PM,78.09,88.09,8.09,29.70,Rain
29/01/2023,03:30 PM,77.91,88.55,7.45,29.69,Rain
29/01/2023,04:00 PM,77.55,89.00,6.91,29.70,Rain
29/01/2023,04:30 PM,77.00,89.91,6.45,29.70,Rain
29/01/2023,05:00 PM,76.45,90.82,6.00,29.70,Clear
29/01/2023,05:30 PM,75.91,91.73,5.00,29.71,Clear
29/01/2023,06:00 PM,75.73,92.18,4.09,29.71,Clear
29/01/2023,06:30 PM,75.55,92.64,3.64,29.72,Clear
29/01/2023,07:00 PM,75.36,93.09,4.09,29.73,Clear
29/01/2023,07:30 PM,75.18,93.55,4.45,29.74,Clear
29/01/2023,08:00 PM,75.00,94.00,4.18,29.75,Clear
29/01/2023,08:30 PM,75.00,94.00,4.00,29.75,Clear
29/01/2023,09:00 PM,75.00,93.55,3.73,29.76,Clear
29/01/2023,09:30 PM,75.00,93.09,3.73,29.77,Clear
29/01/2023,10:00 PM,75.00,93.09,4.45,29.77,Clear
29/01/2023,10:30 PM,75.00,93.09,4.64,29.77,Clear
29/01/2023,11:00 PM,75.00,93.09,4.64,29.78,Clear
29/01/2023,11:30 PM,75.00,93.09,4.64,29.78,Clear
30/01/2023,12:00 AM,75.00,93.09,4.73,29.77,Clear
30/01/2023,12:30 AM,75.00,93.09,4.27,29.77,Clear
30/01/2023,01:00 AM,75.00,93.09,3.64,29.76,Clear
30/01/2023,01:30 AM,75.00,93.09,3.18,29.76,Clear
30/01/2023,02:00 AM,75.00,93.09,2.91,29.75,Clear
30/01/2023,02:30 AM,74.82,94.09,2.82,29.75,Clear
30/01/2023,03:00 AM,74.82,94.55,3.45,29.74,Clear
30/01/2023,03:30 AM,74.64,95.09,3.09,29.74,Clear
30/01/2023,04:00 AM,74.45,95.64,2.91,29.74,Clear
30/01/2023,04:30 AM,74.27,96.18,2.91,29.74,Clear
30/01/2023,05:00 AM,74.09,96.73,2.91,29.74,Clear
30/01/2023,05:30 AM,74.09,96.73,3.09,29.75,Rain
30/01/2023,06:00 AM,74.27,96.73,3.36,29.75,Clear
30/01/2023,06:30 AM,74.64,96.27,4.00,29.76,Clear
30/01/2023,07:00 AM,75.18,95.82,4.73,29.76,Clear
30/01/2023,07:30 AM,75.73,95.36,5.36,29.77,Clear
30/01/2023,08:00 AM,76.45,93.91,5.82,29.78,Clear
30/01/2023,08:30 AM,76.82,93.45,5.55,29.78,Clear
30/01/2023,09:00 AM,77.18,92.45,6.45,29.79,Clear
30/01/2023,09:30 AM,77.36,91.91,6.82,29.79,Clear
30/01/2023,10:00 AM,77.73,90.91,6.55,29.79,Clear
30/01/2023,10:30 AM,78.09,90.36,6.27,29.79,Clear
30/01/2023,11:00 AM,78.27,90.36,5.82,29.79,Rain
30/01/2023,11:30 AM,78.27,90.36,5.45,29.78,Rain
30/01/2023,12:00 PM,78.45,89.91,5.55,29.78,Rain
30/01/2023,12:30 PM,78.45,89.00,5.73,29.77,Rain
30/01/2023,01:00 PM,78.27,88.45,5.82,29.76,Clear
30/01/2023,01:30 PM,78.27,88.00,6.09,29.75,Clear
30/01/2023,02:00 PM,78.27,87.45,6.36,29.74,Clear
30/01/2023,02:30 PM,78.45,86.91,5.82,29.73,Clear
30/01/2023,03:00 PM,78.82,85.45,6.09,29.73,Clear
30/01/2023,03:30 PM,79.00,84.45,6.91,29.72,Clear
30/01/2023,04:00 PM,79.18,83.00,8.09,29.72,Clear
30/01/2023,04:30 PM,79.36,81.18,9.18,29.72,Clear
30/01/2023,05:00 PM,79.18,80.73,10.18,29.72,Clear
30/01/2023,05:30 PM,78.45,81.64,10.27,29.72,Clear
30/01/2023,06:00 PM,77.73,83.00,10.00,29.73,Clear
30/01/2023,06:30 PM,77.18,84.00,9.73,29.74,Clear
30/01/2023,07:00 PM,76.45,85.36,9.64,29.75,Clear
30/01/2023,07:30 PM,75.91,86.36,9.36,29.76,Clear
30/01/2023,08:00 PM,75.36,87.36,8.73,29.77,Clear
30/01/2023,08:30 PM,74.82,88.82,8.00,29.77,Rain
30/01/2023,09:00 PM,74.27,90.27,7.36,29.78,Rain
30/01/2023,09:30 PM,73.73,91.73,6.18,29.78,Rain
30/01/2023,10:00 PM,73.09,94.09,5.09,29.78,Rain
30/01/2023,10:30 PM,72.82,95.09,3.91,29.78,Clear
30/01/2023,11:00 PM,72.73,95.64,3.36,29.78,Clear
30/01/2023,11:30 PM,72.64,96.18,3.00,29.78,Clear
31/01/2023,12:00 AM,72.55,96.73,2.73,29.77,Clear
31/01/2023,12:30 AM,72.45,97.27,2.18,29.77,Clear
31/01/2023,01:00 AM,72.45,97.27,2.00,29.76,Clear
31/01/2023,01:30 AM,72.45,97.27,2.18,29.76,Clear
31/01/2023,02:00 AM,72.45,97.27,2.45,29.75,Clear
31/01/2023,02:30 AM,72.45,97.82,2.55,29.75,Clear
31/01/2023,03:00 AM,72.45,98.36,2.55,29.74,Clear
31/01/2023,03:30 AM,72.55,97.82,2.73,29.74,Clear
31/01/2023,04:00 AM,72.64,97.27,2.82,29.73,Clear
31/01/2023,04:30 AM,72.73,97.27,2.64,29.73,Clear
31/01/2023,05:00 AM,72.82,97.27,2.82,29.74,Clear
31/01/2023,05:30 AM,73.09,96.73,2.91,29.74,Clear
31/01/2023,06:00 AM,73.55,96.18,3.00,29.75,Clear
31/01/2023,06:30 AM,74.09,95.18,3.18,29.75,Clear
31/01/2023,07:00 AM,74.82,94.27,3.55,29.76,Clear
31/01/2023,07:30 AM,75.55,93.36,3.73,29.76,Clear
31/01/2023,08:00 AM,76.36,91.45,4.36,29.77,Clear
31/01/2023,08:30 AM,77.18,89.55,5.09,29.77,Clear
31/01/2023,09:00 AM,78.00,87.73,5.82,29.78,Clear
31/01/2023,09:30 AM,79.00,85.55,6.91,29.78,Clear
31/01/2023,10:00 AM,80.00,82.82,8.00,29.78,Clear
31/01/2023,10:30 AM,81.00,79.73,9.09,29.78,Clear
31/01/2023,11:00 AM,81.82,77.18,10.09,29.78,Clear
31/01/2023,11:30 AM,82.27,75.00,11.09,29.77,Clear
31/01/2023,12:00 PM,82.55,73.82,11.64,29.77,Clear
31/01/2023,12:30 PM,82.64,72.91,11.91,29.76,Clear
31/01/2023,01:00 PM,82.73,71.64,12.18,29.75,Clear
31/01/2023,01:30 PM,82.73,70.82,12.45,29.74,Clear
31/01/2023,02:00 PM,82.64,70.82,12.64,29.72,Clear
31/01/2023,02:30 PM,82.55,70.82,12.82,29.72,Clear
31/01/2023,03:00 PM,82.27,71.18,12.36,29.71,Clear
31/01/2023,03:30 PM,82.00,72.00,12.00,29.70,Clear
31/01/2023,04:00 PM,81.55,73.55,11.18,29.70,Clear
31/01/2023,04:30 PM,81.09,75.09,10.45,29.69,Clear
31/01/2023,05:00 PM,80.82,76.27,9.45,29.69,Clear
31/01/2023,05:30 PM,80.36,78.00,8.45,29.70,Clear
31/01/2023,06:00 PM,79.91,79.36,7.55,29.70,Clear
31/01/2023,06:30 PM,79.45,81.09,6.91,29.71,Clear
31/01/2023,07:00 PM,79.00,82.82,6.00,29.72,Clear
31/01/2023,07:30 PM,78.45,84.18,5.27,29.72,Clear
31/01/2023,08:00 PM,77.91,86.00,4.18,29.73,Clear
31/01/2023,08:30 PM,77.36,87.82,3.55,29.74,Clear
31/01/2023,09:00 PM,76.82,89.18,2.73,29.74,Clear
31/01/2023,09:30 PM,76.45,90.18,2.00,29.75,Clear
31/01/2023,10:00 PM,76.09,91.18,1.45,29.75,Clear
31/01/2023,10:30 PM,75.73,92.18,1.18,29.75,Rain
31/01/2023,11:00 PM,75.55,92.64,1.18,29.75,Clear
31/01/2023,11:30 PM,75.36,93.09,1.27,29.75,Clear
01/02/2023,12:00 AM,75.18,93.55,1.18,29.75,Clear
01/02/2023,12:30 AM,74.82,94.55,0.91,29.75,Clear
01/02/2023,01:00 AM,74.64,95.09,0.73,29.74,Clear
01/02/2023,01:30 AM,74.45,95.09,0.73,29.74,Clear
01/02/2023,02:00 AM,74.27,95.64,0.73,29.73,Clear
01/02/2023,02:30 AM,74.09,96.18,1.00,29.72,Clear
01/02/2023,03:00 AM,73.91,96.73,1.00,29.72,Clear
01/02/2023,03:30 AM,73.73,96.73,1.18,29.71,Clear
01/02/2023,04:00 AM,73.55,96.73,1.45,29.71,Clear
01/02/2023,04:30 AM,73.36,96.73,1.27,29.71,Clear
01/02/2023,05:00 AM,73.18,97.27,1.00,29.71,Clear
01/02/2023,05:30 AM,73.18,97.27,1.00,29.72,Clear
01/02/2023,06:00 AM,73.55,96.73,1.18,29.72,Clear
01/02/2023,06:30 AM,74.09,95.73,1.18,29.73,Clear
01/02/2023,07:00 AM,74.82,95.27,1.64,29.74,Clear
01/02/2023,07:30 AM,75.82,93.36,2.27,29.75,Clear
01/02/2023,08:00 AM,77.00,91.00,2.73,29.75,Clear
01/02/2023,08:30 AM,78.18,88.27,3.64,29.76,Clear
01/02/2023,09:00 AM,79.73,85.73,4.55,29.77,Clear
01/02/2023,09:30 AM,80.91,83.18,5.36,29.77,Clear
01/02/2023,10:00 AM,82.27,80.27,6.45,29.77,Clear
01/02/2023,10:30 AM,83.64,76.82,7.18,29.76,Clear
01/02/2023,11:00 AM,85.00,73.64,7.91,29.75,Clear
01/02/2023,11:30 AM,86.18,70.45,8.64,29.74,Clear
01/02/2023,12:00 PM,87.00,67.64,9.91,29.73,Clear
01/02/2023,12:30 PM,87.64,64.82,10.55,29.72,Clear
01/02/2023,01:00 PM,88.00,62.91,11.09,29.71,Clear
01/02/2023,01:30 PM,88.18,61.45,11.55,29.69,Clear
01/02/2023,02:00 PM,88.18,60.73,11.82,29.68,Clear
01/02/2023,02:30 PM,87.82,60.36,12.00,29.67,Clear
01/02/2023,03:00 PM,87.64,60.36,12.27,29.67,Clear
01/02/2023,03:30 PM,87.09,61.09,12.36,29.66,Clear
01/02/2023,04:00 PM,86.45,62.18,12.82,29.66,Clear
01/02/2023,04:30 PM,85.64,63.55,12.55,29.66,Clear
01/02/2023,05:00 PM,84.82,64.91,12.09,29.66,Clear
01/02/2023,05:30 PM,83.82,67.18,11.09,29.67,Clear
01/02/2023,06:00 PM,82.64,70.00,10.18,29.68,Clear
01/02/2023,06:30 PM,81.45,72.82,9.09,29.69,Clear
01/02/2023,07:00 PM,80.27,75.64,8.18,29.69,Clear
01/02/2023,07:30 PM,79.27,78.09,7.27,29.71,Clear
01/02/2023,08:00 PM,78.27,80.55,6.27,29.72,Clear
01/02/2023,08:30 PM,77.27,83.09,5.18,29.72,Clear
01/02/2023,09:00 PM,76.45,85.27,4.00,29.73,Clear
01/02/2023,09:30 PM,75.73,87.64,2.82,29.74,Clear
01/02/2023,10:00 PM,75.00,89.45,2.18,29.74,Clear
01/02/2023,10:30 PM,74.27,91.27,1.73,29.75,Clear
01/02/2023,11:00 PM,73.91,92.27,1.73,29.75,Clear
01/02/2023,11:30 PM,73.73,92.73,1.73,29.75,Clear
02/02/2023,12:00 AM,73.55,93.18,1.73,29.74,Clear
02/02/2023,12:30 AM,73.36,93.64,1.64,29.74,Clear
02/02/2023,01:00 AM,73.18,94.09,1.55,29.74,Clear
02/02/2023,01:30 AM,73.00,94.55,1.27,29.73,Clear
02/02/2023,02:00 AM,73.00,94.55,1.00,29.72,Clear
02/02/2023,02:30 AM,73.00,94.55,1.00,29.72,Clear
02/02/2023,03:00 AM,73.00,94.00,1.00,29.71,Clear
02/02/2023,03:30 AM,73.00,94.00,1.00,29.71,Clear
02/02/2023,04:00 AM,73.00,94.00,1.00,29.71,Clear
02/02/2023,04:30 AM,73.00,94.55,0.91,29.71,Clear
02/02/2023,05:00 AM,73.00,95.09,0.73,29.71,Clear
02/02/2023,05:30 AM,73.18,95.64,0.82,29.72,Clear
02/02/2023,06:00 AM,73.55,95.64,1.18,29.73,Clear
02/02/2023,06:30 AM,73.91,95.64,1.45,29.74,Clear
02/02/2023,07:00 AM,74.09,96.18,1.73,29.74,Clear
02/02/2023,07:30 AM,74.45,96.18,2.00,29.75,Clear
02/02/2023,08:00 AM,75.00,96.18,2.45,29.76,Clear
02/02/2023,08:30 AM,75.82,95.27,2.45,29.76,Rain
02/02/2023,09:00 AM,76.82,94.36,2.91,29.76,Rain
02/02/2023,09:30 AM,77.82,93.00,3.09,29.76,Rain
02/02/2023,10:00 AM,79.00,90.64,3.45,29.76,Rain
02/02/2023,10:30 AM,80.36,87.55,4.36,29.76,Clear
02/02/2023,11:00 AM,81.73,83.82,5.36,29.75,Clear
02/02/2023,11:30 AM,82.91,80.27,6.00,29.74,Clear
02/02/2023,12:00 PM,84.09,77.09,6.73,29.73,Clear
02/02/2023,12:30 PM,85.27,73.27,7.73,29.72,Clear
02/02/2023,01:00 PM,86.27,70.00,8.64,29.70,Clear
02/02/2023,01:30 PM,86.91,67.09,9.45,29.69,Clear
02/02/2023,02:00 PM,87.27,65.09,10.91,29.68,Clear
02/02/2023,02:30 PM,87.27,63.45,11.82,29.68,Clear
02/02/2023,03:00 PM,87.27,62.64,12.55,29.67,Clear
02/02/2023,03:30 PM,86.91,62.64,12.91,29.66,Clear
02/02/2023,04:00 PM,86.27,63.82,13.09,29.66,Clear
02/02/2023,04:30 PM,85.45,65.64,12.55,29.66,Clear
02/02/2023,05:00 PM,84.64,67.82,11.91,29.66,Clear
02/02/2023,05:30 PM,83.64,70.00,11.45,29.66,Clear
02/02/2023,06:00 PM,82.82,72.27,10.64,29.67,Clear
02/02/2023,06:30 PM,82.00,74.55,9.91,29.68,Clear
02/02/2023,07:00 PM,81.36,77.00,9.09,29.69,Clear
02/02/2023,07:30 PM,80.73,79.45,7.91,29.69,Clear
02/02/2023,08:00 PM,80.27,81.55,6.82,29.70,Clear
02/02/2023,08:30 PM,79.82,83.27,6.09,29.71,Clear
02/02/2023,09:00 PM,79.55,84.64,5.18,29.71,Clear
02/02/2023,09:30 PM,79.36,85.55,4.36,29.72,Clear
02/02/2023,10:00 PM,79.18,86.45,3.82,29.73,Clear
02/02/2023,10:30 PM,78.64,87.82,3.55,29.74,Clear
02/02/2023,11:00 PM,78.27,88.82,3.00,29.74,Clear
02/02/2023,11:30 PM,77.91,89.82,2.82,29.74,Clear
03/02/2023,12:00 AM,77.55,90.82,2.64,29.73,Clear
03/02/2023,12:30 AM,77.18,91.27,2.64,29.73,Clear
03/02/2023,01:00 AM,76.82,91.73,2.64,29.73,Rain
03/02/2023,01:30 AM,76.45,92.18,2.64,29.72,Rain
03/02/2023,02:00 AM,76.09,92.64,2.73,29.72,Rain
03/02/2023,02:30 AM,75.73,93.09,3.00,29.71,Rain
03/02/2023,03:00 AM,75.36,93.55,3.18,29.71,Clear
03/02/2023,03:30 AM,75.00,94.00,3.45,29.70,Clear
03/02/2023,04:00 AM,75.00,94.00,3.64,29.70,Clear
03/02/2023,04:30 AM,75.00,94.00,3.64,29.70,Clear
03/02/2023,05:00 AM,75.00,94.00,3.36,29.70,Clear
03/02/2023,05:30 AM,75.00,94.00,3.36,29.71,Rain
03/02/2023,06:00 AM,75.00,94.55,3.45,29.71,Rain
03/02/2023,06:30 AM,75.00,95.09,3.45,29.72,Rain
03/02/2023,07:00 AM,75.00,95.64,3.45,29.73,Rain
03/02/2023,07:30 AM,75.00,96.18,3.64,29.74,Rain
03/02/2023,08:00 AM,75.00,96.73,3.82,29.75,Rain
03/02/2023,08:30 AM,75.00,97.27,3.82,29.75,Rain
03/02/2023,09:00 AM,75.18,97.82,3.64,29.76,Rain
03/02/2023,09:30 AM,75.36,98.36,3.73,29.76,Rain
03/02/2023,10:00 AM,75.55,98.91,4.00,29.77,Rain
03/02/2023,10:30 AM,75.73,98.91,4.55,29.77,Rain
03/02/2023,11:00 AM,76.09,98.91,5.09,29.76,Rain
03/02/2023,11:30 AM,76.45,97.91,5.27,29.75,Rain
03/02/2023,12:00 PM,77.00,96.45,5.55,29.75,Rain
03/02/2023,12:30 PM,77.55,95.45,6.00,29.74,Rain
03/02/2023,01:00 PM,78.09,94.00,6.09,29.72,Rain
03/02/2023,01:30 PM,78.64,92.55,6.09,29.72,Clear
03/02/2023,02:00 PM,79.18,91.55,6.27,29.71,Rain
03/02/2023,02:30 PM,79.55,90.55,6.64,29.70,Clear
03/02/2023,03:00 PM,79.91,89.55,6.73,29.69,Clear
03/02/2023,03:30 PM,80.27,88.55,6.91,29.68,Rain
03/02/2023,04:00 PM,80.45,88.09,6.91,29.68,Clear
03/02/2023,04:30 PM,80.45,87.64,6.64,29.68,Clear
03/02/2023,05:00 PM,80.45,87.64,6.18,29.68,Clear
03/02/2023,05:30 PM,80.27,88.09,6.09,29.68,Clear
03/02/2023,06:00 PM,80.09,88.09,5.82,29.68,Clear
03/02/2023,06:30 PM,79.91,88.55,5.82,29.69,Clear
03/02/2023,07:00 PM,79.73,89.00,5.64,29.69,Clear
03/02/2023,07:30 PM,79.55,89.00,5.27,29.70,Clear
03/02/2023,08:00 PM,79.18,89.45,4.82,29.71,Clear
03/02/2023,08:30 PM,78.82,89.91,4.18,29.71,Clear
03/02/2023,09:00 PM,78.45,90.36,3.73,29.72,Clear
03/02/2023,09:30 PM,78.27,90.82,3.82,29.72,Clear
03/02/2023,10:00 PM,78.27,90.82,3.82,29.72,Clear
03/02/2023,10:30 PM,78.27,90.82,4.09,29.72,Clear
03/02/2023,11:00 PM,78.27,90.82,4.27,29.72,Clear
03/02/2023,11:30 PM,78.27,90.82,4.27,29.72,Clear
04/02/2023,12:00 AM,78.27,90.82,4.18,29.72,Clear
04/02/2023,12:30 AM,78.09,91.27,4.55,29.71,Clear
04/02/2023,01:00 AM,77.91,91.27,5.09,29.71,Clear
04/02/2023,01:30 AM,77.73,91.27,5.55,29.70,Clear
04/02/2023,02:00 AM,77.55,91.27,6.09,29.69,Clear
04/02/2023,02:30 AM,77.55,90.82,6.09,29.69,Clear
04/02/2023,03:00 AM,77.55,90.82,5.64,29.68,Clear
04/02/2023,03:30 AM,77.36,90.82,5.27,29.68,Clear
04/02/2023,04:00 AM,77.18,90.82,5.27,29.68,Clear
04/02/2023,04:30 AM,77.00,91.27,5.27,29.68,Clear
04/02/2023,05:00 AM,77.00,91.27,5.73,29.68,Clear
04/02/2023,05:30 AM,77.18,91.27,6.18,29.69,Clear
04/02/2023,06:00 AM,77.64,90.36,6.36,29.69,Clear
04/02/2023,06:30 AM,78.09,89.45,6.45,29.70,Clear
04/02/2023,07:00 AM,78.91,88.09,6.55,29.71,Clear
04/02/2023,07:30 AM,79.73,86.73,7.09,29.72,Clear
04/02/2023,08:00 AM,80.55,85.00,8.27,29.72,Clear
04/02/2023,08:30 AM,81.55,82.45,9.18,29.73,Clear
04/02/2023,09:00 AM,82.36,80.73,9.82,29.74,Clear
04/02/2023,09:30 AM,83.18,79.00,10.18,29.74,Clear
04/02/2023,10:00 AM,84.18,76.45,10.45,29.74,Clear
04/02/2023,10:30 AM,84.82,74.73,10.36,29.74,Clear
04/02/2023,11:00 AM,85.45,72.64,10.36,29.73,Clear
04/02/2023,11:30 AM,86.00,71.00,10.73,29.73,Clear
04/02/2023,12:00 PM,86.55,69.82,11.09,29.72,Clear
04/02/2023,12:30 PM,87.09,68.27,11.73,29.71,Clear
04/02/2023,01:00 PM,87.45,67.09,11.91,29.69,Clear
04/02/2023,01:30 PM,87.45,67.09,11.91,29.68,Clear
04/02/2023,02:00 PM,87.45,67.09,12.27,29.67,Clear
04/02/2023,02:30 PM,87.45,66.73,12.82,29.66,Clear
04/02/2023,03:00 PM,87.27,66.73,13.36,29.66,Clear
04/02/2023,03:30 PM,86.91,67.09,14.00,29.65,Clear
04/02/2023,04:00 PM,86.45,67.91,14.64,29.65,Clear
04/02/2023,04:30 PM,85.82,69.55,15.00,29.65,Clear
04/02/2023,05:00 PM,85.18,70.73,14.91,29.65,Clear
04/02/2023,05:30 PM,84.36,72.27,14.45,29.65,Clear
04/02/2023,06:00 PM,83.36,74.18,13.82,29.66,Clear
04/02/2023,06:30 PM,82.55,75.73,13.36,29.67,Clear
04/02/2023,07:00 PM,81.91,77.45,12.73,29.68,Clear
04/02/2023,07:30 PM,81.09,79.55,11.55,29.68,Clear
04/02/2023,08:00 PM,80.27,81.64,10.27,29.69,Clear
04/02/2023,08:30 PM,79.64,83.36,8.91,29.70,Clear
04/02/2023,09:00 PM,78.82,85.55,7.55,29.71,Clear
04/02/2023,09:30 PM,78.27,86.91,6.09,29.71,Clear
04/02/2023,10:00 PM,77.73,87.82,4.82,29.72,Rain
04/02/2023,10:30 PM,77.18,89.18,3.73,29.72,Clear
04/02/2023,11:00 PM,76.64,90.73,2.91,29.72,Clear
04/02/2023,11:30 PM,76.27,91.73,2.45,29.72,Clear
05/02/2023,12:00 AM,75.91,92.73,2.18,29.72,Clear
05/02/2023,12:30 AM,75.55,93.18,2.09,29.71,Clear
05/02/2023,01:00 AM,75.18,93.64,2.36,29.71,Clear
05/02/2023,01:30 AM,74.82,94.64,2.73,29.70,Clear
05/02/2023,02:00 AM,74.45,95.09,3.09,29.69,Clear
05/02/2023,02:30 AM,74.27,95.64,3.18,29.69,Clear
05/02/2023,03:00 AM,74.09,95.64,3.36,29.68,Clear
05/02/2023,03:30 AM,73.91,95.64,3.82,29.68,Clear
05/02/2023,04:00 AM,73.73,95.64,3.91,29.67,Clear
05/02/2023,04:30 AM,73.73,95.09,4.45,29.67,Clear
05/02/2023,05:00 AM,73.73,95.64,4.36,29.67,Clear
05/02/2023,05:30 AM,74.09,95.18,4.09,29.68,Clear
05/02/2023,06:00 AM,74.64,94.73,3.91,29.68,Clear
05/02/2023,06:30 AM,75.27,93.82,4.00,29.69,Clear
05/02/2023,07:00 AM,76.27,92.36,4.45,29.70,Clear
05/02/2023,07:30 AM,77.45,90.55,5.18,29.71,Clear
05/02/2023,08:00 AM,78.64,87.82,5.82,29.71,Clear
05/02/2023,08:30 AM,80.00,85.27,6.91,29.72,Clear
05/02/2023,09:00 AM,81.36,82.73,7.55,29.72,Clear
05/02/2023,09:30 AM,82.91,79.82,8.64,29.73,Clear
05/02/2023,10:00 AM,84.45,76.91,9.36,29.73,Clear
05/02/2023,10:30 AM,85.82,73.18,10.55,29.72,Clear
05/02/2023,11:00 AM,86.82,70.45,11.64,29.72,Clear
05/02/2023,11:30 AM,87.64,67.73,12.45,29.71,Clear
05/02/2023,12:00 PM,88.18,65.73,13.27,29.70,Clear
05/02/2023,12:30 PM,88.36,64.09,14.18,29.69,Clear
05/02/2023,01:00 PM,88.36,63.36,14.27,29.68,Clear
05/02/2023,01:30 PM,88.36,63.00,14.82,29.67,Clear
05/02/2023,02:00 PM,88.18,63.00,14.82,29.66,Clear
05/02/2023,02:30 PM,88.00,63.00,15.27,29.66,Clear
05/02/2023,03:00 PM,87.27,64.09,15.45,29.65,Clear
05/02/2023,03:30 PM,86.55,65.18,15.27,29.65,Clear
05/02/2023,04:00 PM,85.73,67.00,14.55,29.65,Clear
05/02/2023,04:30 PM,84.91,68.82,13.91,29.65,Clear
05/02/2023,05:00 PM,84.09,70.64,13.27,29.65,Clear
05/02/2023,05:30 PM,83.45,72.64,12.55,29.66,Clear
05/02/2023,06:00 PM,83.00,74.27,11.55,29.66,Clear
05/02/2023,06:30 PM,82.55,75.91,11.00,29.67,Clear
05/02/2023,07:00 PM,81.91,78.00,10.00,29.68,Clear
05/02/2023,07:30 PM,81.27,80.09,9.00,29.69,Clear
05/02/2023,08:00 PM,80.64,82.18,7.73,29.70,Clear
05/02/2023,08:30 PM,80.18,84.00,6.45,29.71,Clear
05/02/2023,09:00 PM,79.73,85.36,5.55,29.72,Clear
05/02/2023,09:30 PM,79.36,86.27,5.09,29.72,Clear
05/02/2023,10:00 PM,78.82,87.64,4.55,29.73,Clear
05/02/2023,10:30 PM,78.45,89.00,4.09,29.73,Clear
05/02/2023,11:00 PM,78.09,89.91,3.64,29.73,Clear
05/02/2023,11:30 PM,77.73,90.82,2.91,29.73,Clear
06/02/2023,12:00 AM,77.36,91.73,2.18,29.73,Clear
06/02/2023,12:30 AM,77.18,92.18,1.73,29.72,Clear
06/02/2023,01:00 AM,77.00,92.64,1.45,29.72,Clear
06/02/2023,01:30 AM,76.82,93.09,1.73,29.72,Clear
06/02/2023,02:00 AM,76.82,93.09,1.91,29.71,Clear
06/02/2023,02:30 AM,76.64,93.55,1.73,29.71,Clear
06/02/2023,03:00 AM,76.45,94.00,1.82,29.71,Clear
06/02/2023,03:30 AM,76.45,94.00,1.91,29.71,Clear
06/02/2023,04:00 AM,76.27,94.00,1.91,29.71,Rain
06/02/2023,04:30 AM,76.09,94.55,1.64,29.71,Clear
06/02/2023,05:00 AM,75.91,95.09,1.73,29.71,Rain
06/02/2023,05:30 AM,75.91,95.09,1.82,29.72,Clear
06/02/2023,06:00 AM,76.09,95.09,2.00,29.72,Clear
06/02/2023,06:30 AM,76.45,94.64,2.45,29.73,Clear
06/02/2023,07:00 AM,76.82,94.18,2.45,29.74,Clear
06/02/2023,07:30 AM,77.27,93.27,2.91,29.75,Clear
06/02/2023,08:00 AM,78.27,91.45,4.00,29.76,Clear
06/02/2023,08:30 AM,79.27,89.64,4.82,29.77,Clear
06/02/2023,09:00 AM,80.27,87.82,5.36,29.77,Clear
06/02/2023,09:30 AM,81.45,85.27,6.27,29.77,Clear
06/02/2023,10:00 AM,82.64,82.18,7.18,29.77,Clear
06/02/2023,10:30 AM,84.00,78.73,8.09,29.77,Clear
06/02/2023,11:00 AM,85.00,75.82,9.09,29.76,Clear
06/02/2023,11:30 AM,86.00,72.64,10.09,29.75,Clear
06/02/2023,12:00 PM,86.64,70.18,10.73,29.74,Clear
06/02/2023,12:30 PM,87.27,67.73,11.00,29.73,Clear
06/02/2023,01:00 PM,87.82,65.36,11.36,29.72,Clear
06/02/2023,01:30 PM,88.00,64.27,11.45,29.70,Clear
06/02/2023,02:00 PM,88.00,63.55,11.45,29.69,Clear
06/02/2023,02:30 PM,88.00,62.45,11.73,29.68,Clear
06/02/2023,03:00 PM,87.64,62.82,11.55,29.68,Clear
06/02/2023,03:30 PM,87.09,63.55,11.36,29.67,Clear
06/02/2023,04:00 PM,86.27,65.09,11.00,29.67,Clear
06/02/2023,04:30 PM,85.64,66.64,10.45,29.67,Clear
06/02/2023,05:00 PM,84.64,68.82,9.73,29.67,Clear
06/02/2023,05:30 PM,83.82,70.73,9.18,29.68,Clear
06/02/2023,06:00 PM,82.82,73.18,8.64,29.68,Clear
06/02/2023,06:30 PM,81.82,76.00,7.82,29.69,Clear
06/02/2023,07:00 PM,80.82,78.45,6.91,29.71,Clear
06/02/2023,07:30 PM,80.00,80.55,6.27,29.71,Clear
06/02/2023,08:00 PM,79.00,83.45,5.36,29.72,Clear
06/02/2023,08:30 PM,78.18,85.64,4.73,29.73,Clear
06/02/2023,09:00 PM,77.55,87.45,4.18,29.74,Clear
06/02/2023,09:30 PM,77.00,88.82,3.45,29.74,Clear
06/02/2023,10:00 PM,76.45,90.18,3.09,29.74,Clear
06/02/2023,10:30 PM,76.09,91.18,2.82,29.75,Clear
06/02/2023,11:00 PM,75.73,92.18,2.45,29.75,Clear
06/02/2023,11:30 PM,75.55,92.64,2.36,29.74,Clear
07/02/2023,12:00 AM,75.36,93.09,2.27,29.74,Clear
07/02/2023,12:30 AM,75.18,93.55,2.18,29.73,Clear
07/02/2023,01:00 AM,75.00,94.00,1.91,29.72,Clear
07/02/2023,01:30 AM,74.82,94.55,1.73,29.72,Clear
07/02/2023,02:00 AM,74.64,95.09,1.45,29.71,Clear
07/02/2023,02:30 AM,74.45,95.09,1.27,29.70,Clear
07/02/2023,03:00 AM,74.27,95.09,1.27,29.70,Clear
07/02/2023,03:30 AM,74.00,95.64,1.09,29.70,Clear
07/02/2023,04:00 AM,73.82,96.18,1.09,29.69,Clear
07/02/2023,04:30 AM,73.64,96.73,1.09,29.69,Clear
07/02/2023,05:00 AM,73.64,96.73,1.18,29.69,Clear
07/02/2023,05:30 AM,73.82,96.73,1.00,29.70,Clear
07/02/2023,06:00 AM,74.36,96.27,1.45,29.70,Clear
07/02/2023,06:30 AM,75.00,95.36,1.91,29.71,Clear
07/02/2023,07:00 AM,75.82,93.91,2.64,29.72,Clear
07/02/2023,07:30 AM,76.82,92.00,3.55,29.73,Clear
07/02/2023,08:00 AM,78.00,89.82,4.36,29.74,Clear
07/02/2023,08:30 AM,79.36,87.27,5.55,29.74,Clear
07/02/2023,09:00 AM,80.82,84.18,6.64,29.75,Clear
07/02/2023,09:30 AM,82.18,81.09,7.36,29.75,Clear
07/02/2023,10:00 AM,83.73,77.36,8.36,29.75,Clear
07/02/2023,10:30 AM,85.09,74.18,9.27,29.75,Clear
07/02/2023,11:00 AM,86.27,71.00,10.45,29.75,Clear
07/02/2023,11:30 AM,87.09,68.27,11.09,29.75,Clear
07/02/2023,12:00 PM,87.82,66.00,11.64,29.74,Clear
07/02/2023,12:30 PM,88.36,64.00,12.09,29.73,Clear
07/02/2023,01:00 PM,88.73,62.09,12.27,29.72,Clear
07/02/2023,01:30 PM,88.91,61.36,12.27,29.71,Clear
07/02/2023,02:00 PM,88.73,61.73,12.18,29.70,Clear
07/02/2023,02:30 PM,88.55,62.09,12.18,29.69,Clear
07/02/2023,03:00 PM,88.18,62.82,12.18,29.68,Clear
07/02/2023,03:30 PM,87.45,64.18,11.82,29.68,Clear
07/02/2023,04:00 PM,86.73,65.55,11.27,29.68,Clear
07/02/2023,04:30 PM,85.91,67.36,10.64,29.68,Clear
07/02/2023,05:00 PM,85.09,69.18,9.82,29.68,Clear
07/02/2023,05:30 PM,84.27,71.00,8.91,29.69,Clear
07/02/2023,06:00 PM,83.45,72.91,8.00,29.70,Clear
07/02/2023,06:30 PM,82.64,75.18,7.36,29.71,Clear
07/02/2023,07:00 PM,81.82,77.09,6.82,29.72,Clear
07/02/2023,07:30 PM,81.00,78.82,6.00,29.72,Clear
07/02/2023,08:00 PM,80.18,80.55,5.36,29.73,Clear
07/02/2023,08:30 PM,79.36,82.36,4.73,29.74,Clear
07/02/2023,09:00 PM,78.73,84.18,4.18,29.75,Clear
07/02/2023,09:30 PM,78.27,85.55,4.00,29.75,Clear
07/02/2023,10:00 PM,77.91,86.45,3.73,29.75,Clear
07/02/2023,10:30 PM,77.36,87.36,3.55,29.75,Clear
07/02/2023,11:00 PM,76.82,88.27,3.45,29.75,Clear
07/02/2023,11:30 PM,76.27,89.27,3.45,29.75,Clear
08/02/2023,12:00 AM,75.73,90.27,3.27,29.75,Clear
08/02/2023,12:30 AM,75.18,91.27,3.45,29.74,Clear
08/02/2023,01:00 AM,74.82,91.73,3.73,29.74,Clear
08/02/2023,01:30 AM,74.45,92.18,3.55,29.73,Clear
08/02/2023,02:00 AM,74.27,92.18,3.55,29.72,Clear
08/02/2023,02:30 AM,74.00,92.73,3.73,29.72,Clear
08/02/2023,03:00 AM,73.64,93.73,3.82,29.71,Clear
08/02/2023,03:30 AM,73.27,94.73,3.82,29.71,Clear
08/02/2023,04:00 AM,73.00,95.73,3.55,29.71,Clear
08/02/2023,04:30 AM,72.73,96.73,3.36,29.71,Clear
08/02/2023,05:00 AM,72.73,97.27,3.36,29.71,Clear
08/02/2023,05:30 AM,72.91,97.82,3.27,29.71,Clear
08/02/2023,06:00 AM,73.27,97.82,3.00,29.72,Clear
08/02/2023,06:30 AM,74.00,97.82,3.00,29.72,Clear
08/02/2023,07:00 AM,74.82,97.36,3.36,29.73,Clear
08/02/2023,07:30 AM,75.55,96.91,3.64,29.73,Clear
08/02/2023,08:00 AM,76.45,95.45,3.82,29.74,Clear
08/02/2023,08:30 AM,77.45,93.55,4.09,29.74,Clear
08/02/2023,09:00 AM,78.64,91.18,4.91,29.75,Clear
08/02/2023,09:30 AM,80.09,88.09,6.18,29.75,Clear
08/02/2023,10:00 AM,81.55,84.64,7.55,29.75,Rain
08/02/2023,10:30 AM,82.91,81.18,8.45,29.75,Clear
08/02/2023,11:00 AM,84.09,77.73,9.55,29.74,Clear
08/02/2023,11:30 AM,85.27,74.55,10.82,29.74,Clear
08/02/2023,12:00 PM,86.09,71.36,11.82,29.73,Clear
08/02/2023,12:30 PM,86.64,68.91,12.55,29.72,Clear
08/02/2023,01:00 PM,87.27,66.45,13.36,29.71,Clear
08/02/2023,01:30 PM,87.82,64.45,14.09,29.70,Clear
08/02/2023,02:00 PM,88.00,63.27,14.55,29.69,Clear
08/02/2023,02:30 PM,87.82,62.55,14.82,29.68,Clear
08/02/2023,03:00 PM,87.45,62.91,14.73,29.67,Clear
08/02/2023,03:30 PM,86.91,64.00,14.45,29.67,Clear
08/02/2023,04:00 PM,86.36,65.09,14.00,29.66,Clear
08/02/2023,04:30 PM,85.73,66.64,13.45,29.66,Clear
08/02/2023,05:00 PM,84.91,68.45,12.64,29.66,Clear
08/02/2023,05:30 PM,84.09,70.27,11.82,29.67,Clear
08/02/2023,06:00 PM,83.27,72.18,11.00,29.67,Clear
08/02/2023,06:30 PM,82.45,74.09,9.91,29.68,Clear
08/02/2023,07:00 PM,81.45,76.55,9.00,29.69,Clear
08/02/2023,07:30 PM,80.45,79.09,8.00,29.70,Clear
08/02/2023,08:00 PM,79.64,81.64,6.64,29.71,Clear
08/02/2023,08:30 PM,78.82,83.82,5.45,29.72,Clear
08/02/2023,09:00 PM,78.18,85.64,4.36,29.72,Clear
08/02/2023,09:30 PM,77.55,87.45,3.82,29.73,Clear
08/02/2023,10:00 PM,77.00,88.82,3.27,29.73,Clear
08/02/2023,10:30 PM,76.45,90.18,2.64,29.74,Clear
08/02/2023,11:00 PM,75.91,91.55,1.91,29.74,Clear
08/02/2023,11:30 PM,75.36,92.55,1.36,29.74,Clear
09/02/2023,12:00 AM,74.82,93.55,1.09,29.73,Clear
09/02/2023,12:30 AM,74.45,94.00,0.91,29.73,Clear
09/02/2023,01:00 AM,74.27,94.00,0.91,29.72,Clear
09/02/2023,01:30 AM,74.09,94.00,1.18,29.72,Clear
09/02/2023,02:00 AM,73.91,94.00,1.64,29.71,Clear
09/02/2023,02:30 AM,73.64,94.55,1.64,29.71,Clear
09/02/2023,03:00 AM,73.36,95.09,1.73,29.71,Clear
09/02/2023,03:30 AM,73.09,95.64,1.73,29.70,Clear
09/02/2023,04:00 AM,72.82,96.18,1.73,29.70,Clear
09/02/2023,04:30 AM,72.55,96.73,1.73,29.70,Clear
09/02/2023,05:00 AM,72.55,97.27,1.73,29.70,Clear
09/02/2023,05:30 AM,72.73,97.27,1.73,29.71,Clear
09/02/2023,06:00 AM,73.09,97.27,1.45,29.71,Clear
09/02/2023,06:30 AM,73.64,97.27,1.45,29.72,Clear
09/02/2023,07:00 AM,74.45,96.36,1.73,29.73,Clear
09/02/2023,07:30 AM,75.45,95.00,1.55,29.74,Clear
09/02/2023,08:00 AM,76.73,92.64,2.45,29.74,Clear
09/02/2023,08:30 AM,78.00,89.91,3.36,29.75,Clear
09/02/2023,09:00 AM,79.45,86.82,4.27,29.75,Clear
09/02/2023,09:30 AM,80.91,83.36,5.18,29.75,Clear
09/02/2023,10:00 AM,82.55,79.64,5.91,29.75,Clear
09/02/2023,10:30 AM,84.09,75.91,6.55,29.75,Clear
09/02/2023,11:00 AM,85.45,72.36,7.36,29.74,Clear
09/02/2023,11:30 AM,86.73,68.55,8.27,29.74,Clear
09/02/2023,12:00 PM,87.73,65.00,9.09,29.72,Clear
09/02/2023,12:30 PM,88.45,62.73,9.45,29.71,Clear
09/02/2023,01:00 PM,89.00,60.91,10.36,29.69,Clear
09/02/2023,01:30 PM,89.36,59.55,10.36,29.68,Clear
09/02/2023,02:00 PM,89.55,58.82,10.36,29.67,Clear
09/02/2023,02:30 PM,89.55,58.45,10.45,29.66,Clear
09/02/2023,03:00 PM,89.36,58.82,10.64,29.66,Clear
09/02/2023,03:30 PM,88.82,59.82,10.82,29.65,Clear
09/02/2023,04:00 PM,88.09,61.18,10.82,29.65,Clear
09/02/2023,04:30 PM,87.36,62.91,10.55,29.65,Clear
09/02/2023,05:00 PM,86.55,64.91,10.18,29.65,Clear
09/02/2023,05:30 PM,85.73,67.09,9.55,29.65,Clear
09/02/2023,06:00 PM,84.91,68.91,9.18,29.66,Clear
09/02/2023,06:30 PM,84.09,70.73,8.55,29.67,Clear
09/02/2023,07:00 PM,83.27,73.00,8.18,29.68,Clear
09/02/2023,07:30 PM,82.64,75.00,7.55,29.69,Clear
09/02/2023,08:00 PM,81.82,77.45,7.00,29.70,Clear
09/02/2023,08:30 PM,81.18,79.55,6.45,29.71,Clear
09/02/2023,09:00 PM,80.73,81.27,5.82,29.72,Clear
09/02/2023,09:30 PM,80.45,82.64,5.64,29.73,Clear
09/02/2023,10:00 PM,80.18,84.00,5.36,29.73,Clear
09/02/2023,10:30 PM,79.55,85.82,5.00,29.74,Clear
09/02/2023,11:00 PM,79.00,87.18,4.82,29.74,Clear
09/02/2023,11:30 PM,78.45,88.55,4.73,29.74,Clear
10/02/2023,12:00 AM,78.20,89.50,4.60,29.74,Clear
10/02/2023,12:30 AM,77.40,91.10,4.30,29.74,Clear
10/02/2023,01:00 AM,76.60,92.10,3.90,29.73,Clear
10/02/2023,01:30 AM,76.00,92.60,3.50,29.73,Clear
10/02/2023,02:00 AM,75.40,93.10,3.20,29.72,Clear
10/02/2023,02:30 AM,74.80,93.60,3.20,29.71,Clear
10/02/2023,03:00 AM,74.20,94.10,3.00,29.71,Clear
10/02/2023,03:30 AM,73.60,94.60,3.20,29.71,Clear
10/02/2023,04:00 AM,73.40,94.60,3.50,29.70,Clear
10/02/2023,04:30 AM,73.10,95.20,3.30,29.70,Clear
10/02/2023,05:00 AM,73.10,95.80,3.10,29.71,Clear
10/02/2023,05:30 AM,73.45,95.64,3.27,29.71,Clear
10/02/2023,06:00 AM,74.18,94.64,3.64,29.71,Clear
10/02/2023,06:30 AM,75.00,93.73,4.18,29.72,Clear
10/02/2023,07:00 AM,76.00,92.36,4.73,29.73,Clear
10/02/2023,07:30 AM,77.00,90.55,5.36,29.74,Clear
10/02/2023,08:00 AM,78.18,88.73,5.91,29.75,Clear
10/02/2023,08:30 AM,79.36,86.55,6.45,29.75,Clear
10/02/2023,09:00 AM,80.55,84.36,6.82,29.76,Clear
10/02/2023,09:30 AM,82.09,81.45,7.55,29.77,Clear
10/02/2023,10:00 AM,83.55,78.00,8.36,29.77,Clear
10/02/2023,10:30 AM,84.91,74.27,9.00,29.77,Clear
10/02/2023,11:00 AM,86.09,71.09,9.36,29.76,Clear
10/02/2023,11:30 AM,87.00,68.00,9.55,29.76,Clear
10/02/2023,12:00 PM,87.82,65.73,9.73,29.75,Clear
10/02/2023,12:30 PM,88.36,64.18,9.82,29.73,Clear
10/02/2023,01:00 PM,88.91,63.09,9.73,29.72,Clear
10/02/2023,01:30 PM,89.09,62.36,9.82,29.71,Clear
10/02/2023,02:00 PM,89.09,62.36,9.91,29.69,Clear
10/02/2023,02:30 PM,89.09,62.36,9.82,29.68,Clear
10/02/2023,03:00 PM,88.73,63.09,9.45,29.67,Clear
10/02/2023,03:30 PM,88.36,63.82,9.27,29.67,Clear
10/02/2023,04:00 PM,87.64,65.64,9.09,29.66,Clear
10/02/2023,04:30 PM,86.91,67.45,9.00,29.66,Clear
10/02/2023,05:00 PM,86.00,70.09,8.82,29.66,Clear
10/02/2023,05:30 PM,85.09,72.36,8.45,29.67,Clear
10/02/2023,06:00 PM,84.27,74.36,7.82,29.68,Clear
10/02/2023,06:30 PM,83.45,76.36,7.45,29.68,Clear
10/02/2023,07:00 PM,82.82,78.00,7.00,29.69,Clear
10/02/2023,07:30 PM,82.18,79.73,6.36,29.71,Clear
10/02/2023,08:00 PM,81.36,81.91,5.91,29.72,Clear
10/02/2023,08:30 PM,80.55,83.64,5.36,29.72,Clear
10/02/2023,09:00 PM,80.09,85.36,5.09,29.73,Clear
10/02/2023,09:30 PM,79.64,86.27,4.55,29.74,Clear
10/02/2023,10:00 PM,79.00,87.64,4.00,29.75,Clear
10/02/2023,10:30 PM,78.45,88.55,3.64,29.75,Clear
10/02/2023,11:00 PM,77.91,89.45,3.27,29.75,Clear
10/02/2023,11:30 PM,77.36,90.36,3.00,29.75,Clear
11/02/2023,12:00 AM,76.82,91.27,2.73,29.75,Clear
11/02/2023,12:30 AM,76.27,92.73,2.55,29.75,Clear
11/02/2023,01:00 AM,76.09,93.18,2.55,29.75,Clear
11/02/2023,01:30 AM,76.09,93.18,2.55,29.74,Clear
11/02/2023,02:00 AM,76.09,93.64,2.45,29.74,Clear
11/02/2023,02:30 AM,75.73,94.64,2.27,29.73,Clear
11/02/2023,03:00 AM,75.55,95.64,2.09,29.73,Clear
11/02/2023,03:30 AM,75.55,96.18,1.91,29.72,Clear
11/02/2023,04:00 AM,75.55,96.18,1.73,29.72,Clear
11/02/2023,04:30 AM,75.55,96.18,1.73,29.72,Clear
11/02/2023,05:00 AM,75.73,96.18,1.82,29.72,Clear
11/02/2023,05:30 AM,76.09,96.18,1.82,29.72,Clear
11/02/2023,06:00 AM,76.64,95.64,1.82,29.72,Clear
11/02/2023,06:30 AM,77.09,95.18,2.27,29.73,Clear
11/02/2023,07:00 AM,77.55,94.27,2.55,29.74,Clear
11/02/2023,07:30 AM,78.36,92.91,3.00,29.75,Clear
11/02/2023,08:00 AM,79.55,90.64,3.36,29.75,Clear
11/02/2023,08:30 AM,80.36,88.73,4.18,29.76,Clear
11/02/2023,09:00 AM,81.55,86.00,5.00,29.77,Clear
11/02/2023,09:30 AM,82.73,83.45,5.82,29.77,Clear
11/02/2023,10:00 AM,84.09,80.55,6.91,29.77,Clear
11/02/2023,10:30 AM,85.27,77.64,8.09,29.77,Clear
11/02/2023,11:00 AM,86.27,74.73,9.00,29.77,Clear
11/02/2023,11:30 AM,87.09,71.55,9.82,29.76,Clear
11/02/2023,12:00 PM,87.82,69.09,9.91,29.75,Clear
11/02/2023,12:30 PM,88.55,66.82,10.18,29.74,Clear
11/02/2023,01:00 PM,88.91,65.00,10.45,29.73,Clear
11/02/2023,01:30 PM,88.91,63.82,10.64,29.72,Clear
11/02/2023,02:00 PM,89.27,62.64,11.00,29.71,Clear
11/02/2023,02:30 PM,89.09,62.27,11.09,29.70,Clear
11/02/2023,03:00 PM,88.91,62.27,11.27,29.69,Clear
11/02/2023,03:30 PM,88.36,63.00,10.91,29.69,Clear
11/02/2023,04:00 PM,87.64,64.09,10.36,29.69,Clear
11/02/2023,04:30 PM,86.82,65.64,9.82,29.68,Clear
11/02/2023,05:00 PM,86.00,67.45,9.36,29.68,Clear
11/02/2023,05:30 PM,85.18,69.00,9.18,29.69,Clear
11/02/2023,06:00 PM,84.18,71.18,9.00,29.69,Clear
11/02/2023,06:30 PM,83.18,73.36,8.55,29.70,Clear
11/02/2023,07:00 PM,82.36,75.27,8.18,29.71,Clear
11/02/2023,07:30 PM,81.36,77.36,7.27,29.71,Clear
11/02/2023,08:00 PM,80.55,79.45,6.36,29.72,Clear
11/02/2023,08:30 PM,79.73,82.00,5.45,29.73,Clear
11/02/2023,09:00 PM,78.91,84.18,4.73,29.74,Clear
11/02/2023,09:30 PM,78.27,86.00,4.18,29.75,Clear
11/02/2023,10:00 PM,77.55,87.91,3.91,29.75,Clear
11/02/2023,10:30 PM,76.82,89.82,3.55,29.76,Clear
11/02/2023,11:00 PM,76.27,91.18,3.18,29.76,Clear
11/02/2023,11:30 PM,75.91,92.18,3.00,29.76,Clear
12/02/2023,12:00 AM,75.55,93.18,3.00,29.75,Clear
12/02/2023,12:30 AM,75.00,94.18,2.73,29.75,Clear
12/02/2023,01:00 AM,74.64,94.64,2.64,29.75,Clear
12/02/2023,01:30 AM,74.27,95.09,2.64,29.74,Clear
12/02/2023,02:00 AM,73.91,95.09,2.45,29.74,Clear
12/02/2023,02:30 AM,73.64,95.64,2.27,29.73,Clear
12/02/2023,03:00 AM,73.36,96.18,2.09,29.73,Clear
12/02/2023,03:30 AM,73.27,96.18,1.82,29.73,Clear
12/02/2023,04:00 AM,73.18,96.18,1.55,29.72,Clear
12/02/2023,04:30 AM,72.91,96.73,1.27,29.73,Clear
12/02/2023,05:00 AM,72.73,97.27,0.82,29.73,Clear
12/02/2023,05:30 AM,72.73,97.82,0.55,29.74,Clear
12/02/2023,06:00 AM,73.27,97.82,0.55,29.74,Clear
12/02/2023,06:30 AM,74.00,97.36,0.64,29.75,Clear
12/02/2023,07:00 AM,74.82,96.91,1.09,29.75,Clear
12/02/2023,07:30 AM,75.64,96.00,1.55,29.76,Clear
12/02/2023,08:00 AM,76.91,94.09,2.00,29.77,Clear
12/02/2023,08:30 AM,78.18,92.18,2.55,29.78,Clear
12/02/2023,09:00 AM,79.64,89.91,3.27,29.78,Clear
12/02/2023,09:30 AM,81.09,87.18,4.00,29.78,Clear
12/02/2023,10:00 AM,82.73,83.73,4.64,29.78,Clear
12/02/2023,10:30 AM,84.27,80.00,5.45,29.78,Clear
12/02/2023,11:00 AM,85.64,76.27,6.18,29.78,Clear
12/02/2023,11:30 AM,86.64,73.09,6.82,29.77,Clear
12/02/2023,12:00 PM,87.27,70.64,7.36,29.76,Clear
12/02/2023,12:30 PM,88.00,67.55,7.73,29.76,Clear
12/02/2023,01:00 PM,88.55,65.55,8.18,29.75,Clear
12/02/2023,01:30 PM,88.73,63.64,8.45,29.74,Clear
12/02/2023,02:00 PM,88.91,61.73,8.82,29.73,Clear
12/02/2023,02:30 PM,88.73,60.55,9.00,29.72,Clear
12/02/2023,03:00 PM,88.36,60.55,9.09,29.72,Clear
12/02/2023,03:30 PM,87.64,61.64,9.09,29.71,Clear
12/02/2023,04:00 PM,86.91,63.00,8.91,29.71,Clear
12/02/2023,04:30 PM,86.09,64.82,8.45,29.71,Clear
12/02/2023,05:00 PM,85.27,66.64,8.09,29.71,Clear
12/02/2023,05:30 PM,84.45,68.55,7.73,29.72,Clear
12/02/2023,06:00 PM,83.27,71.09,7.36,29.72,Clear
12/02/2023,06:30 PM,82.27,73.00,6.73,29.73,Clear
12/02/2023,07:00 PM,81.27,75.82,6.18,29.74,Clear
12/02/2023,07:30 PM,80.09,78.64,5.55,29.75,Clear
12/02/2023,08:00 PM,79.09,81.55,4.91,29.76,Clear
12/02/2023,08:30 PM,78.27,83.27,4.55,29.77,Clear
12/02/2023,09:00 PM,77.45,85.09,4.09,29.77,Clear
12/02/2023,09:30 PM,76.64,86.91,3.73,29.78,Clear
12/02/2023,10:00 PM,75.91,88.27,3.73,29.78,Clear
12/02/2023,10:30 PM,75.18,89.64,3.73,29.78,Clear
12/02/2023,11:00 PM,74.64,90.64,3.73,29.78,Clear
12/02/2023,11:30 PM,74.27,91.64,3.36,29.78,Clear
13/02/2023,12:00 AM,73.82,93.18,3.27,29.78,Clear
13/02/2023,12:30 AM,73.36,94.18,3.09,29.77,Clear
13/02/2023,01:00 AM,73.09,95.18,2.91,29.77,Clear
13/02/2023,01:30 AM,72.82,95.18,2.73,29.76,Clear
13/02/2023,02:00 AM,72.55,95.64,2.27,29.75,Clear
13/02/2023,02:30 AM,72.45,95.64,2.36,29.75,Clear
13/02/2023,03:00 AM,72.36,95.64,2.18,29.74,Clear
13/02/2023,03:30 AM,72.09,96.18,1.91,29.74,Clear
13/02/2023,04:00 AM,72.00,96.18,1.73,29.74,Clear
13/02/2023,04:30 AM,71.91,96.18,1.27,29.74,Clear
13/02/2023,05:00 AM,71.82,96.73,1.18,29.74,Clear
13/02/2023,05:30 AM,72.09,96.18,1.00,29.75,Clear
13/02/2023,06:00 AM,72.73,95.18,1.09,29.75,Clear
13/02/2023,06:30 AM,73.64,94.18,1.18,29.76,Clear
13/02/2023,07:00 AM,74.55,93.27,1.64,29.76,Clear
13/02/2023,07:30 AM,75.64,91.91,2.27,29.77,Clear
13/02/2023,08:00 AM,76.91,90.09,2.55,29.77,Clear
13/02/2023,08:30 AM,78.36,88.36,2.73,29.78,Clear
13/02/2023,09:00 AM,80.18,85.27,3.18,29.78,Clear
13/02/2023,09:30 AM,81.82,82.73,3.64,29.78,Clear
13/02/2023,10:00 AM,83.45,79.55,4.73,29.78,Clear
13/02/2023,10:30 AM,85.18,75.18,5.82,29.78,Clear
13/02/2023,11:00 AM,86.64,71.36,6.73,29.77,Clear
13/02/2023,11:30 AM,87.64,68.27,7.36,29.76,Clear
13/02/2023,12:00 PM,88.45,64.64,8.09,29.75,Clear
13/02/2023,12:30 PM,89.27,61.45,8.36,29.75,Clear
13/02/2023,01:00 PM,89.82,59.27,8.82,29.74,Clear
13/02/2023,01:30 PM,90.00,58.18,9.09,29.72,Clear
13/02/2023,02:00 PM,90.00,57.36,9.64,29.71,Clear
13/02/2023,02:30 PM,89.64,57.36,9.82,29.71,Clear
13/02/2023,03:00 PM,89.27,57.73,9.82,29.70,Clear
13/02/2023,03:30 PM,88.73,58.73,9.82,29.69,Clear
13/02/2023,04:00 PM,87.91,60.73,9.45,29.69,Clear
13/02/2023,04:30 PM,87.00,63.18,9.18,29.69,Clear
13/02/2023,05:00 PM,86.18,65.36,8.73,29.70,Clear
13/02/2023,05:30 PM,85.27,68.09,8.27,29.70,Clear
13/02/2023,06:00 PM,84.18,71.18,7.73,29.71,Clear
13/02/2023,06:30 PM,83.18,73.73,6.91,29.72,Clear
13/02/2023,07:00 PM,82.36,75.64,6.36,29.73,Clear
13/02/2023,07:30 PM,81.55,77.18,5.82,29.74,Clear
13/02/2023,08:00 PM,80.73,79.27,5.45,29.75,Clear
13/02/2023,08:30 PM,79.73,81.00,5.18,29.76,Clear
13/02/2023,09:00 PM,78.91,82.73,4.36,29.77,Clear
13/02/2023,09:30 PM,78.09,84.55,3.73,29.78,Clear
13/02/2023,10:00 PM,77.36,85.91,3.09,29.78,Clear
13/02/2023,10:30 PM,76.64,87.27,3.00,29.78,Clear
13/02/2023,11:00 PM,75.91,88.64,2.82,29.78,Clear
13/02/2023,11:30 PM,75.27,90.18,2.55,29.78,Clear
14/02/2023,12:00 AM,74.64,91.73,2.27,29.78,Clear
14/02/2023,12:30 AM,74.00,93.27,2.00,29.77,Clear
14/02/2023,01:00 AM,73.36,94.82,1.73,29.77,Clear
14/02/2023,01:30 AM,72.91,95.82,1.55,29.76,Clear
14/02/2023,02:00 AM,72.64,96.82,1.36,29.76,Clear
14/02/2023,02:30 AM,72.36,97.27,1.09,29.75,Clear
14/02/2023,03:00 AM,72.27,97.27,1.00,29.75,Clear
14/02/2023,03:30 AM,72.00,97.82,1.00,29.74,Clear
14/02/2023,04:00 AM,71.73,98.36,0.82,29.74,Clear
14/02/2023,04:30 AM,71.45,98.91,0.55,29.74,Clear
14/02/2023,05:00 AM,71.45,98.91,0.55,29.74,Clear
14/02/2023,05:30 AM,71.91,98.36,0.55,29.74,Clear
14/02/2023,06:00 AM,72.55,97.82,0.73,29.75,Clear
14/02/2023,06:30 AM,73.36,96.82,1.00,29.75,Clear
14/02/2023,07:00 AM,74.45,95.36,1.18,29.76,Clear
14/02/2023,07:30 AM,75.55,93.45,1.64,29.77,Clear
14/02/2023,08:00 AM,76.64,92.09,2.55,29.77,Clear
14/02/2023,08:30 AM,78.09,90.36,3.45,29.77,Clear
14/02/2023,09:00 AM,79.55,87.64,4.55,29.78,Clear
14/02/2023,09:30 AM,81.18,84.55,5.36,29.77,Clear
14/02/2023,10:00 AM,82.82,81.09,6.45,29.77,Clear
14/02/2023,10:30 AM,84.27,77.64,7.18,29.77,Clear
14/02/2023,11:00 AM,85.27,74.73,8.09,29.76,Clear
14/02/2023,11:30 AM,86.09,71.82,9.09,29.75,Clear
14/02/2023,12:00 PM,86.73,69.36,10.00,29.74,Clear
14/02/2023,12:30 PM,87.09,67.36,10.73,29.73,Clear
14/02/2023,01:00 PM,87.45,65.45,11.18,29.72,Clear
14/02/2023,01:30 PM,87.82,63.27,11.36,29.71,Clear
14/02/2023,02:00 PM,87.82,61.73,11.27,29.70,Clear
14/02/2023,02:30 PM,87.82,60.64,11.00,29.69,Clear
14/02/2023,03:00 PM,87.64,60.27,11.00,29.68,Clear
14/02/2023,03:30 PM,87.27,60.64,10.82,29.68,Clear
14/02/2023,04:00 PM,86.73,61.36,10.82,29.68,Clear
14/02/2023,04:30 PM,86.18,62.09,10.55,29.68,Clear
14/02/2023,05:00 PM,85.55,63.64,10.00,29.68,Clear
14/02/2023,05:30 PM,84.91,65.18,9.27,29.68,Clear
14/02/2023,06:00 PM,84.09,67.09,8.36,29.68,Clear
14/02/2023,06:30 PM,82.91,69.91,7.64,29.69,Clear
14/02/2023,07:00 PM,81.73,73.00,6.82,29.70,Clear
14/02/2023,07:30 PM,80.36,76.27,6.27,29.71,Clear
14/02/2023,08:00 PM,79.18,79.55,5.73,29.71,Clear
14/02/2023,08:30 PM,78.18,82.45,5.36,29.72,Clear
14/02/2023,09:00 PM,77.36,85.00,4.91,29.73,Clear
14/02/2023,09:30 PM,76.55,87.18,4.36,29.74,Clear
14/02/2023,10:00 PM,75.73,89.36,3.73,29.74,Clear
14/02/2023,10:30 PM,74.91,91.27,3.36,29.75,Clear
14/02/2023,11:00 PM,74.09,93.18,3.18,29.75,Clear
14/02/2023,11:30 PM,73.45,94.18,2.91,29.75,Clear
15/02/2023,12:00 AM,73.18,94.64,2.45,29.75,Clear
15/02/2023,12:30 AM,72.91,95.09,2.36,29.74,Clear
15/02/2023,01:00 AM,72.82,95.09,2.27,29.74,Clear
15/02/2023,01:30 AM,72.73,95.09,2.00,29.73,Clear
15/02/2023,02:00 AM,72.45,95.09,1.55,29.73,Clear
15/02/2023,02:30 AM,72.00,95.64,1.27,29.72,Clear
15/02/2023,03:00 AM,71.73,96.18,1.09,29.72,Clear
15/02/2023,03:30 AM,71.45,96.73,1.09,29.71,Clear
15/02/2023,04:00 AM,71.27,96.18,1.09,29.71,Clear
15/02/2023,04:30 AM,71.09,96.18,1.00,29.72,Clear
15/02/2023,05:00 AM,71.18,96.18,1.18,29.72,Clear
15/02/2023,05:30 AM,71.27,96.73,1.18,29.72,Clear
15/02/2023,06:00 AM,71.91,96.73,1.27,29.73,Clear
15/02/2023,06:30 AM,72.82,95.82,1.36,29.74,Clear
15/02/2023,07:00 AM,73.91,94.45,1.91,29.75,Clear
15/02/2023,07:30 AM,75.18,92.64,2.73,29.75,Clear
15/02/2023,08:00 AM,76.64,90.27,3.36,29.76,Clear
15/02/2023,08:30 AM,78.27,87.18,4.55,29.77,Clear
15/02/2023,09:00 AM,79.91,83.73,5.45,29.78,Clear
15/02/2023,09:30 AM,81.73,80.55,6.09,29.78,Clear
15/02/2023,10:00 AM,83.55,76.45,7.00,29.78,Clear
15/02/2023,10:30 AM,85.09,72.91,8.00,29.77,Clear
15/02/2023,11:00 AM,86.64,69.18,9.36,29.77,Clear
15/02/2023,11:30 AM,87.64,66.00,10.36,29.76,Clear
15/02/2023,12:00 PM,88.36,63.73,11.45,29.75,Clear
15/02/2023,12:30 PM,88.91,61.55,12.18,29.74,Clear
15/02/2023,01:00 PM,89.09,60.09,12.73,29.73,Clear
15/02/2023,01:30 PM,89.27,59.00,13.27,29.72,Clear
15/02/2023,02:00 PM,89.09,59.00,13.55,29.71,Clear
15/02/2023,02:30 PM,88.73,59.36,14.00,29.70,Clear
15/02/2023,03:00 PM,88.18,60.00,14.55,29.70,Clear
15/02/2023,03:30 PM,87.45,61.36,14.64,29.69,Clear
15/02/2023,04:00 PM,86.73,62.73,14.55,29.69,Clear
15/02/2023,04:30 PM,85.91,63.73,14.09,29.70,Clear
15/02/2023,05:00 PM,85.09,65.09,13.73,29.70,Clear
15/02/2023,05:30 PM,84.09,66.45,13.18,29.71,Clear
15/02/2023,06:00 PM,83.09,68.18,12.55,29.71,Clear
15/02/2023,06:30 PM,82.27,69.64,11.91,29.72,Clear
15/02/2023,07:00 PM,81.27,71.09,11.09,29.73,Clear
15/02/2023,07:30 PM,80.27,72.64,9.91,29.74,Clear
15/02/2023,08:00 PM,79.27,74.64,8.82,29.75,Clear
15/02/2023,08:30 PM,78.18,77.18,7.45,29.76,Clear
15/02/2023,09:00 PM,77.27,79.36,6.45,29.77,Clear
15/02/2023,09:30 PM,76.36,81.55,5.36,29.77,Clear
15/02/2023,10:00 PM,75.55,83.73,4.45,29.78,Clear
15/02/2023,10:30 PM,74.73,85.55,3.55,29.78,Clear
15/02/2023,11:00 PM,73.91,87.36,2.73,29.78,Clear
15/02/2023,11:30 PM,73.09,89.18,2.55,29.78,Clear
16/02/2023,12:00 AM,72.27,91.00,2.36,29.78,Clear
16/02/2023,12:30 AM,71.64,92.45,2.09,29.78,Clear
16/02/2023,01:00 AM,71.18,93.45,2.00,29.77,Clear
16/02/2023,01:30 AM,70.91,94.00,1.91,29.77,Clear
16/02/2023,02:00 AM,70.73,94.00,2.09,29.76,Clear
16/02/2023,02:30 AM,70.55,94.00,2.18,29.76,Clear
16/02/2023,03:00 AM,70.18,94.55,2.45,29.75,Clear
16/02/2023,03:30 AM,69.82,95.09,2.91,29.75,Clear
16/02/2023,04:00 AM,69.45,95.64,3.18,29.75,Clear
16/02/2023,04:30 AM,69.45,95.64,3.36,29.75,Clear
16/02/2023,05:00 AM,69.64,95.64,3.36,29.75,Clear
16/02/2023,05:30 AM,70.09,95.64,3.09,29.75,Clear
16/02/2023,06:00 AM,70.91,95.18,3.55,29.76,Clear
16/02/2023,06:30 AM,72.00,93.82,4.45,29.76,Clear
16/02/2023,07:00 AM,73.27,92.00,5.18,29.77,Clear
16/02/2023,07:30 AM,74.55,90.18,5.82,29.78,Clear
16/02/2023,08:00 AM,76.00,87.64,6.91,29.78,Clear
16/02/2023,08:30 AM,77.82,83.82,8.55,29.79,Clear
16/02/2023,09:00 AM,79.64,80.00,9.73,29.79,Clear
16/02/2023,09:30 AM,81.64,75.64,11.36,29.79,Clear
16/02/2023,10:00 AM,83.45,71.82,13.00,29.80,Clear
16/02/2023,10:30 AM,85.09,68.00,14.45,29.79,Clear
16/02/2023,11:00 AM,86.45,64.45,16.00,29.79,Clear
16/02/2023,11:30 AM,87.45,61.09,16.91,29.78,Clear
16/02/2023,12:00 PM,88.18,58.91,17.45,29.78,Clear
16/02/2023,12:30 PM,88.73,57.18,18.18,29.77,Clear
16/02/2023,01:00 PM,89.27,55.18,18.82,29.76,Clear
16/02/2023,01:30 PM,89.45,54.45,19.00,29.75,Clear
16/02/2023,02:00 PM,89.45,54.45,18.45,29.74,Clear
16/02/2023,02:30 PM,89.27,54.82,18.27,29.73,Clear
16/02/2023,03:00 PM,88.91,55.73,17.82,29.72,Clear
16/02/2023,03:30 PM,88.36,57.00,17.27,29.72,Clear
16/02/2023,04:00 PM,87.64,58.64,16.45,29.72,Clear
16/02/2023,04:30 PM,86.91,60.36,16.09,29.71,Clear
16/02/2023,05:00 PM,86.09,62.82,15.64,29.72,Clear
16/02/2023,05:30 PM,85.27,65.00,15.27,29.72,Clear
16/02/2023,06:00 PM,84.45,67.18,14.73,29.73,Clear
16/02/2023,06:30 PM,83.45,69.55,14.00,29.74,Clear
16/02/2023,07:00 PM,82.64,71.36,12.91,29.75,Clear
16/02/2023,07:30 PM,81.64,73.64,11.55,29.76,Clear
16/02/2023,08:00 PM,80.82,75.55,10.36,29.77,Clear
16/02/2023,08:30 PM,79.82,78.00,9.18,29.78,Clear
16/02/2023,09:00 PM,79.00,80.09,7.91,29.78,Clear
16/02/2023,09:30 PM,78.36,82.27,7.27,29.79,Clear
16/02/2023,10:00 PM,77.73,84.09,6.09,29.80,Clear
16/02/2023,10:30 PM,77.18,85.45,5.09,29.80,Rain
16/02/2023,11:00 PM,76.64,86.82,4.09,29.81,Clear
16/02/2023,11:30 PM,76.09,88.18,3.27,29.81,Clear
17/02/2023,12:00 AM,75.73,89.64,2.73,29.81,Rain
17/02/2023,12:30 AM,75.18,91.64,2.45,29.80,Rain
17/02/2023,01:00 AM,74.82,93.18,2.64,29.80,Clear
17/02/2023,01:30 AM,74.45,94.73,2.82,29.80,Clear
17/02/2023,02:00 AM,74.27,95.73,2.82,29.79,Clear
17/02/2023,02:30 AM,74.09,96.18,3.27,29.79,Clear
17/02/2023,03:00 AM,73.91,96.18,3.09,29.78,Clear
17/02/2023,03:30 AM,73.73,96.18,3.09,29.78,Clear
17/02/2023,04:00 AM,73.55,96.18,3.36,29.78,Clear
17/02/2023,04:30 AM,73.36,96.73,3.64,29.77,Clear
17/02/2023,05:00 AM,73.36,97.27,3.82,29.77,Clear
17/02/2023,05:30 AM,73.55,97.27,4.00,29.77,Clear
17/02/2023,06:00 AM,74.27,95.82,4.09,29.77,Clear
17/02/2023,06:30 AM,75.09,94.36,4.55,29.78,Clear
17/02/2023,07:00 AM,76.09,92.45,5.55,29.78,Clear
17/02/2023,07:30 AM,77.27,90.09,6.64,29.79,Clear
17/02/2023,08:00 AM,78.45,87.91,7.73,29.79,Clear
17/02/2023,08:30 AM,79.82,85.36,8.82,29.80,Clear
17/02/2023,09:00 AM,81.18,82.09,10.18,29.80,Clear
17/02/2023,09:30 AM,82.73,78.91,11.27,29.80,Clear
17/02/2023,10:00 AM,84.27,74.82,12.18,29.80,Clear
17/02/2023,10:30 AM,85.64,70.73,13.55,29.79,Clear
17/02/2023,11:00 AM,86.82,67.18,14.73,29.79,Clear
17/02/2023,11:30 AM,87.64,64.27,16.09,29.78,Clear
17/02/2023,12:00 PM,88.36,61.64,17.09,29.77,Clear
17/02/2023,12:30 PM,88.91,59.18,17.27,29.76,Clear
17/02/2023,01:00 PM,89.27,57.45,17.36,29.75,Clear
17/02/2023,01:30 PM,89.45,56.36,17.27,29.74,Clear
17/02/2023,02:00 PM,89.45,55.36,17.36,29.73,Clear
17/02/2023,02:30 PM,89.27,55.73,16.91,29.72,Clear
17/02/2023,03:00 PM,88.73,56.36,16.55,29.72,Clear
17/02/2023,03:30 PM,88.18,57.36,16.36,29.71,Clear
17/02/2023,04:00 PM,88.00,57.60,16.00,29.71,Clear
17/02/2023,04:30 PM,87.10,59.50,15.50,29.71,Clear
17/02/2023,05:00 PM,86.20,61.70,14.90,29.71,Clear
17/02/2023,05:30 PM,85.30,64.10,14.00,29.72,Clear
17/02/2023,06:00 PM,84.40,66.80,12.90,29.73,Clear
17/02/2023,06:30 PM,83.50,69.20,12.00,29.74,Clear
17/02/2023,07:00 PM,82.60,71.70,11.00,29.74,Clear
17/02/2023,07:30 PM,81.90,74.10,10.10,29.75,Clear
17/02/2023,08:00 PM,81.20,76.20,9.30,29.76,Clear
17/02/2023,08:30 PM,80.70,77.90,8.50,29.78,Clear
17/02/2023,09:00 PM,80.20,79.60,7.60,29.78,Clear
17/02/2023,09:30 PM,80.09,79.91,7.18,29.79,Clear
17/02/2023,10:00 PM,79.73,81.27,6.45,29.79,Clear
17/02/2023,10:30 PM,79.18,82.64,5.91,29.80,Clear
17/02/2023,11:00 PM,78.64,83.55,5.36,29.80,Clear
17/02/2023,11:30 PM,78.09,84.45,5.00,29.80,Clear
18/02/2023,12:00 AM,77.36,85.82,4.55,29.80,Clear
18/02/2023,12:30 AM,76.82,86.82,4.45,29.80,Clear
18/02/2023,01:00 AM,76.09,88.18,4.27,29.80,Clear
18/02/2023,01:30 AM,75.55,89.18,4.27,29.79,Clear
18/02/2023,02:00 AM,75.00,90.18,4.36,29.79,Clear
18/02/2023,02:30 AM,74.64,91.18,4.36,29.78,Clear
18/02/2023,03:00 AM,74.27,92.18,4.91,29.78,Clear
18/02/2023,03:30 AM,74.09,92.64,4.64,29.77,Clear
18/02/2023,04:00 AM,74.09,93.09,4.36,29.77,Clear
18/02/2023,04:30 AM,73.91,94.09,4.18,29.77,Clear
18/02/2023,05:00 AM,73.91,94.55,4.18,29.77,Rain
18/02/2023,05:30 AM,74.27,94.55,4.18,29.77,Rain
18/02/2023,06:00 AM,74.82,94.09,3.91,29.77,Clear
18/02/2023,06:30 AM,75.55,93.64,3.73,29.78,Clear
18/02/2023,07:00 AM,76.36,92.73,3.73,29.78,Clear
18/02/2023,07:30 AM,77.36,91.36,3.82,29.79,Clear
18/02/2023,08:00 AM,78.36,90.00,4.55,29.79,Clear
18/02/2023,08:30 AM,78.70,89.60,4.10,29.79,Clear
18/02/2023,09:00 AM,79.80,87.20,5.20,29.80,Clear
18/02/2023,09:30 AM,81.10,84.40,6.40,29.80,Rain
18/02/2023,10:00 AM,82.40,81.40,7.50,29.80,Clear
18/02/2023,10:30 AM,83.70,78.60,8.70,29.79,Clear
18/02/2023,11:00 AM,85.00,75.40,10.10,29.79,Clear
18/02/2023,11:30 AM,86.10,72.40,11.50,29.78,Clear
18/02/2023,12:00 PM,87.00,69.40,12.60,29.77,Clear
18/02/2023,12:30 PM,87.80,66.90,13.70,29.75,Clear
18/02/2023,01:00 PM,88.40,64.90,14.60,29.74,Clear
18/02/2023,01:30 PM,88.60,63.20,14.70,29.72,Clear
18/02/2023,02:00 PM,88.55,63.09,14.55,29.72,Clear
18/02/2023,02:30 PM,88.55,62.73,14.55,29.71,Clear
18/02/2023,03:00 PM,88.36,62.73,14.45,29.70,Clear
18/02/2023,03:30 PM,88.00,63.09,14.55,29.69,Clear
18/02/2023,04:00 PM,87.45,63.82,14.27,29.69,Clear
18/02/2023,04:30 PM,86.73,64.91,13.64,29.69,Clear
18/02/2023,05:00 PM,85.91,66.73,12.82,29.69,Clear
18/02/2023,05:30 PM,85.09,68.55,12.18,29.70,Clear
18/02/2023,06:00 PM,84.09,70.73,11.00,29.71,Clear
18/02/2023,06:30 PM,83.09,72.91,9.73,29.72,Clear
18/02/2023,07:00 PM,82.27,74.82,8.91,29.73,Clear
18/02/2023,07:30 PM,81.27,77.27,8.00,29.74,Clear
18/02/2023,08:00 PM,80.45,79.36,7.09,29.75,Clear
18/02/2023,08:30 PM,79.64,81.45,6.09,29.76,Clear
18/02/2023,09:00 PM,79.18,82.82,5.45,29.77,Clear
18/02/2023,09:30 PM,78.73,84.18,4.91,29.78,Clear
18/02/2023,10:00 PM,78.09,86.00,4.36,29.78,Clear
18/02/2023,10:30 PM,77.55,87.36,4.18,29.79,Clear
18/02/2023,11:00 PM,77.20,88.20,3.90,29.79,Clear
18/02/2023,11:30 PM,76.60,89.30,3.90,29.79,Clear
19/02/2023,12:00 AM,76.00,90.40,3.70,29.79,Clear
19/02/2023,12:30 AM,75.40,91.50,3.40,29.79,Clear
19/02/2023,01:00 AM,75.00,92.00,3.10,29.79,Clear
19/02/2023,01:30 AM,74.60,92.50,2.80,29.78,Clear
19/02/2023,02:00 AM,74.20,93.00,2.70,29.77,Clear
19/02/2023,02:30 AM,73.80,93.50,2.10,29.77,Clear
19/02/2023,03:00 AM,73.40,94.00,1.50,29.76,Clear
19/02/2023,03:30 AM,73.20,94.60,1.40,29.75,Clear
19/02/2023,04:00 AM,73.20,94.60,1.20,29.75,Clear
19/02/2023,04:30 AM,73.18,95.09,1.36,29.75,Clear
19/02/2023,05:00 AM,73.55,95.09,1.27,29.75,Clear
19/02/2023,05:30 AM,74.09,95.09,1.55,29.76,Clear
19/02/2023,06:00 AM,74.91,94.18,1.82,29.76,Clear
19/02/2023,06:30 AM,75.73,93.27,2.45,29.77,Clear
19/02/2023,07:00 AM,76.73,91.91,3.36,29.77,Clear
19/02/2023,07:30 AM,77.10,91.70,3.50,29.78,Clear
19/02/2023,08:00 AM,78.40,89.30,4.80,29.79,Clear
19/02/2023,08:30 AM,79.90,86.50,6.20,29.79,Clear
19/02/2023,09:00 AM,81.20,83.10,7.40,29.80,Clear
19/02/2023,09:30 AM,82.30,80.30,8.40,29.80,Clear
19/02/2023,10:00 AM,83.60,76.90,9.10,29.80,Clear
19/02/2023,10:30 AM,84.50,74.10,9.80,29.80,Clear
19/02/2023,11:00 AM,85.20,71.30,10.40,29.80,Clear
19/02/2023,11:30 AM,85.60,69.50,10.80,29.79,Clear
19/02/2023,12:00 PM,86.00,67.70,10.90,29.79,Clear
19/02/2023,12:30 PM,86.00,66.80,10.80,29.78,Clear
19/02/2023,01:00 PM,85.82,67.45,10.64,29.77,Clear
19/02/2023,01:30 PM,85.64,67.82,10.36,29.76,Clear
19/02/2023,02:00 PM,85.27,68.55,10.00,29.75,Clear
19/02/2023,02:30 PM,84.91,69.73,9.55,29.74,Clear
19/02/2023,03:00 PM,84.55,70.45,9.00,29.73,Clear
19/02/2023,03:30 PM,84.18,71.64,8.73,29.72,Clear
19/02/2023,04:00 PM,83.82,72.82,8.45,29.72,Clear
19/02/2023,04:30 PM,83.36,74.00,8.09,29.71,Clear
19/02/2023,05:00 PM,82.91,75.18,7.82,29.71,Clear
19/02/2023,05:30 PM,82.45,76.36,7.55,29.71,Clear
19/02/2023,06:00 PM,82.00,77.55,7.18,29.71,Clear
19/02/2023,06:30 PM,81.55,78.36,6.82,29.72,Clear
19/02/2023,07:00 PM,81.09,79.18,6.36,29.72,Clear
19/02/2023,07:30 PM,80.45,80.55,5.91,29.73,Clear
19/02/2023,08:00 PM,80.00,81.45,5.36,29.74,Clear
19/02/2023,08:30 PM,79.36,83.27,4.91,29.75,Clear
19/02/2023,09:00 PM,78.73,84.64,4.55,29.75,Clear
19/02/2023,09:30 PM,78.09,86.00,4.09,29.76,Clear
19/02/2023,10:00 PM,77.36,87.91,3.82,29.76,Clear
19/02/2023,10:30 PM,76.64,89.82,3.45,29.77,Clear
19/02/2023,11:00 PM,75.91,91.73,3.18,29.77,Clear
19/02/2023,11:30 PM,75.36,93.27,2.73,29.77,Clear
20/02/2023,12:00 AM,74.82,94.27,2.36,29.76,Clear
20/02/2023,12:30 AM,74.27,95.27,2.09,29.76,Clear
20/02/2023,01:00 AM,73.91,95.73,1.91,29.75,Clear
20/02/2023,01:30 AM,73.55,96.18,1.64,29.75,Clear
20/02/2023,02:00 AM,73.27,96.73,1.73,29.74,Clear
20/02/2023,02:30 AM,73.00,97.27,1.64,29.74,Clear
20/02/2023,03:00 AM,72.73,97.82,1.73,29.74,Clear
20/02/2023,03:30 AM,72.64,97.82,1.82,29.74,Clear
20/02/2023,04:00 AM,72.55,97.82,1.73,29.73,Clear
20/02/2023,04:30 AM,72.45,97.82,1.82,29.73,Clear
20/02/2023,05:00 AM,72.45,97.82,2.27,29.74,Clear
20/02/2023,05:30 AM,72.82,97.82,2.73,29.74,Clear
20/02/2023,06:00 AM,73.36,97.36,3.18,29.75,Clear
20/02/2023,06:30 AM,74.09,96.45,3.64,29.75,Clear
20/02/2023,07:00 AM,75.09,95.09,4.55,29.76,Clear
20/02/2023,07:30 AM,76.36,92.73,5.09,29.77,Clear
20/02/2023,08:00 AM,77.64,90.00,5.73,29.77,Clear
20/02/2023,08:30 AM,78.91,87.27,6.45,29.78,Clear
20/02/2023,09:00 AM,80.18,84.18,7.00,29.78,Clear
20/02/2023,09:30 AM,81.82,80.73,7.82,29.79,Clear
20/02/2023,10:00 AM,83.45,77.00,8.36,29.79,Clear
20/02/2023,10:30 AM,85.00,73.27,9.09,29.78,Clear
20/02/2023,11:00 AM,86.18,69.73,9.64,29.78,Clear
20/02/2023,11:30 AM,87.27,66.64,10.27,29.77,Clear
20/02/2023,12:00 PM,88.09,64.36,10.64,29.76,Clear
20/02/2023,12:30 PM,88.45,62.82,10.82,29.75,Clear
20/02/2023,01:00 PM,88.64,61.73,11.09,29.74,Clear
20/02/2023,01:30 PM,89.00,61.00,11.45,29.72,Clear
20/02/2023,02:00 PM,89.18,60.64,11.64,29.71,Clear
20/02/2023,02:30 PM,89.36,60.27,11.73,29.70,Clear
20/02/2023,03:00 PM,89.18,60.27,12.09,29.69,Clear
20/02/2023,03:30 PM,88.64,60.91,12.64,29.69,Clear
20/02/2023,04:00 PM,87.91,62.27,12.55,29.69,Clear
20/02/2023,04:30 PM,87.18,64.00,12.73,29.69,Clear
20/02/2023,05:00 PM,86.27,66.18,12.36,29.69,Clear
20/02/2023,05:30 PM,85.45,68.00,12.09,29.69,Clear
20/02/2023,06:00 PM,84.82,69.55,11.82,29.70,Clear
20/02/2023,06:30 PM,84.18,71.09,11.36,29.71,Clear
20/02/2023,07:00 PM,83.18,73.00,10.64,29.72,Clear
20/02/2023,07:30 PM,82.36,74.55,9.82,29.73,Clear
20/02/2023,08:00 PM,81.36,77.00,9.09,29.74,Clear
20/02/2023,08:30 PM,80.18,79.91,7.82,29.75,Clear
20/02/2023,09:00 PM,79.36,82.00,6.73,29.76,Clear
20/02/2023,09:30 PM,78.73,83.36,6.09,29.77,Clear
20/02/2023,10:00 PM,78.40,84.30,5.30,29.78,Clear
20/02/2023,10:30 PM,77.60,85.80,4.50,29.78,Clear
20/02/2023,11:00 PM,76.80,87.30,3.80,29.78,Clear
20/02/2023,11:30 PM,76.20,88.80,3.20,29.78,Clear
21/02/2023,12:00 AM,75.60,90.30,2.80,29.78,Clear
21/02/2023,12:30 AM,75.00,91.40,2.80,29.78,Clear
21/02/2023,01:00 AM,74.40,92.50,3.10,29.78,Clear
21/02/2023,01:30 AM,74.00,93.00,3.10,29.78,Clear
21/02/2023,02:00 AM,73.70,93.60,3.40,29.77,Clear
21/02/2023,02:30 AM,73.40,94.10,3.30,29.77,Clear
21/02/2023,03:00 AM,73.10,95.20,3.00,29.77,Clear
21/02/2023,03:30 AM,73.00,95.64,3.00,29.77,Clear
21/02/2023,04:00 AM,72.91,95.64,3.27,29.77,Clear
21/02/2023,04:30 AM,72.82,96.18,3.36,29.77,Clear
21/02/2023,05:00 AM,72.64,96.73,3.09,29.77,Clear
21/02/2023,05:30 AM,73.00,96.27,3.36,29.77,Clear
21/02/2023,06:00 AM,73.82,94.91,3.45,29.78,Clear
21/02/2023,06:30 AM,74.64,93.55,4.09,29.78,Clear
21/02/2023,07:00 AM,75.82,91.73,4.82,29.79,Clear
21/02/2023,07:30 AM,77.09,89.00,5.36,29.79,Clear
21/02/2023,08:00 AM,78.55,86.45,6.09,29.80,Clear
21/02/2023,08:30 AM,79.82,83.73,7.00,29.80,Clear
21/02/2023,09:00 AM,81.45,80.00,7.55,29.80,Clear
21/02/2023,09:30 AM,82.91,77.09,8.00,29.80,Clear
21/02/2023,10:00 AM,84.36,73.64,8.55,29.80,Clear
21/02/2023,10:30 AM,85.50,71.00,9.40,29.80,Clear
21/02/2023,11:00 AM,86.40,68.30,10.10,29.80,Clear
21/02/2023,11:30 AM,87.00,66.60,10.80,29.79,Clear
21/02/2023,12:00 PM,87.80,64.60,11.00,29.78,Clear
21/02/2023,12:30 PM,88.20,63.40,11.70,29.77,Clear
21/02/2023,01:00 PM,88.40,62.60,12.50,29.76,Clear
21/02/2023,01:30 PM,88.40,62.20,13.00,29.75,Clear
21/02/2023,02:00 PM,88.40,61.80,13.40,29.74,Clear
21/02/2023,02:30 PM,88.00,62.50,14.10,29.73,Clear
21/02/2023,03:00 PM,87.60,63.30,14.80,29.72,Clear
21/02/2023,03:30 PM,87.20,64.10,15.10,29.72,Clear
21/02/2023,04:00 PM,86.73,65.00,14.64,29.72,Clear
21/02/2023,04:30 PM,86.18,66.09,14.18,29.72,Clear
21/02/2023,05:00 PM,85.55,67.64,14.09,29.73,Clear
21/02/2023,05:30 PM,84.73,69.45,13.64,29.73,Clear
21/02/2023,06:00 PM,83.91,71.00,12.91,29.74,Clear
21/02/2023,06:30 PM,83.27,72.55,12.09,29.75,Clear
21/02/2023,07:00 PM,82.64,74.09,11.36,29.76,Clear
21/02/2023,07:30 PM,82.00,75.64,10.36,29.77,Clear
21/02/2023,08:00 PM,81.36,77.18,9.09,29.78,Clear
21/02/2023,08:30 PM,80.91,78.36,8.00,29.78,Clear
21/02/2023,09:00 PM,80.27,80.09,7.18,29.79,Clear
21/02/2023,09:30 PM,80.10,80.70,6.90,29.80,Clear
21/02/2023,10:00 PM,79.40,82.20,6.40,29.80,Clear
21/02/2023,10:30 PM,78.80,83.20,5.20,29.80,Clear
21/02/2023,11:00 PM,78.00,84.70,4.20,29.80,Clear
21/02/2023,11:30 PM,77.20,86.20,3.60,29.80,Clear
22/02/2023,12:00 AM,76.40,87.70,3.10,29.80,Clear
22/02/2023,12:30 AM,75.60,89.20,2.90,29.80,Clear
22/02/2023,01:00 AM,75.00,90.30,2.70,29.79,Clear
22/02/2023,01:30 AM,74.30,91.40,2.80,29.79,Clear
22/02/2023,02:00 AM,73.60,92.50,2.60,29.78,Clear
22/02/2023,02:30 AM,73.22,92.89,2.56,29.78,Clear
22/02/2023,03:00 AM,73.10,93.00,2.80,29.78,Clear
22/02/2023,03:30 AM,72.80,94.10,2.80,29.78,Clear
22/02/2023,04:00 AM,72.50,95.20,3.00,29.78,Clear
22/02/2023,04:30 AM,72.40,95.80,3.20,29.78,Clear
22/02/2023,05:00 AM,72.40,95.80,3.50,29.78,Clear
22/02/2023,05:30 AM,72.80,95.30,3.80,29.78,Clear
22/02/2023,06:00 AM,73.40,94.80,3.90,29.78,Clear
22/02/2023,06:30 AM,74.30,93.30,4.10,29.79,Clear
22/02/2023,07:00 AM,75.50,91.30,4.60,29.79,Clear
22/02/2023,07:30 AM,76.90,88.90,5.50,29.80,Clear
22/02/2023,08:00 AM,77.73,87.18,6.18,29.80,Clear
22/02/2023,08:30 AM,79.00,84.64,6.82,29.80,Clear
22/02/2023,09:00 AM,80.45,81.18,7.73,29.81,Clear
22/02/2023,09:30 AM,82.09,77.45,9.00,29.81,Clear
22/02/2023,10:00 AM,83.73,73.36,10.18,29.81,Clear
22/02/2023,10:30 AM,85.27,69.82,10.91,29.80,Clear
22/02/2023,11:00 AM,86.55,66.45,11.64,29.80,Clear
22/02/2023,11:30 AM,87.55,63.36,12.55,29.79,Clear
22/02/2023,12:00 PM,88.27,61.18,13.36,29.78,Clear
22/02/2023,12:30 PM,88.82,59.82,13.91,29.78,Clear
22/02/2023,01:00 PM,89.18,58.45,14.18,29.77,Clear
22/02/2023,01:30 PM,89.36,57.73,14.36,29.76,Clear
22/02/2023,02:00 PM,89.55,57.00,14.64,29.75,Clear
22/02/2023,02:30 PM,89.36,56.64,14.91,29.74,Clear
22/02/2023,03:00 PM,88.82,56.91,14.91,29.74,Clear
22/02/2023,03:30 PM,88.27,57.55,14.45,29.73,Clear
22/02/2023,04:00 PM,87.55,58.91,14.09,29.73,Clear
22/02/2023,04:30 PM,86.73,60.55,13.73,29.73,Clear
22/02/2023,05:00 PM,85.91,62.27,13.18,29.73,Clear
22/02/2023,05:30 PM,85.09,64.45,12.64,29.73,Clear
22/02/2023,06:00 PM,84.27,66.27,12.09,29.74,Clear
22/02/2023,06:30 PM,83.45,68.45,11.27,29.75,Clear
22/02/2023,07:00 PM,82.82,70.00,10.45,29.76,Clear
22/02/2023,07:30 PM,82.00,72.27,9.55,29.76,Clear
22/02/2023,08:00 PM,81.36,74.55,8.64,29.77,Clear
22/02/2023,08:30 PM,80.91,76.45,7.64,29.78,Clear
22/02/2023,09:00 PM,80.45,78.36,7.27,29.79,Clear
22/02/2023,09:30 PM,79.82,80.09,6.55,29.79,Clear
22/02/2023,10:00 PM,79.18,81.82,5.64,29.80,Clear
22/02/2023,10:30 PM,78.45,83.64,4.73,29.80,Clear
22/02/2023,11:00 PM,77.73,85.00,4.00,29.80,Clear
22/02/2023,11:30 PM,76.91,86.36,3.73,29.80,Clear
23/02/2023,12:00 AM,76.09,87.73,3.64,29.80,Clear
23/02/2023,12:30 AM,75.27,89.64,3.36,29.79,Clear
23/02/2023,01:00 AM,74.64,91.18,3.18,29.79,Clear
23/02/2023,01:30 AM,74.00,92.18,3.09,29.78,Clear
23/02/2023,02:00 AM,73.36,93.18,3.18,29.78,Clear
23/02/2023,02:30 AM,72.73,94.18,2.82,29.77,Clear
23/02/2023,03:00 AM,72.27,95.18,2.82,29.77,Clear
23/02/2023,03:30 AM,71.82,96.18,3.09,29.76,Clear
23/02/2023,04:00 AM,71.55,96.73,3.36,29.76,Clear
23/02/2023,04:30 AM,71.27,97.27,3.36,29.76,Clear
23/02/2023,05:00 AM,71.27,97.82,3.09,29.76,Clear
23/02/2023,05:30 AM,71.36,98.36,2.91,29.76,Clear
23/02/2023,06:00 AM,71.82,97.82,3.09,29.77,Clear
23/02/2023,06:30 AM,72.64,96.36,3.45,29.77,Clear
23/02/2023,07:00 AM,73.55,95.00,3.64,29.77,Clear
23/02/2023,07:30 AM,74.64,93.18,4.00,29.78,Clear
23/02/2023,08:00 AM,75.73,91.36,4.91,29.79,Clear
23/02/2023,08:30 AM,77.18,88.64,5.82,29.79,Clear
23/02/2023,09:00 AM,78.82,85.18,6.45,29.79,Clear
23/02/2023,09:30 AM,80.45,81.73,7.09,29.79,Clear
23/02/2023,10:00 AM,82.09,77.91,8.27,29.79,Clear
23/02/2023,10:30 AM,83.73,73.82,9.27,29.79,Clear
23/02/2023,11:00 AM,85.09,70.00,10.09,29.78,Clear
23/02/2023,11:30 AM,86.09,66.73,10.91,29.78,Clear
23/02/2023,12:00 PM,86.91,64.09,11.55,29.77,Clear
23/02/2023,12:30 PM,87.64,61.64,12.18,29.76,Clear
23/02/2023,01:00 PM,88.18,59.91,12.45,29.75,Clear
23/02/2023,01:30 PM,88.73,57.91,12.45,29.74,Clear
23/02/2023,02:00 PM,88.91,56.55,12.18,29.73,Clear
23/02/2023,02:30 PM,88.91,56.18,12.36,29.72,Clear
23/02/2023,03:00 PM,88.73,55.82,12.73,29.72,Clear
23/02/2023,03:30 PM,88.36,56.55,12.36,29.71,Clear
23/02/2023,04:00 PM,87.64,57.91,12.00,29.71,Clear
23/02/2023,04:30 PM,87.09,59.00,11.73,29.71,Clear
23/02/2023,05:00 PM,86.45,60.45,11.18,29.71,Clear
23/02/2023,05:30 PM,85.64,62.64,10.55,29.71,Clear
23/02/2023,06:00 PM,84.82,65.09,9.91,29.71,Clear
23/02/2023,06:30 PM,83.82,67.64,9.27,29.72,Clear
23/02/2023,07:00 PM,82.64,71.00,8.73,29.73,Clear
23/02/2023,07:30 PM,81.45,74.09,8.36,29.74,Clear
23/02/2023,08:00 PM,80.27,77.36,7.73,29.75,Clear
23/02/2023,08:30 PM,79.27,80.64,6.91,29.75,Clear
23/02/2023,09:00 PM,78.45,82.73,6.36,29.76,Clear
23/02/2023,09:30 PM,77.64,84.91,5.55,29.77,Clear
23/02/2023,10:00 PM,76.82,87.09,4.91,29.78,Clear
23/02/2023,10:30 PM,76.09,88.91,4.18,29.78,Clear
23/02/2023,11:00 PM,75.36,90.27,3.55,29.79,Clear
23/02/2023,11:30 PM,74.55,91.64,2.91,29.79,Clear
24/02/2023,12:00 AM,73.91,92.64,2.36,29.78,Clear
24/02/2023,12:30 AM,73.45,93.09,1.82,29.78,Clear
24/02/2023,01:00 AM,73.18,93.55,1.55,29.78,Clear
24/02/2023,01:30 AM,72.73,94.09,1.55,29.77,Clear
24/02/2023,02:00 AM,72.27,94.64,1.55,29.77,Clear
24/02/2023,02:30 AM,71.82,95.64,1.55,29.76,Clear
24/02/2023,03:00 AM,71.55,95.64,1.73,29.75,Clear
24/02/2023,03:30 AM,71.27,95.64,1.55,29.75,Clear
24/02/2023,04:00 AM,71.00,95.64,1.73,29.75,Clear
24/02/2023,04:30 AM,70.73,95.64,1.73,29.75,Clear
24/02/2023,05:00 AM,70.73,96.18,1.91,29.75,Clear
24/02/2023,05:30 AM,71.00,96.18,2.18,29.75,Clear
24/02/2023,06:00 AM,71.64,95.73,2.45,29.75,Clear
24/02/2023,06:30 AM,72.45,94.82,2.91,29.76,Clear
24/02/2023,07:00 AM,73.73,92.91,3.27,29.76,Clear
24/02/2023,07:30 AM,75.00,91.00,3.73,29.77,Clear
24/02/2023,08:00 AM,76.45,88.27,4.36,29.77,Clear
24/02/2023,08:30 AM,78.09,85.73,5.36,29.78,Clear
24/02/2023,09:00 AM,79.73,83.18,6.27,29.78,Clear
24/02/2023,09:30 AM,81.55,80.00,7.18,29.78,Clear
24/02/2023,10:00 AM,83.18,76.73,8.00,29.78,Clear
24/02/2023,10:30 AM,84.64,72.91,8.73,29.78,Clear
24/02/2023,11:00 AM,86.00,69.36,9.27,29.77,Clear
24/02/2023,11:30 AM,87.00,66.27,10.09,29.77,Clear
24/02/2023,12:00 PM,87.82,63.64,10.55,29.76,Clear
24/02/2023,12:30 PM,88.36,61.45,10.55,29.75,Clear
24/02/2023,01:00 PM,88.91,59.27,10.55,29.74,Clear
24/02/2023,01:30 PM,89.27,57.91,10.45,29.73,Clear
24/02/2023,02:00 PM,89.45,56.91,10.45,29.72,Clear
24/02/2023,02:30 PM,89.45,56.18,10.45,29.72,Clear
24/02/2023,03:00 PM,89.27,56.09,10.55,29.71,Clear
24/02/2023,03:30 PM,88.91,56.82,11.00,29.71,Clear
24/02/2023,04:00 PM,88.36,58.27,11.27,29.71,Clear
24/02/2023,04:30 PM,87.64,60.00,11.36,29.71,Clear
24/02/2023,05:00 PM,86.82,62.18,11.00,29.71,Clear
24/02/2023,05:30 PM,86.00,64.36,10.55,29.72,Clear
24/02/2023,06:00 PM,85.18,66.55,10.36,29.72,Clear
24/02/2023,06:30 PM,84.18,69.09,10.00,29.73,Clear
24/02/2023,07:00 PM,83.18,71.64,9.64,29.74,Clear
24/02/2023,07:30 PM,82.18,74.18,8.91,29.75,Clear
24/02/2023,08:00 PM,81.18,77.00,8.45,29.76,Clear
24/02/2023,08:30 PM,80.00,80.27,7.45,29.77,Clear
24/02/2023,09:00 PM,79.36,82.36,6.36,29.78,Clear
24/02/2023,09:30 PM,78.73,84.18,5.36,29.79,Clear
24/02/2023,10:00 PM,78.09,86.00,4.45,29.80,Clear
24/02/2023,10:30 PM,77.55,87.36,3.73,29.80,Clear
24/02/2023,11:00 PM,77.00,88.27,3.09,29.80,Clear
24/02/2023,11:30 PM,76.45,89.18,2.45,29.80,Clear
25/02/2023,12:00 AM,75.91,90.18,2.09,29.80,Clear
25/02/2023,12:30 AM,75.55,91.18,1.91,29.80,Clear
25/02/2023,01:00 AM,75.18,92.18,1.73,29.80,Clear
25/02/2023,01:30 AM,74.82,93.18,1.45,29.79,Clear
25/02/2023,02:00 AM,74.64,93.73,1.55,29.79,Clear
25/02/2023,02:30 AM,74.27,94.73,1.36,29.78,Clear
25/02/2023,03:00 AM,74.09,95.27,1.64,29.78,Clear
25/02/2023,03:30 AM,73.91,95.82,2.09,29.78,Clear
25/02/2023,04:00 AM,73.73,95.82,2.55,29.78,Clear
25/02/2023,04:30 AM,73.55,96.27,2.73,29.78,Clear
25/02/2023,05:00 AM,73.36,97.27,2.91,29.78,Clear
25/02/2023,05:30 AM,73.73,97.27,2.82,29.78,Clear
25/02/2023,06:00 AM,74.09,96.82,2.73,29.79,Clear
25/02/2023,06:30 AM,74.64,95.91,2.64,29.80,Clear
25/02/2023,07:00 AM,75.45,94.45,2.91,29.80,Clear
25/02/2023,07:30 AM,76.45,92.55,2.91,29.81,Clear
25/02/2023,08:00 AM,77.45,90.64,3.09,29.82,Clear
25/02/2023,08:30 AM,78.64,88.27,3.09,29.82,Clear
25/02/2023,09:00 AM,80.00,85.18,3.55,29.82,Clear
25/02/2023,09:30 AM,81.36,82.27,4.18,29.83,Clear
25/02/2023,10:00 AM,82.91,79.09,5.27,29.82,Clear
25/02/2023,10:30 AM,84.27,75.27,6.45,29.82,Clear
25/02/2023,11:00 AM,85.45,71.73,7.55,29.82,Clear
25/02/2023,11:30 AM,86.27,69.27,8.73,29.81,Clear
25/02/2023,12:00 PM,86.91,67.27,9.91,29.81,Clear
25/02/2023,12:30 PM,87.45,64.91,11.36,29.80,Clear
25/02/2023,01:00 PM,87.64,63.73,12.64,29.79,Clear
25/02/2023,01:30 PM,87.82,62.55,13.91,29.78,Clear
25/02/2023,02:00 PM,87.82,61.82,14.91,29.78,Clear
25/02/2023,02:30 PM,87.45,62.18,15.64,29.77,Clear
25/02/2023,03:00 PM,86.91,62.91,16.36,29.77,Clear
25/02/2023,03:30 PM,86.18,63.91,16.73,29.77,Clear
25/02/2023,04:00 PM,85.55,65.36,16.91,29.77,Clear
25/02/2023,04:30 PM,84.73,67.09,17.27,29.77,Clear
25/02/2023,05:00 PM,84.09,68.18,17.27,29.77,Clear
25/02/2023,05:30 PM,83.27,69.64,16.82,29.77,Clear
25/02/2023,06:00 PM,82.45,71.09,15.82,29.78,Clear
25/02/2023,06:30 PM,81.82,71.82,15.00,29.79,Clear
25/02/2023,07:00 PM,81.18,72.55,13.82,29.80,Clear
25/02/2023,07:30 PM,80.55,73.27,12.36,29.81,Clear
25/02/2023,08:00 PM,80.09,74.00,11.18,29.82,Clear
25/02/2023,08:30 PM,79.64,74.73,9.55,29.83,Clear
25/02/2023,09:00 PM,79.00,75.91,8.00,29.84,Clear
25/02/2023,09:30 PM,78.45,76.73,6.64,29.84,Clear
25/02/2023,10:00 PM,77.91,77.55,5.18,29.85,Clear
25/02/2023,10:30 PM,77.18,78.82,4.09,29.86,Clear
25/02/2023,11:00 PM,76.64,79.73,3.36,29.86,Clear
25/02/2023,11:30 PM,76.09,81.00,2.45,29.86,Clear
26/02/2023,12:00 AM,75.45,82.82,1.73,29.86,Clear
26/02/2023,12:30 AM,74.82,84.64,1.64,29.86,Clear
26/02/2023,01:00 AM,74.18,86.45,1.91,29.85,Clear
26/02/2023,01:30 AM,73.55,87.91,1.64,29.85,Clear
26/02/2023,02:00 AM,73.09,89.36,1.64,29.84,Clear
26/02/2023,02:30 AM,72.91,89.82,2.09,29.84,Clear
26/02/2023,03:00 AM,72.91,89.82,2.36,29.83,Clear
26/02/2023,03:30 AM,72.91,90.36,2.73,29.83,Clear
26/02/2023,04:00 AM,72.82,90.91,2.91,29.83,Clear
26/02/2023,04:30 AM,72.73,91.45,3.00,29.83,Clear
26/02/2023,05:00 AM,72.91,91.55,3.27,29.83,Clear
26/02/2023,05:30 AM,73.73,90.18,3.73,29.84,Clear
26/02/2023,06:00 AM,74.55,88.82,4.27,29.84,Clear
26/02/2023,06:30 AM,75.45,87.00,5.27,29.85,Clear
26/02/2023,07:00 AM,76.73,84.45,6.64,29.85,Clear
26/02/2023,07:30 AM,77.82,81.91,8.00,29.86,Clear
26/02/2023,08:00 AM,79.00,79.55,9.27,29.87,Clear
26/02/2023,08:30 AM,80.00,77.64,10.64,29.87,Clear
26/02/2023,09:00 AM,81.18,74.82,12.00,29.87,Clear
26/02/2023,09:30 AM,82.64,71.55,13.18,29.87,Clear
26/02/2023,10:00 AM,84.27,68.00,14.82,29.87,Clear
26/02/2023,10:30 AM,85.45,65.18,16.36,29.87,Clear
26/02/2023,11:00 AM,86.27,63.00,17.91,29.86,Clear
26/02/2023,11:30 AM,86.91,61.09,19.09,29.86,Clear
26/02/2023,12:00 PM,87.45,59.64,19.45,29.85,Clear
26/02/2023,12:30 PM,87.64,58.91,19.45,29.84,Clear
26/02/2023,01:00 PM,87.82,58.18,19.55,29.83,Clear
26/02/2023,01:30 PM,87.82,57.82,19.27,29.82,Clear
26/02/2023,02:00 PM,87.82,57.45,19.27,29.81,Clear
26/02/2023,02:30 PM,87.45,57.82,19.36,29.81,Clear
26/02/2023,03:00 PM,87.09,58.18,19.18,29.81,Clear
26/02/2023,03:30 PM,86.36,59.18,18.73,29.80,Clear
26/02/2023,04:00 PM,85.82,60.27,18.18,29.80,Clear
26/02/2023,04:30 PM,85.00,61.64,17.00,29.81,Clear
26/02/2023,05:00 PM,84.36,62.73,15.91,29.81,Clear
26/02/2023,05:30 PM,83.55,64.55,14.91,29.82,Clear
26/02/2023,06:00 PM,82.73,66.36,13.82,29.82,Clear
26/02/2023,06:30 PM,81.91,68.64,12.45,29.83,Clear
26/02/2023,07:00 PM,80.91,70.91,11.09,29.84,Clear
26/02/2023,07:30 PM,79.73,73.64,9.45,29.85,Clear
26/02/2023,08:00 PM,78.73,76.00,7.73,29.86,Clear
26/02/2023,08:30 PM,77.73,78.36,6.45,29.86,Clear
26/02/2023,09:00 PM,76.91,80.36,5.27,29.87,Clear
26/02/2023,09:30 PM,76.09,82.00,4.45,29.88,Clear
26/02/2023,10:00 PM,75.36,83.64,3.91,29.88,Clear
26/02/2023,10:30 PM,74.64,85.27,3.36,29.88,Clear
26/02/2023,11:00 PM,74.09,86.73,2.73,29.88,Clear
26/02/2023,11:30 PM,73.55,88.18,2.27,29.88,Clear
27/02/2023,12:00 AM,73.18,89.18,2.00,29.88,Clear
27/02/2023,12:30 AM,72.91,90.18,1.82,29.88,Clear
27/02/2023,01:00 AM,72.82,90.73,1.64,29.88,Clear
27/02/2023,01:30 AM,72.73,91.27,1.91,29.87,Clear
27/02/2023,02:00 AM,72.64,91.82,2.00,29.86,Clear
27/02/2023,02:30 AM,72.55,92.36,1.91,29.86,Clear
27/02/2023,03:00 AM,72.45,92.91,1.64,29.85,Clear
27/02/2023,03:30 AM,72.45,93.45,1.55,29.85,Clear
27/02/2023,04:00 AM,72.45,94.00,1.45,29.85,Clear
27/02/2023,04:30 AM,72.36,94.55,1.64,29.85,Clear
27/02/2023,05:00 AM,72.36,95.09,1.82,29.85,Clear
27/02/2023,05:30 AM,72.73,95.09,2.09,29.85,Clear
27/02/2023,06:00 AM,73.36,94.64,2.64,29.85,Clear
27/02/2023,06:30 AM,74.18,94.18,3.36,29.86,Clear
27/02/2023,07:00 AM,75.09,93.27,3.82,29.86,Clear
27/02/2023,07:30 AM,76.18,91.45,4.45,29.87,Clear
27/02/2023,08:00 AM,77.45,89.27,5.55,29.88,Clear
27/02/2023,08:30 AM,78.73,86.73,6.55,29.88,Clear
27/02/2023,09:00 AM,80.09,83.82,7.55,29.88,Clear
27/02/2023,09:30 AM,81.27,81.27,8.09,29.89,Clear
27/02/2023,10:00 AM,82.55,77.82,9.00,29.88,Clear
27/02/2023,10:30 AM,83.73,74.36,9.91,29.88,Clear
27/02/2023,11:00 AM,84.55,71.45,11.00,29.88,Clear
27/02/2023,11:30 AM,84.82,70.09,11.36,29.87,Clear
27/02/2023,12:00 PM,84.91,68.73,11.82,29.86,Clear
27/02/2023,12:30 PM,85.09,67.09,12.09,29.85,Clear
27/02/2023,01:00 PM,85.27,66.00,12.36,29.84,Clear
27/02/2023,01:30 PM,85.27,65.27,12.36,29.83,Clear
27/02/2023,02:00 PM,85.27,64.55,12.45,29.82,Rain
27/02/2023,02:30 PM,84.91,64.55,12.36,29.81,Clear
27/02/2023,03:00 PM,84.73,64.55,12.73,29.80,Clear
27/02/2023,03:30 PM,84.55,64.91,12.45,29.80,Clear
27/02/2023,04:00 PM,84.18,65.64,12.09,29.80,Clear
27/02/2023,04:30 PM,83.73,66.73,11.82,29.80,Clear
27/02/2023,05:00 PM,83.64,67.18,11.45,29.80,Clear
27/02/2023,05:30 PM,83.36,68.00,10.82,29.80,Clear
27/02/2023,06:00 PM,82.91,69.55,10.18,29.80,Clear
27/02/2023,06:30 PM,82.27,71.45,9.55,29.80,Clear
27/02/2023,07:00 PM,81.64,73.36,8.27,29.81,Clear
27/02/2023,07:30 PM,80.64,76.18,7.00,29.82,Clear
27/02/2023,08:00 PM,79.82,78.64,5.91,29.82,Clear
27/02/2023,08:30 PM,79.00,80.73,4.82,29.83,Clear
27/02/2023,09:00 PM,78.00,83.27,4.00,29.84,Clear
27/02/2023,09:30 PM,77.18,85.45,3.55,29.84,Clear
27/02/2023,10:00 PM,76.45,87.27,2.45,29.85,Clear
27/02/2023,10:30 PM,75.73,88.64,1.91,29.85,Clear
27/02/2023,11:00 PM,75.18,89.64,1.36,29.85,Clear
27/02/2023,11:30 PM,74.55,91.18,0.82,29.85,Clear
28/02/2023,12:00 AM,73.91,92.73,0.27,29.85,Clear
28/02/2023,12:30 AM,73.27,93.73,0.27,29.85,Clear
28/02/2023,01:00 AM,73.00,94.18,0.27,29.84,Clear
28/02/2023,01:30 AM,72.73,95.18,0.27,29.83,Clear
28/02/2023,02:00 AM,72.45,95.64,0.27,29.83,Clear
28/02/2023,02:30 AM,72.36,96.18,0.27,29.82,Clear
28/02/2023,03:00 AM,72.27,96.73,0.00,29.82,Clear
28/02/2023,03:30 AM,72.27,96.73,0.27,29.82,Clear
28/02/2023,04:00 AM,72.27,96.73,0.27,29.82,Clear
28/02/2023,04:30 AM,72.27,97.27,0.27,29.82,Clear
28/02/2023,05:00 AM,72.55,96.73,0.27,29.82,Clear
28/02/2023,05:30 AM,72.82,96.18,0.27,29.82,Clear
28/02/2023,06:00 AM,73.45,95.73,0.27,29.83,Clear
28/02/2023,06:30 AM,74.09,95.73,0.27,29.83,Rain
28/02/2023,07:00 AM,75.00,93.82,0.45,29.84,Clear
28/02/2023,07:30 AM,75.91,92.91,0.73,29.85,Clear
28/02/2023,08:00 AM,77.00,91.00,1.27,29.85,Clear
28/02/2023,08:30 AM,78.09,88.64,2.36,29.86,Clear
28/02/2023,09:00 AM,78.91,87.27,2.91,29.86,Clear
28/02/2023,09:30 AM,79.91,85.45,3.73,29.86,Clear
28/02/2023,10:00 AM,80.73,83.55,4.45,29.86,Clear
28/02/2023,10:30 AM,81.36,82.18,5.55,29.85,Clear
28/02/2023,11:00 AM,82.00,80.82,6.64,29.85,Clear
28/02/2023,11:30 AM,82.45,79.45,7.45,29.85,Clear
28/02/2023,12:00 PM,82.73,77.64,8.09,29.84,Rain
28/02/2023,12:30 PM,82.91,76.82,8.82,29.83,Rain
28/02/2023,01:00 PM,82.91,75.91,9.45,29.82,Rain
28/02/2023,01:30 PM,82.91,75.09,9.73,29.82,Clear
28/02/2023,02:00 PM,82.91,74.73,9.45,29.81,Clear
28/02/2023,02:30 PM,82.91,74.27,9.55,29.80,Rain
28/02/2023,03:00 PM,82.64,74.73,9.55,29.80,Clear
28/02/2023,03:30 PM,82.55,74.73,9.64,29.80,Clear
28/02/2023,04:00 PM,82.45,74.73,9.18,29.80,Clear
28/02/2023,04:30 PM,82.18,75.09,8.55,29.80,Clear
28/02/2023,05:00 PM,81.73,75.91,8.18,29.80,Clear
28/02/2023,05:30 PM,81.45,76.73,8.09,29.80,Clear
28/02/2023,06:00 PM,81.00,77.91,7.73,29.81,Clear
28/02/2023,06:30 PM,80.73,78.73,7.45,29.82,Clear
28/02/2023,07:00 PM,80.09,80.45,7.36,29.82,Clear
28/02/2023,07:30 PM,79.45,82.18,7.09,29.83,Clear
28/02/2023,08:00 PM,78.82,84.00,6.64,29.84,Clear
28/02/2023,08:30 PM,78.27,85.36,6.27,29.85,Clear
28/02/2023,09:00 PM,77.73,86.73,5.73,29.85,Clear
28/02/2023,09:30 PM,77.18,88.09,5.27,29.86,Clear
28/02/2023,10:00 PM,76.82,89.09,4.82,29.86,Clear
28/02/2023,10:30 PM,76.45,90.09,4.36,29.86,Clear
28/02/2023,11:00 PM,76.09,91.09,3.82,29.86,Clear
28/02/2023,11:30 PM,75.73,92.09,3.27,29.86,Clear
01/03/2023,12:00 AM,75.36,93.09,2.82,29.86,Clear
01/03/2023,12:30 AM,75.18,93.55,2.09,29.85,Clear
01/03/2023,01:00 AM,75.00,94.00,1.73,29.85,Clear
01/03/2023,01:30 AM,75.00,94.00,1.55,29.84,Clear
01/03/2023,02:00 AM,75.00,94.00,1.36,29.83,Rain
01/03/2023,02:30 AM,75.00,94.00,1.09,29.83,Rain
01/03/2023,03:00 AM,75.00,94.00,0.91,29.82,Rain
01/03/2023,03:30 AM,75.00,94.00,1.18,29.81,Clear
01/03/2023,04:00 AM,75.00,94.00,1.18,29.81,Clear
01/03/2023,04:30 AM,74.82,94.55,1.18,29.81,Clear
01/03/2023,05:00 AM,74.82,95.09,1.27,29.81,Clear
01/03/2023,05:30 AM,74.82,95.64,1.09,29.81,Clear
01/03/2023,06:00 AM,75.00,95.64,1.18,29.81,Clear
01/03/2023,06:30 AM,75.18,95.64,1.09,29.82,Clear
01/03/2023,07:00 AM,75.55,95.64,1.00,29.83,Clear
01/03/2023,07:30 AM,76.09,95.18,0.82,29.83,Clear
01/03/2023,08:00 AM,76.64,94.73,1.09,29.84,Clear
01/03/2023,08:30 AM,77.27,93.82,1.27,29.85,Clear
01/03/2023,09:00 AM,77.91,92.91,1.45,29.85,Clear
01/03/2023,09:30 AM,78.55,92.00,1.91,29.85,Clear
01/03/2023,10:00 AM,79.55,90.09,2.18,29.86,Clear
01/03/2023,10:30 AM,80.36,88.18,2.64,29.86,Rain
01/03/2023,11:00 AM,81.00,86.73,3.18,29.85,Clear
01/03/2023,11:30 AM,81.00,86.27,4.18,29.85,Clear
01/03/2023,12:00 PM,80.82,86.27,4.64,29.85,Clear
01/03/2023,12:30 PM,80.64,86.27,5.00,29.84,Clear
01/03/2023,01:00 PM,80.09,86.73,5.36,29.83,Clear
01/03/2023,01:30 PM,79.55,87.73,5.64,29.83,Clear
01/03/2023,02:00 PM,78.91,89.18,5.64,29.82,Rain
01/03/2023,02:30 PM,78.45,90.09,5.27,29.81,Rain
01/03/2023,03:00 PM,78.00,91.00,5.09,29.81,Rain
01/03/2023,03:30 PM,77.36,92.36,5.00,29.81,Rain
01/03/2023,04:00 PM,76.73,93.73,4.73,29.80,Rain
01/03/2023,04:30 PM,76.09,95.18,4.45,29.80,Rain
01/03/2023,05:00 PM,75.91,95.64,3.36,29.81,Rain
01/03/2023,05:30 PM,75.91,96.18,3.00,29.81,Rain
01/03/2023,06:00 PM,75.73,96.73,2.64,29.81,Clear
01/03/2023,06:30 PM,75.73,97.27,2.18,29.82,Clear
01/03/2023,07:00 PM,75.73,96.73,1.64,29.82,Clear
01/03/2023,07:30 PM,75.73,96.73,1.45,29.83,Clear
01/03/2023,08:00 PM,75.55,97.27,1.55,29.84,Clear
01/03/2023,08:30 PM,75.36,97.82,1.27,29.85,Clear
01/03/2023,09:00 PM,75.18,98.36,1.09,29.85,Clear
01/03/2023,09:30 PM,75.00,98.36,1.09,29.86,Clear
01/03/2023,10:00 PM,75.00,98.36,1.09,29.86,Clear
01/03/2023,10:30 PM,74.82,98.91,1.27,29.86,Clear
01/03/2023,11:00 PM,74.64,98.91,1.27,29.86,Clear
01/03/2023,11:30 PM,74.45,98.91,1.09,29.86,Clear
02/03/2023,12:00 AM,74.27,98.91,1.09,29.85,Clear
02/03/2023,12:30 AM,74.09,98.91,1.09,29.85,Clear
02/03/2023,01:00 AM,73.91,98.36,1.09,29.84,Clear
02/03/2023,01:30 AM,73.73,98.36,1.09,29.84,Clear
02/03/2023,02:00 AM,73.55,97.82,1.27,29.83,Mist
02/03/2023,02:30 AM,73.36,97.27,1.45,29.82,Mist
02/03/2023,03:00 AM,73.09,97.82,1.36,29.81,Clear
02/03/2023,03:30 AM,72.91,97.82,1.27,29.81,Clear
02/03/2023,04:00 AM,72.82,97.82,1.09,29.81,Clear
02/03/2023,04:30 AM,72.82,97.82,0.91,29.80,Clear
02/03/2023,05:00 AM,73.00,97.27,0.91,29.81,Clear
02/03/2023,05:30 AM,73.36,97.27,1.18,29.81,Clear
02/03/2023,06:00 AM,73.91,97.82,2.00,29.81,Clear
02/03/2023,06:30 AM,74.64,97.36,2.82,29.81,Clear
02/03/2023,07:00 AM,75.45,96.36,3.82,29.82,Clear
02/03/2023,07:30 AM,76.27,95.45,5.00,29.83,Clear
02/03/2023,08:00 AM,77.45,94.09,6.27,29.83,Clear
02/03/2023,08:30 AM,78.91,91.36,7.55,29.84,Clear
02/03/2023,09:00 AM,80.09,89.00,8.73,29.84,Clear
02/03/2023,09:30 AM,81.55,85.91,10.18,29.84,Clear
02/03/2023,10:00 AM,83.09,82.45,11.82,29.84,Clear
02/03/2023,10:30 AM,84.45,79.55,13.45,29.84,Clear
02/03/2023,11:00 AM,85.64,75.82,14.73,29.83,Clear
02/03/2023,11:30 AM,86.64,72.36,15.27,29.82,Clear
02/03/2023,12:00 PM,87.45,69.64,16.09,29.82,Clear
02/03/2023,12:30 PM,88.18,66.91,16.73,29.81,Clear
02/03/2023,01:00 PM,88.73,64.91,16.82,29.80,Clear
02/03/2023,01:30 PM,88.91,63.36,16.82,29.79,Clear
02/03/2023,02:00 PM,88.73,62.64,16.91,29.78,Clear
02/03/2023,02:30 PM,88.55,61.91,16.91,29.77,Clear
02/03/2023,03:00 PM,88.18,62.27,16.82,29.77,Clear
02/03/2023,03:30 PM,87.64,63.00,16.27,29.76,Clear
02/03/2023,04:00 PM,86.91,64.09,15.91,29.76,Clear
02/03/2023,04:30 PM,86.09,65.91,15.18,29.76,Clear
02/03/2023,05:00 PM,85.27,67.45,14.64,29.76,Clear
02/03/2023,05:30 PM,84.45,69.27,13.64,29.77,Clear
02/03/2023,06:00 PM,83.64,71.09,12.64,29.77,Clear
02/03/2023,06:30 PM,83.00,72.64,11.82,29.77,Clear
02/03/2023,07:00 PM,82.18,74.55,10.64,29.78,Clear
02/03/2023,07:30 PM,81.36,77.00,9.09,29.79,Clear
02/03/2023,08:00 PM,80.55,79.55,7.73,29.80,Clear
02/03/2023,08:30 PM,79.73,81.73,6.36,29.81,Clear
02/03/2023,09:00 PM,78.91,83.91,5.45,29.82,Clear
02/03/2023,09:30 PM,78.64,85.27,4.18,29.83,Clear
02/03/2023,10:00 PM,78.45,85.64,3.55,29.83,Clear
02/03/2023,10:30 PM,78.27,86.00,3.27,29.84,Clear
02/03/2023,11:00 PM,77.91,86.91,3.18,29.84,Clear
02/03/2023,11:30 PM,77.55,87.82,2.64,29.84,Clear
03/03/2023,12:00 AM,77.18,88.73,2.45,29.84,Clear
03/03/2023,12:30 AM,76.82,89.73,2.36,29.84,Clear
03/03/2023,01:00 AM,76.64,89.73,2.36,29.83,Clear
03/03/2023,01:30 AM,76.64,89.73,2.36,29.83,Clear
03/03/2023,02:00 AM,76.64,89.27,2.36,29.82,Clear
03/03/2023,02:30 AM,76.45,89.27,2.18,29.82,Clear
03/03/2023,03:00 AM,75.91,89.73,2.36,29.82,Clear
03/03/2023,03:30 AM,75.36,91.27,2.64,29.81,Clear
03/03/2023,04:00 AM,75.00,92.27,2.55,29.81,Clear
03/03/2023,04:30 AM,74.82,92.73,2.45,29.82,Clear
03/03/2023,05:00 AM,74.64,93.18,2.45,29.82,Clear
03/03/2023,05:30 AM,74.82,93.18,2.18,29.83,Clear
03/03/2023,06:00 AM,75.36,92.27,2.09,29.83,Clear
03/03/2023,06:30 AM,75.91,91.82,2.91,29.84,Clear
03/03/2023,07:00 AM,76.73,90.45,4.18,29.85,Clear
03/03/2023,07:30 AM,77.55,89.09,5.36,29.86,Clear
03/03/2023,08:00 AM,78.73,86.91,6.55,29.87,Clear
03/03/2023,08:30 AM,79.91,84.73,7.27,29.88,Clear
03/03/2023,09:00 AM,81.27,81.27,8.09,29.89,Clear
03/03/2023,09:30 AM,82.64,78.09,9.00,29.89,Clear
03/03/2023,10:00 AM,83.82,75.18,9.91,29.89,Clear
03/03/2023,10:30 AM,85.18,72.00,11.18,29.89,Clear
03/03/2023,11:00 AM,86.18,69.27,12.55,29.89,Clear
03/03/2023,11:30 AM,87.00,67.00,14.00,29.88,Clear
03/03/2023,12:00 PM,87.82,64.73,14.55,29.87,Clear
03/03/2023,12:30 PM,88.36,62.55,14.82,29.86,Clear
03/03/2023,01:00 PM,88.91,60.82,15.09,29.85,Clear
03/03/2023,01:30 PM,89.09,59.73,15.36,29.84,Clear
03/03/2023,02:00 PM,89.27,58.36,15.91,29.83,Clear
03/03/2023,02:30 PM,89.27,57.45,16.27,29.82,Clear
03/03/2023,03:00 PM,88.91,57.73,16.27,29.81,Clear
03/03/2023,03:30 PM,88.55,58.09,16.18,29.81,Clear
03/03/2023,04:00 PM,87.82,59.09,15.91,29.81,Clear
03/03/2023,04:30 PM,87.00,60.91,15.45,29.81,Clear
03/03/2023,05:00 PM,86.18,62.73,14.82,29.81,Clear
03/03/2023,05:30 PM,85.36,64.55,14.00,29.82,Clear
03/03/2023,06:00 PM,84.55,66.73,13.18,29.83,Clear
03/03/2023,06:30 PM,83.73,68.91,12.27,29.84,Clear
03/03/2023,07:00 PM,83.09,70.82,11.36,29.85,Clear
03/03/2023,07:30 PM,82.45,73.00,10.45,29.86,Clear
03/03/2023,08:00 PM,81.64,75.82,9.27,29.87,Clear
03/03/2023,08:30 PM,81.00,77.73,8.55,29.88,Clear
03/03/2023,09:00 PM,80.55,79.27,7.73,29.88,Clear
03/03/2023,09:30 PM,80.27,80.45,6.73,29.89,Clear
03/03/2023,10:00 PM,79.91,81.36,5.64,29.89,Clear
03/03/2023,10:30 PM,79.36,82.73,4.73,29.89,Clear
03/03/2023,11:00 PM,78.82,83.64,4.45,29.89,Clear
03/03/2023,11:30 PM,78.27,84.55,4.00,29.89,Clear
04/03/2023,12:00 AM,77.55,85.91,3.45,29.88,Clear
04/03/2023,12:30 AM,76.82,87.27,2.91,29.88,Clear
04/03/2023,01:00 AM,76.09,88.64,2.36,29.87,Clear
04/03/2023,01:30 AM,75.55,89.64,1.91,29.87,Clear
04/03/2023,02:00 AM,75.00,90.64,1.27,29.86,Clear
04/03/2023,02:30 AM,74.45,91.64,0.82,29.86,Clear
04/03/2023,03:00 AM,73.91,92.64,0.55,29.85,Clear
04/03/2023,03:30 AM,73.55,93.09,0.55,29.85,Clear
04/03/2023,04:00 AM,73.27,93.64,0.55,29.85,Clear
04/03/2023,04:30 AM,73.09,94.09,0.73,29.85,Clear
04/03/2023,05:00 AM,72.91,95.09,0.64,29.85,Clear
04/03/2023,05:30 AM,73.09,95.09,0.64,29.86,Clear
04/03/2023,06:00 AM,73.45,95.09,0.64,29.86,Clear
04/03/2023,06:30 AM,74.18,94.18,0.64,29.87,Clear
04/03/2023,07:00 AM,75.00,92.82,1.09,29.88,Clear
04/03/2023,07:30 AM,76.00,91.00,1.91,29.89,Clear
04/03/2023,08:00 AM,77.00,89.18,2.64,29.90,Clear
04/03/2023,08:30 AM,78.18,86.64,3.73,29.91,Clear
04/03/2023,09:00 AM,79.36,84.09,5.00,29.91,Clear
04/03/2023,09:30 AM,80.82,80.27,6.45,29.91,Clear
04/03/2023,10:00 AM,82.18,77.00,7.64,29.91,Clear
04/03/2023,10:30 AM,83.55,73.18,9.09,29.91,Clear
04/03/2023,11:00 AM,84.73,69.91,10.55,29.90,Clear
04/03/2023,11:30 AM,85.73,66.64,12.18,29.90,Clear
04/03/2023,12:00 PM,86.36,64.27,14.00,29.89,Clear
04/03/2023,12:30 PM,86.73,62.73,15.18,29.88,Clear
04/03/2023,01:00 PM,86.91,61.64,15.91,29.86,Clear
04/03/2023,01:30 PM,87.09,60.55,16.73,29.85,Clear
04/03/2023,02:00 PM,86.91,60.55,17.45,29.84,Clear
04/03/2023,02:30 PM,86.73,60.18,17.82,29.83,Clear
04/03/2023,03:00 PM,86.18,60.91,17.64,29.83,Clear
04/03/2023,03:30 PM,85.64,61.64,17.09,29.82,Clear
04/03/2023,04:00 PM,85.00,63.09,16.55,29.82,Clear
04/03/2023,04:30 PM,84.36,64.55,16.00,29.82,Clear
04/03/2023,05:00 PM,83.73,66.00,15.18,29.82,Clear
04/03/2023,05:30 PM,82.91,67.82,13.91,29.82,Clear
04/03/2023,06:00 PM,82.09,69.73,12.55,29.83,Clear
04/03/2023,06:30 PM,81.27,71.64,11.45,29.83,Clear
04/03/2023,07:00 PM,80.45,73.55,10.55,29.84,Clear
04/03/2023,07:30 PM,79.82,75.09,9.27,29.85,Clear
04/03/2023,08:00 PM,79.18,77.00,8.18,29.86,Clear
04/03/2023,08:30 PM,78.73,78.55,7.36,29.87,Clear
04/03/2023,09:00 PM,78.09,80.64,6.82,29.88,Clear
04/03/2023,09:30 PM,77.55,82.00,6.00,29.88,Clear
04/03/2023,10:00 PM,76.82,83.27,5.27,29.88,Clear
04/03/2023,10:30 PM,76.09,84.55,4.45,29.88,Clear
04/03/2023,11:00 PM,75.45,86.00,3.91,29.88,Clear
04/03/2023,11:30 PM,75.00,87.00,3.64,29.88,Clear
05/03/2023,12:00 AM,74.55,88.00,3.18,29.88,Clear
05/03/2023,12:30 AM,74.09,89.00,2.55,29.87,Clear
05/03/2023,01:00 AM,73.64,90.00,2.00,29.86,Clear
05/03/2023,01:30 AM,73.18,91.00,1.45,29.85,Clear
05/03/2023,02:00 AM,72.73,92.00,1.18,29.85,Clear
05/03/2023,02:30 AM,72.27,93.00,0.64,29.84,Clear
05/03/2023,03:00 AM,71.82,94.00,0.36,29.83,Clear
05/03/2023,03:30 AM,71.55,94.55,0.18,29.83,Clear
05/03/2023,04:00 AM,71.27,95.09,0.18,29.83,Clear
05/03/2023,04:30 AM,71.09,95.09,0.45,29.83,Clear
05/03/2023,05:00 AM,70.91,95.64,0.73,29.83,Clear
05/03/2023,05:30 AM,71.00,96.18,0.73,29.84,Clear
05/03/2023,06:00 AM,71.64,95.73,1.18,29.85,Clear
05/03/2023,06:30 AM,72.45,94.82,1.82,29.85,Clear
05/03/2023,07:00 AM,73.55,93.00,3.18,29.86,Clear
05/03/2023,07:30 AM,74.64,90.82,4.18,29.87,Clear
05/03/2023,08:00 AM,76.09,87.36,5.45,29.88,Clear
05/03/2023,08:30 AM,77.55,83.91,6.82,29.89,Clear
05/03/2023,09:00 AM,79.18,80.36,8.27,29.89,Clear
05/03/2023,09:30 AM,80.82,76.82,9.82,29.90,Clear
05/03/2023,10:00 AM,82.45,73.00,11.45,29.90,Clear
05/03/2023,10:30 AM,84.09,68.64,13.00,29.89,Clear
05/03/2023,11:00 AM,85.45,64.27,14.64,29.89,Clear
05/03/2023,11:30 AM,86.45,60.64,15.45,29.88,Clear
05/03/2023,12:00 PM,87.27,57.45,16.18,29.88,Clear
05/03/2023,12:30 PM,87.64,55.73,16.18,29.87,Clear
05/03/2023,01:00 PM,88.00,54.36,16.45,29.85,Clear
05/03/2023,01:30 PM,88.18,53.45,16.73,29.84,Clear
05/03/2023,02:00 PM,88.36,52.55,16.73,29.83,Clear
05/03/2023,02:30 PM,88.18,52.55,16.64,29.82,Clear
05/03/2023,03:00 PM,88.00,52.18,16.45,29.82,Clear
05/03/2023,03:30 PM,87.45,53.09,15.91,29.81,Clear
05/03/2023,04:00 PM,86.91,54.00,15.27,29.81,Clear
05/03/2023,04:30 PM,86.27,55.64,14.36,29.81,Clear
05/03/2023,05:00 PM,85.45,57.91,13.73,29.81,Clear
05/03/2023,05:30 PM,84.45,60.18,13.09,29.81,Clear
05/03/2023,06:00 PM,83.64,62.27,12.27,29.82,Clear
05/03/2023,06:30 PM,82.82,64.36,11.27,29.82,Clear
05/03/2023,07:00 PM,81.82,66.73,10.27,29.83,Clear
05/03/2023,07:30 PM,80.82,69.09,9.55,29.84,Clear
05/03/2023,08:00 PM,80.00,71.64,8.82,29.84,Clear
05/03/2023,08:30 PM,79.18,74.09,8.18,29.85,Clear
05/03/2023,09:00 PM,78.73,75.55,7.64,29.85,Clear
05/03/2023,09:30 PM,78.09,77.45,7.00,29.86,Clear
05/03/2023,10:00 PM,77.55,78.64,6.82,29.86,Clear
05/03/2023,10:30 PM,77.00,79.45,6.82,29.86,Clear
05/03/2023,11:00 PM,76.64,80.27,6.73,29.86,Clear
05/03/2023,11:30 PM,76.09,81.18,6.73,29.86,Clear
06/03/2023,12:00 AM,75.55,82.09,6.82,29.86,Clear
06/03/2023,12:30 AM,75.09,83.00,6.27,29.85,Clear
06/03/2023,01:00 AM,74.64,83.91,5.64,29.85,Clear
06/03/2023,01:30 AM,74.00,84.91,5.00,29.84,Clear
06/03/2023,02:00 AM,73.36,86.36,4.27,29.83,Clear
06/03/2023,02:30 AM,72.55,88.36,3.45,29.83,Clear
06/03/2023,03:00 AM,71.91,89.36,3.09,29.82,Clear
06/03/2023,03:30 AM,71.27,90.91,2.82,29.82,Clear
06/03/2023,04:00 AM,70.64,92.45,2.18,29.81,Clear
06/03/2023,04:30 AM,70.00,94.00,1.55,29.81,Clear
06/03/2023,05:00 AM,69.55,95.09,1.18,29.82,Clear
06/03/2023,05:30 AM,69.55,95.64,0.82,29.82,Clear
06/03/2023,06:00 AM,70.00,95.73,1.00,29.83,Clear
06/03/2023,06:30 AM,70.82,94.91,1.55,29.83,Clear
06/03/2023,07:00 AM,71.91,93.09,2.91,29.84,Clear
06/03/2023,07:30 AM,73.18,90.91,4.27,29.84,Clear
06/03/2023,08:00 AM,74.64,87.82,5.64,29.85,Clear
06/03/2023,08:30 AM,76.45,84.27,7.00,29.85,Clear
06/03/2023,09:00 AM,78.09,80.18,8.36,29.86,Clear
06/03/2023,09:30 AM,79.91,75.55,10.18,29.86,Clear
06/03/2023,10:00 AM,81.73,70.91,12.09,29.86,Clear
06/03/2023,10:30 AM,83.73,66.00,13.82,29.86,Clear
06/03/2023,11:00 AM,85.09,61.91,15.27,29.85,Clear
06/03/2023,11:30 AM,86.09,58.27,16.73,29.84,Clear
06/03/2023,12:00 PM,86.73,55.82,17.64,29.83,Clear
06/03/2023,12:30 PM,87.45,53.55,18.09,29.82,Clear
06/03/2023,01:00 PM,87.82,51.91,18.55,29.81,Clear
06/03/2023,01:30 PM,88.18,50.91,18.82,29.80,Clear
06/03/2023,02:00 PM,88.00,51.18,18.91,29.79,Clear
06/03/2023,02:30 PM,88.00,51.45,19.09,29.78,Clear
06/03/2023,03:00 PM,87.64,52.64,18.73,29.78,Clear
06/03/2023,03:30 PM,87.09,54.18,18.09,29.77,Clear
06/03/2023,04:00 PM,86.27,56.36,17.36,29.77,Clear
06/03/2023,04:30 PM,85.64,58.27,16.36,29.77,Clear
06/03/2023,05:00 PM,84.82,60.55,15.36,29.77,Clear
06/03/2023,05:30 PM,84.00,62.55,14.55,29.78,Clear
06/03/2023,06:00 PM,83.00,64.82,13.27,29.78,Clear
06/03/2023,06:30 PM,82.18,66.82,11.91,29.79,Clear
06/03/2023,07:00 PM,81.36,68.55,10.73,29.80,Clear
06/03/2023,07:30 PM,80.36,70.36,9.09,29.81,Clear
06/03/2023,08:00 PM,79.18,73.09,7.27,29.82,Clear
06/03/2023,08:30 PM,78.18,75.45,6.27,29.83,Clear
06/03/2023,09:00 PM,77.36,77.45,5.27,29.83,Clear
06/03/2023,09:30 PM,76.55,79.64,4.36,29.84,Clear
06/03/2023,10:00 PM,75.73,81.82,3.73,29.85,Clear
06/03/2023,10:30 PM,75.09,83.64,3.27,29.85,Clear
06/03/2023,11:00 PM,74.45,85.45,2.64,29.85,Clear
06/03/2023,11:30 PM,73.91,87.27,2.36,29.85,Clear
07/03/2023,12:00 AM,73.36,89.09,2.18,29.85,Clear
07/03/2023,12:30 AM,72.73,90.91,1.82,29.84,Clear
07/03/2023,01:00 AM,72.45,92.36,2.00,29.84,Clear
07/03/2023,01:30 AM,72.18,93.45,2.00,29.83,Clear
07/03/2023,02:00 AM,71.91,94.00,1.55,29.83,Clear
07/03/2023,02:30 AM,71.64,94.55,1.55,29.82,Clear
07/03/2023,03:00 AM,71.45,94.55,1.55,29.81,Clear
07/03/2023,03:30 AM,71.27,94.55,2.00,29.81,Clear
07/03/2023,04:00 AM,71.09,94.55,1.82,29.81,Clear
07/03/2023,04:30 AM,70.91,94.55,1.82,29.80,Clear
07/03/2023,05:00 AM,70.82,94.55,1.55,29.81,Clear
07/03/2023,05:30 AM,71.00,94.55,1.55,29.81,Clear
07/03/2023,06:00 AM,71.64,93.55,1.45,29.81,Clear
07/03/2023,06:30 AM,72.45,92.64,1.82,29.82,Clear
07/03/2023,07:00 AM,73.55,90.73,2.64,29.82,Clear
07/03/2023,07:30 AM,74.82,88.91,3.55,29.83,Clear
07/03/2023,08:00 AM,76.27,86.36,4.18,29.84,Clear
07/03/2023,08:30 AM,77.73,83.45,5.09,29.84,Clear
07/03/2023,09:00 AM,79.36,80.18,6.00,29.84,Clear
07/03/2023,09:30 AM,81.00,76.91,7.36,29.85,Clear
07/03/2023,10:00 AM,82.64,73.36,8.73,29.85,Clear
07/03/2023,10:30 AM,84.09,69.82,10.09,29.84,Clear
07/03/2023,11:00 AM,85.27,66.27,11.18,29.84,Clear
07/03/2023,11:30 AM,86.09,63.73,12.64,29.83,Clear
07/03/2023,12:00 PM,86.91,60.82,13.55,29.83,Clear
07/03/2023,12:30 PM,87.45,58.64,14.09,29.82,Clear
07/03/2023,01:00 PM,87.82,56.91,14.55,29.81,Clear
07/03/2023,01:30 PM,88.00,55.91,14.91,29.80,Clear
07/03/2023,02:00 PM,88.00,55.55,15.18,29.79,Clear
07/03/2023,02:30 PM,87.82,55.91,15.27,29.78,Clear
07/03/2023,03:00 PM,87.45,56.27,15.36,29.78,Clear
07/03/2023,03:30 PM,86.91,57.27,15.27,29.78,Clear
07/03/2023,04:00 PM,86.36,58.64,15.09,29.77,Clear
07/03/2023,04:30 PM,85.73,60.00,14.36,29.77,Clear
07/03/2023,05:00 PM,85.09,61.36,13.45,29.78,Clear
07/03/2023,05:30 PM,84.27,63.36,12.73,29.78,Clear
07/03/2023,06:00 PM,83.64,65.09,11.91,29.78,Clear
07/03/2023,06:30 PM,82.82,67.18,11.27,29.79,Clear
07/03/2023,07:00 PM,82.00,69.27,10.64,29.80,Clear
07/03/2023,07:30 PM,81.36,71.55,9.73,29.81,Clear
07/03/2023,08:00 PM,80.73,73.00,8.73,29.82,Clear
07/03/2023,08:30 PM,80.09,74.91,7.27,29.82,Clear
07/03/2023,09:00 PM,79.45,77.00,6.00,29.83,Clear
07/03/2023,09:30 PM,78.64,79.18,4.82,29.84,Clear
07/03/2023,10:00 PM,77.91,80.82,4.18,29.84,Clear
07/03/2023,10:30 PM,77.18,82.45,4.09,29.84,Clear
07/03/2023,11:00 PM,76.45,83.73,3.82,29.85,Clear
07/03/2023,11:30 PM,75.64,85.55,3.73,29.84,Clear
08/03/2023,12:00 AM,75.00,87.00,3.45,29.84,Clear
08/03/2023,12:30 AM,74.36,88.45,3.09,29.84,Clear
08/03/2023,01:00 AM,73.73,89.45,2.82,29.83,Clear
08/03/2023,01:30 AM,73.09,90.91,2.55,29.83,Clear
08/03/2023,02:00 AM,72.64,91.91,2.73,29.82,Clear
08/03/2023,02:30 AM,72.18,92.91,3.27,29.82,Clear
08/03/2023,03:00 AM,72.09,92.91,3.27,29.81,Clear
08/03/2023,03:30 AM,71.82,94.00,3.45,29.81,Clear
08/03/2023,04:00 AM,71.55,95.09,3.18,29.80,Clear
08/03/2023,04:30 AM,71.27,96.18,2.73,29.80,Clear
08/03/2023,05:00 AM,71.27,96.73,2.73,29.80,Clear
08/03/2023,05:30 AM,71.73,96.73,2.55,29.81,Clear
08/03/2023,06:00 AM,72.36,96.27,2.45,29.81,Clear
08/03/2023,06:30 AM,73.27,94.91,2.73,29.81,Clear
08/03/2023,07:00 AM,74.36,93.09,3.18,29.82,Clear
08/03/2023,07:30 AM,75.64,90.91,3.82,29.83,Clear
08/03/2023,08:00 AM,77.27,87.82,4.45,29.83,Clear
08/03/2023,08:30 AM,78.73,84.91,5.55,29.84,Clear
08/03/2023,09:00 AM,80.55,80.82,6.45,29.84,Clear
08/03/2023,09:30 AM,82.36,76.45,7.64,29.84,Clear
08/03/2023,10:00 AM,84.18,72.09,9.00,29.84,Clear
08/03/2023,10:30 AM,85.82,68.00,9.91,29.83,Clear
08/03/2023,11:00 AM,87.00,64.45,11.00,29.83,Clear
08/03/2023,11:30 AM,88.00,61.36,12.09,29.82,Clear
08/03/2023,12:00 PM,88.73,59.18,12.82,29.81,Clear
08/03/2023,12:30 PM,89.27,57.45,13.27,29.80,Clear
08/03/2023,01:00 PM,89.45,56.36,13.64,29.79,Clear
08/03/2023,01:30 PM,89.45,55.64,13.73,29.78,Clear
08/03/2023,02:00 PM,89.45,55.27,14.09,29.77,Clear
08/03/2023,02:30 PM,89.09,55.91,14.27,29.77,Clear
08/03/2023,03:00 PM,88.55,57.18,14.18,29.76,Clear
08/03/2023,03:30 PM,88.00,58.45,14.36,29.76,Clear
08/03/2023,04:00 PM,87.27,59.82,14.09,29.76,Clear
08/03/2023,04:30 PM,86.45,61.55,13.00,29.75,Clear
08/03/2023,05:00 PM,85.64,63.27,12.55,29.76,Clear
08/03/2023,05:30 PM,84.82,65.00,12.00,29.76,Clear
08/03/2023,06:00 PM,84.00,66.73,11.64,29.76,Clear
08/03/2023,06:30 PM,83.18,69.00,11.00,29.77,Clear
08/03/2023,07:00 PM,82.36,71.27,10.36,29.78,Clear
08/03/2023,07:30 PM,81.55,73.55,9.45,29.78,Clear
08/03/2023,08:00 PM,80.91,75.45,8.64,29.79,Clear
08/03/2023,08:30 PM,80.27,77.00,7.82,29.79,Clear
08/03/2023,09:00 PM,79.45,79.09,6.27,29.80,Clear
08/03/2023,09:30 PM,78.82,80.82,5.18,29.80,Clear
08/03/2023,10:00 PM,78.45,81.64,4.91,29.81,Clear
08/03/2023,10:30 PM,77.73,83.45,4.36,29.81,Clear
08/03/2023,11:00 PM,77.00,85.27,3.82,29.81,Clear
08/03/2023,11:30 PM,76.18,87.09,3.09,29.80,Clear
09/03/2023,12:00 AM,75.55,88.09,2.55,29.80,Clear
09/03/2023,12:30 AM,74.91,89.09,2.36,29.79,Clear
09/03/2023,01:00 AM,74.27,90.09,2.27,29.79,Clear
09/03/2023,01:30 AM,73.64,91.09,1.82,29.78,Clear
09/03/2023,02:00 AM,73.18,92.09,1.36,29.78,Clear
09/03/2023,02:30 AM,72.91,92.55,1.36,29.77,Clear
09/03/2023,03:00 AM,72.64,93.00,1.64,29.77,Clear
09/03/2023,03:30 AM,72.18,94.00,1.64,29.77,Clear
09/03/2023,04:00 AM,72.09,94.55,1.36,29.76,Clear
09/03/2023,04:30 AM,72.00,95.09,1.45,29.76,Clear
09/03/2023,05:00 AM,72.27,95.09,2.00,29.77,Clear
09/03/2023,05:30 AM,72.91,94.64,2.55,29.77,Clear
09/03/2023,06:00 AM,73.73,93.73,2.82,29.77,Clear
09/03/2023,06:30 AM,74.64,92.82,3.27,29.78,Clear
09/03/2023,07:00 AM,75.73,91.45,4.45,29.78,Clear
09/03/2023,07:30 AM,76.82,89.64,5.73,29.79,Clear
09/03/2023,08:00 AM,78.09,87.45,7.00,29.79,Clear
09/03/2023,08:30 AM,79.55,84.55,7.82,29.79,Clear
09/03/2023,09:00 AM,81.18,81.36,9.18,29.80,Clear
09/03/2023,09:30 AM,82.82,77.27,10.73,29.80,Clear
09/03/2023,10:00 AM,84.45,73.18,11.91,29.80,Clear
09/03/2023,10:30 AM,85.82,69.36,12.82,29.79,Clear
09/03/2023,11:00 AM,86.64,66.27,13.82,29.79,Clear
09/03/2023,11:30 AM,87.27,63.91,14.36,29.78,Clear
09/03/2023,12:00 PM,87.82,61.55,14.91,29.78,Clear
09/03/2023,12:30 PM,88.18,59.64,14.91,29.77,Clear
09/03/2023,01:00 PM,88.55,58.18,14.82,29.76,Clear
09/03/2023,01:30 PM,88.55,57.45,14.82,29.75,Clear
09/03/2023,02:00 PM,88.55,57.09,15.18,29.74,Clear
09/03/2023,02:30 PM,88.18,57.36,15.27,29.74,Clear
09/03/2023,03:00 PM,87.64,58.36,15.00,29.73,Clear
09/03/2023,03:30 PM,86.91,59.73,14.91,29.73,Clear
09/03/2023,04:00 PM,86.18,61.36,14.64,29.72,Clear
09/03/2023,04:30 PM,85.64,62.73,14.18,29.72,Clear
09/03/2023,05:00 PM,85.00,64.18,13.73,29.73,Clear
09/03/2023,05:30 PM,84.36,65.64,13.09,29.73,Clear
09/03/2023,06:00 PM,83.73,67.55,12.64,29.74,Clear
09/03/2023,06:30 PM,83.09,69.45,12.09,29.74,Clear
09/03/2023,07:00 PM,82.64,71.00,11.45,29.75,Clear
09/03/2023,07:30 PM,82.00,72.91,10.64,29.76,Clear
09/03/2023,08:00 PM,81.55,74.45,9.45,29.77,Clear
09/03/2023,08:30 PM,81.09,76.00,8.18,29.78,Clear
09/03/2023,09:00 PM,80.82,77.18,6.91,29.79,Clear
09/03/2023,09:30 PM,80.55,78.36,5.91,29.79,Clear
09/03/2023,10:00 PM,80.27,79.55,4.82,29.79,Clear
09/03/2023,10:30 PM,79.91,80.91,4.00,29.80,Clear
09/03/2023,11:00 PM,79.55,82.27,3.36,29.80,Clear
09/03/2023,11:30 PM,79.18,83.18,2.91,29.79,Clear
10/03/2023,12:00 AM,78.82,84.09,2.27,29.79,Clear
10/03/2023,12:30 AM,78.27,85.45,1.64,29.78,Clear
10/03/2023,01:00 AM,77.73,86.82,1.00,29.78,Clear
10/03/2023,01:30 AM,77.18,88.18,0.73,29.77,Clear
10/03/2023,02:00 AM,76.64,89.73,0.73,29.76,Clear
10/03/2023,02:30 AM,76.09,91.27,0.64,29.75,Clear
10/03/2023,03:00 AM,75.55,92.27,0.45,29.75,Clear
10/03/2023,03:30 AM,75.00,93.27,0.45,29.75,Clear
10/03/2023,04:00 AM,74.64,93.73,0.45,29.74,Clear
10/03/2023,04:30 AM,74.27,94.73,0.55,29.75,Clear
10/03/2023,05:00 AM,74.09,95.18,0.45,29.75,Clear
10/03/2023,05:30 AM,74.09,95.64,0.73,29.75,Clear
10/03/2023,06:00 AM,74.64,95.18,1.00,29.76,Clear
10/03/2023,06:30 AM,75.18,94.73,1.18,29.77,Clear
10/03/2023,07:00 AM,76.00,92.91,2.00,29.77,Clear
10/03/2023,07:30 AM,77.18,90.18,3.18,29.78,Clear
10/03/2023,08:00 AM,78.55,86.73,4.45,29.79,Clear
10/03/2023,08:30 AM,79.91,83.45,5.64,29.80,Clear
10/03/2023,09:00 AM,81.45,79.64,6.91,29.80,Clear
10/03/2023,09:30 AM,82.64,76.09,8.18,29.80,Clear
10/03/2023,10:00 AM,84.00,72.00,9.09,29.80,Clear
10/03/2023,10:30 AM,85.18,68.45,10.00,29.80,Clear
10/03/2023,11:00 AM,86.36,64.91,10.91,29.79,Clear
10/03/2023,11:30 AM,87.00,62.09,11.82,29.78,Clear
10/03/2023,12:00 PM,87.82,58.73,12.82,29.78,Clear
10/03/2023,12:30 PM,88.36,57.00,13.27,29.77,Clear
10/03/2023,01:00 PM,88.73,55.64,13.36,29.76,Clear
10/03/2023,01:30 PM,88.73,55.27,13.45,29.74,Clear
10/03/2023,02:00 PM,88.55,55.64,13.36,29.73,Clear
10/03/2023,02:30 PM,88.00,56.91,13.36,29.72,Clear
10/03/2023,03:00 PM,87.82,57.91,13.36,29.72,Clear
10/03/2023,03:30 PM,87.27,59.27,13.36,29.71,Clear
10/03/2023,04:00 PM,86.73,60.64,13.36,29.71,Clear
10/03/2023,04:30 PM,85.91,62.36,13.09,29.71,Clear
10/03/2023,05:00 PM,85.27,63.82,12.73,29.71,Clear
10/03/2023,05:30 PM,84.45,66.27,12.27,29.71,Clear
10/03/2023,06:00 PM,83.64,68.45,11.64,29.71,Clear
10/03/2023,06:30 PM,82.64,71.00,11.09,29.72,Clear
10/03/2023,07:00 PM,81.82,73.27,10.45,29.73,Clear
10/03/2023,07:30 PM,81.18,75.18,10.00,29.74,Clear
10/03/2023,08:00 PM,80.73,76.73,9.27,29.75,Clear
10/03/2023,08:30 PM,80.09,78.82,8.45,29.76,Clear
10/03/2023,09:00 PM,79.64,80.55,7.73,29.77,Clear
10/03/2023,09:30 PM,79.18,82.27,6.91,29.78,Clear
10/03/2023,10:00 PM,78.82,83.64,6.27,29.78,Clear
10/03/2023,10:30 PM,78.27,85.00,5.64,29.79,Clear
10/03/2023,11:00 PM,77.55,86.36,4.91,29.79,Clear
10/03/2023,11:30 PM,76.82,87.73,4.27,29.79,Rain
11/03/2023,12:00 AM,76.27,88.73,3.55,29.79,Clear
11/03/2023,12:30 AM,75.64,89.73,2.82,29.79,Clear
11/03/2023,01:00 AM,75.00,91.27,2.18,29.78,Clear
11/03/2023,01:30 AM,74.36,92.27,1.82,29.78,Clear
11/03/2023,02:00 AM,73.91,92.73,1.55,29.78,Clear
11/03/2023,02:30 AM,73.45,93.18,1.09,29.77,Clear
11/03/2023,03:00 AM,73.00,93.64,1.00,29.77,Clear
11/03/2023,03:30 AM,72.55,94.09,1.18,29.76,Clear
11/03/2023,04:00 AM,72.27,94.55,1.18,29.76,Clear
11/03/2023,04:30 AM,72.18,95.09,1.27,29.76,Clear
11/03/2023,05:00 AM,72.18,95.64,1.27,29.76,Clear
11/03/2023,05:30 AM,72.73,94.64,1.36,29.77,Clear
11/03/2023,06:00 AM,73.55,94.18,1.45,29.77,Clear
11/03/2023,06:30 AM,74.45,92.73,2.18,29.77,Clear
11/03/2023,07:00 AM,75.55,91.36,2.91,29.78,Clear
11/03/2023,07:30 AM,76.82,89.18,3.82,29.78,Clear
11/03/2023,08:00 AM,78.27,85.91,4.91,29.79,Clear
11/03/2023,08:30 AM,79.73,82.64,5.82,29.79,Clear
11/03/2023,09:00 AM,81.36,78.82,6.64,29.80,Clear
11/03/2023,09:30 AM,83.00,75.00,7.82,29.80,Clear
11/03/2023,10:00 AM,84.64,70.64,9.09,29.80,Clear
11/03/2023,10:30 AM,86.18,66.55,10.36,29.80,Clear
11/03/2023,11:00 AM,87.18,64.00,11.55,29.80,Clear
11/03/2023,11:30 AM,87.82,61.18,12.73,29.80,Clear
11/03/2023,12:00 PM,88.55,58.55,13.18,29.79,Clear
11/03/2023,12:30 PM,88.91,56.64,13.36,29.78,Clear
11/03/2023,01:00 PM,89.09,55.55,13.36,29.77,Clear
11/03/2023,01:30 PM,89.09,55.55,13.36,29.77,Clear
11/03/2023,02:00 PM,89.09,55.55,13.45,29.76,Clear
11/03/2023,02:30 PM,88.91,56.09,13.36,29.75,Clear
11/03/2023,03:00 PM,88.55,57.00,13.09,29.75,Clear
11/03/2023,03:30 PM,88.00,58.27,12.82,29.74,Clear
11/03/2023,04:00 PM,87.27,59.27,12.45,29.74,Clear
11/03/2023,04:30 PM,86.45,60.64,11.73,29.74,Clear
11/03/2023,05:00 PM,85.82,61.73,11.00,29.74,Clear
11/03/2023,05:30 PM,84.82,63.45,10.00,29.74,Clear
11/03/2023,06:00 PM,83.82,65.27,9.09,29.74,Clear
11/03/2023,06:30 PM,82.82,67.09,8.09,29.75,Clear
11/03/2023,07:00 PM,81.45,69.36,7.00,29.76,Clear
11/03/2023,07:30 PM,80.27,71.64,5.82,29.76,Clear
11/03/2023,08:00 PM,78.82,74.36,4.82,29.77,Clear
11/03/2023,08:30 PM,77.55,76.73,3.91,29.78,Clear
11/03/2023,09:00 PM,76.45,78.73,2.82,29.79,Clear
11/03/2023,09:30 PM,75.36,81.27,1.91,29.79,Clear
11/03/2023,10:00 PM,74.36,83.45,1.36,29.80,Clear
11/03/2023,10:30 PM,73.36,85.64,0.82,29.80,Clear
11/03/2023,11:00 PM,72.55,87.45,0.64,29.80,Clear
11/03/2023,11:30 PM,71.91,88.91,0.45,29.80,Clear
12/03/2023,12:00 AM,71.27,90.36,0.36,29.80,Clear
12/03/2023,12:30 AM,71.00,91.36,0.36,29.79,Clear
12/03/2023,01:00 AM,70.55,92.36,0.36,29.79,Clear
12/03/2023,01:30 AM,70.18,93.45,0.18,29.78,Clear
12/03/2023,02:00 AM,69.82,94.55,0.00,29.78,Clear
12/03/2023,02:30 AM,69.64,95.09,0.00,29.77,Clear
12/03/2023,03:00 AM,69.64,95.09,0.00,29.77,Clear
12/03/2023,03:30 AM,69.45,95.64,0.00,29.77,Clear
12/03/2023,04:00 AM,69.27,96.18,0.00,29.76,Clear
12/03/2023,04:30 AM,69.09,96.73,0.00,29.76,Clear
12/03/2023,05:00 AM,69.27,96.73,0.00,29.77,Clear
12/03/2023,05:30 AM,69.55,97.27,0.27,29.77,Clear
12/03/2023,06:00 AM,70.36,96.82,0.55,29.77,Clear
12/03/2023,06:30 AM,71.36,95.91,1.27,29.78,Clear
12/03/2023,07:00 AM,72.64,94.00,2.36,29.78,Clear
12/03/2023,07:30 AM,74.27,91.27,3.64,29.79,Clear
12/03/2023,08:00 AM,75.73,89.09,4.82,29.79,Clear
12/03/2023,08:30 AM,77.36,86.18,6.00,29.80,Clear
12/03/2023,09:00 AM,79.00,82.73,7.09,29.80,Clear
12/03/2023,09:30 AM,81.00,78.64,8.27,29.80,Clear
12/03/2023,10:00 AM,82.82,74.82,9.55,29.80,Clear
12/03/2023,10:30 AM,84.45,71.27,10.91,29.80,Clear
12/03/2023,11:00 AM,86.00,67.18,11.91,29.79,Clear
12/03/2023,11:30 AM,86.82,64.36,13.09,29.79,Clear
12/03/2023,12:00 PM,87.64,61.73,13.82,29.78,Clear
12/03/2023,12:30 PM,88.36,59.55,14.18,29.77,Clear
12/03/2023,01:00 PM,88.55,58.45,14.45,29.76,Clear
12/03/2023,01:30 PM,88.73,57.36,14.73,29.75,Clear
12/03/2023,02:00 PM,88.73,57.00,15.00,29.74,Clear
12/03/2023,02:30 PM,88.73,57.00,15.27,29.73,Clear
12/03/2023,03:00 PM,88.18,58.00,15.45,29.72,Clear
12/03/2023,03:30 PM,87.64,59.09,15.27,29.72,Clear
12/03/2023,04:00 PM,86.91,60.45,14.82,29.71,Clear
12/03/2023,04:30 PM,86.09,62.18,14.64,29.71,Clear
12/03/2023,05:00 PM,85.45,64.09,14.00,29.71,Clear
12/03/2023,05:30 PM,84.64,66.27,13.09,29.72,Clear
12/03/2023,06:00 PM,83.82,68.45,12.27,29.72,Clear
12/03/2023,06:30 PM,83.00,70.73,11.45,29.73,Clear
12/03/2023,07:00 PM,82.18,73.00,10.64,29.74,Clear
12/03/2023,07:30 PM,81.36,75.27,9.73,29.75,Clear
12/03/2023,08:00 PM,80.73,77.18,8.82,29.76,Clear
12/03/2023,08:30 PM,80.27,78.73,7.91,29.77,Clear
12/03/2023,09:00 PM,80.00,79.91,7.27,29.78,Clear
12/03/2023,09:30 PM,79.36,81.64,6.36,29.79,Clear
12/03/2023,10:00 PM,78.82,83.00,5.27,29.79,Clear
12/03/2023,10:30 PM,78.27,83.91,4.45,29.80,Clear
12/03/2023,11:00 PM,77.73,84.82,3.91,29.80,Clear
12/03/2023,11:30 PM,77.00,86.18,3.27,29.80,Clear
13/03/2023,12:00 AM,76.45,87.18,2.55,29.79,Clear
13/03/2023,12:30 AM,75.91,88.18,1.91,29.79,Clear
13/03/2023,01:00 AM,75.36,89.18,1.36,29.79,Clear
13/03/2023,01:30 AM,75.00,90.18,0.91,29.78,Clear
13/03/2023,02:00 AM,74.64,91.18,0.45,29.78,Clear
13/03/2023,02:30 AM,74.09,92.18,0.45,29.77,Clear
13/03/2023,03:00 AM,74.09,92.18,1.09,29.77,Clear
13/03/2023,03:30 AM,73.91,92.64,1.55,29.77,Clear
13/03/2023,04:00 AM,73.64,93.09,1.55,29.77,Clear
13/03/2023,04:30 AM,73.36,93.55,1.55,29.77,Clear
13/03/2023,05:00 AM,73.36,93.55,1.55,29.77,Clear
13/03/2023,05:30 AM,73.91,92.09,1.73,29.77,Clear
13/03/2023,06:00 AM,74.45,91.09,2.18,29.78,Clear
13/03/2023,06:30 AM,75.27,89.27,3.09,29.78,Clear
13/03/2023,07:00 AM,76.09,86.73,3.91,29.78,Clear
13/03/2023,07:30 AM,77.09,83.82,5.27,29.79,Clear
13/03/2023,08:00 AM,78.27,80.55,6.27,29.79,Clear
13/03/2023,08:30 AM,79.45,77.45,7.09,29.80,Clear
13/03/2023,09:00 AM,80.82,73.91,8.27,29.80,Clear
13/03/2023,09:30 AM,82.45,70.09,10.09,29.80,Clear
13/03/2023,10:00 AM,84.09,66.00,11.55,29.79,Clear
13/03/2023,10:30 AM,85.64,61.91,13.36,29.79,Clear
13/03/2023,11:00 AM,86.64,59.27,15.09,29.78,Clear
13/03/2023,11:30 AM,87.64,56.18,16.55,29.77,Clear
13/03/2023,12:00 PM,88.36,54.18,17.55,29.76,Clear
13/03/2023,12:30 PM,88.91,52.64,18.55,29.75,Clear
13/03/2023,01:00 PM,89.27,51.45,18.73,29.74,Clear
13/03/2023,01:30 PM,89.64,50.64,19.09,29.72,Clear
13/03/2023,02:00 PM,89.64,50.36,19.09,29.71,Clear
13/03/2023,02:30 PM,89.64,50.09,19.00,29.70,Clear
13/03/2023,03:00 PM,89.27,50.64,18.55,29.69,Clear
13/03/2023,03:30 PM,88.73,51.45,18.45,29.69,Clear
13/03/2023,04:00 PM,88.00,53.00,17.73,29.69,Clear
13/03/2023,04:30 PM,87.18,54.91,16.91,29.69,Clear
13/03/2023,05:00 PM,86.36,56.82,15.91,29.69,Clear
13/03/2023,05:30 PM,85.55,58.45,14.82,29.69,Clear
13/03/2023,06:00 PM,84.55,60.73,13.45,29.70,Clear
13/03/2023,06:30 PM,83.36,63.36,12.64,29.71,Clear
13/03/2023,07:00 PM,82.18,66.00,11.45,29.72,Clear
13/03/2023,07:30 PM,81.18,68.36,10.64,29.73,Clear
13/03/2023,08:00 PM,80.00,71.18,9.36,29.74,Clear
13/03/2023,08:30 PM,78.82,73.45,8.00,29.75,Clear
13/03/2023,09:00 PM,77.73,76.18,6.64,29.76,Clear
13/03/2023,09:30 PM,76.82,78.18,5.55,29.77,Clear
13/03/2023,10:00 PM,75.82,80.36,4.45,29.77,Clear
13/03/2023,10:30 PM,74.82,82.55,3.73,29.78,Clear
13/03/2023,11:00 PM,73.82,84.73,2.91,29.78,Clear
13/03/2023,11:30 PM,73.00,86.55,2.45,29.78,Clear
14/03/2023,12:00 AM,72.36,88.00,1.73,29.77,Clear
14/03/2023,12:30 AM,71.55,89.45,1.09,29.77,Clear
14/03/2023,01:00 AM,70.91,90.91,0.45,29.76,Clear
14/03/2023,01:30 AM,70.45,91.91,0.36,29.76,Clear
14/03/2023,02:00 AM,70.18,92.91,0.55,29.75,Clear
14/03/2023,02:30 AM,70.00,93.45,0.55,29.75,Clear
14/03/2023,03:00 AM,69.82,94.00,0.82,29.74,Clear
14/03/2023,03:30 AM,69.64,94.55,1.00,29.74,Clear
14/03/2023,04:00 AM,69.45,94.55,0.82,29.73,Clear
14/03/2023,04:30 AM,69.27,94.55,1.00,29.73,Clear
14/03/2023,05:00 AM,69.27,95.09,1.55,29.73,Clear
14/03/2023,05:30 AM,69.45,95.09,1.55,29.74,Clear
14/03/2023,06:00 AM,70.09,94.64,1.73,29.74,Clear
14/03/2023,06:30 AM,71.09,93.27,2.45,29.74,Clear
14/03/2023,07:00 AM,72.36,91.09,3.45,29.75,Clear
14/03/2023,07:30 AM,73.82,88.18,4.09,29.75,Clear
14/03/2023,08:00 AM,75.45,84.91,5.18,29.76,Clear
14/03/2023,08:30 AM,77.27,80.82,6.27,29.76,Clear
14/03/2023,09:00 AM,79.27,75.91,7.36,29.76,Clear
14/03/2023,09:30 AM,81.27,71.82,8.64,29.76,Clear
14/03/2023,10:00 AM,83.27,67.73,9.91,29.76,Clear
14/03/2023,10:30 AM,85.09,63.36,10.82,29.75,Clear
14/03/2023,11:00 AM,86.73,59.55,12.18,29.74,Clear
14/03/2023,11:30 AM,88.09,56.18,13.27,29.74,Clear
14/03/2023,12:00 PM,89.00,53.45,13.91,29.72,Clear
14/03/2023,12:30 PM,89.55,51.82,14.09,29.71,Clear
14/03/2023,01:00 PM,89.73,51.18,14.73,29.69,Clear
14/03/2023,01:30 PM,89.73,50.91,15.18,29.68,Clear
14/03/2023,02:00 PM,89.55,51.45,15.64,29.67,Clear
14/03/2023,02:30 PM,89.18,52.55,16.18,29.66,Clear
14/03/2023,03:00 PM,88.64,53.73,16.18,29.66,Clear
14/03/2023,03:30 PM,88.09,54.55,16.09,29.65,Clear
14/03/2023,04:00 PM,87.36,55.45,15.91,29.65,Clear
14/03/2023,04:30 PM,86.55,57.09,15.64,29.65,Clear
14/03/2023,05:00 PM,85.73,58.73,15.27,29.65,Clear
14/03/2023,05:30 PM,84.82,60.64,15.09,29.66,Clear
14/03/2023,06:00 PM,83.82,62.64,14.64,29.66,Clear
14/03/2023,06:30 PM,83.00,64.36,13.45,29.67,Clear
14/03/2023,07:00 PM,82.00,66.45,12.45,29.68,Clear
14/03/2023,07:30 PM,81.00,68.55,11.18,29.69,Clear
14/03/2023,08:00 PM,80.00,70.82,9.64,29.70,Clear
14/03/2023,08:30 PM,79.18,72.73,8.64,29.71,Clear
14/03/2023,09:00 PM,78.18,75.45,7.27,29.72,Clear
14/03/2023,09:30 PM,77.27,77.82,6.00,29.73,Clear
14/03/2023,10:00 PM,76.45,79.45,4.91,29.74,Clear
14/03/2023,10:30 PM,75.64,81.09,4.00,29.74,Clear
14/03/2023,11:00 PM,74.82,82.73,2.82,29.74,Clear
14/03/2023,11:30 PM,74.18,84.00,1.91,29.75,Clear
15/03/2023,12:00 AM,73.55,85.27,1.64,29.75,Clear
15/03/2023,12:30 AM,72.91,86.73,1.09,29.74,Clear
15/03/2023,01:00 AM,72.27,88.18,0.73,29.74,Clear
15/03/2023,01:30 AM,71.64,89.73,0.91,29.73,Clear
15/03/2023,02:00 AM,71.00,91.27,1.09,29.73,Clear
15/03/2023,02:30 AM,70.55,92.36,1.36,29.72,Clear
15/03/2023,03:00 AM,70.36,92.91,2.00,29.72,Clear
15/03/2023,03:30 AM,70.18,93.45,2.27,29.72,Clear
15/03/2023,04:00 AM,70.00,94.00,2.50,29.72,Clear
15/03/2023,04:30 AM,69.78,94.67,2.78,29.72,Clear
15/03/2023,05:00 AM,69.50,95.50,3.12,29.72,Clear
15/03/2023,05:30 AM,69.88,95.62,3.75,29.72,Clear
15/03/2023,06:00 AM,71.00,94.25,4.38,29.73,Clear
15/03/2023,06:30 AM,72.38,92.38,5.00,29.74,Clear
15/03/2023,07:00 AM,74.12,89.12,5.50,29.76,Clear
15/03/2023,07:30 AM,76.12,84.88,6.50,29.77,Clear
15/03/2023,08:00 AM,78.38,80.12,7.88,29.78,Clear
15/03/2023,08:30 AM,80.38,75.25,8.62,29.79,Clear
15/03/2023,09:00 AM,82.62,69.62,9.88,29.80,Clear
15/03/2023,09:30 AM,83.44,67.33,9.89,29.79,Clear
15/03/2023,10:00 AM,83.44,67.33,9.89,29.79,Clear
15/03/2023,10:30 AM,83.44,67.33,9.89,29.79,Clear
15/03/2023,11:00 AM,84.50,64.62,10.50,29.79,Clear
15/03/2023,11:30 AM,85.29,62.00,11.29,29.79,Clear
15/03/2023,12:00 PM,86.00,59.17,12.00,29.79,Clear
15/03/2023,12:30 PM,86.80,56.20,12.60,29.79,Clear
15/03/2023,01:00 PM,87.50,53.75,12.50,29.78,Clear
15/03/2023,01:30 PM,88.00,51.00,12.00,29.78,Clear
15/03/2023,02:00 PM,89.00,49.00,11.50,29.78,Clear
15/03/2023,02:30 PM,90.00,49.00,10.00,29.76,Clear
15/03/2023,03:00 PM,89.17,50.88,9.71,29.76,Clear
15/03/2023,03:30 PM,88.33,52.75,9.42,29.76,Clear
15/03/2023,04:00 PM,87.50,54.62,9.12,29.76,Clear
15/03/2023,04:30 PM,86.67,56.50,8.83,29.76,Clear
15/03/2023,05:00 PM,85.83,58.38,8.54,29.75,Clear
15/03/2023,05:30 PM,85.00,60.25,8.25,29.75,Clear
15/03/2023,06:00 PM,84.17,62.12,7.96,29.75,Clear
15/03/2023,06:30 PM,83.33,64.00,7.67,29.75,Clear
15/03/2023,07:00 PM,82.50,65.88,7.38,29.75,Clear
15/03/2023,07:30 PM,81.67,67.75,7.08,29.75,Clear
15/03/2023,08:00 PM,80.83,69.62,6.79,29.75,Clear
15/03/2023,08:30 PM,80.00,71.50,6.50,29.74,Clear
15/03/2023,09:00 PM,79.17,73.38,6.21,29.74,Clear
15/03/2023,09:30 PM,78.33,75.25,5.92,29.74,Clear
15/03/2023,10:00 PM,77.50,77.12,5.62,29.74,Clear
15/03/2023,10:30 PM,76.67,79.00,5.33,29.74,Clear
15/03/2023,11:00 PM,75.83,80.88,5.04,29.74,Clear
15/03/2023,11:30 PM,75.00,82.75,4.75,29.74,Clear
16/03/2023,12:00 AM,74.17,84.62,4.46,29.74,Clear
16/03/2023,12:30 AM,73.33,86.50,4.17,29.74,Clear
16/03/2023,01:00 AM,72.50,88.38,3.88,29.73,Clear
16/03/2023,01:30 AM,71.67,90.25,3.58,29.73,Clear
16/03/2023,02:00 AM,70.83,92.12,3.29,29.73,Clear
16/03/2023,02:30 AM,70.00,94.00,3.00,29.73,Clear
16/03/2023,03:00 AM,70.00,94.00,3.00,29.73,Clear
16/03/2023,03:30 AM,70.00,94.00,3.00,29.73,Clear
16/03/2023,04:00 AM,70.00,94.00,3.00,29.73,Clear
16/03/2023,04:30 AM,70.00,94.00,3.00,29.73,Clear
16/03/2023,05:00 AM,70.00,94.00,3.00,29.73,Clear
16/03/2023,05:30 AM,70.00,94.00,3.00,29.73,Clear
16/03/2023,06:00 AM,70.00,94.00,3.00,29.73,Clear
16/03/2023,06:30 AM,70.00,94.00,3.00,29.73,Clear
16/03/2023,07:00 AM,70.00,94.00,3.00,29.73,Clear
16/03/2023,07:30 AM,77.00,84.00,8.00,29.77,Clear
16/03/2023,08:00 AM,85.00,70.00,13.00,29.81,Clear
16/03/2023,08:30 AM,86.67,66.33,13.00,29.81,Clear
16/03/2023,09:00 AM,87.50,63.50,14.00,29.80,Clear
16/03/2023,09:30 AM,88.00,61.20,14.00,29.80,Clear
16/03/2023,10:00 AM,88.00,61.20,14.00,29.80,Clear
16/03/2023,10:30 AM,88.00,61.20,14.00,29.80,Clear
16/03/2023,11:00 AM,88.33,59.67,14.00,29.80,Clear
16/03/2023,11:30 AM,88.33,59.67,14.00,29.80,Clear
16/03/2023,12:00 PM,88.57,59.00,13.86,29.79,Clear
16/03/2023,12:30 PM,88.50,58.88,14.00,29.78,Clear
16/03/2023,01:00 PM,89.00,56.88,14.25,29.76,Clear
16/03/2023,01:30 PM,89.00,56.38,14.50,29.75,Clear
16/03/2023,02:00 PM,88.86,56.00,14.71,29.74,Clear
16/03/2023,02:30 PM,88.29,57.57,14.57,29.73,Clear
16/03/2023,03:00 PM,87.43,59.57,14.71,29.72,Clear
16/03/2023,03:30 PM,86.75,60.88,14.62,29.72,Clear
16/03/2023,04:00 PM,86.22,61.89,14.33,29.72,Clear
16/03/2023,04:30 PM,85.22,64.33,13.89,29.72,Clear
16/03/2023,05:00 PM,84.80,65.30,13.50,29.72,Clear
16/03/2023,05:30 PM,83.90,67.20,13.40,29.72,Clear
16/03/2023,06:00 PM,83.20,68.80,12.70,29.73,Clear
16/03/2023,06:30 PM,82.50,70.90,11.80,29.74,Clear
16/03/2023,07:00 PM,82.00,72.60,11.00,29.75,Clear
16/03/2023,07:30 PM,81.73,73.55,10.55,29.75,Clear
16/03/2023,08:00 PM,81.09,75.09,9.55,29.76,Clear
16/03/2023,08:30 PM,80.64,76.64,8.45,29.77,Clear
16/03/2023,09:00 PM,80.00,78.36,7.36,29.78,Clear
16/03/2023,09:30 PM,79.36,80.09,6.27,29.78,Clear
16/03/2023,10:00 PM,78.64,81.91,5.55,29.79,Clear
16/03/2023,10:30 PM,77.91,83.73,4.91,29.79,Clear
16/03/2023,11:00 PM,77.18,85.55,4.09,29.80,Clear
16/03/2023,11:30 PM,76.45,87.36,3.82,29.79,Clear
17/03/2023,12:00 AM,75.73,88.73,3.73,29.79,Clear
17/03/2023,12:30 AM,75.00,90.09,3.36,29.78,Clear
17/03/2023,01:00 AM,74.45,91.09,3.09,29.78,Clear
17/03/2023,01:30 AM,73.91,92.09,3.09,29.77,Clear
17/03/2023,02:00 AM,73.36,93.09,3.27,29.77,Clear
17/03/2023,02:30 AM,73.09,93.55,3.09,29.76,Clear
17/03/2023,03:00 AM,72.82,94.00,3.27,29.75,Clear
17/03/2023,03:30 AM,72.73,94.00,3.55,29.75,Clear
17/03/2023,04:00 AM,72.64,94.00,3.73,29.75,Clear
17/03/2023,04:30 AM,72.55,94.55,3.73,29.74,Clear
17/03/2023,05:00 AM,72.73,94.55,3.73,29.75,Clear
17/03/2023,05:30 AM,73.27,94.09,3.45,29.75,Clear
17/03/2023,06:00 AM,74.00,93.18,3.36,29.75,Clear
17/03/2023,06:30 AM,75.00,91.82,3.55,29.76,Clear
17/03/2023,07:00 AM,76.00,90.00,4.00,29.77,Clear
17/03/2023,07:30 AM,77.18,87.82,4.64,29.78,Clear
17/03/2023,08:00 AM,78.82,84.64,5.73,29.78,Clear
17/03/2023,08:30 AM,80.27,81.73,6.64,29.79,Clear
17/03/2023,09:00 AM,81.91,78.18,7.36,29.79,Clear
17/03/2023,09:30 AM,83.64,74.09,8.18,29.79,Clear
17/03/2023,10:00 AM,85.36,69.45,9.09,29.79,Clear
17/03/2023,10:30 AM,86.82,65.36,9.82,29.79,Clear
17/03/2023,11:00 AM,87.91,62.00,10.82,29.78,Clear
17/03/2023,11:30 AM,88.82,59.09,11.82,29.78,Clear
17/03/2023,12:00 PM,89.36,56.91,12.64,29.77,Clear
17/03/2023,12:30 PM,89.91,55.18,13.00,29.76,Clear
17/03/2023,01:00 PM,90.27,54.18,13.27,29.75,Clear
17/03/2023,01:30 PM,90.09,54.09,13.45,29.73,Clear
17/03/2023,02:00 PM,90.09,53.73,13.45,29.72,Clear
17/03/2023,02:30 PM,89.55,54.73,13.45,29.72,Clear
17/03/2023,03:00 PM,89.09,56.27,13.36,29.71,Clear
17/03/2023,03:30 PM,88.45,57.82,13.36,29.71,Clear
17/03/2023,04:00 PM,87.64,59.73,13.36,29.71,Clear
17/03/2023,04:30 PM,86.73,62.18,13.27,29.71,Clear
17/03/2023,05:00 PM,85.82,64.64,12.73,29.71,Clear
17/03/2023,05:30 PM,85.00,66.82,12.27,29.71,Clear
17/03/2023,06:00 PM,84.18,69.00,11.55,29.72,Clear
17/03/2023,06:30 PM,83.36,70.82,10.82,29.72,Clear
17/03/2023,07:00 PM,82.55,73.09,10.18,29.73,Clear
17/03/2023,07:30 PM,81.73,75.36,9.55,29.74,Clear
17/03/2023,08:00 PM,81.09,77.45,8.91,29.75,Clear
17/03/2023,08:30 PM,80.27,79.55,8.18,29.76,Clear
17/03/2023,09:00 PM,79.64,81.64,7.27,29.76,Clear
17/03/2023,09:30 PM,79.00,83.82,6.09,29.77,Clear
17/03/2023,10:00 PM,78.45,84.73,5.18,29.77,Clear
17/03/2023,10:30 PM,77.73,86.09,4.82,29.77,Clear
17/03/2023,11:00 PM,77.00,87.45,4.27,29.77,Clear
17/03/2023,11:30 PM,76.27,88.82,3.91,29.76,Clear
18/03/2023,12:00 AM,75.55,90.18,3.27,29.76,Clear
18/03/2023,12:30 AM,75.00,91.18,3.09,29.75,Clear
18/03/2023,01:00 AM,74.45,92.18,3.09,29.75,Clear
18/03/2023,01:30 AM,74.27,92.64,3.09,29.74,Clear
18/03/2023,02:00 AM,74.09,93.09,3.18,29.73,Clear
18/03/2023,02:30 AM,73.91,93.55,3.45,29.72,Clear
18/03/2023,03:00 AM,73.91,93.55,3.91,29.72,Clear
18/03/2023,03:30 AM,73.91,94.00,4.27,29.72,Clear
18/03/2023,04:00 AM,74.09,94.00,4.45,29.72,Clear
18/03/2023,04:30 AM,74.27,94.00,4.64,29.72,Clear
18/03/2023,05:00 AM,74.64,93.55,4.91,29.72,Clear
18/03/2023,05:30 AM,75.18,93.09,5.36,29.72,Clear
18/03/2023,06:00 AM,75.91,92.18,5.55,29.73,Clear
18/03/2023,06:30 AM,76.73,90.82,5.91,29.74,Clear
18/03/2023,07:00 AM,77.73,89.00,6.18,29.74,Clear
18/03/2023,07:30 AM,78.73,86.82,6.55,29.75,Clear
18/03/2023,08:00 AM,79.73,84.64,6.73,29.76,Clear
18/03/2023,08:30 AM,80.91,81.73,7.09,29.76,Clear
18/03/2023,09:00 AM,82.27,78.55,7.45,29.77,Clear
18/03/2023,09:30 AM,83.73,75.00,8.09,29.77,Clear
18/03/2023,10:00 AM,85.18,71.18,8.45,29.77,Clear
18/03/2023,10:30 AM,86.45,67.82,8.91,29.76,Clear
18/03/2023,11:00 AM,87.73,64.18,9.36,29.76,Clear
18/03/2023,11:30 AM,88.64,61.27,9.82,29.75,Clear
18/03/2023,12:00 PM,89.36,59.09,10.09,29.74,Clear
18/03/2023,12:30 PM,89.73,57.36,10.45,29.73,Clear
18/03/2023,01:00 PM,90.18,55.73,10.64,29.72,Clear
18/03/2023,01:30 PM,90.55,54.36,11.09,29.71,Clear
18/03/2023,02:00 PM,90.55,54.36,11.36,29.70,Clear
18/03/2023,02:30 PM,90.18,55.00,11.55,29.69,Clear
18/03/2023,03:00 PM,89.73,55.64,11.55,29.68,Clear
18/03/2023,03:30 PM,89.09,56.91,11.64,29.68,Clear
18/03/2023,04:00 PM,88.27,58.55,11.64,29.67,Clear
18/03/2023,04:30 PM,87.27,60.45,11.55,29.67,Clear
18/03/2023,05:00 PM,86.36,62.45,11.18,29.67,Clear
18/03/2023,05:30 PM,85.55,64.18,10.91,29.68,Clear
18/03/2023,06:00 PM,84.73,66.36,10.18,29.68,Clear
18/03/2023,06:30 PM,83.82,68.82,9.82,29.69,Clear
18/03/2023,07:00 PM,82.82,71.36,9.27,29.70,Clear
18/03/2023,07:30 PM,82.00,73.27,8.73,29.71,Clear
18/03/2023,08:00 PM,81.36,74.82,8.18,29.72,Clear
18/03/2023,08:30 PM,80.55,77.27,7.27,29.73,Clear
18/03/2023,09:00 PM,79.91,79.36,6.55,29.74,Clear
18/03/2023,09:30 PM,79.45,81.09,6.09,29.75,Clear
18/03/2023,10:00 PM,79.00,82.82,5.73,29.75,Clear
18/03/2023,10:30 PM,78.45,84.64,5.45,29.75,Clear
18/03/2023,11:00 PM,77.91,86.45,5.09,29.75,Clear
18/03/2023,11:30 PM,77.55,87.36,5.09,29.75,Clear
19/03/2023,12:00 AM,77.18,88.27,4.82,29.74,Clear
19/03/2023,12:30 AM,77.00,88.82,4.18,29.74,Clear
19/03/2023,01:00 AM,76.82,89.36,3.64,29.73,Clear
19/03/2023,01:30 AM,76.27,90.36,3.09,29.72,Clear
19/03/2023,02:00 AM,75.91,90.82,2.91,29.72,Clear
19/03/2023,02:30 AM,75.55,91.27,2.73,29.71,Clear
19/03/2023,03:00 AM,75.09,92.27,2.27,29.71,Clear
19/03/2023,03:30 AM,74.73,92.73,1.82,29.70,Clear
19/03/2023,04:00 AM,74.45,93.27,1.36,29.70,Clear
19/03/2023,04:30 AM,74.27,93.27,1.36,29.70,Clear
19/03/2023,05:00 AM,74.09,93.73,1.36,29.70,Clear
19/03/2023,05:30 AM,74.45,93.27,1.18,29.71,Clear
19/03/2023,06:00 AM,74.91,92.36,1.73,29.71,Clear
19/03/2023,06:30 AM,75.55,91.45,2.36,29.72,Clear
19/03/2023,07:00 AM,76.55,89.64,2.91,29.73,Clear
19/03/2023,07:30 AM,77.73,87.45,3.82,29.73,Clear
19/03/2023,08:00 AM,79.09,84.91,4.64,29.74,Clear
19/03/2023,08:30 AM,80.73,81.18,5.27,29.74,Clear
19/03/2023,09:00 AM,82.36,77.64,6.00,29.75,Clear
19/03/2023,09:30 AM,84.09,73.55,7.18,29.75,Clear
19/03/2023,10:00 AM,85.73,70.00,7.91,29.75,Clear
19/03/2023,10:30 AM,87.18,66.45,8.64,29.75,Clear
19/03/2023,11:00 AM,88.09,63.82,9.64,29.74,Clear
19/03/2023,11:30 AM,89.09,61.36,10.27,29.74,Clear
19/03/2023,12:00 PM,89.91,59.27,10.73,29.72,Clear
19/03/2023,12:30 PM,90.55,57.55,11.45,29.71,Clear
19/03/2023,01:00 PM,91.00,56.18,11.64,29.70,Clear
19/03/2023,01:30 PM,91.18,55.55,12.09,29.69,Clear
19/03/2023,02:00 PM,91.18,55.55,12.73,29.68,Clear
19/03/2023,02:30 PM,91.09,55.91,13.18,29.66,Clear
19/03/2023,03:00 PM,90.82,56.55,13.09,29.65,Clear
19/03/2023,03:30 PM,90.18,57.91,13.00,29.65,Clear
19/03/2023,04:00 PM,89.55,59.27,12.64,29.64,Clear
19/03/2023,04:30 PM,88.73,61.00,12.09,29.64,Clear
19/03/2023,05:00 PM,87.73,63.00,11.64,29.64,Clear
19/03/2023,05:30 PM,86.73,65.09,11.09,29.65,Clear
19/03/2023,06:00 PM,85.82,67.73,10.27,29.65,Clear
19/03/2023,06:30 PM,84.91,70.36,9.73,29.66,Clear
19/03/2023,07:00 PM,84.09,72.64,8.91,29.66,Clear
19/03/2023,07:30 PM,83.27,74.91,8.09,29.67,Clear
19/03/2023,08:00 PM,82.45,77.18,7.36,29.68,Clear
19/03/2023,08:30 PM,81.82,79.18,6.73,29.69,Clear
19/03/2023,09:00 PM,81.36,80.91,6.09,29.70,Clear
19/03/2023,09:30 PM,80.91,82.64,5.55,29.71,Clear
19/03/2023,10:00 PM,80.64,84.00,5.36,29.71,Clear
19/03/2023,10:30 PM,80.55,84.91,5.09,29.72,Clear
19/03/2023,11:00 PM,80.27,85.82,5.00,29.72,Clear
19/03/2023,11:30 PM,80.09,86.27,5.09,29.72,Clear
20/03/2023,12:00 AM,79.91,86.73,5.00,29.72,Clear
20/03/2023,12:30 AM,79.55,87.64,4.82,29.72,Clear
20/03/2023,01:00 AM,79.18,88.09,4.64,29.71,Clear
20/03/2023,01:30 AM,78.64,89.00,4.36,29.71,Clear
20/03/2023,02:00 AM,78.09,89.91,4.09,29.70,Clear
20/03/2023,02:30 AM,77.91,90.36,3.91,29.69,Clear
20/03/2023,03:00 AM,77.73,90.82,3.91,29.69,Clear
20/03/2023,03:30 AM,77.36,91.27,3.82,29.69,Clear
20/03/2023,04:00 AM,76.82,92.18,3.64,29.69,Clear
20/03/2023,04:30 AM,76.45,92.64,3.45,29.69,Clear
20/03/2023,05:00 AM,76.45,93.09,3.36,29.69,Clear
20/03/2023,05:30 AM,76.64,93.09,3.00,29.69,Clear
20/03/2023,06:00 AM,77.09,92.64,3.27,29.70,Clear
20/03/2023,06:30 AM,77.73,92.18,3.73,29.71,Clear
20/03/2023,07:00 AM,78.55,90.82,4.27,29.71,Clear
20/03/2023,07:30 AM,79.73,88.64,4.73,29.72,Clear
20/03/2023,08:00 AM,80.91,86.09,5.27,29.73,Clear
20/03/2023,08:30 AM,82.18,83.27,5.91,29.74,Clear
20/03/2023,09:00 AM,83.55,80.36,6.18,29.74,Clear
20/03/2023,09:30 AM,85.00,77.18,7.00,29.74,Clear
20/03/2023,10:00 AM,86.64,73.73,7.64,29.74,Clear
20/03/2023,10:30 AM,87.91,69.91,8.36,29.74,Clear
20/03/2023,11:00 AM,89.00,66.55,9.09,29.73,Clear
20/03/2023,11:30 AM,90.00,62.91,9.73,29.72,Clear
20/03/2023,12:00 PM,90.82,60.00,10.18,29.71,Clear
20/03/2023,12:30 PM,91.45,58.18,10.64,29.69,Clear
20/03/2023,01:00 PM,91.64,57.45,11.18,29.68,Clear
20/03/2023,01:30 PM,91.64,57.09,11.27,29.67,Clear
20/03/2023,02:00 PM,91.36,57.36,11.45,29.66,Clear
20/03/2023,02:30 PM,91.18,57.73,11.82,29.65,Clear
20/03/2023,03:00 PM,90.73,58.73,11.64,29.64,Clear
20/03/2023,03:30 PM,89.91,60.36,11.64,29.63,Clear
20/03/2023,04:00 PM,88.91,62.82,11.18,29.63,Clear
20/03/2023,04:30 PM,87.91,65.27,10.91,29.63,Clear
20/03/2023,05:00 PM,86.82,68.45,10.45,29.63,Clear
20/03/2023,05:30 PM,85.73,71.36,9.73,29.63,Clear
20/03/2023,06:00 PM,84.82,73.64,9.18,29.64,Clear
20/03/2023,06:30 PM,84.00,75.64,8.55,29.65,Clear
20/03/2023,07:00 PM,83.18,77.64,8.18,29.66,Clear
20/03/2023,07:30 PM,82.36,79.73,7.36,29.67,Clear
20/03/2023,08:00 PM,81.55,81.82,6.45,29.69,Clear
20/03/2023,08:30 PM,80.73,84.00,5.73,29.70,Clear
20/03/2023,09:00 PM,80.09,85.36,5.09,29.71,Clear
20/03/2023,09:30 PM,79.45,86.73,4.36,29.72,Clear
20/03/2023,10:00 PM,78.82,88.09,4.09,29.73,Clear
20/03/2023,10:30 PM,78.27,89.00,3.55,29.73,Clear
20/03/2023,11:00 PM,77.73,89.91,3.27,29.74,Clear
20/03/2023,11:30 PM,77.18,90.82,2.64,29.74,Clear
21/03/2023,12:00 AM,76.64,91.73,2.09,29.74,Clear
21/03/2023,12:30 AM,75.91,93.18,1.55,29.73,Clear
21/03/2023,01:00 AM,75.36,93.64,1.27,29.72,Clear
21/03/2023,01:30 AM,74.82,94.09,1.09,29.72,Clear
21/03/2023,02:00 AM,74.45,94.64,0.91,29.71,Clear
21/03/2023,02:30 AM,74.09,95.09,0.64,29.70,Clear
21/03/2023,03:00 AM,73.91,95.64,0.64,29.69,Clear
21/03/2023,03:30 AM,73.73,95.64,0.36,29.69,Clear
21/03/2023,04:00 AM,73.55,95.64,0.18,29.69,Clear
21/03/2023,04:30 AM,73.36,96.18,0.00,29.68,Clear
21/03/2023,05:00 AM,73.36,96.18,0.00,29.69,Clear
21/03/2023,05:30 AM,73.55,96.73,0.18,29.69,Clear
21/03/2023,06:00 AM,74.09,96.18,0.45,29.70,Clear
21/03/2023,06:30 AM,74.82,95.73,0.91,29.71,Clear
21/03/2023,07:00 AM,75.64,94.82,1.18,29.71,Clear
21/03/2023,07:30 AM,76.82,92.45,1.73,29.72,Clear
21/03/2023,08:00 AM,78.00,90.64,2.45,29.73,Clear
21/03/2023,08:30 AM,79.36,87.55,3.18,29.74,Clear
21/03/2023,09:00 AM,80.73,85.00,3.82,29.74,Clear
21/03/2023,09:30 AM,82.09,82.09,4.36,29.74,Clear
21/03/2023,10:00 AM,83.64,78.36,4.82,29.75,Clear
21/03/2023,10:30 AM,85.00,75.18,5.09,29.74,Clear
21/03/2023,11:00 AM,86.18,71.09,5.36,29.74,Clear
21/03/2023,11:30 AM,87.27,67.55,5.55,29.73,Clear
21/03/2023,12:00 PM,88.18,64.45,5.55,29.72,Clear
21/03/2023,12:30 PM,88.91,62.18,5.91,29.71,Clear
21/03/2023,01:00 PM,89.09,61.09,6.09,29.70,Clear
21/03/2023,01:30 PM,89.27,60.36,6.18,29.69,Clear
21/03/2023,02:00 PM,89.27,60.36,6.18,29.68,Clear
21/03/2023,02:30 PM,89.09,60.73,6.27,29.67,Clear
21/03/2023,03:00 PM,88.73,61.82,6.64,29.66,Clear
21/03/2023,03:30 PM,88.18,63.18,6.91,29.65,Clear
21/03/2023,04:00 PM,87.45,65.00,7.18,29.65,Clear
21/03/2023,04:30 PM,86.73,67.18,7.27,29.65,Clear
21/03/2023,05:00 PM,85.82,69.82,7.36,29.65,Clear
21/03/2023,05:30 PM,84.91,72.45,7.18,29.65,Clear
21/03/2023,06:00 PM,84.09,74.73,6.82,29.66,Clear
21/03/2023,06:30 PM,83.45,76.73,6.36,29.66,Clear
21/03/2023,07:00 PM,82.82,78.36,6.00,29.67,Clear
21/03/2023,07:30 PM,82.18,80.00,5.55,29.68,Clear
21/03/2023,08:00 PM,81.55,81.73,5.00,29.69,Clear
21/03/2023,08:30 PM,81.09,83.09,4.09,29.69,Clear
21/03/2023,09:00 PM,80.64,84.45,3.82,29.70,Clear
21/03/2023,09:30 PM,80.36,85.36,3.73,29.71,Clear
21/03/2023,10:00 PM,80.09,86.27,3.64,29.71,Clear
21/03/2023,10:30 PM,79.91,86.73,3.27,29.71,Clear
21/03/2023,11:00 PM,79.73,87.18,3.27,29.70,Clear
21/03/2023,11:30 PM,79.18,88.09,3.00,29.70,Clear
22/03/2023,12:00 AM,78.82,89.00,2.73,29.69,Clear
22/03/2023,12:30 AM,78.27,89.91,2.45,29.69,Clear
22/03/2023,01:00 AM,77.73,90.82,2.36,29.68,Clear
22/03/2023,01:30 AM,77.36,91.27,2.45,29.67,Clear
22/03/2023,02:00 AM,77.00,91.73,2.64,29.66,Clear
22/03/2023,02:30 AM,76.64,92.73,2.45,29.66,Clear
22/03/2023,03:00 AM,76.27,93.73,2.18,29.65,Clear
22/03/2023,03:30 AM,75.91,94.73,1.91,29.65,Clear
22/03/2023,04:00 AM,75.55,95.18,1.91,29.64,Clear
22/03/2023,04:30 AM,75.18,96.18,1.91,29.64,Clear
22/03/2023,05:00 AM,75.36,96.18,2.36,29.65,Clear
22/03/2023,05:30 AM,75.55,96.18,2.64,29.65,Clear
22/03/2023,06:00 AM,76.09,95.73,2.73,29.66,Clear
22/03/2023,06:30 AM,76.73,94.82,2.82,29.66,Clear
22/03/2023,07:00 AM,77.73,93.45,2.82,29.67,Clear
22/03/2023,07:30 AM,78.91,92.09,3.27,29.68,Clear
22/03/2023,08:00 AM,79.91,90.18,3.55,29.69,Clear
22/03/2023,08:30 AM,81.27,87.45,3.64,29.70,Clear
22/03/2023,09:00 AM,82.64,84.36,4.00,29.70,Clear
22/03/2023,09:30 AM,83.82,81.82,4.27,29.71,Clear
22/03/2023,10:00 AM,85.45,78.09,4.27,29.71,Clear
22/03/2023,10:30 AM,86.91,74.27,4.27,29.71,Clear
22/03/2023,11:00 AM,88.18,70.82,4.64,29.70,Clear
22/03/2023,11:30 AM,89.09,68.09,4.82,29.70,Clear
22/03/2023,12:00 PM,89.91,65.82,5.18,29.69,Clear
22/03/2023,12:30 PM,90.55,63.73,5.45,29.68,Clear
22/03/2023,01:00 PM,91.00,61.64,5.36,29.66,Clear
22/03/2023,01:30 PM,91.64,59.55,5.55,29.65,Clear
22/03/2023,02:00 PM,91.73,58.55,6.09,29.63,Clear
22/03/2023,02:30 PM,91.82,57.91,6.36,29.62,Clear
22/03/2023,03:00 PM,92.00,57.55,6.82,29.61,Clear
22/03/2023,03:30 PM,91.55,58.18,7.36,29.60,Clear
22/03/2023,04:00 PM,90.91,59.82,7.73,29.60,Clear
22/03/2023,04:30 PM,90.09,61.45,7.82,29.59,Clear
22/03/2023,05:00 PM,89.27,63.27,8.18,29.59,Clear
22/03/2023,05:30 PM,88.45,65.09,8.09,29.60,Clear
22/03/2023,06:00 PM,87.36,67.64,7.82,29.60,Clear
22/03/2023,06:30 PM,86.27,70.18,7.55,29.61,Clear
22/03/2023,07:00 PM,85.18,73.18,7.00,29.62,Clear
22/03/2023,07:30 PM,84.27,75.91,6.36,29.63,Clear
22/03/2023,08:00 PM,83.36,78.64,6.00,29.65,Clear
22/03/2023,08:30 PM,82.55,81.09,5.09,29.66,Clear
22/03/2023,09:00 PM,81.91,83.18,4.55,29.67,Clear
22/03/2023,09:30 PM,81.45,84.91,3.73,29.68,Clear
22/03/2023,10:00 PM,81.18,86.27,3.18,29.68,Clear
22/03/2023,10:30 PM,81.09,87.18,2.36,29.69,Clear
22/03/2023,11:00 PM,80.82,88.55,1.82,29.69,Clear
22/03/2023,11:30 PM,80.64,89.45,1.73,29.69,Clear
23/03/2023,12:00 AM,80.45,90.36,1.73,29.68,Clear
23/03/2023,12:30 AM,80.27,90.36,1.55,29.68,Clear
23/03/2023,01:00 AM,80.09,90.36,1.36,29.67,Clear
23/03/2023,01:30 AM,79.91,90.36,1.18,29.67,Clear
23/03/2023,02:00 AM,79.73,90.36,1.45,29.66,Clear
23/03/2023,02:30 AM,79.36,90.82,1.18,29.66,Clear
23/03/2023,03:00 AM,79.00,91.27,1.18,29.65,Clear
23/03/2023,03:30 AM,78.64,92.27,1.00,29.65,Clear
23/03/2023,04:00 AM,78.27,93.27,1.18,29.65,Clear
23/03/2023,04:30 AM,78.09,93.82,1.18,29.65,Clear
23/03/2023,05:00 AM,78.09,93.82,1.00,29.66,Clear
23/03/2023,05:30 AM,78.36,93.36,1.00,29.66,Clear
23/03/2023,06:00 AM,79.00,92.45,1.18,29.67,Clear
23/03/2023,06:30 AM,79.45,92.00,1.36,29.68,Clear
23/03/2023,07:00 AM,80.27,90.73,1.55,29.69,Clear
23/03/2023,07:30 AM,81.09,89.45,1.73,29.69,Clear
23/03/2023,08:00 AM,82.36,86.91,2.27,29.70,Clear
23/03/2023,08:30 AM,83.55,84.36,2.91,29.71,Clear
23/03/2023,09:00 AM,84.82,81.00,3.45,29.71,Clear
23/03/2023,09:30 AM,86.09,77.64,3.55,29.72,Clear
23/03/2023,10:00 AM,87.55,73.91,4.18,29.72,Clear
23/03/2023,10:30 AM,88.82,70.73,4.91,29.72,Clear
23/03/2023,11:00 AM,89.82,68.00,5.55,29.71,Clear
23/03/2023,11:30 AM,90.27,66.55,6.18,29.70,Clear
23/03/2023,12:00 PM,91.09,64.27,6.82,29.69,Clear
23/03/2023,12:30 PM,91.36,62.82,7.09,29.68,Clear
23/03/2023,01:00 PM,91.36,62.00,7.18,29.67,Clear
23/03/2023,01:30 PM,90.55,62.36,7.73,29.66,Rain
23/03/2023,02:00 PM,90.00,62.73,7.36,29.65,Clear
23/03/2023,02:30 PM,89.18,63.36,7.27,29.63,Clear
23/03/2023,03:00 PM,88.27,64.82,7.00,29.62,Clear
23/03/2023,03:30 PM,87.18,66.64,6.36,29.62,Clear
23/03/2023,04:00 PM,86.09,68.45,5.64,29.61,Rain
23/03/2023,04:30 PM,84.82,70.64,4.73,29.62,Clear
23/03/2023,05:00 PM,83.73,72.45,3.91,29.62,Clear
23/03/2023,05:30 PM,82.45,74.64,3.55,29.63,Clear
23/03/2023,06:00 PM,81.36,76.82,3.27,29.63,Clear
23/03/2023,06:30 PM,80.36,79.36,3.00,29.64,Clear
23/03/2023,07:00 PM,79.91,81.55,2.18,29.65,Clear
23/03/2023,07:30 PM,79.27,83.73,1.91,29.66,Clear
23/03/2023,08:00 PM,78.82,85.45,1.45,29.68,Clear
23/03/2023,08:30 PM,78.45,86.82,1.64,29.69,Clear
23/03/2023,09:00 PM,78.09,88.18,1.91,29.70,Clear
23/03/2023,09:30 PM,77.73,89.55,1.91,29.70,Clear
23/03/2023,10:00 PM,77.55,90.55,1.91,29.71,Clear
23/03/2023,10:30 PM,77.36,91.55,1.91,29.71,Clear
23/03/2023,11:00 PM,77.00,92.55,1.45,29.71,Clear
23/03/2023,11:30 PM,76.64,93.55,1.00,29.70,Clear
24/03/2023,12:00 AM,76.45,93.55,0.73,29.70,Clear
24/03/2023,12:30 AM,76.27,93.55,0.64,29.69,Clear
24/03/2023,01:00 AM,76.09,93.55,0.64,29.69,Clear
24/03/2023,01:30 AM,75.91,94.00,0.91,29.68,Clear
24/03/2023,02:00 AM,75.73,94.00,0.73,29.67,Clear
24/03/2023,02:30 AM,75.36,94.55,0.45,29.67,Clear
24/03/2023,03:00 AM,75.00,95.09,0.45,29.66,Clear
24/03/2023,03:30 AM,74.64,95.09,0.45,29.66,Clear
24/03/2023,04:00 AM,74.27,95.09,0.64,29.66,Clear
24/03/2023,04:30 AM,74.27,95.09,0.64,29.66,Clear
24/03/2023,05:00 AM,74.45,95.09,0.82,29.67,Clear
24/03/2023,05:30 AM,74.82,95.09,0.82,29.67,Clear
24/03/2023,06:00 AM,75.36,95.09,0.91,29.68,Clear
24/03/2023,06:30 AM,76.18,94.18,1.18,29.69,Clear
24/03/2023,07:00 AM,77.36,92.82,1.18,29.70,Clear
24/03/2023,07:30 AM,78.73,91.09,1.45,29.71,Clear
24/03/2023,08:00 AM,80.36,88.45,1.73,29.72,Clear
24/03/2023,08:30 AM,82.00,85.36,2.27,29.73,Clear
24/03/2023,09:00 AM,83.64,82.82,2.73,29.74,Clear
24/03/2023,09:30 AM,85.64,79.36,3.27,29.74,Clear
24/03/2023,10:00 AM,87.45,75.64,4.09,29.74,Clear
24/03/2023,10:30 AM,89.27,71.64,5.00,29.74,Clear
24/03/2023,11:00 AM,90.73,67.91,5.64,29.73,Clear
24/03/2023,11:30 AM,92.00,64.18,6.27,29.72,Clear
24/03/2023,12:00 PM,92.82,61.64,6.91,29.71,Clear
24/03/2023,12:30 PM,93.27,59.55,7.55,29.70,Clear
24/03/2023,01:00 PM,93.55,57.82,8.09,29.69,Clear
24/03/2023,01:30 PM,93.73,56.45,8.73,29.67,Clear
24/03/2023,02:00 PM,93.91,55.55,9.09,29.66,Clear
24/03/2023,02:30 PM,93.91,54.91,9.55,29.65,Clear
24/03/2023,03:00 PM,93.45,55.45,9.55,29.64,Clear
24/03/2023,03:30 PM,92.82,56.64,9.36,29.63,Clear
24/03/2023,04:00 PM,92.00,57.73,8.82,29.62,Clear
24/03/2023,04:30 PM,91.18,58.91,8.18,29.62,Clear
24/03/2023,05:00 PM,90.18,60.45,7.45,29.62,Clear
24/03/2023,05:30 PM,89.18,62.09,7.00,29.62,Clear
24/03/2023,06:00 PM,88.09,64.18,6.36,29.62,Clear
24/03/2023,06:30 PM,86.82,66.64,5.55,29.63,Clear
24/03/2023,07:00 PM,85.36,69.64,4.64,29.64,Clear
24/03/2023,07:30 PM,83.91,72.64,3.73,29.65,Clear
24/03/2023,08:00 PM,82.45,75.36,2.82,29.66,Clear
24/03/2023,08:30 PM,81.09,78.27,2.09,29.67,Clear
24/03/2023,09:00 PM,79.91,80.36,1.45,29.68,Clear
24/03/2023,09:30 PM,78.73,83.27,0.91,29.69,Clear
24/03/2023,10:00 PM,77.73,85.36,0.91,29.70,Clear
24/03/2023,10:30 PM,76.73,87.55,0.91,29.71,Clear
24/03/2023,11:00 PM,75.91,89.36,0.73,29.71,Clear
24/03/2023,11:30 PM,75.18,90.73,0.73,29.72,Clear
25/03/2023,12:00 AM,74.64,91.73,0.91,29.72,Clear
25/03/2023,12:30 AM,74.27,92.18,1.09,29.72,Clear
25/03/2023,01:00 AM,73.91,92.64,1.27,29.71,Clear
25/03/2023,01:30 AM,73.64,93.64,1.27,29.71,Clear
25/03/2023,02:00 AM,73.36,94.18,1.27,29.70,Clear
25/03/2023,02:30 AM,73.09,95.18,1.27,29.70,Clear
25/03/2023,03:00 AM,72.82,95.18,1.27,29.69,Clear
25/03/2023,03:30 AM,72.55,95.64,1.45,29.69,Clear
25/03/2023,04:00 AM,72.45,95.64,1.27,29.68,Clear
25/03/2023,04:30 AM,72.45,95.64,1.00,29.68,Clear
25/03/2023,05:00 AM,72.64,95.64,0.73,29.69,Clear
25/03/2023,05:30 AM,73.00,96.18,0.73,29.69,Clear
25/03/2023,06:00 AM,73.82,95.73,0.73,29.70,Clear
25/03/2023,06:30 AM,74.82,94.82,1.00,29.71,Clear
25/03/2023,07:00 AM,76.27,92.55,1.55,29.71,Mist
25/03/2023,07:30 AM,77.91,89.82,2.09,29.72,Clear
25/03/2023,08:00 AM,79.55,87.09,2.73,29.73,Clear
25/03/2023,08:30 AM,81.27,84.27,3.45,29.74,Clear
25/03/2023,09:00 AM,83.18,80.82,3.82,29.75,Clear
25/03/2023,09:30 AM,85.27,76.27,4.36,29.75,Clear
25/03/2023,10:00 AM,87.27,72.00,4.91,29.75,Clear
25/03/2023,10:30 AM,89.27,67.45,5.73,29.75,Clear
25/03/2023,11:00 AM,90.91,62.64,6.45,29.74,Clear
25/03/2023,11:30 AM,92.09,58.27,7.00,29.73,Clear
25/03/2023,12:00 PM,93.27,54.18,7.27,29.72,Clear
25/03/2023,12:30 PM,93.91,50.91,7.64,29.71,Clear
25/03/2023,01:00 PM,94.36,48.09,8.00,29.70,Clear
25/03/2023,01:30 PM,94.64,45.45,8.55,29.69,Clear
25/03/2023,02:00 PM,94.82,43.45,9.00,29.68,Clear
25/03/2023,02:30 PM,94.64,42.55,9.55,29.66,Clear
25/03/2023,03:00 PM,94.18,43.55,9.82,29.65,Clear
25/03/2023,03:30 PM,93.55,44.55,9.82,29.65,Clear
25/03/2023,04:00 PM,92.55,46.18,9.55,29.64,Clear
25/03/2023,04:30 PM,91.55,47.91,9.18,29.64,Clear
25/03/2023,05:00 PM,90.36,50.91,8.91,29.64,Clear
25/03/2023,05:30 PM,88.73,54.45,8.45,29.65,Clear
25/03/2023,06:00 PM,87.09,58.45,7.55,29.66,Clear
25/03/2023,06:30 PM,85.27,63.00,6.73,29.66,Clear
25/03/2023,07:00 PM,83.64,67.36,5.55,29.67,Clear
25/03/2023,07:30 PM,82.00,71.73,4.36,29.68,Clear
25/03/2023,08:00 PM,80.36,76.09,3.36,29.69,Clear
25/03/2023,08:30 PM,78.82,79.64,3.00,29.70,Clear
25/03/2023,09:00 PM,77.36,82.91,2.73,29.71,Clear
25/03/2023,09:30 PM,76.09,85.82,2.45,29.72,Clear
25/03/2023,10:00 PM,75.00,88.36,2.18,29.72,Clear
25/03/2023,10:30 PM,74.09,90.18,2.18,29.72,Clear
25/03/2023,11:00 PM,73.45,91.64,2.36,29.72,Clear
25/03/2023,11:30 PM,73.00,92.64,2.91,29.72,Clear
26/03/2023,12:00 AM,72.55,93.09,2.82,29.72,Clear
26/03/2023,12:30 AM,72.09,93.55,2.82,29.71,Clear
26/03/2023,01:00 AM,71.64,94.00,2.82,29.71,Clear
26/03/2023,01:30 AM,71.36,94.00,2.73,29.70,Clear
26/03/2023,02:00 AM,71.09,94.00,2.27,29.69,Clear
26/03/2023,02:30 AM,70.73,94.55,2.00,29.69,Clear
26/03/2023,03:00 AM,70.36,95.09,1.73,29.68,Clear
26/03/2023,03:30 AM,70.00,95.64,1.73,29.68,Clear
26/03/2023,04:00 AM,69.64,96.18,1.55,29.68,Clear
26/03/2023,04:30 AM,69.45,96.18,1.09,29.68,Clear
26/03/2023,05:00 AM,69.55,96.18,0.55,29.69,Clear
26/03/2023,05:30 AM,70.18,96.18,0.55,29.69,Clear
26/03/2023,06:00 AM,71.18,95.73,0.55,29.70,Clear
26/03/2023,06:30 AM,72.45,94.82,0.82,29.71,Clear
26/03/2023,07:00 AM,73.91,93.45,0.82,29.72,Clear
26/03/2023,07:30 AM,75.55,91.73,1.09,29.73,Clear
26/03/2023,08:00 AM,77.64,89.09,1.64,29.73,Clear
26/03/2023,08:30 AM,79.73,85.73,2.09,29.74,Clear
26/03/2023,09:00 AM,82.18,81.45,2.27,29.74,Clear
26/03/2023,09:30 AM,84.45,77.09,2.45,29.74,Clear
26/03/2023,10:00 AM,86.91,72.55,3.00,29.73,Clear
26/03/2023,10:30 AM,89.27,67.82,3.64,29.72,Clear
26/03/2023,11:00 AM,91.09,63.27,4.18,29.71,Clear
26/03/2023,11:30 AM,92.55,58.91,4.73,29.70,Clear
26/03/2023,12:00 PM,93.91,54.82,5.00,29.69,Clear
26/03/2023,12:30 PM,94.91,51.64,5.91,29.67,Clear
26/03/2023,01:00 PM,95.55,49.27,6.73,29.66,Clear
26/03/2023,01:30 PM,95.73,47.27,7.36,29.64,Clear
26/03/2023,02:00 PM,95.91,46.27,7.82,29.63,Clear
26/03/2023,02:30 PM,95.55,46.45,8.55,29.62,Clear
26/03/2023,03:00 PM,95.36,46.45,9.00,29.61,Clear
26/03/2023,03:30 PM,94.55,48.09,9.09,29.60,Clear
26/03/2023,04:00 PM,93.36,50.27,9.00,29.60,Clear
26/03/2023,04:30 PM,92.18,52.64,9.00,29.60,Clear
26/03/2023,05:00 PM,91.00,55.27,8.73,29.60,Clear
26/03/2023,05:30 PM,89.45,58.45,8.27,29.60,Clear
26/03/2023,06:00 PM,87.82,62.00,7.55,29.61,Clear
26/03/2023,06:30 PM,86.36,65.09,6.64,29.62,Clear
26/03/2023,07:00 PM,84.91,68.73,5.45,29.63,Clear
26/03/2023,07:30 PM,83.45,72.09,4.55,29.64,Clear
26/03/2023,08:00 PM,82.18,75.18,3.36,29.65,Clear
26/03/2023,08:30 PM,80.73,78.55,2.45,29.66,Clear
26/03/2023,09:00 PM,79.55,81.00,2.00,29.68,Clear
26/03/2023,09:30 PM,78.55,83.09,1.91,29.69,Clear
26/03/2023,10:00 PM,77.55,85.27,1.64,29.69,Clear
26/03/2023,10:30 PM,76.55,87.45,1.55,29.70,Clear
26/03/2023,11:00 PM,75.73,88.73,1.64,29.70,Clear
26/03/2023,11:30 PM,75.09,89.73,1.45,29.70,Clear
27/03/2023,12:00 AM,74.55,90.73,1.45,29.70,Clear
27/03/2023,12:30 AM,74.09,91.18,1.73,29.69,Clear
27/03/2023,01:00 AM,73.64,91.64,1.82,29.69,Clear
27/03/2023,01:30 AM,73.18,92.09,2.09,29.68,Clear
27/03/2023,02:00 AM,72.91,92.55,2.36,29.67,Clear
27/03/2023,02:30 AM,72.64,93.00,2.45,29.66,Clear
27/03/2023,03:00 AM,72.36,93.45,2.00,29.66,Clear
27/03/2023,03:30 AM,72.09,94.00,1.73,29.66,Clear
27/03/2023,04:00 AM,71.82,94.55,1.55,29.65,Clear
27/03/2023,04:30 AM,71.73,95.09,1.55,29.66,Clear
27/03/2023,05:00 AM,71.82,95.09,1.73,29.66,Clear
27/03/2023,05:30 AM,72.00,94.64,1.73,29.67,Clear
27/03/2023,06:00 AM,72.82,94.18,1.64,29.68,Clear
27/03/2023,06:30 AM,73.91,92.82,2.00,29.68,Clear
27/03/2023,07:00 AM,75.18,91.45,2.00,29.69,Clear
27/03/2023,07:30 AM,76.82,88.91,2.00,29.70,Clear
27/03/2023,08:00 AM,78.55,86.09,2.18,29.71,Clear
27/03/2023,08:30 AM,80.45,82.64,2.73,29.71,Clear
27/03/2023,09:00 AM,82.55,78.00,3.27,29.71,Clear
27/03/2023,09:30 AM,85.00,72.91,3.82,29.71,Clear
27/03/2023,10:00 AM,87.27,68.64,4.27,29.71,Clear
27/03/2023,10:30 AM,89.09,64.82,5.00,29.71,Clear
27/03/2023,11:00 AM,90.91,61.18,5.73,29.70,Clear
27/03/2023,11:30 AM,92.18,57.36,6.45,29.69,Clear
27/03/2023,12:00 PM,93.18,54.45,7.09,29.68,Clear
27/03/2023,12:30 PM,93.82,52.00,7.91,29.67,Clear
27/03/2023,01:00 PM,94.09,50.73,8.82,29.66,Clear
27/03/2023,01:30 PM,94.09,50.00,9.55,29.65,Clear
27/03/2023,02:00 PM,93.91,49.91,9.91,29.64,Clear
27/03/2023,02:30 PM,93.45,51.09,10.09,29.64,Clear
27/03/2023,03:00 PM,92.64,53.09,10.18,29.63,Clear
27/03/2023,03:30 PM,91.64,54.82,10.45,29.63,Clear
27/03/2023,04:00 PM,90.82,56.82,10.45,29.63,Clear
27/03/2023,04:30 PM,89.82,59.09,10.36,29.63,Clear
27/03/2023,05:00 PM,88.64,62.00,9.73,29.63,Clear
27/03/2023,05:30 PM,87.45,64.91,9.09,29.64,Clear
27/03/2023,06:00 PM,86.45,67.36,8.55,29.65,Clear
27/03/2023,06:30 PM,85.45,69.82,7.91,29.66,Clear
27/03/2023,07:00 PM,84.55,72.45,7.18,29.66,Clear
27/03/2023,07:30 PM,83.64,75.09,6.55,29.68,Clear
27/03/2023,08:00 PM,82.82,77.55,6.27,29.68,Clear
27/03/2023,08:30 PM,82.00,79.64,6.18,29.69,Clear
27/03/2023,09:00 PM,81.36,81.73,5.73,29.70,Clear
27/03/2023,09:30 PM,80.91,83.09,5.09,29.70,Clear
27/03/2023,10:00 PM,80.27,84.91,4.55,29.71,Clear
27/03/2023,10:30 PM,79.82,86.27,4.55,29.71,Clear
27/03/2023,11:00 PM,79.36,87.18,4.55,29.71,Clear
27/03/2023,11:30 PM,78.73,88.55,4.00,29.71,Clear
28/03/2023,12:00 AM,78.09,89.91,3.73,29.70,Clear
28/03/2023,12:30 AM,77.55,90.82,3.73,29.70,Clear
28/03/2023,01:00 AM,77.00,91.73,3.45,29.69,Clear
28/03/2023,01:30 AM,76.64,92.18,3.00,29.69,Clear
28/03/2023,02:00 AM,76.27,92.64,2.45,29.68,Clear
28/03/2023,02:30 AM,75.91,93.09,2.00,29.68,Clear
28/03/2023,03:00 AM,75.36,94.09,1.73,29.68,Clear
28/03/2023,03:30 AM,75.00,94.64,1.45,29.68,Clear
28/03/2023,04:00 AM,74.82,94.64,1.18,29.68,Clear
28/03/2023,04:30 AM,74.82,95.09,1.00,29.69,Clear
28/03/2023,05:00 AM,75.00,95.64,1.00,29.69,Clear
28/03/2023,05:30 AM,75.55,95.18,0.91,29.70,Clear
28/03/2023,06:00 AM,76.36,94.27,1.00,29.71,Clear
28/03/2023,06:30 AM,77.36,93.36,1.55,29.72,Clear
28/03/2023,07:00 AM,78.55,92.00,2.18,29.73,Clear
28/03/2023,07:30 AM,79.91,90.27,2.64,29.74,Clear
28/03/2023,08:00 AM,81.27,88.09,2.91,29.75,Clear
28/03/2023,08:30 AM,82.82,85.36,3.45,29.75,Clear
28/03/2023,09:00 AM,84.36,82.27,4.00,29.76,Clear
28/03/2023,09:30 AM,85.82,79.45,4.64,29.76,Clear
28/03/2023,10:00 AM,87.09,76.64,5.27,29.76,Clear
28/03/2023,10:30 AM,88.36,73.27,6.36,29.76,Clear
28/03/2023,11:00 AM,89.45,70.27,7.09,29.75,Clear
28/03/2023,11:30 AM,90.09,68.00,7.27,29.74,Clear
28/03/2023,12:00 PM,90.91,65.45,7.91,29.73,Clear
28/03/2023,12:30 PM,91.36,63.64,8.36,29.72,Clear
28/03/2023,01:00 PM,91.64,62.18,9.09,29.71,Clear
28/03/2023,01:30 PM,91.73,61.18,10.00,29.69,Clear
28/03/2023,02:00 PM,91.73,60.45,10.55,29.68,Clear
28/03/2023,02:30 PM,91.55,60.45,10.64,29.67,Clear
28/03/2023,03:00 PM,91.27,60.73,10.73,29.66,Clear
28/03/2023,03:30 PM,90.82,61.36,10.73,29.66,Clear
28/03/2023,04:00 PM,90.36,62.00,10.27,29.65,Clear
28/03/2023,04:30 PM,89.55,63.64,9.55,29.65,Clear
28/03/2023,05:00 PM,88.91,65.00,9.00,29.66,Clear
28/03/2023,05:30 PM,87.91,66.27,8.09,29.66,Clear
28/03/2023,06:00 PM,86.91,68.09,7.55,29.67,Clear
28/03/2023,06:30 PM,85.82,69.91,6.64,29.68,Clear
28/03/2023,07:00 PM,84.73,72.09,5.91,29.69,Clear
28/03/2023,07:30 PM,83.73,74.55,5.09,29.70,Clear
28/03/2023,08:00 PM,82.73,76.64,4.73,29.71,Clear
28/03/2023,08:30 PM,81.73,78.73,4.27,29.72,Clear
28/03/2023,09:00 PM,81.09,79.91,3.64,29.73,Clear
28/03/2023,09:30 PM,80.09,82.09,3.45,29.73,Clear
28/03/2023,10:00 PM,79.45,83.45,3.73,29.74,Clear
28/03/2023,10:30 PM,78.82,84.82,4.00,29.74,Clear
28/03/2023,11:00 PM,78.18,86.55,4.00,29.74,Clear
28/03/2023,11:30 PM,77.55,87.45,3.64,29.74,Clear
29/03/2023,12:00 AM,77.00,88.36,3.36,29.74,Clear
29/03/2023,12:30 AM,76.45,89.36,2.91,29.74,Clear
29/03/2023,01:00 AM,75.91,89.82,2.64,29.73,Clear
29/03/2023,01:30 AM,75.55,90.27,2.64,29.73,Clear
29/03/2023,02:00 AM,75.18,90.73,2.64,29.72,Clear
29/03/2023,02:30 AM,74.64,91.73,2.45,29.72,Clear
29/03/2023,03:00 AM,74.45,91.73,2.00,29.72,Clear
29/03/2023,03:30 AM,74.09,92.18,1.64,29.72,Clear
29/03/2023,04:00 AM,73.73,92.64,1.36,29.72,Clear
29/03/2023,04:30 AM,73.36,93.64,1.09,29.72,Clear
29/03/2023,05:00 AM,73.55,94.09,1.00,29.72,Clear
29/03/2023,05:30 AM,74.09,94.09,1.45,29.73,Clear
29/03/2023,06:00 AM,74.91,93.64,1.91,29.74,Clear
29/03/2023,06:30 AM,76.09,92.27,2.36,29.74,Clear
29/03/2023,07:00 AM,77.45,90.55,2.36,29.75,Clear
29/03/2023,07:30 AM,79.09,88.00,2.73,29.76,Clear
29/03/2023,08:00 AM,80.73,85.18,3.55,29.77,Clear
29/03/2023,08:30 AM,82.55,82.00,4.18,29.77,Clear
29/03/2023,09:00 AM,84.36,78.55,4.73,29.78,Clear
29/03/2023,09:30 AM,86.18,75.09,5.45,29.78,Clear
29/03/2023,10:00 AM,88.00,71.09,6.18,29.78,Clear
29/03/2023,10:30 AM,89.45,67.64,7.27,29.77,Clear
29/03/2023,11:00 AM,90.55,64.64,7.91,29.77,Clear
29/03/2023,11:30 AM,91.73,61.00,8.36,29.76,Clear
29/03/2023,12:00 PM,92.55,58.09,9.09,29.75,Clear
29/03/2023,12:30 PM,93.18,55.55,10.00,29.74,Clear
29/03/2023,01:00 PM,93.36,54.00,10.45,29.73,Clear
29/03/2023,01:30 PM,93.55,53.00,10.45,29.71,Clear
29/03/2023,02:00 PM,93.36,52.64,11.09,29.70,Clear
29/03/2023,02:30 PM,93.18,52.55,11.36,29.69,Clear
29/03/2023,03:00 PM,92.91,53.09,11.82,29.68,Clear
29/03/2023,03:30 PM,92.27,54.00,12.00,29.68,Clear
29/03/2023,04:00 PM,91.64,54.91,11.64,29.68,Clear
29/03/2023,04:30 PM,90.82,56.18,11.45,29.67,Clear
29/03/2023,05:00 PM,89.82,58.45,11.09,29.67,Clear
29/03/2023,05:30 PM,88.64,60.91,10.45,29.68,Clear
29/03/2023,06:00 PM,87.18,64.18,9.45,29.68,Clear
29/03/2023,06:30 PM,85.91,67.27,8.82,29.69,Clear
29/03/2023,07:00 PM,84.64,70.09,8.09,29.69,Clear
29/03/2023,07:30 PM,83.36,73.18,6.82,29.71,Clear
29/03/2023,08:00 PM,82.09,76.27,6.09,29.71,Clear
29/03/2023,08:30 PM,80.91,78.73,4.73,29.72,Clear
29/03/2023,09:00 PM,79.91,81.27,3.82,29.73,Clear
29/03/2023,09:30 PM,78.91,83.82,3.00,29.74,Clear
29/03/2023,10:00 PM,78.09,86.00,2.18,29.74,Clear
29/03/2023,10:30 PM,77.09,87.82,1.64,29.74,Clear
29/03/2023,11:00 PM,76.27,89.64,1.36,29.74,Clear
29/03/2023,11:30 PM,75.73,91.18,1.18,29.74,Clear
30/03/2023,12:00 AM,75.18,92.18,0.73,29.74,Clear
30/03/2023,12:30 AM,74.64,93.18,0.55,29.73,Clear
30/03/2023,01:00 AM,74.27,93.64,0.55,29.72,Clear
30/03/2023,01:30 AM,73.91,94.09,0.36,29.72,Clear
30/03/2023,02:00 AM,73.55,94.55,0.36,29.71,Clear
30/03/2023,02:30 AM,73.36,94.55,0.36,29.70,Clear
30/03/2023,03:00 AM,73.09,95.09,0.64,29.69,Clear
30/03/2023,03:30 AM,72.91,95.09,0.55,29.69,Clear
30/03/2023,04:00 AM,72.91,95.09,0.55,29.69,Clear
30/03/2023,04:30 AM,72.91,95.09,0.27,29.69,Clear
30/03/2023,05:00 AM,73.09,94.55,0.55,29.69,Clear
30/03/2023,05:30 AM,73.64,94.55,0.82,29.69,Clear
30/03/2023,06:00 AM,74.45,94.09,0.82,29.70,Clear
30/03/2023,06:30 AM,75.45,93.18,1.09,29.71,Clear
30/03/2023,07:00 AM,76.82,91.45,1.36,29.72,Clear
30/03/2023,07:30 AM,78.36,89.27,1.91,29.73,Clear
30/03/2023,08:00 AM,80.00,86.45,2.45,29.74,Clear
30/03/2023,08:30 AM,81.64,83.00,3.00,29.74,Clear
30/03/2023,09:00 AM,83.45,79.55,3.55,29.75,Clear
30/03/2023,09:30 AM,85.27,75.45,4.27,29.75,Clear
30/03/2023,10:00 AM,87.09,71.36,5.09,29.75,Clear
30/03/2023,10:30 AM,88.73,67.55,5.73,29.75,Clear
30/03/2023,11:00 AM,90.00,63.45,6.18,29.74,Clear
30/03/2023,11:30 AM,91.18,59.09,7.09,29.74,Clear
30/03/2023,12:00 PM,92.18,55.18,7.64,29.73,Clear
30/03/2023,12:30 PM,92.64,52.36,8.27,29.72,Clear
30/03/2023,01:00 PM,92.91,49.73,8.45,29.71,Clear
30/03/2023,01:30 PM,92.91,48.73,8.73,29.70,Clear
30/03/2023,02:00 PM,93.00,47.82,8.82,29.68,Clear
30/03/2023,02:30 PM,92.73,47.73,9.18,29.67,Clear
30/03/2023,03:00 PM,92.27,48.55,9.27,29.66,Clear
30/03/2023,03:30 PM,91.82,49.36,9.18,29.65,Clear
30/03/2023,04:00 PM,91.18,50.27,9.00,29.65,Clear
30/03/2023,04:30 PM,90.36,51.82,8.73,29.65,Clear
30/03/2023,05:00 PM,89.18,54.45,8.00,29.65,Clear
30/03/2023,05:30 PM,87.91,57.45,7.27,29.65,Clear
30/03/2023,06:00 PM,86.64,60.55,6.36,29.65,Clear
30/03/2023,06:30 PM,85.18,64.36,5.82,29.66,Clear
30/03/2023,07:00 PM,83.73,67.73,5.27,29.67,Clear
30/03/2023,07:30 PM,82.27,71.09,4.55,29.68,Clear
30/03/2023,08:00 PM,81.09,74.18,3.91,29.69,Clear
30/03/2023,08:30 PM,79.91,77.00,3.09,29.71,Clear
30/03/2023,09:00 PM,78.55,80.27,2.36,29.71,Clear
30/03/2023,09:30 PM,77.36,83.18,1.64,29.72,Clear
30/03/2023,10:00 PM,76.36,85.73,1.18,29.73,Clear
30/03/2023,10:30 PM,75.45,87.91,1.00,29.73,Clear
30/03/2023,11:00 PM,74.64,89.73,0.91,29.73,Clear
30/03/2023,11:30 PM,74.00,91.18,1.09,29.73,Clear
31/03/2023,12:00 AM,73.55,92.18,0.91,29.72,Clear
31/03/2023,12:30 AM,73.27,92.64,0.64,29.72,Clear
31/03/2023,01:00 AM,73.00,93.09,0.45,29.71,Clear
31/03/2023,01:30 AM,72.36,93.55,0.18,29.70,Clear
31/03/2023,02:00 AM,71.91,94.00,0.18,29.69,Clear
31/03/2023,02:30 AM,71.64,94.00,0.18,29.69,Clear
31/03/2023,03:00 AM,71.36,94.00,0.18,29.68,Clear
31/03/2023,03:30 AM,71.09,94.00,0.18,29.68,Clear
31/03/2023,04:00 AM,70.91,94.00,0.18,29.68,Clear
31/03/2023,04:30 AM,70.73,94.55,0.18,29.68,Clear
31/03/2023,05:00 AM,70.73,95.09,0.00,29.68,Clear
31/03/2023,05:30 AM,71.00,95.09,0.00,29.69,Clear
31/03/2023,06:00 AM,71.91,94.18,0.18,29.70,Clear
31/03/2023,06:30 AM,73.00,93.27,0.18,29.71,Clear
31/03/2023,07:00 AM,74.45,91.45,0.45,29.71,Clear
31/03/2023,07:30 AM,76.09,89.73,0.91,29.72,Clear
31/03/2023,08:00 AM,77.91,87.18,1.55,29.73,Clear
31/03/2023,08:30 AM,79.82,84.36,2.00,29.74,Clear
31/03/2023,09:00 AM,81.73,81.18,2.64,29.74,Clear
31/03/2023,09:30 AM,83.82,77.36,3.36,29.74,Clear
31/03/2023,10:00 AM,86.09,72.55,4.45,29.74,Clear
31/03/2023,10:30 AM,88.18,67.73,5.64,29.74,Clear
31/03/2023,11:00 AM,90.00,63.18,6.82,29.74,Clear
31/03/2023,11:30 AM,91.18,59.55,7.82,29.73,Clear
31/03/2023,12:00 PM,92.18,55.91,8.91,29.72,Clear
31/03/2023,12:30 PM,93.00,53.18,9.82,29.71,Clear
31/03/2023,01:00 PM,93.64,50.09,10.73,29.69,Clear
31/03/2023,01:30 PM,93.91,48.09,11.27,29.68,Clear
31/03/2023,02:00 PM,94.09,46.36,12.00,29.67,Clear
31/03/2023,02:30 PM,94.09,45.45,12.55,29.66,Clear
31/03/2023,03:00 PM,93.82,45.45,13.09,29.65,Clear
31/03/2023,03:30 PM,93.18,46.45,13.18,29.65,Clear
31/03/2023,04:00 PM,92.36,47.82,12.91,29.64,Clear
31/03/2023,04:30 PM,91.36,49.82,12.45,29.64,Clear
31/03/2023,05:00 PM,90.36,51.82,11.73,29.64,Clear
31/03/2023,05:30 PM,89.18,54.55,10.82,29.65,Clear
31/03/2023,06:00 PM,87.91,57.73,9.82,29.65,Clear
31/03/2023,06:30 PM,86.64,61.18,8.73,29.66,Clear
31/03/2023,07:00 PM,85.36,64.73,7.82,29.67,Clear
31/03/2023,07:30 PM,83.91,68.27,6.64,29.68,Clear
31/03/2023,08:00 PM,82.45,71.91,5.73,29.69,Clear
31/03/2023,08:30 PM,81.09,75.27,4.73,29.70,Clear
31/03/2023,09:00 PM,79.91,78.09,3.55,29.71,Clear
31/03/2023,09:30 PM,78.91,81.00,2.73,29.71,Clear
31/03/2023,10:00 PM,78.09,83.55,2.00,29.72,Clear
31/03/2023,10:30 PM,77.09,86.09,1.55,29.72,Clear
31/03/2023,11:00 PM,76.27,87.91,1.36,29.72,Clear
31/03/2023,11:30 PM,75.55,89.27,1.18,29.72,Clear
01/04/2023,12:00 AM,75.00,90.64,0.91,29.72,Clear
01/04/2023,12:30 AM,74.45,92.18,0.64,29.71,Clear
01/04/2023,01:00 AM,74.09,93.18,0.64,29.71,Clear
01/04/2023,01:30 AM,73.91,93.64,0.36,29.70,Clear
01/04/2023,02:00 AM,73.73,94.09,0.09,29.70,Clear
01/04/2023,02:30 AM,73.55,94.55,0.27,29.69,Clear
01/04/2023,03:00 AM,73.27,95.09,0.18,29.69,Clear
01/04/2023,03:30 AM,73.09,95.09,0.18,29.69,Clear
01/04/2023,04:00 AM,73.09,95.09,0.18,29.69,Clear
01/04/2023,04:30 AM,73.09,95.64,0.18,29.69,Clear
01/04/2023,05:00 AM,73.27,95.64,0.18,29.69,Clear
01/04/2023,05:30 AM,73.45,96.18,0.18,29.70,Clear
01/04/2023,06:00 AM,74.27,94.73,0.18,29.71,Clear
01/04/2023,06:30 AM,75.27,93.36,0.36,29.71,Clear
01/04/2023,07:00 AM,76.64,91.64,0.55,29.72,Clear
01/04/2023,07:30 AM,78.00,89.09,1.27,29.73,Clear
01/04/2023,08:00 AM,79.55,86.18,1.64,29.74,Clear
01/04/2023,08:30 AM,81.27,82.09,2.18,29.74,Clear
01/04/2023,09:00 AM,83.09,78.00,2.91,29.74,Clear
01/04/2023,09:30 AM,84.91,73.91,3.55,29.75,Clear
01/04/2023,10:00 AM,86.91,69.09,4.27,29.74,Clear
01/04/2023,10:30 AM,88.73,64.55,5.00,29.74,Clear
01/04/2023,11:00 AM,90.55,59.00,5.73,29.73,Clear
01/04/2023,11:30 AM,91.73,55.36,6.45,29.72,Clear
01/04/2023,12:00 PM,92.91,51.27,7.36,29.71,Clear
01/04/2023,12:30 PM,93.73,47.36,8.00,29.70,Clear
01/04/2023,01:00 PM,94.55,44.09,8.09,29.68,Clear
01/04/2023,01:30 PM,95.00,42.00,8.64,29.67,Clear
01/04/2023,02:00 PM,95.18,40.45,9.18,29.66,Clear
01/04/2023,02:30 PM,95.18,39.45,9.55,29.65,Clear
01/04/2023,03:00 PM,94.91,39.18,9.73,29.63,Clear
01/04/2023,03:30 PM,94.45,39.36,9.82,29.63,Clear
01/04/2023,04:00 PM,93.64,40.64,9.91,29.62,Clear
01/04/2023,04:30 PM,92.45,43.09,9.91,29.62,Clear
01/04/2023,05:00 PM,91.27,45.82,9.91,29.62,Clear
01/04/2023,05:30 PM,89.82,49.91,9.27,29.63,Clear
01/04/2023,06:00 PM,88.45,54.18,9.00,29.63,Clear
01/04/2023,06:30 PM,87.00,58.64,8.36,29.64,Clear
01/04/2023,07:00 PM,85.36,62.64,7.27,29.65,Clear
01/04/2023,07:30 PM,83.91,67.27,6.18,29.66,Clear
01/04/2023,08:00 PM,82.27,72.36,5.55,29.68,Clear
01/04/2023,08:30 PM,80.91,76.73,4.91,29.69,Clear
01/04/2023,09:00 PM,79.55,80.36,4.27,29.70,Clear
01/04/2023,09:30 PM,78.55,83.18,3.45,29.71,Clear
01/04/2023,10:00 PM,77.55,85.73,2.73,29.72,Clear
01/04/2023,10:30 PM,76.73,87.55,2.00,29.72,Clear
01/04/2023,11:00 PM,76.00,88.91,1.55,29.73,Clear
01/04/2023,11:30 PM,75.18,90.27,1.00,29.73,Clear
02/04/2023,12:00 AM,74.45,91.64,0.82,29.73,Clear
02/04/2023,12:30 AM,74.09,92.64,0.82,29.72,Clear
02/04/2023,01:00 AM,73.73,93.09,0.82,29.72,Clear
02/04/2023,01:30 AM,73.55,93.09,0.36,29.71,Clear
02/04/2023,02:00 AM,73.36,93.09,0.18,29.70,Clear
02/04/2023,02:30 AM,73.09,93.55,0.00,29.69,Clear
02/04/2023,03:00 AM,72.82,94.00,0.00,29.69,Clear
02/04/2023,03:30 AM,72.73,94.00,0.00,29.69,Clear
02/04/2023,04:00 AM,72.64,94.00,0.00,29.68,Clear
02/04/2023,04:30 AM,72.64,94.00,0.00,29.68,Clear
02/04/2023,05:00 AM,72.82,94.00,0.00,29.69,Clear
02/04/2023,05:30 AM,73.18,94.00,0.00,29.69,Clear
02/04/2023,06:00 AM,73.91,93.55,0.00,29.70,Clear
02/04/2023,06:30 AM,75.09,92.18,0.00,29.71,Clear
02/04/2023,07:00 AM,76.45,90.82,0.27,29.71,Clear
02/04/2023,07:30 AM,77.82,89.09,0.45,29.72,Clear
02/04/2023,08:00 AM,79.55,86.27,0.91,29.73,Clear
02/04/2023,08:30 AM,81.27,83.09,1.45,29.73,Clear
02/04/2023,09:00 AM,83.18,79.00,1.91,29.74,Clear
02/04/2023,09:30 AM,85.27,74.45,2.45,29.74,Clear
02/04/2023,10:00 AM,87.27,70.18,3.00,29.73,Clear
02/04/2023,10:30 AM,89.27,65.64,3.45,29.73,Clear
02/04/2023,11:00 AM,90.91,61.36,4.36,29.72,Clear
02/04/2023,11:30 AM,92.36,57.27,5.09,29.71,Clear
02/04/2023,12:00 PM,93.36,54.09,5.82,29.69,Clear
02/04/2023,12:30 PM,94.00,51.36,6.73,29.68,Clear
02/04/2023,01:00 PM,94.64,49.00,7.45,29.66,Clear
02/04/2023,01:30 PM,94.64,48.27,7.82,29.65,Clear
02/04/2023,02:00 PM,94.18,48.91,8.18,29.63,Clear
02/04/2023,02:30 PM,93.36,50.45,8.64,29.62,Clear
02/04/2023,03:00 PM,92.36,52.45,8.09,29.61,Clear
02/04/2023,03:30 PM,91.36,54.55,7.82,29.61,Clear
02/04/2023,04:00 PM,90.00,57.27,7.82,29.60,Rain
02/04/2023,04:30 PM,88.82,59.73,7.09,29.60,Rain
02/04/2023,05:00 PM,87.36,62.91,6.82,29.60,Clear
02/04/2023,05:30 PM,85.91,66.09,6.09,29.61,Clear
02/04/2023,06:00 PM,84.45,69.18,5.18,29.62,Clear
02/04/2023,06:30 PM,83.00,72.82,4.36,29.63,Clear
02/04/2023,07:00 PM,81.91,75.91,3.82,29.64,Clear
02/04/2023,07:30 PM,81.27,78.00,3.18,29.66,Clear
02/04/2023,08:00 PM,80.82,80.09,2.36,29.67,Clear
02/04/2023,08:30 PM,80.18,82.18,2.36,29.68,Clear
02/04/2023,09:00 PM,79.55,83.91,2.09,29.69,Clear
02/04/2023,09:30 PM,79.09,85.27,1.64,29.70,Clear
02/04/2023,10:00 PM,78.64,86.64,1.45,29.71,Clear
02/04/2023,10:30 PM,78.27,87.55,1.00,29.71,Clear
02/04/2023,11:00 PM,77.91,88.45,1.00,29.71,Clear
02/04/2023,11:30 PM,77.73,89.00,0.73,29.71,Clear
03/04/2023,12:00 AM,77.55,89.00,0.64,29.70,Clear
03/04/2023,12:30 AM,77.18,89.45,0.36,29.70,Clear
03/04/2023,01:00 AM,76.82,89.91,0.36,29.69,Clear
03/04/2023,01:30 AM,76.45,90.36,0.45,29.68,Clear
03/04/2023,02:00 AM,76.27,90.82,0.64,29.67,Clear
03/04/2023,02:30 AM,75.91,91.82,0.64,29.66,Clear
03/04/2023,03:00 AM,75.73,92.27,0.64,29.66,Clear
03/04/2023,03:30 AM,75.36,93.27,0.64,29.66,Clear
03/04/2023,04:00 AM,75.00,94.27,0.64,29.66,Clear
03/04/2023,04:30 AM,74.82,94.73,0.64,29.66,Clear
03/04/2023,05:00 AM,74.82,95.18,0.64,29.66,Clear
03/04/2023,05:30 AM,75.00,95.64,0.73,29.67,Clear
03/04/2023,06:00 AM,75.55,95.18,1.00,29.68,Clear
03/04/2023,06:30 AM,76.36,94.27,0.91,29.69,Clear
03/04/2023,07:00 AM,77.36,92.91,1.27,29.71,Clear
03/04/2023,07:30 AM,78.55,91.18,1.73,29.72,Clear
03/04/2023,08:00 AM,79.91,88.91,2.45,29.73,Clear
03/04/2023,08:30 AM,81.27,86.73,3.09,29.74,Clear
03/04/2023,09:00 AM,82.82,83.64,3.73,29.74,Clear
03/04/2023,09:30 AM,84.36,80.55,4.55,29.74,Clear
03/04/2023,10:00 AM,85.73,78.00,5.82,29.75,Clear
03/04/2023,10:30 AM,86.73,75.45,6.55,29.74,Clear
03/04/2023,11:00 AM,87.82,72.64,7.18,29.74,Clear
03/04/2023,11:30 AM,88.73,69.91,7.55,29.73,Clear
03/04/2023,12:00 PM,89.36,67.64,7.82,29.72,Clear
03/04/2023,12:30 PM,90.00,65.55,7.73,29.71,Rain
03/04/2023,01:00 PM,90.45,63.82,7.64,29.70,Rain
03/04/2023,01:30 PM,90.73,62.36,7.45,29.68,Clear
03/04/2023,02:00 PM,90.82,61.36,7.27,29.67,Clear
03/04/2023,02:30 PM,90.82,61.00,7.18,29.66,Clear
03/04/2023,03:00 PM,90.82,60.64,6.91,29.65,Clear
03/04/2023,03:30 PM,90.27,60.64,6.55,29.64,Clear
03/04/2023,04:00 PM,89.64,61.36,6.55,29.64,Clear
03/04/2023,04:30 PM,88.73,62.00,6.27,29.63,Clear
03/04/2023,05:00 PM,87.64,63.73,5.82,29.63,Clear
03/04/2023,05:30 PM,86.55,65.45,5.36,29.64,Rain
03/04/2023,06:00 PM,85.09,67.91,5.36,29.65,Rain
03/04/2023,06:30 PM,83.64,70.36,5.09,29.65,Rain
03/04/2023,07:00 PM,82.18,73.09,4.55,29.66,Clear
03/04/2023,07:30 PM,80.73,75.82,4.09,29.68,Clear
03/04/2023,08:00 PM,79.36,78.27,3.55,29.69,Clear
03/04/2023,08:30 PM,78.00,80.73,3.00,29.70,Clear
03/04/2023,09:00 PM,77.18,83.27,2.09,29.71,Clear
03/04/2023,09:30 PM,76.64,85.09,1.55,29.71,Clear
03/04/2023,10:00 PM,76.09,87.27,1.18,29.71,Clear
03/04/2023,10:30 PM,75.73,88.73,1.00,29.71,Clear
03/04/2023,11:00 PM,75.36,90.18,1.00,29.71,Clear
03/04/2023,11:30 PM,75.18,90.73,0.55,29.71,Clear
04/04/2023,12:00 AM,75.00,91.27,0.27,29.71,Clear
04/04/2023,12:30 AM,75.00,91.73,0.27,29.70,Clear
04/04/2023,01:00 AM,75.00,92.18,0.27,29.69,Clear
04/04/2023,01:30 AM,75.00,92.64,0.27,29.68,Clear
04/04/2023,02:00 AM,75.00,93.09,0.27,29.68,Clear
04/04/2023,02:30 AM,75.00,93.09,0.27,29.67,Clear
04/04/2023,03:00 AM,74.82,93.64,0.09,29.66,Clear
04/04/2023,03:30 AM,74.64,93.64,0.00,29.66,Clear
04/04/2023,04:00 AM,74.45,93.64,0.00,29.66,Clear
04/04/2023,04:30 AM,74.45,93.64,0.00,29.66,Clear
04/04/2023,05:00 AM,74.82,94.09,0.00,29.66,Clear
04/04/2023,05:30 AM,75.45,94.09,0.18,29.66,Clear
04/04/2023,06:00 AM,76.27,93.18,0.45,29.67,Clear
04/04/2023,06:30 AM,77.27,91.82,1.00,29.68,Clear
04/04/2023,07:00 AM,78.64,89.64,1.45,29.69,Clear
04/04/2023,07:30 AM,80.09,87.09,2.18,29.69,Clear
04/04/2023,08:00 AM,81.73,83.91,2.73,29.70,Clear
04/04/2023,08:30 AM,83.73,79.27,3.36,29.71,Clear
04/04/2023,09:00 AM,85.73,75.00,4.00,29.71,Clear
04/04/2023,09:30 AM,87.91,70.45,4.82,29.71,Clear
04/04/2023,10:00 AM,89.91,65.91,5.36,29.71,Clear
04/04/2023,10:30 AM,91.73,61.18,6.00,29.71,Clear
04/04/2023,11:00 AM,92.91,57.09,6.73,29.70,Clear
04/04/2023,11:30 AM,94.36,53.00,7.18,29.69,Clear
04/04/2023,12:00 PM,95.36,50.09,7.27,29.68,Clear
04/04/2023,12:30 PM,96.00,48.00,7.09,29.67,Clear
04/04/2023,01:00 PM,96.73,46.00,6.91,29.65,Clear
04/04/2023,01:30 PM,96.27,46.64,7.73,29.64,Clear
04/04/2023,02:00 PM,95.27,48.55,8.36,29.63,Clear
04/04/2023,02:30 PM,93.64,51.82,9.18,29.62,Clear
04/04/2023,03:00 PM,91.64,55.91,8.82,29.61,Clear
04/04/2023,03:30 PM,89.64,60.00,8.91,29.60,Clear
04/04/2023,04:00 PM,87.45,64.73,8.55,29.60,Rain
04/04/2023,04:30 PM,85.64,69.27,7.91,29.60,Rain
04/04/2023,05:00 PM,83.36,74.27,7.73,29.60,Rain
04/04/2023,05:30 PM,81.55,78.55,7.27,29.61,Rain
04/04/2023,06:00 PM,79.55,82.82,7.09,29.62,Clear
04/04/2023,06:30 PM,77.36,87.36,6.55,29.63,Clear
04/04/2023,07:00 PM,76.18,89.91,5.36,29.64,Clear
04/04/2023,07:30 PM,75.36,92.09,4.09,29.65,Clear
04/04/2023,08:00 PM,75.18,93.09,2.64,29.67,Clear
04/04/2023,08:30 PM,75.18,94.09,2.18,29.68,Clear
04/04/2023,09:00 PM,75.18,95.09,1.55,29.69,Clear
04/04/2023,09:30 PM,75.18,95.09,1.55,29.69,Clear
04/04/2023,10:00 PM,75.18,95.09,1.45,29.70,Clear
04/04/2023,10:30 PM,75.18,95.09,0.91,29.70,Clear
04/04/2023,11:00 PM,75.00,95.09,0.73,29.70,Clear
04/04/2023,11:30 PM,75.00,95.09,0.64,29.70,Clear
05/04/2023,12:00 AM,75.00,95.09,0.64,29.70,Clear
05/04/2023,12:30 AM,75.00,95.09,0.45,29.69,Clear
05/04/2023,01:00 AM,74.82,95.64,0.45,29.69,Clear
05/04/2023,01:30 AM,74.82,95.64,0.45,29.68,Clear
05/04/2023,02:00 AM,74.64,95.64,0.45,29.67,Clear
05/04/2023,02:30 AM,74.45,95.64,0.45,29.66,Clear
05/04/2023,03:00 AM,74.27,96.18,0.18,29.66,Clear
05/04/2023,03:30 AM,74.09,96.73,0.00,29.66,Clear
05/04/2023,04:00 AM,73.91,97.27,0.00,29.66,Clear
05/04/2023,04:30 AM,73.91,97.82,0.00,29.66,Clear
05/04/2023,05:00 AM,74.09,98.36,0.18,29.66,Clear
05/04/2023,05:30 AM,74.45,98.91,0.36,29.67,Clear
05/04/2023,06:00 AM,75.09,98.45,0.55,29.68,Clear
05/04/2023,06:30 AM,76.09,97.45,1.09,29.68,Clear
05/04/2023,07:00 AM,77.09,96.55,1.73,29.69,Clear
05/04/2023,07:30 AM,78.45,94.64,2.45,29.71,Clear
05/04/2023,08:00 AM,80.00,92.36,3.27,29.71,Clear
05/04/2023,08:30 AM,81.64,89.73,4.00,29.72,Clear
05/04/2023,09:00 AM,83.27,86.64,4.73,29.72,Clear
05/04/2023,09:30 AM,85.27,82.91,5.36,29.73,Clear
05/04/2023,10:00 AM,86.91,79.18,5.82,29.73,Clear
05/04/2023,10:30 AM,88.18,75.45,6.09,29.73,Clear
05/04/2023,11:00 AM,89.45,71.73,6.45,29.72,Clear
05/04/2023,11:30 AM,90.64,68.45,7.55,29.71,Clear
05/04/2023,12:00 PM,90.00,67.91,8.64,29.70,Clear
05/04/2023,12:30 PM,89.36,67.82,8.82,29.69,Clear
05/04/2023,01:00 PM,88.55,68.18,8.64,29.68,Clear
05/04/2023,01:30 PM,87.55,68.91,8.00,29.67,Clear
05/04/2023,02:00 PM,86.45,70.55,7.73,29.66,Rain
05/04/2023,02:30 PM,85.18,73.09,7.09,29.65,Rain
05/04/2023,03:00 PM,83.55,76.27,6.73,29.64,Rain
05/04/2023,03:30 PM,82.09,79.45,6.45,29.64,Rain
05/04/2023,04:00 PM,80.82,82.64,6.00,29.64,Clear
05/04/2023,04:30 PM,79.18,85.82,5.64,29.64,Rain
05/04/2023,05:00 PM,77.36,89.55,4.36,29.65,Clear
05/04/2023,05:30 PM,77.18,90.55,2.73,29.66,Clear
05/04/2023,06:00 PM,76.82,91.55,2.09,29.67,Clear
05/04/2023,06:30 PM,76.45,92.55,1.82,29.68,Clear
05/04/2023,07:00 PM,76.09,93.55,1.82,29.69,Clear
05/04/2023,07:30 PM,75.73,94.00,2.00,29.69,Clear
05/04/2023,08:00 PM,75.55,94.00,2.45,29.71,Clear
05/04/2023,08:30 PM,75.36,94.00,2.64,29.72,Clear
05/04/2023,09:00 PM,75.18,94.00,2.91,29.72,Clear
05/04/2023,09:30 PM,75.00,94.00,3.36,29.73,Clear
05/04/2023,10:00 PM,75.00,94.00,3.36,29.73,Clear
05/04/2023,10:30 PM,75.00,94.00,3.55,29.73,Clear
05/04/2023,11:00 PM,75.00,94.00,3.64,29.73,Clear
05/04/2023,11:30 PM,74.82,94.55,3.64,29.72,Clear
06/04/2023,12:00 AM,74.64,95.09,3.55,29.72,Clear
06/04/2023,12:30 AM,74.45,95.64,3.64,29.71,Clear
06/04/2023,01:00 AM,74.27,96.18,3.18,29.71,Clear
06/04/2023,01:30 AM,74.09,96.18,2.64,29.70,Clear
06/04/2023,02:00 AM,73.91,96.18,2.18,29.69,Clear
06/04/2023,02:30 AM,73.64,96.73,1.82,29.68,Clear
06/04/2023,03:00 AM,73.36,97.27,1.36,29.68,Clear
06/04/2023,03:30 AM,73.09,97.82,1.36,29.67,Clear
06/04/2023,04:00 AM,72.82,98.36,1.18,29.67,Clear
06/04/2023,04:30 AM,72.64,98.36,1.27,29.67,Clear
06/04/2023,05:00 AM,72.82,98.36,1.18,29.68,Clear
06/04/2023,05:30 AM,73.18,98.36,1.18,29.68,Clear
06/04/2023,06:00 AM,73.91,97.36,1.18,29.69,Clear
06/04/2023,06:30 AM,74.73,95.91,1.73,29.70,Clear
06/04/2023,07:00 AM,75.73,95.00,2.45,29.71,Clear
06/04/2023,07:30 AM,76.91,94.09,3.00,29.72,Clear
06/04/2023,08:00 AM,78.55,92.18,3.18,29.73,Clear
06/04/2023,08:30 AM,80.18,89.91,3.73,29.73,Clear
06/04/2023,09:00 AM,81.91,86.82,3.82,29.74,Clear
06/04/2023,09:30 AM,83.82,83.09,4.27,29.74,Clear
06/04/2023,10:00 AM,85.82,79.64,4.55,29.74,Clear
06/04/2023,10:30 AM,87.64,75.36,4.73,29.74,Clear
06/04/2023,11:00 AM,89.45,70.82,4.73,29.73,Clear
06/04/2023,11:30 AM,90.91,67.27,5.00,29.72,Clear
06/04/2023,12:00 PM,92.09,63.91,4.45,29.71,Clear
06/04/2023,12:30 PM,92.73,61.64,4.64,29.69,Clear
06/04/2023,01:00 PM,93.18,59.73,4.82,29.68,Clear
06/04/2023,01:30 PM,92.64,58.55,5.18,29.67,Clear
06/04/2023,02:00 PM,92.09,58.45,5.36,29.66,Clear
06/04/2023,02:30 PM,91.27,59.64,6.00,29.65,Rain
06/04/2023,03:00 PM,90.00,61.36,6.64,29.64,Rain
06/04/2023,03:30 PM,88.55,63.82,6.73,29.63,Rain
06/04/2023,04:00 PM,87.09,66.55,6.64,29.63,Rain
06/04/2023,04:30 PM,85.27,70.09,6.64,29.63,Rain
06/04/2023,05:00 PM,83.45,73.64,6.36,29.63,Rain
06/04/2023,05:30 PM,81.82,77.45,6.18,29.64,Rain
06/04/2023,06:00 PM,80.55,80.18,5.27,29.65,Clear
06/04/2023,06:30 PM,79.09,83.00,4.73,29.66,Clear
06/04/2023,07:00 PM,78.27,85.55,4.27,29.67,Clear
06/04/2023,07:30 PM,77.45,86.91,3.55,29.68,Clear
06/04/2023,08:00 PM,76.82,87.82,2.64,29.69,Clear
06/04/2023,08:30 PM,76.27,89.27,1.55,29.70,Clear
06/04/2023,09:00 PM,75.73,90.27,1.00,29.71,Clear
06/04/2023,09:30 PM,75.18,91.27,0.82,29.72,Clear
06/04/2023,10:00 PM,74.82,91.73,0.64,29.72,Clear
06/04/2023,10:30 PM,74.45,92.18,0.36,29.73,Clear
06/04/2023,11:00 PM,74.09,92.64,0.36,29.73,Clear
06/04/2023,11:30 PM,73.73,93.09,0.36,29.73,Clear
07/04/2023,12:00 AM,73.55,93.09,0.18,29.73,Clear
07/04/2023,12:30 AM,73.36,93.09,0.00,29.73,Clear
07/04/2023,01:00 AM,73.18,93.55,0.00,29.72,Clear
07/04/2023,01:30 AM,72.91,94.55,0.00,29.72,Clear
07/04/2023,02:00 AM,72.82,95.09,0.00,29.72,Clear
07/04/2023,02:30 AM,72.73,95.64,0.00,29.71,Clear
07/04/2023,03:00 AM,72.64,96.18,0.00,29.71,Clear
07/04/2023,03:30 AM,72.55,96.73,0.00,29.71,Clear
07/04/2023,04:00 AM,72.55,96.73,0.00,29.71,Clear
07/04/2023,04:30 AM,72.55,97.27,0.00,29.71,Clear
07/04/2023,05:00 AM,72.73,97.82,0.00,29.71,Clear
07/04/2023,05:30 AM,73.27,97.82,0.00,29.71,Clear
07/04/2023,06:00 AM,74.09,97.36,0.00,29.72,Clear
07/04/2023,06:30 AM,75.27,96.45,0.00,29.73,Clear
07/04/2023,07:00 AM,76.73,94.55,0.00,29.74,Clear
07/04/2023,07:30 AM,78.36,91.82,0.18,29.74,Clear
07/04/2023,08:00 AM,80.09,88.73,0.45,29.75,Clear
07/04/2023,08:30 AM,82.00,85.00,1.00,29.76,Clear
07/04/2023,09:00 AM,83.91,81.00,1.18,29.76,Clear
07/04/2023,09:30 AM,85.91,76.91,1.64,29.77,Clear
07/04/2023,10:00 AM,88.09,72.09,1.91,29.77,Clear
07/04/2023,10:30 AM,90.09,67.27,2.36,29.76,Clear
07/04/2023,11:00 AM,91.55,63.18,2.91,29.76,Clear
07/04/2023,11:30 AM,92.55,59.55,3.64,29.75,Clear
07/04/2023,12:00 PM,93.55,56.18,4.27,29.74,Clear
07/04/2023,12:30 PM,94.18,53.45,5.36,29.73,Clear
07/04/2023,01:00 PM,94.64,51.36,6.36,29.71,Clear
07/04/2023,01:30 PM,94.82,49.82,7.00,29.70,Clear
07/04/2023,02:00 PM,94.82,48.64,7.36,29.69,Clear
07/04/2023,02:30 PM,94.64,48.27,8.00,29.68,Clear
07/04/2023,03:00 PM,94.18,48.82,8.27,29.67,Clear
07/04/2023,03:30 PM,93.36,49.82,8.45,29.67,Clear
07/04/2023,04:00 PM,92.36,51.18,8.18,29.66,Clear
07/04/2023,04:30 PM,91.36,53.09,7.64,29.66,Clear
07/04/2023,05:00 PM,90.27,55.82,6.91,29.67,Clear
07/04/2023,05:30 PM,88.82,58.73,6.55,29.67,Clear
07/04/2023,06:00 PM,87.36,61.82,5.45,29.68,Clear
07/04/2023,06:30 PM,85.91,65.09,4.45,29.69,Clear
07/04/2023,07:00 PM,84.64,68.18,3.55,29.71,Clear
07/04/2023,07:30 PM,83.18,72.09,2.64,29.72,Clear
07/04/2023,08:00 PM,81.91,75.45,1.82,29.73,Clear
07/04/2023,08:30 PM,80.73,78.55,1.09,29.74,Clear
07/04/2023,09:00 PM,79.55,81.82,0.64,29.75,Clear
07/04/2023,09:30 PM,78.55,84.73,0.45,29.76,Clear
07/04/2023,10:00 PM,77.91,86.91,0.64,29.77,Clear
07/04/2023,10:30 PM,77.36,88.27,0.82,29.78,Clear
07/04/2023,11:00 PM,76.82,89.64,0.55,29.78,Clear
07/04/2023,11:30 PM,76.45,90.64,0.55,29.78,Clear
08/04/2023,12:00 AM,76.09,91.64,0.36,29.78,Clear
08/04/2023,12:30 AM,75.73,92.64,0.36,29.77,Clear
08/04/2023,01:00 AM,75.36,93.64,0.36,29.77,Clear
08/04/2023,01:30 AM,75.00,94.64,0.36,29.76,Clear
08/04/2023,02:00 AM,74.64,95.64,0.36,29.75,Clear
08/04/2023,02:30 AM,74.45,96.18,0.36,29.75,Clear
08/04/2023,03:00 AM,74.27,96.18,0.55,29.75,Clear
08/04/2023,03:30 AM,73.91,96.73,0.36,29.75,Clear
08/04/2023,04:00 AM,73.73,97.27,0.18,29.75,Clear
08/04/2023,04:30 AM,73.73,97.27,0.18,29.75,Clear
08/04/2023,05:00 AM,73.91,97.82,0.18,29.76,Clear
08/04/2023,05:30 AM,74.55,97.36,0.18,29.76,Clear
08/04/2023,06:00 AM,75.55,96.45,0.18,29.77,Clear
08/04/2023,06:30 AM,76.73,95.00,0.27,29.78,Clear
08/04/2023,07:00 AM,78.27,92.27,0.73,29.79,Clear
08/04/2023,07:30 AM,79.82,89.55,1.27,29.79,Clear
08/04/2023,08:00 AM,81.36,86.45,1.91,29.80,Clear
08/04/2023,08:30 AM,83.00,83.64,2.18,29.80,Clear
08/04/2023,09:00 AM,84.64,79.91,2.82,29.81,Clear
08/04/2023,09:30 AM,86.45,75.91,3.64,29.81,Clear
08/04/2023,10:00 AM,88.09,72.09,4.73,29.81,Clear
08/04/2023,10:30 AM,89.73,67.45,5.91,29.80,Clear
08/04/2023,11:00 AM,90.73,64.09,7.09,29.80,Clear
08/04/2023,11:30 AM,91.55,60.91,8.36,29.79,Clear
08/04/2023,12:00 PM,92.18,58.00,9.45,29.78,Clear
08/04/2023,12:30 PM,92.64,55.91,10.09,29.78,Clear
08/04/2023,01:00 PM,92.91,54.27,10.73,29.77,Clear
08/04/2023,01:30 PM,93.00,53.27,11.00,29.76,Clear
08/04/2023,02:00 PM,93.00,52.55,11.73,29.75,Clear
08/04/2023,02:30 PM,92.91,52.82,12.18,29.74,Clear
08/04/2023,03:00 PM,92.64,53.36,12.27,29.73,Clear
08/04/2023,03:30 PM,92.18,54.64,12.00,29.72,Clear
08/04/2023,04:00 PM,91.36,56.55,11.45,29.72,Clear
08/04/2023,04:30 PM,90.55,58.55,10.82,29.72,Clear
08/04/2023,05:00 PM,89.55,60.82,10.00,29.72,Clear
08/04/2023,05:30 PM,88.73,62.82,8.82,29.72,Clear
08/04/2023,06:00 PM,87.73,65.27,8.00,29.72,Clear
08/04/2023,06:30 PM,86.73,68.18,7.09,29.73,Clear
08/04/2023,07:00 PM,85.91,70.82,6.36,29.74,Clear
08/04/2023,07:30 PM,85.00,73.45,5.45,29.75,Clear
08/04/2023,08:00 PM,84.18,75.45,4.64,29.76,Clear
08/04/2023,08:30 PM,83.18,77.91,4.00,29.77,Clear
08/04/2023,09:00 PM,82.36,80.00,3.64,29.77,Clear
08/04/2023,09:30 PM,81.73,81.73,3.64,29.78,Clear
08/04/2023,10:00 PM,81.27,83.09,3.64,29.79,Clear
08/04/2023,10:30 PM,80.64,84.91,3.18,29.79,Clear
08/04/2023,11:00 PM,80.00,86.73,3.18,29.80,Clear
08/04/2023,11:30 PM,79.36,88.55,3.09,29.80,Clear
09/04/2023,12:00 AM,78.91,89.45,3.09,29.80,Clear
09/04/2023,12:30 AM,78.27,90.36,2.91,29.80,Clear
09/04/2023,01:00 AM,77.73,91.27,2.64,29.80,Clear
09/04/2023,01:30 AM,77.18,92.73,2.36,29.79,Clear
09/04/2023,02:00 AM,76.82,93.73,2.09,29.79,Clear
09/04/2023,02:30 AM,76.45,94.18,1.64,29.78,Clear
09/04/2023,03:00 AM,76.09,94.64,1.00,29.78,Clear
09/04/2023,03:30 AM,75.73,95.09,0.45,29.78,Clear
09/04/2023,04:00 AM,75.55,95.09,0.45,29.78,Clear
09/04/2023,04:30 AM,75.55,95.09,0.45,29.78,Clear
09/04/2023,05:00 AM,75.73,95.09,0.45,29.78,Clear
09/04/2023,05:30 AM,76.18,94.64,0.18,29.78,Clear
09/04/2023,06:00 AM,77.00,94.18,0.18,29.78,Clear
09/04/2023,06:30 AM,78.00,93.27,0.82,29.79,Clear
09/04/2023,07:00 AM,79.18,91.00,1.36,29.79,Clear
09/04/2023,07:30 AM,80.55,87.91,2.00,29.80,Clear
09/04/2023,08:00 AM,82.00,85.09,2.91,29.80,Clear
09/04/2023,08:30 AM,83.45,81.91,3.64,29.80,Clear
09/04/2023,09:00 AM,85.09,78.09,4.36,29.80,Clear
09/04/2023,09:30 AM,86.91,73.82,5.55,29.80,Clear
09/04/2023,10:00 AM,88.55,69.27,7.00,29.80,Clear
09/04/2023,10:30 AM,90.00,64.73,8.18,29.80,Clear
09/04/2023,11:00 AM,91.18,60.91,9.27,29.80,Clear
09/04/2023,11:30 AM,92.18,57.09,10.18,29.79,Clear
09/04/2023,12:00 PM,93.00,53.73,10.73,29.79,Clear
09/04/2023,12:30 PM,93.64,51.36,11.00,29.78,Clear
09/04/2023,01:00 PM,94.09,49.82,11.18,29.77,Clear
09/04/2023,01:30 PM,94.27,48.82,11.18,29.76,Clear
09/04/2023,02:00 PM,94.45,48.18,11.36,29.75,Clear
09/04/2023,02:30 PM,94.27,48.45,11.55,29.74,Clear
09/04/2023,03:00 PM,93.82,49.55,11.45,29.73,Clear
09/04/2023,03:30 PM,93.18,51.18,10.91,29.72,Clear
09/04/2023,04:00 PM,92.36,53.18,10.27,29.71,Clear
09/04/2023,04:30 PM,91.55,54.91,9.73,29.71,Clear
09/04/2023,05:00 PM,90.55,57.36,9.36,29.71,Clear
09/04/2023,05:30 PM,89.55,59.82,8.64,29.71,Clear
09/04/2023,06:00 PM,88.36,62.55,8.09,29.72,Clear
09/04/2023,06:30 PM,87.09,65.73,7.45,29.72,Clear
09/04/2023,07:00 PM,86.00,68.64,6.73,29.73,Clear
09/04/2023,07:30 PM,84.73,72.00,6.09,29.74,Clear
09/04/2023,08:00 PM,83.64,75.09,5.64,29.75,Clear
09/04/2023,08:30 PM,82.64,77.82,4.82,29.76,Clear
09/04/2023,09:00 PM,81.64,80.27,3.91,29.76,Clear
09/04/2023,09:30 PM,80.82,82.82,3.36,29.77,Clear
09/04/2023,10:00 PM,80.18,84.91,3.09,29.78,Clear
09/04/2023,10:30 PM,79.55,86.27,2.55,29.78,Clear
09/04/2023,11:00 PM,78.91,87.64,2.27,29.78,Clear
09/04/2023,11:30 PM,78.45,89.00,2.00,29.78,Clear
10/04/2023,12:00 AM,78.09,89.91,1.82,29.78,Clear
10/04/2023,12:30 AM,77.55,90.82,1.64,29.77,Clear
10/04/2023,01:00 AM,77.18,91.27,1.36,29.76,Clear
10/04/2023,01:30 AM,76.82,91.73,0.91,29.76,Clear
10/04/2023,02:00 AM,76.27,92.73,0.82,29.75,Clear
10/04/2023,02:30 AM,75.91,93.73,0.82,29.75,Clear
10/04/2023,03:00 AM,75.55,94.27,0.64,29.74,Clear
10/04/2023,03:30 AM,75.00,94.73,0.36,29.74,Clear
10/04/2023,04:00 AM,74.64,95.18,0.36,29.74,Clear
10/04/2023,04:30 AM,74.27,96.18,0.64,29.74,Clear
10/04/2023,05:00 AM,74.09,96.73,0.91,29.74,Clear
10/04/2023,05:30 AM,74.27,96.73,1.36,29.75,Clear
10/04/2023,06:00 AM,74.91,96.27,1.55,29.75,Clear
10/04/2023,06:30 AM,75.73,95.36,1.64,29.76,Clear
10/04/2023,07:00 AM,76.73,94.00,1.82,29.76,Clear
10/04/2023,07:30 AM,78.09,91.73,1.64,29.77,Clear
10/04/2023,08:00 AM,79.64,89.00,2.09,29.78,Clear
10/04/2023,08:30 AM,81.18,86.27,2.64,29.78,Clear
10/04/2023,09:00 AM,82.82,83.45,3.09,29.79,Clear
10/04/2023,09:30 AM,84.64,80.00,3.36,29.79,Clear
10/04/2023,10:00 AM,86.45,76.00,3.36,29.79,Clear
10/04/2023,10:30 AM,88.27,71.73,3.27,29.78,Clear
10/04/2023,11:00 AM,89.73,68.00,3.36,29.78,Clear
10/04/2023,11:30 AM,90.91,64.36,3.64,29.77,Clear
10/04/2023,12:00 PM,91.91,61.18,4.27,29.76,Clear
10/04/2023,12:30 PM,92.73,58.45,4.64,29.75,Clear
10/04/2023,01:00 PM,93.36,56.09,5.36,29.73,Clear
10/04/2023,01:30 PM,93.82,54.00,5.73,29.72,Clear
10/04/2023,02:00 PM,94.09,52.36,5.91,29.70,Clear
10/04/2023,02:30 PM,94.27,51.73,6.27,29.69,Clear
10/04/2023,03:00 PM,94.09,52.00,7.09,29.68,Clear
10/04/2023,03:30 PM,93.82,52.55,7.45,29.67,Clear
10/04/2023,04:00 PM,93.18,53.73,7.91,29.66,Clear
10/04/2023,04:30 PM,92.36,55.27,8.00,29.66,Clear
10/04/2023,05:00 PM,91.55,57.18,8.09,29.66,Clear
10/04/2023,05:30 PM,90.55,59.45,8.00,29.66,Clear
10/04/2023,06:00 PM,89.36,62.18,7.45,29.67,Clear
10/04/2023,06:30 PM,88.09,65.36,6.91,29.68,Clear
10/04/2023,07:00 PM,86.82,68.73,6.09,29.69,Clear
10/04/2023,07:30 PM,85.73,71.64,5.36,29.70,Clear
10/04/2023,08:00 PM,84.64,74.64,4.55,29.71,Clear
10/04/2023,08:30 PM,83.55,77.36,3.45,29.73,Clear
10/04/2023,09:00 PM,82.55,79.82,2.64,29.74,Clear
10/04/2023,09:30 PM,81.73,81.91,2.00,29.74,Clear
10/04/2023,10:00 PM,81.09,83.64,1.36,29.75,Clear
10/04/2023,10:30 PM,80.27,85.82,0.82,29.75,Clear
10/04/2023,11:00 PM,79.64,87.64,0.18,29.76,Clear
10/04/2023,11:30 PM,79.18,88.55,0.18,29.76,Clear
11/04/2023,12:00 AM,78.82,89.00,0.00,29.75,Clear
11/04/2023,12:30 AM,78.27,89.91,0.00,29.75,Clear
11/04/2023,01:00 AM,77.73,90.82,0.00,29.74,Clear
11/04/2023,01:30 AM,77.18,91.27,0.00,29.74,Clear
11/04/2023,02:00 AM,76.82,91.73,0.00,29.74,Clear
11/04/2023,02:30 AM,76.45,92.18,0.00,29.73,Clear
11/04/2023,03:00 AM,76.09,92.64,0.00,29.73,Clear
11/04/2023,03:30 AM,75.73,93.09,0.00,29.73,Clear
11/04/2023,04:00 AM,75.55,93.09,0.00,29.72,Clear
11/04/2023,04:30 AM,75.36,93.64,0.00,29.72,Clear
11/04/2023,05:00 AM,75.36,94.09,0.00,29.72,Clear
11/04/2023,05:30 AM,75.55,94.55,0.00,29.73,Clear
11/04/2023,06:00 AM,76.18,94.55,0.00,29.73,Clear
11/04/2023,06:30 AM,77.18,93.64,0.00,29.74,Clear
11/04/2023,07:00 AM,78.36,92.27,0.00,29.74,Clear
11/04/2023,07:30 AM,79.73,90.55,0.18,29.74,Clear
11/04/2023,08:00 AM,81.18,88.45,0.45,29.75,Clear
11/04/2023,08:30 AM,82.64,85.91,0.73,29.75,Clear
11/04/2023,09:00 AM,84.27,83.09,1.36,29.75,Clear
11/04/2023,09:30 AM,85.91,79.91,1.91,29.75,Clear
11/04/2023,10:00 AM,87.73,75.64,2.55,29.75,Clear
11/04/2023,10:30 AM,89.36,71.91,3.18,29.74,Clear
11/04/2023,11:00 AM,91.00,67.91,3.45,29.74,Clear
11/04/2023,11:30 AM,92.18,64.18,4.00,29.72,Clear
11/04/2023,12:00 PM,93.00,61.36,4.82,29.71,Clear
11/04/2023,12:30 PM,93.64,59.00,5.55,29.70,Clear
11/04/2023,01:00 PM,94.09,57.00,6.27,29.69,Clear
11/04/2023,01:30 PM,94.45,55.36,6.82,29.68,Clear
11/04/2023,02:00 PM,94.82,54.45,7.18,29.66,Clear
11/04/2023,02:30 PM,94.82,53.82,7.18,29.65,Clear
11/04/2023,03:00 PM,94.64,53.82,7.45,29.64,Clear
11/04/2023,03:30 PM,94.27,54.00,7.73,29.64,Clear
11/04/2023,04:00 PM,93.82,54.55,7.73,29.63,Clear
11/04/2023,04:30 PM,93.00,55.64,7.91,29.63,Clear
11/04/2023,05:00 PM,92.18,56.82,7.91,29.63,Clear
11/04/2023,05:30 PM,91.00,58.73,7.36,29.64,Clear
11/04/2023,06:00 PM,89.73,61.09,6.64,29.65,Clear
11/04/2023,06:30 PM,88.45,63.45,5.73,29.66,Clear
11/04/2023,07:00 PM,87.00,66.18,5.00,29.67,Clear
11/04/2023,07:30 PM,85.55,68.64,4.36,29.68,Clear
11/04/2023,08:00 PM,84.27,71.09,3.73,29.69,Clear
11/04/2023,08:30 PM,83.00,73.82,2.91,29.70,Clear
11/04/2023,09:00 PM,81.73,76.91,2.00,29.71,Clear
11/04/2023,09:30 PM,80.55,79.64,1.36,29.72,Clear
11/04/2023,10:00 PM,79.55,82.09,0.91,29.72,Clear
11/04/2023,10:30 PM,78.55,84.64,0.36,29.73,Clear
11/04/2023,11:00 PM,77.91,86.45,0.09,29.73,Clear
11/04/2023,11:30 PM,77.36,87.82,0.09,29.73,Clear
12/04/2023,12:00 AM,76.82,89.18,0.09,29.72,Clear
12/04/2023,12:30 AM,76.45,90.18,0.00,29.72,Clear
12/04/2023,01:00 AM,76.09,91.18,0.00,29.71,Clear
12/04/2023,01:30 AM,75.73,92.18,0.00,29.71,Clear
12/04/2023,02:00 AM,75.36,93.18,0.00,29.70,Clear
12/04/2023,02:30 AM,75.00,94.18,0.00,29.70,Clear
12/04/2023,03:00 AM,74.64,94.64,0.00,29.70,Clear
12/04/2023,03:30 AM,74.27,95.09,0.00,29.69,Clear
12/04/2023,04:00 AM,74.09,95.64,0.00,29.69,Clear
12/04/2023,04:30 AM,73.91,96.18,0.00,29.70,Clear
12/04/2023,05:00 AM,73.91,96.18,0.00,29.70,Clear
12/04/2023,05:30 AM,74.27,96.18,0.00,29.71,Clear
12/04/2023,06:00 AM,74.91,95.27,0.18,29.71,Clear
12/04/2023,06:30 AM,75.91,94.36,0.18,29.72,Clear
12/04/2023,07:00 AM,77.27,92.64,0.18,29.73,Clear
12/04/2023,07:30 AM,78.91,90.00,0.18,29.73,Clear
12/04/2023,08:00 AM,80.55,86.91,0.36,29.74,Clear
12/04/2023,08:30 AM,82.55,83.45,0.82,29.74,Clear
12/04/2023,09:00 AM,84.55,79.73,1.00,29.74,Clear
12/04/2023,09:30 AM,86.73,75.18,1.45,29.74,Clear
12/04/2023,10:00 AM,89.09,70.36,2.00,29.74,Clear
12/04/2023,10:30 AM,91.27,65.64,2.55,29.74,Clear
12/04/2023,11:00 AM,93.18,60.64,3.00,29.72,Clear
12/04/2023,11:30 AM,94.73,57.00,3.27,29.71,Clear
12/04/2023,12:00 PM,95.91,53.36,3.55,29.70,Clear
12/04/2023,12:30 PM,96.73,50.55,4.00,29.69,Clear
12/04/2023,01:00 PM,97.45,48.36,4.55,29.68,Clear
12/04/2023,01:30 PM,97.82,47.18,5.09,29.66,Clear
12/04/2023,02:00 PM,97.64,47.45,5.27,29.65,Clear
12/04/2023,02:30 PM,97.45,48.00,6.18,29.64,Clear
12/04/2023,03:00 PM,96.64,49.45,7.18,29.63,Clear
12/04/2023,03:30 PM,95.09,52.82,6.64,29.62,Clear
12/04/2023,04:00 PM,93.45,56.64,6.09,29.62,Clear
12/04/2023,04:30 PM,91.73,61.18,5.64,29.62,Clear
12/04/2023,05:00 PM,89.91,65.73,5.18,29.62,Clear
12/04/2023,05:30 PM,88.09,70.27,4.91,29.63,Rain
12/04/2023,06:00 PM,86.27,74.82,4.45,29.63,Clear
12/04/2023,06:30 PM,84.45,79.09,3.91,29.64,Clear
12/04/2023,07:00 PM,83.00,82.82,3.18,29.65,Clear
12/04/2023,07:30 PM,81.73,86.00,2.55,29.66,Clear
12/04/2023,08:00 PM,80.45,89.18,1.64,29.67,Clear
12/04/2023,08:30 PM,79.64,91.73,0.18,29.68,Clear
12/04/2023,09:00 PM,79.18,92.64,0.18,29.69,Clear
12/04/2023,09:30 PM,78.82,93.55,0.18,29.70,Clear
12/04/2023,10:00 PM,78.45,94.00,0.18,29.71,Clear
12/04/2023,10:30 PM,78.27,94.00,0.18,29.71,Clear
12/04/2023,11:00 PM,78.09,94.00,0.18,29.71,Clear
12/04/2023,11:30 PM,77.91,94.00,0.18,29.71,Clear
13/04/2023,12:00 AM,77.73,94.55,0.18,29.71,Clear
13/04/2023,12:30 AM,77.55,94.55,0.18,29.71,Clear
13/04/2023,01:00 AM,77.36,95.09,0.36,29.70,Clear
13/04/2023,01:30 AM,77.18,95.64,0.36,29.69,Clear
13/04/2023,02:00 AM,77.00,96.18,0.36,29.69,Clear
13/04/2023,02:30 AM,77.00,96.18,0.36,29.69,Clear
13/04/2023,03:00 AM,77.00,96.18,0.36,29.69,Clear
13/04/2023,03:30 AM,76.82,96.73,0.36,29.69,Clear
13/04/2023,04:00 AM,76.64,97.27,0.36,29.69,Clear
13/04/2023,04:30 AM,76.45,97.82,0.36,29.69,Clear
13/04/2023,05:00 AM,76.64,97.82,0.36,29.69,Clear
13/04/2023,05:30 AM,77.00,97.27,0.36,29.70,Clear
13/04/2023,06:00 AM,77.64,96.82,0.36,29.71,Clear
13/04/2023,06:30 AM,78.64,95.36,0.27,29.71,Clear
13/04/2023,07:00 AM,79.82,93.45,0.18,29.72,Clear
13/04/2023,07:30 AM,81.09,91.18,0.36,29.73,Clear
13/04/2023,08:00 AM,82.55,88.73,0.55,29.74,Clear
13/04/2023,08:30 AM,84.18,85.91,0.73,29.74,Clear
13/04/2023,09:00 AM,86.00,82.18,0.91,29.74,Clear
13/04/2023,09:30 AM,88.00,78.18,1.36,29.74,Clear
13/04/2023,10:00 AM,90.18,73.64,1.55,29.74,Clear
13/04/2023,10:30 AM,92.00,69.36,2.00,29.73,Clear
13/04/2023,11:00 AM,93.45,65.36,2.27,29.72,Clear
13/04/2023,11:30 AM,94.82,61.55,2.45,29.71,Clear
13/04/2023,12:00 PM,95.91,57.91,2.55,29.70,Clear
13/04/2023,12:30 PM,96.73,55.00,3.09,29.69,Clear
13/04/2023,01:00 PM,97.27,52.73,3.45,29.67,Clear
13/04/2023,01:30 PM,97.45,51.73,4.00,29.65,Clear
13/04/2023,02:00 PM,97.00,51.64,4.64,29.64,Clear
13/04/2023,02:30 PM,95.55,53.36,6.36,29.63,Clear
13/04/2023,03:00 PM,93.73,56.36,6.55,29.62,Clear
13/04/2023,03:30 PM,91.73,59.91,6.82,29.61,Clear
13/04/2023,04:00 PM,89.91,63.73,6.45,29.61,Rain
13/04/2023,04:30 PM,88.09,67.73,6.18,29.61,Rain
13/04/2023,05:00 PM,86.09,72.00,6.00,29.61,Rain
13/04/2023,05:30 PM,84.00,76.55,5.82,29.62,Rain
13/04/2023,06:00 PM,82.00,80.82,5.18,29.62,Clear
13/04/2023,06:30 PM,80.18,84.82,4.82,29.63,Clear
13/04/2023,07:00 PM,78.55,88.27,4.09,29.65,Clear
13/04/2023,07:30 PM,77.40,90.90,3.60,29.65,Clear
13/04/2023,08:00 PM,77.20,92.50,1.50,29.66,Clear
13/04/2023,08:30 PM,77.20,93.00,0.80,29.68,Clear
13/04/2023,09:00 PM,77.20,93.50,0.30,29.69,Clear
13/04/2023,09:30 PM,77.00,94.00,0.20,29.70,Clear
13/04/2023,10:00 PM,77.00,94.00,0.20,29.70,Clear
13/04/2023,10:30 PM,76.80,94.60,0.20,29.71,Clear
13/04/2023,11:00 PM,76.80,94.60,0.20,29.71,Clear
13/04/2023,11:30 PM,76.80,94.60,0.20,29.71,Clear
14/04/2023,12:00 AM,76.60,95.20,0.00,29.71,Clear
14/04/2023,12:30 AM,76.40,95.80,0.00,29.70,Clear
14/04/2023,01:00 AM,76.27,96.18,0.00,29.70,Clear
14/04/2023,01:30 AM,76.09,96.73,0.00,29.69,Clear
14/04/2023,02:00 AM,75.91,97.27,0.00,29.69,Clear
14/04/2023,02:30 AM,75.73,97.82,0.00,29.68,Clear
14/04/2023,03:00 AM,75.55,98.36,0.00,29.68,Clear
14/04/2023,03:30 AM,75.36,98.36,0.00,29.68,Clear
14/04/2023,04:00 AM,75.36,97.82,0.00,29.68,Clear
14/04/2023,04:30 AM,75.18,98.36,0.00,29.68,Clear
14/04/2023,05:00 AM,75.18,98.91,0.00,29.68,Clear
14/04/2023,05:30 AM,75.55,98.91,0.00,29.68,Clear
14/04/2023,06:00 AM,76.18,98.36,0.00,29.69,Clear
14/04/2023,06:30 AM,77.00,97.36,0.09,29.70,Clear
14/04/2023,07:00 AM,78.18,95.91,0.27,29.71,Clear
14/04/2023,07:30 AM,79.55,94.00,0.73,29.71,Clear
14/04/2023,08:00 AM,81.00,91.73,1.00,29.72,Clear
14/04/2023,08:30 AM,82.64,89.09,1.27,29.72,Clear
14/04/2023,09:00 AM,84.45,86.27,1.55,29.73,Clear
14/04/2023,09:30 AM,86.45,83.18,2.00,29.73,Clear
14/04/2023,10:00 AM,88.45,79.18,2.27,29.72,Clear
14/04/2023,10:30 AM,90.27,74.91,2.82,29.72,Clear
14/04/2023,11:00 AM,92.09,70.36,3.27,29.71,Clear
14/04/2023,11:30 AM,93.64,66.36,3.73,29.71,Clear
14/04/2023,12:00 PM,95.09,62.55,3.73,29.69,Clear
14/04/2023,12:30 PM,96.09,59.18,4.00,29.68,Clear
14/04/2023,01:00 PM,96.91,56.27,4.09,29.66,Clear
14/04/2023,01:30 PM,97.27,54.55,4.73,29.65,Clear
14/04/2023,02:00 PM,97.09,53.82,5.36,29.63,Clear
14/04/2023,02:30 PM,96.64,54.09,6.00,29.63,Clear
14/04/2023,03:00 PM,95.64,55.00,6.27,29.62,Clear
14/04/2023,03:30 PM,94.64,56.27,6.55,29.61,Clear
14/04/2023,04:00 PM,93.64,57.82,6.64,29.61,Clear
14/04/2023,04:30 PM,92.27,60.00,6.36,29.60,Clear
14/04/2023,05:00 PM,90.73,62.64,6.36,29.60,Clear
14/04/2023,05:30 PM,89.09,65.55,6.73,29.61,Clear
14/04/2023,06:00 PM,87.55,68.91,6.27,29.61,Clear
14/04/2023,06:30 PM,86.00,72.27,5.73,29.62,Clear
14/04/2023,07:00 PM,84.82,74.82,4.82,29.63,Clear
14/04/2023,07:30 PM,83.91,77.18,3.91,29.64,Clear
14/04/2023,08:00 PM,83.09,79.27,3.18,29.65,Clear
14/04/2023,08:30 PM,82.64,81.00,2.45,29.66,Clear
14/04/2023,09:00 PM,82.00,83.18,1.91,29.67,Clear
14/04/2023,09:30 PM,81.36,85.36,1.27,29.68,Clear
14/04/2023,10:00 PM,80.91,87.18,1.09,29.69,Clear
14/04/2023,10:30 PM,80.64,88.09,0.64,29.69,Clear
14/04/2023,11:00 PM,80.36,89.45,0.27,29.69,Clear
14/04/2023,11:30 PM,80.09,90.36,0.27,29.69,Clear
15/04/2023,12:00 AM,79.64,91.27,0.27,29.69,Clear
15/04/2023,12:30 AM,79.18,92.18,0.27,29.69,Clear
15/04/2023,01:00 AM,78.82,92.64,0.27,29.68,Clear
15/04/2023,01:30 AM,78.27,93.64,0.09,29.68,Clear
15/04/2023,02:00 AM,77.73,94.64,0.09,29.67,Clear
15/04/2023,02:30 AM,77.36,95.18,0.09,29.66,Clear
15/04/2023,03:00 AM,77.00,95.18,0.09,29.66,Clear
15/04/2023,03:30 AM,76.64,95.18,0.09,29.66,Clear
15/04/2023,04:00 AM,76.27,96.18,0.09,29.66,Clear
15/04/2023,04:30 AM,76.09,96.18,0.00,29.66,Clear
15/04/2023,05:00 AM,76.09,96.18,0.00,29.66,Clear
15/04/2023,05:30 AM,76.45,96.18,0.18,29.67,Clear
15/04/2023,06:00 AM,77.09,95.73,0.36,29.68,Clear
15/04/2023,06:30 AM,78.09,94.82,0.55,29.68,Clear
15/04/2023,07:00 AM,79.45,92.55,0.82,29.69,Clear
15/04/2023,07:30 AM,80.91,90.27,1.36,29.70,Clear
15/04/2023,08:00 AM,82.55,87.64,1.82,29.71,Clear
15/04/2023,08:30 AM,84.36,84.82,2.09,29.71,Clear
15/04/2023,09:00 AM,86.18,81.64,2.64,29.71,Clear
15/04/2023,09:30 AM,88.18,77.36,3.09,29.71,Clear
15/04/2023,10:00 AM,90.00,73.64,3.55,29.71,Clear
15/04/2023,10:30 AM,91.64,69.64,4.18,29.71,Clear
15/04/2023,11:00 AM,93.27,65.36,4.73,29.70,Clear
15/04/2023,11:30 AM,94.45,61.82,5.27,29.69,Clear
15/04/2023,12:00 PM,95.27,59.00,5.64,29.68,Clear
15/04/2023,12:30 PM,95.91,57.00,6.18,29.66,Clear
15/04/2023,01:00 PM,96.45,55.00,6.55,29.65,Clear
15/04/2023,01:30 PM,96.64,53.36,7.27,29.64,Clear
15/04/2023,02:00 PM,96.45,52.73,8.27,29.63,Clear
15/04/2023,02:30 PM,96.27,52.45,8.64,29.62,Clear
15/04/2023,03:00 PM,95.73,53.36,9.45,29.60,Clear
15/04/2023,03:30 PM,95.09,54.55,9.82,29.60,Clear
15/04/2023,04:00 PM,94.27,56.36,9.91,29.59,Clear
15/04/2023,04:30 PM,93.27,58.09,9.82,29.59,Clear
15/04/2023,05:00 PM,92.27,60.27,9.82,29.59,Clear
15/04/2023,05:30 PM,91.27,62.18,9.82,29.59,Clear
15/04/2023,06:00 PM,89.91,64.55,9.45,29.60,Clear
15/04/2023,06:30 PM,88.55,66.91,8.73,29.60,Clear
15/04/2023,07:00 PM,87.27,69.73,8.00,29.61,Clear
15/04/2023,07:30 PM,86.27,72.27,7.27,29.62,Clear
15/04/2023,08:00 PM,85.18,74.82,6.64,29.63,Clear
15/04/2023,08:30 PM,84.27,76.73,5.55,29.65,Clear
15/04/2023,09:00 PM,83.27,78.82,4.91,29.66,Clear
15/04/2023,09:30 PM,82.45,80.55,4.18,29.67,Clear
15/04/2023,10:00 PM,81.45,83.09,3.55,29.67,Clear
15/04/2023,10:30 PM,80.82,84.45,3.00,29.68,Clear
15/04/2023,11:00 PM,80.00,86.27,2.45,29.68,Clear
15/04/2023,11:30 PM,79.55,87.64,2.00,29.68,Clear
16/04/2023,12:00 AM,79.09,89.00,1.82,29.68,Clear
16/04/2023,12:30 AM,78.73,89.91,1.36,29.68,Clear
16/04/2023,01:00 AM,78.27,90.82,0.82,29.67,Clear
16/04/2023,01:30 AM,77.73,92.27,0.55,29.66,Clear
16/04/2023,02:00 AM,77.18,93.73,0.36,29.66,Clear
16/04/2023,02:30 AM,76.82,94.73,0.18,29.65,Clear
16/04/2023,03:00 AM,76.45,95.73,0.18,29.65,Clear
16/04/2023,03:30 AM,76.27,95.73,0.18,29.65,Clear
16/04/2023,04:00 AM,75.91,96.73,0.00,29.64,Clear
16/04/2023,04:30 AM,75.73,97.27,0.00,29.64,Clear
16/04/2023,05:00 AM,75.73,97.82,0.00,29.65,Clear
16/04/2023,05:30 AM,76.09,97.82,0.00,29.65,Clear
16/04/2023,06:00 AM,76.55,97.36,0.00,29.66,Mist
16/04/2023,06:30 AM,77.00,96.91,0.00,29.67,Mist
16/04/2023,07:00 AM,78.18,95.00,0.09,29.68,Mist
16/04/2023,07:30 AM,79.36,93.09,0.27,29.69,Mist
16/04/2023,08:00 AM,80.73,90.82,0.82,29.70,Mist
16/04/2023,08:30 AM,82.09,88.09,1.64,29.71,Clear
16/04/2023,09:00 AM,83.45,85.55,2.55,29.72,Clear
16/04/2023,09:30 AM,84.82,82.45,3.36,29.73,Clear
16/04/2023,10:00 AM,86.00,79.36,4.45,29.73,Clear
16/04/2023,10:30 AM,87.00,76.64,5.36,29.74,Clear
16/04/2023,11:00 AM,87.64,74.45,6.45,29.74,Clear
16/04/2023,11:30 AM,88.18,72.73,7.36,29.73,Clear
16/04/2023,12:00 PM,88.73,70.64,8.09,29.72,Clear
16/04/2023,12:30 PM,88.73,69.45,8.73,29.71,Clear
16/04/2023,01:00 PM,88.73,68.27,9.36,29.70,Clear
16/04/2023,01:30 PM,88.55,67.45,9.36,29.69,Clear
16/04/2023,02:00 PM,88.36,67.09,9.00,29.67,Clear
16/04/2023,02:30 PM,88.18,67.09,8.36,29.66,Clear
16/04/2023,03:00 PM,88.00,67.09,8.00,29.65,Clear
16/04/2023,03:30 PM,87.64,68.27,6.91,29.63,Clear
16/04/2023,04:00 PM,87.09,69.09,6.27,29.62,Clear
16/04/2023,04:30 PM,86.45,70.36,5.18,29.62,Clear
16/04/2023,05:00 PM,85.64,72.09,4.27,29.61,Clear
16/04/2023,05:30 PM,84.82,74.18,3.55,29.61,Clear
16/04/2023,06:00 PM,84.00,76.27,2.82,29.61,Clear
16/04/2023,06:30 PM,83.00,78.82,2.00,29.62,Clear
16/04/2023,07:00 PM,82.00,81.36,1.45,29.62,Clear
16/04/2023,07:30 PM,81.00,83.91,1.00,29.63,Clear
16/04/2023,08:00 PM,80.00,86.45,0.82,29.64,Clear
16/04/2023,08:30 PM,78.82,89.00,0.36,29.65,Clear
16/04/2023,09:00 PM,78.00,90.36,0.36,29.66,Clear
16/04/2023,09:30 PM,77.36,91.73,0.09,29.67,Clear
16/04/2023,10:00 PM,76.82,92.64,0.09,29.68,Clear
16/04/2023,10:30 PM,76.45,93.09,0.09,29.69,Clear
16/04/2023,11:00 PM,76.09,93.55,0.09,29.69,Clear
16/04/2023,11:30 PM,75.73,94.00,0.09,29.69,Clear
17/04/2023,12:00 AM,75.36,94.55,0.36,29.69,Clear
17/04/2023,12:30 AM,75.00,95.09,0.55,29.69,Clear
17/04/2023,01:00 AM,74.64,95.09,0.64,29.69,Clear
17/04/2023,01:30 AM,74.27,95.64,0.55,29.69,Clear
17/04/2023,02:00 AM,74.09,95.64,0.64,29.69,Clear
17/04/2023,02:30 AM,73.91,95.64,0.64,29.68,Clear
17/04/2023,03:00 AM,73.73,96.18,0.64,29.68,Clear
17/04/2023,03:30 AM,73.55,96.73,0.64,29.68,Clear
17/04/2023,04:00 AM,73.36,97.27,1.09,29.68,Clear
17/04/2023,04:30 AM,73.36,97.82,1.27,29.68,Clear
17/04/2023,05:00 AM,73.55,97.82,1.36,29.68,Clear
17/04/2023,05:30 AM,74.09,97.27,1.09,29.69,Clear
17/04/2023,06:00 AM,74.82,96.73,1.00,29.70,Clear
17/04/2023,06:30 AM,75.82,96.27,1.09,29.71,Mist
17/04/2023,07:00 AM,77.18,94.36,1.09,29.71,Mist
17/04/2023,07:30 AM,78.73,92.64,1.18,29.72,Mist
17/04/2023,08:00 AM,80.36,90.09,1.18,29.73,Mist
17/04/2023,08:30 AM,82.18,86.73,1.64,29.74,Clear
17/04/2023,09:00 AM,84.00,83.00,2.18,29.74,Clear
17/04/2023,09:30 AM,85.82,79.27,2.27,29.74,Clear
17/04/2023,10:00 AM,87.64,75.00,2.09,29.74,Clear
17/04/2023,10:30 AM,89.09,71.55,2.18,29.74,Clear
17/04/2023,11:00 AM,90.55,67.82,2.18,29.74,Clear
17/04/2023,11:30 AM,91.82,64.09,2.55,29.72,Clear
17/04/2023,12:00 PM,92.82,60.82,2.82,29.71,Clear
17/04/2023,12:30 PM,93.64,57.91,3.00,29.70,Clear
17/04/2023,01:00 PM,94.09,55.55,2.82,29.69,Clear
17/04/2023,01:30 PM,94.45,54.00,3.00,29.67,Clear
17/04/2023,02:00 PM,94.64,52.73,3.00,29.66,Clear
17/04/2023,02:30 PM,94.82,51.82,3.00,29.65,Clear
17/04/2023,03:00 PM,94.82,51.18,3.09,29.64,Clear
17/04/2023,03:30 PM,94.45,51.73,3.82,29.63,Clear
17/04/2023,04:00 PM,94.18,52.27,4.18,29.63,Clear
17/04/2023,04:30 PM,93.55,53.45,4.64,29.62,Clear
17/04/2023,05:00 PM,92.73,55.00,4.18,29.63,Clear
17/04/2023,05:30 PM,91.55,57.36,3.91,29.63,Clear
17/04/2023,06:00 PM,90.36,60.27,4.18,29.64,Clear
17/04/2023,06:30 PM,89.36,63.00,4.18,29.65,Clear
17/04/2023,07:00 PM,88.36,65.73,4.00,29.66,Clear
17/04/2023,07:30 PM,87.18,68.45,3.55,29.67,Clear
17/04/2023,08:00 PM,85.91,71.64,3.00,29.68,Clear
17/04/2023,08:30 PM,84.64,75.00,2.36,29.69,Clear
17/04/2023,09:00 PM,83.55,77.73,1.64,29.70,Clear
17/04/2023,09:30 PM,82.55,80.18,1.09,29.71,Clear
17/04/2023,10:00 PM,81.73,82.27,0.64,29.72,Clear
17/04/2023,10:30 PM,80.91,84.45,0.64,29.72,Clear
17/04/2023,11:00 PM,80.45,85.82,0.45,29.72,Clear
17/04/2023,11:30 PM,79.82,87.18,0.00,29.72,Clear
18/04/2023,12:00 AM,79.18,88.55,0.00,29.72,Clear
18/04/2023,12:30 AM,78.55,89.91,0.00,29.72,Clear
18/04/2023,01:00 AM,78.09,91.27,0.00,29.71,Clear
18/04/2023,01:30 AM,77.73,92.18,0.00,29.71,Clear
18/04/2023,02:00 AM,77.55,92.64,0.00,29.70,Clear
18/04/2023,02:30 AM,77.18,93.64,0.00,29.70,Clear
18/04/2023,03:00 AM,76.82,94.64,0.00,29.69,Clear
18/04/2023,03:30 AM,76.45,95.09,0.00,29.69,Clear
18/04/2023,04:00 AM,76.27,95.64,0.00,29.69,Clear
18/04/2023,04:30 AM,76.27,95.64,0.00,29.69,Clear
18/04/2023,05:00 AM,76.45,95.64,0.00,29.70,Clear
18/04/2023,05:30 AM,76.82,95.64,0.00,29.70,Clear
18/04/2023,06:00 AM,77.45,95.18,0.00,29.71,Clear
18/04/2023,06:30 AM,78.45,94.27,0.00,29.72,Mist
18/04/2023,07:00 AM,79.64,92.55,0.00,29.73,Mist
18/04/2023,07:30 AM,80.82,90.82,0.00,29.74,Mist
18/04/2023,08:00 AM,82.27,88.18,0.18,29.74,Mist
18/04/2023,08:30 AM,83.91,85.18,0.36,29.75,Clear
18/04/2023,09:00 AM,85.73,82.00,0.91,29.75,Clear
18/04/2023,09:30 AM,87.55,78.00,1.09,29.75,Clear
18/04/2023,10:00 AM,89.36,74.27,1.27,29.75,Clear
18/04/2023,10:30 AM,91.00,70.27,1.73,29.75,Clear
18/04/2023,11:00 AM,92.64,66.00,1.91,29.74,Clear
18/04/2023,11:30 AM,93.82,62.73,2.64,29.73,Clear
18/04/2023,12:00 PM,94.09,61.09,3.45,29.72,Clear
18/04/2023,12:30 PM,94.18,59.64,4.00,29.71,Clear
18/04/2023,01:00 PM,93.82,58.82,5.18,29.70,Clear
18/04/2023,01:30 PM,93.18,58.73,6.09,29.69,Clear
18/04/2023,02:00 PM,92.18,59.82,6.45,29.68,Clear
18/04/2023,02:30 PM,91.00,61.64,6.36,29.66,Rain
18/04/2023,03:00 PM,89.82,63.73,6.36,29.66,Rain
18/04/2023,03:30 PM,88.45,66.09,6.36,29.65,Clear
18/04/2023,04:00 PM,87.00,69.18,6.36,29.65,Rain
18/04/2023,04:30 PM,85.36,72.55,6.45,29.65,Rain
18/04/2023,05:00 PM,83.73,75.82,5.73,29.65,Clear
18/04/2023,05:30 PM,82.64,77.91,4.91,29.66,Clear
18/04/2023,06:00 PM,81.55,80.64,4.36,29.66,Clear
18/04/2023,06:30 PM,80.91,82.73,3.18,29.67,Clear
18/04/2023,07:00 PM,80.45,84.45,2.09,29.67,Clear
18/04/2023,07:30 PM,80.00,85.82,1.55,29.68,Clear
18/04/2023,08:00 PM,79.55,87.18,1.09,29.69,Clear
18/04/2023,08:30 PM,79.09,88.55,1.00,29.70,Clear
18/04/2023,09:00 PM,78.64,89.91,1.09,29.70,Clear
18/04/2023,09:30 PM,78.27,90.82,0.82,29.71,Clear
18/04/2023,10:00 PM,77.91,91.73,0.73,29.71,Clear
18/04/2023,10:30 PM,77.73,92.18,0.73,29.72,Clear
18/04/2023,11:00 PM,77.55,92.64,0.73,29.72,Clear
18/04/2023,11:30 PM,77.36,93.09,0.73,29.71,Clear
19/04/2023,12:00 AM,77.00,94.09,0.73,29.71,Clear
19/04/2023,12:30 AM,76.64,95.09,0.73,29.71,Clear
19/04/2023,01:00 AM,76.45,95.09,0.73,29.70,Clear
19/04/2023,01:30 AM,76.27,95.64,0.73,29.69,Clear
19/04/2023,02:00 AM,76.09,96.18,0.64,29.68,Clear
19/04/2023,02:30 AM,75.91,96.73,0.36,29.68,Clear
19/04/2023,03:00 AM,75.73,97.27,0.18,29.67,Clear
19/04/2023,03:30 AM,75.55,97.27,0.00,29.66,Clear
19/04/2023,04:00 AM,75.36,97.82,0.00,29.66,Clear
19/04/2023,04:30 AM,75.36,97.82,0.00,29.66,Clear
19/04/2023,05:00 AM,75.55,97.82,0.18,29.66,Clear
19/04/2023,05:30 AM,76.09,97.27,0.18,29.66,Mist
19/04/2023,06:00 AM,76.91,96.27,0.18,29.66,Mist
19/04/2023,06:30 AM,77.91,95.36,0.36,29.67,Mist
19/04/2023,07:00 AM,79.27,93.45,0.36,29.68,Mist
19/04/2023,07:30 AM,80.73,91.18,0.36,29.68,Mist
19/04/2023,08:00 AM,82.18,88.91,0.55,29.69,Clear
19/04/2023,08:30 AM,83.82,85.91,0.55,29.69,Clear
19/04/2023,09:00 AM,85.82,82.82,0.82,29.69,Clear
19/04/2023,09:30 AM,87.64,79.09,1.00,29.69,Clear
19/04/2023,10:00 AM,89.27,75.64,1.27,29.68,Clear
19/04/2023,10:30 AM,90.55,72.45,1.73,29.68,Clear
19/04/2023,11:00 AM,92.18,68.45,2.27,29.67,Clear
19/04/2023,11:30 AM,93.36,65.18,3.09,29.66,Clear
19/04/2023,12:00 PM,94.36,62.64,3.55,29.64,Clear
19/04/2023,12:30 PM,95.00,60.27,4.36,29.63,Clear
19/04/2023,01:00 PM,95.00,59.18,5.73,29.61,Clear
19/04/2023,01:30 PM,94.91,58.36,6.82,29.60,Clear
19/04/2023,02:00 PM,93.91,59.00,8.00,29.59,Clear
19/04/2023,02:30 PM,92.27,61.09,8.18,29.58,Clear
19/04/2023,03:00 PM,90.82,63.27,8.00,29.57,Clear
19/04/2023,03:30 PM,89.55,65.82,7.73,29.56,Rain
19/04/2023,04:00 PM,88.27,68.55,7.27,29.56,Rain
19/04/2023,04:30 PM,86.45,72.09,6.73,29.55,Rain
19/04/2023,05:00 PM,84.82,75.36,5.91,29.55,Rain
19/04/2023,05:30 PM,83.18,78.36,5.27,29.56,Clear
19/04/2023,06:00 PM,81.36,81.64,4.73,29.57,Clear
19/04/2023,06:30 PM,80.27,83.45,3.55,29.58,Clear
19/04/2023,07:00 PM,79.27,85.00,2.27,29.58,Clear
19/04/2023,07:30 PM,78.82,86.82,1.27,29.59,Clear
19/04/2023,08:00 PM,78.82,87.36,0.82,29.60,Clear
19/04/2023,08:30 PM,78.82,87.91,1.09,29.62,Clear
19/04/2023,09:00 PM,78.64,88.36,1.09,29.63,Clear
19/04/2023,09:30 PM,78.64,88.36,1.18,29.63,Clear
19/04/2023,10:00 PM,78.45,88.82,1.18,29.64,Clear
19/04/2023,10:30 PM,78.27,89.27,1.36,29.64,Clear
19/04/2023,11:00 PM,78.09,89.73,1.45,29.64,Clear
19/04/2023,11:30 PM,78.09,90.18,1.18,29.64,Clear
20/04/2023,12:00 AM,77.91,91.18,1.00,29.64,Clear
20/04/2023,12:30 AM,77.55,92.18,1.00,29.63,Clear
20/04/2023,01:00 AM,77.36,92.18,0.82,29.62,Clear
20/04/2023,01:30 AM,77.00,92.64,1.09,29.62,Clear
20/04/2023,02:00 AM,76.64,93.09,1.09,29.61,Clear
20/04/2023,02:30 AM,76.27,93.55,1.09,29.60,Clear
20/04/2023,03:00 AM,75.91,94.00,0.82,29.60,Clear
20/04/2023,03:30 AM,75.73,94.00,0.82,29.59,Clear
20/04/2023,04:00 AM,75.55,94.00,0.64,29.59,Clear
20/04/2023,04:30 AM,75.55,94.00,0.55,29.59,Clear
20/04/2023,05:00 AM,75.73,94.00,0.64,29.60,Clear
20/04/2023,05:30 AM,76.18,93.55,0.82,29.60,Clear
20/04/2023,06:00 AM,77.00,93.09,1.27,29.61,Clear
20/04/2023,06:30 AM,78.00,92.18,1.82,29.62,Clear
20/04/2023,07:00 AM,79.18,90.82,2.09,29.62,Clear
20/04/2023,07:30 AM,80.55,89.09,2.36,29.63,Clear
20/04/2023,08:00 AM,82.00,86.55,3.00,29.64,Clear
20/04/2023,08:30 AM,83.64,83.73,3.55,29.65,Clear
20/04/2023,09:00 AM,85.45,80.27,4.27,29.65,Clear
20/04/2023,09:30 AM,87.27,76.55,5.18,29.65,Clear
20/04/2023,10:00 AM,89.09,72.55,5.91,29.65,Clear
20/04/2023,10:30 AM,90.55,68.45,6.64,29.65,Clear
20/04/2023,11:00 AM,91.73,65.45,7.27,29.65,Clear
20/04/2023,11:30 AM,92.73,62.45,7.64,29.64,Clear
20/04/2023,12:00 PM,93.55,59.64,8.27,29.63,Clear
20/04/2023,12:30 PM,94.00,57.55,8.82,29.63,Clear
20/04/2023,01:00 PM,94.27,55.82,9.36,29.62,Clear
20/04/2023,01:30 PM,94.27,54.82,9.55,29.60,Clear
20/04/2023,02:00 PM,94.27,53.55,9.73,29.59,Clear
20/04/2023,02:30 PM,93.91,53.18,9.64,29.58,Clear
20/04/2023,03:00 PM,93.45,54.00,9.36,29.57,Clear
20/04/2023,03:30 PM,92.82,54.45,9.18,29.56,Clear
20/04/2023,04:00 PM,92.00,55.27,8.91,29.56,Clear
20/04/2023,04:30 PM,91.00,56.55,8.64,29.55,Clear
20/04/2023,05:00 PM,89.82,58.64,8.36,29.55,Clear
20/04/2023,05:30 PM,88.64,61.00,7.82,29.55,Clear
20/04/2023,06:00 PM,87.55,64.00,7.27,29.55,Clear
20/04/2023,06:30 PM,86.45,67.00,6.64,29.56,Clear
20/04/2023,07:00 PM,85.55,70.09,6.09,29.56,Clear
20/04/2023,07:30 PM,84.45,73.73,5.82,29.57,Clear
20/04/2023,08:00 PM,83.55,77.09,5.64,29.58,Clear
20/04/2023,08:30 PM,82.55,80.00,5.55,29.59,Clear
20/04/2023,09:00 PM,81.55,83.55,5.45,29.59,Clear
20/04/2023,09:30 PM,80.91,86.82,5.36,29.60,Clear
20/04/2023,10:00 PM,80.45,89.00,5.00,29.61,Clear
20/04/2023,10:30 PM,80.18,89.91,4.64,29.61,Clear
20/04/2023,11:00 PM,79.91,91.27,4.27,29.61,Clear
20/04/2023,11:30 PM,79.73,91.73,4.00,29.61,Clear
21/04/2023,12:00 AM,79.55,92.18,3.82,29.61,Clear
21/04/2023,12:30 AM,79.36,92.64,3.82,29.61,Clear
21/04/2023,01:00 AM,79.18,93.09,3.64,29.60,Clear
21/04/2023,01:30 AM,79.00,93.55,3.18,29.60,Clear
21/04/2023,02:00 AM,79.00,93.55,2.64,29.60,Clear
21/04/2023,02:30 AM,79.00,93.55,2.18,29.59,Clear
21/04/2023,03:00 AM,79.00,93.55,1.91,29.59,Clear
21/04/2023,03:30 AM,79.00,93.55,1.73,29.59,Clear
21/04/2023,04:00 AM,79.00,94.00,1.55,29.59,Clear
21/04/2023,04:30 AM,79.00,94.00,1.55,29.59,Clear
21/04/2023,05:00 AM,79.18,94.00,1.82,29.60,Clear
21/04/2023,05:30 AM,79.45,93.55,1.82,29.61,Clear
21/04/2023,06:00 AM,80.09,92.64,2.09,29.62,Clear
21/04/2023,06:30 AM,80.91,91.27,2.45,29.63,Clear
21/04/2023,07:00 AM,81.91,89.55,2.73,29.64,Clear
21/04/2023,07:30 AM,83.00,87.82,3.00,29.65,Clear
21/04/2023,08:00 AM,84.27,85.36,3.55,29.66,Clear
21/04/2023,08:30 AM,85.73,82.55,3.55,29.66,Clear
21/04/2023,09:00 AM,87.36,79.09,4.00,29.67,Clear
21/04/2023,09:30 AM,89.00,75.36,4.09,29.67,Clear
21/04/2023,10:00 AM,90.82,71.36,4.27,29.67,Clear
21/04/2023,10:30 AM,92.09,67.64,4.27,29.67,Clear
21/04/2023,11:00 AM,93.45,64.09,4.55,29.66,Clear
21/04/2023,11:30 AM,94.73,60.45,4.45,29.65,Clear
21/04/2023,12:00 PM,95.73,57.55,4.45,29.64,Clear
21/04/2023,12:30 PM,96.36,55.00,4.64,29.63,Clear
21/04/2023,01:00 PM,97.18,52.18,4.64,29.61,Clear
21/04/2023,01:30 PM,97.36,51.18,4.82,29.59,Clear
21/04/2023,02:00 PM,96.91,51.09,5.73,29.58,Clear
21/04/2023,02:30 PM,95.73,53.18,5.73,29.57,Clear
21/04/2023,03:00 PM,94.91,55.18,6.55,29.56,Clear
21/04/2023,03:30 PM,93.73,57.36,6.64,29.54,Clear
21/04/2023,04:00 PM,92.73,59.73,6.18,29.54,Clear
21/04/2023,04:30 PM,91.36,62.82,5.64,29.53,Rain
21/04/2023,05:00 PM,89.73,66.45,5.18,29.53,Clear
21/04/2023,05:30 PM,88.18,69.82,4.55,29.54,Clear
21/04/2023,06:00 PM,86.82,73.18,4.09,29.54,Clear
21/04/2023,06:30 PM,85.18,76.82,4.09,29.55,Clear
21/04/2023,07:00 PM,84.00,79.36,3.82,29.56,Clear
21/04/2023,07:30 PM,83.27,81.82,3.18,29.57,Clear
21/04/2023,08:00 PM,83.09,82.73,3.00,29.58,Clear
21/04/2023,08:30 PM,82.55,84.00,2.55,29.59,Clear
21/04/2023,09:00 PM,82.09,85.82,2.45,29.60,Clear
21/04/2023,09:30 PM,81.82,87.18,2.55,29.61,Clear
21/04/2023,10:00 PM,81.73,88.09,2.73,29.62,Clear
21/04/2023,10:30 PM,81.45,89.00,3.00,29.62,Clear
21/04/2023,11:00 PM,81.18,89.91,3.18,29.62,Clear
21/04/2023,11:30 PM,80.91,90.82,3.18,29.62,Clear
22/04/2023,12:00 AM,80.64,91.73,2.91,29.62,Clear
22/04/2023,12:30 AM,80.18,93.18,2.45,29.62,Clear
22/04/2023,01:00 AM,79.73,94.18,2.00,29.61,Clear
22/04/2023,01:30 AM,79.27,94.64,1.73,29.60,Clear
22/04/2023,02:00 AM,78.82,95.09,1.27,29.60,Clear
22/04/2023,02:30 AM,78.45,95.64,0.82,29.59,Clear
22/04/2023,03:00 AM,78.09,95.64,0.64,29.59,Clear
22/04/2023,03:30 AM,77.73,95.64,0.45,29.59,Clear
22/04/2023,04:00 AM,77.55,95.64,0.18,29.59,Clear
22/04/2023,04:30 AM,77.55,95.64,0.00,29.60,Clear
22/04/2023,05:00 AM,77.73,95.64,0.00,29.60,Clear
22/04/2023,05:30 AM,78.00,95.64,0.18,29.61,Clear
22/04/2023,06:00 AM,78.82,94.64,0.45,29.62,Clear
22/04/2023,06:30 AM,79.82,92.73,0.64,29.63,Clear
22/04/2023,07:00 AM,81.09,91.36,0.82,29.63,Clear
22/04/2023,07:30 AM,82.36,89.64,1.09,29.64,Clear
22/04/2023,08:00 AM,84.00,86.27,1.55,29.65,Clear
22/04/2023,08:30 AM,85.64,83.09,1.82,29.65,Clear
22/04/2023,09:00 AM,87.09,79.91,2.55,29.66,Clear
22/04/2023,09:30 AM,88.55,76.45,3.91,29.66,Clear
22/04/2023,10:00 AM,89.82,73.27,4.73,29.66,Clear
22/04/2023,10:30 AM,90.09,71.09,6.00,29.66,Clear
22/04/2023,11:00 AM,89.82,69.64,6.55,29.65,Clear
22/04/2023,11:30 AM,89.00,69.09,6.55,29.65,Rain
22/04/2023,12:00 PM,88.00,70.00,6.64,29.64,Rain
22/04/2023,12:30 PM,86.73,70.91,6.64,29.63,Rain
22/04/2023,01:00 PM,85.45,72.18,6.55,29.63,Rain
22/04/2023,01:30 PM,83.82,74.55,6.09,29.62,Clear
22/04/2023,02:00 PM,82.36,77.27,6.00,29.61,Rain
22/04/2023,02:30 PM,80.91,80.45,5.55,29.61,Rain
22/04/2023,03:00 PM,79.45,83.91,4.45,29.60,Rain
22/04/2023,03:30 PM,78.00,87.09,3.73,29.59,Rain
22/04/2023,04:00 PM,77.36,89.27,2.73,29.59,Rain
22/04/2023,04:30 PM,77.18,90.73,2.00,29.58,Rain
22/04/2023,05:00 PM,77.18,91.73,1.73,29.58,Clear
22/04/2023,05:30 PM,77.18,92.18,1.73,29.58,Clear
22/04/2023,06:00 PM,77.18,92.64,1.82,29.58,Clear
22/04/2023,06:30 PM,77.00,93.64,1.91,29.59,Clear
22/04/2023,07:00 PM,77.00,94.09,1.91,29.59,Clear
22/04/2023,07:30 PM,76.64,95.09,1.73,29.60,Clear
22/04/2023,08:00 PM,76.64,95.09,1.45,29.61,Clear
22/04/2023,08:30 PM,76.45,95.64,1.18,29.62,Clear
22/04/2023,09:00 PM,76.27,96.18,1.09,29.63,Clear
22/04/2023,09:30 PM,76.09,96.18,0.82,29.64,Clear
22/04/2023,10:00 PM,75.91,96.18,0.82,29.65,Clear
22/04/2023,10:30 PM,75.73,96.73,0.82,29.65,Clear
22/04/2023,11:00 PM,75.55,96.73,0.73,29.65,Clear
22/04/2023,11:30 PM,75.36,96.73,0.64,29.65,Clear
23/04/2023,12:00 AM,75.36,96.18,0.36,29.65,Clear
23/04/2023,12:30 AM,75.00,96.73,0.36,29.65,Clear
23/04/2023,01:00 AM,74.82,96.73,0.36,29.64,Clear
23/04/2023,01:30 AM,74.45,97.27,0.36,29.63,Clear
23/04/2023,02:00 AM,74.27,97.27,0.36,29.63,Clear
23/04/2023,02:30 AM,74.09,97.27,0.36,29.63,Clear
23/04/2023,03:00 AM,73.91,97.82,0.36,29.63,Clear
23/04/2023,03:30 AM,73.73,98.36,0.36,29.62,Clear
23/04/2023,04:00 AM,73.55,98.36,0.36,29.63,Clear
23/04/2023,04:30 AM,73.55,98.91,0.18,29.63,Clear
23/04/2023,05:00 AM,73.73,99.45,0.00,29.64,Mist
23/04/2023,05:30 AM,74.09,99.45,0.00,29.65,Clear
23/04/2023,06:00 AM,74.82,98.91,0.00,29.65,Clear
23/04/2023,06:30 AM,76.00,97.45,0.00,29.66,Clear
23/04/2023,07:00 AM,77.36,96.00,0.00,29.67,Clear
23/04/2023,07:30 AM,78.91,94.09,0.45,29.68,Clear
23/04/2023,08:00 AM,80.55,91.82,1.00,29.69,Clear
23/04/2023,08:30 AM,82.36,89.18,1.64,29.69,Clear
23/04/2023,09:00 AM,84.18,86.18,2.09,29.70,Clear
23/04/2023,09:30 AM,86.00,82.82,2.82,29.70,Clear
23/04/2023,10:00 AM,87.64,79.09,3.45,29.70,Clear
23/04/2023,10:30 AM,89.27,75.09,3.91,29.70,Clear
23/04/2023,11:00 AM,90.55,71.91,4.18,29.69,Clear
23/04/2023,11:30 AM,90.55,70.55,4.82,29.68,Clear
23/04/2023,12:00 PM,90.36,70.55,5.09,29.67,Clear
23/04/2023,12:30 PM,90.00,70.55,5.64,29.66,Clear
23/04/2023,01:00 PM,89.45,71.45,5.82,29.65,Clear
23/04/2023,01:30 PM,88.82,72.27,6.00,29.65,Rain
23/04/2023,02:00 PM,87.36,73.91,6.18,29.64,Rain
23/04/2023,02:30 PM,85.73,76.36,6.36,29.63,Rain
23/04/2023,03:00 PM,84.09,78.73,6.18,29.63,Rain
23/04/2023,03:30 PM,82.45,81.91,5.55,29.62,Clear
23/04/2023,04:00 PM,80.64,85.36,5.27,29.62,Rain
23/04/2023,04:30 PM,79.00,88.55,5.00,29.62,Rain
23/04/2023,05:00 PM,78.45,89.91,4.55,29.63,Rain
23/04/2023,05:30 PM,77.64,90.82,4.73,29.63,Clear
23/04/2023,06:00 PM,76.82,91.73,4.36,29.63,Clear
23/04/2023,06:30 PM,76.00,92.18,4.00,29.64,Rain
23/04/2023,07:00 PM,75.18,93.09,3.27,29.65,Clear
23/04/2023,07:30 PM,75.00,93.55,2.55,29.65,Clear
23/04/2023,08:00 PM,75.00,93.55,2.09,29.66,Clear
23/04/2023,08:30 PM,75.00,94.00,1.55,29.67,Clear
23/04/2023,09:00 PM,75.00,94.00,1.55,29.67,Clear
23/04/2023,09:30 PM,75.00,94.00,1.36,29.68,Clear
23/04/2023,10:00 PM,75.00,94.00,1.55,29.68,Clear
23/04/2023,10:30 PM,75.00,94.00,1.36,29.69,Clear
23/04/2023,11:00 PM,74.82,94.55,0.91,29.69,Clear
23/04/2023,11:30 PM,74.64,95.09,0.82,29.69,Clear
24/04/2023,12:00 AM,74.45,95.64,0.73,29.68,Clear
24/04/2023,12:30 AM,74.27,96.18,0.73,29.68,Clear
24/04/2023,01:00 AM,74.09,96.73,0.91,29.67,Clear
24/04/2023,01:30 AM,73.91,97.27,0.82,29.67,Clear
24/04/2023,02:00 AM,73.73,97.82,1.09,29.66,Clear
24/04/2023,02:30 AM,73.55,98.36,1.09,29.66,Clear
24/04/2023,03:00 AM,73.36,98.91,1.09,29.66,Clear
24/04/2023,03:30 AM,73.18,98.91,0.91,29.66,Clear
24/04/2023,04:00 AM,73.00,99.45,0.91,29.66,Clear
24/04/2023,04:30 AM,73.00,99.45,0.91,29.66,Clear
24/04/2023,05:00 AM,73.18,99.45,0.82,29.67,Clear
24/04/2023,05:30 AM,73.55,99.45,0.64,29.68,Clear
24/04/2023,06:00 AM,74.27,98.91,0.64,29.69,Clear
24/04/2023,06:30 AM,75.45,97.45,0.55,29.71,Clear
24/04/2023,07:00 AM,77.00,95.55,0.45,29.72,Clear
24/04/2023,07:30 AM,78.55,93.64,0.82,29.73,Clear
24/04/2023,08:00 AM,80.18,91.00,1.36,29.74,Clear
24/04/2023,08:30 AM,82.00,88.00,1.91,29.74,Clear
24/04/2023,09:00 AM,83.82,85.18,2.36,29.74,Clear
24/04/2023,09:30 AM,85.64,81.45,3.09,29.75,Clear
24/04/2023,10:00 AM,87.27,78.36,3.82,29.74,Clear
24/04/2023,10:30 AM,88.91,74.64,4.55,29.74,Clear
24/04/2023,11:00 AM,90.36,70.64,5.36,29.73,Clear
24/04/2023,11:30 AM,91.64,67.18,6.45,29.72,Clear
24/04/2023,12:00 PM,92.45,64.36,7.00,29.71,Clear
24/04/2023,12:30 PM,92.91,61.64,7.82,29.70,Clear
24/04/2023,01:00 PM,93.36,59.27,8.36,29.69,Clear
24/04/2023,01:30 PM,93.55,57.91,8.91,29.68,Clear
24/04/2023,02:00 PM,93.36,56.82,9.27,29.67,Clear
24/04/2023,02:30 PM,93.09,56.73,9.55,29.66,Clear
24/04/2023,03:00 PM,92.64,57.36,9.64,29.66,Clear
24/04/2023,03:30 PM,92.36,57.36,9.73,29.65,Clear
24/04/2023,04:00 PM,91.73,58.73,9.64,29.65,Clear
24/04/2023,04:30 PM,91.09,60.36,9.45,29.65,Clear
24/04/2023,05:00 PM,90.09,62.45,8.64,29.65,Clear
24/04/2023,05:30 PM,89.09,64.82,8.09,29.66,Clear
24/04/2023,06:00 PM,88.09,67.55,7.55,29.66,Clear
24/04/2023,06:30 PM,87.09,69.91,6.82,29.67,Clear
24/04/2023,07:00 PM,86.09,72.45,5.73,29.67,Clear
24/04/2023,07:30 PM,85.27,75.09,4.82,29.68,Clear
24/04/2023,08:00 PM,84.45,77.55,4.09,29.68,Clear
24/04/2023,08:30 PM,83.82,79.64,3.27,29.69,Clear
24/04/2023,09:00 PM,83.18,81.73,2.45,29.69,Clear
24/04/2023,09:30 PM,82.55,83.55,1.82,29.70,Clear
24/04/2023,10:00 PM,81.91,85.36,1.18,29.70,Clear
24/04/2023,10:30 PM,81.45,86.73,0.91,29.70,Clear
24/04/2023,11:00 PM,81.00,88.09,0.73,29.69,Clear
24/04/2023,11:30 PM,80.36,89.45,0.45,29.69,Clear
25/04/2023,12:00 AM,79.73,90.82,0.00,29.69,Clear
25/04/2023,12:30 AM,79.27,91.73,0.00,29.68,Clear
25/04/2023,01:00 AM,78.82,92.64,0.00,29.68,Clear
25/04/2023,01:30 AM,78.27,93.64,0.00,29.67,Clear
25/04/2023,02:00 AM,77.73,94.64,0.00,29.66,Clear
25/04/2023,02:30 AM,77.18,95.64,0.00,29.66,Clear
25/04/2023,03:00 AM,76.82,96.18,0.45,29.66,Clear
25/04/2023,03:30 AM,76.45,96.73,0.45,29.65,Clear
25/04/2023,04:00 AM,76.09,97.27,0.45,29.65,Clear
25/04/2023,04:30 AM,75.91,97.82,0.45,29.65,Clear
25/04/2023,05:00 AM,76.27,97.82,0.45,29.65,Clear
25/04/2023,05:30 AM,76.73,97.82,0.64,29.66,Clear
25/04/2023,06:00 AM,77.55,96.91,0.73,29.66,Clear
25/04/2023,06:30 AM,78.55,96.00,1.18,29.67,Clear
25/04/2023,07:00 AM,79.91,93.73,1.45,29.67,Clear
25/04/2023,07:30 AM,81.27,91.45,1.73,29.68,Clear
25/04/2023,08:00 AM,82.73,88.82,2.55,29.68,Clear
25/04/2023,08:30 AM,84.18,85.73,2.55,29.69,Clear
25/04/2023,09:00 AM,85.64,82.36,3.18,29.69,Clear
25/04/2023,09:30 AM,87.27,78.64,3.82,29.69,Clear
25/04/2023,10:00 AM,88.91,74.36,5.00,29.69,Clear
25/04/2023,10:30 AM,90.18,70.27,6.36,29.69,Clear
25/04/2023,11:00 AM,91.55,66.00,7.64,29.69,Clear
25/04/2023,11:30 AM,92.55,62.91,9.00,29.68,Clear
25/04/2023,12:00 PM,93.36,59.55,10.09,29.68,Clear
25/04/2023,12:30 PM,93.82,57.18,11.00,29.67,Clear
25/04/2023,01:00 PM,94.09,55.09,12.09,29.66,Clear
25/04/2023,01:30 PM,94.27,53.36,12.55,29.65,Clear
25/04/2023,02:00 PM,94.45,52.45,13.18,29.64,Clear
25/04/2023,02:30 PM,94.45,52.09,13.82,29.63,Clear
25/04/2023,03:00 PM,94.18,52.36,14.36,29.62,Clear
25/04/2023,03:30 PM,93.73,53.18,14.00,29.62,Clear
25/04/2023,04:00 PM,93.09,54.73,13.36,29.61,Clear
25/04/2023,04:30 PM,92.09,56.45,12.45,29.61,Clear
25/04/2023,05:00 PM,91.09,58.27,11.64,29.61,Clear
25/04/2023,05:30 PM,89.73,61.18,10.55,29.61,Clear
25/04/2023,06:00 PM,88.45,63.91,9.55,29.62,Clear
25/04/2023,06:30 PM,87.18,67.27,8.18,29.62,Clear
25/04/2023,07:00 PM,85.91,70.64,7.09,29.63,Clear
25/04/2023,07:30 PM,84.45,74.09,6.27,29.64,Clear
25/04/2023,08:00 PM,83.18,77.27,5.27,29.65,Clear
25/04/2023,08:30 PM,82.00,80.18,4.27,29.65,Clear
25/04/2023,09:00 PM,80.82,83.09,3.45,29.66,Clear
25/04/2023,09:30 PM,79.82,85.64,2.73,29.67,Clear
25/04/2023,10:00 PM,79.00,88.18,2.18,29.67,Clear
25/04/2023,10:30 PM,78.18,90.36,1.55,29.68,Clear
25/04/2023,11:00 PM,77.55,91.73,1.09,29.68,Clear
25/04/2023,11:30 PM,77.00,93.64,0.91,29.68,Clear
26/04/2023,12:00 AM,76.64,94.09,0.91,29.68,Clear
26/04/2023,12:30 AM,76.27,95.09,0.73,29.68,Clear
26/04/2023,01:00 AM,76.09,95.64,0.45,29.67,Clear
26/04/2023,01:30 AM,75.91,95.64,0.18,29.66,Clear
26/04/2023,02:00 AM,75.73,95.64,0.00,29.65,Clear
26/04/2023,02:30 AM,75.55,96.18,0.00,29.65,Clear
26/04/2023,03:00 AM,75.36,96.73,0.00,29.65,Clear
26/04/2023,03:30 AM,75.18,97.27,0.00,29.65,Clear
26/04/2023,04:00 AM,75.00,97.27,0.00,29.65,Clear
26/04/2023,04:30 AM,75.18,97.27,0.00,29.65,Clear
26/04/2023,05:00 AM,75.55,96.73,0.00,29.65,Clear
26/04/2023,05:30 AM,76.36,96.27,0.00,29.65,Clear
26/04/2023,06:00 AM,77.36,94.82,0.00,29.66,Clear
26/04/2023,06:30 AM,78.36,93.36,0.00,29.67,Clear
26/04/2023,07:00 AM,79.73,92.00,0.18,29.68,Clear
26/04/2023,07:30 AM,81.09,90.27,0.73,29.68,Clear
26/04/2023,08:00 AM,82.45,88.00,1.36,29.69,Clear
26/04/2023,08:30 AM,83.82,85.27,2.18,29.69,Clear
26/04/2023,09:00 AM,85.45,81.91,2.82,29.69,Clear
26/04/2023,09:30 AM,87.09,78.73,3.55,29.69,Clear
26/04/2023,10:00 AM,88.55,75.55,4.36,29.69,Clear
26/04/2023,10:30 AM,89.82,72.09,5.18,29.68,Clear
26/04/2023,11:00 AM,90.82,69.09,6.09,29.68,Clear
26/04/2023,11:30 AM,91.64,66.27,7.27,29.67,Clear
26/04/2023,12:00 PM,92.45,63.45,8.45,29.65,Clear
26/04/2023,12:30 PM,92.91,61.09,9.55,29.64,Clear
26/04/2023,01:00 PM,93.36,59.09,10.27,29.63,Clear
26/04/2023,01:30 PM,93.45,57.64,11.09,29.62,Clear
26/04/2023,02:00 PM,93.73,56.36,11.73,29.61,Clear
26/04/2023,02:30 PM,93.55,56.00,12.45,29.60,Clear
26/04/2023,03:00 PM,93.36,55.64,13.00,29.59,Clear
26/04/2023,03:30 PM,93.09,55.64,13.36,29.59,Clear
26/04/2023,04:00 PM,92.64,56.55,13.64,29.58,Clear
26/04/2023,04:30 PM,91.82,57.82,13.45,29.58,Clear
26/04/2023,05:00 PM,91.00,59.36,12.91,29.58,Clear
26/04/2023,05:30 PM,90.00,61.73,12.36,29.59,Clear
26/04/2023,06:00 PM,89.00,64.09,11.64,29.59,Clear
26/04/2023,06:30 PM,87.82,66.91,10.64,29.60,Clear
26/04/2023,07:00 PM,87.00,69.18,9.73,29.61,Clear
26/04/2023,07:30 PM,86.00,71.73,8.73,29.62,Clear
26/04/2023,08:00 PM,85.18,74.00,7.82,29.63,Clear
26/04/2023,08:30 PM,84.36,76.64,6.82,29.65,Clear
26/04/2023,09:00 PM,83.55,79.36,5.82,29.66,Clear
26/04/2023,09:30 PM,82.73,81.45,4.73,29.67,Clear
26/04/2023,10:00 PM,82.09,83.18,4.27,29.68,Clear
26/04/2023,10:30 PM,81.45,84.91,4.09,29.68,Clear
26/04/2023,11:00 PM,80.82,86.27,3.45,29.68,Clear
26/04/2023,11:30 PM,80.18,87.64,2.91,29.68,Clear
27/04/2023,12:00 AM,79.73,88.55,2.82,29.68,Clear
27/04/2023,12:30 AM,79.27,89.45,2.55,29.68,Rain
27/04/2023,01:00 AM,78.64,90.91,2.36,29.67,Rain
27/04/2023,01:30 AM,78.00,92.36,2.18,29.67,Clear
27/04/2023,02:00 AM,77.55,93.27,2.18,29.66,Clear
27/04/2023,02:30 AM,77.18,93.73,2.27,29.66,Clear
27/04/2023,03:00 AM,77.00,94.18,2.73,29.65,Clear
27/04/2023,03:30 AM,76.82,94.64,2.91,29.65,Clear
27/04/2023,04:00 AM,76.64,95.09,2.45,29.65,Clear
27/04/2023,04:30 AM,76.64,95.64,2.64,29.65,Clear
27/04/2023,05:00 AM,76.82,95.64,2.91,29.65,Clear
27/04/2023,05:30 AM,77.27,95.18,2.91,29.66,Clear
27/04/2023,06:00 AM,77.91,94.73,2.91,29.67,Clear
27/04/2023,06:30 AM,78.91,92.82,3.09,29.68,Clear
27/04/2023,07:00 AM,80.09,90.91,3.36,29.68,Clear
27/04/2023,07:30 AM,81.27,89.18,3.91,29.69,Clear
27/04/2023,08:00 AM,82.55,86.64,4.73,29.70,Clear
27/04/2023,08:30 AM,84.00,83.82,4.82,29.71,Clear
27/04/2023,09:00 AM,85.45,80.64,5.27,29.71,Clear
27/04/2023,09:30 AM,87.09,76.91,6.18,29.71,Clear
27/04/2023,10:00 AM,88.55,72.91,6.82,29.71,Clear
27/04/2023,10:30 AM,90.00,69.18,7.73,29.71,Clear
27/04/2023,11:00 AM,91.18,65.55,8.82,29.70,Clear
27/04/2023,11:30 AM,92.18,61.73,9.73,29.69,Clear
27/04/2023,12:00 PM,93.00,58.82,10.36,29.68,Clear
27/04/2023,12:30 PM,93.64,55.91,11.09,29.67,Clear
27/04/2023,01:00 PM,94.09,53.36,11.55,29.66,Clear
27/04/2023,01:30 PM,94.27,51.82,11.73,29.65,Clear
27/04/2023,02:00 PM,94.27,50.27,12.27,29.64,Clear
27/04/2023,02:30 PM,94.09,49.64,12.55,29.63,Clear
27/04/2023,03:00 PM,93.64,50.18,12.55,29.62,Clear
27/04/2023,03:30 PM,93.18,51.09,12.64,29.62,Clear
27/04/2023,04:00 PM,92.36,52.64,12.27,29.61,Clear
27/04/2023,04:30 PM,91.36,54.91,11.64,29.61,Clear
27/04/2023,05:00 PM,90.36,57.82,11.09,29.62,Clear
27/04/2023,05:30 PM,89.36,60.73,10.55,29.62,Clear
27/04/2023,06:00 PM,88.18,64.09,9.73,29.63,Clear
27/04/2023,06:30 PM,86.91,67.45,8.45,29.63,Clear
27/04/2023,07:00 PM,85.64,71.09,7.18,29.65,Clear
27/04/2023,07:30 PM,84.36,75.00,6.09,29.66,Clear
27/04/2023,08:00 PM,83.27,78.36,5.00,29.67,Clear
27/04/2023,08:30 PM,82.27,81.09,4.09,29.68,Clear
27/04/2023,09:00 PM,81.27,83.64,3.18,29.69,Clear
27/04/2023,09:30 PM,80.45,85.82,2.36,29.70,Clear
27/04/2023,10:00 PM,79.82,87.64,1.73,29.71,Clear
27/04/2023,10:30 PM,79.18,89.00,1.09,29.71,Clear
27/04/2023,11:00 PM,78.55,90.36,0.64,29.71,Clear
27/04/2023,11:30 PM,78.09,91.27,0.18,29.71,Clear
28/04/2023,12:00 AM,77.73,92.18,0.18,29.71,Clear
28/04/2023,12:30 AM,77.55,92.64,0.18,29.71,Clear
28/04/2023,01:00 AM,77.36,93.09,0.18,29.70,Clear
28/04/2023,01:30 AM,77.00,93.55,0.09,29.69,Clear
28/04/2023,02:00 AM,76.64,94.55,0.09,29.69,Clear
28/04/2023,02:30 AM,76.45,94.55,0.09,29.68,Clear
28/04/2023,03:00 AM,76.27,94.55,0.09,29.68,Clear
28/04/2023,03:30 AM,76.09,94.55,0.09,29.68,Clear
28/04/2023,04:00 AM,75.91,94.55,0.09,29.68,Clear
28/04/2023,04:30 AM,75.91,94.55,0.00,29.68,Clear
28/04/2023,05:00 AM,75.91,95.09,0.00,29.69,Clear
28/04/2023,05:30 AM,76.27,95.09,0.00,29.69,Clear
28/04/2023,06:00 AM,77.09,94.18,0.00,29.70,Clear
28/04/2023,06:30 AM,78.09,92.82,0.00,29.70,Clear
28/04/2023,07:00 AM,79.27,91.45,0.45,29.71,Clear
28/04/2023,07:30 AM,80.64,88.73,0.91,29.71,Clear
28/04/2023,08:00 AM,82.09,86.18,1.55,29.72,Clear
28/04/2023,08:30 AM,83.73,83.00,2.00,29.72,Clear
28/04/2023,09:00 AM,85.36,79.82,2.82,29.72,Clear
28/04/2023,09:30 AM,87.18,76.09,3.55,29.72,Clear
28/04/2023,10:00 AM,88.82,72.36,4.18,29.72,Clear
28/04/2023,10:30 AM,90.27,68.64,5.00,29.72,Clear
28/04/2023,11:00 AM,91.55,65.18,5.91,29.71,Clear
28/04/2023,11:30 AM,92.18,62.64,6.82,29.71,Clear
28/04/2023,12:00 PM,92.82,60.55,7.64,29.69,Clear
28/04/2023,12:30 PM,93.27,58.73,8.09,29.68,Clear
28/04/2023,01:00 PM,93.55,57.73,8.36,29.67,Clear
28/04/2023,01:30 PM,93.73,56.82,8.82,29.66,Clear
28/04/2023,02:00 PM,93.73,56.82,9.18,29.64,Clear
28/04/2023,02:30 PM,93.55,57.18,9.45,29.63,Clear
28/04/2023,03:00 PM,93.09,58.36,9.55,29.62,Clear
28/04/2023,03:30 PM,92.45,59.91,9.55,29.61,Clear
28/04/2023,04:00 PM,92.00,60.91,9.18,29.61,Clear
28/04/2023,04:30 PM,91.18,62.55,8.73,29.61,Clear
28/04/2023,05:00 PM,90.55,64.18,7.82,29.61,Clear
28/04/2023,05:30 PM,89.36,66.73,7.55,29.62,Clear
28/04/2023,06:00 PM,88.36,68.55,6.82,29.62,Clear
28/04/2023,06:30 PM,87.27,70.82,6.27,29.63,Clear
28/04/2023,07:00 PM,86.18,73.82,5.36,29.65,Clear
28/04/2023,07:30 PM,85.09,76.09,4.55,29.66,Clear
28/04/2023,08:00 PM,84.00,78.45,3.45,29.68,Clear
28/04/2023,08:30 PM,83.00,80.55,2.64,29.69,Clear
28/04/2023,09:00 PM,82.18,82.27,2.27,29.70,Clear
28/04/2023,09:30 PM,81.36,84.00,2.09,29.70,Clear
28/04/2023,10:00 PM,80.55,85.82,1.64,29.71,Clear
28/04/2023,10:30 PM,79.73,87.64,1.64,29.71,Clear
28/04/2023,11:00 PM,79.27,88.55,1.09,29.71,Clear
28/04/2023,11:30 PM,78.82,89.91,0.91,29.71,Clear
29/04/2023,12:00 AM,78.45,90.82,0.73,29.70,Clear
29/04/2023,12:30 AM,78.09,91.27,0.55,29.69,Clear
29/04/2023,01:00 AM,77.73,92.18,0.55,29.68,Clear
29/04/2023,01:30 AM,77.55,92.64,0.55,29.68,Clear
29/04/2023,02:00 AM,77.36,93.09,0.55,29.67,Clear
29/04/2023,02:30 AM,77.18,93.55,0.27,29.66,Clear
29/04/2023,03:00 AM,77.00,94.00,0.27,29.66,Clear
29/04/2023,03:30 AM,77.00,94.00,0.27,29.65,Clear
29/04/2023,04:00 AM,77.00,94.00,0.45,29.65,Clear
29/04/2023,04:30 AM,77.00,94.55,0.45,29.65,Clear
29/04/2023,05:00 AM,77.18,95.09,0.64,29.66,Clear
29/04/2023,05:30 AM,77.64,94.64,0.91,29.66,Clear
29/04/2023,06:00 AM,78.27,94.18,1.18,29.67,Clear
29/04/2023,06:30 AM,79.27,92.82,1.18,29.68,Clear
29/04/2023,07:00 AM,80.45,91.09,1.18,29.69,Clear
29/04/2023,07:30 AM,81.73,89.00,1.45,29.69,Clear
29/04/2023,08:00 AM,83.00,86.45,2.09,29.70,Clear
29/04/2023,08:30 AM,84.64,83.64,2.27,29.70,Clear
29/04/2023,09:00 AM,85.91,80.82,2.55,29.71,Clear
29/04/2023,09:30 AM,87.73,77.36,2.82,29.71,Clear
29/04/2023,10:00 AM,89.55,73.09,3.36,29.71,Clear
29/04/2023,10:30 AM,91.18,68.82,3.64,29.70,Clear
29/04/2023,11:00 AM,92.18,65.82,3.64,29.69,Clear
29/04/2023,11:30 AM,92.82,63.45,4.00,29.68,Clear
29/04/2023,12:00 PM,92.45,63.00,4.82,29.67,Clear
29/04/2023,12:30 PM,91.91,62.91,5.91,29.66,Clear
29/04/2023,01:00 PM,91.09,63.64,6.09,29.64,Clear
29/04/2023,01:30 PM,90.45,64.82,5.73,29.63,Rain
29/04/2023,02:00 PM,89.64,65.82,5.55,29.62,Rain
29/04/2023,02:30 PM,89.00,67.27,5.55,29.61,Clear
29/04/2023,03:00 PM,87.64,69.82,5.55,29.60,Rain
29/04/2023,03:30 PM,86.27,72.64,5.18,29.60,Clear
29/04/2023,04:00 PM,84.82,75.91,5.00,29.60,Clear
29/04/2023,04:30 PM,83.73,78.91,5.00,29.60,Clear
29/04/2023,05:00 PM,82.64,81.73,4.55,29.60,Clear
29/04/2023,05:30 PM,82.18,83.55,4.00,29.61,Clear
29/04/2023,06:00 PM,81.73,84.91,2.91,29.62,Clear
29/04/2023,06:30 PM,81.45,85.82,2.45,29.63,Clear
29/04/2023,07:00 PM,81.00,86.73,2.73,29.64,Clear
29/04/2023,07:30 PM,80.18,88.55,2.45,29.65,Clear
29/04/2023,08:00 PM,79.55,89.91,2.18,29.66,Clear
29/04/2023,08:30 PM,79.09,90.82,1.73,29.67,Clear
29/04/2023,09:00 PM,78.64,91.73,1.55,29.68,Clear
29/04/2023,09:30 PM,78.27,92.18,1.27,29.68,Clear
29/04/2023,10:00 PM,77.91,92.64,1.00,29.68,Clear
29/04/2023,10:30 PM,77.73,92.64,0.82,29.69,Clear
29/04/2023,11:00 PM,77.36,93.18,0.55,29.68,Clear
29/04/2023,11:30 PM,77.00,94.18,0.55,29.68,Clear
30/04/2023,12:00 AM,76.64,95.18,0.55,29.67,Clear
30/04/2023,12:30 AM,76.27,96.18,0.00,29.66,Clear
30/04/2023,01:00 AM,76.09,96.73,0.00,29.66,Clear
30/04/2023,01:30 AM,75.91,97.27,0.00,29.65,Clear
30/04/2023,02:00 AM,75.73,97.82,0.00,29.64,Clear
30/04/2023,02:30 AM,75.55,97.82,0.00,29.63,Clear
30/04/2023,03:00 AM,75.36,97.82,0.00,29.63,Clear
30/04/2023,03:30 AM,75.18,97.82,0.00,29.62,Clear
30/04/2023,04:00 AM,75.00,98.36,0.00,29.62,Clear
30/04/2023,04:30 AM,75.18,97.82,0.09,29.62,Clear
30/04/2023,05:00 AM,75.55,97.82,0.09,29.62,Clear
30/04/2023,05:30 AM,76.36,96.82,0.09,29.62,Clear
30/04/2023,06:00 AM,77.36,95.82,0.36,29.63,Clear
30/04/2023,06:30 AM,78.55,94.36,0.91,29.63,Clear
30/04/2023,07:00 AM,79.91,92.09,1.36,29.64,Clear
30/04/2023,07:30 AM,81.36,89.45,2.09,29.65,Clear
30/04/2023,08:00 AM,83.00,87.00,2.82,29.66,Clear
30/04/2023,08:30 AM,84.64,84.18,3.55,29.66,Clear
30/04/2023,09:00 AM,86.27,81.36,4.18,29.67,Clear
30/04/2023,09:30 AM,88.09,77.64,4.91,29.67,Clear
30/04/2023,10:00 AM,89.73,74.45,5.55,29.67,Clear
30/04/2023,10:30 AM,91.18,70.45,6.27,29.67,Clear
30/04/2023,11:00 AM,92.18,67.18,7.09,29.66,Clear
30/04/2023,11:30 AM,93.18,63.64,7.91,29.66,Clear
30/04/2023,12:00 PM,93.82,60.82,8.45,29.65,Clear
30/04/2023,12:30 PM,94.27,58.45,9.36,29.64,Clear
30/04/2023,01:00 PM,94.64,56.82,9.82,29.63,Clear
30/04/2023,01:30 PM,94.64,55.82,10.36,29.61,Clear
30/04/2023,02:00 PM,94.45,55.45,11.00,29.60,Clear
30/04/2023,02:30 PM,94.27,55.09,11.73,29.59,Clear
30/04/2023,03:00 PM,93.82,55.73,12.27,29.58,Clear
30/04/2023,03:30 PM,93.36,56.36,12.64,29.58,Clear
30/04/2023,04:00 PM,92.73,57.64,13.00,29.58,Clear
30/04/2023,04:30 PM,91.91,59.55,13.09,29.58,Clear
30/04/2023,05:00 PM,90.91,61.73,12.55,29.58,Clear
30/04/2023,05:30 PM,90.09,63.64,12.09,29.59,Clear
30/04/2023,06:00 PM,89.27,65.91,11.45,29.60,Clear
30/04/2023,06:30 PM,88.45,67.82,10.91,29.61,Clear
30/04/2023,07:00 PM,87.64,69.91,10.18,29.62,Clear
30/04/2023,07:30 PM,86.82,72.18,9.09,29.63,Clear
30/04/2023,08:00 PM,85.91,74.91,7.73,29.64,Clear
30/04/2023,08:30 PM,85.09,77.00,6.45,29.65,Clear
30/04/2023,09:00 PM,84.27,79.09,5.36,29.66,Clear
30/04/2023,09:30 PM,83.64,80.82,4.27,29.67,Clear
30/04/2023,10:00 PM,83.00,82.64,3.36,29.68,Clear
30/04/2023,10:30 PM,82.36,84.45,2.82,29.68,Clear
30/04/2023,11:00 PM,81.73,86.27,2.18,29.68,Clear
30/04/2023,11:30 PM,81.09,88.09,1.45,29.67,Clear
01/05/2023,12:00 AM,80.45,89.91,0.82,29.67,Clear
01/05/2023,12:30 AM,80.00,91.27,0.45,29.66,Clear
01/05/2023,01:00 AM,79.55,92.18,0.18,29.65,Clear
01/05/2023,01:30 AM,79.18,92.64,0.36,29.65,Clear
01/05/2023,02:00 AM,78.82,93.09,0.36,29.64,Clear
01/05/2023,02:30 AM,78.45,93.55,0.36,29.63,Clear
01/05/2023,03:00 AM,78.09,94.00,0.36,29.62,Clear
01/05/2023,03:30 AM,77.73,94.55,0.36,29.62,Clear
01/05/2023,04:00 AM,77.55,95.09,0.64,29.62,Clear
01/05/2023,04:30 AM,77.55,95.09,0.91,29.62,Clear
01/05/2023,05:00 AM,77.73,95.09,0.91,29.63,Clear
01/05/2023,05:30 AM,78.18,94.64,1.00,29.63,Clear
01/05/2023,06:00 AM,78.64,94.18,0.82,29.64,Clear
01/05/2023,06:30 AM,79.82,92.45,0.82,29.65,Clear
01/05/2023,07:00 AM,81.00,90.73,1.09,29.65,Clear
01/05/2023,07:30 AM,82.27,88.18,1.27,29.66,Clear
01/05/2023,08:00 AM,83.73,85.36,1.73,29.67,Clear
01/05/2023,08:30 AM,85.18,82.18,2.27,29.68,Clear
01/05/2023,09:00 AM,86.82,78.18,3.09,29.68,Clear
01/05/2023,09:30 AM,88.45,73.91,3.64,29.68,Clear
01/05/2023,10:00 AM,89.91,70.18,3.91,29.68,Clear
01/05/2023,10:30 AM,91.36,66.18,4.36,29.68,Clear
01/05/2023,11:00 AM,91.18,65.27,4.73,29.67,Clear
01/05/2023,11:30 AM,91.73,63.55,5.18,29.66,Clear
01/05/2023,12:00 PM,92.00,62.09,6.45,29.65,Clear
01/05/2023,12:30 PM,91.45,62.00,6.55,29.64,Clear
01/05/2023,01:00 PM,90.82,63.18,6.36,29.63,Rain
01/05/2023,01:30 PM,90.18,64.18,5.91,29.62,Rain
01/05/2023,02:00 PM,89.91,64.45,6.27,29.61,Clear
01/05/2023,02:30 PM,89.64,65.00,6.73,29.60,Rain
01/05/2023,03:00 PM,89.00,66.18,7.18,29.60,Clear
01/05/2023,03:30 PM,88.36,67.73,7.82,29.59,Clear
01/05/2023,04:00 PM,87.36,69.91,8.09,29.59,Clear
01/05/2023,04:30 PM,87.73,69.45,8.27,29.59,Clear
01/05/2023,05:00 PM,87.36,70.27,8.27,29.59,Clear
01/05/2023,05:30 PM,86.55,72.55,7.55,29.59,Clear
01/05/2023,06:00 PM,86.55,73.45,7.55,29.60,Clear
01/05/2023,06:30 PM,86.55,73.91,8.00,29.61,Clear
01/05/2023,07:00 PM,86.18,74.82,8.45,29.62,Clear
01/05/2023,07:30 PM,85.45,76.82,7.55,29.63,Clear
01/05/2023,08:00 PM,84.64,79.27,6.45,29.64,Clear
01/05/2023,08:30 PM,84.00,81.36,5.64,29.65,Clear
01/05/2023,09:00 PM,83.18,83.55,4.45,29.66,Clear
01/05/2023,09:30 PM,82.55,85.36,3.91,29.67,Clear
01/05/2023,10:00 PM,81.91,87.18,3.45,29.68,Clear
01/05/2023,10:30 PM,81.27,88.55,3.00,29.69,Clear
01/05/2023,11:00 PM,80.82,89.45,2.45,29.69,Clear
01/05/2023,11:30 PM,80.36,90.36,2.00,29.69,Clear
02/05/2023,12:00 AM,79.73,91.82,1.55,29.69,Clear
02/05/2023,12:30 AM,79.27,92.73,1.09,29.68,Clear
02/05/2023,01:00 AM,78.82,93.64,1.18,29.68,Clear
02/05/2023,01:30 AM,78.64,94.09,1.45,29.67,Clear
02/05/2023,02:00 AM,78.27,95.09,1.45,29.66,Clear
02/05/2023,02:30 AM,78.09,95.09,1.91,29.66,Clear
02/05/2023,03:00 AM,77.91,95.09,1.91,29.65,Clear
02/05/2023,03:30 AM,77.73,95.09,1.73,29.65,Clear
02/05/2023,04:00 AM,77.55,95.09,2.00,29.65,Clear
02/05/2023,04:30 AM,77.55,95.09,2.18,29.65,Clear
02/05/2023,05:00 AM,77.55,95.09,2.09,29.65,Clear
02/05/2023,05:30 AM,78.00,94.09,2.09,29.65,Clear
02/05/2023,06:00 AM,78.64,93.64,2.09,29.66,Clear
02/05/2023,06:30 AM,79.27,93.18,2.00,29.67,Clear
02/05/2023,07:00 AM,80.09,91.82,1.73,29.68,Clear
02/05/2023,07:30 AM,81.36,89.55,1.55,29.69,Clear
02/05/2023,08:00 AM,82.64,87.45,1.55,29.69,Clear
02/05/2023,08:30 AM,83.45,85.64,2.18,29.70,Clear
02/05/2023,09:00 AM,83.91,84.73,2.73,29.71,Clear
02/05/2023,09:30 AM,84.91,83.36,2.91,29.71,Clear
02/05/2023,10:00 AM,85.55,82.00,3.36,29.72,Clear
02/05/2023,10:30 AM,85.82,81.09,4.18,29.72,Rain
02/05/2023,11:00 AM,85.73,81.09,4.73,29.71,Rain
02/05/2023,11:30 AM,85.55,81.09,5.18,29.71,Clear
02/05/2023,12:00 PM,85.36,81.09,5.73,29.71,Clear
02/05/2023,12:30 PM,84.36,82.45,6.64,29.70,Rain
02/05/2023,01:00 PM,83.09,84.18,6.82,29.69,Rain
02/05/2023,01:30 PM,81.82,86.27,6.82,29.69,Rain
02/05/2023,02:00 PM,81.18,87.64,6.64,29.68,Rain
02/05/2023,02:30 PM,80.91,88.55,6.36,29.68,Rain
02/05/2023,03:00 PM,80.09,89.91,5.91,29.67,Rain
02/05/2023,03:30 PM,79.45,91.27,5.27,29.66,Clear
02/05/2023,04:00 PM,79.18,92.18,4.45,29.66,Rain
02/05/2023,04:30 PM,78.82,92.64,3.91,29.66,Clear
02/05/2023,05:00 PM,78.36,93.64,3.91,29.66,Clear
02/05/2023,05:30 PM,77.91,94.64,3.82,29.66,Clear
02/05/2023,06:00 PM,77.91,94.64,2.73,29.66,Clear
02/05/2023,06:30 PM,77.91,94.64,2.27,29.67,Clear
02/05/2023,07:00 PM,77.91,94.64,1.82,29.67,Clear
02/05/2023,07:30 PM,77.73,95.09,1.64,29.68,Clear
02/05/2023,08:00 PM,77.55,95.09,1.82,29.69,Clear
02/05/2023,08:30 PM,77.36,95.09,2.00,29.70,Clear
02/05/2023,09:00 PM,77.18,95.09,2.00,29.71,Clear
02/05/2023,09:30 PM,77.00,95.09,2.18,29.72,Clear
02/05/2023,10:00 PM,77.00,95.09,2.36,29.72,Clear
02/05/2023,10:30 PM,76.82,95.09,2.36,29.73,Clear
02/05/2023,11:00 PM,76.64,95.09,2.18,29.73,Clear
02/05/2023,11:30 PM,76.45,95.64,2.45,29.73,Clear
03/05/2023,12:00 AM,76.27,96.18,2.45,29.72,Clear
03/05/2023,12:30 AM,76.09,96.73,2.91,29.72,Clear
03/05/2023,01:00 AM,75.91,97.27,2.45,29.71,Clear
03/05/2023,01:30 AM,75.73,97.82,2.27,29.70,Clear
03/05/2023,02:00 AM,75.55,98.36,2.36,29.69,Clear
03/05/2023,02:30 AM,75.36,98.91,2.36,29.69,Clear
03/05/2023,03:00 AM,75.18,98.91,2.18,29.69,Clear
03/05/2023,03:30 AM,75.00,98.91,2.00,29.69,Clear
03/05/2023,04:00 AM,75.00,98.91,1.55,29.69,Clear
03/05/2023,04:30 AM,75.00,98.91,1.27,29.69,Clear
03/05/2023,05:00 AM,75.18,98.91,1.00,29.69,Clear
03/05/2023,05:30 AM,75.73,98.36,1.00,29.70,Clear
03/05/2023,06:00 AM,76.55,97.36,0.82,29.71,Clear
03/05/2023,06:30 AM,77.36,96.36,1.27,29.72,Clear
03/05/2023,07:00 AM,78.55,94.91,1.45,29.73,Clear
03/05/2023,07:30 AM,79.73,93.00,1.91,29.74,Clear
03/05/2023,08:00 AM,81.09,90.73,2.55,29.74,Clear
03/05/2023,08:30 AM,82.55,88.64,3.27,29.75,Clear
03/05/2023,09:00 AM,84.18,85.82,3.91,29.75,Clear
03/05/2023,09:30 AM,85.82,82.45,4.73,29.75,Clear
03/05/2023,10:00 AM,87.64,78.45,5.64,29.75,Clear
03/05/2023,10:30 AM,89.09,74.73,6.91,29.75,Clear
03/05/2023,11:00 AM,90.00,71.91,8.00,29.74,Clear
03/05/2023,11:30 AM,90.64,69.55,8.55,29.73,Clear
03/05/2023,12:00 PM,91.45,66.82,9.18,29.72,Clear
03/05/2023,12:30 PM,91.91,64.55,9.64,29.71,Clear
03/05/2023,01:00 PM,92.18,63.09,9.82,29.70,Rain
03/05/2023,01:30 PM,92.18,62.64,10.00,29.69,Clear
03/05/2023,02:00 PM,91.91,62.55,10.09,29.68,Clear
03/05/2023,02:30 PM,91.45,63.18,10.18,29.66,Clear
03/05/2023,03:00 PM,91.00,63.82,10.09,29.66,Clear
03/05/2023,03:30 PM,90.18,65.45,9.73,29.65,Clear
03/05/2023,04:00 PM,89.55,66.82,9.18,29.65,Clear
03/05/2023,04:30 PM,88.91,68.27,8.55,29.65,Clear
03/05/2023,05:00 PM,88.27,69.73,8.27,29.65,Clear
03/05/2023,05:30 PM,87.27,72.00,7.45,29.65,Clear
03/05/2023,06:00 PM,86.18,74.73,6.73,29.66,Clear
03/05/2023,06:30 PM,85.27,77.09,6.09,29.67,Clear
03/05/2023,07:00 PM,84.27,78.82,5.45,29.68,Clear
03/05/2023,07:30 PM,83.45,80.55,4.91,29.69,Clear
03/05/2023,08:00 PM,82.64,82.27,4.45,29.70,Clear
03/05/2023,08:30 PM,81.64,84.45,4.00,29.71,Clear
03/05/2023,09:00 PM,80.82,86.27,3.91,29.71,Clear
03/05/2023,09:30 PM,80.00,88.09,3.36,29.71,Clear
03/05/2023,10:00 PM,79.36,89.45,2.91,29.72,Clear
03/05/2023,10:30 PM,78.73,90.82,2.55,29.71,Clear
03/05/2023,11:00 PM,78.27,91.73,2.27,29.71,Clear
03/05/2023,11:30 PM,77.73,92.73,2.09,29.71,Clear
04/05/2023,12:00 AM,77.18,93.73,1.82,29.70,Clear
04/05/2023,12:30 AM,76.82,94.73,1.64,29.69,Clear
04/05/2023,01:00 AM,76.45,95.73,1.36,29.69,Clear
04/05/2023,01:30 AM,76.09,96.73,1.09,29.68,Clear
04/05/2023,02:00 AM,75.91,97.27,0.82,29.67,Clear
04/05/2023,02:30 AM,75.73,97.82,0.36,29.66,Clear
04/05/2023,03:00 AM,75.55,97.82,0.18,29.66,Clear
04/05/2023,03:30 AM,75.36,97.82,0.18,29.66,Clear
04/05/2023,04:00 AM,75.18,98.36,0.00,29.66,Clear
04/05/2023,04:30 AM,75.18,98.91,0.00,29.66,Clear
04/05/2023,05:00 AM,75.73,98.36,0.00,29.66,Clear
04/05/2023,05:30 AM,76.36,97.82,0.00,29.67,Clear
04/05/2023,06:00 AM,77.36,96.36,0.18,29.68,Clear
04/05/2023,06:30 AM,78.55,94.45,0.36,29.68,Clear
04/05/2023,07:00 AM,79.91,92.18,0.55,29.69,Clear
04/05/2023,07:30 AM,81.36,89.55,0.73,29.70,Clear
04/05/2023,08:00 AM,82.82,86.91,1.18,29.71,Clear
04/05/2023,08:30 AM,84.45,84.09,1.73,29.71,Clear
04/05/2023,09:00 AM,85.91,81.55,1.91,29.72,Clear
04/05/2023,09:30 AM,87.73,77.82,2.36,29.72,Clear
04/05/2023,10:00 AM,89.18,74.09,2.91,29.72,Clear
04/05/2023,10:30 AM,90.45,70.36,3.09,29.72,Clear
04/05/2023,11:00 AM,91.64,66.91,4.18,29.71,Clear
04/05/2023,11:30 AM,91.45,66.00,5.18,29.71,Clear
04/05/2023,12:00 PM,91.09,65.18,5.64,29.70,Clear
04/05/2023,12:30 PM,90.91,64.73,6.00,29.69,Clear
04/05/2023,01:00 PM,90.91,64.00,6.45,29.67,Clear
04/05/2023,01:30 PM,91.09,62.91,6.55,29.66,Rain
04/05/2023,02:00 PM,91.09,62.55,6.64,29.65,Rain
04/05/2023,02:30 PM,90.45,63.27,7.09,29.63,Rain
04/05/2023,03:00 PM,89.45,65.09,6.64,29.62,Clear
04/05/2023,03:30 PM,88.64,66.91,6.27,29.61,Clear
04/05/2023,04:00 PM,87.45,69.73,6.09,29.61,Clear
04/05/2023,04:30 PM,86.18,72.73,5.00,29.60,Clear
04/05/2023,05:00 PM,85.91,74.09,3.82,29.60,Clear
04/05/2023,05:30 PM,85.64,75.82,3.18,29.61,Clear
04/05/2023,06:00 PM,84.82,77.55,2.91,29.61,Clear
04/05/2023,06:30 PM,83.73,79.91,2.73,29.62,Clear
04/05/2023,07:00 PM,82.45,83.09,2.36,29.63,Clear
04/05/2023,07:30 PM,81.00,86.27,1.73,29.65,Clear
04/05/2023,08:00 PM,80.36,88.09,1.09,29.66,Clear
04/05/2023,08:30 PM,79.73,89.45,1.09,29.66,Clear
04/05/2023,09:00 PM,79.09,90.82,0.91,29.67,Clear
04/05/2023,09:30 PM,78.64,91.73,0.91,29.68,Clear
04/05/2023,10:00 PM,78.27,92.18,0.91,29.68,Clear
04/05/2023,10:30 PM,77.73,93.18,1.09,29.68,Clear
04/05/2023,11:00 PM,77.18,94.18,1.27,29.68,Clear
04/05/2023,11:30 PM,76.82,94.64,1.00,29.68,Clear
05/05/2023,12:00 AM,76.45,95.64,0.55,29.67,Clear
05/05/2023,12:30 AM,76.09,96.18,0.45,29.66,Clear
05/05/2023,01:00 AM,75.91,96.73,0.45,29.65,Clear
05/05/2023,01:30 AM,75.73,96.73,0.45,29.65,Clear
05/05/2023,02:00 AM,75.55,96.73,0.45,29.64,Clear
05/05/2023,02:30 AM,75.36,96.73,0.45,29.64,Clear
05/05/2023,03:00 AM,75.18,96.73,0.45,29.63,Clear
05/05/2023,03:30 AM,74.82,97.27,0.45,29.63,Clear
05/05/2023,04:00 AM,74.82,96.73,0.45,29.63,Clear
05/05/2023,04:30 AM,74.82,96.73,0.45,29.63,Clear
05/05/2023,05:00 AM,75.00,97.27,0.73,29.63,Clear
05/05/2023,05:30 AM,75.55,96.73,0.91,29.63,Clear
05/05/2023,06:00 AM,76.36,95.73,1.00,29.64,Clear
05/05/2023,06:30 AM,77.55,93.82,1.18,29.65,Clear
05/05/2023,07:00 AM,78.91,92.09,1.64,29.65,Clear
05/05/2023,07:30 AM,80.36,90.36,1.91,29.66,Clear
05/05/2023,08:00 AM,82.00,88.27,2.45,29.66,Clear
05/05/2023,08:30 AM,83.64,85.82,2.91,29.66,Clear
05/05/2023,09:00 AM,85.64,82.45,3.36,29.66,Clear
05/05/2023,09:30 AM,87.45,79.64,4.00,29.66,Clear
05/05/2023,10:00 AM,89.45,75.64,4.09,29.66,Clear
05/05/2023,10:30 AM,91.27,71.64,4.55,29.66,Clear
05/05/2023,11:00 AM,92.73,67.91,4.91,29.65,Clear
05/05/2023,11:30 AM,93.73,64.91,5.36,29.64,Clear
05/05/2023,12:00 PM,94.18,63.09,5.91,29.63,Clear
05/05/2023,12:30 PM,94.64,61.36,6.55,29.62,Clear
05/05/2023,01:00 PM,94.82,59.91,7.45,29.60,Clear
05/05/2023,01:30 PM,94.18,60.18,7.36,29.59,Clear
05/05/2023,02:00 PM,93.18,62.18,7.09,29.57,Rain
05/05/2023,02:30 PM,92.00,64.09,7.09,29.57,Rain
05/05/2023,03:00 PM,90.73,66.45,6.45,29.56,Rain
05/05/2023,03:30 PM,89.27,69.45,6.45,29.55,Rain
05/05/2023,04:00 PM,87.82,72.45,6.18,29.54,Rain
05/05/2023,04:30 PM,86.36,75.73,5.64,29.54,Rain
05/05/2023,05:00 PM,85.09,78.73,5.00,29.54,Clear
05/05/2023,05:30 PM,84.00,81.45,4.27,29.54,Rain
05/05/2023,06:00 PM,82.73,84.45,3.36,29.55,Rain
05/05/2023,06:30 PM,81.45,87.64,2.45,29.56,Clear
05/05/2023,07:00 PM,80.82,89.45,2.27,29.57,Clear
05/05/2023,07:30 PM,80.55,89.91,2.36,29.58,Clear
05/05/2023,08:00 PM,80.27,91.36,2.18,29.59,Clear
05/05/2023,08:30 PM,80.09,92.36,2.27,29.60,Clear
05/05/2023,09:00 PM,79.91,93.36,2.27,29.61,Clear
05/05/2023,09:30 PM,79.73,93.82,2.00,29.62,Clear
05/05/2023,10:00 PM,79.55,94.27,2.18,29.63,Clear
05/05/2023,10:30 PM,79.36,94.73,2.18,29.63,Clear
05/05/2023,11:00 PM,79.18,95.18,2.18,29.63,Clear
05/05/2023,11:30 PM,79.00,95.64,2.00,29.63,Clear
06/05/2023,12:00 AM,79.00,95.64,1.73,29.63,Clear
06/05/2023,12:30 AM,78.82,96.18,1.45,29.63,Clear
06/05/2023,01:00 AM,78.64,96.73,1.36,29.62,Clear
06/05/2023,01:30 AM,78.45,96.18,1.27,29.62,Clear
06/05/2023,02:00 AM,78.27,95.64,1.00,29.61,Clear
06/05/2023,02:30 AM,78.09,95.64,0.82,29.60,Clear
06/05/2023,03:00 AM,77.91,96.18,0.64,29.60,Clear
06/05/2023,03:30 AM,77.73,96.73,0.45,29.59,Clear
06/05/2023,04:00 AM,77.55,97.27,0.45,29.59,Clear
06/05/2023,04:30 AM,77.55,97.27,0.45,29.59,Clear
06/05/2023,05:00 AM,77.73,97.82,0.45,29.60,Clear
06/05/2023,05:30 AM,78.00,97.82,0.55,29.60,Clear
06/05/2023,06:00 AM,78.64,96.82,0.73,29.60,Clear
06/05/2023,06:30 AM,79.64,94.91,0.55,29.61,Clear
06/05/2023,07:00 AM,80.82,93.55,0.36,29.61,Clear
06/05/2023,07:30 AM,82.09,91.82,0.64,29.62,Clear
06/05/2023,08:00 AM,83.55,89.18,0.73,29.62,Clear
06/05/2023,08:30 AM,85.18,85.82,1.27,29.63,Clear
06/05/2023,09:00 AM,86.82,82.09,1.55,29.63,Clear
06/05/2023,09:30 AM,88.45,78.09,2.00,29.63,Clear
06/05/2023,10:00 AM,90.27,74.09,2.18,29.63,Clear
06/05/2023,10:30 AM,91.55,70.09,2.73,29.63,Clear
06/05/2023,11:00 AM,92.73,66.64,3.09,29.62,Clear
06/05/2023,11:30 AM,93.73,63.36,3.18,29.62,Clear
06/05/2023,12:00 PM,94.18,61.27,3.91,29.60,Clear
06/05/2023,12:30 PM,94.18,60.09,4.73,29.59,Clear
06/05/2023,01:00 PM,94.18,60.09,5.09,29.58,Clear
06/05/2023,01:30 PM,94.00,59.64,6.18,29.57,Clear
06/05/2023,02:00 PM,93.36,60.73,6.55,29.56,Clear
06/05/2023,02:30 PM,92.55,62.09,7.18,29.55,Rain
06/05/2023,03:00 PM,91.73,63.73,7.00,29.54,Rain
06/05/2023,03:30 PM,90.55,65.91,7.27,29.53,Clear
06/05/2023,04:00 PM,89.55,68.00,7.00,29.53,Clear
06/05/2023,04:30 PM,88.55,70.09,7.00,29.53,Rain
06/05/2023,05:00 PM,87.55,72.45,7.00,29.53,Rain
06/05/2023,05:30 PM,86.55,75.00,6.45,29.53,Rain
06/05/2023,06:00 PM,85.82,76.64,5.82,29.54,Clear
06/05/2023,06:30 PM,85.00,77.45,5.36,29.54,Clear
06/05/2023,07:00 PM,84.18,79.09,4.27,29.56,Clear
06/05/2023,07:30 PM,83.64,79.91,3.36,29.57,Clear
06/05/2023,08:00 PM,83.27,80.82,2.45,29.58,Clear
06/05/2023,08:30 PM,82.91,82.18,2.36,29.59,Clear
06/05/2023,09:00 PM,82.45,84.00,2.18,29.60,Clear
06/05/2023,09:30 PM,82.18,85.36,2.36,29.61,Clear
06/05/2023,10:00 PM,81.91,86.27,2.36,29.62,Clear
06/05/2023,10:30 PM,81.64,87.18,2.36,29.62,Clear
06/05/2023,11:00 PM,81.36,88.09,2.45,29.62,Clear
06/05/2023,11:30 PM,81.09,89.00,2.45,29.62,Clear
07/05/2023,12:00 AM,80.82,89.91,2.27,29.62,Clear
07/05/2023,12:30 AM,80.55,90.82,2.36,29.62,Clear
07/05/2023,01:00 AM,80.27,91.73,2.82,29.61,Clear
07/05/2023,01:30 AM,80.00,92.64,3.36,29.61,Clear
07/05/2023,02:00 AM,79.73,93.09,3.64,29.60,Clear
07/05/2023,02:30 AM,79.55,93.09,3.64,29.60,Clear
07/05/2023,03:00 AM,79.36,93.09,3.73,29.59,Clear
07/05/2023,03:30 AM,79.18,93.55,3.91,29.59,Clear
07/05/2023,04:00 AM,79.00,94.00,4.09,29.59,Clear
07/05/2023,04:30 AM,79.00,94.00,4.09,29.59,Clear
07/05/2023,05:00 AM,79.18,94.00,4.45,29.60,Clear
07/05/2023,05:30 AM,79.45,93.55,4.91,29.60,Clear
07/05/2023,06:00 AM,79.73,93.09,5.18,29.61,Clear
07/05/2023,06:30 AM,80.36,92.18,5.27,29.62,Clear
07/05/2023,07:00 AM,81.18,90.82,5.18,29.62,Clear
07/05/2023,07:30 AM,82.18,89.09,5.27,29.63,Clear
07/05/2023,08:00 AM,83.18,87.36,5.55,29.63,Clear
07/05/2023,08:30 AM,84.27,85.27,5.64,29.64,Clear
07/05/2023,09:00 AM,85.36,82.73,5.73,29.64,Clear
07/05/2023,09:30 AM,86.64,79.91,6.00,29.64,Clear
07/05/2023,10:00 AM,88.09,76.73,6.82,29.64,Clear
07/05/2023,10:30 AM,89.36,73.55,7.36,29.63,Clear
07/05/2023,11:00 AM,90.55,70.55,8.09,29.63,Clear
07/05/2023,11:30 AM,91.91,67.27,8.73,29.62,Clear
07/05/2023,12:00 PM,92.73,64.73,9.45,29.61,Clear
07/05/2023,12:30 PM,93.36,62.91,10.09,29.60,Clear
07/05/2023,01:00 PM,93.64,61.45,10.82,29.59,Clear
07/05/2023,01:30 PM,93.73,60.36,11.45,29.58,Clear
07/05/2023,02:00 PM,93.73,59.64,11.91,29.57,Clear
07/05/2023,02:30 PM,93.64,59.64,12.09,29.56,Clear
07/05/2023,03:00 PM,93.18,60.27,12.27,29.55,Clear
07/05/2023,03:30 PM,92.55,61.27,11.82,29.54,Clear
07/05/2023,04:00 PM,91.73,62.64,11.27,29.54,Clear
07/05/2023,04:30 PM,90.73,64.27,10.64,29.54,Clear
07/05/2023,05:00 PM,89.55,66.18,10.00,29.54,Clear
07/05/2023,05:30 PM,88.55,67.82,9.18,29.54,Clear
07/05/2023,06:00 PM,87.36,69.64,8.36,29.55,Clear
07/05/2023,06:30 PM,86.36,71.91,7.27,29.56,Clear
07/05/2023,07:00 PM,85.55,73.82,6.27,29.57,Clear
07/05/2023,07:30 PM,84.73,75.73,5.36,29.58,Clear
07/05/2023,08:00 PM,84.00,77.36,4.55,29.59,Clear
07/05/2023,08:30 PM,83.36,79.09,3.82,29.60,Clear
07/05/2023,09:00 PM,82.73,80.82,3.36,29.61,Clear
07/05/2023,09:30 PM,82.27,82.18,3.27,29.61,Clear
07/05/2023,10:00 PM,82.00,83.55,3.18,29.62,Clear
07/05/2023,10:30 PM,81.73,84.91,2.91,29.62,Clear
07/05/2023,11:00 PM,81.45,86.27,2.73,29.62,Clear
07/05/2023,11:30 PM,81.36,87.18,2.64,29.62,Clear
08/05/2023,12:00 AM,81.27,87.64,2.64,29.62,Clear
08/05/2023,12:30 AM,81.00,88.55,2.45,29.62,Clear
08/05/2023,01:00 AM,80.73,89.45,2.27,29.61,Clear
08/05/2023,01:30 AM,80.45,90.36,2.18,29.60,Clear
08/05/2023,02:00 AM,80.27,90.82,2.27,29.60,Clear
08/05/2023,02:30 AM,80.09,91.27,2.36,29.59,Clear
08/05/2023,03:00 AM,79.91,91.73,2.18,29.59,Clear
08/05/2023,03:30 AM,79.73,92.18,2.00,29.59,Clear
08/05/2023,04:00 AM,79.55,92.64,2.18,29.59,Clear
08/05/2023,04:30 AM,79.55,92.64,2.36,29.59,Clear
08/05/2023,05:00 AM,79.55,93.09,2.64,29.59,Clear
08/05/2023,05:30 AM,79.82,92.64,2.91,29.59,Clear
08/05/2023,06:00 AM,80.27,91.73,3.36,29.60,Clear
08/05/2023,06:30 AM,80.91,90.82,3.82,29.60,Clear
08/05/2023,07:00 AM,81.73,89.45,4.00,29.61,Clear
08/05/2023,07:30 AM,82.82,87.36,4.18,29.62,Clear
08/05/2023,08:00 AM,84.09,84.91,4.36,29.62,Clear
08/05/2023,08:30 AM,85.36,81.73,4.64,29.63,Clear
08/05/2023,09:00 AM,86.82,78.27,5.09,29.63,Clear
08/05/2023,09:30 AM,88.27,74.82,5.27,29.64,Clear
08/05/2023,10:00 AM,89.55,71.82,5.36,29.64,Clear
08/05/2023,10:30 AM,90.82,68.36,5.18,29.64,Clear
08/05/2023,11:00 AM,91.82,65.82,4.91,29.63,Clear
08/05/2023,11:30 AM,93.00,63.00,4.91,29.63,Clear
08/05/2023,12:00 PM,94.00,60.18,4.64,29.62,Clear
08/05/2023,12:30 PM,94.82,57.82,4.73,29.62,Clear
08/05/2023,01:00 PM,95.18,56.45,4.91,29.61,Clear
08/05/2023,01:30 PM,95.18,55.73,5.00,29.59,Clear
08/05/2023,02:00 PM,95.18,55.73,5.00,29.58,Clear
08/05/2023,02:30 PM,95.00,56.00,4.82,29.57,Clear
08/05/2023,03:00 PM,94.82,56.27,4.91,29.56,Clear
08/05/2023,03:30 PM,94.45,56.91,4.82,29.55,Clear
08/05/2023,04:00 PM,94.00,57.82,5.00,29.54,Clear
08/05/2023,04:30 PM,93.18,59.45,4.82,29.54,Clear
08/05/2023,05:00 PM,92.00,61.82,4.64,29.54,Clear
08/05/2023,05:30 PM,90.82,64.18,4.73,29.54,Clear
08/05/2023,06:00 PM,89.64,66.55,4.64,29.55,Clear
08/05/2023,06:30 PM,88.45,69.09,4.27,29.55,Clear
08/05/2023,07:00 PM,87.45,71.36,3.91,29.56,Clear
08/05/2023,07:30 PM,86.45,73.64,3.64,29.58,Clear
08/05/2023,08:00 PM,85.45,75.91,3.36,29.59,Clear
08/05/2023,08:30 PM,84.36,78.64,2.82,29.60,Clear
08/05/2023,09:00 PM,83.45,81.00,2.36,29.62,Clear
08/05/2023,09:30 PM,82.64,83.09,2.09,29.63,Clear
08/05/2023,10:00 PM,82.18,84.45,2.09,29.64,Clear
08/05/2023,10:30 PM,81.91,85.36,2.00,29.65,Clear
08/05/2023,11:00 PM,81.64,86.27,1.73,29.65,Clear
08/05/2023,11:30 PM,81.18,87.64,1.55,29.65,Clear
09/05/2023,12:00 AM,80.91,88.55,1.27,29.66,Clear
09/05/2023,12:30 AM,80.82,89.00,1.36,29.65,Clear
09/05/2023,01:00 AM,80.73,89.45,1.36,29.65,Clear
09/05/2023,01:30 AM,80.45,90.36,1.55,29.64,Clear
09/05/2023,02:00 AM,80.27,90.82,1.82,29.64,Clear
09/05/2023,02:30 AM,80.09,91.27,2.09,29.63,Clear
09/05/2023,03:00 AM,79.91,91.73,2.36,29.63,Clear
09/05/2023,03:30 AM,79.73,92.18,2.82,29.63,Clear
09/05/2023,04:00 AM,79.55,92.64,2.82,29.63,Clear
09/05/2023,04:30 AM,79.36,93.09,2.82,29.63,Clear
09/05/2023,05:00 AM,79.55,93.09,2.82,29.63,Clear
09/05/2023,05:30 AM,79.82,92.64,3.09,29.63,Clear
09/05/2023,06:00 AM,80.09,92.64,2.82,29.64,Clear
09/05/2023,06:30 AM,80.55,92.18,2.73,29.64,Clear
09/05/2023,07:00 AM,81.36,90.82,2.45,29.65,Clear
09/05/2023,07:30 AM,82.36,89.09,2.64,29.65,Clear
09/05/2023,08:00 AM,83.36,87.36,2.91,29.65,Clear
09/05/2023,08:30 AM,84.64,84.91,3.00,29.65,Clear
09/05/2023,09:00 AM,86.09,81.73,3.09,29.65,Clear
09/05/2023,09:30 AM,87.73,78.27,3.09,29.65,Clear
09/05/2023,10:00 AM,89.36,74.55,3.64,29.65,Clear
09/05/2023,10:30 AM,90.82,70.82,4.18,29.65,Clear
09/05/2023,11:00 AM,92.18,67.55,4.18,29.64,Clear
09/05/2023,11:30 AM,93.36,64.27,4.82,29.63,Clear
09/05/2023,12:00 PM,94.55,60.91,5.18,29.62,Clear
09/05/2023,12:30 PM,95.55,58.00,5.55,29.61,Clear
09/05/2023,01:00 PM,96.18,55.73,5.45,29.60,Clear
09/05/2023,01:30 PM,96.82,53.45,5.18,29.59,Clear
09/05/2023,02:00 PM,97.00,52.45,5.09,29.58,Clear
09/05/2023,02:30 PM,96.82,52.45,5.18,29.57,Clear
09/05/2023,03:00 PM,95.82,53.36,5.91,29.56,Clear
09/05/2023,03:30 PM,94.45,55.27,7.55,29.56,Clear
09/05/2023,04:00 PM,93.00,57.64,7.64,29.56,Clear
09/05/2023,04:30 PM,91.36,60.36,7.36,29.56,Clear
09/05/2023,05:00 PM,89.55,63.64,7.00,29.57,Rain
09/05/2023,05:30 PM,87.73,67.45,6.73,29.58,Rain
09/05/2023,06:00 PM,85.91,71.27,6.18,29.59,Rain
09/05/2023,06:30 PM,84.27,74.82,5.91,29.60,Rain
09/05/2023,07:00 PM,82.64,78.36,6.09,29.61,Rain
09/05/2023,07:30 PM,81.18,81.36,5.82,29.63,Rain
09/05/2023,08:00 PM,79.91,84.09,5.36,29.64,Clear
09/05/2023,08:30 PM,79.27,86.18,4.91,29.66,Clear
09/05/2023,09:00 PM,79.00,88.00,3.00,29.67,Clear
09/05/2023,09:30 PM,78.82,89.36,2.64,29.68,Clear
09/05/2023,10:00 PM,78.82,90.36,2.82,29.68,Clear
09/05/2023,10:30 PM,79.00,90.82,2.55,29.69,Clear
09/05/2023,11:00 PM,79.00,91.27,2.27,29.69,Clear
09/05/2023,11:30 PM,78.82,92.27,2.45,29.69,Clear
10/05/2023,12:00 AM,78.64,93.27,2.36,29.68,Clear
10/05/2023,12:30 AM,78.45,93.73,2.36,29.68,Clear
10/05/2023,01:00 AM,78.27,94.18,2.64,29.68,Clear
10/05/2023,01:30 AM,78.09,94.64,2.73,29.67,Rain
10/05/2023,02:00 AM,77.91,95.09,2.55,29.66,Clear
10/05/2023,02:30 AM,77.73,95.64,2.45,29.66,Clear
10/05/2023,03:00 AM,77.55,96.18,2.18,29.66,Clear
10/05/2023,03:30 AM,77.36,96.73,2.27,29.65,Clear
10/05/2023,04:00 AM,77.18,97.27,2.45,29.66,Clear
10/05/2023,04:30 AM,77.18,97.27,2.73,29.66,Clear
10/05/2023,05:00 AM,77.36,97.27,3.09,29.66,Clear
10/05/2023,05:30 AM,77.73,96.73,3.36,29.67,Clear
10/05/2023,06:00 AM,78.18,96.27,3.18,29.67,Rain
10/05/2023,06:30 AM,78.82,95.36,3.00,29.68,Clear
10/05/2023,07:00 AM,79.64,94.00,2.91,29.68,Clear
10/05/2023,07:30 AM,80.45,92.64,2.82,29.69,Clear
10/05/2023,08:00 AM,81.64,90.36,2.91,29.70,Clear
10/05/2023,08:30 AM,82.91,87.27,3.55,29.70,Clear
10/05/2023,09:00 AM,84.36,83.55,3.91,29.70,Clear
10/05/2023,09:30 AM,85.82,79.82,4.45,29.70,Clear
10/05/2023,10:00 AM,87.09,76.36,4.82,29.70,Clear
10/05/2023,10:30 AM,88.55,72.09,4.91,29.70,Clear
10/05/2023,11:00 AM,89.82,68.00,5.00,29.69,Clear
10/05/2023,11:30 AM,90.82,64.64,5.45,29.69,Clear
10/05/2023,12:00 PM,91.64,62.09,6.00,29.68,Clear
10/05/2023,12:30 PM,92.27,60.27,6.64,29.67,Clear
10/05/2023,01:00 PM,92.73,58.82,7.09,29.66,Clear
10/05/2023,01:30 PM,92.82,57.36,7.45,29.65,Clear
10/05/2023,02:00 PM,92.82,56.73,7.45,29.65,Clear
10/05/2023,02:30 PM,92.55,57.00,7.45,29.64,Clear
10/05/2023,03:00 PM,92.27,57.64,7.27,29.63,Clear
10/05/2023,03:30 PM,91.82,58.91,7.18,29.63,Clear
10/05/2023,04:00 PM,91.00,60.82,7.18,29.62,Clear
10/05/2023,04:30 PM,90.18,63.09,7.09,29.62,Clear
10/05/2023,05:00 PM,89.36,65.55,6.64,29.63,Clear
10/05/2023,05:30 PM,88.55,67.64,6.27,29.63,Clear
10/05/2023,06:00 PM,87.55,69.91,5.64,29.63,Clear
10/05/2023,06:30 PM,86.64,71.82,5.00,29.64,Clear
10/05/2023,07:00 PM,85.55,74.55,4.36,29.65,Clear
10/05/2023,07:30 PM,84.45,77.27,3.73,29.66,Clear
10/05/2023,08:00 PM,83.45,79.73,3.09,29.66,Clear
10/05/2023,08:30 PM,82.27,82.27,2.73,29.68,Clear
10/05/2023,09:00 PM,81.27,84.45,2.45,29.68,Clear
10/05/2023,09:30 PM,80.45,86.27,2.09,29.69,Clear
10/05/2023,10:00 PM,79.64,88.09,1.64,29.69,Clear
10/05/2023,10:30 PM,79.00,89.45,1.55,29.69,Clear
10/05/2023,11:00 PM,78.36,90.82,1.09,29.70,Clear
10/05/2023,11:30 PM,77.73,92.27,0.91,29.70,Clear
11/05/2023,12:00 AM,77.18,93.18,0.91,29.70,Clear
11/05/2023,12:30 AM,76.82,93.64,0.91,29.70,Clear
11/05/2023,01:00 AM,76.45,94.09,0.91,29.70,Clear
11/05/2023,01:30 AM,76.09,94.55,0.91,29.70,Clear
11/05/2023,02:00 AM,75.73,95.09,0.73,29.70,Clear
11/05/2023,02:30 AM,75.36,95.64,0.45,29.70,Clear
11/05/2023,03:00 AM,75.00,96.18,0.18,29.70,Clear
11/05/2023,03:30 AM,74.64,96.73,0.18,29.70,Clear
11/05/2023,04:00 AM,74.27,97.27,0.00,29.70,Clear
11/05/2023,04:30 AM,74.27,97.27,0.00,29.71,Clear
11/05/2023,05:00 AM,74.64,96.73,0.00,29.71,Clear
11/05/2023,05:30 AM,75.27,96.27,0.00,29.72,Clear
11/05/2023,06:00 AM,76.45,95.36,0.00,29.72,Clear
11/05/2023,06:30 AM,77.64,94.00,0.27,29.73,Clear
11/05/2023,07:00 AM,78.82,92.64,0.73,29.73,Clear
11/05/2023,07:30 AM,80.45,90.36,1.36,29.74,Clear
11/05/2023,08:00 AM,82.09,87.73,2.09,29.74,Clear
11/05/2023,08:30 AM,83.91,84.73,3.00,29.75,Clear
11/05/2023,09:00 AM,85.73,81.00,3.82,29.75,Clear
11/05/2023,09:30 AM,87.73,77.00,4.64,29.75,Clear
11/05/2023,10:00 AM,89.36,73.55,5.45,29.75,Clear
11/05/2023,10:30 AM,90.64,70.09,6.27,29.74,Clear
11/05/2023,11:00 AM,91.64,67.36,7.09,29.73,Clear
11/05/2023,11:30 AM,92.27,64.82,8.18,29.72,Clear
11/05/2023,12:00 PM,92.91,62.73,8.82,29.72,Clear
11/05/2023,12:30 PM,93.55,60.64,9.18,29.71,Clear
11/05/2023,01:00 PM,93.91,58.64,9.45,29.69,Clear
11/05/2023,01:30 PM,94.27,57.27,10.00,29.68,Clear
11/05/2023,02:00 PM,94.27,56.27,10.27,29.68,Clear
11/05/2023,02:30 PM,94.27,56.00,10.64,29.66,Clear
11/05/2023,03:00 PM,93.91,56.27,10.91,29.66,Clear
11/05/2023,03:30 PM,93.45,56.82,11.18,29.65,Clear
11/05/2023,04:00 PM,93.00,57.73,11.09,29.65,Clear
11/05/2023,04:30 PM,92.36,59.09,10.73,29.64,Clear
11/05/2023,05:00 PM,91.36,61.18,10.09,29.64,Clear
11/05/2023,05:30 PM,90.36,63.27,9.64,29.64,Clear
11/05/2023,06:00 PM,89.18,65.82,8.82,29.65,Clear
11/05/2023,06:30 PM,87.91,68.64,7.91,29.65,Clear
11/05/2023,07:00 PM,86.64,71.18,6.64,29.66,Clear
11/05/2023,07:30 PM,85.55,74.18,5.64,29.67,Clear
11/05/2023,08:00 PM,84.45,77.18,4.64,29.68,Clear
11/05/2023,08:30 PM,83.55,79.91,3.55,29.69,Clear
11/05/2023,09:00 PM,82.55,82.36,2.73,29.69,Clear
11/05/2023,09:30 PM,81.73,84.45,2.00,29.70,Clear
11/05/2023,10:00 PM,80.91,86.27,1.55,29.71,Clear
11/05/2023,10:30 PM,80.27,87.64,1.09,29.72,Clear
11/05/2023,11:00 PM,79.64,89.00,0.64,29.72,Clear
11/05/2023,11:30 PM,79.18,89.91,0.64,29.72,Clear
12/05/2023,12:00 AM,78.64,91.36,0.64,29.72,Clear
12/05/2023,12:30 AM,78.09,92.27,0.64,29.72,Clear
12/05/2023,01:00 AM,77.55,92.73,0.45,29.72,Clear
12/05/2023,01:30 AM,77.00,93.18,0.27,29.72,Clear
12/05/2023,02:00 AM,76.45,93.64,0.27,29.71,Clear
12/05/2023,02:30 AM,76.09,94.09,0.00,29.71,Clear
12/05/2023,03:00 AM,75.73,94.55,0.00,29.71,Clear
12/05/2023,03:30 AM,75.55,94.55,0.00,29.71,Clear
12/05/2023,04:00 AM,75.36,95.09,0.00,29.71,Clear
12/05/2023,04:30 AM,75.36,95.64,0.00,29.71,Clear
12/05/2023,05:00 AM,75.73,95.64,0.00,29.72,Clear
12/05/2023,05:30 AM,76.55,94.64,0.27,29.72,Clear
12/05/2023,06:00 AM,77.73,93.27,0.55,29.73,Clear
12/05/2023,06:30 AM,79.09,91.55,0.82,29.73,Clear
12/05/2023,07:00 AM,80.55,89.45,1.09,29.74,Clear
12/05/2023,07:30 AM,82.18,87.00,1.55,29.74,Clear
12/05/2023,08:00 AM,83.82,84.18,2.18,29.75,Clear
12/05/2023,08:30 AM,85.45,81.00,2.91,29.75,Clear
12/05/2023,09:00 AM,87.09,77.55,3.45,29.75,Clear
12/05/2023,09:30 AM,89.09,72.45,4.18,29.75,Clear
12/05/2023,10:00 AM,90.91,67.91,4.82,29.75,Clear
12/05/2023,10:30 AM,92.55,63.36,5.55,29.74,Clear
12/05/2023,11:00 AM,93.73,59.55,5.82,29.73,Clear
12/05/2023,11:30 AM,94.55,56.64,6.36,29.72,Clear
12/05/2023,12:00 PM,95.18,54.09,6.91,29.71,Clear
12/05/2023,12:30 PM,95.55,52.09,7.36,29.70,Clear
12/05/2023,01:00 PM,95.55,50.73,7.82,29.69,Clear
12/05/2023,01:30 PM,95.73,49.82,8.09,29.68,Clear
12/05/2023,02:00 PM,95.91,49.27,8.09,29.67,Clear
12/05/2023,02:30 PM,95.91,49.27,8.36,29.66,Clear
12/05/2023,03:00 PM,95.36,50.64,8.27,29.65,Clear
12/05/2023,03:30 PM,94.82,51.45,8.27,29.65,Clear
12/05/2023,04:00 PM,94.00,53.09,8.18,29.64,Clear
12/05/2023,04:30 PM,93.18,54.82,8.09,29.64,Clear
12/05/2023,05:00 PM,92.18,56.91,7.73,29.64,Clear
12/05/2023,05:30 PM,91.00,59.36,7.18,29.65,Clear
12/05/2023,06:00 PM,89.82,62.09,6.45,29.65,Clear
12/05/2023,06:30 PM,88.73,65.00,5.55,29.66,Clear
12/05/2023,07:00 PM,87.55,67.36,5.09,29.67,Clear
12/05/2023,07:30 PM,86.27,70.18,4.36,29.68,Clear
12/05/2023,08:00 PM,85.00,73.18,3.55,29.70,Clear
12/05/2023,08:30 PM,83.91,75.91,2.91,29.71,Clear
12/05/2023,09:00 PM,82.64,79.09,2.27,29.72,Clear
12/05/2023,09:30 PM,81.45,82.00,2.09,29.73,Clear
12/05/2023,10:00 PM,80.45,84.55,1.91,29.74,Clear
12/05/2023,10:30 PM,79.64,86.73,1.45,29.74,Clear
12/05/2023,11:00 PM,79.00,88.55,1.18,29.75,Clear
12/05/2023,11:30 PM,78.55,89.91,1.18,29.75,Clear
13/05/2023,12:00 AM,78.18,90.82,1.18,29.75,Clear
13/05/2023,12:30 AM,77.55,92.73,1.18,29.75,Clear
13/05/2023,01:00 AM,77.00,94.18,1.64,29.75,Clear
13/05/2023,01:30 AM,76.64,95.18,1.64,29.75,Clear
13/05/2023,02:00 AM,76.27,96.18,1.64,29.74,Clear
13/05/2023,02:30 AM,76.09,96.18,1.64,29.74,Clear
13/05/2023,03:00 AM,75.91,96.18,1.18,29.74,Clear
13/05/2023,03:30 AM,75.73,96.18,0.91,29.74,Clear
13/05/2023,04:00 AM,75.55,96.18,0.91,29.74,Clear
13/05/2023,04:30 AM,75.73,96.18,0.91,29.74,Clear
13/05/2023,05:00 AM,76.18,95.73,1.09,29.74,Clear
13/05/2023,05:30 AM,76.82,95.27,1.27,29.74,Clear
13/05/2023,06:00 AM,78.00,93.36,1.00,29.75,Clear
13/05/2023,06:30 AM,79.45,90.73,0.82,29.75,Clear
13/05/2023,07:00 AM,81.09,87.36,1.09,29.76,Clear
13/05/2023,07:30 AM,82.73,84.00,1.55,29.76,Clear
13/05/2023,08:00 AM,84.55,80.55,2.09,29.77,Clear
13/05/2023,08:30 AM,86.18,77.09,2.73,29.77,Clear
13/05/2023,09:00 AM,88.18,73.36,3.18,29.76,Clear
13/05/2023,09:30 AM,90.36,69.09,3.82,29.76,Clear
13/05/2023,10:00 AM,92.18,64.55,4.27,29.75,Clear
13/05/2023,10:30 AM,93.73,60.45,4.55,29.75,Clear
13/05/2023,11:00 AM,95.09,56.36,4.91,29.74,Clear
13/05/2023,11:30 AM,95.91,53.45,5.18,29.73,Clear
13/05/2023,12:00 PM,96.64,51.00,5.55,29.72,Clear
13/05/2023,12:30 PM,97.18,49.27,5.82,29.70,Clear
13/05/2023,01:00 PM,97.73,47.82,6.27,29.69,Clear
13/05/2023,01:30 PM,97.91,47.27,6.64,29.68,Clear
13/05/2023,02:00 PM,98.09,47.00,6.91,29.67,Clear
13/05/2023,02:30 PM,97.73,47.27,7.27,29.66,Clear
13/05/2023,03:00 PM,97.18,48.09,7.45,29.65,Clear
13/05/2023,03:30 PM,96.36,49.73,7.55,29.64,Clear
13/05/2023,04:00 PM,95.00,52.91,7.73,29.64,Clear
13/05/2023,04:30 PM,93.45,57.00,7.18,29.64,Clear
13/05/2023,05:00 PM,92.09,60.82,7.18,29.64,Clear
13/05/2023,05:30 PM,90.45,64.91,6.82,29.64,Clear
13/05/2023,06:00 PM,88.82,69.00,6.27,29.65,Rain
13/05/2023,06:30 PM,87.00,73.27,5.64,29.66,Clear
13/05/2023,07:00 PM,85.36,77.27,4.73,29.67,Clear
13/05/2023,07:30 PM,83.91,81.00,4.09,29.68,Clear
13/05/2023,08:00 PM,82.64,84.45,3.55,29.69,Clear
13/05/2023,08:30 PM,81.36,87.91,2.73,29.71,Clear
13/05/2023,09:00 PM,80.18,91.36,2.18,29.72,Clear
13/05/2023,09:30 PM,79.55,93.27,1.82,29.73,Clear
13/05/2023,10:00 PM,79.09,93.73,2.00,29.74,Clear
13/05/2023,10:30 PM,78.64,94.18,1.55,29.74,Clear
13/05/2023,11:00 PM,78.27,94.64,1.27,29.74,Clear
13/05/2023,11:30 PM,77.91,95.09,1.27,29.75,Clear
14/05/2023,12:00 AM,77.73,95.09,1.00,29.74,Clear
14/05/2023,12:30 AM,77.36,95.64,1.00,29.74,Clear
14/05/2023,01:00 AM,77.00,96.18,0.73,29.74,Clear
14/05/2023,01:30 AM,76.64,96.73,0.45,29.73,Clear
14/05/2023,02:00 AM,76.27,97.27,0.45,29.73,Clear
14/05/2023,02:30 AM,76.09,97.27,0.45,29.72,Clear
14/05/2023,03:00 AM,75.91,97.27,0.18,29.72,Clear
14/05/2023,03:30 AM,75.73,97.82,0.00,29.72,Clear
14/05/2023,04:00 AM,75.55,98.36,0.00,29.72,Clear
14/05/2023,04:30 AM,75.55,98.91,0.00,29.72,Clear
14/05/2023,05:00 AM,75.73,99.45,0.00,29.72,Clear
14/05/2023,05:30 AM,76.36,99.00,0.00,29.73,Clear
14/05/2023,06:00 AM,77.36,97.55,0.18,29.74,Clear
14/05/2023,06:30 AM,78.73,95.64,0.45,29.74,Clear
14/05/2023,07:00 AM,80.18,93.36,0.64,29.75,Clear
14/05/2023,07:30 AM,82.00,90.36,0.82,29.75,Clear
14/05/2023,08:00 AM,83.82,87.00,1.09,29.75,Clear
14/05/2023,08:30 AM,85.64,83.27,1.64,29.75,Clear
14/05/2023,09:00 AM,87.64,79.00,2.27,29.75,Clear
14/05/2023,09:30 AM,89.64,74.73,3.36,29.75,Clear
14/05/2023,10:00 AM,90.82,71.27,4.55,29.75,Clear
14/05/2023,10:30 AM,92.09,67.55,5.73,29.75,Clear
14/05/2023,11:00 AM,92.45,65.82,6.36,29.74,Clear
14/05/2023,11:30 AM,92.82,64.55,6.91,29.74,Clear
14/05/2023,12:00 PM,92.91,63.36,7.36,29.73,Clear
14/05/2023,12:30 PM,92.91,62.55,7.82,29.72,Clear
14/05/2023,01:00 PM,92.55,62.18,8.27,29.71,Clear
14/05/2023,01:30 PM,92.18,62.18,8.91,29.70,Clear
14/05/2023,02:00 PM,92.00,61.91,9.45,29.69,Clear
14/05/2023,02:30 PM,91.45,62.45,9.73,29.68,Clear
14/05/2023,03:00 PM,90.91,63.00,9.55,29.67,Clear
14/05/2023,03:30 PM,90.91,63.00,9.09,29.67,Clear
14/05/2023,04:00 PM,90.45,63.64,8.64,29.66,Clear
14/05/2023,04:30 PM,90.45,63.27,8.64,29.66,Clear
14/05/2023,05:00 PM,90.09,63.27,8.36,29.66,Clear
14/05/2023,05:30 PM,89.45,64.00,7.82,29.67,Clear
14/05/2023,06:00 PM,88.64,65.18,7.45,29.67,Clear
14/05/2023,06:30 PM,87.82,66.64,7.00,29.68,Clear
14/05/2023,07:00 PM,87.00,68.09,6.09,29.69,Clear
14/05/2023,07:30 PM,85.91,71.09,5.00,29.71,Clear
14/05/2023,08:00 PM,85.00,73.36,4.27,29.72,Clear
14/05/2023,08:30 PM,83.91,76.09,3.36,29.73,Clear
14/05/2023,09:00 PM,82.91,79.00,3.09,29.74,Clear
14/05/2023,09:30 PM,82.09,81.09,2.55,29.74,Clear
14/05/2023,10:00 PM,81.27,83.18,2.09,29.75,Clear
14/05/2023,10:30 PM,80.64,84.91,1.64,29.75,Clear
14/05/2023,11:00 PM,80.18,86.27,1.45,29.75,Clear
14/05/2023,11:30 PM,79.73,87.64,1.18,29.75,Clear
15/05/2023,12:00 AM,79.27,89.00,1.00,29.75,Clear
15/05/2023,12:30 AM,78.82,90.36,1.00,29.75,Clear
15/05/2023,01:00 AM,78.45,90.82,1.00,29.74,Clear
15/05/2023,01:30 AM,78.09,91.73,0.82,29.74,Clear
15/05/2023,02:00 AM,77.91,92.18,0.82,29.73,Clear
15/05/2023,02:30 AM,77.55,92.73,0.36,29.72,Clear
15/05/2023,03:00 AM,77.18,93.18,0.18,29.72,Clear
15/05/2023,03:30 AM,76.82,93.64,0.00,29.72,Clear
15/05/2023,04:00 AM,76.45,94.09,0.00,29.72,Clear
15/05/2023,04:30 AM,76.45,94.55,0.00,29.72,Clear
15/05/2023,05:00 AM,76.82,94.55,0.27,29.72,Clear
15/05/2023,05:30 AM,77.27,94.55,0.27,29.73,Clear
15/05/2023,06:00 AM,78.09,93.64,0.45,29.74,Clear
15/05/2023,06:30 AM,79.36,91.91,1.00,29.74,Clear
15/05/2023,07:00 AM,80.64,89.82,1.45,29.75,Clear
15/05/2023,07:30 AM,81.91,87.73,2.09,29.76,Clear
15/05/2023,08:00 AM,83.55,84.36,2.91,29.77,Clear
15/05/2023,08:30 AM,85.36,80.91,3.82,29.77,Clear
15/05/2023,09:00 AM,87.36,76.91,4.64,29.78,Clear
15/05/2023,09:30 AM,89.36,72.91,5.45,29.78,Clear
15/05/2023,10:00 AM,91.18,68.64,6.18,29.77,Clear
15/05/2023,10:30 AM,92.64,64.64,6.73,29.77,Clear
15/05/2023,11:00 AM,94.00,60.64,7.55,29.77,Clear
15/05/2023,11:30 AM,94.00,59.73,8.09,29.76,Clear
15/05/2023,12:00 PM,93.55,59.64,8.36,29.75,Clear
15/05/2023,12:30 PM,92.64,61.27,8.55,29.74,Clear
15/05/2023,01:00 PM,91.73,62.91,8.55,29.72,Clear
15/05/2023,01:30 PM,90.64,65.27,7.91,29.71,Rain
15/05/2023,02:00 PM,89.36,68.27,7.18,29.70,Rain
15/05/2023,02:30 PM,87.91,72.27,6.36,29.69,Rain
15/05/2023,03:00 PM,86.45,76.27,5.55,29.69,Rain
15/05/2023,03:30 PM,84.82,80.09,4.82,29.68,Rain
15/05/2023,04:00 PM,83.36,84.09,4.00,29.68,Clear
15/05/2023,04:30 PM,81.91,88.09,3.18,29.68,Clear
15/05/2023,05:00 PM,81.45,89.91,2.45,29.68,Clear
15/05/2023,05:30 PM,81.00,91.73,2.09,29.69,Clear
15/05/2023,06:00 PM,81.00,92.18,1.64,29.70,Clear
15/05/2023,06:30 PM,81.00,92.64,1.27,29.71,Clear
15/05/2023,07:00 PM,80.82,93.09,1.09,29.72,Clear
15/05/2023,07:30 PM,80.64,93.55,1.09,29.73,Clear
15/05/2023,08:00 PM,80.64,93.55,1.55,29.74,Clear
15/05/2023,08:30 PM,80.64,93.55,1.73,29.76,Clear
15/05/2023,09:00 PM,80.64,94.00,2.00,29.76,Clear
15/05/2023,09:30 PM,80.45,94.55,2.18,29.77,Clear
15/05/2023,10:00 PM,80.27,94.55,2.18,29.78,Clear
15/05/2023,10:30 PM,80.09,94.55,2.91,29.79,Clear
15/05/2023,11:00 PM,79.73,94.09,3.82,29.79,Clear
15/05/2023,11:30 PM,79.00,94.09,4.27,29.79,Clear
16/05/2023,12:00 AM,78.27,94.09,4.64,29.79,Clear
16/05/2023,12:30 AM,77.73,94.09,4.64,29.79,Clear
16/05/2023,01:00 AM,77.18,94.09,4.64,29.78,Clear
16/05/2023,01:30 AM,76.45,94.64,4.64,29.78,Rain
16/05/2023,02:00 AM,75.73,95.18,5.00,29.77,Rain
16/05/2023,02:30 AM,75.00,95.73,4.73,29.77,Rain
16/05/2023,03:00 AM,74.45,95.73,4.73,29.76,Clear
16/05/2023,03:30 AM,73.91,96.27,4.91,29.76,Clear
16/05/2023,04:00 AM,73.36,96.82,4.18,29.75,Clear
16/05/2023,04:30 AM,73.00,97.82,3.27,29.75,Clear
16/05/2023,05:00 AM,73.18,97.82,2.91,29.76,Rain
16/05/2023,05:30 AM,73.55,97.82,2.27,29.76,Clear
16/05/2023,06:00 AM,74.09,97.82,2.27,29.76,Clear
16/05/2023,06:30 AM,74.82,97.36,2.09,29.77,Clear
16/05/2023,07:00 AM,76.00,95.91,1.82,29.77,Rain
16/05/2023,07:30 AM,77.36,94.00,1.27,29.78,Rain
16/05/2023,08:00 AM,78.91,91.73,1.27,29.79,Clear
16/05/2023,08:30 AM,80.55,89.09,1.55,29.79,Clear
16/05/2023,09:00 AM,82.18,86.45,1.64,29.79,Clear
16/05/2023,09:30 AM,84.00,83.09,2.09,29.79,Clear
16/05/2023,10:00 AM,86.00,79.36,2.18,29.79,Clear
16/05/2023,10:30 AM,87.64,76.18,2.45,29.79,Clear
16/05/2023,11:00 AM,89.27,72.73,2.45,29.78,Clear
16/05/2023,11:30 AM,90.73,69.27,2.73,29.77,Clear
16/05/2023,12:00 PM,91.82,66.27,3.27,29.76,Clear
16/05/2023,12:30 PM,92.27,64.36,3.91,29.75,Clear
16/05/2023,01:00 PM,92.73,62.27,4.55,29.73,Clear
16/05/2023,01:30 PM,93.00,60.82,5.18,29.72,Clear
16/05/2023,02:00 PM,93.18,59.73,5.82,29.71,Rain
16/05/2023,02:30 PM,93.18,59.00,6.36,29.70,Rain
16/05/2023,03:00 PM,92.73,59.27,6.64,29.69,Clear
16/05/2023,03:30 PM,91.91,60.64,6.82,29.69,Clear
16/05/2023,04:00 PM,91.27,62.00,6.82,29.69,Clear
16/05/2023,04:30 PM,90.45,63.64,7.27,29.69,Clear
16/05/2023,05:00 PM,89.45,65.73,7.45,29.69,Clear
16/05/2023,05:30 PM,88.64,67.82,6.91,29.70,Clear
16/05/2023,06:00 PM,87.82,69.73,6.27,29.71,Clear
16/05/2023,06:30 PM,86.82,72.27,5.91,29.72,Clear
16/05/2023,07:00 PM,85.73,75.00,5.27,29.73,Clear
16/05/2023,07:30 PM,84.45,78.18,4.18,29.74,Clear
16/05/2023,08:00 PM,83.36,81.00,3.36,29.75,Clear
16/05/2023,08:30 PM,82.55,83.55,2.64,29.77,Clear
16/05/2023,09:00 PM,81.91,85.36,1.91,29.78,Clear
16/05/2023,09:30 PM,81.27,86.73,1.36,29.78,Clear
16/05/2023,10:00 PM,80.45,88.55,0.91,29.79,Clear
16/05/2023,10:30 PM,79.82,89.91,0.45,29.79,Clear
16/05/2023,11:00 PM,79.18,91.27,0.91,29.79,Clear
16/05/2023,11:30 PM,78.73,92.18,1.00,29.79,Clear
17/05/2023,12:00 AM,78.27,93.09,0.91,29.79,Clear
17/05/2023,12:30 AM,77.91,93.55,1.09,29.79,Clear
17/05/2023,01:00 AM,77.73,93.55,1.27,29.78,Clear
17/05/2023,01:30 AM,77.55,93.55,1.45,29.77,Clear
17/05/2023,02:00 AM,77.36,93.55,1.45,29.77,Clear
17/05/2023,02:30 AM,77.00,94.09,1.64,29.77,Clear
17/05/2023,03:00 AM,76.64,95.09,1.64,29.76,Clear
17/05/2023,03:30 AM,76.45,95.64,2.09,29.76,Clear
17/05/2023,04:00 AM,76.27,96.18,2.36,29.76,Clear
17/05/2023,04:30 AM,76.27,96.73,2.09,29.76,Clear
17/05/2023,05:00 AM,76.64,96.73,1.82,29.76,Clear
17/05/2023,05:30 AM,77.27,96.27,1.64,29.77,Clear
17/05/2023,06:00 AM,78.09,95.36,1.91,29.77,Clear
17/05/2023,06:30 AM,79.09,94.00,1.91,29.78,Clear
17/05/2023,07:00 AM,80.27,92.27,1.73,29.78,Clear
17/05/2023,07:30 AM,81.55,90.55,1.91,29.79,Clear
17/05/2023,08:00 AM,83.18,87.55,1.91,29.79,Clear
17/05/2023,08:30 AM,84.64,84.45,2.09,29.80,Clear
17/05/2023,09:00 AM,85.45,82.09,2.55,29.80,Clear
17/05/2023,09:30 AM,86.64,79.82,3.18,29.80,Clear
17/05/2023,10:00 AM,88.27,76.09,3.55,29.80,Clear
17/05/2023,10:30 AM,89.73,72.09,3.82,29.80,Rain
17/05/2023,11:00 AM,90.91,68.55,4.45,29.79,Rain
17/05/2023,11:30 AM,91.91,65.18,4.45,29.78,Clear
17/05/2023,12:00 PM,92.55,62.82,4.82,29.77,Rain
17/05/2023,12:30 PM,92.00,62.36,5.91,29.76,Clear
17/05/2023,01:00 PM,90.73,63.64,6.82,29.75,Clear
17/05/2023,01:30 PM,89.09,66.09,8.00,29.74,Clear
17/05/2023,02:00 PM,87.45,68.64,8.45,29.73,Clear
17/05/2023,02:30 PM,86.64,70.45,8.09,29.72,Clear
17/05/2023,03:00 PM,85.45,72.18,7.64,29.72,Rain
17/05/2023,03:30 PM,83.64,75.36,7.36,29.71,Rain
17/05/2023,04:00 PM,81.64,79.36,7.36,29.71,Rain
17/05/2023,04:30 PM,79.64,83.36,7.18,29.71,Rain
17/05/2023,05:00 PM,77.64,87.64,6.73,29.72,Rain
17/05/2023,05:30 PM,75.82,91.36,6.18,29.72,Rain
17/05/2023,06:00 PM,75.00,93.55,5.36,29.74,Clear
17/05/2023,06:30 PM,74.82,94.00,4.55,29.75,Rain
17/05/2023,07:00 PM,74.82,94.00,3.36,29.75,Clear
17/05/2023,07:30 PM,75.00,94.55,3.00,29.76,Clear
17/05/2023,08:00 PM,75.00,95.09,2.45,29.77,Clear
17/05/2023,08:30 PM,75.00,95.64,2.09,29.78,Clear
17/05/2023,09:00 PM,75.00,96.18,1.82,29.79,Clear
17/05/2023,09:30 PM,75.00,96.73,1.55,29.79,Clear
17/05/2023,10:00 PM,75.00,97.27,1.09,29.80,Clear
17/05/2023,10:30 PM,75.00,97.27,1.09,29.80,Clear
17/05/2023,11:00 PM,75.00,97.27,1.09,29.80,Clear
17/05/2023,11:30 PM,75.00,97.82,0.82,29.80,Clear
18/05/2023,12:00 AM,75.00,98.36,0.55,29.80,Clear
18/05/2023,12:30 AM,75.00,98.36,0.36,29.79,Clear
18/05/2023,01:00 AM,75.00,97.82,0.09,29.79,Clear
18/05/2023,01:30 AM,75.00,97.27,0.09,29.78,Clear
18/05/2023,02:00 AM,75.00,96.73,0.00,29.77,Clear
18/05/2023,02:30 AM,75.00,96.18,0.00,29.77,Clear
18/05/2023,03:00 AM,75.00,96.18,0.00,29.76,Clear
18/05/2023,03:30 AM,75.00,95.64,0.00,29.76,Clear
18/05/2023,04:00 AM,75.00,96.18,0.00,29.76,Clear
18/05/2023,04:30 AM,75.00,96.73,0.18,29.76,Clear
18/05/2023,05:00 AM,75.18,96.73,0.27,29.76,Clear
18/05/2023,05:30 AM,75.73,96.18,0.55,29.77,Clear
18/05/2023,06:00 AM,76.36,96.18,0.73,29.77,Clear
18/05/2023,06:30 AM,77.18,95.73,1.00,29.78,Clear
18/05/2023,07:00 AM,78.36,94.82,1.45,29.79,Clear
18/05/2023,07:30 AM,79.73,93.45,2.00,29.80,Clear
18/05/2023,08:00 AM,81.09,92.09,2.73,29.81,Clear
18/05/2023,08:30 AM,81.73,90.64,4.00,29.81,Clear
18/05/2023,09:00 AM,82.36,89.73,4.73,29.82,Clear
18/05/2023,09:30 AM,83.00,88.27,5.45,29.82,Clear
18/05/2023,10:00 AM,84.18,86.00,6.00,29.82,Clear
18/05/2023,10:30 AM,85.36,83.27,6.82,29.82,Rain
18/05/2023,11:00 AM,86.27,80.45,7.45,29.81,Rain
18/05/2023,11:30 AM,87.09,77.64,8.18,29.81,Rain
18/05/2023,12:00 PM,87.91,74.91,8.55,29.80,Rain
18/05/2023,12:30 PM,88.18,72.64,9.00,29.79,Clear
18/05/2023,01:00 PM,88.27,70.82,9.27,29.77,Clear
18/05/2023,01:30 PM,88.27,69.27,9.64,29.76,Clear
18/05/2023,02:00 PM,89.00,67.27,9.18,29.75,Clear
18/05/2023,02:30 PM,89.73,65.00,9.55,29.74,Clear
18/05/2023,03:00 PM,90.45,63.00,9.55,29.73,Clear
18/05/2023,03:30 PM,90.45,62.18,9.36,29.72,Clear
18/05/2023,04:00 PM,89.91,62.55,8.45,29.71,Clear
18/05/2023,04:30 PM,89.09,64.00,7.55,29.71,Clear
18/05/2023,05:00 PM,88.18,65.91,6.64,29.71,Clear
18/05/2023,05:30 PM,86.91,68.64,6.00,29.71,Clear
18/05/2023,06:00 PM,85.82,71.36,5.09,29.72,Clear
18/05/2023,06:30 PM,84.73,73.55,4.27,29.72,Clear
18/05/2023,07:00 PM,83.55,76.45,3.18,29.73,Clear
18/05/2023,07:30 PM,82.36,79.36,2.36,29.74,Clear
18/05/2023,08:00 PM,81.18,82.55,1.27,29.75,Clear
18/05/2023,08:30 PM,80.00,85.45,0.55,29.75,Clear
18/05/2023,09:00 PM,79.00,88.00,0.00,29.76,Clear
18/05/2023,09:30 PM,78.36,89.82,0.00,29.77,Clear
18/05/2023,10:00 PM,77.91,91.18,0.00,29.77,Clear
18/05/2023,10:30 PM,77.55,92.09,0.00,29.77,Clear
18/05/2023,11:00 PM,77.36,92.55,0.00,29.77,Clear
18/05/2023,11:30 PM,77.18,93.00,0.00,29.77,Clear
19/05/2023,12:00 AM,76.82,94.55,0.00,29.76,Clear
19/05/2023,12:30 AM,76.64,95.09,0.00,29.75,Clear
19/05/2023,01:00 AM,76.45,95.64,0.00,29.75,Clear
19/05/2023,01:30 AM,76.27,95.64,0.00,29.74,Clear
19/05/2023,02:00 AM,76.09,95.64,0.00,29.73,Clear
19/05/2023,02:30 AM,75.91,96.18,0.18,29.72,Clear
19/05/2023,03:00 AM,75.73,96.73,0.18,29.72,Clear
19/05/2023,03:30 AM,75.55,96.73,0.18,29.72,Clear
19/05/2023,04:00 AM,75.55,96.73,0.18,29.72,Clear
19/05/2023,04:30 AM,75.73,97.27,0.18,29.72,Clear
19/05/2023,05:00 AM,76.18,96.82,0.18,29.72,Clear
19/05/2023,05:30 AM,77.00,95.82,0.18,29.72,Clear
19/05/2023,06:00 AM,78.18,94.36,0.36,29.73,Clear
19/05/2023,06:30 AM,79.55,92.09,0.36,29.73,Clear
19/05/2023,07:00 AM,80.91,90.36,0.91,29.74,Clear
19/05/2023,07:30 AM,82.36,87.82,1.55,29.75,Clear
19/05/2023,08:00 AM,83.82,84.73,2.09,29.75,Clear
19/05/2023,08:30 AM,85.45,81.00,2.91,29.75,Clear
19/05/2023,09:00 AM,87.09,77.82,3.73,29.75,Clear
19/05/2023,09:30 AM,88.55,74.36,4.36,29.75,Clear
19/05/2023,10:00 AM,89.64,71.00,5.00,29.75,Clear
19/05/2023,10:30 AM,90.45,68.64,6.09,29.75,Clear
19/05/2023,11:00 AM,90.45,67.73,6.82,29.75,Clear
19/05/2023,11:30 AM,89.82,67.73,7.09,29.75,Clear
19/05/2023,12:00 PM,89.00,69.00,7.36,29.74,Clear
19/05/2023,12:30 PM,88.27,70.27,7.45,29.74,Clear
19/05/2023,01:00 PM,87.64,71.91,7.09,29.72,Rain
19/05/2023,01:30 PM,86.82,74.00,6.64,29.72,Rain
19/05/2023,02:00 PM,85.82,76.73,6.27,29.71,Rain
19/05/2023,02:30 PM,84.82,79.00,5.73,29.70,Rain
19/05/2023,03:00 PM,83.82,82.00,5.55,29.69,Clear
19/05/2023,03:30 PM,83.00,83.91,5.18,29.69,Clear
19/05/2023,04:00 PM,82.09,86.27,4.55,29.68,Clear
19/05/2023,04:30 PM,81.82,87.18,4.36,29.68,Clear
19/05/2023,05:00 PM,81.82,87.64,4.36,29.67,Clear
19/05/2023,05:30 PM,81.82,87.64,4.64,29.67,Clear
19/05/2023,06:00 PM,81.73,87.64,4.55,29.68,Clear
19/05/2023,06:30 PM,81.45,88.09,4.82,29.68,Clear
19/05/2023,07:00 PM,81.18,88.55,5.09,29.69,Clear
19/05/2023,07:30 PM,80.91,89.00,5.18,29.69,Clear
19/05/2023,08:00 PM,80.64,89.91,5.36,29.70,Clear
19/05/2023,08:30 PM,80.36,90.36,5.18,29.71,Clear
19/05/2023,09:00 PM,80.09,91.27,5.09,29.71,Clear
19/05/2023,09:30 PM,79.91,91.73,5.09,29.72,Clear
19/05/2023,10:00 PM,79.73,92.18,5.00,29.72,Clear
19/05/2023,10:30 PM,79.55,92.64,5.00,29.72,Clear
19/05/2023,11:00 PM,79.36,93.09,5.00,29.72,Clear
19/05/2023,11:30 PM,79.18,93.55,5.00,29.72,Clear
20/05/2023,12:00 AM,79.00,94.00,5.00,29.72,Clear
20/05/2023,12:30 AM,79.00,94.00,4.91,29.71,Clear
20/05/2023,01:00 AM,79.00,94.00,4.82,29.71,Clear
20/05/2023,01:30 AM,79.00,94.00,4.64,29.70,Clear
20/05/2023,02:00 AM,79.00,94.00,4.55,29.70,Clear
20/05/2023,02:30 AM,79.00,94.00,4.64,29.69,Clear
20/05/2023,03:00 AM,79.00,94.00,4.27,29.69,Clear
20/05/2023,03:30 AM,79.00,94.00,4.00,29.68,Clear
20/05/2023,04:00 AM,79.00,94.00,4.09,29.68,Clear
20/05/2023,04:30 AM,79.00,94.00,4.27,29.68,Clear
20/05/2023,05:00 AM,79.18,93.55,4.27,29.69,Clear
20/05/2023,05:30 AM,79.64,92.64,4.00,29.69,Clear
20/05/2023,06:00 AM,80.27,91.27,4.00,29.69,Clear
20/05/2023,06:30 AM,81.09,89.55,4.00,29.70,Clear
20/05/2023,07:00 AM,82.09,87.36,4.27,29.71,Clear
20/05/2023,07:30 AM,83.09,85.18,4.91,29.71,Clear
20/05/2023,08:00 AM,84.18,82.64,5.27,29.72,Clear
20/05/2023,08:30 AM,85.27,79.82,6.00,29.72,Clear
20/05/2023,09:00 AM,86.55,76.36,6.55,29.73,Clear
20/05/2023,09:30 AM,87.82,73.18,6.55,29.73,Clear
20/05/2023,10:00 AM,89.09,69.73,6.36,29.72,Clear
20/05/2023,10:30 AM,90.36,66.73,6.45,29.72,Clear
20/05/2023,11:00 AM,91.18,64.45,7.09,29.71,Clear
20/05/2023,11:30 AM,92.00,62.36,7.27,29.71,Clear
20/05/2023,12:00 PM,92.45,60.64,7.55,29.70,Clear
20/05/2023,12:30 PM,92.73,59.36,7.64,29.69,Clear
20/05/2023,01:00 PM,93.00,58.36,7.45,29.68,Clear
20/05/2023,01:30 PM,93.00,57.73,7.55,29.67,Clear
20/05/2023,02:00 PM,93.18,57.09,7.45,29.66,Clear
20/05/2023,02:30 PM,93.00,57.36,7.55,29.65,Clear
20/05/2023,03:00 PM,92.82,57.36,7.82,29.64,Clear
20/05/2023,03:30 PM,92.55,57.91,8.09,29.63,Clear
20/05/2023,04:00 PM,91.91,58.82,8.18,29.63,Rain
20/05/2023,04:30 PM,91.27,59.82,7.91,29.63,Rain
20/05/2023,05:00 PM,90.45,61.09,7.82,29.63,Clear
20/05/2023,05:30 PM,89.64,62.73,7.82,29.64,Clear
20/05/2023,06:00 PM,88.82,64.36,7.82,29.64,Clear
20/05/2023,06:30 PM,88.00,65.73,7.73,29.65,Clear
20/05/2023,07:00 PM,87.18,67.55,7.55,29.66,Clear
20/05/2023,07:30 PM,86.18,70.09,6.82,29.68,Clear
20/05/2023,08:00 PM,85.27,72.82,6.00,29.69,Clear
20/05/2023,08:30 PM,84.36,75.09,5.18,29.69,Clear
20/05/2023,09:00 PM,83.55,77.09,4.36,29.71,Clear
20/05/2023,09:30 PM,82.73,79.18,3.64,29.71,Clear
20/05/2023,10:00 PM,82.09,80.91,3.00,29.72,Clear
20/05/2023,10:30 PM,81.45,83.09,2.45,29.72,Clear
20/05/2023,11:00 PM,81.00,84.91,1.73,29.73,Clear
20/05/2023,11:30 PM,80.55,86.73,1.09,29.73,Clear
21/05/2023,12:00 AM,80.09,88.55,0.55,29.73,Clear
21/05/2023,12:30 AM,79.82,89.91,0.00,29.72,Clear
21/05/2023,01:00 AM,79.55,90.82,0.00,29.72,Clear
21/05/2023,01:30 AM,79.36,91.27,0.00,29.71,Clear
21/05/2023,02:00 AM,79.00,92.73,0.00,29.71,Clear
21/05/2023,02:30 AM,78.64,94.18,0.09,29.70,Clear
21/05/2023,03:00 AM,78.45,94.64,0.18,29.69,Clear
21/05/2023,03:30 AM,78.27,95.09,0.27,29.69,Clear
21/05/2023,04:00 AM,78.09,95.64,0.27,29.69,Clear
21/05/2023,04:30 AM,78.09,95.64,0.55,29.69,Clear
21/05/2023,05:00 AM,78.27,95.64,0.73,29.69,Clear
21/05/2023,05:30 AM,78.55,95.18,1.45,29.70,Clear
21/05/2023,06:00 AM,79.00,94.27,2.27,29.71,Clear
21/05/2023,06:30 AM,79.64,92.91,3.18,29.72,Clear
21/05/2023,07:00 AM,80.27,91.55,4.00,29.73,Clear
21/05/2023,07:30 AM,81.27,89.27,5.09,29.74,Clear
21/05/2023,08:00 AM,82.09,87.36,5.91,29.75,Clear
21/05/2023,08:30 AM,82.91,85.55,6.64,29.76,Clear
21/05/2023,09:00 AM,83.55,83.73,7.91,29.77,Clear
21/05/2023,09:30 AM,84.36,81.00,9.18,29.77,Clear
21/05/2023,10:00 AM,85.18,78.82,9.82,29.77,Clear
21/05/2023,10:30 AM,86.09,76.00,10.45,29.77,Clear
21/05/2023,11:00 AM,86.91,73.27,10.55,29.77,Clear
21/05/2023,11:30 AM,87.55,70.64,10.91,29.76,Rain
21/05/2023,12:00 PM,87.91,68.82,11.18,29.75,Clear
21/05/2023,12:30 PM,88.36,66.36,11.27,29.74,Clear
21/05/2023,01:00 PM,88.55,64.91,11.09,29.73,Clear
21/05/2023,01:30 PM,88.91,63.09,11.27,29.72,Clear
21/05/2023,02:00 PM,89.27,62.00,11.36,29.71,Clear
21/05/2023,02:30 PM,89.82,60.64,10.73,29.70,Clear
21/05/2023,03:00 PM,90.18,59.64,10.18,29.69,Clear
21/05/2023,03:30 PM,90.18,58.91,10.09,29.68,Clear
21/05/2023,04:00 PM,89.73,59.18,9.82,29.68,Clear
21/05/2023,04:30 PM,89.27,59.82,9.73,29.68,Clear
21/05/2023,05:00 PM,88.64,61.18,9.18,29.68,Clear
21/05/2023,05:30 PM,88.09,62.55,8.64,29.69,Clear
21/05/2023,06:00 PM,87.27,65.00,8.45,29.69,Clear
21/05/2023,06:30 PM,86.55,66.82,8.27,29.70,Clear
21/05/2023,07:00 PM,85.82,68.64,7.64,29.71,Clear
21/05/2023,07:30 PM,85.00,70.64,7.18,29.72,Clear
21/05/2023,08:00 PM,84.18,72.91,6.91,29.72,Clear
21/05/2023,08:30 PM,83.36,75.18,6.64,29.74,Clear
21/05/2023,09:00 PM,82.55,77.64,6.27,29.74,Clear
21/05/2023,09:30 PM,81.91,79.73,6.18,29.75,Clear
21/05/2023,10:00 PM,81.27,81.82,5.73,29.75,Clear
21/05/2023,10:30 PM,80.82,83.55,5.55,29.76,Clear
21/05/2023,11:00 PM,80.36,84.91,5.36,29.76,Clear
21/05/2023,11:30 PM,80.09,85.82,4.91,29.76,Clear
22/05/2023,12:00 AM,79.82,86.73,4.45,29.75,Clear
22/05/2023,12:30 AM,79.55,87.64,4.18,29.75,Clear
22/05/2023,01:00 AM,79.18,88.55,3.73,29.75,Clear
22/05/2023,01:30 AM,78.82,89.45,3.27,29.75,Clear
22/05/2023,02:00 AM,78.45,90.36,3.00,29.74,Clear
22/05/2023,02:30 AM,78.45,90.36,3.09,29.74,Clear
22/05/2023,03:00 AM,78.45,90.36,3.09,29.74,Clear
22/05/2023,03:30 AM,78.45,90.36,3.36,29.73,Clear
22/05/2023,04:00 AM,78.45,90.36,3.36,29.73,Clear
22/05/2023,04:30 AM,78.45,90.36,3.55,29.74,Clear
22/05/2023,05:00 AM,78.64,89.91,3.91,29.74,Clear
22/05/2023,05:30 AM,78.91,89.45,4.09,29.74,Clear
22/05/2023,06:00 AM,79.36,88.55,4.36,29.75,Clear
22/05/2023,06:30 AM,80.00,87.18,4.91,29.75,Clear
22/05/2023,07:00 AM,80.82,85.36,5.45,29.76,Clear
22/05/2023,07:30 AM,81.64,83.55,6.09,29.76,Clear
22/05/2023,08:00 AM,82.45,82.27,6.45,29.77,Clear
22/05/2023,08:30 AM,83.27,80.55,7.09,29.77,Clear
22/05/2023,09:00 AM,84.27,78.82,7.45,29.78,Clear
22/05/2023,09:30 AM,85.09,77.09,8.36,29.78,Clear
22/05/2023,10:00 AM,85.73,75.36,8.82,29.78,Clear
22/05/2023,10:30 AM,86.18,73.73,9.09,29.79,Clear
22/05/2023,11:00 AM,86.36,72.45,9.45,29.79,Clear
22/05/2023,11:30 AM,86.36,72.00,9.82,29.78,Clear
22/05/2023,12:00 PM,86.55,71.18,10.18,29.78,Clear
22/05/2023,12:30 PM,86.55,70.82,10.55,29.77,Rain
22/05/2023,01:00 PM,86.73,70.09,10.45,29.76,Clear
22/05/2023,01:30 PM,86.91,68.91,10.27,29.75,Clear
22/05/2023,02:00 PM,86.91,68.55,9.91,29.74,Rain
22/05/2023,02:30 PM,86.55,68.55,9.73,29.74,Clear
22/05/2023,03:00 PM,86.36,68.55,9.00,29.73,Clear
22/05/2023,03:30 PM,86.36,68.55,8.45,29.72,Clear
22/05/2023,04:00 PM,86.18,69.27,8.00,29.72,Clear
22/05/2023,04:30 PM,86.00,70.09,7.73,29.71,Clear
22/05/2023,05:00 PM,85.82,70.09,7.36,29.72,Clear
22/05/2023,05:30 PM,85.36,70.91,6.73,29.72,Clear
22/05/2023,06:00 PM,84.73,72.09,6.09,29.73,Clear
22/05/2023,06:30 PM,83.91,73.64,5.82,29.74,Clear
22/05/2023,07:00 PM,82.91,75.55,5.64,29.74,Clear
22/05/2023,07:30 PM,81.91,77.64,5.45,29.75,Clear
22/05/2023,08:00 PM,81.09,79.36,4.91,29.76,Clear
22/05/2023,08:30 PM,80.27,81.09,4.55,29.77,Clear
22/05/2023,09:00 PM,79.27,83.27,4.27,29.78,Clear
22/05/2023,09:30 PM,78.45,85.09,4.09,29.78,Clear
22/05/2023,10:00 PM,77.82,86.45,3.73,29.79,Clear
22/05/2023,10:30 PM,77.18,88.27,3.45,29.79,Clear
22/05/2023,11:00 PM,76.64,89.64,3.18,29.79,Clear
22/05/2023,11:30 PM,76.27,90.64,3.09,29.79,Clear
23/05/2023,12:00 AM,75.73,92.18,2.64,29.78,Clear
23/05/2023,12:30 AM,75.18,93.73,2.09,29.78,Clear
23/05/2023,01:00 AM,75.00,94.18,1.64,29.77,Clear
23/05/2023,01:30 AM,74.82,94.64,1.64,29.76,Clear
23/05/2023,02:00 AM,74.64,95.09,1.55,29.76,Clear
23/05/2023,02:30 AM,74.64,95.09,1.45,29.75,Clear
23/05/2023,03:00 AM,74.64,95.09,1.45,29.75,Clear
23/05/2023,03:30 AM,74.64,95.09,1.73,29.75,Clear
23/05/2023,04:00 AM,74.64,95.09,2.00,29.75,Clear
23/05/2023,04:30 AM,74.82,95.09,2.45,29.75,Clear
23/05/2023,05:00 AM,75.36,94.64,2.82,29.75,Clear
23/05/2023,05:30 AM,76.18,93.64,3.36,29.75,Clear
23/05/2023,06:00 AM,77.18,92.18,4.00,29.76,Clear
23/05/2023,06:30 AM,78.18,91.27,4.45,29.77,Clear
23/05/2023,07:00 AM,79.36,89.91,4.73,29.77,Clear
23/05/2023,07:30 AM,80.73,88.18,5.09,29.78,Clear
23/05/2023,08:00 AM,82.09,86.45,5.55,29.78,Clear
23/05/2023,08:30 AM,83.45,84.73,5.91,29.78,Clear
23/05/2023,09:00 AM,84.91,82.64,6.09,29.78,Clear
23/05/2023,09:30 AM,86.36,79.82,6.27,29.78,Clear
23/05/2023,10:00 AM,88.00,76.64,6.55,29.78,Clear
23/05/2023,10:30 AM,89.09,73.64,6.82,29.77,Clear
23/05/2023,11:00 AM,90.09,70.91,7.09,29.77,Clear
23/05/2023,11:30 AM,90.73,69.00,7.55,29.76,Clear
23/05/2023,12:00 PM,91.36,66.73,7.91,29.75,Clear
23/05/2023,12:30 PM,92.00,64.64,8.36,29.74,Clear
23/05/2023,01:00 PM,92.45,62.91,8.91,29.73,Clear
23/05/2023,01:30 PM,92.73,61.45,9.09,29.72,Clear
23/05/2023,02:00 PM,93.00,60.00,9.55,29.71,Clear
23/05/2023,02:30 PM,93.00,59.27,10.00,29.70,Clear
23/05/2023,03:00 PM,92.91,59.18,10.55,29.69,Clear
23/05/2023,03:30 PM,92.45,59.45,10.73,29.69,Clear
23/05/2023,04:00 PM,92.00,60.36,10.73,29.68,Clear
23/05/2023,04:30 PM,91.36,61.36,10.45,29.68,Clear
23/05/2023,05:00 PM,90.73,62.36,9.91,29.68,Clear
23/05/2023,05:30 PM,89.73,64.18,9.55,29.68,Clear
23/05/2023,06:00 PM,88.55,66.27,9.18,29.68,Clear
23/05/2023,06:30 PM,87.36,68.36,8.55,29.69,Clear
23/05/2023,07:00 PM,86.27,70.64,8.18,29.69,Clear
23/05/2023,07:30 PM,85.00,73.36,7.36,29.70,Clear
23/05/2023,08:00 PM,83.91,75.73,6.55,29.71,Clear
23/05/2023,08:30 PM,82.91,78.18,5.36,29.72,Clear
23/05/2023,09:00 PM,81.91,80.64,4.64,29.73,Clear
23/05/2023,09:30 PM,80.91,83.18,4.27,29.74,Clear
23/05/2023,10:00 PM,80.09,85.36,4.18,29.74,Clear
23/05/2023,10:30 PM,79.45,87.18,3.91,29.74,Clear
23/05/2023,11:00 PM,79.00,88.55,3.55,29.75,Clear
23/05/2023,11:30 PM,78.55,89.91,3.27,29.75,Clear
24/05/2023,12:00 AM,78.09,91.27,3.09,29.75,Clear
24/05/2023,12:30 AM,77.73,92.18,2.82,29.75,Clear
24/05/2023,01:00 AM,77.55,92.64,2.73,29.74,Clear
24/05/2023,01:30 AM,77.36,93.09,2.45,29.74,Clear
24/05/2023,02:00 AM,77.18,93.55,2.45,29.73,Clear
24/05/2023,02:30 AM,77.00,94.00,2.45,29.73,Clear
24/05/2023,03:00 AM,77.00,94.00,2.45,29.72,Clear
24/05/2023,03:30 AM,77.00,94.00,2.45,29.72,Clear
24/05/2023,04:00 AM,77.00,94.00,2.45,29.72,Clear
24/05/2023,04:30 AM,77.00,94.55,2.73,29.72,Clear
24/05/2023,05:00 AM,77.18,94.55,2.64,29.72,Clear
24/05/2023,05:30 AM,77.55,94.55,2.82,29.72,Clear
24/05/2023,06:00 AM,78.00,94.55,3.09,29.73,Clear
24/05/2023,06:30 AM,78.82,93.64,3.55,29.73,Clear
24/05/2023,07:00 AM,79.82,92.73,4.18,29.74,Clear
24/05/2023,07:30 AM,81.00,91.00,4.73,29.75,Clear
24/05/2023,08:00 AM,82.18,88.82,5.36,29.76,Clear
24/05/2023,08:30 AM,83.45,86.27,5.73,29.77,Clear
24/05/2023,09:00 AM,84.91,83.09,6.00,29.77,Clear
24/05/2023,09:30 AM,86.36,79.91,6.55,29.77,Clear
24/05/2023,10:00 AM,87.82,75.91,7.00,29.77,Clear
24/05/2023,10:30 AM,89.09,72.45,7.73,29.77,Clear
24/05/2023,11:00 AM,90.18,69.00,8.36,29.77,Clear
24/05/2023,11:30 AM,91.18,65.55,8.82,29.76,Clear
24/05/2023,12:00 PM,92.00,62.73,8.91,29.75,Clear
24/05/2023,12:30 PM,92.64,59.55,9.55,29.74,Clear
24/05/2023,01:00 PM,92.91,57.82,10.09,29.73,Clear
24/05/2023,01:30 PM,93.18,56.82,10.45,29.72,Clear
24/05/2023,02:00 PM,93.18,56.55,10.55,29.71,Clear
24/05/2023,02:30 PM,93.00,56.91,10.91,29.69,Clear
24/05/2023,03:00 PM,92.82,57.27,11.00,29.69,Clear
24/05/2023,03:30 PM,92.55,57.82,11.00,29.68,Clear
24/05/2023,04:00 PM,92.09,58.73,10.82,29.67,Clear
24/05/2023,04:30 PM,91.45,60.00,10.55,29.67,Clear
24/05/2023,05:00 PM,90.64,61.64,10.27,29.67,Clear
24/05/2023,05:30 PM,89.64,63.55,10.09,29.68,Clear
24/05/2023,06:00 PM,88.45,66.27,9.09,29.68,Clear
24/05/2023,06:30 PM,87.45,68.82,8.18,29.69,Clear
24/05/2023,07:00 PM,86.45,71.09,7.45,29.70,Clear
24/05/2023,07:30 PM,85.55,73.45,7.00,29.71,Clear
24/05/2023,08:00 PM,84.64,75.82,6.18,29.72,Clear
24/05/2023,08:30 PM,83.73,77.73,5.73,29.72,Clear
24/05/2023,09:00 PM,82.73,80.64,5.27,29.73,Clear
24/05/2023,09:30 PM,81.91,82.73,5.00,29.74,Clear
24/05/2023,10:00 PM,81.27,84.45,4.64,29.75,Clear
24/05/2023,10:30 PM,80.82,85.82,4.18,29.75,Clear
24/05/2023,11:00 PM,80.36,87.18,3.82,29.75,Clear
24/05/2023,11:30 PM,79.91,88.55,3.55,29.75,Clear
25/05/2023,12:00 AM,79.45,89.45,3.36,29.75,Clear
25/05/2023,12:30 AM,79.00,90.36,2.91,29.75,Clear
25/05/2023,01:00 AM,78.64,90.82,2.45,29.75,Clear
25/05/2023,01:30 AM,78.09,91.82,2.18,29.75,Clear
25/05/2023,02:00 AM,77.55,93.27,1.91,29.74,Clear
25/05/2023,02:30 AM,77.18,93.82,1.64,29.74,Clear
25/05/2023,03:00 AM,76.82,94.27,1.45,29.74,Clear
25/05/2023,03:30 AM,76.45,95.27,1.45,29.74,Clear
25/05/2023,04:00 AM,76.09,96.27,1.73,29.73,Clear
25/05/2023,04:30 AM,75.91,97.27,2.00,29.73,Clear
25/05/2023,05:00 AM,76.27,97.27,2.27,29.73,Clear
25/05/2023,05:30 AM,76.91,96.82,2.73,29.74,Clear
25/05/2023,06:00 AM,77.55,96.36,3.00,29.74,Clear
25/05/2023,06:30 AM,78.55,95.00,3.73,29.74,Clear
25/05/2023,07:00 AM,79.91,92.73,4.45,29.75,Clear
25/05/2023,07:30 AM,81.36,90.09,5.00,29.75,Clear
25/05/2023,08:00 AM,82.82,87.00,5.64,29.76,Clear
25/05/2023,08:30 AM,84.45,83.82,6.09,29.76,Clear
25/05/2023,09:00 AM,86.27,79.82,6.55,29.77,Clear
25/05/2023,09:30 AM,87.91,76.09,7.00,29.77,Clear
25/05/2023,10:00 AM,89.36,72.36,7.64,29.77,Clear
25/05/2023,10:30 AM,90.45,69.18,8.18,29.77,Clear
25/05/2023,11:00 AM,91.45,66.18,8.64,29.76,Clear
25/05/2023,11:30 AM,92.45,63.18,9.45,29.75,Clear
25/05/2023,12:00 PM,92.91,61.36,9.82,29.74,Clear
25/05/2023,12:30 PM,93.20,60.00,10.00,29.74,Clear
25/05/2023,01:00 PM,93.40,58.80,10.60,29.73,Clear
25/05/2023,01:30 PM,93.60,58.10,11.10,29.71,Clear
25/05/2023,02:00 PM,93.40,57.70,11.60,29.71,Clear
25/05/2023,02:30 PM,92.90,58.00,11.90,29.70,Clear
25/05/2023,03:00 PM,92.60,58.30,11.70,29.69,Clear
25/05/2023,03:30 PM,92.10,59.00,11.20,29.68,Rain
25/05/2023,04:00 PM,91.40,60.10,11.10,29.68,Rain
25/05/2023,04:30 PM,90.50,61.50,10.80,29.68,Clear
25/05/2023,05:00 PM,89.60,62.90,10.30,29.68,Clear
25/05/2023,05:30 PM,88.70,64.40,9.70,29.68,Clear
25/05/2023,06:00 PM,88.27,65.27,9.36,29.68,Clear
25/05/2023,06:30 PM,87.27,67.09,8.55,29.69,Clear
25/05/2023,07:00 PM,86.27,68.91,7.55,29.70,Clear
25/05/2023,07:30 PM,85.36,71.55,6.64,29.71,Clear
25/05/2023,08:00 PM,84.55,73.82,5.73,29.72,Clear
25/05/2023,08:30 PM,83.73,76.27,5.27,29.73,Clear
25/05/2023,09:00 PM,83.09,77.91,5.09,29.74,Clear
25/05/2023,09:30 PM,82.45,79.64,4.64,29.74,Clear
25/05/2023,10:00 PM,81.82,81.36,4.18,29.75,Clear
25/05/2023,10:30 PM,81.18,83.55,3.82,29.75,Clear
25/05/2023,11:00 PM,80.73,85.36,3.55,29.76,Clear
25/05/2023,11:30 PM,80.27,86.73,3.18,29.76,Clear
26/05/2023,12:00 AM,80.00,87.64,2.73,29.75,Clear
26/05/2023,12:30 AM,79.55,89.00,2.45,29.75,Clear
26/05/2023,01:00 AM,79.18,89.91,2.18,29.75,Clear
26/05/2023,01:30 AM,78.82,90.82,1.91,29.74,Clear
26/05/2023,02:00 AM,78.45,91.27,1.64,29.73,Clear
26/05/2023,02:30 AM,78.09,92.18,1.27,29.73,Clear
26/05/2023,03:00 AM,77.91,92.64,1.00,29.72,Clear
26/05/2023,03:30 AM,77.73,93.09,0.82,29.72,Clear
26/05/2023,04:00 AM,77.55,93.09,0.55,29.72,Clear
26/05/2023,04:30 AM,77.55,93.09,0.55,29.72,Clear
26/05/2023,05:00 AM,77.55,93.55,0.64,29.72,Clear
26/05/2023,05:30 AM,77.82,93.55,0.91,29.72,Clear
26/05/2023,06:00 AM,78.45,93.09,1.09,29.72,Clear
26/05/2023,06:30 AM,79.45,91.73,1.09,29.73,Clear
26/05/2023,07:00 AM,80.64,90.00,1.36,29.74,Clear
26/05/2023,07:30 AM,81.91,87.91,1.55,29.74,Clear
26/05/2023,08:00 AM,83.18,85.36,1.64,29.75,Clear
26/05/2023,08:30 AM,84.64,82.55,1.82,29.75,Clear
26/05/2023,09:00 AM,85.91,80.00,2.00,29.75,Clear
26/05/2023,09:30 AM,87.18,77.18,2.27,29.76,Clear
26/05/2023,10:00 AM,87.82,75.00,2.64,29.76,Clear
26/05/2023,10:30 AM,87.82,74.00,2.55,29.76,Clear
26/05/2023,11:00 AM,87.73,73.55,2.82,29.76,Clear
26/05/2023,11:30 AM,87.55,73.09,2.91,29.75,Clear
26/05/2023,12:00 PM,87.36,73.09,3.36,29.75,Rain
26/05/2023,12:30 PM,87.00,73.45,3.36,29.74,Rain
26/05/2023,01:00 PM,86.55,74.18,3.73,29.74,Rain
26/05/2023,01:30 PM,86.09,75.36,4.36,29.73,Clear
26/05/2023,02:00 PM,85.45,76.82,5.00,29.72,Clear
26/05/2023,02:30 PM,84.82,78.00,5.64,29.71,Clear
26/05/2023,03:00 PM,84.18,79.45,6.09,29.70,Clear
26/05/2023,03:30 PM,83.73,81.18,6.09,29.70,Clear
26/05/2023,04:00 PM,83.73,82.18,6.73,29.69,Clear
26/05/2023,04:30 PM,83.73,82.64,6.73,29.69,Clear
26/05/2023,05:00 PM,83.45,83.55,7.00,29.70,Clear
26/05/2023,05:30 PM,82.82,84.91,6.55,29.70,Rain
26/05/2023,06:00 PM,82.18,86.27,6.27,29.70,Rain
26/05/2023,06:30 PM,81.55,87.64,6.18,29.71,Rain
26/05/2023,07:00 PM,80.91,88.55,6.00,29.72,Rain
26/05/2023,07:30 PM,80.27,89.45,5.82,29.72,Clear
26/05/2023,08:00 PM,79.64,90.82,5.55,29.74,Clear
26/05/2023,08:30 PM,79.18,92.18,5.36,29.75,Clear
26/05/2023,09:00 PM,79.00,92.64,5.18,29.75,Clear
26/05/2023,09:30 PM,79.00,92.18,4.82,29.76,Clear
26/05/2023,10:00 PM,78.82,92.18,4.73,29.76,Clear
26/05/2023,10:30 PM,78.82,91.73,4.82,29.76,Clear
26/05/2023,11:00 PM,78.82,91.27,5.36,29.76,Clear
26/05/2023,11:30 PM,78.82,90.82,5.82,29.76,Clear
27/05/2023,12:00 AM,78.82,90.82,5.82,29.76,Clear
27/05/2023,12:30 AM,78.82,90.82,5.82,29.75,Clear
27/05/2023,01:00 AM,78.82,90.82,5.73,29.75,Clear
27/05/2023,01:30 AM,79.00,90.36,5.73,29.74,Clear
27/05/2023,02:00 AM,79.00,89.91,5.82,29.73,Clear
27/05/2023,02:30 AM,79.00,89.45,6.00,29.72,Clear
27/05/2023,03:00 AM,79.00,89.45,6.00,29.71,Clear
27/05/2023,03:30 AM,79.00,89.45,6.09,29.70,Clear
27/05/2023,04:00 AM,79.00,89.45,6.09,29.69,Clear
27/05/2023,04:30 AM,79.18,89.00,6.09,29.69,Clear
27/05/2023,05:00 AM,79.36,89.00,6.09,29.69,Clear
27/05/2023,05:30 AM,79.64,88.09,6.18,29.69,Clear
27/05/2023,06:00 AM,80.09,87.18,6.09,29.69,Clear
27/05/2023,06:30 AM,80.55,86.27,6.18,29.69,Clear
27/05/2023,07:00 AM,81.00,85.36,6.18,29.70,Clear
27/05/2023,07:30 AM,81.64,83.64,6.36,29.70,Clear
27/05/2023,08:00 AM,82.45,81.55,6.82,29.71,Clear
27/05/2023,08:30 AM,83.45,79.09,7.55,29.71,Clear
27/05/2023,09:00 AM,84.45,76.64,8.27,29.72,Clear
27/05/2023,09:30 AM,84.91,75.27,8.18,29.72,Clear
27/05/2023,10:00 AM,85.55,73.64,8.36,29.72,Clear
27/05/2023,10:30 AM,86.36,71.18,9.27,29.71,Clear
27/05/2023,11:00 AM,86.91,69.55,10.09,29.71,Clear
27/05/2023,11:30 AM,86.91,69.09,10.45,29.70,Clear
27/05/2023,12:00 PM,87.27,67.91,10.64,29.69,Rain
27/05/2023,12:30 PM,87.82,66.36,10.91,29.68,Clear
27/05/2023,01:00 PM,88.18,65.64,10.82,29.67,Clear
27/05/2023,01:30 PM,88.45,64.64,10.64,29.66,Clear
27/05/2023,02:00 PM,88.45,64.36,10.36,29.65,Clear
27/05/2023,02:30 PM,88.45,64.09,10.18,29.64,Clear
27/05/2023,03:00 PM,89.00,62.73,10.45,29.63,Clear
27/05/2023,03:30 PM,89.00,62.36,10.45,29.63,Clear
27/05/2023,04:00 PM,88.64,62.73,9.73,29.62,Clear
27/05/2023,04:30 PM,88.45,63.09,8.82,29.62,Clear
27/05/2023,05:00 PM,88.45,63.09,8.64,29.62,Clear
27/05/2023,05:30 PM,88.09,63.45,8.45,29.62,Clear
27/05/2023,06:00 PM,87.36,64.55,8.09,29.62,Clear
27/05/2023,06:30 PM,86.64,66.09,7.36,29.63,Clear
27/05/2023,07:00 PM,85.82,68.27,6.64,29.64,Clear
27/05/2023,07:30 PM,85.09,70.09,5.91,29.65,Clear
27/05/2023,08:00 PM,84.36,71.91,5.09,29.65,Clear
27/05/2023,08:30 PM,83.55,74.18,4.27,29.66,Clear
27/05/2023,09:00 PM,82.91,76.18,3.55,29.67,Clear
27/05/2023,09:30 PM,82.45,77.82,3.09,29.68,Clear
27/05/2023,10:00 PM,82.00,79.09,2.64,29.68,Clear
27/05/2023,10:30 PM,81.73,80.45,2.18,29.68,Clear
27/05/2023,11:00 PM,81.45,81.73,1.82,29.68,Clear
27/05/2023,11:30 PM,81.36,82.64,1.55,29.68,Clear
28/05/2023,12:00 AM,81.27,82.64,2.00,29.68,Clear
28/05/2023,12:30 AM,81.00,83.55,2.36,29.67,Clear
28/05/2023,01:00 AM,80.55,85.45,2.45,29.66,Clear
28/05/2023,01:30 AM,80.09,87.36,2.36,29.66,Clear
28/05/2023,02:00 AM,79.73,88.82,2.82,29.65,Clear
28/05/2023,02:30 AM,79.55,89.73,2.82,29.65,Clear
28/05/2023,03:00 AM,79.36,90.64,2.91,29.65,Rain
28/05/2023,03:30 AM,79.00,92.09,3.36,29.65,Rain
28/05/2023,04:00 AM,78.82,92.55,3.64,29.65,Clear
28/05/2023,04:30 AM,78.64,93.45,3.82,29.65,Clear
28/05/2023,05:00 AM,78.45,94.36,4.18,29.65,Clear
28/05/2023,05:30 AM,78.45,95.27,4.27,29.65,Clear
28/05/2023,06:00 AM,78.73,94.82,4.18,29.66,Clear
28/05/2023,06:30 AM,79.55,93.36,4.45,29.66,Clear
28/05/2023,07:00 AM,80.36,91.00,4.91,29.66,Clear
28/05/2023,07:30 AM,81.36,88.73,5.18,29.67,Clear
28/05/2023,08:00 AM,82.18,86.55,5.82,29.67,Clear
28/05/2023,08:30 AM,83.18,84.00,6.36,29.67,Clear
28/05/2023,09:00 AM,84.18,80.91,7.18,29.67,Clear
28/05/2023,09:30 AM,85.18,78.00,7.45,29.67,Clear
28/05/2023,10:00 AM,85.45,76.18,8.91,29.67,Clear
28/05/2023,10:30 AM,85.64,75.73,9.00,29.67,Clear
28/05/2023,11:00 AM,85.64,75.73,9.00,29.67,Clear
28/05/2023,11:30 AM,85.55,76.18,8.73,29.67,Clear
28/05/2023,12:00 PM,85.09,76.64,8.64,29.66,Rain
28/05/2023,12:30 PM,84.64,78.00,8.45,29.66,Rain
28/05/2023,01:00 PM,84.09,78.82,8.18,29.65,Rain
28/05/2023,01:30 PM,83.55,79.18,8.00,29.65,Rain
28/05/2023,02:00 PM,83.00,79.91,7.73,29.64,Clear
28/05/2023,02:30 PM,82.64,80.64,6.73,29.64,Clear
28/05/2023,03:00 PM,81.91,82.18,6.09,29.63,Clear
28/05/2023,03:30 PM,81.91,83.09,4.36,29.63,Clear
28/05/2023,04:00 PM,82.00,82.64,3.91,29.63,Clear
28/05/2023,04:30 PM,82.09,82.18,3.55,29.63,Clear
28/05/2023,05:00 PM,82.18,81.27,3.82,29.63,Clear
28/05/2023,05:30 PM,82.27,80.36,3.82,29.63,Clear
28/05/2023,06:00 PM,82.27,79.91,3.82,29.64,Clear
28/05/2023,06:30 PM,82.18,79.91,3.91,29.64,Clear
28/05/2023,07:00 PM,82.18,80.36,4.18,29.65,Clear
28/05/2023,07:30 PM,82.00,80.82,3.91,29.66,Clear
28/05/2023,08:00 PM,81.82,81.27,3.91,29.66,Clear
28/05/2023,08:30 PM,81.73,81.73,4.00,29.67,Clear
28/05/2023,09:00 PM,81.64,81.73,4.27,29.68,Clear
28/05/2023,09:30 PM,81.36,82.18,4.27,29.68,Clear
28/05/2023,10:00 PM,81.27,82.18,4.64,29.69,Clear
28/05/2023,10:30 PM,81.00,83.09,4.18,29.69,Clear
28/05/2023,11:00 PM,80.73,84.00,3.73,29.69,Clear
28/05/2023,11:30 PM,80.55,84.45,3.27,29.69,Clear
29/05/2023,12:00 AM,80.36,84.91,2.73,29.69,Clear
29/05/2023,12:30 AM,79.91,86.27,2.27,29.69,Clear
29/05/2023,01:00 AM,79.45,87.64,2.00,29.68,Clear
29/05/2023,01:30 AM,79.00,89.00,2.00,29.68,Clear
29/05/2023,02:00 AM,78.64,89.91,2.00,29.67,Clear
29/05/2023,02:30 AM,78.27,90.82,1.82,29.66,Clear
29/05/2023,03:00 AM,78.09,91.27,1.82,29.66,Clear
29/05/2023,03:30 AM,77.73,92.18,1.27,29.66,Clear
29/05/2023,04:00 AM,77.55,92.64,1.27,29.65,Clear
29/05/2023,04:30 AM,77.55,92.64,1.45,29.66,Clear
29/05/2023,05:00 AM,77.73,92.64,1.91,29.66,Clear
29/05/2023,05:30 AM,78.00,92.18,2.36,29.66,Clear
29/05/2023,06:00 AM,78.64,90.82,2.55,29.67,Clear
29/05/2023,06:30 AM,79.27,89.00,3.09,29.68,Clear
29/05/2023,07:00 AM,80.27,86.82,3.00,29.69,Clear
29/05/2023,07:30 AM,81.45,83.91,3.18,29.69,Clear
29/05/2023,08:00 AM,82.64,81.00,3.45,29.70,Clear
29/05/2023,08:30 AM,83.91,77.82,3.82,29.70,Clear
29/05/2023,09:00 AM,85.18,74.64,4.73,29.71,Clear
29/05/2023,09:30 AM,86.36,71.73,5.64,29.71,Clear
29/05/2023,10:00 AM,87.64,68.73,6.64,29.71,Clear
29/05/2023,10:30 AM,88.55,65.64,7.45,29.70,Clear
29/05/2023,11:00 AM,89.55,62.73,7.91,29.70,Clear
29/05/2023,11:30 AM,90.18,60.55,8.73,29.69,Clear
29/05/2023,12:00 PM,90.82,58.82,9.55,29.68,Clear
29/05/2023,12:30 PM,91.09,57.82,10.45,29.68,Clear
29/05/2023,01:00 PM,91.18,57.18,11.27,29.67,Clear
29/05/2023,01:30 PM,91.27,56.55,12.09,29.66,Clear
29/05/2023,02:00 PM,91.18,56.55,12.73,29.66,Clear
29/05/2023,02:30 PM,91.09,56.18,13.09,29.65,Rain
29/05/2023,03:00 PM,90.91,55.82,13.45,29.65,Clear
29/05/2023,03:30 PM,90.45,56.36,12.82,29.65,Clear
29/05/2023,04:00 PM,90.00,57.36,12.18,29.65,Clear
29/05/2023,04:30 PM,89.36,58.64,12.00,29.65,Clear
29/05/2023,05:00 PM,88.73,60.36,11.45,29.66,Clear
29/05/2023,05:30 PM,88.09,61.73,10.82,29.66,Clear
29/05/2023,06:00 PM,87.45,62.73,10.64,29.67,Clear
29/05/2023,06:30 PM,86.82,64.09,9.91,29.67,Clear
29/05/2023,07:00 PM,86.00,65.82,9.09,29.68,Clear
29/05/2023,07:30 PM,85.27,67.18,8.36,29.69,Clear
29/05/2023,08:00 PM,84.55,69.36,7.64,29.69,Clear
29/05/2023,08:30 PM,83.91,71.73,6.91,29.70,Clear
29/05/2023,09:00 PM,83.27,73.73,6.82,29.71,Clear
29/05/2023,09:30 PM,82.82,75.36,6.36,29.71,Clear
29/05/2023,10:00 PM,82.18,77.45,5.91,29.71,Clear
29/05/2023,10:30 PM,81.91,78.36,5.64,29.71,Clear
29/05/2023,11:00 PM,81.64,79.64,5.36,29.71,Clear
29/05/2023,11:30 PM,81.36,80.91,4.91,29.71,Clear
30/05/2023,12:00 AM,81.09,82.18,4.82,29.71,Clear
30/05/2023,12:30 AM,81.00,83.09,4.82,29.71,Clear
30/05/2023,01:00 AM,80.91,84.00,4.82,29.70,Clear
30/05/2023,01:30 AM,80.82,84.45,4.55,29.69,Clear
30/05/2023,02:00 AM,80.82,84.45,4.27,29.69,Clear
30/05/2023,02:30 AM,80.82,84.45,4.09,29.68,Clear
30/05/2023,03:00 AM,80.82,84.45,4.36,29.68,Clear
30/05/2023,03:30 AM,80.82,84.45,4.55,29.68,Clear
30/05/2023,04:00 AM,80.64,84.91,4.55,29.67,Clear
30/05/2023,04:30 AM,80.73,84.45,4.55,29.67,Clear
30/05/2023,05:00 AM,81.00,84.00,4.36,29.67,Clear
30/05/2023,05:30 AM,81.27,83.55,4.45,29.68,Clear
30/05/2023,06:00 AM,81.73,82.64,4.36,29.68,Clear
30/05/2023,06:30 AM,81.55,83.09,5.18,29.68,Clear
30/05/2023,07:00 AM,81.82,83.09,5.64,29.69,Clear
30/05/2023,07:30 AM,82.45,81.82,6.45,29.69,Clear
30/05/2023,08:00 AM,83.09,80.55,7.45,29.70,Clear
30/05/2023,08:30 AM,83.91,78.55,8.45,29.71,Clear
30/05/2023,09:00 AM,85.00,75.82,9.27,29.71,Rain
30/05/2023,09:30 AM,86.09,72.73,10.09,29.71,Clear
30/05/2023,10:00 AM,87.09,70.64,10.91,29.71,Clear
30/05/2023,10:30 AM,87.91,68.55,11.82,29.71,Clear
30/05/2023,11:00 AM,88.09,67.73,12.45,29.71,Clear
30/05/2023,11:30 AM,88.09,67.73,12.82,29.70,Clear
30/05/2023,12:00 PM,88.91,66.00,12.64,29.69,Clear
30/05/2023,12:30 PM,89.09,65.09,12.36,29.68,Rain
30/05/2023,01:00 PM,88.91,65.45,11.82,29.68,Rain
30/05/2023,01:30 PM,88.73,65.45,11.36,29.67,Rain
30/05/2023,02:00 PM,88.36,66.18,10.55,29.66,Rain
30/05/2023,02:30 PM,87.73,68.00,9.82,29.66,Clear
30/05/2023,03:00 PM,87.27,69.73,9.00,29.65,Rain
30/05/2023,03:30 PM,86.64,71.36,8.00,29.65,Rain
30/05/2023,04:00 PM,85.82,73.00,7.36,29.65,Clear
30/05/2023,04:30 PM,85.64,73.36,6.73,29.65,Clear
30/05/2023,05:00 PM,85.27,73.82,6.09,29.65,Clear
30/05/2023,05:30 PM,84.73,74.64,5.18,29.66,Clear
30/05/2023,06:00 PM,84.36,75.09,5.18,29.66,Clear
30/05/2023,06:30 PM,84.00,75.55,5.09,29.67,Clear
30/05/2023,07:00 PM,83.64,76.36,4.55,29.67,Clear
30/05/2023,07:30 PM,83.27,77.18,4.45,29.68,Clear
30/05/2023,08:00 PM,83.00,77.64,4.18,29.69,Clear
30/05/2023,08:30 PM,82.55,79.00,3.91,29.69,Clear
30/05/2023,09:00 PM,82.09,80.36,3.82,29.70,Clear
30/05/2023,09:30 PM,81.82,81.73,3.27,29.71,Clear
30/05/2023,10:00 PM,81.36,83.55,2.91,29.71,Clear
30/05/2023,10:30 PM,81.09,84.91,3.18,29.71,Clear
30/05/2023,11:00 PM,80.82,86.27,3.27,29.71,Clear
30/05/2023,11:30 PM,80.55,87.64,3.00,29.71,Clear
31/05/2023,12:00 AM,80.27,89.00,2.73,29.71,Clear
31/05/2023,12:30 AM,80.00,90.36,2.55,29.71,Clear
31/05/2023,01:00 AM,79.73,91.73,2.00,29.70,Clear
31/05/2023,01:30 AM,79.55,92.64,2.00,29.69,Clear
31/05/2023,02:00 AM,79.36,93.09,2.00,29.69,Clear
31/05/2023,02:30 AM,79.18,93.55,1.82,29.68,Clear
31/05/2023,03:00 AM,79.18,93.09,2.45,29.68,Clear
31/05/2023,03:30 AM,79.36,92.18,2.82,29.68,Clear
31/05/2023,04:00 AM,79.36,91.73,2.91,29.68,Clear
31/05/2023,04:30 AM,79.55,90.82,3.09,29.68,Clear
31/05/2023,05:00 AM,79.82,89.91,3.45,29.68,Clear
31/05/2023,05:30 AM,80.27,88.09,3.82,29.69,Clear
31/05/2023,06:00 AM,80.91,86.27,4.27,29.69,Clear
31/05/2023,06:30 AM,81.36,84.91,4.82,29.70,Clear
31/05/2023,07:00 AM,82.00,82.36,5.45,29.70,Clear
31/05/2023,07:30 AM,82.82,79.82,6.00,29.71,Clear
31/05/2023,08:00 AM,83.45,77.64,6.91,29.71,Clear
31/05/2023,08:30 AM,84.09,75.64,7.09,29.72,Clear
31/05/2023,09:00 AM,84.91,74.00,7.18,29.72,Clear
31/05/2023,09:30 AM,85.91,71.55,7.91,29.72,Clear
31/05/2023,10:00 AM,86.82,69.27,8.73,29.71,Clear
31/05/2023,10:30 AM,87.64,67.00,9.73,29.71,Clear
31/05/2023,11:00 AM,88.27,65.64,10.36,29.70,Clear
31/05/2023,11:30 AM,88.64,64.55,11.09,29.69,Clear
31/05/2023,12:00 PM,89.18,63.00,11.64,29.69,Clear
31/05/2023,12:30 PM,89.55,62.64,12.09,29.68,Clear
31/05/2023,01:00 PM,89.73,62.64,12.73,29.66,Rain
31/05/2023,01:30 PM,90.09,62.27,12.73,29.65,Clear
31/05/2023,02:00 PM,90.09,63.00,13.18,29.65,Clear
31/05/2023,02:30 PM,89.91,63.00,13.64,29.64,Clear
31/05/2023,03:00 PM,89.55,63.73,13.27,29.63,Clear
31/05/2023,03:30 PM,89.09,64.73,12.73,29.63,Clear
31/05/2023,04:00 PM,88.64,65.73,11.91,29.63,Clear
31/05/2023,04:30 PM,88.00,67.09,11.36,29.63,Clear
31/05/2023,05:00 PM,87.45,68.18,10.64,29.63,Clear
31/05/2023,05:30 PM,86.73,69.73,10.09,29.63,Clear
31/05/2023,06:00 PM,86.00,71.27,9.27,29.64,Clear
31/05/2023,06:30 PM,85.27,72.45,8.36,29.65,Clear
31/05/2023,07:00 PM,84.73,73.18,8.27,29.66,Clear
31/05/2023,07:30 PM,84.18,74.00,7.27,29.67,Clear
31/05/2023,08:00 PM,83.64,75.18,6.64,29.68,Clear
31/05/2023,08:30 PM,83.27,76.00,6.36,29.68,Clear
31/05/2023,09:00 PM,82.91,76.82,6.36,29.69,Clear
31/05/2023,09:30 PM,82.55,77.64,6.18,29.70,Clear
31/05/2023,10:00 PM,82.36,78.09,6.09,29.70,Clear
31/05/2023,10:30 PM,82.18,78.55,6.00,29.70,Clear
31/05/2023,11:00 PM,82.18,78.55,5.91,29.71,Clear
31/05/2023,11:30 PM,82.18,78.55,5.82,29.70,Clear
01/06/2023,12:00 AM,82.18,78.55,5.82,29.70,Clear
01/06/2023,12:30 AM,81.91,79.45,5.27,29.69,Clear
01/06/2023,01:00 AM,81.82,79.91,5.45,29.69,Clear
01/06/2023,01:30 AM,81.55,81.27,5.27,29.68,Clear
01/06/2023,02:00 AM,81.27,82.64,4.64,29.68,Clear
01/06/2023,02:30 AM,81.00,84.00,4.09,29.67,Clear
01/06/2023,03:00 AM,80.73,85.36,3.73,29.66,Clear
01/06/2023,03:30 AM,80.45,86.73,3.36,29.66,Clear
01/06/2023,04:00 AM,80.18,88.09,3.18,29.66,Clear
01/06/2023,04:30 AM,79.91,89.45,2.91,29.65,Clear
01/06/2023,05:00 AM,79.82,90.36,2.73,29.66,Clear
01/06/2023,05:30 AM,79.82,90.82,2.73,29.66,Clear
01/06/2023,06:00 AM,80.27,89.91,3.00,29.66,Clear
01/06/2023,06:30 AM,80.73,89.00,3.45,29.67,Clear
01/06/2023,07:00 AM,81.55,86.45,4.09,29.68,Clear
01/06/2023,07:30 AM,82.36,83.91,5.18,29.69,Clear
01/06/2023,08:00 AM,83.36,80.73,5.91,29.70,Clear
01/06/2023,08:30 AM,84.36,77.82,6.82,29.70,Clear
01/06/2023,09:00 AM,85.36,74.64,7.55,29.71,Clear
01/06/2023,09:30 AM,86.45,71.45,8.09,29.71,Clear
01/06/2023,10:00 AM,87.55,67.91,9.18,29.71,Clear
01/06/2023,10:30 AM,88.64,64.55,10.09,29.71,Clear
01/06/2023,11:00 AM,89.64,62.27,10.82,29.70,Clear
01/06/2023,11:30 AM,90.27,60.27,11.36,29.69,Clear
01/06/2023,12:00 PM,90.91,58.27,11.82,29.68,Clear
01/06/2023,12:30 PM,91.36,57.00,12.00,29.67,Clear
01/06/2023,01:00 PM,91.82,55.73,12.00,29.66,Clear
01/06/2023,01:30 PM,92.09,55.09,12.18,29.65,Clear
01/06/2023,02:00 PM,92.18,54.45,12.18,29.64,Clear
01/06/2023,02:30 PM,92.18,54.45,12.55,29.64,Clear
01/06/2023,03:00 PM,91.91,54.73,12.64,29.63,Clear
01/06/2023,03:30 PM,91.45,55.73,12.18,29.63,Clear
01/06/2023,04:00 PM,90.82,57.00,11.55,29.63,Clear
01/06/2023,04:30 PM,90.18,57.64,11.00,29.63,Clear
01/06/2023,05:00 PM,89.55,58.91,10.36,29.63,Clear
01/06/2023,05:30 PM,88.73,60.55,9.45,29.63,Clear
01/06/2023,06:00 PM,87.91,62.55,8.82,29.64,Clear
01/06/2023,06:30 PM,87.09,64.55,7.91,29.64,Clear
01/06/2023,07:00 PM,86.09,67.00,6.82,29.65,Clear
01/06/2023,07:30 PM,85.27,69.18,5.73,29.66,Clear
01/06/2023,08:00 PM,84.45,71.45,4.45,29.66,Clear
01/06/2023,08:30 PM,83.82,73.45,3.55,29.67,Clear
01/06/2023,09:00 PM,83.18,76.00,2.73,29.68,Clear
01/06/2023,09:30 PM,82.55,78.09,2.18,29.68,Clear
01/06/2023,10:00 PM,81.91,80.18,1.55,29.69,Clear
01/06/2023,10:30 PM,81.27,82.27,1.36,29.69,Clear
01/06/2023,11:00 PM,80.82,84.00,1.18,29.69,Clear
01/06/2023,11:30 PM,80.36,85.36,0.73,29.69,Clear
02/06/2023,12:00 AM,79.91,86.73,0.55,29.69,Clear
02/06/2023,12:30 AM,79.64,87.64,0.73,29.69,Clear
02/06/2023,01:00 AM,79.36,88.55,0.91,29.69,Clear
02/06/2023,01:30 AM,79.00,89.45,1.18,29.68,Clear
02/06/2023,02:00 AM,78.64,90.36,1.45,29.68,Clear
02/06/2023,02:30 AM,78.64,89.91,1.45,29.68,Clear
02/06/2023,03:00 AM,78.45,90.36,1.64,29.67,Clear
02/06/2023,03:30 AM,78.27,90.82,1.91,29.67,Clear
02/06/2023,04:00 AM,78.09,91.27,1.91,29.67,Clear
02/06/2023,04:30 AM,78.09,91.73,1.64,29.67,Clear
02/06/2023,05:00 AM,78.27,91.73,1.82,29.67,Clear
02/06/2023,05:30 AM,78.55,91.27,2.09,29.67,Clear
02/06/2023,06:00 AM,79.00,90.36,2.18,29.68,Clear
02/06/2023,06:30 AM,79.64,89.00,2.27,29.68,Clear
02/06/2023,07:00 AM,80.82,85.82,2.82,29.69,Clear
02/06/2023,07:30 AM,82.09,82.27,3.45,29.69,Clear
02/06/2023,08:00 AM,83.18,79.18,4.64,29.69,Clear
02/06/2023,08:30 AM,84.45,75.64,5.64,29.70,Clear
02/06/2023,09:00 AM,85.91,72.18,6.27,29.70,Clear
02/06/2023,09:30 AM,87.55,68.09,6.91,29.70,Clear
02/06/2023,10:00 AM,88.82,64.27,8.00,29.69,Clear
02/06/2023,10:30 AM,90.09,61.00,8.73,29.69,Clear
02/06/2023,11:00 AM,91.09,58.45,9.36,29.69,Clear
02/06/2023,11:30 AM,91.91,56.36,10.18,29.68,Clear
02/06/2023,12:00 PM,92.55,54.36,11.00,29.68,Clear
02/06/2023,12:30 PM,93.00,53.82,11.27,29.67,Clear
02/06/2023,01:00 PM,93.18,53.91,11.55,29.66,Rain
02/06/2023,01:30 PM,93.36,54.00,11.55,29.65,Clear
02/06/2023,02:00 PM,93.55,54.09,11.55,29.65,Clear
02/06/2023,02:30 PM,93.36,54.36,11.82,29.64,Clear
02/06/2023,03:00 PM,93.00,54.91,12.09,29.63,Rain
02/06/2023,03:30 PM,92.73,55.55,12.09,29.63,Clear
02/06/2023,04:00 PM,92.27,56.09,12.09,29.63,Clear
02/06/2023,04:30 PM,91.82,56.64,11.73,29.63,Clear
02/06/2023,05:00 PM,91.18,57.91,11.27,29.63,Clear
02/06/2023,05:30 PM,90.55,59.55,10.73,29.63,Clear
02/06/2023,06:00 PM,89.73,61.09,10.27,29.64,Clear
02/06/2023,06:30 PM,88.91,62.73,9.64,29.65,Clear
02/06/2023,07:00 PM,88.09,64.36,9.00,29.66,Clear
02/06/2023,07:30 PM,87.27,66.00,8.27,29.67,Clear
02/06/2023,08:00 PM,86.64,67.36,7.64,29.68,Clear
02/06/2023,08:30 PM,86.00,69.09,6.91,29.69,Clear
02/06/2023,09:00 PM,85.45,70.45,6.27,29.70,Clear
02/06/2023,09:30 PM,84.73,72.27,5.64,29.71,Clear
02/06/2023,10:00 PM,84.18,73.82,5.36,29.71,Clear
02/06/2023,10:30 PM,83.82,75.09,5.18,29.72,Clear
02/06/2023,11:00 PM,83.45,76.36,5.09,29.72,Clear
02/06/2023,11:30 PM,83.00,78.09,4.64,29.72,Clear
03/06/2023,12:00 AM,82.73,79.45,4.27,29.72,Clear
03/06/2023,12:30 AM,82.45,80.82,4.00,29.71,Clear
03/06/2023,01:00 AM,82.00,82.64,3.82,29.71,Clear
03/06/2023,01:30 AM,81.55,84.45,3.27,29.71,Clear
03/06/2023,02:00 AM,81.09,86.27,2.82,29.70,Clear
03/06/2023,02:30 AM,80.64,88.09,2.36,29.70,Clear
03/06/2023,03:00 AM,80.36,89.45,2.09,29.70,Clear
03/06/2023,03:30 AM,80.09,90.82,2.27,29.69,Clear
03/06/2023,04:00 AM,79.82,91.73,2.00,29.69,Clear
03/06/2023,04:30 AM,79.55,92.64,1.73,29.70,Clear
03/06/2023,05:00 AM,79.36,93.09,1.73,29.70,Clear
03/06/2023,05:30 AM,79.45,92.64,1.73,29.70,Clear
03/06/2023,06:00 AM,79.73,91.73,1.64,29.71,Clear
03/06/2023,06:30 AM,80.55,89.55,1.91,29.71,Clear
03/06/2023,07:00 AM,81.36,87.36,2.45,29.72,Clear
03/06/2023,07:30 AM,82.36,84.45,3.00,29.72,Clear
03/06/2023,08:00 AM,83.45,81.27,3.27,29.72,Clear
03/06/2023,08:30 AM,84.55,78.09,3.73,29.72,Clear
03/06/2023,09:00 AM,85.82,74.27,4.09,29.72,Clear
03/06/2023,09:30 AM,87.09,70.45,4.82,29.72,Clear
03/06/2023,10:00 AM,88.36,66.64,5.36,29.72,Clear
03/06/2023,10:30 AM,89.64,62.82,6.00,29.72,Clear
03/06/2023,11:00 AM,90.45,60.55,6.45,29.71,Clear
03/06/2023,11:30 AM,90.64,59.73,7.00,29.71,Clear
03/06/2023,12:00 PM,90.45,60.09,7.09,29.70,Clear
03/06/2023,12:30 PM,90.45,60.55,7.18,29.69,Clear
03/06/2023,01:00 PM,90.45,60.55,7.27,29.68,Clear
03/06/2023,01:30 PM,90.36,60.55,8.18,29.67,Clear
03/06/2023,02:00 PM,90.27,60.55,8.55,29.66,Rain
03/06/2023,02:30 PM,89.82,61.45,8.45,29.65,Rain
03/06/2023,03:00 PM,89.36,62.73,8.18,29.65,Clear
03/06/2023,03:30 PM,88.73,64.00,8.36,29.64,Clear
03/06/2023,04:00 PM,88.09,65.64,8.45,29.64,Clear
03/06/2023,04:30 PM,87.27,67.45,8.64,29.64,Clear
03/06/2023,05:00 PM,86.91,67.82,8.64,29.65,Clear
03/06/2023,05:30 PM,86.55,67.45,8.55,29.65,Clear
03/06/2023,06:00 PM,85.91,67.82,8.45,29.66,Clear
03/06/2023,06:30 PM,85.09,69.36,8.27,29.67,Clear
03/06/2023,07:00 PM,84.27,71.18,7.64,29.68,Clear
03/06/2023,07:30 PM,83.45,73.45,7.09,29.70,Clear
03/06/2023,08:00 PM,82.82,75.45,6.55,29.71,Clear
03/06/2023,08:30 PM,82.18,77.09,6.09,29.72,Clear
03/06/2023,09:00 PM,81.55,79.18,5.45,29.73,Clear
03/06/2023,09:30 PM,80.91,80.91,4.73,29.73,Clear
03/06/2023,10:00 PM,80.64,81.82,4.09,29.74,Clear
03/06/2023,10:30 PM,80.36,83.18,3.36,29.74,Clear
03/06/2023,11:00 PM,80.09,84.91,3.27,29.74,Clear
03/06/2023,11:30 PM,79.73,86.27,3.00,29.74,Clear
04/06/2023,12:00 AM,79.36,87.64,2.82,29.74,Clear
04/06/2023,12:30 AM,79.00,89.00,2.45,29.73,Clear
04/06/2023,01:00 AM,78.64,89.91,2.36,29.73,Clear
04/06/2023,01:30 AM,78.27,90.82,2.64,29.72,Clear
04/06/2023,02:00 AM,77.91,91.73,3.00,29.72,Clear
04/06/2023,02:30 AM,77.73,92.18,3.00,29.71,Clear
04/06/2023,03:00 AM,77.55,92.64,3.09,29.71,Clear
04/06/2023,03:30 AM,77.36,93.09,3.36,29.71,Clear
04/06/2023,04:00 AM,77.18,93.55,3.64,29.70,Rain
04/06/2023,04:30 AM,77.00,94.00,3.45,29.70,Rain
04/06/2023,05:00 AM,77.18,93.55,3.45,29.70,Rain
04/06/2023,05:30 AM,77.36,93.55,3.45,29.71,Rain
04/06/2023,06:00 AM,77.73,93.09,3.73,29.71,Clear
04/06/2023,06:30 AM,78.09,92.64,4.00,29.71,Clear
04/06/2023,07:00 AM,78.73,91.27,4.09,29.72,Clear
04/06/2023,07:30 AM,79.55,89.91,4.18,29.72,Clear
04/06/2023,08:00 AM,80.55,87.73,4.45,29.73,Clear
04/06/2023,08:30 AM,81.55,85.55,4.73,29.73,Clear
04/06/2023,09:00 AM,82.73,82.64,4.91,29.73,Clear
04/06/2023,09:30 AM,84.00,78.82,5.55,29.73,Clear
04/06/2023,10:00 AM,85.27,75.00,6.09,29.73,Clear
04/06/2023,10:30 AM,86.36,71.91,6.45,29.73,Clear
04/06/2023,11:00 AM,87.82,67.82,7.27,29.72,Clear
04/06/2023,11:30 AM,89.09,64.00,7.73,29.71,Clear
04/06/2023,12:00 PM,90.36,60.18,8.36,29.70,Clear
04/06/2023,12:30 PM,91.18,57.73,8.64,29.69,Clear
04/06/2023,01:00 PM,91.82,55.27,9.09,29.68,Clear
04/06/2023,01:30 PM,92.27,53.09,9.64,29.66,Clear
04/06/2023,02:00 PM,92.73,50.91,10.00,29.65,Clear
04/06/2023,02:30 PM,93.00,49.45,10.18,29.64,Clear
04/06/2023,03:00 PM,93.18,49.18,10.09,29.63,Clear
04/06/2023,03:30 PM,93.18,48.91,10.00,29.62,Clear
04/06/2023,04:00 PM,93.09,48.64,10.00,29.62,Clear
04/06/2023,04:30 PM,92.45,49.18,9.64,29.62,Clear
04/06/2023,05:00 PM,91.82,49.91,9.45,29.62,Clear
04/06/2023,05:30 PM,91.00,50.91,9.00,29.62,Clear
04/06/2023,06:00 PM,90.36,51.82,9.00,29.62,Clear
04/06/2023,06:30 PM,89.55,53.09,8.64,29.63,Clear
04/06/2023,07:00 PM,88.73,54.91,8.09,29.64,Clear
04/06/2023,07:30 PM,87.91,56.36,7.73,29.65,Clear
04/06/2023,08:00 PM,86.91,58.55,7.36,29.66,Clear
04/06/2023,08:30 PM,85.91,60.45,7.00,29.67,Clear
04/06/2023,09:00 PM,85.00,63.18,6.27,29.68,Clear
04/06/2023,09:30 PM,84.18,65.64,5.64,29.69,Clear
04/06/2023,10:00 PM,83.55,67.82,4.91,29.69,Clear
04/06/2023,10:30 PM,82.73,70.36,4.18,29.70,Clear
04/06/2023,11:00 PM,82.09,72.64,3.73,29.70,Clear
04/06/2023,11:30 PM,81.45,74.55,2.91,29.70,Clear
05/06/2023,12:00 AM,81.00,76.09,2.18,29.70,Clear
05/06/2023,12:30 AM,80.36,78.18,1.64,29.70,Clear
05/06/2023,01:00 AM,79.73,80.64,1.09,29.69,Clear
05/06/2023,01:30 AM,79.27,82.82,0.64,29.69,Clear
05/06/2023,02:00 AM,78.82,84.55,0.36,29.68,Clear
05/06/2023,02:30 AM,78.45,85.91,0.55,29.67,Clear
05/06/2023,03:00 AM,78.09,87.27,0.73,29.66,Clear
05/06/2023,03:30 AM,77.73,88.64,0.73,29.66,Clear
05/06/2023,04:00 AM,77.55,89.64,0.73,29.65,Clear
05/06/2023,04:30 AM,77.55,90.64,0.73,29.65,Clear
05/06/2023,05:00 AM,77.82,90.73,0.73,29.65,Clear
05/06/2023,05:30 AM,78.09,90.82,1.00,29.66,Clear
05/06/2023,06:00 AM,78.91,89.45,1.00,29.66,Clear
05/06/2023,06:30 AM,79.91,87.73,1.18,29.66,Clear
05/06/2023,07:00 AM,81.09,85.18,1.45,29.67,Clear
05/06/2023,07:30 AM,82.36,82.45,1.55,29.67,Clear
05/06/2023,08:00 AM,83.82,79.00,2.09,29.68,Clear
05/06/2023,08:30 AM,85.09,75.45,2.82,29.68,Clear
05/06/2023,09:00 AM,86.36,71.91,3.91,29.69,Clear
05/06/2023,09:30 AM,87.64,68.73,5.09,29.69,Clear
05/06/2023,10:00 AM,88.27,66.18,6.00,29.69,Clear
05/06/2023,10:30 AM,88.18,66.64,6.64,29.69,Clear
05/06/2023,11:00 AM,88.18,66.18,6.82,29.69,Clear
05/06/2023,11:30 AM,87.82,67.09,7.45,29.68,Clear
05/06/2023,12:00 PM,87.27,68.36,7.82,29.68,Rain
05/06/2023,12:30 PM,86.73,69.55,8.00,29.67,Rain
05/06/2023,01:00 PM,86.09,71.36,8.27,29.66,Rain
05/06/2023,01:30 PM,85.45,73.00,8.00,29.65,Clear
05/06/2023,02:00 PM,85.18,74.36,7.36,29.64,Clear
05/06/2023,02:30 PM,84.91,75.73,6.82,29.63,Clear
05/06/2023,03:00 PM,84.82,75.73,6.55,29.63,Clear
05/06/2023,03:30 PM,85.00,75.36,6.18,29.62,Clear
05/06/2023,04:00 PM,85.45,73.27,6.36,29.62,Clear
05/06/2023,04:30 PM,85.82,72.09,6.73,29.62,Clear
05/06/2023,05:00 PM,86.18,70.45,6.73,29.62,Clear
05/06/2023,05:30 PM,86.36,69.55,6.64,29.62,Clear
05/06/2023,06:00 PM,86.36,69.09,6.64,29.62,Clear
05/06/2023,06:30 PM,86.18,69.09,6.36,29.63,Clear
05/06/2023,07:00 PM,85.82,69.55,6.36,29.64,Clear
05/06/2023,07:30 PM,85.27,70.36,6.55,29.65,Clear
05/06/2023,08:00 PM,84.73,71.18,6.27,29.66,Clear
05/06/2023,08:30 PM,83.91,73.45,5.64,29.67,Clear
05/06/2023,09:00 PM,83.27,75.45,5.18,29.68,Clear
05/06/2023,09:30 PM,82.82,77.09,4.82,29.68,Clear
05/06/2023,10:00 PM,82.36,78.73,4.45,29.69,Clear
05/06/2023,10:30 PM,81.73,81.27,4.09,29.69,Clear
05/06/2023,11:00 PM,81.27,83.09,3.91,29.69,Clear
05/06/2023,11:30 PM,80.82,84.91,3.64,29.69,Clear
06/06/2023,12:00 AM,80.55,86.27,3.36,29.69,Clear
06/06/2023,12:30 AM,80.27,87.64,2.91,29.69,Clear
06/06/2023,01:00 AM,80.00,89.00,2.45,29.68,Clear
06/06/2023,01:30 AM,79.73,90.36,2.36,29.68,Clear
06/06/2023,02:00 AM,79.55,91.27,2.27,29.67,Clear
06/06/2023,02:30 AM,79.36,92.18,2.18,29.66,Clear
06/06/2023,03:00 AM,79.18,93.09,2.18,29.66,Clear
06/06/2023,03:30 AM,79.00,93.55,2.27,29.66,Clear
06/06/2023,04:00 AM,79.00,93.09,2.55,29.65,Clear
06/06/2023,04:30 AM,79.00,92.64,2.73,29.65,Clear
06/06/2023,05:00 AM,79.18,91.73,3.00,29.66,Clear
06/06/2023,05:30 AM,79.45,90.36,3.55,29.66,Rain
06/06/2023,06:00 AM,79.73,89.00,4.09,29.66,Rain
06/06/2023,06:30 AM,80.18,87.18,4.64,29.67,Clear
06/06/2023,07:00 AM,80.82,85.00,5.00,29.68,Clear
06/06/2023,07:30 AM,81.45,83.18,5.36,29.68,Clear
06/06/2023,08:00 AM,82.27,81.00,5.73,29.69,Clear
06/06/2023,08:30 AM,83.36,77.82,6.36,29.69,Clear
06/06/2023,09:00 AM,84.45,75.09,7.09,29.69,Clear
06/06/2023,09:30 AM,85.55,72.36,7.45,29.69,Clear
06/06/2023,10:00 AM,86.64,69.64,8.09,29.69,Clear
06/06/2023,10:30 AM,87.73,66.73,8.82,29.68,Clear
06/06/2023,11:00 AM,88.91,64.36,9.55,29.68,Clear
06/06/2023,11:30 AM,89.91,61.64,10.36,29.67,Clear
06/06/2023,12:00 PM,90.55,59.91,11.09,29.66,Clear
06/06/2023,12:30 PM,91.00,58.55,11.64,29.66,Clear
06/06/2023,01:00 PM,91.45,56.82,12.45,29.65,Clear
06/06/2023,01:30 PM,91.64,56.09,12.73,29.64,Clear
06/06/2023,02:00 PM,90.82,58.36,12.91,29.64,Clear
06/06/2023,02:30 PM,89.91,60.64,13.00,29.63,Clear
06/06/2023,03:00 PM,88.82,63.36,12.82,29.63,Clear
06/06/2023,03:30 PM,87.55,66.55,12.18,29.64,Clear
06/06/2023,04:00 PM,86.09,69.91,11.45,29.64,Clear
06/06/2023,04:30 PM,84.45,73.18,10.36,29.64,Rain
06/06/2023,05:00 PM,83.00,76.82,9.73,29.65,Rain
06/06/2023,05:30 PM,81.73,79.91,8.73,29.65,Rain
06/06/2023,06:00 PM,80.45,83.00,7.91,29.66,Clear
06/06/2023,06:30 PM,79.18,86.55,7.00,29.67,Rain
06/06/2023,07:00 PM,78.00,89.00,6.73,29.68,Rain
06/06/2023,07:30 PM,77.55,89.45,6.00,29.69,Rain
06/06/2023,08:00 PM,77.00,90.36,5.18,29.70,Rain
06/06/2023,08:30 PM,76.64,90.82,4.64,29.71,Rain
06/06/2023,09:00 PM,76.64,90.36,4.73,29.71,Rain
06/06/2023,09:30 PM,76.64,90.82,4.55,29.72,Rain
06/06/2023,10:00 PM,76.64,91.27,4.64,29.72,Rain
06/06/2023,10:30 PM,76.64,91.27,4.64,29.72,Rain
06/06/2023,11:00 PM,76.64,91.73,5.09,29.72,Clear
06/06/2023,11:30 PM,76.64,92.18,5.09,29.72,Clear
07/06/2023,12:00 AM,76.64,92.18,4.91,29.71,Clear
07/06/2023,12:30 AM,76.64,92.64,4.64,29.71,Clear
07/06/2023,01:00 AM,76.64,93.09,4.36,29.70,Clear
07/06/2023,01:30 AM,76.82,93.09,4.00,29.69,Rain
07/06/2023,02:00 AM,77.00,93.09,4.00,29.69,Clear
07/06/2023,02:30 AM,77.00,93.55,3.64,29.68,Clear
07/06/2023,03:00 AM,77.00,93.55,3.64,29.67,Clear
07/06/2023,03:30 AM,76.82,94.09,3.55,29.67,Clear
07/06/2023,04:00 AM,76.64,95.09,2.82,29.66,Clear
07/06/2023,04:30 AM,76.64,95.09,2.09,29.67,Clear
07/06/2023,05:00 AM,76.64,95.09,1.82,29.67,Clear
07/06/2023,05:30 AM,77.00,94.18,1.82,29.67,Clear
07/06/2023,06:00 AM,77.45,93.27,2.00,29.68,Mist
07/06/2023,06:30 AM,78.27,91.45,2.00,29.68,Mist
07/06/2023,07:00 AM,79.09,89.64,2.00,29.69,Clear
07/06/2023,07:30 AM,80.27,87.09,2.00,29.70,Clear
07/06/2023,08:00 AM,81.27,84.91,2.09,29.71,Clear
07/06/2023,08:30 AM,82.45,82.36,2.09,29.71,Clear
07/06/2023,09:00 AM,83.91,78.64,3.00,29.72,Clear
07/06/2023,09:30 AM,85.36,74.91,4.18,29.72,Clear
07/06/2023,10:00 AM,86.82,71.09,5.09,29.72,Clear
07/06/2023,10:30 AM,88.09,67.91,6.27,29.72,Clear
07/06/2023,11:00 AM,89.18,65.00,6.91,29.71,Clear
07/06/2023,11:30 AM,90.18,62.45,7.64,29.71,Clear
07/06/2023,12:00 PM,90.64,61.09,8.45,29.70,Clear
07/06/2023,12:30 PM,91.27,59.45,9.45,29.69,Clear
07/06/2023,01:00 PM,91.09,58.73,10.36,29.69,Clear
07/06/2023,01:30 PM,90.91,58.00,10.73,29.68,Clear
07/06/2023,02:00 PM,90.18,58.36,11.00,29.67,Clear
07/06/2023,02:30 PM,89.36,59.73,10.36,29.66,Rain
07/06/2023,03:00 PM,88.55,61.09,9.64,29.66,Rain
07/06/2023,03:30 PM,87.55,63.09,9.18,29.65,Clear
07/06/2023,04:00 PM,86.64,64.91,8.27,29.65,Clear
07/06/2023,04:30 PM,85.55,67.36,7.36,29.65,Clear
07/06/2023,05:00 PM,84.45,69.45,6.36,29.64,Clear
07/06/2023,05:30 PM,83.55,71.27,5.45,29.64,Clear
07/06/2023,06:00 PM,82.45,73.82,4.73,29.65,Clear
07/06/2023,06:30 PM,81.82,76.18,3.91,29.65,Clear
07/06/2023,07:00 PM,81.18,78.64,3.45,29.66,Clear
07/06/2023,07:30 PM,80.91,80.36,3.09,29.67,Clear
07/06/2023,08:00 PM,80.64,81.73,2.82,29.68,Clear
07/06/2023,08:30 PM,80.36,83.09,2.55,29.68,Clear
07/06/2023,09:00 PM,80.09,84.45,2.27,29.69,Clear
07/06/2023,09:30 PM,79.91,85.36,2.00,29.70,Clear
07/06/2023,10:00 PM,79.73,86.27,2.18,29.71,Clear
07/06/2023,10:30 PM,79.55,87.18,2.18,29.72,Clear
07/06/2023,11:00 PM,79.36,88.09,2.00,29.72,Clear
07/06/2023,11:30 PM,79.18,88.55,1.73,29.72,Clear
08/06/2023,12:00 AM,79.00,89.00,1.64,29.73,Clear
08/06/2023,12:30 AM,79.00,89.00,1.45,29.73,Clear
08/06/2023,01:00 AM,78.82,89.45,1.27,29.73,Clear
08/06/2023,01:30 AM,78.64,89.91,1.09,29.72,Clear
08/06/2023,02:00 AM,78.45,90.36,0.91,29.72,Clear
08/06/2023,02:30 AM,78.27,91.36,0.91,29.72,Clear
08/06/2023,03:00 AM,78.09,91.82,0.91,29.72,Clear
08/06/2023,03:30 AM,77.91,92.27,0.73,29.71,Clear
08/06/2023,04:00 AM,77.73,93.27,0.55,29.71,Clear
08/06/2023,04:30 AM,77.73,93.73,0.55,29.71,Clear
08/06/2023,05:00 AM,78.00,93.27,0.36,29.71,Clear
08/06/2023,05:30 AM,78.27,92.36,0.36,29.71,Clear
08/06/2023,06:00 AM,78.73,91.45,0.64,29.71,Clear
08/06/2023,06:30 AM,79.55,90.09,0.82,29.71,Clear
08/06/2023,07:00 AM,80.55,87.91,1.00,29.72,Clear
08/06/2023,07:30 AM,81.73,85.00,1.18,29.72,Clear
08/06/2023,08:00 AM,82.91,81.91,1.45,29.72,Clear
08/06/2023,08:30 AM,84.18,78.73,1.73,29.72,Clear
08/06/2023,09:00 AM,85.45,75.55,2.27,29.73,Clear
08/06/2023,09:30 AM,86.73,71.45,2.55,29.73,Clear
08/06/2023,10:00 AM,88.00,68.00,2.82,29.72,Clear
08/06/2023,10:30 AM,89.00,65.09,3.27,29.72,Clear
08/06/2023,11:00 AM,90.18,62.18,3.73,29.71,Clear
08/06/2023,11:30 AM,91.00,59.18,4.27,29.71,Clear
08/06/2023,12:00 PM,91.82,56.27,5.00,29.70,Clear
08/06/2023,12:30 PM,92.27,54.64,5.91,29.69,Clear
08/06/2023,01:00 PM,92.55,53.73,6.55,29.68,Clear
08/06/2023,01:30 PM,92.82,52.18,7.00,29.68,Clear
08/06/2023,02:00 PM,92.82,51.55,7.55,29.67,Clear
08/06/2023,02:30 PM,92.82,50.91,7.64,29.66,Clear
08/06/2023,03:00 PM,92.82,50.64,7.91,29.65,Clear
08/06/2023,03:30 PM,92.55,50.91,7.91,29.65,Clear
08/06/2023,04:00 PM,91.91,53.36,8.00,29.65,Clear
08/06/2023,04:30 PM,91.09,56.27,7.64,29.65,Clear
08/06/2023,05:00 PM,90.27,59.73,7.27,29.65,Clear
08/06/2023,05:30 PM,89.27,62.64,6.64,29.66,Clear
08/06/2023,06:00 PM,88.45,65.55,5.73,29.66,Clear
08/06/2023,06:30 PM,87.64,68.45,4.91,29.67,Clear
08/06/2023,07:00 PM,86.64,72.09,4.18,29.68,Clear
08/06/2023,07:30 PM,85.82,75.45,3.36,29.68,Clear
08/06/2023,08:00 PM,85.00,78.36,2.73,29.69,Clear
08/06/2023,08:30 PM,84.09,81.73,2.18,29.70,Clear
08/06/2023,09:00 PM,83.27,84.91,1.91,29.71,Clear
08/06/2023,09:30 PM,82.82,85.82,1.36,29.71,Clear
08/06/2023,10:00 PM,82.36,86.73,1.27,29.71,Clear
08/06/2023,10:30 PM,82.09,87.18,1.09,29.71,Clear
08/06/2023,11:00 PM,81.64,88.55,1.00,29.71,Clear
08/06/2023,11:30 PM,81.18,89.45,1.00,29.71,Clear
09/06/2023,12:00 AM,80.73,90.36,1.00,29.71,Clear
09/06/2023,12:30 AM,80.45,90.82,1.00,29.70,Clear
09/06/2023,01:00 AM,80.18,91.27,1.00,29.69,Clear
09/06/2023,01:30 AM,79.91,92.18,1.18,29.69,Clear
09/06/2023,02:00 AM,79.73,92.64,1.18,29.68,Clear
09/06/2023,02:30 AM,79.55,92.64,1.18,29.68,Clear
09/06/2023,03:00 AM,79.36,93.09,1.36,29.68,Clear
09/06/2023,03:30 AM,79.18,93.55,1.18,29.67,Clear
09/06/2023,04:00 AM,79.00,94.00,1.09,29.67,Clear
09/06/2023,04:30 AM,79.00,94.00,1.18,29.67,Clear
09/06/2023,05:00 AM,79.18,93.55,1.00,29.67,Clear
09/06/2023,05:30 AM,79.36,93.09,1.00,29.68,Clear
09/06/2023,06:00 AM,79.64,92.64,1.09,29.68,Clear
09/06/2023,06:30 AM,79.91,92.18,1.36,29.68,Clear
09/06/2023,07:00 AM,80.73,90.45,1.45,29.68,Clear
09/06/2023,07:30 AM,81.73,87.91,1.73,29.69,Clear
09/06/2023,08:00 AM,82.82,84.73,2.27,29.69,Clear
09/06/2023,08:30 AM,83.91,81.55,2.73,29.69,Clear
09/06/2023,09:00 AM,85.00,78.36,3.36,29.69,Clear
09/06/2023,09:30 AM,86.09,75.18,3.82,29.69,Clear
09/06/2023,10:00 AM,87.36,71.09,4.27,29.69,Clear
09/06/2023,10:30 AM,88.45,68.09,4.82,29.68,Clear
09/06/2023,11:00 AM,89.55,64.73,5.64,29.68,Clear
09/06/2023,11:30 AM,90.73,60.91,6.55,29.67,Clear
09/06/2023,12:00 PM,91.45,58.45,7.00,29.66,Clear
09/06/2023,12:30 PM,91.45,57.64,7.36,29.65,Clear
09/06/2023,01:00 PM,91.27,57.64,7.64,29.65,Clear
09/06/2023,01:30 PM,91.27,57.64,8.36,29.64,Clear
09/06/2023,02:00 PM,91.27,57.64,8.91,29.63,Rain
09/06/2023,02:30 PM,91.27,57.64,9.09,29.62,Clear
09/06/2023,03:00 PM,91.27,57.64,9.18,29.62,Clear
09/06/2023,03:30 PM,91.00,58.82,9.18,29.62,Clear
09/06/2023,04:00 PM,90.55,59.73,9.18,29.61,Clear
09/06/2023,04:30 PM,90.09,61.36,8.91,29.61,Clear
09/06/2023,05:00 PM,89.27,63.45,8.27,29.62,Clear
09/06/2023,05:30 PM,88.91,64.55,8.09,29.62,Clear
09/06/2023,06:00 PM,88.55,65.73,7.73,29.63,Clear
09/06/2023,06:30 PM,88.18,66.91,7.45,29.64,Clear
09/06/2023,07:00 PM,87.36,69.18,6.64,29.65,Clear
09/06/2023,07:30 PM,86.55,71.45,5.55,29.66,Clear
09/06/2023,08:00 PM,85.73,73.73,4.73,29.66,Clear
09/06/2023,08:30 PM,84.82,76.45,4.00,29.67,Clear
09/06/2023,09:00 PM,84.00,78.91,3.27,29.68,Clear
09/06/2023,09:30 PM,83.36,81.00,3.00,29.68,Clear
09/06/2023,10:00 PM,82.73,82.73,2.91,29.69,Clear
09/06/2023,10:30 PM,82.09,84.91,2.64,29.69,Clear
09/06/2023,11:00 PM,81.45,86.73,2.27,29.68,Clear
09/06/2023,11:30 PM,81.00,88.09,2.45,29.68,Clear
10/06/2023,12:00 AM,80.55,89.45,2.45,29.68,Clear
10/06/2023,12:30 AM,80.27,90.36,2.45,29.67,Clear
10/06/2023,01:00 AM,80.00,91.27,2.36,29.66,Clear
10/06/2023,01:30 AM,79.55,92.73,2.36,29.65,Clear
10/06/2023,02:00 AM,79.18,93.73,2.36,29.65,Clear
10/06/2023,02:30 AM,78.82,94.73,2.36,29.64,Clear
10/06/2023,03:00 AM,78.45,95.73,2.27,29.64,Clear
10/06/2023,03:30 AM,78.09,96.18,2.00,29.63,Clear
10/06/2023,04:00 AM,77.91,96.73,2.00,29.63,Clear
10/06/2023,04:30 AM,77.91,96.73,2.00,29.64,Clear
10/06/2023,05:00 AM,78.09,96.27,2.00,29.64,Clear
10/06/2023,05:30 AM,78.55,95.36,2.00,29.65,Clear
10/06/2023,06:00 AM,79.18,93.55,2.00,29.65,Clear
10/06/2023,06:30 AM,80.00,91.36,2.45,29.66,Clear
10/06/2023,07:00 AM,81.00,88.64,3.00,29.66,Clear
10/06/2023,07:30 AM,82.18,85.55,3.55,29.67,Clear
10/06/2023,08:00 AM,83.36,82.45,4.09,29.68,Clear
10/06/2023,08:30 AM,84.64,79.09,4.55,29.68,Clear
10/06/2023,09:00 AM,85.82,76.55,5.00,29.68,Clear
10/06/2023,09:30 AM,87.27,72.18,5.55,29.68,Clear
10/06/2023,10:00 AM,88.27,69.00,6.64,29.68,Clear
10/06/2023,10:30 AM,89.09,66.55,7.45,29.68,Clear
10/06/2023,11:00 AM,89.45,64.55,8.45,29.67,Clear
10/06/2023,11:30 AM,89.45,64.18,8.64,29.66,Clear
10/06/2023,12:00 PM,89.45,63.82,8.91,29.65,Rain
10/06/2023,12:30 PM,89.91,62.18,9.64,29.65,Clear
10/06/2023,01:00 PM,89.36,62.55,9.64,29.64,Clear
10/06/2023,01:30 PM,88.64,63.73,9.36,29.63,Rain
10/06/2023,02:00 PM,87.82,65.18,9.27,29.63,Clear
10/06/2023,02:30 PM,87.27,65.91,9.09,29.63,Clear
10/06/2023,03:00 PM,86.45,67.55,9.18,29.63,Rain
10/06/2023,03:30 PM,85.73,68.91,8.45,29.63,Rain
10/06/2023,04:00 PM,85.00,70.00,8.00,29.63,Clear
10/06/2023,04:30 PM,84.45,71.09,7.00,29.63,Clear
10/06/2023,05:00 PM,84.00,72.36,6.64,29.63,Clear
10/06/2023,05:30 PM,83.36,74.00,6.18,29.64,Clear
10/06/2023,06:00 PM,82.27,76.45,5.18,29.65,Clear
10/06/2023,06:30 PM,82.00,77.73,5.09,29.65,Clear
10/06/2023,07:00 PM,81.73,78.64,5.27,29.65,Clear
10/06/2023,07:30 PM,81.45,79.55,5.18,29.66,Clear
10/06/2023,08:00 PM,81.00,80.91,5.18,29.66,Clear
10/06/2023,08:30 PM,80.55,82.64,4.55,29.66,Clear
10/06/2023,09:00 PM,80.09,84.45,4.18,29.67,Clear
10/06/2023,09:30 PM,79.82,85.82,3.36,29.67,Clear
10/06/2023,10:00 PM,79.55,87.18,3.09,29.67,Clear
10/06/2023,10:30 PM,79.18,88.09,2.82,29.67,Clear
10/06/2023,11:00 PM,78.82,89.00,2.55,29.67,Clear
10/06/2023,11:30 PM,78.45,90.91,2.45,29.67,Clear
11/06/2023,12:00 AM,78.09,91.82,2.18,29.66,Clear
11/06/2023,12:30 AM,77.91,92.82,1.91,29.66,Clear
11/06/2023,01:00 AM,77.91,93.27,1.45,29.66,Clear
11/06/2023,01:30 AM,77.91,93.73,1.18,29.66,Clear
11/06/2023,02:00 AM,77.91,94.18,1.09,29.65,Clear
11/06/2023,02:30 AM,78.09,94.18,1.09,29.65,Clear
11/06/2023,03:00 AM,78.09,94.64,1.27,29.65,Clear
11/06/2023,03:30 AM,78.09,95.09,1.45,29.65,Clear
11/06/2023,04:00 AM,78.27,95.09,1.45,29.65,Clear
11/06/2023,04:30 AM,78.45,95.09,1.45,29.65,Clear
11/06/2023,05:00 AM,78.82,94.09,1.55,29.65,Clear
11/06/2023,05:30 AM,79.45,93.18,1.64,29.65,Clear
11/06/2023,06:00 AM,80.09,91.27,2.00,29.65,Clear
11/06/2023,06:30 AM,80.91,89.09,2.55,29.66,Clear
11/06/2023,07:00 AM,81.73,86.91,3.09,29.66,Clear
11/06/2023,07:30 AM,82.73,84.36,3.55,29.67,Clear
11/06/2023,08:00 AM,83.73,81.82,4.09,29.67,Clear
11/06/2023,08:30 AM,84.36,80.45,4.09,29.68,Clear
11/06/2023,09:00 AM,85.00,78.64,4.09,29.68,Clear
11/06/2023,09:30 AM,85.64,76.82,4.73,29.68,Clear
11/06/2023,10:00 AM,85.91,75.45,5.91,29.68,Clear
11/06/2023,10:30 AM,85.91,75.45,6.27,29.68,Rain
11/06/2023,11:00 AM,85.64,75.91,6.00,29.68,Rain
11/06/2023,11:30 AM,85.45,76.36,5.64,29.67,Rain
11/06/2023,12:00 PM,84.91,78.09,5.36,29.67,Rain
11/06/2023,12:30 PM,84.55,79.36,5.09,29.66,Rain
11/06/2023,01:00 PM,84.36,79.73,4.91,29.65,Rain
11/06/2023,01:30 PM,84.18,80.09,4.82,29.64,Rain
11/06/2023,02:00 PM,84.36,78.91,5.45,29.63,Rain
11/06/2023,02:30 PM,84.55,78.18,5.91,29.63,Rain
11/06/2023,03:00 PM,84.73,77.45,6.00,29.62,Rain
11/06/2023,03:30 PM,85.09,76.64,5.36,29.62,Clear
11/06/2023,04:00 PM,85.09,76.64,5.27,29.62,Clear
11/06/2023,04:30 PM,85.09,76.64,5.45,29.62,Clear
11/06/2023,05:00 PM,85.00,77.09,5.82,29.62,Clear
11/06/2023,05:30 PM,85.00,76.64,6.00,29.62,Clear
11/06/2023,06:00 PM,84.73,77.09,5.82,29.63,Clear
11/06/2023,06:30 PM,84.09,78.82,5.82,29.63,Rain
11/06/2023,07:00 PM,83.45,80.55,5.45,29.64,Clear
11/06/2023,07:30 PM,82.82,82.64,4.91,29.65,Clear
11/06/2023,08:00 PM,82.00,85.18,4.45,29.66,Clear
11/06/2023,08:30 PM,81.18,87.73,3.73,29.67,Clear
11/06/2023,09:00 PM,80.55,89.91,3.18,29.68,Clear
11/06/2023,09:30 PM,80.36,90.36,2.64,29.68,Clear
11/06/2023,10:00 PM,80.18,90.82,2.45,29.68,Clear
11/06/2023,10:30 PM,79.82,91.82,1.91,29.68,Clear
11/06/2023,11:00 PM,79.36,93.27,1.45,29.68,Clear
11/06/2023,11:30 PM,79.18,93.73,1.64,29.67,Clear
12/06/2023,12:00 AM,79.00,94.18,1.45,29.67,Clear
12/06/2023,12:30 AM,78.82,94.64,1.64,29.66,Clear
12/06/2023,01:00 AM,78.64,95.09,1.82,29.65,Clear
12/06/2023,01:30 AM,78.45,95.09,1.91,29.65,Clear
12/06/2023,02:00 AM,78.27,95.09,2.09,29.64,Clear
12/06/2023,02:30 AM,78.09,95.09,2.09,29.64,Clear
12/06/2023,03:00 AM,77.91,95.09,2.09,29.63,Clear
12/06/2023,03:30 AM,77.73,95.09,2.09,29.63,Clear
12/06/2023,04:00 AM,77.73,94.55,2.09,29.64,Clear
12/06/2023,04:30 AM,77.91,94.00,2.09,29.64,Clear
12/06/2023,05:00 AM,77.91,94.00,1.64,29.65,Clear
12/06/2023,05:30 AM,77.91,94.00,1.36,29.65,Clear
12/06/2023,06:00 AM,78.09,94.00,0.91,29.66,Clear
12/06/2023,06:30 AM,78.27,94.00,0.45,29.66,Clear
12/06/2023,07:00 AM,78.91,93.09,0.36,29.67,Clear
12/06/2023,07:30 AM,79.91,91.73,0.18,29.68,Clear
12/06/2023,08:00 AM,81.09,89.18,0.73,29.68,Clear
12/06/2023,08:30 AM,82.36,86.00,1.36,29.68,Clear
12/06/2023,09:00 AM,83.64,82.82,2.00,29.68,Clear
12/06/2023,09:30 AM,84.91,79.27,2.73,29.68,Clear
12/06/2023,10:00 AM,86.18,75.45,3.55,29.68,Clear
12/06/2023,10:30 AM,86.90,73.60,3.90,29.68,Clear
12/06/2023,11:00 AM,88.30,69.80,5.20,29.68,Clear
12/06/2023,11:30 AM,89.50,65.30,6.60,29.67,Clear
12/06/2023,12:00 PM,90.40,61.10,7.60,29.66,Clear
12/06/2023,12:30 PM,91.00,58.20,8.10,29.65,Clear
12/06/2023,01:00 PM,91.00,56.10,8.90,29.64,Clear
12/06/2023,01:30 PM,90.80,55.30,9.20,29.63,Rain
12/06/2023,02:00 PM,90.50,55.60,9.20,29.63,Rain
12/06/2023,02:30 PM,90.40,55.60,9.30,29.62,Clear
12/06/2023,03:00 PM,90.30,56.00,9.00,29.62,Clear
12/06/2023,03:30 PM,89.80,57.00,8.80,29.62,Clear
12/06/2023,04:00 PM,89.64,57.45,8.55,29.62,Clear
12/06/2023,04:30 PM,89.00,58.73,7.36,29.62,Clear
12/06/2023,05:00 PM,88.18,61.00,6.27,29.62,Clear
12/06/2023,05:30 PM,87.64,63.45,5.64,29.62,Clear
12/06/2023,06:00 PM,87.09,65.64,5.45,29.63,Clear
12/06/2023,06:30 PM,86.55,68.00,5.00,29.64,Clear
12/06/2023,07:00 PM,86.00,70.36,4.45,29.65,Clear
12/06/2023,07:30 PM,85.45,72.36,4.00,29.65,Clear
12/06/2023,08:00 PM,84.64,75.09,3.27,29.66,Clear
12/06/2023,08:30 PM,83.82,77.82,2.82,29.67,Clear
12/06/2023,09:00 PM,83.18,80.27,2.36,29.68,Clear
12/06/2023,09:30 PM,82.55,82.73,2.09,29.68,Clear
12/06/2023,10:00 PM,81.91,84.91,2.27,29.69,Clear
12/06/2023,10:30 PM,81.45,86.73,2.09,29.69,Clear
12/06/2023,11:00 PM,81.00,88.09,1.82,29.69,Clear
12/06/2023,11:30 PM,80.55,89.45,1.36,29.69,Clear
13/06/2023,12:00 AM,80.27,90.36,1.09,29.69,Clear
13/06/2023,12:30 AM,80.00,91.27,0.91,29.69,Clear
13/06/2023,01:00 AM,79.73,92.18,0.73,29.68,Clear
13/06/2023,01:30 AM,79.55,92.64,1.00,29.68,Clear
13/06/2023,02:00 AM,79.36,93.09,1.18,29.67,Clear
13/06/2023,02:30 AM,79.18,93.55,1.27,29.66,Clear
13/06/2023,03:00 AM,79.00,94.00,1.18,29.66,Clear
13/06/2023,03:30 AM,79.00,94.00,1.00,29.65,Clear
13/06/2023,04:00 AM,79.00,94.00,1.18,29.65,Clear
13/06/2023,04:30 AM,79.00,94.00,1.18,29.65,Clear
13/06/2023,05:00 AM,79.00,94.00,1.18,29.65,Clear
13/06/2023,05:30 AM,79.18,93.55,1.36,29.65,Clear
13/06/2023,06:00 AM,79.45,92.64,1.73,29.66,Clear
13/06/2023,06:30 AM,80.09,90.82,2.36,29.66,Clear
13/06/2023,07:00 AM,80.91,88.64,2.82,29.67,Clear
13/06/2023,07:30 AM,81.73,86.45,3.36,29.68,Clear
13/06/2023,08:00 AM,82.73,83.91,3.82,29.68,Clear
13/06/2023,08:30 AM,83.73,81.36,4.45,29.69,Clear
13/06/2023,09:00 AM,84.82,78.18,5.36,29.69,Clear
13/06/2023,09:30 AM,85.91,74.64,6.27,29.69,Clear
13/06/2023,10:00 AM,87.00,71.09,7.18,29.69,Clear
13/06/2023,10:30 AM,88.27,67.00,8.36,29.69,Clear
13/06/2023,11:00 AM,89.55,63.36,9.09,29.68,Clear
13/06/2023,11:30 AM,90.73,60.00,9.55,29.68,Clear
13/06/2023,12:00 PM,91.18,58.00,9.82,29.67,Clear
13/06/2023,12:30 PM,91.64,56.73,9.82,29.66,Clear
13/06/2023,01:00 PM,91.91,55.36,9.91,29.65,Clear
13/06/2023,01:30 PM,91.73,55.36,9.73,29.65,Clear
13/06/2023,02:00 PM,91.55,55.36,9.09,29.64,Clear
13/06/2023,02:30 PM,91.27,56.36,8.82,29.63,Clear
13/06/2023,03:00 PM,91.00,57.36,9.27,29.63,Clear
13/06/2023,03:30 PM,90.55,58.73,9.00,29.63,Clear
13/06/2023,04:00 PM,89.91,60.64,8.27,29.63,Rain
13/06/2023,04:30 PM,88.91,62.55,8.00,29.63,Clear
13/06/2023,05:00 PM,87.91,64.64,7.36,29.63,Clear
13/06/2023,05:30 PM,87.09,67.09,6.73,29.63,Clear
13/06/2023,06:00 PM,86.09,69.18,6.18,29.64,Clear
13/06/2023,06:30 PM,85.18,71.82,5.36,29.65,Clear
13/06/2023,07:00 PM,84.55,73.45,4.82,29.66,Clear
13/06/2023,07:30 PM,83.91,75.09,4.64,29.66,Clear
13/06/2023,08:00 PM,83.27,76.36,4.45,29.67,Clear
13/06/2023,08:30 PM,82.45,78.45,3.09,29.68,Clear
13/06/2023,09:00 PM,81.82,80.18,2.64,29.69,Clear
13/06/2023,09:30 PM,81.18,81.91,2.18,29.69,Clear
13/06/2023,10:00 PM,80.73,83.64,1.55,29.69,Clear
13/06/2023,10:30 PM,80.27,85.36,1.27,29.70,Clear
13/06/2023,11:00 PM,80.00,86.27,1.00,29.70,Clear
13/06/2023,11:30 PM,79.73,87.18,0.82,29.70,Clear
14/06/2023,12:00 AM,79.55,88.09,1.00,29.70,Clear
14/06/2023,12:30 AM,79.36,89.00,1.18,29.70,Clear
14/06/2023,01:00 AM,79.00,89.91,1.45,29.70,Clear
14/06/2023,01:30 AM,78.64,90.82,1.00,29.70,Clear
14/06/2023,02:00 AM,78.45,91.27,0.82,29.70,Clear
14/06/2023,02:30 AM,78.27,91.73,0.64,29.70,Clear
14/06/2023,03:00 AM,78.09,92.18,0.82,29.70,Clear
14/06/2023,03:30 AM,77.91,92.64,0.82,29.70,Clear
14/06/2023,04:00 AM,77.73,93.09,1.00,29.71,Clear
14/06/2023,04:30 AM,77.73,93.09,1.18,29.71,Clear
14/06/2023,05:00 AM,77.73,93.55,1.45,29.71,Clear
14/06/2023,05:30 AM,78.00,92.64,1.45,29.72,Clear
14/06/2023,06:00 AM,78.45,91.27,1.55,29.72,Clear
14/06/2023,06:30 AM,79.45,89.55,1.55,29.73,Clear
14/06/2023,07:00 AM,80.45,87.36,1.73,29.74,Clear
14/06/2023,07:30 AM,81.64,84.45,2.00,29.74,Clear
14/06/2023,08:00 AM,82.91,81.27,2.55,29.75,Clear
14/06/2023,08:30 AM,83.27,80.82,2.82,29.75,Clear
14/06/2023,09:00 AM,83.91,79.45,3.09,29.75,Clear
14/06/2023,09:30 AM,84.91,78.09,3.09,29.75,Clear
14/06/2023,10:00 AM,85.91,76.82,2.91,29.75,Clear
14/06/2023,10:30 AM,87.18,73.64,2.91,29.75,Rain
14/06/2023,11:00 AM,88.18,71.09,3.18,29.74,Rain
14/06/2023,11:30 AM,88.60,70.30,3.20,29.74,Rain
14/06/2023,12:00 PM,88.40,70.70,3.10,29.73,Rain
14/06/2023,12:30 PM,88.70,69.60,3.20,29.72,Clear
14/06/2023,01:00 PM,88.50,70.00,4.10,29.71,Clear
14/06/2023,01:30 PM,88.20,69.90,4.30,29.70,Rain
14/06/2023,02:00 PM,88.90,67.20,4.30,29.68,Rain
14/06/2023,02:30 PM,89.30,65.90,4.00,29.67,Rain
14/06/2023,03:00 PM,89.30,64.20,3.80,29.67,Rain
14/06/2023,03:30 PM,89.10,63.30,3.80,29.66,Rain
14/06/2023,04:00 PM,88.40,64.80,4.10,29.66,Rain
14/06/2023,04:30 PM,87.70,66.60,4.20,29.66,Rain
14/06/2023,05:00 PM,87.55,67.27,4.45,29.66,Rain
14/06/2023,05:30 PM,87.36,67.27,4.73,29.67,Clear
14/06/2023,06:00 PM,86.73,69.09,4.73,29.68,Clear
14/06/2023,06:30 PM,86.18,70.73,3.91,29.69,Clear
14/06/2023,07:00 PM,85.64,73.09,3.36,29.70,Clear
14/06/2023,07:30 PM,85.09,75.09,3.18,29.71,Clear
14/06/2023,08:00 PM,84.45,77.18,3.18,29.72,Clear
14/06/2023,08:30 PM,83.82,79.64,3.36,29.73,Clear
14/06/2023,09:00 PM,83.18,81.73,3.55,29.74,Clear
14/06/2023,09:30 PM,82.55,83.55,3.18,29.74,Clear
14/06/2023,10:00 PM,81.91,85.36,2.64,29.75,Clear
14/06/2023,10:30 PM,81.27,87.18,2.00,29.75,Clear
14/06/2023,11:00 PM,80.82,88.55,1.82,29.75,Clear
14/06/2023,11:30 PM,80.36,89.91,1.73,29.75,Clear
15/06/2023,12:00 AM,80.09,90.82,1.45,29.74,Clear
15/06/2023,12:30 AM,79.64,92.27,1.27,29.74,Clear
15/06/2023,01:00 AM,79.18,93.18,1.00,29.73,Clear
15/06/2023,01:30 AM,78.82,94.18,1.00,29.72,Clear
15/06/2023,02:00 AM,78.45,95.18,0.82,29.72,Clear
15/06/2023,02:30 AM,78.09,95.64,0.91,29.71,Clear
15/06/2023,03:00 AM,77.91,95.64,1.00,29.71,Clear
15/06/2023,03:30 AM,77.73,95.64,1.18,29.70,Clear
15/06/2023,04:00 AM,77.55,95.64,1.18,29.70,Clear
15/06/2023,04:30 AM,77.55,95.64,0.91,29.70,Clear
15/06/2023,05:00 AM,77.55,95.64,1.00,29.69,Clear
15/06/2023,05:30 AM,77.73,95.64,1.27,29.69,Clear
15/06/2023,06:00 AM,78.18,94.64,1.73,29.70,Clear
15/06/2023,06:30 AM,79.00,93.27,2.18,29.70,Clear
15/06/2023,07:00 AM,79.82,90.91,2.45,29.71,Clear
15/06/2023,07:30 AM,81.00,87.82,2.91,29.71,Clear
15/06/2023,08:00 AM,82.18,84.91,3.18,29.71,Clear
15/06/2023,08:30 AM,83.36,82.00,3.55,29.72,Clear
15/06/2023,09:00 AM,84.64,78.45,3.91,29.72,Clear
15/06/2023,09:30 AM,86.09,75.00,4.09,29.72,Clear
15/06/2023,10:00 AM,87.36,71.18,4.55,29.72,Clear
15/06/2023,10:30 AM,88.64,67.36,4.55,29.72,Clear
15/06/2023,11:00 AM,89.73,63.55,4.73,29.72,Clear
15/06/2023,11:30 AM,90.73,60.18,5.09,29.71,Clear
15/06/2023,12:00 PM,91.18,58.36,5.18,29.70,Clear
15/06/2023,12:30 PM,91.18,57.64,5.64,29.69,Clear
15/06/2023,01:00 PM,90.36,59.27,5.73,29.69,Clear
15/06/2023,01:30 PM,89.55,61.27,5.91,29.68,Clear
15/06/2023,02:00 PM,88.55,63.73,5.55,29.67,Clear
15/06/2023,02:30 PM,87.64,66.82,5.45,29.66,Rain
15/06/2023,03:00 PM,86.55,69.82,5.82,29.66,Rain
15/06/2023,03:30 PM,85.55,73.18,5.91,29.65,Rain
15/06/2023,04:00 PM,84.73,75.64,6.18,29.65,Rain
15/06/2023,04:30 PM,83.91,77.64,6.36,29.65,Clear
15/06/2023,05:00 PM,83.09,79.27,6.00,29.65,Rain
15/06/2023,05:30 PM,82.45,80.64,5.64,29.65,Clear
15/06/2023,06:00 PM,82.27,81.36,5.18,29.66,Clear
15/06/2023,06:30 PM,82.27,81.82,4.64,29.67,Clear
15/06/2023,07:00 PM,82.27,82.27,3.91,29.68,Clear
15/06/2023,07:30 PM,82.45,82.27,3.64,29.68,Clear
15/06/2023,08:00 PM,82.45,82.27,3.18,29.69,Clear
15/06/2023,08:30 PM,82.27,82.73,2.64,29.70,Clear
15/06/2023,09:00 PM,82.00,83.18,2.09,29.71,Clear
15/06/2023,09:30 PM,81.55,84.55,1.55,29.71,Clear
15/06/2023,10:00 PM,81.09,86.36,0.91,29.72,Clear
15/06/2023,10:30 PM,80.64,88.55,0.45,29.72,Clear
15/06/2023,11:00 PM,80.18,90.36,0.27,29.72,Clear
15/06/2023,11:30 PM,79.55,92.73,0.00,29.72,Clear
16/06/2023,12:00 AM,79.18,93.73,0.00,29.71,Clear
16/06/2023,12:30 AM,78.82,94.73,0.00,29.71,Clear
16/06/2023,01:00 AM,78.45,95.73,0.00,29.70,Clear
16/06/2023,01:30 AM,78.09,96.18,0.64,29.69,Clear
16/06/2023,02:00 AM,77.91,96.18,1.09,29.68,Clear
16/06/2023,02:30 AM,77.73,96.18,1.27,29.67,Clear
16/06/2023,03:00 AM,77.55,96.18,1.45,29.67,Clear
16/06/2023,03:30 AM,77.36,96.18,1.45,29.66,Clear
16/06/2023,04:00 AM,77.18,96.18,1.45,29.66,Clear
16/06/2023,04:30 AM,77.00,96.73,1.45,29.66,Clear
16/06/2023,05:00 AM,77.18,96.18,1.73,29.66,Clear
16/06/2023,05:30 AM,77.55,95.18,1.91,29.66,Clear
16/06/2023,06:00 AM,78.00,94.18,2.09,29.67,Clear
16/06/2023,06:30 AM,78.82,92.27,2.36,29.68,Clear
16/06/2023,07:00 AM,79.82,90.09,2.00,29.68,Clear
16/06/2023,07:30 AM,81.00,87.91,1.82,29.69,Clear
16/06/2023,08:00 AM,82.18,85.36,1.91,29.69,Clear
16/06/2023,08:30 AM,83.45,82.18,2.00,29.69,Clear
16/06/2023,09:00 AM,84.73,78.64,2.55,29.69,Clear
16/06/2023,09:30 AM,86.00,75.09,3.00,29.69,Clear
16/06/2023,10:00 AM,87.64,70.82,3.45,29.69,Clear
16/06/2023,10:30 AM,88.91,67.36,3.91,29.68,Clear
16/06/2023,11:00 AM,90.00,63.73,4.36,29.68,Clear
16/06/2023,11:30 AM,91.00,60.36,4.91,29.67,Clear
16/06/2023,12:00 PM,91.82,57.64,5.36,29.66,Clear
16/06/2023,12:30 PM,92.27,55.73,5.73,29.65,Clear
16/06/2023,01:00 PM,92.27,55.73,6.18,29.64,Clear
16/06/2023,01:30 PM,92.36,55.73,7.18,29.63,Clear
16/06/2023,02:00 PM,92.09,57.18,7.64,29.62,Clear
16/06/2023,02:30 PM,91.64,59.36,7.64,29.62,Clear
16/06/2023,03:00 PM,91.00,61.55,7.73,29.61,Clear
16/06/2023,03:30 PM,90.18,63.91,7.73,29.61,Rain
16/06/2023,04:00 PM,89.36,66.45,7.27,29.60,Clear
16/06/2023,04:30 PM,88.55,69.64,6.64,29.61,Rain
16/06/2023,05:00 PM,87.73,72.55,5.91,29.61,Clear
16/06/2023,05:30 PM,86.73,75.27,5.18,29.62,Clear
16/06/2023,06:00 PM,85.91,78.00,4.73,29.62,Clear
16/06/2023,06:30 PM,85.36,78.82,4.18,29.63,Clear
16/06/2023,07:00 PM,84.55,80.91,3.09,29.64,Clear
16/06/2023,07:30 PM,84.00,81.73,2.36,29.65,Clear
16/06/2023,08:00 PM,83.64,82.18,1.82,29.66,Clear
16/06/2023,08:30 PM,83.36,83.55,1.27,29.68,Clear
16/06/2023,09:00 PM,82.91,84.45,0.82,29.69,Clear
16/06/2023,09:30 PM,82.64,84.91,0.55,29.70,Clear
16/06/2023,10:00 PM,82.36,85.82,0.73,29.71,Clear
16/06/2023,10:30 PM,81.91,86.73,0.73,29.71,Clear
16/06/2023,11:00 PM,81.45,88.09,0.91,29.71,Clear
16/06/2023,11:30 PM,81.00,89.45,0.91,29.72,Clear
17/06/2023,12:00 AM,80.55,90.82,0.73,29.71,Clear
17/06/2023,12:30 AM,80.27,91.27,0.55,29.71,Clear
17/06/2023,01:00 AM,80.00,92.18,0.55,29.71,Clear
17/06/2023,01:30 AM,79.73,93.09,0.55,29.70,Clear
17/06/2023,02:00 AM,79.36,93.64,0.55,29.69,Clear
17/06/2023,02:30 AM,79.00,94.64,0.55,29.69,Clear
17/06/2023,03:00 AM,78.64,95.09,0.73,29.68,Clear
17/06/2023,03:30 AM,78.27,95.09,0.82,29.68,Clear
17/06/2023,04:00 AM,78.09,95.09,1.00,29.68,Clear
17/06/2023,04:30 AM,78.09,95.09,0.82,29.68,Clear
17/06/2023,05:00 AM,78.09,95.09,0.82,29.68,Clear
17/06/2023,05:30 AM,78.36,94.18,1.00,29.68,Clear
17/06/2023,06:00 AM,78.82,92.82,1.27,29.68,Clear
17/06/2023,06:30 AM,79.45,91.00,1.27,29.69,Clear
17/06/2023,07:00 AM,80.27,88.82,1.55,29.69,Clear
17/06/2023,07:30 AM,81.45,85.36,2.00,29.70,Clear
17/06/2023,08:00 AM,82.64,81.91,2.55,29.71,Clear
17/06/2023,08:30 AM,83.91,78.73,2.91,29.71,Clear
17/06/2023,09:00 AM,85.18,75.55,3.18,29.71,Clear
17/06/2023,09:30 AM,86.45,72.00,3.45,29.71,Clear
17/06/2023,10:00 AM,87.91,67.91,4.09,29.71,Clear
17/06/2023,10:30 AM,89.36,63.82,4.55,29.71,Clear
17/06/2023,11:00 AM,90.36,60.91,4.91,29.70,Clear
17/06/2023,11:30 AM,91.55,57.73,5.27,29.69,Clear
17/06/2023,12:00 PM,91.91,56.36,6.36,29.68,Clear
17/06/2023,12:30 PM,91.91,56.00,6.55,29.67,Clear
17/06/2023,01:00 PM,91.18,58.00,6.73,29.66,Clear
17/06/2023,01:30 PM,89.82,60.91,7.82,29.65,Clear
17/06/2023,02:00 PM,88.36,64.09,8.45,29.65,Clear
17/06/2023,02:30 PM,86.91,67.27,8.36,29.65,Rain
17/06/2023,03:00 PM,85.45,70.82,8.18,29.65,Rain
17/06/2023,03:30 PM,83.64,74.91,7.73,29.65,Rain
17/06/2023,04:00 PM,81.82,79.00,7.36,29.65,Rain
17/06/2023,04:30 PM,80.18,82.82,7.09,29.65,Rain
17/06/2023,05:00 PM,78.18,87.36,6.64,29.66,Rain
17/06/2023,05:30 PM,76.82,90.55,5.82,29.66,Rain
17/06/2023,06:00 PM,75.82,93.09,5.64,29.68,Rain
17/06/2023,06:30 PM,75.36,94.00,5.45,29.69,Rain
17/06/2023,07:00 PM,75.55,94.00,4.09,29.69,Clear
17/06/2023,07:30 PM,75.73,94.00,2.91,29.70,Clear
17/06/2023,08:00 PM,75.91,94.00,2.45,29.71,Clear
17/06/2023,08:30 PM,76.09,94.00,2.36,29.72,Clear
17/06/2023,09:00 PM,76.27,94.00,2.18,29.73,Clear
17/06/2023,09:30 PM,76.45,94.00,1.91,29.74,Clear
17/06/2023,10:00 PM,76.64,94.00,1.64,29.75,Clear
17/06/2023,10:30 PM,76.82,94.00,1.73,29.75,Clear
17/06/2023,11:00 PM,77.00,94.00,1.45,29.75,Clear
17/06/2023,11:30 PM,77.00,94.00,1.27,29.75,Clear
18/06/2023,12:00 AM,77.00,94.00,0.82,29.75,Clear
18/06/2023,12:30 AM,77.00,94.00,0.73,29.75,Clear
18/06/2023,01:00 AM,77.00,94.00,0.73,29.75,Clear
18/06/2023,01:30 AM,77.00,94.00,0.73,29.74,Clear
18/06/2023,02:00 AM,77.00,94.00,0.55,29.74,Clear
18/06/2023,02:30 AM,77.00,94.00,0.55,29.74,Clear
18/06/2023,03:00 AM,77.00,94.00,0.73,29.74,Clear
18/06/2023,03:30 AM,77.00,94.00,1.18,29.74,Clear
18/06/2023,04:00 AM,77.00,94.00,1.36,29.74,Clear
18/06/2023,04:30 AM,77.00,94.00,1.91,29.74,Clear
18/06/2023,05:00 AM,77.18,93.55,1.82,29.74,Clear
18/06/2023,05:30 AM,77.36,93.09,1.91,29.75,Clear
18/06/2023,06:00 AM,77.73,92.18,2.36,29.75,Clear
18/06/2023,06:30 AM,78.09,91.27,2.82,29.76,Clear
18/06/2023,07:00 AM,78.45,89.91,3.36,29.77,Clear
18/06/2023,07:30 AM,78.82,88.55,3.64,29.77,Clear
18/06/2023,08:00 AM,79.18,87.18,3.91,29.78,Clear
18/06/2023,08:30 AM,79.55,85.82,4.18,29.78,Clear
18/06/2023,09:00 AM,80.00,84.00,4.27,29.78,Clear
18/06/2023,09:30 AM,80.45,82.18,4.36,29.78,Clear
18/06/2023,10:00 AM,81.09,80.00,4.00,29.77,Clear
18/06/2023,10:30 AM,81.55,78.27,4.00,29.77,Clear
18/06/2023,11:00 AM,82.00,76.55,4.18,29.76,Clear
18/06/2023,11:30 AM,82.27,75.27,3.82,29.76,Clear
18/06/2023,12:00 PM,82.55,74.00,3.45,29.75,Clear
18/06/2023,12:30 PM,82.64,73.55,3.18,29.74,Clear
18/06/2023,01:00 PM,82.91,72.73,3.09,29.74,Clear
18/06/2023,01:30 PM,83.18,71.91,3.00,29.73,Clear
18/06/2023,02:00 PM,83.45,71.09,2.55,29.72,Clear
18/06/2023,02:30 PM,83.64,70.73,2.00,29.71,Rain
18/06/2023,03:00 PM,83.82,70.36,1.45,29.71,Clear
18/06/2023,03:30 PM,83.64,70.73,1.27,29.71,Clear
18/06/2023,04:00 PM,83.45,71.09,1.27,29.70,Clear
18/06/2023,04:30 PM,83.27,71.45,1.00,29.70,Clear
18/06/2023,05:00 PM,83.00,72.27,0.73,29.70,Clear
18/06/2023,05:30 PM,82.73,73.09,0.64,29.70,Clear
18/06/2023,06:00 PM,82.64,73.55,0.36,29.71,Clear
18/06/2023,06:30 PM,82.36,74.82,0.18,29.71,Clear
18/06/2023,07:00 PM,81.91,76.55,0.00,29.71,Clear
18/06/2023,07:30 PM,81.45,78.27,0.00,29.72,Clear
18/06/2023,08:00 PM,81.00,80.00,0.00,29.72,Clear
18/06/2023,08:30 PM,80.55,81.73,0.00,29.72,Clear
18/06/2023,09:00 PM,80.09,83.55,0.00,29.73,Clear
18/06/2023,09:30 PM,79.64,85.36,0.00,29.73,Clear
18/06/2023,10:00 PM,79.18,87.18,0.00,29.73,Clear
18/06/2023,10:30 PM,78.82,88.55,0.00,29.72,Clear
18/06/2023,11:00 PM,78.45,89.91,0.00,29.72,Clear
18/06/2023,11:30 PM,78.09,91.27,0.00,29.72,Clear
19/06/2023,12:00 AM,77.73,92.18,0.00,29.71,Clear
19/06/2023,12:30 AM,77.55,92.64,0.00,29.71,Clear
19/06/2023,01:00 AM,77.36,93.09,0.00,29.70,Clear
19/06/2023,01:30 AM,77.18,93.09,0.00,29.69,Clear
19/06/2023,02:00 AM,77.00,93.09,0.09,29.69,Clear
19/06/2023,02:30 AM,77.00,92.64,0.27,29.68,Clear
19/06/2023,03:00 AM,77.00,92.18,0.27,29.68,Clear
19/06/2023,03:30 AM,77.00,92.18,0.27,29.68,Clear
19/06/2023,04:00 AM,77.00,92.18,0.27,29.68,Clear
19/06/2023,04:30 AM,77.00,92.18,0.27,29.68,Clear
19/06/2023,05:00 AM,77.18,91.73,0.27,29.68,Clear
19/06/2023,05:30 AM,77.55,90.82,0.27,29.68,Clear
19/06/2023,06:00 AM,78.00,89.45,0.45,29.69,Clear
19/06/2023,06:30 AM,78.82,87.27,0.73,29.69,Clear
19/06/2023,07:00 AM,79.64,85.55,1.00,29.70,Clear
19/06/2023,07:30 AM,80.64,83.45,1.09,29.70,Clear
19/06/2023,08:00 AM,81.82,81.00,1.18,29.71,Clear
19/06/2023,08:30 AM,83.00,78.55,1.45,29.71,Clear
19/06/2023,09:00 AM,84.18,75.36,1.73,29.72,Clear
19/06/2023,09:30 AM,85.45,71.82,2.36,29.72,Clear
19/06/2023,10:00 AM,86.73,68.00,3.18,29.72,Clear
19/06/2023,10:30 AM,88.18,64.18,4.09,29.72,Clear
19/06/2023,11:00 AM,89.27,61.00,4.82,29.71,Clear
19/06/2023,11:30 AM,90.45,57.82,5.36,29.71,Clear
19/06/2023,12:00 PM,91.09,56.18,5.82,29.70,Clear
19/06/2023,12:30 PM,91.91,53.55,6.82,29.69,Clear
19/06/2023,01:00 PM,92.18,52.27,7.91,29.68,Clear
19/06/2023,01:30 PM,92.18,51.64,8.73,29.67,Clear
19/06/2023,02:00 PM,91.82,52.36,9.18,29.67,Clear
19/06/2023,02:30 PM,91.45,53.00,9.55,29.66,Clear
19/06/2023,03:00 PM,91.18,53.27,9.18,29.66,Clear
19/06/2023,03:30 PM,90.73,54.55,8.82,29.65,Clear
19/06/2023,04:00 PM,89.91,55.91,8.09,29.65,Rain
19/06/2023,04:30 PM,89.09,57.45,7.36,29.65,Clear
19/06/2023,05:00 PM,87.91,60.18,6.82,29.66,Clear
19/06/2023,05:30 PM,86.91,62.18,6.09,29.66,Clear
19/06/2023,06:00 PM,85.64,66.09,4.82,29.67,Clear
19/06/2023,06:30 PM,84.73,69.00,3.64,29.67,Clear
19/06/2023,07:00 PM,83.91,71.64,2.55,29.68,Clear
19/06/2023,07:30 PM,83.27,72.82,1.82,29.69,Clear
19/06/2023,08:00 PM,82.64,74.36,1.18,29.69,Clear
19/06/2023,08:30 PM,81.64,77.18,1.18,29.70,Clear
19/06/2023,09:00 PM,81.00,78.73,1.27,29.71,Clear
19/06/2023,09:30 PM,80.18,81.18,1.09,29.71,Clear
19/06/2023,10:00 PM,79.55,83.27,1.09,29.72,Clear
19/06/2023,10:30 PM,78.91,85.09,0.91,29.72,Clear
19/06/2023,11:00 PM,78.27,86.91,0.91,29.72,Clear
19/06/2023,11:30 PM,77.73,87.82,0.91,29.72,Clear
20/06/2023,12:00 AM,77.18,88.73,0.82,29.72,Clear
20/06/2023,12:30 AM,76.64,89.64,0.82,29.72,Clear
20/06/2023,01:00 AM,76.27,90.18,0.82,29.72,Clear
20/06/2023,01:30 AM,75.91,91.18,0.82,29.71,Clear
20/06/2023,02:00 AM,75.55,92.18,0.55,29.71,Clear
20/06/2023,02:30 AM,75.00,93.73,0.00,29.70,Clear
20/06/2023,03:00 AM,74.64,94.18,0.00,29.70,Clear
20/06/2023,03:30 AM,74.27,95.18,0.00,29.70,Clear
20/06/2023,04:00 AM,74.09,95.18,0.00,29.69,Clear
20/06/2023,04:30 AM,74.09,95.18,0.00,29.69,Clear
20/06/2023,05:00 AM,74.27,94.73,0.00,29.69,Clear
20/06/2023,05:30 AM,74.64,93.73,0.00,29.70,Clear
20/06/2023,06:00 AM,75.27,92.36,0.00,29.70,Clear
20/06/2023,06:30 AM,76.09,91.00,0.00,29.71,Clear
20/06/2023,07:00 AM,77.09,88.82,0.18,29.71,Clear
20/06/2023,07:30 AM,78.64,85.36,0.36,29.71,Clear
20/06/2023,08:00 AM,80.18,81.91,0.36,29.72,Clear
20/06/2023,08:30 AM,81.73,79.00,0.55,29.72,Clear
20/06/2023,09:00 AM,83.36,75.27,1.00,29.72,Clear
20/06/2023,09:30 AM,85.18,71.82,1.27,29.72,Clear
20/06/2023,10:00 AM,86.82,67.73,1.55,29.72,Clear
20/06/2023,10:30 AM,88.45,64.09,2.09,29.71,Clear
20/06/2023,11:00 AM,89.91,61.00,2.55,29.71,Clear
20/06/2023,11:30 AM,91.09,58.09,3.00,29.70,Clear
20/06/2023,12:00 PM,92.09,55.64,3.91,29.69,Clear
20/06/2023,12:30 PM,93.09,53.00,4.64,29.68,Clear
20/06/2023,01:00 PM,93.55,51.09,5.36,29.67,Clear
20/06/2023,01:30 PM,94.18,48.82,6.27,29.66,Clear
20/06/2023,02:00 PM,94.45,48.27,6.73,29.65,Clear
20/06/2023,02:30 PM,94.45,48.27,6.91,29.65,Clear
20/06/2023,03:00 PM,94.27,48.55,7.27,29.64,Clear
20/06/2023,03:30 PM,94.00,50.09,7.64,29.63,Clear
20/06/2023,04:00 PM,93.36,52.00,7.64,29.63,Clear
20/06/2023,04:30 PM,92.73,53.91,7.64,29.63,Clear
20/06/2023,05:00 PM,91.91,56.00,7.36,29.63,Clear
20/06/2023,05:30 PM,91.09,58.45,6.45,29.63,Clear
20/06/2023,06:00 PM,90.09,61.45,5.55,29.64,Clear
20/06/2023,06:30 PM,89.09,64.45,4.64,29.65,Clear
20/06/2023,07:00 PM,87.91,68.27,3.73,29.65,Clear
20/06/2023,07:30 PM,86.91,70.82,3.09,29.66,Clear
20/06/2023,08:00 PM,86.00,73.55,2.45,29.67,Clear
20/06/2023,08:30 PM,85.09,76.27,1.82,29.68,Clear
20/06/2023,09:00 PM,84.27,77.91,1.18,29.69,Clear
20/06/2023,09:30 PM,83.64,79.18,0.64,29.70,Clear
20/06/2023,10:00 PM,82.82,80.91,0.18,29.71,Clear
20/06/2023,10:30 PM,82.18,82.64,0.00,29.71,Clear
20/06/2023,11:00 PM,81.55,84.00,0.00,29.72,Clear
20/06/2023,11:30 PM,80.73,85.82,0.00,29.72,Clear
21/06/2023,12:00 AM,80.09,87.64,0.00,29.72,Clear
21/06/2023,12:30 AM,79.45,88.55,0.00,29.72,Clear
21/06/2023,01:00 AM,79.00,89.00,0.00,29.72,Clear
21/06/2023,01:30 AM,78.45,90.00,0.00,29.72,Clear
21/06/2023,02:00 AM,77.91,91.00,0.00,29.72,Clear
21/06/2023,02:30 AM,77.36,91.91,0.27,29.72,Clear
21/06/2023,03:00 AM,76.82,92.36,0.27,29.72,Clear
21/06/2023,03:30 AM,76.45,92.36,0.27,29.72,Clear
21/06/2023,04:00 AM,76.09,92.36,0.27,29.72,Clear
21/06/2023,04:30 AM,75.73,92.82,0.27,29.73,Clear
21/06/2023,05:00 AM,75.73,92.36,0.27,29.73,Clear
21/06/2023,05:30 AM,76.09,91.00,0.27,29.74,Clear
21/06/2023,06:00 AM,76.55,90.09,0.27,29.74,Clear
21/06/2023,06:30 AM,77.36,88.36,0.27,29.74,Clear
21/06/2023,07:00 AM,78.55,84.55,0.27,29.74,Clear
21/06/2023,07:30 AM,79.91,80.18,0.45,29.75,Clear
21/06/2023,08:00 AM,81.27,76.36,0.36,29.75,Clear
21/06/2023,08:30 AM,82.73,72.73,0.55,29.75,Clear
21/06/2023,09:00 AM,84.18,69.36,1.18,29.75,Clear
21/06/2023,09:30 AM,85.64,65.73,1.73,29.75,Clear
21/06/2023,10:00 AM,87.27,61.36,2.27,29.75,Clear
21/06/2023,10:30 AM,88.91,57.00,2.91,29.74,Clear
21/06/2023,11:00 AM,90.18,53.55,3.64,29.74,Clear
21/06/2023,11:30 AM,91.36,50.64,4.27,29.73,Clear
21/06/2023,12:00 PM,92.00,48.45,4.73,29.72,Clear
21/06/2023,12:30 PM,92.64,46.91,5.18,29.71,Clear
21/06/2023,01:00 PM,93.09,46.18,5.55,29.70,Clear
21/06/2023,01:30 PM,93.55,45.73,6.00,29.68,Clear
21/06/2023,02:00 PM,93.91,45.55,6.45,29.67,Clear
21/06/2023,02:30 PM,94.27,44.82,6.36,29.66,Clear
21/06/2023,03:00 PM,94.45,44.55,6.64,29.65,Clear
21/06/2023,03:30 PM,94.27,44.55,6.73,29.64,Clear
21/06/2023,04:00 PM,93.82,45.27,6.64,29.64,Clear
21/06/2023,04:30 PM,93.36,46.27,6.09,29.63,Clear
21/06/2023,05:00 PM,92.73,47.00,5.64,29.63,Clear
21/06/2023,05:30 PM,92.27,48.45,5.45,29.64,Clear
21/06/2023,06:00 PM,91.64,50.36,5.00,29.64,Clear
21/06/2023,06:30 PM,90.64,53.09,4.64,29.65,Clear
21/06/2023,07:00 PM,89.64,55.55,4.27,29.66,Clear
21/06/2023,07:30 PM,88.64,58.00,3.64,29.67,Clear
21/06/2023,08:00 PM,87.64,60.73,3.09,29.69,Clear
21/06/2023,08:30 PM,86.64,63.73,2.55,29.70,Clear
21/06/2023,09:00 PM,85.73,66.73,2.36,29.71,Clear
21/06/2023,09:30 PM,84.73,69.82,2.36,29.71,Clear
21/06/2023,10:00 PM,83.91,72.27,2.45,29.72,Clear
21/06/2023,10:30 PM,83.09,74.82,2.27,29.73,Clear
21/06/2023,11:00 PM,82.27,76.73,2.00,29.73,Clear
21/06/2023,11:30 PM,81.27,79.18,2.00,29.73,Clear
22/06/2023,12:00 AM,80.82,80.00,1.82,29.73,Clear
22/06/2023,12:30 AM,80.36,80.82,1.55,29.73,Clear
22/06/2023,01:00 AM,79.91,81.64,1.55,29.73,Clear
22/06/2023,01:30 AM,79.27,83.00,1.55,29.73,Clear
22/06/2023,02:00 AM,78.82,83.91,1.27,29.73,Clear
22/06/2023,02:30 AM,78.45,84.82,0.82,29.72,Clear
22/06/2023,03:00 AM,78.27,85.36,0.27,29.72,Clear
22/06/2023,03:30 AM,77.91,86.27,0.00,29.72,Clear
22/06/2023,04:00 AM,77.55,87.27,0.00,29.72,Clear
22/06/2023,04:30 AM,77.36,87.82,0.18,29.72,Clear
22/06/2023,05:00 AM,77.55,87.27,0.18,29.72,Clear
22/06/2023,05:30 AM,77.82,86.91,0.18,29.73,Clear
22/06/2023,06:00 AM,78.27,86.09,0.18,29.73,Clear
22/06/2023,06:30 AM,78.91,84.91,0.18,29.74,Clear
22/06/2023,07:00 AM,79.73,83.18,0.18,29.74,Clear
22/06/2023,07:30 AM,80.73,81.09,0.45,29.74,Clear
22/06/2023,08:00 AM,81.91,78.64,0.73,29.75,Clear
22/06/2023,08:30 AM,83.18,75.91,0.91,29.75,Clear
22/06/2023,09:00 AM,84.36,73.18,1.36,29.75,Clear
22/06/2023,09:30 AM,85.82,69.64,1.64,29.75,Clear
22/06/2023,10:00 AM,87.09,66.55,1.91,29.74,Clear
22/06/2023,10:30 AM,88.18,64.00,2.18,29.74,Clear
22/06/2023,11:00 AM,89.18,61.27,2.64,29.73,Clear
22/06/2023,11:30 AM,90.18,58.82,3.09,29.72,Clear
22/06/2023,12:00 PM,90.64,57.82,4.27,29.71,Clear
22/06/2023,12:30 PM,91.09,57.18,5.18,29.69,Clear
22/06/2023,01:00 PM,91.09,57.18,6.00,29.68,Clear
22/06/2023,01:30 PM,90.09,58.64,7.64,29.67,Clear
22/06/2023,02:00 PM,89.00,60.36,8.36,29.66,Rain
22/06/2023,02:30 PM,88.00,62.55,8.55,29.66,Rain
22/06/2023,03:00 PM,86.91,65.09,8.82,29.65,Rain
22/06/2023,03:30 PM,85.82,67.64,8.64,29.65,Rain
22/06/2023,04:00 PM,84.73,70.18,8.55,29.65,Rain
22/06/2023,04:30 PM,83.27,73.82,8.27,29.65,Rain
22/06/2023,05:00 PM,81.64,77.64,7.82,29.65,Rain
22/06/2023,05:30 PM,80.36,80.36,6.64,29.65,Clear
22/06/2023,06:00 PM,79.09,82.73,6.00,29.66,Clear
22/06/2023,06:30 PM,78.09,85.27,4.91,29.67,Clear
22/06/2023,07:00 PM,77.91,86.73,3.09,29.68,Clear
22/06/2023,07:30 PM,77.73,88.18,2.18,29.68,Clear
22/06/2023,08:00 PM,77.55,89.18,1.55,29.69,Clear
22/06/2023,08:30 PM,77.36,90.18,1.00,29.70,Clear
22/06/2023,09:00 PM,77.18,91.18,0.73,29.71,Clear
22/06/2023,09:30 PM,77.00,92.18,0.55,29.71,Clear
22/06/2023,10:00 PM,77.00,92.64,0.36,29.72,Clear
22/06/2023,10:30 PM,77.00,93.09,0.36,29.72,Clear
22/06/2023,11:00 PM,77.00,93.55,0.36,29.72,Clear
22/06/2023,11:30 PM,77.00,94.00,0.09,29.72,Clear
23/06/2023,12:00 AM,76.82,94.55,0.09,29.72,Clear
23/06/2023,12:30 AM,76.64,95.09,0.00,29.71,Clear
23/06/2023,01:00 AM,76.45,95.64,0.00,29.71,Clear
23/06/2023,01:30 AM,76.27,95.64,0.00,29.70,Clear
23/06/2023,02:00 AM,76.09,95.64,0.00,29.69,Clear
23/06/2023,02:30 AM,75.91,95.64,0.00,29.69,Clear
23/06/2023,03:00 AM,75.73,95.64,0.00,29.68,Clear
23/06/2023,03:30 AM,75.55,95.64,0.00,29.68,Clear
23/06/2023,04:00 AM,75.36,95.64,0.00,29.68,Clear
23/06/2023,04:30 AM,75.36,95.64,0.00,29.68,Clear
23/06/2023,05:00 AM,75.36,95.64,0.00,29.68,Clear
23/06/2023,05:30 AM,75.73,95.09,0.00,29.68,Clear
23/06/2023,06:00 AM,76.36,93.64,0.00,29.68,Clear
23/06/2023,06:30 AM,77.00,92.18,0.00,29.68,Clear
23/06/2023,07:00 AM,78.00,90.36,0.27,29.69,Clear
23/06/2023,07:30 AM,79.18,88.18,0.55,29.69,Clear
23/06/2023,08:00 AM,80.36,85.64,1.00,29.70,Clear
23/06/2023,08:30 AM,81.73,82.73,1.45,29.70,Clear
23/06/2023,09:00 AM,83.18,79.55,1.73,29.71,Clear
23/06/2023,09:30 AM,84.82,76.09,1.91,29.71,Clear
23/06/2023,10:00 AM,86.27,72.00,2.73,29.71,Clear
23/06/2023,10:30 AM,87.73,68.18,3.64,29.70,Clear
23/06/2023,11:00 AM,89.18,63.91,4.27,29.70,Clear
23/06/2023,11:30 AM,90.00,61.27,5.09,29.69,Clear
23/06/2023,12:00 PM,90.82,58.64,5.91,29.69,Clear
23/06/2023,12:30 PM,91.45,57.00,6.36,29.68,Clear
23/06/2023,01:00 PM,91.73,56.00,7.27,29.66,Clear
23/06/2023,01:30 PM,91.73,56.00,7.73,29.65,Clear
23/06/2023,02:00 PM,91.36,56.73,8.45,29.65,Clear
23/06/2023,02:30 PM,90.91,57.73,8.91,29.64,Clear
23/06/2023,03:00 PM,90.27,59.00,8.73,29.63,Clear
23/06/2023,03:30 PM,89.45,61.73,8.09,29.63,Rain
23/06/2023,04:00 PM,88.45,64.64,7.36,29.62,Rain
23/06/2023,04:30 PM,87.27,68.00,6.73,29.62,Rain
23/06/2023,05:00 PM,86.64,69.73,6.09,29.62,Clear
23/06/2023,05:30 PM,86.00,71.45,5.45,29.62,Clear
23/06/2023,06:00 PM,85.00,73.55,4.73,29.63,Clear
23/06/2023,06:30 PM,84.18,75.36,3.55,29.63,Rain
23/06/2023,07:00 PM,83.64,76.55,2.64,29.64,Clear
23/06/2023,07:30 PM,83.18,77.82,1.45,29.65,Clear
23/06/2023,08:00 PM,82.73,79.09,0.73,29.65,Clear
23/06/2023,08:30 PM,82.09,80.82,0.73,29.66,Clear
23/06/2023,09:00 PM,81.64,81.73,0.55,29.67,Clear
23/06/2023,09:30 PM,81.36,82.18,0.36,29.67,Clear
23/06/2023,10:00 PM,81.09,82.64,0.36,29.68,Clear
23/06/2023,10:30 PM,80.64,84.00,0.18,29.68,Clear
23/06/2023,11:00 PM,80.18,85.36,0.00,29.69,Clear
23/06/2023,11:30 PM,79.91,86.27,0.00,29.69,Clear
24/06/2023,12:00 AM,79.64,87.18,0.00,29.69,Clear
24/06/2023,12:30 AM,79.18,88.55,0.00,29.69,Clear
24/06/2023,01:00 AM,78.82,89.45,0.00,29.69,Clear
24/06/2023,01:30 AM,78.45,90.36,0.00,29.69,Clear
24/06/2023,02:00 AM,78.27,90.82,0.00,29.68,Clear
24/06/2023,02:30 AM,78.09,91.27,0.00,29.68,Clear
24/06/2023,03:00 AM,77.91,91.73,0.00,29.68,Clear
24/06/2023,03:30 AM,77.73,92.18,0.00,29.68,Clear
24/06/2023,04:00 AM,77.55,92.64,0.00,29.67,Clear
24/06/2023,04:30 AM,77.36,93.09,0.00,29.67,Clear
24/06/2023,05:00 AM,77.36,93.55,0.00,29.68,Clear
24/06/2023,05:30 AM,77.64,92.64,0.00,29.68,Clear
24/06/2023,06:00 AM,78.27,91.27,0.27,29.68,Clear
24/06/2023,06:30 AM,79.09,89.09,0.27,29.68,Clear
24/06/2023,07:00 AM,80.09,86.55,0.55,29.69,Clear
24/06/2023,07:30 AM,81.27,83.64,1.00,29.69,Clear
24/06/2023,08:00 AM,82.45,80.73,1.45,29.69,Clear
24/06/2023,08:30 AM,83.64,77.55,1.73,29.69,Clear
24/06/2023,09:00 AM,84.91,74.00,1.91,29.69,Clear
24/06/2023,09:30 AM,86.18,70.45,2.45,29.69,Clear
24/06/2023,10:00 AM,87.45,66.64,2.64,29.69,Clear
24/06/2023,10:30 AM,88.45,63.45,3.55,29.69,Clear
24/06/2023,11:00 AM,89.45,60.45,4.36,29.68,Clear
24/06/2023,11:30 AM,90.27,57.73,4.64,29.67,Clear
24/06/2023,12:00 PM,91.09,55.82,5.18,29.66,Clear
24/06/2023,12:30 PM,91.36,54.82,5.73,29.66,Rain
24/06/2023,01:00 PM,91.64,53.91,5.73,29.65,Rain
24/06/2023,01:30 PM,91.64,53.91,5.91,29.64,Rain
24/06/2023,02:00 PM,90.82,56.18,7.00,29.63,Rain
24/06/2023,02:30 PM,89.73,59.27,7.27,29.63,Rain
24/06/2023,03:00 PM,88.82,62.36,7.36,29.62,Clear
24/06/2023,03:30 PM,87.91,65.27,7.45,29.62,Rain
24/06/2023,04:00 PM,87.09,67.55,6.55,29.61,Rain
24/06/2023,04:30 PM,86.00,71.45,5.73,29.61,Rain
24/06/2023,05:00 PM,84.91,75.09,5.18,29.62,Rain
24/06/2023,05:30 PM,83.64,78.73,4.64,29.62,Rain
24/06/2023,06:00 PM,82.55,82.27,3.82,29.62,Clear
24/06/2023,06:30 PM,81.27,86.09,3.36,29.63,Clear
24/06/2023,07:00 PM,80.27,89.00,2.73,29.64,Clear
24/06/2023,07:30 PM,80.09,89.91,1.36,29.65,Clear
24/06/2023,08:00 PM,80.09,90.36,0.91,29.65,Clear
24/06/2023,08:30 PM,79.91,90.36,0.27,29.66,Clear
24/06/2023,09:00 PM,79.73,91.27,0.00,29.67,Clear
24/06/2023,09:30 PM,79.55,92.18,0.00,29.68,Clear
24/06/2023,10:00 PM,79.36,92.64,0.00,29.68,Clear
24/06/2023,10:30 PM,79.00,93.64,0.00,29.69,Clear
24/06/2023,11:00 PM,78.64,94.09,0.00,29.69,Clear
24/06/2023,11:30 PM,78.45,94.64,0.00,29.69,Clear
25/06/2023,12:00 AM,78.27,94.64,0.00,29.69,Clear
25/06/2023,12:30 AM,78.27,94.64,0.00,29.69,Clear
25/06/2023,01:00 AM,78.09,94.64,0.00,29.68,Clear
25/06/2023,01:30 AM,77.91,94.64,0.00,29.68,Clear
25/06/2023,02:00 AM,77.73,95.09,0.00,29.67,Clear
25/06/2023,02:30 AM,77.55,95.09,0.00,29.66,Clear
25/06/2023,03:00 AM,77.36,95.09,0.00,29.66,Clear
25/06/2023,03:30 AM,77.18,95.09,0.00,29.66,Clear
25/06/2023,04:00 AM,77.18,94.55,0.00,29.65,Clear
25/06/2023,04:30 AM,77.18,94.55,0.00,29.65,Clear
25/06/2023,05:00 AM,77.55,93.55,0.00,29.65,Clear
25/06/2023,05:30 AM,77.91,93.09,0.00,29.65,Clear
25/06/2023,06:00 AM,78.18,92.18,0.18,29.66,Clear
25/06/2023,06:30 AM,78.82,90.82,0.18,29.66,Clear
25/06/2023,07:00 AM,79.82,88.64,0.18,29.67,Clear
25/06/2023,07:30 AM,80.82,86.09,0.18,29.68,Clear
25/06/2023,08:00 AM,82.00,83.18,0.18,29.68,Clear
25/06/2023,08:30 AM,83.27,80.36,0.36,29.68,Clear
25/06/2023,09:00 AM,84.45,77.45,0.82,29.68,Clear
25/06/2023,09:30 AM,85.45,74.55,1.55,29.68,Clear
25/06/2023,10:00 AM,85.27,74.09,3.18,29.69,Clear
25/06/2023,10:30 AM,84.73,74.55,3.64,29.69,Clear
25/06/2023,11:00 AM,84.36,75.00,3.82,29.69,Rain
25/06/2023,11:30 AM,83.91,75.91,4.09,29.69,Rain
25/06/2023,12:00 PM,83.27,77.27,4.09,29.68,Rain
25/06/2023,12:30 PM,82.45,79.45,4.36,29.68,Rain
25/06/2023,01:00 PM,81.82,81.55,4.55,29.68,Rain
25/06/2023,01:30 PM,81.09,83.55,4.82,29.67,Rain
25/06/2023,02:00 PM,80.45,85.00,4.82,29.66,Clear
25/06/2023,02:30 PM,79.91,86.09,4.82,29.66,Clear
25/06/2023,03:00 PM,79.55,87.64,4.36,29.65,Clear
25/06/2023,03:30 PM,80.36,86.73,2.73,29.65,Clear
25/06/2023,04:00 PM,81.00,85.82,2.27,29.64,Clear
25/06/2023,04:30 PM,81.45,84.91,2.09,29.64,Clear
25/06/2023,05:00 PM,81.82,84.45,1.64,29.64,Clear
25/06/2023,05:30 PM,82.18,84.00,1.64,29.64,Clear
25/06/2023,06:00 PM,82.36,83.55,1.36,29.64,Clear
25/06/2023,06:30 PM,82.36,83.55,1.73,29.65,Clear
25/06/2023,07:00 PM,82.27,84.00,1.73,29.65,Clear
25/06/2023,07:30 PM,81.82,85.36,1.82,29.66,Clear
25/06/2023,08:00 PM,81.36,86.73,1.36,29.67,Clear
25/06/2023,08:30 PM,80.91,88.09,1.09,29.68,Clear
25/06/2023,09:00 PM,80.27,90.00,1.09,29.69,Clear
25/06/2023,09:30 PM,79.82,91.45,1.09,29.69,Clear
25/06/2023,10:00 PM,79.36,92.91,1.09,29.70,Clear
25/06/2023,10:30 PM,79.00,93.36,1.09,29.70,Clear
25/06/2023,11:00 PM,78.64,93.82,1.09,29.70,Clear
25/06/2023,11:30 PM,78.27,94.27,1.09,29.70,Clear
26/06/2023,12:00 AM,77.73,95.27,0.73,29.70,Clear
26/06/2023,12:30 AM,77.18,96.27,0.64,29.70,Clear
26/06/2023,01:00 AM,76.82,96.82,0.55,29.69,Clear
26/06/2023,01:30 AM,76.45,97.82,0.64,29.69,Clear
26/06/2023,02:00 AM,76.09,98.36,0.91,29.69,Clear
26/06/2023,02:30 AM,75.91,98.36,0.91,29.68,Clear
26/06/2023,03:00 AM,75.73,98.36,1.09,29.68,Clear
26/06/2023,03:30 AM,75.55,98.36,1.09,29.68,Clear
26/06/2023,04:00 AM,75.36,98.91,1.18,29.68,Clear
26/06/2023,04:30 AM,75.36,98.91,1.18,29.68,Clear
26/06/2023,05:00 AM,75.36,99.45,1.18,29.68,Clear
26/06/2023,05:30 AM,75.73,98.91,1.18,29.68,Clear
26/06/2023,06:00 AM,76.55,97.45,1.00,29.68,Clear
26/06/2023,06:30 AM,77.55,94.73,0.82,29.69,Clear
26/06/2023,07:00 AM,78.73,91.64,0.73,29.69,Mist
26/06/2023,07:30 AM,79.91,88.18,0.64,29.70,Clear
26/06/2023,08:00 AM,81.27,84.73,0.91,29.71,Clear
26/06/2023,08:30 AM,82.73,80.64,0.91,29.71,Clear
26/06/2023,09:00 AM,84.18,76.55,1.18,29.71,Clear
26/06/2023,09:30 AM,85.36,73.09,2.00,29.71,Clear
26/06/2023,10:00 AM,85.73,72.18,2.91,29.71,Clear
26/06/2023,10:30 AM,86.91,68.73,3.55,29.71,Clear
26/06/2023,11:00 AM,87.73,66.55,4.18,29.70,Rain
26/06/2023,11:30 AM,88.09,65.27,5.36,29.70,Rain
26/06/2023,12:00 PM,88.27,65.27,6.27,29.69,Rain
26/06/2023,12:30 PM,88.45,64.91,7.55,29.68,Rain
26/06/2023,01:00 PM,88.45,65.27,8.27,29.67,Rain
26/06/2023,01:30 PM,88.09,66.00,8.55,29.66,Rain
26/06/2023,02:00 PM,87.45,67.73,8.36,29.66,Rain
26/06/2023,02:30 PM,86.55,70.36,8.64,29.66,Rain
26/06/2023,03:00 PM,86.00,71.91,7.91,29.65,Rain
26/06/2023,03:30 PM,86.00,71.91,7.27,29.65,Rain
26/06/2023,04:00 PM,85.18,74.36,6.91,29.65,Rain
26/06/2023,04:30 PM,84.55,75.64,6.55,29.65,Rain
26/06/2023,05:00 PM,83.91,77.36,5.55,29.65,Rain
26/06/2023,05:30 PM,83.27,79.09,4.64,29.66,Rain
26/06/2023,06:00 PM,82.45,81.55,3.64,29.66,Rain
26/06/2023,06:30 PM,81.82,83.64,3.00,29.67,Clear
26/06/2023,07:00 PM,81.18,85.82,2.45,29.68,Clear
26/06/2023,07:30 PM,80.73,87.64,2.45,29.68,Clear
26/06/2023,08:00 PM,80.55,88.55,1.91,29.69,Clear
26/06/2023,08:30 PM,80.27,89.91,1.73,29.69,Clear
26/06/2023,09:00 PM,80.09,90.82,1.45,29.70,Clear
26/06/2023,09:30 PM,79.91,91.27,1.18,29.70,Clear
26/06/2023,10:00 PM,79.73,92.18,0.73,29.71,Clear
26/06/2023,10:30 PM,79.36,93.18,0.55,29.71,Clear
26/06/2023,11:00 PM,79.00,94.18,0.55,29.71,Clear
26/06/2023,11:30 PM,78.64,95.18,0.27,29.71,Clear
27/06/2023,12:00 AM,78.27,96.18,0.00,29.70,Clear
27/06/2023,12:30 AM,78.09,96.18,0.18,29.70,Clear
27/06/2023,01:00 AM,77.91,96.18,0.18,29.70,Clear
27/06/2023,01:30 AM,77.73,96.18,0.18,29.69,Clear
27/06/2023,02:00 AM,77.55,96.18,0.18,29.69,Clear
27/06/2023,02:30 AM,77.36,96.18,0.18,29.68,Clear
27/06/2023,03:00 AM,77.18,96.18,0.18,29.68,Clear
27/06/2023,03:30 AM,77.00,96.18,0.18,29.68,Clear
27/06/2023,04:00 AM,77.00,95.64,0.18,29.67,Clear
27/06/2023,04:30 AM,77.00,95.09,0.18,29.67,Clear
27/06/2023,05:00 AM,77.00,94.55,0.18,29.68,Clear
27/06/2023,05:30 AM,77.18,94.00,0.45,29.68,Clear
27/06/2023,06:00 AM,77.55,93.55,0.45,29.68,Clear
27/06/2023,06:30 AM,78.18,92.64,0.91,29.69,Clear
27/06/2023,07:00 AM,79.00,90.45,1.36,29.69,Clear
27/06/2023,07:30 AM,80.00,88.27,1.55,29.70,Clear
27/06/2023,08:00 AM,81.18,85.36,2.00,29.71,Clear
27/06/2023,08:30 AM,82.45,82.55,2.18,29.71,Clear
27/06/2023,09:00 AM,83.73,79.36,2.45,29.71,Clear
27/06/2023,09:30 AM,85.00,76.18,2.64,29.72,Clear
27/06/2023,10:00 AM,86.27,72.64,2.82,29.71,Clear
27/06/2023,10:30 AM,87.09,70.09,4.18,29.71,Clear
27/06/2023,11:00 AM,87.27,68.27,5.00,29.71,Clear
27/06/2023,11:30 AM,87.09,68.27,5.55,29.70,Clear
27/06/2023,12:00 PM,86.45,69.18,5.64,29.70,Clear
27/06/2023,12:30 PM,85.82,70.91,5.27,29.69,Rain
27/06/2023,01:00 PM,85.00,73.09,5.27,29.68,Rain
27/06/2023,01:30 PM,84.18,75.55,5.27,29.68,Rain
27/06/2023,02:00 PM,83.55,77.00,5.64,29.67,Rain
27/06/2023,02:30 PM,82.91,78.82,5.91,29.66,Rain
27/06/2023,03:00 PM,82.27,80.18,7.09,29.66,Rain
27/06/2023,03:30 PM,81.36,82.36,8.18,29.66,Clear
27/06/2023,04:00 PM,80.91,83.55,7.55,29.67,Clear
27/06/2023,04:30 PM,80.91,84.00,6.73,29.67,Clear
27/06/2023,05:00 PM,80.91,83.45,6.27,29.67,Clear
27/06/2023,05:30 PM,81.09,82.45,5.73,29.68,Clear
27/06/2023,06:00 PM,81.09,81.91,5.82,29.68,Clear
27/06/2023,06:30 PM,81.09,80.91,5.91,29.69,Clear
27/06/2023,07:00 PM,80.91,80.36,5.64,29.70,Clear
27/06/2023,07:30 PM,80.45,80.73,5.36,29.71,Clear
27/06/2023,08:00 PM,79.82,81.64,5.09,29.72,Clear
27/06/2023,08:30 PM,79.18,83.00,3.73,29.73,Clear
27/06/2023,09:00 PM,78.82,84.36,2.64,29.74,Clear
27/06/2023,09:30 PM,78.45,85.73,1.91,29.74,Clear
27/06/2023,10:00 PM,78.09,87.09,1.64,29.74,Clear
27/06/2023,10:30 PM,77.91,88.09,1.36,29.75,Clear
27/06/2023,11:00 PM,77.73,89.09,1.36,29.75,Clear
27/06/2023,11:30 PM,77.55,90.09,1.18,29.75,Clear
28/06/2023,12:00 AM,77.36,91.09,1.09,29.75,Clear
28/06/2023,12:30 AM,77.00,92.64,0.91,29.74,Clear
28/06/2023,01:00 AM,76.64,94.18,0.64,29.74,Clear
28/06/2023,01:30 AM,76.45,94.64,0.45,29.74,Clear
28/06/2023,02:00 AM,76.27,95.64,0.64,29.73,Clear
28/06/2023,02:30 AM,76.09,96.18,0.55,29.72,Clear
28/06/2023,03:00 AM,75.91,96.18,0.55,29.72,Clear
28/06/2023,03:30 AM,75.73,96.18,0.55,29.72,Clear
28/06/2023,04:00 AM,75.55,96.73,0.55,29.71,Clear
28/06/2023,04:30 AM,75.55,96.73,0.73,29.71,Clear
28/06/2023,05:00 AM,75.73,96.27,0.82,29.71,Clear
28/06/2023,05:30 AM,76.09,95.82,1.18,29.72,Clear
28/06/2023,06:00 AM,76.73,94.36,1.73,29.72,Clear
28/06/2023,06:30 AM,77.55,92.00,2.27,29.72,Clear
28/06/2023,07:00 AM,78.55,89.45,2.64,29.73,Clear
28/06/2023,07:30 AM,79.73,86.36,2.73,29.73,Clear
28/06/2023,08:00 AM,80.91,83.27,3.18,29.74,Clear
28/06/2023,08:30 AM,82.27,80.09,3.91,29.74,Clear
28/06/2023,09:00 AM,83.64,77.18,4.45,29.74,Clear
28/06/2023,09:30 AM,85.09,73.09,4.91,29.75,Clear
28/06/2023,10:00 AM,86.36,69.55,5.18,29.74,Clear
28/06/2023,10:30 AM,86.82,68.64,6.36,29.74,Clear
28/06/2023,11:00 AM,86.64,69.09,7.27,29.74,Clear
28/06/2023,11:30 AM,86.82,68.64,7.55,29.73,Clear
28/06/2023,12:00 PM,87.00,68.27,8.36,29.72,Clear
28/06/2023,12:30 PM,87.18,67.91,9.27,29.71,Rain
28/06/2023,01:00 PM,86.82,68.27,9.64,29.70,Rain
28/06/2023,01:30 PM,86.45,68.64,9.64,29.69,Rain
28/06/2023,02:00 PM,86.09,69.27,9.64,29.68,Clear
28/06/2023,02:30 PM,85.73,69.64,10.00,29.68,Clear
28/06/2023,03:00 PM,85.27,70.64,10.36,29.67,Clear
28/06/2023,03:30 PM,84.82,71.64,10.36,29.66,Clear
28/06/2023,04:00 PM,84.82,70.82,9.73,29.66,Clear
28/06/2023,04:30 PM,85.09,69.00,8.36,29.65,Clear
28/06/2023,05:00 PM,84.91,69.00,7.82,29.65,Clear
28/06/2023,05:30 PM,84.45,70.27,6.73,29.66,Clear
28/06/2023,06:00 PM,83.82,72.27,5.64,29.66,Clear
28/06/2023,06:30 PM,83.55,73.55,5.18,29.67,Clear
28/06/2023,07:00 PM,83.27,74.82,5.09,29.68,Clear
28/06/2023,07:30 PM,82.82,76.45,4.91,29.69,Clear
28/06/2023,08:00 PM,82.36,78.09,4.45,29.70,Clear
28/06/2023,08:30 PM,81.73,80.18,4.09,29.71,Clear
28/06/2023,09:00 PM,81.09,82.27,3.82,29.72,Clear
28/06/2023,09:30 PM,80.64,84.00,3.45,29.73,Clear
28/06/2023,10:00 PM,80.36,85.36,3.55,29.74,Clear
28/06/2023,10:30 PM,80.09,86.27,3.45,29.74,Clear
28/06/2023,11:00 PM,79.91,86.73,3.45,29.74,Clear
28/06/2023,11:30 PM,79.73,87.18,3.64,29.74,Clear
29/06/2023,12:00 AM,79.55,87.64,3.73,29.74,Clear
29/06/2023,12:30 AM,79.36,88.09,3.45,29.74,Clear
29/06/2023,01:00 AM,79.18,88.55,3.18,29.73,Clear
29/06/2023,01:30 AM,78.82,89.00,3.00,29.72,Clear
29/06/2023,02:00 AM,78.64,89.00,2.82,29.72,Clear
29/06/2023,02:30 AM,78.45,89.00,3.09,29.71,Clear
29/06/2023,03:00 AM,78.27,89.00,3.00,29.71,Clear
29/06/2023,03:30 AM,78.09,89.00,3.00,29.70,Clear
29/06/2023,04:00 AM,77.91,89.45,3.09,29.70,Clear
29/06/2023,04:30 AM,77.73,89.91,3.36,29.70,Clear
29/06/2023,05:00 AM,77.73,89.91,3.18,29.70,Clear
29/06/2023,05:30 AM,78.00,89.00,3.45,29.70,Clear
29/06/2023,06:00 AM,78.27,88.09,3.91,29.70,Clear
29/06/2023,06:30 AM,78.73,86.73,4.27,29.71,Clear
29/06/2023,07:00 AM,79.55,85.00,4.73,29.71,Clear
29/06/2023,07:30 AM,80.55,82.55,5.27,29.71,Clear
29/06/2023,08:00 AM,81.55,80.45,5.73,29.72,Clear
29/06/2023,08:30 AM,82.55,78.36,6.73,29.72,Clear
29/06/2023,09:00 AM,83.55,75.91,7.73,29.72,Clear
29/06/2023,09:30 AM,84.73,73.00,8.55,29.72,Clear
29/06/2023,10:00 AM,85.73,70.45,9.45,29.72,Clear
29/06/2023,10:30 AM,86.36,68.73,10.27,29.72,Clear
29/06/2023,11:00 AM,86.91,67.55,10.82,29.72,Clear
29/06/2023,11:30 AM,87.45,66.36,11.27,29.71,Clear
29/06/2023,12:00 PM,87.82,65.64,11.55,29.70,Clear
29/06/2023,12:30 PM,88.18,64.91,12.00,29.69,Clear
29/06/2023,01:00 PM,88.00,65.27,12.27,29.68,Clear
29/06/2023,01:30 PM,88.00,64.91,12.64,29.67,Clear
29/06/2023,02:00 PM,88.00,64.55,12.36,29.66,Clear
29/06/2023,02:30 PM,87.82,64.91,12.27,29.65,Clear
29/06/2023,03:00 PM,87.45,65.27,12.09,29.64,Clear
29/06/2023,03:30 PM,87.27,64.91,11.36,29.63,Clear
29/06/2023,04:00 PM,87.09,64.55,10.91,29.63,Clear
29/06/2023,04:30 PM,86.73,64.91,10.55,29.63,Clear
29/06/2023,05:00 PM,86.18,65.64,10.00,29.63,Clear
29/06/2023,05:30 PM,85.64,66.36,9.64,29.63,Clear
29/06/2023,06:00 PM,84.91,67.45,8.91,29.64,Clear
29/06/2023,06:30 PM,84.55,68.18,8.27,29.65,Clear
29/06/2023,07:00 PM,83.91,69.27,7.00,29.65,Clear
29/06/2023,07:30 PM,83.27,70.82,6.36,29.66,Clear
29/06/2023,08:00 PM,82.64,72.36,5.27,29.67,Clear
29/06/2023,08:30 PM,82.00,73.91,4.64,29.68,Clear
29/06/2023,09:00 PM,81.36,75.82,4.18,29.69,Clear
29/06/2023,09:30 PM,80.91,77.36,3.73,29.70,Clear
29/06/2023,10:00 PM,80.45,78.55,3.27,29.71,Clear
29/06/2023,10:30 PM,80.00,79.91,2.91,29.71,Clear
29/06/2023,11:00 PM,79.55,81.27,2.64,29.71,Clear
29/06/2023,11:30 PM,79.27,82.09,2.64,29.71,Clear
30/06/2023,12:00 AM,78.82,83.91,2.64,29.71,Clear
30/06/2023,12:30 AM,78.45,85.73,2.91,29.71,Clear
30/06/2023,01:00 AM,78.09,87.09,2.91,29.70,Clear
30/06/2023,01:30 AM,77.91,88.09,3.18,29.70,Clear
30/06/2023,02:00 AM,77.73,89.09,3.09,29.69,Clear
30/06/2023,02:30 AM,77.55,90.09,3.09,29.69,Clear
30/06/2023,03:00 AM,77.36,91.09,2.91,29.68,Clear
30/06/2023,03:30 AM,77.18,92.09,2.82,29.68,Clear
30/06/2023,04:00 AM,77.18,92.55,2.73,29.67,Clear
30/06/2023,04:30 AM,77.36,92.55,2.45,29.67,Clear
30/06/2023,05:00 AM,77.55,93.09,2.27,29.67,Clear
30/06/2023,05:30 AM,78.00,92.18,2.45,29.68,Clear
30/06/2023,06:00 AM,78.45,91.27,2.91,29.68,Clear
30/06/2023,06:30 AM,79.09,89.91,3.27,29.69,Clear
30/06/2023,07:00 AM,79.91,88.09,3.73,29.69,Clear
30/06/2023,07:30 AM,80.73,85.91,4.09,29.69,Clear
30/06/2023,08:00 AM,81.73,83.73,4.45,29.70,Clear
30/06/2023,08:30 AM,82.91,81.18,5.18,29.70,Clear
30/06/2023,09:00 AM,84.09,78.64,5.55,29.71,Clear
30/06/2023,09:30 AM,85.27,76.45,6.27,29.71,Clear
30/06/2023,10:00 AM,86.27,73.73,7.36,29.71,Clear
30/06/2023,10:30 AM,86.91,71.64,8.64,29.71,Clear
30/06/2023,11:00 AM,86.64,72.55,8.82,29.71,Clear
30/06/2023,11:30 AM,86.55,73.00,8.73,29.71,Clear
30/06/2023,12:00 PM,86.36,73.45,8.55,29.70,Clear
30/06/2023,12:30 PM,86.00,74.36,8.45,29.70,Rain
30/06/2023,01:00 PM,85.64,75.64,8.55,29.69,Rain
30/06/2023,01:30 PM,85.09,76.45,8.55,29.68,Rain
30/06/2023,02:00 PM,84.55,77.18,8.45,29.68,Clear
30/06/2023,02:30 PM,84.00,77.91,8.55,29.67,Clear
30/06/2023,03:00 PM,83.45,78.27,8.55,29.66,Clear
30/06/2023,03:30 PM,82.91,79.64,8.18,29.65,Clear
30/06/2023,04:00 PM,82.36,80.82,7.45,29.65,Clear
30/06/2023,04:30 PM,82.64,79.45,7.36,29.65,Clear
30/06/2023,05:00 PM,82.73,78.55,7.18,29.65,Clear
30/06/2023,05:30 PM,82.73,78.09,7.36,29.65,Clear
30/06/2023,06:00 PM,82.73,77.64,7.18,29.65,Clear
30/06/2023,06:30 PM,82.64,77.64,6.82,29.65,Clear
30/06/2023,07:00 PM,82.55,78.09,6.45,29.66,Clear
30/06/2023,07:30 PM,82.27,79.00,6.27,29.66,Clear
30/06/2023,08:00 PM,82.00,80.36,6.18,29.67,Clear
30/06/2023,08:30 PM,81.73,81.73,5.64,29.68,Clear
30/06/2023,09:00 PM,81.45,83.09,5.18,29.69,Clear
30/06/2023,09:30 PM,81.36,84.00,4.64,29.70,Clear
30/06/2023,10:00 PM,81.27,84.91,4.09,29.70,Clear
30/06/2023,10:30 PM,81.00,86.27,3.82,29.70,Clear
30/06/2023,11:00 PM,80.73,87.64,3.64,29.70,Clear
30/06/2023,11:30 PM,80.45,88.55,3.45,29.70,Clear
01/07/2023,12:00 AM,80.27,89.00,3.36,29.70,Clear
01/07/2023,12:30 AM,80.09,89.45,3.27,29.70,Clear
01/07/2023,01:00 AM,79.91,90.36,3.27,29.69,Clear
01/07/2023,01:30 AM,79.73,90.36,3.18,29.69,Clear
01/07/2023,02:00 AM,79.55,90.36,3.64,29.68,Clear
01/07/2023,02:30 AM,79.36,90.82,3.82,29.68,Clear
01/07/2023,03:00 AM,79.18,91.27,3.82,29.68,Clear
01/07/2023,03:30 AM,78.82,91.73,4.36,29.68,Clear
01/07/2023,04:00 AM,78.45,91.73,5.00,29.69,Clear
01/07/2023,04:30 AM,78.09,91.73,5.00,29.69,Rain
01/07/2023,05:00 AM,77.73,92.73,5.00,29.70,Rain
01/07/2023,05:30 AM,77.36,93.73,5.27,29.71,Rain
01/07/2023,06:00 AM,77.00,94.73,5.36,29.72,Rain
01/07/2023,06:30 AM,76.64,95.27,5.36,29.73,Rain
01/07/2023,07:00 AM,76.45,95.73,5.45,29.74,Rain
01/07/2023,07:30 AM,76.45,95.73,5.36,29.75,Rain
01/07/2023,08:00 AM,76.64,94.82,5.55,29.75,Rain
01/07/2023,08:30 AM,76.91,93.45,6.00,29.76,Rain
01/07/2023,09:00 AM,77.36,91.64,6.18,29.76,Rain
01/07/2023,09:30 AM,78.18,89.45,6.45,29.77,Rain
01/07/2023,10:00 AM,79.00,87.27,7.36,29.77,Clear
01/07/2023,10:30 AM,79.82,84.55,8.00,29.76,Clear
01/07/2023,11:00 AM,80.82,81.45,8.36,29.76,Clear
01/07/2023,11:30 AM,81.82,78.36,9.45,29.75,Clear
01/07/2023,12:00 PM,82.82,75.27,10.09,29.74,Clear
01/07/2023,12:30 PM,83.64,72.73,10.64,29.73,Clear
01/07/2023,01:00 PM,84.27,70.64,11.18,29.72,Clear
01/07/2023,01:30 PM,84.55,69.36,11.36,29.71,Clear
01/07/2023,02:00 PM,84.91,68.18,11.45,29.70,Clear
01/07/2023,02:30 PM,85.09,67.82,11.27,29.69,Clear
01/07/2023,03:00 PM,85.09,67.82,10.91,29.69,Clear
01/07/2023,03:30 PM,84.91,68.18,10.27,29.68,Clear
01/07/2023,04:00 PM,84.73,68.55,10.27,29.68,Clear
01/07/2023,04:30 PM,84.36,69.27,10.09,29.67,Clear
01/07/2023,05:00 PM,83.91,70.45,9.00,29.67,Clear
01/07/2023,05:30 PM,83.45,71.64,8.45,29.67,Clear
01/07/2023,06:00 PM,83.00,72.82,7.91,29.68,Clear
01/07/2023,06:30 PM,82.55,74.00,7.27,29.68,Clear
01/07/2023,07:00 PM,82.27,74.82,7.00,29.69,Clear
01/07/2023,07:30 PM,81.82,76.45,6.82,29.69,Clear
01/07/2023,08:00 PM,81.55,77.73,6.91,29.70,Clear
01/07/2023,08:30 PM,81.27,78.55,6.73,29.71,Clear
01/07/2023,09:00 PM,81.18,79.45,6.55,29.72,Clear
01/07/2023,09:30 PM,81.18,79.91,6.27,29.72,Clear
01/07/2023,10:00 PM,81.18,80.36,6.27,29.73,Clear
01/07/2023,10:30 PM,81.18,80.82,6.45,29.74,Clear
01/07/2023,11:00 PM,81.18,81.27,6.36,29.74,Clear
01/07/2023,11:30 PM,81.18,81.73,6.45,29.75,Clear
02/07/2023,12:00 AM,81.18,82.18,6.45,29.75,Clear
02/07/2023,12:30 AM,81.00,82.55,6.82,29.75,Clear
02/07/2023,01:00 AM,80.82,82.45,6.73,29.75,Clear
02/07/2023,01:30 AM,80.45,82.91,6.36,29.74,Clear
02/07/2023,02:00 AM,80.09,83.82,6.36,29.74,Clear
02/07/2023,02:30 AM,79.91,83.27,6.55,29.73,Clear
02/07/2023,03:00 AM,79.64,83.64,6.36,29.72,Rain
02/07/2023,03:30 AM,79.18,84.55,5.91,29.71,Clear
02/07/2023,04:00 AM,78.82,85.00,5.91,29.70,Clear
02/07/2023,04:30 AM,78.45,85.45,5.45,29.70,Clear
02/07/2023,05:00 AM,78.27,85.91,5.00,29.70,Clear
02/07/2023,05:30 AM,78.27,85.91,4.73,29.70,Clear
02/07/2023,06:00 AM,78.73,85.09,3.82,29.70,Clear
02/07/2023,06:30 AM,79.18,84.27,3.27,29.70,Clear
02/07/2023,07:00 AM,79.82,83.36,3.36,29.70,Clear
02/07/2023,07:30 AM,80.45,82.00,3.27,29.71,Clear
02/07/2023,08:00 AM,81.09,81.64,2.73,29.72,Clear
02/07/2023,08:30 AM,82.09,79.73,3.09,29.72,Clear
02/07/2023,09:00 AM,83.27,76.64,3.73,29.73,Clear
02/07/2023,09:30 AM,84.45,73.55,4.09,29.74,Clear
02/07/2023,10:00 AM,85.64,70.45,5.18,29.74,Clear
02/07/2023,10:30 AM,86.45,67.64,6.09,29.74,Clear
02/07/2023,11:00 AM,87.36,64.73,6.55,29.74,Clear
02/07/2023,11:30 AM,88.00,62.73,7.73,29.74,Clear
02/07/2023,12:00 PM,88.64,60.73,8.45,29.73,Clear
02/07/2023,12:30 PM,89.27,58.00,8.82,29.72,Clear
02/07/2023,01:00 PM,89.91,55.73,9.18,29.71,Clear
02/07/2023,01:30 PM,90.36,53.73,9.91,29.70,Clear
02/07/2023,02:00 PM,90.45,52.82,9.73,29.69,Clear
02/07/2023,02:30 PM,90.55,52.27,9.64,29.68,Clear
02/07/2023,03:00 PM,90.64,51.45,9.45,29.68,Clear
02/07/2023,03:30 PM,90.64,51.18,9.00,29.67,Clear
02/07/2023,04:00 PM,90.64,51.18,8.36,29.67,Clear
02/07/2023,04:30 PM,90.18,52.09,7.91,29.67,Clear
02/07/2023,05:00 PM,89.55,53.36,7.00,29.67,Clear
02/07/2023,05:30 PM,88.73,55.36,6.27,29.67,Clear
02/07/2023,06:00 PM,87.91,57.64,5.36,29.68,Clear
02/07/2023,06:30 PM,87.09,60.36,4.55,29.68,Clear
02/07/2023,07:00 PM,86.27,62.82,3.64,29.69,Clear
02/07/2023,07:30 PM,85.45,65.27,3.00,29.71,Clear
02/07/2023,08:00 PM,84.55,68.91,2.27,29.72,Clear
02/07/2023,08:30 PM,83.64,72.36,1.64,29.72,Clear
02/07/2023,09:00 PM,82.64,75.73,1.00,29.74,Clear
02/07/2023,09:30 PM,81.82,78.55,0.55,29.75,Clear
02/07/2023,10:00 PM,81.18,81.00,0.27,29.75,Clear
02/07/2023,10:30 PM,80.73,83.09,0.00,29.76,Clear
02/07/2023,11:00 PM,80.27,84.91,0.00,29.76,Clear
02/07/2023,11:30 PM,79.82,86.27,0.45,29.76,Clear
03/07/2023,12:00 AM,79.36,87.18,0.91,29.76,Clear
03/07/2023,12:30 AM,78.91,88.09,1.00,29.75,Clear
03/07/2023,01:00 AM,78.45,89.45,1.18,29.75,Clear
03/07/2023,01:30 AM,78.09,89.91,1.36,29.75,Clear
03/07/2023,02:00 AM,77.73,90.82,1.55,29.74,Clear
03/07/2023,02:30 AM,77.55,91.27,1.73,29.74,Clear
03/07/2023,03:00 AM,77.36,91.73,1.73,29.73,Clear
03/07/2023,03:30 AM,77.00,92.73,1.91,29.73,Clear
03/07/2023,04:00 AM,76.64,93.73,1.91,29.72,Clear
03/07/2023,04:30 AM,76.64,93.73,1.91,29.72,Clear
03/07/2023,05:00 AM,77.00,93.27,1.45,29.72,Clear
03/07/2023,05:30 AM,77.36,92.82,1.00,29.72,Clear
03/07/2023,06:00 AM,77.82,92.36,1.09,29.73,Clear
03/07/2023,06:30 AM,78.45,91.00,1.09,29.73,Clear
03/07/2023,07:00 AM,79.45,88.82,1.18,29.74,Clear
03/07/2023,07:30 AM,80.45,85.91,1.27,29.74,Clear
03/07/2023,08:00 AM,81.64,83.00,1.09,29.74,Clear
03/07/2023,08:30 AM,82.82,79.82,1.27,29.75,Clear
03/07/2023,09:00 AM,84.27,75.73,1.27,29.75,Clear
03/07/2023,09:30 AM,85.73,71.36,1.55,29.75,Clear
03/07/2023,10:00 AM,87.00,67.82,1.82,29.75,Clear
03/07/2023,10:30 AM,87.91,65.18,2.27,29.74,Clear
03/07/2023,11:00 AM,88.82,62.55,2.27,29.74,Clear
03/07/2023,11:30 AM,89.82,59.64,2.55,29.73,Clear
03/07/2023,12:00 PM,90.64,56.91,2.64,29.72,Clear
03/07/2023,12:30 PM,91.09,55.27,2.64,29.71,Clear
03/07/2023,01:00 PM,91.55,54.36,2.91,29.70,Clear
03/07/2023,01:30 PM,91.82,53.45,3.45,29.69,Clear
03/07/2023,02:00 PM,91.91,53.09,3.73,29.68,Clear
03/07/2023,02:30 PM,91.91,53.09,4.00,29.67,Clear
03/07/2023,03:00 PM,91.82,54.36,4.27,29.66,Clear
03/07/2023,03:30 PM,91.55,55.36,4.64,29.66,Clear
03/07/2023,04:00 PM,91.27,56.73,4.64,29.65,Clear
03/07/2023,04:30 PM,90.82,58.09,5.09,29.65,Clear
03/07/2023,05:00 PM,90.18,60.09,5.18,29.65,Clear
03/07/2023,05:30 PM,89.36,62.82,5.45,29.65,Clear
03/07/2023,06:00 PM,88.36,65.27,5.45,29.65,Clear
03/07/2023,06:30 PM,87.36,67.73,4.91,29.66,Clear
03/07/2023,07:00 PM,86.36,70.64,4.36,29.67,Clear
03/07/2023,07:30 PM,85.55,73.27,3.91,29.68,Clear
03/07/2023,08:00 PM,84.73,75.91,3.45,29.69,Clear
03/07/2023,08:30 PM,84.00,77.55,2.91,29.70,Clear
03/07/2023,09:00 PM,83.36,79.64,2.55,29.71,Clear
03/07/2023,09:30 PM,82.73,81.36,2.27,29.72,Clear
03/07/2023,10:00 PM,82.27,83.09,2.00,29.73,Clear
03/07/2023,10:30 PM,81.82,84.45,1.91,29.73,Clear
03/07/2023,11:00 PM,81.55,85.36,1.82,29.74,Clear
03/07/2023,11:30 PM,81.27,86.73,2.00,29.74,Clear
04/07/2023,12:00 AM,81.00,87.64,2.45,29.74,Clear
04/07/2023,12:30 AM,80.73,88.09,2.73,29.74,Clear
04/07/2023,01:00 AM,80.45,88.55,2.73,29.74,Clear
04/07/2023,01:30 AM,80.18,89.00,3.00,29.73,Clear
04/07/2023,02:00 AM,79.91,89.45,3.18,29.72,Clear
04/07/2023,02:30 AM,79.73,89.45,2.91,29.72,Clear
04/07/2023,03:00 AM,79.36,89.91,2.73,29.71,Clear
04/07/2023,03:30 AM,79.00,90.91,2.55,29.71,Clear
04/07/2023,04:00 AM,78.64,91.91,2.09,29.71,Clear
04/07/2023,04:30 AM,78.45,92.36,1.64,29.71,Clear
04/07/2023,05:00 AM,78.64,91.91,1.36,29.71,Clear
04/07/2023,05:30 AM,78.91,91.45,1.00,29.71,Clear
04/07/2023,06:00 AM,79.36,90.55,0.91,29.71,Clear
04/07/2023,06:30 AM,80.00,89.18,1.18,29.71,Clear
04/07/2023,07:00 AM,80.64,87.82,1.18,29.71,Clear
04/07/2023,07:30 AM,81.45,86.09,1.00,29.72,Clear
04/07/2023,08:00 AM,82.45,84.00,1.27,29.72,Clear
04/07/2023,08:30 AM,83.64,81.09,1.45,29.72,Clear
04/07/2023,09:00 AM,84.91,77.36,1.73,29.72,Clear
04/07/2023,09:30 AM,86.18,73.64,2.00,29.72,Clear
04/07/2023,10:00 AM,87.45,70.18,2.55,29.72,Clear
04/07/2023,10:30 AM,88.55,67.18,2.55,29.71,Clear
04/07/2023,11:00 AM,89.36,64.55,2.73,29.71,Clear
04/07/2023,11:30 AM,89.91,62.73,3.45,29.70,Clear
04/07/2023,12:00 PM,90.09,62.00,4.09,29.69,Clear
04/07/2023,12:30 PM,90.27,61.64,4.55,29.69,Rain
04/07/2023,01:00 PM,90.27,61.64,5.00,29.68,Clear
04/07/2023,01:30 PM,90.27,61.64,5.27,29.67,Clear
04/07/2023,02:00 PM,90.27,61.64,5.73,29.66,Rain
04/07/2023,02:30 PM,90.27,61.64,6.09,29.65,Rain
04/07/2023,03:00 PM,90.18,62.27,6.64,29.64,Rain
04/07/2023,03:30 PM,89.91,63.18,6.64,29.64,Rain
04/07/2023,04:00 PM,89.45,64.09,7.00,29.63,Clear
04/07/2023,04:30 PM,89.00,65.45,7.18,29.63,Clear
04/07/2023,05:00 PM,88.64,66.82,6.82,29.63,Clear
04/07/2023,05:30 PM,88.27,68.00,6.36,29.63,Clear
04/07/2023,06:00 PM,87.91,68.82,6.27,29.64,Clear
04/07/2023,06:30 PM,87.36,70.09,6.09,29.65,Clear
04/07/2023,07:00 PM,86.64,71.73,5.82,29.66,Clear
04/07/2023,07:30 PM,85.91,74.18,5.18,29.67,Clear
04/07/2023,08:00 PM,85.09,76.45,4.64,29.68,Clear
04/07/2023,08:30 PM,84.27,78.55,4.09,29.69,Clear
04/07/2023,09:00 PM,83.45,81.09,3.82,29.70,Clear
04/07/2023,09:30 PM,82.82,83.64,3.73,29.71,Clear
04/07/2023,10:00 PM,82.36,85.36,3.36,29.71,Clear
04/07/2023,10:30 PM,81.91,86.73,2.82,29.72,Clear
04/07/2023,11:00 PM,81.64,87.64,2.36,29.72,Clear
04/07/2023,11:30 PM,81.18,89.00,1.73,29.72,Clear
05/07/2023,12:00 AM,80.91,89.91,1.45,29.72,Clear
05/07/2023,12:30 AM,80.64,90.82,1.18,29.72,Clear
05/07/2023,01:00 AM,80.36,91.27,1.18,29.71,Clear
05/07/2023,01:30 AM,80.09,92.18,1.09,29.71,Clear
05/07/2023,02:00 AM,79.91,92.64,0.82,29.70,Clear
05/07/2023,02:30 AM,79.73,92.64,0.55,29.69,Clear
05/07/2023,03:00 AM,79.55,92.64,0.09,29.69,Clear
05/07/2023,03:30 AM,79.36,93.09,0.00,29.68,Clear
05/07/2023,04:00 AM,79.18,93.55,0.00,29.68,Clear
05/07/2023,04:30 AM,79.00,94.00,0.00,29.68,Clear
05/07/2023,05:00 AM,79.18,93.55,0.00,29.68,Clear
05/07/2023,05:30 AM,79.64,92.64,0.00,29.68,Clear
05/07/2023,06:00 AM,80.27,91.27,0.00,29.68,Clear
05/07/2023,06:30 AM,80.91,89.45,0.00,29.69,Clear
05/07/2023,07:00 AM,81.55,87.64,0.00,29.69,Clear
05/07/2023,07:30 AM,82.55,84.73,0.00,29.70,Clear
05/07/2023,08:00 AM,83.36,82.18,0.45,29.70,Clear
05/07/2023,08:30 AM,84.36,79.64,1.00,29.71,Clear
05/07/2023,09:00 AM,85.36,76.73,1.18,29.71,Clear
05/07/2023,09:30 AM,86.36,73.82,1.45,29.71,Clear
05/07/2023,10:00 AM,87.45,70.00,2.00,29.71,Clear
05/07/2023,10:30 AM,88.55,66.64,2.55,29.71,Clear
05/07/2023,11:00 AM,89.36,63.73,2.73,29.71,Clear
05/07/2023,11:30 AM,90.00,61.00,3.27,29.71,Clear
05/07/2023,12:00 PM,90.82,58.55,3.82,29.70,Clear
05/07/2023,12:30 PM,91.45,56.55,4.73,29.69,Clear
05/07/2023,01:00 PM,91.73,55.64,5.55,29.69,Clear
05/07/2023,01:30 PM,92.18,54.36,5.73,29.68,Clear
05/07/2023,02:00 PM,92.45,53.45,5.91,29.66,Clear
05/07/2023,02:30 PM,92.55,52.82,6.45,29.66,Clear
05/07/2023,03:00 PM,92.55,52.55,6.82,29.65,Clear
05/07/2023,03:30 PM,92.45,53.18,6.82,29.64,Clear
05/07/2023,04:00 PM,92.00,54.45,6.73,29.64,Clear
05/07/2023,04:30 PM,91.36,55.00,7.18,29.64,Clear
05/07/2023,05:00 PM,90.55,56.55,6.82,29.64,Clear
05/07/2023,05:30 PM,89.36,59.00,6.82,29.64,Rain
05/07/2023,06:00 PM,88.27,61.45,6.18,29.64,Rain
05/07/2023,06:30 PM,87.18,63.91,5.64,29.65,Rain
05/07/2023,07:00 PM,86.09,66.36,5.00,29.66,Clear
05/07/2023,07:30 PM,84.82,69.36,4.45,29.67,Clear
05/07/2023,08:00 PM,83.73,71.91,4.00,29.68,Clear
05/07/2023,08:30 PM,82.73,74.09,3.82,29.69,Clear
05/07/2023,09:00 PM,81.73,76.27,3.27,29.71,Clear
05/07/2023,09:30 PM,80.73,78.36,2.82,29.72,Clear
05/07/2023,10:00 PM,79.91,81.18,2.18,29.72,Clear
05/07/2023,10:30 PM,79.45,82.73,2.18,29.73,Clear
05/07/2023,11:00 PM,79.00,84.09,1.82,29.74,Clear
05/07/2023,11:30 PM,78.82,84.45,1.55,29.74,Clear
06/07/2023,12:00 AM,78.64,84.82,1.27,29.74,Clear
06/07/2023,12:30 AM,78.27,85.73,1.45,29.74,Clear
06/07/2023,01:00 AM,78.09,85.73,1.27,29.74,Clear
06/07/2023,01:30 AM,77.91,86.27,1.00,29.73,Clear
06/07/2023,02:00 AM,77.73,86.82,0.55,29.73,Clear
06/07/2023,02:30 AM,77.55,87.82,0.55,29.72,Clear
06/07/2023,03:00 AM,77.55,88.27,0.55,29.72,Clear
06/07/2023,03:30 AM,77.55,88.73,0.55,29.71,Clear
06/07/2023,04:00 AM,77.36,89.73,0.36,29.71,Clear
06/07/2023,04:30 AM,77.36,90.18,0.18,29.71,Clear
06/07/2023,05:00 AM,77.36,90.73,0.18,29.71,Clear
06/07/2023,05:30 AM,77.55,90.82,0.18,29.71,Clear
06/07/2023,06:00 AM,78.00,90.36,0.00,29.72,Clear
06/07/2023,06:30 AM,78.64,89.00,0.18,29.72,Clear
06/07/2023,07:00 AM,79.45,86.91,0.64,29.73,Clear
06/07/2023,07:30 AM,80.45,84.09,1.18,29.73,Clear
06/07/2023,08:00 AM,81.64,80.55,1.64,29.74,Clear
06/07/2023,08:30 AM,82.82,77.00,1.91,29.74,Clear
06/07/2023,09:00 AM,84.09,73.45,2.09,29.75,Clear
06/07/2023,09:30 AM,85.36,69.64,2.36,29.75,Clear
06/07/2023,10:00 AM,86.64,66.09,2.55,29.75,Clear
06/07/2023,10:30 AM,87.73,62.73,3.09,29.74,Clear
06/07/2023,11:00 AM,88.82,59.82,3.64,29.74,Clear
06/07/2023,11:30 AM,89.82,56.91,3.91,29.74,Clear
06/07/2023,12:00 PM,90.82,54.45,4.00,29.73,Clear
06/07/2023,12:30 PM,91.45,52.91,4.18,29.72,Clear
06/07/2023,01:00 PM,92.09,52.09,4.45,29.71,Clear
06/07/2023,01:30 PM,92.55,51.55,4.64,29.70,Clear
06/07/2023,02:00 PM,92.82,51.27,5.00,29.69,Clear
06/07/2023,02:30 PM,92.82,51.27,5.55,29.68,Clear
06/07/2023,03:00 PM,92.82,51.55,6.18,29.67,Clear
06/07/2023,03:30 PM,92.73,51.91,6.82,29.66,Clear
06/07/2023,04:00 PM,92.45,52.82,6.91,29.66,Clear
06/07/2023,04:30 PM,92.00,53.73,7.00,29.66,Clear
06/07/2023,05:00 PM,91.36,55.00,7.00,29.66,Clear
06/07/2023,05:30 PM,90.55,56.73,7.27,29.66,Clear
06/07/2023,06:00 PM,89.73,58.64,6.82,29.67,Clear
06/07/2023,06:30 PM,88.55,60.91,6.18,29.67,Clear
06/07/2023,07:00 PM,87.36,63.64,5.73,29.68,Clear
06/07/2023,07:30 PM,86.27,66.55,5.09,29.69,Clear
06/07/2023,08:00 PM,85.36,69.18,4.36,29.70,Clear
06/07/2023,08:30 PM,84.45,71.82,3.45,29.71,Clear
06/07/2023,09:00 PM,83.64,74.09,2.64,29.72,Clear
06/07/2023,09:30 PM,83.00,76.09,2.00,29.73,Clear
06/07/2023,10:00 PM,82.36,78.09,1.36,29.74,Clear
06/07/2023,10:30 PM,81.73,80.18,1.09,29.74,Clear
06/07/2023,11:00 PM,81.09,82.27,0.55,29.75,Clear
06/07/2023,11:30 PM,80.64,84.00,0.36,29.75,Clear
07/07/2023,12:00 AM,80.36,85.36,0.36,29.75,Clear
07/07/2023,12:30 AM,80.09,86.27,0.18,29.75,Clear
07/07/2023,01:00 AM,79.73,87.18,0.18,29.75,Clear
07/07/2023,01:30 AM,79.36,88.09,0.45,29.74,Clear
07/07/2023,02:00 AM,79.00,89.00,0.64,29.74,Clear
07/07/2023,02:30 AM,78.64,89.91,0.91,29.73,Clear
07/07/2023,03:00 AM,78.27,90.82,1.09,29.73,Clear
07/07/2023,03:30 AM,77.91,91.73,1.09,29.72,Clear
07/07/2023,04:00 AM,77.73,92.18,1.09,29.72,Clear
07/07/2023,04:30 AM,77.73,92.18,1.09,29.72,Clear
07/07/2023,05:00 AM,77.91,91.73,1.27,29.72,Clear
07/07/2023,05:30 AM,78.18,91.27,1.27,29.72,Clear
07/07/2023,06:00 AM,78.64,89.91,1.45,29.72,Clear
07/07/2023,06:30 AM,79.45,87.73,1.64,29.72,Clear
07/07/2023,07:00 AM,80.45,84.82,1.55,29.72,Clear
07/07/2023,07:30 AM,81.64,81.91,1.64,29.73,Clear
07/07/2023,08:00 AM,82.91,78.73,1.82,29.73,Clear
07/07/2023,08:30 AM,84.09,75.55,2.09,29.74,Clear
07/07/2023,09:00 AM,85.36,72.36,2.55,29.74,Clear
07/07/2023,09:30 AM,86.82,68.55,3.09,29.74,Clear
07/07/2023,10:00 AM,88.09,65.55,3.55,29.74,Clear
07/07/2023,10:30 AM,89.00,62.91,4.09,29.74,Clear
07/07/2023,11:00 AM,89.73,61.27,4.73,29.73,Clear
07/07/2023,11:30 AM,90.36,59.91,5.27,29.72,Clear
07/07/2023,12:00 PM,90.82,58.91,6.18,29.71,Clear
07/07/2023,12:30 PM,90.82,59.27,7.09,29.71,Clear
07/07/2023,01:00 PM,90.45,60.00,7.64,29.69,Clear
07/07/2023,01:30 PM,90.00,61.00,7.82,29.68,Rain
07/07/2023,02:00 PM,89.45,62.36,7.91,29.68,Rain
07/07/2023,02:30 PM,88.82,64.18,7.91,29.67,Rain
07/07/2023,03:00 PM,88.00,66.18,7.55,29.66,Rain
07/07/2023,03:30 PM,87.18,67.82,7.09,29.66,Rain
07/07/2023,04:00 PM,86.36,70.00,6.55,29.66,Rain
07/07/2023,04:30 PM,85.64,71.64,6.18,29.66,Clear
07/07/2023,05:00 PM,84.82,73.91,5.91,29.66,Rain
07/07/2023,05:30 PM,83.91,76.64,5.09,29.66,Clear
07/07/2023,06:00 PM,83.27,78.73,4.27,29.66,Clear
07/07/2023,06:30 PM,82.82,80.45,3.91,29.67,Clear
07/07/2023,07:00 PM,82.36,82.18,3.55,29.68,Clear
07/07/2023,07:30 PM,82.09,83.55,3.27,29.69,Clear
07/07/2023,08:00 PM,81.82,84.45,3.00,29.70,Clear
07/07/2023,08:30 PM,81.55,85.82,3.09,29.71,Clear
07/07/2023,09:00 PM,81.27,87.18,3.27,29.72,Clear
07/07/2023,09:30 PM,81.18,88.09,3.27,29.73,Clear
07/07/2023,10:00 PM,81.09,88.55,3.00,29.73,Clear
07/07/2023,10:30 PM,81.00,89.00,2.73,29.74,Clear
07/07/2023,11:00 PM,81.00,89.00,2.73,29.74,Clear
07/07/2023,11:30 PM,80.82,89.45,2.64,29.74,Clear
08/07/2023,12:00 AM,80.64,89.91,2.45,29.74,Clear
08/07/2023,12:30 AM,80.45,90.36,2.45,29.74,Clear
08/07/2023,01:00 AM,80.27,90.82,2.45,29.73,Clear
08/07/2023,01:30 AM,80.27,90.82,2.55,29.73,Clear
08/07/2023,02:00 AM,80.27,90.82,2.73,29.72,Clear
08/07/2023,02:30 AM,80.27,90.36,3.09,29.72,Clear
08/07/2023,03:00 AM,80.09,90.36,3.45,29.71,Clear
08/07/2023,03:30 AM,79.91,90.36,3.73,29.71,Clear
08/07/2023,04:00 AM,79.73,90.36,4.00,29.71,Clear
08/07/2023,04:30 AM,79.73,90.36,4.00,29.71,Clear
08/07/2023,05:00 AM,80.00,89.45,4.27,29.71,Clear
08/07/2023,05:30 AM,80.45,88.09,4.55,29.71,Clear
08/07/2023,06:00 AM,80.91,86.73,4.82,29.71,Clear
08/07/2023,06:30 AM,81.55,84.91,5.27,29.72,Clear
08/07/2023,07:00 AM,82.18,82.82,6.18,29.72,Clear
08/07/2023,07:30 AM,83.00,80.36,6.64,29.72,Clear
08/07/2023,08:00 AM,83.82,78.36,7.18,29.72,Clear
08/07/2023,08:30 AM,84.91,75.27,7.73,29.73,Clear
08/07/2023,09:00 AM,86.00,72.18,8.09,29.73,Clear
08/07/2023,09:30 AM,87.09,69.45,8.36,29.73,Clear
08/07/2023,10:00 AM,88.00,66.73,9.00,29.72,Clear
08/07/2023,10:30 AM,89.00,64.18,9.18,29.72,Clear
08/07/2023,11:00 AM,89.55,62.64,9.45,29.72,Clear
08/07/2023,11:30 AM,90.09,61.45,10.09,29.71,Clear
08/07/2023,12:00 PM,90.45,60.36,10.27,29.70,Clear
08/07/2023,12:30 PM,90.64,60.00,9.91,29.69,Clear
08/07/2023,01:00 PM,90.45,60.00,10.09,29.68,Clear
08/07/2023,01:30 PM,89.73,61.55,9.91,29.68,Clear
08/07/2023,02:00 PM,89.09,63.27,9.55,29.67,Clear
08/07/2023,02:30 PM,88.18,65.91,9.00,29.66,Rain
08/07/2023,03:00 PM,87.36,67.73,8.73,29.66,Rain
08/07/2023,03:30 PM,86.55,69.55,8.00,29.65,Rain
08/07/2023,04:00 PM,85.45,72.09,7.55,29.65,Rain
08/07/2023,04:30 PM,84.64,74.09,7.00,29.65,Rain
08/07/2023,05:00 PM,83.82,75.73,6.09,29.66,Clear
08/07/2023,05:30 PM,82.82,77.64,5.64,29.66,Clear
08/07/2023,06:00 PM,82.00,79.18,5.09,29.67,Clear
08/07/2023,06:30 PM,81.36,81.18,4.27,29.67,Clear
08/07/2023,07:00 PM,81.09,82.09,3.91,29.68,Clear
08/07/2023,07:30 PM,80.64,83.45,3.45,29.69,Clear
08/07/2023,08:00 PM,80.45,83.91,3.73,29.70,Clear
08/07/2023,08:30 PM,80.18,84.82,3.73,29.71,Clear
08/07/2023,09:00 PM,79.91,85.73,3.82,29.72,Clear
08/07/2023,09:30 PM,79.73,86.18,4.09,29.72,Rain
08/07/2023,10:00 PM,79.55,86.64,4.27,29.73,Rain
08/07/2023,10:30 PM,79.36,87.09,4.55,29.73,Clear
08/07/2023,11:00 PM,79.36,87.64,4.73,29.73,Clear
08/07/2023,11:30 PM,79.18,88.55,5.09,29.73,Clear
09/07/2023,12:00 AM,79.00,89.00,5.55,29.73,Clear
09/07/2023,12:30 AM,78.82,89.45,5.82,29.73,Clear
09/07/2023,01:00 AM,78.45,89.91,6.45,29.72,Clear
09/07/2023,01:30 AM,78.09,90.91,6.45,29.72,Clear
09/07/2023,02:00 AM,77.73,91.91,6.55,29.71,Clear
09/07/2023,02:30 AM,77.36,92.36,6.45,29.71,Clear
09/07/2023,03:00 AM,77.00,92.82,6.18,29.71,Clear
09/07/2023,03:30 AM,76.64,93.82,6.18,29.71,Rain
09/07/2023,04:00 AM,76.27,94.82,5.91,29.71,Rain
09/07/2023,04:30 AM,75.91,95.27,5.27,29.72,Rain
09/07/2023,05:00 AM,75.55,96.27,4.82,29.72,Clear
09/07/2023,05:30 AM,75.18,97.27,4.36,29.73,Clear
09/07/2023,06:00 AM,75.18,97.27,3.82,29.73,Rain
09/07/2023,06:30 AM,75.36,97.27,3.36,29.74,Rain
09/07/2023,07:00 AM,75.55,96.73,3.45,29.74,Rain
09/07/2023,07:30 AM,75.91,95.73,3.55,29.75,Rain
09/07/2023,08:00 AM,76.27,95.27,4.00,29.75,Rain
09/07/2023,08:30 AM,76.82,94.36,4.36,29.75,Rain
09/07/2023,09:00 AM,77.45,92.45,4.55,29.75,Rain
09/07/2023,09:30 AM,78.27,90.09,5.00,29.74,Clear
09/07/2023,10:00 AM,79.09,87.91,6.09,29.74,Clear
09/07/2023,10:30 AM,79.91,85.18,6.82,29.73,Clear
09/07/2023,11:00 AM,80.73,82.45,7.45,29.72,Clear
09/07/2023,11:30 AM,81.55,79.91,8.00,29.71,Clear
09/07/2023,12:00 PM,82.36,77.36,8.36,29.71,Clear
09/07/2023,12:30 PM,83.36,74.09,8.64,29.69,Clear
09/07/2023,01:00 PM,84.00,72.00,8.82,29.68,Clear
09/07/2023,01:30 PM,84.64,69.91,9.27,29.68,Clear
09/07/2023,02:00 PM,85.27,67.91,9.55,29.67,Clear
09/07/2023,02:30 PM,85.82,66.00,10.00,29.66,Clear
09/07/2023,03:00 PM,86.00,64.91,9.91,29.66,Clear
09/07/2023,03:30 PM,86.18,64.18,9.36,29.66,Clear
09/07/2023,04:00 PM,86.18,63.82,9.09,29.65,Clear
09/07/2023,04:30 PM,86.00,63.82,8.73,29.65,Clear
09/07/2023,05:00 PM,85.55,65.00,8.36,29.65,Clear
09/07/2023,05:30 PM,85.09,66.18,7.73,29.66,Clear
09/07/2023,06:00 PM,84.45,68.09,7.27,29.66,Clear
09/07/2023,06:30 PM,84.00,69.27,7.00,29.67,Clear
09/07/2023,07:00 PM,83.36,70.82,6.09,29.68,Clear
09/07/2023,07:30 PM,82.55,72.73,5.55,29.68,Clear
09/07/2023,08:00 PM,81.73,75.00,4.64,29.69,Clear
09/07/2023,08:30 PM,80.91,77.45,4.00,29.70,Clear
09/07/2023,09:00 PM,80.09,79.91,3.73,29.71,Clear
09/07/2023,09:30 PM,79.45,82.45,3.27,29.71,Clear
09/07/2023,10:00 PM,79.00,84.18,2.91,29.72,Clear
09/07/2023,10:30 PM,78.64,85.55,2.45,29.72,Clear
09/07/2023,11:00 PM,78.27,86.45,2.45,29.72,Clear
09/07/2023,11:30 PM,77.91,87.36,2.18,29.72,Clear
10/07/2023,12:00 AM,77.55,88.73,1.64,29.72,Clear
10/07/2023,12:30 AM,77.36,89.27,1.45,29.72,Clear
10/07/2023,01:00 AM,77.18,90.27,1.18,29.71,Clear
10/07/2023,01:30 AM,77.00,91.27,1.00,29.71,Clear
10/07/2023,02:00 AM,77.00,91.73,1.00,29.70,Clear
10/07/2023,02:30 AM,77.00,92.18,0.73,29.70,Clear
10/07/2023,03:00 AM,76.82,92.18,0.55,29.69,Clear
10/07/2023,03:30 AM,76.64,93.18,0.36,29.69,Clear
10/07/2023,04:00 AM,76.64,93.18,0.36,29.69,Clear
10/07/2023,04:30 AM,76.64,93.64,0.18,29.69,Clear
10/07/2023,05:00 AM,76.82,93.64,0.18,29.69,Clear
10/07/2023,05:30 AM,77.18,92.73,0.45,29.69,Clear
10/07/2023,06:00 AM,77.55,92.27,0.64,29.70,Clear
10/07/2023,06:30 AM,78.00,90.91,0.82,29.70,Clear
10/07/2023,07:00 AM,78.64,89.09,1.00,29.71,Clear
10/07/2023,07:30 AM,79.27,87.73,1.27,29.71,Clear
10/07/2023,08:00 AM,80.27,85.55,1.45,29.72,Clear
10/07/2023,08:30 AM,81.45,82.64,1.91,29.72,Clear
10/07/2023,09:00 AM,82.82,79.18,2.18,29.72,Clear
10/07/2023,09:30 AM,84.00,76.00,2.36,29.72,Clear
10/07/2023,10:00 AM,85.27,72.45,2.64,29.72,Clear
10/07/2023,10:30 AM,86.27,69.73,3.09,29.71,Clear
10/07/2023,11:00 AM,87.18,67.09,3.09,29.71,Clear
10/07/2023,11:30 AM,88.27,63.91,3.45,29.70,Clear
10/07/2023,12:00 PM,89.09,61.73,3.73,29.69,Clear
10/07/2023,12:30 PM,89.91,59.73,3.82,29.68,Clear
10/07/2023,01:00 PM,90.55,57.55,4.09,29.67,Clear
10/07/2023,01:30 PM,90.80,56.30,4.30,29.67,Clear
10/07/2023,02:00 PM,90.80,57.10,4.30,29.66,Clear
10/07/2023,02:30 PM,90.40,58.30,4.70,29.65,Clear
10/07/2023,03:00 PM,90.20,59.90,5.00,29.64,Clear
10/07/2023,03:30 PM,89.90,61.40,5.40,29.63,Clear
10/07/2023,04:00 PM,89.50,62.90,5.20,29.63,Clear
10/07/2023,04:30 PM,88.60,65.80,5.70,29.63,Rain
10/07/2023,05:00 PM,87.50,69.30,5.60,29.64,Clear
10/07/2023,05:30 PM,86.50,72.70,5.90,29.64,Clear
10/07/2023,06:00 PM,85.10,76.90,6.20,29.65,Clear
10/07/2023,06:30 PM,83.90,80.80,6.60,29.66,Rain
10/07/2023,07:00 PM,83.27,82.00,6.27,29.67,Clear
10/07/2023,07:30 PM,82.27,84.18,5.82,29.69,Rain
10/07/2023,08:00 PM,81.45,86.00,5.27,29.70,Rain
10/07/2023,08:30 PM,80.45,87.73,5.00,29.71,Rain
10/07/2023,09:00 PM,79.45,89.91,4.55,29.72,Rain
10/07/2023,09:30 PM,78.64,91.73,4.09,29.73,Rain
10/07/2023,10:00 PM,78.18,92.64,3.36,29.74,Rain
10/07/2023,10:30 PM,77.73,93.55,2.91,29.74,Rain
10/07/2023,11:00 PM,77.36,94.00,2.18,29.74,Rain
10/07/2023,11:30 PM,77.18,94.00,1.82,29.74,Rain
11/07/2023,12:00 AM,77.00,94.00,1.09,29.74,Rain
11/07/2023,12:30 AM,77.00,94.00,1.00,29.73,Rain
11/07/2023,01:00 AM,77.00,94.00,1.18,29.72,Clear
11/07/2023,01:30 AM,77.00,94.00,1.36,29.72,Clear
11/07/2023,02:00 AM,76.82,94.55,1.18,29.71,Clear
11/07/2023,02:30 AM,76.64,95.09,1.18,29.71,Clear
11/07/2023,03:00 AM,76.45,95.64,1.73,29.71,Clear
11/07/2023,03:30 AM,76.27,96.18,1.91,29.71,Clear
11/07/2023,04:00 AM,76.09,96.73,1.91,29.71,Clear
11/07/2023,04:30 AM,75.91,97.27,2.36,29.71,Mist
11/07/2023,05:00 AM,75.91,97.82,2.45,29.72,Mist
11/07/2023,05:30 AM,76.09,97.82,2.73,29.72,Mist
11/07/2023,06:00 AM,76.45,97.36,3.09,29.73,Clear
11/07/2023,06:30 AM,76.91,96.45,3.64,29.73,Clear
11/07/2023,07:00 AM,77.36,95.09,4.00,29.74,Mist
11/07/2023,07:30 AM,78.18,92.73,4.64,29.74,Clear
11/07/2023,08:00 AM,79.18,90.00,5.18,29.75,Clear
11/07/2023,08:30 AM,80.18,87.27,5.36,29.75,Clear
11/07/2023,09:00 AM,81.36,84.18,5.82,29.75,Clear
11/07/2023,09:30 AM,82.55,80.73,6.36,29.75,Clear
11/07/2023,10:00 AM,83.91,77.27,6.64,29.75,Clear
11/07/2023,10:30 AM,85.09,73.82,7.00,29.74,Clear
11/07/2023,11:00 AM,86.09,70.91,7.18,29.74,Clear
11/07/2023,11:30 AM,86.91,68.45,7.18,29.73,Clear
11/07/2023,12:00 PM,87.09,68.00,7.18,29.72,Clear
11/07/2023,12:30 PM,87.45,67.55,7.18,29.71,Clear
11/07/2023,01:00 PM,88.00,66.45,6.64,29.70,Clear
11/07/2023,01:30 PM,88.36,65.45,6.18,29.69,Clear
11/07/2023,02:00 PM,88.73,64.45,6.27,29.68,Clear
11/07/2023,02:30 PM,88.91,63.82,6.36,29.67,Rain
11/07/2023,03:00 PM,89.09,63.55,6.73,29.66,Clear
11/07/2023,03:30 PM,88.91,63.18,6.91,29.66,Clear
11/07/2023,04:00 PM,88.73,62.55,6.91,29.65,Clear
11/07/2023,04:30 PM,88.36,62.55,6.82,29.65,Clear
11/07/2023,05:00 PM,88.00,62.18,6.73,29.65,Clear
11/07/2023,05:30 PM,88.00,61.00,6.27,29.65,Clear
11/07/2023,06:00 PM,87.64,60.64,5.91,29.66,Clear
11/07/2023,06:30 PM,86.91,61.36,6.09,29.66,Clear
11/07/2023,07:00 PM,86.09,62.73,6.00,29.67,Clear
11/07/2023,07:30 PM,85.27,64.09,5.36,29.68,Clear
11/07/2023,08:00 PM,84.45,65.45,4.64,29.69,Clear
11/07/2023,08:30 PM,83.45,67.18,3.91,29.70,Clear
11/07/2023,09:00 PM,82.64,69.00,3.27,29.71,Clear
11/07/2023,09:30 PM,81.82,71.55,2.91,29.71,Clear
11/07/2023,10:00 PM,81.18,73.45,2.64,29.72,Clear
11/07/2023,10:30 PM,80.36,75.73,2.36,29.72,Clear
11/07/2023,11:00 PM,79.73,77.82,2.27,29.73,Clear
11/07/2023,11:30 PM,79.27,79.55,2.00,29.73,Clear
12/07/2023,12:00 AM,78.82,81.27,1.73,29.72,Clear
12/07/2023,12:30 AM,78.45,82.64,1.55,29.72,Clear
12/07/2023,01:00 AM,78.09,84.00,1.36,29.72,Clear
12/07/2023,01:30 AM,77.73,85.36,1.36,29.72,Clear
12/07/2023,02:00 AM,77.55,86.36,1.18,29.71,Clear
12/07/2023,02:30 AM,77.18,87.82,1.18,29.71,Clear
12/07/2023,03:00 AM,77.00,88.82,1.09,29.71,Clear
12/07/2023,03:30 AM,76.82,89.82,0.82,29.71,Clear
12/07/2023,04:00 AM,76.82,90.82,0.82,29.71,Clear
12/07/2023,04:30 AM,76.82,91.27,0.82,29.71,Clear
12/07/2023,05:00 AM,76.82,91.73,1.00,29.71,Clear
12/07/2023,05:30 AM,77.00,91.73,1.27,29.71,Clear
12/07/2023,06:00 AM,77.18,92.18,1.55,29.71,Clear
12/07/2023,06:30 AM,77.82,91.27,1.82,29.72,Clear
12/07/2023,07:00 AM,78.64,89.55,2.09,29.72,Clear
12/07/2023,07:30 AM,79.64,87.09,2.36,29.73,Clear
12/07/2023,08:00 AM,80.82,84.18,2.36,29.74,Clear
12/07/2023,08:30 AM,82.09,80.64,2.36,29.74,Clear
12/07/2023,09:00 AM,83.36,77.45,2.64,29.74,Clear
12/07/2023,09:30 AM,84.55,74.27,2.91,29.74,Clear
12/07/2023,10:00 AM,85.73,71.09,2.91,29.74,Clear
12/07/2023,10:30 AM,87.00,67.27,3.27,29.74,Clear
12/07/2023,11:00 AM,88.09,63.91,3.18,29.74,Clear
12/07/2023,11:30 AM,88.91,61.36,3.64,29.73,Clear
12/07/2023,12:00 PM,89.55,59.18,4.09,29.72,Clear
12/07/2023,12:30 PM,90.18,57.27,4.36,29.71,Clear
12/07/2023,01:00 PM,90.82,55.91,4.36,29.70,Clear
12/07/2023,01:30 PM,91.27,54.73,4.73,29.69,Rain
12/07/2023,02:00 PM,91.45,54.82,5.09,29.68,Rain
12/07/2023,02:30 PM,91.45,54.18,5.09,29.67,Clear
12/07/2023,03:00 PM,91.45,54.18,5.18,29.66,Clear
12/07/2023,03:30 PM,91.27,54.82,5.55,29.66,Clear
12/07/2023,04:00 PM,91.00,56.09,5.18,29.65,Clear
12/07/2023,04:30 PM,90.55,58.09,5.45,29.65,Rain
12/07/2023,05:00 PM,90.00,59.27,5.45,29.65,Rain
12/07/2023,05:30 PM,89.09,62.36,5.00,29.66,Rain
12/07/2023,06:00 PM,88.00,66.00,4.73,29.66,Clear
12/07/2023,06:30 PM,86.73,69.82,4.73,29.67,Clear
12/07/2023,07:00 PM,85.45,73.91,4.36,29.68,Clear
12/07/2023,07:30 PM,84.18,77.36,3.82,29.69,Rain
12/07/2023,08:00 PM,83.09,80.73,3.55,29.70,Rain
12/07/2023,08:30 PM,82.09,83.91,3.00,29.71,Clear
12/07/2023,09:00 PM,81.27,86.45,2.45,29.72,Clear
12/07/2023,09:30 PM,80.45,89.00,2.27,29.73,Clear
12/07/2023,10:00 PM,79.82,90.36,1.82,29.74,Clear
12/07/2023,10:30 PM,79.55,91.27,1.09,29.74,Clear
12/07/2023,11:00 PM,79.36,91.27,0.82,29.75,Clear
12/07/2023,11:30 PM,79.00,91.73,0.55,29.75,Clear
13/07/2023,12:00 AM,78.82,91.73,0.27,29.75,Clear
13/07/2023,12:30 AM,78.64,91.73,0.00,29.75,Clear
13/07/2023,01:00 AM,78.45,91.73,0.00,29.75,Clear
13/07/2023,01:30 AM,78.27,92.18,0.00,29.74,Clear
13/07/2023,02:00 AM,78.27,91.73,0.00,29.74,Clear
13/07/2023,02:30 AM,78.09,91.73,0.18,29.74,Clear
13/07/2023,03:00 AM,77.91,91.73,0.36,29.74,Clear
13/07/2023,03:30 AM,77.73,92.18,0.55,29.73,Clear
13/07/2023,04:00 AM,77.55,92.64,0.73,29.73,Clear
13/07/2023,04:30 AM,77.55,92.64,0.73,29.73,Clear
13/07/2023,05:00 AM,77.91,92.18,0.82,29.73,Clear
13/07/2023,05:30 AM,78.18,91.73,1.09,29.74,Clear
13/07/2023,06:00 AM,78.82,90.36,1.55,29.74,Clear
13/07/2023,06:30 AM,79.64,88.18,2.00,29.74,Clear
13/07/2023,07:00 AM,80.45,86.00,2.45,29.75,Clear
13/07/2023,07:30 AM,81.27,83.91,2.91,29.75,Clear
13/07/2023,08:00 AM,82.45,80.73,3.55,29.75,Clear
13/07/2023,08:30 AM,83.73,77.55,4.09,29.75,Clear
13/07/2023,09:00 AM,85.00,74.00,4.64,29.76,Clear
13/07/2023,09:30 AM,86.27,70.45,5.00,29.76,Clear
13/07/2023,10:00 AM,87.27,67.73,6.36,29.76,Clear
13/07/2023,10:30 AM,88.18,64.64,7.18,29.75,Clear
13/07/2023,11:00 AM,89.00,61.73,7.82,29.75,Clear
13/07/2023,11:30 AM,89.64,59.55,8.45,29.74,Clear
13/07/2023,12:00 PM,90.00,58.82,9.18,29.73,Clear
13/07/2023,12:30 PM,90.18,58.09,10.09,29.72,Clear
13/07/2023,01:00 PM,90.18,57.73,10.55,29.71,Clear
13/07/2023,01:30 PM,90.18,58.00,10.64,29.70,Clear
13/07/2023,02:00 PM,89.91,58.27,10.82,29.69,Clear
13/07/2023,02:30 PM,89.64,59.27,10.91,29.68,Clear
13/07/2023,03:00 PM,89.36,60.27,11.18,29.67,Clear
13/07/2023,03:30 PM,89.00,61.27,10.55,29.66,Clear
13/07/2023,04:00 PM,88.55,62.64,10.36,29.66,Clear
13/07/2023,04:30 PM,87.91,64.64,10.00,29.66,Clear
13/07/2023,05:00 PM,87.27,66.00,9.45,29.66,Clear
13/07/2023,05:30 PM,86.73,67.09,9.00,29.67,Clear
13/07/2023,06:00 PM,86.18,68.64,8.27,29.67,Clear
13/07/2023,06:30 PM,85.64,70.18,7.82,29.68,Clear
13/07/2023,07:00 PM,84.91,71.73,7.18,29.70,Clear
13/07/2023,07:30 PM,84.27,73.73,6.45,29.71,Clear
13/07/2023,08:00 PM,83.64,75.36,5.82,29.72,Clear
13/07/2023,08:30 PM,83.00,77.00,5.00,29.74,Clear
13/07/2023,09:00 PM,82.55,78.27,4.55,29.75,Clear
13/07/2023,09:30 PM,82.09,79.55,4.00,29.76,Clear
13/07/2023,10:00 PM,81.82,80.45,3.45,29.77,Clear
13/07/2023,10:30 PM,81.36,82.18,3.09,29.77,Clear
13/07/2023,11:00 PM,80.91,83.55,2.55,29.77,Clear
13/07/2023,11:30 PM,80.64,84.45,1.91,29.78,Clear
14/07/2023,12:00 AM,80.36,85.36,1.45,29.78,Clear
14/07/2023,12:30 AM,80.09,86.27,1.18,29.77,Clear
14/07/2023,01:00 AM,79.91,86.73,1.00,29.77,Clear
14/07/2023,01:30 AM,79.73,87.18,0.82,29.76,Clear
14/07/2023,02:00 AM,79.55,87.64,0.82,29.75,Clear
14/07/2023,02:30 AM,79.18,88.55,0.55,29.74,Clear
14/07/2023,03:00 AM,78.82,89.45,0.36,29.74,Clear
14/07/2023,03:30 AM,78.64,89.36,0.36,29.74,Clear
14/07/2023,04:00 AM,78.45,89.82,0.36,29.73,Clear
14/07/2023,04:30 AM,78.45,89.27,0.36,29.73,Clear
14/07/2023,05:00 AM,78.64,88.82,0.36,29.73,Clear
14/07/2023,05:30 AM,79.09,87.09,0.36,29.73,Clear
14/07/2023,06:00 AM,79.55,85.36,0.55,29.74,Clear
14/07/2023,06:30 AM,80.18,83.27,0.73,29.74,Clear
14/07/2023,07:00 AM,81.00,80.45,1.27,29.75,Clear
14/07/2023,07:30 AM,81.82,78.00,1.55,29.75,Clear
14/07/2023,08:00 AM,83.00,74.82,2.09,29.76,Clear
14/07/2023,08:30 AM,84.27,71.00,3.45,29.76,Clear
14/07/2023,09:00 AM,85.36,68.18,4.82,29.76,Clear
14/07/2023,09:30 AM,86.64,64.36,5.55,29.76,Clear
14/07/2023,10:00 AM,87.91,61.00,6.27,29.76,Clear
14/07/2023,10:30 AM,88.82,58.09,7.55,29.76,Clear
14/07/2023,11:00 AM,89.45,56.45,8.82,29.75,Clear
14/07/2023,11:30 AM,90.09,55.09,9.91,29.75,Clear
14/07/2023,12:00 PM,90.73,53.55,11.00,29.74,Clear
14/07/2023,12:30 PM,91.18,53.00,11.73,29.72,Clear
14/07/2023,01:00 PM,91.64,52.09,12.64,29.72,Clear
14/07/2023,01:30 PM,91.64,52.09,13.18,29.71,Clear
14/07/2023,02:00 PM,91.55,52.73,12.91,29.70,Clear
14/07/2023,02:30 PM,91.45,53.64,12.73,29.69,Clear
14/07/2023,03:00 PM,91.00,54.91,12.64,29.69,Clear
14/07/2023,03:30 PM,90.36,56.73,12.55,29.68,Clear
14/07/2023,04:00 PM,89.91,58.00,12.00,29.68,Clear
14/07/2023,04:30 PM,89.27,59.64,11.27,29.68,Clear
14/07/2023,05:00 PM,88.64,61.36,10.45,29.68,Clear
14/07/2023,05:30 PM,87.82,63.64,9.64,29.69,Clear
14/07/2023,06:00 PM,86.82,66.09,8.82,29.69,Clear
14/07/2023,06:30 PM,85.82,68.55,8.09,29.70,Clear
14/07/2023,07:00 PM,85.09,70.36,7.27,29.71,Clear
14/07/2023,07:30 PM,84.36,72.18,6.45,29.72,Clear
14/07/2023,08:00 PM,83.55,74.18,5.27,29.72,Clear
14/07/2023,08:30 PM,83.09,76.27,4.45,29.73,Clear
14/07/2023,09:00 PM,82.64,78.36,3.64,29.74,Clear
14/07/2023,09:30 PM,82.00,80.91,2.91,29.74,Clear
14/07/2023,10:00 PM,81.55,82.64,2.36,29.74,Clear
14/07/2023,10:30 PM,81.27,83.55,2.09,29.74,Clear
14/07/2023,11:00 PM,81.00,84.45,1.64,29.74,Clear
14/07/2023,11:30 PM,80.73,85.36,1.36,29.74,Clear
15/07/2023,12:00 AM,80.45,86.27,1.09,29.74,Clear
15/07/2023,12:30 AM,80.18,87.18,0.82,29.73,Clear
15/07/2023,01:00 AM,79.91,88.09,0.55,29.73,Clear
15/07/2023,01:30 AM,79.55,89.00,0.73,29.72,Clear
15/07/2023,02:00 AM,79.18,89.45,0.91,29.72,Clear
15/07/2023,02:30 AM,78.82,89.91,0.91,29.71,Clear
15/07/2023,03:00 AM,78.64,89.91,0.91,29.71,Clear
15/07/2023,03:30 AM,78.45,90.36,1.18,29.71,Clear
15/07/2023,04:00 AM,78.09,91.27,1.27,29.70,Clear
15/07/2023,04:30 AM,77.73,92.18,1.45,29.70,Clear
15/07/2023,05:00 AM,77.91,91.73,1.55,29.71,Clear
15/07/2023,05:30 AM,78.09,91.73,1.64,29.71,Clear
15/07/2023,06:00 AM,78.55,90.82,1.64,29.71,Clear
15/07/2023,06:30 AM,79.00,89.91,1.82,29.71,Clear
15/07/2023,07:00 AM,79.82,88.09,2.09,29.72,Clear
15/07/2023,07:30 AM,80.82,85.55,3.00,29.72,Clear
15/07/2023,08:00 AM,82.00,82.64,3.82,29.72,Clear
15/07/2023,08:30 AM,83.27,79.45,4.64,29.72,Clear
15/07/2023,09:00 AM,84.55,75.91,5.73,29.72,Clear
15/07/2023,09:30 AM,85.82,72.73,6.36,29.72,Clear
15/07/2023,10:00 AM,87.09,69.55,7.09,29.72,Clear
15/07/2023,10:30 AM,88.00,66.91,8.18,29.72,Clear
15/07/2023,11:00 AM,89.09,63.91,9.09,29.71,Clear
15/07/2023,11:30 AM,89.73,61.73,10.36,29.71,Clear
15/07/2023,12:00 PM,90.55,59.27,11.45,29.70,Clear
15/07/2023,12:30 PM,91.00,57.55,12.36,29.69,Clear
15/07/2023,01:00 PM,91.27,56.55,12.73,29.68,Clear
15/07/2023,01:30 PM,91.36,55.91,13.09,29.67,Clear
15/07/2023,02:00 PM,91.27,55.91,13.55,29.66,Clear
15/07/2023,02:30 PM,91.18,56.27,13.09,29.66,Clear
15/07/2023,03:00 PM,90.91,56.18,13.09,29.66,Clear
15/07/2023,03:30 PM,90.64,56.45,13.27,29.65,Clear
15/07/2023,04:00 PM,90.18,57.09,12.73,29.65,Clear
15/07/2023,04:30 PM,89.55,58.00,12.18,29.65,Clear
15/07/2023,05:00 PM,88.91,59.36,11.64,29.65,Clear
15/07/2023,05:30 PM,88.09,61.36,10.91,29.66,Clear
15/07/2023,06:00 PM,87.45,63.09,10.00,29.66,Clear
15/07/2023,06:30 PM,86.64,65.27,9.18,29.67,Clear
15/07/2023,07:00 PM,85.82,67.45,8.45,29.68,Clear
15/07/2023,07:30 PM,85.09,69.27,7.18,29.69,Clear
15/07/2023,08:00 PM,84.36,71.09,6.55,29.70,Clear
15/07/2023,08:30 PM,83.82,73.00,5.82,29.70,Clear
15/07/2023,09:00 PM,83.27,74.55,5.18,29.71,Clear
15/07/2023,09:30 PM,82.82,76.55,4.64,29.71,Clear
15/07/2023,10:00 PM,82.36,78.18,4.18,29.72,Clear
15/07/2023,10:30 PM,82.09,79.45,3.64,29.72,Clear
15/07/2023,11:00 PM,81.82,80.36,3.36,29.72,Clear
15/07/2023,11:30 PM,81.55,81.27,3.09,29.72,Clear
16/07/2023,12:00 AM,81.27,82.18,2.64,29.72,Clear
16/07/2023,12:30 AM,81.00,83.09,2.45,29.71,Clear
16/07/2023,01:00 AM,80.73,84.00,2.55,29.71,Clear
16/07/2023,01:30 AM,80.45,84.91,2.73,29.70,Clear
16/07/2023,02:00 AM,80.18,85.82,2.82,29.69,Clear
16/07/2023,02:30 AM,79.91,86.73,2.82,29.69,Clear
16/07/2023,03:00 AM,79.73,87.18,3.00,29.68,Clear
16/07/2023,03:30 AM,79.55,87.64,3.09,29.68,Clear
16/07/2023,04:00 AM,79.36,88.09,3.18,29.68,Clear
16/07/2023,04:30 AM,79.45,87.64,3.18,29.67,Clear
16/07/2023,05:00 AM,79.55,87.64,3.45,29.67,Clear
16/07/2023,05:30 AM,80.18,86.27,3.45,29.67,Clear
16/07/2023,06:00 AM,81.00,84.18,3.82,29.67,Clear
16/07/2023,06:30 AM,82.00,81.73,4.55,29.68,Clear
16/07/2023,07:00 AM,83.00,79.00,5.00,29.68,Clear
16/07/2023,07:30 AM,84.09,75.64,5.82,29.68,Clear
16/07/2023,08:00 AM,85.18,72.27,6.73,29.68,Clear
16/07/2023,08:30 AM,86.27,68.91,7.45,29.68,Clear
16/07/2023,09:00 AM,87.55,65.27,8.45,29.68,Clear
16/07/2023,09:30 AM,88.82,61.64,9.27,29.68,Clear
16/07/2023,10:00 AM,89.64,59.18,10.45,29.68,Clear
16/07/2023,10:30 AM,90.64,56.00,11.18,29.68,Clear
16/07/2023,11:00 AM,91.27,53.73,12.55,29.67,Clear
16/07/2023,11:30 AM,91.73,51.73,13.82,29.66,Clear
16/07/2023,12:00 PM,92.00,50.27,14.36,29.65,Clear
16/07/2023,12:30 PM,92.27,49.09,14.91,29.64,Clear
16/07/2023,01:00 PM,92.27,48.82,15.27,29.63,Clear
16/07/2023,01:30 PM,92.18,49.09,15.18,29.62,Clear
16/07/2023,02:00 PM,92.09,49.36,14.82,29.61,Clear
16/07/2023,02:30 PM,91.82,50.27,14.45,29.61,Clear
16/07/2023,03:00 PM,91.36,51.09,14.27,29.60,Clear
16/07/2023,03:30 PM,91.09,52.00,13.55,29.60,Clear
16/07/2023,04:00 PM,90.09,53.91,13.27,29.60,Clear
16/07/2023,04:30 PM,89.00,56.64,12.27,29.60,Clear
16/07/2023,05:00 PM,87.91,59.82,10.91,29.61,Clear
16/07/2023,05:30 PM,86.91,62.82,10.09,29.62,Clear
16/07/2023,06:00 PM,85.91,65.36,9.45,29.62,Clear
16/07/2023,06:30 PM,85.27,67.27,8.73,29.63,Clear
16/07/2023,07:00 PM,84.45,69.91,7.45,29.64,Clear
16/07/2023,07:30 PM,83.73,72.09,7.27,29.65,Clear
16/07/2023,08:00 PM,83.00,73.45,7.00,29.66,Clear
16/07/2023,08:30 PM,82.64,74.55,6.73,29.67,Clear
16/07/2023,09:00 PM,82.27,75.27,6.64,29.68,Clear
16/07/2023,09:30 PM,82.45,75.27,6.36,29.68,Clear
16/07/2023,10:00 PM,82.73,74.45,6.55,29.69,Clear
16/07/2023,10:30 PM,83.00,74.00,6.73,29.69,Clear
16/07/2023,11:00 PM,83.18,73.18,6.91,29.69,Clear
16/07/2023,11:30 PM,83.36,72.82,6.64,29.69,Clear
17/07/2023,12:00 AM,83.36,72.82,6.55,29.69,Clear
17/07/2023,12:30 AM,83.64,71.91,7.09,29.68,Clear
17/07/2023,01:00 AM,83.82,71.45,7.00,29.68,Clear
17/07/2023,01:30 AM,83.82,71.91,6.82,29.67,Clear
17/07/2023,02:00 AM,83.64,72.73,6.64,29.67,Clear
17/07/2023,02:30 AM,83.36,74.00,6.18,29.66,Clear
17/07/2023,03:00 AM,83.09,75.27,5.55,29.65,Clear
17/07/2023,03:30 AM,82.64,77.00,4.82,29.64,Clear
17/07/2023,04:00 AM,82.36,77.91,4.09,29.64,Clear
17/07/2023,04:30 AM,82.09,79.18,3.36,29.64,Clear
17/07/2023,05:00 AM,81.91,80.45,2.82,29.63,Clear
17/07/2023,05:30 AM,81.91,81.27,2.36,29.63,Clear
17/07/2023,06:00 AM,81.91,81.73,2.27,29.63,Clear
17/07/2023,06:30 AM,82.27,81.00,2.55,29.63,Clear
17/07/2023,07:00 AM,82.82,79.82,2.91,29.64,Clear
17/07/2023,07:30 AM,83.36,78.64,3.18,29.64,Clear
17/07/2023,08:00 AM,84.18,76.64,3.73,29.65,Clear
17/07/2023,08:30 AM,85.00,74.64,4.45,29.65,Clear
17/07/2023,09:00 AM,86.00,72.18,5.55,29.65,Clear
17/07/2023,09:30 AM,86.91,69.55,6.82,29.65,Clear
17/07/2023,10:00 AM,88.00,67.00,8.09,29.65,Clear
17/07/2023,10:30 AM,89.00,64.09,9.27,29.65,Clear
17/07/2023,11:00 AM,89.64,61.91,10.27,29.65,Clear
17/07/2023,11:30 AM,90.27,59.73,11.09,29.65,Clear
17/07/2023,12:00 PM,90.55,59.09,11.64,29.64,Clear
17/07/2023,12:30 PM,90.82,58.09,12.09,29.64,Clear
17/07/2023,01:00 PM,91.00,57.09,12.73,29.63,Clear
17/07/2023,01:30 PM,91.00,56.82,12.91,29.63,Clear
17/07/2023,02:00 PM,90.82,56.82,13.36,29.62,Clear
17/07/2023,02:30 PM,90.64,56.82,13.09,29.62,Clear
17/07/2023,03:00 PM,90.18,57.82,13.09,29.62,Clear
17/07/2023,03:30 PM,89.36,59.09,12.73,29.62,Clear
17/07/2023,04:00 PM,88.55,60.73,12.27,29.62,Clear
17/07/2023,04:30 PM,87.91,62.45,12.00,29.62,Clear
17/07/2023,05:00 PM,87.27,64.18,11.45,29.62,Clear
17/07/2023,05:30 PM,86.64,65.55,10.55,29.63,Rain
17/07/2023,06:00 PM,86.00,67.27,9.55,29.63,Clear
17/07/2023,06:30 PM,85.45,69.00,8.64,29.64,Clear
17/07/2023,07:00 PM,84.73,70.82,8.18,29.65,Clear
17/07/2023,07:30 PM,84.18,72.36,7.27,29.65,Clear
17/07/2023,08:00 PM,83.82,73.45,6.73,29.66,Clear
17/07/2023,08:30 PM,83.45,74.64,6.00,29.67,Clear
17/07/2023,09:00 PM,83.27,75.45,5.36,29.68,Clear
17/07/2023,09:30 PM,83.00,76.73,4.91,29.68,Clear
17/07/2023,10:00 PM,82.82,77.18,4.55,29.69,Clear
17/07/2023,10:30 PM,82.55,78.09,4.27,29.69,Clear
17/07/2023,11:00 PM,82.27,79.00,4.45,29.69,Clear
17/07/2023,11:30 PM,82.00,79.91,4.82,29.69,Clear
18/07/2023,12:00 AM,81.82,80.36,5.00,29.69,Clear
18/07/2023,12:30 AM,81.82,80.36,5.00,29.68,Clear
18/07/2023,01:00 AM,81.82,80.36,4.91,29.68,Clear
18/07/2023,01:30 AM,81.55,81.27,4.73,29.67,Rain
18/07/2023,02:00 AM,81.27,82.18,4.27,29.67,Clear
18/07/2023,02:30 AM,81.00,83.09,4.00,29.66,Clear
18/07/2023,03:00 AM,80.82,83.55,3.91,29.66,Clear
18/07/2023,03:30 AM,80.73,84.00,3.91,29.65,Clear
18/07/2023,04:00 AM,80.82,83.55,4.18,29.65,Clear
18/07/2023,04:30 AM,80.91,83.09,4.18,29.65,Clear
18/07/2023,05:00 AM,81.00,83.09,4.00,29.65,Clear
18/07/2023,05:30 AM,81.00,83.55,4.00,29.66,Clear
18/07/2023,06:00 AM,81.18,83.55,4.09,29.66,Clear
18/07/2023,06:30 AM,81.55,82.73,4.64,29.66,Clear
18/07/2023,07:00 AM,82.36,80.73,5.73,29.67,Clear
18/07/2023,07:30 AM,83.36,78.00,6.73,29.68,Clear
18/07/2023,08:00 AM,84.36,75.55,7.82,29.68,Clear
18/07/2023,08:30 AM,85.45,72.82,8.73,29.69,Clear
18/07/2023,09:00 AM,86.36,70.18,9.36,29.69,Clear
18/07/2023,09:30 AM,87.18,68.00,9.73,29.69,Clear
18/07/2023,10:00 AM,88.18,65.55,10.45,29.69,Clear
18/07/2023,10:30 AM,89.00,62.91,11.09,29.68,Clear
18/07/2023,11:00 AM,90.00,59.73,12.00,29.68,Clear
18/07/2023,11:30 AM,91.00,56.82,13.00,29.67,Clear
18/07/2023,12:00 PM,91.64,54.91,13.64,29.66,Clear
18/07/2023,12:30 PM,91.73,54.27,14.00,29.65,Clear
18/07/2023,01:00 PM,91.82,53.64,14.27,29.65,Clear
18/07/2023,01:30 PM,91.91,52.73,14.55,29.64,Clear
18/07/2023,02:00 PM,91.91,52.09,14.64,29.63,Clear
18/07/2023,02:30 PM,91.82,52.45,14.36,29.62,Clear
18/07/2023,03:00 PM,91.55,53.09,14.09,29.62,Clear
18/07/2023,03:30 PM,91.09,54.00,13.27,29.62,Clear
18/07/2023,04:00 PM,90.64,55.00,12.64,29.62,Clear
18/07/2023,04:30 PM,90.00,56.55,11.73,29.62,Clear
18/07/2023,05:00 PM,89.18,58.27,10.82,29.62,Clear
18/07/2023,05:30 PM,88.55,59.82,10.18,29.62,Clear
18/07/2023,06:00 PM,87.91,61.18,9.27,29.63,Clear
18/07/2023,06:30 PM,87.27,62.82,8.36,29.63,Clear
18/07/2023,07:00 PM,86.64,64.82,7.27,29.64,Clear
18/07/2023,07:30 PM,86.00,66.45,6.09,29.65,Clear
18/07/2023,08:00 PM,85.27,68.73,5.18,29.66,Clear
18/07/2023,08:30 PM,84.64,70.73,4.91,29.66,Clear
18/07/2023,09:00 PM,83.82,72.64,4.82,29.68,Clear
18/07/2023,09:30 PM,83.00,74.73,4.55,29.68,Clear
18/07/2023,10:00 PM,82.18,77.27,4.09,29.69,Rain
18/07/2023,10:30 PM,81.36,79.82,3.64,29.70,Clear
18/07/2023,11:00 PM,80.55,82.36,3.18,29.70,Clear
18/07/2023,11:30 PM,79.91,84.55,2.73,29.70,Clear
19/07/2023,12:00 AM,79.27,86.73,2.45,29.70,Rain
19/07/2023,12:30 AM,78.64,88.55,2.36,29.70,Rain
19/07/2023,01:00 AM,78.00,90.73,2.55,29.69,Rain
19/07/2023,01:30 AM,77.55,91.64,2.82,29.69,Clear
19/07/2023,02:00 AM,77.18,93.09,2.91,29.68,Clear
19/07/2023,02:30 AM,77.00,94.09,3.00,29.67,Clear
19/07/2023,03:00 AM,77.00,94.09,3.00,29.67,Clear
19/07/2023,03:30 AM,76.82,94.09,3.73,29.66,Clear
19/07/2023,04:00 AM,76.82,93.64,3.73,29.66,Clear
19/07/2023,04:30 AM,76.64,94.18,4.09,29.66,Rain
19/07/2023,05:00 AM,76.45,94.18,4.36,29.66,Rain
19/07/2023,05:30 AM,76.45,93.73,4.91,29.66,Rain
19/07/2023,06:00 AM,76.45,93.27,5.36,29.66,Rain
19/07/2023,06:30 AM,76.64,92.82,5.82,29.66,Rain
19/07/2023,07:00 AM,76.82,92.36,6.18,29.67,Rain
19/07/2023,07:30 AM,77.18,91.36,6.09,29.67,Rain
19/07/2023,08:00 AM,77.64,90.45,6.27,29.68,Rain
19/07/2023,08:30 AM,78.09,90.00,6.73,29.68,Clear
19/07/2023,09:00 AM,78.45,90.00,6.45,29.68,Clear
19/07/2023,09:30 AM,78.91,90.00,6.82,29.68,Clear
19/07/2023,10:00 AM,79.45,89.00,6.82,29.68,Clear
19/07/2023,10:30 AM,79.82,88.55,7.00,29.68,Clear
19/07/2023,11:00 AM,80.18,88.55,6.55,29.68,Rain
19/07/2023,11:30 AM,80.55,88.55,6.45,29.68,Rain
19/07/2023,12:00 PM,80.73,88.09,6.55,29.68,Rain
19/07/2023,12:30 PM,80.91,87.64,6.55,29.68,Rain
19/07/2023,01:00 PM,80.91,87.18,6.55,29.67,Rain
19/07/2023,01:30 PM,80.64,88.09,6.27,29.66,Rain
19/07/2023,02:00 PM,80.36,89.00,6.18,29.66,Rain
19/07/2023,02:30 PM,80.36,89.00,5.82,29.65,Rain
19/07/2023,03:00 PM,80.09,89.45,5.73,29.64,Rain
19/07/2023,03:30 PM,79.91,89.91,5.09,29.64,Rain
19/07/2023,04:00 PM,79.91,90.36,4.45,29.64,Rain
19/07/2023,04:30 PM,79.73,90.82,4.45,29.63,Rain
19/07/2023,05:00 PM,79.55,91.27,4.18,29.63,Clear
19/07/2023,05:30 PM,79.18,92.73,3.73,29.64,Clear
19/07/2023,06:00 PM,78.82,94.18,3.09,29.64,Clear
19/07/2023,06:30 PM,78.45,95.09,3.00,29.65,Rain
19/07/2023,07:00 PM,78.45,94.64,3.09,29.65,Rain
19/07/2023,07:30 PM,78.45,94.18,3.09,29.66,Rain
19/07/2023,08:00 PM,78.27,94.18,3.27,29.67,Rain
19/07/2023,08:30 PM,78.09,94.18,3.27,29.68,Rain
19/07/2023,09:00 PM,77.91,94.18,3.73,29.68,Rain
19/07/2023,09:30 PM,77.73,94.18,4.00,29.69,Clear
19/07/2023,10:00 PM,77.55,94.18,4.18,29.69,Rain
19/07/2023,10:30 PM,77.36,94.18,4.18,29.69,Rain
19/07/2023,11:00 PM,77.36,93.64,4.09,29.69,Rain
19/07/2023,11:30 PM,77.36,93.09,4.36,29.69,Clear
20/07/2023,12:00 AM,77.36,93.09,4.09,29.68,Clear
20/07/2023,12:30 AM,77.18,93.55,3.55,29.68,Clear
20/07/2023,01:00 AM,77.00,94.00,3.00,29.67,Clear
20/07/2023,01:30 AM,77.00,94.55,2.55,29.66,Clear
20/07/2023,02:00 AM,77.00,95.09,2.09,29.66,Clear
20/07/2023,02:30 AM,77.00,95.64,2.09,29.65,Clear
20/07/2023,03:00 AM,77.18,95.18,2.45,29.65,Clear
20/07/2023,03:30 AM,77.36,94.73,2.45,29.65,Clear
20/07/2023,04:00 AM,77.55,94.27,2.36,29.64,Clear
20/07/2023,04:30 AM,77.73,93.82,2.27,29.64,Clear
20/07/2023,05:00 AM,78.09,92.91,2.55,29.64,Rain
20/07/2023,05:30 AM,78.55,91.55,2.82,29.65,Rain
20/07/2023,06:00 AM,79.00,90.18,3.45,29.65,Rain
20/07/2023,06:30 AM,79.64,88.82,4.09,29.65,Clear
20/07/2023,07:00 AM,80.45,86.45,4.64,29.65,Clear
20/07/2023,07:30 AM,81.27,83.73,5.82,29.66,Clear
20/07/2023,08:00 AM,82.09,81.00,6.18,29.66,Clear
20/07/2023,08:30 AM,82.91,78.91,6.45,29.66,Clear
20/07/2023,09:00 AM,83.73,76.82,7.18,29.66,Clear
20/07/2023,09:30 AM,84.73,74.09,8.36,29.66,Clear
20/07/2023,10:00 AM,85.82,71.36,9.45,29.66,Clear
20/07/2023,10:30 AM,86.64,69.36,10.09,29.66,Clear
20/07/2023,11:00 AM,87.18,68.18,10.73,29.66,Clear
20/07/2023,11:30 AM,87.73,67.00,11.18,29.66,Clear
20/07/2023,12:00 PM,88.09,65.82,11.64,29.65,Clear
20/07/2023,12:30 PM,88.27,65.45,11.91,29.65,Clear
20/07/2023,01:00 PM,88.45,65.45,11.55,29.65,Rain
20/07/2023,01:30 PM,88.64,65.45,11.45,29.64,Rain
20/07/2023,02:00 PM,88.64,65.45,11.36,29.63,Clear
20/07/2023,02:30 PM,88.64,65.09,11.09,29.63,Clear
20/07/2023,03:00 PM,88.45,65.73,10.64,29.63,Clear
20/07/2023,03:30 PM,88.00,66.73,10.18,29.62,Clear
20/07/2023,04:00 PM,87.45,67.45,9.64,29.62,Clear
20/07/2023,04:30 PM,87.09,68.18,9.18,29.62,Clear
20/07/2023,05:00 PM,86.55,69.36,8.64,29.63,Clear
20/07/2023,05:30 PM,86.00,70.55,8.09,29.63,Clear
20/07/2023,06:00 PM,85.45,71.36,7.82,29.63,Clear
20/07/2023,06:30 PM,84.91,72.18,7.55,29.64,Clear
20/07/2023,07:00 PM,84.36,72.55,7.45,29.65,Clear
20/07/2023,07:30 PM,83.82,73.73,7.27,29.65,Clear
20/07/2023,08:00 PM,83.18,75.73,6.36,29.66,Clear
20/07/2023,08:30 PM,82.64,76.91,5.45,29.68,Clear
20/07/2023,09:00 PM,82.18,78.18,4.73,29.69,Clear
20/07/2023,09:30 PM,81.91,79.45,4.64,29.69,Clear
20/07/2023,10:00 PM,81.64,80.36,4.45,29.70,Clear
20/07/2023,10:30 PM,81.64,80.36,4.55,29.70,Clear
20/07/2023,11:00 PM,81.55,80.82,4.27,29.70,Clear
20/07/2023,11:30 PM,81.27,81.73,4.00,29.70,Clear
21/07/2023,12:00 AM,81.00,82.64,3.73,29.70,Clear
21/07/2023,12:30 AM,80.91,83.55,3.55,29.70,Clear
21/07/2023,01:00 AM,80.82,84.00,3.18,29.69,Clear
21/07/2023,01:30 AM,80.82,84.00,3.82,29.69,Clear
21/07/2023,02:00 AM,80.73,84.45,4.45,29.68,Clear
21/07/2023,02:30 AM,80.73,84.45,5.00,29.67,Clear
21/07/2023,03:00 AM,80.73,84.45,4.91,29.67,Clear
21/07/2023,03:30 AM,80.73,84.45,4.73,29.66,Clear
21/07/2023,04:00 AM,80.64,84.91,4.36,29.66,Clear
21/07/2023,04:30 AM,80.64,84.91,4.36,29.66,Clear
21/07/2023,05:00 AM,80.82,84.45,4.36,29.66,Clear
21/07/2023,05:30 AM,81.09,83.55,4.36,29.66,Clear
21/07/2023,06:00 AM,81.18,83.55,4.36,29.67,Clear
21/07/2023,06:30 AM,81.27,83.55,4.55,29.67,Clear
21/07/2023,07:00 AM,81.55,83.09,4.36,29.67,Clear
21/07/2023,07:30 AM,81.82,82.64,4.27,29.68,Clear
21/07/2023,08:00 AM,82.27,81.73,4.36,29.69,Clear
21/07/2023,08:30 AM,82.73,80.82,4.55,29.70,Clear
21/07/2023,09:00 AM,82.82,80.36,5.18,29.70,Clear
21/07/2023,09:30 AM,83.09,79.45,5.64,29.70,Clear
21/07/2023,10:00 AM,83.73,77.82,6.09,29.71,Clear
21/07/2023,10:30 AM,84.18,76.55,6.55,29.71,Clear
21/07/2023,11:00 AM,84.55,76.09,6.91,29.70,Rain
21/07/2023,11:30 AM,84.91,75.18,7.27,29.70,Clear
21/07/2023,12:00 PM,85.27,74.27,7.55,29.69,Clear
21/07/2023,12:30 PM,85.64,73.45,7.91,29.69,Clear
21/07/2023,01:00 PM,86.18,72.27,7.91,29.68,Clear
21/07/2023,01:30 PM,86.55,71.55,7.91,29.67,Clear
21/07/2023,02:00 PM,86.73,70.82,7.91,29.66,Clear
21/07/2023,02:30 PM,86.91,70.82,7.64,29.66,Clear
21/07/2023,03:00 PM,86.91,70.82,7.45,29.65,Clear
21/07/2023,03:30 PM,86.55,71.55,7.18,29.65,Clear
21/07/2023,04:00 PM,86.36,71.91,6.73,29.65,Clear
21/07/2023,04:30 PM,86.00,72.82,6.36,29.65,Clear
21/07/2023,05:00 PM,85.64,73.73,6.09,29.65,Clear
21/07/2023,05:30 PM,85.27,74.64,5.82,29.66,Clear
21/07/2023,06:00 PM,84.73,75.91,5.55,29.66,Clear
21/07/2023,06:30 PM,84.00,77.09,5.64,29.67,Clear
21/07/2023,07:00 PM,83.27,78.73,5.27,29.68,Clear
21/07/2023,07:30 PM,82.73,80.36,4.82,29.69,Clear
21/07/2023,08:00 PM,82.45,81.27,4.36,29.71,Clear
21/07/2023,08:30 PM,82.18,82.64,3.82,29.72,Clear
21/07/2023,09:00 PM,81.91,84.00,3.36,29.72,Clear
21/07/2023,09:30 PM,81.64,85.36,3.09,29.73,Clear
21/07/2023,10:00 PM,81.55,85.82,3.27,29.74,Clear
21/07/2023,10:30 PM,81.27,86.73,3.00,29.74,Clear
21/07/2023,11:00 PM,81.00,87.64,2.73,29.74,Clear
21/07/2023,11:30 PM,80.73,87.55,2.91,29.74,Clear
22/07/2023,12:00 AM,80.45,87.91,3.00,29.74,Clear
22/07/2023,12:30 AM,80.00,88.36,3.18,29.74,Clear
22/07/2023,01:00 AM,79.55,88.82,3.18,29.73,Clear
22/07/2023,01:30 AM,79.18,88.82,3.27,29.72,Clear
22/07/2023,02:00 AM,78.82,88.82,3.55,29.72,Clear
22/07/2023,02:30 AM,78.45,88.27,4.09,29.72,Clear
22/07/2023,03:00 AM,77.91,88.73,4.55,29.71,Clear
22/07/2023,03:30 AM,77.36,89.18,4.36,29.71,Clear
22/07/2023,04:00 AM,77.00,89.18,4.09,29.71,Clear
22/07/2023,04:30 AM,76.82,88.73,3.91,29.71,Clear
22/07/2023,05:00 AM,76.64,89.73,3.45,29.70,Clear
22/07/2023,05:30 AM,76.64,90.27,3.00,29.70,Clear
22/07/2023,06:00 AM,76.82,90.27,2.82,29.71,Clear
22/07/2023,06:30 AM,77.18,89.82,2.82,29.71,Clear
22/07/2023,07:00 AM,77.64,88.91,3.00,29.72,Clear
22/07/2023,07:30 AM,78.27,88.00,3.36,29.72,Clear
22/07/2023,08:00 AM,78.91,87.64,3.55,29.73,Clear
22/07/2023,08:30 AM,79.91,85.82,3.73,29.73,Clear
22/07/2023,09:00 AM,80.91,84.00,4.09,29.74,Clear
22/07/2023,09:30 AM,82.09,81.45,5.00,29.74,Clear
22/07/2023,10:00 AM,83.27,79.00,5.91,29.74,Clear
22/07/2023,10:30 AM,84.45,76.09,6.45,29.75,Clear
22/07/2023,11:00 AM,85.45,73.64,7.00,29.74,Clear
22/07/2023,11:30 AM,86.45,71.18,7.91,29.74,Clear
22/07/2023,12:00 PM,86.91,69.91,8.64,29.74,Clear
22/07/2023,12:30 PM,87.64,68.36,8.82,29.73,Clear
22/07/2023,01:00 PM,88.18,66.82,9.00,29.72,Rain
22/07/2023,01:30 PM,88.73,65.00,8.91,29.71,Rain
22/07/2023,02:00 PM,89.09,63.91,9.09,29.70,Rain
22/07/2023,02:30 PM,89.27,63.55,9.00,29.69,Rain
22/07/2023,03:00 PM,89.09,63.55,8.82,29.69,Clear
22/07/2023,03:30 PM,88.55,64.64,8.55,29.69,Clear
22/07/2023,04:00 PM,88.00,65.73,8.27,29.68,Clear
22/07/2023,04:30 PM,87.45,66.45,7.91,29.68,Clear
22/07/2023,05:00 PM,86.73,68.00,7.00,29.69,Clear
22/07/2023,05:30 PM,86.36,68.82,6.36,29.69,Clear
22/07/2023,06:00 PM,85.64,70.36,5.73,29.70,Clear
22/07/2023,06:30 PM,84.82,72.36,4.91,29.71,Clear
22/07/2023,07:00 PM,84.00,74.64,4.27,29.71,Clear
22/07/2023,07:30 PM,83.18,76.64,3.45,29.72,Clear
22/07/2023,08:00 PM,82.55,78.36,3.18,29.74,Clear
22/07/2023,08:30 PM,82.09,80.45,2.45,29.74,Clear
22/07/2023,09:00 PM,81.82,81.82,1.82,29.75,Clear
22/07/2023,09:30 PM,81.36,83.64,1.27,29.76,Clear
22/07/2023,10:00 PM,80.91,85.82,1.09,29.76,Clear
22/07/2023,10:30 PM,80.64,87.18,1.09,29.77,Clear
22/07/2023,11:00 PM,80.36,88.55,1.00,29.77,Clear
22/07/2023,11:30 PM,80.09,89.91,1.09,29.77,Clear
23/07/2023,12:00 AM,79.91,90.36,1.55,29.77,Clear
23/07/2023,12:30 AM,79.73,90.27,1.73,29.76,Clear
23/07/2023,01:00 AM,79.55,90.73,1.82,29.76,Clear
23/07/2023,01:30 AM,79.36,90.73,1.73,29.75,Clear
23/07/2023,02:00 AM,79.18,90.73,2.27,29.75,Clear
23/07/2023,02:30 AM,78.82,91.18,2.27,29.74,Clear
23/07/2023,03:00 AM,78.64,91.18,2.55,29.74,Clear
23/07/2023,03:30 AM,78.45,91.18,2.45,29.74,Clear
23/07/2023,04:00 AM,78.27,91.18,2.64,29.74,Clear
23/07/2023,04:30 AM,78.09,91.18,2.64,29.73,Clear
23/07/2023,05:00 AM,77.91,90.73,2.73,29.73,Clear
23/07/2023,05:30 AM,77.91,90.18,2.55,29.74,Clear
23/07/2023,06:00 AM,78.09,90.27,2.55,29.74,Clear
23/07/2023,06:30 AM,78.36,89.36,2.73,29.74,Clear
23/07/2023,07:00 AM,79.00,87.64,3.00,29.74,Clear
23/07/2023,07:30 AM,79.64,85.91,2.91,29.75,Clear
23/07/2023,08:00 AM,80.64,83.00,4.00,29.75,Clear
23/07/2023,08:30 AM,81.64,80.45,4.27,29.75,Clear
23/07/2023,09:00 AM,82.82,77.55,4.73,29.75,Clear
23/07/2023,09:30 AM,84.00,74.64,4.91,29.75,Clear
23/07/2023,10:00 AM,85.18,71.45,5.55,29.75,Clear
23/07/2023,10:30 AM,86.45,68.73,6.09,29.75,Clear
23/07/2023,11:00 AM,87.45,66.55,6.36,29.74,Clear
23/07/2023,11:30 AM,88.55,63.64,7.27,29.74,Rain
23/07/2023,12:00 PM,89.55,61.18,8.09,29.73,Clear
23/07/2023,12:30 PM,90.18,59.00,9.00,29.72,Clear
23/07/2023,01:00 PM,90.82,57.09,9.64,29.71,Clear
23/07/2023,01:30 PM,91.09,56.18,9.82,29.69,Clear
23/07/2023,02:00 PM,91.36,54.91,10.45,29.68,Clear
23/07/2023,02:30 PM,91.45,54.00,10.91,29.67,Clear
23/07/2023,03:00 PM,91.45,53.36,11.09,29.67,Clear
23/07/2023,03:30 PM,91.27,53.27,11.09,29.66,Clear
23/07/2023,04:00 PM,90.82,54.27,10.91,29.66,Clear
23/07/2023,04:30 PM,90.45,55.27,10.64,29.66,Clear
23/07/2023,05:00 PM,89.64,57.27,10.00,29.66,Clear
23/07/2023,05:30 PM,88.82,59.27,9.18,29.66,Clear
23/07/2023,06:00 PM,87.82,62.27,8.09,29.67,Clear
23/07/2023,06:30 PM,86.82,65.00,7.27,29.68,Clear
23/07/2023,07:00 PM,86.00,67.45,6.27,29.68,Clear
23/07/2023,07:30 PM,85.09,70.36,5.27,29.69,Clear
23/07/2023,08:00 PM,84.18,73.27,4.36,29.70,Clear
23/07/2023,08:30 PM,83.18,76.36,3.55,29.71,Clear
23/07/2023,09:00 PM,82.55,78.73,3.00,29.71,Clear
23/07/2023,09:30 PM,81.91,80.45,2.64,29.72,Clear
23/07/2023,10:00 PM,81.27,82.18,2.64,29.72,Clear
23/07/2023,10:30 PM,80.82,83.55,2.36,29.72,Clear
23/07/2023,11:00 PM,80.36,84.91,2.09,29.72,Clear
23/07/2023,11:30 PM,79.91,86.27,2.00,29.72,Clear
24/07/2023,12:00 AM,79.64,87.18,1.91,29.72,Clear
24/07/2023,12:30 AM,79.18,88.55,1.64,29.72,Clear
24/07/2023,01:00 AM,78.82,89.45,1.45,29.71,Clear
24/07/2023,01:30 AM,78.45,90.36,1.45,29.71,Clear
24/07/2023,02:00 AM,78.27,90.82,1.45,29.70,Clear
24/07/2023,02:30 AM,77.91,92.27,1.18,29.69,Clear
24/07/2023,03:00 AM,77.73,92.73,1.00,29.69,Clear
24/07/2023,03:30 AM,77.55,93.18,0.73,29.69,Clear
24/07/2023,04:00 AM,77.36,93.64,0.55,29.69,Clear
24/07/2023,04:30 AM,77.18,94.64,0.55,29.69,Clear
24/07/2023,05:00 AM,77.36,94.64,0.36,29.69,Clear
24/07/2023,05:30 AM,77.55,94.64,0.45,29.69,Clear
24/07/2023,06:00 AM,78.00,93.73,0.73,29.70,Clear
24/07/2023,06:30 AM,78.82,91.91,1.00,29.70,Clear
24/07/2023,07:00 AM,79.64,89.73,1.27,29.71,Clear
24/07/2023,07:30 AM,80.64,87.55,1.91,29.71,Clear
24/07/2023,08:00 AM,81.64,84.45,2.36,29.72,Clear
24/07/2023,08:30 AM,82.82,81.55,3.00,29.72,Clear
24/07/2023,09:00 AM,84.09,78.00,3.82,29.72,Clear
24/07/2023,09:30 AM,85.55,74.55,4.91,29.72,Clear
24/07/2023,10:00 AM,87.00,70.18,6.00,29.72,Clear
24/07/2023,10:30 AM,88.09,66.36,6.91,29.71,Clear
24/07/2023,11:00 AM,89.18,63.00,7.73,29.71,Clear
24/07/2023,11:30 AM,90.18,59.82,8.64,29.70,Clear
24/07/2023,12:00 PM,90.82,57.55,9.64,29.69,Clear
24/07/2023,12:30 PM,91.45,55.64,10.73,29.68,Clear
24/07/2023,01:00 PM,91.91,53.73,11.27,29.67,Clear
24/07/2023,01:30 PM,92.18,52.45,12.00,29.66,Clear
24/07/2023,02:00 PM,92.45,51.27,12.45,29.66,Clear
24/07/2023,02:30 PM,92.45,51.00,12.55,29.65,Clear
24/07/2023,03:00 PM,92.27,50.36,12.55,29.64,Clear
24/07/2023,03:30 PM,92.00,50.64,12.18,29.64,Clear
24/07/2023,04:00 PM,91.73,51.18,12.00,29.64,Clear
24/07/2023,04:30 PM,91.09,52.09,11.45,29.63,Clear
24/07/2023,05:00 PM,90.45,53.27,10.82,29.64,Clear
24/07/2023,05:30 PM,89.82,54.45,10.09,29.64,Clear
24/07/2023,06:00 PM,89.00,56.00,9.09,29.64,Clear
24/07/2023,06:30 PM,88.18,57.55,8.45,29.65,Clear
24/07/2023,07:00 PM,87.55,59.18,7.82,29.65,Clear
24/07/2023,07:30 PM,86.55,61.45,6.91,29.66,Clear
24/07/2023,08:00 PM,85.64,63.91,6.00,29.67,Clear
24/07/2023,08:30 PM,84.73,66.64,4.91,29.68,Clear
24/07/2023,09:00 PM,83.73,69.18,4.18,29.69,Clear
24/07/2023,09:30 PM,82.91,71.45,3.45,29.70,Clear
24/07/2023,10:00 PM,82.27,73.91,3.09,29.70,Clear
24/07/2023,10:30 PM,81.64,76.36,2.55,29.71,Clear
24/07/2023,11:00 PM,81.00,78.82,2.00,29.71,Clear
24/07/2023,11:30 PM,80.55,80.91,1.45,29.71,Clear
25/07/2023,12:00 AM,80.09,83.00,0.91,29.71,Clear
25/07/2023,12:30 AM,79.64,84.73,0.36,29.71,Clear
25/07/2023,01:00 AM,79.18,86.55,0.18,29.70,Clear
25/07/2023,01:30 AM,78.82,87.91,0.18,29.70,Clear
25/07/2023,02:00 AM,78.45,89.27,0.18,29.69,Clear
25/07/2023,02:30 AM,78.27,90.27,0.18,29.69,Clear
25/07/2023,03:00 AM,78.09,91.27,0.18,29.69,Clear
25/07/2023,03:30 AM,77.91,91.73,0.00,29.69,Clear
25/07/2023,04:00 AM,77.73,92.18,0.00,29.69,Clear
25/07/2023,04:30 AM,77.55,93.18,0.00,29.69,Clear
25/07/2023,05:00 AM,77.55,93.64,0.00,29.69,Clear
25/07/2023,05:30 AM,77.73,93.64,0.00,29.69,Clear
25/07/2023,06:00 AM,78.18,92.73,0.09,29.70,Clear
25/07/2023,06:30 AM,79.00,91.36,0.09,29.71,Clear
25/07/2023,07:00 AM,80.00,89.18,0.36,29.71,Clear
25/07/2023,07:30 AM,81.00,87.00,0.64,29.72,Clear
25/07/2023,08:00 AM,82.00,84.45,0.82,29.72,Clear
25/07/2023,08:30 AM,83.18,81.55,1.27,29.72,Clear
25/07/2023,09:00 AM,84.36,78.64,1.55,29.72,Clear
25/07/2023,09:30 AM,85.55,75.73,1.82,29.72,Clear
25/07/2023,10:00 AM,86.82,72.00,2.45,29.72,Clear
25/07/2023,10:30 AM,88.09,68.18,3.18,29.72,Clear
25/07/2023,11:00 AM,89.18,64.82,3.91,29.71,Clear
25/07/2023,11:30 AM,90.18,62.09,4.55,29.71,Clear
25/07/2023,12:00 PM,91.00,59.36,5.64,29.70,Clear
25/07/2023,12:30 PM,91.64,57.45,6.27,29.69,Clear
25/07/2023,01:00 PM,92.27,55.55,6.82,29.68,Clear
25/07/2023,01:30 PM,92.73,54.27,7.45,29.68,Clear
25/07/2023,02:00 PM,93.00,53.36,7.64,29.67,Rain
25/07/2023,02:30 PM,93.27,52.18,8.09,29.66,Rain
25/07/2023,03:00 PM,93.36,51.55,8.64,29.65,Clear
25/07/2023,03:30 PM,93.27,51.55,8.64,29.65,Clear
25/07/2023,04:00 PM,93.00,52.18,8.45,29.65,Clear
25/07/2023,04:30 PM,92.36,54.18,8.18,29.65,Clear
25/07/2023,05:00 PM,91.55,56.91,7.91,29.65,Clear
25/07/2023,05:30 PM,90.73,59.18,7.00,29.66,Clear
25/07/2023,06:00 PM,89.73,62.36,6.09,29.66,Clear
25/07/2023,06:30 PM,88.73,65.55,5.27,29.67,Clear
25/07/2023,07:00 PM,87.91,68.45,4.45,29.68,Clear
25/07/2023,07:30 PM,87.09,71.36,3.82,29.68,Clear
25/07/2023,08:00 PM,86.09,74.09,3.09,29.69,Clear
25/07/2023,08:30 PM,85.27,76.27,2.27,29.70,Clear
25/07/2023,09:00 PM,84.55,78.09,1.64,29.71,Clear
25/07/2023,09:30 PM,83.73,80.36,1.27,29.71,Clear
25/07/2023,10:00 PM,83.27,81.27,1.00,29.72,Clear
25/07/2023,10:30 PM,82.82,81.73,0.55,29.72,Clear
25/07/2023,11:00 PM,82.36,82.64,0.36,29.72,Clear
25/07/2023,11:30 PM,82.09,82.64,0.36,29.73,Clear
26/07/2023,12:00 AM,81.82,82.64,0.36,29.73,Clear
26/07/2023,12:30 AM,81.55,82.64,0.36,29.73,Clear
26/07/2023,01:00 AM,81.27,82.64,0.36,29.73,Clear
26/07/2023,01:30 AM,81.18,83.09,0.36,29.73,Clear
26/07/2023,02:00 AM,81.09,83.55,0.36,29.72,Clear
26/07/2023,02:30 AM,80.82,84.91,0.36,29.72,Clear
26/07/2023,03:00 AM,80.64,85.82,0.18,29.72,Clear
26/07/2023,03:30 AM,80.45,86.73,0.00,29.72,Clear
26/07/2023,04:00 AM,80.27,87.64,0.00,29.72,Clear
26/07/2023,04:30 AM,80.09,88.55,0.00,29.72,Clear
26/07/2023,05:00 AM,80.09,89.00,0.18,29.72,Clear
26/07/2023,05:30 AM,80.18,89.00,0.36,29.73,Clear
26/07/2023,06:00 AM,80.45,88.55,0.55,29.73,Clear
26/07/2023,06:30 AM,80.91,87.64,0.55,29.73,Clear
26/07/2023,07:00 AM,81.55,86.00,0.82,29.74,Clear
26/07/2023,07:30 AM,82.18,84.36,1.09,29.74,Clear
26/07/2023,08:00 AM,83.18,81.45,1.55,29.75,Clear
26/07/2023,08:30 AM,84.27,78.27,2.00,29.75,Clear
26/07/2023,09:00 AM,85.27,75.36,2.64,29.75,Clear
26/07/2023,09:30 AM,85.73,73.55,4.27,29.75,Clear
26/07/2023,10:00 AM,85.36,73.55,5.09,29.75,Clear
26/07/2023,10:30 AM,84.82,74.00,5.18,29.75,Clear
26/07/2023,11:00 AM,84.18,75.45,5.55,29.75,Clear
26/07/2023,11:30 AM,83.36,76.82,5.55,29.75,Rain
26/07/2023,12:00 PM,82.36,78.64,5.64,29.74,Rain
26/07/2023,12:30 PM,81.36,80.73,5.55,29.74,Rain
26/07/2023,01:00 PM,80.36,83.27,5.73,29.73,Rain
26/07/2023,01:30 PM,79.18,85.73,5.45,29.72,Clear
26/07/2023,02:00 PM,78.09,88.45,5.18,29.71,Clear
26/07/2023,02:30 PM,77.09,90.91,4.82,29.71,Rain
26/07/2023,03:00 PM,76.64,92.27,3.45,29.70,Rain
26/07/2023,03:30 PM,77.00,91.82,2.82,29.69,Clear
26/07/2023,04:00 PM,77.36,91.36,2.73,29.69,Clear
26/07/2023,04:30 PM,77.73,90.36,2.36,29.69,Clear
26/07/2023,05:00 PM,77.91,90.36,2.36,29.69,Clear
26/07/2023,05:30 PM,78.27,89.91,2.27,29.69,Clear
26/07/2023,06:00 PM,78.45,90.36,2.09,29.69,Clear
26/07/2023,06:30 PM,78.64,90.36,1.64,29.69,Clear
26/07/2023,07:00 PM,78.82,90.82,1.45,29.70,Clear
26/07/2023,07:30 PM,78.82,91.27,1.27,29.71,Clear
26/07/2023,08:00 PM,78.82,91.73,1.00,29.71,Clear
26/07/2023,08:30 PM,78.82,92.18,0.91,29.72,Clear
26/07/2023,09:00 PM,78.64,93.18,1.18,29.73,Clear
26/07/2023,09:30 PM,78.45,94.18,1.18,29.74,Clear
26/07/2023,10:00 PM,78.27,95.18,1.18,29.74,Clear
26/07/2023,10:30 PM,78.27,95.73,1.00,29.75,Clear
26/07/2023,11:00 PM,78.09,96.73,1.00,29.75,Clear
26/07/2023,11:30 PM,77.91,97.27,1.00,29.75,Clear
27/07/2023,12:00 AM,77.73,97.82,1.18,29.75,Clear
27/07/2023,12:30 AM,77.55,98.36,1.45,29.75,Clear
27/07/2023,01:00 AM,77.36,98.91,1.73,29.75,Clear
27/07/2023,01:30 AM,77.18,98.91,1.73,29.74,Clear
27/07/2023,02:00 AM,77.00,98.91,1.55,29.74,Clear
27/07/2023,02:30 AM,77.00,98.91,1.27,29.73,Clear
27/07/2023,03:00 AM,77.00,98.91,1.36,29.73,Clear
27/07/2023,03:30 AM,77.00,98.91,1.45,29.72,Clear
27/07/2023,04:00 AM,77.18,98.36,1.45,29.72,Clear
27/07/2023,04:30 AM,77.36,97.82,1.73,29.72,Clear
27/07/2023,05:00 AM,77.73,96.82,2.27,29.72,Clear
27/07/2023,05:30 AM,78.18,95.82,2.55,29.72,Clear
27/07/2023,06:00 AM,78.64,94.82,2.55,29.73,Clear
27/07/2023,06:30 AM,79.45,92.91,2.82,29.73,Clear
27/07/2023,07:00 AM,80.45,90.73,3.55,29.74,Clear
27/07/2023,07:30 AM,81.45,88.55,4.18,29.74,Clear
27/07/2023,08:00 AM,82.64,85.09,5.18,29.75,Clear
27/07/2023,08:30 AM,83.91,81.73,6.09,29.75,Clear
27/07/2023,09:00 AM,85.18,78.00,7.09,29.75,Clear
27/07/2023,09:30 AM,86.27,74.82,8.27,29.75,Clear
27/07/2023,10:00 AM,87.36,71.64,9.36,29.75,Clear
27/07/2023,10:30 AM,88.45,68.64,10.09,29.74,Clear
27/07/2023,11:00 AM,89.45,65.64,10.91,29.73,Clear
27/07/2023,11:30 AM,90.27,62.91,11.91,29.72,Clear
27/07/2023,12:00 PM,90.73,61.09,12.27,29.72,Clear
27/07/2023,12:30 PM,91.00,60.09,12.82,29.71,Clear
27/07/2023,01:00 PM,91.27,59.09,13.55,29.70,Clear
27/07/2023,01:30 PM,91.36,58.45,13.73,29.69,Clear
27/07/2023,02:00 PM,91.36,58.09,13.91,29.68,Clear
27/07/2023,02:30 PM,91.27,58.09,13.82,29.67,Clear
27/07/2023,03:00 PM,91.18,58.36,13.73,29.66,Clear
27/07/2023,03:30 PM,90.91,59.00,13.45,29.66,Clear
27/07/2023,04:00 PM,90.45,59.55,13.09,29.66,Clear
27/07/2023,04:30 PM,89.82,60.45,12.64,29.66,Clear
27/07/2023,05:00 PM,89.36,61.09,12.18,29.66,Clear
27/07/2023,05:30 PM,88.73,62.09,12.09,29.66,Clear
27/07/2023,06:00 PM,88.09,63.45,11.64,29.67,Clear
27/07/2023,06:30 PM,87.45,64.82,11.09,29.68,Clear
27/07/2023,07:00 PM,86.82,66.55,10.55,29.68,Clear
27/07/2023,07:30 PM,86.18,67.91,10.09,29.69,Clear
27/07/2023,08:00 PM,85.64,69.27,9.73,29.70,Clear
27/07/2023,08:30 PM,84.91,70.82,9.18,29.71,Clear
27/07/2023,09:00 PM,84.36,72.00,8.55,29.72,Clear
27/07/2023,09:30 PM,83.82,73.55,8.18,29.72,Clear
27/07/2023,10:00 PM,83.45,74.73,7.91,29.73,Clear
27/07/2023,10:30 PM,83.00,76.36,7.27,29.73,Clear
27/07/2023,11:00 PM,82.73,77.64,6.45,29.74,Clear
27/07/2023,11:30 PM,82.45,78.55,5.82,29.74,Clear
28/07/2023,12:00 AM,82.18,79.45,5.27,29.73,Clear
28/07/2023,12:30 AM,81.91,80.36,4.64,29.73,Clear
28/07/2023,01:00 AM,81.64,81.27,3.91,29.72,Clear
28/07/2023,01:30 AM,81.18,82.64,3.36,29.71,Clear
28/07/2023,02:00 AM,81.09,83.09,3.09,29.71,Clear
28/07/2023,02:30 AM,80.82,84.00,3.18,29.70,Clear
28/07/2023,03:00 AM,80.73,84.45,3.09,29.69,Clear
28/07/2023,03:30 AM,80.64,84.91,3.00,29.69,Clear
28/07/2023,04:00 AM,80.64,84.91,3.36,29.68,Clear
28/07/2023,04:30 AM,80.64,84.91,3.82,29.68,Clear
28/07/2023,05:00 AM,80.64,85.36,3.91,29.68,Clear
28/07/2023,05:30 AM,80.73,85.36,4.18,29.68,Clear
28/07/2023,06:00 AM,81.00,84.91,4.55,29.68,Clear
28/07/2023,06:30 AM,81.45,84.00,5.00,29.68,Clear
28/07/2023,07:00 AM,82.09,82.64,5.36,29.68,Clear
28/07/2023,07:30 AM,82.73,81.36,5.91,29.69,Clear
28/07/2023,08:00 AM,83.73,78.91,6.64,29.69,Clear
28/07/2023,08:30 AM,84.64,76.64,7.36,29.69,Clear
28/07/2023,09:00 AM,85.55,74.73,8.27,29.69,Clear
28/07/2023,09:30 AM,86.36,72.73,9.00,29.69,Clear
28/07/2023,10:00 AM,87.27,70.45,9.73,29.69,Clear
28/07/2023,10:30 AM,88.18,67.73,10.82,29.69,Clear
28/07/2023,11:00 AM,88.91,65.73,11.64,29.68,Clear
28/07/2023,11:30 AM,89.45,64.18,12.27,29.68,Clear
28/07/2023,12:00 PM,89.91,63.18,12.73,29.67,Clear
28/07/2023,12:30 PM,90.27,62.09,13.36,29.66,Clear
28/07/2023,01:00 PM,90.55,61.09,13.73,29.66,Clear
28/07/2023,01:30 PM,90.64,60.82,13.73,29.65,Clear
28/07/2023,02:00 PM,90.55,61.09,13.82,29.64,Clear
28/07/2023,02:30 PM,90.27,61.36,13.55,29.64,Clear
28/07/2023,03:00 PM,90.09,61.73,13.36,29.64,Clear
28/07/2023,03:30 PM,89.82,62.36,13.09,29.63,Clear
28/07/2023,04:00 PM,89.36,63.36,12.36,29.63,Clear
28/07/2023,04:30 PM,89.00,64.09,11.45,29.63,Clear
28/07/2023,05:00 PM,88.64,64.82,10.82,29.64,Clear
28/07/2023,05:30 PM,88.18,65.45,10.36,29.64,Clear
28/07/2023,06:00 PM,87.64,66.55,9.82,29.65,Clear
28/07/2023,06:30 PM,87.00,67.91,9.18,29.65,Clear
28/07/2023,07:00 PM,86.36,69.27,8.18,29.66,Clear
28/07/2023,07:30 PM,85.64,70.82,7.36,29.67,Clear
28/07/2023,08:00 PM,85.09,72.00,6.82,29.68,Clear
28/07/2023,08:30 PM,84.55,73.18,6.45,29.68,Clear
28/07/2023,09:00 PM,84.18,73.91,6.45,29.69,Clear
28/07/2023,09:30 PM,83.82,74.73,6.36,29.69,Clear
28/07/2023,10:00 PM,83.45,75.55,6.36,29.69,Clear
28/07/2023,10:30 PM,83.09,76.36,6.36,29.69,Clear
28/07/2023,11:00 PM,82.73,77.18,6.27,29.69,Clear
28/07/2023,11:30 PM,82.45,78.09,5.55,29.69,Clear
29/07/2023,12:00 AM,82.18,79.00,5.00,29.69,Clear
29/07/2023,12:30 AM,81.73,80.36,4.91,29.69,Clear
29/07/2023,01:00 AM,81.45,81.27,4.45,29.68,Clear
29/07/2023,01:30 AM,81.00,82.64,4.18,29.68,Clear
29/07/2023,02:00 AM,80.55,84.00,3.73,29.67,Clear
29/07/2023,02:30 AM,80.09,85.36,3.36,29.67,Clear
29/07/2023,03:00 AM,79.82,86.27,3.27,29.66,Clear
29/07/2023,03:30 AM,79.55,87.18,3.27,29.66,Clear
29/07/2023,04:00 AM,79.27,88.09,3.18,29.66,Clear
29/07/2023,04:30 AM,79.18,88.55,3.09,29.66,Clear
29/07/2023,05:00 AM,79.18,89.00,3.64,29.66,Clear
29/07/2023,05:30 AM,79.27,89.00,4.09,29.66,Clear
29/07/2023,06:00 AM,79.73,88.09,4.45,29.66,Clear
29/07/2023,06:30 AM,80.18,87.18,4.91,29.66,Clear
29/07/2023,07:00 AM,81.18,84.64,5.36,29.67,Clear
29/07/2023,07:30 AM,82.18,82.09,6.00,29.68,Clear
29/07/2023,08:00 AM,83.18,79.64,6.64,29.68,Clear
29/07/2023,08:30 AM,84.27,76.91,7.36,29.69,Clear
29/07/2023,09:00 AM,85.36,73.82,8.18,29.69,Clear
29/07/2023,09:30 AM,86.45,71.09,9.09,29.70,Clear
29/07/2023,10:00 AM,87.55,68.18,9.91,29.70,Clear
29/07/2023,10:30 AM,88.45,65.09,10.64,29.70,Clear
29/07/2023,11:00 AM,89.27,62.45,11.36,29.69,Clear
29/07/2023,11:30 AM,89.91,60.27,12.09,29.69,Clear
29/07/2023,12:00 PM,90.55,58.09,12.82,29.68,Clear
29/07/2023,12:30 PM,90.82,57.09,13.45,29.67,Clear
29/07/2023,01:00 PM,91.09,56.09,13.82,29.66,Clear
29/07/2023,01:30 PM,91.18,55.45,13.82,29.65,Clear
29/07/2023,02:00 PM,91.18,55.09,13.82,29.65,Clear
29/07/2023,02:30 PM,91.09,55.45,13.45,29.64,Clear
29/07/2023,03:00 PM,90.82,55.73,13.27,29.63,Clear
29/07/2023,03:30 PM,90.36,56.64,12.82,29.63,Clear
29/07/2023,04:00 PM,89.91,57.64,12.27,29.62,Clear
29/07/2023,04:30 PM,89.45,58.64,11.91,29.63,Clear
29/07/2023,05:00 PM,89.00,59.64,11.45,29.63,Clear
29/07/2023,05:30 PM,88.36,61.00,11.00,29.63,Clear
29/07/2023,06:00 PM,87.73,62.36,10.27,29.64,Clear
29/07/2023,06:30 PM,87.09,64.09,9.64,29.65,Clear
29/07/2023,07:00 PM,86.45,65.82,9.00,29.66,Clear
29/07/2023,07:30 PM,85.64,68.00,8.09,29.66,Clear
29/07/2023,08:00 PM,84.91,69.82,7.36,29.68,Clear
29/07/2023,08:30 PM,84.27,71.82,6.45,29.69,Clear
29/07/2023,09:00 PM,83.64,73.82,5.82,29.69,Clear
29/07/2023,09:30 PM,83.18,75.45,5.55,29.70,Clear
29/07/2023,10:00 PM,82.73,77.09,5.00,29.70,Clear
29/07/2023,10:30 PM,82.36,78.27,4.73,29.71,Clear
29/07/2023,11:00 PM,82.18,79.09,4.55,29.71,Clear
29/07/2023,11:30 PM,82.00,79.91,4.55,29.71,Clear
30/07/2023,12:00 AM,81.82,80.36,4.64,29.70,Clear
30/07/2023,12:30 AM,81.36,81.73,4.55,29.70,Clear
30/07/2023,01:00 AM,81.09,82.64,4.55,29.70,Clear
30/07/2023,01:30 AM,80.82,83.55,4.55,29.69,Clear
30/07/2023,02:00 AM,80.64,84.00,4.45,29.69,Clear
30/07/2023,02:30 AM,80.45,84.45,4.36,29.68,Clear
30/07/2023,03:00 AM,80.09,85.36,4.09,29.67,Clear
30/07/2023,03:30 AM,79.73,86.27,4.09,29.67,Clear
30/07/2023,04:00 AM,79.27,87.64,3.73,29.67,Clear
30/07/2023,04:30 AM,78.82,89.00,3.45,29.66,Clear
30/07/2023,05:00 AM,78.55,89.91,3.09,29.67,Clear
30/07/2023,05:30 AM,78.45,90.82,2.55,29.67,Clear
30/07/2023,06:00 AM,78.91,89.91,2.27,29.67,Clear
30/07/2023,06:30 AM,79.55,88.55,2.64,29.68,Clear
30/07/2023,07:00 AM,80.18,86.82,3.09,29.68,Clear
30/07/2023,07:30 AM,81.00,85.09,3.45,29.68,Clear
30/07/2023,08:00 AM,81.82,83.36,3.91,29.69,Clear
30/07/2023,08:30 AM,82.82,81.18,4.27,29.69,Clear
30/07/2023,09:00 AM,84.00,78.64,4.73,29.69,Clear
30/07/2023,09:30 AM,85.00,77.27,5.18,29.69,Clear
30/07/2023,10:00 AM,86.18,75.09,5.55,29.69,Clear
30/07/2023,10:30 AM,87.27,72.36,6.18,29.68,Clear
30/07/2023,11:00 AM,88.09,69.91,6.73,29.68,Clear
30/07/2023,11:30 AM,88.27,69.45,7.09,29.67,Clear
30/07/2023,12:00 PM,87.91,70.82,7.09,29.67,Clear
30/07/2023,12:30 PM,87.55,72.55,6.91,29.66,Clear
30/07/2023,01:00 PM,87.00,74.27,6.64,29.65,Rain
30/07/2023,01:30 PM,86.64,75.55,6.27,29.64,Rain
30/07/2023,02:00 PM,86.45,76.36,6.45,29.63,Rain
30/07/2023,02:30 PM,85.64,78.00,6.82,29.63,Rain
30/07/2023,03:00 PM,85.00,78.91,6.73,29.63,Clear
30/07/2023,03:30 PM,84.18,80.64,6.64,29.63,Clear
30/07/2023,04:00 PM,83.27,82.91,5.91,29.63,Clear
30/07/2023,04:30 PM,82.45,84.91,5.45,29.63,Rain
30/07/2023,05:00 PM,82.00,86.27,5.09,29.63,Rain
30/07/2023,05:30 PM,81.91,86.27,4.45,29.63,Clear
30/07/2023,06:00 PM,81.82,86.27,4.00,29.64,Clear
30/07/2023,06:30 PM,81.73,86.27,4.00,29.65,Clear
30/07/2023,07:00 PM,81.27,87.18,4.00,29.66,Clear
30/07/2023,07:30 PM,80.82,88.09,3.45,29.67,Clear
30/07/2023,08:00 PM,80.64,89.00,2.64,29.68,Clear
30/07/2023,08:30 PM,80.45,89.45,2.55,29.69,Clear
30/07/2023,09:00 PM,80.27,89.45,2.55,29.70,Clear
30/07/2023,09:30 PM,79.91,90.91,2.36,29.71,Clear
30/07/2023,10:00 PM,79.55,91.82,2.27,29.71,Clear
30/07/2023,10:30 PM,79.18,92.82,2.36,29.72,Clear
30/07/2023,11:00 PM,78.82,93.27,2.55,29.72,Clear
30/07/2023,11:30 PM,78.45,93.73,2.82,29.72,Clear
31/07/2023,12:00 AM,78.09,94.18,2.82,29.72,Rain
31/07/2023,12:30 AM,77.91,94.18,3.18,29.72,Rain
31/07/2023,01:00 AM,77.55,94.64,3.55,29.71,Rain
31/07/2023,01:30 AM,77.36,94.64,3.55,29.71,Rain
31/07/2023,02:00 AM,77.18,94.64,3.27,29.70,Rain
31/07/2023,02:30 AM,77.00,95.09,3.00,29.69,Rain
31/07/2023,03:00 AM,77.00,94.55,3.00,29.69,Rain
31/07/2023,03:30 AM,77.00,94.55,3.00,29.69,Rain
31/07/2023,04:00 AM,77.00,94.00,3.00,29.69,Rain
31/07/2023,04:30 AM,77.00,94.00,3.09,29.69,Rain
31/07/2023,05:00 AM,77.00,94.55,3.09,29.69,Clear
31/07/2023,05:30 AM,77.00,95.09,3.00,29.70,Clear
31/07/2023,06:00 AM,77.18,95.09,2.91,29.70,Clear
31/07/2023,06:30 AM,77.55,94.64,2.91,29.70,Mist
31/07/2023,07:00 AM,78.00,93.73,3.27,29.71,Mist
31/07/2023,07:30 AM,78.64,92.36,3.64,29.71,Mist
31/07/2023,08:00 AM,79.45,90.55,3.91,29.72,Clear
31/07/2023,08:30 AM,80.27,88.73,4.45,29.72,Clear
31/07/2023,09:00 AM,81.45,86.55,4.82,29.73,Clear
31/07/2023,09:30 AM,82.27,84.73,5.00,29.73,Clear
31/07/2023,10:00 AM,83.45,82.18,5.00,29.72,Clear
31/07/2023,10:30 AM,84.64,78.73,4.82,29.72,Clear
31/07/2023,11:00 AM,85.82,75.64,4.64,29.71,Clear
31/07/2023,11:30 AM,86.27,74.73,4.73,29.71,Clear
31/07/2023,12:00 PM,86.27,74.73,4.64,29.70,Rain
31/07/2023,12:30 PM,86.00,75.64,4.55,29.70,Clear
31/07/2023,01:00 PM,85.55,77.00,4.45,29.69,Clear
31/07/2023,01:30 PM,84.91,78.82,4.18,29.69,Rain
31/07/2023,02:00 PM,84.27,80.64,3.91,29.68,Rain
31/07/2023,02:30 PM,83.27,82.82,3.82,29.67,Rain
31/07/2023,03:00 PM,82.82,84.18,3.82,29.66,Rain
31/07/2023,03:30 PM,82.00,86.27,3.73,29.66,Rain
31/07/2023,04:00 PM,81.18,88.73,3.82,29.66,Clear
31/07/2023,04:30 PM,80.36,90.82,3.82,29.66,Clear
31/07/2023,05:00 PM,79.91,91.73,3.27,29.66,Clear
31/07/2023,05:30 PM,79.73,92.18,2.82,29.66,Clear
31/07/2023,06:00 PM,79.73,92.18,2.55,29.66,Clear
31/07/2023,06:30 PM,79.73,92.18,2.27,29.67,Clear
31/07/2023,07:00 PM,79.73,92.18,2.18,29.67,Clear
31/07/2023,07:30 PM,79.55,92.18,1.91,29.68,Clear
31/07/2023,08:00 PM,79.55,92.18,1.45,29.69,Clear
31/07/2023,08:30 PM,79.18,93.18,1.18,29.70,Clear
31/07/2023,09:00 PM,78.82,94.18,1.27,29.71,Clear
31/07/2023,09:30 PM,78.45,95.18,1.09,29.71,Clear
31/07/2023,10:00 PM,78.09,96.18,1.09,29.72,Clear
31/07/2023,10:30 PM,78.09,96.18,1.36,29.72,Clear
31/07/2023,11:00 PM,78.09,96.18,1.64,29.72,Clear
31/07/2023,11:30 PM,78.09,96.18,1.55,29.72,Clear
01/08/2023,12:00 AM,78.09,96.18,1.55,29.72,Clear
01/08/2023,12:30 AM,78.09,96.18,1.82,29.71,Clear
01/08/2023,01:00 AM,78.27,96.18,2.09,29.71,Clear
01/08/2023,01:30 AM,78.27,96.18,2.36,29.71,Clear
01/08/2023,02:00 AM,78.45,95.64,2.45,29.70,Clear
01/08/2023,02:30 AM,78.45,95.09,2.82,29.70,Clear
01/08/2023,03:00 AM,78.45,94.55,3.09,29.70,Clear
01/08/2023,03:30 AM,78.45,94.00,3.55,29.70,Clear
01/08/2023,04:00 AM,78.09,94.55,3.73,29.70,Clear
01/08/2023,04:30 AM,77.73,95.09,3.91,29.70,Rain
01/08/2023,05:00 AM,77.36,95.09,4.27,29.70,Rain
01/08/2023,05:30 AM,77.18,94.64,4.73,29.71,Rain
01/08/2023,06:00 AM,77.18,93.64,4.73,29.72,Rain
01/08/2023,06:30 AM,77.36,92.27,4.91,29.72,Rain
01/08/2023,07:00 AM,77.64,90.91,5.18,29.73,Clear
01/08/2023,07:30 AM,78.09,89.09,5.18,29.73,Clear
01/08/2023,08:00 AM,78.73,87.27,5.00,29.74,Clear
01/08/2023,08:30 AM,79.36,85.45,4.91,29.74,Clear
01/08/2023,09:00 AM,80.36,83.27,4.73,29.74,Clear
01/08/2023,09:30 AM,81.55,80.18,5.00,29.74,Clear
01/08/2023,10:00 AM,82.73,77.09,5.18,29.74,Clear
01/08/2023,10:30 AM,83.91,74.55,5.55,29.74,Clear
01/08/2023,11:00 AM,84.91,72.45,5.82,29.73,Clear
01/08/2023,11:30 AM,85.73,70.91,6.27,29.72,Clear
01/08/2023,12:00 PM,86.18,70.09,6.73,29.72,Clear
01/08/2023,12:30 PM,86.73,68.91,6.82,29.71,Clear
01/08/2023,01:00 PM,86.91,68.55,7.27,29.70,Clear
01/08/2023,01:30 PM,87.09,68.18,7.45,29.69,Clear
01/08/2023,02:00 PM,87.27,67.82,7.91,29.69,Clear
01/08/2023,02:30 PM,86.91,68.64,8.18,29.68,Clear
01/08/2023,03:00 PM,86.55,70.27,8.00,29.68,Rain
01/08/2023,03:30 PM,86.00,72.36,8.09,29.68,Rain
01/08/2023,04:00 PM,85.00,74.91,8.55,29.68,Clear
01/08/2023,04:30 PM,84.00,77.45,7.91,29.68,Clear
01/08/2023,05:00 PM,83.00,80.00,7.27,29.69,Rain
01/08/2023,05:30 PM,82.18,82.18,6.36,29.70,Rain
01/08/2023,06:00 PM,81.18,84.73,5.91,29.71,Rain
01/08/2023,06:30 PM,80.36,86.91,5.64,29.71,Rain
01/08/2023,07:00 PM,79.55,89.09,5.18,29.72,Rain
01/08/2023,07:30 PM,78.73,91.27,4.82,29.73,Rain
01/08/2023,08:00 PM,78.09,92.64,4.27,29.74,Clear
01/08/2023,08:30 PM,77.45,94.09,3.73,29.75,Rain
01/08/2023,09:00 PM,77.00,94.55,3.00,29.75,Rain
01/08/2023,09:30 PM,77.00,95.09,1.64,29.75,Rain
01/08/2023,10:00 PM,77.00,95.64,1.36,29.75,Rain
01/08/2023,10:30 PM,77.00,95.64,1.27,29.75,Rain
01/08/2023,11:00 PM,77.00,95.64,1.45,29.75,Clear
01/08/2023,11:30 PM,77.00,95.64,1.55,29.75,Clear
02/08/2023,12:00 AM,77.00,95.64,1.09,29.75,Clear
02/08/2023,12:30 AM,77.00,95.64,0.91,29.74,Clear
02/08/2023,01:00 AM,77.00,95.64,0.64,29.74,Clear
02/08/2023,01:30 AM,77.00,95.64,0.64,29.73,Clear
02/08/2023,02:00 AM,77.00,95.64,0.64,29.72,Clear
02/08/2023,02:30 AM,77.00,96.18,0.64,29.72,Clear
02/08/2023,03:00 AM,77.00,96.18,0.64,29.72,Clear
02/08/2023,03:30 AM,77.00,96.18,0.64,29.72,Clear
02/08/2023,04:00 AM,77.00,96.73,0.45,29.72,Clear
02/08/2023,04:30 AM,77.00,97.27,0.27,29.72,Clear
02/08/2023,05:00 AM,77.00,97.82,0.00,29.72,Clear
02/08/2023,05:30 AM,77.18,97.82,0.18,29.72,Clear
02/08/2023,06:00 AM,77.55,97.36,0.18,29.73,Clear
02/08/2023,06:30 AM,78.00,96.45,0.18,29.74,Mist
02/08/2023,07:00 AM,78.45,95.55,0.18,29.74,Mist
02/08/2023,07:30 AM,79.09,93.64,0.64,29.75,Mist
02/08/2023,08:00 AM,79.73,92.18,0.91,29.75,Clear
02/08/2023,08:30 AM,80.55,89.82,1.18,29.75,Clear
02/08/2023,09:00 AM,81.36,87.45,1.45,29.75,Clear
02/08/2023,09:30 AM,82.36,84.73,1.45,29.76,Clear
02/08/2023,10:00 AM,83.18,82.36,1.73,29.76,Clear
02/08/2023,10:30 AM,84.18,79.64,1.91,29.76,Clear
02/08/2023,11:00 AM,84.82,77.82,2.00,29.75,Clear
02/08/2023,11:30 AM,85.45,76.09,2.27,29.75,Clear
02/08/2023,12:00 PM,86.00,74.82,2.36,29.74,Clear
02/08/2023,12:30 PM,86.55,73.55,2.55,29.74,Clear
02/08/2023,01:00 PM,86.73,73.09,2.36,29.73,Clear
02/08/2023,01:30 PM,87.09,71.82,2.27,29.72,Clear
02/08/2023,02:00 PM,87.27,71.45,2.27,29.71,Clear
02/08/2023,02:30 PM,87.45,71.09,2.45,29.71,Clear
02/08/2023,03:00 PM,87.45,71.55,2.73,29.70,Clear
02/08/2023,03:30 PM,87.45,72.00,2.73,29.69,Clear
02/08/2023,04:00 PM,87.27,71.27,3.09,29.69,Clear
02/08/2023,04:30 PM,87.09,70.55,3.36,29.68,Clear
02/08/2023,05:00 PM,86.73,70.18,3.27,29.69,Clear
02/08/2023,05:30 PM,86.18,70.55,3.18,29.69,Clear
02/08/2023,06:00 PM,85.64,70.91,3.00,29.69,Clear
02/08/2023,06:30 PM,85.27,71.36,2.82,29.70,Clear
02/08/2023,07:00 PM,84.64,72.64,2.91,29.71,Clear
02/08/2023,07:30 PM,84.00,73.45,2.82,29.72,Clear
02/08/2023,08:00 PM,83.36,74.27,2.64,29.73,Clear
02/08/2023,08:30 PM,82.73,75.09,2.64,29.74,Clear
02/08/2023,09:00 PM,82.27,76.00,2.64,29.75,Clear
02/08/2023,09:30 PM,81.64,78.91,2.09,29.75,Clear
02/08/2023,10:00 PM,81.18,81.45,1.55,29.76,Clear
02/08/2023,10:30 PM,80.73,84.00,1.36,29.76,Clear
02/08/2023,11:00 PM,80.45,85.82,1.36,29.76,Clear
02/08/2023,11:30 PM,80.00,88.18,1.36,29.76,Clear
03/08/2023,12:00 AM,79.55,90.09,1.27,29.76,Clear
03/08/2023,12:30 AM,79.18,91.55,1.09,29.75,Clear
03/08/2023,01:00 AM,78.82,93.45,1.00,29.75,Clear
03/08/2023,01:30 AM,78.45,94.82,0.91,29.75,Clear
03/08/2023,02:00 AM,78.09,95.73,0.64,29.74,Clear
03/08/2023,02:30 AM,77.73,96.73,0.64,29.74,Clear
03/08/2023,03:00 AM,77.73,96.73,0.64,29.74,Clear
03/08/2023,03:30 AM,77.73,96.73,0.82,29.73,Clear
03/08/2023,04:00 AM,77.55,97.27,1.00,29.73,Clear
03/08/2023,04:30 AM,77.55,97.27,1.18,29.73,Clear
03/08/2023,05:00 AM,77.73,96.73,1.45,29.73,Clear
03/08/2023,05:30 AM,78.09,95.73,1.55,29.74,Rain
03/08/2023,06:00 AM,78.55,94.27,1.73,29.74,Clear
03/08/2023,06:30 AM,79.18,92.36,2.18,29.74,Clear
03/08/2023,07:00 AM,80.00,91.00,2.27,29.75,Clear
03/08/2023,07:30 AM,80.82,89.64,2.55,29.75,Clear
03/08/2023,08:00 AM,82.00,86.55,3.09,29.75,Clear
03/08/2023,08:30 AM,82.82,84.00,3.91,29.75,Clear
03/08/2023,09:00 AM,83.82,81.09,4.45,29.76,Clear
03/08/2023,09:30 AM,84.82,78.00,5.36,29.76,Clear
03/08/2023,10:00 AM,85.82,75.09,6.00,29.76,Clear
03/08/2023,10:30 AM,86.82,72.18,6.64,29.75,Clear
03/08/2023,11:00 AM,87.73,69.45,7.82,29.75,Clear
03/08/2023,11:30 AM,88.45,67.45,8.73,29.74,Rain
03/08/2023,12:00 PM,89.09,65.64,9.09,29.74,Rain
03/08/2023,12:30 PM,89.45,64.09,10.00,29.73,Clear
03/08/2023,01:00 PM,89.82,62.55,10.64,29.72,Clear
03/08/2023,01:30 PM,89.82,62.18,10.55,29.71,Clear
03/08/2023,02:00 PM,90.00,61.82,10.55,29.70,Clear
03/08/2023,02:30 PM,90.00,61.55,10.64,29.69,Clear
03/08/2023,03:00 PM,90.00,61.18,10.36,29.69,Clear
03/08/2023,03:30 PM,89.82,61.18,10.09,29.69,Clear
03/08/2023,04:00 PM,89.45,61.55,9.82,29.69,Clear
03/08/2023,04:30 PM,88.82,62.55,8.82,29.69,Clear
03/08/2023,05:00 PM,88.27,63.27,7.64,29.70,Clear
03/08/2023,05:30 PM,87.64,64.27,7.00,29.70,Clear
03/08/2023,06:00 PM,86.91,65.82,6.09,29.71,Clear
03/08/2023,06:30 PM,86.18,67.36,5.45,29.72,Clear
03/08/2023,07:00 PM,85.36,69.36,5.00,29.74,Clear
03/08/2023,07:30 PM,84.55,71.36,4.18,29.75,Clear
03/08/2023,08:00 PM,83.73,73.64,3.55,29.76,Clear
03/08/2023,08:30 PM,83.09,76.09,2.73,29.77,Clear
03/08/2023,09:00 PM,82.45,78.55,2.18,29.78,Clear
03/08/2023,09:30 PM,82.00,80.64,1.55,29.79,Clear
03/08/2023,10:00 PM,81.73,82.36,1.27,29.79,Clear
03/08/2023,10:30 PM,81.27,84.55,1.27,29.79,Clear
03/08/2023,11:00 PM,80.82,86.73,1.00,29.80,Clear
03/08/2023,11:30 PM,80.55,88.09,0.73,29.79,Clear
04/08/2023,12:00 AM,80.27,89.45,0.45,29.79,Clear
04/08/2023,12:30 AM,79.91,90.91,0.18,29.79,Clear
04/08/2023,01:00 AM,79.55,92.36,0.18,29.78,Clear
04/08/2023,01:30 AM,79.18,93.82,0.00,29.78,Clear
04/08/2023,02:00 AM,78.82,94.82,0.00,29.78,Clear
04/08/2023,02:30 AM,78.45,95.82,0.00,29.77,Clear
04/08/2023,03:00 AM,78.09,96.27,0.00,29.77,Clear
04/08/2023,03:30 AM,77.73,96.73,0.00,29.77,Clear
04/08/2023,04:00 AM,77.55,97.27,0.00,29.76,Clear
04/08/2023,04:30 AM,77.36,97.82,0.00,29.76,Clear
04/08/2023,05:00 AM,77.36,97.82,0.00,29.77,Clear
04/08/2023,05:30 AM,77.55,97.82,0.00,29.77,Clear
04/08/2023,06:00 AM,78.00,96.82,0.00,29.77,Clear
04/08/2023,06:30 AM,78.45,95.82,0.00,29.78,Clear
04/08/2023,07:00 AM,79.09,94.82,0.09,29.78,Clear
04/08/2023,07:30 AM,79.91,92.45,0.73,29.79,Clear
04/08/2023,08:00 AM,80.91,90.18,1.27,29.79,Clear
04/08/2023,08:30 AM,81.91,88.00,1.91,29.80,Clear
04/08/2023,09:00 AM,82.91,85.82,2.55,29.80,Clear
04/08/2023,09:30 AM,84.09,82.73,3.18,29.80,Clear
04/08/2023,10:00 AM,85.27,79.64,4.00,29.80,Clear
04/08/2023,10:30 AM,86.36,76.82,4.91,29.80,Clear
04/08/2023,11:00 AM,86.82,74.64,6.27,29.80,Clear
04/08/2023,11:30 AM,87.00,73.27,7.36,29.79,Clear
04/08/2023,12:00 PM,87.18,71.18,8.09,29.79,Clear
04/08/2023,12:30 PM,87.18,69.45,8.82,29.78,Clear
04/08/2023,01:00 PM,87.36,68.73,8.91,29.77,Clear
04/08/2023,01:30 PM,87.55,67.91,9.18,29.77,Rain
04/08/2023,02:00 PM,87.73,67.55,9.36,29.76,Rain
04/08/2023,02:30 PM,87.73,67.55,9.91,29.75,Clear
04/08/2023,03:00 PM,87.55,67.91,10.09,29.75,Clear
04/08/2023,03:30 PM,87.18,68.27,9.91,29.74,Clear
04/08/2023,04:00 PM,86.55,69.27,9.73,29.74,Clear
04/08/2023,04:30 PM,86.36,69.64,8.82,29.74,Clear
04/08/2023,05:00 PM,86.18,70.09,8.27,29.74,Clear
04/08/2023,05:30 PM,86.18,70.82,8.18,29.74,Clear
04/08/2023,06:00 PM,86.00,71.64,7.82,29.75,Clear
04/08/2023,06:30 PM,85.45,72.82,7.55,29.76,Clear
04/08/2023,07:00 PM,84.64,74.91,6.73,29.76,Clear
04/08/2023,07:30 PM,83.82,76.55,5.91,29.77,Clear
04/08/2023,08:00 PM,83.18,78.27,4.73,29.78,Clear
04/08/2023,08:30 PM,82.55,80.00,3.91,29.79,Clear
04/08/2023,09:00 PM,82.09,81.73,3.27,29.80,Clear
04/08/2023,09:30 PM,81.82,83.09,2.55,29.81,Clear
04/08/2023,10:00 PM,81.55,84.45,2.09,29.81,Clear
04/08/2023,10:30 PM,81.45,85.36,1.55,29.82,Clear
04/08/2023,11:00 PM,81.18,86.73,0.91,29.82,Clear
04/08/2023,11:30 PM,80.91,88.09,0.45,29.82,Clear
05/08/2023,12:00 AM,80.64,89.45,0.00,29.82,Clear
05/08/2023,12:30 AM,80.45,89.91,0.00,29.82,Clear
05/08/2023,01:00 AM,80.27,90.82,0.00,29.81,Clear
05/08/2023,01:30 AM,80.09,91.27,0.00,29.81,Clear
05/08/2023,02:00 AM,79.91,91.73,0.00,29.80,Clear
05/08/2023,02:30 AM,79.73,92.18,0.00,29.80,Clear
05/08/2023,03:00 AM,79.55,92.64,0.00,29.80,Clear
05/08/2023,03:30 AM,79.36,93.09,0.00,29.80,Clear
05/08/2023,04:00 AM,79.18,93.55,0.00,29.79,Clear
05/08/2023,04:30 AM,79.00,94.00,0.00,29.79,Clear
05/08/2023,05:00 AM,79.18,94.00,0.00,29.80,Clear
05/08/2023,05:30 AM,79.45,93.55,0.18,29.80,Clear
05/08/2023,06:00 AM,79.73,93.09,0.18,29.80,Clear
05/08/2023,06:30 AM,80.18,92.18,0.18,29.81,Clear
05/08/2023,07:00 AM,80.82,90.82,0.36,29.81,Clear
05/08/2023,07:30 AM,81.64,88.64,0.64,29.82,Clear
05/08/2023,08:00 AM,82.64,86.09,1.36,29.82,Clear
05/08/2023,08:30 AM,82.64,85.64,2.00,29.82,Clear
05/08/2023,09:00 AM,82.91,84.73,2.55,29.82,Clear
05/08/2023,09:30 AM,83.55,82.55,3.27,29.83,Clear
05/08/2023,10:00 AM,84.55,80.00,3.91,29.82,Clear
05/08/2023,10:30 AM,85.36,77.45,4.45,29.82,Rain
05/08/2023,11:00 AM,86.18,75.09,4.91,29.82,Rain
05/08/2023,11:30 AM,87.00,72.00,6.00,29.81,Clear
05/08/2023,12:00 PM,87.82,69.45,6.91,29.80,Clear
05/08/2023,12:30 PM,88.27,67.64,8.36,29.79,Clear
05/08/2023,01:00 PM,88.45,66.27,9.55,29.78,Clear
05/08/2023,01:30 PM,88.45,65.27,9.91,29.77,Clear
05/08/2023,02:00 PM,89.45,62.18,10.45,29.76,Clear
05/08/2023,02:30 PM,90.18,59.55,10.82,29.75,Clear
05/08/2023,03:00 PM,90.36,58.45,10.73,29.75,Clear
05/08/2023,03:30 PM,90.18,58.09,10.73,29.74,Clear
05/08/2023,04:00 PM,90.00,57.73,10.73,29.74,Clear
05/08/2023,04:30 PM,89.55,57.64,10.36,29.74,Clear
05/08/2023,05:00 PM,88.91,58.64,9.27,29.74,Clear
05/08/2023,05:30 PM,87.91,60.73,8.36,29.75,Clear
05/08/2023,06:00 PM,87.09,63.00,6.73,29.75,Clear
05/08/2023,06:30 PM,86.27,66.09,5.27,29.76,Clear
05/08/2023,07:00 PM,85.45,69.18,4.18,29.77,Clear
05/08/2023,07:30 PM,84.64,72.27,3.00,29.78,Clear
05/08/2023,08:00 PM,83.82,75.36,2.09,29.79,Clear
05/08/2023,08:30 PM,83.00,78.64,1.45,29.79,Clear
05/08/2023,09:00 PM,82.18,81.55,0.82,29.80,Clear
05/08/2023,09:30 PM,81.36,84.45,0.73,29.80,Clear
05/08/2023,10:00 PM,80.73,87.36,0.45,29.81,Clear
05/08/2023,10:30 PM,80.27,89.45,0.45,29.81,Clear
05/08/2023,11:00 PM,80.00,90.36,0.45,29.81,Clear
05/08/2023,11:30 PM,79.73,91.27,0.45,29.81,Clear
06/08/2023,12:00 AM,79.55,91.73,0.45,29.80,Clear
06/08/2023,12:30 AM,79.18,92.73,0.45,29.80,Clear
06/08/2023,01:00 AM,78.82,93.73,0.55,29.79,Clear
06/08/2023,01:30 AM,78.45,94.73,0.55,29.78,Clear
06/08/2023,02:00 AM,78.27,95.27,0.55,29.78,Clear
06/08/2023,02:30 AM,78.09,95.82,0.55,29.77,Clear
06/08/2023,03:00 AM,77.91,95.82,0.09,29.77,Clear
06/08/2023,03:30 AM,77.73,95.82,0.09,29.77,Clear
06/08/2023,04:00 AM,77.55,96.82,0.18,29.77,Clear
06/08/2023,04:30 AM,77.36,97.82,0.18,29.77,Clear
06/08/2023,05:00 AM,77.36,97.82,0.27,29.77,Clear
06/08/2023,05:30 AM,77.55,97.36,0.27,29.77,Clear
06/08/2023,06:00 AM,78.18,95.91,0.27,29.78,Clear
06/08/2023,06:30 AM,79.00,94.00,0.36,29.78,Clear
06/08/2023,07:00 AM,80.00,91.27,0.64,29.78,Clear
06/08/2023,07:30 AM,80.82,88.91,0.91,29.79,Clear
06/08/2023,08:00 AM,81.82,85.82,1.36,29.79,Clear
06/08/2023,08:30 AM,83.00,82.64,2.09,29.79,Clear
06/08/2023,09:00 AM,84.27,79.45,2.82,29.79,Clear
06/08/2023,09:30 AM,85.55,75.36,3.64,29.79,Clear
06/08/2023,10:00 AM,86.82,71.27,5.09,29.79,Clear
06/08/2023,10:30 AM,87.82,68.36,6.18,29.78,Clear
06/08/2023,11:00 AM,88.73,65.27,7.64,29.78,Clear
06/08/2023,11:30 AM,89.27,63.27,8.91,29.77,Clear
06/08/2023,12:00 PM,89.64,61.73,10.27,29.76,Rain
06/08/2023,12:30 PM,89.45,61.36,11.27,29.75,Rain
06/08/2023,01:00 PM,89.45,60.64,11.82,29.74,Rain
06/08/2023,01:30 PM,89.27,60.64,12.09,29.74,Rain
06/08/2023,02:00 PM,88.91,61.27,11.91,29.73,Clear
06/08/2023,02:30 PM,88.45,61.91,11.73,29.72,Rain
06/08/2023,03:00 PM,87.82,63.64,11.36,29.72,Rain
06/08/2023,03:30 PM,87.18,65.36,10.45,29.71,Clear
06/08/2023,04:00 PM,86.64,66.45,9.73,29.71,Clear
06/08/2023,04:30 PM,86.00,68.18,8.82,29.71,Clear
06/08/2023,05:00 PM,85.27,69.73,7.82,29.71,Clear
06/08/2023,05:30 PM,84.73,70.82,6.82,29.72,Clear
06/08/2023,06:00 PM,84.36,72.00,5.82,29.72,Clear
06/08/2023,06:30 PM,84.00,73.18,5.55,29.73,Clear
06/08/2023,07:00 PM,83.64,73.91,5.45,29.74,Clear
06/08/2023,07:30 PM,83.18,75.09,5.18,29.74,Clear
06/08/2023,08:00 PM,82.73,76.27,5.09,29.75,Clear
06/08/2023,08:30 PM,82.45,76.73,4.73,29.76,Clear
06/08/2023,09:00 PM,82.18,77.64,4.36,29.76,Clear
06/08/2023,09:30 PM,81.91,78.55,3.91,29.77,Clear
06/08/2023,10:00 PM,81.64,79.45,3.55,29.77,Clear
06/08/2023,10:30 PM,81.55,79.91,3.73,29.78,Clear
06/08/2023,11:00 PM,81.27,80.82,3.64,29.78,Clear
06/08/2023,11:30 PM,81.00,81.73,3.36,29.78,Clear
07/08/2023,12:00 AM,80.73,82.64,2.82,29.77,Clear
07/08/2023,12:30 AM,80.45,84.00,2.18,29.77,Clear
07/08/2023,01:00 AM,80.27,84.91,1.91,29.76,Clear
07/08/2023,01:30 AM,80.09,85.82,1.64,29.75,Clear
07/08/2023,02:00 AM,79.91,86.73,1.64,29.74,Clear
07/08/2023,02:30 AM,79.55,87.64,1.45,29.74,Clear
07/08/2023,03:00 AM,79.18,88.55,1.45,29.73,Clear
07/08/2023,03:30 AM,78.82,89.45,1.27,29.72,Clear
07/08/2023,04:00 AM,78.45,90.36,0.82,29.72,Clear
07/08/2023,04:30 AM,78.09,91.27,0.36,29.72,Clear
07/08/2023,05:00 AM,78.09,91.73,0.36,29.72,Clear
07/08/2023,05:30 AM,78.36,91.27,0.82,29.72,Clear
07/08/2023,06:00 AM,78.64,90.82,1.27,29.73,Clear
07/08/2023,06:30 AM,78.91,90.36,1.73,29.73,Clear
07/08/2023,07:00 AM,79.55,89.00,1.55,29.74,Clear
07/08/2023,07:30 AM,80.36,87.27,1.36,29.74,Clear
07/08/2023,08:00 AM,81.36,85.09,1.64,29.75,Clear
07/08/2023,08:30 AM,82.55,82.55,1.64,29.75,Clear
07/08/2023,09:00 AM,83.73,79.64,1.91,29.75,Clear
07/08/2023,09:30 AM,85.00,76.82,2.55,29.75,Clear
07/08/2023,10:00 AM,86.00,73.91,3.82,29.75,Clear
07/08/2023,10:30 AM,86.64,71.36,4.55,29.74,Clear
07/08/2023,11:00 AM,87.36,69.36,4.64,29.74,Clear
07/08/2023,11:30 AM,87.91,67.73,4.73,29.73,Clear
07/08/2023,12:00 PM,88.64,66.45,4.73,29.72,Rain
07/08/2023,12:30 PM,89.00,65.36,5.91,29.71,Rain
07/08/2023,01:00 PM,89.18,64.36,7.09,29.70,Rain
07/08/2023,01:30 PM,89.36,63.64,7.64,29.69,Clear
07/08/2023,02:00 PM,89.36,63.27,8.36,29.68,Clear
07/08/2023,02:30 PM,89.18,63.64,8.91,29.67,Clear
07/08/2023,03:00 PM,88.91,63.91,9.36,29.66,Clear
07/08/2023,03:30 PM,88.73,64.64,8.91,29.66,Clear
07/08/2023,04:00 PM,88.73,64.64,9.09,29.66,Clear
07/08/2023,04:30 PM,88.18,65.36,9.09,29.66,Clear
07/08/2023,05:00 PM,87.64,66.09,8.55,29.66,Clear
07/08/2023,05:30 PM,86.91,66.45,8.55,29.67,Rain
07/08/2023,06:00 PM,86.18,68.00,7.36,29.68,Rain
07/08/2023,06:30 PM,85.45,69.82,6.64,29.68,Clear
07/08/2023,07:00 PM,84.64,71.82,6.00,29.69,Clear
07/08/2023,07:30 PM,83.82,73.82,5.27,29.71,Clear
07/08/2023,08:00 PM,83.18,75.45,4.45,29.72,Clear
07/08/2023,08:30 PM,82.55,77.09,3.36,29.72,Clear
07/08/2023,09:00 PM,81.91,78.82,2.55,29.73,Clear
07/08/2023,09:30 PM,81.27,80.91,1.64,29.74,Clear
07/08/2023,10:00 PM,80.82,82.64,1.09,29.74,Clear
07/08/2023,10:30 PM,80.55,84.00,1.09,29.74,Clear
07/08/2023,11:00 PM,80.27,85.36,0.64,29.74,Clear
07/08/2023,11:30 PM,80.00,86.27,0.64,29.74,Clear
08/08/2023,12:00 AM,79.73,87.18,0.18,29.74,Clear
08/08/2023,12:30 AM,79.55,87.64,0.00,29.73,Clear
08/08/2023,01:00 AM,79.36,88.55,0.00,29.73,Clear
08/08/2023,01:30 AM,79.18,89.00,0.00,29.72,Clear
08/08/2023,02:00 AM,78.82,89.91,0.00,29.72,Clear
08/08/2023,02:30 AM,78.64,90.91,0.00,29.71,Clear
08/08/2023,03:00 AM,78.45,91.36,0.00,29.71,Clear
08/08/2023,03:30 AM,78.27,91.82,0.00,29.71,Clear
08/08/2023,04:00 AM,78.09,92.27,0.00,29.71,Clear
08/08/2023,04:30 AM,78.09,92.73,0.00,29.71,Clear
08/08/2023,05:00 AM,78.09,92.73,0.55,29.72,Clear
08/08/2023,05:30 AM,78.27,92.27,1.00,29.73,Clear
08/08/2023,06:00 AM,78.55,91.36,1.64,29.74,Clear
08/08/2023,06:30 AM,79.00,89.18,2.55,29.75,Clear
08/08/2023,07:00 AM,79.27,87.82,3.73,29.76,Clear
08/08/2023,07:30 AM,79.50,87.20,4.10,29.76,Clear
08/08/2023,08:00 AM,80.20,84.20,5.60,29.78,Clear
08/08/2023,08:30 AM,80.70,82.20,6.80,29.78,Clear
08/08/2023,09:00 AM,81.60,79.40,7.50,29.79,Clear
08/08/2023,09:30 AM,82.70,75.50,8.40,29.79,Rain
08/08/2023,10:00 AM,83.80,71.30,9.40,29.79,Rain
08/08/2023,10:30 AM,84.90,67.60,9.60,29.78,Rain
08/08/2023,11:00 AM,85.90,64.40,9.90,29.77,Clear
08/08/2023,11:30 AM,87.00,61.10,10.20,29.76,Clear
08/08/2023,12:00 PM,87.70,59.00,10.90,29.75,Clear
08/08/2023,12:30 PM,88.50,56.80,11.10,29.74,Clear
08/08/2023,01:00 PM,88.64,56.36,10.91,29.74,Clear
08/08/2023,01:30 PM,89.18,54.45,10.36,29.73,Clear
08/08/2023,02:00 PM,89.91,52.45,10.09,29.72,Clear
08/08/2023,02:30 PM,90.27,51.18,10.27,29.71,Clear
08/08/2023,03:00 PM,90.45,50.91,10.27,29.71,Clear
08/08/2023,03:30 PM,90.27,51.45,10.00,29.70,Clear
08/08/2023,04:00 PM,89.91,52.36,9.73,29.70,Clear
08/08/2023,04:30 PM,89.45,53.27,9.45,29.70,Clear
08/08/2023,05:00 PM,88.82,54.73,9.00,29.71,Clear
08/08/2023,05:30 PM,88.18,56.64,7.91,29.71,Clear
08/08/2023,06:00 PM,87.64,58.27,7.09,29.71,Clear
08/08/2023,06:30 PM,86.91,60.27,6.73,29.72,Clear
08/08/2023,07:00 PM,86.09,63.00,6.18,29.73,Clear
08/08/2023,07:30 PM,85.27,65.45,5.64,29.74,Clear
08/08/2023,08:00 PM,84.45,67.91,5.27,29.74,Clear
08/08/2023,08:30 PM,83.64,70.36,4.91,29.75,Clear
08/08/2023,09:00 PM,82.82,73.18,4.73,29.76,Clear
08/08/2023,09:30 PM,82.18,75.64,4.73,29.77,Clear
08/08/2023,10:00 PM,81.55,78.09,4.45,29.77,Clear
08/08/2023,10:30 PM,80.73,81.00,4.00,29.78,Clear
08/08/2023,11:00 PM,80.09,83.18,3.55,29.78,Clear
08/08/2023,11:30 PM,79.45,85.36,3.00,29.78,Clear
09/08/2023,12:00 AM,79.00,87.18,2.55,29.78,Clear
09/08/2023,12:30 AM,78.64,88.55,2.27,29.78,Clear
09/08/2023,01:00 AM,78.27,89.91,2.00,29.77,Clear
09/08/2023,01:30 AM,77.91,91.27,1.55,29.77,Clear
09/08/2023,02:00 AM,77.55,92.64,1.09,29.77,Clear
09/08/2023,02:30 AM,77.36,93.09,0.64,29.77,Clear
09/08/2023,03:00 AM,77.18,93.55,0.18,29.76,Clear
09/08/2023,03:30 AM,77.00,94.00,0.00,29.76,Clear
09/08/2023,04:00 AM,76.82,94.55,0.00,29.76,Clear
09/08/2023,04:30 AM,76.82,94.55,0.00,29.76,Clear
09/08/2023,05:00 AM,77.18,93.64,0.00,29.77,Clear
09/08/2023,05:30 AM,77.64,92.27,0.00,29.77,Clear
09/08/2023,06:00 AM,78.09,90.91,0.18,29.77,Clear
09/08/2023,06:30 AM,78.73,89.09,0.45,29.78,Clear
09/08/2023,07:00 AM,79.55,86.91,0.91,29.78,Clear
09/08/2023,07:30 AM,80.55,84.36,1.18,29.79,Clear
09/08/2023,08:00 AM,81.55,81.82,1.64,29.79,Clear
09/08/2023,08:30 AM,82.73,78.64,1.82,29.79,Clear
09/08/2023,09:00 AM,83.91,75.45,2.27,29.80,Clear
09/08/2023,09:30 AM,85.27,72.00,2.82,29.80,Clear
09/08/2023,10:00 AM,85.73,70.64,3.55,29.80,Clear
09/08/2023,10:30 AM,85.82,70.18,4.27,29.79,Clear
09/08/2023,11:00 AM,86.36,69.82,4.55,29.79,Clear
09/08/2023,11:30 AM,86.73,69.00,5.18,29.78,Rain
09/08/2023,12:00 PM,86.55,69.45,5.64,29.77,Rain
09/08/2023,12:30 PM,86.18,70.73,5.45,29.77,Rain
09/08/2023,01:00 PM,86.36,70.73,5.36,29.76,Rain
09/08/2023,01:30 PM,86.55,70.73,5.36,29.75,Rain
09/08/2023,02:00 PM,85.82,72.55,6.45,29.74,Clear
09/08/2023,02:30 PM,84.82,75.27,6.55,29.74,Rain
09/08/2023,03:00 PM,83.82,77.73,6.18,29.73,Clear
09/08/2023,03:30 PM,83.55,78.64,5.73,29.73,Clear
09/08/2023,04:00 PM,83.27,79.55,5.18,29.72,Rain
09/08/2023,04:30 PM,82.27,81.27,4.91,29.73,Rain
09/08/2023,05:00 PM,81.45,83.45,4.09,29.73,Clear
09/08/2023,05:30 PM,81.00,84.82,3.36,29.74,Clear
09/08/2023,06:00 PM,80.55,85.73,3.09,29.74,Clear
09/08/2023,06:30 PM,79.36,88.27,2.91,29.75,Clear
09/08/2023,07:00 PM,78.18,90.82,2.45,29.76,Clear
09/08/2023,07:30 PM,77.73,92.18,1.18,29.77,Clear
09/08/2023,08:00 PM,77.55,92.64,0.64,29.77,Clear
09/08/2023,08:30 PM,77.36,93.09,0.45,29.78,Clear
09/08/2023,09:00 PM,77.18,93.55,0.18,29.79,Clear
09/08/2023,09:30 PM,77.00,94.00,0.00,29.79,Clear
09/08/2023,10:00 PM,77.00,94.00,0.00,29.80,Clear
09/08/2023,10:30 PM,77.00,94.00,0.00,29.80,Clear
09/08/2023,11:00 PM,77.00,94.00,0.18,29.79,Clear
09/08/2023,11:30 PM,77.00,94.00,0.18,29.79,Clear
10/08/2023,12:00 AM,77.00,94.00,0.18,29.79,Clear
10/08/2023,12:30 AM,77.00,94.00,0.18,29.78,Clear
10/08/2023,01:00 AM,77.00,94.00,0.18,29.78,Clear
10/08/2023,01:30 AM,77.00,94.00,0.18,29.77,Clear
10/08/2023,02:00 AM,77.00,94.00,0.18,29.77,Clear
10/08/2023,02:30 AM,77.00,94.00,0.27,29.77,Clear
10/08/2023,03:00 AM,76.82,94.55,0.55,29.76,Clear
10/08/2023,03:30 AM,76.82,94.55,0.73,29.76,Clear
10/08/2023,04:00 AM,76.64,95.09,0.91,29.76,Clear
10/08/2023,04:30 AM,76.64,95.09,1.00,29.76,Clear
10/08/2023,05:00 AM,76.82,95.09,1.09,29.77,Clear
10/08/2023,05:30 AM,77.18,94.64,1.27,29.77,Clear
10/08/2023,06:00 AM,77.64,93.73,1.55,29.77,Clear
10/08/2023,06:30 AM,78.27,92.36,1.73,29.78,Clear
10/08/2023,07:00 AM,79.09,90.55,2.00,29.78,Clear
10/08/2023,07:30 AM,80.09,88.00,2.55,29.79,Clear
10/08/2023,08:00 AM,81.09,85.45,2.91,29.79,Clear
10/08/2023,08:30 AM,82.45,82.00,3.18,29.79,Clear
10/08/2023,09:00 AM,83.64,79.09,3.64,29.79,Clear
10/08/2023,09:30 AM,85.09,75.00,4.09,29.79,Clear
10/08/2023,10:00 AM,86.27,71.82,4.73,29.79,Clear
10/08/2023,10:30 AM,87.36,69.00,5.36,29.79,Clear
10/08/2023,11:00 AM,87.64,67.27,6.82,29.79,Clear
10/08/2023,11:30 AM,87.55,67.27,7.73,29.78,Clear
10/08/2023,12:00 PM,87.27,67.73,8.18,29.77,Rain
10/08/2023,12:30 PM,87.09,67.36,9.18,29.77,Rain
10/08/2023,01:00 PM,86.73,67.73,9.73,29.76,Rain
10/08/2023,01:30 PM,86.36,68.09,10.00,29.75,Rain
10/08/2023,02:00 PM,85.82,69.18,10.27,29.75,Rain
10/08/2023,02:30 PM,85.45,69.55,10.45,29.74,Clear
10/08/2023,03:00 PM,85.00,70.55,10.64,29.74,Clear
10/08/2023,03:30 PM,84.50,71.70,10.70,29.73,Clear
10/08/2023,04:00 PM,83.80,72.40,10.60,29.73,Clear
10/08/2023,04:30 PM,83.60,72.80,9.50,29.73,Clear
10/08/2023,05:00 PM,83.70,71.80,8.90,29.73,Clear
10/08/2023,05:30 PM,83.70,71.30,8.90,29.73,Clear
10/08/2023,06:00 PM,83.50,71.70,8.10,29.74,Clear
10/08/2023,06:30 PM,83.20,72.60,7.40,29.74,Clear
10/08/2023,07:00 PM,82.90,73.50,7.10,29.75,Clear
10/08/2023,07:30 PM,82.40,74.40,6.50,29.75,Clear
10/08/2023,08:00 PM,81.70,76.10,5.80,29.76,Clear
10/08/2023,08:30 PM,81.00,78.40,4.90,29.77,Clear
10/08/2023,09:00 PM,80.82,79.36,4.45,29.78,Clear
10/08/2023,09:30 PM,80.18,81.55,3.82,29.78,Clear
10/08/2023,10:00 PM,79.73,83.36,3.18,29.78,Clear
10/08/2023,10:30 PM,79.45,84.18,2.82,29.79,Clear
10/08/2023,11:00 PM,79.27,84.55,2.45,29.79,Clear
10/08/2023,11:30 PM,78.82,85.91,1.91,29.79,Clear
11/08/2023,12:00 AM,78.45,86.82,1.45,29.78,Clear
11/08/2023,12:30 AM,78.09,87.73,1.00,29.78,Clear
11/08/2023,01:00 AM,77.91,88.27,0.73,29.77,Clear
11/08/2023,01:30 AM,77.55,89.27,0.55,29.77,Clear
11/08/2023,02:00 AM,77.18,89.73,0.55,29.76,Clear
11/08/2023,02:30 AM,76.82,90.73,0.55,29.76,Clear
11/08/2023,03:00 AM,76.64,90.73,0.55,29.76,Clear
11/08/2023,03:30 AM,76.45,90.73,0.55,29.75,Clear
11/08/2023,04:00 AM,76.09,91.73,0.55,29.75,Clear
11/08/2023,04:30 AM,75.91,92.27,0.45,29.75,Clear
11/08/2023,05:00 AM,76.09,91.73,0.45,29.75,Clear
11/08/2023,05:30 AM,76.45,90.82,0.73,29.75,Clear
11/08/2023,06:00 AM,76.91,89.91,1.18,29.76,Clear
11/08/2023,06:30 AM,77.55,89.00,1.45,29.76,Clear
11/08/2023,07:00 AM,78.55,86.82,1.91,29.77,Clear
11/08/2023,07:30 AM,79.55,84.64,2.45,29.77,Clear
11/08/2023,08:00 AM,80.73,81.18,3.27,29.77,Clear
11/08/2023,08:30 AM,82.09,78.00,4.09,29.77,Clear
11/08/2023,09:00 AM,83.45,74.82,4.91,29.77,Clear
11/08/2023,09:30 AM,84.91,71.27,5.45,29.77,Clear
11/08/2023,10:00 AM,86.18,68.55,6.45,29.77,Clear
11/08/2023,10:30 AM,87.18,66.64,7.91,29.76,Clear
11/08/2023,11:00 AM,88.00,64.45,8.55,29.75,Clear
11/08/2023,11:30 AM,88.82,62.27,9.27,29.75,Clear
11/08/2023,12:00 PM,89.45,59.82,10.36,29.74,Clear
11/08/2023,12:30 PM,89.91,58.18,11.00,29.72,Clear
11/08/2023,01:00 PM,90.36,56.82,11.55,29.71,Clear
11/08/2023,01:30 PM,90.64,56.55,11.82,29.70,Clear
11/08/2023,02:00 PM,90.73,56.18,12.09,29.69,Clear
11/08/2023,02:30 PM,90.73,56.18,12.36,29.68,Clear
11/08/2023,03:00 PM,90.64,56.55,12.64,29.67,Clear
11/08/2023,03:30 PM,90.36,56.82,12.36,29.66,Clear
11/08/2023,04:00 PM,90.18,56.82,11.73,29.66,Clear
11/08/2023,04:30 PM,89.82,57.82,11.55,29.66,Clear
11/08/2023,05:00 PM,89.18,59.18,10.91,29.66,Clear
11/08/2023,05:30 PM,88.55,60.82,10.18,29.66,Clear
11/08/2023,06:00 PM,87.91,62.45,9.64,29.67,Clear
11/08/2023,06:30 PM,87.09,64.18,9.09,29.68,Clear
11/08/2023,07:00 PM,86.27,65.55,8.00,29.69,Clear
11/08/2023,07:30 PM,85.45,67.27,6.91,29.70,Clear
11/08/2023,08:00 PM,84.73,69.09,5.82,29.71,Clear
11/08/2023,08:30 PM,84.00,70.45,4.73,29.72,Clear
11/08/2023,09:00 PM,83.36,72.45,3.82,29.73,Clear
11/08/2023,09:30 PM,82.55,74.91,3.00,29.74,Clear
11/08/2023,10:00 PM,82.09,76.55,2.27,29.75,Clear
11/08/2023,10:30 PM,81.64,78.27,1.73,29.75,Clear
11/08/2023,11:00 PM,81.18,80.00,1.09,29.75,Clear
11/08/2023,11:30 PM,80.73,81.73,0.55,29.75,Clear
12/08/2023,12:00 AM,80.45,83.09,0.00,29.75,Clear
12/08/2023,12:30 AM,80.18,84.45,0.00,29.75,Clear
12/08/2023,01:00 AM,79.91,85.82,0.00,29.74,Clear
12/08/2023,01:30 AM,79.64,86.73,0.18,29.74,Clear
12/08/2023,02:00 AM,79.36,88.09,0.18,29.73,Clear
12/08/2023,02:30 AM,79.18,88.55,0.18,29.72,Clear
12/08/2023,03:00 AM,79.18,88.55,0.18,29.72,Clear
12/08/2023,03:30 AM,79.00,89.00,0.18,29.72,Clear
12/08/2023,04:00 AM,79.00,89.45,0.18,29.71,Clear
12/08/2023,04:30 AM,79.00,89.91,0.18,29.71,Clear
12/08/2023,05:00 AM,79.18,89.91,0.18,29.72,Clear
12/08/2023,05:30 AM,79.45,89.45,0.18,29.72,Clear
12/08/2023,06:00 AM,79.91,88.09,0.45,29.72,Clear
12/08/2023,06:30 AM,80.55,86.36,1.27,29.73,Clear
12/08/2023,07:00 AM,81.18,84.64,1.91,29.74,Clear
12/08/2023,07:30 AM,82.00,82.55,2.55,29.74,Clear
12/08/2023,08:00 AM,82.82,80.09,3.45,29.75,Clear
12/08/2023,08:30 AM,83.82,77.36,4.55,29.75,Clear
12/08/2023,09:00 AM,84.91,74.27,5.73,29.75,Clear
12/08/2023,09:30 AM,86.00,70.73,6.64,29.75,Clear
12/08/2023,10:00 AM,87.09,67.18,7.73,29.75,Clear
12/08/2023,10:30 AM,88.00,64.45,8.27,29.74,Clear
12/08/2023,11:00 AM,88.82,61.55,9.45,29.73,Clear
12/08/2023,11:30 AM,89.45,59.82,10.55,29.72,Clear
12/08/2023,12:00 PM,89.91,58.45,10.82,29.72,Clear
12/08/2023,12:30 PM,90.36,57.09,11.27,29.71,Rain
12/08/2023,01:00 PM,90.55,56.45,12.45,29.69,Clear
12/08/2023,01:30 PM,90.55,56.45,12.91,29.68,Clear
12/08/2023,02:00 PM,90.18,57.09,12.45,29.68,Clear
12/08/2023,02:30 PM,89.73,58.09,12.00,29.67,Clear
12/08/2023,03:00 PM,89.27,59.09,12.00,29.66,Clear
12/08/2023,03:30 PM,88.82,60.45,12.00,29.65,Clear
12/08/2023,04:00 PM,88.18,61.45,12.09,29.65,Clear
12/08/2023,04:30 PM,87.55,63.45,11.55,29.65,Clear
12/08/2023,05:00 PM,86.91,64.82,10.73,29.65,Clear
12/08/2023,05:30 PM,86.09,66.55,10.09,29.66,Clear
12/08/2023,06:00 PM,85.27,68.27,9.09,29.66,Clear
12/08/2023,06:30 PM,84.45,70.09,7.45,29.67,Clear
12/08/2023,07:00 PM,83.91,71.18,6.36,29.68,Clear
12/08/2023,07:30 PM,83.45,72.36,5.73,29.69,Clear
12/08/2023,08:00 PM,83.00,73.55,5.00,29.70,Clear
12/08/2023,08:30 PM,82.55,74.73,4.09,29.71,Clear
12/08/2023,09:00 PM,81.91,75.91,3.00,29.72,Clear
12/08/2023,09:30 PM,81.45,77.09,2.36,29.73,Clear
12/08/2023,10:00 PM,81.00,78.45,1.73,29.74,Clear
12/08/2023,10:30 PM,80.55,80.18,1.18,29.74,Clear
12/08/2023,11:00 PM,80.27,81.55,0.73,29.74,Clear
12/08/2023,11:30 PM,79.82,83.36,0.45,29.74,Clear
13/08/2023,12:00 AM,79.45,84.73,0.27,29.74,Clear
13/08/2023,12:30 AM,79.00,86.55,0.00,29.74,Clear
13/08/2023,01:00 AM,78.64,87.91,0.00,29.73,Clear
13/08/2023,01:30 AM,78.27,89.27,0.18,29.73,Clear
13/08/2023,02:00 AM,77.91,90.64,0.36,29.72,Clear
13/08/2023,02:30 AM,77.73,91.64,0.55,29.72,Clear
13/08/2023,03:00 AM,77.55,92.64,1.00,29.71,Clear
13/08/2023,03:30 AM,77.36,93.09,1.00,29.71,Clear
13/08/2023,04:00 AM,77.18,93.55,1.00,29.71,Clear
13/08/2023,04:30 AM,77.18,93.55,1.00,29.71,Clear
13/08/2023,05:00 AM,77.36,93.09,1.27,29.71,Clear
13/08/2023,05:30 AM,77.73,92.64,1.73,29.71,Clear
13/08/2023,06:00 AM,78.36,91.27,2.18,29.72,Clear
13/08/2023,06:30 AM,79.18,89.09,2.36,29.72,Clear
13/08/2023,07:00 AM,80.00,86.91,2.45,29.73,Clear
13/08/2023,07:30 AM,81.00,84.36,2.55,29.74,Clear
13/08/2023,08:00 AM,82.00,81.45,2.82,29.74,Clear
13/08/2023,08:30 AM,83.18,78.55,2.64,29.74,Clear
13/08/2023,09:00 AM,84.36,75.64,3.27,29.75,Clear
13/08/2023,09:30 AM,85.36,72.73,4.36,29.75,Clear
13/08/2023,10:00 AM,85.55,71.82,5.27,29.74,Clear
13/08/2023,10:30 AM,86.36,70.55,5.64,29.74,Clear
13/08/2023,11:00 AM,87.18,68.45,6.55,29.73,Clear
13/08/2023,11:30 AM,87.55,67.27,6.82,29.72,Clear
13/08/2023,12:00 PM,87.73,66.55,7.36,29.72,Rain
13/08/2023,12:30 PM,87.73,66.18,7.91,29.71,Rain
13/08/2023,01:00 PM,87.55,66.18,8.36,29.69,Clear
13/08/2023,01:30 PM,87.36,66.91,8.55,29.68,Rain
13/08/2023,02:00 PM,87.18,66.91,9.00,29.67,Rain
13/08/2023,02:30 PM,87.00,66.91,9.00,29.66,Clear
13/08/2023,03:00 PM,86.82,67.27,8.64,29.66,Clear
13/08/2023,03:30 PM,87.27,66.09,8.55,29.65,Clear
13/08/2023,04:00 PM,86.91,65.64,8.64,29.65,Clear
13/08/2023,04:30 PM,86.36,66.00,7.91,29.65,Clear
13/08/2023,05:00 PM,85.73,67.64,8.00,29.65,Clear
13/08/2023,05:30 PM,85.09,69.64,7.73,29.65,Clear
13/08/2023,06:00 PM,84.45,72.18,7.18,29.66,Clear
13/08/2023,06:30 PM,83.82,74.27,6.64,29.66,Clear
13/08/2023,07:00 PM,83.18,76.00,6.09,29.68,Clear
13/08/2023,07:30 PM,82.36,78.45,5.82,29.69,Rain
13/08/2023,08:00 PM,81.55,80.91,5.18,29.70,Clear
13/08/2023,08:30 PM,80.91,83.00,4.73,29.71,Clear
13/08/2023,09:00 PM,80.27,85.09,4.18,29.72,Clear
13/08/2023,09:30 PM,79.82,86.27,3.91,29.73,Clear
13/08/2023,10:00 PM,79.36,88.00,3.55,29.74,Clear
13/08/2023,10:30 PM,79.18,88.45,2.91,29.74,Clear
13/08/2023,11:00 PM,79.00,89.36,2.91,29.75,Clear
13/08/2023,11:30 PM,78.82,89.36,2.91,29.75,Clear
14/08/2023,12:00 AM,78.64,89.82,3.00,29.75,Clear
14/08/2023,12:30 AM,78.45,90.27,3.09,29.75,Clear
14/08/2023,01:00 AM,78.27,90.73,2.82,29.74,Clear
14/08/2023,01:30 AM,78.09,91.18,3.27,29.74,Rain
14/08/2023,02:00 AM,77.91,91.64,3.18,29.73,Rain
14/08/2023,02:30 AM,77.73,92.09,3.18,29.72,Rain
14/08/2023,03:00 AM,77.55,93.09,2.91,29.72,Rain
14/08/2023,03:30 AM,77.36,93.55,2.73,29.71,Rain
14/08/2023,04:00 AM,77.18,94.00,2.82,29.71,Clear
14/08/2023,04:30 AM,77.00,94.00,2.64,29.71,Clear
14/08/2023,05:00 AM,77.00,94.00,2.64,29.71,Clear
14/08/2023,05:30 AM,77.18,93.55,2.64,29.72,Clear
14/08/2023,06:00 AM,77.64,92.18,2.91,29.72,Clear
14/08/2023,06:30 AM,78.09,90.82,3.27,29.72,Clear
14/08/2023,07:00 AM,78.55,89.45,3.55,29.73,Clear
14/08/2023,07:30 AM,79.18,87.64,4.09,29.74,Clear
14/08/2023,08:00 AM,79.82,85.82,4.64,29.75,Clear
14/08/2023,08:30 AM,80.64,83.27,5.36,29.75,Clear
14/08/2023,09:00 AM,81.45,81.09,6.09,29.76,Clear
14/08/2023,09:30 AM,82.27,78.91,6.73,29.76,Clear
14/08/2023,10:00 AM,83.27,76.36,7.27,29.76,Clear
14/08/2023,10:30 AM,84.09,74.18,8.18,29.76,Clear
14/08/2023,11:00 AM,84.55,72.82,8.55,29.76,Clear
14/08/2023,11:30 AM,84.91,72.00,9.18,29.75,Rain
14/08/2023,12:00 PM,85.09,72.00,9.45,29.75,Rain
14/08/2023,12:30 PM,85.00,72.91,9.36,29.74,Rain
14/08/2023,01:00 PM,84.73,74.27,9.55,29.73,Rain
14/08/2023,01:30 PM,84.27,75.64,9.36,29.72,Rain
14/08/2023,02:00 PM,83.64,77.73,9.00,29.72,Clear
14/08/2023,02:30 PM,83.00,79.45,8.82,29.71,Rain
14/08/2023,03:00 PM,82.18,81.18,8.64,29.71,Rain
14/08/2023,03:30 PM,81.00,84.27,8.36,29.71,Rain
14/08/2023,04:00 PM,80.00,87.00,7.64,29.71,Rain
14/08/2023,04:30 PM,79.18,89.36,7.45,29.71,Rain
14/08/2023,05:00 PM,78.36,91.55,6.55,29.71,Rain
14/08/2023,05:30 PM,77.55,93.45,6.18,29.71,Rain
14/08/2023,06:00 PM,77.00,94.45,5.55,29.72,Rain
14/08/2023,06:30 PM,76.64,94.91,4.64,29.73,Rain
14/08/2023,07:00 PM,76.45,95.36,4.27,29.74,Rain
14/08/2023,07:30 PM,76.27,95.82,3.91,29.74,Rain
14/08/2023,08:00 PM,76.09,96.27,3.73,29.75,Rain
14/08/2023,08:30 PM,76.09,96.73,3.27,29.76,Rain
14/08/2023,09:00 PM,76.27,96.18,3.00,29.77,Rain
14/08/2023,09:30 PM,76.27,96.18,2.73,29.77,Rain
14/08/2023,10:00 PM,76.45,95.18,2.73,29.77,Rain
14/08/2023,10:30 PM,76.45,94.73,2.73,29.78,Clear
14/08/2023,11:00 PM,76.64,94.18,2.73,29.78,Clear
14/08/2023,11:30 PM,76.82,93.64,3.27,29.77,Clear
15/08/2023,12:00 AM,76.82,93.64,3.73,29.77,Clear
15/08/2023,12:30 AM,76.82,93.64,3.91,29.76,Clear
15/08/2023,01:00 AM,76.64,93.64,4.00,29.75,Rain
15/08/2023,01:30 AM,76.64,93.18,3.73,29.74,Rain
15/08/2023,02:00 AM,76.64,93.18,3.73,29.74,Clear
15/08/2023,02:30 AM,76.45,93.18,3.91,29.73,Clear
15/08/2023,03:00 AM,76.45,92.64,4.00,29.72,Clear
15/08/2023,03:30 AM,76.27,93.09,3.82,29.72,Clear
15/08/2023,04:00 AM,76.09,94.09,3.82,29.72,Clear
15/08/2023,04:30 AM,76.09,94.09,3.64,29.72,Clear
15/08/2023,05:00 AM,76.09,94.09,3.27,29.72,Clear
15/08/2023,05:30 AM,76.27,93.64,3.36,29.73,Clear
15/08/2023,06:00 AM,76.64,93.18,3.18,29.74,Clear
15/08/2023,06:30 AM,77.18,92.73,3.18,29.74,Clear
15/08/2023,07:00 AM,77.55,92.73,3.45,29.75,Clear
15/08/2023,07:30 AM,78.00,91.82,3.45,29.76,Clear
15/08/2023,08:00 AM,78.82,90.45,3.45,29.77,Clear
15/08/2023,08:30 AM,79.64,89.09,3.82,29.77,Clear
15/08/2023,09:00 AM,80.27,87.73,4.45,29.78,Clear
15/08/2023,09:30 AM,81.09,85.82,5.18,29.78,Clear
15/08/2023,10:00 AM,81.55,84.45,6.00,29.78,Clear
15/08/2023,10:30 AM,82.18,82.64,6.64,29.78,Clear
15/08/2023,11:00 AM,82.82,80.91,7.18,29.77,Rain
15/08/2023,11:30 AM,83.27,79.18,8.00,29.76,Rain
15/08/2023,12:00 PM,83.91,77.09,9.00,29.75,Rain
15/08/2023,12:30 PM,84.55,75.00,9.91,29.75,Rain
15/08/2023,01:00 PM,84.73,74.09,10.73,29.74,Clear
15/08/2023,01:30 PM,84.73,73.64,10.91,29.73,Clear
15/08/2023,02:00 PM,84.73,73.18,10.82,29.72,Clear
15/08/2023,02:30 PM,84.73,73.64,10.55,29.71,Clear
15/08/2023,03:00 PM,84.55,73.64,10.27,29.71,Rain
15/08/2023,03:30 PM,84.55,73.64,9.82,29.70,Clear
15/08/2023,04:00 PM,84.36,74.09,9.27,29.70,Clear
15/08/2023,04:30 PM,83.91,74.91,8.45,29.71,Clear
15/08/2023,05:00 PM,83.27,76.09,7.36,29.71,Clear
15/08/2023,05:30 PM,82.45,77.64,6.27,29.71,Clear
15/08/2023,06:00 PM,81.64,79.73,5.09,29.72,Clear
15/08/2023,06:30 PM,81.18,81.09,4.00,29.73,Rain
15/08/2023,07:00 PM,80.73,82.45,3.64,29.74,Rain
15/08/2023,07:30 PM,80.27,83.82,3.09,29.74,Clear
15/08/2023,08:00 PM,80.00,84.27,2.91,29.75,Clear
15/08/2023,08:30 PM,79.73,85.18,2.27,29.76,Clear
15/08/2023,09:00 PM,79.45,86.09,1.82,29.77,Clear
15/08/2023,09:30 PM,79.00,87.45,1.55,29.77,Clear
15/08/2023,10:00 PM,78.64,88.82,1.27,29.78,Clear
15/08/2023,10:30 PM,78.64,88.82,1.45,29.78,Clear
15/08/2023,11:00 PM,78.64,88.82,1.45,29.78,Clear
15/08/2023,11:30 PM,78.45,88.82,2.55,29.78,Clear
16/08/2023,12:00 AM,78.27,88.82,3.45,29.78,Clear
16/08/2023,12:30 AM,78.09,88.82,3.45,29.78,Clear
16/08/2023,01:00 AM,77.73,89.27,3.91,29.77,Clear
16/08/2023,01:30 AM,77.55,89.27,3.45,29.77,Clear
16/08/2023,02:00 AM,77.36,89.27,3.45,29.76,Rain
16/08/2023,02:30 AM,77.18,89.27,3.27,29.75,Rain
16/08/2023,03:00 AM,77.00,89.82,3.27,29.75,Clear
16/08/2023,03:30 AM,76.82,89.82,3.45,29.74,Clear
16/08/2023,04:00 AM,76.45,90.82,3.45,29.74,Clear
16/08/2023,04:30 AM,76.27,91.36,3.45,29.74,Clear
16/08/2023,05:00 AM,76.27,91.82,2.45,29.74,Clear
16/08/2023,05:30 AM,76.45,91.82,1.55,29.74,Clear
16/08/2023,06:00 AM,76.64,91.82,1.27,29.74,Clear
16/08/2023,06:30 AM,77.45,90.00,0.82,29.75,Clear
16/08/2023,07:00 AM,78.27,87.91,0.82,29.75,Clear
16/08/2023,07:30 AM,79.27,85.45,1.00,29.76,Clear
16/08/2023,08:00 AM,80.27,83.00,1.27,29.77,Clear
16/08/2023,08:30 AM,81.64,79.27,1.73,29.77,Clear
16/08/2023,09:00 AM,83.00,76.09,2.09,29.77,Clear
16/08/2023,09:30 AM,84.45,72.55,2.45,29.77,Clear
16/08/2023,10:00 AM,85.73,69.82,3.36,29.77,Clear
16/08/2023,10:30 AM,85.73,69.36,3.91,29.77,Clear
16/08/2023,11:00 AM,85.55,69.82,4.09,29.77,Clear
16/08/2023,11:30 AM,85.55,69.82,4.18,29.76,Clear
16/08/2023,12:00 PM,85.09,71.64,4.64,29.76,Clear
16/08/2023,12:30 PM,84.45,74.18,4.91,29.75,Rain
16/08/2023,01:00 PM,83.64,77.09,5.00,29.74,Rain
16/08/2023,01:30 PM,82.82,80.00,5.18,29.73,Clear
16/08/2023,02:00 PM,82.00,82.73,4.91,29.72,Rain
16/08/2023,02:30 PM,81.18,85.45,4.64,29.72,Rain
16/08/2023,03:00 PM,80.36,88.09,4.36,29.71,Rain
16/08/2023,03:30 PM,79.55,90.36,3.73,29.71,Clear
16/08/2023,04:00 PM,79.91,89.91,3.55,29.71,Clear
16/08/2023,04:30 PM,80.09,89.91,3.82,29.71,Clear
16/08/2023,05:00 PM,80.09,89.91,4.00,29.71,Clear
16/08/2023,05:30 PM,80.09,89.45,3.73,29.71,Clear
16/08/2023,06:00 PM,79.91,89.00,3.73,29.71,Rain
16/08/2023,06:30 PM,79.73,89.00,4.00,29.72,Rain
16/08/2023,07:00 PM,79.73,87.55,3.55,29.72,Clear
16/08/2023,07:30 PM,79.36,87.55,3.55,29.74,Clear
16/08/2023,08:00 PM,79.00,87.55,3.45,29.74,Rain
16/08/2023,08:30 PM,78.55,88.00,3.18,29.75,Clear
16/08/2023,09:00 PM,78.09,88.45,2.73,29.76,Clear
16/08/2023,09:30 PM,77.73,88.91,2.27,29.77,Clear
16/08/2023,10:00 PM,77.55,88.45,2.09,29.77,Clear
16/08/2023,10:30 PM,77.36,88.45,2.09,29.78,Clear
16/08/2023,11:00 PM,77.18,88.45,2.18,29.78,Clear
16/08/2023,11:30 PM,77.18,88.45,1.91,29.78,Clear
17/08/2023,12:00 AM,77.18,88.00,1.36,29.77,Clear
17/08/2023,12:30 AM,77.00,89.00,1.64,29.77,Clear
17/08/2023,01:00 AM,77.00,89.00,1.64,29.76,Clear
17/08/2023,01:30 AM,76.82,89.45,1.73,29.76,Clear
17/08/2023,02:00 AM,76.64,89.91,2.00,29.75,Clear
17/08/2023,02:30 AM,76.64,89.91,2.18,29.75,Clear
17/08/2023,03:00 AM,76.45,90.36,2.00,29.74,Clear
17/08/2023,03:30 AM,76.27,90.82,1.73,29.74,Clear
17/08/2023,04:00 AM,76.09,91.27,1.45,29.74,Clear
17/08/2023,04:30 AM,76.09,91.73,1.18,29.74,Clear
17/08/2023,05:00 AM,76.09,92.18,1.45,29.74,Clear
17/08/2023,05:30 AM,76.27,92.18,1.91,29.75,Clear
17/08/2023,06:00 AM,76.64,92.18,2.18,29.75,Clear
17/08/2023,06:30 AM,77.27,90.82,2.64,29.76,Clear
17/08/2023,07:00 AM,77.91,89.45,3.00,29.76,Clear
17/08/2023,07:30 AM,78.73,87.64,3.27,29.77,Clear
17/08/2023,08:00 AM,79.36,85.91,3.82,29.77,Clear
17/08/2023,08:30 AM,80.36,83.36,4.55,29.78,Clear
17/08/2023,09:00 AM,81.36,80.82,5.36,29.78,Clear
17/08/2023,09:30 AM,82.36,78.27,6.18,29.78,Clear
17/08/2023,10:00 AM,83.36,75.36,6.91,29.78,Clear
17/08/2023,10:30 AM,84.55,72.45,7.27,29.78,Clear
17/08/2023,11:00 AM,85.55,69.73,7.64,29.77,Clear
17/08/2023,11:30 AM,86.36,67.00,7.64,29.76,Clear
17/08/2023,12:00 PM,86.91,65.91,7.82,29.75,Clear
17/08/2023,12:30 PM,87.73,63.73,8.00,29.74,Clear
17/08/2023,01:00 PM,88.36,62.00,8.36,29.72,Clear
17/08/2023,01:30 PM,89.00,61.00,8.55,29.71,Clear
17/08/2023,02:00 PM,89.36,60.36,8.73,29.70,Clear
17/08/2023,02:30 PM,89.55,59.64,8.73,29.68,Clear
17/08/2023,03:00 PM,89.73,58.91,8.82,29.67,Clear
17/08/2023,03:30 PM,89.73,58.91,8.91,29.66,Clear
17/08/2023,04:00 PM,89.36,59.27,9.00,29.66,Clear
17/08/2023,04:30 PM,88.82,60.27,8.82,29.66,Clear
17/08/2023,05:00 PM,88.27,61.27,8.91,29.66,Clear
17/08/2023,05:30 PM,87.55,62.36,8.55,29.66,Clear
17/08/2023,06:00 PM,86.73,64.09,8.18,29.67,Clear
17/08/2023,06:30 PM,85.91,65.82,7.36,29.68,Clear
17/08/2023,07:00 PM,85.00,67.64,6.45,29.69,Clear
17/08/2023,07:30 PM,84.18,69.91,5.55,29.70,Clear
17/08/2023,08:00 PM,83.36,72.73,4.91,29.71,Clear
17/08/2023,08:30 PM,82.55,75.55,4.00,29.72,Clear
17/08/2023,09:00 PM,81.73,78.00,3.18,29.73,Clear
17/08/2023,09:30 PM,81.09,80.09,2.45,29.74,Clear
17/08/2023,10:00 PM,80.64,81.82,1.82,29.75,Clear
17/08/2023,10:30 PM,80.18,83.55,1.73,29.75,Clear
17/08/2023,11:00 PM,79.91,84.91,1.73,29.75,Clear
17/08/2023,11:30 PM,79.64,86.27,1.82,29.75,Clear
18/08/2023,12:00 AM,79.36,87.64,2.18,29.75,Clear
18/08/2023,12:30 AM,79.18,88.55,2.18,29.75,Clear
18/08/2023,01:00 AM,79.00,89.00,2.18,29.74,Clear
18/08/2023,01:30 AM,79.00,89.00,2.18,29.74,Clear
18/08/2023,02:00 AM,78.82,89.45,2.18,29.73,Clear
18/08/2023,02:30 AM,78.64,89.91,2.18,29.72,Clear
18/08/2023,03:00 AM,78.45,90.36,2.18,29.72,Clear
18/08/2023,03:30 AM,78.27,90.82,2.18,29.71,Clear
18/08/2023,04:00 AM,78.09,91.27,1.64,29.71,Clear
18/08/2023,04:30 AM,78.09,91.27,1.36,29.71,Clear
18/08/2023,05:00 AM,78.09,91.73,1.00,29.71,Clear
18/08/2023,05:30 AM,78.27,91.73,0.73,29.71,Clear
18/08/2023,06:00 AM,78.45,91.73,1.00,29.71,Clear
18/08/2023,06:30 AM,78.91,90.82,1.55,29.72,Clear
18/08/2023,07:00 AM,79.55,89.45,1.82,29.72,Clear
18/08/2023,07:30 AM,80.55,86.91,2.73,29.72,Clear
18/08/2023,08:00 AM,81.55,84.00,3.64,29.72,Clear
18/08/2023,08:30 AM,82.55,81.45,4.36,29.72,Clear
18/08/2023,09:00 AM,83.73,78.55,5.09,29.72,Clear
18/08/2023,09:30 AM,85.00,75.36,6.00,29.72,Clear
18/08/2023,10:00 AM,85.82,73.27,6.91,29.72,Clear
18/08/2023,10:30 AM,86.91,69.73,7.55,29.71,Clear
18/08/2023,11:00 AM,87.82,66.64,8.27,29.71,Clear
18/08/2023,11:30 AM,88.91,63.27,9.36,29.70,Clear
18/08/2023,12:00 PM,89.55,60.82,10.18,29.69,Rain
18/08/2023,12:30 PM,90.18,58.27,11.18,29.69,Rain
18/08/2023,01:00 PM,90.45,57.00,11.45,29.68,Clear
18/08/2023,01:30 PM,90.73,56.36,11.73,29.67,Clear
18/08/2023,02:00 PM,90.91,55.73,12.18,29.66,Clear
18/08/2023,02:30 PM,90.91,55.09,12.36,29.66,Clear
18/08/2023,03:00 PM,90.82,55.09,12.36,29.65,Clear
18/08/2023,03:30 PM,90.82,54.73,12.18,29.65,Clear
18/08/2023,04:00 PM,90.55,55.36,12.18,29.65,Clear
18/08/2023,04:30 PM,90.09,56.00,12.00,29.65,Clear
18/08/2023,05:00 PM,89.27,57.64,11.36,29.65,Clear
18/08/2023,05:30 PM,88.64,59.27,10.73,29.65,Clear
18/08/2023,06:00 PM,87.82,61.45,9.91,29.66,Clear
18/08/2023,06:30 PM,87.00,63.45,9.27,29.66,Clear
18/08/2023,07:00 PM,86.18,65.18,8.73,29.67,Clear
18/08/2023,07:30 PM,85.45,67.00,8.18,29.68,Clear
18/08/2023,08:00 PM,84.73,68.73,7.91,29.69,Clear
18/08/2023,08:30 PM,84.00,70.55,7.55,29.70,Clear
18/08/2023,09:00 PM,83.36,72.09,6.91,29.71,Clear
18/08/2023,09:30 PM,82.73,74.09,6.36,29.72,Clear
18/08/2023,10:00 PM,82.27,75.64,5.82,29.73,Clear
18/08/2023,10:30 PM,81.82,77.36,5.27,29.74,Clear
18/08/2023,11:00 PM,81.36,79.09,4.73,29.74,Clear
18/08/2023,11:30 PM,81.09,80.36,4.27,29.74,Clear
19/08/2023,12:00 AM,80.82,81.73,3.91,29.74,Clear
19/08/2023,12:30 AM,80.36,83.55,3.27,29.74,Clear
19/08/2023,01:00 AM,79.91,84.91,2.64,29.74,Clear
19/08/2023,01:30 AM,79.45,86.73,2.18,29.73,Clear
19/08/2023,02:00 AM,79.00,88.09,1.73,29.72,Clear
19/08/2023,02:30 AM,78.64,89.45,1.64,29.72,Clear
19/08/2023,03:00 AM,78.27,90.36,1.55,29.71,Clear
19/08/2023,03:30 AM,77.91,91.73,1.55,29.71,Clear
19/08/2023,04:00 AM,77.73,92.18,1.55,29.71,Clear
19/08/2023,04:30 AM,77.55,92.64,1.55,29.71,Clear
19/08/2023,05:00 AM,77.36,93.55,1.64,29.70,Clear
19/08/2023,05:30 AM,77.55,93.55,1.73,29.70,Clear
19/08/2023,06:00 AM,78.18,92.18,2.00,29.70,Clear
19/08/2023,06:30 AM,79.00,90.36,2.27,29.70,Clear
19/08/2023,07:00 AM,80.00,87.45,2.36,29.70,Clear
19/08/2023,07:30 AM,81.00,84.55,2.91,29.70,Clear
19/08/2023,08:00 AM,82.18,81.36,3.36,29.70,Clear
19/08/2023,08:30 AM,83.36,78.18,3.64,29.70,Clear
19/08/2023,09:00 AM,84.55,75.00,4.18,29.70,Clear
19/08/2023,09:30 AM,85.73,71.82,4.82,29.70,Clear
19/08/2023,10:00 AM,86.91,68.91,5.82,29.69,Clear
19/08/2023,10:30 AM,87.91,65.73,6.45,29.69,Clear
19/08/2023,11:00 AM,88.82,62.64,7.36,29.69,Clear
19/08/2023,11:30 AM,89.45,60.45,8.18,29.68,Clear
19/08/2023,12:00 PM,90.09,58.18,8.82,29.67,Clear
19/08/2023,12:30 PM,90.36,57.55,9.82,29.66,Clear
19/08/2023,01:00 PM,90.64,56.91,10.45,29.66,Clear
19/08/2023,01:30 PM,90.73,56.55,11.00,29.65,Clear
19/08/2023,02:00 PM,90.73,56.55,11.73,29.64,Clear
19/08/2023,02:30 PM,90.73,56.18,12.27,29.63,Clear
19/08/2023,03:00 PM,90.55,56.09,12.27,29.63,Clear
19/08/2023,03:30 PM,90.36,56.09,11.82,29.62,Clear
19/08/2023,04:00 PM,90.00,56.73,11.73,29.62,Clear
19/08/2023,04:30 PM,89.55,57.73,11.09,29.62,Clear
19/08/2023,05:00 PM,88.91,59.09,10.55,29.62,Clear
19/08/2023,05:30 PM,88.09,61.00,10.09,29.62,Clear
19/08/2023,06:00 PM,87.27,62.73,9.27,29.63,Clear
19/08/2023,06:30 PM,86.45,64.91,8.27,29.64,Clear
19/08/2023,07:00 PM,85.64,67.09,7.55,29.65,Clear
19/08/2023,07:30 PM,84.82,69.36,6.82,29.65,Clear
19/08/2023,08:00 PM,84.00,72.00,5.82,29.66,Clear
19/08/2023,08:30 PM,83.36,74.36,5.45,29.68,Clear
19/08/2023,09:00 PM,82.73,76.36,5.00,29.68,Clear
19/08/2023,09:30 PM,82.09,78.45,4.36,29.69,Clear
19/08/2023,10:00 PM,81.45,80.55,3.82,29.69,Clear
19/08/2023,10:30 PM,81.00,82.27,3.27,29.70,Clear
19/08/2023,11:00 PM,80.73,83.55,3.09,29.70,Clear
19/08/2023,11:30 PM,80.64,84.00,3.09,29.70,Clear
20/08/2023,12:00 AM,80.36,84.36,3.00,29.70,Clear
20/08/2023,12:30 AM,80.09,84.73,2.64,29.70,Clear
20/08/2023,01:00 AM,79.73,85.18,2.64,29.69,Clear
20/08/2023,01:30 AM,79.36,85.64,2.55,29.69,Clear
20/08/2023,02:00 AM,79.00,86.09,2.27,29.68,Clear
20/08/2023,02:30 AM,78.64,87.00,2.18,29.68,Clear
20/08/2023,03:00 AM,78.45,87.45,2.09,29.68,Clear
20/08/2023,03:30 AM,78.27,87.91,2.36,29.67,Clear
20/08/2023,04:00 AM,78.09,88.36,2.64,29.67,Clear
20/08/2023,04:30 AM,77.73,89.27,2.45,29.67,Clear
20/08/2023,05:00 AM,77.55,89.64,2.27,29.67,Clear
20/08/2023,05:30 AM,77.73,89.73,2.36,29.67,Clear
20/08/2023,06:00 AM,78.00,89.36,2.45,29.68,Clear
20/08/2023,06:30 AM,78.64,88.00,2.27,29.68,Clear
20/08/2023,07:00 AM,79.27,86.64,2.64,29.68,Clear
20/08/2023,07:30 AM,80.09,84.91,3.00,29.69,Clear
20/08/2023,08:00 AM,81.09,82.36,3.27,29.69,Clear
20/08/2023,08:30 AM,82.09,79.45,3.64,29.69,Clear
20/08/2023,09:00 AM,83.27,76.27,3.55,29.69,Clear
20/08/2023,09:30 AM,84.45,73.09,3.82,29.70,Clear
20/08/2023,10:00 AM,85.64,69.91,4.27,29.70,Clear
20/08/2023,10:30 AM,86.64,67.73,4.64,29.69,Clear
20/08/2023,11:00 AM,87.45,65.09,5.55,29.69,Clear
20/08/2023,11:30 AM,88.27,62.91,6.45,29.68,Clear
20/08/2023,12:00 PM,88.82,61.55,7.09,29.68,Clear
20/08/2023,12:30 PM,89.45,59.82,7.45,29.67,Clear
20/08/2023,01:00 PM,89.82,58.82,7.73,29.66,Clear
20/08/2023,01:30 PM,90.00,58.18,8.45,29.66,Clear
20/08/2023,02:00 PM,90.18,58.18,9.09,29.65,Clear
20/08/2023,02:30 PM,90.00,58.45,9.82,29.64,Rain
20/08/2023,03:00 PM,89.82,59.09,10.09,29.63,Clear
20/08/2023,03:30 PM,89.45,59.73,10.45,29.63,Clear
20/08/2023,04:00 PM,89.09,60.36,10.55,29.62,Clear
20/08/2023,04:30 PM,88.55,61.73,9.82,29.62,Clear
20/08/2023,05:00 PM,87.91,63.09,9.27,29.62,Clear
20/08/2023,05:30 PM,87.36,64.09,9.00,29.62,Clear
20/08/2023,06:00 PM,86.73,65.45,8.64,29.63,Clear
20/08/2023,06:30 PM,86.00,67.27,8.36,29.63,Clear
20/08/2023,07:00 PM,85.18,69.55,7.45,29.64,Clear
20/08/2023,07:30 PM,84.36,71.55,6.64,29.65,Clear
20/08/2023,08:00 PM,83.82,73.09,6.00,29.66,Clear
20/08/2023,08:30 PM,83.18,74.73,5.18,29.66,Clear
20/08/2023,09:00 PM,82.55,76.82,4.45,29.67,Clear
20/08/2023,09:30 PM,81.91,78.91,3.73,29.68,Clear
20/08/2023,10:00 PM,81.45,80.64,3.45,29.68,Clear
20/08/2023,10:30 PM,80.82,82.82,3.36,29.69,Clear
20/08/2023,11:00 PM,80.18,85.00,3.18,29.69,Clear
20/08/2023,11:30 PM,79.55,87.18,2.64,29.69,Clear
21/08/2023,12:00 AM,79.27,88.09,2.09,29.69,Clear
21/08/2023,12:30 AM,78.91,89.00,1.82,29.69,Clear
21/08/2023,01:00 AM,78.55,89.91,1.55,29.69,Clear
21/08/2023,01:30 AM,78.09,91.27,1.27,29.69,Clear
21/08/2023,02:00 AM,77.73,92.18,1.27,29.68,Clear
21/08/2023,02:30 AM,77.55,92.64,1.09,29.68,Clear
21/08/2023,03:00 AM,77.36,93.09,1.09,29.68,Clear
21/08/2023,03:30 AM,77.18,93.55,1.18,29.67,Clear
21/08/2023,04:00 AM,77.18,93.55,0.91,29.67,Clear
21/08/2023,04:30 AM,77.18,93.55,0.64,29.67,Clear
21/08/2023,05:00 AM,77.18,93.55,0.91,29.67,Clear
21/08/2023,05:30 AM,77.18,94.00,1.36,29.67,Clear
21/08/2023,06:00 AM,77.55,93.09,1.82,29.68,Clear
21/08/2023,06:30 AM,78.00,92.18,2.45,29.68,Clear
21/08/2023,07:00 AM,78.64,90.82,3.00,29.69,Clear
21/08/2023,07:30 AM,79.45,89.00,3.55,29.69,Clear
21/08/2023,08:00 AM,80.27,86.82,4.09,29.70,Clear
21/08/2023,08:30 AM,81.27,84.27,4.55,29.71,Clear
21/08/2023,09:00 AM,82.27,82.09,4.73,29.71,Clear
21/08/2023,09:30 AM,83.45,79.18,5.27,29.71,Clear
21/08/2023,10:00 AM,84.73,75.64,6.18,29.71,Clear
21/08/2023,10:30 AM,86.00,72.09,7.00,29.71,Clear
21/08/2023,11:00 AM,87.09,68.55,7.73,29.71,Clear
21/08/2023,11:30 AM,88.18,65.64,8.64,29.71,Clear
21/08/2023,12:00 PM,89.00,63.00,9.27,29.70,Clear
21/08/2023,12:30 PM,89.64,60.82,10.00,29.69,Clear
21/08/2023,01:00 PM,90.09,59.09,10.64,29.68,Clear
21/08/2023,01:30 PM,90.55,57.73,11.27,29.67,Clear
21/08/2023,02:00 PM,90.82,56.73,12.00,29.66,Clear
21/08/2023,02:30 PM,91.00,55.73,12.73,29.65,Clear
21/08/2023,03:00 PM,91.00,55.45,12.91,29.65,Clear
21/08/2023,03:30 PM,90.73,56.09,12.64,29.64,Clear
21/08/2023,04:00 PM,90.27,57.09,12.18,29.64,Clear
21/08/2023,04:30 PM,89.64,58.82,11.55,29.64,Clear
21/08/2023,05:00 PM,88.82,60.82,10.64,29.64,Clear
21/08/2023,05:30 PM,88.00,63.00,9.82,29.65,Clear
21/08/2023,06:00 PM,87.18,65.18,9.00,29.65,Clear
21/08/2023,06:30 PM,86.36,67.36,8.27,29.66,Clear
21/08/2023,07:00 PM,85.45,69.55,7.55,29.67,Clear
21/08/2023,07:30 PM,84.55,71.73,6.55,29.68,Clear
21/08/2023,08:00 PM,83.73,73.55,5.36,29.69,Clear
21/08/2023,08:30 PM,82.91,75.82,4.45,29.70,Clear
21/08/2023,09:00 PM,82.09,78.27,3.64,29.71,Clear
21/08/2023,09:30 PM,81.45,80.36,3.45,29.72,Clear
21/08/2023,10:00 PM,81.00,81.73,3.09,29.72,Clear
21/08/2023,10:30 PM,80.55,83.09,2.82,29.72,Clear
21/08/2023,11:00 PM,80.27,84.00,2.55,29.72,Clear
21/08/2023,11:30 PM,80.00,85.36,2.09,29.72,Clear
22/08/2023,12:00 AM,79.73,86.27,1.64,29.72,Clear
22/08/2023,12:30 AM,79.55,87.18,1.36,29.72,Clear
22/08/2023,01:00 AM,79.18,88.55,1.18,29.71,Clear
22/08/2023,01:30 AM,78.82,89.91,1.18,29.71,Clear
22/08/2023,02:00 AM,78.45,90.82,1.18,29.70,Clear
22/08/2023,02:30 AM,78.27,91.27,1.18,29.69,Clear
22/08/2023,03:00 AM,78.09,91.73,0.73,29.69,Clear
22/08/2023,03:30 AM,77.91,92.18,0.55,29.68,Clear
22/08/2023,04:00 AM,77.73,92.64,0.64,29.68,Clear
22/08/2023,04:30 AM,77.55,93.09,0.45,29.68,Clear
22/08/2023,05:00 AM,77.36,93.09,0.64,29.68,Clear
22/08/2023,05:30 AM,77.36,93.55,0.91,29.68,Clear
22/08/2023,06:00 AM,77.55,93.55,1.00,29.69,Clear
22/08/2023,06:30 AM,78.36,91.73,1.27,29.69,Clear
22/08/2023,07:00 AM,79.18,89.55,1.55,29.70,Clear
22/08/2023,07:30 AM,80.00,87.36,2.00,29.70,Clear
22/08/2023,08:00 AM,81.00,84.82,2.55,29.71,Clear
22/08/2023,08:30 AM,82.18,81.64,3.00,29.71,Clear
22/08/2023,09:00 AM,83.36,78.73,3.55,29.72,Clear
22/08/2023,09:30 AM,84.55,75.55,3.91,29.72,Clear
22/08/2023,10:00 AM,85.73,73.36,4.45,29.72,Clear
22/08/2023,10:30 AM,86.36,72.00,5.55,29.72,Clear
22/08/2023,11:00 AM,86.64,70.64,6.09,29.72,Rain
22/08/2023,11:30 AM,86.91,69.27,7.00,29.71,Clear
22/08/2023,12:00 PM,86.91,68.91,7.55,29.70,Rain
22/08/2023,12:30 PM,86.73,69.27,8.18,29.69,Clear
22/08/2023,01:00 PM,86.36,70.09,8.64,29.69,Clear
22/08/2023,01:30 PM,85.82,71.27,8.82,29.68,Clear
22/08/2023,02:00 PM,85.09,73.09,9.09,29.67,Clear
22/08/2023,02:30 PM,84.36,74.18,9.18,29.66,Clear
22/08/2023,03:00 PM,83.64,76.00,9.09,29.66,Clear
22/08/2023,03:30 PM,82.91,76.36,9.09,29.66,Clear
22/08/2023,04:00 PM,82.73,76.36,8.27,29.65,Clear
22/08/2023,04:30 PM,82.64,76.82,7.73,29.65,Clear
22/08/2023,05:00 PM,82.36,77.73,6.73,29.66,Clear
22/08/2023,05:30 PM,81.91,79.00,6.18,29.66,Clear
22/08/2023,06:00 PM,81.64,79.91,5.55,29.67,Clear
22/08/2023,06:30 PM,81.55,80.36,4.82,29.68,Clear
22/08/2023,07:00 PM,81.45,80.82,4.36,29.68,Clear
22/08/2023,07:30 PM,81.36,81.27,3.91,29.69,Clear
22/08/2023,08:00 PM,81.27,82.18,3.55,29.71,Clear
22/08/2023,08:30 PM,81.00,83.09,3.00,29.72,Clear
22/08/2023,09:00 PM,80.73,84.45,2.64,29.72,Clear
22/08/2023,09:30 PM,80.45,85.36,2.36,29.73,Clear
22/08/2023,10:00 PM,80.09,86.27,2.09,29.74,Clear
22/08/2023,10:30 PM,79.73,87.18,2.09,29.74,Clear
22/08/2023,11:00 PM,79.36,88.09,2.00,29.74,Clear
22/08/2023,11:30 PM,79.00,89.00,1.73,29.74,Clear
23/08/2023,12:00 AM,78.64,89.91,1.55,29.74,Clear
23/08/2023,12:30 AM,78.27,90.82,1.27,29.74,Clear
23/08/2023,01:00 AM,77.91,91.73,1.18,29.73,Clear
23/08/2023,01:30 AM,77.36,93.18,1.18,29.72,Clear
23/08/2023,02:00 AM,77.18,93.18,1.36,29.72,Clear
23/08/2023,02:30 AM,76.82,93.64,1.45,29.71,Clear
23/08/2023,03:00 AM,76.45,94.64,1.55,29.71,Clear
23/08/2023,03:30 AM,76.27,94.64,1.55,29.71,Clear
23/08/2023,04:00 AM,76.09,94.64,1.36,29.71,Clear
23/08/2023,04:30 AM,76.09,94.64,1.64,29.71,Clear
23/08/2023,05:00 AM,76.27,94.18,1.91,29.71,Clear
23/08/2023,05:30 AM,76.64,93.27,2.18,29.71,Clear
23/08/2023,06:00 AM,77.09,91.91,2.64,29.72,Clear
23/08/2023,06:30 AM,77.73,89.73,2.91,29.72,Clear
23/08/2023,07:00 AM,78.55,87.36,3.18,29.73,Clear
23/08/2023,07:30 AM,79.55,85.64,3.45,29.74,Clear
23/08/2023,08:00 AM,80.73,82.73,3.45,29.74,Clear
23/08/2023,08:30 AM,81.91,79.27,3.82,29.74,Clear
23/08/2023,09:00 AM,83.09,76.36,4.64,29.75,Clear
23/08/2023,09:30 AM,83.91,74.55,5.09,29.75,Clear
23/08/2023,10:00 AM,85.09,71.64,5.09,29.74,Clear
23/08/2023,10:30 AM,86.09,68.91,5.55,29.74,Clear
23/08/2023,11:00 AM,86.91,66.91,6.00,29.73,Clear
23/08/2023,11:30 AM,87.91,64.82,6.64,29.72,Clear
23/08/2023,12:00 PM,88.73,63.55,7.55,29.71,Rain
23/08/2023,12:30 PM,89.36,62.18,8.45,29.70,Clear
23/08/2023,01:00 PM,89.55,61.18,9.18,29.69,Clear
23/08/2023,01:30 PM,89.73,60.55,10.00,29.67,Clear
23/08/2023,02:00 PM,89.91,59.91,10.55,29.66,Clear
23/08/2023,02:30 PM,90.09,59.64,10.55,29.65,Clear
23/08/2023,03:00 PM,90.64,57.91,10.91,29.65,Clear
23/08/2023,03:30 PM,90.45,57.55,11.18,29.64,Rain
23/08/2023,04:00 PM,90.27,57.45,11.27,29.64,Clear
23/08/2023,04:30 PM,89.91,57.45,11.00,29.63,Clear
23/08/2023,05:00 PM,89.27,58.00,10.45,29.64,Clear
23/08/2023,05:30 PM,88.45,58.55,9.55,29.64,Clear
23/08/2023,06:00 PM,87.64,59.55,8.36,29.65,Clear
23/08/2023,06:30 PM,86.82,61.36,7.27,29.65,Clear
23/08/2023,07:00 PM,86.00,64.00,6.45,29.66,Clear
23/08/2023,07:30 PM,85.00,67.09,5.55,29.68,Clear
23/08/2023,08:00 PM,84.00,69.82,4.73,29.68,Clear
23/08/2023,08:30 PM,83.00,72.36,3.91,29.69,Clear
23/08/2023,09:00 PM,82.18,74.64,3.36,29.70,Clear
23/08/2023,09:30 PM,81.36,77.45,2.73,29.71,Clear
23/08/2023,10:00 PM,80.55,80.36,2.45,29.72,Clear
23/08/2023,10:30 PM,79.73,83.27,1.91,29.72,Clear
23/08/2023,11:00 PM,79.09,86.18,1.45,29.72,Clear
23/08/2023,11:30 PM,78.64,88.36,1.18,29.72,Clear
24/08/2023,12:00 AM,78.27,89.73,1.18,29.72,Clear
24/08/2023,12:30 AM,77.91,90.64,0.91,29.71,Clear
24/08/2023,01:00 AM,77.73,91.09,0.82,29.71,Clear
24/08/2023,01:30 AM,77.55,91.55,0.91,29.70,Clear
24/08/2023,02:00 AM,77.36,92.55,1.00,29.70,Clear
24/08/2023,02:30 AM,77.18,93.55,0.82,29.70,Clear
24/08/2023,03:00 AM,76.82,94.55,0.64,29.69,Clear
24/08/2023,03:30 AM,76.64,95.09,0.45,29.69,Clear
24/08/2023,04:00 AM,76.45,95.64,0.45,29.69,Clear
24/08/2023,04:30 AM,76.45,95.64,0.45,29.69,Clear
24/08/2023,05:00 AM,76.64,95.64,0.45,29.69,Clear
24/08/2023,05:30 AM,77.09,94.73,0.64,29.70,Clear
24/08/2023,06:00 AM,77.73,93.36,0.91,29.71,Clear
24/08/2023,06:30 AM,78.55,91.18,1.27,29.72,Clear
24/08/2023,07:00 AM,79.55,88.64,1.73,29.72,Clear
24/08/2023,07:30 AM,80.55,86.09,2.09,29.73,Clear
24/08/2023,08:00 AM,81.73,83.18,2.64,29.73,Clear
24/08/2023,08:30 AM,83.09,79.09,3.18,29.74,Clear
24/08/2023,09:00 AM,84.55,74.45,3.73,29.74,Clear
24/08/2023,09:30 AM,86.18,69.55,4.55,29.74,Clear
24/08/2023,10:00 AM,87.64,65.45,5.27,29.74,Clear
24/08/2023,10:30 AM,88.73,61.91,5.82,29.73,Clear
24/08/2023,11:00 AM,89.55,59.64,6.45,29.73,Clear
24/08/2023,11:30 AM,90.18,57.82,7.00,29.72,Clear
24/08/2023,12:00 PM,90.64,56.82,7.27,29.71,Clear
24/08/2023,12:30 PM,90.91,56.18,7.64,29.69,Clear
24/08/2023,01:00 PM,91.18,55.55,8.00,29.68,Clear
24/08/2023,01:30 PM,91.27,55.27,8.18,29.67,Clear
24/08/2023,02:00 PM,91.36,55.64,8.36,29.66,Clear
24/08/2023,02:30 PM,91.36,56.18,8.73,29.65,Clear
24/08/2023,03:00 PM,91.09,57.64,9.00,29.64,Clear
24/08/2023,03:30 PM,90.64,59.18,9.09,29.63,Clear
24/08/2023,04:00 PM,90.36,59.82,9.18,29.63,Clear
24/08/2023,04:30 PM,89.91,60.45,8.82,29.63,Clear
24/08/2023,05:00 PM,89.27,61.82,8.55,29.63,Clear
24/08/2023,05:30 PM,88.45,63.64,8.18,29.64,Clear
24/08/2023,06:00 PM,87.64,65.45,7.73,29.65,Clear
24/08/2023,06:30 PM,86.82,67.27,7.45,29.66,Clear
24/08/2023,07:00 PM,85.91,69.55,7.18,29.67,Clear
24/08/2023,07:30 PM,85.00,71.82,6.91,29.68,Clear
24/08/2023,08:00 PM,84.09,74.45,6.18,29.69,Clear
24/08/2023,08:30 PM,83.27,76.45,5.27,29.71,Clear
24/08/2023,09:00 PM,82.45,79.00,4.64,29.72,Clear
24/08/2023,09:30 PM,81.64,81.45,4.18,29.72,Clear
24/08/2023,10:00 PM,81.00,83.55,3.64,29.73,Clear
24/08/2023,10:30 PM,80.55,84.91,3.09,29.74,Clear
24/08/2023,11:00 PM,80.27,85.82,2.64,29.74,Clear
24/08/2023,11:30 PM,79.82,87.18,2.18,29.74,Clear
25/08/2023,12:00 AM,79.36,88.55,1.64,29.74,Clear
25/08/2023,12:30 AM,79.00,89.45,1.18,29.73,Clear
25/08/2023,01:00 AM,78.64,90.36,0.73,29.73,Clear
25/08/2023,01:30 AM,78.27,91.27,0.55,29.72,Clear
25/08/2023,02:00 AM,77.91,92.18,0.36,29.72,Clear
25/08/2023,02:30 AM,77.73,92.18,0.18,29.71,Clear
25/08/2023,03:00 AM,77.55,92.64,0.00,29.71,Clear
25/08/2023,03:30 AM,77.36,93.09,0.00,29.71,Clear
25/08/2023,04:00 AM,77.18,93.55,0.00,29.70,Clear
25/08/2023,04:30 AM,77.18,93.55,0.00,29.70,Clear
25/08/2023,05:00 AM,77.55,92.64,0.00,29.70,Clear
25/08/2023,05:30 AM,77.91,92.18,0.27,29.70,Clear
25/08/2023,06:00 AM,78.55,90.82,0.45,29.71,Clear
25/08/2023,06:30 AM,79.36,88.64,0.73,29.71,Clear
25/08/2023,07:00 AM,80.36,85.73,1.18,29.71,Clear
25/08/2023,07:30 AM,81.36,83.18,1.73,29.71,Clear
25/08/2023,08:00 AM,82.55,80.27,2.18,29.72,Clear
25/08/2023,08:30 AM,83.73,77.36,2.82,29.72,Clear
25/08/2023,09:00 AM,84.91,74.45,3.27,29.72,Clear
25/08/2023,09:30 AM,86.18,70.91,3.73,29.72,Clear
25/08/2023,10:00 AM,87.27,67.82,4.00,29.72,Clear
25/08/2023,10:30 AM,88.55,65.00,4.45,29.71,Clear
25/08/2023,11:00 AM,89.64,61.64,4.73,29.71,Clear
25/08/2023,11:30 AM,90.45,59.55,5.27,29.70,Clear
25/08/2023,12:00 PM,91.09,58.27,5.73,29.69,Clear
25/08/2023,12:30 PM,91.55,57.73,6.00,29.68,Clear
25/08/2023,01:00 PM,91.55,58.09,6.64,29.67,Clear
25/08/2023,01:30 PM,90.73,60.55,7.27,29.66,Rain
25/08/2023,02:00 PM,89.73,63.00,7.36,29.65,Clear
25/08/2023,02:30 PM,88.55,65.45,7.55,29.65,Clear
25/08/2023,03:00 PM,87.27,68.55,7.55,29.65,Rain
25/08/2023,03:30 PM,86.18,71.09,7.45,29.65,Rain
25/08/2023,04:00 PM,84.73,73.82,7.00,29.65,Rain
25/08/2023,04:30 PM,83.27,77.18,6.45,29.65,Rain
25/08/2023,05:00 PM,81.82,80.18,6.00,29.66,Rain
25/08/2023,05:30 PM,80.70,82.60,5.80,29.66,Clear
25/08/2023,06:00 PM,79.33,85.56,5.56,29.67,Clear
25/08/2023,06:30 PM,78.11,88.22,4.33,29.68,Clear
25/08/2023,07:00 PM,77.67,88.78,3.22,29.70,Clear
25/08/2023,07:30 PM,77.67,89.33,2.56,29.71,Clear
25/08/2023,08:00 PM,77.89,89.89,1.78,29.73,Clear
25/08/2023,08:30 PM,78.11,90.44,1.22,29.74,Clear
25/08/2023,09:00 PM,77.89,92.33,1.00,29.75,Clear
25/08/2023,09:30 PM,77.67,93.56,1.00,29.76,Clear
25/08/2023,10:00 PM,77.67,94.11,1.00,29.76,Clear
25/08/2023,10:30 PM,77.67,94.67,0.67,29.77,Clear
25/08/2023,11:00 PM,77.60,94.60,0.60,29.76,Clear
25/08/2023,11:30 PM,77.55,94.55,0.55,29.76,Clear
26/08/2023,12:00 AM,77.55,94.55,0.55,29.76,Clear
26/08/2023,12:30 AM,77.55,94.55,0.55,29.75,Clear
26/08/2023,01:00 AM,77.18,95.09,0.55,29.75,Clear
26/08/2023,01:30 AM,76.82,95.09,0.55,29.74,Clear
26/08/2023,02:00 AM,76.45,95.09,0.55,29.73,Clear
26/08/2023,02:30 AM,76.27,94.55,0.55,29.73,Clear
26/08/2023,03:00 AM,76.09,94.55,0.73,29.72,Clear
26/08/2023,03:30 AM,75.91,94.55,0.73,29.72,Clear
26/08/2023,04:00 AM,75.73,94.55,0.73,29.72,Clear
26/08/2023,04:30 AM,75.73,94.55,0.73,29.72,Clear
26/08/2023,05:00 AM,75.73,94.55,1.00,29.72,Clear
26/08/2023,05:30 AM,75.91,94.09,1.09,29.72,Clear
26/08/2023,06:00 AM,76.36,93.18,1.09,29.73,Clear
26/08/2023,06:30 AM,77.18,91.27,0.91,29.73,Clear
26/08/2023,07:00 AM,78.18,89.45,1.18,29.74,Clear
26/08/2023,07:30 AM,79.36,86.91,1.64,29.74,Clear
26/08/2023,08:00 AM,80.73,84.36,2.18,29.75,Clear
26/08/2023,08:30 AM,82.09,81.18,2.45,29.75,Clear
26/08/2023,09:00 AM,83.27,78.27,3.82,29.75,Clear
26/08/2023,09:30 AM,84.73,74.73,5.00,29.75,Clear
26/08/2023,10:00 AM,85.55,72.55,6.18,29.75,Clear
26/08/2023,10:30 AM,86.18,70.36,7.45,29.75,Clear
26/08/2023,11:00 AM,87.00,67.91,8.55,29.74,Rain
26/08/2023,11:30 AM,87.55,65.91,9.64,29.74,Clear
26/08/2023,12:00 PM,87.91,64.00,11.00,29.73,Clear
26/08/2023,12:30 PM,88.09,62.55,12.00,29.73,Clear
26/08/2023,01:00 PM,88.09,61.82,12.64,29.72,Clear
26/08/2023,01:30 PM,87.73,61.45,13.27,29.71,Clear
26/08/2023,02:00 PM,87.36,62.09,13.91,29.71,Clear
26/08/2023,02:30 PM,87.18,62.09,13.36,29.70,Clear
26/08/2023,03:00 PM,86.55,63.09,13.09,29.69,Clear
26/08/2023,03:30 PM,86.18,63.09,12.55,29.69,Clear
26/08/2023,04:00 PM,86.00,63.09,11.55,29.69,Clear
26/08/2023,04:30 PM,85.45,64.18,11.09,29.69,Clear
26/08/2023,05:00 PM,84.82,65.73,10.45,29.69,Clear
26/08/2023,05:30 PM,84.18,67.64,9.64,29.69,Clear
26/08/2023,06:00 PM,83.36,69.91,8.82,29.70,Clear
26/08/2023,06:30 PM,82.55,72.18,8.18,29.70,Clear
26/08/2023,07:00 PM,81.91,74.09,7.45,29.71,Clear
26/08/2023,07:30 PM,81.27,75.64,6.82,29.72,Clear
26/08/2023,08:00 PM,80.64,77.55,6.64,29.73,Clear
26/08/2023,08:30 PM,80.18,79.09,6.27,29.74,Clear
26/08/2023,09:00 PM,79.91,80.82,5.91,29.75,Clear
26/08/2023,09:30 PM,79.45,83.00,5.82,29.75,Clear
26/08/2023,10:00 PM,79.00,84.82,5.18,29.75,Clear
26/08/2023,10:30 PM,78.64,85.73,4.55,29.75,Clear
26/08/2023,11:00 PM,78.27,87.09,4.00,29.75,Clear
26/08/2023,11:30 PM,78.09,88.09,3.55,29.75,Clear
27/08/2023,12:00 AM,77.91,88.64,3.09,29.75,Clear
27/08/2023,12:30 AM,77.73,89.18,2.82,29.74,Clear
27/08/2023,01:00 AM,77.36,90.18,2.55,29.74,Clear
27/08/2023,01:30 AM,77.00,91.18,2.09,29.73,Clear
27/08/2023,02:00 AM,76.64,92.18,1.73,29.72,Clear
27/08/2023,02:30 AM,76.45,92.18,1.91,29.71,Clear
27/08/2023,03:00 AM,76.27,92.18,1.64,29.71,Clear
27/08/2023,03:30 AM,76.27,91.73,1.64,29.71,Clear
27/08/2023,04:00 AM,76.09,92.18,1.64,29.71,Clear
27/08/2023,04:30 AM,76.09,91.73,1.64,29.71,Clear
27/08/2023,05:00 AM,76.27,91.27,1.73,29.71,Clear
27/08/2023,05:30 AM,76.64,90.82,1.91,29.72,Clear
27/08/2023,06:00 AM,77.09,90.36,2.18,29.72,Clear
27/08/2023,06:30 AM,78.09,88.55,2.55,29.73,Clear
27/08/2023,07:00 AM,79.09,86.36,2.64,29.74,Clear
27/08/2023,07:30 AM,80.27,83.82,2.64,29.74,Clear
27/08/2023,08:00 AM,81.27,81.36,2.45,29.74,Clear
27/08/2023,08:30 AM,82.45,78.45,2.55,29.74,Clear
27/08/2023,09:00 AM,83.64,75.73,2.82,29.74,Clear
27/08/2023,09:30 AM,85.09,72.55,3.27,29.74,Clear
27/08/2023,10:00 AM,86.55,69.18,3.73,29.74,Clear
27/08/2023,10:30 AM,87.64,66.09,4.18,29.73,Clear
27/08/2023,11:00 AM,88.55,63.82,4.64,29.72,Clear
27/08/2023,11:30 AM,89.55,61.27,5.27,29.71,Clear
27/08/2023,12:00 PM,90.18,59.64,5.91,29.70,Clear
27/08/2023,12:30 PM,90.36,58.91,6.18,29.69,Clear
27/08/2023,01:00 PM,90.36,58.55,6.55,29.68,Clear
27/08/2023,01:30 PM,90.00,59.64,6.55,29.67,Clear
27/08/2023,02:00 PM,90.00,60.00,7.09,29.66,Rain
27/08/2023,02:30 PM,89.82,60.64,7.36,29.65,Rain
27/08/2023,03:00 PM,89.36,61.64,7.82,29.64,Rain
27/08/2023,03:30 PM,88.73,62.91,8.09,29.63,Rain
27/08/2023,04:00 PM,88.27,63.91,8.09,29.63,Clear
27/08/2023,04:30 PM,87.64,64.91,8.09,29.62,Clear
27/08/2023,05:00 PM,86.64,66.55,7.55,29.62,Clear
27/08/2023,05:30 PM,85.64,68.18,6.91,29.63,Clear
27/08/2023,06:00 PM,85.09,69.27,6.82,29.63,Clear
27/08/2023,06:30 PM,84.45,70.82,6.73,29.64,Clear
27/08/2023,07:00 PM,84.18,71.27,7.00,29.65,Clear
27/08/2023,07:30 PM,83.55,72.91,6.45,29.66,Clear
27/08/2023,08:00 PM,82.91,74.55,5.91,29.67,Clear
27/08/2023,08:30 PM,82.45,75.82,5.18,29.68,Clear
27/08/2023,09:00 PM,81.82,77.91,4.64,29.69,Clear
27/08/2023,09:30 PM,81.18,80.00,4.09,29.69,Clear
27/08/2023,10:00 PM,80.73,81.73,3.45,29.70,Clear
27/08/2023,10:30 PM,80.45,83.09,2.91,29.70,Clear
27/08/2023,11:00 PM,80.18,84.45,2.36,29.71,Clear
27/08/2023,11:30 PM,79.73,86.27,1.91,29.71,Clear
28/08/2023,12:00 AM,79.36,87.64,1.45,29.70,Clear
28/08/2023,12:30 AM,79.00,89.00,0.91,29.70,Clear
28/08/2023,01:00 AM,78.64,89.91,0.64,29.69,Clear
28/08/2023,01:30 AM,78.27,90.82,0.36,29.69,Clear
28/08/2023,02:00 AM,77.91,91.73,0.18,29.68,Clear
28/08/2023,02:30 AM,77.73,92.18,0.18,29.68,Clear
28/08/2023,03:00 AM,77.55,92.64,0.36,29.68,Clear
28/08/2023,03:30 AM,77.36,93.09,0.36,29.67,Clear
28/08/2023,04:00 AM,77.18,93.55,0.55,29.67,Clear
28/08/2023,04:30 AM,77.00,94.00,0.55,29.67,Clear
28/08/2023,05:00 AM,77.36,93.09,0.55,29.67,Clear
28/08/2023,05:30 AM,77.82,91.73,0.73,29.68,Clear
28/08/2023,06:00 AM,78.45,89.91,1.18,29.68,Clear
28/08/2023,06:30 AM,79.27,87.36,1.45,29.68,Clear
28/08/2023,07:00 AM,80.09,85.18,1.64,29.68,Clear
28/08/2023,07:30 AM,81.09,82.64,2.18,29.69,Clear
28/08/2023,08:00 AM,82.27,79.45,2.73,29.69,Clear
28/08/2023,08:30 AM,83.45,76.55,3.36,29.70,Clear
28/08/2023,09:00 AM,84.73,73.00,4.27,29.70,Clear
28/08/2023,09:30 AM,86.18,68.91,5.00,29.70,Clear
28/08/2023,10:00 AM,87.64,65.09,5.91,29.70,Clear
28/08/2023,10:30 AM,88.73,62.18,6.73,29.69,Clear
28/08/2023,11:00 AM,89.73,59.45,7.82,29.69,Clear
28/08/2023,11:30 AM,90.55,57.45,8.45,29.68,Clear
28/08/2023,12:00 PM,91.18,56.18,9.55,29.67,Clear
28/08/2023,12:30 PM,91.82,54.27,10.73,29.66,Clear
28/08/2023,01:00 PM,92.27,53.00,11.36,29.65,Clear
28/08/2023,01:30 PM,92.36,52.64,11.55,29.64,Clear
28/08/2023,02:00 PM,92.45,52.00,11.82,29.63,Clear
28/08/2023,02:30 PM,92.45,52.36,12.00,29.62,Clear
28/08/2023,03:00 PM,92.00,53.55,12.27,29.62,Clear
28/08/2023,03:30 PM,91.36,54.45,12.45,29.62,Clear
28/08/2023,04:00 PM,90.73,55.73,12.45,29.62,Clear
28/08/2023,04:30 PM,89.91,57.64,11.82,29.62,Clear
28/08/2023,05:00 PM,89.09,59.64,11.36,29.62,Clear
28/08/2023,05:30 PM,88.09,62.09,10.55,29.63,Clear
28/08/2023,06:00 PM,87.09,64.82,9.64,29.63,Clear
28/08/2023,06:30 PM,86.00,67.73,9.18,29.64,Clear
28/08/2023,07:00 PM,84.91,70.82,8.55,29.65,Clear
28/08/2023,07:30 PM,83.82,73.36,7.73,29.66,Clear
28/08/2023,08:00 PM,82.73,75.55,6.91,29.68,Clear
28/08/2023,08:30 PM,81.91,77.45,5.73,29.69,Clear
28/08/2023,09:00 PM,81.27,79.36,4.91,29.69,Clear
28/08/2023,09:30 PM,80.45,81.45,4.27,29.70,Clear
28/08/2023,10:00 PM,79.82,83.64,3.82,29.70,Clear
28/08/2023,10:30 PM,79.18,85.45,3.18,29.71,Clear
28/08/2023,11:00 PM,78.73,86.82,2.82,29.71,Clear
28/08/2023,11:30 PM,78.27,88.18,2.55,29.70,Clear
29/08/2023,12:00 AM,77.91,89.09,2.09,29.70,Clear
29/08/2023,12:30 AM,77.80,89.10,2.00,29.70,Clear
29/08/2023,01:00 AM,77.67,89.78,1.89,29.70,Clear
29/08/2023,01:30 AM,77.44,91.00,1.78,29.69,Clear
29/08/2023,02:00 AM,77.22,92.22,2.00,29.68,Clear
29/08/2023,02:30 AM,77.00,93.44,1.89,29.67,Clear
29/08/2023,03:00 AM,77.00,94.00,1.67,29.66,Clear
29/08/2023,03:30 AM,77.00,94.00,1.67,29.66,Clear
29/08/2023,04:00 AM,77.00,94.00,1.67,29.65,Clear
29/08/2023,04:30 AM,77.00,94.67,1.44,29.65,Clear
29/08/2023,05:00 AM,77.44,94.11,1.44,29.65,Clear
29/08/2023,05:30 AM,77.67,94.11,1.78,29.65,Clear
29/08/2023,06:00 AM,78.00,92.60,2.40,29.66,Clear
29/08/2023,06:30 AM,78.55,90.91,2.73,29.66,Clear
29/08/2023,07:00 AM,79.36,88.73,3.18,29.67,Clear
29/08/2023,07:30 AM,80.36,86.18,3.64,29.67,Clear
29/08/2023,08:00 AM,81.36,83.27,4.55,29.68,Clear
29/08/2023,08:30 AM,82.55,80.09,5.64,29.68,Clear
29/08/2023,09:00 AM,83.82,76.55,6.36,29.69,Clear
29/08/2023,09:30 AM,85.00,73.36,7.27,29.69,Clear
29/08/2023,10:00 AM,86.27,69.64,8.55,29.69,Clear
29/08/2023,10:30 AM,87.18,66.91,9.27,29.68,Clear
29/08/2023,11:00 AM,88.27,63.36,9.91,29.68,Clear
29/08/2023,11:30 AM,89.18,61.18,10.09,29.67,Clear
29/08/2023,12:00 PM,89.82,59.45,10.45,29.66,Clear
29/08/2023,12:30 PM,90.18,58.73,10.73,29.65,Clear
29/08/2023,01:00 PM,90.18,58.00,11.45,29.64,Clear
29/08/2023,01:30 PM,90.00,58.73,11.27,29.63,Clear
29/08/2023,02:00 PM,89.64,59.73,11.00,29.62,Clear
29/08/2023,02:30 PM,89.36,60.73,10.82,29.61,Clear
29/08/2023,03:00 PM,88.36,62.45,12.45,29.61,Rain
29/08/2023,03:30 PM,87.09,64.64,11.64,29.61,Rain
29/08/2023,04:00 PM,85.82,67.36,11.00,29.61,Clear
29/08/2023,04:30 PM,84.55,70.91,10.09,29.61,Clear
29/08/2023,05:00 PM,83.27,74.45,9.18,29.61,Clear
29/08/2023,05:30 PM,82.18,77.55,8.27,29.62,Rain
29/08/2023,06:00 PM,81.18,79.45,7.64,29.62,Clear
29/08/2023,06:30 PM,80.36,82.27,6.73,29.63,Clear
29/08/2023,07:00 PM,79.73,84.00,6.09,29.65,Clear
29/08/2023,07:30 PM,79.09,85.73,5.73,29.66,Clear
29/08/2023,08:00 PM,78.27,87.82,5.27,29.67,Clear
29/08/2023,08:30 PM,78.27,89.27,2.91,29.68,Clear
29/08/2023,09:00 PM,78.45,89.82,2.73,29.68,Clear
29/08/2023,09:30 PM,78.64,89.82,3.00,29.69,Clear
29/08/2023,10:00 PM,78.82,89.82,3.00,29.69,Clear
29/08/2023,10:30 PM,79.00,89.82,3.27,29.70,Clear
29/08/2023,11:00 PM,79.00,90.27,3.73,29.70,Clear
29/08/2023,11:30 PM,79.00,90.82,4.00,29.70,Clear
30/08/2023,12:00 AM,79.00,91.27,3.82,29.70,Clear
30/08/2023,12:30 AM,79.00,91.27,4.00,29.69,Clear
30/08/2023,01:00 AM,79.00,91.73,3.73,29.69,Clear
30/08/2023,01:30 AM,79.00,91.73,3.73,29.68,Clear
30/08/2023,02:00 AM,78.82,91.73,3.82,29.68,Clear
30/08/2023,02:30 AM,78.64,92.18,4.00,29.68,Clear
30/08/2023,03:00 AM,78.45,92.64,3.91,29.68,Clear
30/08/2023,03:30 AM,78.27,92.64,4.18,29.68,Clear
30/08/2023,04:00 AM,78.09,92.64,4.45,29.68,Clear
30/08/2023,04:30 AM,78.09,92.18,4.45,29.68,Clear
30/08/2023,05:00 AM,78.09,92.64,4.45,29.68,Clear
30/08/2023,05:30 AM,78.27,92.18,4.73,29.69,Clear
30/08/2023,06:00 AM,78.55,91.73,4.82,29.69,Clear
30/08/2023,06:30 AM,79.00,90.36,5.27,29.69,Clear
30/08/2023,07:00 AM,79.64,89.00,5.55,29.69,Clear
30/08/2023,07:30 AM,80.45,87.18,5.91,29.70,Clear
30/08/2023,08:00 AM,81.64,84.27,6.36,29.70,Clear
30/08/2023,08:30 AM,82.91,81.09,7.09,29.70,Clear
30/08/2023,09:00 AM,84.18,77.91,7.36,29.70,Clear
30/08/2023,09:30 AM,85.64,74.45,8.18,29.69,Clear
30/08/2023,10:00 AM,86.91,71.45,8.82,29.69,Clear
30/08/2023,10:30 AM,88.18,68.00,9.73,29.69,Clear
30/08/2023,11:00 AM,89.09,65.27,10.64,29.68,Clear
30/08/2023,11:30 AM,89.82,63.27,11.00,29.68,Clear
30/08/2023,12:00 PM,90.36,61.45,11.09,29.67,Clear
30/08/2023,12:30 PM,90.55,60.73,11.18,29.66,Clear
30/08/2023,01:00 PM,90.36,60.73,11.09,29.66,Rain
30/08/2023,01:30 PM,89.64,62.27,10.73,29.65,Rain
30/08/2023,02:00 PM,88.82,64.09,10.18,29.65,Clear
30/08/2023,02:30 PM,88.00,66.36,9.82,29.65,Rain
30/08/2023,03:00 PM,87.18,68.00,9.27,29.64,Clear
30/08/2023,03:30 PM,86.36,69.64,8.73,29.64,Clear
30/08/2023,04:00 PM,85.55,71.27,8.00,29.64,Clear
30/08/2023,04:30 PM,84.91,72.64,7.09,29.64,Clear
30/08/2023,05:00 PM,84.18,74.18,6.82,29.64,Clear
30/08/2023,05:30 PM,83.45,76.00,6.82,29.65,Clear
30/08/2023,06:00 PM,82.91,76.73,6.64,29.65,Clear
30/08/2023,06:30 PM,82.64,77.18,6.36,29.66,Clear
30/08/2023,07:00 PM,82.36,78.09,6.09,29.66,Clear
30/08/2023,07:30 PM,82.09,79.00,5.73,29.67,Clear
30/08/2023,08:00 PM,81.82,79.45,5.55,29.68,Clear
30/08/2023,08:30 PM,81.36,80.82,4.91,29.69,Clear
30/08/2023,09:00 PM,80.91,82.18,4.55,29.69,Clear
30/08/2023,09:30 PM,80.45,83.55,4.09,29.70,Clear
30/08/2023,10:00 PM,80.00,84.91,4.09,29.71,Clear
30/08/2023,10:30 PM,79.73,85.82,3.73,29.71,Clear
30/08/2023,11:00 PM,79.45,86.73,3.45,29.71,Clear
30/08/2023,11:30 PM,79.18,88.09,3.27,29.71,Clear
31/08/2023,12:00 AM,79.00,89.00,3.27,29.71,Clear
31/08/2023,12:30 AM,79.00,89.00,3.45,29.71,Clear
31/08/2023,01:00 AM,78.82,89.45,3.64,29.70,Clear
31/08/2023,01:30 AM,78.82,89.45,3.55,29.69,Clear
31/08/2023,02:00 AM,78.82,89.45,3.55,29.69,Clear
31/08/2023,02:30 AM,78.64,89.91,3.55,29.68,Clear
31/08/2023,03:00 AM,78.45,90.36,3.45,29.68,Clear
31/08/2023,03:30 AM,78.27,90.82,3.18,29.68,Clear
31/08/2023,04:00 AM,78.09,91.27,3.09,29.68,Clear
31/08/2023,04:30 AM,77.91,91.73,2.82,29.68,Clear
31/08/2023,05:00 AM,77.91,91.73,3.00,29.68,Clear
31/08/2023,05:30 AM,78.18,91.27,3.18,29.69,Clear
31/08/2023,06:00 AM,78.45,90.82,3.36,29.69,Clear
31/08/2023,06:30 AM,78.91,89.45,3.55,29.70,Rain
31/08/2023,07:00 AM,79.36,88.09,4.09,29.71,Clear
31/08/2023,07:30 AM,80.18,85.64,4.82,29.72,Clear
31/08/2023,08:00 AM,81.18,82.73,5.73,29.73,Clear
31/08/2023,08:30 AM,82.18,79.82,6.64,29.73,Clear
31/08/2023,09:00 AM,83.45,76.27,8.00,29.74,Clear
31/08/2023,09:30 AM,84.73,73.09,9.09,29.74,Clear
31/08/2023,10:00 AM,85.91,69.91,10.45,29.74,Clear
31/08/2023,10:30 AM,86.91,67.18,11.55,29.74,Clear
31/08/2023,11:00 AM,87.64,65.18,12.36,29.73,Clear
31/08/2023,11:30 AM,88.45,62.55,13.36,29.72,Clear
31/08/2023,12:00 PM,89.27,60.36,13.91,29.71,Clear
31/08/2023,12:30 PM,89.91,59.00,14.27,29.70,Clear
31/08/2023,01:00 PM,90.09,58.73,14.45,29.69,Clear
31/08/2023,01:30 PM,90.09,59.45,14.27,29.68,Clear
31/08/2023,02:00 PM,90.27,59.45,14.36,29.67,Clear
31/08/2023,02:30 PM,90.18,59.82,13.91,29.66,Clear
31/08/2023,03:00 PM,89.91,60.09,13.55,29.65,Rain
31/08/2023,03:30 PM,89.73,60.73,12.73,29.65,Rain
31/08/2023,04:00 PM,89.36,61.36,12.36,29.64,Rain
31/08/2023,04:30 PM,88.82,62.09,12.00,29.64,Rain
31/08/2023,05:00 PM,88.00,64.27,10.82,29.65,Clear
31/08/2023,05:30 PM,87.18,66.45,10.09,29.65,Clear
31/08/2023,06:00 PM,86.27,68.73,9.45,29.66,Clear
31/08/2023,06:30 PM,85.45,71.00,8.55,29.67,Clear
31/08/2023,07:00 PM,84.82,72.73,7.82,29.68,Clear
31/08/2023,07:30 PM,84.00,74.73,7.55,29.69,Clear
31/08/2023,08:00 PM,83.00,77.91,6.36,29.71,Clear
31/08/2023,08:30 PM,82.18,80.36,6.00,29.72,Clear
31/08/2023,09:00 PM,81.36,82.45,5.55,29.73,Clear
31/08/2023,09:30 PM,80.73,84.55,5.00,29.73,Rain
31/08/2023,10:00 PM,80.27,86.27,4.73,29.74,Clear
31/08/2023,10:30 PM,80.00,87.18,4.45,29.74,Clear
31/08/2023,11:00 PM,79.73,88.09,4.27,29.74,Clear
31/08/2023,11:30 PM,79.55,88.55,4.27,29.74,Clear
01/09/2023,12:00 AM,79.36,89.00,4.64,29.74,Clear
01/09/2023,12:30 AM,79.18,89.00,4.73,29.73,Clear
01/09/2023,01:00 AM,79.00,89.45,4.09,29.73,Clear
01/09/2023,01:30 AM,78.82,89.45,4.64,29.72,Clear
01/09/2023,02:00 AM,78.64,89.91,4.64,29.72,Clear
01/09/2023,02:30 AM,78.45,90.36,4.55,29.71,Clear
01/09/2023,03:00 AM,78.27,90.82,4.09,29.71,Clear
01/09/2023,03:30 AM,78.09,91.27,3.91,29.70,Clear
01/09/2023,04:00 AM,77.91,91.73,3.91,29.70,Clear
01/09/2023,04:30 AM,77.73,92.18,3.64,29.70,Clear
01/09/2023,05:00 AM,77.55,92.64,3.36,29.70,Clear
01/09/2023,05:30 AM,77.55,92.64,3.00,29.71,Clear
01/09/2023,06:00 AM,77.55,92.64,2.91,29.71,Clear
01/09/2023,06:30 AM,77.73,92.64,3.27,29.72,Clear
01/09/2023,07:00 AM,78.09,92.18,3.27,29.72,Clear
01/09/2023,07:30 AM,78.55,91.27,3.36,29.73,Clear
01/09/2023,08:00 AM,79.18,89.91,3.82,29.74,Clear
01/09/2023,08:30 AM,79.82,88.55,4.27,29.74,Clear
01/09/2023,09:00 AM,80.64,86.36,4.64,29.75,Rain
01/09/2023,09:30 AM,81.64,83.82,5.09,29.75,Clear
01/09/2023,10:00 AM,82.45,81.64,6.18,29.75,Clear
01/09/2023,10:30 AM,83.09,79.82,6.91,29.75,Clear
01/09/2023,11:00 AM,83.27,79.36,8.18,29.74,Clear
01/09/2023,11:30 AM,83.27,79.82,8.55,29.73,Rain
01/09/2023,12:00 PM,83.27,79.82,8.64,29.72,Rain
01/09/2023,12:30 PM,83.36,79.36,8.73,29.72,Rain
01/09/2023,01:00 PM,83.36,78.91,8.91,29.71,Rain
01/09/2023,01:30 PM,83.18,78.91,9.00,29.70,Rain
01/09/2023,02:00 PM,83.18,78.45,9.00,29.69,Rain
01/09/2023,02:30 PM,83.00,79.27,8.64,29.68,Rain
01/09/2023,03:00 PM,82.45,80.45,8.45,29.68,Clear
01/09/2023,03:30 PM,82.09,81.27,7.82,29.67,Clear
01/09/2023,04:00 PM,81.91,81.73,7.45,29.67,Clear
01/09/2023,04:30 PM,81.91,81.73,6.45,29.66,Clear
01/09/2023,05:00 PM,82.09,80.82,5.91,29.67,Clear
01/09/2023,05:30 PM,81.91,80.82,5.64,29.67,Clear
01/09/2023,06:00 PM,81.64,81.27,5.27,29.68,Rain
01/09/2023,06:30 PM,81.36,82.18,5.09,29.68,Clear
01/09/2023,07:00 PM,80.91,83.55,5.45,29.69,Clear
01/09/2023,07:30 PM,80.09,85.91,5.09,29.71,Rain
01/09/2023,08:00 PM,79.27,87.82,4.82,29.72,Clear
01/09/2023,08:30 PM,78.64,89.18,4.55,29.73,Clear
01/09/2023,09:00 PM,78.00,90.55,5.27,29.74,Rain
01/09/2023,09:30 PM,77.36,92.45,5.00,29.75,Rain
01/09/2023,10:00 PM,76.82,93.91,4.82,29.75,Rain
01/09/2023,10:30 PM,76.27,94.82,5.27,29.76,Rain
01/09/2023,11:00 PM,75.91,95.27,5.27,29.76,Rain
01/09/2023,11:30 PM,75.55,95.73,5.18,29.75,Rain
02/09/2023,12:00 AM,75.18,96.18,4.73,29.75,Rain
02/09/2023,12:30 AM,75.18,95.73,3.91,29.75,Rain
02/09/2023,01:00 AM,75.36,94.73,3.91,29.74,Rain
02/09/2023,01:30 AM,75.55,93.73,4.36,29.73,Clear
02/09/2023,02:00 AM,75.73,93.27,4.82,29.72,Clear
02/09/2023,02:30 AM,75.91,92.82,4.36,29.71,Clear
02/09/2023,03:00 AM,75.91,92.27,4.64,29.71,Rain
02/09/2023,03:30 AM,75.91,91.73,4.64,29.70,Rain
02/09/2023,04:00 AM,75.91,91.73,4.45,29.70,Clear
02/09/2023,04:30 AM,76.09,91.73,4.27,29.69,Clear
02/09/2023,05:00 AM,76.27,91.73,4.64,29.69,Rain
02/09/2023,05:30 AM,76.45,91.73,5.00,29.69,Rain
02/09/2023,06:00 AM,76.45,92.18,5.27,29.69,Rain
02/09/2023,06:30 AM,76.82,91.73,5.18,29.69,Clear
02/09/2023,07:00 AM,77.18,91.73,4.73,29.69,Clear
02/09/2023,07:30 AM,77.64,91.27,4.36,29.70,Clear
02/09/2023,08:00 AM,78.27,89.91,4.18,29.70,Clear
02/09/2023,08:30 AM,79.27,87.73,4.45,29.70,Clear
02/09/2023,09:00 AM,80.27,85.55,5.00,29.70,Clear
02/09/2023,09:30 AM,81.27,83.36,5.55,29.70,Clear
02/09/2023,10:00 AM,82.27,80.82,6.36,29.70,Clear
02/09/2023,10:30 AM,83.27,77.91,7.00,29.69,Clear
02/09/2023,11:00 AM,84.27,75.36,7.64,29.69,Clear
02/09/2023,11:30 AM,85.45,72.45,8.27,29.68,Clear
02/09/2023,12:00 PM,86.09,71.18,8.73,29.68,Clear
02/09/2023,12:30 PM,86.73,69.09,9.45,29.67,Clear
02/09/2023,01:00 PM,87.09,68.18,10.27,29.66,Clear
02/09/2023,01:30 PM,87.27,67.82,10.36,29.65,Clear
02/09/2023,02:00 PM,87.09,68.64,10.18,29.65,Clear
02/09/2023,02:30 PM,86.64,69.91,10.18,29.64,Clear
02/09/2023,03:00 PM,86.18,71.64,9.91,29.63,Clear
02/09/2023,03:30 PM,85.36,74.18,9.36,29.63,Rain
02/09/2023,04:00 PM,84.55,76.64,8.91,29.62,Clear
02/09/2023,04:30 PM,83.73,78.73,8.00,29.63,Rain
02/09/2023,05:00 PM,82.73,81.64,7.09,29.63,Rain
02/09/2023,05:30 PM,81.91,83.36,6.64,29.63,Rain
02/09/2023,06:00 PM,81.09,85.91,5.82,29.63,Rain
02/09/2023,06:30 PM,80.45,87.73,4.91,29.64,Rain
02/09/2023,07:00 PM,79.82,89.91,4.55,29.65,Rain
02/09/2023,07:30 PM,79.36,91.27,3.91,29.66,Rain
02/09/2023,08:00 PM,79.18,92.18,3.27,29.67,Rain
02/09/2023,08:30 PM,78.82,93.18,3.00,29.68,Rain
02/09/2023,09:00 PM,78.64,93.73,2.73,29.68,Clear
02/09/2023,09:30 PM,78.45,94.73,2.09,29.69,Clear
02/09/2023,10:00 PM,78.27,95.73,1.82,29.69,Rain
02/09/2023,10:30 PM,78.09,96.27,1.55,29.70,Rain
02/09/2023,11:00 PM,77.91,97.27,1.55,29.70,Rain
02/09/2023,11:30 PM,77.73,97.82,1.73,29.70,Clear
03/09/2023,12:00 AM,77.55,98.36,1.82,29.70,Clear
03/09/2023,12:30 AM,77.36,98.36,1.73,29.69,Clear
03/09/2023,01:00 AM,77.18,98.36,1.91,29.69,Clear
03/09/2023,01:30 AM,77.00,98.36,1.73,29.68,Clear
03/09/2023,02:00 AM,77.00,97.82,1.73,29.68,Clear
03/09/2023,02:30 AM,77.00,97.27,1.64,29.68,Clear
03/09/2023,03:00 AM,77.00,96.73,1.82,29.67,Rain
03/09/2023,03:30 AM,76.82,96.73,2.00,29.67,Rain
03/09/2023,04:00 AM,76.82,96.18,2.18,29.66,Rain
03/09/2023,04:30 AM,76.82,95.64,2.45,29.66,Rain
03/09/2023,05:00 AM,76.82,95.09,2.45,29.66,Rain
03/09/2023,05:30 AM,76.82,95.09,2.18,29.66,Clear
03/09/2023,06:00 AM,77.00,94.64,2.00,29.67,Clear
03/09/2023,06:30 AM,77.36,93.73,1.82,29.67,Clear
03/09/2023,07:00 AM,77.73,93.27,2.27,29.67,Clear
03/09/2023,07:30 AM,78.09,92.82,2.64,29.68,Clear
03/09/2023,08:00 AM,78.55,91.91,3.27,29.68,Clear
03/09/2023,08:30 AM,79.00,91.00,3.91,29.69,Clear
03/09/2023,09:00 AM,79.64,90.00,4.36,29.69,Clear
03/09/2023,09:30 AM,80.27,88.64,5.00,29.69,Clear
03/09/2023,10:00 AM,80.91,86.82,5.64,29.68,Clear
03/09/2023,10:30 AM,81.36,85.45,6.18,29.68,Clear
03/09/2023,11:00 AM,82.00,83.09,7.00,29.68,Clear
03/09/2023,11:30 AM,82.64,81.36,7.73,29.67,Rain
03/09/2023,12:00 PM,83.09,80.09,8.55,29.66,Rain
03/09/2023,12:30 PM,83.55,78.36,8.82,29.65,Clear
03/09/2023,01:00 PM,84.00,77.00,8.82,29.64,Clear
03/09/2023,01:30 PM,84.36,75.73,8.64,29.63,Clear
03/09/2023,02:00 PM,84.73,74.45,8.27,29.62,Clear
03/09/2023,02:30 PM,84.91,73.09,8.18,29.61,Clear
03/09/2023,03:00 PM,85.09,72.64,7.82,29.60,Clear
03/09/2023,03:30 PM,85.09,72.64,7.27,29.60,Clear
03/09/2023,04:00 PM,85.27,72.18,7.09,29.59,Clear
03/09/2023,04:30 PM,85.27,72.18,6.82,29.59,Clear
03/09/2023,05:00 PM,84.91,73.00,6.09,29.59,Clear
03/09/2023,05:30 PM,84.55,73.82,5.73,29.59,Clear
03/09/2023,06:00 PM,84.18,74.64,5.55,29.59,Clear
03/09/2023,06:30 PM,83.73,75.55,5.45,29.60,Clear
03/09/2023,07:00 PM,83.27,76.82,5.27,29.60,Clear
03/09/2023,07:30 PM,82.82,78.09,5.00,29.61,Clear
03/09/2023,08:00 PM,82.55,79.00,4.91,29.62,Clear
03/09/2023,08:30 PM,82.09,79.91,4.45,29.63,Clear
03/09/2023,09:00 PM,81.82,81.27,3.91,29.63,Clear
03/09/2023,09:30 PM,81.36,83.09,3.45,29.64,Clear
03/09/2023,10:00 PM,80.91,84.91,2.91,29.65,Clear
03/09/2023,10:30 PM,80.64,85.82,2.91,29.65,Clear
03/09/2023,11:00 PM,80.36,87.18,2.45,29.65,Clear
03/09/2023,11:30 PM,80.09,88.09,2.18,29.65,Clear
04/09/2023,12:00 AM,79.91,89.00,1.82,29.65,Clear
04/09/2023,12:30 AM,79.55,90.45,1.36,29.65,Clear
04/09/2023,01:00 AM,79.36,91.36,1.27,29.64,Clear
04/09/2023,01:30 AM,79.00,92.82,1.00,29.64,Clear
04/09/2023,02:00 AM,78.64,94.27,1.27,29.63,Clear
04/09/2023,02:30 AM,78.27,95.27,1.27,29.63,Clear
04/09/2023,03:00 AM,78.09,95.82,1.36,29.62,Rain
04/09/2023,03:30 AM,77.91,96.36,1.82,29.62,Clear
04/09/2023,04:00 AM,77.73,97.36,2.00,29.62,Clear
04/09/2023,04:30 AM,77.55,97.91,2.18,29.61,Clear
04/09/2023,05:00 AM,77.55,98.36,2.18,29.61,Clear
04/09/2023,05:30 AM,77.55,98.36,2.27,29.62,Clear
04/09/2023,06:00 AM,77.91,97.36,2.55,29.62,Clear
04/09/2023,06:30 AM,78.18,96.45,2.64,29.63,Clear
04/09/2023,07:00 AM,78.82,94.55,3.00,29.63,Clear
04/09/2023,07:30 AM,79.64,92.18,3.27,29.64,Clear
04/09/2023,08:00 AM,80.45,89.82,3.91,29.64,Clear
04/09/2023,08:30 AM,81.27,87.45,4.36,29.65,Clear
04/09/2023,09:00 AM,82.09,85.09,4.73,29.65,Clear
04/09/2023,09:30 AM,82.91,82.00,5.27,29.66,Clear
04/09/2023,10:00 AM,83.73,79.27,5.73,29.66,Clear
04/09/2023,10:30 AM,84.55,76.73,6.36,29.66,Clear
04/09/2023,11:00 AM,85.36,74.18,6.91,29.66,Clear
04/09/2023,11:30 AM,84.82,74.64,7.91,29.65,Clear
04/09/2023,12:00 PM,84.18,75.55,8.18,29.65,Rain
04/09/2023,12:30 PM,83.36,76.91,7.91,29.65,Rain
04/09/2023,01:00 PM,82.55,78.73,7.55,29.65,Clear
04/09/2023,01:30 PM,81.55,81.09,7.18,29.64,Rain
04/09/2023,02:00 PM,80.55,83.45,6.91,29.63,Rain
04/09/2023,02:30 PM,79.73,85.27,6.36,29.63,Rain
04/09/2023,03:00 PM,78.91,87.82,5.91,29.63,Rain
04/09/2023,03:30 PM,78.09,90.00,5.45,29.62,Rain
04/09/2023,04:00 PM,77.09,92.55,4.82,29.62,Rain
04/09/2023,04:30 PM,76.09,95.09,4.45,29.62,Rain
04/09/2023,05:00 PM,76.27,95.09,3.64,29.62,Rain
04/09/2023,05:30 PM,76.27,95.64,3.36,29.62,Rain
04/09/2023,06:00 PM,76.45,95.18,3.73,29.62,Clear
04/09/2023,06:30 PM,76.45,94.73,4.09,29.62,Clear
04/09/2023,07:00 PM,76.45,94.18,4.36,29.63,Rain
04/09/2023,07:30 PM,76.64,93.18,4.45,29.63,Clear
04/09/2023,08:00 PM,76.64,92.73,4.36,29.64,Clear
04/09/2023,08:30 PM,76.64,92.27,4.55,29.65,Clear
04/09/2023,09:00 PM,76.64,92.27,4.64,29.66,Clear
04/09/2023,09:30 PM,76.64,92.27,4.55,29.66,Clear
04/09/2023,10:00 PM,76.64,92.27,4.27,29.67,Clear
04/09/2023,10:30 PM,76.64,92.27,4.00,29.67,Clear
04/09/2023,11:00 PM,76.82,91.73,3.91,29.68,Clear
04/09/2023,11:30 PM,76.82,92.18,3.55,29.68,Clear
05/09/2023,12:00 AM,76.82,92.64,3.27,29.68,Clear
05/09/2023,12:30 AM,76.82,93.18,3.00,29.68,Clear
05/09/2023,01:00 AM,76.64,94.18,2.73,29.68,Clear
05/09/2023,01:30 AM,76.45,95.18,2.82,29.67,Clear
05/09/2023,02:00 AM,76.27,96.18,2.64,29.66,Clear
05/09/2023,02:30 AM,76.27,96.18,2.36,29.66,Clear
05/09/2023,03:00 AM,76.27,96.18,2.18,29.66,Clear
05/09/2023,03:30 AM,76.09,96.73,2.00,29.66,Clear
05/09/2023,04:00 AM,75.91,97.27,1.82,29.66,Clear
05/09/2023,04:30 AM,75.91,97.27,1.82,29.66,Clear
05/09/2023,05:00 AM,75.91,97.27,1.73,29.66,Clear
05/09/2023,05:30 AM,76.09,96.82,1.64,29.67,Clear
05/09/2023,06:00 AM,76.45,95.82,1.36,29.68,Clear
05/09/2023,06:30 AM,76.82,94.82,1.36,29.69,Clear
05/09/2023,07:00 AM,77.36,93.82,1.55,29.69,Clear
05/09/2023,07:30 AM,78.00,91.91,1.73,29.70,Clear
05/09/2023,08:00 AM,78.45,90.55,2.36,29.71,Clear
05/09/2023,08:30 AM,78.91,89.18,2.82,29.71,Clear
05/09/2023,09:00 AM,79.73,86.82,3.09,29.72,Rain
05/09/2023,09:30 AM,80.73,84.09,3.55,29.72,Clear
05/09/2023,10:00 AM,81.55,81.55,4.45,29.72,Rain
05/09/2023,10:30 AM,82.55,78.64,5.00,29.72,Rain
05/09/2023,11:00 AM,83.00,77.27,5.73,29.72,Rain
05/09/2023,11:30 AM,83.00,77.27,6.91,29.72,Clear
05/09/2023,12:00 PM,83.00,77.73,7.36,29.71,Clear
05/09/2023,12:30 PM,82.82,77.73,7.45,29.71,Clear
05/09/2023,01:00 PM,82.55,78.64,7.55,29.71,Clear
05/09/2023,01:30 PM,82.27,79.55,7.45,29.71,Rain
05/09/2023,02:00 PM,82.00,80.45,7.45,29.70,Rain
05/09/2023,02:30 PM,81.55,81.27,7.73,29.69,Rain
05/09/2023,03:00 PM,80.91,82.45,7.55,29.69,Rain
05/09/2023,03:30 PM,80.27,84.00,6.45,29.69,Rain
05/09/2023,04:00 PM,79.27,86.45,5.73,29.69,Clear
05/09/2023,04:30 PM,78.64,87.82,5.09,29.68,Clear
05/09/2023,05:00 PM,78.45,87.82,3.91,29.68,Clear
05/09/2023,05:30 PM,78.27,86.82,3.64,29.68,Clear
05/09/2023,06:00 PM,78.09,86.27,3.55,29.68,Clear
05/09/2023,06:30 PM,77.91,85.73,3.55,29.69,Clear
05/09/2023,07:00 PM,77.73,85.18,3.55,29.69,Clear
05/09/2023,07:30 PM,77.55,84.64,3.55,29.69,Clear
05/09/2023,08:00 PM,77.18,85.64,3.27,29.70,Clear
05/09/2023,08:30 PM,76.82,86.18,3.09,29.71,Clear
05/09/2023,09:00 PM,76.45,87.18,3.27,29.71,Clear
05/09/2023,09:30 PM,76.27,87.18,3.55,29.72,Clear
05/09/2023,10:00 PM,76.09,87.18,3.55,29.72,Clear
05/09/2023,10:30 PM,75.91,87.18,3.73,29.72,Clear
05/09/2023,11:00 PM,75.73,88.18,3.45,29.73,Clear
05/09/2023,11:30 PM,75.55,88.73,3.27,29.73,Clear
06/09/2023,12:00 AM,75.36,89.73,3.00,29.72,Clear
06/09/2023,12:30 AM,75.18,90.73,2.64,29.72,Clear
06/09/2023,01:00 AM,75.00,91.73,2.36,29.72,Clear
06/09/2023,01:30 AM,75.00,91.73,2.73,29.72,Clear
06/09/2023,02:00 AM,75.00,92.18,3.18,29.71,Clear
06/09/2023,02:30 AM,75.00,92.18,3.09,29.71,Clear
06/09/2023,03:00 AM,75.00,92.64,3.00,29.71,Clear
06/09/2023,03:30 AM,75.00,93.09,2.73,29.71,Clear
06/09/2023,04:00 AM,75.00,93.55,2.73,29.70,Clear
06/09/2023,04:30 AM,75.00,93.55,2.55,29.70,Clear
06/09/2023,05:00 AM,75.18,93.55,2.27,29.71,Clear
06/09/2023,05:30 AM,75.36,93.09,2.00,29.71,Clear
06/09/2023,06:00 AM,75.73,92.09,1.82,29.71,Clear
06/09/2023,06:30 AM,76.27,91.18,1.64,29.72,Clear
06/09/2023,07:00 AM,76.91,89.82,1.18,29.72,Clear
06/09/2023,07:30 AM,77.73,88.45,0.82,29.73,Clear
06/09/2023,08:00 AM,78.73,85.91,0.91,29.74,Clear
06/09/2023,08:30 AM,79.73,83.36,0.91,29.74,Clear
06/09/2023,09:00 AM,80.91,80.82,1.18,29.75,Clear
06/09/2023,09:30 AM,82.09,78.27,1.55,29.75,Clear
06/09/2023,10:00 AM,83.45,75.73,1.73,29.75,Clear
06/09/2023,10:30 AM,84.45,73.27,2.27,29.75,Clear
06/09/2023,11:00 AM,85.64,70.55,2.73,29.74,Clear
06/09/2023,11:30 AM,86.64,68.36,3.00,29.74,Clear
06/09/2023,12:00 PM,87.45,66.09,3.55,29.73,Clear
06/09/2023,12:30 PM,88.18,64.27,3.91,29.72,Clear
06/09/2023,01:00 PM,88.73,62.45,4.36,29.71,Clear
06/09/2023,01:30 PM,89.09,61.82,4.91,29.70,Clear
06/09/2023,02:00 PM,89.45,61.45,5.45,29.69,Clear
06/09/2023,02:30 PM,89.45,61.45,5.82,29.69,Clear
06/09/2023,03:00 PM,89.45,61.45,5.82,29.68,Clear
06/09/2023,03:30 PM,89.27,61.45,6.18,29.68,Clear
06/09/2023,04:00 PM,89.09,62.18,6.09,29.68,Clear
06/09/2023,04:30 PM,88.55,63.55,6.27,29.68,Clear
06/09/2023,05:00 PM,88.00,64.91,6.55,29.68,Clear
06/09/2023,05:30 PM,87.27,66.27,6.55,29.69,Clear
06/09/2023,06:00 PM,86.45,68.55,6.55,29.69,Clear
06/09/2023,06:30 PM,85.64,70.82,6.55,29.70,Clear
06/09/2023,07:00 PM,84.82,73.09,6.36,29.71,Clear
06/09/2023,07:30 PM,84.00,75.09,6.18,29.72,Clear
06/09/2023,08:00 PM,83.18,77.18,6.00,29.73,Clear
06/09/2023,08:30 PM,82.55,78.82,6.00,29.74,Clear
06/09/2023,09:00 PM,81.73,80.91,5.73,29.74,Clear
06/09/2023,09:30 PM,81.09,82.64,5.73,29.75,Clear
06/09/2023,10:00 PM,80.64,84.00,5.55,29.75,Clear
06/09/2023,10:30 PM,80.18,85.36,5.45,29.75,Clear
06/09/2023,11:00 PM,79.73,87.18,5.09,29.75,Clear
06/09/2023,11:30 PM,79.36,88.09,4.82,29.75,Clear
07/09/2023,12:00 AM,79.00,89.00,4.64,29.75,Clear
07/09/2023,12:30 AM,78.82,89.45,4.55,29.75,Clear
07/09/2023,01:00 AM,78.45,90.36,4.27,29.75,Clear
07/09/2023,01:30 AM,78.27,90.82,4.27,29.74,Clear
07/09/2023,02:00 AM,77.91,91.73,4.18,29.74,Clear
07/09/2023,02:30 AM,77.73,92.18,4.18,29.73,Clear
07/09/2023,03:00 AM,77.55,92.64,3.91,29.73,Clear
07/09/2023,03:30 AM,77.36,93.09,3.73,29.72,Clear
07/09/2023,04:00 AM,77.18,93.55,3.55,29.72,Clear
07/09/2023,04:30 AM,77.36,93.09,3.64,29.72,Clear
07/09/2023,05:00 AM,77.55,93.09,3.64,29.72,Clear
07/09/2023,05:30 AM,77.91,92.18,3.64,29.73,Clear
07/09/2023,06:00 AM,78.18,91.27,3.73,29.73,Clear
07/09/2023,06:30 AM,78.82,89.45,4.09,29.73,Clear
07/09/2023,07:00 AM,79.64,87.27,4.27,29.74,Clear
07/09/2023,07:30 AM,80.45,85.09,4.36,29.74,Clear
07/09/2023,08:00 AM,81.27,83.27,4.64,29.75,Clear
07/09/2023,08:30 AM,82.09,81.09,5.00,29.75,Clear
07/09/2023,09:00 AM,83.09,78.91,5.18,29.75,Clear
07/09/2023,09:30 AM,84.09,76.73,5.18,29.75,Clear
07/09/2023,10:00 AM,85.09,74.27,5.36,29.75,Clear
07/09/2023,10:30 AM,86.09,71.36,5.55,29.75,Clear
07/09/2023,11:00 AM,86.91,69.36,5.55,29.74,Clear
07/09/2023,11:30 AM,87.64,67.82,5.45,29.74,Clear
07/09/2023,12:00 PM,88.18,66.73,5.36,29.73,Clear
07/09/2023,12:30 PM,88.55,66.00,5.00,29.72,Clear
07/09/2023,01:00 PM,88.91,65.27,4.91,29.71,Clear
07/09/2023,01:30 PM,89.27,64.55,4.82,29.70,Clear
07/09/2023,02:00 PM,89.45,64.55,4.91,29.69,Clear
07/09/2023,02:30 PM,89.45,64.55,5.00,29.68,Clear
07/09/2023,03:00 PM,89.27,64.55,5.27,29.67,Clear
07/09/2023,03:30 PM,88.91,65.64,5.27,29.67,Clear
07/09/2023,04:00 PM,88.55,66.73,5.09,29.66,Clear
07/09/2023,04:30 PM,88.00,68.27,4.82,29.66,Rain
07/09/2023,05:00 PM,87.45,69.82,4.82,29.66,Rain
07/09/2023,05:30 PM,86.73,71.82,4.73,29.67,Clear
07/09/2023,06:00 PM,86.00,73.82,4.91,29.67,Clear
07/09/2023,06:30 PM,85.27,75.82,4.91,29.68,Clear
07/09/2023,07:00 PM,84.45,77.91,4.64,29.68,Clear
07/09/2023,07:30 PM,83.82,79.64,4.18,29.69,Clear
07/09/2023,08:00 PM,83.18,81.36,3.91,29.71,Clear
07/09/2023,08:30 PM,82.73,83.09,3.55,29.72,Clear
07/09/2023,09:00 PM,82.27,84.45,3.09,29.72,Clear
07/09/2023,09:30 PM,81.64,86.27,2.82,29.73,Clear
07/09/2023,10:00 PM,81.18,87.64,2.64,29.74,Clear
07/09/2023,10:30 PM,80.73,89.00,2.18,29.74,Clear
07/09/2023,11:00 PM,80.45,89.91,1.73,29.74,Clear
07/09/2023,11:30 PM,80.18,90.82,1.27,29.75,Clear
08/09/2023,12:00 AM,80.00,91.50,0.90,29.75,Clear
08/09/2023,12:30 AM,79.89,91.78,0.78,29.75,Clear
08/09/2023,01:00 AM,79.75,92.12,0.62,29.75,Clear
08/09/2023,01:30 AM,79.57,92.57,0.29,29.75,Clear
08/09/2023,02:00 AM,79.33,93.17,0.00,29.75,Clear
08/09/2023,02:30 AM,79.00,94.00,0.00,29.74,Clear
08/09/2023,03:00 AM,79.00,94.00,0.00,29.74,Clear
08/09/2023,03:30 AM,79.00,94.00,0.00,29.73,Clear
08/09/2023,04:00 AM,79.00,94.00,0.00,29.73,Clear
08/09/2023,04:30 AM,79.00,94.00,0.00,29.73,Clear
08/09/2023,05:00 AM,78.93,93.81,0.19,29.73,Clear
08/09/2023,05:30 AM,78.85,93.63,0.37,29.73,Clear
08/09/2023,06:00 AM,78.78,93.44,0.56,29.73,Clear
08/09/2023,06:30 AM,78.70,93.26,0.74,29.73,Clear
08/09/2023,07:00 AM,78.63,93.07,0.93,29.74,Clear
08/09/2023,07:30 AM,78.56,92.89,1.11,29.74,Clear
08/09/2023,08:00 AM,78.48,92.70,1.30,29.74,Clear
08/09/2023,08:30 AM,78.41,92.52,1.48,29.74,Clear
08/09/2023,09:00 AM,78.33,92.33,1.67,29.74,Clear
08/09/2023,09:30 AM,78.26,92.15,1.85,29.74,Clear
08/09/2023,10:00 AM,78.19,91.96,2.04,29.74,Clear
08/09/2023,10:30 AM,78.11,91.78,2.22,29.74,Clear
08/09/2023,11:00 AM,78.04,91.59,2.41,29.74,Clear
08/09/2023,11:30 AM,77.96,91.41,2.59,29.75,Clear
08/09/2023,12:00 PM,77.89,91.22,2.78,29.75,Clear
08/09/2023,12:30 PM,77.81,91.04,2.96,29.75,Clear
08/09/2023,01:00 PM,77.74,90.85,3.15,29.75,Clear
08/09/2023,01:30 PM,77.67,90.67,3.33,29.75,Clear
08/09/2023,02:00 PM,77.59,90.48,3.52,29.75,Clear
08/09/2023,02:30 PM,77.52,90.30,3.70,29.75,Clear
08/09/2023,03:00 PM,77.44,90.11,3.89,29.75,Clear
08/09/2023,03:30 PM,77.37,89.93,4.07,29.75,Clear
08/09/2023,04:00 PM,77.30,89.74,4.26,29.76,Clear
08/09/2023,04:30 PM,77.22,89.56,4.44,29.76,Clear
08/09/2023,05:00 PM,77.15,89.37,4.63,29.76,Clear
08/09/2023,05:30 PM,77.07,89.19,4.81,29.76,Clear
08/09/2023,06:00 PM,77.00,89.00,5.00,29.76,Clear
08/09/2023,06:30 PM,77.00,89.00,3.50,29.76,Clear
08/09/2023,07:00 PM,77.00,90.67,4.00,29.76,Clear
08/09/2023,07:30 PM,77.00,91.50,3.00,29.76,Clear
08/09/2023,08:00 PM,77.00,92.00,2.40,29.77,Clear
08/09/2023,08:30 PM,77.00,92.33,2.00,29.76,Clear
08/09/2023,09:00 PM,77.00,92.57,2.00,29.76,Rain
08/09/2023,09:30 PM,77.00,92.75,2.00,29.76,Clear
08/09/2023,10:00 PM,77.00,92.89,2.00,29.76,Clear
08/09/2023,10:30 PM,77.00,93.00,2.10,29.76,Clear
08/09/2023,11:00 PM,77.00,93.09,2.18,29.76,Clear
08/09/2023,11:30 PM,77.00,93.55,1.91,29.75,Clear
09/09/2023,12:00 AM,77.00,94.00,1.73,29.75,Clear
09/09/2023,12:30 AM,76.82,94.55,1.27,29.74,Clear
09/09/2023,01:00 AM,76.64,95.09,1.27,29.73,Clear
09/09/2023,01:30 AM,76.64,95.09,1.45,29.72,Clear
09/09/2023,02:00 AM,76.64,95.09,1.45,29.71,Clear
09/09/2023,02:30 AM,76.45,95.64,1.55,29.71,Clear
09/09/2023,03:00 AM,76.45,95.64,1.64,29.70,Clear
09/09/2023,03:30 AM,76.45,95.64,1.64,29.69,Clear
09/09/2023,04:00 AM,76.45,95.64,1.64,29.69,Clear
09/09/2023,04:30 AM,76.45,95.64,1.64,29.68,Clear
09/09/2023,05:00 AM,76.45,95.64,1.73,29.69,Clear
09/09/2023,05:30 AM,76.64,95.18,2.00,29.69,Clear
09/09/2023,06:00 AM,77.18,93.73,2.45,29.70,Clear
09/09/2023,06:30 AM,77.82,92.27,2.73,29.70,Clear
09/09/2023,07:00 AM,78.45,90.91,3.00,29.71,Clear
09/09/2023,07:30 AM,79.27,88.73,3.27,29.71,Clear
09/09/2023,08:00 AM,80.45,85.64,3.27,29.72,Clear
09/09/2023,08:30 AM,81.64,82.73,3.55,29.72,Clear
09/09/2023,09:00 AM,82.82,79.55,3.91,29.72,Clear
09/09/2023,09:30 AM,84.00,76.36,4.09,29.72,Clear
09/09/2023,10:00 AM,85.27,72.82,4.36,29.72,Clear
09/09/2023,10:30 AM,86.55,69.64,4.64,29.72,Clear
09/09/2023,11:00 AM,86.82,69.18,5.09,29.71,Clear
09/09/2023,11:30 AM,87.45,68.36,5.09,29.70,Clear
09/09/2023,12:00 PM,88.00,66.73,6.09,29.69,Clear
09/09/2023,12:30 PM,88.18,65.91,6.55,29.68,Clear
09/09/2023,01:00 PM,88.55,65.18,7.18,29.67,Clear
09/09/2023,01:30 PM,88.55,64.82,7.82,29.66,Rain
09/09/2023,02:00 PM,88.36,65.18,8.36,29.65,Clear
09/09/2023,02:30 PM,88.00,65.82,8.73,29.64,Clear
09/09/2023,03:00 PM,87.64,66.45,8.91,29.64,Clear
09/09/2023,03:30 PM,87.18,67.45,9.18,29.63,Clear
09/09/2023,04:00 PM,86.55,68.45,9.18,29.63,Clear
09/09/2023,04:30 PM,86.73,66.82,9.00,29.63,Clear
09/09/2023,05:00 PM,86.36,66.00,8.82,29.63,Clear
09/09/2023,05:30 PM,85.82,66.36,7.73,29.64,Clear
09/09/2023,06:00 PM,85.36,67.18,7.09,29.65,Clear
09/09/2023,06:30 PM,84.64,68.27,6.73,29.66,Clear
09/09/2023,07:00 PM,84.09,69.36,6.36,29.67,Clear
09/09/2023,07:30 PM,83.55,70.09,5.73,29.68,Clear
09/09/2023,08:00 PM,83.18,70.82,5.36,29.69,Clear
09/09/2023,08:30 PM,82.73,72.45,5.45,29.71,Clear
09/09/2023,09:00 PM,82.27,74.09,5.36,29.72,Clear
09/09/2023,09:30 PM,81.82,75.82,5.00,29.72,Clear
09/09/2023,10:00 PM,81.36,77.91,4.64,29.72,Clear
09/09/2023,10:30 PM,80.73,80.45,4.82,29.73,Clear
09/09/2023,11:00 PM,80.27,82.18,5.09,29.73,Clear
09/09/2023,11:30 PM,79.91,83.09,5.09,29.72,Clear
10/09/2023,12:00 AM,79.45,84.45,4.73,29.72,Clear
10/09/2023,12:30 AM,79.00,85.82,4.18,29.71,Clear
10/09/2023,01:00 AM,78.55,87.18,4.00,29.71,Clear
10/09/2023,01:30 AM,78.09,88.55,3.64,29.70,Clear
10/09/2023,02:00 AM,77.73,89.00,3.09,29.69,Clear
10/09/2023,02:30 AM,77.36,89.45,2.36,29.68,Clear
10/09/2023,03:00 AM,77.18,89.45,2.73,29.68,Clear
10/09/2023,03:30 AM,77.00,89.45,2.55,29.68,Clear
10/09/2023,04:00 AM,77.00,89.00,2.27,29.68,Clear
10/09/2023,04:30 AM,77.00,89.00,2.45,29.69,Clear
10/09/2023,05:00 AM,76.82,89.45,2.64,29.69,Clear
10/09/2023,05:30 AM,76.64,89.91,3.00,29.70,Rain
10/09/2023,06:00 AM,76.45,90.36,3.64,29.71,Rain
10/09/2023,06:30 AM,76.27,90.82,3.82,29.72,Rain
10/09/2023,07:00 AM,76.45,90.27,4.45,29.73,Rain
10/09/2023,07:30 AM,76.45,90.27,5.09,29.74,Rain
10/09/2023,08:00 AM,76.64,90.27,5.82,29.75,Rain
10/09/2023,08:30 AM,76.82,90.27,6.00,29.76,Rain
10/09/2023,09:00 AM,76.82,90.73,6.64,29.77,Rain
10/09/2023,09:30 AM,76.82,90.18,7.36,29.77,Rain
10/09/2023,10:00 AM,76.64,90.64,7.36,29.78,Rain
10/09/2023,10:30 AM,76.64,90.18,7.45,29.78,Rain
10/09/2023,11:00 AM,76.82,89.73,7.45,29.78,Rain
10/09/2023,11:30 AM,77.18,88.73,7.55,29.78,Rain
10/09/2023,12:00 PM,77.55,87.73,7.73,29.77,Rain
10/09/2023,12:30 PM,77.55,87.73,7.64,29.76,Rain
10/09/2023,01:00 PM,77.91,86.36,7.55,29.75,Rain
10/09/2023,01:30 PM,78.09,85.45,7.64,29.74,Rain
10/09/2023,02:00 PM,78.27,84.09,7.55,29.73,Rain
10/09/2023,02:30 PM,78.45,83.09,7.45,29.72,Rain
10/09/2023,03:00 PM,78.64,83.09,7.09,29.71,Clear
10/09/2023,03:30 PM,79.00,81.64,6.91,29.70,Clear
10/09/2023,04:00 PM,79.18,81.64,6.64,29.69,Clear
10/09/2023,04:30 PM,79.18,81.64,6.36,29.68,Clear
10/09/2023,05:00 PM,79.00,82.18,5.82,29.68,Clear
10/09/2023,05:30 PM,78.82,82.18,5.45,29.68,Clear
10/09/2023,06:00 PM,78.64,82.73,4.91,29.68,Clear
10/09/2023,06:30 PM,78.09,84.55,4.45,29.68,Clear
10/09/2023,07:00 PM,77.55,85.91,3.82,29.69,Clear
10/09/2023,07:30 PM,77.00,87.73,3.36,29.69,Clear
10/09/2023,08:00 PM,76.64,88.73,2.82,29.70,Clear
10/09/2023,08:30 PM,76.27,89.73,2.27,29.71,Clear
10/09/2023,09:00 PM,75.91,91.18,1.82,29.71,Clear
10/09/2023,09:30 PM,75.73,91.64,1.55,29.72,Clear
10/09/2023,10:00 PM,75.55,92.09,1.27,29.72,Clear
10/09/2023,10:30 PM,75.36,92.55,1.09,29.73,Clear
10/09/2023,11:00 PM,75.18,93.55,0.82,29.73,Clear
10/09/2023,11:30 PM,75.00,94.00,0.64,29.73,Clear
11/09/2023,12:00 AM,75.00,94.00,0.36,29.73,Clear
11/09/2023,12:30 AM,75.00,94.00,0.18,29.73,Clear
11/09/2023,01:00 AM,75.00,94.00,0.00,29.72,Clear
11/09/2023,01:30 AM,75.00,94.00,0.00,29.72,Clear
11/09/2023,02:00 AM,75.00,94.00,0.00,29.71,Clear
11/09/2023,02:30 AM,75.00,94.00,0.00,29.71,Clear
11/09/2023,03:00 AM,74.82,94.55,0.27,29.71,Clear
11/09/2023,03:30 AM,74.64,94.55,0.36,29.71,Clear
11/09/2023,04:00 AM,74.45,95.09,0.55,29.70,Clear
11/09/2023,04:30 AM,74.45,95.09,0.73,29.70,Clear
11/09/2023,05:00 AM,74.45,95.09,0.91,29.71,Clear
11/09/2023,05:30 AM,74.82,94.64,0.91,29.71,Clear
11/09/2023,06:00 AM,75.45,92.82,0.91,29.71,Clear
11/09/2023,06:30 AM,76.27,90.64,0.91,29.72,Clear
11/09/2023,07:00 AM,77.45,87.73,1.00,29.72,Clear
11/09/2023,07:30 AM,78.64,84.45,1.00,29.73,Clear
11/09/2023,08:00 AM,80.00,80.91,1.18,29.74,Clear
11/09/2023,08:30 AM,81.55,76.82,1.55,29.74,Clear
11/09/2023,09:00 AM,83.18,73.00,1.91,29.74,Clear
11/09/2023,09:30 AM,84.82,68.36,2.36,29.75,Clear
11/09/2023,10:00 AM,86.27,64.27,2.64,29.74,Clear
11/09/2023,10:30 AM,87.73,60.45,3.09,29.74,Clear
11/09/2023,11:00 AM,88.82,56.82,3.64,29.74,Clear
11/09/2023,11:30 AM,89.64,54.82,4.09,29.73,Clear
11/09/2023,12:00 PM,90.27,53.45,4.64,29.72,Clear
11/09/2023,12:30 PM,90.55,52.82,5.27,29.71,Clear
11/09/2023,01:00 PM,90.73,52.55,5.82,29.69,Clear
11/09/2023,01:30 PM,90.73,52.91,6.27,29.68,Clear
11/09/2023,02:00 PM,90.55,53.55,6.18,29.67,Clear
11/09/2023,02:30 PM,90.27,54.82,6.18,29.67,Clear
11/09/2023,03:00 PM,89.82,56.73,6.09,29.66,Clear
11/09/2023,03:30 PM,89.18,59.00,5.91,29.66,Clear
11/09/2023,04:00 PM,88.55,61.00,5.82,29.66,Clear
11/09/2023,04:30 PM,87.73,63.73,5.55,29.66,Clear
11/09/2023,05:00 PM,86.91,66.18,5.55,29.66,Clear
11/09/2023,05:30 PM,86.09,68.36,5.27,29.67,Clear
11/09/2023,06:00 PM,85.18,71.00,4.73,29.68,Clear
11/09/2023,06:30 PM,84.36,73.64,4.36,29.69,Clear
11/09/2023,07:00 PM,83.55,75.91,3.73,29.70,Clear
11/09/2023,07:30 PM,82.73,78.36,3.18,29.71,Clear
11/09/2023,08:00 PM,81.91,80.45,3.27,29.72,Clear
11/09/2023,08:30 PM,81.27,82.18,3.00,29.73,Clear
11/09/2023,09:00 PM,80.82,83.55,3.00,29.74,Clear
11/09/2023,09:30 PM,80.36,84.36,2.64,29.75,Clear
11/09/2023,10:00 PM,79.73,85.73,2.91,29.75,Clear
11/09/2023,10:30 PM,79.27,86.09,2.64,29.75,Clear
11/09/2023,11:00 PM,78.82,87.00,2.36,29.76,Clear
11/09/2023,11:30 PM,78.45,87.91,2.18,29.75,Clear
12/09/2023,12:00 AM,78.09,88.36,2.00,29.75,Clear
12/09/2023,12:30 AM,77.73,89.27,2.00,29.75,Clear
12/09/2023,01:00 AM,77.55,89.73,2.00,29.74,Clear
12/09/2023,01:30 AM,77.18,90.18,1.45,29.73,Clear
12/09/2023,02:00 AM,76.82,90.64,1.18,29.73,Clear
12/09/2023,02:30 AM,76.45,91.09,1.18,29.72,Clear
12/09/2023,03:00 AM,76.09,92.09,1.00,29.72,Clear
12/09/2023,03:30 AM,76.09,92.09,0.64,29.71,Clear
12/09/2023,04:00 AM,75.91,93.09,0.45,29.71,Clear
12/09/2023,04:30 AM,75.91,93.55,0.64,29.71,Clear
12/09/2023,05:00 AM,75.91,93.55,0.82,29.72,Clear
12/09/2023,05:30 AM,76.09,93.55,1.00,29.72,Clear
12/09/2023,06:00 AM,76.45,93.09,1.27,29.72,Clear
12/09/2023,06:30 AM,77.09,91.73,1.55,29.73,Clear
12/09/2023,07:00 AM,78.09,89.91,2.00,29.74,Clear
12/09/2023,07:30 AM,79.09,88.09,2.73,29.74,Clear
12/09/2023,08:00 AM,80.45,85.55,3.09,29.75,Clear
12/09/2023,08:30 AM,81.82,82.64,3.73,29.75,Clear
12/09/2023,09:00 AM,83.18,79.73,4.36,29.75,Clear
12/09/2023,09:30 AM,84.55,76.82,5.09,29.75,Clear
12/09/2023,10:00 AM,85.73,73.91,5.64,29.75,Clear
12/09/2023,10:30 AM,86.91,71.36,6.09,29.75,Clear
12/09/2023,11:00 AM,87.91,68.91,6.73,29.75,Clear
12/09/2023,11:30 AM,88.73,66.82,7.09,29.74,Clear
12/09/2023,12:00 PM,89.27,65.00,7.73,29.73,Clear
12/09/2023,12:30 PM,89.64,63.91,8.00,29.72,Clear
12/09/2023,01:00 PM,90.00,62.82,8.00,29.71,Clear
12/09/2023,01:30 PM,90.00,62.18,8.18,29.71,Clear
12/09/2023,02:00 PM,90.00,62.18,8.09,29.70,Clear
12/09/2023,02:30 PM,90.00,61.91,7.82,29.69,Clear
12/09/2023,03:00 PM,90.00,61.91,7.36,29.68,Clear
12/09/2023,03:30 PM,89.82,62.27,7.09,29.68,Clear
12/09/2023,04:00 PM,89.45,62.64,7.09,29.68,Clear
12/09/2023,04:30 PM,88.91,64.18,6.73,29.68,Clear
12/09/2023,05:00 PM,88.36,65.36,6.64,29.68,Clear
12/09/2023,05:30 PM,87.64,67.18,6.18,29.69,Clear
12/09/2023,06:00 PM,86.91,68.73,5.73,29.70,Clear
12/09/2023,06:30 PM,86.18,70.27,5.18,29.71,Clear
12/09/2023,07:00 PM,85.36,72.55,4.64,29.72,Clear
12/09/2023,07:30 PM,84.55,74.55,4.09,29.73,Clear
12/09/2023,08:00 PM,83.73,77.27,3.55,29.74,Clear
12/09/2023,08:30 PM,82.91,79.73,3.27,29.75,Clear
12/09/2023,09:00 PM,82.09,82.27,2.82,29.76,Clear
12/09/2023,09:30 PM,81.45,84.45,2.36,29.77,Clear
12/09/2023,10:00 PM,81.00,85.82,1.91,29.77,Clear
12/09/2023,10:30 PM,80.55,87.18,1.64,29.78,Clear
12/09/2023,11:00 PM,80.27,88.55,1.45,29.78,Clear
12/09/2023,11:30 PM,80.10,89.50,1.30,29.78,Clear
13/09/2023,12:00 AM,79.80,90.50,1.30,29.78,Clear
13/09/2023,12:30 AM,79.60,91.00,1.00,29.78,Clear
13/09/2023,01:00 AM,79.40,91.50,1.20,29.77,Clear
13/09/2023,01:30 AM,79.20,91.50,1.20,29.76,Clear
13/09/2023,02:00 AM,79.00,91.50,1.20,29.76,Clear
13/09/2023,02:30 AM,79.00,91.00,1.20,29.75,Clear
13/09/2023,03:00 AM,79.00,90.50,1.00,29.75,Clear
13/09/2023,03:30 AM,78.80,90.50,1.10,29.74,Clear
13/09/2023,04:00 AM,78.60,91.10,0.80,29.75,Clear
13/09/2023,04:30 AM,78.40,91.10,0.70,29.75,Clear
13/09/2023,05:00 AM,78.45,91.36,1.09,29.75,Clear
13/09/2023,05:30 AM,78.64,91.36,1.18,29.75,Clear
13/09/2023,06:00 AM,78.82,90.91,1.45,29.76,Clear
13/09/2023,06:30 AM,79.09,89.55,1.91,29.76,Clear
13/09/2023,07:00 AM,79.55,88.18,2.64,29.77,Mist
13/09/2023,07:30 AM,80.18,86.45,3.27,29.77,Mist
13/09/2023,08:00 AM,80.82,84.73,4.09,29.78,Mist
13/09/2023,08:30 AM,81.45,83.00,4.73,29.78,Clear
13/09/2023,09:00 AM,82.45,80.45,5.45,29.78,Clear
13/09/2023,09:30 AM,83.64,76.73,6.36,29.77,Clear
13/09/2023,10:00 AM,84.64,73.82,7.00,29.77,Clear
13/09/2023,10:30 AM,85.73,70.64,7.27,29.76,Clear
13/09/2023,11:00 AM,86.64,67.91,7.55,29.75,Clear
13/09/2023,11:30 AM,87.55,65.27,8.09,29.74,Clear
13/09/2023,12:00 PM,88.36,63.55,8.18,29.73,Clear
13/09/2023,12:30 PM,89.00,61.82,8.18,29.72,Clear
13/09/2023,01:00 PM,89.45,60.82,8.27,29.71,Clear
13/09/2023,01:30 PM,89.82,59.18,8.27,29.69,Clear
13/09/2023,02:00 PM,90.18,57.82,8.27,29.68,Clear
13/09/2023,02:30 PM,90.18,56.82,8.00,29.67,Clear
13/09/2023,03:00 PM,90.00,56.73,7.64,29.66,Clear
13/09/2023,03:30 PM,89.82,56.73,7.36,29.66,Clear
13/09/2023,04:00 PM,89.18,57.36,6.91,29.65,Clear
13/09/2023,04:30 PM,88.36,58.36,6.55,29.65,Clear
13/09/2023,05:00 PM,87.55,60.09,6.00,29.65,Clear
13/09/2023,05:30 PM,86.73,61.82,5.73,29.65,Clear
13/09/2023,06:00 PM,85.91,63.55,5.27,29.66,Clear
13/09/2023,06:30 PM,85.00,65.36,4.82,29.67,Clear
13/09/2023,07:00 PM,84.18,67.82,4.18,29.68,Clear
13/09/2023,07:30 PM,83.36,70.00,3.82,29.68,Clear
13/09/2023,08:00 PM,82.55,72.55,3.73,29.69,Clear
13/09/2023,08:30 PM,81.73,74.82,3.45,29.71,Clear
13/09/2023,09:00 PM,81.09,76.73,2.91,29.71,Clear
13/09/2023,09:30 PM,80.80,77.80,2.90,29.72,Clear
13/09/2023,10:00 PM,80.30,79.70,2.70,29.72,Clear
13/09/2023,10:30 PM,79.80,81.20,2.60,29.73,Clear
13/09/2023,11:00 PM,79.30,82.70,2.10,29.73,Clear
13/09/2023,11:30 PM,78.80,84.20,2.00,29.74,Clear
14/09/2023,12:00 AM,78.40,85.20,1.70,29.73,Clear
14/09/2023,12:30 AM,78.00,86.20,1.50,29.73,Clear
14/09/2023,01:00 AM,77.60,87.20,1.20,29.73,Clear
14/09/2023,01:30 AM,77.20,88.30,0.70,29.73,Clear
14/09/2023,02:00 AM,76.80,89.40,0.40,29.72,Clear
14/09/2023,02:30 AM,76.40,90.50,0.40,29.72,Clear
14/09/2023,03:00 AM,76.27,90.82,0.55,29.72,Clear
14/09/2023,03:30 AM,76.09,91.27,0.82,29.72,Clear
14/09/2023,04:00 AM,75.91,91.73,1.09,29.72,Clear
14/09/2023,04:30 AM,75.73,92.18,1.27,29.72,Clear
14/09/2023,05:00 AM,75.73,92.64,1.09,29.73,Clear
14/09/2023,05:30 AM,75.91,92.64,1.36,29.73,Clear
14/09/2023,06:00 AM,76.27,92.18,1.64,29.74,Clear
14/09/2023,06:30 AM,76.73,91.27,1.82,29.74,Clear
14/09/2023,07:00 AM,77.73,89.09,2.00,29.75,Clear
14/09/2023,07:30 AM,78.73,86.91,2.27,29.75,Clear
14/09/2023,08:00 AM,79.73,84.73,2.73,29.76,Clear
14/09/2023,08:30 AM,81.09,81.82,3.27,29.76,Clear
14/09/2023,09:00 AM,82.45,78.91,3.73,29.76,Clear
14/09/2023,09:30 AM,83.91,75.73,4.09,29.77,Clear
14/09/2023,10:00 AM,85.36,72.55,4.64,29.77,Clear
14/09/2023,10:30 AM,86.55,69.64,5.91,29.76,Clear
14/09/2023,11:00 AM,87.36,67.55,6.36,29.75,Clear
14/09/2023,11:30 AM,88.18,65.55,7.18,29.75,Clear
14/09/2023,12:00 PM,88.91,64.00,7.91,29.74,Clear
14/09/2023,12:30 PM,89.36,63.00,8.45,29.73,Clear
14/09/2023,01:00 PM,89.73,62.00,8.82,29.72,Clear
14/09/2023,01:30 PM,89.91,61.64,9.09,29.71,Clear
14/09/2023,02:00 PM,89.73,62.00,9.09,29.70,Clear
14/09/2023,02:30 PM,89.55,62.36,9.09,29.69,Clear
14/09/2023,03:00 PM,89.09,63.36,9.00,29.68,Clear
14/09/2023,03:30 PM,88.64,64.36,8.91,29.68,Clear
14/09/2023,04:00 PM,88.09,65.91,8.27,29.68,Clear
14/09/2023,04:30 PM,87.73,67.09,8.09,29.68,Clear
14/09/2023,05:00 PM,87.18,68.18,7.45,29.68,Clear
14/09/2023,05:30 PM,86.45,69.73,6.73,29.68,Clear
14/09/2023,06:00 PM,85.64,72.00,6.27,29.69,Clear
14/09/2023,06:30 PM,84.91,74.27,5.91,29.69,Clear
14/09/2023,07:00 PM,84.36,75.91,5.73,29.70,Clear
14/09/2023,07:30 PM,83.82,77.55,5.45,29.71,Clear
14/09/2023,08:00 PM,83.18,79.18,5.00,29.72,Clear
14/09/2023,08:30 PM,82.73,80.45,4.36,29.73,Clear
14/09/2023,09:00 PM,82.27,81.73,3.91,29.74,Clear
14/09/2023,09:30 PM,82.00,82.18,3.45,29.74,Clear
14/09/2023,10:00 PM,81.73,83.09,2.91,29.75,Clear
14/09/2023,10:30 PM,81.27,84.91,2.64,29.75,Clear
14/09/2023,11:00 PM,81.00,86.27,2.91,29.75,Clear
14/09/2023,11:30 PM,80.73,87.18,2.91,29.75,Clear
15/09/2023,12:00 AM,80.45,88.09,2.82,29.75,Clear
15/09/2023,12:30 AM,80.18,89.00,2.36,29.75,Clear
15/09/2023,01:00 AM,79.91,89.45,2.09,29.74,Clear
15/09/2023,01:30 AM,79.73,90.36,1.82,29.74,Clear
15/09/2023,02:00 AM,79.55,91.27,1.73,29.73,Clear
15/09/2023,02:30 AM,79.18,92.73,1.64,29.72,Clear
15/09/2023,03:00 AM,78.82,93.64,2.00,29.72,Clear
15/09/2023,03:30 AM,78.45,94.64,2.45,29.71,Clear
15/09/2023,04:00 AM,78.27,94.64,2.55,29.71,Clear
15/09/2023,04:30 AM,78.27,94.64,2.27,29.71,Clear
15/09/2023,05:00 AM,78.27,94.64,2.18,29.71,Clear
15/09/2023,05:30 AM,78.27,94.64,2.27,29.71,Clear
15/09/2023,06:00 AM,78.55,93.73,2.36,29.72,Clear
15/09/2023,06:30 AM,79.00,92.82,2.45,29.72,Clear
15/09/2023,07:00 AM,79.64,90.64,2.73,29.73,Clear
15/09/2023,07:30 AM,80.45,88.09,3.55,29.73,Clear
15/09/2023,08:00 AM,81.27,85.00,4.55,29.74,Clear
15/09/2023,08:30 AM,82.09,82.45,4.73,29.74,Clear
15/09/2023,09:00 AM,83.09,79.36,5.09,29.75,Clear
15/09/2023,09:30 AM,84.09,76.45,5.55,29.75,Clear
15/09/2023,10:00 AM,84.91,73.55,6.09,29.75,Clear
15/09/2023,10:30 AM,85.73,70.64,6.73,29.74,Rain
15/09/2023,11:00 AM,86.55,67.73,7.27,29.74,Clear
15/09/2023,11:30 AM,87.27,65.45,7.91,29.74,Clear
15/09/2023,12:00 PM,87.82,63.64,8.36,29.73,Clear
15/09/2023,12:30 PM,88.00,62.55,8.82,29.72,Clear
15/09/2023,01:00 PM,88.18,61.27,9.09,29.71,Clear
15/09/2023,01:30 PM,88.36,60.91,8.82,29.70,Clear
15/09/2023,02:00 PM,88.55,60.18,9.00,29.69,Clear
15/09/2023,02:30 PM,88.55,59.82,8.82,29.69,Clear
15/09/2023,03:00 PM,88.36,60.55,8.73,29.68,Clear
15/09/2023,03:30 PM,88.18,61.27,8.55,29.68,Clear
15/09/2023,04:00 PM,88.00,62.00,8.27,29.68,Clear
15/09/2023,04:30 PM,87.64,63.09,7.91,29.68,Clear
15/09/2023,05:00 PM,87.09,64.45,7.36,29.68,Clear
15/09/2023,05:30 PM,86.36,65.82,6.64,29.68,Clear
15/09/2023,06:00 PM,85.82,67.27,5.91,29.69,Clear
15/09/2023,06:30 PM,85.09,69.73,4.82,29.70,Clear
15/09/2023,07:00 PM,84.45,71.73,4.45,29.71,Clear
15/09/2023,07:30 PM,83.82,73.64,4.00,29.71,Clear
15/09/2023,08:00 PM,83.18,75.18,3.36,29.72,Clear
15/09/2023,08:30 PM,82.73,76.00,2.73,29.73,Clear
15/09/2023,09:00 PM,82.09,77.73,2.18,29.74,Clear
15/09/2023,09:30 PM,81.45,79.45,1.82,29.74,Clear
15/09/2023,10:00 PM,81.00,80.82,1.64,29.74,Clear
15/09/2023,10:30 PM,80.36,82.64,1.64,29.75,Clear
15/09/2023,11:00 PM,80.09,84.00,2.09,29.75,Clear
15/09/2023,11:30 PM,79.64,85.82,2.27,29.74,Clear
16/09/2023,12:00 AM,79.36,86.73,2.27,29.74,Clear
16/09/2023,12:30 AM,79.00,87.64,1.82,29.73,Clear
16/09/2023,01:00 AM,78.64,89.00,1.55,29.73,Clear
16/09/2023,01:30 AM,78.27,90.36,1.82,29.72,Clear
16/09/2023,02:00 AM,77.91,91.73,2.00,29.72,Clear
16/09/2023,02:30 AM,77.73,92.18,2.00,29.71,Clear
16/09/2023,03:00 AM,77.55,92.64,2.09,29.71,Clear
16/09/2023,03:30 AM,77.36,93.09,2.09,29.71,Clear
16/09/2023,04:00 AM,77.36,93.09,1.82,29.71,Clear
16/09/2023,04:30 AM,77.18,93.55,1.36,29.71,Clear
16/09/2023,05:00 AM,77.36,93.55,1.36,29.71,Clear
16/09/2023,05:30 AM,77.55,93.55,1.82,29.71,Clear
16/09/2023,06:00 AM,78.18,91.73,2.36,29.72,Clear
16/09/2023,06:30 AM,78.82,90.36,2.73,29.72,Clear
16/09/2023,07:00 AM,79.64,88.18,3.18,29.73,Clear
16/09/2023,07:30 AM,80.64,85.64,3.55,29.73,Clear
16/09/2023,08:00 AM,81.64,83.09,4.09,29.74,Clear
16/09/2023,08:30 AM,82.82,79.91,4.27,29.74,Clear
16/09/2023,09:00 AM,84.00,76.73,4.27,29.75,Clear
16/09/2023,09:30 AM,85.18,73.18,5.00,29.75,Clear
16/09/2023,10:00 AM,86.45,69.64,5.82,29.74,Clear
16/09/2023,10:30 AM,87.73,65.55,6.45,29.74,Clear
16/09/2023,11:00 AM,88.82,61.91,6.82,29.73,Clear
16/09/2023,11:30 AM,89.64,59.64,7.09,29.72,Clear
16/09/2023,12:00 PM,90.45,56.91,7.45,29.71,Clear
16/09/2023,12:30 PM,91.09,55.00,7.55,29.70,Clear
16/09/2023,01:00 PM,91.55,53.18,7.91,29.69,Clear
16/09/2023,01:30 PM,92.00,51.64,8.18,29.67,Clear
16/09/2023,02:00 PM,92.09,51.00,8.64,29.66,Clear
16/09/2023,02:30 PM,92.09,50.64,9.27,29.65,Clear
16/09/2023,03:00 PM,91.73,51.64,9.00,29.64,Clear
16/09/2023,03:30 PM,90.91,53.82,8.91,29.64,Clear
16/09/2023,04:00 PM,89.91,56.55,8.73,29.64,Clear
16/09/2023,04:30 PM,88.82,59.73,8.36,29.64,Clear
16/09/2023,05:00 PM,87.73,62.91,7.82,29.64,Clear
16/09/2023,05:30 PM,86.64,66.09,6.91,29.65,Clear
16/09/2023,06:00 PM,85.55,69.27,6.09,29.66,Clear
16/09/2023,06:30 PM,84.55,72.27,5.36,29.67,Clear
16/09/2023,07:00 PM,83.45,75.45,4.82,29.68,Clear
16/09/2023,07:30 PM,82.55,78.36,4.09,29.69,Clear
16/09/2023,08:00 PM,81.73,81.45,3.18,29.71,Clear
16/09/2023,08:30 PM,81.27,83.09,2.73,29.71,Clear
16/09/2023,09:00 PM,81.00,84.45,2.09,29.72,Clear
16/09/2023,09:30 PM,80.73,85.82,1.45,29.73,Clear
16/09/2023,10:00 PM,80.55,86.73,1.00,29.73,Clear
16/09/2023,10:30 PM,80.36,87.18,0.91,29.74,Clear
16/09/2023,11:00 PM,80.18,88.09,0.91,29.73,Clear
16/09/2023,11:30 PM,80.00,88.55,0.91,29.73,Clear
17/09/2023,12:00 AM,79.73,89.45,0.82,29.72,Clear
17/09/2023,12:30 AM,79.36,90.36,0.55,29.72,Clear
17/09/2023,01:00 AM,79.00,91.27,0.55,29.71,Clear
17/09/2023,01:30 AM,78.64,92.27,0.64,29.70,Clear
17/09/2023,02:00 AM,78.27,93.18,0.64,29.70,Clear
17/09/2023,02:30 AM,78.09,93.73,0.55,29.69,Clear
17/09/2023,03:00 AM,77.91,94.27,0.73,29.69,Clear
17/09/2023,03:30 AM,77.73,94.27,0.73,29.69,Clear
17/09/2023,04:00 AM,77.73,94.27,0.55,29.69,Clear
17/09/2023,04:30 AM,77.55,94.82,1.00,29.69,Clear
17/09/2023,05:00 AM,77.55,95.27,1.64,29.69,Clear
17/09/2023,05:30 AM,77.73,94.82,2.45,29.70,Clear
17/09/2023,06:00 AM,77.91,94.36,3.27,29.71,Clear
17/09/2023,06:30 AM,78.09,94.36,3.73,29.72,Clear
17/09/2023,07:00 AM,78.55,92.45,4.36,29.72,Clear
17/09/2023,07:30 AM,79.18,90.64,5.09,29.73,Clear
17/09/2023,08:00 AM,80.00,87.55,5.82,29.74,Rain
17/09/2023,08:30 AM,80.82,84.45,6.27,29.74,Rain
17/09/2023,09:00 AM,81.82,81.91,6.91,29.74,Rain
17/09/2023,09:30 AM,82.64,79.45,7.73,29.74,Clear
17/09/2023,10:00 AM,83.64,76.00,8.09,29.74,Clear
17/09/2023,10:30 AM,84.45,73.45,8.00,29.73,Clear
17/09/2023,11:00 AM,85.09,71.82,7.64,29.72,Clear
17/09/2023,11:30 AM,86.09,69.36,7.45,29.71,Clear
17/09/2023,12:00 PM,86.91,66.82,7.36,29.70,Clear
17/09/2023,12:30 PM,87.45,65.27,7.45,29.69,Clear
17/09/2023,01:00 PM,87.82,64.55,7.36,29.68,Clear
17/09/2023,01:30 PM,88.18,63.91,7.45,29.67,Clear
17/09/2023,02:00 PM,88.36,63.55,7.55,29.66,Clear
17/09/2023,02:30 PM,88.36,63.18,7.82,29.65,Clear
17/09/2023,03:00 PM,88.36,62.82,7.82,29.64,Clear
17/09/2023,03:30 PM,88.18,62.82,7.64,29.63,Clear
17/09/2023,04:00 PM,88.00,62.45,7.73,29.63,Clear
17/09/2023,04:30 PM,87.64,62.45,7.73,29.63,Clear
17/09/2023,05:00 PM,86.91,63.18,7.64,29.63,Clear
17/09/2023,05:30 PM,86.36,63.91,7.64,29.63,Clear
17/09/2023,06:00 PM,85.73,65.91,7.09,29.64,Clear
17/09/2023,06:30 PM,85.09,67.55,6.73,29.65,Clear
17/09/2023,07:00 PM,84.27,69.82,6.36,29.66,Clear
17/09/2023,07:30 PM,83.64,71.82,6.09,29.67,Clear
17/09/2023,08:00 PM,82.82,74.27,5.45,29.68,Clear
17/09/2023,08:30 PM,82.00,77.09,4.82,29.69,Clear
17/09/2023,09:00 PM,81.36,79.55,4.18,29.70,Clear
17/09/2023,09:30 PM,80.73,82.00,3.82,29.71,Clear
17/09/2023,10:00 PM,80.27,84.09,3.45,29.72,Clear
17/09/2023,10:30 PM,80.00,85.82,2.91,29.72,Clear
17/09/2023,11:00 PM,79.73,87.18,2.36,29.72,Clear
17/09/2023,11:30 PM,79.55,87.64,2.09,29.72,Clear
18/09/2023,12:00 AM,79.36,88.09,1.82,29.72,Clear
18/09/2023,12:30 AM,79.00,89.00,1.36,29.71,Clear
18/09/2023,01:00 AM,78.64,89.91,0.91,29.71,Clear
18/09/2023,01:30 AM,78.45,90.36,0.64,29.70,Clear
18/09/2023,02:00 AM,78.27,90.82,0.45,29.70,Clear
18/09/2023,02:30 AM,78.09,91.27,0.55,29.69,Clear
18/09/2023,03:00 AM,77.91,91.73,0.27,29.69,Clear
18/09/2023,03:30 AM,77.73,92.18,0.09,29.68,Clear
18/09/2023,04:00 AM,77.55,92.64,0.09,29.68,Clear
18/09/2023,04:30 AM,77.55,92.64,0.36,29.68,Clear
18/09/2023,05:00 AM,77.55,92.64,0.64,29.69,Clear
18/09/2023,05:30 AM,77.73,92.64,0.91,29.69,Clear
18/09/2023,06:00 AM,78.36,90.82,1.09,29.70,Clear
18/09/2023,06:30 AM,79.18,89.00,1.27,29.71,Clear
18/09/2023,07:00 AM,80.00,86.82,1.73,29.71,Clear
18/09/2023,07:30 AM,81.00,84.27,2.18,29.72,Clear
18/09/2023,08:00 AM,82.18,81.36,2.55,29.73,Clear
18/09/2023,08:30 AM,83.45,78.18,3.00,29.73,Clear
18/09/2023,09:00 AM,84.73,74.36,3.64,29.74,Clear
18/09/2023,09:30 AM,86.00,70.82,4.18,29.74,Clear
18/09/2023,10:00 AM,87.27,67.18,4.45,29.74,Clear
18/09/2023,10:30 AM,88.55,63.55,4.45,29.73,Clear
18/09/2023,11:00 AM,89.64,59.91,4.64,29.73,Clear
18/09/2023,11:30 AM,90.64,57.45,4.73,29.72,Clear
18/09/2023,12:00 PM,91.27,55.18,5.18,29.71,Clear
18/09/2023,12:30 PM,91.73,54.18,5.55,29.69,Clear
18/09/2023,01:00 PM,92.00,53.91,6.27,29.68,Clear
18/09/2023,01:30 PM,92.00,54.27,7.09,29.67,Clear
18/09/2023,02:00 PM,91.91,54.91,7.82,29.66,Clear
18/09/2023,02:30 PM,91.64,56.55,8.36,29.65,Clear
18/09/2023,03:00 PM,91.18,57.91,9.00,29.64,Clear
18/09/2023,03:30 PM,90.09,60.64,9.36,29.64,Rain
18/09/2023,04:00 PM,88.82,63.73,9.55,29.64,Rain
18/09/2023,04:30 PM,87.36,67.36,10.18,29.64,Rain
18/09/2023,05:00 PM,85.36,71.64,10.82,29.65,Rain
18/09/2023,05:30 PM,83.73,75.27,10.73,29.66,Rain
18/09/2023,06:00 PM,82.09,78.45,10.36,29.67,Rain
18/09/2023,06:30 PM,80.45,81.27,9.18,29.68,Clear
18/09/2023,07:00 PM,79.09,83.82,8.45,29.69,Rain
18/09/2023,07:30 PM,77.73,85.91,7.73,29.71,Rain
18/09/2023,08:00 PM,76.55,88.09,6.55,29.73,Rain
18/09/2023,08:30 PM,75.55,90.27,5.64,29.74,Clear
18/09/2023,09:00 PM,75.00,91.64,5.00,29.75,Clear
18/09/2023,09:30 PM,74.64,92.64,4.82,29.76,Clear
18/09/2023,10:00 PM,74.45,93.09,4.18,29.77,Clear
18/09/2023,10:30 PM,74.64,93.09,3.45,29.77,Clear
18/09/2023,11:00 PM,74.64,93.55,3.00,29.78,Clear
18/09/2023,11:30 PM,74.82,93.55,3.00,29.78,Clear
19/09/2023,12:00 AM,75.00,93.55,3.45,29.78,Clear
19/09/2023,12:30 AM,75.00,93.55,3.09,29.78,Clear
19/09/2023,01:00 AM,75.00,94.00,2.82,29.77,Clear
19/09/2023,01:30 AM,74.82,94.55,2.82,29.77,Clear
19/09/2023,02:00 AM,74.64,95.09,2.64,29.76,Clear
19/09/2023,02:30 AM,74.64,95.09,2.36,29.75,Clear
19/09/2023,03:00 AM,74.64,95.09,2.18,29.75,Clear
19/09/2023,03:30 AM,74.45,95.64,1.91,29.74,Clear
19/09/2023,04:00 AM,74.27,96.18,2.18,29.73,Clear
19/09/2023,04:30 AM,74.27,96.18,2.09,29.72,Clear
19/09/2023,05:00 AM,74.45,96.18,1.64,29.72,Clear
19/09/2023,05:30 AM,74.82,95.73,1.27,29.72,Clear
19/09/2023,06:00 AM,75.36,94.82,1.18,29.72,Clear
19/09/2023,06:30 AM,76.18,93.00,1.18,29.73,Clear
19/09/2023,07:00 AM,77.36,90.64,1.36,29.73,Clear
19/09/2023,07:30 AM,78.55,87.91,1.55,29.74,Clear
19/09/2023,08:00 AM,79.55,85.73,1.82,29.75,Clear
19/09/2023,08:30 AM,80.73,83.18,2.18,29.75,Clear
19/09/2023,09:00 AM,82.09,80.09,2.18,29.76,Clear
19/09/2023,09:30 AM,83.64,77.00,1.91,29.76,Clear
19/09/2023,10:00 AM,85.00,74.09,2.36,29.76,Clear
19/09/2023,10:30 AM,86.00,71.55,3.55,29.76,Clear
19/09/2023,11:00 AM,86.45,71.09,3.91,29.76,Clear
19/09/2023,11:30 AM,87.09,70.27,4.09,29.75,Clear
19/09/2023,12:00 PM,87.45,70.36,4.64,29.74,Rain
19/09/2023,12:30 PM,87.82,69.27,5.27,29.73,Rain
19/09/2023,01:00 PM,88.18,68.55,5.82,29.72,Rain
19/09/2023,01:30 PM,88.55,67.82,6.27,29.71,Rain
19/09/2023,02:00 PM,88.73,67.45,6.73,29.70,Rain
19/09/2023,02:30 PM,88.91,66.82,7.36,29.69,Clear
19/09/2023,03:00 PM,88.73,66.45,8.09,29.68,Rain
19/09/2023,03:30 PM,88.36,67.18,8.45,29.68,Rain
19/09/2023,04:00 PM,88.00,67.91,7.82,29.68,Rain
19/09/2023,04:30 PM,88.00,67.00,7.91,29.68,Clear
19/09/2023,05:00 PM,87.64,66.91,8.09,29.68,Clear
19/09/2023,05:30 PM,87.27,67.27,7.64,29.69,Clear
19/09/2023,06:00 PM,86.55,69.27,6.82,29.70,Clear
19/09/2023,06:30 PM,85.82,71.27,6.00,29.71,Clear
19/09/2023,07:00 PM,85.00,73.73,5.27,29.72,Clear
19/09/2023,07:30 PM,84.18,76.18,4.64,29.73,Clear
19/09/2023,08:00 PM,83.36,78.91,4.09,29.74,Clear
19/09/2023,08:30 PM,82.73,81.36,3.36,29.75,Clear
19/09/2023,09:00 PM,82.27,83.09,2.82,29.75,Clear
19/09/2023,09:30 PM,82.00,84.00,2.55,29.76,Clear
19/09/2023,10:00 PM,81.55,85.82,2.00,29.76,Clear
19/09/2023,10:30 PM,81.09,87.64,1.73,29.76,Clear
19/09/2023,11:00 PM,80.64,89.00,1.45,29.76,Clear
19/09/2023,11:30 PM,80.36,89.91,1.64,29.75,Clear
20/09/2023,12:00 AM,80.09,90.82,1.82,29.75,Clear
20/09/2023,12:30 AM,79.73,91.82,1.82,29.75,Clear
20/09/2023,01:00 AM,79.36,92.82,1.55,29.74,Clear
20/09/2023,01:30 AM,79.00,93.27,1.27,29.73,Clear
20/09/2023,02:00 AM,78.64,93.73,1.09,29.72,Clear
20/09/2023,02:30 AM,78.27,94.18,0.82,29.72,Clear
20/09/2023,03:00 AM,77.91,95.09,0.55,29.71,Clear
20/09/2023,03:30 AM,77.80,95.20,0.60,29.71,Clear
20/09/2023,04:00 AM,77.60,95.20,0.40,29.71,Clear
20/09/2023,04:30 AM,77.40,95.80,0.40,29.71,Clear
20/09/2023,05:00 AM,77.40,95.80,0.40,29.71,Clear
20/09/2023,05:30 AM,77.70,94.80,0.20,29.72,Clear
20/09/2023,06:00 AM,78.20,93.20,0.50,29.72,Clear
20/09/2023,06:30 AM,79.10,90.60,0.70,29.73,Clear
20/09/2023,07:00 AM,80.00,88.60,1.20,29.74,Clear
20/09/2023,07:30 AM,81.10,85.80,1.70,29.74,Clear
20/09/2023,08:00 AM,82.40,82.60,2.20,29.75,Clear
20/09/2023,08:30 AM,83.70,79.10,2.90,29.75,Clear
20/09/2023,09:00 AM,84.36,76.91,3.18,29.75,Clear
20/09/2023,09:30 AM,85.55,73.73,3.82,29.75,Clear
20/09/2023,10:00 AM,86.82,69.64,4.45,29.75,Clear
20/09/2023,10:30 AM,87.91,66.45,5.09,29.75,Clear
20/09/2023,11:00 AM,88.73,63.82,6.00,29.74,Clear
20/09/2023,11:30 AM,89.55,60.91,6.64,29.73,Clear
20/09/2023,12:00 PM,90.00,59.55,7.36,29.72,Clear
20/09/2023,12:30 PM,90.45,58.18,7.64,29.71,Clear
20/09/2023,01:00 PM,90.73,57.91,7.73,29.69,Clear
20/09/2023,01:30 PM,90.82,58.00,8.09,29.68,Clear
20/09/2023,02:00 PM,90.82,58.64,8.91,29.67,Clear
20/09/2023,02:30 PM,90.36,60.00,9.82,29.66,Clear
20/09/2023,03:00 PM,89.82,61.36,10.45,29.65,Clear
20/09/2023,03:30 PM,89.18,62.73,10.73,29.65,Clear
20/09/2023,04:00 PM,88.55,63.73,10.45,29.64,Clear
20/09/2023,04:30 PM,87.73,65.45,9.73,29.64,Clear
20/09/2023,05:00 PM,86.91,67.45,9.09,29.64,Rain
20/09/2023,05:30 PM,86.00,69.27,8.18,29.65,Clear
20/09/2023,06:00 PM,85.18,71.09,7.73,29.66,Clear
20/09/2023,06:30 PM,84.27,73.00,7.18,29.67,Clear
20/09/2023,07:00 PM,83.36,74.91,6.36,29.68,Clear
20/09/2023,07:30 PM,82.36,77.00,4.91,29.69,Clear
20/09/2023,08:00 PM,81.73,78.73,3.64,29.70,Clear
20/09/2023,08:30 PM,81.27,80.09,2.45,29.71,Clear
20/09/2023,09:00 PM,80.82,81.82,1.73,29.72,Clear
20/09/2023,09:30 PM,80.36,83.55,1.36,29.74,Clear
20/09/2023,10:00 PM,79.91,85.91,1.64,29.74,Clear
20/09/2023,10:30 PM,79.45,87.73,1.64,29.74,Clear
20/09/2023,11:00 PM,79.09,89.64,1.91,29.74,Clear
20/09/2023,11:30 PM,78.64,91.00,1.82,29.74,Clear
21/09/2023,12:00 AM,78.27,91.91,2.00,29.74,Clear
21/09/2023,12:30 AM,77.91,92.82,2.27,29.73,Clear
21/09/2023,01:00 AM,77.73,93.27,2.27,29.73,Clear
21/09/2023,01:30 AM,77.55,93.73,2.36,29.72,Clear
21/09/2023,02:00 AM,77.36,94.18,2.45,29.72,Clear
21/09/2023,02:30 AM,77.18,94.64,2.45,29.71,Clear
21/09/2023,03:00 AM,77.00,95.09,2.45,29.71,Clear
21/09/2023,03:30 AM,77.00,94.55,2.00,29.70,Clear
21/09/2023,04:00 AM,76.82,95.09,1.82,29.70,Clear
21/09/2023,04:30 AM,76.82,94.55,1.73,29.70,Clear
21/09/2023,05:00 AM,77.00,94.55,1.64,29.71,Clear
21/09/2023,05:30 AM,77.18,94.55,1.73,29.71,Clear
21/09/2023,06:00 AM,77.55,94.09,1.64,29.72,Clear
21/09/2023,06:30 AM,78.18,92.73,1.91,29.72,Clear
21/09/2023,07:00 AM,79.00,90.55,2.18,29.73,Clear
21/09/2023,07:30 AM,80.00,88.00,2.18,29.73,Clear
21/09/2023,08:00 AM,81.00,85.45,2.45,29.74,Clear
21/09/2023,08:30 AM,82.18,82.27,2.55,29.74,Clear
21/09/2023,09:00 AM,83.45,78.73,3.00,29.75,Clear
21/09/2023,09:30 AM,85.09,74.36,3.09,29.75,Clear
21/09/2023,10:00 AM,86.36,70.82,3.36,29.75,Clear
21/09/2023,10:30 AM,87.18,68.27,4.09,29.74,Clear
21/09/2023,11:00 AM,87.00,68.27,5.36,29.73,Clear
21/09/2023,11:30 AM,86.45,68.73,6.45,29.72,Clear
21/09/2023,12:00 PM,85.64,70.09,6.73,29.72,Clear
21/09/2023,12:30 PM,84.64,72.82,6.45,29.71,Clear
21/09/2023,01:00 PM,83.45,75.91,7.00,29.71,Rain
21/09/2023,01:30 PM,82.45,78.45,7.09,29.70,Rain
21/09/2023,02:00 PM,81.09,82.18,7.09,29.69,Rain
21/09/2023,02:30 PM,79.82,85.73,7.09,29.69,Rain
21/09/2023,03:00 PM,78.36,89.09,7.36,29.69,Rain
21/09/2023,03:30 PM,77.09,92.18,7.09,29.69,Rain
21/09/2023,04:00 PM,76.09,94.27,6.45,29.69,Rain
21/09/2023,04:30 PM,76.09,94.27,4.91,29.70,Rain
21/09/2023,05:00 PM,76.09,94.82,3.91,29.71,Rain
21/09/2023,05:30 PM,76.09,95.36,3.55,29.71,Rain
21/09/2023,06:00 PM,76.09,95.36,3.55,29.72,Rain
21/09/2023,06:30 PM,76.09,95.36,3.09,29.73,Rain
21/09/2023,07:00 PM,75.91,95.91,2.82,29.74,Clear
21/09/2023,07:30 PM,75.91,95.91,2.73,29.74,Clear
21/09/2023,08:00 PM,75.73,96.45,2.27,29.75,Clear
21/09/2023,08:30 PM,75.55,97.45,2.09,29.75,Rain
21/09/2023,09:00 PM,75.36,98.45,2.18,29.76,Rain
21/09/2023,09:30 PM,75.18,99.45,2.00,29.76,Rain
21/09/2023,10:00 PM,75.00,100.00,2.27,29.76,Rain
21/09/2023,10:30 PM,75.00,100.00,2.27,29.76,Clear
21/09/2023,11:00 PM,75.00,100.00,2.55,29.75,Rain
21/09/2023,11:30 PM,75.00,100.00,2.82,29.75,Clear
22/09/2023,12:00 AM,75.00,100.00,2.82,29.74,Clear
22/09/2023,12:30 AM,75.00,100.00,2.73,29.73,Clear
22/09/2023,01:00 AM,75.00,100.00,2.82,29.72,Clear
22/09/2023,01:30 AM,75.00,100.00,2.82,29.72,Clear
22/09/2023,02:00 AM,75.00,100.00,2.55,29.71,Clear
22/09/2023,02:30 AM,75.00,100.00,2.55,29.71,Clear
22/09/2023,03:00 AM,75.00,100.00,2.82,29.70,Clear
22/09/2023,03:30 AM,75.00,100.00,2.55,29.70,Clear
22/09/2023,04:00 AM,75.00,100.00,2.27,29.70,Clear
22/09/2023,04:30 AM,75.18,99.45,1.82,29.69,Clear
22/09/2023,05:00 AM,75.36,98.91,1.55,29.70,Clear
22/09/2023,05:30 AM,75.73,97.91,1.45,29.70,Clear
22/09/2023,06:00 AM,76.27,96.91,1.73,29.71,Clear
22/09/2023,06:30 AM,76.82,95.91,2.00,29.71,Clear
22/09/2023,07:00 AM,77.45,94.45,2.45,29.72,Clear
22/09/2023,07:30 AM,78.27,92.09,3.00,29.73,Clear
22/09/2023,08:00 AM,79.27,89.36,3.18,29.73,Clear
22/09/2023,08:30 AM,80.27,86.64,3.36,29.74,Clear
22/09/2023,09:00 AM,81.45,83.55,3.82,29.74,Clear
22/09/2023,09:30 AM,82.64,80.09,4.27,29.74,Clear
22/09/2023,10:00 AM,83.64,77.55,5.09,29.74,Clear
22/09/2023,10:30 AM,84.64,75.00,5.45,29.74,Clear
22/09/2023,11:00 AM,85.45,72.91,5.82,29.74,Clear
22/09/2023,11:30 AM,86.09,70.82,6.55,29.73,Rain
22/09/2023,12:00 PM,86.73,68.73,7.09,29.72,Rain
22/09/2023,12:30 PM,86.73,68.27,7.82,29.71,Clear
22/09/2023,01:00 PM,86.73,68.27,8.00,29.69,Clear
22/09/2023,01:30 PM,86.55,69.09,8.36,29.68,Rain
22/09/2023,02:00 PM,86.36,69.45,8.73,29.67,Rain
22/09/2023,02:30 PM,86.00,70.18,9.00,29.66,Rain
22/09/2023,03:00 PM,85.64,71.27,9.27,29.66,Rain
22/09/2023,03:30 PM,85.09,72.45,9.00,29.65,Rain
22/09/2023,04:00 PM,84.55,73.64,8.91,29.65,Clear
22/09/2023,04:30 PM,83.91,75.27,8.64,29.66,Rain
22/09/2023,05:00 PM,83.27,76.91,7.73,29.66,Clear
22/09/2023,05:30 PM,82.64,78.55,6.82,29.67,Clear
22/09/2023,06:00 PM,82.55,78.55,5.91,29.68,Clear
22/09/2023,06:30 PM,82.09,79.91,5.36,29.68,Clear
22/09/2023,07:00 PM,81.64,80.82,5.00,29.69,Clear
22/09/2023,07:30 PM,81.18,81.64,4.45,29.71,Clear
22/09/2023,08:00 PM,80.73,83.00,3.73,29.72,Clear
22/09/2023,08:30 PM,80.27,84.36,3.18,29.73,Clear
22/09/2023,09:00 PM,80.00,85.27,2.82,29.74,Clear
22/09/2023,09:30 PM,79.73,86.18,2.55,29.74,Clear
22/09/2023,10:00 PM,79.55,86.64,2.45,29.75,Clear
22/09/2023,10:30 PM,79.36,87.09,2.36,29.75,Clear
22/09/2023,11:00 PM,79.00,88.00,2.36,29.75,Clear
22/09/2023,11:30 PM,78.64,89.36,2.18,29.75,Clear
23/09/2023,12:00 AM,78.45,89.82,2.09,29.75,Clear
23/09/2023,12:30 AM,78.27,90.27,1.91,29.74,Clear
23/09/2023,01:00 AM,78.09,91.27,1.64,29.73,Clear
23/09/2023,01:30 AM,77.91,91.73,1.82,29.72,Clear
23/09/2023,02:00 AM,77.73,92.18,1.73,29.71,Clear
23/09/2023,02:30 AM,77.36,93.18,1.82,29.71,Clear
23/09/2023,03:00 AM,77.00,94.18,1.82,29.70,Clear
23/09/2023,03:30 AM,76.64,95.18,1.91,29.69,Clear
23/09/2023,04:00 AM,76.45,95.64,1.91,29.69,Clear
23/09/2023,04:30 AM,76.45,95.64,1.82,29.69,Clear
23/09/2023,05:00 AM,76.64,95.18,1.91,29.69,Clear
23/09/2023,05:30 AM,77.09,94.27,2.00,29.70,Clear
23/09/2023,06:00 AM,77.55,92.91,1.91,29.71,Clear
23/09/2023,06:30 AM,78.18,91.09,2.00,29.71,Clear
23/09/2023,07:00 AM,79.00,88.91,2.27,29.72,Clear
23/09/2023,07:30 AM,79.82,86.73,2.45,29.73,Clear
23/09/2023,08:00 AM,80.82,84.00,2.45,29.74,Clear
23/09/2023,08:30 AM,82.18,80.55,2.64,29.74,Clear
23/09/2023,09:00 AM,83.36,77.45,2.91,29.74,Clear
23/09/2023,09:30 AM,84.36,74.91,3.27,29.74,Clear
23/09/2023,10:00 AM,85.55,72.00,3.45,29.74,Clear
23/09/2023,10:30 AM,85.73,71.09,3.91,29.73,Clear
23/09/2023,11:00 AM,85.73,71.09,4.00,29.73,Clear
23/09/2023,11:30 AM,85.45,72.45,4.45,29.72,Clear
23/09/2023,12:00 PM,85.00,73.27,4.91,29.71,Clear
23/09/2023,12:30 PM,84.18,75.45,4.91,29.70,Rain
23/09/2023,01:00 PM,83.36,78.18,5.09,29.69,Rain
23/09/2023,01:30 PM,82.55,80.91,5.27,29.69,Rain
23/09/2023,02:00 PM,81.55,83.82,5.00,29.68,Rain
23/09/2023,02:30 PM,80.73,86.36,4.55,29.68,Rain
23/09/2023,03:00 PM,79.91,88.91,4.27,29.67,Rain
23/09/2023,03:30 PM,78.91,91.82,4.27,29.67,Rain
23/09/2023,04:00 PM,78.73,93.18,3.82,29.67,Clear
23/09/2023,04:30 PM,78.45,94.09,3.73,29.67,Clear
23/09/2023,05:00 PM,78.45,94.09,3.27,29.68,Rain
23/09/2023,05:30 PM,78.45,95.09,2.73,29.68,Clear
23/09/2023,06:00 PM,78.45,95.64,2.27,29.69,Clear
23/09/2023,06:30 PM,78.45,95.64,1.82,29.69,Clear
23/09/2023,07:00 PM,78.45,95.64,1.36,29.70,Clear
23/09/2023,07:30 PM,78.27,96.18,1.18,29.71,Clear
23/09/2023,08:00 PM,78.09,96.73,1.09,29.72,Clear
23/09/2023,08:30 PM,77.91,97.27,1.09,29.72,Clear
23/09/2023,09:00 PM,77.73,97.82,1.09,29.73,Clear
23/09/2023,09:30 PM,77.55,98.36,1.09,29.74,Clear
23/09/2023,10:00 PM,77.36,98.91,1.18,29.74,Rain
23/09/2023,10:30 PM,77.18,99.45,1.18,29.75,Clear
23/09/2023,11:00 PM,77.00,99.45,1.45,29.74,Clear
23/09/2023,11:30 PM,77.00,98.91,1.73,29.74,Clear
24/09/2023,12:00 AM,77.00,98.36,1.91,29.74,Clear
24/09/2023,12:30 AM,77.00,97.82,2.18,29.73,Clear
24/09/2023,01:00 AM,77.00,97.27,2.36,29.72,Clear
24/09/2023,01:30 AM,77.00,96.73,2.36,29.71,Clear
24/09/2023,02:00 AM,77.00,96.18,2.09,29.71,Clear
24/09/2023,02:30 AM,77.00,95.64,2.09,29.70,Clear
24/09/2023,03:00 AM,77.00,95.09,2.09,29.69,Clear
24/09/2023,03:30 AM,77.00,94.55,2.45,29.69,Clear
24/09/2023,04:00 AM,77.00,94.00,3.00,29.69,Clear
24/09/2023,04:30 AM,77.00,94.00,3.45,29.70,Clear
24/09/2023,05:00 AM,77.00,94.00,3.45,29.71,Clear
24/09/2023,05:30 AM,76.82,94.00,3.73,29.72,Clear
24/09/2023,06:00 AM,76.64,94.00,3.91,29.73,Clear
24/09/2023,06:30 AM,76.45,94.00,4.45,29.74,Rain
24/09/2023,07:00 AM,76.27,94.00,5.00,29.75,Rain
24/09/2023,07:30 AM,76.27,93.55,5.45,29.76,Rain
24/09/2023,08:00 AM,76.27,93.09,5.64,29.76,Rain
24/09/2023,08:30 AM,76.45,92.09,6.00,29.77,Rain
24/09/2023,09:00 AM,76.82,90.73,5.91,29.77,Clear
24/09/2023,09:30 AM,77.45,88.55,5.18,29.76,Rain
24/09/2023,10:00 AM,77.91,86.73,5.00,29.75,Rain
24/09/2023,10:30 AM,78.55,84.91,5.36,29.74,Rain
24/09/2023,11:00 AM,79.18,83.09,5.73,29.73,Clear
24/09/2023,11:30 AM,79.82,81.73,5.91,29.71,Clear
24/09/2023,12:00 PM,80.45,80.36,6.00,29.69,Clear
24/09/2023,12:30 PM,81.27,78.55,6.36,29.68,Clear
24/09/2023,01:00 PM,81.91,77.18,6.82,29.66,Clear
24/09/2023,01:30 PM,82.36,75.82,7.18,29.65,Clear
24/09/2023,02:00 PM,82.64,75.45,7.18,29.64,Clear
24/09/2023,02:30 PM,82.64,76.36,7.09,29.63,Clear
24/09/2023,03:00 PM,82.36,78.09,7.64,29.62,Clear
24/09/2023,03:30 PM,82.09,79.91,7.64,29.62,Clear
24/09/2023,04:00 PM,81.64,81.73,7.45,29.62,Clear
24/09/2023,04:30 PM,81.36,83.55,7.09,29.62,Clear
24/09/2023,05:00 PM,81.09,84.91,7.09,29.62,Rain
24/09/2023,05:30 PM,80.82,85.82,6.91,29.63,Rain
24/09/2023,06:00 PM,80.36,87.18,6.55,29.64,Rain
24/09/2023,06:30 PM,79.91,89.00,5.91,29.65,Rain
24/09/2023,07:00 PM,79.64,90.82,5.36,29.66,Rain
24/09/2023,07:30 PM,79.36,92.18,5.09,29.67,Clear
24/09/2023,08:00 PM,79.18,92.64,5.09,29.68,Clear
24/09/2023,08:30 PM,79.00,93.09,4.64,29.69,Clear
24/09/2023,09:00 PM,79.00,93.09,4.09,29.70,Clear
24/09/2023,09:30 PM,78.82,93.64,3.64,29.70,Clear
24/09/2023,10:00 PM,78.64,94.18,3.18,29.70,Rain
24/09/2023,10:30 PM,78.45,94.73,2.55,29.70,Clear
24/09/2023,11:00 PM,78.27,95.18,1.91,29.70,Clear
24/09/2023,11:30 PM,78.09,95.64,1.36,29.70,Rain
25/09/2023,12:00 AM,77.91,95.64,1.09,29.69,Clear
25/09/2023,12:30 AM,77.73,95.64,0.82,29.68,Clear
25/09/2023,01:00 AM,77.55,95.64,0.73,29.68,Clear
25/09/2023,01:30 AM,77.36,96.18,0.27,29.67,Clear
25/09/2023,02:00 AM,77.18,96.73,0.18,29.66,Clear
25/09/2023,02:30 AM,77.00,96.73,0.45,29.66,Clear
25/09/2023,03:00 AM,77.00,96.18,0.64,29.65,Clear
25/09/2023,03:30 AM,77.00,95.64,0.82,29.65,Clear
25/09/2023,04:00 AM,77.00,95.09,1.09,29.65,Rain
25/09/2023,04:30 AM,77.00,95.09,1.27,29.65,Rain
25/09/2023,05:00 AM,77.18,94.64,1.55,29.65,Rain
25/09/2023,05:30 AM,77.36,94.18,1.55,29.66,Clear
25/09/2023,06:00 AM,77.73,93.27,1.82,29.66,Clear
25/09/2023,06:30 AM,78.18,92.36,1.82,29.67,Clear
25/09/2023,07:00 AM,78.82,90.45,2.00,29.68,Clear
25/09/2023,07:30 AM,79.64,88.09,2.45,29.69,Clear
25/09/2023,08:00 AM,80.64,85.55,3.00,29.69,Clear
25/09/2023,08:30 AM,81.00,84.64,4.09,29.70,Clear
25/09/2023,09:00 AM,81.18,84.64,4.55,29.70,Clear
25/09/2023,09:30 AM,81.55,84.18,4.45,29.70,Clear
25/09/2023,10:00 AM,81.91,83.73,4.55,29.70,Rain
25/09/2023,10:30 AM,81.91,83.73,5.55,29.70,Clear
25/09/2023,11:00 AM,81.91,84.18,6.00,29.70,Rain
25/09/2023,11:30 AM,81.91,84.64,6.00,29.69,Rain
25/09/2023,12:00 PM,81.82,85.09,6.64,29.68,Rain
25/09/2023,12:30 PM,81.55,85.55,6.64,29.67,Rain
25/09/2023,01:00 PM,81.09,86.45,6.91,29.66,Rain
25/09/2023,01:30 PM,80.27,88.00,6.73,29.65,Rain
25/09/2023,02:00 PM,79.91,88.91,5.91,29.64,Rain
25/09/2023,02:30 PM,79.73,88.91,5.73,29.64,Rain
25/09/2023,03:00 PM,79.36,89.36,6.00,29.63,Rain
25/09/2023,03:30 PM,79.00,89.82,6.18,29.63,Rain
25/09/2023,04:00 PM,78.82,90.27,5.36,29.63,Rain
25/09/2023,04:30 PM,78.64,90.27,5.18,29.63,Rain
25/09/2023,05:00 PM,78.27,90.73,5.18,29.64,Rain
25/09/2023,05:30 PM,77.91,91.18,4.55,29.65,Rain
25/09/2023,06:00 PM,77.36,92.64,4.82,29.66,Rain
25/09/2023,06:30 PM,76.82,94.09,4.27,29.66,Rain
25/09/2023,07:00 PM,76.45,95.64,3.82,29.67,Rain
25/09/2023,07:30 PM,76.27,96.18,3.36,29.68,Rain
25/09/2023,08:00 PM,76.09,96.73,2.91,29.69,Rain
25/09/2023,08:30 PM,75.91,97.27,2.45,29.69,Rain
25/09/2023,09:00 PM,75.91,97.27,2.18,29.70,Rain
25/09/2023,09:30 PM,75.73,97.82,1.91,29.70,Clear
25/09/2023,10:00 PM,75.73,97.82,1.64,29.70,Clear
25/09/2023,10:30 PM,75.73,97.82,1.55,29.70,Clear
25/09/2023,11:00 PM,75.73,97.82,1.55,29.70,Clear
25/09/2023,11:30 PM,75.91,97.27,1.55,29.69,Clear
26/09/2023,12:00 AM,76.09,96.73,1.91,29.69,Clear
26/09/2023,12:30 AM,76.27,96.18,2.27,29.68,Clear
26/09/2023,01:00 AM,76.45,95.64,2.91,29.68,Rain
26/09/2023,01:30 AM,76.64,95.09,3.18,29.67,Clear
26/09/2023,02:00 AM,76.82,94.55,3.45,29.66,Clear
26/09/2023,02:30 AM,76.82,94.55,3.73,29.66,Clear
26/09/2023,03:00 AM,76.82,94.55,4.00,29.65,Clear
26/09/2023,03:30 AM,76.82,94.55,4.45,29.65,Clear
26/09/2023,04:00 AM,76.82,94.55,4.82,29.65,Clear
26/09/2023,04:30 AM,76.82,94.55,5.18,29.65,Clear
26/09/2023,05:00 AM,76.82,94.55,5.27,29.65,Clear
26/09/2023,05:30 AM,77.00,94.09,5.00,29.66,Rain
26/09/2023,06:00 AM,77.45,93.18,4.91,29.67,Rain
26/09/2023,06:30 AM,77.64,93.18,5.09,29.68,Rain
26/09/2023,07:00 AM,77.82,93.18,5.36,29.69,Clear
26/09/2023,07:30 AM,77.82,93.73,5.36,29.70,Clear
26/09/2023,08:00 AM,78.00,93.73,5.36,29.71,Clear
26/09/2023,08:30 AM,78.18,93.18,5.55,29.72,Clear
26/09/2023,09:00 AM,78.18,93.18,5.36,29.72,Rain
26/09/2023,09:30 AM,78.18,93.73,5.09,29.73,Rain
26/09/2023,10:00 AM,78.18,94.27,4.73,29.73,Rain
26/09/2023,10:30 AM,78.36,93.82,4.64,29.73,Rain
26/09/2023,11:00 AM,78.55,93.82,5.00,29.73,Rain
26/09/2023,11:30 AM,78.45,93.82,5.27,29.73,Clear
26/09/2023,12:00 PM,78.64,92.91,5.27,29.72,Rain
26/09/2023,12:30 PM,78.64,92.45,5.55,29.71,Rain
26/09/2023,01:00 PM,78.82,91.91,5.82,29.70,Rain
26/09/2023,01:30 PM,78.82,91.45,5.64,29.69,Rain
26/09/2023,02:00 PM,79.00,90.45,5.27,29.68,Clear
26/09/2023,02:30 PM,79.36,89.09,5.09,29.67,Rain
26/09/2023,03:00 PM,79.55,87.55,5.00,29.66,Rain
26/09/2023,03:30 PM,79.73,86.00,5.09,29.66,Rain
26/09/2023,04:00 PM,79.73,86.00,4.82,29.66,Rain
26/09/2023,04:30 PM,79.55,86.00,4.64,29.65,Rain
26/09/2023,05:00 PM,79.18,86.91,4.36,29.65,Clear
26/09/2023,05:30 PM,78.82,87.82,3.64,29.66,Clear
26/09/2023,06:00 PM,78.64,88.27,2.82,29.66,Clear
26/09/2023,06:30 PM,78.45,88.27,2.55,29.67,Rain
26/09/2023,07:00 PM,78.27,88.73,2.73,29.67,Rain
26/09/2023,07:30 PM,78.09,89.73,2.64,29.68,Rain
26/09/2023,08:00 PM,77.73,91.09,2.55,29.69,Rain
26/09/2023,08:30 PM,77.55,92.09,2.36,29.69,Rain
26/09/2023,09:00 PM,77.36,93.09,2.09,29.69,Clear
26/09/2023,09:30 PM,77.18,93.55,1.91,29.70,Clear
26/09/2023,10:00 PM,77.00,94.00,1.45,29.70,Clear
26/09/2023,10:30 PM,77.00,94.00,1.00,29.70,Clear
26/09/2023,11:00 PM,77.00,94.00,0.91,29.70,Clear
26/09/2023,11:30 PM,77.00,94.00,0.91,29.69,Clear
27/09/2023,12:00 AM,76.82,94.55,0.64,29.69,Clear
27/09/2023,12:30 AM,76.82,94.55,0.18,29.69,Clear
27/09/2023,01:00 AM,76.64,95.09,0.00,29.68,Clear
27/09/2023,01:30 AM,76.64,95.09,0.00,29.67,Clear
27/09/2023,02:00 AM,76.45,95.64,0.00,29.66,Clear
27/09/2023,02:30 AM,76.27,96.18,0.00,29.66,Clear
27/09/2023,03:00 AM,76.09,96.73,0.00,29.66,Clear
27/09/2023,03:30 AM,75.91,97.27,0.00,29.66,Clear
27/09/2023,04:00 AM,75.73,97.82,0.00,29.66,Clear
27/09/2023,04:30 AM,75.55,98.36,0.00,29.66,Clear
27/09/2023,05:00 AM,75.55,98.36,0.18,29.66,Clear
27/09/2023,05:30 AM,76.09,96.91,0.64,29.66,Clear
27/09/2023,06:00 AM,76.55,95.55,0.91,29.66,Clear
27/09/2023,06:30 AM,77.36,93.18,1.18,29.67,Clear
27/09/2023,07:00 AM,78.00,91.36,1.64,29.68,Clear
27/09/2023,07:30 AM,79.00,88.64,2.27,29.69,Clear
27/09/2023,08:00 AM,80.00,86.27,2.73,29.70,Clear
27/09/2023,08:30 AM,81.18,83.55,3.36,29.70,Clear
27/09/2023,09:00 AM,82.36,80.45,4.27,29.70,Clear
27/09/2023,09:30 AM,83.73,77.00,5.18,29.70,Clear
27/09/2023,10:00 AM,84.91,73.91,5.91,29.70,Clear
27/09/2023,10:30 AM,86.09,70.73,6.55,29.70,Clear
27/09/2023,11:00 AM,86.91,68.45,7.00,29.69,Clear
27/09/2023,11:30 AM,87.64,66.00,7.55,29.69,Clear
27/09/2023,12:00 PM,88.00,64.91,8.45,29.68,Clear
27/09/2023,12:30 PM,87.55,65.73,9.55,29.68,Clear
27/09/2023,01:00 PM,86.55,67.91,9.64,29.67,Clear
27/09/2023,01:30 PM,85.55,69.73,9.82,29.67,Clear
27/09/2023,02:00 PM,84.36,71.91,10.00,29.67,Clear
27/09/2023,02:30 PM,83.18,74.45,9.73,29.67,Rain
27/09/2023,03:00 PM,81.82,77.36,8.82,29.67,Rain
27/09/2023,03:30 PM,80.64,79.91,8.27,29.67,Rain
27/09/2023,04:00 PM,79.27,83.09,7.91,29.67,Rain
27/09/2023,04:30 PM,77.91,86.27,7.45,29.67,Rain
27/09/2023,05:00 PM,76.55,90.09,6.91,29.68,Rain
27/09/2023,05:30 PM,75.36,93.00,6.00,29.68,Rain
27/09/2023,06:00 PM,75.00,94.00,4.45,29.68,Clear
27/09/2023,06:30 PM,75.00,94.00,3.82,29.69,Clear
27/09/2023,07:00 PM,75.00,94.00,3.18,29.69,Clear
27/09/2023,07:30 PM,75.00,94.00,2.82,29.69,Clear
27/09/2023,08:00 PM,75.00,94.00,2.64,29.70,Clear
27/09/2023,08:30 PM,75.00,94.00,2.91,29.70,Clear
27/09/2023,09:00 PM,75.00,94.00,3.27,29.71,Clear
27/09/2023,09:30 PM,75.00,94.00,2.91,29.71,Clear
27/09/2023,10:00 PM,75.00,94.00,2.73,29.72,Clear
27/09/2023,10:30 PM,75.00,94.00,2.73,29.72,Clear
27/09/2023,11:00 PM,75.00,94.00,2.64,29.72,Clear
27/09/2023,11:30 PM,75.00,94.00,2.91,29.72,Clear
28/09/2023,12:00 AM,75.00,94.00,3.09,29.72,Clear
28/09/2023,12:30 AM,75.00,94.00,3.27,29.72,Clear
28/09/2023,01:00 AM,75.00,94.00,3.00,29.71,Clear
28/09/2023,01:30 AM,75.00,94.00,2.73,29.71,Clear
28/09/2023,02:00 AM,75.00,94.00,2.64,29.70,Clear
28/09/2023,02:30 AM,75.00,94.00,2.27,29.70,Clear
28/09/2023,03:00 AM,75.00,94.00,2.45,29.69,Clear
28/09/2023,03:30 AM,75.00,94.00,2.45,29.69,Clear
28/09/2023,04:00 AM,75.00,94.00,2.18,29.69,Clear
28/09/2023,04:30 AM,75.00,94.55,2.09,29.69,Clear
28/09/2023,05:00 AM,75.18,94.55,2.09,29.69,Clear
28/09/2023,05:30 AM,75.55,94.09,2.00,29.70,Clear
28/09/2023,06:00 AM,76.09,93.18,1.82,29.70,Clear
28/09/2023,06:30 AM,76.73,91.82,1.91,29.71,Clear
28/09/2023,07:00 AM,77.55,90.00,2.00,29.72,Clear
28/09/2023,07:30 AM,78.55,87.82,2.09,29.73,Clear
28/09/2023,08:00 AM,79.73,85.64,2.45,29.74,Clear
28/09/2023,08:30 AM,81.09,83.09,2.45,29.74,Clear
28/09/2023,09:00 AM,82.45,80.18,2.91,29.74,Clear
28/09/2023,09:30 AM,83.82,77.27,3.73,29.74,Clear
28/09/2023,10:00 AM,85.18,73.82,4.36,29.74,Clear
28/09/2023,10:30 AM,86.36,70.91,4.55,29.73,Clear
28/09/2023,11:00 AM,87.45,68.18,5.27,29.72,Clear
28/09/2023,11:30 AM,88.36,65.91,6.09,29.71,Clear
28/09/2023,12:00 PM,89.18,63.73,6.64,29.70,Clear
28/09/2023,12:30 PM,89.82,62.00,7.09,29.69,Clear
28/09/2023,01:00 PM,90.27,61.00,7.55,29.67,Clear
28/09/2023,01:30 PM,90.55,59.36,7.73,29.66,Clear
28/09/2023,02:00 PM,90.64,58.36,8.18,29.65,Clear
28/09/2023,02:30 PM,90.73,57.73,8.00,29.64,Clear
28/09/2023,03:00 PM,90.73,57.73,7.64,29.63,Clear
28/09/2023,03:30 PM,90.55,58.09,7.36,29.63,Clear
28/09/2023,04:00 PM,90.18,58.82,7.09,29.63,Clear
28/09/2023,04:30 PM,89.73,59.82,6.45,29.63,Clear
28/09/2023,05:00 PM,89.09,61.64,5.64,29.63,Clear
28/09/2023,05:30 PM,88.27,64.27,4.82,29.64,Clear
28/09/2023,06:00 PM,87.45,66.91,4.09,29.65,Clear
28/09/2023,06:30 PM,86.64,69.18,3.36,29.66,Clear
28/09/2023,07:00 PM,85.73,72.55,2.64,29.67,Clear
28/09/2023,07:30 PM,84.82,75.64,1.91,29.68,Clear
28/09/2023,08:00 PM,83.91,78.73,1.36,29.70,Clear
28/09/2023,08:30 PM,83.09,81.18,0.91,29.71,Clear
28/09/2023,09:00 PM,82.27,83.73,0.45,29.72,Clear
28/09/2023,09:30 PM,81.64,85.91,0.73,29.73,Clear
28/09/2023,10:00 PM,81.00,88.09,1.00,29.74,Clear
28/09/2023,10:30 PM,80.55,89.45,1.18,29.74,Clear
28/09/2023,11:00 PM,80.27,89.91,1.45,29.74,Clear
28/09/2023,11:30 PM,80.00,90.82,1.45,29.75,Clear
29/09/2023,12:00 AM,79.73,91.73,1.45,29.75,Clear
29/09/2023,12:30 AM,79.55,92.18,1.45,29.75,Clear
29/09/2023,01:00 AM,79.36,92.64,1.45,29.74,Clear
29/09/2023,01:30 AM,79.18,93.09,1.45,29.74,Clear
29/09/2023,02:00 AM,78.82,94.09,1.45,29.74,Clear
29/09/2023,02:30 AM,78.64,94.09,1.45,29.74,Clear
29/09/2023,03:00 AM,78.45,94.09,1.00,29.73,Clear
29/09/2023,03:30 AM,78.27,94.09,0.45,29.73,Clear
29/09/2023,04:00 AM,78.09,94.64,0.27,29.73,Clear
29/09/2023,04:30 AM,78.09,95.09,0.00,29.74,Clear
29/09/2023,05:00 AM,78.27,94.64,0.00,29.74,Clear
29/09/2023,05:30 AM,78.55,93.73,0.00,29.75,Clear
29/09/2023,06:00 AM,79.00,92.82,0.00,29.75,Clear
29/09/2023,06:30 AM,79.64,91.00,0.00,29.76,Clear
29/09/2023,07:00 AM,80.27,89.64,0.00,29.76,Clear
29/09/2023,07:30 AM,81.27,86.91,0.00,29.77,Clear
29/09/2023,08:00 AM,82.45,84.36,0.27,29.77,Clear
29/09/2023,08:30 AM,83.64,81.45,0.82,29.78,Clear
29/09/2023,09:00 AM,84.91,78.27,1.36,29.78,Clear
29/09/2023,09:30 AM,86.18,74.55,2.73,29.79,Clear
29/09/2023,10:00 AM,86.36,73.64,3.82,29.79,Clear
29/09/2023,10:30 AM,86.64,72.73,4.64,29.78,Clear
29/09/2023,11:00 AM,87.00,71.82,5.45,29.78,Clear
29/09/2023,11:30 AM,87.55,70.55,6.09,29.77,Clear
29/09/2023,12:00 PM,87.91,70.18,6.73,29.77,Rain
29/09/2023,12:30 PM,88.27,69.00,7.36,29.76,Rain
29/09/2023,01:00 PM,87.73,69.82,8.18,29.75,Clear
29/09/2023,01:30 PM,87.00,71.00,8.45,29.74,Clear
29/09/2023,02:00 PM,86.45,72.55,8.45,29.73,Clear
29/09/2023,02:30 PM,85.82,74.36,8.36,29.72,Clear
29/09/2023,03:00 PM,85.18,76.18,7.00,29.72,Rain
29/09/2023,03:30 PM,85.27,76.18,6.36,29.72,Rain
29/09/2023,04:00 PM,85.09,76.64,5.55,29.71,Clear
29/09/2023,04:30 PM,84.73,77.09,4.73,29.72,Clear
29/09/2023,05:00 PM,84.00,77.91,4.36,29.72,Clear
29/09/2023,05:30 PM,83.18,79.18,3.82,29.73,Clear
29/09/2023,06:00 PM,82.36,81.27,3.18,29.74,Clear
29/09/2023,06:30 PM,82.27,82.18,2.36,29.75,Clear
29/09/2023,07:00 PM,82.18,83.09,1.82,29.76,Clear
29/09/2023,07:30 PM,81.91,84.00,1.27,29.77,Clear
29/09/2023,08:00 PM,81.45,85.36,1.27,29.78,Clear
29/09/2023,08:30 PM,81.00,86.73,1.27,29.79,Clear
29/09/2023,09:00 PM,80.73,87.64,0.82,29.80,Clear
29/09/2023,09:30 PM,80.45,88.55,0.82,29.81,Clear
29/09/2023,10:00 PM,80.18,89.91,0.82,29.81,Clear
29/09/2023,10:30 PM,79.91,91.27,0.55,29.81,Clear
29/09/2023,11:00 PM,79.73,92.18,0.45,29.81,Clear
29/09/2023,11:30 PM,79.55,92.64,0.45,29.81,Clear
30/09/2023,12:00 AM,79.18,93.09,0.45,29.81,Clear
30/09/2023,12:30 AM,78.82,94.09,0.45,29.80,Clear
30/09/2023,01:00 AM,78.45,95.09,0.45,29.80,Clear
30/09/2023,01:30 AM,78.27,95.64,0.00,29.79,Clear
30/09/2023,02:00 AM,78.09,96.18,0.18,29.78,Clear
30/09/2023,02:30 AM,77.91,96.18,0.18,29.77,Clear
30/09/2023,03:00 AM,77.73,96.18,0.18,29.77,Clear
30/09/2023,03:30 AM,77.55,96.18,0.18,29.77,Clear
30/09/2023,04:00 AM,77.36,96.18,0.18,29.76,Clear
30/09/2023,04:30 AM,77.18,96.73,0.18,29.76,Clear
30/09/2023,05:00 AM,77.18,96.73,0.18,29.77,Clear
30/09/2023,05:30 AM,77.55,96.27,0.18,29.77,Clear
30/09/2023,06:00 AM,78.00,94.82,0.18,29.77,Mist
30/09/2023,06:30 AM,78.64,92.91,0.64,29.78,Mist
30/09/2023,07:00 AM,79.64,89.45,1.18,29.78,Mist
30/09/2023,07:30 AM,80.82,86.00,1.45,29.79,Mist
30/09/2023,08:00 AM,82.00,82.45,1.91,29.79,Mist
30/09/2023,08:30 AM,83.18,78.91,2.09,29.80,Clear
30/09/2023,09:00 AM,84.45,75.09,2.27,29.80,Clear
30/09/2023,09:30 AM,85.91,71.27,2.55,29.80,Clear
30/09/2023,10:00 AM,87.18,66.91,2.73,29.80,Clear
30/09/2023,10:30 AM,88.27,63.09,3.00,29.80,Clear
30/09/2023,11:00 AM,89.18,60.00,3.64,29.79,Clear
30/09/2023,11:30 AM,90.18,57.09,4.09,29.78,Clear
30/09/2023,12:00 PM,91.00,54.36,3.91,29.77,Clear
30/09/2023,12:30 PM,91.45,53.18,3.55,29.76,Clear
30/09/2023,01:00 PM,91.73,52.00,3.09,29.75,Clear
30/09/2023,01:30 PM,92.00,51.45,3.09,29.74,Clear
30/09/2023,02:00 PM,92.00,52.09,3.64,29.73,Clear
30/09/2023,02:30 PM,91.91,53.00,3.91,29.72,Clear
30/09/2023,03:00 PM,91.64,53.91,4.09,29.71,Clear
30/09/2023,03:30 PM,91.55,54.82,4.09,29.70,Clear
30/09/2023,04:00 PM,91.27,56.09,3.82,29.69,Clear
30/09/2023,04:30 PM,90.82,57.45,3.45,29.69,Clear
30/09/2023,05:00 PM,90.18,59.09,3.00,29.69,Clear
30/09/2023,05:30 PM,89.36,61.82,2.91,29.69,Clear
30/09/2023,06:00 PM,88.36,65.00,2.73,29.69,Clear
30/09/2023,06:30 PM,87.36,68.18,2.73,29.70,Clear
30/09/2023,07:00 PM,86.36,71.36,2.27,29.71,Clear
30/09/2023,07:30 PM,85.64,73.36,1.55,29.72,Clear
30/09/2023,08:00 PM,84.82,75.82,1.09,29.73,Clear
30/09/2023,08:30 PM,84.00,78.27,0.64,29.74,Clear
30/09/2023,09:00 PM,83.18,80.73,0.45,29.75,Clear
30/09/2023,09:30 PM,82.36,82.82,0.64,29.76,Clear
30/09/2023,10:00 PM,81.73,84.55,0.64,29.77,Clear
30/09/2023,10:30 PM,81.27,85.82,0.64,29.77,Clear
30/09/2023,11:00 PM,81.00,86.27,0.45,29.77,Clear
30/09/2023,11:30 PM,80.73,86.73,0.45,29.78,Clear
01/10/2023,12:00 AM,80.45,87.18,0.45,29.78,Clear
01/10/2023,12:30 AM,80.18,87.64,0.45,29.77,Clear
01/10/2023,01:00 AM,79.91,88.09,0.45,29.77,Clear
01/10/2023,01:30 AM,79.73,88.09,0.45,29.76,Clear
01/10/2023,02:00 AM,79.36,88.55,0.45,29.76,Clear
01/10/2023,02:30 AM,79.00,89.00,0.45,29.75,Clear
01/10/2023,03:00 AM,79.00,89.00,0.27,29.75,Clear
01/10/2023,03:30 AM,78.82,89.45,0.00,29.74,Clear
01/10/2023,04:00 AM,78.45,89.91,0.00,29.74,Clear
01/10/2023,04:30 AM,78.27,90.36,0.00,29.74,Clear
01/10/2023,05:00 AM,78.45,89.91,0.00,29.74,Clear
01/10/2023,05:30 AM,78.91,89.00,0.00,29.74,Clear
01/10/2023,06:00 AM,79.55,87.27,0.00,29.75,Clear
01/10/2023,06:30 AM,80.36,85.18,0.00,29.75,Clear
01/10/2023,07:00 AM,81.18,82.73,0.09,29.76,Clear
01/10/2023,07:30 AM,82.36,79.55,0.36,29.76,Clear
01/10/2023,08:00 AM,83.55,76.00,0.82,29.77,Clear
01/10/2023,08:30 AM,84.64,72.64,0.91,29.77,Clear
01/10/2023,09:00 AM,85.91,68.82,1.09,29.77,Clear
01/10/2023,09:30 AM,87.18,65.45,1.64,29.77,Clear
01/10/2023,10:00 AM,88.45,62.45,1.91,29.77,Clear
01/10/2023,10:30 AM,89.55,59.55,2.36,29.76,Clear
01/10/2023,11:00 AM,90.18,57.09,3.18,29.76,Clear
01/10/2023,11:30 AM,90.82,55.45,3.91,29.75,Clear
01/10/2023,12:00 PM,91.09,54.82,4.45,29.74,Clear
01/10/2023,12:30 PM,91.55,53.91,5.18,29.72,Clear
01/10/2023,01:00 PM,91.82,53.27,5.73,29.71,Clear
01/10/2023,01:30 PM,92.09,53.00,6.09,29.70,Clear
01/10/2023,02:00 PM,92.09,53.27,6.91,29.68,Clear
01/10/2023,02:30 PM,92.09,53.27,7.55,29.67,Clear
01/10/2023,03:00 PM,92.00,53.55,7.82,29.66,Clear
01/10/2023,03:30 PM,91.55,54.09,8.27,29.66,Clear
01/10/2023,04:00 PM,91.09,55.00,8.36,29.65,Clear
01/10/2023,04:30 PM,90.64,56.27,8.18,29.65,Clear
01/10/2023,05:00 PM,90.00,57.55,8.09,29.66,Clear
01/10/2023,05:30 PM,89.36,58.55,8.00,29.66,Clear
01/10/2023,06:00 PM,88.55,60.18,7.73,29.67,Clear
01/10/2023,06:30 PM,87.55,62.18,7.18,29.68,Clear
01/10/2023,07:00 PM,86.55,64.18,6.36,29.69,Clear
01/10/2023,07:30 PM,85.73,65.91,5.45,29.71,Clear
01/10/2023,08:00 PM,84.82,68.82,4.64,29.72,Clear
01/10/2023,08:30 PM,84.00,71.45,3.82,29.74,Clear
01/10/2023,09:00 PM,83.36,73.91,3.09,29.75,Clear
01/10/2023,09:30 PM,82.55,76.82,2.55,29.76,Clear
01/10/2023,10:00 PM,82.09,78.91,1.91,29.77,Clear
01/10/2023,10:30 PM,81.45,81.45,1.27,29.77,Clear
01/10/2023,11:00 PM,81.00,83.64,0.82,29.78,Clear
01/10/2023,11:30 PM,80.55,85.82,0.27,29.77,Clear
02/10/2023,12:00 AM,80.27,87.64,0.00,29.77,Clear
02/10/2023,12:30 AM,80.00,89.45,0.00,29.77,Clear
02/10/2023,01:00 AM,79.73,91.27,0.00,29.76,Clear
02/10/2023,01:30 AM,79.55,92.18,0.00,29.75,Clear
02/10/2023,02:00 AM,79.36,93.09,0.00,29.74,Clear
02/10/2023,02:30 AM,79.18,93.55,0.00,29.74,Clear
02/10/2023,03:00 AM,79.18,93.55,0.00,29.73,Clear
02/10/2023,03:30 AM,78.82,94.55,0.00,29.73,Clear
02/10/2023,04:00 AM,78.82,94.55,0.00,29.73,Clear
02/10/2023,04:30 AM,78.82,94.55,0.00,29.73,Clear
02/10/2023,05:00 AM,78.82,94.55,0.00,29.74,Clear
02/10/2023,05:30 AM,79.00,94.09,0.00,29.74,Clear
02/10/2023,06:00 AM,79.18,93.64,0.00,29.75,Mist
02/10/2023,06:30 AM,79.64,91.82,0.00,29.76,Clear
02/10/2023,07:00 AM,80.27,89.64,0.00,29.77,Clear
02/10/2023,07:30 AM,80.91,87.45,0.18,29.78,Clear
02/10/2023,08:00 AM,81.55,85.64,0.36,29.78,Clear
02/10/2023,08:30 AM,82.18,83.82,0.64,29.79,Clear
02/10/2023,09:00 AM,83.00,81.45,0.91,29.79,Clear
02/10/2023,09:30 AM,83.82,79.73,1.09,29.79,Clear
02/10/2023,10:00 AM,84.64,77.18,1.64,29.79,Clear
02/10/2023,10:30 AM,85.45,74.64,2.45,29.78,Clear
02/10/2023,11:00 AM,86.09,72.55,3.27,29.78,Clear
02/10/2023,11:30 AM,86.73,70.45,3.91,29.77,Clear
02/10/2023,12:00 PM,87.09,69.73,4.64,29.76,Clear
02/10/2023,12:30 PM,87.27,69.36,5.55,29.75,Clear
02/10/2023,01:00 PM,87.45,69.00,6.09,29.74,Rain
02/10/2023,01:30 PM,87.64,68.27,6.55,29.74,Clear
02/10/2023,02:00 PM,87.82,67.55,6.91,29.73,Clear
02/10/2023,02:30 PM,88.00,66.82,7.18,29.72,Clear
02/10/2023,03:00 PM,87.82,66.73,7.55,29.71,Clear
02/10/2023,03:30 PM,87.64,67.45,7.27,29.71,Clear
02/10/2023,04:00 PM,87.27,68.18,6.91,29.71,Clear
02/10/2023,04:30 PM,86.91,68.91,6.55,29.71,Clear
02/10/2023,05:00 PM,86.36,70.09,6.36,29.71,Clear
02/10/2023,05:30 PM,85.82,71.27,5.91,29.72,Clear
02/10/2023,06:00 PM,85.27,72.45,5.18,29.72,Clear
02/10/2023,06:30 PM,84.73,73.64,4.64,29.73,Clear
02/10/2023,07:00 PM,84.18,75.27,4.00,29.74,Clear
02/10/2023,07:30 PM,83.55,77.36,3.36,29.75,Clear
02/10/2023,08:00 PM,82.91,79.45,2.82,29.76,Clear
02/10/2023,08:30 PM,82.45,80.82,2.82,29.77,Clear
02/10/2023,09:00 PM,82.00,82.18,3.00,29.77,Clear
02/10/2023,09:30 PM,81.73,83.55,2.55,29.78,Clear
02/10/2023,10:00 PM,81.45,84.91,2.55,29.78,Clear
02/10/2023,10:30 PM,81.36,85.82,2.64,29.78,Clear
02/10/2023,11:00 PM,81.27,86.73,2.55,29.78,Clear
02/10/2023,11:30 PM,81.00,88.09,2.36,29.78,Clear
03/10/2023,12:00 AM,80.73,89.45,2.18,29.78,Clear
03/10/2023,12:30 AM,80.45,90.36,2.18,29.78,Clear
03/10/2023,01:00 AM,80.27,90.82,2.18,29.77,Clear
03/10/2023,01:30 AM,80.09,91.27,2.18,29.77,Clear
03/10/2023,02:00 AM,79.91,91.73,1.64,29.76,Clear
03/10/2023,02:30 AM,79.73,92.18,1.18,29.75,Clear
03/10/2023,03:00 AM,79.55,92.64,1.18,29.75,Clear
03/10/2023,03:30 AM,79.36,93.09,0.73,29.75,Clear
03/10/2023,04:00 AM,79.18,93.55,0.18,29.75,Clear
03/10/2023,04:30 AM,79.00,94.00,0.00,29.75,Clear
03/10/2023,05:00 AM,79.00,94.00,0.09,29.76,Clear
03/10/2023,05:30 AM,79.18,93.55,0.55,29.76,Clear
03/10/2023,06:00 AM,79.45,92.64,1.09,29.77,Clear
03/10/2023,06:30 AM,80.09,90.45,1.82,29.77,Clear
03/10/2023,07:00 AM,80.73,87.91,2.91,29.78,Clear
03/10/2023,07:30 AM,81.36,85.36,3.82,29.79,Clear
03/10/2023,08:00 AM,82.18,82.45,4.45,29.80,Clear
03/10/2023,08:30 AM,83.18,79.27,5.18,29.80,Clear
03/10/2023,09:00 AM,84.18,76.09,5.64,29.80,Clear
03/10/2023,09:30 AM,85.27,72.55,5.82,29.80,Clear
03/10/2023,10:00 AM,86.27,69.36,6.27,29.80,Clear
03/10/2023,10:30 AM,87.36,66.18,6.82,29.79,Clear
03/10/2023,11:00 AM,88.18,63.45,7.09,29.78,Clear
03/10/2023,11:30 AM,89.00,61.18,7.09,29.77,Clear
03/10/2023,12:00 PM,89.45,59.27,7.55,29.76,Clear
03/10/2023,12:30 PM,89.91,58.00,7.36,29.74,Clear
03/10/2023,01:00 PM,90.27,56.73,7.36,29.73,Clear
03/10/2023,01:30 PM,90.45,56.09,7.91,29.72,Clear
03/10/2023,02:00 PM,90.45,56.09,8.00,29.71,Clear
03/10/2023,02:30 PM,90.27,56.36,8.27,29.70,Clear
03/10/2023,03:00 PM,90.00,57.00,8.82,29.69,Clear
03/10/2023,03:30 PM,89.45,58.00,9.27,29.69,Clear
03/10/2023,04:00 PM,88.82,59.00,9.45,29.69,Clear
03/10/2023,04:30 PM,88.09,60.36,9.18,29.69,Clear
03/10/2023,05:00 PM,87.27,61.73,8.91,29.70,Rain
03/10/2023,05:30 PM,86.45,64.00,7.73,29.71,Clear
03/10/2023,06:00 PM,85.64,66.00,6.82,29.71,Clear
03/10/2023,06:30 PM,84.91,68.00,5.91,29.72,Clear
03/10/2023,07:00 PM,84.18,69.73,4.73,29.74,Clear
03/10/2023,07:30 PM,83.45,71.55,3.91,29.75,Clear
03/10/2023,08:00 PM,82.82,73.55,3.18,29.76,Clear
03/10/2023,08:30 PM,82.18,75.55,2.45,29.77,Clear
03/10/2023,09:00 PM,81.91,76.82,1.55,29.78,Clear
03/10/2023,09:30 PM,81.64,78.55,0.73,29.79,Clear
03/10/2023,10:00 PM,81.55,79.91,0.27,29.79,Clear
03/10/2023,10:30 PM,81.45,81.27,0.00,29.79,Clear
03/10/2023,11:00 PM,81.36,82.18,0.00,29.79,Clear
03/10/2023,11:30 PM,81.27,83.55,0.00,29.79,Clear
04/10/2023,12:00 AM,81.18,84.91,0.00,29.79,Clear
04/10/2023,12:30 AM,80.91,86.73,0.00,29.78,Clear
04/10/2023,01:00 AM,80.64,88.09,0.00,29.78,Clear
04/10/2023,01:30 AM,80.45,89.00,0.00,29.77,Clear
04/10/2023,02:00 AM,80.27,89.91,0.00,29.76,Clear
04/10/2023,02:30 AM,80.09,90.82,0.00,29.75,Clear
04/10/2023,03:00 AM,79.91,91.27,0.00,29.75,Clear
04/10/2023,03:30 AM,79.73,91.73,0.00,29.74,Clear
04/10/2023,04:00 AM,79.55,92.18,0.00,29.74,Clear
04/10/2023,04:30 AM,79.36,93.09,0.00,29.74,Clear
04/10/2023,05:00 AM,79.45,92.64,0.00,29.74,Clear
04/10/2023,05:30 AM,79.73,91.73,0.18,29.75,Clear
04/10/2023,06:00 AM,80.36,89.55,0.18,29.75,Clear
04/10/2023,06:30 AM,81.00,87.36,0.64,29.76,Clear
04/10/2023,07:00 AM,81.82,84.82,1.09,29.76,Clear
04/10/2023,07:30 AM,82.64,82.27,1.55,29.77,Clear
04/10/2023,08:00 AM,83.64,79.36,1.82,29.77,Clear
04/10/2023,08:30 AM,84.45,76.45,2.36,29.78,Clear
04/10/2023,09:00 AM,85.45,73.27,2.64,29.78,Clear
04/10/2023,09:30 AM,86.45,70.09,2.64,29.78,Clear
04/10/2023,10:00 AM,87.45,67.18,2.91,29.77,Clear
04/10/2023,10:30 AM,88.18,64.91,3.09,29.77,Clear
04/10/2023,11:00 AM,89.00,62.82,2.91,29.75,Clear
04/10/2023,11:30 AM,89.82,60.91,3.09,29.74,Clear
04/10/2023,12:00 PM,89.36,62.64,4.18,29.73,Clear
04/10/2023,12:30 PM,88.36,65.18,4.36,29.72,Clear
04/10/2023,01:00 PM,87.36,67.73,3.91,29.71,Clear
04/10/2023,01:30 PM,86.36,70.64,3.91,29.70,Clear
04/10/2023,02:00 PM,85.55,73.55,3.55,29.69,Rain
04/10/2023,02:30 PM,84.55,76.73,3.27,29.68,Rain
04/10/2023,03:00 PM,83.55,79.91,3.27,29.68,Rain
04/10/2023,03:30 PM,82.55,82.82,3.27,29.68,Rain
04/10/2023,04:00 PM,81.55,86.00,3.09,29.68,Clear
04/10/2023,04:30 PM,80.27,89.45,3.09,29.69,Clear
04/10/2023,05:00 PM,78.82,93.55,3.00,29.69,Clear
04/10/2023,05:30 PM,78.64,94.00,1.45,29.70,Clear
04/10/2023,06:00 PM,78.82,94.00,0.82,29.71,Clear
04/10/2023,06:30 PM,79.00,94.00,0.82,29.72,Clear
04/10/2023,07:00 PM,79.00,94.00,0.55,29.73,Clear
04/10/2023,07:30 PM,79.00,94.00,0.36,29.74,Clear
04/10/2023,08:00 PM,79.00,94.00,0.36,29.75,Clear
04/10/2023,08:30 PM,79.00,94.00,0.36,29.75,Clear
04/10/2023,09:00 PM,78.82,94.55,0.09,29.76,Clear
04/10/2023,09:30 PM,78.64,95.09,0.09,29.76,Clear
04/10/2023,10:00 PM,78.45,95.64,0.09,29.77,Clear
04/10/2023,10:30 PM,78.27,96.18,0.00,29.77,Clear
04/10/2023,11:00 PM,78.09,96.73,0.00,29.76,Clear
04/10/2023,11:30 PM,77.91,97.27,0.00,29.76,Clear
05/10/2023,12:00 AM,77.73,97.82,0.00,29.76,Clear
05/10/2023,12:30 AM,77.55,97.82,0.00,29.75,Clear
05/10/2023,01:00 AM,77.36,97.82,0.00,29.74,Clear
05/10/2023,01:30 AM,77.18,97.82,0.00,29.73,Clear
05/10/2023,02:00 AM,77.00,97.82,0.00,29.73,Clear
05/10/2023,02:30 AM,77.00,97.27,0.00,29.72,Clear
05/10/2023,03:00 AM,77.00,96.73,0.00,29.72,Clear
05/10/2023,03:30 AM,77.00,96.18,0.00,29.72,Clear
05/10/2023,04:00 AM,76.82,96.18,0.00,29.72,Clear
05/10/2023,04:30 AM,76.82,95.64,0.00,29.72,Clear
05/10/2023,05:00 AM,77.00,94.64,0.00,29.72,Clear
05/10/2023,05:30 AM,77.36,93.64,0.00,29.72,Clear
05/10/2023,06:00 AM,77.73,93.18,0.00,29.73,Clear
05/10/2023,06:30 AM,78.36,91.82,0.00,29.73,Clear
05/10/2023,07:00 AM,79.18,89.64,0.00,29.74,Clear
05/10/2023,07:30 AM,80.18,87.09,0.27,29.74,Clear
05/10/2023,08:00 AM,81.18,84.55,0.45,29.75,Clear
05/10/2023,08:30 AM,82.36,81.64,0.45,29.75,Clear
05/10/2023,09:00 AM,83.64,78.45,0.45,29.75,Clear
05/10/2023,09:30 AM,85.09,74.73,0.64,29.75,Clear
05/10/2023,10:00 AM,86.36,71.18,0.64,29.75,Clear
05/10/2023,10:30 AM,87.64,68.18,0.64,29.74,Clear
05/10/2023,11:00 AM,88.55,65.45,0.82,29.73,Clear
05/10/2023,11:30 AM,89.36,63.36,2.00,29.72,Clear
05/10/2023,12:00 PM,89.91,61.82,3.18,29.71,Clear
05/10/2023,12:30 PM,90.27,61.09,4.09,29.70,Clear
05/10/2023,01:00 PM,90.45,60.73,5.09,29.69,Rain
05/10/2023,01:30 PM,90.45,60.36,6.09,29.68,Rain
05/10/2023,02:00 PM,90.09,61.09,6.91,29.66,Rain
05/10/2023,02:30 PM,89.64,62.09,7.64,29.66,Rain
05/10/2023,03:00 PM,89.00,63.45,8.00,29.65,Rain
05/10/2023,03:30 PM,88.80,64.30,8.80,29.64,Clear
05/10/2023,04:00 PM,87.70,66.60,8.80,29.64,Clear
05/10/2023,04:30 PM,86.80,68.60,8.60,29.65,Clear
05/10/2023,05:00 PM,86.00,69.90,7.30,29.65,Clear
05/10/2023,05:30 PM,85.10,72.10,6.50,29.66,Clear
05/10/2023,06:00 PM,84.30,73.30,6.30,29.67,Clear
05/10/2023,06:30 PM,83.50,74.50,5.40,29.68,Clear
05/10/2023,07:00 PM,82.90,75.70,4.40,29.69,Clear
05/10/2023,07:30 PM,82.40,76.60,3.50,29.71,Clear
05/10/2023,08:00 PM,81.90,78.00,2.70,29.72,Clear
05/10/2023,08:30 PM,81.60,79.00,2.10,29.73,Clear
05/10/2023,09:00 PM,81.36,79.91,1.91,29.73,Clear
05/10/2023,09:30 PM,81.09,80.82,1.91,29.73,Clear
05/10/2023,10:00 PM,80.82,81.73,1.91,29.74,Clear
05/10/2023,10:30 PM,80.55,82.64,1.91,29.74,Clear
05/10/2023,11:00 PM,80.36,83.09,1.45,29.74,Clear
05/10/2023,11:30 PM,80.09,84.45,0.73,29.74,Clear
06/10/2023,12:00 AM,79.82,85.82,0.27,29.73,Clear
06/10/2023,12:30 AM,79.55,87.18,0.00,29.73,Clear
06/10/2023,01:00 AM,79.36,88.09,0.00,29.72,Clear
06/10/2023,01:30 AM,79.00,89.00,0.00,29.72,Clear
06/10/2023,02:00 AM,78.64,89.91,0.00,29.71,Clear
06/10/2023,02:30 AM,78.45,90.36,0.00,29.71,Clear
06/10/2023,03:00 AM,78.27,90.82,0.00,29.71,Clear
06/10/2023,03:30 AM,78.09,91.27,0.00,29.71,Clear
06/10/2023,04:00 AM,77.91,91.73,0.00,29.71,Clear
06/10/2023,04:30 AM,78.09,91.73,0.00,29.71,Clear
06/10/2023,05:00 AM,78.27,91.27,0.00,29.71,Clear
06/10/2023,05:30 AM,78.55,90.82,0.00,29.72,Clear
06/10/2023,06:00 AM,78.82,89.91,0.18,29.72,Clear
06/10/2023,06:30 AM,79.45,88.55,0.82,29.73,Clear
06/10/2023,07:00 AM,80.27,86.73,1.09,29.74,Clear
06/10/2023,07:30 AM,81.27,84.18,1.64,29.74,Clear
06/10/2023,08:00 AM,82.27,81.64,2.45,29.75,Clear
06/10/2023,08:30 AM,83.45,78.73,3.27,29.75,Clear
06/10/2023,09:00 AM,84.64,75.55,4.00,29.75,Clear
06/10/2023,09:30 AM,85.91,72.36,4.55,29.75,Clear
06/10/2023,10:00 AM,86.73,69.91,4.82,29.75,Clear
06/10/2023,10:30 AM,87.55,67.91,5.00,29.74,Clear
06/10/2023,11:00 AM,88.27,65.91,5.45,29.74,Clear
06/10/2023,11:30 AM,88.64,65.09,6.36,29.73,Clear
06/10/2023,12:00 PM,88.64,65.09,6.45,29.72,Clear
06/10/2023,12:30 PM,88.64,65.09,6.64,29.71,Clear
06/10/2023,01:00 PM,88.82,65.09,6.27,29.69,Rain
06/10/2023,01:30 PM,89.00,64.73,6.36,29.68,Clear
06/10/2023,02:00 PM,89.00,64.73,6.36,29.67,Rain
06/10/2023,02:30 PM,88.64,66.09,6.45,29.66,Rain
06/10/2023,03:00 PM,87.82,67.91,6.73,29.66,Rain
06/10/2023,03:30 PM,87.00,69.91,7.00,29.66,Rain
06/10/2023,04:00 PM,86.18,71.91,7.09,29.66,Rain
06/10/2023,04:30 PM,85.36,73.91,6.91,29.66,Rain
06/10/2023,05:00 PM,84.91,75.64,6.27,29.66,Rain
06/10/2023,05:30 PM,84.45,77.00,5.55,29.67,Rain
06/10/2023,06:00 PM,84.00,78.36,5.09,29.68,Clear
06/10/2023,06:30 PM,83.18,80.45,4.91,29.69,Clear
06/10/2023,07:00 PM,82.36,82.91,4.00,29.70,Clear
06/10/2023,07:30 PM,81.55,85.36,3.18,29.71,Clear
06/10/2023,08:00 PM,80.91,87.18,2.36,29.72,Clear
06/10/2023,08:30 PM,80.64,88.55,1.55,29.73,Clear
06/10/2023,09:00 PM,80.45,89.45,1.00,29.74,Clear
06/10/2023,09:30 PM,80.27,90.36,0.73,29.75,Clear
06/10/2023,10:00 PM,80.09,91.27,0.45,29.75,Clear
06/10/2023,10:30 PM,79.91,91.73,0.00,29.75,Clear
06/10/2023,11:00 PM,79.73,92.18,0.00,29.75,Clear
06/10/2023,11:30 PM,79.55,92.64,0.00,29.75,Clear
07/10/2023,12:00 AM,79.36,93.09,0.00,29.75,Clear
07/10/2023,12:30 AM,79.18,93.55,0.00,29.74,Clear
07/10/2023,01:00 AM,78.82,94.55,0.00,29.74,Clear
07/10/2023,01:30 AM,78.64,95.09,0.00,29.73,Clear
07/10/2023,02:00 AM,78.45,95.64,0.00,29.73,Clear
07/10/2023,02:30 AM,78.27,96.18,0.00,29.72,Clear
07/10/2023,03:00 AM,78.09,96.73,0.00,29.72,Clear
07/10/2023,03:30 AM,77.91,97.27,0.00,29.72,Clear
07/10/2023,04:00 AM,77.73,97.82,0.27,29.72,Clear
07/10/2023,04:30 AM,77.55,98.36,0.55,29.72,Clear
07/10/2023,05:00 AM,77.36,98.91,0.73,29.73,Clear
07/10/2023,05:30 AM,77.36,98.91,1.18,29.73,Clear
07/10/2023,06:00 AM,77.55,98.45,1.18,29.74,Mist
07/10/2023,06:30 AM,78.00,97.00,1.18,29.75,Mist
07/10/2023,07:00 AM,78.64,94.64,1.18,29.76,Mist
07/10/2023,07:30 AM,79.64,91.91,1.18,29.77,Mist
07/10/2023,08:00 AM,80.64,88.82,1.18,29.78,Clear
07/10/2023,08:30 AM,81.64,85.73,1.18,29.78,Clear
07/10/2023,09:00 AM,82.82,82.64,1.18,29.78,Clear
07/10/2023,09:30 AM,84.09,78.91,1.09,29.78,Clear
07/10/2023,10:00 AM,85.36,75.55,1.00,29.78,Clear
07/10/2023,10:30 AM,86.64,71.82,1.27,29.78,Clear
07/10/2023,11:00 AM,87.91,68.36,1.09,29.77,Clear
07/10/2023,11:30 AM,88.82,65.64,1.73,29.76,Clear
07/10/2023,12:00 PM,89.50,63.80,1.90,29.75,Clear
07/10/2023,12:30 PM,89.50,64.80,2.80,29.74,Clear
07/10/2023,01:00 PM,88.80,66.70,3.60,29.72,Rain
07/10/2023,01:30 PM,87.70,69.50,4.40,29.71,Rain
07/10/2023,02:00 PM,86.80,72.30,4.70,29.70,Clear
07/10/2023,02:30 PM,85.50,75.10,5.20,29.69,Clear
07/10/2023,03:00 PM,84.10,78.10,5.00,29.68,Rain
07/10/2023,03:30 PM,82.70,81.20,4.80,29.68,Rain
07/10/2023,04:00 PM,81.30,84.70,4.30,29.68,Rain
07/10/2023,04:30 PM,79.70,88.50,4.00,29.68,Rain
07/10/2023,05:00 PM,78.30,92.00,3.30,29.69,Rain
07/10/2023,05:30 PM,78.18,92.18,3.00,29.70,Clear
07/10/2023,06:00 PM,77.55,93.09,2.18,29.72,Clear
07/10/2023,06:30 PM,77.18,93.55,1.45,29.73,Clear
07/10/2023,07:00 PM,77.18,93.55,1.18,29.74,Clear
07/10/2023,07:30 PM,77.00,93.55,1.09,29.75,Clear
07/10/2023,08:00 PM,77.00,94.09,0.64,29.77,Clear
07/10/2023,08:30 PM,77.00,94.55,0.64,29.78,Clear
07/10/2023,09:00 PM,77.00,95.09,0.64,29.78,Clear
07/10/2023,09:30 PM,77.00,95.09,0.64,29.79,Clear
07/10/2023,10:00 PM,77.00,95.09,0.64,29.79,Clear
07/10/2023,10:30 PM,77.00,95.09,0.64,29.79,Clear
07/10/2023,11:00 PM,77.00,95.09,0.64,29.79,Clear
07/10/2023,11:30 PM,77.00,95.09,0.64,29.79,Clear
08/10/2023,12:00 AM,77.00,95.09,0.64,29.79,Clear
08/10/2023,12:30 AM,76.82,95.64,0.18,29.78,Clear
08/10/2023,01:00 AM,76.64,96.18,0.00,29.77,Clear
08/10/2023,01:30 AM,76.45,96.18,0.00,29.77,Clear
08/10/2023,02:00 AM,76.27,96.73,0.00,29.76,Clear
08/10/2023,02:30 AM,76.09,96.73,0.00,29.76,Clear
08/10/2023,03:00 AM,75.91,97.27,0.00,29.76,Clear
08/10/2023,03:30 AM,75.73,97.82,0.00,29.75,Mist
08/10/2023,04:00 AM,75.55,98.36,0.00,29.76,Clear
08/10/2023,04:30 AM,75.36,98.91,0.18,29.76,Clear
08/10/2023,05:00 AM,75.36,98.91,0.18,29.76,Clear
08/10/2023,05:30 AM,75.73,98.45,0.18,29.77,Clear
08/10/2023,06:00 AM,76.27,97.45,0.18,29.77,Mist
08/10/2023,06:30 AM,76.91,96.00,0.18,29.78,Mist
08/10/2023,07:00 AM,77.73,94.09,0.36,29.79,Mist
08/10/2023,07:30 AM,78.73,91.73,0.64,29.79,Mist
08/10/2023,08:00 AM,79.91,89.00,0.82,29.80,Mist
08/10/2023,08:30 AM,81.09,85.91,1.00,29.80,Clear
08/10/2023,09:00 AM,82.45,82.45,1.27,29.80,Clear
08/10/2023,09:30 AM,83.82,79.00,1.91,29.80,Clear
08/10/2023,10:00 AM,85.27,75.27,2.18,29.80,Clear
08/10/2023,10:30 AM,86.55,72.09,2.73,29.79,Clear
08/10/2023,11:00 AM,87.64,69.36,3.45,29.78,Clear
08/10/2023,11:30 AM,88.55,66.64,4.36,29.77,Clear
08/10/2023,12:00 PM,89.36,64.36,5.18,29.76,Clear
08/10/2023,12:30 PM,90.18,62.27,5.91,29.75,Clear
08/10/2023,01:00 PM,90.36,61.91,6.45,29.74,Clear
08/10/2023,01:30 PM,90.00,62.73,7.09,29.72,Clear
08/10/2023,02:00 PM,89.45,64.36,7.45,29.71,Clear
08/10/2023,02:30 PM,88.73,66.36,7.73,29.71,Clear
08/10/2023,03:00 PM,88.00,68.36,7.55,29.70,Clear
08/10/2023,03:30 PM,87.18,70.64,7.36,29.70,Rain
08/10/2023,04:00 PM,86.36,72.91,6.91,29.70,Rain
08/10/2023,04:30 PM,85.36,75.18,6.64,29.71,Clear
08/10/2023,05:00 PM,84.55,77.45,6.18,29.72,Clear
08/10/2023,05:30 PM,83.64,79.73,5.91,29.72,Clear
08/10/2023,06:00 PM,82.55,81.82,5.45,29.74,Clear
08/10/2023,06:30 PM,81.73,83.00,5.09,29.75,Clear
08/10/2023,07:00 PM,81.27,83.36,4.45,29.76,Clear
08/10/2023,07:30 PM,81.00,83.82,4.36,29.78,Clear
08/10/2023,08:00 PM,80.73,84.27,4.00,29.79,Clear
08/10/2023,08:30 PM,80.45,84.73,3.55,29.79,Clear
08/10/2023,09:00 PM,80.18,85.18,3.27,29.80,Clear
08/10/2023,09:30 PM,79.91,85.64,3.36,29.80,Clear
08/10/2023,10:00 PM,79.64,86.09,3.18,29.80,Clear
08/10/2023,10:30 PM,79.36,86.55,2.73,29.80,Clear
08/10/2023,11:00 PM,79.18,87.00,2.18,29.80,Clear
08/10/2023,11:30 PM,79.00,87.91,1.73,29.80,Clear
09/10/2023,12:00 AM,78.82,88.91,1.27,29.80,Clear
09/10/2023,12:30 AM,78.64,89.91,1.09,29.79,Clear
09/10/2023,01:00 AM,78.45,90.36,0.64,29.79,Clear
09/10/2023,01:30 AM,78.27,90.82,0.45,29.78,Clear
09/10/2023,02:00 AM,78.09,91.27,0.45,29.78,Clear
09/10/2023,02:30 AM,77.91,91.73,0.45,29.77,Clear
09/10/2023,03:00 AM,77.73,92.18,0.27,29.77,Clear
09/10/2023,03:30 AM,77.55,92.64,0.00,29.77,Clear
09/10/2023,04:00 AM,77.36,93.09,0.00,29.77,Clear
09/10/2023,04:30 AM,77.18,93.55,0.00,29.77,Clear
09/10/2023,05:00 AM,77.18,94.00,0.00,29.77,Clear
09/10/2023,05:30 AM,77.55,93.09,0.00,29.77,Clear
09/10/2023,06:00 AM,78.00,92.18,0.18,29.78,Mist
09/10/2023,06:30 AM,78.64,90.82,0.36,29.78,Mist
09/10/2023,07:00 AM,79.45,89.00,0.36,29.79,Mist
09/10/2023,07:30 AM,80.27,87.18,0.55,29.79,Mist
09/10/2023,08:00 AM,81.45,84.64,0.73,29.80,Mist
09/10/2023,08:30 AM,82.64,81.73,0.91,29.80,Clear
09/10/2023,09:00 AM,83.91,78.55,1.00,29.80,Clear
09/10/2023,09:30 AM,85.18,75.00,1.45,29.80,Clear
09/10/2023,10:00 AM,86.45,71.45,1.91,29.80,Clear
09/10/2023,10:30 AM,87.73,67.64,2.09,29.80,Clear
09/10/2023,11:00 AM,88.36,66.00,3.27,29.79,Clear
09/10/2023,11:30 AM,88.91,64.00,3.82,29.78,Clear
09/10/2023,12:00 PM,88.73,63.55,4.82,29.78,Clear
09/10/2023,12:30 PM,88.27,64.91,5.64,29.77,Clear
09/10/2023,01:00 PM,87.91,65.82,5.91,29.76,Clear
09/10/2023,01:30 PM,87.18,67.00,6.36,29.75,Clear
09/10/2023,02:00 PM,86.45,69.00,6.45,29.74,Clear
09/10/2023,02:30 PM,85.82,70.82,6.36,29.73,Clear
09/10/2023,03:00 PM,85.18,73.00,6.18,29.72,Rain
09/10/2023,03:30 PM,84.36,75.18,5.73,29.72,Rain
09/10/2023,04:00 PM,83.27,77.64,5.82,29.71,Clear
09/10/2023,04:30 PM,82.64,78.82,4.64,29.71,Clear
09/10/2023,05:00 PM,81.82,81.27,3.91,29.72,Clear
09/10/2023,05:30 PM,81.55,82.64,3.00,29.72,Clear
09/10/2023,06:00 PM,81.36,82.09,2.27,29.73,Clear
09/10/2023,06:30 PM,81.09,82.55,1.82,29.74,Clear
09/10/2023,07:00 PM,80.82,83.45,1.45,29.75,Clear
09/10/2023,07:30 PM,80.55,83.91,1.45,29.76,Clear
09/10/2023,08:00 PM,80.09,84.82,1.73,29.77,Clear
09/10/2023,08:30 PM,79.45,86.18,1.73,29.78,Clear
09/10/2023,09:00 PM,79.18,87.09,1.91,29.79,Clear
09/10/2023,09:30 PM,79.00,88.00,1.64,29.79,Clear
09/10/2023,10:00 PM,78.64,89.36,1.64,29.80,Clear
09/10/2023,10:30 PM,78.45,89.82,1.64,29.80,Clear
09/10/2023,11:00 PM,78.27,90.27,1.36,29.79,Clear
09/10/2023,11:30 PM,78.09,91.27,1.27,29.79,Clear
10/10/2023,12:00 AM,77.91,91.73,1.27,29.79,Clear
10/10/2023,12:30 AM,77.73,92.18,1.00,29.78,Clear
10/10/2023,01:00 AM,77.55,92.64,0.73,29.77,Clear
10/10/2023,01:30 AM,77.18,93.64,0.45,29.77,Clear
10/10/2023,02:00 AM,77.00,94.18,0.18,29.76,Clear
10/10/2023,02:30 AM,76.64,94.64,0.27,29.75,Clear
10/10/2023,03:00 AM,76.27,95.64,0.45,29.75,Clear
10/10/2023,03:30 AM,76.09,95.64,0.45,29.74,Clear
10/10/2023,04:00 AM,75.91,96.18,0.45,29.74,Clear
10/10/2023,04:30 AM,75.91,96.18,0.45,29.74,Clear
10/10/2023,05:00 AM,76.09,95.73,0.64,29.74,Clear
10/10/2023,05:30 AM,76.55,94.82,0.64,29.74,Clear
10/10/2023,06:00 AM,76.91,94.36,0.82,29.75,Clear
10/10/2023,06:30 AM,77.55,93.00,1.00,29.75,Clear
10/10/2023,07:00 AM,78.55,90.64,1.18,29.76,Clear
10/10/2023,07:30 AM,79.73,87.55,1.36,29.77,Clear
10/10/2023,08:00 AM,81.09,84.64,1.55,29.77,Clear
10/10/2023,08:30 AM,82.55,80.91,1.64,29.78,Clear
10/10/2023,09:00 AM,84.00,77.73,1.82,29.78,Clear
10/10/2023,09:30 AM,85.36,74.00,2.27,29.78,Clear
10/10/2023,10:00 AM,86.64,70.45,2.55,29.78,Clear
10/10/2023,10:30 AM,87.91,67.09,2.82,29.77,Clear
10/10/2023,11:00 AM,88.64,64.82,4.00,29.77,Clear
10/10/2023,11:30 AM,89.27,62.36,4.36,29.76,Clear
10/10/2023,12:00 PM,89.82,60.82,5.00,29.74,Clear
10/10/2023,12:30 PM,90.00,60.45,6.00,29.73,Rain
10/10/2023,01:00 PM,90.00,60.82,6.55,29.72,Rain
10/10/2023,01:30 PM,89.27,62.36,7.00,29.71,Rain
10/10/2023,02:00 PM,88.45,64.18,6.73,29.70,Clear
10/10/2023,02:30 PM,87.55,66.45,7.00,29.69,Rain
10/10/2023,03:00 PM,86.82,68.27,6.73,29.68,Rain
10/10/2023,03:30 PM,86.00,70.45,6.64,29.68,Clear
10/10/2023,04:00 PM,85.00,72.91,6.27,29.68,Rain
10/10/2023,04:30 PM,84.18,75.64,5.36,29.68,Rain
10/10/2023,05:00 PM,83.55,78.09,5.09,29.68,Rain
10/10/2023,05:30 PM,82.55,81.00,4.82,29.69,Clear
10/10/2023,06:00 PM,81.73,83.18,3.82,29.70,Clear
10/10/2023,06:30 PM,80.91,85.36,3.27,29.71,Clear
10/10/2023,07:00 PM,80.64,86.73,2.36,29.72,Clear
10/10/2023,07:30 PM,80.55,87.64,2.45,29.73,Clear
10/10/2023,08:00 PM,80.36,88.55,2.27,29.74,Clear
10/10/2023,08:30 PM,80.09,89.91,2.09,29.75,Clear
10/10/2023,09:00 PM,79.82,91.27,2.09,29.76,Clear
10/10/2023,09:30 PM,79.55,92.64,2.27,29.77,Clear
10/10/2023,10:00 PM,79.36,93.09,2.27,29.78,Clear
10/10/2023,10:30 PM,79.18,93.55,2.18,29.78,Clear
10/10/2023,11:00 PM,79.18,93.55,1.82,29.78,Clear
10/10/2023,11:30 PM,79.18,93.55,1.64,29.77,Clear
11/10/2023,12:00 AM,79.00,94.09,1.45,29.77,Clear
11/10/2023,12:30 AM,78.82,94.64,1.45,29.77,Clear
11/10/2023,01:00 AM,78.45,95.64,1.36,29.76,Clear
11/10/2023,01:30 AM,78.27,95.64,1.27,29.75,Clear
11/10/2023,02:00 AM,78.09,95.64,1.45,29.75,Clear
11/10/2023,02:30 AM,77.91,95.64,1.45,29.74,Clear
11/10/2023,03:00 AM,77.73,95.64,1.27,29.74,Clear
11/10/2023,03:30 AM,77.55,95.64,1.09,29.73,Clear
11/10/2023,04:00 AM,77.36,95.64,1.09,29.73,Mist
11/10/2023,04:30 AM,77.18,95.64,1.18,29.73,Mist
11/10/2023,05:00 AM,77.18,95.64,1.36,29.73,Mist
11/10/2023,05:30 AM,77.64,94.18,1.64,29.74,Mist
11/10/2023,06:00 AM,78.27,92.27,1.73,29.74,Mist
11/10/2023,06:30 AM,78.91,90.36,1.82,29.75,Clear
11/10/2023,07:00 AM,79.73,88.55,1.91,29.75,Clear
11/10/2023,07:30 AM,80.73,86.00,2.00,29.76,Clear
11/10/2023,08:00 AM,81.91,83.09,2.00,29.77,Clear
11/10/2023,08:30 AM,83.18,79.55,2.09,29.77,Clear
11/10/2023,09:00 AM,84.45,76.00,2.18,29.78,Clear
11/10/2023,09:30 AM,85.91,72.55,2.27,29.78,Clear
11/10/2023,10:00 AM,87.18,69.00,2.27,29.77,Clear
11/10/2023,10:30 AM,88.27,65.45,2.27,29.77,Clear
11/10/2023,11:00 AM,89.09,63.55,2.82,29.76,Clear
11/10/2023,11:30 AM,89.64,62.36,4.00,29.75,Clear
11/10/2023,12:00 PM,90.27,61.18,4.73,29.74,Clear
11/10/2023,12:30 PM,90.64,60.82,5.27,29.72,Clear
11/10/2023,01:00 PM,90.91,60.55,5.73,29.71,Clear
11/10/2023,01:30 PM,90.91,60.55,6.18,29.70,Rain
11/10/2023,02:00 PM,90.64,61.55,6.45,29.68,Clear
11/10/2023,02:30 PM,90.00,63.27,7.55,29.68,Clear
11/10/2023,03:00 PM,88.55,67.27,8.36,29.67,Clear
11/10/2023,03:30 PM,87.27,71.36,8.73,29.67,Rain
11/10/2023,04:00 PM,86.00,74.91,8.82,29.67,Rain
11/10/2023,04:30 PM,84.73,78.27,8.00,29.68,Rain
11/10/2023,05:00 PM,83.55,81.36,6.73,29.68,Rain
11/10/2023,05:30 PM,82.27,84.45,6.36,29.69,Rain
11/10/2023,06:00 PM,81.09,87.18,5.82,29.71,Rain
11/10/2023,06:30 PM,80.00,90.00,5.27,29.72,Rain
11/10/2023,07:00 PM,79.00,92.91,4.82,29.73,Clear
11/10/2023,07:30 PM,78.00,96.00,4.45,29.75,Clear
11/10/2023,08:00 PM,77.55,97.82,3.36,29.76,Clear
11/10/2023,08:30 PM,77.73,97.27,2.45,29.77,Rain
11/10/2023,09:00 PM,77.91,96.73,2.09,29.78,Clear
11/10/2023,09:30 PM,78.09,96.73,2.00,29.79,Clear
11/10/2023,10:00 PM,78.27,96.18,2.18,29.79,Clear
11/10/2023,10:30 PM,78.45,95.64,2.18,29.79,Clear
11/10/2023,11:00 PM,78.64,95.09,1.91,29.80,Clear
11/10/2023,11:30 PM,78.64,95.09,1.91,29.79,Clear
12/10/2023,12:00 AM,78.45,95.64,1.91,29.79,Clear
12/10/2023,12:30 AM,78.27,96.18,1.91,29.78,Clear
12/10/2023,01:00 AM,78.27,96.18,2.00,29.78,Clear
12/10/2023,01:30 AM,78.09,96.73,2.00,29.77,Clear
12/10/2023,02:00 AM,77.91,97.27,2.00,29.76,Clear
12/10/2023,02:30 AM,77.73,97.82,1.91,29.76,Clear
12/10/2023,03:00 AM,77.55,97.82,2.00,29.75,Clear
12/10/2023,03:30 AM,77.36,97.82,2.00,29.75,Clear
12/10/2023,04:00 AM,77.18,97.82,2.18,29.75,Clear
12/10/2023,04:30 AM,77.00,97.82,2.18,29.75,Clear
12/10/2023,05:00 AM,77.00,97.27,2.18,29.76,Clear
12/10/2023,05:30 AM,77.00,96.73,2.27,29.76,Clear
12/10/2023,06:00 AM,77.00,96.73,2.27,29.77,Mist
12/10/2023,06:30 AM,77.36,95.73,2.27,29.78,Mist
12/10/2023,07:00 AM,77.82,94.27,2.36,29.78,Mist
12/10/2023,07:30 AM,78.45,92.82,2.45,29.79,Mist
12/10/2023,08:00 AM,79.27,90.45,2.45,29.80,Mist
12/10/2023,08:30 AM,80.27,88.27,2.36,29.80,Clear
12/10/2023,09:00 AM,81.45,85.73,2.36,29.80,Clear
12/10/2023,09:30 AM,82.64,82.82,2.45,29.80,Clear
12/10/2023,10:00 AM,83.91,80.00,2.73,29.80,Clear
12/10/2023,10:30 AM,85.18,76.82,2.73,29.79,Clear
12/10/2023,11:00 AM,86.45,74.00,2.91,29.79,Clear
12/10/2023,11:30 AM,87.73,70.27,3.00,29.78,Clear
12/10/2023,12:00 PM,88.82,67.55,3.27,29.76,Clear
12/10/2023,12:30 PM,89.82,65.00,3.27,29.75,Clear
12/10/2023,01:00 PM,90.18,64.18,4.27,29.74,Clear
12/10/2023,01:30 PM,89.73,65.09,5.27,29.73,Clear
12/10/2023,02:00 PM,89.09,66.36,6.00,29.72,Clear
12/10/2023,02:30 PM,87.91,68.91,6.55,29.71,Clear
12/10/2023,03:00 PM,86.73,71.82,6.55,29.71,Rain
12/10/2023,03:30 PM,85.45,74.64,6.55,29.71,Rain
12/10/2023,04:00 PM,84.18,77.82,6.55,29.71,Rain
12/10/2023,04:30 PM,82.91,80.64,6.09,29.71,Rain
12/10/2023,05:00 PM,81.64,83.82,6.09,29.72,Rain
12/10/2023,05:30 PM,80.18,87.00,5.91,29.73,Rain
12/10/2023,06:00 PM,78.73,90.45,5.91,29.75,Rain
12/10/2023,06:30 PM,77.73,92.18,4.82,29.76,Rain
12/10/2023,07:00 PM,77.36,93.09,3.91,29.77,Rain
12/10/2023,07:30 PM,77.00,94.00,3.18,29.78,Rain
12/10/2023,08:00 PM,77.00,94.00,2.64,29.79,Clear
12/10/2023,08:30 PM,77.00,94.00,2.36,29.80,Clear
12/10/2023,09:00 PM,77.00,94.00,2.09,29.80,Clear
12/10/2023,09:30 PM,76.82,94.55,1.82,29.80,Clear
12/10/2023,10:00 PM,76.64,95.09,2.00,29.81,Clear
12/10/2023,10:30 PM,76.45,95.64,2.00,29.81,Clear
12/10/2023,11:00 PM,76.27,96.18,2.00,29.81,Clear
12/10/2023,11:30 PM,76.27,96.18,1.91,29.80,Clear
13/10/2023,12:00 AM,76.27,96.18,2.00,29.80,Clear
13/10/2023,12:30 AM,76.09,96.73,2.00,29.80,Clear
13/10/2023,01:00 AM,76.09,96.73,1.82,29.79,Clear
13/10/2023,01:30 AM,75.91,97.27,1.73,29.79,Clear
13/10/2023,02:00 AM,75.73,97.82,1.91,29.78,Clear
13/10/2023,02:30 AM,75.55,98.36,1.73,29.78,Clear
13/10/2023,03:00 AM,75.55,98.36,1.91,29.78,Clear
13/10/2023,03:30 AM,75.55,98.36,2.00,29.77,Clear
13/10/2023,04:00 AM,75.55,98.36,2.00,29.77,Clear
13/10/2023,04:30 AM,75.73,97.82,2.18,29.77,Clear
13/10/2023,05:00 AM,75.73,98.36,2.00,29.78,Clear
13/10/2023,05:30 AM,75.73,98.91,1.91,29.78,Clear
13/10/2023,06:00 AM,76.27,97.91,1.82,29.78,Mist
13/10/2023,06:30 AM,76.73,97.00,2.00,29.79,Mist
13/10/2023,07:00 AM,77.73,95.09,1.91,29.80,Mist
13/10/2023,07:30 AM,78.91,92.36,2.18,29.80,Mist
13/10/2023,08:00 AM,80.09,89.64,2.64,29.81,Mist
13/10/2023,08:30 AM,81.45,86.55,2.91,29.81,Mist
13/10/2023,09:00 AM,82.82,83.09,2.82,29.81,Clear
13/10/2023,09:30 AM,84.27,80.00,2.82,29.80,Clear
13/10/2023,10:00 AM,85.55,76.82,2.64,29.80,Clear
13/10/2023,10:30 AM,86.73,73.73,3.73,29.79,Clear
13/10/2023,11:00 AM,88.00,70.00,4.09,29.78,Clear
13/10/2023,11:30 AM,88.91,67.27,4.45,29.77,Clear
13/10/2023,12:00 PM,89.91,64.36,4.91,29.76,Rain
13/10/2023,12:30 PM,90.27,63.18,5.45,29.74,Rain
13/10/2023,01:00 PM,90.27,62.82,6.27,29.73,Clear
13/10/2023,01:30 PM,89.91,63.64,6.45,29.72,Clear
13/10/2023,02:00 PM,88.73,66.18,6.45,29.71,Rain
13/10/2023,02:30 PM,87.73,68.64,6.82,29.71,Rain
13/10/2023,03:00 PM,86.64,71.18,6.82,29.70,Rain
13/10/2023,03:30 PM,85.55,74.36,7.09,29.70,Rain
13/10/2023,04:00 PM,84.55,76.91,6.45,29.70,Rain
13/10/2023,04:30 PM,83.45,80.09,6.36,29.70,Rain
13/10/2023,05:00 PM,82.36,83.27,6.09,29.71,Rain
13/10/2023,05:30 PM,81.09,87.09,5.91,29.72,Clear
13/10/2023,06:00 PM,80.09,89.64,5.64,29.72,Clear
13/10/2023,06:30 PM,79.27,92.18,4.36,29.74,Clear
13/10/2023,07:00 PM,78.82,94.09,4.00,29.74,Clear
13/10/2023,07:30 PM,79.00,94.09,3.55,29.75,Clear
13/10/2023,08:00 PM,79.00,94.55,3.00,29.76,Clear
13/10/2023,08:30 PM,79.00,94.55,2.73,29.77,Clear
13/10/2023,09:00 PM,79.00,94.55,2.36,29.78,Clear
13/10/2023,09:30 PM,79.00,95.09,1.91,29.78,Clear
13/10/2023,10:00 PM,79.00,95.64,1.45,29.78,Clear
13/10/2023,10:30 PM,79.00,96.18,1.36,29.79,Clear
13/10/2023,11:00 PM,79.00,96.73,1.09,29.79,Clear
13/10/2023,11:30 PM,79.00,96.73,1.00,29.79,Clear
14/10/2023,12:00 AM,79.00,96.73,1.18,29.78,Clear
14/10/2023,12:30 AM,79.00,96.18,0.91,29.78,Clear
14/10/2023,01:00 AM,79.00,96.18,0.91,29.77,Clear
14/10/2023,01:30 AM,79.00,96.18,0.91,29.77,Clear
14/10/2023,02:00 AM,79.00,96.18,1.00,29.76,Clear
14/10/2023,02:30 AM,79.00,96.18,1.27,29.75,Clear
14/10/2023,03:00 AM,78.82,96.18,1.27,29.75,Clear
14/10/2023,03:30 AM,78.64,96.18,1.45,29.75,Clear
14/10/2023,04:00 AM,78.64,95.64,1.55,29.74,Clear
14/10/2023,04:30 AM,78.64,95.09,1.64,29.74,Clear
14/10/2023,05:00 AM,78.64,95.09,1.73,29.74,Clear
14/10/2023,05:30 AM,78.82,94.64,1.73,29.74,Clear
14/10/2023,06:00 AM,79.09,94.18,1.91,29.75,Mist
14/10/2023,06:30 AM,79.55,93.27,2.18,29.75,Mist
14/10/2023,07:00 AM,80.36,91.55,2.27,29.76,Mist
14/10/2023,07:30 AM,81.18,89.36,2.45,29.77,Mist
14/10/2023,08:00 AM,82.00,87.18,2.27,29.77,Clear
14/10/2023,08:30 AM,83.18,84.45,2.45,29.77,Clear
14/10/2023,09:00 AM,84.45,80.36,3.00,29.77,Clear
14/10/2023,09:30 AM,85.55,77.18,3.55,29.77,Clear
14/10/2023,10:00 AM,86.82,73.73,4.00,29.77,Clear
14/10/2023,10:30 AM,88.09,70.27,4.55,29.76,Clear
14/10/2023,11:00 AM,88.91,67.82,4.91,29.76,Clear
14/10/2023,11:30 AM,89.27,66.45,5.36,29.75,Clear
14/10/2023,12:00 PM,89.45,65.55,5.55,29.74,Clear
14/10/2023,12:30 PM,89.73,64.09,6.55,29.72,Clear
14/10/2023,01:00 PM,90.00,63.09,7.18,29.71,Rain
14/10/2023,01:30 PM,90.27,62.09,7.82,29.69,Rain
14/10/2023,02:00 PM,90.27,61.09,8.55,29.68,Clear
14/10/2023,02:30 PM,90.18,61.45,8.64,29.67,Clear
14/10/2023,03:00 PM,89.91,62.09,8.45,29.67,Clear
14/10/2023,03:30 PM,89.45,63.00,8.27,29.66,Clear
14/10/2023,04:00 PM,88.82,64.27,8.00,29.66,Clear
14/10/2023,04:30 PM,88.27,65.36,7.91,29.66,Clear
14/10/2023,05:00 PM,88.09,65.36,8.09,29.67,Clear
14/10/2023,05:30 PM,87.91,65.36,8.18,29.68,Clear
14/10/2023,06:00 PM,87.27,66.73,7.55,29.68,Clear
14/10/2023,06:30 PM,86.45,68.55,6.64,29.69,Clear
14/10/2023,07:00 PM,85.64,70.82,6.00,29.71,Clear
14/10/2023,07:30 PM,84.91,73.09,5.09,29.72,Clear
14/10/2023,08:00 PM,84.09,75.82,4.55,29.73,Clear
14/10/2023,08:30 PM,83.45,77.91,4.18,29.74,Clear
14/10/2023,09:00 PM,82.82,80.00,3.91,29.74,Clear
14/10/2023,09:30 PM,82.18,82.18,3.82,29.75,Clear
14/10/2023,10:00 PM,81.91,83.55,3.55,29.75,Clear
14/10/2023,10:30 PM,81.45,85.36,2.91,29.75,Clear
14/10/2023,11:00 PM,81.00,87.18,2.45,29.75,Clear
14/10/2023,11:30 PM,80.55,89.00,2.27,29.75,Clear
15/10/2023,12:00 AM,80.27,90.36,2.55,29.75,Clear
15/10/2023,12:30 AM,80.00,90.82,2.73,29.74,Clear
15/10/2023,01:00 AM,79.73,91.27,3.00,29.74,Clear
15/10/2023,01:30 AM,79.55,91.27,3.27,29.73,Clear
15/10/2023,02:00 AM,79.36,91.27,3.73,29.73,Clear
15/10/2023,02:30 AM,79.18,91.27,3.91,29.72,Clear
15/10/2023,03:00 AM,79.00,91.27,3.73,29.72,Clear
15/10/2023,03:30 AM,78.64,91.73,3.73,29.71,Clear
15/10/2023,04:00 AM,78.45,91.73,4.00,29.71,Clear
15/10/2023,04:30 AM,78.27,91.73,4.18,29.71,Clear
15/10/2023,05:00 AM,78.09,91.73,4.36,29.71,Clear
15/10/2023,05:30 AM,78.09,91.27,4.55,29.72,Clear
15/10/2023,06:00 AM,78.09,91.27,4.55,29.72,Clear
15/10/2023,06:30 AM,78.27,90.82,4.73,29.73,Clear
15/10/2023,07:00 AM,78.55,89.91,4.45,29.73,Clear
15/10/2023,07:30 AM,78.82,89.00,4.27,29.74,Clear
15/10/2023,08:00 AM,79.27,87.64,4.45,29.74,Clear
15/10/2023,08:30 AM,80.09,85.82,4.91,29.74,Clear
15/10/2023,09:00 AM,81.09,83.64,5.45,29.74,Clear
15/10/2023,09:30 AM,82.09,81.45,5.64,29.74,Clear
15/10/2023,10:00 AM,83.09,79.27,6.18,29.74,Clear
15/10/2023,10:30 AM,84.09,77.09,6.36,29.74,Clear
15/10/2023,11:00 AM,85.09,75.00,6.73,29.73,Clear
15/10/2023,11:30 AM,85.91,72.91,7.18,29.72,Clear
15/10/2023,12:00 PM,86.55,71.27,7.36,29.71,Clear
15/10/2023,12:30 PM,87.09,70.09,7.73,29.70,Clear
15/10/2023,01:00 PM,87.45,69.27,7.82,29.69,Rain
15/10/2023,01:30 PM,87.64,69.27,7.64,29.68,Rain
15/10/2023,02:00 PM,87.64,68.91,7.45,29.68,Clear
15/10/2023,02:30 PM,87.09,69.73,7.55,29.67,Rain
15/10/2023,03:00 PM,86.27,71.91,7.82,29.66,Rain
15/10/2023,03:30 PM,85.27,74.09,7.00,29.66,Clear
15/10/2023,04:00 PM,84.27,76.82,6.82,29.66,Clear
15/10/2023,04:30 PM,83.27,79.36,6.55,29.66,Rain
15/10/2023,05:00 PM,82.45,81.45,5.91,29.67,Rain
15/10/2023,05:30 PM,81.45,83.55,5.82,29.68,Rain
15/10/2023,06:00 PM,80.45,85.64,5.73,29.69,Rain
15/10/2023,06:30 PM,79.64,87.36,5.36,29.70,Rain
15/10/2023,07:00 PM,78.82,88.73,5.09,29.71,Rain
15/10/2023,07:30 PM,78.00,90.45,4.73,29.72,Rain
15/10/2023,08:00 PM,77.55,91.36,4.18,29.72,Clear
15/10/2023,08:30 PM,77.36,91.36,3.55,29.73,Clear
15/10/2023,09:00 PM,77.36,91.36,4.00,29.73,Clear
15/10/2023,09:30 PM,77.36,90.82,3.82,29.74,Clear
15/10/2023,10:00 PM,77.18,90.82,3.55,29.74,Clear
15/10/2023,10:30 PM,77.00,90.82,3.45,29.74,Clear
15/10/2023,11:00 PM,77.00,91.27,2.91,29.73,Clear
15/10/2023,11:30 PM,77.00,91.73,2.36,29.73,Clear
16/10/2023,12:00 AM,77.00,92.18,2.18,29.72,Clear
16/10/2023,12:30 AM,77.00,92.64,2.27,29.72,Clear
16/10/2023,01:00 AM,77.00,93.09,2.18,29.71,Clear
16/10/2023,01:30 AM,77.00,93.55,2.09,29.71,Clear
16/10/2023,02:00 AM,77.00,93.55,2.00,29.70,Clear
16/10/2023,02:30 AM,76.82,93.55,1.64,29.70,Clear
16/10/2023,03:00 AM,76.64,93.55,1.45,29.69,Clear
16/10/2023,03:30 AM,76.45,93.55,1.45,29.69,Clear
16/10/2023,04:00 AM,76.45,94.00,1.45,29.70,Clear
16/10/2023,04:30 AM,76.45,94.00,1.55,29.70,Clear
16/10/2023,05:00 AM,76.64,93.55,2.00,29.71,Clear
16/10/2023,05:30 AM,76.82,93.09,2.55,29.71,Clear
16/10/2023,06:00 AM,77.18,92.64,2.82,29.72,Clear
16/10/2023,06:30 AM,77.64,91.27,3.27,29.72,Clear
16/10/2023,07:00 AM,78.27,89.91,3.73,29.74,Clear
16/10/2023,07:30 AM,79.27,87.00,4.09,29.74,Clear
16/10/2023,08:00 AM,80.45,84.09,4.64,29.75,Clear
16/10/2023,08:30 AM,81.64,81.55,5.27,29.75,Clear
16/10/2023,09:00 AM,82.82,79.00,5.55,29.75,Clear
16/10/2023,09:30 AM,83.82,76.45,6.18,29.75,Clear
16/10/2023,10:00 AM,84.64,74.27,6.73,29.75,Clear
16/10/2023,10:30 AM,85.64,71.82,6.91,29.75,Clear
16/10/2023,11:00 AM,86.64,69.73,7.09,29.74,Clear
16/10/2023,11:30 AM,87.45,67.27,7.36,29.73,Clear
16/10/2023,12:00 PM,88.18,65.73,7.55,29.72,Clear
16/10/2023,12:30 PM,88.55,64.55,7.73,29.71,Clear
16/10/2023,01:00 PM,88.73,64.55,7.91,29.70,Clear
16/10/2023,01:30 PM,88.73,64.55,7.91,29.69,Clear
16/10/2023,02:00 PM,88.73,64.18,7.91,29.68,Clear
16/10/2023,02:30 PM,88.73,64.18,7.82,29.67,Rain
16/10/2023,03:00 PM,88.55,64.55,7.64,29.66,Clear
16/10/2023,03:30 PM,88.36,64.91,7.55,29.65,Rain
16/10/2023,04:00 PM,87.82,66.00,7.36,29.65,Clear
16/10/2023,04:30 PM,87.09,67.18,7.00,29.65,Clear
16/10/2023,05:00 PM,86.36,68.73,6.64,29.65,Clear
16/10/2023,05:30 PM,85.55,70.73,6.36,29.66,Clear
16/10/2023,06:00 PM,84.91,72.36,6.00,29.67,Clear
16/10/2023,06:30 PM,84.09,74.36,5.82,29.68,Clear
16/10/2023,07:00 PM,83.45,76.36,5.73,29.69,Clear
16/10/2023,07:30 PM,82.82,78.82,5.64,29.70,Clear
16/10/2023,08:00 PM,82.00,81.36,5.45,29.71,Clear
16/10/2023,08:30 PM,81.36,83.55,5.09,29.72,Clear
16/10/2023,09:00 PM,80.91,85.36,4.82,29.73,Clear
16/10/2023,09:30 PM,80.45,87.18,4.64,29.74,Clear
16/10/2023,10:00 PM,80.18,88.55,4.36,29.74,Clear
16/10/2023,10:30 PM,79.91,89.91,4.00,29.74,Clear
16/10/2023,11:00 PM,79.73,90.82,3.64,29.75,Clear
16/10/2023,11:30 PM,79.55,91.73,3.27,29.75,Clear
17/10/2023,12:00 AM,79.36,92.64,2.82,29.75,Clear
17/10/2023,12:30 AM,79.18,93.55,2.45,29.74,Clear
17/10/2023,01:00 AM,79.00,94.00,2.00,29.74,Clear
17/10/2023,01:30 AM,79.00,94.00,1.82,29.73,Clear
17/10/2023,02:00 AM,79.00,94.00,1.73,29.72,Clear
17/10/2023,02:30 AM,79.00,94.00,1.73,29.72,Clear
17/10/2023,03:00 AM,79.00,94.00,2.00,29.72,Clear
17/10/2023,03:30 AM,78.82,94.55,2.27,29.72,Clear
17/10/2023,04:00 AM,78.82,94.55,2.64,29.72,Clear
17/10/2023,04:30 AM,78.82,94.55,2.73,29.72,Clear
17/10/2023,05:00 AM,78.82,94.09,3.18,29.73,Clear
17/10/2023,05:30 AM,78.82,94.09,3.55,29.74,Clear
17/10/2023,06:00 AM,78.82,93.64,3.91,29.75,Clear
17/10/2023,06:30 AM,79.00,92.73,4.36,29.76,Clear
17/10/2023,07:00 AM,79.27,91.36,4.91,29.77,Clear
17/10/2023,07:30 AM,79.55,90.00,5.45,29.77,Clear
17/10/2023,08:00 AM,79.82,88.64,6.00,29.78,Clear
17/10/2023,08:30 AM,80.27,86.82,6.18,29.78,Clear
17/10/2023,09:00 AM,80.91,84.45,6.27,29.79,Clear
17/10/2023,09:30 AM,81.36,82.64,6.36,29.79,Clear
17/10/2023,10:00 AM,82.00,80.45,7.00,29.79,Clear
17/10/2023,10:30 AM,82.64,78.36,7.55,29.79,Clear
17/10/2023,11:00 AM,83.27,75.82,8.00,29.78,Clear
17/10/2023,11:30 AM,84.09,73.73,8.27,29.77,Clear
17/10/2023,12:00 PM,84.55,72.45,8.73,29.76,Clear
17/10/2023,12:30 PM,84.73,72.00,9.18,29.75,Rain
17/10/2023,01:00 PM,84.91,71.55,9.27,29.75,Rain
17/10/2023,01:30 PM,85.09,71.09,9.27,29.74,Clear
17/10/2023,02:00 PM,84.91,71.55,9.45,29.73,Clear
17/10/2023,02:30 PM,84.73,72.00,9.55,29.72,Clear
17/10/2023,03:00 PM,84.55,72.00,9.64,29.71,Clear
17/10/2023,03:30 PM,84.09,72.82,9.27,29.71,Rain
17/10/2023,04:00 PM,83.64,74.00,8.45,29.71,Clear
17/10/2023,04:30 PM,83.00,75.55,7.55,29.71,Clear
17/10/2023,05:00 PM,82.18,77.09,6.73,29.71,Clear
17/10/2023,05:30 PM,81.55,78.82,5.64,29.71,Clear
17/10/2023,06:00 PM,81.09,80.18,4.73,29.72,Clear
17/10/2023,06:30 PM,80.64,81.55,4.09,29.73,Clear
17/10/2023,07:00 PM,80.18,82.91,3.45,29.74,Clear
17/10/2023,07:30 PM,79.73,84.27,2.55,29.75,Clear
17/10/2023,08:00 PM,79.45,85.18,1.91,29.76,Clear
17/10/2023,08:30 PM,79.00,87.00,1.45,29.77,Clear
17/10/2023,09:00 PM,78.64,88.36,1.18,29.78,Clear
17/10/2023,09:30 PM,78.27,89.73,0.91,29.78,Clear
17/10/2023,10:00 PM,78.09,90.73,0.91,29.79,Clear
17/10/2023,10:30 PM,77.91,91.73,1.18,29.79,Clear
17/10/2023,11:00 PM,77.73,92.18,1.45,29.79,Clear
17/10/2023,11:30 PM,77.55,92.64,1.55,29.79,Clear
18/10/2023,12:00 AM,77.36,93.09,1.55,29.79,Clear
18/10/2023,12:30 AM,77.18,93.55,1.55,29.78,Clear
18/10/2023,01:00 AM,77.18,93.55,1.73,29.77,Clear
18/10/2023,01:30 AM,77.00,94.00,1.73,29.76,Clear
18/10/2023,02:00 AM,77.00,94.00,1.55,29.76,Clear
18/10/2023,02:30 AM,77.00,94.00,1.36,29.75,Clear
18/10/2023,03:00 AM,77.00,94.00,1.55,29.75,Clear
18/10/2023,03:30 AM,77.00,94.00,1.55,29.75,Clear
18/10/2023,04:00 AM,77.00,94.00,1.27,29.75,Clear
18/10/2023,04:30 AM,77.00,94.00,1.00,29.75,Clear
18/10/2023,05:00 AM,77.18,93.55,1.00,29.75,Mist
18/10/2023,05:30 AM,77.36,93.09,1.09,29.76,Clear
18/10/2023,06:00 AM,77.82,92.18,1.00,29.76,Clear
18/10/2023,06:30 AM,78.45,90.82,1.00,29.77,Clear
18/10/2023,07:00 AM,79.27,88.64,1.18,29.78,Clear
18/10/2023,07:30 AM,80.09,86.45,1.36,29.78,Clear
18/10/2023,08:00 AM,81.27,83.55,1.55,29.79,Clear
18/10/2023,08:30 AM,82.27,81.00,1.91,29.79,Clear
18/10/2023,09:00 AM,83.45,77.82,2.09,29.79,Clear
18/10/2023,09:30 AM,84.64,74.27,2.36,29.79,Clear
18/10/2023,10:00 AM,85.91,70.73,2.55,29.79,Clear
18/10/2023,10:30 AM,87.18,67.73,2.73,29.78,Clear
18/10/2023,11:00 AM,88.27,64.64,2.73,29.78,Clear
18/10/2023,11:30 AM,89.09,62.00,2.82,29.77,Clear
18/10/2023,12:00 PM,89.73,60.18,2.91,29.75,Clear
18/10/2023,12:30 PM,90.18,58.82,3.00,29.74,Clear
18/10/2023,01:00 PM,90.64,57.45,2.82,29.73,Clear
18/10/2023,01:30 PM,90.45,57.82,3.73,29.72,Rain
18/10/2023,02:00 PM,90.09,58.55,4.64,29.71,Rain
18/10/2023,02:30 PM,89.09,61.27,5.09,29.70,Clear
18/10/2023,03:00 PM,88.09,64.36,5.27,29.69,Clear
18/10/2023,03:30 PM,87.00,67.45,5.36,29.69,Rain
18/10/2023,04:00 PM,85.91,70.00,4.91,29.69,Rain
18/10/2023,04:30 PM,85.00,72.64,4.91,29.70,Rain
18/10/2023,05:00 PM,84.09,75.27,5.18,29.71,Clear
18/10/2023,05:30 PM,83.18,77.55,5.36,29.72,Rain
18/10/2023,06:00 PM,82.09,80.64,5.36,29.73,Clear
18/10/2023,06:30 PM,81.18,83.27,5.64,29.74,Clear
18/10/2023,07:00 PM,80.36,85.36,4.82,29.76,Clear
18/10/2023,07:30 PM,79.91,87.18,3.64,29.77,Clear
18/10/2023,08:00 PM,79.91,87.18,3.45,29.78,Clear
18/10/2023,08:30 PM,79.91,87.18,3.18,29.79,Clear
18/10/2023,09:00 PM,79.91,87.18,3.09,29.80,Clear
18/10/2023,09:30 PM,79.73,88.09,3.09,29.80,Clear
18/10/2023,10:00 PM,79.55,89.00,2.82,29.80,Clear
18/10/2023,10:30 PM,79.18,90.45,2.82,29.80,Rain
18/10/2023,11:00 PM,78.82,91.91,2.64,29.80,Rain
18/10/2023,11:30 PM,78.64,92.36,2.64,29.80,Rain
19/10/2023,12:00 AM,78.27,93.27,2.64,29.80,Rain
19/10/2023,12:30 AM,78.09,93.73,2.55,29.79,Rain
19/10/2023,01:00 AM,77.91,93.73,2.45,29.79,Rain
19/10/2023,01:30 AM,77.73,94.18,2.27,29.78,Rain
19/10/2023,02:00 AM,77.55,94.64,2.27,29.77,Clear
19/10/2023,02:30 AM,77.36,95.09,2.27,29.77,Clear
19/10/2023,03:00 AM,77.18,95.09,2.27,29.76,Clear
19/10/2023,03:30 AM,77.00,95.09,2.45,29.76,Clear
19/10/2023,04:00 AM,77.00,94.55,2.45,29.76,Clear
19/10/2023,04:30 AM,77.00,94.00,2.36,29.76,Clear
19/10/2023,05:00 AM,77.00,94.55,2.09,29.77,Clear
19/10/2023,05:30 AM,77.18,94.09,1.82,29.77,Clear
19/10/2023,06:00 AM,77.64,93.64,1.64,29.77,Mist
19/10/2023,06:30 AM,78.27,92.27,1.73,29.78,Mist
19/10/2023,07:00 AM,79.09,90.45,1.73,29.78,Mist
19/10/2023,07:30 AM,79.91,88.27,2.00,29.79,Mist
19/10/2023,08:00 AM,80.91,85.36,2.09,29.79,Clear
19/10/2023,08:30 AM,82.09,82.45,2.55,29.80,Clear
19/10/2023,09:00 AM,83.36,78.91,3.00,29.80,Clear
19/10/2023,09:30 AM,84.64,75.36,2.82,29.79,Clear
19/10/2023,10:00 AM,85.82,72.18,2.91,29.79,Clear
19/10/2023,10:30 AM,86.82,69.09,4.00,29.79,Clear
19/10/2023,11:00 AM,87.00,68.18,5.36,29.78,Clear
19/10/2023,11:30 AM,87.00,67.73,5.64,29.78,Clear
19/10/2023,12:00 PM,87.18,66.91,5.91,29.77,Rain
19/10/2023,12:30 PM,87.55,66.18,6.18,29.76,Rain
19/10/2023,01:00 PM,87.73,66.18,6.36,29.74,Rain
19/10/2023,01:30 PM,87.18,67.27,6.82,29.74,Rain
19/10/2023,02:00 PM,86.00,70.18,6.64,29.73,Rain
19/10/2023,02:30 PM,84.73,73.73,6.27,29.72,Clear
19/10/2023,03:00 PM,83.45,77.27,6.45,29.71,Rain
19/10/2023,03:30 PM,82.27,80.45,6.45,29.71,Rain
19/10/2023,04:00 PM,81.27,83.00,5.64,29.71,Rain
19/10/2023,04:30 PM,80.91,84.36,4.45,29.71,Rain
19/10/2023,05:00 PM,80.64,84.82,4.18,29.71,Clear
19/10/2023,05:30 PM,79.82,87.00,3.82,29.71,Clear
19/10/2023,06:00 PM,78.82,89.09,3.45,29.72,Clear
19/10/2023,06:30 PM,78.00,90.82,2.82,29.73,Clear
19/10/2023,07:00 PM,77.73,92.18,2.64,29.74,Clear
19/10/2023,07:30 PM,77.91,91.73,2.45,29.75,Clear
19/10/2023,08:00 PM,78.09,91.27,2.18,29.76,Clear
19/10/2023,08:30 PM,78.09,91.82,1.73,29.77,Clear
19/10/2023,09:00 PM,78.09,92.36,1.64,29.78,Clear
19/10/2023,09:30 PM,78.09,92.91,1.64,29.78,Clear
19/10/2023,10:00 PM,78.09,93.45,1.73,29.79,Clear
19/10/2023,10:30 PM,77.91,93.91,1.91,29.79,Clear
19/10/2023,11:00 PM,77.91,93.91,1.73,29.79,Clear
19/10/2023,11:30 PM,77.73,94.36,1.55,29.79,Clear
20/10/2023,12:00 AM,77.55,94.82,1.55,29.79,Clear
20/10/2023,12:30 AM,77.36,95.27,1.00,29.78,Clear
20/10/2023,01:00 AM,77.18,95.73,0.91,29.77,Clear
20/10/2023,01:30 AM,77.00,96.18,0.91,29.77,Clear
20/10/2023,02:00 AM,76.82,96.18,0.91,29.76,Clear
20/10/2023,02:30 AM,76.64,96.18,0.73,29.75,Clear
20/10/2023,03:00 AM,76.45,96.18,0.45,29.75,Clear
20/10/2023,03:30 AM,76.27,96.18,0.18,29.75,Clear
20/10/2023,04:00 AM,76.09,96.73,0.00,29.75,Mist
20/10/2023,04:30 AM,76.09,97.27,0.00,29.75,Mist
20/10/2023,05:00 AM,76.09,97.27,0.27,29.75,Mist
20/10/2023,05:30 AM,76.27,97.27,0.27,29.75,Mist
20/10/2023,06:00 AM,76.73,96.36,0.27,29.76,Mist
20/10/2023,06:30 AM,77.36,95.00,0.27,29.77,Mist
20/10/2023,07:00 AM,78.18,93.18,0.27,29.77,Mist
20/10/2023,07:30 AM,79.36,90.09,0.36,29.78,Mist
20/10/2023,08:00 AM,80.73,86.64,0.64,29.79,Mist
20/10/2023,08:30 AM,82.09,82.55,0.91,29.79,Clear
20/10/2023,09:00 AM,83.45,78.82,1.36,29.79,Clear
20/10/2023,09:30 AM,84.82,75.09,1.64,29.79,Clear
20/10/2023,10:00 AM,86.00,71.64,2.45,29.79,Clear
20/10/2023,10:30 AM,87.27,68.09,2.45,29.78,Clear
20/10/2023,11:00 AM,88.36,64.55,2.73,29.77,Clear
20/10/2023,11:30 AM,89.36,62.00,3.27,29.76,Rain
20/10/2023,12:00 PM,89.91,60.45,4.00,29.75,Rain
20/10/2023,12:30 PM,90.27,59.73,4.55,29.73,Clear
20/10/2023,01:00 PM,90.45,59.73,5.36,29.72,Clear
20/10/2023,01:30 PM,90.45,59.73,6.00,29.70,Rain
20/10/2023,02:00 PM,89.64,62.36,6.91,29.69,Clear
20/10/2023,02:30 PM,88.45,65.55,7.09,29.69,Rain
20/10/2023,03:00 PM,87.27,68.73,7.45,29.68,Clear
20/10/2023,03:30 PM,86.09,71.64,7.18,29.68,Rain
20/10/2023,04:00 PM,84.82,75.73,7.36,29.68,Rain
20/10/2023,04:30 PM,83.55,79.82,7.55,29.68,Rain
20/10/2023,05:00 PM,82.09,83.82,7.27,29.69,Rain
20/10/2023,05:30 PM,80.91,87.27,6.55,29.69,Rain
20/10/2023,06:00 PM,79.91,89.82,6.00,29.71,Rain
20/10/2023,06:30 PM,78.91,92.36,5.09,29.72,Rain
20/10/2023,07:00 PM,77.91,95.27,4.73,29.73,Rain
20/10/2023,07:30 PM,77.55,96.73,3.73,29.75,Clear
20/10/2023,08:00 PM,77.73,96.73,3.55,29.75,Clear
20/10/2023,08:30 PM,77.73,97.27,3.36,29.76,Clear
20/10/2023,09:00 PM,77.73,97.82,3.09,29.77,Clear
20/10/2023,09:30 PM,77.73,97.82,2.64,29.78,Clear
20/10/2023,10:00 PM,77.73,97.82,2.18,29.78,Clear
20/10/2023,10:30 PM,77.73,97.82,1.91,29.79,Clear
20/10/2023,11:00 PM,77.73,97.82,1.91,29.79,Clear
20/10/2023,11:30 PM,77.55,98.36,1.91,29.78,Clear
21/10/2023,12:00 AM,77.36,98.91,1.91,29.78,Clear
21/10/2023,12:30 AM,77.18,99.45,1.36,29.77,Clear
21/10/2023,01:00 AM,77.18,99.45,1.18,29.77,Clear
21/10/2023,01:30 AM,77.00,100.00,0.91,29.76,Clear
21/10/2023,02:00 AM,77.00,99.45,0.45,29.75,Mist
21/10/2023,02:30 AM,77.00,98.91,0.18,29.75,Mist
21/10/2023,03:00 AM,77.00,98.36,0.36,29.74,Mist
21/10/2023,03:30 AM,77.00,97.82,0.64,29.74,Clear
21/10/2023,04:00 AM,77.00,97.27,0.64,29.74,Clear
21/10/2023,04:30 AM,77.00,96.73,0.64,29.74,Clear
21/10/2023,05:00 AM,77.18,95.73,0.91,29.74,Clear
21/10/2023,05:30 AM,77.36,94.73,1.36,29.75,Clear
21/10/2023,06:00 AM,77.55,93.73,1.91,29.76,Clear
21/10/2023,06:30 AM,77.91,92.73,2.45,29.76,Clear
21/10/2023,07:00 AM,78.36,91.27,2.82,29.77,Clear
21/10/2023,07:30 AM,79.00,89.91,3.27,29.78,Clear
21/10/2023,08:00 AM,79.64,88.55,3.73,29.79,Clear
21/10/2023,08:30 AM,80.45,86.73,4.09,29.79,Clear
21/10/2023,09:00 AM,81.27,84.91,4.36,29.80,Clear
21/10/2023,09:30 AM,82.27,82.73,5.09,29.80,Clear
21/10/2023,10:00 AM,83.27,80.18,5.64,29.80,Clear
21/10/2023,10:30 AM,84.27,77.73,6.00,29.80,Clear
21/10/2023,11:00 AM,85.27,75.64,6.18,29.79,Clear
21/10/2023,11:30 AM,86.27,73.55,6.09,29.78,Clear
21/10/2023,12:00 PM,87.18,71.18,6.18,29.77,Clear
21/10/2023,12:30 PM,87.91,69.18,6.27,29.76,Clear
21/10/2023,01:00 PM,88.55,67.36,6.55,29.75,Clear
21/10/2023,01:30 PM,89.09,65.82,6.82,29.74,Clear
21/10/2023,02:00 PM,89.45,64.73,7.00,29.72,Clear
21/10/2023,02:30 PM,89.64,64.00,7.09,29.71,Clear
21/10/2023,03:00 PM,89.64,63.64,6.91,29.71,Clear
21/10/2023,03:30 PM,89.45,64.00,6.64,29.71,Clear
21/10/2023,04:00 PM,89.09,64.73,6.45,29.71,Clear
21/10/2023,04:30 PM,88.27,66.82,6.45,29.71,Clear
21/10/2023,05:00 PM,87.09,69.36,6.64,29.72,Rain
21/10/2023,05:30 PM,85.82,72.18,6.73,29.73,Rain
21/10/2023,06:00 PM,84.64,75.09,6.73,29.74,Rain
21/10/2023,06:30 PM,83.36,78.27,6.55,29.76,Rain
21/10/2023,07:00 PM,82.18,81.18,6.00,29.77,Rain
21/10/2023,07:30 PM,81.00,84.09,5.27,29.79,Rain
21/10/2023,08:00 PM,80.00,86.64,4.91,29.80,Rain
21/10/2023,08:30 PM,79.00,89.18,4.64,29.80,Rain
21/10/2023,09:00 PM,78.18,91.36,4.45,29.81,Rain
21/10/2023,09:30 PM,77.36,93.55,4.18,29.82,Rain
21/10/2023,10:00 PM,77.00,94.00,3.55,29.82,Clear
21/10/2023,10:30 PM,76.82,94.55,2.91,29.82,Clear
21/10/2023,11:00 PM,76.64,95.09,2.36,29.81,Clear
21/10/2023,11:30 PM,76.45,95.64,1.73,29.81,Clear
22/10/2023,12:00 AM,76.27,96.18,1.27,29.80,Clear
22/10/2023,12:30 AM,76.09,96.18,1.36,29.80,Clear
22/10/2023,01:00 AM,75.91,96.18,1.36,29.79,Clear
22/10/2023,01:30 AM,75.73,96.18,1.36,29.79,Clear
22/10/2023,02:00 AM,75.55,96.18,1.27,29.78,Clear
22/10/2023,02:30 AM,75.36,96.73,1.36,29.78,Clear
22/10/2023,03:00 AM,75.18,97.27,1.64,29.78,Clear
22/10/2023,03:30 AM,75.00,97.82,2.09,29.78,Clear
22/10/2023,04:00 AM,75.00,97.82,2.36,29.78,Mist
22/10/2023,04:30 AM,75.00,97.82,2.45,29.78,Mist
22/10/2023,05:00 AM,75.18,97.27,2.64,29.78,Mist
22/10/2023,05:30 AM,75.36,97.27,2.73,29.79,Mist
22/10/2023,06:00 AM,75.91,96.82,2.64,29.79,Mist
22/10/2023,06:30 AM,76.55,95.91,2.82,29.80,Mist
22/10/2023,07:00 AM,77.36,94.55,2.82,29.81,Mist
22/10/2023,07:30 AM,78.36,92.73,2.82,29.82,Mist
22/10/2023,08:00 AM,79.36,90.00,2.91,29.82,Mist
22/10/2023,08:30 AM,80.55,86.55,2.73,29.82,Clear
22/10/2023,09:00 AM,81.73,83.09,2.55,29.82,Clear
22/10/2023,09:30 AM,83.09,79.36,2.55,29.82,Clear
22/10/2023,10:00 AM,84.73,75.36,2.45,29.82,Clear
22/10/2023,10:30 AM,86.00,72.18,2.73,29.81,Clear
22/10/2023,11:00 AM,87.27,68.45,3.00,29.80,Clear
22/10/2023,11:30 AM,88.18,65.73,3.45,29.79,Clear
22/10/2023,12:00 PM,88.36,64.82,4.45,29.78,Clear
22/10/2023,12:30 PM,88.09,64.36,5.55,29.76,Clear
22/10/2023,01:00 PM,87.09,66.73,6.82,29.75,Clear
22/10/2023,01:30 PM,86.09,69.45,7.45,29.74,Clear
22/10/2023,02:00 PM,85.09,72.36,7.91,29.73,Rain
22/10/2023,02:30 PM,84.09,75.27,8.27,29.73,Rain
22/10/2023,03:00 PM,82.91,78.45,8.27,29.73,Rain
22/10/2023,03:30 PM,81.45,81.91,8.27,29.73,Rain
22/10/2023,04:00 PM,80.18,85.09,7.82,29.73,Rain
22/10/2023,04:30 PM,78.91,88.82,7.55,29.74,Rain
22/10/2023,05:00 PM,77.64,92.55,6.91,29.75,Clear
22/10/2023,05:30 PM,77.00,94.91,5.91,29.76,Clear
22/10/2023,06:00 PM,76.64,97.27,5.00,29.77,Clear
22/10/2023,06:30 PM,77.00,96.27,3.82,29.78,Clear
22/10/2023,07:00 PM,77.18,96.27,3.36,29.79,Clear
22/10/2023,07:30 PM,77.18,96.27,3.09,29.80,Clear
22/10/2023,08:00 PM,77.18,95.82,2.73,29.81,Clear
22/10/2023,08:30 PM,77.18,95.82,2.55,29.82,Clear
22/10/2023,09:00 PM,77.18,95.82,2.55,29.83,Clear
22/10/2023,09:30 PM,77.00,96.36,2.82,29.83,Clear
22/10/2023,10:00 PM,76.82,96.36,2.82,29.83,Clear
22/10/2023,10:30 PM,76.64,96.36,3.00,29.83,Clear
22/10/2023,11:00 PM,76.45,95.82,2.82,29.83,Clear
22/10/2023,11:30 PM,76.27,95.27,2.36,29.83,Clear
23/10/2023,12:00 AM,75.91,95.73,2.27,29.82,Clear
23/10/2023,12:30 AM,75.73,95.18,2.09,29.82,Clear
23/10/2023,01:00 AM,75.55,95.18,1.82,29.82,Clear
23/10/2023,01:30 AM,75.36,95.64,1.64,29.81,Clear
23/10/2023,02:00 AM,75.18,95.64,1.55,29.81,Clear
23/10/2023,02:30 AM,75.00,95.64,1.64,29.80,Clear
23/10/2023,03:00 AM,74.82,95.64,1.64,29.80,Clear
23/10/2023,03:30 AM,74.64,95.64,1.64,29.80,Clear
23/10/2023,04:00 AM,74.45,95.64,1.64,29.80,Clear
23/10/2023,04:30 AM,74.45,95.64,1.64,29.80,Clear
23/10/2023,05:00 AM,74.45,95.64,1.64,29.80,Clear
23/10/2023,05:30 AM,74.64,95.64,1.45,29.80,Clear
23/10/2023,06:00 AM,74.82,95.64,1.36,29.80,Clear
23/10/2023,06:30 AM,75.36,94.73,1.45,29.81,Clear
23/10/2023,07:00 AM,76.00,93.82,1.55,29.81,Clear
23/10/2023,07:30 AM,76.82,92.45,1.82,29.82,Clear
23/10/2023,08:00 AM,77.82,89.91,1.73,29.82,Clear
23/10/2023,08:30 AM,79.00,86.82,1.73,29.82,Clear
23/10/2023,09:00 AM,80.00,84.09,1.82,29.83,Clear
23/10/2023,09:30 AM,81.18,80.64,1.91,29.82,Clear
23/10/2023,10:00 AM,82.18,78.09,2.36,29.82,Clear
23/10/2023,10:30 AM,83.18,75.55,2.91,29.82,Clear
23/10/2023,11:00 AM,84.00,72.64,3.45,29.81,Clear
23/10/2023,11:30 AM,85.00,69.36,3.73,29.81,Clear
23/10/2023,12:00 PM,85.64,67.36,4.00,29.80,Clear
23/10/2023,12:30 PM,86.18,65.36,4.36,29.78,Clear
23/10/2023,01:00 PM,86.55,63.45,4.36,29.77,Clear
23/10/2023,01:30 PM,86.73,62.73,4.64,29.76,Clear
23/10/2023,02:00 PM,86.91,62.36,4.82,29.75,Clear
23/10/2023,02:30 PM,87.09,62.36,5.00,29.74,Clear
23/10/2023,03:00 PM,87.09,63.09,5.00,29.73,Clear
23/10/2023,03:30 PM,86.91,63.82,5.00,29.72,Clear
23/10/2023,04:00 PM,86.73,64.55,4.73,29.71,Clear
23/10/2023,04:30 PM,86.36,66.09,4.36,29.71,Clear
23/10/2023,05:00 PM,85.82,68.00,3.91,29.71,Clear
23/10/2023,05:30 PM,85.18,70.00,3.82,29.71,Clear
23/10/2023,06:00 PM,84.55,72.45,3.27,29.71,Clear
23/10/2023,06:30 PM,83.91,75.27,3.18,29.72,Clear
23/10/2023,07:00 PM,83.27,77.64,2.73,29.73,Clear
23/10/2023,07:30 PM,82.45,80.55,2.55,29.74,Clear
23/10/2023,08:00 PM,81.82,82.27,2.27,29.75,Clear
23/10/2023,08:30 PM,81.18,84.00,2.27,29.75,Clear
23/10/2023,09:00 PM,80.73,85.36,2.27,29.76,Clear
23/10/2023,09:30 PM,80.09,87.18,2.18,29.77,Clear
23/10/2023,10:00 PM,79.64,88.55,2.00,29.78,Clear
23/10/2023,10:30 PM,79.18,89.91,2.00,29.78,Clear
23/10/2023,11:00 PM,78.82,90.82,1.55,29.78,Clear
23/10/2023,11:30 PM,78.45,91.27,1.82,29.78,Clear
24/10/2023,12:00 AM,78.09,91.73,1.91,29.78,Clear
24/10/2023,12:30 AM,77.73,92.64,2.18,29.78,Clear
24/10/2023,01:00 AM,77.55,92.64,2.00,29.77,Clear
24/10/2023,01:30 AM,77.36,93.09,2.09,29.77,Clear
24/10/2023,02:00 AM,77.18,93.55,2.09,29.77,Clear
24/10/2023,02:30 AM,77.00,94.00,2.09,29.77,Clear
24/10/2023,03:00 AM,77.00,94.00,2.18,29.76,Clear
24/10/2023,03:30 AM,77.00,94.00,2.45,29.76,Clear
24/10/2023,04:00 AM,77.00,94.00,2.64,29.77,Clear
24/10/2023,04:30 AM,77.00,94.00,2.64,29.77,Clear
24/10/2023,05:00 AM,77.00,94.00,2.55,29.77,Clear
24/10/2023,05:30 AM,77.18,93.55,2.45,29.78,Clear
24/10/2023,06:00 AM,77.36,93.09,2.18,29.78,Clear
24/10/2023,06:30 AM,77.73,92.64,2.18,29.78,Clear
24/10/2023,07:00 AM,78.18,91.27,2.00,29.79,Clear
24/10/2023,07:30 AM,78.82,89.91,1.91,29.79,Clear
24/10/2023,08:00 AM,79.82,87.73,1.64,29.80,Clear
24/10/2023,08:30 AM,80.64,85.55,1.64,29.80,Clear
24/10/2023,09:00 AM,81.64,83.00,1.82,29.80,Clear
24/10/2023,09:30 AM,82.82,79.82,1.91,29.80,Clear
24/10/2023,10:00 AM,84.09,76.27,2.18,29.80,Clear
24/10/2023,10:30 AM,85.36,72.73,2.45,29.79,Clear
24/10/2023,11:00 AM,86.36,70.00,2.91,29.79,Clear
24/10/2023,11:30 AM,87.64,67.00,3.09,29.78,Clear
24/10/2023,12:00 PM,88.55,63.91,3.27,29.76,Clear
24/10/2023,12:30 PM,89.36,61.45,3.82,29.75,Clear
24/10/2023,01:00 PM,90.00,59.27,4.27,29.74,Clear
24/10/2023,01:30 PM,90.27,58.27,4.73,29.73,Clear
24/10/2023,02:00 PM,90.27,58.27,5.64,29.71,Clear
24/10/2023,02:30 PM,89.91,58.64,6.09,29.71,Clear
24/10/2023,03:00 PM,89.36,59.64,6.36,29.70,Clear
24/10/2023,03:30 PM,88.55,61.82,6.55,29.69,Clear
24/10/2023,04:00 PM,87.73,64.00,6.36,29.69,Rain
24/10/2023,04:30 PM,86.91,66.27,5.82,29.69,Rain
24/10/2023,05:00 PM,85.82,68.82,5.91,29.70,Clear
24/10/2023,05:30 PM,84.91,71.45,5.91,29.71,Clear
24/10/2023,06:00 PM,83.82,74.82,5.55,29.72,Clear
24/10/2023,06:30 PM,82.73,77.91,4.91,29.74,Clear
24/10/2023,07:00 PM,81.64,80.64,4.55,29.75,Clear
24/10/2023,07:30 PM,81.00,82.36,3.45,29.76,Clear
24/10/2023,08:00 PM,80.36,84.55,3.00,29.77,Clear
24/10/2023,08:30 PM,79.73,86.73,2.73,29.78,Clear
24/10/2023,09:00 PM,79.27,88.09,2.55,29.79,Clear
24/10/2023,09:30 PM,78.82,89.45,2.45,29.80,Clear
24/10/2023,10:00 PM,78.45,90.36,2.82,29.80,Clear
24/10/2023,10:30 PM,78.09,91.27,2.64,29.80,Clear
24/10/2023,11:00 PM,77.73,92.18,2.55,29.80,Clear
24/10/2023,11:30 PM,77.55,92.64,2.45,29.80,Clear
25/10/2023,12:00 AM,77.36,93.09,2.64,29.79,Clear
25/10/2023,12:30 AM,77.18,93.55,2.55,29.79,Clear
25/10/2023,01:00 AM,77.00,94.00,2.73,29.78,Clear
25/10/2023,01:30 AM,76.82,94.55,2.36,29.78,Clear
25/10/2023,02:00 AM,76.82,94.55,2.27,29.77,Clear
25/10/2023,02:30 AM,76.82,94.55,2.45,29.77,Clear
25/10/2023,03:00 AM,76.82,94.55,2.73,29.76,Clear
25/10/2023,03:30 AM,76.82,94.55,2.55,29.76,Clear
25/10/2023,04:00 AM,76.82,94.55,2.73,29.76,Clear
25/10/2023,04:30 AM,77.00,94.09,2.73,29.76,Clear
25/10/2023,05:00 AM,77.18,93.64,2.82,29.77,Clear
25/10/2023,05:30 AM,77.55,93.18,3.09,29.77,Clear
25/10/2023,06:00 AM,78.00,92.27,3.36,29.77,Clear
25/10/2023,06:30 AM,78.64,90.91,3.64,29.78,Clear
25/10/2023,07:00 AM,79.64,88.55,4.09,29.79,Clear
25/10/2023,07:30 AM,80.64,86.00,4.36,29.79,Clear
25/10/2023,08:00 AM,81.64,83.45,4.45,29.80,Clear
25/10/2023,08:30 AM,82.64,80.91,4.45,29.80,Clear
25/10/2023,09:00 AM,83.82,77.73,4.36,29.80,Clear
25/10/2023,09:30 AM,85.09,74.18,4.36,29.80,Clear
25/10/2023,10:00 AM,86.18,71.09,4.45,29.80,Clear
25/10/2023,10:30 AM,87.18,68.64,4.91,29.80,Clear
25/10/2023,11:00 AM,87.82,66.55,5.27,29.79,Clear
25/10/2023,11:30 AM,88.36,64.91,5.45,29.78,Rain
25/10/2023,12:00 PM,88.73,63.73,5.82,29.77,Rain
25/10/2023,12:30 PM,88.73,63.73,6.09,29.76,Rain
25/10/2023,01:00 PM,88.18,65.36,6.45,29.75,Rain
25/10/2023,01:30 PM,87.55,67.45,6.36,29.74,Rain
25/10/2023,02:00 PM,86.73,69.55,6.00,29.73,Rain
25/10/2023,02:30 PM,85.73,72.27,6.00,29.72,Rain
25/10/2023,03:00 PM,84.64,75.82,5.91,29.71,Rain
25/10/2023,03:30 PM,83.55,79.36,5.91,29.71,Rain
25/10/2023,04:00 PM,82.55,82.27,5.45,29.71,Rain
25/10/2023,04:30 PM,81.73,84.82,4.82,29.71,Rain
25/10/2023,05:00 PM,80.91,87.36,4.27,29.71,Clear
25/10/2023,05:30 PM,80.09,89.91,3.64,29.72,Clear
25/10/2023,06:00 PM,79.45,91.73,3.00,29.72,Clear
25/10/2023,06:30 PM,79.18,92.64,2.18,29.73,Clear
25/10/2023,07:00 PM,79.00,93.09,1.73,29.74,Clear
25/10/2023,07:30 PM,78.82,94.09,1.73,29.75,Clear
25/10/2023,08:00 PM,78.64,94.55,1.55,29.76,Clear
25/10/2023,08:30 PM,78.45,94.55,1.55,29.77,Clear
25/10/2023,09:00 PM,78.27,94.55,1.27,29.78,Clear
25/10/2023,09:30 PM,78.09,94.55,1.00,29.79,Clear
25/10/2023,10:00 PM,77.91,94.55,0.82,29.79,Clear
25/10/2023,10:30 PM,77.73,94.55,0.73,29.79,Clear
25/10/2023,11:00 PM,77.55,94.55,0.45,29.79,Clear
25/10/2023,11:30 PM,77.36,94.55,0.55,29.79,Clear
26/10/2023,12:00 AM,77.18,94.55,0.82,29.79,Clear
26/10/2023,12:30 AM,76.82,95.09,1.09,29.78,Clear
26/10/2023,01:00 AM,76.64,95.09,1.18,29.77,Clear
26/10/2023,01:30 AM,76.45,95.64,1.18,29.77,Clear
26/10/2023,02:00 AM,76.27,96.18,1.00,29.76,Clear
26/10/2023,02:30 AM,76.09,96.73,1.00,29.75,Clear
26/10/2023,03:00 AM,75.91,96.73,1.18,29.75,Clear
26/10/2023,03:30 AM,75.73,96.73,1.36,29.75,Clear
26/10/2023,04:00 AM,75.55,96.73,1.45,29.75,Clear
26/10/2023,04:30 AM,75.36,97.27,1.55,29.75,Clear
26/10/2023,05:00 AM,75.36,97.27,1.45,29.75,Clear
26/10/2023,05:30 AM,75.73,96.82,1.18,29.75,Clear
26/10/2023,06:00 AM,76.36,95.36,1.09,29.76,Clear
26/10/2023,06:30 AM,77.18,93.45,1.36,29.76,Clear
26/10/2023,07:00 AM,78.00,91.09,1.64,29.77,Clear
26/10/2023,07:30 AM,79.18,88.00,1.91,29.78,Clear
26/10/2023,08:00 AM,80.36,85.27,2.09,29.79,Clear
26/10/2023,08:30 AM,81.73,82.73,2.36,29.79,Clear
26/10/2023,09:00 AM,83.09,80.18,2.36,29.79,Clear
26/10/2023,09:30 AM,84.45,77.27,2.55,29.79,Clear
26/10/2023,10:00 AM,85.82,73.82,3.09,29.79,Clear
26/10/2023,10:30 AM,87.00,70.91,3.36,29.79,Clear
26/10/2023,11:00 AM,87.91,68.55,4.18,29.78,Rain
26/10/2023,11:30 AM,88.73,66.64,4.82,29.77,Clear
26/10/2023,12:00 PM,89.09,65.82,5.45,29.76,Clear
26/10/2023,12:30 PM,89.27,65.45,6.09,29.75,Clear
26/10/2023,01:00 PM,88.91,66.18,6.45,29.73,Clear
26/10/2023,01:30 PM,88.55,66.55,6.91,29.72,Rain
26/10/2023,02:00 PM,87.82,67.73,7.09,29.71,Clear
26/10/2023,02:30 PM,87.00,69.36,7.09,29.71,Clear
26/10/2023,03:00 PM,86.18,71.36,7.36,29.70,Rain
26/10/2023,03:30 PM,85.36,73.36,7.18,29.70,Rain
26/10/2023,04:00 PM,84.36,75.82,7.36,29.70,Rain
26/10/2023,04:30 PM,83.27,78.18,7.00,29.70,Rain
26/10/2023,05:00 PM,82.18,81.00,6.36,29.71,Clear
26/10/2023,05:30 PM,81.36,83.18,5.45,29.71,Clear
26/10/2023,06:00 PM,80.73,85.36,4.64,29.72,Clear
26/10/2023,06:30 PM,80.27,87.18,4.45,29.74,Clear
26/10/2023,07:00 PM,79.82,89.00,4.27,29.75,Rain
26/10/2023,07:30 PM,79.55,90.36,3.82,29.76,Clear
26/10/2023,08:00 PM,79.36,91.27,3.91,29.78,Rain
26/10/2023,08:30 PM,79.18,92.18,3.55,29.79,Rain
26/10/2023,09:00 PM,78.82,93.09,3.55,29.80,Rain
26/10/2023,09:30 PM,78.64,93.09,3.18,29.80,Rain
26/10/2023,10:00 PM,78.45,93.55,2.91,29.81,Clear
26/10/2023,10:30 PM,78.27,93.55,3.18,29.81,Clear
26/10/2023,11:00 PM,78.09,93.55,3.18,29.81,Clear
26/10/2023,11:30 PM,77.91,93.55,3.27,29.81,Rain
27/10/2023,12:00 AM,77.55,94.09,3.00,29.80,Rain
27/10/2023,12:30 AM,77.18,94.64,2.55,29.79,Rain
27/10/2023,01:00 AM,76.82,95.18,2.36,29.78,Clear
27/10/2023,01:30 AM,76.45,95.73,2.09,29.77,Clear
27/10/2023,02:00 AM,76.09,96.27,1.91,29.76,Clear
27/10/2023,02:30 AM,75.91,96.82,1.64,29.75,Clear
27/10/2023,03:00 AM,75.73,97.27,1.36,29.75,Clear
27/10/2023,03:30 AM,75.55,97.27,1.45,29.74,Clear
27/10/2023,04:00 AM,75.36,97.27,1.18,29.74,Clear
27/10/2023,04:30 AM,75.18,97.27,1.18,29.74,Clear
27/10/2023,05:00 AM,75.00,97.82,1.27,29.74,Mist
27/10/2023,05:30 AM,75.00,97.82,1.27,29.75,Mist
27/10/2023,06:00 AM,75.55,96.36,1.45,29.75,Mist
27/10/2023,06:30 AM,76.18,94.91,1.73,29.76,Mist
27/10/2023,07:00 AM,77.18,92.18,2.00,29.77,Mist
27/10/2023,07:30 AM,78.18,89.09,2.45,29.78,Clear
27/10/2023,08:00 AM,79.36,86.00,2.82,29.78,Clear
27/10/2023,08:30 AM,80.73,82.82,3.09,29.79,Clear
27/10/2023,09:00 AM,82.18,79.64,3.09,29.79,Clear
27/10/2023,09:30 AM,83.64,75.82,3.09,29.79,Clear
27/10/2023,10:00 AM,85.09,72.00,3.36,29.79,Clear
27/10/2023,10:30 AM,86.55,67.91,3.55,29.79,Clear
27/10/2023,11:00 AM,88.00,63.55,3.82,29.78,Clear
27/10/2023,11:30 AM,89.09,60.36,4.27,29.77,Clear
27/10/2023,12:00 PM,90.09,57.18,4.45,29.76,Clear
27/10/2023,12:30 PM,90.73,55.00,4.45,29.74,Clear
27/10/2023,01:00 PM,91.36,53.45,4.45,29.73,Clear
27/10/2023,01:30 PM,91.82,51.91,3.91,29.71,Clear
27/10/2023,02:00 PM,92.09,51.00,3.91,29.70,Clear
27/10/2023,02:30 PM,92.09,51.00,4.18,29.68,Clear
27/10/2023,03:00 PM,92.00,51.91,4.64,29.67,Clear
27/10/2023,03:30 PM,91.73,53.55,4.64,29.66,Clear
27/10/2023,04:00 PM,91.27,54.91,4.73,29.66,Clear
27/10/2023,04:30 PM,90.82,56.55,4.27,29.66,Clear
27/10/2023,05:00 PM,90.18,58.45,3.91,29.66,Clear
27/10/2023,05:30 PM,89.36,60.73,3.73,29.66,Clear
27/10/2023,06:00 PM,88.55,63.27,3.91,29.67,Clear
27/10/2023,06:30 PM,87.55,66.45,3.73,29.68,Clear
27/10/2023,07:00 PM,86.55,69.64,3.91,29.69,Clear
27/10/2023,07:30 PM,85.55,72.82,3.64,29.71,Clear
27/10/2023,08:00 PM,84.73,74.64,3.09,29.72,Clear
27/10/2023,08:30 PM,84.00,76.64,2.55,29.73,Clear
27/10/2023,09:00 PM,83.36,78.36,2.18,29.74,Clear
27/10/2023,09:30 PM,82.91,80.09,1.64,29.75,Clear
27/10/2023,10:00 PM,82.27,82.27,1.64,29.76,Clear
27/10/2023,10:30 PM,81.64,84.45,1.36,29.77,Clear
27/10/2023,11:00 PM,81.18,86.27,1.09,29.77,Clear
27/10/2023,11:30 PM,80.73,88.09,0.73,29.77,Clear
28/10/2023,12:00 AM,80.45,89.00,0.45,29.77,Clear
28/10/2023,12:30 AM,80.18,89.91,0.27,29.76,Clear
28/10/2023,01:00 AM,79.91,90.82,0.55,29.76,Clear
28/10/2023,01:30 AM,79.64,92.18,0.73,29.75,Clear
28/10/2023,02:00 AM,79.36,93.09,1.09,29.75,Clear
28/10/2023,02:30 AM,79.00,93.55,1.64,29.74,Clear
28/10/2023,03:00 AM,78.64,94.00,1.82,29.74,Clear
28/10/2023,03:30 AM,78.45,94.55,2.09,29.74,Rain
28/10/2023,04:00 AM,78.27,94.55,2.18,29.74,Clear
28/10/2023,04:30 AM,78.09,95.09,2.45,29.74,Rain
28/10/2023,05:00 AM,77.91,95.09,2.45,29.74,Rain
28/10/2023,05:30 AM,77.91,94.64,2.55,29.75,Rain
28/10/2023,06:00 AM,77.91,94.64,2.64,29.75,Rain
28/10/2023,06:30 AM,78.09,94.64,2.36,29.76,Clear
28/10/2023,07:00 AM,78.36,93.73,2.18,29.77,Clear
28/10/2023,07:30 AM,79.00,92.36,2.00,29.78,Clear
28/10/2023,08:00 AM,79.82,90.18,1.64,29.78,Clear
28/10/2023,08:30 AM,80.82,88.00,2.00,29.79,Clear
28/10/2023,09:00 AM,81.82,84.91,2.18,29.79,Clear
28/10/2023,09:30 AM,83.00,82.00,2.64,29.79,Clear
28/10/2023,10:00 AM,84.00,78.91,2.91,29.79,Clear
28/10/2023,10:30 AM,85.18,75.73,3.36,29.79,Clear
28/10/2023,11:00 AM,86.18,73.27,3.82,29.78,Clear
28/10/2023,11:30 AM,87.18,70.09,4.45,29.77,Clear
28/10/2023,12:00 PM,88.00,66.91,5.09,29.76,Clear
28/10/2023,12:30 PM,88.73,64.27,5.36,29.74,Clear
28/10/2023,01:00 PM,88.55,64.27,5.73,29.73,Clear
28/10/2023,01:30 PM,88.09,66.00,6.09,29.72,Clear
28/10/2023,02:00 PM,87.45,67.27,6.09,29.71,Clear
28/10/2023,02:30 PM,86.82,69.36,6.09,29.69,Rain
28/10/2023,03:00 PM,86.00,71.82,5.82,29.69,Rain
28/10/2023,03:30 PM,85.36,73.91,5.82,29.68,Rain
28/10/2023,04:00 PM,84.36,76.64,5.45,29.68,Rain
28/10/2023,04:30 PM,83.36,79.09,5.18,29.68,Clear
28/10/2023,05:00 PM,82.36,82.27,4.73,29.69,Clear
28/10/2023,05:30 PM,81.36,85.00,4.36,29.69,Clear
28/10/2023,06:00 PM,80.18,88.55,4.36,29.70,Clear
28/10/2023,06:30 PM,79.55,89.91,4.00,29.71,Clear
28/10/2023,07:00 PM,79.18,90.36,3.55,29.72,Clear
28/10/2023,07:30 PM,78.82,91.27,3.18,29.74,Clear
28/10/2023,08:00 PM,78.45,91.73,2.91,29.75,Clear
28/10/2023,08:30 PM,78.09,92.18,2.91,29.75,Clear
28/10/2023,09:00 PM,77.73,92.64,2.64,29.76,Clear
28/10/2023,09:30 PM,77.55,93.09,2.55,29.77,Clear
28/10/2023,10:00 PM,77.36,93.55,2.27,29.77,Clear
28/10/2023,10:30 PM,77.18,93.55,2.00,29.78,Clear
28/10/2023,11:00 PM,77.00,94.00,1.73,29.78,Clear
28/10/2023,11:30 PM,76.82,94.55,1.45,29.77,Clear
29/10/2023,12:00 AM,76.64,95.09,1.18,29.77,Clear
29/10/2023,12:30 AM,76.45,95.64,1.18,29.76,Clear
29/10/2023,01:00 AM,76.27,96.18,1.18,29.75,Clear
29/10/2023,01:30 AM,76.09,96.73,1.00,29.74,Clear
29/10/2023,02:00 AM,75.91,97.27,0.73,29.74,Clear
29/10/2023,02:30 AM,75.73,97.82,0.64,29.73,Clear
29/10/2023,03:00 AM,75.55,98.36,0.73,29.72,Clear
29/10/2023,03:30 AM,75.36,98.91,0.91,29.72,Clear
29/10/2023,04:00 AM,75.18,99.45,1.09,29.71,Clear
29/10/2023,04:30 AM,75.18,99.45,1.36,29.71,Mist
29/10/2023,05:00 AM,75.36,98.91,1.64,29.71,Clear
29/10/2023,05:30 AM,75.91,97.45,1.64,29.72,Clear
29/10/2023,06:00 AM,76.45,96.45,1.73,29.72,Mist
29/10/2023,06:30 AM,77.45,93.73,1.55,29.73,Clear
29/10/2023,07:00 AM,78.45,91.36,1.82,29.74,Clear
29/10/2023,07:30 AM,79.45,88.64,2.27,29.74,Clear
29/10/2023,08:00 AM,80.64,85.55,2.64,29.75,Clear
29/10/2023,08:30 AM,81.82,82.09,3.09,29.76,Clear
29/10/2023,09:00 AM,83.18,78.64,3.73,29.76,Clear
29/10/2023,09:30 AM,84.55,75.18,4.36,29.76,Clear
29/10/2023,10:00 AM,85.73,72.64,5.00,29.76,Clear
29/10/2023,10:30 AM,86.91,69.73,5.64,29.75,Clear
29/10/2023,11:00 AM,87.73,67.45,6.73,29.75,Clear
29/10/2023,11:30 AM,88.55,65.00,7.64,29.74,Clear
29/10/2023,12:00 PM,88.73,64.64,8.73,29.73,Clear
29/10/2023,12:30 PM,88.91,64.27,9.64,29.71,Clear
29/10/2023,01:00 PM,88.91,64.64,10.27,29.70,Clear
29/10/2023,01:30 PM,88.73,65.36,10.64,29.69,Clear
29/10/2023,02:00 PM,88.55,66.09,10.55,29.68,Rain
29/10/2023,02:30 PM,87.73,67.64,10.27,29.67,Rain
29/10/2023,03:00 PM,86.73,70.55,9.64,29.67,Clear
29/10/2023,03:30 PM,85.73,73.09,9.18,29.67,Rain
29/10/2023,04:00 PM,84.73,76.00,8.73,29.67,Clear
29/10/2023,04:30 PM,83.73,79.18,7.73,29.67,Rain
29/10/2023,05:00 PM,82.73,82.09,6.73,29.68,Rain
29/10/2023,05:30 PM,81.91,84.64,5.64,29.68,Rain
29/10/2023,06:00 PM,81.09,86.82,4.45,29.69,Clear
29/10/2023,06:30 PM,80.45,88.64,3.91,29.71,Rain
29/10/2023,07:00 PM,79.64,91.00,3.45,29.72,Rain
29/10/2023,07:30 PM,78.82,93.73,3.36,29.73,Rain
29/10/2023,08:00 PM,78.45,95.64,3.27,29.74,Clear
29/10/2023,08:30 PM,78.27,96.18,3.55,29.75,Rain
29/10/2023,09:00 PM,78.09,96.18,3.27,29.75,Rain
29/10/2023,09:30 PM,77.91,96.73,2.82,29.76,Rain
29/10/2023,10:00 PM,77.73,97.27,2.82,29.76,Rain
29/10/2023,10:30 PM,77.55,97.27,2.64,29.76,Rain
29/10/2023,11:00 PM,77.36,97.27,2.64,29.76,Rain
29/10/2023,11:30 PM,77.18,97.27,2.73,29.76,Clear
30/10/2023,12:00 AM,77.00,97.27,2.18,29.75,Clear
30/10/2023,12:30 AM,77.00,96.73,1.82,29.74,Clear
30/10/2023,01:00 AM,76.82,96.73,1.36,29.74,Clear
30/10/2023,01:30 AM,76.64,96.73,1.09,29.73,Clear
30/10/2023,02:00 AM,76.45,96.73,0.82,29.72,Clear
30/10/2023,02:30 AM,76.27,97.27,0.82,29.72,Clear
30/10/2023,03:00 AM,76.27,96.73,1.09,29.71,Mist
30/10/2023,03:30 AM,76.09,96.18,1.27,29.71,Mist
30/10/2023,04:00 AM,75.91,96.18,1.27,29.71,Mist
30/10/2023,04:30 AM,75.73,96.18,1.36,29.71,Clear
30/10/2023,05:00 AM,75.73,96.18,1.45,29.71,Mist
30/10/2023,05:30 AM,75.91,95.73,1.64,29.71,Mist
30/10/2023,06:00 AM,76.27,95.27,1.73,29.72,Clear
30/10/2023,06:30 AM,76.91,93.82,1.73,29.72,Clear
30/10/2023,07:00 AM,77.73,91.91,1.82,29.73,Clear
30/10/2023,07:30 AM,78.55,90.00,2.09,29.74,Clear
30/10/2023,08:00 AM,79.36,88.09,2.36,29.74,Clear
30/10/2023,08:30 AM,80.18,86.27,2.82,29.75,Clear
30/10/2023,09:00 AM,81.18,84.09,3.27,29.75,Clear
30/10/2023,09:30 AM,82.18,82.27,4.00,29.75,Clear
30/10/2023,10:00 AM,82.73,81.36,4.45,29.74,Clear
30/10/2023,10:30 AM,83.55,80.00,4.82,29.74,Clear
30/10/2023,11:00 AM,84.55,78.27,4.82,29.74,Clear
30/10/2023,11:30 AM,85.36,75.82,5.27,29.72,Clear
30/10/2023,12:00 PM,86.09,73.82,6.00,29.71,Rain
30/10/2023,12:30 PM,86.45,73.00,6.82,29.70,Rain
30/10/2023,01:00 PM,86.27,73.45,7.27,29.69,Clear
30/10/2023,01:30 PM,86.09,74.36,7.09,29.68,Clear
30/10/2023,02:00 PM,85.91,75.27,6.82,29.66,Clear
30/10/2023,02:30 PM,85.91,76.09,6.55,29.66,Rain
30/10/2023,03:00 PM,85.73,76.55,6.27,29.65,Rain
30/10/2023,03:30 PM,86.00,75.64,6.27,29.64,Rain
30/10/2023,04:00 PM,85.64,76.09,6.45,29.64,Rain
30/10/2023,04:30 PM,85.09,76.45,6.73,29.64,Clear
30/10/2023,05:00 PM,84.36,78.45,6.36,29.65,Clear
30/10/2023,05:30 PM,83.64,80.45,5.91,29.65,Clear
30/10/2023,06:00 PM,83.00,82.18,5.27,29.66,Clear
30/10/2023,06:30 PM,82.91,82.64,4.82,29.67,Clear
30/10/2023,07:00 PM,82.82,82.64,4.82,29.68,Clear
30/10/2023,07:30 PM,82.55,83.09,4.82,29.69,Clear
30/10/2023,08:00 PM,81.91,84.45,4.64,29.71,Clear
30/10/2023,08:30 PM,81.45,85.82,4.18,29.72,Clear
30/10/2023,09:00 PM,81.00,87.64,3.91,29.73,Clear
30/10/2023,09:30 PM,80.73,88.55,3.36,29.74,Clear
30/10/2023,10:00 PM,80.27,90.36,3.18,29.74,Rain
30/10/2023,10:30 PM,80.00,91.27,2.91,29.74,Clear
30/10/2023,11:00 PM,79.73,92.18,2.82,29.74,Clear
30/10/2023,11:30 PM,79.36,93.18,2.64,29.74,Clear
31/10/2023,12:00 AM,79.18,93.64,2.18,29.74,Clear
31/10/2023,12:30 AM,78.82,94.64,2.00,29.73,Clear
31/10/2023,01:00 AM,78.45,95.64,1.73,29.73,Clear
31/10/2023,01:30 AM,78.45,95.64,1.45,29.72,Clear
31/10/2023,02:00 AM,78.27,96.18,1.45,29.71,Clear
31/10/2023,02:30 AM,78.09,96.73,1.18,29.71,Clear
31/10/2023,03:00 AM,77.91,97.27,1.09,29.70,Clear
31/10/2023,03:30 AM,77.73,97.82,1.00,29.70,Clear
31/10/2023,04:00 AM,77.55,98.36,1.00,29.70,Clear
31/10/2023,04:30 AM,77.55,98.36,0.82,29.70,Clear
31/10/2023,05:00 AM,77.73,97.82,0.73,29.70,Clear
31/10/2023,05:30 AM,77.73,97.82,1.00,29.71,Clear
31/10/2023,06:00 AM,78.09,96.82,1.09,29.71,Clear
31/10/2023,06:30 AM,78.55,95.82,1.09,29.72,Clear
31/10/2023,07:00 AM,79.00,94.91,1.36,29.73,Clear
31/10/2023,07:30 AM,79.64,93.45,1.55,29.74,Clear
31/10/2023,08:00 AM,80.45,91.09,1.73,29.74,Clear
31/10/2023,08:30 AM,81.45,88.36,2.18,29.75,Clear
31/10/2023,09:00 AM,82.27,86.00,2.64,29.75,Clear
31/10/2023,09:30 AM,82.91,84.55,3.45,29.76,Clear
31/10/2023,10:00 AM,83.36,83.64,4.18,29.76,Clear
31/10/2023,10:30 AM,83.64,82.27,4.64,29.75,Clear
31/10/2023,11:00 AM,83.91,80.91,4.91,29.75,Clear
31/10/2023,11:30 AM,84.36,79.55,5.27,29.74,Clear
31/10/2023,12:00 PM,84.73,78.18,5.73,29.73,Clear
31/10/2023,12:30 PM,85.09,76.91,6.18,29.72,Rain
31/10/2023,01:00 PM,85.27,76.00,6.82,29.71,Clear
31/10/2023,01:30 PM,85.27,75.64,7.36,29.69,Clear
31/10/2023,02:00 PM,85.09,76.00,7.27,29.69,Clear
31/10/2023,02:30 PM,85.09,76.00,7.18,29.68,Clear
31/10/2023,03:00 PM,85.27,75.09,7.00,29.67,Clear
31/10/2023,03:30 PM,85.27,74.18,6.55,29.67,Clear
31/10/2023,04:00 PM,85.45,74.18,6.36,29.67,Clear
31/10/2023,04:30 PM,85.45,74.64,6.27,29.67,Clear
31/10/2023,05:00 PM,85.09,75.55,6.00,29.67,Clear
31/10/2023,05:30 PM,84.73,76.91,5.82,29.68,Clear
31/10/2023,06:00 PM,84.18,78.64,5.55,29.69,Clear
31/10/2023,06:30 PM,83.82,80.00,5.00,29.70,Clear
31/10/2023,07:00 PM,83.36,82.18,4.36,29.71,Clear
31/10/2023,07:30 PM,82.91,83.55,4.18,29.72,Clear
31/10/2023,08:00 PM,82.45,85.36,3.64,29.73,Clear
31/10/2023,08:30 PM,82.00,87.18,3.09,29.74,Clear
31/10/2023,09:00 PM,81.36,89.55,3.36,29.75,Clear
31/10/2023,09:30 PM,80.91,90.91,3.09,29.76,Clear
31/10/2023,10:00 PM,80.64,91.82,3.18,29.76,Clear
31/10/2023,10:30 PM,80.36,92.73,3.18,29.76,Rain
31/10/2023,11:00 PM,79.91,93.73,2.91,29.76,Rain
31/10/2023,11:30 PM,79.45,94.73,2.64,29.75,Rain
01/11/2023,12:00 AM,79.00,95.73,2.36,29.75,Rain
01/11/2023,12:30 AM,78.64,96.27,2.27,29.74,Clear
01/11/2023,01:00 AM,78.27,97.27,2.00,29.74,Clear
01/11/2023,01:30 AM,77.91,97.82,2.00,29.73,Clear
01/11/2023,02:00 AM,77.55,98.36,2.18,29.72,Clear
01/11/2023,02:30 AM,77.36,97.82,2.45,29.72,Clear
01/11/2023,03:00 AM,77.00,97.82,2.45,29.72,Clear
01/11/2023,03:30 AM,76.64,97.82,2.36,29.72,Clear
01/11/2023,04:00 AM,76.27,98.36,2.73,29.72,Clear
01/11/2023,04:30 AM,76.27,97.82,3.00,29.72,Rain
01/11/2023,05:00 AM,76.45,97.27,3.36,29.73,Rain
01/11/2023,05:30 AM,76.64,96.73,3.64,29.74,Rain
01/11/2023,06:00 AM,77.09,95.27,3.64,29.75,Rain
01/11/2023,06:30 AM,77.45,94.27,3.91,29.75,Clear
01/11/2023,07:00 AM,77.82,93.27,4.09,29.76,Clear
01/11/2023,07:30 AM,78.18,92.27,4.00,29.77,Clear
01/11/2023,08:00 AM,78.73,91.82,3.73,29.78,Clear
01/11/2023,08:30 AM,79.27,91.36,4.18,29.79,Clear
01/11/2023,09:00 AM,79.82,90.91,4.45,29.79,Clear
01/11/2023,09:30 AM,80.36,89.91,4.27,29.79,Clear
01/11/2023,10:00 AM,80.73,89.45,4.36,29.79,Rain
01/11/2023,10:30 AM,80.91,88.55,4.36,29.79,Rain
01/11/2023,11:00 AM,81.09,88.09,4.36,29.78,Rain
01/11/2023,11:30 AM,81.00,88.55,4.91,29.77,Rain
01/11/2023,12:00 PM,81.00,88.55,4.91,29.77,Rain
01/11/2023,12:30 PM,81.09,88.09,5.00,29.76,Clear
01/11/2023,01:00 PM,81.18,87.64,5.36,29.75,Clear
01/11/2023,01:30 PM,81.45,86.73,5.45,29.74,Clear
01/11/2023,02:00 PM,81.55,86.27,5.36,29.72,Clear
01/11/2023,02:30 PM,81.64,85.36,5.18,29.72,Clear
01/11/2023,03:00 PM,81.73,84.91,4.91,29.71,Clear
01/11/2023,03:30 PM,81.73,84.91,4.36,29.71,Clear
01/11/2023,04:00 PM,81.73,85.36,4.09,29.71,Clear
01/11/2023,04:30 PM,81.73,85.36,4.27,29.71,Clear
01/11/2023,05:00 PM,81.55,85.82,4.18,29.71,Clear
01/11/2023,05:30 PM,81.36,86.27,4.36,29.72,Clear
01/11/2023,06:00 PM,81.09,87.18,4.09,29.72,Clear
01/11/2023,06:30 PM,80.82,88.09,3.55,29.73,Clear
01/11/2023,07:00 PM,80.36,89.00,3.18,29.74,Clear
01/11/2023,07:30 PM,80.09,89.45,2.91,29.75,Clear
01/11/2023,08:00 PM,79.64,90.82,2.36,29.76,Clear
01/11/2023,08:30 PM,79.18,91.73,2.36,29.77,Clear
01/11/2023,09:00 PM,78.82,92.18,2.82,29.77,Clear
01/11/2023,09:30 PM,78.45,92.64,3.00,29.78,Clear
01/11/2023,10:00 PM,78.09,93.09,2.82,29.78,Clear
01/11/2023,10:30 PM,77.91,93.09,2.91,29.78,Clear
01/11/2023,11:00 PM,77.73,93.09,2.91,29.78,Clear
01/11/2023,11:30 PM,77.55,93.09,2.91,29.77,Clear
02/11/2023,12:00 AM,77.18,93.64,3.18,29.77,Clear
02/11/2023,12:30 AM,76.82,94.64,3.09,29.76,Clear
02/11/2023,01:00 AM,76.45,95.64,3.00,29.76,Clear
02/11/2023,01:30 AM,76.27,95.64,3.18,29.75,Clear
02/11/2023,02:00 AM,76.09,96.18,3.18,29.74,Clear
02/11/2023,02:30 AM,75.91,96.18,2.73,29.74,Clear
02/11/2023,03:00 AM,75.73,96.18,2.45,29.73,Clear
02/11/2023,03:30 AM,75.55,96.73,2.27,29.73,Clear
02/11/2023,04:00 AM,75.36,97.27,2.18,29.72,Clear
02/11/2023,04:30 AM,75.36,97.27,1.73,29.73,Clear
02/11/2023,05:00 AM,75.55,96.82,1.91,29.73,Clear
02/11/2023,05:30 AM,75.91,95.82,2.09,29.74,Clear
02/11/2023,06:00 AM,76.45,94.82,2.36,29.74,Clear
02/11/2023,06:30 AM,77.27,92.91,2.45,29.75,Clear
02/11/2023,07:00 AM,78.09,91.55,2.73,29.75,Clear
02/11/2023,07:30 AM,78.91,89.64,3.09,29.76,Clear
02/11/2023,08:00 AM,79.91,87.82,3.64,29.77,Clear
02/11/2023,08:30 AM,80.91,86.00,4.00,29.77,Clear
02/11/2023,09:00 AM,81.91,83.64,4.55,29.78,Clear
02/11/2023,09:30 AM,82.91,81.73,4.55,29.78,Clear
02/11/2023,10:00 AM,83.09,81.73,5.27,29.78,Clear
02/11/2023,10:30 AM,83.27,81.73,6.45,29.78,Clear
02/11/2023,11:00 AM,83.55,81.73,7.09,29.77,Rain
02/11/2023,11:30 AM,83.82,81.27,7.45,29.77,Rain
02/11/2023,12:00 PM,83.82,81.27,7.73,29.76,Rain
02/11/2023,12:30 PM,83.82,81.27,8.00,29.75,Rain
02/11/2023,01:00 PM,83.82,81.27,8.27,29.74,Rain
02/11/2023,01:30 PM,83.64,81.73,8.55,29.73,Rain
02/11/2023,02:00 PM,83.45,82.18,8.82,29.72,Rain
02/11/2023,02:30 PM,82.82,83.55,9.55,29.71,Rain
02/11/2023,03:00 PM,82.00,85.45,10.18,29.71,Rain
02/11/2023,03:30 PM,81.82,85.45,10.00,29.71,Rain
02/11/2023,04:00 PM,81.27,86.45,9.09,29.71,Rain
02/11/2023,04:30 PM,80.82,86.91,8.55,29.71,Rain
02/11/2023,05:00 PM,80.18,87.82,7.91,29.71,Rain
02/11/2023,05:30 PM,79.55,89.73,7.36,29.72,Rain
02/11/2023,06:00 PM,78.91,91.09,6.82,29.72,Rain
02/11/2023,06:30 PM,78.27,92.45,6.27,29.73,Rain
02/11/2023,07:00 PM,77.64,93.82,5.64,29.74,Rain
02/11/2023,07:30 PM,76.82,95.73,4.82,29.74,Rain
02/11/2023,08:00 PM,76.64,96.18,3.64,29.75,Rain
02/11/2023,08:30 PM,76.64,95.64,2.82,29.75,Rain
02/11/2023,09:00 PM,76.64,95.64,2.27,29.75,Rain
02/11/2023,09:30 PM,76.64,95.64,2.27,29.75,Rain
02/11/2023,10:00 PM,76.45,96.18,2.00,29.75,Rain
02/11/2023,10:30 PM,76.27,96.73,2.09,29.75,Clear
02/11/2023,11:00 PM,76.09,96.73,2.09,29.75,Clear
02/11/2023,11:30 PM,75.91,97.27,2.09,29.74,Clear
03/11/2023,12:00 AM,75.73,97.82,2.00,29.74,Clear
03/11/2023,12:30 AM,75.55,98.36,2.09,29.73,Clear
03/11/2023,01:00 AM,75.55,98.36,2.09,29.72,Clear
03/11/2023,01:30 AM,75.36,98.91,1.91,29.72,Clear
03/11/2023,02:00 AM,75.18,99.45,1.64,29.71,Clear
03/11/2023,02:30 AM,75.00,100.00,1.64,29.71,Clear
03/11/2023,03:00 AM,75.00,100.00,1.18,29.71,Clear
03/11/2023,03:30 AM,75.00,100.00,0.91,29.70,Clear
03/11/2023,04:00 AM,75.00,100.00,0.64,29.70,Mist
03/11/2023,04:30 AM,75.18,99.45,0.64,29.70,Mist
03/11/2023,05:00 AM,75.36,99.45,0.45,29.70,Mist
03/11/2023,05:30 AM,75.73,98.91,0.55,29.71,Mist
03/11/2023,06:00 AM,76.27,97.91,0.27,29.71,Mist
03/11/2023,06:30 AM,77.09,96.00,0.36,29.72,Mist
03/11/2023,07:00 AM,77.91,94.09,0.64,29.72,Mist
03/11/2023,07:30 AM,78.73,92.18,0.82,29.73,Mist
03/11/2023,08:00 AM,79.55,90.27,1.27,29.73,Mist
03/11/2023,08:30 AM,80.55,87.55,1.55,29.73,Clear
03/11/2023,09:00 AM,81.10,86.30,1.70,29.74,Clear
03/11/2023,09:30 AM,82.60,82.50,1.90,29.74,Clear
03/11/2023,10:00 AM,83.90,79.30,2.40,29.74,Clear
03/11/2023,10:30 AM,85.30,75.20,3.10,29.73,Clear
03/11/2023,11:00 AM,86.40,72.40,3.50,29.72,Clear
03/11/2023,11:30 AM,87.30,70.10,4.40,29.71,Clear
03/11/2023,12:00 PM,87.70,69.70,5.30,29.70,Clear
03/11/2023,12:30 PM,88.30,68.80,6.20,29.68,Clear
03/11/2023,01:00 PM,88.90,67.90,7.30,29.67,Clear
03/11/2023,01:30 PM,89.30,67.00,8.10,29.65,Clear
03/11/2023,02:00 PM,89.30,67.40,8.70,29.64,Clear
03/11/2023,02:30 PM,89.00,68.00,8.36,29.64,Rain
03/11/2023,03:00 PM,88.45,69.55,8.73,29.64,Clear
03/11/2023,03:30 PM,87.91,71.09,8.55,29.63,Clear
03/11/2023,04:00 PM,87.27,72.91,8.36,29.63,Clear
03/11/2023,04:30 PM,86.55,74.55,7.91,29.64,Rain
03/11/2023,05:00 PM,85.82,76.18,7.27,29.65,Clear
03/11/2023,05:30 PM,85.18,77.00,6.45,29.65,Clear
03/11/2023,06:00 PM,84.70,77.70,5.90,29.66,Clear
03/11/2023,06:30 PM,83.60,79.60,4.80,29.67,Clear
03/11/2023,07:00 PM,82.50,82.00,3.50,29.68,Clear
03/11/2023,07:30 PM,81.60,84.00,2.80,29.69,Clear
03/11/2023,08:00 PM,80.70,86.00,2.30,29.70,Clear
03/11/2023,08:30 PM,80.00,87.50,1.90,29.71,Clear
03/11/2023,09:00 PM,79.30,89.00,1.80,29.72,Clear
03/11/2023,09:30 PM,78.60,90.50,1.50,29.72,Clear
03/11/2023,10:00 PM,78.10,91.50,1.40,29.73,Clear
03/11/2023,10:30 PM,77.60,92.50,1.40,29.73,Clear
03/11/2023,11:00 PM,77.20,93.50,1.40,29.73,Clear
03/11/2023,11:30 PM,77.00,94.09,1.27,29.72,Clear
04/11/2023,12:00 AM,76.80,94.60,1.20,29.72,Rain
04/11/2023,12:30 AM,76.60,95.20,1.20,29.72,Rain
04/11/2023,01:00 AM,76.40,95.80,1.00,29.71,Clear
04/11/2023,01:30 AM,76.20,96.40,1.20,29.70,Clear
04/11/2023,02:00 AM,76.00,97.00,1.20,29.69,Clear
04/11/2023,02:30 AM,75.80,97.60,1.30,29.69,Clear
04/11/2023,03:00 AM,75.60,98.20,1.10,29.68,Clear
04/11/2023,03:30 AM,75.40,98.80,1.00,29.68,Clear
04/11/2023,04:00 AM,75.22,99.33,0.89,29.68,Clear
04/11/2023,04:30 AM,75.00,100.00,0.78,29.68,Clear
04/11/2023,05:00 AM,75.22,99.33,0.78,29.68,Mist
04/11/2023,05:30 AM,75.40,99.40,0.80,29.69,Mist
04/11/2023,06:00 AM,76.10,97.80,0.80,29.69,Mist
04/11/2023,06:30 AM,77.00,96.20,1.00,29.70,Mist
04/11/2023,07:00 AM,77.22,95.78,0.89,29.71,Mist
04/11/2023,07:30 AM,78.67,92.44,1.00,29.72,Mist
04/11/2023,08:00 AM,80.11,89.11,1.33,29.73,Mist
04/11/2023,08:30 AM,81.33,85.78,1.89,29.73,Clear
04/11/2023,09:00 AM,83.00,82.00,2.22,29.73,Clear
04/11/2023,09:30 AM,83.80,80.10,2.60,29.73,Clear
04/11/2023,10:00 AM,85.10,77.10,3.30,29.73,Clear
04/11/2023,10:30 AM,86.00,75.22,3.67,29.73,Clear
04/11/2023,11:00 AM,86.78,73.44,3.78,29.73,Clear
04/11/2023,11:30 AM,86.78,74.00,4.33,29.72,Clear
04/11/2023,12:00 PM,86.56,74.00,4.44,29.71,Rain
04/11/2023,12:30 PM,86.30,75.00,4.30,29.70,Rain
04/11/2023,01:00 PM,86.10,75.90,4.30,29.69,Rain
04/11/2023,01:30 PM,85.90,77.30,3.90,29.68,Rain
04/11/2023,02:00 PM,85.90,77.70,3.60,29.67,Rain
04/11/2023,02:30 PM,85.30,79.50,3.80,29.66,Rain
04/11/2023,03:00 PM,84.30,82.10,3.50,29.66,Clear
04/11/2023,03:30 PM,83.60,83.50,3.10,29.66,Rain
04/11/2023,04:00 PM,83.36,83.55,3.00,29.66,Clear
04/11/2023,04:30 PM,82.91,84.00,3.27,29.66,Clear
04/11/2023,05:00 PM,82.64,84.00,3.09,29.66,Clear
04/11/2023,05:30 PM,82.18,84.91,3.09,29.67,Clear
04/11/2023,06:00 PM,81.73,85.36,2.82,29.68,Clear
04/11/2023,06:30 PM,81.09,85.73,2.82,29.69,Clear
04/11/2023,07:00 PM,80.27,86.18,2.64,29.70,Clear
04/11/2023,07:30 PM,79.45,88.00,2.45,29.71,Clear
04/11/2023,08:00 PM,78.82,88.91,2.00,29.71,Clear
04/11/2023,08:30 PM,78.45,89.36,1.73,29.72,Clear
04/11/2023,09:00 PM,78.09,90.27,1.45,29.73,Clear
04/11/2023,09:30 PM,77.73,91.18,1.45,29.73,Clear
04/11/2023,10:00 PM,77.55,91.64,1.09,29.73,Clear
04/11/2023,10:30 PM,77.36,92.09,0.82,29.73,Clear
04/11/2023,11:00 PM,77.36,92.09,0.55,29.73,Clear
04/11/2023,11:30 PM,77.00,93.09,0.73,29.73,Clear
05/11/2023,12:00 AM,76.64,94.09,0.45,29.72,Clear
05/11/2023,12:30 AM,76.45,94.55,0.64,29.72,Clear
05/11/2023,01:00 AM,76.27,95.09,0.64,29.71,Clear
05/11/2023,01:30 AM,76.09,95.64,0.64,29.71,Clear
05/11/2023,02:00 AM,75.91,95.64,0.64,29.70,Clear
05/11/2023,02:30 AM,75.73,96.18,0.73,29.70,Clear
05/11/2023,03:00 AM,75.55,96.18,0.55,29.70,Clear
05/11/2023,03:30 AM,75.36,96.73,0.64,29.69,Clear
05/11/2023,04:00 AM,75.18,97.27,0.64,29.70,Clear
05/11/2023,04:30 AM,75.18,97.27,0.82,29.70,Clear
05/11/2023,05:00 AM,75.55,96.73,0.82,29.71,Clear
05/11/2023,05:30 AM,76.09,96.27,0.82,29.71,Clear
05/11/2023,06:00 AM,76.91,94.91,0.91,29.72,Clear
05/11/2023,06:30 AM,77.73,93.91,1.45,29.73,Clear
05/11/2023,07:00 AM,78.55,92.91,2.00,29.74,Clear
05/11/2023,07:30 AM,79.09,92.45,2.64,29.75,Clear
05/11/2023,08:00 AM,79.45,91.91,2.73,29.76,Clear
05/11/2023,08:30 AM,80.09,91.45,3.00,29.77,Clear
05/11/2023,09:00 AM,80.91,90.00,3.00,29.77,Clear
05/11/2023,09:30 AM,81.55,88.09,3.82,29.77,Rain
05/11/2023,10:00 AM,82.00,87.18,4.36,29.77,Rain
05/11/2023,10:30 AM,82.45,85.82,4.82,29.77,Rain
05/11/2023,11:00 AM,82.91,84.91,5.55,29.77,Clear
05/11/2023,11:30 AM,83.09,84.45,6.09,29.76,Clear
05/11/2023,12:00 PM,83.09,83.55,6.36,29.75,Clear
05/11/2023,12:30 PM,83.27,81.82,6.64,29.74,Clear
05/11/2023,01:00 PM,83.73,80.09,6.73,29.73,Clear
05/11/2023,01:30 PM,84.36,78.27,7.27,29.72,Clear
05/11/2023,02:00 PM,84.55,77.36,7.73,29.71,Clear
05/11/2023,02:30 PM,84.55,76.45,8.18,29.70,Clear
05/11/2023,03:00 PM,84.55,76.91,7.91,29.69,Clear
05/11/2023,03:30 PM,84.55,76.91,7.73,29.69,Clear
05/11/2023,04:00 PM,84.36,77.36,7.55,29.69,Clear
05/11/2023,04:30 PM,83.91,78.27,7.09,29.69,Clear
05/11/2023,05:00 PM,83.45,79.64,6.55,29.69,Clear
05/11/2023,05:30 PM,83.18,80.55,6.00,29.70,Clear
05/11/2023,06:00 PM,82.73,82.27,5.36,29.71,Clear
05/11/2023,06:30 PM,82.27,84.00,5.09,29.71,Clear
05/11/2023,07:00 PM,81.64,85.82,4.64,29.72,Clear
05/11/2023,07:30 PM,81.18,87.18,4.36,29.73,Clear
05/11/2023,08:00 PM,80.73,88.55,3.82,29.74,Clear
05/11/2023,08:30 PM,80.45,89.00,3.27,29.74,Clear
05/11/2023,09:00 PM,80.00,89.91,2.73,29.75,Clear
05/11/2023,09:30 PM,79.55,91.36,2.45,29.75,Clear
05/11/2023,10:00 PM,79.18,92.36,2.18,29.75,Clear
05/11/2023,10:30 PM,78.82,92.82,1.91,29.75,Clear
05/11/2023,11:00 PM,78.45,93.27,1.64,29.75,Clear
05/11/2023,11:30 PM,78.09,94.27,1.55,29.75,Clear
06/11/2023,12:00 AM,77.73,95.27,1.09,29.75,Clear
06/11/2023,12:30 AM,77.55,95.27,1.00,29.74,Clear
06/11/2023,01:00 AM,77.36,95.82,0.73,29.74,Clear
06/11/2023,01:30 AM,77.18,96.82,0.82,29.73,Clear
06/11/2023,02:00 AM,77.00,97.82,1.00,29.73,Rain
06/11/2023,02:30 AM,77.00,97.82,1.00,29.72,Clear
06/11/2023,03:00 AM,77.00,97.82,1.00,29.72,Clear
06/11/2023,03:30 AM,77.00,97.82,1.18,29.72,Clear
06/11/2023,04:00 AM,77.00,98.36,1.18,29.72,Clear
06/11/2023,04:30 AM,77.00,98.91,1.45,29.72,Clear
06/11/2023,05:00 AM,77.18,98.36,1.64,29.73,Clear
06/11/2023,05:30 AM,77.55,97.36,1.73,29.73,Rain
06/11/2023,06:00 AM,78.00,96.91,1.73,29.74,Clear
06/11/2023,06:30 AM,78.82,95.00,1.73,29.74,Clear
06/11/2023,07:00 AM,79.45,93.09,1.55,29.75,Clear
06/11/2023,07:30 AM,80.45,90.82,1.64,29.76,Clear
06/11/2023,08:00 AM,81.45,89.09,1.91,29.77,Clear
06/11/2023,08:30 AM,82.45,86.36,2.00,29.77,Clear
06/11/2023,09:00 AM,83.64,82.91,2.09,29.77,Clear
06/11/2023,09:30 AM,84.91,79.55,2.27,29.77,Clear
06/11/2023,10:00 AM,86.18,75.82,2.27,29.77,Clear
06/11/2023,10:30 AM,87.27,72.64,2.55,29.76,Clear
06/11/2023,11:00 AM,88.09,70.55,3.09,29.75,Clear
06/11/2023,11:30 AM,88.91,68.18,3.73,29.75,Clear
06/11/2023,12:00 PM,89.36,66.73,4.36,29.73,Clear
06/11/2023,12:30 PM,90.00,65.27,5.09,29.72,Clear
06/11/2023,01:00 PM,90.18,64.45,5.45,29.71,Clear
06/11/2023,01:30 PM,90.36,63.27,5.82,29.69,Clear
06/11/2023,02:00 PM,90.36,63.27,6.36,29.68,Rain
06/11/2023,02:30 PM,90.18,64.00,7.00,29.67,Clear
06/11/2023,03:00 PM,89.73,65.00,7.45,29.66,Rain
06/11/2023,03:30 PM,89.09,66.82,7.73,29.65,Rain
06/11/2023,04:00 PM,88.45,68.64,7.64,29.65,Clear
06/11/2023,04:30 PM,87.91,69.82,7.09,29.66,Clear
06/11/2023,05:00 PM,87.09,71.73,6.27,29.66,Clear
06/11/2023,05:30 PM,86.27,74.09,5.55,29.67,Clear
06/11/2023,06:00 PM,85.45,76.00,4.82,29.68,Clear
06/11/2023,06:30 PM,84.73,77.64,4.45,29.69,Clear
06/11/2023,07:00 PM,84.00,79.64,4.09,29.71,Clear
06/11/2023,07:30 PM,83.36,81.36,3.45,29.72,Clear
06/11/2023,08:00 PM,82.82,83.09,2.55,29.73,Clear
06/11/2023,08:30 PM,82.36,84.91,2.18,29.75,Clear
06/11/2023,09:00 PM,82.09,86.27,1.91,29.75,Clear
06/11/2023,09:30 PM,81.82,87.18,1.45,29.76,Clear
06/11/2023,10:00 PM,81.36,89.09,1.36,29.77,Clear
06/11/2023,10:30 PM,81.09,90.55,1.36,29.77,Clear
06/11/2023,11:00 PM,80.82,91.00,1.27,29.77,Rain
06/11/2023,11:30 PM,80.55,91.91,1.27,29.77,Clear
07/11/2023,12:00 AM,80.27,92.82,1.09,29.76,Clear
07/11/2023,12:30 AM,80.00,93.73,1.09,29.75,Rain
07/11/2023,01:00 AM,79.82,94.18,1.00,29.75,Clear
07/11/2023,01:30 AM,79.55,94.64,1.18,29.74,Clear
07/11/2023,02:00 AM,79.36,94.64,1.18,29.73,Clear
07/11/2023,02:30 AM,79.00,94.64,1.09,29.72,Clear
07/11/2023,03:00 AM,78.64,95.09,1.18,29.72,Clear
07/11/2023,03:30 AM,78.45,94.55,1.27,29.71,Clear
07/11/2023,04:00 AM,78.27,94.00,1.27,29.71,Clear
07/11/2023,04:30 AM,78.27,94.00,1.27,29.71,Clear
07/11/2023,05:00 AM,78.55,93.09,1.27,29.71,Clear
07/11/2023,05:30 AM,78.82,92.18,1.18,29.71,Clear
07/11/2023,06:00 AM,79.27,90.82,1.09,29.72,Clear
07/11/2023,06:30 AM,79.73,89.45,1.27,29.73,Clear
07/11/2023,07:00 AM,80.36,88.09,1.36,29.74,Clear
07/11/2023,07:30 AM,81.18,85.91,1.36,29.75,Clear
07/11/2023,08:00 AM,82.18,83.36,1.36,29.75,Clear
07/11/2023,08:30 AM,82.82,82.00,1.73,29.76,Clear
07/11/2023,09:00 AM,83.18,81.09,2.45,29.77,Clear
07/11/2023,09:30 AM,83.82,79.73,3.18,29.77,Clear
07/11/2023,10:00 AM,84.45,77.91,3.91,29.77,Clear
07/11/2023,10:30 AM,84.82,77.00,4.73,29.77,Rain
07/11/2023,11:00 AM,85.36,75.73,5.64,29.76,Rain
07/11/2023,11:30 AM,85.73,75.36,6.18,29.75,Rain
07/11/2023,12:00 PM,86.09,75.00,6.45,29.74,Rain
07/11/2023,12:30 PM,86.27,74.18,6.91,29.73,Clear
07/11/2023,01:00 PM,86.27,73.82,7.36,29.72,Clear
07/11/2023,01:30 PM,86.09,74.18,8.00,29.71,Rain
07/11/2023,02:00 PM,85.91,74.64,8.09,29.71,Rain
07/11/2023,02:30 PM,85.91,74.64,8.00,29.70,Rain
07/11/2023,03:00 PM,85.64,75.09,7.27,29.69,Rain
07/11/2023,03:30 PM,85.00,76.45,7.00,29.69,Rain
07/11/2023,04:00 PM,84.36,77.82,6.45,29.68,Rain
07/11/2023,04:30 PM,83.55,79.55,6.00,29.69,Rain
07/11/2023,05:00 PM,82.73,80.82,5.55,29.69,Rain
07/11/2023,05:30 PM,81.73,82.55,5.00,29.70,Rain
07/11/2023,06:00 PM,80.91,84.27,4.27,29.71,Clear
07/11/2023,06:30 PM,80.09,86.36,3.55,29.71,Clear
07/11/2023,07:00 PM,79.27,88.55,2.73,29.72,Clear
07/11/2023,07:30 PM,78.82,89.45,2.18,29.73,Clear
07/11/2023,08:00 PM,78.45,90.36,1.73,29.74,Clear
07/11/2023,08:30 PM,78.09,91.27,1.91,29.75,Clear
07/11/2023,09:00 PM,77.91,91.73,1.73,29.76,Clear
07/11/2023,09:30 PM,77.73,92.18,1.45,29.77,Clear
07/11/2023,10:00 PM,77.55,92.64,1.00,29.77,Clear
07/11/2023,10:30 PM,77.36,93.09,0.73,29.77,Clear
07/11/2023,11:00 PM,77.36,93.09,0.91,29.77,Clear
07/11/2023,11:30 PM,77.00,94.09,1.09,29.76,Clear
08/11/2023,12:00 AM,76.64,95.09,1.27,29.75,Clear
08/11/2023,12:30 AM,76.45,95.64,1.27,29.75,Clear
08/11/2023,01:00 AM,76.27,96.18,1.27,29.74,Clear
08/11/2023,01:30 AM,76.09,96.73,1.00,29.73,Clear
08/11/2023,02:00 AM,75.91,97.27,1.00,29.72,Clear
08/11/2023,02:30 AM,75.73,97.82,0.82,29.72,Clear
08/11/2023,03:00 AM,75.55,98.36,0.82,29.71,Clear
08/11/2023,03:30 AM,75.36,98.91,0.82,29.71,Clear
08/11/2023,04:00 AM,75.18,99.45,0.91,29.71,Clear
08/11/2023,04:30 AM,75.00,100.00,0.91,29.71,Clear
08/11/2023,05:00 AM,75.18,99.45,0.82,29.71,Clear
08/11/2023,05:30 AM,75.73,98.45,0.64,29.72,Clear
08/11/2023,06:00 AM,76.36,97.00,0.64,29.72,Clear
08/11/2023,06:30 AM,77.18,95.09,0.82,29.73,Mist
08/11/2023,07:00 AM,78.00,93.64,1.00,29.74,Mist
08/11/2023,07:30 AM,79.00,91.27,1.00,29.75,Mist
08/11/2023,08:00 AM,80.18,88.18,1.18,29.75,Mist
08/11/2023,08:30 AM,81.36,85.09,1.64,29.76,Clear
08/11/2023,09:00 AM,82.55,82.36,2.18,29.77,Clear
08/11/2023,09:30 AM,82.91,81.82,2.73,29.77,Clear
08/11/2023,10:00 AM,83.45,80.82,2.82,29.77,Clear
08/11/2023,10:30 AM,83.82,80.82,3.00,29.77,Clear
08/11/2023,11:00 AM,83.91,80.36,3.64,29.76,Clear
08/11/2023,11:30 AM,84.27,79.45,3.82,29.75,Rain
08/11/2023,12:00 PM,84.64,78.27,4.45,29.74,Rain
08/11/2023,12:30 PM,84.82,77.00,4.73,29.72,Rain
08/11/2023,01:00 PM,85.00,76.64,5.00,29.71,Rain
08/11/2023,01:30 PM,85.00,77.45,5.36,29.70,Clear
08/11/2023,02:00 PM,84.82,78.18,5.73,29.69,Clear
08/11/2023,02:30 PM,84.64,78.18,5.91,29.68,Clear
08/11/2023,03:00 PM,85.09,76.82,5.91,29.67,Clear
08/11/2023,03:30 PM,85.36,75.91,6.09,29.67,Clear
08/11/2023,04:00 PM,85.45,75.00,6.09,29.67,Clear
08/11/2023,04:30 PM,85.45,75.00,6.00,29.67,Clear
08/11/2023,05:00 PM,85.00,76.36,5.82,29.67,Clear
08/11/2023,05:30 PM,84.36,78.45,5.18,29.68,Clear
08/11/2023,06:00 PM,83.91,80.18,4.91,29.69,Clear
08/11/2023,06:30 PM,83.27,82.36,4.91,29.70,Clear
08/11/2023,07:00 PM,82.64,83.64,4.55,29.71,Clear
08/11/2023,07:30 PM,82.18,85.00,4.18,29.72,Clear
08/11/2023,08:00 PM,81.55,87.18,3.45,29.73,Clear
08/11/2023,08:30 PM,81.09,88.55,2.82,29.74,Clear
08/11/2023,09:00 PM,80.64,89.91,2.36,29.74,Clear
08/11/2023,09:30 PM,80.36,90.82,2.09,29.75,Clear
08/11/2023,10:00 PM,80.09,91.73,1.55,29.75,Clear
08/11/2023,10:30 PM,79.73,92.73,1.55,29.75,Clear
08/11/2023,11:00 PM,79.36,93.73,1.36,29.75,Clear
08/11/2023,11:30 PM,79.00,94.73,1.18,29.75,Clear
09/11/2023,12:00 AM,78.64,95.27,0.73,29.74,Clear
09/11/2023,12:30 AM,78.27,96.27,0.91,29.74,Clear
09/11/2023,01:00 AM,77.91,97.27,0.73,29.73,Clear
09/11/2023,01:30 AM,77.73,97.27,0.73,29.72,Clear
09/11/2023,02:00 AM,77.55,97.27,0.82,29.72,Clear
09/11/2023,02:30 AM,77.36,97.27,0.82,29.71,Clear
09/11/2023,03:00 AM,77.18,97.27,1.00,29.71,Clear
09/11/2023,03:30 AM,76.82,97.82,1.09,29.70,Clear
09/11/2023,04:00 AM,76.64,97.82,1.27,29.70,Clear
09/11/2023,04:30 AM,76.64,97.27,1.36,29.70,Clear
09/11/2023,05:00 AM,76.64,96.73,1.64,29.71,Clear
09/11/2023,05:30 AM,76.64,96.73,1.91,29.72,Clear
09/11/2023,06:00 AM,76.82,96.18,1.64,29.72,Mist
09/11/2023,06:30 AM,77.00,96.18,1.64,29.74,Mist
09/11/2023,07:00 AM,77.36,96.18,1.82,29.74,Mist
09/11/2023,07:30 AM,77.82,95.73,1.82,29.75,Mist
09/11/2023,08:00 AM,78.27,95.27,2.00,29.76,Mist
09/11/2023,08:30 AM,78.73,94.82,2.00,29.77,Mist
09/11/2023,09:00 AM,79.55,93.36,2.09,29.78,Mist
09/11/2023,09:30 AM,80.36,91.91,2.00,29.78,Mist
09/11/2023,10:00 AM,81.00,91.00,2.09,29.78,Mist
09/11/2023,10:30 AM,81.82,88.82,1.91,29.78,Rain
09/11/2023,11:00 AM,82.64,86.45,1.91,29.77,Mist
09/11/2023,11:30 AM,83.45,84.27,2.00,29.76,Clear
09/11/2023,12:00 PM,84.27,81.55,2.00,29.75,Clear
09/11/2023,12:30 PM,85.09,79.00,2.09,29.74,Clear
09/11/2023,01:00 PM,85.45,78.09,2.64,29.73,Clear
09/11/2023,01:30 PM,86.00,76.36,2.73,29.72,Clear
09/11/2023,02:00 PM,86.36,75.45,3.09,29.71,Clear
09/11/2023,02:30 PM,86.55,74.55,3.36,29.69,Clear
09/11/2023,03:00 PM,86.73,74.09,3.73,29.69,Clear
09/11/2023,03:30 PM,86.45,73.64,4.73,29.68,Clear
09/11/2023,04:00 PM,85.64,74.82,5.18,29.68,Rain
09/11/2023,04:30 PM,84.64,76.18,5.55,29.69,Clear
09/11/2023,05:00 PM,83.45,78.36,5.45,29.69,Clear
09/11/2023,05:30 PM,82.27,81.09,5.45,29.70,Rain
09/11/2023,06:00 PM,80.91,84.18,5.36,29.71,Rain
09/11/2023,06:30 PM,79.91,86.09,4.91,29.72,Rain
09/11/2023,07:00 PM,78.73,88.82,4.82,29.74,Rain
09/11/2023,07:30 PM,77.73,90.73,4.36,29.75,Rain
09/11/2023,08:00 PM,76.73,93.09,3.91,29.76,Rain
09/11/2023,08:30 PM,75.91,94.45,3.45,29.77,Clear
09/11/2023,09:00 PM,75.55,95.82,2.45,29.77,Clear
09/11/2023,09:30 PM,75.55,96.82,1.91,29.78,Clear
09/11/2023,10:00 PM,75.73,97.27,1.45,29.78,Clear
09/11/2023,10:30 PM,75.91,97.27,1.27,29.78,Clear
09/11/2023,11:00 PM,75.91,97.27,1.18,29.78,Clear
09/11/2023,11:30 PM,75.91,97.27,1.09,29.78,Clear
10/11/2023,12:00 AM,75.91,97.27,1.09,29.77,Clear
10/11/2023,12:30 AM,75.91,97.27,1.09,29.77,Clear
10/11/2023,01:00 AM,75.91,97.27,1.18,29.76,Clear
10/11/2023,01:30 AM,75.91,97.27,1.18,29.75,Clear
10/11/2023,02:00 AM,75.73,97.82,1.18,29.75,Clear
10/11/2023,02:30 AM,75.55,98.36,1.27,29.74,Clear
10/11/2023,03:00 AM,75.36,98.91,1.36,29.74,Clear
10/11/2023,03:30 AM,75.18,99.45,1.18,29.74,Clear
10/11/2023,04:00 AM,75.00,100.00,1.18,29.74,Clear
10/11/2023,04:30 AM,75.00,100.00,1.18,29.74,Mist
10/11/2023,05:00 AM,75.00,100.00,1.27,29.74,Mist
10/11/2023,05:30 AM,75.18,100.00,1.36,29.75,Mist
10/11/2023,06:00 AM,75.55,99.45,1.45,29.76,Mist
10/11/2023,06:30 AM,76.18,98.00,1.45,29.77,Mist
10/11/2023,07:00 AM,77.00,96.09,1.64,29.77,Mist
10/11/2023,07:30 AM,78.18,93.36,1.82,29.78,Mist
10/11/2023,08:00 AM,79.36,90.64,1.73,29.79,Mist
10/11/2023,08:30 AM,80.73,87.55,1.82,29.79,Clear
10/11/2023,09:00 AM,82.09,84.09,2.00,29.80,Clear
10/11/2023,09:30 AM,83.27,81.36,2.18,29.80,Clear
10/11/2023,10:00 AM,84.64,78.64,2.64,29.80,Clear
10/11/2023,10:30 AM,86.00,75.18,2.73,29.79,Clear
10/11/2023,11:00 AM,87.00,72.45,3.09,29.78,Clear
10/11/2023,11:30 AM,88.00,69.91,3.36,29.77,Clear
10/11/2023,12:00 PM,88.73,68.27,3.64,29.76,Clear
10/11/2023,12:30 PM,88.91,67.82,4.00,29.75,Clear
10/11/2023,01:00 PM,88.36,69.09,4.45,29.74,Clear
10/11/2023,01:30 PM,87.82,70.36,5.00,29.73,Rain
10/11/2023,02:00 PM,86.64,73.45,5.45,29.72,Rain
10/11/2023,02:30 PM,85.45,76.36,5.91,29.72,Rain
10/11/2023,03:00 PM,84.45,78.55,6.18,29.71,Rain
10/11/2023,03:30 PM,83.09,80.73,6.09,29.71,Rain
10/11/2023,04:00 PM,81.73,83.64,5.91,29.71,Rain
10/11/2023,04:30 PM,80.55,86.36,5.45,29.72,Rain
10/11/2023,05:00 PM,79.36,88.91,5.18,29.72,Rain
10/11/2023,05:30 PM,78.18,91.45,4.91,29.73,Rain
10/11/2023,06:00 PM,77.36,93.27,4.36,29.74,Clear
10/11/2023,06:30 PM,76.91,94.18,3.91,29.75,Clear
10/11/2023,07:00 PM,76.27,95.64,3.36,29.76,Clear
10/11/2023,07:30 PM,76.27,95.09,3.00,29.77,Clear
10/11/2023,08:00 PM,76.27,95.09,2.55,29.78,Clear
10/11/2023,08:30 PM,76.09,95.64,2.09,29.79,Clear
10/11/2023,09:00 PM,76.09,96.18,1.64,29.79,Clear
10/11/2023,09:30 PM,76.09,96.73,1.64,29.80,Clear
10/11/2023,10:00 PM,76.09,96.73,1.64,29.80,Clear
10/11/2023,10:30 PM,75.91,97.27,1.45,29.80,Clear
10/11/2023,11:00 PM,75.73,97.82,1.36,29.80,Clear
10/11/2023,11:30 PM,75.55,98.36,1.36,29.80,Clear
11/11/2023,12:00 AM,75.36,98.91,1.18,29.79,Clear
11/11/2023,12:30 AM,75.36,98.91,1.27,29.78,Clear
11/11/2023,01:00 AM,75.36,98.91,1.27,29.78,Clear
11/11/2023,01:30 AM,75.36,98.91,1.55,29.77,Clear
11/11/2023,02:00 AM,75.55,98.36,1.55,29.76,Clear
11/11/2023,02:30 AM,75.73,97.82,1.64,29.75,Clear
11/11/2023,03:00 AM,75.91,97.82,1.55,29.75,Clear
11/11/2023,03:30 AM,76.09,97.27,1.64,29.75,Clear
11/11/2023,04:00 AM,76.27,96.73,1.82,29.74,Rain
11/11/2023,04:30 AM,76.45,96.18,2.00,29.74,Rain
11/11/2023,05:00 AM,76.64,95.64,2.45,29.75,Rain
11/11/2023,05:30 AM,77.00,95.09,2.64,29.75,Rain
11/11/2023,06:00 AM,77.55,94.09,2.36,29.76,Rain
11/11/2023,06:30 AM,78.00,93.18,2.18,29.77,Rain
11/11/2023,07:00 AM,78.45,92.73,1.82,29.77,Rain
11/11/2023,07:30 AM,78.91,92.27,1.82,29.78,Mist
11/11/2023,08:00 AM,79.55,91.36,1.73,29.79,Clear
11/11/2023,08:30 AM,80.18,89.45,1.91,29.79,Clear
11/11/2023,09:00 AM,80.82,88.55,1.91,29.80,Clear
11/11/2023,09:30 AM,81.45,87.18,2.18,29.80,Clear
11/11/2023,10:00 AM,82.09,85.36,2.45,29.80,Clear
11/11/2023,10:30 AM,82.91,83.18,2.55,29.80,Clear
11/11/2023,11:00 AM,83.55,81.36,3.00,29.79,Clear
11/11/2023,11:30 AM,84.00,80.00,3.73,29.78,Clear
11/11/2023,12:00 PM,84.55,78.73,4.45,29.77,Clear
11/11/2023,12:30 PM,84.73,77.82,5.27,29.76,Clear
11/11/2023,01:00 PM,84.91,76.91,6.09,29.75,Clear
11/11/2023,01:30 PM,84.73,76.91,6.64,29.75,Clear
11/11/2023,02:00 PM,84.55,77.36,7.09,29.74,Clear
11/11/2023,02:30 PM,84.36,76.91,7.27,29.73,Clear
11/11/2023,03:00 PM,84.18,77.36,6.73,29.73,Rain
11/11/2023,03:30 PM,83.73,78.73,6.64,29.73,Rain
11/11/2023,04:00 PM,83.09,80.45,6.36,29.73,Clear
11/11/2023,04:30 PM,82.45,81.82,5.91,29.74,Clear
11/11/2023,05:00 PM,81.82,83.64,5.36,29.74,Rain
11/11/2023,05:30 PM,80.82,86.36,5.27,29.75,Rain
11/11/2023,06:00 PM,80.18,87.73,4.91,29.76,Rain
11/11/2023,06:30 PM,79.55,89.09,4.55,29.77,Clear
11/11/2023,07:00 PM,79.09,90.55,4.18,29.77,Clear
11/11/2023,07:30 PM,78.64,91.45,4.00,29.78,Clear
11/11/2023,08:00 PM,78.18,92.82,3.82,29.79,Rain
11/11/2023,08:30 PM,77.73,93.73,4.00,29.79,Rain
11/11/2023,09:00 PM,77.55,94.18,3.73,29.80,Rain
11/11/2023,09:30 PM,77.36,94.64,3.91,29.80,Rain
11/11/2023,10:00 PM,77.18,95.09,3.73,29.80,Rain
11/11/2023,10:30 PM,77.00,95.09,3.82,29.80,Rain
11/11/2023,11:00 PM,77.00,94.55,3.18,29.79,Rain
11/11/2023,11:30 PM,77.00,94.55,2.82,29.79,Clear
12/11/2023,12:00 AM,77.00,94.55,2.55,29.79,Clear
12/11/2023,12:30 AM,76.82,94.55,2.45,29.78,Clear
12/11/2023,01:00 AM,76.82,94.55,2.00,29.77,Clear
12/11/2023,01:30 AM,76.82,94.55,1.91,29.76,Clear
12/11/2023,02:00 AM,76.82,94.55,1.91,29.76,Clear
12/11/2023,02:30 AM,76.64,95.09,1.91,29.75,Mist
12/11/2023,03:00 AM,76.45,95.64,1.45,29.75,Mist
12/11/2023,03:30 AM,76.45,95.64,1.64,29.74,Mist
12/11/2023,04:00 AM,76.45,95.64,1.55,29.74,Mist
12/11/2023,04:30 AM,76.27,96.18,1.73,29.74,Mist
12/11/2023,05:00 AM,76.27,96.18,1.55,29.75,Mist
12/11/2023,05:30 AM,76.45,96.18,1.45,29.75,Mist
12/11/2023,06:00 AM,77.00,94.73,1.45,29.76,Clear
12/11/2023,06:30 AM,77.45,93.82,1.91,29.76,Mist
12/11/2023,07:00 AM,78.09,92.45,2.36,29.77,Mist
12/11/2023,07:30 AM,78.55,91.09,2.73,29.78,Clear
12/11/2023,08:00 AM,79.36,88.73,3.18,29.78,Clear
12/11/2023,08:30 AM,80.18,86.36,3.73,29.79,Clear
12/11/2023,09:00 AM,81.00,84.18,4.00,29.79,Clear
12/11/2023,09:30 AM,81.82,82.36,4.45,29.79,Clear
12/11/2023,10:00 AM,82.82,79.64,4.73,29.79,Clear
12/11/2023,10:30 AM,83.64,77.45,5.36,29.78,Clear
12/11/2023,11:00 AM,84.27,75.27,5.91,29.77,Clear
12/11/2023,11:30 AM,84.91,73.64,6.36,29.76,Clear
12/11/2023,12:00 PM,85.27,72.36,6.55,29.75,Clear
12/11/2023,12:30 PM,85.64,71.18,6.55,29.74,Rain
12/11/2023,01:00 PM,86.00,70.36,6.73,29.72,Rain
12/11/2023,01:30 PM,86.36,69.64,6.64,29.71,Clear
12/11/2023,02:00 PM,86.55,69.27,6.64,29.69,Clear
12/11/2023,02:30 PM,86.55,69.64,6.91,29.68,Clear
12/11/2023,03:00 PM,86.36,70.09,6.82,29.68,Clear
12/11/2023,03:30 PM,86.18,70.91,6.73,29.67,Clear
12/11/2023,04:00 PM,86.00,71.73,6.55,29.67,Clear
12/11/2023,04:30 PM,85.64,73.00,6.64,29.67,Clear
12/11/2023,05:00 PM,85.09,74.64,6.64,29.68,Clear
12/11/2023,05:30 PM,84.73,75.91,6.45,29.68,Clear
12/11/2023,06:00 PM,84.18,77.55,6.09,29.69,Clear
12/11/2023,06:30 PM,83.82,78.82,5.55,29.71,Clear
12/11/2023,07:00 PM,83.18,80.91,5.00,29.72,Clear
12/11/2023,07:30 PM,82.73,82.64,4.64,29.73,Clear
12/11/2023,08:00 PM,82.27,84.00,4.36,29.74,Clear
12/11/2023,08:30 PM,82.00,84.91,4.09,29.75,Clear
12/11/2023,09:00 PM,81.73,85.82,3.82,29.76,Clear
12/11/2023,09:30 PM,81.45,86.73,3.55,29.77,Clear
12/11/2023,10:00 PM,81.36,87.18,3.00,29.77,Clear
12/11/2023,10:30 PM,81.27,87.64,2.36,29.77,Clear
12/11/2023,11:00 PM,81.18,88.09,2.09,29.77,Clear
12/11/2023,11:30 PM,80.91,89.00,2.00,29.77,Clear
13/11/2023,12:00 AM,80.64,89.91,1.91,29.76,Clear
13/11/2023,12:30 AM,80.45,90.36,1.91,29.75,Clear
13/11/2023,01:00 AM,80.27,90.82,1.73,29.75,Clear
13/11/2023,01:30 AM,80.09,91.27,1.45,29.74,Clear
13/11/2023,02:00 AM,79.73,92.27,1.18,29.73,Clear
13/11/2023,02:30 AM,79.36,93.27,1.00,29.72,Clear
13/11/2023,03:00 AM,79.00,94.27,0.82,29.72,Clear
13/11/2023,03:30 AM,78.64,95.27,0.64,29.71,Clear
13/11/2023,04:00 AM,78.27,96.27,0.64,29.71,Clear
13/11/2023,04:30 AM,77.91,97.27,0.64,29.71,Clear
13/11/2023,05:00 AM,77.91,97.27,0.64,29.71,Clear
13/11/2023,05:30 AM,78.18,96.36,0.73,29.71,Clear
13/11/2023,06:00 AM,78.64,95.00,0.91,29.72,Clear
13/11/2023,06:30 AM,79.27,93.18,1.09,29.72,Clear
13/11/2023,07:00 AM,80.09,91.00,1.18,29.73,Clear
13/11/2023,07:30 AM,81.09,88.27,1.36,29.74,Clear
13/11/2023,08:00 AM,82.09,85.55,1.82,29.74,Clear
13/11/2023,08:30 AM,83.27,82.45,2.36,29.75,Clear
13/11/2023,09:00 AM,84.45,79.36,2.82,29.75,Clear
13/11/2023,09:30 AM,85.64,76.27,3.45,29.75,Clear
13/11/2023,10:00 AM,86.82,73.18,4.00,29.75,Clear
13/11/2023,10:30 AM,87.45,71.36,4.64,29.75,Clear
13/11/2023,11:00 AM,88.00,70.09,5.27,29.75,Clear
13/11/2023,11:30 AM,88.36,69.27,5.82,29.74,Clear
13/11/2023,12:00 PM,88.55,69.36,6.36,29.73,Rain
13/11/2023,12:30 PM,88.55,69.82,6.91,29.72,Rain
13/11/2023,01:00 PM,88.55,70.27,7.45,29.71,Rain
13/11/2023,01:30 PM,88.36,70.64,7.64,29.70,Clear
13/11/2023,02:00 PM,87.82,71.36,7.82,29.69,Rain
13/11/2023,02:30 PM,87.27,72.55,8.00,29.69,Rain
13/11/2023,03:00 PM,86.73,73.73,7.82,29.69,Clear
13/11/2023,03:30 PM,86.18,74.91,7.55,29.69,Clear
13/11/2023,04:00 PM,85.82,75.36,7.27,29.69,Rain
13/11/2023,04:30 PM,85.18,77.09,7.09,29.70,Rain
13/11/2023,05:00 PM,84.18,78.82,6.82,29.71,Rain
13/11/2023,05:30 PM,83.18,80.55,6.36,29.72,Rain
13/11/2023,06:00 PM,82.00,82.82,5.73,29.74,Rain
13/11/2023,06:30 PM,81.00,84.55,5.18,29.75,Rain
13/11/2023,07:00 PM,80.18,86.36,4.73,29.76,Rain
13/11/2023,07:30 PM,79.55,88.18,4.27,29.77,Rain
13/11/2023,08:00 PM,78.91,89.55,3.82,29.78,Rain
13/11/2023,08:30 PM,78.27,90.91,3.55,29.79,Clear
13/11/2023,09:00 PM,77.64,92.27,3.36,29.80,Rain
13/11/2023,09:30 PM,77.18,93.64,3.00,29.80,Rain
13/11/2023,10:00 PM,76.82,94.09,2.64,29.81,Rain
13/11/2023,10:30 PM,76.82,94.55,2.64,29.81,Rain
13/11/2023,11:00 PM,76.82,94.55,2.82,29.80,Clear
13/11/2023,11:30 PM,77.00,94.00,3.09,29.80,Clear
14/11/2023,12:00 AM,77.00,94.00,3.45,29.79,Clear
14/11/2023,12:30 AM,77.00,94.00,3.73,29.79,Clear
14/11/2023,01:00 AM,77.00,94.00,4.00,29.79,Clear
14/11/2023,01:30 AM,77.00,94.00,4.27,29.78,Clear
14/11/2023,02:00 AM,77.00,94.00,4.55,29.78,Clear
14/11/2023,02:30 AM,77.00,94.00,4.73,29.77,Clear
14/11/2023,03:00 AM,77.00,94.00,4.64,29.76,Clear
14/11/2023,03:30 AM,77.00,94.00,4.45,29.76,Clear
14/11/2023,04:00 AM,77.00,94.00,4.18,29.76,Clear
14/11/2023,04:30 AM,77.00,94.00,3.82,29.76,Clear
14/11/2023,05:00 AM,77.00,94.55,3.55,29.76,Clear
14/11/2023,05:30 AM,77.18,94.55,3.09,29.76,Clear
14/11/2023,06:00 AM,77.64,93.64,2.64,29.76,Clear
14/11/2023,06:30 AM,78.09,92.73,2.18,29.77,Rain
14/11/2023,07:00 AM,78.73,91.82,2.00,29.77,Clear
14/11/2023,07:30 AM,79.55,90.45,1.73,29.78,Clear
14/11/2023,08:00 AM,80.55,88.27,1.45,29.79,Clear
14/11/2023,08:30 AM,81.55,86.55,1.82,29.79,Clear
14/11/2023,09:00 AM,82.55,84.36,2.18,29.79,Clear
14/11/2023,09:30 AM,83.36,83.00,2.73,29.80,Clear
14/11/2023,10:00 AM,84.00,82.09,3.09,29.80,Clear
14/11/2023,10:30 AM,84.82,80.18,3.64,29.80,Clear
14/11/2023,11:00 AM,85.27,78.36,4.27,29.79,Clear
14/11/2023,11:30 AM,85.45,77.45,5.00,29.78,Clear
14/11/2023,12:00 PM,85.82,76.18,5.55,29.77,Rain
14/11/2023,12:30 PM,86.00,75.27,6.00,29.76,Rain
14/11/2023,01:00 PM,86.00,74.82,6.55,29.75,Rain
14/11/2023,01:30 PM,85.64,75.64,7.00,29.74,Clear
14/11/2023,02:00 PM,85.09,76.91,7.09,29.73,Clear
14/11/2023,02:30 PM,84.55,78.18,7.18,29.72,Clear
14/11/2023,03:00 PM,84.09,79.55,6.73,29.71,Clear
14/11/2023,03:30 PM,83.82,80.45,6.55,29.71,Clear
14/11/2023,04:00 PM,83.36,81.82,6.09,29.71,Rain
14/11/2023,04:30 PM,83.09,83.18,5.82,29.71,Rain
14/11/2023,05:00 PM,82.82,84.55,5.36,29.71,Rain
14/11/2023,05:30 PM,82.36,86.27,5.00,29.71,Clear
14/11/2023,06:00 PM,81.91,87.64,4.82,29.72,Clear
14/11/2023,06:30 PM,81.27,89.45,4.36,29.74,Clear
14/11/2023,07:00 PM,80.82,90.82,4.18,29.74,Clear
14/11/2023,07:30 PM,80.55,91.27,3.91,29.75,Clear
14/11/2023,08:00 PM,80.27,92.18,3.64,29.76,Clear
14/11/2023,08:30 PM,80.09,92.18,3.55,29.77,Clear
14/11/2023,09:00 PM,79.91,92.18,3.36,29.77,Clear
14/11/2023,09:30 PM,79.73,92.18,3.27,29.78,Clear
14/11/2023,10:00 PM,79.55,92.64,3.00,29.78,Clear
14/11/2023,10:30 PM,79.18,93.64,2.73,29.78,Clear
14/11/2023,11:00 PM,78.82,94.64,2.64,29.78,Clear
14/11/2023,11:30 PM,78.45,95.64,2.36,29.78,Clear
15/11/2023,12:00 AM,78.27,96.18,2.09,29.78,Clear
15/11/2023,12:30 AM,78.09,96.73,1.82,29.77,Clear
15/11/2023,01:00 AM,77.91,97.27,1.55,29.77,Clear
15/11/2023,01:30 AM,77.73,97.82,1.27,29.76,Clear
15/11/2023,02:00 AM,77.55,97.82,1.36,29.75,Clear
15/11/2023,02:30 AM,77.36,97.82,1.55,29.75,Clear
15/11/2023,03:00 AM,77.18,97.82,1.55,29.75,Clear
15/11/2023,03:30 AM,77.00,97.82,1.36,29.75,Clear
15/11/2023,04:00 AM,77.00,97.82,1.55,29.75,Clear
15/11/2023,04:30 AM,77.00,97.82,1.36,29.75,Clear
15/11/2023,05:00 AM,77.00,97.82,1.09,29.76,Clear
15/11/2023,05:30 AM,77.18,97.27,1.36,29.76,Clear
15/11/2023,06:00 AM,77.64,96.27,1.64,29.77,Clear
15/11/2023,06:30 AM,78.09,94.82,2.09,29.78,Clear
15/11/2023,07:00 AM,78.55,93.36,2.55,29.78,Clear
15/11/2023,07:30 AM,79.00,92.91,3.00,29.79,Rain
15/11/2023,08:00 AM,79.45,92.00,3.45,29.80,Rain
15/11/2023,08:30 AM,80.09,90.64,4.00,29.80,Clear
15/11/2023,09:00 AM,80.73,89.27,4.82,29.80,Clear
15/11/2023,09:30 AM,81.55,86.91,5.36,29.80,Clear
15/11/2023,10:00 AM,82.55,84.18,6.09,29.80,Clear
15/11/2023,10:30 AM,83.55,81.45,6.82,29.80,Clear
15/11/2023,11:00 AM,84.36,79.27,7.36,29.79,Clear
15/11/2023,11:30 AM,84.73,77.55,7.64,29.78,Clear
15/11/2023,12:00 PM,85.09,76.64,8.00,29.77,Clear
15/11/2023,12:30 PM,85.45,75.36,8.36,29.76,Clear
15/11/2023,01:00 PM,85.64,74.91,8.45,29.76,Rain
15/11/2023,01:30 PM,85.82,74.45,8.64,29.75,Rain
15/11/2023,02:00 PM,85.64,74.91,8.55,29.74,Clear
15/11/2023,02:30 PM,85.36,75.82,7.91,29.74,Clear
15/11/2023,03:00 PM,84.91,77.18,7.82,29.73,Clear
15/11/2023,03:30 PM,84.09,79.36,7.55,29.73,Clear
15/11/2023,04:00 PM,83.27,81.55,7.00,29.73,Rain
15/11/2023,04:30 PM,82.45,83.73,6.27,29.74,Rain
15/11/2023,05:00 PM,81.45,86.45,6.27,29.74,Rain
15/11/2023,05:30 PM,80.64,88.27,6.09,29.75,Rain
15/11/2023,06:00 PM,79.82,90.45,5.73,29.76,Rain
15/11/2023,06:30 PM,79.18,91.36,5.18,29.77,Rain
15/11/2023,07:00 PM,78.55,92.73,4.55,29.78,Rain
15/11/2023,07:30 PM,78.09,93.64,4.45,29.79,Rain
15/11/2023,08:00 PM,77.73,94.09,4.73,29.79,Rain
15/11/2023,08:30 PM,77.36,94.55,4.36,29.80,Rain
15/11/2023,09:00 PM,77.18,94.55,4.09,29.80,Rain
15/11/2023,09:30 PM,77.00,94.55,4.18,29.80,Rain
15/11/2023,10:00 PM,76.82,94.55,4.64,29.80,Clear
15/11/2023,10:30 PM,77.00,94.55,4.18,29.79,Clear
15/11/2023,11:00 PM,77.00,94.55,3.82,29.79,Clear
15/11/2023,11:30 PM,77.00,95.09,3.64,29.79,Clear
16/11/2023,12:00 AM,77.00,95.64,3.64,29.78,Clear
16/11/2023,12:30 AM,77.00,96.18,3.55,29.78,Clear
16/11/2023,01:00 AM,77.00,96.73,3.27,29.77,Clear
16/11/2023,01:30 AM,77.00,97.27,3.09,29.77,Clear
16/11/2023,02:00 AM,77.00,97.82,2.82,29.76,Rain
16/11/2023,02:30 AM,77.00,98.36,2.64,29.76,Rain
16/11/2023,03:00 AM,77.00,98.91,2.64,29.76,Rain
16/11/2023,03:30 AM,77.00,99.45,2.55,29.76,Rain
16/11/2023,04:00 AM,76.82,99.45,2.91,29.76,Rain
16/11/2023,04:30 AM,76.64,100.00,3.27,29.76,Clear
16/11/2023,05:00 AM,76.64,99.45,3.55,29.76,Clear
16/11/2023,05:30 AM,76.64,98.91,3.55,29.77,Clear
16/11/2023,06:00 AM,76.45,98.91,4.09,29.78,Rain
16/11/2023,06:30 AM,76.45,98.36,4.91,29.79,Rain
16/11/2023,07:00 AM,76.45,97.82,5.27,29.80,Rain
16/11/2023,07:30 AM,76.45,97.27,5.55,29.81,Rain
16/11/2023,08:00 AM,76.45,96.73,6.18,29.82,Rain
16/11/2023,08:30 AM,76.45,96.18,6.64,29.83,Rain
16/11/2023,09:00 AM,76.45,95.18,6.64,29.84,Rain
16/11/2023,09:30 AM,76.64,94.64,6.55,29.84,Rain
16/11/2023,10:00 AM,76.82,94.09,6.55,29.84,Rain
16/11/2023,10:30 AM,76.82,94.64,6.45,29.84,Rain
16/11/2023,11:00 AM,77.00,94.64,6.64,29.83,Rain
16/11/2023,11:30 AM,77.36,94.09,6.45,29.83,Rain
16/11/2023,12:00 PM,77.55,93.64,6.00,29.82,Rain
16/11/2023,12:30 PM,77.73,93.64,5.82,29.81,Rain
16/11/2023,01:00 PM,77.91,93.64,6.09,29.80,Rain
16/11/2023,01:30 PM,78.09,93.18,6.00,29.79,Rain
16/11/2023,02:00 PM,78.27,92.73,5.82,29.78,Rain
16/11/2023,02:30 PM,78.45,92.73,5.82,29.77,Clear
16/11/2023,03:00 PM,78.45,92.73,5.55,29.76,Clear
16/11/2023,03:30 PM,78.45,92.73,5.09,29.76,Clear
16/11/2023,04:00 PM,78.45,92.18,4.91,29.75,Clear
16/11/2023,04:30 PM,78.27,92.18,4.45,29.75,Clear
16/11/2023,05:00 PM,78.09,92.18,4.18,29.75,Clear
16/11/2023,05:30 PM,77.91,92.64,3.82,29.75,Clear
16/11/2023,06:00 PM,77.73,92.64,3.55,29.76,Rain
16/11/2023,06:30 PM,77.55,92.64,3.00,29.77,Rain
16/11/2023,07:00 PM,77.36,93.09,2.45,29.77,Rain
16/11/2023,07:30 PM,77.18,93.55,2.09,29.78,Rain
16/11/2023,08:00 PM,77.00,94.00,1.64,29.79,Clear
16/11/2023,08:30 PM,77.00,94.00,1.36,29.80,Rain
16/11/2023,09:00 PM,77.00,94.00,1.18,29.80,Rain
16/11/2023,09:30 PM,77.00,94.00,0.91,29.80,Clear
16/11/2023,10:00 PM,77.00,94.00,0.91,29.81,Clear
16/11/2023,10:30 PM,77.00,94.00,0.64,29.81,Clear
16/11/2023,11:00 PM,77.00,94.00,0.36,29.81,Clear
16/11/2023,11:30 PM,76.82,94.55,0.18,29.81,Clear
17/11/2023,12:00 AM,76.64,95.09,0.27,29.80,Clear
17/11/2023,12:30 AM,76.45,95.64,0.36,29.80,Clear
17/11/2023,01:00 AM,76.27,96.18,0.18,29.80,Clear
17/11/2023,01:30 AM,76.09,96.73,0.36,29.79,Clear
17/11/2023,02:00 AM,75.91,97.27,0.64,29.79,Clear
17/11/2023,02:30 AM,75.73,97.82,0.91,29.78,Clear
17/11/2023,03:00 AM,75.55,98.36,1.36,29.78,Clear
17/11/2023,03:30 AM,75.55,98.36,1.64,29.78,Clear
17/11/2023,04:00 AM,75.55,98.36,1.82,29.78,Clear
17/11/2023,04:30 AM,75.55,98.36,2.27,29.78,Mist
17/11/2023,05:00 AM,75.73,97.82,2.73,29.78,Clear
17/11/2023,05:30 AM,75.91,97.27,3.18,29.79,Clear
17/11/2023,06:00 AM,76.09,96.73,3.27,29.79,Rain
17/11/2023,06:30 AM,76.27,96.73,3.73,29.80,Rain
17/11/2023,07:00 AM,76.45,96.73,4.00,29.81,Rain
17/11/2023,07:30 AM,76.82,96.18,4.27,29.82,Rain
17/11/2023,08:00 AM,77.18,95.18,4.45,29.82,Rain
17/11/2023,08:30 AM,77.55,94.64,4.45,29.82,Rain
17/11/2023,09:00 AM,77.73,94.64,4.64,29.83,Rain
17/11/2023,09:30 AM,78.09,94.18,4.73,29.83,Rain
17/11/2023,10:00 AM,78.55,93.27,4.73,29.82,Rain
17/11/2023,10:30 AM,79.00,92.36,4.73,29.82,Clear
17/11/2023,11:00 AM,79.45,91.45,4.64,29.82,Clear
17/11/2023,11:30 AM,80.09,90.09,5.09,29.81,Clear
17/11/2023,12:00 PM,80.73,88.18,5.18,29.80,Clear
17/11/2023,12:30 PM,81.36,86.27,5.36,29.79,Clear
17/11/2023,01:00 PM,81.64,85.36,5.36,29.78,Clear
17/11/2023,01:30 PM,81.91,84.91,5.45,29.77,Clear
17/11/2023,02:00 PM,82.18,84.00,5.64,29.76,Clear
17/11/2023,02:30 PM,82.45,83.09,5.64,29.75,Clear
17/11/2023,03:00 PM,82.45,83.09,5.55,29.74,Clear
17/11/2023,03:30 PM,82.36,83.55,5.36,29.74,Clear
17/11/2023,04:00 PM,82.27,84.00,5.36,29.73,Clear
17/11/2023,04:30 PM,82.18,84.45,5.36,29.73,Rain
17/11/2023,05:00 PM,81.73,85.82,5.00,29.73,Clear
17/11/2023,05:30 PM,81.27,87.18,4.73,29.74,Clear
17/11/2023,06:00 PM,80.82,88.55,4.36,29.74,Clear
17/11/2023,06:30 PM,80.55,89.45,4.09,29.75,Clear
17/11/2023,07:00 PM,80.27,90.36,4.00,29.76,Clear
17/11/2023,07:30 PM,80.00,91.27,3.64,29.77,Clear
17/11/2023,08:00 PM,79.73,92.18,3.73,29.77,Clear
17/11/2023,08:30 PM,79.55,92.64,4.00,29.78,Clear
17/11/2023,09:00 PM,79.36,93.09,4.18,29.79,Clear
17/11/2023,09:30 PM,79.00,94.09,3.91,29.79,Clear
17/11/2023,10:00 PM,78.64,95.09,3.45,29.80,Clear
17/11/2023,10:30 PM,78.45,95.64,3.18,29.80,Clear
17/11/2023,11:00 PM,78.27,96.18,2.91,29.80,Clear
17/11/2023,11:30 PM,78.09,96.73,2.91,29.80,Clear
18/11/2023,12:00 AM,77.91,97.27,3.18,29.80,Clear
18/11/2023,12:30 AM,77.73,97.27,3.27,29.79,Clear
18/11/2023,01:00 AM,77.55,97.27,3.55,29.79,Clear
18/11/2023,01:30 AM,77.36,97.27,3.45,29.79,Clear
18/11/2023,02:00 AM,77.18,97.27,3.45,29.79,Clear
18/11/2023,02:30 AM,77.00,97.27,3.27,29.78,Rain
18/11/2023,03:00 AM,77.00,96.73,3.55,29.78,Rain
18/11/2023,03:30 AM,77.00,96.18,4.09,29.78,Rain
18/11/2023,04:00 AM,77.00,95.64,4.36,29.78,Clear
18/11/2023,04:30 AM,77.00,95.09,4.64,29.78,Rain
18/11/2023,05:00 AM,77.00,94.55,4.91,29.78,Rain
18/11/2023,05:30 AM,77.18,93.55,4.64,29.78,Rain
18/11/2023,06:00 AM,77.36,93.55,4.36,29.78,Rain
18/11/2023,06:30 AM,77.55,93.55,4.27,29.78,Clear
18/11/2023,07:00 AM,77.91,93.09,4.64,29.79,Clear
18/11/2023,07:30 AM,78.27,92.64,4.91,29.79,Clear
18/11/2023,08:00 AM,78.45,92.64,4.82,29.80,Clear
18/11/2023,08:30 AM,78.64,92.64,5.00,29.81,Clear
18/11/2023,09:00 AM,78.82,92.64,5.09,29.82,Clear
18/11/2023,09:30 AM,79.00,92.18,5.55,29.82,Rain
18/11/2023,10:00 AM,79.18,91.73,5.73,29.82,Rain
18/11/2023,10:30 AM,79.36,91.27,5.36,29.82,Rain
18/11/2023,11:00 AM,79.36,91.27,5.09,29.82,Rain
18/11/2023,11:30 AM,79.36,90.82,5.27,29.81,Rain
18/11/2023,12:00 PM,79.36,90.36,5.27,29.80,Rain
18/11/2023,12:30 PM,79.18,90.36,4.91,29.79,Rain
18/11/2023,01:00 PM,79.00,90.36,4.45,29.78,Rain
18/11/2023,01:30 PM,79.18,89.45,4.82,29.76,Rain
18/11/2023,02:00 PM,79.18,88.45,4.82,29.75,Rain
18/11/2023,02:30 PM,79.18,88.00,5.00,29.74,Clear
18/11/2023,03:00 PM,79.18,88.00,4.91,29.74,Clear
18/11/2023,03:30 PM,79.18,88.00,5.09,29.73,Clear
18/11/2023,04:00 PM,79.18,88.00,5.36,29.73,Clear
18/11/2023,04:30 PM,79.18,88.00,5.82,29.73,Clear
18/11/2023,05:00 PM,79.18,88.00,5.82,29.74,Clear
18/11/2023,05:30 PM,79.18,88.00,5.64,29.74,Clear
18/11/2023,06:00 PM,79.18,88.00,5.91,29.75,Clear
18/11/2023,06:30 PM,79.18,88.00,6.18,29.76,Clear
18/11/2023,07:00 PM,79.00,88.45,6.09,29.77,Clear
18/11/2023,07:30 PM,78.82,89.45,5.73,29.78,Clear
18/11/2023,08:00 PM,78.82,89.45,5.09,29.78,Rain
18/11/2023,08:30 PM,78.64,89.91,4.73,29.79,Clear
18/11/2023,09:00 PM,78.64,89.91,4.36,29.80,Clear
18/11/2023,09:30 PM,78.64,89.91,4.18,29.80,Clear
18/11/2023,10:00 PM,78.64,89.91,4.18,29.80,Clear
18/11/2023,10:30 PM,78.45,90.36,4.00,29.80,Rain
18/11/2023,11:00 PM,78.27,90.82,4.55,29.80,Clear
18/11/2023,11:30 PM,78.09,91.27,4.27,29.80,Clear
19/11/2023,12:00 AM,77.91,91.73,4.18,29.80,Clear
19/11/2023,12:30 AM,77.73,92.18,4.00,29.80,Clear
19/11/2023,01:00 AM,77.73,92.18,4.00,29.79,Rain
19/11/2023,01:30 AM,77.36,93.18,4.55,29.79,Rain
19/11/2023,02:00 AM,77.18,93.73,4.45,29.78,Rain
19/11/2023,02:30 AM,76.82,94.73,4.36,29.78,Rain
19/11/2023,03:00 AM,76.45,95.73,4.73,29.78,Rain
19/11/2023,03:30 AM,76.09,96.73,4.82,29.78,Rain
19/11/2023,04:00 AM,76.09,96.73,5.00,29.78,Rain
19/11/2023,04:30 AM,76.09,96.73,4.36,29.78,Rain
19/11/2023,05:00 AM,76.09,96.73,4.18,29.78,Rain
19/11/2023,05:30 AM,76.27,96.73,3.82,29.78,Rain
19/11/2023,06:00 AM,76.45,96.27,3.82,29.78,Rain
19/11/2023,06:30 AM,76.64,95.82,3.82,29.79,Rain
19/11/2023,07:00 AM,77.18,94.82,3.36,29.79,Rain
19/11/2023,07:30 AM,77.55,94.27,3.82,29.80,Rain
19/11/2023,08:00 AM,77.91,93.73,4.27,29.80,Clear
19/11/2023,08:30 AM,78.27,93.18,4.09,29.80,Clear
19/11/2023,09:00 AM,78.64,92.64,3.73,29.80,Rain
19/11/2023,09:30 AM,78.82,92.64,3.55,29.80,Rain
19/11/2023,10:00 AM,79.18,92.18,3.64,29.80,Rain
19/11/2023,10:30 AM,79.64,91.27,3.64,29.80,Rain
19/11/2023,11:00 AM,79.91,90.82,4.09,29.79,Rain
19/11/2023,11:30 AM,80.36,89.91,4.91,29.78,Rain
19/11/2023,12:00 PM,80.82,89.45,6.00,29.78,Rain
19/11/2023,12:30 PM,80.91,89.45,6.82,29.77,Rain
19/11/2023,01:00 PM,81.36,88.55,7.36,29.76,Rain
19/11/2023,01:30 PM,81.82,87.18,7.82,29.75,Rain
19/11/2023,02:00 PM,82.09,86.27,8.00,29.74,Rain
19/11/2023,02:30 PM,82.36,84.91,8.27,29.73,Rain
19/11/2023,03:00 PM,82.64,83.55,8.55,29.72,Clear
19/11/2023,03:30 PM,82.73,82.64,8.91,29.72,Clear
19/11/2023,04:00 PM,82.64,82.18,9.18,29.72,Clear
19/11/2023,04:30 PM,82.55,81.73,8.82,29.72,Clear
19/11/2023,05:00 PM,82.27,82.18,8.00,29.72,Clear
19/11/2023,05:30 PM,82.00,82.18,6.82,29.73,Clear
19/11/2023,06:00 PM,81.91,81.73,6.00,29.74,Clear
19/11/2023,06:30 PM,81.64,81.27,5.27,29.74,Clear
19/11/2023,07:00 PM,81.18,81.64,4.45,29.75,Clear
19/11/2023,07:30 PM,80.91,81.55,4.27,29.76,Clear
19/11/2023,08:00 PM,80.64,81.91,4.09,29.77,Clear
19/11/2023,08:30 PM,80.36,82.82,3.82,29.77,Clear
19/11/2023,09:00 PM,80.09,83.73,3.18,29.78,Clear
19/11/2023,09:30 PM,79.91,84.64,2.64,29.78,Clear
19/11/2023,10:00 PM,79.55,85.55,2.64,29.79,Clear
19/11/2023,10:30 PM,79.18,86.45,2.64,29.79,Clear
19/11/2023,11:00 PM,78.82,87.36,2.45,29.78,Clear
19/11/2023,11:30 PM,78.45,88.27,2.18,29.78,Clear
20/11/2023,12:00 AM,78.09,89.64,2.00,29.77,Clear
20/11/2023,12:30 AM,77.91,90.64,2.18,29.77,Clear
20/11/2023,01:00 AM,77.73,91.64,1.91,29.76,Clear
20/11/2023,01:30 AM,77.55,92.64,1.64,29.75,Clear
20/11/2023,02:00 AM,77.36,93.09,1.82,29.75,Clear
20/11/2023,02:30 AM,77.18,93.55,2.27,29.74,Clear
20/11/2023,03:00 AM,77.00,94.00,2.36,29.74,Rain
20/11/2023,03:30 AM,77.00,94.00,2.27,29.73,Clear
20/11/2023,04:00 AM,77.00,94.55,2.09,29.73,Clear
20/11/2023,04:30 AM,77.00,95.09,2.09,29.73,Clear
20/11/2023,05:00 AM,77.00,95.64,2.09,29.73,Clear
20/11/2023,05:30 AM,77.18,95.64,2.09,29.74,Rain
20/11/2023,06:00 AM,77.55,95.18,1.91,29.74,Rain
20/11/2023,06:30 AM,77.91,94.73,2.18,29.75,Clear
20/11/2023,07:00 AM,78.27,94.27,2.45,29.75,Rain
20/11/2023,07:30 AM,78.64,93.82,2.27,29.76,Rain
20/11/2023,08:00 AM,79.09,93.36,2.09,29.77,Rain
20/11/2023,08:30 AM,79.55,92.91,2.55,29.77,Clear
20/11/2023,09:00 AM,80.18,91.55,3.18,29.77,Clear
20/11/2023,09:30 AM,80.55,90.09,3.91,29.78,Clear
20/11/2023,10:00 AM,81.00,89.09,4.18,29.78,Rain
20/11/2023,10:30 AM,81.64,86.73,5.27,29.77,Clear
20/11/2023,11:00 AM,81.91,85.82,5.82,29.77,Clear
20/11/2023,11:30 AM,82.00,85.36,6.09,29.76,Rain
20/11/2023,12:00 PM,82.27,84.45,6.45,29.75,Rain
20/11/2023,12:30 PM,82.55,83.09,7.00,29.75,Rain
20/11/2023,01:00 PM,82.82,81.73,7.45,29.74,Rain
20/11/2023,01:30 PM,83.00,80.36,7.82,29.73,Rain
20/11/2023,02:00 PM,83.00,79.45,7.82,29.73,Clear
20/11/2023,02:30 PM,82.82,79.91,7.64,29.73,Clear
20/11/2023,03:00 PM,82.91,79.45,7.55,29.72,Clear
20/11/2023,03:30 PM,82.91,78.55,8.00,29.72,Clear
20/11/2023,04:00 PM,82.64,79.45,7.45,29.72,Clear
20/11/2023,04:30 PM,82.55,79.45,6.91,29.72,Clear
20/11/2023,05:00 PM,82.27,79.91,6.36,29.72,Clear
20/11/2023,05:30 PM,81.82,80.82,5.55,29.73,Clear
20/11/2023,06:00 PM,81.36,82.18,4.73,29.74,Clear
20/11/2023,06:30 PM,80.91,83.55,4.18,29.75,Clear
20/11/2023,07:00 PM,80.27,85.91,3.55,29.75,Clear
20/11/2023,07:30 PM,80.00,87.27,3.18,29.76,Clear
20/11/2023,08:00 PM,79.55,88.18,3.09,29.76,Clear
20/11/2023,08:30 PM,79.27,89.09,2.64,29.77,Clear
20/11/2023,09:00 PM,79.00,90.00,2.36,29.77,Clear
20/11/2023,09:30 PM,78.82,90.91,2.27,29.78,Rain
20/11/2023,10:00 PM,78.64,91.82,2.45,29.78,Clear
20/11/2023,10:30 PM,78.64,92.27,2.91,29.78,Clear
20/11/2023,11:00 PM,78.45,93.27,3.09,29.77,Clear
20/11/2023,11:30 PM,78.27,94.27,3.27,29.77,Clear
21/11/2023,12:00 AM,78.27,94.73,3.36,29.76,Clear
21/11/2023,12:30 AM,78.45,94.18,3.64,29.75,Clear
21/11/2023,01:00 AM,78.45,94.18,3.91,29.75,Clear
21/11/2023,01:30 AM,78.64,94.18,3.91,29.74,Clear
21/11/2023,02:00 AM,78.64,94.18,3.91,29.73,Clear
21/11/2023,02:30 AM,78.64,94.18,3.73,29.72,Clear
21/11/2023,03:00 AM,78.64,93.73,3.45,29.72,Clear
21/11/2023,03:30 AM,78.45,93.73,3.27,29.71,Clear
21/11/2023,04:00 AM,78.45,93.27,3.36,29.71,Clear
21/11/2023,04:30 AM,78.64,92.27,3.73,29.72,Clear
21/11/2023,05:00 AM,78.82,91.73,4.09,29.72,Clear
21/11/2023,05:30 AM,78.82,91.73,4.27,29.72,Clear
21/11/2023,06:00 AM,79.00,91.27,4.73,29.73,Clear
21/11/2023,06:30 AM,79.00,91.27,5.09,29.74,Clear
21/11/2023,07:00 AM,79.00,90.82,5.27,29.75,Clear
21/11/2023,07:30 AM,79.18,90.36,5.64,29.75,Rain
21/11/2023,08:00 AM,79.36,89.91,6.09,29.76,Clear
21/11/2023,08:30 AM,79.55,89.45,6.45,29.77,Rain
21/11/2023,09:00 AM,79.91,88.55,6.82,29.77,Clear
21/11/2023,09:30 AM,80.09,88.55,6.82,29.78,Clear
21/11/2023,10:00 AM,80.36,88.09,6.73,29.77,Clear
21/11/2023,10:30 AM,80.64,86.73,6.82,29.77,Clear
21/11/2023,11:00 AM,80.91,85.36,6.91,29.77,Clear
21/11/2023,11:30 AM,81.00,84.45,6.82,29.76,Rain
21/11/2023,12:00 PM,81.27,83.09,6.55,29.75,Rain
21/11/2023,12:30 PM,81.55,82.18,6.36,29.74,Rain
21/11/2023,01:00 PM,81.64,81.73,6.36,29.72,Clear
21/11/2023,01:30 PM,81.64,82.18,6.09,29.71,Clear
21/11/2023,02:00 PM,81.64,82.64,6.00,29.70,Clear
21/11/2023,02:30 PM,81.45,83.55,6.18,29.69,Rain
21/11/2023,03:00 PM,81.09,84.00,6.09,29.69,Rain
21/11/2023,03:30 PM,80.64,84.91,5.91,29.69,Rain
21/11/2023,04:00 PM,80.18,86.27,5.45,29.68,Rain
21/11/2023,04:30 PM,79.73,87.64,5.45,29.69,Rain
21/11/2023,05:00 PM,79.27,89.00,5.09,29.69,Rain
21/11/2023,05:30 PM,78.82,90.36,4.82,29.69,Rain
21/11/2023,06:00 PM,78.36,91.73,4.64,29.70,Rain
21/11/2023,06:30 PM,77.91,93.09,4.00,29.71,Rain
21/11/2023,07:00 PM,77.55,93.55,3.73,29.72,Rain
21/11/2023,07:30 PM,77.18,94.55,3.73,29.73,Clear
21/11/2023,08:00 PM,77.00,94.55,3.18,29.74,Clear
21/11/2023,08:30 PM,77.00,94.55,3.00,29.74,Clear
21/11/2023,09:00 PM,77.00,94.55,2.91,29.75,Clear
21/11/2023,09:30 PM,77.00,94.55,3.00,29.75,Clear
21/11/2023,10:00 PM,77.00,94.55,2.73,29.75,Clear
21/11/2023,10:30 PM,77.00,95.09,2.91,29.75,Clear
21/11/2023,11:00 PM,77.00,95.64,3.09,29.75,Clear
21/11/2023,11:30 PM,76.82,96.18,3.09,29.74,Clear
22/11/2023,12:00 AM,76.64,96.73,3.27,29.74,Clear
22/11/2023,12:30 AM,76.45,97.27,3.09,29.73,Clear
22/11/2023,01:00 AM,76.27,97.27,2.64,29.72,Clear
22/11/2023,01:30 AM,76.09,97.82,2.64,29.71,Clear
22/11/2023,02:00 AM,75.91,98.36,2.55,29.71,Clear
22/11/2023,02:30 AM,75.73,98.91,2.55,29.70,Clear
22/11/2023,03:00 AM,75.55,99.45,2.73,29.70,Clear
22/11/2023,03:30 AM,75.36,99.45,2.64,29.69,Clear
22/11/2023,04:00 AM,75.36,98.91,2.36,29.69,Mist
22/11/2023,04:30 AM,75.36,98.36,1.91,29.69,Mist
22/11/2023,05:00 AM,75.55,97.82,1.64,29.70,Clear
22/11/2023,05:30 AM,75.73,97.27,1.91,29.70,Clear
22/11/2023,06:00 AM,75.91,96.27,2.55,29.71,Clear
22/11/2023,06:30 AM,76.09,95.27,3.09,29.72,Clear
22/11/2023,07:00 AM,76.27,94.27,3.45,29.73,Clear
22/11/2023,07:30 AM,76.64,92.73,3.27,29.74,Clear
22/11/2023,08:00 AM,76.82,92.18,3.36,29.75,Clear
22/11/2023,08:30 AM,77.18,91.18,3.00,29.76,Rain
22/11/2023,09:00 AM,77.55,90.73,3.09,29.76,Rain
22/11/2023,09:30 AM,77.73,90.27,3.18,29.76,Clear
22/11/2023,10:00 AM,77.73,90.27,3.64,29.76,Rain
22/11/2023,10:30 AM,77.91,90.27,4.09,29.76,Rain
22/11/2023,11:00 AM,78.09,90.27,4.18,29.75,Rain
22/11/2023,11:30 AM,78.45,90.27,4.00,29.75,Rain
22/11/2023,12:00 PM,78.64,90.27,3.91,29.74,Rain
22/11/2023,12:30 PM,78.82,90.73,3.73,29.72,Rain
22/11/2023,01:00 PM,79.00,90.82,4.00,29.71,Rain
22/11/2023,01:30 PM,79.36,89.91,4.00,29.69,Rain
22/11/2023,02:00 PM,79.55,89.45,4.36,29.68,Clear
22/11/2023,02:30 PM,79.73,89.00,4.36,29.67,Clear
22/11/2023,03:00 PM,79.91,88.55,4.55,29.66,Rain
22/11/2023,03:30 PM,80.27,87.64,4.36,29.66,Clear
22/11/2023,04:00 PM,80.27,87.18,4.36,29.65,Clear
22/11/2023,04:30 PM,80.27,86.73,4.36,29.65,Clear
22/11/2023,05:00 PM,79.91,87.18,4.45,29.66,Clear
22/11/2023,05:30 PM,79.73,87.64,4.45,29.66,Clear
22/11/2023,06:00 PM,79.55,87.64,4.27,29.67,Clear
22/11/2023,06:30 PM,79.18,88.55,4.27,29.68,Clear
22/11/2023,07:00 PM,78.82,89.45,4.27,29.69,Clear
22/11/2023,07:30 PM,78.45,90.91,4.00,29.71,Clear
22/11/2023,08:00 PM,78.09,91.82,4.00,29.72,Clear
22/11/2023,08:30 PM,77.73,92.73,3.73,29.72,Clear
22/11/2023,09:00 PM,77.36,93.64,3.45,29.73,Clear
22/11/2023,09:30 PM,77.18,94.09,3.27,29.74,Clear
22/11/2023,10:00 PM,77.00,94.55,2.91,29.74,Clear
22/11/2023,10:30 PM,77.00,94.55,2.64,29.74,Clear
22/11/2023,11:00 PM,77.00,94.55,2.36,29.74,Clear
22/11/2023,11:30 PM,77.00,94.55,2.36,29.74,Clear
23/11/2023,12:00 AM,77.00,94.55,2.36,29.73,Clear
23/11/2023,12:30 AM,77.00,94.55,2.36,29.72,Clear
23/11/2023,01:00 AM,77.00,94.00,2.18,29.71,Clear
23/11/2023,01:30 AM,77.00,94.00,1.91,29.70,Clear
23/11/2023,02:00 AM,77.00,94.00,1.73,29.70,Clear
23/11/2023,02:30 AM,77.00,94.00,1.73,29.69,Clear
23/11/2023,03:00 AM,77.00,94.00,1.45,29.69,Clear
23/11/2023,03:30 AM,77.00,94.00,1.27,29.68,Clear
23/11/2023,04:00 AM,77.00,94.00,1.00,29.68,Clear
23/11/2023,04:30 AM,77.00,94.00,0.82,29.68,Clear
23/11/2023,05:00 AM,77.00,94.00,0.55,29.68,Clear
23/11/2023,05:30 AM,77.18,93.55,0.27,29.69,Clear
23/11/2023,06:00 AM,77.55,93.09,0.27,29.70,Clear
23/11/2023,06:30 AM,77.91,92.18,0.73,29.71,Mist
23/11/2023,07:00 AM,78.36,90.82,1.27,29.71,Clear
23/11/2023,07:30 AM,78.82,89.45,1.82,29.72,Clear
23/11/2023,08:00 AM,79.45,88.09,2.27,29.73,Clear
23/11/2023,08:30 AM,79.82,87.64,2.91,29.74,Clear
23/11/2023,09:00 AM,80.18,86.73,3.55,29.74,Clear
23/11/2023,09:30 AM,80.55,86.27,4.36,29.74,Clear
23/11/2023,10:00 AM,80.91,85.36,5.27,29.74,Clear
23/11/2023,10:30 AM,80.91,85.36,5.82,29.74,Clear
23/11/2023,11:00 AM,80.73,85.82,6.27,29.73,Rain
23/11/2023,11:30 AM,80.55,85.82,6.18,29.72,Rain
23/11/2023,12:00 PM,80.55,86.27,6.00,29.71,Rain
23/11/2023,12:30 PM,80.45,86.73,5.91,29.70,Clear
23/11/2023,01:00 PM,80.36,87.18,5.55,29.69,Rain
23/11/2023,01:30 PM,80.09,87.64,5.36,29.68,Rain
23/11/2023,02:00 PM,80.09,87.64,5.00,29.67,Rain
23/11/2023,02:30 PM,80.09,88.09,4.64,29.66,Clear
23/11/2023,03:00 PM,80.09,87.64,4.27,29.66,Clear
23/11/2023,03:30 PM,79.91,88.09,3.64,29.65,Clear
23/11/2023,04:00 PM,80.09,87.64,3.36,29.65,Clear
23/11/2023,04:30 PM,80.27,87.18,3.09,29.65,Clear
23/11/2023,05:00 PM,80.27,87.18,3.18,29.66,Clear
23/11/2023,05:30 PM,80.09,87.18,3.09,29.66,Clear
23/11/2023,06:00 PM,79.91,87.64,2.91,29.67,Rain
23/11/2023,06:30 PM,79.73,88.55,3.00,29.68,Rain
23/11/2023,07:00 PM,79.55,89.45,3.00,29.69,Rain
23/11/2023,07:30 PM,79.36,89.91,3.00,29.70,Rain
23/11/2023,08:00 PM,79.18,90.36,3.00,29.71,Clear
23/11/2023,08:30 PM,78.82,91.82,2.82,29.71,Clear
23/11/2023,09:00 PM,78.64,92.82,2.82,29.72,Rain
23/11/2023,09:30 PM,78.45,93.27,2.82,29.72,Rain
23/11/2023,10:00 PM,78.27,93.73,2.91,29.72,Clear
23/11/2023,10:30 PM,78.09,94.18,2.82,29.72,Clear
23/11/2023,11:00 PM,77.91,94.64,2.82,29.72,Clear
23/11/2023,11:30 PM,77.73,95.09,2.55,29.71,Clear
24/11/2023,12:00 AM,77.55,95.09,2.45,29.71,Clear
24/11/2023,12:30 AM,77.36,95.64,2.36,29.70,Clear
24/11/2023,01:00 AM,77.18,95.64,2.09,29.69,Clear
24/11/2023,01:30 AM,77.00,95.64,2.00,29.69,Clear
24/11/2023,02:00 AM,77.00,95.09,1.82,29.68,Clear
24/11/2023,02:30 AM,77.00,94.55,1.82,29.68,Clear
24/11/2023,03:00 AM,77.00,94.55,1.73,29.68,Clear
24/11/2023,03:30 AM,77.00,94.55,1.55,29.68,Clear
24/11/2023,04:00 AM,77.00,94.55,1.64,29.68,Clear
24/11/2023,04:30 AM,77.00,94.55,2.00,29.68,Clear
24/11/2023,05:00 AM,77.00,94.55,2.55,29.69,Rain
24/11/2023,05:30 AM,77.00,94.55,2.82,29.70,Rain
24/11/2023,06:00 AM,77.00,94.00,2.91,29.71,Rain
24/11/2023,06:30 AM,77.00,94.00,3.09,29.72,Clear
24/11/2023,07:00 AM,77.18,93.55,3.09,29.73,Clear
24/11/2023,07:30 AM,77.36,93.55,3.27,29.74,Clear
24/11/2023,08:00 AM,77.73,92.64,3.45,29.75,Clear
24/11/2023,08:30 AM,78.09,92.18,3.73,29.76,Clear
24/11/2023,09:00 AM,78.55,91.27,3.82,29.77,Clear
24/11/2023,09:30 AM,79.00,90.36,3.73,29.77,Clear
24/11/2023,10:00 AM,79.64,89.00,3.36,29.77,Rain
24/11/2023,10:30 AM,80.45,87.18,3.09,29.76,Clear
24/11/2023,11:00 AM,81.45,84.64,3.09,29.76,Clear
24/11/2023,11:30 AM,82.09,83.27,3.73,29.75,Clear
24/11/2023,12:00 PM,82.73,81.91,4.27,29.74,Clear
24/11/2023,12:30 PM,82.73,81.91,5.18,29.72,Clear
24/11/2023,01:00 PM,82.73,81.45,5.18,29.71,Clear
24/11/2023,01:30 PM,82.55,82.36,5.27,29.70,Rain
24/11/2023,02:00 PM,82.18,82.82,5.36,29.69,Rain
24/11/2023,02:30 PM,81.73,83.73,5.64,29.69,Rain
24/11/2023,03:00 PM,81.27,84.64,6.00,29.69,Rain
24/11/2023,03:30 PM,80.64,86.00,6.36,29.68,Rain
24/11/2023,04:00 PM,79.82,87.82,6.55,29.69,Rain
24/11/2023,04:30 PM,78.82,90.36,6.64,29.69,Rain
24/11/2023,05:00 PM,78.18,91.73,6.18,29.69,Clear
24/11/2023,05:30 PM,77.55,93.09,5.91,29.70,Clear
24/11/2023,06:00 PM,77.36,93.55,5.09,29.71,Clear
24/11/2023,06:30 PM,77.18,94.00,5.27,29.72,Rain
24/11/2023,07:00 PM,77.00,94.00,5.00,29.72,Clear
24/11/2023,07:30 PM,77.00,94.00,4.64,29.73,Clear
24/11/2023,08:00 PM,77.00,94.00,4.45,29.74,Clear
24/11/2023,08:30 PM,77.00,94.00,4.18,29.74,Clear
24/11/2023,09:00 PM,77.00,94.00,4.09,29.75,Clear
24/11/2023,09:30 PM,77.00,94.00,4.18,29.75,Clear
24/11/2023,10:00 PM,77.00,93.55,4.27,29.75,Clear
24/11/2023,10:30 PM,77.00,93.09,4.09,29.75,Clear
24/11/2023,11:00 PM,77.00,93.09,3.91,29.75,Clear
24/11/2023,11:30 PM,77.00,93.09,3.91,29.74,Clear
25/11/2023,12:00 AM,77.00,92.64,3.73,29.74,Clear
25/11/2023,12:30 AM,77.00,92.18,3.73,29.73,Clear
25/11/2023,01:00 AM,77.00,91.73,3.82,29.72,Clear
25/11/2023,01:30 AM,76.82,91.73,3.82,29.71,Clear
25/11/2023,02:00 AM,76.64,92.27,3.82,29.70,Clear
25/11/2023,02:30 AM,76.45,92.27,3.64,29.69,Clear
25/11/2023,03:00 AM,76.45,92.27,3.64,29.69,Clear
25/11/2023,03:30 AM,76.45,92.73,3.45,29.68,Clear
25/11/2023,04:00 AM,76.27,93.73,3.45,29.68,Clear
25/11/2023,04:30 AM,76.27,93.73,3.36,29.68,Clear
25/11/2023,05:00 AM,76.27,93.73,3.36,29.68,Clear
25/11/2023,05:30 AM,76.45,93.73,3.55,29.68,Clear
25/11/2023,06:00 AM,76.64,94.18,3.55,29.69,Clear
25/11/2023,06:30 AM,76.82,94.64,3.73,29.69,Clear
25/11/2023,07:00 AM,77.36,94.18,3.91,29.70,Clear
25/11/2023,07:30 AM,77.91,93.18,4.09,29.71,Clear
25/11/2023,08:00 AM,78.55,91.82,4.09,29.72,Clear
25/11/2023,08:30 AM,78.73,90.82,4.00,29.73,Clear
25/11/2023,09:00 AM,79.09,89.91,3.73,29.73,Rain
25/11/2023,09:30 AM,79.73,88.45,4.00,29.74,Rain
25/11/2023,10:00 AM,80.09,87.55,4.73,29.74,Clear
25/11/2023,10:30 AM,79.91,87.55,4.73,29.74,Rain
25/11/2023,11:00 AM,79.55,88.00,4.45,29.74,Rain
25/11/2023,11:30 AM,79.18,88.00,4.73,29.74,Rain
25/11/2023,12:00 PM,78.82,88.55,4.73,29.73,Clear
25/11/2023,12:30 PM,78.27,89.55,4.73,29.72,Rain
25/11/2023,01:00 PM,77.91,90.00,4.73,29.71,Rain
25/11/2023,01:30 PM,77.27,91.91,5.00,29.70,Rain
25/11/2023,02:00 PM,76.91,93.45,4.73,29.69,Rain
25/11/2023,02:30 PM,76.55,94.36,5.00,29.69,Rain
25/11/2023,03:00 PM,76.09,95.27,5.00,29.69,Rain
25/11/2023,03:30 PM,75.73,96.18,4.36,29.69,Rain
25/11/2023,04:00 PM,75.91,96.18,4.09,29.68,Rain
25/11/2023,04:30 PM,76.09,96.18,4.36,29.69,Rain
25/11/2023,05:00 PM,76.09,96.73,4.27,29.69,Rain
25/11/2023,05:30 PM,76.27,96.18,4.00,29.70,Clear
25/11/2023,06:00 PM,76.45,95.64,3.73,29.71,Clear
25/11/2023,06:30 PM,76.45,95.64,3.82,29.72,Clear
25/11/2023,07:00 PM,76.45,95.64,3.73,29.73,Clear
25/11/2023,07:30 PM,76.64,95.09,4.09,29.74,Rain
25/11/2023,08:00 PM,76.45,95.64,3.91,29.75,Rain
25/11/2023,08:30 PM,76.27,96.18,3.82,29.75,Rain
25/11/2023,09:00 PM,76.09,96.73,4.18,29.76,Rain
25/11/2023,09:30 PM,75.91,97.27,4.64,29.76,Rain
25/11/2023,10:00 PM,75.73,97.82,4.64,29.77,Rain
25/11/2023,10:30 PM,75.73,97.82,4.73,29.77,Rain
25/11/2023,11:00 PM,75.55,98.36,4.73,29.77,Rain
25/11/2023,11:30 PM,75.36,98.91,5.00,29.76,Rain
26/11/2023,12:00 AM,75.00,99.45,5.55,29.76,Rain
26/11/2023,12:30 AM,74.82,98.91,5.55,29.75,Rain
26/11/2023,01:00 AM,74.45,99.45,5.55,29.75,Rain
26/11/2023,01:30 AM,74.27,99.45,5.82,29.74,Rain
26/11/2023,02:00 AM,74.09,99.45,5.82,29.74,Rain
26/11/2023,02:30 AM,73.91,99.45,5.18,29.74,Rain
26/11/2023,03:00 AM,73.73,99.45,4.82,29.74,Rain
26/11/2023,03:30 AM,73.55,99.45,4.55,29.73,Rain
26/11/2023,04:00 AM,73.36,99.45,4.00,29.73,Rain
26/11/2023,04:30 AM,73.18,99.45,4.09,29.73,Rain
26/11/2023,05:00 AM,73.00,99.45,3.73,29.74,Rain
26/11/2023,05:30 AM,73.00,99.45,2.82,29.74,Rain
26/11/2023,06:00 AM,73.00,100.00,2.36,29.74,Rain
26/11/2023,06:30 AM,73.00,100.00,1.82,29.75,Rain
26/11/2023,07:00 AM,73.00,100.00,1.45,29.76,Rain
26/11/2023,07:30 AM,73.18,99.45,1.09,29.77,Rain
26/11/2023,08:00 AM,73.36,98.91,1.27,29.78,Rain
26/11/2023,08:30 AM,73.55,98.36,1.36,29.78,Rain
26/11/2023,09:00 AM,73.73,97.82,1.45,29.79,Rain
26/11/2023,09:30 AM,73.91,97.82,2.00,29.79,Rain
26/11/2023,10:00 AM,74.09,97.27,1.91,29.79,Rain
26/11/2023,10:30 AM,74.27,97.27,2.00,29.79,Rain
26/11/2023,11:00 AM,74.45,97.27,2.09,29.79,Rain
26/11/2023,11:30 AM,74.82,96.27,2.36,29.78,Rain
26/11/2023,12:00 PM,75.18,95.73,2.64,29.77,Rain
26/11/2023,12:30 PM,75.55,95.18,3.00,29.76,Rain
26/11/2023,01:00 PM,75.73,95.18,3.36,29.75,Rain
26/11/2023,01:30 PM,75.91,95.18,3.73,29.74,Rain
26/11/2023,02:00 PM,76.09,95.18,4.00,29.73,Rain
26/11/2023,02:30 PM,76.27,95.18,4.18,29.72,Rain
26/11/2023,03:00 PM,76.45,94.64,4.18,29.71,Clear
26/11/2023,03:30 PM,76.45,95.18,4.45,29.71,Clear
26/11/2023,04:00 PM,76.45,95.18,4.55,29.71,Clear
26/11/2023,04:30 PM,76.64,94.64,4.45,29.71,Clear
26/11/2023,05:00 PM,76.64,95.09,4.45,29.71,Rain
26/11/2023,05:30 PM,76.45,95.64,4.36,29.72,Clear
26/11/2023,06:00 PM,76.27,96.18,4.00,29.72,Clear
26/11/2023,06:30 PM,76.09,96.73,3.73,29.73,Clear
26/11/2023,07:00 PM,75.91,97.27,3.18,29.73,Clear
26/11/2023,07:30 PM,75.73,97.82,2.91,29.74,Clear
26/11/2023,08:00 PM,75.55,98.36,2.73,29.74,Clear
26/11/2023,08:30 PM,75.36,98.91,2.45,29.75,Clear
26/11/2023,09:00 PM,75.36,98.91,2.27,29.75,Clear
26/11/2023,09:30 PM,75.36,98.91,2.45,29.75,Clear
26/11/2023,10:00 PM,75.18,99.45,2.55,29.75,Clear
26/11/2023,10:30 PM,75.00,100.00,2.36,29.75,Clear
26/11/2023,11:00 PM,75.00,100.00,2.45,29.75,Clear
26/11/2023,11:30 PM,75.00,100.00,2.73,29.74,Clear
27/11/2023,12:00 AM,75.00,100.00,2.82,29.74,Clear
27/11/2023,12:30 AM,75.00,100.00,3.00,29.73,Clear
27/11/2023,01:00 AM,75.00,100.00,3.00,29.72,Clear
27/11/2023,01:30 AM,75.00,100.00,2.82,29.71,Clear
27/11/2023,02:00 AM,75.00,99.45,2.73,29.71,Clear
27/11/2023,02:30 AM,75.00,98.91,2.91,29.71,Clear
27/11/2023,03:00 AM,75.00,98.36,2.91,29.70,Clear
27/11/2023,03:30 AM,75.00,97.82,3.18,29.70,Clear
27/11/2023,04:00 AM,75.00,97.27,3.09,29.70,Clear
27/11/2023,04:30 AM,75.00,96.73,3.09,29.69,Clear
27/11/2023,05:00 AM,75.18,96.18,3.09,29.69,Clear
27/11/2023,05:30 AM,75.36,95.64,3.27,29.70,Clear
27/11/2023,06:00 AM,75.73,94.64,3.55,29.71,Rain
27/11/2023,06:30 AM,76.09,93.64,4.00,29.72,Clear
27/11/2023,07:00 AM,76.64,92.18,4.55,29.73,Clear
27/11/2023,07:30 AM,77.18,91.27,5.00,29.74,Clear
27/11/2023,08:00 AM,77.73,90.36,5.09,29.74,Clear
27/11/2023,08:30 AM,78.36,89.45,5.27,29.75,Clear
27/11/2023,09:00 AM,79.18,87.64,5.45,29.75,Clear
27/11/2023,09:30 AM,79.82,87.18,6.64,29.75,Clear
27/11/2023,10:00 AM,80.45,86.27,7.64,29.76,Clear
27/11/2023,10:30 AM,80.91,85.36,8.45,29.76,Clear
27/11/2023,11:00 AM,81.36,84.45,9.09,29.75,Clear
27/11/2023,11:30 AM,81.64,84.00,9.55,29.75,Clear
27/11/2023,12:00 PM,82.09,83.09,10.00,29.74,Clear
27/11/2023,12:30 PM,82.36,82.64,10.27,29.73,Clear
27/11/2023,01:00 PM,82.64,82.18,11.18,29.72,Clear
27/11/2023,01:30 PM,82.73,82.18,11.91,29.71,Clear
27/11/2023,02:00 PM,82.73,81.73,12.45,29.70,Clear
27/11/2023,02:30 PM,82.55,82.18,12.64,29.69,Clear
27/11/2023,03:00 PM,82.55,81.27,12.18,29.69,Clear
27/11/2023,03:30 PM,82.45,81.27,11.64,29.68,Clear
27/11/2023,04:00 PM,82.36,80.82,11.00,29.68,Clear
27/11/2023,04:30 PM,82.27,80.36,10.55,29.68,Clear
27/11/2023,05:00 PM,82.00,79.82,10.27,29.68,Clear
27/11/2023,05:30 PM,81.55,80.18,9.82,29.69,Clear
27/11/2023,06:00 PM,81.09,80.55,9.64,29.69,Clear
27/11/2023,06:30 PM,80.45,81.91,8.55,29.70,Clear
27/11/2023,07:00 PM,80.00,82.82,7.91,29.71,Clear
27/11/2023,07:30 PM,79.55,84.18,7.36,29.72,Clear
27/11/2023,08:00 PM,79.09,85.55,6.91,29.73,Clear
27/11/2023,08:30 PM,78.64,86.91,6.45,29.74,Rain
27/11/2023,09:00 PM,78.27,87.82,5.91,29.74,Rain
27/11/2023,09:30 PM,77.73,89.73,5.73,29.75,Rain
27/11/2023,10:00 PM,77.36,91.09,5.36,29.75,Rain
27/11/2023,10:30 PM,77.18,92.55,5.36,29.75,Rain
27/11/2023,11:00 PM,77.00,93.55,5.27,29.75,Rain
27/11/2023,11:30 PM,76.82,94.55,5.18,29.74,Rain
28/11/2023,12:00 AM,76.82,94.55,5.45,29.74,Rain
28/11/2023,12:30 AM,76.82,94.55,5.09,29.73,Rain
28/11/2023,01:00 AM,76.82,94.55,4.64,29.73,Rain
28/11/2023,01:30 AM,76.82,94.55,4.18,29.72,Rain
28/11/2023,02:00 AM,76.64,95.09,4.09,29.72,Rain
28/11/2023,02:30 AM,76.64,95.09,3.91,29.71,Rain
28/11/2023,03:00 AM,76.64,95.09,3.73,29.70,Rain
28/11/2023,03:30 AM,76.45,95.64,3.64,29.70,Rain
28/11/2023,04:00 AM,76.27,96.18,3.18,29.70,Clear
28/11/2023,04:30 AM,76.27,96.18,2.91,29.70,Rain
28/11/2023,05:00 AM,76.27,96.18,2.55,29.70,Rain
28/11/2023,05:30 AM,76.45,95.73,2.27,29.70,Rain
28/11/2023,06:00 AM,76.82,94.82,2.27,29.71,Rain
28/11/2023,06:30 AM,77.18,93.91,2.27,29.71,Rain
28/11/2023,07:00 AM,77.64,92.55,2.82,29.71,Rain
28/11/2023,07:30 AM,78.27,91.09,3.27,29.72,Clear
28/11/2023,08:00 AM,78.64,90.64,4.36,29.72,Clear
28/11/2023,08:30 AM,79.27,89.64,5.00,29.72,Clear
28/11/2023,09:00 AM,80.09,88.18,5.64,29.73,Clear
28/11/2023,09:30 AM,80.91,86.73,6.55,29.73,Clear
28/11/2023,10:00 AM,81.73,85.36,7.64,29.73,Rain
28/11/2023,10:30 AM,82.55,84.00,8.73,29.72,Clear
28/11/2023,11:00 AM,83.18,82.64,9.64,29.72,Clear
28/11/2023,11:30 AM,83.64,81.73,10.91,29.71,Clear
28/11/2023,12:00 PM,84.09,80.82,12.18,29.70,Clear
28/11/2023,12:30 PM,84.45,80.00,13.18,29.69,Clear
28/11/2023,01:00 PM,84.64,79.09,14.09,29.68,Clear
28/11/2023,01:30 PM,84.64,79.09,14.18,29.68,Clear
28/11/2023,02:00 PM,84.36,79.55,14.09,29.67,Clear
28/11/2023,02:30 PM,84.09,80.00,14.00,29.66,Clear
28/11/2023,03:00 PM,83.82,80.45,13.73,29.65,Clear
28/11/2023,03:30 PM,83.36,81.36,13.27,29.65,Rain
28/11/2023,04:00 PM,82.91,81.82,12.64,29.65,Clear
28/11/2023,04:30 PM,82.45,82.73,11.91,29.65,Rain
28/11/2023,05:00 PM,81.82,84.09,11.00,29.65,Rain
28/11/2023,05:30 PM,81.00,85.91,10.00,29.65,Clear
28/11/2023,06:00 PM,80.36,87.64,8.91,29.66,Clear
28/11/2023,06:30 PM,79.91,89.00,7.82,29.66,Clear
28/11/2023,07:00 PM,79.55,89.45,6.73,29.67,Clear
28/11/2023,07:30 PM,79.36,89.45,6.09,29.67,Rain
28/11/2023,08:00 PM,79.00,89.91,5.36,29.68,Clear
28/11/2023,08:30 PM,78.64,90.36,4.55,29.68,Clear
28/11/2023,09:00 PM,78.09,91.36,3.64,29.69,Clear
28/11/2023,09:30 PM,77.55,92.82,3.09,29.69,Clear
28/11/2023,10:00 PM,77.00,94.27,2.73,29.69,Clear
28/11/2023,10:30 PM,76.64,95.27,2.36,29.69,Clear
28/11/2023,11:00 PM,76.45,95.82,2.09,29.69,Clear
28/11/2023,11:30 PM,76.09,96.82,1.91,29.69,Clear
29/11/2023,12:00 AM,75.91,97.27,1.55,29.69,Clear
29/11/2023,12:30 AM,75.73,97.82,1.73,29.68,Clear
29/11/2023,01:00 AM,75.55,98.36,1.82,29.68,Clear
29/11/2023,01:30 AM,75.36,98.91,1.91,29.67,Clear
29/11/2023,02:00 AM,75.36,98.91,2.45,29.67,Clear
29/11/2023,02:30 AM,75.55,98.36,3.00,29.66,Clear
29/11/2023,03:00 AM,75.73,97.82,3.45,29.66,Clear
29/11/2023,03:30 AM,75.91,97.27,4.09,29.65,Clear
29/11/2023,04:00 AM,76.09,96.73,4.55,29.65,Clear
29/11/2023,04:30 AM,76.45,95.73,5.18,29.65,Clear
29/11/2023,05:00 AM,76.82,94.73,5.36,29.66,Clear
29/11/2023,05:30 AM,77.00,94.73,5.36,29.66,Clear
29/11/2023,06:00 AM,77.36,94.18,5.55,29.66,Rain
29/11/2023,06:30 AM,77.91,93.18,5.82,29.67,Rain
29/11/2023,07:00 AM,78.45,92.18,6.27,29.68,Rain
29/11/2023,07:30 AM,78.82,91.73,6.00,29.69,Rain
29/11/2023,08:00 AM,79.27,90.82,5.73,29.70,Clear
29/11/2023,08:30 AM,79.64,90.36,5.55,29.71,Clear
29/11/2023,09:00 AM,79.82,90.36,5.82,29.71,Rain
29/11/2023,09:30 AM,79.82,90.91,5.09,29.72,Rain
29/11/2023,10:00 AM,79.82,91.36,4.27,29.72,Clear
29/11/2023,10:30 AM,79.82,91.82,3.82,29.72,Rain
29/11/2023,11:00 AM,79.82,91.82,3.73,29.72,Rain
29/11/2023,11:30 AM,79.64,92.36,3.27,29.71,Rain
29/11/2023,12:00 PM,79.27,93.36,2.73,29.71,Rain
29/11/2023,12:30 PM,78.91,94.36,2.18,29.70,Rain
29/11/2023,01:00 PM,78.55,95.36,1.91,29.69,Rain
29/11/2023,01:30 PM,78.09,96.82,1.64,29.69,Rain
29/11/2023,02:00 PM,77.73,97.82,1.18,29.68,Rain
29/11/2023,02:30 PM,77.55,98.36,0.00,29.68,Rain
29/11/2023,03:00 PM,77.55,98.36,0.00,29.68,Rain
29/11/2023,03:30 PM,77.18,98.91,0.00,29.68,Rain
29/11/2023,04:00 PM,76.82,99.45,0.00,29.68,Rain
29/11/2023,04:30 PM,76.64,100.00,0.00,29.69,Rain
29/11/2023,05:00 PM,76.45,100.00,0.00,29.69,Rain
29/11/2023,05:30 PM,76.45,100.00,0.00,29.70,Rain
29/11/2023,06:00 PM,76.45,100.00,0.00,29.71,Rain
29/11/2023,06:30 PM,76.45,100.00,0.00,29.72,Clear
29/11/2023,07:00 PM,76.45,100.00,0.00,29.73,Clear
29/11/2023,07:30 PM,76.27,100.00,0.00,29.74,Rain
29/11/2023,08:00 PM,76.27,100.00,0.00,29.74,Rain
29/11/2023,08:30 PM,76.27,100.00,0.00,29.75,Clear
29/11/2023,09:00 PM,76.45,100.00,0.00,29.75,Rain
29/11/2023,09:30 PM,76.45,100.00,0.00,29.75,Rain
29/11/2023,10:00 PM,76.27,100.00,0.00,29.76,Rain
29/11/2023,10:30 PM,76.27,100.00,0.00,29.76,Rain
29/11/2023,11:00 PM,76.09,100.00,0.00,29.76,Rain
29/11/2023,11:30 PM,75.91,100.00,0.00,29.76,Rain
30/11/2023,12:00 AM,75.73,100.00,0.00,29.76,Rain
30/11/2023,12:30 AM,75.55,100.00,0.00,29.76,Rain
30/11/2023,01:00 AM,75.55,100.00,0.00,29.75,Rain
30/11/2023,01:30 AM,75.36,100.00,0.00,29.75,Rain
30/11/2023,02:00 AM,75.18,100.00,0.00,29.75,Rain
30/11/2023,02:30 AM,75.00,100.00,0.00,29.74,Rain
30/11/2023,03:00 AM,75.00,100.00,0.00,29.74,Rain
30/11/2023,03:30 AM,75.00,100.00,0.00,29.74,Rain
30/11/2023,04:00 AM,75.00,100.00,0.00,29.74,Rain
30/11/2023,04:30 AM,75.00,100.00,0.00,29.74,Rain
30/11/2023,05:00 AM,75.00,100.00,0.00,29.74,Rain
30/11/2023,05:30 AM,75.00,100.00,0.00,29.74,Rain
30/11/2023,06:00 AM,75.18,100.00,0.00,29.74,Rain
30/11/2023,06:30 AM,75.36,100.00,0.00,29.75,Rain
30/11/2023,07:00 AM,75.55,100.00,0.00,29.76,Rain
30/11/2023,07:30 AM,75.91,99.45,0.00,29.76,Rain
30/11/2023,08:00 AM,76.45,98.91,0.45,29.77,Rain
30/11/2023,08:30 AM,77.09,97.91,1.00,29.78,Rain
30/11/2023,09:00 AM,77.73,96.91,1.55,29.78,Rain
30/11/2023,09:30 AM,78.55,95.45,2.64,29.78,Rain
30/11/2023,10:00 AM,79.36,94.00,3.27,29.78,Clear
30/11/2023,10:30 AM,80.18,92.55,4.09,29.77,Clear
30/11/2023,11:00 AM,81.00,91.09,5.27,29.77,Clear
30/11/2023,11:30 AM,81.45,90.09,6.36,29.76,Clear
30/11/2023,12:00 PM,81.91,88.64,7.09,29.75,Clear
30/11/2023,12:30 PM,82.55,87.18,7.55,29.74,Clear
30/11/2023,01:00 PM,83.00,85.82,8.18,29.73,Clear
30/11/2023,01:30 PM,83.27,84.00,8.45,29.72,Clear
30/11/2023,02:00 PM,83.27,83.55,8.55,29.71,Clear
30/11/2023,02:30 PM,83.27,83.09,8.64,29.70,Clear
30/11/2023,03:00 PM,83.09,83.09,8.09,29.69,Clear
30/11/2023,03:30 PM,82.82,83.09,7.73,29.69,Clear
30/11/2023,04:00 PM,82.55,83.55,7.09,29.69,Clear
30/11/2023,04:30 PM,82.09,84.00,6.36,29.69,Clear
30/11/2023,05:00 PM,81.82,84.45,5.73,29.69,Clear
30/11/2023,05:30 PM,81.55,85.36,5.45,29.69,Clear
30/11/2023,06:00 PM,81.09,86.27,5.18,29.70,Clear
30/11/2023,06:30 PM,80.64,87.64,4.64,29.71,Clear
30/11/2023,07:00 PM,80.00,89.45,4.18,29.71,Clear
30/11/2023,07:30 PM,79.55,90.36,3.73,29.72,Clear
30/11/2023,08:00 PM,79.09,91.82,3.36,29.73,Clear
30/11/2023,08:30 PM,78.64,92.73,2.82,29.74,Clear
30/11/2023,09:00 PM,78.27,93.64,2.73,29.75,Clear
30/11/2023,09:30 PM,77.91,94.09,3.00,29.75,Clear
30/11/2023,10:00 PM,77.73,94.55,3.00,29.76,Clear
30/11/2023,10:30 PM,77.55,94.55,2.82,29.76,Clear
30/11/2023,11:00 PM,77.36,94.55,2.91,29.76,Clear
30/11/2023,11:30 PM,77.18,94.55,3.18,29.75,Clear
01/12/2023,12:00 AM,77.00,95.09,3.55,29.75,Clear
01/12/2023,12:30 AM,77.00,95.64,3.73,29.75,Clear
01/12/2023,01:00 AM,77.00,96.18,3.82,29.74,Clear
01/12/2023,01:30 AM,77.00,95.64,4.00,29.73,Clear
01/12/2023,02:00 AM,77.00,95.64,4.18,29.73,Clear
01/12/2023,02:30 AM,77.00,96.18,4.45,29.72,Rain
01/12/2023,03:00 AM,77.00,96.73,4.18,29.72,Clear
01/12/2023,03:30 AM,77.00,97.27,4.00,29.71,Clear
01/12/2023,04:00 AM,77.00,97.27,4.00,29.71,Clear
01/12/2023,04:30 AM,77.00,97.82,4.00,29.71,Clear
01/12/2023,05:00 AM,77.00,98.36,4.09,29.71,Clear
01/12/2023,05:30 AM,77.18,98.36,4.09,29.71,Clear
01/12/2023,06:00 AM,77.55,97.82,4.09,29.72,Clear
01/12/2023,06:30 AM,77.91,97.27,4.36,29.72,Clear
01/12/2023,07:00 AM,78.27,97.27,4.64,29.73,Clear
01/12/2023,07:30 AM,78.91,96.82,5.36,29.74,Clear
01/12/2023,08:00 AM,79.36,95.82,6.00,29.74,Clear
01/12/2023,08:30 AM,79.82,94.82,6.73,29.74,Rain
01/12/2023,09:00 AM,80.45,93.82,7.36,29.75,Rain
01/12/2023,09:30 AM,80.91,93.36,8.18,29.75,Rain
01/12/2023,10:00 AM,81.55,92.36,8.73,29.74,Rain
01/12/2023,10:30 AM,82.18,90.91,9.27,29.74,Rain
01/12/2023,11:00 AM,82.64,89.45,9.73,29.74,Clear
01/12/2023,11:30 AM,82.91,88.55,10.36,29.73,Clear
01/12/2023,12:00 PM,83.18,87.64,11.00,29.72,Rain
01/12/2023,12:30 PM,83.45,86.73,11.45,29.71,Clear
01/12/2023,01:00 PM,83.45,86.27,11.36,29.70,Clear
01/12/2023,01:30 PM,83.64,85.82,11.18,29.69,Clear
01/12/2023,02:00 PM,83.82,85.36,11.36,29.68,Clear
01/12/2023,02:30 PM,83.82,84.91,11.64,29.68,Clear
01/12/2023,03:00 PM,83.82,84.45,11.64,29.67,Clear
01/12/2023,03:30 PM,83.64,84.00,11.64,29.67,Clear
01/12/2023,04:00 PM,83.45,84.00,11.36,29.67,Clear
01/12/2023,04:30 PM,83.27,84.00,11.00,29.67,Clear
01/12/2023,05:00 PM,83.09,84.00,10.36,29.68,Rain
01/12/2023,05:30 PM,82.91,84.00,9.82,29.68,Rain
01/12/2023,06:00 PM,82.27,84.91,9.36,29.69,Clear
01/12/2023,06:30 PM,81.64,86.36,9.09,29.70,Clear
01/12/2023,07:00 PM,81.00,87.82,8.45,29.71,Clear
01/12/2023,07:30 PM,80.36,89.27,7.91,29.72,Clear
01/12/2023,08:00 PM,79.73,90.73,7.18,29.73,Rain
01/12/2023,08:30 PM,79.27,92.18,7.18,29.74,Rain
01/12/2023,09:00 PM,78.82,93.09,6.82,29.75,Rain
01/12/2023,09:30 PM,78.18,94.55,6.45,29.75,Clear
01/12/2023,10:00 PM,77.55,96.00,5.91,29.76,Clear
01/12/2023,10:30 PM,76.91,97.45,5.73,29.76,Rain
01/12/2023,11:00 PM,76.27,98.91,5.55,29.76,Rain
01/12/2023,11:30 PM,76.09,98.91,5.36,29.75,Rain
02/12/2023,12:00 AM,75.91,98.36,5.09,29.75,Clear
02/12/2023,12:30 AM,75.55,98.36,5.00,29.74,Clear
02/12/2023,01:00 AM,75.18,98.36,4.45,29.74,Clear
02/12/2023,01:30 AM,74.82,98.36,4.18,29.73,Clear
02/12/2023,02:00 AM,74.45,98.36,3.55,29.72,Clear
02/12/2023,02:30 AM,74.09,98.91,3.27,29.71,Clear
02/12/2023,03:00 AM,73.91,98.91,3.27,29.70,Clear
02/12/2023,03:30 AM,73.73,98.91,3.45,29.70,Clear
02/12/2023,04:00 AM,73.55,98.91,3.36,29.70,Clear
02/12/2023,04:30 AM,73.55,98.91,3.09,29.70,Clear
02/12/2023,05:00 AM,73.55,99.45,3.00,29.70,Clear
02/12/2023,05:30 AM,73.73,99.45,3.00,29.71,Clear
02/12/2023,06:00 AM,74.09,99.45,2.82,29.72,Clear
02/12/2023,06:30 AM,74.64,98.91,3.00,29.73,Clear
02/12/2023,07:00 AM,75.36,98.36,3.09,29.74,Clear
02/12/2023,07:30 AM,76.09,97.82,2.82,29.75,Clear
02/12/2023,08:00 AM,76.91,96.82,2.55,29.76,Rain
02/12/2023,08:30 AM,77.73,95.82,2.36,29.77,Rain
02/12/2023,09:00 AM,78.27,95.82,2.73,29.77,Rain
02/12/2023,09:30 AM,79.00,95.27,3.27,29.78,Rain
02/12/2023,10:00 AM,79.55,94.73,3.64,29.78,Clear
02/12/2023,10:30 AM,80.18,93.27,3.64,29.77,Clear
02/12/2023,11:00 AM,80.55,92.82,3.91,29.77,Rain
02/12/2023,11:30 AM,81.00,91.82,4.18,29.76,Rain
02/12/2023,12:00 PM,81.27,91.36,4.27,29.75,Rain
02/12/2023,12:30 PM,81.09,91.36,4.73,29.74,Clear
02/12/2023,01:00 PM,80.91,90.91,5.64,29.73,Rain
02/12/2023,01:30 PM,80.64,91.36,5.73,29.72,Rain
02/12/2023,02:00 PM,80.36,91.82,5.91,29.71,Rain
02/12/2023,02:30 PM,80.18,91.27,6.18,29.70,Rain
02/12/2023,03:00 PM,79.82,91.27,6.09,29.70,Rain
02/12/2023,03:30 PM,79.45,91.27,5.55,29.69,Rain
02/12/2023,04:00 PM,78.82,92.73,5.64,29.69,Rain
02/12/2023,04:30 PM,78.27,93.18,5.55,29.69,Rain
02/12/2023,05:00 PM,77.64,94.18,5.73,29.69,Rain
02/12/2023,05:30 PM,77.00,95.18,5.64,29.70,Rain
02/12/2023,06:00 PM,76.64,95.73,4.91,29.70,Clear
02/12/2023,06:30 PM,76.27,96.73,3.82,29.71,Clear
02/12/2023,07:00 PM,75.91,97.27,3.82,29.71,Clear
02/12/2023,07:30 PM,75.55,97.82,3.64,29.72,Clear
02/12/2023,08:00 PM,75.36,98.36,3.00,29.72,Clear
02/12/2023,08:30 PM,75.18,98.91,2.55,29.72,Clear
02/12/2023,09:00 PM,75.18,98.91,2.64,29.72,Clear
02/12/2023,09:30 PM,75.36,98.36,2.09,29.73,Clear
02/12/2023,10:00 PM,75.36,98.91,1.82,29.73,Clear
02/12/2023,10:30 PM,75.55,98.36,1.55,29.73,Clear
02/12/2023,11:00 PM,75.73,97.82,1.64,29.73,Rain
02/12/2023,11:30 PM,75.73,97.82,1.82,29.73,Rain
03/12/2023,12:00 AM,75.73,97.82,2.09,29.72,Clear
03/12/2023,12:30 AM,75.73,97.82,2.09,29.72,Clear
03/12/2023,01:00 AM,75.73,97.82,2.09,29.72,Rain
03/12/2023,01:30 AM,75.73,97.82,2.09,29.71,Clear
03/12/2023,02:00 AM,75.73,97.82,1.91,29.71,Clear
03/12/2023,02:30 AM,75.55,98.36,2.09,29.70,Clear
03/12/2023,03:00 AM,75.36,98.91,2.18,29.70,Clear
03/12/2023,03:30 AM,75.36,98.91,2.18,29.70,Clear
03/12/2023,04:00 AM,75.18,99.45,2.18,29.69,Clear
03/12/2023,04:30 AM,75.00,100.00,2.18,29.69,Clear
03/12/2023,05:00 AM,75.00,100.00,2.45,29.70,Clear
03/12/2023,05:30 AM,75.18,100.00,2.64,29.70,Clear
03/12/2023,06:00 AM,75.55,100.00,2.91,29.71,Clear
03/12/2023,06:30 AM,76.09,99.45,2.82,29.72,Clear
03/12/2023,07:00 AM,76.73,98.45,2.91,29.73,Clear
03/12/2023,07:30 AM,77.36,97.45,3.36,29.74,Clear
03/12/2023,08:00 AM,78.18,96.45,3.91,29.75,Clear
03/12/2023,08:30 AM,79.18,95.00,4.64,29.75,Clear
03/12/2023,09:00 AM,80.18,93.09,5.36,29.76,Clear
03/12/2023,09:30 AM,81.18,91.64,6.27,29.76,Clear
03/12/2023,10:00 AM,82.00,90.18,7.09,29.76,Clear
03/12/2023,10:30 AM,83.18,88.27,7.55,29.76,Clear
03/12/2023,11:00 AM,84.18,86.00,7.82,29.75,Clear
03/12/2023,11:30 AM,85.00,83.73,8.00,29.74,Clear
03/12/2023,12:00 PM,85.45,82.36,9.00,29.73,Clear
03/12/2023,12:30 PM,85.82,81.00,9.82,29.72,Clear
03/12/2023,01:00 PM,86.18,79.64,10.55,29.71,Clear
03/12/2023,01:30 PM,86.18,78.73,10.91,29.70,Clear
03/12/2023,02:00 PM,86.00,78.27,11.27,29.69,Rain
03/12/2023,02:30 PM,85.64,78.27,11.18,29.69,Clear
03/12/2023,03:00 PM,85.27,77.82,10.82,29.69,Clear
03/12/2023,03:30 PM,85.00,77.82,10.27,29.68,Clear
03/12/2023,04:00 PM,84.36,78.27,9.82,29.69,Clear
03/12/2023,04:30 PM,83.73,79.09,9.55,29.69,Clear
03/12/2023,05:00 PM,82.91,80.36,9.00,29.70,Clear
03/12/2023,05:30 PM,82.27,81.27,7.82,29.71,Clear
03/12/2023,06:00 PM,81.64,82.64,6.91,29.71,Clear
03/12/2023,06:30 PM,80.82,84.45,5.82,29.72,Clear
03/12/2023,07:00 PM,80.18,85.82,4.82,29.74,Clear
03/12/2023,07:30 PM,79.55,87.18,3.64,29.75,Clear
03/12/2023,08:00 PM,79.09,88.55,2.82,29.75,Clear
03/12/2023,08:30 PM,78.64,89.91,2.36,29.76,Clear
03/12/2023,09:00 PM,78.27,90.82,2.00,29.77,Clear
03/12/2023,09:30 PM,77.91,92.27,2.00,29.77,Clear
03/12/2023,10:00 PM,77.55,93.73,2.00,29.78,Clear
03/12/2023,10:30 PM,77.36,94.73,1.91,29.78,Clear
03/12/2023,11:00 PM,77.18,95.18,1.91,29.77,Clear
03/12/2023,11:30 PM,77.00,95.64,2.00,29.77,Clear
04/12/2023,12:00 AM,77.00,95.64,2.18,29.76,Clear
04/12/2023,12:30 AM,77.00,95.64,2.27,29.75,Clear
04/12/2023,01:00 AM,77.00,95.64,2.45,29.74,Clear
04/12/2023,01:30 AM,77.00,95.64,2.45,29.74,Clear
04/12/2023,02:00 AM,77.00,95.64,2.18,29.73,Clear
04/12/2023,02:30 AM,76.82,96.18,2.18,29.72,Clear
04/12/2023,03:00 AM,76.64,96.18,1.91,29.71,Clear
04/12/2023,03:30 AM,76.45,96.18,1.73,29.71,Clear
04/12/2023,04:00 AM,76.27,96.18,2.09,29.71,Clear
04/12/2023,04:30 AM,76.27,96.18,2.55,29.71,Clear
04/12/2023,05:00 AM,76.45,96.18,2.45,29.71,Clear
04/12/2023,05:30 AM,76.82,95.73,2.73,29.72,Clear
04/12/2023,06:00 AM,77.18,95.27,2.73,29.72,Clear
04/12/2023,06:30 AM,77.64,94.82,2.82,29.73,Clear
04/12/2023,07:00 AM,78.45,93.91,3.64,29.73,Clear
04/12/2023,07:30 AM,79.27,93.00,4.45,29.74,Clear
04/12/2023,08:00 AM,80.27,91.55,5.18,29.74,Clear
04/12/2023,08:30 AM,81.45,89.64,5.82,29.75,Clear
04/12/2023,09:00 AM,82.64,87.36,6.36,29.75,Clear
04/12/2023,09:30 AM,84.00,84.64,6.64,29.75,Clear
04/12/2023,10:00 AM,85.27,82.09,6.91,29.75,Clear
04/12/2023,10:30 AM,86.36,79.55,7.45,29.74,Clear
04/12/2023,11:00 AM,87.18,77.45,7.64,29.74,Clear
04/12/2023,11:30 AM,88.09,75.36,8.00,29.73,Clear
04/12/2023,12:00 PM,88.64,73.64,8.64,29.72,Clear
04/12/2023,12:30 PM,88.82,72.82,8.73,29.71,Clear
04/12/2023,01:00 PM,89.00,72.00,9.18,29.70,Clear
04/12/2023,01:30 PM,89.00,71.09,9.73,29.69,Clear
04/12/2023,02:00 PM,88.64,71.09,10.45,29.68,Clear
04/12/2023,02:30 PM,88.27,71.45,10.82,29.68,Clear
04/12/2023,03:00 PM,87.55,72.73,11.00,29.67,Clear
04/12/2023,03:30 PM,86.73,74.36,10.82,29.67,Rain
04/12/2023,04:00 PM,85.91,76.00,10.73,29.67,Rain
04/12/2023,04:30 PM,85.09,78.09,10.73,29.68,Rain
04/12/2023,05:00 PM,84.18,80.18,10.27,29.68,Rain
04/12/2023,05:30 PM,83.55,81.91,9.45,29.69,Clear
04/12/2023,06:00 PM,82.91,83.18,8.82,29.70,Clear
04/12/2023,06:30 PM,82.09,84.91,8.00,29.71,Clear
04/12/2023,07:00 PM,81.45,86.73,7.00,29.72,Clear
04/12/2023,07:30 PM,81.00,88.09,5.64,29.73,Clear
04/12/2023,08:00 PM,80.55,89.45,4.55,29.74,Clear
04/12/2023,08:30 PM,80.09,90.91,4.09,29.74,Clear
04/12/2023,09:00 PM,79.64,92.36,4.00,29.75,Clear
04/12/2023,09:30 PM,79.18,93.82,3.82,29.75,Clear
04/12/2023,10:00 PM,78.82,94.82,3.36,29.75,Clear
04/12/2023,10:30 PM,78.45,95.82,3.64,29.75,Clear
04/12/2023,11:00 PM,78.09,96.82,3.73,29.75,Clear
04/12/2023,11:30 PM,77.73,97.82,3.73,29.75,Clear
05/12/2023,12:00 AM,77.55,98.36,3.36,29.74,Clear
05/12/2023,12:30 AM,77.36,98.91,2.91,29.74,Clear
05/12/2023,01:00 AM,77.18,99.45,2.73,29.73,Clear
05/12/2023,01:30 AM,77.00,99.45,2.64,29.72,Clear
05/12/2023,02:00 AM,77.00,98.91,2.18,29.72,Clear
05/12/2023,02:30 AM,77.00,98.91,2.18,29.71,Clear
05/12/2023,03:00 AM,77.00,98.91,2.00,29.71,Clear
05/12/2023,03:30 AM,77.00,98.36,1.91,29.71,Clear
05/12/2023,04:00 AM,77.00,97.82,1.73,29.71,Clear
05/12/2023,04:30 AM,77.00,97.82,2.09,29.71,Clear
05/12/2023,05:00 AM,77.18,97.82,2.09,29.71,Clear
05/12/2023,05:30 AM,77.55,97.27,2.27,29.71,Clear
05/12/2023,06:00 AM,78.00,96.27,2.45,29.72,Clear
05/12/2023,06:30 AM,78.64,95.27,2.73,29.72,Clear
05/12/2023,07:00 AM,79.45,94.36,3.00,29.73,Clear
05/12/2023,07:30 AM,80.27,93.45,3.64,29.74,Clear
05/12/2023,08:00 AM,81.27,91.55,3.82,29.74,Clear
05/12/2023,08:30 AM,82.09,89.64,4.36,29.75,Clear
05/12/2023,09:00 AM,83.09,88.27,5.09,29.75,Clear
05/12/2023,09:30 AM,84.09,86.91,5.73,29.75,Clear
05/12/2023,10:00 AM,85.27,84.18,6.00,29.75,Clear
05/12/2023,10:30 AM,86.27,81.45,6.64,29.75,Clear
05/12/2023,11:00 AM,86.91,79.73,7.09,29.74,Clear
05/12/2023,11:30 AM,87.09,78.82,7.55,29.74,Rain
05/12/2023,12:00 PM,87.09,78.36,8.00,29.73,Rain
05/12/2023,12:30 PM,87.09,77.91,8.27,29.72,Rain
05/12/2023,01:00 PM,87.27,77.09,8.36,29.71,Rain
05/12/2023,01:30 PM,87.09,76.64,8.45,29.70,Rain
05/12/2023,02:00 PM,87.09,76.18,8.36,29.69,Rain
05/12/2023,02:30 PM,86.73,76.18,8.09,29.69,Clear
05/12/2023,03:00 PM,86.18,76.64,7.73,29.68,Clear
05/12/2023,03:30 PM,85.45,77.91,7.36,29.68,Clear
05/12/2023,04:00 PM,84.73,79.18,6.64,29.68,Clear
05/12/2023,04:30 PM,84.09,80.45,6.09,29.69,Rain
05/12/2023,05:00 PM,83.82,81.36,5.64,29.69,Rain
05/12/2023,05:30 PM,83.36,82.27,5.18,29.70,Rain
05/12/2023,06:00 PM,82.73,83.64,4.91,29.71,Clear
05/12/2023,06:30 PM,81.91,85.36,4.36,29.72,Clear
05/12/2023,07:00 PM,81.27,87.18,4.09,29.73,Clear
05/12/2023,07:30 PM,80.64,89.00,3.82,29.74,Clear
05/12/2023,08:00 PM,80.00,90.91,3.64,29.75,Clear
05/12/2023,08:30 PM,79.73,91.82,3.55,29.76,Clear
05/12/2023,09:00 PM,79.45,92.73,3.36,29.77,Clear
05/12/2023,09:30 PM,79.00,94.18,3.45,29.78,Clear
05/12/2023,10:00 PM,78.64,95.18,3.27,29.78,Clear
05/12/2023,10:30 PM,78.27,96.18,3.09,29.78,Clear
05/12/2023,11:00 PM,78.09,96.73,3.00,29.78,Rain
05/12/2023,11:30 PM,77.91,97.27,2.82,29.78,Rain
06/12/2023,12:00 AM,77.73,97.82,2.82,29.78,Rain
06/12/2023,12:30 AM,77.55,98.36,2.64,29.77,Rain
06/12/2023,01:00 AM,77.36,98.91,2.45,29.77,Rain
06/12/2023,01:30 AM,77.36,98.91,2.18,29.76,Clear
06/12/2023,02:00 AM,77.18,99.45,2.00,29.75,Clear
06/12/2023,02:30 AM,77.00,100.00,1.91,29.75,Clear
06/12/2023,03:00 AM,77.00,100.00,1.91,29.75,Clear
06/12/2023,03:30 AM,77.00,99.45,1.91,29.74,Rain
06/12/2023,04:00 AM,77.00,98.91,1.91,29.74,Rain
06/12/2023,04:30 AM,77.00,98.91,1.73,29.74,Clear
06/12/2023,05:00 AM,77.18,98.36,1.82,29.75,Clear
06/12/2023,05:30 AM,77.36,98.36,1.73,29.75,Clear
06/12/2023,06:00 AM,77.73,97.82,1.73,29.76,Clear
06/12/2023,06:30 AM,78.18,97.27,1.73,29.76,Clear
06/12/2023,07:00 AM,78.82,96.27,2.09,29.77,Clear
06/12/2023,07:30 AM,79.64,94.82,2.64,29.77,Clear
06/12/2023,08:00 AM,80.45,93.36,3.18,29.78,Clear
06/12/2023,08:30 AM,81.45,91.09,3.82,29.78,Clear
06/12/2023,09:00 AM,82.45,89.36,4.64,29.78,Clear
06/12/2023,09:30 AM,83.64,87.18,5.82,29.78,Clear
06/12/2023,10:00 AM,84.82,84.09,7.18,29.78,Clear
06/12/2023,10:30 AM,85.82,81.55,8.27,29.77,Clear
06/12/2023,11:00 AM,86.91,78.18,9.36,29.77,Clear
06/12/2023,11:30 AM,87.73,75.27,10.27,29.76,Clear
06/12/2023,12:00 PM,88.45,72.36,11.09,29.75,Clear
06/12/2023,12:30 PM,89.00,69.91,11.82,29.74,Clear
06/12/2023,01:00 PM,89.36,67.91,12.27,29.73,Clear
06/12/2023,01:30 PM,89.73,65.91,12.82,29.72,Clear
06/12/2023,02:00 PM,89.73,65.09,13.18,29.71,Clear
06/12/2023,02:30 PM,89.73,64.27,13.55,29.71,Clear
06/12/2023,03:00 PM,89.36,64.27,13.09,29.70,Clear
06/12/2023,03:30 PM,88.82,65.00,12.45,29.70,Clear
06/12/2023,04:00 PM,88.27,65.73,11.73,29.70,Clear
06/12/2023,04:30 PM,87.45,67.18,11.18,29.71,Clear
06/12/2023,05:00 PM,86.73,69.18,10.64,29.71,Clear
06/12/2023,05:30 PM,86.00,71.18,10.09,29.72,Clear
06/12/2023,06:00 PM,85.18,73.64,9.36,29.73,Clear
06/12/2023,06:30 PM,84.36,76.09,8.64,29.74,Clear
06/12/2023,07:00 PM,83.55,78.55,7.82,29.75,Clear
06/12/2023,07:30 PM,82.73,81.09,7.09,29.75,Clear
06/12/2023,08:00 PM,82.09,83.18,6.36,29.76,Clear
06/12/2023,08:30 PM,81.27,85.36,5.91,29.77,Clear
06/12/2023,09:00 PM,80.64,87.18,5.36,29.78,Clear
06/12/2023,09:30 PM,80.18,89.00,5.09,29.78,Clear
06/12/2023,10:00 PM,79.91,90.36,4.91,29.79,Clear
06/12/2023,10:30 PM,79.45,91.82,4.45,29.79,Clear
06/12/2023,11:00 PM,79.00,92.73,4.36,29.78,Clear
06/12/2023,11:30 PM,78.64,93.18,4.00,29.78,Clear
07/12/2023,12:00 AM,78.27,93.64,3.64,29.77,Clear
07/12/2023,12:30 AM,77.73,94.64,3.45,29.77,Clear
07/12/2023,01:00 AM,77.36,95.18,3.00,29.76,Clear
07/12/2023,01:30 AM,76.82,96.18,2.73,29.76,Clear
07/12/2023,02:00 AM,76.64,96.73,2.55,29.75,Clear
07/12/2023,02:30 AM,76.64,97.27,2.64,29.75,Clear
07/12/2023,03:00 AM,76.45,97.27,2.64,29.74,Clear
07/12/2023,03:30 AM,76.27,97.27,2.45,29.74,Clear
07/12/2023,04:00 AM,76.27,96.73,2.27,29.74,Clear
07/12/2023,04:30 AM,76.27,96.73,1.82,29.74,Clear
07/12/2023,05:00 AM,76.27,96.73,1.91,29.74,Clear
07/12/2023,05:30 AM,76.45,96.73,2.00,29.75,Clear
07/12/2023,06:00 AM,77.00,96.18,2.00,29.75,Clear
07/12/2023,06:30 AM,77.64,95.18,1.91,29.76,Clear
07/12/2023,07:00 AM,78.27,94.18,1.73,29.77,Clear
07/12/2023,07:30 AM,79.09,92.73,1.91,29.77,Clear
07/12/2023,08:00 AM,79.91,91.27,1.82,29.78,Clear
07/12/2023,08:30 AM,80.36,90.36,3.09,29.79,Clear
07/12/2023,09:00 AM,80.18,90.91,3.36,29.80,Clear
07/12/2023,09:30 AM,80.18,90.91,3.64,29.80,Clear
07/12/2023,10:00 AM,80.36,90.91,3.91,29.80,Clear
07/12/2023,10:30 AM,80.55,90.91,4.09,29.80,Clear
07/12/2023,11:00 AM,80.73,90.91,4.36,29.80,Rain
07/12/2023,11:30 AM,80.82,90.45,4.73,29.79,Rain
07/12/2023,12:00 PM,80.82,90.45,5.36,29.78,Rain
07/12/2023,12:30 PM,80.73,90.45,6.00,29.78,Rain
07/12/2023,01:00 PM,80.45,91.36,6.27,29.77,Rain
07/12/2023,01:30 PM,80.00,92.27,6.36,29.76,Clear
07/12/2023,02:00 PM,79.91,93.18,5.36,29.75,Clear
07/12/2023,02:30 PM,80.45,92.18,5.36,29.74,Clear
07/12/2023,03:00 PM,80.82,91.73,5.55,29.74,Rain
07/12/2023,03:30 PM,81.00,91.27,5.82,29.73,Clear
07/12/2023,04:00 PM,81.18,90.82,5.64,29.73,Rain
07/12/2023,04:30 PM,81.00,90.82,5.36,29.73,Rain
07/12/2023,05:00 PM,80.73,91.27,5.18,29.73,Clear
07/12/2023,05:30 PM,80.45,91.27,4.82,29.74,Clear
07/12/2023,06:00 PM,80.27,91.27,4.36,29.74,Clear
07/12/2023,06:30 PM,79.91,91.82,4.00,29.75,Clear
07/12/2023,07:00 PM,79.55,92.36,4.00,29.76,Clear
07/12/2023,07:30 PM,79.18,92.91,3.91,29.76,Clear
07/12/2023,08:00 PM,78.82,93.36,3.64,29.77,Clear
07/12/2023,08:30 PM,78.45,93.82,3.36,29.78,Clear
07/12/2023,09:00 PM,78.09,94.27,2.82,29.78,Clear
07/12/2023,09:30 PM,77.73,94.73,2.82,29.79,Clear
07/12/2023,10:00 PM,77.55,94.73,2.73,29.79,Clear
07/12/2023,10:30 PM,77.36,94.73,2.45,29.79,Clear
07/12/2023,11:00 PM,77.00,95.73,2.45,29.79,Clear
07/12/2023,11:30 PM,76.64,96.73,2.55,29.78,Clear
08/12/2023,12:00 AM,76.45,96.73,2.36,29.78,Clear
08/12/2023,12:30 AM,76.27,96.73,2.09,29.78,Clear
08/12/2023,01:00 AM,76.09,96.73,1.64,29.77,Clear
08/12/2023,01:30 AM,75.91,97.27,1.45,29.76,Clear
08/12/2023,02:00 AM,75.73,97.82,1.27,29.76,Clear
08/12/2023,02:30 AM,75.55,98.36,1.27,29.75,Clear
08/12/2023,03:00 AM,75.36,98.91,1.00,29.75,Clear
08/12/2023,03:30 AM,75.18,98.91,1.09,29.75,Clear
08/12/2023,04:00 AM,75.00,98.91,0.91,29.75,Clear
08/12/2023,04:30 AM,75.00,98.91,0.64,29.75,Clear
08/12/2023,05:00 AM,75.18,98.36,0.55,29.75,Clear
08/12/2023,05:30 AM,75.55,97.82,1.00,29.76,Clear
08/12/2023,06:00 AM,76.09,97.27,1.55,29.76,Clear
08/12/2023,06:30 AM,76.73,96.27,1.82,29.77,Clear
08/12/2023,07:00 AM,77.73,94.82,2.36,29.78,Clear
08/12/2023,07:30 AM,78.73,92.91,3.18,29.78,Clear
08/12/2023,08:00 AM,79.73,91.00,4.27,29.79,Clear
08/12/2023,08:30 AM,80.91,88.73,5.64,29.79,Clear
08/12/2023,09:00 AM,82.09,87.00,6.64,29.79,Clear
08/12/2023,09:30 AM,83.45,84.82,8.00,29.79,Clear
08/12/2023,10:00 AM,84.82,81.73,9.27,29.79,Clear
08/12/2023,10:30 AM,86.00,79.18,10.27,29.78,Clear
08/12/2023,11:00 AM,87.00,76.64,11.09,29.77,Clear
08/12/2023,11:30 AM,87.82,74.09,11.73,29.76,Clear
08/12/2023,12:00 PM,88.55,71.64,12.82,29.75,Clear
08/12/2023,12:30 PM,88.91,70.00,13.45,29.74,Clear
08/12/2023,01:00 PM,89.27,68.82,14.00,29.72,Clear
08/12/2023,01:30 PM,89.45,67.64,14.27,29.71,Clear
08/12/2023,02:00 PM,89.45,66.82,14.18,29.71,Clear
08/12/2023,02:30 PM,89.27,66.36,14.09,29.70,Clear
08/12/2023,03:00 PM,88.91,66.36,13.64,29.69,Clear
08/12/2023,03:30 PM,88.36,67.09,13.18,29.69,Clear
08/12/2023,04:00 PM,87.64,68.27,12.73,29.69,Clear
08/12/2023,04:30 PM,86.91,69.45,12.18,29.69,Clear
08/12/2023,05:00 PM,86.18,70.64,11.64,29.70,Clear
08/12/2023,05:30 PM,85.45,72.18,10.73,29.71,Clear
08/12/2023,06:00 PM,84.64,73.82,9.73,29.72,Clear
08/12/2023,06:30 PM,83.64,75.91,8.64,29.73,Clear
08/12/2023,07:00 PM,82.82,78.00,7.27,29.74,Clear
08/12/2023,07:30 PM,82.00,80.09,6.00,29.75,Clear
08/12/2023,08:00 PM,81.36,81.82,4.82,29.76,Clear
08/12/2023,08:30 PM,80.55,84.00,4.09,29.77,Clear
08/12/2023,09:00 PM,79.91,85.82,3.55,29.77,Clear
08/12/2023,09:30 PM,79.45,87.18,3.09,29.78,Clear
08/12/2023,10:00 PM,79.00,88.55,2.64,29.78,Clear
08/12/2023,10:30 PM,78.55,89.91,2.27,29.78,Clear
08/12/2023,11:00 PM,78.09,91.27,2.00,29.78,Clear
08/12/2023,11:30 PM,77.73,92.18,1.91,29.78,Clear
09/12/2023,12:00 AM,77.55,92.64,1.64,29.78,Clear
09/12/2023,12:30 AM,77.18,93.64,1.64,29.77,Clear
09/12/2023,01:00 AM,76.82,94.64,1.82,29.77,Clear
09/12/2023,01:30 AM,76.45,95.64,2.09,29.76,Clear
09/12/2023,02:00 AM,76.27,96.18,1.91,29.75,Clear
09/12/2023,02:30 AM,76.09,96.73,1.64,29.75,Clear
09/12/2023,03:00 AM,75.91,96.73,1.36,29.74,Clear
09/12/2023,03:30 AM,75.73,96.73,1.36,29.74,Clear
09/12/2023,04:00 AM,75.55,96.73,1.27,29.74,Clear
09/12/2023,04:30 AM,75.36,97.27,1.55,29.74,Clear
09/12/2023,05:00 AM,75.55,97.27,1.55,29.74,Clear
09/12/2023,05:30 AM,76.00,96.82,1.55,29.74,Clear
09/12/2023,06:00 AM,76.82,95.82,1.82,29.75,Clear
09/12/2023,06:30 AM,77.64,94.82,2.09,29.75,Clear
09/12/2023,07:00 AM,78.45,93.36,2.36,29.76,Clear
09/12/2023,07:30 AM,79.45,91.91,3.09,29.77,Clear
09/12/2023,08:00 AM,80.64,90.00,3.82,29.77,Clear
09/12/2023,08:30 AM,82.00,88.27,4.73,29.78,Clear
09/12/2023,09:00 AM,83.36,86.55,5.27,29.78,Clear
09/12/2023,09:30 AM,84.73,84.36,6.18,29.78,Clear
09/12/2023,10:00 AM,86.09,81.27,6.91,29.78,Clear
09/12/2023,10:30 AM,87.18,78.45,7.91,29.78,Clear
09/12/2023,11:00 AM,88.00,76.09,9.27,29.77,Clear
09/12/2023,11:30 AM,88.64,73.36,10.27,29.76,Clear
09/12/2023,12:00 PM,89.27,70.64,11.18,29.75,Clear
09/12/2023,12:30 PM,89.82,68.36,12.00,29.74,Clear
09/12/2023,01:00 PM,90.18,66.09,12.64,29.73,Clear
09/12/2023,01:30 PM,90.36,64.27,13.18,29.72,Clear
09/12/2023,02:00 PM,90.36,62.82,13.45,29.71,Clear
09/12/2023,02:30 PM,90.18,61.64,13.55,29.70,Clear
09/12/2023,03:00 PM,90.00,60.91,13.36,29.69,Clear
09/12/2023,03:30 PM,89.64,60.91,13.00,29.69,Clear
09/12/2023,04:00 PM,89.00,61.55,12.64,29.68,Clear
09/12/2023,04:30 PM,88.18,62.55,12.00,29.68,Clear
09/12/2023,05:00 PM,87.36,64.36,11.36,29.68,Clear
09/12/2023,05:30 PM,86.55,65.73,10.73,29.68,Clear
09/12/2023,06:00 PM,85.82,67.55,10.00,29.69,Clear
09/12/2023,06:30 PM,85.00,69.82,9.09,29.69,Clear
09/12/2023,07:00 PM,84.00,72.55,8.27,29.70,Clear
09/12/2023,07:30 PM,83.00,75.27,7.36,29.71,Clear
09/12/2023,08:00 PM,82.00,77.73,6.73,29.71,Clear
09/12/2023,08:30 PM,81.00,80.18,6.36,29.72,Clear
09/12/2023,09:00 PM,80.18,82.27,5.73,29.72,Clear
09/12/2023,09:30 PM,79.55,84.00,4.91,29.72,Clear
09/12/2023,10:00 PM,78.91,85.82,4.27,29.73,Clear
09/12/2023,10:30 PM,78.27,87.18,3.64,29.73,Clear
09/12/2023,11:00 PM,77.64,89.00,2.91,29.73,Clear
09/12/2023,11:30 PM,77.00,90.36,2.55,29.73,Clear
10/12/2023,12:00 AM,76.45,91.27,2.55,29.73,Clear
10/12/2023,12:30 AM,76.09,91.73,2.27,29.72,Clear
10/12/2023,01:00 AM,75.73,92.18,2.27,29.72,Clear
10/12/2023,01:30 AM,75.55,92.64,2.27,29.72,Clear
10/12/2023,02:00 AM,75.36,93.09,1.91,29.72,Clear
10/12/2023,02:30 AM,75.18,94.09,1.73,29.71,Clear
10/12/2023,03:00 AM,75.00,95.09,1.91,29.71,Clear
10/12/2023,03:30 AM,75.00,95.64,2.09,29.71,Clear
10/12/2023,04:00 AM,75.00,96.18,2.36,29.71,Clear
10/12/2023,04:30 AM,75.18,96.18,2.36,29.71,Clear
10/12/2023,05:00 AM,75.36,96.73,2.27,29.71,Clear
10/12/2023,05:30 AM,75.73,96.73,2.09,29.72,Clear
10/12/2023,06:00 AM,76.36,96.73,2.09,29.72,Clear
10/12/2023,06:30 AM,77.00,96.27,2.09,29.73,Clear
10/12/2023,07:00 AM,77.64,95.82,2.27,29.73,Clear
10/12/2023,07:30 AM,78.45,94.91,2.27,29.74,Clear
10/12/2023,08:00 AM,79.45,93.45,2.45,29.74,Clear
10/12/2023,08:30 AM,80.64,92.00,2.55,29.75,Clear
10/12/2023,09:00 AM,81.64,90.09,3.18,29.75,Clear
10/12/2023,09:30 AM,82.27,88.64,3.45,29.75,Clear
10/12/2023,10:00 AM,83.09,87.73,4.09,29.75,Clear
10/12/2023,10:30 AM,83.91,86.27,4.36,29.75,Clear
10/12/2023,11:00 AM,84.91,84.55,4.82,29.74,Clear
10/12/2023,11:30 AM,85.64,82.36,5.18,29.73,Rain
10/12/2023,12:00 PM,86.36,80.64,5.73,29.72,Clear
10/12/2023,12:30 PM,87.09,78.91,5.91,29.71,Rain
10/12/2023,01:00 PM,87.64,77.64,6.55,29.70,Clear
10/12/2023,01:30 PM,87.82,76.82,7.55,29.69,Clear
10/12/2023,02:00 PM,87.82,75.55,8.18,29.68,Clear
10/12/2023,02:30 PM,87.82,75.09,8.00,29.67,Clear
10/12/2023,03:00 PM,88.18,73.82,8.18,29.66,Clear
10/12/2023,03:30 PM,88.00,72.91,8.09,29.66,Clear
10/12/2023,04:00 PM,87.64,72.91,8.09,29.65,Clear
10/12/2023,04:30 PM,86.91,73.27,7.64,29.65,Clear
10/12/2023,05:00 PM,86.09,75.00,7.55,29.66,Clear
10/12/2023,05:30 PM,85.27,76.73,7.00,29.66,Clear
10/12/2023,06:00 PM,84.27,78.91,6.64,29.67,Clear
10/12/2023,06:30 PM,83.27,80.64,6.09,29.68,Clear
10/12/2023,07:00 PM,82.45,82.36,5.18,29.68,Clear
10/12/2023,07:30 PM,81.64,84.09,4.73,29.69,Clear
10/12/2023,08:00 PM,80.82,85.91,4.18,29.70,Clear
10/12/2023,08:30 PM,80.00,88.64,3.64,29.71,Clear
10/12/2023,09:00 PM,79.36,90.45,3.55,29.71,Clear
10/12/2023,09:30 PM,78.91,91.91,3.36,29.72,Clear
10/12/2023,10:00 PM,78.45,93.27,3.36,29.72,Clear
10/12/2023,10:30 PM,78.09,93.73,3.09,29.72,Clear
10/12/2023,11:00 PM,77.73,94.18,2.82,29.72,Clear
10/12/2023,11:30 PM,77.55,94.18,2.55,29.72,Clear
11/12/2023,12:00 AM,77.36,94.64,2.36,29.72,Clear
11/12/2023,12:30 AM,77.18,94.64,2.27,29.72,Clear
11/12/2023,01:00 AM,76.82,95.64,1.82,29.72,Clear
11/12/2023,01:30 AM,76.82,95.64,1.91,29.71,Clear
11/12/2023,02:00 AM,76.82,95.09,1.73,29.71,Clear
11/12/2023,02:30 AM,76.64,95.64,1.27,29.71,Clear
11/12/2023,03:00 AM,76.45,95.64,1.09,29.71,Clear
11/12/2023,03:30 AM,76.45,95.64,1.00,29.70,Clear
11/12/2023,04:00 AM,76.27,96.18,0.82,29.70,Clear
11/12/2023,04:30 AM,76.27,96.18,0.82,29.70,Clear
11/12/2023,05:00 AM,76.45,96.18,0.91,29.71,Clear
11/12/2023,05:30 AM,76.82,96.18,1.27,29.71,Clear
11/12/2023,06:00 AM,77.27,96.18,1.36,29.72,Clear
11/12/2023,06:30 AM,77.91,95.18,1.55,29.72,Mist
11/12/2023,07:00 AM,78.55,94.73,1.73,29.73,Mist
11/12/2023,07:30 AM,79.18,94.27,2.18,29.73,Clear
11/12/2023,08:00 AM,80.00,93.27,2.82,29.74,Clear
11/12/2023,08:30 AM,81.00,91.36,3.55,29.74,Clear
11/12/2023,09:00 AM,82.00,90.00,4.09,29.75,Clear
11/12/2023,09:30 AM,83.00,88.09,4.82,29.75,Clear
11/12/2023,10:00 AM,83.82,86.73,6.09,29.75,Clear
11/12/2023,10:30 AM,84.45,85.36,7.09,29.75,Clear
11/12/2023,11:00 AM,85.09,84.00,7.45,29.75,Clear
11/12/2023,11:30 AM,85.27,83.09,8.00,29.74,Clear
11/12/2023,12:00 PM,85.82,81.82,8.73,29.74,Clear
11/12/2023,12:30 PM,86.18,80.55,9.45,29.73,Rain
11/12/2023,01:00 PM,86.55,78.82,10.27,29.72,Rain
11/12/2023,01:30 PM,86.91,77.09,10.82,29.71,Rain
11/12/2023,02:00 PM,87.09,76.27,11.18,29.70,Rain
11/12/2023,02:30 PM,86.91,75.82,11.36,29.69,Clear
11/12/2023,03:00 PM,86.73,75.82,11.55,29.69,Clear
11/12/2023,03:30 PM,86.55,75.82,10.73,29.68,Clear
11/12/2023,04:00 PM,86.18,76.27,10.09,29.68,Clear
11/12/2023,04:30 PM,85.64,76.73,9.82,29.68,Clear
11/12/2023,05:00 PM,85.36,77.18,9.55,29.68,Clear
11/12/2023,05:30 PM,84.73,78.45,9.18,29.69,Clear
11/12/2023,06:00 PM,84.09,79.73,8.45,29.69,Clear
11/12/2023,06:30 PM,83.45,81.45,7.45,29.70,Clear
11/12/2023,07:00 PM,82.64,83.64,6.73,29.71,Clear
11/12/2023,07:30 PM,81.82,85.82,6.00,29.71,Clear
11/12/2023,08:00 PM,81.18,87.64,5.18,29.72,Clear
11/12/2023,08:30 PM,80.73,89.00,4.36,29.72,Clear
11/12/2023,09:00 PM,80.27,90.36,4.09,29.73,Clear
11/12/2023,09:30 PM,79.82,91.82,3.73,29.73,Clear
11/12/2023,10:00 PM,79.36,93.27,3.73,29.73,Clear
11/12/2023,10:30 PM,79.00,93.73,3.45,29.73,Clear
11/12/2023,11:00 PM,78.64,94.73,3.36,29.73,Clear
11/12/2023,11:30 PM,78.27,95.18,3.18,29.73,Clear
12/12/2023,12:00 AM,77.91,96.18,3.09,29.73,Clear
12/12/2023,12:30 AM,77.73,96.18,2.82,29.72,Clear
12/12/2023,01:00 AM,77.55,96.18,2.36,29.71,Clear
12/12/2023,01:30 AM,77.18,96.73,2.27,29.71,Clear
12/12/2023,02:00 AM,76.82,97.27,2.27,29.71,Clear
12/12/2023,02:30 AM,76.45,97.82,2.36,29.71,Clear
12/12/2023,03:00 AM,76.27,97.27,2.36,29.70,Clear
12/12/2023,03:30 AM,76.09,96.73,2.27,29.70,Clear
12/12/2023,04:00 AM,75.91,96.73,2.18,29.70,Clear
12/12/2023,04:30 AM,75.73,96.73,2.00,29.70,Clear
12/12/2023,05:00 AM,75.73,97.27,1.91,29.70,Clear
12/12/2023,05:30 AM,76.09,96.73,2.00,29.71,Clear
12/12/2023,06:00 AM,76.73,95.82,2.27,29.71,Clear
12/12/2023,06:30 AM,77.36,94.91,2.82,29.72,Clear
12/12/2023,07:00 AM,78.36,93.45,3.36,29.73,Clear
12/12/2023,07:30 AM,79.36,91.55,4.18,29.74,Clear
12/12/2023,08:00 AM,80.36,89.18,5.27,29.75,Clear
12/12/2023,08:30 AM,81.73,87.00,6.55,29.75,Clear
12/12/2023,09:00 AM,83.09,84.45,7.45,29.76,Clear
12/12/2023,09:30 AM,84.45,81.91,8.64,29.77,Clear
12/12/2023,10:00 AM,85.82,78.82,9.64,29.77,Clear
12/12/2023,10:30 AM,87.00,75.36,10.91,29.77,Clear
12/12/2023,11:00 AM,87.82,72.45,12.09,29.76,Clear
12/12/2023,11:30 AM,88.36,70.45,13.00,29.75,Clear
12/12/2023,12:00 PM,88.91,68.45,13.91,29.74,Clear
12/12/2023,12:30 PM,89.27,66.45,14.82,29.73,Clear
12/12/2023,01:00 PM,89.45,64.91,15.18,29.72,Clear
12/12/2023,01:30 PM,89.45,64.18,15.00,29.71,Clear
12/12/2023,02:00 PM,89.09,63.82,14.55,29.70,Clear
12/12/2023,02:30 PM,88.73,63.82,14.36,29.69,Clear
12/12/2023,03:00 PM,88.18,64.18,14.09,29.69,Clear
12/12/2023,03:30 PM,87.45,65.36,13.45,29.68,Clear
12/12/2023,04:00 PM,86.73,66.91,12.55,29.68,Clear
12/12/2023,04:30 PM,86.00,68.45,11.73,29.68,Clear
12/12/2023,05:00 PM,85.27,70.00,11.18,29.68,Clear
12/12/2023,05:30 PM,84.45,72.00,10.55,29.69,Clear
12/12/2023,06:00 PM,83.64,74.00,9.73,29.69,Clear
12/12/2023,06:30 PM,82.82,76.45,9.00,29.70,Clear
12/12/2023,07:00 PM,82.18,78.55,8.27,29.71,Clear
12/12/2023,07:30 PM,81.55,80.64,7.82,29.72,Clear
12/12/2023,08:00 PM,80.91,82.73,6.91,29.73,Clear
12/12/2023,08:30 PM,80.27,84.91,6.09,29.74,Clear
12/12/2023,09:00 PM,79.82,86.27,5.73,29.74,Clear
12/12/2023,09:30 PM,79.36,87.64,5.64,29.75,Clear
12/12/2023,10:00 PM,78.91,89.00,5.27,29.75,Clear
12/12/2023,10:30 PM,78.45,90.36,4.73,29.75,Clear
12/12/2023,11:00 PM,78.09,91.27,4.18,29.75,Clear
12/12/2023,11:30 PM,77.55,92.73,3.55,29.75,Clear
13/12/2023,12:00 AM,77.18,93.73,3.00,29.75,Clear
13/12/2023,12:30 AM,76.82,94.73,2.55,29.75,Clear
13/12/2023,01:00 AM,76.45,95.73,2.09,29.74,Clear
13/12/2023,01:30 AM,76.09,96.73,2.00,29.74,Clear
13/12/2023,02:00 AM,75.91,97.27,1.91,29.73,Clear
13/12/2023,02:30 AM,75.91,97.27,1.64,29.72,Clear
13/12/2023,03:00 AM,75.73,97.82,1.36,29.72,Clear
13/12/2023,03:30 AM,75.55,98.36,1.09,29.72,Clear
13/12/2023,04:00 AM,75.36,98.91,1.09,29.71,Clear
13/12/2023,04:30 AM,75.36,98.91,0.82,29.71,Clear
13/12/2023,05:00 AM,75.73,98.36,1.09,29.71,Clear
13/12/2023,05:30 AM,76.27,97.82,1.27,29.72,Clear
13/12/2023,06:00 AM,76.91,96.82,1.73,29.72,Clear
13/12/2023,06:30 AM,77.73,95.36,2.36,29.73,Clear
13/12/2023,07:00 AM,78.55,93.91,3.00,29.74,Clear
13/12/2023,07:30 AM,79.36,92.45,4.18,29.75,Rain
13/12/2023,08:00 AM,79.82,91.55,5.27,29.75,Clear
13/12/2023,08:30 AM,80.36,90.55,6.00,29.76,Clear
13/12/2023,09:00 AM,80.91,89.55,6.45,29.77,Clear
13/12/2023,09:30 AM,81.55,88.55,6.36,29.77,Clear
13/12/2023,10:00 AM,82.00,88.09,6.64,29.77,Rain
13/12/2023,10:30 AM,82.27,87.64,7.18,29.77,Rain
13/12/2023,11:00 AM,82.36,87.18,7.55,29.77,Rain
13/12/2023,11:30 AM,82.55,86.73,8.36,29.77,Rain
13/12/2023,12:00 PM,82.36,86.73,8.64,29.76,Clear
13/12/2023,12:30 PM,82.36,86.73,8.64,29.75,Rain
13/12/2023,01:00 PM,82.36,86.27,8.09,29.74,Rain
13/12/2023,01:30 PM,82.27,86.27,8.55,29.73,Clear
13/12/2023,02:00 PM,81.91,86.73,8.18,29.72,Clear
13/12/2023,02:30 PM,81.73,87.18,7.91,29.72,Clear
13/12/2023,03:00 PM,81.45,87.64,7.82,29.71,Clear
13/12/2023,03:30 PM,81.18,88.09,8.36,29.71,Clear
13/12/2023,04:00 PM,80.91,88.55,7.55,29.71,Rain
13/12/2023,04:30 PM,80.45,89.55,7.00,29.71,Rain
13/12/2023,05:00 PM,79.82,90.45,6.18,29.71,Clear
13/12/2023,05:30 PM,79.36,91.36,5.55,29.72,Clear
13/12/2023,06:00 PM,78.73,92.27,5.00,29.72,Rain
13/12/2023,06:30 PM,78.09,94.18,4.45,29.73,Clear
13/12/2023,07:00 PM,77.73,95.64,2.91,29.74,Clear
13/12/2023,07:30 PM,77.73,96.18,2.55,29.75,Clear
13/12/2023,08:00 PM,77.55,96.73,2.45,29.76,Clear
13/12/2023,08:30 PM,77.36,97.27,3.00,29.77,Clear
13/12/2023,09:00 PM,77.18,97.27,2.64,29.77,Clear
13/12/2023,09:30 PM,76.82,97.82,3.09,29.78,Clear
13/12/2023,10:00 PM,76.64,97.82,3.64,29.78,Rain
13/12/2023,10:30 PM,76.45,98.36,3.91,29.79,Rain
13/12/2023,11:00 PM,76.27,98.91,4.27,29.79,Rain
13/12/2023,11:30 PM,76.09,99.45,4.27,29.79,Rain
14/12/2023,12:00 AM,75.91,99.45,4.27,29.79,Rain
14/12/2023,12:30 AM,75.73,99.45,4.27,29.78,Rain
14/12/2023,01:00 AM,75.55,99.45,4.09,29.78,Rain
14/12/2023,01:30 AM,75.36,99.45,4.45,29.77,Clear
14/12/2023,02:00 AM,75.18,99.45,4.09,29.76,Clear
14/12/2023,02:30 AM,75.00,100.00,4.09,29.76,Clear
14/12/2023,03:00 AM,75.00,100.00,3.91,29.75,Clear
14/12/2023,03:30 AM,75.18,99.45,3.36,29.75,Clear
14/12/2023,04:00 AM,75.36,98.91,2.91,29.74,Clear
14/12/2023,04:30 AM,75.55,98.36,2.55,29.74,Clear
14/12/2023,05:00 AM,75.73,98.36,2.55,29.74,Clear
14/12/2023,05:30 AM,76.09,97.82,2.73,29.74,Rain
14/12/2023,06:00 AM,76.45,97.82,3.45,29.75,Clear
14/12/2023,06:30 AM,76.82,97.82,4.09,29.76,Clear
14/12/2023,07:00 AM,77.18,97.82,4.18,29.76,Clear
14/12/2023,07:30 AM,77.73,97.27,4.00,29.77,Clear
14/12/2023,08:00 AM,78.36,96.73,3.64,29.78,Clear
14/12/2023,08:30 AM,79.18,95.73,4.18,29.78,Clear
14/12/2023,09:00 AM,79.82,95.27,5.09,29.79,Rain
14/12/2023,09:30 AM,80.18,94.82,5.55,29.80,Rain
14/12/2023,10:00 AM,80.64,94.36,5.55,29.80,Rain
14/12/2023,10:30 AM,81.09,93.82,5.73,29.80,Clear
14/12/2023,11:00 AM,81.36,93.36,5.82,29.80,Clear
14/12/2023,11:30 AM,81.82,91.91,5.73,29.79,Rain
14/12/2023,12:00 PM,82.27,90.45,5.73,29.78,Rain
14/12/2023,12:30 PM,82.73,89.00,5.91,29.77,Rain
14/12/2023,01:00 PM,83.00,88.09,6.91,29.76,Rain
14/12/2023,01:30 PM,83.18,87.18,7.45,29.75,Clear
14/12/2023,02:00 PM,83.00,87.18,7.09,29.74,Clear
14/12/2023,02:30 PM,82.82,87.18,7.00,29.73,Clear
14/12/2023,03:00 PM,82.64,87.64,6.82,29.73,Clear
14/12/2023,03:30 PM,82.36,88.09,7.09,29.72,Rain
14/12/2023,04:00 PM,82.09,88.09,7.09,29.72,Clear
14/12/2023,04:30 PM,81.82,88.55,7.00,29.72,Rain
14/12/2023,05:00 PM,81.36,89.45,7.00,29.72,Rain
14/12/2023,05:30 PM,80.91,90.36,6.91,29.72,Rain
14/12/2023,06:00 PM,80.45,91.82,6.64,29.73,Clear
14/12/2023,06:30 PM,80.00,93.27,5.82,29.74,Clear
14/12/2023,07:00 PM,79.55,94.18,5.36,29.75,Clear
14/12/2023,07:30 PM,79.27,94.64,5.18,29.76,Clear
14/12/2023,08:00 PM,79.00,95.09,4.64,29.77,Clear
14/12/2023,08:30 PM,79.00,95.09,4.27,29.77,Rain
14/12/2023,09:00 PM,79.00,95.09,4.00,29.78,Clear
14/12/2023,09:30 PM,79.00,95.09,3.82,29.78,Clear
14/12/2023,10:00 PM,78.82,95.64,3.82,29.78,Clear
14/12/2023,10:30 PM,78.82,95.64,3.64,29.78,Clear
14/12/2023,11:00 PM,78.82,95.64,3.55,29.78,Clear
14/12/2023,11:30 PM,78.82,95.09,3.18,29.78,Clear
15/12/2023,12:00 AM,78.82,94.55,3.18,29.77,Clear
15/12/2023,12:30 AM,78.82,94.55,3.27,29.77,Clear
15/12/2023,01:00 AM,78.64,95.09,3.45,29.76,Clear
15/12/2023,01:30 AM,78.45,95.64,3.36,29.75,Clear
15/12/2023,02:00 AM,78.27,96.18,3.36,29.74,Rain
15/12/2023,02:30 AM,78.09,96.73,3.36,29.74,Clear
15/12/2023,03:00 AM,77.91,97.27,3.36,29.73,Clear
15/12/2023,03:30 AM,77.91,97.27,4.00,29.73,Clear
15/12/2023,04:00 AM,77.73,97.82,4.09,29.72,Rain
15/12/2023,04:30 AM,77.55,98.36,3.91,29.72,Rain
15/12/2023,05:00 AM,77.36,98.91,4.36,29.73,Rain
15/12/2023,05:30 AM,77.18,99.45,4.27,29.73,Rain
15/12/2023,06:00 AM,77.00,100.00,4.27,29.74,Rain
15/12/2023,06:30 AM,77.18,99.45,3.91,29.74,Clear
15/12/2023,07:00 AM,77.36,99.45,4.00,29.75,Rain
15/12/2023,07:30 AM,77.55,99.45,4.09,29.76,Rain
15/12/2023,08:00 AM,77.73,99.45,4.27,29.77,Rain
15/12/2023,08:30 AM,77.91,98.91,4.55,29.77,Clear
15/12/2023,09:00 AM,77.91,98.91,3.73,29.78,Clear
15/12/2023,09:30 AM,77.91,98.36,4.09,29.78,Rain
15/12/2023,10:00 AM,77.91,98.36,4.27,29.78,Rain
15/12/2023,10:30 AM,78.09,98.36,4.18,29.78,Rain
15/12/2023,11:00 AM,78.27,98.36,4.45,29.78,Rain
15/12/2023,11:30 AM,78.45,98.36,4.73,29.78,Rain
15/12/2023,12:00 PM,78.45,98.91,5.09,29.77,Rain
15/12/2023,12:30 PM,78.45,98.91,5.09,29.76,Rain
15/12/2023,01:00 PM,78.45,98.91,5.27,29.75,Clear
15/12/2023,01:30 PM,78.45,98.91,5.00,29.75,Rain
15/12/2023,02:00 PM,78.45,99.45,4.64,29.74,Rain
15/12/2023,02:30 PM,78.64,99.45,4.55,29.73,Rain
15/12/2023,03:00 PM,78.82,100.00,3.73,29.72,Rain
15/12/2023,03:30 PM,79.00,100.00,3.27,29.72,Rain
15/12/2023,04:00 PM,79.00,100.00,3.09,29.72,Clear
15/12/2023,04:30 PM,79.00,100.00,2.91,29.71,Clear
15/12/2023,05:00 PM,79.00,100.00,2.64,29.71,Clear
15/12/2023,05:30 PM,79.00,100.00,2.45,29.72,Clear
15/12/2023,06:00 PM,79.00,100.00,2.45,29.72,Clear
15/12/2023,06:30 PM,79.00,99.45,2.27,29.73,Clear
15/12/2023,07:00 PM,79.00,98.91,2.27,29.74,Clear
15/12/2023,07:30 PM,78.82,98.91,2.55,29.74,Rain
15/12/2023,08:00 PM,78.64,98.91,2.36,29.75,Clear
15/12/2023,08:30 PM,78.45,98.91,2.73,29.76,Clear
15/12/2023,09:00 PM,78.27,98.91,3.00,29.76,Clear
15/12/2023,09:30 PM,78.09,98.91,3.00,29.77,Clear
15/12/2023,10:00 PM,77.91,98.91,2.73,29.77,Clear
15/12/2023,10:30 PM,77.73,98.91,2.64,29.77,Clear
15/12/2023,11:00 PM,77.55,98.91,2.45,29.77,Clear
15/12/2023,11:30 PM,77.36,98.91,2.18,29.77,Clear
16/12/2023,12:00 AM,77.18,99.45,2.18,29.77,Clear
16/12/2023,12:30 AM,77.00,100.00,2.27,29.76,Clear
16/12/2023,01:00 AM,77.00,100.00,2.00,29.75,Clear
16/12/2023,01:30 AM,77.00,100.00,2.00,29.75,Clear
16/12/2023,02:00 AM,77.00,100.00,1.82,29.74,Clear
16/12/2023,02:30 AM,77.00,100.00,2.00,29.73,Clear
16/12/2023,03:00 AM,77.00,100.00,2.00,29.73,Clear
16/12/2023,03:30 AM,77.00,99.45,2.00,29.73,Clear
16/12/2023,04:00 AM,77.00,98.91,2.27,29.72,Clear
16/12/2023,04:30 AM,77.00,98.91,2.27,29.72,Clear
16/12/2023,05:00 AM,77.18,98.36,2.73,29.73,Clear
16/12/2023,05:30 AM,77.55,97.82,2.73,29.73,Clear
16/12/2023,06:00 AM,78.00,96.82,2.64,29.74,Clear
16/12/2023,06:30 AM,78.45,95.82,2.73,29.74,Clear
16/12/2023,07:00 AM,79.27,94.36,3.45,29.75,Clear
16/12/2023,07:30 AM,79.91,93.36,4.00,29.76,Clear
16/12/2023,08:00 AM,80.73,91.91,4.73,29.77,Clear
16/12/2023,08:30 AM,81.73,90.00,5.64,29.77,Clear
16/12/2023,09:00 AM,82.73,88.27,6.91,29.78,Clear
16/12/2023,09:30 AM,83.91,86.09,7.73,29.78,Clear
16/12/2023,10:00 AM,85.09,83.00,9.09,29.78,Clear
16/12/2023,10:30 AM,86.09,80.45,10.18,29.78,Clear
16/12/2023,11:00 AM,86.91,77.91,11.27,29.77,Clear
16/12/2023,11:30 AM,87.64,75.82,12.27,29.77,Clear
16/12/2023,12:00 PM,88.36,73.36,13.55,29.76,Clear
16/12/2023,12:30 PM,88.73,71.36,14.18,29.75,Clear
16/12/2023,01:00 PM,89.27,68.91,14.64,29.74,Clear
16/12/2023,01:30 PM,89.45,67.27,15.00,29.73,Clear
16/12/2023,02:00 PM,89.45,66.09,15.27,29.72,Clear
16/12/2023,02:30 PM,89.27,65.64,15.36,29.71,Clear
16/12/2023,03:00 PM,88.73,66.00,15.36,29.71,Clear
16/12/2023,03:30 PM,88.18,66.73,15.18,29.70,Clear
16/12/2023,04:00 PM,87.45,67.91,14.36,29.70,Clear
16/12/2023,04:30 PM,86.73,69.09,13.64,29.70,Clear
16/12/2023,05:00 PM,85.91,70.73,13.00,29.71,Clear
16/12/2023,05:30 PM,85.09,72.73,12.00,29.71,Clear
16/12/2023,06:00 PM,84.27,74.73,11.18,29.72,Clear
16/12/2023,06:30 PM,83.27,77.18,10.36,29.72,Clear
16/12/2023,07:00 PM,82.45,79.27,9.36,29.74,Clear
16/12/2023,07:30 PM,81.45,81.82,7.91,29.74,Clear
16/12/2023,08:00 PM,80.64,84.00,6.82,29.75,Clear
16/12/2023,08:30 PM,80.00,85.82,5.82,29.76,Clear
16/12/2023,09:00 PM,79.36,87.64,4.73,29.77,Clear
16/12/2023,09:30 PM,78.91,89.00,4.45,29.77,Clear
16/12/2023,10:00 PM,78.27,90.91,4.00,29.78,Clear
16/12/2023,10:30 PM,77.73,91.82,3.64,29.78,Clear
16/12/2023,11:00 PM,77.18,92.73,3.55,29.78,Clear
16/12/2023,11:30 PM,76.64,93.64,3.45,29.78,Clear
17/12/2023,12:00 AM,76.27,94.09,3.09,29.78,Clear
17/12/2023,12:30 AM,75.91,94.55,2.82,29.77,Clear
17/12/2023,01:00 AM,75.73,94.55,3.09,29.77,Clear
17/12/2023,01:30 AM,75.55,94.55,3.00,29.76,Clear
17/12/2023,02:00 AM,75.18,95.09,3.00,29.75,Clear
17/12/2023,02:30 AM,74.82,95.64,3.00,29.75,Clear
17/12/2023,03:00 AM,74.45,96.18,2.64,29.75,Clear
17/12/2023,03:30 AM,74.27,96.18,2.73,29.74,Clear
17/12/2023,04:00 AM,74.09,96.73,2.73,29.74,Clear
17/12/2023,04:30 AM,74.09,96.73,2.55,29.74,Clear
17/12/2023,05:00 AM,74.45,96.73,2.64,29.74,Clear
17/12/2023,05:30 AM,75.00,96.73,2.82,29.75,Clear
17/12/2023,06:00 AM,75.64,96.27,3.18,29.75,Clear
17/12/2023,06:30 AM,76.45,95.82,3.82,29.76,Clear
17/12/2023,07:00 AM,77.27,94.91,4.82,29.76,Clear
17/12/2023,07:30 AM,78.45,93.00,5.82,29.77,Clear
17/12/2023,08:00 AM,79.64,91.09,7.09,29.77,Clear
17/12/2023,08:30 AM,81.18,88.82,8.64,29.77,Clear
17/12/2023,09:00 AM,82.73,86.09,9.82,29.78,Clear
17/12/2023,09:30 AM,84.27,83.36,11.09,29.78,Clear
17/12/2023,10:00 AM,85.64,80.82,12.64,29.77,Clear
17/12/2023,10:30 AM,86.64,78.27,13.55,29.77,Clear
17/12/2023,11:00 AM,87.45,75.73,14.73,29.76,Clear
17/12/2023,11:30 AM,88.18,73.27,15.73,29.75,Clear
17/12/2023,12:00 PM,88.73,71.18,16.36,29.75,Clear
17/12/2023,12:30 PM,89.27,69.18,17.00,29.74,Clear
17/12/2023,01:00 PM,89.64,67.64,17.36,29.73,Clear
17/12/2023,01:30 PM,89.82,66.45,17.18,29.72,Clear
17/12/2023,02:00 PM,89.64,66.00,16.91,29.72,Clear
17/12/2023,02:30 PM,89.27,66.00,16.73,29.71,Clear
17/12/2023,03:00 PM,88.91,66.36,16.55,29.71,Clear
17/12/2023,03:30 PM,88.36,67.09,16.00,29.70,Clear
17/12/2023,04:00 PM,87.64,68.27,15.45,29.70,Clear
17/12/2023,04:30 PM,86.91,69.45,14.82,29.71,Clear
17/12/2023,05:00 PM,86.18,71.00,14.00,29.71,Clear
17/12/2023,05:30 PM,85.36,72.64,13.18,29.71,Clear
17/12/2023,06:00 PM,84.55,74.64,11.91,29.72,Clear
17/12/2023,06:30 PM,83.73,76.64,10.82,29.73,Clear
17/12/2023,07:00 PM,83.09,78.27,10.18,29.74,Clear
17/12/2023,07:30 PM,82.45,79.55,9.00,29.74,Clear
17/12/2023,08:00 PM,82.00,80.82,8.00,29.75,Clear
17/12/2023,08:30 PM,81.36,82.18,7.00,29.76,Clear
17/12/2023,09:00 PM,80.73,84.00,6.00,29.77,Clear
17/12/2023,09:30 PM,80.27,85.36,5.09,29.77,Clear
17/12/2023,10:00 PM,79.82,86.73,4.27,29.78,Clear
17/12/2023,10:30 PM,79.36,88.09,3.45,29.78,Clear
17/12/2023,11:00 PM,78.82,89.55,2.82,29.78,Clear
17/12/2023,11:30 PM,78.45,90.45,2.55,29.78,Clear
18/12/2023,12:00 AM,78.09,91.36,2.00,29.77,Clear
18/12/2023,12:30 AM,77.55,92.82,1.82,29.77,Clear
18/12/2023,01:00 AM,77.00,94.27,1.73,29.76,Clear
18/12/2023,01:30 AM,76.45,95.73,1.45,29.75,Clear
18/12/2023,02:00 AM,76.09,96.73,1.18,29.75,Clear
18/12/2023,02:30 AM,75.91,97.27,0.91,29.74,Clear
18/12/2023,03:00 AM,75.73,97.82,1.09,29.74,Clear
18/12/2023,03:30 AM,75.55,98.36,1.18,29.74,Clear
18/12/2023,04:00 AM,75.36,98.91,1.18,29.74,Clear
18/12/2023,04:30 AM,75.36,98.91,1.09,29.74,Clear
18/12/2023,05:00 AM,75.55,98.91,1.00,29.75,Clear
18/12/2023,05:30 AM,76.00,98.45,1.18,29.75,Clear
18/12/2023,06:00 AM,76.64,97.45,1.36,29.76,Rain
18/12/2023,06:30 AM,77.45,96.00,2.55,29.77,Rain
18/12/2023,07:00 AM,78.45,94.55,3.45,29.77,Clear
18/12/2023,07:30 AM,78.80,94.00,3.80,29.78,Clear
18/12/2023,08:00 AM,80.10,91.50,5.20,29.79,Clear
18/12/2023,08:30 AM,81.40,89.00,6.60,29.79,Clear
18/12/2023,09:00 AM,82.70,86.50,8.10,29.80,Clear
18/12/2023,09:30 AM,84.20,83.10,10.10,29.80,Clear
18/12/2023,10:00 AM,85.80,79.40,11.70,29.80,Clear
18/12/2023,10:30 AM,86.90,76.20,13.50,29.80,Clear
18/12/2023,11:00 AM,87.70,73.50,15.00,29.79,Clear
18/12/2023,11:30 AM,88.50,70.80,16.00,29.79,Clear
18/12/2023,12:00 PM,89.10,68.60,16.40,29.78,Clear
18/12/2023,12:30 PM,89.50,66.40,17.00,29.77,Clear
18/12/2023,01:00 PM,89.36,66.36,16.82,29.76,Clear
18/12/2023,01:30 PM,89.55,65.18,16.91,29.75,Clear
18/12/2023,02:00 PM,89.36,64.73,16.82,29.74,Clear
18/12/2023,02:30 PM,89.18,64.27,16.73,29.74,Clear
18/12/2023,03:00 PM,88.82,64.64,16.09,29.73,Clear
18/12/2023,03:30 PM,88.18,65.64,15.73,29.72,Clear
18/12/2023,04:00 PM,87.45,67.18,14.73,29.72,Clear
18/12/2023,04:30 PM,86.73,68.73,14.09,29.72,Clear
18/12/2023,05:00 PM,86.00,70.27,13.18,29.72,Clear
18/12/2023,05:30 PM,85.27,71.82,12.18,29.73,Clear
18/12/2023,06:00 PM,84.45,73.82,11.18,29.74,Clear
18/12/2023,06:30 PM,83.82,75.45,10.27,29.75,Clear
18/12/2023,07:00 PM,83.00,77.45,9.09,29.76,Clear
18/12/2023,07:30 PM,82.36,79.18,7.82,29.77,Clear
18/12/2023,08:00 PM,81.55,81.36,6.73,29.77,Clear
18/12/2023,08:30 PM,80.91,83.09,5.55,29.78,Clear
18/12/2023,09:00 PM,80.27,84.45,4.45,29.79,Clear
18/12/2023,09:30 PM,79.64,86.36,3.91,29.79,Clear
18/12/2023,10:00 PM,79.00,87.73,3.27,29.79,Clear
18/12/2023,10:30 PM,78.36,89.09,3.09,29.80,Clear
18/12/2023,11:00 PM,77.73,90.45,2.91,29.80,Clear
18/12/2023,11:30 PM,77.18,91.36,2.45,29.79,Clear
19/12/2023,12:00 AM,76.64,92.82,2.27,29.79,Clear
19/12/2023,12:30 AM,76.09,94.27,2.36,29.78,Clear
19/12/2023,01:00 AM,75.91,94.73,2.45,29.78,Clear
19/12/2023,01:30 AM,75.73,95.27,2.45,29.77,Clear
19/12/2023,02:00 AM,75.55,95.73,3.55,29.77,Clear
19/12/2023,02:30 AM,75.36,96.73,3.55,29.76,Clear
19/12/2023,03:00 AM,75.36,96.73,3.27,29.76,Clear
19/12/2023,03:30 AM,75.36,97.27,3.00,29.76,Clear
19/12/2023,04:00 AM,75.36,97.82,2.64,29.75,Clear
19/12/2023,04:30 AM,75.36,98.36,2.45,29.75,Rain
19/12/2023,05:00 AM,75.55,98.91,2.91,29.76,Clear
19/12/2023,05:30 AM,75.91,98.36,3.09,29.76,Clear
19/12/2023,06:00 AM,76.55,97.36,3.09,29.77,Clear
19/12/2023,06:30 AM,77.00,96.91,3.45,29.78,Clear
19/12/2023,07:00 AM,77.82,95.91,3.91,29.78,Clear
19/12/2023,07:30 AM,78.64,95.00,3.64,29.79,Clear
19/12/2023,08:00 AM,79.64,93.55,5.00,29.79,Clear
19/12/2023,08:30 AM,80.82,91.64,6.45,29.80,Clear
19/12/2023,09:00 AM,82.18,88.91,8.45,29.80,Clear
19/12/2023,09:30 AM,83.55,86.18,10.00,29.80,Clear
19/12/2023,10:00 AM,84.91,83.45,11.36,29.80,Clear
19/12/2023,10:30 AM,86.09,80.36,12.45,29.80,Clear
19/12/2023,11:00 AM,87.18,77.55,13.64,29.79,Rain
19/12/2023,11:30 AM,87.91,75.45,15.00,29.78,Clear
19/12/2023,12:00 PM,88.64,73.36,16.00,29.77,Clear
19/12/2023,12:30 PM,88.82,72.00,16.36,29.76,Clear
19/12/2023,01:00 PM,88.64,71.55,16.45,29.75,Clear
19/12/2023,01:30 PM,88.45,71.09,16.36,29.74,Clear
19/12/2023,02:00 PM,87.82,71.55,16.27,29.74,Clear
19/12/2023,02:30 PM,87.09,72.82,15.09,29.73,Clear
19/12/2023,03:00 PM,86.27,74.09,14.18,29.73,Clear
19/12/2023,03:30 PM,85.27,75.82,13.09,29.72,Clear
19/12/2023,04:00 PM,84.27,77.91,12.09,29.72,Clear
19/12/2023,04:30 PM,83.18,80.27,10.91,29.73,Clear
19/12/2023,05:00 PM,82.18,82.36,9.73,29.73,Clear
19/12/2023,05:30 PM,81.18,84.45,8.45,29.74,Clear
19/12/2023,06:00 PM,80.55,86.27,8.00,29.74,Clear
19/12/2023,06:30 PM,79.91,87.64,7.64,29.75,Clear
19/12/2023,07:00 PM,79.45,89.00,6.82,29.76,Clear
19/12/2023,07:30 PM,79.09,89.91,5.73,29.77,Clear
19/12/2023,08:00 PM,78.64,90.82,5.36,29.78,Clear
19/12/2023,08:30 PM,78.27,91.73,4.91,29.79,Rain
19/12/2023,09:00 PM,78.09,92.18,4.55,29.79,Rain
19/12/2023,09:30 PM,77.91,92.64,4.18,29.80,Clear
19/12/2023,10:00 PM,77.73,93.09,3.91,29.80,Clear
19/12/2023,10:30 PM,77.55,93.55,3.64,29.80,Clear
19/12/2023,11:00 PM,77.36,94.55,3.82,29.80,Clear
19/12/2023,11:30 PM,77.18,95.09,3.27,29.80,Clear
20/12/2023,12:00 AM,77.18,95.64,2.91,29.80,Rain
20/12/2023,12:30 AM,77.00,95.64,2.73,29.79,Rain
20/12/2023,01:00 AM,77.00,95.64,2.91,29.78,Rain
20/12/2023,01:30 AM,76.82,96.18,2.64,29.77,Rain
20/12/2023,02:00 AM,76.64,96.73,2.55,29.77,Clear
20/12/2023,02:30 AM,76.45,97.27,2.36,29.76,Clear
20/12/2023,03:00 AM,76.27,97.82,2.36,29.75,Clear
20/12/2023,03:30 AM,76.09,98.36,2.27,29.75,Clear
20/12/2023,04:00 AM,75.91,98.91,2.27,29.75,Clear
20/12/2023,04:30 AM,75.73,98.91,2.09,29.74,Clear
20/12/2023,05:00 AM,75.55,98.91,2.18,29.75,Clear
20/12/2023,05:30 AM,75.55,98.91,2.18,29.75,Clear
20/12/2023,06:00 AM,75.73,99.45,1.91,29.76,Clear
20/12/2023,06:30 AM,76.18,99.45,1.55,29.76,Clear
20/12/2023,07:00 AM,76.73,98.91,1.64,29.77,Clear
20/12/2023,07:30 AM,77.09,98.36,1.64,29.78,Clear
20/12/2023,08:00 AM,77.64,98.36,2.18,29.79,Clear
20/12/2023,08:30 AM,78.27,97.36,2.64,29.79,Clear
20/12/2023,09:00 AM,79.09,96.36,3.18,29.79,Clear
20/12/2023,09:30 AM,79.91,95.36,3.73,29.80,Rain
20/12/2023,10:00 AM,80.73,94.36,4.18,29.80,Rain
20/12/2023,10:30 AM,81.73,92.91,4.73,29.79,Rain
20/12/2023,11:00 AM,82.55,91.00,5.36,29.79,Clear
20/12/2023,11:30 AM,83.18,89.09,6.55,29.78,Clear
20/12/2023,12:00 PM,83.55,87.73,7.55,29.77,Clear
20/12/2023,12:30 PM,84.18,86.36,8.45,29.76,Clear
20/12/2023,01:00 PM,84.64,85.00,9.91,29.75,Clear
20/12/2023,01:30 PM,84.64,84.00,10.45,29.74,Clear
20/12/2023,02:00 PM,84.64,83.55,10.64,29.73,Clear
20/12/2023,02:30 PM,84.36,83.55,10.73,29.72,Clear
20/12/2023,03:00 PM,84.09,83.55,10.45,29.71,Clear
20/12/2023,03:30 PM,83.82,83.09,10.27,29.71,Clear
20/12/2023,04:00 PM,83.18,83.55,10.00,29.71,Clear
20/12/2023,04:30 PM,82.55,84.45,9.64,29.71,Rain
20/12/2023,05:00 PM,81.91,85.36,8.91,29.71,Clear
20/12/2023,05:30 PM,81.09,86.73,8.27,29.72,Clear
20/12/2023,06:00 PM,80.09,88.09,7.36,29.72,Clear
20/12/2023,06:30 PM,79.45,89.45,6.00,29.73,Clear
20/12/2023,07:00 PM,79.09,89.91,5.18,29.74,Clear
20/12/2023,07:30 PM,78.64,90.82,4.64,29.75,Clear
20/12/2023,08:00 PM,78.27,91.27,4.00,29.76,Clear
20/12/2023,08:30 PM,77.91,91.73,3.73,29.77,Clear
20/12/2023,09:00 PM,77.55,92.64,3.64,29.77,Clear
20/12/2023,09:30 PM,77.36,93.09,3.45,29.78,Clear
20/12/2023,10:00 PM,77.00,94.09,3.45,29.78,Clear
20/12/2023,10:30 PM,76.64,95.09,3.18,29.78,Clear
20/12/2023,11:00 PM,76.45,95.64,2.82,29.78,Clear
20/12/2023,11:30 PM,76.27,96.18,2.55,29.78,Clear
21/12/2023,12:00 AM,76.27,96.18,2.45,29.77,Clear
21/12/2023,12:30 AM,76.27,96.18,2.36,29.77,Clear
21/12/2023,01:00 AM,76.27,96.18,2.18,29.76,Clear
21/12/2023,01:30 AM,76.27,96.18,2.27,29.75,Clear
21/12/2023,02:00 AM,76.27,96.18,2.64,29.75,Clear
21/12/2023,02:30 AM,76.27,96.18,2.45,29.74,Clear
21/12/2023,03:00 AM,76.27,96.18,2.45,29.74,Clear
21/12/2023,03:30 AM,76.45,95.64,2.27,29.74,Rain
21/12/2023,04:00 AM,76.45,95.64,2.27,29.74,Clear
21/12/2023,04:30 AM,76.45,95.64,2.18,29.74,Rain
21/12/2023,05:00 AM,76.64,95.64,2.36,29.74,Clear
21/12/2023,05:30 AM,76.82,95.64,2.36,29.74,Clear
21/12/2023,06:00 AM,77.18,95.18,2.45,29.75,Clear
21/12/2023,06:30 AM,77.64,94.73,2.91,29.75,Clear
21/12/2023,07:00 AM,78.27,94.27,3.27,29.76,Clear
21/12/2023,07:30 AM,78.91,93.36,3.27,29.77,Clear
21/12/2023,08:00 AM,79.55,92.45,3.64,29.77,Rain
21/12/2023,08:30 AM,79.55,92.00,4.27,29.78,Clear
21/12/2023,09:00 AM,79.55,92.00,4.18,29.79,Clear
21/12/2023,09:30 AM,79.91,91.45,4.73,29.79,Clear
21/12/2023,10:00 AM,80.27,90.91,5.27,29.80,Clear
21/12/2023,10:30 AM,80.64,89.91,5.55,29.80,Rain
21/12/2023,11:00 AM,80.82,89.91,5.91,29.79,Rain
21/12/2023,11:30 AM,81.09,89.91,6.36,29.79,Rain
21/12/2023,12:00 PM,81.27,89.91,6.36,29.78,Rain
21/12/2023,12:30 PM,81.45,89.45,6.55,29.77,Rain
21/12/2023,01:00 PM,81.45,89.45,6.55,29.76,Clear
21/12/2023,01:30 PM,81.45,89.45,6.45,29.75,Clear
21/12/2023,02:00 PM,82.27,88.55,6.18,29.74,Clear
21/12/2023,02:30 PM,83.09,86.73,6.64,29.73,Clear
21/12/2023,03:00 PM,83.55,85.36,6.64,29.72,Clear
21/12/2023,03:30 PM,84.00,83.55,6.73,29.72,Clear
21/12/2023,04:00 PM,84.09,82.64,6.82,29.72,Clear
21/12/2023,04:30 PM,84.09,81.73,6.73,29.72,Clear
21/12/2023,05:00 PM,83.82,81.27,6.55,29.72,Clear
21/12/2023,05:30 PM,83.36,81.27,6.45,29.72,Clear
21/12/2023,06:00 PM,82.73,81.73,6.00,29.73,Clear
21/12/2023,06:30 PM,82.09,82.64,5.64,29.74,Clear
21/12/2023,07:00 PM,81.45,83.55,5.27,29.75,Clear
21/12/2023,07:30 PM,80.64,84.91,4.91,29.76,Clear
21/12/2023,08:00 PM,79.82,86.73,4.55,29.77,Clear
21/12/2023,08:30 PM,79.18,88.09,4.27,29.78,Clear
21/12/2023,09:00 PM,78.55,89.91,3.91,29.79,Clear
21/12/2023,09:30 PM,78.09,91.27,3.55,29.79,Clear
21/12/2023,10:00 PM,77.73,92.18,3.36,29.80,Clear
21/12/2023,10:30 PM,77.18,93.09,3.09,29.80,Clear
21/12/2023,11:00 PM,76.82,93.55,2.82,29.80,Clear
21/12/2023,11:30 PM,76.45,94.00,2.82,29.80,Clear
22/12/2023,12:00 AM,76.27,94.00,2.91,29.80,Clear
22/12/2023,12:30 AM,76.09,94.00,3.18,29.79,Clear
22/12/2023,01:00 AM,75.91,94.00,2.91,29.79,Clear
22/12/2023,01:30 AM,75.73,94.00,2.64,29.78,Clear
22/12/2023,02:00 AM,75.55,94.00,2.18,29.78,Clear
22/12/2023,02:30 AM,75.36,94.00,1.91,29.77,Clear
22/12/2023,03:00 AM,75.00,94.55,1.73,29.77,Clear
22/12/2023,03:30 AM,74.82,95.09,1.45,29.77,Clear
22/12/2023,04:00 AM,74.82,95.64,1.18,29.76,Clear
22/12/2023,04:30 AM,74.82,96.18,1.45,29.76,Clear
22/12/2023,05:00 AM,75.00,96.18,1.36,29.77,Clear
22/12/2023,05:30 AM,75.36,96.18,1.36,29.77,Clear
22/12/2023,06:00 AM,75.91,96.18,1.36,29.77,Clear
22/12/2023,06:30 AM,76.55,95.73,2.18,29.78,Clear
22/12/2023,07:00 AM,77.18,94.82,3.09,29.79,Clear
22/12/2023,07:30 AM,77.82,94.36,4.00,29.79,Clear
22/12/2023,08:00 AM,78.82,93.00,5.09,29.80,Clear
22/12/2023,08:30 AM,80.00,91.09,6.45,29.80,Clear
22/12/2023,09:00 AM,81.00,89.18,7.73,29.80,Rain
22/12/2023,09:30 AM,82.00,86.82,9.27,29.81,Rain
22/12/2023,10:00 AM,83.00,84.45,10.64,29.81,Rain
22/12/2023,10:30 AM,84.00,82.27,12.09,29.80,Clear
22/12/2023,11:00 AM,84.82,80.09,13.36,29.80,Clear
22/12/2023,11:30 AM,85.64,77.55,14.45,29.79,Clear
22/12/2023,12:00 PM,86.00,76.18,15.55,29.78,Clear
22/12/2023,12:30 PM,86.36,74.91,16.18,29.77,Clear
22/12/2023,01:00 PM,86.55,73.55,16.64,29.77,Clear
22/12/2023,01:30 PM,86.55,72.73,16.91,29.76,Clear
22/12/2023,02:00 PM,86.55,71.91,17.00,29.75,Clear
22/12/2023,02:30 PM,86.36,71.45,16.91,29.75,Clear
22/12/2023,03:00 PM,86.00,71.91,16.64,29.74,Clear
22/12/2023,03:30 PM,85.64,72.36,16.18,29.74,Clear
22/12/2023,04:00 PM,85.00,73.64,15.36,29.74,Clear
22/12/2023,04:30 PM,84.36,74.91,14.45,29.74,Clear
22/12/2023,05:00 PM,83.55,76.55,13.36,29.75,Clear
22/12/2023,05:30 PM,82.91,77.91,11.91,29.75,Rain
22/12/2023,06:00 PM,82.45,79.18,11.00,29.76,Clear
22/12/2023,06:30 PM,82.18,80.09,10.18,29.77,Clear
22/12/2023,07:00 PM,81.73,81.36,9.45,29.78,Clear
22/12/2023,07:30 PM,81.09,83.09,8.64,29.79,Clear
22/12/2023,08:00 PM,80.82,84.00,8.09,29.80,Clear
22/12/2023,08:30 PM,80.73,84.45,7.45,29.81,Clear
22/12/2023,09:00 PM,80.64,84.91,6.64,29.81,Clear
22/12/2023,09:30 PM,80.64,84.91,6.45,29.82,Clear
22/12/2023,10:00 PM,80.45,85.36,6.27,29.82,Clear
22/12/2023,10:30 PM,80.27,85.82,6.36,29.82,Clear
22/12/2023,11:00 PM,80.27,85.82,6.45,29.82,Clear
22/12/2023,11:30 PM,80.09,85.73,6.55,29.82,Clear
23/12/2023,12:00 AM,80.09,85.73,6.64,29.81,Clear
23/12/2023,12:30 AM,80.09,85.73,6.55,29.81,Clear
23/12/2023,01:00 AM,80.09,85.73,6.45,29.80,Clear
23/12/2023,01:30 AM,79.91,86.18,6.36,29.79,Clear
23/12/2023,02:00 AM,79.73,86.64,6.45,29.78,Clear
23/12/2023,02:30 AM,79.55,87.09,6.45,29.78,Clear
23/12/2023,03:00 AM,79.55,87.09,6.45,29.77,Clear
23/12/2023,03:30 AM,79.55,87.09,6.55,29.77,Clear
23/12/2023,04:00 AM,79.55,87.09,6.45,29.77,Clear
23/12/2023,04:30 AM,79.55,87.09,6.18,29.77,Clear
23/12/2023,05:00 AM,79.55,87.64,5.91,29.77,Clear
23/12/2023,05:30 AM,79.36,88.09,5.91,29.77,Clear
23/12/2023,06:00 AM,79.00,89.00,6.09,29.77,Clear
23/12/2023,06:30 AM,79.00,89.00,6.18,29.78,Rain
23/12/2023,07:00 AM,79.00,89.45,6.18,29.79,Rain
23/12/2023,07:30 AM,79.18,89.45,5.91,29.80,Rain
23/12/2023,08:00 AM,79.36,89.45,6.00,29.80,Rain
23/12/2023,08:30 AM,79.64,89.45,6.45,29.81,Rain
23/12/2023,09:00 AM,80.09,88.55,7.18,29.81,Clear
23/12/2023,09:30 AM,80.55,87.64,7.91,29.81,Clear
23/12/2023,10:00 AM,80.73,87.64,8.55,29.81,Clear
23/12/2023,10:30 AM,80.73,87.64,8.73,29.81,Rain
23/12/2023,11:00 AM,80.91,87.64,8.82,29.81,Rain
23/12/2023,11:30 AM,81.09,87.18,8.82,29.81,Clear
23/12/2023,12:00 PM,81.09,87.18,9.00,29.80,Rain
23/12/2023,12:30 PM,81.09,86.73,9.09,29.79,Rain
23/12/2023,01:00 PM,80.91,87.18,9.18,29.78,Rain
23/12/2023,01:30 PM,80.73,87.18,9.18,29.78,Rain
23/12/2023,02:00 PM,80.09,88.09,8.64,29.78,Rain
23/12/2023,02:30 PM,79.45,89.45,8.09,29.77,Clear
23/12/2023,03:00 PM,78.82,90.82,7.36,29.77,Rain
23/12/2023,03:30 PM,78.45,91.27,6.91,29.77,Rain
23/12/2023,04:00 PM,78.27,91.73,6.82,29.77,Rain
23/12/2023,04:30 PM,77.91,92.18,6.36,29.77,Rain
23/12/2023,05:00 PM,77.73,92.64,6.27,29.77,Rain
23/12/2023,05:30 PM,77.55,93.09,6.09,29.78,Clear
23/12/2023,06:00 PM,77.36,93.55,5.91,29.78,Clear
23/12/2023,06:30 PM,77.18,93.55,6.18,29.79,Clear
23/12/2023,07:00 PM,77.00,94.00,6.00,29.80,Clear
23/12/2023,07:30 PM,77.00,94.00,5.91,29.80,Rain
23/12/2023,08:00 PM,77.00,94.00,5.73,29.81,Rain
23/12/2023,08:30 PM,77.00,94.00,6.09,29.82,Clear
23/12/2023,09:00 PM,77.00,94.00,6.18,29.82,Rain
23/12/2023,09:30 PM,77.00,94.00,6.09,29.83,Rain
23/12/2023,10:00 PM,77.00,94.00,6.27,29.83,Rain
23/12/2023,10:30 PM,77.00,94.55,6.18,29.83,Rain
23/12/2023,11:00 PM,77.00,95.09,6.00,29.83,Rain
23/12/2023,11:30 PM,77.00,95.64,6.00,29.83,Rain
24/12/2023,12:00 AM,77.00,95.64,5.73,29.82,Rain
24/12/2023,12:30 AM,77.00,96.18,6.09,29.82,Rain
24/12/2023,01:00 AM,77.00,96.18,6.09,29.82,Rain
24/12/2023,01:30 AM,77.00,96.73,6.18,29.81,Rain
24/12/2023,02:00 AM,77.00,97.27,5.82,29.80,Rain
24/12/2023,02:30 AM,77.00,97.82,5.91,29.79,Rain
24/12/2023,03:00 AM,77.00,98.36,5.91,29.79,Rain
24/12/2023,03:30 AM,77.00,98.91,5.91,29.79,Rain
24/12/2023,04:00 AM,77.00,98.36,5.91,29.79,Rain
24/12/2023,04:30 AM,77.00,97.82,6.55,29.79,Rain
24/12/2023,05:00 AM,77.00,97.27,6.91,29.79,Rain
24/12/2023,05:30 AM,77.00,97.27,6.91,29.79,Rain
24/12/2023,06:00 AM,77.00,96.73,6.55,29.80,Rain
24/12/2023,06:30 AM,77.00,97.27,6.73,29.80,Rain
24/12/2023,07:00 AM,77.00,97.27,6.82,29.81,Rain
24/12/2023,07:30 AM,77.18,96.73,7.09,29.82,Rain
24/12/2023,08:00 AM,77.36,96.18,7.36,29.83,Rain
24/12/2023,08:30 AM,77.55,95.64,8.00,29.83,Rain
24/12/2023,09:00 AM,77.55,95.64,8.45,29.84,Rain
24/12/2023,09:30 AM,77.73,95.64,8.45,29.84,Rain
24/12/2023,10:00 AM,78.09,95.18,8.09,29.84,Rain
24/12/2023,10:30 AM,78.27,95.18,8.09,29.84,Rain
24/12/2023,11:00 AM,78.64,94.73,8.36,29.83,Rain
24/12/2023,11:30 AM,79.00,94.27,8.82,29.83,Rain
24/12/2023,12:00 PM,79.36,93.73,9.45,29.82,Rain
24/12/2023,12:30 PM,79.55,93.18,9.82,29.81,Rain
24/12/2023,01:00 PM,79.73,92.73,9.82,29.80,Rain
24/12/2023,01:30 PM,79.73,92.73,10.09,29.79,Rain
24/12/2023,02:00 PM,79.91,92.27,9.64,29.78,Rain
24/12/2023,02:30 PM,80.27,91.27,9.55,29.77,Rain
24/12/2023,03:00 PM,80.45,90.82,9.64,29.76,Rain
24/12/2023,03:30 PM,80.27,91.27,9.82,29.76,Rain
24/12/2023,04:00 PM,80.27,91.27,9.73,29.76,Rain
24/12/2023,04:30 PM,80.09,91.73,9.82,29.76,Rain
24/12/2023,05:00 PM,79.73,92.18,9.55,29.76,Rain
24/12/2023,05:30 PM,79.55,92.18,9.09,29.76,Rain
24/12/2023,06:00 PM,79.55,92.18,8.82,29.77,Rain
24/12/2023,06:30 PM,79.36,92.64,8.91,29.78,Rain
24/12/2023,07:00 PM,79.36,92.64,8.36,29.79,Rain
24/12/2023,07:30 PM,79.18,93.09,8.27,29.80,Rain
24/12/2023,08:00 PM,78.64,94.09,8.82,29.81,Rain
24/12/2023,08:30 PM,78.09,95.09,9.73,29.81,Rain
24/12/2023,09:00 PM,77.91,95.64,9.91,29.82,Rain
24/12/2023,09:30 PM,77.73,96.18,10.09,29.82,Rain
24/12/2023,10:00 PM,77.55,96.73,10.36,29.82,Rain
24/12/2023,10:30 PM,77.55,97.27,11.09,29.82,Rain
24/12/2023,11:00 PM,77.36,97.82,10.91,29.82,Rain
24/12/2023,11:30 PM,77.18,97.82,11.36,29.82,Rain
25/12/2023,12:00 AM,77.00,97.82,11.36,29.82,Rain
25/12/2023,12:30 AM,76.82,97.82,11.55,29.81,Rain
25/12/2023,01:00 AM,76.64,98.36,11.73,29.81,Rain
25/12/2023,01:30 AM,77.00,97.82,11.00,29.80,Rain
25/12/2023,02:00 AM,77.36,97.27,10.36,29.79,Rain
25/12/2023,02:30 AM,77.36,96.73,9.91,29.79,Rain
25/12/2023,03:00 AM,77.36,96.73,9.27,29.79,Rain
25/12/2023,03:30 AM,77.55,96.18,8.91,29.79,Rain
25/12/2023,04:00 AM,77.55,95.64,8.09,29.79,Rain
25/12/2023,04:30 AM,77.73,94.64,8.64,29.79,Rain
25/12/2023,05:00 AM,77.73,94.64,8.55,29.79,Rain
25/12/2023,05:30 AM,77.73,94.64,8.45,29.79,Rain
25/12/2023,06:00 AM,77.91,94.64,8.55,29.79,Clear
25/12/2023,06:30 AM,78.09,94.09,8.55,29.80,Rain
25/12/2023,07:00 AM,78.09,94.09,8.82,29.81,Rain
25/12/2023,07:30 AM,78.09,94.09,8.82,29.82,Rain
25/12/2023,08:00 AM,78.09,94.09,9.36,29.83,Rain
25/12/2023,08:30 AM,78.09,94.09,9.82,29.84,Rain
25/12/2023,09:00 AM,78.09,94.09,9.55,29.84,Rain
25/12/2023,09:30 AM,78.45,94.09,9.82,29.85,Rain
25/12/2023,10:00 AM,78.64,94.09,9.27,29.85,Rain
25/12/2023,10:30 AM,78.82,94.09,8.82,29.85,Rain
25/12/2023,11:00 AM,79.00,93.64,9.00,29.85,Rain
25/12/2023,11:30 AM,79.00,93.64,8.73,29.85,Rain
25/12/2023,12:00 PM,78.82,94.18,8.82,29.84,Rain
25/12/2023,12:30 PM,78.82,94.18,8.45,29.83,Rain
25/12/2023,01:00 PM,78.82,94.18,8.36,29.82,Rain
25/12/2023,01:30 PM,79.18,93.73,7.91,29.81,Rain
25/12/2023,02:00 PM,79.55,92.73,8.27,29.80,Rain
25/12/2023,02:30 PM,79.55,92.73,8.36,29.80,Rain
25/12/2023,03:00 PM,79.55,92.27,8.18,29.79,Rain
25/12/2023,03:30 PM,79.36,92.73,8.27,29.79,Rain
25/12/2023,04:00 PM,79.36,92.27,8.00,29.79,Rain
25/12/2023,04:30 PM,79.36,92.27,7.64,29.78,Rain
25/12/2023,05:00 PM,79.36,91.82,7.45,29.78,Rain
25/12/2023,05:30 PM,79.55,90.82,7.36,29.79,Rain
25/12/2023,06:00 PM,79.55,90.36,7.36,29.79,Rain
25/12/2023,06:30 PM,79.55,89.91,7.09,29.80,Clear
25/12/2023,07:00 PM,79.36,89.91,7.09,29.81,Clear
25/12/2023,07:30 PM,79.18,89.91,6.73,29.82,Clear
25/12/2023,08:00 PM,79.18,89.45,6.73,29.83,Rain
25/12/2023,08:30 PM,79.00,89.45,6.64,29.83,Rain
25/12/2023,09:00 PM,79.00,89.00,6.45,29.84,Rain
25/12/2023,09:30 PM,79.00,89.00,6.64,29.84,Rain
25/12/2023,10:00 PM,79.00,89.00,6.73,29.85,Clear
25/12/2023,10:30 PM,79.00,89.00,6.73,29.85,Clear
25/12/2023,11:00 PM,79.00,89.00,6.55,29.85,Clear
25/12/2023,11:30 PM,78.82,89.00,6.73,29.84,Clear
26/12/2023,12:00 AM,78.64,89.00,6.45,29.84,Clear
26/12/2023,12:30 AM,78.45,89.00,6.18,29.83,Clear
26/12/2023,01:00 AM,78.27,89.00,6.09,29.83,Clear
26/12/2023,01:30 AM,77.91,90.00,5.64,29.82,Clear
26/12/2023,02:00 AM,77.55,91.00,5.55,29.82,Rain
26/12/2023,02:30 AM,77.18,91.45,5.18,29.81,Rain
26/12/2023,03:00 AM,76.82,91.91,4.55,29.81,Rain
26/12/2023,03:30 AM,76.45,92.91,4.00,29.81,Rain
26/12/2023,04:00 AM,76.09,93.91,3.73,29.81,Rain
26/12/2023,04:30 AM,75.73,94.91,3.27,29.81,Rain
26/12/2023,05:00 AM,75.55,95.91,3.00,29.81,Rain
26/12/2023,05:30 AM,75.36,96.91,3.00,29.81,Rain
26/12/2023,06:00 AM,75.18,97.91,2.73,29.82,Rain
26/12/2023,06:30 AM,75.00,98.91,2.36,29.82,Rain
26/12/2023,07:00 AM,75.18,98.36,2.64,29.83,Rain
26/12/2023,07:30 AM,75.36,97.82,2.45,29.84,Rain
26/12/2023,08:00 AM,75.55,98.36,2.27,29.84,Rain
26/12/2023,08:30 AM,75.73,98.91,2.55,29.85,Rain
26/12/2023,09:00 AM,75.91,98.91,2.91,29.85,Rain
26/12/2023,09:30 AM,76.09,98.91,2.91,29.86,Rain
26/12/2023,10:00 AM,76.27,98.91,3.00,29.86,Rain
26/12/2023,10:30 AM,76.91,97.91,3.27,29.86,Rain
26/12/2023,11:00 AM,77.55,96.45,3.82,29.86,Rain
26/12/2023,11:30 AM,78.36,95.00,4.91,29.85,Rain
26/12/2023,12:00 PM,79.00,93.55,5.73,29.85,Rain
26/12/2023,12:30 PM,79.45,92.64,6.09,29.84,Rain
26/12/2023,01:00 PM,79.91,91.73,6.73,29.83,Clear
26/12/2023,01:30 PM,80.36,90.27,7.36,29.82,Clear
26/12/2023,02:00 PM,80.82,88.36,8.18,29.82,Clear
26/12/2023,02:30 PM,81.18,87.36,8.45,29.81,Clear
26/12/2023,03:00 PM,81.55,86.36,8.91,29.81,Clear
26/12/2023,03:30 PM,81.91,85.36,9.27,29.80,Clear
26/12/2023,04:00 PM,81.82,84.91,9.18,29.80,Clear
26/12/2023,04:30 PM,81.55,85.36,8.91,29.81,Clear
26/12/2023,05:00 PM,81.09,85.82,8.18,29.81,Clear
26/12/2023,05:30 PM,80.82,86.27,7.55,29.81,Clear
26/12/2023,06:00 PM,80.55,86.73,7.27,29.82,Rain
26/12/2023,06:30 PM,80.27,87.18,6.82,29.83,Rain
26/12/2023,07:00 PM,80.00,87.64,6.73,29.84,Rain
26/12/2023,07:30 PM,79.73,88.55,6.09,29.84,Clear
26/12/2023,08:00 PM,79.55,88.55,5.82,29.85,Clear
26/12/2023,08:30 PM,79.36,88.55,5.45,29.85,Clear
26/12/2023,09:00 PM,79.18,88.55,5.18,29.86,Clear
26/12/2023,09:30 PM,79.00,89.00,5.18,29.86,Clear
26/12/2023,10:00 PM,79.18,88.55,5.45,29.86,Clear
26/12/2023,10:30 PM,79.18,88.00,5.45,29.87,Clear
26/12/2023,11:00 PM,79.18,87.45,5.45,29.87,Clear
26/12/2023,11:30 PM,79.18,86.91,5.36,29.87,Clear
27/12/2023,12:00 AM,79.18,86.36,5.18,29.86,Clear
27/12/2023,12:30 AM,79.18,86.36,5.18,29.86,Clear
27/12/2023,01:00 AM,79.18,85.82,5.18,29.85,Clear
27/12/2023,01:30 AM,79.18,85.82,5.00,29.85,Clear
27/12/2023,02:00 AM,79.00,86.27,5.18,29.84,Clear
27/12/2023,02:30 AM,78.82,86.73,5.36,29.84,Clear
27/12/2023,03:00 AM,78.64,86.73,4.91,29.83,Clear
27/12/2023,03:30 AM,78.27,87.64,4.36,29.83,Clear
27/12/2023,04:00 AM,78.09,88.64,4.27,29.82,Clear
27/12/2023,04:30 AM,77.91,89.64,4.36,29.82,Clear
27/12/2023,05:00 AM,77.73,90.64,4.18,29.82,Clear
27/12/2023,05:30 AM,77.91,91.18,4.18,29.82,Clear
27/12/2023,06:00 AM,78.18,90.73,4.36,29.83,Clear
27/12/2023,06:30 AM,78.45,91.27,5.00,29.83,Clear
27/12/2023,07:00 AM,78.73,90.82,5.82,29.84,Clear
27/12/2023,07:30 AM,79.36,89.91,6.45,29.84,Clear
27/12/2023,08:00 AM,80.18,88.09,7.27,29.85,Clear
27/12/2023,08:30 AM,81.00,86.73,8.45,29.85,Clear
27/12/2023,09:00 AM,81.82,84.91,9.45,29.86,Clear
27/12/2023,09:30 AM,82.64,83.09,10.55,29.86,Clear
27/12/2023,10:00 AM,83.45,80.91,11.09,29.86,Clear
27/12/2023,10:30 AM,84.27,79.09,12.00,29.86,Clear
27/12/2023,11:00 AM,84.73,77.36,13.00,29.86,Clear
27/12/2023,11:30 AM,85.27,76.09,13.73,29.85,Clear
27/12/2023,12:00 PM,85.82,74.00,14.00,29.84,Clear
27/12/2023,12:30 PM,86.18,72.73,14.18,29.84,Clear
27/12/2023,01:00 PM,86.36,71.45,14.27,29.83,Clear
27/12/2023,01:30 PM,85.73,72.82,13.91,29.82,Clear
27/12/2023,02:00 PM,85.27,73.73,13.18,29.81,Clear
27/12/2023,02:30 PM,84.82,75.09,12.73,29.81,Clear
27/12/2023,03:00 PM,84.36,76.45,12.09,29.80,Clear
27/12/2023,03:30 PM,83.91,78.18,11.64,29.80,Rain
27/12/2023,04:00 PM,83.45,79.09,11.09,29.79,Rain
27/12/2023,04:30 PM,83.00,80.36,10.36,29.79,Clear
27/12/2023,05:00 PM,82.36,81.64,9.64,29.79,Clear
27/12/2023,05:30 PM,81.73,83.27,9.09,29.80,Clear
27/12/2023,06:00 PM,81.27,84.55,8.55,29.80,Clear
27/12/2023,06:30 PM,80.82,85.82,7.91,29.81,Clear
27/12/2023,07:00 PM,81.00,85.36,7.64,29.81,Clear
27/12/2023,07:30 PM,80.82,85.82,7.64,29.82,Clear
27/12/2023,08:00 PM,80.64,85.82,7.45,29.83,Clear
27/12/2023,08:30 PM,80.64,85.36,7.27,29.83,Clear
27/12/2023,09:00 PM,80.45,85.36,7.45,29.84,Clear
27/12/2023,09:30 PM,80.27,85.82,7.45,29.84,Clear
27/12/2023,10:00 PM,80.09,86.27,7.55,29.84,Rain
27/12/2023,10:30 PM,79.91,86.73,7.45,29.84,Clear
27/12/2023,11:00 PM,79.73,87.18,7.27,29.84,Clear
27/12/2023,11:30 PM,79.55,87.64,7.27,29.84,Clear
28/12/2023,12:00 AM,79.36,88.09,7.45,29.83,Clear
28/12/2023,12:30 AM,79.18,88.55,7.27,29.83,Clear
28/12/2023,01:00 AM,79.18,88.55,7.09,29.82,Clear
28/12/2023,01:30 AM,79.18,88.55,7.00,29.81,Clear
28/12/2023,02:00 AM,79.00,89.45,7.09,29.80,Clear
28/12/2023,02:30 AM,79.00,89.91,6.73,29.79,Clear
28/12/2023,03:00 AM,79.00,90.36,6.73,29.79,Clear
28/12/2023,03:30 AM,78.82,90.82,6.36,29.78,Clear
28/12/2023,04:00 AM,78.64,91.27,5.73,29.78,Clear
28/12/2023,04:30 AM,78.45,91.73,5.36,29.78,Clear
28/12/2023,05:00 AM,78.27,92.73,4.91,29.78,Clear
28/12/2023,05:30 AM,78.27,93.18,4.45,29.78,Rain
28/12/2023,06:00 AM,78.45,93.18,4.45,29.79,Rain
28/12/2023,06:30 AM,78.45,93.64,5.09,29.79,Clear
28/12/2023,07:00 AM,78.45,94.09,5.64,29.80,Rain
28/12/2023,07:30 AM,78.45,94.09,6.09,29.81,Rain
28/12/2023,08:00 AM,78.73,93.18,6.82,29.82,Rain
28/12/2023,08:30 AM,79.00,92.27,7.55,29.83,Rain
28/12/2023,09:00 AM,79.64,90.91,8.36,29.83,Rain
28/12/2023,09:30 AM,80.45,89.55,9.82,29.83,Rain
28/12/2023,10:00 AM,81.27,88.18,11.18,29.83,Rain
28/12/2023,10:30 AM,82.09,85.82,12.55,29.83,Clear
28/12/2023,11:00 AM,82.91,84.09,13.91,29.83,Clear
28/12/2023,11:30 AM,83.55,82.36,15.09,29.82,Clear
28/12/2023,12:00 PM,84.36,80.18,15.55,29.81,Clear
28/12/2023,12:30 PM,85.00,78.36,16.27,29.80,Clear
28/12/2023,01:00 PM,85.64,76.55,16.82,29.78,Clear
28/12/2023,01:30 PM,86.00,75.64,17.27,29.77,Clear
28/12/2023,02:00 PM,86.18,75.18,17.00,29.76,Clear
28/12/2023,02:30 PM,86.00,75.64,16.82,29.76,Clear
28/12/2023,03:00 PM,85.64,76.09,16.27,29.75,Clear
28/12/2023,03:30 PM,85.27,76.55,15.82,29.74,Clear
28/12/2023,04:00 PM,84.91,77.00,15.36,29.74,Clear
28/12/2023,04:30 PM,84.36,77.82,14.82,29.74,Rain
28/12/2023,05:00 PM,83.82,78.64,14.09,29.74,Rain
28/12/2023,05:30 PM,83.27,79.91,13.45,29.74,Clear
28/12/2023,06:00 PM,82.91,80.82,12.82,29.74,Rain
28/12/2023,06:30 PM,82.55,81.73,12.09,29.75,Clear
28/12/2023,07:00 PM,82.18,82.64,11.64,29.75,Clear
28/12/2023,07:30 PM,82.00,83.09,11.45,29.76,Clear
28/12/2023,08:00 PM,82.00,83.09,11.64,29.77,Clear
28/12/2023,08:30 PM,82.00,83.09,11.64,29.78,Clear
28/12/2023,09:00 PM,82.00,83.09,11.36,29.78,Clear
28/12/2023,09:30 PM,82.00,83.55,11.00,29.79,Clear
28/12/2023,10:00 PM,81.91,84.00,10.55,29.79,Clear
28/12/2023,10:30 PM,81.64,85.36,10.18,29.79,Clear
28/12/2023,11:00 PM,81.36,86.27,9.91,29.80,Clear
28/12/2023,11:30 PM,81.09,87.18,9.45,29.79,Clear
29/12/2023,12:00 AM,81.00,87.64,9.09,29.79,Clear
29/12/2023,12:30 AM,80.73,88.55,8.45,29.79,Rain
29/12/2023,01:00 AM,80.45,89.45,8.18,29.78,Rain
29/12/2023,01:30 AM,80.18,90.36,7.36,29.77,Rain
29/12/2023,02:00 AM,79.91,91.27,6.91,29.76,Clear
29/12/2023,02:30 AM,79.64,92.18,6.55,29.76,Clear
29/12/2023,03:00 AM,79.36,93.09,6.18,29.75,Rain
29/12/2023,03:30 AM,79.18,93.55,6.18,29.75,Clear
29/12/2023,04:00 AM,79.18,93.55,6.27,29.74,Clear
29/12/2023,04:30 AM,79.36,93.09,6.27,29.74,Clear
29/12/2023,05:00 AM,79.55,92.64,6.00,29.74,Clear
29/12/2023,05:30 AM,79.55,93.09,6.09,29.75,Clear
29/12/2023,06:00 AM,79.73,92.64,6.27,29.75,Clear
29/12/2023,06:30 AM,79.73,92.64,6.45,29.76,Rain
29/12/2023,07:00 AM,80.00,92.18,7.00,29.77,Clear
29/12/2023,07:30 AM,80.45,91.73,7.82,29.78,Rain
29/12/2023,08:00 AM,80.91,91.27,8.55,29.78,Rain
29/12/2023,08:30 AM,81.36,90.82,9.64,29.79,Rain
29/12/2023,09:00 AM,82.00,89.91,10.36,29.80,Rain
29/12/2023,09:30 AM,82.64,89.00,11.27,29.80,Rain
29/12/2023,10:00 AM,83.09,88.09,12.27,29.80,Clear
29/12/2023,10:30 AM,83.73,86.82,13.45,29.80,Clear
29/12/2023,11:00 AM,84.18,85.45,14.45,29.79,Rain
29/12/2023,11:30 AM,84.82,84.18,15.64,29.79,Clear
29/12/2023,12:00 PM,85.45,82.82,16.45,29.78,Clear
29/12/2023,12:30 PM,85.82,81.91,17.09,29.77,Rain
29/12/2023,01:00 PM,86.00,80.55,17.36,29.76,Clear
29/12/2023,01:30 PM,86.00,79.64,17.64,29.75,Clear
29/12/2023,02:00 PM,85.82,79.18,17.18,29.74,Clear
29/12/2023,02:30 PM,85.45,79.18,17.09,29.73,Clear
29/12/2023,03:00 PM,85.09,79.18,16.73,29.72,Clear
29/12/2023,03:30 PM,84.73,79.64,16.27,29.72,Clear
29/12/2023,04:00 PM,84.09,80.91,15.36,29.71,Clear
29/12/2023,04:30 PM,83.64,81.82,14.09,29.71,Clear
29/12/2023,05:00 PM,83.00,83.09,12.91,29.71,Clear
29/12/2023,05:30 PM,82.55,84.00,12.09,29.72,Clear
29/12/2023,06:00 PM,82.09,84.91,11.36,29.73,Clear
29/12/2023,06:30 PM,81.64,86.27,10.45,29.74,Clear
29/12/2023,07:00 PM,81.36,87.18,9.64,29.75,Clear
29/12/2023,07:30 PM,81.27,87.64,9.09,29.75,Clear
29/12/2023,08:00 PM,81.18,88.09,8.36,29.76,Clear
29/12/2023,08:30 PM,81.09,88.55,7.82,29.77,Clear
29/12/2023,09:00 PM,81.00,89.00,7.36,29.78,Clear
29/12/2023,09:30 PM,81.00,89.00,7.09,29.78,Clear
29/12/2023,10:00 PM,81.00,89.00,6.64,29.79,Clear
29/12/2023,10:30 PM,81.00,89.00,6.18,29.79,Clear
29/12/2023,11:00 PM,81.00,89.00,5.45,29.79,Clear
29/12/2023,11:30 PM,80.82,89.45,4.73,29.78,Clear
30/12/2023,12:00 AM,80.64,89.91,4.36,29.78,Clear
30/12/2023,12:30 AM,80.45,90.36,3.64,29.78,Clear
30/12/2023,01:00 AM,80.27,90.82,3.73,29.77,Clear
30/12/2023,01:30 AM,79.91,91.27,3.64,29.77,Clear
30/12/2023,02:00 AM,79.55,91.73,3.27,29.76,Clear
30/12/2023,02:30 AM,79.18,92.18,3.00,29.75,Clear
30/12/2023,03:00 AM,78.82,92.64,2.82,29.75,Clear
30/12/2023,03:30 AM,78.45,93.09,3.00,29.74,Rain
30/12/2023,04:00 AM,78.09,93.55,2.73,29.74,Rain
30/12/2023,04:30 AM,77.73,94.00,2.64,29.74,Rain
30/12/2023,05:00 AM,77.55,94.55,2.82,29.74,Clear
30/12/2023,05:30 AM,77.55,94.55,2.82,29.74,Clear
30/12/2023,06:00 AM,77.73,94.55,3.27,29.75,Clear
30/12/2023,06:30 AM,77.91,94.55,3.18,29.75,Clear
30/12/2023,07:00 AM,78.36,94.09,3.55,29.76,Clear
30/12/2023,07:30 AM,78.82,93.64,4.36,29.76,Clear
30/12/2023,08:00 AM,79.64,92.73,5.82,29.77,Clear
30/12/2023,08:30 AM,80.45,91.82,7.09,29.77,Clear
30/12/2023,09:00 AM,81.45,90.45,8.36,29.78,Clear
30/12/2023,09:30 AM,82.45,88.73,9.82,29.78,Clear
30/12/2023,10:00 AM,83.45,86.55,11.64,29.78,Clear
30/12/2023,10:30 AM,84.45,84.27,12.82,29.78,Clear
30/12/2023,11:00 AM,85.27,82.55,13.91,29.78,Clear
30/12/2023,11:30 AM,85.91,80.36,14.82,29.77,Clear
30/12/2023,12:00 PM,86.55,78.18,15.64,29.76,Clear
30/12/2023,12:30 PM,87.09,76.45,16.27,29.75,Rain
30/12/2023,01:00 PM,87.64,74.73,16.64,29.75,Clear
30/12/2023,01:30 PM,87.82,73.09,16.09,29.74,Clear
30/12/2023,02:00 PM,88.00,71.82,15.82,29.73,Clear
30/12/2023,02:30 PM,87.82,71.00,15.82,29.72,Clear
30/12/2023,03:00 PM,87.45,70.91,15.64,29.72,Clear
30/12/2023,03:30 PM,87.09,71.27,15.18,29.71,Clear
30/12/2023,04:00 PM,86.55,71.64,14.64,29.71,Clear
30/12/2023,04:30 PM,86.00,72.45,14.18,29.71,Clear
30/12/2023,05:00 PM,85.45,73.27,13.55,29.72,Clear
30/12/2023,05:30 PM,84.82,75.00,12.73,29.72,Clear
30/12/2023,06:00 PM,84.18,76.73,11.82,29.73,Clear
30/12/2023,06:30 PM,83.55,78.45,10.91,29.74,Clear
30/12/2023,07:00 PM,82.91,80.09,10.18,29.75,Clear
30/12/2023,07:30 PM,82.09,82.27,9.36,29.76,Clear
30/12/2023,08:00 PM,81.45,84.00,8.27,29.77,Clear
30/12/2023,08:30 PM,80.82,85.82,7.45,29.78,Clear
30/12/2023,09:00 PM,80.36,87.18,6.27,29.79,Clear
30/12/2023,09:30 PM,80.09,88.09,5.73,29.80,Clear
30/12/2023,10:00 PM,79.64,89.00,5.09,29.80,Clear
30/12/2023,10:30 PM,79.18,90.36,4.64,29.80,Clear
30/12/2023,11:00 PM,78.82,90.82,4.55,29.80,Clear
30/12/2023,11:30 PM,78.45,91.27,4.09,29.80,Clear
31/12/2023,12:00 AM,78.09,91.73,4.00,29.80,Clear
31/12/2023,12:30 AM,77.73,92.64,3.64,29.79,Clear
31/12/2023,01:00 AM,77.55,92.64,3.45,29.79,Clear
31/12/2023,01:30 AM,77.18,93.64,3.00,29.78,Clear
31/12/2023,02:00 AM,77.00,94.18,2.64,29.77,Clear
31/12/2023,02:30 AM,76.64,95.18,2.73,29.77,Clear
31/12/2023,03:00 AM,76.27,96.18,2.64,29.77,Clear
31/12/2023,03:30 AM,76.09,96.73,2.55,29.76,Clear
31/12/2023,04:00 AM,75.91,97.27,2.27,29.76,Clear
31/12/2023,04:30 AM,75.73,97.82,1.82,29.76,Clear
31/12/2023,05:00 AM,75.73,98.36,2.00,29.76,Clear
31/12/2023,05:30 AM,75.91,98.91,1.55,29.77,Clear
31/12/2023,06:00 AM,76.36,98.45,1.73,29.77,Clear
31/12/2023,06:30 AM,77.00,97.55,2.18,29.78,Clear
31/12/2023,07:00 AM,77.82,96.09,3.27,29.79,Clear
31/12/2023,07:30 AM,78.82,94.64,4.27,29.79,Clear
31/12/2023,08:00 AM,80.00,92.36,4.91,29.80,Clear
31/12/2023,08:30 AM,81.36,89.64,6.00,29.80,Clear
31/12/2023,09:00 AM,82.55,87.36,7.09,29.80,Clear
31/12/2023,09:30 AM,83.73,84.64,8.36,29.80,Clear
31/12/2023,10:00 AM,85.09,81.55,9.73,29.80,Clear
31/12/2023,10:30 AM,86.27,78.45,10.82,29.80,Clear
31/12/2023,11:00 AM,87.27,75.36,12.09,29.80,Clear
31/12/2023,11:30 AM,88.00,73.27,12.91,29.79,Clear
31/12/2023,12:00 PM,88.55,71.64,13.36,29.78,Clear
31/12/2023,12:30 PM,89.09,70.00,13.73,29.77,Clear
31/12/2023,01:00 PM,89.27,68.36,14.00,29.76,Clear
31/12/2023,01:30 PM,89.27,67.55,14.45,29.75,Clear
31/12/2023,02:00 PM,88.91,67.55,14.45,29.74,Clear
31/12/2023,02:30 PM,88.73,67.09,14.36,29.73,Clear
31/12/2023,03:00 PM,88.36,67.45,14.18,29.72,Clear
31/12/2023,03:30 PM,87.82,68.18,13.91,29.72,Clear
31/12/2023,04:00 PM,87.09,69.36,13.45,29.71,Clear
31/12/2023,04:30 PM,86.36,70.55,12.82,29.71,Clear
31/12/2023,05:00 PM,85.55,72.18,12.09,29.71,Clear
31/12/2023,05:30 PM,84.73,73.82,11.45,29.71,Clear
31/12/2023,06:00 PM,83.91,75.45,10.64,29.72,Clear
31/12/2023,06:30 PM,83.27,77.09,9.82,29.73,Clear
31/12/2023,07:00 PM,82.64,78.73,9.09,29.74,Clear
31/12/2023,07:30 PM,82.18,80.00,8.45,29.75,Clear
31/12/2023,08:00 PM,81.55,81.73,7.82,29.75,Clear
31/12/2023,08:30 PM,81.09,83.09,7.00,29.76,Clear
31/12/2023,09:00 PM,80.45,84.91,5.91,29.77,Clear
31/12/2023,09:30 PM,80.30,85.50,5.50,29.78,Clear
31/12/2023,10:00 PM,80.11,86.22,5.33,29.78,Clear
31/12/2023,10:30 PM,80.00,86.50,5.25,29.79,Clear
31/12/2023,11:00 PM,79.86,86.86,5.14,29.79,Clear
31/12/2023,11:30 PM,79.67,87.33,4.83,29.79,Clear
