[2025-09-19T11:35:37.369+0000] {processor.py:161} INFO - Started process (PID=178) to work on /opt/airflow/dags/etl_timeseries_csv_pipeline.py
[2025-09-19T11:35:37.370+0000] {processor.py:830} INFO - Processing file /opt/airflow/dags/etl_timeseries_csv_pipeline.py for tasks to queue
[2025-09-19T11:35:37.372+0000] {logging_mixin.py:188} INFO - [2025-09-19T11:35:37.372+0000] {dagbag.py:545} INFO - Filling up the DagBag from /opt/airflow/dags/etl_timeseries_csv_pipeline.py
[2025-09-19T11:35:37.402+0000] {processor.py:840} INFO - DAG(s) 'etl_pipeline' retrieved from /opt/airflow/dags/etl_timeseries_csv_pipeline.py
[2025-09-19T11:35:37.435+0000] {logging_mixin.py:188} INFO - [2025-09-19T11:35:37.435+0000] {dag.py:3096} INFO - Sync 1 DAGs
[2025-09-19T11:35:37.461+0000] {logging_mixin.py:188} INFO - [2025-09-19T11:35:37.461+0000] {dag.py:3954} INFO - Setting next_dagrun for etl_pipeline to 2025-09-18 00:00:00+00:00, run_after=2025-09-19 00:00:00+00:00
[2025-09-19T11:35:37.482+0000] {processor.py:183} INFO - Processing /opt/airflow/dags/etl_timeseries_csv_pipeline.py took 0.120 seconds
[2025-09-19T11:36:07.773+0000] {processor.py:161} INFO - Started process (PID=188) to work on /opt/airflow/dags/etl_timeseries_csv_pipeline.py
[2025-09-19T11:36:07.774+0000] {processor.py:830} INFO - Processing file /opt/airflow/dags/etl_timeseries_csv_pipeline.py for tasks to queue
[2025-09-19T11:36:07.781+0000] {logging_mixin.py:188} INFO - [2025-09-19T11:36:07.781+0000] {dagbag.py:545} INFO - Filling up the DagBag from /opt/airflow/dags/etl_timeseries_csv_pipeline.py
[2025-09-19T11:36:07.803+0000] {processor.py:840} INFO - DAG(s) 'etl_pipeline' retrieved from /opt/airflow/dags/etl_timeseries_csv_pipeline.py
[2025-09-19T11:36:07.821+0000] {logging_mixin.py:188} INFO - [2025-09-19T11:36:07.821+0000] {dag.py:3096} INFO - Sync 1 DAGs
[2025-09-19T11:36:07.845+0000] {logging_mixin.py:188} INFO - [2025-09-19T11:36:07.845+0000] {dag.py:3954} INFO - Setting next_dagrun for etl_pipeline to 2025-09-18 00:00:00+00:00, run_after=2025-09-19 00:00:00+00:00
[2025-09-19T11:36:07.909+0000] {processor.py:183} INFO - Processing /opt/airflow/dags/etl_timeseries_csv_pipeline.py took 0.141 seconds
[2025-09-19T11:36:38.304+0000] {processor.py:161} INFO - Started process (PID=198) to work on /opt/airflow/dags/etl_timeseries_csv_pipeline.py
[2025-09-19T11:36:38.306+0000] {processor.py:830} INFO - Processing file /opt/airflow/dags/etl_timeseries_csv_pipeline.py for tasks to queue
[2025-09-19T11:36:38.309+0000] {logging_mixin.py:188} INFO - [2025-09-19T11:36:38.308+0000] {dagbag.py:545} INFO - Filling up the DagBag from /opt/airflow/dags/etl_timeseries_csv_pipeline.py
[2025-09-19T11:36:38.337+0000] {processor.py:840} INFO - DAG(s) 'etl_pipeline' retrieved from /opt/airflow/dags/etl_timeseries_csv_pipeline.py
[2025-09-19T11:36:38.559+0000] {logging_mixin.py:188} INFO - [2025-09-19T11:36:38.559+0000] {dag.py:3096} INFO - Sync 1 DAGs
[2025-09-19T11:36:38.587+0000] {logging_mixin.py:188} INFO - [2025-09-19T11:36:38.587+0000] {dag.py:3954} INFO - Setting next_dagrun for etl_pipeline to 2025-09-18 00:00:00+00:00, run_after=2025-09-19 00:00:00+00:00
[2025-09-19T11:36:38.631+0000] {processor.py:183} INFO - Processing /opt/airflow/dags/etl_timeseries_csv_pipeline.py took 0.341 seconds
[2025-09-19T11:37:08.739+0000] {processor.py:161} INFO - Started process (PID=208) to work on /opt/airflow/dags/etl_timeseries_csv_pipeline.py
[2025-09-19T11:37:08.740+0000] {processor.py:830} INFO - Processing file /opt/airflow/dags/etl_timeseries_csv_pipeline.py for tasks to queue
[2025-09-19T11:37:08.742+0000] {logging_mixin.py:188} INFO - [2025-09-19T11:37:08.742+0000] {dagbag.py:545} INFO - Filling up the DagBag from /opt/airflow/dags/etl_timeseries_csv_pipeline.py
[2025-09-19T11:37:08.773+0000] {processor.py:840} INFO - DAG(s) 'etl_pipeline' retrieved from /opt/airflow/dags/etl_timeseries_csv_pipeline.py
[2025-09-19T11:37:08.805+0000] {logging_mixin.py:188} INFO - [2025-09-19T11:37:08.804+0000] {dag.py:3096} INFO - Sync 1 DAGs
[2025-09-19T11:37:08.822+0000] {logging_mixin.py:188} INFO - [2025-09-19T11:37:08.821+0000] {dag.py:3954} INFO - Setting next_dagrun for etl_pipeline to 2025-09-18 00:00:00+00:00, run_after=2025-09-19 00:00:00+00:00
[2025-09-19T11:37:08.837+0000] {processor.py:183} INFO - Processing /opt/airflow/dags/etl_timeseries_csv_pipeline.py took 0.105 seconds
[2025-09-19T11:37:39.233+0000] {processor.py:161} INFO - Started process (PID=218) to work on /opt/airflow/dags/etl_timeseries_csv_pipeline.py
[2025-09-19T11:37:39.234+0000] {processor.py:830} INFO - Processing file /opt/airflow/dags/etl_timeseries_csv_pipeline.py for tasks to queue
[2025-09-19T11:37:39.235+0000] {logging_mixin.py:188} INFO - [2025-09-19T11:37:39.235+0000] {dagbag.py:545} INFO - Filling up the DagBag from /opt/airflow/dags/etl_timeseries_csv_pipeline.py
[2025-09-19T11:37:39.252+0000] {processor.py:840} INFO - DAG(s) 'etl_pipeline' retrieved from /opt/airflow/dags/etl_timeseries_csv_pipeline.py
[2025-09-19T11:37:39.282+0000] {logging_mixin.py:188} INFO - [2025-09-19T11:37:39.282+0000] {dag.py:3096} INFO - Sync 1 DAGs
[2025-09-19T11:37:39.314+0000] {logging_mixin.py:188} INFO - [2025-09-19T11:37:39.314+0000] {dag.py:3954} INFO - Setting next_dagrun for etl_pipeline to 2025-09-18 00:00:00+00:00, run_after=2025-09-19 00:00:00+00:00
[2025-09-19T11:37:39.333+0000] {processor.py:183} INFO - Processing /opt/airflow/dags/etl_timeseries_csv_pipeline.py took 0.106 seconds
[2025-09-19T11:38:09.676+0000] {processor.py:161} INFO - Started process (PID=228) to work on /opt/airflow/dags/etl_timeseries_csv_pipeline.py
[2025-09-19T11:38:09.677+0000] {processor.py:830} INFO - Processing file /opt/airflow/dags/etl_timeseries_csv_pipeline.py for tasks to queue
[2025-09-19T11:38:09.680+0000] {logging_mixin.py:188} INFO - [2025-09-19T11:38:09.679+0000] {dagbag.py:545} INFO - Filling up the DagBag from /opt/airflow/dags/etl_timeseries_csv_pipeline.py
[2025-09-19T11:38:09.708+0000] {processor.py:840} INFO - DAG(s) 'etl_pipeline' retrieved from /opt/airflow/dags/etl_timeseries_csv_pipeline.py
[2025-09-19T11:38:09.742+0000] {logging_mixin.py:188} INFO - [2025-09-19T11:38:09.741+0000] {dag.py:3096} INFO - Sync 1 DAGs
[2025-09-19T11:38:09.770+0000] {logging_mixin.py:188} INFO - [2025-09-19T11:38:09.769+0000] {dag.py:3954} INFO - Setting next_dagrun for etl_pipeline to 2025-09-18 00:00:00+00:00, run_after=2025-09-19 00:00:00+00:00
[2025-09-19T11:38:09.811+0000] {processor.py:183} INFO - Processing /opt/airflow/dags/etl_timeseries_csv_pipeline.py took 0.140 seconds
[2025-09-19T11:38:40.218+0000] {processor.py:161} INFO - Started process (PID=239) to work on /opt/airflow/dags/etl_timeseries_csv_pipeline.py
[2025-09-19T11:38:40.218+0000] {processor.py:830} INFO - Processing file /opt/airflow/dags/etl_timeseries_csv_pipeline.py for tasks to queue
[2025-09-19T11:38:40.221+0000] {logging_mixin.py:188} INFO - [2025-09-19T11:38:40.220+0000] {dagbag.py:545} INFO - Filling up the DagBag from /opt/airflow/dags/etl_timeseries_csv_pipeline.py
[2025-09-19T11:38:40.246+0000] {processor.py:840} INFO - DAG(s) 'etl_pipeline' retrieved from /opt/airflow/dags/etl_timeseries_csv_pipeline.py
[2025-09-19T11:38:40.278+0000] {logging_mixin.py:188} INFO - [2025-09-19T11:38:40.277+0000] {dag.py:3096} INFO - Sync 1 DAGs
[2025-09-19T11:38:40.298+0000] {logging_mixin.py:188} INFO - [2025-09-19T11:38:40.298+0000] {dag.py:3954} INFO - Setting next_dagrun for etl_pipeline to 2025-09-18 00:00:00+00:00, run_after=2025-09-19 00:00:00+00:00
[2025-09-19T11:38:40.322+0000] {processor.py:183} INFO - Processing /opt/airflow/dags/etl_timeseries_csv_pipeline.py took 0.111 seconds
[2025-09-19T11:39:10.720+0000] {processor.py:161} INFO - Started process (PID=250) to work on /opt/airflow/dags/etl_timeseries_csv_pipeline.py
[2025-09-19T11:39:10.721+0000] {processor.py:830} INFO - Processing file /opt/airflow/dags/etl_timeseries_csv_pipeline.py for tasks to queue
[2025-09-19T11:39:10.725+0000] {logging_mixin.py:188} INFO - [2025-09-19T11:39:10.724+0000] {dagbag.py:545} INFO - Filling up the DagBag from /opt/airflow/dags/etl_timeseries_csv_pipeline.py
[2025-09-19T11:39:10.752+0000] {processor.py:840} INFO - DAG(s) 'etl_pipeline' retrieved from /opt/airflow/dags/etl_timeseries_csv_pipeline.py
[2025-09-19T11:39:10.804+0000] {logging_mixin.py:188} INFO - [2025-09-19T11:39:10.803+0000] {dag.py:3096} INFO - Sync 1 DAGs
[2025-09-19T11:39:10.849+0000] {logging_mixin.py:188} INFO - [2025-09-19T11:39:10.848+0000] {dag.py:3954} INFO - Setting next_dagrun for etl_pipeline to 2025-09-18 00:00:00+00:00, run_after=2025-09-19 00:00:00+00:00
[2025-09-19T11:39:10.879+0000] {processor.py:183} INFO - Processing /opt/airflow/dags/etl_timeseries_csv_pipeline.py took 0.168 seconds
[2025-09-19T11:39:41.305+0000] {processor.py:161} INFO - Started process (PID=261) to work on /opt/airflow/dags/etl_timeseries_csv_pipeline.py
[2025-09-19T11:39:41.308+0000] {processor.py:830} INFO - Processing file /opt/airflow/dags/etl_timeseries_csv_pipeline.py for tasks to queue
[2025-09-19T11:39:41.310+0000] {logging_mixin.py:188} INFO - [2025-09-19T11:39:41.310+0000] {dagbag.py:545} INFO - Filling up the DagBag from /opt/airflow/dags/etl_timeseries_csv_pipeline.py
[2025-09-19T11:39:41.341+0000] {processor.py:840} INFO - DAG(s) 'etl_pipeline' retrieved from /opt/airflow/dags/etl_timeseries_csv_pipeline.py
[2025-09-19T11:39:41.381+0000] {logging_mixin.py:188} INFO - [2025-09-19T11:39:41.380+0000] {dag.py:3096} INFO - Sync 1 DAGs
[2025-09-19T11:39:41.405+0000] {logging_mixin.py:188} INFO - [2025-09-19T11:39:41.405+0000] {dag.py:3954} INFO - Setting next_dagrun for etl_pipeline to 2025-09-18 00:00:00+00:00, run_after=2025-09-19 00:00:00+00:00
[2025-09-19T11:39:41.429+0000] {processor.py:183} INFO - Processing /opt/airflow/dags/etl_timeseries_csv_pipeline.py took 0.130 seconds
[2025-09-19T11:40:11.924+0000] {processor.py:161} INFO - Started process (PID=272) to work on /opt/airflow/dags/etl_timeseries_csv_pipeline.py
[2025-09-19T11:40:11.926+0000] {processor.py:830} INFO - Processing file /opt/airflow/dags/etl_timeseries_csv_pipeline.py for tasks to queue
[2025-09-19T11:40:11.929+0000] {logging_mixin.py:188} INFO - [2025-09-19T11:40:11.929+0000] {dagbag.py:545} INFO - Filling up the DagBag from /opt/airflow/dags/etl_timeseries_csv_pipeline.py
[2025-09-19T11:40:11.966+0000] {processor.py:840} INFO - DAG(s) 'etl_pipeline' retrieved from /opt/airflow/dags/etl_timeseries_csv_pipeline.py
[2025-09-19T11:40:12.014+0000] {logging_mixin.py:188} INFO - [2025-09-19T11:40:12.014+0000] {dag.py:3096} INFO - Sync 1 DAGs
[2025-09-19T11:40:12.061+0000] {logging_mixin.py:188} INFO - [2025-09-19T11:40:12.060+0000] {dag.py:3954} INFO - Setting next_dagrun for etl_pipeline to 2025-09-18 00:00:00+00:00, run_after=2025-09-19 00:00:00+00:00
[2025-09-19T11:40:12.105+0000] {processor.py:183} INFO - Processing /opt/airflow/dags/etl_timeseries_csv_pipeline.py took 0.189 seconds
[2025-09-19T11:40:42.711+0000] {processor.py:161} INFO - Started process (PID=283) to work on /opt/airflow/dags/etl_timeseries_csv_pipeline.py
[2025-09-19T11:40:42.712+0000] {processor.py:830} INFO - Processing file /opt/airflow/dags/etl_timeseries_csv_pipeline.py for tasks to queue
[2025-09-19T11:40:42.715+0000] {logging_mixin.py:188} INFO - [2025-09-19T11:40:42.715+0000] {dagbag.py:545} INFO - Filling up the DagBag from /opt/airflow/dags/etl_timeseries_csv_pipeline.py
[2025-09-19T11:40:42.749+0000] {processor.py:840} INFO - DAG(s) 'etl_pipeline' retrieved from /opt/airflow/dags/etl_timeseries_csv_pipeline.py
[2025-09-19T11:40:42.780+0000] {logging_mixin.py:188} INFO - [2025-09-19T11:40:42.780+0000] {dag.py:3096} INFO - Sync 1 DAGs
[2025-09-19T11:40:42.806+0000] {logging_mixin.py:188} INFO - [2025-09-19T11:40:42.806+0000] {dag.py:3954} INFO - Setting next_dagrun for etl_pipeline to 2025-09-18 00:00:00+00:00, run_after=2025-09-19 00:00:00+00:00
[2025-09-19T11:40:42.828+0000] {processor.py:183} INFO - Processing /opt/airflow/dags/etl_timeseries_csv_pipeline.py took 0.127 seconds
[2025-09-19T11:41:12.972+0000] {processor.py:161} INFO - Started process (PID=294) to work on /opt/airflow/dags/etl_timeseries_csv_pipeline.py
[2025-09-19T11:41:12.973+0000] {processor.py:830} INFO - Processing file /opt/airflow/dags/etl_timeseries_csv_pipeline.py for tasks to queue
[2025-09-19T11:41:12.975+0000] {logging_mixin.py:188} INFO - [2025-09-19T11:41:12.975+0000] {dagbag.py:545} INFO - Filling up the DagBag from /opt/airflow/dags/etl_timeseries_csv_pipeline.py
[2025-09-19T11:41:12.999+0000] {processor.py:840} INFO - DAG(s) 'etl_pipeline' retrieved from /opt/airflow/dags/etl_timeseries_csv_pipeline.py
[2025-09-19T11:41:13.034+0000] {logging_mixin.py:188} INFO - [2025-09-19T11:41:13.034+0000] {dag.py:3096} INFO - Sync 1 DAGs
[2025-09-19T11:41:13.063+0000] {logging_mixin.py:188} INFO - [2025-09-19T11:41:13.063+0000] {dag.py:3954} INFO - Setting next_dagrun for etl_pipeline to 2025-09-18 00:00:00+00:00, run_after=2025-09-19 00:00:00+00:00
[2025-09-19T11:41:13.092+0000] {processor.py:183} INFO - Processing /opt/airflow/dags/etl_timeseries_csv_pipeline.py took 0.126 seconds
[2025-09-19T11:41:43.495+0000] {processor.py:161} INFO - Started process (PID=305) to work on /opt/airflow/dags/etl_timeseries_csv_pipeline.py
[2025-09-19T11:41:43.497+0000] {processor.py:830} INFO - Processing file /opt/airflow/dags/etl_timeseries_csv_pipeline.py for tasks to queue
[2025-09-19T11:41:43.500+0000] {logging_mixin.py:188} INFO - [2025-09-19T11:41:43.499+0000] {dagbag.py:545} INFO - Filling up the DagBag from /opt/airflow/dags/etl_timeseries_csv_pipeline.py
[2025-09-19T11:41:43.541+0000] {processor.py:840} INFO - DAG(s) 'etl_pipeline' retrieved from /opt/airflow/dags/etl_timeseries_csv_pipeline.py
[2025-09-19T11:41:43.581+0000] {logging_mixin.py:188} INFO - [2025-09-19T11:41:43.581+0000] {dag.py:3096} INFO - Sync 1 DAGs
[2025-09-19T11:41:43.620+0000] {logging_mixin.py:188} INFO - [2025-09-19T11:41:43.619+0000] {dag.py:3954} INFO - Setting next_dagrun for etl_pipeline to 2025-09-18 00:00:00+00:00, run_after=2025-09-19 00:00:00+00:00
[2025-09-19T11:41:43.645+0000] {processor.py:183} INFO - Processing /opt/airflow/dags/etl_timeseries_csv_pipeline.py took 0.161 seconds
[2025-09-19T11:42:14.108+0000] {processor.py:161} INFO - Started process (PID=316) to work on /opt/airflow/dags/etl_timeseries_csv_pipeline.py
[2025-09-19T11:42:14.109+0000] {processor.py:830} INFO - Processing file /opt/airflow/dags/etl_timeseries_csv_pipeline.py for tasks to queue
[2025-09-19T11:42:14.111+0000] {logging_mixin.py:188} INFO - [2025-09-19T11:42:14.111+0000] {dagbag.py:545} INFO - Filling up the DagBag from /opt/airflow/dags/etl_timeseries_csv_pipeline.py
[2025-09-19T11:42:14.126+0000] {processor.py:840} INFO - DAG(s) 'etl_pipeline' retrieved from /opt/airflow/dags/etl_timeseries_csv_pipeline.py
[2025-09-19T11:42:14.151+0000] {logging_mixin.py:188} INFO - [2025-09-19T11:42:14.151+0000] {dag.py:3096} INFO - Sync 1 DAGs
[2025-09-19T11:42:14.179+0000] {logging_mixin.py:188} INFO - [2025-09-19T11:42:14.178+0000] {dag.py:3954} INFO - Setting next_dagrun for etl_pipeline to 2025-09-18 00:00:00+00:00, run_after=2025-09-19 00:00:00+00:00
[2025-09-19T11:42:14.199+0000] {processor.py:183} INFO - Processing /opt/airflow/dags/etl_timeseries_csv_pipeline.py took 0.096 seconds
[2025-09-19T11:42:44.628+0000] {processor.py:161} INFO - Started process (PID=327) to work on /opt/airflow/dags/etl_timeseries_csv_pipeline.py
[2025-09-19T11:42:44.630+0000] {processor.py:830} INFO - Processing file /opt/airflow/dags/etl_timeseries_csv_pipeline.py for tasks to queue
[2025-09-19T11:42:44.631+0000] {logging_mixin.py:188} INFO - [2025-09-19T11:42:44.631+0000] {dagbag.py:545} INFO - Filling up the DagBag from /opt/airflow/dags/etl_timeseries_csv_pipeline.py
[2025-09-19T11:42:44.650+0000] {processor.py:840} INFO - DAG(s) 'etl_pipeline' retrieved from /opt/airflow/dags/etl_timeseries_csv_pipeline.py
[2025-09-19T11:42:44.679+0000] {logging_mixin.py:188} INFO - [2025-09-19T11:42:44.678+0000] {dag.py:3096} INFO - Sync 1 DAGs
[2025-09-19T11:42:44.713+0000] {logging_mixin.py:188} INFO - [2025-09-19T11:42:44.712+0000] {dag.py:3954} INFO - Setting next_dagrun for etl_pipeline to 2025-09-18 00:00:00+00:00, run_after=2025-09-19 00:00:00+00:00
[2025-09-19T11:42:44.741+0000] {processor.py:183} INFO - Processing /opt/airflow/dags/etl_timeseries_csv_pipeline.py took 0.119 seconds
[2025-09-19T11:43:15.138+0000] {processor.py:161} INFO - Started process (PID=338) to work on /opt/airflow/dags/etl_timeseries_csv_pipeline.py
[2025-09-19T11:43:15.140+0000] {processor.py:830} INFO - Processing file /opt/airflow/dags/etl_timeseries_csv_pipeline.py for tasks to queue
[2025-09-19T11:43:15.141+0000] {logging_mixin.py:188} INFO - [2025-09-19T11:43:15.141+0000] {dagbag.py:545} INFO - Filling up the DagBag from /opt/airflow/dags/etl_timeseries_csv_pipeline.py
[2025-09-19T11:43:15.163+0000] {processor.py:840} INFO - DAG(s) 'etl_pipeline' retrieved from /opt/airflow/dags/etl_timeseries_csv_pipeline.py
[2025-09-19T11:43:15.195+0000] {logging_mixin.py:188} INFO - [2025-09-19T11:43:15.194+0000] {dag.py:3096} INFO - Sync 1 DAGs
[2025-09-19T11:43:15.222+0000] {logging_mixin.py:188} INFO - [2025-09-19T11:43:15.222+0000] {dag.py:3954} INFO - Setting next_dagrun for etl_pipeline to 2025-09-18 00:00:00+00:00, run_after=2025-09-19 00:00:00+00:00
[2025-09-19T11:43:15.241+0000] {processor.py:183} INFO - Processing /opt/airflow/dags/etl_timeseries_csv_pipeline.py took 0.110 seconds
[2025-09-19T11:43:45.620+0000] {processor.py:161} INFO - Started process (PID=349) to work on /opt/airflow/dags/etl_timeseries_csv_pipeline.py
[2025-09-19T11:43:45.622+0000] {processor.py:830} INFO - Processing file /opt/airflow/dags/etl_timeseries_csv_pipeline.py for tasks to queue
[2025-09-19T11:43:45.625+0000] {logging_mixin.py:188} INFO - [2025-09-19T11:43:45.624+0000] {dagbag.py:545} INFO - Filling up the DagBag from /opt/airflow/dags/etl_timeseries_csv_pipeline.py
[2025-09-19T11:43:45.659+0000] {processor.py:840} INFO - DAG(s) 'etl_pipeline' retrieved from /opt/airflow/dags/etl_timeseries_csv_pipeline.py
[2025-09-19T11:43:45.695+0000] {logging_mixin.py:188} INFO - [2025-09-19T11:43:45.695+0000] {dag.py:3096} INFO - Sync 1 DAGs
[2025-09-19T11:43:45.719+0000] {logging_mixin.py:188} INFO - [2025-09-19T11:43:45.719+0000] {dag.py:3954} INFO - Setting next_dagrun for etl_pipeline to 2025-09-18 00:00:00+00:00, run_after=2025-09-19 00:00:00+00:00
[2025-09-19T11:43:45.746+0000] {processor.py:183} INFO - Processing /opt/airflow/dags/etl_timeseries_csv_pipeline.py took 0.132 seconds
[2025-09-19T11:44:16.182+0000] {processor.py:161} INFO - Started process (PID=360) to work on /opt/airflow/dags/etl_timeseries_csv_pipeline.py
[2025-09-19T11:44:16.183+0000] {processor.py:830} INFO - Processing file /opt/airflow/dags/etl_timeseries_csv_pipeline.py for tasks to queue
[2025-09-19T11:44:16.186+0000] {logging_mixin.py:188} INFO - [2025-09-19T11:44:16.185+0000] {dagbag.py:545} INFO - Filling up the DagBag from /opt/airflow/dags/etl_timeseries_csv_pipeline.py
[2025-09-19T11:44:16.221+0000] {processor.py:840} INFO - DAG(s) 'etl_pipeline' retrieved from /opt/airflow/dags/etl_timeseries_csv_pipeline.py
[2025-09-19T11:44:16.264+0000] {logging_mixin.py:188} INFO - [2025-09-19T11:44:16.263+0000] {dag.py:3096} INFO - Sync 1 DAGs
[2025-09-19T11:44:16.297+0000] {logging_mixin.py:188} INFO - [2025-09-19T11:44:16.296+0000] {dag.py:3954} INFO - Setting next_dagrun for etl_pipeline to 2025-09-18 00:00:00+00:00, run_after=2025-09-19 00:00:00+00:00
[2025-09-19T11:44:16.326+0000] {processor.py:183} INFO - Processing /opt/airflow/dags/etl_timeseries_csv_pipeline.py took 0.155 seconds
[2025-09-19T11:44:46.801+0000] {processor.py:161} INFO - Started process (PID=371) to work on /opt/airflow/dags/etl_timeseries_csv_pipeline.py
[2025-09-19T11:44:46.803+0000] {processor.py:830} INFO - Processing file /opt/airflow/dags/etl_timeseries_csv_pipeline.py for tasks to queue
[2025-09-19T11:44:46.807+0000] {logging_mixin.py:188} INFO - [2025-09-19T11:44:46.807+0000] {dagbag.py:545} INFO - Filling up the DagBag from /opt/airflow/dags/etl_timeseries_csv_pipeline.py
[2025-09-19T11:44:46.844+0000] {processor.py:840} INFO - DAG(s) 'etl_pipeline' retrieved from /opt/airflow/dags/etl_timeseries_csv_pipeline.py
[2025-09-19T11:44:46.895+0000] {logging_mixin.py:188} INFO - [2025-09-19T11:44:46.895+0000] {dag.py:3096} INFO - Sync 1 DAGs
[2025-09-19T11:44:46.933+0000] {logging_mixin.py:188} INFO - [2025-09-19T11:44:46.933+0000] {dag.py:3954} INFO - Setting next_dagrun for etl_pipeline to 2025-09-18 00:00:00+00:00, run_after=2025-09-19 00:00:00+00:00
[2025-09-19T11:44:46.966+0000] {processor.py:183} INFO - Processing /opt/airflow/dags/etl_timeseries_csv_pipeline.py took 0.175 seconds
[2025-09-19T11:45:17.470+0000] {processor.py:161} INFO - Started process (PID=382) to work on /opt/airflow/dags/etl_timeseries_csv_pipeline.py
[2025-09-19T11:45:17.471+0000] {processor.py:830} INFO - Processing file /opt/airflow/dags/etl_timeseries_csv_pipeline.py for tasks to queue
[2025-09-19T11:45:17.474+0000] {logging_mixin.py:188} INFO - [2025-09-19T11:45:17.474+0000] {dagbag.py:545} INFO - Filling up the DagBag from /opt/airflow/dags/etl_timeseries_csv_pipeline.py
[2025-09-19T11:45:17.495+0000] {processor.py:840} INFO - DAG(s) 'etl_pipeline' retrieved from /opt/airflow/dags/etl_timeseries_csv_pipeline.py
[2025-09-19T11:45:17.529+0000] {logging_mixin.py:188} INFO - [2025-09-19T11:45:17.529+0000] {dag.py:3096} INFO - Sync 1 DAGs
[2025-09-19T11:45:17.562+0000] {logging_mixin.py:188} INFO - [2025-09-19T11:45:17.561+0000] {dag.py:3954} INFO - Setting next_dagrun for etl_pipeline to 2025-09-18 00:00:00+00:00, run_after=2025-09-19 00:00:00+00:00
[2025-09-19T11:45:17.586+0000] {processor.py:183} INFO - Processing /opt/airflow/dags/etl_timeseries_csv_pipeline.py took 0.122 seconds
[2025-09-19T11:45:48.217+0000] {processor.py:161} INFO - Started process (PID=393) to work on /opt/airflow/dags/etl_timeseries_csv_pipeline.py
[2025-09-19T11:45:48.219+0000] {processor.py:830} INFO - Processing file /opt/airflow/dags/etl_timeseries_csv_pipeline.py for tasks to queue
[2025-09-19T11:45:48.221+0000] {logging_mixin.py:188} INFO - [2025-09-19T11:45:48.220+0000] {dagbag.py:545} INFO - Filling up the DagBag from /opt/airflow/dags/etl_timeseries_csv_pipeline.py
[2025-09-19T11:45:48.238+0000] {processor.py:840} INFO - DAG(s) 'etl_pipeline' retrieved from /opt/airflow/dags/etl_timeseries_csv_pipeline.py
[2025-09-19T11:45:48.263+0000] {logging_mixin.py:188} INFO - [2025-09-19T11:45:48.263+0000] {dag.py:3096} INFO - Sync 1 DAGs
[2025-09-19T11:45:48.284+0000] {logging_mixin.py:188} INFO - [2025-09-19T11:45:48.284+0000] {dag.py:3954} INFO - Setting next_dagrun for etl_pipeline to 2025-09-18 00:00:00+00:00, run_after=2025-09-19 00:00:00+00:00
[2025-09-19T11:45:48.303+0000] {processor.py:183} INFO - Processing /opt/airflow/dags/etl_timeseries_csv_pipeline.py took 0.091 seconds
[2025-09-19T11:46:35.394+0000] {processor.py:161} INFO - Started process (PID=178) to work on /opt/airflow/dags/etl_timeseries_csv_pipeline.py
[2025-09-19T11:46:35.395+0000] {processor.py:830} INFO - Processing file /opt/airflow/dags/etl_timeseries_csv_pipeline.py for tasks to queue
[2025-09-19T11:46:35.397+0000] {logging_mixin.py:188} INFO - [2025-09-19T11:46:35.397+0000] {dagbag.py:545} INFO - Filling up the DagBag from /opt/airflow/dags/etl_timeseries_csv_pipeline.py
[2025-09-19T11:46:35.426+0000] {processor.py:840} INFO - DAG(s) 'etl_pipeline' retrieved from /opt/airflow/dags/etl_timeseries_csv_pipeline.py
[2025-09-19T11:46:35.455+0000] {logging_mixin.py:188} INFO - [2025-09-19T11:46:35.455+0000] {dag.py:3096} INFO - Sync 1 DAGs
[2025-09-19T11:46:35.477+0000] {logging_mixin.py:188} INFO - [2025-09-19T11:46:35.477+0000] {dag.py:3954} INFO - Setting next_dagrun for etl_pipeline to 2025-09-18 00:00:00+00:00, run_after=2025-09-19 00:00:00+00:00
[2025-09-19T11:46:35.500+0000] {processor.py:183} INFO - Processing /opt/airflow/dags/etl_timeseries_csv_pipeline.py took 0.112 seconds
[2025-09-19T11:47:05.769+0000] {processor.py:161} INFO - Started process (PID=189) to work on /opt/airflow/dags/etl_timeseries_csv_pipeline.py
[2025-09-19T11:47:05.771+0000] {processor.py:830} INFO - Processing file /opt/airflow/dags/etl_timeseries_csv_pipeline.py for tasks to queue
[2025-09-19T11:47:05.772+0000] {logging_mixin.py:188} INFO - [2025-09-19T11:47:05.772+0000] {dagbag.py:545} INFO - Filling up the DagBag from /opt/airflow/dags/etl_timeseries_csv_pipeline.py
[2025-09-19T11:47:05.803+0000] {processor.py:840} INFO - DAG(s) 'etl_pipeline' retrieved from /opt/airflow/dags/etl_timeseries_csv_pipeline.py
[2025-09-19T11:47:06.087+0000] {logging_mixin.py:188} INFO - [2025-09-19T11:47:06.087+0000] {dag.py:3096} INFO - Sync 1 DAGs
[2025-09-19T11:47:06.109+0000] {logging_mixin.py:188} INFO - [2025-09-19T11:47:06.108+0000] {dag.py:3954} INFO - Setting next_dagrun for etl_pipeline to 2025-09-18 00:00:00+00:00, run_after=2025-09-19 00:00:00+00:00
[2025-09-19T11:47:06.131+0000] {processor.py:183} INFO - Processing /opt/airflow/dags/etl_timeseries_csv_pipeline.py took 0.370 seconds
[2025-09-19T11:47:36.596+0000] {processor.py:161} INFO - Started process (PID=200) to work on /opt/airflow/dags/etl_timeseries_csv_pipeline.py
[2025-09-19T11:47:36.598+0000] {processor.py:830} INFO - Processing file /opt/airflow/dags/etl_timeseries_csv_pipeline.py for tasks to queue
[2025-09-19T11:47:36.601+0000] {logging_mixin.py:188} INFO - [2025-09-19T11:47:36.601+0000] {dagbag.py:545} INFO - Filling up the DagBag from /opt/airflow/dags/etl_timeseries_csv_pipeline.py
[2025-09-19T11:47:36.640+0000] {processor.py:840} INFO - DAG(s) 'etl_pipeline' retrieved from /opt/airflow/dags/etl_timeseries_csv_pipeline.py
[2025-09-19T11:47:36.686+0000] {logging_mixin.py:188} INFO - [2025-09-19T11:47:36.686+0000] {dag.py:3096} INFO - Sync 1 DAGs
[2025-09-19T11:47:36.710+0000] {logging_mixin.py:188} INFO - [2025-09-19T11:47:36.709+0000] {dag.py:3954} INFO - Setting next_dagrun for etl_pipeline to 2025-09-18 00:00:00+00:00, run_after=2025-09-19 00:00:00+00:00
[2025-09-19T11:47:36.737+0000] {processor.py:183} INFO - Processing /opt/airflow/dags/etl_timeseries_csv_pipeline.py took 0.152 seconds
[2025-09-19T11:48:07.215+0000] {processor.py:161} INFO - Started process (PID=211) to work on /opt/airflow/dags/etl_timeseries_csv_pipeline.py
[2025-09-19T11:48:07.216+0000] {processor.py:830} INFO - Processing file /opt/airflow/dags/etl_timeseries_csv_pipeline.py for tasks to queue
[2025-09-19T11:48:07.220+0000] {logging_mixin.py:188} INFO - [2025-09-19T11:48:07.219+0000] {dagbag.py:545} INFO - Filling up the DagBag from /opt/airflow/dags/etl_timeseries_csv_pipeline.py
[2025-09-19T11:48:07.252+0000] {processor.py:840} INFO - DAG(s) 'etl_pipeline' retrieved from /opt/airflow/dags/etl_timeseries_csv_pipeline.py
[2025-09-19T11:48:07.293+0000] {logging_mixin.py:188} INFO - [2025-09-19T11:48:07.293+0000] {dag.py:3096} INFO - Sync 1 DAGs
[2025-09-19T11:48:07.330+0000] {logging_mixin.py:188} INFO - [2025-09-19T11:48:07.329+0000] {dag.py:3954} INFO - Setting next_dagrun for etl_pipeline to 2025-09-18 00:00:00+00:00, run_after=2025-09-19 00:00:00+00:00
[2025-09-19T11:48:07.363+0000] {processor.py:183} INFO - Processing /opt/airflow/dags/etl_timeseries_csv_pipeline.py took 0.157 seconds
[2025-09-19T11:48:37.865+0000] {processor.py:161} INFO - Started process (PID=222) to work on /opt/airflow/dags/etl_timeseries_csv_pipeline.py
[2025-09-19T11:48:37.867+0000] {processor.py:830} INFO - Processing file /opt/airflow/dags/etl_timeseries_csv_pipeline.py for tasks to queue
[2025-09-19T11:48:37.868+0000] {logging_mixin.py:188} INFO - [2025-09-19T11:48:37.868+0000] {dagbag.py:545} INFO - Filling up the DagBag from /opt/airflow/dags/etl_timeseries_csv_pipeline.py
[2025-09-19T11:48:37.891+0000] {processor.py:840} INFO - DAG(s) 'etl_pipeline' retrieved from /opt/airflow/dags/etl_timeseries_csv_pipeline.py
[2025-09-19T11:48:37.918+0000] {logging_mixin.py:188} INFO - [2025-09-19T11:48:37.918+0000] {dag.py:3096} INFO - Sync 1 DAGs
[2025-09-19T11:48:37.939+0000] {logging_mixin.py:188} INFO - [2025-09-19T11:48:37.939+0000] {dag.py:3954} INFO - Setting next_dagrun for etl_pipeline to 2025-09-18 00:00:00+00:00, run_after=2025-09-19 00:00:00+00:00
[2025-09-19T11:48:37.957+0000] {processor.py:183} INFO - Processing /opt/airflow/dags/etl_timeseries_csv_pipeline.py took 0.098 seconds
[2025-09-19T11:49:08.452+0000] {processor.py:161} INFO - Started process (PID=233) to work on /opt/airflow/dags/etl_timeseries_csv_pipeline.py
[2025-09-19T11:49:08.454+0000] {processor.py:830} INFO - Processing file /opt/airflow/dags/etl_timeseries_csv_pipeline.py for tasks to queue
[2025-09-19T11:49:08.458+0000] {logging_mixin.py:188} INFO - [2025-09-19T11:49:08.458+0000] {dagbag.py:545} INFO - Filling up the DagBag from /opt/airflow/dags/etl_timeseries_csv_pipeline.py
[2025-09-19T11:49:08.498+0000] {processor.py:840} INFO - DAG(s) 'etl_pipeline' retrieved from /opt/airflow/dags/etl_timeseries_csv_pipeline.py
[2025-09-19T11:49:08.547+0000] {logging_mixin.py:188} INFO - [2025-09-19T11:49:08.547+0000] {dag.py:3096} INFO - Sync 1 DAGs
[2025-09-19T11:49:08.580+0000] {logging_mixin.py:188} INFO - [2025-09-19T11:49:08.579+0000] {dag.py:3954} INFO - Setting next_dagrun for etl_pipeline to 2025-09-18 00:00:00+00:00, run_after=2025-09-19 00:00:00+00:00
[2025-09-19T11:49:08.609+0000] {processor.py:183} INFO - Processing /opt/airflow/dags/etl_timeseries_csv_pipeline.py took 0.165 seconds
[2025-09-19T11:49:38.734+0000] {processor.py:161} INFO - Started process (PID=244) to work on /opt/airflow/dags/etl_timeseries_csv_pipeline.py
[2025-09-19T11:49:38.736+0000] {processor.py:830} INFO - Processing file /opt/airflow/dags/etl_timeseries_csv_pipeline.py for tasks to queue
[2025-09-19T11:49:38.740+0000] {logging_mixin.py:188} INFO - [2025-09-19T11:49:38.739+0000] {dagbag.py:545} INFO - Filling up the DagBag from /opt/airflow/dags/etl_timeseries_csv_pipeline.py
[2025-09-19T11:49:38.782+0000] {processor.py:840} INFO - DAG(s) 'etl_pipeline' retrieved from /opt/airflow/dags/etl_timeseries_csv_pipeline.py
[2025-09-19T11:49:38.808+0000] {logging_mixin.py:188} INFO - [2025-09-19T11:49:38.807+0000] {dag.py:3096} INFO - Sync 1 DAGs
[2025-09-19T11:49:38.831+0000] {logging_mixin.py:188} INFO - [2025-09-19T11:49:38.831+0000] {dag.py:3954} INFO - Setting next_dagrun for etl_pipeline to 2025-09-18 00:00:00+00:00, run_after=2025-09-19 00:00:00+00:00
[2025-09-19T11:49:38.852+0000] {processor.py:183} INFO - Processing /opt/airflow/dags/etl_timeseries_csv_pipeline.py took 0.123 seconds
[2025-09-19T11:50:09.273+0000] {processor.py:161} INFO - Started process (PID=255) to work on /opt/airflow/dags/etl_timeseries_csv_pipeline.py
[2025-09-19T11:50:09.274+0000] {processor.py:830} INFO - Processing file /opt/airflow/dags/etl_timeseries_csv_pipeline.py for tasks to queue
[2025-09-19T11:50:09.278+0000] {logging_mixin.py:188} INFO - [2025-09-19T11:50:09.277+0000] {dagbag.py:545} INFO - Filling up the DagBag from /opt/airflow/dags/etl_timeseries_csv_pipeline.py
[2025-09-19T11:50:09.310+0000] {processor.py:840} INFO - DAG(s) 'etl_pipeline' retrieved from /opt/airflow/dags/etl_timeseries_csv_pipeline.py
[2025-09-19T11:50:09.347+0000] {logging_mixin.py:188} INFO - [2025-09-19T11:50:09.346+0000] {dag.py:3096} INFO - Sync 1 DAGs
[2025-09-19T11:50:09.385+0000] {logging_mixin.py:188} INFO - [2025-09-19T11:50:09.384+0000] {dag.py:3954} INFO - Setting next_dagrun for etl_pipeline to 2025-09-18 00:00:00+00:00, run_after=2025-09-19 00:00:00+00:00
[2025-09-19T11:50:09.414+0000] {processor.py:183} INFO - Processing /opt/airflow/dags/etl_timeseries_csv_pipeline.py took 0.151 seconds
[2025-09-19T11:50:39.949+0000] {processor.py:161} INFO - Started process (PID=266) to work on /opt/airflow/dags/etl_timeseries_csv_pipeline.py
[2025-09-19T11:50:39.951+0000] {processor.py:830} INFO - Processing file /opt/airflow/dags/etl_timeseries_csv_pipeline.py for tasks to queue
[2025-09-19T11:50:39.960+0000] {logging_mixin.py:188} INFO - [2025-09-19T11:50:39.959+0000] {dagbag.py:545} INFO - Filling up the DagBag from /opt/airflow/dags/etl_timeseries_csv_pipeline.py
[2025-09-19T11:50:40.013+0000] {processor.py:840} INFO - DAG(s) 'etl_pipeline' retrieved from /opt/airflow/dags/etl_timeseries_csv_pipeline.py
[2025-09-19T11:50:40.065+0000] {logging_mixin.py:188} INFO - [2025-09-19T11:50:40.064+0000] {dag.py:3096} INFO - Sync 1 DAGs
[2025-09-19T11:50:40.109+0000] {logging_mixin.py:188} INFO - [2025-09-19T11:50:40.109+0000] {dag.py:3954} INFO - Setting next_dagrun for etl_pipeline to 2025-09-18 00:00:00+00:00, run_after=2025-09-19 00:00:00+00:00
[2025-09-19T11:50:40.145+0000] {processor.py:183} INFO - Processing /opt/airflow/dags/etl_timeseries_csv_pipeline.py took 0.217 seconds
[2025-09-19T11:59:35.500+0000] {processor.py:161} INFO - Started process (PID=178) to work on /opt/airflow/dags/etl_timeseries_csv_pipeline.py
[2025-09-19T11:59:35.501+0000] {processor.py:830} INFO - Processing file /opt/airflow/dags/etl_timeseries_csv_pipeline.py for tasks to queue
[2025-09-19T11:59:35.502+0000] {logging_mixin.py:188} INFO - [2025-09-19T11:59:35.502+0000] {dagbag.py:545} INFO - Filling up the DagBag from /opt/airflow/dags/etl_timeseries_csv_pipeline.py
[2025-09-19T11:59:35.540+0000] {processor.py:840} INFO - DAG(s) 'etl_pipeline' retrieved from /opt/airflow/dags/etl_timeseries_csv_pipeline.py
[2025-09-19T11:59:35.565+0000] {logging_mixin.py:188} INFO - [2025-09-19T11:59:35.564+0000] {dag.py:3096} INFO - Sync 1 DAGs
[2025-09-19T11:59:35.588+0000] {logging_mixin.py:188} INFO - [2025-09-19T11:59:35.588+0000] {dag.py:3954} INFO - Setting next_dagrun for etl_pipeline to 2025-09-18 00:00:00+00:00, run_after=2025-09-19 00:00:00+00:00
[2025-09-19T11:59:35.610+0000] {processor.py:183} INFO - Processing /opt/airflow/dags/etl_timeseries_csv_pipeline.py took 0.116 seconds
[2025-09-19T12:00:06.072+0000] {processor.py:161} INFO - Started process (PID=192) to work on /opt/airflow/dags/etl_timeseries_csv_pipeline.py
[2025-09-19T12:00:06.074+0000] {processor.py:830} INFO - Processing file /opt/airflow/dags/etl_timeseries_csv_pipeline.py for tasks to queue
[2025-09-19T12:00:06.080+0000] {logging_mixin.py:188} INFO - [2025-09-19T12:00:06.079+0000] {dagbag.py:545} INFO - Filling up the DagBag from /opt/airflow/dags/etl_timeseries_csv_pipeline.py
[2025-09-19T12:00:06.140+0000] {processor.py:840} INFO - DAG(s) 'etl_pipeline' retrieved from /opt/airflow/dags/etl_timeseries_csv_pipeline.py
[2025-09-19T12:00:06.500+0000] {logging_mixin.py:188} INFO - [2025-09-19T12:00:06.499+0000] {dag.py:3096} INFO - Sync 1 DAGs
[2025-09-19T12:00:06.532+0000] {logging_mixin.py:188} INFO - [2025-09-19T12:00:06.531+0000] {dag.py:3954} INFO - Setting next_dagrun for etl_pipeline to 2025-09-18 00:00:00+00:00, run_after=2025-09-19 00:00:00+00:00
[2025-09-19T12:00:06.562+0000] {processor.py:183} INFO - Processing /opt/airflow/dags/etl_timeseries_csv_pipeline.py took 0.508 seconds
[2025-09-19T12:00:36.665+0000] {processor.py:161} INFO - Started process (PID=204) to work on /opt/airflow/dags/etl_timeseries_csv_pipeline.py
[2025-09-19T12:00:36.666+0000] {processor.py:830} INFO - Processing file /opt/airflow/dags/etl_timeseries_csv_pipeline.py for tasks to queue
[2025-09-19T12:00:36.669+0000] {logging_mixin.py:188} INFO - [2025-09-19T12:00:36.669+0000] {dagbag.py:545} INFO - Filling up the DagBag from /opt/airflow/dags/etl_timeseries_csv_pipeline.py
[2025-09-19T12:00:36.722+0000] {processor.py:840} INFO - DAG(s) 'etl_pipeline' retrieved from /opt/airflow/dags/etl_timeseries_csv_pipeline.py
[2025-09-19T12:00:36.767+0000] {logging_mixin.py:188} INFO - [2025-09-19T12:00:36.767+0000] {dag.py:3096} INFO - Sync 1 DAGs
[2025-09-19T12:00:36.798+0000] {logging_mixin.py:188} INFO - [2025-09-19T12:00:36.797+0000] {dag.py:3954} INFO - Setting next_dagrun for etl_pipeline to 2025-09-18 00:00:00+00:00, run_after=2025-09-19 00:00:00+00:00
[2025-09-19T12:00:36.841+0000] {processor.py:183} INFO - Processing /opt/airflow/dags/etl_timeseries_csv_pipeline.py took 0.187 seconds
[2025-09-19T12:01:07.121+0000] {processor.py:161} INFO - Started process (PID=216) to work on /opt/airflow/dags/etl_timeseries_csv_pipeline.py
[2025-09-19T12:01:07.123+0000] {processor.py:830} INFO - Processing file /opt/airflow/dags/etl_timeseries_csv_pipeline.py for tasks to queue
[2025-09-19T12:01:07.126+0000] {logging_mixin.py:188} INFO - [2025-09-19T12:01:07.125+0000] {dagbag.py:545} INFO - Filling up the DagBag from /opt/airflow/dags/etl_timeseries_csv_pipeline.py
[2025-09-19T12:01:07.169+0000] {processor.py:840} INFO - DAG(s) 'etl_pipeline' retrieved from /opt/airflow/dags/etl_timeseries_csv_pipeline.py
[2025-09-19T12:01:07.215+0000] {logging_mixin.py:188} INFO - [2025-09-19T12:01:07.215+0000] {dag.py:3096} INFO - Sync 1 DAGs
[2025-09-19T12:01:07.255+0000] {logging_mixin.py:188} INFO - [2025-09-19T12:01:07.255+0000] {dag.py:3954} INFO - Setting next_dagrun for etl_pipeline to 2025-09-18 00:00:00+00:00, run_after=2025-09-19 00:00:00+00:00
[2025-09-19T12:01:07.285+0000] {processor.py:183} INFO - Processing /opt/airflow/dags/etl_timeseries_csv_pipeline.py took 0.172 seconds
[2025-09-19T12:01:37.735+0000] {processor.py:161} INFO - Started process (PID=228) to work on /opt/airflow/dags/etl_timeseries_csv_pipeline.py
[2025-09-19T12:01:37.736+0000] {processor.py:830} INFO - Processing file /opt/airflow/dags/etl_timeseries_csv_pipeline.py for tasks to queue
[2025-09-19T12:01:37.739+0000] {logging_mixin.py:188} INFO - [2025-09-19T12:01:37.738+0000] {dagbag.py:545} INFO - Filling up the DagBag from /opt/airflow/dags/etl_timeseries_csv_pipeline.py
[2025-09-19T12:01:37.770+0000] {processor.py:840} INFO - DAG(s) 'etl_pipeline' retrieved from /opt/airflow/dags/etl_timeseries_csv_pipeline.py
[2025-09-19T12:01:37.815+0000] {logging_mixin.py:188} INFO - [2025-09-19T12:01:37.815+0000] {dag.py:3096} INFO - Sync 1 DAGs
[2025-09-19T12:01:37.847+0000] {logging_mixin.py:188} INFO - [2025-09-19T12:01:37.846+0000] {dag.py:3954} INFO - Setting next_dagrun for etl_pipeline to 2025-09-18 00:00:00+00:00, run_after=2025-09-19 00:00:00+00:00
[2025-09-19T12:01:37.870+0000] {processor.py:183} INFO - Processing /opt/airflow/dags/etl_timeseries_csv_pipeline.py took 0.140 seconds
[2025-09-19T12:02:08.466+0000] {processor.py:161} INFO - Started process (PID=240) to work on /opt/airflow/dags/etl_timeseries_csv_pipeline.py
[2025-09-19T12:02:08.468+0000] {processor.py:830} INFO - Processing file /opt/airflow/dags/etl_timeseries_csv_pipeline.py for tasks to queue
[2025-09-19T12:02:08.471+0000] {logging_mixin.py:188} INFO - [2025-09-19T12:02:08.470+0000] {dagbag.py:545} INFO - Filling up the DagBag from /opt/airflow/dags/etl_timeseries_csv_pipeline.py
[2025-09-19T12:02:08.504+0000] {processor.py:840} INFO - DAG(s) 'etl_pipeline' retrieved from /opt/airflow/dags/etl_timeseries_csv_pipeline.py
[2025-09-19T12:02:08.552+0000] {logging_mixin.py:188} INFO - [2025-09-19T12:02:08.550+0000] {dag.py:3096} INFO - Sync 1 DAGs
[2025-09-19T12:02:08.589+0000] {logging_mixin.py:188} INFO - [2025-09-19T12:02:08.588+0000] {dag.py:3954} INFO - Setting next_dagrun for etl_pipeline to 2025-09-18 00:00:00+00:00, run_after=2025-09-19 00:00:00+00:00
[2025-09-19T12:02:08.617+0000] {processor.py:183} INFO - Processing /opt/airflow/dags/etl_timeseries_csv_pipeline.py took 0.161 seconds
[2025-09-19T12:02:39.150+0000] {processor.py:161} INFO - Started process (PID=252) to work on /opt/airflow/dags/etl_timeseries_csv_pipeline.py
[2025-09-19T12:02:39.152+0000] {processor.py:830} INFO - Processing file /opt/airflow/dags/etl_timeseries_csv_pipeline.py for tasks to queue
[2025-09-19T12:02:39.155+0000] {logging_mixin.py:188} INFO - [2025-09-19T12:02:39.154+0000] {dagbag.py:545} INFO - Filling up the DagBag from /opt/airflow/dags/etl_timeseries_csv_pipeline.py
[2025-09-19T12:02:39.177+0000] {processor.py:840} INFO - DAG(s) 'etl_pipeline' retrieved from /opt/airflow/dags/etl_timeseries_csv_pipeline.py
[2025-09-19T12:02:39.205+0000] {logging_mixin.py:188} INFO - [2025-09-19T12:02:39.205+0000] {dag.py:3096} INFO - Sync 1 DAGs
[2025-09-19T12:02:39.229+0000] {logging_mixin.py:188} INFO - [2025-09-19T12:02:39.229+0000] {dag.py:3954} INFO - Setting next_dagrun for etl_pipeline to 2025-09-18 00:00:00+00:00, run_after=2025-09-19 00:00:00+00:00
[2025-09-19T12:02:39.269+0000] {processor.py:183} INFO - Processing /opt/airflow/dags/etl_timeseries_csv_pipeline.py took 0.128 seconds
[2025-09-19T12:03:09.773+0000] {processor.py:161} INFO - Started process (PID=264) to work on /opt/airflow/dags/etl_timeseries_csv_pipeline.py
[2025-09-19T12:03:09.775+0000] {processor.py:830} INFO - Processing file /opt/airflow/dags/etl_timeseries_csv_pipeline.py for tasks to queue
[2025-09-19T12:03:09.779+0000] {logging_mixin.py:188} INFO - [2025-09-19T12:03:09.779+0000] {dagbag.py:545} INFO - Filling up the DagBag from /opt/airflow/dags/etl_timeseries_csv_pipeline.py
[2025-09-19T12:03:09.808+0000] {processor.py:840} INFO - DAG(s) 'etl_pipeline' retrieved from /opt/airflow/dags/etl_timeseries_csv_pipeline.py
[2025-09-19T12:03:09.841+0000] {logging_mixin.py:188} INFO - [2025-09-19T12:03:09.841+0000] {dag.py:3096} INFO - Sync 1 DAGs
[2025-09-19T12:03:09.874+0000] {logging_mixin.py:188} INFO - [2025-09-19T12:03:09.873+0000] {dag.py:3954} INFO - Setting next_dagrun for etl_pipeline to 2025-09-18 00:00:00+00:00, run_after=2025-09-19 00:00:00+00:00
[2025-09-19T12:03:09.897+0000] {processor.py:183} INFO - Processing /opt/airflow/dags/etl_timeseries_csv_pipeline.py took 0.135 seconds
[2025-09-19T12:03:40.163+0000] {processor.py:161} INFO - Started process (PID=276) to work on /opt/airflow/dags/etl_timeseries_csv_pipeline.py
[2025-09-19T12:03:40.165+0000] {processor.py:830} INFO - Processing file /opt/airflow/dags/etl_timeseries_csv_pipeline.py for tasks to queue
[2025-09-19T12:03:40.173+0000] {logging_mixin.py:188} INFO - [2025-09-19T12:03:40.172+0000] {dagbag.py:545} INFO - Filling up the DagBag from /opt/airflow/dags/etl_timeseries_csv_pipeline.py
[2025-09-19T12:03:40.205+0000] {processor.py:840} INFO - DAG(s) 'etl_pipeline' retrieved from /opt/airflow/dags/etl_timeseries_csv_pipeline.py
[2025-09-19T12:03:40.250+0000] {logging_mixin.py:188} INFO - [2025-09-19T12:03:40.250+0000] {dag.py:3096} INFO - Sync 1 DAGs
[2025-09-19T12:03:40.288+0000] {logging_mixin.py:188} INFO - [2025-09-19T12:03:40.287+0000] {dag.py:3954} INFO - Setting next_dagrun for etl_pipeline to 2025-09-18 00:00:00+00:00, run_after=2025-09-19 00:00:00+00:00
[2025-09-19T12:03:40.323+0000] {processor.py:183} INFO - Processing /opt/airflow/dags/etl_timeseries_csv_pipeline.py took 0.172 seconds
[2025-09-19T12:04:10.849+0000] {processor.py:161} INFO - Started process (PID=288) to work on /opt/airflow/dags/etl_timeseries_csv_pipeline.py
[2025-09-19T12:04:10.850+0000] {processor.py:830} INFO - Processing file /opt/airflow/dags/etl_timeseries_csv_pipeline.py for tasks to queue
[2025-09-19T12:04:10.854+0000] {logging_mixin.py:188} INFO - [2025-09-19T12:04:10.853+0000] {dagbag.py:545} INFO - Filling up the DagBag from /opt/airflow/dags/etl_timeseries_csv_pipeline.py
[2025-09-19T12:04:10.902+0000] {processor.py:840} INFO - DAG(s) 'etl_pipeline' retrieved from /opt/airflow/dags/etl_timeseries_csv_pipeline.py
[2025-09-19T12:04:10.935+0000] {logging_mixin.py:188} INFO - [2025-09-19T12:04:10.935+0000] {dag.py:3096} INFO - Sync 1 DAGs
[2025-09-19T12:04:10.956+0000] {logging_mixin.py:188} INFO - [2025-09-19T12:04:10.956+0000] {dag.py:3954} INFO - Setting next_dagrun for etl_pipeline to 2025-09-18 00:00:00+00:00, run_after=2025-09-19 00:00:00+00:00
[2025-09-19T12:04:10.982+0000] {processor.py:183} INFO - Processing /opt/airflow/dags/etl_timeseries_csv_pipeline.py took 0.138 seconds
[2025-09-19T12:04:42.404+0000] {processor.py:161} INFO - Started process (PID=178) to work on /opt/airflow/dags/etl_timeseries_csv_pipeline.py
[2025-09-19T12:04:42.408+0000] {processor.py:830} INFO - Processing file /opt/airflow/dags/etl_timeseries_csv_pipeline.py for tasks to queue
[2025-09-19T12:04:42.412+0000] {logging_mixin.py:188} INFO - [2025-09-19T12:04:42.411+0000] {dagbag.py:545} INFO - Filling up the DagBag from /opt/airflow/dags/etl_timeseries_csv_pipeline.py
[2025-09-19T12:04:42.444+0000] {processor.py:840} INFO - DAG(s) 'etl_pipeline' retrieved from /opt/airflow/dags/etl_timeseries_csv_pipeline.py
[2025-09-19T12:04:42.467+0000] {logging_mixin.py:188} INFO - [2025-09-19T12:04:42.466+0000] {dag.py:3096} INFO - Sync 1 DAGs
[2025-09-19T12:04:42.486+0000] {logging_mixin.py:188} INFO - [2025-09-19T12:04:42.485+0000] {dag.py:3954} INFO - Setting next_dagrun for etl_pipeline to 2025-09-18 00:00:00+00:00, run_after=2025-09-19 00:00:00+00:00
[2025-09-19T12:04:42.503+0000] {processor.py:183} INFO - Processing /opt/airflow/dags/etl_timeseries_csv_pipeline.py took 0.103 seconds
[2025-09-19T12:05:12.860+0000] {processor.py:161} INFO - Started process (PID=192) to work on /opt/airflow/dags/etl_timeseries_csv_pipeline.py
[2025-09-19T12:05:12.862+0000] {processor.py:830} INFO - Processing file /opt/airflow/dags/etl_timeseries_csv_pipeline.py for tasks to queue
[2025-09-19T12:05:12.866+0000] {logging_mixin.py:188} INFO - [2025-09-19T12:05:12.865+0000] {dagbag.py:545} INFO - Filling up the DagBag from /opt/airflow/dags/etl_timeseries_csv_pipeline.py
[2025-09-19T12:05:12.914+0000] {processor.py:840} INFO - DAG(s) 'etl_pipeline' retrieved from /opt/airflow/dags/etl_timeseries_csv_pipeline.py
[2025-09-19T12:05:13.323+0000] {logging_mixin.py:188} INFO - [2025-09-19T12:05:13.323+0000] {dag.py:3096} INFO - Sync 1 DAGs
[2025-09-19T12:05:13.364+0000] {logging_mixin.py:188} INFO - [2025-09-19T12:05:13.364+0000] {dag.py:3954} INFO - Setting next_dagrun for etl_pipeline to 2025-09-18 00:00:00+00:00, run_after=2025-09-19 00:00:00+00:00
[2025-09-19T12:05:13.422+0000] {processor.py:183} INFO - Processing /opt/airflow/dags/etl_timeseries_csv_pipeline.py took 0.572 seconds
[2025-09-19T12:05:44.349+0000] {processor.py:161} INFO - Started process (PID=204) to work on /opt/airflow/dags/etl_timeseries_csv_pipeline.py
[2025-09-19T12:05:44.350+0000] {processor.py:830} INFO - Processing file /opt/airflow/dags/etl_timeseries_csv_pipeline.py for tasks to queue
[2025-09-19T12:05:44.352+0000] {logging_mixin.py:188} INFO - [2025-09-19T12:05:44.351+0000] {dagbag.py:545} INFO - Filling up the DagBag from /opt/airflow/dags/etl_timeseries_csv_pipeline.py
[2025-09-19T12:05:44.385+0000] {processor.py:840} INFO - DAG(s) 'etl_pipeline' retrieved from /opt/airflow/dags/etl_timeseries_csv_pipeline.py
[2025-09-19T12:05:44.426+0000] {logging_mixin.py:188} INFO - [2025-09-19T12:05:44.426+0000] {dag.py:3096} INFO - Sync 1 DAGs
[2025-09-19T12:05:44.466+0000] {logging_mixin.py:188} INFO - [2025-09-19T12:05:44.466+0000] {dag.py:3954} INFO - Setting next_dagrun for etl_pipeline to 2025-09-18 00:00:00+00:00, run_after=2025-09-19 00:00:00+00:00
[2025-09-19T12:05:44.494+0000] {processor.py:183} INFO - Processing /opt/airflow/dags/etl_timeseries_csv_pipeline.py took 0.154 seconds
[2025-09-19T12:06:15.016+0000] {processor.py:161} INFO - Started process (PID=220) to work on /opt/airflow/dags/etl_timeseries_csv_pipeline.py
[2025-09-19T12:06:15.018+0000] {processor.py:830} INFO - Processing file /opt/airflow/dags/etl_timeseries_csv_pipeline.py for tasks to queue
[2025-09-19T12:06:15.023+0000] {logging_mixin.py:188} INFO - [2025-09-19T12:06:15.021+0000] {dagbag.py:545} INFO - Filling up the DagBag from /opt/airflow/dags/etl_timeseries_csv_pipeline.py
[2025-09-19T12:06:15.082+0000] {processor.py:840} INFO - DAG(s) 'etl_pipeline' retrieved from /opt/airflow/dags/etl_timeseries_csv_pipeline.py
[2025-09-19T12:06:15.138+0000] {logging_mixin.py:188} INFO - [2025-09-19T12:06:15.138+0000] {dag.py:3096} INFO - Sync 1 DAGs
[2025-09-19T12:06:15.184+0000] {logging_mixin.py:188} INFO - [2025-09-19T12:06:15.183+0000] {dag.py:3954} INFO - Setting next_dagrun for etl_pipeline to 2025-09-18 00:00:00+00:00, run_after=2025-09-19 00:00:00+00:00
[2025-09-19T12:06:15.221+0000] {processor.py:183} INFO - Processing /opt/airflow/dags/etl_timeseries_csv_pipeline.py took 0.218 seconds
[2025-09-19T12:06:45.436+0000] {processor.py:161} INFO - Started process (PID=232) to work on /opt/airflow/dags/etl_timeseries_csv_pipeline.py
[2025-09-19T12:06:45.438+0000] {processor.py:830} INFO - Processing file /opt/airflow/dags/etl_timeseries_csv_pipeline.py for tasks to queue
[2025-09-19T12:06:45.442+0000] {logging_mixin.py:188} INFO - [2025-09-19T12:06:45.442+0000] {dagbag.py:545} INFO - Filling up the DagBag from /opt/airflow/dags/etl_timeseries_csv_pipeline.py
[2025-09-19T12:06:45.495+0000] {processor.py:840} INFO - DAG(s) 'etl_pipeline' retrieved from /opt/airflow/dags/etl_timeseries_csv_pipeline.py
[2025-09-19T12:06:45.534+0000] {logging_mixin.py:188} INFO - [2025-09-19T12:06:45.534+0000] {dag.py:3096} INFO - Sync 1 DAGs
[2025-09-19T12:06:45.576+0000] {logging_mixin.py:188} INFO - [2025-09-19T12:06:45.576+0000] {dag.py:3954} INFO - Setting next_dagrun for etl_pipeline to 2025-09-18 00:00:00+00:00, run_after=2025-09-19 00:00:00+00:00
[2025-09-19T12:06:45.612+0000] {processor.py:183} INFO - Processing /opt/airflow/dags/etl_timeseries_csv_pipeline.py took 0.188 seconds
[2025-09-19T12:07:16.036+0000] {processor.py:161} INFO - Started process (PID=244) to work on /opt/airflow/dags/etl_timeseries_csv_pipeline.py
[2025-09-19T12:07:16.039+0000] {processor.py:830} INFO - Processing file /opt/airflow/dags/etl_timeseries_csv_pipeline.py for tasks to queue
[2025-09-19T12:07:16.043+0000] {logging_mixin.py:188} INFO - [2025-09-19T12:07:16.043+0000] {dagbag.py:545} INFO - Filling up the DagBag from /opt/airflow/dags/etl_timeseries_csv_pipeline.py
[2025-09-19T12:07:16.130+0000] {processor.py:840} INFO - DAG(s) 'etl_pipeline' retrieved from /opt/airflow/dags/etl_timeseries_csv_pipeline.py
[2025-09-19T12:07:16.180+0000] {logging_mixin.py:188} INFO - [2025-09-19T12:07:16.180+0000] {dag.py:3096} INFO - Sync 1 DAGs
[2025-09-19T12:07:16.212+0000] {logging_mixin.py:188} INFO - [2025-09-19T12:07:16.212+0000] {dag.py:3954} INFO - Setting next_dagrun for etl_pipeline to 2025-09-18 00:00:00+00:00, run_after=2025-09-19 00:00:00+00:00
[2025-09-19T12:07:16.256+0000] {processor.py:183} INFO - Processing /opt/airflow/dags/etl_timeseries_csv_pipeline.py took 0.234 seconds
[2025-09-19T12:07:46.475+0000] {processor.py:161} INFO - Started process (PID=256) to work on /opt/airflow/dags/etl_timeseries_csv_pipeline.py
[2025-09-19T12:07:46.477+0000] {processor.py:830} INFO - Processing file /opt/airflow/dags/etl_timeseries_csv_pipeline.py for tasks to queue
[2025-09-19T12:07:46.480+0000] {logging_mixin.py:188} INFO - [2025-09-19T12:07:46.479+0000] {dagbag.py:545} INFO - Filling up the DagBag from /opt/airflow/dags/etl_timeseries_csv_pipeline.py
[2025-09-19T12:07:46.516+0000] {processor.py:840} INFO - DAG(s) 'etl_pipeline' retrieved from /opt/airflow/dags/etl_timeseries_csv_pipeline.py
[2025-09-19T12:07:46.556+0000] {logging_mixin.py:188} INFO - [2025-09-19T12:07:46.556+0000] {dag.py:3096} INFO - Sync 1 DAGs
[2025-09-19T12:07:46.592+0000] {logging_mixin.py:188} INFO - [2025-09-19T12:07:46.591+0000] {dag.py:3954} INFO - Setting next_dagrun for etl_pipeline to 2025-09-18 00:00:00+00:00, run_after=2025-09-19 00:00:00+00:00
[2025-09-19T12:07:46.625+0000] {processor.py:183} INFO - Processing /opt/airflow/dags/etl_timeseries_csv_pipeline.py took 0.161 seconds
[2025-09-19T12:08:16.843+0000] {processor.py:161} INFO - Started process (PID=272) to work on /opt/airflow/dags/etl_timeseries_csv_pipeline.py
[2025-09-19T12:08:16.845+0000] {processor.py:830} INFO - Processing file /opt/airflow/dags/etl_timeseries_csv_pipeline.py for tasks to queue
[2025-09-19T12:08:16.850+0000] {logging_mixin.py:188} INFO - [2025-09-19T12:08:16.849+0000] {dagbag.py:545} INFO - Filling up the DagBag from /opt/airflow/dags/etl_timeseries_csv_pipeline.py
[2025-09-19T12:08:16.892+0000] {processor.py:840} INFO - DAG(s) 'etl_pipeline' retrieved from /opt/airflow/dags/etl_timeseries_csv_pipeline.py
[2025-09-19T12:08:16.944+0000] {logging_mixin.py:188} INFO - [2025-09-19T12:08:16.943+0000] {dag.py:3096} INFO - Sync 1 DAGs
[2025-09-19T12:08:16.984+0000] {logging_mixin.py:188} INFO - [2025-09-19T12:08:16.983+0000] {dag.py:3954} INFO - Setting next_dagrun for etl_pipeline to 2025-09-18 00:00:00+00:00, run_after=2025-09-19 00:00:00+00:00
[2025-09-19T12:08:17.019+0000] {processor.py:183} INFO - Processing /opt/airflow/dags/etl_timeseries_csv_pipeline.py took 0.188 seconds
[2025-09-19T12:08:47.743+0000] {processor.py:161} INFO - Started process (PID=288) to work on /opt/airflow/dags/etl_timeseries_csv_pipeline.py
[2025-09-19T12:08:47.745+0000] {processor.py:830} INFO - Processing file /opt/airflow/dags/etl_timeseries_csv_pipeline.py for tasks to queue
[2025-09-19T12:08:47.747+0000] {logging_mixin.py:188} INFO - [2025-09-19T12:08:47.747+0000] {dagbag.py:545} INFO - Filling up the DagBag from /opt/airflow/dags/etl_timeseries_csv_pipeline.py
[2025-09-19T12:08:47.782+0000] {processor.py:840} INFO - DAG(s) 'etl_pipeline' retrieved from /opt/airflow/dags/etl_timeseries_csv_pipeline.py
[2025-09-19T12:08:47.818+0000] {logging_mixin.py:188} INFO - [2025-09-19T12:08:47.818+0000] {dag.py:3096} INFO - Sync 1 DAGs
[2025-09-19T12:08:47.856+0000] {logging_mixin.py:188} INFO - [2025-09-19T12:08:47.856+0000] {dag.py:3954} INFO - Setting next_dagrun for etl_pipeline to 2025-09-18 00:00:00+00:00, run_after=2025-09-19 00:00:00+00:00
[2025-09-19T12:08:47.902+0000] {processor.py:183} INFO - Processing /opt/airflow/dags/etl_timeseries_csv_pipeline.py took 0.166 seconds
[2025-09-19T12:09:18.538+0000] {processor.py:161} INFO - Started process (PID=300) to work on /opt/airflow/dags/etl_timeseries_csv_pipeline.py
[2025-09-19T12:09:18.540+0000] {processor.py:830} INFO - Processing file /opt/airflow/dags/etl_timeseries_csv_pipeline.py for tasks to queue
[2025-09-19T12:09:18.543+0000] {logging_mixin.py:188} INFO - [2025-09-19T12:09:18.542+0000] {dagbag.py:545} INFO - Filling up the DagBag from /opt/airflow/dags/etl_timeseries_csv_pipeline.py
[2025-09-19T12:09:18.581+0000] {processor.py:840} INFO - DAG(s) 'etl_pipeline' retrieved from /opt/airflow/dags/etl_timeseries_csv_pipeline.py
[2025-09-19T12:09:18.630+0000] {logging_mixin.py:188} INFO - [2025-09-19T12:09:18.629+0000] {dag.py:3096} INFO - Sync 1 DAGs
[2025-09-19T12:09:18.662+0000] {logging_mixin.py:188} INFO - [2025-09-19T12:09:18.661+0000] {dag.py:3954} INFO - Setting next_dagrun for etl_pipeline to 2025-09-18 00:00:00+00:00, run_after=2025-09-19 00:00:00+00:00
[2025-09-19T12:09:18.688+0000] {processor.py:183} INFO - Processing /opt/airflow/dags/etl_timeseries_csv_pipeline.py took 0.158 seconds
[2025-09-19T12:09:49.555+0000] {processor.py:161} INFO - Started process (PID=312) to work on /opt/airflow/dags/etl_timeseries_csv_pipeline.py
[2025-09-19T12:09:49.560+0000] {processor.py:830} INFO - Processing file /opt/airflow/dags/etl_timeseries_csv_pipeline.py for tasks to queue
[2025-09-19T12:09:49.565+0000] {logging_mixin.py:188} INFO - [2025-09-19T12:09:49.564+0000] {dagbag.py:545} INFO - Filling up the DagBag from /opt/airflow/dags/etl_timeseries_csv_pipeline.py
[2025-09-19T12:09:49.612+0000] {processor.py:840} INFO - DAG(s) 'etl_pipeline' retrieved from /opt/airflow/dags/etl_timeseries_csv_pipeline.py
[2025-09-19T12:09:49.668+0000] {logging_mixin.py:188} INFO - [2025-09-19T12:09:49.668+0000] {dag.py:3096} INFO - Sync 1 DAGs
[2025-09-19T12:09:49.714+0000] {logging_mixin.py:188} INFO - [2025-09-19T12:09:49.713+0000] {dag.py:3954} INFO - Setting next_dagrun for etl_pipeline to 2025-09-18 00:00:00+00:00, run_after=2025-09-19 00:00:00+00:00
[2025-09-19T12:09:49.756+0000] {processor.py:183} INFO - Processing /opt/airflow/dags/etl_timeseries_csv_pipeline.py took 0.213 seconds
[2025-09-19T12:10:20.253+0000] {processor.py:161} INFO - Started process (PID=324) to work on /opt/airflow/dags/etl_timeseries_csv_pipeline.py
[2025-09-19T12:10:20.255+0000] {processor.py:830} INFO - Processing file /opt/airflow/dags/etl_timeseries_csv_pipeline.py for tasks to queue
[2025-09-19T12:10:20.258+0000] {logging_mixin.py:188} INFO - [2025-09-19T12:10:20.257+0000] {dagbag.py:545} INFO - Filling up the DagBag from /opt/airflow/dags/etl_timeseries_csv_pipeline.py
[2025-09-19T12:10:20.286+0000] {processor.py:840} INFO - DAG(s) 'etl_pipeline' retrieved from /opt/airflow/dags/etl_timeseries_csv_pipeline.py
[2025-09-19T12:10:20.321+0000] {logging_mixin.py:188} INFO - [2025-09-19T12:10:20.321+0000] {dag.py:3096} INFO - Sync 1 DAGs
[2025-09-19T12:10:20.345+0000] {logging_mixin.py:188} INFO - [2025-09-19T12:10:20.345+0000] {dag.py:3954} INFO - Setting next_dagrun for etl_pipeline to 2025-09-18 00:00:00+00:00, run_after=2025-09-19 00:00:00+00:00
[2025-09-19T12:10:20.371+0000] {processor.py:183} INFO - Processing /opt/airflow/dags/etl_timeseries_csv_pipeline.py took 0.125 seconds
[2025-09-19T12:10:50.903+0000] {processor.py:161} INFO - Started process (PID=336) to work on /opt/airflow/dags/etl_timeseries_csv_pipeline.py
[2025-09-19T12:10:50.904+0000] {processor.py:830} INFO - Processing file /opt/airflow/dags/etl_timeseries_csv_pipeline.py for tasks to queue
[2025-09-19T12:10:50.907+0000] {logging_mixin.py:188} INFO - [2025-09-19T12:10:50.906+0000] {dagbag.py:545} INFO - Filling up the DagBag from /opt/airflow/dags/etl_timeseries_csv_pipeline.py
[2025-09-19T12:10:50.942+0000] {processor.py:840} INFO - DAG(s) 'etl_pipeline' retrieved from /opt/airflow/dags/etl_timeseries_csv_pipeline.py
[2025-09-19T12:10:50.984+0000] {logging_mixin.py:188} INFO - [2025-09-19T12:10:50.984+0000] {dag.py:3096} INFO - Sync 1 DAGs
[2025-09-19T12:10:51.016+0000] {logging_mixin.py:188} INFO - [2025-09-19T12:10:51.016+0000] {dag.py:3954} INFO - Setting next_dagrun for etl_pipeline to 2025-09-18 00:00:00+00:00, run_after=2025-09-19 00:00:00+00:00
[2025-09-19T12:10:51.044+0000] {processor.py:183} INFO - Processing /opt/airflow/dags/etl_timeseries_csv_pipeline.py took 0.150 seconds
[2025-09-19T12:11:21.354+0000] {processor.py:161} INFO - Started process (PID=348) to work on /opt/airflow/dags/etl_timeseries_csv_pipeline.py
[2025-09-19T12:11:21.356+0000] {processor.py:830} INFO - Processing file /opt/airflow/dags/etl_timeseries_csv_pipeline.py for tasks to queue
[2025-09-19T12:11:21.359+0000] {logging_mixin.py:188} INFO - [2025-09-19T12:11:21.359+0000] {dagbag.py:545} INFO - Filling up the DagBag from /opt/airflow/dags/etl_timeseries_csv_pipeline.py
[2025-09-19T12:11:21.401+0000] {processor.py:840} INFO - DAG(s) 'etl_pipeline' retrieved from /opt/airflow/dags/etl_timeseries_csv_pipeline.py
[2025-09-19T12:11:21.457+0000] {logging_mixin.py:188} INFO - [2025-09-19T12:11:21.456+0000] {dag.py:3096} INFO - Sync 1 DAGs
[2025-09-19T12:11:21.503+0000] {logging_mixin.py:188} INFO - [2025-09-19T12:11:21.503+0000] {dag.py:3954} INFO - Setting next_dagrun for etl_pipeline to 2025-09-18 00:00:00+00:00, run_after=2025-09-19 00:00:00+00:00
[2025-09-19T12:11:21.553+0000] {processor.py:183} INFO - Processing /opt/airflow/dags/etl_timeseries_csv_pipeline.py took 0.214 seconds
[2025-09-19T12:11:51.721+0000] {processor.py:161} INFO - Started process (PID=360) to work on /opt/airflow/dags/etl_timeseries_csv_pipeline.py
[2025-09-19T12:11:51.722+0000] {processor.py:830} INFO - Processing file /opt/airflow/dags/etl_timeseries_csv_pipeline.py for tasks to queue
[2025-09-19T12:11:51.726+0000] {logging_mixin.py:188} INFO - [2025-09-19T12:11:51.725+0000] {dagbag.py:545} INFO - Filling up the DagBag from /opt/airflow/dags/etl_timeseries_csv_pipeline.py
[2025-09-19T12:11:51.758+0000] {processor.py:840} INFO - DAG(s) 'etl_pipeline' retrieved from /opt/airflow/dags/etl_timeseries_csv_pipeline.py
[2025-09-19T12:11:51.796+0000] {logging_mixin.py:188} INFO - [2025-09-19T12:11:51.795+0000] {dag.py:3096} INFO - Sync 1 DAGs
[2025-09-19T12:11:51.821+0000] {logging_mixin.py:188} INFO - [2025-09-19T12:11:51.821+0000] {dag.py:3954} INFO - Setting next_dagrun for etl_pipeline to 2025-09-18 00:00:00+00:00, run_after=2025-09-19 00:00:00+00:00
[2025-09-19T12:11:51.842+0000] {processor.py:183} INFO - Processing /opt/airflow/dags/etl_timeseries_csv_pipeline.py took 0.128 seconds
[2025-09-19T12:12:22.241+0000] {processor.py:161} INFO - Started process (PID=376) to work on /opt/airflow/dags/etl_timeseries_csv_pipeline.py
[2025-09-19T12:12:22.243+0000] {processor.py:830} INFO - Processing file /opt/airflow/dags/etl_timeseries_csv_pipeline.py for tasks to queue
[2025-09-19T12:12:22.247+0000] {logging_mixin.py:188} INFO - [2025-09-19T12:12:22.246+0000] {dagbag.py:545} INFO - Filling up the DagBag from /opt/airflow/dags/etl_timeseries_csv_pipeline.py
[2025-09-19T12:12:22.292+0000] {processor.py:840} INFO - DAG(s) 'etl_pipeline' retrieved from /opt/airflow/dags/etl_timeseries_csv_pipeline.py
[2025-09-19T12:12:22.330+0000] {logging_mixin.py:188} INFO - [2025-09-19T12:12:22.329+0000] {dag.py:3096} INFO - Sync 1 DAGs
[2025-09-19T12:12:22.379+0000] {logging_mixin.py:188} INFO - [2025-09-19T12:12:22.379+0000] {dag.py:3954} INFO - Setting next_dagrun for etl_pipeline to 2025-09-18 00:00:00+00:00, run_after=2025-09-19 00:00:00+00:00
[2025-09-19T12:12:22.402+0000] {processor.py:183} INFO - Processing /opt/airflow/dags/etl_timeseries_csv_pipeline.py took 0.173 seconds
[2025-09-19T12:12:52.890+0000] {processor.py:161} INFO - Started process (PID=388) to work on /opt/airflow/dags/etl_timeseries_csv_pipeline.py
[2025-09-19T12:12:52.896+0000] {processor.py:830} INFO - Processing file /opt/airflow/dags/etl_timeseries_csv_pipeline.py for tasks to queue
[2025-09-19T12:12:52.899+0000] {logging_mixin.py:188} INFO - [2025-09-19T12:12:52.899+0000] {dagbag.py:545} INFO - Filling up the DagBag from /opt/airflow/dags/etl_timeseries_csv_pipeline.py
[2025-09-19T12:12:52.950+0000] {processor.py:840} INFO - DAG(s) 'etl_pipeline' retrieved from /opt/airflow/dags/etl_timeseries_csv_pipeline.py
[2025-09-19T12:12:53.139+0000] {logging_mixin.py:188} INFO - [2025-09-19T12:12:53.139+0000] {dag.py:3096} INFO - Sync 1 DAGs
[2025-09-19T12:12:53.174+0000] {logging_mixin.py:188} INFO - [2025-09-19T12:12:53.174+0000] {dag.py:3954} INFO - Setting next_dagrun for etl_pipeline to 2025-09-18 00:00:00+00:00, run_after=2025-09-19 00:00:00+00:00
[2025-09-19T12:12:53.214+0000] {processor.py:183} INFO - Processing /opt/airflow/dags/etl_timeseries_csv_pipeline.py took 0.335 seconds
[2025-09-19T12:13:23.751+0000] {processor.py:161} INFO - Started process (PID=400) to work on /opt/airflow/dags/etl_timeseries_csv_pipeline.py
[2025-09-19T12:13:23.753+0000] {processor.py:830} INFO - Processing file /opt/airflow/dags/etl_timeseries_csv_pipeline.py for tasks to queue
[2025-09-19T12:13:23.762+0000] {logging_mixin.py:188} INFO - [2025-09-19T12:13:23.759+0000] {dagbag.py:545} INFO - Filling up the DagBag from /opt/airflow/dags/etl_timeseries_csv_pipeline.py
[2025-09-19T12:13:23.841+0000] {processor.py:840} INFO - DAG(s) 'etl_pipeline' retrieved from /opt/airflow/dags/etl_timeseries_csv_pipeline.py
[2025-09-19T12:13:23.902+0000] {logging_mixin.py:188} INFO - [2025-09-19T12:13:23.901+0000] {dag.py:3096} INFO - Sync 1 DAGs
[2025-09-19T12:13:23.957+0000] {logging_mixin.py:188} INFO - [2025-09-19T12:13:23.956+0000] {dag.py:3954} INFO - Setting next_dagrun for etl_pipeline to 2025-09-18 00:00:00+00:00, run_after=2025-09-19 00:00:00+00:00
[2025-09-19T12:13:24.000+0000] {processor.py:183} INFO - Processing /opt/airflow/dags/etl_timeseries_csv_pipeline.py took 0.265 seconds
[2025-09-19T12:13:54.095+0000] {processor.py:161} INFO - Started process (PID=412) to work on /opt/airflow/dags/etl_timeseries_csv_pipeline.py
[2025-09-19T12:13:54.098+0000] {processor.py:830} INFO - Processing file /opt/airflow/dags/etl_timeseries_csv_pipeline.py for tasks to queue
[2025-09-19T12:13:54.100+0000] {logging_mixin.py:188} INFO - [2025-09-19T12:13:54.100+0000] {dagbag.py:545} INFO - Filling up the DagBag from /opt/airflow/dags/etl_timeseries_csv_pipeline.py
[2025-09-19T12:13:54.132+0000] {processor.py:840} INFO - DAG(s) 'etl_pipeline' retrieved from /opt/airflow/dags/etl_timeseries_csv_pipeline.py
[2025-09-19T12:13:54.169+0000] {logging_mixin.py:188} INFO - [2025-09-19T12:13:54.169+0000] {dag.py:3096} INFO - Sync 1 DAGs
[2025-09-19T12:13:54.207+0000] {logging_mixin.py:188} INFO - [2025-09-19T12:13:54.206+0000] {dag.py:3954} INFO - Setting next_dagrun for etl_pipeline to 2025-09-18 00:00:00+00:00, run_after=2025-09-19 00:00:00+00:00
[2025-09-19T12:13:54.243+0000] {processor.py:183} INFO - Processing /opt/airflow/dags/etl_timeseries_csv_pipeline.py took 0.157 seconds
[2025-09-19T12:14:24.601+0000] {processor.py:161} INFO - Started process (PID=422) to work on /opt/airflow/dags/etl_timeseries_csv_pipeline.py
[2025-09-19T12:14:24.604+0000] {processor.py:830} INFO - Processing file /opt/airflow/dags/etl_timeseries_csv_pipeline.py for tasks to queue
[2025-09-19T12:14:24.609+0000] {logging_mixin.py:188} INFO - [2025-09-19T12:14:24.608+0000] {dagbag.py:545} INFO - Filling up the DagBag from /opt/airflow/dags/etl_timeseries_csv_pipeline.py
[2025-09-19T12:14:24.682+0000] {processor.py:840} INFO - DAG(s) 'etl_pipeline' retrieved from /opt/airflow/dags/etl_timeseries_csv_pipeline.py
[2025-09-19T12:14:24.713+0000] {logging_mixin.py:188} INFO - [2025-09-19T12:14:24.713+0000] {dag.py:3096} INFO - Sync 1 DAGs
[2025-09-19T12:14:24.743+0000] {logging_mixin.py:188} INFO - [2025-09-19T12:14:24.743+0000] {dag.py:3954} INFO - Setting next_dagrun for etl_pipeline to 2025-09-18 00:00:00+00:00, run_after=2025-09-19 00:00:00+00:00
[2025-09-19T12:14:24.773+0000] {processor.py:183} INFO - Processing /opt/airflow/dags/etl_timeseries_csv_pipeline.py took 0.186 seconds
[2025-09-19T12:14:55.514+0000] {processor.py:161} INFO - Started process (PID=429) to work on /opt/airflow/dags/etl_timeseries_csv_pipeline.py
[2025-09-19T12:14:55.516+0000] {processor.py:830} INFO - Processing file /opt/airflow/dags/etl_timeseries_csv_pipeline.py for tasks to queue
[2025-09-19T12:14:55.520+0000] {logging_mixin.py:188} INFO - [2025-09-19T12:14:55.520+0000] {dagbag.py:545} INFO - Filling up the DagBag from /opt/airflow/dags/etl_timeseries_csv_pipeline.py
[2025-09-19T12:14:55.565+0000] {processor.py:840} INFO - DAG(s) 'etl_pipeline' retrieved from /opt/airflow/dags/etl_timeseries_csv_pipeline.py
[2025-09-19T12:14:55.603+0000] {logging_mixin.py:188} INFO - [2025-09-19T12:14:55.603+0000] {dag.py:3096} INFO - Sync 1 DAGs
[2025-09-19T12:14:55.638+0000] {logging_mixin.py:188} INFO - [2025-09-19T12:14:55.638+0000] {dag.py:3954} INFO - Setting next_dagrun for etl_pipeline to 2025-09-18 00:00:00+00:00, run_after=2025-09-19 00:00:00+00:00
[2025-09-19T12:14:55.657+0000] {processor.py:183} INFO - Processing /opt/airflow/dags/etl_timeseries_csv_pipeline.py took 0.152 seconds
[2025-09-19T12:15:26.154+0000] {processor.py:161} INFO - Started process (PID=441) to work on /opt/airflow/dags/etl_timeseries_csv_pipeline.py
[2025-09-19T12:15:26.156+0000] {processor.py:830} INFO - Processing file /opt/airflow/dags/etl_timeseries_csv_pipeline.py for tasks to queue
[2025-09-19T12:15:26.160+0000] {logging_mixin.py:188} INFO - [2025-09-19T12:15:26.160+0000] {dagbag.py:545} INFO - Filling up the DagBag from /opt/airflow/dags/etl_timeseries_csv_pipeline.py
[2025-09-19T12:15:26.200+0000] {processor.py:840} INFO - DAG(s) 'etl_pipeline' retrieved from /opt/airflow/dags/etl_timeseries_csv_pipeline.py
[2025-09-19T12:15:26.255+0000] {logging_mixin.py:188} INFO - [2025-09-19T12:15:26.254+0000] {dag.py:3096} INFO - Sync 1 DAGs
[2025-09-19T12:15:26.298+0000] {logging_mixin.py:188} INFO - [2025-09-19T12:15:26.298+0000] {dag.py:3954} INFO - Setting next_dagrun for etl_pipeline to 2025-09-18 00:00:00+00:00, run_after=2025-09-19 00:00:00+00:00
[2025-09-19T12:15:26.334+0000] {processor.py:183} INFO - Processing /opt/airflow/dags/etl_timeseries_csv_pipeline.py took 0.192 seconds
[2025-09-19T12:15:56.595+0000] {processor.py:161} INFO - Started process (PID=453) to work on /opt/airflow/dags/etl_timeseries_csv_pipeline.py
[2025-09-19T12:15:56.596+0000] {processor.py:830} INFO - Processing file /opt/airflow/dags/etl_timeseries_csv_pipeline.py for tasks to queue
[2025-09-19T12:15:56.601+0000] {logging_mixin.py:188} INFO - [2025-09-19T12:15:56.600+0000] {dagbag.py:545} INFO - Filling up the DagBag from /opt/airflow/dags/etl_timeseries_csv_pipeline.py
[2025-09-19T12:15:56.657+0000] {processor.py:840} INFO - DAG(s) 'etl_pipeline' retrieved from /opt/airflow/dags/etl_timeseries_csv_pipeline.py
[2025-09-19T12:15:56.715+0000] {logging_mixin.py:188} INFO - [2025-09-19T12:15:56.714+0000] {dag.py:3096} INFO - Sync 1 DAGs
[2025-09-19T12:15:56.761+0000] {logging_mixin.py:188} INFO - [2025-09-19T12:15:56.760+0000] {dag.py:3954} INFO - Setting next_dagrun for etl_pipeline to 2025-09-18 00:00:00+00:00, run_after=2025-09-19 00:00:00+00:00
[2025-09-19T12:15:56.803+0000] {processor.py:183} INFO - Processing /opt/airflow/dags/etl_timeseries_csv_pipeline.py took 0.214 seconds
[2025-09-19T12:16:26.896+0000] {processor.py:161} INFO - Started process (PID=465) to work on /opt/airflow/dags/etl_timeseries_csv_pipeline.py
[2025-09-19T12:16:26.897+0000] {processor.py:830} INFO - Processing file /opt/airflow/dags/etl_timeseries_csv_pipeline.py for tasks to queue
[2025-09-19T12:16:26.900+0000] {logging_mixin.py:188} INFO - [2025-09-19T12:16:26.900+0000] {dagbag.py:545} INFO - Filling up the DagBag from /opt/airflow/dags/etl_timeseries_csv_pipeline.py
[2025-09-19T12:16:26.927+0000] {processor.py:840} INFO - DAG(s) 'etl_pipeline' retrieved from /opt/airflow/dags/etl_timeseries_csv_pipeline.py
[2025-09-19T12:16:26.971+0000] {logging_mixin.py:188} INFO - [2025-09-19T12:16:26.971+0000] {dag.py:3096} INFO - Sync 1 DAGs
[2025-09-19T12:16:27.012+0000] {logging_mixin.py:188} INFO - [2025-09-19T12:16:27.011+0000] {dag.py:3954} INFO - Setting next_dagrun for etl_pipeline to 2025-09-18 00:00:00+00:00, run_after=2025-09-19 00:00:00+00:00
[2025-09-19T12:16:27.044+0000] {processor.py:183} INFO - Processing /opt/airflow/dags/etl_timeseries_csv_pipeline.py took 0.157 seconds
[2025-09-19T12:16:57.256+0000] {processor.py:161} INFO - Started process (PID=477) to work on /opt/airflow/dags/etl_timeseries_csv_pipeline.py
[2025-09-19T12:16:57.258+0000] {processor.py:830} INFO - Processing file /opt/airflow/dags/etl_timeseries_csv_pipeline.py for tasks to queue
[2025-09-19T12:16:57.263+0000] {logging_mixin.py:188} INFO - [2025-09-19T12:16:57.262+0000] {dagbag.py:545} INFO - Filling up the DagBag from /opt/airflow/dags/etl_timeseries_csv_pipeline.py
[2025-09-19T12:16:57.309+0000] {processor.py:840} INFO - DAG(s) 'etl_pipeline' retrieved from /opt/airflow/dags/etl_timeseries_csv_pipeline.py
[2025-09-19T12:16:57.362+0000] {logging_mixin.py:188} INFO - [2025-09-19T12:16:57.362+0000] {dag.py:3096} INFO - Sync 1 DAGs
[2025-09-19T12:16:57.402+0000] {logging_mixin.py:188} INFO - [2025-09-19T12:16:57.402+0000] {dag.py:3954} INFO - Setting next_dagrun for etl_pipeline to 2025-09-18 00:00:00+00:00, run_after=2025-09-19 00:00:00+00:00
[2025-09-19T12:16:57.443+0000] {processor.py:183} INFO - Processing /opt/airflow/dags/etl_timeseries_csv_pipeline.py took 0.200 seconds
[2025-09-19T12:17:28.023+0000] {processor.py:161} INFO - Started process (PID=489) to work on /opt/airflow/dags/etl_timeseries_csv_pipeline.py
[2025-09-19T12:17:28.025+0000] {processor.py:830} INFO - Processing file /opt/airflow/dags/etl_timeseries_csv_pipeline.py for tasks to queue
[2025-09-19T12:17:28.029+0000] {logging_mixin.py:188} INFO - [2025-09-19T12:17:28.028+0000] {dagbag.py:545} INFO - Filling up the DagBag from /opt/airflow/dags/etl_timeseries_csv_pipeline.py
[2025-09-19T12:17:28.063+0000] {processor.py:840} INFO - DAG(s) 'etl_pipeline' retrieved from /opt/airflow/dags/etl_timeseries_csv_pipeline.py
[2025-09-19T12:17:28.117+0000] {logging_mixin.py:188} INFO - [2025-09-19T12:17:28.116+0000] {dag.py:3096} INFO - Sync 1 DAGs
[2025-09-19T12:17:28.160+0000] {logging_mixin.py:188} INFO - [2025-09-19T12:17:28.159+0000] {dag.py:3954} INFO - Setting next_dagrun for etl_pipeline to 2025-09-18 00:00:00+00:00, run_after=2025-09-19 00:00:00+00:00
[2025-09-19T12:17:28.196+0000] {processor.py:183} INFO - Processing /opt/airflow/dags/etl_timeseries_csv_pipeline.py took 0.184 seconds
[2025-09-19T12:17:58.481+0000] {processor.py:161} INFO - Started process (PID=501) to work on /opt/airflow/dags/etl_timeseries_csv_pipeline.py
[2025-09-19T12:17:58.483+0000] {processor.py:830} INFO - Processing file /opt/airflow/dags/etl_timeseries_csv_pipeline.py for tasks to queue
[2025-09-19T12:17:58.488+0000] {logging_mixin.py:188} INFO - [2025-09-19T12:17:58.486+0000] {dagbag.py:545} INFO - Filling up the DagBag from /opt/airflow/dags/etl_timeseries_csv_pipeline.py
[2025-09-19T12:17:58.545+0000] {processor.py:840} INFO - DAG(s) 'etl_pipeline' retrieved from /opt/airflow/dags/etl_timeseries_csv_pipeline.py
[2025-09-19T12:17:58.610+0000] {logging_mixin.py:188} INFO - [2025-09-19T12:17:58.609+0000] {dag.py:3096} INFO - Sync 1 DAGs
[2025-09-19T12:17:58.663+0000] {logging_mixin.py:188} INFO - [2025-09-19T12:17:58.663+0000] {dag.py:3954} INFO - Setting next_dagrun for etl_pipeline to 2025-09-18 00:00:00+00:00, run_after=2025-09-19 00:00:00+00:00
[2025-09-19T12:17:58.695+0000] {processor.py:183} INFO - Processing /opt/airflow/dags/etl_timeseries_csv_pipeline.py took 0.226 seconds
[2025-09-19T12:18:29.280+0000] {processor.py:161} INFO - Started process (PID=513) to work on /opt/airflow/dags/etl_timeseries_csv_pipeline.py
[2025-09-19T12:18:29.282+0000] {processor.py:830} INFO - Processing file /opt/airflow/dags/etl_timeseries_csv_pipeline.py for tasks to queue
[2025-09-19T12:18:29.285+0000] {logging_mixin.py:188} INFO - [2025-09-19T12:18:29.284+0000] {dagbag.py:545} INFO - Filling up the DagBag from /opt/airflow/dags/etl_timeseries_csv_pipeline.py
[2025-09-19T12:18:29.335+0000] {processor.py:840} INFO - DAG(s) 'etl_pipeline' retrieved from /opt/airflow/dags/etl_timeseries_csv_pipeline.py
[2025-09-19T12:18:29.386+0000] {logging_mixin.py:188} INFO - [2025-09-19T12:18:29.385+0000] {dag.py:3096} INFO - Sync 1 DAGs
[2025-09-19T12:18:29.431+0000] {logging_mixin.py:188} INFO - [2025-09-19T12:18:29.430+0000] {dag.py:3954} INFO - Setting next_dagrun for etl_pipeline to 2025-09-18 00:00:00+00:00, run_after=2025-09-19 00:00:00+00:00
[2025-09-19T12:18:29.473+0000] {processor.py:183} INFO - Processing /opt/airflow/dags/etl_timeseries_csv_pipeline.py took 0.203 seconds
[2025-09-19T12:19:07.583+0000] {processor.py:161} INFO - Started process (PID=178) to work on /opt/airflow/dags/etl_timeseries_csv_pipeline.py
[2025-09-19T12:19:07.585+0000] {processor.py:830} INFO - Processing file /opt/airflow/dags/etl_timeseries_csv_pipeline.py for tasks to queue
[2025-09-19T12:19:07.591+0000] {logging_mixin.py:188} INFO - [2025-09-19T12:19:07.590+0000] {dagbag.py:545} INFO - Filling up the DagBag from /opt/airflow/dags/etl_timeseries_csv_pipeline.py
[2025-09-19T12:19:07.631+0000] {processor.py:840} INFO - DAG(s) 'etl_pipeline' retrieved from /opt/airflow/dags/etl_timeseries_csv_pipeline.py
[2025-09-19T12:19:07.676+0000] {logging_mixin.py:188} INFO - [2025-09-19T12:19:07.676+0000] {dag.py:3096} INFO - Sync 1 DAGs
[2025-09-19T12:19:07.712+0000] {logging_mixin.py:188} INFO - [2025-09-19T12:19:07.712+0000] {dag.py:3954} INFO - Setting next_dagrun for etl_pipeline to 2025-09-18 00:00:00+00:00, run_after=2025-09-19 00:00:00+00:00
[2025-09-19T12:19:07.738+0000] {processor.py:183} INFO - Processing /opt/airflow/dags/etl_timeseries_csv_pipeline.py took 0.162 seconds
[2025-09-19T12:19:38.135+0000] {processor.py:161} INFO - Started process (PID=192) to work on /opt/airflow/dags/etl_timeseries_csv_pipeline.py
[2025-09-19T12:19:38.136+0000] {processor.py:830} INFO - Processing file /opt/airflow/dags/etl_timeseries_csv_pipeline.py for tasks to queue
[2025-09-19T12:19:38.139+0000] {logging_mixin.py:188} INFO - [2025-09-19T12:19:38.138+0000] {dagbag.py:545} INFO - Filling up the DagBag from /opt/airflow/dags/etl_timeseries_csv_pipeline.py
[2025-09-19T12:19:38.187+0000] {processor.py:840} INFO - DAG(s) 'etl_pipeline' retrieved from /opt/airflow/dags/etl_timeseries_csv_pipeline.py
[2025-09-19T12:19:38.524+0000] {logging_mixin.py:188} INFO - [2025-09-19T12:19:38.523+0000] {dag.py:3096} INFO - Sync 1 DAGs
[2025-09-19T12:19:38.555+0000] {logging_mixin.py:188} INFO - [2025-09-19T12:19:38.555+0000] {dag.py:3954} INFO - Setting next_dagrun for etl_pipeline to 2025-09-18 00:00:00+00:00, run_after=2025-09-19 00:00:00+00:00
[2025-09-19T12:19:38.604+0000] {processor.py:183} INFO - Processing /opt/airflow/dags/etl_timeseries_csv_pipeline.py took 0.480 seconds
[2025-09-19T12:20:09.203+0000] {processor.py:161} INFO - Started process (PID=208) to work on /opt/airflow/dags/etl_timeseries_csv_pipeline.py
[2025-09-19T12:20:09.206+0000] {processor.py:830} INFO - Processing file /opt/airflow/dags/etl_timeseries_csv_pipeline.py for tasks to queue
[2025-09-19T12:20:09.212+0000] {logging_mixin.py:188} INFO - [2025-09-19T12:20:09.211+0000] {dagbag.py:545} INFO - Filling up the DagBag from /opt/airflow/dags/etl_timeseries_csv_pipeline.py
[2025-09-19T12:20:09.277+0000] {processor.py:840} INFO - DAG(s) 'etl_pipeline' retrieved from /opt/airflow/dags/etl_timeseries_csv_pipeline.py
[2025-09-19T12:20:09.348+0000] {logging_mixin.py:188} INFO - [2025-09-19T12:20:09.347+0000] {dag.py:3096} INFO - Sync 1 DAGs
[2025-09-19T12:20:09.401+0000] {logging_mixin.py:188} INFO - [2025-09-19T12:20:09.401+0000] {dag.py:3954} INFO - Setting next_dagrun for etl_pipeline to 2025-09-18 00:00:00+00:00, run_after=2025-09-19 00:00:00+00:00
[2025-09-19T12:20:09.432+0000] {processor.py:183} INFO - Processing /opt/airflow/dags/etl_timeseries_csv_pipeline.py took 0.254 seconds
[2025-09-19T12:20:39.993+0000] {processor.py:161} INFO - Started process (PID=220) to work on /opt/airflow/dags/etl_timeseries_csv_pipeline.py
[2025-09-19T12:20:39.995+0000] {processor.py:830} INFO - Processing file /opt/airflow/dags/etl_timeseries_csv_pipeline.py for tasks to queue
[2025-09-19T12:20:40.000+0000] {logging_mixin.py:188} INFO - [2025-09-19T12:20:39.999+0000] {dagbag.py:545} INFO - Filling up the DagBag from /opt/airflow/dags/etl_timeseries_csv_pipeline.py
[2025-09-19T12:20:40.051+0000] {processor.py:840} INFO - DAG(s) 'etl_pipeline' retrieved from /opt/airflow/dags/etl_timeseries_csv_pipeline.py
[2025-09-19T12:20:40.102+0000] {logging_mixin.py:188} INFO - [2025-09-19T12:20:40.102+0000] {dag.py:3096} INFO - Sync 1 DAGs
[2025-09-19T12:20:40.131+0000] {logging_mixin.py:188} INFO - [2025-09-19T12:20:40.130+0000] {dag.py:3954} INFO - Setting next_dagrun for etl_pipeline to 2025-09-18 00:00:00+00:00, run_after=2025-09-19 00:00:00+00:00
[2025-09-19T12:20:40.154+0000] {processor.py:183} INFO - Processing /opt/airflow/dags/etl_timeseries_csv_pipeline.py took 0.174 seconds
[2025-09-19T12:21:10.586+0000] {processor.py:161} INFO - Started process (PID=232) to work on /opt/airflow/dags/etl_timeseries_csv_pipeline.py
[2025-09-19T12:21:10.589+0000] {processor.py:830} INFO - Processing file /opt/airflow/dags/etl_timeseries_csv_pipeline.py for tasks to queue
[2025-09-19T12:21:10.593+0000] {logging_mixin.py:188} INFO - [2025-09-19T12:21:10.592+0000] {dagbag.py:545} INFO - Filling up the DagBag from /opt/airflow/dags/etl_timeseries_csv_pipeline.py
[2025-09-19T12:21:10.655+0000] {processor.py:840} INFO - DAG(s) 'etl_pipeline' retrieved from /opt/airflow/dags/etl_timeseries_csv_pipeline.py
[2025-09-19T12:21:10.717+0000] {logging_mixin.py:188} INFO - [2025-09-19T12:21:10.717+0000] {dag.py:3096} INFO - Sync 1 DAGs
[2025-09-19T12:21:10.754+0000] {logging_mixin.py:188} INFO - [2025-09-19T12:21:10.754+0000] {dag.py:3954} INFO - Setting next_dagrun for etl_pipeline to 2025-09-18 00:00:00+00:00, run_after=2025-09-19 00:00:00+00:00
[2025-09-19T12:21:10.784+0000] {processor.py:183} INFO - Processing /opt/airflow/dags/etl_timeseries_csv_pipeline.py took 0.210 seconds
[2025-09-19T12:21:41.118+0000] {processor.py:161} INFO - Started process (PID=244) to work on /opt/airflow/dags/etl_timeseries_csv_pipeline.py
[2025-09-19T12:21:41.120+0000] {processor.py:830} INFO - Processing file /opt/airflow/dags/etl_timeseries_csv_pipeline.py for tasks to queue
[2025-09-19T12:21:41.126+0000] {logging_mixin.py:188} INFO - [2025-09-19T12:21:41.125+0000] {dagbag.py:545} INFO - Filling up the DagBag from /opt/airflow/dags/etl_timeseries_csv_pipeline.py
[2025-09-19T12:21:41.183+0000] {processor.py:840} INFO - DAG(s) 'etl_pipeline' retrieved from /opt/airflow/dags/etl_timeseries_csv_pipeline.py
[2025-09-19T12:21:41.263+0000] {logging_mixin.py:188} INFO - [2025-09-19T12:21:41.263+0000] {dag.py:3096} INFO - Sync 1 DAGs
[2025-09-19T12:21:41.325+0000] {logging_mixin.py:188} INFO - [2025-09-19T12:21:41.324+0000] {dag.py:3954} INFO - Setting next_dagrun for etl_pipeline to 2025-09-18 00:00:00+00:00, run_after=2025-09-19 00:00:00+00:00
[2025-09-19T12:21:41.372+0000] {processor.py:183} INFO - Processing /opt/airflow/dags/etl_timeseries_csv_pipeline.py took 0.265 seconds
[2025-09-19T12:22:11.961+0000] {processor.py:161} INFO - Started process (PID=256) to work on /opt/airflow/dags/etl_timeseries_csv_pipeline.py
[2025-09-19T12:22:11.964+0000] {processor.py:830} INFO - Processing file /opt/airflow/dags/etl_timeseries_csv_pipeline.py for tasks to queue
[2025-09-19T12:22:11.969+0000] {logging_mixin.py:188} INFO - [2025-09-19T12:22:11.968+0000] {dagbag.py:545} INFO - Filling up the DagBag from /opt/airflow/dags/etl_timeseries_csv_pipeline.py
[2025-09-19T12:22:12.007+0000] {processor.py:840} INFO - DAG(s) 'etl_pipeline' retrieved from /opt/airflow/dags/etl_timeseries_csv_pipeline.py
[2025-09-19T12:22:12.077+0000] {logging_mixin.py:188} INFO - [2025-09-19T12:22:12.076+0000] {dag.py:3096} INFO - Sync 1 DAGs
[2025-09-19T12:22:12.135+0000] {logging_mixin.py:188} INFO - [2025-09-19T12:22:12.135+0000] {dag.py:3954} INFO - Setting next_dagrun for etl_pipeline to 2025-09-18 00:00:00+00:00, run_after=2025-09-19 00:00:00+00:00
[2025-09-19T12:22:12.185+0000] {processor.py:183} INFO - Processing /opt/airflow/dags/etl_timeseries_csv_pipeline.py took 0.237 seconds
[2025-09-19T12:22:42.336+0000] {processor.py:161} INFO - Started process (PID=268) to work on /opt/airflow/dags/etl_timeseries_csv_pipeline.py
[2025-09-19T12:22:42.339+0000] {processor.py:830} INFO - Processing file /opt/airflow/dags/etl_timeseries_csv_pipeline.py for tasks to queue
[2025-09-19T12:22:42.344+0000] {logging_mixin.py:188} INFO - [2025-09-19T12:22:42.343+0000] {dagbag.py:545} INFO - Filling up the DagBag from /opt/airflow/dags/etl_timeseries_csv_pipeline.py
[2025-09-19T12:22:42.437+0000] {processor.py:840} INFO - DAG(s) 'etl_pipeline' retrieved from /opt/airflow/dags/etl_timeseries_csv_pipeline.py
[2025-09-19T12:22:42.500+0000] {logging_mixin.py:188} INFO - [2025-09-19T12:22:42.499+0000] {dag.py:3096} INFO - Sync 1 DAGs
[2025-09-19T12:22:42.550+0000] {logging_mixin.py:188} INFO - [2025-09-19T12:22:42.550+0000] {dag.py:3954} INFO - Setting next_dagrun for etl_pipeline to 2025-09-18 00:00:00+00:00, run_after=2025-09-19 00:00:00+00:00
[2025-09-19T12:22:42.595+0000] {processor.py:183} INFO - Processing /opt/airflow/dags/etl_timeseries_csv_pipeline.py took 0.275 seconds
[2025-09-19T12:23:13.138+0000] {processor.py:161} INFO - Started process (PID=280) to work on /opt/airflow/dags/etl_timeseries_csv_pipeline.py
[2025-09-19T12:23:13.140+0000] {processor.py:830} INFO - Processing file /opt/airflow/dags/etl_timeseries_csv_pipeline.py for tasks to queue
[2025-09-19T12:23:13.145+0000] {logging_mixin.py:188} INFO - [2025-09-19T12:23:13.144+0000] {dagbag.py:545} INFO - Filling up the DagBag from /opt/airflow/dags/etl_timeseries_csv_pipeline.py
[2025-09-19T12:23:13.218+0000] {processor.py:840} INFO - DAG(s) 'etl_pipeline' retrieved from /opt/airflow/dags/etl_timeseries_csv_pipeline.py
[2025-09-19T12:23:13.297+0000] {logging_mixin.py:188} INFO - [2025-09-19T12:23:13.296+0000] {dag.py:3096} INFO - Sync 1 DAGs
[2025-09-19T12:23:13.342+0000] {logging_mixin.py:188} INFO - [2025-09-19T12:23:13.341+0000] {dag.py:3954} INFO - Setting next_dagrun for etl_pipeline to 2025-09-18 00:00:00+00:00, run_after=2025-09-19 00:00:00+00:00
[2025-09-19T12:23:13.371+0000] {processor.py:183} INFO - Processing /opt/airflow/dags/etl_timeseries_csv_pipeline.py took 0.245 seconds
[2025-09-19T12:23:43.448+0000] {processor.py:161} INFO - Started process (PID=295) to work on /opt/airflow/dags/etl_timeseries_csv_pipeline.py
[2025-09-19T12:23:43.450+0000] {processor.py:830} INFO - Processing file /opt/airflow/dags/etl_timeseries_csv_pipeline.py for tasks to queue
[2025-09-19T12:23:43.454+0000] {logging_mixin.py:188} INFO - [2025-09-19T12:23:43.453+0000] {dagbag.py:545} INFO - Filling up the DagBag from /opt/airflow/dags/etl_timeseries_csv_pipeline.py
[2025-09-19T12:23:43.490+0000] {processor.py:840} INFO - DAG(s) 'etl_pipeline' retrieved from /opt/airflow/dags/etl_timeseries_csv_pipeline.py
[2025-09-19T12:23:43.508+0000] {logging_mixin.py:188} INFO - [2025-09-19T12:23:43.507+0000] {dag.py:3096} INFO - Sync 1 DAGs
[2025-09-19T12:23:43.542+0000] {logging_mixin.py:188} INFO - [2025-09-19T12:23:43.542+0000] {dag.py:3954} INFO - Setting next_dagrun for etl_pipeline to 2025-09-18 00:00:00+00:00, run_after=2025-09-19 00:00:00+00:00
[2025-09-19T12:23:43.568+0000] {processor.py:183} INFO - Processing /opt/airflow/dags/etl_timeseries_csv_pipeline.py took 0.131 seconds
[2025-09-19T12:24:14.309+0000] {processor.py:161} INFO - Started process (PID=308) to work on /opt/airflow/dags/etl_timeseries_csv_pipeline.py
[2025-09-19T12:24:14.313+0000] {processor.py:830} INFO - Processing file /opt/airflow/dags/etl_timeseries_csv_pipeline.py for tasks to queue
[2025-09-19T12:24:14.317+0000] {logging_mixin.py:188} INFO - [2025-09-19T12:24:14.316+0000] {dagbag.py:545} INFO - Filling up the DagBag from /opt/airflow/dags/etl_timeseries_csv_pipeline.py
[2025-09-19T12:24:14.350+0000] {processor.py:840} INFO - DAG(s) 'etl_pipeline' retrieved from /opt/airflow/dags/etl_timeseries_csv_pipeline.py
[2025-09-19T12:24:14.477+0000] {logging_mixin.py:188} INFO - [2025-09-19T12:24:14.476+0000] {dag.py:3096} INFO - Sync 1 DAGs
[2025-09-19T12:24:14.502+0000] {logging_mixin.py:188} INFO - [2025-09-19T12:24:14.501+0000] {dag.py:3954} INFO - Setting next_dagrun for etl_pipeline to 2025-09-18 00:00:00+00:00, run_after=2025-09-19 00:00:00+00:00
[2025-09-19T12:24:14.548+0000] {processor.py:183} INFO - Processing /opt/airflow/dags/etl_timeseries_csv_pipeline.py took 0.251 seconds
[2025-09-19T12:24:45.117+0000] {processor.py:161} INFO - Started process (PID=320) to work on /opt/airflow/dags/etl_timeseries_csv_pipeline.py
[2025-09-19T12:24:45.123+0000] {processor.py:830} INFO - Processing file /opt/airflow/dags/etl_timeseries_csv_pipeline.py for tasks to queue
[2025-09-19T12:24:45.126+0000] {logging_mixin.py:188} INFO - [2025-09-19T12:24:45.126+0000] {dagbag.py:545} INFO - Filling up the DagBag from /opt/airflow/dags/etl_timeseries_csv_pipeline.py
[2025-09-19T12:24:45.163+0000] {processor.py:840} INFO - DAG(s) 'etl_pipeline' retrieved from /opt/airflow/dags/etl_timeseries_csv_pipeline.py
[2025-09-19T12:24:45.216+0000] {logging_mixin.py:188} INFO - [2025-09-19T12:24:45.216+0000] {dag.py:3096} INFO - Sync 1 DAGs
[2025-09-19T12:24:45.257+0000] {logging_mixin.py:188} INFO - [2025-09-19T12:24:45.257+0000] {dag.py:3954} INFO - Setting next_dagrun for etl_pipeline to 2025-09-18 00:00:00+00:00, run_after=2025-09-19 00:00:00+00:00
[2025-09-19T12:24:45.294+0000] {processor.py:183} INFO - Processing /opt/airflow/dags/etl_timeseries_csv_pipeline.py took 0.189 seconds
[2025-09-19T12:25:15.876+0000] {processor.py:161} INFO - Started process (PID=332) to work on /opt/airflow/dags/etl_timeseries_csv_pipeline.py
[2025-09-19T12:25:15.878+0000] {processor.py:830} INFO - Processing file /opt/airflow/dags/etl_timeseries_csv_pipeline.py for tasks to queue
[2025-09-19T12:25:15.881+0000] {logging_mixin.py:188} INFO - [2025-09-19T12:25:15.880+0000] {dagbag.py:545} INFO - Filling up the DagBag from /opt/airflow/dags/etl_timeseries_csv_pipeline.py
[2025-09-19T12:25:15.918+0000] {processor.py:840} INFO - DAG(s) 'etl_pipeline' retrieved from /opt/airflow/dags/etl_timeseries_csv_pipeline.py
[2025-09-19T12:25:15.972+0000] {logging_mixin.py:188} INFO - [2025-09-19T12:25:15.971+0000] {dag.py:3096} INFO - Sync 1 DAGs
[2025-09-19T12:25:16.021+0000] {logging_mixin.py:188} INFO - [2025-09-19T12:25:16.021+0000] {dag.py:3954} INFO - Setting next_dagrun for etl_pipeline to 2025-09-18 00:00:00+00:00, run_after=2025-09-19 00:00:00+00:00
[2025-09-19T12:25:16.068+0000] {processor.py:183} INFO - Processing /opt/airflow/dags/etl_timeseries_csv_pipeline.py took 0.197 seconds
[2025-09-19T12:25:46.337+0000] {processor.py:161} INFO - Started process (PID=344) to work on /opt/airflow/dags/etl_timeseries_csv_pipeline.py
[2025-09-19T12:25:46.339+0000] {processor.py:830} INFO - Processing file /opt/airflow/dags/etl_timeseries_csv_pipeline.py for tasks to queue
[2025-09-19T12:25:46.343+0000] {logging_mixin.py:188} INFO - [2025-09-19T12:25:46.343+0000] {dagbag.py:545} INFO - Filling up the DagBag from /opt/airflow/dags/etl_timeseries_csv_pipeline.py
[2025-09-19T12:25:46.383+0000] {processor.py:840} INFO - DAG(s) 'etl_pipeline' retrieved from /opt/airflow/dags/etl_timeseries_csv_pipeline.py
[2025-09-19T12:25:46.444+0000] {logging_mixin.py:188} INFO - [2025-09-19T12:25:46.444+0000] {dag.py:3096} INFO - Sync 1 DAGs
[2025-09-19T12:25:46.486+0000] {logging_mixin.py:188} INFO - [2025-09-19T12:25:46.485+0000] {dag.py:3954} INFO - Setting next_dagrun for etl_pipeline to 2025-09-18 00:00:00+00:00, run_after=2025-09-19 00:00:00+00:00
[2025-09-19T12:25:46.522+0000] {processor.py:183} INFO - Processing /opt/airflow/dags/etl_timeseries_csv_pipeline.py took 0.199 seconds
[2025-09-19T12:26:17.033+0000] {processor.py:161} INFO - Started process (PID=356) to work on /opt/airflow/dags/etl_timeseries_csv_pipeline.py
[2025-09-19T12:26:17.035+0000] {processor.py:830} INFO - Processing file /opt/airflow/dags/etl_timeseries_csv_pipeline.py for tasks to queue
[2025-09-19T12:26:17.038+0000] {logging_mixin.py:188} INFO - [2025-09-19T12:26:17.037+0000] {dagbag.py:545} INFO - Filling up the DagBag from /opt/airflow/dags/etl_timeseries_csv_pipeline.py
[2025-09-19T12:26:17.075+0000] {processor.py:840} INFO - DAG(s) 'etl_pipeline' retrieved from /opt/airflow/dags/etl_timeseries_csv_pipeline.py
[2025-09-19T12:26:17.113+0000] {logging_mixin.py:188} INFO - [2025-09-19T12:26:17.113+0000] {dag.py:3096} INFO - Sync 1 DAGs
[2025-09-19T12:26:17.138+0000] {logging_mixin.py:188} INFO - [2025-09-19T12:26:17.138+0000] {dag.py:3954} INFO - Setting next_dagrun for etl_pipeline to 2025-09-18 00:00:00+00:00, run_after=2025-09-19 00:00:00+00:00
[2025-09-19T12:26:17.161+0000] {processor.py:183} INFO - Processing /opt/airflow/dags/etl_timeseries_csv_pipeline.py took 0.134 seconds
[2025-09-19T12:26:48.551+0000] {processor.py:161} INFO - Started process (PID=178) to work on /opt/airflow/dags/etl_timeseries_csv_pipeline.py
[2025-09-19T12:26:48.552+0000] {processor.py:830} INFO - Processing file /opt/airflow/dags/etl_timeseries_csv_pipeline.py for tasks to queue
[2025-09-19T12:26:48.555+0000] {logging_mixin.py:188} INFO - [2025-09-19T12:26:48.554+0000] {dagbag.py:545} INFO - Filling up the DagBag from /opt/airflow/dags/etl_timeseries_csv_pipeline.py
[2025-09-19T12:26:48.593+0000] {processor.py:840} INFO - DAG(s) 'etl_pipeline' retrieved from /opt/airflow/dags/etl_timeseries_csv_pipeline.py
[2025-09-19T12:26:48.619+0000] {logging_mixin.py:188} INFO - [2025-09-19T12:26:48.618+0000] {dag.py:3096} INFO - Sync 1 DAGs
[2025-09-19T12:26:48.641+0000] {logging_mixin.py:188} INFO - [2025-09-19T12:26:48.641+0000] {dag.py:3954} INFO - Setting next_dagrun for etl_pipeline to 2025-09-18 00:00:00+00:00, run_after=2025-09-19 00:00:00+00:00
[2025-09-19T12:26:48.666+0000] {processor.py:183} INFO - Processing /opt/airflow/dags/etl_timeseries_csv_pipeline.py took 0.122 seconds
[2025-09-19T12:27:19.199+0000] {processor.py:161} INFO - Started process (PID=192) to work on /opt/airflow/dags/etl_timeseries_csv_pipeline.py
[2025-09-19T12:27:19.202+0000] {processor.py:830} INFO - Processing file /opt/airflow/dags/etl_timeseries_csv_pipeline.py for tasks to queue
[2025-09-19T12:27:19.208+0000] {logging_mixin.py:188} INFO - [2025-09-19T12:27:19.207+0000] {dagbag.py:545} INFO - Filling up the DagBag from /opt/airflow/dags/etl_timeseries_csv_pipeline.py
[2025-09-19T12:27:19.253+0000] {processor.py:840} INFO - DAG(s) 'etl_pipeline' retrieved from /opt/airflow/dags/etl_timeseries_csv_pipeline.py
[2025-09-19T12:27:19.665+0000] {logging_mixin.py:188} INFO - [2025-09-19T12:27:19.665+0000] {dag.py:3096} INFO - Sync 1 DAGs
[2025-09-19T12:27:19.714+0000] {logging_mixin.py:188} INFO - [2025-09-19T12:27:19.712+0000] {dag.py:3954} INFO - Setting next_dagrun for etl_pipeline to 2025-09-18 00:00:00+00:00, run_after=2025-09-19 00:00:00+00:00
[2025-09-19T12:27:19.758+0000] {processor.py:183} INFO - Processing /opt/airflow/dags/etl_timeseries_csv_pipeline.py took 0.570 seconds
[2025-09-19T12:27:50.222+0000] {processor.py:161} INFO - Started process (PID=208) to work on /opt/airflow/dags/etl_timeseries_csv_pipeline.py
[2025-09-19T12:27:50.227+0000] {processor.py:830} INFO - Processing file /opt/airflow/dags/etl_timeseries_csv_pipeline.py for tasks to queue
[2025-09-19T12:27:50.231+0000] {logging_mixin.py:188} INFO - [2025-09-19T12:27:50.231+0000] {dagbag.py:545} INFO - Filling up the DagBag from /opt/airflow/dags/etl_timeseries_csv_pipeline.py
[2025-09-19T12:27:50.296+0000] {processor.py:840} INFO - DAG(s) 'etl_pipeline' retrieved from /opt/airflow/dags/etl_timeseries_csv_pipeline.py
[2025-09-19T12:27:50.368+0000] {logging_mixin.py:188} INFO - [2025-09-19T12:27:50.368+0000] {dag.py:3096} INFO - Sync 1 DAGs
[2025-09-19T12:27:50.418+0000] {logging_mixin.py:188} INFO - [2025-09-19T12:27:50.418+0000] {dag.py:3954} INFO - Setting next_dagrun for etl_pipeline to 2025-09-18 00:00:00+00:00, run_after=2025-09-19 00:00:00+00:00
[2025-09-19T12:27:50.474+0000] {processor.py:183} INFO - Processing /opt/airflow/dags/etl_timeseries_csv_pipeline.py took 0.272 seconds
[2025-09-19T12:28:20.750+0000] {processor.py:161} INFO - Started process (PID=220) to work on /opt/airflow/dags/etl_timeseries_csv_pipeline.py
[2025-09-19T12:28:20.752+0000] {processor.py:830} INFO - Processing file /opt/airflow/dags/etl_timeseries_csv_pipeline.py for tasks to queue
[2025-09-19T12:28:20.754+0000] {logging_mixin.py:188} INFO - [2025-09-19T12:28:20.754+0000] {dagbag.py:545} INFO - Filling up the DagBag from /opt/airflow/dags/etl_timeseries_csv_pipeline.py
[2025-09-19T12:28:20.778+0000] {processor.py:840} INFO - DAG(s) 'etl_pipeline' retrieved from /opt/airflow/dags/etl_timeseries_csv_pipeline.py
[2025-09-19T12:28:20.809+0000] {logging_mixin.py:188} INFO - [2025-09-19T12:28:20.809+0000] {dag.py:3096} INFO - Sync 1 DAGs
[2025-09-19T12:28:20.836+0000] {logging_mixin.py:188} INFO - [2025-09-19T12:28:20.836+0000] {dag.py:3954} INFO - Setting next_dagrun for etl_pipeline to 2025-09-18 00:00:00+00:00, run_after=2025-09-19 00:00:00+00:00
[2025-09-19T12:28:20.880+0000] {processor.py:183} INFO - Processing /opt/airflow/dags/etl_timeseries_csv_pipeline.py took 0.139 seconds
[2025-09-19T12:28:51.680+0000] {processor.py:161} INFO - Started process (PID=232) to work on /opt/airflow/dags/etl_timeseries_csv_pipeline.py
[2025-09-19T12:28:51.682+0000] {processor.py:830} INFO - Processing file /opt/airflow/dags/etl_timeseries_csv_pipeline.py for tasks to queue
[2025-09-19T12:28:51.686+0000] {logging_mixin.py:188} INFO - [2025-09-19T12:28:51.685+0000] {dagbag.py:545} INFO - Filling up the DagBag from /opt/airflow/dags/etl_timeseries_csv_pipeline.py
[2025-09-19T12:28:51.740+0000] {processor.py:840} INFO - DAG(s) 'etl_pipeline' retrieved from /opt/airflow/dags/etl_timeseries_csv_pipeline.py
[2025-09-19T12:28:51.796+0000] {logging_mixin.py:188} INFO - [2025-09-19T12:28:51.795+0000] {dag.py:3096} INFO - Sync 1 DAGs
[2025-09-19T12:28:51.839+0000] {logging_mixin.py:188} INFO - [2025-09-19T12:28:51.838+0000] {dag.py:3954} INFO - Setting next_dagrun for etl_pipeline to 2025-09-18 00:00:00+00:00, run_after=2025-09-19 00:00:00+00:00
[2025-09-19T12:28:51.870+0000] {processor.py:183} INFO - Processing /opt/airflow/dags/etl_timeseries_csv_pipeline.py took 0.202 seconds
[2025-09-19T12:29:22.393+0000] {processor.py:161} INFO - Started process (PID=248) to work on /opt/airflow/dags/etl_timeseries_csv_pipeline.py
[2025-09-19T12:29:22.394+0000] {processor.py:830} INFO - Processing file /opt/airflow/dags/etl_timeseries_csv_pipeline.py for tasks to queue
[2025-09-19T12:29:22.396+0000] {logging_mixin.py:188} INFO - [2025-09-19T12:29:22.396+0000] {dagbag.py:545} INFO - Filling up the DagBag from /opt/airflow/dags/etl_timeseries_csv_pipeline.py
[2025-09-19T12:29:22.438+0000] {processor.py:840} INFO - DAG(s) 'etl_pipeline' retrieved from /opt/airflow/dags/etl_timeseries_csv_pipeline.py
[2025-09-19T12:29:22.475+0000] {logging_mixin.py:188} INFO - [2025-09-19T12:29:22.475+0000] {dag.py:3096} INFO - Sync 1 DAGs
[2025-09-19T12:29:22.512+0000] {logging_mixin.py:188} INFO - [2025-09-19T12:29:22.512+0000] {dag.py:3954} INFO - Setting next_dagrun for etl_pipeline to 2025-09-18 00:00:00+00:00, run_after=2025-09-19 00:00:00+00:00
[2025-09-19T12:29:22.547+0000] {processor.py:183} INFO - Processing /opt/airflow/dags/etl_timeseries_csv_pipeline.py took 0.164 seconds
[2025-09-19T12:29:52.915+0000] {processor.py:161} INFO - Started process (PID=260) to work on /opt/airflow/dags/etl_timeseries_csv_pipeline.py
[2025-09-19T12:29:52.917+0000] {processor.py:830} INFO - Processing file /opt/airflow/dags/etl_timeseries_csv_pipeline.py for tasks to queue
[2025-09-19T12:29:52.920+0000] {logging_mixin.py:188} INFO - [2025-09-19T12:29:52.919+0000] {dagbag.py:545} INFO - Filling up the DagBag from /opt/airflow/dags/etl_timeseries_csv_pipeline.py
[2025-09-19T12:29:52.956+0000] {processor.py:840} INFO - DAG(s) 'etl_pipeline' retrieved from /opt/airflow/dags/etl_timeseries_csv_pipeline.py
[2025-09-19T12:29:53.016+0000] {logging_mixin.py:188} INFO - [2025-09-19T12:29:53.016+0000] {dag.py:3096} INFO - Sync 1 DAGs
[2025-09-19T12:29:53.060+0000] {logging_mixin.py:188} INFO - [2025-09-19T12:29:53.059+0000] {dag.py:3954} INFO - Setting next_dagrun for etl_pipeline to 2025-09-18 00:00:00+00:00, run_after=2025-09-19 00:00:00+00:00
[2025-09-19T12:29:53.098+0000] {processor.py:183} INFO - Processing /opt/airflow/dags/etl_timeseries_csv_pipeline.py took 0.194 seconds
[2025-09-19T12:30:25.054+0000] {processor.py:161} INFO - Started process (PID=178) to work on /opt/airflow/dags/etl_timeseries_csv_pipeline.py
[2025-09-19T12:30:25.055+0000] {processor.py:830} INFO - Processing file /opt/airflow/dags/etl_timeseries_csv_pipeline.py for tasks to queue
[2025-09-19T12:30:25.058+0000] {logging_mixin.py:188} INFO - [2025-09-19T12:30:25.058+0000] {dagbag.py:545} INFO - Filling up the DagBag from /opt/airflow/dags/etl_timeseries_csv_pipeline.py
[2025-09-19T12:30:25.110+0000] {processor.py:840} INFO - DAG(s) 'etl_pipeline' retrieved from /opt/airflow/dags/etl_timeseries_csv_pipeline.py
[2025-09-19T12:30:25.144+0000] {logging_mixin.py:188} INFO - [2025-09-19T12:30:25.143+0000] {dag.py:3096} INFO - Sync 1 DAGs
[2025-09-19T12:30:25.168+0000] {logging_mixin.py:188} INFO - [2025-09-19T12:30:25.167+0000] {dag.py:3954} INFO - Setting next_dagrun for etl_pipeline to 2025-09-18 00:00:00+00:00, run_after=2025-09-19 00:00:00+00:00
[2025-09-19T12:30:25.192+0000] {processor.py:183} INFO - Processing /opt/airflow/dags/etl_timeseries_csv_pipeline.py took 0.146 seconds
[2025-09-19T12:30:55.688+0000] {processor.py:161} INFO - Started process (PID=192) to work on /opt/airflow/dags/etl_timeseries_csv_pipeline.py
[2025-09-19T12:30:55.689+0000] {processor.py:830} INFO - Processing file /opt/airflow/dags/etl_timeseries_csv_pipeline.py for tasks to queue
[2025-09-19T12:30:55.692+0000] {logging_mixin.py:188} INFO - [2025-09-19T12:30:55.692+0000] {dagbag.py:545} INFO - Filling up the DagBag from /opt/airflow/dags/etl_timeseries_csv_pipeline.py
[2025-09-19T12:30:55.734+0000] {processor.py:840} INFO - DAG(s) 'etl_pipeline' retrieved from /opt/airflow/dags/etl_timeseries_csv_pipeline.py
[2025-09-19T12:30:56.046+0000] {logging_mixin.py:188} INFO - [2025-09-19T12:30:56.046+0000] {dag.py:3096} INFO - Sync 1 DAGs
[2025-09-19T12:30:56.077+0000] {logging_mixin.py:188} INFO - [2025-09-19T12:30:56.077+0000] {dag.py:3954} INFO - Setting next_dagrun for etl_pipeline to 2025-09-18 00:00:00+00:00, run_after=2025-09-19 00:00:00+00:00
[2025-09-19T12:30:56.116+0000] {processor.py:183} INFO - Processing /opt/airflow/dags/etl_timeseries_csv_pipeline.py took 0.440 seconds
[2025-09-19T12:31:26.420+0000] {processor.py:161} INFO - Started process (PID=204) to work on /opt/airflow/dags/etl_timeseries_csv_pipeline.py
[2025-09-19T12:31:26.422+0000] {processor.py:830} INFO - Processing file /opt/airflow/dags/etl_timeseries_csv_pipeline.py for tasks to queue
[2025-09-19T12:31:26.425+0000] {logging_mixin.py:188} INFO - [2025-09-19T12:31:26.425+0000] {dagbag.py:545} INFO - Filling up the DagBag from /opt/airflow/dags/etl_timeseries_csv_pipeline.py
[2025-09-19T12:31:26.468+0000] {processor.py:840} INFO - DAG(s) 'etl_pipeline' retrieved from /opt/airflow/dags/etl_timeseries_csv_pipeline.py
[2025-09-19T12:31:26.528+0000] {logging_mixin.py:188} INFO - [2025-09-19T12:31:26.528+0000] {dag.py:3096} INFO - Sync 1 DAGs
[2025-09-19T12:31:26.584+0000] {logging_mixin.py:188} INFO - [2025-09-19T12:31:26.583+0000] {dag.py:3954} INFO - Setting next_dagrun for etl_pipeline to 2025-09-18 00:00:00+00:00, run_after=2025-09-19 00:00:00+00:00
[2025-09-19T12:31:26.646+0000] {processor.py:183} INFO - Processing /opt/airflow/dags/etl_timeseries_csv_pipeline.py took 0.238 seconds
[2025-09-19T12:31:57.106+0000] {processor.py:161} INFO - Started process (PID=216) to work on /opt/airflow/dags/etl_timeseries_csv_pipeline.py
[2025-09-19T12:31:57.108+0000] {processor.py:830} INFO - Processing file /opt/airflow/dags/etl_timeseries_csv_pipeline.py for tasks to queue
[2025-09-19T12:31:57.112+0000] {logging_mixin.py:188} INFO - [2025-09-19T12:31:57.112+0000] {dagbag.py:545} INFO - Filling up the DagBag from /opt/airflow/dags/etl_timeseries_csv_pipeline.py
[2025-09-19T12:31:57.157+0000] {processor.py:840} INFO - DAG(s) 'etl_pipeline' retrieved from /opt/airflow/dags/etl_timeseries_csv_pipeline.py
[2025-09-19T12:31:57.214+0000] {logging_mixin.py:188} INFO - [2025-09-19T12:31:57.214+0000] {dag.py:3096} INFO - Sync 1 DAGs
[2025-09-19T12:31:57.242+0000] {logging_mixin.py:188} INFO - [2025-09-19T12:31:57.242+0000] {dag.py:3954} INFO - Setting next_dagrun for etl_pipeline to 2025-09-18 00:00:00+00:00, run_after=2025-09-19 00:00:00+00:00
[2025-09-19T12:31:57.273+0000] {processor.py:183} INFO - Processing /opt/airflow/dags/etl_timeseries_csv_pipeline.py took 0.183 seconds
[2025-09-19T12:32:27.739+0000] {processor.py:161} INFO - Started process (PID=228) to work on /opt/airflow/dags/etl_timeseries_csv_pipeline.py
[2025-09-19T12:32:27.741+0000] {processor.py:830} INFO - Processing file /opt/airflow/dags/etl_timeseries_csv_pipeline.py for tasks to queue
[2025-09-19T12:32:27.745+0000] {logging_mixin.py:188} INFO - [2025-09-19T12:32:27.744+0000] {dagbag.py:545} INFO - Filling up the DagBag from /opt/airflow/dags/etl_timeseries_csv_pipeline.py
[2025-09-19T12:32:27.792+0000] {processor.py:840} INFO - DAG(s) 'etl_pipeline' retrieved from /opt/airflow/dags/etl_timeseries_csv_pipeline.py
[2025-09-19T12:32:27.841+0000] {logging_mixin.py:188} INFO - [2025-09-19T12:32:27.841+0000] {dag.py:3096} INFO - Sync 1 DAGs
[2025-09-19T12:32:27.869+0000] {logging_mixin.py:188} INFO - [2025-09-19T12:32:27.869+0000] {dag.py:3954} INFO - Setting next_dagrun for etl_pipeline to 2025-09-18 00:00:00+00:00, run_after=2025-09-19 00:00:00+00:00
[2025-09-19T12:32:27.895+0000] {processor.py:183} INFO - Processing /opt/airflow/dags/etl_timeseries_csv_pipeline.py took 0.165 seconds
[2025-09-19T12:32:58.311+0000] {processor.py:161} INFO - Started process (PID=240) to work on /opt/airflow/dags/etl_timeseries_csv_pipeline.py
[2025-09-19T12:32:58.313+0000] {processor.py:830} INFO - Processing file /opt/airflow/dags/etl_timeseries_csv_pipeline.py for tasks to queue
[2025-09-19T12:32:58.317+0000] {logging_mixin.py:188} INFO - [2025-09-19T12:32:58.316+0000] {dagbag.py:545} INFO - Filling up the DagBag from /opt/airflow/dags/etl_timeseries_csv_pipeline.py
[2025-09-19T12:32:58.360+0000] {processor.py:840} INFO - DAG(s) 'etl_pipeline' retrieved from /opt/airflow/dags/etl_timeseries_csv_pipeline.py
[2025-09-19T12:32:58.393+0000] {logging_mixin.py:188} INFO - [2025-09-19T12:32:58.393+0000] {dag.py:3096} INFO - Sync 1 DAGs
[2025-09-19T12:32:58.434+0000] {logging_mixin.py:188} INFO - [2025-09-19T12:32:58.433+0000] {dag.py:3954} INFO - Setting next_dagrun for etl_pipeline to 2025-09-18 00:00:00+00:00, run_after=2025-09-19 00:00:00+00:00
[2025-09-19T12:32:58.470+0000] {processor.py:183} INFO - Processing /opt/airflow/dags/etl_timeseries_csv_pipeline.py took 0.166 seconds
[2025-09-19T12:33:29.671+0000] {processor.py:161} INFO - Started process (PID=178) to work on /opt/airflow/dags/etl_timeseries_csv_pipeline.py
[2025-09-19T12:33:29.672+0000] {processor.py:830} INFO - Processing file /opt/airflow/dags/etl_timeseries_csv_pipeline.py for tasks to queue
[2025-09-19T12:33:29.674+0000] {logging_mixin.py:188} INFO - [2025-09-19T12:33:29.674+0000] {dagbag.py:545} INFO - Filling up the DagBag from /opt/airflow/dags/etl_timeseries_csv_pipeline.py
[2025-09-19T12:33:29.741+0000] {processor.py:840} INFO - DAG(s) 'etl_pipeline' retrieved from /opt/airflow/dags/etl_timeseries_csv_pipeline.py
[2025-09-19T12:33:29.768+0000] {logging_mixin.py:188} INFO - [2025-09-19T12:33:29.768+0000] {dag.py:3096} INFO - Sync 1 DAGs
[2025-09-19T12:33:29.791+0000] {logging_mixin.py:188} INFO - [2025-09-19T12:33:29.791+0000] {dag.py:3954} INFO - Setting next_dagrun for etl_pipeline to 2025-09-18 00:00:00+00:00, run_after=2025-09-19 00:00:00+00:00
[2025-09-19T12:33:29.816+0000] {processor.py:183} INFO - Processing /opt/airflow/dags/etl_timeseries_csv_pipeline.py took 0.153 seconds
[2025-09-19T12:34:00.342+0000] {processor.py:161} INFO - Started process (PID=192) to work on /opt/airflow/dags/etl_timeseries_csv_pipeline.py
[2025-09-19T12:34:00.346+0000] {processor.py:830} INFO - Processing file /opt/airflow/dags/etl_timeseries_csv_pipeline.py for tasks to queue
[2025-09-19T12:34:00.352+0000] {logging_mixin.py:188} INFO - [2025-09-19T12:34:00.351+0000] {dagbag.py:545} INFO - Filling up the DagBag from /opt/airflow/dags/etl_timeseries_csv_pipeline.py
[2025-09-19T12:34:00.381+0000] {processor.py:840} INFO - DAG(s) 'etl_pipeline' retrieved from /opt/airflow/dags/etl_timeseries_csv_pipeline.py
[2025-09-19T12:34:00.734+0000] {logging_mixin.py:188} INFO - [2025-09-19T12:34:00.734+0000] {dag.py:3096} INFO - Sync 1 DAGs
[2025-09-19T12:34:00.765+0000] {logging_mixin.py:188} INFO - [2025-09-19T12:34:00.764+0000] {dag.py:3954} INFO - Setting next_dagrun for etl_pipeline to 2025-09-18 00:00:00+00:00, run_after=2025-09-19 00:00:00+00:00
[2025-09-19T12:34:00.800+0000] {processor.py:183} INFO - Processing /opt/airflow/dags/etl_timeseries_csv_pipeline.py took 0.468 seconds
[2025-09-19T12:34:31.428+0000] {processor.py:161} INFO - Started process (PID=212) to work on /opt/airflow/dags/etl_timeseries_csv_pipeline.py
[2025-09-19T12:34:31.430+0000] {processor.py:830} INFO - Processing file /opt/airflow/dags/etl_timeseries_csv_pipeline.py for tasks to queue
[2025-09-19T12:34:31.436+0000] {logging_mixin.py:188} INFO - [2025-09-19T12:34:31.433+0000] {dagbag.py:545} INFO - Filling up the DagBag from /opt/airflow/dags/etl_timeseries_csv_pipeline.py
[2025-09-19T12:34:31.484+0000] {processor.py:840} INFO - DAG(s) 'etl_pipeline' retrieved from /opt/airflow/dags/etl_timeseries_csv_pipeline.py
[2025-09-19T12:34:31.549+0000] {logging_mixin.py:188} INFO - [2025-09-19T12:34:31.548+0000] {dag.py:3096} INFO - Sync 1 DAGs
[2025-09-19T12:34:31.609+0000] {logging_mixin.py:188} INFO - [2025-09-19T12:34:31.609+0000] {dag.py:3954} INFO - Setting next_dagrun for etl_pipeline to 2025-09-18 00:00:00+00:00, run_after=2025-09-19 00:00:00+00:00
[2025-09-19T12:34:31.662+0000] {processor.py:183} INFO - Processing /opt/airflow/dags/etl_timeseries_csv_pipeline.py took 0.253 seconds
[2025-09-19T12:35:02.284+0000] {processor.py:161} INFO - Started process (PID=224) to work on /opt/airflow/dags/etl_timeseries_csv_pipeline.py
[2025-09-19T12:35:02.287+0000] {processor.py:830} INFO - Processing file /opt/airflow/dags/etl_timeseries_csv_pipeline.py for tasks to queue
[2025-09-19T12:35:02.291+0000] {logging_mixin.py:188} INFO - [2025-09-19T12:35:02.290+0000] {dagbag.py:545} INFO - Filling up the DagBag from /opt/airflow/dags/etl_timeseries_csv_pipeline.py
[2025-09-19T12:35:02.333+0000] {processor.py:840} INFO - DAG(s) 'etl_pipeline' retrieved from /opt/airflow/dags/etl_timeseries_csv_pipeline.py
[2025-09-19T12:35:02.396+0000] {logging_mixin.py:188} INFO - [2025-09-19T12:35:02.395+0000] {dag.py:3096} INFO - Sync 1 DAGs
[2025-09-19T12:35:02.437+0000] {logging_mixin.py:188} INFO - [2025-09-19T12:35:02.437+0000] {dag.py:3954} INFO - Setting next_dagrun for etl_pipeline to 2025-09-18 00:00:00+00:00, run_after=2025-09-19 00:00:00+00:00
[2025-09-19T12:35:02.474+0000] {processor.py:183} INFO - Processing /opt/airflow/dags/etl_timeseries_csv_pipeline.py took 0.204 seconds
[2025-09-19T12:35:32.850+0000] {processor.py:161} INFO - Started process (PID=236) to work on /opt/airflow/dags/etl_timeseries_csv_pipeline.py
[2025-09-19T12:35:32.853+0000] {processor.py:830} INFO - Processing file /opt/airflow/dags/etl_timeseries_csv_pipeline.py for tasks to queue
[2025-09-19T12:35:32.857+0000] {logging_mixin.py:188} INFO - [2025-09-19T12:35:32.856+0000] {dagbag.py:545} INFO - Filling up the DagBag from /opt/airflow/dags/etl_timeseries_csv_pipeline.py
[2025-09-19T12:35:32.899+0000] {processor.py:840} INFO - DAG(s) 'etl_pipeline' retrieved from /opt/airflow/dags/etl_timeseries_csv_pipeline.py
[2025-09-19T12:35:32.952+0000] {logging_mixin.py:188} INFO - [2025-09-19T12:35:32.951+0000] {dag.py:3096} INFO - Sync 1 DAGs
[2025-09-19T12:35:32.997+0000] {logging_mixin.py:188} INFO - [2025-09-19T12:35:32.996+0000] {dag.py:3954} INFO - Setting next_dagrun for etl_pipeline to 2025-09-18 00:00:00+00:00, run_after=2025-09-19 00:00:00+00:00
[2025-09-19T12:35:33.031+0000] {processor.py:183} INFO - Processing /opt/airflow/dags/etl_timeseries_csv_pipeline.py took 0.194 seconds
[2025-09-19T12:36:03.561+0000] {processor.py:161} INFO - Started process (PID=248) to work on /opt/airflow/dags/etl_timeseries_csv_pipeline.py
[2025-09-19T12:36:03.563+0000] {processor.py:830} INFO - Processing file /opt/airflow/dags/etl_timeseries_csv_pipeline.py for tasks to queue
[2025-09-19T12:36:03.566+0000] {logging_mixin.py:188} INFO - [2025-09-19T12:36:03.565+0000] {dagbag.py:545} INFO - Filling up the DagBag from /opt/airflow/dags/etl_timeseries_csv_pipeline.py
[2025-09-19T12:36:03.599+0000] {processor.py:840} INFO - DAG(s) 'etl_pipeline' retrieved from /opt/airflow/dags/etl_timeseries_csv_pipeline.py
[2025-09-19T12:36:03.633+0000] {logging_mixin.py:188} INFO - [2025-09-19T12:36:03.633+0000] {dag.py:3096} INFO - Sync 1 DAGs
[2025-09-19T12:36:03.664+0000] {logging_mixin.py:188} INFO - [2025-09-19T12:36:03.664+0000] {dag.py:3954} INFO - Setting next_dagrun for etl_pipeline to 2025-09-18 00:00:00+00:00, run_after=2025-09-19 00:00:00+00:00
[2025-09-19T12:36:03.689+0000] {processor.py:183} INFO - Processing /opt/airflow/dags/etl_timeseries_csv_pipeline.py took 0.141 seconds
[2025-09-19T12:36:33.839+0000] {processor.py:161} INFO - Started process (PID=260) to work on /opt/airflow/dags/etl_timeseries_csv_pipeline.py
[2025-09-19T12:36:33.841+0000] {processor.py:830} INFO - Processing file /opt/airflow/dags/etl_timeseries_csv_pipeline.py for tasks to queue
[2025-09-19T12:36:33.845+0000] {logging_mixin.py:188} INFO - [2025-09-19T12:36:33.844+0000] {dagbag.py:545} INFO - Filling up the DagBag from /opt/airflow/dags/etl_timeseries_csv_pipeline.py
[2025-09-19T12:36:33.948+0000] {processor.py:840} INFO - DAG(s) 'etl_pipeline' retrieved from /opt/airflow/dags/etl_timeseries_csv_pipeline.py
[2025-09-19T12:36:34.001+0000] {logging_mixin.py:188} INFO - [2025-09-19T12:36:34.001+0000] {dag.py:3096} INFO - Sync 1 DAGs
[2025-09-19T12:36:34.041+0000] {logging_mixin.py:188} INFO - [2025-09-19T12:36:34.041+0000] {dag.py:3954} INFO - Setting next_dagrun for etl_pipeline to 2025-09-18 00:00:00+00:00, run_after=2025-09-19 00:00:00+00:00
[2025-09-19T12:36:34.077+0000] {processor.py:183} INFO - Processing /opt/airflow/dags/etl_timeseries_csv_pipeline.py took 0.250 seconds
[2025-09-19T12:37:04.266+0000] {processor.py:161} INFO - Started process (PID=284) to work on /opt/airflow/dags/etl_timeseries_csv_pipeline.py
[2025-09-19T12:37:04.268+0000] {processor.py:830} INFO - Processing file /opt/airflow/dags/etl_timeseries_csv_pipeline.py for tasks to queue
[2025-09-19T12:37:04.273+0000] {logging_mixin.py:188} INFO - [2025-09-19T12:37:04.272+0000] {dagbag.py:545} INFO - Filling up the DagBag from /opt/airflow/dags/etl_timeseries_csv_pipeline.py
[2025-09-19T12:37:04.320+0000] {processor.py:840} INFO - DAG(s) 'etl_pipeline' retrieved from /opt/airflow/dags/etl_timeseries_csv_pipeline.py
[2025-09-19T12:37:04.338+0000] {logging_mixin.py:188} INFO - [2025-09-19T12:37:04.337+0000] {dag.py:3096} INFO - Sync 1 DAGs
[2025-09-19T12:37:04.371+0000] {logging_mixin.py:188} INFO - [2025-09-19T12:37:04.371+0000] {dag.py:3954} INFO - Setting next_dagrun for etl_pipeline to 2025-09-18 00:00:00+00:00, run_after=2025-09-19 00:00:00+00:00
[2025-09-19T12:37:04.408+0000] {processor.py:183} INFO - Processing /opt/airflow/dags/etl_timeseries_csv_pipeline.py took 0.155 seconds
[2025-09-19T12:37:34.594+0000] {processor.py:161} INFO - Started process (PID=296) to work on /opt/airflow/dags/etl_timeseries_csv_pipeline.py
[2025-09-19T12:37:34.596+0000] {processor.py:830} INFO - Processing file /opt/airflow/dags/etl_timeseries_csv_pipeline.py for tasks to queue
[2025-09-19T12:37:34.602+0000] {logging_mixin.py:188} INFO - [2025-09-19T12:37:34.601+0000] {dagbag.py:545} INFO - Filling up the DagBag from /opt/airflow/dags/etl_timeseries_csv_pipeline.py
[2025-09-19T12:37:34.644+0000] {processor.py:840} INFO - DAG(s) 'etl_pipeline' retrieved from /opt/airflow/dags/etl_timeseries_csv_pipeline.py
[2025-09-19T12:37:34.875+0000] {logging_mixin.py:188} INFO - [2025-09-19T12:37:34.874+0000] {dag.py:3096} INFO - Sync 1 DAGs
[2025-09-19T12:37:34.929+0000] {logging_mixin.py:188} INFO - [2025-09-19T12:37:34.928+0000] {dag.py:3954} INFO - Setting next_dagrun for etl_pipeline to 2025-09-18 00:00:00+00:00, run_after=2025-09-19 00:00:00+00:00
[2025-09-19T12:37:34.979+0000] {processor.py:183} INFO - Processing /opt/airflow/dags/etl_timeseries_csv_pipeline.py took 0.399 seconds
[2025-09-19T12:38:05.619+0000] {processor.py:161} INFO - Started process (PID=308) to work on /opt/airflow/dags/etl_timeseries_csv_pipeline.py
[2025-09-19T12:38:05.622+0000] {processor.py:830} INFO - Processing file /opt/airflow/dags/etl_timeseries_csv_pipeline.py for tasks to queue
[2025-09-19T12:38:05.626+0000] {logging_mixin.py:188} INFO - [2025-09-19T12:38:05.626+0000] {dagbag.py:545} INFO - Filling up the DagBag from /opt/airflow/dags/etl_timeseries_csv_pipeline.py
[2025-09-19T12:38:05.667+0000] {processor.py:840} INFO - DAG(s) 'etl_pipeline' retrieved from /opt/airflow/dags/etl_timeseries_csv_pipeline.py
[2025-09-19T12:38:05.714+0000] {logging_mixin.py:188} INFO - [2025-09-19T12:38:05.713+0000] {dag.py:3096} INFO - Sync 1 DAGs
[2025-09-19T12:38:05.743+0000] {logging_mixin.py:188} INFO - [2025-09-19T12:38:05.743+0000] {dag.py:3954} INFO - Setting next_dagrun for etl_pipeline to 2025-09-18 00:00:00+00:00, run_after=2025-09-19 00:00:00+00:00
[2025-09-19T12:38:05.769+0000] {processor.py:183} INFO - Processing /opt/airflow/dags/etl_timeseries_csv_pipeline.py took 0.161 seconds
[2025-09-19T12:38:36.326+0000] {processor.py:161} INFO - Started process (PID=332) to work on /opt/airflow/dags/etl_timeseries_csv_pipeline.py
[2025-09-19T12:38:36.328+0000] {processor.py:830} INFO - Processing file /opt/airflow/dags/etl_timeseries_csv_pipeline.py for tasks to queue
[2025-09-19T12:38:36.333+0000] {logging_mixin.py:188} INFO - [2025-09-19T12:38:36.332+0000] {dagbag.py:545} INFO - Filling up the DagBag from /opt/airflow/dags/etl_timeseries_csv_pipeline.py
[2025-09-19T12:38:36.389+0000] {processor.py:840} INFO - DAG(s) 'etl_pipeline' retrieved from /opt/airflow/dags/etl_timeseries_csv_pipeline.py
[2025-09-19T12:38:36.422+0000] {logging_mixin.py:188} INFO - [2025-09-19T12:38:36.421+0000] {dag.py:3096} INFO - Sync 1 DAGs
[2025-09-19T12:38:36.472+0000] {logging_mixin.py:188} INFO - [2025-09-19T12:38:36.471+0000] {dag.py:3954} INFO - Setting next_dagrun for etl_pipeline to 2025-09-18 00:00:00+00:00, run_after=2025-09-19 00:00:00+00:00
[2025-09-19T12:38:36.513+0000] {processor.py:183} INFO - Processing /opt/airflow/dags/etl_timeseries_csv_pipeline.py took 0.202 seconds
[2025-09-19T12:39:07.042+0000] {processor.py:161} INFO - Started process (PID=344) to work on /opt/airflow/dags/etl_timeseries_csv_pipeline.py
[2025-09-19T12:39:07.046+0000] {processor.py:830} INFO - Processing file /opt/airflow/dags/etl_timeseries_csv_pipeline.py for tasks to queue
[2025-09-19T12:39:07.049+0000] {logging_mixin.py:188} INFO - [2025-09-19T12:39:07.048+0000] {dagbag.py:545} INFO - Filling up the DagBag from /opt/airflow/dags/etl_timeseries_csv_pipeline.py
[2025-09-19T12:39:07.089+0000] {processor.py:840} INFO - DAG(s) 'etl_pipeline' retrieved from /opt/airflow/dags/etl_timeseries_csv_pipeline.py
[2025-09-19T12:39:07.353+0000] {logging_mixin.py:188} INFO - [2025-09-19T12:39:07.352+0000] {dag.py:3096} INFO - Sync 1 DAGs
[2025-09-19T12:39:07.391+0000] {logging_mixin.py:188} INFO - [2025-09-19T12:39:07.390+0000] {dag.py:3954} INFO - Setting next_dagrun for etl_pipeline to 2025-09-18 00:00:00+00:00, run_after=2025-09-19 00:00:00+00:00
[2025-09-19T12:39:07.433+0000] {processor.py:183} INFO - Processing /opt/airflow/dags/etl_timeseries_csv_pipeline.py took 0.403 seconds
[2025-09-19T12:39:37.626+0000] {processor.py:161} INFO - Started process (PID=356) to work on /opt/airflow/dags/etl_timeseries_csv_pipeline.py
[2025-09-19T12:39:37.629+0000] {processor.py:830} INFO - Processing file /opt/airflow/dags/etl_timeseries_csv_pipeline.py for tasks to queue
[2025-09-19T12:39:37.633+0000] {logging_mixin.py:188} INFO - [2025-09-19T12:39:37.633+0000] {dagbag.py:545} INFO - Filling up the DagBag from /opt/airflow/dags/etl_timeseries_csv_pipeline.py
[2025-09-19T12:39:37.675+0000] {processor.py:840} INFO - DAG(s) 'etl_pipeline' retrieved from /opt/airflow/dags/etl_timeseries_csv_pipeline.py
[2025-09-19T12:39:37.739+0000] {logging_mixin.py:188} INFO - [2025-09-19T12:39:37.739+0000] {dag.py:3096} INFO - Sync 1 DAGs
[2025-09-19T12:39:37.786+0000] {logging_mixin.py:188} INFO - [2025-09-19T12:39:37.786+0000] {dag.py:3954} INFO - Setting next_dagrun for etl_pipeline to 2025-09-18 00:00:00+00:00, run_after=2025-09-19 00:00:00+00:00
[2025-09-19T12:39:37.833+0000] {processor.py:183} INFO - Processing /opt/airflow/dags/etl_timeseries_csv_pipeline.py took 0.221 seconds
[2025-09-19T12:40:08.145+0000] {processor.py:161} INFO - Started process (PID=368) to work on /opt/airflow/dags/etl_timeseries_csv_pipeline.py
[2025-09-19T12:40:08.148+0000] {processor.py:830} INFO - Processing file /opt/airflow/dags/etl_timeseries_csv_pipeline.py for tasks to queue
[2025-09-19T12:40:08.153+0000] {logging_mixin.py:188} INFO - [2025-09-19T12:40:08.152+0000] {dagbag.py:545} INFO - Filling up the DagBag from /opt/airflow/dags/etl_timeseries_csv_pipeline.py
[2025-09-19T12:40:08.222+0000] {processor.py:840} INFO - DAG(s) 'etl_pipeline' retrieved from /opt/airflow/dags/etl_timeseries_csv_pipeline.py
[2025-09-19T12:40:08.285+0000] {logging_mixin.py:188} INFO - [2025-09-19T12:40:08.284+0000] {dag.py:3096} INFO - Sync 1 DAGs
[2025-09-19T12:40:08.337+0000] {logging_mixin.py:188} INFO - [2025-09-19T12:40:08.336+0000] {dag.py:3954} INFO - Setting next_dagrun for etl_pipeline to 2025-09-18 00:00:00+00:00, run_after=2025-09-19 00:00:00+00:00
[2025-09-19T12:40:08.374+0000] {processor.py:183} INFO - Processing /opt/airflow/dags/etl_timeseries_csv_pipeline.py took 0.248 seconds
[2025-09-19T12:40:38.652+0000] {processor.py:161} INFO - Started process (PID=380) to work on /opt/airflow/dags/etl_timeseries_csv_pipeline.py
[2025-09-19T12:40:38.655+0000] {processor.py:830} INFO - Processing file /opt/airflow/dags/etl_timeseries_csv_pipeline.py for tasks to queue
[2025-09-19T12:40:38.659+0000] {logging_mixin.py:188} INFO - [2025-09-19T12:40:38.659+0000] {dagbag.py:545} INFO - Filling up the DagBag from /opt/airflow/dags/etl_timeseries_csv_pipeline.py
[2025-09-19T12:40:38.694+0000] {processor.py:840} INFO - DAG(s) 'etl_pipeline' retrieved from /opt/airflow/dags/etl_timeseries_csv_pipeline.py
[2025-09-19T12:40:38.738+0000] {logging_mixin.py:188} INFO - [2025-09-19T12:40:38.738+0000] {dag.py:3096} INFO - Sync 1 DAGs
[2025-09-19T12:40:38.781+0000] {logging_mixin.py:188} INFO - [2025-09-19T12:40:38.781+0000] {dag.py:3954} INFO - Setting next_dagrun for etl_pipeline to 2025-09-18 00:00:00+00:00, run_after=2025-09-19 00:00:00+00:00
[2025-09-19T12:40:38.818+0000] {processor.py:183} INFO - Processing /opt/airflow/dags/etl_timeseries_csv_pipeline.py took 0.183 seconds
[2025-09-19T12:41:09.042+0000] {processor.py:161} INFO - Started process (PID=404) to work on /opt/airflow/dags/etl_timeseries_csv_pipeline.py
[2025-09-19T12:41:09.045+0000] {processor.py:830} INFO - Processing file /opt/airflow/dags/etl_timeseries_csv_pipeline.py for tasks to queue
[2025-09-19T12:41:09.049+0000] {logging_mixin.py:188} INFO - [2025-09-19T12:41:09.048+0000] {dagbag.py:545} INFO - Filling up the DagBag from /opt/airflow/dags/etl_timeseries_csv_pipeline.py
[2025-09-19T12:41:09.094+0000] {processor.py:840} INFO - DAG(s) 'etl_pipeline' retrieved from /opt/airflow/dags/etl_timeseries_csv_pipeline.py
[2025-09-19T12:41:09.119+0000] {logging_mixin.py:188} INFO - [2025-09-19T12:41:09.118+0000] {dag.py:3096} INFO - Sync 1 DAGs
[2025-09-19T12:41:09.167+0000] {logging_mixin.py:188} INFO - [2025-09-19T12:41:09.167+0000] {dag.py:3954} INFO - Setting next_dagrun for etl_pipeline to 2025-09-18 00:00:00+00:00, run_after=2025-09-19 00:00:00+00:00
[2025-09-19T12:41:09.208+0000] {processor.py:183} INFO - Processing /opt/airflow/dags/etl_timeseries_csv_pipeline.py took 0.179 seconds
[2025-09-19T12:41:39.542+0000] {processor.py:161} INFO - Started process (PID=416) to work on /opt/airflow/dags/etl_timeseries_csv_pipeline.py
[2025-09-19T12:41:39.543+0000] {processor.py:830} INFO - Processing file /opt/airflow/dags/etl_timeseries_csv_pipeline.py for tasks to queue
[2025-09-19T12:41:39.549+0000] {logging_mixin.py:188} INFO - [2025-09-19T12:41:39.548+0000] {dagbag.py:545} INFO - Filling up the DagBag from /opt/airflow/dags/etl_timeseries_csv_pipeline.py
[2025-09-19T12:41:39.589+0000] {processor.py:840} INFO - DAG(s) 'etl_pipeline' retrieved from /opt/airflow/dags/etl_timeseries_csv_pipeline.py
[2025-09-19T12:41:39.706+0000] {logging_mixin.py:188} INFO - [2025-09-19T12:41:39.705+0000] {dag.py:3096} INFO - Sync 1 DAGs
[2025-09-19T12:41:39.725+0000] {logging_mixin.py:188} INFO - [2025-09-19T12:41:39.725+0000] {dag.py:3954} INFO - Setting next_dagrun for etl_pipeline to 2025-09-18 00:00:00+00:00, run_after=2025-09-19 00:00:00+00:00
[2025-09-19T12:41:39.749+0000] {processor.py:183} INFO - Processing /opt/airflow/dags/etl_timeseries_csv_pipeline.py took 0.220 seconds
[2025-09-19T12:42:10.119+0000] {processor.py:161} INFO - Started process (PID=428) to work on /opt/airflow/dags/etl_timeseries_csv_pipeline.py
[2025-09-19T12:42:10.122+0000] {processor.py:830} INFO - Processing file /opt/airflow/dags/etl_timeseries_csv_pipeline.py for tasks to queue
[2025-09-19T12:42:10.127+0000] {logging_mixin.py:188} INFO - [2025-09-19T12:42:10.125+0000] {dagbag.py:545} INFO - Filling up the DagBag from /opt/airflow/dags/etl_timeseries_csv_pipeline.py
[2025-09-19T12:42:10.173+0000] {processor.py:840} INFO - DAG(s) 'etl_pipeline' retrieved from /opt/airflow/dags/etl_timeseries_csv_pipeline.py
[2025-09-19T12:42:10.233+0000] {logging_mixin.py:188} INFO - [2025-09-19T12:42:10.233+0000] {dag.py:3096} INFO - Sync 1 DAGs
[2025-09-19T12:42:10.283+0000] {logging_mixin.py:188} INFO - [2025-09-19T12:42:10.283+0000] {dag.py:3954} INFO - Setting next_dagrun for etl_pipeline to 2025-09-18 00:00:00+00:00, run_after=2025-09-19 00:00:00+00:00
[2025-09-19T12:42:10.327+0000] {processor.py:183} INFO - Processing /opt/airflow/dags/etl_timeseries_csv_pipeline.py took 0.221 seconds
[2025-09-19T12:42:40.982+0000] {processor.py:161} INFO - Started process (PID=440) to work on /opt/airflow/dags/etl_timeseries_csv_pipeline.py
[2025-09-19T12:42:40.984+0000] {processor.py:830} INFO - Processing file /opt/airflow/dags/etl_timeseries_csv_pipeline.py for tasks to queue
[2025-09-19T12:42:40.989+0000] {logging_mixin.py:188} INFO - [2025-09-19T12:42:40.988+0000] {dagbag.py:545} INFO - Filling up the DagBag from /opt/airflow/dags/etl_timeseries_csv_pipeline.py
[2025-09-19T12:42:41.039+0000] {processor.py:840} INFO - DAG(s) 'etl_pipeline' retrieved from /opt/airflow/dags/etl_timeseries_csv_pipeline.py
[2025-09-19T12:42:41.082+0000] {logging_mixin.py:188} INFO - [2025-09-19T12:42:41.082+0000] {dag.py:3096} INFO - Sync 1 DAGs
[2025-09-19T12:42:41.109+0000] {logging_mixin.py:188} INFO - [2025-09-19T12:42:41.109+0000] {dag.py:3954} INFO - Setting next_dagrun for etl_pipeline to 2025-09-18 00:00:00+00:00, run_after=2025-09-19 00:00:00+00:00
[2025-09-19T12:42:41.135+0000] {processor.py:183} INFO - Processing /opt/airflow/dags/etl_timeseries_csv_pipeline.py took 0.160 seconds
[2025-09-19T12:43:11.524+0000] {processor.py:161} INFO - Started process (PID=450) to work on /opt/airflow/dags/etl_timeseries_csv_pipeline.py
[2025-09-19T12:43:11.525+0000] {processor.py:830} INFO - Processing file /opt/airflow/dags/etl_timeseries_csv_pipeline.py for tasks to queue
[2025-09-19T12:43:11.528+0000] {logging_mixin.py:188} INFO - [2025-09-19T12:43:11.527+0000] {dagbag.py:545} INFO - Filling up the DagBag from /opt/airflow/dags/etl_timeseries_csv_pipeline.py
[2025-09-19T12:43:11.555+0000] {processor.py:840} INFO - DAG(s) 'etl_pipeline' retrieved from /opt/airflow/dags/etl_timeseries_csv_pipeline.py
[2025-09-19T12:43:11.587+0000] {logging_mixin.py:188} INFO - [2025-09-19T12:43:11.587+0000] {dag.py:3096} INFO - Sync 1 DAGs
[2025-09-19T12:43:11.614+0000] {logging_mixin.py:188} INFO - [2025-09-19T12:43:11.614+0000] {dag.py:3954} INFO - Setting next_dagrun for etl_pipeline to 2025-09-18 00:00:00+00:00, run_after=2025-09-19 00:00:00+00:00
[2025-09-19T12:43:11.643+0000] {processor.py:183} INFO - Processing /opt/airflow/dags/etl_timeseries_csv_pipeline.py took 0.126 seconds
[2025-09-19T12:43:42.418+0000] {processor.py:161} INFO - Started process (PID=457) to work on /opt/airflow/dags/etl_timeseries_csv_pipeline.py
[2025-09-19T12:43:42.419+0000] {processor.py:830} INFO - Processing file /opt/airflow/dags/etl_timeseries_csv_pipeline.py for tasks to queue
[2025-09-19T12:43:42.422+0000] {logging_mixin.py:188} INFO - [2025-09-19T12:43:42.421+0000] {dagbag.py:545} INFO - Filling up the DagBag from /opt/airflow/dags/etl_timeseries_csv_pipeline.py
[2025-09-19T12:43:42.454+0000] {processor.py:840} INFO - DAG(s) 'etl_pipeline' retrieved from /opt/airflow/dags/etl_timeseries_csv_pipeline.py
[2025-09-19T12:43:42.494+0000] {logging_mixin.py:188} INFO - [2025-09-19T12:43:42.493+0000] {dag.py:3096} INFO - Sync 1 DAGs
[2025-09-19T12:43:42.531+0000] {logging_mixin.py:188} INFO - [2025-09-19T12:43:42.531+0000] {dag.py:3954} INFO - Setting next_dagrun for etl_pipeline to 2025-09-18 00:00:00+00:00, run_after=2025-09-19 00:00:00+00:00
[2025-09-19T12:43:42.561+0000] {processor.py:183} INFO - Processing /opt/airflow/dags/etl_timeseries_csv_pipeline.py took 0.149 seconds
[2025-09-19T12:44:13.111+0000] {processor.py:161} INFO - Started process (PID=469) to work on /opt/airflow/dags/etl_timeseries_csv_pipeline.py
[2025-09-19T12:44:13.112+0000] {processor.py:830} INFO - Processing file /opt/airflow/dags/etl_timeseries_csv_pipeline.py for tasks to queue
[2025-09-19T12:44:13.114+0000] {logging_mixin.py:188} INFO - [2025-09-19T12:44:13.114+0000] {dagbag.py:545} INFO - Filling up the DagBag from /opt/airflow/dags/etl_timeseries_csv_pipeline.py
[2025-09-19T12:44:13.139+0000] {processor.py:840} INFO - DAG(s) 'etl_pipeline' retrieved from /opt/airflow/dags/etl_timeseries_csv_pipeline.py
[2025-09-19T12:44:13.170+0000] {logging_mixin.py:188} INFO - [2025-09-19T12:44:13.170+0000] {dag.py:3096} INFO - Sync 1 DAGs
[2025-09-19T12:44:13.205+0000] {logging_mixin.py:188} INFO - [2025-09-19T12:44:13.205+0000] {dag.py:3954} INFO - Setting next_dagrun for etl_pipeline to 2025-09-18 00:00:00+00:00, run_after=2025-09-19 00:00:00+00:00
[2025-09-19T12:44:13.229+0000] {processor.py:183} INFO - Processing /opt/airflow/dags/etl_timeseries_csv_pipeline.py took 0.123 seconds
[2025-09-19T12:44:43.737+0000] {processor.py:161} INFO - Started process (PID=495) to work on /opt/airflow/dags/etl_timeseries_csv_pipeline.py
[2025-09-19T12:44:43.739+0000] {processor.py:830} INFO - Processing file /opt/airflow/dags/etl_timeseries_csv_pipeline.py for tasks to queue
[2025-09-19T12:44:43.750+0000] {logging_mixin.py:188} INFO - [2025-09-19T12:44:43.749+0000] {dagbag.py:545} INFO - Filling up the DagBag from /opt/airflow/dags/etl_timeseries_csv_pipeline.py
[2025-09-19T12:44:43.813+0000] {processor.py:840} INFO - DAG(s) 'etl_pipeline' retrieved from /opt/airflow/dags/etl_timeseries_csv_pipeline.py
[2025-09-19T12:44:43.835+0000] {logging_mixin.py:188} INFO - [2025-09-19T12:44:43.834+0000] {dag.py:3096} INFO - Sync 1 DAGs
[2025-09-19T12:44:43.879+0000] {logging_mixin.py:188} INFO - [2025-09-19T12:44:43.878+0000] {dag.py:3954} INFO - Setting next_dagrun for etl_pipeline to 2025-09-18 00:00:00+00:00, run_after=2025-09-19 00:00:00+00:00
[2025-09-19T12:44:43.909+0000] {processor.py:183} INFO - Processing /opt/airflow/dags/etl_timeseries_csv_pipeline.py took 0.183 seconds
[2025-09-19T12:45:14.076+0000] {processor.py:161} INFO - Started process (PID=509) to work on /opt/airflow/dags/etl_timeseries_csv_pipeline.py
[2025-09-19T12:45:14.079+0000] {processor.py:830} INFO - Processing file /opt/airflow/dags/etl_timeseries_csv_pipeline.py for tasks to queue
[2025-09-19T12:45:14.087+0000] {logging_mixin.py:188} INFO - [2025-09-19T12:45:14.085+0000] {dagbag.py:545} INFO - Filling up the DagBag from /opt/airflow/dags/etl_timeseries_csv_pipeline.py
[2025-09-19T12:45:14.159+0000] {processor.py:840} INFO - DAG(s) 'etl_pipeline' retrieved from /opt/airflow/dags/etl_timeseries_csv_pipeline.py
[2025-09-19T12:45:14.410+0000] {logging_mixin.py:188} INFO - [2025-09-19T12:45:14.410+0000] {dag.py:3096} INFO - Sync 1 DAGs
[2025-09-19T12:45:14.450+0000] {logging_mixin.py:188} INFO - [2025-09-19T12:45:14.449+0000] {dag.py:3954} INFO - Setting next_dagrun for etl_pipeline to 2025-09-18 00:00:00+00:00, run_after=2025-09-19 00:00:00+00:00
[2025-09-19T12:45:14.494+0000] {processor.py:183} INFO - Processing /opt/airflow/dags/etl_timeseries_csv_pipeline.py took 0.441 seconds
[2025-09-19T12:45:44.681+0000] {processor.py:161} INFO - Started process (PID=521) to work on /opt/airflow/dags/etl_timeseries_csv_pipeline.py
[2025-09-19T12:45:44.686+0000] {processor.py:830} INFO - Processing file /opt/airflow/dags/etl_timeseries_csv_pipeline.py for tasks to queue
[2025-09-19T12:45:44.693+0000] {logging_mixin.py:188} INFO - [2025-09-19T12:45:44.692+0000] {dagbag.py:545} INFO - Filling up the DagBag from /opt/airflow/dags/etl_timeseries_csv_pipeline.py
[2025-09-19T12:45:44.747+0000] {processor.py:840} INFO - DAG(s) 'etl_pipeline' retrieved from /opt/airflow/dags/etl_timeseries_csv_pipeline.py
[2025-09-19T12:45:44.820+0000] {logging_mixin.py:188} INFO - [2025-09-19T12:45:44.819+0000] {dag.py:3096} INFO - Sync 1 DAGs
[2025-09-19T12:45:44.864+0000] {logging_mixin.py:188} INFO - [2025-09-19T12:45:44.864+0000] {dag.py:3954} INFO - Setting next_dagrun for etl_pipeline to 2025-09-18 00:00:00+00:00, run_after=2025-09-19 00:00:00+00:00
[2025-09-19T12:45:44.906+0000] {processor.py:183} INFO - Processing /opt/airflow/dags/etl_timeseries_csv_pipeline.py took 0.243 seconds
[2025-09-19T12:46:15.483+0000] {processor.py:161} INFO - Started process (PID=534) to work on /opt/airflow/dags/etl_timeseries_csv_pipeline.py
[2025-09-19T12:46:15.486+0000] {processor.py:830} INFO - Processing file /opt/airflow/dags/etl_timeseries_csv_pipeline.py for tasks to queue
[2025-09-19T12:46:15.493+0000] {logging_mixin.py:188} INFO - [2025-09-19T12:46:15.492+0000] {dagbag.py:545} INFO - Filling up the DagBag from /opt/airflow/dags/etl_timeseries_csv_pipeline.py
[2025-09-19T12:46:15.602+0000] {processor.py:840} INFO - DAG(s) 'etl_pipeline' retrieved from /opt/airflow/dags/etl_timeseries_csv_pipeline.py
[2025-09-19T12:46:15.677+0000] {logging_mixin.py:188} INFO - [2025-09-19T12:46:15.676+0000] {dag.py:3096} INFO - Sync 1 DAGs
[2025-09-19T12:46:15.786+0000] {logging_mixin.py:188} INFO - [2025-09-19T12:46:15.786+0000] {dag.py:3954} INFO - Setting next_dagrun for etl_pipeline to 2025-09-18 00:00:00+00:00, run_after=2025-09-19 00:00:00+00:00
[2025-09-19T12:46:15.842+0000] {processor.py:183} INFO - Processing /opt/airflow/dags/etl_timeseries_csv_pipeline.py took 0.375 seconds
[2025-09-19T12:46:46.379+0000] {processor.py:161} INFO - Started process (PID=567) to work on /opt/airflow/dags/etl_timeseries_csv_pipeline.py
[2025-09-19T12:46:46.384+0000] {processor.py:830} INFO - Processing file /opt/airflow/dags/etl_timeseries_csv_pipeline.py for tasks to queue
[2025-09-19T12:46:46.388+0000] {logging_mixin.py:188} INFO - [2025-09-19T12:46:46.387+0000] {dagbag.py:545} INFO - Filling up the DagBag from /opt/airflow/dags/etl_timeseries_csv_pipeline.py
[2025-09-19T12:46:46.437+0000] {processor.py:840} INFO - DAG(s) 'etl_pipeline' retrieved from /opt/airflow/dags/etl_timeseries_csv_pipeline.py
[2025-09-19T12:46:46.502+0000] {logging_mixin.py:188} INFO - [2025-09-19T12:46:46.502+0000] {dag.py:3096} INFO - Sync 1 DAGs
[2025-09-19T12:46:46.550+0000] {logging_mixin.py:188} INFO - [2025-09-19T12:46:46.550+0000] {dag.py:3954} INFO - Setting next_dagrun for etl_pipeline to 2025-09-18 00:00:00+00:00, run_after=2025-09-19 00:00:00+00:00
[2025-09-19T12:46:46.596+0000] {processor.py:183} INFO - Processing /opt/airflow/dags/etl_timeseries_csv_pipeline.py took 0.226 seconds
[2025-09-19T12:47:16.926+0000] {processor.py:161} INFO - Started process (PID=579) to work on /opt/airflow/dags/etl_timeseries_csv_pipeline.py
[2025-09-19T12:47:16.928+0000] {processor.py:830} INFO - Processing file /opt/airflow/dags/etl_timeseries_csv_pipeline.py for tasks to queue
[2025-09-19T12:47:16.933+0000] {logging_mixin.py:188} INFO - [2025-09-19T12:47:16.932+0000] {dagbag.py:545} INFO - Filling up the DagBag from /opt/airflow/dags/etl_timeseries_csv_pipeline.py
[2025-09-19T12:47:16.983+0000] {processor.py:840} INFO - DAG(s) 'etl_pipeline' retrieved from /opt/airflow/dags/etl_timeseries_csv_pipeline.py
[2025-09-19T12:47:17.054+0000] {logging_mixin.py:188} INFO - [2025-09-19T12:47:17.054+0000] {dag.py:3096} INFO - Sync 1 DAGs
[2025-09-19T12:47:17.107+0000] {logging_mixin.py:188} INFO - [2025-09-19T12:47:17.106+0000] {dag.py:3954} INFO - Setting next_dagrun for etl_pipeline to 2025-09-18 00:00:00+00:00, run_after=2025-09-19 00:00:00+00:00
[2025-09-19T12:47:17.157+0000] {processor.py:183} INFO - Processing /opt/airflow/dags/etl_timeseries_csv_pipeline.py took 0.245 seconds
[2025-09-19T12:47:47.625+0000] {processor.py:161} INFO - Started process (PID=591) to work on /opt/airflow/dags/etl_timeseries_csv_pipeline.py
[2025-09-19T12:47:47.628+0000] {processor.py:830} INFO - Processing file /opt/airflow/dags/etl_timeseries_csv_pipeline.py for tasks to queue
[2025-09-19T12:47:47.633+0000] {logging_mixin.py:188} INFO - [2025-09-19T12:47:47.632+0000] {dagbag.py:545} INFO - Filling up the DagBag from /opt/airflow/dags/etl_timeseries_csv_pipeline.py
[2025-09-19T12:47:47.674+0000] {processor.py:840} INFO - DAG(s) 'etl_pipeline' retrieved from /opt/airflow/dags/etl_timeseries_csv_pipeline.py
[2025-09-19T12:47:47.747+0000] {logging_mixin.py:188} INFO - [2025-09-19T12:47:47.747+0000] {dag.py:3096} INFO - Sync 1 DAGs
[2025-09-19T12:47:47.796+0000] {logging_mixin.py:188} INFO - [2025-09-19T12:47:47.796+0000] {dag.py:3954} INFO - Setting next_dagrun for etl_pipeline to 2025-09-18 00:00:00+00:00, run_after=2025-09-19 00:00:00+00:00
[2025-09-19T12:47:47.846+0000] {processor.py:183} INFO - Processing /opt/airflow/dags/etl_timeseries_csv_pipeline.py took 0.232 seconds
[2025-09-19T12:48:18.450+0000] {processor.py:161} INFO - Started process (PID=603) to work on /opt/airflow/dags/etl_timeseries_csv_pipeline.py
[2025-09-19T12:48:18.452+0000] {processor.py:830} INFO - Processing file /opt/airflow/dags/etl_timeseries_csv_pipeline.py for tasks to queue
[2025-09-19T12:48:18.455+0000] {logging_mixin.py:188} INFO - [2025-09-19T12:48:18.454+0000] {dagbag.py:545} INFO - Filling up the DagBag from /opt/airflow/dags/etl_timeseries_csv_pipeline.py
[2025-09-19T12:48:18.498+0000] {processor.py:840} INFO - DAG(s) 'etl_pipeline' retrieved from /opt/airflow/dags/etl_timeseries_csv_pipeline.py
[2025-09-19T12:48:18.542+0000] {logging_mixin.py:188} INFO - [2025-09-19T12:48:18.542+0000] {dag.py:3096} INFO - Sync 1 DAGs
[2025-09-19T12:48:18.572+0000] {logging_mixin.py:188} INFO - [2025-09-19T12:48:18.572+0000] {dag.py:3954} INFO - Setting next_dagrun for etl_pipeline to 2025-09-18 00:00:00+00:00, run_after=2025-09-19 00:00:00+00:00
[2025-09-19T12:48:18.597+0000] {processor.py:183} INFO - Processing /opt/airflow/dags/etl_timeseries_csv_pipeline.py took 0.157 seconds
[2025-09-19T12:48:49.283+0000] {processor.py:161} INFO - Started process (PID=627) to work on /opt/airflow/dags/etl_timeseries_csv_pipeline.py
[2025-09-19T12:48:49.286+0000] {processor.py:830} INFO - Processing file /opt/airflow/dags/etl_timeseries_csv_pipeline.py for tasks to queue
[2025-09-19T12:48:49.291+0000] {logging_mixin.py:188} INFO - [2025-09-19T12:48:49.290+0000] {dagbag.py:545} INFO - Filling up the DagBag from /opt/airflow/dags/etl_timeseries_csv_pipeline.py
[2025-09-19T12:48:49.339+0000] {processor.py:840} INFO - DAG(s) 'etl_pipeline' retrieved from /opt/airflow/dags/etl_timeseries_csv_pipeline.py
[2025-09-19T12:48:49.357+0000] {logging_mixin.py:188} INFO - [2025-09-19T12:48:49.357+0000] {dag.py:3096} INFO - Sync 1 DAGs
[2025-09-19T12:48:49.388+0000] {logging_mixin.py:188} INFO - [2025-09-19T12:48:49.387+0000] {dag.py:3954} INFO - Setting next_dagrun for etl_pipeline to 2025-09-18 00:00:00+00:00, run_after=2025-09-19 00:00:00+00:00
[2025-09-19T12:48:49.413+0000] {processor.py:183} INFO - Processing /opt/airflow/dags/etl_timeseries_csv_pipeline.py took 0.143 seconds
[2025-09-19T12:49:19.797+0000] {processor.py:161} INFO - Started process (PID=643) to work on /opt/airflow/dags/etl_timeseries_csv_pipeline.py
[2025-09-19T12:49:19.800+0000] {processor.py:830} INFO - Processing file /opt/airflow/dags/etl_timeseries_csv_pipeline.py for tasks to queue
[2025-09-19T12:49:19.806+0000] {logging_mixin.py:188} INFO - [2025-09-19T12:49:19.805+0000] {dagbag.py:545} INFO - Filling up the DagBag from /opt/airflow/dags/etl_timeseries_csv_pipeline.py
[2025-09-19T12:49:19.849+0000] {processor.py:840} INFO - DAG(s) 'etl_pipeline' retrieved from /opt/airflow/dags/etl_timeseries_csv_pipeline.py
[2025-09-19T12:49:19.990+0000] {logging_mixin.py:188} INFO - [2025-09-19T12:49:19.990+0000] {dag.py:3096} INFO - Sync 1 DAGs
[2025-09-19T12:49:20.012+0000] {logging_mixin.py:188} INFO - [2025-09-19T12:49:20.011+0000] {dag.py:3954} INFO - Setting next_dagrun for etl_pipeline to 2025-09-18 00:00:00+00:00, run_after=2025-09-19 00:00:00+00:00
[2025-09-19T12:49:20.032+0000] {processor.py:183} INFO - Processing /opt/airflow/dags/etl_timeseries_csv_pipeline.py took 0.243 seconds
[2025-09-19T12:49:50.505+0000] {processor.py:161} INFO - Started process (PID=655) to work on /opt/airflow/dags/etl_timeseries_csv_pipeline.py
[2025-09-19T12:49:50.507+0000] {processor.py:830} INFO - Processing file /opt/airflow/dags/etl_timeseries_csv_pipeline.py for tasks to queue
[2025-09-19T12:49:50.513+0000] {logging_mixin.py:188} INFO - [2025-09-19T12:49:50.512+0000] {dagbag.py:545} INFO - Filling up the DagBag from /opt/airflow/dags/etl_timeseries_csv_pipeline.py
[2025-09-19T12:49:50.566+0000] {processor.py:840} INFO - DAG(s) 'etl_pipeline' retrieved from /opt/airflow/dags/etl_timeseries_csv_pipeline.py
[2025-09-19T12:49:50.613+0000] {logging_mixin.py:188} INFO - [2025-09-19T12:49:50.612+0000] {dag.py:3096} INFO - Sync 1 DAGs
[2025-09-19T12:49:50.650+0000] {logging_mixin.py:188} INFO - [2025-09-19T12:49:50.650+0000] {dag.py:3954} INFO - Setting next_dagrun for etl_pipeline to 2025-09-18 00:00:00+00:00, run_after=2025-09-19 00:00:00+00:00
[2025-09-19T12:49:50.686+0000] {processor.py:183} INFO - Processing /opt/airflow/dags/etl_timeseries_csv_pipeline.py took 0.195 seconds
[2025-09-19T12:50:21.238+0000] {processor.py:161} INFO - Started process (PID=668) to work on /opt/airflow/dags/etl_timeseries_csv_pipeline.py
[2025-09-19T12:50:21.240+0000] {processor.py:830} INFO - Processing file /opt/airflow/dags/etl_timeseries_csv_pipeline.py for tasks to queue
[2025-09-19T12:50:21.246+0000] {logging_mixin.py:188} INFO - [2025-09-19T12:50:21.245+0000] {dagbag.py:545} INFO - Filling up the DagBag from /opt/airflow/dags/etl_timeseries_csv_pipeline.py
[2025-09-19T12:50:21.280+0000] {processor.py:840} INFO - DAG(s) 'etl_pipeline' retrieved from /opt/airflow/dags/etl_timeseries_csv_pipeline.py
[2025-09-19T12:50:21.343+0000] {logging_mixin.py:188} INFO - [2025-09-19T12:50:21.342+0000] {dag.py:3096} INFO - Sync 1 DAGs
[2025-09-19T12:50:21.386+0000] {logging_mixin.py:188} INFO - [2025-09-19T12:50:21.386+0000] {dag.py:3954} INFO - Setting next_dagrun for etl_pipeline to 2025-09-18 00:00:00+00:00, run_after=2025-09-19 00:00:00+00:00
[2025-09-19T12:50:21.434+0000] {processor.py:183} INFO - Processing /opt/airflow/dags/etl_timeseries_csv_pipeline.py took 0.202 seconds
[2025-09-19T12:50:52.000+0000] {processor.py:161} INFO - Started process (PID=705) to work on /opt/airflow/dags/etl_timeseries_csv_pipeline.py
[2025-09-19T12:50:52.001+0000] {processor.py:830} INFO - Processing file /opt/airflow/dags/etl_timeseries_csv_pipeline.py for tasks to queue
[2025-09-19T12:50:52.006+0000] {logging_mixin.py:188} INFO - [2025-09-19T12:50:52.005+0000] {dagbag.py:545} INFO - Filling up the DagBag from /opt/airflow/dags/etl_timeseries_csv_pipeline.py
[2025-09-19T12:50:52.038+0000] {processor.py:840} INFO - DAG(s) 'etl_pipeline' retrieved from /opt/airflow/dags/etl_timeseries_csv_pipeline.py
[2025-09-19T12:50:52.077+0000] {logging_mixin.py:188} INFO - [2025-09-19T12:50:52.077+0000] {dag.py:3096} INFO - Sync 1 DAGs
[2025-09-19T12:50:52.107+0000] {logging_mixin.py:188} INFO - [2025-09-19T12:50:52.107+0000] {dag.py:3954} INFO - Setting next_dagrun for etl_pipeline to 2025-09-18 00:00:00+00:00, run_after=2025-09-19 00:00:00+00:00
[2025-09-19T12:50:52.131+0000] {processor.py:183} INFO - Processing /opt/airflow/dags/etl_timeseries_csv_pipeline.py took 0.140 seconds
[2025-09-19T12:51:22.710+0000] {processor.py:161} INFO - Started process (PID=717) to work on /opt/airflow/dags/etl_timeseries_csv_pipeline.py
[2025-09-19T12:51:22.712+0000] {processor.py:830} INFO - Processing file /opt/airflow/dags/etl_timeseries_csv_pipeline.py for tasks to queue
[2025-09-19T12:51:22.717+0000] {logging_mixin.py:188} INFO - [2025-09-19T12:51:22.716+0000] {dagbag.py:545} INFO - Filling up the DagBag from /opt/airflow/dags/etl_timeseries_csv_pipeline.py
[2025-09-19T12:51:22.768+0000] {processor.py:840} INFO - DAG(s) 'etl_pipeline' retrieved from /opt/airflow/dags/etl_timeseries_csv_pipeline.py
[2025-09-19T12:51:22.826+0000] {logging_mixin.py:188} INFO - [2025-09-19T12:51:22.826+0000] {dag.py:3096} INFO - Sync 1 DAGs
[2025-09-19T12:51:22.870+0000] {logging_mixin.py:188} INFO - [2025-09-19T12:51:22.869+0000] {dag.py:3954} INFO - Setting next_dagrun for etl_pipeline to 2025-09-18 00:00:00+00:00, run_after=2025-09-19 00:00:00+00:00
[2025-09-19T12:51:22.915+0000] {processor.py:183} INFO - Processing /opt/airflow/dags/etl_timeseries_csv_pipeline.py took 0.216 seconds
[2025-09-19T12:51:53.267+0000] {processor.py:161} INFO - Started process (PID=729) to work on /opt/airflow/dags/etl_timeseries_csv_pipeline.py
[2025-09-19T12:51:53.268+0000] {processor.py:830} INFO - Processing file /opt/airflow/dags/etl_timeseries_csv_pipeline.py for tasks to queue
[2025-09-19T12:51:53.271+0000] {logging_mixin.py:188} INFO - [2025-09-19T12:51:53.271+0000] {dagbag.py:545} INFO - Filling up the DagBag from /opt/airflow/dags/etl_timeseries_csv_pipeline.py
[2025-09-19T12:51:53.304+0000] {processor.py:840} INFO - DAG(s) 'etl_pipeline' retrieved from /opt/airflow/dags/etl_timeseries_csv_pipeline.py
[2025-09-19T12:51:53.356+0000] {logging_mixin.py:188} INFO - [2025-09-19T12:51:53.356+0000] {dag.py:3096} INFO - Sync 1 DAGs
[2025-09-19T12:51:53.383+0000] {logging_mixin.py:188} INFO - [2025-09-19T12:51:53.382+0000] {dag.py:3954} INFO - Setting next_dagrun for etl_pipeline to 2025-09-18 00:00:00+00:00, run_after=2025-09-19 00:00:00+00:00
[2025-09-19T12:51:53.415+0000] {processor.py:183} INFO - Processing /opt/airflow/dags/etl_timeseries_csv_pipeline.py took 0.154 seconds
[2025-09-19T12:52:23.998+0000] {processor.py:161} INFO - Started process (PID=741) to work on /opt/airflow/dags/etl_timeseries_csv_pipeline.py
[2025-09-19T12:52:24.000+0000] {processor.py:830} INFO - Processing file /opt/airflow/dags/etl_timeseries_csv_pipeline.py for tasks to queue
[2025-09-19T12:52:24.003+0000] {logging_mixin.py:188} INFO - [2025-09-19T12:52:24.003+0000] {dagbag.py:545} INFO - Filling up the DagBag from /opt/airflow/dags/etl_timeseries_csv_pipeline.py
[2025-09-19T12:52:24.029+0000] {processor.py:840} INFO - DAG(s) 'etl_pipeline' retrieved from /opt/airflow/dags/etl_timeseries_csv_pipeline.py
[2025-09-19T12:52:24.057+0000] {logging_mixin.py:188} INFO - [2025-09-19T12:52:24.057+0000] {dag.py:3096} INFO - Sync 1 DAGs
[2025-09-19T12:52:24.082+0000] {logging_mixin.py:188} INFO - [2025-09-19T12:52:24.081+0000] {dag.py:3954} INFO - Setting next_dagrun for etl_pipeline to 2025-09-18 00:00:00+00:00, run_after=2025-09-19 00:00:00+00:00
[2025-09-19T12:52:24.105+0000] {processor.py:183} INFO - Processing /opt/airflow/dags/etl_timeseries_csv_pipeline.py took 0.113 seconds
[2025-09-19T12:52:54.298+0000] {processor.py:161} INFO - Started process (PID=753) to work on /opt/airflow/dags/etl_timeseries_csv_pipeline.py
[2025-09-19T12:52:54.301+0000] {processor.py:830} INFO - Processing file /opt/airflow/dags/etl_timeseries_csv_pipeline.py for tasks to queue
[2025-09-19T12:52:54.305+0000] {logging_mixin.py:188} INFO - [2025-09-19T12:52:54.305+0000] {dagbag.py:545} INFO - Filling up the DagBag from /opt/airflow/dags/etl_timeseries_csv_pipeline.py
[2025-09-19T12:52:54.340+0000] {processor.py:840} INFO - DAG(s) 'etl_pipeline' retrieved from /opt/airflow/dags/etl_timeseries_csv_pipeline.py
[2025-09-19T12:52:54.398+0000] {logging_mixin.py:188} INFO - [2025-09-19T12:52:54.398+0000] {dag.py:3096} INFO - Sync 1 DAGs
[2025-09-19T12:52:54.443+0000] {logging_mixin.py:188} INFO - [2025-09-19T12:52:54.442+0000] {dag.py:3954} INFO - Setting next_dagrun for etl_pipeline to 2025-09-18 00:00:00+00:00, run_after=2025-09-19 00:00:00+00:00
[2025-09-19T12:52:54.480+0000] {processor.py:183} INFO - Processing /opt/airflow/dags/etl_timeseries_csv_pipeline.py took 0.194 seconds
[2025-09-19T12:53:24.749+0000] {processor.py:161} INFO - Started process (PID=779) to work on /opt/airflow/dags/etl_timeseries_csv_pipeline.py
[2025-09-19T12:53:24.751+0000] {processor.py:830} INFO - Processing file /opt/airflow/dags/etl_timeseries_csv_pipeline.py for tasks to queue
[2025-09-19T12:53:24.755+0000] {logging_mixin.py:188} INFO - [2025-09-19T12:53:24.755+0000] {dagbag.py:545} INFO - Filling up the DagBag from /opt/airflow/dags/etl_timeseries_csv_pipeline.py
[2025-09-19T12:53:24.795+0000] {processor.py:840} INFO - DAG(s) 'etl_pipeline' retrieved from /opt/airflow/dags/etl_timeseries_csv_pipeline.py
[2025-09-19T12:53:24.815+0000] {logging_mixin.py:188} INFO - [2025-09-19T12:53:24.814+0000] {dag.py:3096} INFO - Sync 1 DAGs
[2025-09-19T12:53:24.844+0000] {logging_mixin.py:188} INFO - [2025-09-19T12:53:24.843+0000] {dag.py:3954} INFO - Setting next_dagrun for etl_pipeline to 2025-09-18 00:00:00+00:00, run_after=2025-09-19 00:00:00+00:00
[2025-09-19T12:53:24.871+0000] {processor.py:183} INFO - Processing /opt/airflow/dags/etl_timeseries_csv_pipeline.py took 0.135 seconds
[2025-09-19T12:53:55.770+0000] {processor.py:161} INFO - Started process (PID=786) to work on /opt/airflow/dags/etl_timeseries_csv_pipeline.py
[2025-09-19T12:53:55.772+0000] {processor.py:830} INFO - Processing file /opt/airflow/dags/etl_timeseries_csv_pipeline.py for tasks to queue
[2025-09-19T12:53:55.775+0000] {logging_mixin.py:188} INFO - [2025-09-19T12:53:55.774+0000] {dagbag.py:545} INFO - Filling up the DagBag from /opt/airflow/dags/etl_timeseries_csv_pipeline.py
[2025-09-19T12:53:55.803+0000] {processor.py:840} INFO - DAG(s) 'etl_pipeline' retrieved from /opt/airflow/dags/etl_timeseries_csv_pipeline.py
[2025-09-19T12:53:55.929+0000] {logging_mixin.py:188} INFO - [2025-09-19T12:53:55.929+0000] {dag.py:3096} INFO - Sync 1 DAGs
[2025-09-19T12:53:55.969+0000] {logging_mixin.py:188} INFO - [2025-09-19T12:53:55.968+0000] {dag.py:3954} INFO - Setting next_dagrun for etl_pipeline to 2025-09-18 00:00:00+00:00, run_after=2025-09-19 00:00:00+00:00
[2025-09-19T12:53:55.997+0000] {processor.py:183} INFO - Processing /opt/airflow/dags/etl_timeseries_csv_pipeline.py took 0.239 seconds
[2025-09-19T12:54:26.588+0000] {processor.py:161} INFO - Started process (PID=799) to work on /opt/airflow/dags/etl_timeseries_csv_pipeline.py
[2025-09-19T12:54:26.609+0000] {processor.py:830} INFO - Processing file /opt/airflow/dags/etl_timeseries_csv_pipeline.py for tasks to queue
[2025-09-19T12:54:26.616+0000] {logging_mixin.py:188} INFO - [2025-09-19T12:54:26.615+0000] {dagbag.py:545} INFO - Filling up the DagBag from /opt/airflow/dags/etl_timeseries_csv_pipeline.py
[2025-09-19T12:54:26.732+0000] {processor.py:840} INFO - DAG(s) 'etl_pipeline' retrieved from /opt/airflow/dags/etl_timeseries_csv_pipeline.py
[2025-09-19T12:54:26.821+0000] {logging_mixin.py:188} INFO - [2025-09-19T12:54:26.821+0000] {dag.py:3096} INFO - Sync 1 DAGs
[2025-09-19T12:54:26.884+0000] {logging_mixin.py:188} INFO - [2025-09-19T12:54:26.883+0000] {dag.py:3954} INFO - Setting next_dagrun for etl_pipeline to 2025-09-18 00:00:00+00:00, run_after=2025-09-19 00:00:00+00:00
[2025-09-19T12:54:26.930+0000] {processor.py:183} INFO - Processing /opt/airflow/dags/etl_timeseries_csv_pipeline.py took 0.365 seconds
[2025-09-19T12:54:57.472+0000] {processor.py:161} INFO - Started process (PID=836) to work on /opt/airflow/dags/etl_timeseries_csv_pipeline.py
[2025-09-19T12:54:57.475+0000] {processor.py:830} INFO - Processing file /opt/airflow/dags/etl_timeseries_csv_pipeline.py for tasks to queue
[2025-09-19T12:54:57.477+0000] {logging_mixin.py:188} INFO - [2025-09-19T12:54:57.477+0000] {dagbag.py:545} INFO - Filling up the DagBag from /opt/airflow/dags/etl_timeseries_csv_pipeline.py
[2025-09-19T12:54:57.524+0000] {processor.py:840} INFO - DAG(s) 'etl_pipeline' retrieved from /opt/airflow/dags/etl_timeseries_csv_pipeline.py
[2025-09-19T12:54:57.574+0000] {logging_mixin.py:188} INFO - [2025-09-19T12:54:57.573+0000] {dag.py:3096} INFO - Sync 1 DAGs
[2025-09-19T12:54:57.609+0000] {logging_mixin.py:188} INFO - [2025-09-19T12:54:57.608+0000] {dag.py:3954} INFO - Setting next_dagrun for etl_pipeline to 2025-09-18 00:00:00+00:00, run_after=2025-09-19 00:00:00+00:00
[2025-09-19T12:54:57.649+0000] {processor.py:183} INFO - Processing /opt/airflow/dags/etl_timeseries_csv_pipeline.py took 0.183 seconds
[2025-09-19T12:55:28.287+0000] {processor.py:161} INFO - Started process (PID=848) to work on /opt/airflow/dags/etl_timeseries_csv_pipeline.py
[2025-09-19T12:55:28.289+0000] {processor.py:830} INFO - Processing file /opt/airflow/dags/etl_timeseries_csv_pipeline.py for tasks to queue
[2025-09-19T12:55:28.292+0000] {logging_mixin.py:188} INFO - [2025-09-19T12:55:28.292+0000] {dagbag.py:545} INFO - Filling up the DagBag from /opt/airflow/dags/etl_timeseries_csv_pipeline.py
[2025-09-19T12:55:28.336+0000] {processor.py:840} INFO - DAG(s) 'etl_pipeline' retrieved from /opt/airflow/dags/etl_timeseries_csv_pipeline.py
[2025-09-19T12:55:28.384+0000] {logging_mixin.py:188} INFO - [2025-09-19T12:55:28.384+0000] {dag.py:3096} INFO - Sync 1 DAGs
[2025-09-19T12:55:28.431+0000] {logging_mixin.py:188} INFO - [2025-09-19T12:55:28.431+0000] {dag.py:3954} INFO - Setting next_dagrun for etl_pipeline to 2025-09-18 00:00:00+00:00, run_after=2025-09-19 00:00:00+00:00
[2025-09-19T12:55:28.474+0000] {processor.py:183} INFO - Processing /opt/airflow/dags/etl_timeseries_csv_pipeline.py took 0.194 seconds
[2025-09-19T12:55:58.666+0000] {processor.py:161} INFO - Started process (PID=860) to work on /opt/airflow/dags/etl_timeseries_csv_pipeline.py
[2025-09-19T12:55:58.667+0000] {processor.py:830} INFO - Processing file /opt/airflow/dags/etl_timeseries_csv_pipeline.py for tasks to queue
[2025-09-19T12:55:58.670+0000] {logging_mixin.py:188} INFO - [2025-09-19T12:55:58.670+0000] {dagbag.py:545} INFO - Filling up the DagBag from /opt/airflow/dags/etl_timeseries_csv_pipeline.py
[2025-09-19T12:55:58.710+0000] {processor.py:840} INFO - DAG(s) 'etl_pipeline' retrieved from /opt/airflow/dags/etl_timeseries_csv_pipeline.py
[2025-09-19T12:55:58.750+0000] {logging_mixin.py:188} INFO - [2025-09-19T12:55:58.750+0000] {dag.py:3096} INFO - Sync 1 DAGs
[2025-09-19T12:55:58.773+0000] {logging_mixin.py:188} INFO - [2025-09-19T12:55:58.773+0000] {dag.py:3954} INFO - Setting next_dagrun for etl_pipeline to 2025-09-18 00:00:00+00:00, run_after=2025-09-19 00:00:00+00:00
[2025-09-19T12:55:58.810+0000] {processor.py:183} INFO - Processing /opt/airflow/dags/etl_timeseries_csv_pipeline.py took 0.154 seconds
[2025-09-19T12:56:29.111+0000] {processor.py:161} INFO - Started process (PID=872) to work on /opt/airflow/dags/etl_timeseries_csv_pipeline.py
[2025-09-19T12:56:29.113+0000] {processor.py:830} INFO - Processing file /opt/airflow/dags/etl_timeseries_csv_pipeline.py for tasks to queue
[2025-09-19T12:56:29.117+0000] {logging_mixin.py:188} INFO - [2025-09-19T12:56:29.117+0000] {dagbag.py:545} INFO - Filling up the DagBag from /opt/airflow/dags/etl_timeseries_csv_pipeline.py
[2025-09-19T12:56:29.158+0000] {processor.py:840} INFO - DAG(s) 'etl_pipeline' retrieved from /opt/airflow/dags/etl_timeseries_csv_pipeline.py
[2025-09-19T12:56:29.217+0000] {logging_mixin.py:188} INFO - [2025-09-19T12:56:29.216+0000] {dag.py:3096} INFO - Sync 1 DAGs
[2025-09-19T12:56:29.263+0000] {logging_mixin.py:188} INFO - [2025-09-19T12:56:29.262+0000] {dag.py:3954} INFO - Setting next_dagrun for etl_pipeline to 2025-09-18 00:00:00+00:00, run_after=2025-09-19 00:00:00+00:00
[2025-09-19T12:56:29.301+0000] {processor.py:183} INFO - Processing /opt/airflow/dags/etl_timeseries_csv_pipeline.py took 0.203 seconds
[2025-09-19T12:56:59.851+0000] {processor.py:161} INFO - Started process (PID=884) to work on /opt/airflow/dags/etl_timeseries_csv_pipeline.py
[2025-09-19T12:56:59.853+0000] {processor.py:830} INFO - Processing file /opt/airflow/dags/etl_timeseries_csv_pipeline.py for tasks to queue
[2025-09-19T12:56:59.858+0000] {logging_mixin.py:188} INFO - [2025-09-19T12:56:59.857+0000] {dagbag.py:545} INFO - Filling up the DagBag from /opt/airflow/dags/etl_timeseries_csv_pipeline.py
[2025-09-19T12:56:59.909+0000] {processor.py:840} INFO - DAG(s) 'etl_pipeline' retrieved from /opt/airflow/dags/etl_timeseries_csv_pipeline.py
[2025-09-19T12:56:59.948+0000] {logging_mixin.py:188} INFO - [2025-09-19T12:56:59.947+0000] {dag.py:3096} INFO - Sync 1 DAGs
[2025-09-19T12:56:59.975+0000] {logging_mixin.py:188} INFO - [2025-09-19T12:56:59.974+0000] {dag.py:3954} INFO - Setting next_dagrun for etl_pipeline to 2025-09-18 00:00:00+00:00, run_after=2025-09-19 00:00:00+00:00
[2025-09-19T12:57:00.003+0000] {processor.py:183} INFO - Processing /opt/airflow/dags/etl_timeseries_csv_pipeline.py took 0.167 seconds
[2025-09-19T12:57:30.612+0000] {processor.py:161} INFO - Started process (PID=896) to work on /opt/airflow/dags/etl_timeseries_csv_pipeline.py
[2025-09-19T12:57:30.614+0000] {processor.py:830} INFO - Processing file /opt/airflow/dags/etl_timeseries_csv_pipeline.py for tasks to queue
[2025-09-19T12:57:30.618+0000] {logging_mixin.py:188} INFO - [2025-09-19T12:57:30.617+0000] {dagbag.py:545} INFO - Filling up the DagBag from /opt/airflow/dags/etl_timeseries_csv_pipeline.py
[2025-09-19T12:57:30.659+0000] {processor.py:840} INFO - DAG(s) 'etl_pipeline' retrieved from /opt/airflow/dags/etl_timeseries_csv_pipeline.py
[2025-09-19T12:57:30.696+0000] {logging_mixin.py:188} INFO - [2025-09-19T12:57:30.696+0000] {dag.py:3096} INFO - Sync 1 DAGs
[2025-09-19T12:57:30.722+0000] {logging_mixin.py:188} INFO - [2025-09-19T12:57:30.721+0000] {dag.py:3954} INFO - Setting next_dagrun for etl_pipeline to 2025-09-18 00:00:00+00:00, run_after=2025-09-19 00:00:00+00:00
[2025-09-19T12:57:30.751+0000] {processor.py:183} INFO - Processing /opt/airflow/dags/etl_timeseries_csv_pipeline.py took 0.150 seconds
[2025-09-19T12:58:01.236+0000] {processor.py:161} INFO - Started process (PID=908) to work on /opt/airflow/dags/etl_timeseries_csv_pipeline.py
[2025-09-19T12:58:01.238+0000] {processor.py:830} INFO - Processing file /opt/airflow/dags/etl_timeseries_csv_pipeline.py for tasks to queue
[2025-09-19T12:58:01.241+0000] {logging_mixin.py:188} INFO - [2025-09-19T12:58:01.240+0000] {dagbag.py:545} INFO - Filling up the DagBag from /opt/airflow/dags/etl_timeseries_csv_pipeline.py
[2025-09-19T12:58:01.273+0000] {processor.py:840} INFO - DAG(s) 'etl_pipeline' retrieved from /opt/airflow/dags/etl_timeseries_csv_pipeline.py
[2025-09-19T12:58:01.308+0000] {logging_mixin.py:188} INFO - [2025-09-19T12:58:01.307+0000] {dag.py:3096} INFO - Sync 1 DAGs
[2025-09-19T12:58:01.345+0000] {logging_mixin.py:188} INFO - [2025-09-19T12:58:01.344+0000] {dag.py:3954} INFO - Setting next_dagrun for etl_pipeline to 2025-09-18 00:00:00+00:00, run_after=2025-09-19 00:00:00+00:00
[2025-09-19T12:58:01.375+0000] {processor.py:183} INFO - Processing /opt/airflow/dags/etl_timeseries_csv_pipeline.py took 0.146 seconds
[2025-09-19T12:58:31.576+0000] {processor.py:161} INFO - Started process (PID=920) to work on /opt/airflow/dags/etl_timeseries_csv_pipeline.py
[2025-09-19T12:58:31.578+0000] {processor.py:830} INFO - Processing file /opt/airflow/dags/etl_timeseries_csv_pipeline.py for tasks to queue
[2025-09-19T12:58:31.583+0000] {logging_mixin.py:188} INFO - [2025-09-19T12:58:31.582+0000] {dagbag.py:545} INFO - Filling up the DagBag from /opt/airflow/dags/etl_timeseries_csv_pipeline.py
[2025-09-19T12:58:31.650+0000] {processor.py:840} INFO - DAG(s) 'etl_pipeline' retrieved from /opt/airflow/dags/etl_timeseries_csv_pipeline.py
[2025-09-19T12:58:31.684+0000] {logging_mixin.py:188} INFO - [2025-09-19T12:58:31.684+0000] {dag.py:3096} INFO - Sync 1 DAGs
[2025-09-19T12:58:31.715+0000] {logging_mixin.py:188} INFO - [2025-09-19T12:58:31.715+0000] {dag.py:3954} INFO - Setting next_dagrun for etl_pipeline to 2025-09-18 00:00:00+00:00, run_after=2025-09-19 00:00:00+00:00
[2025-09-19T12:58:31.740+0000] {processor.py:183} INFO - Processing /opt/airflow/dags/etl_timeseries_csv_pipeline.py took 0.181 seconds
[2025-09-19T12:59:01.919+0000] {processor.py:161} INFO - Started process (PID=932) to work on /opt/airflow/dags/etl_timeseries_csv_pipeline.py
[2025-09-19T12:59:01.920+0000] {processor.py:830} INFO - Processing file /opt/airflow/dags/etl_timeseries_csv_pipeline.py for tasks to queue
[2025-09-19T12:59:01.927+0000] {logging_mixin.py:188} INFO - [2025-09-19T12:59:01.926+0000] {dagbag.py:545} INFO - Filling up the DagBag from /opt/airflow/dags/etl_timeseries_csv_pipeline.py
[2025-09-19T12:59:01.975+0000] {processor.py:840} INFO - DAG(s) 'etl_pipeline' retrieved from /opt/airflow/dags/etl_timeseries_csv_pipeline.py
[2025-09-19T12:59:02.034+0000] {logging_mixin.py:188} INFO - [2025-09-19T12:59:02.034+0000] {dag.py:3096} INFO - Sync 1 DAGs
[2025-09-19T12:59:02.058+0000] {logging_mixin.py:188} INFO - [2025-09-19T12:59:02.057+0000] {dag.py:3954} INFO - Setting next_dagrun for etl_pipeline to 2025-09-18 00:00:00+00:00, run_after=2025-09-19 00:00:00+00:00
[2025-09-19T12:59:02.094+0000] {processor.py:183} INFO - Processing /opt/airflow/dags/etl_timeseries_csv_pipeline.py took 0.185 seconds
[2025-09-19T12:59:32.600+0000] {processor.py:161} INFO - Started process (PID=944) to work on /opt/airflow/dags/etl_timeseries_csv_pipeline.py
[2025-09-19T12:59:32.603+0000] {processor.py:830} INFO - Processing file /opt/airflow/dags/etl_timeseries_csv_pipeline.py for tasks to queue
[2025-09-19T12:59:32.607+0000] {logging_mixin.py:188} INFO - [2025-09-19T12:59:32.606+0000] {dagbag.py:545} INFO - Filling up the DagBag from /opt/airflow/dags/etl_timeseries_csv_pipeline.py
[2025-09-19T12:59:32.655+0000] {processor.py:840} INFO - DAG(s) 'etl_pipeline' retrieved from /opt/airflow/dags/etl_timeseries_csv_pipeline.py
[2025-09-19T12:59:32.697+0000] {logging_mixin.py:188} INFO - [2025-09-19T12:59:32.697+0000] {dag.py:3096} INFO - Sync 1 DAGs
[2025-09-19T12:59:32.721+0000] {logging_mixin.py:188} INFO - [2025-09-19T12:59:32.721+0000] {dag.py:3954} INFO - Setting next_dagrun for etl_pipeline to 2025-09-18 00:00:00+00:00, run_after=2025-09-19 00:00:00+00:00
[2025-09-19T12:59:32.751+0000] {processor.py:183} INFO - Processing /opt/airflow/dags/etl_timeseries_csv_pipeline.py took 0.165 seconds
[2025-09-19T13:00:02.825+0000] {processor.py:161} INFO - Started process (PID=956) to work on /opt/airflow/dags/etl_timeseries_csv_pipeline.py
[2025-09-19T13:00:02.827+0000] {processor.py:830} INFO - Processing file /opt/airflow/dags/etl_timeseries_csv_pipeline.py for tasks to queue
[2025-09-19T13:00:02.829+0000] {logging_mixin.py:188} INFO - [2025-09-19T13:00:02.829+0000] {dagbag.py:545} INFO - Filling up the DagBag from /opt/airflow/dags/etl_timeseries_csv_pipeline.py
[2025-09-19T13:00:02.857+0000] {processor.py:840} INFO - DAG(s) 'etl_pipeline' retrieved from /opt/airflow/dags/etl_timeseries_csv_pipeline.py
[2025-09-19T13:00:02.896+0000] {logging_mixin.py:188} INFO - [2025-09-19T13:00:02.895+0000] {dag.py:3096} INFO - Sync 1 DAGs
[2025-09-19T13:00:02.921+0000] {logging_mixin.py:188} INFO - [2025-09-19T13:00:02.921+0000] {dag.py:3954} INFO - Setting next_dagrun for etl_pipeline to 2025-09-18 00:00:00+00:00, run_after=2025-09-19 00:00:00+00:00
[2025-09-19T13:00:02.946+0000] {processor.py:183} INFO - Processing /opt/airflow/dags/etl_timeseries_csv_pipeline.py took 0.127 seconds
[2025-09-19T13:00:33.522+0000] {processor.py:161} INFO - Started process (PID=968) to work on /opt/airflow/dags/etl_timeseries_csv_pipeline.py
[2025-09-19T13:00:33.524+0000] {processor.py:830} INFO - Processing file /opt/airflow/dags/etl_timeseries_csv_pipeline.py for tasks to queue
[2025-09-19T13:00:33.526+0000] {logging_mixin.py:188} INFO - [2025-09-19T13:00:33.526+0000] {dagbag.py:545} INFO - Filling up the DagBag from /opt/airflow/dags/etl_timeseries_csv_pipeline.py
[2025-09-19T13:00:33.563+0000] {processor.py:840} INFO - DAG(s) 'etl_pipeline' retrieved from /opt/airflow/dags/etl_timeseries_csv_pipeline.py
[2025-09-19T13:00:33.614+0000] {logging_mixin.py:188} INFO - [2025-09-19T13:00:33.614+0000] {dag.py:3096} INFO - Sync 1 DAGs
[2025-09-19T13:00:33.658+0000] {logging_mixin.py:188} INFO - [2025-09-19T13:00:33.658+0000] {dag.py:3954} INFO - Setting next_dagrun for etl_pipeline to 2025-09-18 00:00:00+00:00, run_after=2025-09-19 00:00:00+00:00
[2025-09-19T13:00:33.703+0000] {processor.py:183} INFO - Processing /opt/airflow/dags/etl_timeseries_csv_pipeline.py took 0.194 seconds
[2025-09-19T13:01:04.364+0000] {processor.py:161} INFO - Started process (PID=980) to work on /opt/airflow/dags/etl_timeseries_csv_pipeline.py
[2025-09-19T13:01:04.366+0000] {processor.py:830} INFO - Processing file /opt/airflow/dags/etl_timeseries_csv_pipeline.py for tasks to queue
[2025-09-19T13:01:04.369+0000] {logging_mixin.py:188} INFO - [2025-09-19T13:01:04.368+0000] {dagbag.py:545} INFO - Filling up the DagBag from /opt/airflow/dags/etl_timeseries_csv_pipeline.py
[2025-09-19T13:01:04.404+0000] {processor.py:840} INFO - DAG(s) 'etl_pipeline' retrieved from /opt/airflow/dags/etl_timeseries_csv_pipeline.py
[2025-09-19T13:01:04.445+0000] {logging_mixin.py:188} INFO - [2025-09-19T13:01:04.445+0000] {dag.py:3096} INFO - Sync 1 DAGs
[2025-09-19T13:01:04.484+0000] {logging_mixin.py:188} INFO - [2025-09-19T13:01:04.483+0000] {dag.py:3954} INFO - Setting next_dagrun for etl_pipeline to 2025-09-18 00:00:00+00:00, run_after=2025-09-19 00:00:00+00:00
[2025-09-19T13:01:04.521+0000] {processor.py:183} INFO - Processing /opt/airflow/dags/etl_timeseries_csv_pipeline.py took 0.168 seconds
[2025-09-19T13:01:34.761+0000] {processor.py:161} INFO - Started process (PID=992) to work on /opt/airflow/dags/etl_timeseries_csv_pipeline.py
[2025-09-19T13:01:34.764+0000] {processor.py:830} INFO - Processing file /opt/airflow/dags/etl_timeseries_csv_pipeline.py for tasks to queue
[2025-09-19T13:01:34.768+0000] {logging_mixin.py:188} INFO - [2025-09-19T13:01:34.767+0000] {dagbag.py:545} INFO - Filling up the DagBag from /opt/airflow/dags/etl_timeseries_csv_pipeline.py
[2025-09-19T13:01:34.819+0000] {processor.py:840} INFO - DAG(s) 'etl_pipeline' retrieved from /opt/airflow/dags/etl_timeseries_csv_pipeline.py
[2025-09-19T13:01:34.882+0000] {logging_mixin.py:188} INFO - [2025-09-19T13:01:34.881+0000] {dag.py:3096} INFO - Sync 1 DAGs
[2025-09-19T13:01:34.934+0000] {logging_mixin.py:188} INFO - [2025-09-19T13:01:34.932+0000] {dag.py:3954} INFO - Setting next_dagrun for etl_pipeline to 2025-09-18 00:00:00+00:00, run_after=2025-09-19 00:00:00+00:00
[2025-09-19T13:01:34.975+0000] {processor.py:183} INFO - Processing /opt/airflow/dags/etl_timeseries_csv_pipeline.py took 0.229 seconds
[2025-09-19T13:02:05.404+0000] {processor.py:161} INFO - Started process (PID=1004) to work on /opt/airflow/dags/etl_timeseries_csv_pipeline.py
[2025-09-19T13:02:05.406+0000] {processor.py:830} INFO - Processing file /opt/airflow/dags/etl_timeseries_csv_pipeline.py for tasks to queue
[2025-09-19T13:02:05.412+0000] {logging_mixin.py:188} INFO - [2025-09-19T13:02:05.411+0000] {dagbag.py:545} INFO - Filling up the DagBag from /opt/airflow/dags/etl_timeseries_csv_pipeline.py
[2025-09-19T13:02:05.457+0000] {processor.py:840} INFO - DAG(s) 'etl_pipeline' retrieved from /opt/airflow/dags/etl_timeseries_csv_pipeline.py
[2025-09-19T13:02:05.515+0000] {logging_mixin.py:188} INFO - [2025-09-19T13:02:05.514+0000] {dag.py:3096} INFO - Sync 1 DAGs
[2025-09-19T13:02:05.565+0000] {logging_mixin.py:188} INFO - [2025-09-19T13:02:05.564+0000] {dag.py:3954} INFO - Setting next_dagrun for etl_pipeline to 2025-09-18 00:00:00+00:00, run_after=2025-09-19 00:00:00+00:00
[2025-09-19T13:02:05.613+0000] {processor.py:183} INFO - Processing /opt/airflow/dags/etl_timeseries_csv_pipeline.py took 0.222 seconds
[2025-09-19T13:02:35.890+0000] {processor.py:161} INFO - Started process (PID=1016) to work on /opt/airflow/dags/etl_timeseries_csv_pipeline.py
[2025-09-19T13:02:35.893+0000] {processor.py:830} INFO - Processing file /opt/airflow/dags/etl_timeseries_csv_pipeline.py for tasks to queue
[2025-09-19T13:02:35.900+0000] {logging_mixin.py:188} INFO - [2025-09-19T13:02:35.900+0000] {dagbag.py:545} INFO - Filling up the DagBag from /opt/airflow/dags/etl_timeseries_csv_pipeline.py
[2025-09-19T13:02:35.938+0000] {processor.py:840} INFO - DAG(s) 'etl_pipeline' retrieved from /opt/airflow/dags/etl_timeseries_csv_pipeline.py
[2025-09-19T13:02:35.977+0000] {logging_mixin.py:188} INFO - [2025-09-19T13:02:35.977+0000] {dag.py:3096} INFO - Sync 1 DAGs
[2025-09-19T13:02:36.018+0000] {logging_mixin.py:188} INFO - [2025-09-19T13:02:36.017+0000] {dag.py:3954} INFO - Setting next_dagrun for etl_pipeline to 2025-09-18 00:00:00+00:00, run_after=2025-09-19 00:00:00+00:00
[2025-09-19T13:02:36.052+0000] {processor.py:183} INFO - Processing /opt/airflow/dags/etl_timeseries_csv_pipeline.py took 0.175 seconds
[2025-09-19T13:03:06.615+0000] {processor.py:161} INFO - Started process (PID=1028) to work on /opt/airflow/dags/etl_timeseries_csv_pipeline.py
[2025-09-19T13:03:06.617+0000] {processor.py:830} INFO - Processing file /opt/airflow/dags/etl_timeseries_csv_pipeline.py for tasks to queue
[2025-09-19T13:03:06.621+0000] {logging_mixin.py:188} INFO - [2025-09-19T13:03:06.620+0000] {dagbag.py:545} INFO - Filling up the DagBag from /opt/airflow/dags/etl_timeseries_csv_pipeline.py
[2025-09-19T13:03:06.667+0000] {processor.py:840} INFO - DAG(s) 'etl_pipeline' retrieved from /opt/airflow/dags/etl_timeseries_csv_pipeline.py
[2025-09-19T13:03:06.730+0000] {logging_mixin.py:188} INFO - [2025-09-19T13:03:06.729+0000] {dag.py:3096} INFO - Sync 1 DAGs
[2025-09-19T13:03:06.765+0000] {logging_mixin.py:188} INFO - [2025-09-19T13:03:06.765+0000] {dag.py:3954} INFO - Setting next_dagrun for etl_pipeline to 2025-09-18 00:00:00+00:00, run_after=2025-09-19 00:00:00+00:00
[2025-09-19T13:03:06.798+0000] {processor.py:183} INFO - Processing /opt/airflow/dags/etl_timeseries_csv_pipeline.py took 0.195 seconds
[2025-09-19T13:03:37.073+0000] {processor.py:161} INFO - Started process (PID=1040) to work on /opt/airflow/dags/etl_timeseries_csv_pipeline.py
[2025-09-19T13:03:37.075+0000] {processor.py:830} INFO - Processing file /opt/airflow/dags/etl_timeseries_csv_pipeline.py for tasks to queue
[2025-09-19T13:03:37.079+0000] {logging_mixin.py:188} INFO - [2025-09-19T13:03:37.078+0000] {dagbag.py:545} INFO - Filling up the DagBag from /opt/airflow/dags/etl_timeseries_csv_pipeline.py
[2025-09-19T13:03:37.120+0000] {processor.py:840} INFO - DAG(s) 'etl_pipeline' retrieved from /opt/airflow/dags/etl_timeseries_csv_pipeline.py
[2025-09-19T13:03:37.154+0000] {logging_mixin.py:188} INFO - [2025-09-19T13:03:37.154+0000] {dag.py:3096} INFO - Sync 1 DAGs
[2025-09-19T13:03:37.183+0000] {logging_mixin.py:188} INFO - [2025-09-19T13:03:37.183+0000] {dag.py:3954} INFO - Setting next_dagrun for etl_pipeline to 2025-09-18 00:00:00+00:00, run_after=2025-09-19 00:00:00+00:00
[2025-09-19T13:03:37.220+0000] {processor.py:183} INFO - Processing /opt/airflow/dags/etl_timeseries_csv_pipeline.py took 0.159 seconds
[2025-09-19T13:04:07.645+0000] {processor.py:161} INFO - Started process (PID=1045) to work on /opt/airflow/dags/etl_timeseries_csv_pipeline.py
[2025-09-19T13:04:07.647+0000] {processor.py:830} INFO - Processing file /opt/airflow/dags/etl_timeseries_csv_pipeline.py for tasks to queue
[2025-09-19T13:04:07.650+0000] {logging_mixin.py:188} INFO - [2025-09-19T13:04:07.650+0000] {dagbag.py:545} INFO - Filling up the DagBag from /opt/airflow/dags/etl_timeseries_csv_pipeline.py
[2025-09-19T13:04:07.675+0000] {processor.py:840} INFO - DAG(s) 'etl_pipeline' retrieved from /opt/airflow/dags/etl_timeseries_csv_pipeline.py
[2025-09-19T13:04:07.712+0000] {logging_mixin.py:188} INFO - [2025-09-19T13:04:07.711+0000] {dag.py:3096} INFO - Sync 1 DAGs
[2025-09-19T13:04:07.748+0000] {logging_mixin.py:188} INFO - [2025-09-19T13:04:07.747+0000] {dag.py:3954} INFO - Setting next_dagrun for etl_pipeline to 2025-09-18 00:00:00+00:00, run_after=2025-09-19 00:00:00+00:00
[2025-09-19T13:04:07.780+0000] {processor.py:183} INFO - Processing /opt/airflow/dags/etl_timeseries_csv_pipeline.py took 0.141 seconds
[2025-09-19T13:04:38.396+0000] {processor.py:161} INFO - Started process (PID=1057) to work on /opt/airflow/dags/etl_timeseries_csv_pipeline.py
[2025-09-19T13:04:38.398+0000] {processor.py:830} INFO - Processing file /opt/airflow/dags/etl_timeseries_csv_pipeline.py for tasks to queue
[2025-09-19T13:04:38.402+0000] {logging_mixin.py:188} INFO - [2025-09-19T13:04:38.401+0000] {dagbag.py:545} INFO - Filling up the DagBag from /opt/airflow/dags/etl_timeseries_csv_pipeline.py
[2025-09-19T13:04:38.448+0000] {processor.py:840} INFO - DAG(s) 'etl_pipeline' retrieved from /opt/airflow/dags/etl_timeseries_csv_pipeline.py
[2025-09-19T13:04:38.487+0000] {logging_mixin.py:188} INFO - [2025-09-19T13:04:38.486+0000] {dag.py:3096} INFO - Sync 1 DAGs
[2025-09-19T13:04:38.508+0000] {logging_mixin.py:188} INFO - [2025-09-19T13:04:38.507+0000] {dag.py:3954} INFO - Setting next_dagrun for etl_pipeline to 2025-09-18 00:00:00+00:00, run_after=2025-09-19 00:00:00+00:00
[2025-09-19T13:04:38.532+0000] {processor.py:183} INFO - Processing /opt/airflow/dags/etl_timeseries_csv_pipeline.py took 0.149 seconds
[2025-09-19T13:05:09.178+0000] {processor.py:161} INFO - Started process (PID=1069) to work on /opt/airflow/dags/etl_timeseries_csv_pipeline.py
[2025-09-19T13:05:09.180+0000] {processor.py:830} INFO - Processing file /opt/airflow/dags/etl_timeseries_csv_pipeline.py for tasks to queue
[2025-09-19T13:05:09.185+0000] {logging_mixin.py:188} INFO - [2025-09-19T13:05:09.184+0000] {dagbag.py:545} INFO - Filling up the DagBag from /opt/airflow/dags/etl_timeseries_csv_pipeline.py
[2025-09-19T13:05:09.226+0000] {processor.py:840} INFO - DAG(s) 'etl_pipeline' retrieved from /opt/airflow/dags/etl_timeseries_csv_pipeline.py
[2025-09-19T13:05:09.290+0000] {logging_mixin.py:188} INFO - [2025-09-19T13:05:09.289+0000] {dag.py:3096} INFO - Sync 1 DAGs
[2025-09-19T13:05:09.336+0000] {logging_mixin.py:188} INFO - [2025-09-19T13:05:09.336+0000] {dag.py:3954} INFO - Setting next_dagrun for etl_pipeline to 2025-09-18 00:00:00+00:00, run_after=2025-09-19 00:00:00+00:00
[2025-09-19T13:05:09.380+0000] {processor.py:183} INFO - Processing /opt/airflow/dags/etl_timeseries_csv_pipeline.py took 0.215 seconds
[2025-09-19T13:05:40.190+0000] {processor.py:161} INFO - Started process (PID=1081) to work on /opt/airflow/dags/etl_timeseries_csv_pipeline.py
[2025-09-19T13:05:40.192+0000] {processor.py:830} INFO - Processing file /opt/airflow/dags/etl_timeseries_csv_pipeline.py for tasks to queue
[2025-09-19T13:05:40.194+0000] {logging_mixin.py:188} INFO - [2025-09-19T13:05:40.194+0000] {dagbag.py:545} INFO - Filling up the DagBag from /opt/airflow/dags/etl_timeseries_csv_pipeline.py
[2025-09-19T13:05:40.223+0000] {processor.py:840} INFO - DAG(s) 'etl_pipeline' retrieved from /opt/airflow/dags/etl_timeseries_csv_pipeline.py
[2025-09-19T13:05:40.268+0000] {logging_mixin.py:188} INFO - [2025-09-19T13:05:40.267+0000] {dag.py:3096} INFO - Sync 1 DAGs
[2025-09-19T13:05:40.297+0000] {logging_mixin.py:188} INFO - [2025-09-19T13:05:40.297+0000] {dag.py:3954} INFO - Setting next_dagrun for etl_pipeline to 2025-09-18 00:00:00+00:00, run_after=2025-09-19 00:00:00+00:00
[2025-09-19T13:05:40.323+0000] {processor.py:183} INFO - Processing /opt/airflow/dags/etl_timeseries_csv_pipeline.py took 0.138 seconds
[2025-09-19T13:06:10.907+0000] {processor.py:161} INFO - Started process (PID=1093) to work on /opt/airflow/dags/etl_timeseries_csv_pipeline.py
[2025-09-19T13:06:10.909+0000] {processor.py:830} INFO - Processing file /opt/airflow/dags/etl_timeseries_csv_pipeline.py for tasks to queue
[2025-09-19T13:06:10.911+0000] {logging_mixin.py:188} INFO - [2025-09-19T13:06:10.911+0000] {dagbag.py:545} INFO - Filling up the DagBag from /opt/airflow/dags/etl_timeseries_csv_pipeline.py
[2025-09-19T13:06:10.937+0000] {processor.py:840} INFO - DAG(s) 'etl_pipeline' retrieved from /opt/airflow/dags/etl_timeseries_csv_pipeline.py
[2025-09-19T13:06:10.972+0000] {logging_mixin.py:188} INFO - [2025-09-19T13:06:10.971+0000] {dag.py:3096} INFO - Sync 1 DAGs
[2025-09-19T13:06:10.995+0000] {logging_mixin.py:188} INFO - [2025-09-19T13:06:10.994+0000] {dag.py:3954} INFO - Setting next_dagrun for etl_pipeline to 2025-09-18 00:00:00+00:00, run_after=2025-09-19 00:00:00+00:00
[2025-09-19T13:06:11.021+0000] {processor.py:183} INFO - Processing /opt/airflow/dags/etl_timeseries_csv_pipeline.py took 0.120 seconds
[2025-09-19T13:06:41.277+0000] {processor.py:161} INFO - Started process (PID=1107) to work on /opt/airflow/dags/etl_timeseries_csv_pipeline.py
[2025-09-19T13:06:41.280+0000] {processor.py:830} INFO - Processing file /opt/airflow/dags/etl_timeseries_csv_pipeline.py for tasks to queue
[2025-09-19T13:06:41.283+0000] {logging_mixin.py:188} INFO - [2025-09-19T13:06:41.282+0000] {dagbag.py:545} INFO - Filling up the DagBag from /opt/airflow/dags/etl_timeseries_csv_pipeline.py
[2025-09-19T13:06:41.319+0000] {processor.py:840} INFO - DAG(s) 'etl_pipeline' retrieved from /opt/airflow/dags/etl_timeseries_csv_pipeline.py
[2025-09-19T13:06:41.351+0000] {logging_mixin.py:188} INFO - [2025-09-19T13:06:41.351+0000] {dag.py:3096} INFO - Sync 1 DAGs
[2025-09-19T13:06:41.376+0000] {logging_mixin.py:188} INFO - [2025-09-19T13:06:41.376+0000] {dag.py:3954} INFO - Setting next_dagrun for etl_pipeline to 2025-09-19 00:00:00+00:00, run_after=2025-09-20 00:00:00+00:00
[2025-09-19T13:06:41.400+0000] {processor.py:183} INFO - Processing /opt/airflow/dags/etl_timeseries_csv_pipeline.py took 0.131 seconds
[2025-09-19T13:07:11.996+0000] {processor.py:161} INFO - Started process (PID=1129) to work on /opt/airflow/dags/etl_timeseries_csv_pipeline.py
[2025-09-19T13:07:11.999+0000] {processor.py:830} INFO - Processing file /opt/airflow/dags/etl_timeseries_csv_pipeline.py for tasks to queue
[2025-09-19T13:07:12.003+0000] {logging_mixin.py:188} INFO - [2025-09-19T13:07:12.002+0000] {dagbag.py:545} INFO - Filling up the DagBag from /opt/airflow/dags/etl_timeseries_csv_pipeline.py
[2025-09-19T13:07:12.046+0000] {processor.py:840} INFO - DAG(s) 'etl_pipeline' retrieved from /opt/airflow/dags/etl_timeseries_csv_pipeline.py
[2025-09-19T13:07:12.101+0000] {logging_mixin.py:188} INFO - [2025-09-19T13:07:12.100+0000] {dag.py:3096} INFO - Sync 1 DAGs
[2025-09-19T13:07:12.148+0000] {logging_mixin.py:188} INFO - [2025-09-19T13:07:12.148+0000] {dag.py:3954} INFO - Setting next_dagrun for etl_pipeline to 2025-09-19 00:00:00+00:00, run_after=2025-09-20 00:00:00+00:00
[2025-09-19T13:07:12.187+0000] {processor.py:183} INFO - Processing /opt/airflow/dags/etl_timeseries_csv_pipeline.py took 0.203 seconds
[2025-09-19T13:07:42.393+0000] {processor.py:161} INFO - Started process (PID=1141) to work on /opt/airflow/dags/etl_timeseries_csv_pipeline.py
[2025-09-19T13:07:42.397+0000] {processor.py:830} INFO - Processing file /opt/airflow/dags/etl_timeseries_csv_pipeline.py for tasks to queue
[2025-09-19T13:07:42.401+0000] {logging_mixin.py:188} INFO - [2025-09-19T13:07:42.400+0000] {dagbag.py:545} INFO - Filling up the DagBag from /opt/airflow/dags/etl_timeseries_csv_pipeline.py
[2025-09-19T13:07:42.465+0000] {processor.py:840} INFO - DAG(s) 'etl_pipeline' retrieved from /opt/airflow/dags/etl_timeseries_csv_pipeline.py
[2025-09-19T13:07:42.500+0000] {logging_mixin.py:188} INFO - [2025-09-19T13:07:42.500+0000] {dag.py:3096} INFO - Sync 1 DAGs
[2025-09-19T13:07:42.527+0000] {logging_mixin.py:188} INFO - [2025-09-19T13:07:42.527+0000] {dag.py:3954} INFO - Setting next_dagrun for etl_pipeline to 2025-09-19 00:00:00+00:00, run_after=2025-09-20 00:00:00+00:00
[2025-09-19T13:07:42.559+0000] {processor.py:183} INFO - Processing /opt/airflow/dags/etl_timeseries_csv_pipeline.py took 0.178 seconds
[2025-09-19T13:08:13.147+0000] {processor.py:161} INFO - Started process (PID=1153) to work on /opt/airflow/dags/etl_timeseries_csv_pipeline.py
[2025-09-19T13:08:13.149+0000] {processor.py:830} INFO - Processing file /opt/airflow/dags/etl_timeseries_csv_pipeline.py for tasks to queue
[2025-09-19T13:08:13.156+0000] {logging_mixin.py:188} INFO - [2025-09-19T13:08:13.155+0000] {dagbag.py:545} INFO - Filling up the DagBag from /opt/airflow/dags/etl_timeseries_csv_pipeline.py
[2025-09-19T13:08:13.205+0000] {processor.py:840} INFO - DAG(s) 'etl_pipeline' retrieved from /opt/airflow/dags/etl_timeseries_csv_pipeline.py
[2025-09-19T13:08:13.258+0000] {logging_mixin.py:188} INFO - [2025-09-19T13:08:13.258+0000] {dag.py:3096} INFO - Sync 1 DAGs
[2025-09-19T13:08:13.301+0000] {logging_mixin.py:188} INFO - [2025-09-19T13:08:13.301+0000] {dag.py:3954} INFO - Setting next_dagrun for etl_pipeline to 2025-09-19 00:00:00+00:00, run_after=2025-09-20 00:00:00+00:00
[2025-09-19T13:08:13.350+0000] {processor.py:183} INFO - Processing /opt/airflow/dags/etl_timeseries_csv_pipeline.py took 0.217 seconds
[2025-09-19T13:08:44.229+0000] {processor.py:161} INFO - Started process (PID=1165) to work on /opt/airflow/dags/etl_timeseries_csv_pipeline.py
[2025-09-19T13:08:44.232+0000] {processor.py:830} INFO - Processing file /opt/airflow/dags/etl_timeseries_csv_pipeline.py for tasks to queue
[2025-09-19T13:08:44.236+0000] {logging_mixin.py:188} INFO - [2025-09-19T13:08:44.235+0000] {dagbag.py:545} INFO - Filling up the DagBag from /opt/airflow/dags/etl_timeseries_csv_pipeline.py
[2025-09-19T13:08:44.281+0000] {processor.py:840} INFO - DAG(s) 'etl_pipeline' retrieved from /opt/airflow/dags/etl_timeseries_csv_pipeline.py
[2025-09-19T13:08:44.322+0000] {logging_mixin.py:188} INFO - [2025-09-19T13:08:44.321+0000] {dag.py:3096} INFO - Sync 1 DAGs
[2025-09-19T13:08:44.357+0000] {logging_mixin.py:188} INFO - [2025-09-19T13:08:44.357+0000] {dag.py:3954} INFO - Setting next_dagrun for etl_pipeline to 2025-09-19 00:00:00+00:00, run_after=2025-09-20 00:00:00+00:00
[2025-09-19T13:08:44.390+0000] {processor.py:183} INFO - Processing /opt/airflow/dags/etl_timeseries_csv_pipeline.py took 0.176 seconds
[2025-09-19T13:09:14.560+0000] {processor.py:161} INFO - Started process (PID=1177) to work on /opt/airflow/dags/etl_timeseries_csv_pipeline.py
[2025-09-19T13:09:14.561+0000] {processor.py:830} INFO - Processing file /opt/airflow/dags/etl_timeseries_csv_pipeline.py for tasks to queue
[2025-09-19T13:09:14.565+0000] {logging_mixin.py:188} INFO - [2025-09-19T13:09:14.565+0000] {dagbag.py:545} INFO - Filling up the DagBag from /opt/airflow/dags/etl_timeseries_csv_pipeline.py
[2025-09-19T13:09:14.610+0000] {processor.py:840} INFO - DAG(s) 'etl_pipeline' retrieved from /opt/airflow/dags/etl_timeseries_csv_pipeline.py
[2025-09-19T13:09:14.653+0000] {logging_mixin.py:188} INFO - [2025-09-19T13:09:14.653+0000] {dag.py:3096} INFO - Sync 1 DAGs
[2025-09-19T13:09:14.682+0000] {logging_mixin.py:188} INFO - [2025-09-19T13:09:14.682+0000] {dag.py:3954} INFO - Setting next_dagrun for etl_pipeline to 2025-09-19 00:00:00+00:00, run_after=2025-09-20 00:00:00+00:00
[2025-09-19T13:09:14.711+0000] {processor.py:183} INFO - Processing /opt/airflow/dags/etl_timeseries_csv_pipeline.py took 0.164 seconds
[2025-09-19T13:09:44.989+0000] {processor.py:161} INFO - Started process (PID=1189) to work on /opt/airflow/dags/etl_timeseries_csv_pipeline.py
[2025-09-19T13:09:44.991+0000] {processor.py:830} INFO - Processing file /opt/airflow/dags/etl_timeseries_csv_pipeline.py for tasks to queue
[2025-09-19T13:09:44.996+0000] {logging_mixin.py:188} INFO - [2025-09-19T13:09:44.995+0000] {dagbag.py:545} INFO - Filling up the DagBag from /opt/airflow/dags/etl_timeseries_csv_pipeline.py
[2025-09-19T13:09:45.052+0000] {processor.py:840} INFO - DAG(s) 'etl_pipeline' retrieved from /opt/airflow/dags/etl_timeseries_csv_pipeline.py
[2025-09-19T13:09:45.098+0000] {logging_mixin.py:188} INFO - [2025-09-19T13:09:45.098+0000] {dag.py:3096} INFO - Sync 1 DAGs
[2025-09-19T13:09:45.140+0000] {logging_mixin.py:188} INFO - [2025-09-19T13:09:45.140+0000] {dag.py:3954} INFO - Setting next_dagrun for etl_pipeline to 2025-09-19 00:00:00+00:00, run_after=2025-09-20 00:00:00+00:00
[2025-09-19T13:09:45.177+0000] {processor.py:183} INFO - Processing /opt/airflow/dags/etl_timeseries_csv_pipeline.py took 0.201 seconds
[2025-09-19T13:10:15.912+0000] {processor.py:161} INFO - Started process (PID=1201) to work on /opt/airflow/dags/etl_timeseries_csv_pipeline.py
[2025-09-19T13:10:15.914+0000] {processor.py:830} INFO - Processing file /opt/airflow/dags/etl_timeseries_csv_pipeline.py for tasks to queue
[2025-09-19T13:10:15.919+0000] {logging_mixin.py:188} INFO - [2025-09-19T13:10:15.919+0000] {dagbag.py:545} INFO - Filling up the DagBag from /opt/airflow/dags/etl_timeseries_csv_pipeline.py
[2025-09-19T13:10:15.959+0000] {processor.py:840} INFO - DAG(s) 'etl_pipeline' retrieved from /opt/airflow/dags/etl_timeseries_csv_pipeline.py
[2025-09-19T13:10:15.998+0000] {logging_mixin.py:188} INFO - [2025-09-19T13:10:15.998+0000] {dag.py:3096} INFO - Sync 1 DAGs
[2025-09-19T13:10:16.019+0000] {logging_mixin.py:188} INFO - [2025-09-19T13:10:16.019+0000] {dag.py:3954} INFO - Setting next_dagrun for etl_pipeline to 2025-09-19 00:00:00+00:00, run_after=2025-09-20 00:00:00+00:00
[2025-09-19T13:10:16.040+0000] {processor.py:183} INFO - Processing /opt/airflow/dags/etl_timeseries_csv_pipeline.py took 0.136 seconds
[2025-09-19T13:10:46.638+0000] {processor.py:161} INFO - Started process (PID=1213) to work on /opt/airflow/dags/etl_timeseries_csv_pipeline.py
[2025-09-19T13:10:46.640+0000] {processor.py:830} INFO - Processing file /opt/airflow/dags/etl_timeseries_csv_pipeline.py for tasks to queue
[2025-09-19T13:10:46.643+0000] {logging_mixin.py:188} INFO - [2025-09-19T13:10:46.642+0000] {dagbag.py:545} INFO - Filling up the DagBag from /opt/airflow/dags/etl_timeseries_csv_pipeline.py
[2025-09-19T13:10:46.671+0000] {processor.py:840} INFO - DAG(s) 'etl_pipeline' retrieved from /opt/airflow/dags/etl_timeseries_csv_pipeline.py
[2025-09-19T13:10:46.704+0000] {logging_mixin.py:188} INFO - [2025-09-19T13:10:46.703+0000] {dag.py:3096} INFO - Sync 1 DAGs
[2025-09-19T13:10:46.733+0000] {logging_mixin.py:188} INFO - [2025-09-19T13:10:46.733+0000] {dag.py:3954} INFO - Setting next_dagrun for etl_pipeline to 2025-09-19 00:00:00+00:00, run_after=2025-09-20 00:00:00+00:00
[2025-09-19T13:10:46.763+0000] {processor.py:183} INFO - Processing /opt/airflow/dags/etl_timeseries_csv_pipeline.py took 0.131 seconds
[2025-09-19T13:11:17.122+0000] {processor.py:161} INFO - Started process (PID=1225) to work on /opt/airflow/dags/etl_timeseries_csv_pipeline.py
[2025-09-19T13:11:17.124+0000] {processor.py:830} INFO - Processing file /opt/airflow/dags/etl_timeseries_csv_pipeline.py for tasks to queue
[2025-09-19T13:11:17.130+0000] {logging_mixin.py:188} INFO - [2025-09-19T13:11:17.129+0000] {dagbag.py:545} INFO - Filling up the DagBag from /opt/airflow/dags/etl_timeseries_csv_pipeline.py
[2025-09-19T13:11:17.172+0000] {processor.py:840} INFO - DAG(s) 'etl_pipeline' retrieved from /opt/airflow/dags/etl_timeseries_csv_pipeline.py
[2025-09-19T13:11:17.240+0000] {logging_mixin.py:188} INFO - [2025-09-19T13:11:17.239+0000] {dag.py:3096} INFO - Sync 1 DAGs
[2025-09-19T13:11:17.285+0000] {logging_mixin.py:188} INFO - [2025-09-19T13:11:17.284+0000] {dag.py:3954} INFO - Setting next_dagrun for etl_pipeline to 2025-09-19 00:00:00+00:00, run_after=2025-09-20 00:00:00+00:00
[2025-09-19T13:11:17.329+0000] {processor.py:183} INFO - Processing /opt/airflow/dags/etl_timeseries_csv_pipeline.py took 0.220 seconds
[2025-09-19T13:11:48.037+0000] {processor.py:161} INFO - Started process (PID=1237) to work on /opt/airflow/dags/etl_timeseries_csv_pipeline.py
[2025-09-19T13:11:48.039+0000] {processor.py:830} INFO - Processing file /opt/airflow/dags/etl_timeseries_csv_pipeline.py for tasks to queue
[2025-09-19T13:11:48.045+0000] {logging_mixin.py:188} INFO - [2025-09-19T13:11:48.044+0000] {dagbag.py:545} INFO - Filling up the DagBag from /opt/airflow/dags/etl_timeseries_csv_pipeline.py
[2025-09-19T13:11:48.081+0000] {processor.py:840} INFO - DAG(s) 'etl_pipeline' retrieved from /opt/airflow/dags/etl_timeseries_csv_pipeline.py
[2025-09-19T13:11:48.122+0000] {logging_mixin.py:188} INFO - [2025-09-19T13:11:48.121+0000] {dag.py:3096} INFO - Sync 1 DAGs
[2025-09-19T13:11:48.154+0000] {logging_mixin.py:188} INFO - [2025-09-19T13:11:48.154+0000] {dag.py:3954} INFO - Setting next_dagrun for etl_pipeline to 2025-09-19 00:00:00+00:00, run_after=2025-09-20 00:00:00+00:00
[2025-09-19T13:11:48.191+0000] {processor.py:183} INFO - Processing /opt/airflow/dags/etl_timeseries_csv_pipeline.py took 0.162 seconds
[2025-09-19T13:12:19.167+0000] {processor.py:161} INFO - Started process (PID=1249) to work on /opt/airflow/dags/etl_timeseries_csv_pipeline.py
[2025-09-19T13:12:19.169+0000] {processor.py:830} INFO - Processing file /opt/airflow/dags/etl_timeseries_csv_pipeline.py for tasks to queue
[2025-09-19T13:12:19.174+0000] {logging_mixin.py:188} INFO - [2025-09-19T13:12:19.174+0000] {dagbag.py:545} INFO - Filling up the DagBag from /opt/airflow/dags/etl_timeseries_csv_pipeline.py
[2025-09-19T13:12:19.260+0000] {processor.py:840} INFO - DAG(s) 'etl_pipeline' retrieved from /opt/airflow/dags/etl_timeseries_csv_pipeline.py
[2025-09-19T13:12:19.313+0000] {logging_mixin.py:188} INFO - [2025-09-19T13:12:19.313+0000] {dag.py:3096} INFO - Sync 1 DAGs
[2025-09-19T13:12:19.354+0000] {logging_mixin.py:188} INFO - [2025-09-19T13:12:19.353+0000] {dag.py:3954} INFO - Setting next_dagrun for etl_pipeline to 2025-09-19 00:00:00+00:00, run_after=2025-09-20 00:00:00+00:00
[2025-09-19T13:12:19.385+0000] {processor.py:183} INFO - Processing /opt/airflow/dags/etl_timeseries_csv_pipeline.py took 0.230 seconds
[2025-09-19T13:12:50.082+0000] {processor.py:161} INFO - Started process (PID=1261) to work on /opt/airflow/dags/etl_timeseries_csv_pipeline.py
[2025-09-19T13:12:50.084+0000] {processor.py:830} INFO - Processing file /opt/airflow/dags/etl_timeseries_csv_pipeline.py for tasks to queue
[2025-09-19T13:12:50.092+0000] {logging_mixin.py:188} INFO - [2025-09-19T13:12:50.091+0000] {dagbag.py:545} INFO - Filling up the DagBag from /opt/airflow/dags/etl_timeseries_csv_pipeline.py
[2025-09-19T13:12:50.137+0000] {processor.py:840} INFO - DAG(s) 'etl_pipeline' retrieved from /opt/airflow/dags/etl_timeseries_csv_pipeline.py
[2025-09-19T13:12:50.204+0000] {logging_mixin.py:188} INFO - [2025-09-19T13:12:50.203+0000] {dag.py:3096} INFO - Sync 1 DAGs
[2025-09-19T13:12:50.258+0000] {logging_mixin.py:188} INFO - [2025-09-19T13:12:50.258+0000] {dag.py:3954} INFO - Setting next_dagrun for etl_pipeline to 2025-09-19 00:00:00+00:00, run_after=2025-09-20 00:00:00+00:00
[2025-09-19T13:12:50.311+0000] {processor.py:183} INFO - Processing /opt/airflow/dags/etl_timeseries_csv_pipeline.py took 0.244 seconds
[2025-09-19T13:13:20.900+0000] {processor.py:161} INFO - Started process (PID=1273) to work on /opt/airflow/dags/etl_timeseries_csv_pipeline.py
[2025-09-19T13:13:20.908+0000] {processor.py:830} INFO - Processing file /opt/airflow/dags/etl_timeseries_csv_pipeline.py for tasks to queue
[2025-09-19T13:13:20.914+0000] {logging_mixin.py:188} INFO - [2025-09-19T13:13:20.913+0000] {dagbag.py:545} INFO - Filling up the DagBag from /opt/airflow/dags/etl_timeseries_csv_pipeline.py
[2025-09-19T13:13:20.954+0000] {processor.py:840} INFO - DAG(s) 'etl_pipeline' retrieved from /opt/airflow/dags/etl_timeseries_csv_pipeline.py
[2025-09-19T13:13:20.999+0000] {logging_mixin.py:188} INFO - [2025-09-19T13:13:20.998+0000] {dag.py:3096} INFO - Sync 1 DAGs
[2025-09-19T13:13:21.029+0000] {logging_mixin.py:188} INFO - [2025-09-19T13:13:21.028+0000] {dag.py:3954} INFO - Setting next_dagrun for etl_pipeline to 2025-09-19 00:00:00+00:00, run_after=2025-09-20 00:00:00+00:00
[2025-09-19T13:13:21.066+0000] {processor.py:183} INFO - Processing /opt/airflow/dags/etl_timeseries_csv_pipeline.py took 0.185 seconds
[2025-09-19T13:13:51.663+0000] {processor.py:161} INFO - Started process (PID=1285) to work on /opt/airflow/dags/etl_timeseries_csv_pipeline.py
[2025-09-19T13:13:51.665+0000] {processor.py:830} INFO - Processing file /opt/airflow/dags/etl_timeseries_csv_pipeline.py for tasks to queue
[2025-09-19T13:13:51.668+0000] {logging_mixin.py:188} INFO - [2025-09-19T13:13:51.668+0000] {dagbag.py:545} INFO - Filling up the DagBag from /opt/airflow/dags/etl_timeseries_csv_pipeline.py
[2025-09-19T13:13:51.727+0000] {processor.py:840} INFO - DAG(s) 'etl_pipeline' retrieved from /opt/airflow/dags/etl_timeseries_csv_pipeline.py
[2025-09-19T13:13:51.774+0000] {logging_mixin.py:188} INFO - [2025-09-19T13:13:51.772+0000] {dag.py:3096} INFO - Sync 1 DAGs
[2025-09-19T13:13:51.813+0000] {logging_mixin.py:188} INFO - [2025-09-19T13:13:51.813+0000] {dag.py:3954} INFO - Setting next_dagrun for etl_pipeline to 2025-09-19 00:00:00+00:00, run_after=2025-09-20 00:00:00+00:00
[2025-09-19T13:13:51.857+0000] {processor.py:183} INFO - Processing /opt/airflow/dags/etl_timeseries_csv_pipeline.py took 0.206 seconds
[2025-09-19T13:14:21.997+0000] {processor.py:161} INFO - Started process (PID=1297) to work on /opt/airflow/dags/etl_timeseries_csv_pipeline.py
[2025-09-19T13:14:21.999+0000] {processor.py:830} INFO - Processing file /opt/airflow/dags/etl_timeseries_csv_pipeline.py for tasks to queue
[2025-09-19T13:14:22.003+0000] {logging_mixin.py:188} INFO - [2025-09-19T13:14:22.002+0000] {dagbag.py:545} INFO - Filling up the DagBag from /opt/airflow/dags/etl_timeseries_csv_pipeline.py
[2025-09-19T13:14:22.048+0000] {processor.py:840} INFO - DAG(s) 'etl_pipeline' retrieved from /opt/airflow/dags/etl_timeseries_csv_pipeline.py
[2025-09-19T13:14:22.080+0000] {logging_mixin.py:188} INFO - [2025-09-19T13:14:22.080+0000] {dag.py:3096} INFO - Sync 1 DAGs
[2025-09-19T13:14:22.111+0000] {logging_mixin.py:188} INFO - [2025-09-19T13:14:22.111+0000] {dag.py:3954} INFO - Setting next_dagrun for etl_pipeline to 2025-09-19 00:00:00+00:00, run_after=2025-09-20 00:00:00+00:00
[2025-09-19T13:14:22.144+0000] {processor.py:183} INFO - Processing /opt/airflow/dags/etl_timeseries_csv_pipeline.py took 0.160 seconds
[2025-09-19T13:14:52.800+0000] {processor.py:161} INFO - Started process (PID=1309) to work on /opt/airflow/dags/etl_timeseries_csv_pipeline.py
[2025-09-19T13:14:52.801+0000] {processor.py:830} INFO - Processing file /opt/airflow/dags/etl_timeseries_csv_pipeline.py for tasks to queue
[2025-09-19T13:14:52.803+0000] {logging_mixin.py:188} INFO - [2025-09-19T13:14:52.803+0000] {dagbag.py:545} INFO - Filling up the DagBag from /opt/airflow/dags/etl_timeseries_csv_pipeline.py
[2025-09-19T13:14:52.843+0000] {processor.py:840} INFO - DAG(s) 'etl_pipeline' retrieved from /opt/airflow/dags/etl_timeseries_csv_pipeline.py
[2025-09-19T13:14:52.889+0000] {logging_mixin.py:188} INFO - [2025-09-19T13:14:52.888+0000] {dag.py:3096} INFO - Sync 1 DAGs
[2025-09-19T13:14:52.925+0000] {logging_mixin.py:188} INFO - [2025-09-19T13:14:52.925+0000] {dag.py:3954} INFO - Setting next_dagrun for etl_pipeline to 2025-09-19 00:00:00+00:00, run_after=2025-09-20 00:00:00+00:00
[2025-09-19T13:14:52.952+0000] {processor.py:183} INFO - Processing /opt/airflow/dags/etl_timeseries_csv_pipeline.py took 0.159 seconds
[2025-09-19T13:15:23.350+0000] {processor.py:161} INFO - Started process (PID=1319) to work on /opt/airflow/dags/etl_timeseries_csv_pipeline.py
[2025-09-19T13:15:23.353+0000] {processor.py:830} INFO - Processing file /opt/airflow/dags/etl_timeseries_csv_pipeline.py for tasks to queue
[2025-09-19T13:15:23.357+0000] {logging_mixin.py:188} INFO - [2025-09-19T13:15:23.356+0000] {dagbag.py:545} INFO - Filling up the DagBag from /opt/airflow/dags/etl_timeseries_csv_pipeline.py
[2025-09-19T13:15:23.401+0000] {processor.py:840} INFO - DAG(s) 'etl_pipeline' retrieved from /opt/airflow/dags/etl_timeseries_csv_pipeline.py
[2025-09-19T13:15:23.447+0000] {logging_mixin.py:188} INFO - [2025-09-19T13:15:23.446+0000] {dag.py:3096} INFO - Sync 1 DAGs
[2025-09-19T13:15:23.490+0000] {logging_mixin.py:188} INFO - [2025-09-19T13:15:23.489+0000] {dag.py:3954} INFO - Setting next_dagrun for etl_pipeline to 2025-09-19 00:00:00+00:00, run_after=2025-09-20 00:00:00+00:00
[2025-09-19T13:15:23.514+0000] {processor.py:183} INFO - Processing /opt/airflow/dags/etl_timeseries_csv_pipeline.py took 0.177 seconds
[2025-09-19T13:15:54.171+0000] {processor.py:161} INFO - Started process (PID=1326) to work on /opt/airflow/dags/etl_timeseries_csv_pipeline.py
[2025-09-19T13:15:54.173+0000] {processor.py:830} INFO - Processing file /opt/airflow/dags/etl_timeseries_csv_pipeline.py for tasks to queue
[2025-09-19T13:15:54.176+0000] {logging_mixin.py:188} INFO - [2025-09-19T13:15:54.175+0000] {dagbag.py:545} INFO - Filling up the DagBag from /opt/airflow/dags/etl_timeseries_csv_pipeline.py
[2025-09-19T13:15:54.226+0000] {processor.py:840} INFO - DAG(s) 'etl_pipeline' retrieved from /opt/airflow/dags/etl_timeseries_csv_pipeline.py
[2025-09-19T13:15:54.265+0000] {logging_mixin.py:188} INFO - [2025-09-19T13:15:54.264+0000] {dag.py:3096} INFO - Sync 1 DAGs
[2025-09-19T13:15:54.300+0000] {logging_mixin.py:188} INFO - [2025-09-19T13:15:54.299+0000] {dag.py:3954} INFO - Setting next_dagrun for etl_pipeline to 2025-09-19 00:00:00+00:00, run_after=2025-09-20 00:00:00+00:00
[2025-09-19T13:15:54.328+0000] {processor.py:183} INFO - Processing /opt/airflow/dags/etl_timeseries_csv_pipeline.py took 0.168 seconds
[2025-09-19T13:16:24.983+0000] {processor.py:161} INFO - Started process (PID=1338) to work on /opt/airflow/dags/etl_timeseries_csv_pipeline.py
[2025-09-19T13:16:24.987+0000] {processor.py:830} INFO - Processing file /opt/airflow/dags/etl_timeseries_csv_pipeline.py for tasks to queue
[2025-09-19T13:16:24.992+0000] {logging_mixin.py:188} INFO - [2025-09-19T13:16:24.991+0000] {dagbag.py:545} INFO - Filling up the DagBag from /opt/airflow/dags/etl_timeseries_csv_pipeline.py
[2025-09-19T13:16:25.065+0000] {processor.py:840} INFO - DAG(s) 'etl_pipeline' retrieved from /opt/airflow/dags/etl_timeseries_csv_pipeline.py
[2025-09-19T13:16:25.105+0000] {logging_mixin.py:188} INFO - [2025-09-19T13:16:25.104+0000] {dag.py:3096} INFO - Sync 1 DAGs
[2025-09-19T13:16:25.130+0000] {logging_mixin.py:188} INFO - [2025-09-19T13:16:25.130+0000] {dag.py:3954} INFO - Setting next_dagrun for etl_pipeline to 2025-09-19 00:00:00+00:00, run_after=2025-09-20 00:00:00+00:00
[2025-09-19T13:16:25.153+0000] {processor.py:183} INFO - Processing /opt/airflow/dags/etl_timeseries_csv_pipeline.py took 0.184 seconds
[2025-09-19T13:16:55.647+0000] {processor.py:161} INFO - Started process (PID=1350) to work on /opt/airflow/dags/etl_timeseries_csv_pipeline.py
[2025-09-19T13:16:55.651+0000] {processor.py:830} INFO - Processing file /opt/airflow/dags/etl_timeseries_csv_pipeline.py for tasks to queue
[2025-09-19T13:16:55.656+0000] {logging_mixin.py:188} INFO - [2025-09-19T13:16:55.655+0000] {dagbag.py:545} INFO - Filling up the DagBag from /opt/airflow/dags/etl_timeseries_csv_pipeline.py
[2025-09-19T13:16:55.710+0000] {processor.py:840} INFO - DAG(s) 'etl_pipeline' retrieved from /opt/airflow/dags/etl_timeseries_csv_pipeline.py
[2025-09-19T13:16:55.790+0000] {logging_mixin.py:188} INFO - [2025-09-19T13:16:55.789+0000] {dag.py:3096} INFO - Sync 1 DAGs
[2025-09-19T13:16:55.847+0000] {logging_mixin.py:188} INFO - [2025-09-19T13:16:55.847+0000] {dag.py:3954} INFO - Setting next_dagrun for etl_pipeline to 2025-09-19 00:00:00+00:00, run_after=2025-09-20 00:00:00+00:00
[2025-09-19T13:16:55.888+0000] {processor.py:183} INFO - Processing /opt/airflow/dags/etl_timeseries_csv_pipeline.py took 0.264 seconds
[2025-09-19T13:17:26.582+0000] {processor.py:161} INFO - Started process (PID=1362) to work on /opt/airflow/dags/etl_timeseries_csv_pipeline.py
[2025-09-19T13:17:26.585+0000] {processor.py:830} INFO - Processing file /opt/airflow/dags/etl_timeseries_csv_pipeline.py for tasks to queue
[2025-09-19T13:17:26.589+0000] {logging_mixin.py:188} INFO - [2025-09-19T13:17:26.589+0000] {dagbag.py:545} INFO - Filling up the DagBag from /opt/airflow/dags/etl_timeseries_csv_pipeline.py
[2025-09-19T13:17:26.636+0000] {processor.py:840} INFO - DAG(s) 'etl_pipeline' retrieved from /opt/airflow/dags/etl_timeseries_csv_pipeline.py
[2025-09-19T13:17:26.684+0000] {logging_mixin.py:188} INFO - [2025-09-19T13:17:26.684+0000] {dag.py:3096} INFO - Sync 1 DAGs
[2025-09-19T13:17:26.718+0000] {logging_mixin.py:188} INFO - [2025-09-19T13:17:26.718+0000] {dag.py:3954} INFO - Setting next_dagrun for etl_pipeline to 2025-09-19 00:00:00+00:00, run_after=2025-09-20 00:00:00+00:00
[2025-09-19T13:17:26.756+0000] {processor.py:183} INFO - Processing /opt/airflow/dags/etl_timeseries_csv_pipeline.py took 0.189 seconds
[2025-09-19T13:17:57.357+0000] {processor.py:161} INFO - Started process (PID=1374) to work on /opt/airflow/dags/etl_timeseries_csv_pipeline.py
[2025-09-19T13:17:57.360+0000] {processor.py:830} INFO - Processing file /opt/airflow/dags/etl_timeseries_csv_pipeline.py for tasks to queue
[2025-09-19T13:17:57.365+0000] {logging_mixin.py:188} INFO - [2025-09-19T13:17:57.363+0000] {dagbag.py:545} INFO - Filling up the DagBag from /opt/airflow/dags/etl_timeseries_csv_pipeline.py
[2025-09-19T13:17:57.412+0000] {processor.py:840} INFO - DAG(s) 'etl_pipeline' retrieved from /opt/airflow/dags/etl_timeseries_csv_pipeline.py
[2025-09-19T13:17:57.474+0000] {logging_mixin.py:188} INFO - [2025-09-19T13:17:57.474+0000] {dag.py:3096} INFO - Sync 1 DAGs
[2025-09-19T13:17:57.525+0000] {logging_mixin.py:188} INFO - [2025-09-19T13:17:57.524+0000] {dag.py:3954} INFO - Setting next_dagrun for etl_pipeline to 2025-09-19 00:00:00+00:00, run_after=2025-09-20 00:00:00+00:00
[2025-09-19T13:17:57.575+0000] {processor.py:183} INFO - Processing /opt/airflow/dags/etl_timeseries_csv_pipeline.py took 0.227 seconds
[2025-09-19T13:18:28.305+0000] {processor.py:161} INFO - Started process (PID=1386) to work on /opt/airflow/dags/etl_timeseries_csv_pipeline.py
[2025-09-19T13:18:28.307+0000] {processor.py:830} INFO - Processing file /opt/airflow/dags/etl_timeseries_csv_pipeline.py for tasks to queue
[2025-09-19T13:18:28.311+0000] {logging_mixin.py:188} INFO - [2025-09-19T13:18:28.310+0000] {dagbag.py:545} INFO - Filling up the DagBag from /opt/airflow/dags/etl_timeseries_csv_pipeline.py
[2025-09-19T13:18:28.371+0000] {processor.py:840} INFO - DAG(s) 'etl_pipeline' retrieved from /opt/airflow/dags/etl_timeseries_csv_pipeline.py
[2025-09-19T13:18:28.437+0000] {logging_mixin.py:188} INFO - [2025-09-19T13:18:28.436+0000] {dag.py:3096} INFO - Sync 1 DAGs
[2025-09-19T13:18:28.466+0000] {logging_mixin.py:188} INFO - [2025-09-19T13:18:28.465+0000] {dag.py:3954} INFO - Setting next_dagrun for etl_pipeline to 2025-09-19 00:00:00+00:00, run_after=2025-09-20 00:00:00+00:00
[2025-09-19T13:18:28.507+0000] {processor.py:183} INFO - Processing /opt/airflow/dags/etl_timeseries_csv_pipeline.py took 0.223 seconds
[2025-09-19T13:18:58.867+0000] {processor.py:161} INFO - Started process (PID=1398) to work on /opt/airflow/dags/etl_timeseries_csv_pipeline.py
[2025-09-19T13:18:58.870+0000] {processor.py:830} INFO - Processing file /opt/airflow/dags/etl_timeseries_csv_pipeline.py for tasks to queue
[2025-09-19T13:18:58.874+0000] {logging_mixin.py:188} INFO - [2025-09-19T13:18:58.873+0000] {dagbag.py:545} INFO - Filling up the DagBag from /opt/airflow/dags/etl_timeseries_csv_pipeline.py
[2025-09-19T13:18:58.920+0000] {processor.py:840} INFO - DAG(s) 'etl_pipeline' retrieved from /opt/airflow/dags/etl_timeseries_csv_pipeline.py
[2025-09-19T13:18:58.985+0000] {logging_mixin.py:188} INFO - [2025-09-19T13:18:58.984+0000] {dag.py:3096} INFO - Sync 1 DAGs
[2025-09-19T13:18:59.037+0000] {logging_mixin.py:188} INFO - [2025-09-19T13:18:59.037+0000] {dag.py:3954} INFO - Setting next_dagrun for etl_pipeline to 2025-09-19 00:00:00+00:00, run_after=2025-09-20 00:00:00+00:00
[2025-09-19T13:18:59.087+0000] {processor.py:183} INFO - Processing /opt/airflow/dags/etl_timeseries_csv_pipeline.py took 0.232 seconds
[2025-09-19T13:19:29.744+0000] {processor.py:161} INFO - Started process (PID=1410) to work on /opt/airflow/dags/etl_timeseries_csv_pipeline.py
[2025-09-19T13:19:29.745+0000] {processor.py:830} INFO - Processing file /opt/airflow/dags/etl_timeseries_csv_pipeline.py for tasks to queue
[2025-09-19T13:19:29.749+0000] {logging_mixin.py:188} INFO - [2025-09-19T13:19:29.749+0000] {dagbag.py:545} INFO - Filling up the DagBag from /opt/airflow/dags/etl_timeseries_csv_pipeline.py
[2025-09-19T13:19:29.788+0000] {processor.py:840} INFO - DAG(s) 'etl_pipeline' retrieved from /opt/airflow/dags/etl_timeseries_csv_pipeline.py
[2025-09-19T13:19:29.826+0000] {logging_mixin.py:188} INFO - [2025-09-19T13:19:29.825+0000] {dag.py:3096} INFO - Sync 1 DAGs
[2025-09-19T13:19:29.866+0000] {logging_mixin.py:188} INFO - [2025-09-19T13:19:29.865+0000] {dag.py:3954} INFO - Setting next_dagrun for etl_pipeline to 2025-09-19 00:00:00+00:00, run_after=2025-09-20 00:00:00+00:00
[2025-09-19T13:19:29.905+0000] {processor.py:183} INFO - Processing /opt/airflow/dags/etl_timeseries_csv_pipeline.py took 0.169 seconds
[2025-09-19T13:20:00.308+0000] {processor.py:161} INFO - Started process (PID=1422) to work on /opt/airflow/dags/etl_timeseries_csv_pipeline.py
[2025-09-19T13:20:00.310+0000] {processor.py:830} INFO - Processing file /opt/airflow/dags/etl_timeseries_csv_pipeline.py for tasks to queue
[2025-09-19T13:20:00.314+0000] {logging_mixin.py:188} INFO - [2025-09-19T13:20:00.313+0000] {dagbag.py:545} INFO - Filling up the DagBag from /opt/airflow/dags/etl_timeseries_csv_pipeline.py
[2025-09-19T13:20:00.360+0000] {processor.py:840} INFO - DAG(s) 'etl_pipeline' retrieved from /opt/airflow/dags/etl_timeseries_csv_pipeline.py
[2025-09-19T13:20:00.416+0000] {logging_mixin.py:188} INFO - [2025-09-19T13:20:00.415+0000] {dag.py:3096} INFO - Sync 1 DAGs
[2025-09-19T13:20:00.471+0000] {logging_mixin.py:188} INFO - [2025-09-19T13:20:00.470+0000] {dag.py:3954} INFO - Setting next_dagrun for etl_pipeline to 2025-09-19 00:00:00+00:00, run_after=2025-09-20 00:00:00+00:00
[2025-09-19T13:20:00.518+0000] {processor.py:183} INFO - Processing /opt/airflow/dags/etl_timeseries_csv_pipeline.py took 0.225 seconds
[2025-09-19T13:20:31.138+0000] {processor.py:161} INFO - Started process (PID=1434) to work on /opt/airflow/dags/etl_timeseries_csv_pipeline.py
[2025-09-19T13:20:31.141+0000] {processor.py:830} INFO - Processing file /opt/airflow/dags/etl_timeseries_csv_pipeline.py for tasks to queue
[2025-09-19T13:20:31.157+0000] {logging_mixin.py:188} INFO - [2025-09-19T13:20:31.156+0000] {dagbag.py:545} INFO - Filling up the DagBag from /opt/airflow/dags/etl_timeseries_csv_pipeline.py
[2025-09-19T13:20:31.236+0000] {processor.py:840} INFO - DAG(s) 'etl_pipeline' retrieved from /opt/airflow/dags/etl_timeseries_csv_pipeline.py
[2025-09-19T13:20:31.276+0000] {logging_mixin.py:188} INFO - [2025-09-19T13:20:31.275+0000] {dag.py:3096} INFO - Sync 1 DAGs
[2025-09-19T13:20:31.309+0000] {logging_mixin.py:188} INFO - [2025-09-19T13:20:31.308+0000] {dag.py:3954} INFO - Setting next_dagrun for etl_pipeline to 2025-09-19 00:00:00+00:00, run_after=2025-09-20 00:00:00+00:00
[2025-09-19T13:20:31.338+0000] {processor.py:183} INFO - Processing /opt/airflow/dags/etl_timeseries_csv_pipeline.py took 0.213 seconds
[2025-09-19T13:21:01.926+0000] {processor.py:161} INFO - Started process (PID=1446) to work on /opt/airflow/dags/etl_timeseries_csv_pipeline.py
[2025-09-19T13:21:01.928+0000] {processor.py:830} INFO - Processing file /opt/airflow/dags/etl_timeseries_csv_pipeline.py for tasks to queue
[2025-09-19T13:21:01.931+0000] {logging_mixin.py:188} INFO - [2025-09-19T13:21:01.931+0000] {dagbag.py:545} INFO - Filling up the DagBag from /opt/airflow/dags/etl_timeseries_csv_pipeline.py
[2025-09-19T13:21:01.969+0000] {processor.py:840} INFO - DAG(s) 'etl_pipeline' retrieved from /opt/airflow/dags/etl_timeseries_csv_pipeline.py
[2025-09-19T13:21:02.010+0000] {logging_mixin.py:188} INFO - [2025-09-19T13:21:02.009+0000] {dag.py:3096} INFO - Sync 1 DAGs
[2025-09-19T13:21:02.039+0000] {logging_mixin.py:188} INFO - [2025-09-19T13:21:02.038+0000] {dag.py:3954} INFO - Setting next_dagrun for etl_pipeline to 2025-09-19 00:00:00+00:00, run_after=2025-09-20 00:00:00+00:00
[2025-09-19T13:21:02.070+0000] {processor.py:183} INFO - Processing /opt/airflow/dags/etl_timeseries_csv_pipeline.py took 0.149 seconds
[2025-09-19T13:21:32.862+0000] {processor.py:161} INFO - Started process (PID=1458) to work on /opt/airflow/dags/etl_timeseries_csv_pipeline.py
[2025-09-19T13:21:32.865+0000] {processor.py:830} INFO - Processing file /opt/airflow/dags/etl_timeseries_csv_pipeline.py for tasks to queue
[2025-09-19T13:21:32.868+0000] {logging_mixin.py:188} INFO - [2025-09-19T13:21:32.867+0000] {dagbag.py:545} INFO - Filling up the DagBag from /opt/airflow/dags/etl_timeseries_csv_pipeline.py
[2025-09-19T13:21:32.913+0000] {processor.py:840} INFO - DAG(s) 'etl_pipeline' retrieved from /opt/airflow/dags/etl_timeseries_csv_pipeline.py
[2025-09-19T13:21:32.970+0000] {logging_mixin.py:188} INFO - [2025-09-19T13:21:32.969+0000] {dag.py:3096} INFO - Sync 1 DAGs
[2025-09-19T13:21:33.023+0000] {logging_mixin.py:188} INFO - [2025-09-19T13:21:33.022+0000] {dag.py:3954} INFO - Setting next_dagrun for etl_pipeline to 2025-09-19 00:00:00+00:00, run_after=2025-09-20 00:00:00+00:00
[2025-09-19T13:21:33.071+0000] {processor.py:183} INFO - Processing /opt/airflow/dags/etl_timeseries_csv_pipeline.py took 0.219 seconds
[2025-09-19T13:22:03.278+0000] {processor.py:161} INFO - Started process (PID=1470) to work on /opt/airflow/dags/etl_timeseries_csv_pipeline.py
[2025-09-19T13:22:03.280+0000] {processor.py:830} INFO - Processing file /opt/airflow/dags/etl_timeseries_csv_pipeline.py for tasks to queue
[2025-09-19T13:22:03.287+0000] {logging_mixin.py:188} INFO - [2025-09-19T13:22:03.286+0000] {dagbag.py:545} INFO - Filling up the DagBag from /opt/airflow/dags/etl_timeseries_csv_pipeline.py
[2025-09-19T13:22:03.379+0000] {processor.py:840} INFO - DAG(s) 'etl_pipeline' retrieved from /opt/airflow/dags/etl_timeseries_csv_pipeline.py
[2025-09-19T13:22:03.459+0000] {logging_mixin.py:188} INFO - [2025-09-19T13:22:03.458+0000] {dag.py:3096} INFO - Sync 1 DAGs
[2025-09-19T13:22:03.498+0000] {logging_mixin.py:188} INFO - [2025-09-19T13:22:03.497+0000] {dag.py:3954} INFO - Setting next_dagrun for etl_pipeline to 2025-09-19 00:00:00+00:00, run_after=2025-09-20 00:00:00+00:00
[2025-09-19T13:22:03.532+0000] {processor.py:183} INFO - Processing /opt/airflow/dags/etl_timeseries_csv_pipeline.py took 0.267 seconds
[2025-09-19T13:22:34.152+0000] {processor.py:161} INFO - Started process (PID=1482) to work on /opt/airflow/dags/etl_timeseries_csv_pipeline.py
[2025-09-19T13:22:34.155+0000] {processor.py:830} INFO - Processing file /opt/airflow/dags/etl_timeseries_csv_pipeline.py for tasks to queue
[2025-09-19T13:22:34.158+0000] {logging_mixin.py:188} INFO - [2025-09-19T13:22:34.157+0000] {dagbag.py:545} INFO - Filling up the DagBag from /opt/airflow/dags/etl_timeseries_csv_pipeline.py
[2025-09-19T13:22:34.201+0000] {processor.py:840} INFO - DAG(s) 'etl_pipeline' retrieved from /opt/airflow/dags/etl_timeseries_csv_pipeline.py
[2025-09-19T13:22:34.245+0000] {logging_mixin.py:188} INFO - [2025-09-19T13:22:34.245+0000] {dag.py:3096} INFO - Sync 1 DAGs
[2025-09-19T13:22:34.274+0000] {logging_mixin.py:188} INFO - [2025-09-19T13:22:34.274+0000] {dag.py:3954} INFO - Setting next_dagrun for etl_pipeline to 2025-09-19 00:00:00+00:00, run_after=2025-09-20 00:00:00+00:00
[2025-09-19T13:22:34.304+0000] {processor.py:183} INFO - Processing /opt/airflow/dags/etl_timeseries_csv_pipeline.py took 0.158 seconds
[2025-09-19T13:23:04.707+0000] {processor.py:161} INFO - Started process (PID=1494) to work on /opt/airflow/dags/etl_timeseries_csv_pipeline.py
[2025-09-19T13:23:04.710+0000] {processor.py:830} INFO - Processing file /opt/airflow/dags/etl_timeseries_csv_pipeline.py for tasks to queue
[2025-09-19T13:23:04.714+0000] {logging_mixin.py:188} INFO - [2025-09-19T13:23:04.713+0000] {dagbag.py:545} INFO - Filling up the DagBag from /opt/airflow/dags/etl_timeseries_csv_pipeline.py
[2025-09-19T13:23:04.762+0000] {processor.py:840} INFO - DAG(s) 'etl_pipeline' retrieved from /opt/airflow/dags/etl_timeseries_csv_pipeline.py
[2025-09-19T13:23:04.816+0000] {logging_mixin.py:188} INFO - [2025-09-19T13:23:04.815+0000] {dag.py:3096} INFO - Sync 1 DAGs
[2025-09-19T13:23:04.852+0000] {logging_mixin.py:188} INFO - [2025-09-19T13:23:04.852+0000] {dag.py:3954} INFO - Setting next_dagrun for etl_pipeline to 2025-09-19 00:00:00+00:00, run_after=2025-09-20 00:00:00+00:00
[2025-09-19T13:23:04.878+0000] {processor.py:183} INFO - Processing /opt/airflow/dags/etl_timeseries_csv_pipeline.py took 0.187 seconds
[2025-09-19T13:23:35.173+0000] {processor.py:161} INFO - Started process (PID=1506) to work on /opt/airflow/dags/etl_timeseries_csv_pipeline.py
[2025-09-19T13:23:35.175+0000] {processor.py:830} INFO - Processing file /opt/airflow/dags/etl_timeseries_csv_pipeline.py for tasks to queue
[2025-09-19T13:23:35.179+0000] {logging_mixin.py:188} INFO - [2025-09-19T13:23:35.179+0000] {dagbag.py:545} INFO - Filling up the DagBag from /opt/airflow/dags/etl_timeseries_csv_pipeline.py
[2025-09-19T13:23:35.208+0000] {processor.py:840} INFO - DAG(s) 'etl_pipeline' retrieved from /opt/airflow/dags/etl_timeseries_csv_pipeline.py
[2025-09-19T13:23:35.246+0000] {logging_mixin.py:188} INFO - [2025-09-19T13:23:35.245+0000] {dag.py:3096} INFO - Sync 1 DAGs
[2025-09-19T13:23:35.287+0000] {logging_mixin.py:188} INFO - [2025-09-19T13:23:35.286+0000] {dag.py:3954} INFO - Setting next_dagrun for etl_pipeline to 2025-09-19 00:00:00+00:00, run_after=2025-09-20 00:00:00+00:00
[2025-09-19T13:23:35.314+0000] {processor.py:183} INFO - Processing /opt/airflow/dags/etl_timeseries_csv_pipeline.py took 0.149 seconds
[2025-09-19T13:24:06.023+0000] {processor.py:161} INFO - Started process (PID=1518) to work on /opt/airflow/dags/etl_timeseries_csv_pipeline.py
[2025-09-19T13:24:06.027+0000] {processor.py:830} INFO - Processing file /opt/airflow/dags/etl_timeseries_csv_pipeline.py for tasks to queue
[2025-09-19T13:24:06.033+0000] {logging_mixin.py:188} INFO - [2025-09-19T13:24:06.032+0000] {dagbag.py:545} INFO - Filling up the DagBag from /opt/airflow/dags/etl_timeseries_csv_pipeline.py
[2025-09-19T13:24:06.074+0000] {processor.py:840} INFO - DAG(s) 'etl_pipeline' retrieved from /opt/airflow/dags/etl_timeseries_csv_pipeline.py
[2025-09-19T13:24:06.141+0000] {logging_mixin.py:188} INFO - [2025-09-19T13:24:06.140+0000] {dag.py:3096} INFO - Sync 1 DAGs
[2025-09-19T13:24:06.193+0000] {logging_mixin.py:188} INFO - [2025-09-19T13:24:06.193+0000] {dag.py:3954} INFO - Setting next_dagrun for etl_pipeline to 2025-09-19 00:00:00+00:00, run_after=2025-09-20 00:00:00+00:00
[2025-09-19T13:24:06.239+0000] {processor.py:183} INFO - Processing /opt/airflow/dags/etl_timeseries_csv_pipeline.py took 0.227 seconds
[2025-09-19T13:24:36.959+0000] {processor.py:161} INFO - Started process (PID=1530) to work on /opt/airflow/dags/etl_timeseries_csv_pipeline.py
[2025-09-19T13:24:36.962+0000] {processor.py:830} INFO - Processing file /opt/airflow/dags/etl_timeseries_csv_pipeline.py for tasks to queue
[2025-09-19T13:24:36.965+0000] {logging_mixin.py:188} INFO - [2025-09-19T13:24:36.965+0000] {dagbag.py:545} INFO - Filling up the DagBag from /opt/airflow/dags/etl_timeseries_csv_pipeline.py
[2025-09-19T13:24:37.008+0000] {processor.py:840} INFO - DAG(s) 'etl_pipeline' retrieved from /opt/airflow/dags/etl_timeseries_csv_pipeline.py
[2025-09-19T13:24:37.044+0000] {logging_mixin.py:188} INFO - [2025-09-19T13:24:37.043+0000] {dag.py:3096} INFO - Sync 1 DAGs
[2025-09-19T13:24:37.071+0000] {logging_mixin.py:188} INFO - [2025-09-19T13:24:37.071+0000] {dag.py:3954} INFO - Setting next_dagrun for etl_pipeline to 2025-09-19 00:00:00+00:00, run_after=2025-09-20 00:00:00+00:00
[2025-09-19T13:24:37.104+0000] {processor.py:183} INFO - Processing /opt/airflow/dags/etl_timeseries_csv_pipeline.py took 0.152 seconds
[2025-09-19T13:25:07.760+0000] {processor.py:161} INFO - Started process (PID=1542) to work on /opt/airflow/dags/etl_timeseries_csv_pipeline.py
[2025-09-19T13:25:07.762+0000] {processor.py:830} INFO - Processing file /opt/airflow/dags/etl_timeseries_csv_pipeline.py for tasks to queue
[2025-09-19T13:25:07.765+0000] {logging_mixin.py:188} INFO - [2025-09-19T13:25:07.765+0000] {dagbag.py:545} INFO - Filling up the DagBag from /opt/airflow/dags/etl_timeseries_csv_pipeline.py
[2025-09-19T13:25:07.807+0000] {processor.py:840} INFO - DAG(s) 'etl_pipeline' retrieved from /opt/airflow/dags/etl_timeseries_csv_pipeline.py
[2025-09-19T13:25:07.871+0000] {logging_mixin.py:188} INFO - [2025-09-19T13:25:07.870+0000] {dag.py:3096} INFO - Sync 1 DAGs
[2025-09-19T13:25:07.923+0000] {logging_mixin.py:188} INFO - [2025-09-19T13:25:07.922+0000] {dag.py:3954} INFO - Setting next_dagrun for etl_pipeline to 2025-09-19 00:00:00+00:00, run_after=2025-09-20 00:00:00+00:00
[2025-09-19T13:25:07.973+0000] {processor.py:183} INFO - Processing /opt/airflow/dags/etl_timeseries_csv_pipeline.py took 0.224 seconds
[2025-09-19T13:25:38.555+0000] {processor.py:161} INFO - Started process (PID=1554) to work on /opt/airflow/dags/etl_timeseries_csv_pipeline.py
[2025-09-19T13:25:38.557+0000] {processor.py:830} INFO - Processing file /opt/airflow/dags/etl_timeseries_csv_pipeline.py for tasks to queue
[2025-09-19T13:25:38.562+0000] {logging_mixin.py:188} INFO - [2025-09-19T13:25:38.561+0000] {dagbag.py:545} INFO - Filling up the DagBag from /opt/airflow/dags/etl_timeseries_csv_pipeline.py
[2025-09-19T13:25:38.615+0000] {processor.py:840} INFO - DAG(s) 'etl_pipeline' retrieved from /opt/airflow/dags/etl_timeseries_csv_pipeline.py
[2025-09-19T13:25:38.659+0000] {logging_mixin.py:188} INFO - [2025-09-19T13:25:38.658+0000] {dag.py:3096} INFO - Sync 1 DAGs
[2025-09-19T13:25:38.697+0000] {logging_mixin.py:188} INFO - [2025-09-19T13:25:38.696+0000] {dag.py:3954} INFO - Setting next_dagrun for etl_pipeline to 2025-09-19 00:00:00+00:00, run_after=2025-09-20 00:00:00+00:00
[2025-09-19T13:25:38.736+0000] {processor.py:183} INFO - Processing /opt/airflow/dags/etl_timeseries_csv_pipeline.py took 0.197 seconds
[2025-09-19T13:26:08.937+0000] {processor.py:161} INFO - Started process (PID=1566) to work on /opt/airflow/dags/etl_timeseries_csv_pipeline.py
[2025-09-19T13:26:08.939+0000] {processor.py:830} INFO - Processing file /opt/airflow/dags/etl_timeseries_csv_pipeline.py for tasks to queue
[2025-09-19T13:26:08.942+0000] {logging_mixin.py:188} INFO - [2025-09-19T13:26:08.942+0000] {dagbag.py:545} INFO - Filling up the DagBag from /opt/airflow/dags/etl_timeseries_csv_pipeline.py
[2025-09-19T13:26:08.998+0000] {processor.py:840} INFO - DAG(s) 'etl_pipeline' retrieved from /opt/airflow/dags/etl_timeseries_csv_pipeline.py
[2025-09-19T13:26:09.041+0000] {logging_mixin.py:188} INFO - [2025-09-19T13:26:09.040+0000] {dag.py:3096} INFO - Sync 1 DAGs
[2025-09-19T13:26:09.078+0000] {logging_mixin.py:188} INFO - [2025-09-19T13:26:09.077+0000] {dag.py:3954} INFO - Setting next_dagrun for etl_pipeline to 2025-09-19 00:00:00+00:00, run_after=2025-09-20 00:00:00+00:00
[2025-09-19T13:26:09.122+0000] {processor.py:183} INFO - Processing /opt/airflow/dags/etl_timeseries_csv_pipeline.py took 0.197 seconds
[2025-09-19T13:26:39.855+0000] {processor.py:161} INFO - Started process (PID=1578) to work on /opt/airflow/dags/etl_timeseries_csv_pipeline.py
[2025-09-19T13:26:39.858+0000] {processor.py:830} INFO - Processing file /opt/airflow/dags/etl_timeseries_csv_pipeline.py for tasks to queue
[2025-09-19T13:26:39.862+0000] {logging_mixin.py:188} INFO - [2025-09-19T13:26:39.861+0000] {dagbag.py:545} INFO - Filling up the DagBag from /opt/airflow/dags/etl_timeseries_csv_pipeline.py
[2025-09-19T13:26:39.899+0000] {processor.py:840} INFO - DAG(s) 'etl_pipeline' retrieved from /opt/airflow/dags/etl_timeseries_csv_pipeline.py
[2025-09-19T13:26:39.946+0000] {logging_mixin.py:188} INFO - [2025-09-19T13:26:39.945+0000] {dag.py:3096} INFO - Sync 1 DAGs
[2025-09-19T13:26:40.006+0000] {logging_mixin.py:188} INFO - [2025-09-19T13:26:40.006+0000] {dag.py:3954} INFO - Setting next_dagrun for etl_pipeline to 2025-09-19 00:00:00+00:00, run_after=2025-09-20 00:00:00+00:00
[2025-09-19T13:26:40.053+0000] {processor.py:183} INFO - Processing /opt/airflow/dags/etl_timeseries_csv_pipeline.py took 0.212 seconds
[2025-09-19T13:27:10.785+0000] {processor.py:161} INFO - Started process (PID=1590) to work on /opt/airflow/dags/etl_timeseries_csv_pipeline.py
[2025-09-19T13:27:10.787+0000] {processor.py:830} INFO - Processing file /opt/airflow/dags/etl_timeseries_csv_pipeline.py for tasks to queue
[2025-09-19T13:27:10.791+0000] {logging_mixin.py:188} INFO - [2025-09-19T13:27:10.791+0000] {dagbag.py:545} INFO - Filling up the DagBag from /opt/airflow/dags/etl_timeseries_csv_pipeline.py
[2025-09-19T13:27:10.825+0000] {processor.py:840} INFO - DAG(s) 'etl_pipeline' retrieved from /opt/airflow/dags/etl_timeseries_csv_pipeline.py
[2025-09-19T13:27:10.879+0000] {logging_mixin.py:188} INFO - [2025-09-19T13:27:10.879+0000] {dag.py:3096} INFO - Sync 1 DAGs
[2025-09-19T13:27:10.942+0000] {logging_mixin.py:188} INFO - [2025-09-19T13:27:10.941+0000] {dag.py:3954} INFO - Setting next_dagrun for etl_pipeline to 2025-09-19 00:00:00+00:00, run_after=2025-09-20 00:00:00+00:00
[2025-09-19T13:27:10.986+0000] {processor.py:183} INFO - Processing /opt/airflow/dags/etl_timeseries_csv_pipeline.py took 0.209 seconds
[2025-09-19T13:27:41.128+0000] {processor.py:161} INFO - Started process (PID=1602) to work on /opt/airflow/dags/etl_timeseries_csv_pipeline.py
[2025-09-19T13:27:41.129+0000] {processor.py:830} INFO - Processing file /opt/airflow/dags/etl_timeseries_csv_pipeline.py for tasks to queue
[2025-09-19T13:27:41.132+0000] {logging_mixin.py:188} INFO - [2025-09-19T13:27:41.131+0000] {dagbag.py:545} INFO - Filling up the DagBag from /opt/airflow/dags/etl_timeseries_csv_pipeline.py
[2025-09-19T13:27:41.180+0000] {processor.py:840} INFO - DAG(s) 'etl_pipeline' retrieved from /opt/airflow/dags/etl_timeseries_csv_pipeline.py
[2025-09-19T13:27:41.221+0000] {logging_mixin.py:188} INFO - [2025-09-19T13:27:41.220+0000] {dag.py:3096} INFO - Sync 1 DAGs
[2025-09-19T13:27:41.256+0000] {logging_mixin.py:188} INFO - [2025-09-19T13:27:41.255+0000] {dag.py:3954} INFO - Setting next_dagrun for etl_pipeline to 2025-09-19 00:00:00+00:00, run_after=2025-09-20 00:00:00+00:00
[2025-09-19T13:27:41.287+0000] {processor.py:183} INFO - Processing /opt/airflow/dags/etl_timeseries_csv_pipeline.py took 0.167 seconds
[2025-09-19T13:28:12.112+0000] {processor.py:161} INFO - Started process (PID=1612) to work on /opt/airflow/dags/etl_timeseries_csv_pipeline.py
[2025-09-19T13:28:12.114+0000] {processor.py:830} INFO - Processing file /opt/airflow/dags/etl_timeseries_csv_pipeline.py for tasks to queue
[2025-09-19T13:28:12.118+0000] {logging_mixin.py:188} INFO - [2025-09-19T13:28:12.117+0000] {dagbag.py:545} INFO - Filling up the DagBag from /opt/airflow/dags/etl_timeseries_csv_pipeline.py
[2025-09-19T13:28:12.149+0000] {processor.py:840} INFO - DAG(s) 'etl_pipeline' retrieved from /opt/airflow/dags/etl_timeseries_csv_pipeline.py
[2025-09-19T13:28:12.190+0000] {logging_mixin.py:188} INFO - [2025-09-19T13:28:12.190+0000] {dag.py:3096} INFO - Sync 1 DAGs
[2025-09-19T13:28:12.220+0000] {logging_mixin.py:188} INFO - [2025-09-19T13:28:12.220+0000] {dag.py:3954} INFO - Setting next_dagrun for etl_pipeline to 2025-09-19 00:00:00+00:00, run_after=2025-09-20 00:00:00+00:00
[2025-09-19T13:28:12.251+0000] {processor.py:183} INFO - Processing /opt/airflow/dags/etl_timeseries_csv_pipeline.py took 0.149 seconds
[2025-09-19T13:28:42.586+0000] {processor.py:161} INFO - Started process (PID=1619) to work on /opt/airflow/dags/etl_timeseries_csv_pipeline.py
[2025-09-19T13:28:42.590+0000] {processor.py:830} INFO - Processing file /opt/airflow/dags/etl_timeseries_csv_pipeline.py for tasks to queue
[2025-09-19T13:28:42.594+0000] {logging_mixin.py:188} INFO - [2025-09-19T13:28:42.593+0000] {dagbag.py:545} INFO - Filling up the DagBag from /opt/airflow/dags/etl_timeseries_csv_pipeline.py
[2025-09-19T13:28:42.648+0000] {processor.py:840} INFO - DAG(s) 'etl_pipeline' retrieved from /opt/airflow/dags/etl_timeseries_csv_pipeline.py
[2025-09-19T13:28:42.683+0000] {logging_mixin.py:188} INFO - [2025-09-19T13:28:42.683+0000] {dag.py:3096} INFO - Sync 1 DAGs
[2025-09-19T13:28:42.715+0000] {logging_mixin.py:188} INFO - [2025-09-19T13:28:42.715+0000] {dag.py:3954} INFO - Setting next_dagrun for etl_pipeline to 2025-09-19 00:00:00+00:00, run_after=2025-09-20 00:00:00+00:00
[2025-09-19T13:28:42.750+0000] {processor.py:183} INFO - Processing /opt/airflow/dags/etl_timeseries_csv_pipeline.py took 0.178 seconds
[2025-09-19T13:29:13.430+0000] {processor.py:161} INFO - Started process (PID=1631) to work on /opt/airflow/dags/etl_timeseries_csv_pipeline.py
[2025-09-19T13:29:13.432+0000] {processor.py:830} INFO - Processing file /opt/airflow/dags/etl_timeseries_csv_pipeline.py for tasks to queue
[2025-09-19T13:29:13.436+0000] {logging_mixin.py:188} INFO - [2025-09-19T13:29:13.436+0000] {dagbag.py:545} INFO - Filling up the DagBag from /opt/airflow/dags/etl_timeseries_csv_pipeline.py
[2025-09-19T13:29:13.485+0000] {processor.py:840} INFO - DAG(s) 'etl_pipeline' retrieved from /opt/airflow/dags/etl_timeseries_csv_pipeline.py
[2025-09-19T13:29:13.555+0000] {logging_mixin.py:188} INFO - [2025-09-19T13:29:13.555+0000] {dag.py:3096} INFO - Sync 1 DAGs
[2025-09-19T13:29:13.596+0000] {logging_mixin.py:188} INFO - [2025-09-19T13:29:13.595+0000] {dag.py:3954} INFO - Setting next_dagrun for etl_pipeline to 2025-09-19 00:00:00+00:00, run_after=2025-09-20 00:00:00+00:00
[2025-09-19T13:29:13.642+0000] {processor.py:183} INFO - Processing /opt/airflow/dags/etl_timeseries_csv_pipeline.py took 0.224 seconds
[2025-09-19T13:29:43.817+0000] {processor.py:161} INFO - Started process (PID=1643) to work on /opt/airflow/dags/etl_timeseries_csv_pipeline.py
[2025-09-19T13:29:43.818+0000] {processor.py:830} INFO - Processing file /opt/airflow/dags/etl_timeseries_csv_pipeline.py for tasks to queue
[2025-09-19T13:29:43.820+0000] {logging_mixin.py:188} INFO - [2025-09-19T13:29:43.820+0000] {dagbag.py:545} INFO - Filling up the DagBag from /opt/airflow/dags/etl_timeseries_csv_pipeline.py
[2025-09-19T13:29:43.854+0000] {processor.py:840} INFO - DAG(s) 'etl_pipeline' retrieved from /opt/airflow/dags/etl_timeseries_csv_pipeline.py
[2025-09-19T13:29:43.894+0000] {logging_mixin.py:188} INFO - [2025-09-19T13:29:43.894+0000] {dag.py:3096} INFO - Sync 1 DAGs
[2025-09-19T13:29:43.921+0000] {logging_mixin.py:188} INFO - [2025-09-19T13:29:43.920+0000] {dag.py:3954} INFO - Setting next_dagrun for etl_pipeline to 2025-09-19 00:00:00+00:00, run_after=2025-09-20 00:00:00+00:00
[2025-09-19T13:29:43.953+0000] {processor.py:183} INFO - Processing /opt/airflow/dags/etl_timeseries_csv_pipeline.py took 0.144 seconds
[2025-09-19T13:30:14.069+0000] {processor.py:161} INFO - Started process (PID=1655) to work on /opt/airflow/dags/etl_timeseries_csv_pipeline.py
[2025-09-19T13:30:14.074+0000] {processor.py:830} INFO - Processing file /opt/airflow/dags/etl_timeseries_csv_pipeline.py for tasks to queue
[2025-09-19T13:30:14.077+0000] {logging_mixin.py:188} INFO - [2025-09-19T13:30:14.076+0000] {dagbag.py:545} INFO - Filling up the DagBag from /opt/airflow/dags/etl_timeseries_csv_pipeline.py
[2025-09-19T13:30:14.125+0000] {processor.py:840} INFO - DAG(s) 'etl_pipeline' retrieved from /opt/airflow/dags/etl_timeseries_csv_pipeline.py
[2025-09-19T13:30:14.164+0000] {logging_mixin.py:188} INFO - [2025-09-19T13:30:14.163+0000] {dag.py:3096} INFO - Sync 1 DAGs
[2025-09-19T13:30:14.196+0000] {logging_mixin.py:188} INFO - [2025-09-19T13:30:14.195+0000] {dag.py:3954} INFO - Setting next_dagrun for etl_pipeline to 2025-09-19 00:00:00+00:00, run_after=2025-09-20 00:00:00+00:00
[2025-09-19T13:30:14.222+0000] {processor.py:183} INFO - Processing /opt/airflow/dags/etl_timeseries_csv_pipeline.py took 0.160 seconds
[2025-09-19T13:30:44.337+0000] {processor.py:161} INFO - Started process (PID=1667) to work on /opt/airflow/dags/etl_timeseries_csv_pipeline.py
[2025-09-19T13:30:44.339+0000] {processor.py:830} INFO - Processing file /opt/airflow/dags/etl_timeseries_csv_pipeline.py for tasks to queue
[2025-09-19T13:30:44.342+0000] {logging_mixin.py:188} INFO - [2025-09-19T13:30:44.342+0000] {dagbag.py:545} INFO - Filling up the DagBag from /opt/airflow/dags/etl_timeseries_csv_pipeline.py
[2025-09-19T13:30:44.376+0000] {processor.py:840} INFO - DAG(s) 'etl_pipeline' retrieved from /opt/airflow/dags/etl_timeseries_csv_pipeline.py
[2025-09-19T13:30:44.408+0000] {logging_mixin.py:188} INFO - [2025-09-19T13:30:44.407+0000] {dag.py:3096} INFO - Sync 1 DAGs
[2025-09-19T13:30:44.432+0000] {logging_mixin.py:188} INFO - [2025-09-19T13:30:44.431+0000] {dag.py:3954} INFO - Setting next_dagrun for etl_pipeline to 2025-09-19 00:00:00+00:00, run_after=2025-09-20 00:00:00+00:00
[2025-09-19T13:30:44.457+0000] {processor.py:183} INFO - Processing /opt/airflow/dags/etl_timeseries_csv_pipeline.py took 0.126 seconds
[2025-09-19T13:31:14.583+0000] {processor.py:161} INFO - Started process (PID=1679) to work on /opt/airflow/dags/etl_timeseries_csv_pipeline.py
[2025-09-19T13:31:14.585+0000] {processor.py:830} INFO - Processing file /opt/airflow/dags/etl_timeseries_csv_pipeline.py for tasks to queue
[2025-09-19T13:31:14.589+0000] {logging_mixin.py:188} INFO - [2025-09-19T13:31:14.589+0000] {dagbag.py:545} INFO - Filling up the DagBag from /opt/airflow/dags/etl_timeseries_csv_pipeline.py
[2025-09-19T13:31:14.642+0000] {processor.py:840} INFO - DAG(s) 'etl_pipeline' retrieved from /opt/airflow/dags/etl_timeseries_csv_pipeline.py
[2025-09-19T13:31:14.689+0000] {logging_mixin.py:188} INFO - [2025-09-19T13:31:14.688+0000] {dag.py:3096} INFO - Sync 1 DAGs
[2025-09-19T13:31:14.725+0000] {logging_mixin.py:188} INFO - [2025-09-19T13:31:14.725+0000] {dag.py:3954} INFO - Setting next_dagrun for etl_pipeline to 2025-09-19 00:00:00+00:00, run_after=2025-09-20 00:00:00+00:00
[2025-09-19T13:31:14.757+0000] {processor.py:183} INFO - Processing /opt/airflow/dags/etl_timeseries_csv_pipeline.py took 0.186 seconds
[2025-09-19T13:31:44.868+0000] {processor.py:161} INFO - Started process (PID=1691) to work on /opt/airflow/dags/etl_timeseries_csv_pipeline.py
[2025-09-19T13:31:44.870+0000] {processor.py:830} INFO - Processing file /opt/airflow/dags/etl_timeseries_csv_pipeline.py for tasks to queue
[2025-09-19T13:31:44.873+0000] {logging_mixin.py:188} INFO - [2025-09-19T13:31:44.873+0000] {dagbag.py:545} INFO - Filling up the DagBag from /opt/airflow/dags/etl_timeseries_csv_pipeline.py
[2025-09-19T13:31:44.908+0000] {processor.py:840} INFO - DAG(s) 'etl_pipeline' retrieved from /opt/airflow/dags/etl_timeseries_csv_pipeline.py
[2025-09-19T13:31:44.955+0000] {logging_mixin.py:188} INFO - [2025-09-19T13:31:44.955+0000] {dag.py:3096} INFO - Sync 1 DAGs
[2025-09-19T13:31:44.985+0000] {logging_mixin.py:188} INFO - [2025-09-19T13:31:44.985+0000] {dag.py:3954} INFO - Setting next_dagrun for etl_pipeline to 2025-09-19 00:00:00+00:00, run_after=2025-09-20 00:00:00+00:00
[2025-09-19T13:31:45.007+0000] {processor.py:183} INFO - Processing /opt/airflow/dags/etl_timeseries_csv_pipeline.py took 0.152 seconds
[2025-09-19T13:32:15.514+0000] {processor.py:161} INFO - Started process (PID=1703) to work on /opt/airflow/dags/etl_timeseries_csv_pipeline.py
[2025-09-19T13:32:15.516+0000] {processor.py:830} INFO - Processing file /opt/airflow/dags/etl_timeseries_csv_pipeline.py for tasks to queue
[2025-09-19T13:32:15.519+0000] {logging_mixin.py:188} INFO - [2025-09-19T13:32:15.518+0000] {dagbag.py:545} INFO - Filling up the DagBag from /opt/airflow/dags/etl_timeseries_csv_pipeline.py
[2025-09-19T13:32:15.585+0000] {processor.py:840} INFO - DAG(s) 'etl_pipeline' retrieved from /opt/airflow/dags/etl_timeseries_csv_pipeline.py
[2025-09-19T13:32:15.634+0000] {logging_mixin.py:188} INFO - [2025-09-19T13:32:15.633+0000] {dag.py:3096} INFO - Sync 1 DAGs
[2025-09-19T13:32:15.666+0000] {logging_mixin.py:188} INFO - [2025-09-19T13:32:15.666+0000] {dag.py:3954} INFO - Setting next_dagrun for etl_pipeline to 2025-09-19 00:00:00+00:00, run_after=2025-09-20 00:00:00+00:00
[2025-09-19T13:32:15.696+0000] {processor.py:183} INFO - Processing /opt/airflow/dags/etl_timeseries_csv_pipeline.py took 0.189 seconds
[2025-09-19T13:32:46.212+0000] {processor.py:161} INFO - Started process (PID=1715) to work on /opt/airflow/dags/etl_timeseries_csv_pipeline.py
[2025-09-19T13:32:46.214+0000] {processor.py:830} INFO - Processing file /opt/airflow/dags/etl_timeseries_csv_pipeline.py for tasks to queue
[2025-09-19T13:32:46.220+0000] {logging_mixin.py:188} INFO - [2025-09-19T13:32:46.220+0000] {dagbag.py:545} INFO - Filling up the DagBag from /opt/airflow/dags/etl_timeseries_csv_pipeline.py
[2025-09-19T13:32:46.263+0000] {processor.py:840} INFO - DAG(s) 'etl_pipeline' retrieved from /opt/airflow/dags/etl_timeseries_csv_pipeline.py
[2025-09-19T13:32:46.318+0000] {logging_mixin.py:188} INFO - [2025-09-19T13:32:46.318+0000] {dag.py:3096} INFO - Sync 1 DAGs
[2025-09-19T13:32:46.367+0000] {logging_mixin.py:188} INFO - [2025-09-19T13:32:46.367+0000] {dag.py:3954} INFO - Setting next_dagrun for etl_pipeline to 2025-09-19 00:00:00+00:00, run_after=2025-09-20 00:00:00+00:00
[2025-09-19T13:32:46.408+0000] {processor.py:183} INFO - Processing /opt/airflow/dags/etl_timeseries_csv_pipeline.py took 0.208 seconds
[2025-09-19T13:43:19.266+0000] {processor.py:161} INFO - Started process (PID=178) to work on /opt/airflow/dags/etl_timeseries_csv_pipeline.py
[2025-09-19T13:43:19.268+0000] {processor.py:830} INFO - Processing file /opt/airflow/dags/etl_timeseries_csv_pipeline.py for tasks to queue
[2025-09-19T13:43:19.272+0000] {logging_mixin.py:188} INFO - [2025-09-19T13:43:19.272+0000] {dagbag.py:545} INFO - Filling up the DagBag from /opt/airflow/dags/etl_timeseries_csv_pipeline.py
[2025-09-19T13:43:19.323+0000] {processor.py:840} INFO - DAG(s) 'etl_pipeline' retrieved from /opt/airflow/dags/etl_timeseries_csv_pipeline.py
[2025-09-19T13:43:19.353+0000] {logging_mixin.py:188} INFO - [2025-09-19T13:43:19.353+0000] {dag.py:3096} INFO - Sync 1 DAGs
[2025-09-19T13:43:19.381+0000] {logging_mixin.py:188} INFO - [2025-09-19T13:43:19.381+0000] {dag.py:3954} INFO - Setting next_dagrun for etl_pipeline to 2025-09-19 00:00:00+00:00, run_after=2025-09-20 00:00:00+00:00
[2025-09-19T13:43:19.402+0000] {processor.py:183} INFO - Processing /opt/airflow/dags/etl_timeseries_csv_pipeline.py took 0.145 seconds
[2025-09-19T13:43:49.555+0000] {processor.py:161} INFO - Started process (PID=192) to work on /opt/airflow/dags/etl_timeseries_csv_pipeline.py
[2025-09-19T13:43:49.557+0000] {processor.py:830} INFO - Processing file /opt/airflow/dags/etl_timeseries_csv_pipeline.py for tasks to queue
[2025-09-19T13:43:49.564+0000] {logging_mixin.py:188} INFO - [2025-09-19T13:43:49.563+0000] {dagbag.py:545} INFO - Filling up the DagBag from /opt/airflow/dags/etl_timeseries_csv_pipeline.py
[2025-09-19T13:43:49.601+0000] {processor.py:840} INFO - DAG(s) 'etl_pipeline' retrieved from /opt/airflow/dags/etl_timeseries_csv_pipeline.py
[2025-09-19T13:43:49.922+0000] {logging_mixin.py:188} INFO - [2025-09-19T13:43:49.921+0000] {dag.py:3096} INFO - Sync 1 DAGs
[2025-09-19T13:43:49.952+0000] {logging_mixin.py:188} INFO - [2025-09-19T13:43:49.952+0000] {dag.py:3954} INFO - Setting next_dagrun for etl_pipeline to 2025-09-19 00:00:00+00:00, run_after=2025-09-20 00:00:00+00:00
[2025-09-19T13:43:49.978+0000] {processor.py:183} INFO - Processing /opt/airflow/dags/etl_timeseries_csv_pipeline.py took 0.433 seconds
[2025-09-19T13:44:20.130+0000] {processor.py:161} INFO - Started process (PID=216) to work on /opt/airflow/dags/etl_timeseries_csv_pipeline.py
[2025-09-19T13:44:20.132+0000] {processor.py:830} INFO - Processing file /opt/airflow/dags/etl_timeseries_csv_pipeline.py for tasks to queue
[2025-09-19T13:44:20.134+0000] {logging_mixin.py:188} INFO - [2025-09-19T13:44:20.134+0000] {dagbag.py:545} INFO - Filling up the DagBag from /opt/airflow/dags/etl_timeseries_csv_pipeline.py
[2025-09-19T13:44:20.176+0000] {processor.py:840} INFO - DAG(s) 'etl_pipeline' retrieved from /opt/airflow/dags/etl_timeseries_csv_pipeline.py
[2025-09-19T13:44:20.219+0000] {logging_mixin.py:188} INFO - [2025-09-19T13:44:20.219+0000] {dag.py:3096} INFO - Sync 1 DAGs
[2025-09-19T13:44:20.256+0000] {logging_mixin.py:188} INFO - [2025-09-19T13:44:20.255+0000] {dag.py:3954} INFO - Setting next_dagrun for etl_pipeline to 2025-09-19 00:00:00+00:00, run_after=2025-09-20 00:00:00+00:00
[2025-09-19T13:44:20.284+0000] {processor.py:183} INFO - Processing /opt/airflow/dags/etl_timeseries_csv_pipeline.py took 0.161 seconds
[2025-09-19T13:44:51.153+0000] {processor.py:161} INFO - Started process (PID=232) to work on /opt/airflow/dags/etl_timeseries_csv_pipeline.py
[2025-09-19T13:44:51.156+0000] {processor.py:830} INFO - Processing file /opt/airflow/dags/etl_timeseries_csv_pipeline.py for tasks to queue
[2025-09-19T13:44:51.158+0000] {logging_mixin.py:188} INFO - [2025-09-19T13:44:51.158+0000] {dagbag.py:545} INFO - Filling up the DagBag from /opt/airflow/dags/etl_timeseries_csv_pipeline.py
[2025-09-19T13:44:51.183+0000] {processor.py:840} INFO - DAG(s) 'etl_pipeline' retrieved from /opt/airflow/dags/etl_timeseries_csv_pipeline.py
[2025-09-19T13:44:51.217+0000] {logging_mixin.py:188} INFO - [2025-09-19T13:44:51.217+0000] {dag.py:3096} INFO - Sync 1 DAGs
[2025-09-19T13:44:51.244+0000] {logging_mixin.py:188} INFO - [2025-09-19T13:44:51.243+0000] {dag.py:3954} INFO - Setting next_dagrun for etl_pipeline to 2025-09-19 00:00:00+00:00, run_after=2025-09-20 00:00:00+00:00
[2025-09-19T13:44:51.269+0000] {processor.py:183} INFO - Processing /opt/airflow/dags/etl_timeseries_csv_pipeline.py took 0.124 seconds
[2025-09-19T13:45:21.486+0000] {processor.py:161} INFO - Started process (PID=245) to work on /opt/airflow/dags/etl_timeseries_csv_pipeline.py
[2025-09-19T13:45:21.488+0000] {processor.py:830} INFO - Processing file /opt/airflow/dags/etl_timeseries_csv_pipeline.py for tasks to queue
[2025-09-19T13:45:21.493+0000] {logging_mixin.py:188} INFO - [2025-09-19T13:45:21.492+0000] {dagbag.py:545} INFO - Filling up the DagBag from /opt/airflow/dags/etl_timeseries_csv_pipeline.py
[2025-09-19T13:45:21.546+0000] {processor.py:840} INFO - DAG(s) 'etl_pipeline' retrieved from /opt/airflow/dags/etl_timeseries_csv_pipeline.py
[2025-09-19T13:45:21.585+0000] {logging_mixin.py:188} INFO - [2025-09-19T13:45:21.585+0000] {dag.py:3096} INFO - Sync 1 DAGs
[2025-09-19T13:45:21.624+0000] {logging_mixin.py:188} INFO - [2025-09-19T13:45:21.624+0000] {dag.py:3954} INFO - Setting next_dagrun for etl_pipeline to 2025-09-19 00:00:00+00:00, run_after=2025-09-20 00:00:00+00:00
[2025-09-19T13:45:21.660+0000] {processor.py:183} INFO - Processing /opt/airflow/dags/etl_timeseries_csv_pipeline.py took 0.188 seconds
[2025-09-19T13:45:51.793+0000] {processor.py:161} INFO - Started process (PID=282) to work on /opt/airflow/dags/etl_timeseries_csv_pipeline.py
[2025-09-19T13:45:51.794+0000] {processor.py:830} INFO - Processing file /opt/airflow/dags/etl_timeseries_csv_pipeline.py for tasks to queue
[2025-09-19T13:45:51.798+0000] {logging_mixin.py:188} INFO - [2025-09-19T13:45:51.797+0000] {dagbag.py:545} INFO - Filling up the DagBag from /opt/airflow/dags/etl_timeseries_csv_pipeline.py
[2025-09-19T13:45:51.831+0000] {processor.py:840} INFO - DAG(s) 'etl_pipeline' retrieved from /opt/airflow/dags/etl_timeseries_csv_pipeline.py
[2025-09-19T13:45:51.869+0000] {logging_mixin.py:188} INFO - [2025-09-19T13:45:51.869+0000] {dag.py:3096} INFO - Sync 1 DAGs
[2025-09-19T13:45:51.898+0000] {logging_mixin.py:188} INFO - [2025-09-19T13:45:51.898+0000] {dag.py:3954} INFO - Setting next_dagrun for etl_pipeline to 2025-09-19 00:00:00+00:00, run_after=2025-09-20 00:00:00+00:00
[2025-09-19T13:45:51.925+0000] {processor.py:183} INFO - Processing /opt/airflow/dags/etl_timeseries_csv_pipeline.py took 0.137 seconds
[2025-09-19T13:46:22.064+0000] {processor.py:161} INFO - Started process (PID=294) to work on /opt/airflow/dags/etl_timeseries_csv_pipeline.py
[2025-09-19T13:46:22.066+0000] {processor.py:830} INFO - Processing file /opt/airflow/dags/etl_timeseries_csv_pipeline.py for tasks to queue
[2025-09-19T13:46:22.072+0000] {logging_mixin.py:188} INFO - [2025-09-19T13:46:22.071+0000] {dagbag.py:545} INFO - Filling up the DagBag from /opt/airflow/dags/etl_timeseries_csv_pipeline.py
[2025-09-19T13:46:22.111+0000] {processor.py:840} INFO - DAG(s) 'etl_pipeline' retrieved from /opt/airflow/dags/etl_timeseries_csv_pipeline.py
[2025-09-19T13:46:22.157+0000] {logging_mixin.py:188} INFO - [2025-09-19T13:46:22.157+0000] {dag.py:3096} INFO - Sync 1 DAGs
[2025-09-19T13:46:22.192+0000] {logging_mixin.py:188} INFO - [2025-09-19T13:46:22.192+0000] {dag.py:3954} INFO - Setting next_dagrun for etl_pipeline to 2025-09-19 00:00:00+00:00, run_after=2025-09-20 00:00:00+00:00
[2025-09-19T13:46:22.225+0000] {processor.py:183} INFO - Processing /opt/airflow/dags/etl_timeseries_csv_pipeline.py took 0.168 seconds
[2025-09-19T13:46:52.368+0000] {processor.py:161} INFO - Started process (PID=306) to work on /opt/airflow/dags/etl_timeseries_csv_pipeline.py
[2025-09-19T13:46:52.370+0000] {processor.py:830} INFO - Processing file /opt/airflow/dags/etl_timeseries_csv_pipeline.py for tasks to queue
[2025-09-19T13:46:52.373+0000] {logging_mixin.py:188} INFO - [2025-09-19T13:46:52.372+0000] {dagbag.py:545} INFO - Filling up the DagBag from /opt/airflow/dags/etl_timeseries_csv_pipeline.py
[2025-09-19T13:46:52.414+0000] {processor.py:840} INFO - DAG(s) 'etl_pipeline' retrieved from /opt/airflow/dags/etl_timeseries_csv_pipeline.py
[2025-09-19T13:46:52.457+0000] {logging_mixin.py:188} INFO - [2025-09-19T13:46:52.457+0000] {dag.py:3096} INFO - Sync 1 DAGs
[2025-09-19T13:46:52.488+0000] {logging_mixin.py:188} INFO - [2025-09-19T13:46:52.487+0000] {dag.py:3954} INFO - Setting next_dagrun for etl_pipeline to 2025-09-19 00:00:00+00:00, run_after=2025-09-20 00:00:00+00:00
[2025-09-19T13:46:52.522+0000] {processor.py:183} INFO - Processing /opt/airflow/dags/etl_timeseries_csv_pipeline.py took 0.159 seconds
[2025-09-19T13:47:22.705+0000] {processor.py:161} INFO - Started process (PID=318) to work on /opt/airflow/dags/etl_timeseries_csv_pipeline.py
[2025-09-19T13:47:22.708+0000] {processor.py:830} INFO - Processing file /opt/airflow/dags/etl_timeseries_csv_pipeline.py for tasks to queue
[2025-09-19T13:47:22.711+0000] {logging_mixin.py:188} INFO - [2025-09-19T13:47:22.711+0000] {dagbag.py:545} INFO - Filling up the DagBag from /opt/airflow/dags/etl_timeseries_csv_pipeline.py
[2025-09-19T13:47:22.743+0000] {processor.py:840} INFO - DAG(s) 'etl_pipeline' retrieved from /opt/airflow/dags/etl_timeseries_csv_pipeline.py
[2025-09-19T13:47:22.784+0000] {logging_mixin.py:188} INFO - [2025-09-19T13:47:22.784+0000] {dag.py:3096} INFO - Sync 1 DAGs
[2025-09-19T13:47:22.809+0000] {logging_mixin.py:188} INFO - [2025-09-19T13:47:22.809+0000] {dag.py:3954} INFO - Setting next_dagrun for etl_pipeline to 2025-09-19 00:00:00+00:00, run_after=2025-09-20 00:00:00+00:00
[2025-09-19T13:47:22.832+0000] {processor.py:183} INFO - Processing /opt/airflow/dags/etl_timeseries_csv_pipeline.py took 0.140 seconds
[2025-09-19T13:47:53.033+0000] {processor.py:161} INFO - Started process (PID=330) to work on /opt/airflow/dags/etl_timeseries_csv_pipeline.py
[2025-09-19T13:47:53.035+0000] {processor.py:830} INFO - Processing file /opt/airflow/dags/etl_timeseries_csv_pipeline.py for tasks to queue
[2025-09-19T13:47:53.038+0000] {logging_mixin.py:188} INFO - [2025-09-19T13:47:53.038+0000] {dagbag.py:545} INFO - Filling up the DagBag from /opt/airflow/dags/etl_timeseries_csv_pipeline.py
[2025-09-19T13:47:53.094+0000] {processor.py:840} INFO - DAG(s) 'etl_pipeline' retrieved from /opt/airflow/dags/etl_timeseries_csv_pipeline.py
[2025-09-19T13:47:53.169+0000] {logging_mixin.py:188} INFO - [2025-09-19T13:47:53.168+0000] {dag.py:3096} INFO - Sync 1 DAGs
[2025-09-19T13:47:53.202+0000] {logging_mixin.py:188} INFO - [2025-09-19T13:47:53.202+0000] {dag.py:3954} INFO - Setting next_dagrun for etl_pipeline to 2025-09-19 00:00:00+00:00, run_after=2025-09-20 00:00:00+00:00
[2025-09-19T13:47:53.243+0000] {processor.py:183} INFO - Processing /opt/airflow/dags/etl_timeseries_csv_pipeline.py took 0.221 seconds
[2025-09-19T13:48:23.372+0000] {processor.py:161} INFO - Started process (PID=342) to work on /opt/airflow/dags/etl_timeseries_csv_pipeline.py
[2025-09-19T13:48:23.373+0000] {processor.py:830} INFO - Processing file /opt/airflow/dags/etl_timeseries_csv_pipeline.py for tasks to queue
[2025-09-19T13:48:23.375+0000] {logging_mixin.py:188} INFO - [2025-09-19T13:48:23.375+0000] {dagbag.py:545} INFO - Filling up the DagBag from /opt/airflow/dags/etl_timeseries_csv_pipeline.py
[2025-09-19T13:48:23.402+0000] {processor.py:840} INFO - DAG(s) 'etl_pipeline' retrieved from /opt/airflow/dags/etl_timeseries_csv_pipeline.py
[2025-09-19T13:48:23.432+0000] {logging_mixin.py:188} INFO - [2025-09-19T13:48:23.432+0000] {dag.py:3096} INFO - Sync 1 DAGs
[2025-09-19T13:48:23.455+0000] {logging_mixin.py:188} INFO - [2025-09-19T13:48:23.455+0000] {dag.py:3954} INFO - Setting next_dagrun for etl_pipeline to 2025-09-19 00:00:00+00:00, run_after=2025-09-20 00:00:00+00:00
[2025-09-19T13:48:23.481+0000] {processor.py:183} INFO - Processing /opt/airflow/dags/etl_timeseries_csv_pipeline.py took 0.115 seconds
[2025-09-19T13:48:53.750+0000] {processor.py:161} INFO - Started process (PID=354) to work on /opt/airflow/dags/etl_timeseries_csv_pipeline.py
[2025-09-19T13:48:53.752+0000] {processor.py:830} INFO - Processing file /opt/airflow/dags/etl_timeseries_csv_pipeline.py for tasks to queue
[2025-09-19T13:48:53.755+0000] {logging_mixin.py:188} INFO - [2025-09-19T13:48:53.755+0000] {dagbag.py:545} INFO - Filling up the DagBag from /opt/airflow/dags/etl_timeseries_csv_pipeline.py
[2025-09-19T13:48:53.795+0000] {processor.py:840} INFO - DAG(s) 'etl_pipeline' retrieved from /opt/airflow/dags/etl_timeseries_csv_pipeline.py
[2025-09-19T13:48:53.842+0000] {logging_mixin.py:188} INFO - [2025-09-19T13:48:53.842+0000] {dag.py:3096} INFO - Sync 1 DAGs
[2025-09-19T13:48:53.868+0000] {logging_mixin.py:188} INFO - [2025-09-19T13:48:53.867+0000] {dag.py:3954} INFO - Setting next_dagrun for etl_pipeline to 2025-09-19 00:00:00+00:00, run_after=2025-09-20 00:00:00+00:00
[2025-09-19T13:48:53.898+0000] {processor.py:183} INFO - Processing /opt/airflow/dags/etl_timeseries_csv_pipeline.py took 0.155 seconds
[2025-09-19T13:49:24.065+0000] {processor.py:161} INFO - Started process (PID=366) to work on /opt/airflow/dags/etl_timeseries_csv_pipeline.py
[2025-09-19T13:49:24.068+0000] {processor.py:830} INFO - Processing file /opt/airflow/dags/etl_timeseries_csv_pipeline.py for tasks to queue
[2025-09-19T13:49:24.072+0000] {logging_mixin.py:188} INFO - [2025-09-19T13:49:24.071+0000] {dagbag.py:545} INFO - Filling up the DagBag from /opt/airflow/dags/etl_timeseries_csv_pipeline.py
[2025-09-19T13:49:24.114+0000] {processor.py:840} INFO - DAG(s) 'etl_pipeline' retrieved from /opt/airflow/dags/etl_timeseries_csv_pipeline.py
[2025-09-19T13:49:24.173+0000] {logging_mixin.py:188} INFO - [2025-09-19T13:49:24.171+0000] {dag.py:3096} INFO - Sync 1 DAGs
[2025-09-19T13:49:24.219+0000] {logging_mixin.py:188} INFO - [2025-09-19T13:49:24.219+0000] {dag.py:3954} INFO - Setting next_dagrun for etl_pipeline to 2025-09-19 00:00:00+00:00, run_after=2025-09-20 00:00:00+00:00
[2025-09-19T13:49:24.259+0000] {processor.py:183} INFO - Processing /opt/airflow/dags/etl_timeseries_csv_pipeline.py took 0.206 seconds
[2025-09-19T13:49:54.496+0000] {processor.py:161} INFO - Started process (PID=378) to work on /opt/airflow/dags/etl_timeseries_csv_pipeline.py
[2025-09-19T13:49:54.498+0000] {processor.py:830} INFO - Processing file /opt/airflow/dags/etl_timeseries_csv_pipeline.py for tasks to queue
[2025-09-19T13:49:54.501+0000] {logging_mixin.py:188} INFO - [2025-09-19T13:49:54.501+0000] {dagbag.py:545} INFO - Filling up the DagBag from /opt/airflow/dags/etl_timeseries_csv_pipeline.py
[2025-09-19T13:49:54.538+0000] {processor.py:840} INFO - DAG(s) 'etl_pipeline' retrieved from /opt/airflow/dags/etl_timeseries_csv_pipeline.py
[2025-09-19T13:49:54.586+0000] {logging_mixin.py:188} INFO - [2025-09-19T13:49:54.585+0000] {dag.py:3096} INFO - Sync 1 DAGs
[2025-09-19T13:49:54.611+0000] {logging_mixin.py:188} INFO - [2025-09-19T13:49:54.611+0000] {dag.py:3954} INFO - Setting next_dagrun for etl_pipeline to 2025-09-19 00:00:00+00:00, run_after=2025-09-20 00:00:00+00:00
[2025-09-19T13:49:54.636+0000] {processor.py:183} INFO - Processing /opt/airflow/dags/etl_timeseries_csv_pipeline.py took 0.148 seconds
[2025-09-19T13:50:24.853+0000] {processor.py:161} INFO - Started process (PID=390) to work on /opt/airflow/dags/etl_timeseries_csv_pipeline.py
[2025-09-19T13:50:24.858+0000] {processor.py:830} INFO - Processing file /opt/airflow/dags/etl_timeseries_csv_pipeline.py for tasks to queue
[2025-09-19T13:50:24.862+0000] {logging_mixin.py:188} INFO - [2025-09-19T13:50:24.862+0000] {dagbag.py:545} INFO - Filling up the DagBag from /opt/airflow/dags/etl_timeseries_csv_pipeline.py
[2025-09-19T13:50:24.899+0000] {processor.py:840} INFO - DAG(s) 'etl_pipeline' retrieved from /opt/airflow/dags/etl_timeseries_csv_pipeline.py
[2025-09-19T13:50:24.960+0000] {logging_mixin.py:188} INFO - [2025-09-19T13:50:24.959+0000] {dag.py:3096} INFO - Sync 1 DAGs
[2025-09-19T13:50:24.998+0000] {logging_mixin.py:188} INFO - [2025-09-19T13:50:24.998+0000] {dag.py:3954} INFO - Setting next_dagrun for etl_pipeline to 2025-09-19 00:00:00+00:00, run_after=2025-09-20 00:00:00+00:00
[2025-09-19T13:50:25.024+0000] {processor.py:183} INFO - Processing /opt/airflow/dags/etl_timeseries_csv_pipeline.py took 0.190 seconds
[2025-09-19T13:50:55.233+0000] {processor.py:161} INFO - Started process (PID=402) to work on /opt/airflow/dags/etl_timeseries_csv_pipeline.py
[2025-09-19T13:50:55.235+0000] {processor.py:830} INFO - Processing file /opt/airflow/dags/etl_timeseries_csv_pipeline.py for tasks to queue
[2025-09-19T13:50:55.237+0000] {logging_mixin.py:188} INFO - [2025-09-19T13:50:55.237+0000] {dagbag.py:545} INFO - Filling up the DagBag from /opt/airflow/dags/etl_timeseries_csv_pipeline.py
[2025-09-19T13:50:55.269+0000] {processor.py:840} INFO - DAG(s) 'etl_pipeline' retrieved from /opt/airflow/dags/etl_timeseries_csv_pipeline.py
[2025-09-19T13:50:55.316+0000] {logging_mixin.py:188} INFO - [2025-09-19T13:50:55.316+0000] {dag.py:3096} INFO - Sync 1 DAGs
[2025-09-19T13:50:55.363+0000] {logging_mixin.py:188} INFO - [2025-09-19T13:50:55.363+0000] {dag.py:3954} INFO - Setting next_dagrun for etl_pipeline to 2025-09-19 00:00:00+00:00, run_after=2025-09-20 00:00:00+00:00
[2025-09-19T13:50:55.394+0000] {processor.py:183} INFO - Processing /opt/airflow/dags/etl_timeseries_csv_pipeline.py took 0.168 seconds
[2025-09-19T13:51:25.652+0000] {processor.py:161} INFO - Started process (PID=414) to work on /opt/airflow/dags/etl_timeseries_csv_pipeline.py
[2025-09-19T13:51:25.654+0000] {processor.py:830} INFO - Processing file /opt/airflow/dags/etl_timeseries_csv_pipeline.py for tasks to queue
[2025-09-19T13:51:25.656+0000] {logging_mixin.py:188} INFO - [2025-09-19T13:51:25.656+0000] {dagbag.py:545} INFO - Filling up the DagBag from /opt/airflow/dags/etl_timeseries_csv_pipeline.py
[2025-09-19T13:51:25.695+0000] {processor.py:840} INFO - DAG(s) 'etl_pipeline' retrieved from /opt/airflow/dags/etl_timeseries_csv_pipeline.py
[2025-09-19T13:51:25.730+0000] {logging_mixin.py:188} INFO - [2025-09-19T13:51:25.729+0000] {dag.py:3096} INFO - Sync 1 DAGs
[2025-09-19T13:51:25.761+0000] {logging_mixin.py:188} INFO - [2025-09-19T13:51:25.760+0000] {dag.py:3954} INFO - Setting next_dagrun for etl_pipeline to 2025-09-19 00:00:00+00:00, run_after=2025-09-20 00:00:00+00:00
[2025-09-19T13:51:25.802+0000] {processor.py:183} INFO - Processing /opt/airflow/dags/etl_timeseries_csv_pipeline.py took 0.159 seconds
[2025-09-19T13:51:55.980+0000] {processor.py:161} INFO - Started process (PID=426) to work on /opt/airflow/dags/etl_timeseries_csv_pipeline.py
[2025-09-19T13:51:55.981+0000] {processor.py:830} INFO - Processing file /opt/airflow/dags/etl_timeseries_csv_pipeline.py for tasks to queue
[2025-09-19T13:51:55.987+0000] {logging_mixin.py:188} INFO - [2025-09-19T13:51:55.986+0000] {dagbag.py:545} INFO - Filling up the DagBag from /opt/airflow/dags/etl_timeseries_csv_pipeline.py
[2025-09-19T13:51:56.053+0000] {processor.py:840} INFO - DAG(s) 'etl_pipeline' retrieved from /opt/airflow/dags/etl_timeseries_csv_pipeline.py
[2025-09-19T13:51:56.121+0000] {logging_mixin.py:188} INFO - [2025-09-19T13:51:56.121+0000] {dag.py:3096} INFO - Sync 1 DAGs
[2025-09-19T13:51:56.168+0000] {logging_mixin.py:188} INFO - [2025-09-19T13:51:56.167+0000] {dag.py:3954} INFO - Setting next_dagrun for etl_pipeline to 2025-09-19 00:00:00+00:00, run_after=2025-09-20 00:00:00+00:00
[2025-09-19T13:51:56.216+0000] {processor.py:183} INFO - Processing /opt/airflow/dags/etl_timeseries_csv_pipeline.py took 0.250 seconds
[2025-09-19T13:52:26.449+0000] {processor.py:161} INFO - Started process (PID=438) to work on /opt/airflow/dags/etl_timeseries_csv_pipeline.py
[2025-09-19T13:52:26.451+0000] {processor.py:830} INFO - Processing file /opt/airflow/dags/etl_timeseries_csv_pipeline.py for tasks to queue
[2025-09-19T13:52:26.453+0000] {logging_mixin.py:188} INFO - [2025-09-19T13:52:26.453+0000] {dagbag.py:545} INFO - Filling up the DagBag from /opt/airflow/dags/etl_timeseries_csv_pipeline.py
[2025-09-19T13:52:26.484+0000] {processor.py:840} INFO - DAG(s) 'etl_pipeline' retrieved from /opt/airflow/dags/etl_timeseries_csv_pipeline.py
[2025-09-19T13:52:26.512+0000] {logging_mixin.py:188} INFO - [2025-09-19T13:52:26.512+0000] {dag.py:3096} INFO - Sync 1 DAGs
[2025-09-19T13:52:26.544+0000] {logging_mixin.py:188} INFO - [2025-09-19T13:52:26.543+0000] {dag.py:3954} INFO - Setting next_dagrun for etl_pipeline to 2025-09-19 00:00:00+00:00, run_after=2025-09-20 00:00:00+00:00
[2025-09-19T13:52:26.578+0000] {processor.py:183} INFO - Processing /opt/airflow/dags/etl_timeseries_csv_pipeline.py took 0.139 seconds
[2025-09-19T13:52:56.856+0000] {processor.py:161} INFO - Started process (PID=450) to work on /opt/airflow/dags/etl_timeseries_csv_pipeline.py
[2025-09-19T13:52:56.858+0000] {processor.py:830} INFO - Processing file /opt/airflow/dags/etl_timeseries_csv_pipeline.py for tasks to queue
[2025-09-19T13:52:56.860+0000] {logging_mixin.py:188} INFO - [2025-09-19T13:52:56.860+0000] {dagbag.py:545} INFO - Filling up the DagBag from /opt/airflow/dags/etl_timeseries_csv_pipeline.py
[2025-09-19T13:52:56.922+0000] {processor.py:840} INFO - DAG(s) 'etl_pipeline' retrieved from /opt/airflow/dags/etl_timeseries_csv_pipeline.py
[2025-09-19T13:52:56.959+0000] {logging_mixin.py:188} INFO - [2025-09-19T13:52:56.959+0000] {dag.py:3096} INFO - Sync 1 DAGs
[2025-09-19T13:52:56.989+0000] {logging_mixin.py:188} INFO - [2025-09-19T13:52:56.989+0000] {dag.py:3954} INFO - Setting next_dagrun for etl_pipeline to 2025-09-19 00:00:00+00:00, run_after=2025-09-20 00:00:00+00:00
[2025-09-19T13:52:57.018+0000] {processor.py:183} INFO - Processing /opt/airflow/dags/etl_timeseries_csv_pipeline.py took 0.179 seconds
[2025-09-19T13:53:27.315+0000] {processor.py:161} INFO - Started process (PID=455) to work on /opt/airflow/dags/etl_timeseries_csv_pipeline.py
[2025-09-19T13:53:27.317+0000] {processor.py:830} INFO - Processing file /opt/airflow/dags/etl_timeseries_csv_pipeline.py for tasks to queue
[2025-09-19T13:53:27.319+0000] {logging_mixin.py:188} INFO - [2025-09-19T13:53:27.319+0000] {dagbag.py:545} INFO - Filling up the DagBag from /opt/airflow/dags/etl_timeseries_csv_pipeline.py
[2025-09-19T13:53:27.344+0000] {processor.py:840} INFO - DAG(s) 'etl_pipeline' retrieved from /opt/airflow/dags/etl_timeseries_csv_pipeline.py
[2025-09-19T13:53:27.373+0000] {logging_mixin.py:188} INFO - [2025-09-19T13:53:27.373+0000] {dag.py:3096} INFO - Sync 1 DAGs
[2025-09-19T13:53:27.396+0000] {logging_mixin.py:188} INFO - [2025-09-19T13:53:27.396+0000] {dag.py:3954} INFO - Setting next_dagrun for etl_pipeline to 2025-09-19 00:00:00+00:00, run_after=2025-09-20 00:00:00+00:00
[2025-09-19T13:53:27.421+0000] {processor.py:183} INFO - Processing /opt/airflow/dags/etl_timeseries_csv_pipeline.py took 0.114 seconds
[2025-09-19T13:53:57.724+0000] {processor.py:161} INFO - Started process (PID=471) to work on /opt/airflow/dags/etl_timeseries_csv_pipeline.py
[2025-09-19T13:53:57.728+0000] {processor.py:830} INFO - Processing file /opt/airflow/dags/etl_timeseries_csv_pipeline.py for tasks to queue
[2025-09-19T13:53:57.736+0000] {logging_mixin.py:188} INFO - [2025-09-19T13:53:57.735+0000] {dagbag.py:545} INFO - Filling up the DagBag from /opt/airflow/dags/etl_timeseries_csv_pipeline.py
[2025-09-19T13:53:57.778+0000] {processor.py:840} INFO - DAG(s) 'etl_pipeline' retrieved from /opt/airflow/dags/etl_timeseries_csv_pipeline.py
[2025-09-19T13:53:57.795+0000] {logging_mixin.py:188} INFO - [2025-09-19T13:53:57.794+0000] {dag.py:3096} INFO - Sync 1 DAGs
[2025-09-19T13:53:57.838+0000] {logging_mixin.py:188} INFO - [2025-09-19T13:53:57.837+0000] {dag.py:3954} INFO - Setting next_dagrun for etl_pipeline to 2025-09-19 00:00:00+00:00, run_after=2025-09-20 00:00:00+00:00
[2025-09-19T13:53:57.863+0000] {processor.py:183} INFO - Processing /opt/airflow/dags/etl_timeseries_csv_pipeline.py took 0.150 seconds
[2025-09-19T13:54:28.083+0000] {processor.py:161} INFO - Started process (PID=483) to work on /opt/airflow/dags/etl_timeseries_csv_pipeline.py
[2025-09-19T13:54:28.084+0000] {processor.py:830} INFO - Processing file /opt/airflow/dags/etl_timeseries_csv_pipeline.py for tasks to queue
[2025-09-19T13:54:28.087+0000] {logging_mixin.py:188} INFO - [2025-09-19T13:54:28.087+0000] {dagbag.py:545} INFO - Filling up the DagBag from /opt/airflow/dags/etl_timeseries_csv_pipeline.py
[2025-09-19T13:54:28.118+0000] {processor.py:840} INFO - DAG(s) 'etl_pipeline' retrieved from /opt/airflow/dags/etl_timeseries_csv_pipeline.py
[2025-09-19T13:54:28.287+0000] {logging_mixin.py:188} INFO - [2025-09-19T13:54:28.286+0000] {dag.py:3096} INFO - Sync 1 DAGs
[2025-09-19T13:54:28.310+0000] {logging_mixin.py:188} INFO - [2025-09-19T13:54:28.309+0000] {dag.py:3954} INFO - Setting next_dagrun for etl_pipeline to 2025-09-19 00:00:00+00:00, run_after=2025-09-20 00:00:00+00:00
[2025-09-19T13:54:28.338+0000] {processor.py:183} INFO - Processing /opt/airflow/dags/etl_timeseries_csv_pipeline.py took 0.266 seconds
[2025-09-19T13:54:58.582+0000] {processor.py:161} INFO - Started process (PID=495) to work on /opt/airflow/dags/etl_timeseries_csv_pipeline.py
[2025-09-19T13:54:58.585+0000] {processor.py:830} INFO - Processing file /opt/airflow/dags/etl_timeseries_csv_pipeline.py for tasks to queue
[2025-09-19T13:54:58.587+0000] {logging_mixin.py:188} INFO - [2025-09-19T13:54:58.587+0000] {dagbag.py:545} INFO - Filling up the DagBag from /opt/airflow/dags/etl_timeseries_csv_pipeline.py
[2025-09-19T13:54:58.618+0000] {processor.py:840} INFO - DAG(s) 'etl_pipeline' retrieved from /opt/airflow/dags/etl_timeseries_csv_pipeline.py
[2025-09-19T13:54:58.652+0000] {logging_mixin.py:188} INFO - [2025-09-19T13:54:58.651+0000] {dag.py:3096} INFO - Sync 1 DAGs
[2025-09-19T13:54:58.680+0000] {logging_mixin.py:188} INFO - [2025-09-19T13:54:58.679+0000] {dag.py:3954} INFO - Setting next_dagrun for etl_pipeline to 2025-09-19 00:00:00+00:00, run_after=2025-09-20 00:00:00+00:00
[2025-09-19T13:54:58.701+0000] {processor.py:183} INFO - Processing /opt/airflow/dags/etl_timeseries_csv_pipeline.py took 0.126 seconds
[2025-09-19T13:55:28.835+0000] {processor.py:161} INFO - Started process (PID=507) to work on /opt/airflow/dags/etl_timeseries_csv_pipeline.py
[2025-09-19T13:55:28.836+0000] {processor.py:830} INFO - Processing file /opt/airflow/dags/etl_timeseries_csv_pipeline.py for tasks to queue
[2025-09-19T13:55:28.839+0000] {logging_mixin.py:188} INFO - [2025-09-19T13:55:28.839+0000] {dagbag.py:545} INFO - Filling up the DagBag from /opt/airflow/dags/etl_timeseries_csv_pipeline.py
[2025-09-19T13:55:28.870+0000] {processor.py:840} INFO - DAG(s) 'etl_pipeline' retrieved from /opt/airflow/dags/etl_timeseries_csv_pipeline.py
[2025-09-19T13:55:28.925+0000] {logging_mixin.py:188} INFO - [2025-09-19T13:55:28.925+0000] {dag.py:3096} INFO - Sync 1 DAGs
[2025-09-19T13:55:28.965+0000] {logging_mixin.py:188} INFO - [2025-09-19T13:55:28.965+0000] {dag.py:3954} INFO - Setting next_dagrun for etl_pipeline to 2025-09-19 00:00:00+00:00, run_after=2025-09-20 00:00:00+00:00
[2025-09-19T13:55:29.006+0000] {processor.py:183} INFO - Processing /opt/airflow/dags/etl_timeseries_csv_pipeline.py took 0.179 seconds
[2025-09-19T13:55:59.343+0000] {processor.py:161} INFO - Started process (PID=519) to work on /opt/airflow/dags/etl_timeseries_csv_pipeline.py
[2025-09-19T13:55:59.348+0000] {processor.py:830} INFO - Processing file /opt/airflow/dags/etl_timeseries_csv_pipeline.py for tasks to queue
[2025-09-19T13:55:59.354+0000] {logging_mixin.py:188} INFO - [2025-09-19T13:55:59.353+0000] {dagbag.py:545} INFO - Filling up the DagBag from /opt/airflow/dags/etl_timeseries_csv_pipeline.py
[2025-09-19T13:55:59.419+0000] {processor.py:840} INFO - DAG(s) 'etl_pipeline' retrieved from /opt/airflow/dags/etl_timeseries_csv_pipeline.py
[2025-09-19T13:55:59.481+0000] {logging_mixin.py:188} INFO - [2025-09-19T13:55:59.480+0000] {dag.py:3096} INFO - Sync 1 DAGs
[2025-09-19T13:55:59.523+0000] {logging_mixin.py:188} INFO - [2025-09-19T13:55:59.523+0000] {dag.py:3954} INFO - Setting next_dagrun for etl_pipeline to 2025-09-19 00:00:00+00:00, run_after=2025-09-20 00:00:00+00:00
[2025-09-19T13:55:59.565+0000] {processor.py:183} INFO - Processing /opt/airflow/dags/etl_timeseries_csv_pipeline.py took 0.240 seconds
[2025-09-19T13:56:29.821+0000] {processor.py:161} INFO - Started process (PID=531) to work on /opt/airflow/dags/etl_timeseries_csv_pipeline.py
[2025-09-19T13:56:29.823+0000] {processor.py:830} INFO - Processing file /opt/airflow/dags/etl_timeseries_csv_pipeline.py for tasks to queue
[2025-09-19T13:56:29.828+0000] {logging_mixin.py:188} INFO - [2025-09-19T13:56:29.827+0000] {dagbag.py:545} INFO - Filling up the DagBag from /opt/airflow/dags/etl_timeseries_csv_pipeline.py
[2025-09-19T13:56:29.865+0000] {processor.py:840} INFO - DAG(s) 'etl_pipeline' retrieved from /opt/airflow/dags/etl_timeseries_csv_pipeline.py
[2025-09-19T13:56:29.891+0000] {logging_mixin.py:188} INFO - [2025-09-19T13:56:29.891+0000] {dag.py:3096} INFO - Sync 1 DAGs
[2025-09-19T13:56:29.922+0000] {logging_mixin.py:188} INFO - [2025-09-19T13:56:29.922+0000] {dag.py:3954} INFO - Setting next_dagrun for etl_pipeline to 2025-09-19 00:00:00+00:00, run_after=2025-09-20 00:00:00+00:00
[2025-09-19T13:56:29.948+0000] {processor.py:183} INFO - Processing /opt/airflow/dags/etl_timeseries_csv_pipeline.py took 0.140 seconds
[2025-09-19T13:57:00.868+0000] {processor.py:161} INFO - Started process (PID=543) to work on /opt/airflow/dags/etl_timeseries_csv_pipeline.py
[2025-09-19T13:57:00.870+0000] {processor.py:830} INFO - Processing file /opt/airflow/dags/etl_timeseries_csv_pipeline.py for tasks to queue
[2025-09-19T13:57:00.872+0000] {logging_mixin.py:188} INFO - [2025-09-19T13:57:00.872+0000] {dagbag.py:545} INFO - Filling up the DagBag from /opt/airflow/dags/etl_timeseries_csv_pipeline.py
[2025-09-19T13:57:00.896+0000] {processor.py:840} INFO - DAG(s) 'etl_pipeline' retrieved from /opt/airflow/dags/etl_timeseries_csv_pipeline.py
[2025-09-19T13:57:00.936+0000] {logging_mixin.py:188} INFO - [2025-09-19T13:57:00.935+0000] {dag.py:3096} INFO - Sync 1 DAGs
[2025-09-19T13:57:00.962+0000] {logging_mixin.py:188} INFO - [2025-09-19T13:57:00.961+0000] {dag.py:3954} INFO - Setting next_dagrun for etl_pipeline to 2025-09-19 00:00:00+00:00, run_after=2025-09-20 00:00:00+00:00
[2025-09-19T13:57:00.983+0000] {processor.py:183} INFO - Processing /opt/airflow/dags/etl_timeseries_csv_pipeline.py took 0.121 seconds
[2025-09-19T13:57:31.123+0000] {processor.py:161} INFO - Started process (PID=597) to work on /opt/airflow/dags/etl_timeseries_csv_pipeline.py
[2025-09-19T13:57:31.125+0000] {processor.py:830} INFO - Processing file /opt/airflow/dags/etl_timeseries_csv_pipeline.py for tasks to queue
[2025-09-19T13:57:31.129+0000] {logging_mixin.py:188} INFO - [2025-09-19T13:57:31.129+0000] {dagbag.py:545} INFO - Filling up the DagBag from /opt/airflow/dags/etl_timeseries_csv_pipeline.py
[2025-09-19T13:57:31.170+0000] {processor.py:840} INFO - DAG(s) 'etl_pipeline' retrieved from /opt/airflow/dags/etl_timeseries_csv_pipeline.py
[2025-09-19T13:57:31.188+0000] {logging_mixin.py:188} INFO - [2025-09-19T13:57:31.188+0000] {dag.py:3096} INFO - Sync 1 DAGs
[2025-09-19T13:57:31.229+0000] {logging_mixin.py:188} INFO - [2025-09-19T13:57:31.228+0000] {dag.py:3954} INFO - Setting next_dagrun for etl_pipeline to 2025-09-19 00:00:00+00:00, run_after=2025-09-20 00:00:00+00:00
[2025-09-19T13:57:31.261+0000] {processor.py:183} INFO - Processing /opt/airflow/dags/etl_timeseries_csv_pipeline.py took 0.145 seconds
[2025-09-19T13:58:02.288+0000] {processor.py:161} INFO - Started process (PID=609) to work on /opt/airflow/dags/etl_timeseries_csv_pipeline.py
[2025-09-19T13:58:02.290+0000] {processor.py:830} INFO - Processing file /opt/airflow/dags/etl_timeseries_csv_pipeline.py for tasks to queue
[2025-09-19T13:58:02.295+0000] {logging_mixin.py:188} INFO - [2025-09-19T13:58:02.294+0000] {dagbag.py:545} INFO - Filling up the DagBag from /opt/airflow/dags/etl_timeseries_csv_pipeline.py
[2025-09-19T13:58:02.338+0000] {processor.py:840} INFO - DAG(s) 'etl_pipeline' retrieved from /opt/airflow/dags/etl_timeseries_csv_pipeline.py
[2025-09-19T13:58:02.464+0000] {logging_mixin.py:188} INFO - [2025-09-19T13:58:02.463+0000] {dag.py:3096} INFO - Sync 1 DAGs
[2025-09-19T13:58:02.494+0000] {logging_mixin.py:188} INFO - [2025-09-19T13:58:02.494+0000] {dag.py:3954} INFO - Setting next_dagrun for etl_pipeline to 2025-09-19 00:00:00+00:00, run_after=2025-09-20 00:00:00+00:00
[2025-09-19T13:58:02.525+0000] {processor.py:183} INFO - Processing /opt/airflow/dags/etl_timeseries_csv_pipeline.py took 0.243 seconds
[2025-09-19T13:58:32.814+0000] {processor.py:161} INFO - Started process (PID=621) to work on /opt/airflow/dags/etl_timeseries_csv_pipeline.py
[2025-09-19T13:58:32.816+0000] {processor.py:830} INFO - Processing file /opt/airflow/dags/etl_timeseries_csv_pipeline.py for tasks to queue
[2025-09-19T13:58:32.820+0000] {logging_mixin.py:188} INFO - [2025-09-19T13:58:32.819+0000] {dagbag.py:545} INFO - Filling up the DagBag from /opt/airflow/dags/etl_timeseries_csv_pipeline.py
[2025-09-19T13:58:32.850+0000] {processor.py:840} INFO - DAG(s) 'etl_pipeline' retrieved from /opt/airflow/dags/etl_timeseries_csv_pipeline.py
[2025-09-19T13:58:32.880+0000] {logging_mixin.py:188} INFO - [2025-09-19T13:58:32.880+0000] {dag.py:3096} INFO - Sync 1 DAGs
[2025-09-19T13:58:32.905+0000] {logging_mixin.py:188} INFO - [2025-09-19T13:58:32.905+0000] {dag.py:3954} INFO - Setting next_dagrun for etl_pipeline to 2025-09-19 00:00:00+00:00, run_after=2025-09-20 00:00:00+00:00
[2025-09-19T13:58:32.927+0000] {processor.py:183} INFO - Processing /opt/airflow/dags/etl_timeseries_csv_pipeline.py took 0.121 seconds
[2025-09-19T13:59:04.172+0000] {processor.py:161} INFO - Started process (PID=633) to work on /opt/airflow/dags/etl_timeseries_csv_pipeline.py
[2025-09-19T13:59:04.176+0000] {processor.py:830} INFO - Processing file /opt/airflow/dags/etl_timeseries_csv_pipeline.py for tasks to queue
[2025-09-19T13:59:04.180+0000] {logging_mixin.py:188} INFO - [2025-09-19T13:59:04.179+0000] {dagbag.py:545} INFO - Filling up the DagBag from /opt/airflow/dags/etl_timeseries_csv_pipeline.py
[2025-09-19T13:59:04.226+0000] {processor.py:840} INFO - DAG(s) 'etl_pipeline' retrieved from /opt/airflow/dags/etl_timeseries_csv_pipeline.py
[2025-09-19T13:59:04.277+0000] {logging_mixin.py:188} INFO - [2025-09-19T13:59:04.276+0000] {dag.py:3096} INFO - Sync 1 DAGs
[2025-09-19T13:59:04.327+0000] {logging_mixin.py:188} INFO - [2025-09-19T13:59:04.327+0000] {dag.py:3954} INFO - Setting next_dagrun for etl_pipeline to 2025-09-19 00:00:00+00:00, run_after=2025-09-20 00:00:00+00:00
[2025-09-19T13:59:04.381+0000] {processor.py:183} INFO - Processing /opt/airflow/dags/etl_timeseries_csv_pipeline.py took 0.223 seconds
[2025-09-19T13:59:34.623+0000] {processor.py:161} INFO - Started process (PID=645) to work on /opt/airflow/dags/etl_timeseries_csv_pipeline.py
[2025-09-19T13:59:34.625+0000] {processor.py:830} INFO - Processing file /opt/airflow/dags/etl_timeseries_csv_pipeline.py for tasks to queue
[2025-09-19T13:59:34.627+0000] {logging_mixin.py:188} INFO - [2025-09-19T13:59:34.626+0000] {dagbag.py:545} INFO - Filling up the DagBag from /opt/airflow/dags/etl_timeseries_csv_pipeline.py
[2025-09-19T13:59:34.664+0000] {processor.py:840} INFO - DAG(s) 'etl_pipeline' retrieved from /opt/airflow/dags/etl_timeseries_csv_pipeline.py
[2025-09-19T13:59:34.699+0000] {logging_mixin.py:188} INFO - [2025-09-19T13:59:34.699+0000] {dag.py:3096} INFO - Sync 1 DAGs
[2025-09-19T13:59:34.735+0000] {logging_mixin.py:188} INFO - [2025-09-19T13:59:34.734+0000] {dag.py:3954} INFO - Setting next_dagrun for etl_pipeline to 2025-09-19 00:00:00+00:00, run_after=2025-09-20 00:00:00+00:00
[2025-09-19T13:59:34.769+0000] {processor.py:183} INFO - Processing /opt/airflow/dags/etl_timeseries_csv_pipeline.py took 0.154 seconds
[2025-09-19T14:00:06.084+0000] {processor.py:161} INFO - Started process (PID=657) to work on /opt/airflow/dags/etl_timeseries_csv_pipeline.py
[2025-09-19T14:00:06.086+0000] {processor.py:830} INFO - Processing file /opt/airflow/dags/etl_timeseries_csv_pipeline.py for tasks to queue
[2025-09-19T14:00:06.091+0000] {logging_mixin.py:188} INFO - [2025-09-19T14:00:06.089+0000] {dagbag.py:545} INFO - Filling up the DagBag from /opt/airflow/dags/etl_timeseries_csv_pipeline.py
[2025-09-19T14:00:06.137+0000] {processor.py:840} INFO - DAG(s) 'etl_pipeline' retrieved from /opt/airflow/dags/etl_timeseries_csv_pipeline.py
[2025-09-19T14:00:06.210+0000] {logging_mixin.py:188} INFO - [2025-09-19T14:00:06.209+0000] {dag.py:3096} INFO - Sync 1 DAGs
[2025-09-19T14:00:06.270+0000] {logging_mixin.py:188} INFO - [2025-09-19T14:00:06.270+0000] {dag.py:3954} INFO - Setting next_dagrun for etl_pipeline to 2025-09-19 00:00:00+00:00, run_after=2025-09-20 00:00:00+00:00
[2025-09-19T14:00:06.309+0000] {processor.py:183} INFO - Processing /opt/airflow/dags/etl_timeseries_csv_pipeline.py took 0.244 seconds
