[2025-09-19T11:35:37.379+0000] {processor.py:161} INFO - Started process (PID=181) to work on /opt/airflow/dags/timeseries_pipeline.py
[2025-09-19T11:35:37.380+0000] {processor.py:830} INFO - Processing file /opt/airflow/dags/timeseries_pipeline.py for tasks to queue
[2025-09-19T11:35:37.382+0000] {logging_mixin.py:188} INFO - [2025-09-19T11:35:37.382+0000] {dagbag.py:545} INFO - Filling up the DagBag from /opt/airflow/dags/timeseries_pipeline.py
[2025-09-19T11:35:37.404+0000] {logging_mixin.py:188} INFO - [2025-09-19T11:35:37.399+0000] {dagbag.py:355} ERROR - Failed to import: /opt/airflow/dags/timeseries_pipeline.py
Traceback (most recent call last):
  File "/home/airflow/.local/lib/python3.12/site-packages/airflow/models/dagbag.py", line 351, in parse
    loader.exec_module(new_module)
  File "<frozen importlib._bootstrap_external>", line 995, in exec_module
  File "<frozen importlib._bootstrap>", line 488, in _call_with_frames_removed
  File "/opt/airflow/dags/timeseries_pipeline.py", line 5, in <module>
    from tasks.check_file_task import check_file_exists
ModuleNotFoundError: No module named 'tasks'
[2025-09-19T11:35:37.406+0000] {processor.py:842} WARNING - No viable dags retrieved from /opt/airflow/dags/timeseries_pipeline.py
[2025-09-19T11:35:37.429+0000] {processor.py:183} INFO - Processing /opt/airflow/dags/timeseries_pipeline.py took 0.055 seconds
[2025-09-19T11:36:07.779+0000] {processor.py:161} INFO - Started process (PID=191) to work on /opt/airflow/dags/timeseries_pipeline.py
[2025-09-19T11:36:07.781+0000] {processor.py:830} INFO - Processing file /opt/airflow/dags/timeseries_pipeline.py for tasks to queue
[2025-09-19T11:36:07.786+0000] {logging_mixin.py:188} INFO - [2025-09-19T11:36:07.783+0000] {dagbag.py:545} INFO - Filling up the DagBag from /opt/airflow/dags/timeseries_pipeline.py
[2025-09-19T11:36:07.814+0000] {logging_mixin.py:188} INFO - [2025-09-19T11:36:07.808+0000] {dagbag.py:355} ERROR - Failed to import: /opt/airflow/dags/timeseries_pipeline.py
Traceback (most recent call last):
  File "/home/airflow/.local/lib/python3.12/site-packages/airflow/models/dagbag.py", line 351, in parse
    loader.exec_module(new_module)
  File "<frozen importlib._bootstrap_external>", line 995, in exec_module
  File "<frozen importlib._bootstrap>", line 488, in _call_with_frames_removed
  File "/opt/airflow/dags/timeseries_pipeline.py", line 5, in <module>
    from tasks.check_file_task import check_file_exists
ModuleNotFoundError: No module named 'tasks'
[2025-09-19T11:36:07.816+0000] {processor.py:842} WARNING - No viable dags retrieved from /opt/airflow/dags/timeseries_pipeline.py
[2025-09-19T11:36:07.832+0000] {processor.py:183} INFO - Processing /opt/airflow/dags/timeseries_pipeline.py took 0.057 seconds
[2025-09-19T11:36:38.310+0000] {processor.py:161} INFO - Started process (PID=201) to work on /opt/airflow/dags/timeseries_pipeline.py
[2025-09-19T11:36:38.311+0000] {processor.py:830} INFO - Processing file /opt/airflow/dags/timeseries_pipeline.py for tasks to queue
[2025-09-19T11:36:38.314+0000] {logging_mixin.py:188} INFO - [2025-09-19T11:36:38.313+0000] {dagbag.py:545} INFO - Filling up the DagBag from /opt/airflow/dags/timeseries_pipeline.py
[2025-09-19T11:36:38.330+0000] {logging_mixin.py:188} INFO - [2025-09-19T11:36:38.326+0000] {dagbag.py:355} ERROR - Failed to import: /opt/airflow/dags/timeseries_pipeline.py
Traceback (most recent call last):
  File "/home/airflow/.local/lib/python3.12/site-packages/airflow/models/dagbag.py", line 351, in parse
    loader.exec_module(new_module)
  File "<frozen importlib._bootstrap_external>", line 995, in exec_module
  File "<frozen importlib._bootstrap>", line 488, in _call_with_frames_removed
  File "/opt/airflow/dags/timeseries_pipeline.py", line 5, in <module>
    from tasks.check_file_task import check_file_exists
ModuleNotFoundError: No module named 'tasks'
[2025-09-19T11:36:38.331+0000] {processor.py:842} WARNING - No viable dags retrieved from /opt/airflow/dags/timeseries_pipeline.py
[2025-09-19T11:36:38.361+0000] {processor.py:183} INFO - Processing /opt/airflow/dags/timeseries_pipeline.py took 0.062 seconds
[2025-09-19T11:37:08.748+0000] {processor.py:161} INFO - Started process (PID=211) to work on /opt/airflow/dags/timeseries_pipeline.py
[2025-09-19T11:37:08.749+0000] {processor.py:830} INFO - Processing file /opt/airflow/dags/timeseries_pipeline.py for tasks to queue
[2025-09-19T11:37:08.752+0000] {logging_mixin.py:188} INFO - [2025-09-19T11:37:08.752+0000] {dagbag.py:545} INFO - Filling up the DagBag from /opt/airflow/dags/timeseries_pipeline.py
[2025-09-19T11:37:08.776+0000] {logging_mixin.py:188} INFO - [2025-09-19T11:37:08.771+0000] {dagbag.py:355} ERROR - Failed to import: /opt/airflow/dags/timeseries_pipeline.py
Traceback (most recent call last):
  File "/home/airflow/.local/lib/python3.12/site-packages/airflow/models/dagbag.py", line 351, in parse
    loader.exec_module(new_module)
  File "<frozen importlib._bootstrap_external>", line 995, in exec_module
  File "<frozen importlib._bootstrap>", line 488, in _call_with_frames_removed
  File "/opt/airflow/dags/timeseries_pipeline.py", line 5, in <module>
    from tasks.check_file_task import check_file_exists
ModuleNotFoundError: No module named 'tasks'
[2025-09-19T11:37:08.777+0000] {processor.py:842} WARNING - No viable dags retrieved from /opt/airflow/dags/timeseries_pipeline.py
[2025-09-19T11:37:08.796+0000] {processor.py:183} INFO - Processing /opt/airflow/dags/timeseries_pipeline.py took 0.054 seconds
[2025-09-19T11:37:39.243+0000] {processor.py:161} INFO - Started process (PID=221) to work on /opt/airflow/dags/timeseries_pipeline.py
[2025-09-19T11:37:39.244+0000] {processor.py:830} INFO - Processing file /opt/airflow/dags/timeseries_pipeline.py for tasks to queue
[2025-09-19T11:37:39.245+0000] {logging_mixin.py:188} INFO - [2025-09-19T11:37:39.245+0000] {dagbag.py:545} INFO - Filling up the DagBag from /opt/airflow/dags/timeseries_pipeline.py
[2025-09-19T11:37:39.259+0000] {logging_mixin.py:188} INFO - [2025-09-19T11:37:39.256+0000] {dagbag.py:355} ERROR - Failed to import: /opt/airflow/dags/timeseries_pipeline.py
Traceback (most recent call last):
  File "/home/airflow/.local/lib/python3.12/site-packages/airflow/models/dagbag.py", line 351, in parse
    loader.exec_module(new_module)
  File "<frozen importlib._bootstrap_external>", line 995, in exec_module
  File "<frozen importlib._bootstrap>", line 488, in _call_with_frames_removed
  File "/opt/airflow/dags/timeseries_pipeline.py", line 5, in <module>
    from tasks.check_file_task import check_file_exists
ModuleNotFoundError: No module named 'tasks'
[2025-09-19T11:37:39.260+0000] {processor.py:842} WARNING - No viable dags retrieved from /opt/airflow/dags/timeseries_pipeline.py
[2025-09-19T11:37:39.280+0000] {processor.py:183} INFO - Processing /opt/airflow/dags/timeseries_pipeline.py took 0.040 seconds
[2025-09-19T11:38:09.695+0000] {processor.py:161} INFO - Started process (PID=231) to work on /opt/airflow/dags/timeseries_pipeline.py
[2025-09-19T11:38:09.696+0000] {processor.py:830} INFO - Processing file /opt/airflow/dags/timeseries_pipeline.py for tasks to queue
[2025-09-19T11:38:09.698+0000] {logging_mixin.py:188} INFO - [2025-09-19T11:38:09.698+0000] {dagbag.py:545} INFO - Filling up the DagBag from /opt/airflow/dags/timeseries_pipeline.py
[2025-09-19T11:38:11.005+0000] {logging_mixin.py:188} INFO - [2025-09-19T11:38:10.994+0000] {dagbag.py:355} ERROR - Failed to import: /opt/airflow/dags/timeseries_pipeline.py
Traceback (most recent call last):
  File "/home/airflow/.local/lib/python3.12/site-packages/airflow/models/dagbag.py", line 351, in parse
    loader.exec_module(new_module)
  File "<frozen importlib._bootstrap_external>", line 995, in exec_module
  File "<frozen importlib._bootstrap>", line 488, in _call_with_frames_removed
  File "/opt/airflow/dags/timeseries_pipeline.py", line 8, in <module>
    from tasks.forecast_task import forecast_7days
  File "/opt/airflow/dags/tasks/forecast_task.py", line 2, in <module>
    from prophet import Prophet
ModuleNotFoundError: No module named 'prophet'
[2025-09-19T11:38:11.008+0000] {processor.py:842} WARNING - No viable dags retrieved from /opt/airflow/dags/timeseries_pipeline.py
[2025-09-19T11:38:11.037+0000] {processor.py:183} INFO - Processing /opt/airflow/dags/timeseries_pipeline.py took 1.348 seconds
[2025-09-19T11:38:41.250+0000] {processor.py:161} INFO - Started process (PID=244) to work on /opt/airflow/dags/timeseries_pipeline.py
[2025-09-19T11:38:41.251+0000] {processor.py:830} INFO - Processing file /opt/airflow/dags/timeseries_pipeline.py for tasks to queue
[2025-09-19T11:38:41.256+0000] {logging_mixin.py:188} INFO - [2025-09-19T11:38:41.255+0000] {dagbag.py:545} INFO - Filling up the DagBag from /opt/airflow/dags/timeseries_pipeline.py
[2025-09-19T11:38:41.633+0000] {logging_mixin.py:188} INFO - [2025-09-19T11:38:41.625+0000] {dagbag.py:355} ERROR - Failed to import: /opt/airflow/dags/timeseries_pipeline.py
Traceback (most recent call last):
  File "/home/airflow/.local/lib/python3.12/site-packages/airflow/models/dagbag.py", line 351, in parse
    loader.exec_module(new_module)
  File "<frozen importlib._bootstrap_external>", line 995, in exec_module
  File "<frozen importlib._bootstrap>", line 488, in _call_with_frames_removed
  File "/opt/airflow/dags/timeseries_pipeline.py", line 8, in <module>
    from tasks.forecast_task import forecast_7days
  File "/opt/airflow/dags/tasks/forecast_task.py", line 2, in <module>
    from prophet import Prophet
ModuleNotFoundError: No module named 'prophet'
[2025-09-19T11:38:41.636+0000] {processor.py:842} WARNING - No viable dags retrieved from /opt/airflow/dags/timeseries_pipeline.py
[2025-09-19T11:38:41.658+0000] {processor.py:183} INFO - Processing /opt/airflow/dags/timeseries_pipeline.py took 0.415 seconds
[2025-09-19T11:39:11.749+0000] {processor.py:161} INFO - Started process (PID=255) to work on /opt/airflow/dags/timeseries_pipeline.py
[2025-09-19T11:39:11.750+0000] {processor.py:830} INFO - Processing file /opt/airflow/dags/timeseries_pipeline.py for tasks to queue
[2025-09-19T11:39:11.754+0000] {logging_mixin.py:188} INFO - [2025-09-19T11:39:11.753+0000] {dagbag.py:545} INFO - Filling up the DagBag from /opt/airflow/dags/timeseries_pipeline.py
[2025-09-19T11:39:12.198+0000] {logging_mixin.py:188} INFO - [2025-09-19T11:39:12.191+0000] {dagbag.py:355} ERROR - Failed to import: /opt/airflow/dags/timeseries_pipeline.py
Traceback (most recent call last):
  File "/home/airflow/.local/lib/python3.12/site-packages/airflow/models/dagbag.py", line 351, in parse
    loader.exec_module(new_module)
  File "<frozen importlib._bootstrap_external>", line 995, in exec_module
  File "<frozen importlib._bootstrap>", line 488, in _call_with_frames_removed
  File "/opt/airflow/dags/timeseries_pipeline.py", line 8, in <module>
    from tasks.forecast_task import forecast_7days
  File "/opt/airflow/dags/tasks/forecast_task.py", line 2, in <module>
    from prophet import Prophet
ModuleNotFoundError: No module named 'prophet'
[2025-09-19T11:39:12.200+0000] {processor.py:842} WARNING - No viable dags retrieved from /opt/airflow/dags/timeseries_pipeline.py
[2025-09-19T11:39:12.219+0000] {processor.py:183} INFO - Processing /opt/airflow/dags/timeseries_pipeline.py took 0.476 seconds
[2025-09-19T11:39:42.339+0000] {processor.py:161} INFO - Started process (PID=266) to work on /opt/airflow/dags/timeseries_pipeline.py
[2025-09-19T11:39:42.340+0000] {processor.py:830} INFO - Processing file /opt/airflow/dags/timeseries_pipeline.py for tasks to queue
[2025-09-19T11:39:42.344+0000] {logging_mixin.py:188} INFO - [2025-09-19T11:39:42.344+0000] {dagbag.py:545} INFO - Filling up the DagBag from /opt/airflow/dags/timeseries_pipeline.py
[2025-09-19T11:39:42.899+0000] {logging_mixin.py:188} INFO - [2025-09-19T11:39:42.891+0000] {dagbag.py:355} ERROR - Failed to import: /opt/airflow/dags/timeseries_pipeline.py
Traceback (most recent call last):
  File "/home/airflow/.local/lib/python3.12/site-packages/airflow/models/dagbag.py", line 351, in parse
    loader.exec_module(new_module)
  File "<frozen importlib._bootstrap_external>", line 995, in exec_module
  File "<frozen importlib._bootstrap>", line 488, in _call_with_frames_removed
  File "/opt/airflow/dags/timeseries_pipeline.py", line 8, in <module>
    from tasks.forecast_task import forecast_7days
  File "/opt/airflow/dags/tasks/forecast_task.py", line 2, in <module>
    from prophet import Prophet
ModuleNotFoundError: No module named 'prophet'
[2025-09-19T11:39:42.902+0000] {processor.py:842} WARNING - No viable dags retrieved from /opt/airflow/dags/timeseries_pipeline.py
[2025-09-19T11:39:42.930+0000] {processor.py:183} INFO - Processing /opt/airflow/dags/timeseries_pipeline.py took 0.599 seconds
[2025-09-19T11:40:13.210+0000] {processor.py:161} INFO - Started process (PID=277) to work on /opt/airflow/dags/timeseries_pipeline.py
[2025-09-19T11:40:13.212+0000] {processor.py:830} INFO - Processing file /opt/airflow/dags/timeseries_pipeline.py for tasks to queue
[2025-09-19T11:40:13.215+0000] {logging_mixin.py:188} INFO - [2025-09-19T11:40:13.214+0000] {dagbag.py:545} INFO - Filling up the DagBag from /opt/airflow/dags/timeseries_pipeline.py
[2025-09-19T11:40:13.661+0000] {logging_mixin.py:188} INFO - [2025-09-19T11:40:13.651+0000] {dagbag.py:355} ERROR - Failed to import: /opt/airflow/dags/timeseries_pipeline.py
Traceback (most recent call last):
  File "/home/airflow/.local/lib/python3.12/site-packages/airflow/models/dagbag.py", line 351, in parse
    loader.exec_module(new_module)
  File "<frozen importlib._bootstrap_external>", line 995, in exec_module
  File "<frozen importlib._bootstrap>", line 488, in _call_with_frames_removed
  File "/opt/airflow/dags/timeseries_pipeline.py", line 8, in <module>
    from tasks.forecast_task import forecast_7days
  File "/opt/airflow/dags/tasks/forecast_task.py", line 2, in <module>
    from prophet import Prophet
ModuleNotFoundError: No module named 'prophet'
[2025-09-19T11:40:13.665+0000] {processor.py:842} WARNING - No viable dags retrieved from /opt/airflow/dags/timeseries_pipeline.py
[2025-09-19T11:40:13.723+0000] {processor.py:183} INFO - Processing /opt/airflow/dags/timeseries_pipeline.py took 0.489 seconds
[2025-09-19T11:40:43.966+0000] {processor.py:161} INFO - Started process (PID=288) to work on /opt/airflow/dags/timeseries_pipeline.py
[2025-09-19T11:40:43.968+0000] {processor.py:830} INFO - Processing file /opt/airflow/dags/timeseries_pipeline.py for tasks to queue
[2025-09-19T11:40:43.972+0000] {logging_mixin.py:188} INFO - [2025-09-19T11:40:43.971+0000] {dagbag.py:545} INFO - Filling up the DagBag from /opt/airflow/dags/timeseries_pipeline.py
[2025-09-19T11:40:44.573+0000] {logging_mixin.py:188} INFO - [2025-09-19T11:40:44.557+0000] {dagbag.py:355} ERROR - Failed to import: /opt/airflow/dags/timeseries_pipeline.py
Traceback (most recent call last):
  File "/home/airflow/.local/lib/python3.12/site-packages/airflow/models/dagbag.py", line 351, in parse
    loader.exec_module(new_module)
  File "<frozen importlib._bootstrap_external>", line 995, in exec_module
  File "<frozen importlib._bootstrap>", line 488, in _call_with_frames_removed
  File "/opt/airflow/dags/timeseries_pipeline.py", line 8, in <module>
    from tasks.forecast_task import forecast_7days
  File "/opt/airflow/dags/tasks/forecast_task.py", line 2, in <module>
    from prophet import Prophet
ModuleNotFoundError: No module named 'prophet'
[2025-09-19T11:40:44.578+0000] {processor.py:842} WARNING - No viable dags retrieved from /opt/airflow/dags/timeseries_pipeline.py
[2025-09-19T11:40:44.606+0000] {processor.py:183} INFO - Processing /opt/airflow/dags/timeseries_pipeline.py took 0.650 seconds
[2025-09-19T11:41:15.013+0000] {processor.py:161} INFO - Started process (PID=299) to work on /opt/airflow/dags/timeseries_pipeline.py
[2025-09-19T11:41:15.015+0000] {processor.py:830} INFO - Processing file /opt/airflow/dags/timeseries_pipeline.py for tasks to queue
[2025-09-19T11:41:15.017+0000] {logging_mixin.py:188} INFO - [2025-09-19T11:41:15.016+0000] {dagbag.py:545} INFO - Filling up the DagBag from /opt/airflow/dags/timeseries_pipeline.py
[2025-09-19T11:41:15.433+0000] {logging_mixin.py:188} INFO - [2025-09-19T11:41:15.417+0000] {dagbag.py:355} ERROR - Failed to import: /opt/airflow/dags/timeseries_pipeline.py
Traceback (most recent call last):
  File "/home/airflow/.local/lib/python3.12/site-packages/airflow/models/dagbag.py", line 351, in parse
    loader.exec_module(new_module)
  File "<frozen importlib._bootstrap_external>", line 995, in exec_module
  File "<frozen importlib._bootstrap>", line 488, in _call_with_frames_removed
  File "/opt/airflow/dags/timeseries_pipeline.py", line 8, in <module>
    from tasks.forecast_task import forecast_7days
  File "/opt/airflow/dags/tasks/forecast_task.py", line 2, in <module>
    from prophet import Prophet
ModuleNotFoundError: No module named 'prophet'
[2025-09-19T11:41:15.437+0000] {processor.py:842} WARNING - No viable dags retrieved from /opt/airflow/dags/timeseries_pipeline.py
[2025-09-19T11:41:15.470+0000] {processor.py:183} INFO - Processing /opt/airflow/dags/timeseries_pipeline.py took 0.462 seconds
[2025-09-19T11:41:45.545+0000] {processor.py:161} INFO - Started process (PID=310) to work on /opt/airflow/dags/timeseries_pipeline.py
[2025-09-19T11:41:45.547+0000] {processor.py:830} INFO - Processing file /opt/airflow/dags/timeseries_pipeline.py for tasks to queue
[2025-09-19T11:41:45.549+0000] {logging_mixin.py:188} INFO - [2025-09-19T11:41:45.549+0000] {dagbag.py:545} INFO - Filling up the DagBag from /opt/airflow/dags/timeseries_pipeline.py
[2025-09-19T11:41:46.050+0000] {logging_mixin.py:188} INFO - [2025-09-19T11:41:46.038+0000] {dagbag.py:355} ERROR - Failed to import: /opt/airflow/dags/timeseries_pipeline.py
Traceback (most recent call last):
  File "/home/airflow/.local/lib/python3.12/site-packages/airflow/models/dagbag.py", line 351, in parse
    loader.exec_module(new_module)
  File "<frozen importlib._bootstrap_external>", line 995, in exec_module
  File "<frozen importlib._bootstrap>", line 488, in _call_with_frames_removed
  File "/opt/airflow/dags/timeseries_pipeline.py", line 8, in <module>
    from tasks.forecast_task import forecast_7days
  File "/opt/airflow/dags/tasks/forecast_task.py", line 2, in <module>
    from prophet import Prophet
ModuleNotFoundError: No module named 'prophet'
[2025-09-19T11:41:46.055+0000] {processor.py:842} WARNING - No viable dags retrieved from /opt/airflow/dags/timeseries_pipeline.py
[2025-09-19T11:41:46.080+0000] {processor.py:183} INFO - Processing /opt/airflow/dags/timeseries_pipeline.py took 0.545 seconds
[2025-09-19T11:42:16.151+0000] {processor.py:161} INFO - Started process (PID=321) to work on /opt/airflow/dags/timeseries_pipeline.py
[2025-09-19T11:42:16.152+0000] {processor.py:830} INFO - Processing file /opt/airflow/dags/timeseries_pipeline.py for tasks to queue
[2025-09-19T11:42:16.153+0000] {logging_mixin.py:188} INFO - [2025-09-19T11:42:16.153+0000] {dagbag.py:545} INFO - Filling up the DagBag from /opt/airflow/dags/timeseries_pipeline.py
[2025-09-19T11:42:16.582+0000] {logging_mixin.py:188} INFO - [2025-09-19T11:42:16.574+0000] {dagbag.py:355} ERROR - Failed to import: /opt/airflow/dags/timeseries_pipeline.py
Traceback (most recent call last):
  File "/home/airflow/.local/lib/python3.12/site-packages/airflow/models/dagbag.py", line 351, in parse
    loader.exec_module(new_module)
  File "<frozen importlib._bootstrap_external>", line 995, in exec_module
  File "<frozen importlib._bootstrap>", line 488, in _call_with_frames_removed
  File "/opt/airflow/dags/timeseries_pipeline.py", line 8, in <module>
    from tasks.forecast_task import forecast_7days
  File "/opt/airflow/dags/tasks/forecast_task.py", line 2, in <module>
    from prophet import Prophet
ModuleNotFoundError: No module named 'prophet'
[2025-09-19T11:42:16.587+0000] {processor.py:842} WARNING - No viable dags retrieved from /opt/airflow/dags/timeseries_pipeline.py
[2025-09-19T11:42:16.609+0000] {processor.py:183} INFO - Processing /opt/airflow/dags/timeseries_pipeline.py took 0.463 seconds
[2025-09-19T11:42:46.656+0000] {processor.py:161} INFO - Started process (PID=332) to work on /opt/airflow/dags/timeseries_pipeline.py
[2025-09-19T11:42:46.657+0000] {processor.py:830} INFO - Processing file /opt/airflow/dags/timeseries_pipeline.py for tasks to queue
[2025-09-19T11:42:46.659+0000] {logging_mixin.py:188} INFO - [2025-09-19T11:42:46.659+0000] {dagbag.py:545} INFO - Filling up the DagBag from /opt/airflow/dags/timeseries_pipeline.py
[2025-09-19T11:42:47.043+0000] {logging_mixin.py:188} INFO - [2025-09-19T11:42:47.036+0000] {dagbag.py:355} ERROR - Failed to import: /opt/airflow/dags/timeseries_pipeline.py
Traceback (most recent call last):
  File "/home/airflow/.local/lib/python3.12/site-packages/airflow/models/dagbag.py", line 351, in parse
    loader.exec_module(new_module)
  File "<frozen importlib._bootstrap_external>", line 995, in exec_module
  File "<frozen importlib._bootstrap>", line 488, in _call_with_frames_removed
  File "/opt/airflow/dags/timeseries_pipeline.py", line 8, in <module>
    from tasks.forecast_task import forecast_7days
  File "/opt/airflow/dags/tasks/forecast_task.py", line 2, in <module>
    from prophet import Prophet
ModuleNotFoundError: No module named 'prophet'
[2025-09-19T11:42:47.045+0000] {processor.py:842} WARNING - No viable dags retrieved from /opt/airflow/dags/timeseries_pipeline.py
[2025-09-19T11:42:47.066+0000] {processor.py:183} INFO - Processing /opt/airflow/dags/timeseries_pipeline.py took 0.415 seconds
[2025-09-19T11:43:17.173+0000] {processor.py:161} INFO - Started process (PID=343) to work on /opt/airflow/dags/timeseries_pipeline.py
[2025-09-19T11:43:17.174+0000] {processor.py:830} INFO - Processing file /opt/airflow/dags/timeseries_pipeline.py for tasks to queue
[2025-09-19T11:43:17.176+0000] {logging_mixin.py:188} INFO - [2025-09-19T11:43:17.176+0000] {dagbag.py:545} INFO - Filling up the DagBag from /opt/airflow/dags/timeseries_pipeline.py
[2025-09-19T11:43:17.579+0000] {logging_mixin.py:188} INFO - [2025-09-19T11:43:17.572+0000] {dagbag.py:355} ERROR - Failed to import: /opt/airflow/dags/timeseries_pipeline.py
Traceback (most recent call last):
  File "/home/airflow/.local/lib/python3.12/site-packages/airflow/models/dagbag.py", line 351, in parse
    loader.exec_module(new_module)
  File "<frozen importlib._bootstrap_external>", line 995, in exec_module
  File "<frozen importlib._bootstrap>", line 488, in _call_with_frames_removed
  File "/opt/airflow/dags/timeseries_pipeline.py", line 8, in <module>
    from tasks.forecast_task import forecast_7days
  File "/opt/airflow/dags/tasks/forecast_task.py", line 2, in <module>
    from prophet import Prophet
ModuleNotFoundError: No module named 'prophet'
[2025-09-19T11:43:17.582+0000] {processor.py:842} WARNING - No viable dags retrieved from /opt/airflow/dags/timeseries_pipeline.py
[2025-09-19T11:43:17.605+0000] {processor.py:183} INFO - Processing /opt/airflow/dags/timeseries_pipeline.py took 0.438 seconds
[2025-09-19T11:43:47.829+0000] {processor.py:161} INFO - Started process (PID=354) to work on /opt/airflow/dags/timeseries_pipeline.py
[2025-09-19T11:43:47.831+0000] {processor.py:830} INFO - Processing file /opt/airflow/dags/timeseries_pipeline.py for tasks to queue
[2025-09-19T11:43:47.834+0000] {logging_mixin.py:188} INFO - [2025-09-19T11:43:47.833+0000] {dagbag.py:545} INFO - Filling up the DagBag from /opt/airflow/dags/timeseries_pipeline.py
[2025-09-19T11:43:48.214+0000] {logging_mixin.py:188} INFO - [2025-09-19T11:43:48.207+0000] {dagbag.py:355} ERROR - Failed to import: /opt/airflow/dags/timeseries_pipeline.py
Traceback (most recent call last):
  File "/home/airflow/.local/lib/python3.12/site-packages/airflow/models/dagbag.py", line 351, in parse
    loader.exec_module(new_module)
  File "<frozen importlib._bootstrap_external>", line 995, in exec_module
  File "<frozen importlib._bootstrap>", line 488, in _call_with_frames_removed
  File "/opt/airflow/dags/timeseries_pipeline.py", line 8, in <module>
    from tasks.forecast_task import forecast_7days
  File "/opt/airflow/dags/tasks/forecast_task.py", line 2, in <module>
    from prophet import Prophet
ModuleNotFoundError: No module named 'prophet'
[2025-09-19T11:43:48.215+0000] {processor.py:842} WARNING - No viable dags retrieved from /opt/airflow/dags/timeseries_pipeline.py
[2025-09-19T11:43:48.238+0000] {processor.py:183} INFO - Processing /opt/airflow/dags/timeseries_pipeline.py took 0.418 seconds
[2025-09-19T11:44:18.408+0000] {processor.py:161} INFO - Started process (PID=365) to work on /opt/airflow/dags/timeseries_pipeline.py
[2025-09-19T11:44:18.410+0000] {processor.py:830} INFO - Processing file /opt/airflow/dags/timeseries_pipeline.py for tasks to queue
[2025-09-19T11:44:18.412+0000] {logging_mixin.py:188} INFO - [2025-09-19T11:44:18.412+0000] {dagbag.py:545} INFO - Filling up the DagBag from /opt/airflow/dags/timeseries_pipeline.py
[2025-09-19T11:44:18.802+0000] {logging_mixin.py:188} INFO - [2025-09-19T11:44:18.796+0000] {dagbag.py:355} ERROR - Failed to import: /opt/airflow/dags/timeseries_pipeline.py
Traceback (most recent call last):
  File "/home/airflow/.local/lib/python3.12/site-packages/airflow/models/dagbag.py", line 351, in parse
    loader.exec_module(new_module)
  File "<frozen importlib._bootstrap_external>", line 995, in exec_module
  File "<frozen importlib._bootstrap>", line 488, in _call_with_frames_removed
  File "/opt/airflow/dags/timeseries_pipeline.py", line 8, in <module>
    from tasks.forecast_task import forecast_7days
  File "/opt/airflow/dags/tasks/forecast_task.py", line 2, in <module>
    from prophet import Prophet
ModuleNotFoundError: No module named 'prophet'
[2025-09-19T11:44:18.804+0000] {processor.py:842} WARNING - No viable dags retrieved from /opt/airflow/dags/timeseries_pipeline.py
[2025-09-19T11:44:18.826+0000] {processor.py:183} INFO - Processing /opt/airflow/dags/timeseries_pipeline.py took 0.423 seconds
[2025-09-19T11:44:49.077+0000] {processor.py:161} INFO - Started process (PID=376) to work on /opt/airflow/dags/timeseries_pipeline.py
[2025-09-19T11:44:49.079+0000] {processor.py:830} INFO - Processing file /opt/airflow/dags/timeseries_pipeline.py for tasks to queue
[2025-09-19T11:44:49.082+0000] {logging_mixin.py:188} INFO - [2025-09-19T11:44:49.081+0000] {dagbag.py:545} INFO - Filling up the DagBag from /opt/airflow/dags/timeseries_pipeline.py
[2025-09-19T11:44:49.516+0000] {logging_mixin.py:188} INFO - [2025-09-19T11:44:49.508+0000] {dagbag.py:355} ERROR - Failed to import: /opt/airflow/dags/timeseries_pipeline.py
Traceback (most recent call last):
  File "/home/airflow/.local/lib/python3.12/site-packages/airflow/models/dagbag.py", line 351, in parse
    loader.exec_module(new_module)
  File "<frozen importlib._bootstrap_external>", line 995, in exec_module
  File "<frozen importlib._bootstrap>", line 488, in _call_with_frames_removed
  File "/opt/airflow/dags/timeseries_pipeline.py", line 8, in <module>
    from tasks.forecast_task import forecast_7days
  File "/opt/airflow/dags/tasks/forecast_task.py", line 2, in <module>
    from prophet import Prophet
ModuleNotFoundError: No module named 'prophet'
[2025-09-19T11:44:49.520+0000] {processor.py:842} WARNING - No viable dags retrieved from /opt/airflow/dags/timeseries_pipeline.py
[2025-09-19T11:44:49.550+0000] {processor.py:183} INFO - Processing /opt/airflow/dags/timeseries_pipeline.py took 0.480 seconds
[2025-09-19T11:45:19.651+0000] {processor.py:161} INFO - Started process (PID=387) to work on /opt/airflow/dags/timeseries_pipeline.py
[2025-09-19T11:45:19.652+0000] {processor.py:830} INFO - Processing file /opt/airflow/dags/timeseries_pipeline.py for tasks to queue
[2025-09-19T11:45:19.655+0000] {logging_mixin.py:188} INFO - [2025-09-19T11:45:19.655+0000] {dagbag.py:545} INFO - Filling up the DagBag from /opt/airflow/dags/timeseries_pipeline.py
[2025-09-19T11:45:19.997+0000] {logging_mixin.py:188} INFO - [2025-09-19T11:45:19.988+0000] {dagbag.py:355} ERROR - Failed to import: /opt/airflow/dags/timeseries_pipeline.py
Traceback (most recent call last):
  File "/home/airflow/.local/lib/python3.12/site-packages/airflow/models/dagbag.py", line 351, in parse
    loader.exec_module(new_module)
  File "<frozen importlib._bootstrap_external>", line 995, in exec_module
  File "<frozen importlib._bootstrap>", line 488, in _call_with_frames_removed
  File "/opt/airflow/dags/timeseries_pipeline.py", line 8, in <module>
    from tasks.forecast_task import forecast_7days
  File "/opt/airflow/dags/tasks/forecast_task.py", line 2, in <module>
    from prophet import Prophet
ModuleNotFoundError: No module named 'prophet'
[2025-09-19T11:45:19.999+0000] {processor.py:842} WARNING - No viable dags retrieved from /opt/airflow/dags/timeseries_pipeline.py
[2025-09-19T11:45:20.022+0000] {processor.py:183} INFO - Processing /opt/airflow/dags/timeseries_pipeline.py took 0.376 seconds
[2025-09-19T11:45:50.266+0000] {processor.py:161} INFO - Started process (PID=398) to work on /opt/airflow/dags/timeseries_pipeline.py
[2025-09-19T11:45:50.267+0000] {processor.py:830} INFO - Processing file /opt/airflow/dags/timeseries_pipeline.py for tasks to queue
[2025-09-19T11:45:50.269+0000] {logging_mixin.py:188} INFO - [2025-09-19T11:45:50.269+0000] {dagbag.py:545} INFO - Filling up the DagBag from /opt/airflow/dags/timeseries_pipeline.py
[2025-09-19T11:45:50.695+0000] {logging_mixin.py:188} INFO - [2025-09-19T11:45:50.686+0000] {dagbag.py:355} ERROR - Failed to import: /opt/airflow/dags/timeseries_pipeline.py
Traceback (most recent call last):
  File "/home/airflow/.local/lib/python3.12/site-packages/airflow/models/dagbag.py", line 351, in parse
    loader.exec_module(new_module)
  File "<frozen importlib._bootstrap_external>", line 995, in exec_module
  File "<frozen importlib._bootstrap>", line 488, in _call_with_frames_removed
  File "/opt/airflow/dags/timeseries_pipeline.py", line 8, in <module>
    from tasks.forecast_task import forecast_7days
  File "/opt/airflow/dags/tasks/forecast_task.py", line 2, in <module>
    from prophet import Prophet
ModuleNotFoundError: No module named 'prophet'
[2025-09-19T11:45:50.698+0000] {processor.py:842} WARNING - No viable dags retrieved from /opt/airflow/dags/timeseries_pipeline.py
[2025-09-19T11:45:50.720+0000] {processor.py:183} INFO - Processing /opt/airflow/dags/timeseries_pipeline.py took 0.460 seconds
[2025-09-19T11:46:35.401+0000] {processor.py:161} INFO - Started process (PID=181) to work on /opt/airflow/dags/timeseries_pipeline.py
[2025-09-19T11:46:35.402+0000] {processor.py:830} INFO - Processing file /opt/airflow/dags/timeseries_pipeline.py for tasks to queue
[2025-09-19T11:46:35.404+0000] {logging_mixin.py:188} INFO - [2025-09-19T11:46:35.403+0000] {dagbag.py:545} INFO - Filling up the DagBag from /opt/airflow/dags/timeseries_pipeline.py
[2025-09-19T11:46:36.456+0000] {logging_mixin.py:188} INFO - [2025-09-19T11:46:36.444+0000] {dagbag.py:355} ERROR - Failed to import: /opt/airflow/dags/timeseries_pipeline.py
Traceback (most recent call last):
  File "/home/airflow/.local/lib/python3.12/site-packages/airflow/models/dagbag.py", line 351, in parse
    loader.exec_module(new_module)
  File "<frozen importlib._bootstrap_external>", line 995, in exec_module
  File "<frozen importlib._bootstrap>", line 488, in _call_with_frames_removed
  File "/opt/airflow/dags/timeseries_pipeline.py", line 8, in <module>
    from tasks.forecast_task import forecast_7days
  File "/opt/airflow/dags/tasks/forecast_task.py", line 2, in <module>
    from prophet import Prophet
ModuleNotFoundError: No module named 'prophet'
[2025-09-19T11:46:36.460+0000] {processor.py:842} WARNING - No viable dags retrieved from /opt/airflow/dags/timeseries_pipeline.py
[2025-09-19T11:46:36.481+0000] {processor.py:183} INFO - Processing /opt/airflow/dags/timeseries_pipeline.py took 1.085 seconds
[2025-09-19T11:47:06.809+0000] {processor.py:161} INFO - Started process (PID=194) to work on /opt/airflow/dags/timeseries_pipeline.py
[2025-09-19T11:47:06.810+0000] {processor.py:830} INFO - Processing file /opt/airflow/dags/timeseries_pipeline.py for tasks to queue
[2025-09-19T11:47:06.812+0000] {logging_mixin.py:188} INFO - [2025-09-19T11:47:06.812+0000] {dagbag.py:545} INFO - Filling up the DagBag from /opt/airflow/dags/timeseries_pipeline.py
[2025-09-19T11:47:07.257+0000] {logging_mixin.py:188} INFO - [2025-09-19T11:47:07.247+0000] {dagbag.py:355} ERROR - Failed to import: /opt/airflow/dags/timeseries_pipeline.py
Traceback (most recent call last):
  File "/home/airflow/.local/lib/python3.12/site-packages/airflow/models/dagbag.py", line 351, in parse
    loader.exec_module(new_module)
  File "<frozen importlib._bootstrap_external>", line 995, in exec_module
  File "<frozen importlib._bootstrap>", line 488, in _call_with_frames_removed
  File "/opt/airflow/dags/timeseries_pipeline.py", line 8, in <module>
    from tasks.forecast_task import forecast_7days
  File "/opt/airflow/dags/tasks/forecast_task.py", line 2, in <module>
    from prophet import Prophet
ModuleNotFoundError: No module named 'prophet'
[2025-09-19T11:47:07.260+0000] {processor.py:842} WARNING - No viable dags retrieved from /opt/airflow/dags/timeseries_pipeline.py
[2025-09-19T11:47:07.304+0000] {processor.py:183} INFO - Processing /opt/airflow/dags/timeseries_pipeline.py took 0.501 seconds
[2025-09-19T11:47:37.739+0000] {processor.py:161} INFO - Started process (PID=205) to work on /opt/airflow/dags/timeseries_pipeline.py
[2025-09-19T11:47:37.741+0000] {processor.py:830} INFO - Processing file /opt/airflow/dags/timeseries_pipeline.py for tasks to queue
[2025-09-19T11:47:37.743+0000] {logging_mixin.py:188} INFO - [2025-09-19T11:47:37.743+0000] {dagbag.py:545} INFO - Filling up the DagBag from /opt/airflow/dags/timeseries_pipeline.py
[2025-09-19T11:47:38.161+0000] {logging_mixin.py:188} INFO - [2025-09-19T11:47:38.152+0000] {dagbag.py:355} ERROR - Failed to import: /opt/airflow/dags/timeseries_pipeline.py
Traceback (most recent call last):
  File "/home/airflow/.local/lib/python3.12/site-packages/airflow/models/dagbag.py", line 351, in parse
    loader.exec_module(new_module)
  File "<frozen importlib._bootstrap_external>", line 995, in exec_module
  File "<frozen importlib._bootstrap>", line 488, in _call_with_frames_removed
  File "/opt/airflow/dags/timeseries_pipeline.py", line 8, in <module>
    from tasks.forecast_task import forecast_7days
  File "/opt/airflow/dags/tasks/forecast_task.py", line 2, in <module>
    from prophet import Prophet
ModuleNotFoundError: No module named 'prophet'
[2025-09-19T11:47:38.164+0000] {processor.py:842} WARNING - No viable dags retrieved from /opt/airflow/dags/timeseries_pipeline.py
[2025-09-19T11:47:38.185+0000] {processor.py:183} INFO - Processing /opt/airflow/dags/timeseries_pipeline.py took 0.452 seconds
[2025-09-19T11:48:08.440+0000] {processor.py:161} INFO - Started process (PID=216) to work on /opt/airflow/dags/timeseries_pipeline.py
[2025-09-19T11:48:08.442+0000] {processor.py:830} INFO - Processing file /opt/airflow/dags/timeseries_pipeline.py for tasks to queue
[2025-09-19T11:48:08.445+0000] {logging_mixin.py:188} INFO - [2025-09-19T11:48:08.444+0000] {dagbag.py:545} INFO - Filling up the DagBag from /opt/airflow/dags/timeseries_pipeline.py
[2025-09-19T11:48:08.916+0000] {logging_mixin.py:188} INFO - [2025-09-19T11:48:08.907+0000] {dagbag.py:355} ERROR - Failed to import: /opt/airflow/dags/timeseries_pipeline.py
Traceback (most recent call last):
  File "/home/airflow/.local/lib/python3.12/site-packages/airflow/models/dagbag.py", line 351, in parse
    loader.exec_module(new_module)
  File "<frozen importlib._bootstrap_external>", line 995, in exec_module
  File "<frozen importlib._bootstrap>", line 488, in _call_with_frames_removed
  File "/opt/airflow/dags/timeseries_pipeline.py", line 8, in <module>
    from tasks.forecast_task import forecast_7days
  File "/opt/airflow/dags/tasks/forecast_task.py", line 2, in <module>
    from prophet import Prophet
ModuleNotFoundError: No module named 'prophet'
[2025-09-19T11:48:08.918+0000] {processor.py:842} WARNING - No viable dags retrieved from /opt/airflow/dags/timeseries_pipeline.py
[2025-09-19T11:48:08.948+0000] {processor.py:183} INFO - Processing /opt/airflow/dags/timeseries_pipeline.py took 0.515 seconds
[2025-09-19T11:48:39.027+0000] {processor.py:161} INFO - Started process (PID=227) to work on /opt/airflow/dags/timeseries_pipeline.py
[2025-09-19T11:48:39.029+0000] {processor.py:830} INFO - Processing file /opt/airflow/dags/timeseries_pipeline.py for tasks to queue
[2025-09-19T11:48:39.032+0000] {logging_mixin.py:188} INFO - [2025-09-19T11:48:39.031+0000] {dagbag.py:545} INFO - Filling up the DagBag from /opt/airflow/dags/timeseries_pipeline.py
[2025-09-19T11:48:39.437+0000] {logging_mixin.py:188} INFO - [2025-09-19T11:48:39.428+0000] {dagbag.py:355} ERROR - Failed to import: /opt/airflow/dags/timeseries_pipeline.py
Traceback (most recent call last):
  File "/home/airflow/.local/lib/python3.12/site-packages/airflow/models/dagbag.py", line 351, in parse
    loader.exec_module(new_module)
  File "<frozen importlib._bootstrap_external>", line 995, in exec_module
  File "<frozen importlib._bootstrap>", line 488, in _call_with_frames_removed
  File "/opt/airflow/dags/timeseries_pipeline.py", line 8, in <module>
    from tasks.forecast_task import forecast_7days
  File "/opt/airflow/dags/tasks/forecast_task.py", line 2, in <module>
    from prophet import Prophet
ModuleNotFoundError: No module named 'prophet'
[2025-09-19T11:48:39.439+0000] {processor.py:842} WARNING - No viable dags retrieved from /opt/airflow/dags/timeseries_pipeline.py
[2025-09-19T11:48:39.463+0000] {processor.py:183} INFO - Processing /opt/airflow/dags/timeseries_pipeline.py took 0.443 seconds
[2025-09-19T11:49:09.686+0000] {processor.py:161} INFO - Started process (PID=238) to work on /opt/airflow/dags/timeseries_pipeline.py
[2025-09-19T11:49:09.689+0000] {processor.py:830} INFO - Processing file /opt/airflow/dags/timeseries_pipeline.py for tasks to queue
[2025-09-19T11:49:09.692+0000] {logging_mixin.py:188} INFO - [2025-09-19T11:49:09.691+0000] {dagbag.py:545} INFO - Filling up the DagBag from /opt/airflow/dags/timeseries_pipeline.py
[2025-09-19T11:49:10.204+0000] {logging_mixin.py:188} INFO - [2025-09-19T11:49:10.191+0000] {dagbag.py:355} ERROR - Failed to import: /opt/airflow/dags/timeseries_pipeline.py
Traceback (most recent call last):
  File "/home/airflow/.local/lib/python3.12/site-packages/airflow/models/dagbag.py", line 351, in parse
    loader.exec_module(new_module)
  File "<frozen importlib._bootstrap_external>", line 995, in exec_module
  File "<frozen importlib._bootstrap>", line 488, in _call_with_frames_removed
  File "/opt/airflow/dags/timeseries_pipeline.py", line 8, in <module>
    from tasks.forecast_task import forecast_7days
  File "/opt/airflow/dags/tasks/forecast_task.py", line 2, in <module>
    from prophet import Prophet
ModuleNotFoundError: No module named 'prophet'
[2025-09-19T11:49:10.208+0000] {processor.py:842} WARNING - No viable dags retrieved from /opt/airflow/dags/timeseries_pipeline.py
[2025-09-19T11:49:10.236+0000] {processor.py:183} INFO - Processing /opt/airflow/dags/timeseries_pipeline.py took 0.559 seconds
[2025-09-19T11:49:40.779+0000] {processor.py:161} INFO - Started process (PID=249) to work on /opt/airflow/dags/timeseries_pipeline.py
[2025-09-19T11:49:40.780+0000] {processor.py:830} INFO - Processing file /opt/airflow/dags/timeseries_pipeline.py for tasks to queue
[2025-09-19T11:49:40.785+0000] {logging_mixin.py:188} INFO - [2025-09-19T11:49:40.784+0000] {dagbag.py:545} INFO - Filling up the DagBag from /opt/airflow/dags/timeseries_pipeline.py
[2025-09-19T11:49:41.216+0000] {logging_mixin.py:188} INFO - [2025-09-19T11:49:41.207+0000] {dagbag.py:355} ERROR - Failed to import: /opt/airflow/dags/timeseries_pipeline.py
Traceback (most recent call last):
  File "/home/airflow/.local/lib/python3.12/site-packages/airflow/models/dagbag.py", line 351, in parse
    loader.exec_module(new_module)
  File "<frozen importlib._bootstrap_external>", line 995, in exec_module
  File "<frozen importlib._bootstrap>", line 488, in _call_with_frames_removed
  File "/opt/airflow/dags/timeseries_pipeline.py", line 8, in <module>
    from tasks.forecast_task import forecast_7days
  File "/opt/airflow/dags/tasks/forecast_task.py", line 2, in <module>
    from prophet import Prophet
ModuleNotFoundError: No module named 'prophet'
[2025-09-19T11:49:41.219+0000] {processor.py:842} WARNING - No viable dags retrieved from /opt/airflow/dags/timeseries_pipeline.py
[2025-09-19T11:49:41.244+0000] {processor.py:183} INFO - Processing /opt/airflow/dags/timeseries_pipeline.py took 0.476 seconds
[2025-09-19T11:50:11.309+0000] {processor.py:161} INFO - Started process (PID=260) to work on /opt/airflow/dags/timeseries_pipeline.py
[2025-09-19T11:50:11.310+0000] {processor.py:830} INFO - Processing file /opt/airflow/dags/timeseries_pipeline.py for tasks to queue
[2025-09-19T11:50:11.312+0000] {logging_mixin.py:188} INFO - [2025-09-19T11:50:11.312+0000] {dagbag.py:545} INFO - Filling up the DagBag from /opt/airflow/dags/timeseries_pipeline.py
[2025-09-19T11:50:11.718+0000] {logging_mixin.py:188} INFO - [2025-09-19T11:50:11.705+0000] {dagbag.py:355} ERROR - Failed to import: /opt/airflow/dags/timeseries_pipeline.py
Traceback (most recent call last):
  File "/home/airflow/.local/lib/python3.12/site-packages/airflow/models/dagbag.py", line 351, in parse
    loader.exec_module(new_module)
  File "<frozen importlib._bootstrap_external>", line 995, in exec_module
  File "<frozen importlib._bootstrap>", line 488, in _call_with_frames_removed
  File "/opt/airflow/dags/timeseries_pipeline.py", line 8, in <module>
    from tasks.forecast_task import forecast_7days
  File "/opt/airflow/dags/tasks/forecast_task.py", line 2, in <module>
    from prophet import Prophet
ModuleNotFoundError: No module named 'prophet'
[2025-09-19T11:50:11.723+0000] {processor.py:842} WARNING - No viable dags retrieved from /opt/airflow/dags/timeseries_pipeline.py
[2025-09-19T11:50:11.746+0000] {processor.py:183} INFO - Processing /opt/airflow/dags/timeseries_pipeline.py took 0.444 seconds
[2025-09-19T11:50:42.319+0000] {processor.py:161} INFO - Started process (PID=271) to work on /opt/airflow/dags/timeseries_pipeline.py
[2025-09-19T11:50:42.321+0000] {processor.py:830} INFO - Processing file /opt/airflow/dags/timeseries_pipeline.py for tasks to queue
[2025-09-19T11:50:42.324+0000] {logging_mixin.py:188} INFO - [2025-09-19T11:50:42.323+0000] {dagbag.py:545} INFO - Filling up the DagBag from /opt/airflow/dags/timeseries_pipeline.py
[2025-09-19T11:50:42.861+0000] {logging_mixin.py:188} INFO - [2025-09-19T11:50:42.843+0000] {dagbag.py:355} ERROR - Failed to import: /opt/airflow/dags/timeseries_pipeline.py
Traceback (most recent call last):
  File "/home/airflow/.local/lib/python3.12/site-packages/airflow/models/dagbag.py", line 351, in parse
    loader.exec_module(new_module)
  File "<frozen importlib._bootstrap_external>", line 995, in exec_module
  File "<frozen importlib._bootstrap>", line 488, in _call_with_frames_removed
  File "/opt/airflow/dags/timeseries_pipeline.py", line 8, in <module>
    from tasks.forecast_task import forecast_7days
  File "/opt/airflow/dags/tasks/forecast_task.py", line 2, in <module>
    from prophet import Prophet
ModuleNotFoundError: No module named 'prophet'
[2025-09-19T11:50:42.864+0000] {processor.py:842} WARNING - No viable dags retrieved from /opt/airflow/dags/timeseries_pipeline.py
[2025-09-19T11:50:42.900+0000] {processor.py:183} INFO - Processing /opt/airflow/dags/timeseries_pipeline.py took 0.591 seconds
[2025-09-19T11:59:35.504+0000] {processor.py:161} INFO - Started process (PID=181) to work on /opt/airflow/dags/timeseries_pipeline.py
[2025-09-19T11:59:35.505+0000] {processor.py:830} INFO - Processing file /opt/airflow/dags/timeseries_pipeline.py for tasks to queue
[2025-09-19T11:59:35.507+0000] {logging_mixin.py:188} INFO - [2025-09-19T11:59:35.507+0000] {dagbag.py:545} INFO - Filling up the DagBag from /opt/airflow/dags/timeseries_pipeline.py
[2025-09-19T11:59:37.777+0000] {logging_mixin.py:188} INFO - [2025-09-19T11:59:37.777+0000] {font_manager.py:1639} INFO - generated new fontManager
[2025-09-19T11:59:38.047+0000] {logging_mixin.py:188} INFO - [2025-09-19T11:59:38.047+0000] {plot.py:40} ERROR - Importing plotly failed. Interactive plots will not work.
[2025-09-19T11:59:38.069+0000] {processor.py:840} INFO - DAG(s) 'timeseries_pipeline' retrieved from /opt/airflow/dags/timeseries_pipeline.py
[2025-09-19T11:59:38.098+0000] {logging_mixin.py:188} INFO - [2025-09-19T11:59:38.095+0000] {dag.py:3096} INFO - Sync 1 DAGs
[2025-09-19T11:59:38.123+0000] {logging_mixin.py:188} INFO - [2025-09-19T11:59:38.122+0000] {dag.py:3954} INFO - Setting next_dagrun for timeseries_pipeline to 2025-09-18 00:00:00+00:00, run_after=2025-09-19 00:00:00+00:00
[2025-09-19T11:59:38.147+0000] {processor.py:183} INFO - Processing /opt/airflow/dags/timeseries_pipeline.py took 2.648 seconds
[2025-09-19T12:00:08.558+0000] {processor.py:161} INFO - Started process (PID=197) to work on /opt/airflow/dags/timeseries_pipeline.py
[2025-09-19T12:00:08.559+0000] {processor.py:830} INFO - Processing file /opt/airflow/dags/timeseries_pipeline.py for tasks to queue
[2025-09-19T12:00:08.561+0000] {logging_mixin.py:188} INFO - [2025-09-19T12:00:08.560+0000] {dagbag.py:545} INFO - Filling up the DagBag from /opt/airflow/dags/timeseries_pipeline.py
[2025-09-19T12:00:09.988+0000] {logging_mixin.py:188} INFO - [2025-09-19T12:00:09.987+0000] {plot.py:40} ERROR - Importing plotly failed. Interactive plots will not work.
[2025-09-19T12:00:10.003+0000] {processor.py:840} INFO - DAG(s) 'timeseries_pipeline' retrieved from /opt/airflow/dags/timeseries_pipeline.py
[2025-09-19T12:00:10.135+0000] {logging_mixin.py:188} INFO - [2025-09-19T12:00:10.135+0000] {dag.py:3096} INFO - Sync 1 DAGs
[2025-09-19T12:00:10.151+0000] {logging_mixin.py:188} INFO - [2025-09-19T12:00:10.150+0000] {dag.py:3954} INFO - Setting next_dagrun for timeseries_pipeline to 2025-09-18 00:00:00+00:00, run_after=2025-09-19 00:00:00+00:00
[2025-09-19T12:00:10.174+0000] {processor.py:183} INFO - Processing /opt/airflow/dags/timeseries_pipeline.py took 1.621 seconds
[2025-09-19T12:00:40.705+0000] {processor.py:161} INFO - Started process (PID=209) to work on /opt/airflow/dags/timeseries_pipeline.py
[2025-09-19T12:00:40.706+0000] {processor.py:830} INFO - Processing file /opt/airflow/dags/timeseries_pipeline.py for tasks to queue
[2025-09-19T12:00:40.708+0000] {logging_mixin.py:188} INFO - [2025-09-19T12:00:40.708+0000] {dagbag.py:545} INFO - Filling up the DagBag from /opt/airflow/dags/timeseries_pipeline.py
[2025-09-19T12:00:41.712+0000] {logging_mixin.py:188} INFO - [2025-09-19T12:00:41.712+0000] {plot.py:40} ERROR - Importing plotly failed. Interactive plots will not work.
[2025-09-19T12:00:41.724+0000] {processor.py:840} INFO - DAG(s) 'timeseries_pipeline' retrieved from /opt/airflow/dags/timeseries_pipeline.py
[2025-09-19T12:00:41.747+0000] {logging_mixin.py:188} INFO - [2025-09-19T12:00:41.747+0000] {dag.py:3096} INFO - Sync 1 DAGs
[2025-09-19T12:00:41.761+0000] {logging_mixin.py:188} INFO - [2025-09-19T12:00:41.761+0000] {dag.py:3954} INFO - Setting next_dagrun for timeseries_pipeline to 2025-09-18 00:00:00+00:00, run_after=2025-09-19 00:00:00+00:00
[2025-09-19T12:00:41.777+0000] {processor.py:183} INFO - Processing /opt/airflow/dags/timeseries_pipeline.py took 1.076 seconds
[2025-09-19T12:01:12.225+0000] {processor.py:161} INFO - Started process (PID=221) to work on /opt/airflow/dags/timeseries_pipeline.py
[2025-09-19T12:01:12.226+0000] {processor.py:830} INFO - Processing file /opt/airflow/dags/timeseries_pipeline.py for tasks to queue
[2025-09-19T12:01:12.228+0000] {logging_mixin.py:188} INFO - [2025-09-19T12:01:12.228+0000] {dagbag.py:545} INFO - Filling up the DagBag from /opt/airflow/dags/timeseries_pipeline.py
[2025-09-19T12:01:13.259+0000] {logging_mixin.py:188} INFO - [2025-09-19T12:01:13.259+0000] {plot.py:40} ERROR - Importing plotly failed. Interactive plots will not work.
[2025-09-19T12:01:13.292+0000] {processor.py:840} INFO - DAG(s) 'timeseries_pipeline' retrieved from /opt/airflow/dags/timeseries_pipeline.py
[2025-09-19T12:01:13.314+0000] {logging_mixin.py:188} INFO - [2025-09-19T12:01:13.314+0000] {dag.py:3096} INFO - Sync 1 DAGs
[2025-09-19T12:01:13.338+0000] {logging_mixin.py:188} INFO - [2025-09-19T12:01:13.338+0000] {dag.py:3954} INFO - Setting next_dagrun for timeseries_pipeline to 2025-09-18 00:00:00+00:00, run_after=2025-09-19 00:00:00+00:00
[2025-09-19T12:01:13.359+0000] {processor.py:183} INFO - Processing /opt/airflow/dags/timeseries_pipeline.py took 1.144 seconds
[2025-09-19T12:01:43.852+0000] {processor.py:161} INFO - Started process (PID=233) to work on /opt/airflow/dags/timeseries_pipeline.py
[2025-09-19T12:01:43.854+0000] {processor.py:830} INFO - Processing file /opt/airflow/dags/timeseries_pipeline.py for tasks to queue
[2025-09-19T12:01:43.857+0000] {logging_mixin.py:188} INFO - [2025-09-19T12:01:43.856+0000] {dagbag.py:545} INFO - Filling up the DagBag from /opt/airflow/dags/timeseries_pipeline.py
[2025-09-19T12:01:44.985+0000] {logging_mixin.py:188} INFO - [2025-09-19T12:01:44.985+0000] {plot.py:40} ERROR - Importing plotly failed. Interactive plots will not work.
[2025-09-19T12:01:45.006+0000] {processor.py:840} INFO - DAG(s) 'timeseries_pipeline' retrieved from /opt/airflow/dags/timeseries_pipeline.py
[2025-09-19T12:01:45.038+0000] {logging_mixin.py:188} INFO - [2025-09-19T12:01:45.037+0000] {dag.py:3096} INFO - Sync 1 DAGs
[2025-09-19T12:01:45.066+0000] {logging_mixin.py:188} INFO - [2025-09-19T12:01:45.065+0000] {dag.py:3954} INFO - Setting next_dagrun for timeseries_pipeline to 2025-09-18 00:00:00+00:00, run_after=2025-09-19 00:00:00+00:00
[2025-09-19T12:01:45.085+0000] {processor.py:183} INFO - Processing /opt/airflow/dags/timeseries_pipeline.py took 1.244 seconds
[2025-09-19T12:02:15.573+0000] {processor.py:161} INFO - Started process (PID=245) to work on /opt/airflow/dags/timeseries_pipeline.py
[2025-09-19T12:02:15.575+0000] {processor.py:830} INFO - Processing file /opt/airflow/dags/timeseries_pipeline.py for tasks to queue
[2025-09-19T12:02:15.578+0000] {logging_mixin.py:188} INFO - [2025-09-19T12:02:15.578+0000] {dagbag.py:545} INFO - Filling up the DagBag from /opt/airflow/dags/timeseries_pipeline.py
[2025-09-19T12:02:16.683+0000] {logging_mixin.py:188} INFO - [2025-09-19T12:02:16.683+0000] {plot.py:40} ERROR - Importing plotly failed. Interactive plots will not work.
[2025-09-19T12:02:16.699+0000] {processor.py:840} INFO - DAG(s) 'timeseries_pipeline' retrieved from /opt/airflow/dags/timeseries_pipeline.py
[2025-09-19T12:02:16.725+0000] {logging_mixin.py:188} INFO - [2025-09-19T12:02:16.724+0000] {dag.py:3096} INFO - Sync 1 DAGs
[2025-09-19T12:02:16.749+0000] {logging_mixin.py:188} INFO - [2025-09-19T12:02:16.749+0000] {dag.py:3954} INFO - Setting next_dagrun for timeseries_pipeline to 2025-09-18 00:00:00+00:00, run_after=2025-09-19 00:00:00+00:00
[2025-09-19T12:02:16.769+0000] {processor.py:183} INFO - Processing /opt/airflow/dags/timeseries_pipeline.py took 1.168 seconds
[2025-09-19T12:02:47.333+0000] {processor.py:161} INFO - Started process (PID=257) to work on /opt/airflow/dags/timeseries_pipeline.py
[2025-09-19T12:02:47.338+0000] {processor.py:830} INFO - Processing file /opt/airflow/dags/timeseries_pipeline.py for tasks to queue
[2025-09-19T12:02:47.346+0000] {logging_mixin.py:188} INFO - [2025-09-19T12:02:47.346+0000] {dagbag.py:545} INFO - Filling up the DagBag from /opt/airflow/dags/timeseries_pipeline.py
[2025-09-19T12:02:48.609+0000] {logging_mixin.py:188} INFO - [2025-09-19T12:02:48.608+0000] {plot.py:40} ERROR - Importing plotly failed. Interactive plots will not work.
[2025-09-19T12:02:48.630+0000] {processor.py:840} INFO - DAG(s) 'timeseries_pipeline' retrieved from /opt/airflow/dags/timeseries_pipeline.py
[2025-09-19T12:02:48.654+0000] {logging_mixin.py:188} INFO - [2025-09-19T12:02:48.652+0000] {dag.py:3096} INFO - Sync 1 DAGs
[2025-09-19T12:02:48.672+0000] {logging_mixin.py:188} INFO - [2025-09-19T12:02:48.672+0000] {dag.py:3954} INFO - Setting next_dagrun for timeseries_pipeline to 2025-09-18 00:00:00+00:00, run_after=2025-09-19 00:00:00+00:00
[2025-09-19T12:02:48.694+0000] {processor.py:183} INFO - Processing /opt/airflow/dags/timeseries_pipeline.py took 1.370 seconds
[2025-09-19T12:03:18.939+0000] {processor.py:161} INFO - Started process (PID=269) to work on /opt/airflow/dags/timeseries_pipeline.py
[2025-09-19T12:03:18.940+0000] {processor.py:830} INFO - Processing file /opt/airflow/dags/timeseries_pipeline.py for tasks to queue
[2025-09-19T12:03:18.944+0000] {logging_mixin.py:188} INFO - [2025-09-19T12:03:18.943+0000] {dagbag.py:545} INFO - Filling up the DagBag from /opt/airflow/dags/timeseries_pipeline.py
[2025-09-19T12:03:19.941+0000] {logging_mixin.py:188} INFO - [2025-09-19T12:03:19.940+0000] {plot.py:40} ERROR - Importing plotly failed. Interactive plots will not work.
[2025-09-19T12:03:19.957+0000] {processor.py:840} INFO - DAG(s) 'timeseries_pipeline' retrieved from /opt/airflow/dags/timeseries_pipeline.py
[2025-09-19T12:03:19.982+0000] {logging_mixin.py:188} INFO - [2025-09-19T12:03:19.982+0000] {dag.py:3096} INFO - Sync 1 DAGs
[2025-09-19T12:03:20.004+0000] {logging_mixin.py:188} INFO - [2025-09-19T12:03:20.004+0000] {dag.py:3954} INFO - Setting next_dagrun for timeseries_pipeline to 2025-09-18 00:00:00+00:00, run_after=2025-09-19 00:00:00+00:00
[2025-09-19T12:03:20.027+0000] {processor.py:183} INFO - Processing /opt/airflow/dags/timeseries_pipeline.py took 1.095 seconds
[2025-09-19T12:03:50.563+0000] {processor.py:161} INFO - Started process (PID=281) to work on /opt/airflow/dags/timeseries_pipeline.py
[2025-09-19T12:03:50.566+0000] {processor.py:830} INFO - Processing file /opt/airflow/dags/timeseries_pipeline.py for tasks to queue
[2025-09-19T12:03:50.569+0000] {logging_mixin.py:188} INFO - [2025-09-19T12:03:50.569+0000] {dagbag.py:545} INFO - Filling up the DagBag from /opt/airflow/dags/timeseries_pipeline.py
[2025-09-19T12:03:51.752+0000] {logging_mixin.py:188} INFO - [2025-09-19T12:03:51.752+0000] {plot.py:40} ERROR - Importing plotly failed. Interactive plots will not work.
[2025-09-19T12:03:51.820+0000] {processor.py:840} INFO - DAG(s) 'timeseries_pipeline' retrieved from /opt/airflow/dags/timeseries_pipeline.py
[2025-09-19T12:03:51.850+0000] {logging_mixin.py:188} INFO - [2025-09-19T12:03:51.850+0000] {dag.py:3096} INFO - Sync 1 DAGs
[2025-09-19T12:03:51.883+0000] {logging_mixin.py:188} INFO - [2025-09-19T12:03:51.883+0000] {dag.py:3954} INFO - Setting next_dagrun for timeseries_pipeline to 2025-09-18 00:00:00+00:00, run_after=2025-09-19 00:00:00+00:00
[2025-09-19T12:03:51.914+0000] {processor.py:183} INFO - Processing /opt/airflow/dags/timeseries_pipeline.py took 1.358 seconds
[2025-09-19T12:04:42.421+0000] {processor.py:161} INFO - Started process (PID=181) to work on /opt/airflow/dags/timeseries_pipeline.py
[2025-09-19T12:04:42.423+0000] {processor.py:830} INFO - Processing file /opt/airflow/dags/timeseries_pipeline.py for tasks to queue
[2025-09-19T12:04:42.425+0000] {logging_mixin.py:188} INFO - [2025-09-19T12:04:42.425+0000] {dagbag.py:545} INFO - Filling up the DagBag from /opt/airflow/dags/timeseries_pipeline.py
[2025-09-19T12:04:44.046+0000] {logging_mixin.py:188} INFO - [2025-09-19T12:04:44.046+0000] {font_manager.py:1639} INFO - generated new fontManager
[2025-09-19T12:04:44.363+0000] {processor.py:840} INFO - DAG(s) 'timeseries_pipeline' retrieved from /opt/airflow/dags/timeseries_pipeline.py
[2025-09-19T12:04:44.383+0000] {logging_mixin.py:188} INFO - [2025-09-19T12:04:44.383+0000] {dag.py:3096} INFO - Sync 1 DAGs
[2025-09-19T12:04:44.403+0000] {logging_mixin.py:188} INFO - [2025-09-19T12:04:44.402+0000] {dag.py:3954} INFO - Setting next_dagrun for timeseries_pipeline to 2025-09-18 00:00:00+00:00, run_after=2025-09-19 00:00:00+00:00
[2025-09-19T12:04:44.422+0000] {processor.py:183} INFO - Processing /opt/airflow/dags/timeseries_pipeline.py took 2.008 seconds
[2025-09-19T12:05:14.538+0000] {processor.py:161} INFO - Started process (PID=197) to work on /opt/airflow/dags/timeseries_pipeline.py
[2025-09-19T12:05:14.540+0000] {processor.py:830} INFO - Processing file /opt/airflow/dags/timeseries_pipeline.py for tasks to queue
[2025-09-19T12:05:14.544+0000] {logging_mixin.py:188} INFO - [2025-09-19T12:05:14.543+0000] {dagbag.py:545} INFO - Filling up the DagBag from /opt/airflow/dags/timeseries_pipeline.py
[2025-09-19T12:05:16.712+0000] {processor.py:840} INFO - DAG(s) 'timeseries_pipeline' retrieved from /opt/airflow/dags/timeseries_pipeline.py
[2025-09-19T12:05:16.926+0000] {logging_mixin.py:188} INFO - [2025-09-19T12:05:16.925+0000] {dag.py:3096} INFO - Sync 1 DAGs
[2025-09-19T12:05:17.049+0000] {logging_mixin.py:188} INFO - [2025-09-19T12:05:17.048+0000] {dag.py:3954} INFO - Setting next_dagrun for timeseries_pipeline to 2025-09-18 00:00:00+00:00, run_after=2025-09-19 00:00:00+00:00
[2025-09-19T12:05:17.091+0000] {processor.py:183} INFO - Processing /opt/airflow/dags/timeseries_pipeline.py took 2.490 seconds
[2025-09-19T12:05:47.603+0000] {processor.py:161} INFO - Started process (PID=209) to work on /opt/airflow/dags/timeseries_pipeline.py
[2025-09-19T12:05:47.606+0000] {processor.py:830} INFO - Processing file /opt/airflow/dags/timeseries_pipeline.py for tasks to queue
[2025-09-19T12:05:47.612+0000] {logging_mixin.py:188} INFO - [2025-09-19T12:05:47.611+0000] {dagbag.py:545} INFO - Filling up the DagBag from /opt/airflow/dags/timeseries_pipeline.py
[2025-09-19T12:05:49.074+0000] {processor.py:840} INFO - DAG(s) 'timeseries_pipeline' retrieved from /opt/airflow/dags/timeseries_pipeline.py
[2025-09-19T12:05:49.104+0000] {logging_mixin.py:188} INFO - [2025-09-19T12:05:49.104+0000] {dag.py:3096} INFO - Sync 1 DAGs
[2025-09-19T12:05:49.130+0000] {logging_mixin.py:188} INFO - [2025-09-19T12:05:49.129+0000] {dag.py:3954} INFO - Setting next_dagrun for timeseries_pipeline to 2025-09-18 00:00:00+00:00, run_after=2025-09-19 00:00:00+00:00
[2025-09-19T12:05:49.148+0000] {processor.py:183} INFO - Processing /opt/airflow/dags/timeseries_pipeline.py took 1.557 seconds
[2025-09-19T12:06:19.483+0000] {processor.py:161} INFO - Started process (PID=225) to work on /opt/airflow/dags/timeseries_pipeline.py
[2025-09-19T12:06:19.490+0000] {processor.py:830} INFO - Processing file /opt/airflow/dags/timeseries_pipeline.py for tasks to queue
[2025-09-19T12:06:19.504+0000] {logging_mixin.py:188} INFO - [2025-09-19T12:06:19.502+0000] {dagbag.py:545} INFO - Filling up the DagBag from /opt/airflow/dags/timeseries_pipeline.py
[2025-09-19T12:06:22.071+0000] {processor.py:840} INFO - DAG(s) 'timeseries_pipeline' retrieved from /opt/airflow/dags/timeseries_pipeline.py
[2025-09-19T12:06:22.134+0000] {logging_mixin.py:188} INFO - [2025-09-19T12:06:22.134+0000] {dag.py:3096} INFO - Sync 1 DAGs
[2025-09-19T12:06:22.185+0000] {logging_mixin.py:188} INFO - [2025-09-19T12:06:22.184+0000] {dag.py:3954} INFO - Setting next_dagrun for timeseries_pipeline to 2025-09-19 00:00:00+00:00, run_after=2025-09-20 00:00:00+00:00
[2025-09-19T12:06:22.217+0000] {processor.py:183} INFO - Processing /opt/airflow/dags/timeseries_pipeline.py took 2.783 seconds
[2025-09-19T12:06:52.782+0000] {processor.py:161} INFO - Started process (PID=237) to work on /opt/airflow/dags/timeseries_pipeline.py
[2025-09-19T12:06:52.784+0000] {processor.py:830} INFO - Processing file /opt/airflow/dags/timeseries_pipeline.py for tasks to queue
[2025-09-19T12:06:52.788+0000] {logging_mixin.py:188} INFO - [2025-09-19T12:06:52.787+0000] {dagbag.py:545} INFO - Filling up the DagBag from /opt/airflow/dags/timeseries_pipeline.py
[2025-09-19T12:06:54.479+0000] {processor.py:840} INFO - DAG(s) 'timeseries_pipeline' retrieved from /opt/airflow/dags/timeseries_pipeline.py
[2025-09-19T12:06:54.512+0000] {logging_mixin.py:188} INFO - [2025-09-19T12:06:54.511+0000] {dag.py:3096} INFO - Sync 1 DAGs
[2025-09-19T12:06:54.533+0000] {logging_mixin.py:188} INFO - [2025-09-19T12:06:54.533+0000] {dag.py:3954} INFO - Setting next_dagrun for timeseries_pipeline to 2025-09-19 00:00:00+00:00, run_after=2025-09-20 00:00:00+00:00
[2025-09-19T12:06:54.556+0000] {processor.py:183} INFO - Processing /opt/airflow/dags/timeseries_pipeline.py took 1.786 seconds
[2025-09-19T12:07:25.299+0000] {processor.py:161} INFO - Started process (PID=249) to work on /opt/airflow/dags/timeseries_pipeline.py
[2025-09-19T12:07:25.301+0000] {processor.py:830} INFO - Processing file /opt/airflow/dags/timeseries_pipeline.py for tasks to queue
[2025-09-19T12:07:25.305+0000] {logging_mixin.py:188} INFO - [2025-09-19T12:07:25.304+0000] {dagbag.py:545} INFO - Filling up the DagBag from /opt/airflow/dags/timeseries_pipeline.py
[2025-09-19T12:07:27.032+0000] {processor.py:840} INFO - DAG(s) 'timeseries_pipeline' retrieved from /opt/airflow/dags/timeseries_pipeline.py
[2025-09-19T12:07:27.083+0000] {logging_mixin.py:188} INFO - [2025-09-19T12:07:27.082+0000] {dag.py:3096} INFO - Sync 1 DAGs
[2025-09-19T12:07:27.121+0000] {logging_mixin.py:188} INFO - [2025-09-19T12:07:27.121+0000] {dag.py:3954} INFO - Setting next_dagrun for timeseries_pipeline to 2025-09-19 00:00:00+00:00, run_after=2025-09-20 00:00:00+00:00
[2025-09-19T12:07:27.152+0000] {processor.py:183} INFO - Processing /opt/airflow/dags/timeseries_pipeline.py took 1.864 seconds
[2025-09-19T12:07:57.717+0000] {processor.py:161} INFO - Started process (PID=261) to work on /opt/airflow/dags/timeseries_pipeline.py
[2025-09-19T12:07:57.720+0000] {processor.py:830} INFO - Processing file /opt/airflow/dags/timeseries_pipeline.py for tasks to queue
[2025-09-19T12:07:57.724+0000] {logging_mixin.py:188} INFO - [2025-09-19T12:07:57.723+0000] {dagbag.py:545} INFO - Filling up the DagBag from /opt/airflow/dags/timeseries_pipeline.py
[2025-09-19T12:07:59.383+0000] {processor.py:840} INFO - DAG(s) 'timeseries_pipeline' retrieved from /opt/airflow/dags/timeseries_pipeline.py
[2025-09-19T12:07:59.430+0000] {logging_mixin.py:188} INFO - [2025-09-19T12:07:59.429+0000] {dag.py:3096} INFO - Sync 1 DAGs
[2025-09-19T12:07:59.482+0000] {logging_mixin.py:188} INFO - [2025-09-19T12:07:59.482+0000] {dag.py:3954} INFO - Setting next_dagrun for timeseries_pipeline to 2025-09-19 00:00:00+00:00, run_after=2025-09-20 00:00:00+00:00
[2025-09-19T12:07:59.521+0000] {processor.py:183} INFO - Processing /opt/airflow/dags/timeseries_pipeline.py took 1.817 seconds
[2025-09-19T12:08:30.118+0000] {processor.py:161} INFO - Started process (PID=277) to work on /opt/airflow/dags/timeseries_pipeline.py
[2025-09-19T12:08:30.120+0000] {processor.py:830} INFO - Processing file /opt/airflow/dags/timeseries_pipeline.py for tasks to queue
[2025-09-19T12:08:30.123+0000] {logging_mixin.py:188} INFO - [2025-09-19T12:08:30.123+0000] {dagbag.py:545} INFO - Filling up the DagBag from /opt/airflow/dags/timeseries_pipeline.py
[2025-09-19T12:08:31.559+0000] {processor.py:840} INFO - DAG(s) 'timeseries_pipeline' retrieved from /opt/airflow/dags/timeseries_pipeline.py
[2025-09-19T12:08:31.592+0000] {logging_mixin.py:188} INFO - [2025-09-19T12:08:31.591+0000] {dag.py:3096} INFO - Sync 1 DAGs
[2025-09-19T12:08:31.626+0000] {logging_mixin.py:188} INFO - [2025-09-19T12:08:31.626+0000] {dag.py:3954} INFO - Setting next_dagrun for timeseries_pipeline to 2025-09-19 00:00:00+00:00, run_after=2025-09-20 00:00:00+00:00
[2025-09-19T12:08:31.661+0000] {processor.py:183} INFO - Processing /opt/airflow/dags/timeseries_pipeline.py took 1.553 seconds
[2025-09-19T12:09:01.920+0000] {processor.py:161} INFO - Started process (PID=293) to work on /opt/airflow/dags/timeseries_pipeline.py
[2025-09-19T12:09:01.922+0000] {processor.py:830} INFO - Processing file /opt/airflow/dags/timeseries_pipeline.py for tasks to queue
[2025-09-19T12:09:01.927+0000] {logging_mixin.py:188} INFO - [2025-09-19T12:09:01.926+0000] {dagbag.py:545} INFO - Filling up the DagBag from /opt/airflow/dags/timeseries_pipeline.py
[2025-09-19T12:09:03.496+0000] {processor.py:840} INFO - DAG(s) 'timeseries_pipeline' retrieved from /opt/airflow/dags/timeseries_pipeline.py
[2025-09-19T12:09:03.522+0000] {logging_mixin.py:188} INFO - [2025-09-19T12:09:03.521+0000] {dag.py:3096} INFO - Sync 1 DAGs
[2025-09-19T12:09:03.544+0000] {logging_mixin.py:188} INFO - [2025-09-19T12:09:03.544+0000] {dag.py:3954} INFO - Setting next_dagrun for timeseries_pipeline to 2025-09-19 00:00:00+00:00, run_after=2025-09-20 00:00:00+00:00
[2025-09-19T12:09:03.574+0000] {processor.py:183} INFO - Processing /opt/airflow/dags/timeseries_pipeline.py took 1.667 seconds
[2025-09-19T12:09:33.735+0000] {processor.py:161} INFO - Started process (PID=305) to work on /opt/airflow/dags/timeseries_pipeline.py
[2025-09-19T12:09:33.737+0000] {processor.py:830} INFO - Processing file /opt/airflow/dags/timeseries_pipeline.py for tasks to queue
[2025-09-19T12:09:33.740+0000] {logging_mixin.py:188} INFO - [2025-09-19T12:09:33.739+0000] {dagbag.py:545} INFO - Filling up the DagBag from /opt/airflow/dags/timeseries_pipeline.py
[2025-09-19T12:09:34.897+0000] {processor.py:840} INFO - DAG(s) 'timeseries_pipeline' retrieved from /opt/airflow/dags/timeseries_pipeline.py
[2025-09-19T12:09:34.929+0000] {logging_mixin.py:188} INFO - [2025-09-19T12:09:34.928+0000] {dag.py:3096} INFO - Sync 1 DAGs
[2025-09-19T12:09:34.957+0000] {logging_mixin.py:188} INFO - [2025-09-19T12:09:34.956+0000] {dag.py:3954} INFO - Setting next_dagrun for timeseries_pipeline to 2025-09-19 00:00:00+00:00, run_after=2025-09-20 00:00:00+00:00
[2025-09-19T12:09:34.984+0000] {processor.py:183} INFO - Processing /opt/airflow/dags/timeseries_pipeline.py took 1.260 seconds
[2025-09-19T12:10:05.789+0000] {processor.py:161} INFO - Started process (PID=317) to work on /opt/airflow/dags/timeseries_pipeline.py
[2025-09-19T12:10:05.792+0000] {processor.py:830} INFO - Processing file /opt/airflow/dags/timeseries_pipeline.py for tasks to queue
[2025-09-19T12:10:05.795+0000] {logging_mixin.py:188} INFO - [2025-09-19T12:10:05.795+0000] {dagbag.py:545} INFO - Filling up the DagBag from /opt/airflow/dags/timeseries_pipeline.py
[2025-09-19T12:10:07.401+0000] {processor.py:840} INFO - DAG(s) 'timeseries_pipeline' retrieved from /opt/airflow/dags/timeseries_pipeline.py
[2025-09-19T12:10:07.437+0000] {logging_mixin.py:188} INFO - [2025-09-19T12:10:07.437+0000] {dag.py:3096} INFO - Sync 1 DAGs
[2025-09-19T12:10:07.462+0000] {logging_mixin.py:188} INFO - [2025-09-19T12:10:07.461+0000] {dag.py:3954} INFO - Setting next_dagrun for timeseries_pipeline to 2025-09-19 00:00:00+00:00, run_after=2025-09-20 00:00:00+00:00
[2025-09-19T12:10:07.484+0000] {processor.py:183} INFO - Processing /opt/airflow/dags/timeseries_pipeline.py took 1.707 seconds
[2025-09-19T12:10:37.663+0000] {processor.py:161} INFO - Started process (PID=329) to work on /opt/airflow/dags/timeseries_pipeline.py
[2025-09-19T12:10:37.666+0000] {processor.py:830} INFO - Processing file /opt/airflow/dags/timeseries_pipeline.py for tasks to queue
[2025-09-19T12:10:37.669+0000] {logging_mixin.py:188} INFO - [2025-09-19T12:10:37.668+0000] {dagbag.py:545} INFO - Filling up the DagBag from /opt/airflow/dags/timeseries_pipeline.py
[2025-09-19T12:10:38.893+0000] {processor.py:840} INFO - DAG(s) 'timeseries_pipeline' retrieved from /opt/airflow/dags/timeseries_pipeline.py
[2025-09-19T12:10:38.923+0000] {logging_mixin.py:188} INFO - [2025-09-19T12:10:38.922+0000] {dag.py:3096} INFO - Sync 1 DAGs
[2025-09-19T12:10:38.948+0000] {logging_mixin.py:188} INFO - [2025-09-19T12:10:38.948+0000] {dag.py:3954} INFO - Setting next_dagrun for timeseries_pipeline to 2025-09-19 00:00:00+00:00, run_after=2025-09-20 00:00:00+00:00
[2025-09-19T12:10:38.972+0000] {processor.py:183} INFO - Processing /opt/airflow/dags/timeseries_pipeline.py took 1.320 seconds
[2025-09-19T12:11:09.128+0000] {processor.py:161} INFO - Started process (PID=341) to work on /opt/airflow/dags/timeseries_pipeline.py
[2025-09-19T12:11:09.130+0000] {processor.py:830} INFO - Processing file /opt/airflow/dags/timeseries_pipeline.py for tasks to queue
[2025-09-19T12:11:09.133+0000] {logging_mixin.py:188} INFO - [2025-09-19T12:11:09.132+0000] {dagbag.py:545} INFO - Filling up the DagBag from /opt/airflow/dags/timeseries_pipeline.py
[2025-09-19T12:11:10.901+0000] {processor.py:840} INFO - DAG(s) 'timeseries_pipeline' retrieved from /opt/airflow/dags/timeseries_pipeline.py
[2025-09-19T12:11:10.950+0000] {logging_mixin.py:188} INFO - [2025-09-19T12:11:10.949+0000] {dag.py:3096} INFO - Sync 1 DAGs
[2025-09-19T12:11:10.986+0000] {logging_mixin.py:188} INFO - [2025-09-19T12:11:10.986+0000] {dag.py:3954} INFO - Setting next_dagrun for timeseries_pipeline to 2025-09-19 00:00:00+00:00, run_after=2025-09-20 00:00:00+00:00
[2025-09-19T12:11:11.016+0000] {processor.py:183} INFO - Processing /opt/airflow/dags/timeseries_pipeline.py took 1.900 seconds
[2025-09-19T12:11:41.836+0000] {processor.py:161} INFO - Started process (PID=353) to work on /opt/airflow/dags/timeseries_pipeline.py
[2025-09-19T12:11:41.837+0000] {processor.py:830} INFO - Processing file /opt/airflow/dags/timeseries_pipeline.py for tasks to queue
[2025-09-19T12:11:41.840+0000] {logging_mixin.py:188} INFO - [2025-09-19T12:11:41.840+0000] {dagbag.py:545} INFO - Filling up the DagBag from /opt/airflow/dags/timeseries_pipeline.py
[2025-09-19T12:11:43.359+0000] {processor.py:840} INFO - DAG(s) 'timeseries_pipeline' retrieved from /opt/airflow/dags/timeseries_pipeline.py
[2025-09-19T12:11:43.398+0000] {logging_mixin.py:188} INFO - [2025-09-19T12:11:43.397+0000] {dag.py:3096} INFO - Sync 1 DAGs
[2025-09-19T12:11:43.432+0000] {logging_mixin.py:188} INFO - [2025-09-19T12:11:43.431+0000] {dag.py:3954} INFO - Setting next_dagrun for timeseries_pipeline to 2025-09-19 00:00:00+00:00, run_after=2025-09-20 00:00:00+00:00
[2025-09-19T12:11:43.461+0000] {processor.py:183} INFO - Processing /opt/airflow/dags/timeseries_pipeline.py took 1.633 seconds
[2025-09-19T12:12:14.021+0000] {processor.py:161} INFO - Started process (PID=365) to work on /opt/airflow/dags/timeseries_pipeline.py
[2025-09-19T12:12:14.024+0000] {processor.py:830} INFO - Processing file /opt/airflow/dags/timeseries_pipeline.py for tasks to queue
[2025-09-19T12:12:14.031+0000] {logging_mixin.py:188} INFO - [2025-09-19T12:12:14.029+0000] {dagbag.py:545} INFO - Filling up the DagBag from /opt/airflow/dags/timeseries_pipeline.py
[2025-09-19T12:12:16.049+0000] {processor.py:840} INFO - DAG(s) 'timeseries_pipeline' retrieved from /opt/airflow/dags/timeseries_pipeline.py
[2025-09-19T12:12:16.097+0000] {logging_mixin.py:188} INFO - [2025-09-19T12:12:16.096+0000] {dag.py:3096} INFO - Sync 1 DAGs
[2025-09-19T12:12:16.126+0000] {logging_mixin.py:188} INFO - [2025-09-19T12:12:16.126+0000] {dag.py:3954} INFO - Setting next_dagrun for timeseries_pipeline to 2025-09-19 00:00:00+00:00, run_after=2025-09-20 00:00:00+00:00
[2025-09-19T12:12:16.152+0000] {processor.py:183} INFO - Processing /opt/airflow/dags/timeseries_pipeline.py took 2.149 seconds
[2025-09-19T12:12:46.654+0000] {processor.py:161} INFO - Started process (PID=381) to work on /opt/airflow/dags/timeseries_pipeline.py
[2025-09-19T12:12:46.656+0000] {processor.py:830} INFO - Processing file /opt/airflow/dags/timeseries_pipeline.py for tasks to queue
[2025-09-19T12:12:46.661+0000] {logging_mixin.py:188} INFO - [2025-09-19T12:12:46.660+0000] {dagbag.py:545} INFO - Filling up the DagBag from /opt/airflow/dags/timeseries_pipeline.py
[2025-09-19T12:12:47.781+0000] {processor.py:840} INFO - DAG(s) 'timeseries_pipeline' retrieved from /opt/airflow/dags/timeseries_pipeline.py
[2025-09-19T12:12:48.017+0000] {logging_mixin.py:188} INFO - [2025-09-19T12:12:48.016+0000] {dag.py:3096} INFO - Sync 1 DAGs
[2025-09-19T12:12:48.051+0000] {logging_mixin.py:188} INFO - [2025-09-19T12:12:48.050+0000] {dag.py:3954} INFO - Setting next_dagrun for timeseries_pipeline to 2025-09-19 00:00:00+00:00, run_after=2025-09-20 00:00:00+00:00
[2025-09-19T12:12:48.092+0000] {processor.py:183} INFO - Processing /opt/airflow/dags/timeseries_pipeline.py took 1.378 seconds
[2025-09-19T12:13:18.668+0000] {processor.py:161} INFO - Started process (PID=393) to work on /opt/airflow/dags/timeseries_pipeline.py
[2025-09-19T12:13:18.670+0000] {processor.py:830} INFO - Processing file /opt/airflow/dags/timeseries_pipeline.py for tasks to queue
[2025-09-19T12:13:18.674+0000] {logging_mixin.py:188} INFO - [2025-09-19T12:13:18.673+0000] {dagbag.py:545} INFO - Filling up the DagBag from /opt/airflow/dags/timeseries_pipeline.py
[2025-09-19T12:13:20.452+0000] {processor.py:840} INFO - DAG(s) 'timeseries_pipeline' retrieved from /opt/airflow/dags/timeseries_pipeline.py
[2025-09-19T12:13:20.506+0000] {logging_mixin.py:188} INFO - [2025-09-19T12:13:20.505+0000] {dag.py:3096} INFO - Sync 1 DAGs
[2025-09-19T12:13:20.542+0000] {logging_mixin.py:188} INFO - [2025-09-19T12:13:20.542+0000] {dag.py:3954} INFO - Setting next_dagrun for timeseries_pipeline to 2025-09-19 00:00:00+00:00, run_after=2025-09-20 00:00:00+00:00
[2025-09-19T12:13:20.574+0000] {processor.py:183} INFO - Processing /opt/airflow/dags/timeseries_pipeline.py took 1.917 seconds
[2025-09-19T12:13:51.176+0000] {processor.py:161} INFO - Started process (PID=405) to work on /opt/airflow/dags/timeseries_pipeline.py
[2025-09-19T12:13:51.179+0000] {processor.py:830} INFO - Processing file /opt/airflow/dags/timeseries_pipeline.py for tasks to queue
[2025-09-19T12:13:51.184+0000] {logging_mixin.py:188} INFO - [2025-09-19T12:13:51.184+0000] {dagbag.py:545} INFO - Filling up the DagBag from /opt/airflow/dags/timeseries_pipeline.py
[2025-09-19T12:13:52.831+0000] {processor.py:840} INFO - DAG(s) 'timeseries_pipeline' retrieved from /opt/airflow/dags/timeseries_pipeline.py
[2025-09-19T12:13:52.878+0000] {logging_mixin.py:188} INFO - [2025-09-19T12:13:52.878+0000] {dag.py:3096} INFO - Sync 1 DAGs
[2025-09-19T12:13:52.911+0000] {logging_mixin.py:188} INFO - [2025-09-19T12:13:52.910+0000] {dag.py:3954} INFO - Setting next_dagrun for timeseries_pipeline to 2025-09-19 00:00:00+00:00, run_after=2025-09-20 00:00:00+00:00
[2025-09-19T12:13:52.946+0000] {processor.py:183} INFO - Processing /opt/airflow/dags/timeseries_pipeline.py took 1.785 seconds
[2025-09-19T12:14:23.543+0000] {processor.py:161} INFO - Started process (PID=417) to work on /opt/airflow/dags/timeseries_pipeline.py
[2025-09-19T12:14:23.546+0000] {processor.py:830} INFO - Processing file /opt/airflow/dags/timeseries_pipeline.py for tasks to queue
[2025-09-19T12:14:23.549+0000] {logging_mixin.py:188} INFO - [2025-09-19T12:14:23.549+0000] {dagbag.py:545} INFO - Filling up the DagBag from /opt/airflow/dags/timeseries_pipeline.py
[2025-09-19T12:14:25.084+0000] {processor.py:840} INFO - DAG(s) 'timeseries_pipeline' retrieved from /opt/airflow/dags/timeseries_pipeline.py
[2025-09-19T12:14:25.126+0000] {logging_mixin.py:188} INFO - [2025-09-19T12:14:25.125+0000] {dag.py:3096} INFO - Sync 1 DAGs
[2025-09-19T12:14:25.160+0000] {logging_mixin.py:188} INFO - [2025-09-19T12:14:25.160+0000] {dag.py:3954} INFO - Setting next_dagrun for timeseries_pipeline to 2025-09-19 00:00:00+00:00, run_after=2025-09-20 00:00:00+00:00
[2025-09-19T12:14:25.194+0000] {processor.py:183} INFO - Processing /opt/airflow/dags/timeseries_pipeline.py took 1.665 seconds
[2025-09-19T12:14:55.534+0000] {processor.py:161} INFO - Started process (PID=432) to work on /opt/airflow/dags/timeseries_pipeline.py
[2025-09-19T12:14:55.535+0000] {processor.py:830} INFO - Processing file /opt/airflow/dags/timeseries_pipeline.py for tasks to queue
[2025-09-19T12:14:55.539+0000] {logging_mixin.py:188} INFO - [2025-09-19T12:14:55.539+0000] {dagbag.py:545} INFO - Filling up the DagBag from /opt/airflow/dags/timeseries_pipeline.py
[2025-09-19T12:14:57.017+0000] {processor.py:840} INFO - DAG(s) 'timeseries_pipeline' retrieved from /opt/airflow/dags/timeseries_pipeline.py
[2025-09-19T12:14:57.076+0000] {logging_mixin.py:188} INFO - [2025-09-19T12:14:57.075+0000] {dag.py:3096} INFO - Sync 1 DAGs
[2025-09-19T12:14:57.118+0000] {logging_mixin.py:188} INFO - [2025-09-19T12:14:57.117+0000] {dag.py:3954} INFO - Setting next_dagrun for timeseries_pipeline to 2025-09-19 00:00:00+00:00, run_after=2025-09-20 00:00:00+00:00
[2025-09-19T12:14:57.150+0000] {processor.py:183} INFO - Processing /opt/airflow/dags/timeseries_pipeline.py took 1.623 seconds
[2025-09-19T12:15:27.438+0000] {processor.py:161} INFO - Started process (PID=446) to work on /opt/airflow/dags/timeseries_pipeline.py
[2025-09-19T12:15:27.441+0000] {processor.py:830} INFO - Processing file /opt/airflow/dags/timeseries_pipeline.py for tasks to queue
[2025-09-19T12:15:27.446+0000] {logging_mixin.py:188} INFO - [2025-09-19T12:15:27.445+0000] {dagbag.py:545} INFO - Filling up the DagBag from /opt/airflow/dags/timeseries_pipeline.py
[2025-09-19T12:15:29.079+0000] {processor.py:840} INFO - DAG(s) 'timeseries_pipeline' retrieved from /opt/airflow/dags/timeseries_pipeline.py
[2025-09-19T12:15:29.102+0000] {logging_mixin.py:188} INFO - [2025-09-19T12:15:29.101+0000] {dag.py:3096} INFO - Sync 1 DAGs
[2025-09-19T12:15:29.119+0000] {logging_mixin.py:188} INFO - [2025-09-19T12:15:29.119+0000] {dag.py:3954} INFO - Setting next_dagrun for timeseries_pipeline to 2025-09-19 00:00:00+00:00, run_after=2025-09-20 00:00:00+00:00
[2025-09-19T12:15:29.137+0000] {processor.py:183} INFO - Processing /opt/airflow/dags/timeseries_pipeline.py took 1.713 seconds
[2025-09-19T12:15:59.670+0000] {processor.py:161} INFO - Started process (PID=458) to work on /opt/airflow/dags/timeseries_pipeline.py
[2025-09-19T12:15:59.674+0000] {processor.py:830} INFO - Processing file /opt/airflow/dags/timeseries_pipeline.py for tasks to queue
[2025-09-19T12:15:59.678+0000] {logging_mixin.py:188} INFO - [2025-09-19T12:15:59.678+0000] {dagbag.py:545} INFO - Filling up the DagBag from /opt/airflow/dags/timeseries_pipeline.py
[2025-09-19T12:16:01.240+0000] {processor.py:840} INFO - DAG(s) 'timeseries_pipeline' retrieved from /opt/airflow/dags/timeseries_pipeline.py
[2025-09-19T12:16:01.284+0000] {logging_mixin.py:188} INFO - [2025-09-19T12:16:01.282+0000] {dag.py:3096} INFO - Sync 1 DAGs
[2025-09-19T12:16:01.322+0000] {logging_mixin.py:188} INFO - [2025-09-19T12:16:01.322+0000] {dag.py:3954} INFO - Setting next_dagrun for timeseries_pipeline to 2025-09-19 00:00:00+00:00, run_after=2025-09-20 00:00:00+00:00
[2025-09-19T12:16:01.350+0000] {processor.py:183} INFO - Processing /opt/airflow/dags/timeseries_pipeline.py took 1.693 seconds
[2025-09-19T12:16:31.992+0000] {processor.py:161} INFO - Started process (PID=470) to work on /opt/airflow/dags/timeseries_pipeline.py
[2025-09-19T12:16:31.997+0000] {processor.py:830} INFO - Processing file /opt/airflow/dags/timeseries_pipeline.py for tasks to queue
[2025-09-19T12:16:32.002+0000] {logging_mixin.py:188} INFO - [2025-09-19T12:16:32.001+0000] {dagbag.py:545} INFO - Filling up the DagBag from /opt/airflow/dags/timeseries_pipeline.py
[2025-09-19T12:16:33.660+0000] {processor.py:840} INFO - DAG(s) 'timeseries_pipeline' retrieved from /opt/airflow/dags/timeseries_pipeline.py
[2025-09-19T12:16:33.707+0000] {logging_mixin.py:188} INFO - [2025-09-19T12:16:33.706+0000] {dag.py:3096} INFO - Sync 1 DAGs
[2025-09-19T12:16:33.745+0000] {logging_mixin.py:188} INFO - [2025-09-19T12:16:33.745+0000] {dag.py:3954} INFO - Setting next_dagrun for timeseries_pipeline to 2025-09-19 00:00:00+00:00, run_after=2025-09-20 00:00:00+00:00
[2025-09-19T12:16:33.778+0000] {processor.py:183} INFO - Processing /opt/airflow/dags/timeseries_pipeline.py took 1.793 seconds
[2025-09-19T12:17:04.382+0000] {processor.py:161} INFO - Started process (PID=482) to work on /opt/airflow/dags/timeseries_pipeline.py
[2025-09-19T12:17:04.384+0000] {processor.py:830} INFO - Processing file /opt/airflow/dags/timeseries_pipeline.py for tasks to queue
[2025-09-19T12:17:04.390+0000] {logging_mixin.py:188} INFO - [2025-09-19T12:17:04.389+0000] {dagbag.py:545} INFO - Filling up the DagBag from /opt/airflow/dags/timeseries_pipeline.py
[2025-09-19T12:17:05.674+0000] {processor.py:840} INFO - DAG(s) 'timeseries_pipeline' retrieved from /opt/airflow/dags/timeseries_pipeline.py
[2025-09-19T12:17:05.710+0000] {logging_mixin.py:188} INFO - [2025-09-19T12:17:05.710+0000] {dag.py:3096} INFO - Sync 1 DAGs
[2025-09-19T12:17:05.742+0000] {logging_mixin.py:188} INFO - [2025-09-19T12:17:05.742+0000] {dag.py:3954} INFO - Setting next_dagrun for timeseries_pipeline to 2025-09-19 00:00:00+00:00, run_after=2025-09-20 00:00:00+00:00
[2025-09-19T12:17:05.777+0000] {processor.py:183} INFO - Processing /opt/airflow/dags/timeseries_pipeline.py took 1.409 seconds
[2025-09-19T12:17:36.136+0000] {processor.py:161} INFO - Started process (PID=494) to work on /opt/airflow/dags/timeseries_pipeline.py
[2025-09-19T12:17:36.139+0000] {processor.py:830} INFO - Processing file /opt/airflow/dags/timeseries_pipeline.py for tasks to queue
[2025-09-19T12:17:36.143+0000] {logging_mixin.py:188} INFO - [2025-09-19T12:17:36.143+0000] {dagbag.py:545} INFO - Filling up the DagBag from /opt/airflow/dags/timeseries_pipeline.py
[2025-09-19T12:17:37.796+0000] {processor.py:840} INFO - DAG(s) 'timeseries_pipeline' retrieved from /opt/airflow/dags/timeseries_pipeline.py
[2025-09-19T12:17:37.848+0000] {logging_mixin.py:188} INFO - [2025-09-19T12:17:37.847+0000] {dag.py:3096} INFO - Sync 1 DAGs
[2025-09-19T12:17:37.886+0000] {logging_mixin.py:188} INFO - [2025-09-19T12:17:37.885+0000] {dag.py:3954} INFO - Setting next_dagrun for timeseries_pipeline to 2025-09-19 00:00:00+00:00, run_after=2025-09-20 00:00:00+00:00
[2025-09-19T12:17:37.925+0000] {processor.py:183} INFO - Processing /opt/airflow/dags/timeseries_pipeline.py took 1.801 seconds
[2025-09-19T12:18:08.649+0000] {processor.py:161} INFO - Started process (PID=506) to work on /opt/airflow/dags/timeseries_pipeline.py
[2025-09-19T12:18:08.651+0000] {processor.py:830} INFO - Processing file /opt/airflow/dags/timeseries_pipeline.py for tasks to queue
[2025-09-19T12:18:08.655+0000] {logging_mixin.py:188} INFO - [2025-09-19T12:18:08.654+0000] {dagbag.py:545} INFO - Filling up the DagBag from /opt/airflow/dags/timeseries_pipeline.py
[2025-09-19T12:18:10.165+0000] {processor.py:840} INFO - DAG(s) 'timeseries_pipeline' retrieved from /opt/airflow/dags/timeseries_pipeline.py
[2025-09-19T12:18:10.205+0000] {logging_mixin.py:188} INFO - [2025-09-19T12:18:10.204+0000] {dag.py:3096} INFO - Sync 1 DAGs
[2025-09-19T12:18:10.237+0000] {logging_mixin.py:188} INFO - [2025-09-19T12:18:10.236+0000] {dag.py:3954} INFO - Setting next_dagrun for timeseries_pipeline to 2025-09-19 00:00:00+00:00, run_after=2025-09-20 00:00:00+00:00
[2025-09-19T12:18:10.266+0000] {processor.py:183} INFO - Processing /opt/airflow/dags/timeseries_pipeline.py took 1.630 seconds
[2025-09-19T12:18:40.410+0000] {processor.py:161} INFO - Started process (PID=518) to work on /opt/airflow/dags/timeseries_pipeline.py
[2025-09-19T12:18:40.412+0000] {processor.py:830} INFO - Processing file /opt/airflow/dags/timeseries_pipeline.py for tasks to queue
[2025-09-19T12:18:40.416+0000] {logging_mixin.py:188} INFO - [2025-09-19T12:18:40.415+0000] {dagbag.py:545} INFO - Filling up the DagBag from /opt/airflow/dags/timeseries_pipeline.py
[2025-09-19T12:18:42.013+0000] {processor.py:840} INFO - DAG(s) 'timeseries_pipeline' retrieved from /opt/airflow/dags/timeseries_pipeline.py
[2025-09-19T12:18:42.049+0000] {logging_mixin.py:188} INFO - [2025-09-19T12:18:42.048+0000] {dag.py:3096} INFO - Sync 1 DAGs
[2025-09-19T12:18:42.081+0000] {logging_mixin.py:188} INFO - [2025-09-19T12:18:42.081+0000] {dag.py:3954} INFO - Setting next_dagrun for timeseries_pipeline to 2025-09-19 00:00:00+00:00, run_after=2025-09-20 00:00:00+00:00
[2025-09-19T12:18:42.110+0000] {processor.py:183} INFO - Processing /opt/airflow/dags/timeseries_pipeline.py took 1.713 seconds
[2025-09-19T12:19:07.593+0000] {processor.py:161} INFO - Started process (PID=181) to work on /opt/airflow/dags/timeseries_pipeline.py
[2025-09-19T12:19:07.594+0000] {processor.py:830} INFO - Processing file /opt/airflow/dags/timeseries_pipeline.py for tasks to queue
[2025-09-19T12:19:07.596+0000] {logging_mixin.py:188} INFO - [2025-09-19T12:19:07.596+0000] {dagbag.py:545} INFO - Filling up the DagBag from /opt/airflow/dags/timeseries_pipeline.py
[2025-09-19T12:19:09.262+0000] {logging_mixin.py:188} INFO - [2025-09-19T12:19:09.261+0000] {font_manager.py:1639} INFO - generated new fontManager
[2025-09-19T12:19:09.587+0000] {processor.py:840} INFO - DAG(s) 'timeseries_pipeline' retrieved from /opt/airflow/dags/timeseries_pipeline.py
[2025-09-19T12:19:09.614+0000] {logging_mixin.py:188} INFO - [2025-09-19T12:19:09.613+0000] {dag.py:3096} INFO - Sync 1 DAGs
[2025-09-19T12:19:09.643+0000] {logging_mixin.py:188} INFO - [2025-09-19T12:19:09.643+0000] {dag.py:3954} INFO - Setting next_dagrun for timeseries_pipeline to 2025-09-19 00:00:00+00:00, run_after=2025-09-20 00:00:00+00:00
[2025-09-19T12:19:09.671+0000] {processor.py:183} INFO - Processing /opt/airflow/dags/timeseries_pipeline.py took 2.085 seconds
[2025-09-19T12:19:40.197+0000] {processor.py:161} INFO - Started process (PID=197) to work on /opt/airflow/dags/timeseries_pipeline.py
[2025-09-19T12:19:40.198+0000] {processor.py:830} INFO - Processing file /opt/airflow/dags/timeseries_pipeline.py for tasks to queue
[2025-09-19T12:19:40.201+0000] {logging_mixin.py:188} INFO - [2025-09-19T12:19:40.200+0000] {dagbag.py:545} INFO - Filling up the DagBag from /opt/airflow/dags/timeseries_pipeline.py
[2025-09-19T12:19:41.547+0000] {processor.py:840} INFO - DAG(s) 'timeseries_pipeline' retrieved from /opt/airflow/dags/timeseries_pipeline.py
[2025-09-19T12:19:41.712+0000] {logging_mixin.py:188} INFO - [2025-09-19T12:19:41.712+0000] {dag.py:3096} INFO - Sync 1 DAGs
[2025-09-19T12:19:41.736+0000] {logging_mixin.py:188} INFO - [2025-09-19T12:19:41.736+0000] {dag.py:3954} INFO - Setting next_dagrun for timeseries_pipeline to 2025-09-19 00:00:00+00:00, run_after=2025-09-20 00:00:00+00:00
[2025-09-19T12:19:41.765+0000] {processor.py:183} INFO - Processing /opt/airflow/dags/timeseries_pipeline.py took 1.574 seconds
[2025-09-19T12:20:12.218+0000] {processor.py:161} INFO - Started process (PID=213) to work on /opt/airflow/dags/timeseries_pipeline.py
[2025-09-19T12:20:12.220+0000] {processor.py:830} INFO - Processing file /opt/airflow/dags/timeseries_pipeline.py for tasks to queue
[2025-09-19T12:20:12.223+0000] {logging_mixin.py:188} INFO - [2025-09-19T12:20:12.222+0000] {dagbag.py:545} INFO - Filling up the DagBag from /opt/airflow/dags/timeseries_pipeline.py
[2025-09-19T12:20:13.543+0000] {processor.py:840} INFO - DAG(s) 'timeseries_pipeline' retrieved from /opt/airflow/dags/timeseries_pipeline.py
[2025-09-19T12:20:13.594+0000] {logging_mixin.py:188} INFO - [2025-09-19T12:20:13.593+0000] {dag.py:3096} INFO - Sync 1 DAGs
[2025-09-19T12:20:13.635+0000] {logging_mixin.py:188} INFO - [2025-09-19T12:20:13.635+0000] {dag.py:3954} INFO - Setting next_dagrun for timeseries_pipeline to 2025-09-19 00:00:00+00:00, run_after=2025-09-20 00:00:00+00:00
[2025-09-19T12:20:13.669+0000] {processor.py:183} INFO - Processing /opt/airflow/dags/timeseries_pipeline.py took 1.458 seconds
[2025-09-19T12:20:44.302+0000] {processor.py:161} INFO - Started process (PID=225) to work on /opt/airflow/dags/timeseries_pipeline.py
[2025-09-19T12:20:44.303+0000] {processor.py:830} INFO - Processing file /opt/airflow/dags/timeseries_pipeline.py for tasks to queue
[2025-09-19T12:20:44.307+0000] {logging_mixin.py:188} INFO - [2025-09-19T12:20:44.307+0000] {dagbag.py:545} INFO - Filling up the DagBag from /opt/airflow/dags/timeseries_pipeline.py
[2025-09-19T12:20:45.924+0000] {processor.py:840} INFO - DAG(s) 'timeseries_pipeline' retrieved from /opt/airflow/dags/timeseries_pipeline.py
[2025-09-19T12:20:45.975+0000] {logging_mixin.py:188} INFO - [2025-09-19T12:20:45.974+0000] {dag.py:3096} INFO - Sync 1 DAGs
[2025-09-19T12:20:46.019+0000] {logging_mixin.py:188} INFO - [2025-09-19T12:20:46.019+0000] {dag.py:3954} INFO - Setting next_dagrun for timeseries_pipeline to 2025-09-19 00:00:00+00:00, run_after=2025-09-20 00:00:00+00:00
[2025-09-19T12:20:46.053+0000] {processor.py:183} INFO - Processing /opt/airflow/dags/timeseries_pipeline.py took 1.758 seconds
[2025-09-19T12:21:16.861+0000] {processor.py:161} INFO - Started process (PID=237) to work on /opt/airflow/dags/timeseries_pipeline.py
[2025-09-19T12:21:16.863+0000] {processor.py:830} INFO - Processing file /opt/airflow/dags/timeseries_pipeline.py for tasks to queue
[2025-09-19T12:21:16.864+0000] {logging_mixin.py:188} INFO - [2025-09-19T12:21:16.864+0000] {dagbag.py:545} INFO - Filling up the DagBag from /opt/airflow/dags/timeseries_pipeline.py
[2025-09-19T12:21:18.481+0000] {processor.py:840} INFO - DAG(s) 'timeseries_pipeline' retrieved from /opt/airflow/dags/timeseries_pipeline.py
[2025-09-19T12:21:18.537+0000] {logging_mixin.py:188} INFO - [2025-09-19T12:21:18.536+0000] {dag.py:3096} INFO - Sync 1 DAGs
[2025-09-19T12:21:18.577+0000] {logging_mixin.py:188} INFO - [2025-09-19T12:21:18.577+0000] {dag.py:3954} INFO - Setting next_dagrun for timeseries_pipeline to 2025-09-19 00:00:00+00:00, run_after=2025-09-20 00:00:00+00:00
[2025-09-19T12:21:18.612+0000] {processor.py:183} INFO - Processing /opt/airflow/dags/timeseries_pipeline.py took 1.756 seconds
[2025-09-19T12:21:49.390+0000] {processor.py:161} INFO - Started process (PID=249) to work on /opt/airflow/dags/timeseries_pipeline.py
[2025-09-19T12:21:49.392+0000] {processor.py:830} INFO - Processing file /opt/airflow/dags/timeseries_pipeline.py for tasks to queue
[2025-09-19T12:21:49.394+0000] {logging_mixin.py:188} INFO - [2025-09-19T12:21:49.394+0000] {dagbag.py:545} INFO - Filling up the DagBag from /opt/airflow/dags/timeseries_pipeline.py
[2025-09-19T12:21:50.960+0000] {processor.py:840} INFO - DAG(s) 'timeseries_pipeline' retrieved from /opt/airflow/dags/timeseries_pipeline.py
[2025-09-19T12:21:51.001+0000] {logging_mixin.py:188} INFO - [2025-09-19T12:21:51.001+0000] {dag.py:3096} INFO - Sync 1 DAGs
[2025-09-19T12:21:51.024+0000] {logging_mixin.py:188} INFO - [2025-09-19T12:21:51.024+0000] {dag.py:3954} INFO - Setting next_dagrun for timeseries_pipeline to 2025-09-19 00:00:00+00:00, run_after=2025-09-20 00:00:00+00:00
[2025-09-19T12:21:51.053+0000] {processor.py:183} INFO - Processing /opt/airflow/dags/timeseries_pipeline.py took 1.568 seconds
[2025-09-19T12:22:21.193+0000] {processor.py:161} INFO - Started process (PID=261) to work on /opt/airflow/dags/timeseries_pipeline.py
[2025-09-19T12:22:21.196+0000] {processor.py:830} INFO - Processing file /opt/airflow/dags/timeseries_pipeline.py for tasks to queue
[2025-09-19T12:22:21.200+0000] {logging_mixin.py:188} INFO - [2025-09-19T12:22:21.200+0000] {dagbag.py:545} INFO - Filling up the DagBag from /opt/airflow/dags/timeseries_pipeline.py
[2025-09-19T12:22:22.863+0000] {processor.py:840} INFO - DAG(s) 'timeseries_pipeline' retrieved from /opt/airflow/dags/timeseries_pipeline.py
[2025-09-19T12:22:22.919+0000] {logging_mixin.py:188} INFO - [2025-09-19T12:22:22.918+0000] {dag.py:3096} INFO - Sync 1 DAGs
[2025-09-19T12:22:22.964+0000] {logging_mixin.py:188} INFO - [2025-09-19T12:22:22.962+0000] {dag.py:3954} INFO - Setting next_dagrun for timeseries_pipeline to 2025-09-19 00:00:00+00:00, run_after=2025-09-20 00:00:00+00:00
[2025-09-19T12:22:23.008+0000] {processor.py:183} INFO - Processing /opt/airflow/dags/timeseries_pipeline.py took 1.828 seconds
[2025-09-19T12:22:53.611+0000] {processor.py:161} INFO - Started process (PID=273) to work on /opt/airflow/dags/timeseries_pipeline.py
[2025-09-19T12:22:53.614+0000] {processor.py:830} INFO - Processing file /opt/airflow/dags/timeseries_pipeline.py for tasks to queue
[2025-09-19T12:22:53.619+0000] {logging_mixin.py:188} INFO - [2025-09-19T12:22:53.618+0000] {dagbag.py:545} INFO - Filling up the DagBag from /opt/airflow/dags/timeseries_pipeline.py
[2025-09-19T12:22:55.180+0000] {processor.py:840} INFO - DAG(s) 'timeseries_pipeline' retrieved from /opt/airflow/dags/timeseries_pipeline.py
[2025-09-19T12:22:55.225+0000] {logging_mixin.py:188} INFO - [2025-09-19T12:22:55.224+0000] {dag.py:3096} INFO - Sync 1 DAGs
[2025-09-19T12:22:55.275+0000] {logging_mixin.py:188} INFO - [2025-09-19T12:22:55.274+0000] {dag.py:3954} INFO - Setting next_dagrun for timeseries_pipeline to 2025-09-19 00:00:00+00:00, run_after=2025-09-20 00:00:00+00:00
[2025-09-19T12:22:55.306+0000] {processor.py:183} INFO - Processing /opt/airflow/dags/timeseries_pipeline.py took 1.714 seconds
[2025-09-19T12:23:25.416+0000] {processor.py:161} INFO - Started process (PID=285) to work on /opt/airflow/dags/timeseries_pipeline.py
[2025-09-19T12:23:25.418+0000] {processor.py:830} INFO - Processing file /opt/airflow/dags/timeseries_pipeline.py for tasks to queue
[2025-09-19T12:23:25.422+0000] {logging_mixin.py:188} INFO - [2025-09-19T12:23:25.422+0000] {dagbag.py:545} INFO - Filling up the DagBag from /opt/airflow/dags/timeseries_pipeline.py
[2025-09-19T12:23:27.144+0000] {processor.py:840} INFO - DAG(s) 'timeseries_pipeline' retrieved from /opt/airflow/dags/timeseries_pipeline.py
[2025-09-19T12:23:27.165+0000] {logging_mixin.py:188} INFO - [2025-09-19T12:23:27.164+0000] {dag.py:3096} INFO - Sync 1 DAGs
[2025-09-19T12:23:27.181+0000] {logging_mixin.py:188} INFO - [2025-09-19T12:23:27.181+0000] {dag.py:3954} INFO - Setting next_dagrun for timeseries_pipeline to 2025-09-19 00:00:00+00:00, run_after=2025-09-20 00:00:00+00:00
[2025-09-19T12:23:27.201+0000] {processor.py:183} INFO - Processing /opt/airflow/dags/timeseries_pipeline.py took 1.793 seconds
[2025-09-19T12:23:57.797+0000] {processor.py:161} INFO - Started process (PID=301) to work on /opt/airflow/dags/timeseries_pipeline.py
[2025-09-19T12:23:57.802+0000] {processor.py:830} INFO - Processing file /opt/airflow/dags/timeseries_pipeline.py for tasks to queue
[2025-09-19T12:23:57.807+0000] {logging_mixin.py:188} INFO - [2025-09-19T12:23:57.805+0000] {dagbag.py:545} INFO - Filling up the DagBag from /opt/airflow/dags/timeseries_pipeline.py
[2025-09-19T12:23:59.467+0000] {processor.py:840} INFO - DAG(s) 'timeseries_pipeline' retrieved from /opt/airflow/dags/timeseries_pipeline.py
[2025-09-19T12:23:59.486+0000] {logging_mixin.py:188} INFO - [2025-09-19T12:23:59.485+0000] {dag.py:3096} INFO - Sync 1 DAGs
[2025-09-19T12:23:59.526+0000] {logging_mixin.py:188} INFO - [2025-09-19T12:23:59.526+0000] {dag.py:3954} INFO - Setting next_dagrun for timeseries_pipeline to 2025-09-19 00:00:00+00:00, run_after=2025-09-20 00:00:00+00:00
[2025-09-19T12:23:59.560+0000] {processor.py:183} INFO - Processing /opt/airflow/dags/timeseries_pipeline.py took 1.778 seconds
[2025-09-19T12:24:29.931+0000] {processor.py:161} INFO - Started process (PID=313) to work on /opt/airflow/dags/timeseries_pipeline.py
[2025-09-19T12:24:29.937+0000] {processor.py:830} INFO - Processing file /opt/airflow/dags/timeseries_pipeline.py for tasks to queue
[2025-09-19T12:24:29.941+0000] {logging_mixin.py:188} INFO - [2025-09-19T12:24:29.940+0000] {dagbag.py:545} INFO - Filling up the DagBag from /opt/airflow/dags/timeseries_pipeline.py
[2025-09-19T12:24:31.832+0000] {processor.py:840} INFO - DAG(s) 'timeseries_pipeline' retrieved from /opt/airflow/dags/timeseries_pipeline.py
[2025-09-19T12:24:32.026+0000] {logging_mixin.py:188} INFO - [2025-09-19T12:24:32.025+0000] {dag.py:3096} INFO - Sync 1 DAGs
[2025-09-19T12:24:32.063+0000] {logging_mixin.py:188} INFO - [2025-09-19T12:24:32.063+0000] {dag.py:3954} INFO - Setting next_dagrun for timeseries_pipeline to 2025-09-19 00:00:00+00:00, run_after=2025-09-20 00:00:00+00:00
[2025-09-19T12:24:32.098+0000] {processor.py:183} INFO - Processing /opt/airflow/dags/timeseries_pipeline.py took 2.180 seconds
[2025-09-19T12:25:02.670+0000] {processor.py:161} INFO - Started process (PID=325) to work on /opt/airflow/dags/timeseries_pipeline.py
[2025-09-19T12:25:02.673+0000] {processor.py:830} INFO - Processing file /opt/airflow/dags/timeseries_pipeline.py for tasks to queue
[2025-09-19T12:25:02.677+0000] {logging_mixin.py:188} INFO - [2025-09-19T12:25:02.676+0000] {dagbag.py:545} INFO - Filling up the DagBag from /opt/airflow/dags/timeseries_pipeline.py
[2025-09-19T12:25:04.516+0000] {processor.py:840} INFO - DAG(s) 'timeseries_pipeline' retrieved from /opt/airflow/dags/timeseries_pipeline.py
[2025-09-19T12:25:04.577+0000] {logging_mixin.py:188} INFO - [2025-09-19T12:25:04.576+0000] {dag.py:3096} INFO - Sync 1 DAGs
[2025-09-19T12:25:04.626+0000] {logging_mixin.py:188} INFO - [2025-09-19T12:25:04.625+0000] {dag.py:3954} INFO - Setting next_dagrun for timeseries_pipeline to 2025-09-19 00:00:00+00:00, run_after=2025-09-20 00:00:00+00:00
[2025-09-19T12:25:04.668+0000] {processor.py:183} INFO - Processing /opt/airflow/dags/timeseries_pipeline.py took 2.009 seconds
[2025-09-19T12:25:35.265+0000] {processor.py:161} INFO - Started process (PID=337) to work on /opt/airflow/dags/timeseries_pipeline.py
[2025-09-19T12:25:35.268+0000] {processor.py:830} INFO - Processing file /opt/airflow/dags/timeseries_pipeline.py for tasks to queue
[2025-09-19T12:25:35.278+0000] {logging_mixin.py:188} INFO - [2025-09-19T12:25:35.272+0000] {dagbag.py:545} INFO - Filling up the DagBag from /opt/airflow/dags/timeseries_pipeline.py
[2025-09-19T12:25:37.069+0000] {processor.py:840} INFO - DAG(s) 'timeseries_pipeline' retrieved from /opt/airflow/dags/timeseries_pipeline.py
[2025-09-19T12:25:37.098+0000] {logging_mixin.py:188} INFO - [2025-09-19T12:25:37.097+0000] {dag.py:3096} INFO - Sync 1 DAGs
[2025-09-19T12:25:37.120+0000] {logging_mixin.py:188} INFO - [2025-09-19T12:25:37.119+0000] {dag.py:3954} INFO - Setting next_dagrun for timeseries_pipeline to 2025-09-19 00:00:00+00:00, run_after=2025-09-20 00:00:00+00:00
[2025-09-19T12:25:37.152+0000] {processor.py:183} INFO - Processing /opt/airflow/dags/timeseries_pipeline.py took 1.902 seconds
[2025-09-19T12:26:07.927+0000] {processor.py:161} INFO - Started process (PID=349) to work on /opt/airflow/dags/timeseries_pipeline.py
[2025-09-19T12:26:07.931+0000] {processor.py:830} INFO - Processing file /opt/airflow/dags/timeseries_pipeline.py for tasks to queue
[2025-09-19T12:26:07.934+0000] {logging_mixin.py:188} INFO - [2025-09-19T12:26:07.933+0000] {dagbag.py:545} INFO - Filling up the DagBag from /opt/airflow/dags/timeseries_pipeline.py
[2025-09-19T12:26:09.308+0000] {processor.py:840} INFO - DAG(s) 'timeseries_pipeline' retrieved from /opt/airflow/dags/timeseries_pipeline.py
[2025-09-19T12:26:09.348+0000] {logging_mixin.py:188} INFO - [2025-09-19T12:26:09.347+0000] {dag.py:3096} INFO - Sync 1 DAGs
[2025-09-19T12:26:09.388+0000] {logging_mixin.py:188} INFO - [2025-09-19T12:26:09.387+0000] {dag.py:3954} INFO - Setting next_dagrun for timeseries_pipeline to 2025-09-19 00:00:00+00:00, run_after=2025-09-20 00:00:00+00:00
[2025-09-19T12:26:09.412+0000] {processor.py:183} INFO - Processing /opt/airflow/dags/timeseries_pipeline.py took 1.505 seconds
[2025-09-19T12:26:48.557+0000] {processor.py:161} INFO - Started process (PID=181) to work on /opt/airflow/dags/timeseries_pipeline.py
[2025-09-19T12:26:48.558+0000] {processor.py:830} INFO - Processing file /opt/airflow/dags/timeseries_pipeline.py for tasks to queue
[2025-09-19T12:26:48.559+0000] {logging_mixin.py:188} INFO - [2025-09-19T12:26:48.559+0000] {dagbag.py:545} INFO - Filling up the DagBag from /opt/airflow/dags/timeseries_pipeline.py
[2025-09-19T12:26:50.364+0000] {logging_mixin.py:188} INFO - [2025-09-19T12:26:50.363+0000] {font_manager.py:1639} INFO - generated new fontManager
[2025-09-19T12:26:50.631+0000] {processor.py:840} INFO - DAG(s) 'timeseries_pipeline' retrieved from /opt/airflow/dags/timeseries_pipeline.py
[2025-09-19T12:26:50.655+0000] {logging_mixin.py:188} INFO - [2025-09-19T12:26:50.654+0000] {dag.py:3096} INFO - Sync 1 DAGs
[2025-09-19T12:26:50.676+0000] {logging_mixin.py:188} INFO - [2025-09-19T12:26:50.676+0000] {dag.py:3954} INFO - Setting next_dagrun for timeseries_pipeline to 2025-09-19 00:00:00+00:00, run_after=2025-09-20 00:00:00+00:00
[2025-09-19T12:26:50.799+0000] {processor.py:183} INFO - Processing /opt/airflow/dags/timeseries_pipeline.py took 2.146 seconds
[2025-09-19T12:27:20.945+0000] {processor.py:161} INFO - Started process (PID=197) to work on /opt/airflow/dags/timeseries_pipeline.py
[2025-09-19T12:27:20.947+0000] {processor.py:830} INFO - Processing file /opt/airflow/dags/timeseries_pipeline.py for tasks to queue
[2025-09-19T12:27:20.951+0000] {logging_mixin.py:188} INFO - [2025-09-19T12:27:20.950+0000] {dagbag.py:545} INFO - Filling up the DagBag from /opt/airflow/dags/timeseries_pipeline.py
[2025-09-19T12:27:22.449+0000] {processor.py:840} INFO - DAG(s) 'timeseries_pipeline' retrieved from /opt/airflow/dags/timeseries_pipeline.py
[2025-09-19T12:27:22.648+0000] {logging_mixin.py:188} INFO - [2025-09-19T12:27:22.647+0000] {dag.py:3096} INFO - Sync 1 DAGs
[2025-09-19T12:27:22.684+0000] {logging_mixin.py:188} INFO - [2025-09-19T12:27:22.683+0000] {dag.py:3954} INFO - Setting next_dagrun for timeseries_pipeline to 2025-09-19 00:00:00+00:00, run_after=2025-09-20 00:00:00+00:00
[2025-09-19T12:27:22.721+0000] {processor.py:183} INFO - Processing /opt/airflow/dags/timeseries_pipeline.py took 1.788 seconds
[2025-09-19T12:27:53.416+0000] {processor.py:161} INFO - Started process (PID=213) to work on /opt/airflow/dags/timeseries_pipeline.py
[2025-09-19T12:27:53.418+0000] {processor.py:830} INFO - Processing file /opt/airflow/dags/timeseries_pipeline.py for tasks to queue
[2025-09-19T12:27:53.424+0000] {logging_mixin.py:188} INFO - [2025-09-19T12:27:53.424+0000] {dagbag.py:545} INFO - Filling up the DagBag from /opt/airflow/dags/timeseries_pipeline.py
[2025-09-19T12:27:55.292+0000] {processor.py:840} INFO - DAG(s) 'timeseries_pipeline' retrieved from /opt/airflow/dags/timeseries_pipeline.py
[2025-09-19T12:27:55.347+0000] {logging_mixin.py:188} INFO - [2025-09-19T12:27:55.346+0000] {dag.py:3096} INFO - Sync 1 DAGs
[2025-09-19T12:27:55.400+0000] {logging_mixin.py:188} INFO - [2025-09-19T12:27:55.400+0000] {dag.py:3954} INFO - Setting next_dagrun for timeseries_pipeline to 2025-09-19 00:00:00+00:00, run_after=2025-09-20 00:00:00+00:00
[2025-09-19T12:27:55.449+0000] {processor.py:183} INFO - Processing /opt/airflow/dags/timeseries_pipeline.py took 2.051 seconds
[2025-09-19T12:28:25.986+0000] {processor.py:161} INFO - Started process (PID=225) to work on /opt/airflow/dags/timeseries_pipeline.py
[2025-09-19T12:28:25.988+0000] {processor.py:830} INFO - Processing file /opt/airflow/dags/timeseries_pipeline.py for tasks to queue
[2025-09-19T12:28:25.993+0000] {logging_mixin.py:188} INFO - [2025-09-19T12:28:25.992+0000] {dagbag.py:545} INFO - Filling up the DagBag from /opt/airflow/dags/timeseries_pipeline.py
[2025-09-19T12:28:27.438+0000] {processor.py:840} INFO - DAG(s) 'timeseries_pipeline' retrieved from /opt/airflow/dags/timeseries_pipeline.py
[2025-09-19T12:28:27.511+0000] {logging_mixin.py:188} INFO - [2025-09-19T12:28:27.510+0000] {dag.py:3096} INFO - Sync 1 DAGs
[2025-09-19T12:28:27.542+0000] {logging_mixin.py:188} INFO - [2025-09-19T12:28:27.542+0000] {dag.py:3954} INFO - Setting next_dagrun for timeseries_pipeline to 2025-09-19 00:00:00+00:00, run_after=2025-09-20 00:00:00+00:00
[2025-09-19T12:28:27.569+0000] {processor.py:183} INFO - Processing /opt/airflow/dags/timeseries_pipeline.py took 1.597 seconds
[2025-09-19T12:28:57.776+0000] {processor.py:161} INFO - Started process (PID=237) to work on /opt/airflow/dags/timeseries_pipeline.py
[2025-09-19T12:28:57.778+0000] {processor.py:830} INFO - Processing file /opt/airflow/dags/timeseries_pipeline.py for tasks to queue
[2025-09-19T12:28:57.782+0000] {logging_mixin.py:188} INFO - [2025-09-19T12:28:57.781+0000] {dagbag.py:545} INFO - Filling up the DagBag from /opt/airflow/dags/timeseries_pipeline.py
[2025-09-19T12:28:59.299+0000] {processor.py:840} INFO - DAG(s) 'timeseries_pipeline' retrieved from /opt/airflow/dags/timeseries_pipeline.py
[2025-09-19T12:28:59.322+0000] {logging_mixin.py:188} INFO - [2025-09-19T12:28:59.322+0000] {dag.py:3096} INFO - Sync 1 DAGs
[2025-09-19T12:28:59.344+0000] {logging_mixin.py:188} INFO - [2025-09-19T12:28:59.344+0000] {dag.py:3954} INFO - Setting next_dagrun for timeseries_pipeline to 2025-09-19 00:00:00+00:00, run_after=2025-09-20 00:00:00+00:00
[2025-09-19T12:28:59.367+0000] {processor.py:183} INFO - Processing /opt/airflow/dags/timeseries_pipeline.py took 1.603 seconds
[2025-09-19T12:29:29.508+0000] {processor.py:161} INFO - Started process (PID=253) to work on /opt/airflow/dags/timeseries_pipeline.py
[2025-09-19T12:29:29.510+0000] {processor.py:830} INFO - Processing file /opt/airflow/dags/timeseries_pipeline.py for tasks to queue
[2025-09-19T12:29:29.514+0000] {logging_mixin.py:188} INFO - [2025-09-19T12:29:29.513+0000] {dagbag.py:545} INFO - Filling up the DagBag from /opt/airflow/dags/timeseries_pipeline.py
[2025-09-19T12:29:31.316+0000] {processor.py:840} INFO - DAG(s) 'timeseries_pipeline' retrieved from /opt/airflow/dags/timeseries_pipeline.py
[2025-09-19T12:29:31.368+0000] {logging_mixin.py:188} INFO - [2025-09-19T12:29:31.367+0000] {dag.py:3096} INFO - Sync 1 DAGs
[2025-09-19T12:29:31.408+0000] {logging_mixin.py:188} INFO - [2025-09-19T12:29:31.407+0000] {dag.py:3954} INFO - Setting next_dagrun for timeseries_pipeline to 2025-09-19 00:00:00+00:00, run_after=2025-09-20 00:00:00+00:00
[2025-09-19T12:29:31.444+0000] {processor.py:183} INFO - Processing /opt/airflow/dags/timeseries_pipeline.py took 1.949 seconds
[2025-09-19T12:30:25.065+0000] {processor.py:161} INFO - Started process (PID=181) to work on /opt/airflow/dags/timeseries_pipeline.py
[2025-09-19T12:30:25.067+0000] {processor.py:830} INFO - Processing file /opt/airflow/dags/timeseries_pipeline.py for tasks to queue
[2025-09-19T12:30:25.069+0000] {logging_mixin.py:188} INFO - [2025-09-19T12:30:25.069+0000] {dagbag.py:545} INFO - Filling up the DagBag from /opt/airflow/dags/timeseries_pipeline.py
[2025-09-19T12:30:27.078+0000] {logging_mixin.py:188} INFO - [2025-09-19T12:30:27.078+0000] {font_manager.py:1639} INFO - generated new fontManager
[2025-09-19T12:30:27.499+0000] {processor.py:840} INFO - DAG(s) 'timeseries_pipeline' retrieved from /opt/airflow/dags/timeseries_pipeline.py
[2025-09-19T12:30:27.537+0000] {logging_mixin.py:188} INFO - [2025-09-19T12:30:27.536+0000] {dag.py:3096} INFO - Sync 1 DAGs
[2025-09-19T12:30:27.572+0000] {logging_mixin.py:188} INFO - [2025-09-19T12:30:27.572+0000] {dag.py:3954} INFO - Setting next_dagrun for timeseries_pipeline to 2025-09-19 00:00:00+00:00, run_after=2025-09-20 00:00:00+00:00
[2025-09-19T12:30:27.600+0000] {processor.py:183} INFO - Processing /opt/airflow/dags/timeseries_pipeline.py took 2.541 seconds
[2025-09-19T12:30:58.143+0000] {processor.py:161} INFO - Started process (PID=197) to work on /opt/airflow/dags/timeseries_pipeline.py
[2025-09-19T12:30:58.146+0000] {processor.py:830} INFO - Processing file /opt/airflow/dags/timeseries_pipeline.py for tasks to queue
[2025-09-19T12:30:58.149+0000] {logging_mixin.py:188} INFO - [2025-09-19T12:30:58.149+0000] {dagbag.py:545} INFO - Filling up the DagBag from /opt/airflow/dags/timeseries_pipeline.py
[2025-09-19T12:30:59.557+0000] {processor.py:840} INFO - DAG(s) 'timeseries_pipeline' retrieved from /opt/airflow/dags/timeseries_pipeline.py
[2025-09-19T12:30:59.716+0000] {logging_mixin.py:188} INFO - [2025-09-19T12:30:59.715+0000] {dag.py:3096} INFO - Sync 1 DAGs
[2025-09-19T12:30:59.747+0000] {logging_mixin.py:188} INFO - [2025-09-19T12:30:59.746+0000] {dag.py:3954} INFO - Setting next_dagrun for timeseries_pipeline to 2025-09-19 00:00:00+00:00, run_after=2025-09-20 00:00:00+00:00
[2025-09-19T12:30:59.782+0000] {processor.py:183} INFO - Processing /opt/airflow/dags/timeseries_pipeline.py took 1.650 seconds
[2025-09-19T12:31:30.776+0000] {processor.py:161} INFO - Started process (PID=209) to work on /opt/airflow/dags/timeseries_pipeline.py
[2025-09-19T12:31:30.778+0000] {processor.py:830} INFO - Processing file /opt/airflow/dags/timeseries_pipeline.py for tasks to queue
[2025-09-19T12:31:30.783+0000] {logging_mixin.py:188} INFO - [2025-09-19T12:31:30.783+0000] {dagbag.py:545} INFO - Filling up the DagBag from /opt/airflow/dags/timeseries_pipeline.py
[2025-09-19T12:31:32.451+0000] {processor.py:840} INFO - DAG(s) 'timeseries_pipeline' retrieved from /opt/airflow/dags/timeseries_pipeline.py
[2025-09-19T12:31:32.494+0000] {logging_mixin.py:188} INFO - [2025-09-19T12:31:32.493+0000] {dag.py:3096} INFO - Sync 1 DAGs
[2025-09-19T12:31:32.530+0000] {logging_mixin.py:188} INFO - [2025-09-19T12:31:32.529+0000] {dag.py:3954} INFO - Setting next_dagrun for timeseries_pipeline to 2025-09-19 00:00:00+00:00, run_after=2025-09-20 00:00:00+00:00
[2025-09-19T12:31:32.562+0000] {processor.py:183} INFO - Processing /opt/airflow/dags/timeseries_pipeline.py took 1.796 seconds
[2025-09-19T12:32:03.330+0000] {processor.py:161} INFO - Started process (PID=221) to work on /opt/airflow/dags/timeseries_pipeline.py
[2025-09-19T12:32:03.331+0000] {processor.py:830} INFO - Processing file /opt/airflow/dags/timeseries_pipeline.py for tasks to queue
[2025-09-19T12:32:03.337+0000] {logging_mixin.py:188} INFO - [2025-09-19T12:32:03.336+0000] {dagbag.py:545} INFO - Filling up the DagBag from /opt/airflow/dags/timeseries_pipeline.py
[2025-09-19T12:32:05.138+0000] {processor.py:840} INFO - DAG(s) 'timeseries_pipeline' retrieved from /opt/airflow/dags/timeseries_pipeline.py
[2025-09-19T12:32:05.185+0000] {logging_mixin.py:188} INFO - [2025-09-19T12:32:05.183+0000] {dag.py:3096} INFO - Sync 1 DAGs
[2025-09-19T12:32:05.228+0000] {logging_mixin.py:188} INFO - [2025-09-19T12:32:05.228+0000] {dag.py:3954} INFO - Setting next_dagrun for timeseries_pipeline to 2025-09-19 00:00:00+00:00, run_after=2025-09-20 00:00:00+00:00
[2025-09-19T12:32:05.254+0000] {processor.py:183} INFO - Processing /opt/airflow/dags/timeseries_pipeline.py took 1.932 seconds
[2025-09-19T12:32:35.933+0000] {processor.py:161} INFO - Started process (PID=233) to work on /opt/airflow/dags/timeseries_pipeline.py
[2025-09-19T12:32:35.937+0000] {processor.py:830} INFO - Processing file /opt/airflow/dags/timeseries_pipeline.py for tasks to queue
[2025-09-19T12:32:35.943+0000] {logging_mixin.py:188} INFO - [2025-09-19T12:32:35.942+0000] {dagbag.py:545} INFO - Filling up the DagBag from /opt/airflow/dags/timeseries_pipeline.py
[2025-09-19T12:32:37.700+0000] {processor.py:840} INFO - DAG(s) 'timeseries_pipeline' retrieved from /opt/airflow/dags/timeseries_pipeline.py
[2025-09-19T12:32:37.741+0000] {logging_mixin.py:188} INFO - [2025-09-19T12:32:37.740+0000] {dag.py:3096} INFO - Sync 1 DAGs
[2025-09-19T12:32:37.761+0000] {logging_mixin.py:188} INFO - [2025-09-19T12:32:37.761+0000] {dag.py:3954} INFO - Setting next_dagrun for timeseries_pipeline to 2025-09-19 00:00:00+00:00, run_after=2025-09-20 00:00:00+00:00
[2025-09-19T12:32:37.791+0000] {processor.py:183} INFO - Processing /opt/airflow/dags/timeseries_pipeline.py took 1.875 seconds
[2025-09-19T12:33:29.691+0000] {processor.py:161} INFO - Started process (PID=181) to work on /opt/airflow/dags/timeseries_pipeline.py
[2025-09-19T12:33:29.693+0000] {processor.py:830} INFO - Processing file /opt/airflow/dags/timeseries_pipeline.py for tasks to queue
[2025-09-19T12:33:29.696+0000] {logging_mixin.py:188} INFO - [2025-09-19T12:33:29.695+0000] {dagbag.py:545} INFO - Filling up the DagBag from /opt/airflow/dags/timeseries_pipeline.py
[2025-09-19T12:33:31.575+0000] {logging_mixin.py:188} INFO - [2025-09-19T12:33:31.575+0000] {font_manager.py:1639} INFO - generated new fontManager
[2025-09-19T12:33:31.908+0000] {processor.py:840} INFO - DAG(s) 'timeseries_pipeline' retrieved from /opt/airflow/dags/timeseries_pipeline.py
[2025-09-19T12:33:31.933+0000] {logging_mixin.py:188} INFO - [2025-09-19T12:33:31.933+0000] {dag.py:3096} INFO - Sync 1 DAGs
[2025-09-19T12:33:31.960+0000] {logging_mixin.py:188} INFO - [2025-09-19T12:33:31.959+0000] {dag.py:3954} INFO - Setting next_dagrun for timeseries_pipeline to 2025-09-19 00:00:00+00:00, run_after=2025-09-20 00:00:00+00:00
[2025-09-19T12:33:31.981+0000] {processor.py:183} INFO - Processing /opt/airflow/dags/timeseries_pipeline.py took 2.296 seconds
[2025-09-19T12:34:02.456+0000] {processor.py:161} INFO - Started process (PID=200) to work on /opt/airflow/dags/timeseries_pipeline.py
[2025-09-19T12:34:02.459+0000] {processor.py:830} INFO - Processing file /opt/airflow/dags/timeseries_pipeline.py for tasks to queue
[2025-09-19T12:34:02.464+0000] {logging_mixin.py:188} INFO - [2025-09-19T12:34:02.463+0000] {dagbag.py:545} INFO - Filling up the DagBag from /opt/airflow/dags/timeseries_pipeline.py
[2025-09-19T12:34:03.986+0000] {processor.py:840} INFO - DAG(s) 'timeseries_pipeline' retrieved from /opt/airflow/dags/timeseries_pipeline.py
[2025-09-19T12:34:04.124+0000] {logging_mixin.py:188} INFO - [2025-09-19T12:34:04.123+0000] {dag.py:3096} INFO - Sync 1 DAGs
[2025-09-19T12:34:04.147+0000] {logging_mixin.py:188} INFO - [2025-09-19T12:34:04.146+0000] {dag.py:3954} INFO - Setting next_dagrun for timeseries_pipeline to 2025-09-19 00:00:00+00:00, run_after=2025-09-20 00:00:00+00:00
[2025-09-19T12:34:04.194+0000] {processor.py:183} INFO - Processing /opt/airflow/dags/timeseries_pipeline.py took 1.752 seconds
[2025-09-19T12:34:34.771+0000] {processor.py:161} INFO - Started process (PID=217) to work on /opt/airflow/dags/timeseries_pipeline.py
[2025-09-19T12:34:34.774+0000] {processor.py:830} INFO - Processing file /opt/airflow/dags/timeseries_pipeline.py for tasks to queue
[2025-09-19T12:34:34.780+0000] {logging_mixin.py:188} INFO - [2025-09-19T12:34:34.779+0000] {dagbag.py:545} INFO - Filling up the DagBag from /opt/airflow/dags/timeseries_pipeline.py
[2025-09-19T12:34:36.796+0000] {processor.py:840} INFO - DAG(s) 'timeseries_pipeline' retrieved from /opt/airflow/dags/timeseries_pipeline.py
[2025-09-19T12:34:36.849+0000] {logging_mixin.py:188} INFO - [2025-09-19T12:34:36.848+0000] {dag.py:3096} INFO - Sync 1 DAGs
[2025-09-19T12:34:36.889+0000] {logging_mixin.py:188} INFO - [2025-09-19T12:34:36.888+0000] {dag.py:3954} INFO - Setting next_dagrun for timeseries_pipeline to 2025-09-19 00:00:00+00:00, run_after=2025-09-20 00:00:00+00:00
[2025-09-19T12:34:36.926+0000] {processor.py:183} INFO - Processing /opt/airflow/dags/timeseries_pipeline.py took 2.171 seconds
[2025-09-19T12:35:07.516+0000] {processor.py:161} INFO - Started process (PID=229) to work on /opt/airflow/dags/timeseries_pipeline.py
[2025-09-19T12:35:07.518+0000] {processor.py:830} INFO - Processing file /opt/airflow/dags/timeseries_pipeline.py for tasks to queue
[2025-09-19T12:35:07.522+0000] {logging_mixin.py:188} INFO - [2025-09-19T12:35:07.521+0000] {dagbag.py:545} INFO - Filling up the DagBag from /opt/airflow/dags/timeseries_pipeline.py
[2025-09-19T12:35:09.263+0000] {processor.py:840} INFO - DAG(s) 'timeseries_pipeline' retrieved from /opt/airflow/dags/timeseries_pipeline.py
[2025-09-19T12:35:09.297+0000] {logging_mixin.py:188} INFO - [2025-09-19T12:35:09.297+0000] {dag.py:3096} INFO - Sync 1 DAGs
[2025-09-19T12:35:09.319+0000] {logging_mixin.py:188} INFO - [2025-09-19T12:35:09.319+0000] {dag.py:3954} INFO - Setting next_dagrun for timeseries_pipeline to 2025-09-19 00:00:00+00:00, run_after=2025-09-20 00:00:00+00:00
[2025-09-19T12:35:09.340+0000] {processor.py:183} INFO - Processing /opt/airflow/dags/timeseries_pipeline.py took 1.836 seconds
[2025-09-19T12:35:40.053+0000] {processor.py:161} INFO - Started process (PID=241) to work on /opt/airflow/dags/timeseries_pipeline.py
[2025-09-19T12:35:40.055+0000] {processor.py:830} INFO - Processing file /opt/airflow/dags/timeseries_pipeline.py for tasks to queue
[2025-09-19T12:35:40.057+0000] {logging_mixin.py:188} INFO - [2025-09-19T12:35:40.057+0000] {dagbag.py:545} INFO - Filling up the DagBag from /opt/airflow/dags/timeseries_pipeline.py
[2025-09-19T12:35:41.154+0000] {processor.py:840} INFO - DAG(s) 'timeseries_pipeline' retrieved from /opt/airflow/dags/timeseries_pipeline.py
[2025-09-19T12:35:41.185+0000] {logging_mixin.py:188} INFO - [2025-09-19T12:35:41.185+0000] {dag.py:3096} INFO - Sync 1 DAGs
[2025-09-19T12:35:41.205+0000] {logging_mixin.py:188} INFO - [2025-09-19T12:35:41.204+0000] {dag.py:3954} INFO - Setting next_dagrun for timeseries_pipeline to 2025-09-19 00:00:00+00:00, run_after=2025-09-20 00:00:00+00:00
[2025-09-19T12:35:41.226+0000] {processor.py:183} INFO - Processing /opt/airflow/dags/timeseries_pipeline.py took 1.179 seconds
[2025-09-19T12:36:11.845+0000] {processor.py:161} INFO - Started process (PID=253) to work on /opt/airflow/dags/timeseries_pipeline.py
[2025-09-19T12:36:11.847+0000] {processor.py:830} INFO - Processing file /opt/airflow/dags/timeseries_pipeline.py for tasks to queue
[2025-09-19T12:36:11.850+0000] {logging_mixin.py:188} INFO - [2025-09-19T12:36:11.849+0000] {dagbag.py:545} INFO - Filling up the DagBag from /opt/airflow/dags/timeseries_pipeline.py
[2025-09-19T12:36:13.264+0000] {processor.py:840} INFO - DAG(s) 'timeseries_pipeline' retrieved from /opt/airflow/dags/timeseries_pipeline.py
[2025-09-19T12:36:13.306+0000] {logging_mixin.py:188} INFO - [2025-09-19T12:36:13.304+0000] {dag.py:3096} INFO - Sync 1 DAGs
[2025-09-19T12:36:13.334+0000] {logging_mixin.py:188} INFO - [2025-09-19T12:36:13.334+0000] {dag.py:3954} INFO - Setting next_dagrun for timeseries_pipeline to 2025-09-19 00:00:00+00:00, run_after=2025-09-20 00:00:00+00:00
[2025-09-19T12:36:13.362+0000] {processor.py:183} INFO - Processing /opt/airflow/dags/timeseries_pipeline.py took 1.525 seconds
[2025-09-19T12:36:43.950+0000] {processor.py:161} INFO - Started process (PID=265) to work on /opt/airflow/dags/timeseries_pipeline.py
[2025-09-19T12:36:43.953+0000] {processor.py:830} INFO - Processing file /opt/airflow/dags/timeseries_pipeline.py for tasks to queue
[2025-09-19T12:36:43.957+0000] {logging_mixin.py:188} INFO - [2025-09-19T12:36:43.956+0000] {dagbag.py:545} INFO - Filling up the DagBag from /opt/airflow/dags/timeseries_pipeline.py
[2025-09-19T12:36:44.975+0000] {processor.py:840} INFO - DAG(s) 'timeseries_pipeline' retrieved from /opt/airflow/dags/timeseries_pipeline.py
[2025-09-19T12:36:44.985+0000] {logging_mixin.py:188} INFO - [2025-09-19T12:36:44.985+0000] {dag.py:3096} INFO - Sync 1 DAGs
[2025-09-19T12:36:45.004+0000] {logging_mixin.py:188} INFO - [2025-09-19T12:36:45.004+0000] {dag.py:3954} INFO - Setting next_dagrun for timeseries_pipeline to 2025-09-19 00:00:00+00:00, run_after=2025-09-20 00:00:00+00:00
[2025-09-19T12:36:45.026+0000] {processor.py:183} INFO - Processing /opt/airflow/dags/timeseries_pipeline.py took 1.091 seconds
[2025-09-19T12:37:15.477+0000] {processor.py:161} INFO - Started process (PID=289) to work on /opt/airflow/dags/timeseries_pipeline.py
[2025-09-19T12:37:15.479+0000] {processor.py:830} INFO - Processing file /opt/airflow/dags/timeseries_pipeline.py for tasks to queue
[2025-09-19T12:37:15.485+0000] {logging_mixin.py:188} INFO - [2025-09-19T12:37:15.485+0000] {dagbag.py:545} INFO - Filling up the DagBag from /opt/airflow/dags/timeseries_pipeline.py
[2025-09-19T12:37:16.988+0000] {processor.py:840} INFO - DAG(s) 'timeseries_pipeline' retrieved from /opt/airflow/dags/timeseries_pipeline.py
[2025-09-19T12:37:17.137+0000] {logging_mixin.py:188} INFO - [2025-09-19T12:37:17.136+0000] {dag.py:3096} INFO - Sync 1 DAGs
[2025-09-19T12:37:17.163+0000] {logging_mixin.py:188} INFO - [2025-09-19T12:37:17.163+0000] {dag.py:3954} INFO - Setting next_dagrun for timeseries_pipeline to 2025-09-19 00:00:00+00:00, run_after=2025-09-20 00:00:00+00:00
[2025-09-19T12:37:17.199+0000] {processor.py:183} INFO - Processing /opt/airflow/dags/timeseries_pipeline.py took 1.736 seconds
[2025-09-19T12:37:48.188+0000] {processor.py:161} INFO - Started process (PID=301) to work on /opt/airflow/dags/timeseries_pipeline.py
[2025-09-19T12:37:48.192+0000] {processor.py:830} INFO - Processing file /opt/airflow/dags/timeseries_pipeline.py for tasks to queue
[2025-09-19T12:37:48.197+0000] {logging_mixin.py:188} INFO - [2025-09-19T12:37:48.197+0000] {dagbag.py:545} INFO - Filling up the DagBag from /opt/airflow/dags/timeseries_pipeline.py
[2025-09-19T12:37:49.490+0000] {processor.py:840} INFO - DAG(s) 'timeseries_pipeline' retrieved from /opt/airflow/dags/timeseries_pipeline.py
[2025-09-19T12:37:49.520+0000] {logging_mixin.py:188} INFO - [2025-09-19T12:37:49.520+0000] {dag.py:3096} INFO - Sync 1 DAGs
[2025-09-19T12:37:49.553+0000] {logging_mixin.py:188} INFO - [2025-09-19T12:37:49.552+0000] {dag.py:3954} INFO - Setting next_dagrun for timeseries_pipeline to 2025-09-19 00:00:00+00:00, run_after=2025-09-20 00:00:00+00:00
[2025-09-19T12:37:49.585+0000] {processor.py:183} INFO - Processing /opt/airflow/dags/timeseries_pipeline.py took 1.413 seconds
[2025-09-19T12:38:19.746+0000] {processor.py:161} INFO - Started process (PID=324) to work on /opt/airflow/dags/timeseries_pipeline.py
[2025-09-19T12:38:19.749+0000] {processor.py:830} INFO - Processing file /opt/airflow/dags/timeseries_pipeline.py for tasks to queue
[2025-09-19T12:38:19.752+0000] {logging_mixin.py:188} INFO - [2025-09-19T12:38:19.751+0000] {dagbag.py:545} INFO - Filling up the DagBag from /opt/airflow/dags/timeseries_pipeline.py
[2025-09-19T12:38:20.808+0000] {processor.py:840} INFO - DAG(s) 'timeseries_pipeline' retrieved from /opt/airflow/dags/timeseries_pipeline.py
[2025-09-19T12:38:20.821+0000] {logging_mixin.py:188} INFO - [2025-09-19T12:38:20.821+0000] {dag.py:3096} INFO - Sync 1 DAGs
[2025-09-19T12:38:20.842+0000] {logging_mixin.py:188} INFO - [2025-09-19T12:38:20.842+0000] {dag.py:3954} INFO - Setting next_dagrun for timeseries_pipeline to 2025-09-19 00:00:00+00:00, run_after=2025-09-20 00:00:00+00:00
[2025-09-19T12:38:20.866+0000] {processor.py:183} INFO - Processing /opt/airflow/dags/timeseries_pipeline.py took 1.125 seconds
[2025-09-19T12:38:51.532+0000] {processor.py:161} INFO - Started process (PID=337) to work on /opt/airflow/dags/timeseries_pipeline.py
[2025-09-19T12:38:51.535+0000] {processor.py:830} INFO - Processing file /opt/airflow/dags/timeseries_pipeline.py for tasks to queue
[2025-09-19T12:38:51.539+0000] {logging_mixin.py:188} INFO - [2025-09-19T12:38:51.538+0000] {dagbag.py:545} INFO - Filling up the DagBag from /opt/airflow/dags/timeseries_pipeline.py
[2025-09-19T12:38:52.708+0000] {processor.py:840} INFO - DAG(s) 'timeseries_pipeline' retrieved from /opt/airflow/dags/timeseries_pipeline.py
[2025-09-19T12:38:52.820+0000] {logging_mixin.py:188} INFO - [2025-09-19T12:38:52.819+0000] {dag.py:3096} INFO - Sync 1 DAGs
[2025-09-19T12:38:52.838+0000] {logging_mixin.py:188} INFO - [2025-09-19T12:38:52.838+0000] {dag.py:3954} INFO - Setting next_dagrun for timeseries_pipeline to 2025-09-19 00:00:00+00:00, run_after=2025-09-20 00:00:00+00:00
[2025-09-19T12:38:52.860+0000] {processor.py:183} INFO - Processing /opt/airflow/dags/timeseries_pipeline.py took 1.342 seconds
[2025-09-19T12:39:23.532+0000] {processor.py:161} INFO - Started process (PID=349) to work on /opt/airflow/dags/timeseries_pipeline.py
[2025-09-19T12:39:23.535+0000] {processor.py:830} INFO - Processing file /opt/airflow/dags/timeseries_pipeline.py for tasks to queue
[2025-09-19T12:39:23.539+0000] {logging_mixin.py:188} INFO - [2025-09-19T12:39:23.538+0000] {dagbag.py:545} INFO - Filling up the DagBag from /opt/airflow/dags/timeseries_pipeline.py
[2025-09-19T12:39:25.294+0000] {processor.py:840} INFO - DAG(s) 'timeseries_pipeline' retrieved from /opt/airflow/dags/timeseries_pipeline.py
[2025-09-19T12:39:25.321+0000] {logging_mixin.py:188} INFO - [2025-09-19T12:39:25.320+0000] {dag.py:3096} INFO - Sync 1 DAGs
[2025-09-19T12:39:25.344+0000] {logging_mixin.py:188} INFO - [2025-09-19T12:39:25.344+0000] {dag.py:3954} INFO - Setting next_dagrun for timeseries_pipeline to 2025-09-19 00:00:00+00:00, run_after=2025-09-20 00:00:00+00:00
[2025-09-19T12:39:25.366+0000] {processor.py:183} INFO - Processing /opt/airflow/dags/timeseries_pipeline.py took 1.847 seconds
[2025-09-19T12:39:55.969+0000] {processor.py:161} INFO - Started process (PID=361) to work on /opt/airflow/dags/timeseries_pipeline.py
[2025-09-19T12:39:55.975+0000] {processor.py:830} INFO - Processing file /opt/airflow/dags/timeseries_pipeline.py for tasks to queue
[2025-09-19T12:39:55.981+0000] {logging_mixin.py:188} INFO - [2025-09-19T12:39:55.980+0000] {dagbag.py:545} INFO - Filling up the DagBag from /opt/airflow/dags/timeseries_pipeline.py
[2025-09-19T12:39:57.711+0000] {processor.py:840} INFO - DAG(s) 'timeseries_pipeline' retrieved from /opt/airflow/dags/timeseries_pipeline.py
[2025-09-19T12:39:57.772+0000] {logging_mixin.py:188} INFO - [2025-09-19T12:39:57.771+0000] {dag.py:3096} INFO - Sync 1 DAGs
[2025-09-19T12:39:57.819+0000] {logging_mixin.py:188} INFO - [2025-09-19T12:39:57.818+0000] {dag.py:3954} INFO - Setting next_dagrun for timeseries_pipeline to 2025-09-19 00:00:00+00:00, run_after=2025-09-20 00:00:00+00:00
[2025-09-19T12:39:57.861+0000] {processor.py:183} INFO - Processing /opt/airflow/dags/timeseries_pipeline.py took 1.914 seconds
[2025-09-19T12:40:28.842+0000] {processor.py:161} INFO - Started process (PID=373) to work on /opt/airflow/dags/timeseries_pipeline.py
[2025-09-19T12:40:28.844+0000] {processor.py:830} INFO - Processing file /opt/airflow/dags/timeseries_pipeline.py for tasks to queue
[2025-09-19T12:40:28.848+0000] {logging_mixin.py:188} INFO - [2025-09-19T12:40:28.847+0000] {dagbag.py:545} INFO - Filling up the DagBag from /opt/airflow/dags/timeseries_pipeline.py
[2025-09-19T12:40:30.306+0000] {processor.py:840} INFO - DAG(s) 'timeseries_pipeline' retrieved from /opt/airflow/dags/timeseries_pipeline.py
[2025-09-19T12:40:30.363+0000] {logging_mixin.py:188} INFO - [2025-09-19T12:40:30.361+0000] {dag.py:3096} INFO - Sync 1 DAGs
[2025-09-19T12:40:30.415+0000] {logging_mixin.py:188} INFO - [2025-09-19T12:40:30.415+0000] {dag.py:3954} INFO - Setting next_dagrun for timeseries_pipeline to 2025-09-19 00:00:00+00:00, run_after=2025-09-20 00:00:00+00:00
[2025-09-19T12:40:30.452+0000] {processor.py:183} INFO - Processing /opt/airflow/dags/timeseries_pipeline.py took 1.624 seconds
[2025-09-19T12:41:01.043+0000] {processor.py:161} INFO - Started process (PID=397) to work on /opt/airflow/dags/timeseries_pipeline.py
[2025-09-19T12:41:01.045+0000] {processor.py:830} INFO - Processing file /opt/airflow/dags/timeseries_pipeline.py for tasks to queue
[2025-09-19T12:41:01.051+0000] {logging_mixin.py:188} INFO - [2025-09-19T12:41:01.049+0000] {dagbag.py:545} INFO - Filling up the DagBag from /opt/airflow/dags/timeseries_pipeline.py
[2025-09-19T12:41:02.753+0000] {processor.py:840} INFO - DAG(s) 'timeseries_pipeline' retrieved from /opt/airflow/dags/timeseries_pipeline.py
[2025-09-19T12:41:02.773+0000] {logging_mixin.py:188} INFO - [2025-09-19T12:41:02.772+0000] {dag.py:3096} INFO - Sync 1 DAGs
[2025-09-19T12:41:02.820+0000] {logging_mixin.py:188} INFO - [2025-09-19T12:41:02.819+0000] {dag.py:3954} INFO - Setting next_dagrun for timeseries_pipeline to 2025-09-19 00:00:00+00:00, run_after=2025-09-20 00:00:00+00:00
[2025-09-19T12:41:02.862+0000] {processor.py:183} INFO - Processing /opt/airflow/dags/timeseries_pipeline.py took 1.832 seconds
[2025-09-19T12:41:33.474+0000] {processor.py:161} INFO - Started process (PID=409) to work on /opt/airflow/dags/timeseries_pipeline.py
[2025-09-19T12:41:33.477+0000] {processor.py:830} INFO - Processing file /opt/airflow/dags/timeseries_pipeline.py for tasks to queue
[2025-09-19T12:41:33.481+0000] {logging_mixin.py:188} INFO - [2025-09-19T12:41:33.480+0000] {dagbag.py:545} INFO - Filling up the DagBag from /opt/airflow/dags/timeseries_pipeline.py
[2025-09-19T12:41:35.229+0000] {processor.py:840} INFO - DAG(s) 'timeseries_pipeline' retrieved from /opt/airflow/dags/timeseries_pipeline.py
[2025-09-19T12:41:35.413+0000] {logging_mixin.py:188} INFO - [2025-09-19T12:41:35.412+0000] {dag.py:3096} INFO - Sync 1 DAGs
[2025-09-19T12:41:35.452+0000] {logging_mixin.py:188} INFO - [2025-09-19T12:41:35.451+0000] {dag.py:3954} INFO - Setting next_dagrun for timeseries_pipeline to 2025-09-19 00:00:00+00:00, run_after=2025-09-20 00:00:00+00:00
[2025-09-19T12:41:35.492+0000] {processor.py:183} INFO - Processing /opt/airflow/dags/timeseries_pipeline.py took 2.032 seconds
[2025-09-19T12:42:06.131+0000] {processor.py:161} INFO - Started process (PID=421) to work on /opt/airflow/dags/timeseries_pipeline.py
[2025-09-19T12:42:06.132+0000] {processor.py:830} INFO - Processing file /opt/airflow/dags/timeseries_pipeline.py for tasks to queue
[2025-09-19T12:42:06.136+0000] {logging_mixin.py:188} INFO - [2025-09-19T12:42:06.135+0000] {dagbag.py:545} INFO - Filling up the DagBag from /opt/airflow/dags/timeseries_pipeline.py
[2025-09-19T12:42:07.922+0000] {processor.py:840} INFO - DAG(s) 'timeseries_pipeline' retrieved from /opt/airflow/dags/timeseries_pipeline.py
[2025-09-19T12:42:07.954+0000] {logging_mixin.py:188} INFO - [2025-09-19T12:42:07.953+0000] {dag.py:3096} INFO - Sync 1 DAGs
[2025-09-19T12:42:07.975+0000] {logging_mixin.py:188} INFO - [2025-09-19T12:42:07.975+0000] {dag.py:3954} INFO - Setting next_dagrun for timeseries_pipeline to 2025-09-19 00:00:00+00:00, run_after=2025-09-20 00:00:00+00:00
[2025-09-19T12:42:08.003+0000] {processor.py:183} INFO - Processing /opt/airflow/dags/timeseries_pipeline.py took 1.881 seconds
[2025-09-19T12:42:38.893+0000] {processor.py:161} INFO - Started process (PID=433) to work on /opt/airflow/dags/timeseries_pipeline.py
[2025-09-19T12:42:38.895+0000] {processor.py:830} INFO - Processing file /opt/airflow/dags/timeseries_pipeline.py for tasks to queue
[2025-09-19T12:42:38.899+0000] {logging_mixin.py:188} INFO - [2025-09-19T12:42:38.898+0000] {dagbag.py:545} INFO - Filling up the DagBag from /opt/airflow/dags/timeseries_pipeline.py
[2025-09-19T12:42:40.110+0000] {processor.py:840} INFO - DAG(s) 'timeseries_pipeline' retrieved from /opt/airflow/dags/timeseries_pipeline.py
[2025-09-19T12:42:40.137+0000] {logging_mixin.py:188} INFO - [2025-09-19T12:42:40.136+0000] {dag.py:3096} INFO - Sync 1 DAGs
[2025-09-19T12:42:40.158+0000] {logging_mixin.py:188} INFO - [2025-09-19T12:42:40.157+0000] {dag.py:3954} INFO - Setting next_dagrun for timeseries_pipeline to 2025-09-19 00:00:00+00:00, run_after=2025-09-20 00:00:00+00:00
[2025-09-19T12:42:40.180+0000] {processor.py:183} INFO - Processing /opt/airflow/dags/timeseries_pipeline.py took 1.295 seconds
[2025-09-19T12:43:10.513+0000] {processor.py:161} INFO - Started process (PID=445) to work on /opt/airflow/dags/timeseries_pipeline.py
[2025-09-19T12:43:10.515+0000] {processor.py:830} INFO - Processing file /opt/airflow/dags/timeseries_pipeline.py for tasks to queue
[2025-09-19T12:43:10.518+0000] {logging_mixin.py:188} INFO - [2025-09-19T12:43:10.517+0000] {dagbag.py:545} INFO - Filling up the DagBag from /opt/airflow/dags/timeseries_pipeline.py
[2025-09-19T12:43:11.713+0000] {processor.py:840} INFO - DAG(s) 'timeseries_pipeline' retrieved from /opt/airflow/dags/timeseries_pipeline.py
[2025-09-19T12:43:11.740+0000] {logging_mixin.py:188} INFO - [2025-09-19T12:43:11.739+0000] {dag.py:3096} INFO - Sync 1 DAGs
[2025-09-19T12:43:11.761+0000] {logging_mixin.py:188} INFO - [2025-09-19T12:43:11.760+0000] {dag.py:3954} INFO - Setting next_dagrun for timeseries_pipeline to 2025-09-19 00:00:00+00:00, run_after=2025-09-20 00:00:00+00:00
[2025-09-19T12:43:11.791+0000] {processor.py:183} INFO - Processing /opt/airflow/dags/timeseries_pipeline.py took 1.283 seconds
[2025-09-19T12:43:42.428+0000] {processor.py:161} INFO - Started process (PID=460) to work on /opt/airflow/dags/timeseries_pipeline.py
[2025-09-19T12:43:42.429+0000] {processor.py:830} INFO - Processing file /opt/airflow/dags/timeseries_pipeline.py for tasks to queue
[2025-09-19T12:43:42.432+0000] {logging_mixin.py:188} INFO - [2025-09-19T12:43:42.431+0000] {dagbag.py:545} INFO - Filling up the DagBag from /opt/airflow/dags/timeseries_pipeline.py
[2025-09-19T12:43:43.549+0000] {processor.py:840} INFO - DAG(s) 'timeseries_pipeline' retrieved from /opt/airflow/dags/timeseries_pipeline.py
[2025-09-19T12:43:43.574+0000] {logging_mixin.py:188} INFO - [2025-09-19T12:43:43.573+0000] {dag.py:3096} INFO - Sync 1 DAGs
[2025-09-19T12:43:43.598+0000] {logging_mixin.py:188} INFO - [2025-09-19T12:43:43.598+0000] {dag.py:3954} INFO - Setting next_dagrun for timeseries_pipeline to 2025-09-19 00:00:00+00:00, run_after=2025-09-20 00:00:00+00:00
[2025-09-19T12:43:43.620+0000] {processor.py:183} INFO - Processing /opt/airflow/dags/timeseries_pipeline.py took 1.199 seconds
[2025-09-19T12:44:14.220+0000] {processor.py:161} INFO - Started process (PID=474) to work on /opt/airflow/dags/timeseries_pipeline.py
[2025-09-19T12:44:14.222+0000] {processor.py:830} INFO - Processing file /opt/airflow/dags/timeseries_pipeline.py for tasks to queue
[2025-09-19T12:44:14.225+0000] {logging_mixin.py:188} INFO - [2025-09-19T12:44:14.225+0000] {dagbag.py:545} INFO - Filling up the DagBag from /opt/airflow/dags/timeseries_pipeline.py
[2025-09-19T12:44:15.585+0000] {processor.py:840} INFO - DAG(s) 'timeseries_pipeline' retrieved from /opt/airflow/dags/timeseries_pipeline.py
[2025-09-19T12:44:15.611+0000] {logging_mixin.py:188} INFO - [2025-09-19T12:44:15.611+0000] {dag.py:3096} INFO - Sync 1 DAGs
[2025-09-19T12:44:15.638+0000] {logging_mixin.py:188} INFO - [2025-09-19T12:44:15.638+0000] {dag.py:3954} INFO - Setting next_dagrun for timeseries_pipeline to 2025-09-19 00:00:00+00:00, run_after=2025-09-20 00:00:00+00:00
[2025-09-19T12:44:15.669+0000] {processor.py:183} INFO - Processing /opt/airflow/dags/timeseries_pipeline.py took 1.461 seconds
[2025-09-19T12:44:46.014+0000] {processor.py:161} INFO - Started process (PID=502) to work on /opt/airflow/dags/timeseries_pipeline.py
[2025-09-19T12:44:46.016+0000] {processor.py:830} INFO - Processing file /opt/airflow/dags/timeseries_pipeline.py for tasks to queue
[2025-09-19T12:44:46.020+0000] {logging_mixin.py:188} INFO - [2025-09-19T12:44:46.019+0000] {dagbag.py:545} INFO - Filling up the DagBag from /opt/airflow/dags/timeseries_pipeline.py
[2025-09-19T12:44:47.540+0000] {processor.py:840} INFO - DAG(s) 'timeseries_pipeline' retrieved from /opt/airflow/dags/timeseries_pipeline.py
[2025-09-19T12:44:47.557+0000] {logging_mixin.py:188} INFO - [2025-09-19T12:44:47.557+0000] {dag.py:3096} INFO - Sync 1 DAGs
[2025-09-19T12:44:47.589+0000] {logging_mixin.py:188} INFO - [2025-09-19T12:44:47.589+0000] {dag.py:3954} INFO - Setting next_dagrun for timeseries_pipeline to 2025-09-19 00:00:00+00:00, run_after=2025-09-20 00:00:00+00:00
[2025-09-19T12:44:47.623+0000] {processor.py:183} INFO - Processing /opt/airflow/dags/timeseries_pipeline.py took 1.622 seconds
[2025-09-19T12:45:18.510+0000] {processor.py:161} INFO - Started process (PID=514) to work on /opt/airflow/dags/timeseries_pipeline.py
[2025-09-19T12:45:18.514+0000] {processor.py:830} INFO - Processing file /opt/airflow/dags/timeseries_pipeline.py for tasks to queue
[2025-09-19T12:45:18.523+0000] {logging_mixin.py:188} INFO - [2025-09-19T12:45:18.521+0000] {dagbag.py:545} INFO - Filling up the DagBag from /opt/airflow/dags/timeseries_pipeline.py
[2025-09-19T12:45:21.830+0000] {processor.py:840} INFO - DAG(s) 'timeseries_pipeline' retrieved from /opt/airflow/dags/timeseries_pipeline.py
[2025-09-19T12:45:22.039+0000] {logging_mixin.py:188} INFO - [2025-09-19T12:45:22.038+0000] {dag.py:3096} INFO - Sync 1 DAGs
[2025-09-19T12:45:22.098+0000] {logging_mixin.py:188} INFO - [2025-09-19T12:45:22.097+0000] {dag.py:3954} INFO - Setting next_dagrun for timeseries_pipeline to 2025-09-19 00:00:00+00:00, run_after=2025-09-20 00:00:00+00:00
[2025-09-19T12:45:22.150+0000] {processor.py:183} INFO - Processing /opt/airflow/dags/timeseries_pipeline.py took 3.703 seconds
[2025-09-19T12:45:52.774+0000] {processor.py:161} INFO - Started process (PID=527) to work on /opt/airflow/dags/timeseries_pipeline.py
[2025-09-19T12:45:52.776+0000] {processor.py:830} INFO - Processing file /opt/airflow/dags/timeseries_pipeline.py for tasks to queue
[2025-09-19T12:45:52.779+0000] {logging_mixin.py:188} INFO - [2025-09-19T12:45:52.779+0000] {dagbag.py:545} INFO - Filling up the DagBag from /opt/airflow/dags/timeseries_pipeline.py
[2025-09-19T12:45:54.407+0000] {processor.py:840} INFO - DAG(s) 'timeseries_pipeline' retrieved from /opt/airflow/dags/timeseries_pipeline.py
[2025-09-19T12:45:54.440+0000] {logging_mixin.py:188} INFO - [2025-09-19T12:45:54.439+0000] {dag.py:3096} INFO - Sync 1 DAGs
[2025-09-19T12:45:54.467+0000] {logging_mixin.py:188} INFO - [2025-09-19T12:45:54.467+0000] {dag.py:3954} INFO - Setting next_dagrun for timeseries_pipeline to 2025-09-19 00:00:00+00:00, run_after=2025-09-20 00:00:00+00:00
[2025-09-19T12:45:54.496+0000] {processor.py:183} INFO - Processing /opt/airflow/dags/timeseries_pipeline.py took 1.732 seconds
[2025-09-19T12:46:24.575+0000] {processor.py:161} INFO - Started process (PID=539) to work on /opt/airflow/dags/timeseries_pipeline.py
[2025-09-19T12:46:24.577+0000] {processor.py:830} INFO - Processing file /opt/airflow/dags/timeseries_pipeline.py for tasks to queue
[2025-09-19T12:46:24.580+0000] {logging_mixin.py:188} INFO - [2025-09-19T12:46:24.579+0000] {dagbag.py:545} INFO - Filling up the DagBag from /opt/airflow/dags/timeseries_pipeline.py
[2025-09-19T12:46:26.930+0000] {processor.py:840} INFO - DAG(s) 'timeseries_pipeline' retrieved from /opt/airflow/dags/timeseries_pipeline.py
[2025-09-19T12:46:26.991+0000] {logging_mixin.py:188} INFO - [2025-09-19T12:46:26.990+0000] {dag.py:3096} INFO - Sync 1 DAGs
[2025-09-19T12:46:27.024+0000] {logging_mixin.py:188} INFO - [2025-09-19T12:46:27.023+0000] {dag.py:3954} INFO - Setting next_dagrun for timeseries_pipeline to 2025-09-19 00:00:00+00:00, run_after=2025-09-20 00:00:00+00:00
[2025-09-19T12:46:27.057+0000] {processor.py:183} INFO - Processing /opt/airflow/dags/timeseries_pipeline.py took 2.397 seconds
[2025-09-19T12:46:57.731+0000] {processor.py:161} INFO - Started process (PID=572) to work on /opt/airflow/dags/timeseries_pipeline.py
[2025-09-19T12:46:57.734+0000] {processor.py:830} INFO - Processing file /opt/airflow/dags/timeseries_pipeline.py for tasks to queue
[2025-09-19T12:46:57.739+0000] {logging_mixin.py:188} INFO - [2025-09-19T12:46:57.738+0000] {dagbag.py:545} INFO - Filling up the DagBag from /opt/airflow/dags/timeseries_pipeline.py
[2025-09-19T12:46:59.440+0000] {processor.py:840} INFO - DAG(s) 'timeseries_pipeline' retrieved from /opt/airflow/dags/timeseries_pipeline.py
[2025-09-19T12:46:59.478+0000] {logging_mixin.py:188} INFO - [2025-09-19T12:46:59.477+0000] {dag.py:3096} INFO - Sync 1 DAGs
[2025-09-19T12:46:59.516+0000] {logging_mixin.py:188} INFO - [2025-09-19T12:46:59.516+0000] {dag.py:3954} INFO - Setting next_dagrun for timeseries_pipeline to 2025-09-19 00:00:00+00:00, run_after=2025-09-20 00:00:00+00:00
[2025-09-19T12:46:59.562+0000] {processor.py:183} INFO - Processing /opt/airflow/dags/timeseries_pipeline.py took 1.854 seconds
[2025-09-19T12:47:30.388+0000] {processor.py:161} INFO - Started process (PID=584) to work on /opt/airflow/dags/timeseries_pipeline.py
[2025-09-19T12:47:30.391+0000] {processor.py:830} INFO - Processing file /opt/airflow/dags/timeseries_pipeline.py for tasks to queue
[2025-09-19T12:47:30.396+0000] {logging_mixin.py:188} INFO - [2025-09-19T12:47:30.395+0000] {dagbag.py:545} INFO - Filling up the DagBag from /opt/airflow/dags/timeseries_pipeline.py
[2025-09-19T12:47:32.229+0000] {processor.py:840} INFO - DAG(s) 'timeseries_pipeline' retrieved from /opt/airflow/dags/timeseries_pipeline.py
[2025-09-19T12:47:32.288+0000] {logging_mixin.py:188} INFO - [2025-09-19T12:47:32.287+0000] {dag.py:3096} INFO - Sync 1 DAGs
[2025-09-19T12:47:32.336+0000] {logging_mixin.py:188} INFO - [2025-09-19T12:47:32.335+0000] {dag.py:3954} INFO - Setting next_dagrun for timeseries_pipeline to 2025-09-19 00:00:00+00:00, run_after=2025-09-20 00:00:00+00:00
[2025-09-19T12:47:32.378+0000] {processor.py:183} INFO - Processing /opt/airflow/dags/timeseries_pipeline.py took 2.006 seconds
[2025-09-19T12:48:03.022+0000] {processor.py:161} INFO - Started process (PID=596) to work on /opt/airflow/dags/timeseries_pipeline.py
[2025-09-19T12:48:03.025+0000] {processor.py:830} INFO - Processing file /opt/airflow/dags/timeseries_pipeline.py for tasks to queue
[2025-09-19T12:48:03.030+0000] {logging_mixin.py:188} INFO - [2025-09-19T12:48:03.029+0000] {dagbag.py:545} INFO - Filling up the DagBag from /opt/airflow/dags/timeseries_pipeline.py
[2025-09-19T12:48:04.526+0000] {processor.py:840} INFO - DAG(s) 'timeseries_pipeline' retrieved from /opt/airflow/dags/timeseries_pipeline.py
[2025-09-19T12:48:04.581+0000] {logging_mixin.py:188} INFO - [2025-09-19T12:48:04.580+0000] {dag.py:3096} INFO - Sync 1 DAGs
[2025-09-19T12:48:04.619+0000] {logging_mixin.py:188} INFO - [2025-09-19T12:48:04.618+0000] {dag.py:3954} INFO - Setting next_dagrun for timeseries_pipeline to 2025-09-19 00:00:00+00:00, run_after=2025-09-20 00:00:00+00:00
[2025-09-19T12:48:04.663+0000] {processor.py:183} INFO - Processing /opt/airflow/dags/timeseries_pipeline.py took 1.655 seconds
[2025-09-19T12:48:34.940+0000] {processor.py:161} INFO - Started process (PID=608) to work on /opt/airflow/dags/timeseries_pipeline.py
[2025-09-19T12:48:34.941+0000] {processor.py:830} INFO - Processing file /opt/airflow/dags/timeseries_pipeline.py for tasks to queue
[2025-09-19T12:48:34.944+0000] {logging_mixin.py:188} INFO - [2025-09-19T12:48:34.944+0000] {dagbag.py:545} INFO - Filling up the DagBag from /opt/airflow/dags/timeseries_pipeline.py
[2025-09-19T12:48:36.207+0000] {processor.py:840} INFO - DAG(s) 'timeseries_pipeline' retrieved from /opt/airflow/dags/timeseries_pipeline.py
[2025-09-19T12:48:36.245+0000] {logging_mixin.py:188} INFO - [2025-09-19T12:48:36.245+0000] {dag.py:3096} INFO - Sync 1 DAGs
[2025-09-19T12:48:36.275+0000] {logging_mixin.py:188} INFO - [2025-09-19T12:48:36.275+0000] {dag.py:3954} INFO - Setting next_dagrun for timeseries_pipeline to 2025-09-19 00:00:00+00:00, run_after=2025-09-20 00:00:00+00:00
[2025-09-19T12:48:36.300+0000] {processor.py:183} INFO - Processing /opt/airflow/dags/timeseries_pipeline.py took 1.366 seconds
[2025-09-19T12:49:06.640+0000] {processor.py:161} INFO - Started process (PID=636) to work on /opt/airflow/dags/timeseries_pipeline.py
[2025-09-19T12:49:06.646+0000] {processor.py:830} INFO - Processing file /opt/airflow/dags/timeseries_pipeline.py for tasks to queue
[2025-09-19T12:49:06.652+0000] {logging_mixin.py:188} INFO - [2025-09-19T12:49:06.651+0000] {dagbag.py:545} INFO - Filling up the DagBag from /opt/airflow/dags/timeseries_pipeline.py
[2025-09-19T12:49:08.494+0000] {processor.py:840} INFO - DAG(s) 'timeseries_pipeline' retrieved from /opt/airflow/dags/timeseries_pipeline.py
[2025-09-19T12:49:08.506+0000] {logging_mixin.py:188} INFO - [2025-09-19T12:49:08.505+0000] {dag.py:3096} INFO - Sync 1 DAGs
[2025-09-19T12:49:08.531+0000] {logging_mixin.py:188} INFO - [2025-09-19T12:49:08.531+0000] {dag.py:3954} INFO - Setting next_dagrun for timeseries_pipeline to 2025-09-19 00:00:00+00:00, run_after=2025-09-20 00:00:00+00:00
[2025-09-19T12:49:08.554+0000] {processor.py:183} INFO - Processing /opt/airflow/dags/timeseries_pipeline.py took 1.934 seconds
[2025-09-19T12:49:39.259+0000] {processor.py:161} INFO - Started process (PID=648) to work on /opt/airflow/dags/timeseries_pipeline.py
[2025-09-19T12:49:39.261+0000] {processor.py:830} INFO - Processing file /opt/airflow/dags/timeseries_pipeline.py for tasks to queue
[2025-09-19T12:49:39.267+0000] {logging_mixin.py:188} INFO - [2025-09-19T12:49:39.266+0000] {dagbag.py:545} INFO - Filling up the DagBag from /opt/airflow/dags/timeseries_pipeline.py
[2025-09-19T12:49:40.448+0000] {processor.py:840} INFO - DAG(s) 'timeseries_pipeline' retrieved from /opt/airflow/dags/timeseries_pipeline.py
[2025-09-19T12:49:40.579+0000] {logging_mixin.py:188} INFO - [2025-09-19T12:49:40.578+0000] {dag.py:3096} INFO - Sync 1 DAGs
[2025-09-19T12:49:40.596+0000] {logging_mixin.py:188} INFO - [2025-09-19T12:49:40.596+0000] {dag.py:3954} INFO - Setting next_dagrun for timeseries_pipeline to 2025-09-19 00:00:00+00:00, run_after=2025-09-20 00:00:00+00:00
[2025-09-19T12:49:40.617+0000] {processor.py:183} INFO - Processing /opt/airflow/dags/timeseries_pipeline.py took 1.377 seconds
[2025-09-19T12:50:10.983+0000] {processor.py:161} INFO - Started process (PID=661) to work on /opt/airflow/dags/timeseries_pipeline.py
[2025-09-19T12:50:10.986+0000] {processor.py:830} INFO - Processing file /opt/airflow/dags/timeseries_pipeline.py for tasks to queue
[2025-09-19T12:50:10.992+0000] {logging_mixin.py:188} INFO - [2025-09-19T12:50:10.991+0000] {dagbag.py:545} INFO - Filling up the DagBag from /opt/airflow/dags/timeseries_pipeline.py
[2025-09-19T12:50:13.206+0000] {processor.py:840} INFO - DAG(s) 'timeseries_pipeline' retrieved from /opt/airflow/dags/timeseries_pipeline.py
[2025-09-19T12:50:13.264+0000] {logging_mixin.py:188} INFO - [2025-09-19T12:50:13.263+0000] {dag.py:3096} INFO - Sync 1 DAGs
[2025-09-19T12:50:13.298+0000] {logging_mixin.py:188} INFO - [2025-09-19T12:50:13.297+0000] {dag.py:3954} INFO - Setting next_dagrun for timeseries_pipeline to 2025-09-19 00:00:00+00:00, run_after=2025-09-20 00:00:00+00:00
[2025-09-19T12:50:13.334+0000] {processor.py:183} INFO - Processing /opt/airflow/dags/timeseries_pipeline.py took 2.376 seconds
[2025-09-19T12:50:43.632+0000] {processor.py:161} INFO - Started process (PID=697) to work on /opt/airflow/dags/timeseries_pipeline.py
[2025-09-19T12:50:43.634+0000] {processor.py:830} INFO - Processing file /opt/airflow/dags/timeseries_pipeline.py for tasks to queue
[2025-09-19T12:50:43.639+0000] {logging_mixin.py:188} INFO - [2025-09-19T12:50:43.638+0000] {dagbag.py:545} INFO - Filling up the DagBag from /opt/airflow/dags/timeseries_pipeline.py
[2025-09-19T12:50:44.790+0000] {processor.py:840} INFO - DAG(s) 'timeseries_pipeline' retrieved from /opt/airflow/dags/timeseries_pipeline.py
[2025-09-19T12:50:44.827+0000] {logging_mixin.py:188} INFO - [2025-09-19T12:50:44.827+0000] {dag.py:3096} INFO - Sync 1 DAGs
[2025-09-19T12:50:44.855+0000] {logging_mixin.py:188} INFO - [2025-09-19T12:50:44.854+0000] {dag.py:3954} INFO - Setting next_dagrun for timeseries_pipeline to 2025-09-19 00:00:00+00:00, run_after=2025-09-20 00:00:00+00:00
[2025-09-19T12:50:44.877+0000] {processor.py:183} INFO - Processing /opt/airflow/dags/timeseries_pipeline.py took 1.254 seconds
[2025-09-19T12:51:15.462+0000] {processor.py:161} INFO - Started process (PID=710) to work on /opt/airflow/dags/timeseries_pipeline.py
[2025-09-19T12:51:15.464+0000] {processor.py:830} INFO - Processing file /opt/airflow/dags/timeseries_pipeline.py for tasks to queue
[2025-09-19T12:51:15.466+0000] {logging_mixin.py:188} INFO - [2025-09-19T12:51:15.466+0000] {dagbag.py:545} INFO - Filling up the DagBag from /opt/airflow/dags/timeseries_pipeline.py
[2025-09-19T12:51:16.831+0000] {processor.py:840} INFO - DAG(s) 'timeseries_pipeline' retrieved from /opt/airflow/dags/timeseries_pipeline.py
[2025-09-19T12:51:16.884+0000] {logging_mixin.py:188} INFO - [2025-09-19T12:51:16.884+0000] {dag.py:3096} INFO - Sync 1 DAGs
[2025-09-19T12:51:16.929+0000] {logging_mixin.py:188} INFO - [2025-09-19T12:51:16.928+0000] {dag.py:3954} INFO - Setting next_dagrun for timeseries_pipeline to 2025-09-19 00:00:00+00:00, run_after=2025-09-20 00:00:00+00:00
[2025-09-19T12:51:16.971+0000] {processor.py:183} INFO - Processing /opt/airflow/dags/timeseries_pipeline.py took 1.515 seconds
[2025-09-19T12:51:47.206+0000] {processor.py:161} INFO - Started process (PID=722) to work on /opt/airflow/dags/timeseries_pipeline.py
[2025-09-19T12:51:47.209+0000] {processor.py:830} INFO - Processing file /opt/airflow/dags/timeseries_pipeline.py for tasks to queue
[2025-09-19T12:51:47.216+0000] {logging_mixin.py:188} INFO - [2025-09-19T12:51:47.215+0000] {dagbag.py:545} INFO - Filling up the DagBag from /opt/airflow/dags/timeseries_pipeline.py
[2025-09-19T12:51:49.100+0000] {processor.py:840} INFO - DAG(s) 'timeseries_pipeline' retrieved from /opt/airflow/dags/timeseries_pipeline.py
[2025-09-19T12:51:49.149+0000] {logging_mixin.py:188} INFO - [2025-09-19T12:51:49.148+0000] {dag.py:3096} INFO - Sync 1 DAGs
[2025-09-19T12:51:49.201+0000] {logging_mixin.py:188} INFO - [2025-09-19T12:51:49.200+0000] {dag.py:3954} INFO - Setting next_dagrun for timeseries_pipeline to 2025-09-19 00:00:00+00:00, run_after=2025-09-20 00:00:00+00:00
[2025-09-19T12:51:49.251+0000] {processor.py:183} INFO - Processing /opt/airflow/dags/timeseries_pipeline.py took 2.059 seconds
[2025-09-19T12:52:19.913+0000] {processor.py:161} INFO - Started process (PID=734) to work on /opt/airflow/dags/timeseries_pipeline.py
[2025-09-19T12:52:19.917+0000] {processor.py:830} INFO - Processing file /opt/airflow/dags/timeseries_pipeline.py for tasks to queue
[2025-09-19T12:52:19.921+0000] {logging_mixin.py:188} INFO - [2025-09-19T12:52:19.920+0000] {dagbag.py:545} INFO - Filling up the DagBag from /opt/airflow/dags/timeseries_pipeline.py
[2025-09-19T12:52:21.185+0000] {processor.py:840} INFO - DAG(s) 'timeseries_pipeline' retrieved from /opt/airflow/dags/timeseries_pipeline.py
[2025-09-19T12:52:21.217+0000] {logging_mixin.py:188} INFO - [2025-09-19T12:52:21.216+0000] {dag.py:3096} INFO - Sync 1 DAGs
[2025-09-19T12:52:21.245+0000] {logging_mixin.py:188} INFO - [2025-09-19T12:52:21.245+0000] {dag.py:3954} INFO - Setting next_dagrun for timeseries_pipeline to 2025-09-19 00:00:00+00:00, run_after=2025-09-20 00:00:00+00:00
[2025-09-19T12:52:21.273+0000] {processor.py:183} INFO - Processing /opt/airflow/dags/timeseries_pipeline.py took 1.369 seconds
[2025-09-19T12:52:51.632+0000] {processor.py:161} INFO - Started process (PID=746) to work on /opt/airflow/dags/timeseries_pipeline.py
[2025-09-19T12:52:51.636+0000] {processor.py:830} INFO - Processing file /opt/airflow/dags/timeseries_pipeline.py for tasks to queue
[2025-09-19T12:52:51.641+0000] {logging_mixin.py:188} INFO - [2025-09-19T12:52:51.640+0000] {dagbag.py:545} INFO - Filling up the DagBag from /opt/airflow/dags/timeseries_pipeline.py
[2025-09-19T12:52:53.069+0000] {processor.py:840} INFO - DAG(s) 'timeseries_pipeline' retrieved from /opt/airflow/dags/timeseries_pipeline.py
[2025-09-19T12:52:53.110+0000] {logging_mixin.py:188} INFO - [2025-09-19T12:52:53.110+0000] {dag.py:3096} INFO - Sync 1 DAGs
[2025-09-19T12:52:53.150+0000] {logging_mixin.py:188} INFO - [2025-09-19T12:52:53.150+0000] {dag.py:3954} INFO - Setting next_dagrun for timeseries_pipeline to 2025-09-19 00:00:00+00:00, run_after=2025-09-20 00:00:00+00:00
[2025-09-19T12:52:53.186+0000] {processor.py:183} INFO - Processing /opt/airflow/dags/timeseries_pipeline.py took 1.566 seconds
[2025-09-19T12:53:23.719+0000] {processor.py:161} INFO - Started process (PID=774) to work on /opt/airflow/dags/timeseries_pipeline.py
[2025-09-19T12:53:23.721+0000] {processor.py:830} INFO - Processing file /opt/airflow/dags/timeseries_pipeline.py for tasks to queue
[2025-09-19T12:53:23.725+0000] {logging_mixin.py:188} INFO - [2025-09-19T12:53:23.724+0000] {dagbag.py:545} INFO - Filling up the DagBag from /opt/airflow/dags/timeseries_pipeline.py
[2025-09-19T12:53:25.006+0000] {processor.py:840} INFO - DAG(s) 'timeseries_pipeline' retrieved from /opt/airflow/dags/timeseries_pipeline.py
[2025-09-19T12:53:25.019+0000] {logging_mixin.py:188} INFO - [2025-09-19T12:53:25.019+0000] {dag.py:3096} INFO - Sync 1 DAGs
[2025-09-19T12:53:25.047+0000] {logging_mixin.py:188} INFO - [2025-09-19T12:53:25.047+0000] {dag.py:3954} INFO - Setting next_dagrun for timeseries_pipeline to 2025-09-19 00:00:00+00:00, run_after=2025-09-20 00:00:00+00:00
[2025-09-19T12:53:25.081+0000] {processor.py:183} INFO - Processing /opt/airflow/dags/timeseries_pipeline.py took 1.372 seconds
[2025-09-19T12:53:55.782+0000] {processor.py:161} INFO - Started process (PID=789) to work on /opt/airflow/dags/timeseries_pipeline.py
[2025-09-19T12:53:55.783+0000] {processor.py:830} INFO - Processing file /opt/airflow/dags/timeseries_pipeline.py for tasks to queue
[2025-09-19T12:53:55.786+0000] {logging_mixin.py:188} INFO - [2025-09-19T12:53:55.786+0000] {dagbag.py:545} INFO - Filling up the DagBag from /opt/airflow/dags/timeseries_pipeline.py
[2025-09-19T12:53:57.283+0000] {processor.py:840} INFO - DAG(s) 'timeseries_pipeline' retrieved from /opt/airflow/dags/timeseries_pipeline.py
[2025-09-19T12:53:57.463+0000] {logging_mixin.py:188} INFO - [2025-09-19T12:53:57.462+0000] {dag.py:3096} INFO - Sync 1 DAGs
[2025-09-19T12:53:57.499+0000] {logging_mixin.py:188} INFO - [2025-09-19T12:53:57.499+0000] {dag.py:3954} INFO - Setting next_dagrun for timeseries_pipeline to 2025-09-19 00:00:00+00:00, run_after=2025-09-20 00:00:00+00:00
[2025-09-19T12:53:57.533+0000] {processor.py:183} INFO - Processing /opt/airflow/dags/timeseries_pipeline.py took 1.620 seconds
[2025-09-19T12:54:28.071+0000] {processor.py:161} INFO - Started process (PID=804) to work on /opt/airflow/dags/timeseries_pipeline.py
[2025-09-19T12:54:28.073+0000] {processor.py:830} INFO - Processing file /opt/airflow/dags/timeseries_pipeline.py for tasks to queue
[2025-09-19T12:54:28.077+0000] {logging_mixin.py:188} INFO - [2025-09-19T12:54:28.076+0000] {dagbag.py:545} INFO - Filling up the DagBag from /opt/airflow/dags/timeseries_pipeline.py
[2025-09-19T12:54:29.836+0000] {processor.py:840} INFO - DAG(s) 'timeseries_pipeline' retrieved from /opt/airflow/dags/timeseries_pipeline.py
[2025-09-19T12:54:29.907+0000] {logging_mixin.py:188} INFO - [2025-09-19T12:54:29.906+0000] {dag.py:3096} INFO - Sync 1 DAGs
[2025-09-19T12:54:29.948+0000] {logging_mixin.py:188} INFO - [2025-09-19T12:54:29.947+0000] {dag.py:3954} INFO - Setting next_dagrun for timeseries_pipeline to 2025-09-19 00:00:00+00:00, run_after=2025-09-20 00:00:00+00:00
[2025-09-19T12:54:29.984+0000] {processor.py:183} INFO - Processing /opt/airflow/dags/timeseries_pipeline.py took 1.929 seconds
[2025-09-19T12:55:00.563+0000] {processor.py:161} INFO - Started process (PID=841) to work on /opt/airflow/dags/timeseries_pipeline.py
[2025-09-19T12:55:00.568+0000] {processor.py:830} INFO - Processing file /opt/airflow/dags/timeseries_pipeline.py for tasks to queue
[2025-09-19T12:55:00.572+0000] {logging_mixin.py:188} INFO - [2025-09-19T12:55:00.572+0000] {dagbag.py:545} INFO - Filling up the DagBag from /opt/airflow/dags/timeseries_pipeline.py
[2025-09-19T12:55:01.916+0000] {processor.py:840} INFO - DAG(s) 'timeseries_pipeline' retrieved from /opt/airflow/dags/timeseries_pipeline.py
[2025-09-19T12:55:01.968+0000] {logging_mixin.py:188} INFO - [2025-09-19T12:55:01.967+0000] {dag.py:3096} INFO - Sync 1 DAGs
[2025-09-19T12:55:02.005+0000] {logging_mixin.py:188} INFO - [2025-09-19T12:55:02.004+0000] {dag.py:3954} INFO - Setting next_dagrun for timeseries_pipeline to 2025-09-19 00:00:00+00:00, run_after=2025-09-20 00:00:00+00:00
[2025-09-19T12:55:02.039+0000] {processor.py:183} INFO - Processing /opt/airflow/dags/timeseries_pipeline.py took 1.491 seconds
[2025-09-19T12:55:32.607+0000] {processor.py:161} INFO - Started process (PID=853) to work on /opt/airflow/dags/timeseries_pipeline.py
[2025-09-19T12:55:32.610+0000] {processor.py:830} INFO - Processing file /opt/airflow/dags/timeseries_pipeline.py for tasks to queue
[2025-09-19T12:55:32.613+0000] {logging_mixin.py:188} INFO - [2025-09-19T12:55:32.612+0000] {dagbag.py:545} INFO - Filling up the DagBag from /opt/airflow/dags/timeseries_pipeline.py
[2025-09-19T12:55:33.986+0000] {processor.py:840} INFO - DAG(s) 'timeseries_pipeline' retrieved from /opt/airflow/dags/timeseries_pipeline.py
[2025-09-19T12:55:34.036+0000] {logging_mixin.py:188} INFO - [2025-09-19T12:55:34.035+0000] {dag.py:3096} INFO - Sync 1 DAGs
[2025-09-19T12:55:34.067+0000] {logging_mixin.py:188} INFO - [2025-09-19T12:55:34.067+0000] {dag.py:3954} INFO - Setting next_dagrun for timeseries_pipeline to 2025-09-19 00:00:00+00:00, run_after=2025-09-20 00:00:00+00:00
[2025-09-19T12:55:34.101+0000] {processor.py:183} INFO - Processing /opt/airflow/dags/timeseries_pipeline.py took 1.504 seconds
[2025-09-19T12:56:04.800+0000] {processor.py:161} INFO - Started process (PID=865) to work on /opt/airflow/dags/timeseries_pipeline.py
[2025-09-19T12:56:04.805+0000] {processor.py:830} INFO - Processing file /opt/airflow/dags/timeseries_pipeline.py for tasks to queue
[2025-09-19T12:56:04.810+0000] {logging_mixin.py:188} INFO - [2025-09-19T12:56:04.809+0000] {dagbag.py:545} INFO - Filling up the DagBag from /opt/airflow/dags/timeseries_pipeline.py
[2025-09-19T12:56:06.462+0000] {processor.py:840} INFO - DAG(s) 'timeseries_pipeline' retrieved from /opt/airflow/dags/timeseries_pipeline.py
[2025-09-19T12:56:06.501+0000] {logging_mixin.py:188} INFO - [2025-09-19T12:56:06.500+0000] {dag.py:3096} INFO - Sync 1 DAGs
[2025-09-19T12:56:06.543+0000] {logging_mixin.py:188} INFO - [2025-09-19T12:56:06.543+0000] {dag.py:3954} INFO - Setting next_dagrun for timeseries_pipeline to 2025-09-19 00:00:00+00:00, run_after=2025-09-20 00:00:00+00:00
[2025-09-19T12:56:06.578+0000] {processor.py:183} INFO - Processing /opt/airflow/dags/timeseries_pipeline.py took 1.796 seconds
[2025-09-19T12:56:37.296+0000] {processor.py:161} INFO - Started process (PID=877) to work on /opt/airflow/dags/timeseries_pipeline.py
[2025-09-19T12:56:37.302+0000] {processor.py:830} INFO - Processing file /opt/airflow/dags/timeseries_pipeline.py for tasks to queue
[2025-09-19T12:56:37.310+0000] {logging_mixin.py:188} INFO - [2025-09-19T12:56:37.309+0000] {dagbag.py:545} INFO - Filling up the DagBag from /opt/airflow/dags/timeseries_pipeline.py
[2025-09-19T12:56:38.781+0000] {processor.py:840} INFO - DAG(s) 'timeseries_pipeline' retrieved from /opt/airflow/dags/timeseries_pipeline.py
[2025-09-19T12:56:38.822+0000] {logging_mixin.py:188} INFO - [2025-09-19T12:56:38.821+0000] {dag.py:3096} INFO - Sync 1 DAGs
[2025-09-19T12:56:38.849+0000] {logging_mixin.py:188} INFO - [2025-09-19T12:56:38.849+0000] {dag.py:3954} INFO - Setting next_dagrun for timeseries_pipeline to 2025-09-19 00:00:00+00:00, run_after=2025-09-20 00:00:00+00:00
[2025-09-19T12:56:38.881+0000] {processor.py:183} INFO - Processing /opt/airflow/dags/timeseries_pipeline.py took 1.592 seconds
[2025-09-19T12:57:08.990+0000] {processor.py:161} INFO - Started process (PID=889) to work on /opt/airflow/dags/timeseries_pipeline.py
[2025-09-19T12:57:08.996+0000] {processor.py:830} INFO - Processing file /opt/airflow/dags/timeseries_pipeline.py for tasks to queue
[2025-09-19T12:57:09.001+0000] {logging_mixin.py:188} INFO - [2025-09-19T12:57:09.001+0000] {dagbag.py:545} INFO - Filling up the DagBag from /opt/airflow/dags/timeseries_pipeline.py
[2025-09-19T12:57:10.385+0000] {processor.py:840} INFO - DAG(s) 'timeseries_pipeline' retrieved from /opt/airflow/dags/timeseries_pipeline.py
[2025-09-19T12:57:10.432+0000] {logging_mixin.py:188} INFO - [2025-09-19T12:57:10.431+0000] {dag.py:3096} INFO - Sync 1 DAGs
[2025-09-19T12:57:10.454+0000] {logging_mixin.py:188} INFO - [2025-09-19T12:57:10.454+0000] {dag.py:3954} INFO - Setting next_dagrun for timeseries_pipeline to 2025-09-19 00:00:00+00:00, run_after=2025-09-20 00:00:00+00:00
[2025-09-19T12:57:10.474+0000] {processor.py:183} INFO - Processing /opt/airflow/dags/timeseries_pipeline.py took 1.499 seconds
[2025-09-19T12:57:40.749+0000] {processor.py:161} INFO - Started process (PID=901) to work on /opt/airflow/dags/timeseries_pipeline.py
[2025-09-19T12:57:40.751+0000] {processor.py:830} INFO - Processing file /opt/airflow/dags/timeseries_pipeline.py for tasks to queue
[2025-09-19T12:57:40.757+0000] {logging_mixin.py:188} INFO - [2025-09-19T12:57:40.756+0000] {dagbag.py:545} INFO - Filling up the DagBag from /opt/airflow/dags/timeseries_pipeline.py
[2025-09-19T12:57:42.685+0000] {processor.py:840} INFO - DAG(s) 'timeseries_pipeline' retrieved from /opt/airflow/dags/timeseries_pipeline.py
[2025-09-19T12:57:42.727+0000] {logging_mixin.py:188} INFO - [2025-09-19T12:57:42.725+0000] {dag.py:3096} INFO - Sync 1 DAGs
[2025-09-19T12:57:42.755+0000] {logging_mixin.py:188} INFO - [2025-09-19T12:57:42.755+0000] {dag.py:3954} INFO - Setting next_dagrun for timeseries_pipeline to 2025-09-19 00:00:00+00:00, run_after=2025-09-20 00:00:00+00:00
[2025-09-19T12:57:42.786+0000] {processor.py:183} INFO - Processing /opt/airflow/dags/timeseries_pipeline.py took 2.051 seconds
[2025-09-19T12:58:13.470+0000] {processor.py:161} INFO - Started process (PID=913) to work on /opt/airflow/dags/timeseries_pipeline.py
[2025-09-19T12:58:13.473+0000] {processor.py:830} INFO - Processing file /opt/airflow/dags/timeseries_pipeline.py for tasks to queue
[2025-09-19T12:58:13.477+0000] {logging_mixin.py:188} INFO - [2025-09-19T12:58:13.476+0000] {dagbag.py:545} INFO - Filling up the DagBag from /opt/airflow/dags/timeseries_pipeline.py
[2025-09-19T12:58:14.809+0000] {processor.py:840} INFO - DAG(s) 'timeseries_pipeline' retrieved from /opt/airflow/dags/timeseries_pipeline.py
[2025-09-19T12:58:14.853+0000] {logging_mixin.py:188} INFO - [2025-09-19T12:58:14.852+0000] {dag.py:3096} INFO - Sync 1 DAGs
[2025-09-19T12:58:14.887+0000] {logging_mixin.py:188} INFO - [2025-09-19T12:58:14.886+0000] {dag.py:3954} INFO - Setting next_dagrun for timeseries_pipeline to 2025-09-19 00:00:00+00:00, run_after=2025-09-20 00:00:00+00:00
[2025-09-19T12:58:14.930+0000] {processor.py:183} INFO - Processing /opt/airflow/dags/timeseries_pipeline.py took 1.471 seconds
[2025-09-19T12:58:45.805+0000] {processor.py:161} INFO - Started process (PID=925) to work on /opt/airflow/dags/timeseries_pipeline.py
[2025-09-19T12:58:45.810+0000] {processor.py:830} INFO - Processing file /opt/airflow/dags/timeseries_pipeline.py for tasks to queue
[2025-09-19T12:58:45.816+0000] {logging_mixin.py:188} INFO - [2025-09-19T12:58:45.815+0000] {dagbag.py:545} INFO - Filling up the DagBag from /opt/airflow/dags/timeseries_pipeline.py
[2025-09-19T12:58:47.383+0000] {processor.py:840} INFO - DAG(s) 'timeseries_pipeline' retrieved from /opt/airflow/dags/timeseries_pipeline.py
[2025-09-19T12:58:47.418+0000] {logging_mixin.py:188} INFO - [2025-09-19T12:58:47.417+0000] {dag.py:3096} INFO - Sync 1 DAGs
[2025-09-19T12:58:47.447+0000] {logging_mixin.py:188} INFO - [2025-09-19T12:58:47.446+0000] {dag.py:3954} INFO - Setting next_dagrun for timeseries_pipeline to 2025-09-19 00:00:00+00:00, run_after=2025-09-20 00:00:00+00:00
[2025-09-19T12:58:47.473+0000] {processor.py:183} INFO - Processing /opt/airflow/dags/timeseries_pipeline.py took 1.681 seconds
[2025-09-19T12:59:18.083+0000] {processor.py:161} INFO - Started process (PID=937) to work on /opt/airflow/dags/timeseries_pipeline.py
[2025-09-19T12:59:18.085+0000] {processor.py:830} INFO - Processing file /opt/airflow/dags/timeseries_pipeline.py for tasks to queue
[2025-09-19T12:59:18.087+0000] {logging_mixin.py:188} INFO - [2025-09-19T12:59:18.087+0000] {dagbag.py:545} INFO - Filling up the DagBag from /opt/airflow/dags/timeseries_pipeline.py
[2025-09-19T12:59:19.486+0000] {processor.py:840} INFO - DAG(s) 'timeseries_pipeline' retrieved from /opt/airflow/dags/timeseries_pipeline.py
[2025-09-19T12:59:19.522+0000] {logging_mixin.py:188} INFO - [2025-09-19T12:59:19.522+0000] {dag.py:3096} INFO - Sync 1 DAGs
[2025-09-19T12:59:19.545+0000] {logging_mixin.py:188} INFO - [2025-09-19T12:59:19.545+0000] {dag.py:3954} INFO - Setting next_dagrun for timeseries_pipeline to 2025-09-19 00:00:00+00:00, run_after=2025-09-20 00:00:00+00:00
[2025-09-19T12:59:19.574+0000] {processor.py:183} INFO - Processing /opt/airflow/dags/timeseries_pipeline.py took 1.500 seconds
[2025-09-19T12:59:49.861+0000] {processor.py:161} INFO - Started process (PID=949) to work on /opt/airflow/dags/timeseries_pipeline.py
[2025-09-19T12:59:49.863+0000] {processor.py:830} INFO - Processing file /opt/airflow/dags/timeseries_pipeline.py for tasks to queue
[2025-09-19T12:59:49.867+0000] {logging_mixin.py:188} INFO - [2025-09-19T12:59:49.866+0000] {dagbag.py:545} INFO - Filling up the DagBag from /opt/airflow/dags/timeseries_pipeline.py
[2025-09-19T12:59:51.309+0000] {processor.py:840} INFO - DAG(s) 'timeseries_pipeline' retrieved from /opt/airflow/dags/timeseries_pipeline.py
[2025-09-19T12:59:51.361+0000] {logging_mixin.py:188} INFO - [2025-09-19T12:59:51.361+0000] {dag.py:3096} INFO - Sync 1 DAGs
[2025-09-19T12:59:51.397+0000] {logging_mixin.py:188} INFO - [2025-09-19T12:59:51.397+0000] {dag.py:3954} INFO - Setting next_dagrun for timeseries_pipeline to 2025-09-19 00:00:00+00:00, run_after=2025-09-20 00:00:00+00:00
[2025-09-19T12:59:51.442+0000] {processor.py:183} INFO - Processing /opt/airflow/dags/timeseries_pipeline.py took 1.595 seconds
[2025-09-19T13:00:22.129+0000] {processor.py:161} INFO - Started process (PID=961) to work on /opt/airflow/dags/timeseries_pipeline.py
[2025-09-19T13:00:22.131+0000] {processor.py:830} INFO - Processing file /opt/airflow/dags/timeseries_pipeline.py for tasks to queue
[2025-09-19T13:00:22.135+0000] {logging_mixin.py:188} INFO - [2025-09-19T13:00:22.134+0000] {dagbag.py:545} INFO - Filling up the DagBag from /opt/airflow/dags/timeseries_pipeline.py
[2025-09-19T13:00:23.306+0000] {processor.py:840} INFO - DAG(s) 'timeseries_pipeline' retrieved from /opt/airflow/dags/timeseries_pipeline.py
[2025-09-19T13:00:23.337+0000] {logging_mixin.py:188} INFO - [2025-09-19T13:00:23.337+0000] {dag.py:3096} INFO - Sync 1 DAGs
[2025-09-19T13:00:23.365+0000] {logging_mixin.py:188} INFO - [2025-09-19T13:00:23.365+0000] {dag.py:3954} INFO - Setting next_dagrun for timeseries_pipeline to 2025-09-19 00:00:00+00:00, run_after=2025-09-20 00:00:00+00:00
[2025-09-19T13:00:23.395+0000] {processor.py:183} INFO - Processing /opt/airflow/dags/timeseries_pipeline.py took 1.281 seconds
[2025-09-19T13:00:54.027+0000] {processor.py:161} INFO - Started process (PID=973) to work on /opt/airflow/dags/timeseries_pipeline.py
[2025-09-19T13:00:54.029+0000] {processor.py:830} INFO - Processing file /opt/airflow/dags/timeseries_pipeline.py for tasks to queue
[2025-09-19T13:00:54.032+0000] {logging_mixin.py:188} INFO - [2025-09-19T13:00:54.032+0000] {dagbag.py:545} INFO - Filling up the DagBag from /opt/airflow/dags/timeseries_pipeline.py
[2025-09-19T13:00:55.159+0000] {processor.py:840} INFO - DAG(s) 'timeseries_pipeline' retrieved from /opt/airflow/dags/timeseries_pipeline.py
[2025-09-19T13:00:55.209+0000] {logging_mixin.py:188} INFO - [2025-09-19T13:00:55.209+0000] {dag.py:3096} INFO - Sync 1 DAGs
[2025-09-19T13:00:55.251+0000] {logging_mixin.py:188} INFO - [2025-09-19T13:00:55.250+0000] {dag.py:3954} INFO - Setting next_dagrun for timeseries_pipeline to 2025-09-19 00:00:00+00:00, run_after=2025-09-20 00:00:00+00:00
[2025-09-19T13:00:55.294+0000] {processor.py:183} INFO - Processing /opt/airflow/dags/timeseries_pipeline.py took 1.273 seconds
[2025-09-19T13:01:25.622+0000] {processor.py:161} INFO - Started process (PID=985) to work on /opt/airflow/dags/timeseries_pipeline.py
[2025-09-19T13:01:25.624+0000] {processor.py:830} INFO - Processing file /opt/airflow/dags/timeseries_pipeline.py for tasks to queue
[2025-09-19T13:01:25.630+0000] {logging_mixin.py:188} INFO - [2025-09-19T13:01:25.630+0000] {dagbag.py:545} INFO - Filling up the DagBag from /opt/airflow/dags/timeseries_pipeline.py
[2025-09-19T13:01:27.365+0000] {processor.py:840} INFO - DAG(s) 'timeseries_pipeline' retrieved from /opt/airflow/dags/timeseries_pipeline.py
[2025-09-19T13:01:27.392+0000] {logging_mixin.py:188} INFO - [2025-09-19T13:01:27.391+0000] {dag.py:3096} INFO - Sync 1 DAGs
[2025-09-19T13:01:27.409+0000] {logging_mixin.py:188} INFO - [2025-09-19T13:01:27.409+0000] {dag.py:3954} INFO - Setting next_dagrun for timeseries_pipeline to 2025-09-19 00:00:00+00:00, run_after=2025-09-20 00:00:00+00:00
[2025-09-19T13:01:27.428+0000] {processor.py:183} INFO - Processing /opt/airflow/dags/timeseries_pipeline.py took 1.819 seconds
[2025-09-19T13:01:58.135+0000] {processor.py:161} INFO - Started process (PID=997) to work on /opt/airflow/dags/timeseries_pipeline.py
[2025-09-19T13:01:58.137+0000] {processor.py:830} INFO - Processing file /opt/airflow/dags/timeseries_pipeline.py for tasks to queue
[2025-09-19T13:01:58.144+0000] {logging_mixin.py:188} INFO - [2025-09-19T13:01:58.143+0000] {dagbag.py:545} INFO - Filling up the DagBag from /opt/airflow/dags/timeseries_pipeline.py
[2025-09-19T13:02:00.038+0000] {processor.py:840} INFO - DAG(s) 'timeseries_pipeline' retrieved from /opt/airflow/dags/timeseries_pipeline.py
[2025-09-19T13:02:00.072+0000] {logging_mixin.py:188} INFO - [2025-09-19T13:02:00.071+0000] {dag.py:3096} INFO - Sync 1 DAGs
[2025-09-19T13:02:00.107+0000] {logging_mixin.py:188} INFO - [2025-09-19T13:02:00.106+0000] {dag.py:3954} INFO - Setting next_dagrun for timeseries_pipeline to 2025-09-19 00:00:00+00:00, run_after=2025-09-20 00:00:00+00:00
[2025-09-19T13:02:00.147+0000] {processor.py:183} INFO - Processing /opt/airflow/dags/timeseries_pipeline.py took 1.881 seconds
[2025-09-19T13:02:31.110+0000] {processor.py:161} INFO - Started process (PID=1009) to work on /opt/airflow/dags/timeseries_pipeline.py
[2025-09-19T13:02:31.115+0000] {processor.py:830} INFO - Processing file /opt/airflow/dags/timeseries_pipeline.py for tasks to queue
[2025-09-19T13:02:31.119+0000] {logging_mixin.py:188} INFO - [2025-09-19T13:02:31.118+0000] {dagbag.py:545} INFO - Filling up the DagBag from /opt/airflow/dags/timeseries_pipeline.py
[2025-09-19T13:02:32.607+0000] {processor.py:840} INFO - DAG(s) 'timeseries_pipeline' retrieved from /opt/airflow/dags/timeseries_pipeline.py
[2025-09-19T13:02:32.643+0000] {logging_mixin.py:188} INFO - [2025-09-19T13:02:32.642+0000] {dag.py:3096} INFO - Sync 1 DAGs
[2025-09-19T13:02:32.690+0000] {logging_mixin.py:188} INFO - [2025-09-19T13:02:32.689+0000] {dag.py:3954} INFO - Setting next_dagrun for timeseries_pipeline to 2025-09-19 00:00:00+00:00, run_after=2025-09-20 00:00:00+00:00
[2025-09-19T13:02:32.731+0000] {processor.py:183} INFO - Processing /opt/airflow/dags/timeseries_pipeline.py took 1.635 seconds
[2025-09-19T13:03:03.352+0000] {processor.py:161} INFO - Started process (PID=1021) to work on /opt/airflow/dags/timeseries_pipeline.py
[2025-09-19T13:03:03.353+0000] {processor.py:830} INFO - Processing file /opt/airflow/dags/timeseries_pipeline.py for tasks to queue
[2025-09-19T13:03:03.356+0000] {logging_mixin.py:188} INFO - [2025-09-19T13:03:03.355+0000] {dagbag.py:545} INFO - Filling up the DagBag from /opt/airflow/dags/timeseries_pipeline.py
[2025-09-19T13:03:04.483+0000] {processor.py:840} INFO - DAG(s) 'timeseries_pipeline' retrieved from /opt/airflow/dags/timeseries_pipeline.py
[2025-09-19T13:03:04.516+0000] {logging_mixin.py:188} INFO - [2025-09-19T13:03:04.515+0000] {dag.py:3096} INFO - Sync 1 DAGs
[2025-09-19T13:03:04.539+0000] {logging_mixin.py:188} INFO - [2025-09-19T13:03:04.538+0000] {dag.py:3954} INFO - Setting next_dagrun for timeseries_pipeline to 2025-09-19 00:00:00+00:00, run_after=2025-09-20 00:00:00+00:00
[2025-09-19T13:03:04.563+0000] {processor.py:183} INFO - Processing /opt/airflow/dags/timeseries_pipeline.py took 1.217 seconds
[2025-09-19T13:03:35.422+0000] {processor.py:161} INFO - Started process (PID=1033) to work on /opt/airflow/dags/timeseries_pipeline.py
[2025-09-19T13:03:35.423+0000] {processor.py:830} INFO - Processing file /opt/airflow/dags/timeseries_pipeline.py for tasks to queue
[2025-09-19T13:03:35.426+0000] {logging_mixin.py:188} INFO - [2025-09-19T13:03:35.426+0000] {dagbag.py:545} INFO - Filling up the DagBag from /opt/airflow/dags/timeseries_pipeline.py
[2025-09-19T13:03:36.898+0000] {processor.py:840} INFO - DAG(s) 'timeseries_pipeline' retrieved from /opt/airflow/dags/timeseries_pipeline.py
[2025-09-19T13:03:36.932+0000] {logging_mixin.py:188} INFO - [2025-09-19T13:03:36.932+0000] {dag.py:3096} INFO - Sync 1 DAGs
[2025-09-19T13:03:36.953+0000] {logging_mixin.py:188} INFO - [2025-09-19T13:03:36.953+0000] {dag.py:3954} INFO - Setting next_dagrun for timeseries_pipeline to 2025-09-19 00:00:00+00:00, run_after=2025-09-20 00:00:00+00:00
[2025-09-19T13:03:36.985+0000] {processor.py:183} INFO - Processing /opt/airflow/dags/timeseries_pipeline.py took 1.573 seconds
[2025-09-19T13:04:07.660+0000] {processor.py:161} INFO - Started process (PID=1048) to work on /opt/airflow/dags/timeseries_pipeline.py
[2025-09-19T13:04:07.661+0000] {processor.py:830} INFO - Processing file /opt/airflow/dags/timeseries_pipeline.py for tasks to queue
[2025-09-19T13:04:07.664+0000] {logging_mixin.py:188} INFO - [2025-09-19T13:04:07.663+0000] {dagbag.py:545} INFO - Filling up the DagBag from /opt/airflow/dags/timeseries_pipeline.py
[2025-09-19T13:04:08.995+0000] {processor.py:840} INFO - DAG(s) 'timeseries_pipeline' retrieved from /opt/airflow/dags/timeseries_pipeline.py
[2025-09-19T13:04:09.027+0000] {logging_mixin.py:188} INFO - [2025-09-19T13:04:09.026+0000] {dag.py:3096} INFO - Sync 1 DAGs
[2025-09-19T13:04:09.053+0000] {logging_mixin.py:188} INFO - [2025-09-19T13:04:09.052+0000] {dag.py:3954} INFO - Setting next_dagrun for timeseries_pipeline to 2025-09-19 00:00:00+00:00, run_after=2025-09-20 00:00:00+00:00
[2025-09-19T13:04:09.077+0000] {processor.py:183} INFO - Processing /opt/airflow/dags/timeseries_pipeline.py took 1.425 seconds
[2025-09-19T13:04:39.442+0000] {processor.py:161} INFO - Started process (PID=1062) to work on /opt/airflow/dags/timeseries_pipeline.py
[2025-09-19T13:04:39.445+0000] {processor.py:830} INFO - Processing file /opt/airflow/dags/timeseries_pipeline.py for tasks to queue
[2025-09-19T13:04:39.451+0000] {logging_mixin.py:188} INFO - [2025-09-19T13:04:39.450+0000] {dagbag.py:545} INFO - Filling up the DagBag from /opt/airflow/dags/timeseries_pipeline.py
[2025-09-19T13:04:40.664+0000] {processor.py:840} INFO - DAG(s) 'timeseries_pipeline' retrieved from /opt/airflow/dags/timeseries_pipeline.py
[2025-09-19T13:04:40.694+0000] {logging_mixin.py:188} INFO - [2025-09-19T13:04:40.694+0000] {dag.py:3096} INFO - Sync 1 DAGs
[2025-09-19T13:04:40.715+0000] {logging_mixin.py:188} INFO - [2025-09-19T13:04:40.714+0000] {dag.py:3954} INFO - Setting next_dagrun for timeseries_pipeline to 2025-09-19 00:00:00+00:00, run_after=2025-09-20 00:00:00+00:00
[2025-09-19T13:04:40.740+0000] {processor.py:183} INFO - Processing /opt/airflow/dags/timeseries_pipeline.py took 1.307 seconds
[2025-09-19T13:05:11.355+0000] {processor.py:161} INFO - Started process (PID=1074) to work on /opt/airflow/dags/timeseries_pipeline.py
[2025-09-19T13:05:11.360+0000] {processor.py:830} INFO - Processing file /opt/airflow/dags/timeseries_pipeline.py for tasks to queue
[2025-09-19T13:05:11.367+0000] {logging_mixin.py:188} INFO - [2025-09-19T13:05:11.366+0000] {dagbag.py:545} INFO - Filling up the DagBag from /opt/airflow/dags/timeseries_pipeline.py
[2025-09-19T13:05:13.170+0000] {processor.py:840} INFO - DAG(s) 'timeseries_pipeline' retrieved from /opt/airflow/dags/timeseries_pipeline.py
[2025-09-19T13:05:13.206+0000] {logging_mixin.py:188} INFO - [2025-09-19T13:05:13.206+0000] {dag.py:3096} INFO - Sync 1 DAGs
[2025-09-19T13:05:13.232+0000] {logging_mixin.py:188} INFO - [2025-09-19T13:05:13.232+0000] {dag.py:3954} INFO - Setting next_dagrun for timeseries_pipeline to 2025-09-19 00:00:00+00:00, run_after=2025-09-20 00:00:00+00:00
[2025-09-19T13:05:13.272+0000] {processor.py:183} INFO - Processing /opt/airflow/dags/timeseries_pipeline.py took 1.939 seconds
[2025-09-19T13:05:43.451+0000] {processor.py:161} INFO - Started process (PID=1086) to work on /opt/airflow/dags/timeseries_pipeline.py
[2025-09-19T13:05:43.453+0000] {processor.py:830} INFO - Processing file /opt/airflow/dags/timeseries_pipeline.py for tasks to queue
[2025-09-19T13:05:43.457+0000] {logging_mixin.py:188} INFO - [2025-09-19T13:05:43.456+0000] {dagbag.py:545} INFO - Filling up the DagBag from /opt/airflow/dags/timeseries_pipeline.py
[2025-09-19T13:05:44.638+0000] {processor.py:840} INFO - DAG(s) 'timeseries_pipeline' retrieved from /opt/airflow/dags/timeseries_pipeline.py
[2025-09-19T13:05:44.668+0000] {logging_mixin.py:188} INFO - [2025-09-19T13:05:44.667+0000] {dag.py:3096} INFO - Sync 1 DAGs
[2025-09-19T13:05:44.689+0000] {logging_mixin.py:188} INFO - [2025-09-19T13:05:44.689+0000] {dag.py:3954} INFO - Setting next_dagrun for timeseries_pipeline to 2025-09-19 00:00:00+00:00, run_after=2025-09-20 00:00:00+00:00
[2025-09-19T13:05:44.709+0000] {processor.py:183} INFO - Processing /opt/airflow/dags/timeseries_pipeline.py took 1.273 seconds
[2025-09-19T13:06:15.015+0000] {processor.py:161} INFO - Started process (PID=1098) to work on /opt/airflow/dags/timeseries_pipeline.py
[2025-09-19T13:06:15.017+0000] {processor.py:830} INFO - Processing file /opt/airflow/dags/timeseries_pipeline.py for tasks to queue
[2025-09-19T13:06:15.022+0000] {logging_mixin.py:188} INFO - [2025-09-19T13:06:15.021+0000] {dagbag.py:545} INFO - Filling up the DagBag from /opt/airflow/dags/timeseries_pipeline.py
[2025-09-19T13:06:16.644+0000] {processor.py:840} INFO - DAG(s) 'timeseries_pipeline' retrieved from /opt/airflow/dags/timeseries_pipeline.py
[2025-09-19T13:06:16.686+0000] {logging_mixin.py:188} INFO - [2025-09-19T13:06:16.686+0000] {dag.py:3096} INFO - Sync 1 DAGs
[2025-09-19T13:06:16.711+0000] {logging_mixin.py:188} INFO - [2025-09-19T13:06:16.711+0000] {dag.py:3954} INFO - Setting next_dagrun for timeseries_pipeline to 2025-09-19 00:00:00+00:00, run_after=2025-09-20 00:00:00+00:00
[2025-09-19T13:06:16.742+0000] {processor.py:183} INFO - Processing /opt/airflow/dags/timeseries_pipeline.py took 1.748 seconds
[2025-09-19T13:06:47.364+0000] {processor.py:161} INFO - Started process (PID=1122) to work on /opt/airflow/dags/timeseries_pipeline.py
[2025-09-19T13:06:47.366+0000] {processor.py:830} INFO - Processing file /opt/airflow/dags/timeseries_pipeline.py for tasks to queue
[2025-09-19T13:06:47.368+0000] {logging_mixin.py:188} INFO - [2025-09-19T13:06:47.368+0000] {dagbag.py:545} INFO - Filling up the DagBag from /opt/airflow/dags/timeseries_pipeline.py
[2025-09-19T13:06:48.765+0000] {processor.py:840} INFO - DAG(s) 'timeseries_pipeline' retrieved from /opt/airflow/dags/timeseries_pipeline.py
[2025-09-19T13:06:48.795+0000] {logging_mixin.py:188} INFO - [2025-09-19T13:06:48.795+0000] {dag.py:3096} INFO - Sync 1 DAGs
[2025-09-19T13:06:48.821+0000] {logging_mixin.py:188} INFO - [2025-09-19T13:06:48.820+0000] {dag.py:3954} INFO - Setting next_dagrun for timeseries_pipeline to 2025-09-19 00:00:00+00:00, run_after=2025-09-20 00:00:00+00:00
[2025-09-19T13:06:48.840+0000] {processor.py:183} INFO - Processing /opt/airflow/dags/timeseries_pipeline.py took 1.483 seconds
[2025-09-19T13:07:19.115+0000] {processor.py:161} INFO - Started process (PID=1134) to work on /opt/airflow/dags/timeseries_pipeline.py
[2025-09-19T13:07:19.118+0000] {processor.py:830} INFO - Processing file /opt/airflow/dags/timeseries_pipeline.py for tasks to queue
[2025-09-19T13:07:19.122+0000] {logging_mixin.py:188} INFO - [2025-09-19T13:07:19.122+0000] {dagbag.py:545} INFO - Filling up the DagBag from /opt/airflow/dags/timeseries_pipeline.py
[2025-09-19T13:07:20.810+0000] {processor.py:840} INFO - DAG(s) 'timeseries_pipeline' retrieved from /opt/airflow/dags/timeseries_pipeline.py
[2025-09-19T13:07:20.832+0000] {logging_mixin.py:188} INFO - [2025-09-19T13:07:20.832+0000] {dag.py:3096} INFO - Sync 1 DAGs
[2025-09-19T13:07:20.850+0000] {logging_mixin.py:188} INFO - [2025-09-19T13:07:20.850+0000] {dag.py:3954} INFO - Setting next_dagrun for timeseries_pipeline to 2025-09-19 00:00:00+00:00, run_after=2025-09-20 00:00:00+00:00
[2025-09-19T13:07:20.875+0000] {processor.py:183} INFO - Processing /opt/airflow/dags/timeseries_pipeline.py took 1.772 seconds
[2025-09-19T13:07:51.534+0000] {processor.py:161} INFO - Started process (PID=1146) to work on /opt/airflow/dags/timeseries_pipeline.py
[2025-09-19T13:07:51.538+0000] {processor.py:830} INFO - Processing file /opt/airflow/dags/timeseries_pipeline.py for tasks to queue
[2025-09-19T13:07:51.542+0000] {logging_mixin.py:188} INFO - [2025-09-19T13:07:51.542+0000] {dagbag.py:545} INFO - Filling up the DagBag from /opt/airflow/dags/timeseries_pipeline.py
[2025-09-19T13:07:52.846+0000] {processor.py:840} INFO - DAG(s) 'timeseries_pipeline' retrieved from /opt/airflow/dags/timeseries_pipeline.py
[2025-09-19T13:07:52.875+0000] {logging_mixin.py:188} INFO - [2025-09-19T13:07:52.874+0000] {dag.py:3096} INFO - Sync 1 DAGs
[2025-09-19T13:07:52.909+0000] {logging_mixin.py:188} INFO - [2025-09-19T13:07:52.908+0000] {dag.py:3954} INFO - Setting next_dagrun for timeseries_pipeline to 2025-09-19 00:00:00+00:00, run_after=2025-09-20 00:00:00+00:00
[2025-09-19T13:07:52.939+0000] {processor.py:183} INFO - Processing /opt/airflow/dags/timeseries_pipeline.py took 1.419 seconds
[2025-09-19T13:08:23.340+0000] {processor.py:161} INFO - Started process (PID=1158) to work on /opt/airflow/dags/timeseries_pipeline.py
[2025-09-19T13:08:23.341+0000] {processor.py:830} INFO - Processing file /opt/airflow/dags/timeseries_pipeline.py for tasks to queue
[2025-09-19T13:08:23.345+0000] {logging_mixin.py:188} INFO - [2025-09-19T13:08:23.344+0000] {dagbag.py:545} INFO - Filling up the DagBag from /opt/airflow/dags/timeseries_pipeline.py
[2025-09-19T13:08:24.616+0000] {processor.py:840} INFO - DAG(s) 'timeseries_pipeline' retrieved from /opt/airflow/dags/timeseries_pipeline.py
[2025-09-19T13:08:24.657+0000] {logging_mixin.py:188} INFO - [2025-09-19T13:08:24.656+0000] {dag.py:3096} INFO - Sync 1 DAGs
[2025-09-19T13:08:24.685+0000] {logging_mixin.py:188} INFO - [2025-09-19T13:08:24.685+0000] {dag.py:3954} INFO - Setting next_dagrun for timeseries_pipeline to 2025-09-19 00:00:00+00:00, run_after=2025-09-20 00:00:00+00:00
[2025-09-19T13:08:24.728+0000] {processor.py:183} INFO - Processing /opt/airflow/dags/timeseries_pipeline.py took 1.397 seconds
[2025-09-19T13:08:55.400+0000] {processor.py:161} INFO - Started process (PID=1170) to work on /opt/airflow/dags/timeseries_pipeline.py
[2025-09-19T13:08:55.402+0000] {processor.py:830} INFO - Processing file /opt/airflow/dags/timeseries_pipeline.py for tasks to queue
[2025-09-19T13:08:55.406+0000] {logging_mixin.py:188} INFO - [2025-09-19T13:08:55.406+0000] {dagbag.py:545} INFO - Filling up the DagBag from /opt/airflow/dags/timeseries_pipeline.py
[2025-09-19T13:08:56.876+0000] {processor.py:840} INFO - DAG(s) 'timeseries_pipeline' retrieved from /opt/airflow/dags/timeseries_pipeline.py
[2025-09-19T13:08:56.938+0000] {logging_mixin.py:188} INFO - [2025-09-19T13:08:56.937+0000] {dag.py:3096} INFO - Sync 1 DAGs
[2025-09-19T13:08:56.987+0000] {logging_mixin.py:188} INFO - [2025-09-19T13:08:56.987+0000] {dag.py:3954} INFO - Setting next_dagrun for timeseries_pipeline to 2025-09-19 00:00:00+00:00, run_after=2025-09-20 00:00:00+00:00
[2025-09-19T13:08:57.031+0000] {processor.py:183} INFO - Processing /opt/airflow/dags/timeseries_pipeline.py took 1.638 seconds
[2025-09-19T13:09:27.758+0000] {processor.py:161} INFO - Started process (PID=1182) to work on /opt/airflow/dags/timeseries_pipeline.py
[2025-09-19T13:09:27.759+0000] {processor.py:830} INFO - Processing file /opt/airflow/dags/timeseries_pipeline.py for tasks to queue
[2025-09-19T13:09:27.762+0000] {logging_mixin.py:188} INFO - [2025-09-19T13:09:27.762+0000] {dagbag.py:545} INFO - Filling up the DagBag from /opt/airflow/dags/timeseries_pipeline.py
[2025-09-19T13:09:29.368+0000] {processor.py:840} INFO - DAG(s) 'timeseries_pipeline' retrieved from /opt/airflow/dags/timeseries_pipeline.py
[2025-09-19T13:09:29.439+0000] {logging_mixin.py:188} INFO - [2025-09-19T13:09:29.436+0000] {dag.py:3096} INFO - Sync 1 DAGs
[2025-09-19T13:09:29.482+0000] {logging_mixin.py:188} INFO - [2025-09-19T13:09:29.482+0000] {dag.py:3954} INFO - Setting next_dagrun for timeseries_pipeline to 2025-09-19 00:00:00+00:00, run_after=2025-09-20 00:00:00+00:00
[2025-09-19T13:09:29.511+0000] {processor.py:183} INFO - Processing /opt/airflow/dags/timeseries_pipeline.py took 1.762 seconds
[2025-09-19T13:10:00.230+0000] {processor.py:161} INFO - Started process (PID=1194) to work on /opt/airflow/dags/timeseries_pipeline.py
[2025-09-19T13:10:00.234+0000] {processor.py:830} INFO - Processing file /opt/airflow/dags/timeseries_pipeline.py for tasks to queue
[2025-09-19T13:10:00.242+0000] {logging_mixin.py:188} INFO - [2025-09-19T13:10:00.241+0000] {dagbag.py:545} INFO - Filling up the DagBag from /opt/airflow/dags/timeseries_pipeline.py
[2025-09-19T13:10:01.795+0000] {processor.py:840} INFO - DAG(s) 'timeseries_pipeline' retrieved from /opt/airflow/dags/timeseries_pipeline.py
[2025-09-19T13:10:01.852+0000] {logging_mixin.py:188} INFO - [2025-09-19T13:10:01.851+0000] {dag.py:3096} INFO - Sync 1 DAGs
[2025-09-19T13:10:01.896+0000] {logging_mixin.py:188} INFO - [2025-09-19T13:10:01.896+0000] {dag.py:3954} INFO - Setting next_dagrun for timeseries_pipeline to 2025-09-19 00:00:00+00:00, run_after=2025-09-20 00:00:00+00:00
[2025-09-19T13:10:01.936+0000] {processor.py:183} INFO - Processing /opt/airflow/dags/timeseries_pipeline.py took 1.726 seconds
[2025-09-19T13:10:32.127+0000] {processor.py:161} INFO - Started process (PID=1206) to work on /opt/airflow/dags/timeseries_pipeline.py
[2025-09-19T13:10:32.128+0000] {processor.py:830} INFO - Processing file /opt/airflow/dags/timeseries_pipeline.py for tasks to queue
[2025-09-19T13:10:32.130+0000] {logging_mixin.py:188} INFO - [2025-09-19T13:10:32.130+0000] {dagbag.py:545} INFO - Filling up the DagBag from /opt/airflow/dags/timeseries_pipeline.py
[2025-09-19T13:10:33.684+0000] {processor.py:840} INFO - DAG(s) 'timeseries_pipeline' retrieved from /opt/airflow/dags/timeseries_pipeline.py
[2025-09-19T13:10:33.717+0000] {logging_mixin.py:188} INFO - [2025-09-19T13:10:33.717+0000] {dag.py:3096} INFO - Sync 1 DAGs
[2025-09-19T13:10:33.749+0000] {logging_mixin.py:188} INFO - [2025-09-19T13:10:33.748+0000] {dag.py:3954} INFO - Setting next_dagrun for timeseries_pipeline to 2025-09-19 00:00:00+00:00, run_after=2025-09-20 00:00:00+00:00
[2025-09-19T13:10:33.793+0000] {processor.py:183} INFO - Processing /opt/airflow/dags/timeseries_pipeline.py took 1.576 seconds
[2025-09-19T13:11:04.434+0000] {processor.py:161} INFO - Started process (PID=1218) to work on /opt/airflow/dags/timeseries_pipeline.py
[2025-09-19T13:11:04.436+0000] {processor.py:830} INFO - Processing file /opt/airflow/dags/timeseries_pipeline.py for tasks to queue
[2025-09-19T13:11:04.439+0000] {logging_mixin.py:188} INFO - [2025-09-19T13:11:04.438+0000] {dagbag.py:545} INFO - Filling up the DagBag from /opt/airflow/dags/timeseries_pipeline.py
[2025-09-19T13:11:05.745+0000] {processor.py:840} INFO - DAG(s) 'timeseries_pipeline' retrieved from /opt/airflow/dags/timeseries_pipeline.py
[2025-09-19T13:11:05.780+0000] {logging_mixin.py:188} INFO - [2025-09-19T13:11:05.779+0000] {dag.py:3096} INFO - Sync 1 DAGs
[2025-09-19T13:11:05.817+0000] {logging_mixin.py:188} INFO - [2025-09-19T13:11:05.817+0000] {dag.py:3954} INFO - Setting next_dagrun for timeseries_pipeline to 2025-09-19 00:00:00+00:00, run_after=2025-09-20 00:00:00+00:00
[2025-09-19T13:11:05.857+0000] {processor.py:183} INFO - Processing /opt/airflow/dags/timeseries_pipeline.py took 1.429 seconds
[2025-09-19T13:11:36.442+0000] {processor.py:161} INFO - Started process (PID=1230) to work on /opt/airflow/dags/timeseries_pipeline.py
[2025-09-19T13:11:36.445+0000] {processor.py:830} INFO - Processing file /opt/airflow/dags/timeseries_pipeline.py for tasks to queue
[2025-09-19T13:11:36.450+0000] {logging_mixin.py:188} INFO - [2025-09-19T13:11:36.449+0000] {dagbag.py:545} INFO - Filling up the DagBag from /opt/airflow/dags/timeseries_pipeline.py
[2025-09-19T13:11:37.869+0000] {processor.py:840} INFO - DAG(s) 'timeseries_pipeline' retrieved from /opt/airflow/dags/timeseries_pipeline.py
[2025-09-19T13:11:37.911+0000] {logging_mixin.py:188} INFO - [2025-09-19T13:11:37.910+0000] {dag.py:3096} INFO - Sync 1 DAGs
[2025-09-19T13:11:37.951+0000] {logging_mixin.py:188} INFO - [2025-09-19T13:11:37.950+0000] {dag.py:3954} INFO - Setting next_dagrun for timeseries_pipeline to 2025-09-19 00:00:00+00:00, run_after=2025-09-20 00:00:00+00:00
[2025-09-19T13:11:37.989+0000] {processor.py:183} INFO - Processing /opt/airflow/dags/timeseries_pipeline.py took 1.560 seconds
[2025-09-19T13:12:09.003+0000] {processor.py:161} INFO - Started process (PID=1242) to work on /opt/airflow/dags/timeseries_pipeline.py
[2025-09-19T13:12:09.007+0000] {processor.py:830} INFO - Processing file /opt/airflow/dags/timeseries_pipeline.py for tasks to queue
[2025-09-19T13:12:09.010+0000] {logging_mixin.py:188} INFO - [2025-09-19T13:12:09.009+0000] {dagbag.py:545} INFO - Filling up the DagBag from /opt/airflow/dags/timeseries_pipeline.py
[2025-09-19T13:12:10.794+0000] {processor.py:840} INFO - DAG(s) 'timeseries_pipeline' retrieved from /opt/airflow/dags/timeseries_pipeline.py
[2025-09-19T13:12:10.850+0000] {logging_mixin.py:188} INFO - [2025-09-19T13:12:10.849+0000] {dag.py:3096} INFO - Sync 1 DAGs
[2025-09-19T13:12:10.892+0000] {logging_mixin.py:188} INFO - [2025-09-19T13:12:10.892+0000] {dag.py:3954} INFO - Setting next_dagrun for timeseries_pipeline to 2025-09-19 00:00:00+00:00, run_after=2025-09-20 00:00:00+00:00
[2025-09-19T13:12:10.933+0000] {processor.py:183} INFO - Processing /opt/airflow/dags/timeseries_pipeline.py took 1.941 seconds
[2025-09-19T13:12:41.258+0000] {processor.py:161} INFO - Started process (PID=1254) to work on /opt/airflow/dags/timeseries_pipeline.py
[2025-09-19T13:12:41.260+0000] {processor.py:830} INFO - Processing file /opt/airflow/dags/timeseries_pipeline.py for tasks to queue
[2025-09-19T13:12:41.263+0000] {logging_mixin.py:188} INFO - [2025-09-19T13:12:41.262+0000] {dagbag.py:545} INFO - Filling up the DagBag from /opt/airflow/dags/timeseries_pipeline.py
[2025-09-19T13:12:42.735+0000] {processor.py:840} INFO - DAG(s) 'timeseries_pipeline' retrieved from /opt/airflow/dags/timeseries_pipeline.py
[2025-09-19T13:12:42.784+0000] {logging_mixin.py:188} INFO - [2025-09-19T13:12:42.783+0000] {dag.py:3096} INFO - Sync 1 DAGs
[2025-09-19T13:12:42.828+0000] {logging_mixin.py:188} INFO - [2025-09-19T13:12:42.828+0000] {dag.py:3954} INFO - Setting next_dagrun for timeseries_pipeline to 2025-09-19 00:00:00+00:00, run_after=2025-09-20 00:00:00+00:00
[2025-09-19T13:12:42.874+0000] {processor.py:183} INFO - Processing /opt/airflow/dags/timeseries_pipeline.py took 1.623 seconds
[2025-09-19T13:13:13.767+0000] {processor.py:161} INFO - Started process (PID=1266) to work on /opt/airflow/dags/timeseries_pipeline.py
[2025-09-19T13:13:13.768+0000] {processor.py:830} INFO - Processing file /opt/airflow/dags/timeseries_pipeline.py for tasks to queue
[2025-09-19T13:13:13.771+0000] {logging_mixin.py:188} INFO - [2025-09-19T13:13:13.770+0000] {dagbag.py:545} INFO - Filling up the DagBag from /opt/airflow/dags/timeseries_pipeline.py
[2025-09-19T13:13:15.056+0000] {processor.py:840} INFO - DAG(s) 'timeseries_pipeline' retrieved from /opt/airflow/dags/timeseries_pipeline.py
[2025-09-19T13:13:15.097+0000] {logging_mixin.py:188} INFO - [2025-09-19T13:13:15.097+0000] {dag.py:3096} INFO - Sync 1 DAGs
[2025-09-19T13:13:15.134+0000] {logging_mixin.py:188} INFO - [2025-09-19T13:13:15.133+0000] {dag.py:3954} INFO - Setting next_dagrun for timeseries_pipeline to 2025-09-19 00:00:00+00:00, run_after=2025-09-20 00:00:00+00:00
[2025-09-19T13:13:15.167+0000] {processor.py:183} INFO - Processing /opt/airflow/dags/timeseries_pipeline.py took 1.406 seconds
[2025-09-19T13:13:46.095+0000] {processor.py:161} INFO - Started process (PID=1278) to work on /opt/airflow/dags/timeseries_pipeline.py
[2025-09-19T13:13:46.097+0000] {processor.py:830} INFO - Processing file /opt/airflow/dags/timeseries_pipeline.py for tasks to queue
[2025-09-19T13:13:46.108+0000] {logging_mixin.py:188} INFO - [2025-09-19T13:13:46.107+0000] {dagbag.py:545} INFO - Filling up the DagBag from /opt/airflow/dags/timeseries_pipeline.py
[2025-09-19T13:13:47.323+0000] {processor.py:840} INFO - DAG(s) 'timeseries_pipeline' retrieved from /opt/airflow/dags/timeseries_pipeline.py
[2025-09-19T13:13:47.378+0000] {logging_mixin.py:188} INFO - [2025-09-19T13:13:47.377+0000] {dag.py:3096} INFO - Sync 1 DAGs
[2025-09-19T13:13:47.428+0000] {logging_mixin.py:188} INFO - [2025-09-19T13:13:47.427+0000] {dag.py:3954} INFO - Setting next_dagrun for timeseries_pipeline to 2025-09-19 00:00:00+00:00, run_after=2025-09-20 00:00:00+00:00
[2025-09-19T13:13:47.473+0000] {processor.py:183} INFO - Processing /opt/airflow/dags/timeseries_pipeline.py took 1.391 seconds
[2025-09-19T13:14:18.240+0000] {processor.py:161} INFO - Started process (PID=1290) to work on /opt/airflow/dags/timeseries_pipeline.py
[2025-09-19T13:14:18.244+0000] {processor.py:830} INFO - Processing file /opt/airflow/dags/timeseries_pipeline.py for tasks to queue
[2025-09-19T13:14:18.251+0000] {logging_mixin.py:188} INFO - [2025-09-19T13:14:18.250+0000] {dagbag.py:545} INFO - Filling up the DagBag from /opt/airflow/dags/timeseries_pipeline.py
[2025-09-19T13:14:19.755+0000] {processor.py:840} INFO - DAG(s) 'timeseries_pipeline' retrieved from /opt/airflow/dags/timeseries_pipeline.py
[2025-09-19T13:14:19.783+0000] {logging_mixin.py:188} INFO - [2025-09-19T13:14:19.782+0000] {dag.py:3096} INFO - Sync 1 DAGs
[2025-09-19T13:14:19.809+0000] {logging_mixin.py:188} INFO - [2025-09-19T13:14:19.809+0000] {dag.py:3954} INFO - Setting next_dagrun for timeseries_pipeline to 2025-09-19 00:00:00+00:00, run_after=2025-09-20 00:00:00+00:00
[2025-09-19T13:14:19.838+0000] {processor.py:183} INFO - Processing /opt/airflow/dags/timeseries_pipeline.py took 1.615 seconds
[2025-09-19T13:14:50.469+0000] {processor.py:161} INFO - Started process (PID=1302) to work on /opt/airflow/dags/timeseries_pipeline.py
[2025-09-19T13:14:50.471+0000] {processor.py:830} INFO - Processing file /opt/airflow/dags/timeseries_pipeline.py for tasks to queue
[2025-09-19T13:14:50.474+0000] {logging_mixin.py:188} INFO - [2025-09-19T13:14:50.473+0000] {dagbag.py:545} INFO - Filling up the DagBag from /opt/airflow/dags/timeseries_pipeline.py
[2025-09-19T13:14:51.859+0000] {processor.py:840} INFO - DAG(s) 'timeseries_pipeline' retrieved from /opt/airflow/dags/timeseries_pipeline.py
[2025-09-19T13:14:51.900+0000] {logging_mixin.py:188} INFO - [2025-09-19T13:14:51.899+0000] {dag.py:3096} INFO - Sync 1 DAGs
[2025-09-19T13:14:51.943+0000] {logging_mixin.py:188} INFO - [2025-09-19T13:14:51.943+0000] {dag.py:3954} INFO - Setting next_dagrun for timeseries_pipeline to 2025-09-19 00:00:00+00:00, run_after=2025-09-20 00:00:00+00:00
[2025-09-19T13:14:51.980+0000] {processor.py:183} INFO - Processing /opt/airflow/dags/timeseries_pipeline.py took 1.520 seconds
[2025-09-19T13:15:22.323+0000] {processor.py:161} INFO - Started process (PID=1314) to work on /opt/airflow/dags/timeseries_pipeline.py
[2025-09-19T13:15:22.325+0000] {processor.py:830} INFO - Processing file /opt/airflow/dags/timeseries_pipeline.py for tasks to queue
[2025-09-19T13:15:22.329+0000] {logging_mixin.py:188} INFO - [2025-09-19T13:15:22.328+0000] {dagbag.py:545} INFO - Filling up the DagBag from /opt/airflow/dags/timeseries_pipeline.py
[2025-09-19T13:15:23.642+0000] {processor.py:840} INFO - DAG(s) 'timeseries_pipeline' retrieved from /opt/airflow/dags/timeseries_pipeline.py
[2025-09-19T13:15:23.671+0000] {logging_mixin.py:188} INFO - [2025-09-19T13:15:23.670+0000] {dag.py:3096} INFO - Sync 1 DAGs
[2025-09-19T13:15:23.701+0000] {logging_mixin.py:188} INFO - [2025-09-19T13:15:23.701+0000] {dag.py:3954} INFO - Setting next_dagrun for timeseries_pipeline to 2025-09-19 00:00:00+00:00, run_after=2025-09-20 00:00:00+00:00
[2025-09-19T13:15:23.739+0000] {processor.py:183} INFO - Processing /opt/airflow/dags/timeseries_pipeline.py took 1.424 seconds
[2025-09-19T13:15:54.185+0000] {processor.py:161} INFO - Started process (PID=1329) to work on /opt/airflow/dags/timeseries_pipeline.py
[2025-09-19T13:15:54.187+0000] {processor.py:830} INFO - Processing file /opt/airflow/dags/timeseries_pipeline.py for tasks to queue
[2025-09-19T13:15:54.190+0000] {logging_mixin.py:188} INFO - [2025-09-19T13:15:54.189+0000] {dagbag.py:545} INFO - Filling up the DagBag from /opt/airflow/dags/timeseries_pipeline.py
[2025-09-19T13:15:55.468+0000] {processor.py:840} INFO - DAG(s) 'timeseries_pipeline' retrieved from /opt/airflow/dags/timeseries_pipeline.py
[2025-09-19T13:15:55.499+0000] {logging_mixin.py:188} INFO - [2025-09-19T13:15:55.498+0000] {dag.py:3096} INFO - Sync 1 DAGs
[2025-09-19T13:15:55.523+0000] {logging_mixin.py:188} INFO - [2025-09-19T13:15:55.523+0000] {dag.py:3954} INFO - Setting next_dagrun for timeseries_pipeline to 2025-09-19 00:00:00+00:00, run_after=2025-09-20 00:00:00+00:00
[2025-09-19T13:15:55.556+0000] {processor.py:183} INFO - Processing /opt/airflow/dags/timeseries_pipeline.py took 1.382 seconds
[2025-09-19T13:16:26.217+0000] {processor.py:161} INFO - Started process (PID=1343) to work on /opt/airflow/dags/timeseries_pipeline.py
[2025-09-19T13:16:26.222+0000] {processor.py:830} INFO - Processing file /opt/airflow/dags/timeseries_pipeline.py for tasks to queue
[2025-09-19T13:16:26.230+0000] {logging_mixin.py:188} INFO - [2025-09-19T13:16:26.230+0000] {dagbag.py:545} INFO - Filling up the DagBag from /opt/airflow/dags/timeseries_pipeline.py
[2025-09-19T13:16:27.943+0000] {processor.py:840} INFO - DAG(s) 'timeseries_pipeline' retrieved from /opt/airflow/dags/timeseries_pipeline.py
[2025-09-19T13:16:27.989+0000] {logging_mixin.py:188} INFO - [2025-09-19T13:16:27.988+0000] {dag.py:3096} INFO - Sync 1 DAGs
[2025-09-19T13:16:28.018+0000] {logging_mixin.py:188} INFO - [2025-09-19T13:16:28.017+0000] {dag.py:3954} INFO - Setting next_dagrun for timeseries_pipeline to 2025-09-19 00:00:00+00:00, run_after=2025-09-20 00:00:00+00:00
[2025-09-19T13:16:28.048+0000] {processor.py:183} INFO - Processing /opt/airflow/dags/timeseries_pipeline.py took 1.843 seconds
[2025-09-19T13:16:58.736+0000] {processor.py:161} INFO - Started process (PID=1355) to work on /opt/airflow/dags/timeseries_pipeline.py
[2025-09-19T13:16:58.738+0000] {processor.py:830} INFO - Processing file /opt/airflow/dags/timeseries_pipeline.py for tasks to queue
[2025-09-19T13:16:58.743+0000] {logging_mixin.py:188} INFO - [2025-09-19T13:16:58.742+0000] {dagbag.py:545} INFO - Filling up the DagBag from /opt/airflow/dags/timeseries_pipeline.py
[2025-09-19T13:17:00.122+0000] {processor.py:840} INFO - DAG(s) 'timeseries_pipeline' retrieved from /opt/airflow/dags/timeseries_pipeline.py
[2025-09-19T13:17:00.153+0000] {logging_mixin.py:188} INFO - [2025-09-19T13:17:00.152+0000] {dag.py:3096} INFO - Sync 1 DAGs
[2025-09-19T13:17:00.187+0000] {logging_mixin.py:188} INFO - [2025-09-19T13:17:00.186+0000] {dag.py:3954} INFO - Setting next_dagrun for timeseries_pipeline to 2025-09-19 00:00:00+00:00, run_after=2025-09-20 00:00:00+00:00
[2025-09-19T13:17:00.218+0000] {processor.py:183} INFO - Processing /opt/airflow/dags/timeseries_pipeline.py took 1.496 seconds
[2025-09-19T13:17:30.825+0000] {processor.py:161} INFO - Started process (PID=1367) to work on /opt/airflow/dags/timeseries_pipeline.py
[2025-09-19T13:17:30.827+0000] {processor.py:830} INFO - Processing file /opt/airflow/dags/timeseries_pipeline.py for tasks to queue
[2025-09-19T13:17:30.830+0000] {logging_mixin.py:188} INFO - [2025-09-19T13:17:30.829+0000] {dagbag.py:545} INFO - Filling up the DagBag from /opt/airflow/dags/timeseries_pipeline.py
[2025-09-19T13:17:32.108+0000] {processor.py:840} INFO - DAG(s) 'timeseries_pipeline' retrieved from /opt/airflow/dags/timeseries_pipeline.py
[2025-09-19T13:17:32.156+0000] {logging_mixin.py:188} INFO - [2025-09-19T13:17:32.155+0000] {dag.py:3096} INFO - Sync 1 DAGs
[2025-09-19T13:17:32.198+0000] {logging_mixin.py:188} INFO - [2025-09-19T13:17:32.198+0000] {dag.py:3954} INFO - Setting next_dagrun for timeseries_pipeline to 2025-09-19 00:00:00+00:00, run_after=2025-09-20 00:00:00+00:00
[2025-09-19T13:17:32.229+0000] {processor.py:183} INFO - Processing /opt/airflow/dags/timeseries_pipeline.py took 1.415 seconds
[2025-09-19T13:18:02.455+0000] {processor.py:161} INFO - Started process (PID=1379) to work on /opt/airflow/dags/timeseries_pipeline.py
[2025-09-19T13:18:02.457+0000] {processor.py:830} INFO - Processing file /opt/airflow/dags/timeseries_pipeline.py for tasks to queue
[2025-09-19T13:18:02.461+0000] {logging_mixin.py:188} INFO - [2025-09-19T13:18:02.460+0000] {dagbag.py:545} INFO - Filling up the DagBag from /opt/airflow/dags/timeseries_pipeline.py
[2025-09-19T13:18:03.804+0000] {processor.py:840} INFO - DAG(s) 'timeseries_pipeline' retrieved from /opt/airflow/dags/timeseries_pipeline.py
[2025-09-19T13:18:03.837+0000] {logging_mixin.py:188} INFO - [2025-09-19T13:18:03.836+0000] {dag.py:3096} INFO - Sync 1 DAGs
[2025-09-19T13:18:03.860+0000] {logging_mixin.py:188} INFO - [2025-09-19T13:18:03.859+0000] {dag.py:3954} INFO - Setting next_dagrun for timeseries_pipeline to 2025-09-19 00:00:00+00:00, run_after=2025-09-20 00:00:00+00:00
[2025-09-19T13:18:03.887+0000] {processor.py:183} INFO - Processing /opt/airflow/dags/timeseries_pipeline.py took 1.443 seconds
[2025-09-19T13:18:34.819+0000] {processor.py:161} INFO - Started process (PID=1391) to work on /opt/airflow/dags/timeseries_pipeline.py
[2025-09-19T13:18:34.821+0000] {processor.py:830} INFO - Processing file /opt/airflow/dags/timeseries_pipeline.py for tasks to queue
[2025-09-19T13:18:34.825+0000] {logging_mixin.py:188} INFO - [2025-09-19T13:18:34.824+0000] {dagbag.py:545} INFO - Filling up the DagBag from /opt/airflow/dags/timeseries_pipeline.py
[2025-09-19T13:18:36.219+0000] {processor.py:840} INFO - DAG(s) 'timeseries_pipeline' retrieved from /opt/airflow/dags/timeseries_pipeline.py
[2025-09-19T13:18:36.252+0000] {logging_mixin.py:188} INFO - [2025-09-19T13:18:36.251+0000] {dag.py:3096} INFO - Sync 1 DAGs
[2025-09-19T13:18:36.285+0000] {logging_mixin.py:188} INFO - [2025-09-19T13:18:36.285+0000] {dag.py:3954} INFO - Setting next_dagrun for timeseries_pipeline to 2025-09-19 00:00:00+00:00, run_after=2025-09-20 00:00:00+00:00
[2025-09-19T13:18:36.319+0000] {processor.py:183} INFO - Processing /opt/airflow/dags/timeseries_pipeline.py took 1.508 seconds
[2025-09-19T13:19:06.979+0000] {processor.py:161} INFO - Started process (PID=1403) to work on /opt/airflow/dags/timeseries_pipeline.py
[2025-09-19T13:19:06.983+0000] {processor.py:830} INFO - Processing file /opt/airflow/dags/timeseries_pipeline.py for tasks to queue
[2025-09-19T13:19:06.988+0000] {logging_mixin.py:188} INFO - [2025-09-19T13:19:06.987+0000] {dagbag.py:545} INFO - Filling up the DagBag from /opt/airflow/dags/timeseries_pipeline.py
[2025-09-19T13:19:08.645+0000] {processor.py:840} INFO - DAG(s) 'timeseries_pipeline' retrieved from /opt/airflow/dags/timeseries_pipeline.py
[2025-09-19T13:19:08.679+0000] {logging_mixin.py:188} INFO - [2025-09-19T13:19:08.679+0000] {dag.py:3096} INFO - Sync 1 DAGs
[2025-09-19T13:19:08.711+0000] {logging_mixin.py:188} INFO - [2025-09-19T13:19:08.711+0000] {dag.py:3954} INFO - Setting next_dagrun for timeseries_pipeline to 2025-09-19 00:00:00+00:00, run_after=2025-09-20 00:00:00+00:00
[2025-09-19T13:19:08.747+0000] {processor.py:183} INFO - Processing /opt/airflow/dags/timeseries_pipeline.py took 1.607 seconds
[2025-09-19T13:19:39.446+0000] {processor.py:161} INFO - Started process (PID=1415) to work on /opt/airflow/dags/timeseries_pipeline.py
[2025-09-19T13:19:39.448+0000] {processor.py:830} INFO - Processing file /opt/airflow/dags/timeseries_pipeline.py for tasks to queue
[2025-09-19T13:19:39.452+0000] {logging_mixin.py:188} INFO - [2025-09-19T13:19:39.452+0000] {dagbag.py:545} INFO - Filling up the DagBag from /opt/airflow/dags/timeseries_pipeline.py
[2025-09-19T13:19:40.911+0000] {processor.py:840} INFO - DAG(s) 'timeseries_pipeline' retrieved from /opt/airflow/dags/timeseries_pipeline.py
[2025-09-19T13:19:40.941+0000] {logging_mixin.py:188} INFO - [2025-09-19T13:19:40.940+0000] {dag.py:3096} INFO - Sync 1 DAGs
[2025-09-19T13:19:40.970+0000] {logging_mixin.py:188} INFO - [2025-09-19T13:19:40.970+0000] {dag.py:3954} INFO - Setting next_dagrun for timeseries_pipeline to 2025-09-19 00:00:00+00:00, run_after=2025-09-20 00:00:00+00:00
[2025-09-19T13:19:40.996+0000] {processor.py:183} INFO - Processing /opt/airflow/dags/timeseries_pipeline.py took 1.565 seconds
[2025-09-19T13:20:11.214+0000] {processor.py:161} INFO - Started process (PID=1427) to work on /opt/airflow/dags/timeseries_pipeline.py
[2025-09-19T13:20:11.215+0000] {processor.py:830} INFO - Processing file /opt/airflow/dags/timeseries_pipeline.py for tasks to queue
[2025-09-19T13:20:11.218+0000] {logging_mixin.py:188} INFO - [2025-09-19T13:20:11.217+0000] {dagbag.py:545} INFO - Filling up the DagBag from /opt/airflow/dags/timeseries_pipeline.py
[2025-09-19T13:20:12.701+0000] {processor.py:840} INFO - DAG(s) 'timeseries_pipeline' retrieved from /opt/airflow/dags/timeseries_pipeline.py
[2025-09-19T13:20:12.735+0000] {logging_mixin.py:188} INFO - [2025-09-19T13:20:12.735+0000] {dag.py:3096} INFO - Sync 1 DAGs
[2025-09-19T13:20:12.765+0000] {logging_mixin.py:188} INFO - [2025-09-19T13:20:12.765+0000] {dag.py:3954} INFO - Setting next_dagrun for timeseries_pipeline to 2025-09-19 00:00:00+00:00, run_after=2025-09-20 00:00:00+00:00
[2025-09-19T13:20:12.793+0000] {processor.py:183} INFO - Processing /opt/airflow/dags/timeseries_pipeline.py took 1.586 seconds
[2025-09-19T13:20:43.444+0000] {processor.py:161} INFO - Started process (PID=1439) to work on /opt/airflow/dags/timeseries_pipeline.py
[2025-09-19T13:20:43.447+0000] {processor.py:830} INFO - Processing file /opt/airflow/dags/timeseries_pipeline.py for tasks to queue
[2025-09-19T13:20:43.458+0000] {logging_mixin.py:188} INFO - [2025-09-19T13:20:43.457+0000] {dagbag.py:545} INFO - Filling up the DagBag from /opt/airflow/dags/timeseries_pipeline.py
[2025-09-19T13:20:44.897+0000] {processor.py:840} INFO - DAG(s) 'timeseries_pipeline' retrieved from /opt/airflow/dags/timeseries_pipeline.py
[2025-09-19T13:20:44.930+0000] {logging_mixin.py:188} INFO - [2025-09-19T13:20:44.930+0000] {dag.py:3096} INFO - Sync 1 DAGs
[2025-09-19T13:20:44.957+0000] {logging_mixin.py:188} INFO - [2025-09-19T13:20:44.957+0000] {dag.py:3954} INFO - Setting next_dagrun for timeseries_pipeline to 2025-09-19 00:00:00+00:00, run_after=2025-09-20 00:00:00+00:00
[2025-09-19T13:20:44.990+0000] {processor.py:183} INFO - Processing /opt/airflow/dags/timeseries_pipeline.py took 1.559 seconds
[2025-09-19T13:21:15.728+0000] {processor.py:161} INFO - Started process (PID=1451) to work on /opt/airflow/dags/timeseries_pipeline.py
[2025-09-19T13:21:15.731+0000] {processor.py:830} INFO - Processing file /opt/airflow/dags/timeseries_pipeline.py for tasks to queue
[2025-09-19T13:21:15.735+0000] {logging_mixin.py:188} INFO - [2025-09-19T13:21:15.734+0000] {dagbag.py:545} INFO - Filling up the DagBag from /opt/airflow/dags/timeseries_pipeline.py
[2025-09-19T13:21:17.484+0000] {processor.py:840} INFO - DAG(s) 'timeseries_pipeline' retrieved from /opt/airflow/dags/timeseries_pipeline.py
[2025-09-19T13:21:17.518+0000] {logging_mixin.py:188} INFO - [2025-09-19T13:21:17.517+0000] {dag.py:3096} INFO - Sync 1 DAGs
[2025-09-19T13:21:17.558+0000] {logging_mixin.py:188} INFO - [2025-09-19T13:21:17.558+0000] {dag.py:3954} INFO - Setting next_dagrun for timeseries_pipeline to 2025-09-19 00:00:00+00:00, run_after=2025-09-20 00:00:00+00:00
[2025-09-19T13:21:17.604+0000] {processor.py:183} INFO - Processing /opt/airflow/dags/timeseries_pipeline.py took 1.889 seconds
[2025-09-19T13:21:47.826+0000] {processor.py:161} INFO - Started process (PID=1463) to work on /opt/airflow/dags/timeseries_pipeline.py
[2025-09-19T13:21:47.832+0000] {processor.py:830} INFO - Processing file /opt/airflow/dags/timeseries_pipeline.py for tasks to queue
[2025-09-19T13:21:47.837+0000] {logging_mixin.py:188} INFO - [2025-09-19T13:21:47.837+0000] {dagbag.py:545} INFO - Filling up the DagBag from /opt/airflow/dags/timeseries_pipeline.py
[2025-09-19T13:21:49.876+0000] {processor.py:840} INFO - DAG(s) 'timeseries_pipeline' retrieved from /opt/airflow/dags/timeseries_pipeline.py
[2025-09-19T13:21:49.927+0000] {logging_mixin.py:188} INFO - [2025-09-19T13:21:49.926+0000] {dag.py:3096} INFO - Sync 1 DAGs
[2025-09-19T13:21:49.972+0000] {logging_mixin.py:188} INFO - [2025-09-19T13:21:49.971+0000] {dag.py:3954} INFO - Setting next_dagrun for timeseries_pipeline to 2025-09-19 00:00:00+00:00, run_after=2025-09-20 00:00:00+00:00
[2025-09-19T13:21:50.023+0000] {processor.py:183} INFO - Processing /opt/airflow/dags/timeseries_pipeline.py took 2.215 seconds
[2025-09-19T13:22:20.342+0000] {processor.py:161} INFO - Started process (PID=1475) to work on /opt/airflow/dags/timeseries_pipeline.py
[2025-09-19T13:22:20.344+0000] {processor.py:830} INFO - Processing file /opt/airflow/dags/timeseries_pipeline.py for tasks to queue
[2025-09-19T13:22:20.351+0000] {logging_mixin.py:188} INFO - [2025-09-19T13:22:20.350+0000] {dagbag.py:545} INFO - Filling up the DagBag from /opt/airflow/dags/timeseries_pipeline.py
[2025-09-19T13:22:21.873+0000] {processor.py:840} INFO - DAG(s) 'timeseries_pipeline' retrieved from /opt/airflow/dags/timeseries_pipeline.py
[2025-09-19T13:22:21.897+0000] {logging_mixin.py:188} INFO - [2025-09-19T13:22:21.897+0000] {dag.py:3096} INFO - Sync 1 DAGs
[2025-09-19T13:22:21.918+0000] {logging_mixin.py:188} INFO - [2025-09-19T13:22:21.917+0000] {dag.py:3954} INFO - Setting next_dagrun for timeseries_pipeline to 2025-09-19 00:00:00+00:00, run_after=2025-09-20 00:00:00+00:00
[2025-09-19T13:22:21.939+0000] {processor.py:183} INFO - Processing /opt/airflow/dags/timeseries_pipeline.py took 1.612 seconds
[2025-09-19T13:22:52.112+0000] {processor.py:161} INFO - Started process (PID=1487) to work on /opt/airflow/dags/timeseries_pipeline.py
[2025-09-19T13:22:52.115+0000] {processor.py:830} INFO - Processing file /opt/airflow/dags/timeseries_pipeline.py for tasks to queue
[2025-09-19T13:22:52.120+0000] {logging_mixin.py:188} INFO - [2025-09-19T13:22:52.119+0000] {dagbag.py:545} INFO - Filling up the DagBag from /opt/airflow/dags/timeseries_pipeline.py
[2025-09-19T13:22:53.333+0000] {processor.py:840} INFO - DAG(s) 'timeseries_pipeline' retrieved from /opt/airflow/dags/timeseries_pipeline.py
[2025-09-19T13:22:53.374+0000] {logging_mixin.py:188} INFO - [2025-09-19T13:22:53.373+0000] {dag.py:3096} INFO - Sync 1 DAGs
[2025-09-19T13:22:53.409+0000] {logging_mixin.py:188} INFO - [2025-09-19T13:22:53.409+0000] {dag.py:3954} INFO - Setting next_dagrun for timeseries_pipeline to 2025-09-19 00:00:00+00:00, run_after=2025-09-20 00:00:00+00:00
[2025-09-19T13:22:53.443+0000] {processor.py:183} INFO - Processing /opt/airflow/dags/timeseries_pipeline.py took 1.342 seconds
[2025-09-19T13:23:23.562+0000] {processor.py:161} INFO - Started process (PID=1499) to work on /opt/airflow/dags/timeseries_pipeline.py
[2025-09-19T13:23:23.565+0000] {processor.py:830} INFO - Processing file /opt/airflow/dags/timeseries_pipeline.py for tasks to queue
[2025-09-19T13:23:23.570+0000] {logging_mixin.py:188} INFO - [2025-09-19T13:23:23.569+0000] {dagbag.py:545} INFO - Filling up the DagBag from /opt/airflow/dags/timeseries_pipeline.py
[2025-09-19T13:23:24.951+0000] {processor.py:840} INFO - DAG(s) 'timeseries_pipeline' retrieved from /opt/airflow/dags/timeseries_pipeline.py
[2025-09-19T13:23:24.984+0000] {logging_mixin.py:188} INFO - [2025-09-19T13:23:24.983+0000] {dag.py:3096} INFO - Sync 1 DAGs
[2025-09-19T13:23:25.016+0000] {logging_mixin.py:188} INFO - [2025-09-19T13:23:25.016+0000] {dag.py:3954} INFO - Setting next_dagrun for timeseries_pipeline to 2025-09-19 00:00:00+00:00, run_after=2025-09-20 00:00:00+00:00
[2025-09-19T13:23:25.048+0000] {processor.py:183} INFO - Processing /opt/airflow/dags/timeseries_pipeline.py took 1.498 seconds
[2025-09-19T13:23:55.150+0000] {processor.py:161} INFO - Started process (PID=1511) to work on /opt/airflow/dags/timeseries_pipeline.py
[2025-09-19T13:23:55.156+0000] {processor.py:830} INFO - Processing file /opt/airflow/dags/timeseries_pipeline.py for tasks to queue
[2025-09-19T13:23:55.160+0000] {logging_mixin.py:188} INFO - [2025-09-19T13:23:55.159+0000] {dagbag.py:545} INFO - Filling up the DagBag from /opt/airflow/dags/timeseries_pipeline.py
[2025-09-19T13:23:56.710+0000] {processor.py:840} INFO - DAG(s) 'timeseries_pipeline' retrieved from /opt/airflow/dags/timeseries_pipeline.py
[2025-09-19T13:23:56.753+0000] {logging_mixin.py:188} INFO - [2025-09-19T13:23:56.753+0000] {dag.py:3096} INFO - Sync 1 DAGs
[2025-09-19T13:23:56.785+0000] {logging_mixin.py:188} INFO - [2025-09-19T13:23:56.784+0000] {dag.py:3954} INFO - Setting next_dagrun for timeseries_pipeline to 2025-09-19 00:00:00+00:00, run_after=2025-09-20 00:00:00+00:00
[2025-09-19T13:23:56.815+0000] {processor.py:183} INFO - Processing /opt/airflow/dags/timeseries_pipeline.py took 1.677 seconds
[2025-09-19T13:24:27.122+0000] {processor.py:161} INFO - Started process (PID=1523) to work on /opt/airflow/dags/timeseries_pipeline.py
[2025-09-19T13:24:27.124+0000] {processor.py:830} INFO - Processing file /opt/airflow/dags/timeseries_pipeline.py for tasks to queue
[2025-09-19T13:24:27.127+0000] {logging_mixin.py:188} INFO - [2025-09-19T13:24:27.127+0000] {dagbag.py:545} INFO - Filling up the DagBag from /opt/airflow/dags/timeseries_pipeline.py
[2025-09-19T13:24:28.654+0000] {processor.py:840} INFO - DAG(s) 'timeseries_pipeline' retrieved from /opt/airflow/dags/timeseries_pipeline.py
[2025-09-19T13:24:28.693+0000] {logging_mixin.py:188} INFO - [2025-09-19T13:24:28.693+0000] {dag.py:3096} INFO - Sync 1 DAGs
[2025-09-19T13:24:28.720+0000] {logging_mixin.py:188} INFO - [2025-09-19T13:24:28.720+0000] {dag.py:3954} INFO - Setting next_dagrun for timeseries_pipeline to 2025-09-19 00:00:00+00:00, run_after=2025-09-20 00:00:00+00:00
[2025-09-19T13:24:28.747+0000] {processor.py:183} INFO - Processing /opt/airflow/dags/timeseries_pipeline.py took 1.636 seconds
[2025-09-19T13:24:59.038+0000] {processor.py:161} INFO - Started process (PID=1535) to work on /opt/airflow/dags/timeseries_pipeline.py
[2025-09-19T13:24:59.040+0000] {processor.py:830} INFO - Processing file /opt/airflow/dags/timeseries_pipeline.py for tasks to queue
[2025-09-19T13:24:59.043+0000] {logging_mixin.py:188} INFO - [2025-09-19T13:24:59.042+0000] {dagbag.py:545} INFO - Filling up the DagBag from /opt/airflow/dags/timeseries_pipeline.py
[2025-09-19T13:25:00.454+0000] {processor.py:840} INFO - DAG(s) 'timeseries_pipeline' retrieved from /opt/airflow/dags/timeseries_pipeline.py
[2025-09-19T13:25:00.492+0000] {logging_mixin.py:188} INFO - [2025-09-19T13:25:00.491+0000] {dag.py:3096} INFO - Sync 1 DAGs
[2025-09-19T13:25:00.521+0000] {logging_mixin.py:188} INFO - [2025-09-19T13:25:00.521+0000] {dag.py:3954} INFO - Setting next_dagrun for timeseries_pipeline to 2025-09-19 00:00:00+00:00, run_after=2025-09-20 00:00:00+00:00
[2025-09-19T13:25:00.567+0000] {processor.py:183} INFO - Processing /opt/airflow/dags/timeseries_pipeline.py took 1.535 seconds
[2025-09-19T13:25:30.935+0000] {processor.py:161} INFO - Started process (PID=1547) to work on /opt/airflow/dags/timeseries_pipeline.py
[2025-09-19T13:25:30.938+0000] {processor.py:830} INFO - Processing file /opt/airflow/dags/timeseries_pipeline.py for tasks to queue
[2025-09-19T13:25:30.943+0000] {logging_mixin.py:188} INFO - [2025-09-19T13:25:30.942+0000] {dagbag.py:545} INFO - Filling up the DagBag from /opt/airflow/dags/timeseries_pipeline.py
[2025-09-19T13:25:32.224+0000] {processor.py:840} INFO - DAG(s) 'timeseries_pipeline' retrieved from /opt/airflow/dags/timeseries_pipeline.py
[2025-09-19T13:25:32.278+0000] {logging_mixin.py:188} INFO - [2025-09-19T13:25:32.276+0000] {dag.py:3096} INFO - Sync 1 DAGs
[2025-09-19T13:25:32.323+0000] {logging_mixin.py:188} INFO - [2025-09-19T13:25:32.322+0000] {dag.py:3954} INFO - Setting next_dagrun for timeseries_pipeline to 2025-09-19 00:00:00+00:00, run_after=2025-09-20 00:00:00+00:00
[2025-09-19T13:25:32.363+0000] {processor.py:183} INFO - Processing /opt/airflow/dags/timeseries_pipeline.py took 1.445 seconds
[2025-09-19T13:26:02.592+0000] {processor.py:161} INFO - Started process (PID=1559) to work on /opt/airflow/dags/timeseries_pipeline.py
[2025-09-19T13:26:02.594+0000] {processor.py:830} INFO - Processing file /opt/airflow/dags/timeseries_pipeline.py for tasks to queue
[2025-09-19T13:26:02.600+0000] {logging_mixin.py:188} INFO - [2025-09-19T13:26:02.598+0000] {dagbag.py:545} INFO - Filling up the DagBag from /opt/airflow/dags/timeseries_pipeline.py
[2025-09-19T13:26:04.419+0000] {processor.py:840} INFO - DAG(s) 'timeseries_pipeline' retrieved from /opt/airflow/dags/timeseries_pipeline.py
[2025-09-19T13:26:04.450+0000] {logging_mixin.py:188} INFO - [2025-09-19T13:26:04.449+0000] {dag.py:3096} INFO - Sync 1 DAGs
[2025-09-19T13:26:04.474+0000] {logging_mixin.py:188} INFO - [2025-09-19T13:26:04.474+0000] {dag.py:3954} INFO - Setting next_dagrun for timeseries_pipeline to 2025-09-19 00:00:00+00:00, run_after=2025-09-20 00:00:00+00:00
[2025-09-19T13:26:04.501+0000] {processor.py:183} INFO - Processing /opt/airflow/dags/timeseries_pipeline.py took 1.925 seconds
[2025-09-19T13:26:34.903+0000] {processor.py:161} INFO - Started process (PID=1571) to work on /opt/airflow/dags/timeseries_pipeline.py
[2025-09-19T13:26:34.905+0000] {processor.py:830} INFO - Processing file /opt/airflow/dags/timeseries_pipeline.py for tasks to queue
[2025-09-19T13:26:34.908+0000] {logging_mixin.py:188} INFO - [2025-09-19T13:26:34.908+0000] {dagbag.py:545} INFO - Filling up the DagBag from /opt/airflow/dags/timeseries_pipeline.py
[2025-09-19T13:26:36.575+0000] {processor.py:840} INFO - DAG(s) 'timeseries_pipeline' retrieved from /opt/airflow/dags/timeseries_pipeline.py
[2025-09-19T13:26:36.626+0000] {logging_mixin.py:188} INFO - [2025-09-19T13:26:36.624+0000] {dag.py:3096} INFO - Sync 1 DAGs
[2025-09-19T13:26:36.670+0000] {logging_mixin.py:188} INFO - [2025-09-19T13:26:36.670+0000] {dag.py:3954} INFO - Setting next_dagrun for timeseries_pipeline to 2025-09-19 00:00:00+00:00, run_after=2025-09-20 00:00:00+00:00
[2025-09-19T13:26:36.695+0000] {processor.py:183} INFO - Processing /opt/airflow/dags/timeseries_pipeline.py took 1.803 seconds
[2025-09-19T13:27:06.994+0000] {processor.py:161} INFO - Started process (PID=1583) to work on /opt/airflow/dags/timeseries_pipeline.py
[2025-09-19T13:27:06.995+0000] {processor.py:830} INFO - Processing file /opt/airflow/dags/timeseries_pipeline.py for tasks to queue
[2025-09-19T13:27:06.997+0000] {logging_mixin.py:188} INFO - [2025-09-19T13:27:06.997+0000] {dagbag.py:545} INFO - Filling up the DagBag from /opt/airflow/dags/timeseries_pipeline.py
[2025-09-19T13:27:08.664+0000] {processor.py:840} INFO - DAG(s) 'timeseries_pipeline' retrieved from /opt/airflow/dags/timeseries_pipeline.py
[2025-09-19T13:27:08.711+0000] {logging_mixin.py:188} INFO - [2025-09-19T13:27:08.710+0000] {dag.py:3096} INFO - Sync 1 DAGs
[2025-09-19T13:27:08.742+0000] {logging_mixin.py:188} INFO - [2025-09-19T13:27:08.741+0000] {dag.py:3954} INFO - Setting next_dagrun for timeseries_pipeline to 2025-09-19 00:00:00+00:00, run_after=2025-09-20 00:00:00+00:00
[2025-09-19T13:27:08.773+0000] {processor.py:183} INFO - Processing /opt/airflow/dags/timeseries_pipeline.py took 1.785 seconds
[2025-09-19T13:27:38.912+0000] {processor.py:161} INFO - Started process (PID=1595) to work on /opt/airflow/dags/timeseries_pipeline.py
[2025-09-19T13:27:38.916+0000] {processor.py:830} INFO - Processing file /opt/airflow/dags/timeseries_pipeline.py for tasks to queue
[2025-09-19T13:27:38.921+0000] {logging_mixin.py:188} INFO - [2025-09-19T13:27:38.920+0000] {dagbag.py:545} INFO - Filling up the DagBag from /opt/airflow/dags/timeseries_pipeline.py
[2025-09-19T13:27:40.580+0000] {processor.py:840} INFO - DAG(s) 'timeseries_pipeline' retrieved from /opt/airflow/dags/timeseries_pipeline.py
[2025-09-19T13:27:40.643+0000] {logging_mixin.py:188} INFO - [2025-09-19T13:27:40.642+0000] {dag.py:3096} INFO - Sync 1 DAGs
[2025-09-19T13:27:40.689+0000] {logging_mixin.py:188} INFO - [2025-09-19T13:27:40.688+0000] {dag.py:3954} INFO - Setting next_dagrun for timeseries_pipeline to 2025-09-19 00:00:00+00:00, run_after=2025-09-20 00:00:00+00:00
[2025-09-19T13:27:40.740+0000] {processor.py:183} INFO - Processing /opt/airflow/dags/timeseries_pipeline.py took 1.837 seconds
[2025-09-19T13:28:11.095+0000] {processor.py:161} INFO - Started process (PID=1607) to work on /opt/airflow/dags/timeseries_pipeline.py
[2025-09-19T13:28:11.098+0000] {processor.py:830} INFO - Processing file /opt/airflow/dags/timeseries_pipeline.py for tasks to queue
[2025-09-19T13:28:11.102+0000] {logging_mixin.py:188} INFO - [2025-09-19T13:28:11.102+0000] {dagbag.py:545} INFO - Filling up the DagBag from /opt/airflow/dags/timeseries_pipeline.py
[2025-09-19T13:28:12.331+0000] {processor.py:840} INFO - DAG(s) 'timeseries_pipeline' retrieved from /opt/airflow/dags/timeseries_pipeline.py
[2025-09-19T13:28:12.382+0000] {logging_mixin.py:188} INFO - [2025-09-19T13:28:12.381+0000] {dag.py:3096} INFO - Sync 1 DAGs
[2025-09-19T13:28:12.408+0000] {logging_mixin.py:188} INFO - [2025-09-19T13:28:12.407+0000] {dag.py:3954} INFO - Setting next_dagrun for timeseries_pipeline to 2025-09-19 00:00:00+00:00, run_after=2025-09-20 00:00:00+00:00
[2025-09-19T13:28:12.446+0000] {processor.py:183} INFO - Processing /opt/airflow/dags/timeseries_pipeline.py took 1.364 seconds
[2025-09-19T13:28:42.597+0000] {processor.py:161} INFO - Started process (PID=1622) to work on /opt/airflow/dags/timeseries_pipeline.py
[2025-09-19T13:28:42.601+0000] {processor.py:830} INFO - Processing file /opt/airflow/dags/timeseries_pipeline.py for tasks to queue
[2025-09-19T13:28:42.608+0000] {logging_mixin.py:188} INFO - [2025-09-19T13:28:42.608+0000] {dagbag.py:545} INFO - Filling up the DagBag from /opt/airflow/dags/timeseries_pipeline.py
[2025-09-19T13:28:44.227+0000] {processor.py:840} INFO - DAG(s) 'timeseries_pipeline' retrieved from /opt/airflow/dags/timeseries_pipeline.py
[2025-09-19T13:28:44.257+0000] {logging_mixin.py:188} INFO - [2025-09-19T13:28:44.256+0000] {dag.py:3096} INFO - Sync 1 DAGs
[2025-09-19T13:28:44.286+0000] {logging_mixin.py:188} INFO - [2025-09-19T13:28:44.286+0000] {dag.py:3954} INFO - Setting next_dagrun for timeseries_pipeline to 2025-09-19 00:00:00+00:00, run_after=2025-09-20 00:00:00+00:00
[2025-09-19T13:28:44.316+0000] {processor.py:183} INFO - Processing /opt/airflow/dags/timeseries_pipeline.py took 1.731 seconds
[2025-09-19T13:29:14.452+0000] {processor.py:161} INFO - Started process (PID=1636) to work on /opt/airflow/dags/timeseries_pipeline.py
[2025-09-19T13:29:14.454+0000] {processor.py:830} INFO - Processing file /opt/airflow/dags/timeseries_pipeline.py for tasks to queue
[2025-09-19T13:29:14.458+0000] {logging_mixin.py:188} INFO - [2025-09-19T13:29:14.458+0000] {dagbag.py:545} INFO - Filling up the DagBag from /opt/airflow/dags/timeseries_pipeline.py
[2025-09-19T13:29:15.738+0000] {processor.py:840} INFO - DAG(s) 'timeseries_pipeline' retrieved from /opt/airflow/dags/timeseries_pipeline.py
[2025-09-19T13:29:15.778+0000] {logging_mixin.py:188} INFO - [2025-09-19T13:29:15.777+0000] {dag.py:3096} INFO - Sync 1 DAGs
[2025-09-19T13:29:15.809+0000] {logging_mixin.py:188} INFO - [2025-09-19T13:29:15.809+0000] {dag.py:3954} INFO - Setting next_dagrun for timeseries_pipeline to 2025-09-19 00:00:00+00:00, run_after=2025-09-20 00:00:00+00:00
[2025-09-19T13:29:15.828+0000] {processor.py:183} INFO - Processing /opt/airflow/dags/timeseries_pipeline.py took 1.386 seconds
[2025-09-19T13:29:46.049+0000] {processor.py:161} INFO - Started process (PID=1648) to work on /opt/airflow/dags/timeseries_pipeline.py
[2025-09-19T13:29:46.051+0000] {processor.py:830} INFO - Processing file /opt/airflow/dags/timeseries_pipeline.py for tasks to queue
[2025-09-19T13:29:46.056+0000] {logging_mixin.py:188} INFO - [2025-09-19T13:29:46.055+0000] {dagbag.py:545} INFO - Filling up the DagBag from /opt/airflow/dags/timeseries_pipeline.py
[2025-09-19T13:29:47.390+0000] {processor.py:840} INFO - DAG(s) 'timeseries_pipeline' retrieved from /opt/airflow/dags/timeseries_pipeline.py
[2025-09-19T13:29:47.446+0000] {logging_mixin.py:188} INFO - [2025-09-19T13:29:47.445+0000] {dag.py:3096} INFO - Sync 1 DAGs
[2025-09-19T13:29:47.482+0000] {logging_mixin.py:188} INFO - [2025-09-19T13:29:47.482+0000] {dag.py:3954} INFO - Setting next_dagrun for timeseries_pipeline to 2025-09-19 00:00:00+00:00, run_after=2025-09-20 00:00:00+00:00
[2025-09-19T13:29:47.514+0000] {processor.py:183} INFO - Processing /opt/airflow/dags/timeseries_pipeline.py took 1.474 seconds
[2025-09-19T13:30:18.194+0000] {processor.py:161} INFO - Started process (PID=1660) to work on /opt/airflow/dags/timeseries_pipeline.py
[2025-09-19T13:30:18.196+0000] {processor.py:830} INFO - Processing file /opt/airflow/dags/timeseries_pipeline.py for tasks to queue
[2025-09-19T13:30:18.199+0000] {logging_mixin.py:188} INFO - [2025-09-19T13:30:18.198+0000] {dagbag.py:545} INFO - Filling up the DagBag from /opt/airflow/dags/timeseries_pipeline.py
[2025-09-19T13:30:20.622+0000] {processor.py:840} INFO - DAG(s) 'timeseries_pipeline' retrieved from /opt/airflow/dags/timeseries_pipeline.py
[2025-09-19T13:30:20.665+0000] {logging_mixin.py:188} INFO - [2025-09-19T13:30:20.664+0000] {dag.py:3096} INFO - Sync 1 DAGs
[2025-09-19T13:30:20.688+0000] {logging_mixin.py:188} INFO - [2025-09-19T13:30:20.688+0000] {dag.py:3954} INFO - Setting next_dagrun for timeseries_pipeline to 2025-09-19 00:00:00+00:00, run_after=2025-09-20 00:00:00+00:00
[2025-09-19T13:30:20.711+0000] {processor.py:183} INFO - Processing /opt/airflow/dags/timeseries_pipeline.py took 1.856 seconds
[2025-09-19T13:30:51.296+0000] {processor.py:161} INFO - Started process (PID=1672) to work on /opt/airflow/dags/timeseries_pipeline.py
[2025-09-19T13:30:51.297+0000] {processor.py:830} INFO - Processing file /opt/airflow/dags/timeseries_pipeline.py for tasks to queue
[2025-09-19T13:30:51.301+0000] {logging_mixin.py:188} INFO - [2025-09-19T13:30:51.301+0000] {dagbag.py:545} INFO - Filling up the DagBag from /opt/airflow/dags/timeseries_pipeline.py
[2025-09-19T13:30:52.545+0000] {processor.py:840} INFO - DAG(s) 'timeseries_pipeline' retrieved from /opt/airflow/dags/timeseries_pipeline.py
[2025-09-19T13:30:52.573+0000] {logging_mixin.py:188} INFO - [2025-09-19T13:30:52.572+0000] {dag.py:3096} INFO - Sync 1 DAGs
[2025-09-19T13:30:52.594+0000] {logging_mixin.py:188} INFO - [2025-09-19T13:30:52.593+0000] {dag.py:3954} INFO - Setting next_dagrun for timeseries_pipeline to 2025-09-19 00:00:00+00:00, run_after=2025-09-20 00:00:00+00:00
[2025-09-19T13:30:52.612+0000] {processor.py:183} INFO - Processing /opt/airflow/dags/timeseries_pipeline.py took 1.330 seconds
[2025-09-19T13:31:23.413+0000] {processor.py:161} INFO - Started process (PID=1684) to work on /opt/airflow/dags/timeseries_pipeline.py
[2025-09-19T13:31:23.415+0000] {processor.py:830} INFO - Processing file /opt/airflow/dags/timeseries_pipeline.py for tasks to queue
[2025-09-19T13:31:23.424+0000] {logging_mixin.py:188} INFO - [2025-09-19T13:31:23.423+0000] {dagbag.py:545} INFO - Filling up the DagBag from /opt/airflow/dags/timeseries_pipeline.py
[2025-09-19T13:31:24.961+0000] {processor.py:840} INFO - DAG(s) 'timeseries_pipeline' retrieved from /opt/airflow/dags/timeseries_pipeline.py
[2025-09-19T13:31:24.992+0000] {logging_mixin.py:188} INFO - [2025-09-19T13:31:24.992+0000] {dag.py:3096} INFO - Sync 1 DAGs
[2025-09-19T13:31:25.028+0000] {logging_mixin.py:188} INFO - [2025-09-19T13:31:25.028+0000] {dag.py:3954} INFO - Setting next_dagrun for timeseries_pipeline to 2025-09-19 00:00:00+00:00, run_after=2025-09-20 00:00:00+00:00
[2025-09-19T13:31:25.064+0000] {processor.py:183} INFO - Processing /opt/airflow/dags/timeseries_pipeline.py took 1.660 seconds
[2025-09-19T13:31:55.667+0000] {processor.py:161} INFO - Started process (PID=1696) to work on /opt/airflow/dags/timeseries_pipeline.py
[2025-09-19T13:31:55.670+0000] {processor.py:830} INFO - Processing file /opt/airflow/dags/timeseries_pipeline.py for tasks to queue
[2025-09-19T13:31:55.675+0000] {logging_mixin.py:188} INFO - [2025-09-19T13:31:55.674+0000] {dagbag.py:545} INFO - Filling up the DagBag from /opt/airflow/dags/timeseries_pipeline.py
[2025-09-19T13:31:57.095+0000] {processor.py:840} INFO - DAG(s) 'timeseries_pipeline' retrieved from /opt/airflow/dags/timeseries_pipeline.py
[2025-09-19T13:31:57.146+0000] {logging_mixin.py:188} INFO - [2025-09-19T13:31:57.146+0000] {dag.py:3096} INFO - Sync 1 DAGs
[2025-09-19T13:31:57.195+0000] {logging_mixin.py:188} INFO - [2025-09-19T13:31:57.194+0000] {dag.py:3954} INFO - Setting next_dagrun for timeseries_pipeline to 2025-09-19 00:00:00+00:00, run_after=2025-09-20 00:00:00+00:00
[2025-09-19T13:31:57.240+0000] {processor.py:183} INFO - Processing /opt/airflow/dags/timeseries_pipeline.py took 1.587 seconds
[2025-09-19T13:32:27.527+0000] {processor.py:161} INFO - Started process (PID=1708) to work on /opt/airflow/dags/timeseries_pipeline.py
[2025-09-19T13:32:27.530+0000] {processor.py:830} INFO - Processing file /opt/airflow/dags/timeseries_pipeline.py for tasks to queue
[2025-09-19T13:32:27.535+0000] {logging_mixin.py:188} INFO - [2025-09-19T13:32:27.534+0000] {dagbag.py:545} INFO - Filling up the DagBag from /opt/airflow/dags/timeseries_pipeline.py
[2025-09-19T13:32:28.865+0000] {processor.py:840} INFO - DAG(s) 'timeseries_pipeline' retrieved from /opt/airflow/dags/timeseries_pipeline.py
[2025-09-19T13:32:28.898+0000] {logging_mixin.py:188} INFO - [2025-09-19T13:32:28.898+0000] {dag.py:3096} INFO - Sync 1 DAGs
[2025-09-19T13:32:28.928+0000] {logging_mixin.py:188} INFO - [2025-09-19T13:32:28.928+0000] {dag.py:3954} INFO - Setting next_dagrun for timeseries_pipeline to 2025-09-19 00:00:00+00:00, run_after=2025-09-20 00:00:00+00:00
[2025-09-19T13:32:28.954+0000] {processor.py:183} INFO - Processing /opt/airflow/dags/timeseries_pipeline.py took 1.439 seconds
[2025-09-19T13:32:59.082+0000] {processor.py:161} INFO - Started process (PID=1720) to work on /opt/airflow/dags/timeseries_pipeline.py
[2025-09-19T13:32:59.083+0000] {processor.py:830} INFO - Processing file /opt/airflow/dags/timeseries_pipeline.py for tasks to queue
[2025-09-19T13:32:59.086+0000] {logging_mixin.py:188} INFO - [2025-09-19T13:32:59.086+0000] {dagbag.py:545} INFO - Filling up the DagBag from /opt/airflow/dags/timeseries_pipeline.py
[2025-09-19T13:33:00.471+0000] {processor.py:840} INFO - DAG(s) 'timeseries_pipeline' retrieved from /opt/airflow/dags/timeseries_pipeline.py
[2025-09-19T13:33:00.533+0000] {logging_mixin.py:188} INFO - [2025-09-19T13:33:00.532+0000] {dag.py:3096} INFO - Sync 1 DAGs
[2025-09-19T13:33:00.580+0000] {logging_mixin.py:188} INFO - [2025-09-19T13:33:00.579+0000] {dag.py:3954} INFO - Setting next_dagrun for timeseries_pipeline to 2025-09-19 00:00:00+00:00, run_after=2025-09-20 00:00:00+00:00
[2025-09-19T13:33:00.604+0000] {processor.py:183} INFO - Processing /opt/airflow/dags/timeseries_pipeline.py took 1.528 seconds
[2025-09-19T13:43:19.271+0000] {processor.py:161} INFO - Started process (PID=181) to work on /opt/airflow/dags/timeseries_pipeline.py
[2025-09-19T13:43:19.273+0000] {processor.py:830} INFO - Processing file /opt/airflow/dags/timeseries_pipeline.py for tasks to queue
[2025-09-19T13:43:19.275+0000] {logging_mixin.py:188} INFO - [2025-09-19T13:43:19.275+0000] {dagbag.py:545} INFO - Filling up the DagBag from /opt/airflow/dags/timeseries_pipeline.py
[2025-09-19T13:43:21.097+0000] {logging_mixin.py:188} INFO - [2025-09-19T13:43:21.096+0000] {font_manager.py:1639} INFO - generated new fontManager
[2025-09-19T13:43:21.387+0000] {processor.py:840} INFO - DAG(s) 'timeseries_pipeline' retrieved from /opt/airflow/dags/timeseries_pipeline.py
[2025-09-19T13:43:21.408+0000] {logging_mixin.py:188} INFO - [2025-09-19T13:43:21.408+0000] {dag.py:3096} INFO - Sync 1 DAGs
[2025-09-19T13:43:21.426+0000] {logging_mixin.py:188} INFO - [2025-09-19T13:43:21.425+0000] {dag.py:3954} INFO - Setting next_dagrun for timeseries_pipeline to 2025-09-19 00:00:00+00:00, run_after=2025-09-20 00:00:00+00:00
[2025-09-19T13:43:21.444+0000] {processor.py:183} INFO - Processing /opt/airflow/dags/timeseries_pipeline.py took 2.179 seconds
[2025-09-19T13:43:51.678+0000] {processor.py:161} INFO - Started process (PID=197) to work on /opt/airflow/dags/timeseries_pipeline.py
[2025-09-19T13:43:51.680+0000] {processor.py:830} INFO - Processing file /opt/airflow/dags/timeseries_pipeline.py for tasks to queue
[2025-09-19T13:43:51.685+0000] {logging_mixin.py:188} INFO - [2025-09-19T13:43:51.684+0000] {dagbag.py:545} INFO - Filling up the DagBag from /opt/airflow/dags/timeseries_pipeline.py
[2025-09-19T13:43:53.252+0000] {processor.py:840} INFO - DAG(s) 'timeseries_pipeline' retrieved from /opt/airflow/dags/timeseries_pipeline.py
[2025-09-19T13:43:53.402+0000] {logging_mixin.py:188} INFO - [2025-09-19T13:43:53.401+0000] {dag.py:3096} INFO - Sync 1 DAGs
[2025-09-19T13:43:53.428+0000] {logging_mixin.py:188} INFO - [2025-09-19T13:43:53.427+0000] {dag.py:3954} INFO - Setting next_dagrun for timeseries_pipeline to 2025-09-19 00:00:00+00:00, run_after=2025-09-20 00:00:00+00:00
[2025-09-19T13:43:53.468+0000] {processor.py:183} INFO - Processing /opt/airflow/dags/timeseries_pipeline.py took 1.797 seconds
[2025-09-19T13:44:24.115+0000] {processor.py:161} INFO - Started process (PID=225) to work on /opt/airflow/dags/timeseries_pipeline.py
[2025-09-19T13:44:24.118+0000] {processor.py:830} INFO - Processing file /opt/airflow/dags/timeseries_pipeline.py for tasks to queue
[2025-09-19T13:44:24.121+0000] {logging_mixin.py:188} INFO - [2025-09-19T13:44:24.120+0000] {dagbag.py:545} INFO - Filling up the DagBag from /opt/airflow/dags/timeseries_pipeline.py
[2025-09-19T13:44:25.237+0000] {processor.py:840} INFO - DAG(s) 'timeseries_pipeline' retrieved from /opt/airflow/dags/timeseries_pipeline.py
[2025-09-19T13:44:25.261+0000] {logging_mixin.py:188} INFO - [2025-09-19T13:44:25.260+0000] {dag.py:3096} INFO - Sync 1 DAGs
[2025-09-19T13:44:25.283+0000] {logging_mixin.py:188} INFO - [2025-09-19T13:44:25.283+0000] {dag.py:3954} INFO - Setting next_dagrun for timeseries_pipeline to 2025-09-19 00:00:00+00:00, run_after=2025-09-20 00:00:00+00:00
[2025-09-19T13:44:25.311+0000] {processor.py:183} INFO - Processing /opt/airflow/dags/timeseries_pipeline.py took 1.201 seconds
[2025-09-19T13:44:56.217+0000] {processor.py:161} INFO - Started process (PID=237) to work on /opt/airflow/dags/timeseries_pipeline.py
[2025-09-19T13:44:56.218+0000] {processor.py:830} INFO - Processing file /opt/airflow/dags/timeseries_pipeline.py for tasks to queue
[2025-09-19T13:44:56.222+0000] {logging_mixin.py:188} INFO - [2025-09-19T13:44:56.222+0000] {dagbag.py:545} INFO - Filling up the DagBag from /opt/airflow/dags/timeseries_pipeline.py
[2025-09-19T13:44:57.366+0000] {processor.py:840} INFO - DAG(s) 'timeseries_pipeline' retrieved from /opt/airflow/dags/timeseries_pipeline.py
[2025-09-19T13:44:57.393+0000] {logging_mixin.py:188} INFO - [2025-09-19T13:44:57.392+0000] {dag.py:3096} INFO - Sync 1 DAGs
[2025-09-19T13:44:57.415+0000] {logging_mixin.py:188} INFO - [2025-09-19T13:44:57.414+0000] {dag.py:3954} INFO - Setting next_dagrun for timeseries_pipeline to 2025-09-19 00:00:00+00:00, run_after=2025-09-20 00:00:00+00:00
[2025-09-19T13:44:57.432+0000] {processor.py:183} INFO - Processing /opt/airflow/dags/timeseries_pipeline.py took 1.225 seconds
[2025-09-19T13:45:27.647+0000] {processor.py:161} INFO - Started process (PID=250) to work on /opt/airflow/dags/timeseries_pipeline.py
[2025-09-19T13:45:27.649+0000] {processor.py:830} INFO - Processing file /opt/airflow/dags/timeseries_pipeline.py for tasks to queue
[2025-09-19T13:45:27.655+0000] {logging_mixin.py:188} INFO - [2025-09-19T13:45:27.654+0000] {dagbag.py:545} INFO - Filling up the DagBag from /opt/airflow/dags/timeseries_pipeline.py
[2025-09-19T13:45:29.367+0000] {processor.py:840} INFO - DAG(s) 'timeseries_pipeline' retrieved from /opt/airflow/dags/timeseries_pipeline.py
[2025-09-19T13:45:29.422+0000] {logging_mixin.py:188} INFO - [2025-09-19T13:45:29.421+0000] {dag.py:3096} INFO - Sync 1 DAGs
[2025-09-19T13:45:29.454+0000] {logging_mixin.py:188} INFO - [2025-09-19T13:45:29.453+0000] {dag.py:3954} INFO - Setting next_dagrun for timeseries_pipeline to 2025-09-19 00:00:00+00:00, run_after=2025-09-20 00:00:00+00:00
[2025-09-19T13:45:29.475+0000] {processor.py:183} INFO - Processing /opt/airflow/dags/timeseries_pipeline.py took 1.834 seconds
[2025-09-19T13:45:59.894+0000] {processor.py:161} INFO - Started process (PID=287) to work on /opt/airflow/dags/timeseries_pipeline.py
[2025-09-19T13:45:59.896+0000] {processor.py:830} INFO - Processing file /opt/airflow/dags/timeseries_pipeline.py for tasks to queue
[2025-09-19T13:45:59.898+0000] {logging_mixin.py:188} INFO - [2025-09-19T13:45:59.898+0000] {dagbag.py:545} INFO - Filling up the DagBag from /opt/airflow/dags/timeseries_pipeline.py
[2025-09-19T13:46:01.031+0000] {processor.py:840} INFO - DAG(s) 'timeseries_pipeline' retrieved from /opt/airflow/dags/timeseries_pipeline.py
[2025-09-19T13:46:01.073+0000] {logging_mixin.py:188} INFO - [2025-09-19T13:46:01.072+0000] {dag.py:3096} INFO - Sync 1 DAGs
[2025-09-19T13:46:01.097+0000] {logging_mixin.py:188} INFO - [2025-09-19T13:46:01.097+0000] {dag.py:3954} INFO - Setting next_dagrun for timeseries_pipeline to 2025-09-19 00:00:00+00:00, run_after=2025-09-20 00:00:00+00:00
[2025-09-19T13:46:01.117+0000] {processor.py:183} INFO - Processing /opt/airflow/dags/timeseries_pipeline.py took 1.229 seconds
[2025-09-19T13:46:31.214+0000] {processor.py:161} INFO - Started process (PID=299) to work on /opt/airflow/dags/timeseries_pipeline.py
[2025-09-19T13:46:31.216+0000] {processor.py:830} INFO - Processing file /opt/airflow/dags/timeseries_pipeline.py for tasks to queue
[2025-09-19T13:46:31.218+0000] {logging_mixin.py:188} INFO - [2025-09-19T13:46:31.218+0000] {dagbag.py:545} INFO - Filling up the DagBag from /opt/airflow/dags/timeseries_pipeline.py
[2025-09-19T13:46:32.759+0000] {processor.py:840} INFO - DAG(s) 'timeseries_pipeline' retrieved from /opt/airflow/dags/timeseries_pipeline.py
[2025-09-19T13:46:32.819+0000] {logging_mixin.py:188} INFO - [2025-09-19T13:46:32.818+0000] {dag.py:3096} INFO - Sync 1 DAGs
[2025-09-19T13:46:32.869+0000] {logging_mixin.py:188} INFO - [2025-09-19T13:46:32.868+0000] {dag.py:3954} INFO - Setting next_dagrun for timeseries_pipeline to 2025-09-19 00:00:00+00:00, run_after=2025-09-20 00:00:00+00:00
[2025-09-19T13:46:32.912+0000] {processor.py:183} INFO - Processing /opt/airflow/dags/timeseries_pipeline.py took 1.706 seconds
[2025-09-19T13:47:03.538+0000] {processor.py:161} INFO - Started process (PID=311) to work on /opt/airflow/dags/timeseries_pipeline.py
[2025-09-19T13:47:03.540+0000] {processor.py:830} INFO - Processing file /opt/airflow/dags/timeseries_pipeline.py for tasks to queue
[2025-09-19T13:47:03.544+0000] {logging_mixin.py:188} INFO - [2025-09-19T13:47:03.543+0000] {dagbag.py:545} INFO - Filling up the DagBag from /opt/airflow/dags/timeseries_pipeline.py
[2025-09-19T13:47:04.670+0000] {processor.py:840} INFO - DAG(s) 'timeseries_pipeline' retrieved from /opt/airflow/dags/timeseries_pipeline.py
[2025-09-19T13:47:04.696+0000] {logging_mixin.py:188} INFO - [2025-09-19T13:47:04.695+0000] {dag.py:3096} INFO - Sync 1 DAGs
[2025-09-19T13:47:04.715+0000] {logging_mixin.py:188} INFO - [2025-09-19T13:47:04.715+0000] {dag.py:3954} INFO - Setting next_dagrun for timeseries_pipeline to 2025-09-19 00:00:00+00:00, run_after=2025-09-20 00:00:00+00:00
[2025-09-19T13:47:04.735+0000] {processor.py:183} INFO - Processing /opt/airflow/dags/timeseries_pipeline.py took 1.207 seconds
[2025-09-19T13:47:34.950+0000] {processor.py:161} INFO - Started process (PID=323) to work on /opt/airflow/dags/timeseries_pipeline.py
[2025-09-19T13:47:34.952+0000] {processor.py:830} INFO - Processing file /opt/airflow/dags/timeseries_pipeline.py for tasks to queue
[2025-09-19T13:47:34.954+0000] {logging_mixin.py:188} INFO - [2025-09-19T13:47:34.954+0000] {dagbag.py:545} INFO - Filling up the DagBag from /opt/airflow/dags/timeseries_pipeline.py
[2025-09-19T13:47:36.293+0000] {processor.py:840} INFO - DAG(s) 'timeseries_pipeline' retrieved from /opt/airflow/dags/timeseries_pipeline.py
[2025-09-19T13:47:36.323+0000] {logging_mixin.py:188} INFO - [2025-09-19T13:47:36.323+0000] {dag.py:3096} INFO - Sync 1 DAGs
[2025-09-19T13:47:36.355+0000] {logging_mixin.py:188} INFO - [2025-09-19T13:47:36.354+0000] {dag.py:3954} INFO - Setting next_dagrun for timeseries_pipeline to 2025-09-19 00:00:00+00:00, run_after=2025-09-20 00:00:00+00:00
[2025-09-19T13:47:36.388+0000] {processor.py:183} INFO - Processing /opt/airflow/dags/timeseries_pipeline.py took 1.444 seconds
[2025-09-19T13:48:06.592+0000] {processor.py:161} INFO - Started process (PID=335) to work on /opt/airflow/dags/timeseries_pipeline.py
[2025-09-19T13:48:06.593+0000] {processor.py:830} INFO - Processing file /opt/airflow/dags/timeseries_pipeline.py for tasks to queue
[2025-09-19T13:48:06.597+0000] {logging_mixin.py:188} INFO - [2025-09-19T13:48:06.596+0000] {dagbag.py:545} INFO - Filling up the DagBag from /opt/airflow/dags/timeseries_pipeline.py
[2025-09-19T13:48:07.986+0000] {processor.py:840} INFO - DAG(s) 'timeseries_pipeline' retrieved from /opt/airflow/dags/timeseries_pipeline.py
[2025-09-19T13:48:08.048+0000] {logging_mixin.py:188} INFO - [2025-09-19T13:48:08.047+0000] {dag.py:3096} INFO - Sync 1 DAGs
[2025-09-19T13:48:08.098+0000] {logging_mixin.py:188} INFO - [2025-09-19T13:48:08.098+0000] {dag.py:3954} INFO - Setting next_dagrun for timeseries_pipeline to 2025-09-19 00:00:00+00:00, run_after=2025-09-20 00:00:00+00:00
[2025-09-19T13:48:08.135+0000] {processor.py:183} INFO - Processing /opt/airflow/dags/timeseries_pipeline.py took 1.551 seconds
[2025-09-19T13:48:38.742+0000] {processor.py:161} INFO - Started process (PID=347) to work on /opt/airflow/dags/timeseries_pipeline.py
[2025-09-19T13:48:38.744+0000] {processor.py:830} INFO - Processing file /opt/airflow/dags/timeseries_pipeline.py for tasks to queue
[2025-09-19T13:48:38.748+0000] {logging_mixin.py:188} INFO - [2025-09-19T13:48:38.748+0000] {dagbag.py:545} INFO - Filling up the DagBag from /opt/airflow/dags/timeseries_pipeline.py
[2025-09-19T13:48:40.108+0000] {processor.py:840} INFO - DAG(s) 'timeseries_pipeline' retrieved from /opt/airflow/dags/timeseries_pipeline.py
[2025-09-19T13:48:40.136+0000] {logging_mixin.py:188} INFO - [2025-09-19T13:48:40.136+0000] {dag.py:3096} INFO - Sync 1 DAGs
[2025-09-19T13:48:40.158+0000] {logging_mixin.py:188} INFO - [2025-09-19T13:48:40.157+0000] {dag.py:3954} INFO - Setting next_dagrun for timeseries_pipeline to 2025-09-19 00:00:00+00:00, run_after=2025-09-20 00:00:00+00:00
[2025-09-19T13:48:40.176+0000] {processor.py:183} INFO - Processing /opt/airflow/dags/timeseries_pipeline.py took 1.443 seconds
[2025-09-19T13:49:10.993+0000] {processor.py:161} INFO - Started process (PID=359) to work on /opt/airflow/dags/timeseries_pipeline.py
[2025-09-19T13:49:10.995+0000] {processor.py:830} INFO - Processing file /opt/airflow/dags/timeseries_pipeline.py for tasks to queue
[2025-09-19T13:49:10.997+0000] {logging_mixin.py:188} INFO - [2025-09-19T13:49:10.997+0000] {dagbag.py:545} INFO - Filling up the DagBag from /opt/airflow/dags/timeseries_pipeline.py
[2025-09-19T13:49:12.249+0000] {processor.py:840} INFO - DAG(s) 'timeseries_pipeline' retrieved from /opt/airflow/dags/timeseries_pipeline.py
[2025-09-19T13:49:12.286+0000] {logging_mixin.py:188} INFO - [2025-09-19T13:49:12.285+0000] {dag.py:3096} INFO - Sync 1 DAGs
[2025-09-19T13:49:12.325+0000] {logging_mixin.py:188} INFO - [2025-09-19T13:49:12.325+0000] {dag.py:3954} INFO - Setting next_dagrun for timeseries_pipeline to 2025-09-19 00:00:00+00:00, run_after=2025-09-20 00:00:00+00:00
[2025-09-19T13:49:12.354+0000] {processor.py:183} INFO - Processing /opt/airflow/dags/timeseries_pipeline.py took 1.369 seconds
[2025-09-19T13:49:42.660+0000] {processor.py:161} INFO - Started process (PID=371) to work on /opt/airflow/dags/timeseries_pipeline.py
[2025-09-19T13:49:42.662+0000] {processor.py:830} INFO - Processing file /opt/airflow/dags/timeseries_pipeline.py for tasks to queue
[2025-09-19T13:49:42.666+0000] {logging_mixin.py:188} INFO - [2025-09-19T13:49:42.665+0000] {dagbag.py:545} INFO - Filling up the DagBag from /opt/airflow/dags/timeseries_pipeline.py
[2025-09-19T13:49:43.958+0000] {processor.py:840} INFO - DAG(s) 'timeseries_pipeline' retrieved from /opt/airflow/dags/timeseries_pipeline.py
[2025-09-19T13:49:43.992+0000] {logging_mixin.py:188} INFO - [2025-09-19T13:49:43.992+0000] {dag.py:3096} INFO - Sync 1 DAGs
[2025-09-19T13:49:44.017+0000] {logging_mixin.py:188} INFO - [2025-09-19T13:49:44.017+0000] {dag.py:3954} INFO - Setting next_dagrun for timeseries_pipeline to 2025-09-19 00:00:00+00:00, run_after=2025-09-20 00:00:00+00:00
[2025-09-19T13:49:44.039+0000] {processor.py:183} INFO - Processing /opt/airflow/dags/timeseries_pipeline.py took 1.391 seconds
[2025-09-19T13:50:14.791+0000] {processor.py:161} INFO - Started process (PID=383) to work on /opt/airflow/dags/timeseries_pipeline.py
[2025-09-19T13:50:14.793+0000] {processor.py:830} INFO - Processing file /opt/airflow/dags/timeseries_pipeline.py for tasks to queue
[2025-09-19T13:50:14.799+0000] {logging_mixin.py:188} INFO - [2025-09-19T13:50:14.798+0000] {dagbag.py:545} INFO - Filling up the DagBag from /opt/airflow/dags/timeseries_pipeline.py
[2025-09-19T13:50:16.378+0000] {processor.py:840} INFO - DAG(s) 'timeseries_pipeline' retrieved from /opt/airflow/dags/timeseries_pipeline.py
[2025-09-19T13:50:16.411+0000] {logging_mixin.py:188} INFO - [2025-09-19T13:50:16.410+0000] {dag.py:3096} INFO - Sync 1 DAGs
[2025-09-19T13:50:16.434+0000] {logging_mixin.py:188} INFO - [2025-09-19T13:50:16.434+0000] {dag.py:3954} INFO - Setting next_dagrun for timeseries_pipeline to 2025-09-19 00:00:00+00:00, run_after=2025-09-20 00:00:00+00:00
[2025-09-19T13:50:16.454+0000] {processor.py:183} INFO - Processing /opt/airflow/dags/timeseries_pipeline.py took 1.681 seconds
[2025-09-19T13:50:47.141+0000] {processor.py:161} INFO - Started process (PID=395) to work on /opt/airflow/dags/timeseries_pipeline.py
[2025-09-19T13:50:47.144+0000] {processor.py:830} INFO - Processing file /opt/airflow/dags/timeseries_pipeline.py for tasks to queue
[2025-09-19T13:50:47.151+0000] {logging_mixin.py:188} INFO - [2025-09-19T13:50:47.150+0000] {dagbag.py:545} INFO - Filling up the DagBag from /opt/airflow/dags/timeseries_pipeline.py
[2025-09-19T13:50:48.436+0000] {processor.py:840} INFO - DAG(s) 'timeseries_pipeline' retrieved from /opt/airflow/dags/timeseries_pipeline.py
[2025-09-19T13:50:48.474+0000] {logging_mixin.py:188} INFO - [2025-09-19T13:50:48.473+0000] {dag.py:3096} INFO - Sync 1 DAGs
[2025-09-19T13:50:48.509+0000] {logging_mixin.py:188} INFO - [2025-09-19T13:50:48.509+0000] {dag.py:3954} INFO - Setting next_dagrun for timeseries_pipeline to 2025-09-19 00:00:00+00:00, run_after=2025-09-20 00:00:00+00:00
[2025-09-19T13:50:48.547+0000] {processor.py:183} INFO - Processing /opt/airflow/dags/timeseries_pipeline.py took 1.417 seconds
[2025-09-19T13:51:18.728+0000] {processor.py:161} INFO - Started process (PID=407) to work on /opt/airflow/dags/timeseries_pipeline.py
[2025-09-19T13:51:18.730+0000] {processor.py:830} INFO - Processing file /opt/airflow/dags/timeseries_pipeline.py for tasks to queue
[2025-09-19T13:51:18.733+0000] {logging_mixin.py:188} INFO - [2025-09-19T13:51:18.732+0000] {dagbag.py:545} INFO - Filling up the DagBag from /opt/airflow/dags/timeseries_pipeline.py
[2025-09-19T13:51:20.078+0000] {processor.py:840} INFO - DAG(s) 'timeseries_pipeline' retrieved from /opt/airflow/dags/timeseries_pipeline.py
[2025-09-19T13:51:20.113+0000] {logging_mixin.py:188} INFO - [2025-09-19T13:51:20.112+0000] {dag.py:3096} INFO - Sync 1 DAGs
[2025-09-19T13:51:20.148+0000] {logging_mixin.py:188} INFO - [2025-09-19T13:51:20.147+0000] {dag.py:3954} INFO - Setting next_dagrun for timeseries_pipeline to 2025-09-19 00:00:00+00:00, run_after=2025-09-20 00:00:00+00:00
[2025-09-19T13:51:20.176+0000] {processor.py:183} INFO - Processing /opt/airflow/dags/timeseries_pipeline.py took 1.458 seconds
[2025-09-19T13:51:50.901+0000] {processor.py:161} INFO - Started process (PID=419) to work on /opt/airflow/dags/timeseries_pipeline.py
[2025-09-19T13:51:50.903+0000] {processor.py:830} INFO - Processing file /opt/airflow/dags/timeseries_pipeline.py for tasks to queue
[2025-09-19T13:51:50.906+0000] {logging_mixin.py:188} INFO - [2025-09-19T13:51:50.906+0000] {dagbag.py:545} INFO - Filling up the DagBag from /opt/airflow/dags/timeseries_pipeline.py
[2025-09-19T13:51:52.942+0000] {processor.py:840} INFO - DAG(s) 'timeseries_pipeline' retrieved from /opt/airflow/dags/timeseries_pipeline.py
[2025-09-19T13:51:52.981+0000] {logging_mixin.py:188} INFO - [2025-09-19T13:51:52.980+0000] {dag.py:3096} INFO - Sync 1 DAGs
[2025-09-19T13:51:53.012+0000] {logging_mixin.py:188} INFO - [2025-09-19T13:51:53.012+0000] {dag.py:3954} INFO - Setting next_dagrun for timeseries_pipeline to 2025-09-19 00:00:00+00:00, run_after=2025-09-20 00:00:00+00:00
[2025-09-19T13:51:53.043+0000] {processor.py:183} INFO - Processing /opt/airflow/dags/timeseries_pipeline.py took 1.362 seconds
[2025-09-19T13:52:23.242+0000] {processor.py:161} INFO - Started process (PID=431) to work on /opt/airflow/dags/timeseries_pipeline.py
[2025-09-19T13:52:23.243+0000] {processor.py:830} INFO - Processing file /opt/airflow/dags/timeseries_pipeline.py for tasks to queue
[2025-09-19T13:52:23.247+0000] {logging_mixin.py:188} INFO - [2025-09-19T13:52:23.246+0000] {dagbag.py:545} INFO - Filling up the DagBag from /opt/airflow/dags/timeseries_pipeline.py
[2025-09-19T13:52:24.558+0000] {processor.py:840} INFO - DAG(s) 'timeseries_pipeline' retrieved from /opt/airflow/dags/timeseries_pipeline.py
[2025-09-19T13:52:24.583+0000] {logging_mixin.py:188} INFO - [2025-09-19T13:52:24.583+0000] {dag.py:3096} INFO - Sync 1 DAGs
[2025-09-19T13:52:24.610+0000] {logging_mixin.py:188} INFO - [2025-09-19T13:52:24.609+0000] {dag.py:3954} INFO - Setting next_dagrun for timeseries_pipeline to 2025-09-19 00:00:00+00:00, run_after=2025-09-20 00:00:00+00:00
[2025-09-19T13:52:24.643+0000] {processor.py:183} INFO - Processing /opt/airflow/dags/timeseries_pipeline.py took 1.407 seconds
[2025-09-19T13:52:54.830+0000] {processor.py:161} INFO - Started process (PID=443) to work on /opt/airflow/dags/timeseries_pipeline.py
[2025-09-19T13:52:54.832+0000] {processor.py:830} INFO - Processing file /opt/airflow/dags/timeseries_pipeline.py for tasks to queue
[2025-09-19T13:52:54.835+0000] {logging_mixin.py:188} INFO - [2025-09-19T13:52:54.834+0000] {dagbag.py:545} INFO - Filling up the DagBag from /opt/airflow/dags/timeseries_pipeline.py
[2025-09-19T13:52:56.178+0000] {processor.py:840} INFO - DAG(s) 'timeseries_pipeline' retrieved from /opt/airflow/dags/timeseries_pipeline.py
[2025-09-19T13:52:56.212+0000] {logging_mixin.py:188} INFO - [2025-09-19T13:52:56.211+0000] {dag.py:3096} INFO - Sync 1 DAGs
[2025-09-19T13:52:56.245+0000] {logging_mixin.py:188} INFO - [2025-09-19T13:52:56.245+0000] {dag.py:3954} INFO - Setting next_dagrun for timeseries_pipeline to 2025-09-19 00:00:00+00:00, run_after=2025-09-20 00:00:00+00:00
[2025-09-19T13:52:56.274+0000] {processor.py:183} INFO - Processing /opt/airflow/dags/timeseries_pipeline.py took 1.453 seconds
[2025-09-19T13:53:27.325+0000] {processor.py:161} INFO - Started process (PID=458) to work on /opt/airflow/dags/timeseries_pipeline.py
[2025-09-19T13:53:27.327+0000] {processor.py:830} INFO - Processing file /opt/airflow/dags/timeseries_pipeline.py for tasks to queue
[2025-09-19T13:53:27.329+0000] {logging_mixin.py:188} INFO - [2025-09-19T13:53:27.328+0000] {dagbag.py:545} INFO - Filling up the DagBag from /opt/airflow/dags/timeseries_pipeline.py
[2025-09-19T13:53:28.430+0000] {processor.py:840} INFO - DAG(s) 'timeseries_pipeline' retrieved from /opt/airflow/dags/timeseries_pipeline.py
[2025-09-19T13:53:28.457+0000] {logging_mixin.py:188} INFO - [2025-09-19T13:53:28.456+0000] {dag.py:3096} INFO - Sync 1 DAGs
[2025-09-19T13:53:28.480+0000] {logging_mixin.py:188} INFO - [2025-09-19T13:53:28.480+0000] {dag.py:3954} INFO - Setting next_dagrun for timeseries_pipeline to 2025-09-19 00:00:00+00:00, run_after=2025-09-20 00:00:00+00:00
[2025-09-19T13:53:28.503+0000] {processor.py:183} INFO - Processing /opt/airflow/dags/timeseries_pipeline.py took 1.185 seconds
[2025-09-19T13:53:58.773+0000] {processor.py:161} INFO - Started process (PID=476) to work on /opt/airflow/dags/timeseries_pipeline.py
[2025-09-19T13:53:58.775+0000] {processor.py:830} INFO - Processing file /opt/airflow/dags/timeseries_pipeline.py for tasks to queue
[2025-09-19T13:53:58.780+0000] {logging_mixin.py:188} INFO - [2025-09-19T13:53:58.779+0000] {dagbag.py:545} INFO - Filling up the DagBag from /opt/airflow/dags/timeseries_pipeline.py
[2025-09-19T13:54:00.253+0000] {processor.py:840} INFO - DAG(s) 'timeseries_pipeline' retrieved from /opt/airflow/dags/timeseries_pipeline.py
[2025-09-19T13:54:00.262+0000] {logging_mixin.py:188} INFO - [2025-09-19T13:54:00.262+0000] {dag.py:3096} INFO - Sync 1 DAGs
[2025-09-19T13:54:00.278+0000] {logging_mixin.py:188} INFO - [2025-09-19T13:54:00.278+0000] {dag.py:3954} INFO - Setting next_dagrun for timeseries_pipeline to 2025-09-19 00:00:00+00:00, run_after=2025-09-20 00:00:00+00:00
[2025-09-19T13:54:00.296+0000] {processor.py:183} INFO - Processing /opt/airflow/dags/timeseries_pipeline.py took 1.536 seconds
[2025-09-19T13:54:30.460+0000] {processor.py:161} INFO - Started process (PID=488) to work on /opt/airflow/dags/timeseries_pipeline.py
[2025-09-19T13:54:30.466+0000] {processor.py:830} INFO - Processing file /opt/airflow/dags/timeseries_pipeline.py for tasks to queue
[2025-09-19T13:54:30.473+0000] {logging_mixin.py:188} INFO - [2025-09-19T13:54:30.472+0000] {dagbag.py:545} INFO - Filling up the DagBag from /opt/airflow/dags/timeseries_pipeline.py
[2025-09-19T13:54:31.814+0000] {processor.py:840} INFO - DAG(s) 'timeseries_pipeline' retrieved from /opt/airflow/dags/timeseries_pipeline.py
[2025-09-19T13:54:31.940+0000] {logging_mixin.py:188} INFO - [2025-09-19T13:54:31.939+0000] {dag.py:3096} INFO - Sync 1 DAGs
[2025-09-19T13:54:31.971+0000] {logging_mixin.py:188} INFO - [2025-09-19T13:54:31.970+0000] {dag.py:3954} INFO - Setting next_dagrun for timeseries_pipeline to 2025-09-19 00:00:00+00:00, run_after=2025-09-20 00:00:00+00:00
[2025-09-19T13:54:32.007+0000] {processor.py:183} INFO - Processing /opt/airflow/dags/timeseries_pipeline.py took 1.557 seconds
[2025-09-19T13:55:02.679+0000] {processor.py:161} INFO - Started process (PID=500) to work on /opt/airflow/dags/timeseries_pipeline.py
[2025-09-19T13:55:02.681+0000] {processor.py:830} INFO - Processing file /opt/airflow/dags/timeseries_pipeline.py for tasks to queue
[2025-09-19T13:55:02.687+0000] {logging_mixin.py:188} INFO - [2025-09-19T13:55:02.686+0000] {dagbag.py:545} INFO - Filling up the DagBag from /opt/airflow/dags/timeseries_pipeline.py
[2025-09-19T13:55:04.339+0000] {processor.py:840} INFO - DAG(s) 'timeseries_pipeline' retrieved from /opt/airflow/dags/timeseries_pipeline.py
[2025-09-19T13:55:04.380+0000] {logging_mixin.py:188} INFO - [2025-09-19T13:55:04.379+0000] {dag.py:3096} INFO - Sync 1 DAGs
[2025-09-19T13:55:04.396+0000] {logging_mixin.py:188} INFO - [2025-09-19T13:55:04.396+0000] {dag.py:3954} INFO - Setting next_dagrun for timeseries_pipeline to 2025-09-19 00:00:00+00:00, run_after=2025-09-20 00:00:00+00:00
[2025-09-19T13:55:04.417+0000] {processor.py:183} INFO - Processing /opt/airflow/dags/timeseries_pipeline.py took 1.748 seconds
[2025-09-19T13:55:34.948+0000] {processor.py:161} INFO - Started process (PID=512) to work on /opt/airflow/dags/timeseries_pipeline.py
[2025-09-19T13:55:34.951+0000] {processor.py:830} INFO - Processing file /opt/airflow/dags/timeseries_pipeline.py for tasks to queue
[2025-09-19T13:55:34.955+0000] {logging_mixin.py:188} INFO - [2025-09-19T13:55:34.954+0000] {dagbag.py:545} INFO - Filling up the DagBag from /opt/airflow/dags/timeseries_pipeline.py
[2025-09-19T13:55:36.544+0000] {processor.py:840} INFO - DAG(s) 'timeseries_pipeline' retrieved from /opt/airflow/dags/timeseries_pipeline.py
[2025-09-19T13:55:36.576+0000] {logging_mixin.py:188} INFO - [2025-09-19T13:55:36.575+0000] {dag.py:3096} INFO - Sync 1 DAGs
[2025-09-19T13:55:36.602+0000] {logging_mixin.py:188} INFO - [2025-09-19T13:55:36.601+0000] {dag.py:3954} INFO - Setting next_dagrun for timeseries_pipeline to 2025-09-19 00:00:00+00:00, run_after=2025-09-20 00:00:00+00:00
[2025-09-19T13:55:36.633+0000] {processor.py:183} INFO - Processing /opt/airflow/dags/timeseries_pipeline.py took 1.698 seconds
[2025-09-19T13:56:06.750+0000] {processor.py:161} INFO - Started process (PID=524) to work on /opt/airflow/dags/timeseries_pipeline.py
[2025-09-19T13:56:06.751+0000] {processor.py:830} INFO - Processing file /opt/airflow/dags/timeseries_pipeline.py for tasks to queue
[2025-09-19T13:56:06.754+0000] {logging_mixin.py:188} INFO - [2025-09-19T13:56:06.753+0000] {dagbag.py:545} INFO - Filling up the DagBag from /opt/airflow/dags/timeseries_pipeline.py
[2025-09-19T13:56:08.202+0000] {processor.py:840} INFO - DAG(s) 'timeseries_pipeline' retrieved from /opt/airflow/dags/timeseries_pipeline.py
[2025-09-19T13:56:08.227+0000] {logging_mixin.py:188} INFO - [2025-09-19T13:56:08.226+0000] {dag.py:3096} INFO - Sync 1 DAGs
[2025-09-19T13:56:08.243+0000] {logging_mixin.py:188} INFO - [2025-09-19T13:56:08.242+0000] {dag.py:3954} INFO - Setting next_dagrun for timeseries_pipeline to 2025-09-19 00:00:00+00:00, run_after=2025-09-20 00:00:00+00:00
[2025-09-19T13:56:08.259+0000] {processor.py:183} INFO - Processing /opt/airflow/dags/timeseries_pipeline.py took 1.515 seconds
[2025-09-19T13:56:38.913+0000] {processor.py:161} INFO - Started process (PID=536) to work on /opt/airflow/dags/timeseries_pipeline.py
[2025-09-19T13:56:38.915+0000] {processor.py:830} INFO - Processing file /opt/airflow/dags/timeseries_pipeline.py for tasks to queue
[2025-09-19T13:56:38.919+0000] {logging_mixin.py:188} INFO - [2025-09-19T13:56:38.919+0000] {dagbag.py:545} INFO - Filling up the DagBag from /opt/airflow/dags/timeseries_pipeline.py
[2025-09-19T13:56:40.604+0000] {processor.py:840} INFO - DAG(s) 'timeseries_pipeline' retrieved from /opt/airflow/dags/timeseries_pipeline.py
[2025-09-19T13:56:40.658+0000] {logging_mixin.py:188} INFO - [2025-09-19T13:56:40.657+0000] {dag.py:3096} INFO - Sync 1 DAGs
[2025-09-19T13:56:40.698+0000] {logging_mixin.py:188} INFO - [2025-09-19T13:56:40.697+0000] {dag.py:3954} INFO - Setting next_dagrun for timeseries_pipeline to 2025-09-19 00:00:00+00:00, run_after=2025-09-20 00:00:00+00:00
[2025-09-19T13:56:40.727+0000] {processor.py:183} INFO - Processing /opt/airflow/dags/timeseries_pipeline.py took 1.824 seconds
[2025-09-19T13:57:10.959+0000] {processor.py:161} INFO - Started process (PID=564) to work on /opt/airflow/dags/timeseries_pipeline.py
[2025-09-19T13:57:10.961+0000] {processor.py:830} INFO - Processing file /opt/airflow/dags/timeseries_pipeline.py for tasks to queue
[2025-09-19T13:57:10.965+0000] {logging_mixin.py:188} INFO - [2025-09-19T13:57:10.963+0000] {dagbag.py:545} INFO - Filling up the DagBag from /opt/airflow/dags/timeseries_pipeline.py
[2025-09-19T13:57:11.930+0000] {processor.py:840} INFO - DAG(s) 'timeseries_pipeline' retrieved from /opt/airflow/dags/timeseries_pipeline.py
[2025-09-19T13:57:11.944+0000] {logging_mixin.py:188} INFO - [2025-09-19T13:57:11.943+0000] {dag.py:3096} INFO - Sync 1 DAGs
[2025-09-19T13:57:11.965+0000] {logging_mixin.py:188} INFO - [2025-09-19T13:57:11.965+0000] {dag.py:3954} INFO - Setting next_dagrun for timeseries_pipeline to 2025-09-19 00:00:00+00:00, run_after=2025-09-20 00:00:00+00:00
[2025-09-19T13:57:11.984+0000] {processor.py:183} INFO - Processing /opt/airflow/dags/timeseries_pipeline.py took 1.033 seconds
[2025-09-19T13:57:42.388+0000] {processor.py:161} INFO - Started process (PID=602) to work on /opt/airflow/dags/timeseries_pipeline.py
[2025-09-19T13:57:42.390+0000] {processor.py:830} INFO - Processing file /opt/airflow/dags/timeseries_pipeline.py for tasks to queue
[2025-09-19T13:57:42.392+0000] {logging_mixin.py:188} INFO - [2025-09-19T13:57:42.391+0000] {dagbag.py:545} INFO - Filling up the DagBag from /opt/airflow/dags/timeseries_pipeline.py
[2025-09-19T13:57:44.148+0000] {processor.py:840} INFO - DAG(s) 'timeseries_pipeline' retrieved from /opt/airflow/dags/timeseries_pipeline.py
[2025-09-19T13:57:44.257+0000] {logging_mixin.py:188} INFO - [2025-09-19T13:57:44.257+0000] {dag.py:3096} INFO - Sync 1 DAGs
[2025-09-19T13:57:44.275+0000] {logging_mixin.py:188} INFO - [2025-09-19T13:57:44.275+0000] {dag.py:3954} INFO - Setting next_dagrun for timeseries_pipeline to 2025-09-19 00:00:00+00:00, run_after=2025-09-20 00:00:00+00:00
[2025-09-19T13:57:44.300+0000] {processor.py:183} INFO - Processing /opt/airflow/dags/timeseries_pipeline.py took 1.918 seconds
[2025-09-19T13:58:14.552+0000] {processor.py:161} INFO - Started process (PID=614) to work on /opt/airflow/dags/timeseries_pipeline.py
[2025-09-19T13:58:14.554+0000] {processor.py:830} INFO - Processing file /opt/airflow/dags/timeseries_pipeline.py for tasks to queue
[2025-09-19T13:58:14.557+0000] {logging_mixin.py:188} INFO - [2025-09-19T13:58:14.557+0000] {dagbag.py:545} INFO - Filling up the DagBag from /opt/airflow/dags/timeseries_pipeline.py
[2025-09-19T13:58:16.303+0000] {processor.py:840} INFO - DAG(s) 'timeseries_pipeline' retrieved from /opt/airflow/dags/timeseries_pipeline.py
[2025-09-19T13:58:16.346+0000] {logging_mixin.py:188} INFO - [2025-09-19T13:58:16.345+0000] {dag.py:3096} INFO - Sync 1 DAGs
[2025-09-19T13:58:16.374+0000] {logging_mixin.py:188} INFO - [2025-09-19T13:58:16.373+0000] {dag.py:3954} INFO - Setting next_dagrun for timeseries_pipeline to 2025-09-19 00:00:00+00:00, run_after=2025-09-20 00:00:00+00:00
[2025-09-19T13:58:16.399+0000] {processor.py:183} INFO - Processing /opt/airflow/dags/timeseries_pipeline.py took 1.860 seconds
[2025-09-19T13:58:46.996+0000] {processor.py:161} INFO - Started process (PID=626) to work on /opt/airflow/dags/timeseries_pipeline.py
[2025-09-19T13:58:47.000+0000] {processor.py:830} INFO - Processing file /opt/airflow/dags/timeseries_pipeline.py for tasks to queue
[2025-09-19T13:58:47.004+0000] {logging_mixin.py:188} INFO - [2025-09-19T13:58:47.003+0000] {dagbag.py:545} INFO - Filling up the DagBag from /opt/airflow/dags/timeseries_pipeline.py
[2025-09-19T13:58:48.109+0000] {processor.py:840} INFO - DAG(s) 'timeseries_pipeline' retrieved from /opt/airflow/dags/timeseries_pipeline.py
[2025-09-19T13:58:48.141+0000] {logging_mixin.py:188} INFO - [2025-09-19T13:58:48.141+0000] {dag.py:3096} INFO - Sync 1 DAGs
[2025-09-19T13:58:48.163+0000] {logging_mixin.py:188} INFO - [2025-09-19T13:58:48.162+0000] {dag.py:3954} INFO - Setting next_dagrun for timeseries_pipeline to 2025-09-19 00:00:00+00:00, run_after=2025-09-20 00:00:00+00:00
[2025-09-19T13:58:48.187+0000] {processor.py:183} INFO - Processing /opt/airflow/dags/timeseries_pipeline.py took 1.203 seconds
[2025-09-19T13:59:18.379+0000] {processor.py:161} INFO - Started process (PID=638) to work on /opt/airflow/dags/timeseries_pipeline.py
[2025-09-19T13:59:18.380+0000] {processor.py:830} INFO - Processing file /opt/airflow/dags/timeseries_pipeline.py for tasks to queue
[2025-09-19T13:59:18.385+0000] {logging_mixin.py:188} INFO - [2025-09-19T13:59:18.385+0000] {dagbag.py:545} INFO - Filling up the DagBag from /opt/airflow/dags/timeseries_pipeline.py
[2025-09-19T13:59:19.940+0000] {processor.py:840} INFO - DAG(s) 'timeseries_pipeline' retrieved from /opt/airflow/dags/timeseries_pipeline.py
[2025-09-19T13:59:20.012+0000] {logging_mixin.py:188} INFO - [2025-09-19T13:59:20.011+0000] {dag.py:3096} INFO - Sync 1 DAGs
[2025-09-19T13:59:20.040+0000] {logging_mixin.py:188} INFO - [2025-09-19T13:59:20.039+0000] {dag.py:3954} INFO - Setting next_dagrun for timeseries_pipeline to 2025-09-19 00:00:00+00:00, run_after=2025-09-20 00:00:00+00:00
[2025-09-19T13:59:20.063+0000] {processor.py:183} INFO - Processing /opt/airflow/dags/timeseries_pipeline.py took 1.691 seconds
[2025-09-19T13:59:50.845+0000] {processor.py:161} INFO - Started process (PID=650) to work on /opt/airflow/dags/timeseries_pipeline.py
[2025-09-19T13:59:50.846+0000] {processor.py:830} INFO - Processing file /opt/airflow/dags/timeseries_pipeline.py for tasks to queue
[2025-09-19T13:59:50.850+0000] {logging_mixin.py:188} INFO - [2025-09-19T13:59:50.849+0000] {dagbag.py:545} INFO - Filling up the DagBag from /opt/airflow/dags/timeseries_pipeline.py
[2025-09-19T13:59:52.095+0000] {processor.py:840} INFO - DAG(s) 'timeseries_pipeline' retrieved from /opt/airflow/dags/timeseries_pipeline.py
[2025-09-19T13:59:52.132+0000] {logging_mixin.py:188} INFO - [2025-09-19T13:59:52.131+0000] {dag.py:3096} INFO - Sync 1 DAGs
[2025-09-19T13:59:52.157+0000] {logging_mixin.py:188} INFO - [2025-09-19T13:59:52.157+0000] {dag.py:3954} INFO - Setting next_dagrun for timeseries_pipeline to 2025-09-19 00:00:00+00:00, run_after=2025-09-20 00:00:00+00:00
[2025-09-19T13:59:52.183+0000] {processor.py:183} INFO - Processing /opt/airflow/dags/timeseries_pipeline.py took 1.348 seconds
