{
"type": "FeatureCollection",
"name": "buffer_1000m",
"crs": { "type": "name", "properties": { "name": "urn:ogc:def:crs:OGC:1.3:CRS84" } },
"features": [
{ "type": "Feature", "properties": { }, "geometry": { "type": "Polygon", "coordinates": [ [ [ 100.320936524604519, 7.105143880565405 ], [ 100.320233722161205, 7.105959737938056 ], [ 100.319911481537858, 7.106296888552516 ], [ 100.319467435781419, 7.106761433394095 ], [ 100.319373980506057, 7.106869347982527 ], [ 100.319273529091802, 7.106970884775804 ], [ 100.319143481053374, 7.107115936407165 ], [ 100.317879433295644, 7.10852500458388 ], [ 100.317861931146865, 7.108546557321748 ], [ 100.31784250820094, 7.108566423901873 ], [ 100.315157880289036, 7.11159668137714 ], [ 100.313228952457976, 7.113773827840613 ], [ 100.313208883182241, 7.11379885653973 ], [ 100.313186604695915, 7.113821971803101 ], [ 100.313123090391144, 7.11389470399662 ], [ 100.312163330187104, 7.114961107348319 ], [ 100.312074897057741, 7.115069648265383 ], [ 100.311979352082218, 7.115172082513928 ], [ 100.311487152082208, 7.115754689785803 ], [ 100.311434696648988, 7.115817359658868 ], [ 100.31070270520965, 7.116700063736431 ], [ 100.309727359366775, 7.117778839746901 ], [ 100.309587791076027, 7.117933111895984 ], [ 100.308826901252829, 7.11877472298041 ], [ 100.308778329601864, 7.118828889066709 ], [ 100.308407738130086, 7.119245564735577 ], [ 100.303957667564688, 7.12422391762968 ], [ 100.303902245303377, 7.124292414378904 ], [ 100.303841581710728, 7.124356388731444 ], [ 100.302349598541866, 7.126093206413293 ], [ 100.30095616705627, 7.127658810882402 ], [ 100.297786094952414, 7.131202964136916 ], [ 100.297773279245206, 7.1312187929756 ], [ 100.297759028333445, 7.131233363653372 ], [ 100.295936431400463, 7.133289796092077 ], [ 100.295340688782531, 7.133406081905403 ], [ 100.295083146890548, 7.133469520075011 ], [ 100.29482330278816, 7.133522920800001 ], [ 100.293956702788179, 7.133745524998332 ], [ 100.293249681169968, 7.133958278700769 ], [ 100.292562670279722, 7.134227962671154 ], [ 100.292083270279733, 7.134439166432014 ], [ 100.290970781702796, 7.135025143725756 ], [ 100.29057308170276, 7.135271547798123 ], [ 100.290356879292617, 7.135420612534436 ], [ 100.290134904093534, 7.135561075355087 ], [ 100.289995112523428, 7.135670039192275 ], [ 100.289849128301967, 7.135770690621959 ], [ 100.289648691902059, 7.135940064806336 ], [ 100.289441660799199, 7.13610143994072 ], [ 100.289034188715235, 7.13645246262218 ], [ 100.288565216625855, 7.136856386142665 ], [ 100.288564558145026, 7.136857012079288 ], [ 100.288563841117735, 7.13685757110369 ], [ 100.288532041117719, 7.13688497150687 ], [ 100.288500002669608, 7.136915438875284 ], [ 100.288465381164386, 7.136942983962241 ], [ 100.286950981164409, 7.13827410338201 ], [ 100.28687617349874, 7.138340601606034 ], [ 100.286341329231803, 7.138821411281846 ], [ 100.285029142824229, 7.1399720385365 ], [ 100.284839963265455, 7.140155094752079 ], [ 100.284643673015779, 7.140330625214389 ], [ 100.28445241524112, 7.140519333354982 ], [ 100.284262491179092, 7.140688096505575 ], [ 100.282072532572826, 7.142602967614602 ], [ 100.282033928895899, 7.142640216417043 ], [ 100.281992236687813, 7.142674029297437 ], [ 100.280457287573569, 7.144048918834378 ], [ 100.279621938267937, 7.14477994374698 ], [ 100.27958296671973, 7.14481757854213 ], [ 100.279540878600102, 7.144851749545192 ], [ 100.277902478600112, 7.146320870812429 ], [ 100.277358560405872, 7.146808649036346 ], [ 100.274914846410951, 7.148977262741878 ], [ 100.274135603091949, 7.149659596673739 ], [ 100.274129337961895, 7.14966565049894 ], [ 100.274122515598535, 7.149671079032909 ], [ 100.272059515598542, 7.151484605536716 ], [ 100.271352928061248, 7.152178688016686 ], [ 100.271044228061243, 7.152517492453899 ], [ 100.270628333074455, 7.153008342858981 ], [ 100.270341633074466, 7.153372547237524 ], [ 100.269951003596148, 7.153908658963236 ], [ 100.269601525079636, 7.154472040596623 ], [ 100.269139925079628, 7.15528204838447 ], [ 100.268776317841542, 7.155992451673207 ], [ 100.268478101913004, 7.156732233441292 ], [ 100.268167101912994, 7.157616439133612 ], [ 100.267952736083998, 7.15831721085312 ], [ 100.267763745626425, 7.159040755696972 ], [ 100.267477016082069, 7.159319214150084 ], [ 100.2674711473027, 7.159325502053091 ], [ 100.267464696638967, 7.159331201226202 ], [ 100.26719799663897, 7.159591204851757 ], [ 100.26719749217078, 7.159591747433447 ], [ 100.267196936613374, 7.159592238432666 ], [ 100.265269720310471, 7.161471683140946 ], [ 100.263598869750894, 7.163088760014898 ], [ 100.262553442274381, 7.164030430267476 ], [ 100.262433956964472, 7.164149176814076 ], [ 100.262307449723153, 7.16426053326168 ], [ 100.259043887731735, 7.16743046658681 ], [ 100.258927733853483, 7.167529181897657 ], [ 100.258559106342304, 7.167860452775696 ], [ 100.25840326225331, 7.168008499113673 ], [ 100.257515791589427, 7.168826963348859 ], [ 100.257512290346909, 7.168830268216252 ], [ 100.257146083440276, 7.168865599620056 ], [ 100.256419470473944, 7.168965560210108 ], [ 100.255814870473941, 7.169073862296717 ], [ 100.254876099464909, 7.169294248953464 ], [ 100.253966560765917, 7.169613245819533 ], [ 100.253344560765925, 7.169869450452459 ], [ 100.252563150892811, 7.170235987521213 ], [ 100.25182086215527, 7.170675338489385 ], [ 100.25112456651317, 7.17118343572981 ], [ 100.250548666513168, 7.171647642785103 ], [ 100.249879640956081, 7.172244509861345 ], [ 100.249274146445799, 7.17290478147376 ], [ 100.248738256805083, 7.173621834060154 ], [ 100.24836625680507, 7.174175540075312 ], [ 100.247864014107549, 7.17502041892235 ], [ 100.247458386326045, 7.175914937142927 ], [ 100.247209686326059, 7.176555441653693 ], [ 100.247084568630015, 7.176936748161743 ], [ 100.242608237081285, 7.175771008092377 ], [ 100.242465877517176, 7.175741256862376 ], [ 100.242325797710251, 7.175702282740153 ], [ 100.241236397710253, 7.175455678028815 ], [ 100.240447288238741, 7.175313483871192 ], [ 100.239648541164968, 7.175241686888421 ], [ 100.239020341164974, 7.175213186330532 ], [ 100.238329385568619, 7.175208232522389 ], [ 100.237916585568613, 7.175221032773089 ], [ 100.237386655982448, 7.175253038345971 ], [ 100.237270955982453, 7.175263438548932 ], [ 100.236890961063338, 7.17530570345269 ], [ 100.236660142739694, 7.175336324390988 ], [ 100.236321948645482, 7.175376122541802 ], [ 100.235450246841708, 7.175522164641587 ], [ 100.231684446841697, 7.176343980370504 ], [ 100.231607242522784, 7.176364817006932 ], [ 100.231528601284921, 7.176379436265353 ], [ 100.230739801284898, 7.176566239826321 ], [ 100.230138541533137, 7.176708633009075 ], [ 100.229533701219523, 7.176851862344696 ], [ 100.226343032131453, 7.177535812231606 ], [ 100.225144523785062, 7.177792697508954 ], [ 100.224411837999526, 7.177982128428146 ], [ 100.224076337999534, 7.178084030338155 ], [ 100.223452338728919, 7.178298751106029 ], [ 100.223118238728915, 7.178427553459491 ], [ 100.222566430368275, 7.178661624179848 ], [ 100.222227830368283, 7.178818726969637 ], [ 100.221722196320542, 7.17907291749543 ], [ 100.221421296320528, 7.179236220304122 ], [ 100.220746510873383, 7.179641605521272 ], [ 100.220505110873404, 7.179801408127411 ], [ 100.219765821548179, 7.180347176102831 ], [ 100.219475521548176, 7.180585379701834 ], [ 100.219413895474872, 7.18063640824181 ], [ 100.219115895474872, 7.18088541197618 ], [ 100.218500782670262, 7.181450093652177 ], [ 100.218246782670263, 7.181706097173763 ], [ 100.218135598278465, 7.181820172292661 ], [ 100.217032798278481, 7.182971987849608 ], [ 100.216457737029785, 7.183634920908469 ], [ 100.216040330891488, 7.184224349993521 ], [ 100.215336666071522, 7.1849232347377 ], [ 100.214744991641865, 7.185571614664822 ], [ 100.214220221663368, 7.186274410223971 ], [ 100.213767409957811, 7.187024852873618 ], [ 100.213390917349429, 7.187815715223215 ], [ 100.213094369667857, 7.188639380645281 ], [ 100.212880622829388, 7.18948791663502 ], [ 100.212751735332901, 7.190353151210696 ], [ 100.212708948435477, 7.191226751618774 ], [ 100.212752674198313, 7.192100304585622 ], [ 100.212882491518371, 7.192965397342908 ], [ 100.21309715018397, 7.193813698646206 ], [ 100.213394582914759, 7.194637039006707 ], [ 100.213771925270947, 7.195427489363373 ], [ 100.214225543239408, 7.196177437438135 ], [ 100.214751068231095, 7.196879661038929 ], [ 100.215343439153074, 7.197527397605003 ], [ 100.215996951149535, 7.198114409324979 ], [ 100.216705310542707, 7.198635043200923 ], [ 100.217461695444428, 7.199084285480374 ], [ 100.218258821454569, 7.199457809932396 ], [ 100.219089011813935, 7.199752019503204 ], [ 100.219944271335535, 7.199964080950384 ], [ 100.220816363402619, 7.200091952122555 ], [ 100.221696889291877, 7.200134401621929 ], [ 100.222577369057618, 7.200091020660585 ], [ 100.223449323198409, 7.19996222699641 ], [ 100.224304354319202, 7.199749260910786 ], [ 100.225134228002887, 7.199454173266796 ], [ 100.225930952112265, 7.199079805762763 ], [ 100.226686853758608, 7.198629763571199 ], [ 100.22739465319583, 7.198108380626378 ], [ 100.228047533928461, 7.197520677894553 ], [ 100.229443333928458, 7.19613439712992 ], [ 100.229628816423428, 7.195944632507546 ], [ 100.230310865244562, 7.195225806906047 ], [ 100.230440806621843, 7.195088881205234 ], [ 100.231395725020107, 7.194876918117992 ], [ 100.233159061132909, 7.19450027902131 ], [ 100.233161348445662, 7.194499672565474 ], [ 100.23316368445667, 7.194499290240328 ], [ 100.235558784456657, 7.193986400078308 ], [ 100.235579662110169, 7.193980852905871 ], [ 100.235600970108308, 7.193977261046301 ], [ 100.238349870108308, 7.193374872587969 ], [ 100.238444281226322, 7.193349304455465 ], [ 100.23854038395865, 7.1933309603382 ], [ 100.23860672055909, 7.193314913055241 ], [ 100.243034345827652, 7.194489046632176 ], [ 100.243129273495768, 7.194509326780195 ], [ 100.243222359344117, 7.194536751950911 ], [ 100.244634359344076, 7.194878945427335 ], [ 100.244695333426179, 7.194890610425965 ], [ 100.24475509995105, 7.194907331260151 ], [ 100.247863799951077, 7.195615717710187 ], [ 100.248862809813204, 7.195785164305027 ], [ 100.2498747, 7.195841887163847 ], [ 100.2505766, 7.195841887163847 ], [ 100.251445676713629, 7.195800080730095 ], [ 100.252306600068408, 7.195675053618483 ], [ 100.252779600068408, 7.195582955392243 ], [ 100.253194732794483, 7.195491952939121 ], [ 100.255407232794482, 7.194952163226507 ], [ 100.25618796555483, 7.194724015699038 ], [ 100.256598165554834, 7.194583818300339 ], [ 100.257239276848239, 7.194337081597439 ], [ 100.257859486181985, 7.194042412846514 ], [ 100.258257986181974, 7.19383411646282 ], [ 100.259067515799117, 7.193355547055274 ], [ 100.259822059993311, 7.192795473755051 ], [ 100.260150159993302, 7.192524177844254 ], [ 100.260697941772975, 7.192031969833717 ], [ 100.261203088977055, 7.191496753159388 ], [ 100.261662182555924, 7.190922150248499 ], [ 100.261934982555914, 7.190550254541693 ], [ 100.262398530044948, 7.189851621636845 ], [ 100.262794024137818, 7.189112950858251 ], [ 100.262978924137812, 7.188724654111782 ], [ 100.263143509110378, 7.188357847129256 ], [ 100.263311409110386, 7.187959750143287 ], [ 100.263548065292412, 7.187333644621868 ], [ 100.263736741787937, 7.186691696704182 ], [ 100.263809641787944, 7.186403898079818 ], [ 100.263809981109063, 7.186402212438531 ], [ 100.263810484687554, 7.186400567719488 ], [ 100.263880131073705, 7.186053890729838 ], [ 100.264500521050522, 7.185832555924065 ], [ 100.265105321050541, 7.185586760382283 ], [ 100.266056637942924, 7.185133685460104 ], [ 100.266947840082722, 7.184573054308495 ], [ 100.267481940082703, 7.184191660375228 ], [ 100.268290744363796, 7.183540265729009 ], [ 100.268544244363781, 7.183310669051981 ], [ 100.268652038196493, 7.183211422394695 ], [ 100.27222143819651, 7.179870670004547 ], [ 100.272273253954083, 7.179817168222777 ], [ 100.272329289617218, 7.179768031394398 ], [ 100.273334089617208, 7.17879574502714 ], [ 100.27337783777925, 7.178749042418529 ], [ 100.273425375863724, 7.178706140565554 ], [ 100.276500823679683, 7.17564387813391 ], [ 100.28011844640794, 7.172124297402602 ], [ 100.280118517159849, 7.172124221460961 ], [ 100.280118595071599, 7.172124152763984 ], [ 100.28141993396035, 7.170858016391541 ], [ 100.281744472773681, 7.170542366624444 ], [ 100.282352252824467, 7.169889146525263 ], [ 100.282891422810479, 7.169179101214088 ], [ 100.283303522810456, 7.168576007833563 ], [ 100.283662317366932, 7.16800574589624 ], [ 100.283976771531641, 7.167410273926502 ], [ 100.284312471531649, 7.16671167980604 ], [ 100.28473764625052, 7.165659338698417 ], [ 100.284858710229884, 7.165293951460785 ], [ 100.284905174190044, 7.165153762771907 ], [ 100.285065943642095, 7.16461128146581 ], [ 100.2851757436421, 7.16419208352725 ], [ 100.28517575266396, 7.164192040512148 ], [ 100.28517576589141, 7.164191998581337 ], [ 100.285227920807074, 7.16399287169283 ], [ 100.285239768019309, 7.163947646580008 ], [ 100.286152588626734, 7.163148135159112 ], [ 100.286174674703275, 7.163126788324835 ], [ 100.286198630696603, 7.163107528750816 ], [ 100.290253879993614, 7.159506250296203 ], [ 100.291671364730377, 7.158315955629699 ], [ 100.291790005231945, 7.158205974625009 ], [ 100.291915290058014, 7.15810350378332 ], [ 100.293801525474123, 7.156399806258912 ], [ 100.295032995419518, 7.15529572979191 ], [ 100.295304778293215, 7.155063674805729 ], [ 100.295587728292688, 7.154822106444626 ], [ 100.295588116346721, 7.154821740770796 ], [ 100.295588538616656, 7.154821414547665 ], [ 100.296313038616631, 7.154202723700202 ], [ 100.296313441808678, 7.154202343670343 ], [ 100.296313880558671, 7.154202004628662 ], [ 100.296574480558689, 7.153979407921081 ], [ 100.296611283058155, 7.153944711005012 ], [ 100.296869004268572, 7.153734723341379 ], [ 100.297191313607158, 7.153444699099789 ], [ 100.297887735296655, 7.152818108179672 ], [ 100.300049171130695, 7.150875259515111 ], [ 100.300846252027583, 7.150707364223004 ], [ 100.300846509342577, 7.150707296776589 ], [ 100.300846772078785, 7.150707254664632 ], [ 100.301650272078788, 7.150537957894696 ], [ 100.302411057462919, 7.150342799077043 ], [ 100.3028520574629, 7.150209001572581 ], [ 100.30321628510643, 7.150090004447652 ], [ 100.303519685106437, 7.149983706402552 ], [ 100.303803336373207, 7.149868502471229 ], [ 100.304090335327189, 7.149761772963804 ], [ 100.304211058691664, 7.149702907482189 ], [ 100.30433554656129, 7.149652347158775 ], [ 100.304606451513706, 7.149510111370104 ], [ 100.304881525184499, 7.149375983610859 ], [ 100.305138425184467, 7.14923478601968 ], [ 100.305670088609048, 7.148918303761583 ], [ 100.306043888609082, 7.148678007694428 ], [ 100.306780250079413, 7.148150348642062 ], [ 100.307459145016395, 7.147551603770298 ], [ 100.308237445016374, 7.146791914330089 ], [ 100.30880656091486, 7.146182046769879 ], [ 100.309275746979282, 7.145629691352397 ], [ 100.310669662534366, 7.144051022472317 ], [ 100.311636371472446, 7.142969684104452 ], [ 100.311679087719909, 7.142927333528158 ], [ 100.311903057351287, 7.142682337389245 ], [ 100.312132874379529, 7.142442732038283 ], [ 100.314633699411218, 7.139564926978214 ], [ 100.315884391630192, 7.13815421583889 ], [ 100.315884469655074, 7.138154118597114 ], [ 100.315884556907591, 7.138154029409651 ], [ 100.31759045690761, 7.136229754157502 ], [ 100.317628775915509, 7.136186246224472 ], [ 100.319601675915493, 7.133931475 ], [ 100.319697466193787, 7.133810483101652 ], [ 100.319800820530276, 7.133695783770285 ], [ 100.320094242637182, 7.133336086343961 ], [ 100.321414139709674, 7.131888633527091 ], [ 100.321431843193579, 7.131867191986761 ], [ 100.321451456252376, 7.131847454222203 ], [ 100.322104256252388, 7.131122563619821 ], [ 100.322159068170293, 7.131061131887132 ], [ 100.322511868170281, 7.130662037007134 ], [ 100.322564336732469, 7.130602147749392 ], [ 100.325617364360269, 7.127085822403183 ], [ 100.331545244166549, 7.12044637638394 ], [ 100.332156429842769, 7.119761777227417 ], [ 100.332242340700645, 7.119664125592363 ], [ 100.333816957752404, 7.117847824486063 ], [ 100.33384370804049, 7.117817243515375 ], [ 100.33384556952339, 7.117814891607672 ], [ 100.333847652901525, 7.117812730690078 ], [ 100.334867829955343, 7.116644881022133 ], [ 100.335689948765364, 7.115730603935825 ], [ 100.336433585012742, 7.114903696715267 ], [ 100.336450614358583, 7.114882778704906 ], [ 100.336469511213593, 7.11486350437085 ], [ 100.338326511213594, 7.112773331198225 ], [ 100.339780173218927, 7.111135794918384 ], [ 100.340739821566942, 7.110055967288416 ], [ 100.341010462179113, 7.109736670931365 ], [ 100.341198218254945, 7.109504332308616 ], [ 100.341313490553276, 7.109374418090636 ], [ 100.34534014957714, 7.104831088372034 ], [ 100.345340968813105, 7.104830067023203 ], [ 100.34534188471244, 7.104829130009046 ], [ 100.349265784712443, 7.100399086683231 ], [ 100.349268585281109, 7.100395593058518 ], [ 100.349271714213685, 7.100392385547427 ], [ 100.35490052924996, 7.094024600219298 ], [ 100.356798821495943, 7.091903053303581 ], [ 100.356826407158678, 7.091872078917907 ], [ 100.364357107158668, 7.083376587423087 ], [ 100.364358167883438, 7.083375265240194 ], [ 100.364359353630931, 7.083374052154025 ], [ 100.36963186558755, 7.077421417785055 ], [ 100.374089933895746, 7.072390922102715 ], [ 100.375130866909089, 7.071222567131 ], [ 100.375146756562515, 7.071204684248691 ], [ 100.379097847591396, 7.066745934125207 ], [ 100.381111184061382, 7.064504720148254 ], [ 100.38112154866414, 7.064493162234181 ], [ 100.381765448664126, 7.063773871441605 ], [ 100.381785493870737, 7.063749134001799 ], [ 100.381807722727032, 7.063726308024682 ], [ 100.382274258907117, 7.063197619278606 ], [ 100.383990327827689, 7.061268193170761 ], [ 100.391376303973175, 7.052989781405685 ], [ 100.391564236547381, 7.052772190812069 ], [ 100.391749451729268, 7.052550636556694 ], [ 100.394727594419351, 7.049205164640782 ], [ 100.395101362448543, 7.048790853403547 ], [ 100.39513688434505, 7.048747359977839 ], [ 100.395176024067368, 7.048707040836053 ], [ 100.395438604916876, 7.048408522900623 ], [ 100.396159605091555, 7.047600853796178 ], [ 100.396167027079386, 7.047592529180076 ], [ 100.398267927079374, 7.045233159217495 ], [ 100.398269678852344, 7.04523098568448 ], [ 100.398271635601787, 7.045228991813452 ], [ 100.403670735601793, 7.039157969003798 ], [ 100.403673835419568, 7.039154117896609 ], [ 100.403677296720673, 7.039150583082553 ], [ 100.404428514285456, 7.038303986730836 ], [ 100.405555131716184, 7.037034395891891 ], [ 100.408784323668172, 7.033395289218089 ], [ 100.409256838900689, 7.032862929474706 ], [ 100.409363472146552, 7.032742677841462 ], [ 100.413316306487829, 7.028288135242326 ], [ 100.414011978168276, 7.027504177091727 ], [ 100.41494911299722, 7.02644802582972 ], [ 100.415474492333843, 7.025855184072335 ], [ 100.415518032530542, 7.025800897671543 ], [ 100.415565938297732, 7.025750362803273 ], [ 100.416004392426558, 7.025239809004776 ], [ 100.417063039526639, 7.024086820963369 ], [ 100.417461886387443, 7.023621343528075 ], [ 100.417701576020335, 7.023321360075209 ], [ 100.418023163211842, 7.022918880898008 ], [ 100.418145426270883, 7.022762322528006 ], [ 100.418519226270845, 7.022272528194685 ], [ 100.419017096785709, 7.021548840070502 ], [ 100.419368096785732, 7.020980545760791 ], [ 100.419900254568702, 7.019982020065673 ], [ 100.420096954568677, 7.019548523475602 ], [ 100.420157031813787, 7.019413133410334 ], [ 100.42044103181378, 7.018758438369354 ], [ 100.420830086601796, 7.017673483706033 ], [ 100.420968886601798, 7.017189486243551 ], [ 100.420969027132145, 7.017188885708271 ], [ 100.420969226211596, 7.017188301708392 ], [ 100.421436426211571, 7.015558310248746 ], [ 100.421462934349506, 7.015444960249289 ], [ 100.421497599385503, 7.01533379960613 ], [ 100.421596599385509, 7.014950701428365 ], [ 100.421596604522463, 7.014950676530663 ], [ 100.421596612093339, 7.014950652252559 ], [ 100.421669156174872, 7.014669923132894 ], [ 100.42205020651231, 7.013316606687665 ], [ 100.422151927075149, 7.012958493758409 ], [ 100.422521768363893, 7.011655950883661 ], [ 100.422535658946842, 7.011606484420129 ], [ 100.423209258946855, 7.009180696751605 ], [ 100.423276580070677, 7.008923335432651 ], [ 100.423483281335862, 7.008081738369641 ], [ 100.423533794898006, 7.007923822707819 ], [ 100.423602269985253, 7.007666617730584 ], [ 100.423680669277942, 7.007412219310026 ], [ 100.423854416494734, 7.006730453645567 ], [ 100.424052210455059, 7.006053131335277 ], [ 100.424203983522261, 7.00557170515195 ], [ 100.424479212864142, 7.004698834224518 ], [ 100.424492888383725, 7.004646596400194 ], [ 100.424511038079075, 7.00459571893084 ], [ 100.424785238079068, 7.00368772391408 ], [ 100.424800582663266, 7.003626055406918 ], [ 100.424821082380262, 7.003565880903941 ], [ 100.425036982380277, 7.002812084843504 ], [ 100.425094893218443, 7.002599991200511 ], [ 100.425143372858884, 7.002413358532831 ], [ 100.425201596139104, 7.002232191755946 ], [ 100.425244016547666, 7.002096470730188 ], [ 100.425343016547671, 7.001770572527947 ], [ 100.425382847659236, 7.001611609397769 ], [ 100.425432438535069, 7.001455373921738 ], [ 100.425770878948086, 7.000172583415229 ], [ 100.42589746727316, 6.999720234064572 ], [ 100.425917012767314, 6.999634225111114 ], [ 100.42594328604082, 6.999550000043922 ], [ 100.426089609035827, 6.998983982601614 ], [ 100.426214060540602, 6.99853239681324 ], [ 100.426372303001131, 6.998345943612748 ], [ 100.426871435852192, 6.997624704970506 ], [ 100.427296940902679, 6.996858378953004 ], [ 100.427617467019587, 6.99611735259593 ], [ 100.428509384132212, 6.996027690673109 ], [ 100.428530706097717, 6.996025980387538 ], [ 100.4288629455868, 6.995987885538582 ], [ 100.428863155801537, 6.995989813870653 ], [ 100.429109747431525, 6.995963330785206 ], [ 100.429948638502992, 6.995874143750394 ], [ 100.429980434501346, 6.995870706507902 ], [ 100.431879968126069, 6.995661964300494 ], [ 100.433363602653543, 6.995537874796048 ], [ 100.433506400814707, 6.995518889725228 ], [ 100.433650150677039, 6.995509310059825 ], [ 100.434329742472912, 6.995430624022804 ], [ 100.435034524896849, 6.99535205673011 ], [ 100.435536990073189, 6.995296028226925 ], [ 100.43586744204741, 6.995259156200976 ], [ 100.436093255005147, 6.995233955234592 ], [ 100.43782545869675, 6.995040705038825 ], [ 100.438253410219971, 6.994995747097498 ], [ 100.438307740697923, 6.994989873543209 ], [ 100.438711640697946, 6.994944974394645 ], [ 100.438739336379754, 6.994941852440101 ], [ 100.438746336379751, 6.994941052455264 ], [ 100.438791433665727, 6.994935783911915 ], [ 100.439281784401089, 6.994877250587979 ], [ 100.43957002115431, 6.994842879418663 ], [ 100.442862853310771, 6.99450847504704 ], [ 100.444625545806616, 6.994329287764112 ], [ 100.444727956395127, 6.994313805598758 ], [ 100.444831248860623, 6.994305996465685 ], [ 100.445718225953456, 6.994195274635932 ], [ 100.446535891281869, 6.994108989541311 ], [ 100.446836277919687, 6.994079316148743 ], [ 100.447200484507334, 6.994045948031621 ], [ 100.44728002060269, 6.994034731897282 ], [ 100.447360206856743, 6.994029884579078 ], [ 100.447650332750158, 6.993998104253721 ], [ 100.44807845866643, 6.993951224205393 ], [ 100.448198691243405, 6.993937244169573 ], [ 100.449463091243402, 6.993781647115629 ], [ 100.44961313334754, 6.993761907667976 ], [ 100.450209933347551, 6.993678309247255 ], [ 100.450449139943146, 6.993632822313275 ], [ 100.450690129248116, 6.99359781227358 ], [ 100.450881791159901, 6.993550550417822 ], [ 100.451075751853864, 6.993513667322725 ], [ 100.451309314683641, 6.993445127497714 ], [ 100.451545686251947, 6.993386840680862 ], [ 100.452883786251945, 6.992986747989201 ], [ 100.453155106211412, 6.992900944534622 ], [ 100.453750006211408, 6.992702448123864 ], [ 100.453820317537961, 6.992675107797977 ], [ 100.453892635237551, 6.992653530777956 ], [ 100.454329435237554, 6.992499633544562 ], [ 100.454371720180234, 6.992482372454525 ], [ 100.454415369956422, 6.992468867014967 ], [ 100.455295596353423, 6.992148696648631 ], [ 100.45624981525296, 6.991837745804547 ], [ 100.456386586372915, 6.991791964827542 ], [ 100.457622186372902, 6.991367372480238 ], [ 100.457640244061793, 6.991360164147212 ], [ 100.457658902833529, 6.991354667110881 ], [ 100.459038044660929, 6.990874103176806 ], [ 100.459265480861959, 6.990802453474644 ], [ 100.459952544182812, 6.990585937999023 ], [ 100.460440221990311, 6.990433252464562 ], [ 100.460594451452394, 6.990383441390549 ], [ 100.460831751452417, 6.990304442818843 ], [ 100.4618701285181, 6.989958518154766 ], [ 100.463275348232344, 6.989501590507735 ], [ 100.463305467022849, 6.989491806874098 ], [ 100.463533159082615, 6.989414478079514 ], [ 100.465873416298109, 6.988584759193833 ], [ 100.466638082335194, 6.988323013190985 ], [ 100.468089194185481, 6.9878397733725 ], [ 100.468834121964647, 6.98759173589016 ], [ 100.469938441155463, 6.987249663816458 ], [ 100.470766078521109, 6.98694831849581 ], [ 100.471559972584231, 6.986567903761959 ], [ 100.472312477711029, 6.986112083028834 ], [ 100.473016346865734, 6.985585245885869 ], [ 100.473664801403672, 6.984992465832071 ], [ 100.473864479001378, 6.984770254839504 ], [ 100.473913881461428, 6.984726898812684 ], [ 100.474718947957626, 6.984837659344403 ], [ 100.475599823211638, 6.984872262440398 ], [ 100.476479873867305, 6.984820998832134 ], [ 100.47735062455574, 6.984684362188114 ], [ 100.47820882455575, 6.984506465506143 ], [ 100.478297124742667, 6.984483621625521 ], [ 100.478386947755808, 6.98446766533739 ], [ 100.478723488532935, 6.984373318292623 ], [ 100.479061889471822, 6.984285771553982 ], [ 100.479147508637013, 6.984254446953448 ], [ 100.479235323445167, 6.984229828626757 ], [ 100.479967923445159, 6.983985333042199 ], [ 100.480226152933867, 6.983899124643454 ], [ 100.481771556131164, 6.983383399750207 ], [ 100.481865690601296, 6.983346790714756 ], [ 100.481962344273569, 6.98331735107419 ], [ 100.482084553095405, 6.983273507460992 ], [ 100.482235861823099, 6.983219263806945 ], [ 100.48250984085989, 6.983115998190558 ], [ 100.482625795490222, 6.983070131833449 ], [ 100.482660726923413, 6.983059174741091 ], [ 100.482998664655469, 6.982915668633728 ], [ 100.483338916814603, 6.982777655618362 ], [ 100.483403781499305, 6.982743634689642 ], [ 100.483471231452427, 6.982714991881704 ], [ 100.483793370746042, 6.98253929867184 ], [ 100.484118355767094, 6.982368846914769 ], [ 100.484179548557876, 6.982328679077476 ], [ 100.484243845255776, 6.982293611946305 ], [ 100.484547083733474, 6.982087423573697 ], [ 100.484853671833022, 6.981886174533315 ], [ 100.484910603409929, 6.981840246607932 ], [ 100.484971127640165, 6.981799092851578 ], [ 100.485252544949603, 6.981564394931741 ], [ 100.485537783516691, 6.981334286652217 ], [ 100.485589905597465, 6.981283040930756 ], [ 100.48564607447868, 6.981236196863122 ], [ 100.485902960417192, 6.98097524956844 ], [ 100.48616410244864, 6.980718498018743 ], [ 100.486210913069229, 6.980662428005773 ], [ 100.486262185664302, 6.980610344740829 ], [ 100.486492066279936, 6.980325661037345 ], [ 100.48672659683514, 6.980044738774329 ], [ 100.486767645183576, 6.979984384435387 ], [ 100.486813527709515, 6.979927563543091 ], [ 100.487014189126384, 6.979621884993186 ], [ 100.487219849547785, 6.979319497353281 ], [ 100.487254740306099, 6.979255439914974 ], [ 100.487294790888996, 6.979194428592148 ], [ 100.487464300627977, 6.978870698955749 ], [ 100.487639110293287, 6.978549758004682 ], [ 100.487667507444328, 6.978482614358466 ], [ 100.487701340375295, 6.978418000159136 ], [ 100.487838065965207, 6.978079337046525 ], [ 100.487980341361506, 6.977742933538776 ], [ 100.488001971425177, 6.977673350300161 ], [ 100.488029260874583, 6.977605755478239 ], [ 100.48813188557294, 6.977255420330838 ], [ 100.488240256510707, 6.976906793945273 ], [ 100.488254911177762, 6.976835441226921 ], [ 100.488275394333172, 6.976765516744381 ], [ 100.488342929807985, 6.976406883426572 ], [ 100.4884163526159, 6.976049391570657 ], [ 100.48842389075385, 6.975976956530119 ], [ 100.488437370351349, 6.975905375787542 ], [ 100.488469166199152, 6.975541898096187 ], [ 100.488506933775355, 6.975178983574874 ], [ 100.488507282787808, 6.97510616379645 ], [ 100.488513629011493, 6.975033616148965 ], [ 100.488509379020897, 6.974668794553923 ], [ 100.48851112764298, 6.974303952413945 ], [ 100.488504284168741, 6.974231449191262 ], [ 100.488503435901038, 6.974158633309413 ], [ 100.488463181001762, 6.9737959812424 ], [ 100.488428893829536, 6.973432725114212 ], [ 100.488414923775025, 6.973361236696003 ], [ 100.488406889185185, 6.973288853837684 ], [ 100.488331017053994, 6.972931863856755 ], [ 100.488261024291603, 6.972573692115528 ], [ 100.488240062196041, 6.972503906981191 ], [ 100.488224918661587, 6.972432654237917 ], [ 100.488114159988513, 6.972084764390092 ], [ 100.488009135704587, 6.971735126465014 ], [ 100.487981383444492, 6.971667716694284 ], [ 100.487959276805881, 6.971598280277248 ], [ 100.487814698257253, 6.971262840987528 ], [ 100.487675653893291, 6.970925104139633 ], [ 100.487641378738061, 6.97086071893897 ], [ 100.487612521894334, 6.970793767570841 ], [ 100.487567710484342, 6.970702468605176 ], [ 100.487480970705704, 6.970486673348767 ], [ 100.487444757292963, 6.970408029268341 ], [ 100.487414892657384, 6.970326799778463 ], [ 100.487126092657391, 6.969646894751621 ], [ 100.487086239261629, 6.969564602090673 ], [ 100.487052942227564, 6.969479486735825 ], [ 100.486683242227556, 6.968656580358456 ], [ 100.486665141344702, 6.968621083187374 ], [ 100.486650300341324, 6.968584125708913 ], [ 100.486205500341342, 6.967617318067868 ], [ 100.486205403752223, 6.96761713276751 ], [ 100.486205325916785, 6.967616938965495 ], [ 100.486029325916789, 6.967234435942412 ], [ 100.485999180095149, 6.967176609587061 ], [ 100.485974003136732, 6.967116486922184 ], [ 100.485799776809529, 6.966752006756577 ], [ 100.485304188628859, 6.965658783434555 ], [ 100.485190421473547, 6.965437526473114 ], [ 100.485086219179806, 6.965211675023794 ], [ 100.485025019179801, 6.965094573998257 ], [ 100.484994631064609, 6.965036481321073 ], [ 100.48491323341662, 6.964834824319889 ], [ 100.484912965647922, 6.964834245027848 ], [ 100.484912756284544, 6.964833642502542 ], [ 100.484812527353938, 6.964585434849546 ], [ 100.484663566659336, 6.964118760471291 ], [ 100.484630003055059, 6.963989695680924 ], [ 100.484569061860384, 6.963737551081426 ], [ 100.484568104297054, 6.963733017435946 ], [ 100.484522502192178, 6.963517285840071 ], [ 100.48441385977236, 6.962938711631716 ], [ 100.484408965829246, 6.962918274265497 ], [ 100.484406014884868, 6.962897472713058 ], [ 100.484274290142736, 6.962213850386318 ], [ 100.484239210543691, 6.962012774902528 ], [ 100.484226683071753, 6.961957312486878 ], [ 100.484218969266266, 6.961900991233617 ], [ 100.484111169266257, 6.961326689234359 ], [ 100.48409373578022, 6.961253864281356 ], [ 100.484082325369343, 6.961179873386764 ], [ 100.483986925369365, 6.960715071623403 ], [ 100.483916614974959, 6.960372519681931 ], [ 100.483901440155691, 6.960300123806872 ], [ 100.48370408607741, 6.959377781235461 ], [ 100.48362904676614, 6.958971125035736 ], [ 100.483601128905534, 6.958826573320349 ], [ 100.48350072890554, 6.958328971463946 ], [ 100.483500656737903, 6.958328687065973 ], [ 100.483500612981345, 6.958328397018951 ], [ 100.483451418418383, 6.958084662202846 ], [ 100.483266673764192, 6.956957978852211 ], [ 100.483203747847185, 6.956665550052762 ], [ 100.483150013411262, 6.956371320106021 ], [ 100.483111721989673, 6.95623788792351 ], [ 100.483082525968143, 6.95610220822907 ], [ 100.483020710357906, 6.955909733124273 ], [ 100.482788614138414, 6.954757764783589 ], [ 100.482780094261145, 6.954724150358755 ], [ 100.482774666562776, 6.954689909655009 ], [ 100.4827102976774, 6.954382846230406 ], [ 100.482692836865468, 6.954290516026546 ], [ 100.482687816528184, 6.954269669572989 ], [ 100.482684776126149, 6.954248449289267 ], [ 100.482667989283897, 6.954161975065434 ], [ 100.482320852248733, 6.952249115030757 ], [ 100.482266132918923, 6.951972689762175 ], [ 100.482026432918943, 6.950855385345652 ], [ 100.482013612794134, 6.950807336770186 ], [ 100.482005048848222, 6.950758363843025 ], [ 100.481949703885419, 6.95051378985201 ], [ 100.481904139591819, 6.95031219312027 ], [ 100.481586260953804, 6.948761037805538 ], [ 100.48157723420951, 6.94871754452215 ], [ 100.481408034209494, 6.947912441403244 ], [ 100.481328309384992, 6.947533148415487 ], [ 100.481098505485505, 6.946375399100714 ], [ 100.481067908154017, 6.946218576557555 ], [ 100.481012470975031, 6.945929843901434 ], [ 100.480912479529735, 6.945391815547286 ], [ 100.48088137977679, 6.945260863808837 ], [ 100.480859317599737, 6.945128116690881 ], [ 100.480730717599741, 6.944536714325001 ], [ 100.480726194452146, 6.944519949511227 ], [ 100.480723281414228, 6.944502836444631 ], [ 100.480663029904832, 6.944230884467444 ], [ 100.480636120752337, 6.943872091117825 ], [ 100.480503202684773, 6.943077879853041 ], [ 100.480369402684772, 6.942454077390737 ], [ 100.480261592254138, 6.941951928690026 ], [ 100.480048050176379, 6.940957006252456 ], [ 100.479996681749313, 6.940708167488296 ], [ 100.479929175455396, 6.940381251414752 ], [ 100.479862486901098, 6.9400584252937 ], [ 100.479861703254684, 6.940054520795168 ], [ 100.479861429970867, 6.940053439193848 ], [ 100.479861264523379, 6.940052336251378 ], [ 100.479704489148602, 6.939272223238652 ], [ 100.479686581731968, 6.939163573481472 ], [ 100.479649772786473, 6.938993196098653 ], [ 100.479623167178943, 6.938820957687887 ], [ 100.47942316717895, 6.937847754003075 ], [ 100.47940968520227, 6.937795412514761 ], [ 100.479369442292636, 6.937557392384007 ], [ 100.479329178180407, 6.937374689057414 ], [ 100.479299323719403, 6.937190027764528 ], [ 100.479206823719394, 6.93675542606309 ], [ 100.479206742238347, 6.936755118679034 ], [ 100.479206691478169, 6.936754804850394 ], [ 100.479107929451374, 6.936290944520461 ], [ 100.479028716773698, 6.935914622680908 ], [ 100.47902746034778, 6.935908033725914 ], [ 100.478932267582849, 6.93540834471058 ], [ 100.47891672863436, 6.935326690713385 ], [ 100.478916193040476, 6.93532447785884 ], [ 100.478915877364329, 6.935322223705963 ], [ 100.478855077364329, 6.935003622583199 ], [ 100.478827659242782, 6.934890595747051 ], [ 100.478808516471531, 6.93477590153401 ], [ 100.478721816471548, 6.934378499941516 ], [ 100.478693084566345, 6.934272295641448 ], [ 100.478688875112127, 6.934244818194412 ], [ 100.478519175112126, 6.933413815069058 ], [ 100.478514485885526, 6.933395515760411 ], [ 100.478511546575263, 6.933376860479687 ], [ 100.47837504657528, 6.932722657968224 ], [ 100.478375002204999, 6.932722487832382 ], [ 100.478374974840548, 6.932722314199601 ], [ 100.478125774840549, 6.931528209615206 ], [ 100.478106501543181, 6.931454318805964 ], [ 100.478093319371865, 6.931379121301805 ], [ 100.477985419371862, 6.930903219324406 ], [ 100.477963382203441, 6.930824319022445 ], [ 100.477951058748843, 6.930764556954231 ], [ 100.477950818895465, 6.93076362835035 ], [ 100.477950671681199, 6.930762680911431 ], [ 100.477754971681193, 6.929814677310594 ], [ 100.477748607911067, 6.929790061590282 ], [ 100.477744561312136, 6.929764967662808 ], [ 100.477551261312158, 6.928854964110814 ], [ 100.477550919983074, 6.928853674355275 ], [ 100.477550707249534, 6.928852357661269 ], [ 100.477524759651558, 6.928730383817104 ], [ 100.477514418447896, 6.928681654636915 ], [ 100.477469528695508, 6.928367491662875 ], [ 100.477478947692276, 6.928136996265918 ], [ 100.477500764921189, 6.927644703017764 ], [ 100.477536857691618, 6.926830966690556 ], [ 100.477542372122471, 6.926675986089236 ], [ 100.477549172122465, 6.926422386216821 ], [ 100.477556218874412, 6.926157636317464 ], [ 100.477558861998176, 6.925918062721907 ], [ 100.477566607735255, 6.925657661652838 ], [ 100.477577676136448, 6.925288515722886 ], [ 100.477581780934429, 6.925149797293364 ], [ 100.477583527682555, 6.925081963285177 ], [ 100.477586227682551, 6.924958763335831 ], [ 100.4775876462555, 6.924876646802186 ], [ 100.477587998860173, 6.924848740667326 ], [ 100.47759086310073, 6.924696782545086 ], [ 100.477615456312023, 6.924154216279785 ], [ 100.47777879590852, 6.920557054019812 ], [ 100.477780487437585, 6.920532400498883 ], [ 100.477780901306204, 6.920510687514206 ], [ 100.477783440172004, 6.920454774871541 ], [ 100.477783180933827, 6.920391090319751 ], [ 100.477784331436567, 6.920330730932648 ], [ 100.477798921723505, 6.92012954588266 ], [ 100.477806474358758, 6.919800500319242 ], [ 100.477806849844924, 6.919791989305565 ], [ 100.47780681981628, 6.919786384979396 ], [ 100.477807336225496, 6.919780804069497 ], [ 100.477844724157066, 6.918908286409507 ], [ 100.478002182997102, 6.915239134726528 ], [ 100.478138605541645, 6.912837359229835 ], [ 100.478138606149329, 6.912837275914372 ], [ 100.478138614978675, 6.912837193059108 ], [ 100.478368388565102, 6.908790562537094 ], [ 100.478405162110903, 6.908144128257608 ], [ 100.478423632463148, 6.907818759841572 ], [ 100.47847970460397, 6.906870380225986 ], [ 100.478611177779612, 6.904648735962357 ], [ 100.478650065149836, 6.903992149933826 ], [ 100.4786602851852, 6.903774061446344 ], [ 100.478764839355847, 6.900744484242527 ], [ 100.478989570829782, 6.894634108486636 ], [ 100.478993145376847, 6.894515156450198 ], [ 100.479054893730506, 6.891867833704041 ], [ 100.479066790729945, 6.891422808761109 ], [ 100.479112397240044, 6.889715065967098 ], [ 100.479114597366021, 6.889608770927982 ], [ 100.479117787486601, 6.889391643405792 ], [ 100.479121863744666, 6.889117042878259 ], [ 100.47912394979079, 6.888978469850866 ], [ 100.479123901592175, 6.888977068935538 ], [ 100.479123991495541, 6.888975670047734 ], [ 100.479151491219866, 6.887109689268498 ], [ 100.479177790976777, 6.885325606249594 ], [ 100.479175557312502, 6.885261267888813 ], [ 100.479178752643804, 6.885196969522395 ], [ 100.479178838969545, 6.884788130872603 ], [ 100.479248075313564, 6.880122766062279 ], [ 100.479267002291778, 6.878850873530264 ], [ 100.479283100109882, 6.87816709530509 ], [ 100.479284566776315, 6.877826560222914 ], [ 100.479266094732509, 6.876588933077286 ], [ 100.479267914222206, 6.876367076652714 ], [ 100.479302224020117, 6.874416660613839 ], [ 100.479307157809998, 6.874251737582247 ], [ 100.479377758535733, 6.873139777291106 ], [ 100.47939546777107, 6.872617513702695 ], [ 100.47940176777108, 6.871180313820028 ], [ 100.47940084572744, 6.871159864447396 ], [ 100.479401852596652, 6.871139419017608 ], [ 100.479401760159945, 6.870746100746071 ], [ 100.479404529558678, 6.870352384593382 ], [ 100.479407238306521, 6.869974604629272 ], [ 100.479413989684844, 6.869558117683485 ], [ 100.479413981105921, 6.869557859636144 ], [ 100.479413998029273, 6.869557601995593 ], [ 100.479420798029267, 6.869136602122179 ], [ 100.479418712258308, 6.869073973467896 ], [ 100.479421934965458, 6.86901139231821 ], [ 100.479422833279514, 6.868564331368956 ], [ 100.479423731434821, 6.868155870309607 ], [ 100.479422064361813, 6.86812060922641 ], [ 100.479423605637308, 6.868085342499819 ], [ 100.479421422320527, 6.867706704974167 ], [ 100.47942515955026, 6.867352664786504 ], [ 100.479423340967742, 6.867305921651502 ], [ 100.479425652841186, 6.8672592 ], [ 100.479425652841186, 6.86664636142751 ], [ 100.479438769073141, 6.864910938421064 ], [ 100.479444301330346, 6.864428594869166 ], [ 100.479485863465555, 6.862742622690845 ], [ 100.479486527928998, 6.862713758722939 ], [ 100.479521303530333, 6.86108792744538 ], [ 100.479541849925468, 6.86047043524221 ], [ 100.479548249023395, 6.860282159693751 ], [ 100.479557239326851, 6.860104477471523 ], [ 100.479557824136492, 6.860092765790974 ], [ 100.479592924136469, 6.859380366442762 ], [ 100.479598619536688, 6.8586460782762 ], [ 100.479584826143494, 6.858237154408346 ], [ 100.479574668006848, 6.857612298544092 ], [ 100.479573083609125, 6.857483434163623 ], [ 100.479566998527218, 6.857384990707028 ], [ 100.479568466670543, 6.857286372788784 ], [ 100.479531387027023, 6.856213729615869 ], [ 100.47953327123119, 6.855821035455993 ], [ 100.479538774834495, 6.855405880400323 ], [ 100.479537634188119, 6.855374371236652 ], [ 100.479538243966473, 6.855348233929099 ], [ 100.479534598378535, 6.855208668893364 ], [ 100.479537609752342, 6.855103003249495 ], [ 100.479536509752322, 6.855050503229061 ], [ 100.47953409894923, 6.85501630986322 ], [ 100.479536806287527, 6.854880722520718 ], [ 100.479516058306046, 6.854177027429392 ], [ 100.479513084663608, 6.85397220165361 ], [ 100.479568175132542, 6.853155477500769 ], [ 100.479573759544067, 6.852843735931133 ], [ 100.479588210990812, 6.852532275172819 ], [ 100.479586310990797, 6.851914275137531 ], [ 100.479570146533405, 6.851405995963656 ], [ 100.479547246533414, 6.851027995539163 ], [ 100.479547217914828, 6.851027736285316 ], [ 100.479547215012786, 6.851027475495169 ], [ 100.479489315012785, 6.850072674421991 ], [ 100.479466787501622, 6.849833794542794 ], [ 100.479466630358559, 6.849828119295984 ], [ 100.479429330358542, 6.849345418605495 ], [ 100.479429203767552, 6.849344423651998 ], [ 100.479429175782883, 6.849343421176262 ], [ 100.479422817211258, 6.849261376227521 ], [ 100.479420076380492, 6.849203970990947 ], [ 100.47941304669844, 6.849131836334446 ], [ 100.479411986941898, 6.849059372434511 ], [ 100.479334486941909, 6.847851270998786 ], [ 100.479331788720529, 6.847827599617808 ], [ 100.479331312348094, 6.847803781819221 ], [ 100.47930251234807, 6.847389681285936 ], [ 100.479302260507566, 6.847387572655705 ], [ 100.479302217029527, 6.847385449690824 ], [ 100.479291139683014, 6.847227268733923 ], [ 100.479272738226868, 6.846955389284546 ], [ 100.479272692562219, 6.846955000815258 ], [ 100.479272685433131, 6.846954609773253 ], [ 100.479259185433136, 6.846755409523273 ], [ 100.479251275425668, 6.846648320330472 ], [ 100.479158975425662, 6.845494018623044 ], [ 100.479118550852263, 6.84518293602034 ], [ 100.479086861179312, 6.844870856743774 ], [ 100.479047961179305, 6.844614556030074 ], [ 100.479022631108037, 6.84445721500656 ], [ 100.478977231108047, 6.84419051417602 ], [ 100.478726554982089, 6.843122477150667 ], [ 100.47848925498208, 6.842334272933038 ], [ 100.478250428505831, 6.841644998290755 ], [ 100.47795571176259, 6.840977387520976 ], [ 100.477854319363431, 6.840771074351434 ], [ 100.477270391691533, 6.839543434759729 ], [ 100.477100714238603, 6.839186599931288 ], [ 100.47710029738667, 6.83918582432258 ], [ 100.477099958948628, 6.839185011946802 ], [ 100.476913558948624, 6.838793208821648 ], [ 100.476907256517066, 6.838781487853046 ], [ 100.476902104744028, 6.838769225140956 ], [ 100.476509504744044, 6.837950318568551 ], [ 100.476336792287029, 6.837590173515189 ], [ 100.474268683762745, 6.833221621517166 ], [ 100.474094323832304, 6.832853185157018 ], [ 100.473896746674384, 6.832431343520758 ], [ 100.473896477597009, 6.83243083578298 ], [ 100.473896259869505, 6.832430304331039 ], [ 100.473453359869524, 6.831484996892505 ], [ 100.473435566854789, 6.83144725101467 ], [ 100.473242066854795, 6.831039247772249 ], [ 100.473178344166897, 6.830907689742932 ], [ 100.472385330985219, 6.829304208470168 ], [ 100.472096225193567, 6.82870726970946 ], [ 100.471914025685777, 6.828324554246977 ], [ 100.471892749791991, 6.828285011091608 ], [ 100.471875061834965, 6.828243762030011 ], [ 100.471312361209513, 6.827091876043043 ], [ 100.470805370275698, 6.826044657981297 ], [ 100.470581085427725, 6.825577418432645 ], [ 100.470552476297527, 6.825524652918214 ], [ 100.470528468237418, 6.825469672229848 ], [ 100.470264272513944, 6.824937792508252 ], [ 100.468946597596684, 6.822255133825817 ], [ 100.468912509022772, 6.822186481808253 ], [ 100.468816160638568, 6.821994523877299 ], [ 100.468772118329767, 6.821905919883801 ], [ 100.468580303991715, 6.821494164788873 ], [ 100.468529094225104, 6.821386139544868 ], [ 100.468517503807334, 6.821362108678625 ], [ 100.467631630204039, 6.818471252305907 ], [ 100.466276215175128, 6.814055218291073 ], [ 100.465906576434222, 6.812808140806891 ], [ 100.465860921525049, 6.812658939023393 ], [ 100.465365973511027, 6.811090840281414 ], [ 100.464903888449811, 6.809551896220013 ], [ 100.464857124783308, 6.809401040478582 ], [ 100.464511088722773, 6.808318902537595 ], [ 100.464272272922742, 6.807533236964225 ], [ 100.464246050248349, 6.807448493212073 ], [ 100.464157549006941, 6.80716746592244 ], [ 100.464089631474167, 6.806943196219875 ], [ 100.46408942273186, 6.806942612483361 ], [ 100.464089272533045, 6.806942011262294 ], [ 100.464064972533052, 6.806861810832847 ], [ 100.464024542528023, 6.806731968244943 ], [ 100.463962669964076, 6.806538497262152 ], [ 100.463534044289574, 6.805114303246775 ], [ 100.463515170831826, 6.805052411020245 ], [ 100.463313870831826, 6.804400807469658 ], [ 100.463296146749897, 6.804344108641637 ], [ 100.46301239285377, 6.803446943477548 ], [ 100.462304685636923, 6.8011616181452 ], [ 100.462299317371972, 6.801146896754798 ], [ 100.462295374572847, 6.801131737407173 ], [ 100.462259144223879, 6.80101618607593 ], [ 100.462253523496159, 6.800746939371264 ], [ 100.462252670426665, 6.800734825764259 ], [ 100.462252983972874, 6.800722686568507 ], [ 100.462235970023244, 6.80000224314964 ], [ 100.462230586182315, 6.799526311486256 ], [ 100.462228678896139, 6.799494952273018 ], [ 100.46222965380349, 6.799463550839606 ], [ 100.462199953803491, 6.797849450292326 ], [ 100.462197226253693, 6.797809301445923 ], [ 100.46219810982916, 6.797769070914379 ], [ 100.462180177297824, 6.797116560786909 ], [ 100.46217134954972, 6.79633569820816 ], [ 100.462164654839228, 6.793090801074303 ], [ 100.462165900982498, 6.792979172888862 ], [ 100.462160196521012, 6.792830192292666 ], [ 100.462164213901573, 6.792681157384533 ], [ 100.462129313901571, 6.791129256742109 ], [ 100.462129299030224, 6.791129050314675 ], [ 100.462129304597212, 6.791128843433714 ], [ 100.462119778151987, 6.790706107283787 ], [ 100.46211591108711, 6.790034644225117 ], [ 100.462160833073312, 6.788952326663547 ], [ 100.462160342295277, 6.788890611610457 ], [ 100.462165089429206, 6.788829074906937 ], [ 100.462156862752408, 6.788453060887022 ], [ 100.462156659740046, 6.788427532176389 ], [ 100.462157701076578, 6.7884049176324 ], [ 100.46215630107659, 6.787995417606638 ], [ 100.462156115655688, 6.787960879018737 ], [ 100.462151632171995, 6.787348235798971 ], [ 100.462146947538074, 6.786660192563027 ], [ 100.462138644526945, 6.7854495517693 ], [ 100.4621308655353, 6.785134219853586 ], [ 100.462084991201678, 6.784054708250075 ], [ 100.462081015048796, 6.78369389342919 ], [ 100.462080942430944, 6.78369269364313 ], [ 100.462080988265896, 6.783691492554129 ], [ 100.462070388915649, 6.782752749901793 ], [ 100.462055989543956, 6.781476005350083 ], [ 100.462054373730183, 6.781449422730319 ], [ 100.462055229743854, 6.781422805298901 ], [ 100.462034523669189, 6.780224948872872 ], [ 100.462033011873032, 6.78004101370044 ], [ 100.462775294685557, 6.778558152780605 ], [ 100.463524108938955, 6.777069292301914 ], [ 100.463873497349866, 6.776374523401506 ], [ 100.463876379941155, 6.776368009873801 ], [ 100.463879881625573, 6.776361802732015 ], [ 100.464651781625562, 6.77482071542341 ], [ 100.464651902003695, 6.774820442234159 ], [ 100.464652048750267, 6.774820182067273 ], [ 100.465457996040243, 6.773210845067382 ], [ 100.465555701404583, 6.773019987929327 ], [ 100.465748827883758, 6.772644804535318 ], [ 100.466916668765549, 6.770426427580913 ], [ 100.467215127405638, 6.769801630823436 ], [ 100.467411827405641, 6.769344934141699 ], [ 100.467742557312107, 6.768446662716892 ], [ 100.467974540297789, 6.767518390641678 ], [ 100.468091140297801, 6.76691509274225 ], [ 100.468230395279349, 6.765854192594917 ], [ 100.468235354286477, 6.765341821882385 ], [ 100.468246352841177, 6.7651195 ], [ 100.468246352841177, 6.7613464 ], [ 100.46824600183794, 6.76133930485588 ], [ 100.468246341474881, 6.761332209166116 ], [ 100.468245541474886, 6.760832809151452 ], [ 100.468213869773479, 6.760098434997765 ], [ 100.468197969773513, 6.759910934707378 ], [ 100.468019488857777, 6.75874116731949 ], [ 100.467958688857763, 6.758466966231346 ], [ 100.467752255492684, 6.757700176461495 ], [ 100.467648955492692, 6.757375174656402 ], [ 100.467254889576367, 6.756356943183457 ], [ 100.466738623018841, 6.755394085010556 ], [ 100.466317623018838, 6.754712878437075 ], [ 100.465839500812379, 6.754015510134132 ], [ 100.464641840670993, 6.752434855250208 ], [ 100.463875437853787, 6.751402560061235 ], [ 100.463871933286285, 6.751398294809948 ], [ 100.463868860891154, 6.751393712729115 ], [ 100.460937780097453, 6.74745588774965 ], [ 100.460568204677713, 6.746953206452683 ], [ 100.460519963367204, 6.746098953596218 ], [ 100.460333585179683, 6.742797736546486 ], [ 100.460309778194215, 6.742375504191728 ], [ 100.460271584812858, 6.741566965768789 ], [ 100.460255550706762, 6.74140154594904 ], [ 100.460249689809515, 6.741235463413637 ], [ 100.460196124506879, 6.740604571103338 ], [ 100.460149759167336, 6.740057878938341 ], [ 100.460108574316095, 6.739672544028325 ], [ 100.459950320336347, 6.738446268229086 ], [ 100.459835874513317, 6.737510817004067 ], [ 100.459810100781297, 6.737317770784783 ], [ 100.459495414400877, 6.735143179892769 ], [ 100.459263783852677, 6.733505896737163 ], [ 100.459225619425425, 6.733260890548636 ], [ 100.458969219425413, 6.731753785933244 ], [ 100.458955183309044, 6.731690398313719 ], [ 100.458946528407296, 6.73162606777024 ], [ 100.458619707608477, 6.729861579432766 ], [ 100.458509692949477, 6.72922556369782 ], [ 100.458452079215775, 6.728886828644777 ], [ 100.458366519333779, 6.728450329889452 ], [ 100.457338450959384, 6.723823455465165 ], [ 100.456965345030667, 6.722120600881039 ], [ 100.45690179715578, 6.721850804383517 ], [ 100.456765690449728, 6.721310899756032 ], [ 100.456249616158772, 6.719169902101799 ], [ 100.456236687905005, 6.719125923522449 ], [ 100.456227697639221, 6.719080987467444 ], [ 100.456206059615681, 6.718995120358168 ], [ 100.455953450694096, 6.717990873984903 ], [ 100.455621047719887, 6.716604421889915 ], [ 100.455620985845471, 6.716604210454646 ], [ 100.455620945125801, 6.71660399401642 ], [ 100.455528045125803, 6.716216592370396 ], [ 100.455340601269043, 6.715435006171987 ], [ 100.455288088589384, 6.715227151577096 ], [ 100.455210345380038, 6.714934372603107 ], [ 100.455130659402982, 6.714621507186552 ], [ 100.455130247854697, 6.714620170950304 ], [ 100.455129969735282, 6.714618801172909 ], [ 100.455117398190609, 6.714569507266214 ], [ 100.455098086454186, 6.714488290337702 ], [ 100.455097983727185, 6.71448793685914 ], [ 100.455097916351079, 6.714487575088169 ], [ 100.455013116351068, 6.714131073585478 ], [ 100.455013007429599, 6.714130698907643 ], [ 100.455012935977365, 6.714130315437222 ], [ 100.454634435977354, 6.71253970873113 ], [ 100.454634418816099, 6.712539649717402 ], [ 100.454634407560931, 6.712539589317562 ], [ 100.45456860756093, 6.712263088151912 ], [ 100.454562421106942, 6.712241815416996 ], [ 100.454558255274776, 6.712220063139536 ], [ 100.454485255274776, 6.711919961847925 ], [ 100.454467424050023, 6.711847969849059 ], [ 100.454408124050033, 6.711612768802036 ], [ 100.454408101573875, 6.711612695193412 ], [ 100.454408086469329, 6.711612619751468 ], [ 100.454275786469339, 6.711087917415669 ], [ 100.454275691274233, 6.711087605673888 ], [ 100.454275627280907, 6.711087286171128 ], [ 100.454063207631009, 6.710245088495752 ], [ 100.45404841199931, 6.710179879280138 ], [ 100.454034317647583, 6.710129443977799 ], [ 100.454024660771836, 6.710077988397337 ], [ 100.453934360771811, 6.709700686798738 ], [ 100.453916417112566, 6.709627101792633 ], [ 100.453597666756508, 6.708343767778982 ], [ 100.45304120441007, 6.706005928375757 ], [ 100.45304059219454, 6.706003823579144 ], [ 100.453040189590325, 6.70600166951651 ], [ 100.452732108217447, 6.704710166826313 ], [ 100.452269857107524, 6.702689746611978 ], [ 100.452256816617862, 6.70263358882917 ], [ 100.452204722823694, 6.702412514405578 ], [ 100.451815457544882, 6.700635774283709 ], [ 100.451773148119926, 6.700452024259313 ], [ 100.45134324811994, 6.69867171666385 ], [ 100.451336730133193, 6.698649577356678 ], [ 100.451332310652774, 6.698626932511718 ], [ 100.451279264530129, 6.69841215460578 ], [ 100.451255812472681, 6.69831714072634 ], [ 100.450945567062945, 6.6969314721496 ], [ 100.450934848158639, 6.69689268880727 ], [ 100.450927649221754, 6.696853111536309 ], [ 100.450802249221738, 6.696315909317768 ], [ 100.450799637427508, 6.696306782115829 ], [ 100.450797919005964, 6.696297448214374 ], [ 100.450203518967356, 6.693775450511668 ], [ 100.450038995445141, 6.693072125603556 ], [ 100.447815412415366, 6.682959421288508 ], [ 100.447815083605718, 6.682958213591794 ], [ 100.447814875216181, 6.682956979758382 ], [ 100.44674157521618, 6.678082160761203 ], [ 100.446315412263658, 6.676152626032562 ], [ 100.446315376072349, 6.676152493595034 ], [ 100.44631535312088, 6.6761523582726 ], [ 100.446215353120863, 6.675699656504081 ], [ 100.446194751208196, 6.675624275513231 ], [ 100.446180332923475, 6.675547490612111 ], [ 100.445846732923471, 6.674154184736745 ], [ 100.445784383267878, 6.673909238166706 ], [ 100.445772783267898, 6.673866237963889 ], [ 100.445440679086076, 6.672637903104216 ], [ 100.445330042304263, 6.672261862025149 ], [ 100.444903211879506, 6.670921173198203 ], [ 100.444689981460755, 6.670251288115005 ], [ 100.444662225540839, 6.67017698951007 ], [ 100.444640569035542, 6.670100716283851 ], [ 100.444294229800903, 6.669076281517917 ], [ 100.444181591899252, 6.668735416265803 ], [ 100.444181395156818, 6.668734906747779 ], [ 100.444181249578662, 6.668734380547073 ], [ 100.444052949578662, 6.668346278342278 ], [ 100.444052901454995, 6.668346153758398 ], [ 100.444052865853763, 6.668346025090622 ], [ 100.44388646585378, 6.667842722231309 ], [ 100.443885339029308, 6.667839805334375 ], [ 100.443884503362355, 6.667836793361869 ], [ 100.44357060336236, 6.666889587969826 ], [ 100.443552513564001, 6.666842858395704 ], [ 100.443538578383297, 6.666794744865542 ], [ 100.443218773814138, 6.665864953639554 ], [ 100.442935401837701, 6.6650315356806 ], [ 100.44152860505686, 6.660828668061872 ], [ 100.441371657979587, 6.660344284662616 ], [ 100.441336691585605, 6.660236305452532 ], [ 100.441281254005887, 6.660070684508212 ], [ 100.440559954005892, 6.657984172186138 ], [ 100.440553909895172, 6.657969134698055 ], [ 100.44054932208887, 6.657953597605966 ], [ 100.439788244413151, 6.655777724120275 ], [ 100.439623799358941, 6.655278919059108 ], [ 100.439599228125019, 6.655215153458181 ], [ 100.439580056129898, 6.655149586234448 ], [ 100.437369752701798, 6.648776314250179 ], [ 100.4373197068834, 6.648619178990007 ], [ 100.43728156620584, 6.648517132202627 ], [ 100.437251103665133, 6.64841257008999 ], [ 100.437101256268846, 6.64797911969551 ], [ 100.43692296706142, 6.647463337170883 ], [ 100.436845225459919, 6.647238404810285 ], [ 100.436645152872757, 6.646659726695979 ], [ 100.43661958700666, 6.646585643352366 ], [ 100.436618765367257, 6.646583595975249 ], [ 100.436618148668373, 6.646581478765434 ], [ 100.436453548668368, 6.646105275958774 ], [ 100.436453505834265, 6.646105169376752 ], [ 100.436453473721144, 6.646105059138579 ], [ 100.436292973721137, 6.645640756402045 ], [ 100.43629284405695, 6.645640433788659 ], [ 100.436292746826538, 6.645640100112304 ], [ 100.436146308617339, 6.645216582907089 ], [ 100.436027508631, 6.644868687108255 ], [ 100.436002739877807, 6.644806385995517 ], [ 100.435983267597791, 6.64474225633313 ], [ 100.435957741316955, 6.644671035171414 ], [ 100.435787415642736, 6.64417841157297 ], [ 100.435311568118379, 6.642782445835715 ], [ 100.435249519710879, 6.642600516059599 ], [ 100.435010445769649, 6.641899175135252 ], [ 100.434985919913572, 6.641828210295784 ], [ 100.434784932757267, 6.641254525087477 ], [ 100.434736693336873, 6.641103081359521 ], [ 100.434716613901529, 6.641049364171611 ], [ 100.43470121729419, 6.640994142407389 ], [ 100.434680317294209, 6.640931342049923 ], [ 100.434668635213598, 6.640901277729674 ], [ 100.434659750724137, 6.640870283684941 ], [ 100.434287850724132, 6.63977927734001 ], [ 100.434287607802702, 6.639778665352908 ], [ 100.434287426347439, 6.639778032688284 ], [ 100.434241875998097, 6.639644470711874 ], [ 100.43411946300489, 6.639285410463525 ], [ 100.43374330025047, 6.638181706738465 ], [ 100.433743160752215, 6.638181355248686 ], [ 100.433743056579303, 6.638180991878641 ], [ 100.433327903366973, 6.636963222040444 ], [ 100.43300865001784, 6.636026653451901 ], [ 100.43300280386039, 6.636009559964343 ], [ 100.432888685392697, 6.635676995620354 ], [ 100.432649091661261, 6.634978641591302 ], [ 100.432444815438771, 6.634382251186721 ], [ 100.43244228823346, 6.634375911647876 ], [ 100.432440388698296, 6.634369359457369 ], [ 100.432371327305788, 6.634168737386029 ], [ 100.432204561756208, 6.633682715087948 ], [ 100.432183196534027, 6.633629203869044 ], [ 100.432175210382468, 6.633601370464573 ], [ 100.432170237855829, 6.633586795180943 ], [ 100.432165741678958, 6.633571966302463 ], [ 100.432153746350224, 6.633538455895114 ], [ 100.432094714762286, 6.633365424668369 ], [ 100.431927555593745, 6.632599320727845 ], [ 100.431835779578734, 6.632178631646195 ], [ 100.431723362677133, 6.631476542533367 ], [ 100.43140230813998, 6.629471120807845 ], [ 100.431301137343283, 6.628839001473978 ], [ 100.431283697816752, 6.628756411022215 ], [ 100.431272897576051, 6.628672708103994 ], [ 100.431217163500378, 6.628362417576699 ], [ 100.431061314325603, 6.627423574242217 ], [ 100.430895766490977, 6.626380573858486 ], [ 100.430791450714011, 6.625663331512609 ], [ 100.430784138673047, 6.6256260803453 ], [ 100.430780214532305, 6.625588328392077 ], [ 100.430769714532289, 6.625520228205557 ], [ 100.430764574831954, 6.625495179169528 ], [ 100.430761785141627, 6.625469765780442 ], [ 100.42953848514162, 6.61782824408187 ], [ 100.429522272402536, 6.617751475901932 ], [ 100.42951233520418, 6.617673660217231 ], [ 100.429466353015158, 6.617415723090469 ], [ 100.429420189235216, 6.617095946889158 ], [ 100.429406728288569, 6.617026985048996 ], [ 100.429399030168511, 6.616957156303594 ], [ 100.429391439878515, 6.616909883311398 ], [ 100.428739420901124, 6.612703518931291 ], [ 100.428739382911047, 6.612703334532583 ], [ 100.428739363291243, 6.61270314732363 ], [ 100.428486890561643, 6.611074818729247 ], [ 100.42811292191081, 6.608662249720592 ], [ 100.428052425089689, 6.608270810335002 ], [ 100.428050461055008, 6.608261255561217 ], [ 100.428049427957191, 6.608251557783369 ], [ 100.427599427957205, 6.605381649814975 ], [ 100.427517751432205, 6.60493558693415 ], [ 100.427177751432211, 6.603313880971177 ], [ 100.427069194187666, 6.602856721862909 ], [ 100.426584794187661, 6.601033013474724 ], [ 100.426578600848543, 6.601013611052604 ], [ 100.426574260494277, 6.600993718469519 ], [ 100.426065996097975, 6.599114905959868 ], [ 100.425117585038834, 6.595555068749928 ], [ 100.423288892622509, 6.588651805637615 ], [ 100.42328663785014, 6.588644725652886 ], [ 100.423285080352954, 6.588637462775482 ], [ 100.422721386699067, 6.586523798460601 ], [ 100.42240457065229, 6.585293121773331 ], [ 100.422360945018198, 6.585130092417072 ], [ 100.422172039483584, 6.584450102537155 ], [ 100.421555414611035, 6.582097450158152 ], [ 100.421544243538392, 6.582055251627736 ], [ 100.421285482320897, 6.58108741041101 ], [ 100.420556230653247, 6.578352728005646 ], [ 100.420512760979562, 6.578157812038074 ], [ 100.420100160979572, 6.576527404897981 ], [ 100.420047350113322, 6.576328448855054 ], [ 100.419541853888234, 6.574509393998697 ], [ 100.419370766093266, 6.573799668973374 ], [ 100.419369565407209, 6.573782426487869 ], [ 100.419372525714522, 6.573755139292845 ], [ 100.419398324767144, 6.573601137467889 ], [ 100.419486420334238, 6.573075940973938 ], [ 100.419689994398112, 6.572007071308033 ], [ 100.419802391295988, 6.571456237797685 ], [ 100.419845257755213, 6.57123138868995 ], [ 100.419923857755208, 6.570788090069501 ], [ 100.419926773693476, 6.570765086175922 ], [ 100.419931827076709, 6.570742450623471 ], [ 100.420431627076709, 6.567835359401414 ], [ 100.420431630881296, 6.567835328075942 ], [ 100.420431637758014, 6.567835297271911 ], [ 100.420772709388174, 6.565851356866577 ], [ 100.421176831503942, 6.563532605505961 ], [ 100.42162268365287, 6.561244091694254 ], [ 100.421655870077259, 6.561013632457493 ], [ 100.421699690803962, 6.560784933348257 ], [ 100.421719511566721, 6.560644201684905 ], [ 100.422035833780654, 6.558878112723924 ], [ 100.422137670319103, 6.5583092519909 ], [ 100.422149591136488, 6.558241132402643 ], [ 100.422524591136479, 6.556047938977786 ], [ 100.422525425016062, 6.55604102037477 ], [ 100.422526926801424, 6.556034213951251 ], [ 100.422963744014552, 6.553455110411643 ], [ 100.42301436992561, 6.553156401335165 ], [ 100.423089605042776, 6.55274140465311 ], [ 100.42309537959845, 6.552697217691802 ], [ 100.423105049492648, 6.552653707808037 ], [ 100.423250283673312, 6.551804095393945 ], [ 100.42337821783444, 6.551056082586537 ], [ 100.4233782184441, 6.551056077530391 ], [ 100.423378219549662, 6.551056072557854 ], [ 100.42343831954966, 6.55070467361063 ], [ 100.423438326545877, 6.550704615586689 ], [ 100.423438339232305, 6.550704558523472 ], [ 100.423513039232304, 6.550267759831928 ], [ 100.423513086809749, 6.550267365198119 ], [ 100.423513173058424, 6.550266977089661 ], [ 100.423595386553458, 6.549785984631264 ], [ 100.423737299970526, 6.54895629332153 ], [ 100.42373734363953, 6.548955931185588 ], [ 100.423737422797615, 6.548955575039483 ], [ 100.423923322797606, 6.547868178294747 ], [ 100.423927272992984, 6.547835397594647 ], [ 100.423934198302618, 6.547803107668839 ], [ 100.424036581987963, 6.547176193568107 ], [ 100.424082100388631, 6.546917567073941 ], [ 100.424082205448101, 6.546916729768891 ], [ 100.424082392454153, 6.546915906691124 ], [ 100.42420913180203, 6.546194995763108 ], [ 100.42424214271648, 6.546016324758513 ], [ 100.424271261291025, 6.545858331117405 ], [ 100.424298359241519, 6.54570362590582 ], [ 100.424499659241519, 6.54449132943181 ], [ 100.424543086464297, 6.544199926691996 ], [ 100.424558376427782, 6.544084173496067 ], [ 100.424587838558452, 6.543864078527088 ], [ 100.424649108426607, 6.543474606638966 ], [ 100.424649115737211, 6.543474538343878 ], [ 100.424649129749568, 6.543474471089291 ], [ 100.424726929749582, 6.542979872453522 ], [ 100.424726996551428, 6.542979248303807 ], [ 100.42472712452313, 6.542978633646798 ], [ 100.424788524523109, 6.542587934723407 ], [ 100.424793914335368, 6.542537508671359 ], [ 100.424803685075673, 6.542487736870302 ], [ 100.424885403799394, 6.541925972673292 ], [ 100.424936586556314, 6.541636166605573 ], [ 100.424947022595632, 6.541553390018681 ], [ 100.424964042089158, 6.541471698163482 ], [ 100.425062442089157, 6.540846099888403 ], [ 100.425062465185562, 6.540845884072637 ], [ 100.425062509452573, 6.540845671543068 ], [ 100.425280622093538, 6.539458530949293 ], [ 100.425362334683783, 6.538939287828335 ], [ 100.425367700614615, 6.538889184573935 ], [ 100.425377422967543, 6.53883973300127 ], [ 100.425408244501796, 6.538628273672859 ], [ 100.425417908870457, 6.538574017729396 ], [ 100.425430479159743, 6.538475479749305 ], [ 100.425450537134751, 6.538378173043882 ], [ 100.425754211249853, 6.536420526551574 ], [ 100.425779530776666, 6.536267603240135 ], [ 100.425804150724062, 6.536110140574367 ], [ 100.426674320902137, 6.530197170904636 ], [ 100.426910533582515, 6.528686836557543 ], [ 100.426927286386928, 6.528575059791854 ], [ 100.42698322154871, 6.528184913019196 ], [ 100.427059556654513, 6.527652866662847 ], [ 100.427059631745422, 6.52765206246063 ], [ 100.427059785670437, 6.527651269415625 ], [ 100.42713085593914, 6.52715527604786 ], [ 100.427197826009504, 6.526688582662337 ], [ 100.427197928862626, 6.526687481422158 ], [ 100.427198139594438, 6.52668639544905 ], [ 100.427266748816393, 6.526207430380408 ], [ 100.427335579586966, 6.525727411777829 ], [ 100.427351001119163, 6.525619958791413 ], [ 100.42735104020295, 6.525619540413017 ], [ 100.427351120335118, 6.525619127847872 ], [ 100.427383168996982, 6.525395671154844 ], [ 100.427694727485147, 6.525135860845332 ], [ 100.428280032153026, 6.524547831402701 ], [ 100.42880803975558, 6.523908499361645 ], [ 100.429274216696712, 6.523223353990535 ], [ 100.429674560272773, 6.522498277931673 ], [ 100.429719760272775, 6.522406578649739 ], [ 100.430105248507488, 6.521501491655643 ], [ 100.430388238257422, 6.52055978058335 ], [ 100.430565298136003, 6.519592863958527 ], [ 100.430634281207162, 6.518612465998356 ], [ 100.430635381207139, 6.518538166017808 ], [ 100.430607505650642, 6.517692212992181 ], [ 100.430499098769971, 6.516852686154512 ], [ 100.430311135531781, 6.51602713591346 ], [ 100.430045306399734, 6.515222987013943 ], [ 100.429704002131231, 6.514447471758913 ], [ 100.429290292275752, 6.513707564960704 ], [ 100.428807897568774, 6.513009921207098 ], [ 100.428261156468906, 6.512360815006555 ], [ 100.428205356468922, 6.512300614281045 ], [ 100.427572299909642, 6.511681993886731 ], [ 100.426880866496845, 6.51112848973889 ], [ 100.426137811775888, 6.510645509989529 ], [ 100.425350395650199, 6.51023777372875 ], [ 100.424526311449625, 6.509909264869443 ], [ 100.423673610763913, 6.509663193215755 ], [ 100.423568110763924, 6.509638292784854 ], [ 100.422730700638979, 6.50948191205833 ], [ 100.42259130783205, 6.509469288214613 ], [ 100.422169041513982, 6.509389311462074 ], [ 100.421127758560459, 6.509314604637416 ], [ 100.421100031790743, 6.50931422047811 ], [ 100.421002855784167, 6.50931083114537 ], [ 100.420190053074137, 6.509319042726031 ], [ 100.419381324907377, 6.509400218562102 ], [ 100.418583292841788, 6.509553693981659 ], [ 100.417802490859614, 6.509778212320946 ], [ 100.4173596638406, 6.509949992641569 ], [ 100.41733963710314, 6.509956462877688 ], [ 100.417311978197375, 6.509968490730389 ], [ 100.417045311869771, 6.510071935215596 ], [ 100.416891011869765, 6.51013993632125 ], [ 100.416888110295204, 6.510141388332603 ], [ 100.416704721634687, 6.510162261260524 ], [ 100.41580423996642, 6.510359274596065 ], [ 100.415713739966421, 6.510383975019749 ], [ 100.414918555770839, 6.510641111191626 ], [ 100.41415088302459, 6.510970599536344 ], [ 100.414025383024594, 6.511031500509821 ], [ 100.414023211444203, 6.511032688812866 ], [ 100.414020933629615, 6.511033661162459 ], [ 100.413956933629635, 6.51106476165946 ], [ 100.413954769880277, 6.511065947222386 ], [ 100.413952500126356, 6.511066917599218 ], [ 100.41388900012636, 6.51109781809289 ], [ 100.413487048611685, 6.511319420160985 ], [ 100.413301580844191, 6.511417422786792 ], [ 100.413262804627109, 6.511443049284983 ], [ 100.41308572843495, 6.511540674065134 ], [ 100.412332179587366, 6.512062722902811 ], [ 100.411636234123662, 6.512658504832511 ], [ 100.411005170173368, 6.513321788974496 ], [ 100.410445587341471, 6.514045638515063 ], [ 100.410355440556572, 6.514190853965593 ], [ 100.410241770407396, 6.514354005244456 ], [ 100.410202200416805, 6.514408406182732 ], [ 100.410193715727161, 6.514422978328244 ], [ 100.410024521039702, 6.514665824096189 ], [ 100.409603045942461, 6.515415863165314 ], [ 100.409591745942478, 6.515438463344248 ], [ 100.409241166982653, 6.516234745306691 ], [ 100.408970203936619, 6.517061129094572 ], [ 100.408781426320431, 6.517909778062195 ], [ 100.408676624293719, 6.518772644462029 ], [ 100.408674724293704, 6.518799044495546 ], [ 100.408654546003618, 6.51965436009479 ], [ 100.408716889140365, 6.520507664051344 ], [ 100.408861180832574, 6.521351115381827 ], [ 100.409086095183397, 6.522176963677571 ], [ 100.409389565453964, 6.522977620320638 ], [ 100.409398965453946, 6.522999220167995 ], [ 100.409448989891033, 6.523101130516526 ], [ 100.409434019664474, 6.523204326550537 ], [ 100.409433887310456, 6.523205720533071 ], [ 100.409433618502732, 6.523207094998161 ], [ 100.409358018502729, 6.523729396322567 ], [ 100.409357969834716, 6.523729910628405 ], [ 100.409357870720754, 6.523730417729552 ], [ 100.409280781485791, 6.524263444646455 ], [ 100.409205718725659, 6.524782397145399 ], [ 100.409127845424337, 6.525320023801401 ], [ 100.40902680736842, 6.526018504953811 ], [ 100.408869188885859, 6.527076339967329 ], [ 100.408865985830602, 6.527108748063358 ], [ 100.408859835449391, 6.527140733578005 ], [ 100.40879975675773, 6.527565284816955 ], [ 100.408741264124444, 6.527945408480609 ], [ 100.408664071488204, 6.528414861479582 ], [ 100.40864978274935, 6.528540126398776 ], [ 100.408626717853608, 6.528664092961779 ], [ 100.408567677718764, 6.529100197945268 ], [ 100.408433623610321, 6.529999714574243 ], [ 100.40843355219387, 6.53000043695635 ], [ 100.408433409969547, 6.530001148928403 ], [ 100.408321661896721, 6.530751830300951 ], [ 100.408209914054154, 6.531501311757036 ], [ 100.408209831608431, 6.531502145109845 ], [ 100.408209667498184, 6.531502966451576 ], [ 100.40806317200439, 6.532486767203553 ], [ 100.407958076605269, 6.533191767364631 ], [ 100.407915065322499, 6.533480501846924 ], [ 100.407885701631059, 6.533675519771743 ], [ 100.407876356054444, 6.533739154112983 ], [ 100.407752284664227, 6.534605802886724 ], [ 100.407697577633357, 6.534949533841917 ], [ 100.407683269486284, 6.535039357460093 ], [ 100.407675563664853, 6.535088623961729 ], [ 100.407321726002181, 6.537393256965928 ], [ 100.407248497397063, 6.537863859722983 ], [ 100.4072195739205, 6.538049393764205 ], [ 100.407192783804192, 6.538203571340091 ], [ 100.407192620317289, 6.53820489761662 ], [ 100.407192327161354, 6.538206201673426 ], [ 100.407111849470297, 6.538670179601015 ], [ 100.406865785078608, 6.540074262717834 ], [ 100.406784124644886, 6.540540238370513 ], [ 100.406718661014892, 6.540913662773812 ], [ 100.406705403072962, 6.540986766850831 ], [ 100.406649917306339, 6.541331144715489 ], [ 100.406630317306337, 6.541470145059959 ], [ 100.406587298799039, 6.541848844842558 ], [ 100.406436863052363, 6.542786108040586 ], [ 100.406420268011459, 6.542881956889886 ], [ 100.406252285796256, 6.543842325952304 ], [ 100.406236829016578, 6.543933490383872 ], [ 100.406073319900017, 6.544929332326798 ], [ 100.406008614054812, 6.54531178952377 ], [ 100.40600858681934, 6.545312018865681 ], [ 100.406008537099794, 6.545312244453914 ], [ 100.40593773989653, 6.545730837902926 ], [ 100.405702042790466, 6.547123234179118 ], [ 100.405702013813951, 6.547123477999699 ], [ 100.405701960934834, 6.547123717827303 ], [ 100.405340641254796, 6.549258947703147 ], [ 100.405259181034779, 6.549723234570491 ], [ 100.405182180289984, 6.550161770639866 ], [ 100.405182041666706, 6.550162879053492 ], [ 100.405181794627765, 6.550163968692539 ], [ 100.405137814594227, 6.550414814857687 ], [ 100.405056334936774, 6.550878761652434 ], [ 100.405056233331663, 6.550879573837677 ], [ 100.405056052231714, 6.550880372251159 ], [ 100.40499539648043, 6.551226121088243 ], [ 100.404574950742983, 6.553621919251007 ], [ 100.404494570954597, 6.554079905497965 ], [ 100.404319480875287, 6.55507745204383 ], [ 100.404312478759763, 6.555133468983449 ], [ 100.40430068511634, 6.555188686825599 ], [ 100.404121306718196, 6.556292956992568 ], [ 100.403896943717882, 6.557673888022278 ], [ 100.403646992722187, 6.558963461596807 ], [ 100.403646969450776, 6.558963624309609 ], [ 100.403646930243667, 6.558963783974169 ], [ 100.403335630243674, 6.560570189414204 ], [ 100.403306203610398, 6.560729847606261 ], [ 100.403094703610392, 6.561939351315425 ], [ 100.402598029052868, 6.564780486459703 ], [ 100.402597056751191, 6.564788308401021 ], [ 100.402595331045376, 6.564796001036656 ], [ 100.40238409090712, 6.566017131434189 ], [ 100.401691674454611, 6.569965074347125 ], [ 100.401684331565505, 6.570023880064443 ], [ 100.401671995162872, 6.570081855311515 ], [ 100.40149879516288, 6.571153258359689 ], [ 100.401477599728906, 6.571291257352099 ], [ 100.401407199728922, 6.571774958594197 ], [ 100.401369921750216, 6.572165651814104 ], [ 100.401328635853304, 6.572555946832481 ], [ 100.40129073585328, 6.573232247507176 ], [ 100.401284751320802, 6.574102580185368 ], [ 100.401319751320813, 6.574930879561774 ], [ 100.401383835578756, 6.575684116523004 ], [ 100.401532135578748, 6.576840813899076 ], [ 100.401737114495077, 6.577912185524735 ], [ 100.402455414495066, 6.580718873103252 ], [ 100.40260714283572, 6.5812438903559 ], [ 100.402785552577669, 6.581796832507592 ], [ 100.40292535237738, 6.58238342434321 ], [ 100.402998345204907, 6.582699583929711 ], [ 100.403487445204902, 6.584603375468261 ], [ 100.403535254033542, 6.584757472290467 ], [ 100.403573351617496, 6.584914217635874 ], [ 100.403837835297594, 6.585807687179288 ], [ 100.404053313700373, 6.586625482591926 ], [ 100.404057567470971, 6.586641565535837 ], [ 100.40503919259244, 6.590338926761704 ], [ 100.405785125586263, 6.593173339606541 ], [ 100.405794341570115, 6.593208360185819 ], [ 100.406778270452406, 6.596950911905454 ], [ 100.406800818481102, 6.597034998040034 ], [ 100.407033444232354, 6.597885805653748 ], [ 100.407645109118704, 6.600193067888884 ], [ 100.408355382227768, 6.602872454150586 ], [ 100.40872627388049, 6.604271616238074 ], [ 100.408726286377032, 6.604271655454125 ], [ 100.408726294944231, 6.604271695697938 ], [ 100.409082894944234, 6.605616889521366 ], [ 100.409082909150001, 6.605616934099676 ], [ 100.409082918889254, 6.605616979846612 ], [ 100.409579178207821, 6.607488921589844 ], [ 100.409691325525927, 6.608037637835561 ], [ 100.409712879441372, 6.608143111941335 ], [ 100.409849509458013, 6.608811793055616 ], [ 100.409931758975262, 6.60934015836104 ], [ 100.409931822396032, 6.609340465195587 ], [ 100.409931855257128, 6.609340776725232 ], [ 100.410137922858368, 6.610663924150155 ], [ 100.410164643888606, 6.610856892830787 ], [ 100.410183240512055, 6.610955179647281 ], [ 100.410194293335948, 6.611054582862829 ], [ 100.410288727155418, 6.611639225218012 ], [ 100.410617197472831, 6.613789838606338 ], [ 100.410817730244162, 6.615121257423643 ], [ 100.410824902698394, 6.615156843265745 ], [ 100.410828824510389, 6.615192925627778 ], [ 100.410891617443681, 6.615587874490483 ], [ 100.410917536706023, 6.615771427592953 ], [ 100.410927675462403, 6.615824236996678 ], [ 100.410933202990364, 6.615877717034283 ], [ 100.411491202990362, 6.619510807134738 ], [ 100.411543236295657, 6.619814363043135 ], [ 100.411569144070185, 6.619951194018235 ], [ 100.411580559487604, 6.620011923837228 ], [ 100.411581615861323, 6.620016332278862 ], [ 100.411582236730453, 6.620020821721423 ], [ 100.411736015567669, 6.620834346608413 ], [ 100.411834502105876, 6.621474547858947 ], [ 100.412311475467305, 6.624575866183354 ], [ 100.412331440772945, 6.624699833694695 ], [ 100.412601753832163, 6.626305736941628 ], [ 100.412678688935003, 6.626778023669237 ], [ 100.412692812876628, 6.626844005478128 ], [ 100.412701376609576, 6.626910923832334 ], [ 100.412741873866395, 6.627137741794443 ], [ 100.412949134071638, 6.628362994546303 ], [ 100.412949561197848, 6.628364932203545 ], [ 100.41294979594629, 6.628366902012887 ], [ 100.412957876944333, 6.628414544624339 ], [ 100.412999262833949, 6.628665554866994 ], [ 100.413075346727695, 6.62915886278162 ], [ 100.413094037760871, 6.629249934456763 ], [ 100.413105587467413, 6.62934216854871 ], [ 100.413278938387535, 6.630328499243269 ], [ 100.41328076798959, 6.630339343761479 ], [ 100.413378887779771, 6.630971068368599 ], [ 100.413378935874249, 6.630971301449724 ], [ 100.413378960750066, 6.630971538089981 ], [ 100.413434414389201, 6.631328438724335 ], [ 100.413659452137892, 6.632777433893153 ], [ 100.413732636370284, 6.633248731050597 ], [ 100.413732681332391, 6.633248948991785 ], [ 100.41373270458314, 6.633249170259823 ], [ 100.4138555492639, 6.634040011944485 ], [ 100.414043394006825, 6.635249952682504 ], [ 100.414132335553873, 6.635733872112258 ], [ 100.414267176314766, 6.636368041262977 ], [ 100.414336093545714, 6.636709714190181 ], [ 100.414361218121158, 6.636808762286828 ], [ 100.414378770371542, 6.636909407045566 ], [ 100.414452870371562, 6.637237605744293 ], [ 100.414547551357145, 6.637617700441976 ], [ 100.414592482731834, 6.637782481244162 ], [ 100.414733914188545, 6.638301460318375 ], [ 100.414942738176833, 6.638964286679552 ], [ 100.414998999771171, 6.639121164777931 ], [ 100.415026509437425, 6.63920584622478 ], [ 100.415072866663223, 6.639327727105891 ], [ 100.415090757537612, 6.639391105123317 ], [ 100.415119236102996, 6.639475766875386 ], [ 100.415120475227667, 6.639479810346985 ], [ 100.415122229065005, 6.639484664422749 ], [ 100.415240218660884, 6.639835426519981 ], [ 100.415443010849685, 6.640456438730892 ], [ 100.415467655626514, 6.640520937205681 ], [ 100.415486850591208, 6.640587237850692 ], [ 100.415778719717551, 6.641436113047624 ], [ 100.415966244994408, 6.641993450182453 ], [ 100.416199117757671, 6.642685767934365 ], [ 100.41619951567219, 6.642686782337935 ], [ 100.416199811826942, 6.642687830525898 ], [ 100.416348775812807, 6.643130332780586 ], [ 100.416442940186158, 6.64341033580391 ], [ 100.416462570727958, 6.643468051891778 ], [ 100.416630970114809, 6.643957647238577 ], [ 100.416630970727951, 6.643957649021189 ], [ 100.41713507011481, 6.64542323864431 ], [ 100.417135087320148, 6.645423281643436 ], [ 100.417135100199928, 6.645423326110445 ], [ 100.417555600199933, 6.646645818940053 ], [ 100.417587021506819, 6.64672434368369 ], [ 100.417623303792453, 6.646842426057407 ], [ 100.417645508869043, 6.646903740348147 ], [ 100.418927989404111, 6.650630951783572 ], [ 100.419358543677532, 6.651897919481444 ], [ 100.419399614250267, 6.652016039108209 ], [ 100.419493576118668, 6.652280263629589 ], [ 100.419748611065145, 6.653027253977106 ], [ 100.419763011557237, 6.65306909147279 ], [ 100.419992872778067, 6.653731536193996 ], [ 100.42017571308088, 6.654263108727223 ], [ 100.42064020894783, 6.655639988684204 ], [ 100.420668537062767, 6.655722616258389 ], [ 100.421636182188394, 6.658500437745404 ], [ 100.42344514576854, 6.663783504448219 ], [ 100.423445177153496, 6.663783583200149 ], [ 100.423445200617323, 6.663783664627871 ], [ 100.424496898897416, 6.666854925600094 ], [ 100.425294888854921, 6.669259208141083 ], [ 100.425434903945074, 6.669681248368893 ], [ 100.4254351999367, 6.669682012233796 ], [ 100.425435419266634, 6.669682801196637 ], [ 100.425709425487369, 6.670508213989854 ], [ 100.426290731717131, 6.672259721467128 ], [ 100.426375453562784, 6.672514985833051 ], [ 100.426400514200239, 6.672579635403302 ], [ 100.426420115070314, 6.672646119349093 ], [ 100.426508911725094, 6.672900326620999 ], [ 100.426729636840733, 6.673556449609891 ], [ 100.427001304849213, 6.674364252469124 ], [ 100.427036570084695, 6.674467027921535 ], [ 100.427355065159134, 6.675377061897281 ], [ 100.427963253716925, 6.677202606934113 ], [ 100.428247123599405, 6.678340944552525 ], [ 100.428271819780406, 6.678437657327182 ], [ 100.428331481843387, 6.67866593595351 ], [ 100.428362788170602, 6.678809325528563 ], [ 100.428389476180499, 6.678927672712477 ], [ 100.428538272109435, 6.679567095258969 ], [ 100.428701732439919, 6.680337652398415 ], [ 100.428709901713063, 6.680368557806961 ], [ 100.428715208851671, 6.680400072779532 ], [ 100.429056308851671, 6.681952866742613 ], [ 100.430119370609447, 6.68677385469791 ], [ 100.430324246870185, 6.687728412543433 ], [ 100.430366681742981, 6.687916170945585 ], [ 100.430776738432996, 6.689643149721046 ], [ 100.431937123282722, 6.695127933219685 ], [ 100.431992536417894, 6.695372699428853 ], [ 100.432407683790416, 6.69709306758817 ], [ 100.432835126720718, 6.698907555281168 ], [ 100.433164936735551, 6.700352275357805 ], [ 100.433601009528459, 6.702313360506344 ], [ 100.433648988086901, 6.7024879486722 ], [ 100.433686763687405, 6.702664991132746 ], [ 100.433734790142239, 6.702845813385933 ], [ 100.433848416568807, 6.703273734307935 ], [ 100.433854972729236, 6.703294278098558 ], [ 100.433859572207865, 6.703315339388257 ], [ 100.433956065435055, 6.70367175112007 ], [ 100.434065994365426, 6.704151727758069 ], [ 100.434066009897521, 6.704151782906471 ], [ 100.434066019912876, 6.704151839301133 ], [ 100.434538267219622, 6.706213659111147 ], [ 100.435172438956769, 6.70901297055256 ], [ 100.435182987985868, 6.709050767579861 ], [ 100.435190097417191, 6.709089348975134 ], [ 100.435423868658731, 6.710080504323527 ], [ 100.435645202426628, 6.711064354772278 ], [ 100.435662634945942, 6.711127179513065 ], [ 100.435674725733023, 6.711191230264993 ], [ 100.435769125733017, 6.711583828594366 ], [ 100.435779656889878, 6.71162714722899 ], [ 100.436340556889903, 6.713909337312562 ], [ 100.436365305835068, 6.714007610256206 ], [ 100.436423105835061, 6.714231709237037 ], [ 100.436423553361806, 6.714233146818261 ], [ 100.436423857353034, 6.714234620939881 ], [ 100.43644685629576, 6.714323666328839 ], [ 100.43658257935958, 6.714889191163762 ], [ 100.436687948596472, 6.715332679311615 ], [ 100.436725613282007, 6.715485188440616 ], [ 100.436860184763901, 6.716010074833078 ], [ 100.436983615527737, 6.716491559070234 ], [ 100.437246954635697, 6.717583436656294 ], [ 100.437261168771713, 6.717641512913012 ], [ 100.437379612752139, 6.718118485227711 ], [ 100.437558756734433, 6.718840056425647 ], [ 100.437558841768592, 6.718840338568676 ], [ 100.43755889856638, 6.718840627626862 ], [ 100.437588798566367, 6.718961027098082 ], [ 100.437603408948448, 6.719019022776892 ], [ 100.437694406347788, 6.719375163141079 ], [ 100.437943035637971, 6.720395369771378 ], [ 100.437955581713496, 6.720446197836443 ], [ 100.438690123735725, 6.723384748951744 ], [ 100.438788878569156, 6.723791959626688 ], [ 100.438802590342064, 6.723847711066955 ], [ 100.439061744671392, 6.724886906911529 ], [ 100.439129375863345, 6.72521152222386 ], [ 100.439137713404094, 6.72525108863513 ], [ 100.439340013404106, 6.72620038502645 ], [ 100.439859155440288, 6.728635542147364 ], [ 100.439891009558693, 6.728779112681316 ], [ 100.440737867602053, 6.732451724816266 ], [ 100.440745359285359, 6.73251335813594 ], [ 100.440958259285381, 6.733750854305266 ], [ 100.440985973264389, 6.733903896832053 ], [ 100.441145679946615, 6.734743746745266 ], [ 100.441366490229598, 6.736216684227957 ], [ 100.441748319761643, 6.738944227921282 ], [ 100.441751861495717, 6.738962794153106 ], [ 100.441753633891835, 6.73898160845508 ], [ 100.441911133891836, 6.74007280560653 ], [ 100.441911140271742, 6.740072838293785 ], [ 100.441911143394961, 6.740072871444649 ], [ 100.442090854186091, 6.741317881108867 ], [ 100.442104843596383, 6.741504850979287 ], [ 100.442106731003889, 6.74151998098331 ], [ 100.442107168391644, 6.741535220456545 ], [ 100.442147568391647, 6.742051319720348 ], [ 100.442162148841049, 6.742217466865114 ], [ 100.442218941072397, 6.742801458006171 ], [ 100.442279109984597, 6.743513230554664 ], [ 100.442333151041197, 6.744488989949317 ], [ 100.442433854017551, 6.74652595257243 ], [ 100.442438472950528, 6.746572539545194 ], [ 100.442438965713819, 6.746619349226266 ], [ 100.442596138776935, 6.749237706758314 ], [ 100.442611698632533, 6.749518622423786 ], [ 100.442630390926524, 6.749856282879488 ], [ 100.442711253443662, 6.750656526563654 ], [ 100.442822853443644, 6.751414924542672 ], [ 100.443023838938515, 6.752393855126278 ], [ 100.443333789581061, 6.753344327023674 ], [ 100.443393289581067, 6.753497026007905 ], [ 100.443394413310358, 6.75349953637694 ], [ 100.4433952854653, 6.753502143505869 ], [ 100.443465785465293, 6.753682742302571 ], [ 100.443803124576291, 6.754440465516717 ], [ 100.444209793837729, 6.755163842402577 ], [ 100.444468193837736, 6.755577138383345 ], [ 100.444875361119813, 6.756173247642056 ], [ 100.44521996111979, 6.756636342567466 ], [ 100.4452287648609, 6.756647033342755 ], [ 100.445236506768211, 6.756658505840779 ], [ 100.445336929138207, 6.75679258997902 ], [ 100.445518597039552, 6.757036248198475 ], [ 100.44591560035505, 6.757578529924473 ], [ 100.445964608242647, 6.757644826895085 ], [ 100.447113508242637, 6.759184109989568 ], [ 100.447136829547716, 6.759215214008113 ], [ 100.447694982460348, 6.759956263393339 ], [ 100.450087100985314, 6.763185329420596 ], [ 100.450086060153595, 6.763257819731765 ], [ 100.450082917261426, 6.763484220971067 ], [ 100.44963517716171, 6.764415233202445 ], [ 100.449396939150958, 6.764845208262787 ], [ 100.449324493768245, 6.764992658041382 ], [ 100.449243072740842, 6.765135414960779 ], [ 100.447890372740829, 6.767804637132922 ], [ 100.44788546018458, 6.767814345552059 ], [ 100.447633248268062, 6.768313535582258 ], [ 100.446368345182336, 6.770807846625176 ], [ 100.446337529401887, 6.770869199071594 ], [ 100.44542812940189, 6.772697314044307 ], [ 100.445243346053374, 6.773092831550629 ], [ 100.445222793161022, 6.773139797445282 ], [ 100.444923236463254, 6.773797562581865 ], [ 100.444729521723744, 6.774256618643014 ], [ 100.444547821723759, 6.774723321756257 ], [ 100.444249711675297, 6.775630599228892 ], [ 100.444050915347447, 6.776564307891485 ], [ 100.443986815347444, 6.776972109055138 ], [ 100.443879861898751, 6.77825230715021 ], [ 100.443866361898756, 6.77950450739829 ], [ 100.443869384928789, 6.779582679639114 ], [ 100.443866056095189, 6.77966083961551 ], [ 100.443870956095196, 6.780374239525448 ], [ 100.443870965992588, 6.780374415135029 ], [ 100.443870958515319, 6.780374590862804 ], [ 100.443879958515325, 6.781677390697363 ], [ 100.443880304881844, 6.781715599145797 ], [ 100.443893972947592, 6.782933542420029 ], [ 100.443907172222978, 6.784474185402434 ], [ 100.443913611963865, 6.78474441733468 ], [ 100.443964611963878, 6.786048616397284 ], [ 100.443964668164483, 6.786049249663407 ], [ 100.443964661676787, 6.786049885351003 ], [ 100.443978650001796, 6.786406292937592 ], [ 100.443987924019524, 6.787300010488719 ], [ 100.443989347229973, 6.787323777881704 ], [ 100.443988545311058, 6.787347573933064 ], [ 100.443998313218046, 6.787967835857279 ], [ 100.444004625043533, 6.788476063963357 ], [ 100.44400429905798, 6.788531725997147 ], [ 100.444008855636639, 6.78863622334069 ], [ 100.444005541624051, 6.788740766791758 ], [ 100.444028441624042, 6.790031166370349 ], [ 100.444028819975316, 6.79005120790385 ], [ 100.444048219975301, 6.791020707546807 ], [ 100.444051707815078, 6.791070854630596 ], [ 100.444050798684728, 6.791121113057211 ], [ 100.44406359868475, 6.791529312821676 ], [ 100.444064180146512, 6.791547274327526 ], [ 100.444113159220535, 6.793014230583501 ], [ 100.444075851060148, 6.79461525327012 ], [ 100.444073486541043, 6.794848013012315 ], [ 100.444078186541049, 6.796424112925733 ], [ 100.444080216475527, 6.796462804731683 ], [ 100.444078755656051, 6.796501521839564 ], [ 100.444122755656053, 6.800255021028743 ], [ 100.444123919686305, 6.800328389672674 ], [ 100.444128272029317, 6.800545907826868 ], [ 100.444133525653456, 6.800815725935553 ], [ 100.444135905062595, 6.800911380160422 ], [ 100.444144105062591, 6.801182180009318 ], [ 100.444147854640491, 6.801229123866395 ], [ 100.444147452468073, 6.801276213440368 ], [ 100.444178852468085, 6.802043612861912 ], [ 100.444199998094277, 6.802392102177707 ], [ 100.444251098094284, 6.803027001238434 ], [ 100.444394855527477, 6.80405508628603 ], [ 100.444506755527485, 6.804614184261879 ], [ 100.444599186268434, 6.805025039820157 ], [ 100.444701586268408, 6.805434537987101 ], [ 100.444810014128009, 6.805829212041538 ], [ 100.444971014128029, 6.806366409195057 ], [ 100.444988513877064, 6.806424086209296 ], [ 100.445199413877063, 6.807110782487817 ], [ 100.445219299154871, 6.807174670170973 ], [ 100.445396369706316, 6.807736096194996 ], [ 100.44566335457155, 6.808598185401449 ], [ 100.445664019976093, 6.808600010024886 ], [ 100.445664502884952, 6.808601890414987 ], [ 100.446772030073191, 6.812172534548324 ], [ 100.4476147595919, 6.81489658265226 ], [ 100.447633177530051, 6.814955392728019 ], [ 100.448093577530088, 6.816407784616037 ], [ 100.448100559717318, 6.816429712057448 ], [ 100.448556278061616, 6.817854493039095 ], [ 100.448651282990056, 6.818208230315246 ], [ 100.448694182568502, 6.818341345623767 ], [ 100.448728030539229, 6.818477009076431 ], [ 100.448945943864189, 6.819197002634712 ], [ 100.450230400199374, 6.823490064525163 ], [ 100.450286281772819, 6.823669867761236 ], [ 100.451064613061163, 6.826083540969338 ], [ 100.451377444296526, 6.827053822174705 ], [ 100.451377550888409, 6.827054104288401 ], [ 100.451377629137369, 6.827054395412113 ], [ 100.451521329137336, 6.827499992879966 ], [ 100.451748989353931, 6.828124788366638 ], [ 100.452022860231054, 6.828731022594709 ], [ 100.452068686408708, 6.828823114136345 ], [ 100.452110949361511, 6.828917304665151 ], [ 100.452223061198325, 6.829157510920524 ], [ 100.453122761198316, 6.83101249591766 ], [ 100.453140643408261, 6.831045160583585 ], [ 100.453155501673024, 6.831079286600002 ], [ 100.45401589304717, 6.832816068333146 ], [ 100.455651806459628, 6.836184144433186 ], [ 100.456413395531285, 6.837767279818264 ], [ 100.456492222839657, 6.83793787598456 ], [ 100.456555936321834, 6.838072778586319 ], [ 100.456705636321828, 6.838382976084732 ], [ 100.456867522849976, 6.838718366079764 ], [ 100.457862979854482, 6.840788312823685 ], [ 100.458837762085722, 6.842886095491865 ], [ 100.459756305010004, 6.844864380224808 ], [ 100.459790519538345, 6.844937203950305 ], [ 100.460114619538359, 6.845618998513747 ], [ 100.460670916422828, 6.846788686999957 ], [ 100.461123623532558, 6.847759264770211 ], [ 100.46113529400327, 6.847781371221607 ], [ 100.46115874697692, 6.848124457161056 ], [ 100.461411369233687, 6.852073466516449 ], [ 100.461421168498276, 6.852264123018339 ], [ 100.461428835552212, 6.852929180399746 ], [ 100.461428863910328, 6.852929644958624 ], [ 100.461428846318313, 6.852930110042097 ], [ 100.461438420930122, 6.853753135695846 ], [ 100.461447142903225, 6.85495500380893 ], [ 100.461449211486681, 6.855294546968845 ], [ 100.461451913572148, 6.855343154915992 ], [ 100.461450338304729, 6.855391811705476 ], [ 100.461456342605885, 6.855743381139964 ], [ 100.461448170624564, 6.85625634815425 ], [ 100.461451086613422, 6.856343330722556 ], [ 100.461447108171839, 6.856430271759247 ], [ 100.461453981968731, 6.858281946273308 ], [ 100.461445526205409, 6.858467513628963 ], [ 100.461445653488383, 6.858500107209877 ], [ 100.461442801115183, 6.858532577770987 ], [ 100.461424801115186, 6.859003778105368 ], [ 100.461425893513891, 6.859100796792541 ], [ 100.461419521106905, 6.859197615023167 ], [ 100.461417135036442, 6.85934413471528 ], [ 100.461375413179312, 6.860856867340628 ], [ 100.461376155533415, 6.860890809341954 ], [ 100.461373802795933, 6.860924678887822 ], [ 100.461345919683879, 6.862324710387653 ], [ 100.461326144352952, 6.86325564190619 ], [ 100.461326188231808, 6.863257197361806 ], [ 100.461326078882593, 6.863258749635412 ], [ 100.461317078882573, 6.863689549802798 ], [ 100.461317351244247, 6.863699085942266 ], [ 100.461316701326197, 6.863708604067708 ], [ 100.46130770132622, 6.864188904235113 ], [ 100.461308307915772, 6.864208653101779 ], [ 100.461307049769772, 6.864228371623056 ], [ 100.461300657171108, 6.86467605341594 ], [ 100.461299364633263, 6.864765835109315 ], [ 100.46129919466496, 6.864778245656022 ], [ 100.461294694664943, 6.86512454573974 ], [ 100.461294710405227, 6.865124977405999 ], [ 100.461294683495495, 6.865125408527889 ], [ 100.461289287305732, 6.865543813192542 ], [ 100.461283491132377, 6.865990918121017 ], [ 100.46126457913968, 6.867461647324373 ], [ 100.461257578519508, 6.868006295693501 ], [ 100.461257301291141, 6.868030421685728 ], [ 100.461252801291124, 6.868474721769491 ], [ 100.461252801292787, 6.868474721811541 ], [ 100.461252801290271, 6.868474721853583 ], [ 100.461248358094309, 6.868913413487246 ], [ 100.461243922003405, 6.869302705191102 ], [ 100.461243792526005, 6.869314791554701 ], [ 100.461241804113612, 6.86951303630649 ], [ 100.461235308105373, 6.870144262857362 ], [ 100.461227416664059, 6.870518352772366 ], [ 100.461225858387223, 6.870619763281389 ], [ 100.46121726140457, 6.871511750374669 ], [ 100.46121686444333, 6.87155263739022 ], [ 100.461216447158804, 6.8716386 ], [ 100.461216447158804, 6.871878359176783 ], [ 100.461212625924247, 6.872376797338578 ], [ 100.461212245817947, 6.872423075287466 ], [ 100.46121207770048, 6.872447719305228 ], [ 100.461207408099909, 6.873307658454563 ], [ 100.461190566394222, 6.874029330300849 ], [ 100.461156075475657, 6.875501743258036 ], [ 100.46115683239266, 6.875530823946441 ], [ 100.461154905103783, 6.875559851344456 ], [ 100.461137305103776, 6.876603851672404 ], [ 100.461137342748799, 6.876605006507238 ], [ 100.461137266499307, 6.876606159464323 ], [ 100.461137123262546, 6.876614789482526 ], [ 100.461097034088539, 6.878609921217977 ], [ 100.461097385721629, 6.878621897532506 ], [ 100.461096585581345, 6.878633852570598 ], [ 100.461065194950351, 6.880439014378632 ], [ 100.461055804385296, 6.880975275758518 ], [ 100.461048385124258, 6.881403878258475 ], [ 100.461034696977435, 6.88218769976784 ], [ 100.461026488704661, 6.882659174370968 ], [ 100.461025309764835, 6.882759639512045 ], [ 100.461024015743945, 6.882973152979512 ], [ 100.461007533867459, 6.885596195675156 ], [ 100.461000164539769, 6.885894653559273 ], [ 100.460978984292367, 6.886746259750375 ], [ 100.460979484644028, 6.886766613242007 ], [ 100.460978066388179, 6.886786924047317 ], [ 100.460935566388173, 6.888883124840513 ], [ 100.460929960552406, 6.889160113007465 ], [ 100.460900285431407, 6.890625822841228 ], [ 100.460893335186213, 6.89077995486145 ], [ 100.460890430931784, 6.890850633917369 ], [ 100.460854130931779, 6.891829334594876 ], [ 100.460854757058456, 6.891879942993427 ], [ 100.460850959814834, 6.891930414613329 ], [ 100.460846759814828, 6.892094114691753 ], [ 100.460833804122501, 6.892605139305958 ], [ 100.460814151410233, 6.8932078855201 ], [ 100.460811682322969, 6.893280495021429 ], [ 100.460751602966553, 6.895040191501267 ], [ 100.460751605179553, 6.895040335978945 ], [ 100.46075159312214, 6.895040479976672 ], [ 100.460674093122151, 6.897312581424281 ], [ 100.460669262632251, 6.897539660134151 ], [ 100.460667963736213, 6.897693520314041 ], [ 100.460597729884327, 6.899850235209653 ], [ 100.460552224423481, 6.900964248426519 ], [ 100.460552228726854, 6.900964747663003 ], [ 100.460552183774723, 6.900965244919046 ], [ 100.460523615353154, 6.901666560528085 ], [ 100.460308754237829, 6.906779479925556 ], [ 100.460307200958866, 6.906818492579458 ], [ 100.460235921374291, 6.908713896133883 ], [ 100.46011411284293, 6.910944958388156 ], [ 100.460064766051815, 6.911848784748599 ], [ 100.460061519083638, 6.911908017381081 ], [ 100.460061512299646, 6.911909293402493 ], [ 100.460061379926188, 6.911910562656979 ], [ 100.459990879926167, 6.913203463975743 ], [ 100.459990824966283, 6.913214393455972 ], [ 100.459989717964845, 6.91322526768286 ], [ 100.459847017964847, 6.91596657035331 ], [ 100.459812080086621, 6.916638799232448 ], [ 100.459805358260439, 6.916794590262599 ], [ 100.459712586901901, 6.919497216369828 ], [ 100.459712483527468, 6.919498895172431 ], [ 100.459712458772657, 6.919500949035114 ], [ 100.459710396550349, 6.919561025761751 ], [ 100.459707205579633, 6.919592724678801 ], [ 100.459549405579651, 6.922691227634737 ], [ 100.459549327716076, 6.922745420419228 ], [ 100.45954455938454, 6.922799406125901 ], [ 100.459511523756973, 6.923653666050032 ], [ 100.459479785643083, 6.924214140764707 ], [ 100.459332566371401, 6.926781491804209 ], [ 100.459332249307238, 6.926821969493695 ], [ 100.459328305010956, 6.926862258585822 ], [ 100.459307105010936, 6.927302258983331 ], [ 100.459307235123546, 6.927402095658817 ], [ 100.459299748952759, 6.927501655423666 ], [ 100.459286756409682, 6.928008964503638 ], [ 100.459283063893295, 6.928152773116451 ], [ 100.459291657244947, 6.928831280256409 ], [ 100.459336657244947, 6.92971287941255 ], [ 100.45948105842244, 6.930915811218595 ], [ 100.459753358422446, 6.932347706193246 ], [ 100.459763007997879, 6.932387596970027 ], [ 100.459769048376273, 6.932428181166013 ], [ 100.460140448376279, 6.934287274322306 ], [ 100.460171837655153, 6.934437603548292 ], [ 100.460215541569923, 6.93463820513783 ], [ 100.460449794814693, 6.93582485991988 ], [ 100.460547774677053, 6.936321256089077 ], [ 100.460562757473312, 6.936395491977887 ], [ 100.460581157473314, 6.936484691639111 ], [ 100.460581458897352, 6.936485858289811 ], [ 100.460581643998523, 6.936487048601555 ], [ 100.460845951076408, 6.937766599895968 ], [ 100.460927949677767, 6.938192498915114 ], [ 100.460943272701527, 6.938255217511519 ], [ 100.460953259151566, 6.938318988321442 ], [ 100.461151359151557, 6.939272884673866 ], [ 100.461289493389984, 6.939937847240502 ], [ 100.461369830317608, 6.940334212578008 ], [ 100.461389918142274, 6.940413083914738 ], [ 100.461403596817973, 6.940493295759977 ], [ 100.461500396817982, 6.940929593982263 ], [ 100.461524712474272, 6.941036081752584 ], [ 100.461628545682899, 6.941478233948581 ], [ 100.461709931238516, 6.941900021855381 ], [ 100.46173340627692, 6.942017413891293 ], [ 100.46186930627691, 6.942673911387408 ], [ 100.461869374184957, 6.942674173465961 ], [ 100.461869415904346, 6.942674440887213 ], [ 100.46221321590437, 6.944334734551926 ], [ 100.462258630685511, 6.944554017810377 ], [ 100.462504190150511, 6.945832142575511 ], [ 100.462514175037455, 6.945883300613619 ], [ 100.462592675037456, 6.94627929916409 ], [ 100.462685735503001, 6.946695873904036 ], [ 100.462722581688098, 6.946843955084614 ], [ 100.462760385931887, 6.947022010850719 ], [ 100.462948067222442, 6.947906749054861 ], [ 100.463004869945593, 6.948182725217094 ], [ 100.463028983687963, 6.948296119630862 ], [ 100.463163791326423, 6.948910273200859 ], [ 100.463309519185117, 6.949588108832934 ], [ 100.463460147329428, 6.950362765005209 ], [ 100.463460481087878, 6.950364120253532 ], [ 100.463460679853071, 6.950365501387798 ], [ 100.463475579853068, 6.95044200111232 ], [ 100.463493925192793, 6.950533612866007 ], [ 100.463719152913427, 6.951628324592655 ], [ 100.463848643338309, 6.952331080222496 ], [ 100.463862346984371, 6.952389178202055 ], [ 100.463871043917692, 6.952448219580898 ], [ 100.464037743917686, 6.953289216499767 ], [ 100.46404657018077, 6.953324503777386 ], [ 100.464052164633188, 6.953360435848759 ], [ 100.464286099312574, 6.954491887925998 ], [ 100.464503963723928, 6.955598172337808 ], [ 100.464726106428841, 6.956726577189275 ], [ 100.464738893934381, 6.956777985528406 ], [ 100.464790349309624, 6.957073569434866 ], [ 100.464873107531659, 6.95744059100989 ], [ 100.464966413629824, 6.957860901833747 ], [ 100.464978293415157, 6.957904186733357 ], [ 100.464986289412906, 6.957948341491903 ], [ 100.464987981988912, 6.957955617132511 ], [ 100.465290135288953, 6.95954191606363 ], [ 100.465299593300941, 6.959580963484899 ], [ 100.465305510435073, 6.959620691850709 ], [ 100.465509618043171, 6.960641825845158 ], [ 100.465562125669649, 6.960904662479138 ], [ 100.465633986540283, 6.961264066485215 ], [ 100.465864414426576, 6.962416701497255 ], [ 100.466200184684396, 6.964096734120482 ], [ 100.466277571088213, 6.964492188696322 ], [ 100.46628785066693, 6.96453371494857 ], [ 100.46629438849547, 6.964575981136725 ], [ 100.466379188495466, 6.964988179568985 ], [ 100.466379201354854, 6.964988229449313 ], [ 100.466379209227398, 6.964988280340317 ], [ 100.466504709227394, 6.965598278019972 ], [ 100.466504762683485, 6.9655984853608 ], [ 100.466504795418288, 6.965598696902678 ], [ 100.466781795816118, 6.966944736204294 ], [ 100.466826432067222, 6.967178997093856 ], [ 100.466856991109523, 6.967305125920825 ], [ 100.466878704593995, 6.967433047960723 ], [ 100.467011527925081, 6.96803388923892 ], [ 100.467024152323646, 6.96809113246212 ], [ 100.467150040645194, 6.968592059929812 ], [ 100.467264003679517, 6.968995427019182 ], [ 100.467379430274633, 6.969404021872132 ], [ 100.466915714872982, 6.969420957541942 ], [ 100.466042165377729, 6.969538689063058 ], [ 100.465184447871522, 6.969740843755982 ], [ 100.464897447871522, 6.96982344526624 ], [ 100.464189054331541, 6.970059446588766 ], [ 100.463214657950957, 6.970429497590859 ], [ 100.462937137400715, 6.970522190506806 ], [ 100.462512080638106, 6.970664145232717 ], [ 100.462424684513095, 6.970693829976196 ], [ 100.462107268583836, 6.970803455414234 ], [ 100.460961711120319, 6.971182139246717 ], [ 100.460827757247444, 6.971227586955826 ], [ 100.459979557247451, 6.971522792260176 ], [ 100.459947801810827, 6.971533910719341 ], [ 100.45938110181082, 6.97173351430128 ], [ 100.458657156622408, 6.971988609416847 ], [ 100.458612128481292, 6.972002475607993 ], [ 100.458416007269037, 6.972065327032984 ], [ 100.457064707269026, 6.97251543515923 ], [ 100.456411681274531, 6.97273298105239 ], [ 100.455634237189713, 6.972991933873412 ], [ 100.454808389737181, 6.973266954738351 ], [ 100.454767948653256, 6.97328052848852 ], [ 100.454254448653245, 6.973454231620067 ], [ 100.454202953050739, 6.973471824298908 ], [ 100.451699991100242, 6.974335353790086 ], [ 100.450518924575263, 6.974735579784969 ], [ 100.449451624712296, 6.975085203910119 ], [ 100.449297656942491, 6.975137179072744 ], [ 100.448450756942506, 6.975431584366351 ], [ 100.448450571271707, 6.975431659252848 ], [ 100.448450379102709, 6.975431715723006 ], [ 100.448171379102703, 6.975528717467184 ], [ 100.448171290486684, 6.975528753213197 ], [ 100.448171198768065, 6.975528780167432 ], [ 100.447776598768058, 6.975665982634476 ], [ 100.447776509782869, 6.975666018531579 ], [ 100.447776417681951, 6.975666045600284 ], [ 100.447359065227886, 6.975811168988826 ], [ 100.447085065506499, 6.975896230375793 ], [ 100.446528436109872, 6.975945080738662 ], [ 100.446350422835081, 6.975969489878985 ], [ 100.446171280847437, 6.975983583381164 ], [ 100.445023892151909, 6.976130372872274 ], [ 100.444286492535923, 6.976199208069196 ], [ 100.444214260437079, 6.976209520741855 ], [ 100.444141420316299, 6.976213930429815 ], [ 100.442694720316311, 6.976372533433701 ], [ 100.442629783484222, 6.97638287515216 ], [ 100.441680906459581, 6.976483242891752 ], [ 100.441680087455055, 6.976483370125488 ], [ 100.441679259838878, 6.97648341721587 ], [ 100.441339034915359, 6.976519467560639 ], [ 100.440767376041393, 6.976579979672747 ], [ 100.439916691283557, 6.976669957650168 ], [ 100.437587740514459, 6.976915377973688 ], [ 100.437548587838052, 6.976919589972986 ], [ 100.437442191356169, 6.976931270250817 ], [ 100.436047978833273, 6.977083699189102 ], [ 100.435940376875777, 6.97709487564668 ], [ 100.434995903536503, 6.977193016292087 ], [ 100.434775952197683, 6.977216026644974 ], [ 100.434451068944838, 6.977249983730587 ], [ 100.434450729040364, 6.977250036103409 ], [ 100.434450385602361, 6.977250055180376 ], [ 100.432439785602369, 6.97746035916622 ], [ 100.432299269860877, 6.977475091478058 ], [ 100.432105848350261, 6.977497477721736 ], [ 100.431879470060906, 6.977526150183047 ], [ 100.431653791793366, 6.977554722650838 ], [ 100.431167160896578, 6.977616417768533 ], [ 100.43094664305211, 6.977655372647013 ], [ 100.430724487076006, 6.977683710364349 ], [ 100.430666707630607, 6.977693962805457 ], [ 100.4298350363986, 6.977818785596338 ], [ 100.428024090103918, 6.978015716777733 ], [ 100.427393161400019, 6.978079646778863 ], [ 100.4270389086752, 6.978115522417704 ], [ 100.427017376913, 6.97811772898852 ], [ 100.426887176912999, 6.978131229244439 ], [ 100.426792880881209, 6.978141506542014 ], [ 100.42656077879397, 6.978168035108687 ], [ 100.425686236360505, 6.978251861869381 ], [ 100.425664453961602, 6.978253976345891 ], [ 100.424119053961604, 6.978405879227124 ], [ 100.423960261416184, 6.978422903723696 ], [ 100.423526685264747, 6.97847326271154 ], [ 100.422710081741627, 6.978513384768289 ], [ 100.422687324732124, 6.97851561801358 ], [ 100.422664457112788, 6.978515741892252 ], [ 100.422248732849837, 6.978558658959238 ], [ 100.421832794068052, 6.978599476853102 ], [ 100.42181036716984, 6.978603913396274 ], [ 100.421787621897209, 6.978606261491717 ], [ 100.421484513881722, 6.978652569709106 ], [ 100.421202015892362, 6.978682445887007 ], [ 100.420840636409991, 6.978716198416592 ], [ 100.419932300964163, 6.978847796025456 ], [ 100.419730400964156, 6.978887596769591 ], [ 100.418955317812447, 6.979076262893369 ], [ 100.418715217812448, 6.979146064170284 ], [ 100.417899384333893, 6.97942614116851 ], [ 100.417685884333878, 6.979511042670872 ], [ 100.417511588647756, 6.979582470210168 ], [ 100.417283888647745, 6.97967857189608 ], [ 100.416407169383262, 6.980105864261647 ], [ 100.416207269383236, 6.980217066110957 ], [ 100.415753366829122, 6.980487308968498 ], [ 100.415535866829131, 6.980625611188672 ], [ 100.414897342974029, 6.98107162912722 ], [ 100.414718542974043, 6.981208431192954 ], [ 100.414437909385413, 6.981432185632203 ], [ 100.414293309385414, 6.981552287388362 ], [ 100.414091864846128, 6.981737020028584 ], [ 100.413883653030169, 6.981914205879298 ], [ 100.413768291177718, 6.982033749776296 ], [ 100.413645795037681, 6.98214608349314 ], [ 100.41346356273759, 6.982349524944081 ], [ 100.413273850513221, 6.982546114329202 ], [ 100.413076850513235, 6.982771417145117 ], [ 100.412739190935895, 6.983181591091141 ], [ 100.412598390935884, 6.983363393204019 ], [ 100.41233655294549, 6.983719353472085 ], [ 100.412209152945493, 6.98390185545427 ], [ 100.411793609637698, 6.984556007641133 ], [ 100.411664409637709, 6.984780409764608 ], [ 100.41137742644834, 6.985321064700043 ], [ 100.411270526448334, 6.985540366521779 ], [ 100.411043481316327, 6.986045537805967 ], [ 100.410960781316319, 6.986246039254962 ], [ 100.410752188038273, 6.986817372176057 ], [ 100.410344974244467, 6.987379406391413 ], [ 100.409902900155686, 6.988136451445614 ], [ 100.409537713460708, 6.988932858781403 ], [ 100.409252931107105, 6.989760958379604 ], [ 100.409051295704558, 6.990612775041424 ], [ 100.408934749112248, 6.991480105199646 ], [ 100.408904413737588, 6.992354595927583 ], [ 100.408950268420057, 6.993067487147726 ], [ 100.408924102199848, 6.993158975898175 ], [ 100.408900959325962, 6.993241396974628 ], [ 100.408785460822799, 6.993660498703126 ], [ 100.40868594843171, 6.994003443222647 ], [ 100.40855437754557, 6.994382156285702 ], [ 100.408485541144202, 6.994617126529906 ], [ 100.408406523839815, 6.994848919539842 ], [ 100.407874723839839, 6.996704229236361 ], [ 100.407855386863289, 6.996786910707137 ], [ 100.407829523966242, 6.996867815771684 ], [ 100.407632887947273, 6.99760697168533 ], [ 100.407530548350366, 6.997990495422513 ], [ 100.407422247873413, 6.998371112467017 ], [ 100.407118567439156, 6.999362941232212 ], [ 100.406937621292329, 6.999929524075122 ], [ 100.406799531845564, 7.000361626831061 ], [ 100.406743399514724, 7.000527898596393 ], [ 100.406743017007074, 7.000529248151331 ], [ 100.406742503481553, 7.000530554154998 ], [ 100.406518303481562, 7.001195358188339 ], [ 100.406330524743765, 7.001829301623276 ], [ 100.406072724743765, 7.002836106364073 ], [ 100.406062263145685, 7.002887385043068 ], [ 100.406047379828252, 7.0029375756803 ], [ 100.405998389240906, 7.003138753669123 ], [ 100.405912902764996, 7.003437334216621 ], [ 100.405638630736874, 7.004483025259618 ], [ 100.405560160764736, 7.004768372034168 ], [ 100.40547310315614, 7.005085338043181 ], [ 100.405286690809305, 7.005763395150571 ], [ 100.405283670136441, 7.005774410313829 ], [ 100.404933870136432, 7.007053216722802 ], [ 100.404781713303578, 7.007609924363515 ], [ 100.4045539694566, 7.008442836201143 ], [ 100.404447972409514, 7.008807192458891 ], [ 100.403880224804439, 7.010757879217082 ], [ 100.40385962753804, 7.010829776848025 ], [ 100.403668427538022, 7.011507980346041 ], [ 100.403617294820947, 7.011689516636521 ], [ 100.403536532427268, 7.011976123485095 ], [ 100.403473970746475, 7.012047073685929 ], [ 100.403417711614196, 7.012117577042208 ], [ 100.403356087423418, 7.012183514107656 ], [ 100.403286587423437, 7.012265615118943 ], [ 100.402378746292996, 7.013339164356158 ], [ 100.401778533635394, 7.013984574735277 ], [ 100.400692272545427, 7.015152655600756 ], [ 100.400507148583728, 7.01535800108361 ], [ 100.400390228217844, 7.015491797203949 ], [ 100.399979807857619, 7.015961397558816 ], [ 100.399535286213421, 7.016470071983242 ], [ 100.399535194175627, 7.016470188384486 ], [ 100.399535091089263, 7.016470295274825 ], [ 100.398784300652451, 7.017329495117508 ], [ 100.398170863379264, 7.018031503275175 ], [ 100.397702917439517, 7.018566919310859 ], [ 100.397702697151217, 7.018567197878481 ], [ 100.397702450433485, 7.018567453693977 ], [ 100.396778992066572, 7.019624227114375 ], [ 100.392126613524567, 7.024862952221472 ], [ 100.391995195842924, 7.025009169468572 ], [ 100.391927433709768, 7.025085433642319 ], [ 100.390033453541577, 7.027241707241584 ], [ 100.386366925527838, 7.03134382598436 ], [ 100.386285015546477, 7.031436754919631 ], [ 100.384626850987956, 7.033344476435644 ], [ 100.381118549876973, 7.037286525657129 ], [ 100.381112253899474, 7.037294341701649 ], [ 100.381105232524732, 7.037301523287669 ], [ 100.379005832524712, 7.039671153361322 ], [ 100.375078538088559, 7.044103951888001 ], [ 100.374663759698095, 7.044571982101157 ], [ 100.37138289912707, 7.048274423181284 ], [ 100.371080642181028, 7.048615508200275 ], [ 100.368519753628405, 7.051472367420962 ], [ 100.368519534349289, 7.051472637656159 ], [ 100.368519289455762, 7.05147288527857 ], [ 100.368218589455736, 7.051808389572171 ], [ 100.368207365869822, 7.051822223485012 ], [ 100.368194880964666, 7.05183494841573 ], [ 100.367115702025671, 7.053048727722715 ], [ 100.365785323123106, 7.05454491060266 ], [ 100.364986587900688, 7.055443473984412 ], [ 100.36498645103444, 7.055443644103022 ], [ 100.364986298033173, 7.055443800096159 ], [ 100.364502680036622, 7.055987914770714 ], [ 100.362292561884743, 7.058474354387845 ], [ 100.361146251283543, 7.059764039899581 ], [ 100.360911086993227, 7.060012855691254 ], [ 100.360871670428594, 7.060058893402092 ], [ 100.360828473515497, 7.060101459593834 ], [ 100.360585273515497, 7.060365863030438 ], [ 100.360534710635292, 7.060426566317654 ], [ 100.36047939171057, 7.060483036821989 ], [ 100.35950863618433, 7.061576588013167 ], [ 100.358612980739252, 7.062585438051959 ], [ 100.357168178788783, 7.06421299892719 ], [ 100.349689005327164, 7.072647808782639 ], [ 100.349656984018196, 7.07268411889807 ], [ 100.348183250364059, 7.074364389332995 ], [ 100.34725553979051, 7.075382228640287 ], [ 100.347151621758442, 7.075498257177955 ], [ 100.345666174542799, 7.077186184240251 ], [ 100.344773818216098, 7.078181357112737 ], [ 100.344739730798423, 7.078219591900784 ], [ 100.343877460314488, 7.079192371021218 ], [ 100.341279889788822, 7.082122775191797 ], [ 100.341279830386625, 7.082122849236328 ], [ 100.341279763958553, 7.082122917147611 ], [ 100.340394195952285, 7.083121993814971 ], [ 100.338262132560601, 7.085527276026199 ], [ 100.335873552905937, 7.088210410714176 ], [ 100.335794234301332, 7.08829956772645 ], [ 100.3357788440847, 7.088316912289317 ], [ 100.332412844084686, 7.092120260878963 ], [ 100.332412230923509, 7.092121026420954 ], [ 100.332411545255084, 7.092121728785407 ], [ 100.331690745255102, 7.092936539195782 ], [ 100.331690685546846, 7.092936613775954 ], [ 100.331690618761073, 7.092936682190761 ], [ 100.330916505732162, 7.093811795055597 ], [ 100.327705214822998, 7.097441835858336 ], [ 100.327430550884614, 7.097751044679799 ], [ 100.327375448959131, 7.097813663038363 ], [ 100.326609481581997, 7.098692351176457 ], [ 100.325985218574147, 7.099406840995972 ], [ 100.325610390177047, 7.099836445596718 ], [ 100.324722249229353, 7.100854261641818 ], [ 100.32401192882196, 7.101668244321878 ], [ 100.323058756298792, 7.102734458358496 ], [ 100.322874006535713, 7.102941069342994 ], [ 100.32285106487474, 7.102969413319186 ], [ 100.322825648148878, 7.102995595771708 ], [ 100.322175350106917, 7.103734889291355 ], [ 100.320997451737583, 7.105073890843456 ], [ 100.320968537319004, 7.105110213631136 ], [ 100.320936524604519, 7.105143880565405 ] ] ] } }
]
}
