{
"type": "FeatureCollection",
"name": "edges_highway4",
"crs": { "type": "name", "properties": { "name": "urn:ogc:def:crs:OGC:1.3:CRS84" } },
"features": [
{ "type": "Feature", "properties": { "u": 886019828, "v": 986101373, "key": 0, "osmid": "1051042846", "highway": "trunk", "ref": "4", "oneway": true, "reversed": "False", "length": 47.382782198763934, "bridge": null, "junction": null, "name": "ถนนกาญจนวณิชย์", "lanes": "3", "maxspeed": null, "tunnel": null }, "geometry": { "type": "LineString", "coordinates": [ [ 100.4792548, 6.9743463 ], [ 100.4794141, 6.974742 ] ] } },
{ "type": "Feature", "properties": { "u": 886021212, "v": 886019075, "key": 0, "osmid": "85647289", "highway": "trunk", "ref": "4", "oneway": true, "reversed": "False", "length": 105.65476725004638, "bridge": null, "junction": null, "name": null, "lanes": "2", "maxspeed": null, "tunnel": null }, "geometry": { "type": "LineString", "coordinates": [ [ 100.4761761, 6.9753746 ], [ 100.4755581, 6.9756856 ], [ 100.4753233, 6.9758062 ] ] } },
{ "type": "Feature", "properties": { "u": 986101373, "v": 993669701, "key": 0, "osmid": "1317497748", "highway": "trunk", "ref": "4", "oneway": true, "reversed": "False", "length": 14.358252860305839, "bridge": null, "junction": null, "name": null, "lanes": null, "maxspeed": null, "tunnel": null }, "geometry": { "type": "LineString", "coordinates": [ [ 100.4794141, 6.974742 ], [ 100.4794742, 6.974721 ], [ 100.4795368, 6.9746991 ] ] } },
{ "type": "Feature", "properties": { "u": 986290375, "v": 989950847, "key": 0, "osmid": "717378995", "highway": "trunk", "ref": "4", "oneway": true, "reversed": "False", "length": 62.397448535007662, "bridge": null, "junction": null, "name": "ถนนกาญจนวณิชย์", "lanes": null, "maxspeed": null, "tunnel": null }, "geometry": { "type": "LineString", "coordinates": [ [ 100.4793469, 6.9743122 ], [ 100.4791374, 6.973791 ] ] } },
{ "type": "Feature", "properties": { "u": 986290468, "v": 989950791, "key": 0, "osmid": "85387327", "highway": "trunk", "ref": "4", "oneway": true, "reversed": "False", "length": 96.764761801339773, "bridge": null, "junction": null, "name": null, "lanes": null, "maxspeed": null, "tunnel": null }, "geometry": { "type": "LineString", "coordinates": [ [ 100.4755142, 6.9759561 ], [ 100.4763724, 6.9757782 ] ] } },
{ "type": "Feature", "properties": { "u": 989949682, "v": 886019828, "key": 0, "osmid": "85647286", "highway": "trunk", "ref": "4", "oneway": true, "reversed": "False", "length": 63.689320088973552, "bridge": null, "junction": null, "name": "ถนนกาญจนวณิชย์", "lanes": "3", "maxspeed": null, "tunnel": null }, "geometry": { "type": "LineString", "coordinates": [ [ 100.4790006, 6.9738321 ], [ 100.4792548, 6.9743463 ] ] } },
{ "type": "Feature", "properties": { "u": 989950532, "v": 6632440518, "key": 0, "osmid": "85387327", "highway": "trunk", "ref": "4", "oneway": true, "reversed": "False", "length": 14.458805752338691, "bridge": null, "junction": null, "name": null, "lanes": null, "maxspeed": null, "tunnel": null }, "geometry": { "type": "LineString", "coordinates": [ [ 100.4789088, 6.9749317 ], [ 100.479032, 6.9748875 ] ] } },
{ "type": "Feature", "properties": { "u": 989950791, "v": 989950532, "key": 0, "osmid": "85387327", "highway": "trunk", "ref": "4", "oneway": true, "reversed": "False", "length": 295.34818565272843, "bridge": null, "junction": null, "name": null, "lanes": null, "maxspeed": null, "tunnel": null }, "geometry": { "type": "LineString", "coordinates": [ [ 100.4763724, 6.9757782 ], [ 100.477105, 6.9755337 ], [ 100.4773629, 6.9754476 ], [ 100.4789088, 6.9749317 ] ] } },
{ "type": "Feature", "properties": { "u": 989950847, "v": 2505175727, "key": 0, "osmid": "717378995", "highway": "trunk", "ref": "4", "oneway": true, "reversed": "False", "length": 545.35311888477554, "bridge": null, "junction": null, "name": "ถนนกาญจนวณิชย์", "lanes": null, "maxspeed": null, "tunnel": null }, "geometry": { "type": "LineString", "coordinates": [ [ 100.4791374, 6.973791 ], [ 100.4788486, 6.9731111 ], [ 100.4784789, 6.9722882 ], [ 100.4780341, 6.9713214 ], [ 100.4778581, 6.9709389 ], [ 100.477645, 6.9704931 ], [ 100.4771122, 6.9693178 ] ] } },
{ "type": "Feature", "properties": { "u": 989951991, "v": 886021212, "key": 0, "osmid": "85647289", "highway": "trunk", "ref": "4", "oneway": true, "reversed": "False", "length": 299.4649068111155, "bridge": null, "junction": null, "name": null, "lanes": "2", "maxspeed": null, "tunnel": null }, "geometry": { "type": "LineString", "coordinates": [ [ 100.478751, 6.9745257 ], [ 100.4778069, 6.9748324 ], [ 100.4768147, 6.9751623 ], [ 100.4765208, 6.97526 ], [ 100.4761761, 6.9753746 ] ] } },
{ "type": "Feature", "properties": { "u": 993669701, "v": 986290375, "key": 0, "osmid": "1317496694", "highway": "trunk", "ref": "4", "oneway": true, "reversed": "False", "length": 47.855488104031998, "bridge": null, "junction": null, "name": "ถนนกาญจนวณิชย์", "lanes": null, "maxspeed": null, "tunnel": null }, "geometry": { "type": "LineString", "coordinates": [ [ 100.4795368, 6.9746991 ], [ 100.4793469, 6.9743122 ] ] } },
{ "type": "Feature", "properties": { "u": 2505175695, "v": 1407219149, "key": 0, "osmid": [ 996180377, 717378994, 717378995, 1293450906 ], "highway": "trunk", "ref": "4", "oneway": true, "reversed": "False", "length": 2067.8365445138097, "bridge": "yes", "junction": null, "name": "ถนนกาญจนวณิชย์", "lanes": null, "maxspeed": null, "tunnel": null }, "geometry": { "type": "LineString", "coordinates": [ [ 100.4742524, 6.957859 ], [ 100.4739799, 6.9565065 ], [ 100.4738976, 6.9561139 ], [ 100.4738639, 6.9559357 ], [ 100.4738368, 6.9557961 ], [ 100.47348, 6.95383 ], [ 100.4732403, 6.9527127 ], [ 100.4731847, 6.952467 ], [ 100.4731192, 6.9521772 ], [ 100.4727834, 6.9505386 ], [ 100.4726142, 6.9497335 ], [ 100.4725243, 6.9493058 ], [ 100.472282, 6.9480851 ], [ 100.4722461, 6.9479011 ], [ 100.4721832, 6.9475735 ], [ 100.4720784, 6.9470096 ], [ 100.4719498, 6.9464182 ], [ 100.4717255, 6.9454058 ], [ 100.4716836, 6.9451521 ], [ 100.471717, 6.9449349 ], [ 100.4715832, 6.9443111 ], [ 100.4714757, 6.9438104 ], [ 100.4712548, 6.9427812 ], [ 100.4711964, 6.9424983 ], [ 100.471129, 6.9421719 ], [ 100.4710574, 6.9418253 ], [ 100.4710517, 6.9417969 ], [ 100.4708644, 6.9408649 ], [ 100.4708213, 6.9406034 ], [ 100.4706213, 6.9396302 ] ] } },
{ "type": "Feature", "properties": { "u": 2505175696, "v": 2505175728, "key": 0, "osmid": "996180375", "highway": "trunk", "ref": "4", "oneway": true, "reversed": "False", "length": 1320.0319413164923, "bridge": null, "junction": null, "name": "ถนนกาญจนวณิชย์", "lanes": "3", "maxspeed": null, "tunnel": null }, "geometry": { "type": "LineString", "coordinates": [ [ 100.4741169, 6.9578853 ], [ 100.4743211, 6.9589069 ], [ 100.4743737, 6.9591702 ], [ 100.4744453, 6.9595283 ], [ 100.4746758, 6.9606813 ], [ 100.4750151, 6.962379 ], [ 100.4750959, 6.9627919 ], [ 100.4751807, 6.9632041 ], [ 100.4753062, 6.9638141 ], [ 100.4755963, 6.9652238 ], [ 100.4756531, 6.9655219 ], [ 100.4757864, 6.9661249 ], [ 100.4757995, 6.9661843 ], [ 100.4759135, 6.9665878 ], [ 100.4760702, 6.9671425 ], [ 100.476137, 6.9673336 ], [ 100.4762795, 6.9677115 ], [ 100.4764428, 6.9681447 ], [ 100.476627, 6.9685828 ], [ 100.4766873, 6.9687263 ], [ 100.4769757, 6.9693783 ] ] } },
{ "type": "Feature", "properties": { "u": 2505175727, "v": 2505175695, "key": 0, "osmid": "717378995", "highway": "trunk", "ref": "4", "oneway": true, "reversed": "False", "length": 1317.6464193050354, "bridge": null, "junction": null, "name": "ถนนกาญจนวณิชย์", "lanes": null, "maxspeed": null, "tunnel": null }, "geometry": { "type": "LineString", "coordinates": [ [ 100.4771122, 6.9693178 ], [ 100.477051, 6.9692007 ], [ 100.4769027, 6.9689172 ], [ 100.4767538, 6.9685954 ], [ 100.4765745, 6.9681512 ], [ 100.4763839, 6.9676792 ], [ 100.47631, 6.96747 ], [ 100.4760473, 6.966647 ], [ 100.476, 6.96648 ], [ 100.4759127, 6.9661443 ], [ 100.4758036, 6.9656929 ], [ 100.4757761, 6.9655627 ], [ 100.47571, 6.96525 ], [ 100.4755828, 6.9645726 ], [ 100.4754363, 6.9638123 ], [ 100.4754325, 6.9637927 ], [ 100.4753878, 6.9635343 ], [ 100.47528, 6.96296 ], [ 100.4751846, 6.9624952 ], [ 100.4751143, 6.9621527 ], [ 100.4748907, 6.9611077 ], [ 100.4747929, 6.9605777 ], [ 100.4746925, 6.9600801 ], [ 100.4746112, 6.9596773 ], [ 100.4744002, 6.9583905 ], [ 100.474288, 6.9580617 ], [ 100.4742524, 6.957859 ] ] } },
{ "type": "Feature", "properties": { "u": 2505175728, "v": 989949682, "key": 0, "osmid": "996180375", "highway": "trunk", "ref": "4", "oneway": true, "reversed": "False", "length": 543.40339396205366, "bridge": null, "junction": null, "name": "ถนนกาญจนวณิชย์", "lanes": "3", "maxspeed": null, "tunnel": null }, "geometry": { "type": "LineString", "coordinates": [ [ 100.4769757, 6.9693783 ], [ 100.4772093, 6.9698754 ], [ 100.4774306, 6.9703464 ], [ 100.4776671, 6.9708609 ], [ 100.4779777, 6.9715364 ], [ 100.4781701, 6.9719696 ], [ 100.4783687, 6.9723952 ], [ 100.4786783, 6.9730586 ], [ 100.4788253, 6.9734192 ], [ 100.4790006, 6.9738321 ] ] } },
{ "type": "Feature", "properties": { "u": 6632440518, "v": 986101373, "key": 0, "osmid": "85387327", "highway": "trunk", "ref": "4", "oneway": true, "reversed": "False", "length": 45.175833154286344, "bridge": null, "junction": null, "name": null, "lanes": null, "maxspeed": null, "tunnel": null }, "geometry": { "type": "LineString", "coordinates": [ [ 100.479032, 6.9748875 ], [ 100.4791843, 6.9748329 ], [ 100.4794141, 6.974742 ] ] } },
{ "type": "Feature", "properties": { "u": 986110214, "v": 1686080479, "key": 0, "osmid": "300830550", "highway": "trunk", "ref": "4", "oneway": true, "reversed": "False", "length": 317.19544048870387, "bridge": null, "junction": null, "name": "ถนนกาญจนวณิชย์", "lanes": "3", "maxspeed": null, "tunnel": null }, "geometry": { "type": "LineString", "coordinates": [ [ 100.419064, 6.6096409 ], [ 100.4191645, 6.6102631 ], [ 100.4195001, 6.6124604 ] ] } },
{ "type": "Feature", "properties": { "u": 986110601, "v": 1686080301, "key": 0, "osmid": "300830550", "highway": "trunk", "ref": "4", "oneway": true, "reversed": "False", "length": 1424.8974215202477, "bridge": null, "junction": null, "name": "ถนนกาญจนวณิชย์", "lanes": "3", "maxspeed": null, "tunnel": null }, "geometry": { "type": "LineString", "coordinates": [ [ 100.4144857, 6.5909524 ], [ 100.4154699, 6.594696 ], [ 100.4157116, 6.59558 ], [ 100.4163321, 6.5979206 ], [ 100.4170424, 6.6006001 ], [ 100.4174133, 6.6019993 ], [ 100.4177699, 6.6033445 ] ] } },
{ "type": "Feature", "properties": { "u": 986128280, "v": 1686080295, "key": 0, "osmid": "759439236", "highway": "trunk", "ref": "4", "oneway": true, "reversed": "False", "length": 716.88732520568624, "bridge": null, "junction": null, "name": "ถนนกาญจนวณิชย์", "lanes": "2", "maxspeed": null, "tunnel": null }, "geometry": { "type": "LineString", "coordinates": [ [ 100.4191733, 6.6096249 ], [ 100.4187233, 6.606755 ], [ 100.4183833, 6.6051333 ], [ 100.4178989, 6.6033096 ] ] } },
{ "type": "Feature", "properties": { "u": 986128442, "v": 3284312984, "key": 0, "osmid": "321674082", "highway": "trunk", "ref": "4", "oneway": true, "reversed": "False", "length": 1364.4045009747269, "bridge": null, "junction": null, "name": "ถนนกาญจนวณิชย์", "lanes": null, "maxspeed": null, "tunnel": null }, "geometry": { "type": "LineString", "coordinates": [ [ 100.4501116, 6.73324 ], [ 100.4497752, 6.7314238 ], [ 100.4496541, 6.7307237 ], [ 100.4495944, 6.7303727 ], [ 100.4485635, 6.7257331 ], [ 100.4481876, 6.7240175 ], [ 100.4480402, 6.7234328 ], [ 100.4475133, 6.7212469 ] ] } },
{ "type": "Feature", "properties": { "u": 986128784, "v": 986128442, "key": 0, "osmid": "321674082", "highway": "trunk", "ref": "4", "oneway": true, "reversed": "False", "length": 981.47425598624, "bridge": null, "junction": null, "name": "ถนนกาญจนวณิชย์", "lanes": null, "maxspeed": null, "tunnel": null }, "geometry": { "type": "LineString", "coordinates": [ [ 100.4512983, 6.741985 ], [ 100.4512447, 6.7413537 ], [ 100.4511983, 6.7408066 ], [ 100.4510363, 6.7395513 ], [ 100.4509183, 6.7385868 ], [ 100.4506016, 6.7363983 ], [ 100.450368, 6.7347471 ], [ 100.4501116, 6.73324 ] ] } },
{ "type": "Feature", "properties": { "u": 1195145222, "v": 9694844087, "key": 0, "osmid": "321674082", "highway": "trunk", "ref": "4", "oneway": true, "reversed": "False", "length": 858.27284549093167, "bridge": null, "junction": null, "name": "ถนนกาญจนวณิชย์", "lanes": null, "maxspeed": null, "tunnel": null }, "geometry": { "type": "LineString", "coordinates": [ [ 100.444299, 6.7080584 ], [ 100.4439814, 6.706727 ], [ 100.44351, 6.7046666 ], [ 100.4434419, 6.7043776 ], [ 100.4430377, 6.7025327 ], [ 100.4426078, 6.7007524 ], [ 100.4425546, 6.700537 ] ] } },
{ "type": "Feature", "properties": { "u": 1195145694, "v": 1681898170, "key": 0, "osmid": "759439231", "highway": "trunk", "ref": "4", "oneway": true, "reversed": "False", "length": 57.586749302614678, "bridge": null, "junction": null, "name": "ถนนกาญจนวณิชย์", "lanes": null, "maxspeed": null, "tunnel": null }, "geometry": { "type": "LineString", "coordinates": [ [ 100.4238699, 6.6370515 ], [ 100.4237017, 6.6365613 ] ] } },
{ "type": "Feature", "properties": { "u": 1195146829, "v": 3284313180, "key": 0, "osmid": "759439232", "highway": "trunk", "ref": "4", "oneway": true, "reversed": "False", "length": 467.73256778853232, "bridge": null, "junction": null, "name": "ถนนกาญจนวณิชย์", "lanes": "3", "maxspeed": null, "tunnel": null }, "geometry": { "type": "LineString", "coordinates": [ [ 100.4441808, 6.7080904 ], [ 100.4444122, 6.709119 ], [ 100.4445066, 6.7095116 ], [ 100.4450675, 6.7117938 ], [ 100.4451253, 6.7120179 ], [ 100.4451674, 6.7121809 ] ] } },
{ "type": "Feature", "properties": { "u": 1681898164, "v": 1681898172, "key": 0, "osmid": "759439235", "highway": "trunk", "ref": "4", "oneway": true, "reversed": "False", "length": 11.542208572910384, "bridge": null, "junction": null, "name": "ถนนกาญจนวณิชย์", "lanes": "3", "maxspeed": null, "tunnel": null }, "geometry": { "type": "LineString", "coordinates": [ [ 100.4235756, 6.6364657 ], [ 100.4236109, 6.6365634 ] ] } },
{ "type": "Feature", "properties": { "u": 1681898170, "v": 4911685982, "key": 0, "osmid": "759439231", "highway": "trunk", "ref": "4", "oneway": true, "reversed": "False", "length": 11.341225076529545, "bridge": null, "junction": null, "name": "ถนนกาญจนวณิชย์", "lanes": null, "maxspeed": null, "tunnel": null }, "geometry": { "type": "LineString", "coordinates": [ [ 100.4237017, 6.6365613 ], [ 100.4236673, 6.6364652 ] ] } },
{ "type": "Feature", "properties": { "u": 1681898172, "v": 1684985958, "key": 0, "osmid": "759439235", "highway": "trunk", "ref": "4", "oneway": true, "reversed": "False", "length": 701.04259521411836, "bridge": null, "junction": null, "name": "ถนนกาญจนวณิชย์", "lanes": "3", "maxspeed": null, "tunnel": null }, "geometry": { "type": "LineString", "coordinates": [ [ 100.4236109, 6.6365634 ], [ 100.4237729, 6.637045 ], [ 100.4239879, 6.6377034 ], [ 100.4242893, 6.63858 ], [ 100.4244863, 6.6391655 ], [ 100.4247193, 6.6398582 ], [ 100.4248687, 6.640302 ], [ 100.4249633, 6.6405833 ], [ 100.4251317, 6.6410729 ], [ 100.4256358, 6.6425385 ] ] } },
{ "type": "Feature", "properties": { "u": 1684985311, "v": 8219697416, "key": 0, "osmid": "759439236", "highway": "trunk", "ref": "4", "oneway": true, "reversed": "False", "length": 7.6606809215114673, "bridge": null, "junction": null, "name": "ถนนกาญจนวณิชย์", "lanes": "2", "maxspeed": null, "tunnel": null }, "geometry": { "type": "LineString", "coordinates": [ [ 100.4219006, 6.6269392 ], [ 100.4218901, 6.6268711 ] ] } },
{ "type": "Feature", "properties": { "u": 1684985312, "v": 1681898164, "key": 0, "osmid": "759439235", "highway": "trunk", "ref": "4", "oneway": true, "reversed": "False", "length": 1076.7272241110913, "bridge": null, "junction": null, "name": "ถนนกาญจนวณิชย์", "lanes": "3", "maxspeed": null, "tunnel": null }, "geometry": { "type": "LineString", "coordinates": [ [ 100.4218196, 6.6269522 ], [ 100.4218718, 6.6272688 ], [ 100.4219549, 6.6278076 ], [ 100.4221335, 6.6288238 ], [ 100.42215, 6.6289216 ], [ 100.422257, 6.6296105 ], [ 100.4223125, 6.6299677 ], [ 100.4225376, 6.6314171 ], [ 100.4226108, 6.6318885 ], [ 100.4227337, 6.6326797 ], [ 100.4229216, 6.63389 ], [ 100.4230661, 6.6345696 ], [ 100.4231442, 6.6349568 ], [ 100.4232183, 6.635285 ], [ 100.4232634, 6.6354504 ], [ 100.423405, 6.63597 ], [ 100.4235066, 6.6362533 ], [ 100.4235756, 6.6364657 ] ] } },
{ "type": "Feature", "properties": { "u": 1684985956, "v": 1195145694, "key": 0, "osmid": "759439231", "highway": "trunk", "ref": "4", "oneway": true, "reversed": "False", "length": 640.5839765620924, "bridge": null, "junction": null, "name": "ถนนกาญจนวณิชย์", "lanes": null, "maxspeed": null, "tunnel": null }, "geometry": { "type": "LineString", "coordinates": [ [ 100.4257335, 6.6425069 ], [ 100.4256108, 6.642147 ], [ 100.4252345, 6.6410429 ], [ 100.4248193, 6.639825 ], [ 100.4245, 6.6388883 ], [ 100.4243858, 6.6385555 ], [ 100.4241454, 6.6378548 ], [ 100.4239404, 6.6372563 ], [ 100.4238699, 6.6370515 ] ] } },
{ "type": "Feature", "properties": { "u": 1684985958, "v": 1684986022, "key": 0, "osmid": "759439235", "highway": "trunk", "ref": "4", "oneway": true, "reversed": "False", "length": 143.65097017788383, "bridge": null, "junction": null, "name": "ถนนกาญจนวณิชย์", "lanes": "3", "maxspeed": null, "tunnel": null }, "geometry": { "type": "LineString", "coordinates": [ [ 100.4256358, 6.6425385 ], [ 100.4260563, 6.643761 ] ] } },
{ "type": "Feature", "properties": { "u": 1684986022, "v": 8219697421, "key": 0, "osmid": "759439232", "highway": "trunk", "ref": "4", "oneway": true, "reversed": "False", "length": 7.1512783376468665, "bridge": null, "junction": null, "name": "ถนนกาญจนวณิชย์", "lanes": "3", "maxspeed": null, "tunnel": null }, "geometry": { "type": "LineString", "coordinates": [ [ 100.4260563, 6.643761 ], [ 100.4260762, 6.6438222 ] ] } },
{ "type": "Feature", "properties": { "u": 1684986075, "v": 8219697422, "key": 0, "osmid": "321674082", "highway": "trunk", "ref": "4", "oneway": true, "reversed": "False", "length": 462.75140729740298, "bridge": null, "junction": null, "name": "ถนนกาญจนวณิชย์", "lanes": null, "maxspeed": null, "tunnel": null }, "geometry": { "type": "LineString", "coordinates": [ [ 100.4275204, 6.6477348 ], [ 100.427478, 6.6476165 ], [ 100.427285, 6.6470583 ], [ 100.4268029, 6.645644 ], [ 100.4267411, 6.6454628 ], [ 100.4265018, 6.6447608 ], [ 100.4262588, 6.6440672 ], [ 100.426172, 6.6437947 ] ] } },
{ "type": "Feature", "properties": { "u": 1684986077, "v": 3284313169, "key": 0, "osmid": "759439232", "highway": "trunk", "ref": "4", "oneway": true, "reversed": "False", "length": 1544.8788114682388, "bridge": null, "junction": null, "name": "ถนนกาญจนวณิชย์", "lanes": "3", "maxspeed": null, "tunnel": null }, "geometry": { "type": "LineString", "coordinates": [ [ 100.4274339, 6.6477613 ], [ 100.4278699, 6.6490443 ], [ 100.4279827, 6.6493615 ], [ 100.4282559, 6.6501617 ], [ 100.4284897, 6.6508355 ], [ 100.428685, 6.6514033 ], [ 100.4291579, 6.6528051 ], [ 100.4301333, 6.6556052 ], [ 100.4319499, 6.6609106 ] ] } },
{ "type": "Feature", "properties": { "u": 1686080295, "v": 2522407601, "key": 0, "osmid": "759439236", "highway": "trunk", "ref": "4", "oneway": true, "reversed": "False", "length": 1424.6979927139569, "bridge": null, "junction": null, "name": "ถนนกาญจนวณิชย์", "lanes": "2", "maxspeed": null, "tunnel": null }, "geometry": { "type": "LineString", "coordinates": [ [ 100.4178989, 6.6033096 ], [ 100.4173862, 6.6014144 ], [ 100.4164318, 6.5978321 ], [ 100.4146015, 6.5909228 ] ] } },
{ "type": "Feature", "properties": { "u": 1686080301, "v": 986110214, "key": 0, "osmid": "300830550", "highway": "trunk", "ref": "4", "oneway": true, "reversed": "False", "length": 715.29338919363056, "bridge": null, "junction": null, "name": "ถนนกาญจนวณิชย์", "lanes": "3", "maxspeed": null, "tunnel": null }, "geometry": { "type": "LineString", "coordinates": [ [ 100.4177699, 6.6033445 ], [ 100.4183316, 6.6054633 ], [ 100.4184949, 6.6062623 ], [ 100.4185165, 6.606368 ], [ 100.418695, 6.6072416 ], [ 100.4188094, 6.6079765 ], [ 100.419027, 6.6093737 ], [ 100.419064, 6.6096409 ] ] } },
{ "type": "Feature", "properties": { "u": 1686080477, "v": 986128280, "key": 0, "osmid": "759439236", "highway": "trunk", "ref": "4", "oneway": true, "reversed": "False", "length": 315.92377595263713, "bridge": null, "junction": null, "name": "ถนนกาญจนวณิชย์", "lanes": "2", "maxspeed": null, "tunnel": null }, "geometry": { "type": "LineString", "coordinates": [ [ 100.4196084, 6.612433 ], [ 100.4192341, 6.6100183 ], [ 100.4191733, 6.6096249 ] ] } },
{ "type": "Feature", "properties": { "u": 1686080479, "v": 1686080625, "key": 0, "osmid": "300830550", "highway": "trunk", "ref": "4", "oneway": true, "reversed": "False", "length": 763.40467609611994, "bridge": null, "junction": null, "name": "ถนนกาญจนวณิชย์", "lanes": "3", "maxspeed": null, "tunnel": null }, "geometry": { "type": "LineString", "coordinates": [ [ 100.4195001, 6.6124604 ], [ 100.419702, 6.6138009 ], [ 100.4197769, 6.614272 ], [ 100.4198136, 6.6145319 ], [ 100.4203716, 6.618165 ], [ 100.4203986, 6.6183076 ], [ 100.4204111, 6.6183741 ], [ 100.4205751, 6.6192417 ] ] } },
{ "type": "Feature", "properties": { "u": 1686080623, "v": 1686080477, "key": 0, "osmid": "759439236", "highway": "trunk", "ref": "4", "oneway": true, "reversed": "False", "length": 764.7511743718544, "bridge": null, "junction": null, "name": "ถนนกาญจนวณิชย์", "lanes": "2", "maxspeed": null, "tunnel": null }, "geometry": { "type": "LineString", "coordinates": [ [ 100.4206668, 6.6192296 ], [ 100.4205951, 6.6188274 ], [ 100.420528, 6.6183626 ], [ 100.4205166, 6.6182916 ], [ 100.4198609, 6.6140615 ], [ 100.4196084, 6.612433 ] ] } },
{ "type": "Feature", "properties": { "u": 1686080625, "v": 8219697415, "key": 0, "osmid": "300830550", "highway": "trunk", "ref": "4", "oneway": true, "reversed": "False", "length": 860.70173720722937, "bridge": null, "junction": null, "name": "ถนนกาญจนวณิชย์", "lanes": "3", "maxspeed": null, "tunnel": null }, "geometry": { "type": "LineString", "coordinates": [ [ 100.4205751, 6.6192417 ], [ 100.4205933, 6.6193383 ], [ 100.4207146, 6.6201268 ], [ 100.4211916, 6.6232283 ], [ 100.4214658, 6.6248573 ], [ 100.4215465, 6.6253527 ], [ 100.4215941, 6.6256193 ], [ 100.4218081, 6.6268844 ] ] } },
{ "type": "Feature", "properties": { "u": 1686082545, "v": 3284312774, "key": 0, "osmid": "321674082", "highway": "trunk", "ref": "4", "oneway": true, "reversed": "False", "length": 1982.9647425953417, "bridge": null, "junction": null, "name": "ถนนกาญจนวณิชย์", "lanes": null, "maxspeed": null, "tunnel": null }, "geometry": { "type": "LineString", "coordinates": [ [ 100.4412754, 6.6950335 ], [ 100.4390391, 6.684863 ], [ 100.4379658, 6.6799882 ], [ 100.4375409, 6.6780644 ], [ 100.4374409, 6.6776117 ] ] } },
{ "type": "Feature", "properties": { "u": 1686082555, "v": 9694844088, "key": 0, "osmid": "759439232", "highway": "trunk", "ref": "4", "oneway": true, "reversed": "False", "length": 631.13465293990748, "bridge": null, "junction": null, "name": "ถนนกาญจนวณิชย์", "lanes": "3", "maxspeed": null, "tunnel": null }, "geometry": { "type": "LineString", "coordinates": [ [ 100.4411491, 6.6950371 ], [ 100.4415891, 6.6969049 ], [ 100.4419313, 6.6984039 ], [ 100.4423728, 6.7003894 ], [ 100.4424209, 6.7005705 ] ] } },
{ "type": "Feature", "properties": { "u": 2288032455, "v": 3284312663, "key": 0, "osmid": "300830550", "highway": "trunk", "ref": "4", "oneway": true, "reversed": "False", "length": 800.02137975638902, "bridge": null, "junction": null, "name": "ถนนกาญจนวณิชย์", "lanes": "3", "maxspeed": null, "tunnel": null }, "geometry": { "type": "LineString", "coordinates": [ [ 100.4127437, 6.559229 ], [ 100.4124681, 6.5606509 ], [ 100.4121568, 6.5622573 ], [ 100.4119453, 6.5634668 ], [ 100.4114487, 6.5663075 ] ] } },
{ "type": "Feature", "properties": { "u": 2288032457, "v": 2522401479, "key": 0, "osmid": [ 300830592, 1190789315, 759439236, 1182543847, 300830589 ], "highway": "trunk", "ref": "4", "oneway": true, "reversed": "False", "length": 4433.6555252212338, "bridge": "yes", "junction": null, "name": "ถนนกาญจนวณิชย์", "lanes": "2", "maxspeed": null, "tunnel": null }, "geometry": { "type": "LineString", "coordinates": [ [ 100.4128461, 6.5592437 ], [ 100.4131916, 6.5573147 ], [ 100.4132933, 6.5567466 ], [ 100.4136683, 6.5545534 ], [ 100.4141052, 6.5519738 ], [ 100.4141644, 6.5516245 ], [ 100.4142487, 6.5511595 ], [ 100.414394, 6.5503095 ], [ 100.414522, 6.5495611 ], [ 100.4145821, 6.5492097 ], [ 100.4146568, 6.5487729 ], [ 100.4147391, 6.5482914 ], [ 100.4148811, 6.5474612 ], [ 100.415067, 6.5463738 ], [ 100.4151782, 6.5456929 ], [ 100.4152332, 6.5453804 ], [ 100.4153666, 6.5446216 ], [ 100.4154066, 6.5444051 ], [ 100.415435, 6.544251 ], [ 100.4156363, 6.5430387 ], [ 100.4156526, 6.5429153 ], [ 100.4156966, 6.5425866 ], [ 100.4157737, 6.5420965 ], [ 100.4158515, 6.5416019 ], [ 100.4159129, 6.5412112 ], [ 100.416014, 6.5405162 ], [ 100.4160886, 6.5400938 ], [ 100.416187, 6.5394682 ], [ 100.4164052, 6.5380805 ], [ 100.416487, 6.5375607 ], [ 100.416538, 6.5372108 ], [ 100.4165722, 6.5370188 ], [ 100.4168828, 6.5350165 ], [ 100.4169155, 6.534819 ], [ 100.4177915, 6.5288664 ], [ 100.4180339, 6.5273165 ], [ 100.4180899, 6.5269259 ], [ 100.4181663, 6.5263934 ], [ 100.4182375, 6.5258965 ], [ 100.4183046, 6.5254289 ], [ 100.4183733, 6.5249493 ], [ 100.4184423, 6.5244681 ], [ 100.4184578, 6.5243601 ], [ 100.4185848, 6.5234746 ], [ 100.4186476, 6.5230367 ], [ 100.4187093, 6.522606 ], [ 100.4187741, 6.5221543 ], [ 100.4188328, 6.5217447 ], [ 100.418871, 6.5214781 ], [ 100.4189212, 6.5211284 ], [ 100.4189856, 6.5206793 ], [ 100.4190485, 6.5202403 ], [ 100.4191028, 6.5198616 ] ] } },
{ "type": "Feature", "properties": { "u": 2522401479, "v": 5318434606, "key": 0, "osmid": "300830592", "highway": "trunk", "ref": "4", "oneway": true, "reversed": "False", "length": 26.237502342232116, "bridge": null, "junction": null, "name": "ถนนกาญจนวณิชย์", "lanes": null, "maxspeed": null, "tunnel": null }, "geometry": { "type": "LineString", "coordinates": [ [ 100.4191028, 6.5198616 ], [ 100.4191363, 6.519628 ] ] } },
{ "type": "Feature", "properties": { "u": 2522407585, "v": 986110601, "key": 0, "osmid": "300830550", "highway": "trunk", "ref": "4", "oneway": true, "reversed": "False", "length": 2224.7903543819957, "bridge": null, "junction": null, "name": "ถนนกาญจนวณิชย์", "lanes": "3", "maxspeed": null, "tunnel": null }, "geometry": { "type": "LineString", "coordinates": [ [ 100.4105415, 6.5714969 ], [ 100.4103683, 6.5725683 ], [ 100.4102979, 6.573052 ], [ 100.41026, 6.5737283 ], [ 100.410295, 6.5745566 ], [ 100.4104433, 6.5757133 ], [ 100.4111616, 6.57852 ], [ 100.4114466, 6.5794033 ], [ 100.4116793, 6.5803797 ], [ 100.4117025, 6.5804928 ], [ 100.4121916, 6.5823966 ], [ 100.4124941, 6.5834185 ], [ 100.4127437, 6.5843658 ], [ 100.4137278, 6.5880725 ], [ 100.4144762, 6.5909163 ], [ 100.4144857, 6.5909524 ] ] } },
{ "type": "Feature", "properties": { "u": 2522407586, "v": 3284312961, "key": 0, "osmid": "759439236", "highway": "trunk", "ref": "4", "oneway": true, "reversed": "False", "length": 585.20395423498098, "bridge": null, "junction": null, "name": "ถนนกาญจนวณิชย์", "lanes": "2", "maxspeed": null, "tunnel": null }, "geometry": { "type": "LineString", "coordinates": [ [ 100.4106416, 6.5715128 ], [ 100.4108743, 6.570291 ], [ 100.4109983, 6.5696833 ], [ 100.4110769, 6.56924 ], [ 100.4115767, 6.5663329 ] ] } },
{ "type": "Feature", "properties": { "u": 2522407601, "v": 2522407586, "key": 0, "osmid": "759439236", "highway": "trunk", "ref": "4", "oneway": true, "reversed": "False", "length": 2219.5681889147345, "bridge": null, "junction": null, "name": "ถนนกาญจนวณิชย์", "lanes": "2", "maxspeed": null, "tunnel": null }, "geometry": { "type": "LineString", "coordinates": [ [ 100.4146015, 6.5909228 ], [ 100.4140279, 6.588772 ], [ 100.4137015, 6.5875041 ], [ 100.4134952, 6.5867615 ], [ 100.4128621, 6.584346 ], [ 100.4126026, 6.5833754 ], [ 100.4118251, 6.5804598 ], [ 100.4118007, 6.5803336 ], [ 100.4113881, 6.5787032 ], [ 100.4108416, 6.5767366 ], [ 100.4104606, 6.5751561 ], [ 100.4103968, 6.5742399 ], [ 100.4103816, 6.5740222 ], [ 100.410377, 6.5739557 ], [ 100.4103644, 6.5737753 ], [ 100.4103762, 6.5735772 ], [ 100.4103999, 6.5731786 ], [ 100.4104688, 6.5725435 ], [ 100.4105372, 6.5721352 ], [ 100.4106416, 6.5715128 ] ] } },
{ "type": "Feature", "properties": { "u": 3284312663, "v": 2522407585, "key": 0, "osmid": "300830550", "highway": "trunk", "ref": "4", "oneway": true, "reversed": "False", "length": 585.67349283035367, "bridge": null, "junction": null, "name": "ถนนกาญจนวณิชย์", "lanes": "3", "maxspeed": null, "tunnel": null }, "geometry": { "type": "LineString", "coordinates": [ [ 100.4114487, 6.5663075 ], [ 100.4112357, 6.5675388 ], [ 100.4105415, 6.5714969 ] ] } },
{ "type": "Feature", "properties": { "u": 3284312672, "v": 3284313465, "key": 0, "osmid": "321674082", "highway": "trunk", "ref": "4", "oneway": true, "reversed": "False", "length": 1031.9175668342284, "bridge": null, "junction": null, "name": "ถนนกาญจนวณิชย์", "lanes": null, "maxspeed": null, "tunnel": null }, "geometry": { "type": "LineString", "coordinates": [ [ 100.4350378, 6.6696792 ], [ 100.4347129, 6.6687346 ], [ 100.4344177, 6.6678664 ], [ 100.4329906, 6.6636029 ], [ 100.4328202, 6.663077 ], [ 100.432785, 6.6629683 ], [ 100.4320637, 6.6608818 ] ] } },
{ "type": "Feature", "properties": { "u": 3284312673, "v": 1686082555, "key": 0, "osmid": "759439232", "highway": "trunk", "ref": "4", "oneway": true, "reversed": "False", "length": 1980.1913257120193, "bridge": null, "junction": null, "name": "ถนนกาญจนวณิชย์", "lanes": "3", "maxspeed": null, "tunnel": null }, "geometry": { "type": "LineString", "coordinates": [ [ 100.4373104, 6.6776426 ], [ 100.4374919, 6.6784982 ], [ 100.437833, 6.680051 ], [ 100.4388999, 6.6848894 ], [ 100.43911, 6.6858683 ], [ 100.4395453, 6.6877016 ], [ 100.4407283, 6.6932933 ], [ 100.4411491, 6.6950371 ] ] } },
{ "type": "Feature", "properties": { "u": 3284312774, "v": 3284312672, "key": 0, "osmid": "321674082", "highway": "trunk", "ref": "4", "oneway": true, "reversed": "False", "length": 921.6267416871251, "bridge": null, "junction": null, "name": "ถนนกาญจนวณิชย์", "lanes": null, "maxspeed": null, "tunnel": null }, "geometry": { "type": "LineString", "coordinates": [ [ 100.4374409, 6.6776117 ], [ 100.4371073, 6.6762184 ], [ 100.4370957, 6.6761754 ], [ 100.4367649, 6.6749519 ], [ 100.436338, 6.673611 ], [ 100.4361247, 6.6729409 ], [ 100.4357686, 6.6718876 ], [ 100.4356464, 6.6715178 ], [ 100.4355181, 6.6711297 ], [ 100.4353517, 6.6706264 ], [ 100.4350378, 6.6696792 ] ] } },
{ "type": "Feature", "properties": { "u": 3284312785, "v": 3284314070, "key": 0, "osmid": "759439232", "highway": "trunk", "ref": "4", "oneway": true, "reversed": "False", "length": 1364.2228507602672, "bridge": null, "junction": null, "name": "ถนนกาญจนวณิชย์", "lanes": "3", "maxspeed": null, "tunnel": null }, "geometry": { "type": "LineString", "coordinates": [ [ 100.4474162, 6.7212655 ], [ 100.4475223, 6.721703 ], [ 100.4478233, 6.72291 ], [ 100.4479262, 6.7234039 ], [ 100.4481285, 6.7243532 ], [ 100.4486475, 6.7267877 ], [ 100.44956, 6.730745 ], [ 100.4496002, 6.7310109 ], [ 100.4498131, 6.7322484 ], [ 100.4500052, 6.7332586 ] ] } },
{ "type": "Feature", "properties": { "u": 3284312802, "v": 986110622, "key": 0, "osmid": [ 759439232, 321674481, 1293450908 ], "highway": "trunk", "ref": "4", "oneway": true, "reversed": "False", "length": 1670.1081454339328, "bridge": "yes", "junction": null, "name": "ถนนกาญจนวณิชย์", "lanes": "3", "maxspeed": null, "tunnel": null }, "geometry": { "type": "LineString", "coordinates": [ [ 100.4515646, 6.7487273 ], [ 100.4515813, 6.7490288 ], [ 100.4516, 6.7493666 ], [ 100.4517116, 6.750125 ], [ 100.4517711, 6.7502777 ], [ 100.4518416, 6.7504583 ], [ 100.4521, 6.7508716 ], [ 100.4524446, 6.7513347 ], [ 100.4525508, 6.7514765 ], [ 100.4527615, 6.7517591 ], [ 100.4531815, 6.7523328 ], [ 100.4543304, 6.7538721 ], [ 100.4549099, 6.7546415 ], [ 100.4574484, 6.7580682 ], [ 100.4585643, 6.7595746 ], [ 100.4588788, 6.7601116 ], [ 100.4589894, 6.7603867 ], [ 100.4590638, 6.7606825 ], [ 100.4590966, 6.761414 ] ] } },
{ "type": "Feature", "properties": { "u": 3284312961, "v": 2288032457, "key": 0, "osmid": "759439236", "highway": "trunk", "ref": "4", "oneway": true, "reversed": "False", "length": 800.72178934965041, "bridge": null, "junction": null, "name": "ถนนกาญจนวณิชย์", "lanes": "2", "maxspeed": null, "tunnel": null }, "geometry": { "type": "LineString", "coordinates": [ [ 100.4115767, 6.5663329 ], [ 100.4119195, 6.5643389 ], [ 100.4123405, 6.5619233 ], [ 100.4128032, 6.5595483 ], [ 100.4128461, 6.5592437 ] ] } },
{ "type": "Feature", "properties": { "u": 3284312970, "v": 3284312673, "key": 0, "osmid": "759439232", "highway": "trunk", "ref": "4", "oneway": true, "reversed": "False", "length": 920.74208876693649, "bridge": null, "junction": null, "name": "ถนนกาญจนวณิชย์", "lanes": "3", "maxspeed": null, "tunnel": null }, "geometry": { "type": "LineString", "coordinates": [ [ 100.434907, 6.6697216 ], [ 100.4350127, 6.6700242 ], [ 100.4352499, 6.6707293 ], [ 100.4355217, 6.6715375 ], [ 100.4358623, 6.6725107 ], [ 100.4366, 6.674725 ], [ 100.4369668, 6.6761959 ], [ 100.4370721, 6.6765988 ], [ 100.4371419, 6.6769185 ], [ 100.4373104, 6.6776426 ] ] } },
{ "type": "Feature", "properties": { "u": 3284312981, "v": 3284312785, "key": 0, "osmid": "759439232", "highway": "trunk", "ref": "4", "oneway": true, "reversed": "False", "length": 791.66480791056688, "bridge": null, "junction": null, "name": "ถนนกาญจนวณิชย์", "lanes": "3", "maxspeed": null, "tunnel": null }, "geometry": { "type": "LineString", "coordinates": [ [ 100.4457048, 6.7143518 ], [ 100.445983, 6.7155053 ], [ 100.4461015, 6.7159825 ], [ 100.4462807, 6.7167043 ], [ 100.4463106, 6.7168247 ], [ 100.4464138, 6.7172286 ], [ 100.4466741, 6.7182967 ], [ 100.4474162, 6.7212655 ] ] } },
{ "type": "Feature", "properties": { "u": 3284312984, "v": 3284313181, "key": 0, "osmid": "321674082", "highway": "trunk", "ref": "4", "oneway": true, "reversed": "False", "length": 792.99717474161037, "bridge": null, "junction": null, "name": "ถนนกาญจนวณิชย์", "lanes": null, "maxspeed": null, "tunnel": null }, "geometry": { "type": "LineString", "coordinates": [ [ 100.4475133, 6.7212469 ], [ 100.4474912, 6.7211592 ], [ 100.4472261, 6.7201053 ], [ 100.4468822, 6.7186709 ], [ 100.4467893, 6.7182835 ], [ 100.4466019, 6.7175021 ], [ 100.4465126, 6.7171658 ], [ 100.4464218, 6.7168093 ], [ 100.4463914, 6.7166901 ], [ 100.4463554, 6.7165387 ], [ 100.4462706, 6.7161822 ], [ 100.4458921, 6.7145916 ], [ 100.4458263, 6.7143151 ] ] } },
{ "type": "Feature", "properties": { "u": 3284313169, "v": 3284312970, "key": 0, "osmid": "759439232", "highway": "trunk", "ref": "4", "oneway": true, "reversed": "False", "length": 1032.7509609124027, "bridge": null, "junction": null, "name": "ถนนกาญจนวณิชย์", "lanes": "3", "maxspeed": null, "tunnel": null }, "geometry": { "type": "LineString", "coordinates": [ [ 100.4319499, 6.6609106 ], [ 100.4330152, 6.6640216 ], [ 100.4338266, 6.6664663 ], [ 100.4339668, 6.6668889 ], [ 100.4342409, 6.6677146 ], [ 100.4348223, 6.6694664 ], [ 100.434907, 6.6697216 ] ] } },
{ "type": "Feature", "properties": { "u": 3284313180, "v": 3284312981, "key": 0, "osmid": "759439232", "highway": "trunk", "ref": "4", "oneway": true, "reversed": "False", "length": 248.5898387275559, "bridge": null, "junction": null, "name": "ถนนกาญจนวณิชย์", "lanes": "3", "maxspeed": null, "tunnel": null }, "geometry": { "type": "LineString", "coordinates": [ [ 100.4451674, 6.7121809 ], [ 100.4453233, 6.7128305 ], [ 100.445431, 6.7132838 ], [ 100.4455656, 6.7138088 ], [ 100.4457048, 6.7143518 ] ] } },
{ "type": "Feature", "properties": { "u": 3284313181, "v": 3284314172, "key": 0, "osmid": "321674082", "highway": "trunk", "ref": "4", "oneway": true, "reversed": "False", "length": 249.02486097314329, "bridge": null, "junction": null, "name": "ถนนกาญจนวณิชย์", "lanes": null, "maxspeed": null, "tunnel": null }, "geometry": { "type": "LineString", "coordinates": [ [ 100.4458263, 6.7143151 ], [ 100.4457533, 6.714015 ], [ 100.445694, 6.7137798 ], [ 100.4455617, 6.7132551 ], [ 100.4453233, 6.7123099 ], [ 100.445285, 6.7121411 ] ] } },
{ "type": "Feature", "properties": { "u": 3284313463, "v": 1684985956, "key": 0, "osmid": "759439231", "highway": "trunk", "ref": "4", "oneway": true, "reversed": "False", "length": 143.81101016557739, "bridge": null, "junction": null, "name": "ถนนกาญจนวณิชย์", "lanes": null, "maxspeed": null, "tunnel": null }, "geometry": { "type": "LineString", "coordinates": [ [ 100.4261511, 6.6437319 ], [ 100.4257792, 6.6426409 ], [ 100.4257335, 6.6425069 ] ] } },
{ "type": "Feature", "properties": { "u": 3284313465, "v": 1684986075, "key": 0, "osmid": "321674082", "highway": "trunk", "ref": "4", "oneway": true, "reversed": "False", "length": 1545.6221646508181, "bridge": null, "junction": null, "name": "ถนนกาญจนวณิชย์", "lanes": null, "maxspeed": null, "tunnel": null }, "geometry": { "type": "LineString", "coordinates": [ [ 100.4320637, 6.6608818 ], [ 100.4312762, 6.6586304 ], [ 100.4310867, 6.6580556 ], [ 100.4288393, 6.6515754 ], [ 100.4287549, 6.6513104 ], [ 100.428605, 6.6508768 ], [ 100.4284266, 6.6503607 ], [ 100.4283488, 6.6501356 ], [ 100.4281482, 6.6495554 ], [ 100.4281218, 6.6494789 ], [ 100.4279572, 6.6490027 ], [ 100.4277967, 6.6485384 ], [ 100.4276447, 6.6480988 ], [ 100.4275204, 6.6477348 ] ] } },
{ "type": "Feature", "properties": { "u": 3284313772, "v": 986128784, "key": 0, "osmid": "321674082", "highway": "trunk", "ref": "4", "oneway": true, "reversed": "False", "length": 749.78962261452966, "bridge": null, "junction": null, "name": "ถนนกาญจนวณิชย์", "lanes": null, "maxspeed": null, "tunnel": null }, "geometry": { "type": "LineString", "coordinates": [ [ 100.4516759, 6.7487175 ], [ 100.4516512, 6.7483745 ], [ 100.4515509, 6.7465984 ], [ 100.4513645, 6.7432968 ], [ 100.4513384, 6.7428339 ], [ 100.4512983, 6.741985 ] ] } },
{ "type": "Feature", "properties": { "u": 3284314070, "v": 3284314072, "key": 0, "osmid": "759439232", "highway": "trunk", "ref": "4", "oneway": true, "reversed": "False", "length": 980.62721127491534, "bridge": null, "junction": null, "name": "ถนนกาญจนวณิชย์", "lanes": "3", "maxspeed": null, "tunnel": null }, "geometry": { "type": "LineString", "coordinates": [ [ 100.4500052, 6.7332586 ], [ 100.4502581, 6.7349456 ], [ 100.4506459, 6.7377158 ], [ 100.4508034, 6.738807 ], [ 100.4510266, 6.7403533 ], [ 100.4510633, 6.7408438 ], [ 100.4511037, 6.7413599 ], [ 100.4511659, 6.7419995 ] ] } },
{ "type": "Feature", "properties": { "u": 3284314072, "v": 3284312802, "key": 0, "osmid": "759439232", "highway": "trunk", "ref": "4", "oneway": true, "reversed": "False", "length": 749.43570460141018, "bridge": null, "junction": null, "name": "ถนนกาญจนวณิชย์", "lanes": "3", "maxspeed": null, "tunnel": null }, "geometry": { "type": "LineString", "coordinates": [ [ 100.4511659, 6.7419995 ], [ 100.4512416, 6.742895 ], [ 100.4513042, 6.7440253 ], [ 100.4514062, 6.7460885 ], [ 100.4515646, 6.7487273 ] ] } },
{ "type": "Feature", "properties": { "u": 3284314172, "v": 1195145222, "key": 0, "osmid": "321674082", "highway": "trunk", "ref": "4", "oneway": true, "reversed": "False", "length": 466.85672015044128, "bridge": null, "junction": null, "name": "ถนนกาญจนวณิชย์", "lanes": null, "maxspeed": null, "tunnel": null }, "geometry": { "type": "LineString", "coordinates": [ [ 100.445285, 6.7121411 ], [ 100.4451947, 6.7117638 ], [ 100.4448655, 6.7104384 ], [ 100.444299, 6.7080584 ] ] } },
{ "type": "Feature", "properties": { "u": 4294347354, "v": 7096424315, "key": 0, "osmid": "759668180", "highway": "trunk", "ref": "4", "oneway": true, "reversed": "False", "length": 223.36789281939608, "bridge": null, "junction": null, "name": null, "lanes": null, "maxspeed": null, "tunnel": null }, "geometry": { "type": "LineString", "coordinates": [ [ 100.4203287, 6.5188952 ], [ 100.4203375, 6.5187951 ], [ 100.4203566, 6.5187219 ], [ 100.4203921, 6.5186464 ], [ 100.4204524, 6.5186043 ], [ 100.4205257, 6.5185811 ], [ 100.420593, 6.5185769 ], [ 100.4210354, 6.5186217 ], [ 100.4213599, 6.5186611 ], [ 100.4215167, 6.5186413 ], [ 100.4216069, 6.5185729 ], [ 100.4216521, 6.5184812 ], [ 100.4216532, 6.5184069 ], [ 100.4215974, 6.5183467 ], [ 100.4214919, 6.5183218 ], [ 100.4213609, 6.5183285 ] ] } },
{ "type": "Feature", "properties": { "u": 4911685981, "v": 1684986077, "key": 0, "osmid": "759439232", "highway": "trunk", "ref": "4", "oneway": true, "reversed": "False", "length": 447.79535167226572, "bridge": null, "junction": null, "name": "ถนนกาญจนวณิชย์", "lanes": "3", "maxspeed": null, "tunnel": null }, "geometry": { "type": "LineString", "coordinates": [ [ 100.4261227, 6.6439506 ], [ 100.4274339, 6.6477613 ] ] } },
{ "type": "Feature", "properties": { "u": 4911685982, "v": 1684985311, "key": 0, "osmid": "759439231", "highway": "trunk", "ref": "4", "oneway": true, "reversed": "False", "length": 1078.3003422080608, "bridge": null, "junction": null, "name": "ถนนกาญจนวณิชย์", "lanes": null, "maxspeed": null, "tunnel": null }, "geometry": { "type": "LineString", "coordinates": [ [ 100.4236673, 6.6364652 ], [ 100.4234233, 6.63575 ], [ 100.4231482, 6.6344892 ], [ 100.4230033, 6.633825 ], [ 100.422998, 6.6337917 ], [ 100.4228517, 6.632878 ], [ 100.4225306, 6.6308723 ], [ 100.4224294, 6.63024 ], [ 100.4223633, 6.629872 ], [ 100.4221927, 6.6288443 ], [ 100.4220132, 6.6277134 ], [ 100.4219006, 6.6269392 ] ] } },
{ "type": "Feature", "properties": { "u": 5219084815, "v": 7096347322, "key": 0, "osmid": "759680652", "highway": "trunk", "ref": "4", "oneway": true, "reversed": "False", "length": 31.728340144203145, "bridge": null, "junction": null, "name": null, "lanes": null, "maxspeed": null, "tunnel": null }, "geometry": { "type": "LineString", "coordinates": [ [ 100.4191567, 6.5192985 ], [ 100.4191506, 6.5191502 ], [ 100.4191155, 6.5190178 ] ] } },
{ "type": "Feature", "properties": { "u": 5219084819, "v": 4294347354, "key": 0, "osmid": "759668179", "highway": "trunk", "ref": "4", "oneway": true, "reversed": "False", "length": 100.94748216536713, "bridge": null, "junction": null, "name": null, "lanes": null, "maxspeed": null, "tunnel": null }, "geometry": { "type": "LineString", "coordinates": [ [ 100.4197867, 6.5195635 ], [ 100.4199406, 6.5194663 ], [ 100.4200567, 6.5193708 ], [ 100.4201837, 6.5192406 ], [ 100.4202804, 6.5191254 ], [ 100.4203388, 6.5190206 ], [ 100.4203287, 6.5188952 ] ] } },
{ "type": "Feature", "properties": { "u": 5219084819, "v": 4294347354, "key": 1, "osmid": "759668181", "highway": "trunk", "ref": "4", "oneway": true, "reversed": "False", "length": 95.910203717340011, "bridge": null, "junction": null, "name": null, "lanes": null, "maxspeed": null, "tunnel": null }, "geometry": { "type": "LineString", "coordinates": [ [ 100.4197867, 6.5195635 ], [ 100.4198692, 6.5194657 ], [ 100.4199396, 6.5193593 ], [ 100.420113, 6.5191849 ], [ 100.4202525, 6.51903 ], [ 100.4203287, 6.5188952 ] ] } },
{ "type": "Feature", "properties": { "u": 5318434606, "v": 5219084819, "key": 0, "osmid": "539339998", "highway": "trunk", "ref": "4", "oneway": true, "reversed": "False", "length": 72.761283160192065, "bridge": null, "junction": null, "name": null, "lanes": null, "maxspeed": null, "tunnel": null }, "geometry": { "type": "LineString", "coordinates": [ [ 100.4191363, 6.519628 ], [ 100.4194126, 6.5196317 ], [ 100.4195673, 6.5196223 ], [ 100.4196844, 6.5195936 ], [ 100.4197867, 6.5195635 ] ] } },
{ "type": "Feature", "properties": { "u": 5318434606, "v": 5219084815, "key": 0, "osmid": "759668184", "highway": "trunk", "ref": "4", "oneway": true, "reversed": "False", "length": 36.708029353085209, "bridge": null, "junction": null, "name": null, "lanes": null, "maxspeed": null, "tunnel": null }, "geometry": { "type": "LineString", "coordinates": [ [ 100.4191363, 6.519628 ], [ 100.4191468, 6.5194584 ], [ 100.4191567, 6.5192985 ] ] } },
{ "type": "Feature", "properties": { "u": 7093958938, "v": 7096424310, "key": 0, "osmid": "1190789314", "highway": "trunk", "ref": "4", "oneway": true, "reversed": "False", "length": 26.017354626434241, "bridge": null, "junction": null, "name": "ถนนกาญจนวณิชย์", "lanes": "3", "maxspeed": null, "tunnel": null }, "geometry": { "type": "LineString", "coordinates": [ [ 100.4190288, 6.5196158 ], [ 100.4189953, 6.5198474 ] ] } },
{ "type": "Feature", "properties": { "u": 7096347322, "v": 7096412779, "key": 0, "osmid": "301984081", "highway": "trunk", "ref": "4", "oneway": true, "reversed": "False", "length": 30.203653759319678, "bridge": null, "junction": null, "name": null, "lanes": null, "maxspeed": null, "tunnel": null }, "geometry": { "type": "LineString", "coordinates": [ [ 100.4191155, 6.5190178 ], [ 100.4190578, 6.5192081 ], [ 100.4190516, 6.5192289 ], [ 100.4190451, 6.5192502 ], [ 100.4190367, 6.5192779 ] ] } },
{ "type": "Feature", "properties": { "u": 7096412779, "v": 7096513752, "key": 0, "osmid": "759680653", "highway": "trunk", "ref": "4", "oneway": true, "reversed": "False", "length": 35.257327953999614, "bridge": null, "junction": null, "name": null, "lanes": "3", "maxspeed": null, "tunnel": null }, "geometry": { "type": "LineString", "coordinates": [ [ 100.4190367, 6.5192779 ], [ 100.4187213, 6.5192295 ] ] } },
{ "type": "Feature", "properties": { "u": 7096412779, "v": 7093958938, "key": 0, "osmid": "759668183", "highway": "trunk", "ref": "4", "oneway": true, "reversed": "False", "length": 37.654495292724889, "bridge": null, "junction": null, "name": null, "lanes": null, "maxspeed": null, "tunnel": null }, "geometry": { "type": "LineString", "coordinates": [ [ 100.4190367, 6.5192779 ], [ 100.4190222, 6.5194489 ], [ 100.4190288, 6.5196158 ] ] } },
{ "type": "Feature", "properties": { "u": 7096424310, "v": 2288032455, "key": 0, "osmid": [ 1190789314, 1182543848, 300830549, 300830550, 759447099 ], "highway": "trunk", "ref": "4", "oneway": true, "reversed": "False", "length": 4433.5530404288747, "bridge": "yes", "junction": null, "name": "ถนนกาญจนวณิชย์", "lanes": "3", "maxspeed": null, "tunnel": null }, "geometry": { "type": "LineString", "coordinates": [ [ 100.4189953, 6.5198474 ], [ 100.418911, 6.52043 ], [ 100.418849, 6.5208584 ], [ 100.4188117, 6.5211162 ], [ 100.4187867, 6.5212886 ], [ 100.4187259, 6.5217089 ], [ 100.4186632, 6.5221422 ], [ 100.4186001, 6.5225784 ], [ 100.4185349, 6.5230289 ], [ 100.4184676, 6.5234939 ], [ 100.4183986, 6.5239709 ], [ 100.418345, 6.5243417 ], [ 100.4183253, 6.5244775 ], [ 100.4182497, 6.5249998 ], [ 100.4181726, 6.5255329 ], [ 100.4180974, 6.5260528 ], [ 100.4180194, 6.5265913 ], [ 100.4179159, 6.5273068 ], [ 100.4177555, 6.5283833 ], [ 100.4176879, 6.528861 ], [ 100.4176143, 6.5293393 ], [ 100.4175297, 6.5298538 ], [ 100.4174627, 6.5303487 ], [ 100.4173199, 6.5313069 ], [ 100.417208, 6.5320586 ], [ 100.4170961, 6.5328091 ], [ 100.4169495, 6.5337936 ], [ 100.4168443, 6.5344993 ], [ 100.4168004, 6.534794 ], [ 100.41677, 6.5349959 ], [ 100.4166361, 6.5359312 ], [ 100.4165704, 6.536344 ], [ 100.4165588, 6.5364171 ], [ 100.416556, 6.5364344 ], [ 100.4162008, 6.5387479 ], [ 100.416126, 6.5392286 ], [ 100.416085, 6.5394916 ], [ 100.416045, 6.5397218 ], [ 100.4159632, 6.5401934 ], [ 100.4157158, 6.5416051 ], [ 100.4156341, 6.5420713 ], [ 100.4155641, 6.5424706 ], [ 100.4155462, 6.5425693 ], [ 100.4155266, 6.5427083 ], [ 100.415513, 6.5428658 ], [ 100.4154986, 6.5430036 ], [ 100.4152993, 6.5442453 ], [ 100.4152721, 6.5444024 ], [ 100.4151028, 6.5453703 ], [ 100.4149358, 6.5463874 ], [ 100.4148675, 6.5467911 ], [ 100.4147966, 6.5472103 ], [ 100.4145608, 6.5486033 ], [ 100.414195, 6.550765 ], [ 100.4141088, 6.5512563 ], [ 100.4140317, 6.5516954 ], [ 100.4139875, 6.5519475 ], [ 100.4139058, 6.5524127 ], [ 100.4138451, 6.5527587 ], [ 100.4134246, 6.5551548 ], [ 100.4133442, 6.5556129 ], [ 100.4131691, 6.5566105 ], [ 100.4129897, 6.5577149 ], [ 100.4127437, 6.559229 ] ] } },
{ "type": "Feature", "properties": { "u": 7096424315, "v": 7096424322, "key": 0, "osmid": [ 539339993, 759668188, 539339991 ], "highway": "trunk", "ref": "4", "oneway": true, "reversed": "False", "length": 94.26948482845124, "bridge": null, "junction": null, "name": null, "lanes": null, "maxspeed": null, "tunnel": "building_passage" }, "geometry": { "type": "LineString", "coordinates": [ [ 100.4213609, 6.5183285 ], [ 100.4210025, 6.5182389 ], [ 100.4208798, 6.5182372 ], [ 100.4206877, 6.5182305 ], [ 100.4205334, 6.5182985 ] ] } },
{ "type": "Feature", "properties": { "u": 7096424315, "v": 7096424322, "key": 1, "osmid": [ 759668192, 759668186, 759668189 ], "highway": "trunk", "ref": "4", "oneway": true, "reversed": "False", "length": 91.572899821783068, "bridge": null, "junction": null, "name": null, "lanes": null, "maxspeed": null, "tunnel": "building_passage" }, "geometry": { "type": "LineString", "coordinates": [ [ 100.4213609, 6.5183285 ], [ 100.4209975, 6.5183272 ], [ 100.4209014, 6.5183258 ], [ 100.4208847, 6.5183252 ], [ 100.4206827, 6.5183175 ], [ 100.4205334, 6.5182985 ] ] } },
{ "type": "Feature", "properties": { "u": 7096424315, "v": 7096424320, "key": 0, "osmid": [ 759668187, 759668190, 759668191 ], "highway": "trunk", "ref": "4", "oneway": true, "reversed": "False", "length": 108.08196250975629, "bridge": null, "junction": null, "name": null, "lanes": null, "maxspeed": null, "tunnel": "building_passage" }, "geometry": { "type": "LineString", "coordinates": [ [ 100.4213609, 6.5183285 ], [ 100.4209917, 6.5184288 ], [ 100.4208853, 6.5184323 ], [ 100.420677, 6.5184173 ], [ 100.4204003, 6.518373 ] ] } },
{ "type": "Feature", "properties": { "u": 7096424320, "v": 5219084815, "key": 0, "osmid": "539339993", "highway": "trunk", "ref": "4", "oneway": true, "reversed": "False", "length": 187.06075860603502, "bridge": null, "junction": null, "name": null, "lanes": null, "maxspeed": null, "tunnel": null }, "geometry": { "type": "LineString", "coordinates": [ [ 100.4204003, 6.518373 ], [ 100.4203235, 6.5184119 ], [ 100.4202464, 6.5184815 ], [ 100.4201168, 6.518633 ], [ 100.4199357, 6.5188462 ], [ 100.4197708, 6.5190464 ], [ 100.4196136, 6.5192795 ], [ 100.4195609, 6.5193225 ], [ 100.4194899, 6.5193449 ], [ 100.4191567, 6.5192985 ] ] } },
{ "type": "Feature", "properties": { "u": 7096424322, "v": 7096424320, "key": 0, "osmid": "539339993", "highway": "trunk", "ref": "4", "oneway": true, "reversed": "False", "length": 16.877332497458177, "bridge": null, "junction": null, "name": null, "lanes": null, "maxspeed": null, "tunnel": null }, "geometry": { "type": "LineString", "coordinates": [ [ 100.4205334, 6.5182985 ], [ 100.4204003, 6.518373 ] ] } },
{ "type": "Feature", "properties": { "u": 7096513752, "v": 7096513757, "key": 0, "osmid": "759680648", "highway": "trunk", "ref": "4", "oneway": true, "reversed": "False", "length": 120.82344127936243, "bridge": null, "junction": null, "name": null, "lanes": "3", "maxspeed": null, "tunnel": null }, "geometry": { "type": "LineString", "coordinates": [ [ 100.4187213, 6.5192295 ], [ 100.4184759, 6.5191228 ], [ 100.4183756, 6.519103 ], [ 100.4182318, 6.5190874 ], [ 100.4181232, 6.5190992 ], [ 100.418031, 6.5191514 ], [ 100.417964, 6.5191853 ], [ 100.4178971, 6.5192192 ], [ 100.417831, 6.5192526 ], [ 100.4177146, 6.5193282 ] ] } },
{ "type": "Feature", "properties": { "u": 7096513752, "v": 7096513757, "key": 1, "osmid": "759680650", "highway": "trunk", "ref": "4", "oneway": true, "reversed": "False", "length": 116.91719510522776, "bridge": null, "junction": null, "name": null, "lanes": "3", "maxspeed": null, "tunnel": null }, "geometry": { "type": "LineString", "coordinates": [ [ 100.4187213, 6.5192295 ], [ 100.4184063, 6.5191653 ], [ 100.4182099, 6.519149 ], [ 100.4180772, 6.519168 ], [ 100.4179309, 6.5192482 ], [ 100.4177907, 6.5193296 ], [ 100.4177146, 6.5193282 ] ] } },
{ "type": "Feature", "properties": { "u": 7096513752, "v": 7096513760, "key": 0, "osmid": "759680651", "highway": "trunk", "ref": "4", "oneway": true, "reversed": "False", "length": 94.565070991889499, "bridge": null, "junction": null, "name": null, "lanes": "3", "maxspeed": null, "tunnel": null }, "geometry": { "type": "LineString", "coordinates": [ [ 100.4187213, 6.5192295 ], [ 100.4185351, 6.5190595 ], [ 100.4184142, 6.5190019 ], [ 100.4183197, 6.518971 ], [ 100.4181838, 6.5189656 ], [ 100.4180933, 6.5189903 ], [ 100.4179678, 6.5190512 ] ] } },
{ "type": "Feature", "properties": { "u": 7096513757, "v": 7097860845, "key": 0, "osmid": "759680649", "highway": "trunk", "ref": "4", "oneway": true, "reversed": "False", "length": 71.136387840056017, "bridge": null, "junction": null, "name": null, "lanes": "3", "maxspeed": null, "tunnel": null }, "geometry": { "type": "LineString", "coordinates": [ [ 100.4177146, 6.5193282 ], [ 100.4176482, 6.5193866 ], [ 100.4176369, 6.5194092 ], [ 100.417635, 6.5194356 ], [ 100.4176444, 6.5194572 ], [ 100.4176634, 6.5194733 ], [ 100.4177117, 6.5194771 ], [ 100.4181155, 6.5195198 ] ] } },
{ "type": "Feature", "properties": { "u": 7096513758, "v": 7096513763, "key": 0, "osmid": "759680651", "highway": "trunk", "ref": "4", "oneway": true, "reversed": "False", "length": 19.201830860357923, "bridge": null, "junction": null, "name": null, "lanes": "3", "maxspeed": null, "tunnel": null }, "geometry": { "type": "LineString", "coordinates": [ [ 100.4179038, 6.5190823 ], [ 100.4178403, 6.5191132 ], [ 100.4178356, 6.5191642 ], [ 100.4178308, 6.5192152 ] ] } },
{ "type": "Feature", "properties": { "u": 7096513758, "v": 7096513759, "key": 0, "osmid": "759680654", "highway": "trunk", "ref": "4", "oneway": true, "reversed": "False", "length": 10.800058415433433, "bridge": null, "junction": null, "name": null, "lanes": "3", "maxspeed": null, "tunnel": null }, "geometry": { "type": "LineString", "coordinates": [ [ 100.4179038, 6.5190823 ], [ 100.4179013, 6.5191308 ], [ 100.4178988, 6.5191793 ] ] } },
{ "type": "Feature", "properties": { "u": 7096513759, "v": 7096513763, "key": 0, "osmid": "759680655", "highway": "trunk", "ref": "4", "oneway": true, "reversed": "False", "length": 8.5071176239094228, "bridge": null, "junction": null, "name": null, "lanes": "3", "maxspeed": null, "tunnel": null }, "geometry": { "type": "LineString", "coordinates": [ [ 100.4178988, 6.5191793 ], [ 100.4178308, 6.5192152 ] ] } },
{ "type": "Feature", "properties": { "u": 7096513760, "v": 7096513758, "key": 0, "osmid": "759680651", "highway": "trunk", "ref": "4", "oneway": true, "reversed": "False", "length": 7.8708627885172175, "bridge": null, "junction": null, "name": null, "lanes": "3", "maxspeed": null, "tunnel": null }, "geometry": { "type": "LineString", "coordinates": [ [ 100.4179678, 6.5190512 ], [ 100.4179038, 6.5190823 ] ] } },
{ "type": "Feature", "properties": { "u": 7096513760, "v": 7096513759, "key": 0, "osmid": "759680655", "highway": "trunk", "ref": "4", "oneway": true, "reversed": "False", "length": 18.8683605811996, "bridge": null, "junction": null, "name": null, "lanes": "3", "maxspeed": null, "tunnel": null }, "geometry": { "type": "LineString", "coordinates": [ [ 100.4179678, 6.5190512 ], [ 100.4179666, 6.5190979 ], [ 100.4179654, 6.5191474 ], [ 100.4178988, 6.5191793 ] ] } },
{ "type": "Feature", "properties": { "u": 7096513763, "v": 7096513757, "key": 0, "osmid": "759680655", "highway": "trunk", "ref": "4", "oneway": true, "reversed": "False", "length": 19.109730951984226, "bridge": null, "junction": null, "name": null, "lanes": "3", "maxspeed": null, "tunnel": null }, "geometry": { "type": "LineString", "coordinates": [ [ 100.4178308, 6.5192152 ], [ 100.4177402, 6.5192631 ], [ 100.4177146, 6.5193282 ] ] } },
{ "type": "Feature", "properties": { "u": 7097860845, "v": 7097860846, "key": 0, "osmid": "759805291", "highway": "trunk", "ref": "4", "oneway": true, "reversed": "False", "length": 64.365785557255819, "bridge": null, "junction": null, "name": null, "lanes": "3", "maxspeed": null, "tunnel": null }, "geometry": { "type": "LineString", "coordinates": [ [ 100.4181155, 6.5195198 ], [ 100.4183315, 6.5195752 ], [ 100.4185261, 6.5195781 ], [ 100.418691, 6.5195806 ] ] } },
{ "type": "Feature", "properties": { "u": 7097860845, "v": 7097860846, "key": 1, "osmid": "759806808", "highway": "trunk", "ref": "4", "oneway": true, "reversed": "False", "length": 63.937377575700111, "bridge": null, "junction": null, "name": null, "lanes": "3", "maxspeed": null, "tunnel": null }, "geometry": { "type": "LineString", "coordinates": [ [ 100.4181155, 6.5195198 ], [ 100.4183638, 6.519546 ], [ 100.418691, 6.5195806 ] ] } },
{ "type": "Feature", "properties": { "u": 7097860846, "v": 7093958938, "key": 0, "osmid": "759806809", "highway": "trunk", "ref": "4", "oneway": true, "reversed": "False", "length": 37.523486699916248, "bridge": null, "junction": null, "name": null, "lanes": "3", "maxspeed": null, "tunnel": null }, "geometry": { "type": "LineString", "coordinates": [ [ 100.418691, 6.5195806 ], [ 100.4190288, 6.5196158 ] ] } },
{ "type": "Feature", "properties": { "u": 8219697415, "v": 1684985312, "key": 0, "osmid": "300830550", "highway": "trunk", "ref": "4", "oneway": true, "reversed": "False", "length": 7.6452815909908427, "bridge": null, "junction": null, "name": "ถนนกาญจนวณิชย์", "lanes": "3", "maxspeed": null, "tunnel": null }, "geometry": { "type": "LineString", "coordinates": [ [ 100.4218081, 6.6268844 ], [ 100.4218196, 6.6269522 ] ] } },
{ "type": "Feature", "properties": { "u": 8219697416, "v": 1686080623, "key": 0, "osmid": "759439236", "highway": "trunk", "ref": "4", "oneway": true, "reversed": "False", "length": 860.37319679941277, "bridge": null, "junction": null, "name": "ถนนกาญจนวณิชย์", "lanes": "2", "maxspeed": null, "tunnel": null }, "geometry": { "type": "LineString", "coordinates": [ [ 100.4218901, 6.6268711 ], [ 100.4206668, 6.6192296 ] ] } },
{ "type": "Feature", "properties": { "u": 8219697421, "v": 4911685981, "key": 0, "osmid": "759439232", "highway": "trunk", "ref": "4", "oneway": true, "reversed": "False", "length": 15.173084012459222, "bridge": null, "junction": null, "name": "ถนนกาญจนวณิชย์", "lanes": "3", "maxspeed": null, "tunnel": null }, "geometry": { "type": "LineString", "coordinates": [ [ 100.4260762, 6.6438222 ], [ 100.4261227, 6.6439506 ] ] } },
{ "type": "Feature", "properties": { "u": 8219697422, "v": 3284313463, "key": 0, "osmid": "321674082", "highway": "trunk", "ref": "4", "oneway": true, "reversed": "False", "length": 7.3546979267863835, "bridge": null, "junction": null, "name": "ถนนกาญจนวณิชย์", "lanes": null, "maxspeed": null, "tunnel": null }, "geometry": { "type": "LineString", "coordinates": [ [ 100.426172, 6.6437947 ], [ 100.4261511, 6.6437319 ] ] } },
{ "type": "Feature", "properties": { "u": 9694844087, "v": 1686082545, "key": 0, "osmid": "321674082", "highway": "trunk", "ref": "4", "oneway": true, "reversed": "False", "length": 628.06536135198883, "bridge": null, "junction": null, "name": "ถนนกาญจนวณิชย์", "lanes": null, "maxspeed": null, "tunnel": null }, "geometry": { "type": "LineString", "coordinates": [ [ 100.4425546, 6.700537 ], [ 100.4425079, 6.7003478 ], [ 100.4421766, 6.6988681 ], [ 100.4420512, 6.6983309 ], [ 100.4414551, 6.6958017 ], [ 100.4412754, 6.6950335 ] ] } },
{ "type": "Feature", "properties": { "u": 9694844088, "v": 1195146829, "key": 0, "osmid": "759439232", "highway": "trunk", "ref": "4", "oneway": true, "reversed": "False", "length": 858.5343793414894, "bridge": null, "junction": null, "name": "ถนนกาญจนวณิชย์", "lanes": "3", "maxspeed": null, "tunnel": null }, "geometry": { "type": "LineString", "coordinates": [ [ 100.4424209, 6.7005705 ], [ 100.4425346, 6.7009987 ], [ 100.4426766, 6.7015232 ], [ 100.4428254, 6.7021729 ], [ 100.4433, 6.704245 ], [ 100.4439365, 6.7070546 ], [ 100.4441808, 6.7080904 ] ] } },
{ "type": "Feature", "properties": { "u": 297337195, "v": 1177874818, "key": 0, "osmid": "84977270", "highway": "trunk", "ref": "4", "oneway": true, "reversed": "False", "length": 220.97583646629826, "bridge": null, "junction": null, "name": null, "lanes": "2", "maxspeed": null, "tunnel": null }, "geometry": { "type": "LineString", "coordinates": [ [ 100.4153403, 7.0031261 ], [ 100.4152611, 7.0033607 ], [ 100.4150369, 7.0040255 ], [ 100.4147791, 7.0050323 ] ] } },
{ "type": "Feature", "properties": { "u": 886020909, "v": 1672229830, "key": 0, "osmid": [ 948052674, 102026808, 976710225, 976710228, 102026776 ], "highway": "trunk", "ref": "4", "oneway": true, "reversed": "False", "length": 1050.4486193336279, "bridge": "yes", "junction": null, "name": null, "lanes": "2", "maxspeed": null, "tunnel": null }, "geometry": { "type": "LineString", "coordinates": [ [ 100.4200582, 6.9883905 ], [ 100.4198612, 6.9886158 ], [ 100.4197204, 6.9887976 ], [ 100.419593, 6.9889801 ], [ 100.4194638, 6.9892045 ], [ 100.4193569, 6.9894238 ], [ 100.4192742, 6.9896243 ], [ 100.4192046, 6.9898424 ], [ 100.4189683, 6.9907327 ], [ 100.4183251, 6.9930372 ], [ 100.4179441, 6.9942712 ], [ 100.4175658, 6.9955939 ], [ 100.4174344, 6.9960707 ], [ 100.417254, 6.9966924 ], [ 100.4170468, 6.9972888 ] ] } },
{ "type": "Feature", "properties": { "u": 886021384, "v": 2505175761, "key": 0, "osmid": [ 243079852, 102026765, 243079855 ], "highway": "trunk", "ref": "4", "oneway": true, "reversed": "False", "length": 373.70156839645125, "bridge": "yes", "junction": null, "name": null, "lanes": "2", "maxspeed": null, "tunnel": null }, "geometry": { "type": "LineString", "coordinates": [ [ 100.4546258, 6.9827658 ], [ 100.4533778, 6.9831887 ], [ 100.4522669, 6.9835526 ], [ 100.45142, 6.983847 ] ] } },
{ "type": "Feature", "properties": { "u": 986034145, "v": 4906809414, "key": 0, "osmid": "1293450908", "highway": "trunk", "ref": "4", "oneway": true, "reversed": "False", "length": 1497.5706812005712, "bridge": null, "junction": null, "name": "ถนนกาญจนวณิชย์", "lanes": "3", "maxspeed": null, "tunnel": null }, "geometry": { "type": "LineString", "coordinates": [ [ 100.4530613, 6.7963977 ], [ 100.4531053, 6.8001512 ], [ 100.4531097, 6.8003711 ], [ 100.453115, 6.8006433 ], [ 100.4531232, 6.8009141 ], [ 100.4531546, 6.8016815 ], [ 100.4532057, 6.8023164 ], [ 100.4533176, 6.8028755 ], [ 100.45342, 6.803285 ], [ 100.453581, 6.8038222 ], [ 100.4537919, 6.8045089 ], [ 100.4539759, 6.8050923 ], [ 100.4542497, 6.8059764 ], [ 100.4553582, 6.8095502 ] ] } },
{ "type": "Feature", "properties": { "u": 986110622, "v": 3284315064, "key": 0, "osmid": "1293450908", "highway": "trunk", "ref": "4", "oneway": true, "reversed": "False", "length": 1299.3001358090771, "bridge": null, "junction": null, "name": "ถนนกาญจนวณิชย์", "lanes": "3", "maxspeed": null, "tunnel": null }, "geometry": { "type": "LineString", "coordinates": [ [ 100.4590966, 6.761414 ], [ 100.4590683, 6.763385 ], [ 100.4590452, 6.7650491 ], [ 100.4590433, 6.7651866 ], [ 100.4588983, 6.7659333 ], [ 100.4582439, 6.7672146 ], [ 100.4576301, 6.7684909 ], [ 100.4572674, 6.7691455 ], [ 100.4559147, 6.7718147 ], [ 100.4556595, 6.7723198 ] ] } },
{ "type": "Feature", "properties": { "u": 986128081, "v": 1195090657, "key": 0, "osmid": "1293450904", "highway": "trunk", "ref": "4", "oneway": true, "reversed": "False", "length": 868.60492533310457, "bridge": null, "junction": null, "name": "ถนนกาญจนวณิชย์", "lanes": null, "maxspeed": null, "tunnel": null }, "geometry": { "type": "LineString", "coordinates": [ [ 100.4531883, 6.7963949 ], [ 100.4531814, 6.7930505 ], [ 100.4531833, 6.7928803 ], [ 100.4531484, 6.7913284 ], [ 100.4531372, 6.7908314 ], [ 100.4531317, 6.7898764 ], [ 100.4531853, 6.788585 ] ] } },
{ "type": "Feature", "properties": { "u": 986366894, "v": 1177550632, "key": 0, "osmid": [ 102026854, 102026795, 102026767, 102026803, 243079860 ], "highway": "trunk", "ref": "4", "oneway": true, "reversed": "False", "length": 1465.0592310389859, "bridge": "yes", "junction": null, "name": null, "lanes": "2", "maxspeed": null, "tunnel": null }, "geometry": { "type": "LineString", "coordinates": [ [ 100.4546833, 6.9829416 ], [ 100.4561908, 6.9824163 ], [ 100.4565479, 6.9823038 ], [ 100.4572422, 6.982085 ], [ 100.4577379, 6.9819298 ], [ 100.4579752, 6.9818508 ], [ 100.4590426, 6.9814952 ], [ 100.46048, 6.9810278 ], [ 100.4605114, 6.9810176 ], [ 100.4628981, 6.9801714 ], [ 100.463745, 6.9798815 ], [ 100.465232, 6.9793863 ], [ 100.4660681, 6.9791079 ], [ 100.4661337, 6.9790876 ], [ 100.4672623, 6.978738 ] ] } },
{ "type": "Feature", "properties": { "u": 986366937, "v": 3262586888, "key": 0, "osmid": "102026800", "highway": "trunk", "ref": "4", "oneway": true, "reversed": "False", "length": 368.37239612389908, "bridge": null, "junction": null, "name": null, "lanes": "2", "maxspeed": null, "tunnel": null }, "geometry": { "type": "LineString", "coordinates": [ [ 100.4201779, 6.9885662 ], [ 100.4203535, 6.9884205 ], [ 100.4205194, 6.9882956 ], [ 100.4207172, 6.9881646 ], [ 100.4209186, 6.9880594 ], [ 100.4211173, 6.9879736 ], [ 100.421309, 6.9879062 ], [ 100.4215369, 6.9878346 ], [ 100.4217527, 6.9877895 ], [ 100.4219811, 6.9877586 ], [ 100.4221831, 6.9877342 ], [ 100.422358, 6.9877152 ], [ 100.4232992, 6.9876249 ] ] } },
{ "type": "Feature", "properties": { "u": 1115346528, "v": 2505175696, "key": 0, "osmid": [ 717378992, 717378993, 1293450910, 996180375 ], "highway": "trunk", "ref": "4", "oneway": true, "reversed": "False", "length": 2071.1021669403822, "bridge": "yes", "junction": null, "name": "ถนนกาญจนวณิชย์", "lanes": "3", "maxspeed": null, "tunnel": null }, "geometry": { "type": "LineString", "coordinates": [ [ 100.4704177, 6.9396265 ], [ 100.4705327, 6.9402225 ], [ 100.4706686, 6.940879 ], [ 100.4710124, 6.9425393 ], [ 100.4710707, 6.9428208 ], [ 100.4713283, 6.9441616 ], [ 100.4714068, 6.9445576 ], [ 100.4714808, 6.944855 ], [ 100.4715044, 6.9449662 ], [ 100.4715506, 6.9451838 ], [ 100.471744, 6.9460955 ], [ 100.4718062, 6.9463977 ], [ 100.4719451, 6.9470305 ], [ 100.4721132, 6.9478124 ], [ 100.4722805, 6.9486728 ], [ 100.4722954, 6.9487493 ], [ 100.4725391, 6.9499338 ], [ 100.4726852, 6.9507267 ], [ 100.4728519, 6.9515677 ], [ 100.4730943, 6.9527401 ], [ 100.4733203, 6.9538877 ], [ 100.4735425, 6.9550164 ], [ 100.4735566, 6.9551259 ], [ 100.4736426, 6.9555073 ], [ 100.4737391, 6.955942 ], [ 100.4737813, 6.9561234 ], [ 100.4741169, 6.9578853 ] ] } },
{ "type": "Feature", "properties": { "u": 1177549090, "v": 886021384, "key": 0, "osmid": [ 102026784, 102026765, 102026774, 102007065, 102026779 ], "highway": "trunk", "ref": "4", "oneway": true, "reversed": "False", "length": 1524.6011185723244, "bridge": "yes", "junction": null, "name": null, "lanes": "2", "maxspeed": null, "tunnel": null }, "geometry": { "type": "LineString", "coordinates": [ [ 100.4676861, 6.9783048 ], [ 100.4673991, 6.9783874 ], [ 100.4662534, 6.9788225 ], [ 100.4658019, 6.9789733 ], [ 100.4653767, 6.9791153 ], [ 100.4650026, 6.9792445 ], [ 100.4638001, 6.979642 ], [ 100.4629519, 6.9799372 ], [ 100.4623852, 6.9801368 ], [ 100.4614918, 6.9804516 ], [ 100.4612739, 6.9805187 ], [ 100.4599226, 6.9809688 ], [ 100.4592697, 6.9811863 ], [ 100.4584918, 6.9814454 ], [ 100.4576657, 6.9817205 ], [ 100.4571522, 6.9818942 ], [ 100.4546258, 6.9827658 ] ] } },
{ "type": "Feature", "properties": { "u": 1177874036, "v": 1196108612, "key": 0, "osmid": "243812393", "highway": "trunk", "ref": "4", "oneway": true, "reversed": "False", "length": 95.233038532790516, "bridge": null, "junction": null, "name": null, "lanes": "2", "maxspeed": null, "tunnel": null }, "geometry": { "type": "LineString", "coordinates": [ [ 100.4149718, 7.0052258 ], [ 100.4151834, 7.0043955 ] ] } },
{ "type": "Feature", "properties": { "u": 1177874046, "v": 297337195, "key": 0, "osmid": [ 102026808, 84977270, 102026806 ], "highway": "trunk", "ref": "4", "oneway": true, "reversed": "False", "length": 461.45899710395531, "bridge": "yes", "junction": null, "name": null, "lanes": "2", "maxspeed": null, "tunnel": null }, "geometry": { "type": "LineString", "coordinates": [ [ 100.416515, 6.9991441 ], [ 100.4163175, 6.9998865 ], [ 100.4161955, 7.0003437 ], [ 100.4160431, 7.0008793 ], [ 100.415698, 7.0020064 ], [ 100.4155006, 7.0026245 ], [ 100.4153403, 7.0031261 ] ] } },
{ "type": "Feature", "properties": { "u": 1177874154, "v": 1177874795, "key": 0, "osmid": "243079853", "highway": "trunk", "ref": "4", "oneway": true, "reversed": "False", "length": 1232.4040228948138, "bridge": null, "junction": null, "name": null, "lanes": "2", "maxspeed": null, "tunnel": null }, "geometry": { "type": "LineString", "coordinates": [ [ 100.4326093, 6.986653 ], [ 100.433308, 6.9865721 ], [ 100.4333434, 6.9865681 ], [ 100.4340319, 6.9864914 ], [ 100.4345341, 6.9864354 ], [ 100.4348639, 6.9863986 ], [ 100.4350897, 6.9863734 ], [ 100.436851, 6.9861769 ], [ 100.4373079, 6.9861289 ], [ 100.4377118, 6.986084 ], [ 100.4377188, 6.9860832 ], [ 100.4382097, 6.9860246 ], [ 100.438577, 6.9859808 ], [ 100.4386339, 6.985975 ], [ 100.4419485, 6.9856384 ], [ 100.4437103, 6.9854593 ] ] } },
{ "type": "Feature", "properties": { "u": 1177874569, "v": 1177875503, "key": 0, "osmid": [ 243812393, 102026798, 102026831 ], "highway": "trunk", "ref": "4", "oneway": true, "reversed": "False", "length": 497.2789544835872, "bridge": "yes", "junction": null, "name": null, "lanes": "2", "maxspeed": null, "tunnel": null }, "geometry": { "type": "LineString", "coordinates": [ [ 100.4154506, 7.0034805 ], [ 100.4156308, 7.0029089 ], [ 100.4159061, 7.0020358 ], [ 100.4161803, 7.0011278 ], [ 100.4163962, 7.000374 ], [ 100.416508, 6.9999436 ], [ 100.4166433, 6.9995226 ], [ 100.4167423, 6.9991967 ] ] } },
{ "type": "Feature", "properties": { "u": 1177874795, "v": 2505175764, "key": 0, "osmid": "243079853", "highway": "trunk", "ref": "4", "oneway": true, "reversed": "False", "length": 857.49226978885895, "bridge": null, "junction": null, "name": null, "lanes": "2", "maxspeed": null, "tunnel": null }, "geometry": { "type": "LineString", "coordinates": [ [ 100.4437103, 6.9854593 ], [ 100.4446828, 6.9853379 ], [ 100.4456162, 6.9852394 ], [ 100.4459786, 6.9852036 ], [ 100.4463748, 6.9851673 ], [ 100.4466651, 6.9851355 ], [ 100.4470934, 6.9850886 ], [ 100.4483578, 6.984933 ], [ 100.4489546, 6.9848494 ], [ 100.4502927, 6.9844493 ], [ 100.4508876, 6.9842508 ], [ 100.4513244, 6.9840969 ] ] } },
{ "type": "Feature", "properties": { "u": 1177874818, "v": 1369020960, "key": 0, "osmid": "84977270", "highway": "trunk", "ref": "4", "oneway": true, "reversed": "False", "length": 669.58051699412249, "bridge": null, "junction": null, "name": null, "lanes": "2", "maxspeed": null, "tunnel": null }, "geometry": { "type": "LineString", "coordinates": [ [ 100.4147791, 7.0050323 ], [ 100.414672, 7.0054721 ], [ 100.4146063, 7.0056836 ], [ 100.4143187, 7.0067801 ], [ 100.4142263, 7.0071161 ], [ 100.4141397, 7.0074314 ], [ 100.413953, 7.0081105 ], [ 100.4136032, 7.0093893 ], [ 100.4134514, 7.0099447 ], [ 100.4132046, 7.0108473 ] ] } },
{ "type": "Feature", "properties": { "u": 1177875210, "v": 1177875617, "key": 0, "osmid": "243079852", "highway": "trunk", "ref": "4", "oneway": true, "reversed": "False", "length": 1262.9271933980929, "bridge": null, "junction": null, "name": null, "lanes": "2", "maxspeed": null, "tunnel": null }, "geometry": { "type": "LineString", "coordinates": [ [ 100.4436809, 6.9852352 ], [ 100.443582, 6.9852492 ], [ 100.4426328, 6.9853496 ], [ 100.4422921, 6.9853857 ], [ 100.4417196, 6.9854463 ], [ 100.4408668, 6.9855365 ], [ 100.4385361, 6.9857821 ], [ 100.4384277, 6.985794 ], [ 100.4370072, 6.9859493 ], [ 100.4368753, 6.985963 ], [ 100.4359312, 6.9860611 ], [ 100.4357171, 6.9860835 ], [ 100.4353918, 6.9861175 ], [ 100.4333812, 6.9863278 ], [ 100.4332429, 6.9863423 ], [ 100.4330163, 6.986371 ], [ 100.4327904, 6.9863996 ], [ 100.4323053, 6.9864611 ] ] } },
{ "type": "Feature", "properties": { "u": 1177875503, "v": 1672229832, "key": 0, "osmid": "102026831", "highway": "trunk", "ref": "4", "oneway": true, "reversed": "False", "length": 214.34444729752317, "bridge": null, "junction": null, "name": null, "lanes": "2", "maxspeed": null, "tunnel": null }, "geometry": { "type": "LineString", "coordinates": [ [ 100.4167423, 6.9991967 ], [ 100.4170976, 6.99785 ], [ 100.417242, 6.997334 ] ] } },
{ "type": "Feature", "properties": { "u": 1177875617, "v": 3262586885, "key": 0, "osmid": [ 948052674, 243079852, 243079858, 243079859, 102026836 ], "highway": "trunk", "ref": "4", "oneway": true, "reversed": "False", "length": 1015.9884708914799, "bridge": "yes", "junction": null, "name": null, "lanes": "2", "maxspeed": null, "tunnel": null }, "geometry": { "type": "LineString", "coordinates": [ [ 100.4323053, 6.9864611 ], [ 100.4321289, 6.9864924 ], [ 100.4309962, 6.9866624 ], [ 100.4289694, 6.9868828 ], [ 100.4283052, 6.9869501 ], [ 100.4279507, 6.986986 ], [ 100.4278205, 6.9869995 ], [ 100.4275064, 6.9870354 ], [ 100.4265497, 6.9871271 ], [ 100.4250043, 6.987279 ], [ 100.4242716, 6.9873641 ], [ 100.4231542, 6.987419 ] ] } },
{ "type": "Feature", "properties": { "u": 1195090657, "v": 1195786162, "key": 0, "osmid": "1293450904", "highway": "trunk", "ref": "4", "oneway": true, "reversed": "False", "length": 16.698869665308667, "bridge": null, "junction": null, "name": "ถนนกาญจนวณิชย์", "lanes": null, "maxspeed": null, "tunnel": null }, "geometry": { "type": "LineString", "coordinates": [ [ 100.4531853, 6.788585 ], [ 100.4531746, 6.7884352 ] ] } },
{ "type": "Feature", "properties": { "u": 1195091399, "v": 986034145, "key": 0, "osmid": "1293450908", "highway": "trunk", "ref": "4", "oneway": true, "reversed": "False", "length": 869.11174027511606, "bridge": null, "junction": null, "name": "ถนนกาญจนวณิชย์", "lanes": "3", "maxspeed": null, "tunnel": null }, "geometry": { "type": "LineString", "coordinates": [ [ 100.4529873, 6.7885836 ], [ 100.4530102, 6.789874 ], [ 100.4530296, 6.7908435 ], [ 100.4530424, 6.7912517 ], [ 100.4530931, 6.7927702 ], [ 100.453098, 6.7929019 ], [ 100.4530982, 6.7930364 ], [ 100.4530566, 6.7948216 ], [ 100.4530613, 6.7963977 ] ] } },
{ "type": "Feature", "properties": { "u": 1195786162, "v": 3284313796, "key": 0, "osmid": "1293450904", "highway": "trunk", "ref": "4", "oneway": true, "reversed": "False", "length": 620.88387482736914, "bridge": null, "junction": null, "name": "ถนนกาญจนวณิชย์", "lanes": null, "maxspeed": null, "tunnel": null }, "geometry": { "type": "LineString", "coordinates": [ [ 100.4531746, 6.7884352 ], [ 100.4531732, 6.7880257 ], [ 100.4531687, 6.7874108 ], [ 100.453164, 6.7867205 ], [ 100.4531557, 6.7855103 ], [ 100.453104, 6.7842937 ], [ 100.4531031, 6.784218 ], [ 100.4530984, 6.7837915 ], [ 100.4530878, 6.7828527 ] ] } },
{ "type": "Feature", "properties": { "u": 1195786177, "v": 1195091399, "key": 0, "osmid": "1293450908", "highway": "trunk", "ref": "4", "oneway": true, "reversed": "False", "length": 15.189505281223507, "bridge": null, "junction": null, "name": "ถนนกาญจนวณิชย์", "lanes": "3", "maxspeed": null, "tunnel": null }, "geometry": { "type": "LineString", "coordinates": [ [ 100.4529881, 6.788447 ], [ 100.4529873, 6.7885836 ] ] } },
{ "type": "Feature", "properties": { "u": 1196108612, "v": 1177874569, "key": 0, "osmid": "243812393", "highway": "trunk", "ref": "4", "oneway": true, "reversed": "False", "length": 105.93100318701917, "bridge": null, "junction": null, "name": null, "lanes": "2", "maxspeed": null, "tunnel": null }, "geometry": { "type": "LineString", "coordinates": [ [ 100.4151834, 7.0043955 ], [ 100.4154506, 7.0034805 ] ] } },
{ "type": "Feature", "properties": { "u": 1369020924, "v": 2505177957, "key": 0, "osmid": "243812396", "highway": "trunk", "ref": "4", "oneway": true, "reversed": "False", "length": 899.97294236555376, "bridge": null, "junction": null, "name": null, "lanes": "2", "maxspeed": null, "tunnel": null }, "geometry": { "type": "LineString", "coordinates": [ [ 100.3967793, 7.0331294 ], [ 100.393087, 7.0372603 ], [ 100.3913945, 7.0392075 ] ] } },
{ "type": "Feature", "properties": { "u": 1369020933, "v": 1369020953, "key": 0, "osmid": "306716480", "highway": "trunk", "ref": "4", "oneway": true, "reversed": "False", "length": 1282.546117600016, "bridge": null, "junction": null, "name": null, "lanes": "2", "maxspeed": null, "tunnel": null }, "geometry": { "type": "LineString", "coordinates": [ [ 100.3673522, 7.0664947 ], [ 100.368401, 7.0653175 ], [ 100.3723722, 7.060836 ], [ 100.3744058, 7.0585722 ], [ 100.3750497, 7.0578529 ] ] } },
{ "type": "Feature", "properties": { "u": 1369020934, "v": 1369020944, "key": 0, "osmid": "243812396", "highway": "trunk", "ref": "4", "oneway": true, "reversed": "False", "length": 1283.6165216353895, "bridge": null, "junction": null, "name": null, "lanes": "2", "maxspeed": null, "tunnel": null }, "geometry": { "type": "LineString", "coordinates": [ [ 100.3749307, 7.0577335 ], [ 100.3738514, 7.0589474 ], [ 100.3725209, 7.0604437 ], [ 100.3717231, 7.0613412 ], [ 100.3712394, 7.0618854 ], [ 100.3690292, 7.0643719 ], [ 100.3677922, 7.0657636 ], [ 100.3674631, 7.0661118 ], [ 100.3672199, 7.0663762 ] ] } },
{ "type": "Feature", "properties": { "u": 1369020937, "v": 1369020959, "key": 0, "osmid": [ 306716480, 243812393, 243812394 ], "highway": "trunk", "ref": "4", "oneway": true, "reversed": "False", "length": 1063.402115834255, "bridge": "yes", "junction": null, "name": null, "lanes": "2", "maxspeed": null, "tunnel": null }, "geometry": { "type": "LineString", "coordinates": [ [ 100.4092643, 7.0193438 ], [ 100.4104233, 7.0180815 ], [ 100.410663, 7.0177815 ], [ 100.4109846, 7.017379 ], [ 100.4113584, 7.0168892 ], [ 100.4117094, 7.0163209 ], [ 100.4119061, 7.0158874 ], [ 100.4121901, 7.0152327 ], [ 100.4123289, 7.0147487 ], [ 100.4127961, 7.0131187 ], [ 100.4128951, 7.0127356 ], [ 100.4129911, 7.0123641 ], [ 100.4130008, 7.0123295 ], [ 100.4134013, 7.0109071 ] ] } },
{ "type": "Feature", "properties": { "u": 1369020944, "v": 9627392016, "key": 0, "osmid": "243812396", "highway": "trunk", "ref": "4", "oneway": true, "reversed": "False", "length": 4805.9573898718736, "bridge": null, "junction": null, "name": null, "lanes": "2", "maxspeed": null, "tunnel": null }, "geometry": { "type": "LineString", "coordinates": [ [ 100.3672199, 7.0663762 ], [ 100.366249, 7.0674699 ], [ 100.3653532, 7.0684789 ], [ 100.3639087, 7.0701061 ], [ 100.3564329, 7.078537 ], [ 100.3549029, 7.0802814 ], [ 100.3539177, 7.0813623 ], [ 100.3524048, 7.0830814 ], [ 100.3514847, 7.0841075 ], [ 100.3506224, 7.0850803 ], [ 100.3480248, 7.0880107 ], [ 100.3471392, 7.0890098 ], [ 100.3450008, 7.0914222 ], [ 100.3426059, 7.0941124 ], [ 100.3425285, 7.0941994 ], [ 100.3391625, 7.0980027 ], [ 100.3384417, 7.0988175 ] ] } },
{ "type": "Feature", "properties": { "u": 1369020947, "v": 1369020937, "key": 0, "osmid": "306716480", "highway": "trunk", "ref": "4", "oneway": true, "reversed": "False", "length": 2060.3735681906851, "bridge": null, "junction": null, "name": null, "lanes": "2", "maxspeed": null, "tunnel": null }, "geometry": { "type": "LineString", "coordinates": [ [ 100.3969357, 7.0332583 ], [ 100.397687, 7.0324116 ], [ 100.3988137, 7.0311419 ], [ 100.4020432, 7.0275024 ], [ 100.4025161, 7.0269696 ], [ 100.402621, 7.0268513 ], [ 100.4065749, 7.0223955 ], [ 100.4072706, 7.0216115 ], [ 100.4082075, 7.0205556 ], [ 100.4087292, 7.0199669 ], [ 100.4092643, 7.0193438 ] ] } },
{ "type": "Feature", "properties": { "u": 1369020953, "v": 2506107315, "key": 0, "osmid": "306716480", "highway": "trunk", "ref": "4", "oneway": true, "reversed": "False", "length": 2161.7024589659322, "bridge": null, "junction": null, "name": null, "lanes": "2", "maxspeed": null, "tunnel": null }, "geometry": { "type": "LineString", "coordinates": [ [ 100.3750497, 7.0578529 ], [ 100.3755278, 7.0573111 ], [ 100.3772601, 7.0553634 ], [ 100.3846507, 7.0470797 ], [ 100.3849254, 7.0467511 ], [ 100.3849492, 7.0467244 ], [ 100.3880151, 7.0432803 ] ] } },
{ "type": "Feature", "properties": { "u": 1369020959, "v": 1177874036, "key": 0, "osmid": "243812393", "highway": "trunk", "ref": "4", "oneway": true, "reversed": "False", "length": 655.17837453877917, "bridge": null, "junction": null, "name": null, "lanes": "2", "maxspeed": null, "tunnel": null }, "geometry": { "type": "LineString", "coordinates": [ [ 100.4134013, 7.0109071 ], [ 100.4135058, 7.0105392 ], [ 100.4138754, 7.0092375 ], [ 100.414549, 7.0068117 ], [ 100.4148284, 7.0056741 ], [ 100.4149718, 7.0052258 ] ] } },
{ "type": "Feature", "properties": { "u": 1369020960, "v": 1369020963, "key": 0, "osmid": [ 243812395, 243812396, 84977270 ], "highway": "trunk", "ref": "4", "oneway": true, "reversed": "False", "length": 1053.1990662943406, "bridge": "yes", "junction": null, "name": null, "lanes": "2", "maxspeed": null, "tunnel": null }, "geometry": { "type": "LineString", "coordinates": [ [ 100.4132046, 7.0108473 ], [ 100.4130784, 7.0112811 ], [ 100.4125105, 7.0132323 ], [ 100.4123193, 7.0139105 ], [ 100.4122686, 7.0140905 ], [ 100.4120891, 7.0147275 ], [ 100.4118128, 7.0155407 ], [ 100.4114693, 7.0162602 ], [ 100.4107724, 7.0173148 ], [ 100.4105054, 7.017611 ], [ 100.4102339, 7.0179189 ], [ 100.4101644, 7.018001 ], [ 100.4091234, 7.019232 ] ] } },
{ "type": "Feature", "properties": { "u": 1369020963, "v": 1369020924, "key": 0, "osmid": "243812396", "highway": "trunk", "ref": "4", "oneway": true, "reversed": "False", "length": 2060.1694047692272, "bridge": null, "junction": null, "name": null, "lanes": "2", "maxspeed": null, "tunnel": null }, "geometry": { "type": "LineString", "coordinates": [ [ 100.4091234, 7.019232 ], [ 100.4083796, 7.0200318 ], [ 100.4072934, 7.0211998 ], [ 100.4071763, 7.0213338 ], [ 100.4067657, 7.0218036 ], [ 100.4063215, 7.0223119 ], [ 100.4055707, 7.0231711 ], [ 100.404957, 7.0238734 ], [ 100.4044888, 7.0244091 ], [ 100.4035418, 7.0254928 ], [ 100.398848, 7.0307781 ], [ 100.3986988, 7.0309441 ], [ 100.3967793, 7.0331294 ] ] } },
{ "type": "Feature", "properties": { "u": 1407219149, "v": 2505175669, "key": 0, "osmid": "1293450906", "highway": "trunk", "ref": "4", "oneway": true, "reversed": "False", "length": 410.1153583046721, "bridge": null, "junction": null, "name": "ถนนกาญจนวณิชย์", "lanes": null, "maxspeed": null, "tunnel": null }, "geometry": { "type": "LineString", "coordinates": [ [ 100.4706213, 6.9396302 ], [ 100.4705816, 6.9394557 ], [ 100.4705102, 6.9390334 ], [ 100.4704177, 6.9385988 ], [ 100.4703168, 6.9381249 ], [ 100.4702181, 6.937656 ], [ 100.4702009, 6.9375658 ], [ 100.4701054, 6.9370645 ], [ 100.4700897, 6.936982 ], [ 100.4700289, 6.9366634 ], [ 100.4699422, 6.936266 ], [ 100.4698995, 6.9361257 ], [ 100.4698848, 6.9360165 ] ] } },
{ "type": "Feature", "properties": { "u": 1672229830, "v": 1177874046, "key": 0, "osmid": "102026808", "highway": "trunk", "ref": "4", "oneway": true, "reversed": "False", "length": 214.48696109502563, "bridge": null, "junction": null, "name": null, "lanes": "2", "maxspeed": null, "tunnel": null }, "geometry": { "type": "LineString", "coordinates": [ [ 100.4170468, 6.9972888 ], [ 100.416515, 6.9991441 ] ] } },
{ "type": "Feature", "properties": { "u": 1672229832, "v": 986366937, "key": 0, "osmid": [ 102026794, 102026831, 102026800, 976710226, 976710227 ], "highway": "trunk", "ref": "4", "oneway": true, "reversed": "False", "length": 1036.7492165763699, "bridge": "yes", "junction": null, "name": null, "lanes": "2", "maxspeed": null, "tunnel": null }, "geometry": { "type": "LineString", "coordinates": [ [ 100.417242, 6.997334 ], [ 100.417406, 6.9966996 ], [ 100.4175611, 6.9961368 ], [ 100.4176832, 6.9956604 ], [ 100.4180557, 6.9943028 ], [ 100.4184453, 6.9930839 ], [ 100.419083, 6.9907764 ], [ 100.4193303, 6.9898588 ], [ 100.4193989, 6.9896605 ], [ 100.4194807, 6.989472 ], [ 100.4196023, 6.9892379 ], [ 100.4197292, 6.9890384 ], [ 100.4198704, 6.9888575 ], [ 100.4200032, 6.9887207 ], [ 100.4201779, 6.9885662 ] ] } },
{ "type": "Feature", "properties": { "u": 2505175669, "v": 10882827985, "key": 0, "osmid": "1293450906", "highway": "trunk", "ref": "4", "oneway": true, "reversed": "False", "length": 2650.3072930771177, "bridge": null, "junction": null, "name": "ถนนกาญจนวณิชย์", "lanes": null, "maxspeed": null, "tunnel": null }, "geometry": { "type": "LineString", "coordinates": [ [ 100.4698848, 6.9360165 ], [ 100.4697151, 6.9351855 ], [ 100.4695786, 6.9345313 ], [ 100.4693294, 6.9333372 ], [ 100.4692215, 6.9328613 ], [ 100.4691949, 6.9327687 ], [ 100.4691504, 6.9325529 ], [ 100.4689547, 6.9316049 ], [ 100.4687614, 6.9306949 ], [ 100.468735, 6.9305708 ], [ 100.4686624, 6.9302287 ], [ 100.4685266, 6.9292783 ], [ 100.4685124, 6.9291787 ], [ 100.4684768, 6.9286668 ], [ 100.4684724, 6.9285287 ], [ 100.4685038, 6.9277603 ], [ 100.4685263, 6.9272526 ], [ 100.4685624, 6.9264387 ], [ 100.4685692, 6.9261851 ], [ 100.4685762, 6.9259221 ], [ 100.4685756, 6.9257901 ], [ 100.4685874, 6.9253934 ], [ 100.4685985, 6.9250232 ], [ 100.4686025, 6.924888 ], [ 100.4686052, 6.9247648 ], [ 100.4686059, 6.9247094 ], [ 100.4686115, 6.9244123 ], [ 100.4686122, 6.9243972 ], [ 100.4686414, 6.923753 ], [ 100.4688094, 6.9200532 ], [ 100.4688181, 6.9199264 ], [ 100.4688278, 6.9195038 ], [ 100.4688323, 6.9194018 ], [ 100.4688697, 6.918529 ], [ 100.4690298, 6.9147983 ], [ 100.4691697, 6.9123353 ] ] } },
{ "type": "Feature", "properties": { "u": 2505175674, "v": 1115346528, "key": 0, "osmid": "1293450910", "highway": "trunk", "ref": "4", "oneway": true, "reversed": "False", "length": 408.2150163345658, "bridge": null, "junction": null, "name": "ถนนกาญจนวณิชย์", "lanes": "3", "maxspeed": null, "tunnel": null }, "geometry": { "type": "LineString", "coordinates": [ [ 100.4696581, 6.9360339 ], [ 100.4697514, 6.9365185 ], [ 100.4699495, 6.9374724 ], [ 100.4700919, 6.9381579 ], [ 100.4701765, 6.9385753 ], [ 100.4702733, 6.9390116 ], [ 100.4704177, 6.9396265 ] ] } },
{ "type": "Feature", "properties": { "u": 2505175761, "v": 1177875210, "key": 0, "osmid": "243079852", "highway": "trunk", "ref": "4", "oneway": true, "reversed": "False", "length": 872.07636263669212, "bridge": null, "junction": null, "name": null, "lanes": "2", "maxspeed": null, "tunnel": null }, "geometry": { "type": "LineString", "coordinates": [ [ 100.45142, 6.983847 ], [ 100.451141, 6.983944 ], [ 100.4507464, 6.9840812 ], [ 100.4501856, 6.9842762 ], [ 100.4491825, 6.9845876 ], [ 100.4483269, 6.9847386 ], [ 100.4473196, 6.984827 ], [ 100.4460189, 6.9849934 ], [ 100.4451276, 6.9850766 ], [ 100.4436809, 6.9852352 ] ] } },
{ "type": "Feature", "properties": { "u": 2505175764, "v": 986366894, "key": 1, "osmid": [ 243079860, 243079853, 243079854 ], "highway": "trunk", "ref": "4", "oneway": true, "reversed": "False", "length": 392.38515545989486, "bridge": "yes", "junction": null, "name": null, "lanes": "2", "maxspeed": null, "tunnel": null }, "geometry": { "type": "LineString", "coordinates": [ [ 100.4513244, 6.9840969 ], [ 100.4523482, 6.9837245 ], [ 100.4534477, 6.9833662 ], [ 100.4546833, 6.9829416 ] ] } },
{ "type": "Feature", "properties": { "u": 2505177957, "v": 2506107295, "key": 0, "osmid": "243812396", "highway": "trunk", "ref": "4", "oneway": true, "reversed": "False", "length": 590.63409677858112, "bridge": null, "junction": null, "name": null, "lanes": "2", "maxspeed": null, "tunnel": null }, "geometry": { "type": "LineString", "coordinates": [ [ 100.3913945, 7.0392075 ], [ 100.3878514, 7.0431886 ] ] } },
{ "type": "Feature", "properties": { "u": 2505177959, "v": 1369020947, "key": 0, "osmid": "306716480", "highway": "trunk", "ref": "4", "oneway": true, "reversed": "False", "length": 900.41322617452124, "bridge": null, "junction": null, "name": null, "lanes": "2", "maxspeed": null, "tunnel": null }, "geometry": { "type": "LineString", "coordinates": [ [ 100.3915366, 7.0393294 ], [ 100.3969357, 7.0332583 ] ] } },
{ "type": "Feature", "properties": { "u": 2506107295, "v": 1369020934, "key": 0, "osmid": "243812396", "highway": "trunk", "ref": "4", "oneway": true, "reversed": "False", "length": 2156.111281420322, "bridge": null, "junction": null, "name": null, "lanes": "2", "maxspeed": null, "tunnel": null }, "geometry": { "type": "LineString", "coordinates": [ [ 100.3878514, 7.0431886 ], [ 100.385752, 7.0455582 ], [ 100.3818243, 7.0499914 ], [ 100.3814091, 7.0504599 ], [ 100.3781285, 7.054162 ], [ 100.3778093, 7.0545222 ], [ 100.3752314, 7.057398 ], [ 100.3749307, 7.0577335 ] ] } },
{ "type": "Feature", "properties": { "u": 2506107315, "v": 2505177959, "key": 0, "osmid": "306716480", "highway": "trunk", "ref": "4", "oneway": true, "reversed": "False", "length": 586.54156233526385, "bridge": null, "junction": null, "name": null, "lanes": "2", "maxspeed": null, "tunnel": null }, "geometry": { "type": "LineString", "coordinates": [ [ 100.3880151, 7.0432803 ], [ 100.3884087, 7.042844 ], [ 100.3886929, 7.0425209 ], [ 100.3894357, 7.0416888 ], [ 100.3915366, 7.0393294 ] ] } },
{ "type": "Feature", "properties": { "u": 3116900796, "v": 3286015338, "key": 0, "osmid": "306716480", "highway": "trunk", "ref": "4", "oneway": true, "reversed": "False", "length": 4058.74606046491, "bridge": null, "junction": null, "name": null, "lanes": "2", "maxspeed": null, "tunnel": null }, "geometry": { "type": "LineString", "coordinates": [ [ 100.3385946, 7.0989441 ], [ 100.3425185, 7.094514 ], [ 100.3481652, 7.0881259 ], [ 100.3500815, 7.0859842 ], [ 100.3576122, 7.0774886 ], [ 100.3628855, 7.071535 ] ] } },
{ "type": "Feature", "properties": { "u": 3262586885, "v": 886020909, "key": 0, "osmid": "948052674", "highway": "trunk", "ref": "4", "oneway": true, "reversed": "False", "length": 366.2208981275412, "bridge": null, "junction": null, "name": null, "lanes": "2", "maxspeed": null, "tunnel": null }, "geometry": { "type": "LineString", "coordinates": [ [ 100.4231542, 6.987419 ], [ 100.4226443, 6.9874969 ], [ 100.4220987, 6.9875546 ], [ 100.4216822, 6.9875935 ], [ 100.4214803, 6.9876333 ], [ 100.4212402, 6.9877031 ], [ 100.4210267, 6.987788 ], [ 100.420799, 6.9878841 ], [ 100.4205991, 6.9879953 ], [ 100.4203816, 6.9881336 ], [ 100.4202028, 6.9882704 ], [ 100.4200582, 6.9883905 ] ] } },
{ "type": "Feature", "properties": { "u": 3262586888, "v": 1177874154, "key": 0, "osmid": [ 102026851, 243079853, 102026800, 243079856, 102026847 ], "highway": "trunk", "ref": "4", "oneway": true, "reversed": "False", "length": 1033.2819174681129, "bridge": "yes", "junction": null, "name": null, "lanes": "2", "maxspeed": null, "tunnel": null }, "geometry": { "type": "LineString", "coordinates": [ [ 100.4232992, 6.9876249 ], [ 100.4243257, 6.9875082 ], [ 100.4250661, 6.9874274 ], [ 100.4265987, 6.9872578 ], [ 100.4276949, 6.9871476 ], [ 100.4278071, 6.9871386 ], [ 100.4278968, 6.9871252 ], [ 100.4281482, 6.9870982 ], [ 100.4289919, 6.9870085 ], [ 100.4310084, 6.9867869 ], [ 100.4326093, 6.986653 ] ] } },
{ "type": "Feature", "properties": { "u": 3284312817, "v": 3284315210, "key": 0, "osmid": "1293450908", "highway": "trunk", "ref": "4", "oneway": true, "reversed": "False", "length": 360.94186569237763, "bridge": null, "junction": null, "name": "ถนนกาญจนวณิชย์", "lanes": "3", "maxspeed": null, "tunnel": null }, "geometry": { "type": "LineString", "coordinates": [ [ 100.452849, 6.7796 ], [ 100.4528539, 6.7803134 ], [ 100.4528629, 6.7816162 ], [ 100.4528767, 6.7828459 ] ] } },
{ "type": "Feature", "properties": { "u": 3284313471, "v": 3284312817, "key": 1, "osmid": "1293450908", "highway": "trunk", "ref": "4", "oneway": true, "reversed": "False", "length": 328.3771818521642, "bridge": null, "junction": null, "name": "ถนนกาญจนวณิชย์", "lanes": "3", "maxspeed": null, "tunnel": null }, "geometry": { "type": "LineString", "coordinates": [ [ 100.4534352, 6.7767555 ], [ 100.4531083, 6.7774733 ], [ 100.4529266, 6.77794 ], [ 100.4528625, 6.7783478 ], [ 100.452849, 6.7796 ] ] } },
{ "type": "Feature", "properties": { "u": 3284313796, "v": 3284315066, "key": 0, "osmid": "1293450904", "highway": "trunk", "ref": "4", "oneway": true, "reversed": "False", "length": 1233.2123701065384, "bridge": null, "junction": null, "name": "ถนนกาญจนวณิชย์", "lanes": null, "maxspeed": null, "tunnel": null }, "geometry": { "type": "LineString", "coordinates": [ [ 100.4530878, 6.7828527 ], [ 100.4530734, 6.7815759 ], [ 100.453052, 6.7803379 ], [ 100.4530475, 6.7797904 ], [ 100.4530385, 6.7789467 ], [ 100.4530416, 6.7787553 ], [ 100.4530707, 6.7782187 ], [ 100.4532024, 6.777707 ], [ 100.4533824, 6.777282 ], [ 100.4536829, 6.7766816 ], [ 100.4547349, 6.77458 ], [ 100.4554875, 6.7730836 ], [ 100.4558367, 6.7723892 ] ] } },
{ "type": "Feature", "properties": { "u": 3284315064, "v": 3284313471, "key": 0, "osmid": "1293450908", "highway": "trunk", "ref": "4", "oneway": true, "reversed": "False", "length": 551.01686797343973, "bridge": null, "junction": null, "name": "ถนนกาญจนวณิชย์", "lanes": "3", "maxspeed": null, "tunnel": null }, "geometry": { "type": "LineString", "coordinates": [ [ 100.4556595, 6.7723198 ], [ 100.4543916, 6.77482 ], [ 100.4534822, 6.7766481 ], [ 100.4534352, 6.7767555 ] ] } },
{ "type": "Feature", "properties": { "u": 3284315066, "v": 3284315165, "key": 0, "osmid": "1293450904", "highway": "trunk", "ref": "4", "oneway": true, "reversed": "False", "length": 1316.1091350895069, "bridge": null, "junction": null, "name": "ถนนกาญจนวณิชย์", "lanes": null, "maxspeed": null, "tunnel": null }, "geometry": { "type": "LineString", "coordinates": [ [ 100.4558367, 6.7723892 ], [ 100.4566086, 6.7708481 ], [ 100.4574322, 6.7692035 ], [ 100.4575524, 6.7689687 ], [ 100.4577688, 6.7685483 ], [ 100.4589557, 6.7662937 ], [ 100.4591524, 6.765837 ], [ 100.459269, 6.7652337 ], [ 100.4592632, 6.7651195 ], [ 100.4592632, 6.7613464 ] ] } },
{ "type": "Feature", "properties": { "u": 3284315165, "v": 3284313772, "key": 0, "osmid": [ 1293450904, 321674082, 321674100 ], "highway": "trunk", "ref": "4", "oneway": true, "reversed": "False", "length": 1669.0972489265453, "bridge": "yes", "junction": null, "name": "ถนนกาญจนวณิชย์", "lanes": null, "maxspeed": null, "tunnel": null }, "geometry": { "type": "LineString", "coordinates": [ [ 100.4592632, 6.7613464 ], [ 100.4592624, 6.760847 ], [ 100.4592465, 6.7606595 ], [ 100.4591857, 6.7603853 ], [ 100.4590824, 6.7600603 ], [ 100.4586614, 6.7593791 ], [ 100.4574374, 6.7577637 ], [ 100.456645, 6.7566964 ], [ 100.4536982, 6.7527375 ], [ 100.4529249, 6.7516857 ], [ 100.4526436, 6.7513856 ], [ 100.452335, 6.75097 ], [ 100.4519566, 6.7503833 ], [ 100.4519153, 6.7502841 ], [ 100.4517783, 6.749955 ], [ 100.4517233, 6.7495616 ], [ 100.4516759, 6.7487175 ] ] } },
{ "type": "Feature", "properties": { "u": 3284315210, "v": 1195786177, "key": 0, "osmid": "1293450908", "highway": "trunk", "ref": "4", "oneway": true, "reversed": "False", "length": 622.99095496152347, "bridge": null, "junction": null, "name": "ถนนกาญจนวณิชย์", "lanes": "3", "maxspeed": null, "tunnel": null }, "geometry": { "type": "LineString", "coordinates": [ [ 100.4528767, 6.7828459 ], [ 100.45289, 6.7843983 ], [ 100.452941, 6.7857025 ], [ 100.45296, 6.7861866 ], [ 100.4529706, 6.7872081 ], [ 100.4529806, 6.7878431 ], [ 100.4529881, 6.788447 ] ] } },
{ "type": "Feature", "properties": { "u": 3286015338, "v": 1369020933, "key": 0, "osmid": "306716480", "highway": "trunk", "ref": "4", "oneway": true, "reversed": "False", "length": 746.36563780257245, "bridge": null, "junction": null, "name": null, "lanes": "2", "maxspeed": null, "tunnel": null }, "geometry": { "type": "LineString", "coordinates": [ [ 100.3628855, 7.071535 ], [ 100.3673522, 7.0664947 ] ] } },
{ "type": "Feature", "properties": { "u": 4906809414, "v": 10882827984, "key": 0, "osmid": [ 321674482, 1293450908, 1293450909, 1293450910, 1293450911 ], "highway": "trunk", "ref": "4", "oneway": true, "reversed": "False", "length": 11755.386291748389, "bridge": "yes", "junction": null, "name": "ถนนกาญจนวณิชย์", "lanes": "3", "maxspeed": null, "tunnel": null }, "geometry": { "type": "LineString", "coordinates": [ [ 100.4553582, 6.8095502 ], [ 100.4562019, 6.8122774 ], [ 100.4566623, 6.8137298 ], [ 100.4571818, 6.815354 ], [ 100.4573311, 6.8159099 ], [ 100.4575531, 6.8166434 ], [ 100.4588416, 6.82095 ], [ 100.45962, 6.8233639 ], [ 100.4599329, 6.8243344 ], [ 100.4600766, 6.82478 ], [ 100.4602016, 6.8250312 ], [ 100.4603166, 6.8252875 ], [ 100.4612163, 6.8271425 ], [ 100.4620921, 6.8289104 ], [ 100.4637505, 6.8323248 ], [ 100.4645493, 6.8339853 ], [ 100.4646571, 6.8342186 ], [ 100.4648068, 6.8345288 ], [ 100.4649712, 6.8348694 ], [ 100.465995, 6.8369983 ], [ 100.4669952, 6.8391508 ], [ 100.4679143, 6.8411303 ], [ 100.4682384, 6.8418121 ], [ 100.4688083, 6.8430104 ], [ 100.4692751, 6.8440112 ], [ 100.4695666, 6.8446133 ], [ 100.4695767, 6.844641 ], [ 100.4696969, 6.8449716 ], [ 100.4698266, 6.8452833 ], [ 100.4699883, 6.8459233 ], [ 100.4700383, 6.8463066 ], [ 100.4701226, 6.8475398 ], [ 100.47038, 6.8515635 ], [ 100.4704017, 6.8519857 ], [ 100.4704114, 6.8528271 ], [ 100.4704212, 6.8536695 ], [ 100.4704301, 6.8548959 ], [ 100.4704322, 6.8552406 ], [ 100.4704407, 6.8557383 ], [ 100.4704302, 6.8563974 ], [ 100.4704378, 6.8584447 ], [ 100.4704379, 6.8584668 ], [ 100.4704195, 6.8588706 ], [ 100.4704015, 6.8593418 ], [ 100.4703983, 6.8595383 ], [ 100.4703552, 6.861101 ], [ 100.4703272, 6.8625069 ], [ 100.4703073, 6.8634437 ], [ 100.4702983, 6.8638745 ], [ 100.4702893, 6.8643548 ], [ 100.4702829, 6.864803 ], [ 100.4702816, 6.8648933 ], [ 100.4702771, 6.8652396 ], [ 100.4702717, 6.8656583 ], [ 100.4702659, 6.8661057 ], [ 100.470247, 6.8675755 ], [ 100.47024, 6.8681201 ], [ 100.4702355, 6.8685644 ], [ 100.470231, 6.8690087 ], [ 100.4702265, 6.8694036 ], [ 100.4702245, 6.869603 ], [ 100.4702175, 6.8702832 ], [ 100.4702086, 6.8707051 ], [ 100.4702, 6.8715974 ], [ 100.4701996, 6.8716386 ], [ 100.4701996, 6.8719123 ], [ 100.4701955, 6.8724471 ], [ 100.4701951, 6.8724958 ], [ 100.47019, 6.873435 ], [ 100.4701713, 6.8742363 ], [ 100.4701368, 6.8757091 ], [ 100.4701192, 6.8767531 ], [ 100.4701188, 6.8767772 ], [ 100.4700784, 6.8787878 ], [ 100.470047, 6.8805935 ], [ 100.4700376, 6.8811303 ], [ 100.4700302, 6.8815578 ], [ 100.4700165, 6.8823423 ], [ 100.4700083, 6.8828133 ], [ 100.470007, 6.8830278 ], [ 100.46999, 6.8857333 ], [ 100.4699806, 6.886114 ], [ 100.4699594, 6.8869664 ], [ 100.4699169, 6.8890626 ], [ 100.4699113, 6.8893393 ], [ 100.4698794, 6.8909149 ], [ 100.4698675, 6.8911788 ], [ 100.4698312, 6.8921575 ], [ 100.469827, 6.8923212 ], [ 100.4698133, 6.8928616 ], [ 100.4697924, 6.8935026 ], [ 100.4697897, 6.893582 ], [ 100.4697296, 6.8953423 ], [ 100.4696521, 6.8976144 ], [ 100.4696499, 6.897875 ], [ 100.469575, 6.900175 ], [ 100.469528, 6.9013256 ], [ 100.4694992, 6.9020326 ], [ 100.4692841, 6.9071512 ], [ 100.46921, 6.9091216 ], [ 100.4690841, 6.9114276 ], [ 100.4690347, 6.9123324 ] ] } },
{ "type": "Feature", "properties": { "u": 8634920379, "v": 1196163273, "key": 0, "osmid": "103598618", "highway": "secondary_link", "ref": "4", "oneway": true, "reversed": "False", "length": 63.035747987061207, "bridge": null, "junction": null, "name": null, "lanes": null, "maxspeed": null, "tunnel": null }, "geometry": { "type": "LineString", "coordinates": [ [ 100.4184098, 6.9920214 ], [ 100.4182588, 6.9921154 ], [ 100.4182076, 6.992145 ], [ 100.4181688, 6.9921638 ], [ 100.418092, 6.9921952 ], [ 100.4178866, 6.9922238 ] ] } },
{ "type": "Feature", "properties": { "u": 8635005967, "v": 620882139, "key": 0, "osmid": "103598626", "highway": "secondary_link", "ref": "4", "oneway": true, "reversed": "False", "length": 76.85159957549223, "bridge": null, "junction": null, "name": null, "lanes": null, "maxspeed": null, "tunnel": null }, "geometry": { "type": "LineString", "coordinates": [ [ 100.4185832, 6.9930993 ], [ 100.4187263, 6.9930066 ], [ 100.4188037, 6.9929589 ], [ 100.4188738, 6.9929286 ], [ 100.4189891, 6.9929051 ], [ 100.4192262, 6.9929431 ] ] } },
{ "type": "Feature", "properties": { "u": 9627392016, "v": 3116902087, "key": 0, "osmid": [ 306716489, 243812396, 306716485 ], "highway": "trunk", "ref": "4", "oneway": true, "reversed": "False", "length": 1483.1172900351983, "bridge": "yes", "junction": null, "name": null, "lanes": "2", "maxspeed": null, "tunnel": null }, "geometry": { "type": "LineString", "coordinates": [ [ 100.3384417, 7.0988175 ], [ 100.3376675, 7.0996927 ], [ 100.3344501, 7.1033296 ], [ 100.3341694, 7.1036456 ], [ 100.3334001, 7.1045281 ], [ 100.3327725, 7.1052464 ], [ 100.3324016, 7.1056715 ], [ 100.3315132, 7.1066896 ], [ 100.3307676, 7.107544 ], [ 100.3297784, 7.1086505 ], [ 100.3295933, 7.1088575 ] ] } },
{ "type": "Feature", "properties": { "u": 10882827984, "v": 2505175674, "key": 0, "osmid": "1293450910", "highway": "trunk", "ref": "4", "oneway": true, "reversed": "False", "length": 2652.3349334981303, "bridge": null, "junction": null, "name": "ถนนกาญจนวณิชย์", "lanes": "3", "maxspeed": null, "tunnel": null }, "geometry": { "type": "LineString", "coordinates": [ [ 100.4690347, 6.9123324 ], [ 100.4690314, 6.9123926 ], [ 100.4689609, 6.9136855 ], [ 100.4688182, 6.9164268 ], [ 100.4687833, 6.9170983 ], [ 100.4686864, 6.9199212 ], [ 100.4686789, 6.920043 ], [ 100.4685211, 6.9231415 ], [ 100.468485, 6.924075 ], [ 100.4684486, 6.9247178 ], [ 100.4683012, 6.9272883 ], [ 100.46828, 6.9277283 ], [ 100.468267, 6.9282359 ], [ 100.4682633, 6.92838 ], [ 100.4683083, 6.9292616 ], [ 100.4685806, 6.9306935 ], [ 100.468952, 6.9325526 ], [ 100.4690142, 6.9328381 ], [ 100.4692653, 6.9341101 ], [ 100.4693633, 6.9346066 ], [ 100.4693817, 6.9346958 ], [ 100.4696581, 6.9360339 ] ] } },
{ "type": "Feature", "properties": { "u": 10882827985, "v": 12376668510, "key": 0, "osmid": [ 1293450906, 1293450904, 1293450905, 85647290, 1293450907 ], "highway": "trunk", "ref": "4", "oneway": true, "reversed": "False", "length": 11763.738876245459, "bridge": "yes", "junction": null, "name": "ถนนกาญจนวณิชย์", "lanes": null, "maxspeed": null, "tunnel": null }, "geometry": { "type": "LineString", "coordinates": [ [ 100.4691697, 6.9123353 ], [ 100.4693995, 6.9082882 ], [ 100.4694363, 6.9076413 ], [ 100.4694553, 6.9073066 ], [ 100.469512, 6.9063476 ], [ 100.4696435, 6.9041255 ], [ 100.4696824, 6.9034687 ], [ 100.4697873, 6.9004291 ], [ 100.4700124, 6.8943087 ], [ 100.4700745, 6.8916463 ], [ 100.4700868, 6.8911862 ], [ 100.4701324, 6.8894787 ], [ 100.4701356, 6.8892609 ], [ 100.4701397, 6.8889847 ], [ 100.4701418, 6.8888452 ], [ 100.4701693, 6.8869792 ], [ 100.4701956, 6.8851951 ], [ 100.4701957, 6.8847215 ], [ 100.4702659, 6.8799912 ], [ 100.4702854, 6.8786808 ], [ 100.4703024, 6.8779587 ], [ 100.4702824, 6.8766187 ], [ 100.4702854, 6.8762529 ], [ 100.4703214, 6.8742064 ], [ 100.4703324, 6.8738387 ], [ 100.4704124, 6.8725787 ], [ 100.4704187, 6.8711415 ], [ 100.4704186, 6.870716 ], [ 100.4704216, 6.8702895 ], [ 100.4704246, 6.8698711 ], [ 100.470432, 6.8694146 ], [ 100.4704388, 6.8689936 ], [ 100.4704397, 6.8685457 ], [ 100.4704406, 6.8681364 ], [ 100.470438, 6.8676855 ], [ 100.4704425, 6.8672592 ], [ 100.4704425, 6.8666129 ], [ 100.470456, 6.8648267 ], [ 100.4704624, 6.8642687 ], [ 100.4705054, 6.8625244 ], [ 100.4705413, 6.860846 ], [ 100.4705637, 6.8601728 ], [ 100.4705727, 6.859908 ], [ 100.4705854, 6.859657 ], [ 100.4706205, 6.8589446 ], [ 100.4706041, 6.8584584 ], [ 100.4705924, 6.8577387 ], [ 100.4705906, 6.8575923 ], [ 100.4705475, 6.8563455 ], [ 100.4705504, 6.8557411 ], [ 100.4705564, 6.8552885 ], [ 100.4705553, 6.855236 ], [ 100.4705575, 6.8551417 ], [ 100.4705348, 6.8543718 ], [ 100.4705256, 6.8537381 ], [ 100.4706051, 6.8525595 ], [ 100.4706032, 6.8519415 ], [ 100.4705803, 6.8515635 ], [ 100.4705224, 6.8506087 ], [ 100.4705098, 6.8505104 ], [ 100.4704725, 6.8500277 ], [ 100.470456, 6.8498148 ], [ 100.470447, 6.8496263 ], [ 100.4703695, 6.8484182 ], [ 100.4703407, 6.8480041 ], [ 100.4703289, 6.8478356 ], [ 100.4703098, 6.8475534 ], [ 100.4702963, 6.8473542 ], [ 100.470204, 6.8461999 ], [ 100.4701651, 6.8459436 ], [ 100.4701197, 6.8456769 ], [ 100.4698824, 6.8448887 ], [ 100.4697559, 6.8446313 ], [ 100.4691473, 6.8433518 ], [ 100.4689774, 6.8429945 ], [ 100.468791, 6.8426027 ], [ 100.4683984, 6.8417838 ], [ 100.4682165, 6.8414045 ], [ 100.4661386, 6.8370153 ], [ 100.4659564, 6.8366303 ], [ 100.4657513, 6.8361924 ], [ 100.4653084, 6.8352471 ], [ 100.4651149, 6.8348391 ], [ 100.4643056, 6.8332027 ], [ 100.4639875, 6.8325459 ], [ 100.4637925, 6.8321363 ], [ 100.4632229, 6.8309703 ], [ 100.4627026, 6.8298956 ], [ 100.4624719, 6.829415 ], [ 100.4621989, 6.8288654 ], [ 100.4608725, 6.826165 ], [ 100.4607684, 6.8259576 ], [ 100.4606665, 6.8257526 ], [ 100.4604271, 6.8252387 ], [ 100.4602989, 6.8249729 ], [ 100.4601737, 6.8246959 ], [ 100.460027, 6.8242967 ], [ 100.4590375, 6.8210677 ], [ 100.4576707, 6.8166146 ], [ 100.4572889, 6.8153265 ], [ 100.4567752, 6.813699 ], [ 100.4562952, 6.8121004 ], [ 100.4559297, 6.8109574 ], [ 100.4556723, 6.8101106 ], [ 100.4555691, 6.8097829 ], [ 100.455487, 6.8095118 ] ] } },
{ "type": "Feature", "properties": { "u": 12376668510, "v": 986128081, "key": 0, "osmid": "1293450904", "highway": "trunk", "ref": "4", "oneway": true, "reversed": "False", "length": 1493.9813662204263, "bridge": null, "junction": null, "name": "ถนนกาญจนวณิชย์", "lanes": null, "maxspeed": null, "tunnel": null }, "geometry": { "type": "LineString", "coordinates": [ [ 100.455487, 6.8095118 ], [ 100.4554627, 6.8094316 ], [ 100.4553776, 6.8091655 ], [ 100.454927, 6.8076683 ], [ 100.4547257, 6.8070167 ], [ 100.4544339, 6.8060941 ], [ 100.4537183, 6.8037833 ], [ 100.4534257, 6.8028501 ], [ 100.4533228, 6.8023053 ], [ 100.4532926, 6.8016891 ], [ 100.4532805, 6.8013246 ], [ 100.4532723, 6.8009318 ], [ 100.453254, 6.8001569 ], [ 100.453248, 6.7996265 ], [ 100.4532183, 6.7980124 ], [ 100.4531984, 6.7972883 ], [ 100.4531883, 6.7963949 ] ] } },
{ "type": "Feature", "properties": { "u": 485546813, "v": 2504009958, "key": 0, "osmid": "1085342585", "highway": "trunk", "ref": "4", "oneway": true, "reversed": "False", "length": 41.202990874803355, "bridge": null, "junction": null, "name": "ถนนเพชรเกษม", "lanes": null, "maxspeed": null, "tunnel": null }, "geometry": { "type": "LineString", "coordinates": [ [ 100.2905068, 7.1471047 ], [ 100.2902286, 7.1473519 ] ] } },
{ "type": "Feature", "properties": { "u": 886021555, "v": 7294319675, "key": 0, "osmid": "84977173", "highway": "trunk", "ref": "4", "oneway": true, "reversed": "False", "length": 1333.290226252373, "bridge": null, "junction": null, "name": "ถนนเพชรเกษม", "lanes": null, "maxspeed": null, "tunnel": null }, "geometry": { "type": "LineString", "coordinates": [ [ 100.2454029, 7.1857134 ], [ 100.2403276, 7.1843917 ], [ 100.2392382, 7.1841451 ], [ 100.23861, 7.1841166 ], [ 100.2381972, 7.1841294 ], [ 100.2380815, 7.1841398 ], [ 100.2377845, 7.1841792 ], [ 100.23738, 7.1842268 ], [ 100.2336142, 7.1850486 ] ] } },
{ "type": "Feature", "properties": { "u": 986360473, "v": 2504007628, "key": 0, "osmid": [ 84972352, 242963245, 242963237 ], "highway": "trunk", "ref": "4", "oneway": true, "reversed": "False", "length": 1907.6096111187117, "bridge": "yes", "junction": null, "name": null, "lanes": "2", "maxspeed": null, "tunnel": null }, "geometry": { "type": "LineString", "coordinates": [ [ 100.2945944, 7.1437514 ], [ 100.2947572, 7.1436093 ], [ 100.2953153, 7.1431224 ], [ 100.2958494, 7.1427342 ], [ 100.2964213, 7.1425003 ], [ 100.2977949, 7.1422381 ], [ 100.2989808, 7.1419883 ], [ 100.2997843, 7.141819 ], [ 100.3002253, 7.1416852 ], [ 100.3005287, 7.1415789 ], [ 100.3007856, 7.1414377 ], [ 100.3011594, 7.1411974 ], [ 100.3019377, 7.1404377 ], [ 100.3024623, 7.1398201 ], [ 100.3039311, 7.1381566 ], [ 100.3050956, 7.136854 ], [ 100.3053296, 7.136622 ], [ 100.3078595, 7.1337107 ] ] } },
{ "type": "Feature", "properties": { "u": 986360535, "v": 2504009899, "key": 0, "osmid": "84972352", "highway": "trunk", "ref": "4", "oneway": true, "reversed": "False", "length": 48.034778332467532, "bridge": null, "junction": null, "name": null, "lanes": "2", "maxspeed": null, "tunnel": null }, "geometry": { "type": "LineString", "coordinates": [ [ 100.2908343, 7.1471322 ], [ 100.2911568, 7.146842 ] ] } },
{ "type": "Feature", "properties": { "u": 986360652, "v": 986360535, "key": 0, "osmid": "84972352", "highway": "trunk", "ref": "4", "oneway": true, "reversed": "False", "length": 16.797471669853106, "bridge": null, "junction": null, "name": null, "lanes": "2", "maxspeed": null, "tunnel": null }, "geometry": { "type": "LineString", "coordinates": [ [ 100.2907137, 7.1472244 ], [ 100.2908343, 7.1471322 ] ] } },
{ "type": "Feature", "properties": { "u": 1612088576, "v": 485546813, "key": 0, "osmid": "242963242", "highway": "trunk", "ref": "4", "oneway": true, "reversed": "False", "length": 17.634916999612653, "bridge": null, "junction": null, "name": null, "lanes": "2", "maxspeed": null, "tunnel": null }, "geometry": { "type": "LineString", "coordinates": [ [ 100.2906256, 7.1469986 ], [ 100.2905068, 7.1471047 ] ] } },
{ "type": "Feature", "properties": { "u": 2504007619, "v": 4902569485, "key": 0, "osmid": [ 242963241, 242963242, 242963244 ], "highway": "trunk", "ref": "4", "oneway": true, "reversed": "False", "length": 1905.640540133651, "bridge": "yes", "junction": null, "name": null, "lanes": "2", "maxspeed": null, "tunnel": null }, "geometry": { "type": "LineString", "coordinates": [ [ 100.3076821, 7.1335675 ], [ 100.3045047, 7.1371198 ], [ 100.3021591, 7.1397663 ], [ 100.3016631, 7.1403439 ], [ 100.3012498, 7.1407741 ], [ 100.3008088, 7.141137 ], [ 100.3003356, 7.1414193 ], [ 100.2997847, 7.1416359 ], [ 100.298734, 7.1418281 ], [ 100.2970746, 7.142152 ], [ 100.296208, 7.1423746 ], [ 100.2957286, 7.1425858 ], [ 100.2953309, 7.1428322 ], [ 100.2949231, 7.1431835 ], [ 100.2944538, 7.1435877 ], [ 100.294422, 7.1436151 ] ] } },
{ "type": "Feature", "properties": { "u": 2504007628, "v": 3116921546, "key": 0, "osmid": [ 242963243, 242963236, 242963245 ], "highway": "trunk", "ref": "4", "oneway": true, "reversed": "False", "length": 3207.4646871840619, "bridge": "yes", "junction": null, "name": null, "lanes": "2", "maxspeed": null, "tunnel": null }, "geometry": { "type": "LineString", "coordinates": [ [ 100.3078595, 7.1337107 ], [ 100.3091396, 7.1322668 ], [ 100.3108455, 7.1303425 ], [ 100.3128184, 7.1280877 ], [ 100.3132673, 7.1275374 ], [ 100.314753, 7.1259081 ], [ 100.3154058, 7.1251832 ], [ 100.3157586, 7.1247841 ], [ 100.3188522, 7.121221 ], [ 100.3248213, 7.1145353 ], [ 100.3254323, 7.1138509 ], [ 100.3270199, 7.1120196 ] ] } },
{ "type": "Feature", "properties": { "u": 2504009892, "v": 1612088576, "key": 0, "osmid": "242963242", "highway": "trunk", "ref": "4", "oneway": true, "reversed": "False", "length": 54.800234679260086, "bridge": null, "junction": null, "name": null, "lanes": "2", "maxspeed": null, "tunnel": null }, "geometry": { "type": "LineString", "coordinates": [ [ 100.2909778, 7.1466511 ], [ 100.2906256, 7.1469986 ] ] } },
{ "type": "Feature", "properties": { "u": 2504009899, "v": 986360473, "key": 0, "osmid": "84972352", "highway": "trunk", "ref": "4", "oneway": true, "reversed": "False", "length": 511.81238634419049, "bridge": null, "junction": null, "name": null, "lanes": "2", "maxspeed": null, "tunnel": null }, "geometry": { "type": "LineString", "coordinates": [ [ 100.2911568, 7.146842 ], [ 100.291855, 7.1462138 ], [ 100.2945944, 7.1437514 ] ] } },
{ "type": "Feature", "properties": { "u": 2504009958, "v": 4902636579, "key": 0, "osmid": "1085342585", "highway": "trunk", "ref": "4", "oneway": true, "reversed": "False", "length": 1501.1064565773672, "bridge": null, "junction": null, "name": "ถนนเพชรเกษม", "lanes": null, "maxspeed": null, "tunnel": null }, "geometry": { "type": "LineString", "coordinates": [ [ 100.2902286, 7.1473519 ], [ 100.2880117, 7.1492903 ], [ 100.2864382, 7.1506997 ], [ 100.2855639, 7.1514648 ], [ 100.2839255, 7.1529339 ], [ 100.2833646, 7.1534369 ], [ 100.2808812, 7.1556407 ], [ 100.2800796, 7.1563426 ] ] } },
{ "type": "Feature", "properties": { "u": 2504009960, "v": 986360652, "key": 0, "osmid": "1085342587", "highway": "trunk", "ref": "4", "oneway": true, "reversed": "False", "length": 37.938842308509095, "bridge": null, "junction": null, "name": "ถนนเพชรเกษม", "lanes": null, "maxspeed": null, "tunnel": null }, "geometry": { "type": "LineString", "coordinates": [ [ 100.2904531, 7.147447 ], [ 100.2907137, 7.1472244 ] ] } },
{ "type": "Feature", "properties": { "u": 3116869103, "v": 3116900796, "key": 0, "osmid": [ 306716480, 242963243, 306716486 ], "highway": "trunk", "ref": "4", "oneway": true, "reversed": "False", "length": 1482.9623239535294, "bridge": "yes", "junction": null, "name": null, "lanes": "2", "maxspeed": null, "tunnel": null }, "geometry": { "type": "LineString", "coordinates": [ [ 100.3297311, 7.1089686 ], [ 100.3315881, 7.1068784 ], [ 100.333041, 7.1052417 ], [ 100.3330775, 7.1052006 ], [ 100.3340023, 7.10416 ], [ 100.3343194, 7.1037676 ], [ 100.3345713, 7.1034837 ], [ 100.3385946, 7.0989441 ] ] } },
{ "type": "Feature", "properties": { "u": 3116902087, "v": 3116921652, "key": 0, "osmid": "306716489", "highway": "trunk", "ref": "4", "oneway": true, "reversed": "False", "length": 451.7383566384915, "bridge": null, "junction": null, "name": null, "lanes": "2", "maxspeed": null, "tunnel": null }, "geometry": { "type": "LineString", "coordinates": [ [ 100.3295933, 7.1088575 ], [ 100.3289429, 7.1095969 ], [ 100.3277649, 7.110936 ], [ 100.3269113, 7.1119269 ] ] } },
{ "type": "Feature", "properties": { "u": 3116921546, "v": 3116869103, "key": 0, "osmid": "242963243", "highway": "trunk", "ref": "4", "oneway": true, "reversed": "False", "length": 452.32492198982811, "bridge": null, "junction": null, "name": null, "lanes": "2", "maxspeed": null, "tunnel": null }, "geometry": { "type": "LineString", "coordinates": [ [ 100.3270199, 7.1120196 ], [ 100.3270597, 7.1119741 ], [ 100.3281221, 7.1107579 ], [ 100.3289873, 7.1097957 ], [ 100.3297311, 7.1089686 ] ] } },
{ "type": "Feature", "properties": { "u": 3116921652, "v": 2504007619, "key": 0, "osmid": [ 242963240, 306716489, 242963244 ], "highway": "trunk", "ref": "4", "oneway": true, "reversed": "False", "length": 3208.3838610754992, "bridge": "yes", "junction": null, "name": null, "lanes": "2", "maxspeed": null, "tunnel": null }, "geometry": { "type": "LineString", "coordinates": [ [ 100.3269113, 7.1119269 ], [ 100.3264292, 7.1124313 ], [ 100.325985, 7.112896 ], [ 100.3258541, 7.113042 ], [ 100.3245892, 7.114452 ], [ 100.3219045, 7.1174823 ], [ 100.3199755, 7.1196595 ], [ 100.319868, 7.1197826 ], [ 100.3188635, 7.1208987 ], [ 100.3183713, 7.1214813 ], [ 100.3175174, 7.122511 ], [ 100.316413, 7.1237325 ], [ 100.3162725, 7.1238878 ], [ 100.3155136, 7.1247272 ], [ 100.3151356, 7.1251522 ], [ 100.3106781, 7.1301388 ], [ 100.309135, 7.1319351 ], [ 100.3076821, 7.1335675 ] ] } },
{ "type": "Feature", "properties": { "u": 4902569485, "v": 2504009892, "key": 0, "osmid": "242963242", "highway": "trunk", "ref": "4", "oneway": true, "reversed": "False", "length": 508.30497911985117, "bridge": null, "junction": null, "name": null, "lanes": "2", "maxspeed": null, "tunnel": null }, "geometry": { "type": "LineString", "coordinates": [ [ 100.294422, 7.1436151 ], [ 100.2929076, 7.1449462 ], [ 100.2923316, 7.145464 ], [ 100.2909778, 7.1466511 ] ] } },
{ "type": "Feature", "properties": { "u": 4902611782, "v": 7294321796, "key": 0, "osmid": "84977173", "highway": "trunk", "ref": "4", "oneway": true, "reversed": "False", "length": 2840.2261471263719, "bridge": null, "junction": null, "name": "ถนนเพชรเกษม", "lanes": null, "maxspeed": null, "tunnel": null }, "geometry": { "type": "LineString", "coordinates": [ [ 100.2737606, 7.1656889 ], [ 100.2734939, 7.1659489 ], [ 100.2715545, 7.1678402 ], [ 100.2697562, 7.1695806 ], [ 100.2685916, 7.1706296 ], [ 100.2651146, 7.1740068 ], [ 100.2647716, 7.1742983 ], [ 100.2645678, 7.1744919 ], [ 100.2636317, 7.1753552 ], [ 100.262047, 7.1768861 ], [ 100.2615483, 7.1772522 ], [ 100.2612402, 7.1773683 ], [ 100.2608197, 7.1774845 ], [ 100.2589722, 7.1776443 ], [ 100.2580155, 7.1777366 ], [ 100.2574109, 7.1778449 ], [ 100.2567889, 7.1781011 ], [ 100.256213, 7.1785653 ], [ 100.255841, 7.179119 ], [ 100.2555923, 7.1797595 ], [ 100.2553003, 7.1816042 ] ] } },
{ "type": "Feature", "properties": { "u": 4902636579, "v": 4902611782, "key": 0, "osmid": [ 1085342585, 1085342586, 84977173 ], "highway": "trunk", "ref": "4", "oneway": true, "reversed": "False", "length": 1286.6100877187575, "bridge": "yes", "junction": null, "name": "ถนนเพชรเกษม", "lanes": null, "maxspeed": null, "tunnel": null }, "geometry": { "type": "LineString", "coordinates": [ [ 100.2800796, 7.1563426 ], [ 100.2780166, 7.1581561 ], [ 100.2777079, 7.1584949 ], [ 100.2774212, 7.1588591 ], [ 100.2769596, 7.1596691 ], [ 100.2766486, 7.1605533 ], [ 100.2764539, 7.1612987 ], [ 100.2763403, 7.1617336 ], [ 100.2760411, 7.1628788 ], [ 100.2757431, 7.1635349 ], [ 100.2754758, 7.1639537 ], [ 100.2751535, 7.1643366 ], [ 100.2750397, 7.1644458 ], [ 100.2746941, 7.1647824 ], [ 100.2744848, 7.1649856 ], [ 100.2737606, 7.1656889 ] ] } },
{ "type": "Feature", "properties": { "u": 7294319676, "v": 7294319677, "key": 0, "osmid": "84977171", "highway": "trunk", "ref": "4", "oneway": true, "reversed": "False", "length": 1324.0196179813834, "bridge": null, "junction": null, "name": "ถนนเพชรเกษม", "lanes": null, "maxspeed": null, "tunnel": null }, "geometry": { "type": "LineString", "coordinates": [ [ 100.2336635, 7.1852745 ], [ 100.2364124, 7.1846721 ], [ 100.2372222, 7.1844762 ], [ 100.2373942, 7.1844346 ], [ 100.2378748, 7.1843388 ], [ 100.2383477, 7.1842933 ], [ 100.238692, 7.1842806 ], [ 100.2387976, 7.1842832 ], [ 100.2388232, 7.184284 ], [ 100.2390309, 7.1842893 ], [ 100.2394727, 7.1843488 ], [ 100.2399141, 7.1844362 ], [ 100.245354, 7.1858788 ] ] } },
{ "type": "Feature", "properties": { "u": 7294319677, "v": 7294321795, "key": 0, "osmid": "84977171", "highway": "trunk", "ref": "4", "oneway": true, "reversed": "False", "length": 1506.9517033985912, "bridge": null, "junction": null, "name": "ถนนเพชรเกษม", "lanes": null, "maxspeed": null, "tunnel": null }, "geometry": { "type": "LineString", "coordinates": [ [ 100.245354, 7.1858788 ], [ 100.246766, 7.186221 ], [ 100.2498747, 7.1869294 ], [ 100.2505766, 7.1869294 ], [ 100.2510496, 7.1868373 ], [ 100.2532621, 7.1862975 ], [ 100.2536723, 7.1861573 ], [ 100.2540708, 7.185949 ], [ 100.2543989, 7.1856777 ], [ 100.2546717, 7.1853058 ], [ 100.2548566, 7.1849175 ], [ 100.2550245, 7.1845194 ], [ 100.2550974, 7.1842316 ], [ 100.2554817, 7.1816681 ] ] } },
{ "type": "Feature", "properties": { "u": 7294321795, "v": 7301920898, "key": 0, "osmid": "84977171", "highway": "trunk", "ref": "4", "oneway": true, "reversed": "False", "length": 2833.0751781344788, "bridge": null, "junction": null, "name": "ถนนเพชรเกษม", "lanes": null, "maxspeed": null, "tunnel": null }, "geometry": { "type": "LineString", "coordinates": [ [ 100.2554817, 7.1816681 ], [ 100.2556745, 7.1803822 ], [ 100.2556798, 7.1803488 ], [ 100.2557646, 7.1798125 ], [ 100.2559477, 7.1791874 ], [ 100.2561689, 7.1788393 ], [ 100.2564665, 7.1785408 ], [ 100.2568403, 7.1782891 ], [ 100.2576262, 7.177941 ], [ 100.260081, 7.1777138 ], [ 100.2610954, 7.177585 ], [ 100.2617002, 7.1773392 ], [ 100.2622343, 7.1769578 ], [ 100.2624878, 7.1767282 ], [ 100.2660572, 7.1733874 ], [ 100.267062, 7.1724151 ], [ 100.2701742, 7.1693162 ], [ 100.273829, 7.1657604 ] ] } },
{ "type": "Feature", "properties": { "u": 7294321796, "v": 886021555, "key": 0, "osmid": "84977173", "highway": "trunk", "ref": "4", "oneway": true, "reversed": "False", "length": 1481.9561208719326, "bridge": null, "junction": null, "name": "ถนนเพชรเกษม", "lanes": null, "maxspeed": null, "tunnel": null }, "geometry": { "type": "LineString", "coordinates": [ [ 100.2553003, 7.1816042 ], [ 100.2548873, 7.1842126 ], [ 100.2546993, 7.1848684 ], [ 100.2545634, 7.1852041 ], [ 100.254494, 7.1853141 ], [ 100.254368, 7.1854946 ], [ 100.2541968, 7.1856676 ], [ 100.2540084, 7.1858234 ], [ 100.2537404, 7.1859801 ], [ 100.2535966, 7.1860325 ], [ 100.2534384, 7.1860796 ], [ 100.2530559, 7.1861946 ], [ 100.2521033, 7.1864175 ], [ 100.251236, 7.1866204 ], [ 100.2504995, 7.1867847 ], [ 100.2500345, 7.1867827 ], [ 100.2493295, 7.1866855 ], [ 100.2478148, 7.186276 ], [ 100.2454029, 7.1857134 ] ] } },
{ "type": "Feature", "properties": { "u": 7301920898, "v": 7301920918, "key": 0, "osmid": [ 1085342587, 84977171, 1085342588 ], "highway": "trunk", "ref": "4", "oneway": true, "reversed": "False", "length": 1285.2518196717888, "bridge": "yes", "junction": null, "name": "ถนนเพชรเกษม", "lanes": null, "maxspeed": null, "tunnel": null }, "geometry": { "type": "LineString", "coordinates": [ [ 100.273829, 7.1657604 ], [ 100.2751309, 7.1644937 ], [ 100.275456, 7.1641775 ], [ 100.2758681, 7.1635744 ], [ 100.2762038, 7.1628758 ], [ 100.276325, 7.16251 ], [ 100.2763716, 7.1623694 ], [ 100.2764814, 7.1619502 ], [ 100.2765336, 7.1617509 ], [ 100.2766475, 7.1613161 ], [ 100.2769514, 7.1601559 ], [ 100.2771192, 7.1596925 ], [ 100.2775368, 7.1589945 ], [ 100.2781326, 7.1582836 ], [ 100.2790787, 7.1574549 ], [ 100.2792722, 7.1572854 ], [ 100.2802076, 7.1564661 ] ] } },
{ "type": "Feature", "properties": { "u": 7301920918, "v": 2504009960, "key": 0, "osmid": "1085342587", "highway": "trunk", "ref": "4", "oneway": true, "reversed": "False", "length": 1511.2574002451668, "bridge": null, "junction": null, "name": "ถนนเพชรเกษม", "lanes": null, "maxspeed": null, "tunnel": null }, "geometry": { "type": "LineString", "coordinates": [ [ 100.2802076, 7.1564661 ], [ 100.2843556, 7.1527824 ], [ 100.2858681, 7.1515123 ], [ 100.2877666, 7.1497975 ], [ 100.2890911, 7.14861 ], [ 100.2894455, 7.1483074 ], [ 100.2897286, 7.1480657 ], [ 100.2904531, 7.147447 ] ] } }
]
}
